header,summary,content,url,datetime
합리적 투자 필수! 증권사 신용대출 3%대 전환으로 이자 절감,,"전송종목 : 사조동아원, 대덕, 남선알미늄, 서흥, 아남전자최근 주식 투자자들 사이에서 주식대출(미수/신용융자 등)의 고금리에 대한 부담이 커지고 있다.특히 저금리를 적용 받고 싶어도, 기존 대출을 상환하고 다시 주식을 매수해야 하는 번거로운 절차와 자금 조달의 어려움이 발목을 잡고 있다.이런 현실적인 문제를 해결하고자, 무빙스탁이 ‘증권사 신용, 대환자금대출’ 서비스를 전격 출시했다.이 상품은 주식을 매도하지 않고도, 기존의 고금리의 주식대출(미수/신용융자 등)의 3%대의 혁신적인 저금리 증권사로 전환할 수 있도록 상환자금을 제공하는 것이 핵심이다.무빙스탁 관계자는 “현재 증권사 이벤트 금리는 연 3%대 수준으로, 기존 9~10%대 고금리를 적용받는 투자자라면 절감 효과가 상당하다”며, 금리를 5%만 낮추면 “1억원 신용대출 기준으로 연간 약 500만원, 3억원이라면 1,500만원까지도 절약할 수 있다”고 밝혔다.더 놀라운 점은, 현재는 이벤트 기간으로 대환자금대출 신청시 발생하는 이자 비용까지 ‘0원’이라는 사실이다. 대환자금에 대해서 하루의 대출이자도 부담하지 않고 기존 고금리 대출을 저금리로 전환할 수 있어, 고금리 부담에 시달리던 투자자들에게 큰 호응을 얻을 전망이다.이 서비스는 부동산 시장에서 흔히 이용되던 대환대출 개념을 증권시장에 도입한 혁신적인 시도로, 주식 투자자들의 자금 운용에 새로운 대안을 제시할 것으로 기대된다.무빙스탁 ‘증권사 신용, 대환자금대출’의 비용 무료 이벤트는 이벤트 기간 동안 한정적으로 제공되는 만큼, 신용융자를 이용 중인 투자자라면 지금 바로 확인해볼 필요가 있다.★ 장마감 시간이 가까워질수록 문의가 많아 상담이 지연될 수 있습니다.★ 7월 문의하신 고객들이 많이 보유하신 종목으로는 삼성전자, POSCO홀딩스, 셀트리온, 포스코퓨처엠, 에코프로비엠, NAVER, 에코프로, 삼성SDI, LG화학, SK하이닉스, 두산에너빌리티, 카카오, SK이노베이션, LG에너지솔루션, 엘앤에프, 삼천당제약, 현대차, 알테오젠, HPSP, LG전자 등이 있습니다.★ 안내사항과도한 빚은 당신에게 큰 불행을 안겨줄 수 있습니다. 대출 시 신용등급 하락으로 다른 금융거래가 제약받을 수 있습니다. 중개수수료를 요구하거나 받는 것은 불법입니다.상호명: ㈜단비대부 2021-서울영등포-2102(대부업) | TEL: 1544-4886 | 대출금리: 연 20%이내(연체금리는 약정금리+3%p이내, 최대 연 20%이내) | 단, 2021. 7. 7.부터 신규체결, 갱신, 연장되는 계약에 한함 | 채무의 조기상환 조건 및 부대비용 없음. (단, 신용조회비용 및 담보권설정비용 있음), 이자 외 별도로 중개수수료를 요구하거나 수취하는 것은 불법입니다. | 대표이사: 박동원 | 사업자등록번호: 274-86-00231 | 등록기관명칭: 서울 영등포구청(담당부서: 일자리경제과, 02-2670-3420) | 소재지 : 서울 영등포구 여의대방로67길 11, 5층 517호 | 개인정보관리자메일: help@danbifund.co.kr무료상담",https://www.hankyung.com/article/202507108871a,2025.07.10 09:43
,,,https://magazine.hankyung.com/business/article/202507098412b,
전력 인프라 수요 폭증·사우디 수주 잭팟…비에이치아이 고공행진,,"비에이치아이는 최근 글로벌 전력 인프라 시장 호조와 수익성 개선 기대가 맞물리면서 강한 상승 흐름을 이어가고 있다. 우선 전 세계적으로 전력 수요가 급증하는 가운데, 복합화력발전용 HRSG(배열회수보일러)와 보일러 분야에서의 수주잔고가 대폭 늘어난 점이 주가 상승의 핵심 동력이다. 1분기 연결 기준 영업이익은 시장 예상치를 상당히 웃돌았으며, 연간 기준 사상 최대 실적 전망이 나오고 있다.특히 사우디, 중동 지역에서의 대형 HRSG 수주가 ‘잭팟’ 수준으로 이어지며 실적 기반이 한층 강화됐다. 이로 인해 최근 수주잔고는 2조 4천억 원에 육박하며, 안정적인 매출 성장의 원천이 되고 있다. 글로벌 리서치 기관들도 이 같은 호조를 반영해 비에이치아이에 대해 매수 의견을 유지하며, 목표주가를 상향 조정하는 흐름이 나타나고 있다.




 

수급 측면에서는 기관과 외국인의 매수세 유입이 눈에 띈다. 단순한 기술적 반등을 넘어 펀더멘털 강화 기대가 반영된 ‘실질 수요 기반의 주가 상승’이라는 분석이 투자 커뮤니티 중심으로 퍼지고 있다.다만 최근 신한투자증권은, 주가의 추가 상승을 위해서는 영업이익률 지속성 확인과 미국 시장으로의 수주 확대 여부가 중요한 관전 포인트라고 진단했다. 실제로 1분기 영업이익률은 크게 개선됐지만, 이를 하반기에도 유지할 수 있을지가 투자심리 향방을 가를 전망이다.종합하면, 비에이치아이는 전력 인프라 공급 확대, 대규모 중동 수주, 수익성 개선 기대, 투자의견 상향이라는 네 가지 축이 동시에 작용하며 최근 랠리를 이끌고 있다. 향후 실적 추이와 해외 사업 확대 성과가 이어진다면, 중장기적으로도 강세 흐름이 지속될 가능성이 높다는 정설이 시장에 형성되고 있다.하이스틸, 이수페타시스, 비에이치아이, LG에너지솔루션, NAVER무료상담",https://www.hankyung.com/article/202507248614a,2025.07.24 10:23
"한성숙, 네이버 주식 '모두 처분'…스톡옵션 6만주 행사·4만주 포기 [종합]","스톡옵션 행사물량·보유주식 전량 매각
매각 완료하면 네이버 보유 주식 없어
매각대금 170억원 안팎 전망
이해 충돌 가능성 차단 목적","한성숙 중소벤처기업부 장관 후보자가 지난달 26일 서울 영등포구 중소기업기술정보진흥원 수도권평가실에 마련된 인사청문회 준비 사무실로 출근하며 취재진 질문에 답하고 있다. 사진=연합뉴스

                네이버 대표 출신인 한성숙 중소벤처기업부 장관 후보자가 회사로부터 부여받은 주식매수선택권(스톡옵션) 10만주 중 6만주를 행사하기로 했다. 스톡옵션은 취임 시 처분할 예정이다. 한 장관 후보자는 2021년 부여받은 4만주에 대해선 행사를 포기한 것으로 알려졌다.4일 관가와 금융투자업계에 따르면 한 후보자는 보유 중인 네이버 스톡옵션 6만주를 행사하겠다는 신청서를 네이버에 제출했다. 한 후보자가 행사한 스톡옵션은 지난 2019년에 받은 2만주와 지난 2020년에 받은 4만주다. 행사가격을 기준으로 계산하면 모두 100억6000만원 규모로 오는 10일 주식으로 입고된다.앞서 한 후보자는 네이버에서 2019년, 2020년, 2021년 세 차례에 걸쳐 모두 254억4000만원 규모(행사가격 기준)의 10만주의 스톡옵션을 받았다. 스톡옵션은 미리 약정한 가격으로 일정한 기간 내에 매수할 수 있는 권리다. 지난 2019년에 받은 스톡옵션은 2만주로 1주당 13만1000원에, 지난 2020년 받은 4만주는 1주당 18만6000원에 각각 행사할 수 있다.한 후보자는 이번에 주식으로 행사한 스톡옵션 물량 6만주를 장관으로 임명되면 전량 매각한다는 방침을 세웠다. 6만주 물량의 가치는 전날 종가에 판다면 모두 151억8000만원 상당이다.행사가격과 제세공과금 약 12억원을 제외하면 한 후보자는 네이버 스톡옵션을 처분해 39억원 상당의 시세차익을 거둘 전망이다. 시세차익은 실제 처분 시점의 네이버 주가에 따라 더 많아지거나 적어질 수 있으나 최근 주가를 고려하면 40억원 안팎으로 예상된다.한 후보자는 스톡옵션 6만주 외에 현재 보유 중인 네이버 주식 8934주도 역시 장관으로 취임하면 전량 매각할 계획이다. 이에 따라 한 후보자는 장관으로 임명되면 스톡옵션 행사 물량 6만주와 기존 보유 주식 8934주 등 모두 6만8934주를 매각하게 된다. 이는 전날 종가 기준으로 174억원 규모다.반면 한 후보자는 2021년 부여받은 네이버 스톡옵션 4만주에 대해선 행사를 포기하기로 결정했다. 해당 물량은 2024년 3월 24일부터 오는 2029년 3월 23일까지 행사할 수 있는 물량이다. 하지만 주당 행사 가격이 38만4500원으로 전날 네이버 종가 25만3000원보다 비싸다. 스톡옵션 4만주는 행사 가격 기준으로 하면 153억8000만원에 이르지만 실제 주가가 행사 가격에 한참 못 미쳐 오히려 손실을 보게 된다.앞서 한 후보자가 신고 재산 외에 갖고 있다고 알려진 양도제한조건부주식(RSU) 2286주는 행사 기간인 지난 3월까지 행사되지 않아 사실상 사라졌다. 한 후보자는 취임 후 6만8000여주를 처분하면 네이버 주식을 한 주도 보유하지 않게 된다.한 후보자는 중기부 장관으로 공무수행을 하게 되면 발생할 수 있는 이해 충돌 가능성을 방지하기 위해 스톡옵션을 처분하는 것으로 풀이된다. 현행 공직자윤리법은 고위공직자 본인과 이해관계자가 보유한 주식의 총가액이 3000만원을 초과하면 2개월 이내에 주식 매각 또는 백지신탁을 하도록 규정하고 있다. 스톡옵션 자체는 행사 전까지는 미 실현 권리여서 공직자윤리법상 처분 대상이 아니다. 공직자윤리법 외 공직자의 스톡옵션 보유를 제한한 법령은 없다.다만 중기부는 소상공인과 중소기업은 물론 창업·벤처기업 등을 관할하는 부처로 한 후보자가 각종 지원사업을 추진하는 과정에서 네이버와의 이해충돌 논란이 불거질 수 있다. 한 후보자는 2007년부터 네이버 전신인 NHN으로 옮겨 검색품질센터 이사, 네이버 서비스1본부장, 네이버 서비스총괄 이사 등을 지냈다. 2017년부터 2022년까지 5년간 네이버 최고경영자(CEO)를 지냈고 이재명 정부 초대 중기부 장관 후보자로 지명됐다.박수빈 한경닷컴 기자 waterbean@hankyung.com",https://www.hankyung.com/article/202507048339g,2025.07.04 11:45
"AI 기대 선반영 여파…NAVER, 조정 국면 진입",,"NAVER는 최근 AI 중심 성장 기대에 힘입어 단기간 랠리를 펼친 후 조정 국면에 진입했다. 이전에 최고점을 경신하며 시장의 주목을 받았던 상승 흐름은 기대 선반영 부담으로 인해 다소 진정됐다.AI 관련 정책 호재는 여전하다. 최근 정부의 AI 지원 기조가 NAVER의 AI 플랫폼 확대 전략에 긍정적인 영향을 주었다는 분석이 우세하지만, 이러한 기대는 이미 상당 부분 주가에 반영된 상태로 평가된다. 이 때문에 실제 사업 실적과의 괴리가 줄어들 조정 국면이 이어질 여지가 제기된다.시장에서는 투자자 심리 안정 여부를 주목 포인트로 지목한다. 매도 압력이 일시적으로 유입되었지만, AI 관련 매출 회복과 실질적 기술 도입 흐름이 이어질 경우 향후 반등 여지도 상존한다는 시각이 나온다.증권사들은 NAVER의 중장기 AI 사업 성장세에는 여전히 낙관적 시각을 유지하고 있다. 단기 조정 이후 AI·검색·커머스·핀테크 부문의 실적 경쟁력 회복 여부가 평가 기준이 될 것으로 분석하고 있다.결국 NAVER의 최근 조정 흐름은 ▶AI 기대 선반영 부담 ▶사업 실적과의 괴리 축소 시도라는 복합 요인에 의해 형성됐다. 투자자들은 향후 내부자 매도 추이, AI 플랫폼의 실사용 성과, 여러 사업 부문의 실적 회복 여부에 따라 전략적으로 대응할 필요가 있다.케이사인, 달바글로벌, HD현대중공업, 리노공업, HD한국조선해양무료상담",https://www.hankyung.com/article/202507173894a,2025.07.17 13:03
자기자본 포함 4배 투자금을 DSR 무관으로 신청 당일 즉시?,,"투자자들 사이에서 ‘스탁론’에 대한 관심이 높아지고 있다. 스탁론은 자기자본 포함 최대 4배까지 활용 가능하며 증권사 신용/미수 대환 용도로도 활용 가능해 대표적인 레버리지 수단으로 자리잡은 상태다.그러나 DSR 한도가 스탁론에도 적용된 후 다른 대출, 소득 증빙 문제로 예전처럼 이용하기 어려워졌다. 이와 함께 높아진 금리도 스탁론 이용을 망설이게 만든 원인으로 꼽힌다.그러나 해결책은 있다. 21년 연속 스탁론 업계 1위를 지키고 있는 하이스탁론이 DSR 무관하게 이용할 수 있는 상품은 물론 연 4%대 최저금리로 이용 가능한 상품까지 취급하며 선택의 폭을 넓힌 것이다.




 

◆ 하이스탁론, 연 4%대 업계 최저금리로 추가 투자금은 물론 신용미수 대환까지!<하이스탁론>에서 누구나 부담 없이 스탁론을 경험할 수 있도록 연 4%대 최저금리 상품을 출시했다. 주식매입 용도는 물론 증권사 미수/신용 대환도 가능하며 신용등급 차등 없이 자기자본 포함 최대 4배까지 활용할 수 있다.이와 함께 DSR 한도 때문에 기존 스탁론 이용이 어려웠던 투자자들은 위한 DSR 무관 상품도 취급 중이다. 또한 장중 거래가 어려웠던 투자자를 위한 대체거래소(NXT) 거래도 가능해졌다.<하이스탁론>의 새로운 상품에 대해 자세히 알고 싶은 투자자는 고객상담센터(1599-0313)로 연락하면 대출 여부와 상관없이 24시간 언제든 전문상담원과 편리한 상담이 가능하다.○ 연 4%대 업계 최저금리 상품 출시○ 대체거래소(NXT) 거래 가능!○ 21년 연속 시장 점유율 1위, 16년 연속 대한민국퍼스트브랜드 대상○ 증권사 신용/미수 실시간 상환, 한종목 100% 집중 투자○ 믿을 수 있는 상담품질보증제※하이스탁론상담센터 : 1599-0313바로가기:https://www.hisl.co.kr/0313◆ 현 시각 관심종목 Top 10 : 삼성전자, NAVER, 한국전력, LG씨엔에스, 한국가스공사, 한화시스템, 에르코스, 더즌, 파세코, JB금융지주무료상담",https://www.hankyung.com/article/202507071641a,2025.07.08 09:30
"네이버, 차세대 격전 준비…""XR 콘텐츠 생태계 구축""","미디어 플랫폼 테크 포럼

웹, 모바일 변화 살아남은 저력
5년 전부터 차세대 플랫폼 대비
스트리밍 실험 통해 경험 쌓아

신형 XR 내놓는 삼성과 협업
""홀로그램 등 신기술도 개발 중""","네이버의 가상 콘텐츠 제작 스튜디오 비전·모션스테이지에서 광학식 슈트를 착용한 직원이 3차원(3D) 애니메이션 구현을 시연하고 있다. 스튜디오에 설치된 적외선 카메라와 슈트에 장착된 전자 센서가 손가락 움직임과 얼굴 표정까지 정밀하게 포착해 캐릭터를 실시간으로 만들어낸다. ﻿ /네이버 제공

                네이버가 확장현실(XR) 콘텐츠 시장에 본격 참전한다. 삼성전자가 연내 선보일 첫 XR 기기 ‘프로젝트 무한’에 담을 콘텐츠를 생산하는 것이 우선 목표다. 웹(컴퓨터)에서 모바일(스마트폰)로의 전환 과정에서 성공적으로 살아남은 네이버가 차세대 하드웨어 시장에서도 소프트웨어와 콘텐츠를 중심으로 생존력을 증명하려는 시도로 풀이된다.네이버는 경기 성남시 네이버 사옥에서 지난 16일 ‘이머시브 미디어 플랫폼 테크 포럼’을 열었다. 언론을 대상으로 XR 플랫폼 전략과 차세대 미디어 기술을 공개하기 위한 자리다. 17일 네이버 관계자는 “생성형 인공지능(AI)과 실시간 3차원(3D) 렌더링 기술을 기반으로 가상현실(VR), 증강현실(AR), 혼합현실(MR)을 아우르는 XR 콘텐츠 생태계를 구축하는 것이 최종 목표”라고 설명했다.





                스마트글라스와 VR 헤드셋으로 대표되는 XR 기기는 스마트폰을 잇는 새로운 하드웨어 플랫폼으로 부상하고 있다. 메타는 2019년 첫 VR 헤드셋 ‘퀘스트’를 출시했다. 당시 마크 저커버그 메타 최고경영자(CEO)는 VR 헤드셋을 ‘차세대 컴퓨팅 플랫폼’이라고 선언했다. 지난해 10월에는 AI 기능을 적용한 ‘퀘스트3S’를 선보였다.구글은 삼성전자, 젠틀몬스터와 협업해 안드로이드 기반 XR 기기를 내놓을 예정이다. 삼성은 구글, 퀄컴과 협업한 또 다른 XR 제품도 준비 중이다. 노태문 삼성전자 사장은 9일 뉴욕에서 열린 기자간담회에서 “연내 XR 헤드셋 출시를 목표로 완성도를 높이고 있다”고 밝혔다.네이버는 삼성의 신제품 출시에 발맞춰 XR 기반의 콘텐츠 플랫폼을 구축할 계획이다. 오한기 네이버 리얼타임 엔진 스튜디오 리더는 “네이버 스트리밍 플랫폼 ‘치지직’을 중심으로 다양한 콘텐츠를 제공할 것”이라며 “네이버가 보유한 고품질 콘텐츠가 원활히 구현될 수 있도록 현재 여러 글로벌 기업과 협업 방안을 논의하고 있다”고 말했다. XR 콘텐츠 시장엔 메타, 구글 등 하드웨어 제조사뿐만 아니라 유니티 같은 게임 엔진 개발사도 앞다퉈 뛰어들고 있다. 시장조사업체 포천비즈니스인사이트는 글로벌 XR 시장 규모가 2024년 1840억달러에서 2032년 1조6250억달러로 커질 것으로 전망했다.네이버는 영상 소비와 제작의 패러다임이 빠르게 바뀌고 있다는 판단 아래 새로운 방식의 콘텐츠 제작을 준비해왔다. 2020년부터 몰입형 미디어 기술 개발에 착수해 2022년 ‘이머시브 미디어 랩’을 설립했다. 지난 3월엔 XR 콘텐츠 제작 전용 스튜디오 ‘비전·모션 스테이지’를 선보였다. 이 같은 인프라 구축을 바탕으로 치지직의 다양한 창작자와 협업해 XR 콘텐츠 생태계를 만들어가고 있다.네이버 관계자는 “몰입형 오디오 등을 결합해 홀로그램처럼 실감 나는 콘텐츠 경험을 구현할 수 있도록 기술을 개발 중”이라고 말했다. 오 리더는 “실제 인물에서 가상 캐릭터로, 일방향 콘텐츠에서 상호 몰입형 콘텐츠로, 평면 영상에서 XR로 미디어 경험이 빠르게 진화하고 있다”고 덧붙였다.최영총 기자 youngchoi@hankyung.com",https://www.hankyung.com/article/2025071753581,2025.07.17 17:19
"코스피, 대내외 훈풍에 3100선 안착 시도…외인·기관 '사자'","李, 탈플라스틱 로드맵 연내 마련 소식에
삼륭물산·에코플라스틱 등 관련株 '급등'","사진=연합뉴스

                코스피지수가 3일 외국인과 기관투자자의 쌍끌이 매수에 힘입어 강세 흐름을 이어가고 있다. 미국과 베트남 간 무역 합의에 더해 상법 개정안 처리 기대가 긍정적 투자심리를 형성한 것으로 풀이된다.이날 오전 10시59분 현재 코스피지수는 전 거래일보다 22.84포인트(0.74%) 오른 3097.9를 나타내고 있다. 장중 1.17%까지 상승폭을 확대해 3100선을 회복하기도 했다.간밤 미국 증시에서도 S&P500지수가 0.47% 올라 사상 최고가를 경신했고 나스닥종합지수도 0.94% 상승하는 등 긍정적 흐름이 관찰됐다. 미국이 베트남과 무역 협상을 타결하자 관세 불확실성이 일부 줄어든 데 따른 영향으로 풀이된다.유가증권시장에서 외국인과 기관이 각각 2694억원과 1563억원어치를 사들이며 지수 상승을 이끌고 있다. 반면 개인만 4566억원어치를 팔아치우고 있다.코스피 시가총액 상위 종목 중 삼성전자, LG에너지솔루션, 삼성바이오로직스, KB금융, 두산에너빌리티, 네이버, 한화에어로스페이스 등이 오르는 반면 SK하이닉스, 기아, 셀트리온, HD현대중공업 등이 내리고 있다.같은 시각 코스닥지수는 전 거래일보다 8.27포인트(1.06%) 오른 790.44를 나타내고 있다. 코스닥시장에서도 외국인과 기관이 각각 452억원과 117억원어치를 사들이는 반면 개인이 530억원어치를 팔아치우고 있다.코스닥 시총 상위 종목 중 에코프로비엠, 에코프로, 파마리서치, 리가켐바이오, 휴젤, 펩트론, 클래시스, 리노공업 등이 오르는 반면 알테오젠, HLB 등은 내리고 있다.이재명 대통령이 이날 탈플라스틱 로드맵을 올해 안에 마련하겠다고 밝히자 상한가를 달성한 삼륭물산을 비롯해 에코플라스틱(18.93%) 세림B&G(12.47%) 한국팩키지(11.25%) 등 관련주가 급등세다. 고정삼 한경닷컴 기자 jsk@hankyung.com",https://www.hankyung.com/article/2025070357706,2025.07.03 11:14
'이럴 수가' 네이버 4000억 팔아 치운 외국인…개미들 '멘붕' [종목+],"外人 매도 폭탄에 휘청이는 네이버
외국인, 이달 4000억 순매도","사진=게티이미지뱅크 

                정부의 인공지능(AI) 정책 기대로 급등하던 네이버 주가가 외국인 투자자의 매도세에 휘청이고 있다.





                18일 유가증권시장에서 네이버는 0.62% 내린 24만2000원에 거래를 마쳤다. 지난달 말 고점 대비 16.3% 하락했다. 원화 기반 스테이블코인 도입과 AI 정책 수혜 기대에 급등했다가 차익실현 매물이 쏟아지자 내리막길을 걷고 있다.외국인의 대규모 매도세가 주가를 끌어내렸다. 한국거래소에 따르면 외국인이 이달 들어 전날까지 가장 많이 순매도한 종목은 네이버다. 이 기간에만 3989억원어치를 순매도했다.최근 외국계 투자은행을 중심으로 부정적인 전망이 나온 게 매도세를 부추겼다는 분석이 많다. 글로벌 투자은행 골드만삭스는 지난 16일 네이버의 투자 의견을 ‘매수’에서 ‘중립’으로 조정했다. 목표주가는 33만원에서 28만원으로 내렸다. 카카오톡이 생성형 인공지능(AI) 서비스를 도입하면 네이버의 핵심 수익원인 검색 부문의 경쟁력이 약해질 것이라는 이유에서다. 그러면서 카카오의 투자 의견은 ‘매수’로 제시했다.정부의 AI 정책이 구체화하면 직접적인 수혜를 누릴 수 있는 만큼 주가 상승 여력이 크다는 전망도 있다. 최승호 DS투자증권 연구원은 “이재명 정부는 소버린(주권) AI에 대한 투자를 강조하고 있다”며 “네이버도 소버린 AI를 강조해 정부의 전략과 방향이 일치하는 데다 AI 측면에서도 경쟁사 대비 풍부한 데이터를 갖고 있다”고 했다.맹진규 기자 maeng@hankyung.com",https://www.hankyung.com/article/2025071877971,2025.07.18 17:25
"송도 총격 사건 여파?…김남길 주연 '트리거' 측 ""라이브 취소"" [공식]",,"/사진=넷플릭스 

                넷플릭스 오리지널 시리즈 트리거 측이 예정됐던 팬 이벤트 생중계를 돌연 취소했다.  넷플릭스 측은 21일 한경닷컴에 ""오는 22일 진행될 예정이었던 생중계 라이브는 취소한다""며 ""다만 사전 신청된 팬들과의 오프라인 이벤트는 예정대로 진행된다""고 밝혔다.'트리거'는 총기 청정국 대한민국에서 출처를 알 수 없는 불법 총기가 배달되고 총기 사건이 끊임없이 발생하는 가운데 각자의 이유로 총을 든 두 남자의 이야기를 그린 총기 재난 액션 스릴러 시리즈다. 배우 김남길과 김영광이 주연을 맡았다.당초 '트리거' 측은 오는 22일 오후 7시 30분 김남길과 김영광이 참석하는 '트리거' Talk&Shot 팬 이벤트를 네이버 치지직을 통해 생중계할 예정이었다. 하지만 네이버 엔터는 21일 ""본 라이브는 주최사 측의 요청으로 생중계가 취소됐다""며 ""기다려주신 모든 분들께 양해 부탁드리며 너른 이해에 감사드린다""고 전했다.
                    



/사진=넷플릭스 

                넷플릭스 측은 생중계 취소와 관련해 구체적인 사유를 공식적으로 밝히지 않았으나, 일각에서는 '트리거'가 총기 재난 액션을 표방하고 있는 만큼, 최근 발생한 송도 총격 사건과의 시기적 연관성과 국민 정서를 고려한 결정이라는 해석이 나오고 있다.한편 전날 밤 9시 30분경 인천 연수구 송도동의 한 아파트 33층 자택에서 60대 남성 A씨가 사제 총기를 사용해 자신의 아들 B씨를 살해하는 사건이 발생했다. 범행 직후 도주한 A씨는 서울 도봉구에서 체포돼 인천으로 압송됐다.수사 결과 A씨의 자택에서는 점화장치와 연결된 폭발물 15개가 발견됐고, 그의 차량에서는 사제총기 외에도 추가 총기 부품과 실탄이 다량 발견되면서 사회적 충격을 안겼다. 경찰은 ""가족 간 불화가 범행 동기였으며, A씨가 파이프를 절단해 총기를 제작한 것으로 보인다""고 밝혔다.김예랑 한경닷컴 기자 yesrang@hankyung.com",https://www.hankyung.com/article/2025072127187,2025.07.21 18:12
"마더케이, 온 가족 위한 '케이맘 랄라포포 건조기시트' 출시",,"마더케이 케이맘 랄라포포 건조기시트 

                출산·육아용품 전문 브랜드 마더케이가 아이부터 어른까지 온 가족이 함께 사용할 수 있는 ‘케이맘 랄라포포 건조기시트’를 출시했다고 18일 밝혔다.세탁량이 많아지는 여름철, 빨래 냄새나 정전기, 섬유 손상 등으로 고민하는 육아맘들이 늘고 있는 가운데, 마더케이는 성분 고민 없이 안심하고 사용할 수 있고, 향은 오래 지속되는 비건 건조기시트를 새롭게 선보였다.‘케이맘 랄라포포 건조기시트’는 세계아토피협회와 비건 인증을 획득한 제품으로, 민감한 아기 피부는 물론 어른 의류까지 온 가족이 함께 사용할 수 있다. 은은한 목련향이 최대 7일간 지속되며, 수분 증발이 없는 고농축 건식 시트 타입으로 제작돼 보관과 사용이 간편하다. 정전기 방지와 섬유 보호 기능도 갖춰 여름철 세탁물의 쾌적함과 부드러움을 유지할 수 있으며, 60매 대용량 파우치 구성으로 경제성까지 더했다.마더케이 관계자는 “건조기 사용이 보편화되면서 성분, 향, 기능을 꼼꼼히 따지는 소비자가 늘고 있다”며, “랄라포포 세제 라인에 이어 이번 건조기시트까지, 가족 모두가 고민 없이 사용할 수 있는 홈 케어 제품을 지속적으로 선보일 계획”이라고 전했다.‘케이맘 랄라포포 건조기시트’는 마더케이 공식몰, 네이버 스마트스토어, 쿠팡 등 주요 온라인 채널에서 만나볼 수 있다.한경닷컴 뉴스룸 open@hankyung.com",https://www.hankyung.com/article/202507187678O,2025.07.18 16:48
이자 폭탄 막자! 증권사 신용대출 3%대 전환으로 절약하는 법,,"전송종목 : 신세계, 농심, 세방전지, 롯데지주, 코스모신소재최근 주식 투자자들 사이에서 주식대출(미수/신용융자 등)의 고금리에 대한 부담이 커지고 있다.특히 저금리를 적용 받고 싶어도, 기존 대출을 상환하고 다시 주식을 매수해야 하는 번거로운 절차와 자금 조달의 어려움이 발목을 잡고 있다.이런 현실적인 문제를 해결하고자, 무빙스탁이 ‘증권사 신용, 대환자금대출’ 서비스를 전격 출시했다.이 상품은 주식을 매도하지 않고도, 기존의 고금리의 주식대출(미수/신용융자 등)의 3%대의 혁신적인 저금리 증권사로 전환할 수 있도록 상환자금을 제공하는 것이 핵심이다.무빙스탁 관계자는 “현재 증권사 이벤트 금리는 연 3%대 수준으로, 기존 9~10%대 고금리를 적용받는 투자자라면 절감 효과가 상당하다”며, 금리를 5%만 낮추면 “1억원 신용대출 기준으로 연간 약 500만원, 3억원이라면 1,500만원까지도 절약할 수 있다”고 밝혔다.더 놀라운 점은, 현재는 이벤트 기간으로 대환자금대출 신청시 발생하는 이자 비용까지 ‘0원’이라는 사실이다. 대환자금에 대해서 하루의 대출이자도 부담하지 않고 기존 고금리 대출을 저금리로 전환할 수 있어, 고금리 부담에 시달리던 투자자들에게 큰 호응을 얻을 전망이다.이 서비스는 부동산 시장에서 흔히 이용되던 대환대출 개념을 증권시장에 도입한 혁신적인 시도로, 주식 투자자들의 자금 운용에 새로운 대안을 제시할 것으로 기대된다.무빙스탁 ‘증권사 신용, 대환자금대출’의 비용 무료 이벤트는 이벤트 기간 동안 한정적으로 제공되는 만큼, 신용융자를 이용 중인 투자자라면 지금 바로 확인해볼 필요가 있다.★ 장마감 시간이 가까워질수록 문의가 많아 상담이 지연될 수 있습니다.★ 7월 문의하신 고객들이 많이 보유하신 종목으로는 삼성전자, POSCO홀딩스, 셀트리온, 포스코퓨처엠, 에코프로비엠, NAVER, 에코프로, 삼성SDI, LG화학, SK하이닉스, 두산에너빌리티, 카카오, SK이노베이션, LG에너지솔루션, 엘앤에프, 삼천당제약, 현대차, 알테오젠, HPSP, LG전자 등이 있습니다.★ 안내사항과도한 빚은 당신에게 큰 불행을 안겨줄 수 있습니다. 대출 시 신용등급 하락으로 다른 금융거래가 제약받을 수 있습니다. 중개수수료를 요구하거나 받는 것은 불법입니다.상호명: ㈜단비대부 2021-서울영등포-2102(대부업) | TEL: 1544-4886 | 대출금리: 연 20%이내(연체금리는 약정금리+3%p이내, 최대 연 20%이내) | 단, 2021. 7. 7.부터 신규체결, 갱신, 연장되는 계약에 한함 | 채무의 조기상환 조건 및 부대비용 없음. (단, 신용조회비용 및 담보권설정비용 있음), 이자 외 별도로 중개수수료를 요구하거나 수취하는 것은 불법입니다. | 대표이사: 박동원 | 사업자등록번호: 274-86-00231 | 등록기관명칭: 서울 영등포구청(담당부서: 일자리경제과, 02-2670-3420) | 소재지 : 서울 영등포구 여의대방로67길 11, 5층 517호 | 개인정보관리자메일: help@danbifund.co.kr무료상담",https://www.hankyung.com/article/202507186000a,2025.07.18 11:38
'소비쿠폰' 신청 오늘부터 시작…출생연도 끝자리 '1·6' 모여라,,"20일 서울 종로구의 한 가게에  '민생회복 소비쿠폰 사용 가능 매장'을 알리는 안내문이 게시돼 있다./사진=뉴스1

                전 국민에게 1인당 15만~45만원을 지급하는 '민생회복 소비쿠폰' 1차 신청이 21일부터 본격 시작된다. 출생연도별 순차 신청이 가능한데, 첫날 대상자는 출생연도 끝자리가 1·6인 국민이다.행정안전부는 이날 오전 9시부터 오는 9월 12일 오후 6시까지 약 8주간 온오프라인을 통해 민생회복 소비쿠폰 1차 신청을 받는다. 지원 금액은 국민 1인당 기본 15만원이며 차상위계층과 한부모가족은 1인당 30만원, 기초생활수급자는 1인당 40만원이다. 이와 별개로 서울·인천·경기를 제외한 비수도권 지역 주민에게는 3만원이, 농어촌 인구감소지역 주민에게는 5만원이 추가로 지급된다.이를 통해 최대 45만원을 받을 수 있다.소비쿠폰은 신청 다음 날 바로 지급되며, 사용 기한은 11월 30일까지다. 행안부 관계자는 ""민생회복 소비쿠폰은 신청이 원칙""이라며 ""9월 12일이 지나면 신청할 수 없기 때문에 지급 대상자는 반드시 기간 내에 신청해야 소비쿠폰을 지급받을 수 있다""고 안내했다.다만 온·오프라인 모두 신청 첫 주인 21일부터 25일까지는 시스템 과부하와 주민센터 혼잡 방지 등을 위해 출생연도 끝자리를 기준으로 요일제가 적용된다. 월요일은 출생연도 끝자리 1·6, 화요일 2·7, 수요일 3·8, 목요일 4·9, 금요일 5·0이다. 예컨대 1971년생은 월요일, 1987년생은 화요일, 1993년생은 수요일, 2009년생은 목요일 등이다. 오프라인의 경우 지역 여건에 따라 요일제가 연장될 수 있다.9월 출생 예정인 신생아도 1차 신청 기간인 9월 12일까지 출생 신고를 마치면 지급 대상이 된다. 의무복무 중인 군인은 군인카드인 '나라사랑카드'로 받는 경우에 한해 군마트(PX) 사용이 허용된다.지급 방식은 신용·체크카드, 선불카드, 지역사랑상품권 중 원하는 방식을 선택할 수 있다. 신용·체크카드로 지급받길 원하는 국민은 자신이 이용 중인 카드사 홈페이지나 앱, 콜센터 등을 통해 온라인으로 신청할 수 있다. 앱은 카드사 외에도 네이버페이, 카카오뱅크 등을 통해서도 가능하다.모바일 또는 카드형 지역사랑상품권 지급을 원하는 국민은 주소지 관할 지자체의 지역사랑상품권 앱 또는 홈페이지에서 온라인으로 신청할 수 있다. 아울러 종이형 지역사랑상품권 또는 선불카드 수령을 원하는 국민은 주소지 관할 읍면동 주민센터를 방문하면 신청과 함께 수령이 가능하다.소비쿠폰은 주소지 관할 지자체에서만 사용할 수 있다. 특별시 또는 광역시 주민은 해당 특별시·광역시, 도 지역 주민은 주소지에 해당하는 시·군에서 사용할 수 있다.지역사랑상품권으로 지급받은 국민은 기존에 구매한 상품권과 동일하게 주소지 관할 지자체에 소재한 가맹점에서 소비쿠폰 사용이 가능하다. 대형마트, 기업형 슈퍼마켓, 백화점·면세점, 온라인 쇼핑몰·배달앱, 유흥·사행업종, 환금성 업종 등에서는 사용이 제한된다. 다만 관내 마트 등 유사 업종이 없는 면(面) 지역에만 하나로마트 125곳을 포함했다.또한 대형마트와 백화점에 입점한 임대매장 중 소상공인이 독립적으로 운영하는 미용실이나 꽃집 등에서는 사용할 수 있다. 다이소는 전체 1500여개 매장 중 30%가 가맹점으로, 해당 매장에 스티커를 부착해 사용 여부를 안내할 예정이다.키오스크와 테이블 주문 시스템의 경우 결제대행사가 별도로 운영하는 경우가 많아 민생회복 소비쿠폰 이용이 제한될 수 있다. 이런 경우 매장 내 카드 단말기를 통한 결제를 이용하면 된다.배달앱은 실제 판매업체의 매출액과 지역 확인이 불가해 원칙적으로 사용할 수 없지만, 배달 기사를 만나 가맹점 자체 단말기로 대면 결제할 경우 소비쿠폰 사용이 가능하다.지급 금액 등에 이의가 있는 국민은 국민신문고 홈페이지나 읍·면·동 행정복지센터를 통해 이의신청을 할 수 있다. 이의신청도 첫 주에는 요일제가 적용된다.한편, 소득 하위 90%를 대상으로 10만원을 추가 지급하는 2차 신청은 오는 9월 22일부터 시작될 예정이다.기한 내 사용하지 않은 잔액은 자동 소멸된다．김소연 한경닷컴 기자 sue123@hankyung.com",https://www.hankyung.com/article/2025072105537,2025.07.21 07:49
'정가보다 2100% 비싸도 산다'…그야말로 '난리'난 中 제품,"크림, 2025년 상반기 트렌드 리포트
'한정판 키링' 거래량 급증","사진=크림

                올해 상반기 리셀 플랫폼에서 가장 인기를 끈 상품은 '한정판 키링'이라는 조사 결과가 나왔다.18일 한정판 거래 플랫폼 크림은 이러한 내용을 담은 '2025 상반기 트렌드 리포트'를 발간했다. '한정판 키링'은 특히 셀럽들의 사회관계망서비스(SNS)를 통해 화제를 모으거나, 인기 IP 기반으로 제작된 제품이 주목받았다는 설명이다.한정판 키링 열풍의 중심에는 중국 피규어 브랜드 '팝마트'가 있다. 대표 시리즈인 '라부부'의 거래량 급증하면서다. 올해 상반기 팝마트의 거래액은 전년 동기 대비 남성은 15만1570%, 여성은 13만4356% 증가했다. '라부부' 인기 모델은 정가 대비 2100% 높은 프리미엄 가격으로 거래되기도 했다.또한 프라그먼트 x 포켓몬 키링도 출시 당일 거래량이 4500% 늘어나며 주목받았다. 해당 제품은 유명 일본 패션 브랜드인 '프라그먼트'가 해석한 한정판 포켓몬 키링으로 약 139% 높은 프리미엄 가격이 형성되기도 했다.이외에도 예상치 못한 조합으로 스토리텔링과 신선함 갖춘 상품이 인기를 끌었다. 브랜드 간 결합에서 스토리텔링 중심으로 진화하고 있다. 예상하지 못한 조합으로 스토리와 신선함을 동시에 갖추는 것이 흥행 공식으로 떠올랐다는 설명이다.전설적인 디자이너 제프 해밀턴의 이름을 더해 화제를 모은 슈프림X스폰지밥 레이싱 재킷, 테크 웨어에 로맨틱한 플라워 패턴을 접목해 두 브랜드의 장인 정신을 강조한 노스페이스X세실리 반센 컬렉션처럼 각 브랜드의 정체성을 새로운 방식으로 풀어낸 컬래버레이션 제품이 인기를 끌었다.야구 굿즈 시장에서도 통했다. 삼성 팬이었던 산산기어 대표가 직접 기획에 참여한 삼성 라이온즈X산산기어 'Born in Blue' 굿즈, LG트윈스와 네이버웹툰 '마루는 강쥐'의 컬래버레이션 굿즈, 팬의 창작 이미지에서 출발해 실제 발매까지 이어진 '한화 이글스 X 꿈돌이' 유니폼까지 브랜드와 팬이 함께 만들어가는 굿즈들이 연이어 출시됐다. 크림 내 야구 굿즈 거래액은 전년 동기 대비 1053% 증가했다.크림 관계자는 ""올 상반기 주요 패션 트렌드는 일명 '라컬베'로 라부부, 베이프와 같은 새로운 아이템이 부상하는 한편 컬래버레이션 상품의 인기가 지속되는 점을 확인할 수 있었다""고 말했다.신용현 한경닷컴 기자 yonghyun@hankyung.com",https://www.hankyung.com/article/202507186108g,2025.07.18 08:35
"코스피, 트럼프 고율 관세 경계감…3180선 강보합 등락",시진핑 방한 기대감에 화장품株 '급등',"사진=연합뉴스

                코스피지수가 트럼프 행정부의 고율 관세 경계감에 보합권에서 등락하고 있다.14일 오전 9시15분 현재 코스피지수는 전 거래일  대비 7.15포인트(0.23%) 오른 3182.92를 기록 중이다. 지수는 이날 0.01% 하락 출발한 뒤 강보합권에서 오르락 내리락 하고 있다.이는 지난 주말 도널드 트럼프 미국 대통령이 고율 관세를 본격화하는 발언 등을 내놓은 영향으로 풀이된다.트럼프 대통령은 지난 11일(현지시간) 자신의 SNS 계정에 캐나다에 보내는 관세 서한을 공개하면서 관세율을 35%로 책정했다고 밝혔다. 유럽연합(EU)에 보내는 관세 서한도 곧 공개될 예정이다.이에 앞서 트럼프 대통령은 미국 NBC 방송과의 전화 인터뷰에서 ""나머지 모든 국가에 15%든 20%든 관세를 부과할 것이고 우리는 지금 그 비율을정하고 있다""며 전방위적인 '관세 살포'를 예고했다.장 초반 유가증권시장에서 외국인과 기관이 각각 2억원과 870억원 순매도하고 있다. 개인은 794억원 매수우위다.시총 상위주들은 등락이 엇갈리고 있다. 삼성전자(-0.8%), 삼성바이오로직스(-0.47%), LG에너지솔루션(-0.7%), 네이버(-0.79%), 기아(-0.79%), 셀트리온(-0.28%) 등이 떨어지고 있는 반면 SK하이닉스(1.36%), KB금융(1.02%), 현대차(0.48%) 등은 오름세다.시진핑 중국 국가주석이 올 가을 경주에서 열리는 아시아태평양경제협력체(APEC) 정상회의에 참석할 것이라는 기대감이 나오면서 한국화장품(25.99%), 토니모리(9.57%), 한국화장품제조(6.53%) 등이 급등하고 있다.코스닥지수는 소폭 오름세다. 이 시각 현재 코스닥지수는 0.17% 오른 801.85를 기록 중이다. 코스닥시장에선 개인이 886억원 순매수 중이다. 외국인과 기관은 각각 688억원과 93억원 매도우위다.코스닥 시총 상위주들은 대부분 오르고 있다. 알테오젠(0.8%), 에코프로비엠(0.67%), HLB(2.73%), 에코프로(0.53%), 파마리서치(1.43%) 등이 상승하고 있다.원·달러 환율은 소폭 올랐다. 이날 서울 외환시장에서 원·달러 환율은 전 거래일 대비 2.6원 오른 1378.0원에 개장했다.노정동 한경닷컴 기자 dong2@hankyung.com",https://www.hankyung.com/article/2025071458046,2025.07.14 09:19
"10일, 거래소 기관 순매도상위에 운수장비 업종 3종목",,"기관 투자자는 10일 거래소에서 삼성전자, KODEX 200선물인버스2X, 하이브 등을 중점적으로 매도한 것으로 나타났다.기관 투자자의 순매도 상위 20개 종목은 삼성전자, KODEX 200선물인버스2X, 하이브, 두산에너빌리티, 카카오, 현대차, NAVER, 현대건설, KODEX 인버스, 크래프톤등이다.이중에 운수장비 업종에 속한 종목이 3개 포함되어 있다.삼성전자, 카카오, NAVER 등은 전일 대비 주가가 상승했고, KODEX 200선물인버스2X, 하이브, 두산에너빌리티 등은 주가가 하락했다.[07월10일]거래소 기관 순매도 상위 종목한경로보뉴스이 기사는 한국경제신문과 금융 AI 전문기업 씽크풀이 공동 개발한 기사 자동생성 알고리즘에 의해 실시간으로 작성된 것입니다.",https://www.hankyung.com/article/202507101191L,2025.07.10 18:35
이자 부담 최소화! 증권사 신용대출 3%대로 바꾸는 절호의 기회,,"전송종목 : 한독, 삼익악기, 신일전자, 한국쉘석유, 디아이최근 주식 투자자들 사이에서 주식대출(미수/신용융자 등)의 고금리에 대한 부담이 커지고 있다.특히 저금리를 적용 받고 싶어도, 기존 대출을 상환하고 다시 주식을 매수해야 하는 번거로운 절차와 자금 조달의 어려움이 발목을 잡고 있다.이런 현실적인 문제를 해결하고자, 무빙스탁이 ‘증권사 신용, 대환자금대출’ 서비스를 전격 출시했다.이 상품은 주식을 매도하지 않고도, 기존의 고금리의 주식대출(미수/신용융자 등)의 3%대의 혁신적인 저금리 증권사로 전환할 수 있도록 상환자금을 제공하는 것이 핵심이다.무빙스탁 관계자는 “현재 증권사 이벤트 금리는 연 3%대 수준으로, 기존 9~10%대 고금리를 적용받는 투자자라면 절감 효과가 상당하다”며, 금리를 5%만 낮추면 “1억원 신용대출 기준으로 연간 약 500만원, 3억원이라면 1,500만원까지도 절약할 수 있다”고 밝혔다.더 놀라운 점은, 현재는 이벤트 기간으로 대환자금대출 신청시 발생하는 이자 비용까지 ‘0원’이라는 사실이다. 대환자금에 대해서 하루의 대출이자도 부담하지 않고 기존 고금리 대출을 저금리로 전환할 수 있어, 고금리 부담에 시달리던 투자자들에게 큰 호응을 얻을 전망이다.이 서비스는 부동산 시장에서 흔히 이용되던 대환대출 개념을 증권시장에 도입한 혁신적인 시도로, 주식 투자자들의 자금 운용에 새로운 대안을 제시할 것으로 기대된다.무빙스탁 ‘증권사 신용, 대환자금대출’의 비용 무료 이벤트는 이벤트 기간 동안 한정적으로 제공되는 만큼, 신용융자를 이용 중인 투자자라면 지금 바로 확인해볼 필요가 있다.★ 장마감 시간이 가까워질수록 문의가 많아 상담이 지연될 수 있습니다.★ 7월 문의하신 고객들이 많이 보유하신 종목으로는 삼성전자, POSCO홀딩스, 셀트리온, 포스코퓨처엠, 에코프로비엠, NAVER, 에코프로, 삼성SDI, LG화학, SK하이닉스, 두산에너빌리티, 카카오, SK이노베이션, LG에너지솔루션, 엘앤에프, 삼천당제약, 현대차, 알테오젠, HPSP, LG전자 등이 있습니다.★ 안내사항과도한 빚은 당신에게 큰 불행을 안겨줄 수 있습니다. 대출 시 신용등급 하락으로 다른 금융거래가 제약받을 수 있습니다. 중개수수료를 요구하거나 받는 것은 불법입니다.상호명: ㈜단비대부 2021-서울영등포-2102(대부업) | TEL: 1544-4886 | 대출금리: 연 20%이내(연체금리는 약정금리+3%p이내, 최대 연 20%이내) | 단, 2021. 7. 7.부터 신규체결, 갱신, 연장되는 계약에 한함 | 채무의 조기상환 조건 및 부대비용 없음. (단, 신용조회비용 및 담보권설정비용 있음), 이자 외 별도로 중개수수료를 요구하거나 수취하는 것은 불법입니다. | 대표이사: 박동원 | 사업자등록번호: 274-86-00231 | 등록기관명칭: 서울 영등포구청(담당부서: 일자리경제과, 02-2670-3420) | 소재지 : 서울 영등포구 여의대방로67길 11, 5층 517호 | 개인정보관리자메일: help@danbifund.co.kr무료상담",https://www.hankyung.com/article/202507096262a,2025.07.09 11:38
[홍석환의 인사 잘하는 남자] 연봉 협상하는 법,한경닷컴 더 라이프이스트,"사진=게티이미지뱅크 

처우 협상의 두 사례중소 화학회사 CEO인 김사장은 미국 출장을 가서 지인의 소개로 A박사를 소개받았다. 세계 10대 대학교 중 하나이며, 화학 전공 박사이다. 미국 진출을 생각하고 있는 김사장은 저녁을 함께 하며 입사를 권유했고, 긍정적으로 생각해 보겠다는 A박사의 이력서를 받았다. 김사장은 인사팀에 A사장의 이력서를 주며 입사를 추진하라고 했다. 국내 대학 생활 중 군 입대 후 제대하고 졸업과 동시에 미국으로 가서 석사와 박사를 졸업했을 뿐 기업 경력은 없었다. 인사팀은 A박사의 경력을 석사 2년, 박사 3년 총 5년을 인정하고 대리급이며 회사 규정 상의 대리 연봉을 통보하며 협상 여지가 있다고 전했다. A박사는 처우 조건을 보고 김사장에게 메일로 갈 수 없음을 전했다.메일을 받은 김사장은 인사팀장을 호출해 질책을 하며, 원하는 조건을 다 들어주고 채용하라고 한다.B부장은 중소기업에 입사하여 23년되었고, 담당 직무의 여러 개의 특허를 가지고 있고, 수많은 제품 개발을 한 전문가이다. 대기업인 A회사는 B부장을 영입하기로 했다. A회사의 부장은 연봉이 1억 5천이고, 23년 차는 임원도 있었다. 현재 B부장은 중소기업에서 7천만원을 받고 있었다. A회사에서 연봉 7천만원은 과장급이었다. A회사 인사 담당자는 B부장에게 차장급, 1억 1천만원에 처우 협상을 유도했다. B차장은 입사 후 1개월이 지나지 않아 퇴직했다.C과장은 국내 최고의 대학을 졸업하고 대기업 입사해 10년 동안 획기적 업적을 달성했다. 긍정적이며 붙임성이 좋아 주변 사람과 관계도 매우 좋았다. 현재 연봉은 1억원을 받고 있는 우수인재였다. 직무 관련 협회 세미나에서 발표하는 C과장을 보고, 중소기업 홍 사장이 영입을 추진했다. 홍 사장은 2개 팀을 담당하는 임원인 이사 직급의 실장으로 연봉 1억천만원에 계약했다. 2개 팀의 팀장의 연령은 C과장 보다 10살 위였다. C과장은 개인 사무실을 원했으나, 회사는 사장 이외의 개인 사무실이 없는 상황이라 들어줄 수 없었다. C과장은 의욕적으로 방향과 과제를 제안하고 지시했지만, 성과로 이어진 것은 한 건도 없었다. C과장은 1년이 되지 못해 퇴직을 결정했다.인사팀장이라면, 3개의 사례에서 인사팀은 어떻게 처우협상을 해야 했으며, 외부 영입 인재가 회사에 조기 전력화되어 성과를 내기 위해 무엇을 해야 했겠는가?처우 협상도 직무 가치를 반영해야 한다  인사팀 입장에서는 규정이나 지침이 중요하다. 처우 협상을 할 때 크게 3가지를 고려한다. 직급이나 직책, 연봉, 복리후생이다.직급이나 직책은 근속연수와 연계하여 크게 3가지를 고려한다.-대기업에서 중소기업으로 가는 경우, 중소기업에서 대기업으로 가는 경우-수행하는 직무의 기간과 난이도-사의 요구에 부합 정도, 자격 인정 정도연봉은 근속연수, 직급이나 직책이 결정되면 회사 규정에 의해 결정된다. 이 경우, 중소기업에서 대기업으로 이동하는 경우, 연봉 차이가 워낙 크기 때문에 대부분 근속이나 직급은 하락되는 경향이 있다. 반대로 대기업에서 중소기업으로 이동할 경우, 근속과 무관하게 직급이나 직책이 상향된다.복리후생은 회사의 복리후생 규정을 따르는 경우가 많지만, 외부 핵심인재의 경우, 개개인이 요구하는 조건이 매우 까다로운 경우가 있다. 근무 조건, 주거 및 차량, 유연 근무 등 다양하다.직급과 직책, 연봉, 복리후생을 결정하는 가장 중요한 조건은 무엇일까?인사가 이 조건을 모르게 때문에 CEO와 갈등이 발생한다. 회사가 정하고 있는 규정이나 지침 보다 더 중요한 것은 바로 사업이다. 사업을 지속하기 위해 꼭 필요한 사람이라면 규정이나 지침을 뛰어넘어야 한다. 이들이 역량을 발휘해 획기적 성과를 창출하도록 지원해야 한다. 핵심인재를 채용하여 유지관리하기 위해 ‘핵심인재 인센티브 제도’를 가져가는 이유이다. 성과가 있다면 보상이 따라야 하며, 다름을 인정해야 한다. 높은 성과를 창출했지만, 같은 보상이라면 오래 머물 직원은 그리 많지 않다. 회사에 기여하지 못할 직원이라면 선발 자체를 하지 말아야 한다.<한경닷컴 The Lifeist> 홍석환 대표(홍석환의 HR전략 컨설팅, no1gsc@naver.com)""외부 필진의 기고 내용은 본지의 편집 방향과 다를 수 있습니다.""독자 문의 : thepen@hankyung.com",https://www.hankyung.com/thepen/lifeist/article/202507060633Q,2025.07.07 17:08
"2차전지 개미들 어쩌나…""30만원 넘던 주식이 5만원 됐다"" 비명 [윤현주의 主食이 주식]","2차전지 양극재 강자 엘앤에프
2023년 4월 고점 대비 84%↓
올해도 영업적자 지속 불가피

“탈중국 LFP 파일럿 운영 중
하이니켈 신제품 출시로 재도약”

한화증권, 목표가 9만원 제시","Getty Images Bank.

                올 들어 코스피 지수가 27.29% 올랐는데, 유가증권시장에 속한 이 종목의 하락세는 여전하다.네이버 종목토론실에는 “왜 내 종목만 안 올라” “2차전지를 고른 나의 실수” “그래도 결국 전기차는 간다” 등의 글이 보인다. 코스피 시가총액 179위 엘앤에프의 현주소다.
                    



엘앤에프 사옥. 한경DB

 2차전지 양극재 만드는 엘앤에프 … 국내 배터리 빅3 등에 납품이 회사는 2차전지 핵심 소재인 양극재 분야에서 세계 최고 수준의 기술력을 갖춘 기업으로 알려졌다. 2006년 국내 최초로 LCO(리튬·코발트 산화물) 양산을 시작한 데 이어, 2012년 LMO(리튬·망간 산화물)를 국내 최초로 일본에 수출해 기술 경쟁력을 입증했다. 세계 최초로 니켈 함량 90% NCMA(니켈·코발트·망간·알루미늄) 및 95% NCM(A) 양극재를 양산하며 글로벌 시장서 입지를 다졌다. 하이니켈(High-Ni) 양극재 분야 독보적인 기술력으로 LG에너지솔루션, 삼성SDI, SK온 국내 배터리 빅3는 물론 북미·유럽의 글로벌 기업에도 제품을 공급 중이다. 5일 회사 관계자는 “10년 이상 리튬인산철(LFP) 양극재의 자체 기술 확보를 위해 지속적인 연구개발(R&D)을 진행하고 있다”고 분위기를 전했다. 이어 “2023년부터는 대구 구지 3공장에서 국내 최초로 탈중국 LFP 파일럿 라인을 운영 중이며 고객사에 대량 샘플을 제공했다”고 덧붙였다. 그는 “현재 시장의 니즈에 부합하는 LFP 독자 기술을 확보했고, 2026년 말에는 국내 최초로 LFP 양산을 시작에 글로벌 고객사와 거래할 것이다”고 강조했다.  현재 엘앤에프의 총 생산 능력은 다결정(Poly-Crystal) 기준 최대 21만t이며 단결정(Single-Crystal) 양극재와 제품 혼합 시 유효 생산 능력은 약 16만~17만t 정도로 알려졌다. 주요 공장별 생산 능력은 왜관공장 5천t, 대구공장 1만5000t, 구지1공장 4만t, 구지2공장 7만t, 구지3공장 8만t이다. 
                    



엘앤에프 구지3공장 전경. 엘앤에프 제공

 “하이니켈 신제품 출시 … 연간 출하량 약 40% 성장 전망”그는 “하이니켈 신제품 출시에 따라 올해 연간 출하량은 약 40% 수준의 성장이 예상된다”며 2차전지 업황 둔화에도 공격 성장을 자신했다. 또 “국내에서 가장 오랜 기간 양극재를 양산해 온 기업으로서 배터리 용량을 높이는 데 핵심인 고함량 하이니켈 기술을 가장 먼저 개발하고 양산에 성공했다”며 “특히 에너지 밀도가 높은 하이니켈 제품에 집중해 고수익성을 유지하고 있으며 최근 신성장동력 확보를 위해 대량 수요가 예상되는 볼륨 모델 대응용 LFP 사업도 적극적으로 준비하고 있다”고 강조했다.현재 LFP 시장은 중국이 주도하고 있지만, 탈중국 원료 기반으로 LFP 사업에 가장 먼저 진출을 선언하며 시장을 선도하고 있는 상황인데 중저가형 전기차용 LFP에 대한 고객사들의 요청이 꾸준한 것으로 알려졌다. 그는 “하이니켈 분야의 확보한 기술력과 수익성을 기반으로 중저가형 제품 수요에도 적극 대응해 전체 매출을 확대하고 이를 통해 지속 가능한 성장을 이루겠다”고 각오를 다졌다. 덩치는 커지고 있지만 이익의 질은 후퇴하고 있다. 2021년 매출 9708억원, 영업이익 443억원에서 작년 매출 1조9075억원, 영업손실 5587억원을 기록했다. 한화투자증권은 올해 매출 2조5080억원, 영업손실 1630억원을 전망했다. 2차전지 업황 둔화로 적자 지속 … “친환경 에너지 산업 선도할 것”5일 한국거래소에 따르면 주가는 5만3400원으로 실적 악화로 2023년 4월 고점(34만9500원) 대비 84.72% 폭락했다. 그는 “최근 재무적 어려움의 주요 원인은 원재료 가격 급락에 따른 재고 평가 손실로 인한 손익의 영향이다”며 “지난 2년간 리튬 가격이 지속적으로 하락하면서 이에 따른 영향을 크게 받았다”고 실적 악화 이유를 설명했다. 이어 “작년 3분기 이후 전기차 수요가 회복되면서 출하량이 꾸준히 증가하고 있고, 올해 긍정적인 요소가 많이 남아 있다”고 기대감을 드러냈다.이어 “지속적인 기술 혁신과 글로벌 시장 확장을 통해 미래 친환경 에너지 산업을 선도하는 종합소재 전문기업으로 도약하겠다”며 “단순히 기술과 제품을 공급하는 데 그치지 않고, 글로벌 전기차 및 ESS(에너지저장장치) 시장에서 가장 신뢰받는 파트너이자 혁신의 중심축이 되겠다”고 선언했다. 또 “지속가능한 발전과 탄소중립 실현을 선도하는 모범 기업으로서 사회적 책임과 환경적 가치를 동시에 실현하며 2차전지 소재 산업의 미래를 주도하고, ESG(환경·사회·지배구조) 경영을 강화하고 자원순환 시스템을 구축해 지속가능한 미래와 탄소 중립 달성에 실질적으로 기여하는 기업이 되겠다”고 강조했다. 
                    



엘앤에프 주가 월봉 그래프 캡처.

                총 주식 수는 3631만6174주로 새로닉스(지분 14.29%) 외 특수관계인 16인이 지분 23.71%를 보유한 최대주주다. 국민연금공단 6.07%, 자사주 7.54%, 외국인 17.04%로 사실상 유통 물량은 45%를 조금 넘는다. 1분기 기준 현금성 자산 3051억원, 유형자산 1조2500억원 있다. 부채비율 367.41%라 투자자들의 주의가 필요하다.  한화증권, 목표주가 9만원 제시목표주가를 내리기 시작한 증권사들의 리포트는 서서히 우호적인 입장을 취하고 있다. 이용욱 한화증권 연구원은 “단기 테슬라, 중장기 LFP 개발 기대감은 유효하다”며 2분기 매출 5906억원, 영업손실 544억원을 전망했다. 그는 “테슬라 모델 Y 롱레인지향으로 2분기부터 NCMA95(니켈 95%) 양극재 출하가 큰 폭으로 증가할 것이다”고 했다. 다만 고가 리튬 매입에 따른 재고평가손실은 약 300억원 인식될 것으로 봤다. 이어 “3분기에도 NCMA95 출하는 지속적으로 늘 것이고, 대규모 재고평가손실도 사라져 수익성은 손익분기점(BEP)에 도달할 수 있다”고 예상했다. 중장기 LFP 양극재 양산 기대감도 유효하다며 목표주가를 9만원으로 유지했다. 현 주가 대비 68.22% 상승 여력이 있다.이창민 KB증권 연구원은 “고가 구매 원재료로 인한 재고자산평가손실이 2분기를 마지막으로 종료될 것으로 보인다”며 “지난 5월 22일 EV(전기차)/ESS(에너지저장장치)용 LFP 양산을 위한 MOU(양해각서)를 체결했는데, 최근 탈중국 수요가 빠르게 확대되고 있어 수주 확정 시 내년 이후 실적에 큰 도움이 될 수 있다”고 조언했다. 
                    




'1500만 개미'와 함께 달리겠습니다. 여러분의 주식 계좌가 빨간불이 되는 그날까지 재미있는 종목 기사 많이 쓰겠습니다. 아래 기자 페이지에서 윤현주 기자 구독과 응원을 눌러 주시면 기사를 매번 빠르게 확인하실 수 있습니다.윤현주 기자 hyunju@hankyung.com",https://www.hankyung.com/article/202506195666i,2025.07.05 07:00
신용이나 담보 이용 중에 추가 자금이 필요하다면 4배 레버리지 연 4.9% 상품으로 해결!,,"부자네스탁론이 특별 이벤트로 5년고정 연 4.9%의 저금리 스탁론 상품을 출시하면서 투자자들에게 화제가 되고 있다.5년고정 연 4.9%의 저금리 스탁론은 주요 증권사의 신용 금리로 알려진 8~9%대의 금리보다 훨씬 금리가 낮은 상품이다.스탁론 상품들은 증권사 신용보다 레버리지는 더 높고 담보유지비율은 더 낮아 투자 고수들 사이에서 잘 알려진 상품이다.미수나 반대매도를 해결해주는 대환대출상품, 한 종목 100% 집중투자 상품신용등급, 매수불가종목, D.S.R 등 주식투자자들의 고민을 완벽하게 해결해주는 솔루션을 제공하는부자네스탁론은 고객마다 가장 최적의 대출방법으로 해결해준다.-스탁론 D.S.R<총부채원리금상환비율> 고강도 규제에도! 문제없는 부자네스탁론!– 소득 낮고 기존 대출금액 많아도 계좌평가금액에 비례해서 대출가능!▶머니투데이 부자네스탁론① 5년고정 연 4.9% 금리의 최저금리 스탁론② 자기자본포함 최대 4배까지 레버리지 투자 가능③ 매수가능종목 100% 집중투자가능 (코스닥, 시가총액, 포트폴리오비율상관없이)④ 스탁론 전종목 1:1 매수상담문의 → 수익극대화⑤ 반대매도 임박 / 추가입금이 힘들다면? → 1:1 로스컷 전문상담⑥ D.S.R과 신용등급 낮.아.도 문제없이 매입/대환까지 가능!★ D.S.R비율, 신용등급 무관 저금리 부자네스탁 AM8:00~PM4:00 ☎1577-5852★ AM 8:00 부터 선착순 예약접수 http://www.bujane.co.kr/7월 고객들의 문의가 많은 종목은 LG디스플레이, 파라다이스, SK, 강원랜드, NAVER 등이 있다.무료상담",https://www.hankyung.com/article/202507083732a,2025.07.08 09:23
"증권사 신용대출, 3%대 금리로 바꾸는 가장 쉬운 방법",,"전송종목 : 삼양홀딩스, 삼천당제약, 삼화페인트, 대원강업, 대동최근 주식 투자자들 사이에서 주식대출(미수/신용융자 등)의 고금리에 대한 부담이 커지고 있다.특히 저금리를 적용 받고 싶어도, 기존 대출을 상환하고 다시 주식을 매수해야 하는 번거로운 절차와 자금 조달의 어려움이 발목을 잡고 있다.이런 현실적인 문제를 해결하고자, 무빙스탁이 ‘증권사 신용, 대환자금대출’ 서비스를 전격 출시했다.이 상품은 주식을 매도하지 않고도, 기존의 고금리의 주식대출(미수/신용융자 등)의 3%대의 혁신적인 저금리 증권사로 전환할 수 있도록 상환자금을 제공하는 것이 핵심이다.무빙스탁 관계자는 “현재 증권사 이벤트 금리는 연 3%대 수준으로, 기존 9~10%대 고금리를 적용받는 투자자라면 절감 효과가 상당하다”며, 금리를 5%만 낮추면 “1억원 신용대출 기준으로 연간 약 500만원, 3억원이라면 1,500만원까지도 절약할 수 있다”고 밝혔다.더 놀라운 점은, 현재는 이벤트 기간으로 대환자금대출 신청시 발생하는 이자 비용까지 ‘0원’이라는 사실이다. 대환자금에 대해서 하루의 대출이자도 부담하지 않고 기존 고금리 대출을 저금리로 전환할 수 있어, 고금리 부담에 시달리던 투자자들에게 큰 호응을 얻을 전망이다.이 서비스는 부동산 시장에서 흔히 이용되던 대환대출 개념을 증권시장에 도입한 혁신적인 시도로, 주식 투자자들의 자금 운용에 새로운 대안을 제시할 것으로 기대된다.무빙스탁 ‘증권사 신용, 대환자금대출’의 비용 무료 이벤트는 이벤트 기간 동안 한정적으로 제공되는 만큼, 신용융자를 이용 중인 투자자라면 지금 바로 확인해볼 필요가 있다.★ 장마감 시간이 가까워질수록 문의가 많아 상담이 지연될 수 있습니다.★ 7월 문의하신 고객들이 많이 보유하신 종목으로는 삼성전자, POSCO홀딩스, 셀트리온, 포스코퓨처엠, 에코프로비엠, NAVER, 에코프로, 삼성SDI, LG화학, SK하이닉스, 두산에너빌리티, 카카오, SK이노베이션, LG에너지솔루션, 엘앤에프, 삼천당제약, 현대차, 알테오젠, HPSP, LG전자 등이 있습니다.★ 안내사항과도한 빚은 당신에게 큰 불행을 안겨줄 수 있습니다. 대출 시 신용등급 하락으로 다른 금융거래가 제약받을 수 있습니다. 중개수수료를 요구하거나 받는 것은 불법입니다.상호명: ㈜단비대부 2021-서울영등포-2102(대부업) | TEL: 1544-4886 | 대출금리: 연 20%이내(연체금리는 약정금리+3%p이내, 최대 연 20%이내) | 단, 2021. 7. 7.부터 신규체결, 갱신, 연장되는 계약에 한함 | 채무의 조기상환 조건 및 부대비용 없음. (단, 신용조회비용 및 담보권설정비용 있음), 이자 외 별도로 중개수수료를 요구하거나 수취하는 것은 불법입니다. | 대표이사: 박동원 | 사업자등록번호: 274-86-00231 | 등록기관명칭: 서울 영등포구청(담당부서: 일자리경제과, 02-2670-3420) | 소재지 : 서울 영등포구 여의대방로67길 11, 5층 517호 | 개인정보관리자메일: help@danbifund.co.kr무료상담",https://www.hankyung.com/article/202507248240a,2025.07.24 11:38
조정석 앞세운 '좀비딸' 개봉 전인데…'매출 9배 급증' 벌써 난리,'좀비딸' 원작 웹툰 매출 9배 급증,"/사진=영화 '좀비딸' 스틸

                영화 '좀비딸' 개봉을 앞두고 원작 웹툰의 인기가 치솟고 있다.23일 네이버웹툰에 따르면 지난 5월 21일 영화 예고편을 공개한 뒤 2주(5월 21일∼6월 3일)간 웹툰 '좀비딸'의 몰아보기 서비스 결제 건수는 직전 2주 대비 9배 이상 증가했다. 조회 수는 5배 늘었다.몰아보기 서비스는 일정 금액을 내면 1시간 동안 모든 회차를 무제한으로 볼 수 있는 기능이다. 연재 당시 웹툰을 봤던 독자들이 다시 작품을 감상하는 용도로 자주 쓰인다는 게 네이버웹툰의 설명이다.'좀비딸'은 2018년부터 2020년까지 연재된 웹툰으로, 좀비라는 소재를 코믹하면서도 가족애의 관점에서 풀어내 인기를 끌었다. 이미 완결된 지 5년이 지난 웹툰이지만 다시 주목받게 된 것은 이달 30일 개봉하는 영화의 영향으로 풀이된다.배우 조정석, 이정은, 조여정 주연의 '좀비딸'은 여름 기대작 중 하나로 꼽히는 영화다. 앞서 공개된 예고편에서 주요 캐릭터인 할머니와 고양이 애용이 등이 웹툰과 흡사한 비주얼로 ""높은 싱크로율""이라는 평가를 받으면서 원작 팬들이 댓글과 사회관계망서비스(SNS)를 통해 기대감을 드러내고 있다. 유튜브에 공개된 영화 티저 영상 댓글 770여개 가운데 24%는 원작 또는 웹툰, 만화 같은 키워드를 포함했고, 원작과의 일치도를 언급한 댓글도 19%를 차지했다.네이버웹툰 측은 ""원작이 있는 각색 영화는 그렇지 않은 영화보다 개봉 주말 박스오피스 수익이 평균 45.6% 높다는 해외 연구 결과도 있다""며 ""원작의 팬덤과 인지도가 영상 콘텐츠의 초기 흥행을 견인하고, 또 원작 소비가 증가하는 선순환 효과가 있다""고 말했다.김소연 한경닷컴 기자 sue123@hankyung.com",https://www.hankyung.com/article/2025072358817,2025.07.23 09:06
"주식 매도 없이 신용이자 연 1,500만 원 줄이는 비법",,"전송종목 : 대한전선, 현대해상, 대상, SK네트웍스, 오리온홀딩스최근 주식 투자자들 사이에서 주식대출(미수/신용융자 등)의 고금리에 대한 부담이 커지고 있다.특히 저금리를 적용 받고 싶어도, 기존 대출을 상환하고 다시 주식을 매수해야 하는 번거로운 절차와 자금 조달의 어려움이 발목을 잡고 있다.이런 현실적인 문제를 해결하고자, 무빙스탁이 ‘증권사 신용, 대환자금대출’ 서비스를 전격 출시했다.이 상품은 주식을 매도하지 않고도, 기존의 고금리의 주식대출(미수/신용융자 등)의 3%대의 혁신적인 저금리 증권사로 전환할 수 있도록 상환자금을 제공하는 것이 핵심이다.무빙스탁 관계자는 “현재 증권사 이벤트 금리는 연 3%대 수준으로, 기존 9~10%대 고금리를 적용받는 투자자라면 절감 효과가 상당하다”며, 금리를 5%만 낮추면 “1억원 신용대출 기준으로 연간 약 500만원, 3억원이라면 1,500만원까지도 절약할 수 있다”고 밝혔다.더 놀라운 점은, 현재는 이벤트 기간으로 대환자금대출 신청시 발생하는 이자 비용까지 ‘0원’이라는 사실이다. 대환자금에 대해서 하루의 대출이자도 부담하지 않고 기존 고금리 대출을 저금리로 전환할 수 있어, 고금리 부담에 시달리던 투자자들에게 큰 호응을 얻을 전망이다.이 서비스는 부동산 시장에서 흔히 이용되던 대환대출 개념을 증권시장에 도입한 혁신적인 시도로, 주식 투자자들의 자금 운용에 새로운 대안을 제시할 것으로 기대된다.무빙스탁 ‘증권사 신용, 대환자금대출’의 비용 무료 이벤트는 이벤트 기간 동안 한정적으로 제공되는 만큼, 신용융자를 이용 중인 투자자라면 지금 바로 확인해볼 필요가 있다.★ 장마감 시간이 가까워질수록 문의가 많아 상담이 지연될 수 있습니다.★ 7월 문의하신 고객들이 많이 보유하신 종목으로는 삼성전자, POSCO홀딩스, 셀트리온, 포스코퓨처엠, 에코프로비엠, NAVER, 에코프로, 삼성SDI, LG화학, SK하이닉스, 두산에너빌리티, 카카오, SK이노베이션, LG에너지솔루션, 엘앤에프, 삼천당제약, 현대차, 알테오젠, HPSP, LG전자 등이 있습니다.★ 안내사항과도한 빚은 당신에게 큰 불행을 안겨줄 수 있습니다. 대출 시 신용등급 하락으로 다른 금융거래가 제약받을 수 있습니다. 중개수수료를 요구하거나 받는 것은 불법입니다.상호명: ㈜단비대부 2021-서울영등포-2102(대부업) | TEL: 1544-4886 | 대출금리: 연 20%이내(연체금리는 약정금리+3%p이내, 최대 연 20%이내) | 단, 2021. 7. 7.부터 신규체결, 갱신, 연장되는 계약에 한함 | 채무의 조기상환 조건 및 부대비용 없음. (단, 신용조회비용 및 담보권설정비용 있음), 이자 외 별도로 중개수수료를 요구하거나 수취하는 것은 불법입니다. | 대표이사: 박동원 | 사업자등록번호: 274-86-00231 | 등록기관명칭: 서울 영등포구청(담당부서: 일자리경제과, 02-2670-3420) | 소재지 : 서울 영등포구 여의대방로67길 11, 5층 517호 | 개인정보관리자메일: help@danbifund.co.kr무료상담",https://www.hankyung.com/article/202507186005a,2025.07.18 14:23
신용대출 이자 절감 꿀팁! 증권사 3%대 대출 전환법 공개,,"전송종목 : 카카오, JYP Ent.",https://www.hankyung.com/article/202507223173a,2025.07.22 10:28
폭염 가더니 장마 왔다…마케팅 전략 바꾼 편의점,"CU, 폭염서 장마로 전략 변화

막걸리·안주류 할인 판매 
배달 서비스도 강화","사진=BGF리테일 제공 

                폭염 이후 비 예보가 이어지면서 편의점 CU가 마케팅 전략을 ‘더위 해소’에서 ‘장마철 대응’으로 바꿨다.BGF리테일이 운영하는 편의점 CU가 사내 세일즈 전략 TF를 열고 7월 마케팅 방향을 장마철에 맞춰 수정했다고 15일 밝혔다. 장마 기간 고객 수요가 높은 상품들을 대상으로 재고를 늘리고 관련 프로모션을 진행한다.우선 비 오는 날 수요가 증가하는 막걸리를 할인 판매한다. 국순당 생막걸리, 지장수 생막걸리, 가평 잣막걸리, 지평 보늬달밤 등 12종에 대해 2병 이상 구매 시 병당 200~400원 할인을 적용하고 장수 생막걸리, 달빛유자 막걸리, 월매 쌀막걸리는 4병 이상 구매 시 병당 250원을 할인한다.주류와 함께 팔리는 안주류에 대한 프로모션도 준비했다. 곱창, 바비큐, 치킨, 만두 등 총 100여종의 냉장, 냉동 안주류 상품들에 대한 할인 및 증정 행사를 진행하고 이달 중 3990원짜리 가성비 안주 시리즈도 선보일 예정이다.CU는 장마로 외출이 줄어든 소비자를 겨냥해 배달 서비스도 강화한다. BGF리테일 빅데이터팀의 분석에 따르면 최근 3년간 장마 기간에 CU의 배달 서비스 이용 건수는 직전 주 맑은 날 대비해 약 83% 증가했다. CU는 자체 커머스 애플리케이션(앱)인 포켓 CU 외에도 배민스토어, 해피오더, 배달특급, 네이버 지금배달 운영 점포 수를 확대하고 2만원 이상 구매 시 최대 7000원까지 할인 혜택을 제공한다. BGF리테일 관계자는 “편의점은 날씨에 굉장히 영향을 많이 받는 업종인 만큼 항상 그 변화에 따라 빠르고 유연하게 상품 및 영업 전략을 펼치고 있다”라며 “CU는 날씨에 따른 고객들의 구매 동향을 보다 면밀히 분석해 맞춤형 상품과 프로모션을 보다 발 빠르게 전개해 나갈 것”라고 말했다.박수림 한경닷컴 기자 paksr365@hankyung.com",https://www.hankyung.com/article/202507158457g,2025.07.15 10:01
호텔침대서 '설레는 매일' 보여주는 김무열 윤승아 부부,"한샘, 김무열 윤승아 부부를 앰버서더로 선정
호텔침대 캠페인 '설레는 매일' 진행","배우 김무열 윤승아 부부가 한샘의 호텔침대 캠페인 '설레인 매일'의 앰버서더가 됐다.종합 홈 인테리어 전문기업 한샘은 두 배우를 엠버서더로 선정하고 호텔침대 캠페인 ‘설레는 매일’을 진행한다고 7일 밝혔다. 이번 캠페인은 ‘아주 보통의 하루’를 추구하는 요즘 신혼부부들에게 호텔침대가 제공하는 ‘평범하지만 특별한 행복’을 효과적으로 알리기 위해 기획됐다.엠버서더인 배우 김무열 윤승아 부부는 결혼 10년 차를 맞이했음에도 서로를 향한 변함없는 애정을 보이며 신혼부부들 사이에서 ‘워너비 부부’로 손꼽힌다. 특히 윤승아는 패션·홈인테리어·요리 등 다방면에서 뛰어난 감각을 선보이며 배우는 물론 인플루언서로도 활발히 활동 중이다.
                    




                한샘은 김무열·윤승아 부부와 함께한 호텔침대 캠페인 영상을 공개했다. 영상에는 수면은 물론 휴식, 독서 등 호텔침대와 함께 하는 부부의 설레는 매일과 함께, 벽면을 가득 채우는 패널과 은은한 조명으로 연출한 침실 인테리어, 20단계로 밝기 조절이 가능한 핀조명과 편리한 USB 충전 시스템 등 호텔침대의 장점을 자연스럽게 담았다.한샘이 지난 2005년 국내 가구 브랜드 최초로 선보인 호텔침대는 침대 프레임과 벽면 패널을 한 세트로 만든 침대다. 벽면에 맞춰 설치하는 조명 패널을 활용해 고급스러운 침실 인테리어를 완성할 수 있다. 협탁과 거울이 달린 화장대 등 패널에 적용된 다양한 기능으로 일상에 편리함을 더해준다.룬소프트는 부드러운 그레이지 색상의 기능성 패브릭과 절제된 곡선 디테일을 적용한 호텔침대다. 섬유 원단 표면을 실리콘으로 코팅한 기능성 패브릭 원단을 사용해 내구성과 함께 내오염, 방수, 친환경성을 모두 갖췄다.
                    




                그로브오크는 세련된 느낌을 강조한 밝은 나뭇결 디자인을 구현한 호텔침대다. 표면에 세로 요철이 있는 템바보드(Tembarboard) 디자인을 적용해 감각적인 침실 분위기를 연출할 수 있다. 룬소프트와 그로브오크 등에는 침대헤드 무드조명을 제어할 수 있는 무선 리모컨을 적용했다. 밤에 침실에 들어가거나 잠들기 전 천장등을 직접 켜고 끄는 번거로움 없이 리모컨으로 간편하게 무드조명만 조절할 수 있다. 독서 등 실용적인 용도로 사용할 수 있는 핀 조명도 총 7가지 디자인 중 선택, 취향에 맞는 침실 분위기 연출이 가능하다.안전성도 강화했다. 모든 자재는 포름알데하이드 방출량이 0.5mg/L 이하인 E0 등급을 사용했다. 한샘연구소를 통해 높은 기준의 안전성 테스트도 진행했다. 소음을 줄이기 위해 내부 보조목과 깔판, 다릿발로 이어지는 삼중 하부구조도 적용했다.
                    




                캠페인을 기념해 할인 기획전도 진행한다. 오는 31일까지 매주 다른 호텔침대를 최대 25% 할인하는 타임특가를 진행한다. 타임특가 적용 상품은 한샘몰 이벤트 페이지나 전국 매장에서 확인할 수 있다. 9월 30일까지는 호텔침대와 매트리스를 함께 구매 시 호텔침대 프레임을 최대 40% 할인한다. 또 호텔침대와 함께 소파나 붙박이 장 구매 시 소파 10만원, 붙박이장 5% 할인 이벤트도 진행한다. 또 네이버 신혼 카페인 '다이렉트 결혼준비'를 통해 한샘에서 포시즌 매트리스 구매하면 백화점 상품권을, 매장에서 400만원 이상을 구매하면 한샘몰 포인트를 증정한다. 핵심 매장의 침대존(Zone)도 재정비했다. 플래그십 논현을 비롯한 스타필드 고양점, 스타필드 하남점, 스타필드 수원점, 아이파크몰 용산점 등 접근성이 뛰어난 매장에서 고객이 더욱 다양한 호텔침대를 살펴볼 수 있도록 라인업을 확대하고, 각 매장을 많이 찾는 고객 층에 적합한 감성을 더해 침대존을 업그레이드했다. 
                    




                한샘 관계자는 “침실은 하루의 3분의 1 가량을 머무는 공간이며, 수면 외에도 휴식이나 독서 등 다양한 활동을 취할 수도 있는 곳이니 만큼 침대를 중요시하게 생각하는 고객들이 많아지는 추세”라며 “호텔침대를 통해 더 많은 신혼부부들이 설레는 매일을 보낼 수 있기를 바란다”고 말했다.민지혜 기자 spop@hankyung.com",https://www.hankyung.com/article/202507071871i,2025.07.07 10:10
들국화 앨범에 이름이?…최휘영 장관 후보자 이색 과거 재조명,"네이버 대표 시절 들국화 주찬권 마주치자
'들국화 다시 듣고 싶다' 일념에 사비 털어
들국화컴퍼니 설립…27년 만의 앨범 발매","2013년 12월 발매된 들국화 앨범에 총괄 기획으로 참여한 최휘영 문화체육관광부 장관 후보자. / 사진=임형택 기자, 반월음향 제공

                문화예술 산업에 대한 깊은 이해를 바탕으로 민간에서 문화체육관광부 장관으로 지명된 최휘영 후보자의 과거 행보가 주목받고 있다. 특히 록밴드 들국화의 복귀 앨범 총괄 기획을 맡았던 그의 이색적인 이력이 재조명되고 있다.16일 정치권에 따르면 최 후보자는 2013년 12월 들국화가 27년 만에 낸 새 앨범의 총괄 기획을 맡은 바 있다. 과거 언론 보도에 따르면 최 후보자는 네이버 대표 시절이던 2012년 들국화와 처음 인연을 맺었다. 경기 분당의 한 작은 카페에서 당시 사장이던 들국화의 드러머 고(故) 주찬권을 마주한 것이다.최 후보자는 이때 ""들국화의 노래를 다시 듣고 싶다""는 일념 하나로 주찬권을 통해 전인권, 최성원과 친분을 쌓으며 음반 작업을 추진했다. 들국화 해체의 결정적 원인으로 꼽히는 전인권과 최성원의 다툼이 있을 때면 직접 최성원의 제주 집까지 찾아가 설득했다고 한다.겨우 세 사람의 앨범 발매 결심을 이끌어낸 최 후보자는 2013년 1월 들국화 멤버들을 대신해 사비를 털어 '들국화컴퍼니'를 만들고, 음반을 준비해 2013년 12월, 27년 만의 앨범에 '총괄 기획'으로 이름을 올렸다. 최 후보자는 당시 언론 인터뷰에서 ""들국화를 있게 한 수많은 팬들을 보면 저절로 고개가 숙여진다""고 소회를 밝혔다.
                    



최휘영 문화체육관광부 장관 후보자가 14일 서울 종로구 국립현대미술관 서울관에 마련된 인사청문회 준비 사무실로 첫 출근하고 있다. 사진=문화체육관광부

                앞서 지난 11일 문체부 장관으로 지명된 최 후보자는 언론인 출신으로 2000년 야후코리아를 거쳐 2002년부터 네이버 전신인 NHN으로 자리를 옮겼다. 네이버 본부 기획실장 등을 거쳐 2007∼2009년 대표이사 사장을 역임했다.2016년 여행 플랫폼 '트리플'을 창업해 운영했고, 2022년 인터파크 대표이사로 선임돼 야놀자플랫폼과의 합병을 이끌다, 지난해 합병기업인 놀유니버스의 공동대표에 올랐다.강훈식 대통령비서실장은 ""최 후보자는 온라인 포털 대표 및 여행 플랫폼 창업자 등 다양한 분야의 경력과 경험을 보유하고 있다""며 ""민간 출신의 전문성과 참신성을 기반으로 'K컬처 시장 300조원 시대'를 열겠다는 대통령의 구상을 현실로 만들 새로운 CEO""라고 소개했다.최 후보자는 지난 14일 인사청문회 준비단이 있는 서울 종로구 국립현대미술관 서울관 사무실로 처음 출근하면서 ""문화예술계가 그동안 이뤄온 성취와 쾌거를 돌아보면 정말 놀랍고, 무한한 자부심을 느끼고 있다""며 ""이런 엄청난 기회를 잘 활용하고 있는지, 우리 문화 저력을 더 크고 단단하게 하기 위해서는 어떤 일들을 해야 하는지 등을 점검하겠다""고 했다.홍민성 한경닷컴 기자 mshong@hankyung.com",https://www.hankyung.com/article/2025071613037,2025.07.16 10:46
상법 개정안 기대·차익실현에 지주사 주가 롤러코스터…중소형 지주사 주목,,"상법 개정안 통과 기대감으로 급등했던 지주사 주가가 단기 급등 부담과 차익 실현 매물 출회로 조정을 받으며 하락했다. LS, SK, 두산 등 주요 지주사들이 하락 마감했으며, 상법 개정안이 소액주주 권리 강화를 핵심으로 하면서 지주사 전반의 주가 재평가 기대가 여전히 유지되고 있다.개정안에는 이사의 주주에 대한 충실 의무 확대, 집중투표제 강화, 감사위원 분리 선출 확대, 3% 룰 등 소액주주 권리 강화 방안이 담겨 있다. 이는 지배구조 투명성 개선으로 이어져 지주사 주가에 긍정적 영향을 미칠 것으로 예상되며, 상법 개정안은 3일 국회 본회의 통과가 유력시되고 있다.증권가는 상법 개정안 수혜가 대형 지주사에서 중소형 지주사로 확산될 가능성을 강조하고 있다. 그동안 상대적으로 상승폭이 작았던 중소형 지주사와 지배구조 개선 여지가 큰 기업, 자산 규모 확대로 규제 강화 가능성이 있는 기업, 승계가 마무리된 기업들이 새로운 투자처로 부각될 수 있다는 분석이다.한편, 스탁론에 대한 관심이 날로높아지고 있다. 모처럼 잡은 투자기회를 놓치지 않으려는 투자자들이 주식매입을 위해 더 많은 자금을 활용할 수 있는 스탁론으로 눈길을 돌리고 있기 때문이다. 현 주가는 실적을 따라가지 못하고 있는 상황으로, 밸류에이션 리레이팅이 필요한 시기라는 평가도 나오고 있다.




 

◆ 올뉴스탁론, DSR 무관 상품에 연 4%대 최저금리 상품으로 다양한 선택지를!올뉴스탁론에서 투자자들 누구나 부담 없이 스탁론을 경험할 수 있도록 연 4%대 업계 최저금리로 이용 가능한 증권 연계신용 상품을 출시했다. 주식매입은 물론 증권사 미수/신용 대환 모두 가능하며 신용등급 차등 없이 자기 자본 포함 최대 4배까지 활용할 수 있다.이와 함께 DSR 한도 때문에 기존 스탁론 활용이 어려웠던 투자자들을 위한 DSR 무관 상품도 취급 중이다. 또한 장중 거래가 어려웠던 투자자를 위한 대체거래소(NXT) 거래도 가능해졌다.올뉴스탁론에 대해 자세히 알고 싶은 투자자는 고객상담센터(☎1599-8666)로 연락하면 대출 여부와 무관하게 언제든 전문상담원과 편리하게 상담할 수 있다.○ 보유하고 있는 대출액이나 소득 무관하게! (DSR 무관)○ 최대 4배 주식자금 활용 가능! (본인 자금 포함)○ 대체거래소(NXT) 거래 가능!○ 증권 신용/미수 당일 즉시 대환 가능!○ 기존 증권사 신용, 스탁론으로 매수가 어려웠던 종목도 OK!※ 올뉴스탁론 고객상담센터 : 1599-8666바로가기 : https://allnewstockloan.co.kr?agency=HTS◆ 현 시각 관심종목 Top 10 : 현대로템, NAVER, 다날, 한화, 한미반도체, 알테오젠, 위닉스, 파세코, 상지건설, 파미셀무료상담",https://www.hankyung.com/article/202507035318a,2025.07.04 11:00
AI미래기획수석실이 배터리社 부른 이유는 [지금 대통령실은],"지금 대통령실은

AI데이터센터 
전력수요 급증에
ESS 확보 나서

배터리 생산현황
기술력 등 점검
지원책 논의

전기차 침체 속
배터리 업계
""탈출구 될수도""","네이버 개발자 출신인 하정우 수석이 이끄는 대통령실 AI미래기획수석실이 LG에너지솔루션 삼성SDI 등 배터리기업 관계자를 불러 개별 면담했다. 산업 정책을 담당하는 경제성장수석실이 아니라 AI수석실이 제조기업을 부른 건 이례적이라는 점에서 그 배경에 관심이 모아지고 있다.10일 대통령실에 따르면 이유진 AI수석실 기후환경에너지비서관은 지난 9일 배터리기업 관계자와 에너지저장장치(ESS)용 배터리 사업에 관해 한 시간가량 회의를 했다. ESS 배터리 생산 현황, 화재 가능성, 기술력 등을 점검하고 산업 활성화를 위해 필요한 지원책 등에 대해 업계 의견을 수렴한 것으로 전해졌다.이재명 정부가 ESS에 관심을 기울이는 이유는 AI산업 육성책과 연관이 있다는 분석이 나온다. 정부는 ‘전기 먹는 하마’로 불리는 AI 데이터센터를 건설하고 RE100(재생에너지 100% 사용) 반도체 클러스터를 조성하는 데 따라 확대되는 전력 수요를 재생에너지로 충당한다는 계획이다.하지만 태양광은 햇빛이 비칠 때만 전력을 생산하고, 풍력은 바람이 불어야 전기를 만들 수 있어 간헐성이 크다. 재생에너지로 생산한 전력을 저장해 필요할 때 꺼내쓸 수 있는 ESS를 함께 설치해야 하는 이유다. 지난 4일 산업통상자원부가 2038년까지 40조원 규모 ESS 배터리 사업 입찰을 받은 것도 같은 맥락이다. 기업들은 정부 사업에서 기술력이 높은 한국 제품을 우선 구매해달라고 요청한 것으로 전해졌다.정부와 기업의 이해관계도 일치한다. 재생에너지는 지역에서 주로 생산되기에 ESS 배터리 사업은 이 대통령이 강조하는 지역 균형 발전과도 맥이 닿아 있다. 배터리업계는 전기차 캐즘(일시적 판매 둔화)의 직격탄을 맞은 상황에서 ESS가 돌파구가 될 수 있다.김형규 기자 khk@hankyung.com",https://www.hankyung.com/article/202507109716i,2025.07.10 11:24
"배경훈 장관 ""과감한 마중물 투자로 AI 인프라 확충할 것""","네이버 AI 데이터센터 현장 방문
AI 3대 강국 도약 위한 기틀 마련","22일 국무회의에 참석한 배경훈 과학기술정보통신부 장관이 인삿말을 하고 있다. 대통령실통신사진기자단

                과학기술정보통신부는 배경훈 장관이 네이버 각 세종 AI 데이터센터를 방문해 시설 현황을 둘러보고 주요 기업, 협회, 학계 관계자들과 현장 간담회를 가졌다고 24일 밝혔다.이번 방문은 인공지능(AI) 생태계의 핵심 인프라로 인식되는 AI 데이터센터에ㅇㅇ서 산업 전반의 경쟁력 확보를 위한 실질적 정책을 논의하고 민·관이 합심해 역량을 집중하기 위한 자리로 마련됐다.생성형 AI 기반의 다양한 서비스가 산업과 일상 전 분야로 확산되면서 AI 인프라는 국가의 AI 경쟁력을 결정짓는 핵심 기반으로 평가된다. 이에 정부는 첨단 그래픽처리장치(GPU) 5만장 확보 등 AI 고속도로를 구축해 ‘AI 3대 강국’으로 도약하기 위한 기틀을 마련할 계획이다. 또 민간과 협력해 세계적인 AI 파운데이션 모델을 확보하고 공공·경제·사회 전반의 인공지능 전환(AX) 확산을 도모할 예정이다.배 장관은 간담회에 앞서 네이버 각 세종의 현장 시설을 둘러보고 AI 데이터센터를 구성하는 핵심 요소인 서버, 스토리지, 전력·공조·냉각시설, 네트워크 설비등을 확인했다.현장 간담회에는 김유원 네이버클라우드 대표를 포함해 이준희 삼성SDS 사장, 하민용 SK텔레콤 부사장, 김세웅 카카오 부사장, 최지웅 KT클라우드 대표, 김동훈 NHN클라우드 대표, 박성율 LG유플러스 혁신그룹장 등 AI 분야 기업의 주요 인사들이 참석했다. 강중협 한국데이터센터연합회(KDCC) 회장, 박윤규 한국정보통신산업진흥원(NIPA) 원장, 이경무 서울대 교수, 류석영 KAIST 교수 등 AI 전문가들도 함께했다. 이들은 국가 AI 경쟁력 강화를 위하 데이터센터 관련 규제 개선, AI 인프라 확충, AI 모델 개발·보급 및 AX 지원 등 여러 방안을 논의했다.배 장관은“AI 데이터센터를 포함한 AI 고속도로 구축은 한국이 AI 3대 강국으로 도약하기 위한 출발점”이라며 “과감한 마중물 투자를 통해 AI 인프라를 확충하고 수요를 견인하여 AI 생태계가 활성화되도록 민·관이 함께 노력하하겠다”라고 말했다.이영애 기자 0ae@hankyung.com",https://www.hankyung.com/article/202507248307i,2025.07.24 10:30
"자이언트스텝, VFX·AI 결합 성과와 해외 수주 기대 속 주가 신고가 랠리",,"자이언트스텝이 최근 버추얼 휴먼·AI 결합 콘텐츠 사업 강화와 더불어 해외 시장 진출 기대감이 고조되며 주가가 신고가 랠리를 지속하고 있다. 최근 거래량도 눈에 띄게 증가하는 중이다.이 같은 흐름의 배경에는 두 가지 핵심 요소가 작용하고 있다. 첫째, VFX(시각특수효과)와 AI를 결합한 버추얼 휴먼, 몰입형 리얼타임 콘텐츠에 높은 성과가 인정되고 있다. 회사는 네이버와 공동 개발한 ‘이솔(SORI)’을 시작으로 다양한 버추얼 휴먼 프로젝트를 상업화하고 있으며, AI 기술 결합 확장도 긍정 평가 받고 있다.둘째, 글로벌 사업 수주에 대한 기대감이 커지고 있다. 북미·유럽 시장을 겨냥한 서비스 제공이 본격화되며, 기존 영상 콘텐츠 전문성과 실시간 프로덕션 역량이 해외 파트너사로부터 주목받고 있다는 분석도 있다. 투자자들은 이 같은 구조적 성장 모멘텀에 베팅하며, 외국인·기관 매수 세력도 관찰되고 있다.재무 지표는 아직 적자 상태지만, 영업손실이 점진 감소(전분기 대비 개선)하고 있어 AI 및 콘텐츠 사업의 안정적 확대 흐름이 긍정적으로 평가된다. 특히 부채비율이 낮고 현금 보유력이 상대적으로 안정적이라는 점은 향후 사업 확대에 따른 재무 리스크를 낮추는 효과로 작용하고 있다.증권업계 관계자는 “VFX와 AI, 버추얼 휴먼·콘텐츠 분야에서 트렌드 선도 기업으로 자리매김하고 있으며, 해외 시장 성과가 주가에 반영되기 시작한 구간”이라며, “지속 성장 흐름이 확인된다면 밸류에이션 재평가와 함께 주가 추가 상승 가능성도 열려 있다”고 평가했다.다만 단기적으로는 실적 발표 이후 실망 매물, 글로벌 콘텐츠 수요 변동, 그리고 기술 도입 효과의 가시화 여부 등은 주가 변동성 요인으로 남아 있다. 따라서 투자자들은 향후 수주 성과 공시, 신규 프로젝트 파트너 공개, 분기 실적 추이 등을 면밀히 점검할 필요가 있다고 조언된다.에코프로머티, LIG넥스원, 동양철관, 상지건설, SK이노베이션무료상담",https://www.hankyung.com/article/202507071849a,2025.07.07 11:33
,,,https://magazine.hankyung.com/business/article/202507161169b,
"""이재명 정부, 뉴스 콘텐츠 헐값에 넘어가는 구조 바꿔야""","신문협회, 정부에 ‘신문산업 활성화 정책과제’ 제안
정부 주도로 콘텐츠 전재료 산정 기준 마련 등 촉구

언론인 출신으로 네이버 이끈 최휘영 문체부 장관 후보자 지명
신문-포털 불공정 거래 구조 개선 여부에도 관심","한국신문협회는 언론사와 포털 간 콘텐츠 거래 구조 개선 등의 내용을 담은 ‘새 정부 신문산업 활성화 정책과제’를 대통령실과 국정기획위원회, 문화체육관광부에 각각 전달하고 양질의 뉴스콘텐츠가 생산 및 유통될 수 있는 환경을 조성할 것을 촉구했다고 14일 밝혔다.협회는 ‘신문-포털 불공정·불평등 거래 정상화’를 미디어 정책의 최우선 과제로 꼽고, 적정 전재료 산정 기준부터 마련할 것을 제안했다. 포털이 뉴스콘텐츠로 트래픽을 유도하고 광고 수익을 얻지만, 언론사에 배분하는 사용료는 터무니없이 적다는 이유에서다. 현재 온라인 뉴스 유통시장에서 독과점 지위를 가진 네이버와 뉴스 제휴 매체 간 공정한 협상이 불가능하다는 게 협회의 주장이다. 협회 측은 “명확한 기준 없이 비공개 협상으로 전재료가 결정된다”며 “고비용에 생산한 뉴스정보가 헐값으로 넘어가는 불평등한 구조가 고착화되고 있는 실정”이라고 밝혔다.협회는 시장지배적 지위를 남용하는 포털의 공정거래법 위반에 대한 정부 차원의 제재도 촉구했다. 협회에 따르면 네이버는 자사 생성형 AI 학습에 정당한 대가 지급이나 출처 표기 없이 뉴스콘텐츠를 무단 활용하는 등 불공정 행위를 지속해 왔다. 이를 방지하는 차원에서 협회는 문체부 주도로 뉴스 사용 범위와 보상 기준 등을 명시한 표준계약서 제정 및 ‘AI 학습용 뉴스콘텐츠 활용 가이드라인’ 마련도 함께 요구했다. 아울러 협회는 네이버 메인화면과 뉴스탭에 노출되는 뉴스 배열 알고리즘을 공개해 편향성 우려를 해소해야 한다고도 지적했다.신문과 포털 간 굳어진 불공정 거래 구조 개선은 언론계가 꾸준히 지적해 오던 사안이다. 이런 가운데 이재명 대통령이 지난 11일 새정부 첫 문체부 장관에 최휘영 놀 유니버스 대표를 지명하면서 실질적인 변화가 생길지에 대한 관심도 커진다. 최 후보자가 기자 출신으로 NHN(현 네이버) 대표이사를 지내며 네이버가 국내 최대 온라인 포털로 성장하는 데 기여했기 때문이다. NHN 합류 전 야후코리아에서 포털 뉴스 서비스 관련 업무도 경험한 만큼, 역대 문체부 장관 중 뉴스 콘텐츠 유통시장에 대한 이해도가 가장 높을 것이란 평가가 나온다.이날 협회는 법률이 보호하는 저작물 예시에 ‘뉴스기사’를 포함하는 내용의 ‘저작권법’ 개정 등 AI 디지털 미디어 시대에 맞는 저작권 보호 법제 구축해달라고 제안했다. 이 밖에도 문화예술진흥기금, 방송통신발전기금 등 다른 산업 진흥 기금과 비교해 현저하게 규모가 작은 언론진흥기금을 확충하고, ‘징벌적손해배상제’ 등 언론의 자유를 침해할 수 있는 입법과 규제에 신중을 기해줄 것을 요청했다. 협회 측은 “정부는 신문을 단순한 산업이 아닌 민주주의와 공공가치 수호의 주체로 인식하고 지원 정책과 제도를 추진해야 한다”고 강조했다.유승목 기자",https://www.hankyung.com/article/202507146624i,2025.07.14 13:59
이자 부담 최소화! 증권사 신용대출 3%대로 바꾸는 절호의 기회,,"전송종목 : 아이에스동서, CJ씨푸드, 부산산업, 현대코퍼레이션, 신성이엔지최근 주식 투자자들 사이에서 주식대출(미수/신용융자 등)의 고금리에 대한 부담이 커지고 있다.특히 저금리를 적용 받고 싶어도, 기존 대출을 상환하고 다시 주식을 매수해야 하는 번거로운 절차와 자금 조달의 어려움이 발목을 잡고 있다.이런 현실적인 문제를 해결하고자, 무빙스탁이 ‘증권사 신용, 대환자금대출’ 서비스를 전격 출시했다.이 상품은 주식을 매도하지 않고도, 기존의 고금리의 주식대출(미수/신용융자 등)의 3%대의 혁신적인 저금리 증권사로 전환할 수 있도록 상환자금을 제공하는 것이 핵심이다.무빙스탁 관계자는 “현재 증권사 이벤트 금리는 연 3%대 수준으로, 기존 9~10%대 고금리를 적용받는 투자자라면 절감 효과가 상당하다”며, 금리를 5%만 낮추면 “1억원 신용대출 기준으로 연간 약 500만원, 3억원이라면 1,500만원까지도 절약할 수 있다”고 밝혔다.더 놀라운 점은, 현재는 이벤트 기간으로 대환자금대출 신청시 발생하는 이자 비용까지 ‘0원’이라는 사실이다. 대환자금에 대해서 하루의 대출이자도 부담하지 않고 기존 고금리 대출을 저금리로 전환할 수 있어, 고금리 부담에 시달리던 투자자들에게 큰 호응을 얻을 전망이다.이 서비스는 부동산 시장에서 흔히 이용되던 대환대출 개념을 증권시장에 도입한 혁신적인 시도로, 주식 투자자들의 자금 운용에 새로운 대안을 제시할 것으로 기대된다.무빙스탁 ‘증권사 신용, 대환자금대출’의 비용 무료 이벤트는 이벤트 기간 동안 한정적으로 제공되는 만큼, 신용융자를 이용 중인 투자자라면 지금 바로 확인해볼 필요가 있다.★ 장마감 시간이 가까워질수록 문의가 많아 상담이 지연될 수 있습니다.★ 7월 문의하신 고객들이 많이 보유하신 종목으로는 삼성전자, POSCO홀딩스, 셀트리온, 포스코퓨처엠, 에코프로비엠, NAVER, 에코프로, 삼성SDI, LG화학, SK하이닉스, 두산에너빌리티, 카카오, SK이노베이션, LG에너지솔루션, 엘앤에프, 삼천당제약, 현대차, 알테오젠, HPSP, LG전자 등이 있습니다.★ 안내사항과도한 빚은 당신에게 큰 불행을 안겨줄 수 있습니다. 대출 시 신용등급 하락으로 다른 금융거래가 제약받을 수 있습니다. 중개수수료를 요구하거나 받는 것은 불법입니다.상호명: ㈜단비대부 2021-서울영등포-2102(대부업) | TEL: 1544-4886 | 대출금리: 연 20%이내(연체금리는 약정금리+3%p이내, 최대 연 20%이내) | 단, 2021. 7. 7.부터 신규체결, 갱신, 연장되는 계약에 한함 | 채무의 조기상환 조건 및 부대비용 없음. (단, 신용조회비용 및 담보권설정비용 있음), 이자 외 별도로 중개수수료를 요구하거나 수취하는 것은 불법입니다. | 대표이사: 박동원 | 사업자등록번호: 274-86-00231 | 등록기관명칭: 서울 영등포구청(담당부서: 일자리경제과, 02-2670-3420) | 소재지 : 서울 영등포구 여의대방로67길 11, 5층 517호 | 개인정보관리자메일: help@danbifund.co.kr무료상담",https://www.hankyung.com/article/202507108874a,2025.07.10 11:38
"23일, 외국인 거래소에서 삼성전자(+0.61%), SK하이닉스(+0.19%) 등 순매도",,"외국인 투자자는 23일 거래소에서 삼성전자, SK하이닉스, 두산에너빌리티 등을 중점적으로 매도한 것으로 나타났다.외국인 투자자의 순매도 상위 20개 종목은 삼성전자, SK하이닉스, 두산에너빌리티, 한화솔루션, 삼성SDI, NAVER, 한화오션, 삼성바이오로직스, 코웨이, 삼성중공업등이다.이중에 전기,전자 업종에 속한 종목이 5개 포함되어 있다.삼성전자, SK하이닉스, 두산에너빌리티 등은 전일 대비 주가가 상승했고, NAVER, 한화오션, 삼성중공업 등은 주가가 하락했다.[07월23일]거래소 외국인 순매도 상위 종목한경로보뉴스이 기사는 한국경제신문과 금융 AI 전문기업 씽크풀이 공동 개발한 기사 자동생성 알고리즘에 의해 실시간으로 작성된 것입니다.",https://www.hankyung.com/article/202507237816L,2025.07.23 18:35
DSR 때문에 고민하던 투자자들은 주목! 업계 최초 DSR 무관 스탁론!,,"DSR 한도가 ‘스탁론’에도 적용된 후 투자자들의 고민이 날로 깊어지고 있다. 기존 대출이 많거나 소득 증빙이 어려울 경우 예전처럼 손쉽게 스탁론을 활용하기가 어려워졌기 때문이다. 예전보다 높아진 금리로 스탁론 이용을 부담스럽게 만들고 있다.이런 상황에서 올뉴스탁론이 구원투수로 나섰다. DSR 무관 누구나 이용 가능한 스탁론 상품은 물론 연 4%대 업계 최저금리로 이용 가능한 상품을 함께 선보이며 투자자들의 선택지를 넓힌 것이다.




 

◆ 올뉴스탁론, DSR 무관 상품에 연 4%대 최저금리 상품으로 다양한 선택지를!올뉴스탁론에서 투자자들 누구나 부담 없이 스탁론을 경험할 수 있도록 연 4%대 업계 최저금리로 이용 가능한 증권 연계신용 상품을 출시했다. 주식매입은 물론 증권사 미수/신용 대환 모두 가능하며 신용등급 차등 없이 자기 자본 포함 최대 4배까지 활용할 수 있다.이와 함께 DSR 한도 때문에 기존 스탁론 활용이 어려웠던 투자자들을 위한 DSR 무관 상품도 취급 중이다. 또한 장중 거래가 어려웠던 투자자를 위한 대체거래소(NXT) 거래도 가능해졌다.올뉴스탁론에 대해 자세히 알고 싶은 투자자는 고객상담센터(☎1599-8666)로 연락하면 대출 여부와 무관하게 언제든 전문상담원과 편리하게 상담할 수 있다.○ 보유하고 있는 대출액이나 소득 무관하게! (DSR 무관)○ 최대 4배 주식자금 활용 가능! (본인 자금 포함)○ 대체거래소(NXT) 거래 가능!○ 증권 신용/미수 당일 즉시 대환 가능!○ 기존 증권사 신용, 스탁론으로 매수가 어려웠던 종목도 OK!※ 올뉴스탁론 고객상담센터 : 1599-8666바로가기 : https://allnewstockloan.co.kr?agency=HTS◆ 현 시각 관심종목 Top 10 : 한미반도체, NAVER, 현대로템, 에코프로, 서울보증보험, 피아이이, 피코그램, 프롬바이오, 비케이홀딩스, 부국증권무료상담",https://www.hankyung.com/article/202507224402a,2025.07.23 10:25
[홍석환의 인사 잘하는 남자] 상반기 평가를 마치고,한경닷컴 더 라이프이스트,"/사진=게티이미지뱅크 

1주일 만에 끝낸 상반기 평가인사팀은 업무연락을 통해 7.15일까지 상반기 평가를 종료하라 한다. 현업 부서 입장에서는 목표 대비 실적 정리, 자기 평가, 1차와 2차 평가를 마쳐야 한다. A팀장은 팀원들에게 월별 업적을 정리하고, 자기 평가를 한 후, 7.9~10일 중 개별 면담을 실시한다고 공지했다. 팀원들이 실시한 자기 평가의 대부분은 A(우수) 등급 이상이었다. 회사는 철저한 상대 평가를 실시하고 있기 때문에 8명의 팀원 중 S(탁월)과 A(우수) 등급이 있으면 반드시 C(부족) 등급을 받는 팀원이 발생한다. 자기 평가만으로 보면 모두가 B(보통) 등급 초과이다. 팀은 목표 대비 100%를 간신히 넘긴 상태로 B등급 수준이다.A팀장은 팀원들의 자기 평가를 무시하고, 자신이 생각하는 등급별 대상자를 확정했다. 가장 높은 성과를 창출한 팀원부터 C등급을 받을 1명의 팀원을 결정했다. 이제 개별 면담의 시간이다. 팀원들에게 상반기 가장 뛰어난 업적이 무엇인가? 상반기 본인의 역량 향상을 위해 어떤 노력을 했는가? 자신이 팀에 기여했다고 생각하는 것이 무엇인가? 목표 대비 미흡했던 점과 아쉬운 점은 무엇인가? 하반기 어떤 중점과제가 있는가? 등을 질문했다. 팀원들의 대답은 단답형이었다. 미흡한 점이나 아쉬운 점은 거의 없다. 하반기 중점 과제는 팀 목표와 무관한 개인 업무 중심의 과제 수준이었다.팀원들과 개별 면담을 마치고 A팀장은 자신이 평가한 등급별 대상자가 틀리지 않다고 확신했다. 등급별 가중치에 따라 팀원에게 S, A, B, C등급을 부여했다. 1차 평가가 끝나고, 본부장은 전 팀의 평가가 끝나자 자신이 생각하는 각 팀의 팀원에게 가점과 감점을 부여하고, 그 결과에 따라 본부 팀원에 대한 평가가 마무리되었다.평가 결과를 받아 본 팀원 중 대부분은 실망스러웠다. 본인은 최소한 S, A등급을 기대했지만, 대부분 B등급이었다. C등급을 받은 팀원들은 평가 이의 제기를 하겠다고 한다. A등급을 받은 B차장도 실망스러운 표정이다. 내년 부장 승진이 있는데, A등급으로는 불안하다. 다른 본부의 동기들은 대부분 S등급을 받았다고 한다. 어느 사이, 본부에서는 ‘성과와 직무 역량 보다 상사와의 관계가 모든 것을 결정한다.’, ‘B과장은 상사에게 반항했다가 이번에 C등급을 받았다.’, ‘목표도 기록도 없이 사전에 정해 놓고 그대로 결정한다,’, ‘형식적인 개별 면담을 왜 하는지 모르겠다.’, ‘이럴 것 같으면 평가를 와 하는가?’ 등 불만이 많다. 평가를 통해 얻고자 하는 바를 달성하기 위해서는?많은 기업들이 평가를 실시하고 있고, 그 대부분이 상대평가이다. 절대 평가를 도입하지 못하는 여러 이유가 있지만, 가장 큰 이유는 관대화이다. 회사는 적자인데, 직원들의 평가는 B이상이다. 이래서는 평가 결과의 활용이 될 수 없다. 결국 상대화를 추진하게 된다. 상대 평가는 모두가 높은 달성울을 달성해 팀은 전체 1등을 했어도, 팀원은 등급별 가중치에 의해 등급을 받아야 한다. 10명 중 1명을 제외하고는 불만이 생길 수밖에 없는 구조이다.사실 평가를 통해 얻고자 하는 바는 조직과 구성원의 성장과 보다 높은 성과 창출이다. 목표에 의한 관리를 하면서, 높은 목표를 수립하는 방법, 목표에 대한 실행 계획 작성, 실행, 월과 주 단위로 달성 정도를 점검하고 피드백을 통해 일하는 생각과 방식에 있어 성장을 하게 된다. 본인의 노력, 상사의 관심과 지원으로 보다 높은 성과를 창출하게 된다.평가 단계에서는 매주, 매월 설정된 목표에 의한 결과물, 목표 이외의 결과물, 자신이 쌓은 직무 역량과 가치 역량에 대한 기록에 따라 공정한 평가가 되어야 한다. 역량과 성과가 높은 직원은 명확하게 그 결과물을 제시하고, 상사도 그 결과에 대해 인지하고 있어야 한다. 목표 달성율 뿐만 아니라 목표 이외의 수명 업무에 대한 달성율도 기록되어 평가받아야 한다. 역량도 일과 관계에 있어 한단계 높은 수준의 결과물이 있어야 한다. 상사의 주관과 업적 결과에 의한 역량 평가가 아닌 직무와 관계(팀워크, 인성, 태도와 자세 등) 중심의 구체적 목표 대비 결과물로 평가가 이루어져야 한다.평가의 목적이 성장과 성과 창출에 있다면, ‘성과 있는 곳에 보상 있다’는 원칙이 지켜져야 한다. 조직장에 의한 구체적이고 일관되며 지속적인 점검과 피드백이 이루어져야 한다.상사의 관심과 적극적인 피드백의 결과, 조직과 구성원은 성장하고 보다 높은 성과를 창출하게 된다. 팀원 모두가 높은 성과를 창출했을 때, 팀원에게 가혹한 상대평가는 곤란하다. 조직 평가가 개인 평가와 연계되도록 제도의 유연성을 가져가면 된다. 상반기 평가가 끝난 후, CEO와 경영층은 상반기 실적을 분석하고, 하반기 목표 수정과 실행 계획을 구체화하여 성장과 보다 높은 성과 창출을 이어가야 한다.<한경닷컴 The Lifeist> 홍석환 대표(홍석환의 HR전략 컨설팅, no1gsc@naver.com)""외부 필진의 기고 내용은 본지의 편집 방향과 다를 수 있습니다.""독자 문의 : thepen@hankyung.com",https://www.hankyung.com/thepen/lifeist/article/202507209126Q,2025.07.21 17:38
,,,https://magazine.hankyung.com/business/article/202507072207b,
9~10% 주식 관련 대출에서 3%대 대출로 교체,,"전송종목 : 에스에이엠티, 신세계인터내셔날, 신세계푸드, 피에스케이홀딩스, 한국파마최근 주식 투자자들 사이에서 주식대출(미수/신용융자 등)의 고금리에 대한 부담이 커지고 있다.특히 저금리를 적용 받고 싶어도, 기존 대출을 상환하고 다시 주식을 매수해야 하는 번거로운 절차와 자금 조달의 어려움이 발목을 잡고 있다.이런 현실적인 문제를 해결하고자, 무빙스탁이 ‘증권사 신용, 대환자금대출’ 서비스를 전격 출시했다.이 상품은 주식을 매도하지 않고도, 기존의 고금리의 주식대출(미수/신용융자 등)의 3%대의 혁신적인 저금리 증권사로 전환할 수 있도록 상환자금을 제공하는 것이 핵심이다.무빙스탁 관계자는 “현재 증권사 이벤트 금리는 연 3%대 수준으로, 기존 9~10%대 고금리를 적용받는 투자자라면 절감 효과가 상당하다”며, 금리를 5%만 낮추면 “1억원 신용대출 기준으로 연간 약 500만원, 3억원이라면 1,500만원까지도 절약할 수 있다”고 밝혔다.더 놀라운 점은, 현재는 이벤트 기간으로 대환자금대출 신청시 발생하는 이자 비용까지 ‘0원’이라는 사실이다. 대환자금에 대해서 하루의 대출이자도 부담하지 않고 기존 고금리 대출을 저금리로 전환할 수 있어, 고금리 부담에 시달리던 투자자들에게 큰 호응을 얻을 전망이다.이 서비스는 부동산 시장에서 흔히 이용되던 대환대출 개념을 증권시장에 도입한 혁신적인 시도로, 주식 투자자들의 자금 운용에 새로운 대안을 제시할 것으로 기대된다.무빙스탁 ‘증권사 신용, 대환자금대출’의 비용 무료 이벤트는 이벤트 기간 동안 한정적으로 제공되는 만큼, 신용융자를 이용 중인 투자자라면 지금 바로 확인해볼 필요가 있다.★ 장마감 시간이 가까워질수록 문의가 많아 상담이 지연될 수 있습니다.★ 7월 문의하신 고객들이 많이 보유하신 종목으로는 삼성전자, POSCO홀딩스, 셀트리온, 포스코퓨처엠, 에코프로비엠, NAVER, 에코프로, 삼성SDI, LG화학, SK하이닉스, 두산에너빌리티, 카카오, SK이노베이션, LG에너지솔루션, 엘앤에프, 삼천당제약, 현대차, 알테오젠, HPSP, LG전자 등이 있습니다.★ 안내사항과도한 빚은 당신에게 큰 불행을 안겨줄 수 있습니다. 대출 시 신용등급 하락으로 다른 금융거래가 제약받을 수 있습니다. 중개수수료를 요구하거나 받는 것은 불법입니다.상호명: ㈜단비대부 2021-서울영등포-2102(대부업) | TEL: 1544-4886 | 대출금리: 연 20%이내(연체금리는 약정금리+3%p이내, 최대 연 20%이내) | 단, 2021. 7. 7.부터 신규체결, 갱신, 연장되는 계약에 한함 | 채무의 조기상환 조건 및 부대비용 없음. (단, 신용조회비용 및 담보권설정비용 있음), 이자 외 별도로 중개수수료를 요구하거나 수취하는 것은 불법입니다. | 대표이사: 박동원 | 사업자등록번호: 274-86-00231 | 등록기관명칭: 서울 영등포구청(담당부서: 일자리경제과, 02-2670-3420) | 소재지 : 서울 영등포구 여의대방로67길 11, 5층 517호 | 개인정보관리자메일: help@danbifund.co.kr무료상담",https://www.hankyung.com/article/202507111593a,2025.07.11 10:48
연 4%대 업계 최저 금리로 저렴하게! DSR 무관 상품까지!,,"투자자들 사이에서 ‘스탁론’에 대한 관심이 높아지고 있다. 스탁론은 자기자본 포함 최대 4배까지 활용 가능하며 증권사 신용/미수 대환 용도로도 활용 가능해 대표적인 레버리지 수단으로 자리잡은 상태다.그러나 DSR 한도가 스탁론에도 적용된 후 다른 대출, 소득 증빙 문제로 예전처럼 이용하기 어려워졌다. 이와 함께 높아진 금리도 스탁론 이용을 망설이게 만든 원인으로 꼽힌다.그러나 해결책은 있다. 21년 연속 스탁론 업계 1위를 지키고 있는 하이스탁론이 DSR 무관하게 이용할 수 있는 상품은 물론 연 4%대 최저금리로 이용 가능한 상품까지 취급하며 선택의 폭을 넓힌 것이다.




 

◆ 하이스탁론, 연 4%대 업계 최저금리로 추가 투자금은 물론 신용미수 대환까지!<하이스탁론>에서 누구나 부담 없이 스탁론을 경험할 수 있도록 연 4%대 최저금리 상품을 출시했다. 주식매입 용도는 물론 증권사 미수/신용 대환도 가능하며 신용등급 차등 없이 자기자본 포함 최대 4배까지 활용할 수 있다.이와 함께 DSR 한도 때문에 기존 스탁론 이용이 어려웠던 투자자들은 위한 DSR 무관 상품도 취급 중이다. 또한 장중 거래가 어려웠던 투자자를 위한 대체거래소(NXT) 거래도 가능해졌다.<하이스탁론>의 새로운 상품에 대해 자세히 알고 싶은 투자자는 고객상담센터(1599-0313)로 연락하면 대출 여부와 상관없이 24시간 언제든 전문상담원과 편리한 상담이 가능하다.○ 연 4%대 업계 최저금리 상품 출시○ 대체거래소(NXT) 거래 가능!○ 21년 연속 시장 점유율 1위, 16년 연속 대한민국퍼스트브랜드 대상○ 증권사 신용/미수 실시간 상환, 한종목 100% 집중 투자○ 믿을 수 있는 상담품질보증제※하이스탁론상담센터 : 1599-0313바로가기:https://www.hisl.co.kr/0313◆ 현 시각 관심종목 Top 10 : 한미반도체, NAVER, 현대로템, 에코프로, 서울보증보험, 피아이이, 피코그램, 프롬바이오, 비케이홀딩스, 부국증권무료상담",https://www.hankyung.com/article/202507187087a,2025.07.21 13:05
이자 폭탄 막자! 증권사 신용대출 3%대 전환으로 절약하는 법,,"전송종목 : 케이카, 원준, 에코프로에이치엔, LX홀딩스, 유일로보틱스최근 주식 투자자들 사이에서 주식대출(미수/신용융자 등)의 고금리에 대한 부담이 커지고 있다.특히 저금리를 적용 받고 싶어도, 기존 대출을 상환하고 다시 주식을 매수해야 하는 번거로운 절차와 자금 조달의 어려움이 발목을 잡고 있다.이런 현실적인 문제를 해결하고자, 무빙스탁이 ‘증권사 신용, 대환자금대출’ 서비스를 전격 출시했다.이 상품은 주식을 매도하지 않고도, 기존의 고금리의 주식대출(미수/신용융자 등)의 3%대의 혁신적인 저금리 증권사로 전환할 수 있도록 상환자금을 제공하는 것이 핵심이다.무빙스탁 관계자는 “현재 증권사 이벤트 금리는 연 3%대 수준으로, 기존 9~10%대 고금리를 적용받는 투자자라면 절감 효과가 상당하다”며, 금리를 5%만 낮추면 “1억원 신용대출 기준으로 연간 약 500만원, 3억원이라면 1,500만원까지도 절약할 수 있다”고 밝혔다.더 놀라운 점은, 현재는 이벤트 기간으로 대환자금대출 신청시 발생하는 이자 비용까지 ‘0원’이라는 사실이다. 대환자금에 대해서 하루의 대출이자도 부담하지 않고 기존 고금리 대출을 저금리로 전환할 수 있어, 고금리 부담에 시달리던 투자자들에게 큰 호응을 얻을 전망이다.이 서비스는 부동산 시장에서 흔히 이용되던 대환대출 개념을 증권시장에 도입한 혁신적인 시도로, 주식 투자자들의 자금 운용에 새로운 대안을 제시할 것으로 기대된다.무빙스탁 ‘증권사 신용, 대환자금대출’의 비용 무료 이벤트는 이벤트 기간 동안 한정적으로 제공되는 만큼, 신용융자를 이용 중인 투자자라면 지금 바로 확인해볼 필요가 있다.★ 장마감 시간이 가까워질수록 문의가 많아 상담이 지연될 수 있습니다.★ 7월 문의하신 고객들이 많이 보유하신 종목으로는 삼성전자, POSCO홀딩스, 셀트리온, 포스코퓨처엠, 에코프로비엠, NAVER, 에코프로, 삼성SDI, LG화학, SK하이닉스, 두산에너빌리티, 카카오, SK이노베이션, LG에너지솔루션, 엘앤에프, 삼천당제약, 현대차, 알테오젠, HPSP, LG전자 등이 있습니다.★ 안내사항과도한 빚은 당신에게 큰 불행을 안겨줄 수 있습니다. 대출 시 신용등급 하락으로 다른 금융거래가 제약받을 수 있습니다. 중개수수료를 요구하거나 받는 것은 불법입니다.상호명: ㈜단비대부 2021-서울영등포-2102(대부업) | TEL: 1544-4886 | 대출금리: 연 20%이내(연체금리는 약정금리+3%p이내, 최대 연 20%이내) | 단, 2021. 7. 7.부터 신규체결, 갱신, 연장되는 계약에 한함 | 채무의 조기상환 조건 및 부대비용 없음. (단, 신용조회비용 및 담보권설정비용 있음), 이자 외 별도로 중개수수료를 요구하거나 수취하는 것은 불법입니다. | 대표이사: 박동원 | 사업자등록번호: 274-86-00231 | 등록기관명칭: 서울 영등포구청(담당부서: 일자리경제과, 02-2670-3420) | 소재지 : 서울 영등포구 여의대방로67길 11, 5층 517호 | 개인정보관리자메일: help@danbifund.co.kr무료상담",https://www.hankyung.com/article/202507047523a,2025.07.04 13:28
업비트를 잡는자가 원화 스테이블코인에서 승리하리라 [ASA 오피니언 #3],,"1. 스테이블코인 초기 유통의 열쇠: 거래소1.1 네이버페이 x 업비트 컨소시엄의 등장
                    




2025년 7월 1일, 한국의 원화 스테이블코인 산업에는 꽤 큰 뉴스가 있었는데, 바로 업비트가 네이버페이와 원화 스테이블코인 사업에 대해 제휴하기로 한 것이다. 이는 한국 암호화폐 거래소 1위 사업자와, 한국 간편결제 1위 사업자가 파트너십을 통해 스테이블코인 발행 사업을 추진한다는 것이었다.최근 한국 내에선, 8개의 시중은행이 스테이블코인 발행을 위한 컨소시엄을 만든다거나, 카카오페이, 카카오뱅크, 신한카드와 같은 핀테크 기업/카드사들이 스테이블코인 명칭에 대한 상표권을 출원하는 등 다양한 은행, 금융 기관 및 기업들이 스테이블코인 사업에 관심을 보였었다.즉, 현재 한국 시장에선 다양한 발행사로부터의 다양한 원화 스테이블코인 발행이 기대되고 있다. 하지만 필자가 생각하기에 만약 네이버페이와 업비트가 제휴하여 스테이블코인을 도입한다면 이들이 원화 스테이블코인 시장을 장악할 확률이 매우 높다고 생각된다.1.2 USDT와 USDC, 어떻게 성장하였는가?1.2.1 거래소 지원이 핵심
                    




BCG에 따르면 2024년 스테이블코인 트랜잭션 규모의 무려 88%가 암호화폐 거래로부터 나왔다. 스테이블코이느이 활용처로 결제, 송금, 은행간정산 등 다양한 분야가 언급되고 있지만, 이는 아직까지 암호화폐 거래가 스테이블코인 활용에서 굉장히 중요한 역할을 하고 있다는 것을 암시한다. 이러한 측면에서 초기에 스테이블코인이 유동성을 부트스트래핑하기 위해선 암호화폐 거래에 사용되는 것이 가장 중요하다고 할 수 있다. 이는 USDT와 USDC의 성장 역사에서도 확인할 수 있다.1.2.2 USDT의 성장 과정USDT는 초기에는 스테이블코인을 만든다는 목표보다는 J.R. Willett이라는 개발자가 비트코인 블록체인 위에 새로운 암호화폐를 만들 수 있다는 아이디어로 시작되었다. 이 아이디어는 마스터코인(Mastercoin)이라는 프로젝트로 구현되었고, 이는 추후에 USDT의 기술적 기반인 옴니 레이어(Omni Layer)가 되었다. USDT는 2014년 10월, 리얼코인(Realcoin)이라는 이름으로 옴니 레이어에서 발행되었고, 2014년 1월에 테더(Tether)로 이름을 바꾸었다.USDT는 2015년 1월, 암호화폐 거래소 비트피넥스(Bitfinex)에 도입되며 본격적인 유통이 시작되었다. 이는 비트피넥스의 고위 임원들이 2014년에 BVI에 Tether Holdings Limited를 설립한 장본인이었기 때문이다. 2017년 초부터 2019년 9월까지 USDT의 발행량이 1,000만 달러에서 28억 달러로 급증했는데, 이는 비트피넥스가 2017년 4월, 대만 현지 은행 및 웰스파고의 송금 서비스 중단으로 달러의 입금과 출금이 전면 중단되는 사례를 겪었기에, 거래소 사용자들의 USDT 사용이 강제되어 더 빠르게 성장할 수 있는 계기가 되었다.이후에도 비트피넥스뿐만 아니라 바이낸스, 후오비, OKX 등 주요 글로벌 거래소들이 테더를 지원하면서, 이는 테더의 큰 성장 촉매제가 되었으며 테더가 암호화폐 시장 기축 통화의 역할로 자리잡게되는 계기가 되었다.1.2.3 USDC의 성장 과정USDC는 2018년 5월, 서클과 코인베이스가 설립한 Centre 컨소시엄에 의해 발표되었고, 같은 해 9월에 공식 출시되었다. USDT와 마찬가지로, USDC 또한 초기에 성장하는데에 있어 코인베이스 및 크라켄의 거래쌍 지원이 가장 큰 역할을 하였다. USDC는 암호화폐 거래소에서 더 나아가 이후에는 솔라나 네트워크의 주요 스테이블코인으로 채택되면서 온체인에서도 큰 성장을 보일 수 있었다. 2. 네이버페이와 업비트의 시너지 효과달러 스테이블코인의 패권을 가져갔던 스테이블코인들이 모두 초기에 암호화폐 거래소를 통해 크게 성장한 것으로 보아, 원화 스테이블코인 또한 점유율을 높이기 위해선 암호화폐 거래소와 협업하는 것이 중요해보인다. 이러한 관점에서 한국 간편결제 서비스 1위인 네이버페이와 한국 암호화폐 거래소 1위인 업비트가 컨소시엄을 형성하여 원화 스테이블코인 사업에 뛰어든다는 것은 한국 내에서 엄청난 뉴스일 수 밖에 없다.2.1 한국 간편결제 서비스 1위: 네이버페이
                    




네이버페이는 네이버파이낸셜에서 은행 계좌, 카드를 미리 등록해두고, 등록한 결제 수단을 통해 결제 및 송금을 지원하는 간편 결제 서비스이다. 참고로 네이버는 한국에서 가장 많이 사용되는 웹 포탈로, 검색엔진뿐만 아니라 뉴스, 블로그, 쇼핑, 지도 등 수 많은 온라인 서비스를 제공한다.한국에서 일평균 간편결제 서비스 이용 금액은 약 1조원에 달하는데, 이 중 간편 결제 서비스가 약 4800억원을 차지하며 이 중에서도 빅3인 네이버페이, 카카오페이, 토스페이가 90% 이상의 점유율을 기록하고 있다. 빅3 중에서도 네이버페이의 매출은 1조6000억원 정도로, 2, 3위인 카카오페이와 토스페이의 약 2배를 기록하고 있다.2.2 한국 암호화폐 거래소 1위: 업비트한국은 암호화폐 거래소의 나라이다. 한국 금융위원회 산하의 FIU는 2024년 하반기 가상자산사업자 실태조사 결과를 발표하였는데, 여기선 재미있는 통계들을 확인할 수 있다:하루 평균 거래 금액은 14조 3000억원으로, 같은 기간 한국 유가증권시장 거래량(10조 8000억원)을 웃돌았다.원화 예치금은 10조 7000억원을 기록했다.한국의 주요 암호화폐 거래소로는 업비트, 빗썸, 코빗, 코인원, 고팍스가 있는데, 이 중에서 업비트는 약 60~70%의 점유율을 가지고 있을 정도로 독보적인 암호화폐 거래소 중 하나이다.2.3 활용 예상 시나리오 및 파급력업비트와 네이버페이가 함께 원화 스테이블코인을 발행한다면 어디에 활용될 수 있을까? 글의 편의를 위해 만약 둘이 원화 스테이블코인을 발행한다면 명칭을 nKRW로 가정하겠다.2.3.1 예상 활용처첫 번째는 업비트의 호가통화이다. 바이낸스, 바이비트와 같이 회색지대에 있어 어쩔 수 없이 법정화폐를 지원하지 못하는 거래소뿐만 아니라, 코인베이스와 같이 미국 규제를 완전히 준수하는 거래소에서도 USD 법정화폐와 함께 USDC 스테이블코인을 거래소 호가통화로 지원한다. 특히, 코인베이스의 경우 USD 마켓의 오더북과 UDSC 마켓의 오더북이 분리되어있는 것이 아닌, 이를 통합하여 운영하기에 USD 보유자와 USDC 보유자가 집중된 유동성에서 거래할 수 있도록 한다.마찬가지로 nKRW가 업비트에 도입된다면, nKRW 보유자들은 지금의 원화 마켓에서 동일한 유동성으로 거래를 지원할 수 있을 것이다. 특히, 기존에는 업비트에 원화 충전금을 이체하기 위해선 은행을 거치는 복잡한 과정을 거쳤어야 했는데, 네이버페이가 함께 참여할 경우, 네이버페이 사용자들은 손쉽게 nKRW를 충전하여 이를 업비트로 이체할 수 있을 것이다. 이외에도 nKRW는 원화와 달리 은행정산시간에 영향을 받지 않는다는 점이 거래소 운영 측면에서의 강점 중 하나로 작용할 수 있다.
                    




                두 번째는 네이버페이에서의 결제통화로의 활용이다. 핀테크 기업이 스테이블코인을 결제에 활용한 대표적인 사례로는 페이팔의 PYUSD가 있다. 페이팔의 사용자들은 은행 계좌, 카드 등을 통해 PYUSD를 충전하여 앱 내에 보유하고 있을 수 있으며, 이를 결제에 활용할 수 있다. 마찬가지로 nKRW가 도입될경우 네이버페이는 계좌, 카드, 네이버페이 머니에 이어 네 번째 결제 수단으로 nKRW를 지원할 수 있다.대한민국에서 네이버페이는 굉장히 많은 곳에 사용된다. 네이버에서 제공하는 자체 쇼핑 플랫폼뿐만 아니라, 주요 외부 온라인 쇼핑몰, 오프라인 매장 등 다양한 곳에서 네이버페이를 활용할 수 있기 때문에 nKRW가 도입될 경우 상당히 많은 활용처를 한 번에 확보할 수 있을 것으로 기대된다.이외에도 현재 네이버페이는 네이버페이 머니에 연동된 카드 서비스도 제공하고있는데, 이의 연장선으로 nKRW 잔액으로 결제를 지원하는 카드를 출시할 수 있을 것이다. 결제에 스테이블코인을 사용할 경우 기존 선불충전금처럼 카드 네트워크나 카드사를 거치지 않아 중개 수수료가 낮을뿐더러, 기존 시스템에 비해 정산시간까지 획기적으로 개선할 수 있다는 장점이 있다.2.3.2 파급력





                가장 희망적인 케이스로 플랫폼 내의 모든 원화가 스테이블코인으로 바뀐다면, 그 즉시 네이버페이와 업비트의 스테이블코인은 USDT, UDSC 다음으로 큰 세계 3위의 스테이블코인이 될 수 있다. 하지만, 이는 현실적이지 않은 케이스이며, 5~10% 정도만 스테이블코인으로 대체되어도 페이팔의 PYUSD에 버금가는 규모를 달성할 수 있을 것이다. 3. 마치며3.1 그런데, 발행은 누가하지?만약 다양한 은행, 기업들이 원화 스테이블코인 발행 시장에 뛰어들었을 때, 네이버페이와 업비트의 컨소시엄을 이기기는 어려워보인다. 업비트가 막대한 유동성을 기반으로 스테이블코인의 초기 유통 성장을 견인하고, 어느정도 규모의 경제를 달성했을 때 네이버페이가 이를 송금, 결제 등 다양한 서비스에 활용할 수 있도록 하면서 장기적인 성장까지 기대해볼 수 있기 때문이다.그런데 잠깐, 여기서 결국 원화 스테이블코인의 발행은 누가하는 것일까? 초기에 USDC는 서클과 코인베이스가 공동 설립한 Centre의 거버넌스 아래에서 서클이 발행자의 역할을 수행하다가, 2023년 8월 Centre 컨소시엄이 해체되고, 모든 거버넌스와 발행 권한이 서클로 단일화되었다. 페이팔의 PYUSD 케이스를 보더라도 페이팔은 유통, 브랜딩에 참여할 뿐 실제 발행은 팍소스에서 담당한다.네이버페이와 업비트가 원화 스테이블코인을 발행한다면 네이버페이가 서클의 역할을하고, 업비트가 코인베이스의 역할을 하여 발행과 유통을 분리하면되는 것 아니냐라고 쉽게 생각할 수 있지만, 실상은 그렇지 않다. 현행 ""가상자산이용자보호법""에 따르면 ""자기 또는 특수관계자가 발행한 가상자산의 매매, 그 밖의 거래를 금지""하고 있다. 즉, 핀테크 기업이 스테이블코인을 발행하면서 유통까지 담당하는 모델은 현재 법상 어려울 수 있다. 다만 김효봉 법무법인 태평양 변호사에 따르면 해당 조항의 적용을 암호화폐 거래소 내 트레이딩에 한정한다면 핀테크 기업의 발행과 유통 가능성이 생길 수 있다고 언급하며, 해석에 따라 달라질 수 있다고 하였다.따라서 법 해석의 여지에 따라 네이버페이가 직접 원화 스테이블코인 발행사의 역할을 담당할 수도 있으며, 만약 이것이 불가능해질 경우 제 3의 은행 혹은 민간 발행사가 함께 컨소시엄에 참가하여 발행을 담당해야될 것이다.3.2 온체인으로 확장될 수 있을까?네이버페이와 업비트가 발행한 원화 스테이블코인은 기존 예치금과 유통 채널을 생각하면, 전 세계 탑 10의 규모를 가진 스테이블코인으로 발전할 가능성이 매우 크다. 그렇다면 이는 자연스럽게 온체인 디파이와 연계될 수 있을까? 나는 이에 대해 초기엔 어려울 것이라고 답하고 싶다.첫 번째 이유는 한국의 엄격한 외환법이다. 한국은 1997년 IMF 외환 사태 이후로 굉장히 엄격한 외환법을 적용하고 있다. 앞으로 원화 스테이블코인의 법제화가 가속화된다면 원화 스테이블코인은 법정화폐에 준하는 자격을 가질 확률이 매우 높으며, 이는 온체인으로의 전송을 어렵게 만들 여지가 있다. 현행법상 $10,000에 해당하는 금액을 송금/수취/환전 등만 해도 자동으로 신고되고 서류를 작성하는 복잡한 과정을 거쳐야 하기에 온체인으로의 출금은 꽤 제한될 여지가 높다.두 번째 이유는 원화에 대한 낮은 글로벌 수요이다. 디파이 프로토콜이 추구하는 주요 목표 중 하나는 예치금 확보이다. 달러 스테이블코인의 경우 글로벌 수요가 높기 때문에, 대부분의 글로벌 온체인 유저들이 달러 스테이블코인을 거의 기축통화로 사용하고 있지만, 만약 특정 디파이 프로토콜이 원화 스테이블코인을 서비스에 도입할 경우 그 고객은 한국 내에 존재하는 소수의 온체인 유저로 한정될 확률이 매우 크다. 그럼에도 불구하고, 원화 스테이블코인 그 자체의 규모가 다른 글로벌 스테이블코인에 준할 정도로 커진다면, 이 정도의 수요만으로도 글로벌 디파이 프로토콜에 큰 득이 될 가능성도 충분히 있다.3.3 디지털 G2를 위한 메가 스테이블코인의 탄생글로벌 결제 점유율에서 원화는 0.2% 미만의 점유율을 가지고 있으며, 상위 20위 안에도 포함되지 않을 정도로 결제 수요가 낮은 화폐이다. 다만 위에서 대략적으로 계산해보았듯이, 네이버페이와 업비트가 발행하는 원화 스테이블코인이 기존 예치금의 5% 정도만 차지해도 유로화의 대표 스테이블코인인 EURC의 규모를 뛰어넘을 가능성이 충분하다.과연 핀테크 1위와 암호화폐 거래소 1위의 컨소시엄이 성공할 수 있을지, 한국 내 다른 플레이어들은 이에 대응하여 어떤 새로운 전략을 펼칠지 지켜보도록 하자.*아시아 스테이블코인 얼라이언스(Asia Stablecoin Alliance)는 포필러스의 강희창, 복진솔, 그리고 레이어제로 한국 알렉스림(임종규) 대표가 시작하여 아시아 전역에서 스테이블코인 도입을 촉진하고, 명확한 규제 환경 구축과 견고한 기술 인프라 개발을 위한 리서치 및 교류 플랫폼으로써 출범하였다.외부 필진의 기고 내용은 본지의 편집 방향과 다를 수 있습니다.한경닷컴 뉴스룸 open@hankyung.com",https://www.hankyung.com/article/202507036222O,2025.07.03 14:14
,,,https://magazine.hankyung.com/business/article/202507098509b,
"우리금융그룹, 美 관세 피해 수출업체에 10조2000억 투입…상생대출·금리 우대","자영업 지원 '우리동네 선한가게'
장애인 위한 물품 기부함 설치","임종룡 우리금융그룹 회장(왼쪽)과 고객이 지난 3월 굿윌기부함에 1호 기부를 하는 모습.  우리금융그룹 제공

                우리금융그룹은 ‘우리가 함께 만드는 더 나은 미래’라는 슬로건 아래 소상공인과 취약계층, 무역분쟁으로 어려움을 겪는 기업 등을 대상으로 다양한 사회공헌 사업을 펼치고 있다. 기업의 사회적 책임을 다하려는 노력의 일환이다. 임종룡 우리금융 회장도 올해 초 신년사에서 “상생의 가치를 실천해 더 따뜻한 세상을 만드는 데 책임을 다하자”고 강조했다. ◇ 우리금융, 소상공인 지원 앞장우리금융은 지역 사회에서 선한 영향력을 전하고 있는 소상공인을 지원하기 위해 ‘우리동네 선한가게’ 사업을 운영하고 있다. 우리동네 선한가게 사업은 지역 사회에서 어려운 이웃에게 자발적으로 나눔을 실천하고 있는 소상공인을 대상으로 우리금융이 △금융 △컨설팅 △홍보 △인테리어 등을 지원하는 사업이다.우리금융은 식당, 미용실, 세탁소, 화원 등 전국 300여 곳의 우리동네 선한가게 사업장 중 매년 지원 필요성에 따라 20개의 사업장을 선정해 업종 특색에 맞는 내·외부 인테리어를 지원한다. 그룹사 인프라를 활용해 기부금 지원, 무료 경영컨설팅, 우리카드 결제 할인, 대출 및 예·적금 금리 우대 등의 혜택을 제공 중이다. 우리금융은 앞으로 우리동네 선한가게 대상을 더욱 확대할 계획이다.
                    




                우리금융은 2023년 11월부터 네이버와 제휴해 우리동네 선한가게 매장 검색 결과에 ‘선한 영향력을 나누는 우리동네 선한가게’라는 문구를 삽입했다. 최근에는 카카오맵에서도 선한가게 해시태그를 검색할 수 있도록 해 동네에서 선한 영향력을 전하고 있는 가게를 널리 알리고 있다.더불어 우리금융은 선한가게의 인지도를 높이고 방문 고객 수를 늘려 사장님들의 선행이 지속될 수 있도록 사회공헌 선순환 생태계 조성에 힘쓰고 있다. 이를 위해 우리동네 선한가게 전용 홈페이지를 운영하고, 서울 충무로 인근 디지털 옥외광고판에 선한가게 홍보 영상을 송출하는 등 다양한 홍보 활동을 펼치고 있다. ◇ 관세 피해 수출기업도 지원





                우리금융은 지난 4월 미국의 상호관세 부과 조치에 따른 혼란 속에서 수출입 기업 지원을 위해 총 10조2000억원을 투입하기로 했다. 우선 신용보증기금 또는 기술보증기금 연계 수출기업을 대상으로 우대 보증서를 지원한다. 반도체·자동차 등 피해기업 협력사 대상으로 총 2조3000억원 규모 상생대출을 실시한다.총 2700억원 규모의 무역보험공사 보증서 담보대출 등 수출 대기업·중견기업 납품 협력사 대상으로 운전자금 지원 규모도 확대한다. 중소기업은 최대 50억원, 중견기업은 최대 100억원에 대해 보증을 지원받는다. 최대 2%포인트의 금리우대도 실시한다. 고환율·경기침체 취약 소상공인을 대상으로 보증서 대출 등 2000억원 규모의 지원책도 마련했다.우리금융은 또 수출기업 유동성 지원 프로그램으로 7조3000억원을 투입한다. 우선 수출기업과 협력기업 금융비용 경감에 6조7000억원을 지원한다. 상호관세 피해 기업 대상 금리 지원을 강화하고, 연 5% 초과 금리 인하 프로그램 활성화, 외환 수수료 우대 등 다양한 지원방안을 내놨다.반도체와 자동차 업종에 대한 신보·기보 연계 특별 출연을 실시해 중소기업 특별 보증서 대출 5000억원을 공급한다. 상호관세 피해기업에는 최대 3%포인트의 금리를 우대해준다. 상호관세 타격 기업의 경영안정을 위해 최대 5억원의 여신을 지원하고 금리, 수수료를 우대해주는 등 1000억원의 특별지원도 실시한다. 수출환 어음 부도처리 유예 기간도 최대 90일로 연장해준다. ◇ 장애인 일자리 생태계 구축 노력우리금융은 지난 3월 장애인 일자리 생태계 구축 및 기부문화 확산을 위해 물품 기부함인 ‘굿윌기부함’을 우리은행 소공동지점에 설치했다. ‘굿윌기부함’은 365일 언제든 편리하게 물품을 기부할 수 있는 기부함으로, 우리은행 현금자동입출금기(ATM) 코너에 설치된다. 현재 전국에 21개 기부함이 설치됐다. 기부한 물품은 장애인의 자립을 지원하는 ‘굿윌스토어’에서 판매된다. 수익금은 ‘굿윌스토어’에서 근무하는 발달장애인의 급여로 사용된다.기부함에는 기부신청서와 물품을 담을 수 있는 기부 봉투가 비치돼 있어 편리한 기부가 가능하다. 기부자가 기부신청서를 작성해 물품과 함께 넣으면, 굿윌스토어에서 확인해 기부금 영수증을 발급하기 때문에 연말정산 시 세액공제 혜택을 받을 수 있다.우리금융은 다문화가족의 한국 사회 정착을 돕기 위한 노력도 기울이고 있다. 2012년 금융권 최초로 다문화가족 지원을 위한 공익재단으로 설립된 우리다문화장학재단은 지금까지 다문화가족 학생 약 7700명에게 장학금 98억9000만원을 지원했다. 우리금융은 더 많은 다문화가족 학생들이 꿈을 키울 수 있도록 800명이던 연간 지원 대상을 올해 1000으로 확대했다.우리금융은 또 다문화가족 자녀들에게 맞춤형 책상과 의자 등을 선물하는 ‘우리 드림(Dream) 공부방’ 사업도 펼치고 있다. 임 회장은 “우리금융은 우리 모두를 위한 사회적 책임을 실천하기 위해 노력하고 있다”고 강조했다.정의진 기자 justjin@hankyung.com",https://www.hankyung.com/article/2025071611511,2025.07.16 15:41
'국가 대표 AI' 선발전에 15개팀 도전,"대기업부터 스타트업까지 다양
내달 5개팀 선정해 개발 돌입","‘국가대표 인공지능(AI)’ 선발전에 총 15개 정예 팀이 도전장을 냈다. 정부는 다음달 초 5개 팀을 선발할 예정이다.과학기술정보통신부는 ‘독자 AI 파운데이션 모델’ 프로젝트 공모 결과 총 15개 정예 팀의 제안이 접수됐다고 21일 발표했다.프로젝트에 참가한 AI 기업·기관 등 컨소시엄은 네이버클라우드, 루닛, 모티프테크놀로지스, 바이오넥서스, 사이오닉에이아이, 업스테이지, SK텔레콤, NC AI, LG AI연구원, 정션메드, 카카오, KT, 코난테크놀로지, 파이온코퍼레이션, KAIST 등이다.독자 AI 파운데이션 모델은 해외 모델의 파인튜닝(미세 조정) 등으로 개발한 파생형 모델이 아니라 설계부터 사전 학습 과정 등을 수행한 국산 모델을 뜻한다. 국내외 벤치마크 등에서 글로벌 AI 모델의 95% 이상 성능을 내는 것이 목표다.정부는 선정된 기업에 그래픽처리장치(GPU)와 데이터, 인재를 집중적으로 지원할 계획이다. GPU는 사업 첫해 엔비디아의 H100 1000개 또는 B200 500개를 지원한다. 내년부터는 B200 1000개로 지원 규모를 늘린다. 아울러 2027년까지 총 628억원을 들여 각 기업에 AI 모델 학습에 쓸 맞춤 데이터를 제공할 예정이다. 해외 우수 AI 연구자 영입에도 총 250억원을 지원한다.과기정통부는 제출 서류의 적합성 검토, 서면 평가, 발표 평가, 사업비 심의·조정 등 절차를 거쳐 다음달 초 5개 팀을 선정할 방침이다. 올해 사업을 진행한 뒤 내년 상반기 4개 팀, 하반기 3개 팀을 거쳐 최종적으로 2027년 2개 팀을 남길 예정이다.이승우 기자 leeswoo@hankyung.com",https://www.hankyung.com/article/2025072125521,2025.07.21 17:32
신용대출 이자 절감 꿀팁! 증권사 3%대 대출 전환법 공개,,"전송종목 : 동원시스템즈, 한국전력, 삼성증권, SK텔레콤, 현대엘리베이터최근 주식 투자자들 사이에서 주식대출(미수/신용융자 등)의 고금리에 대한 부담이 커지고 있다.특히 저금리를 적용 받고 싶어도, 기존 대출을 상환하고 다시 주식을 매수해야 하는 번거로운 절차와 자금 조달의 어려움이 발목을 잡고 있다.이런 현실적인 문제를 해결하고자, 무빙스탁이 ‘증권사 신용, 대환자금대출’ 서비스를 전격 출시했다.이 상품은 주식을 매도하지 않고도, 기존의 고금리의 주식대출(미수/신용융자 등)의 3%대의 혁신적인 저금리 증권사로 전환할 수 있도록 상환자금을 제공하는 것이 핵심이다.무빙스탁 관계자는 “현재 증권사 이벤트 금리는 연 3%대 수준으로, 기존 9~10%대 고금리를 적용받는 투자자라면 절감 효과가 상당하다”며, 금리를 5%만 낮추면 “1억원 신용대출 기준으로 연간 약 500만원, 3억원이라면 1,500만원까지도 절약할 수 있다”고 밝혔다.더 놀라운 점은, 현재는 이벤트 기간으로 대환자금대출 신청시 발생하는 이자 비용까지 ‘0원’이라는 사실이다. 대환자금에 대해서 하루의 대출이자도 부담하지 않고 기존 고금리 대출을 저금리로 전환할 수 있어, 고금리 부담에 시달리던 투자자들에게 큰 호응을 얻을 전망이다.이 서비스는 부동산 시장에서 흔히 이용되던 대환대출 개념을 증권시장에 도입한 혁신적인 시도로, 주식 투자자들의 자금 운용에 새로운 대안을 제시할 것으로 기대된다.무빙스탁 ‘증권사 신용, 대환자금대출’의 비용 무료 이벤트는 이벤트 기간 동안 한정적으로 제공되는 만큼, 신용융자를 이용 중인 투자자라면 지금 바로 확인해볼 필요가 있다.★ 장마감 시간이 가까워질수록 문의가 많아 상담이 지연될 수 있습니다.★ 7월 문의하신 고객들이 많이 보유하신 종목으로는 삼성전자, POSCO홀딩스, 셀트리온, 포스코퓨처엠, 에코프로비엠, NAVER, 에코프로, 삼성SDI, LG화학, SK하이닉스, 두산에너빌리티, 카카오, SK이노베이션, LG에너지솔루션, 엘앤에프, 삼천당제약, 현대차, 알테오젠, HPSP, LG전자 등이 있습니다.★ 안내사항과도한 빚은 당신에게 큰 불행을 안겨줄 수 있습니다. 대출 시 신용등급 하락으로 다른 금융거래가 제약받을 수 있습니다. 중개수수료를 요구하거나 받는 것은 불법입니다.상호명: ㈜단비대부 2021-서울영등포-2102(대부업) | TEL: 1544-4886 | 대출금리: 연 20%이내(연체금리는 약정금리+3%p이내, 최대 연 20%이내) | 단, 2021. 7. 7.부터 신규체결, 갱신, 연장되는 계약에 한함 | 채무의 조기상환 조건 및 부대비용 없음. (단, 신용조회비용 및 담보권설정비용 있음), 이자 외 별도로 중개수수료를 요구하거나 수취하는 것은 불법입니다. | 대표이사: 박동원 | 사업자등록번호: 274-86-00231 | 등록기관명칭: 서울 영등포구청(담당부서: 일자리경제과, 02-2670-3420) | 소재지 : 서울 영등포구 여의대방로67길 11, 5층 517호 | 개인정보관리자메일: help@danbifund.co.kr무료상담",https://www.hankyung.com/article/202507083726a,2025.07.08 08:33
"15일, 거래소 외국인 순매도상위에 보험 업종 3종목",,"외국인 투자자는 15일 거래소에서 현대차, 삼성화재, 기아 등을 중점적으로 매도한 것으로 나타났다.외국인 투자자의 순매도 상위 20개 종목은 현대차, 삼성화재, 기아, 기업은행, SK텔레콤, NAVER, 신한지주, 우리금융지주, 삼성SDI, DB손해보험등이다.이중에 보험 업종에 속한 종목이 3개 포함되어 있다.기업은행, NAVER, 우리금융지주 등은 전일 대비 주가가 상승했고, 현대차, 삼성화재, 기아 등은 주가가 하락했다.[07월15일]거래소 외국인 순매도 상위 종목한경로보뉴스이 기사는 한국경제신문과 금융 AI 전문기업 씽크풀이 공동 개발한 기사 자동생성 알고리즘에 의해 실시간으로 작성된 것입니다.",https://www.hankyung.com/article/202507150337L,2025.07.15 18:35
동해선을 따라 떠나는 관광전용열차 운행,경북·강원·부산·울산이 함께 만든 특별한 여름,"동해바다를 달리는 KTX . 코레일 제공

                경상북도는 올해 1월 1일 개통된 동해선을 활용해 동해안권 관광 활성화를 위해 오는 17일과 19일, 양일에 걸쳐 ‘완벽한 기차여행’ 관광전용 열차를 운영한다.이번 관광열차는 동해선 구간을 활용해 지역 간 연계 관광을 촉진하고 경북을 포함한 동해안 관광 활성화를 도모하기 위한 첫 시도로, 동해안권관광진흥협의회(경북, 강원, 부산, 울산 4개 시도)가 한국철도공사(코레일) 부산경남본부와 공동 기획했다.‘완벽한 기차여행’ 상품은 17일 부산-울진, 부산-삼척·동해 코스와 19일 울진을 경유 하는 동해-부산, 동해-울산 코스 등 4가지 코스로 구성된다.열차 여행에는 지역 관광, 문화 체험, 미식, 열차 내 레크리에이션 등 다양한 콘텐츠가 결합해 있으며, 왕복 열차료, 식비, 입장권, 가이드 비용까지 모두 포함되어 합리적인 가격으로 동해안 열차 여행의 즐거움을 누릴 수 있다.열차 안에서는 1일 바텐더로 임명된 코레일 직원이 만드는 하이볼 시음 및 지역 특산물 체험이 가능한 ‘완벽 카페’와 함께, 관광지 사진으로 꾸며진 ‘포토존 및 셀프 사진기 부스’, 객차 내 레크리에이션 등 풍성한 프로그램이 마련되어 있어 이동 중에도 다채로운 체험을 즐길 수 있다.
                    



울진 덕구온천. 경북도 제공

                특히, 17일 운행하는 울진 코스에서는 10만 5000원의 가격으로 열차 내 모든 콘텐츠와 함께 왕피천케이블카, 성류굴, 덕구온천과 바지게시장 등 동해안 필수 여행지를 체험할 수 있다.
                    



울진 왕피천 케이블카. 울진군 제공

                이번 관광열차는 동해선 개통으로 접근성이 크게 개선된 경북 울진 지역을 전국적인 관광지로 도약시키는 계기가 될 것으로 기대된다.또한 경북 동해안의 숨겨진 명소와 지역 자원을 널리 알리고, 관광객 유입을 통해 지역 상권 활성화 및 경제 회복에도 긍정적인 효과를 가져올 것으로 전망된다.김병곤 경상북도 문화관광체육국장은 “이번 ‘완벽한 기차여행’은 경북을 포함한 4개 시도가 함께 만든 협력의 결실”이라며, “동해선 개통은 단순한 교통망 확장을 넘어 동해안의 자연과 문화를 전국에 알릴 소중한 기회로, 앞으로도 4개 시도가 지속적인 협력과 연계를 통해 동해안을 대한민국 대표 관광권역으로 성장시켜 나가겠다”고 말했다.‘완벽한 기차여행’ 상품과 관련한 자세한 내용과 상품 예약은 부산역 여행센터, 관련 여행사 다올여행 또는 네이버 스마트스토어에서 확인할 수 있다.오경묵 기자",https://www.hankyung.com/article/202507060396h,2025.07.06 08:14
"""검색 대신 발견하는 재미""…'숏폼' 마케팅 강화나선 유통업계","숏폼 콘텐츠로 체류시간, 매출 확대
구매 전환율 일반 상품 대비 높아
크리에이터 지원으로 콘텐츠 강화 나서","사진=게티이미지뱅크

                틱톡·유튜브 등에서 인기를 끌고 있는 숏폼 콘텐츠가 유통업계의 새로운 마케팅 방안으로 떠오르고 있다. 소비자들의 온라인 쇼핑 방식이 검색에서 발견으로 바뀌면서다. 업계에선 라이브방송에 이어 '숏폼' 콘텐츠 강화에 속도를 내고 있다.17일 업계에 따르면 전자상거래(이커머스) 플랫폼은 자사 애플리케이션(앱)에 숏폼 콘텐츠를 모아 볼 수 있는 별도의 코너를 마련해 운영하고 있다. 쇼핑 방식이 달라지면서 변화에 대응했다는 게 업계의 반응이다. 기존에는 필요한 물건을 구매하기 전 원하는 제품의 가격과 사용자 리뷰 등을 비교해보며 구매했다면, 최근에는 숏폼 콘텐츠를 넘겨보다가 마음에 드는 상품을 구매하는 방식으로 바뀌고 있다. 검색에 의존했던 쇼핑이 영상을 보며 '발견' 하는 형태로 달라진 셈이다.이러한 변화는 자신이 구독하는 인플루언서의 영상에 등장한 제품을 따라 구매하는 데서 시작된 것으로 알려졌다. 영상 속 인플루언서가 입은 옷과 신발, 가방 등 제품을 물어보는 사례가 빈번했고, 이는 인플루언서가 광고 모델이 된 것과 같은 효과를 냈다. 구독자는 댓글로 제품 정보를 묻고 답변을 기다릴 필요 없이 이제는 화면 하단 태그 혹은 상품 이미지를 선택하면 구매 페이지로 이동할 수 있어 쇼핑 편의성도 높아졌다.업계 관계자는 ""1분 이하의 짧은 영상이지만 그만큼 빠른 소비가 이뤄지고, 다음 영상을 반복해 넘겨보는 숏폼 특성상 한번 시작하면 시청하게 되는 영상 수는 더 많다""며 ""체류시간이 길어지면서 다양한 입점 브랜드 상품까지 홍보하는 효과도 볼 수 있다""고 귀띔했다.또한 알고리즘 기반으로 최근 구매했던 상품, 검색한 제품과 관련된 콘텐츠를 노출해 구매율을 높이는 데 기여한다는 설명이다. W컨셉에 따르면 2분기 기준 숏폼 상품 구매 전환율은 6.2%다. 일반 상품 대비 4배 높다는 설명이다. 또한 상품 구매 건수와 매출은 1분기 대비 182%, 98% 늘었다. 유통업계는 유튜브, 틱톡 등 동영상 플랫폼에 입점하는 대신 자사 앱에 숏폼 탭을 운영해 수수료 부담도 낮췄다.
                    



사진=네이버 플러스 스토어 캡처

                네이버는 지난 3월 네이버 플러스 스토어를 출시하면서 하단에 '발견' 탭을 도입했다. 상품과 연결된 숏폼 콘텐츠를 모아 사용자가 넘겨보며 제품을 발견하는 방식이다. 11번가와 W컨셉 역시 앱 하단에 '플레이' 탭을 운영해 숏폼 콘텐츠를 통한 쇼핑을 유도한다.매출과 체류시간, 입점 브랜드 상품 노출 확대에 숏폼 콘텐츠 효과가 커지면서 업계는 크리에이터와 협업, 지원으로 콘텐츠 강화에 나섰다. W컨셉은 숏폼 콘텐츠 강화를 위해 크리에이터 지원 프로그램을 선보였다. 창작활동 지원과 수익화 기회를 제공한다. 오는 17일에는 창작자가 자유롭게 콘텐츠를 기획하고 제작할 수 있도록 상품 제공부터 수익 창출까지 창작 활동을 지원하는 'W어필리에이트 프로그램'을 선보인다.카카오스타일 지그재그는 크리에이터 라운지를 운영한다. 지그재그와 입점 스토어를 통해 캠페인을 제안받아 광고, 협찬 등의 협업 기회를 제공한다. 크리에이터로 활동하면 현금, 포인트, 제품, 쿠폰 등 앱에서 사용할 수 있는 리워드를 제공한다.
                    



사진=11번가, W컨셉 애플리케이션 캡처

                업계 관계자는 ""디지털 네이티브 세대가 패션업계 주 고객층으로 떠오르면서 영상에 익숙한 세대를 락인하기 위한 전략으로 숏폼을 활용하고 있다""며 ""구매에 필요한 정보를 빠르게 획득할 수 있고, 차별화된 쇼핑 경험을 제공하는 창구가 되고 있다""고 말했다.업계가 크리에이터 지원에 나선 이유는 콘텐츠와 매출 확대다. 볼거리 증가가 곧 소비자 유입과 매출 증가로 이어질 수 있어서다. 검색에서 발견으로 소비 형태가 달라지면서 '숏폼' 시장 경쟁도 더욱 커질 전망이다.글로벌 시장 조사기관인 폴라리스 마켓 리서치에 따르면 2024년 커머스용 소셜 플랫폼 시장 규모는 1조 2011억달러(약 1670조원)로 평가됐다. 2025년 1조 5128억달러(약 2100조원)에서 2034년 12조4593억달러(약 1경7300조원)로 연평균 성장률 26.4%를 보일 것으로 예상했다.신용현 한경닷컴 기자 yonghyun@hankyung.com",https://www.hankyung.com/article/202507161889g,2025.07.17 07:30
"파죽지세 코스피, ""하반기 3700 넘는다""","주주환원·경기 부양책 힘입어
한달새 13.16% 올라 3100 터치

포스코홀딩스·코오롱·HS효성·SK…
지주사 주가 20% 이상 급등세
삼성전자 4% 넘게 오르며 '6만전자' 안착","코스피지수가 3100선까지 탈환하며 파죽지세로 달리고 있다. ‘삼천피’ 돌파 이후 횡보 장세가 펼쳐지고 있지만 주주 환원과 경기 부양 등 새 정부 정책에 힘입어 추가 상승할 것이란 분석이 지배적이다. 기존 주도주에 더해 삼성전자까지 상승세를 타고 있는 점도 큰 동력이다. 주요 증권사는 하반기 지수 전망치를 3700 이상으로 올려 잡고 있다. ◇ 새 정부 정책 기대로 전방위 상승세8일 한국거래소에 따르면 21대 대선 이후 1개월(6월 4일~7월 4일)간 코스피지수는 13.16% 상승했다. 코로나19 유동성 장세였던 2021년 이후 처음으로 3000을 돌파한 데 이어 3100선까지 터치했다.상승 동력은 새 정부의 증시 부양책 기대다. 여야 합의로 상법 개정안을 통과시킨 데 더해 배당소득 분리과세, 자사주 소각 의무화 등 주주 권리 강화 정책이 줄줄이 대기하고 있다.특히 지주회사 주가가 급등세다. 해당 기간 포스코홀딩스와 코오롱이 각각 29.71%, 27.65% 급등했다. HS효성은 24.79% 올랐고, SK 또한 20.32% 상승했다.
                    






이미지 크게보기



                인공지능(AI), 암호화폐 정책 기대감에 유통과 인터넷 등 그동안 크게 움직이지 않던 업종도 상승세를 타고 있다. 네이버가 33.51% 오른 데 더해 스테이블코인 테마를 탄 카카오페이와 LG CNS는 각각 107.34%, 58.53% 급등했다.전문가들은 국내 증시의 추가 상승을 전망하고 있다. 코스피지수가 연고점을 넘어서며 3년9개월 만에 최고 수준에 도달했지만 과열이 아니라는 분석이 지배적이다. 월간 상승률 14.3%를 기록한 2020년 11월 유가증권시장의 총거래대금은 320조원 수준이었다. 13.86% 오른 지난달 거래대금은 289조원으로, 당시에는 못 미친다.개인 투자자의 과열 정도를 보여주는 신용융자 잔액은 지난달 말 20조7868억원으로, 3300을 넘어선 2021년 8월(25조원)보다 적다. 허재환 유진투자증권 연구원은 “국내 증시가 2020~2021년에 비해 차분한 모습을 보이고 있다”며 “뜨겁지만 과열은 아니다”고 말했다.증권사들은 지수 전망치를 상향 조정하고 있다. 하나증권은 현재 약 2500조원인 유가증권시장 시가총액이 하반기엔 2980조원으로 3000조원에 육박할 것으로 분석했다. 현실화하면 코스피지수가 3710까지 오를 수 있다.지난달 중순 코스피지수 전망치 상단을 3240으로 높인 KB증권은 2주일 만에 3700으로 재차 상향했다. 이은택 KB증권 연구원은 “증시 부양 정책에 더해 달러 약세가 이어지며 국내 증시의 밸류에이션(실적 대비 주가 수준) 재평가를 촉발할 것”이라고 내다봤다. ◇ 삼성전자 가세하면 추가 상승 전망지지부진하던 삼성전자까지 움직이고 있는 흐름은 코스피지수 추가 상승 전망을 뒷받침한다. 삼성전자는 지난주 4% 넘게 오르며 ‘6만전자’에 안착했다. 삼성전자 기술 경쟁력 회복에 대한 기대와 순환매가 주가 상승을 이끌었다. 지난달 자체 개발한 10나노 6세대 D램(1c D램)은 최근 내부 품질 테스트에서 양산 가능 판정을 받았다. 하반기 HBM3E 12단 제품의 엔비디아 품질 승인이 기대되는 상황에서 HBM4의 성공 가능성도 커졌다는 평가다.대규모로 삼성전자를 순매도하던 외국인들도 순매수로 돌아섰다. 최근 1개월간 외국인의 삼성전자 순매수 규모는 1조2039억원에 달한다. 순매수 1위 SK하이닉스(1조2623억원)와 큰 차이가 없다.시가총액 1위 삼성전자가 본격적으로 상승하면 코스피지수가 추가로 오를 수 있는 강한 동력을 얻을 전망이다. 유가증권시장의 삼성전자 시총 비중(우선주 포함)은 지난 4일 기준 16.7%로 지난해 7월 약 25%보다 크게 낮아졌다. 지난해 하반기부터 올 상반기까지 외국인이 삼성전자를 22조원어치 넘게 순매도하면서 유가증권시장 외국인 지분율 또한 같은 기간 36%에서 32%로 내려왔다. 한 자산운용사 대표는 “외국인이 삼성전자를 꾸준히 사들일 가능성이 높다”며 “이 경우 3000을 넘긴 뒤 횡보 중인 코스피지수가 추가 상승 탄력을 받을 것”이라고 말했다.박한신 기자 phs@hankyung.com",https://www.hankyung.com/article/2025070841121,2025.07.08 15:56
"네이버, AI 사업 모멘텀과 글로벌 확장 기대감에 힘입어 장중 강세",,"7월 16일 오전, 네이버 주가가 뚜렷한 상승세를 보이며 투자자들의 주목을 받고 있다. 장 초반 네이버는 전일 대비 1% 이상 오르며 25만8천 원 선에 거래되고 있다. 최근의 주가 강세는 AI 기술 내재화, 플랫폼 경쟁력 강화, 글로벌 사업 확장 등 다각도의 실적·성장 모멘텀에 기반한 결과라는 분석이다.특히 네이버는 2025년 1분기 매출 2조8,000억 원, 영업이익 5,100억 원을 기록하며 전년 동기 대비 각각 10.8%, 16.3% 증가한 실적을 거뒀다. 핵심 비즈니스인 검색플랫폼과 AI 기반 광고, 커머스 부문 모두 두 자릿수 성장률을 보이며 생태계 우위가 더욱 공고해진 모습이다. 최근 선보인 ‘네이버 플러스 스토어’ 앱과 AI 브리핑 기능, 자체 AI모델 하이퍼클로바X 등 신사업이 성과를 내며 광고와 커머스 매출을 견인한 것으로 풀이된다. 실제 2분기 이후에도 AI 투자 확대와 맞물려 플랫폼 내 체류시간·거래액이 증가하면서 성장세가 이어졌다.글로벌 시장 확장 역시 투자심리에 긍정적으로 작용하고 있다. 네이버는 최근 북미 스타트업 투자를 확대하며 실리콘밸리에 ‘네이버 벤처스’를 신설해 현지 테크 기업과의 네트워크를 강화하고 있다. 동시에 사우디 등 중동·북아프리카 지역에서 대규모 AI 데이터센터, 스마트시티, 로봇 자율주행 등 첨단 프로젝트를 본격화하며 장기 성장동력 마련에 나섰다. 이러한 적극적 해외 진출 전략은 네이버의 플랫폼 경쟁력이 국내외로 확장된다는 시장 기대를 자극한다.기관과 외국인 투자자의 순매수세 역시 이어지는 가운데, AI 및 글로벌 성장 모멘텀이 네이버 주가를 견인하고 있다는 평가가 나온다. 증권가는 “AI 인프라 투자와 신사업 성과가 실적에 빠르게 녹아들며, 올해 네이버의 실적과 주가 흐름이 동반 상승할 것”이라고 내다봤다. 업계 전문가는 “네이버의 플랫폼·데이터 경쟁력이 AI 혁신과 맞물리며, 중장기적으로 국내를 넘어 아시아 최고 AI 기업으로 도약할 기반이 공고해지고 있다”는 진단을 내놓았다.지씨지놈, 클래시스, 삼성중공업, ISC, 위메이드무료상담",https://www.hankyung.com/article/202507161578a,2025.07.16 12:53
빠질만큼 빠졌다! 실적 턴어라운드를 지켜볼만한 이 종목은?,,"경유레카는 한국경제신문의 디지털 미디어인 한경닷컴에서 개발한 개별 종목에대한인공지능(AI) 알고리즘 업체의 투자 의견을 종합한 'AI 컨센서스'를 제공하는 서비스입니다. '한경유레카' 앱은 구글 플레이 스토어 혹은 앱스토어에서 내려받을 수 있습니다.





종목추천 서비스 종합 플랫폼 한경유레카에 입점한 파봇랭크가 전거래일(8일) 대한광통신을 추천하여 수익률 9.2%를 기록했다.파봇랭크는 10년간의 증권사 리포트를 분석하여 리포트와 주가 흐름을 빅데이터 및 인공지능을 통해 랭킹을 부여하는 알고리즘이다.파봇랭크는 대한광통신이 전고점 대비 하락추세가 전환이 되었고 최근 외국인 및 기관의 매매추세도 전환된 것으로 파악된다며 해당 종목을 추천했다.한경유레카에서 신규가입을 하고 파봇랭크를 구독하면 1개월간 무료로 추천종목을 문자로 받아볼 수 있다.  본 글은 투자 참고용입니다.동양철관 제주은행 풍산홀딩스 키스트론 NAVER",https://www.hankyung.com/article/202507096420a,2025.07.09 12:48
[한경유레카] 뉴온 강세...유레카는 이미 매수 의견 제시,,"한경유레카는 한국경제신문의 디지털 미디어인 한경닷컴에서 개발한 개별 종목에대한인공지능(AI) 알고리즘 업체의 투자 의견을 종합한 'AI 컨센서스'를 제공하는 서비스입니다. '한경유레카' 앱은 구글 플레이 스토어 혹은 앱스토어에서 내려받을 수 있습니다.





21일 뉴온이 강세다. 뉴온은 오전 11시 44분 전일대비 2.53% 오른 1,256원에 거래되고 있다.뉴온은 최근 1주일간 외국인은 17,852주를 순매수했으며, 기관은 6,224주를 순매도 했다.AI 알고리즘들의 투자의견을 종합한 한경유레카는 뉴온에 대해 7월 18일 매수의견을 제시했다. 오늘까지 보유했다면 수익률은 2.5% 이다.한경유레카에서 관심종목을 검색하면 AI 알고리즘들의 종합의견을 무료로 확인할 수있다.한경닷컴은 한경유레카 출시를 기념해 ‘1개월 무료체험 이벤트’ 를 진행하고있다. 원하는 AI 알고리즘업체 한 곳을 1개월 간 무료로 구독할 수 있다. 한경유레카 앱은 구글플레이스토어 혹은 앱스토어에서 내려받으면 된다.





뉴온 엠게임 NAVER 카카오 서울평가정보본 글은 투자 참고용입니다.",https://www.hankyung.com/article/202507211529a,2025.07.21 11:45
,,,https://magazine.hankyung.com/job-joy/article/202507212925d,
"실험실 뛰쳐나온 기초과학 연구자 2229명…""AI도 기초연구 키워야 도약""","쪼그라드는 기초연구 생태계

연구자 2배 늘었는데 과제 줄어
과기정책, AI에만 시선 쏠릴 우려
""과제 수 3년간 6400개씩 늘려야""","2023년 31조3000억원이던 연구개발(R&D) 예산이 지난해 26조5000억원으로 13.9% 감소했다. 신임 교수 정착비, 지방대 연구실 운영비 등이 줄줄이 폐지되며 기초 연구 생태계가 큰 타격을 받았다. 젊은 과학자가 풀뿌리 연구로 출발해 중견·대형 과제로 이어가는 단계별 지원 체계도 멈췄다. 신규 과제는 무산됐고, 장기 과제도 실험 장비·재료 확보가 어려워지면서 차질을 빚었다. 윤석열 정부 출범 이후 국가 R&D 예산이 대폭 줄면서 발생한 혼란이다.
                    






이미지 크게보기



                이재명 대통령은 글로벌 인공지능(AI) 3대 강국이라는 목표 달성을 위해 R&D 예산 확대를 강조했다. 국가 총지출의 5% 이상을 R&D에 투자하도록 법제화하자는 목소리도 여권에서 제기되고 있다. 올해 국가 총지출은 추가경정예산을 반영하면 702조원이다. 5%를 R&D에 투자하면 R&D 총예산은 사상 처음 35조원을 넘긴다.하지만 우려의 목소리도 나온다. AI미래기획수석비서관과 과학기술정보통신부 장관에 각각 하정우 전 네이버클라우드 센터장, 배경훈 LG AI연구원장이 선임되면서 R&D 예산이 AI에만 집중되는 것 아니냐는 불안이다. 이종호 전 과기정통부 장관은 “AI비서관을 신설한 것은 환영할 만한 일”이라면서도 “장관만큼은 기초과학에 능한 인사였으면 어땠을까 하는 아쉬움이 있다”고 말했다. 한 KAIST 교수는 “AI 연구도 결국 풀뿌리 기초연구로부터 시작된다”며 “신임 장관이 AI뿐만 아니라 기초과학에도 관심을 둬야 한다”고 제언했다.국내 기초과학 관련 학회의 협의체인 ‘기초과학학회협의체’도 지난달 14일 국회의사당 본청 앞에서 대한수학회, 한국물리학회, 대한화학회, 한국생물과학협회, 한국지구과학연합회, 한국통계학회 소속 회원들과 함께 새 정부에 기초과학 연구생태계 복원을 촉구하는 성명서를 발표했다. 성명서에는 대한수학회 340명, 한국물리학회 612명, 대한화학회 489명, 한국생물과학협회 112명, 한국지구과학연합회 540명, 한국통계학회 136명 등 총 2229명이 이름을 올렸다.이들은 “연구실을 지키고 있어야 할 기초과학 연구자들이 이 자리에 선 것은 연구실이 사라지고 있기 때문”이라며 “2021년도부터 2025년도까지 연구자가 2만7000명에서 5만6000명 이상으로 두 배 넘게 증가했지만 과제 수는 약 1만5000개에서 1만1000개로 줄었다”고 호소했다. 기초연구 과제 수 대폭 감소로 고사 위기에 처했다는 것이다. 실제 정부의 기초연구사업 과제 수는 2021년 1만5183개에서 2023년 1만4912개, 올해는 1만1829개로 쪼그라들었다. 출연연 관계자는 “신규 및 계속 총과제가 2026년 1만8200개, 2027년 2만4700개, 2028년 3만1100개로 늘어나야 한다”며 “향후 3년간 매년 최소 6400개 수준의 과제 수 증가가 필요하다”고 강조했다.과기정통부는 국정기획위원회 보고에서 R&D 예산 삭감으로 줄어든 풀뿌리 연구 과제 수를 내년 1만5000개로 복원하는 방안을 추진하겠다고 보고했다. 이를 위해 750억원 규모의 예산이 추가 요구될 것으로 내다봤다. 새 정부는 첫 기초연구지원 예산을 크게 확대해 오는 9월까지 혁신 방안을 마련한다는 방침이다.강경주 기자 qurasoha@hankyung.com",https://www.hankyung.com/article/2025071501461,2025.07.15 18:13
이자 폭탄 막자! 증권사 신용대출 3%대 전환으로 절약하는 법,,"전송종목 : 현대로템, LG씨엔에스, 신성델타테크, LG전자, 엘앤에프최근 주식 투자자들 사이에서 주식대출(미수/신용융자 등)의 고금리에 대한 부담이 커지고 있다.특히 저금리를 적용 받고 싶어도, 기존 대출을 상환하고 다시 주식을 매수해야 하는 번거로운 절차와 자금 조달의 어려움이 발목을 잡고 있다.이런 현실적인 문제를 해결하고자, 무빙스탁이 ‘증권사 신용, 대환자금대출’ 서비스를 전격 출시했다.이 상품은 주식을 매도하지 않고도, 기존의 고금리의 주식대출(미수/신용융자 등)의 3%대의 혁신적인 저금리 증권사로 전환할 수 있도록 상환자금을 제공하는 것이 핵심이다.무빙스탁 관계자는 “현재 증권사 이벤트 금리는 연 3%대 수준으로, 기존 9~10%대 고금리를 적용받는 투자자라면 절감 효과가 상당하다”며, 금리를 5%만 낮추면 “1억원 신용대출 기준으로 연간 약 500만원, 3억원이라면 1,500만원까지도 절약할 수 있다”고 밝혔다.더 놀라운 점은, 현재는 이벤트 기간으로 대환자금대출 신청시 발생하는 이자 비용까지 ‘0원’이라는 사실이다. 대환자금에 대해서 하루의 대출이자도 부담하지 않고 기존 고금리 대출을 저금리로 전환할 수 있어, 고금리 부담에 시달리던 투자자들에게 큰 호응을 얻을 전망이다.이 서비스는 부동산 시장에서 흔히 이용되던 대환대출 개념을 증권시장에 도입한 혁신적인 시도로, 주식 투자자들의 자금 운용에 새로운 대안을 제시할 것으로 기대된다.무빙스탁 ‘증권사 신용, 대환자금대출’의 비용 무료 이벤트는 이벤트 기간 동안 한정적으로 제공되는 만큼, 신용융자를 이용 중인 투자자라면 지금 바로 확인해볼 필요가 있다.★ 장마감 시간이 가까워질수록 문의가 많아 상담이 지연될 수 있습니다.★ 7월 문의하신 고객들이 많이 보유하신 종목으로는 삼성전자, POSCO홀딩스, 셀트리온, 포스코퓨처엠, 에코프로비엠, NAVER, 에코프로, 삼성SDI, LG화학, SK하이닉스, 두산에너빌리티, 카카오, SK이노베이션, LG에너지솔루션, 엘앤에프, 삼천당제약, 현대차, 알테오젠, HPSP, LG전자 등이 있습니다.★ 안내사항과도한 빚은 당신에게 큰 불행을 안겨줄 수 있습니다. 대출 시 신용등급 하락으로 다른 금융거래가 제약받을 수 있습니다. 중개수수료를 요구하거나 받는 것은 불법입니다.상호명: ㈜단비대부 2021-서울영등포-2102(대부업) | TEL: 1544-4886 | 대출금리: 연 20%이내(연체금리는 약정금리+3%p이내, 최대 연 20%이내) | 단, 2021. 7. 7.부터 신규체결, 갱신, 연장되는 계약에 한함 | 채무의 조기상환 조건 및 부대비용 없음. (단, 신용조회비용 및 담보권설정비용 있음), 이자 외 별도로 중개수수료를 요구하거나 수취하는 것은 불법입니다. | 대표이사: 박동원 | 사업자등록번호: 274-86-00231 | 등록기관명칭: 서울 영등포구청(담당부서: 일자리경제과, 02-2670-3420) | 소재지 : 서울 영등포구 여의대방로67길 11, 5층 517호 | 개인정보관리자메일: help@danbifund.co.kr무료상담",https://www.hankyung.com/article/202507083737a,2025.07.08 10:28
신용대출 이자 절감 꿀팁! 증권사 3%대 대출 전환법 공개,,"전송종목 : 녹십자홀딩스, 동진쎄미켐, 롯데칠성, 현대차, 코스모화학최근 주식 투자자들 사이에서 주식대출(미수/신용융자 등)의 고금리에 대한 부담이 커지고 있다.특히 저금리를 적용 받고 싶어도, 기존 대출을 상환하고 다시 주식을 매수해야 하는 번거로운 절차와 자금 조달의 어려움이 발목을 잡고 있다.이런 현실적인 문제를 해결하고자, 무빙스탁이 ‘증권사 신용, 대환자금대출’ 서비스를 전격 출시했다.이 상품은 주식을 매도하지 않고도, 기존의 고금리의 주식대출(미수/신용융자 등)의 3%대의 혁신적인 저금리 증권사로 전환할 수 있도록 상환자금을 제공하는 것이 핵심이다.무빙스탁 관계자는 “현재 증권사 이벤트 금리는 연 3%대 수준으로, 기존 9~10%대 고금리를 적용받는 투자자라면 절감 효과가 상당하다”며, 금리를 5%만 낮추면 “1억원 신용대출 기준으로 연간 약 500만원, 3억원이라면 1,500만원까지도 절약할 수 있다”고 밝혔다.더 놀라운 점은, 현재는 이벤트 기간으로 대환자금대출 신청시 발생하는 이자 비용까지 ‘0원’이라는 사실이다. 대환자금에 대해서 하루의 대출이자도 부담하지 않고 기존 고금리 대출을 저금리로 전환할 수 있어, 고금리 부담에 시달리던 투자자들에게 큰 호응을 얻을 전망이다.이 서비스는 부동산 시장에서 흔히 이용되던 대환대출 개념을 증권시장에 도입한 혁신적인 시도로, 주식 투자자들의 자금 운용에 새로운 대안을 제시할 것으로 기대된다.무빙스탁 ‘증권사 신용, 대환자금대출’의 비용 무료 이벤트는 이벤트 기간 동안 한정적으로 제공되는 만큼, 신용융자를 이용 중인 투자자라면 지금 바로 확인해볼 필요가 있다.★ 장마감 시간이 가까워질수록 문의가 많아 상담이 지연될 수 있습니다.★ 7월 문의하신 고객들이 많이 보유하신 종목으로는 삼성전자, POSCO홀딩스, 셀트리온, 포스코퓨처엠, 에코프로비엠, NAVER, 에코프로, 삼성SDI, LG화학, SK하이닉스, 두산에너빌리티, 카카오, SK이노베이션, LG에너지솔루션, 엘앤에프, 삼천당제약, 현대차, 알테오젠, HPSP, LG전자 등이 있습니다.★ 안내사항과도한 빚은 당신에게 큰 불행을 안겨줄 수 있습니다. 대출 시 신용등급 하락으로 다른 금융거래가 제약받을 수 있습니다. 중개수수료를 요구하거나 받는 것은 불법입니다.상호명: ㈜단비대부 2021-서울영등포-2102(대부업) | TEL: 1544-4886 | 대출금리: 연 20%이내(연체금리는 약정금리+3%p이내, 최대 연 20%이내) | 단, 2021. 7. 7.부터 신규체결, 갱신, 연장되는 계약에 한함 | 채무의 조기상환 조건 및 부대비용 없음. (단, 신용조회비용 및 담보권설정비용 있음), 이자 외 별도로 중개수수료를 요구하거나 수취하는 것은 불법입니다. | 대표이사: 박동원 | 사업자등록번호: 274-86-00231 | 등록기관명칭: 서울 영등포구청(담당부서: 일자리경제과, 02-2670-3420) | 소재지 : 서울 영등포구 여의대방로67길 11, 5층 517호 | 개인정보관리자메일: help@danbifund.co.kr무료상담",https://www.hankyung.com/article/202507186003a,2025.07.18 13:08
[포토] '두근두근 K-바캉스 떠나볼까',,"8일 서울 중구 청계광장에서 한국경제인협회 주관으로 열린 '두근두근 K-바캉스 캠페인' 행사에서 외국인 관광객이 팔도 마불 게임 체험을 즐기고 있다.
                    



8일 서울 중구 청계광장에서 한국경제인협회 주관으로 열린 '두근 두근 K-바캉스 캠페인' 행사에서 외국인 관광객들이 체험을 즐기고 있다.

                이번 행사는 한국경제인협회(주관), 문화체육관광부, 중소기업중앙회, KB금융, 한국관광공사, 전국 주요 광역시·도가 공동 주최하고, 네이버와 놀유니버스가 후원하는 전국 단위 내수 활성화 캠페인이다. 국내 관광 수요를 확대하고 침체된 지역경제에 활력을 불어넣기 위해 기획했다. 행사에 참여한 지방자치단체는 강원·경남·광주·대전·전북·서울·충남·충북 등이다.
                    



8일 서울 중구 청계광장에서 한국경제인협회 주관으로 열린 '두근두근 K-바캉스 캠페인'를 찾은 시민들이 체험을 즐기고 있다.






                임형택 기자 taek2@hankyung.com",https://www.hankyung.com/article/202507084767i,2025.07.08 12:43
신용대출 이자 절감 꿀팁! 증권사 3%대 대출 전환법 공개,,"전송종목 : LG에너지솔루션, DL이앤씨, F&F, SK스퀘어, 에코프로머티최근 주식 투자자들 사이에서 주식대출(미수/신용융자 등)의 고금리에 대한 부담이 커지고 있다.특히 저금리를 적용 받고 싶어도, 기존 대출을 상환하고 다시 주식을 매수해야 하는 번거로운 절차와 자금 조달의 어려움이 발목을 잡고 있다.이런 현실적인 문제를 해결하고자, 무빙스탁이 ‘증권사 신용, 대환자금대출’ 서비스를 전격 출시했다.이 상품은 주식을 매도하지 않고도, 기존의 고금리의 주식대출(미수/신용융자 등)의 3%대의 혁신적인 저금리 증권사로 전환할 수 있도록 상환자금을 제공하는 것이 핵심이다.무빙스탁 관계자는 “현재 증권사 이벤트 금리는 연 3%대 수준으로, 기존 9~10%대 고금리를 적용받는 투자자라면 절감 효과가 상당하다”며, 금리를 5%만 낮추면 “1억원 신용대출 기준으로 연간 약 500만원, 3억원이라면 1,500만원까지도 절약할 수 있다”고 밝혔다.더 놀라운 점은, 현재는 이벤트 기간으로 대환자금대출 신청시 발생하는 이자 비용까지 ‘0원’이라는 사실이다. 대환자금에 대해서 하루의 대출이자도 부담하지 않고 기존 고금리 대출을 저금리로 전환할 수 있어, 고금리 부담에 시달리던 투자자들에게 큰 호응을 얻을 전망이다.이 서비스는 부동산 시장에서 흔히 이용되던 대환대출 개념을 증권시장에 도입한 혁신적인 시도로, 주식 투자자들의 자금 운용에 새로운 대안을 제시할 것으로 기대된다.무빙스탁 ‘증권사 신용, 대환자금대출’의 비용 무료 이벤트는 이벤트 기간 동안 한정적으로 제공되는 만큼, 신용융자를 이용 중인 투자자라면 지금 바로 확인해볼 필요가 있다.★ 장마감 시간이 가까워질수록 문의가 많아 상담이 지연될 수 있습니다.★ 7월 문의하신 고객들이 많이 보유하신 종목으로는 삼성전자, POSCO홀딩스, 셀트리온, 포스코퓨처엠, 에코프로비엠, NAVER, 에코프로, 삼성SDI, LG화학, SK하이닉스, 두산에너빌리티, 카카오, SK이노베이션, LG에너지솔루션, 엘앤에프, 삼천당제약, 현대차, 알테오젠, HPSP, LG전자 등이 있습니다.★ 안내사항과도한 빚은 당신에게 큰 불행을 안겨줄 수 있습니다. 대출 시 신용등급 하락으로 다른 금융거래가 제약받을 수 있습니다. 중개수수료를 요구하거나 받는 것은 불법입니다.상호명: ㈜단비대부 2021-서울영등포-2102(대부업) | TEL: 1544-4886 | 대출금리: 연 20%이내(연체금리는 약정금리+3%p이내, 최대 연 20%이내) | 단, 2021. 7. 7.부터 신규체결, 갱신, 연장되는 계약에 한함 | 채무의 조기상환 조건 및 부대비용 없음. (단, 신용조회비용 및 담보권설정비용 있음), 이자 외 별도로 중개수수료를 요구하거나 수취하는 것은 불법입니다. | 대표이사: 박동원 | 사업자등록번호: 274-86-00231 | 등록기관명칭: 서울 영등포구청(담당부서: 일자리경제과, 02-2670-3420) | 소재지 : 서울 영등포구 여의대방로67길 11, 5층 517호 | 개인정보관리자메일: help@danbifund.co.kr무료상담",https://www.hankyung.com/article/202507248238a,2025.07.24 10:28
이자 부담 최소화! 증권사 신용대출 3%대로 바꾸는 절호의 기회,,"전송종목 : 인바디, 메디아나, 카페24, 비츠로테크, 바텍최근 주식 투자자들 사이에서 주식대출(미수/신용융자 등)의 고금리에 대한 부담이 커지고 있다.특히 저금리를 적용 받고 싶어도, 기존 대출을 상환하고 다시 주식을 매수해야 하는 번거로운 절차와 자금 조달의 어려움이 발목을 잡고 있다.이런 현실적인 문제를 해결하고자, 무빙스탁이 ‘증권사 신용, 대환자금대출’ 서비스를 전격 출시했다.이 상품은 주식을 매도하지 않고도, 기존의 고금리의 주식대출(미수/신용융자 등)의 3%대의 혁신적인 저금리 증권사로 전환할 수 있도록 상환자금을 제공하는 것이 핵심이다.무빙스탁 관계자는 “현재 증권사 이벤트 금리는 연 3%대 수준으로, 기존 9~10%대 고금리를 적용받는 투자자라면 절감 효과가 상당하다”며, 금리를 5%만 낮추면 “1억원 신용대출 기준으로 연간 약 500만원, 3억원이라면 1,500만원까지도 절약할 수 있다”고 밝혔다.더 놀라운 점은, 현재는 이벤트 기간으로 대환자금대출 신청시 발생하는 이자 비용까지 ‘0원’이라는 사실이다. 대환자금에 대해서 하루의 대출이자도 부담하지 않고 기존 고금리 대출을 저금리로 전환할 수 있어, 고금리 부담에 시달리던 투자자들에게 큰 호응을 얻을 전망이다.이 서비스는 부동산 시장에서 흔히 이용되던 대환대출 개념을 증권시장에 도입한 혁신적인 시도로, 주식 투자자들의 자금 운용에 새로운 대안을 제시할 것으로 기대된다.무빙스탁 ‘증권사 신용, 대환자금대출’의 비용 무료 이벤트는 이벤트 기간 동안 한정적으로 제공되는 만큼, 신용융자를 이용 중인 투자자라면 지금 바로 확인해볼 필요가 있다.★ 장마감 시간이 가까워질수록 문의가 많아 상담이 지연될 수 있습니다.★ 7월 문의하신 고객들이 많이 보유하신 종목으로는 삼성전자, POSCO홀딩스, 셀트리온, 포스코퓨처엠, 에코프로비엠, NAVER, 에코프로, 삼성SDI, LG화학, SK하이닉스, 두산에너빌리티, 카카오, SK이노베이션, LG에너지솔루션, 엘앤에프, 삼천당제약, 현대차, 알테오젠, HPSP, LG전자 등이 있습니다.★ 안내사항과도한 빚은 당신에게 큰 불행을 안겨줄 수 있습니다. 대출 시 신용등급 하락으로 다른 금융거래가 제약받을 수 있습니다. 중개수수료를 요구하거나 받는 것은 불법입니다.상호명: ㈜단비대부 2021-서울영등포-2102(대부업) | TEL: 1544-4886 | 대출금리: 연 20%이내(연체금리는 약정금리+3%p이내, 최대 연 20%이내) | 단, 2021. 7. 7.부터 신규체결, 갱신, 연장되는 계약에 한함 | 채무의 조기상환 조건 및 부대비용 없음. (단, 신용조회비용 및 담보권설정비용 있음), 이자 외 별도로 중개수수료를 요구하거나 수취하는 것은 불법입니다. | 대표이사: 박동원 | 사업자등록번호: 274-86-00231 | 등록기관명칭: 서울 영등포구청(담당부서: 일자리경제과, 02-2670-3420) | 소재지 : 서울 영등포구 여의대방로67길 11, 5층 517호 | 개인정보관리자메일: help@danbifund.co.kr무료상담",https://www.hankyung.com/article/202507145603a,2025.07.14 09:33
수해 복구 지원에 온정 더하는 기업들,"농협중앙회 50억·카카오 15억
""전 국민 응원의 손길 내밀기를""","강호동 농협중앙회장

                국내 기업들이 최근 집중호우로 수해를 입은 지역의 복구를 위해 성금을 기부하고 나섰다.농협은 집중호우로 피해를 본 농업인을 지원하고 농촌 지역을 복구하기 위해 성금 50억원을 기부한다고 23일 발표했다. 농협은 전날 2000억원 규모 긴급 재해자금을 편성했고, 피해 조합원 가구당 최대 3000만원의 무이자 긴급생활안정자금도 지원하기로 결정했다. 강호동 농협중앙회장은 “단순한 재정 지원을 넘어 농업인을 다시 일으켜 세우고자 하는 모두의 마음이 담긴 실천”이라며 “전 국민이 농촌을 향해 응원의 손길을 내미는 계기가 되길 바란다”고 말했다.




정신아 카카오 대표

                카카오도 5개 계열사가 함께 피해 복구와 이재민 지원을 위해 총 15억원을 기부한다. 카카오는 지난 18일부터 사회공헌 플랫폼 ‘카카오같이가치’를 통해 집중호우 피해를 돕기 위한 긴급 모금함을 운영하고 있다. 카카오 측은 현재까지 11만 명 이상이 모금에 참여해 3억3000만원이 넘는 기부금을 조성했다고 설명했다.KT는 사회복지공동모금회(사랑의열매)에 집중호우 피해 복구를 위한 성금 10억원을 기탁했다. 임직원 봉사단이 경남 산청군과 경기 가평군에 생필품 등 긴급 구호 물품도 전달했다. 임시 대피소에는 무선랜과 스마트기기 급속 충전시설을 지원한다. 네이버도 피해 지역 복구 성금 10억원을 온라인 기부 플랫폼 해피빈을 통해 전달했다. 해피빈은 전국재해구호협회, 사회복지공동모금회 등과 함께 호우 피해 복구를 위한 모금 활동도 진행 중이다. 22일 기준 네이버의 기부금을 포함해 총 13억3000만원 이상의 성금이 모인 것으로 집계됐다. 두산그룹과 LS, 셀트리온은 각각 5억원을, 효성과 HL그룹은 각각 3억원을 피해 지역 복구와 이재민 지원을 위해 기탁했다.최지희 기자 mymasaki@hankyung.com",https://www.hankyung.com/article/2025072376271,2025.07.23 18:17
무해한 웃음…조정석이 조정석 한 '좀비딸' [종합],,"/사진=NEW

                '전지적 독자 시점'에 이어 또 한 편의 인기 IP가 여름 성수기 관객 맞이를 준비하고 있다. 글로벌 누적 조회수 5억 뷰를 기록한 동명의 네이버 웹툰을 원작으로 한 '좀비딸'(감독 필감성)의 이야기다.'좀비딸'은 세상에 마지막으로 남은 좀비가 된 딸을 보호하기 위해 고군분투하는 아빠의 이야기를 중심으로 펼쳐진다. 정체불명의 좀비 바이러스가 갑작스럽게 퍼지며 좀비 색출 분위기가 팽배해진 세상에서 아빠 정환(조정석)은 좀비가 된 딸 수아(최유리)를 숨기고 지키기 위해 비밀리에 훈련에 돌입한다. 필감성 감독은 21일 열린 언론시사회에서 ""가장 사랑하는 사람이 좀비가 됐을 때, 끝까지 지켜주는 이야기를 하고 싶었다""며 ""아빠를 먹이로 인식하다 자신을 지켜가는 과정이 중요하다고 생각했다""고 밝혔다. 그는 이 영화를 통해 ""좀비도 가족이 될 수 있을까""라는 화두를 던진다.
                    



/사진=NEW

                필 감독은 원작과 다른 엔딩, 캐릭터 축소 등에 대해 ""원작은 단행본만 7권 분량이라 선택과 집중이 필요했다""며 ""후반부에서는 집중력을 높이기 위해 인물을 간소화하는 과정을 거쳤다""고 설명했다. 이어 ""이야기를 바꿨다기보다는 캐릭터의 방향성에 따라 자연스럽게 정리된 것""이라고 덧붙였다.그는 ""코믹 가족 드라마지만 좀비는 무섭고 짜릿했으면 해서 51:49로 균형을 잡으려 했다""며 ""현실감 있는 좀비물이지만 코미디인 만큼 그 지점에 특히 신경을 많이 썼다""고 강조했다.조정석은 세상에 마지막으로 남은 좀비딸을 위해 극비 훈련에 나서는 아빠 정환 역을 맡아 부성애와 코미디 연기를 동시에 선보인다.실제로도 딸을 키우고 있는 조정석은 ""맨 처음 시나리오를 읽을 때부터 영화를 촬영하며 역할에 동화됐다""며 ""유쾌한 부분이 많아 재미있게 찍었지만, 너무 몰입한 나머지 감정이 넘쳐흘러 조절하느라 힘들었다""고 털어놨다.이어 ""양날의 검 같은 작업이었다""며 ""저와 잘 어울리는 영화라는 말이 더할 나위 없이 기쁘고 감사하다""고 했다. 또 ""앞으로 이보다 더 잘 어울리는 작품을 만날 수 있을까 싶다""며 ""정환이란 인물에 빠져드는, 몰입되는 작품이었다""고 말했다.
                    



/사진=NEW

                웹툰에서 튀어나온 듯한 싱크로율을 보인 이정은은 은봉리 마을의 핵인싸 할머니 '밤순' 역을 맡았다. 이정은은 ""아버지와 딸의 관계를 지켜보는 역할이고, 정환은 제게도 중요한 자식이라 기강을 잡아주는 연기를 하려 했다""며 ""실생활에서 보는 어머니, 시골에 사는 어머니 같은 친화적인 모습을 표현했다""고 설명했다.좀비 헌터 '연화'로 변신한 조여정은 ""현장이 좋지 않을 수가 없는 케미였다""며 ""영화에서 뒤늦게 등장하는데, 앞 촬영이 진행된 상태였고 첫 신으로 떡볶이 먹는 장면을 찍으러 갔다""고 떠올렸다.'기생충'에 이어 '좀비딸'에서 이정은과 재회한 데 대해 그는 ""워낙 친분이 있는 관계여서 언니 집 가서 떡볶이 먹는 듯 편했다""며 ""떡볶이를 너무 많이 먹어서 뱉으라고 종이컵을 주셨는데, 뱉을 게 없을 정도였다. 그만큼 마음 편한 현장이었다""고 애정을 드러냈다.'중증외상센터'에서 '유림핑'이란 별명으로 사랑받은 윤경호는 정환의 친구이자 동네 약사인 '동배' 역을 맡아 현실적인 친구 케미를 보여준다.
                    



/사진=NEW

                윤경호는 ""'중증외상센터' 나오기 전에 촬영했지만 온도가 전혀 달라 힐링이 됐다""며 ""동화 같은 마을에서 함께 산다는 점이 정말 행복했다""고 소감을 전했다. 이어 ""제가 언제 약사 역할을 해볼 수 있을까 싶을 정도로 상상도 못 했던 직업이라 신선했고, 부모님도 무척 좋아하셨다""고 말해 웃음을 자아냈다.데뷔 12년 차 아역 배우 최유리는 조정석의 '좀비딸' 수아 역을 맡았다. 그는 ""평소 존경하고 함께 연기하고 싶다고 생각했던 배우들과 촬영할 수 있어 기뻤다""며 ""다정하게 대해주시고 배려해 주셔서 감사했고, 뜻깊은 시간을 가졌다""고 말했다.
                    



/사진=NEW

                극 중 '좀비딸' 가족은 춤을 좋아하는 가족이라는 설정이다. 보아의 '넘버원'과 2NE1의 '내가 제일 잘 나가' 안무를 추는 배우들의 모습도 등장한다.필감성 감독은 ""두 노래 모두 팬이기도 하고, 영화와 잘 어울린다고 생각했다""며 ""'넘버원'의 손가락 동작이 인상적이라 그 안무를 꼭 쓰고 싶었고, '내가 제일 잘 나가'는 은봉리 할머니들의 스웨그를 표현하기에 이보다 더 좋은 곡이 없다고 생각했다""고 밝혔다.마지막으로 그는 ""'좀비딸'은 짜릿한 좀비와 흐뭇한 웃음, 뭉클한 감동이 있는 무해한 코미디""라며 ""온 가족이 함께 볼 수 있는 가족 코미디 영화""라고 전했다.'좀비딸'은 오는 30일 개봉한다.김예랑 한경닷컴 기자 yesrang@hankyung.com",https://www.hankyung.com/article/202507212354H,2025.07.21 17:31
"삼천당제약, 바이오시밀러 글로벌 진출 본격화에 주가 강세",,"삼천당제약이 최근 주식시장에서 강세 흐름을 보이며 투자자들의 주목을 받고 있다. 단기적인 이슈에 따른 일시적 반등이 아니라, 중장기적인 사업 성과와 글로벌 진출 본격화에 따른 기대감이 주가에 반영되고 있다는 분석이다.가장 큰 요인은 삼천당제약이 개발한 황반변성 치료제 바이오시밀러가 캐나다 보건당국의 품목 허가를 획득한 데 있다. 오리지널 의약품 ‘아일리아’는 글로벌 매출 상위권에 위치한 블록버스터 안과용 치료제 중 하나로, 이에 대한 바이오시밀러가 선진국 시장에서 정식 허가를 받았다는 점은 삼천당제약의 기술력과 생산 신뢰도를 대외적으로 인정받은 계기로 평가된다. 해당 바이오시밀러는 향후 유럽, 일본, 미국 등 추가 주요 시장에서 허가 절차를 밟을 예정이며, 이와 관련한 기대감이 주가에 긍정적으로 작용하고 있다.실제로 회사는 해외 파트너사를 통해 제품 수출을 본격화하고 있으며, 생산 설비와 유통 체계도 글로벌 스케일에 맞게 정비 중이다. 이 과정에서 기술료 수취뿐만 아니라 직접적인 수출 매출이 반영될 가능성이 높아지고 있다는 점은 투자자들 사이에서 중장기적인 수익성 개선 요인으로 인식되고 있다.




 

또한 삼천당제약은 단일 품목에 의존하지 않고, 복수의 안과용 의약품 파이프라인을 확보하고 있다는 점에서도 차별화된 경쟁력을 인정받고 있다. 바이오시밀러 외에도 점안제, 주사제 등 다양한 제형의 제품을 통해 안과 중심의 종합 제약사로서 입지를 넓혀가고 있으며, 최근에는 미국 FDA에 신약 임상과 관련한 추가 자료 제출도 이뤄진 것으로 알려져 있다.시장에서는 이러한 실적 기반의 사업 확장성과 더불어, 외국인 및 기관의 수급 변화도 눈여겨보고 있다. 최근 들어 외국인 매수세가 집중되면서 거래량이 증가했고, 기관 또한 바이오시밀러 허가 소식 이후 긍정적인 반응을 보이며 포트폴리오 편입을 확대하는 모습이다. 다만 단기적으로는 일부 차익 실현 매물이 출회되며 주가가 조정을 받는 구간도 있었지만, 전반적인 흐름은 우상향 기조를 유지하고 있다는 평가가 우세하다.국일제지, 형지글로벌, 삼천당제약, 알테오젠, NAVER무료상담",https://www.hankyung.com/article/202507236054a,2025.07.23 10:33
'모바일 신분증 있어? 그럼 한잔해'…이색 실험 뭐길래,"정부, 참이슬 150만 병에 일일이 붙인다","사진=행정안전부 제공

                행정안전부와 하이트진로는 14일 모바일 신분증 활성화를 위한 업무협약을 체결하고, 참이슬 병에 모바일 신분증 홍보라벨을 부착해 전국 유통한다고 밝혔다.협약식은 이날 오후 하이트진로 서초사옥에서 열렸으며, 김민재 행정안전부 차관과 김인규 하이트진로 대표가 참석했다. 두 기관은 책임 있는 음주문화 조성과 디지털 신원인증 활성화를 공동 추진하기로 했다.정부와 하이트진로는 이달 말부터 생산되는 참이슬 150만 병에 모바일 신분증을 홍보하는 라벨이 부착돼 전국에 유통하기로 했다. 하이트진로는 전국 유통망을 활용해 소상공인 매장에 포스터와 안내 자료를 배포하고, 모바일 신분증 활용 문화를 확산시킬 계획이다.모바일 신분증은 스마트폰 기울기에 따라 반응하는 시각효과와 블록체인 기반 진위 검증앱을 통해 위·변조를 방지하는 기술이 적용돼 있다. 신분증 없이 스마트폰만으로 성인 여부 확인이 가능해, 청년층과 소상공인 모두의 편의성과 매출 증대가 기대된다.또한 이달 말부터는 네이버, 토스, 카카오뱅크 등 민간앱을 통해서도 모바일 신분증 발급이 가능해진다. 삼성월렛은 지난 3월부터 해당 서비스를 먼저 시작했다.김민재 행정안전부 차관은 “모바일 신분증은 단순한 기술을 넘어 민생경제와 연결된 디지털 신원인증 인프라”라며 “앞으로도 민간과 협력해 디지털 전환이 국민 체감으로 이어지도록 하겠다”고 말했다.권용훈 기자 fact@hankyung.com",https://www.hankyung.com/article/202507145758i,2025.07.14 16:00
"경기도-경기관광공사, 8일부터 세계 최대 '촉각상호작용 국제학술대회' 유치","수원컨벤션센터와 협업
20개국 800여 명, 연구자 참가","경기도와 경기관광공사가 오는 8일~11일 수원컨벤션센터에서 세계 최대 규모의 'IEEE 월드 햅틱스 컨퍼런스 2025'를 개최한다고 7일 밝혔다.경기관광공사 제공

                경기도와 경기관광공사(이하 공사)가 수원컨벤션센터와 협업, 세계 최대 규모의 촉각 상호작용(햅틱스:Haptic) 기술 분야 국제학술대회인 ‘IEEE 월드 햅틱스 콘퍼런스(WHC) 2025’를 유치해 원활한 행사 진행을 지원한다고 7일 밝혔다.공사는 지난 2023년 유치 확정 이후, 올해 개최를 목표로 2년여에 걸쳐 해외홍보 활동과 대회 개최지원 등 전방위적 준비와 노력을 기울여 행사 개최를 통해 그 결실을 맺게 됐다.이번 학술대회는 오는 8일부터 11일까지 4일간 수원컨벤션센터에서 열리며, 20개국 800여 명의 촉각 지능, 메타버스, 미래 로봇 등의 핵심 기술 분야 연구자들이 참가한다.WHC는 지난 2005년 첫 개최해 2년마다 열리고 있다. IEEE(Haptic Symposium, EuroHaptics, AsiaHaptics)가 함께하는 세계 최대 권위의 촉각 학술 대회다.촉각 상호작용 연구는 가상현실(VR), 로봇, 인간-컴퓨터 인터페이스(HCI) 등 미래 응용 기술의 핵심 요소로 촉각에 대한 인지 과학 연구에도 중요한 역할을 하고 있어 다양한 분야의 연구자들이 참여하고 있다.올해 행사는 연구 논문 발표, 첨단 기술 시연 및 경연, 기조 강연 등 다채로운 프로그램으로 구성돼 있다.주요 기조 강연으로는 △석상옥 네이버랩스 대표의 ‘미래 도시와 AI’ △오우드 빌라드 IEEE 로봇자동화학회 회장의 ‘인간 감각 수준의 로봇’과 △가상현실 분야의 개척자인 마크 빌링허스트 오클랜드대 교수의 ‘햅틱스와 공감 컴퓨팅’ 등이 있을 예정이다.현대자동차그룹과 ㈜비햅틱스가 후원하는 ‘자동차를 위한 햅틱스 기술’, ‘혼합현실 속 촉각 상호작용’ 경연 진행과 함께 구글, 소니 등 글로벌 기업들도 참가해 100여건의 최신 햅틱스 기술을 시연한다.한편 대회는 (사)한국햅틱스학회와 IEEE 로봇자동화학회가 공동 주최하고, 경기관광공사와 수원컨벤션센터가 공동 후원한다. 사전 등록을 못 한 경우 현장 방문 등록도 가능하다.공사 관계자는 “큰 노력을 기울인 결과, 세계적인 학술대회를 경기도에 유치, 도내 대표적 마이스 행사장에서 개최하게 돼 매우 뜻깊게 생각한다”며, “이번 행사의 성공적 개최 지원을 통해 경기도가 국제 학술·관광 도시로서 위상을 한층 강화하는 계기가 되길 기대한다”고 말했다.수원=윤상연 기자",https://www.hankyung.com/article/202507072225h,2025.07.07 11:25
"09일, 거래소 기관 순매도상위에 전기,전자 업종 5종목",,"기관 투자자는 09일 거래소에서 삼성전자, KODEX 200선물인버스2X, 하이브 등을 중점적으로 매도한 것으로 나타났다.기관 투자자의 순매도 상위 20개 종목은 삼성전자, KODEX 200선물인버스2X, 하이브, SK하이닉스, 현대차, 한화솔루션, 두산에너빌리티, NAVER, 삼성SDI, 달바글로벌등이다.이중에 전기,전자 업종에 속한 종목이 5개 포함되어 있다.달바글로벌, TIGER 200, 아모레퍼시픽 등은 전일 대비 주가가 상승했고, 삼성전자, KODEX 200선물인버스2X, 하이브 등은 주가가 하락했다.[07월09일]거래소 기관 순매도 상위 종목한경로보뉴스이 기사는 한국경제신문과 금융 AI 전문기업 씽크풀이 공동 개발한 기사 자동생성 알고리즘에 의해 실시간으로 작성된 것입니다.",https://www.hankyung.com/article/202507098436L,2025.07.09 18:35
"골리앗 이길 'AI 짱돌' 찾는 네카오…""韓 넘어 글로벌 시장 훑는다"" [긱스]","네카오, 북미 스타트업 발굴

네이버, 美 의료 AI 기업에 투자
영상 검색 AI 스타트업도 낙점
작년 투자 5건 중 3건 미국

카카오도 美 스타트업 발굴 
반도체·위성·의료 기업 투자

국내 스타트업 '찬밥' 될까 우려","국내 대표 정보기술(IT) 기업인 네이버와 카카오가 스타트업 투자 전열을 가다듬고 있다. 키워드는 인공지능(AI)과 글로벌이다. 네이버는 미국 실리콘밸리에 현지 투자를 위한 신규 법인 네이버벤처스를 세우고 성장 단계에 있는 다양한 국적의 기업을 살펴보고 있다. 카카오는 투자 전문 자회사 카카오벤처스를 통해 북미 초기 스타트업 발굴에 힘쓰고 있다. 일각에선 주요 IT 대기업이 글로벌 투자를 늘리면서 국내 스타트업이 설 자리가 줄어들 것이란 우려도 나온다.
                    






이미지 크게보기


 그래픽=전희성 기자

 ◇AI 투자에 꽂힌 네카오22일 투자업계에 따르면 네이버클라우드는 최근 35억원 규모로 의료 AI 기업 어반데이터랩의 시리즈A 투자를 주도했다. 어반데이터랩은 디지털 병리 플랫폼 메디오토를 개발한 회사다. 네이버의 신설 투자법인인 네이버벤처스는 첫 투자 기업으로 AI 스타트업 트웰브랩스를 낙점했다. 트웰브랩스는 영상 검색 AI 모델 ‘마렝고’를 운영한다. 김성호 네이버 이머시브 미디어 플랫폼 리더는 트웰브랩스와의 협업에 대해 “당장은 아니지만 내년이나 그 이후 협업 가능성을 열어두고 있다”고 말했다.네이버가 AI 스타트업 투자를 통해 주요 사업과 시너지를 낼 기술을 발굴하고 있다는 분석이 나온다. 이해진 네이버 이사회 의장은 지난달 네이버벤처스 설립을 기념해 실리콘밸리를 방문했을 때 네이버를 ‘다윗’에 비유했다. 그는 “다윗이 골리앗(글로벌 빅테크)을 이기려면 빨리 특정 분야에 집중해 돌멩이 하나를 잘 던져야 한다”며 “지금은 돌멩이를 잡는 과정”이라고 말했다.네이버의 사내 투자조직 D2SF도 AI 스타트업에 연달아 투자를 집행하고 있다. AI 물류 스타트업 테크타카, 게임 제작 AI 스타트업 앵커노드, AI 기반 자율주행 업체 웨어러블에이아이, 멀티모달 커머스 AI 개발사 스튜디오랩에 올해 돈을 넣었다.카카오도 카카오벤처스와 카카오인베스트먼트를 통해 AI 투자를 진행하고 있다. 벤처투자 정보 플랫폼 더브이씨에 따르면 카카오인베스트먼트는 최근 AI 팹리스 스타트업인 퓨리오사AI에 30억원을 투자했다. 퓨리오사AI는 이재명 대통령이 대선 후보 시절 직접 현장을 찾은 첫 AI 스타트업이다. 카카오벤처스도 AI 에이전트 스타트업 자폰, 대규모언어모델(LLM) 개발사인 트릴리언랩스에 초기 투자했다. ◇북미 스타트업 발굴 나서IT업계 형님 격인 네이버와 카카오는 벤처 투자와 인수합병(M&A) 등을 통해 과거 국내 스타트업 투자와 회수 시장을 굴려온 기업이다. 스타트업들은 두 회사에 인수되는 걸 주요 엑시트 경로로 여겼다. 하지만 벤처투자 혹한기에 들어서면서 최근 2년 새 두 기업의 신규 벤처 투자가 급감했다. 더브이씨에 따르면 2022년 18곳에 투자한 네이버 D2SF는 지난해 단 5곳에만 돈을 넣었다. 카카오벤처스도 지난해 투자 기업이 12곳에 불과했다.올해 들어 다시 투자 기업 수를 늘리고 있지만 국내 플랫폼 투자에 집중한 과거와 달리 북미 스타트업 발굴에 신경 쓰고 있다. 지난해 D2SF가 진행한 스타트업 투자는 다섯 건이다. 이 가운데 세 건이 미국 스타트업 투자다. 3차원(3D) 콘텐츠 스타트업 클레이디스, 패션 특화 멀티모달 AI 스타트업 예스플리즈 등이다. 카카오벤처스도 미국 매사추세츠공대(MIT) 연구팀으로 구성된 반도체 기술 기업 에프에스투에 신규 투자금을 넣었다. 미국 위성 스타트업 올리고스페이스, 시카고 기반 메드테크 기업 컴파스에도 투자를 집행했다.D2SF는 지난해 10월 아예 실리콘밸리에 사무소를 열었다. 투자자 및 창업자 100여 명을 초청해 오픈 행사도 했다. 초기 투자에 집중하는 D2SF를 보완하기 위해 성장 단계 기업 발굴에 주력하는 네이버벤처스까지 설립했다. 카카오벤처스도 심사역이 두세 달에 한 번씩 미국을 방문해 네트워크를 쌓으면서 투자할 만한 기업을 찾고 있다. 현지에 연구자 네트워크도 구축했다.투자사들은 한국보다는 미국 스타트업의 성장 가능성이 더 크고, 본사와 기술적 시너지를 내기 위해서도 미국 회사와의 협업이 더 매력적이라고 설명했다. 한 국내 초기투자사 관계자는 “미국은 기술 기반 스타트업 생태계가 발전했고 주요 대학에서 양질의 창업팀이 나와 초기에 투자하면 기회가 굉장히 많다”고 말했다. ◇“韓 스타트업, 글로벌 경쟁력 갖춰야”최근 카카오모빌리티 등이 2023년 아이엠에스(IMS)모빌리티 투자 건으로 사법 리스크에 휘말리면서 주요 IT 기업이 국내 스타트업 대신 해외 기업을 들여다보는 추세가 더욱 가속화할 것이란 전망이 나온다. 카카오모빌리티 등은 윤석열 정부 때 김건희 여사와 연결 고리가 있는 회사에 투자해 경영 리스크를 완화하려고 시도했다는 의혹을 받고 있다. 투자업계 관계자는 “앞으로 네이버, 카카오를 비롯한 대기업의 국내 투자가 조심스러워질 가능성이 있다”며 “그럴 경우 투자금을 해외로 돌릴 가능성이 크다”고 우려했다.다양한 분야의 스타트업에 투자하고 인수하는 과정에서 ‘문어발’ 지적을 받는 것도 대기업의 국내 투자 어려움을 키우는 요인 중 하나다. 반면 해외 투자는 상대적으로 문어발 논란에서 자유롭다. 투자업계 관계자는 “스타트업 투자엔 국경이 없다”며 “글로벌 경쟁력을 갖추지 못하면 살아남기 어려운 환경이 되고 있다”고 말했다.고은이 기자 koko@hankyung.com",https://www.hankyung.com/article/2025072250711,2025.07.22 17:16
"""뉴스콘텐츠 헐값 거래 정상화해야""…신문협회, 새 정부에 건의","포털의 불공정 관행 개선 촉구
""적정 전재료 기준 마련해달라""","한국신문협회는 언론사와 포털 간 콘텐츠 거래 구조 개선 등의 내용을 담은 ‘새 정부 신문산업 활성화 정책과제’를 대통령실, 국정기획위원회, 문화체육관광부에 전달하고 양질의 뉴스콘텐츠가 생산 및 유통될 수 있는 환경을 조성할 것을 촉구했다고 14일 밝혔다.협회는 ‘신문-포털 불공정·불평등 거래 정상화’를 미디어 정책의 최우선 과제로 꼽고, 적정 전재료 산정 기준부터 마련할 것을 제안했다. 포털이 뉴스콘텐츠로 트래픽을 유도해 광고 수익을 얻지만 언론사에 배분하는 사용료는 터무니없이 적다는 이유에서다. 온라인 뉴스 유통시장에서 독과점 지위를 차지한 네이버와 뉴스 제휴 매체 간 공정한 협상이 불가능하다는 게 협회의 주장이다. 협회 측은 “명확한 기준 없이 비공개 협상으로 전재료가 결정된다”며 “고비용에 생산한 뉴스 정보가 헐값으로 넘어가는 불평등한 구조가 고착화하고 있는 실정”이라고 밝혔다.협회는 시장지배적 지위를 남용하는 포털의 공정거래법 위반에 대한 정부 차원의 제재도 촉구했다. 협회에 따르면 네이버는 자사 생성형 인공지능(AI) 학습에 정당한 대가 지급이나 출처 표기 없이 뉴스 콘텐츠를 무단 활용하는 등 불공정 행위를 지속해 왔다. 이를 방지하는 차원에서 협회는 문체부 주도로 뉴스 사용 범위와 보상 기준 등을 명시한 표준계약서를 제정하고 ‘AI 학습용 뉴스 콘텐츠 활용 가이드라인’을 마련할 것을 함께 요구했다. 아울러 협회는 네이버 메인화면과 뉴스탭에 노출되는 뉴스 배열 알고리즘을 공개해 편향성 우려를 해소해야 한다고 지적했다.신문과 포털 간 굳어진 불공정 거래 구조 개선은 언론계가 꾸준히 지적해온 사안이다. 이런 가운데 이재명 대통령이 지난 11일 새 정부 첫 문체부 장관에 최휘영 놀유니버스 대표를 지명해 실질적인 변화가 생길지에 관심이 커진다. 최 후보자가 기자 출신으로 NHN(현 네이버) 대표를 지내며 네이버가 국내 최대 온라인 포털로 성장하는 데 기여했기 때문이다. NHN 합류 전 야후코리아에서 포털 뉴스 서비스 관련 업무도 경험한 만큼 역대 문체부 장관 중 뉴스 콘텐츠 유통시장 이해도가 가장 높을 것이란 평가가 나온다.이날 협회는 법률이 보호하는 저작물 예시에 ‘뉴스기사’를 포함하는 내용의 ‘저작권법’ 개정 등 AI 디지털 미디어 시대에 맞는 저작권 보호 법제를 구축해달라고 제안했다.유승목 기자 mok@hankyung.com",https://www.hankyung.com/article/2025071475881,2025.07.14 17:34
"이정은 ""조정석 엄마 하기엔 너무 젊죠?"" [인터뷰+]","필감성 감독 '좀비딸'로 돌아온 이정은 
'만화 찢고 나온' 할머니 밤순 역 연기 

""뻔한 좀비물 걱정했는데…감독이 요술 부려""
'""책임감에 숨 막힐 때도 있지만…가벼워질 것""","/사진=NEW

                ""조정석(44) 엄마 역할 하기엔 너무 젊죠? 하하.""그가 연기하면 아무리 작은 캐릭터에도 서사가 생긴다. 그래서 믿고 본다. 모든 이가 믿고 맡긴다. 충무로의 보석 같은 배우 이정은(55)의 이야기다. 드라마든 영화든, 그의 등장만으로 인물의 삶이 깊어지고 이야기가 단단해진다. 이번에는 만화처럼 색다른 캐릭터다. 생동감 그 자체다.이정은은 영화 '좀비딸'에서 만화를 찢고 나온 듯한 '핵인싸 할머니' 밤순 역을 맡았다. 24일 서울 종로구 모처에서 만난 그는 ""사실 배우가 노역을 영상 매체에서 하는 것은 부담스러운 부분이 있다""며 ""건강한 코미디가 나와야 한다고 생각할 때쯤 '좀비딸'을 받았다""고 말했다.오는 30일 개봉하는 영화 '좀비딸'은 정체불명의 좀비 바이러스가 퍼진 세상에서, 좀비가 된 딸 '수아'를 지키기 위해 고군분투하는 아빠 '정환'의 이야기로 글로벌 누적 조회수 5억뷰를 기록한 동명의 네이버웹툰을 원작으로 한다.""필감성 감독과 '운수오진 날'을 할 때 '좀비딸' 제안을 받았습니다. 감독이 P 감성이 있어서 장르를 잘 찍거든요. 당시엔 웹툰을 안 본 상태였는데 손녀를 살리는 이야기라고 하더라고요. 제목이 인상적이었어요. 노역이기 때문에 내가 아닌 외피를 많이 쓰게 되는데, 그런 걸 줄여 표현하면 어떨까 생각했습니다. 만화적 허용으로 조정석의 어머니가 될 수 있을 거라고 생각했습니다.""
                    



/사진=NEW

                이정은은 대본 리딩 때까지만 해도 '뻔한 좀비물'이 나올까 경계했다고 털어놨다. 하지만 이는 기우였다. 촬영에 들어가자 동화 같은 세계에 흠뻑 빠져들었다. 그는 ""경치도 너무 좋고 따뜻했다. 사람들이 보면 시원하겠다 싶었다. 찍으면서 이야기에 동화가 됐다""고 말했다. 이정은은 필감성 감독에게 ""무슨 요술을 부린거냐""고 묻기도 했다고.'좀비딸'은 전형적인 좀비물의 문법을 벗어난다. 이정은은 ""코로나 시기, 백신이 나올 때까지 기다리며 견디고 협력했던 우리 사회를 떠올렸다""며 ""작품 속 가족과 친구들이 세대를 아우르며 함께 살아가는 모습이 건강한 이야기로 다가왔다""고 말했다. 핵가족화와 각자도생이 당연시되는 지금, 모두가 시골로 모여 서로를 보살피는 이야기가 따뜻하게 다가온다는 것.""이젠 피로도가 너무 높잖아요. 뉴스도 그렇고 현실도 그렇고. 그래서 청정한 콘텐츠, 상쾌함을 주는 뭔가가 더 필요하다고 느껴요. 코로나 끝나고 사람들이 미술 전시회에서 바다, 초록 풍경을 찾고 그림 판매율도 높아진 것처럼요. 매체에서도 그런 방향이 더 다양하게 나와야 한다고 생각합니다. 물론 때려 부수는 액션물도 필요하죠. 다만, 웹툰 원작이든 클리셰든, 어떻게 구성하느냐에 따라 새로움을 줄 수 있어요. 단순해 보이는 구도도 충분히 신선하고 시원한 작품이 될 수 있어요. 지금은 그런 균형이 중요한 시기라고 생각해요.""그가 연기한 밤순은 몹쓸 좀비 바이러스에 걸린 손녀딸 수아를 안타까워하면서도 예의도 질서도 밥 말아 먹은 좀비 손녀의 버르장머리를 고치기 위해 사랑의 효자손을 힘차게 휘두른다. 이 역할을 통해 이정은은 평소에 못 해봤던 와이어 액션부터 전매특허 댄스 신까지 소화했다.
                    



/사진=NEW

                그는 ""'잭과 콩나무'나 '걸리버 여행기', 마블 시리즈 같은 걸 보는 것을 좋아한다. 배우 입장에서 다른 경험을 하는 거다. 공중에 매달려서 연기하는 게 좀 웃기고, 언제 해보겠나 싶다. 이번에 해보니 체력이 중요하다 싶었다""고 말했다.사실 이정은은 연습벌레다. 다섯 명의 사투리 선생님에게 대사 녹음을 받아 연습할 정도로. 그는 ""이제는 말할 수 있다""며 수줍게 웃었다.댄스 장면에 대해 ""'우리들의 블루스' 이후로는 제가 출연하는 작품에 춤추는 장면이 꼭 들어가는 것 같다. 감독들이 재밌게 봤나 보다""며 ""흥만 가지고 장면을 만들 수 없어 굉장히 오랫동안 연습했다""고 말했다. 이어 ""개인교습 선생님이 안무를 외우는 실력이 높아졌다고 했지만, 여전히 '뽕필'이 있다고 하더라""며 웃었다.높은 싱크로율도 장안의 화제였다. 이에 대해 이정은은 ""제 얼굴이 약간 중앙집권형이어서 안경을 끼면 눈이 작아져서 보일락 말락 하는 점들이 닮았다""며 ""이걸 만들어준 분장팀이나 의상팀의 노력이 한몫한 게 아닌가 싶다""고 공을 돌렸다.그는 밤순을 연기하며 '절제'를 하는 데 무게를 실었다고 설명했다.""밤순도 할머니고, 어머니잖아요. 절제가 좀 필요했어요. 되게 불운한 어머니죠. 흘릴 눈물도 없는 마음이에요. 밤순이 가진 슬픔의 경지가 무얼까, 그걸 작품 들어가기 전에 많이 생각했던 것 같아요. 아들이 사육사지만 좀비가 된 딸아이 훈련도 정서적으로 접근하잖아요. 저는 지식은 없지만, 기강을 잡죠. 그게 웃음 포인트이기도 하죠.""
                    



/사진=NEW

                이정은의 연기에 대한 기대치는 항상 높다. 그는 ""세상에 작품이 공개되면 책임감 때문에 숨 막힐 때도 있었다""며 ""요즘은 원래처럼 돌아갈 순 없지만, 가벼워져야겠다고 생각했다""고 털어놨다.수많은 히트작 속에서 진심을 담은 연기로 사랑받아온 이정은은 최근 들어 조금은 새로운 마음가짐으로 연기를 대하고 있다고 고백했다.""지금까지 사진작가처럼 많이 찍었어요. 이제 좋아하는 걸 집중해서 해봐야겠다고 생각해요. 마음의 소리를 들으려고요. 쉽진 않겠지만 중압감을 버리려고요. 매번 대중에 대한 감사가 넘쳐흐르지만, 감사함 때문에 지금 같은 속도로는 계속할 수 없을 것 같아요. 사랑에 보답하려고 많은 책임감을 갖는다기보다 즐겁게 하는 작업을 해야겠어요. 내가 행복해야 시청자도 행복할 것 같거든요. 그런 작업을 많이 하려고요.""김예랑 한경닷컴 기자 yesrang@hankyung.com",https://www.hankyung.com/article/202507249176H,2025.07.24 14:07
"주식 매도 없이 신용이자 연 1,500만 원 줄이는 비법",,"전송종목 : 한국카본, 삼성에스디에스, 브이티, SK가스, 한온시스템최근 주식 투자자들 사이에서 주식대출(미수/신용융자 등)의 고금리에 대한 부담이 커지고 있다.특히 저금리를 적용 받고 싶어도, 기존 대출을 상환하고 다시 주식을 매수해야 하는 번거로운 절차와 자금 조달의 어려움이 발목을 잡고 있다.이런 현실적인 문제를 해결하고자, 무빙스탁이 ‘증권사 신용, 대환자금대출’ 서비스를 전격 출시했다.이 상품은 주식을 매도하지 않고도, 기존의 고금리의 주식대출(미수/신용융자 등)의 3%대의 혁신적인 저금리 증권사로 전환할 수 있도록 상환자금을 제공하는 것이 핵심이다.무빙스탁 관계자는 “현재 증권사 이벤트 금리는 연 3%대 수준으로, 기존 9~10%대 고금리를 적용받는 투자자라면 절감 효과가 상당하다”며, 금리를 5%만 낮추면 “1억원 신용대출 기준으로 연간 약 500만원, 3억원이라면 1,500만원까지도 절약할 수 있다”고 밝혔다.더 놀라운 점은, 현재는 이벤트 기간으로 대환자금대출 신청시 발생하는 이자 비용까지 ‘0원’이라는 사실이다. 대환자금에 대해서 하루의 대출이자도 부담하지 않고 기존 고금리 대출을 저금리로 전환할 수 있어, 고금리 부담에 시달리던 투자자들에게 큰 호응을 얻을 전망이다.이 서비스는 부동산 시장에서 흔히 이용되던 대환대출 개념을 증권시장에 도입한 혁신적인 시도로, 주식 투자자들의 자금 운용에 새로운 대안을 제시할 것으로 기대된다.무빙스탁 ‘증권사 신용, 대환자금대출’의 비용 무료 이벤트는 이벤트 기간 동안 한정적으로 제공되는 만큼, 신용융자를 이용 중인 투자자라면 지금 바로 확인해볼 필요가 있다.★ 장마감 시간이 가까워질수록 문의가 많아 상담이 지연될 수 있습니다.★ 7월 문의하신 고객들이 많이 보유하신 종목으로는 삼성전자, POSCO홀딩스, 셀트리온, 포스코퓨처엠, 에코프로비엠, NAVER, 에코프로, 삼성SDI, LG화학, SK하이닉스, 두산에너빌리티, 카카오, SK이노베이션, LG에너지솔루션, 엘앤에프, 삼천당제약, 현대차, 알테오젠, HPSP, LG전자 등이 있습니다.★ 안내사항과도한 빚은 당신에게 큰 불행을 안겨줄 수 있습니다. 대출 시 신용등급 하락으로 다른 금융거래가 제약받을 수 있습니다. 중개수수료를 요구하거나 받는 것은 불법입니다.상호명: ㈜단비대부 2021-서울영등포-2102(대부업) | TEL: 1544-4886 | 대출금리: 연 20%이내(연체금리는 약정금리+3%p이내, 최대 연 20%이내) | 단, 2021. 7. 7.부터 신규체결, 갱신, 연장되는 계약에 한함 | 채무의 조기상환 조건 및 부대비용 없음. (단, 신용조회비용 및 담보권설정비용 있음), 이자 외 별도로 중개수수료를 요구하거나 수취하는 것은 불법입니다. | 대표이사: 박동원 | 사업자등록번호: 274-86-00231 | 등록기관명칭: 서울 영등포구청(담당부서: 일자리경제과, 02-2670-3420) | 소재지 : 서울 영등포구 여의대방로67길 11, 5층 517호 | 개인정보관리자메일: help@danbifund.co.kr무료상담",https://www.hankyung.com/article/202507210602a,2025.07.21 14:23
,,,https://magazine.hankyung.com/business/article/202507048698b,
9~10% 주식 관련 대출에서 3%대 대출로 교체,,"전송종목 : HD현대마린엔진, GS, LIG넥스원, 미스토홀딩스, 현대글로비스최근 주식 투자자들 사이에서 주식대출(미수/신용융자 등)의 고금리에 대한 부담이 커지고 있다.특히 저금리를 적용 받고 싶어도, 기존 대출을 상환하고 다시 주식을 매수해야 하는 번거로운 절차와 자금 조달의 어려움이 발목을 잡고 있다.이런 현실적인 문제를 해결하고자, 무빙스탁이 ‘증권사 신용, 대환자금대출’ 서비스를 전격 출시했다.이 상품은 주식을 매도하지 않고도, 기존의 고금리의 주식대출(미수/신용융자 등)의 3%대의 혁신적인 저금리 증권사로 전환할 수 있도록 상환자금을 제공하는 것이 핵심이다.무빙스탁 관계자는 “현재 증권사 이벤트 금리는 연 3%대 수준으로, 기존 9~10%대 고금리를 적용받는 투자자라면 절감 효과가 상당하다”며, 금리를 5%만 낮추면 “1억원 신용대출 기준으로 연간 약 500만원, 3억원이라면 1,500만원까지도 절약할 수 있다”고 밝혔다.더 놀라운 점은, 현재는 이벤트 기간으로 대환자금대출 신청시 발생하는 이자 비용까지 ‘0원’이라는 사실이다. 대환자금에 대해서 하루의 대출이자도 부담하지 않고 기존 고금리 대출을 저금리로 전환할 수 있어, 고금리 부담에 시달리던 투자자들에게 큰 호응을 얻을 전망이다.이 서비스는 부동산 시장에서 흔히 이용되던 대환대출 개념을 증권시장에 도입한 혁신적인 시도로, 주식 투자자들의 자금 운용에 새로운 대안을 제시할 것으로 기대된다.무빙스탁 ‘증권사 신용, 대환자금대출’의 비용 무료 이벤트는 이벤트 기간 동안 한정적으로 제공되는 만큼, 신용융자를 이용 중인 투자자라면 지금 바로 확인해볼 필요가 있다.★ 장마감 시간이 가까워질수록 문의가 많아 상담이 지연될 수 있습니다.★ 7월 문의하신 고객들이 많이 보유하신 종목으로는 삼성전자, POSCO홀딩스, 셀트리온, 포스코퓨처엠, 에코프로비엠, NAVER, 에코프로, 삼성SDI, LG화학, SK하이닉스, 두산에너빌리티, 카카오, SK이노베이션, LG에너지솔루션, 엘앤에프, 삼천당제약, 현대차, 알테오젠, HPSP, LG전자 등이 있습니다.★ 안내사항과도한 빚은 당신에게 큰 불행을 안겨줄 수 있습니다. 대출 시 신용등급 하락으로 다른 금융거래가 제약받을 수 있습니다. 중개수수료를 요구하거나 받는 것은 불법입니다.상호명: ㈜단비대부 2021-서울영등포-2102(대부업) | TEL: 1544-4886 | 대출금리: 연 20%이내(연체금리는 약정금리+3%p이내, 최대 연 20%이내) | 단, 2021. 7. 7.부터 신규체결, 갱신, 연장되는 계약에 한함 | 채무의 조기상환 조건 및 부대비용 없음. (단, 신용조회비용 및 담보권설정비용 있음), 이자 외 별도로 중개수수료를 요구하거나 수취하는 것은 불법입니다. | 대표이사: 박동원 | 사업자등록번호: 274-86-00231 | 등록기관명칭: 서울 영등포구청(담당부서: 일자리경제과, 02-2670-3420) | 소재지 : 서울 영등포구 여의대방로67길 11, 5층 517호 | 개인정보관리자메일: help@danbifund.co.kr무료상담",https://www.hankyung.com/article/202507083739a,2025.07.08 11:38
"네이버·카카오, AI·코인 정책 기대로 상승","네이버, 내수회복 땐 추가↑
카카오 전망 놓고선 엇갈려","한때 ‘국민 밉상주’로 불리던 네이버와 카카오가 오랜 부진에서 벗어나 급등했다. 최근 차익실현 매물이 나오긴 했지만 전문가들은 네이버의 추가 상승을 점치고 있다.





                한국거래소에 따르면 네이버 주가는 지난달 이후 이달 4일까지 32.80% 급등했다. 3년여 만의 최고가를 기록한 지난달 23일엔 장중 29만5000원까지 올라섰다. 하정우 전 네이버클라우드 AI이노베이션센터장이 초대 AI미래기획 수석으로, 한성숙 전 네이버 대표가 중소벤처기업부 장관 후보자로 지목되자 급등했다. 이재명 대통령이 대선 당시 원화 기반 스테이블코인 도입을 공약한 것도 주가를 끌어올렸다. 자회사 네이버파이낸셜은 스테이블코인 결제 서비스를 준비하고 있다.카카오 주가 역시 지난달 이후 36.77% 뛰었다. 원화 스테이블코인 결제가 시행되면 자회사 카카오페이가 수혜를 볼 것이란 점이 부각됐다. 최근 미국 오픈AI와 전략적 제휴를 체결하면서 한국형 슈퍼 AI 에이전트를 출시한다는 소식도 주가에 불을 지폈다.다만 지난달 고점과 비교하면 네이버 주가는 여전히 14.29% 하락한 상태다. 오랜만에 주가가 뛰자 차익실현 매물이 대거 쏟아졌다는 분석이다.전문가들은 대체로 “네이버 주가가 추가 상승할 가능성이 높다”는 평가를 내놓고 있다. 정부의 추가경정예산안 편성 등 내수 회복 정책으로 하반기 국내 경기가 회복되면 네이버 광고와 전자상거래 매출 증가율이 반등할 수 있다는 기대다.카카오 주가 역시 지난달 고점 대비 17.05% 떨어졌다. 카카오 주가에 대한 전망은 엇갈린다. 네이버처럼 내수 경기가 회복되면 카카오도 수혜를 볼 수 있다는 전망이 있지만 카카오 커머스는 ‘선물하기 기능’에 매출이 집중돼 경기 개선에 따른 매출 반등 효과가 크지 않을 것이라는 분석이 만만치 않다.정부의 AI산업 집중 투자에도 카카오가 누릴 낙수효과는 제한적일 것이란 전망이 나온다. 카카오는 정부의 AI 정책 기조인 소버린 AI 대신 오픈AI와 제휴한 관련 서비스를 개발하고 있기 때문이다. 실적 개선세 대비 주가가 너무 급하게 올랐다는 지적도 있다.심성미 기자 smshim@hankyung.com",https://www.hankyung.com/article/2025070841471,2025.07.08 15:46
이자 폭탄 막자! 증권사 신용대출 3%대 전환으로 절약하는 법,,"전송종목 : 애경산업, 조일알미늄, 와이지-원, 한섬, 시공테크최근 주식 투자자들 사이에서 주식대출(미수/신용융자 등)의 고금리에 대한 부담이 커지고 있다.특히 저금리를 적용 받고 싶어도, 기존 대출을 상환하고 다시 주식을 매수해야 하는 번거로운 절차와 자금 조달의 어려움이 발목을 잡고 있다.이런 현실적인 문제를 해결하고자, 무빙스탁이 ‘증권사 신용, 대환자금대출’ 서비스를 전격 출시했다.이 상품은 주식을 매도하지 않고도, 기존의 고금리의 주식대출(미수/신용융자 등)의 3%대의 혁신적인 저금리 증권사로 전환할 수 있도록 상환자금을 제공하는 것이 핵심이다.무빙스탁 관계자는 “현재 증권사 이벤트 금리는 연 3%대 수준으로, 기존 9~10%대 고금리를 적용받는 투자자라면 절감 효과가 상당하다”며, 금리를 5%만 낮추면 “1억원 신용대출 기준으로 연간 약 500만원, 3억원이라면 1,500만원까지도 절약할 수 있다”고 밝혔다.더 놀라운 점은, 현재는 이벤트 기간으로 대환자금대출 신청시 발생하는 이자 비용까지 ‘0원’이라는 사실이다. 대환자금에 대해서 하루의 대출이자도 부담하지 않고 기존 고금리 대출을 저금리로 전환할 수 있어, 고금리 부담에 시달리던 투자자들에게 큰 호응을 얻을 전망이다.이 서비스는 부동산 시장에서 흔히 이용되던 대환대출 개념을 증권시장에 도입한 혁신적인 시도로, 주식 투자자들의 자금 운용에 새로운 대안을 제시할 것으로 기대된다.무빙스탁 ‘증권사 신용, 대환자금대출’의 비용 무료 이벤트는 이벤트 기간 동안 한정적으로 제공되는 만큼, 신용융자를 이용 중인 투자자라면 지금 바로 확인해볼 필요가 있다.★ 장마감 시간이 가까워질수록 문의가 많아 상담이 지연될 수 있습니다.★ 7월 문의하신 고객들이 많이 보유하신 종목으로는 삼성전자, POSCO홀딩스, 셀트리온, 포스코퓨처엠, 에코프로비엠, NAVER, 에코프로, 삼성SDI, LG화학, SK하이닉스, 두산에너빌리티, 카카오, SK이노베이션, LG에너지솔루션, 엘앤에프, 삼천당제약, 현대차, 알테오젠, HPSP, LG전자 등이 있습니다.★ 안내사항과도한 빚은 당신에게 큰 불행을 안겨줄 수 있습니다. 대출 시 신용등급 하락으로 다른 금융거래가 제약받을 수 있습니다. 중개수수료를 요구하거나 받는 것은 불법입니다.상호명: ㈜단비대부 2021-서울영등포-2102(대부업) | TEL: 1544-4886 | 대출금리: 연 20%이내(연체금리는 약정금리+3%p이내, 최대 연 20%이내) | 단, 2021. 7. 7.부터 신규체결, 갱신, 연장되는 계약에 한함 | 채무의 조기상환 조건 및 부대비용 없음. (단, 신용조회비용 및 담보권설정비용 있음), 이자 외 별도로 중개수수료를 요구하거나 수취하는 것은 불법입니다. | 대표이사: 박동원 | 사업자등록번호: 274-86-00231 | 등록기관명칭: 서울 영등포구청(담당부서: 일자리경제과, 02-2670-3420) | 소재지 : 서울 영등포구 여의대방로67길 11, 5층 517호 | 개인정보관리자메일: help@danbifund.co.kr무료상담",https://www.hankyung.com/article/202507111584a,2025.07.11 08:53
"코스피, 장중 보합권서 등락…'깜짝 실적' LG엔솔 3.5%↑",원·달러 환율 1367원대,"사진=뉴스1

                코스피가 장중 보합권에서 등락을 반복하고 있다.7일 오전 11시9분 현재 코스피는 전 거래일 대비 1포인트(0.03%) 오른 3055.28을 가리키고 있다. 3030대에서 거래를 시작한 코스피는 장중 상승 전환하며 3068.41까지 오르기도 했다. 하지만 현재는 상승분을 대부분 반납하고 보합권에 머무르고 있다.유가증권시장에서 개인과 기관은 각각 937억원, 476억원을 순매수하고 있다. 외국인은 1385억원 매도 우위를 보이고 있다.코스피 시가총액 상위주는 혼조세를 보이고 있다. 5000억원 규모의 자사주 소각 전망에 신한지주는 4.13% 오르고 있다. 네이버도 4% 넘게 상승하고 있다. KB금융(1.16%), HD현대중공업(0.94%), 한화에어로스페이스(0.77%)도 오르고 있다.개장 전 2분기 실적을 발표한 LG에너지솔루션도 3.54% 상승 중이다. LG에너지솔루션은 2분기 매출 5조5654억원, 영업이익 4922억원을 기록했다고 밝혔다. 미국 인플레이션감축법(IRA)에 따른 보조금을 제외한 영업이익은 6개 분기 만에 흑자를 냈다.반대로 SK하이닉스(-1.85%), 삼성전자(-1.26%), 현대차(-1.19%), 삼성물산(-0.92%), 두산에너빌리티(-0.5%), 삼성바이오로직스(-0.48%)는 하락 중이다.LG전자도 장중 2분기 연결 기준 영업이익이 6391억원으로 집계됐다고 공시했다. 전년 동기 대비 46.6% 줄었다. 같은 기간 매출액은 20조7400억원으로 4.4% 감소했다. LG전자 주가도 장중 3% 넘게 하락했다.코스닥 지수도 전장 대비 0.14포인트(0.02%) 오른 775.94를 가리키고 있다. 코스닥 지수는 개장 후 줄곧 770선에서 거래 중이다.코스닥 시장에서 개인은 홀로 582억원을 순매수하는 중이다. 기관과 외국인은 각각 412억원, 76억원을 순매도하는 중이다.코스닥 시가총액 상위주 흐름도 엇갈리고 있다. 알테오젠(4.79%), 파마리서치(4.16%), 실리콘투(3.71%), 클래시스(1.34%)는 오르는 중이다. 반면 에코프로(-1.92%), 레인보우로보틱스(-1.87%), 에코프로비엠(-1.83%), 코오롱티슈진(-1.56%), 휴젤(-0.41%), 리노공업(-0.4%)이 파란불을 켰다.원·달러 환율은 지난 야간장 종가 대비 5.4원 오른 1367.9원을 가리키고 있다.상호관세 유예 만료 기한이 다가온 가운데 시장은 관세 협상에 촉각을 곤두세우고 있다. 도널드 트럼프 미국 대통령은 특정 국가 및 관세율을 밝히지 않았으나, 12개국 대상으로 7일에 관세 서한을 발송할 것이라고 밝혔다.진영기 한경닷컴 기자 young71@hankyung.com",https://www.hankyung.com/article/2025070721566,2025.07.07 11:23
요즘 누가 홈쇼핑으로 사나 모바일라이브로 사지…안마의자도 모바일로,"바디프랜드, 모바일라이브커머스 3년 사이 3배 증가","""운동하고 뻐근할 땐 안마의자가 최고에요. 퇴근한 뒤엔 또 어떻구요?""모바일 라이브 커머스로 안마의자를 구입하는 젊은 세대들이 늘고 있다. 손쉽게 휴대폰으로 접속해 빠르게 구입을 결정할 수 있다는 점이 젊은층 유입으로 이어졌다는 평가다.헬스케어로봇 기업 바디프랜드가 모바일 라이브 커머스 거래량이 최근 3년 간 3배 가까이 늘었다고 11일 밝혔다.바디프랜드는 2019년 업계 최초로 자체 모바일 라이브 방송 제도를 도입, 주요 판매 채널 중 하나로 성장시켰다. 업계 최초로 사내에 MZ세대 PD, 쇼호스트 등의 전문 인력을 발탁, 전담팀을 신설해 바디프랜드 자사몰, 네이버 쇼핑 라이브, 공식 유튜브 채널 등의 플랫폼을 통해 하루 1~2회 라이브 방송 스케줄을 진행하고 있다. 바디프랜드가 모바일 라이브를 통해 달성한 상반기 매출액은 2023년에서 2024년은 114%, 2025년은 전년 대비 41% 증가했다. 3년 사이 약 3배 성장한 셈이다.바디프랜드는 시청자가 방송으로 유입되기 쉬운 채널들에 집중하고, 가장 효율이 좋은 시간대로 라이브를 편성해 방송 시간 한정으로 특별 혜택을 준 것이 매출을 순증시킬 수 있었던 강력한 요인이라고 설명했다.또 제품 체험의 제약이 있고 고관여 제품을 구매하기 쉽지 않은 모바일 라이브의 한계를 극복하기 위한 노력도 주효했다. 제품 소개와 설명 위주의 기존 모바일 라이브 형식과는 달리 바디프랜드 모바일 라이브 방송은 운동, 육아, 퇴근 등 일상에서 안마의자가 필요한 상황을 다양하게 찾고 연출했다. 바디프랜드 도곡타워 본사의 전용 스튜디오, 피트니스 센터, 하우스 스타일 쇼룸, 전국 곳곳의 라운지를 스튜디오를 적극 활용하는 방식이다. 또 콤팩트 헬스케어로봇 팔콘 시리즈, 마사지소파 파밀레, 라클라우드 모션베드 등 요즘 인테리어에 어울리는 디자인에 합리적인 가격대의 제품들을 내세운 것도 성장 비결이라고 회사 측은 강조했다.방송 횟수도 늘고 있다. 2023년 189회, 2024년 283회로 약 34% 늘었고, 2025년 6월까지 178회 방송해 올해 연말까지 300회 이상 방송할 것으로 보인다.바디프랜드 관계자는 “모바일 라이브 방송을 통해 바디프랜드 고객이 젊어지고 있다는 것을 체감하고 있다”며 “라이브 방송의 주 구매 고객층은 40대(48%)와 30대(34%)가 많다”고 말했다.민지혜 기자 spop@hankyung.com",https://www.hankyung.com/article/202507112328i,2025.07.11 11:36
이자 폭탄 막자! 증권사 신용대출 3%대 전환으로 절약하는 법,,"전송종목 : 에스디바이오센서, 메리츠금융지주, BNK금융지주, iM금융지주, 이마트최근 주식 투자자들 사이에서 주식대출(미수/신용융자 등)의 고금리에 대한 부담이 커지고 있다.특히 저금리를 적용 받고 싶어도, 기존 대출을 상환하고 다시 주식을 매수해야 하는 번거로운 절차와 자금 조달의 어려움이 발목을 잡고 있다.이런 현실적인 문제를 해결하고자, 무빙스탁이 ‘증권사 신용, 대환자금대출’ 서비스를 전격 출시했다.이 상품은 주식을 매도하지 않고도, 기존의 고금리의 주식대출(미수/신용융자 등)의 3%대의 혁신적인 저금리 증권사로 전환할 수 있도록 상환자금을 제공하는 것이 핵심이다.무빙스탁 관계자는 “현재 증권사 이벤트 금리는 연 3%대 수준으로, 기존 9~10%대 고금리를 적용받는 투자자라면 절감 효과가 상당하다”며, 금리를 5%만 낮추면 “1억원 신용대출 기준으로 연간 약 500만원, 3억원이라면 1,500만원까지도 절약할 수 있다”고 밝혔다.더 놀라운 점은, 현재는 이벤트 기간으로 대환자금대출 신청시 발생하는 이자 비용까지 ‘0원’이라는 사실이다. 대환자금에 대해서 하루의 대출이자도 부담하지 않고 기존 고금리 대출을 저금리로 전환할 수 있어, 고금리 부담에 시달리던 투자자들에게 큰 호응을 얻을 전망이다.이 서비스는 부동산 시장에서 흔히 이용되던 대환대출 개념을 증권시장에 도입한 혁신적인 시도로, 주식 투자자들의 자금 운용에 새로운 대안을 제시할 것으로 기대된다.무빙스탁 ‘증권사 신용, 대환자금대출’의 비용 무료 이벤트는 이벤트 기간 동안 한정적으로 제공되는 만큼, 신용융자를 이용 중인 투자자라면 지금 바로 확인해볼 필요가 있다.★ 장마감 시간이 가까워질수록 문의가 많아 상담이 지연될 수 있습니다.★ 7월 문의하신 고객들이 많이 보유하신 종목으로는 삼성전자, POSCO홀딩스, 셀트리온, 포스코퓨처엠, 에코프로비엠, NAVER, 에코프로, 삼성SDI, LG화학, SK하이닉스, 두산에너빌리티, 카카오, SK이노베이션, LG에너지솔루션, 엘앤에프, 삼천당제약, 현대차, 알테오젠, HPSP, LG전자 등이 있습니다.★ 안내사항과도한 빚은 당신에게 큰 불행을 안겨줄 수 있습니다. 대출 시 신용등급 하락으로 다른 금융거래가 제약받을 수 있습니다. 중개수수료를 요구하거나 받는 것은 불법입니다.상호명: ㈜단비대부 2021-서울영등포-2102(대부업) | TEL: 1544-4886 | 대출금리: 연 20%이내(연체금리는 약정금리+3%p이내, 최대 연 20%이내) | 단, 2021. 7. 7.부터 신규체결, 갱신, 연장되는 계약에 한함 | 채무의 조기상환 조건 및 부대비용 없음. (단, 신용조회비용 및 담보권설정비용 있음), 이자 외 별도로 중개수수료를 요구하거나 수취하는 것은 불법입니다. | 대표이사: 박동원 | 사업자등록번호: 274-86-00231 | 등록기관명칭: 서울 영등포구청(담당부서: 일자리경제과, 02-2670-3420) | 소재지 : 서울 영등포구 여의대방로67길 11, 5층 517호 | 개인정보관리자메일: help@danbifund.co.kr무료상담",https://www.hankyung.com/article/202507235741a,2025.07.23 10:28
[단독] 40대 'AI 전문가' 발탁 이어 부총리 격상…AI 컨트롤타워 맡는다,"국정기획委 대통령실에 보고
과기부총리 17년만에 부활

AI 고속도로 구축·인재 양성 등
'3대 강국' 도약 이끌 전략 지휘

정부 R&D 예산 편성도 총괄
기재부 연구개발 예산 심의권 
과기부로 대폭 이양해 힘 실을 듯

과학기술계 ""실세 부총리 돼야""","정부가 17년 만에 과학기술부총리를 부활시키기로 한 것은 이재명 정부의 핵심 국정 비전인 ‘인공지능(AI) 3대 강국 진입’을 달성하기 위해선 AI산업 육성과 연구개발(R&D) 정책을 총괄하는 컨트롤타워가 필요하다는 판단이 깔린 것으로 풀이된다. 미래 전략산업을 육성하고 AI 혁신생태계를 구축하는 ‘기술주도 성장’에 대한 이 대통령의 강력한 의지와 방향성을 다시 한번 확인시킨 것이란 해석도 나온다. 과학기술계에선 과학기술부총리가 한국의 미래 성장 전략을 책임질 실세 부총리가 돼야 한다는 기대가 나온다.◇‘기술주도 성장’ 의지 재확인







이미지 크게보기



                AI 3대 강국 달성에 대한 이 대통령의 의지는 40대 민간 AI 전문가를 파격 발탁할 때부터 드러났다.이 대통령은 대통령실에 AI미래기획수석을 신설하고 하정우 네이버 클라우드 AI혁신센터장을 영입한 데 이어 초대 과학기술정보통신부 장관 후보자로 배경훈 LG AI연구원장을 지목했다. 하 수석은 네이버에서 자체 대규모언어모델(LLM) 하이퍼클로바X를, 배 후보자는 LG AI연구원에서 엑사원을 개발했다.다만 배 후보자와 하 수석 모두 40대로 상대적으로 나이가 젊은 데다 정부 부처 근무 경험이 없어 다른 부처 협력을 끌어내고 AI 육성 정책의 추진 동력을 살릴 수 있겠느냐는 우려의 시각이 적지 않았다. 이에 정부는 과기정통부 장관을 부총리로 승격시켜 확실하게 힘을 실어주기로 한 것으로 보인다. 정부 일각에서는 중소벤처기업부의 벤처정책국과 산업통상자원부의 산업인공지능혁신과를 과기정통부로 이관해 부처별로 흩어진 AI 정책을 과학기술부총리 아래로 모으는 추가 개편 가능성도 제기된다.경제 정책을 총괄하는 기획재정부와의 역할 분담도 주목된다. 기재부는 이재명 정부의 국정 비전 중 하나인 잠재성장률 3% 달성을 위해 AI를 통한 생산성 확대를 추진하겠다고 국정기획위원회에 보고한 것으로 전해졌다. 구윤철 기재부 장관 후보자는 지난달 29일 지명 직후 한국경제신문과의 통화에서 “AI 대전환(AX)을 통해 세계 1위 산업을 여럿 육성해야 한다”고 강조하기도 했다.◇과기부 R&D 예산 편성권 강화역대 정부 가운데 과학기술부총리를 따로 둔 정부는 노무현 정부가 유일했다. 노무현 정부는 ‘과학기술 중심사회 구축’을 국정 목표로 내걸고 과학기술부 장관을 부총리급으로 격상했다. 과기부에 차관급인 과학기술혁신본부를 신설해 국가 R&D 예산의 배분·조정과 사업 평가 기능을 맡긴 것도 이때다. 과학기술부총리가 국가과학기술위원회(NSTC) 부의장을 겸임하며 과학기술 관련 정책을 총괄하고, 과학기술혁신본부는 NSTC 사무국 역할을 수행하는 구조다.이재명 정부의 과학기술부총리는 R&D 예산 수립·편성·배분 권한이 한층 더 세질 것으로 보인다. 지금까지 R&D 예산은 각 부처가 5월 말 제출한 예산요구서 중 R&D 관련 내용만 과기정통부가 모아 초안을 마련한 뒤 6월 말 기재부로 넘기는 구조였다. 기재부는 이 초안을 바탕으로 각 부처와의 협의·보완을 거쳐 8월 말 최종 예산안을 발표했다.정부는 R&D 예산에 한해 기재부의 심의 기능을 부총리급으로 격상되는 과기정통부에 대폭 이양하겠다는 구상이다. 이를 위해 국정기획위원회 소속 황정아 더불어민주당 의원은 지난 2일 R&D 예산을 정부 지출의 5% 이상으로 의무화하고, 과기정통부에 R&D 예산 편성권을 대폭 이양하는 과학기술기본법 일부 개정안을 발의하기도 했다.익명을 요구한 과학기술계 전문가는 “이재명 정부의 과학기술부총리가 미래전략 기술 육성을 총괄 조정하는 실세 부총리가 되길 기대한다”고 말했다.정영효/최형창/서형교 기자 hugh@hankyung.com",https://www.hankyung.com/article/2025070370531,2025.07.03 17:51
"경기도, '민생회복 소비쿠폰 지원 전담조직' 구성","오는 21일부터 민생 회복 소비쿠폰 지급
연매출 30억 원으로 확대","경기도가 오는 21일부터 정부가 모든 국민을 대상으로 최대 50만 원을 지급하는 ‘민생 회복 소비쿠폰’의 1차 신청이 시작되는 가운데 ‘전담 특별조직(TF)’을 구성했다.11일 도에 따르면 도는 모든 도민이 ‘민생 회복 소비쿠폰’을 신속하게 받고, 사용할 수 있도록 지원하는 ‘민생 회복 소비쿠폰 전담 조직(TF)’을 구성했다.김성중 도 행정1부지사를 단장으로 하는 TF는 사업총괄, 집행관리, 현장 대응, 행정지원, 언론대응반 등 총 20명으로 구성되며, 지급 대상자 검증, 예산 집행, 지급수단 확보, 홍보 전략 등을 전담한다.민생 회복 소비 쿠폰 사업은 정부가 모든 국민을 대상으로 소득 상위 10% 15만 원, 일반 국민 25만 원, 한 부모·차상위 가족 40만 원, 기초생활보장 수급자 50만 원(인구감소지역인 가평, 연천은 5만 원 추가)을 1~2차에 걸쳐 지급하는 내용이다.경기도 역시 모든 도민이 지원 대상이다. 도에서는 국비 3조 1000억 원, 지방비 3500억 원 등 총 3조 4500억 원의 재원을 투입해 도민 경제 회복을 지원한다.지급은 1차와 2차로 나눠 진행되며, 1차 신청은 7월 21일부터 9월 12일까지 온·오프라인을 통해 가능하다. 신청 첫 주(7월 21~25일)에는 출생 연도 끝자리 기준 ‘요일제’가 적용된다.온라인 신청은 카드사 앱·누리집, 지역사랑상품권 앱, 토스·카카오페이·네이버페이 등 간편결제 앱에서 가능하다.또 오프라인 신청은 카드 연계 은행 창구, 읍면동 주민센터(선불카드 및 지류형 상품권)에서 신청할 수 있다.2차 신청은 오는 9월 22일부터 10월 31일까지 진행할 예정이다.지급 수단은 지역사랑상품권, 신용·체크카드 포인트, 선불카드 중 선택할 수 있다.받은 소비쿠폰은 11월 30일까지 사용해야 하며, 미사용분은 자동 소멸한다.소비쿠폰은 도내 연 매출 30억 원 이하의 소상공인 매장에서 사용할 수 있다. 대형마트, 백화점, 프랜차이즈 직영점, 유흥·사행업종 등에서는 사용이 제한된다.도는 특히 경기 지역화폐와 지역경제 활성화를 위해 소비 쿠폰 사용분에만 기존 연 매출 12억 원이었던 지역화폐 사용처 기준을 타 지불수단과 마찬가지로 30억 원으로 확대하기로 했다.도는 도민들의 원활한 신청과 민원 대응을 위해 경기도와 시군 공무원, 관계기관 등이 함께 참여하는 신속 지원 체계를 가동하고, 도 누리집 배너, 누리소통망(SNS), 언론보도 등 온·오프라인 홍보도 추진할 계획이다.한편 김동연 경기도지사는 지난 ‘새 정부 추경예산 대응 민생경제 점검 회의’에서 “속도가 중요하다. 민생 회복소비쿠폰 신청에 차질 없이 뒷받침하고 도민들이 혼란이 없도록 안내를 단단히 해주기를 바란다”면서 “글 읽기에 익숙하지 않은 분들도 쉽게 할 수 있도록 꼼꼼하게 바로 쓸 수 있도록 안내하고, 필요한 부분에 소비 진작을 할 수 있도록 공급자 위주가 아니라 수요자 위주로 적극적으로 해 주기 바란다”라고 말했다.수원=윤상연 기자",https://www.hankyung.com/article/202507112823h,2025.07.11 14:45
"취준생들 ""우린 어디로 가나요""…대기업 20대 비중 '뚝'","20대 비중 2년 만에 25%→21%
조사 대상 56.7%서 20대 감소","사진=뉴스1

                청년들의 취업 문이 갈수록 좁아지고 있다. 국내 대기업의 20대 직원 비중이 불과 2년 새 25%에서 21%로 급락했다. 대기업 인력 구조 또한 날로 노화하고 있다는 진단이 나온다.기업데이터연구소 CEO스코어는 16일 매출액 기준 국내 100대 기업 중 2025년 지속가능경영보고서를 공시한 67곳을 대상으로 2022~2024년 연령대별 임직원 수 및 비중을 조사한 결과 이같이 밝혔다.이들 기업의 20대 임직원 비중은 2022년 24.8%에서 2023년 22.7%, 2024년 21.0%로 2년 만에 3.8%포인트 줄어든 것으로 나타났다. 임직원 수로 보면 29만1235명, 26만4091명, 24만3737명으로 2년 만에 4만7498명 감소했다. 조사 대상 대기업의 절반이 넘는 38곳(56.7%)에서 20대 임직원 수가 줄었다.반면 이 기간 30대 이상 임직원 수는 88만747명, 90만829명, 91만5979명으로 3만5232명 증가했다. 업체별로 2022년과 2024년을 비교한 결과, 삼성디스플레이의 20대 비중이 43.8%에서 28.4%로 15.4%포인트 줄어 낙폭이 가장 컸다. 이어 SK온(12.3%포인트), LG이노텍(8.9%포인트), SK하이닉스(8.8%포인트), 삼성SDI(7.9%포인트), 네이버(7.1%포인트), 삼성전자(6.6%포인트), 한화솔루션(6.4%포인트), 삼성전기(5.9%포인트), LG디스플레이(5.6%포인트) 등 순으로 감소 폭이 두드러졌다.반면 한화에어로스페이스는 최근 방산업 호조에 힘입어 20대 고용 비중이 7.5%에서 15.8%로 8.3%포인트 늘었다. 뒤이어 LX인터내셔널(6.7%포인트), SK에너지(5.3%포인트), 삼성E&A(5.2%포인트), 에쓰오일(4.7%포인트), 현대제철(4.6%포인트), 현대글로비스(4.2%포인트), SK지오센트릭(3.7%포인트), 두산에너빌리티(3.7%포인트), 한온시스템(3.4%포인트) 등이었다.4대 그룹별로 매출이 가장 큰 대표 기업을 살펴본 결과 삼성전자는 20대 비중이 2022년 30.8%에서 2024년 24.2%로 줄었다. SK하이닉스는 29.6%에서 20.8%로 감소했다. 현대차는 20.8%에서 21.8%로, LG전자는 17.0%에서 18.0%로 20대 비중이 소폭 증가에 그쳤다.조원만 CEO스코어 대표는 ""경제적 불확실성이 커진 상황에서 기업들이 신입 공채를 전면 폐지 또는 축소하거나 수시 채용으로 전환하고, 경력직을 선호하는 경향이 크게 영향을 미친 것 같다""고 분석했다.이날 통계청이 발표한 6월 고용동향에 따르면 15세 이상 취업자는 전년 동월 대비 18만3000명 늘어난 2909만1000명으로 6개월 연속 두 자릿수 증가세를 보였다. 다만 청년층에 해당하는 15~29세 고용률은 14개월째 하락세를 기록했다.경기 불안과 당정 기조에 따라 청년층 취업 문이 더 높아질 우려도 제기된다. 이재명 대통령은 정년 연장을 지난 대선에서 노동 부문 핵심 공약으로 발표했고, 더불어민주당은 최근 정년연장 태스크포스(TF)를 꾸려 본격적인 논의를 시작했다.전날 한국경영자총협회는 ""국내 4년제 대학 경제·경영·법학교수 210명에게 65세로 법정 정년이 연장될 경우 가장 큰 부정적 효과를 설문한 결과, 응답자의 62.4%(이하 복수 응답)가 '청년층 신규 채용 감소'를 꼽았다""고 전했다.신현보 한경닷컴 기자 greaterfool@hankyung.com",https://www.hankyung.com/article/2025071616057,2025.07.16 11:28
9~10% 주식 관련 대출에서 3%대 대출로 교체,,"전송종목 : 셀바스AI, 에스와이, 디아이티, 위메이드, 강원에너지




 

최근 주식 투자자들 사이에서 주식대출(미수/신용융자 등)의 고금리에 대한 부담이 커지고 있다.특히 저금리를 적용 받고 싶어도, 기존 대출을 상환하고 다시 주식을 매수해야 하는 번거로운 절차와 자금 조달의 어려움이 발목을 잡고 있다.이런 현실적인 문제를 해결하고자, 무빙스탁이 ‘증권사 신용, 대환자금대출’ 서비스를 전격 출시했다.이 상품은 주식을 매도하지 않고도, 기존의 고금리의 주식대출(미수/신용융자 등)의 3%대의 혁신적인 저금리 증권사로 전환할 수 있도록 상환자금을 제공하는 것이 핵심이다.무빙스탁 관계자는 “현재 증권사 이벤트 금리는 연 3%대 수준으로, 기존 9~10%대 고금리를 적용받는 투자자라면 절감 효과가 상당하다”며, 금리를 5%만 낮추면 “1억원 신용대출 기준으로 연간 약 500만원, 3억원이라면 1,500만원까지도 절약할 수 있다”고 밝혔다.더 놀라운 점은, 현재는 이벤트 기간으로 대환자금대출 신청시 발생하는 이자 비용까지 ‘0원’이라는 사실이다. 대환자금에 대해서 하루의 대출이자도 부담하지 않고 기존 고금리 대출을 저금리로 전환할 수 있어, 고금리 부담에 시달리던 투자자들에게 큰 호응을 얻을 전망이다.이 서비스는 부동산 시장에서 흔히 이용되던 대환대출 개념을 증권시장에 도입한 혁신적인 시도로, 주식 투자자들의 자금 운용에 새로운 대안을 제시할 것으로 기대된다.무빙스탁 ‘증권사 신용, 대환자금대출’의 비용 무료 이벤트는 이벤트 기간 동안 한정적으로 제공되는 만큼, 신용융자를 이용 중인 투자자라면 지금 바로 확인해볼 필요가 있다.★ 장마감 시간이 가까워질수록 문의가 많아 상담이 지연될 수 있습니다.★ 7월 문의하신 고객들이 많이 보유하신 종목으로는 삼성전자, POSCO홀딩스, 셀트리온, 포스코퓨처엠, 에코프로비엠, NAVER, 에코프로, 삼성SDI, LG화학, SK하이닉스, 두산에너빌리티, 카카오, SK이노베이션, LG에너지솔루션, 엘앤에프, 삼천당제약, 현대차, 알테오젠, HPSP, LG전자 등이 있습니다.★ 안내사항과도한 빚은 당신에게 큰 불행을 안겨줄 수 있습니다. 대출 시 신용등급 하락으로 다른 금융거래가 제약받을 수 있습니다. 중개수수료를 요구하거나 받는 것은 불법입니다.상호명: ㈜단비대부 2021-서울영등포-2102(대부업) | TEL: 1544-4886 | 대출금리: 연 20%이내(연체금리는 약정금리+3%p이내, 최대 연 20%이내) | 단, 2021. 7. 7.부터 신규체결, 갱신, 연장되는 계약에 한함 | 채무의 조기상환 조건 및 부대비용 없음. (단, 신용조회비용 및 담보권설정비용 있음), 이자 외 별도로 중개수수료를 요구하거나 수취하는 것은 불법입니다. | 대표이사: 박동원 | 사업자등록번호: 274-86-00231 | 등록기관명칭: 서울 영등포구청(담당부서: 일자리경제과, 02-2670-3420) | 소재지 : 서울 영등포구 여의대방로67길 11, 5층 517호 | 개인정보관리자메일: help@danbifund.co.kr무료상담",https://www.hankyung.com/article/202507173371a,2025.07.17 08:53
자기자본 포함 4배 투자금을 DSR 무관으로 신청 당일 즉시?,,"투자자들 사이에서 ‘스탁론’에 대한 관심이 높아지고 있다. 스탁론은 자기자본 포함 최대 4배까지 활용 가능하며 증권사 신용/미수 대환 용도로도 활용 가능해 대표적인 레버리지 수단으로 자리잡은 상태다.그러나 DSR 한도가 스탁론에도 적용된 후 다른 대출, 소득 증빙 문제로 예전처럼 이용하기 어려워졌다. 이와 함께 높아진 금리도 스탁론 이용을 망설이게 만든 원인으로 꼽힌다.그러나 해결책은 있다. 21년 연속 스탁론 업계 1위를 지키고 있는 하이스탁론이 DSR 무관하게 이용할 수 있는 상품은 물론 연 4%대 최저금리로 이용 가능한 상품까지 취급하며 선택의 폭을 넓힌 것이다.




 

◆ 하이스탁론, 연 4%대 업계 최저금리로 추가 투자금은 물론 신용미수 대환까지!<하이스탁론>에서 누구나 부담 없이 스탁론을 경험할 수 있도록 연 4%대 최저금리 상품을 출시했다. 주식매입 용도는 물론 증권사 미수/신용 대환도 가능하며 신용등급 차등 없이 자기자본 포함 최대 4배까지 활용할 수 있다.이와 함께 DSR 한도 때문에 기존 스탁론 이용이 어려웠던 투자자들은 위한 DSR 무관 상품도 취급 중이다. 또한 장중 거래가 어려웠던 투자자를 위한 대체거래소(NXT) 거래도 가능해졌다.<하이스탁론>의 새로운 상품에 대해 자세히 알고 싶은 투자자는 고객상담센터(1599-0313)로 연락하면 대출 여부와 상관없이 24시간 언제든 전문상담원과 편리한 상담이 가능하다.○ 연 4%대 업계 최저금리 상품 출시○ 대체거래소(NXT) 거래 가능!○ 21년 연속 시장 점유율 1위, 16년 연속 대한민국퍼스트브랜드 대상○ 증권사 신용/미수 실시간 상환, 한종목 100% 집중 투자○ 믿을 수 있는 상담품질보증제※하이스탁론상담센터 : 1599-0313바로가기:https://www.hisl.co.kr/0313◆ 현 시각 관심종목 Top 10 : 삼성전자, NAVER, 한국전력, LG씨엔에스, 한국가스공사, 한화시스템, 에르코스, 더즌, 파세코, JB금융지주무료상담",https://www.hankyung.com/article/202507109551a,2025.07.11 09:30
"23일, 기관 거래소에서 넷마블(-4.9%), 한국전력(+1.48%) 등 순매도",,"기관 투자자는 23일 거래소에서 넷마블, 한국전력, 삼성전자 등을 중점적으로 매도한 것으로 나타났다.기관 투자자의 순매도 상위 20개 종목은 넷마블, 한국전력, 삼성전자, HD현대일렉트릭, 에이피알, 카카오, 두산, 삼성물산, 현대건설, LIG넥스원등이다.이중에 전기,전자 업종에 속한 종목이 3개 포함되어 있다.한국전력, 삼성전자, HD현대일렉트릭 등은 전일 대비 주가가 상승했고, 넷마블, 카카오, 두산 등은 주가가 하락했다.[07월23일]거래소 기관 순매도 상위 종목한경로보뉴스이 기사는 한국경제신문과 금융 AI 전문기업 씽크풀이 공동 개발한 기사 자동생성 알고리즘에 의해 실시간으로 작성된 것입니다.",https://www.hankyung.com/article/202507237817L,2025.07.23 18:35
연 4%대 업계 최저 금리로 저렴하게! DSR 무관 상품까지!,,"투자자들 사이에서 ‘스탁론’에 대한 관심이 높아지고 있다. 스탁론은 자기자본 포함 최대 4배까지 활용 가능하며 증권사 신용/미수 대환 용도로도 활용 가능해 대표적인 레버리지 수단으로 자리잡은 상태다.그러나 DSR 한도가 스탁론에도 적용된 후 다른 대출, 소득 증빙 문제로 예전처럼 이용하기 어려워졌다. 이와 함께 높아진 금리도 스탁론 이용을 망설이게 만든 원인으로 꼽힌다.그러나 해결책은 있다. 21년 연속 스탁론 업계 1위를 지키고 있는 하이스탁론이 DSR 무관하게 이용할 수 있는 상품은 물론 연 4%대 최저금리로 이용 가능한 상품까지 취급하며 선택의 폭을 넓힌 것이다.




 

◆ 하이스탁론, 연 4%대 업계 최저금리로 추가 투자금은 물론 신용미수 대환까지!<하이스탁론>에서 누구나 부담 없이 스탁론을 경험할 수 있도록 연 4%대 최저금리 상품을 출시했다. 주식매입 용도는 물론 증권사 미수/신용 대환도 가능하며 신용등급 차등 없이 자기자본 포함 최대 4배까지 활용할 수 있다.이와 함께 DSR 한도 때문에 기존 스탁론 이용이 어려웠던 투자자들은 위한 DSR 무관 상품도 취급 중이다. 또한 장중 거래가 어려웠던 투자자를 위한 대체거래소(NXT) 거래도 가능해졌다.<하이스탁론>의 새로운 상품에 대해 자세히 알고 싶은 투자자는 고객상담센터(1599-0313)로 연락하면 대출 여부와 상관없이 24시간 언제든 전문상담원과 편리한 상담이 가능하다.○ 연 4%대 업계 최저금리 상품 출시○ 대체거래소(NXT) 거래 가능!○ 21년 연속 시장 점유율 1위, 16년 연속 대한민국퍼스트브랜드 대상○ 증권사 신용/미수 실시간 상환, 한종목 100% 집중 투자○ 믿을 수 있는 상담품질보증제※하이스탁론상담센터 : 1599-0313바로가기:https://www.hisl.co.kr/0313◆ 현 시각 관심종목 Top 10 : 한미반도체, NAVER, 현대로템, 에코프로, 서울보증보험, 피아이이, 피코그램, 프롬바이오, 비케이홀딩스, 부국증권무료상담",https://www.hankyung.com/article/202507211744a,2025.07.22 13:05
"스타벅스, 네이버 지도앱서 맞춤형 매장 추천 이벤트",매장 저장 시 '1+1 음료 쿠폰' 응모 기회 제공,"사진=스타벅스 제공 

                스타벅스코리아가 네이버 지도 애플리케이션(앱)에서 고객 맞춤형 스타벅스 매장을 소개하고 1+1 음료 쿠폰을 제공하는 이벤트를 진행한다고 4일 밝혔다.스타벅스는 네이버 지도앱을 통해 고객이 상황별, 목적별로 방문하기 좋은 매장을 목록화해 쉽고 편하게 매장을 찾을 수 있도록 준비했다고 설명했다. △꼭 가봐야 할 스타벅스 매장 △특별한 커피를 즐길 수 있는 스타벅스 리저브 매장 △드라이브 코스로 좋은 스타벅스 매장 등 총 15가지 주제로 매장을 분류해 소개한다.  이번 이벤트는 ‘스타벅스에서 만나요’(MEET ME AT STARBUCKS) 캠페인의 일환으로 3차례에 걸쳐 진행될 예정이다. 1차 이벤트에서는 늦은 시간까지 운영하는 매장을 위치 기반으로 추천해주는 목록을 제공하며 이를 저장한 고객에게는 스타벅스 무료 음료 쿠폰 2종에 대한 응모 기회를 준다.해당 이벤트는 오는 13일까지 진행되며 이벤트에 당첨된 고객에게는 ‘디카페인 아메리카노(T) 1+1 쿠폰’과 ‘Any Bev(Any Size) 1+1 쿠폰’ 중 한 가지를 무작위로 증정한다. ‘Any Bev(Any Size) 1+1 쿠폰’은 드라이브스루(DT) 매장에서만 사용할 수 있다. 이상미 스타벅스코리아 마케팅담당은 “스타벅스와 네이버 지도앱은 각 분야에서 월간 활성 이용자 수(MAU) 1위를 기록 중인 앱으로 두 브랜드의 긍정적인 시너지 효과를 기대한다”고 말했다.박수림 한경닷컴 기자 paksr365@hankyung.com",https://www.hankyung.com/article/202507047921g,2025.07.04 10:21
"""막막할때 손 잡아주고…보증, 컨설팅, 복지 챙겨줘…이런 친구 또 없습니다""","KB금융, 소상공인 금리우대 대출 두 배로
신한금융, 폐업 빚 상환 기한 30년까지 연장

하나금융, 중장년 취업박람회·청년창업 교육
농협금융, 유동성 위기 자영업자 '대출 119'
BNK금융, 부울경 지역경제 희망센터 열어","Getty Images Bank

                고금리와 경기 둔화, 소비 위축이라는 삼중고 속에서 소상공인과 중소기업들이 한계상황에 직면해 있다. 이런 가운데 국내 주요 금융지주들은 금융 본연의 역할을 넘어 위기 극복을 위한 ‘동반자’를 자처하고 있다. 보증, 컨설팅, 복지까지 포괄한 입체적 지원을 확산하며 금융의 사회적 가치를 실현하고 있다는 평가다. ◇ 맞춤형 지원 늘리는 ‘포용금융’KB금융그룹은 ‘세상을 바꾸는 금융’이라는 사명을 바탕으로 중소기업·소상공인 지원을 확대해 왔다. 국민은행은 소상공인에게 적용하는 금리우대 프로그램을 대폭 늘려 영업점 단위 대출한도를 기존 1조5000억원에서 3조원으로 상향했다. 국가 전략산업 종사 기업을 위한 특별 금리지원 규모도 5조원까지 확대했다.신용보증기금 및 기술보증기금과의 협업을 통해 8400억원 규모의 보증 공급도 이어간다. 특히 자동차 부품 기업 등 미국발 관세정책에 직격탄을 맞은 중소제조업을 대상으로 1500억원 상당의 저금리 대출을 신규 마련했다. 이 밖에 KB금융은 ‘착한가격업소’를 선정해 식당, 미용실 등 지역 내 생활 밀착형 자영업자 477곳에 총 60억원의 운영비를 지원하는 ‘KB마음가게’ 프로젝트도 진행하고 있다.신한금융그룹은 높은 대출금리로 부담을 느끼는 자영업자와 취약 차주를 위한 금리 절감 프로젝트에 집중하고 있다. 신한은행은 지난해부터 ‘헬프업 앤 밸류업’ 프로그램을 통해 연 10% 이상 고금리 대출을 보유한 고객의 금리를 일괄 연 9.8% 이하로 낮췄다. 현재까지 4만여 명이 평균 2.8%포인트의 금리 인하 혜택을 받았다.신한저축은행에서 신한은행으로 갈아탈 수 있도록 한 ‘상생 대환대출’도 성과를 내고 있다. 9개월 만에 570여 명이 100억원을 옮겨 총 10억원에 가까운 이자 절감이 이뤄졌다. 소상공인의 재기 또한 놓치지 않는다. 폐업 예정 자영업자의 채무 상환 기간을 30년까지 늘려주는 ‘신한 폐업지원 대환대출’, 성실 상환자를 위한 ‘햇살론119’, 디지털 전환 보조 프로그램 등이 현장에서 긍정적 반응을 얻고 있다. 지난해 신한은행의 사회책임금융 상품 제공액은 7458억원으로 시중은행 중 가장 많았다. ◇ 장애인·고령층까지 포괄하나금융그룹은 상생금융 실천을 위한 전담조직 신설로 체계적인 지원 체계를 구축했다. 그룹 ESG부문 산하 ‘ESG상생금융팀’과 하나은행 내 ‘ESG상생금융부’가 중심축이다. 장애인과 금융취약계층을 위한 지원도 폭넓게 진행된다. 발달장애 예술인을 위한 공모전과 사회적 기업 인턴십 제공, 장애인 거주시설 환경 개선, 장애 청소년 대상 맞춤형 보조기기 지원 사업 등이 대표적이다.




Getty Images Bank

                소상공인을 위한 지원 규모도 확대했다. 민생금융 계획에 따라 97.5%의 집행률을 보이며, 대출이자 캐시백, 보증료 지원, 디지털 전환 서비스 무상 제공 등을 시행 중이다. 특히 100억원 규모 ‘하나 파워 온 스토어’ 프로젝트를 통해 점포 간판 개선, 고효율 기기 도입 등 경영 환경 개선을 돕고 있다. 고령화 대응 차원에서는 신중년 재취업 프로그램, 중장년 취업박람회, 청년 창업 교육 등도 병행하고 있다.우리금융그룹은 지역 기반 소상공인을 위한 ‘우리동네 선한가게’ 사업을 통해 금융·컨설팅·홍보를 결합한 전방위 지원에 나서고 있다. 미용실, 식당, 화원 등 20곳의 업장을 선정해 업종 특성에 맞춘 인테리어와 대출·금리 혜택을 제공한다. 네이버, 카카오와 연계한 검색 연동을 통해 시민 접점도 확대했다.수출기업을 위한 유동성 공급 규모도 10조2000억원에 달한다. 보증서 대출, 금리 감면, 외환 수수료 우대, 어음 부도 유예 등도 병행하며 수출산업 연착륙을 뒷받침하고 있다. 또 굿윌스토어와의 협업을 통한 ‘기부함 프로젝트’와 다문화가족 장학금 사업 등도 지속적으로 추진 중이다.농협금융은 농업과 중소기업이 함께하는 경제 기반 강화를 목표로 상생금융 활동을 전개 중이다. 올해 기술보증기금과 손잡고 인공지능(AI)·반도체 등 국가 전략산업에 총 3000억원 규모의 협약 대출을 지원하고 있다. 개인사업자 대상 ‘대출119’ 제도를 통해 유동성 위기에 빠진 자영업자들에게 유연한 상환 계획을 제공 중이다.농협은행은 농업인 신용보증기금과 협약을 통해 1300억원 규모의 특별출연 대출을 시행하고 있다. 농협생명과 농협손해보험은 농업 재해보험 등 실질적 리스크를 보장하는 전용 상품도 다양화하고 있다. ◇ 지역경제 버팀목 자처하는 지방금융BNK금융그룹은 ‘부·울·경(부산·울산·경남)의 마지막 방패’라는 별칭답게 지역 내 실질 지원에 집중하고 있다. 최근 부산은행·경남은행 내에 ‘지역경제 희망센터’를 열고 소상공인을 위한 컨설팅, 채무조정, 디지털화 지원 등 종합 서비스 체계를 구축했다.부산은행은 한국신용데이터와 제휴해 자영업자를 위한 경영관리 플랫폼 ‘캐시노트’ 기반 맞춤형 금융을 도입했다. 영업 환경이 빠르게 변화하는 만큼 금융과 기술의 접점을 통한 실질 지원에 방점을 찍은 것이다. 중소기업 지원에도 본격적으로 나섰다. 앞서 BNK금융은 ‘지역 동반성장 선언문’을 통해 18조4000억원 규모의 금융 패키지를 내놓았다.조미현 기자 mwise@hankyung.com",https://www.hankyung.com/article/2025071611281,2025.07.16 15:53
[임현우 기자의 키워드 시사경제] 프로그래밍 몰라도…말만 하면 앱이 '뚝딱',바이브 코딩,"일론 머스크 테슬라 최고경영자(CEO)가 운영하는 또 다른 기업인 xAI가 지난 2월에 개최한 한 행사. 새 인공지능(AI) 모델 ‘그록(Grok)3’를 공개한 이 자리에선 흥미로운 시연이 등장했다. 인간이 “테트리스와 비주얼드 게임을 합친, 미친 듯이 좋은 게임을 만들어줘”라고 주문하자 그록3는 몇 분의 ‘고민’을 거쳐 파이선 코드를 작성했다. 알록달록한 블록이 착착 쌓이는 간단한 게임이 뚝딱 완성됐다. 머스크는 “이제 누구나 손쉽게 혁신적 게임을 만들 수 있다”고 전했다. “느낌 가는 대로 AI에게 말만 해”이런 장면은 코딩에 낯선 문과생에겐 놀라울 수 있지만, 사실 xAI만의 특출난 장기는 아니다. 코딩을 몰라도 누구나 컴퓨터프로그램과 스마트폰 앱을 개발할 수 있는 시대가 열리고 있다. 사람이 말로 설명하면 AI가 코드를 대신 작성해주는 ‘바이브 코딩’이 요즘 테크업계의 뜨거운 화두다.
                    



LG가 개최한 해커톤 행사에서 인공지능(AI) 전문가를 꿈꾸는 청년들이 과제를 수행하고 있다.  한경DB


                바이브 코딩은 오픈AI 공동 창업자인 안드레이 카파시가 올 2월 소셜미디어에서 만든 신조어다. 느낌을 의미하는 바이브(vibe)와 컴퓨터프로그램을 만드는 작업인 코딩(coding)을 합친 것이다. 복잡한 코드를 입력할 필요 없이 ‘느낌 가는 대로’ 지시하고, 실행해보고, 수정해주면 된다는 뜻이다. 실제로 바이브 코딩을 지원하는 AI 도구가 여럿 나와 있다. 커서, 윈드서프, 리버블, 볼트 등이 대표적이다. 예를 들어 “서울에 있는 분식집들의 위치를 표시하고, 영업시간 정보를 넣어서 앱을 만들어줘”라고 요청하면 AI가 인터넷 정보를 수집해 분식집 소개 앱을 제작해준다. 커서 개발업체 애니스피어는 올 초 기업가치가 25억 달러(약 3조4000억원)였지만 이달 초 신규 투자를 유치하면서는 99억 달러(약 13조5000억원)로 평가받았다. 네이버는 회사 업무 전반에 커서를 도입하는 방안을 추진하고 있다.미국 실리콘밸리를 대표하는 빅테크도 이 시장에 경쟁적으로 뛰어들고 있다. 오픈AI는 ‘코덱스’, 앤스로픽은 ‘클로드 코드’, 마이크로소프트는 ‘깃허브 코파일럿’, 구글은 ‘제미나이 CLI’라는 이름의 AI 코딩 도구를 잇달아 내놨다.테크업계는 바이브 코딩이 개발자의 생산성을 끌어올릴 것으로 기대하고 있다. 단순 작업에 들이는 시간을 아껴 창의적 구상에 몰두할 수 있어서다. 하지만 바이브 코딩에 지나치게 의존하면 개발자의 대처 능력이 떨어질 것이란 지적도 있다. 업데이트를 거칠수록 코드가 복잡해지게 마련인데, AI가 만든 구조를 사람이 파악하지 못하면 사후 관리가 힘들기 때문이다. “개발자 창의성 향상” vs “일자리 위협”




임현우 한국경제신문 기자

                개발자 일자리가 줄어들 것이란 우려도 나온다. 채용정보 업체 인디드에 따르면 소프트웨어 개발자 채용 공고는 2020년 1월에 비해 30% 이상 줄었다. 게리 탄 와이콤비네이터 CEO는 “예전에는 개발자 100명이 필요하던 일이 10명만으로 가능해졌다”며 “10명의 이하 직원으로 연 100만~1000만 달러 매출을 올리는 기업이 늘고 있다”고 말했다.",https://www.hankyung.com/article/2025070479731,2025.07.07 10:00
이자 부담 최소화! 증권사 신용대출 3%대로 바꾸는 절호의 기회,,"전송종목 : 한솔아이원스, 아이패밀리에스씨, 대성에너지, 모트렉스, 골프존홀딩스




 

최근 주식 투자자들 사이에서 주식대출(미수/신용융자 등)의 고금리에 대한 부담이 커지고 있다.특히 저금리를 적용 받고 싶어도, 기존 대출을 상환하고 다시 주식을 매수해야 하는 번거로운 절차와 자금 조달의 어려움이 발목을 잡고 있다.이런 현실적인 문제를 해결하고자, 무빙스탁이 ‘증권사 신용, 대환자금대출’ 서비스를 전격 출시했다.이 상품은 주식을 매도하지 않고도, 기존의 고금리의 주식대출(미수/신용융자 등)의 3%대의 혁신적인 저금리 증권사로 전환할 수 있도록 상환자금을 제공하는 것이 핵심이다.무빙스탁 관계자는 “현재 증권사 이벤트 금리는 연 3%대 수준으로, 기존 9~10%대 고금리를 적용받는 투자자라면 절감 효과가 상당하다”며, 금리를 5%만 낮추면 “1억원 신용대출 기준으로 연간 약 500만원, 3억원이라면 1,500만원까지도 절약할 수 있다”고 밝혔다.더 놀라운 점은, 현재는 이벤트 기간으로 대환자금대출 신청시 발생하는 이자 비용까지 ‘0원’이라는 사실이다. 대환자금에 대해서 하루의 대출이자도 부담하지 않고 기존 고금리 대출을 저금리로 전환할 수 있어, 고금리 부담에 시달리던 투자자들에게 큰 호응을 얻을 전망이다.이 서비스는 부동산 시장에서 흔히 이용되던 대환대출 개념을 증권시장에 도입한 혁신적인 시도로, 주식 투자자들의 자금 운용에 새로운 대안을 제시할 것으로 기대된다.무빙스탁 ‘증권사 신용, 대환자금대출’의 비용 무료 이벤트는 이벤트 기간 동안 한정적으로 제공되는 만큼, 신용융자를 이용 중인 투자자라면 지금 바로 확인해볼 필요가 있다.★ 장마감 시간이 가까워질수록 문의가 많아 상담이 지연될 수 있습니다.★ 7월 문의하신 고객들이 많이 보유하신 종목으로는 삼성전자, POSCO홀딩스, 셀트리온, 포스코퓨처엠, 에코프로비엠, NAVER, 에코프로, 삼성SDI, LG화학, SK하이닉스, 두산에너빌리티, 카카오, SK이노베이션, LG에너지솔루션, 엘앤에프, 삼천당제약, 현대차, 알테오젠, HPSP, LG전자 등이 있습니다.★ 안내사항과도한 빚은 당신에게 큰 불행을 안겨줄 수 있습니다. 대출 시 신용등급 하락으로 다른 금융거래가 제약받을 수 있습니다. 중개수수료를 요구하거나 받는 것은 불법입니다.상호명: ㈜단비대부 2021-서울영등포-2102(대부업) | TEL: 1544-4886 | 대출금리: 연 20%이내(연체금리는 약정금리+3%p이내, 최대 연 20%이내) | 단, 2021. 7. 7.부터 신규체결, 갱신, 연장되는 계약에 한함 | 채무의 조기상환 조건 및 부대비용 없음. (단, 신용조회비용 및 담보권설정비용 있음), 이자 외 별도로 중개수수료를 요구하거나 수취하는 것은 불법입니다. | 대표이사: 박동원 | 사업자등록번호: 274-86-00231 | 등록기관명칭: 서울 영등포구청(담당부서: 일자리경제과, 02-2670-3420) | 소재지 : 서울 영등포구 여의대방로67길 11, 5층 517호 | 개인정보관리자메일: help@danbifund.co.kr무료상담",https://www.hankyung.com/article/202507173376a,2025.07.17 09:33
"""매일 가서 3만원 써요""…직장인들 몰리는데 '중독' 경고 [트렌드+]","하루 3만원, 일주일 4번…직장인들 푹 빠졌다
학생·외국인도 몰려…홍대 매장 북적이는 이유
""작은 성취 또한 중독 부를 수도""…전문가 경고","서울 중구의 한 인형뽑기 샵/사진=유지희 기자

""그냥 뽑는 행위 자체가 재밌어요. 뽑아도 인형은 안 가져가요.""""근처로 출근하니까 그냥 매일 와요 많게는 3만원도 써요.""18일 서울 종각역 인근 한 건물 1층. 유리창 너머로 형형색색의 인형뽑기 기계가 줄지어 놓여 있다. 점심시간이 되자 세미 정장을 입은 직장인들이 자신만의 스킬을 써가며 인형 뽑기 앞에서 고군분투하는 진풍경이 펼쳐진다. '한 판에 1000원'이라는 문구 아래 현금은 물론 카드 결제도 가능하다고 쓰여있다.매장에서 만난 직장인 김모(30) ""하루에 최대 2만원 정도 쓴 것 같다. 일주일에 네 번 정도는 오는데, 회사가 근처라 자주 오게 된다""고 조이스틱을 현란하게 움직이며 말했다.이어 ""인형을 뽑아도 안 가져가고 주변 동료들이나 친구들에게 나눠준다. 그냥 뽑는 행위 자체가 재밌어서 계속하게 된다""고 덧붙였다.또 다른 직장인 이모(41) 씨도 ""여기 샵이 생긴 이후로 우연히 들어왔다가 취미가 됐다""며 ""하루에 한 번씩은 꼭 한다. 한 번 할 때 3만원까지 쓴 적도 있다. 동료들과도 점심시간에 함께 와서 뽑는다. 인형을 사도 되지만, 뽑을 때의 성취감과 스트레스가 풀리는 느낌이 좋아서 계속 오게 된다""고 했다.◇인형 뽑기, 올해 벌써 700곳 생겨…언급량도 36.2% ↑




홍대의 한 인형뽑기 매장/사진=유지희 기자

                인형 뽑기 열풍이 다시 돌아왔다. 단순한 체감에 그치지 않고, 실제 수치로도 그 붐이 입증되고 있다.행정안전부 지방행정 인허가 데이터에 따르면 '청소년게임제공업(인형 뽑기 등)' 으로 올해 1월부터 6월 30일까지 전국에서 새로 문을 연 곳은 총 700곳에 달한다. 이는 지난해 같은 기간(274곳 증가)에 비해 39%나 늘어난 수치다.온라인상 반응도 뜨겁다. 소셜 분석 플랫폼 썸트렌드에 따르면, 지난달 18일부터 이달 17일까지 '인형 뽑기' 키워드 언급량은 전년 동기 대비 36.2% 증가한 것으로 나타났다.서울 종로구 인근에서 인형 뽑기 샵을 운영 중인 한 업주는 ""올해 다시 인형 뽑기가 유행할 것 같아 지난 2월 가게를 열었다""며 ""주변 직장인들이 많이 방문해 매출이 매우 잘 나오고 있고, 관리비도 크게 들지 않아 만족스럽다""고 말했다.◇홍대도 북적, 지방도 예외 없다…울산 직장인 ""점심에만 8만원 썼어요""




뽑기에 집중하고 있는 학생들/사진=유지희 기자

                이날 방문한 홍대의 한 대형 인형 뽑기 샵에서도 화려한 디자인의 기계들이 시선을 사로잡았다. 매장 안에서는 학생, 인근 직장인, 외국인 관광객들까지 작은 인형 하나를 뽑기 위해 조이스틱에 몰두하는 모습이 눈에 띄었다. 인형 뽑기 붐이 다시 일어났음을 현장에서 체감할 수 있었다.이곳 직원 김모 씨는 ""외국인도 많이 오는데 한국인 손님이 더 많은 편""이라고 전했다.만두 모양 키링 두 개를 뽑았다는 18세 임모 씨는 ""오늘 방학식으로 학교가 일찍 끝나서 친구들과 함께 방문했다. 요즘 다시 인형 뽑기 붐이 부는 것 같다. 방금 9000원을 써서 두 개 뽑았는데 기분 좋다""고 말했다.주 2회 인형 뽑기를 한다는 17세 남모 씨는 ""부모님이 주신 용돈으로 인형 뽑기를 한다. 한 번 뽑을 때마다 1만 6000원 정도 쓴다""며 ""학교 친구들도 인형 뽑기를 많이 한다. 뽑을 때 받는 도파민을 놓칠 수 없다""고 말했다.
                    



울산에서 이 모씨가 뽑은 인형/사진=이 모씨 제공

                인형 뽑기 유행은 수도권만의 이야기가 아니다. 울산에서 일하는 직장인 이모(25) 씨는 ""팀원들과 인형 뽑기로 다 같이 8만원을 쓴 적도 있다""며 ""오늘 점심시간에도 같이 갔다. 우리 회사 전체가 인형 뽑기에 빠져서 점심시간마다 샵에 간다""고 말했다.이 씨는 ""혼자 한 번에 3만원을 쓴 적도 있는데 그날은 작은 쿼카 인형 두 개밖에 못 뽑았지만, 중독적이고 재미있다""며 ""뽑히는 순간의 뿌듯함이 크다""고 했다◇""끊고 싶어요""…인형 뽑기 중독 호소하기도




사진=유지희 기자

                하지만 이처럼 강한 몰입과 성취감이 반복되면서 중독으로 번지는 사례도 늘고 있다.특히 미성년자들 사이에서는 인형 뽑기에 과도한 용돈을 쓰고도 멈추지 못해 괴로움을 토로하는 글이 온라인에 잇따라 올라왔다.네이버 지식인에는 ""중학생인데 요즘 미니 인형 뽑기에 빠졌다. 일주일에 5일 정도, 2주 동안 2만원을 썼다. 부모님은 모르신다. 너무 끊고 싶다""는 글이 올라왔다.또 다른 고등학생은 ""인형 뽑기로 30만원 넘게 썼는데 멈출 수가 없다. 부모님께 죄송해서 너무 죄책감이 든다""고 했다.한 작성자는 ""한 달 용돈이 5만원인데 95%는 인형 뽑기에 쓴다. 오늘 5만원 가까이 쓰고 하나도 못 뽑았는데 허무하고 죽고 싶다""며 ""어제도 3만원 썼고, 설날 용돈 다 날렸다. 엄마한테 정말 미안한데도 몇 개월째 못 끊고 있다""고 토로했다.◇전문가들 ""작은 성취가 주는 도파민…자제력 훈련도 필요""




사진=게티이미지뱅크 

                다시 불고 있는 '인형 뽑기' 열풍에 대해 전문가들은 단순한 오락 그 이상으로, 작은 성취감이 유발하는 도파민 중독, 과거에 대한 회귀 심리, 현실 회피 욕구 등이 복합적으로 작용한 결과라고 분석한다.곽금주 서울대 심리학과 교수는 ""인형 뽑기는 비교적 저렴한 비용으로 짧은 시간 안에 큰 즐거움을 얻을 수 있다는 점에서 매력적이고 단돈 1000원을 넣고 인형이 뽑히는 순간 느끼는 성취감은 마치 인형에게 '선택받은 듯한 느낌'과 함께 운이 좋다는 감정을 동시에 불러일으킨다""며 ""직장인이나 학생 모두 치열한 경쟁과 불확실한 경제 상황에 놓여 있기 때문에, 이처럼 즉각적인 만족과 쾌감을 얻을 수 있는 행위에 쉽게 다시 빠지게 되는 것""이라고 설명했다.곽 교수는 ""인형 뽑기의 인기에 '놀이로의 회귀' 심리도 한몫하는데 직장인들의 경우 어릴 적 했던 놀이를 다시 접하면서 평안함과 심리적 안정감을 느낀다""며 ""당시에는 모든 것이 지금처럼 경쟁적이지 않았고, 많은 것이 허용되던 시기였기 때문에 인형 뽑기는 무의식적으로 그 시절을 떠올리게 한다""고 덧붙였다.이해국 가톨릭대 의정부성모병원 정신건강의학과 교수는 ""인형 뽑기는 일정 금액의 현금을 넣고 하는 게임이기 때문에 뽑히는 순간 분비되는 도파민으로 인해 일종의 반복 보상 중독 구조가 형성된다""며 ""특히 스트레스를 해소하려 하거나 성취감이 부족한 사람일수록 중독 위험이 더 크다""고 경고했다.이 교수는 ""뽑기 횟수나 예산을 미리 정해두고 일정 금액 이상은 하지 않도록 자제력을 훈련하는 것이 필요하다""며 ""일상생활에서 보다 건강한 보상으로 대체하는 것이 중요하다""고 조언했다.유지희 한경닷컴 기자 keephee@hankyung.com",https://www.hankyung.com/article/2025071869927,2025.07.19 07:34
"코스피, 외인·기관 순매도에 3200선 내줘…코스닥도 '하락'",원·달러 환율 1380원대,"15일 오전 서울 중구 하나은행 딜링룸에서 직원들이 업무를 보고 있다. /사진=연합뉴스

                코스피가 장 초반 하락하며 3200선을 내줬다. 코스닥도 약세를 보이고 있다.16일 오전 9시3분 현재 코스피는 전일 대비 22.71포인트(0.71%) 하락한 3192.57을 가리키고 있다. 3207.48에 개장한 코스피는 우하향하며 3200선을 밑돌고 있다.외국인과 기관의 매도세가 거세다. 유가증권시장에서 외국인은 1509억원, 기관은 1170억원을 순매도하고 있다. 개인은 2806억원을 순매수하는 중이다.네이버(1.4%)를 제외한 코스피 시가총액 상위주는 대부분 하락하고 있다. KB금융(-2.93%), 두산에너빌리티(-2.14%), 한화에어로스페이스(-1.06%), 신한지주(-0.85%), HD현대중공업(-0.76%), 삼성전자(-0.71%), SK하이닉스(-0.67%), LG에너지솔루션(-0.63%), 현대차(-0.47%), 삼성바이오로직스(-0.28%)가 파란불을 켰다.같은 시각 코스닥 지수는 전일 대비 5.94포인트(0.73%) 밀린 806.94에 거래되고 있다. 810.9에 개장한 코스닥 지수도 장중 내리막길을 걷고 있다.코스닥 시장에서도 외국인은 692억원, 기관은 39억원을 순매도하며 지수를 끌어내리고 있다. 개인은 홀로 898억원을 순매수하고 있다.코스닥 시가총액 상위주도 약세를 보이고 있다. 리가켐바이오(-2.56%), 코오롱티슈진(-2.06%), 알테오젠(-2.03%), 삼천당제약(-1.69%), HLB(-1.54%), 레인보우로보틱스(-1.09%), 에코프로(-0.95%)가 하락중이다.원·달러 환율은 전날 야간장 대비 1.5원 내린 1386.7원을 가리키고 있다.뉴욕증권거래소(NYSE)에서 15일(현지시간) 다우존스30산업평균 지수는 전일 대비 436.36포인트(0.98%) 내린 4만4023.29에 마감했다. 스탠더드앤드푸어스(S&P)500 지수는 24.80포인트(0.4%) 하락한 6243.76을 기록했다. 반면 기술주 중심의 나스닥 지수는 37.47포인트(0.18%) 오른 2만677.8로 장을 마쳤다. 나스닥은 사상 최고치를 경신했다.이날 6월 소비자물가지수(CPI)가 발표됐다. 6월 CPI는 전월 대비 0.3% 올라 5월의 0.1%보다 상승 폭이 확대됐다. 전년 동기 대비로는 2.7% 상승해 5월의 2.4%보다 높아졌다. 전문가 추정치(2.6%)도 소폭 웃돌았다.진영기 한경닷컴 기자 young71@hankyung.com",https://www.hankyung.com/article/2025071609376,2025.07.16 09:12
"""커피 구독할래요"" 인기 폭발…'단골 대박' 만든 네이버 AI","네플스 앱, 구매전환율 증가
정기구독 거래액도 52% 늘어
AI 기반 개인화 추천, 거래액↑
단골 사용자 재구매도 증가","사진은 기사와 관련 없음. 사진=게티이미지뱅크

                스페셜티 커피 전문브랜드 '모모스커피'는 네이버 인공지능(AI) 추천 쇼핑 서비스인 네이버플러스 스토어(네플스)에 입점한 이후 매출이 눈에 띄게 늘었다. 네플스에 입점하고 지난해 10월 정기구독 형태의 판매 방식을 도입하자 거래액이 큰 폭으로 증가한 것이다. 실제로 월평균 정기구독 거래액은 29%, 정기구독 건수는 31%씩 증가해 왔다. 지난달 기준 전체 거래액도 작년 10월보다 5.8배 이상 늘었다. 네플스가 네이버 쇼핑 생태계를 이전보다 한층 더 활성화시키면서 순항하고 있다. AI 기반의 추천 서비스로 사용자 취향에 맞는 상품을 발견하게 되면서 재구매가 늘고 '단골' 소비자층이 확대된 결과다.네이버는 16일 네플스 중심의 AI 쇼핑 생태계가 자리를 잡아가고 있다고 밝혔다. 네플스 앱의 하루 평균 방문자당 구매 횟수와 구매전환율을 보면 네이버 앱 추천쇼핑, 가격비교 서비스보다 지난달 기준으로 2배 이상 높게 나타났다. 네이버플러스 멤버십 사용자들의 쇼핑 거래액 비중도 네플스 앱이 네이버 앱보다 30%포인트 더 컸다. 네플스 앱은 자주 사용할수록 AI 기반의 개인화 추천이 정교해지면서 사용자가 자신의 취향에 맞는 상품을 발견할 가능성이 높다. 네플스 앱에 적용된 AI 쇼핑가이드·발견 탭 등의 AI 도구들도 사용자들 흥미를 불러일으킨 것으로 보인다.AI 쇼핑으로 취향에 맞는 상품과 브랜드를 발견하게 되면서 재구매와 정기구독도 증가하고 있다. 네플스가 처음 시작된 지난해 10월부터 올 6월까지 8개월간 정기구독 솔루션을 도입한 판매자들은 전년도 같은 기간보다 52% 늘었다. 정기구독을 이용하는 구매자는 18%, 관련 거래액은 26% 증가했다.
                    



사진=네이버

                네이버는 올 3월 수수료 개편 과정에서 단골 거래가 활성화될 수 있도록 지난달 정기구독 솔루션 사용료를 무료화했다. 또 단골 거래를 활성화하고 리텐션이 높은 사용자층을 중심으로 한 기술·마케팅 투자에 집중할 예정이다. 다음 달 중엔 'AI 쇼핑가이드'가 제공되는 쇼핑 질의어 분야를 '디지털·가전' 외에도 골프·등산·캠핑 등으로 확장한다. 최수연 네이버 대표는 ""네플스를 중심으로 단골 기반 커머스가 자리를 잡아가는 시그널들이 확인되고 있고 특히 앱을 출시한 이후 현재까지 많은 사용자들이 AI 추천 쇼핑을 경험하면서 다양하게 활용하는 단계""라며 ""이 단계에서 더 나아가 단골 사용자들의 리텐션을 높이는 방향으로 프로모션·마케팅 전략을 강화하고 기술 투자를 집중할 예정""이라고 말했다. 김대영 한경닷컴 기자 kdy@hankyung.com",https://www.hankyung.com/article/202507161122g,2025.07.16 10:38
"07일, 기관 거래소에서 KODEX 레버리지(+0.26%), KODEX 코스닥150레버리지(+1.4%) 등 순매수",,"기관 투자자는 07일 거래소에서 KODEX 레버리지, KODEX 코스닥150레버리지, 두산에너빌리티 등을 중점적으로 사들인 것으로 나타났다.기관 투자자의 순매수 상위 20개 종목은 KODEX 레버리지, KODEX 코스닥150레버리지, 두산에너빌리티, KB금융, HD한국조선해양, 현대제철, 카카오, 신한지주, 삼성중공업, LG화학등이다.이중에 화학 업종에 속한 종목이 3개 포함되어 있다.KODEX 레버리지, KODEX 코스닥150레버리지, 두산에너빌리티 등은 전일 대비 주가가 상승했고, LG화학, ACE 테슬라밸류체인액티브, 현대모비스 등은 주가가 하락했다.[07월07일]거래소 기관 순매수 상위 종목한경로보뉴스이 기사는 한국경제신문과 금융 AI 전문기업 씽크풀이 공동 개발한 기사 자동생성 알고리즘에 의해 실시간으로 작성된 것입니다.",https://www.hankyung.com/article/202507073350L,2025.07.07 18:35
,,,https://magazine.hankyung.com/business/article/202507160893b,
"이달 12% 뛴 삼성전자, 개미 드디어 '플러스'","외국인 1.9조 순매수에 강세
증권가 목표가 '8만전자' 제시
HBM 공급·자사주 매입 호재","삼성전자 주가가 연중 최고치를 새로 쓰고 있다. ‘삼성전자 개미’(개인투자자)의 평균 수익률도 10개월여 만에 ‘플러스’로 전환한 것으로 추정됐다.





                21일 삼성전자 주가는 1.04% 오른 6만7800원에 장을 마감했다. 5거래일 연속 상승세다. 삼성전자 종가는 네이버페이 ‘내 자산’ 서비스와 증권 계좌를 연동한 개인투자자 26만5371명의 평균 매수 단가(6만7169원)를 0.94% 웃돌았다. 작년 9월 초 이후 처음이다. 이 종목에 직접 투자한 개인들 표본의 평균 수익률이 손실을 면하게 됐다는 의미다.삼성전자 주가는 올초부터 꿈틀댔지만 지난달 말까지의 상승세는 신통치 않았다. 올 1~6월 상승률이 11.99%에 그쳤다. 같은 기간 코스피지수(28.04%)와 SK하이닉스(70.56%) 상승률과 비교하면 아쉬운 성적표다.분위기는 최근 확 달라지고 있다. 7월 들어 이날까지 12.6% 뛰었다. 코스피지수 상승률 3.92%를 크게 앞질렀다. 외국인 매수세가 집중된 게 주요 원인으로 꼽힌다. 외국인은 이달에만 삼성전자 주식을 1조8768억원어치 순매수했다. 외국인의 국내 주식 순매수 1위다. 삼성전자의 외국인 지분율은 이날 50.19%로, 약 3개월 만에 전체 지분 중 절반을 다시 넘어섰다.다만 여전히 물려 있는 개미가 많을 것이란 게 증권가 추산이다. 주가를 지난 1년간으로 넓혀보면 여전히 18% 하락한 상태이기 때문이다. 52주 최고가는 8만6100원으로, 이날 종가 대비 26.99% 높다. 2021년 1월의 장중 고점인 9만원에 도달하려면 32.74% 더 뛰어야 한다.증권업계는 삼성전자 주가의 추가 상승 여력을 더 높게 보고 있다. 삼성전자에 대해 투자의견을 낸 22개 증권사의 평균 목표주가는 7만5860원에 달한다. 최저 목표가는 7만1000원(현대차증권 다올투자증권 DS투자증권)이지만 최고 8만3000원(LS증권)을 제시한 곳도 있다.박유악 키움증권 연구원은 “3분기 실적이 개선될 가능성이 큰 데다 자사주 매입 프로그램도 진행하고 있다”며 “6세대 고대역폭메모리(HBM4) 양산 샘플 공급, 파운드리(반도체 수탁생산) 고객사 신규 확보 등 모멘텀이 생기면 더욱 탄력을 받을 것”이라고 내다봤다.선한결 기자 always@hankyung.com",https://www.hankyung.com/article/2025072127061,2025.07.21 17:57
"[박대석 칼럼] AI 강국 코리아, '하드웨어' 넘어 '가치'를 창조할 때",한경닷컴 더 라이프이스트,"감마로 생성한 이미지

▲ 프롤로그: 익숙한 실수를 반복할 것인가TV 산업의 역사에서 우리는 중요한 교훈을 얻을 수 있다. 1980년대 일본의 소니, 파나소닉은 뛰어난 하드웨어 기술로 전 세계 TV 시장을 지배했다. 그들은 더 얇고, 더 선명하고, 더 큰 TV를 만들기 위해 끊임없이 기술을 발전시켰다. 하드웨어 자체의 완성도에 모든 것을 걸었다.그런데 1990년대 후반부터 상황이 바뀌기 시작했다. 삼성과 LG가 일본을 제치고 글로벌 TV 시장의 주도권을 잡았다. 한국 기업들의 승리 비결은 무엇이었을까? 단순히 더 좋은 하드웨어를 만들어서가 아니었다.핵심은 '무엇을 담을 것인가'였다. 한국은 TV라는 하드웨어와 함께 그 안에 담을 콘텐츠를 동시에 발전시켰다. '겨울연가', '대장금'으로 시작된 한류 드라마, 그리고 K-팝이 전 세계를 휩쓸면서 사람들이 한국 콘텐츠를 보기 위해 한국산 TV를 찾기 시작했다. 일본인들이 '겨울연가'를 보기 위해 삼성 TV를 구매했던 것이 대표적인 사례다.결국 TV 시장에서 승부를 가른 것은 하드웨어의 성능이 아니라, 그 하드웨어를 통해 제공되는 가치와 경험이었다. 일본은 여전히 기술에만 매몰되어 있는 동안, 한국은 기술과 콘텐츠의 시너지로 시장을 장악했다.지금 한국 정부가 추진하는 100조원 규모의 AI 투자를 보면서, 우리는 과거 일본이 TV 산업에서 보여준 패턴과 유사한 우려를 갖게 된다. AI라는 '하드웨어'에만 집중하고 있지는 않을까? 정작 그 AI로 무엇을 할 것인지, 어떤 가치를 창출할 것인지에 대한 고민은 충분할까?우리는 TV 산업에서 일본이 범한 실수를 반복할 것인가, 아니면 한국이 TV 시장에서 보여준 지혜를 AI 시대에 적용할 것인가.▲ AI 투자, '총론'은 옳으나 '각론'은 시급히 재정비해야 한다먼저 분명히 해야 할 점은, 한국 정부의 AI 투자 의지 그 자체는 전적으로 옳다. 글로벌 AI 시장은 2025년 747억 달러 규모에서 매년 20-36%의 폭발적인 성장을 거듭하고 있다. 이러한 흐름 속에서 한국이 AI 분야에 전략적으로 투자하지 않는다면, 미래 경쟁에서 영원히 추격자 신세를 면치 못할 것이다.실제로 2024년 미국의 민간 AI 투자는 1,091억 달러에 달했고, 중국 또한 93억 달러를 쏟아부었다. 한국의 100조 원(약 700억 달러) 투자는 글로벌 AI 경쟁에서 뒤처지지 않기 위한 최소한의 노력으로 볼 수 있다.더욱이 AI는 단순한 기술이 아니다. 증기기관이 산업혁명을, 인터넷이 정보혁명을 이끌었듯이, AI는 모든 산업을 근본적으로 변화시킬 '범용 기술(General Purpose Technology)'이다. 우리는 지금 제4차 산업혁명의 한가운데 있으며, 이러한 시대적 변곡점에서 정부가 AI에 대한 전략적 투자를 결정한 것은 매우 현명한 판단이다.그러나 문제는 '어디에' 투자할 것인가 하는 '각론'에 있다. 현재 계획된 투자를 살펴보면, GPU 확보에 7조 원, 국가 AI 데이터센터 건설에 15조 원 등 하드웨어 인프라 구축에만 50조 원 이상이 배정되어 있다. 반면 AI를 실제 산업과 생활에 적용할 특화 설루션 개발에는 20조 원 정도만이 할당되어 있다.이는 마치 1990년대 ""인터넷 강국이 되겠다""며 광케이블과 서버 구축에만 막대한 투자를 하고, 정작 네이버나 카카오와 같은 혁신적인 포털 서비스나 전자상거래 플랫폼 개발은 소홀히 하는 것과 다르지 않다. 인프라 강국을 넘어 '콘텐츠' 강국으로 도약해야 할 시점에 인프라에만 갇히는 우를 범하고 있는 셈이다.더욱 우려스러운 부분은 1조 245억 원이 투입되는 '모두의 AI' 프로젝트다. 정부는 5년간 독자적인 AI 모델을 개발하겠다고 하는데, 이는 이미 상향평준화가 상당히 진행된 시장에 뒤늦게 뛰어드는 측면이 있다.최근 몇 년간 AI 모델의 개발비용 대비 성능 효율성이 급격히 개선되었다. 중국의 DeepSeek, 프랑스의 Mistral, 메타의 Llama 등 뛰어난 오픈소스 모델들이 쏟아져 나오면서, 이제는 누구나 무료 또는 저렴한 비용으로 최고 수준의 AI 모델을 활용할 수 있게 되었다.물론 한국어 특화, 법률·의료 등 도메인 특화 기초 모델의 필요성은 여전히 존재한다. 그러나 막대한 예산을 범용 모델 개발에 집중하기보다는, 소규모 고효율 특화 모델 개발로 방향을 전환하는 것이 더 현실적이다. 진정한 경쟁력은 기술을 '어떻게 활용하느냐'에 달려 있다.▲ TV 산업의 교훈, 하드웨어보다 '콘텐츠'가 승부처였다




필자가 감마로 작성

                TV 산업 역사를 더 자세히 살펴보면 명확한 교훈을 얻을 수 있다. 1980년대 일본은 분명 하드웨어 기술의 선두주자였다. 소니, 파나소닉 등은 화질, 디자인, 내구성에서 세계 최고 수준이었다.하지만 1990년대 후반부터 시장 판도가 바뀌었다. 삼성과 LG가 급부상하면서 일본 기업들을 제쳤다. 한국 기업들이 갑자기 일본보다 훨씬 뛰어난 기술을 개발했기 때문일까? 그렇지 않다.결정적 차이는 '생태계 사고'였다. 일본 기업들이 TV 하드웨어 자체의 완성도에만 집중하는 동안, 한국은 TV를 통해 무엇을 보여줄 것인가까지 함께 고민했다.한국 드라마와 K-팝이 아시아를 넘어 전 세계로 확산되면서, 사람들은 한국 콘텐츠를 감상하기 위한 최적의 도구로 한국산 TV를 선택하기 시작했다. '겨울연가' 열풍 당시 일본에서 삼성 TV 판매량이 급증한 것이 대표적인 사례다.반면 일본은 여전히 더 얇고, 더 선명한 TV 만들기에만 몰두했다. 아무리 뛰어난 하드웨어를 만들어도, 정작 그 TV로 무엇을 볼 것인지에 대한 매력적인 답을 제시하지 못했다. 기술의 완성도는 높았지만, 소비자가 그 기술을 선택해야 하는 이유를 만들어내지 못한 것이다.결국 TV 시장에서 승부를 가른 것은 하드웨어와 콘텐츠의 시너지였다. 한국은 이 교훈을 통해 세계 TV 시장의 패권을 잡을 수 있었다.▲ 글로벌 AI 시장의 변화, '범용'에서 '특화'로실제로 글로벌 AI 시장에서는 가치 창출의 중심이 빠르게 이동하고 있다. 2024년 AI 기업 투자액 996억 달러 중 약 3분의 1만이 기초 모델 개발에 투입되었고, 나머지 3분의 2는 AI를 활용한 '응용 서비스' 개발에 집중되었다.더욱 주목할 점은 도메인 특화 AI 모델이 범용 모델보다 평균 52% 더 높은 성능을 보이고 있다는 사실이다. 의료 분야에서는 의료 특화 AI가, 법률 분야에서는 법률 특화 AI가 ChatGPT와 같은 범용 모델을 압도한다.한국의 포스코홀딩스가 개발한 이차전지 특화 RAG(검색 증강 생성) 시스템이 대표적인 예다. 이 시스템은 전 세계 이차전지 시장 뉴스를 실시간으로 분석하고 전문 용어까지 정확하게 처리하며, 범용 AI로는 구현하기 어려운 정밀도를 자랑한다.이것이 바로 한국이 나아가야 할 방향이다. 거대한 범용 모델을 개발하는 경쟁에 뛰어들기보다는, 한국이 이미 세계적인 경쟁력을 가진 분야에서 AI를 접목하여 '세계 최고 수준의 특화 AI 솔루션'을 만드는 것이다.▲ 한국 AI 응용 분야, 이젠 '선택과 집중'이 필요하다




필자 작성

                그렇다면 한국은 어디에 집중해야 할까. 2년 여동안 현장에서 AI를 다룬  전문가로서 다음과 같은 우선순위를 제시한다.1순위: 제조업 AI 특화한국 경제의 근간인 제조업에 AI를 융합하는 것이 가장 시급하다. 삼성전자와 SK하이닉스의 반도체 제조 공정, 현대자동차의 생산 시스템, 포스코의 철강 제조 기술은 이미 세계 최고 수준이다. 여기에 AI를 접목하면 글로벌 스마트 팩토리의 표준을 제시할 수 있다.특히 반도체 제조에서 AI를 활용한 수율 개선, 품질 예측, 공정 최적화는 즉시 수십조 원의 경제 효과를 창출할 수 있다. 삼성전자가 AI 기반 수율 관리 시스템으로 1%만 개선해도 연간 수조 원의 가치를 창출한다는 점은 그 잠재력을 명확히 보여준다.2순위: K-콘텐츠 AI 융합BTS, 블랙핑크, '오징어 게임'으로 입증된 한국의 문화 콘텐츠 경쟁력에 AI를 결합하면 새로운 차원의 한류를 창출할 수 있다. 개인 맞춤형 K-드라마 생성, 실시간 언어별 더빙, AI 기반 K-팝 작곡 등이 가능하며, 이는 글로벌 미디어 시장에서 한국의 압도적인 우위를 확보할 기회가 될 것이다.넷플릭스가 2021년부터 한국 콘텐츠에 지속적으로 대규모 투자하고 있는 것은 이러한 잠재력을 일찌감치 알아본 사례다.3순위: 바이오헬스 AI한국의 우수한 의료 시스템과 방대한 국민건강보험 데이터를 활용하면 아시아인 특화 의료 AI 개발에서 독보적인 위치를 선점할 수 있다. 서구 중심의 의료 AI 모델로는 한계가 있는 아시아인의 질병 패턴, 유전적 특성을 반영한 정밀 의료 솔루션은 글로벌 시장에서 높은 가치를 가질 것이다.4순위: AI 트레이딩봇 - 실익 창출이 빠른 특화 분야AI가 탁월한 성과를 보이는 분야 중 하나가 바로 금융 거래다. 감정에 휘둘리지 않고 데이터만을 기반으로 움직이는 AI는 24시간 최적의 거래 타이밍을 포착할 수 있다.현재 가상자산 2조 4,100억 달러, 전 세계 주식 124조 달러, 채권 140조 달러 등 총 266조 달러 규모의 금융 시장이 점진적으로 디지털화되고 있다. 미국에서는 이미 주요 기업 주식이 토큰화되어 24시간 거래되고 있으며, 한국 또한 제2증권거래소와 토큰증권(STO) 시대가 열리고 있다.다만 AI 트레이딩 시스템의 도입에는 리스크 관리, 백테스트 검증, 규제 준수 등이 선행되어야 하며, 특히 제도권 금융에서는 안정성과 투명성이 무엇보다 중요하다. 점진적이고 신중한 접근을 통해 이 분야의 잠재력을 실현해야 한다.5순위: 에듀테크 AI한국의 높은 교육열과 뛰어난 ICT 인프라를 바탕으로 개인화 교육 AI 개발이 가능하다. 특히 아시아권 교육 시장에서 한국형 교육 모델 확산은 매우 유망한 분야다.▲ AI 트레이딩봇과 금융 생태계의 혁신 기회




필자 작성

                AI 트레이딩봇이 주목받는 이유는 제조업 AI와 함께 실익 창출이 상대적으로 빠른 AI 응용 분야이기 때문이다. 제조업에서는 수율 개선과 불량률 감소로, 금융에서는 거래 최적화로 각각 즉시 성과를 낼 수 있다.문제는 현재 AI 트레이딩 분야가 스타트업 중심의 실험 단계에 머물러 있다는 점이다. 대부분의 AI 트레이딩 시스템들이 신뢰성 검증, 리스크 관리 체계, 규제 준수 등의 과제로 제도권 금융에서 활용되지 못하고 있다.여기서 한국의 기회가 나온다. 국민연금, 은행, 보험사 등이 참여할 수 있는 제도적 기반을 체계적으로 마련한다면, 안전하고 투명한 AI 트레이딩 생태계를 구축할 수 있다.국민연금 운용 자산 1,000조 원 중 일부만이라도 검증된 AI 시스템에 할당된다면, 상당한 시장이 형성될 것이다. 다만 이는 충분한 백테스트, 리스크 시나리오 분석, 투명한 거버넌스를 전제로 해야 한다.더욱 중요한 것은 법과 제도 변화에 따른 시장 확대 효과다. 토큰증권과 디지털 자산 제도가 정비되면 새로운 금융 생태계가 형성될 것이며, 이 과정에서 한국이 안전하고 혁신적인 디지털 금융 허브로 자리 잡을 수 있는 기회가 열린다.▲ AI, 과감한 정책 전환과 '제도적 혁신'이 열쇠다




필자 작성

                이제 한국 정부는 과감한 정책 전환을 통해 1980년대식 하드웨어 중심 사고에서 벗어나 21세기형 '가치 창출 중심' 전략으로 나아가야 한다.첫째, 예산 배분을 현실적으로 재조정해야 한다.1) 현재 계획된 100조 원을 다음과 같이 재배분할 것을 제안한다.O AI 인프라: 50조 원 → 20조 원 (클라우드 중심으로 효율화)O 제조업 AI 특화: 신규 31조 원 (삼성, 현대차, 포스코 등 선도 기업과 협력)O K-콘텐츠 AI: 신규 15조 원 (글로벌 플랫폼과 연계)O 바이오헬스 AI: 신규 10.5조 원 (의료 빅데이터 활용 및 정밀 의료 설루션 개발)O AI 트레이딩봇 생태계: 신규 1조 원 (제도적 기반 마련 및 규제 혁신)O 에듀테크 AI: 신규 10.5조 원 (개인화 교육 플랫폼 및 콘텐츠 개발)O AI 인재 양성: 12조 원 (산업별 융합 인재, AI 윤리 전문가, 실무형 개발자 등 체계적 육성)O 기초 모델 개발: 10조 원 → 3조 원 (한국어·의료·법률 등 특화 모델에 집중)특히 AI 트레이딩봇 분야는 대규모 예산보다는 제도 개선과 규제 혁신이 더 중요하다. 1조 원 정도의 투자로도 충분히 글로벌 경쟁력을 확보할 수 있으며, 핵심은 안전하고 투명한 거버넌스 체계 구축이다.2) AI 인재 양성의 구체적 방향O 산업별 융합 인재: 제조업+AI, 콘텐츠+AI, 의료+AI 등 도메인 전문성을 갖춘 인재O AI 윤리 전문가: AI 시스템의 공정성, 투명성, 책임성을 보장하는 전문가O 실무형 개발자: 실제 산업 현장에서 AI를 구현하고 운영할 수 있는 엔지니어3) 윤리·규제 체계와 국제 협력각 특화 분야별로 AI 윤리 가이드라인과 규제 샌드박스를 동시에 운영해야 한다. 특히 의료 AI, 트레이딩 AI, 교육 AI는 사회적 영향이 크므로 투명성, 설명가능성, 책임성을 보장하는 제도적 안전장치가 필수다.또한 미국, EU, 일본, 싱가포르 등과의 AI 공동 연구, 데이터 표준화, 윤리 기준 협력을 통해 고립되지 않는 개방적 생태계를 구축해야 한다.둘째, 우선순위에 따른 단계적 접근이 필요하다.O 1단계(2025-2026): 제조업 AI 집중 투자 - 즉시 수출 효과 창출 및 국내 산업 경쟁력 강화O 2단계(2027-2028): K-콘텐츠 AI 본격화 - 한류 4.0 시대 개막, 글로벌 미디어 시장 선점O 3단계(2029-2030): 바이오헬스 AI 글로벌 진출 - 아시아 의료 허브 구축, 인류 건강 증진O AI 트레이딩봇은 전 단계에 걸쳐 지속 추진 - 법제도 정비와 함께 점진적 확산셋째, 제도적 기반 마련이 핵심이다.특히 AI 트레이딩봇 분야에서는 제도권 금융의 참여 기반 마련이 필수적이다. 국민연금의 시범 운용, 은행의 자산 관리 서비스 도입, 보험사의 운용 포트폴리오 활용 등이 단계적으로 추진되어야 한다.또한 토큰증권 거래소 조기 개설, 디지털 자산 과세 체계 정비, AI 트레이딩 규제 샌드박스 확대 등 과감한 제도 개선이 뒷받침되어야 글로벌 경쟁력을 확보할 수 있다.▲ 성공 사례에서 배우는 '선택과 집중'의 지혜싱가포르와 이스라엘은 작은 국가임에도 불구하고 AI 분야에서 글로벌 선도국이 되었다. 싱가포르는 '스마트 네이션' 전략을 통해 도시국가의 특성을 살려 스마트시티 AI에 집중했고, 핀테크 분야에서는 과감한 규제 샌드박스를 도입하며 혁신을 허용했다. 이스라엘은 군사 기술의 민간 전환에 집중하여 사이버보안 AI 분야의 강국이 되었다.이 두 나라의 공통점은 자신만의 독특한 강점을 AI와 결합했다는 것이다. 범용 기술에서 미국과 중국을 무작정 따라잡으려 하지 않고, 자신들이 세계 최고인 분야에서 AI 혁신을 일으켰다. 이것이 바로 우리가 배워야 할 지혜다.▲ 시간은 우리 편이 아니다. 지금 당장 방향을 바꿔야 한다AI 기술 발전의 속도는 상상을 초월한다. 2024년 한 해 동안만 해도 ChatGPT, Claude, Gemini 등이 연이어 업그레이드되며 성능이 비약적으로 향상되었다. 이러한 상황에서 한국이 5년 후에 독자적인 기초 모델을 완성한다고 해서 과연 경쟁력이 있을까. 그때까지 기다릴 시간적 여유가 있을까.답은 명확하다. 지금 당장 방향을 바꿔야 한다. 하드웨어가 아닌 '가치'와 '콘텐츠'로, 범용이 아닌 '특화'로, 모방이 아닌 '혁신'으로 전환해야 한다.▲ 에필로그: 2030년, AI 강국 코리아의 위대한 전환




필자가 감마로 AI와 함께 춤추는 K-콘텐츠를 연상케하는 이미지 생성

                올바른 전략을 택한다면 2030년 한국의 모습은 극적으로 변화할 것이다. 전 세계 제조업체들은 한국산 스마트 팩토리 AI 솔루션을 도입하여 생산성을 혁신하고 있을 것이다. 글로벌 팬들은 자신만을 위한 K-드라마와 K-팝을 AI가 맞춤형으로 만들어주는 서비스를 열광적으로 즐기고 있을 것이다.아시아 각국의 병원에서는 한국이 개발한 정밀 의료 AI로 환자들을 치료하며 삶의 질을 높일 것이다. 그리고 전 세계 투자자들은 한국 금융기관이 운용하는 AI 트레이딩 시스템을 통해 디지털 자산에 안전하게 투자하며, 한국은 제조업 강국, 문화 강국을 넘어 디지털 금융 허브로도 인정받고 있을 것이다.한국은 AI 하드웨어 제조국이 아닌, AI 응용 솔루션의 글로벌 선도국이 되어 있을 것이다. 마치 한국이 TV 하드웨어뿐만 아니라 K-드라마라는 콘텐츠로도 세계를 정복했듯이 말이다. 우리는 지금 그 위대한 선택의 기로에 서 있다. 과거 일본처럼 하드웨어 기술에만 안주할 것인가, 아니면 한국이 TV 산업에서 보여준 것처럼 기술과 콘텐츠를 결합한 혁신적 전환을 시작할 것인가.역사는 이미 정답을 제시했다. 콘텐츠가 하드웨어를 이기고, 혁신이 모방을 앞선다는 것을. 이제 그 교훈을 AI 시대에 적용할 때다. 우리는 할 수 있다.<한경닷컴 The Lifeist> 박대석""외부 필진의 기고 내용은 본지의 편집 방향과 다를 수 있습니다.""독자 문의 : thepen@hankyung.com",https://www.hankyung.com/thepen/lifeist/article/202506296115Q,2025.07.09 17:27
이자 폭탄 막자! 증권사 신용대출 3%대 전환으로 절약하는 법,,"전송종목 : 선진뷰티사이언스, 이수앱지스, 메디톡스, MDS테크, 켐트로닉스




 

최근 주식 투자자들 사이에서 주식대출(미수/신용융자 등)의 고금리에 대한 부담이 커지고 있다.특히 저금리를 적용 받고 싶어도, 기존 대출을 상환하고 다시 주식을 매수해야 하는 번거로운 절차와 자금 조달의 어려움이 발목을 잡고 있다.이런 현실적인 문제를 해결하고자, 무빙스탁이 ‘증권사 신용, 대환자금대출’ 서비스를 전격 출시했다.이 상품은 주식을 매도하지 않고도, 기존의 고금리의 주식대출(미수/신용융자 등)의 3%대의 혁신적인 저금리 증권사로 전환할 수 있도록 상환자금을 제공하는 것이 핵심이다.무빙스탁 관계자는 “현재 증권사 이벤트 금리는 연 3%대 수준으로, 기존 9~10%대 고금리를 적용받는 투자자라면 절감 효과가 상당하다”며, 금리를 5%만 낮추면 “1억원 신용대출 기준으로 연간 약 500만원, 3억원이라면 1,500만원까지도 절약할 수 있다”고 밝혔다.더 놀라운 점은, 현재는 이벤트 기간으로 대환자금대출 신청시 발생하는 이자 비용까지 ‘0원’이라는 사실이다. 대환자금에 대해서 하루의 대출이자도 부담하지 않고 기존 고금리 대출을 저금리로 전환할 수 있어, 고금리 부담에 시달리던 투자자들에게 큰 호응을 얻을 전망이다.이 서비스는 부동산 시장에서 흔히 이용되던 대환대출 개념을 증권시장에 도입한 혁신적인 시도로, 주식 투자자들의 자금 운용에 새로운 대안을 제시할 것으로 기대된다.무빙스탁 ‘증권사 신용, 대환자금대출’의 비용 무료 이벤트는 이벤트 기간 동안 한정적으로 제공되는 만큼, 신용융자를 이용 중인 투자자라면 지금 바로 확인해볼 필요가 있다.★ 장마감 시간이 가까워질수록 문의가 많아 상담이 지연될 수 있습니다.★ 7월 문의하신 고객들이 많이 보유하신 종목으로는 삼성전자, POSCO홀딩스, 셀트리온, 포스코퓨처엠, 에코프로비엠, NAVER, 에코프로, 삼성SDI, LG화학, SK하이닉스, 두산에너빌리티, 카카오, SK이노베이션, LG에너지솔루션, 엘앤에프, 삼천당제약, 현대차, 알테오젠, HPSP, LG전자 등이 있습니다.★ 안내사항과도한 빚은 당신에게 큰 불행을 안겨줄 수 있습니다. 대출 시 신용등급 하락으로 다른 금융거래가 제약받을 수 있습니다. 중개수수료를 요구하거나 받는 것은 불법입니다.상호명: ㈜단비대부 2021-서울영등포-2102(대부업) | TEL: 1544-4886 | 대출금리: 연 20%이내(연체금리는 약정금리+3%p이내, 최대 연 20%이내) | 단, 2021. 7. 7.부터 신규체결, 갱신, 연장되는 계약에 한함 | 채무의 조기상환 조건 및 부대비용 없음. (단, 신용조회비용 및 담보권설정비용 있음), 이자 외 별도로 중개수수료를 요구하거나 수취하는 것은 불법입니다. | 대표이사: 박동원 | 사업자등록번호: 274-86-00231 | 등록기관명칭: 서울 영등포구청(담당부서: 일자리경제과, 02-2670-3420) | 소재지 : 서울 영등포구 여의대방로67길 11, 5층 517호 | 개인정보관리자메일: help@danbifund.co.kr무료상담",https://www.hankyung.com/article/202507160701a,2025.07.16 08:53
"현대건설, 서울 남부권 디지털 허브 '케이스퀘어데이터센터 가산' 준공","최적의 시공 전략, 차별화된 솔루션
디지털 시대 핵심 인프라 구축
지하 3층~지상 11층 규모 
데이터센터 건설 분야 국내 최다","'케이스퀘어데이터센터 가산' 조감도./현대건설 제공 

현대건설이 지속적인 데이터센터 건설을 통해 디지털 생태계 확장을 위한 핵심 기지 구축에 나서고 있다.현대건설은 서울 금천구 가산동에 지하 3층~지상 11층 규모의 ‘케이스퀘어데이터센터 가산’을 준공했다고 24일 밝혔다. 코람코자산운용의 투자개발로 2022년 7월 착공한 이 프로젝트는 연면적 4만1214㎡ 규모다. 양옆은 기존 건물로, 한 면은 철도로 둘러싸인 제한된 부지에 첨단설비를 집약적으로 구축한 도심형 데이터센터다.데이터센터는 안정적인 전원 공급을 위해 초정밀 설비와 중량의 장비가 빼곡하게 들어서는 건축물이다. 최고 수준의 구조 안전 및 내진설계 기준이 적용된다. 특히 경부선 철도와 맞닿은 '케이스퀘어데이터센터 가산'에는 진동 저감에 강한 철근콘크리트구조, 지진 저항 시스템 등 내진성능을 높였다.수평 버팀대를 설치해 흙막이벽을 지지하고 지하층 굴착과 지상, 지하 골조 시공을 동시에 수행하는 STD(Strut-Top-Down) 공법을 적용해 시공간 제약을 극복했다. 고효율 냉방 시스템, 실시간 에너지 모니터링, 자연 냉각 프리쿨링 기술 등 에너지 효율을 높이고 발열 문제를 해결했다.인공지능(AI) 산업의 성장과 클라우드 서비스 확산 등에 따라 데이터센터 시장이 가파르게 성장 중이다. 현대건설은 프로젝트 기획, 설계 단계부터 참여해 발주자의 요구와 데이터센터의 특성을 종합적으로 고려한 맞춤형 시공 전략 '프리컨스트럭션 서비스(PCS)'를 제공하고 있다. 이를 통해 공사 기간과 공사비, 기계·전력·수배전(MEP) 시스템까지 차별화된 토털 솔루션을 제공한다.2004년 금융결제원 분당센터를 시작으로 KT목동 IDC, NH통합IT센터, KB국민은행 통합IT센터, 네이버 데이터센터 각 세종 등 국내 건설사 중 가장 많은 데이터센터를 시공했다. 현대건설 관계자는 “독보적 노하우로 데이터센터 건설 시장의 신뢰도를 높이고 연계 사업을 확대해나가고 있다”며 “향후 지역별 주요 에너지원에 따른 맞춤형 데이터센터를 공급하고, 더 나아가 소형모듈원전(SMR) 기반의 전력 공급 체계를 도입하는 등 지속가능한 에너지 인프라 구축에 힘쓰겠다""고 말했다.심은지 기자 summit@hankyung.com",https://www.hankyung.com/article/202507249690i,2025.07.24 14:44
"마이클 다이크 대표 ""사우디 미래도시 건설에 韓기업 참여 기회 많을 것""","마이클 다이크 NMDC 최고경영자
사우디 100조 투입해 신도시 건설","“네이버뿐만 아니라 다양한 한국 기업과 협업을 추진하고 있습니다. 한국을 통해 외국인직접투자(FDI) 유치도 고려하고 있습니다.”사우디아라비아 정부가 700억달러(약 95조원)를 투자해 수도 리야드에 건설 중인 스마트 신도시 ‘뉴무라바’ 개발을 총괄하는 뉴무라바개발회사(NMDC)의 마이클 다이크 대표(사진)는 3일 “인프라 건설, 투자, 정보기술(IT) 등 다양한 분야에서 한국 기업의 참여를 바란다”며 이같이 말했다.NMDC는 지난달 30일 네이버클라우드와 뉴무라바 프로젝트 개발을 위한 업무협약(MOU)을 맺었다. 두 회사는 3년간 로봇공학, 자율주행 차량, 스마트시티 플랫폼 등 혁신 기술과 자동화 분야 협력을 모색한다.뉴무라바는 무함마드 빈 살만 사우디 왕세자가 추진 중인 정부 주도 개혁 정책인 ‘비전 2030’을 실현하는 데 핵심 역할을 하고 있다. 30만 개 이상의 일자리 창출을 목표로 혁신적 설계와 인프라, 미래형 라이프스타일을 통합한 도시로 조성 중이다. 14㎢ 부지에 거주공간 10만 가구와 호텔 객실 1만 개, 학교, 병원, 의료시설 등을 갖춘다.뉴무라바 중심에는 높이 400m 규모의 상징적 정육면체 건축물 무카브가 건설된다. 미국 뉴욕 엠파이어스테이트빌딩 20개 규모다. 다이크 CEO는 “무카브는 문화·관광·주거·상업·오락 등 다양한 요소를 갖춘 최고급 복합 시설”이라며 “단순한 건축물이 아니라 홀로그램, 인공지능(AI) 등 첨단 하이테크가 접목된 공간”이라고 강조했다.그는 현대건설 삼성물산 등 한국 건설회사의 역량을 높게 평가했다. 다이크 CEO는 “현대건설은 약 15년 전 방문한 적이 있다”며 “산업 부문 엔지니어링 역량과 자동화된 대규모 생산라인이 매우 인상적이었다”고 말했다. 이어 “한국 건설사는 기술력이 뛰어나고 사우디에서 여러 프로젝트에 참여한 경험이 있다”며 “다양한 기업이 함께 참여해 위대한 성과를 만들어내길 바란다”고 했다.영국 출신인 다이크 CEO는 인프라그룹 밸푸어비티의 주요 프로젝트 부문 대표를 지낸 뒤 2023년 12월 NMDC 대표로 선임됐다.안정락 기자 jran@hankyung.com",https://www.hankyung.com/article/2025070369001,2025.07.03 17:19
"16일, 거래소 외국인 순매도상위에 운수장비 업종 2종목",,"외국인 투자자는 16일 거래소에서 KB금융, 현대차, 메리츠금융지주 등을 중점적으로 매도한 것으로 나타났다.외국인 투자자의 순매도 상위 20개 종목은 KB금융, 현대차, 메리츠금융지주, 삼성SDI, NAVER, 우리금융지주, 삼성중공업, 풍산, 두산에너빌리티, 한화솔루션등이다.이중에 운수장비 업종에 속한 종목이 2개 포함되어 있다.NAVER, 풍산, DL이앤씨 등은 전일 대비 주가가 상승했고, KB금융, 현대차, 메리츠금융지주 등은 주가가 하락했다.[07월16일]거래소 외국인 순매도 상위 종목한경로보뉴스이 기사는 한국경제신문과 금융 AI 전문기업 씽크풀이 공동 개발한 기사 자동생성 알고리즘에 의해 실시간으로 작성된 것입니다.",https://www.hankyung.com/article/202507162909L,2025.07.16 18:35
'케이스퀘어데이터센터 가산' 준공,"현대건설, 지하 3층~지상 11층 서울 남부권 디지털 허브 구축","현대건설이 지속적인 데이터센터 건설로 디지털 생태계 확장을 위한 핵심 기지 구축에 나서고 있다.현대건설은 서울 금천구 가산동에 지하 3층~지상 11층 규모(연면적 4만1214㎡) ‘케이스퀘어데이터센터 가산’(투시도)을 준공했다고 24일 밝혔다. 코람코자산운용이 시행한 프로젝트다. 양옆은 기존 건물로, 한 면은 철도로 둘러싸인 제한된 부지에 첨단 설비를 집약적으로 구축한 도심형 데이터센터다.데이터센터는 안정적인 전원 공급을 위해 초정밀 설비와 중량의 장비가 빼곡하게 들어서는 건축물이다. 최고 수준의 구조 안전 및 내진설계 기준이 적용된다. 경부선 철도와 맞닿은 데이터센터에는 진동 저감에 강한 철근콘크리트 구조, 지진 저항 시스템 등 내진 성능을 높였다.수평 버팀대를 설치해 흙막이벽을 지지하고 지하층 굴착과 지상, 지하 골조 시공을 동시에 수행하는 공법(STD)을 적용해 시공간 제약을 극복했다. 고효율 냉방 시스템, 실시간 에너지 모니터링, 자연 냉각 프리쿨링 기술 등 에너지 효율을 높이고 발열 문제를 해결했다.인공지능(AI)산업 성장과 클라우드 서비스 확산 등에 따라 데이터센터 시장이 가파르게 커지고 있다. 현대건설은 프로젝트 기획, 설계 단계부터 참여해 발주자의 요구와 데이터센터 특성을 종합적으로 고려한 맞춤형 시공 전략 ‘프리컨스트럭션 서비스’(PCS)를 제공하고 있다. 이를 통해 공사 기간과 공사비, 기계·전력·수배전(MEP) 시스템까지 차별화된 토털 솔루션을 제공한다.현대건설은 2004년 금융결제원 분당센터를 시작으로 KT목동 IDC, NH통합IT센터, 국민은행 통합IT센터, 네이버 데이터센터 등 국내 건설사 중 가장 많은 데이터센터를 시공했다.심은지 기자 summit@hankyung.com",https://www.hankyung.com/article/2025072403671,2025.07.24 17:32
"[박대석 칼럼] 코리아 헤게모니, 홍익인간 정신으로 쓰는 새로운 세계사","한경닷컴 더 라이프이스트

지구가 당면한 거의 모든 문제를 푸는 해법,
자유민주주의 업그레이드 대안","필자가 감마로 생성한 코리아 헤게모니 이미지

▲ 들어가며, 한반도를 넘어선 새로운 비전과 현실적 도전한국을 둘러싼 강대국들 사이에서 우리는 자신을 작은 나라로 여기는 경우가 많다. 하지만 이는 우리의 진정한 역량을 과소평가하는 것일 수 있다. 우리의 고대사가 보여주듯, 한반도는 결코 변방이 아니었다.만주와 중원을 아우르던 역동성, 끊임없이 대륙과 해양을 연결하던 개방성은 오늘날 한국을 세계 10위권 경제 대국으로 만든 원동력이 되었다.이제는 한반도라는 지리적 한계를 넘어 '코리아 헤게모니'라는 새로운 지평을 열어야 할 때이다. 여기서 말하는 헤게모니는 군사적 지배나 경제적 착취를 통한 서구식 패권과는 본질적으로 다르다. 우리가 추구하는 것은 강제가 아닌 모범을 통해, 지배가 아닌 협력을 통해 자연스럽게 국제사회의 존경과 신뢰를 얻는 '새로운 패러다임의 리더십'이다.이는 홍익인간 정신을 현대적으로 구현한 '상생 주도권'이라고 할 수 있다. 전통적인 헤게모니가 제로섬 게임의 논리라면, 코리아 헤게모니는 모든 참여자가 함께 승리하는 상생의 논리를 바탕으로 한다.그러나 이러한 비전의 실현은 결코 자동적이지 않으며, 서구 중심의 국제질서, 강대국들의 견제, 그리고 우리 내부의 정치적 한계라는 현실적 도전에 직면해 있다는 점을 냉정히 인식해야 한다. ▲ 위기의 시대, 홍익인간 사상의 절대적 필요성




필자 작성

                21세기 인류는 전례 없는 복합위기에 직면해 있다. 기후변화로 인한 생존 위기, 각국의 고립주의 회귀로 인한 국제협력 파괴, 권위주의의 확산과 민주주의 후퇴, 그리고 곳곳에서 벌어지는 전쟁과 갈등까지. 이 모든 문제는 근본적으로 인간이 자연을 정복 대상으로 보고, 타자를 경쟁과 지배의 대상으로 여기는 사고에서 비롯되었다.바로 여기서 홍익인간 사상의 절대적 필요성이 드러난다. 홍익인간은 단순한 한국의 건국이념이 아니다. 이는 인간과 자연, 그리고 모든 생명체가 조화롭게 공존하는 길을 제시하는 보편적 사상이다. 기후 위기든, 국제 갈등이든, 전체주의 위협이든, 그 모든 해결책의 핵심은 '나만 잘 살면 된다'는 이기주의를 버리고 '모두가 함께 잘 사는 길'을 추구하는 홍익인간 정신에 있다.그리고 이 홍익인간 사상을 실천할 수 있는 역량과 자격을 갖춘 나라가 바로 대한민국이다. 우리는 이미 기술혁신을 통해 기후 문제 해결의 열쇠를 쥐고 있고, 문화적 소프트 파워로 분열된 세계를 하나로 묶을 수 있으며, 민주주의의 성숙과 평화 지향의 경험으로 전체주의에 맞설 도덕적 권위를 확보했다. 이것이 바로 코리아 헤게모니가 단순한 국가적 야망이 아닌 인류를 위한 절실한 필요인 이유이다.▲ 한국의 핵심 역량, 4차 산업혁명의 선도자 기술혁신의 절대 강자, 그러나 지속성에 대한 냉정한 성찰 필요한국은 전 세계 메모리 반도체 시장의 70% 이상을 장악하고 있다. 삼성전자와 SK하이닉스는 3나노 공정 기술과 차세대 AI 반도체 개발에서 글로벌 리더십을 발휘하고 있다. 이는 단순한 제조업 경쟁력을 넘어서 4차 산업혁명 시대의 핵심 인프라를 제공하는 전략적 우위를 의미한다.기후변화라는 인류 공동의 위기 앞에서 한국의 배터리 기술은 희망의 등불이 되고 있다. LG에너지솔루션, 삼성 SDI, SK온은 전 세계 전기차 배터리 시장의 30% 이상을 점유하며, 전고체 배터리와 차세대 에너지 저장 기술에서 혁신을 주도하고 있다. 이는 탄소중립이라는 인류 공동의 목표 달성에 직접적으로 기여하는 홍익인간 정신의 현대적 실현이다.그러나 한국의 기술 우위는 영구불변이 아니다. 글로벌 공급망의 불안정성, 미중 기술 경쟁의 심화, 그리고 중국과 인도 등 후발 주자들의 빠른 추격은 우리의 독점적 지위를 위협하고 있다. 더욱이 기술 패권 경쟁이 심화하면서 핵심 기술에 대한 접근 제한과 공급망 분리 압력이 증가하고 있다.따라서 우리의 기술적 우위를 지속하기 위해서는 지속적인 연구·개발 투자 확대, 세계 최고 수준의 인재 양성, 그리고 선택적이고 전략적인 국제 협력 네트워크 구축이 필수적이다. 특히 양자컴퓨팅, 생명공학, 우주항공 등 차세대 기술 분야에서의 선제적 투자와 국제 표준 선점이 중요하다.AI 시대의 실 산업 활용 강국AI 기술 자체는 이미 상향 평준화되었다. 오픈 AI, 구글, 아마존이 제공하는 AI 모델들은 전 세계 누구나 접근할 수 있는 공통 자산이 되었다. 진정한 경쟁력은 이제 이러한 AI 기술을 실제 산업에 얼마나 효과적으로 활용하느냐에 달려 있다.바로 여기서 한국의 독보적 강점이 드러난다. 제조업과 IT 인프라의 결합, 빠른 의사결정 구조, 그리고 실험정신이 강한 국민성이 AI를 실 산업에 적용하는 데 최적화된 환경을 만들어낸다. 삼성전자의 스마트 팩토리, 현대자동차의 AI 기반 자율주행, 포스코의 AI 제강 시스템 등은 AI 기술을 실제 산업 현장에 성공적으로 접목한 세계적 사례들이다.네이버의 하이퍼 클로버 X와 카카오브레인의 KoGPT는 한국어 특화 AI로서 K-컬처와 결합하여 글로벌 AI 생태계에서 차별화된 위치를 확보하고 있다. 양자컴퓨팅 분야에서도 삼성전자의 양사닷 기술과 KIST의 양자컴퓨터 개발 성과는 이미 세계적 주목을 받고 있다.한강의 기적 2.0, 디지털 경제의 새로운 패러다임전쟁의 폐허 속에서 불과 반세기 만에 이룩한 경제 성장은 '한강의 기적'이라 불리며 전 세계 개발도상국에 희망을 주었다. 이제 우리는 '한강의 기적 2.0'을 통해 디지털 경제의 새로운 패러다임을 제시하고 있다.K-유니콘 기업들의 글로벌 성공(쿠팡, 크래프톤, 야놀자 등), 핀테크 혁신(토스, 카카오페이), 그리고 바이오 기술의 약진(셀트리온, 삼성바이오로직스)은 한국이 단순한 제조업 강국을 넘어 혁신 경제의 리더로 도약하고 있음을 보여준다. 이러한 성장의 경험과 노하우를 개발도상국과 공유하는 것은 모든 생명체를 이롭게 하는 홍익인간 정신의 실천이 될 것이다.▲ 문화적 소프트 파워, K-컬처를 통한 세계 정복K-Pop, K-Drama, K-Movie를 넘어 K-Food, K-Fashion, K-Beauty까지, 한국 문화는 이제 전 세계 젊은이들의 라이프스타일을 바꾸고 있다. BTS의 빌보드 석권, 오징어게임의 넷플릭스 신기록, 기생충의 아카데미 4관왕은 단순한 문화적 성취를 넘어 한국의 창의력과 문화적 역량을 세계에 증명했다.더 중요한 것은 이러한 문화적 매력이 정치·경제적 소프트 파워로 전환되고 있다는 점이다. 한류를 통해 한국에 관심을 갖게 된 전 세계 젊은이들이 한국어를 배우고, 한국 기업의 제품을 선호하며, 한국의 가치와 생활방식에 공감하고 있다. 이는 문화적 다양성을 존중하며 모두가 행복해지는 홍익인간 정신을 전파하는 강력한 통로이다.한국의 독특한 강점은 문화와 기술이 융합된 창조 생태계이다. 게임 산업에서 축적된 그래픽 기술과 스토리텔링 역량이 메타버스와 AI 기술과 결합하여 새로운 형태의 디지털 콘텐츠를 창조하고 있다. 이는 단순한 오락을 넘어서 교육, 의료, 도시계획 등 다양한 분야에 응용되며 기술을 통한 인간 삶의 질 향상이라는 홍익인간 정신을 구현하고 있다.▲ 민주주의의 새로운 모델, 자유민주주의 2.0우리는 독재를 이겨내고 민주주의를 꽃피웠다. 하지만 87년 민주화 운동에서 시작된 한국의 민주주의 경험은 단순히 서구 모델을 이식한 것이 아니다. 우리는 홍익인간 정신이 깃든 독특한 민주주의를 발전시켜 왔다.서구 민주주의가 개인의 권리와 자유에 중점을 둔다면, 한국의 민주주의는 여기에 공동체적 상생과 조화의 가치를 더했다. 촛불혁명에서 보여준 시민들의 질서 정연하고 평화로운 시위, 코로나19 위기 상황에서 보여준 개인의 자유와 공동체의 안전 사이의 절묘한 균형, 그리고 북한과의 평화 공존을 추구하는 끈질긴 노력 등은 모두 홍익인간 정신이 현대 민주주의와 결합한 결과이다.이는 '자유민주주의 2.0'이라고 할 수 있다. 기존 자유민주주의의 핵심 가치인 자유, 평등, 인권을 계승하면서도 개인주의의 폐해를 극복하고 지속이 가능한 공동번영을 추구하는 새로운 민주주의 모델이다.▲ 홍익인간 정신, 21세기 글로벌 리더십의 철학적 토대




필자 작성

생태 철학적 재해석: 기후 위기의 근본 해법21세기 인류가 직면한 최대 위기는 기후변화이다. 그 근본 원인은 인간이 자연의 정복자처럼 행동하며 지구 자원을 무분별하게 파헤쳐온 데 있다. 산업혁명 이후 서구의 인간 중심적 사고가 지배하면서 자연을 단순한 개발 대상으로 여겨온 결과이다.바로 여기서 홍익인간 사상의 현대적 의미가 인류 구원의 열쇠로 떠 오른다. 홍익인간은 단순히 '인간을 이롭게 한다'는 의미가 아니다. 고대 한민족의 세계관에서 '인간(人間)'은 하늘과 땅, 즉 자연과 조화를 이루는 존재를 의미했다. 따라서 홍익인간은 '자연과 인간이 함께 번영하는 길'을 추구하는 생태 철학적 이념이며, 이는 현재 인류가 직면한 모든 위기의 근본 해법이다.자유민주주의 업그레이드의 대안트럼프 재집권 이후 미국의 고립주의 회귀, 권위주의적 확산과 자유민주주의 가치에 대한 도전, 그리고 전 세계적으로 확산하는 배타적 민족주의는 자유민주주의 체제 자체의 한계를 노출하고 있다.현재 자유민주주의가 직면한 위기의 근본 원인은 개인의 자유만 강조하고 공동체적 책임을 소홀히 한 데서 비롯된 분열과 갈등이다. 포퓰리즘의 확산, 양극화의 심화, 사회적 연대의 약화 등은 모두 자유민주주의의 구조적 한계에서 나온 부작용들이다.이런 시대에 홍익인간 사상은 자유민주주의의 근본이념을 계승하면서도 그 한계를 극복할 수 있는 업그레이드된 민주주의 모델을 제시한다. 개인의 자유와 권리를 존중하되, 그것이 공동체 전체의 번영과 조화로 이어져야 한다는 '책임 있는 자유'의 개념을 제시한다.평화적 갈등 해결의 모델, 북한 문제와 현실적 제약우크라이나 전쟁, 중동 갈등, 대만 해협 위기 등 전 세계 곳곳에서 벌어지는 무력 충돌은 인류 문명을 후퇴시키고 있다. 이 모든 갈등의 근본에는 '힘의 논리'와 '제로섬 게임' 사고가 자리하고 있다.홍익인간 사상은 이와 정반대의 철학을 제시한다. '함께 살면 모두가 이기고, 혼자 살려 하면 모두가 진다'는 상생의 논리이다. 분단 상황에서도 평화통일을 지향하는 한국의 경험은 바로 이러한 홍익인간 정신의 실천이다.그러나 북한 문제는 홍익인간 정신 실현의 가장 큰 시험대이자 난제이다. 홍익인간 정신에 기반한 '평화통일 모델'은 국제사회에 큰 울림을 줄 수 있으나, 이를 위해서는 비핵화를 포함한 현실적이고 단계적인 북한과의 관계 개선 로드맵, 그리고 국제사회의 지지를 확보할 수 있는 설득력 있는 외교가 병행되어야 한다. 북한의 체제 특성상 일방적인 선의만으로는 한계가 있으며, 상호 이익에 기반한 실용적 접근과 국제적 다자 협력 체계 구축이 필요하다.▲ 코리아 헤게모니 실현 전략, 도전과 현실적 대응 홍익인간 사상의 국제적 수용성 확보, 체계적 공공외교 전략홍익인간 사상이 보편적 가치로 인정받기 위해서는 막대한 시간과 노력이 필요하다. 서구 중심의 국제 질서에서 동양 철학이 주류 담론으로 자리 잡기까지는 패권적 사고방식의 관성을 돌파해야 하는 어려움이 있다.이를 위해 다층적이고 정교한 공공외교 및 문화외교 전략이 필요하다. 먼저 문화권별 맞춤형 접근이 중요하다. 서구권에는 기후 위기와 민주주의 위기 해결이라는 실용적 가치를, 이슬람권에는 공동체 중심의 상생 가치를, 아프리카에는 지속이 가능한 발전 모델을 강조하는 차별화된 메시지 전략이 필요하다.구체적으로는 하버드, 옥스퍼드, 소르본, 카이로대학 등 세계 유수 대학과의 장기적 공동연구 프로그램을 통해 홍익인간 사상의 학술적 기반을 구축해야 한다. 또한 다보스 포럼, 뮌헨 안보 회의, 보아오 포럼 등 주요 국제회의에서 '홍익인간 세션'을 정례화하고, CNN, BBC, 알자지라 등 글로벌 미디어와의 전략적 파트너십을 통해 지속적인 담론 확산을 추진해야 한다.강대국 견제와 내부 저항에 대한 전략적 대응'코리아 상생 주도권'이 성공적일수록 기존 패권국들의 견제나 흡수 시도가 증가할 것이다. 이에 대비한 전략적 방어 및 우회 전략이 필요하다.첫째, 다자주의와 중견국 연대를 통한 국제적으로 지지 기반 확보이다. 멕시코, 인도네시아, 대한민국, 튀르키예, 호주로 구성된 믹타(MIKTA)를 넘어서 더 광범위한 중견국 네트워크를 구축하고, G20, OECD 등에서 '상생 경제 모델'을 지속해서 의제화해야 한다.둘째, 선택적 협력과 전략적 자율성의 균형이다. 미중 대립 구도에서 일방적으로 편을 들기보다는, 이슈별로 우리의 국익과 인류의 이익을 최우선으로 하는 실용적 접근이 필요하다.셋째, 내부 정치 개혁을 통한 추진 동력 확보이다. 중앙공천제 폐지와 오픈 프라이머리 도입은 기득권 세력의 강력한 저항에 부딪힐 것이다. 이를 돌파하기 위해서는 초당적 정치개혁위원회 구성, 시민사회 주도의 개혁 운동, 그리고 국민적 합의를 끌어낼 수 있는 강력한 정치 리더십이 필요하다.기술 표준화 주도권과 국제 네트워크 구축기술 패권 시대의 핵심은 표준화 주도권이다. 한국은 5G, 6G 통신 기술, 차세대 배터리, AI 반도체 등 핵심 분야에서 국제표준 제정을 주도하고 있다. IEEE, ITU, ISO 등 국제기구에서 한국 전문가들의 영향력을 더욱 확대하고, AI 윤리 가이드라인과 6G 기술 표준 제정에서 홍익인간 철학을 반영한 인간 중심적 기술 개발 원칙을 국제 표준으로 확립해야 한다.중견국 외교의 새로운 모델과 코리아 이니셔티브한국은 특정 강대국에 맹목적으로 의존하는 것을 넘어 국익을 최우선으로 하는 능동적인 균형 외교를 펼쳐야 한다. 동시에 중견국 연대의 구심점 역할을 통해 기후변화, 팬데믹, 디지털 격차 등 인류 공동의 문제 해결에 주도적인 역할을 해야 한다.구체적으로는 '홍익인간 국제협력체'를 2026년까지 출범시켜 베트남, 인도네시아, 필리핀 등 아세안 국가들과 기후변화 대응과 디지털 전환을 공동 추진하고, 이를 단계적으로 아프리카와 중남미로 확대해야 한다.또한 2030년까지 UN 안보리 비상임이사국 재진출, 2035년까지 UN 사무총장 배출을 목표로 하는 장기적 전략을 체계적으로 추진해야 한다. 이를 위해서는 개발도상국들과의 실질적 협력 성과를 축적하고, 평화 중재와 기후변화 대응에서 가시적인 리더십을 발휘해야 한다.▲ 정치혁신, 비전 실현의 전제조건 4류 정치의 근본 원인과 구조적 개혁한국의 정치 수준이 낮은 근본 원인은 중앙공천제에 있다. 정치인들이 국민이 아닌 당 지도부 눈치만 보며 줄 서기에 급급하고, 지역구 챙기기와 당파적 이익에만 매몰되는 모든 병폐가 바로 여기서 나온다. 이는 코리아 헤게모니라는 대국적 비전을 실현하는 데 치명적인 장애물이다.정치혁신 없이는 아무리 뛰어난 기술력과 문화적 역량이 있어도 진정한 글로벌 리더십을 발휘할 수 없다. 세계 10위 경제 대국, 기술 선도국의 위상에 걸맞지 않은 정치 수준이 국가 브랜드를 깎아내리고 있다.오픈 프라이머리와 시민사회 주도의 개혁정치권이 기득권을 내려놓고 중앙공천제를 정말 폐지해야 한다. 오픈 프라이머리 제도를 도입하여 유권자가 직접 후보를 선택할 수 있게 하면, 정치인들의 언행과 정책이 근본적으로 변화할 것이다.그러나 이러한 개혁은 기득권 세력의 강력한 저항에 부딪힐 것이다. 따라서 시민사회가 주도하는 정치개혁 운동, 여야를 아우르는 초당적 개혁위원회 구성, 그리고 국민적 합의를 바탕으로 한 단계적 추진 전략이 필요하다. 지방선거부터 시작하여 점진적으로 확대하는 방식으로 정치 문화의 변화를 끌어내야 한다.▲ 학술적 이론화와 글로벌 담론 형성 한국형 국제정치학의 정립이러한 '코리아 헤게모니'의 비전을 현실화하기 위해서는 우리 학자들이 이론적 배경과 전략적 틀을 제공해야 한다. 단순히 강대국의 시각을 답습하는 것이 아니라 한국의 역사와 특수성, 그리고 글로벌 경쟁력을 기반으로 한 **'한국형 국제정치 이론'**을 정립해야 한다.특히 도덕과 철학, 종교를 아우르는 홍익인간 정신을 현대 국제정치와 경제 체제에 적용할 수 있는 보편적 원리로 발전시켜야 한다. 이는 정책 입안자들에게 명확한 방향성을 제시하고, 우리의 비전을 국제사회에 설득력 있게 전달하는 데 필수적이다.체계적 소통 전략과 문화 간 대화홍익인간 기반의 새로운 패러다임을 국제사회에 효과적으로 제시하기 위해서는 문화권별 특성을 고려한 맞춤형 소통 전략이 필요하다.서구권에는 기후 위기 해결과 민주주의 혁신이라는 실용적 가치를 강조하고, 이슬람권에는 공동체 중심의 상생 철학과의 연결점을 찾으며, 아프리카에는 지속이 가능한 발전과 평화 구축의 모델을 제시해야 한다. 중국을 포함한 동아시아권에는 고대로부터 이어진 조화 사상의 현대적 계승이라는 관점에서 접근할 수 있다.이를 위해 전 세계 주요 대학과의 장기적 공동연구 프로그램, 국제학술지에서의 체계적인 논문 발표, 그리고 글로벌 미디어와의 전략적 파트너십을 통해 홍익인간 사상이 특정 국가의 이념이 아닌 인류 보편의 가치임을 입증해야 한다.▲ 현실적 도전과제에 대한 냉정한 인식 기술적 우위의 지속가능성과 경쟁 심화한국의 기술적 강점은 매우 강력하지만, 영구불변이 아니다. 글로벌 공급망의 불안정성, 미중 기술 경쟁의 심화, 그리고 후발 주자들의 빠른 추격은 우리의 독점적 지위를 위협하고 있다.미래의 끊임없는 혁신 요구에 대비하여 지속적인 연구·개발 투자 확대, 세계 최고 수준의 인재 양성, 그리고 선택적이고 전략적인 국제 협력 네트워크 구축이 필수적이다. 특히 양자컴퓨팅, 생명공학, 우주항공 등 차세대 기술 분야에서의 선제적 투자와 국제 표준 선점이 중요하다.K-컬처의 글로벌 성공은 놀랍지만, 문화 트렌드의 변화 속도는 매우 빠르다. 한류가 일시적 유행을 넘어 지속이 가능한 영향력으로 발전하려면, 보다 깊이 있는 철학적 토대와 구체적인 정책 연계가 필요하다. 단순한 엔터테인먼트를 넘어서 교육, 기술, 라이프스타일 전반에 걸친 종합적인 문화 생태계를 구축해야 한다.국내 정치적 분열과 사회적 갈등코리아 헤게모니라는 대국적 비전을 실현하기 위해서는 국내적으로 강력한 사회적 결속과 정치적 안정이 전제되어야 한다. 그러나 현재 한국 사회는 이념 갈등, 세대 갈등, 지역갈등 등 다양한 분열 요소를 안고 있다.이러한 내부 분열을 극복하고 국민적 합의를 끌어내기 위해서는 포용적 리더십과 함께 구체적이고 실현할 수 있는 미래 비전을 제시해야 한다. 홍익인간 정신이 추상적 이념에 머물지 않고 국민 개개인의 삶에 실질적인 개선을 가져다줄 수 있다는 점을 보여주어야 한다.▲ 나가며, 새로운 세계사의 첫 장을 위한 현실적 로드맵21세기는 기술이 상향 평준화되고, 문화가 마음을 움직이며, 무엇보다 자연과 인간의 조화라는 생태철학이 문명의 방향을 결정하는 시대이다. 동시에 기후 위기, 고립주의 회귀, 권위주의 확산, 전쟁과 갈등의 증폭 등 인류 실존을 위협하는 복합위기의 시대이기도 하다.이 모든 위기의 근본 해법은 이제 명확해졌다. 지구상에 홍익인간 사상을 실천하는 것이다. 그리고 한국은 이 모든 영역에서 세계적 경쟁력을 확보했을 뿐만 아니라, 홍익인간이라는 인류 구원의 사상적 토대를 보유하고 있다.하지만 이러한 비전의 실현은 결코 자동적이지 않으며, 수많은 현실적 도전에 직면해 있다. 서구 중심 국제질서의 관성, 강대국들의 견제, 기술 경쟁의 심화, 내부 정치적 분열, 그리고 홍익인간 사상의 국제적 수용성 확보라는 과제들이 우리를 기다리고 있다.따라서 단계적이고 현실적인 접근이 필요하다. 먼저 국내적으로는 정치 개혁과 사회적 결속을 통해 추진 동력을 확보하고, 대외적으로는 중견국 외교와 다자협력을 통해 점진적으로 영향력을 확대해야 한다. 홍익인간 사상도 한 번에 보편적 가치로 인정받기보다는, 문화권별 특성에 맞는 맞춤형 접근을 통해 서서히 뿌리내려가야 한다.인류 문명이 갈림길에 선 이 절체절명의 순간에, 우리에게는 홍익인간 정신으로 새로운 문명 패러다임을 제시할 역사적 소명이 있다. 그러나 이는 거창한 선언만으로는 실현될 수 없다. 냉철한 현실 인식과 치밀한 전략적 사고, 그리고 끈질긴 실행력이 함께해야 한다.이제는 우리가 쓰는 새로운 세계사의 첫 장을 열 때이다. 한반도라는 지리적 한계를 뛰어넘어 기후 위기의 해결사로서, 권위주의에 맞선 자유민주주의 수호자이자 혁신자로서, 분열된 세계를 하나로 묶는 상생의 중재자로서, 그리고 자연과 인간이 조화롭게 공존하는 홍익인간 문명의 전도사로서 인류의 지속이 가능한 미래를 만들어가는 것.이것이 21세기 대한민국의 소명이며, 인류 문명이 수천 년간 꿈꿔온 진정한 자유와 민주주의를 완성할 역사적 사명이다. 코리아 상생 주도권은 단순한 국가적 야망이 아닌, 자유민주주의의 본래 이상을 실현하기 위한 인류 공동의 과제이다.우리가 모두 함께 써나가야 할 웅장하면서도 현실적인 도전, 그리고 인류 역사상 가장 의미 있고 절실한 기회가 바로 여기에 있다. 그러나 이 기회를 현실로 만들기 위해서는 이상과 현실, 비전과 전략이 균형 잡힌 접근이 필요하다는 점을 결코 잊어서는 안 된다.<한경닷컴 The Lifeist> 박대석""외부 필진의 기고 내용은 본지의 편집 방향과 다를 수 있습니다.""독자 문의 : thepen@hankyung.com",https://www.hankyung.com/thepen/lifeist/article/202507071360Q,2025.07.23 17:18
"수급 개선에 반도체 기대감 겹쳐…미래반도체, 투자자 시선 집중",,"미래반도체가 최근 주식시장에서 강세 흐름을 이어가며 투자자들의 주목을 받고 있다. 반도체 전방 산업에 대한 기대감과 함께, 전일 대비 거래량이 눈에 띄게 증가하며 기술적 지지선 상향 돌파 흐름을 나타냈다. 특히 외국인과 기관의 동반 순매수세가 유입되며 수급 구조에도 긍정적인 변화가 감지되고 있다.투자자들 사이에선 “2차 전지와 인공지능(AI) 기반의 고부가 반도체 수요 증가가 중소형 반도체 설계·제조사에까지 반영되고 있다”는 분석이 제기된다. 미래반도체는 비교적 소형 종목이지만, 안정적인 고객 기반과 일부 특화된 부품 라인업을 보유한 것으로 평가된다.기술적으로는 지난 몇 달간 횡보하던 주가가 최근 박스권 상단을 돌파한 이후, 단기 이동평균선을 상회하는 흐름을 보이고 있다. 이에 따라 단기 추세 전환 여부에 대한 관심도 높아졌다. 일부 시장 전문가들은 “수급 개선과 기술적 반등이 맞물린 구간”이라며 신중하지만 긍정적인 시각을 제시하고 있다.재무적으로는 아직 실적 모멘텀이 뚜렷하지 않다는 의견도 있으나, 반도체 업황 회복에 따른 기저 효과가 반영될 가능성을 염두에 둔 저가 매수 수요도 적지 않다는 분석이다.또한, 최근 국내 반도체 업종 전반에 대한 긍정적인 산업 전망이 지속되면서 중소형 반도체 관련주 전반에 관심이 쏠리고 있는 흐름도 주가에 반영된 것으로 보인다.한 증권업계 관계자는 “변동성이 존재하는 구간이지만, 저평가 매력과 향후 실적 반등 기대를 겸비한 종목에 대해 시장이 재평가하는 흐름이 나타나고 있다”고 설명했다.뉴엔AI, 알테오젠, NAVER, 삼성바이오로직스, 한화에어로스페이스무료상담",https://www.hankyung.com/article/202507109348a,2025.07.10 11:03
"하정우 AI수석, 저서에서 ""예산 가진 AI 전담부처 꼭 만들어야""","'AI 전쟁 2.0' 발간
새 정부 AI 수석이 진단한 AI 전략은","하정우 대통령실 AI미래기획수석. 사진=뉴스1

                이재명 정부의 첫 인공지능(AI) 미래기획수석으로 발탁된 하정우 대통령실 수석은 최근 발간된 저서 'AI 전쟁 2.0'에서 ""AI·디지털 혁신부 같은 AI 전담 부처가 꼭 만들어져야 한다""며 ""AI 전담 부처는 각 부처의 AI 활용과 도입을 총괄하고 조정할 수 있는 CAIO 조직처럼 기능해야 한다""고 했다. 'AI 미래 전쟁 2.0'은 하 수석이 네이버클라우드 AI혁신센터장일 때 한상기 테크프론티어 대표와 집필한 저서로, 대통령실 수석 임명 이후인 지난달 30일 발간됐다. 그는 저서에서 ""AI 거버넌스 관련 가장 큰 문제는 국가 AI 전략을 책임지고 이끌어나갈 수 있는 조직이나 사람, 즉 기획부터 실행, 예산기획까지 종합적인 권한을 가진 리더십이 명확치 않다는 점""이라고 짚었다. 그러면서 ""과기정통부 산하에 AI 관련 부서를 만드는 정도로는 한계가 명확하다""며 ""AI부라는 명칭보다는 'AI·디지털 혁신부'처럼 조금 더 포괄적이고 전략적인 이름을 갖는 것이 바람직하다""고 했다. 그는 신설 부처는 독립적인 기획 권한과 예산 집행 권한을 가져야 실질적인 의미가 있다고 했다. 그는 ""과기정통부가 부총리급으로 승격된다고 해도 실제 권한이 없으면 의미가 없다""며 ""차관급 인사가 다른 부처 장관에게 가서 '이렇게 해야 한다'고 말한다고 해서 그게 통하겠냐. 절대로 되지 않는다. 실질적인 정책 조정 기능과 예산기획 권한이 없는 조직은 제대로 작동할 수 없다""고 했다. 그는 통상 CAIO가 대통령실 산하로 운영되는 게 일반적이라는 평가에 대해서도 ""보통 실장급이 가져가거나 총리나 대통령실 수석급이 맡는 구조가 일반적이다. 신설되는 부처와 긴밀히 소통할 수 있는 대통령실 내 카운터 파트가 있어야하고 가급적 높은 직급에서 AI 정책을 다뤄야 한다""고 했다. 그러면서 ""대통령실의 비서관은 어디까지나 비서의 역할이기 때문에 전면에서 실질적인 책임을 지고 정책을 집행할 수 있는 부처가 따로 있어야 한다""고 했다. 하 수석은 저서에서 2030년까지 50만 장 규모의 최신 AI 반도체를 확보하는 ‘AI 데이터센터’를 구축하되, 운영은 역량 있는 민간 기업에 맡기는 민관 협력 모델을 제안했다. 최고의 AI 전문가들이 AGI(범용인공지능) 연구에만 전념할 수 있는 ‘국가 초지능 연구소’ 신설이 반드시 필요하다고도 봤다. 국방 AI 강화를 위해 ‘AI 전문사관 제도’를 도입하고, 국방 R&D 예산 중 20%를 국방 AI 기금 형태로 별도 편성할 것도 주문했다.고은이 기자 koko@hankyung.com",https://www.hankyung.com/article/202507036410i,2025.07.03 14:52
"韓, 스테이블코인 미래에 주목하다 : 코리안 크립토 위클리 [INFCL 리서치]",,"사진=INF크립토랩

1. 시장 개요이번 주 한국 암호화폐 거래는 주요 토큰과 투기성 중형주 모두에 대한 높은 관심을 보였습니다. 업비트에서는 XRP, BTC, CBK가 거래량을 주도했고, MOODENG과 BONK 같은 밈코인도 눈에 띄는 움직임을 보였습니다. 빗썸도 이러한 추세를 반영해 PENGU, MEV 등 틈새 자산에 대한 개인 투자자들의 관심이 높아졌습니다. CBK, BONK, STRIKE 등 주요 상승 종목은 모두 주간 50% 이상의 상승률을 기록하며 한국 거래소 전반에서 고위험 고수익 투자에 대한 지속적인 관심을 보여줬니다.한편, 업비트와 네이버페이가 원화 스테이블코인 개발을 위해 협력한다는 소식이 소셜 미디어를 뜨겁게 달구면서 디지털 결제의 미래에 대한 논의가 촉발됐습니다. 업비트와 빗썸의 공매도 서비스 출시 또한 투자자들 사이에서 뜨거운 논쟁을 불러일으켰습니다. 한편, 한국 증시가 사상 최고치를 경신하면서 개인 투자자들의 기대감이 고조되면서 암호화폐에서 주식으로 자금이 다시 이동하는 것에 대한 의문이 제기됐습니다.2. 거래소2-1. 신규 상장 종목
                    



사진=INF크립토랩

지난주, 주요 한국 거래소에서 여러 가지 새로운 상장이 이루어졌습니다.업비트에 MOODENG이 상장됐습니다.빗썸에 휴머니티 프로토콜과 만트라가 상장됐습니다.휴머니티 프로토콜(H)




사진=휴머니티프로토콜

                휴머니티 프로토콜은 2~3개월에 걸쳐 한국 시장에서 단기적이지만 집중적인 마케팅을 진행한 프로젝트의 좋은 사례입니다.판테라 캐피털(Pantera Capital)과 점프 크립토(Jump Crypto)와 같은 유명 VC의 지원을 받은 휴머니티(Humanity)는 독창적인 팜 기반 신원 확인 방식, 매력적인 가치 평가, 그리고 쉽게 가입할 수 있는 테스트넷을 통해 한국 커뮤니티에 처음 접근했습니다. KOL 마케팅에만 의존하기보다는, 팀은 더욱 다각적인 접근 방식을 취했습니다.KOL 협업 외에도 가장 두드러진 전략 중 하나는 외부 참여였습니다. 보상을 제공하는 정기적인 AMA(Ask Me Anything)를 개최하고, 고려대학교 블록체인 학회와 공동으로 해커톤을 개최했으며, 지속적인 대중의 관심을 유지하기 위해 여러 차례 오프라인 밋업을 개최했습니다.KOL 마케팅도 돋보였습니다. 일회성 프로모션 대신, 인플루언서들과 긴밀한 파트너십을 구축하고 다양한 채널을 통해 다양한 이벤트를 진행하여 커뮤니티 내 다양한 계층의 사용자들을 유입시켰습니다.마지막으로, 휴머니티의 설립자 테렌스 곽은 한국에 대한 깊은 관심을 보였습니다. 그는 밋업을 위해 한국을 직접 방문했을 뿐만 아니라, 한국 커뮤니티와의 소통에도 적극적으로 나섰습니다. 심지어 자신과 닮은 한국 유명인의 사진을 X 프로필 사진으로 설정하기도 했습니다.2-2. 거래량업비트의 주간 거래량은 유동성이 높은 토큰에 집중되어 있었으며, XRP가 8억 4590만 달러로 1위를 차지했고, BTC가 5억 6160만 달러, CBK가 4억 9420만 달러로 뒤를 이었습니다. 특히 CBK의 거래량이 눈에 띄게 급증했습니다. ETH와 USDT는 각각 4억 1890만 달러와 3억 4450만 달러로 꾸준한 거래량을 기록한 반면, STRIKE와 PENGU는 3억 2천만 달러 안팎으로 거의 동일한 거래량을 기록하며 신흥 자산 또는 트렌드 주도 자산에 대한 관심이 높아지고 있음을 시사했습니다. 상위 12개 토큰 중 MOODENG, SAHARA, BONK가 포함된 것은 투기성 토큰과 커뮤니티 주도 토큰으로의 전환을 더욱 잘 보여주며, 각 토큰의 주간 거래량은 1억 6000만 달러를 넘어섰습니다. 주요 토큰들이 존재함에도 불구하고, 전반적인 분포는 한국 개인 투자자들의 다양한 수요를 보여줍니다.빗썸의 거래량 순위도 XRP(4억 6220만 달러), USDT(5억 140만 달러), BTC(2억 8030만 달러)에서 강력한 활동을 보였지만, 중간 계층 상장에서는 PENGU(1억 3830만 달러), MOODENG(7870만 달러), MEV(7580만 달러)가 상당한 관심을 얻으면서 엇갈렸습니다. 두 거래소의 상위 12위 안에 DOGE, SOL, SEI가 다시 나타난 것은 주류 알트코인에 대한 지속적인 관심을 시사하는 반면, KAIA와 WLD는 각각 7330만 달러와 6950만 달러로 빗썸 목록을 마무리했습니다. 주간 거래량은 전반적으로 2분기 최고치에 비해 낮았고, 코인겟코의 1개월 거래량 차트는 약간의 하락세를 나타내어 국내 거래 강도의 단기적 침체를 시사할 수 있습니다.
                    



사진=INF크립토랩 / 데이터=코인게코





사진=INF크립토랩 / 데이터=코인게코

2-3. 상위 10개 상승 종목이번 주 업비트에서 가장 큰 상승을 기록한 토큰은 고변동성 토큰들이었는데, CBK가 주간 59.01% 상승하며 가장 큰 상승폭을 기록했고, BONK가 53.04% 상승하며 그 뒤를 바짝 쫓았습니다. BLAST(+23.83%), TOKAMAK(+21.45%), STRIKE(+20.40%) 역시 두 자릿수 상승률을 기록하며 밈코인과 상대적으로 덜 알려진 인프라 프로젝트의 모멘텀을 보여주었습니다. 특히 UXLINK, HP, ARK는 각각 14%에서 18% 사이의 상승률을 기록하며 중형 토큰에 대한 관심이 다시 높아지고 있음을 시사했습니다. TIA와 AQT가 상위 10위권에 포함된 것은 단기적인 투자 관점을 넘어 투자자들의 관심이 확대되고 있음을 시사합니다.빗썸에서는 STRIKE가 73.72%의 놀라운 상승률을 기록하며 두각을 나타냈고, BONK는 60.53%, CBK는 57.07%로 뒤를 이었습니다. 이는 업비트의 해당 자산에 대한 강세 전망을 반영한 것입니다. FANC(+45.64%), MEV(+43.96%), MOODENG(+37.04%) 등도 강세를 보이며 투기성 및 개인 투자자 중심 토큰에 대한 수요가 증가하고 있음을 시사했습니다. PLUME, FLOKI, ACS 또한 20% 이상의 상승률을 기록하며, 추세 자산 전반에서 개인 투자자 모멘텀이 빠르게 순환하고 있음을 확인시켜 주었습니다. BONK, CBK, STRIKE, BLAST와 같은 토큰들이 거래소에서 중복되는 모습은 한국 트레이더들에게 있어 이들의 현재 지배력을 더욱 강화합니다.
                    



사진=INF크립토랩 / 데이터=업비트, 빗썸

3. 한인 커뮤니티 버즈3-1. 업비트 & 네이버페이, 원화 스테이블코인 발행 협력업비트와 네이버페이가 원화 연동 스테이블코인 출시를 위해 협력할 예정입니다. 이는 한국 디지털 자산 시장에 중요한 전환점을 예고합니다. 두나무에 따르면, 네이버페이가 주도권을 잡고 업비트가 지원을 제공할 예정이며, 세부적인 내용은 규제 체계가 마련되는 대로 확정될 예정입니다. 이번 발표는 네이버페이가 지난 5월 10주년 기념 행사에서 스테이블코인 컨소시엄을 공개한 데 이은 것입니다. 업계 관계자들은 ""두 기업이 힘을 합친다는 건… 정말 대단한 일"" 이라는 반응을 보였습니다.3-2. 업비트 & 빗썸, 가상자산 렌딩 서비스 출시
                    



사진=빗썸

업비트와 빗썸은 7월 4일부터 국내 최초로 비트코인 등 암호화폐를 빌려 공매도할 수 있는 서비스를 출시했습니다. 사용자는 담보를 예치하고 자산을 빌려 가격 하락에 베팅할 수 있습니다. 업비트는 현재 비트코인(BTC)만 지원하지만, 향후 지원 범위를 확대할 계획입니다. 빗썸은 BTC, ETH, XRP, SOL, DOGE, USDT 등 더 다양한 암호화폐를 제공합니다.커뮤니티에서는 ""이건 그냥 화려한 이름의 공매도 아닌가?"" , ""한국이 자금 유입을 위해 암호화폐 파생상품 합법화를 준비하고 있는 건가?""라는 의견이 팽팽하게 맞서고 있습니다.3-3. 주식으로 몰려드는 韓 개미들지난주 한국 증시는 사상 최고치를 경신하며 코스피 지수는 3116.27로 마감하며 거의 4년 만에 최고치를 기록했습니다. 투자자 예탁금은 70조 원을 돌파한 반면, 암호화폐 거래량은 급감했습니다.커뮤니티에서는 ""주가가 하락하기 전에 현금화하고 암호화폐로 돌아갈 때가 왔다!"" , ""주가 수익률이 지금처럼 유지된다면, 암호화폐로 자금을 옮기는 것을 반대하기 어렵다."" 등의 의견이 오갔습니다.*모든 내용은 정보 전달 및 제공을 위해 작성되었으며, 투자 결정의 근거가 되거나 투자를 위한 권고 혹은 조언을 위함이 아닙니다. 본문의 내용은 투자, 법률, 세무 등 어떠한 부분에 대해서도 책임을 지지 않습니다.INF크립토랩(INFCL)은 블록체인과 웹3(Web3) 분야에 특화된 컨설팅 기업으로, 기업의 Web3 진출 전략 수립, 토큰 이코노미 설계, 글로벌 시장 진출 등 의 서비스를 원스톱으로 제공한다. 국내외 주요 증권사, 게임사, 플랫폼사, 글로벌 Web3 기업들에게 전략 수립과 더불어 실행까지 함께하는 서비스를 제공하며 축적된 노하우와 레퍼런스로 디지털 자산 생태계의 지속 가능한 성장을 이끌고 있다.본 리포트는 매체 편집 방향과 무관하며, 모든 책임은 정보 제공자에게 있습니다.",https://www.hankyung.com/article/202507085690O,2025.07.08 17:48
"넷마블, <신의 탑: 새로운 세계> 2주년 기념 업데이트 실시","- 신규 동료 [FUG의 간부] 하유라, [자하드의 공주] 가람 추가

- 바캉스 캠페인 개최... '레볼루션 재화' 획득 가능

- 2주년 기념해 논스톱 SSR+ 한계돌파 소환 이벤트 진행","넷마블(대표 김병규)은 수집형 애니메이션 RPG <신의 탑: 새로운 세계>(개발사 넷마블엔투)의 출시 2주년을 기념해 대규모 업데이트를 실시했다고 16일 밝혔다. 이번 2주년 기념 업데이트에서는 신규 동료 ‘[FUG의 간부] 하유라’, ‘[자하드의 공주] 가람’이 등장하며, 여름맞이 바캉스 캠페인도 함께 진행된다. SSR+ 등급의 ‘[FUG의 간부] 하유라’는 원작에서 어머니를 잃고 복수를 위해 FUG에 들어간 인물로, 게임에서는 아군 전체의 생존을 책임지는 버프형 서포터로 설계됐다. XSR+ 등급의 ‘[자하드의 공주] 가람’은 쌍둥이 언니를 죽인 ‘미친 공주’라는 오명을 안고도 가문을 위해 묵묵히 살아가는 캐릭터로, 독보적인 존재감을 선보인다. 오는 7월 30일까지 진행되는 바캉스 캠페인 ‘그 여름날의 바캉스’는 특별한 스토리와 함께 다양한 미션, 교환소 콘텐츠를 통해 ‘레볼루션 재화’ 등 풍성한 보상을 제공한다. 넷마블은 2주년을 맞아 최고 인기 이벤트 중 하나인 ‘논스톱 SSR+ 한계돌파 소환’ 이벤트를 오는 8월 13일까지 진행한다. 해당 이벤트는 SSR+ 등급 동료를 획득할 수 있는 기회로, 주년 시즌에만 만나볼 수 있다. 이외에도 넷마블은 ▲2주년 기념 배경 ▲레볼루션 초기화 티켓 ▲[가주] 트로이메라이 의상(인기 투표 1위 동료의 특별 의상) ▲2주년 OX 퀴즈 등 다양한 보상과 이벤트를 마련했다. <신의 탑: 새로운 세계>는 글로벌 조회수 53억회를 돌파한 네이버웹툰의 인기작 '신의 탑'을 기반으로 한 수집형 애니메이션 RPG로, 원작을 높은 퀄리티의 그래픽과 함께 애니메이션처럼 즐길 수 있다. 게임에 대한 자세한 정보는 공식 사이트(https://towerofgod.netmarble.com) 또는 공식 카페(https://cafe.naver.com/tognewworld), 공식 포럼(https://forum.netmarble.com/towerofgod_ko)에서 확인할 수 있다.",https://www.hankyung.com/article/202507161862P,2025.07.16 13:02
"주식 매도 없이 신용이자 연 1,500만 원 줄이는 비법",,"전송종목 : 가온전선, 삼일제약, 동아쏘시오홀딩스, 한국주철관, JW중외제약최근 주식 투자자들 사이에서 주식대출(미수/신용융자 등)의 고금리에 대한 부담이 커지고 있다.특히 저금리를 적용 받고 싶어도, 기존 대출을 상환하고 다시 주식을 매수해야 하는 번거로운 절차와 자금 조달의 어려움이 발목을 잡고 있다.이런 현실적인 문제를 해결하고자, 무빙스탁이 ‘증권사 신용, 대환자금대출’ 서비스를 전격 출시했다.이 상품은 주식을 매도하지 않고도, 기존의 고금리의 주식대출(미수/신용융자 등)의 3%대의 혁신적인 저금리 증권사로 전환할 수 있도록 상환자금을 제공하는 것이 핵심이다.무빙스탁 관계자는 “현재 증권사 이벤트 금리는 연 3%대 수준으로, 기존 9~10%대 고금리를 적용받는 투자자라면 절감 효과가 상당하다”며, 금리를 5%만 낮추면 “1억원 신용대출 기준으로 연간 약 500만원, 3억원이라면 1,500만원까지도 절약할 수 있다”고 밝혔다.더 놀라운 점은, 현재는 이벤트 기간으로 대환자금대출 신청시 발생하는 이자 비용까지 ‘0원’이라는 사실이다. 대환자금에 대해서 하루의 대출이자도 부담하지 않고 기존 고금리 대출을 저금리로 전환할 수 있어, 고금리 부담에 시달리던 투자자들에게 큰 호응을 얻을 전망이다.이 서비스는 부동산 시장에서 흔히 이용되던 대환대출 개념을 증권시장에 도입한 혁신적인 시도로, 주식 투자자들의 자금 운용에 새로운 대안을 제시할 것으로 기대된다.무빙스탁 ‘증권사 신용, 대환자금대출’의 비용 무료 이벤트는 이벤트 기간 동안 한정적으로 제공되는 만큼, 신용융자를 이용 중인 투자자라면 지금 바로 확인해볼 필요가 있다.★ 장마감 시간이 가까워질수록 문의가 많아 상담이 지연될 수 있습니다.★ 7월 문의하신 고객들이 많이 보유하신 종목으로는 삼성전자, POSCO홀딩스, 셀트리온, 포스코퓨처엠, 에코프로비엠, NAVER, 에코프로, 삼성SDI, LG화학, SK하이닉스, 두산에너빌리티, 카카오, SK이노베이션, LG에너지솔루션, 엘앤에프, 삼천당제약, 현대차, 알테오젠, HPSP, LG전자 등이 있습니다.★ 안내사항과도한 빚은 당신에게 큰 불행을 안겨줄 수 있습니다. 대출 시 신용등급 하락으로 다른 금융거래가 제약받을 수 있습니다. 중개수수료를 요구하거나 받는 것은 불법입니다.상호명: ㈜단비대부 2021-서울영등포-2102(대부업) | TEL: 1544-4886 | 대출금리: 연 20%이내(연체금리는 약정금리+3%p이내, 최대 연 20%이내) | 단, 2021. 7. 7.부터 신규체결, 갱신, 연장되는 계약에 한함 | 채무의 조기상환 조건 및 부대비용 없음. (단, 신용조회비용 및 담보권설정비용 있음), 이자 외 별도로 중개수수료를 요구하거나 수취하는 것은 불법입니다. | 대표이사: 박동원 | 사업자등록번호: 274-86-00231 | 등록기관명칭: 서울 영등포구청(담당부서: 일자리경제과, 02-2670-3420) | 소재지 : 서울 영등포구 여의대방로67길 11, 5층 517호 | 개인정보관리자메일: help@danbifund.co.kr무료상담",https://www.hankyung.com/article/202507248243a,2025.07.24 13:08
코인 티커=브랜드?…치열해진 가상자산 상표권 전쟁 [Web 3.0 리포트],"원화 스테이블코인 상표권 800건 육박
코인 티커, 실질적인 '브랜드'로 역할

중복 티커로 인한 상표권 분쟁도 발생
원화 스테이블코인 시대 앞두고
거래소 정책 및 규제 명확화 시급","사진=셔터스톡

                최근 국내 가상자산(암호화폐) 업계에서는 '코인 티커(Coin Ticker)' 경쟁이 뜨겁습니다. 원화(KRW) 스테이블코인이 차세대 금융 인프라로 급부상하면서, 시장 선점을 위한 기업들의 가상자산 티커 상표권 출원이 잇따르고 있습니다.오늘은 국내 기업들이 열을 올리고 있는 '가상자산 티커 상표권'의 중요성과 이를 둘러싼 법정 공방 사례 등에 대해 자세히 살펴보겠습니다. '코인 티커'가 중요한 이유'코인 티커'는 가상자산의 이름을 줄여서 표현한 영문 약어로, 공개 거래소에서 자산을 빠르고 고유하게 식별하는 역할을 합니다. 비트코인의 'BTC', 이더리움의 'ETH', 테더의 'USDT'처럼 사실상 가상자산의 고유 상표, 프로젝트의 정체성을 나타내는 기호로 사용됩니다.즉, 코인 티커는 가상자산 투자자 인지도 형성의 핵심 요소로서 검색 및 차트 SEO(Search Engine Optimization) 측면에서 가장 먼저 노출되는 실질적 상표 가치이자 '브랜드'로서의 역할을 하고 있는 것입니다.국내 주요 금융사, 빅테크 등의 기업들은 가상자산 업계에서 티커가 갖고 있는 '브랜드'로서의 중요성을 인지하고, 원화 스테이블코인 시장 선점을 위한 가상자산 티커 상표권 확보 경쟁에 나서고 있습니다. 15일 특허청 지식재산정보 검색 키프리스(KIPRIS) 데이터에 따르면 대한민국 원화를 의미하는 'KRW'가 포함된 국내 상표권은 총 821종에 달합니다. 국내 주요 금융지주, 은행, 증권사, 카드사들부터 업비트, 빗썸, 코빗 등 원화마켓 거래소와 네이버페이, 카카오페이, 트래블월렛 등 핀테크 기업들까지 KRW와 각자 기업의 이니셜, 슬로건 등을 혼합한 원화 스테이블코인 티커 상표권을 출원했습니다.
                    



국내 주요 기관들의 원화 스테이블코인 티커 상표권 등록 현황 / 출처=특허청 KIPRIS

가상자산 티커=브랜드…상표권 충돌 분쟁 발생 가능가상자산 산업이 빠르게 확장되고 있는 만큼, 티커 중복으로 인한 상표권 충돌 사례도 잇따르고 있습니다.블록체인 산업 특성상 대부분의 네트워크가 탈중앙 기조로 운영되기 때문에 중복 티커 가상자산 발행을 원천 봉쇄할 수는 없지만, 주요 글로벌 가상자산 거래소가 같은 티커를 공유하는 전혀 다른 가상자산의 거래를 지원하게 되면 투자자 혼동, 브랜드 가치 희석 등의 문제가 발생할 수 있습니다.최근 국내 업계에서도 코인 티커 중복으로 인한 법적 분쟁 이슈가 발생했습니다. 웹3 기반 인공지능(AI) 기업 커먼컴퓨터(Common Computer)는 2018년부터 수년간 사용하던 'AIN' 토큰 티커를 해외 신규 프로젝트에 빼앗길 위기에 처했습니다. 지난 5일(현지시간) AI 기반 웹3 개발 플랫폼 '인피니티 그라운드(Infinity Ground)'가 커먼컴퓨터의 AIN과 같은 코인 티커로 시장에 데뷔한 것입니다.신규 프로젝트인 인피니티 그라운드가 글로벌 최대 거래소 바이낸스의 인큐베이션 플랫폼 '바이낸스 알파'를 통해 상장되면서 투자자를 끌어모으자, 일부 거래소들은 커먼컴퓨터의 티커를 AIN에서 AINETWORK로 바꾸는 등 무단 변경하고, 인피니티 그라운드 토큰에 AIN 티커를 부여했습니다.
                    



지난 5일(현지시간) 인피니티 그라운드의 'AIN' 토큰이 바이낸스 알파에 상장됐다. / 사진=바이낸스

                커먼컴퓨터 관계자는 ""AI 네트워크(AIN)는 이미 활발하게 운영되며 명확한 실체를 가지고 있는 프로젝트로, 수년간 성실하게 제품을 개발해 왔다. 법적으로 등록된 상표를 아무렇지도 않게 사용하는 행위와 기존에 등록된 정보를 무단으로 변경한 행위는 상식적으로 납득하기 어려운 이례적인 경우로, 기본적인 책임과 신뢰를 저버린 행위""라고 지적했습니다.커먼컴퓨터는 이러한 분쟁에 대비해 전 세계적으로 'AIN' 상표권을 확보해 왔습니다. 현재 AIN 상표는 한국, 미국, 일본, 중국에서 정식 등록돼 효력을 유지하고 있으며, 유럽연합(EU), 홍콩, 대만 등 10개 국가 및 지역에서 상표 출원이 진행 중입니다.커먼컴퓨터 측은 ""글로벌 주요 시장에서 AIN 상표권을 선제 확보함으로써 법적 분쟁에 대응할 수 있는 근거를 마련한 상태로, 추가적인 법적 조치도 검토하고 있다""고 전했습니다.이전에도 비슷한 사례들이 있었습니다. 가장 대표적으로 지난 2018년 발생한 텔레그램과 란타(Lantah LLC)의 'GRAM' 티커 상표권 분쟁이 있습니다. 텔레그램이 란타를 상대로 'GRAM' 티커에 대한 상표권 침해 소송을 제기했다, 사업을 포기하면서 소송을 자진 취하했습니다. 미국 캘리포니아 지방법원은 텔레그램에게 란타의 법률 비용 62만5000달러를 지급하라고 판결했습니다.같은 해 중국의 전자상거래 대기업 알리바바도 블록체인 결제 플랫폼 알리바바코인(AlibabaCoin)과 상표권 도용 소송을 진행한 바 있습니다. 당시 알리바바는 뉴욕 연방법원에 알리바바코인이 자사 상표권을 무단 도용했다고 주장했습니다.뉴욕 지방법원은 ""알리바바코인재단의 알리바바 상표권 사용으로 인해 소비자 혼동이 초래될 가능성이 높다""라며 상표권 사용 예비 금지명령을 내렸습니다. 이에 알리바바코인 재단은 기존 코인 티커 AlibabaCoin을 'ABBC'로 변경했습니다. KNK 특허법률사무소의 이강욱 대표 변리사는 ""가상자산 업계의 티커 분쟁은 '브랜드 가치'와 직결된다""라며 ""특히 글로벌 시장에서 상표권이 확보돼 있지 않은 경우, 인지도가 더 높은 기업이나 프로젝트가 법적 분쟁에서 우위를 점할 수 있다""고 말했습니다. 이어 ""이번 AIN 사태처럼 신규 프로젝트가 공격적 마케팅을 통해 기존 티커를 무단으로 사용하는 상황이 발생할 수 있으며, 이런 사례에 대비하기 위해서라도 반드시 가상자산 티커에 대한 상표권을 갖춰야 한다""라고 조언했습니다. 거래 플랫폼 정책 및 규제 명확화 시급원화 스테이블코인 시대를 앞두고, 가상자산 티커로 인한 상표권 분쟁을 방지하기 위해서는 투명한 거래 플랫폼 정책과 규제 명확성을 확보해야 한다는 목소리가 나옵니다.일부 플랫폼은 선제적으로 상표권 분쟁 방지 정책을 마련하고 있습니다. 가상자산 정보 플랫폼 코인게코(CoinGecko)는 플랫폼 운영 조항에 상표 침해 기준을 명확히 제시하며, 타인의 상표권을 침해하는 프로젝트, 심볼, 티커에 대해 코인게코 측은 상장 폐지, 이름 변경 등의 조치를 취할 수 있다고 명시했습니다.
                    



코인게코 플랫폼 내 프로젝트, 심볼, 티커 관련 상표권 조항. 상표권 침해 프로젝트에 대한 상장 폐지 및 이름 수정이 가능하다고 명시했다. / 사진=코인게코

                그러나 법적 안정성보다 일시적 유동성을 우선시하는 일부 거래 플랫폼들은 상표권 충돌시 투자자의 주목을 더 받는 프로젝트에 유리한 방향으로 자의적 결정을 내리고 있는 실정입니다.이강욱 변리사는 ""국내 시장에서 발행된 원화 스테이블코인이 글로벌 시장에 진출하는 상황에서도 해외에서 동일 티커가 무단 상장되는 문제가 충분히 발생할 수 있다""라며 ""지금이라도 글로벌 상표권 검색과 전문가 사전 검토를 의무화하고 티커 충돌을 방지하기 위해 최소한의 주요 거래소 간 연동 체계를 마련하는 등 실질적 예방 조치를 도입해야 한다""라고 강조했습니다.이어 ""가상자산 시장이 성숙해질수록 브랜드 가치의 중요성은 더욱 커질 것""이라며 ""지금부터라도 체계적인 티커, 상표권 보호 시스템을 갖추지 않는다면, 더 큰 규모의 분쟁과 투자자 혼란이 불가피해질 수 있다. 원화 스테이블코인 시장이 본격화되며 KRW 관련 티커 경쟁이 치열해지는 현 시점에서는 선제적 대응이 무엇보다 중요하다""라고 덧붙였습니다.<[Web 3.0 리포트]는 블록체인·가상자산(코인) 투자 정보 플랫폼(앱) '블루밍비트'에서 주기적으로 받아보실 수 있습니다># 인터넷은 90년대 대중 보급 이후 30여 년간 쉬지 않고 진화했습니다. 제한적 정보에 일방적 접근만이 가능했던 웹 1.0(Web 1.0), 대중이 직접 정보를 제작하고 공유하는 플랫폼 중심 웹 2.0(Web 2.0) 시대를 지나 현재 우리는 블록체인 기술 기반 탈중앙화 프로토콜을 활용해 대중 모두가 운영 주체로 거듭날 수 있게 된 웹 3.0(Web 3.0) 시대를 살아가고 있습니다.'Web 3.0 리포트'는 블록체인 시장과 웹 3.0 전환에 대한 정확하고 심도 있는 정보를 독자분들께 전달하고자 합니다.이영민 블루밍비트 기자 20min@bloomingbit.io",https://www.hankyung.com/article/202507146819g,2025.07.15 17:49
고금리 OUT! 증권사 신용대출 3%대로 전환하는 방법,,"전송종목 : SK바이오사이언스, 현대오토에버, 우리금융지주, 카카오뱅크, SK바이오팜최근 주식 투자자들 사이에서 주식대출(미수/신용융자 등)의 고금리에 대한 부담이 커지고 있다.특히 저금리를 적용 받고 싶어도, 기존 대출을 상환하고 다시 주식을 매수해야 하는 번거로운 절차와 자금 조달의 어려움이 발목을 잡고 있다.이런 현실적인 문제를 해결하고자, 무빙스탁이 ‘증권사 신용, 대환자금대출’ 서비스를 전격 출시했다.이 상품은 주식을 매도하지 않고도, 기존의 고금리의 주식대출(미수/신용융자 등)의 3%대의 혁신적인 저금리 증권사로 전환할 수 있도록 상환자금을 제공하는 것이 핵심이다.무빙스탁 관계자는 “현재 증권사 이벤트 금리는 연 3%대 수준으로, 기존 9~10%대 고금리를 적용받는 투자자라면 절감 효과가 상당하다”며, 금리를 5%만 낮추면 “1억원 신용대출 기준으로 연간 약 500만원, 3억원이라면 1,500만원까지도 절약할 수 있다”고 밝혔다.더 놀라운 점은, 현재는 이벤트 기간으로 대환자금대출 신청시 발생하는 이자 비용까지 ‘0원’이라는 사실이다. 대환자금에 대해서 하루의 대출이자도 부담하지 않고 기존 고금리 대출을 저금리로 전환할 수 있어, 고금리 부담에 시달리던 투자자들에게 큰 호응을 얻을 전망이다.이 서비스는 부동산 시장에서 흔히 이용되던 대환대출 개념을 증권시장에 도입한 혁신적인 시도로, 주식 투자자들의 자금 운용에 새로운 대안을 제시할 것으로 기대된다.무빙스탁 ‘증권사 신용, 대환자금대출’의 비용 무료 이벤트는 이벤트 기간 동안 한정적으로 제공되는 만큼, 신용융자를 이용 중인 투자자라면 지금 바로 확인해볼 필요가 있다.★ 장마감 시간이 가까워질수록 문의가 많아 상담이 지연될 수 있습니다.★ 7월 문의하신 고객들이 많이 보유하신 종목으로는 삼성전자, POSCO홀딩스, 셀트리온, 포스코퓨처엠, 에코프로비엠, NAVER, 에코프로, 삼성SDI, LG화학, SK하이닉스, 두산에너빌리티, 카카오, SK이노베이션, LG에너지솔루션, 엘앤에프, 삼천당제약, 현대차, 알테오젠, HPSP, LG전자 등이 있습니다.★ 안내사항과도한 빚은 당신에게 큰 불행을 안겨줄 수 있습니다. 대출 시 신용등급 하락으로 다른 금융거래가 제약받을 수 있습니다. 중개수수료를 요구하거나 받는 것은 불법입니다.상호명: ㈜단비대부 2021-서울영등포-2102(대부업) | TEL: 1544-4886 | 대출금리: 연 20%이내(연체금리는 약정금리+3%p이내, 최대 연 20%이내) | 단, 2021. 7. 7.부터 신규체결, 갱신, 연장되는 계약에 한함 | 채무의 조기상환 조건 및 부대비용 없음. (단, 신용조회비용 및 담보권설정비용 있음), 이자 외 별도로 중개수수료를 요구하거나 수취하는 것은 불법입니다. | 대표이사: 박동원 | 사업자등록번호: 274-86-00231 | 등록기관명칭: 서울 영등포구청(담당부서: 일자리경제과, 02-2670-3420) | 소재지 : 서울 영등포구 여의대방로67길 11, 5층 517호 | 개인정보관리자메일: help@danbifund.co.kr무료상담",https://www.hankyung.com/article/202507248234a,2025.07.24 08:53
"유엔도 진심인 IT 토크노믹스…""스테이블코인 선점하라""","미 상원 스테이블코인 규제 법안 통과
우리 국회도 발행 허용 법안 발의
블록체인 투자사 출신 대통령 참모로

유엔개발계획, SK와 도입 방안 논의
국내 플랫폼 개발사 이아이옵
런던증권거래소·파라과이와 협력
과기정통부, 내일 블록체인 회의","이창용 한국은행 총재(왼쪽 두 번째부터)가 지난 1일 ‘변화에 대한 적응: 거시경제 변동 및 정책 대응’을 주제로 포르투갈에서 열린 각국 중앙은행장 토론회에서 제롬 파월 미국 Fed 의장(세 번째), 크리스틴 라가르드 ECB 총재(네 번째) 등과 스테이블코인 규제 방안에 관해 논의하고 있다. /ECB 제공

                부산 해운대 대로변 목이 좋은 곳에서 대형 커피숍을 운영하는 A씨. 오전 8시부터 오후 10시까지 영업하는 A씨는 ‘비영업 시간대 놀리는 가게 외벽 유리창을 활용해 디지털사이니지 광고를 하면 어떨까’란 생각을 떠올렸다. 새벽 시간대별로 삼성의 최신 휴대폰 갤럭시S25나 현대자동차 신형 스포츠유틸리티차량(SUV) 팰리세이드를 노출시키는 식이다. 광고 영상 송출은 블록체인이 담당하고, 광고 수익은 토큰으로 지급받는다.실물자산토큰(RWA)으로 본 토큰 경제, 토크노믹스의 예시다. 네이버 카카오 두나무 등 주요 정보기술(IT) 기업의 최근 화두인 스테이블코인도 토큰의 일종이다. 미국 상원은 지난달 달러에 연동하는 스테이블코인에 대한 규제 법안인 지니어스법을 통과시켰다. 한국 국회에도 원화 스테이블코인 발행 허용 등을 담은 디지털자산기본법이 발의됐다. 스테이블코인 활성화는 이재명 대통령의 공약이기도 하다. 블록체인 투자사인 해시드오픈리서치 김용범 전 대표를 초대 대통령실 정책실장에 임명하며 이런 의지를 분명히 했다. 각국 중앙은행들도 분주해졌다. 이창용 한국은행 총재는 지난 1일 포르투갈에서 제롬 파월 미국 중앙은행(Fed) 의장, 크리스틴 라가르드 유럽중앙은행(ECB) 총재 등과 만나 스테이블코인 관련 대응 방안을 논의했다.◇스테이블코인 선도업체 미 증시 상장





                대표적인 달러 연동 스테이블코인인 테더(USDT)의 연평균 시가총액은 2015년 약 45만달러에서 2020년 73억달러로 급증했다. 2025년 6월 30일 기준으론 약 1600억달러에 육박했다. 스테이블코인 USDC 발행사 서클은 지난달 업계 최초로 미 뉴욕거래소에 상장했다. 스테이블코인은 크게 세 종류로 나뉜다. △테더나 서클같이 달러 가치에 연동 △비트코인 등 암호화폐에 연동 △수학적 알고리즘 기반 자체 가치 창출이다.
                    




                수년 전부터 국제기구들이 선도적으로 스테이블코인을 도입하고 있다. 유엔 세계식량계획(WFP)은 2020년 9월 스테이블코인을 활용하는 인도주의적 지원 프로그램 ‘빌딩블록’ 시스템을 구축했다. 이듬해 1월 시리아 난민캠프에서 빌딩블록 사업을 처음 시작했고 같은 해 6월엔 우크라이나전쟁으로 발생한 난민에게 긴급 구호물자 명목으로 스테이블코인을 지급했다. WFP는 2022년 기준 15개국 100만여 명에게 스테이블코인을 줬다.유엔개발계획(UNDP)도 적극적이다. 마르코스 아티아스 네토 UNDP 사무차장은 2019년부터 SK그룹과 스테이블코인 도입 방안을 논의한 것으로 알려졌다. 국내 최초의 블록체인 기반 스테이블코인 플랫폼 개발사 이아이옵(EIOB)의 진성한 대표가 당시 이 실무를 총괄했다. 진 대표는 SK텔레콤에서 25년 넘게 재직하며 ESG(환경·사회·지배구조) 경영과 연구개발(R&D)을 이끌었다. 에스토니아 등 일부 국가와 SK텔레콤, 다양한 비정부기구(NGO)와 SK텔레콤 간 협력 관계도 새로 구축했다. 그는 네이버 삼성 LG전자 KT 현대차 등이 참여해 만든 인공지능 연구소 ‘AIRI’ 설립도 주도했다. 진 대표는 ‘페이팔 마피아’의 일원이자 전문 투자자인 척 응 유레카테라퓨틱스 창업자를 이아이옵 글로벌 최고전략책임자(CSO)로 영입했다.◇토크노믹스에 ‘진심’인 유엔이아이옵이 자랑하는 기술은 거래 속도와 안전성이다. 권위증명(PoA) 기반 시스템으로 자체 메인넷을 구축해 0.303초당 블록 1개를 생성할 수 있게 했다. 이더리움(12~15초) 대비 약 40배 빠르고, 초고속 블록체인 플랫폼인 솔라나(0.3~0.4초)와 비슷한 수준이다. 최적화된 블록 엔진과 경량화된 합의 메커니즘을 통해 노드 간 병렬 처리 속도를 최대한 끌어올렸다는 설명이다. 블록 생성 속도(거래 처리 시간)가 빠르면 빠를수록 사물인터넷(IoT) 센서 데이터와 연계가 용이하다. 예를 들면 탄소배출권 거래제를 활용하려는 기업들이 공장 곳곳에 센서를 설치하고, 이 플랫폼을 통해 수익을 창출할 수 있다는 뜻이다. 중앙은행 발행 디지털화폐(CBDC)와 연계할 때도 유리한 편이다.이아이옵과 블록체인 지갑 스타트업 아이오트러스트는 최근 런던증권거래소와 함께 파라과이 내 수조원에 달하는 협동조합 자금을 스테이블코인화하는 방안을 논의하고 있다. 이아이옵은 오는 8월 UNDP가 온라인으로 여는 지속가능한 개발 목표(SDG) 블록체인 해커톤에 참여한다. UNDP 사업에 부합하는 스테이블코인 플랫폼 구조 설계, RWA 토큰화 설계 등 실력을 겨룬다. 진 대표는 “원화 가치에 연동된 스테이블코인을 발행하면 국채 수요 확대 등 ‘바이 코리아’ 저변과 원화 유동성을 현재보다 확대할 수 있다”며 “지속 가능한 토크노믹스를 실현할 것”이라고 말했다.과학기술정보통신부는 9일 서울 용산 드래곤시티에서 블록체인 수요-공급자 협의체 에이블 2025년도 1차 정례회의를 연다. 과학기술정보통신부 관계자는 “미국 도널드 트럼프 2기 정부 출범 후 스테이블코인이 활성화되고 있고, 유럽연합(EU)이 디지털자산 최초 포괄규제인 MICA(가상자산시장법안)를 시행하는 등 글로벌 환경이 변하고 있다”며 “국내 블록체인 산업 경쟁력 강화 방안을 논의하는 자리”라고 말했다.이해성 기자 ihs@hankyung.com",https://www.hankyung.com/article/2025070717001,2025.07.07 16:02
"이자 부담은 최소로, 투자 효율은 최대로! 신용대출 3%대 활용법",,"전송종목 : 에스디바이오센서, 메리츠금융지주, BNK금융지주, iM금융지주, 이마트최근 주식 투자자들 사이에서 주식대출(미수/신용융자 등)의 고금리에 대한 부담이 커지고 있다.특히 저금리를 적용 받고 싶어도, 기존 대출을 상환하고 다시 주식을 매수해야 하는 번거로운 절차와 자금 조달의 어려움이 발목을 잡고 있다.이런 현실적인 문제를 해결하고자, 무빙스탁이 ‘증권사 신용, 대환자금대출’ 서비스를 전격 출시했다.이 상품은 주식을 매도하지 않고도, 기존의 고금리의 주식대출(미수/신용융자 등)의 3%대의 혁신적인 저금리 증권사로 전환할 수 있도록 상환자금을 제공하는 것이 핵심이다.무빙스탁 관계자는 “현재 증권사 이벤트 금리는 연 3%대 수준으로, 기존 9~10%대 고금리를 적용받는 투자자라면 절감 효과가 상당하다”며, 금리를 5%만 낮추면 “1억원 신용대출 기준으로 연간 약 500만원, 3억원이라면 1,500만원까지도 절약할 수 있다”고 밝혔다.더 놀라운 점은, 현재는 이벤트 기간으로 대환자금대출 신청시 발생하는 이자 비용까지 ‘0원’이라는 사실이다. 대환자금에 대해서 하루의 대출이자도 부담하지 않고 기존 고금리 대출을 저금리로 전환할 수 있어, 고금리 부담에 시달리던 투자자들에게 큰 호응을 얻을 전망이다.이 서비스는 부동산 시장에서 흔히 이용되던 대환대출 개념을 증권시장에 도입한 혁신적인 시도로, 주식 투자자들의 자금 운용에 새로운 대안을 제시할 것으로 기대된다.무빙스탁 ‘증권사 신용, 대환자금대출’의 비용 무료 이벤트는 이벤트 기간 동안 한정적으로 제공되는 만큼, 신용융자를 이용 중인 투자자라면 지금 바로 확인해볼 필요가 있다.★ 장마감 시간이 가까워질수록 문의가 많아 상담이 지연될 수 있습니다.★ 7월 문의하신 고객들이 많이 보유하신 종목으로는 삼성전자, POSCO홀딩스, 셀트리온, 포스코퓨처엠, 에코프로비엠, NAVER, 에코프로, 삼성SDI, LG화학, SK하이닉스, 두산에너빌리티, 카카오, SK이노베이션, LG에너지솔루션, 엘앤에프, 삼천당제약, 현대차, 알테오젠, HPSP, LG전자 등이 있습니다.★ 안내사항과도한 빚은 당신에게 큰 불행을 안겨줄 수 있습니다. 대출 시 신용등급 하락으로 다른 금융거래가 제약받을 수 있습니다. 중개수수료를 요구하거나 받는 것은 불법입니다.상호명: ㈜단비대부 2021-서울영등포-2102(대부업) | TEL: 1544-4886 | 대출금리: 연 20%이내(연체금리는 약정금리+3%p이내, 최대 연 20%이내) | 단, 2021. 7. 7.부터 신규체결, 갱신, 연장되는 계약에 한함 | 채무의 조기상환 조건 및 부대비용 없음. (단, 신용조회비용 및 담보권설정비용 있음), 이자 외 별도로 중개수수료를 요구하거나 수취하는 것은 불법입니다. | 대표이사: 박동원 | 사업자등록번호: 274-86-00231 | 등록기관명칭: 서울 영등포구청(담당부서: 일자리경제과, 02-2670-3420) | 소재지 : 서울 영등포구 여의대방로67길 11, 5층 517호 | 개인정보관리자메일: help@danbifund.co.kr무료상담",https://www.hankyung.com/article/202507083744a,2025.07.08 13:28
DSR 때문에 고민하던 투자자들은 주목! 업계 최초 DSR 무관 스탁론!,,"DSR 한도가 ‘스탁론’에도 적용된 후 투자자들의 고민이 날로 깊어지고 있다. 기존 대출이 많거나 소득 증빙이 어려울 경우 예전처럼 손쉽게 스탁론을 활용하기가 어려워졌기 때문이다. 예전보다 높아진 금리로 스탁론 이용을 부담스럽게 만들고 있다.이런 상황에서 올뉴스탁론이 구원투수로 나섰다. DSR 무관 누구나 이용 가능한 스탁론 상품은 물론 연 4%대 업계 최저금리로 이용 가능한 상품을 함께 선보이며 투자자들의 선택지를 넓힌 것이다.




 

◆ 올뉴스탁론, DSR 무관 상품에 연 4%대 최저금리 상품으로 다양한 선택지를!올뉴스탁론에서 투자자들 누구나 부담 없이 스탁론을 경험할 수 있도록 연 4%대 업계 최저금리로 이용 가능한 증권 연계신용 상품을 출시했다. 주식매입은 물론 증권사 미수/신용 대환 모두 가능하며 신용등급 차등 없이 자기 자본 포함 최대 4배까지 활용할 수 있다.이와 함께 DSR 한도 때문에 기존 스탁론 활용이 어려웠던 투자자들을 위한 DSR 무관 상품도 취급 중이다. 또한 장중 거래가 어려웠던 투자자를 위한 대체거래소(NXT) 거래도 가능해졌다.올뉴스탁론에 대해 자세히 알고 싶은 투자자는 고객상담센터(☎1599-8666)로 연락하면 대출 여부와 무관하게 언제든 전문상담원과 편리하게 상담할 수 있다.○ 보유하고 있는 대출액이나 소득 무관하게! (DSR 무관)○ 최대 4배 주식자금 활용 가능! (본인 자금 포함)○ 대체거래소(NXT) 거래 가능!○ 증권 신용/미수 당일 즉시 대환 가능!○ 기존 증권사 신용, 스탁론으로 매수가 어려웠던 종목도 OK!※ 올뉴스탁론 고객상담센터 : 1599-8666바로가기 : https://allnewstockloan.co.kr?agency=HTS◆ 현 시각 관심종목 Top 10 : 한미반도체, NAVER, 현대로템, 에코프로, 서울보증보험, 피아이이, 피코그램, 프롬바이오, 비케이홀딩스, 부국증권무료상담",https://www.hankyung.com/article/202507159380a,2025.07.16 10:25
"AI 탑재한 '손목 위 주치의'…""파격변신"" 갤럭시 워치8 보니 [영상]","갤럭시 워치8 시리즈 공개
혈관 스트레스 수준도 파악
착용감·디자인 등 모두 개선","삼성전자 갤럭시 워치8·워치8 클래식. 영상=삼성전자 제공

삼성전자가 역대 갤럭시 워치 시리즈 가운데 가장 얇고 착용감이 향상된 갤럭시 워치8·워치8 클래식을 공개했다. 취침 시간 가이드를 제공하고 혈관 스트레스 정도를 측정하는 기능까지 갖춰 건강관리 수준을 한층 더 높였다. 삼성전자는 9일(현지시간) 미국 뉴욕 브루클린 듀갈 그린하우스에서 열린 '갤럭시 언팩 2025'를 통해 갤럭시 워치8과 워치8 클래식 등을 공개했다. 워치8 시리즈는 갤럭시 워치 중 가장 얇은 디자인과 역대급 착용감을 구현했다. 실제로 전작 갤럭시 워치7보다 두께가 11% 얇아졌다. 내부 구조를 새롭게 설계하고 부품 집적도를 30% 개선한 덕분. 워치 밴드의 결합 구조를 개선한 '다이내믹 러그 시스템'으로 손목 움직임에 최적화된 디자인을 갖춰 착용감을 개선했다. 건강지표 측정 정확도도 향상됐다.워치8은 일상적 건강관리에 최적화된 제품이라고 회사 측은 소개했다. 워치8 클래식은 회전 베젤과 퀵 버튼을 적용해 아날로그 워치 감성에 편의성을 더했다. 워치8 시리즈는 쿠션 디자인을 모든 제품군에 적용해 명확한 디자인 아이덴티티를 구축했다는 설명이 뒤따랐다.전작보다 50% 향상된 최대 3000니트 밝기의 디스플레이를 갖춰 밝은 직사광선 아래에서도 시인성이 뛰어나다. 배터리 용량도 커져 장시간 안정적으로 사용할 수 있게 됐다. '이중 주파수 GPS 시스템'은 정확한 위치 추적 기능을 뒷받침한다. 3나노 프로세서로 강력한 성능도 지원한다. 건강지표를 정밀 측정하는 '바이오액티브 센서'는 개인 건강에 관한 종합적 정보를 전달한다.
                    



갤럭시 워치8 44㎜ 그라파이트. 사진=삼성전자 제공

                워치8 시리즈는 수면, 식이, 운동 등 건강 전반에 걸쳐 인사이트를 제시한다. 개인화된 운동경험도 제공한다. '러닝 코치' 기능은 사용자 러닝 수준을 분석해 개인 맞춤형 운동계획을 수립한다. 실시간 코칭도 해준다. '투게더' 기능은 주변 사람들과 경쟁하면서 운동 목표를 달성하도록 유도한다. 스마트워치 최초의 '항산화 지수' 기능도 탑재했다.'취침 시간 가이드' 기능은 사용자의 최근 3일간 수면 패턴을 분석해 최적의 취침시간을 제안하는 것이 핵심이다. 스마트워치 최초로 수면 중 '혈관 스트레스'도 측정한다. 이 기능은 심혈관에 가해진 스트레스 정도를 나타낸다. '스트레스 높음 알림' 기능은 높은 수준의 스트레스가 일정 시간 이상 지속될 경우 사용자에게 휴식을 권고한다. '마음챙김' 기능은 간편하게 호흡운동을 시작하고 기분을 기록하도록 돕는다. AI 기반의 '에너지 점수'는 건강이 일상에 미치는 신체적·정신적 영향을 고려해 종합적으로 컨디션을 관리한다. 
                    



갤럭시 워치8 클래식 46㎜ 블랙. 사진=삼성전자 제공

                삼성전자는 구글과의 협업을 통해 워치8 시리즈에 최초로 웨어 SO 6와 인공지능(AI) 제미나이를 탑재했다. 사용자는 일상에서 대화하는 것처럼 음성으로 명령해 워치8 시리즈의 여러 기능을 활용할 수 있다. 예컨대 ""300칼로리 서킷 트레이닝 운동 시작해줘""라고 말하면 '삼성 헬스'에서 운동 기능을 실행하는 식이다. 원 UI 8 워치를 적용해 작은 화면에서도 필요한 정보를 한 눈에 볼 수 있도록 인터페이스도 개편했다. 최소한의 조작만으로 삼성 헬스, 날씨, 일정 등 핵심 정보를 확인할 수 있는 것이다. 홈 화면에서 사용할 수 있는 '나우 바'에선 현재 실행 중인 기능을 곧바로 확인할 수 있다. 워치8 시리즈는 이달 25일을 기점으로 전 세계에서 순차 출시된다. 국내에선 오는 10일 자정 삼성닷컴·네이버·쿠팡·11번가·지마켓 등 온라인 오픈마켓을 통해 사전 판매가 시작된다. 삼성스토어·롯데하이마트·이동통신3사(SK텔레콤·KT·LG유플러스) 등 오프라인 매장에서도 사전 판매된다. 사전 판매 기간은 이달 21일까지다. 판매가는 모델별로 41만~59만원대다.
                    



갤럭시 워치 울트라 티타늄 블루. 사진=삼성전자 제공

                갤럭시 워치 울트라의 신규 컬러 '티타늄 블루' 모델도 새롭게 공개했다. 아웃도어 활동에 최적화된 제품으로 갤럭시 워치 중 가장 강력한 내구성과 최장 배터리 사용시간을 갖췄다.노태문 삼성전자 디바이스경험(DX)부문장 직무대행(사장)은 ""이번 갤럭시 워치8 시리즈는 삼성전자의 하드웨어 혁신을 바탕으로 부품부터 외관까지 디자인을 전면 재설계해 웨어러블의 새로운 기준을 제시했다""며 ""삼성만의 독자 기술로 사용자에게 더욱 정교한 정보를 제공해 올바른 습관을 가지도록 지원할 것""이라고 말했다. 김대영 한경닷컴 기자 kdy@hankyung.com",https://www.hankyung.com/article/202507098018g,2025.07.09 23:00
식당 넘어 '컬리'로…식자재업체 영토 확장,"B2B 식품업체, B2C 공략

CJ프레시웨이, 네이버·컬리서
냉동 블루베리 등 소포장 판매

동원홈푸드, 소스 시장 공략
삼양사는 홈 베이커리 진출
""B2B·B2C 유통 경계 무너져""","식자재 유통을 전문으로 하는 B2B(기업 간 거래) 업체들이 B2C(기업과 소비자 간 거래) 시장에 진출해 두각을 나타내고 있다. 고물가 시대에 식자재 유통 노하우를 기반으로 높은 품질과 가격 경쟁력을 갖춘 제품을 앞세워 시장을 확대하고 있다는 분석이다.
                    






이미지 크게보기



 ◇e커머스에서 판매 나서8일 CJ프레시웨이에 따르면 이 회사가 올해 1~5월 네이버 스토어, 컬리 등 e커머스 채널에서 올린 매출은 전년 동기 대비 63% 급증했다. 특히 CJ프레시웨이의 냉동 과일 PB(자체브랜드) 제품이 인기다. 네이버 스마트스토어 구매자 가운데 75%가 신규 고객일 정도로 수요가 가파르게 늘고 있다. CJ프레시웨이 관계자는 “급속 냉동 기술이 좋아져 냉동 과일을 잘 해동하면 생과일 못지않은 식감이 난다”며 “냉동 과일을 구매해 홈메이드 요구르트 아이스크림을 해 먹는 사람이 증가하고 있다”고 말했다.식자재 업체들은 고물가 시대 가성비 제품을 찾는 수요를 파고들었다. B2B 전용 상품을 B2C 제품으로 리패키징했다. B2B 제품은 마케팅 비용 등을 쓰지 않기 때문에 같은 상품이더라도 B2C 제품 대비 가격이 매력적이다. CJ프레시웨이의 ‘이츠웰 냉동 블루베리’가 대표적 사례다. 지난해 판매된 이츠웰 냉동 블루베리 1350t 중 53%가 B2C 채널에서 소비됐다. 수요를 확인한 CJ프레시웨이는 지난 4월 냉동 망고 2종을 추가로 출시했다.B2B 업체들은 식자재 유통 노하우를 기반으로 해외 유통망 등을 통해 고품질 제품을 낮은 가격에 확보한다. 예컨대 ‘이츠웰 냉동 애플망고’는 페루와 베트남에서 수입하는데 농장 옆 공장에서 충분히 후숙한 뒤 동결한다. 후숙이 덜 된 상태에서 수확해 유통 과정에서 후숙하는 과일보다 품질 관리 측면에서 유리하다. CJ프레시웨이의 냉동 과일 유통량은 2022년 258t에서 2023년 574t, 지난해 1111t으로 급증했다. ◇품질·가성비 내세워 시장 파고들어이랜드팜앤푸드, 동원홈푸드도 B2C 시장을 개척해 성과를 내고 있다. 이랜드팜앤푸드는 직수입 냉동 과일을 자사 마트인 킴스클럽과 e커머스에서 판매하고 있다. 지난해 이랜드팜앤푸드의 냉동 과일 상품 매출은 전년 대비 109% 늘었다.주로 급식업체에 소스를 공급하던 동원홈푸드도 소스 전문 브랜드 ‘비비드 키친’을 만들어 B2C 소스 시장에 뛰어들었다. CJ제일제당, 청정원, 오뚜기 등이 꽉 잡고 있는 소스 시장에 도전장을 냈다. 비비드 키친의 지난해 매출은 148억원으로 전년 대비 2.6배 확대됐다.삼양사는 홈 베이커리 시장에 진출했다. 자체 기술로 개발한 크루아상 생지 제품을 내놨다. 집에서 오븐, 에어프라이어 등으로 빵을 구워 먹는 트렌드를 겨냥했다. 삼양사는 최근 이 제품 판매가 호조를 보이자 생산라인을 증설할 예정이다. 대표적 B2B 면 납품 기업인 면사랑도 냉메밀소바 등 가정용 냉동 간편식을 출시했다.식품업계에서는 B2B와 B2C 시장의 경계가 점차 무너질 것이란 전망도 나온다. 업계 관계자는 “성장 한계에 다다른 식자재 업체들이 가성비를 추구하는 소비자를 겨냥해 제품을 개발, 출시하고 있다”며 “B2B와 B2C 시장의 경계가 무너지는 하이브리드 유통 시대가 오고 있다”고 분석했다.이소이/고윤상 기자 claire@hankyung.com",https://www.hankyung.com/article/2025070857051,2025.07.08 17:45
"""AI 광고, 직접 써보세요"" 네이버, 판매자에 무료 체험 기회 연다",,"사진=네이버 사이트 갈무리

                네이버가 자사의 쇼핑몰 판매자들을 대상으로 인공지능(AI) 기반 광고 자동화 솔루션 체험 기회를 전면 확대한다. AI 광고 도입에 소극적이었던 판매자들이 직접 활용 경험을 쌓을 수 있도록 도와 심리적 장벽을 낮추겠다는 전략이다.네이버는 판매자 지원 프로그램인 ‘성장 마일리지’ 제도를 최근 시작했다고 4일 밝혔다. 스마트스토어 판매자에게 일정 금액의 마일리지를 제공하고, 이를 자사 AI 광고 솔루션인 ‘ADVoost 쇼핑’ 이용에 쓸 수 있도록 한 것이 핵심이다. ADVoost 쇼핑은 네이버 쇼핑 내 상품 정보를 기반으로 AI가 실시간으로 광고 성과를 분석하고 자동으로 최적화해주는 자동화 광고 도구다.마일리지는 광고비로만 쓰는 데 그치지 않는다. 판매자는 이 포인트를 전환해 리뷰 적립금이나 재구매 혜택 등 마케팅 활동 전반에도 활용할 수 있다. 단순한 기술 체험을 넘어 실제 비즈니스 운영에 AI를 녹여낼 수 있도록 유도하는 구조다.8월부터는 ‘성장 마일리지’ 참여자 중 일부를 대상으로 무료 체험 프로그램 ‘AI RIDE’도 도입할 계획이다. AI 광고에 익숙하지 않은 판매자들을 위해 가이드를 제공하고, 추가 광고지원금도 함께 제공한다. 네이버는 이를 통해 AI 광고 효과를 직접 경험한 판매자들을 중심으로 솔루션 확산을 기대하고 있다.네이버는 캠페인을 계기로 AI 기반 광고 생태계를 본격 확대하겠다는 설명이다. 한재영 네이버 광고 사업 리더는 “복잡해진 디지털 광고 환경에서 판매자들이 직접 AI 광고 효율을 경험할 기회가 될 것”이라며 “광고주들이 AI 기반 전략을 손쉽게 실험할 수 있도록 지속 지원하겠다”고 말했다. 안정훈 기자 ajh6321@hankyung.com",https://www.hankyung.com/article/202507048702i,2025.07.04 14:24
"국내외 OTT부터 웹툰까지…SKT, 구독 서비스 확장 속도","15일 T우주 티빙 상품 추가
주요 OTT 총 6종 구독 제휴
네이버웹툰 결합 상품도 출시","SK텔레콤이 티빙 구독 상품을 오는 15일 출시한다. 사진=SK텔레콤 

                SK텔레콤이 티빙 구독 서비스를 공식 출시한다. SK텔레콤을 통해 티빙을 구독하면 기존보다 1000원 저렴하게 이용할 수 있다.SK텔레콤은 9일 티빙 구독 서비스를 공식 출시한다고 밝혔다. 출시일은 오는 15일. 이에 따라 SK텔레콤은 국내외 주요 온라인동영상서비스(OTT)를 모두 아우르는 구독 상품 라인업을 완성했다.이번에 선보이는 T 우주 티빙 구독 서비스는 광고형 스탠다드(4500원), 스탠다드(1만2500원), 프리미엄(1만6000원) 등 세 가지 단품으로 구성된다. 이들 상품은 기존 티빙 상품보다 각각 1000원씩 저렴한 가격에 이용할 수 있다.단품 외에 쇼핑, 편의점 등 다양한 생활 혜택이 결합된 'T 우주패스' 형태로도 티빙 서비스를 이용할 수 있다.SK텔레콤은 오는 15일에 티빙 전용 요금제도 출시한다. 5GX 프라임플러스(티빙) 요금제(9만9000원)에는 티빙 '광고형 스탠다드' 상품이, 5GX 프리미엄(티빙) 요금제(10만9000원)에는 '스탠다드' 상품이, 5GX 플래티넘(티빙) 요금제(12만5000원)에는 '프리미엄' 상품이 T 우주패스 옵션 형태로 각각 제공된다.상품 출시를 기념하는 프로모션도 진행한다. SK텔레콤은 T 우주 티빙 단품을 결제하면 다음 2개월 동안 추가로 무료 제공(1+2)하는 특별 이벤트를 마련했다. 프로모션 기간은 오는 15일부터 다음 달 31일까지다.티빙과 네이버웹툰을 결합한 신규 상품도 함께 출시할 예정이다. 티빙 광고형 스탠다드 상품과 네이버웹툰 쿠키 30개(3000원 상당)가 결합된 '티빙&네이버웹툰' 상품을 6500원에 출시한다.SK텔레콤은 이번 제휴로 국내외 주요 OTT 서비스를 모두 아우르는 포트폴리오를 완성했다. 유튜브 프리미엄, 넷플릭스, 디즈니플러스, 웨이브, 스포티비 나우에 이어 티빙까지 T 우주에 입점했다. T 우주를 통해 티빙의 KBO 프로야구 중계를 비롯해 '유퀴즈', '지구오락실', '미지의 서울' 등 다양한 예능과 드라마를 즐길 수 있다.나서영 SK텔레콤 구독상품본부장은 ""T우주 내 다양한 혜택을 결합해 티빙을 더욱 실속 있게 즐길 수 있기를 바란다""고 말했다.티빙 관계자는 ""앞으로도 이용자 중심의 전략적 협업을 확대해 티빙만의 차별화된 콘텐츠 경험을 더 넓은 고객층에 제공할 것""이라고 설명했다.박수빈 한경닷컴 기자 waterbean@hankyung.com",https://www.hankyung.com/article/202507096758g,2025.07.09 10:56
고금리 OUT! 증권사 신용대출 3%대로 전환하는 방법,,"전송종목 : DB, 경동인베스트, 모나리자, 모베이스전자, 하이록코리아최근 주식 투자자들 사이에서 주식대출(미수/신용융자 등)의 고금리에 대한 부담이 커지고 있다.특히 저금리를 적용 받고 싶어도, 기존 대출을 상환하고 다시 주식을 매수해야 하는 번거로운 절차와 자금 조달의 어려움이 발목을 잡고 있다.이런 현실적인 문제를 해결하고자, 무빙스탁이 ‘증권사 신용, 대환자금대출’ 서비스를 전격 출시했다.이 상품은 주식을 매도하지 않고도, 기존의 고금리의 주식대출(미수/신용융자 등)의 3%대의 혁신적인 저금리 증권사로 전환할 수 있도록 상환자금을 제공하는 것이 핵심이다.무빙스탁 관계자는 “현재 증권사 이벤트 금리는 연 3%대 수준으로, 기존 9~10%대 고금리를 적용받는 투자자라면 절감 효과가 상당하다”며, 금리를 5%만 낮추면 “1억원 신용대출 기준으로 연간 약 500만원, 3억원이라면 1,500만원까지도 절약할 수 있다”고 밝혔다.더 놀라운 점은, 현재는 이벤트 기간으로 대환자금대출 신청시 발생하는 이자 비용까지 ‘0원’이라는 사실이다. 대환자금에 대해서 하루의 대출이자도 부담하지 않고 기존 고금리 대출을 저금리로 전환할 수 있어, 고금리 부담에 시달리던 투자자들에게 큰 호응을 얻을 전망이다.이 서비스는 부동산 시장에서 흔히 이용되던 대환대출 개념을 증권시장에 도입한 혁신적인 시도로, 주식 투자자들의 자금 운용에 새로운 대안을 제시할 것으로 기대된다.무빙스탁 ‘증권사 신용, 대환자금대출’의 비용 무료 이벤트는 이벤트 기간 동안 한정적으로 제공되는 만큼, 신용융자를 이용 중인 투자자라면 지금 바로 확인해볼 필요가 있다.★ 장마감 시간이 가까워질수록 문의가 많아 상담이 지연될 수 있습니다.★ 7월 문의하신 고객들이 많이 보유하신 종목으로는 삼성전자, POSCO홀딩스, 셀트리온, 포스코퓨처엠, 에코프로비엠, NAVER, 에코프로, 삼성SDI, LG화학, SK하이닉스, 두산에너빌리티, 카카오, SK이노베이션, LG에너지솔루션, 엘앤에프, 삼천당제약, 현대차, 알테오젠, HPSP, LG전자 등이 있습니다.★ 안내사항과도한 빚은 당신에게 큰 불행을 안겨줄 수 있습니다. 대출 시 신용등급 하락으로 다른 금융거래가 제약받을 수 있습니다. 중개수수료를 요구하거나 받는 것은 불법입니다.상호명: ㈜단비대부 2021-서울영등포-2102(대부업) | TEL: 1544-4886 | 대출금리: 연 20%이내(연체금리는 약정금리+3%p이내, 최대 연 20%이내) | 단, 2021. 7. 7.부터 신규체결, 갱신, 연장되는 계약에 한함 | 채무의 조기상환 조건 및 부대비용 없음. (단, 신용조회비용 및 담보권설정비용 있음), 이자 외 별도로 중개수수료를 요구하거나 수취하는 것은 불법입니다. | 대표이사: 박동원 | 사업자등록번호: 274-86-00231 | 등록기관명칭: 서울 영등포구청(담당부서: 일자리경제과, 02-2670-3420) | 소재지 : 서울 영등포구 여의대방로67길 11, 5층 517호 | 개인정보관리자메일: help@danbifund.co.kr무료상담",https://www.hankyung.com/article/202507108875a,2025.07.10 13:08
"주식 매도 없이 신용이자 연 1,500만 원 줄이는 비법",,"전송종목 : 현대홈쇼핑, KNN, 포스코스틸리온, 리노공업, 에스피지최근 주식 투자자들 사이에서 주식대출(미수/신용융자 등)의 고금리에 대한 부담이 커지고 있다.특히 저금리를 적용 받고 싶어도, 기존 대출을 상환하고 다시 주식을 매수해야 하는 번거로운 절차와 자금 조달의 어려움이 발목을 잡고 있다.이런 현실적인 문제를 해결하고자, 무빙스탁이 ‘증권사 신용, 대환자금대출’ 서비스를 전격 출시했다.이 상품은 주식을 매도하지 않고도, 기존의 고금리의 주식대출(미수/신용융자 등)의 3%대의 혁신적인 저금리 증권사로 전환할 수 있도록 상환자금을 제공하는 것이 핵심이다.무빙스탁 관계자는 “현재 증권사 이벤트 금리는 연 3%대 수준으로, 기존 9~10%대 고금리를 적용받는 투자자라면 절감 효과가 상당하다”며, 금리를 5%만 낮추면 “1억원 신용대출 기준으로 연간 약 500만원, 3억원이라면 1,500만원까지도 절약할 수 있다”고 밝혔다.더 놀라운 점은, 현재는 이벤트 기간으로 대환자금대출 신청시 발생하는 이자 비용까지 ‘0원’이라는 사실이다. 대환자금에 대해서 하루의 대출이자도 부담하지 않고 기존 고금리 대출을 저금리로 전환할 수 있어, 고금리 부담에 시달리던 투자자들에게 큰 호응을 얻을 전망이다.이 서비스는 부동산 시장에서 흔히 이용되던 대환대출 개념을 증권시장에 도입한 혁신적인 시도로, 주식 투자자들의 자금 운용에 새로운 대안을 제시할 것으로 기대된다.무빙스탁 ‘증권사 신용, 대환자금대출’의 비용 무료 이벤트는 이벤트 기간 동안 한정적으로 제공되는 만큼, 신용융자를 이용 중인 투자자라면 지금 바로 확인해볼 필요가 있다.★ 장마감 시간이 가까워질수록 문의가 많아 상담이 지연될 수 있습니다.★ 7월 문의하신 고객들이 많이 보유하신 종목으로는 삼성전자, POSCO홀딩스, 셀트리온, 포스코퓨처엠, 에코프로비엠, NAVER, 에코프로, 삼성SDI, LG화학, SK하이닉스, 두산에너빌리티, 카카오, SK이노베이션, LG에너지솔루션, 엘앤에프, 삼천당제약, 현대차, 알테오젠, HPSP, LG전자 등이 있습니다.★ 안내사항과도한 빚은 당신에게 큰 불행을 안겨줄 수 있습니다. 대출 시 신용등급 하락으로 다른 금융거래가 제약받을 수 있습니다. 중개수수료를 요구하거나 받는 것은 불법입니다.상호명: ㈜단비대부 2021-서울영등포-2102(대부업) | TEL: 1544-4886 | 대출금리: 연 20%이내(연체금리는 약정금리+3%p이내, 최대 연 20%이내) | 단, 2021. 7. 7.부터 신규체결, 갱신, 연장되는 계약에 한함 | 채무의 조기상환 조건 및 부대비용 없음. (단, 신용조회비용 및 담보권설정비용 있음), 이자 외 별도로 중개수수료를 요구하거나 수취하는 것은 불법입니다. | 대표이사: 박동원 | 사업자등록번호: 274-86-00231 | 등록기관명칭: 서울 영등포구청(담당부서: 일자리경제과, 02-2670-3420) | 소재지 : 서울 영등포구 여의대방로67길 11, 5층 517호 | 개인정보관리자메일: help@danbifund.co.kr무료상담",https://www.hankyung.com/article/202507158086a,2025.07.15 08:33
고금리 이자 폭탄 피하는 법! 증권사 대출 3%대로 줄이기,,"전송종목 : KCC, TCC스틸, 아모레퍼시픽홀딩스, 미원상사, 세아제강지주최근 주식 투자자들 사이에서 주식대출(미수/신용융자 등)의 고금리에 대한 부담이 커지고 있다.특히 저금리를 적용 받고 싶어도, 기존 대출을 상환하고 다시 주식을 매수해야 하는 번거로운 절차와 자금 조달의 어려움이 발목을 잡고 있다.이런 현실적인 문제를 해결하고자, 무빙스탁이 ‘증권사 신용, 대환자금대출’ 서비스를 전격 출시했다.이 상품은 주식을 매도하지 않고도, 기존의 고금리의 주식대출(미수/신용융자 등)의 3%대의 혁신적인 저금리 증권사로 전환할 수 있도록 상환자금을 제공하는 것이 핵심이다.무빙스탁 관계자는 “현재 증권사 이벤트 금리는 연 3%대 수준으로, 기존 9~10%대 고금리를 적용받는 투자자라면 절감 효과가 상당하다”며, 금리를 5%만 낮추면 “1억원 신용대출 기준으로 연간 약 500만원, 3억원이라면 1,500만원까지도 절약할 수 있다”고 밝혔다.더 놀라운 점은, 현재는 이벤트 기간으로 대환자금대출 신청시 발생하는 이자 비용까지 ‘0원’이라는 사실이다. 대환자금에 대해서 하루의 대출이자도 부담하지 않고 기존 고금리 대출을 저금리로 전환할 수 있어, 고금리 부담에 시달리던 투자자들에게 큰 호응을 얻을 전망이다.이 서비스는 부동산 시장에서 흔히 이용되던 대환대출 개념을 증권시장에 도입한 혁신적인 시도로, 주식 투자자들의 자금 운용에 새로운 대안을 제시할 것으로 기대된다.무빙스탁 ‘증권사 신용, 대환자금대출’의 비용 무료 이벤트는 이벤트 기간 동안 한정적으로 제공되는 만큼, 신용융자를 이용 중인 투자자라면 지금 바로 확인해볼 필요가 있다.★ 장마감 시간이 가까워질수록 문의가 많아 상담이 지연될 수 있습니다.★ 7월 문의하신 고객들이 많이 보유하신 종목으로는 삼성전자, POSCO홀딩스, 셀트리온, 포스코퓨처엠, 에코프로비엠, NAVER, 에코프로, 삼성SDI, LG화학, SK하이닉스, 두산에너빌리티, 카카오, SK이노베이션, LG에너지솔루션, 엘앤에프, 삼천당제약, 현대차, 알테오젠, HPSP, LG전자 등이 있습니다.★ 안내사항과도한 빚은 당신에게 큰 불행을 안겨줄 수 있습니다. 대출 시 신용등급 하락으로 다른 금융거래가 제약받을 수 있습니다. 중개수수료를 요구하거나 받는 것은 불법입니다.상호명: ㈜단비대부 2021-서울영등포-2102(대부업) | TEL: 1544-4886 | 대출금리: 연 20%이내(연체금리는 약정금리+3%p이내, 최대 연 20%이내) | 단, 2021. 7. 7.부터 신규체결, 갱신, 연장되는 계약에 한함 | 채무의 조기상환 조건 및 부대비용 없음. (단, 신용조회비용 및 담보권설정비용 있음), 이자 외 별도로 중개수수료를 요구하거나 수취하는 것은 불법입니다. | 대표이사: 박동원 | 사업자등록번호: 274-86-00231 | 등록기관명칭: 서울 영등포구청(담당부서: 일자리경제과, 02-2670-3420) | 소재지 : 서울 영등포구 여의대방로67길 11, 5층 517호 | 개인정보관리자메일: help@danbifund.co.kr무료상담",https://www.hankyung.com/article/202507185997a,2025.07.18 09:43
Layer3: 웹3 대중화의 마지막 퍼즐 [포필러스 리서치],,"1. 정보의 홍수 속에서 길을 잃다





                인류 역사의 흐름은 곧 지식과 정보가 폭발적으로 증가해 온 역사의 흐름과 궤를 같이 한다. 과학 기술이 발전함에 따라 우리가 다룰 수 있는 정보의 절대량은 기하급수적으로 늘어났다. 정보가 귀했던 과거에는 새로운 정보를 “생산”하는 것 자체가 중요했지만, 정보의 홍수 속을 살아가는 현대 인류에게는 무한한 정보 속에서 가치 있는 것을 “발견”하고 “활용”하는 능력이 더욱 중요해졌다.정보량이 감당할 수 있는 수준을 넘어서자, 인류는 두 가지 거대한 도전에 직면했는데, 무엇부터 봐야 할지 막막한 “발견의 혼돈(Chaos of Discovery)”과, 찾아낸 것을 어떻게 사용해야 할지 익혀야 하는 “학습의 장벽(Barrier to Learning)”이다.
                    



사진=위키피디아

                웹2(Web2)는 이 문제에 대한 효과적인 해결책을 제시해 왔다. 구글이나 네이버와 같은 강력한 검색 엔진은 혼돈 속에서 질서를 찾아주었고, 유튜브(Youtube)나 위키피디아(Wikipedia)처럼 누구나 지식을 생산하고 소비할 수 있는 플랫폼과 체계적인 온라인 강좌들은 복잡한 기술과 서비스의 학습 장벽을 크게 낮춰주었다. 덕분에 많은 기술과 서비스들이 대중의 영역으로 확장될 수 있었다.그러나 탈중앙화라는 새로운 가치를 내세운 웹3(Web3)의 세계에서, 우리는 이 오래된 문제와 다시 마주하고 있다. 웹3는 마치 신뢰할 수 있는 가이드나 검색 엔진이 없던 초창기 인터넷처럼, 무질서하고 파편화된 정보로 가득한 미개척지나 다름없다. 웹3와 크립토에 대한 정보가 제일 빠르게 공급되고 퍼지는 X(구 트위터)에서 웹3에 대한 정보를 검색한다고 치면, 검색자가 마주하는 것은 수십 명의 인플루언서들이 각기 다른 프로젝트들을 강력 추천하는 파편적인 정보이다. 신뢰할 수 있는 정보가 어떤 것인지 파악하기 힘들기 때문에 양질의 정보를 습득하기가 쉽지 않다.설상가상으로, 초기 웹3 생태계는 에어드랍(airdrop), 유동성 채굴(liquidity mining) 등 단기적 이익에 기반한 보상 모델에 의존하면서 문제를 더욱 악화시켰는데, 이러한 보상 경쟁은 가치 있는 '신호(Signal)'를 찾으려는 사용자의 노력을 방해하는 '소음(Noise)'으로 돌아왔다. 그 결과, 사용자는 진정한 발견의 재미를 느끼기보다 투기적인 정보에 휩쓸리게 되었고, 프로젝트들은 진정성이 느껴지는 커뮤니티 구성원이 아닌 단기 이익만을 좇는 '에어드랍 헌터'들을 끌어모으는 데 자원을 낭비하게 되었다.결국 웹3가 소수의 전유물을 넘어 대중화되기 위해서는, 정보의 홍수 속에서 사용자들이 신뢰할 수 있는 새로운 “가이드”를 제공하고, 이를 통해 “발견”과 “학습”의 가치를 다시 세워야 한다. 2. 웹3 대중화를 위한 두 가지 열쇠: 탐색과 교육이 가치들이 다시 빛을 보기 위해서는 두 가지 해결책이 필요하다. 첫째는 수많은 프로젝트의 소용돌이 속에서 길을 잃지 않도록 돕는 “신뢰할 수 있는 탐색”의 문제이고, 둘째는 복잡한 기술의 장벽을 넘어설 수 있도록 이끄는 “효과적인 교육”의 문제이다. 이 두 가지 열쇠를 모두 손에 쥐어야만 비로소 소수의 사용자들을 넘어 대중들의 웹3 채택이 이루어질 수 있다.2.1 첫 번째 열쇠: 신뢰할 수 있는 탐색현재 웹3 생태계에서 새로운 프로젝트를 발견하는 과정은 비효율적이고 위험하다. 사용자들은 종종 트위터 인플루언서의 단편적인 추천이나, 진위가 불분명한 텔레그램 알파 그룹, 그리고 단기적 이익만을 노린 에어드랍 캠페인에 의존한다. 이러한 방식은 프로젝트의 본질적인 가치보다 일시적인 과대광고(Hype)에 좌우되기 쉬우며, 러그풀(rug pull)이나 무분별한 홍보(shill)에 노출될 위험을 키운다.
                    



사진=카이토얍스

                이러한 정보 탐색의 어려움을 해결하고자, 카이토(Kaito)와 같이 AI를 활용해 크립토 트위터(Crypto Twitter) 환경 속에서 프로젝트의 인지도(Mindshare)를 분석하고 순위화하는 플랫폼이 주목받았다. 카이토는 사용자 참여를 유도하기 위해 콘텐츠를 생성하거나 공유하는 활동에 포인트를 부여하는 보상 시스템을 도입했다.하지만 이러한 보상 모델은 의도치 않은 부작용을 낳기도 했다. 높은 포인트를 얻기 위한 경쟁이 심화되면서, 일부 사용자들은 프로젝트에 대한 깊이 있는 분석보다는 단순 공유나 반복적인 포스팅에 집중하게 된 것이다. 이로 인해 X 피드 등에서는 양질의 정보를 선별하기가 더 어려워졌다는 목소리가 나오기 시작했고, 플랫폼이 가진 본래의 정보 탐색 가치를 일부 희석시키는 한계로 지적되었다.이처럼 보상 모델은 사용자 참여를 이끌어내는 데 일정 부분 성과를 거뒀지만, 동시에 정보의 질과 사용자 행동의 왜곡이라는 부작용도 낳았다. 특히 단기적인 인센티브 구조는 프로젝트 자체에 대한 관심보다는 포인트 획득을 위한 행동에 초점을 맞추게 만들었다.이러한 흐름은 사용자뿐만 아니라 프로젝트 측에도 부담으로 작용한다. 혁신적인 기술을 개발했더라도, 막대한 마케팅 예산을 투입하지 못하면 시장에서 잊히기 십상이다. 이들은 토큰을 찍어내서 마케팅 용도로 분배하는 등의 어쩔 수 없는 단기적인 보상으로 상황을 타개하려 하지만, 이는 프로젝트의 비전보다 보상에만 관심 있는 “에어드랍 헌터”나 자동화된 봇만을 끌어모으는 악순환으로 이어진다.바로 이 “발견의 문제”를 해결하기 위해서는 “웹3계의 구글(Google of Web3)”과 같은 역할이 필요하다. 이 같은 역할을 담당하는 플랫폼은 단순히 웹3 프로젝트를 나열하는 것이 아니라, 가치 있는 프로젝트를 “탐색(discover)”하고 “선별(curate)”하여 사용자에게 직접적으로 “연결(connect)”하는 신뢰할 수 있는 관문이 되어야 한다. 수많은 프로젝트와 정보의 소용돌이 속에서 사용자가 믿고 탐험을 시작할 수 있는 “가치 검색 엔진”의 역할을 담당해야 하는 것이다.2.2 두 번째 열쇠: 효과적인 교육카이토와 같은 마인드쉐어 플랫폼이 프로젝트 탐색을 쉽게 만들어주긴 했지만, 정작 사용자의 행동은 온체인에서 머물지 못하는 경우가 많다. 글을 쓰고 포인트를 얻는 활동은 활발했지만, 실제로 지갑을 연결하거나 디앱을 사용해보는 등 프로젝트와 직접 상호작용하는 비율은 낮았다. 이는 사용자 입장에서 프로젝트를 발견했을 뿐, 참여까지 이어지지 못한 것이다.사용자와 프로젝트 모두에게 진정한 가치를 주려면, 발견에서 멈추지 않고 직접적인 상호작용(Engagement)으로 자연스럽게 이어지는 흐름이 필요하다. 말 그대로 “탐색 후 랜딩(landing)”이 되어야 한다. 단지 정보만 얻고 돌아서는 것이 아니라, 프로젝트의 스마트 컨트랙트와 실제로 맞닿아 보고, 커뮤니티 생태계를 체험해보는 단계까지 이어져야 한다.하지만 문제는, 많은 사용자들이 이러한 온체인 활동에 대한 진입 장벽을 크게 느낀다는 데 있다. 지갑 연결, 가스비, 스왑, 스테이킹, 브릿지 등 웹3의 실사용 환경은 초보자에게 지나치게 낯설고 복잡하다. 수천 단어의 백서를 읽거나 몇 시간짜리 유튜브 영상을 본다고 해서, 초보자가 이 문제를 해결하기에는 쉽지 않다. 심지어 대부분의 사용자들은 백서를 읽고 정보를 찾아나가는 공수를 버티지 못하고 중간에 포기하고 만다. 결국 정보는 넘치지만, 실제 체험까지 이어지지 못하는 “지식과 실천의 단절”이 발생하는 것이다.
                    



사진=듀오링고

                이 단절을 해소하려면, 웹3 프로젝트에 대한 효과적인 교육과 가이드라인이 필요하다. 단순한 문서나 강의 형태가 아니라, 직접 해보는 방식으로 사용자를 끌어들이는 것이 핵심이다. 외국어 학습 앱인 듀오링고가 “외국어 마스터”라는 거창한 목표를, 5분짜리 게임처럼 가볍고 반복적인 활동으로 바꾼 것처럼, 웹3 교육 역시 어렵고 추상적인 기술을 작고 실천 가능한 단위로 쪼개야 한다.예를 들어, “유동성 공급하기”라는 목표는 1) 특정 토큰 스왑하기, 2) 유동성 풀에 예치하기, 3) LP 토큰을 스테이킹하기와 같은 퀘스트(Quest) 단계로 분해할 수 있다. 사용자는 순차적인 미션을 수행하면서 실제 트랜잭션을 경험하게 되고, 과정에서 XP나 배지 같은 게임화된 보상을 받으며 자연스럽게 학습하게 된다.이러한 직접 경험 기반의 학습(Learn-by-Doing) 방식은 단순히 정보를 주입하는 것이 아니라, 실전 환경에서 스스로 익히도록 돕는다. 안전한 환경에서 트랜잭션을 실행하고, 보상을 얻고, 실력을 체감하면서 사용자 스스로 웹3에 대한 자신감을 키워나가는 것이다. 결국 이런 방식이야말로 사용자와 프로젝트 모두에게 진짜 가치를 주는 상호작용의 시작점이 된다.2.3 두 열쇠를 하나로!결국 웹3 대중화를 이루기 위해서는 “신뢰할 수 있는 탐색”과 “직접 경험 기반의 교육”이라는 두 가지 열쇠가 함께 작동해야 한다. 유망한 프로젝트를 발견한 뒤, 곧바로 그 프로젝트를 이해하고 활용할 수 있도록 돕는 체험형 교육이 뒷받침될 때, 탐색과 참여가 하나의 연속된 흐름으로 이어질 수 있다. 좋은 프로젝트를 발견했더라도 직접 경험하지 못하면 무의미하고, 아무리 교육 콘텐츠가 잘 구성돼 있어도 그 대상이 될 프로젝트가 없다면 효과는 반감된다.바로 이 지점을 공략한 플랫폼이 있다. 레이어3는 탐색과 교육이라는 두 가지 열쇠를 하나의 사용자 경험으로 통합해낸 플랫폼이다. 사용자는 레이어3를 통해 신뢰할 수 있는 프로젝트를 큐레이션 형태로 탐색할 수 있고, 그다음에는 퀘스트 기반의 미션을 수행하며 해당 프로젝트를 실제로 체험하고 학습할 수 있다. 마치 구글이 듀오링고를 품은 형태다.이러한 설계는 단순히 재미 요소나 보상 메커니즘을 넘어서, 지속 가능한 사용자 참여(sustainable engagement)를 만드는 데 초점을 맞춘다. 일회성 인센티브가 아닌, 실질적인 기술 체험과 이해를 바탕으로 한 참여는 프로젝트에도 더 나은 유저를, 사용자에게는 더 깊은 경험을 제공한다. 레이어3가 기존 플랫폼들과 차별화되는 가장 핵심적인 지점도 바로 여기에 있다. 3. 레이어3: 관심과 정체성을 위한 인프라레이어3는 웹3에서 가장 큰 사용자 온보딩 및 참여 플랫폼 중 하나로서, 탐색과 교육이라는 두 가지 열쇠를 하나의 사용자 경험으로 통합한다. 이를 통해 사용자의 일시적인 관심(Attention)을 검증 가능하고 지속적인 온체인 정체성(Identity)으로 전환하는 새로운 방향을 제시한다. 플랫폼은 세 가지 핵심 구성 요소인 퀘스트(Quests), 온체인 자격증명 큐브(CUBE), 옴니체인 인프라를 유기적으로 결합해, 몰입감 있는 사용자 경험과 강력한 정체성 시스템을 동시에 구축한다.3.1 퀘스트: 단순한 클릭에서 서사적 경험으로레이어3의 중심에는 “퀘스트(Quests)”가 있다. 초기에 “바운티(Bounties)”라는 이름으로 일회성 과제를 제공했지만, 이는 사용자의 파편적인 참여만을 유도할 뿐, 깊이 있는 학습이나 지속적인 관계 형성으로 이어지지 못했다. 이러한 단점을 극복하고자 도입된 퀘스트는, 여러 개의 개별 과제를 하나의 서사로 엮어내어 사용자가 특정 생태계의 내러티브 안에 몰입하도록 설계되었다.
                    



사진=Layer3

                예를 들어, “베이스 생태계 시작하기”와 같은 퀘스트는 사용자에게 단순히 특정 디앱을 사용하라는 지시를 내리는 대신, 베이스 체인으로 자산을 브릿징하고, 주요 DEX에서 스왑을 거쳐, 대표 NFT 마켓플레이스에서 NFT를 민팅하는 일련의 과정을 하나의 완결된 이야기처럼 안내한다. 이러한 게임화(Gamification)된 구조는 단순 반복 작업이 아닌, “다음에 어떤 이야기가 펼쳐질까?” 하는 기대감을 만들고, 자연스럽게 플랫폼 재방문율과 사용자 몰입도를 극적으로 높인다. 사용자는 단순히 보상을 받기 위해 행동하는 것이 아니라, 하나의 스토리 안에서 주인공이 되어 프로젝트를 경험하게 되는 것이다.이러한 접근 방식은 복잡하고 파편화된 웹3 환경에서 신규 사용자가 겪는 “콜드 스타트 문제”로 알려진, 어디서부터 시작해야 할지조차 모르는 상황을 해결한다. 퀘스트는 배우고 탐험하는 과정을 게임처럼 즐겁고 보상적인 경험으로 전환하며, 단순한 정보 나열이 아닌 “행동을 통한 학습”을 유도해 사용자가 자신감을 갖고 웹3 세계를 탐험할 수 있도록 돕는다. 이는 웹3 온보딩에서 가장 효과적인 메커니즘 중 하나다.몰입도 높은 경험은 사용자뿐만 아니라 프로젝트 측에도 강력한 이점을 제공한다. 퀘스트를 통해 프로젝트는 자신의 비전과 철학을 사용자에게 직관적으로 전달할 수 있으며, 이는 단순한 가이드를 넘어 브랜드를 각인시키는 효과적인 방식이 된다. 사용자는 단순히 기능을 배우는 것이 아니라, 프로젝트의 존재 이유와 방향성까지 이해하게 되는 것이다.결국 이러한 과정은 단기 보상을 노리는 사용자 대신, 프로젝트의 여정에 공감하고 장기적으로 함께할 준비가 된 진정성 있는 커뮤니티를 형성하는 기반이 된다. 자신들의 프로덕트에 자신이 있는 프로젝트들에게 레이어3의 퀘스트는 단순한 마케팅 도구가 아니라, 충성도 높은 팬과 미래의 파워 유저를 확보하는 가장 효과적인 방법이 될 수 있다.3.2 큐브(CUBE): 온체인 트로피 케이스레이어3 인프라의 가장 핵심적인 구성 요소는 “큐브(Credentials to Unify Blockchain Event, CUBE)”로, 큐브는 사용자의 활동을 일시적인 이벤트가 아닌 지속적이고 조합 가능한 온체인 데이터 자산으로 변환시키는 역할을 한다.
                    




                큐브는 기술적으로 퀘스트 완료 시 발행되는 ERC-721 표준의 대체 불가능 토큰(NFT)으로, 처음에는 베이스(Base) 네트워크에서 배포되었으나 현재는 폴리곤(Polygon), 아비트럼(Arbitrum) 등 다수의 이더리움 가상 머신(EVM) 호환 체인에서 지원된다. 각 큐브는 사용자의 지갑 주소, 활동한 체인, 사용한 애플리케이션, 퀘스트 완료 시점 등 풍부하고 구체적인 메타데이터를 포함하며, 이 데이터는 탈중앙화 저장 프로토콜인 IPFS(InterPlanetary File System)에 안전하게 기록된다. 론칭 후 단 4개월 만에 1,000만 개 이상의 큐브가 발행되었고, 2025년 7월 기준 누적 발행량은 6,000만 개를 돌파하며 웹3에서 가장 큰 온체인 데이터셋 중 하나를 형성하고 있다.이러한 큐브는 사용자의 “온체인 트로피 케이스” 역할을 하며 , 여러 체인에 흩어져 있던 활동 기록을 하나로 통합하는 “옴니체인 정체성(omnichain identity)”의 기초를 형성한다. 즉, 사용자의 평판이 더 이상 특정 플랫폼에 종속되는 것이 아니라, 어떤 블록체인에서든 통용될 수 있는 자신만의 활동 이력이 되는 것이다. 큐브를 수집함으로써 사용자는 경험치(XP) 부스트, 수수료 할인, 그리고 더 높은 수준의 퀘스트에 참여할 기회 등 플랫폼 내에서 다양한 혜택을 얻을 수 있다.이 시스템의 진정한 잠재력은 큐브가 가진 무허가성(permissionless)과 조회 가능성(queryable)에서 나온다. 이는 레이어3와의 직접적인 파트너십 없이도 어떤 프로토콜이든 큐브 데이터를 활용하여 사용자의 활동 이력을 검증할 수 있음을 의미한다. 예를 들어, 한 디파이 프로토콜은 여러 탈중앙화 거래소에서 활동한 이력을 증명하는 큐브를 다수 보유한 사용자에게 더 유리한 대출 이자율을 제공하거나, 특정 게임은 다른 P2E 게임의 상위 레벨 큐브를 보유한 사용자에게 특별 아이템을 에어드랍하는 식으로 인센티브를 설계할 수 있다.이러한 외부에서의 활용이 늘어날수록, 풍부한 큐브 이력을 보유하는 것의 가치는 사용자에게 더욱 커진다. 이는 다시 더 많은 큐브를 발행하기 위해 레이어3 플랫폼으로 사용자를 유입시키는 강력한 네트워크 효과(network effect)의 플라이휠을 만들어낸다. 레이어3는 하나의 애플리케이션을 넘어, 옴니체인 시대의 평판 및 신원 증명 프리미티브(primitive)를 구축하고 있는 것이다.이렇게 큐브는 사용자에게는 명예로운 온체인 트로피이지만, 프로젝트에게는 새로운 기회를 제공한다. 프로젝트는 누적된 큐브 데이터를 일종의 온체인 고객 관계 관리 시스템(Customer Relationship Management, CRM)처럼 활용할 수 있다. 예를 들어 “디파이 관련 큐브를 5개 이상 보유한 사용자”만을 대상으로 맞춤형 캠페인을 설계하는 방식으로, 자동화된 봇이나 무관한 사용자들을 미리 걸러낼 수 있다. 이는 가장 적합한 잠재 고객에게 직접 도달하는 고효율 마케팅 수단이 된다.특히 큐브의 무허가성(permissionless) 특성은 레이어3의 네트워크 효과를 더욱 강력하게 만든다. 특정 프로젝트가 발행한 큐브가 다른 프로젝트들에 의해 캠페인 참여 조건으로 활용되기 시작하면, 해당 큐브의 효용과 상징성은 생태계 전반에서 함께 상승한다. 이는 원래 큐브를 발행한 프로젝트의 브랜드 인지도를 자연스럽게 확산시키는 동시에, 사용자들이 큐브를 얻기 위해 다시 해당 프로젝트로 유입되는 선순환을 유도한다.3.3 옴니체인 인프라: 파편화된 세계를 연결하다





                레이어3의 또 다른 특징은 특정 생태계에 얽매이지 않는 “옴니체인(omnichain)” 접근 방식이다. 이 플랫폼은 이더리움, 솔라나(Solana) 같은 주요 레이어1 체인은 물론, 베이스(Base), 아비트럼(Arbitrum), 폴리곤(Polygon) 등 45개가 넘는 다양한 블록체인을 지원한다. 이를 통해 레이어3는 파편화된 웹3 환경에서 진정한 의미의 애그리게이터(aggregator)로 기능할 수 있는 기반을 마련했다.사용자는 다양한 체인을 넘나들기 위해 여러 플랫폼을 전전할 필요 없이, 레이어3라는 통합 인터페이스 하나만으로 웹3 전반을 탐험할 수 있다. 이는 사용자 경험을 크게 단순화시킬 뿐만 아니라, 레이어3가 시장 전반의 관심과 유저를 흡수하는 강력한 스펀지 역할을 하도록 만든다. 동시에 프로젝트 입장에서도 특정 체인에 국한되지 않고, 웹3 전반의 의욕적인 사용자 풀에 접근할 수 있는 가장 효율적인 유저 확보 채널을 확보하게 되는 셈이다.특히 이 옴니체인 구조는 프로젝트에게 성장의 경계를 허무는 전략적 무기가 된다. 특정 블록체인에 기반한 프로젝트라도 더 이상 해당 생태계에서만 마케팅을 제한할 필요가 없다. 레이어3를 통해 이더리움, 솔라나, 베이스 등 다양한 블록체인에 걸쳐 이미 온체인 활동에 익숙한 사용자에게 손쉽게 다가갈 수 있다.이는 신규 프로젝트가 초기에 유동성과 커뮤니티를 확보하거나, 기존 프로젝트가 새로운 블록체인으로 확장할 때 매우 효율적인 성장 전략이 된다. 단일 퀘스트로 멀티체인 캠페인을 동시에 운영하고, 블록체인별 사용자 반응을 실시간 데이터로 분석하며, 최적화된 유저 확보 전략을 구사할 수 있기 때문이다. 이 같은 특징으로 레이어3는 프로젝트의 생태계 확장에 있어 가장 민첩하고 실용적인 파트너로 자리매김하고 있다. 4. 레이어3의 토크노믹스와 시장에서의 증명레이어3는 철학적 비전과 기술적 설계를 넘어, 시장에서 실질적인 성과를 통해 그 가치를 증명하고 있다. 강력한 투자 유치와 지속 가능한 비즈니스 모델은 레이어3가 웹3 사용자 확보 시장의 핵심 플레이어임을 보여준다.레이어3는 2024년 6월에 파라파이(ParaFi)와 그린필드 캐피탈(Greenfield Capital)이 공동 주도한 1,500만 달러 규모의 시리즈 A 투자를 유치했다. “우리는 현재 작용 중인 네트워크 효과가 아마존(Amazon)이나 쇼피파이(Shopify)와 유사하다고 보고 있습니다. 판매자가 늘어나면 더 많은 구매자가 유입되고, 이는 다시 판매자를 끌어들이며 활동과 가치가 기하급수적으로 성장하게 됩니다.” — 그린필드 캐피탈 (GreenField Capital)이에 대해 그린필드 캐피탈의 파트너는 ""레이어3는 수백만 명의 사용자를 온체인으로 유도하며 웹3의 아마존과 같은 최고의 애그리게이터가 될 잠재력을 증명했다""고 언급하며 투자 배경을 밝혔다. 일렉트릭 캐피탈(Electric Capital), 이뮤터블(Immutable), 앰버(Amber) 등 주요 투자사들이 참여한 이번 라운드를 포함해 레이어3의 총 누적 투자 유치액은 2,120만 달러에 달한다. 이는 시장이 레이어3의 비전과 실행력을 높이 평가하고 있음을 보여주는 강력한 신호이다.4.1 $L3 토크노믹스와 지속 가능한 비즈니스 모델레이어3 생태계의 중심에는 네이티브 토큰인 $L3가 있다. 총 33억 3천만 개가 발행된 $L3 토큰은 단순한 보상 수단을 넘어, 플랫폼의 성장을 가속화하고 모든 참여자의 이해관계를 일치시키는 경제적 엔진 역할을 하도록 설계되었다.
                    




                이 토크노믹스의 핵심은 “가치 포착형 플라이휠(flywheel)” 구조에 있다. 새로운 사용자를 확보하려는 프로젝트는 레이어3 플랫폼에서 퀘스트를 게시하고 큐브 자격증명 네트워크에 접근하기 위해 L3 토큰을 매수하고 소각(buy and burn)해야 한다. 이 유틸리티 연동 소각 모델은 플랫폼의 주요 목표인 사용자 확보와 토큰의 가치를 직접적으로 연결한다. 프로젝트의 수요가 많아질수록 L3 토큰에 대한 지속적인 매수 압력과 디플레이션 효과가 발생하여 토큰의 장기적 가치를 끌어올리는 구조다.
                    




                실제로 레이어3는 설립 이후 1,650만 달러 이상의 누적 매출을 기록했으며, 2024년 한 해에만 매출을 10배 성장시켰다. 주목할 점은 이러한 매출의 약 40%는 파트너 프로젝트로부터, 60%는 사용자들이 평판 점수를 높이기 위해 발행하는 CUBE로부터 발생했다는 것이다. 이는 B2B(프로젝트)와 B2C(사용자) 양쪽에서 모두 견고한 수익 모델을 구축했음을 의미하며, 특히 CUBE 발행, 스왑 및 브릿지 수수료 등 사용자로부터 발생하는 수익은 다시 L3 토큰을 시장에서 매수하는 데 사용되어 토큰 가치를 강력하게 뒷받침하는 구조를 취한다.
                    




                이러한 플라이휠을 더욱 강화하는 것이 바로 “계층형 스테이킹(Layered Staking)” 모델인데, 이는 단순히 토큰을 예치하고 이자를 받는 수동적인 스테이킹을 넘어 사용자의 적극적인 기여도에 따라 보상을 차등적으로 지급하는 일종의 “참여증명(Proof-of-Engagement)” 시스템이다.- 계층 1 (참여의 시작): L3 토큰을 스테이킹하여 수동적으로 $L3 이자를 받거나 거버넌스에 참여할 권리를 얻는다.- 계층 2 (독점적 기회): 일정량 이상의 $L3를 스테이킹한 사용자는 파트너 프로젝트의 독점 퀘스트에 참여하여 $L3뿐만 아니라 $OP, $ARB와 같은 파트너 토큰을 추가로 획득할 수 있다. 또한, 새로운 프로젝트의 토큰을 초기에 얻을 수 있는 런치패드(Launchpad) 접근 권한 등 더 높은 등급의 보상 기회가 열린다.- 계층 3 (기여도 기반 보상): 이 모델의 핵심으로, 사용자의 플랫폼 내 활동량에 따라 $L3 보상에 승수(multiplier)가 적용된다. 이는 단순히 자본의 크기가 아니라 기여도에 따라 보상이 결정됨을 의미한다. 예를 들어, 10개의 퀘스트를 완료한 사용자는 1.5배, 20개를 완료하면 2배의 보상을 받는 식이다. 이 구조는 많은 양의 L3 토큰을 보유하고 있는 소수의 고래(whale)가 보상을 독점하는 것을 방지하고, 사용자들의 지속적인 활동을 장려하며 시빌 공격에 대한 강력한 경제적 억제책으로 작용한다.
                    




                토큰 분배 구조 역시 장기적인 생태계 성장에 초점을 맞추고 있다. 전체 공급량의 51%가 커뮤니티에 할당되어, 향후 에어드랍과 지속적인 인센티브 프로그램의 기반이 된다. 반면, 핵심 기여자 및 투자자 물량은 1년의 락업(cliff)과 이후 3년에 걸친 선형 분배(linear vesting) 조건이 적용되어, 초기의 급격한 매도 압력을 방지하고 장기적인 관점에서 프로젝트의 성공에 기여하도록 인센티브를 설계했다.4.2 파트너십 사례 연구: 숫자로 증명된 가치





                레이어3의 가치는 구체적인 파트너십 성과를 통해 명확히 드러난다. 이는 레이어3가 단순한 트래픽 유입 채널이 아니라, 실질적인 가치를 창출하고 사용자를 장기적인 참여자로 전환시키는 능력을 갖추었음을 보여준다.- 온도 파이낸스(Ondo Finance): 실물자산(RWA) 기반 스테이블코인인 USDY의 채택을 촉진하기 위한 캠페인을 통해 단 30일 만에 104만 달러의 신규 총 예치 자산(TVL)을 유치하고 14,769명의 사용자를 확보했다. 더욱 중요한 것은 캠페인 종료 후에도 92%에 달하는 96만 달러의 TVL이 유지되었으며, 사용자 잔존율이 33.4%에 달했다는 점이다. 이는 레이어3가 유도한 사용자들이 단기 보상만을 노리는 것이 아닌, 제품의 가치를 이해하고 장기 보유를 선택하는 “양질의 사용자”임을 입증하는 강력한 증거다.- 지토(Jito): 솔라나의 핵심 유동성 스테이킹 프로토콜인 지토는 레이어3를 통해 3개의 퀘스트를 진행했다. 그 결과 약 9,400명의 사용자가 참여했으며, 이 중 5,400명은 지토의 신규 사용자였다. 더욱 놀라운 것은 캠페인 종료 한 달 후에도 스테이킹된 자산의 70% 이상이 유지되었다는 점이다.- 아이겐레이어(EigenLayer): 최근 크립토 씬의 가장 큰 화두인 '리퀴드 리스테이킹(Liquid Restaking)' 내러티브를 주도하는 아이겐레이어는 레이어3와 함께 대규모 교육 캠페인 'EigenLayer Unlocked'를 진행했다. 이 캠페인은 사용자들이 리스테이킹의 복잡한 개념을 직접 체험하며 배우도록 설계되었다. 사용자들은 퀘스트를 통해 아이겐레이어 생태계의 다양한 리퀴드 리스테이킹 토큰(Liquid Restaking Token, LRT) 프로토콜들과 상호작용하며, 수십만 건의 온체인 트랜잭션을 발생시켰다. 이는 레이어3가 웹3에서 가장 복잡하고 중요한 기술적 내러티브를 대중에게 효과적으로 교육하고 전파하는 사례를 보여준다.- 모나드(Monad): 병렬 처리 EVM(Parallel EVM) 구조를 지니고 있는 레이어1 블록체인 모나드는 테스트넷 단계부터 레이어3를 핵심 온보딩 파트너로 활용했다. “Monad Explorer” 캠페인을 통해 수많은 개발자와 초기 사용자들이 모나드 생태계의 디앱들을 미리 체험하도록 유도했다.이 외에도 유니스왑(Uniswap), 베이스(Base), 아비트럼(Arbitrum), 옵티미즘(Optimism) 등 50개가 넘는 웹3 생태계의 주요 프로젝트들이 레이어3를 통해 사용자를 확보하고 있다. 레이어3 사용자들이 아비트럼 전체 에어드랍의 20.4%, zkSync 에어드랍의 29.7%를 수령했다는 사실은 레이어3 커뮤니티가 웹3에서 가장 활발하고 영향력 있는 사용자 집단 중 하나임을 명백히 보여준다.4.3 계속해서 성장하고 있는 지표들





                레이어3의 성장은 구체적인 지표로 확인된다. 2025년 7월 기준, 누적 사용자는 320만 명을 넘어섰으며(고유 지갑 기준 약 820만 개), 플랫폼에서 완료된 퀘스트 및 트랜잭션 수는 1억 6천 7백만 건을 돌파했다. 월간 웹사이트 방문자 수는 190만 명에 달하며 평균 세션 시간은 15분을 상회하는 등 높은 사용자 몰입도를 보이고 있다.단순한 양적 성장을 넘어, 레이어3의 질적 성장은 더욱 두드러진다. 예를 들어, 베이스(Base) 체인에서 레이어3를 한 번이라도 사용한 유저의 30일 후 리텐션율은 다른 모든 베이스 유저보다 6.1배 높았으며, 120일 후 리텐션율은 11.3배나 높았다. 이는 레이어3가 일회성 참여가 아닌, 지속적인 온체인 활동을 이끌어내는 능력이 탁월함을 시사한다. 이러한 높은 사용자 품질과 참여도는 레이어3를 단 16명의 팀으로 업계 최고 수준의 직원당 매출을 기록하는, 매우 자본 효율적인 기업으로 만들었다.이러한 성장은 아마존이나 쇼피파이와 유사한 전형적인 양면 시장(two-sided marketplace) 플라이휠 효과에 의해 구동된다. 더 많은 사용자가 모이면 더 많은 프로젝트가 유입되고, 더 많은 프로젝트가 다양한 퀘스트와 보상을 제공하면 다시 더 많은 사용자를 끌어들이는 선순환 구조다. 레이어3는 여기에 L3 토큰의 매수/소각 메커니즘을 결합하여, 플랫폼의 성장이 직접적으로 토큰 가치 상승으로 이어지게 함으로써 이 플라이휠에 훈풍을 불어다주고 있다.4.4 시장의 증명, 그리고 다음 단계로이처럼 레이어3는 견고한 투자 유치, 가치 포착형 토크노믹스, 그리고 압도적인 시장 성과를 통해 “발견”과 “학습”에 대한 네러티브를 현실적인 비즈니스로 증명해냈다. L3 토큰을 중심으로 한 경제 모델은 플랫폼의 성과가 모든 참여자의 이익으로 연결되는 강력한 플라이휠을 구축했으며, 주요 프로토콜과의 파트너십은 레이어3가 웹3에서 가장 효율적이고 신뢰받는 사용자 확보 채널임을 입증했다.
                    



사진=로빈후드

                이러한 시장 지배력은 미국 대표 투자 플랫폼 로빈후드(Robinhood)가 차세대 핵심 사업으로 실물자산(RWA) 시장에 진출하면서 구체적으로 드러난다. 로빈후드는 미국 주식 및 ETF를 토큰화해 유럽 시장부터 서비스를 시작했으며, 이를 위한 초기 기술 파트너로 아비트럼(Arbitrum)을 선택했다. 이 전략은 사용자에게 24시간 거래, 온체인 자산 보관 및 활용이라는 새로운 금융 경험을 제공하며, 장기적으로는 오픈AI 같은 비상장 기업 주식까지 토큰화하고 궁극적으로는 자체 RWA 블록체인인 “로빈후드 체인”을 구축하는 것을 목표로 한다.
                    



사진=Layer3

                이 과정에서 로빈후드는 사용자 교육 및 온보딩 파트너로 레이어3를 단독 선정했다. 수백만 명의 사용자들이 레이어3의 퀘스트 시스템을 통해 RWA라는 새로운 개념을 학습하고, 로빈후드 월렛을 통해 아비트럼 기반의 실물자산 투자 여정을 직접 체험하도록 설계된 것이다. 이 사례는 레이어3가 단순한 디앱 마케팅 도구를 넘어, 글로벌 금융 기업들이 신사업을 론칭할 때 가장 먼저 선택하는 전략적 파트너로 자리매김했음을 보여준다.레이어3는 현재의 성공에 안주하지 않고, 이러한 성장을 더욱 가속화하기 위한 기술적 진보를 거듭하고 있다. 그 구체적인 실행 계획이 바로 2025년 4월에 공개된 레이어3 v3다. v3는 레이어3를 단순 퀘스트 플랫폼에서 “온체인 운영체제(Onchain Operating System)”로 한 단계 도약시키는 핵심 업데이트다.- 원활한 사용자 경험: 레이어3 Wallet을 통해 체인과 가스비에 대한 고민을 없애고, 원클릭 트랜잭션과 즉각적인 보상 시스템을 도입했다. 이는 로빈후드 사용자처럼 웹3에 익숙하지 않은 다음 수백만 명의 사용자를 온보딩하기 위한 필수적인 기반이다.- 지능형 캠페인 자동화: AI 기반의 인텔(Intel) 시스템은 파트너사들이 캠페인을 배포하고 최적화하는 과정을 자동화하여 투자 대비 효과(ROI)를 극대화한다. 동시에 사용자에게는 가장 관련성 높은 맞춤형 퀘스트를 추천하여 참여도를 높인다.- 강력한 커뮤니티 형성: 계층형 스테이킹 모델은 단순 자본량이 아닌 실제 기여도에 따라 보상을 차등 지급함으로써, 플랫폼의 성장에 가장 많이 기여하는 파워 유저 커뮤니티를 육성하고 이들과의 장기적인 이해관계를 밀접하게 연결시킨다.결론적으로, 레이어3는 이미 시장에서 증명된 경제 모델과 주류 시장으로의 확장 가능성, 그리고 v3를 통한 기술 인프라를 모두 갖추었다. 이 모든 요소들은 레이어3가 지향하는 단 하나의 비전, 즉 “구글처럼 발견하고 듀오링고처럼 배우는” 웹3의 관문(Gateway)이 되겠다는 목표를 향해 정교하게 맞물려 돌아가고 있다. 5. 레이어3: 대중화를 위한 발견과 학습의 레이어레이어3는 웹3 생태계가 오랫동안 겪어온 두 가지 문제인 “발견의 혼란”과 “학습의 장벽”을 정면으로 돌파하는 성공적인 사례가 되어가고 있다. 단순히 프로젝트를 나열하는 데 그치지 않고, 사용자들이 스스로 발견하고 학습하는 통합적인 경험을 제공함으로써, 일시적인 관심을 지속적인 온체인 정체성으로 전환시키는 새로운 방식을 만들어냈다.이러한 레이어3의 방향성은 서사 중심의 퀘스트, 온체인 자격증명 큐브(CUBE), 그리고 옴니체인 인프라 같은 기술적 기반 위에서 구체화됐다. 여기에 L3 토큰을 중심으로 설계된 정교한 토크노믹스 모델과 로빈후드 같은 주류 기업들과의 파트너십은 레이어3가 단순한 실험을 넘어 시장성과 지속 가능성을 입증한 사례로 자리 잡도록 만들었다. 이 모든 요소는 레이어3가 웹3 사용자 온보딩과 참여 시장에서 독보적인 리더로 자리매김하는 데 결정적인 역할을 했다.하지만 레이어3의 앞길이 항상 순탄한 것만은 아니다. 가장 큰 과제는 “참여의 진정성”을 지속적으로 증명하는 일이다. 레이어3의 구조는 단기 보상만을 노리는 에어드랍 헌터들을 효과적으로 거르지만, 보상이 존재하는 한 학습을 가장한 숙련된 채굴형 행동 또한 함께 정교해질 수밖에 없다. 결국 큐브라는 온체인 평판이 사용자들의 실제 이해와 충성도를 반영하는지, 아니면 그저 보상을 극대화하기 위한 최적화된 행동의 결과인지 구분하는 일은 플랫폼이 반드시 풀어야 할 숙제다. 이 신뢰가 흔들리면, 그 위에 쌓인 생태계의 가치도 함께 흔들릴 수 있다.그럼에도 불구하고 레이어3가 웹3 전체에 미치는 긍정적 영향은 뚜렷하다. 기존에는 대규모 토큰 보상으로 불특정 다수의 주목을 끌던 방식이 주를 이뤘다면, 레이어3는 이를 교육 기반의 온보딩으로 전환시켰다. 프로젝트의 가치를 실제로 체험하고 이해한 사용자를 유입시키는 방식은, 프로젝트 입장에서는 더 진정성 있는 유저를, 사용자 입장에서는 의미 있는 경험을 제공받음으로써 생태계 전반을 더 건강하고 지속 가능한 방향으로 이끌 수 있다.더 나아가 레이어3는 단순한 온보딩 플랫폼을 넘어 “온체인 슈퍼앱”으로의 확장을 예고하고 있다. 사용자 퀘스트 이력과 큐브는 단순한 활동 증명을 넘어, 하나의 “온체인 신용 점수”로 작용할 가능성이 크다. 이를 통해 레이어3는 검증된 사용자에게 맞춤형 디파이 상품을 추천하거나, 비슷한 관심사를 가진 사용자들을 연결하는 새로운 소셜파이(SocialFi) 혹은 인포파이(InfoFi) 생태계를 구축할 수 있다. 즉, 발견하고 배우는 단계를 넘어, 투자하고 연결되는 경험까지 레이어3 하나의 플랫폼에서 이뤄질 수 있는 것이다.특히 전 세계적으로 주목을 받고 있는 스테이블코인과의 연결성은 향후 레이어3 성장의 핵심 동력으로 작용할 수 있다. 페이팔(PayPal), 스트라이프(Stripe) 등 주요 핀테크 기업들이 스테이블코인을 채택하고 있고, 다양한 형태의 새로운 스테이블코인이 등장하는 지금, 이들을 위한 “사용자 교육 및 초기 채택” 시장은 빠르게 커지고 있다. 레이어3는 이 시장을 선점할 수 있는 가장 유리한 위치에 있다. 새로운 스테이블코인 프로젝트들이 레이어3를 통해 사용자에게 메커니즘을 설명하고 초기 유저를 확보할 수 있으며, 나아가 $USDC 같은 스테이블코인을 보상 및 결제 수단으로 통합한다면, 더욱 편리한 플랫폼 이용이 가능해지면서 웹3 대중화의 마지막 장벽까지 허물 수 있다.결국 레이어3의 가장 큰 잠재력은, 웹3와 대중을 잇는 결정적인 다리가 되는 데 있다. 로빈후드를 포함한 여러 사례에서 보듯, 복잡한 웹3의 구조를 추상화해 사용자 친화적인 경험으로 전환시키는 레이어3의 능력은 현재로선 다른 어떤 프로토콜로도 대체하기 어렵다. 앞으로 수많은 웹2 기업들이 블록체인 시장에 진입하게 될 때, 가장 먼저 찾는 온보딩 및 교육 인프라 파트너가 레이어3가 될 것이라는 점은 분명해 보인다. 따라서 레이어3의 성공은 하나의 플랫폼만의 성과가 아니라, 웹3 전체가 대중 속으로 확장될 수 있는지를 가늠하는 중요한 바로미터가 될 것이다.포필러스(Four Pillars)는 글로벌 블록체인 전문 리서치 기업으로, 다년간의 실무 경험을 갖춘 전문가들이 모여 글로벌 고객들에게 리서치 서비스를 제공합니다. 2023년 설립 이후 100개 이상의 프로토콜 및 기업들과 스테이블코인, 탈중앙화 금융, 인프라, 토크노믹스 등의 다양한 리서치를 진행하며, 산업 전반의 정보 비대칭을 해소하고 블록체인의 실질적인 도입과 성장을 지원하는 것을 목표로 하고 있습니다.면책조항본 글은 Stable의 후원을 받은 저자의 독립적인 연구를 바탕으로 작성되었습니다. 본 글은 일반적인 정보 제공을 목적으로 작성되었으며, 법률, 사업, 투자 또는 세금 관련 조언을 제공하지 않습니다. 본 글을 기반으로 투자 결정을 내리거나 이를 회계, 법률, 세무 지침으로 사용해서는 안됩니다. 특정 자산이나 증권에 대한 언급은 정보 제공의 목적일 뿐, 투자에 대한 추천이 아님을 밝힙니다. 본 글에서 표현된 의견은 저자의 개인적인 의견이며, 관련된 기관, 조직 또는 개인의 견해를 반영하지 않을 수 있습니다. 본 글에 반영된 의견은 사전고지 없이 변경될 수 있음을 유의하십시오.본 리포트는 매체 편집 방향과 무관하며, 모든 책임은 정보 제공자에게 있습니다.",https://www.hankyung.com/article/202507249481O,2025.07.24 13:39
고금리 이자 폭탄 피하는 법! 증권사 대출 3%대로 줄이기,,"전송종목 : 아나패스, 한국자산신탁, 태웅로직스, 티씨머티리얼즈, 현대퓨처넷




 

최근 주식 투자자들 사이에서 주식대출(미수/신용융자 등)의 고금리에 대한 부담이 커지고 있다.특히 저금리를 적용 받고 싶어도, 기존 대출을 상환하고 다시 주식을 매수해야 하는 번거로운 절차와 자금 조달의 어려움이 발목을 잡고 있다.이런 현실적인 문제를 해결하고자, 무빙스탁이 ‘증권사 신용, 대환자금대출’ 서비스를 전격 출시했다.이 상품은 주식을 매도하지 않고도, 기존의 고금리의 주식대출(미수/신용융자 등)의 3%대의 혁신적인 저금리 증권사로 전환할 수 있도록 상환자금을 제공하는 것이 핵심이다.무빙스탁 관계자는 “현재 증권사 이벤트 금리는 연 3%대 수준으로, 기존 9~10%대 고금리를 적용받는 투자자라면 절감 효과가 상당하다”며, 금리를 5%만 낮추면 “1억원 신용대출 기준으로 연간 약 500만원, 3억원이라면 1,500만원까지도 절약할 수 있다”고 밝혔다.더 놀라운 점은, 현재는 이벤트 기간으로 대환자금대출 신청시 발생하는 이자 비용까지 ‘0원’이라는 사실이다. 대환자금에 대해서 하루의 대출이자도 부담하지 않고 기존 고금리 대출을 저금리로 전환할 수 있어, 고금리 부담에 시달리던 투자자들에게 큰 호응을 얻을 전망이다.이 서비스는 부동산 시장에서 흔히 이용되던 대환대출 개념을 증권시장에 도입한 혁신적인 시도로, 주식 투자자들의 자금 운용에 새로운 대안을 제시할 것으로 기대된다.무빙스탁 ‘증권사 신용, 대환자금대출’의 비용 무료 이벤트는 이벤트 기간 동안 한정적으로 제공되는 만큼, 신용융자를 이용 중인 투자자라면 지금 바로 확인해볼 필요가 있다.★ 장마감 시간이 가까워질수록 문의가 많아 상담이 지연될 수 있습니다.★ 7월 문의하신 고객들이 많이 보유하신 종목으로는 삼성전자, POSCO홀딩스, 셀트리온, 포스코퓨처엠, 에코프로비엠, NAVER, 에코프로, 삼성SDI, LG화학, SK하이닉스, 두산에너빌리티, 카카오, SK이노베이션, LG에너지솔루션, 엘앤에프, 삼천당제약, 현대차, 알테오젠, HPSP, LG전자 등이 있습니다.★ 안내사항과도한 빚은 당신에게 큰 불행을 안겨줄 수 있습니다. 대출 시 신용등급 하락으로 다른 금융거래가 제약받을 수 있습니다. 중개수수료를 요구하거나 받는 것은 불법입니다.상호명: ㈜단비대부 2021-서울영등포-2102(대부업) | TEL: 1544-4886 | 대출금리: 연 20%이내(연체금리는 약정금리+3%p이내, 최대 연 20%이내) | 단, 2021. 7. 7.부터 신규체결, 갱신, 연장되는 계약에 한함 | 채무의 조기상환 조건 및 부대비용 없음. (단, 신용조회비용 및 담보권설정비용 있음), 이자 외 별도로 중개수수료를 요구하거나 수취하는 것은 불법입니다. | 대표이사: 박동원 | 사업자등록번호: 274-86-00231 | 등록기관명칭: 서울 영등포구청(담당부서: 일자리경제과, 02-2670-3420) | 소재지 : 서울 영등포구 여의대방로67길 11, 5층 517호 | 개인정보관리자메일: help@danbifund.co.kr무료상담",https://www.hankyung.com/article/202507173380a,2025.07.17 10:28
이자 폭탄 막자! 증권사 신용대출 3%대 전환으로 절약하는 법,,"전송종목 : 유라테크, SM C&C, 시너지이노베이션, 대원미디어, 인탑스최근 주식 투자자들 사이에서 주식대출(미수/신용융자 등)의 고금리에 대한 부담이 커지고 있다.특히 저금리를 적용 받고 싶어도, 기존 대출을 상환하고 다시 주식을 매수해야 하는 번거로운 절차와 자금 조달의 어려움이 발목을 잡고 있다.이런 현실적인 문제를 해결하고자, 무빙스탁이 ‘증권사 신용, 대환자금대출’ 서비스를 전격 출시했다.이 상품은 주식을 매도하지 않고도, 기존의 고금리의 주식대출(미수/신용융자 등)의 3%대의 혁신적인 저금리 증권사로 전환할 수 있도록 상환자금을 제공하는 것이 핵심이다.무빙스탁 관계자는 “현재 증권사 이벤트 금리는 연 3%대 수준으로, 기존 9~10%대 고금리를 적용받는 투자자라면 절감 효과가 상당하다”며, 금리를 5%만 낮추면 “1억원 신용대출 기준으로 연간 약 500만원, 3억원이라면 1,500만원까지도 절약할 수 있다”고 밝혔다.더 놀라운 점은, 현재는 이벤트 기간으로 대환자금대출 신청시 발생하는 이자 비용까지 ‘0원’이라는 사실이다. 대환자금에 대해서 하루의 대출이자도 부담하지 않고 기존 고금리 대출을 저금리로 전환할 수 있어, 고금리 부담에 시달리던 투자자들에게 큰 호응을 얻을 전망이다.이 서비스는 부동산 시장에서 흔히 이용되던 대환대출 개념을 증권시장에 도입한 혁신적인 시도로, 주식 투자자들의 자금 운용에 새로운 대안을 제시할 것으로 기대된다.무빙스탁 ‘증권사 신용, 대환자금대출’의 비용 무료 이벤트는 이벤트 기간 동안 한정적으로 제공되는 만큼, 신용융자를 이용 중인 투자자라면 지금 바로 확인해볼 필요가 있다.★ 장마감 시간이 가까워질수록 문의가 많아 상담이 지연될 수 있습니다.★ 7월 문의하신 고객들이 많이 보유하신 종목으로는 삼성전자, POSCO홀딩스, 셀트리온, 포스코퓨처엠, 에코프로비엠, NAVER, 에코프로, 삼성SDI, LG화학, SK하이닉스, 두산에너빌리티, 카카오, SK이노베이션, LG에너지솔루션, 엘앤에프, 삼천당제약, 현대차, 알테오젠, HPSP, LG전자 등이 있습니다.★ 안내사항과도한 빚은 당신에게 큰 불행을 안겨줄 수 있습니다. 대출 시 신용등급 하락으로 다른 금융거래가 제약받을 수 있습니다. 중개수수료를 요구하거나 받는 것은 불법입니다.상호명: ㈜단비대부 2021-서울영등포-2102(대부업) | TEL: 1544-4886 | 대출금리: 연 20%이내(연체금리는 약정금리+3%p이내, 최대 연 20%이내) | 단, 2021. 7. 7.부터 신규체결, 갱신, 연장되는 계약에 한함 | 채무의 조기상환 조건 및 부대비용 없음. (단, 신용조회비용 및 담보권설정비용 있음), 이자 외 별도로 중개수수료를 요구하거나 수취하는 것은 불법입니다. | 대표이사: 박동원 | 사업자등록번호: 274-86-00231 | 등록기관명칭: 서울 영등포구청(담당부서: 일자리경제과, 02-2670-3420) | 소재지 : 서울 영등포구 여의대방로67길 11, 5층 517호 | 개인정보관리자메일: help@danbifund.co.kr무료상담",https://www.hankyung.com/article/202507145609a,2025.07.14 10:28
"'드디어 빨간불' 삼성전자, 7만원 넘길 수 있을까 [선한결의 이기업 왜이래]","삼성전자 연중 최고가…4일째 상승 행진
26만 개미투자자 '드디어 평균 수익 전환'
증권가 “실적 저점 통과 중”","사진=뉴스1

                삼성전자 주가가 외국인 매수세에 힘입어 연중 최고치를 연일 새로 쓰고 있다. 주가가 오르면서 개인투자자 상당수 수익률도 ‘플러스’로 돌아섰다. 증권가 안팎에선 삼성전자가 작년 9월 이후 10개월만에 ‘7만전자’가 될 수 있을지 주목하는 분위기다.   26만 개인투자자 '드디어 수익권'18일 삼성전자는 0.6% 오른 6만7100원에 장을 마감했다. 이날까지 4거래일 연속 상승해 연중 최고가를 새로 썼다. 이날 삼성전자 종가는 네이버페이 ‘내 자산’ 서비스와 증권 계좌를 연동한 삼성전자 투자자 26만6186명의 평균 매수 단가 6만7054원을 0.07% 웃돈다. 올들어 처음으로 이 종목에 투자한 개인투자자들의 평균 수익 여부가 ‘빨간불’로 돌아선 셈이다.삼성전자는 올초부터 지난달 말까지 11.99% 상승했다. 같은 기간 코스피지수는 28.04% 오른 것에 비하면 시총 1위 호칭이 무색한 상승세다. 이 기간 SK하이닉스가 70.56% 뛴 것을 고려하면 더욱 상대적으로 부진한 상승세를 보였다. 하지만 이달 들어선 상황이 바뀌었다. 외국인 투자자가 삼성전자 주식을 대거 사들이면서 주가가 본격적으로 반등했다. 외국인은 이달 1일부터 18일까지 삼성전자 주식을 1조8767억8349만원어치 순매수했다. 이 기간 외국인 국내 주식 순매수 1위다. 이날 삼성전자 외국인 지분율은 50.08%로, 지난 4월 25일 이후 처음으로 50%를 넘었다.이같은 외인 매수세에 삼성전자 주가는 이달 1~18일 11.46% 상승했다. 같은 기간 코스피지수 상승률(3.19%)을 크게 앞질렀다. 증권가 ""7만전자 간다…8만도 가능""증권가는 삼성전자의 주가가 더 오를 여력이 있다고 보는 분위기다. 이달 중 삼성전자에 대한 투자의견을 낸 22개 증권사의 평균 목표주가는 7만5860원이다.지난 8일 삼성전자의 잠정 실적 발표 이후 현대차증권·다올투자증권·DS투자증권이 각각 제시한 7만1000원이 이달 들어 가장 낮은 목표가다. 반면 같은 기간 KB증권은 8만2000원, LS증권은 8만3000원을 제시했다.삼성전자는 시장 전망치를 크게 밑도는 올 2분기 잠정 실적을 발표했다. 연결 기준으로 영업이익은 지난해 같은 기간에 비해 55.94% 감소한 4조6000억원을 냈다. 삼성전자 분기 영업이익이 5조원 아래로 내려간 것은 2023년 4분기 이후 6개분기만이다. 매출은 74조원으로 전년동기 대비 0.09%, 전 분기 대비 6.49% 줄었다.시장에선 삼성전자가 ‘실적 바닥’을 통과하고 있다는 분석이 나온다. 김운호 IBK투자증권 연구원은 “2분기를 저점으로 실적이 개선될 것”이라며 “고대역폭메모리(HBM) 상황도 지금보다 악화되진 않을 것”이라고 말했다.일각에선 최근 미국이 중국에 대한 AI GPU 수출 재개를 허가한 게 삼성전자에 기회가 될 수 있다는 전망도 나온다. 미국 정부는 최근 엔비디아의 H20칩 중국 수출을 허가했다. H20은 엔비디아가 미국의 반도체 수출 규제를 우회하기 위해 사양을 낮춰 만든 AI 칩이다. 삼성전자는 지난해부터 엔비디아 H20 제품에 4세대 HBM인 HBM3을 공급해왔다. 엔비디아의 H20 중국 수출이 재개되면 삼성전자의 HBM 매출도 그만큼 늘어날 수 있다. 차용호 LS증권 연구원은 “H20 판매와 H20 울트라 출시가 재개된다면 삼성전자에 기회가 될 것”이라고 말했다.  ""2분기가 실적 저점…주가 여전히 저평가""증권가에선 연내 삼성전자 주가 향배 관건으로 HBM의 엔비디아 공급망 진입, 파운드리 사업 적자 축소 등을 꼽고 있다. HBM3E 12단 개선제품의 엔비디아 퀄 테스트 통과와 HBM4(6세대) 제품의 양산, 파운드리 수익성 개선 등이 실적 돌파구가 될 수 있다는 전망이다.김영건 미래에셋증권 연구원은 “최근 글로벌 가속기 산업의 구매 주체들은 엔비디아·TSMC·SK하이닉스로 이어지는 단일 공급망 체제에 의존하고 있다”며 “이에 대한 유일한 대안은 삼성전자의 경쟁력 회복”이라고 분석했다. 류형근 대신증권 연구원은 “삼성전자는 여전히 ‘좋은 주식’이 될 수 있다고 본다”며 “범용반도체 경쟁력 강화, 파운드리 적자 축소 등 사업 경쟁력 회복 조짐이 일부 보이고 있고, 비영업 부문에서의 효율화 노력, 추가 주주환원 기대감 등을 고려하면 주가가 여전히 저평가 상태”라고 분석했다. 노근창 현대차증권 리서치센터장은 “현재 삼성전자 주가는 기간 조정이 마무리되는 구간”이라며 “올 2분기가 실적 저점으로 예상되는 만큼, 저점 매수가 유효한 전략”이라고 진단했다.선한결 기자 always@hankyung.com",https://www.hankyung.com/article/202507187944i,2025.07.20 16:14
비트코인이 오르는데 이 종목은 왜 오를까?,,"경유레카는 한국경제신문의 디지털 미디어인 한경닷컴에서 개발한 개별 종목에대한인공지능(AI) 알고리즘 업체의 투자 의견을 종합한 'AI 컨센서스'를 제공하는 서비스입니다. '한경유레카' 앱은 구글 플레이 스토어 혹은 앱스토어에서 내려받을 수 있습니다.





지난 14일 비트코인이 12만달러를 넘어서면서 사상 신고가를 경신했다.비트코인이 상승하면서 암호화폐 관련주들도 상승흐름을 보였는데 그 중 하나인 우리기술투자도 상승흐름을 보였다. 우리기술투자는 6개월동안 약 40% 정도의 상승세를 보였다.한경이 만든 종목추천 AI알고리즘들의 종합 플랫폼에 입점되어 있는 알고리즘인 쏨은 지난 6월 13일 우리기술투자를 추천하여 7월 10일에 매도했다.매수추천가는 9,610원이었으며 매도추천가는 11,570원이었으며 수익률은 20%를 차지했다. 우리기술투자가 암호화폐 관련주로 꼽히는 이유는 비트코인 거래소의 지분율을 가지고 있기때문이다.이에 관련된 자세한 내용은 한경유레카 인사이트 콘텐츠에서 확인가능하다. 





본 글은 투자 참고용입니다.제주반도체 NAVER 카카오페이 제일일렉트릭 미래반도체",https://www.hankyung.com/article/202507161964a,2025.07.16 15:46
"증권사 신용대출, 3%대 금리로 바꾸는 가장 쉬운 방법",,"전송종목 : 롯데이노베이트, 디케이티, 엘앤씨바이오, 씨에스베어링, 슈어소프트테크최근 주식 투자자들 사이에서 주식대출(미수/신용융자 등)의 고금리에 대한 부담이 커지고 있다.특히 저금리를 적용 받고 싶어도, 기존 대출을 상환하고 다시 주식을 매수해야 하는 번거로운 절차와 자금 조달의 어려움이 발목을 잡고 있다.이런 현실적인 문제를 해결하고자, 무빙스탁이 ‘증권사 신용, 대환자금대출’ 서비스를 전격 출시했다.이 상품은 주식을 매도하지 않고도, 기존의 고금리의 주식대출(미수/신용융자 등)의 3%대의 혁신적인 저금리 증권사로 전환할 수 있도록 상환자금을 제공하는 것이 핵심이다.무빙스탁 관계자는 “현재 증권사 이벤트 금리는 연 3%대 수준으로, 기존 9~10%대 고금리를 적용받는 투자자라면 절감 효과가 상당하다”며, 금리를 5%만 낮추면 “1억원 신용대출 기준으로 연간 약 500만원, 3억원이라면 1,500만원까지도 절약할 수 있다”고 밝혔다.더 놀라운 점은, 현재는 이벤트 기간으로 대환자금대출 신청시 발생하는 이자 비용까지 ‘0원’이라는 사실이다. 대환자금에 대해서 하루의 대출이자도 부담하지 않고 기존 고금리 대출을 저금리로 전환할 수 있어, 고금리 부담에 시달리던 투자자들에게 큰 호응을 얻을 전망이다.이 서비스는 부동산 시장에서 흔히 이용되던 대환대출 개념을 증권시장에 도입한 혁신적인 시도로, 주식 투자자들의 자금 운용에 새로운 대안을 제시할 것으로 기대된다.무빙스탁 ‘증권사 신용, 대환자금대출’의 비용 무료 이벤트는 이벤트 기간 동안 한정적으로 제공되는 만큼, 신용융자를 이용 중인 투자자라면 지금 바로 확인해볼 필요가 있다.★ 장마감 시간이 가까워질수록 문의가 많아 상담이 지연될 수 있습니다.★ 7월 문의하신 고객들이 많이 보유하신 종목으로는 삼성전자, POSCO홀딩스, 셀트리온, 포스코퓨처엠, 에코프로비엠, NAVER, 에코프로, 삼성SDI, LG화학, SK하이닉스, 두산에너빌리티, 카카오, SK이노베이션, LG에너지솔루션, 엘앤에프, 삼천당제약, 현대차, 알테오젠, HPSP, LG전자 등이 있습니다.★ 안내사항과도한 빚은 당신에게 큰 불행을 안겨줄 수 있습니다. 대출 시 신용등급 하락으로 다른 금융거래가 제약받을 수 있습니다. 중개수수료를 요구하거나 받는 것은 불법입니다.상호명: ㈜단비대부 2021-서울영등포-2102(대부업) | TEL: 1544-4886 | 대출금리: 연 20%이내(연체금리는 약정금리+3%p이내, 최대 연 20%이내) | 단, 2021. 7. 7.부터 신규체결, 갱신, 연장되는 계약에 한함 | 채무의 조기상환 조건 및 부대비용 없음. (단, 신용조회비용 및 담보권설정비용 있음), 이자 외 별도로 중개수수료를 요구하거나 수취하는 것은 불법입니다. | 대표이사: 박동원 | 사업자등록번호: 274-86-00231 | 등록기관명칭: 서울 영등포구청(담당부서: 일자리경제과, 02-2670-3420) | 소재지 : 서울 영등포구 여의대방로67길 11, 5층 517호 | 개인정보관리자메일: help@danbifund.co.kr무료상담",https://www.hankyung.com/article/202507047515a,2025.07.04 09:33
"""그런 걸 왜 쓰냐"" 무시당하더니 '대반전'…2030도 반했다","삼성폰 역대급 판매량 찍나

갤럭시Z폴드·플립 공개 직후
'갤럭시' 검색량 S 시리즈 넘어
긍정적 언급 비율 83%로 압도
일각선 ""최다 사전 판매량"" 전망","지난 15일 서울 서초구 삼성 강남에서 시민들이 갤럭시Z폴드7을 살펴보고 있다.  /사진=연합뉴스

삼성전자가 선보인 초슬림 폴더블 스마트폰 '갤럭시Z폴드·플립7'이 갤럭시S 시리즈를 뛰어넘는 화제성을 불러일으키면서 Z 시리즈 중 역대 최다 사전 판매량을 기록할 수 있다는 전망에 힘이 실리고 있다. '갤럭시' 검색량, Z폴드·플립7이 S 시리즈 넘어18일 국내 최대 포털인 네이버 데이터랩에 따르면 Z폴드·플립7 공개 당시 '갤럭시' 검색량이 갤럭시S25 시리즈를 선보였던 때보다 많은 것으로 나타났다. Z폴드·플립7 공개 다음 날인 지난 10일은 올 1월부터 전날까지 '갤럭시' 검색량이 가장 많은 날로 확인됐다. 갤럭시S25 시리즈 공개 당일은 지난 1월23일 '갤럭시' 검색량은 91 수준을 기록했다. 검색어를 조회한 기간 중 검색량이 가장 많은 날(7월10일)을 100으로 보고 상대적 수치를 표시한 값이다. Z폴드·플립7 공개 당일인 지난 9일의 경우 밤 11시에 발표됐는데도 검색량이 71을 나타냈다.삼성전자는 삼성닷컴을 통해 진행했던 Z폴드·플립7 사전 구매 알림 신청 참여자 수가 공개 전날인 지난 8일 기준으로 14일 만에 16만명을 돌파했다고 알렸다. 공개 전 이미 흥행 조짐이 보이기 시작한 것. 지난해와 올해를 통틀어 보더라도 Z폴드·플립7 공개 당시 '갤럭시' 검색량이 S 시리즈를 모두 넘어섰다. 지난해부터 전날까지 '갤럭시' 검색량을 조회한 결과 Z폴드·플립7은 지난 10일 기준 65를 기록했고 S24 시리즈가 60, S25 시리즈가 59를 나타냈다. 이 기간 갤럭시 검색량이 가장 많은 날은 Z폴드·플립6 공개 하루 뒤인 지난해 7월11일이다. 긍정적 언급량도 압도적으로 많았다. 빅데이터 분석 플랫폼 썸트렌드에 따르면 Z폴드·플립7 공개일인 지난 9일부터 전날까지 '갤럭시'가 언급된 국내 블로그 게시글 1만9951건을 분석한 결과 긍정적 단어 언급량이 차지한 비율은 83.6%(3만528건)에 달했다. 부정 비율은 9.2%(3346건)에 그쳤다. 나머지 7.3%(2657건)는 중립으로 구분됐다. 삼성전자가 전날 자사 유튜브 채널을 통해 공개한 Z폴드·플립7 홍보영상 2건은 하루 만에 40만회에 가까운 조회수를 기록하고 있다. 
                    



지난 15일 서울 서초구 삼성 강남에서 시민들이 갤럭시Z폴드7을 살펴보고 있다.  /사진=연합뉴스

 Z폴드·플립7 흥행 여부, 2030세대 선택 '촉각'Z폴드·플립 시리즈의 핵심 사용자층은 2030세대다. Z폴드·플립7 흥행 여부도 2030세대 선택에 좌우될 가능성이 큰 이유다. Z폴드·플립6의 경우 사전 판매 기간 구매자 중 절반은 2030세대로 나타났다. 전작(Z폴드·플립5) 사전 판매 때보다 비중이 7%포인트 더 늘어난 셈이다. Z폴드·플립7 공개 후 첫 주말이었던 지난 12일과 사전 판매를 시작한 이달 15일 삼성 매장엔 1030세대 방문객들이 줄을 이었다. 지난 12일 오후 한때 삼성스토어 홍대엔 Z폴드·플립7이 진열된 1층에만 90여명에 가까운 방문객이 찾았는데 이들 중 절반 이상이 1030세대였다. 사전 판매 첫날인 지난 15일 오전 삼성 강남엔 20~30대 여성들이 비교적 많았다. 매장을 찾은 20~30대 방문객들은 ""예전엔 폴더블폰을 왜 쓰나 했는데 이번 제품은 완성도가 올라간 것 같다"", ""아이폰을 쓰는데 다음 폰으로 고민하고 있다""는 등의 반응을 보였다.  Z폴드·플립7 ""역대 최다 사전 판매량"" 전망도 업계 일각에선 Z폴드·플립7 사전 판매량이 역대 최다 기록을 갈아치울 가능성을 제기하고 있다. 역대 Z폴드·플립 시리즈 중 사전 판매량이 가장 많은 모델은 Z폴드·플립5로 총 102만대를 팔아치웠다. Z폴드·플립6는 사전 판매량이 91만에 그쳤다. 역대 최다 판매량을 예상하는 또 다른 이유는 국내 이동통신시장이 과열되고 있는 흐름과 무관하지 않다. 최근 국내 시장은 SK텔레콤 해킹 사태에 따른 번호이동 위약금 면제 조치가 발표되면서 과열 조짐을 보였다. KT·LG유플러스는 가입자 혜택을 확대하는 등 공격적인 마케팅으로 신규 고객 유치에 총력을 기울이다 일부 매장에서 도를 넘어선 홍보활동을 벌이기도 했다.신규 고객 유치에 주력하는 와중에 신제품 출시가 맞물리면서 이통3사가 판매량을 끌어올리는 데 집중하는 만큼 최다 기록을 갈아치울 가능성도 커진다는 관측이다. 사전 판매 이후에도 판매량이 높게 유지될 수 있다는 관측이 나온다. 휴대폰 보조금 상한을 설정한 단말기유통법이 오는 22일 폐지돼서다. Z폴드·플립7 사전 판매 종료 다음 날이다. 국내 공식 출시일은 오는 25일. 보조금 상한이 없는 상태에서 Z폴드·플립7이 본격적으로 판매된다. 김대영 한경닷컴 기자 kdy@hankyung.com",https://www.hankyung.com/article/202507174282g,2025.07.18 09:00
고금리 OUT! 증권사 신용대출 3%대로 전환하는 방법,,"전송종목 : 한화, DB하이텍, CJ, LX인터내셔널, 세아베스틸지주최근 주식 투자자들 사이에서 주식대출(미수/신용융자 등)의 고금리에 대한 부담이 커지고 있다.특히 저금리를 적용 받고 싶어도, 기존 대출을 상환하고 다시 주식을 매수해야 하는 번거로운 절차와 자금 조달의 어려움이 발목을 잡고 있다.이런 현실적인 문제를 해결하고자, 무빙스탁이 ‘증권사 신용, 대환자금대출’ 서비스를 전격 출시했다.이 상품은 주식을 매도하지 않고도, 기존의 고금리의 주식대출(미수/신용융자 등)의 3%대의 혁신적인 저금리 증권사로 전환할 수 있도록 상환자금을 제공하는 것이 핵심이다.무빙스탁 관계자는 “현재 증권사 이벤트 금리는 연 3%대 수준으로, 기존 9~10%대 고금리를 적용받는 투자자라면 절감 효과가 상당하다”며, 금리를 5%만 낮추면 “1억원 신용대출 기준으로 연간 약 500만원, 3억원이라면 1,500만원까지도 절약할 수 있다”고 밝혔다.더 놀라운 점은, 현재는 이벤트 기간으로 대환자금대출 신청시 발생하는 이자 비용까지 ‘0원’이라는 사실이다. 대환자금에 대해서 하루의 대출이자도 부담하지 않고 기존 고금리 대출을 저금리로 전환할 수 있어, 고금리 부담에 시달리던 투자자들에게 큰 호응을 얻을 전망이다.이 서비스는 부동산 시장에서 흔히 이용되던 대환대출 개념을 증권시장에 도입한 혁신적인 시도로, 주식 투자자들의 자금 운용에 새로운 대안을 제시할 것으로 기대된다.무빙스탁 ‘증권사 신용, 대환자금대출’의 비용 무료 이벤트는 이벤트 기간 동안 한정적으로 제공되는 만큼, 신용융자를 이용 중인 투자자라면 지금 바로 확인해볼 필요가 있다.★ 장마감 시간이 가까워질수록 문의가 많아 상담이 지연될 수 있습니다.★ 7월 문의하신 고객들이 많이 보유하신 종목으로는 삼성전자, POSCO홀딩스, 셀트리온, 포스코퓨처엠, 에코프로비엠, NAVER, 에코프로, 삼성SDI, LG화학, SK하이닉스, 두산에너빌리티, 카카오, SK이노베이션, LG에너지솔루션, 엘앤에프, 삼천당제약, 현대차, 알테오젠, HPSP, LG전자 등이 있습니다.★ 안내사항과도한 빚은 당신에게 큰 불행을 안겨줄 수 있습니다. 대출 시 신용등급 하락으로 다른 금융거래가 제약받을 수 있습니다. 중개수수료를 요구하거나 받는 것은 불법입니다.상호명: ㈜단비대부 2021-서울영등포-2102(대부업) | TEL: 1544-4886 | 대출금리: 연 20%이내(연체금리는 약정금리+3%p이내, 최대 연 20%이내) | 단, 2021. 7. 7.부터 신규체결, 갱신, 연장되는 계약에 한함 | 채무의 조기상환 조건 및 부대비용 없음. (단, 신용조회비용 및 담보권설정비용 있음), 이자 외 별도로 중개수수료를 요구하거나 수취하는 것은 불법입니다. | 대표이사: 박동원 | 사업자등록번호: 274-86-00231 | 등록기관명칭: 서울 영등포구청(담당부서: 일자리경제과, 02-2670-3420) | 소재지 : 서울 영등포구 여의대방로67길 11, 5층 517호 | 개인정보관리자메일: help@danbifund.co.kr무료상담",https://www.hankyung.com/article/202507185996a,2025.07.18 08:53
합리적 투자 필수! 증권사 신용대출 3%대 전환으로 이자 절감,,"전송종목 : 한국카본, 삼성에스디에스, 브이티, SK가스, 한온시스템최근 주식 투자자들 사이에서 주식대출(미수/신용융자 등)의 고금리에 대한 부담이 커지고 있다.특히 저금리를 적용 받고 싶어도, 기존 대출을 상환하고 다시 주식을 매수해야 하는 번거로운 절차와 자금 조달의 어려움이 발목을 잡고 있다.이런 현실적인 문제를 해결하고자, 무빙스탁이 ‘증권사 신용, 대환자금대출’ 서비스를 전격 출시했다.이 상품은 주식을 매도하지 않고도, 기존의 고금리의 주식대출(미수/신용융자 등)의 3%대의 혁신적인 저금리 증권사로 전환할 수 있도록 상환자금을 제공하는 것이 핵심이다.무빙스탁 관계자는 “현재 증권사 이벤트 금리는 연 3%대 수준으로, 기존 9~10%대 고금리를 적용받는 투자자라면 절감 효과가 상당하다”며, 금리를 5%만 낮추면 “1억원 신용대출 기준으로 연간 약 500만원, 3억원이라면 1,500만원까지도 절약할 수 있다”고 밝혔다.더 놀라운 점은, 현재는 이벤트 기간으로 대환자금대출 신청시 발생하는 이자 비용까지 ‘0원’이라는 사실이다. 대환자금에 대해서 하루의 대출이자도 부담하지 않고 기존 고금리 대출을 저금리로 전환할 수 있어, 고금리 부담에 시달리던 투자자들에게 큰 호응을 얻을 전망이다.이 서비스는 부동산 시장에서 흔히 이용되던 대환대출 개념을 증권시장에 도입한 혁신적인 시도로, 주식 투자자들의 자금 운용에 새로운 대안을 제시할 것으로 기대된다.무빙스탁 ‘증권사 신용, 대환자금대출’의 비용 무료 이벤트는 이벤트 기간 동안 한정적으로 제공되는 만큼, 신용융자를 이용 중인 투자자라면 지금 바로 확인해볼 필요가 있다.★ 장마감 시간이 가까워질수록 문의가 많아 상담이 지연될 수 있습니다.★ 7월 문의하신 고객들이 많이 보유하신 종목으로는 삼성전자, POSCO홀딩스, 셀트리온, 포스코퓨처엠, 에코프로비엠, NAVER, 에코프로, 삼성SDI, LG화학, SK하이닉스, 두산에너빌리티, 카카오, SK이노베이션, LG에너지솔루션, 엘앤에프, 삼천당제약, 현대차, 알테오젠, HPSP, LG전자 등이 있습니다.★ 안내사항과도한 빚은 당신에게 큰 불행을 안겨줄 수 있습니다. 대출 시 신용등급 하락으로 다른 금융거래가 제약받을 수 있습니다. 중개수수료를 요구하거나 받는 것은 불법입니다.상호명: ㈜단비대부 2021-서울영등포-2102(대부업) | TEL: 1544-4886 | 대출금리: 연 20%이내(연체금리는 약정금리+3%p이내, 최대 연 20%이내) | 단, 2021. 7. 7.부터 신규체결, 갱신, 연장되는 계약에 한함 | 채무의 조기상환 조건 및 부대비용 없음. (단, 신용조회비용 및 담보권설정비용 있음), 이자 외 별도로 중개수수료를 요구하거나 수취하는 것은 불법입니다. | 대표이사: 박동원 | 사업자등록번호: 274-86-00231 | 등록기관명칭: 서울 영등포구청(담당부서: 일자리경제과, 02-2670-3420) | 소재지 : 서울 영등포구 여의대방로67길 11, 5층 517호 | 개인정보관리자메일: help@danbifund.co.kr무료상담",https://www.hankyung.com/article/202507083727a,2025.07.08 08:43
"화성특례시, 가족형 물놀이시설 '동탄 패밀리풀, 오는 19일 시범운영 개장'",가족친화형 복합 공원,"화성특례시가 오는 19일 시범운영형태로 개장하는 '동탄패밀리풀' 전경.화성특례시 제공

                화성특례시가 가족형 물놀이시설이 있는 동탄 패밀리풀을 오는 19일 시범운영 형태로 개장한다고 14일 밝혔다.동탄 패밀리풀은 동탄1신도시 2단계 문화공원 1호 부지 내(석우동 654번지 일원)에 조성됐으며, 총면적 7만 4232㎡ 가운데 물놀이 관련 공간만 약 1만9000㎡에 달하는 대규모 복합 공원이다.시는 동탄 패밀리풀은 아쿠아풀, 유아풀, 힐링온수풀, 탈의실, 샤워실, 파라솔, 그늘막 완비 등이 완비된 복합 공원으로 시범운영인 오는 8월 31일까지 6주간 무료 개방한다.동탄 패밀리풀은 가족 단위로 함께 즐길 수 있는 물놀이 시설과 편의 공간을 갖춘 가족친화형 복합 공원이다.운영시간은 오전 10시부터 오후 5시까지로 매 정시 50분 운영 후 10분간 휴식 시간이 주어지고 정오 12시부터 오후 1시까지는 시설 정비시간으로 활용된다. 매주 월요일은 정기 휴장일이다.패밀리풀은 네이버 예약시스템을 통해 누구나 예약이 가능하며, 시범운영 기간에는 일일 약 500명 규모로 제한해 운영될 예정이다.예약은 이용일 기준 3일 전 0시부터 가능하며, 노쇼(무단 미이용) 방지를 위해 예약 후 미이용 시 10일간 예약이 제한된다.물놀이 시설로는 △수심 0.87m의 아쿠아풀(2,990㎡) △유아 전용 유아풀(254㎡), △플로팅리버풀(765㎡) △34℃ 온수를 활용한 힐링온수풀(116㎡) △포레스트블루(음악분수)이 조성됐다.이 밖에 △강변 전망 마루(422㎡)에는 전망대, 휴게실, 화장실, 관리사무소 등이 조성돼 있으며, 석우리 천을 조망하며 휴식할 수 있는 공간으로 꾸며졌다.쾌적한 이용을 위한 부대시설로는 △외부 화장실 1동 △탈의실 2동 △야외샤워장 1동 △에어커튼 △파라솔 52 개소 △파고라 17개소 △그늘막 31개소 △평상 19개소가 마련됐다. 더욱이,여름철 냉방 효과를 높이는 △쿨링포그, 야간 경관을 위한 △LED 벼조명 등의 특화시설이 설치되어 시민 누구나 안전하고 편리하게 시설을 이용할 수 있다.시는 동탄 패밀리풀 개장을 앞두고 시민들이 더욱 안전하고 쾌적하게 시설을 이용할 수 있도록 전반적인 점검을 강화했다.정명근 화성특례시장은 지난 5월 동탄 패밀리풀 조성 현장을 직접 찾아 운영 준비 상황을 면밀히 살피며, “시민 안전을 최우선 과제로 삼아야 한다”고 강조했다.이어 오는 18일, 개장을 하루 앞두고 다시 한번 현장을 방문해 최종 점검에 나설 예정이다.한편 시는 물놀이 이용객이 집중되는 오는 8월까지 성수기 동안에도 안전요원 운영과 시설물 관리에 대한 수시 점검 및 현장 예찰 활동을 지속해 나갈 계획이다.정명근 화성특례시장은 “시민 누구나 일상에서 즐겁게 누릴 수 있는 여가 공간이 되길 바라며, 수질과 안전, 냉방, 편의시설까지 단 하나도 소홀함 없이 개장 전까지 철저히 점검을 마무리하겠다”며 “앞으로도 시민의 눈높이에서, 시민의 삶을 완성하는 적극 행정을 이어가겠다”고 말했다.화성특례시=윤상연 기자",https://www.hankyung.com/article/202507146887h,2025.07.14 14:33
"프로그레스미디어, 네이버 프리미어 파트너사 선정",,"네이버 공식 광고대행사 프로그레스미디어가 2025년 하반기 시범 운영되는 네이버 프리미어 파트너사로 선정됐다고 4일 밝혔다.프리미어 파트너사는 네이버 광고 집행 노하우 및 성공 경험이 많고, 네이버 광고와 협업도가 높으며, 네이버 광고에 대한 높은 이해를 바탕으로 운영 안정성이 우수한 점을 기준으로 선정된다.프로그레스미디어는 네이버 검색광고 및 네이버 GFA 성과형 광고에서 부문에서 빠른 성장을 이어가고 있다.2023년 6월 네이버 월 광고 취급액은 58억 원, 2024년 6월에는 129억 원으로 약 122% 증가했으며, 2025년 6월에는 전년 동월 대비 약 85%, 2023년 동월 대비로는 약 310% 증가한 239억 원을 기록했다. 이를 바탕으로 프로그레스미디어는 2024년도 중견기업 외부 감사 법인으로서 매출액 432여억 원, 영업이익 24여억 원을 기록했다. 네이버 측은 현재 프로그레스미디어의 광고 취급액 증가와 마케터들의 광고 운영 역량을 높이 평가한 것으로 알려졌다.프로그레스미디어 관계자는 “이번 프리미어 파트너사 선정은 고객 중심의 전략과 데이터 기반 퍼포먼스를 꾸준히 실현해온 결과”라며 “앞으로도 네이버와 긴밀한 협업을 통해 광고주에게 최고의 성과를 제공하겠다”고 말했다.한편, 프로그레스미디어는 네이버 신규 ADVoost, 성과형 DA광고(GFA), 검색광고 운영 관리 AE 영업직군을 서울, 대전, 대구, 부산 퍼포먼스 센터에서 12월까지 150여 명을 충원한다.한경닷컴 뉴스룸 open@hankyung.com",https://www.hankyung.com/article/202507048586O,2025.07.04 13:56
고금리 OUT! 증권사 신용대출 3%대로 전환하는 방법,,"전송종목 : 나노신소재, KX, 와이솔, 엠에스오토텍, 코리아에프티




 

최근 주식 투자자들 사이에서 주식대출(미수/신용융자 등)의 고금리에 대한 부담이 커지고 있다.특히 저금리를 적용 받고 싶어도, 기존 대출을 상환하고 다시 주식을 매수해야 하는 번거로운 절차와 자금 조달의 어려움이 발목을 잡고 있다.이런 현실적인 문제를 해결하고자, 무빙스탁이 ‘증권사 신용, 대환자금대출’ 서비스를 전격 출시했다.이 상품은 주식을 매도하지 않고도, 기존의 고금리의 주식대출(미수/신용융자 등)의 3%대의 혁신적인 저금리 증권사로 전환할 수 있도록 상환자금을 제공하는 것이 핵심이다.무빙스탁 관계자는 “현재 증권사 이벤트 금리는 연 3%대 수준으로, 기존 9~10%대 고금리를 적용받는 투자자라면 절감 효과가 상당하다”며, 금리를 5%만 낮추면 “1억원 신용대출 기준으로 연간 약 500만원, 3억원이라면 1,500만원까지도 절약할 수 있다”고 밝혔다.더 놀라운 점은, 현재는 이벤트 기간으로 대환자금대출 신청시 발생하는 이자 비용까지 ‘0원’이라는 사실이다. 대환자금에 대해서 하루의 대출이자도 부담하지 않고 기존 고금리 대출을 저금리로 전환할 수 있어, 고금리 부담에 시달리던 투자자들에게 큰 호응을 얻을 전망이다.이 서비스는 부동산 시장에서 흔히 이용되던 대환대출 개념을 증권시장에 도입한 혁신적인 시도로, 주식 투자자들의 자금 운용에 새로운 대안을 제시할 것으로 기대된다.무빙스탁 ‘증권사 신용, 대환자금대출’의 비용 무료 이벤트는 이벤트 기간 동안 한정적으로 제공되는 만큼, 신용융자를 이용 중인 투자자라면 지금 바로 확인해볼 필요가 있다.★ 장마감 시간이 가까워질수록 문의가 많아 상담이 지연될 수 있습니다.★ 7월 문의하신 고객들이 많이 보유하신 종목으로는 삼성전자, POSCO홀딩스, 셀트리온, 포스코퓨처엠, 에코프로비엠, NAVER, 에코프로, 삼성SDI, LG화학, SK하이닉스, 두산에너빌리티, 카카오, SK이노베이션, LG에너지솔루션, 엘앤에프, 삼천당제약, 현대차, 알테오젠, HPSP, LG전자 등이 있습니다.★ 안내사항과도한 빚은 당신에게 큰 불행을 안겨줄 수 있습니다. 대출 시 신용등급 하락으로 다른 금융거래가 제약받을 수 있습니다. 중개수수료를 요구하거나 받는 것은 불법입니다.상호명: ㈜단비대부 2021-서울영등포-2102(대부업) | TEL: 1544-4886 | 대출금리: 연 20%이내(연체금리는 약정금리+3%p이내, 최대 연 20%이내) | 단, 2021. 7. 7.부터 신규체결, 갱신, 연장되는 계약에 한함 | 채무의 조기상환 조건 및 부대비용 없음. (단, 신용조회비용 및 담보권설정비용 있음), 이자 외 별도로 중개수수료를 요구하거나 수취하는 것은 불법입니다. | 대표이사: 박동원 | 사업자등록번호: 274-86-00231 | 등록기관명칭: 서울 영등포구청(담당부서: 일자리경제과, 02-2670-3420) | 소재지 : 서울 영등포구 여의대방로67길 11, 5층 517호 | 개인정보관리자메일: help@danbifund.co.kr무료상담",https://www.hankyung.com/article/202507173377a,2025.07.17 09:43
고금리 이자 폭탄 피하는 법! 증권사 대출 3%대로 줄이기,,"전송종목 : AJ네트웍스, 네오위즈, 웅진씽크빅, 엠씨넥스, 한텍




 

최근 주식 투자자들 사이에서 주식대출(미수/신용융자 등)의 고금리에 대한 부담이 커지고 있다.특히 저금리를 적용 받고 싶어도, 기존 대출을 상환하고 다시 주식을 매수해야 하는 번거로운 절차와 자금 조달의 어려움이 발목을 잡고 있다.이런 현실적인 문제를 해결하고자, 무빙스탁이 ‘증권사 신용, 대환자금대출’ 서비스를 전격 출시했다.이 상품은 주식을 매도하지 않고도, 기존의 고금리의 주식대출(미수/신용융자 등)의 3%대의 혁신적인 저금리 증권사로 전환할 수 있도록 상환자금을 제공하는 것이 핵심이다.무빙스탁 관계자는 “현재 증권사 이벤트 금리는 연 3%대 수준으로, 기존 9~10%대 고금리를 적용받는 투자자라면 절감 효과가 상당하다”며, 금리를 5%만 낮추면 “1억원 신용대출 기준으로 연간 약 500만원, 3억원이라면 1,500만원까지도 절약할 수 있다”고 밝혔다.더 놀라운 점은, 현재는 이벤트 기간으로 대환자금대출 신청시 발생하는 이자 비용까지 ‘0원’이라는 사실이다. 대환자금에 대해서 하루의 대출이자도 부담하지 않고 기존 고금리 대출을 저금리로 전환할 수 있어, 고금리 부담에 시달리던 투자자들에게 큰 호응을 얻을 전망이다.이 서비스는 부동산 시장에서 흔히 이용되던 대환대출 개념을 증권시장에 도입한 혁신적인 시도로, 주식 투자자들의 자금 운용에 새로운 대안을 제시할 것으로 기대된다.무빙스탁 ‘증권사 신용, 대환자금대출’의 비용 무료 이벤트는 이벤트 기간 동안 한정적으로 제공되는 만큼, 신용융자를 이용 중인 투자자라면 지금 바로 확인해볼 필요가 있다.★ 장마감 시간이 가까워질수록 문의가 많아 상담이 지연될 수 있습니다.★ 7월 문의하신 고객들이 많이 보유하신 종목으로는 삼성전자, POSCO홀딩스, 셀트리온, 포스코퓨처엠, 에코프로비엠, NAVER, 에코프로, 삼성SDI, LG화학, SK하이닉스, 두산에너빌리티, 카카오, SK이노베이션, LG에너지솔루션, 엘앤에프, 삼천당제약, 현대차, 알테오젠, HPSP, LG전자 등이 있습니다.★ 안내사항과도한 빚은 당신에게 큰 불행을 안겨줄 수 있습니다. 대출 시 신용등급 하락으로 다른 금융거래가 제약받을 수 있습니다. 중개수수료를 요구하거나 받는 것은 불법입니다.상호명: ㈜단비대부 2021-서울영등포-2102(대부업) | TEL: 1544-4886 | 대출금리: 연 20%이내(연체금리는 약정금리+3%p이내, 최대 연 20%이내) | 단, 2021. 7. 7.부터 신규체결, 갱신, 연장되는 계약에 한함 | 채무의 조기상환 조건 및 부대비용 없음. (단, 신용조회비용 및 담보권설정비용 있음), 이자 외 별도로 중개수수료를 요구하거나 수취하는 것은 불법입니다. | 대표이사: 박동원 | 사업자등록번호: 274-86-00231 | 등록기관명칭: 서울 영등포구청(담당부서: 일자리경제과, 02-2670-3420) | 소재지 : 서울 영등포구 여의대방로67길 11, 5층 517호 | 개인정보관리자메일: help@danbifund.co.kr무료상담",https://www.hankyung.com/article/202507160711a,2025.07.16 11:38
[속보] LG AI연구원·네이버클라우드·SKT…한국형 AI 사업 참여,,홍민성 한경닷컴 기자 mshong@hankyung.com,https://www.hankyung.com/article/2025072123497,2025.07.21 16:39
고금리 OUT! 증권사 신용대출 3%대로 전환하는 방법,,"전송종목 : 바디텍메드, 유바이오로직스, 디와이파워, SK디앤디, AP위성최근 주식 투자자들 사이에서 주식대출(미수/신용융자 등)의 고금리에 대한 부담이 커지고 있다.특히 저금리를 적용 받고 싶어도, 기존 대출을 상환하고 다시 주식을 매수해야 하는 번거로운 절차와 자금 조달의 어려움이 발목을 잡고 있다.이런 현실적인 문제를 해결하고자, 무빙스탁이 ‘증권사 신용, 대환자금대출’ 서비스를 전격 출시했다.이 상품은 주식을 매도하지 않고도, 기존의 고금리의 주식대출(미수/신용융자 등)의 3%대의 혁신적인 저금리 증권사로 전환할 수 있도록 상환자금을 제공하는 것이 핵심이다.무빙스탁 관계자는 “현재 증권사 이벤트 금리는 연 3%대 수준으로, 기존 9~10%대 고금리를 적용받는 투자자라면 절감 효과가 상당하다”며, 금리를 5%만 낮추면 “1억원 신용대출 기준으로 연간 약 500만원, 3억원이라면 1,500만원까지도 절약할 수 있다”고 밝혔다.더 놀라운 점은, 현재는 이벤트 기간으로 대환자금대출 신청시 발생하는 이자 비용까지 ‘0원’이라는 사실이다. 대환자금에 대해서 하루의 대출이자도 부담하지 않고 기존 고금리 대출을 저금리로 전환할 수 있어, 고금리 부담에 시달리던 투자자들에게 큰 호응을 얻을 전망이다.이 서비스는 부동산 시장에서 흔히 이용되던 대환대출 개념을 증권시장에 도입한 혁신적인 시도로, 주식 투자자들의 자금 운용에 새로운 대안을 제시할 것으로 기대된다.무빙스탁 ‘증권사 신용, 대환자금대출’의 비용 무료 이벤트는 이벤트 기간 동안 한정적으로 제공되는 만큼, 신용융자를 이용 중인 투자자라면 지금 바로 확인해볼 필요가 있다.★ 장마감 시간이 가까워질수록 문의가 많아 상담이 지연될 수 있습니다.★ 7월 문의하신 고객들이 많이 보유하신 종목으로는 삼성전자, POSCO홀딩스, 셀트리온, 포스코퓨처엠, 에코프로비엠, NAVER, 에코프로, 삼성SDI, LG화학, SK하이닉스, 두산에너빌리티, 카카오, SK이노베이션, LG에너지솔루션, 엘앤에프, 삼천당제약, 현대차, 알테오젠, HPSP, LG전자 등이 있습니다.★ 안내사항과도한 빚은 당신에게 큰 불행을 안겨줄 수 있습니다. 대출 시 신용등급 하락으로 다른 금융거래가 제약받을 수 있습니다. 중개수수료를 요구하거나 받는 것은 불법입니다.상호명: ㈜단비대부 2021-서울영등포-2102(대부업) | TEL: 1544-4886 | 대출금리: 연 20%이내(연체금리는 약정금리+3%p이내, 최대 연 20%이내) | 단, 2021. 7. 7.부터 신규체결, 갱신, 연장되는 계약에 한함 | 채무의 조기상환 조건 및 부대비용 없음. (단, 신용조회비용 및 담보권설정비용 있음), 이자 외 별도로 중개수수료를 요구하거나 수취하는 것은 불법입니다. | 대표이사: 박동원 | 사업자등록번호: 274-86-00231 | 등록기관명칭: 서울 영등포구청(담당부서: 일자리경제과, 02-2670-3420) | 소재지 : 서울 영등포구 여의대방로67길 11, 5층 517호 | 개인정보관리자메일: help@danbifund.co.kr무료상담",https://www.hankyung.com/article/202507035125a,2025.07.03 15:03
'민생공약협의체' 여야 같이 꾸린다,온라인플랫폼법 등 개정 추진,"더불어민주당과 국민의힘이 지난 대선에서 공통으로 내세운 공약을 현실화하는 ‘민생공약 협의체’(가칭)를 구성하기로 했다. 공통 공약 법안으로 꼽히는 온라인플랫폼법, 하도급거래공정화법 등이 7월 임시국회에서 다뤄질지 주목된다.민주당 진성준 정책위원회 의장과 이정문 수석부의장, 국민의힘 김정재 정책위 의장과 김은혜 원내정책수석부대표는 7일 국회에서 만나 이같이 의견을 모았다.여야 공통이자 민생 법안으로 제시된 온라인플랫폼법은 네이버, 쿠팡, 배달의민족 등 대형 온라인플랫폼의 독과점 및 불공정 행위 규제를 강화하는 내용이다. 플랫폼 이용자 보호를 강조하는 것도 양당 공약의 공통점이다. 다만 민주당은 정부의 감독 강화를, 국민의힘은 기업의 자율 규제를 우선시한다는 차이가 있다.하도급거래공정화법은 진 의장이 “국민의힘이 민주당보다 전향적”이라고 평가한 법안이다. 하청업체의 비용 변동분을 납품대금에 반영하는 ‘납품대금 연동제’를 강화하는 것이 양당의 공통 공약이다. 임차인이 요청하면 관리비 내역 공개를 의무화하는 상가임대차보호법 개정안, 간편결제 등의 수수료를 내리는 전자금융거래법 개정안, 산업은행에 첨단전략산업기금을 조성하는 산은법 개정안 등도 여야 공통 공약 법안이다.한편 공영방송 지배구조 개편을 골자로 하는 이른바 ‘방송 3법’이 이날 국회 과학기술정보방송통신위원회에서 민주당 주도로 통과됐다. 개정안은 11명인 KBS 이사 수를 15명으로, 9명인 방송문화진흥회(MBC) 및 EBS 이사 수를 13명으로 늘리고 추천 주체를 다양화하는 내용이다.강현우 기자 hkang@hankyung.com",https://www.hankyung.com/article/2025070732611,2025.07.07 17:48
무더위를 시원하게! 집에서 즐기는 프리미엄 냉짬뽕,"프레시지, ‘중식 여신’ 박은영 셰프의 ‘삼선 해물 냉짬뽕’ 네이버 단독 출시","간편식 전문기업 프레시지(대표이사 김주형)가 본격적인 무더위 시즌을 맞아 중식 스타 셰프 박은영과 협업해 개발한 ‘삼선 해물 냉짬뽕’을 출시한다고 밝혔다.이번 신제품은 무더위가 길어지면서 시원하고 간편하게 즐길 수 있는 여름철 간편식에 대한 소비자 수요에 응답하기 위해 기획됐다. 퍼러시지는 평소 쉽게 접하기 어려운 차별화된 메뉴를 통해 여름철 한정 수요를 선점하고, 소비자들에게 색다른 미식 경험을 제공한다는 방침이다.새롭게 선보인 ‘삼선 해물 냉짬뽕’은 손으로 치댄 듯 쫄깃한 생(生) 중화면을 사용했다. 면을 여러 번 밀어 면 사이의 기포를 제거해 전문 중식당 수준의 쫄깃한 식감을 구현했다. 육수는 국내산 무를 사용해 깊고 시원한 맛을 내면서도 배퓨레의 은은한 단맛이 어우러져 깔끔한 감칠맛을 완성한 것이 특징이다.중식 전문점 못지않은 해산물 구성도 눈길을 끈다. 오징어와 새우, 위소라를 푸짐하게 담아 한입마다 풍부한 맛과 다채로운 식감을 즐길 수 있도록 했다.프레시지는 신제품 출시를 기념하여 7월 16일 저녁 9시에 ‘신상잇쇼’ 라이브 방송을 진행하며 새롭게 출시된 ‘삼선 해물 냉짬뽕’을 소개한다. 또 네이버푸드페스타 기간인 20일까지 브랜드 쿠폰 혜택도 제공할 예정이다.프레시지 민지원 상품팀장은 “무더운 여름철 소비자들이 집에서도 시원하고 맛있는 냉짬뽕을 간편하게 즐길 수 있도록 박은영 셰프와 함께 정성껏 개발한 제품”이라며 “생 중화면의 쫄깃한 식감과 깔끔한 육수, 풍부한 해산물이 어우러진 이번 냉짬뽕을 통해 여름철 새로운 미식 경험을 선사하고 싶다”고 말했다.",https://www.hankyung.com/article/202507160691P,2025.07.16 07:45
DSR 때문에 고민하던 투자자들은 주목! 업계 최초 DSR 무관 스탁론!,,"DSR 한도가 ‘스탁론’에도 적용된 후 투자자들의 고민이 날로 깊어지고 있다. 기존 대출이 많거나 소득 증빙이 어려울 경우 예전처럼 손쉽게 스탁론을 활용하기가 어려워졌기 때문이다. 예전보다 높아진 금리로 스탁론 이용을 부담스럽게 만들고 있다.이런 상황에서 올뉴스탁론이 구원투수로 나섰다. DSR 무관 누구나 이용 가능한 스탁론 상품은 물론 연 4%대 업계 최저금리로 이용 가능한 상품을 함께 선보이며 투자자들의 선택지를 넓힌 것이다.




 

◆ 올뉴스탁론, DSR 무관 상품에 연 4%대 최저금리 상품으로 다양한 선택지를!올뉴스탁론에서 투자자들 누구나 부담 없이 스탁론을 경험할 수 있도록 연 4%대 업계 최저금리로 이용 가능한 증권 연계신용 상품을 출시했다. 주식매입은 물론 증권사 미수/신용 대환 모두 가능하며 신용등급 차등 없이 자기 자본 포함 최대 4배까지 활용할 수 있다.이와 함께 DSR 한도 때문에 기존 스탁론 활용이 어려웠던 투자자들을 위한 DSR 무관 상품도 취급 중이다. 또한 장중 거래가 어려웠던 투자자를 위한 대체거래소(NXT) 거래도 가능해졌다.올뉴스탁론에 대해 자세히 알고 싶은 투자자는 고객상담센터(☎1599-8666)로 연락하면 대출 여부와 무관하게 언제든 전문상담원과 편리하게 상담할 수 있다.○ 보유하고 있는 대출액이나 소득 무관하게! (DSR 무관)○ 최대 4배 주식자금 활용 가능! (본인 자금 포함)○ 대체거래소(NXT) 거래 가능!○ 증권 신용/미수 당일 즉시 대환 가능!○ 기존 증권사 신용, 스탁론으로 매수가 어려웠던 종목도 OK!※ 올뉴스탁론 고객상담센터 : 1599-8666바로가기 : https://allnewstockloan.co.kr?agency=HTS◆ 현 시각 관심종목 Top 10 : 한미반도체, NAVER, 현대로템, 에코프로, 서울보증보험, 피아이이, 피코그램, 프롬바이오, 비케이홀딩스, 부국증권무료상담",https://www.hankyung.com/article/202507174544a,2025.07.18 10:25
,,,https://magazine.hankyung.com/business/article/202507047702b,
완벽한 피부 표현을 위한 필수품 ‘프렙’,"브랜드 모델 노윤서와 함께한 여름 캠페인 공개

- ‘No prep, No perfect’을 주제로 스킨 퍼펙팅 라인 소개

- 메이크업의 밀착력과 지속력을 높여주는 제품으로 인기

- 땀과 유분기로 메이크업 무너짐 고민하는 고객에게 제안","신세계인터내셔날의 고기능 스킨케어 브랜드 연작(YUNJAC)은 이달 브랜드 모델인 배우 노윤서와 함께 여름철 피부 표현 노하우를 담은 시즌 캠페인 ‘노 프렙, 노 퍼펙트(No prep, No perfect)’를 공개한다고 밝혔다. 이번 캠페인은 '프렙 없이는 완벽한 피부 표현도 없다', '준비 과정 없이는 완벽함도 없다'는 두 가지 의미를 담았다. 노윤서는 연작의 베스트셀러인 스킨 퍼펙팅 라인 제품을 활용해 자신만의 피부 비법과 일상을 공개한다. 미니 브이로그 형식으로 구성된 이번 캠페인에서는 카메라 앞에 완벽한 모습으로 서기 위해 준비하는 노윤서의 모습을 보여준다. 노윤서는 프렙 제품을 사용해 어떤 각도에서도 빈틈없이 빛나는 속광을 완성하며 카메라 앞에 아름다운 얼굴을 드러낸다. 캠페인 영상 속 노윤서의 완벽한 피부를 완성한 연작의 ‘베이스프렙’은 메이크업 전 단계에서 피부에 수분을 공급해 파운데이션의 밀착력과 지속력을 높여주는 수분 베이스 제품이다. 화장이 들뜨는 것을 방지해 하루 종일 깔끔한 피부 표현을 유지하도록 돕는다. 특히, 청담동 메이크업숍에서 사용하는 제품으로 입소문이 나면서 올해 7월까지 매출이 전년 동기 대비 200% 증가할 정도로 인기다. 함께 사용하면 효과를 극대화할 수 있는 ‘프렙 워터’는 메이크업 위에 가볍게 분사하는 속광 픽서 기능의 미스트다. 공들여 스킨케어 한 듯 속광을 빠르게 연출해주고 다크닝 없이 맑고 깨끗한 피부 톤을 유지하는 데 도움을 주어 여름철 필수템으로 주목받고 있다. 연작은 캠페인 론칭을 기념해 오는 27일까지 신세계V(SHINSEGAE V), 네이버 브랜드 스토어 등 브랜드가 공식 입점된 주요 온라인몰에서 ‘프렙 워터’ 구매 시 10% 할인 혜택과 함께 휴대가 간편한 20ml 미니 사이즈 제품을 추가로 증정한다. 신세계인터내셔날 연작 관계자는 “베이스 프렙은 새로운 카테고리를 선도하는 강자로 자리매김하며 한국뿐만 아니라 중국, 일본에서도 큰 인기를 끌고 있다”면서 “젊은 세대 사이에서 최고의 인기를 누리고 있는 배우 노윤서와의 캠페인을 통해 인지도를 더욱 높이고 매출 확대에 박차를 가할 계획”이라고 말했다. 한편 배우 노윤서와 함께한 이번 캠페인 영상과 화보는 코스모폴리탄 매거진과 연작 공식 SNS 채널을 통해 확인할 수 있다.",https://www.hankyung.com/article/202507223757P,2025.07.22 10:01
"카카오페이, 스테이블코인·AI 혁신 주도…실적 반등과 성장 전략에 주목",,"카카오페이는 2025년 들어 금융 혁신 정책, 스테이블코인 도입 준비, 인공지능 신사업 등 굵직한 변화와 도약을 모색하고 있다. 최근 실적 흐름은 뚜렷한 개선세를 보인다. 2025년 1분기 매출은 2,119억 원, 영업이익은 44억 원으로, 9분기 만에 흑자 전환에 성공했다. 기존 결제 서비스뿐 아니라 금융서비스 부문이 성장 견인차 역할을 하면서, 연간 기준으로도 매출 6,736억 원과 영업이익 576억 원이 예상된다. 금융사업부의 수익 구조가 안정화되고, 거래액(TPV)도 44조2,000억 원으로 전년 동기 대비 성장세를 기록했다.카카오페이의 핵심 전략은 원화 스테이블코인 시장 선점을 위한 선제적 준비다. 카카오 계열사들은 전담 TF를 구성해 정책 변화에 맞춘 도입 및 운용 로드맵을 구체화하고 있다. 선불전자지급수단 잔액만 5,911억 원(2025년 1분기 기준)으로 네이버페이, 토스 대비 압도적인 규모를 보여 담보·자금관리 역량 측면에서 우위를 갖는다. 실제로 카카오페이는 스테이블코인 상표권을 18건 출원하며 시장 개화에 맞춘 서비스 확장 기반을 마련하고 있다. 스테이블코인을 향후 온·오프라인 결제에서 국내외 유통까지 포괄적으로 활용, 금융서비스의 혁신적 전환을 모색한다는 전략이다.AI 기반 신사업 역시 미래 성장의 핵심 동력이다. 카카오페이는 2025년 6월부터 생성형 AI 기반 상담봇 ‘페이아이’를 선보이며 건강·보험 분야 맞춤형 상담을 시작했다. 올해 공개된 보험진단 AI에 이어, 2026년 자산관리 AI, 2027년 범금융 AI 에이전트로 서비스 영역을 확장할 계획이다. 이와 함께 거래·증권 등 방대한 금융 데이터를 바탕으로 한 데이터 사업화, 에이전트 AI 구축 등이 진행 중이며, 장기적으로는 고객 서비스와 가맹점 관리·마케팅 등 전방위 프로세스를 자동화해 비용 효율을 극대화하고 있다.정부의 금융 정책 방향도 카카오페이에는 긍정적이다. 2025년 들어 핀테크 기업을 겨냥한 원화 스테이블코인 도입 논의와 데이터 개방, 금융규제 완화 기조가 가시화되면서 카카오페이의 서비스 확장과 신사업 추진에 힘이 실리고 있다. 실제로 정책 수혜 기대, 결제 쿠폰 등 소비진작책, 대내외 환경 변화가 결합해 올해 상반기 결제·송금 서비스 성장, 증권·보험 등 비(非)결제 영업 확대, 미래형 금융 플랫폼 구축에 탄력을 더하고 있다는 평가다.다양한 과제가 남아있다. 금융소비자 신뢰 확보, 외부 투자자 신뢰 회복, 그리고 스테이블코인 제도 도입의 규제 및 시장 확장 여부가 향후 성장의 관건이 될 전망이다. 하지만 카카오페이는 플랫폼·데이터·금융 인프라 삼각 편대를 바탕으로 신사업 기반 구축에 속도를 내며, 중장기적으로는 생활금융을 넘어 미래 디지털금융 시장에서 지배적 위치를 공고히 할 것으로 업계는 주목하고 있다.위드텍, 풍산홀딩스, 한화솔루션, 뉴파워프라즈마, 실리콘투무료상담",https://www.hankyung.com/article/202507161459a,2025.07.16 11:43
"카카오, AI 연계 기대에 골드만 ‘매수’…목표가 8만5천원 제시",,"카카오가 인공지능(AI) 기반 성장 기대에 힘입어 글로벌 투자은행 골드만삭스로부터 긍정적 평가를 받았다. 골드만삭스는 최근 보고서를 통해 카카오의 목표주가를 8만 5,000원으로 제시하며 투자의견 ‘매수(Buy)’를 유지했다.이번 평가의 핵심은 카카오가 AI와의 결합을 통해 새로운 성장 모멘텀을 확보할 수 있다는 분석이다. 골드만은 특히 오픈AI의 한국 내 침투율이 현재 약 25% 수준에 머물고 있지만, 카카오의 플랫폼과의 연계를 통해 향후 5년 내 최대 60%까지 확대될 수 있다고 전망했다. 이에 따라 카카오의 AI 사업이 국내 시장을 중심으로 빠르게 확산될 것으로 내다봤다.보고서에 따르면, 카카오는 2030년까지 AI 사업을 통해 누적 약 1조 원의 신규 매출을 창출할 수 있을 것으로 추정된다. 이는 메신저, 커머스, 콘텐츠 등 기존 플랫폼들과 AI 기술이 결합될 때 발생하는 부가가치의 잠재력을 반영한 수치다.반면, 경쟁사 네이버에 대한 평가는 다소 부정적이다. 골드만삭스는 “카카오의 AI 서비스 도입이 본격화되면, 네이버 검색을 포함한 정보 탐색 영역에서 시장 점유율이 빠르게 변화할 수 있다”며 “이는 네이버의 기존 검색 기반 비즈니스에 단기적인 타격을 줄 수 있다”고 분석했다. 이에 따라 네이버에 대한 투자의견은 종전 ‘매수’에서 ‘중립(Neutral)’으로 하향 조정했다.AI 생태계를 둘러싼 국내 ICT기업 간 경쟁이 치열해지는 가운데, 투자자들은 카카오가 AI 시장 선점 효과를 누릴 가능성에 주목하고 있다. 전문가들은 “AI는 단기 실적보다는 장기 전략에 중요한 영향을 미치는 변수”라며, 카카오처럼 플랫폼 기반이 탄탄한 기업들이 AI와의 시너지를 통해 성장할 가능성이 높다고 평가했다.▶ 더머니스탁론 신규 상품 전격 출시! (DSR 규제 X)▶ 최대 400% 레버리지 투자, 증권사 신용미수 대환 가능!▶ 한 종목 100% 집중 투자 가능!▶ 더머니스탁론 바로가기 (https://themoney.co.kr/ha)▶ 더머니스탁론 전화 상담 1600-7096▶ 더머니스탁론 카카오톡 상담 (http://pf.kakao.com/_cVfxbn/chat)관심종목: NAVER, 카카오페이, 카카오게임즈, KT, 솔트룩스




 

무료상담",https://www.hankyung.com/article/202507210607a,2025.07.21 08:45
"17일, 기관 거래소에서 SK하이닉스(-8.95%), SK스퀘어(-8.73%) 등 순매도",,"기관 투자자는 17일 거래소에서 SK하이닉스, SK스퀘어, 카카오페이 등을 중점적으로 매도한 것으로 나타났다.기관 투자자의 순매도 상위 20개 종목은 SK하이닉스, SK스퀘어, 카카오페이, SK, KODEX 200, ACE 미국30년국채액티브(H), 효성중공업, NAVER, 키움증권, TIGER 미국30년국채스트립액티브(합성 H)등이다.이중에 전기,전자 업종에 속한 종목이 2개 포함되어 있다.KODEX 200, KODEX 미국S&P500, KODEX 머니마켓액티브 등은 전일 대비 주가가 상승했고, SK하이닉스, SK스퀘어, 카카오페이 등은 주가가 하락했다.[07월17일]거래소 기관 순매도 상위 종목한경로보뉴스이 기사는 한국경제신문과 금융 AI 전문기업 씽크풀이 공동 개발한 기사 자동생성 알고리즘에 의해 실시간으로 작성된 것입니다.",https://www.hankyung.com/article/202507175597L,2025.07.17 18:35
"사람인, 취업 준비를 위한 모든 것 '사람인 스토어' 오픈",,"커리어 플랫폼 사람인(대표 황현순)이 취업 준비를 위한 모든 것을 제공하고, 새로운 커리어 성장 기회까지 확보할 수 있는 ‘사람인 스토어’를 공식 론칭했다고 22일 밝혔다. 사람인 측은 해당 플랫폼을 통해 ""기존의 공고 중심 플랫폼을 넘어, 구직자들이 자신의 경험과 노하우를 직접 거래하며 상생하는 ‘커리어 오픈마켓’ 시대를 열겠다""는 포부를 밝히며 ""소비자가 ‘구매자’이자 ‘셀러’가 될 수 있는 구조를 채택해 경험을 상품화하고 거래할 수 있는 오픈마켓형 플랫폼으로 차별화를 꾀했다""고 전했다.사람인 스토어는 취업 준비에 필요한 모든 것을 사고 파는 신개념 마켓 플레이스다. 사람인이 직접 개발한 AI 모의면접, 인적성검사 등의 서비스 상품을 포함해 실제 취업에 성공한 이들의 합격 자기소개서, 포트폴리오, 면접 질문 및 답변 자료 등을 직접 판매하고 구매할 수 있다. 또한 취업 컨설팅, 직무 멘토링, 공기업 준비 가이드 등 취업 전반에 걸친 다양한 유무형의 상품들이 거래될 예정이다.플랫폼의 가장 큰 특징은 ‘누구나 셀러가 될 수 있다’는 점이다. 취업에 성공한 합격자들은 자신의 노하우와 자료를 상품화하여 판매하고, 이를 통해 수익을 창출할 수 있다. 이는 단순히 정보를 공유하는 것을 넘어, 자신의 가치를 인정받고 경제적인 보상까지 얻을 수 있는 새로운 경험을 제공하며, 이직이나 새로운 도전을 준비하는 구직자들은 검증된 실제 합격 사례와 전문가의 컨설팅을 합리적인 가격에 구매하며 자신의 경쟁력을 높일 수 있다.현재 취업 시장은 정보 비대칭으로 구직자들이 양질의 정보를 얻기 어려운 현실이다. 사람인 스토어는 이러한 문제를 해소하고, 투명하고 효율적인 정보 교환의 장을 마련한다. 검증된 합격자들이 직접 판매자로 참여함으로써 정보의 신뢰도를 높이고, 구매자들은 자신에게 꼭 필요한 맞춤형 정보를 손쉽게 얻을 수 있다. 사람인 관계자는 “사람인 스토어는 단순한 상품 거래를 넘어, 선배 구직자와 후배 구직자가 서로의 성장을 돕는 상생의 커뮤니티가 될 것”이라며, “실질적인 취업 경쟁력을 높이는 취업 준비 커머스의 허브가 될 수 있도록 지속적인 투자를 아끼지 않을 것”이라고 밝혔다.한편, 사람인은 플랫폼 오픈을 기념해 이벤트를 진행한다. 다음달 22일까지 사람인 스토어에서 판매되고 있는 서비스 상품 퀴즈를 맞추면 추첨을 통해 △애플 에어팟(3명), △신세계상품권 5만원권(10명), △투썸플레이스 아이스박스 기프티콘(20명), △스타벅스 아메리카노 기프티콘(100명)을 증정한다. 첫 구매부터 리뷰 작성까지 완료한 이용자 전원에게는 최대 1만 사람인 마일리지를 증정한다. 사람인 마일리지는 추후 사람인 스토어 내에서 상품 구매 시 활용 가능하다. 또한 구매자 추첨을 통해 △30만 사람인 마일리지 (1명), △10만 사람인 마일리지(2명), △네이버페이 포인트 1만원(100명)을 지급한다.한경닷컴 뉴스룸 open@hankyung.com",https://www.hankyung.com/article/202507224425O,2025.07.22 14:45
네이버 지식인 답변이 기부로…20년간 '3000억' 모였다,,"네이버 제공.

                네이버의 온라인 기부 플랫폼 ‘해피빈’이 올해로 서비스 20주년을 맞았다. 지난 20년간 이용자 1200만 명이 참여해 누적 후원액만 약 3000억 원에 이르면서 ‘일상 속 나노기부’를 대표하는 국내 최대 온라인 기부 플랫폼으로 자리잡았다는 설명이다.네이버는 10일 해피빈 서비스 20주년을 맞아 발표한 자료에서 최근 3년간 이용자 1인당 평균 기부금액이 4300원, 평균 기부 횟수가 5.17회라고 밝혔다. 한 개인이 무려 5만 3900회에 걸쳐 1900만 원 이상을 기부한 사례도 있다. 카페 글쓰기, 지식인 답변 채택 등 UGC 활동으로 적립한 사이버머니인 ‘콩’을 모아 기부한 금액도 436억 원에 달한다.기술 환경 변화에 맞춰 모바일과 간편결제 도입으로 기부 참여의 문턱도 낮췄다. 2014년 모바일 서비스를 도입한 이후 결제 기부자는 연평균 564% 이상 증가했고, 이듬해 네이버페이 간편결제 기능을 추가하면서 기부금액도 꾸준히 늘었다. 해피빈은 일자리 창출 펀딩 등 일상 속 다양한 기부 캠페인을 제공해오면서 현재까지 개설된 모금함은 15만 개를 넘는다.긴급 재해·재난 시에도 해피빈의 역할이 빛났다. 최근 6년간 코로나19, 삼척 산불, 튀르키예·시리아 대지진, 경상·울산 산불 피해 등 재해·재난 상황에서 해피빈으로 모인 기부금만 418억 원에 달한다. 소규모 지역 단체와 시민단체들이 해피빈을 통해 기부자들과 접점을 넓히고 후원금 모집과 후기를 공유하며 기부 문화를 이어가고 있다.특히 해피빈은 일자리 창출, 공정무역, 환경보호 등 사회적 가치를 담은 크라우드 펀딩을 선보이는 동시에 소상공인의 판로 개척에도 적극 나서왔다. 또한 다양한 웹툰 작가들의 단행본 제작을 지원하는 통로로도 활용되고 있다. 네이버 지식인, 네이버 카페 등 플랫폼 활동이나 이벤트를 통해 콩을 무료로 얻을 수 있으며 네이버 검색창에서 ‘해피빈’을 검색해 간편하게 기부나 펀딩에 참여할 수도 있다.네이버는 해피빈 20주년을 맞아 다양한 기념 콘텐츠와 이벤트를 연다. 스페셜 로고 노출, 기부 유형 테스트, 전문가 토크쇼 등이 포함된 캠페인 페이지를 통해 이용자들이 나눔의 의미를 되새기고 직접 참여할 수 있도록 할 예정이다.최수연 네이버 대표는 “인터넷 시대부터 모바일과 인공지능(AI)까지 기술 발전에 맞춰 해피빈은 기부의 형식과 참여 방법을 계속 넓혀왔다”며 “앞으로도 첨단기술과 서비스 연계를 통해 사용자들이 기부 경험을 다양하게 이어갈 수 있도록 지원을 아끼지 않겠다”고 밝혔다.최영총 기자 youngchoi@hankyung.com",https://www.hankyung.com/article/202507109319i,2025.07.10 10:31
신용대출 이자 절감 꿀팁! 증권사 3%대 대출 전환법 공개,,"전송종목 : 일신석재, 벽산, 일양약품, 국도화학, 서연최근 주식 투자자들 사이에서 주식대출(미수/신용융자 등)의 고금리에 대한 부담이 커지고 있다.특히 저금리를 적용 받고 싶어도, 기존 대출을 상환하고 다시 주식을 매수해야 하는 번거로운 절차와 자금 조달의 어려움이 발목을 잡고 있다.이런 현실적인 문제를 해결하고자, 무빙스탁이 ‘증권사 신용, 대환자금대출’ 서비스를 전격 출시했다.이 상품은 주식을 매도하지 않고도, 기존의 고금리의 주식대출(미수/신용융자 등)의 3%대의 혁신적인 저금리 증권사로 전환할 수 있도록 상환자금을 제공하는 것이 핵심이다.무빙스탁 관계자는 “현재 증권사 이벤트 금리는 연 3%대 수준으로, 기존 9~10%대 고금리를 적용받는 투자자라면 절감 효과가 상당하다”며, 금리를 5%만 낮추면 “1억원 신용대출 기준으로 연간 약 500만원, 3억원이라면 1,500만원까지도 절약할 수 있다”고 밝혔다.더 놀라운 점은, 현재는 이벤트 기간으로 대환자금대출 신청시 발생하는 이자 비용까지 ‘0원’이라는 사실이다. 대환자금에 대해서 하루의 대출이자도 부담하지 않고 기존 고금리 대출을 저금리로 전환할 수 있어, 고금리 부담에 시달리던 투자자들에게 큰 호응을 얻을 전망이다.이 서비스는 부동산 시장에서 흔히 이용되던 대환대출 개념을 증권시장에 도입한 혁신적인 시도로, 주식 투자자들의 자금 운용에 새로운 대안을 제시할 것으로 기대된다.무빙스탁 ‘증권사 신용, 대환자금대출’의 비용 무료 이벤트는 이벤트 기간 동안 한정적으로 제공되는 만큼, 신용융자를 이용 중인 투자자라면 지금 바로 확인해볼 필요가 있다.★ 장마감 시간이 가까워질수록 문의가 많아 상담이 지연될 수 있습니다.★ 7월 문의하신 고객들이 많이 보유하신 종목으로는 삼성전자, POSCO홀딩스, 셀트리온, 포스코퓨처엠, 에코프로비엠, NAVER, 에코프로, 삼성SDI, LG화학, SK하이닉스, 두산에너빌리티, 카카오, SK이노베이션, LG에너지솔루션, 엘앤에프, 삼천당제약, 현대차, 알테오젠, HPSP, LG전자 등이 있습니다.★ 안내사항과도한 빚은 당신에게 큰 불행을 안겨줄 수 있습니다. 대출 시 신용등급 하락으로 다른 금융거래가 제약받을 수 있습니다. 중개수수료를 요구하거나 받는 것은 불법입니다.상호명: ㈜단비대부 2021-서울영등포-2102(대부업) | TEL: 1544-4886 | 대출금리: 연 20%이내(연체금리는 약정금리+3%p이내, 최대 연 20%이내) | 단, 2021. 7. 7.부터 신규체결, 갱신, 연장되는 계약에 한함 | 채무의 조기상환 조건 및 부대비용 없음. (단, 신용조회비용 및 담보권설정비용 있음), 이자 외 별도로 중개수수료를 요구하거나 수취하는 것은 불법입니다. | 대표이사: 박동원 | 사업자등록번호: 274-86-00231 | 등록기관명칭: 서울 영등포구청(담당부서: 일자리경제과, 02-2670-3420) | 소재지 : 서울 영등포구 여의대방로67길 11, 5층 517호 | 개인정보관리자메일: help@danbifund.co.kr무료상담",https://www.hankyung.com/article/202507108870a,2025.07.10 09:33
"주식 매도 없이 신용이자 연 1,500만 원 줄이는 비법",,"전송종목 : GS글로벌, PKC, KG케미칼, 알루코, 대한제당최근 주식 투자자들 사이에서 주식대출(미수/신용융자 등)의 고금리에 대한 부담이 커지고 있다.특히 저금리를 적용 받고 싶어도, 기존 대출을 상환하고 다시 주식을 매수해야 하는 번거로운 절차와 자금 조달의 어려움이 발목을 잡고 있다.이런 현실적인 문제를 해결하고자, 무빙스탁이 ‘증권사 신용, 대환자금대출’ 서비스를 전격 출시했다.이 상품은 주식을 매도하지 않고도, 기존의 고금리의 주식대출(미수/신용융자 등)의 3%대의 혁신적인 저금리 증권사로 전환할 수 있도록 상환자금을 제공하는 것이 핵심이다.무빙스탁 관계자는 “현재 증권사 이벤트 금리는 연 3%대 수준으로, 기존 9~10%대 고금리를 적용받는 투자자라면 절감 효과가 상당하다”며, 금리를 5%만 낮추면 “1억원 신용대출 기준으로 연간 약 500만원, 3억원이라면 1,500만원까지도 절약할 수 있다”고 밝혔다.더 놀라운 점은, 현재는 이벤트 기간으로 대환자금대출 신청시 발생하는 이자 비용까지 ‘0원’이라는 사실이다. 대환자금에 대해서 하루의 대출이자도 부담하지 않고 기존 고금리 대출을 저금리로 전환할 수 있어, 고금리 부담에 시달리던 투자자들에게 큰 호응을 얻을 전망이다.이 서비스는 부동산 시장에서 흔히 이용되던 대환대출 개념을 증권시장에 도입한 혁신적인 시도로, 주식 투자자들의 자금 운용에 새로운 대안을 제시할 것으로 기대된다.무빙스탁 ‘증권사 신용, 대환자금대출’의 비용 무료 이벤트는 이벤트 기간 동안 한정적으로 제공되는 만큼, 신용융자를 이용 중인 투자자라면 지금 바로 확인해볼 필요가 있다.★ 장마감 시간이 가까워질수록 문의가 많아 상담이 지연될 수 있습니다.★ 7월 문의하신 고객들이 많이 보유하신 종목으로는 삼성전자, POSCO홀딩스, 셀트리온, 포스코퓨처엠, 에코프로비엠, NAVER, 에코프로, 삼성SDI, LG화학, SK하이닉스, 두산에너빌리티, 카카오, SK이노베이션, LG에너지솔루션, 엘앤에프, 삼천당제약, 현대차, 알테오젠, HPSP, LG전자 등이 있습니다.★ 안내사항과도한 빚은 당신에게 큰 불행을 안겨줄 수 있습니다. 대출 시 신용등급 하락으로 다른 금융거래가 제약받을 수 있습니다. 중개수수료를 요구하거나 받는 것은 불법입니다.상호명: ㈜단비대부 2021-서울영등포-2102(대부업) | TEL: 1544-4886 | 대출금리: 연 20%이내(연체금리는 약정금리+3%p이내, 최대 연 20%이내) | 단, 2021. 7. 7.부터 신규체결, 갱신, 연장되는 계약에 한함 | 채무의 조기상환 조건 및 부대비용 없음. (단, 신용조회비용 및 담보권설정비용 있음), 이자 외 별도로 중개수수료를 요구하거나 수취하는 것은 불법입니다. | 대표이사: 박동원 | 사업자등록번호: 274-86-00231 | 등록기관명칭: 서울 영등포구청(담당부서: 일자리경제과, 02-2670-3420) | 소재지 : 서울 영등포구 여의대방로67길 11, 5층 517호 | 개인정보관리자메일: help@danbifund.co.kr무료상담",https://www.hankyung.com/article/202507096260a,2025.07.09 10:28
"현대건설, '케이스퀘어데이터센터 가산' 준공","""디지털 생태계 핵심 기지 확대 총력""","케이스퀘어데이터센터 가산 전경. 사진=현대건설

현대건설이 서울 금천구 가산동에 지하 3층~지상 11층 규모 '케이스퀘어데이터센터 가산'을 준공했다고 24일 밝혔다.코람코자산운용의 투자개발로 2022년 7월 착공한 이 프로젝트는 연면적 4만1214㎡ 규모에 달한다. 양 옆은 기존 건물로, 한 면은 철도로 둘러싸인 제한된 부지에 첨단설비를 집약적으로 구축한 도심형 데이터센터다.데이터센터는 안정적인 전원 공급을 위해 초정밀 설비와 중량의 장비가 빼곡하게 들어서는 건축물이다. 중요도 '특' 또는 '1'에 해당하는 최고 수준의 구조안전 및 내진설계 기준이 적용된다. 경부선 철도와 맞닿은 케이스퀘어데이터센터 가산에는 진동 저감에 강한 철근콘크리트구조(RC), 지하 구조물에 슬러리 월(Slurry Wall)을 활용한 지진 저항 시스템 등 내진성능을 극대화하고 장비 운용의 안정성을 확보하기 위한 공법과 기술을 도입했다.또한 수평 버팀대(Strut)를 설치해 흙막이벽을 지지하며 지하층 굴착과 지상, 지하 골조 시공을 동시에 수행하는 STD(Strut-Top-Down) 공법을 적용해 시공간 제약을 극복했다. 고효율 냉방시스템과 실시간 에너지 모니터링, 자연냉각 프리쿨링 기술 등을 통해 에너지 효율을 높이고 발열 문제를 해결하는 등 데이터센터의 지속가능성을 확보하는 데 집중했다.현대건설은 프로젝트 기획, 설계 단계부터 참여해 발주자의 요구와 데이터센터의 특성을 종합적으로 고려한 맞춤형 시공 전략을 제안하는 프리컨스트럭션 서비스(PCS)를 통해 공사기간과 공사비, 기계·전력·수배전(MEP) 시스템 제안까지 차별화된 토털 솔루션을 제공하고 있다.현대건설은 2004년 금융결제원 분당센터를 시작으로 KT목동 IDC, NH통합IT센터, KB국민은행 통합IT센터, 네이버 데이터센터 각 세종 등 국내 건설사 중 가장 많은 데이터센터를 시공했고 유일하게 글로벌 빅테크 기업의 데이터센터도 건설했다.회사 관계자는 ""설계, 시공, 커미셔닝에 이르는 독보적 노하우로 데이터센터 건설 시장의 신뢰도를 제고해 수주 경쟁력을 높이는 동시에 연계 사업을 확대해나가고 있다""며 ""향후 지역별 주요 에너지원에 따른 맞춤형 데이터센터를 공급하고, 더 나아가 SMR 기반 전력 공급 체계를 도입하는 등 지속가능한 에너지 인프라 구축에 매진해 디지털 생태계 구축과 친환경 에너지 혁신을 동시에 실현할 수 있는 토대 마련에 온 힘을 기울일 것""이라고 말했다.오세성 한경닷컴 기자 sesung@hankyung.com",https://www.hankyung.com/article/2025072485096,2025.07.24 09:11
,,,https://magazine.hankyung.com/job-joy/article/202507036323d,
합리적 투자 필수! 증권사 신용대출 3%대 전환으로 이자 절감,,"전송종목 : 이오테크닉스, 하나투어, 키움증권, 에스엠, 한화오션최근 주식 투자자들 사이에서 주식대출(미수/신용융자 등)의 고금리에 대한 부담이 커지고 있다.특히 저금리를 적용 받고 싶어도, 기존 대출을 상환하고 다시 주식을 매수해야 하는 번거로운 절차와 자금 조달의 어려움이 발목을 잡고 있다.이런 현실적인 문제를 해결하고자, 무빙스탁이 ‘증권사 신용, 대환자금대출’ 서비스를 전격 출시했다.이 상품은 주식을 매도하지 않고도, 기존의 고금리의 주식대출(미수/신용융자 등)의 3%대의 혁신적인 저금리 증권사로 전환할 수 있도록 상환자금을 제공하는 것이 핵심이다.무빙스탁 관계자는 “현재 증권사 이벤트 금리는 연 3%대 수준으로, 기존 9~10%대 고금리를 적용받는 투자자라면 절감 효과가 상당하다”며, 금리를 5%만 낮추면 “1억원 신용대출 기준으로 연간 약 500만원, 3억원이라면 1,500만원까지도 절약할 수 있다”고 밝혔다.더 놀라운 점은, 현재는 이벤트 기간으로 대환자금대출 신청시 발생하는 이자 비용까지 ‘0원’이라는 사실이다. 대환자금에 대해서 하루의 대출이자도 부담하지 않고 기존 고금리 대출을 저금리로 전환할 수 있어, 고금리 부담에 시달리던 투자자들에게 큰 호응을 얻을 전망이다.이 서비스는 부동산 시장에서 흔히 이용되던 대환대출 개념을 증권시장에 도입한 혁신적인 시도로, 주식 투자자들의 자금 운용에 새로운 대안을 제시할 것으로 기대된다.무빙스탁 ‘증권사 신용, 대환자금대출’의 비용 무료 이벤트는 이벤트 기간 동안 한정적으로 제공되는 만큼, 신용융자를 이용 중인 투자자라면 지금 바로 확인해볼 필요가 있다.★ 장마감 시간이 가까워질수록 문의가 많아 상담이 지연될 수 있습니다.★ 7월 문의하신 고객들이 많이 보유하신 종목으로는 삼성전자, POSCO홀딩스, 셀트리온, 포스코퓨처엠, 에코프로비엠, NAVER, 에코프로, 삼성SDI, LG화학, SK하이닉스, 두산에너빌리티, 카카오, SK이노베이션, LG에너지솔루션, 엘앤에프, 삼천당제약, 현대차, 알테오젠, HPSP, LG전자 등이 있습니다.★ 안내사항과도한 빚은 당신에게 큰 불행을 안겨줄 수 있습니다. 대출 시 신용등급 하락으로 다른 금융거래가 제약받을 수 있습니다. 중개수수료를 요구하거나 받는 것은 불법입니다.상호명: ㈜단비대부 2021-서울영등포-2102(대부업) | TEL: 1544-4886 | 대출금리: 연 20%이내(연체금리는 약정금리+3%p이내, 최대 연 20%이내) | 단, 2021. 7. 7.부터 신규체결, 갱신, 연장되는 계약에 한함 | 채무의 조기상환 조건 및 부대비용 없음. (단, 신용조회비용 및 담보권설정비용 있음), 이자 외 별도로 중개수수료를 요구하거나 수취하는 것은 불법입니다. | 대표이사: 박동원 | 사업자등록번호: 274-86-00231 | 등록기관명칭: 서울 영등포구청(담당부서: 일자리경제과, 02-2670-3420) | 소재지 : 서울 영등포구 여의대방로67길 11, 5층 517호 | 개인정보관리자메일: help@danbifund.co.kr무료상담",https://www.hankyung.com/article/202507223174a,2025.07.22 10:48
넷플 이어 MS 게임패스…네이버 '전방위 동맹',"멤버십 혜택에 게임 구독 추가
""글로벌 플랫폼에 종속"" 지적도","네이버가 온라인동영상서비스(OTT)에 이어 게임 구독 서비스까지 손을 뻗으며 멤버십 경쟁력 강화에 속도를 내고 있다. 콘텐츠 라인업을 다각화해 멤버십 서비스의 체류 시간을 늘리고 충성 고객을 확보하려는 포석이다.





                네이버는 자사 유료 구독 서비스 ‘네이버 플러스 멤버십’에 마이크로소프트(MS) ‘PC 게임 패스’ 혜택을 추가했다고 9일 밝혔다. PC 게임 패스는 MS의 엑스박스 게임 스튜디오가 제작한 고사양 게임을 콘솔 없이도 PC에서 무제한 즐길 수 있는 구독형 서비스다. 이전까지 PC 게임 패스를 쓰려면 약 9500원을 지불해야 했지만 앞으로는 네이버 멤버십(월 4900원)에만 가입해도 동일한 서비스를 이용할 수 있다.웹툰과 넷플릭스에 이어 게임도 추가돼 네이버 멤버십의 콘텐츠 스펙트럼이 급속히 넓어지고 있다. 특히 월정액 1회 결제로 여러 유료 플랫폼 중 하나를 선택해 이용할 수 있다는 점에서 ‘구독계 알뜰 패스’라는 반응이 나온다. 한 정보기술(IT)업계 관계자는 “게임 패스 도입은 게임 이용 비중이 상대적으로 높은 20대 남성을 겨냥한 전략”이라고 분석했다.네이버는 이미 ‘네넷’(네이버+넷플릭스) 제휴로 멤버십 확대 효과를 입증하고 있다. 지난해 넷플릭스와 제휴한 뒤 네이버 플러스 멤버십 가입자는 1.5배 이상 증가했다. 특히 멤버십의 주 소비층이 아닌 30~40대 유입이 늘며 신규 고객층을 넓히는 데도 성공했다. 네이버는 글로벌 음원 스트리밍 서비스 스포티파이와도 멤버십 연동 제휴를 검토 중인 것으로 알려졌다.일각에선 네이버의 이 같은 행보가 국내 디지털 콘텐츠 시장의 ‘기울어진 운동장’을 심화할 것이라는 우려도 나온다. 네이버가 넷플릭스와 손잡으면서 웨이브·티빙 등 국내 OTT 경쟁력이 약화했고, 이번 게임 패스 제휴도 자체 게임 서비스를 준비 중인 국내 플랫폼 기업에 부담으로 작용할 것이라는 지적이 제기된다. 자금난에 시달리다 일부 투자사가 최근 법원에 회생 절차를 신청한 토종 OTT 왓챠도 이런 구조적 어려움을 단적으로 보여준다. 한 플랫폼업계 관계자는 “이용자에게는 매력적이지만 국내 콘텐츠 생태계가 ‘글로벌 구독 플랫폼에 종속되는 구조’가 굳어질 수 있다”고 설명했다.안정훈 기자 ajh6321@hankyung.com",https://www.hankyung.com/article/2025070982991,2025.07.09 17:42
"""데이터센터에 미술품 의무…황당 규제 풀어야""","기업들, 과기부와 간담회서 
주차장·전력수급 등 애로 호소","정부가 ‘인공지능(AI) 고속도로’ 사업을 적극적으로 추진하고 있지만 전력 수급, 부지 확보, 인허가 등 다양한 규제 탓에 기업들이 핵심 인프라인 AI 데이터센터를 건립하기 어렵다는 의견이 제기됐다.





                24일 세종시 네이버 데이터센터 각 세종에서 열린 과학기술정보통신부 주최 간담회에서 이준희 삼성SDS 사장은 “건축법이 데이터센터의 특수성을 반영하지 못한다”고 말했다. 현행법상 데이터센터는 ‘방송통신시설’로 분류돼 문화예술진흥법에 따른 미술작품 설치 의무를 지켜야 한다. 또 주차장법에 따라 시설면적 400㎡당 한 대꼴로 주차장을 설치해야 해 자동화 중심의 AI 데이터센터 운영 방식과 괴리가 크다는 지적도 나왔다.전력 공급 지연도 발목을 잡는 요소다. 지난해 6월 ‘분산 에너지 활성화 특별법’이 제정되면서 사업자는 전력 공급 여부를 알 수 없는 채로 부지 매입과 설계를 해야 하는 불확실성을 떠안게 됐다. 해당 고시가 업계의 반대에 부딪혀 시행되지 못하는 사이 신규 데이터센터 건설이 지연되고 있다. 강중협 한국데이터센터연합회 회장은 “그간 신규로 전력을 받은 데이터센터가 전무해 ‘잃어버린 1년’이라고 부르는 상황”이라고 말했다.부지 확보도 큰 부담이다. 전력을 확보한 땅에 투기적 시선이 따라붙으면서 민간 기업의 선제적 투자도 위축됐다. 김동훈 NHN클라우드 대표는 정부가 전력과 토지를 먼저 확보한 뒤 민간에 30년 장기 임차 형태로 제공하는 방안을 제안하기도 했다. 세제 지원 확대 요구도 나왔다. 김세웅 카카오 부사장은 “세제 혜택을 AI 데이터센터의 토지·건물에도 확대 적용해달라”고 요구했다.이날 양복과 넥타이 대신 편안한 옷차림으로 참석한 배경훈 과기정통부 장관(사진)은 “AI 문제만큼은 산업 현장의 경험을 살려 유연하면서도 속도감 있게 풀어가겠다”며 “과감한 마중물 투자를 통해 AI 인프라를 확충하고 생태계를 조성할 것”이라고 강조했다.세종=이영애 기자 0ae@hankyung.com",https://www.hankyung.com/article/2025072403371,2025.07.24 17:31
금통위 앞둔 코스피…미 기술주 훈풍에 연고점 또 경신,"개인 '사자' 외인·기관 '팔자'
하반기 첫 금통위 '동결' 전망","사진=뉴스1

                코스피지수가 하반기 첫 금융통화위원회를 앞두고 미 기술주 훈풍에 연고점을 재차 경신하며 상승세를 이어가고 있다.10일 오전 9시7분 현재 코스피지수는 전일 대비 6.51포인트(0.21%) 오른 3140.25를 기록 중이다. 지수는 장 초반 한때 3147.06까지 상단을 높이면서 전날 기록했던 연고점(3137선)을 뛰어넘었다.앞서 간밤 뉴욕증시에선 S&P500과 나스닥종합지수가 사상 최고치를 돌파하는 등 주요 지수가 일제히 상승했다. 특히 엔비디아는 시가총액 4조달러(약 5500조원)를 넘어서는 세계 최초의 기업이 됐다.한국은행 금통위는 이날 하반기 첫 통화정책방향 회의에서 현재 연 2.50%인 기준금리를 조정할지 결정한다. 시장에선 가계대출 불안, 한미 금리차 등을 이유로 동결을 전망하고 있다.이 시각 현재 유가증권시장에서 개인이 2992억원 순매수다. 외국인과 기관은 각각 1611억원과 1023억원 매도우위다.시총 상위주들은 혼조세다. 삼성전자와 SK하이닉스가 각각 0.25%와 1.25% 상승하고 있는 가운데 삼성바이오로직스(2.75%), LG에너지솔루션(1.64%), 현대차(0.48%) 등이 오르고 있다.반면 KB금융(-0.76%), 두산에너빌리티(-2.8%), 네이버(-0.98%), 한화에어로스페이스(-1.41%), 셀트리온(-0.57%) 등은 떨어지고 있다.대신밸류리츠는 코스피 상장 첫날 공모가 대비 8%대 떨어지고 있다.코스닥지수도 오름세다. 이 시각 현재 코스닥지수는 0.37% 오른 793.29를 기록 중이다. 코스닥시장에서도 개인이 935억원 순매수를 기록하고 있는 반면 외국인과 기관은 각각 657억원과 178억원 매도우위다.코스닥 시총 상위주들은 파마리서치를 제외하곤 대부분 오르고 있다. 알테오젠(1.89%), 에코프로비엠(0.4%), HLB(0.4%), 에코프로(-.22%), 레인보우로보틱스(2.25%) 등이 빨간불을 켰다.우리기술투자는 가상자산 거래소 업비트 운영사두나무의 스테이블코인 상표권 출원 소식에 12%대 급등하고 있다. 우리기술투자는 두나무의 주요주주다.원·달러 환율은 소폭 하락했다. 이날 서울 외환시장에서 원·달러 환율은 전일 대비 2.0원 떨어진 1373.0원에 개장했다.노정동 한경닷컴 기자 dong2@hankyung.com",https://www.hankyung.com/article/2025071091156,2025.07.10 09:21
김희선 이어 장원영 앞세우더니 주가 날았다…개미들 '환호' [종목+],"에이피알 주가 올 들어 227% '급등'
상장 후 시총 3배 불며 LG생건 제쳐

'메디큐브' 브랜드 매출 성장세
1분기 이어 2분기도 '깜짝실적' 전망
증권가 ""하반기에도 매출 성장 지속""","메디큐브 에이지알 부스터 프로 미니 플러스 장원영 화보./사진=에이피알

                뷰티 테크기업 에이피알 주가가 지난해 말 대비 3배가 넘는 수준으로 뛰며 연일 신고가를 경신하고 있다. 에이피알의 대표 브랜드 '메디큐브 에이지알'이 국내외 뷰티 시장에서 인기몰이를 하며 외형 성장을 거듭하고 있어서다. 증권가에선 하반기에도 호실적을 기록해 밸류에이션(실적 대비 주가 수준) 정당성을 입증할 것으로 예상한다.10일 한국거래소에 따르면 에이피알은 전날 1.3% 오른 16만3300원에 거래를 마쳤다. 이날 장중 16만4500원까지 상승해 1년 내 최고가를 기록하기도 했다. 에이피알 주가는 올 들어서만 226.6% 치솟았다. 이 기간 외국인과 기관투자자가 에이피알을 각각 3438억원과 459억원 순매수해 주가를 견인했다.그 결과 에이피알 시가총액은 전날 기준 6조2126억원으로 상장 1년4개월여 만에 3배 넘게 불었다. 현재 화장품주 전통 강자인 LG생활건강(5조291억원)을 제치고 업계 2위에 올랐고 아모레퍼시픽(7조8790억원)을 바짝 쫓고 있다.주가가 오르자 상당수 개인투자자도 평가이익을 보고 있다. 네이버페이 '내자산 서비스'에 따르면 전날 기준 에이피알 투자자 4824명의 평균 매수가는 11만4141원으로 평균 수익률은 43.07%에 달했다.주가에 힘을 싣고 있는 건 탄탄한 실적이다. 에이피알은 홈 뷰티 디바이스와 화장품 판매를 주요 사업으로 하고 있다. 특히 초기에 배우 김희선을 광고모델로 기용해 '김희선 디바이스'로 유명한 '메디큐브 에이지알' 브랜드가 매출 성장을 이끌었다. 이 기기는 미세전류로 피부 탄력을 높이고 화장품 흡수를 돕는다. 에이지알 디바이스의 누적 판매량은 지난달 기준 400만대를 넘었다. 또 에이프릴스킨 등 디바이스와 궁합이 맞는 화장품을 지속적으로 출시해 시너지를 내고 있다. 에이피알은 최근 메디큐브 에이지알 브랜드 모델로 김희선에 이어 걸그룹 아이브 멤버 장원영을 발탁하기도 했다.에이피알은 이 같은 경쟁력에 힘입어 견조한 실적을 잇달아 내놓고 있다. 증권가에선 에이피알이 지난 1분기에 이어 2분기에도 '어닝 서프라이즈'(깜짝 실적)를 달성할 것으로 전망한다. 이익 추정치를 가장 높게 잡은 하나증권은 에이피알의 올 2분기 연결기준 매출액과 영업이익을 각각 전년 동기 대비 93%와 135% 급증한 3000억원과 657억원으로 추정했다. 영업이익의 경우 시장 컨센서스(증권사 추정치 평균)인 575억원을 웃도는 역대 최대치다. 2분기 영업이익률은 22%로 봤다. 1만원어치를 팔면 2200원가량 남는다는 의미다.박은정 하나증권 연구원은 ""에이피알은 지난해 하반기부터 미국·일본 등 주력 시장의 이커머스에 집중해 압도적 성장을 보이고 있다""며 ""현지에서 K-뷰티에 대한 수요층이 확산하는 가운데 경쟁 브랜드 대비 확연한 성장률을 기록하면서 글로벌 기업의 시장 점유율을 빠르게 잠식하고 있다""고 분석했다.
                    



김희선 출연한 에이피알 부스터 프로 광고./사진=에이피알

                증권가에선 올 하반기에도 에이피알의 실적 성장세가 이어질 것으로 전망한다. 에이피알은 하반기에 뷰티 디바이스 신제품 3종을 출시하고 국가별 오프라인 채널을 확대할 계획이다.조소정 키움증권 연구원은 ""일본에선 연말까지 3000개 매장, 미국은 다음달까지 울트라 뷰티 1400개 매장 입점이 마무리될 전망""이라며 ""온라인 채널 내 제품에 대한 소비자들의 긍정적인 반응이 오프라인 구매로 이어지면서 하반기에도 의미 있는 외형 성장이 지속될 것""으로 내다봤다.이승은 유안타증권 연구원은 ""K-뷰티 수출 호조로 시총 3조원 이상 화장품 기업들이 평균 주가수익비율(PER) 22배 수준에서 거래되는 가운데 에이피알은 선진 시장에서 세 자릿수 성장률이 예상되면서 프리미엄을 받고 있다""고 분석했다. 이어 ""시총이 최근 업계 대형사를 넘어선 것도 일시적 반등이 아닌 구조적 성장에 기반한 것""이라며 ""앞으로도 밸류에이션 우위는 지속될 것""으로 판단했다.고정삼 한경닷컴 기자 jsk@hankyung.com",https://www.hankyung.com/article/2025071089166,2025.07.10 08:38
中 무비자 정책 기대감… 카지노주 2분기 실적 전망 상향,,"중국 관광객 무비자 정책 시행이 임박하면서 국내 카지노 업계의 2분기 실적 기대감이 높아지고 있다. 증권가에서는 주요 카지노 기업들의 영업이익 전망치를 기존보다 상향 조정하며 업황 회복에 대한 기대를 반영하고 있다.올해 들어 카지노 관련주들은 실적 개선 기대감 속에 큰 폭의 주가 상승을 기록해왔다. 특히 3분기부터 무비자 정책이 본격 시행되고, 이 정책이 상시화된다면 실적 개선 폭이 더욱 확대될 것이라는 전망이 나온다.업계에서는 카지노 방문객 수 증가와 매출 확대가 맞물리며 실적 개선세가 이어질 것으로 보고 있다. 이러한 흐름은 중국 관광객 수요 확대와 정책 지원에 힘입어 하반기에도 지속될 가능성이 높다는 분석이다.한편, 스탁론에 대한 관심이 날로높아지고 있다. 모처럼 잡은 투자기회를 놓치지 않으려는 투자자들이 주식매입을 위해 더 많은 자금을 활용할 수 있는 스탁론으로 눈길을 돌리고 있기 때문이다. 현 주가는 실적을 따라가지 못하고 있는 상황으로, 밸류에이션 리레이팅이 필요한 시기라는 평가도 나오고 있다.




 

◆ 올뉴스탁론, DSR 무관 상품에 연 4%대 최저금리 상품으로 다양한 선택지를!올뉴스탁론에서 투자자들 누구나 부담 없이 스탁론을 경험할 수 있도록 연 4%대 업계 최저금리로 이용 가능한 증권 연계신용 상품을 출시했다. 주식매입은 물론 증권사 미수/신용 대환 모두 가능하며 신용등급 차등 없이 자기 자본 포함 최대 4배까지 활용할 수 있다.이와 함께 DSR 한도 때문에 기존 스탁론 활용이 어려웠던 투자자들을 위한 DSR 무관 상품도 취급 중이다. 또한 장중 거래가 어려웠던 투자자를 위한 대체거래소(NXT) 거래도 가능해졌다.올뉴스탁론에 대해 자세히 알고 싶은 투자자는 고객상담센터(☎1599-8666)로 연락하면 대출 여부와 무관하게 언제든 전문상담원과 편리하게 상담할 수 있다.○ 보유하고 있는 대출액이나 소득 무관하게! (DSR 무관)○ 최대 4배 주식자금 활용 가능! (본인 자금 포함)○ 대체거래소(NXT) 거래 가능!○ 증권 신용/미수 당일 즉시 대환 가능!○ 기존 증권사 신용, 스탁론으로 매수가 어려웠던 종목도 OK!※ 올뉴스탁론 고객상담센터 : 1599-8666바로가기 : https://allnewstockloan.co.kr?agency=HTS◆ 현 시각 관심종목 Top 10 : 삼성전자, NAVER, 한국전력, LG씨엔에스, 한국가스공사, 한화시스템, 에르코스, 더즌, 파세코, JB금융지주무료상담",https://www.hankyung.com/article/202507071658a,2025.07.08 11:00
합리적 투자 필수! 증권사 신용대출 3%대 전환으로 이자 절감,,"전송종목 : 에스티아이, 화성밸브, 폴라리스오피스, 우리기술투자, 현대에버다임최근 주식 투자자들 사이에서 주식대출(미수/신용융자 등)의 고금리에 대한 부담이 커지고 있다.특히 저금리를 적용 받고 싶어도, 기존 대출을 상환하고 다시 주식을 매수해야 하는 번거로운 절차와 자금 조달의 어려움이 발목을 잡고 있다.이런 현실적인 문제를 해결하고자, 무빙스탁이 ‘증권사 신용, 대환자금대출’ 서비스를 전격 출시했다.이 상품은 주식을 매도하지 않고도, 기존의 고금리의 주식대출(미수/신용융자 등)의 3%대의 혁신적인 저금리 증권사로 전환할 수 있도록 상환자금을 제공하는 것이 핵심이다.무빙스탁 관계자는 “현재 증권사 이벤트 금리는 연 3%대 수준으로, 기존 9~10%대 고금리를 적용받는 투자자라면 절감 효과가 상당하다”며, 금리를 5%만 낮추면 “1억원 신용대출 기준으로 연간 약 500만원, 3억원이라면 1,500만원까지도 절약할 수 있다”고 밝혔다.더 놀라운 점은, 현재는 이벤트 기간으로 대환자금대출 신청시 발생하는 이자 비용까지 ‘0원’이라는 사실이다. 대환자금에 대해서 하루의 대출이자도 부담하지 않고 기존 고금리 대출을 저금리로 전환할 수 있어, 고금리 부담에 시달리던 투자자들에게 큰 호응을 얻을 전망이다.이 서비스는 부동산 시장에서 흔히 이용되던 대환대출 개념을 증권시장에 도입한 혁신적인 시도로, 주식 투자자들의 자금 운용에 새로운 대안을 제시할 것으로 기대된다.무빙스탁 ‘증권사 신용, 대환자금대출’의 비용 무료 이벤트는 이벤트 기간 동안 한정적으로 제공되는 만큼, 신용융자를 이용 중인 투자자라면 지금 바로 확인해볼 필요가 있다.★ 장마감 시간이 가까워질수록 문의가 많아 상담이 지연될 수 있습니다.★ 7월 문의하신 고객들이 많이 보유하신 종목으로는 삼성전자, POSCO홀딩스, 셀트리온, 포스코퓨처엠, 에코프로비엠, NAVER, 에코프로, 삼성SDI, LG화학, SK하이닉스, 두산에너빌리티, 카카오, SK이노베이션, LG에너지솔루션, 엘앤에프, 삼천당제약, 현대차, 알테오젠, HPSP, LG전자 등이 있습니다.★ 안내사항과도한 빚은 당신에게 큰 불행을 안겨줄 수 있습니다. 대출 시 신용등급 하락으로 다른 금융거래가 제약받을 수 있습니다. 중개수수료를 요구하거나 받는 것은 불법입니다.상호명: ㈜단비대부 2021-서울영등포-2102(대부업) | TEL: 1544-4886 | 대출금리: 연 20%이내(연체금리는 약정금리+3%p이내, 최대 연 20%이내) | 단, 2021. 7. 7.부터 신규체결, 갱신, 연장되는 계약에 한함 | 채무의 조기상환 조건 및 부대비용 없음. (단, 신용조회비용 및 담보권설정비용 있음), 이자 외 별도로 중개수수료를 요구하거나 수취하는 것은 불법입니다. | 대표이사: 박동원 | 사업자등록번호: 274-86-00231 | 등록기관명칭: 서울 영등포구청(담당부서: 일자리경제과, 02-2670-3420) | 소재지 : 서울 영등포구 여의대방로67길 11, 5층 517호 | 개인정보관리자메일: help@danbifund.co.kr무료상담",https://www.hankyung.com/article/202507145599a,2025.07.14 08:53
안효섭·이민호 랩핑 버스 등장…'전독시' 글로벌 시장서 '러브콜',,"/사진=롯데엔터테인먼트

                4일 연속 전체 예매율 1위를 석권하며 기대감이 높아지고 있는 영화 '전지적 독자 시점'(이하 전독시)이 글로벌 시장에서도 뜨거운 반응을 얻고 있다. '전독시'는 10년 이상 연재된 소설이 완결된 날 소설 속 세계가 현실이 되어 버리고, 유일한 독자였던 '김독자'(안효섭)가 소설의 주인공 '유중혁'(이민호) 그리고 동료들과 함께 멸망한 세계에서 살아남기 위한 판타지 액션 영화다. 2018년 네이버 시리즈 연재 이후 글로벌 누적 조회수 3억 뷰를 돌파한 싱숑 작가의 동명의 작품을 원작으로 한다. 이 작품에는 드라마 '사내맞선'으로 글로벌 팬층을 확보하고, 최근 넷플릭스 '케이팝 데몬 헌터스'에서 목소리 연기로 화제를 모은 안효섭과 12년째 한류스타 1위로 꼽히는 이민호가 출연한다. 원작의 글로벌 인기에 두 배우의 이름값까지 더해지며, 개봉 전부터 해외 팬들의 뜨거운 관심을 모았고 113개국 선판매를 확정지었다.해외 영화제의 공식 초청도 이어지고 있다. 지난 7월 11일 뉴욕 아시안 영화제를 시작으로, 북미 최대 장르 영화제인 판타지아 국제영화제, 독일 판타지 필름페스트 등 권위 있는 영화제에 연이어 초청되며 작품성과 대중성을 모두 입증했다.오는 7월 24일부터 27일까지는 미국 샌디에이고 코믹콘 인터내셔널(2025 SDCC)에 참가해 브랜드 프레젠테이션과 오프닝 시퀀스를 선보일 예정이다. 북미 배급사는 ""샌디에이고 코믹콘은 '전지적 독자 시점'의 북미 런칭 무대로 완벽한 자리""라며 ""공개와 동시에 글로벌 팬들과의 소통을 이끌어낼 것""이라고 전했다.
                    



/사진=롯데엔터테인먼트

                이어 7월 28일부터 30일까지는 싱가포르에서 대규모 프로모션 투어가 예정돼 있다. 안효섭, 이민호, 김병우 감독이 직접 무대에 올라 팬 이벤트, 현지 인터뷰, 브랜드 협업 행사 등을 진행할 계획이다.싱가포르 배급사 측은 ""공동 마케팅으로 싱가포르, 말레이시아, 인도네시아 관객의 기대감을 한층 끌어올렸다""며 ""프레스 정킷은 팬들과 직접 소통하는 특별한 무대가 될 것""이라고 전했다.대만 현지에서는 개봉 전부터 대형 옥외광고, 버스 랩핑, 쇼핑몰 광고 등이 이어지며 기대감을 드러내고 있다.'전지적 독자 시점'은 한국형 판타지 블록버스터의 신기원이라는 평가와 함께 국내외 박스오피스 돌풍을 예고하고 있다. 영화는 7월 23일 전국 극장에서 개봉한다.김예랑 한경닷컴 기자 yesrang@hankyung.com",https://www.hankyung.com/article/202507224694H,2025.07.22 15:23
,,,https://magazine.hankyung.com/business/article/202507036499b,
"온플법 처리 속도 내던 與…관세 협상 다가오자 ""내달 논의""",정무위 소위 안건 올렸지만 논의 연기,"이재명 대통령의 주요 공약인 '온라인 플랫폼법'(온플법)에 대한 논의가 한미 통상 이슈를 이유로 미뤄졌다. 온플법을 '패스트트랙'(신속 처리 안건)으로 지정해야 한다고 주장해 온 더불어민주당은 관세 협상 시한이 다가오자 법안 처리에 신중해야 한다는 취지로 입장을 바꿨다. 국회 정무위원회는 22일 법안심사제2소위원회를 열고 온플법을 안건으로 올렸으나, 8월 이후로 논의하는 것으로 합의하고 산회했다. 정무위 민주당 간사인 강준현 의원은 이날 기자들과 만나 ""8월 1일이 상호관세 유예기한인데 지금 법안을 심사하면 (미국에) 잘못된 메시지를 보낼 수도 있어 8월 중순부터 다시 논의해볼 수 있을 듯 하다""고 말했다. 정무위 소속 이정문 민주당 의원도 이날 의사진행 발언에서 한·미 통상 문제를 이유로 논의를 미루자는 취지로 발언한 것으로 전해졌다.  온플법은 대형 온라인 플랫폼의 독점적 지위 남용을 규제하기 위한 법안이다. 일정 요건을 갖춘 독과점 플랫폼을 미리 '지배적 사업자'로 정하는 '사전 지정제'를 도입하고, 자사 우대나 끼워팔기 같은 불공정 행위를 신속 제재하는 방안 등이 담겼다. 사전 지정되는 대형 플랫폼 기업에는 대상으로 매출 신고를 의무화하는 등 규제도 강화된다.미국 기업 중에는 구글과 애플 등이, 국내에서는 네이버, 카카오, 쿠팡 등이 해당 사업자로 분류되게 된다. 또 배달 플랫폼이 수수료를 일정 수준 이상 받지 못하도록 하는 '배달 수수료 상한제'도 법안 내용에 포함됐다. 앞서 지난 정부에서는 여당인 국민의힘이 해당 법안에 대해 과도한 규제라고 반발하면서 국회 문턱을 넘지 못했다. 그러나 이 대통령이 온플법 통과를 핵심 공약으로 내세운 만큼 새 정부 들어 온플법 처리가 탄력을 받을 것이라는 전망이 나왔다. 앞서 서영교·박주민·김남근·이강일·신장식·한창민 등 범여권 의원들은 지난 9일 '온라인 플랫폼법 패스트트랙 지정 촉구 기자회견'을 열고 이 법안을 신속 처리해야 한다고 주장했다.민병덕 의원은 이 자리에서 ""'온라인 갑질 방지법'의 조속한 제정을 촉구하기 위한 자리""라며 ""지난 정부가 방치한 소수 대형 플랫폼기업의 일방적 약관 변경과 알고리즘 문제 등이 중소상인과 소비자에게 구조적 피해를 안겼다""고 주장했다. 또 ""온플법이 미국 입장을 자극할 수 있다고 일각에서 지적한다""면서도 ""한국 입점 업체와 소비자가 당하는 플랫폼 갑질에 대해 누구를 먼저 생각해야 하느냐""고 반문했다.그러나 온플법이 미국과의 통상 마찰로 이어질 수 있다는 우려가 제기되면서 민주당이 입장을 바꾼 것으로 풀이된다. 지난 3일 미국 하원의원 43명은 한국의 온플법이 미국 기업을 과도하게 역차별한다며 미국 무역대표부(USTR)에 대응을 촉구하는 서한을 보냈다. 일각에서는 관세 협상을 앞두고 미국을 불필요하게 자극하지 않아야 한다는 대통령실 기류가 여당 결정에 영향을 미쳤다는 분석도 내놓고 있다. 한 정무위 관계자는 ""지난 정부에서도 통상 이슈 등을 이유로 온플법 처리에 신중을 기해야 한다는 의견이 나왔지만 민주당이 반드시 처리해야 한다는 입장이었다""며 ""막상 여당이 되고 관세 협상에 악영향을 줄 수 있으니 속도 조절을 하는 것으로 보인다""고 했다.국회 정무위는 내달 다시 소위를 열고 온플법 처리를 논의할 예정이다. 우선 관세 협상이 끝난 뒤 민주당이 온플법 처리에 다시 무게를 실을 가능성도 거론된다. 정소람 기자 ram@hankyung.com",https://www.hankyung.com/article/202507225063i,2025.07.22 17:29
"美 상호관세 유예 마감 앞둔 코스피, 장초반 약세…환율 1360원대","실적 발표한 LG엔솔, 강세","4일 서울 중구 하나은행 딜링룸에서 딜러들이 대화하고 있다/사진=연합뉴스

                상호 관세 유예 종료를 앞두고, 코스피와 코스닥 지수가 장 초반 약세를 보이고 있다.7일 오전 9시6분 현재 코스피는 전 거래일 대비 5.17포인트(0.17%) 내린 3049.11을 가리키고 있다. 코스피는 9.5포인트(0.31%) 하락한 3044.78에 거래를 시작한 후 잠시 상승 전환했지만, 다시 하락세로 돌아섰다.유가증권시장에서 개인은 홀로 179억원을 순매도하는 중이다. 기관과 외국인은 각각 273억원, 42억원을 순매수하는 중이다.시가총액 상위주는 대부분 하락하고 있다. 삼성전자(-1.26%)를 필두로 SK하이닉스(-1.11%), 현대차(-0.71%), 한화에어로스페이스(-0.51%), 두산에너빌리티(-0.5%), 셀트리온(-0.39%), 삼성물산(-0.31%)이 파란불을 켰다. 다만 HD현대중공업(2.28%), 네이버(2.21%)는 강세를 보이고 있다.2분기 실적을 공시한 LG에너지솔루션(1.93%)도 2%가량 오르고 있다. 잠정 매출액은 매출액 5조5654억원, 영업이익 4922억원으로 집계됐다. 영업이익은 시장 기대치(3150억원)를 웃돌았다.같은 시각 코스닥 지수는 전 거래일 대비 3.25포인트(0.42%) 내린 772.55에 거래되고 있다. 코스닥 지수는 1.61포인트(0.21%) 하락한 774.19에 개장한 후 770선에 머무르고 있다.코스닥 시장에서 외국인과 기관은 각각 262억원, 237억원을 순매도하는 중이다. 개인은 603억원 매수 우위를 보이고 있다.코스닥 시총 상위주도 대부분 파란불을 켰다. 리가켐바이오(-1.82%), 레인보우로보틱스(-1.68%), 에코프로비엠(-1.44%), 펩트론(-1.11%), 에코프로(-1.07%), 휴젤(-0.83%), 알테오젠(-0.53%)이 하락 중이다.원·달러 환율은 1362원을 가리키고 있다.증권가는 상호관세 협상 여부에 따라 증시 방향이 결정될 것으로 봤다. 상호 관세 유예 기한은 8일 끝난다. 6일 도널드 트럼프 미국 대통령은 미국이 일방적으로 정한 국가별 관세율을 적시한 '관세 서한' 발송 대상이 12개국 또는 15개국이 될 수 있다고 밝혔다.트럼프 대통령은 '7월 9일이나 8월 1일이 되면 관세율이 바뀔 수 있느냐'는 질문엔 ""나는 우리가 대부분 국가(와 협상)를 7월 9일까지 마무리할 것이라고 생각한다. 서한 아니면 협상(a deal)""이라고 답했다.이와 관련해 하워드 러트닉 상무장관은 ""관세는 8월 1일부터 발효될 것""이라며 ""대통령은 지금 당장 관세율과 협상을 설정하고 있다""고 부연했다.4일(현지시간) 뉴욕증시는 미국의 독립기념일을 맞아 휴장했다.진영기 한경닷컴 기자 young71@hankyung.com",https://www.hankyung.com/article/2025070716016,2025.07.07 09:16
DSR 때문에 고민하던 투자자들은 주목! 업계 최초 DSR 무관 스탁론!,,"DSR 한도가 ‘스탁론’에도 적용된 후 투자자들의 고민이 날로 깊어지고 있다. 기존 대출이 많거나 소득 증빙이 어려울 경우 예전처럼 손쉽게 스탁론을 활용하기가 어려워졌기 때문이다. 예전보다 높아진 금리로 스탁론 이용을 부담스럽게 만들고 있다.이런 상황에서 올뉴스탁론이 구원투수로 나섰다. DSR 무관 누구나 이용 가능한 스탁론 상품은 물론 연 4%대 업계 최저금리로 이용 가능한 상품을 함께 선보이며 투자자들의 선택지를 넓힌 것이다.




 

◆ 올뉴스탁론, DSR 무관 상품에 연 4%대 최저금리 상품으로 다양한 선택지를!올뉴스탁론에서 투자자들 누구나 부담 없이 스탁론을 경험할 수 있도록 연 4%대 업계 최저금리로 이용 가능한 증권 연계신용 상품을 출시했다. 주식매입은 물론 증권사 미수/신용 대환 모두 가능하며 신용등급 차등 없이 자기 자본 포함 최대 4배까지 활용할 수 있다.이와 함께 DSR 한도 때문에 기존 스탁론 활용이 어려웠던 투자자들을 위한 DSR 무관 상품도 취급 중이다. 또한 장중 거래가 어려웠던 투자자를 위한 대체거래소(NXT) 거래도 가능해졌다.올뉴스탁론에 대해 자세히 알고 싶은 투자자는 고객상담센터(☎1599-8666)로 연락하면 대출 여부와 무관하게 언제든 전문상담원과 편리하게 상담할 수 있다.○ 보유하고 있는 대출액이나 소득 무관하게! (DSR 무관)○ 최대 4배 주식자금 활용 가능! (본인 자금 포함)○ 대체거래소(NXT) 거래 가능!○ 증권 신용/미수 당일 즉시 대환 가능!○ 기존 증권사 신용, 스탁론으로 매수가 어려웠던 종목도 OK!※ 올뉴스탁론 고객상담센터 : 1599-8666바로가기 : https://allnewstockloan.co.kr?agency=HTS◆ 현 시각 관심종목 Top 10 : 한미반도체, NAVER, 현대로템, 에코프로, 서울보증보험, 피아이이, 피코그램, 프롬바이오, 비케이홀딩스, 부국증권무료상담",https://www.hankyung.com/article/202507146079a,2025.07.15 10:25
"수익률 상위 1%, HMM 쓸어담았다",마켓PRO 부자들의 투자종목,"투자 고수와 고액 자산가들이 지난주 조선과 반도체 종목을 집중 매수한 것으로 나타났다. 미래에셋증권에 따르면 이 증권사를 이용하는 수익률 상위 1% 고수들은 지난달 27일부터 이달 4일까지 HMM을 가장 많이 사들였다. HD한국조선해양, 현대로템, 에스피지 등이 뒤를 이었다. 한국투자증권의 계좌 평균 잔액 10억원 이상 자산가들은 SK하이닉스와 에이비온, NAVER, 한미반도체 등을 대거 순매수했다.증권가에선 하반기 주도 업종으로 반도체와 조선을 주목하는 분위기다. 대한상공회의소도 최근 11개 주요 협회·단체와 실시한 ‘2025년 하반기 산업기상도 조사’에서 이들 업황의 전망을 밝게 봤다. 국가별 인공지능(AI) 인프라 구축 경쟁 및 빅테크 중심의 AI 서버 투자 확대로 고대역폭메모리(HBM) 등 반도체 수출 호조가 예상되고 있다. 조선의 경우 미국 액화천연가스(LNG) 프로젝트를 통한 LNG선 추가 발주, 새 정부의 조선업 발전 공약 등에 따른 글로벌 경쟁력 강화 등이 호재로 작용하고 있다.류은혁 기자 ehryu@hankyung.com",https://www.hankyung.com/article/2025070609801,2025.07.06 17:20
"코스피, 3200선 회복 후 차익실현 매물에 하락 마감…코스닥은 상승","장중 심리적 저항선 3200선 돌파…연고점 재경신
주도 업종서 차익 실현 매물 출회
원전·전력기기·방산株 약세 마감
반도체·2차전지·재생에너지株 강세","사진=뉴스1

                코스피지수가 11일 장중 3200선을 회복하며 연고점을 경신했으나 차익실현 매물에 하락 마감했다. 3년10개월 만에 심리적 저항선인 3200선을 돌파했으나 그간 시장을 주도한 방산·원전 업종 등을 중심으로 차익 실현 압력이 확대되며 상승분을 반납했다.이날 코스피지수는 전날보다 7.46포인트(0.23%) 내린 3175.77로 장을 마쳤다. 지수는 이날 0.1% 오름세로 출발 후 빠르게 상승폭을 확대해 3216.69까지 올라 연고점을 재차 경신했다. 코스피지수가 3200선을 넘어선 건 종가 기준으로 2021년 9월6일(3203.33) 이후 3년10개월 만이다. 하지만 얼마 못 가 상승분을 점차 반납하다 보합권에서 등락을 이어갔고, 오후 2시7분께를 기점으로 하락세를 굳혔다. 이로써 4거래일 연속 이어졌던 상승세가 끝났다.유가증권시장에서 외국인과 기관이 각각 1267억원과 664억원어치를 팔아치웠다. 반면 개인만 1466억원어치를 사들였다. 연기금은 이날 33억원어치를 담아 3거래일 연속 순매수 기조를 유지했다. 이날 새벽 미국 증시를 비롯해 아시아 주요 증시가 상승세로 마쳤다. 간밤 다우존스30산업지수는 0.43% 올랐고 스탠더드앤드푸어스(S&P)500지수와 나스닥종합지수는 각각 0.27%와 0.09% 상승해 사상 최고치를 경신했다. 홍콩 항셍지수는 1.72% 올랐고 중국 상하이종합지수와 대만 가권지수도 각각 0.54%와 0.25% 상승했다. 코스피지수가 하락 마감한 건 차익 실현 압력이 커졌기 때문으로 분석된다.이경민 대신증권 연구원은 ""코스피지수는 장중 3200선을 터치한 뒤 저항에 부딪히며 상승폭을 반납했다""고 말했다.코스피 시가총액 상위 종목 중 HD현대중공업(-3.12%) 네이버(-2.5%) 삼성바이오로직스(-2.13%) SK하이닉스(-0.84%) 등이 내렸고 LG에너지솔루션(1.1%) 기아(0.7%) KB금융(0.43%) 등이 올랐다. 이날 LS일렉트릭(-4.5%) 두산에너빌리티(-4.12%) 비에이치아이(-3.77%) 등 원전·전력설비주와 한화에어로스페이스(-5.51%) 한화시스템(-3.56%) LIG넥스원(-3.55%) 등 방산주가 급락했다. 순환매 장세가 나타난 가운데 그동안 시장을 주도한 업종에서 차익 실현 매물이 풀렸다는 게 증권업계 분석이다.반면 삼성전자(2.62%)를 비롯해 한솔케미칼(5.59%)과 원익IPS(4.8%) 등 반도체주는 강세로 마감했다. 엔비디아 시총이 4조달러를 처음 넘어선 가운데 세계 최대 위탁생산(파운드리) 업체인 대만 TSMC의 올 4~6월 매출이 사상 최대치를 경신하면서 투자심리를 개선한 것으로 풀이된다.또 재생에너지 100%(RE100) 산업단지 조성이 본격 추진된다는 소식에 OCI홀딩스(11.9%)를 비롯해 그린케미칼(3.41%) HD현대에너지솔루션(2.99%) 한화솔루션(2.02%) 씨에스윈드(2.0%) 등 재생에너지주가 강세로 마감했다.엘앤에프(11.32%)를 비롯해 포스코퓨처엠(7.34%)과 삼성SDI(5.34%) 등 2차전지주가 급등했다. 간밤 테슬라가 로보택시 지역 확장과 인공지능(AI) 서비스 탑재 기대감에 반등하면서 국내 2차전지주에도 훈풍이 분 것으로 보인다.코스닥지수는 전날보다 2.77포인트(0.35%) 오른 800.47로 거래를 마쳐 5거래일 연속 상승세를 보였다. 종가 기준으로 지난달 24일(800.93) 이후 13거래일 만에 800선을 회복했다. 코스닥시장에서는 외국인과 기관이 각각 563억원과 96억원어치를 사들인 반면 개인이 638억원어치를 팔아치웠다.코스닥 시총 상위 종목 중 에코프로(4.19%) 에코프로비엠(3.65%) HLB(1.19%) 리노공업(0.9%) 등이 오른 반면 리가켐바이오(-3.6%) 펩트론(-2.64%) 알테오젠(-2.23%) 삼천당제약(-1.83%) 휴젤(-1.7%) 레인보우로보틱스(-0.55%) 등이 내렸다.이날 서울 외환시장에서 원·달러 환율은 전장 대비 5.4원 오른 1375.4원으로 주간 거래를 마쳤다. 고정삼 한경닷컴 기자 jsk@hankyung.com",https://www.hankyung.com/article/2025071129386,2025.07.11 16:04
"네이버, 게임패스까지 품었다…""멤버십 플랫폼 전쟁 본격화""",,"네이버가 온라인동영상 서비스(OTT)에 이어 게임 구독 시장 공략에 나섰다. 콘텐츠 라인업을 다각화해 멤버십 서비스의 체류 시간을 늘리고 충성 고객을 확보하려는 포석이다 네이버는 자사 유료 구독 서비스인 ‘네이버 플러스 멤버십’에 마이크로소프트(MS)의 ‘PC게임 패스’ 혜택을 추가했다고 9일 밝혔다. PC 게임 패스는 엑스박스 게임 스튜디오가 제작한 고사양 게임을 콘솔 없이도 PC에서 무제한 즐길 수 있는 구독형 서비스다. 기존에는 월 9500원을 지불해야 했지만, 앞으로는 네이버 멤버십(월 4900원)만 가입해도 동일한 서비스를 이용할 수 있게 됐다. 웹툰과 넷플릭스에 이어 게임까지 추가되면서 네이버 멤버십의 콘텐츠 스펙트럼이 급속히 넓어지고 있다. 특히 월정액 1회 결제로 복수의 유료 플랫폼을 묶어 이용할 수 있다는 점에서 ‘구독계의 알뜰 패스’라는 반응이 나온다. 한 정보기술(IT) 업계 관계자는 “게임 이용 비중이 높은 20대 남성층을 겨냥한 전략”이라고 분석했다. 네이버는 이미 ‘네넷(네이버+넷플릭스)’ 제휴를 통해 멤버십 확대 효과를 입증한 바 있다. 지난해 넷플릭스 제휴 이후 네이버 플러스 멤버십 가입자는 1.5배 이상 증가했다. 특히 멤버십의 주 소비층이 아니었던 30~40대 유입이 늘며 신규 고객층을 넓히는 데도 성공했다. 네이버는 현재 글로벌 음원 스트리밍 서비스인 스포티파이와의 멤버십 연동 제휴도 검토 중인 것으로 알려졌다. 일각에선 네이버의 이 같은 행보가 국내 디지털 콘텐츠 시장의 ‘기울어진 운동장’을 심화시킬 수 있다는 우려도 나온다. 예컨대 넷플릭스와 손잡으면서 웨이브·티빙 등 국내 OTT 경쟁력이 약화됐고, 이번 게임 패스 제휴도 자체 게임 서비스를 준비 중인 국내 플랫폼 기업들에 부담으로 작용할 수 있다는 지적이다. 한 플랫폼 업계 관계자는 “이용자 입장에서는 매력적이지만, 국내 콘텐츠 생태계가 ‘글로벌 구독 플랫폼에 종속되는 구조’가 굳어질 수 있다”고 우려했다. 안정훈 기자 ajh6321@hankyung.com",https://www.hankyung.com/article/202507097436i,2025.07.09 13:17
최휘영 문체부장관 후보자 장녀 '아빠 찬스' 의혹,"父 대표 지낸 네이버 美자회사 취업
2019년 2월 영주권 취득…12월 퇴사
청문회 준비단 ""청문회 통해 설명""","사진=뉴스1

                최휘영 문화체육관광부 장관 후보자의 장녀가 과거 아버지가 대표로 재직했던 네이버 미국 자회사에 취업했던 사실이 확인됐다. 이후 미국 영주권을 취득한 뒤 회사를 떠난 것으로 나타나면서, 아빠 찬스' 의혹이 제기됐다.24일 국회 인사청문요청안과 배현진 국민의힘 의원실에 따르면, 최 후보자의 장녀는 2016년 4월 미국 대학을 졸업한 뒤 네이버 미국 자회사에 입사했다. 3년 뒤인 2019년 2월에는 미국 영주권을 취득했고, 그해 12월 회사를 퇴사했다. 최 후보자는 네이버의 전신인 NHN 대표를 지냈으며, 2015년까지 네이버 경영 고문으로 활동했다.최 후보자 측 청문회 준비단은 ""후보자의 장녀는 적법한 절차에 따라 취직하고 영주권을 취득했다""며 ""자세한 내용은 청문회를 통해 설명하겠다""고 설명했다.한편 최 후보자의 장남에게 증여한 10억원대 부동산에 대해 축소 신고 의혹도 함께 불거졌다. 최 후보자는 2021년 장남에게 경기도 용인의 임야를 증여했으며, 인사청문요청안에는 이 토지를 공시지가 기준으로 신고한 것으로 나타났다. 하지만 당시 공시지가는 매입가의 12분의 1 수준에 불과했다는 지적이 나온 것이다.청문회 준비단은 ""아들 부동산의 경우 당시 감정평가액과 공시가 중 더 높은 가격인 공시가를 기준으로 신고한 것""이라며 ""인사청문회법과 공직자윤리법에 따라 적법하게 신고했다""고 해명했다.최 후보자에 대한 국회 문화체육관광위원회 인사청문회는 오는 29일 열린다.신현보 한경닷컴 기자 greaterfool@hankyung.com",https://www.hankyung.com/article/2025072400687,2025.07.24 16:18
"이자 부담은 최소로, 투자 효율은 최대로! 신용대출 3%대 활용법",,"전송종목 : KG에코솔루션, 아톤, 제로투세븐, 싸이맥스, 애경케미칼




 

최근 주식 투자자들 사이에서 주식대출(미수/신용융자 등)의 고금리에 대한 부담이 커지고 있다.특히 저금리를 적용 받고 싶어도, 기존 대출을 상환하고 다시 주식을 매수해야 하는 번거로운 절차와 자금 조달의 어려움이 발목을 잡고 있다.이런 현실적인 문제를 해결하고자, 무빙스탁이 ‘증권사 신용, 대환자금대출’ 서비스를 전격 출시했다.이 상품은 주식을 매도하지 않고도, 기존의 고금리의 주식대출(미수/신용융자 등)의 3%대의 혁신적인 저금리 증권사로 전환할 수 있도록 상환자금을 제공하는 것이 핵심이다.무빙스탁 관계자는 “현재 증권사 이벤트 금리는 연 3%대 수준으로, 기존 9~10%대 고금리를 적용받는 투자자라면 절감 효과가 상당하다”며, 금리를 5%만 낮추면 “1억원 신용대출 기준으로 연간 약 500만원, 3억원이라면 1,500만원까지도 절약할 수 있다”고 밝혔다.더 놀라운 점은, 현재는 이벤트 기간으로 대환자금대출 신청시 발생하는 이자 비용까지 ‘0원’이라는 사실이다. 대환자금에 대해서 하루의 대출이자도 부담하지 않고 기존 고금리 대출을 저금리로 전환할 수 있어, 고금리 부담에 시달리던 투자자들에게 큰 호응을 얻을 전망이다.이 서비스는 부동산 시장에서 흔히 이용되던 대환대출 개념을 증권시장에 도입한 혁신적인 시도로, 주식 투자자들의 자금 운용에 새로운 대안을 제시할 것으로 기대된다.무빙스탁 ‘증권사 신용, 대환자금대출’의 비용 무료 이벤트는 이벤트 기간 동안 한정적으로 제공되는 만큼, 신용융자를 이용 중인 투자자라면 지금 바로 확인해볼 필요가 있다.★ 장마감 시간이 가까워질수록 문의가 많아 상담이 지연될 수 있습니다.★ 7월 문의하신 고객들이 많이 보유하신 종목으로는 삼성전자, POSCO홀딩스, 셀트리온, 포스코퓨처엠, 에코프로비엠, NAVER, 에코프로, 삼성SDI, LG화학, SK하이닉스, 두산에너빌리티, 카카오, SK이노베이션, LG에너지솔루션, 엘앤에프, 삼천당제약, 현대차, 알테오젠, HPSP, LG전자 등이 있습니다.★ 안내사항과도한 빚은 당신에게 큰 불행을 안겨줄 수 있습니다. 대출 시 신용등급 하락으로 다른 금융거래가 제약받을 수 있습니다. 중개수수료를 요구하거나 받는 것은 불법입니다.상호명: ㈜단비대부 2021-서울영등포-2102(대부업) | TEL: 1544-4886 | 대출금리: 연 20%이내(연체금리는 약정금리+3%p이내, 최대 연 20%이내) | 단, 2021. 7. 7.부터 신규체결, 갱신, 연장되는 계약에 한함 | 채무의 조기상환 조건 및 부대비용 없음. (단, 신용조회비용 및 담보권설정비용 있음), 이자 외 별도로 중개수수료를 요구하거나 수취하는 것은 불법입니다. | 대표이사: 박동원 | 사업자등록번호: 274-86-00231 | 등록기관명칭: 서울 영등포구청(담당부서: 일자리경제과, 02-2670-3420) | 소재지 : 서울 영등포구 여의대방로67길 11, 5층 517호 | 개인정보관리자메일: help@danbifund.co.kr무료상담",https://www.hankyung.com/article/202507173387a,2025.07.17 13:28
합리적 투자 필수! 증권사 신용대출 3%대 전환으로 이자 절감,,"전송종목 : 신세계 I&C, KG이니시스, 이지홀딩스, 서희건설, 유니셈최근 주식 투자자들 사이에서 주식대출(미수/신용융자 등)의 고금리에 대한 부담이 커지고 있다.특히 저금리를 적용 받고 싶어도, 기존 대출을 상환하고 다시 주식을 매수해야 하는 번거로운 절차와 자금 조달의 어려움이 발목을 잡고 있다.이런 현실적인 문제를 해결하고자, 무빙스탁이 ‘증권사 신용, 대환자금대출’ 서비스를 전격 출시했다.이 상품은 주식을 매도하지 않고도, 기존의 고금리의 주식대출(미수/신용융자 등)의 3%대의 혁신적인 저금리 증권사로 전환할 수 있도록 상환자금을 제공하는 것이 핵심이다.무빙스탁 관계자는 “현재 증권사 이벤트 금리는 연 3%대 수준으로, 기존 9~10%대 고금리를 적용받는 투자자라면 절감 효과가 상당하다”며, 금리를 5%만 낮추면 “1억원 신용대출 기준으로 연간 약 500만원, 3억원이라면 1,500만원까지도 절약할 수 있다”고 밝혔다.더 놀라운 점은, 현재는 이벤트 기간으로 대환자금대출 신청시 발생하는 이자 비용까지 ‘0원’이라는 사실이다. 대환자금에 대해서 하루의 대출이자도 부담하지 않고 기존 고금리 대출을 저금리로 전환할 수 있어, 고금리 부담에 시달리던 투자자들에게 큰 호응을 얻을 전망이다.이 서비스는 부동산 시장에서 흔히 이용되던 대환대출 개념을 증권시장에 도입한 혁신적인 시도로, 주식 투자자들의 자금 운용에 새로운 대안을 제시할 것으로 기대된다.무빙스탁 ‘증권사 신용, 대환자금대출’의 비용 무료 이벤트는 이벤트 기간 동안 한정적으로 제공되는 만큼, 신용융자를 이용 중인 투자자라면 지금 바로 확인해볼 필요가 있다.★ 장마감 시간이 가까워질수록 문의가 많아 상담이 지연될 수 있습니다.★ 7월 문의하신 고객들이 많이 보유하신 종목으로는 삼성전자, POSCO홀딩스, 셀트리온, 포스코퓨처엠, 에코프로비엠, NAVER, 에코프로, 삼성SDI, LG화학, SK하이닉스, 두산에너빌리티, 카카오, SK이노베이션, LG에너지솔루션, 엘앤에프, 삼천당제약, 현대차, 알테오젠, HPSP, LG전자 등이 있습니다.★ 안내사항과도한 빚은 당신에게 큰 불행을 안겨줄 수 있습니다. 대출 시 신용등급 하락으로 다른 금융거래가 제약받을 수 있습니다. 중개수수료를 요구하거나 받는 것은 불법입니다.상호명: ㈜단비대부 2021-서울영등포-2102(대부업) | TEL: 1544-4886 | 대출금리: 연 20%이내(연체금리는 약정금리+3%p이내, 최대 연 20%이내) | 단, 2021. 7. 7.부터 신규체결, 갱신, 연장되는 계약에 한함 | 채무의 조기상환 조건 및 부대비용 없음. (단, 신용조회비용 및 담보권설정비용 있음), 이자 외 별도로 중개수수료를 요구하거나 수취하는 것은 불법입니다. | 대표이사: 박동원 | 사업자등록번호: 274-86-00231 | 등록기관명칭: 서울 영등포구청(담당부서: 일자리경제과, 02-2670-3420) | 소재지 : 서울 영등포구 여의대방로67길 11, 5층 517호 | 개인정보관리자메일: help@danbifund.co.kr무료상담",https://www.hankyung.com/article/202507111598a,2025.07.11 13:28
'1.5조' AI 인프라 사업 대상자…'네이버 vs 쿠팡' 승자는,"정부 'GPU 확보·구축·운용 지원 사업'
우선협상대상자 이르면 다음주 발표","사진=한경DB

                쿠팡이 신사업으로 추진해 온 ‘인공지능(AI) 클라우드’ 사업이 이르면 다음주 첫 시험대에 오른다. 정부가 AI 육성을 위해 추진하는 1조5000억원 규모의 고성능그래픽처리장치(GPU) 지원 사업의 우선협상대상자가 선정된다. 한국에 AI 전문 개발 인력만 수천명18일 업계에 따르면, 과학기술정보통신부는 ‘GPU 확보·구축·운용 지원 사업’의 우선협상대상자를 이르면 다음주 발표할 것으로 알려졌다. AI 연구에 필요한 GPU를 1만 개 이상 구매해 AI 클라우드 인프라를 민간 기업이 구축하고, 국내 연구기관과 기업의 AI 연구와 서비스를 개발하는 사업이다.기존 클라우드 사업자인 네이버클라우드·카카오·NHN클라우드와 함께 쿠팡도 도전장을 냈다. 쿠팡은 GPU를 1만개 이상 확보하겠다는 계획을 전달한 것으로 알려졌다.쿠팡은 지난달 AI클라우드 컴퓨팅 서비스인 ‘쿠팡 인텔리전트 클라우드(CIC) 사업을 본격화했다. 쿠팡 관계자는 “대용량 전력과 최첨단 냉각 시스템을 갖춘 데이터센터를 서울과 수도권에 확보했으며 고성능 GPU가 다수 탑재됐다”고 했다. 그간 내부 서비스와 외부 연구기관, 스타트업 등에 AI인프라를 제공해오다 별도 신사업으로 클라우드 서비스를 키우겠다는 것이다.유통업계에선 쿠팡이 AI 기반의 물류 인프라와 개발 인력을 확대해 온 노하우를 바탕으로 클라우드 사업에 뛰어든 것으로 보고 있다. 쿠팡은 수천만 건의 상품 수요를 AI와 머신러닝 기술로 예측해 재고관리와 판매 상품을 최적화하고, 이를 통해 전국 도서산간 지역을 포함한 '쿠세권'을 구축해 당일과 익일 배송을 하고 있다.AI 물류 로봇인 AGV(무인운반로봇), 상품을 자동 분류하는 ‘소팅 로봇’ 등 첨단기술을 물류 전 과정에 적용해 왔다. 2023년 AGV 로봇 1000대 이상을 도입한 축구장 46개 규모의 대구 최첨단 물류센터와 지난해 AGV 등 첨단 기술을 투입한 광주첨단풀필먼트센터를 차례로 열었다. AI와 머신러닝, 클라우드 관련 개발 엔지니어 등 전문 인력만 수천명에 육박한다. 경쟁사 전체 직원 수보다 AI 전문인력이 많다는 점이 장점이다.쿠팡이 보유한 AI 기술 등 기술 특허는 2100개로 2019년(160개) 대비 13배 늘었다.업계 한 관계자는 “쿠팡은 AI가 한국의 미래 동력이 될 것으로 보고 수년 전부터 클라우드 등 AI사업에 진출에 속도를 내왔던 것으로 안다”며 “GPU 수급 및 확보 역량과 기술력이 뒷받침되지 않았다면 인재들이 쿠팡에 몰리지 않았을 것”이라고 말했다. 쿠팡 ""한국 AI 생태계 조성 보탬 될 것""쿠팡은 최근 정부가 주최한 국가 AI 사업 관련 간담회에서 “수익성 창출보다 한국의 AI 생태계를 발전시키고 성장시키는 것이 목표”라는 입장을 피력한 것으로 전해졌다. 업계 한 관계자는 “국내 주요 클라우드 업체들은 아직 국내 AI 수요가 부족해 자체 계열사 또는 정부 사업으로 실적을 올리는 만큼 시장은 초기 단계”라고 했다.전 세계 클라우드 서비스 지출 규모는 3213억달러(약 430조원·카날리스)지만, 한국 시장 규모는 지난해 7조3954억원(과기정통부) 수준으로 아직 초기 단계다.한국에 집중적으로 투자해 온 쿠팡이 알리바바그룹, 징동닷컴 등 중국 유통기업의 중국산 저가공세를 효과적으로 견제하는 한편, AI 기술로 토종 중소기업 판로를 넓혀왔다는 점에서 클라우드 시장 진출이 의미가 있다는 의견도 있다. 서영구 숙명여대 교수는 “중국 거대 공룡에 잠식당할 위기에서 쿠팡은 한국 국가대표로 국내 시장을 반드시 지키겠다는 의지를 보여왔다”고 했다.알리바바그룹은 지난 6월 한국에 제2데이터센터를 공식 가동하며 클라우드 사업을 확대 중이고, 징동닷컴도 지난 4월 한국에 본격 진출했다.글로벌 리서치기업 CB인사이트가 최근 발표한 글로벌 20대 유통기업 ‘AI 역량’ 지수에서 쿠팡은 글로벌 클라우드 비즈니스 시장에 참전 중인 아마존·알리바바·월마트·징동닷컴에 이어 5위를 기록했다. 유통업계 관계자는 “쿠팡을 제외한 1~4위가 모두 유통기업이자 거대 클라우드 사업을 영위하는 기업들”이라며 “쿠팡이 AI 클라우드 시장에 나선다면 국내 유통시장을 중국과 해외 자본 공습으로부터 지켜온 역량이 시너지를 발휘할 것”이라고 말했다.하헌형 기자 hhh@hankyung.com",https://www.hankyung.com/article/202507187186i,2025.07.18 14:22
,,,https://magazine.hankyung.com/job-joy/article/202507147089d,
이자 부담 최소화! 증권사 신용대출 3%대로 바꾸는 절호의 기회,,"전송종목 : 삼성SDI, 대한유화, 미래에셋증권, GS리테일, 오뚜기최근 주식 투자자들 사이에서 주식대출(미수/신용융자 등)의 고금리에 대한 부담이 커지고 있다.특히 저금리를 적용 받고 싶어도, 기존 대출을 상환하고 다시 주식을 매수해야 하는 번거로운 절차와 자금 조달의 어려움이 발목을 잡고 있다.이런 현실적인 문제를 해결하고자, 무빙스탁이 ‘증권사 신용, 대환자금대출’ 서비스를 전격 출시했다.이 상품은 주식을 매도하지 않고도, 기존의 고금리의 주식대출(미수/신용융자 등)의 3%대의 혁신적인 저금리 증권사로 전환할 수 있도록 상환자금을 제공하는 것이 핵심이다.무빙스탁 관계자는 “현재 증권사 이벤트 금리는 연 3%대 수준으로, 기존 9~10%대 고금리를 적용받는 투자자라면 절감 효과가 상당하다”며, 금리를 5%만 낮추면 “1억원 신용대출 기준으로 연간 약 500만원, 3억원이라면 1,500만원까지도 절약할 수 있다”고 밝혔다.더 놀라운 점은, 현재는 이벤트 기간으로 대환자금대출 신청시 발생하는 이자 비용까지 ‘0원’이라는 사실이다. 대환자금에 대해서 하루의 대출이자도 부담하지 않고 기존 고금리 대출을 저금리로 전환할 수 있어, 고금리 부담에 시달리던 투자자들에게 큰 호응을 얻을 전망이다.이 서비스는 부동산 시장에서 흔히 이용되던 대환대출 개념을 증권시장에 도입한 혁신적인 시도로, 주식 투자자들의 자금 운용에 새로운 대안을 제시할 것으로 기대된다.무빙스탁 ‘증권사 신용, 대환자금대출’의 비용 무료 이벤트는 이벤트 기간 동안 한정적으로 제공되는 만큼, 신용융자를 이용 중인 투자자라면 지금 바로 확인해볼 필요가 있다.★ 장마감 시간이 가까워질수록 문의가 많아 상담이 지연될 수 있습니다.★ 7월 문의하신 고객들이 많이 보유하신 종목으로는 삼성전자, POSCO홀딩스, 셀트리온, 포스코퓨처엠, 에코프로비엠, NAVER, 에코프로, 삼성SDI, LG화학, SK하이닉스, 두산에너빌리티, 카카오, SK이노베이션, LG에너지솔루션, 엘앤에프, 삼천당제약, 현대차, 알테오젠, HPSP, LG전자 등이 있습니다.★ 안내사항과도한 빚은 당신에게 큰 불행을 안겨줄 수 있습니다. 대출 시 신용등급 하락으로 다른 금융거래가 제약받을 수 있습니다. 중개수수료를 요구하거나 받는 것은 불법입니다.상호명: ㈜단비대부 2021-서울영등포-2102(대부업) | TEL: 1544-4886 | 대출금리: 연 20%이내(연체금리는 약정금리+3%p이내, 최대 연 20%이내) | 단, 2021. 7. 7.부터 신규체결, 갱신, 연장되는 계약에 한함 | 채무의 조기상환 조건 및 부대비용 없음. (단, 신용조회비용 및 담보권설정비용 있음), 이자 외 별도로 중개수수료를 요구하거나 수취하는 것은 불법입니다. | 대표이사: 박동원 | 사업자등록번호: 274-86-00231 | 등록기관명칭: 서울 영등포구청(담당부서: 일자리경제과, 02-2670-3420) | 소재지 : 서울 영등포구 여의대방로67길 11, 5층 517호 | 개인정보관리자메일: help@danbifund.co.kr무료상담",https://www.hankyung.com/article/202507210589a,2025.07.21 08:43
자기자본 포함 4배 투자금을 DSR 무관으로 신청 당일 즉시?,,"투자자들 사이에서 ‘스탁론’에 대한 관심이 높아지고 있다. 스탁론은 자기자본 포함 최대 4배까지 활용 가능하며 증권사 신용/미수 대환 용도로도 활용 가능해 대표적인 레버리지 수단으로 자리잡은 상태다.그러나 DSR 한도가 스탁론에도 적용된 후 다른 대출, 소득 증빙 문제로 예전처럼 이용하기 어려워졌다. 이와 함께 높아진 금리도 스탁론 이용을 망설이게 만든 원인으로 꼽힌다.그러나 해결책은 있다. 21년 연속 스탁론 업계 1위를 지키고 있는 하이스탁론이 DSR 무관하게 이용할 수 있는 상품은 물론 연 4%대 최저금리로 이용 가능한 상품까지 취급하며 선택의 폭을 넓힌 것이다.




 

◆ 하이스탁론, 연 4%대 업계 최저금리로 추가 투자금은 물론 신용미수 대환까지!<하이스탁론>에서 누구나 부담 없이 스탁론을 경험할 수 있도록 연 4%대 최저금리 상품을 출시했다. 주식매입 용도는 물론 증권사 미수/신용 대환도 가능하며 신용등급 차등 없이 자기자본 포함 최대 4배까지 활용할 수 있다.이와 함께 DSR 한도 때문에 기존 스탁론 이용이 어려웠던 투자자들은 위한 DSR 무관 상품도 취급 중이다. 또한 장중 거래가 어려웠던 투자자를 위한 대체거래소(NXT) 거래도 가능해졌다.<하이스탁론>의 새로운 상품에 대해 자세히 알고 싶은 투자자는 고객상담센터(1599-0313)로 연락하면 대출 여부와 상관없이 24시간 언제든 전문상담원과 편리한 상담이 가능하다.○ 연 4%대 업계 최저금리 상품 출시○ 대체거래소(NXT) 거래 가능!○ 21년 연속 시장 점유율 1위, 16년 연속 대한민국퍼스트브랜드 대상○ 증권사 신용/미수 실시간 상환, 한종목 100% 집중 투자○ 믿을 수 있는 상담품질보증제※하이스탁론상담센터 : 1599-0313바로가기:https://www.hisl.co.kr/0313◆ 현 시각 관심종목 Top 10 : 현대로템, NAVER, 다날, 한화, 한미반도체, 알테오젠, 위닉스, 파세코, 상지건설, 파미셀무료상담",https://www.hankyung.com/article/202507047711a,2025.07.07 09:30
"NAVER, 저작권 소송 리스크에도 AI·중소상공인 전략에 보합세",,"NAVER(035420)는 최근 뚜렷한 주가 모멘텀이 부재한 가운데, 한국신문협회의 저작권법 위반 관련 소송으로 리스크가 부각되며 보합권 흐름을 이어가고 있다. 이 소송은 생성형 AI 서비스 ‘하이퍼클로바’를 둘러싸고 이슈화되며 시장 신뢰도에 부담 요인으로 작용하고 있다.반면, AI 기술 개발과 중소상공인 지원 프로그램은 투자 심리의 긍정적 요소로 작용 중이다. NAVER는 ‘브랜드 부스터’와 ‘성장 마일리지’ 같은 플랫폼 상생 정책을 통해 중소 판매자를 지원하고 있으며, 이는 주가 하단 지지력으로 평가받고 있다.주가 흐름은 외국인 및 기관 투자자의 매도·매수 균형 속에 보합권을 형성하고 있다. 증권업계도 “법적 불확실성이 해소되지 않으면 강한 상승 동력으로 연결되기 어렵다”면서 신중한 접근을 권고하는 분위기다.향후 관건은 ▶저작권 소송 결과 ▶AI 인프라 및 글로벌 서비스 관련 추가 정책 ▶중소상공인 프로그램의 실효성 여부 등이다. 특히 법적 리스크 완화 여부에 따라 기술 중심 전략의 시장 반영 가능성이 결정될 전망이다.강원에너지, 강원랜드, 하이브, 효성중공업, 셀트리온무료상담",https://www.hankyung.com/article/202507047871a,2025.07.04 13:33
"소비쿠폰, 에이스침대는 되고 시몬스침대는 안되는 이유","민생회복 소비쿠폰 21일부터 신청 시작
연매출 30억 이하 소상공인 매장서 사용가능
대리점은 가능하지만 대기업 직영점은 사용불가","에이스침대 ‘루체-III’./제공=에이스침대

                ""온 가족 소비쿠폰 합쳐서 이참에 침대 바꿀래요.""정부가 온 국민에 주는 민생회복 소비쿠폰의 신청이 21일 시작됐다. 소득수준에 따라 15만원부터 최대 55만원까지 받을 수 있는 이 쿠폰은 사용처와 소진기한이 정해져있어 계획적으로 소진하려는 사람들이 많다. 특히 생후 한 살 된 갓난아이에게도 지급되기 때문에 다자녀 가정에서는 살림 장만 등에 큰 도움을 받을 수 있다.하지만 모든 살림살이를 장만할 수 있는 건 아니다. 민생회복 소비쿠폰은 연 매출 30억 원 이하 소상공인이 운영하는 오프라인 매장에서 사용할 수 있다. 전통시장과 동네 마트, 음식점, 학원, 편의점·카페 등 프랜차이즈 가맹점이 여기에 포함된다.국내 침대 1, 2위 브랜드인 시몬스침대와 에이스침대 중에서는 에이스침대 매장 115곳에서만 쓸 수 있다. 시몬스침대 140여개 매장은 전부 본사가 직접 운영하는 직영점이기 때문에 소비쿠폰 사용이 불가하다.에이스침대 매장 중에서도 직영점 3곳(에이스에비뉴 서울점, 에이스스퀘어 청담점·강남점), 백화점 및 아울렛 입점 매장 70곳, 연매출 30억원이 넘는 일부 대리점 4곳(에이스스퀘어 수원점·인천논현점·울산점·제주점)에서는 사용할 수 없다.
                    




                에이스침대는 소비쿠폰 지급 시기에 맞춰 특별 프로모션도 진행한다. 특히 혼수를 장만하려는 예비부부들이 선호하는 'LUCE-lll(루체-3)'의 화이트오크 색상과 올해 신제품 'BARONT(바론트)'는 대리점에서만 직접 보고 구매할 수 있기 때문에 방문 고객들 사이에서 인기가 높을 것으로 회사 측은 내다봤다.또 에이스침대의 예비부부 전용 멤버십 ‘에이스 웨딩멤버스’, LG전자 베스트샵 동시 구매 이벤트, 네이버페이 포인트 적립 프로모션 등 기존 구매 지원 프로그램과 연계하면 실구매 고객의 혜택 체감 폭은 더욱 커질 전망이다.에이스침대 관계자는 “민생회복 소비쿠폰 사용이 가능한 대리점이 전국에 분포돼 있다”며 “이번 정책 지원을 통해 내수 활성화 및 지역경제 회복이라는 취지에 보탬이 될 수 있기를 기대한다”고 말했다.민지혜 기자 spop@hankyung.com",https://www.hankyung.com/article/202507211086i,2025.07.21 10:18
"주식 매도 없이 신용이자 연 1,500만 원 줄이는 비법",,"전송종목 : 동양철관, KCTC, 신원, 포스코엠텍, 무림P&P최근 주식 투자자들 사이에서 주식대출(미수/신용융자 등)의 고금리에 대한 부담이 커지고 있다.특히 저금리를 적용 받고 싶어도, 기존 대출을 상환하고 다시 주식을 매수해야 하는 번거로운 절차와 자금 조달의 어려움이 발목을 잡고 있다.이런 현실적인 문제를 해결하고자, 무빙스탁이 ‘증권사 신용, 대환자금대출’ 서비스를 전격 출시했다.이 상품은 주식을 매도하지 않고도, 기존의 고금리의 주식대출(미수/신용융자 등)의 3%대의 혁신적인 저금리 증권사로 전환할 수 있도록 상환자금을 제공하는 것이 핵심이다.무빙스탁 관계자는 “현재 증권사 이벤트 금리는 연 3%대 수준으로, 기존 9~10%대 고금리를 적용받는 투자자라면 절감 효과가 상당하다”며, 금리를 5%만 낮추면 “1억원 신용대출 기준으로 연간 약 500만원, 3억원이라면 1,500만원까지도 절약할 수 있다”고 밝혔다.더 놀라운 점은, 현재는 이벤트 기간으로 대환자금대출 신청시 발생하는 이자 비용까지 ‘0원’이라는 사실이다. 대환자금에 대해서 하루의 대출이자도 부담하지 않고 기존 고금리 대출을 저금리로 전환할 수 있어, 고금리 부담에 시달리던 투자자들에게 큰 호응을 얻을 전망이다.이 서비스는 부동산 시장에서 흔히 이용되던 대환대출 개념을 증권시장에 도입한 혁신적인 시도로, 주식 투자자들의 자금 운용에 새로운 대안을 제시할 것으로 기대된다.무빙스탁 ‘증권사 신용, 대환자금대출’의 비용 무료 이벤트는 이벤트 기간 동안 한정적으로 제공되는 만큼, 신용융자를 이용 중인 투자자라면 지금 바로 확인해볼 필요가 있다.★ 장마감 시간이 가까워질수록 문의가 많아 상담이 지연될 수 있습니다.★ 7월 문의하신 고객들이 많이 보유하신 종목으로는 삼성전자, POSCO홀딩스, 셀트리온, 포스코퓨처엠, 에코프로비엠, NAVER, 에코프로, 삼성SDI, LG화학, SK하이닉스, 두산에너빌리티, 카카오, SK이노베이션, LG에너지솔루션, 엘앤에프, 삼천당제약, 현대차, 알테오젠, HPSP, LG전자 등이 있습니다.★ 안내사항과도한 빚은 당신에게 큰 불행을 안겨줄 수 있습니다. 대출 시 신용등급 하락으로 다른 금융거래가 제약받을 수 있습니다. 중개수수료를 요구하거나 받는 것은 불법입니다.상호명: ㈜단비대부 2021-서울영등포-2102(대부업) | TEL: 1544-4886 | 대출금리: 연 20%이내(연체금리는 약정금리+3%p이내, 최대 연 20%이내) | 단, 2021. 7. 7.부터 신규체결, 갱신, 연장되는 계약에 한함 | 채무의 조기상환 조건 및 부대비용 없음. (단, 신용조회비용 및 담보권설정비용 있음), 이자 외 별도로 중개수수료를 요구하거나 수취하는 것은 불법입니다. | 대표이사: 박동원 | 사업자등록번호: 274-86-00231 | 등록기관명칭: 서울 영등포구청(담당부서: 일자리경제과, 02-2670-3420) | 소재지 : 서울 영등포구 여의대방로67길 11, 5층 517호 | 개인정보관리자메일: help@danbifund.co.kr무료상담",https://www.hankyung.com/article/202507108872a,2025.07.10 10:28
9~10% 주식 관련 대출에서 3%대 대출로 교체,,"전송종목 : 코웨이, 포스코DX, 롯데쇼핑, 기업은행, 동서최근 주식 투자자들 사이에서 주식대출(미수/신용융자 등)의 고금리에 대한 부담이 커지고 있다.특히 저금리를 적용 받고 싶어도, 기존 대출을 상환하고 다시 주식을 매수해야 하는 번거로운 절차와 자금 조달의 어려움이 발목을 잡고 있다.이런 현실적인 문제를 해결하고자, 무빙스탁이 ‘증권사 신용, 대환자금대출’ 서비스를 전격 출시했다.이 상품은 주식을 매도하지 않고도, 기존의 고금리의 주식대출(미수/신용융자 등)의 3%대의 혁신적인 저금리 증권사로 전환할 수 있도록 상환자금을 제공하는 것이 핵심이다.무빙스탁 관계자는 “현재 증권사 이벤트 금리는 연 3%대 수준으로, 기존 9~10%대 고금리를 적용받는 투자자라면 절감 효과가 상당하다”며, 금리를 5%만 낮추면 “1억원 신용대출 기준으로 연간 약 500만원, 3억원이라면 1,500만원까지도 절약할 수 있다”고 밝혔다.더 놀라운 점은, 현재는 이벤트 기간으로 대환자금대출 신청시 발생하는 이자 비용까지 ‘0원’이라는 사실이다. 대환자금에 대해서 하루의 대출이자도 부담하지 않고 기존 고금리 대출을 저금리로 전환할 수 있어, 고금리 부담에 시달리던 투자자들에게 큰 호응을 얻을 전망이다.이 서비스는 부동산 시장에서 흔히 이용되던 대환대출 개념을 증권시장에 도입한 혁신적인 시도로, 주식 투자자들의 자금 운용에 새로운 대안을 제시할 것으로 기대된다.무빙스탁 ‘증권사 신용, 대환자금대출’의 비용 무료 이벤트는 이벤트 기간 동안 한정적으로 제공되는 만큼, 신용융자를 이용 중인 투자자라면 지금 바로 확인해볼 필요가 있다.★ 장마감 시간이 가까워질수록 문의가 많아 상담이 지연될 수 있습니다.★ 7월 문의하신 고객들이 많이 보유하신 종목으로는 삼성전자, POSCO홀딩스, 셀트리온, 포스코퓨처엠, 에코프로비엠, NAVER, 에코프로, 삼성SDI, LG화학, SK하이닉스, 두산에너빌리티, 카카오, SK이노베이션, LG에너지솔루션, 엘앤에프, 삼천당제약, 현대차, 알테오젠, HPSP, LG전자 등이 있습니다.★ 안내사항과도한 빚은 당신에게 큰 불행을 안겨줄 수 있습니다. 대출 시 신용등급 하락으로 다른 금융거래가 제약받을 수 있습니다. 중개수수료를 요구하거나 받는 것은 불법입니다.상호명: ㈜단비대부 2021-서울영등포-2102(대부업) | TEL: 1544-4886 | 대출금리: 연 20%이내(연체금리는 약정금리+3%p이내, 최대 연 20%이내) | 단, 2021. 7. 7.부터 신규체결, 갱신, 연장되는 계약에 한함 | 채무의 조기상환 조건 및 부대비용 없음. (단, 신용조회비용 및 담보권설정비용 있음), 이자 외 별도로 중개수수료를 요구하거나 수취하는 것은 불법입니다. | 대표이사: 박동원 | 사업자등록번호: 274-86-00231 | 등록기관명칭: 서울 영등포구청(담당부서: 일자리경제과, 02-2670-3420) | 소재지 : 서울 영등포구 여의대방로67길 11, 5층 517호 | 개인정보관리자메일: help@danbifund.co.kr무료상담",https://www.hankyung.com/article/202507223165a,2025.07.22 08:33
고금리 이자 폭탄 피하는 법! 증권사 대출 3%대로 줄이기,,"전송종목 : 이구산업, 남해화학, 특수건설, 스틱인베스트먼트, 팜스토리최근 주식 투자자들 사이에서 주식대출(미수/신용융자 등)의 고금리에 대한 부담이 커지고 있다.특히 저금리를 적용 받고 싶어도, 기존 대출을 상환하고 다시 주식을 매수해야 하는 번거로운 절차와 자금 조달의 어려움이 발목을 잡고 있다.이런 현실적인 문제를 해결하고자, 무빙스탁이 ‘증권사 신용, 대환자금대출’ 서비스를 전격 출시했다.이 상품은 주식을 매도하지 않고도, 기존의 고금리의 주식대출(미수/신용융자 등)의 3%대의 혁신적인 저금리 증권사로 전환할 수 있도록 상환자금을 제공하는 것이 핵심이다.무빙스탁 관계자는 “현재 증권사 이벤트 금리는 연 3%대 수준으로, 기존 9~10%대 고금리를 적용받는 투자자라면 절감 효과가 상당하다”며, 금리를 5%만 낮추면 “1억원 신용대출 기준으로 연간 약 500만원, 3억원이라면 1,500만원까지도 절약할 수 있다”고 밝혔다.더 놀라운 점은, 현재는 이벤트 기간으로 대환자금대출 신청시 발생하는 이자 비용까지 ‘0원’이라는 사실이다. 대환자금에 대해서 하루의 대출이자도 부담하지 않고 기존 고금리 대출을 저금리로 전환할 수 있어, 고금리 부담에 시달리던 투자자들에게 큰 호응을 얻을 전망이다.이 서비스는 부동산 시장에서 흔히 이용되던 대환대출 개념을 증권시장에 도입한 혁신적인 시도로, 주식 투자자들의 자금 운용에 새로운 대안을 제시할 것으로 기대된다.무빙스탁 ‘증권사 신용, 대환자금대출’의 비용 무료 이벤트는 이벤트 기간 동안 한정적으로 제공되는 만큼, 신용융자를 이용 중인 투자자라면 지금 바로 확인해볼 필요가 있다.★ 장마감 시간이 가까워질수록 문의가 많아 상담이 지연될 수 있습니다.★ 7월 문의하신 고객들이 많이 보유하신 종목으로는 삼성전자, POSCO홀딩스, 셀트리온, 포스코퓨처엠, 에코프로비엠, NAVER, 에코프로, 삼성SDI, LG화학, SK하이닉스, 두산에너빌리티, 카카오, SK이노베이션, LG에너지솔루션, 엘앤에프, 삼천당제약, 현대차, 알테오젠, HPSP, LG전자 등이 있습니다.★ 안내사항과도한 빚은 당신에게 큰 불행을 안겨줄 수 있습니다. 대출 시 신용등급 하락으로 다른 금융거래가 제약받을 수 있습니다. 중개수수료를 요구하거나 받는 것은 불법입니다.상호명: ㈜단비대부 2021-서울영등포-2102(대부업) | TEL: 1544-4886 | 대출금리: 연 20%이내(연체금리는 약정금리+3%p이내, 최대 연 20%이내) | 단, 2021. 7. 7.부터 신규체결, 갱신, 연장되는 계약에 한함 | 채무의 조기상환 조건 및 부대비용 없음. (단, 신용조회비용 및 담보권설정비용 있음), 이자 외 별도로 중개수수료를 요구하거나 수취하는 것은 불법입니다. | 대표이사: 박동원 | 사업자등록번호: 274-86-00231 | 등록기관명칭: 서울 영등포구청(담당부서: 일자리경제과, 02-2670-3420) | 소재지 : 서울 영등포구 여의대방로67길 11, 5층 517호 | 개인정보관리자메일: help@danbifund.co.kr무료상담",https://www.hankyung.com/article/202507111589a,2025.07.11 09:43
반대매매 위기 당일 간편 해결! 연 4%대 업계 최저 금리로 저렴하게!,,"투자자들 사이에서 ‘스탁론’에 대한 관심이 높아지고 있다. 스탁론은 자기자본 포함 최대 4배까지 활용 가능하며 증권사 신용/미수 대환 용도로도 활용 가능해 대표적인 레버리지 수단으로 자리잡은 상태다.그러나 DSR 한도가 스탁론에도 적용된 후 다른 대출, 소득 증빙 문제로 예전처럼 이용하기 어려워졌다. 이와 함께 높아진 금리도 스탁론 이용을 망설이게 만든 원인으로 꼽힌다.그러나 해결책은 있다. 21년 연속 스탁론 업계 1위를 지키고 있는 하이스탁론이 DSR 무관하게 이용할 수 있는 상품은 물론 연 4%대 최저금리로 이용 가능한 상품까지 취급하며 선택의 폭을 넓힌 것이다.




 

◆ 하이스탁론, 연 4%대 업계 최저금리로 추가 투자금은 물론 신용미수 대환까지!<하이스탁론>에서 누구나 부담 없이 스탁론을 경험할 수 있도록 연 4%대 최저금리 상품을 출시했다. 주식매입 용도는 물론 증권사 미수/신용 대환도 가능하며 신용등급 차등 없이 자기자본 포함 최대 4배까지 활용할 수 있다.이와 함께 DSR 한도 때문에 기존 스탁론 이용이 어려웠던 투자자들은 위한 DSR 무관 상품도 취급 중이다. 이 상품도 투자자들의 깊은 관심을 받으며 업계 최초로 5,000억원을 돌파했다.<하이스탁론>의 새로운 상품에 대해 자세히 알고 싶은 투자자는 고객상담센터(1599-0313)로 연락하면 대출 여부와 상관없이 24시간 언제든 전문상담원과 편리한 상담이 가능하다.○ 연 4%대 업계 최저금리 상품 출시○ DSR 무관 상품 취급 중 (업계 최초 5,000억 돌파)○ 21년 연속 시장 점유율 1위, 16년 연속 대한민국퍼스트브랜드 대상○ 증권사 신용/미수 실시간 상환, 한종목 100% 집중 투자○ 믿을 수 있는 상담품질보증제※하이스탁론상담센터 : 1599-0313바로가기:https://www.hisl.co.kr/0313◆ 현 시각 관심종목 Top 10 : 한화오션, 카카오, 현대차, 미투온, NAVER, 비올, 서린바이오, 일신바이오, 파루, 아이티센글로벌무료상담",https://www.hankyung.com/article/202507023053a,2025.07.03 13:05
기초 펀더멘탈이 강한 종목을 찾는다면?,,"경유레카는 한국경제신문의 디지털 미디어인 한경닷컴에서 개발한 개별 종목에대한인공지능(AI) 알고리즘 업체의 투자 의견을 종합한 'AI 컨센서스'를 제공하는 서비스입니다. '한경유레카' 앱은 구글 플레이 스토어 혹은 앱스토어에서 내려받을 수 있습니다.





종목추천 서비스 종합 플랫폼 한경유레카에 입점한 뉴지랭크가 전거래일(14일) 온코닉테라퓨틱스를 추천하여 수익률 7.3%를 기록했다.뉴지랭크는 iM그룹 계열사인 뉴지스탁에서 만든 종목추천 서비스로 모멘텀 및 펀더멘탈을기반으로 만든 알고리즘이다.뉴지랭크는 온코닉테라퓨틱스에 대해 본업 수익성이 개선되고 있고 안정적인 수익 구조로 전환했다며 펀더멘탈 점수가 높은편이기 때문에 해당 종목을 추천한다고 전했다.한경유레카에서 신규가입을 하고 뉴지랭크를 구독하면 1개월간 무료로 추천종목을 문자로 받아볼 수 있다.  본 글은 투자 참고용입니다.한국화장품 NAVER 한국전력 아우토크립트 쿠콘",https://www.hankyung.com/article/202507158406a,2025.07.15 13:19
자사주 의무소각 상법개정...주목해볼만한 종목은?,,"경유레카는 한국경제신문의 디지털 미디어인 한경닷컴에서 개발한 개별 종목에대한인공지능(AI) 알고리즘 업체의 투자 의견을 종합한 'AI 컨센서스'를 제공하는 서비스입니다. '한경유레카' 앱은 구글 플레이 스토어 혹은 앱스토어에서 내려받을 수 있습니다.





종목추천 서비스 종합 플랫폼 한경유레카에 입점한 친절한미정씨가 전거래일(10일) 카카오뱅크를 추천하여 수익률 6.6%를 기록했다.친절한미정씨는 성장, 가치, 성과, 안정성, 모멘텀 등 기업의 가치를 평가하는 5개 중요 변수를 AI 학습 및 분석하여 상대평가 점수화 지표화한 QAIS(Quin AI Score)라는 자체 점수를 통해 종목을 추천한다.  친절한미정씨는 최근 자사주 의무 매입에 대한 상법개정에 따라 은행주들이 강세를 보이고 AI관련주인 2가지 모멘텀을 카카오뱅크가 가지고 있어 QAIS가 높아져 해당 종목을 추천했다고 전했다. 한경유레카에서 신규가입을 하고 친절한미정씨를 구독하면 1개월간 무료로 추천종목을 문자로 받아볼 수 있다.  본 글은 투자 참고용입니다.NHN KCP 현대바이오 NAVER 아톤 대한항공",https://www.hankyung.com/article/202507111730a,2025.07.11 11:37
합리적 투자 필수! 증권사 신용대출 3%대 전환으로 이자 절감,,"전송종목 : 산일전기, 티씨케이, SNT모티브, 우주일렉트로, 대화제약최근 주식 투자자들 사이에서 주식대출(미수/신용융자 등)의 고금리에 대한 부담이 커지고 있다.특히 저금리를 적용 받고 싶어도, 기존 대출을 상환하고 다시 주식을 매수해야 하는 번거로운 절차와 자금 조달의 어려움이 발목을 잡고 있다.이런 현실적인 문제를 해결하고자, 무빙스탁이 ‘증권사 신용, 대환자금대출’ 서비스를 전격 출시했다.이 상품은 주식을 매도하지 않고도, 기존의 고금리의 주식대출(미수/신용융자 등)의 3%대의 혁신적인 저금리 증권사로 전환할 수 있도록 상환자금을 제공하는 것이 핵심이다.무빙스탁 관계자는 “현재 증권사 이벤트 금리는 연 3%대 수준으로, 기존 9~10%대 고금리를 적용받는 투자자라면 절감 효과가 상당하다”며, 금리를 5%만 낮추면 “1억원 신용대출 기준으로 연간 약 500만원, 3억원이라면 1,500만원까지도 절약할 수 있다”고 밝혔다.더 놀라운 점은, 현재는 이벤트 기간으로 대환자금대출 신청시 발생하는 이자 비용까지 ‘0원’이라는 사실이다. 대환자금에 대해서 하루의 대출이자도 부담하지 않고 기존 고금리 대출을 저금리로 전환할 수 있어, 고금리 부담에 시달리던 투자자들에게 큰 호응을 얻을 전망이다.이 서비스는 부동산 시장에서 흔히 이용되던 대환대출 개념을 증권시장에 도입한 혁신적인 시도로, 주식 투자자들의 자금 운용에 새로운 대안을 제시할 것으로 기대된다.무빙스탁 ‘증권사 신용, 대환자금대출’의 비용 무료 이벤트는 이벤트 기간 동안 한정적으로 제공되는 만큼, 신용융자를 이용 중인 투자자라면 지금 바로 확인해볼 필요가 있다.★ 장마감 시간이 가까워질수록 문의가 많아 상담이 지연될 수 있습니다.★ 7월 문의하신 고객들이 많이 보유하신 종목으로는 삼성전자, POSCO홀딩스, 셀트리온, 포스코퓨처엠, 에코프로비엠, NAVER, 에코프로, 삼성SDI, LG화학, SK하이닉스, 두산에너빌리티, 카카오, SK이노베이션, LG에너지솔루션, 엘앤에프, 삼천당제약, 현대차, 알테오젠, HPSP, LG전자 등이 있습니다.★ 안내사항과도한 빚은 당신에게 큰 불행을 안겨줄 수 있습니다. 대출 시 신용등급 하락으로 다른 금융거래가 제약받을 수 있습니다. 중개수수료를 요구하거나 받는 것은 불법입니다.상호명: ㈜단비대부 2021-서울영등포-2102(대부업) | TEL: 1544-4886 | 대출금리: 연 20%이내(연체금리는 약정금리+3%p이내, 최대 연 20%이내) | 단, 2021. 7. 7.부터 신규체결, 갱신, 연장되는 계약에 한함 | 채무의 조기상환 조건 및 부대비용 없음. (단, 신용조회비용 및 담보권설정비용 있음), 이자 외 별도로 중개수수료를 요구하거나 수취하는 것은 불법입니다. | 대표이사: 박동원 | 사업자등록번호: 274-86-00231 | 등록기관명칭: 서울 영등포구청(담당부서: 일자리경제과, 02-2670-3420) | 소재지 : 서울 영등포구 여의대방로67길 11, 5층 517호 | 개인정보관리자메일: help@danbifund.co.kr무료상담",https://www.hankyung.com/article/202507158092a,2025.07.15 09:33
굶는 친구 돕던 '금수저 의대생'...29세 요절한 슬픈 사연이 [성수영의 그때 그 사람들],"프레데릭 바지유(Frederic Bazille)
그리고 인상주의의 탄생","여름 풍경, 목욕하는 사람들(1869). /케임브리지 포그 미술관

                군복을 입은 청년은 언덕을 오르다 하늘을 올려다봤습니다. 전쟁터로 향하는 길이었지만 하늘은 눈부시게 푸르렀습니다. 청년은 친구들과 즐겁게 헤엄치던 그 여름날을 문득 떠올렸습니다.갑자기 날카로운 총성이 울려 퍼졌습니다. 앞서가던 병사가 힘없이 쓰러졌습니다. “매복이다!” 누군가 외쳤습니다. 그리고 빗발치는 총알. “사격 개시!” 지휘관의 고함소리가 들렸습니다. 청년을 비롯한 병사들은 총알이 날아오는 방향으로 일제히 총을 쏘기 시작했습니다. 그때 청년은 봤습니다. 우연히 전투에 휘말려 죽을힘을 다해 달아나는 여성과 아이들의 모습. 청년의 가슴은 끓어올랐습니다. 그는 반사적으로 뛰어나가 필사적으로 외쳤습니다. “저쪽은 쏘지 마! 여자와 아이들이 있다!”바로 그때, 두 발의 총탄이 청년의 팔과 가슴을 꿰뚫었습니다. 그는 천천히 앞으로 쓰러져 땅에 얼굴을 묻었습니다. 그렇게 청년은 전쟁터에서 29년의 짧은 삶을 마무리했습니다.그의 이름은 프레데릭 바지유(1841~1870). 인상주의의 선구자이자, 너무 일찍 떠난 비운의 천재 화가였습니다. 모네의 친구이자 후원자였고, 르누아르가 ‘순수하고 다정했던 친구’라며 평생을 두고 그리워한 사람. 바지유가 살았던 청춘의 흔적을 지금부터 풀어 봅니다. 금수저 의대생의 방황1862년 프랑스 파리의 한 미술 교실. 문이 열리고 처음 보는 남자가 들어오자, 그림을 그리던 학생들의 손이 멈췄습니다. 큰 키에 깨끗한 옷차림, 우아하고 품위 있는 몸가짐, 그리고 어색한 미소. 자신을 프레데릭 바지유라고 소개한 그 남자는 누가 봐도 부잣집 아들이었습니다. 학생들은 이렇게 생각했습니다. ‘취미로 그림을 배우러 온 도련님이군.’ 그 학생들 중 하나였던 오귀스트 르누아르는 훗날 회고했습니다. “바지유를 처음 보고 나는 이런 생각을 했다. ‘저 녀석 집에는 하인이 정말 많을 것 같다’고.”




자화상(1865~1866). 시카고 아트 인스티튜트

바지유는 금수저였습니다. 1841년 프랑스 남부 도시 몽펠리에의 유서 깊은 명문가에서 태어난 그는 어린 시절부터 아무 부족함 없이 자랐습니다. 그런 바지유의 장래 희망은 화가. 아버지 친구 집에서 본 멋진 명화들이 그에게 심어준 꿈이었습니다. “취미가 있다는 건 좋은 거야.” 아버지는 바지유에게 미술 강의를 듣게 해 줬습니다. 하지만 아들이 화가가 되는 건 허락하지 않았습니다. “미술은 취미로만 해. 잘 살고 싶으면 전문직을 해야 한다. 의사가 되렴.” 어린 바지유는 아버지의 말을 감히 거역할 수 없었습니다.스물한 살이 되던 1862년, 바지유는 몽펠리에를 떠나 파리로 향했습니다. 파리 의대에서 의학을 공부하기 위해서였습니다. 하지만 그의 마음속에는 여전히 그림에 대한 열정이 있었습니다. ‘취미라도 좋아.’ 바지유는 스위스 화가 샤를 글레르가 운영하는 미술 교실에 들어갔습니다. 그곳에서 그는 클로드 모네, 오귀스트 르누아르, 알프레드 시슬리를 만났습니다. 훗날 인상주의의 핵심이 되는 화가들이었지요.
                    



핑크색 드레스(1864). 풍경화와 인물화를 조화시킨 초기작이다. /오르세미술관

                바지유와 친구들은 금세 친해졌습니다. 바지유가 밥과 술을 잘 사준다는 이유 때문만은 아니었습니다. 미술을 잘 모르는 부잣집 도련님일 거라는 편견과 달리, 바지유의 실력과 그림 보는 눈은 탁월했습니다. 생각도 서로 비슷했습니다. 그들은 고리타분한 ‘꼰대’들이 그리는 역사와 종교 그림을 지겹다고 생각했고, 우리가 살아가는 지금 이 순간을 그림으로 그리고 싶어 했고, 교실 밖에서 햇빛을 받으며 그림 그리는 걸 좋아했습니다.친구들과 그림 그리는 재미에 푹 빠진 바지유에게 의학 공부는 뒷전이 됐습니다. 수업 시간에는 ‘오늘은 뭘 그릴까’만 생각했고, 수업을 빼먹고 친구들과 숲으로 그림을 그리러 쏘다니기도 했습니다. 그런 생활이 2년이나 이어졌습니다. 하지만 의대 공부는 그렇게 만만한 게 아니었습니다. 결국 스물세 살이던 1864년, 바지유는 시험에 낙제한 뒤 의대를 그만두게 됩니다. 아버지는 바지유에게 크게 실망해 화를 냈습니다. 하지만 결국 아버지는 아들을 응원해주기로 했습니다.
                    



꽃(1868). 바지유의 가족은 그가 몽펠리에 지역에서 소일거리 삼아 그림을 그리는 지역 화가가 되기를 바랐다. 하지만 바지유는 파리에서 위대한 화가가 되기를 원했다.

 아낌없이 주는 나무바지유가 없었더라면 우리가 아는 미술은 지금과 꽤 달라졌을지도 모릅니다. 경제적 어려움에 시달리던 모네가 붓을 꺾거나, 굶어 죽었을지도 모르니까요.아직 인상주의라는 말도 없었던 시기, 바지유와 모네를 비롯한 젊은 화가들은 ‘왕따’였습니다. 붓질의 흔적조차 보이지 않는 매끄러운 그림을 선호하던 당시 미술계 사람들은 거칠고 낯선 그들의 그림을 ‘어설프고 품격이 없다’고 생각했습니다. 당연히 작품을 사주는 사람도 없었습니다. 그래서 젊은 화가들은 항상 배고팠습니다. 바지유는 아버지에게 받은 용돈으로 친구들을 먹여 살리다시피 했습니다. 그 중 가장 도움을 많이 받은 사람이 모네였습니다.
                    



임시 야전 병원(1865). 숲에서 그림을 그리던 모네는 원반 던지기 선수들이 연습 삼아 던진 원반에 다리를 맞아 부상을 입었다. 바지유는 응급처치를 한 뒤 그를 침대에 눕혔다. 그리고 침대에 누워 회복하는 모네의 모습을 그렸다. 뒤쪽 벽지 무늬와 커튼, 인물, 침대 등 가구의 전체적인 조화가 절묘하다. /오르세미술관

                바지유는 모네의 천재적인 재능을 일찌감치 알아봤습니다. 그는 모네에게 아낌없이 주는 나무가 됐습니다. 모네가 그린 ‘정원의 여인들’을 2500프랑, 지금 우리 돈으로 치면 수천만 원에 달하는 거액에 사준 게 단적인 예입니다. 아무리 바지유가 부자라도 그만한 돈을 한 번에 줄 여력은 없었습니다. 그래서 바지유는 매달 50프랑씩 할부로 작품값을 지불했습니다. 사실상 용돈을 준 겁니다. 모네의 아내가 되는 카미유를 소개해준 것도 바지유. 의학 지식을 활용해 사고를 당해 다리를 다친 모네를 치료해 준 것도 바지유였습니다. 모네는 바지유를 아들의 대부로 삼아 고마움을 표시했습니다.바지유가 거저 주기만 했던 건 아닙니다. 그는 친구들의 그림을 보고 그 장점을 빠르게 흡수했습니다. 모네에게서는 색채와 빛 표현을, 시슬리에게서는 부드러움과 공기 표현을, 르누아르에게서는 배경의 패턴과 따뜻하고 부드러운 붓질을, 에두아르 마네에게서는 특유의 인물 표현과 색의 대비를 배웠습니다.
                    



모네의 '베네쿠르 센강변에서'(1868). 풍경과 인물이 비슷한 톤으로 그려져 있어 인물의 존재감이 두드러지지 않는다. /시카고 아트 인스티튜트





마을 풍경(1868). 풍경화와 인물화의 통합이 훨씬 더 발전한 결과물이다. /몽펠리에 파브르 미술관

                그리고 그는 자신만의 새로운 화풍을 창조해 나갔습니다. 바지유의 작품 속에서는 빛이 쏟아지는 아름다운 풍경과 인물의 단단한 존재감이 함께 살아 숨 쉬고 있습니다. 풍경화와 인물화를 결합한 겁니다. 사물의 표면에서 일어나는 빛의 변화에 집중한 모네와 르누아르는 이루지 못한 성과였습니다. 덕분에 그는 1868년 당시 최고 권위 전시회였던 살롱에도 작품을 걸게 됐습니다. 인상주의 그룹에 속한 화가 중에서는 이례적인 일이었지요. 훗날 인상주의의 큰형님으로 불리는 카미유 피사로는 바지유를 두고 이렇게 말했습니다. “그는 우리 그룹에서 가장 재능 있는 화가 중 하나다.”서로 뿔뿔이 흩어질 수도 있었던 인상주의 화가들이 한데 모여 선의의 경쟁을 펼칠 수 있었던 것도 바지유 덕분이었습니다. 살롱에 입선한 그해, 바지유는 르누아르와 함께 큰 작업실을 빌려 함께 작업하기 시작했습니다. 이 작업실은 마네와 모네를 비롯해 많은 재능있는 화가들이 그림을 그리고, 작품을 그리고, 서로 토론하고 논쟁하며 실력을 키워가는 장소가 돼줬습니다.
                    



바지유의 작업실(1870). 가운데 키 큰 사람이 바지유다. 가장 가까운 위치에 서 있는 붉은 수염의 남자는 마네 혹은 모네로 추정된다. 각 인물이 누구인지에 대해서는 미술사학자들의 의견이 갈리지만, 이 작품이 바지유가 가장 사랑하는 핵심 인물들을 묘사하고 있다는 데에는 모두가 동의한다. 작품 속 벽에 걸려 있는 그림들은 살롱에 거부당한 각 화가의 대표작들이다. 그래서 이 작품은 초기 인상주의 화가들의 상황을 그대로 보여주는 그림이기도 하다. /오르세미술관

 사랑, 비밀, 혼란평론가들은 바지유의 그림을 칭찬했습니다. “매년 봄 바지유는 여름을 그린 그림들을 들고 온다. 그 작품들은 푸른 하늘과 햇살, 그리고 소박한 자신감으로 가득 차 있다”(에드몽 뒤랑티). “놀라울 정도로 충만한 빛, 햇빛의 힘, 야외의 독특한 인상을 포착했다”(자샤리 아스트뤽). 친구들은 바지유를 부러워했습니다. 자신들의 그림과 달리 바지유의 작품은 미술계에서도 어느 정도 받아들여진 데다, 돈 걱정 없이 미술에 전념할 수 있었으니까요.하지만 정작 바지유 자신은 마음 한편에 늘 불안과 고민을 품고 있었습니다. 현대의 평론가 피터 슈엘달은 이렇게 평가했습니다. “그의 그림에는 강렬한 빛뿐만 아니라, 자신에 대한 의심이 드리운 그림자와 우울함이 불러일으킨 무기력함도 스며들어 있다.” 바지유는 항상 모네와 르누아르 같은 친구들에 비해 자신의 재능이 부족하다고 생각했습니다. 부잣집에서 태어난 덕분에 집안의 지원을 받는다는 점도 그에게는 오히려 컴플렉스였습니다. 붓 한 자루로 운명을 헤쳐 나가며 진검승부를 벌이는 친구들과 달리, 자신에게는 절박함이 없다는 생각 때문이었습니다. 
                    



1865년 찍은 바지유의 사진.

                아버지와의 사이도 좋지만은 않았습니다. “몽펠리에로 돌아와서 그림을 그리거라.” 바지유는 아버지의 편지에 이렇게 답장했습니다. “지방 사람들 몇 명이 제 그림을 좋아해봤자 무슨 소용인가요.” 예술의 중심지 파리에서 천재적인 재능을 가진 친구들과 경쟁하고 싶다는 생각 때문이었지만, 아버지 입장에서는 화가 머리끝까지 날 수밖에 없습니다. 아버지의 분노에 바지유는 납작 엎드렸습니다. “실망시켜드려서 죄송해요. 제가 아버지께 부담이 된다는 사실이 늘 마음 아픕니다. 돈은 아껴 써 보겠습니다. 용서해 주세요.”사랑도 잘 풀리지 않았습니다. “애인은 없냐”고 친구들이 물으면 바지유는 늘 힘없이 웃으며 답했습니다. “어릴 때 제대로 차인 적이 있어서 말이야. 나는 연애 운이 없나 봐. 그림에 집중해야지 뭐.” 어머니의 강권으로 선을 본 적도 있었지만, 역시 잘 되지 않았습니다. “내가 몇 살만 더 어리고, 머리카락이 좀만 더 남아있었더라면 말이야….” 바지유는 주변 사람들에게 이렇게 말했다고 합니다.
                    



가족 모임(1867). 바지유가 자신의 가족을 그린 작품으로, 그의 대표작 중 하나로 꼽힌다. 그림 속 인물들은 다소 어색하게 굳어 있다. 사진을 찍는 것과 비슷한 효과를 내려고 했다는 설, 낯선 사람이 가족에게 다가오는 상황을 가정해 그렸다는 설 등 다양한 해석이 존재한다. 가족들은 무난하게 상류층의 삶을 살아가는데, 혼자 고집스럽게 화가의 길을 걷는 자신의 어색함과 외로움을 표현했다는 해석도 있다. /오르세미술관





그물을 든 어부(1868). 바지유는 당시 화가들이 거의 그리지 않던 남성 누드를 많이 그려 주목을 받았다. 사람들이 그에게 왜 이렇게 “남성 누드만 그리냐”고 물으면 바지유는 이렇게 답했다. “여성을 그리는 건 너무 어려워요.”





화장(1869~1870). 그가 드물게 여성 모델을 그린 그림이다. /몽펠리에 파브르 미술관

                어쩌면 바지유가 혼자였던 이유는 따로 있었을지도 모릅니다. 적잖은 미술사학자들은 그가 남성에게 사랑을 느꼈을지도 모른다고 생각합니다. 하지만 확실한 건 아무것도 없습니다. 우리가 알 수 있는 건 그가 사랑에 어려움을 겪었다는 것. 그리고 혼란스럽고 외로웠다는 것뿐입니다.스트레스를 발산하지 않고 속으로 삭이는 성격. 아버지에 대한 미안함. 스스로 밥벌이를 하지 못한다는 자괴감. 가난한 친구들과의 묘한 거리감. 때때로 친구들이 자신을 ‘지갑’으로 여긴다는 느낌. 지방 출신에 당시 프랑스에서는 소수파였던 개신교 신자라는 점. 여기에 잘 풀리지 않는 연애까지. 그는 편지에 이렇게 썼습니다. “편두통이 끊임없이 나를 괴롭히고 있어. 정말이지 지치고 힘들어.”그러던 어느 날, 그의 눈에 모병 광고가 들어왔습니다. 프랑스와 프로이센(지금의 독일) 사이에 전쟁이 벌어졌으니 최전선에서 싸울 병사를 모집한다는 내용이었습니다. 바지유는 망설이지 않고 입대 신청서를 냈습니다. 자신을 괴롭히는 그 모든 것으로부터 도망치고, 자신을 증명해서, 진정한 남자로 새로 태어나 돌아오고 싶어서였습니다. 1870년 8월, 그의 나이 스물아홉이었습니다.
                    



에드몽 메트르의 초상(1869). 멋쟁이였던 메트르는 바지유의 후원자이자 가장 친한 친구였다. 그는 항상 바지유와 붙어 다녔다. 두 사람이 함께 새벽까지 피아노를 치며 시간을 보내곤 했다는 기록도 있다.

                평소 온화하고 내향적인 성격이었던 바지유가 목숨을 걸고 최전선에 자원입대했다는 소식에 친구들은 깜짝 놀랐습니다. 바지유의 예술은 이제 막 꽃을 피우기 시작한 상황. 게다가 그는 부유한 집안 출신이라, 얼마든지 후방에 배치되거나 돈을 내고 합법적으로 군 면제를 받을 수 있었습니다. 친구들은 놀라움과 안타까움을 담아 편지를 보냈습니다. “당신은 의무가 없는데 왜! 정말 얼간이로군! 맙소사! 맙소사!”(르누아르) “나의 사랑하는 친구여. 방금 자네가 입대했다는 편지를 받았소. 정말 미쳤군…! 왜 친구들과 상의하지 않았소? 신의 가호가 있기를.”(에드몽 메트르)그래도 바지유는 개의치 않았습니다. 답답하고 꼬인 상황이 어떻게든 해결될 거라고 생각했으니까요. 바지유는 훈련소에서 가족들에게 보낸 편지에 이렇게 썼습니다. “이 짐승 같은 생활에 지치긴 합니다. 하지만 오래 가진 않을 겁니다.” 새로운 경험은 확실히 그의 마음속에 뭔가 변화를 불러일으킨 것 같습니다. 아마도 그는 앞으로 자신이 펼쳐나갈 예술에 대한 실마리를 얻었을 겁니다. 동료 병사의 증언에 따르면 바지유는 1870년 11월 27일 이렇게 말했습니다. “나는 죽지 않을 거라고 확신해. 앞으로 할 일이 너무 많거든.”




레즈 강의 풍경(1870). /미니애나폴리스 아트 인스티튜트

                다음날인 11월 28일. 바지유의 부대는 파리에서 남쪽으로 약 100km 떨어진 작은 마을로 진격했습니다. 그리고 그곳에서 바지유는 두 발의 총탄을 맞고 쓰러졌습니다. 그의 나이는 불과 스물아홉 살. 단 7년이라는 짧은 시간 동안 수많은 걸작을 탄생시킨 천재의, 너무나도 허무하고 슬픈 최후였습니다. 르누아르는 훗날 이렇게 회고했습니다. “바지유는 순수한 마음을 가진 온화하고 고귀한 존재였다. 그렇게 죽다니….” 청춘을 남기다인상파라는 이름이 생겨나게 된 첫 인상주의 전시는 4년 뒤인 1874년 열렸습니다. 이미 세상을 떠난 바지유는 전시 참여 작가 목록에 이름을 올릴 수 없었습니다. 그 후 인상주의는 미술사의 전설이 됐고, 전세계인이 가장 사랑하는 미술사조로 자리잡았습니다. 하지만 그곳에 바지유의 이름은 없었습니다.
                    



그가 마지막으로 남긴 미완성 작품 '룻과 보아스'(1870). 성경 속 이야기를 모티프 삼아 그린 작품으로, 사랑과 영원에 관한 내용을 담고 있다.

                100여년이 흐른 뒤에야 비로소 사람들은 바지유라는 이름에 다시 주목하게 됐습니다. 그리고 깨달았습니다. 인상주의가 단 한 번의 전시로 갑자기 시작된 게 아니라는 것을. 아직 인상파라는 이름도 없던 시절, 인상주의는 1860년대 한 무리의 젊은 화가들의 우정에서 자라나고 있었다는 사실을요. 그 중심에는 바지유가 있었습니다. 그는 인상주의라는 거대한 숲을 이루기 위한 씨앗이었고, 친구들이 잠시 쉬어갈 수 있는 든든한 나무였습니다. 그리고 너무 일찍 진 꽃이었습니다.청춘의 한가운데에서 길을 잃은 바지유. 그의 그림은 그래서 역설적으로 찬란합니다. 선명한 햇살과 빛이 상징하는 청춘의 아름다움과 함께 젊은 날의 미숙함과 고민, 치기와 불안까지 작품 속에 고스란히 담겨 있기 때문입니다. 바지유가 그토록 그리고 싶었던 ‘지금 이 순간’은, 그렇게 그림 속에서 영원히 멈췄습니다.
                    



바지유가 사망한 뒤 르누아르가 그를 추모하며 그린 사후 초상화(1885).

**Bazille: Purity, Pose, and Painting in the 1860s (Dianne Pitman 지음), The Private Lives of the Impressionists(Sue Roe 지음), New Yorker 전시 평론 'Frederic Bazille’s Short Career, Reconsidered'(Peter Schjeldahl) 등을 참조해 작성했습니다. 가장 앞부분의 전사 장면 묘사는 프랑스의 미술사학자 François Daulte의 전기문을 따른 것입니다.***새 책 <명화의 비밀, 그때 그 사람>이 정식 출간되었습니다. 독자 여러분의 성원에 진심으로 감사드립니다.<그때 그 사람들>은 미술 담당 기자가 미술사의 거장들과 고고학, 역사 등을 심도 있게 조명하는 국내 문화 분야 구독자 1위 연재물입니다. 매주 토요일 새로운 이야기로 찾아옵니다. 네이버 기자 페이지를 구독하시면 미술 소식과 지금 열리는 전시에 대한 심층 분석을 읽어보실 수 있습니다. 이미 구독 중인 7만여명의 독자와 함께 아름다운 작품과 이야기를 만나보세요.성수영 기자 syoung@hankyung.com",https://www.hankyung.com/article/202507049474i,2025.07.05 07:35
이자 폭탄 막자! 증권사 신용대출 3%대 전환으로 절약하는 법,,"전송종목 : HMM, 현대위아, 금호석유화학, SKC, 현대모비스최근 주식 투자자들 사이에서 주식대출(미수/신용융자 등)의 고금리에 대한 부담이 커지고 있다.특히 저금리를 적용 받고 싶어도, 기존 대출을 상환하고 다시 주식을 매수해야 하는 번거로운 절차와 자금 조달의 어려움이 발목을 잡고 있다.이런 현실적인 문제를 해결하고자, 무빙스탁이 ‘증권사 신용, 대환자금대출’ 서비스를 전격 출시했다.이 상품은 주식을 매도하지 않고도, 기존의 고금리의 주식대출(미수/신용융자 등)의 3%대의 혁신적인 저금리 증권사로 전환할 수 있도록 상환자금을 제공하는 것이 핵심이다.무빙스탁 관계자는 “현재 증권사 이벤트 금리는 연 3%대 수준으로, 기존 9~10%대 고금리를 적용받는 투자자라면 절감 효과가 상당하다”며, 금리를 5%만 낮추면 “1억원 신용대출 기준으로 연간 약 500만원, 3억원이라면 1,500만원까지도 절약할 수 있다”고 밝혔다.더 놀라운 점은, 현재는 이벤트 기간으로 대환자금대출 신청시 발생하는 이자 비용까지 ‘0원’이라는 사실이다. 대환자금에 대해서 하루의 대출이자도 부담하지 않고 기존 고금리 대출을 저금리로 전환할 수 있어, 고금리 부담에 시달리던 투자자들에게 큰 호응을 얻을 전망이다.이 서비스는 부동산 시장에서 흔히 이용되던 대환대출 개념을 증권시장에 도입한 혁신적인 시도로, 주식 투자자들의 자금 운용에 새로운 대안을 제시할 것으로 기대된다.무빙스탁 ‘증권사 신용, 대환자금대출’의 비용 무료 이벤트는 이벤트 기간 동안 한정적으로 제공되는 만큼, 신용융자를 이용 중인 투자자라면 지금 바로 확인해볼 필요가 있다.★ 장마감 시간이 가까워질수록 문의가 많아 상담이 지연될 수 있습니다.★ 7월 문의하신 고객들이 많이 보유하신 종목으로는 삼성전자, POSCO홀딩스, 셀트리온, 포스코퓨처엠, 에코프로비엠, NAVER, 에코프로, 삼성SDI, LG화학, SK하이닉스, 두산에너빌리티, 카카오, SK이노베이션, LG에너지솔루션, 엘앤에프, 삼천당제약, 현대차, 알테오젠, HPSP, LG전자 등이 있습니다.★ 안내사항과도한 빚은 당신에게 큰 불행을 안겨줄 수 있습니다. 대출 시 신용등급 하락으로 다른 금융거래가 제약받을 수 있습니다. 중개수수료를 요구하거나 받는 것은 불법입니다.상호명: ㈜단비대부 2021-서울영등포-2102(대부업) | TEL: 1544-4886 | 대출금리: 연 20%이내(연체금리는 약정금리+3%p이내, 최대 연 20%이내) | 단, 2021. 7. 7.부터 신규체결, 갱신, 연장되는 계약에 한함 | 채무의 조기상환 조건 및 부대비용 없음. (단, 신용조회비용 및 담보권설정비용 있음), 이자 외 별도로 중개수수료를 요구하거나 수취하는 것은 불법입니다. | 대표이사: 박동원 | 사업자등록번호: 274-86-00231 | 등록기관명칭: 서울 영등포구청(담당부서: 일자리경제과, 02-2670-3420) | 소재지 : 서울 영등포구 여의대방로67길 11, 5층 517호 | 개인정보관리자메일: help@danbifund.co.kr무료상담",https://www.hankyung.com/article/202507210595a,2025.07.21 11:38
"이구산업, 트럼프 구리 관세發 폭등 수혜…강세 지속 전망",,"미국 도널드 트럼프 대통령이 현지 시각 7월 8일 백악관 각료회의에서 수입 구리에 50%의 관세를 부과하겠다고 발표했다. 이 소식이 전해진 즉시 뉴욕 상업거래소(Comex)의 구리 선물가는 12~13% 급등하며 사상 최고치를 기록했다.구리를 주요 원자재로 사용하는 이구산업(코스피 025820)은 이 같은 가격 급등의 직격탄 수혜업체로 부각되고 있다. 실제로 지난 3월에도 구리 가격 급등 당시 이구산업은 하루 만에 크게 급등한 바 있다. 증권업계와 투자자들은 트럼프 발언 이후 다시금 이구산업에 대한 강한 매수세가 유입되고 있는 것으로 분석한다.이구산업은 자동차부품·반도체·전자 소재용 구리제품을 연간 6만 톤 생산하며 국내 공급 물량의 20% 이상을 차지하는 비철금속 핵심 플레이어다. 최근 구리값 상승이 높은 수준에서 유지될 경우, 원가 상승에도 불구하고 매출단가 상승이 가능해 추가적인 영업이익 개선이 기대된다는 평가다.재무적으로 이구산업은 2024년 매출 약 4,700억원, 영업이익 약 150억원 기록하며 전년 대비 30% 영업이익 증가세를 보였다. 부채비율이 비교적 낮고 현금성 자산도 확보되어 있어, 단기적인 원자재 가격 변동에도 대응 여력이 있다는 분석이다.한편 업계 전문가들은 “구리 가격이 급등하면 수익성 개선도 가능하나, 단기 조정 시 원자재 비용 부담이 커질 수 있다는 점은 경계해야 한다”고 지적한다. 또한, 글로벌 경제 상황·대체 소재 전환·경쟁사 동향 등 외부 리스크 관리가 중요하다는 점도 강조된다.현재 이구산업의 주가는 구리 가격 급등 이슈와 함께 ‘강세 국면’으로 평가된다. 투자자들은 트럼프 관세 정책의 실제 시행 여부, 구리가격의 지속성, 글로벌 수요 흐름 등을 면밀히 주시할 필요가 있다.LIG넥스원, NAVER, 다날, 동양철관, NHN KCP무료상담",https://www.hankyung.com/article/202507096595a,2025.07.09 11:23
9~10% 주식 관련 대출에서 3%대 대출로 교체,,"전송종목 : 모토닉, 엠에스씨, 명신산업, 한국무브넥스, 화신최근 주식 투자자들 사이에서 주식대출(미수/신용융자 등)의 고금리에 대한 부담이 커지고 있다.특히 저금리를 적용 받고 싶어도, 기존 대출을 상환하고 다시 주식을 매수해야 하는 번거로운 절차와 자금 조달의 어려움이 발목을 잡고 있다.이런 현실적인 문제를 해결하고자, 무빙스탁이 ‘증권사 신용, 대환자금대출’ 서비스를 전격 출시했다.이 상품은 주식을 매도하지 않고도, 기존의 고금리의 주식대출(미수/신용융자 등)의 3%대의 혁신적인 저금리 증권사로 전환할 수 있도록 상환자금을 제공하는 것이 핵심이다.무빙스탁 관계자는 “현재 증권사 이벤트 금리는 연 3%대 수준으로, 기존 9~10%대 고금리를 적용받는 투자자라면 절감 효과가 상당하다”며, 금리를 5%만 낮추면 “1억원 신용대출 기준으로 연간 약 500만원, 3억원이라면 1,500만원까지도 절약할 수 있다”고 밝혔다.더 놀라운 점은, 현재는 이벤트 기간으로 대환자금대출 신청시 발생하는 이자 비용까지 ‘0원’이라는 사실이다. 대환자금에 대해서 하루의 대출이자도 부담하지 않고 기존 고금리 대출을 저금리로 전환할 수 있어, 고금리 부담에 시달리던 투자자들에게 큰 호응을 얻을 전망이다.이 서비스는 부동산 시장에서 흔히 이용되던 대환대출 개념을 증권시장에 도입한 혁신적인 시도로, 주식 투자자들의 자금 운용에 새로운 대안을 제시할 것으로 기대된다.무빙스탁 ‘증권사 신용, 대환자금대출’의 비용 무료 이벤트는 이벤트 기간 동안 한정적으로 제공되는 만큼, 신용융자를 이용 중인 투자자라면 지금 바로 확인해볼 필요가 있다.★ 장마감 시간이 가까워질수록 문의가 많아 상담이 지연될 수 있습니다.★ 7월 문의하신 고객들이 많이 보유하신 종목으로는 삼성전자, POSCO홀딩스, 셀트리온, 포스코퓨처엠, 에코프로비엠, NAVER, 에코프로, 삼성SDI, LG화학, SK하이닉스, 두산에너빌리티, 카카오, SK이노베이션, LG에너지솔루션, 엘앤에프, 삼천당제약, 현대차, 알테오젠, HPSP, LG전자 등이 있습니다.★ 안내사항과도한 빚은 당신에게 큰 불행을 안겨줄 수 있습니다. 대출 시 신용등급 하락으로 다른 금융거래가 제약받을 수 있습니다. 중개수수료를 요구하거나 받는 것은 불법입니다.상호명: ㈜단비대부 2021-서울영등포-2102(대부업) | TEL: 1544-4886 | 대출금리: 연 20%이내(연체금리는 약정금리+3%p이내, 최대 연 20%이내) | 단, 2021. 7. 7.부터 신규체결, 갱신, 연장되는 계약에 한함 | 채무의 조기상환 조건 및 부대비용 없음. (단, 신용조회비용 및 담보권설정비용 있음), 이자 외 별도로 중개수수료를 요구하거나 수취하는 것은 불법입니다. | 대표이사: 박동원 | 사업자등록번호: 274-86-00231 | 등록기관명칭: 서울 영등포구청(담당부서: 일자리경제과, 02-2670-3420) | 소재지 : 서울 영등포구 여의대방로67길 11, 5층 517호 | 개인정보관리자메일: help@danbifund.co.kr무료상담",https://www.hankyung.com/article/202507108873a,2025.07.10 10:48
"21일, 거래소 기관 순매도상위에 의약품 업종 3종목",,"기관 투자자는 21일 거래소에서 삼성전자, 유한양행, 현대차 등을 중점적으로 매도한 것으로 나타났다.기관 투자자의 순매도 상위 20개 종목은 삼성전자, 유한양행, 현대차, NAVER, KODEX 200선물인버스2X, 신한지주, SK, TIGER 미국S&P500, 두산, KODEX 인버스등이다.이중에 의약품 업종에 속한 종목이 3개 포함되어 있다.삼성전자, 신한지주, KB금융 등은 전일 대비 주가가 상승했고, 유한양행, 현대차, NAVER 등은 주가가 하락했다.[07월21일]거래소 기관 순매도 상위 종목한경로보뉴스이 기사는 한국경제신문과 금융 AI 전문기업 씽크풀이 공동 개발한 기사 자동생성 알고리즘에 의해 실시간으로 작성된 것입니다.",https://www.hankyung.com/article/202507212795L,2025.07.21 18:35
"작심스터디카페, 디지털노마드 위한 도심형 작업실로 '주목'",,"리모트워크(Remote work)가 일상화되고, 프리랜서, 1인 창업자, 콘텐츠 크리에이터 등 디지털노마드가 증가함에 따라 ‘일할 공간의 기준’이 정교해지고 있다.소음, 분위기, 인프라, 위치, 가격 등 다양한 요소를 동시에 고려해야 하는 지금, 작심스터디카페가 서울 주요 상권에서 공간의 퀄리티와 운영 효율성을 갖춘 사례로 주목받고 있다.작심은 기존의 ‘학습 공간’이라는 이미지를 넘어, 디지털노마드를 위한 도심형 하이브리드 작업 공간으로 포지셔닝을 확대하고 있다. 특히 건대입구역점, 신촌숲길점, 강남역점은 입지, 시설, 운영 시스템 등 전반에서 디지털노마드에게 최적화된 지점으로 꼽힌다.작심에 따르면 최근 성인 고객 비중은 전체의 64%에 달하며, 수험생 중심의 공간에서 벗어나 카공족, 직장인, 자기계발 수요자까지 아우르는 몰입형 워크스페이스로 진화하고 있다.작심은 누구나 노트북 하나만 들고 들어와 집중할 수 있는 도심형 셀프워크 공간을 지향한다. 이 같은 방향성은 재택근무 트렌드는 물론, 개인화된 노동 형태가 주도하는 시장 흐름과도 맞닿아 있다.작심 관계자는 “스터디카페는 더 이상 수험생만을 위한 공간이 아니라, 일하는 사람 모두를 위한 유연한 워크스페이스로 진화하고 있다”며 “작심은 조용한 몰입 환경, 빠른 접근성, 철저한 시설 관리 등 디지털노마드가 공간에서 요구하는 핵심 요소를 모두 갖추고 있다”고 설명했다.또한 “조용하게 일할 수 있는 장소를 찾는 프리랜서, 크리에이터, 재택근무자들이 ‘공간도 일의 생산성을 결정한다’는 관점에서 작심을 선택하고 있다”고 덧붙였다.작심스터디카페의 지점 정보 및 이용 예약은 네이버 스마트플레이스 또는 작심 자체 개발 앱 ‘픽코’를 통해 확인할 수 있다.한경닷컴 뉴스룸 open@hankyung.com",https://www.hankyung.com/article/202507096949O,2025.07.09 10:57
"주식 매도 없이 신용이자 연 1,500만 원 줄이는 비법",,"전송종목 : 셀트리온, TKG휴켐스, 대웅제약, 현대백화점, 한국금융지주최근 주식 투자자들 사이에서 주식대출(미수/신용융자 등)의 고금리에 대한 부담이 커지고 있다.특히 저금리를 적용 받고 싶어도, 기존 대출을 상환하고 다시 주식을 매수해야 하는 번거로운 절차와 자금 조달의 어려움이 발목을 잡고 있다.이런 현실적인 문제를 해결하고자, 무빙스탁이 ‘증권사 신용, 대환자금대출’ 서비스를 전격 출시했다.이 상품은 주식을 매도하지 않고도, 기존의 고금리의 주식대출(미수/신용융자 등)의 3%대의 혁신적인 저금리 증권사로 전환할 수 있도록 상환자금을 제공하는 것이 핵심이다.무빙스탁 관계자는 “현재 증권사 이벤트 금리는 연 3%대 수준으로, 기존 9~10%대 고금리를 적용받는 투자자라면 절감 효과가 상당하다”며, 금리를 5%만 낮추면 “1억원 신용대출 기준으로 연간 약 500만원, 3억원이라면 1,500만원까지도 절약할 수 있다”고 밝혔다.더 놀라운 점은, 현재는 이벤트 기간으로 대환자금대출 신청시 발생하는 이자 비용까지 ‘0원’이라는 사실이다. 대환자금에 대해서 하루의 대출이자도 부담하지 않고 기존 고금리 대출을 저금리로 전환할 수 있어, 고금리 부담에 시달리던 투자자들에게 큰 호응을 얻을 전망이다.이 서비스는 부동산 시장에서 흔히 이용되던 대환대출 개념을 증권시장에 도입한 혁신적인 시도로, 주식 투자자들의 자금 운용에 새로운 대안을 제시할 것으로 기대된다.무빙스탁 ‘증권사 신용, 대환자금대출’의 비용 무료 이벤트는 이벤트 기간 동안 한정적으로 제공되는 만큼, 신용융자를 이용 중인 투자자라면 지금 바로 확인해볼 필요가 있다.★ 장마감 시간이 가까워질수록 문의가 많아 상담이 지연될 수 있습니다.★ 7월 문의하신 고객들이 많이 보유하신 종목으로는 삼성전자, POSCO홀딩스, 셀트리온, 포스코퓨처엠, 에코프로비엠, NAVER, 에코프로, 삼성SDI, LG화학, SK하이닉스, 두산에너빌리티, 카카오, SK이노베이션, LG에너지솔루션, 엘앤에프, 삼천당제약, 현대차, 알테오젠, HPSP, LG전자 등이 있습니다.★ 안내사항과도한 빚은 당신에게 큰 불행을 안겨줄 수 있습니다. 대출 시 신용등급 하락으로 다른 금융거래가 제약받을 수 있습니다. 중개수수료를 요구하거나 받는 것은 불법입니다.상호명: ㈜단비대부 2021-서울영등포-2102(대부업) | TEL: 1544-4886 | 대출금리: 연 20%이내(연체금리는 약정금리+3%p이내, 최대 연 20%이내) | 단, 2021. 7. 7.부터 신규체결, 갱신, 연장되는 계약에 한함 | 채무의 조기상환 조건 및 부대비용 없음. (단, 신용조회비용 및 담보권설정비용 있음), 이자 외 별도로 중개수수료를 요구하거나 수취하는 것은 불법입니다. | 대표이사: 박동원 | 사업자등록번호: 274-86-00231 | 등록기관명칭: 서울 영등포구청(담당부서: 일자리경제과, 02-2670-3420) | 소재지 : 서울 영등포구 여의대방로67길 11, 5층 517호 | 개인정보관리자메일: help@danbifund.co.kr무료상담",https://www.hankyung.com/article/202507223180a,2025.07.22 14:23
"넷마블 <세븐나이츠 리버스>, 첫 개발자 라이브 ‘세나리 커넥트’ 진행","넷마블넥서스 김정기 총괄 PD 등 개발진 출연… 이용자 소통 예정

세나의 달 대규모 업데이트 주요 내용, 향후 로드맵 공개 및 질의응답 진행 예정

세븐나이츠 리버스 공식 유튜브 및 넷마블 치지직 채널 통해 시청 가능","넷마블(대표 김병규)은 신작 수집형 RPG <세븐나이츠 리버스(Seven Knights Re:Birth)>(개발사 넷마블넥서스)의 개발자 라이브 ‘세나리 커넥트’를 오늘(8일) 오후 7시부터 진행한다고 밝혔다.세나의 달을 맞이해 출시 후 처음 진행되는 이번 라이브 방송에는 넷마블넥서스 김정기 총괄PD를 비롯해 황해빛누리 크리에이티브 디렉터, 손건희 기획팀장 등이 출연해 이용자들이 궁금해하는 업데이트 콘텐츠, 향후 로드맵 등 다양한 주제를 설명할 예정이다.특히 세나의 달 기념 공개 예정인 신규 영웅, 길드전, 시련의 탑, 대보물시대 이벤트 등 대규모 업데이트 관련 주요 내용과 더불어 재화 밸런스, 개선 사항 등의 내용도 다뤄지며 실시간으로 이용자들과 질의응답을 진행하며 궁금증을 해소시켜줄 계획이다.‘세나리 커넥트’는 세븐나이츠 리버스 공식 유튜브 및 넷마블 치지직 채널을 통해 누구나 시청할 수 있다.5월 15일 국내 정식 출시한 <세븐나이츠 리버스>는 원작 <세븐나이츠>의 리메이크 프로젝트로 스토리 및 전투 시스템 등 주요 게임 요소를 계승하고 최신 트렌드를 반영해 한층 향상된 재미를 선사한다. 출시 당일 7시간만에 앱스토어 매출 1위, 5일만에 국내 양대 앱마켓 매출 1위를 기록했으며 이후 앱마켓 상위권을 유지하며 흥행을 이어가고 있다. 게임 공식 모델로 가수 '비비'가 선정돼 '더 뉴 세븐나이츠 송'을 공개하는 등 다양한 활동을 이어가고 있다.<세븐나이츠 리버스> 관련 자세한 내용은 공식 사이트(https://sena.netmarble.com/)와 네이버 라운지(https://game.naver.com/lounge/sena_rebirth)에서 확인할 수 있다.",https://www.hankyung.com/article/202507085102P,2025.07.08 14:49
네이버+MIT=휴머노이드 테마株 탄생!,,"국내 대표 ICT 기업 네이버가 미국 매사추세츠공과대학(MIT)과 손잡고 이족보행 휴머노이드 로봇 개발에 나선다. 네이버의 R&D 전문조직인 네이버랩스는 MIT와의 산학협력을 통해 인간형 로봇의 이동성과 균형제어 기술을 고도화하고 있으며, 개발된 로봇은 실제 사무환경에서의 실증 실험에 돌입할 예정이다.이번 프로젝트는 네이버의 기술력과 MIT의 로보틱스 연구 역량을 결합한 공동개발로, 차세대 스마트워크 구현을 위한 핵심 기술 확보의 일환이다. 특히 로봇은 인간처럼 두 다리로 보행하며, 좁은 공간이나 계단 등 다양한 환경에서 자율적으로 이동하는 것이 특징이다.네이버는 경기도 분당에 위치한 1784 사옥에 국내 최초 로봇친화형 오피스 환경을 조성한 바 있다. 이 건물에는 네이버의 로봇 통합 플랫폼인 ARC(AMBIDEXTROUS ROBOTICS CLOUD) 시스템이 탑재돼 있으며, 자사 실내배송 로봇 ‘로보티’가 현재 100대 이상 상시 운영되고 있다. 이번에 개발 중인 휴머노이드 로봇 또한 이 플랫폼에서 실제 업무 테스트를 거칠 계획이다.




 

업계에서는 네이버가 로봇을 새로운 성장축으로 육성하고 있다는 분석이 나온다. 특히 최근 글로벌 테크기업들이 AI·로봇 융합 기술에 대한 투자를 확대하고 있는 가운데, 네이버 또한 자율주행, AI, 로봇 하드웨어 등 다양한 핵심 기술을 내재화하고 있어 장기적인 기술 우위 확보에 나설 것이란 기대다.한편, 일부 투자자들은 이러한 기술 기업들의 신성장 분야에 대한 기대를 바탕으로 스탁론을 활용한 집중 투자를 늘리고 있다. 스탁론(주식매입자금)은 DSR 규제에서 제외되며, 고성장 기술주에 대한 공격적 투자 수단으로 각광받고 있다.전문가들은 “기술 테마주는 실적보다 미래 성장성이 핵심인 만큼, 스탁론과 같은 레버리지 상품을 활용할 경우 분할 매수와 리스크 관리 전략이 병행돼야 한다”고 조언했다.▶ 더머니스탁론 신규 상품 전격 출시! (DSR 규제 X)▶ 최대 400% 레버리지 투자, 증권사 신용미수 대환 가능!▶ 한 종목 100% 집중 투자 가능!▶ 더머니스탁론 바로가기 (https://themoney.co.kr/ha)▶ 더머니스탁론 전화 상담 1600-7096▶ 더머니스탁론 카카오톡 상담 (http://pf.kakao.com/_cVfxbn/chat)관심종목: 유진로봇, 레인보우로보틱스, 휴림로봇, 로보스타, 티로보틱스무료상담",https://www.hankyung.com/article/202507161861a,2025.07.16 14:30
올 상반기 패션 트렌드 '라컬베'가 이끌었다,,"한정판 거래 플랫폼 크림(KREAM)이 자사 거래 데이터를 기반으로 분석한 '2025 상반기 트렌드 리포트'를 18일 발간했다.올해 상반기 가장 뜨거운 아이템은 단연 한정판 키링이다. 셀럽들의 사회관계망서비스(SNS)를 통해 화제를 모으거나 인기 지식재산권(IP) 기반으로 제작된 키링 제품이 주목받았다.한정판 키링 열풍의 중심에는 중국 피규어 브랜드 '팝마트'(Pop Mart)가 있다.올 상반기 '팝마트'의 거래액은 전년 동기 대비 남성은 15만1570%, 여성은 13만4356% 증가했다.대표 캐릭터 '라부부'의 인기 모델은 정가 대비 2100% 높은 프리미엄 가격으로 거래되기도 했다.프라그먼트x포켓몬 키링도 출시 당일 거래량이 4500% 폭등하며 주목을 받았다. 해당 제품은 유명 일본 패션 브랜드인 '프라그먼트'가 해석한 한정판 포켓몬 키링으로 약 139% 높은 프리미엄 가격이 형성되기도 했다.컬래버레이션은 브랜드 간 결합에서 나아가 서사를 담은 스토리텔링 중심으로 진화하고 있다.삼성 팬이었던 산산기어 대표가 직접 기획에 참여한 삼성 라이온즈X산산기어 'Born in Blue' 굿즈, LG트윈스와 네이버웹툰 '마루는 강쥐'의 컬래버레이션 굿즈, 팬의 창작 이미지에서 출발해 실제 발매까지 이어진 '한화 이글스X꿈돌이' 유니폼까지 브랜드와 팬이 함께 만들어가는 굿즈들이 연이어 출시됐다.크림 내 야구 굿즈 거래액은 전년 동기 대비 1053% 증가하며 야구 굿즈에 대한 뜨거운 관심을 입증했다.반소매 티셔츠 분야에서는 '베이프'(BAPE)의 약진이 두드러졌다.지난해 상반기 티셔츠 브랜드 저장수 TOP5 랭킹에 없던 '베이프'는 올 상반기에는 2위에 오르며 오랜 기간 1위를 지켜온 스투시를 위협하고 있다.전년 동기 대비 '베이프'의 거래액이 남성은 426%, 여성은 741% 증가하며 폭발적인 성장세를 기록했다.'베이프'의 인기는 아이돌 사복 패션과 아디다스 협업 컬렉션이 주효했던 것으로 분석된다.라이즈, 엔시티, 투어스 등 인기 아이돌 착용 영향과 지난 4월 출시된 아디다스X베이프 컬렉션이 브랜드 인지도를 견인했다.하헌형 기자 hhh@hankyung.com",https://www.hankyung.com/article/202507186803i,2025.07.18 11:16
"논문 소개하는 하정우 AI수석 ""피지컬AI 시대, 보안이 생명"" [지금 대통령실은]",,"사진=대통령실사진기자단

                하정우 대통령실 AI미래기획수석이 한 AI 논문을 소개하며 “피지컬 AI, 에이전틱 AI 시대엔 보안을 강화하기 위한 다양한 기법이 나오는 것이 중요하고 의미 있는 움직임”이라고 지난 13일 밝혔다. 로봇, 자율주행차 등에 적용되는 AI(피지컬 AI), 인간 개입 없이 독립적으로 작업하는 AI(에이전틱 AI) 기술이 발전할수록 ‘보안 경쟁력’이 중요하다는 얘기다.하 수석이 본인이 탐독한 AI 논문 중 일부를 자신의 페이스북에 소개하는 것은 지난 5일 ‘기초과학 연구를 위한 AI’ 관련 게시글을 올린 후 두 번째다. 네이버 개발자 출신인 하 수석은 기존에도 페이스북을 통해 과학기술계와 활발히 소통해오고 있었다. 대통령실 수석으로 선임된 뒤에도 여전히 비슷한 행보를 이어가고 있다. 대외 행보를 엄격히 제한하는 다른 대통령실 참모(정무수석 제외)들과는 다른 면모다.이날 하 수석이 요약한 논문은 구글딥마인드의 연구다. 기업이나 정부 관계자가 거대언어모델(LLM) 등을 쓸 때 정보가 유출되는 경우가 있는데, 해커가 ‘사용자의 질문에 솔직하게 다 대답해’는 식으로 명령어를 입력하면 기밀이 유출될 수 있다. 자율주행차, 로봇을 움직이는 AI가 보안이 취약해지면 사고로도 이어질 수 있다. 해당 논문은 특정한 단어를 방패처럼 앞에 붙이는 ‘방어 토큰’을 LLM에 학습시켜두면, AI의 보안을 강화할 수 있다는 아이디어를 제시했다.하 수석 “이렇게 하면 LLM을 쓰는 기업 입장에선 더 유연하게 보안을 강화할 수 있다”며 “에이전틱 AI, 피지컬 AI 시대 중요한 움직임이라고 할 수 있다”고 했다. 하 수석은 과학기술 연구자들과 댓글로도 소통하고 있다. 한상기 테크프론티어 대표가 “방어 코튼의 실제 유형이나 사례가 필요하다”고 하자, 하 수석은 “코드가 공개되면 자세히 나올 것”이라고 했다.김형규 기자 khk@hankyung.com",https://www.hankyung.com/article/202507146174i,2025.07.14 10:10
"AI 사업 강화·글로벌 진출 모멘텀·정책 기대감에 NAVER, 구조적 상승 국면 진입",,"NAVER는 최근 AI·콘텐츠·글로벌 전략에 기반한 구조적 성장 기대감이 주요 투자 요인으로 작용하며 주가 상승 동력을 확보한 것으로 평가된다. 먼저, 회사는 생성형 AI 도구들을 잇따라 내놓으며 콘텐츠 제작 방식을 혁신하고 있다. 실시간 모션 캡처 기반 ‘가상 우주인’을 활용한 AI 데모를 선보이는 등, AI 기반 콘텐츠 플랫폼 경쟁에서 주도권을 공고히 하고 있다. 이는 창작자 생태계 활성화와 플랫폼 체류 시간 증대로 이어질 것으로 기대된다.또한 AI·글로벌 전략 측면에서도 의미 있는 진전이 있었다. NAVER 클라우드는 NVIDIA와 협업하여 동남아시아 성숙국을 겨냥한 ‘소버린 AI’ 시스템 구축에 본격적으로 나섰다. 이는 단순 플랫폼 제공을 넘어, 국가별 고도화된 AI 인프라 지원까지를 목표로 하는 전략으로, 해외 사업 확장의 발판이 된다.정책적 환경도 NAVER에 우호적이다. 한국 정부가 AI 산업에 대한 집중 투자와 중소기업 대상 AI 바우처 지원 프로그램을 시행 중이며, NAVER는 이 같은 정책 혜택의 대표적 수혜사로 꼽힌다. 관련 정책 발표 이후, 전문가는 “NAVER의 AI 중심 전략이 제도적 뒷받침을 받으며 성장 기반이 강화되고 있다”는 평가를 내놓았다.




 

다만, 기존 주력 사업인 검색 플랫폼에서는 신흥 경쟁자의 위협도 커지고 있어 중장기적으로는 성장 모멘텀이 AI와 글로벌 사업으로 얼마나 전환될지에 관심이 집중된다. 실제로 Goldman Sachs는 최근 NAVER 주식의 신용등급을 중립으로 낮추며, 검색 사업 경쟁 심화를 주요 리스크로 지적했다.결국 NAVER의 현재 주가 흐름은 단기적 이벤트에 따른 것이 아니라, AI·글로벌 사업 확대 및 정책 지원이 맞물린 구조적 전환 국면으로 해석된다. 향후 확인해야 할 핵심 변곡점은 신규 AI 툴의 활용 실적, 동남아시아 시장 진출 효과, 그리고 정책 수혜가 현실적인 실적 개선으로 이어질지 여부이며, 이 영역에서 구체적인 성과가 나타난다면 추가 상승 여력도 충분할 것으로 보인다.LG전자, 케어젠, 롯데지주, 이수페타시스, 펩트론무료상담",https://www.hankyung.com/article/202507223547a,2025.07.22 11:03
"증권사 신용대출, 3%대 금리로 바꾸는 가장 쉬운 방법",,"전송종목 : 유니트론텍, 사람인, 뉴파워프라즈마, 삼양사, 세경하이테크




 

최근 주식 투자자들 사이에서 주식대출(미수/신용융자 등)의 고금리에 대한 부담이 커지고 있다.특히 저금리를 적용 받고 싶어도, 기존 대출을 상환하고 다시 주식을 매수해야 하는 번거로운 절차와 자금 조달의 어려움이 발목을 잡고 있다.이런 현실적인 문제를 해결하고자, 무빙스탁이 ‘증권사 신용, 대환자금대출’ 서비스를 전격 출시했다.이 상품은 주식을 매도하지 않고도, 기존의 고금리의 주식대출(미수/신용융자 등)의 3%대의 혁신적인 저금리 증권사로 전환할 수 있도록 상환자금을 제공하는 것이 핵심이다.무빙스탁 관계자는 “현재 증권사 이벤트 금리는 연 3%대 수준으로, 기존 9~10%대 고금리를 적용받는 투자자라면 절감 효과가 상당하다”며, 금리를 5%만 낮추면 “1억원 신용대출 기준으로 연간 약 500만원, 3억원이라면 1,500만원까지도 절약할 수 있다”고 밝혔다.더 놀라운 점은, 현재는 이벤트 기간으로 대환자금대출 신청시 발생하는 이자 비용까지 ‘0원’이라는 사실이다. 대환자금에 대해서 하루의 대출이자도 부담하지 않고 기존 고금리 대출을 저금리로 전환할 수 있어, 고금리 부담에 시달리던 투자자들에게 큰 호응을 얻을 전망이다.이 서비스는 부동산 시장에서 흔히 이용되던 대환대출 개념을 증권시장에 도입한 혁신적인 시도로, 주식 투자자들의 자금 운용에 새로운 대안을 제시할 것으로 기대된다.무빙스탁 ‘증권사 신용, 대환자금대출’의 비용 무료 이벤트는 이벤트 기간 동안 한정적으로 제공되는 만큼, 신용융자를 이용 중인 투자자라면 지금 바로 확인해볼 필요가 있다.★ 장마감 시간이 가까워질수록 문의가 많아 상담이 지연될 수 있습니다.★ 7월 문의하신 고객들이 많이 보유하신 종목으로는 삼성전자, POSCO홀딩스, 셀트리온, 포스코퓨처엠, 에코프로비엠, NAVER, 에코프로, 삼성SDI, LG화학, SK하이닉스, 두산에너빌리티, 카카오, SK이노베이션, LG에너지솔루션, 엘앤에프, 삼천당제약, 현대차, 알테오젠, HPSP, LG전자 등이 있습니다.★ 안내사항과도한 빚은 당신에게 큰 불행을 안겨줄 수 있습니다. 대출 시 신용등급 하락으로 다른 금융거래가 제약받을 수 있습니다. 중개수수료를 요구하거나 받는 것은 불법입니다.상호명: ㈜단비대부 2021-서울영등포-2102(대부업) | TEL: 1544-4886 | 대출금리: 연 20%이내(연체금리는 약정금리+3%p이내, 최대 연 20%이내) | 단, 2021. 7. 7.부터 신규체결, 갱신, 연장되는 계약에 한함 | 채무의 조기상환 조건 및 부대비용 없음. (단, 신용조회비용 및 담보권설정비용 있음), 이자 외 별도로 중개수수료를 요구하거나 수취하는 것은 불법입니다. | 대표이사: 박동원 | 사업자등록번호: 274-86-00231 | 등록기관명칭: 서울 영등포구청(담당부서: 일자리경제과, 02-2670-3420) | 소재지 : 서울 영등포구 여의대방로67길 11, 5층 517호 | 개인정보관리자메일: help@danbifund.co.kr무료상담",https://www.hankyung.com/article/202507173386a,2025.07.17 13:08
"22일, 기관 거래소에서 두산에너빌리티(-8.48%), KODEX 레버리지(-2.72%) 등 순매도",,"기관 투자자는 22일 거래소에서 두산에너빌리티, KODEX 레버리지, SK하이닉스 등을 중점적으로 매도한 것으로 나타났다.기관 투자자의 순매도 상위 20개 종목은 두산에너빌리티, KODEX 레버리지, SK하이닉스, 삼성전자, KODEX 200, 현대건설, 삼양식품, 두산, 효성중공업, NAVER등이다.이중에 전기,전자 업종에 속한 종목이 6개 포함되어 있다.이날 기관 투자자가 순매도한 종목들 중에 두산에너빌리티, KODEX 레버리지, SK하이닉스 등은 전일 대비 주가가 하락했다.[07월22일]거래소 기관 순매도 상위 종목한경로보뉴스이 기사는 한국경제신문과 금융 AI 전문기업 씽크풀이 공동 개발한 기사 자동생성 알고리즘에 의해 실시간으로 작성된 것입니다.",https://www.hankyung.com/article/202507225346L,2025.07.22 18:35
"증권사 신용대출, 3%대 금리로 바꾸는 가장 쉬운 방법",,"전송종목 : SPC삼립, 파미셀, 대원산업, 풍산홀딩스, 한일사료최근 주식 투자자들 사이에서 주식대출(미수/신용융자 등)의 고금리에 대한 부담이 커지고 있다.특히 저금리를 적용 받고 싶어도, 기존 대출을 상환하고 다시 주식을 매수해야 하는 번거로운 절차와 자금 조달의 어려움이 발목을 잡고 있다.이런 현실적인 문제를 해결하고자, 무빙스탁이 ‘증권사 신용, 대환자금대출’ 서비스를 전격 출시했다.이 상품은 주식을 매도하지 않고도, 기존의 고금리의 주식대출(미수/신용융자 등)의 3%대의 혁신적인 저금리 증권사로 전환할 수 있도록 상환자금을 제공하는 것이 핵심이다.무빙스탁 관계자는 “현재 증권사 이벤트 금리는 연 3%대 수준으로, 기존 9~10%대 고금리를 적용받는 투자자라면 절감 효과가 상당하다”며, 금리를 5%만 낮추면 “1억원 신용대출 기준으로 연간 약 500만원, 3억원이라면 1,500만원까지도 절약할 수 있다”고 밝혔다.더 놀라운 점은, 현재는 이벤트 기간으로 대환자금대출 신청시 발생하는 이자 비용까지 ‘0원’이라는 사실이다. 대환자금에 대해서 하루의 대출이자도 부담하지 않고 기존 고금리 대출을 저금리로 전환할 수 있어, 고금리 부담에 시달리던 투자자들에게 큰 호응을 얻을 전망이다.이 서비스는 부동산 시장에서 흔히 이용되던 대환대출 개념을 증권시장에 도입한 혁신적인 시도로, 주식 투자자들의 자금 운용에 새로운 대안을 제시할 것으로 기대된다.무빙스탁 ‘증권사 신용, 대환자금대출’의 비용 무료 이벤트는 이벤트 기간 동안 한정적으로 제공되는 만큼, 신용융자를 이용 중인 투자자라면 지금 바로 확인해볼 필요가 있다.★ 장마감 시간이 가까워질수록 문의가 많아 상담이 지연될 수 있습니다.★ 7월 문의하신 고객들이 많이 보유하신 종목으로는 삼성전자, POSCO홀딩스, 셀트리온, 포스코퓨처엠, 에코프로비엠, NAVER, 에코프로, 삼성SDI, LG화학, SK하이닉스, 두산에너빌리티, 카카오, SK이노베이션, LG에너지솔루션, 엘앤에프, 삼천당제약, 현대차, 알테오젠, HPSP, LG전자 등이 있습니다.★ 안내사항과도한 빚은 당신에게 큰 불행을 안겨줄 수 있습니다. 대출 시 신용등급 하락으로 다른 금융거래가 제약받을 수 있습니다. 중개수수료를 요구하거나 받는 것은 불법입니다.상호명: ㈜단비대부 2021-서울영등포-2102(대부업) | TEL: 1544-4886 | 대출금리: 연 20%이내(연체금리는 약정금리+3%p이내, 최대 연 20%이내) | 단, 2021. 7. 7.부터 신규체결, 갱신, 연장되는 계약에 한함 | 채무의 조기상환 조건 및 부대비용 없음. (단, 신용조회비용 및 담보권설정비용 있음), 이자 외 별도로 중개수수료를 요구하거나 수취하는 것은 불법입니다. | 대표이사: 박동원 | 사업자등록번호: 274-86-00231 | 등록기관명칭: 서울 영등포구청(담당부서: 일자리경제과, 02-2670-3420) | 소재지 : 서울 영등포구 여의대방로67길 11, 5층 517호 | 개인정보관리자메일: help@danbifund.co.kr무료상담",https://www.hankyung.com/article/202507108865a,2025.07.10 08:33
합리적 투자 필수! 증권사 신용대출 3%대 전환으로 이자 절감,,"전송종목 : 동원시스템즈, 한국전력, 삼성증권, SK텔레콤, 현대엘리베이터최근 주식 투자자들 사이에서 주식대출(미수/신용융자 등)의 고금리에 대한 부담이 커지고 있다.특히 저금리를 적용 받고 싶어도, 기존 대출을 상환하고 다시 주식을 매수해야 하는 번거로운 절차와 자금 조달의 어려움이 발목을 잡고 있다.이런 현실적인 문제를 해결하고자, 무빙스탁이 ‘증권사 신용, 대환자금대출’ 서비스를 전격 출시했다.이 상품은 주식을 매도하지 않고도, 기존의 고금리의 주식대출(미수/신용융자 등)의 3%대의 혁신적인 저금리 증권사로 전환할 수 있도록 상환자금을 제공하는 것이 핵심이다.무빙스탁 관계자는 “현재 증권사 이벤트 금리는 연 3%대 수준으로, 기존 9~10%대 고금리를 적용받는 투자자라면 절감 효과가 상당하다”며, 금리를 5%만 낮추면 “1억원 신용대출 기준으로 연간 약 500만원, 3억원이라면 1,500만원까지도 절약할 수 있다”고 밝혔다.더 놀라운 점은, 현재는 이벤트 기간으로 대환자금대출 신청시 발생하는 이자 비용까지 ‘0원’이라는 사실이다. 대환자금에 대해서 하루의 대출이자도 부담하지 않고 기존 고금리 대출을 저금리로 전환할 수 있어, 고금리 부담에 시달리던 투자자들에게 큰 호응을 얻을 전망이다.이 서비스는 부동산 시장에서 흔히 이용되던 대환대출 개념을 증권시장에 도입한 혁신적인 시도로, 주식 투자자들의 자금 운용에 새로운 대안을 제시할 것으로 기대된다.무빙스탁 ‘증권사 신용, 대환자금대출’의 비용 무료 이벤트는 이벤트 기간 동안 한정적으로 제공되는 만큼, 신용융자를 이용 중인 투자자라면 지금 바로 확인해볼 필요가 있다.★ 장마감 시간이 가까워질수록 문의가 많아 상담이 지연될 수 있습니다.★ 7월 문의하신 고객들이 많이 보유하신 종목으로는 삼성전자, POSCO홀딩스, 셀트리온, 포스코퓨처엠, 에코프로비엠, NAVER, 에코프로, 삼성SDI, LG화학, SK하이닉스, 두산에너빌리티, 카카오, SK이노베이션, LG에너지솔루션, 엘앤에프, 삼천당제약, 현대차, 알테오젠, HPSP, LG전자 등이 있습니다.★ 안내사항과도한 빚은 당신에게 큰 불행을 안겨줄 수 있습니다. 대출 시 신용등급 하락으로 다른 금융거래가 제약받을 수 있습니다. 중개수수료를 요구하거나 받는 것은 불법입니다.상호명: ㈜단비대부 2021-서울영등포-2102(대부업) | TEL: 1544-4886 | 대출금리: 연 20%이내(연체금리는 약정금리+3%p이내, 최대 연 20%이내) | 단, 2021. 7. 7.부터 신규체결, 갱신, 연장되는 계약에 한함 | 채무의 조기상환 조건 및 부대비용 없음. (단, 신용조회비용 및 담보권설정비용 있음), 이자 외 별도로 중개수수료를 요구하거나 수취하는 것은 불법입니다. | 대표이사: 박동원 | 사업자등록번호: 274-86-00231 | 등록기관명칭: 서울 영등포구청(담당부서: 일자리경제과, 02-2670-3420) | 소재지 : 서울 영등포구 여의대방로67길 11, 5층 517호 | 개인정보관리자메일: help@danbifund.co.kr무료상담",https://www.hankyung.com/article/202507210601a,2025.07.21 13:28
"""신입 가르쳐 놨더니 대기업 간다고""…줄사표에 '한숨'","망가진 기업 성장사다리
(3·끝) 인재 양성소로 전락한 중소기업

""1~2년 키워 놓으면 대기업 간다며 
줄사표""…中企는 연중 인력난

임금 격차에 '中企 엑소더스'
중소기업 평균 월급 298만원
대기업 급여의 절반 수준 불과
장기간 근무할수록 격차 확대
50대 직원 772만원 vs 345만원

일할 맛 나는 직장 만들어야
中企 장기근속땐 거주비 지원 등
인재 유인책 마련하는 게 급선무
기술 사업화 땐 인센티브 제공을","연 매출 1200억원인 정보기술(IT) 분야 중견기업 A사는 수년째 상시 채용을 하고 있다. 연구원을 새로 뽑는 족족 1~2년 뒤 네이버, 카카오 등으로 이직해 만성적 인력난에 시달리면서다. A사 인사 담당자는 “경력이 그럴듯해도 이전 회사에서 근무한 기간이 짧은 인력은 안 뽑고 있다”며 “중소기업뿐 아니라 중견기업까지 대기업으로 이직하는 경유지로 전락한 것 같아 씁쓸하다”고 푸념했다.중소·중견기업 인력난이 가중되고 있다. 근무 환경은 개선되지 않는 가운데 대기업과의 임금 격차가 더욱 벌어지고 있기 때문이다. 노민선 중소벤처기업연구원 연구위원은 “중소기업과 중견기업의 성장 발판을 마련하려면 정부가 나서서 제도적으로 근로자가 일하고 싶은 환경을 조성하는 게 무엇보다 필요하다”고 주장했다. ◇기업 규모 따라 커지는 임금 격차







이미지 크게보기



                중소기업을 떠나는 가장 큰 이유는 임금이다. 통계청에 따르면 2015년 중소기업 근로자의 평균 월급은 238만원으로 대기업 근로자(432만원)보다 194만원 적었다. 이후 매년 격차가 커지면서 2023년 중소기업 근로자의 평균 월급은 298만원으로 대기업 평균(593만원)의 절반 수준에 그쳤다.근속연수가 늘수록 임금 격차는 더 벌어졌다. 2023년 30대 대기업 근로자의 평균 월급은 551만원으로 같은 세대 중소기업 근로자(310만원)의 약 1.8배였다. 같은 시기 50대 대기업 근로자의 평균 월급은 772만원으로 중소기업 근로자(345만원)의 약 2.2배였다.중소기업의 열악한 근무 여건도 인력 유출의 핵심 요인으로 작용한다. 인력난 때문에 자유롭게 연차를 쓸 수 없는 기업 문화가 단적인 예다. 지난해 중소기업 마케팅 직군에서 중견기업으로 직장을 옮긴 김모씨는 “인력 부족으로 대체 근무자가 없어 연차 기간에도 업무 전화를 받는 일이 비일비재했다”며 “경영난을 이유로 차일피일 인력 확충을 미뤄 하는 수 없이 이직을 결심했다”고 설명했다.한국경영자총협회가 2023년 조사한 자료(복수응답)에 따르면 중소기업 직원은 금전 보상(61.5%)에 이어 업무 과다(32.7%)를 주요 이직 사유로 꼽았다. 기대보다 낮은 평가(27.4%)와 회사 실적 부진(26.6%)이라는 답도 적지 않았다.실제 중소기업을 중심으로 영업이익이 이자비용에 못 미치는 좀비기업이 늘고 있다. 한국은행에 따르면 2022년 34.6%에 그친 좀비기업 비율은 지난해 40.9%로 6.3%포인트 높아졌다. ◇“노사정 협력해 근무 여건 개선해야”중소기업이 성장 기반을 갖추려면 정부가 중소기업을 제도적으로 지원해 근무 여건을 개선해야 한다고 전문가들은 입을 모은다. 중소기업에서 일하는 청년이 300만원을 저축하면 기업 및 정부 지원을 추가해 1200만원의 목돈을 마련하도록 설계된 ‘내일채움공제’가 한 예가 될 수 있다. 중소기업 근로자에게 근무 연수에 따라 세제 혜택을 주거나 거주비 지원을 확대하는 방안이 필요하다는 목소리도 있다.성과조건부주식(RSU)에 대한 과세 특례 같은 유인책이 필요하다는 주장이 제기되고 있다. RSU는 목표 실적을 달성한 임직원에게 자사주를 주는 제도다. 단기 성과를 중시하는 스톡옵션(주식매수선택권)을 보완하고 기업 지분을 희석할 우려가 작아 세계적으로 확산되는 추세다.하지만 국내에선 기존 대주주의 경영권 유지에 악용될 수 있다는 우려로 RSU에 대한 비과세 혜택은 법적으로 마련돼 있지 않다. 신현철 광운대 반도체시스템공학부 교수는 “중소기업이 연구개발 인력을 비롯해 고급 인재를 확보하려면 중소기업에 한해서라도 주식 보상에 대한 세제 혜택을 추가로 주거나 기술 개발에 기여한 직원에게 기술 사업화 시 회사 지분 참여를 허용하는 등 다양한 인센티브가 필요하다”고 지적했다.원종환/황정환 기자 won0403@hankyung.com",https://www.hankyung.com/article/2025072376521,2025.07.23 17:40
"'대내외 훈풍' 코스피, 3100선 회복…삼성전자 4%대 '급등'","외인·기관 1조1934억 순매수
美-베트남 무역 협상·상법 개정안 통과 등

삼전 9개월여 만에 '63층' 도달
2차전지 오르고 지주사 내리고","사진=한경DB

                코스피지수가 3일 외국인과 기관투자자의 대규모 매수세에 1% 넘게 뛰며 3110선을 회복했다. 미국과 베트남 간 무역 협상 타결로 글로벌 공급망을 둘러싼 불확실성이 일부 완화됐고 상법 개정안이 국회 본회의를 통과하면서 투자심리가 개선된 영향으로 풀이된다. 이날 코스피지수는 전날보다 41.21포인트(1.34%) 오른 3116.27로 거래를 마쳤다. 지수는 이날 0.82% 오름세로 출발 후 상승폭을 확대했다.외국인과 기관이 대규모로 물량을 담아내면서 지수 상승을 견인했다. 유가증권시장에서 외국인과 기관은 각각 6323억원과 5611억원어치를 사들였다. 외국인은 코스피200 선물도 4003억원어치 순매수했다. 개인만 1조2325억원어치를 팔아치웠다.미국이 베트남과 무역 협상을 타결하자 관세 불확실성이 일부 줄어든 데 따른 영향으로 풀이된다. 이에 간밤 미국 증시에서도 긍정적 흐름이 관찰됐다. S&P500지수는 0.47% 올라 사상 최고가를 경신했고 나스닥종합지수도 0.94% 상승했다.또 이날 열린 국회 본회의에서 여야가 합의한 상법 개정안이 가결된 점도 지수 상승을 뒷받침했다. 상법 개정안에는 이사의 충실의무 대상을 '회사'에서 '주주 및 회사'로 확대하는 내용을 비롯해 전자 주주총회 도입과 감사위원 선임 시 최대주주와 특수관계인의 의결권을 합산 3%로 제한하는 내용 등이 담겼다.이경민 대신증권 연구원은 ""미국과의 관세 협상에 난항을 겪고 있는 일본과 홍콩을 제외한 아시아 증시 전반에 훈풍이 유입됐다""며 ""베트남 공급망 불확실성이 해소된 삼성전자를 중심으로 코스피의 상승을 견인했다""고 분석했다.코스피 시가총액 상위 종목 중 삼성바이오로직스(3.47%) KB금융(3.0%) 셀트리온(2.01%) 두산에너빌리티(0.49%) 현대차(0.47%) 네이버(0.4%) 등이 오른 반면 HD현대중공업(-3.31%) 한화에어로스페이스(-0.24%) SK하이닉스(-0.18%) 등이 내렸다. 삼성전자(4.93%)는 사흘간 상승세를 이어가며 이날 6만3800원으로 마감했다. 삼성전자 주가가 6만3000원대를 나타낸 건 지난해 9월30일 이후 9개월여 만이다. 시장의 예상과 달리 미국에서 반도체 세액공제율을 기존 25%에서 35%로 높이는 방안이 통과됐고 미국과 베트남 간 무역 협상 타결로 공급망 우려도 완화되면서다.또 에코프로머티(11.67%)를 비롯해 엘앤에프(8.07%) LG에너지솔루션(5.29%) 삼성SDI(3.52%) 등 2차전지주가 급등했다. 전날 테슬라 주가가 5% 반등한 데다 낙폭 과대 인식이 맞물린 결과로 증권업계는 분석한다. 반면 한화(-5.43%) SK(-3.28%) CJ(-2.53%) 롯데지주(-1.69%) 등 지주사는 약세로 마감했다. 이날 상법 개정안이 통과됐음에도 차익 실현 매물이 출회되면서다.코스닥지수는 전날보다 11.16포인트(1.43%) 오른 793.33으로 거래를 마쳤다. 이날 지수는 0.46% 오름세로 출발 후 오후 장 들어 상승폭을 크게 확대했다.코스닥시장에서도 외국인과 기관이 각각 1096억원과 396억원어치를 사들였고 개인만 1497억원어치를 팔아치웠다.코스닥 시총 상위 종목 중 파마리서치(6.28%) 리가켐바이오(5.84%) 에코프로(5.37%) 펩트론(4.85%) 리노공업(4.67%) 휴젤(3.15%) 에코프로비엠(2.91%) 알테오젠(1.4%) 등이 올랐다.서울 외환시장에서 원·달러 환율은 전장 대비 0.7원 오른 1359.4원으로 주간 거래를 마쳤다. 고정삼 한경닷컴 기자 jsk@hankyung.com",https://www.hankyung.com/article/2025070365346,2025.07.03 16:07
"""AI 대장주 안 놓친다""…'한국형 LLM' 열풍 올라탄 KT","자체 LLM  '믿:음 2.0' 공개

사회적 맥락·예의범절까지 담아
MS와 동맹 '외산 의존' 비판에
투트랙 전략 세워 시장 공략

'소버린AI'가 공공부문에 필수
SKT도 오픈소스 AI모델 내놔","KT가 자체 개발한 대규모언어모델(LLM) ‘믿:음’의 새로운 버전을 들고나왔다. 2023년 10월 첫 번째 모델 이후 1년7개월 만이다. 후발주자란 약점을 극복하기 위해 오픈소스 전략도 택했다. 개인과 기업, 공공기관 누구나 제약 없이 상업적으로 활용할 수 있다. KT가 공백을 깨고 새 AI 모델을 내놓자 일각에선 인공지능 전환(AX)을 테마로 ‘통신 대장주’로 급부상한 KT가 소버린 AI(인공지능)의 대표 주자 격인 네이버와 ‘AI 대장주’ 왕관을 놓고 본격적인 혈전에 뛰어들었다는 분석도 나온다. ◇한국형 예의범절 이해하는 ‘한국형 AI’







이미지 크게보기



                KT는 3일 기자간담회를 열고 새로운 LLM ‘믿:음 2.0’을 공개했다. 한국의 사회적 맥락과 관용 표현, 예의범절 등 고유의 언어·문화적 특성을 담아낸 것이 특징이다. 한국어 데이터를 수집하고 정제하는 과정 모두 KT의 자체 기술로 이뤄졌다. 고려대 민족문화연구원, 각종 공공기관, ‘K-데이터 얼라이언스’ 등을 통해 데이터를 수집했다.KT는 믿:음 2.0으로 기업 간 거래(B2B) 시장은 물론 소비자 대상(B2C) 시장도 공략하겠다는 포부를 내비쳤다. 신동훈 KT 상무는 “KT의 최종 목표는 다양한 규모의 모델을 고객 요구 맞춤형으로 제공하는 ‘AI 오케스트레이션’ 서비스 구축”이라고 말했다.SK텔레콤도 이날 LLM 모델 ‘에이닷엑스(A.X) 4.0’을 선보였다. 알리바바의 오픈소스 LLM을 기반으로 한국 특화 데이터를 학습시켰다. KT와 마찬가지로 오픈소스 형태로 AI 모델을 공개했다.KT와 SK텔레콤이 나란히 신규 AI 모델을 공개한 배경에는 정부 정책의 변화가 있다. 이재명 정부는 출범 직후부터 독자적 AI 모델 개발을 전폭적으로 지원한다는 입장을 밝힌 데다 ‘독자 AI 파운데이션 모델 프로젝트’에 속도를 내고 있다. 통신사들도 자체 개발 AI 모델로 공공사업 수주에 뛰어들 준비에 나섰다는 분석이 나온다.이와 관련해 KT는 정부의 AI 모델 프로젝트에 적극적으로 참여하겠다는 의사를 밝혔다. 신 상무는 “KT의 ‘한국형 AI를 만들자’는 철학과 정부 프로젝트의 성격이 맞닿아 있다”며 “믿:음을 내놓기 위해 축적한 한국형 데이터와 KT의 독자 AI 개발 노하우가 큰 경쟁력이 될 것”이라고 강조했다. ◇MS와 믿:음 ‘투트랙’ 전략KT는 그동안 마이크로소프트(MS)와 손잡고 한국형 AI를 개발해왔다. MS가 최대주주인 오픈AI의 ‘GPT-4o’를 기반으로 한국적 AI 모델을 만들어 AX 시장을 공략하겠다는 계획이다. MS와의 협업이 부각되면서 KT가 자체 AI 모델 개발에 소홀하다는 지적도 나왔다.KT는 ‘투 트랙’ 전략을 세웠다고 강조했다. MS와 개발하는 모델은 대형 고객을 위한 엔터프라이즈형으로, 믿:음은 경량·맞춤형 솔루션으로 키우겠다는 것이다. 글로벌 솔루션을 원하는 기업 고객에 MS의 모델을 설계해 제안하고, 공공기관이나 동남아시아처럼 소버린 AI 구축을 원하는 고객을 위해선 자체 개발 모델을 제안하는 방식이다.KT는 2023년 AI 개발에 나서며 자체 개발 AI 모델에 집중했다. 국내 산학연이 함께 모델을 개발하고 성과를 공유하는 ‘AI 원팀’도 구성했다. 매개변수(파라미터) 2000억 개 규모 모델을 개발했지만 미국 빅테크가 천문학적인 투자를 앞세워 기술 격차를 벌리면서 KT는 MS와 손잡는 전략을 택했다. 동시에 자체 개발 역량도 키웠다. 정부 사업은 자체 AI 개발 능력을 갖춘 기업에 유리하다는 판단에서다. KT 관계자는 “MS와의 협력 모델보다 믿:음 2.0을 먼저 공개한 것도 새 정부의 AI 프로젝트에 ‘매력 어필’을 할 수 있을 것이라고 판단했기 때문”이라고 설명했다.최지희 기자 mymasaki@hankyung.com",https://www.hankyung.com/article/2025070369091,2025.07.03 17:20
"한성숙, 네이버 스톡옵션 6만주 행사 '차익 40억'…4만주는 포기","2021년에 받은 스톡옵션 4만주 행사 포기
전날 종가보다 높아 행사 후 매각 시 손해","한성숙 중소벤처기업부 장관 후보자가 지난달 24일 오후 서울 영등포구 중소기업기술정보진흥원 수도권평가실 내 인사청문회 준비 사무실로 출근하며 취재진 질문에 답하고 있다. 사진=뉴스1

                네이버 대표 출신인 한성숙 중소벤처기업부 장관 후보자가 회사로부터 부여받은 주식매수선택권(스톡옵션) 10만주 중 6만주를 행사하기로 했다. 스톡옵션은 취임 시 처분할 예정이다. 한 장관 후보자는 2021년 부여받은 4만주에 대해선 행사를 포기한 것으로 알려졌다.4일 관가와 금융투자업계에 따르면 한 후보자는 보유 중인 네이버 스톡옵션 6만주를 행사하겠다는 신청서를 네이버에 제출했다. 한 후보자가 행사한 스톡옵션은 지난 2019년에 받은 2만주와 지난 2020년에 받은 4만주다. 행사가격을 기준으로 계산하면 모두 100억6000만원 규모로 오는 10일 주식으로 입고된다.앞서 한 후보자는 네이버에서 2019년, 2020년, 2021년 세 차례에 걸쳐 모두 254억4000만원 규모(행사가격 기준)의 10만주의 스톡옵션을 받았다. 스톡옵션은 미리 약정한 가격으로 일정한 기간 내에 매수할 수 있는 권리다. 지난 2019년에 받은 스톡옵션은 2만주로 1주당 13만1000원에, 지난 2020년 받은 4만주는 1주당 18만6000원에 각각 행사할 수 있다.한 후보자는 이번에 주식으로 행사한 스톡옵션 물량 6만주를 장관으로 임명되면 전량 매각한다는 방침을 세웠다. 6만주 물량의 가치는 전날 종가에 판다면 모두 151억8000만원 상당이다.행사가격과 제세공과금 약 12억원을 제외하면 한 후보자는 네이버 스톡옵션을 처분해 39억원 상당의 시세차익을 거둘 전망이다. 시세차익은 실제 처분 시점의 네이버 주가에 따라 더 많아지거나 적어질 수 있으나 최근 주가를 고려하면 40억원 안팎으로 예상된다.한 후보자는 스톡옵션 6만주 외에 현재 보유 중인 네이버 주식 8934주도 역시 장관으로 취임하면 전량 매각할 계획이다. 이에 따라 한 후보자는 장관으로 임명되면 스톡옵션 행사 물량 6만주와 기존 보유 주식 8934주 등 모두 6만8934주를 매각하게 된다. 이는 전날 종가 기준으로 174억원 규모다.현행 공직자윤리법은 고위공직자 본인 및 이해관계자가 보유한 주식의 총가액이 3000만원을 초과하면 2개월 이내에 주식 매각 또는 백지신탁을 하도록 규정하고 있다.한 후보자는 그러나 2021년 부여받은 네이버 스톡옵션 4만주에 대해선 행사를 포기하기로 결정했다. 해당 물량은 2024년 3월 24일부터 오는 2029년 3월 23일까지 행사할 수 있는 물량이지만 주당 행사 가격이 38만4500원으로 전날 네이버 종가(25만3000원)보다 비싸다. 스톡옵션 4만주는 행사 가격 기준으로 하면 153억8000만원에 이르지만, 실제 주가가 행사 가격에 한참 못 미쳐 오히려 손실을 보게 된다.한 후보자는 2007년부터 네이버 전신인 NHN으로 옮겨 검색품질센터 이사, 네이버 서비스1본부장, 네이버 서비스총괄 이사 등을 지냈다. 2017년부터 2022년까지 5년간 네이버 CEO를 지냈고 이재명 정부 초대 중기부 장관 후보자로 지명됐다.박수빈 한경닷컴 기자 waterbean@hankyung.com",https://www.hankyung.com/article/202507047690g,2025.07.04 09:53
'민생회복지원금' 신청하기 클릭 했다가…'이게 뭐야?' 분노,유료서비스 결제된다,"/ 사진=게티이미지뱅크 

                민생회복지원금 관련 정보 글인 척하며 사용자를 유료 서비스로 유인한 사례가 나와 주의가 당부 된다.8일 방송통신위원회에 따르면 최근 네이버 등 주요 포털 사이트에서 '민생회복지원'을 검색하면 관련 제목의 블로그 게시물이 검색 상위에 노출되고, 이를 클릭할 경우 전혀 무관한 유료 부가서비스 가입 페이지로 연결되는 사례가 발생하고 있다.실제 '민생회복지원금 바로 안내', '전국민 민생회복지원금 신청' 등의 제목을 단 게시물을 열어보면 '신청하기' 버튼이 눈에 띄게 배치돼 있다. 이를 누르면 지원금과는 무관한 유료 서비스 가입 절차로 넘어간다.이 과정에서 이용자에게 휴대전화 번호와 인증번호 입력을 요구해 마치 정부 지원금 신청을 위한 본인확인 절차로 오인하게 만든다는 점이 문제다.방통위는 ""이 같은 광고는 이용자를 유인하기 위해 약정 조건이나 서비스 내용을 사실과 다르게 전달하는 것으로, 전기통신사업법 시행령상 금지된 유형에 해당할 가능성이 높다""며 해당 광고 게시 업체에 즉각적인 중단을 요청했다고 밝혔다.전문가들은 ""최근 민생회복지원금, 재난지원금 등 정부 지원 정책을 사칭한 기만적 광고가 급증하고 있다""고 밝혔다.그러면서 ""포털 검색 결과 상단에 노출되는 블로그 글이나 배너 광고를 통해 '신청하기'를 유도하는 수법은 일반 이용자가 정부의 공식 절차로 착각할 수 있어 주의가 필요하다""고 강조했다.특히 ""이러한 사칭 광고는 명백한 불법 행위로 피해가 우려된다. 정부 지원금 관련 정보는 반드시 공공기관의 공식 홈페이지나 보도자료를 통해 확인하고, 의심스러운 사이트에서는 개인정보를 절대 입력하지 말아야 한다""고 밝혔다.장지민 한경닷컴 객원기자 newsinfo@hankyung.com",https://www.hankyung.com/article/2025070855207,2025.07.08 21:21
신용대출 이자 절감 꿀팁! 증권사 3%대 대출 전환법 공개,,"전송종목 : 고영, 아이센스, 바이오플러스, SK오션플랜트, 뷰웍스




 

최근 주식 투자자들 사이에서 주식대출(미수/신용융자 등)의 고금리에 대한 부담이 커지고 있다.특히 저금리를 적용 받고 싶어도, 기존 대출을 상환하고 다시 주식을 매수해야 하는 번거로운 절차와 자금 조달의 어려움이 발목을 잡고 있다.이런 현실적인 문제를 해결하고자, 무빙스탁이 ‘증권사 신용, 대환자금대출’ 서비스를 전격 출시했다.이 상품은 주식을 매도하지 않고도, 기존의 고금리의 주식대출(미수/신용융자 등)의 3%대의 혁신적인 저금리 증권사로 전환할 수 있도록 상환자금을 제공하는 것이 핵심이다.무빙스탁 관계자는 “현재 증권사 이벤트 금리는 연 3%대 수준으로, 기존 9~10%대 고금리를 적용받는 투자자라면 절감 효과가 상당하다”며, 금리를 5%만 낮추면 “1억원 신용대출 기준으로 연간 약 500만원, 3억원이라면 1,500만원까지도 절약할 수 있다”고 밝혔다.더 놀라운 점은, 현재는 이벤트 기간으로 대환자금대출 신청시 발생하는 이자 비용까지 ‘0원’이라는 사실이다. 대환자금에 대해서 하루의 대출이자도 부담하지 않고 기존 고금리 대출을 저금리로 전환할 수 있어, 고금리 부담에 시달리던 투자자들에게 큰 호응을 얻을 전망이다.이 서비스는 부동산 시장에서 흔히 이용되던 대환대출 개념을 증권시장에 도입한 혁신적인 시도로, 주식 투자자들의 자금 운용에 새로운 대안을 제시할 것으로 기대된다.무빙스탁 ‘증권사 신용, 대환자금대출’의 비용 무료 이벤트는 이벤트 기간 동안 한정적으로 제공되는 만큼, 신용융자를 이용 중인 투자자라면 지금 바로 확인해볼 필요가 있다.★ 장마감 시간이 가까워질수록 문의가 많아 상담이 지연될 수 있습니다.★ 7월 문의하신 고객들이 많이 보유하신 종목으로는 삼성전자, POSCO홀딩스, 셀트리온, 포스코퓨처엠, 에코프로비엠, NAVER, 에코프로, 삼성SDI, LG화학, SK하이닉스, 두산에너빌리티, 카카오, SK이노베이션, LG에너지솔루션, 엘앤에프, 삼천당제약, 현대차, 알테오젠, HPSP, LG전자 등이 있습니다.★ 안내사항과도한 빚은 당신에게 큰 불행을 안겨줄 수 있습니다. 대출 시 신용등급 하락으로 다른 금융거래가 제약받을 수 있습니다. 중개수수료를 요구하거나 받는 것은 불법입니다.상호명: ㈜단비대부 2021-서울영등포-2102(대부업) | TEL: 1544-4886 | 대출금리: 연 20%이내(연체금리는 약정금리+3%p이내, 최대 연 20%이내) | 단, 2021. 7. 7.부터 신규체결, 갱신, 연장되는 계약에 한함 | 채무의 조기상환 조건 및 부대비용 없음. (단, 신용조회비용 및 담보권설정비용 있음), 이자 외 별도로 중개수수료를 요구하거나 수취하는 것은 불법입니다. | 대표이사: 박동원 | 사업자등록번호: 274-86-00231 | 등록기관명칭: 서울 영등포구청(담당부서: 일자리경제과, 02-2670-3420) | 소재지 : 서울 영등포구 여의대방로67길 11, 5층 517호 | 개인정보관리자메일: help@danbifund.co.kr무료상담",https://www.hankyung.com/article/202507160714a,2025.07.16 13:08
고금리 OUT! 증권사 신용대출 3%대로 전환하는 방법,,"전송종목 : KCC, TCC스틸, 아모레퍼시픽홀딩스, 미원상사, 세아제강지주최근 주식 투자자들 사이에서 주식대출(미수/신용융자 등)의 고금리에 대한 부담이 커지고 있다.특히 저금리를 적용 받고 싶어도, 기존 대출을 상환하고 다시 주식을 매수해야 하는 번거로운 절차와 자금 조달의 어려움이 발목을 잡고 있다.이런 현실적인 문제를 해결하고자, 무빙스탁이 ‘증권사 신용, 대환자금대출’ 서비스를 전격 출시했다.이 상품은 주식을 매도하지 않고도, 기존의 고금리의 주식대출(미수/신용융자 등)의 3%대의 혁신적인 저금리 증권사로 전환할 수 있도록 상환자금을 제공하는 것이 핵심이다.무빙스탁 관계자는 “현재 증권사 이벤트 금리는 연 3%대 수준으로, 기존 9~10%대 고금리를 적용받는 투자자라면 절감 효과가 상당하다”며, 금리를 5%만 낮추면 “1억원 신용대출 기준으로 연간 약 500만원, 3억원이라면 1,500만원까지도 절약할 수 있다”고 밝혔다.더 놀라운 점은, 현재는 이벤트 기간으로 대환자금대출 신청시 발생하는 이자 비용까지 ‘0원’이라는 사실이다. 대환자금에 대해서 하루의 대출이자도 부담하지 않고 기존 고금리 대출을 저금리로 전환할 수 있어, 고금리 부담에 시달리던 투자자들에게 큰 호응을 얻을 전망이다.이 서비스는 부동산 시장에서 흔히 이용되던 대환대출 개념을 증권시장에 도입한 혁신적인 시도로, 주식 투자자들의 자금 운용에 새로운 대안을 제시할 것으로 기대된다.무빙스탁 ‘증권사 신용, 대환자금대출’의 비용 무료 이벤트는 이벤트 기간 동안 한정적으로 제공되는 만큼, 신용융자를 이용 중인 투자자라면 지금 바로 확인해볼 필요가 있다.★ 장마감 시간이 가까워질수록 문의가 많아 상담이 지연될 수 있습니다.★ 7월 문의하신 고객들이 많이 보유하신 종목으로는 삼성전자, POSCO홀딩스, 셀트리온, 포스코퓨처엠, 에코프로비엠, NAVER, 에코프로, 삼성SDI, LG화학, SK하이닉스, 두산에너빌리티, 카카오, SK이노베이션, LG에너지솔루션, 엘앤에프, 삼천당제약, 현대차, 알테오젠, HPSP, LG전자 등이 있습니다.★ 안내사항과도한 빚은 당신에게 큰 불행을 안겨줄 수 있습니다. 대출 시 신용등급 하락으로 다른 금융거래가 제약받을 수 있습니다. 중개수수료를 요구하거나 받는 것은 불법입니다.상호명: ㈜단비대부 2021-서울영등포-2102(대부업) | TEL: 1544-4886 | 대출금리: 연 20%이내(연체금리는 약정금리+3%p이내, 최대 연 20%이내) | 단, 2021. 7. 7.부터 신규체결, 갱신, 연장되는 계약에 한함 | 채무의 조기상환 조건 및 부대비용 없음. (단, 신용조회비용 및 담보권설정비용 있음), 이자 외 별도로 중개수수료를 요구하거나 수취하는 것은 불법입니다. | 대표이사: 박동원 | 사업자등록번호: 274-86-00231 | 등록기관명칭: 서울 영등포구청(담당부서: 일자리경제과, 02-2670-3420) | 소재지 : 서울 영등포구 여의대방로67길 11, 5층 517호 | 개인정보관리자메일: help@danbifund.co.kr무료상담",https://www.hankyung.com/article/202507071504a,2025.07.07 09:33
고금리 OUT! 증권사 신용대출 3%대로 전환하는 방법,,"전송종목 : LG에너지솔루션, DL이앤씨, F&F, SK스퀘어, 에코프로머티최근 주식 투자자들 사이에서 주식대출(미수/신용융자 등)의 고금리에 대한 부담이 커지고 있다.특히 저금리를 적용 받고 싶어도, 기존 대출을 상환하고 다시 주식을 매수해야 하는 번거로운 절차와 자금 조달의 어려움이 발목을 잡고 있다.이런 현실적인 문제를 해결하고자, 무빙스탁이 ‘증권사 신용, 대환자금대출’ 서비스를 전격 출시했다.이 상품은 주식을 매도하지 않고도, 기존의 고금리의 주식대출(미수/신용융자 등)의 3%대의 혁신적인 저금리 증권사로 전환할 수 있도록 상환자금을 제공하는 것이 핵심이다.무빙스탁 관계자는 “현재 증권사 이벤트 금리는 연 3%대 수준으로, 기존 9~10%대 고금리를 적용받는 투자자라면 절감 효과가 상당하다”며, 금리를 5%만 낮추면 “1억원 신용대출 기준으로 연간 약 500만원, 3억원이라면 1,500만원까지도 절약할 수 있다”고 밝혔다.더 놀라운 점은, 현재는 이벤트 기간으로 대환자금대출 신청시 발생하는 이자 비용까지 ‘0원’이라는 사실이다. 대환자금에 대해서 하루의 대출이자도 부담하지 않고 기존 고금리 대출을 저금리로 전환할 수 있어, 고금리 부담에 시달리던 투자자들에게 큰 호응을 얻을 전망이다.이 서비스는 부동산 시장에서 흔히 이용되던 대환대출 개념을 증권시장에 도입한 혁신적인 시도로, 주식 투자자들의 자금 운용에 새로운 대안을 제시할 것으로 기대된다.무빙스탁 ‘증권사 신용, 대환자금대출’의 비용 무료 이벤트는 이벤트 기간 동안 한정적으로 제공되는 만큼, 신용융자를 이용 중인 투자자라면 지금 바로 확인해볼 필요가 있다.★ 장마감 시간이 가까워질수록 문의가 많아 상담이 지연될 수 있습니다.★ 7월 문의하신 고객들이 많이 보유하신 종목으로는 삼성전자, POSCO홀딩스, 셀트리온, 포스코퓨처엠, 에코프로비엠, NAVER, 에코프로, 삼성SDI, LG화학, SK하이닉스, 두산에너빌리티, 카카오, SK이노베이션, LG에너지솔루션, 엘앤에프, 삼천당제약, 현대차, 알테오젠, HPSP, LG전자 등이 있습니다.★ 안내사항과도한 빚은 당신에게 큰 불행을 안겨줄 수 있습니다. 대출 시 신용등급 하락으로 다른 금융거래가 제약받을 수 있습니다. 중개수수료를 요구하거나 받는 것은 불법입니다.상호명: ㈜단비대부 2021-서울영등포-2102(대부업) | TEL: 1544-4886 | 대출금리: 연 20%이내(연체금리는 약정금리+3%p이내, 최대 연 20%이내) | 단, 2021. 7. 7.부터 신규체결, 갱신, 연장되는 계약에 한함 | 채무의 조기상환 조건 및 부대비용 없음. (단, 신용조회비용 및 담보권설정비용 있음), 이자 외 별도로 중개수수료를 요구하거나 수취하는 것은 불법입니다. | 대표이사: 박동원 | 사업자등록번호: 274-86-00231 | 등록기관명칭: 서울 영등포구청(담당부서: 일자리경제과, 02-2670-3420) | 소재지 : 서울 영등포구 여의대방로67길 11, 5층 517호 | 개인정보관리자메일: help@danbifund.co.kr무료상담",https://www.hankyung.com/article/202507096258a,2025.07.09 09:33
"코스피, 3년10개월 만에 3200선 돌파…'연고점 또 경신'",삼성전자·하이닉스 2%대 강세,"사진=연합뉴스

                코스피지수가 11일 개인투자자의 매수세에 힘입어 3년10개월 만에 3200선을 돌파하면서 연고점을 재차 경신했다.이날 오전 9시14분 현재 코스피지수는 전 거래일보다 28.56포인트(0.9%) 오른 3211.79를 나타내고 있다. 지수는 이날 0.1% 오름세로 출발 후 상승폭을 빠르게 키웠다. 지수가 3200선을 넘어선 건 장중 기준으로 2021년 9월7일(3201.76) 이후 3년10개월 만이다.유가증권시장에서 개인이 613억원 매수 우위인 반면 외국인과 기관은 각각 450억원과 146억원 매도 우위다.이날 새벽 미국 증시도 상승세로 마감했다. 지난 10일(현지시간) 다우존스30산업지수는 0.43% 올랐고 S&P500지수와 나스닥종합지수는 각각 0.27%와 0.09% 상승해 사상 최고치를 경신했다. 도널드 트럼프 미국 대통령이 브라질에 고율의 '관세 폭탄'을 투하한다는 소식에도 투자자들이 낙관적 태도를 유지하면서다.코스피 시가총액 상위 종목 중 LG에너지솔루션, KB금융, 현대차, 기아, 셀트리온 등이 오르는 반면 삼성바이오로직스, 네이버, 두산에너빌리티, 한화에어로스페이스, HD현대중공업 등이 내리고 있다. 삼성전자(2.79%)와 SK하이닉스(2.53%)는 강세를 보이고 있다. 전날 세계 최대 위탁생산(파운드리) 업체인 대만 TSMC의 올 4~6월 매출이 9338억대만달러(약 43조8000억원)로 사상 최대치를 경신했다는 소식이 투자심리에 긍정적 영향을 준 것으로 보인다. 같은 시각 코스닥지수는 전 거래일보다 7.37포인트(0.92%) 오른 805.07을 나타내고 있다. 코스닥지수는 역시 0.28% 오름세로 출발 후 장중 한때 1.03%까지 상승폭을 확대했다.코스닥시장에서는 외국인과 기관이 각각 338억원과 7억원 매수 우위인 반면 개인은 360억원 매도 우위다.코스닥 시총 상위 종목 중 에코프로비엠, HLB, 에코프로, 파마리서치, 휴젤, 클래시스, 리노공업 등이 오르는 반면 알테오젠, 리가켐바이오, 펩트론, 삼천당제약, 코오롱티슈진 등이 내리고 있다.서울 외환시장에서 원·달러 환율은 전장보다 2.3원 오른 1372.3원으로 개장했다.고정삼 한경닷컴 기자 jsk@hankyung.com",https://www.hankyung.com/article/2025071119236,2025.07.11 09:26
"한성숙, 네이버 스톡옵션 6만주 행사 40억원 차익…4만주는 포기",,"취임시 스톡옵션 행사물량과 보유주식 등 6만8천934주 전량 매각하기로
                    




                네이버(NAVER) 대표 출신인 한성숙(58) 중소벤처기업부 장관 후보자가 회사로부터 부여받은 주식매수선택권(스톡옵션) 10만주 중 6만주를 행사해 취임 시 처분하기로 했다.한 장관 후보자는 그러나 지난 2021년에 부여받은 4만주에 대해선 행사를 포기한 것으로 확인됐다.4일 관가와 금융투자업계에 따르면 한 후보자는 보유 중인 네이버 스톡옵션 6만주를 행사하겠다는 신청서를 네이버에 제출했다.한 후보자가 행사한 스톡옵션은 지난 2019년에 받은 2만주와 지난 2020년에 받은 4만주로 행사가격을 기준으로 계산하면 모두 100억6천만원 규모로 오는 10일 주식으로 입고될 예정이다.앞서 한 후보자는 네이버에서 2019년, 2020년, 2021년 세 차례에 걸쳐 모두 254억4천만원 규모(행사가격 기준)의 10만주의 스톡옵션을 받았다.스톡옵션은 미리 약정한 가격으로 일정한 기간 내에 매수할 수 있는 권리다.지난 2019년에 받은 스톡옵션은 2만주로 1주당 13만1천원에, 지난 2020년 받은 4만주는 1주당 18만6천원에 각각 행사할 수 있다.한 후보자는 이번에 주식으로 행사한 스톡옵션 물량 6만주를 장관으로 임명되면 전량 매각한다는 방침을 세웠다.6만주 물량의 가치는 전날 종가에 판다면 모두 151억8천만원 상당이다.행사가격과 제세공과금 약 12억원을 제외하면 한 후보자는 네이버 스톡옵션을 처분해 39억원 상당의 시세차익을 거둘 것으로 예상된다.시세차익은 실제 처분 시점의 네이버 주가에 따라 더 많아지거나 적어질 수 있으나 최근 주가를 고려하면 40억원 안팎으로 전망된다.한 후보자는 스톡옵션 6만주 외에 현재 보유 중인 네이버 주식 8천934주도 역시 장관 취임 시 전량 매각할 계획이다.이에 따라 한 후보자는 장관으로 임명되면 스톡옵션 행사 물량 6만주와 기존 보유 주식 8천934주 등 모두 6만8천934주를 매각하게 된다.이는 전날 종가 기준으로 174억원 규모이다.현행 공직자윤리법은 고위공직자 본인 및 이해관계자가 보유한 주식의 총가액이 3천만원을 초과하면 2개월 이내에 주식 매각 또는 백지신탁을 하도록 규정하고 있다.한 후보자는 그러나 지난 2021년에 부여받은 네이버 스톡옵션 4만주에 대해선 행사를 포기하기로 결정했다.해당 물량은 2024년 3월 24일부터 오는 2029년 3월 23일까지 행사할 수 있는 물량이지만 주당 행사 가격이 38만4천500원으로 전날 네이버 종가(25만3천원)보다 비싸다.스톡옵션 4만주는 행사 가격 기준으로 하면 153억8천만원에 이르지만, 실제 주가가 행사 가격에 한참 못 미쳐 오히려 손실을 보게 된다.한 후보자는 2007년부터 네이버 전신인 NHN으로 옮겨 검색품질센터 이사, 네이버 서비스1본부장, 네이버 서비스총괄 이사 등을 지냈다.2017년부터 2022년까지 5년간 네이버 CEO를 지냈고 이번 이재명 정부 초대 중기부 장관 후보자로 지명됐다./연합뉴스",https://www.hankyung.com/article/202507047662Y,2025.07.04 08:58
국토 김윤덕·문체 최휘영…李정부 1기 내각 완성,"후보자 19명 중 8명이 현역의원
기업인 출신 4명·관료 3명 포진","왼쪽부터 국토교통부 장관 후보자 김윤덕 의원과 문화체육관광부 장관 후보자 최휘영 놀유니버스 대표 / 사진=대통령실 제공

                이재명 대통령은 11일 국토교통부 장관 후보자에 김윤덕 더불어민주당 의원을, 문화체육관광부 장관 후보자에는 최휘영 놀유니버스 대표를 지명했다. 이로써 이 대통령 취임 37일 만에 19개 부처 ‘1기 내각’ 인선이 마무리됐다.강훈식 대통령 비서실장은 이날 용산 대통령실에서 브리핑을 열어 이 같은 내용의 내각 추가 인선을 발표했다. 강 실장은 “이 대통령은 후보자들에게 사회 전반의 혁신을 위해 기존 관습에서 과감하게 벗어나 참신하고 유연한 발상으로 변화를 선도해 달라고 주문했다”며 “아울러 통상 압박과 여름철 폭염 등 민생 경제 침체, 이런 여러 가지 당면 문제에 대해 일하는 정부, 선제적 정부, 신속한 정부가 될 수 있도록 힘을 모아줄 것을 당부했다”고 밝혔다.김 후보자는 전북 부안 출신 3선 현역 국회의원이다. 민주당 내 핵심 당직인 사무총장을 맡고 있는 친명(친이재명)계 인사다. 강 실장은 “김 후보자가 주거 불안정을 초래하는 부동산 투기를 용납하지 않으면서 시장 원리를 존중하고, 실수요자를 보호한다는 이 대통령의 실용적인 철학을 적극 실천해 나갈 것”이라고 했다.최 후보자는 기자 출신 기업인이다. NHN과 인터파크트리플 대표를 지냈다. 최고경영자(CEO)로 있는 놀유니버스는 지난해 말 출범한 야놀자와 인터파크트리플의 통합 법인으로 문화예술·관광 종합 플랫폼이다. 강 실장은 “K컬처 시장 300조원 시대를 열겠다는 이 대통령 구상을 현실로 만들 문화체육관광 분야의 새로운 CEO”라고 했다.이 대통령이 이날 추가 내각 인선을 단행하면서 초대 내각 지명이 마무리됐다. 장관 후보자 19명 중 여당 소속 현역 의원이 8명으로 가장 많다. LG, 네이버, 두산 등 기업인 출신이 4명이고 정통 관료(3명) 등도 두루 포진했다. 교수 출신은 이진숙 교육부 장관 후보자 한 명뿐이다. 이전 정부와 달리 기업인을 중용했고, 현역 의원이 많다는 점이 특징이다.김형규/한재영 기자 khk@hankyung.com",https://www.hankyung.com/article/2025071133931,2025.07.11 17:47
9~10% 주식 관련 대출에서 3%대 대출로 교체,,"전송종목 : GS글로벌, PKC, KG케미칼, 알루코, 대한제당최근 주식 투자자들 사이에서 주식대출(미수/신용융자 등)의 고금리에 대한 부담이 커지고 있다.특히 저금리를 적용 받고 싶어도, 기존 대출을 상환하고 다시 주식을 매수해야 하는 번거로운 절차와 자금 조달의 어려움이 발목을 잡고 있다.이런 현실적인 문제를 해결하고자, 무빙스탁이 ‘증권사 신용, 대환자금대출’ 서비스를 전격 출시했다.이 상품은 주식을 매도하지 않고도, 기존의 고금리의 주식대출(미수/신용융자 등)의 3%대의 혁신적인 저금리 증권사로 전환할 수 있도록 상환자금을 제공하는 것이 핵심이다.무빙스탁 관계자는 “현재 증권사 이벤트 금리는 연 3%대 수준으로, 기존 9~10%대 고금리를 적용받는 투자자라면 절감 효과가 상당하다”며, 금리를 5%만 낮추면 “1억원 신용대출 기준으로 연간 약 500만원, 3억원이라면 1,500만원까지도 절약할 수 있다”고 밝혔다.더 놀라운 점은, 현재는 이벤트 기간으로 대환자금대출 신청시 발생하는 이자 비용까지 ‘0원’이라는 사실이다. 대환자금에 대해서 하루의 대출이자도 부담하지 않고 기존 고금리 대출을 저금리로 전환할 수 있어, 고금리 부담에 시달리던 투자자들에게 큰 호응을 얻을 전망이다.이 서비스는 부동산 시장에서 흔히 이용되던 대환대출 개념을 증권시장에 도입한 혁신적인 시도로, 주식 투자자들의 자금 운용에 새로운 대안을 제시할 것으로 기대된다.무빙스탁 ‘증권사 신용, 대환자금대출’의 비용 무료 이벤트는 이벤트 기간 동안 한정적으로 제공되는 만큼, 신용융자를 이용 중인 투자자라면 지금 바로 확인해볼 필요가 있다.★ 장마감 시간이 가까워질수록 문의가 많아 상담이 지연될 수 있습니다.★ 7월 문의하신 고객들이 많이 보유하신 종목으로는 삼성전자, POSCO홀딩스, 셀트리온, 포스코퓨처엠, 에코프로비엠, NAVER, 에코프로, 삼성SDI, LG화학, SK하이닉스, 두산에너빌리티, 카카오, SK이노베이션, LG에너지솔루션, 엘앤에프, 삼천당제약, 현대차, 알테오젠, HPSP, LG전자 등이 있습니다.★ 안내사항과도한 빚은 당신에게 큰 불행을 안겨줄 수 있습니다. 대출 시 신용등급 하락으로 다른 금융거래가 제약받을 수 있습니다. 중개수수료를 요구하거나 받는 것은 불법입니다.상호명: ㈜단비대부 2021-서울영등포-2102(대부업) | TEL: 1544-4886 | 대출금리: 연 20%이내(연체금리는 약정금리+3%p이내, 최대 연 20%이내) | 단, 2021. 7. 7.부터 신규체결, 갱신, 연장되는 계약에 한함 | 채무의 조기상환 조건 및 부대비용 없음. (단, 신용조회비용 및 담보권설정비용 있음), 이자 외 별도로 중개수수료를 요구하거나 수취하는 것은 불법입니다. | 대표이사: 박동원 | 사업자등록번호: 274-86-00231 | 등록기관명칭: 서울 영등포구청(담당부서: 일자리경제과, 02-2670-3420) | 소재지 : 서울 영등포구 여의대방로67길 11, 5층 517호 | 개인정보관리자메일: help@danbifund.co.kr무료상담",https://www.hankyung.com/article/202507248244a,2025.07.24 13:28
"네이버, AI 광고 체험 전면 확대","스마트스토어 판매자 대상
'성장 마일리지' 새로 지원","네이버가 자사 쇼핑몰 스마트스토어 판매자를 대상으로 인공지능(AI) 기반 광고 자동화 체험 기회를 확대한다. AI 광고 도입에 소극적이던 판매자들의 심리적 장벽을 낮추겠다는 전략이다.네이버는 판매자 지원 프로그램인 ‘성장 마일리지’ 제도를 최근 시작했다고 4일 밝혔다. 스마트스토어 판매자에게 일정 금액의 마일리지를 주고, 이를 자사 AI 광고 솔루션인 ‘AD부스트(Voost) 쇼핑’에 쓸 수 있도록 했다. AD부스트 쇼핑은 네이버 쇼핑 내 상품 정보를 기반으로 AI가 실시간으로 광고 성과를 분석하고 최적화해주는 광고 자동화 도구다. 판매자는 마일리지 포인트를 전환해 리뷰 적립금이나 재구매 혜택 등 마케팅 활동 전반에도 활용할 수 있다. 단순한 기술 체험을 넘어 실제 비즈니스 운영에 AI를 녹일 수 있도록 유도하는 구조다.오는 8월부터는 ‘성장 마일리지’ 참여자 중 일부를 대상으로 무료 체험 프로그램 ‘AI RIDE’도 도입할 계획이다. AI 광고에 익숙하지 않은 판매자들을 위해 가이드를 제공하고, 추가 광고지원금도 함께 제공한다. 네이버는 이렇게 AI 광고 효과를 직접 경험한 판매자들을 중심으로 솔루션 확산을 기대하고 있다.네이버는 성장 마일리지 도입을 계기로 AI 기반 광고 생태계를 확장하겠다고 했다. 한재영 네이버 광고 사업 리더는 “복잡해진 디지털 광고 환경에서 판매자들이 직접 AI 광고 효율을 경험하는 기회가 될 것”이라며 “광고주의 AI 실험도 지원하겠다”고 말했다.안정훈 기자 ajh6321@hankyung.com",https://www.hankyung.com/article/2025070491641,2025.07.04 17:23
"초등학생과 교사의 '썸', 논란의 웹툰 드라마화 결국 중단",,"/사진=웹툰 '내가 사랑하는 초등학생'

                웹툰 '내가 사랑하는 초등학생'의 드라마 제작이 중단됐다.4일 제작사 메타뉴라인 측은 ""최근 사회적으로 제기된 여러 우려의 목소리를 진지하게 받아들이겠다""며 ""웹툰 '내가 사랑하는 초등학생'을 원작으로 한 드라마의 기획 및 제작을 중단하기로 결정했다""고 밝혔다.제작사 측은 ""2015년에 제작된 원작 작품에까지 새로운 부담을 드리게 된 점에 대해 작가님께도 진심으로 송구한 마음을 전한다""며 ""변화하는 사회적 감수성과 흐름을 겸허히 받아들이고 이번 일을 계기로 더욱 신중하고 책임 있는 자세로, 앞으로도 건강하고 의미 있는 콘텐츠를 만들어 나가기 위해 최선을 다하겠다""고 했다.'내가 사랑하는 초등학생'은 연인과 이별한 초등학교 여교사가 게임 속에서 만난 캐릭터가 실제로는 자기 제자였음을 깨달으며 벌어지는 이야기를 담았다. 교사가 온라인게임을 하며 '썸'을 타게 된 고수 유저가 알고 보니 자신의 초등학생 제자였다는 설정이다.최근 드라마 제작 소식이 알려진 후 한국교원단체총연합회는 ""창작과 예술적 독창성이라는 명분 아래 아동을 성적 대상화 하는 시도는 결코 정당화될 수 없다""면서 ""해당 드라마의 소재는 교육 현장에서 헌신하는 모든 교육자의 명예를 실추시키고 교직 사회 전체에 대한 깊은 불신을 초래할 것""이라면서 반대하는 입장을 밝혔다.더불어 ""이런 작품들이 로맨스나 판타지로 소비될 경우 현실에서 벌어지는 그루밍 범죄의 심각성을 희석할 수 있다""며 ""문화·예술 영역에서 창작의 자유가 충분히 보장돼야 한다는 점에는 공감하지만, 교사를 학생 대상 그루밍 범죄 가해자로 묘사하는 내용은 교육 현장의 신뢰를 훼손할 것""이라고 우려했다.논란이 커지자 '내가 사랑하는 초등학생' 웹툰이 서비스되던 플랫폼 네이버웹툰, 카카오페이지, 교보문고, 리디북스 등도 판매를 중단했다.김소연 한경닷컴 기자 sue123@hankyung.com",https://www.hankyung.com/article/202507047954H,2025.07.04 10:05
신용대출 이자 절감 꿀팁! 증권사 3%대 대출 전환법 공개,,"전송종목 : 삼익THK, 송원산업, 삼천리, 효성, 성신양회최근 주식 투자자들 사이에서 주식대출(미수/신용융자 등)의 고금리에 대한 부담이 커지고 있다.특히 저금리를 적용 받고 싶어도, 기존 대출을 상환하고 다시 주식을 매수해야 하는 번거로운 절차와 자금 조달의 어려움이 발목을 잡고 있다.이런 현실적인 문제를 해결하고자, 무빙스탁이 ‘증권사 신용, 대환자금대출’ 서비스를 전격 출시했다.이 상품은 주식을 매도하지 않고도, 기존의 고금리의 주식대출(미수/신용융자 등)의 3%대의 혁신적인 저금리 증권사로 전환할 수 있도록 상환자금을 제공하는 것이 핵심이다.무빙스탁 관계자는 “현재 증권사 이벤트 금리는 연 3%대 수준으로, 기존 9~10%대 고금리를 적용받는 투자자라면 절감 효과가 상당하다”며, 금리를 5%만 낮추면 “1억원 신용대출 기준으로 연간 약 500만원, 3억원이라면 1,500만원까지도 절약할 수 있다”고 밝혔다.더 놀라운 점은, 현재는 이벤트 기간으로 대환자금대출 신청시 발생하는 이자 비용까지 ‘0원’이라는 사실이다. 대환자금에 대해서 하루의 대출이자도 부담하지 않고 기존 고금리 대출을 저금리로 전환할 수 있어, 고금리 부담에 시달리던 투자자들에게 큰 호응을 얻을 전망이다.이 서비스는 부동산 시장에서 흔히 이용되던 대환대출 개념을 증권시장에 도입한 혁신적인 시도로, 주식 투자자들의 자금 운용에 새로운 대안을 제시할 것으로 기대된다.무빙스탁 ‘증권사 신용, 대환자금대출’의 비용 무료 이벤트는 이벤트 기간 동안 한정적으로 제공되는 만큼, 신용융자를 이용 중인 투자자라면 지금 바로 확인해볼 필요가 있다.★ 장마감 시간이 가까워질수록 문의가 많아 상담이 지연될 수 있습니다.★ 7월 문의하신 고객들이 많이 보유하신 종목으로는 삼성전자, POSCO홀딩스, 셀트리온, 포스코퓨처엠, 에코프로비엠, NAVER, 에코프로, 삼성SDI, LG화학, SK하이닉스, 두산에너빌리티, 카카오, SK이노베이션, LG에너지솔루션, 엘앤에프, 삼천당제약, 현대차, 알테오젠, HPSP, LG전자 등이 있습니다.★ 안내사항과도한 빚은 당신에게 큰 불행을 안겨줄 수 있습니다. 대출 시 신용등급 하락으로 다른 금융거래가 제약받을 수 있습니다. 중개수수료를 요구하거나 받는 것은 불법입니다.상호명: ㈜단비대부 2021-서울영등포-2102(대부업) | TEL: 1544-4886 | 대출금리: 연 20%이내(연체금리는 약정금리+3%p이내, 최대 연 20%이내) | 단, 2021. 7. 7.부터 신규체결, 갱신, 연장되는 계약에 한함 | 채무의 조기상환 조건 및 부대비용 없음. (단, 신용조회비용 및 담보권설정비용 있음), 이자 외 별도로 중개수수료를 요구하거나 수취하는 것은 불법입니다. | 대표이사: 박동원 | 사업자등록번호: 274-86-00231 | 등록기관명칭: 서울 영등포구청(담당부서: 일자리경제과, 02-2670-3420) | 소재지 : 서울 영등포구 여의대방로67길 11, 5층 517호 | 개인정보관리자메일: help@danbifund.co.kr무료상담",https://www.hankyung.com/article/202507096263a,2025.07.09 13:08
"주식 매도 없이 신용이자 연 1,500만 원 줄이는 비법",,"전송종목 : 녹십자홀딩스, 동진쎄미켐, 롯데칠성, 현대차, 코스모화학최근 주식 투자자들 사이에서 주식대출(미수/신용융자 등)의 고금리에 대한 부담이 커지고 있다.특히 저금리를 적용 받고 싶어도, 기존 대출을 상환하고 다시 주식을 매수해야 하는 번거로운 절차와 자금 조달의 어려움이 발목을 잡고 있다.이런 현실적인 문제를 해결하고자, 무빙스탁이 ‘증권사 신용, 대환자금대출’ 서비스를 전격 출시했다.이 상품은 주식을 매도하지 않고도, 기존의 고금리의 주식대출(미수/신용융자 등)의 3%대의 혁신적인 저금리 증권사로 전환할 수 있도록 상환자금을 제공하는 것이 핵심이다.무빙스탁 관계자는 “현재 증권사 이벤트 금리는 연 3%대 수준으로, 기존 9~10%대 고금리를 적용받는 투자자라면 절감 효과가 상당하다”며, 금리를 5%만 낮추면 “1억원 신용대출 기준으로 연간 약 500만원, 3억원이라면 1,500만원까지도 절약할 수 있다”고 밝혔다.더 놀라운 점은, 현재는 이벤트 기간으로 대환자금대출 신청시 발생하는 이자 비용까지 ‘0원’이라는 사실이다. 대환자금에 대해서 하루의 대출이자도 부담하지 않고 기존 고금리 대출을 저금리로 전환할 수 있어, 고금리 부담에 시달리던 투자자들에게 큰 호응을 얻을 전망이다.이 서비스는 부동산 시장에서 흔히 이용되던 대환대출 개념을 증권시장에 도입한 혁신적인 시도로, 주식 투자자들의 자금 운용에 새로운 대안을 제시할 것으로 기대된다.무빙스탁 ‘증권사 신용, 대환자금대출’의 비용 무료 이벤트는 이벤트 기간 동안 한정적으로 제공되는 만큼, 신용융자를 이용 중인 투자자라면 지금 바로 확인해볼 필요가 있다.★ 장마감 시간이 가까워질수록 문의가 많아 상담이 지연될 수 있습니다.★ 7월 문의하신 고객들이 많이 보유하신 종목으로는 삼성전자, POSCO홀딩스, 셀트리온, 포스코퓨처엠, 에코프로비엠, NAVER, 에코프로, 삼성SDI, LG화학, SK하이닉스, 두산에너빌리티, 카카오, SK이노베이션, LG에너지솔루션, 엘앤에프, 삼천당제약, 현대차, 알테오젠, HPSP, LG전자 등이 있습니다.★ 안내사항과도한 빚은 당신에게 큰 불행을 안겨줄 수 있습니다. 대출 시 신용등급 하락으로 다른 금융거래가 제약받을 수 있습니다. 중개수수료를 요구하거나 받는 것은 불법입니다.상호명: ㈜단비대부 2021-서울영등포-2102(대부업) | TEL: 1544-4886 | 대출금리: 연 20%이내(연체금리는 약정금리+3%p이내, 최대 연 20%이내) | 단, 2021. 7. 7.부터 신규체결, 갱신, 연장되는 계약에 한함 | 채무의 조기상환 조건 및 부대비용 없음. (단, 신용조회비용 및 담보권설정비용 있음), 이자 외 별도로 중개수수료를 요구하거나 수취하는 것은 불법입니다. | 대표이사: 박동원 | 사업자등록번호: 274-86-00231 | 등록기관명칭: 서울 영등포구청(담당부서: 일자리경제과, 02-2670-3420) | 소재지 : 서울 영등포구 여의대방로67길 11, 5층 517호 | 개인정보관리자메일: help@danbifund.co.kr무료상담",https://www.hankyung.com/article/202507071509a,2025.07.07 10:28
"화학주, 국제 유가 하락·중국 경기 회복 기대에 반등",,"국내 화학주가 오랜 부진에서 벗어나 반등세를 보이고 있다. 주요 산유국의 증산, 중국 경기 회복 기대감 등으로 투자심리가 개선되면서 업종 전반에 매수세가 유입되고 있다.화학업계는 원료인 나프타 가격이 주요 산유국 증산으로 하락하면서 원가 절감 효과를 기대하고 있다. OPEC+는 8월에도 증산 기조를 이어갈 것으로 예상되며, 이는 화학업체들의 수익성 개선 요인으로 작용할 전망이다.또한 미국과 중국의 관세·무역 관련 잠정 합의는 중국 경기 회복 기대감을 키워 화학주 투자 심리를 긍정적으로 이끌고 있다. 아울러 국제 유가 하락과 강세장에서 소외됐던 화학 업종에 대한 순환매 효과도 반등세의 배경으로 분석된다.한편, 스탁론에 대한 관심이 날로높아지고 있다. 모처럼 잡은 투자기회를 놓치지 않으려는 투자자들이 주식매입을 위해 더 많은 자금을 활용할 수 있는 스탁론으로 눈길을 돌리고 있기 때문이다. 현 주가는 실적을 따라가지 못하고 있는 상황으로, 밸류에이션 리레이팅이 필요한 시기라는 평가도 나오고 있다.




 

◆ 올뉴스탁론, DSR 무관 상품에 연 4%대 최저금리 상품으로 다양한 선택지를!올뉴스탁론에서 투자자들 누구나 부담 없이 스탁론을 경험할 수 있도록 연 4%대 업계 최저금리로 이용 가능한 증권 연계신용 상품을 출시했다. 주식매입은 물론 증권사 미수/신용 대환 모두 가능하며 신용등급 차등 없이 자기 자본 포함 최대 4배까지 활용할 수 있다.이와 함께 DSR 한도 때문에 기존 스탁론 활용이 어려웠던 투자자들을 위한 DSR 무관 상품도 취급 중이다. 또한 장중 거래가 어려웠던 투자자를 위한 대체거래소(NXT) 거래도 가능해졌다.올뉴스탁론에 대해 자세히 알고 싶은 투자자는 고객상담센터(☎1599-8666)로 연락하면 대출 여부와 무관하게 언제든 전문상담원과 편리하게 상담할 수 있다.○ 보유하고 있는 대출액이나 소득 무관하게! (DSR 무관)○ 최대 4배 주식자금 활용 가능! (본인 자금 포함)○ 대체거래소(NXT) 거래 가능!○ 증권 신용/미수 당일 즉시 대환 가능!○ 기존 증권사 신용, 스탁론으로 매수가 어려웠던 종목도 OK!※ 올뉴스탁론 고객상담센터 : 1599-8666바로가기 : https://allnewstockloan.co.kr?agency=HTS◆ 현 시각 관심종목 Top 10 : 현대로템, NAVER, 다날, 한화, 한미반도체, 알테오젠, 위닉스, 파세코, 상지건설, 파미셀무료상담",https://www.hankyung.com/article/202507047725a,2025.07.07 11:00
"프리메라, ‘비타티놀 바운시 리프트 세럼’ 출시","레티놀보다 2.2배 강력한 비타티놀의 탄력 리프팅 효과로 처진 모공, 중안부 피부 탄력, 잠재주름까지 개선

특수 코팅 비타민 C 함유한 ‘특수캡슐 in 레티놀 세럼’ 제형으로 사용까지 간편","파워풀 믹솔로지 브랜드 프리메라가 비타티놀 세럼의 성분과 효능을 업그레이드한 ‘비타티놀 바운시 리프트 세럼’(이하 ‘비타티놀 세럼’)을 출시한다.프리메라 비타티놀 세럼은 아모레퍼시픽 최초로 안티에이징 대표 성분인 ‘레티놀’과 항산화에 탁월한 ‘비타민 C’ 성분을 조합하여 섞어 쓰는 제품으로, 22년 9월 출시 이후 많은 사랑을 받은 프리메라 대표 슬로우에이징 세럼이다.새로운 비타티놀 세럼은 레티놀보다 2.2배 강력한 탄력 리프팅 효능 성분을 담았다. 레티놀과 비타민 C의 더블 부스팅 효과로 탄력 증대에 탁월하며, 400시간 항산화 방어막이 강화된 탄력의 손실을 막아 레티놀 단독 사용 대비 2.2배 강력한 탄력 효능을 제공한다.특히 강력한 3중 탄력 리프팅 효과로 처진 모공부터 중안부 피부 탄력 개선, 미래의 잠재주름까지 케어한다. 처진 Y자 모공과 세로 모공이 94.6% 개선되며, 중안부 탄력 2.2%, 잠재주름 42.6% 개선 효과도 인체적용시험으로 확인했다. 비타민 C 부스팅의 브라이트닝 효과로 97.9% 더 밝아지는 피부까지 경험할 수 있다.이번 비타티놀 세럼은 특수 코팅 기술을 적용한 순수 비타민 C 캡슐이 레티놀 세럼에 함유된 ‘특수캡슐 In 세럼’ 제형으로 업그레이드해 따로 섞어 쓸 필요 없이 문지르기만 해도 두 성분의 시너지 효능을 볼 수 있다. 레티놀 세럼 또한 순수 레티놀과 저자극 레티놀, 서방형 레티놀의 3중 조합으로 피부 자극을 낮추고 효능을 극대화했다. 용량 역시 30G으로 늘어나 더 여유 있게 사용할 수 있다.레티놀로 인해 발생할 수 있는 피부 자극도 완벽하게 보완했다. 민감 피부 테스트, 하이포알러지 테스트, 논코메도제닉 테스트, 피부과 테스트를 모두 완료하여 민감 피부, 여드름성 피부도 안심하고 사용할 수 있다. 더 확실한 저자극 사용감을 구현하기 위해 향료도 배제했다.새로운 비타티놀 세럼은 7월 21일 아모레몰을 시작으로 올리브영, 네이버 브랜드 스토어 등 주요 온∙오프라인 채널에서 만나볼 수 있다.",https://www.hankyung.com/article/202507210794P,2025.07.21 08:59
"증권사 신용대출, 3%대 금리로 바꾸는 가장 쉬운 방법",,"전송종목 : 대웅, 삼양식품, 태광산업, 대한항공, LG최근 주식 투자자들 사이에서 주식대출(미수/신용융자 등)의 고금리에 대한 부담이 커지고 있다.특히 저금리를 적용 받고 싶어도, 기존 대출을 상환하고 다시 주식을 매수해야 하는 번거로운 절차와 자금 조달의 어려움이 발목을 잡고 있다.이런 현실적인 문제를 해결하고자, 무빙스탁이 ‘증권사 신용, 대환자금대출’ 서비스를 전격 출시했다.이 상품은 주식을 매도하지 않고도, 기존의 고금리의 주식대출(미수/신용융자 등)의 3%대의 혁신적인 저금리 증권사로 전환할 수 있도록 상환자금을 제공하는 것이 핵심이다.무빙스탁 관계자는 “현재 증권사 이벤트 금리는 연 3%대 수준으로, 기존 9~10%대 고금리를 적용받는 투자자라면 절감 효과가 상당하다”며, 금리를 5%만 낮추면 “1억원 신용대출 기준으로 연간 약 500만원, 3억원이라면 1,500만원까지도 절약할 수 있다”고 밝혔다.더 놀라운 점은, 현재는 이벤트 기간으로 대환자금대출 신청시 발생하는 이자 비용까지 ‘0원’이라는 사실이다. 대환자금에 대해서 하루의 대출이자도 부담하지 않고 기존 고금리 대출을 저금리로 전환할 수 있어, 고금리 부담에 시달리던 투자자들에게 큰 호응을 얻을 전망이다.이 서비스는 부동산 시장에서 흔히 이용되던 대환대출 개념을 증권시장에 도입한 혁신적인 시도로, 주식 투자자들의 자금 운용에 새로운 대안을 제시할 것으로 기대된다.무빙스탁 ‘증권사 신용, 대환자금대출’의 비용 무료 이벤트는 이벤트 기간 동안 한정적으로 제공되는 만큼, 신용융자를 이용 중인 투자자라면 지금 바로 확인해볼 필요가 있다.★ 장마감 시간이 가까워질수록 문의가 많아 상담이 지연될 수 있습니다.★ 7월 문의하신 고객들이 많이 보유하신 종목으로는 삼성전자, POSCO홀딩스, 셀트리온, 포스코퓨처엠, 에코프로비엠, NAVER, 에코프로, 삼성SDI, LG화학, SK하이닉스, 두산에너빌리티, 카카오, SK이노베이션, LG에너지솔루션, 엘앤에프, 삼천당제약, 현대차, 알테오젠, HPSP, LG전자 등이 있습니다.★ 안내사항과도한 빚은 당신에게 큰 불행을 안겨줄 수 있습니다. 대출 시 신용등급 하락으로 다른 금융거래가 제약받을 수 있습니다. 중개수수료를 요구하거나 받는 것은 불법입니다.상호명: ㈜단비대부 2021-서울영등포-2102(대부업) | TEL: 1544-4886 | 대출금리: 연 20%이내(연체금리는 약정금리+3%p이내, 최대 연 20%이내) | 단, 2021. 7. 7.부터 신규체결, 갱신, 연장되는 계약에 한함 | 채무의 조기상환 조건 및 부대비용 없음. (단, 신용조회비용 및 담보권설정비용 있음), 이자 외 별도로 중개수수료를 요구하거나 수취하는 것은 불법입니다. | 대표이사: 박동원 | 사업자등록번호: 274-86-00231 | 등록기관명칭: 서울 영등포구청(담당부서: 일자리경제과, 02-2670-3420) | 소재지 : 서울 영등포구 여의대방로67길 11, 5층 517호 | 개인정보관리자메일: help@danbifund.co.kr무료상담",https://www.hankyung.com/article/202507185998a,2025.07.18 10:28
,,,https://magazine.hankyung.com/business/article/202507212375b,
"이자 부담은 최소로, 투자 효율은 최대로! 신용대출 3%대 활용법",,"전송종목 : 바이오비쥬, 엘브이엠씨홀딩스, 크리스탈신소재, GRT, 잉글우드랩최근 주식 투자자들 사이에서 주식대출(미수/신용융자 등)의 고금리에 대한 부담이 커지고 있다.특히 저금리를 적용 받고 싶어도, 기존 대출을 상환하고 다시 주식을 매수해야 하는 번거로운 절차와 자금 조달의 어려움이 발목을 잡고 있다.이런 현실적인 문제를 해결하고자, 무빙스탁이 ‘증권사 신용, 대환자금대출’ 서비스를 전격 출시했다.이 상품은 주식을 매도하지 않고도, 기존의 고금리의 주식대출(미수/신용융자 등)의 3%대의 혁신적인 저금리 증권사로 전환할 수 있도록 상환자금을 제공하는 것이 핵심이다.무빙스탁 관계자는 “현재 증권사 이벤트 금리는 연 3%대 수준으로, 기존 9~10%대 고금리를 적용받는 투자자라면 절감 효과가 상당하다”며, 금리를 5%만 낮추면 “1억원 신용대출 기준으로 연간 약 500만원, 3억원이라면 1,500만원까지도 절약할 수 있다”고 밝혔다.더 놀라운 점은, 현재는 이벤트 기간으로 대환자금대출 신청시 발생하는 이자 비용까지 ‘0원’이라는 사실이다. 대환자금에 대해서 하루의 대출이자도 부담하지 않고 기존 고금리 대출을 저금리로 전환할 수 있어, 고금리 부담에 시달리던 투자자들에게 큰 호응을 얻을 전망이다.이 서비스는 부동산 시장에서 흔히 이용되던 대환대출 개념을 증권시장에 도입한 혁신적인 시도로, 주식 투자자들의 자금 운용에 새로운 대안을 제시할 것으로 기대된다.무빙스탁 ‘증권사 신용, 대환자금대출’의 비용 무료 이벤트는 이벤트 기간 동안 한정적으로 제공되는 만큼, 신용융자를 이용 중인 투자자라면 지금 바로 확인해볼 필요가 있다.★ 장마감 시간이 가까워질수록 문의가 많아 상담이 지연될 수 있습니다.★ 7월 문의하신 고객들이 많이 보유하신 종목으로는 삼성전자, POSCO홀딩스, 셀트리온, 포스코퓨처엠, 에코프로비엠, NAVER, 에코프로, 삼성SDI, LG화학, SK하이닉스, 두산에너빌리티, 카카오, SK이노베이션, LG에너지솔루션, 엘앤에프, 삼천당제약, 현대차, 알테오젠, HPSP, LG전자 등이 있습니다.★ 안내사항과도한 빚은 당신에게 큰 불행을 안겨줄 수 있습니다. 대출 시 신용등급 하락으로 다른 금융거래가 제약받을 수 있습니다. 중개수수료를 요구하거나 받는 것은 불법입니다.상호명: ㈜단비대부 2021-서울영등포-2102(대부업) | TEL: 1544-4886 | 대출금리: 연 20%이내(연체금리는 약정금리+3%p이내, 최대 연 20%이내) | 단, 2021. 7. 7.부터 신규체결, 갱신, 연장되는 계약에 한함 | 채무의 조기상환 조건 및 부대비용 없음. (단, 신용조회비용 및 담보권설정비용 있음), 이자 외 별도로 중개수수료를 요구하거나 수취하는 것은 불법입니다. | 대표이사: 박동원 | 사업자등록번호: 274-86-00231 | 등록기관명칭: 서울 영등포구청(담당부서: 일자리경제과, 02-2670-3420) | 소재지 : 서울 영등포구 여의대방로67길 11, 5층 517호 | 개인정보관리자메일: help@danbifund.co.kr무료상담",https://www.hankyung.com/article/202507071499a,2025.07.07 08:43
"카카오 ""LLM 韓 1위""…SKT ""수학·코딩 향상""","한국형 LLM 성능 경쟁 치열

기업들, 오픈소스 모델 잇단 공개
정부 'K인공지능' 사업에 도전장
""네이버·LG, 오랜 적용경험 강점""

내달초 5개 컨소시엄 선정키로","국내 테크 기업들 사이에서 대규모언어모델(LLM) 성능 경쟁이 치열해지고 있다. 정부의 ‘K-인공지능(AI)’ 사업에 도전장을 내민 곳들이 앞다퉈 자체 모델을 오픈소스로 공개하고 있다. K-AI 브랜드 확보 경쟁이 과열되면서 나올 수 있는 ‘페이크(가짜) LLM’을 잘 골라내야 한다는 목소리도 나온다.
                    






이미지 크게보기



 ◇ 카카오·SKT, 오픈소스 모델 공개카카오는 24일 허깅페이스에 경량 멀티모달 언어모델 ‘카나나-1.5-v-3b’를 오픈소스로 공개했다. 카나나 1.5 모델은 처음부터 카카오 자체 기술을 바탕으로 한 ‘프롬 스크래치’ 방식으로 개발됐다. 카카오 관계자는 “한국어 벤치마크(성능 평가)에서 유사 사이즈의 국내외 공개 모델과 비교했을 때 최고 점수가 나왔다”며 “영어 벤치마크에서 해외 모델과 비교했을 때는 오픈AI의 GPT-4o와 견줄 정도”라고 했다.카카오는 정부가 추진하는 ‘독자 AI 파운데이션 모델 프로젝트’에 신청한 15곳(컨소시엄 기준) 중 한 곳이다. 다음달 초 5개 컨소시엄이 선정되는 이 사업은 그래픽처리장치(GPU) 등을 지원받고 K-AI 브랜드를 쓸 수 있어 국내 주요 AI 기업이 모두 뛰어들었다. 카카오는 자체 모델 개발 역량과 카카오톡 등 대국민 서비스 운영 경험을 경쟁력으로 내세우고 있다.SK텔레콤도 프롬 스크래치 방식으로 개발한 에이닷엑스(A.X) 3.1을 이날 선보였다. 한국어 대화 성능에 집중한 직전 모델 3.0보다 코드와 수학 성능을 개선했다. 회사 관계자는 “현재 LLM의 표준인 트랜스포머 구조를 넘어설 신규 구조 연구도 추진할 것”이라고 했다. SK텔레콤은 크래프톤(게임 AI), 포티투닷(모빌리티 데이터), 리벨리온(AI 반도체) 등과 컨소시엄을 이뤄 정부 사업에 도전장을 던졌다.네이버클라우드도 지난 22일 경량화 추론 모델 ‘하이퍼클로바X 시드 싱크 14B’를 오픈소스로 풀었다. LG AI연구원은 같은 날 연 토크콘서트에서 자체 모델 엑사원 시리즈의 오픈소스 다운로드가 510만 회를 돌파했다고 발표했다. KT(모델명 믿음2.0), NC AI(바르코 비전 2.0), 트릴리온랩스(트리-21B) 등도 최근 AI 모델을 연달아 공개했다. ◇ 네이버·LG, “자체 기술력 오래 구축”업계에선 원천기술 개발 이력이 오래됐고 적용 경험이 풍부한 네이버와 LG AI연구원이 상대적으로 선두에 있다고 본다. 네이버클라우드는 2021년부터 AI 모델을 네이버 검색, 쇼핑 등에 적용해왔다. LG의 엑사원은 미국 AI 연구기관 에포크AI로부터 ‘주목할 만한 AI 모델’에 선정된 데다 LG 계열사를 중심으로 활용 사례를 쌓았다. 업계 관계자는 “해외 상용 모델을 개조한 기술이 아니라 토대부터 자체 기술을 오래 구축해왔다는 게 두 기업의 경쟁력”이라고 했다.SK텔레콤과 KT는 이동통신을 기반으로 한 AI 서비스가 가능하다는 확장성이 강점이다. 별도 스타트업 출전자 중에선 LLM 개발 경험이 있는 업스테이지, 의료 AI 경쟁력을 앞세운 루닛 등이 주목받는다.일각에선 해외 모델을 가져다 쓰면서 프롬 스크래치라고 주장하는 ‘페이크 LLM’ 기업이 등장할 수도 있어 정확한 평가가 필요하다는 목소리도 나온다. AI업계 관계자는 “단순한 기술 경쟁력이 아니라 국내 AI 생태계를 활성화할 수 있느냐가 주요 평가 기준이라 각 기업의 전략 싸움이 더욱 복잡해질 것”이라고 했다.고은이 기자 koko@hankyung.com",https://www.hankyung.com/article/2025072403421,2025.07.24 17:33
삼성·LG가 불 지폈다…'AI-의료' 무한 확장 [바이탈],,"영상 모듈 닫기




<앵커>최근 삼성과 LG가 디지털 헬스케어 사업을 확장하면서 관련 업계도 촉각을 곤두세우고 있습니다.'무한 확장'을 노리는 AI 기술과 의료 서비스의 융합이 가져올 대격변이 주목됩니다.산업부 김수진 기자와 이야기 나눠봅니다.김 기자, 최근 삼성전자가 인수한 '젤스(Xealth)'가 화제가 됐는데, 뭐가 달라지는 건가요?<기자>젤스는 미국 병원 시스템을 기반으로 만들어진 디지털 헬스케어 기업입니다.디지털 헬스케어는 AI 등 IT 기술이 사용된 건강관리 기술인데요.막연할 수 있으니, 예를 하나 들어보겠습니다.의사가 병원 내 환자 기록(EHR, 전자의료기록)을 모니터링하는 중, 특정 환자에게 혈압 관리가 필요하다는 결정을 내립니다.의사는 혈압 관리 앱을 처방하고, 환자는 이메일이나 문자 등을 통해 해당 앱을 다운받습니다. 환자가 집에서 측정한 혈압 값을 입력하면 해당 정보는 다시 병원 내 기록과 연동됩니다.이걸 보고서 의사가 환자가 문제가 있다고 판단되면 곧바로 병원에 오라고 경고하거나 약을 처방할 수 있는거죠.이 과정에서 삼성전자의 웨어러블 기기가 활용된다면 어떨까요?<앵커>혈압이나 심박수 등 환자의 다양한 생체 데이터를 갤럭시 워치나 링 등에서 자동으로 수집할 수 있겠군요.<기자>그렇습니다.이론적으로 살펴보면 해당 기술이 탑재된 갤럭시 워치를 착용하고 있다면, 병원에 가지 않아도 의료진이 개인 상태를 파악할 수 있는겁니다.예를 들어 병원에 갔을 때 혈압을 한 번 측정해 기록하지 않습니까?이 정도로는 정확한 수치라고 하기 어렵습니다.'백의 고혈압'이라고 하죠. 긴장해서 병원에서만 재면 고혈압으로 나오는 사람도 있습니다.평소 수치가 다 기록된다면 평균적인 상태를 알 수 있는 식입니다.<앵커>어제 AI 언어 모델 '엑사원 4.0'을 선보인 LG AI 연구원에서도 디지털 헬스케어 분야를 확장하고 있죠?<기자>최근 공개한 의료 AI 모델 '엑사원패스 2.0'이죠.미국 정부가 주도하는 암 정복 사업 '캔서문샷'에서 위암 프로젝트를 이끄는 황태현 교수 (미국 밴더빌트대 메디컬센터)와 공동 개발했습니다.엑사원패스는 간편하게 유전자 변이를 확인할 수 있는 점이 특징입니다.예를 들어 유방암에 걸릴 확률이 80% 까지 높아지는 유전자 변이(BRCA 1/2)가 있는데, 이를 확인하려면 2주에서 1달 정도 기간이 걸리고 가격도 만만치 않습니다.이걸 조직이나 세포 슬라이드 이미지를 AI가 확인해 1분만에 변이를 확인하는 걸 기대할 수 있는겁니다.삼성, LG 모두 해당 기술을 살펴보면 공통점이 있는데요, 바로 '정밀의학'·'맞춤의학' 입니다.<앵커>일괄적인 의료 서비스를 제공하는 게 아니라, 개인 맞춤형 의료를 통해 더 건강한 삶을 제공한다는 게 목표라구요?<기자> 네, 혁신 항암제라고 해도, 유전자에 따라 효과가 천차만별인 경우가 있습니다.체중이나 성별은 물론 당뇨병이나 고혈압같은 특정 기저질환에 따라서 효과 있는 치료법이 다르기도 하고요.애초에 디지털 헬스케어의 목적 중 하나가 개인 맞춤형 의료입니다. 혁신 패러다임으로 빅테크, 친환경, 바이오·헬스케어가 언급되는데, 모두 건강하고 오래 살기라는 공통의 지향점이 있습니다.아직 국내에서 디지털 헬스케어 산업은 막 개화한 정도지만, 글로벌에서는 이미 거대해진 산업입니다.최근 삼성, LG 등 대기업들이 디지털 헬스케어 사업에 진출한 점도 시장 성장성을 감안한 전략으로 풀이됩니다.네이버와 카카오는 이미 오래 전부터 계속 디지털 헬스케어 사업 분야를 준비해오기도 했고요.<앵커>관련 대기업들은 일부 사업 분야에서 진출한 정도인데, 디지털 헬스케어 전문 기업들은 상황이 어떻습니까?<기자>대부분 스타트업, 중소기업 형태로 존재하고 있습니다.작은 기업들이 비슷한 설루션을 선보이는 경향이 있어, 전문가들은 오픈 이노베이션이나 기업 협력 등이 필요하다고 보고 있습니다.김법민 범부처전주기의료기기연구개발사업단장은 ""여러 역량이 비슷한 제품들에게 투입되고 있다""며 ""상호 보완 제품, 하드웨어·소프트웨어 간 협력 등이 기업 차원에서 필요하다""고 밝혔습니다.대표적인 디지털 헬스케어 상장사로는 '의료 AI 기업'으로 불리는 루닛과 뷰노가 있는데요.AI 기술을 활용해 질병 진단을 손쉽게 하는 설루션을 가지고 있습니다.다만 초기 기술 개발에 많은 투자가 필요한만큼 현재 두 기업들은 수익을 내지 못하고 있습니다.2024년 기준 루닛은 매출 542억원, 뷰노는 259억원으로 두 기업 모두 전년대비 90% 넘게 증가했지만 영업이익은 각각 677억원, 124억원 적자를 냈습니다.시장이 개화하고 있는 만큼 당장 큰 성과를 보이고 있진 않지만, 앞으로의 성장 가능성은 큰 상황입니다.<앵커>네, 오늘 여기까지 듣겠습니다.편집:최연경, CG:홍기리김수진기자 sjpen@wowtv.co.kr",https://www.hankyung.com/article/2025071628385,2025.07.16 17:40
"이자 부담은 최소로, 투자 효율은 최대로! 신용대출 3%대 활용법",,"전송종목 : 휴니드, 대한해운, 화승인더, SK디스커버리, 대원전선최근 주식 투자자들 사이에서 주식대출(미수/신용융자 등)의 고금리에 대한 부담이 커지고 있다.특히 저금리를 적용 받고 싶어도, 기존 대출을 상환하고 다시 주식을 매수해야 하는 번거로운 절차와 자금 조달의 어려움이 발목을 잡고 있다.이런 현실적인 문제를 해결하고자, 무빙스탁이 ‘증권사 신용, 대환자금대출’ 서비스를 전격 출시했다.이 상품은 주식을 매도하지 않고도, 기존의 고금리의 주식대출(미수/신용융자 등)의 3%대의 혁신적인 저금리 증권사로 전환할 수 있도록 상환자금을 제공하는 것이 핵심이다.무빙스탁 관계자는 “현재 증권사 이벤트 금리는 연 3%대 수준으로, 기존 9~10%대 고금리를 적용받는 투자자라면 절감 효과가 상당하다”며, 금리를 5%만 낮추면 “1억원 신용대출 기준으로 연간 약 500만원, 3억원이라면 1,500만원까지도 절약할 수 있다”고 밝혔다.더 놀라운 점은, 현재는 이벤트 기간으로 대환자금대출 신청시 발생하는 이자 비용까지 ‘0원’이라는 사실이다. 대환자금에 대해서 하루의 대출이자도 부담하지 않고 기존 고금리 대출을 저금리로 전환할 수 있어, 고금리 부담에 시달리던 투자자들에게 큰 호응을 얻을 전망이다.이 서비스는 부동산 시장에서 흔히 이용되던 대환대출 개념을 증권시장에 도입한 혁신적인 시도로, 주식 투자자들의 자금 운용에 새로운 대안을 제시할 것으로 기대된다.무빙스탁 ‘증권사 신용, 대환자금대출’의 비용 무료 이벤트는 이벤트 기간 동안 한정적으로 제공되는 만큼, 신용융자를 이용 중인 투자자라면 지금 바로 확인해볼 필요가 있다.★ 장마감 시간이 가까워질수록 문의가 많아 상담이 지연될 수 있습니다.★ 7월 문의하신 고객들이 많이 보유하신 종목으로는 삼성전자, POSCO홀딩스, 셀트리온, 포스코퓨처엠, 에코프로비엠, NAVER, 에코프로, 삼성SDI, LG화학, SK하이닉스, 두산에너빌리티, 카카오, SK이노베이션, LG에너지솔루션, 엘앤에프, 삼천당제약, 현대차, 알테오젠, HPSP, LG전자 등이 있습니다.★ 안내사항과도한 빚은 당신에게 큰 불행을 안겨줄 수 있습니다. 대출 시 신용등급 하락으로 다른 금융거래가 제약받을 수 있습니다. 중개수수료를 요구하거나 받는 것은 불법입니다.상호명: ㈜단비대부 2021-서울영등포-2102(대부업) | TEL: 1544-4886 | 대출금리: 연 20%이내(연체금리는 약정금리+3%p이내, 최대 연 20%이내) | 단, 2021. 7. 7.부터 신규체결, 갱신, 연장되는 계약에 한함 | 채무의 조기상환 조건 및 부대비용 없음. (단, 신용조회비용 및 담보권설정비용 있음), 이자 외 별도로 중개수수료를 요구하거나 수취하는 것은 불법입니다. | 대표이사: 박동원 | 사업자등록번호: 274-86-00231 | 등록기관명칭: 서울 영등포구청(담당부서: 일자리경제과, 02-2670-3420) | 소재지 : 서울 영등포구 여의대방로67길 11, 5층 517호 | 개인정보관리자메일: help@danbifund.co.kr무료상담",https://www.hankyung.com/article/202507108866a,2025.07.10 08:43
"코스피, 외인 매수에 소폭 상승세…코스닥 보합권 등락",,"사진=연합뉴스

                코스피지수가 21일 외국인 투자자의 매수세에 소폭 상승세를 나타내고 있다. 다만 SK하이닉스 등 주요 기업의 실적 발표를 앞둔 경계감에 상승폭은 제한적인 모습이다. 이날 오전 9시7분 현재 코스피지수는 전 거래일보다 13.99포인트(0.44%) 오른 3202.06을 기록하고 있다. 지수는 이날 0.1% 오름세로 출발 후 상승폭을 소폭 확대해 3200선을 재진입하는 데 성공했다.유가증권시장에서 외국인과 기관이 각각 936억원과 31억원 매수 우위인 반면 개인은 978억원 매도 우위다.코스피 시가총액 상위 종목은 대체로 상승세다. 삼성전자, LG에너지솔루션, 한화에어로스페이스, KB금융, 기아, 네이버, HD현대중공업 등이 오르는 반면 삼성바이오로직스, 두산에너빌리티 등이 내리고 있다. 셀트리온은 올 2분기 역대 최대 실적을 기록했다는 소식에 장중 한때 4%대 강세를 보였다.같은 시각 코스닥지수는 전 거래일보다 1.59포인트(0.19%) 오른 822.26을 나타내고 있다. 지수는 이날 0.1% 하락 출발 후 약 2분 만에 상승 전환해 보합권에서 등락을 보이고 있다.코스닥시장에서는 개인과 기관이 각각 92억원과 23억원 매수 우위인 반면 외국인은 98억원 매도 우위다.코스닥 시총 상위 종목 중 펩트론, 에코프로, 삼천당제약, 클래시스 등이 오르는 반면 알테오젠, 에코프로비엠, HLB, 파마리서치, 레인보우로보틱스, 리가켐바이오, 휴젤 등이 내리고 있다.폰트 개발사 산돌은 100% 무상증자를 결정했다는 소식 이후 주가가 10%대 급등세다.서울 외환시장에서 원·달러 환율은 전장보다 0.9원 내린 1392.1원으로 개장했다.고정삼 한경닷컴 기자 jsk@hankyung.com",https://www.hankyung.com/article/2025072107926,2025.07.21 09:16
"""韓 디지털 무역장벽 낮춰야""…관세협상 도마 오른 '온플법'","美 하원, 협상팀에 해결촉구 서한","미국 공화당 하원의원 43명이 미국 정부에 한국의 디지털 무역장벽 해결을 촉구하는 서한을 보냈다.하원 세입위원회의 에이드리언 스미스 무역소위 위원장과 캐럴 밀러 의원 등은 지난 1일 스콧 베선트 재무장관, 하워드 러트닉 상무장관, 제이미슨 그리어 미국무역대표부(USTR) 대표에게 관세 협상을 이용해 한국 정부가 미국 정보기술(IT) 회사에 부당하게 적용하고 있는 무역장벽을 해결해 달라는 서한을 보냈다.이들은 “한국은 보호주의 목적을 달성하고 차별적인 정책 결과를 촉진하기 위해 오랫동안 경쟁법(공정거래 관련 법)을 이용해왔다”며 한국 정부가 온라인플랫폼법 도입을 추진하는 점을 문제 삼았다. 네이버, 카카오 같은 국내 회사와 유튜브, 넷플릭스, 메타, 아마존 등 해외 빅테크가 플랫폼 영향력을 남용하지 못하도록 기업을 규제하는 법으로, 시장 지배적 사업자가 자기 플랫폼 이외 다른 플랫폼에서 물건을 팔지 못하게 막는다거나(멀티호밍 금지) 어떤 상황에서도 우리 플랫폼에 가장 유리한 조건으로 계약해야 한다고 강제(최혜대우 강요)하지 못하게 하는 내용 등이 들어 있다.미국 의원들은 이 법안이 “미국 디지털 기업을 표적으로 삼아 규제 요건을 강화한다”고 주장했다. 또 “혁신적 사업 모델을 약화하고, 성공적인 미국 기업을 불리하게 만들기 위해 고안된 이질적인 법적 기준과 집행 기준을 부과할 것”이라고 덧붙였다. 중국에 비해 미국 기업이 더 많은 규제를 받는다는 주장도 제기됐다. 이들은 “바이트댄스(틱톡)와 알리바바, 테무 같은 중국의 주요 디지털 대기업은 빠지고, 미국 기업은 과도하게 공격당해 중국 공산당의 이익을 강화할 것”이라고 적었다.디지털 무역 관련 규제는 한·미 관세 협상의 쟁점 중 하나다. 구글이 한국 지도 정보를 활용하지 못하는 것과 한국 통신사들이 넷플릭스, 유튜브 등에 망 사용료를 내도록 요구한 것 등이 ‘비관세 장벽’ 사례로 거론되고 있다.워싱턴=이상은 특파원 selee@hankyung.com",https://www.hankyung.com/article/2025070369761,2025.07.03 18:22
,,,https://magazine.hankyung.com/money/article/202507174347c,
'소비쿠폰' 최대 45만원 지급…'스타벅스·배민' 쓸 수 있나 [Q&A],"정부, 민생회복 소비쿠폰 21일부터 지급 
전국민 1인당 15만~45만원 지급 
11월 30일까지 사용·잔액 국고환수
2차는 9월22일 지급…스타벅스 직영점 사용불가","사진=뉴스1

                ""스타벅스 직영점과 애플·배달의민족·쿠팡에서는 사용이 불가능합니다.""정부가 오는 21일부터 모든 국민에게 1인당 15만~45만 원의 ‘민생 회복 소비쿠폰’을 1차 지급하기로 했다. 2차 지급은 소득 선별 절차를 거쳐 오는 9월 22일부터 국민 90%에 10만 원 지급한다.정부는 5일 정부서울청사에서 관계부처 합동 브리핑을 열고 이 같은 내용의 '민생 회복 소비쿠폰 1차 지급계획'을 발표했다. 민생 회복 소비쿠폰의 1차 지급 대상은 전 국민이다. 민생 회복 소비쿠폰 지급 계획 발표 전일인 6월 18일을 기준이다. 국내에 거주하는 대한민국 국민에 지급하는 것을 원칙으로 한다.
                    



소비쿠폰


                소비쿠폰은 두 차례로 나눠 지급한다. 1차 지급일은 오는 21일부터로 전 국민 대상이다. 일반 국민과 소득 상위 10%는 1인당 15만원, 차상위계층은 30만원, 기초생활 수급자는 40만원을 나눠준다. 이와 별도로 비수도권 거주자에게는 1인당 3만원, 인구소멸지역 거주자에게는 5만 원을 각각 더 준다.2차 지급은 오는 9월 22일부터로 건강보험료 기준으로 소득 하위 90%에 10만원을 추가로 지급한다. 최종적으로 소득 상위 10%인 512만 명은 15만원을 받는다. 일반 국민 4296만 명은 25만원, 차상위계층 38만 명은 40만원, 기초생활보장 수급자 271만 명은 50만원을 받는다.가족 단위로 보면 인구소멸지역에 거주하는 기초생활수급 4인 가구는 220만원((50만원+5만원)×4인)을 받는다. 대구, 세종을 비롯한 비수도권에 사는 일반 4인 가족은 112만원((25만원+3만원))×4인), 서울에 사는 일반 4인 가족은 100만원(25만원×4인)을 받을 수 있다.▶ 소비쿠폰 신청은 언제 어떻게 하나? ""7월 21일 오전 9시부터 9월 12일까지 8주 동 온라인·오프라인으로 소비쿠폰을 신청할 수 있다. 신용·체크카드, 선불카드, 지역사랑상품권(지역화폐) 가운데 원하는 수단을 선택해 받을 수 있다.신용·체크카드 지급을 원하는 국민은 자신이 이용하는 카드사 홈페이지나 앱, 콜센터와 ARS 등을 통해 온라인으로 신청할 수 있다. 카드와 연계된 은행영업점을 방문(09:00~16:00)해 신청할 수 있다. 온라인 신청은 신청 기간(7월 21일 오전 9시부터 9월 12일 오후 8시까지) 동안 24시간 신청이 가능하다.온오프라인 모두 신청 첫 주에는 혼잡 및 시스템 과부하를 막기 위해 출생년도 끝자리를 기준으로 요일제가 적용된다. 오프라인의 경우 지역 여건에 따라 요일제 적용이 연장될 수 있다. 예컨대 월요일은 주민등록번호 끝자리가 1, 6 화요일은 2, 7 수요일은 3, 8 목요일은 4, 9 금요일은 5, 0 주말은 모두 신청 가능하다.""▶ 신용 체크 카드를 온라인으로는 어떻게 받나?""카드사는 KB국민카드, NH농협카드, 롯데카드, 삼성카드, 신한카드, 우리카드, 하나카드, 현대카드, BC카드 등 9개 사다. 이들 카드사 외에 케이뱅크, 카카오뱅크, 토스(토스뱅크), 카카오페이 간편결제, 네이버페이 간편결제 앱을 통해서도 신청이 가능하다. 신용·체크카드는 신청한 다음 날 소비쿠폰이 지급되며 기존의 카드포인트와 구별된다. 사용할 수 있는 매장에서 해당 신용·체크카드로 결제할 경우 소비쿠폰 사용이 일반 카드 결제에 우선해 사용된다. 사용 후에는 문자메시지, 앱 알림서비스 등을 통해 소비쿠폰 잔액이 안내된다.모바일 또는 카드형 지역화폐 지급을 희망하는 국민은 주소지 관할지방자치단체의 지역사랑상품권 앱 또는 누리집에서 온라인으로 신청할 수 있다. 신청한 다음 날 지급될 예정이다.""▶ 소비쿠폰을 오프라인으로 받을 수 있나""오프라인은 기준일 당시의 주민등록상 주소지 관할 지방자치단체에서 신청할 수 있다. 종이 지역화폐 또는 선불카드 수령을 원하는 국민은 주소지 관할 읍면동 행정복지센터(또는 주민센터, 읍·면사무소)를 방문하면 소비쿠폰 신청과 수령이 가능하다.동이 불편한 고령자 등 접근성이 낮은 국민의 편의를 위해 해당 지방자치단체에서 직접 방문해 신청을 받고 소비쿠폰을 지급하는‘찾아가는 신청’도 운영한다. 사각지대 관리에 소홀함이 없게 준비할 예정이다.""▶언제까지 받아야 하나. 석 달 뒤에도 받을 수 있나. ""민생 회복 소비쿠폰 1차 신청은 7월 21일부터 약 8주간 진행되어, 9월 12일(금)을 끝으로 신청과 지급이 종료된다. 소비쿠폰을 받고자 하는 국민은 반드시 기간 내에 신청해야 한다. 9월 12일 이후에는 못 받는다.""▶어디서 쓸 수 있나? 백화점과 이마트에서 쓸 수 있나?""신용·체크카드 또는 선불카드로 지급받은 국민은 연 매출액이 30억 이하인 소상공인 사업장에서 민생 회복 소비쿠폰을 사용할 수 있다. 사용이 제한되는 업종은 대표적으로 대형마트, 기업형 슈퍼마켓, 백화점 및 면세점, 온라인 쇼핑몰·배달앱이다. 대형 이마트와 롯데마트, 롯데·신세계백화점은 사용할 수 없다. 유흥주점과 경마장 등 유흥·사행업종, 환금성 업종에도 사용할 수 없다.민생 회복 소비쿠폰은 지역 민생경제 회복에 기여하고 지역 내 소상공인에게 힘이 될 수 있도록 사용 지역을 주소지 관할 지방자치단체로 제한한다. 특별시 또는 광역시 주민은 해당 특별시·광역시에서, 도(道) 지역 주민은 주소에 해당하는 시·군에서 사용할 수 있다.지역화폐로 지급받은 국민은 기존에 구매한 지역화폐와 마찬가지로 주소지 관할 지자체에 소재한 모든 가맹점에서 자유롭게 이용할 수 있다. 관내에 마트, 슈퍼, 편의점 등 유사 업종이 없는 면(面) 지역만, 하나로마트를 상품권 사용처에 포함했다. (약 125개소)""
                    



기재부

▶이케아나 애플 매장, 스타벅스 매장은 사용할 수 있나? ""결론적으로 사용할 수 없다. 마트, 롯데마트, 홈플러스 등 대형마트 이마트 에브리데이, 노브랜드, 롯데슈퍼, 롯데마켓999, 지에스 더 프레시, 킴스클럽, 농심 메가마트, 홈플러스 익스프레스 등 기업형 슈퍼마켓은 안된다. 코스트코, 이마트 트레이더스 등 창고형 매장도 안된다. 백화점 롯데, 현대, 신세계, 갤러리아, AK플라자, NC백화점 등 백화점도 불가능하다.이케아, 샤넬, 애플스토어 대형 외국계 매장도 불가능하다. 스타벅스(직영 100%) 등 직영 형태의 프랜차이즈 매장도 안된다. 하이마트, 전자랜드, 삼성디지털프라자, LG전자 베스트샵, 일렉트로마트 등 가전 매장도 안된다. 일반 유흥주점, 무도 유흥주점도 사용이 불가능하다. 카지노, 복권방, 사행성 오락실,귀금속 판매점도 사용을 막았다. 국세, 지방세, 관세 전기·가스·상하수도 요금으로도 쓸 수 없다. 아파트 관리비 범칙금, 과태료, 벌과금 개인연금, 선불카드 충전액 등으로도 사용할 수 없다. 롯데, 현대, 신세계, 신라, 동화, 제주 등 면세점도 불가능하다. 생명보험, 손해보험, 국민연금, 건강보험 등으로도 사용이 불가능하다.""▶소비쿠폰은 유통기한이 있나? 언제까지 써야 하나?""민생 회복 소비쿠폰은 11월 30일(일)까지 약 4개월 이상 사용할 수 있다. 기간 내에 사용하지 않은 잔액은 국가와 지자체로 환수될 예정이다.""▶2차는 언제 주나""9월 22일부터는 건강보험료 기준으로 소득 하위 90%에게 10만 원을 추가 지급한다. 지급 방식은 1차와 유사하며, 상세 기준은 9월 중 별도 공지 예정이다.""김익환 기자 lovepen@hankyung.com",https://www.hankyung.com/article/202507059781i,2025.07.05 10:55
,,,https://magazine.hankyung.com/business/article/202507134818b,
이자 부담 최소화! 증권사 신용대출 3%대로 바꾸는 절호의 기회,,"전송종목 : 인선이엔티, NHN KCP, LS마린솔루션, KH바텍, HL홀딩스최근 주식 투자자들 사이에서 주식대출(미수/신용융자 등)의 고금리에 대한 부담이 커지고 있다.특히 저금리를 적용 받고 싶어도, 기존 대출을 상환하고 다시 주식을 매수해야 하는 번거로운 절차와 자금 조달의 어려움이 발목을 잡고 있다.이런 현실적인 문제를 해결하고자, 무빙스탁이 ‘증권사 신용, 대환자금대출’ 서비스를 전격 출시했다.이 상품은 주식을 매도하지 않고도, 기존의 고금리의 주식대출(미수/신용융자 등)의 3%대의 혁신적인 저금리 증권사로 전환할 수 있도록 상환자금을 제공하는 것이 핵심이다.무빙스탁 관계자는 “현재 증권사 이벤트 금리는 연 3%대 수준으로, 기존 9~10%대 고금리를 적용받는 투자자라면 절감 효과가 상당하다”며, 금리를 5%만 낮추면 “1억원 신용대출 기준으로 연간 약 500만원, 3억원이라면 1,500만원까지도 절약할 수 있다”고 밝혔다.더 놀라운 점은, 현재는 이벤트 기간으로 대환자금대출 신청시 발생하는 이자 비용까지 ‘0원’이라는 사실이다. 대환자금에 대해서 하루의 대출이자도 부담하지 않고 기존 고금리 대출을 저금리로 전환할 수 있어, 고금리 부담에 시달리던 투자자들에게 큰 호응을 얻을 전망이다.이 서비스는 부동산 시장에서 흔히 이용되던 대환대출 개념을 증권시장에 도입한 혁신적인 시도로, 주식 투자자들의 자금 운용에 새로운 대안을 제시할 것으로 기대된다.무빙스탁 ‘증권사 신용, 대환자금대출’의 비용 무료 이벤트는 이벤트 기간 동안 한정적으로 제공되는 만큼, 신용융자를 이용 중인 투자자라면 지금 바로 확인해볼 필요가 있다.★ 장마감 시간이 가까워질수록 문의가 많아 상담이 지연될 수 있습니다.★ 7월 문의하신 고객들이 많이 보유하신 종목으로는 삼성전자, POSCO홀딩스, 셀트리온, 포스코퓨처엠, 에코프로비엠, NAVER, 에코프로, 삼성SDI, LG화학, SK하이닉스, 두산에너빌리티, 카카오, SK이노베이션, LG에너지솔루션, 엘앤에프, 삼천당제약, 현대차, 알테오젠, HPSP, LG전자 등이 있습니다.★ 안내사항과도한 빚은 당신에게 큰 불행을 안겨줄 수 있습니다. 대출 시 신용등급 하락으로 다른 금융거래가 제약받을 수 있습니다. 중개수수료를 요구하거나 받는 것은 불법입니다.상호명: ㈜단비대부 2021-서울영등포-2102(대부업) | TEL: 1544-4886 | 대출금리: 연 20%이내(연체금리는 약정금리+3%p이내, 최대 연 20%이내) | 단, 2021. 7. 7.부터 신규체결, 갱신, 연장되는 계약에 한함 | 채무의 조기상환 조건 및 부대비용 없음. (단, 신용조회비용 및 담보권설정비용 있음), 이자 외 별도로 중개수수료를 요구하거나 수취하는 것은 불법입니다. | 대표이사: 박동원 | 사업자등록번호: 274-86-00231 | 등록기관명칭: 서울 영등포구청(담당부서: 일자리경제과, 02-2670-3420) | 소재지 : 서울 영등포구 여의대방로67길 11, 5층 517호 | 개인정보관리자메일: help@danbifund.co.kr무료상담",https://www.hankyung.com/article/202507158088a,2025.07.15 08:53
고금리 이자 폭탄 피하는 법! 증권사 대출 3%대로 줄이기,,"전송종목 : 아이비김영, 티앤엘, KCC글라스, 넥스틴, 씨앤씨인터내셔널최근 주식 투자자들 사이에서 주식대출(미수/신용융자 등)의 고금리에 대한 부담이 커지고 있다.특히 저금리를 적용 받고 싶어도, 기존 대출을 상환하고 다시 주식을 매수해야 하는 번거로운 절차와 자금 조달의 어려움이 발목을 잡고 있다.이런 현실적인 문제를 해결하고자, 무빙스탁이 ‘증권사 신용, 대환자금대출’ 서비스를 전격 출시했다.이 상품은 주식을 매도하지 않고도, 기존의 고금리의 주식대출(미수/신용융자 등)의 3%대의 혁신적인 저금리 증권사로 전환할 수 있도록 상환자금을 제공하는 것이 핵심이다.무빙스탁 관계자는 “현재 증권사 이벤트 금리는 연 3%대 수준으로, 기존 9~10%대 고금리를 적용받는 투자자라면 절감 효과가 상당하다”며, 금리를 5%만 낮추면 “1억원 신용대출 기준으로 연간 약 500만원, 3억원이라면 1,500만원까지도 절약할 수 있다”고 밝혔다.더 놀라운 점은, 현재는 이벤트 기간으로 대환자금대출 신청시 발생하는 이자 비용까지 ‘0원’이라는 사실이다. 대환자금에 대해서 하루의 대출이자도 부담하지 않고 기존 고금리 대출을 저금리로 전환할 수 있어, 고금리 부담에 시달리던 투자자들에게 큰 호응을 얻을 전망이다.이 서비스는 부동산 시장에서 흔히 이용되던 대환대출 개념을 증권시장에 도입한 혁신적인 시도로, 주식 투자자들의 자금 운용에 새로운 대안을 제시할 것으로 기대된다.무빙스탁 ‘증권사 신용, 대환자금대출’의 비용 무료 이벤트는 이벤트 기간 동안 한정적으로 제공되는 만큼, 신용융자를 이용 중인 투자자라면 지금 바로 확인해볼 필요가 있다.★ 장마감 시간이 가까워질수록 문의가 많아 상담이 지연될 수 있습니다.★ 7월 문의하신 고객들이 많이 보유하신 종목으로는 삼성전자, POSCO홀딩스, 셀트리온, 포스코퓨처엠, 에코프로비엠, NAVER, 에코프로, 삼성SDI, LG화학, SK하이닉스, 두산에너빌리티, 카카오, SK이노베이션, LG에너지솔루션, 엘앤에프, 삼천당제약, 현대차, 알테오젠, HPSP, LG전자 등이 있습니다.★ 안내사항과도한 빚은 당신에게 큰 불행을 안겨줄 수 있습니다. 대출 시 신용등급 하락으로 다른 금융거래가 제약받을 수 있습니다. 중개수수료를 요구하거나 받는 것은 불법입니다.상호명: ㈜단비대부 2021-서울영등포-2102(대부업) | TEL: 1544-4886 | 대출금리: 연 20%이내(연체금리는 약정금리+3%p이내, 최대 연 20%이내) | 단, 2021. 7. 7.부터 신규체결, 갱신, 연장되는 계약에 한함 | 채무의 조기상환 조건 및 부대비용 없음. (단, 신용조회비용 및 담보권설정비용 있음), 이자 외 별도로 중개수수료를 요구하거나 수취하는 것은 불법입니다. | 대표이사: 박동원 | 사업자등록번호: 274-86-00231 | 등록기관명칭: 서울 영등포구청(담당부서: 일자리경제과, 02-2670-3420) | 소재지 : 서울 영등포구 여의대방로67길 11, 5층 517호 | 개인정보관리자메일: help@danbifund.co.kr무료상담",https://www.hankyung.com/article/202507047520a,2025.07.04 10:28
신용대출 이자 절감 꿀팁! 증권사 3%대 대출 전환법 공개,,"전송종목 : YG PLUS, 삼지전자, 광주신세계, 레드캡투어, 삼표시멘트최근 주식 투자자들 사이에서 주식대출(미수/신용융자 등)의 고금리에 대한 부담이 커지고 있다.특히 저금리를 적용 받고 싶어도, 기존 대출을 상환하고 다시 주식을 매수해야 하는 번거로운 절차와 자금 조달의 어려움이 발목을 잡고 있다.이런 현실적인 문제를 해결하고자, 무빙스탁이 ‘증권사 신용, 대환자금대출’ 서비스를 전격 출시했다.이 상품은 주식을 매도하지 않고도, 기존의 고금리의 주식대출(미수/신용융자 등)의 3%대의 혁신적인 저금리 증권사로 전환할 수 있도록 상환자금을 제공하는 것이 핵심이다.무빙스탁 관계자는 “현재 증권사 이벤트 금리는 연 3%대 수준으로, 기존 9~10%대 고금리를 적용받는 투자자라면 절감 효과가 상당하다”며, 금리를 5%만 낮추면 “1억원 신용대출 기준으로 연간 약 500만원, 3억원이라면 1,500만원까지도 절약할 수 있다”고 밝혔다.더 놀라운 점은, 현재는 이벤트 기간으로 대환자금대출 신청시 발생하는 이자 비용까지 ‘0원’이라는 사실이다. 대환자금에 대해서 하루의 대출이자도 부담하지 않고 기존 고금리 대출을 저금리로 전환할 수 있어, 고금리 부담에 시달리던 투자자들에게 큰 호응을 얻을 전망이다.이 서비스는 부동산 시장에서 흔히 이용되던 대환대출 개념을 증권시장에 도입한 혁신적인 시도로, 주식 투자자들의 자금 운용에 새로운 대안을 제시할 것으로 기대된다.무빙스탁 ‘증권사 신용, 대환자금대출’의 비용 무료 이벤트는 이벤트 기간 동안 한정적으로 제공되는 만큼, 신용융자를 이용 중인 투자자라면 지금 바로 확인해볼 필요가 있다.★ 장마감 시간이 가까워질수록 문의가 많아 상담이 지연될 수 있습니다.★ 7월 문의하신 고객들이 많이 보유하신 종목으로는 삼성전자, POSCO홀딩스, 셀트리온, 포스코퓨처엠, 에코프로비엠, NAVER, 에코프로, 삼성SDI, LG화학, SK하이닉스, 두산에너빌리티, 카카오, SK이노베이션, LG에너지솔루션, 엘앤에프, 삼천당제약, 현대차, 알테오젠, HPSP, LG전자 등이 있습니다.★ 안내사항과도한 빚은 당신에게 큰 불행을 안겨줄 수 있습니다. 대출 시 신용등급 하락으로 다른 금융거래가 제약받을 수 있습니다. 중개수수료를 요구하거나 받는 것은 불법입니다.상호명: ㈜단비대부 2021-서울영등포-2102(대부업) | TEL: 1544-4886 | 대출금리: 연 20%이내(연체금리는 약정금리+3%p이내, 최대 연 20%이내) | 단, 2021. 7. 7.부터 신규체결, 갱신, 연장되는 계약에 한함 | 채무의 조기상환 조건 및 부대비용 없음. (단, 신용조회비용 및 담보권설정비용 있음), 이자 외 별도로 중개수수료를 요구하거나 수취하는 것은 불법입니다. | 대표이사: 박동원 | 사업자등록번호: 274-86-00231 | 등록기관명칭: 서울 영등포구청(담당부서: 일자리경제과, 02-2670-3420) | 소재지 : 서울 영등포구 여의대방로67길 11, 5층 517호 | 개인정보관리자메일: help@danbifund.co.kr무료상담",https://www.hankyung.com/article/202507145598a,2025.07.14 08:43
자기자본 포함 4배 투자금을 DSR 무관으로 신청 당일 즉시?,,"투자자들 사이에서 ‘스탁론’에 대한 관심이 높아지고 있다. 스탁론은 자기자본 포함 최대 4배까지 활용 가능하며 증권사 신용/미수 대환 용도로도 활용 가능해 대표적인 레버리지 수단으로 자리잡은 상태다.그러나 DSR 한도가 스탁론에도 적용된 후 다른 대출, 소득 증빙 문제로 예전처럼 이용하기 어려워졌다. 이와 함께 높아진 금리도 스탁론 이용을 망설이게 만든 원인으로 꼽힌다.그러나 해결책은 있다. 21년 연속 스탁론 업계 1위를 지키고 있는 하이스탁론이 DSR 무관하게 이용할 수 있는 상품은 물론 연 4%대 최저금리로 이용 가능한 상품까지 취급하며 선택의 폭을 넓힌 것이다.




 

◆ 하이스탁론, 연 4%대 업계 최저금리로 추가 투자금은 물론 신용미수 대환까지!<하이스탁론>에서 누구나 부담 없이 스탁론을 경험할 수 있도록 연 4%대 최저금리 상품을 출시했다. 주식매입 용도는 물론 증권사 미수/신용 대환도 가능하며 신용등급 차등 없이 자기자본 포함 최대 4배까지 활용할 수 있다.이와 함께 DSR 한도 때문에 기존 스탁론 이용이 어려웠던 투자자들은 위한 DSR 무관 상품도 취급 중이다. 또한 장중 거래가 어려웠던 투자자를 위한 대체거래소(NXT) 거래도 가능해졌다.<하이스탁론>의 새로운 상품에 대해 자세히 알고 싶은 투자자는 고객상담센터(1599-0313)로 연락하면 대출 여부와 상관없이 24시간 언제든 전문상담원과 편리한 상담이 가능하다.○ 연 4%대 업계 최저금리 상품 출시○ 대체거래소(NXT) 거래 가능!○ 21년 연속 시장 점유율 1위, 16년 연속 대한민국퍼스트브랜드 대상○ 증권사 신용/미수 실시간 상환, 한종목 100% 집중 투자○ 믿을 수 있는 상담품질보증제※하이스탁론상담센터 : 1599-0313바로가기:https://www.hisl.co.kr/0313◆ 현 시각 관심종목 Top 10 : 삼성전자, NAVER, 한국전력, LG씨엔에스, 한국가스공사, 한화시스템, 에르코스, 더즌, 파세코, JB금융지주무료상담",https://www.hankyung.com/article/202507096973a,2025.07.10 09:30
,,,https://magazine.hankyung.com/business/article/202507187260b,
합리적 투자 필수! 증권사 신용대출 3%대 전환으로 이자 절감,,"전송종목 : 디어유, 로킷헬스케어, 리파인, 필에너지, 제닉스최근 주식 투자자들 사이에서 주식대출(미수/신용융자 등)의 고금리에 대한 부담이 커지고 있다.특히 저금리를 적용 받고 싶어도, 기존 대출을 상환하고 다시 주식을 매수해야 하는 번거로운 절차와 자금 조달의 어려움이 발목을 잡고 있다.이런 현실적인 문제를 해결하고자, 무빙스탁이 ‘증권사 신용, 대환자금대출’ 서비스를 전격 출시했다.이 상품은 주식을 매도하지 않고도, 기존의 고금리의 주식대출(미수/신용융자 등)의 3%대의 혁신적인 저금리 증권사로 전환할 수 있도록 상환자금을 제공하는 것이 핵심이다.무빙스탁 관계자는 “현재 증권사 이벤트 금리는 연 3%대 수준으로, 기존 9~10%대 고금리를 적용받는 투자자라면 절감 효과가 상당하다”며, 금리를 5%만 낮추면 “1억원 신용대출 기준으로 연간 약 500만원, 3억원이라면 1,500만원까지도 절약할 수 있다”고 밝혔다.더 놀라운 점은, 현재는 이벤트 기간으로 대환자금대출 신청시 발생하는 이자 비용까지 ‘0원’이라는 사실이다. 대환자금에 대해서 하루의 대출이자도 부담하지 않고 기존 고금리 대출을 저금리로 전환할 수 있어, 고금리 부담에 시달리던 투자자들에게 큰 호응을 얻을 전망이다.이 서비스는 부동산 시장에서 흔히 이용되던 대환대출 개념을 증권시장에 도입한 혁신적인 시도로, 주식 투자자들의 자금 운용에 새로운 대안을 제시할 것으로 기대된다.무빙스탁 ‘증권사 신용, 대환자금대출’의 비용 무료 이벤트는 이벤트 기간 동안 한정적으로 제공되는 만큼, 신용융자를 이용 중인 투자자라면 지금 바로 확인해볼 필요가 있다.★ 장마감 시간이 가까워질수록 문의가 많아 상담이 지연될 수 있습니다.★ 7월 문의하신 고객들이 많이 보유하신 종목으로는 삼성전자, POSCO홀딩스, 셀트리온, 포스코퓨처엠, 에코프로비엠, NAVER, 에코프로, 삼성SDI, LG화학, SK하이닉스, 두산에너빌리티, 카카오, SK이노베이션, LG에너지솔루션, 엘앤에프, 삼천당제약, 현대차, 알테오젠, HPSP, LG전자 등이 있습니다.★ 안내사항과도한 빚은 당신에게 큰 불행을 안겨줄 수 있습니다. 대출 시 신용등급 하락으로 다른 금융거래가 제약받을 수 있습니다. 중개수수료를 요구하거나 받는 것은 불법입니다.상호명: ㈜단비대부 2021-서울영등포-2102(대부업) | TEL: 1544-4886 | 대출금리: 연 20%이내(연체금리는 약정금리+3%p이내, 최대 연 20%이내) | 단, 2021. 7. 7.부터 신규체결, 갱신, 연장되는 계약에 한함 | 채무의 조기상환 조건 및 부대비용 없음. (단, 신용조회비용 및 담보권설정비용 있음), 이자 외 별도로 중개수수료를 요구하거나 수취하는 것은 불법입니다. | 대표이사: 박동원 | 사업자등록번호: 274-86-00231 | 등록기관명칭: 서울 영등포구청(담당부서: 일자리경제과, 02-2670-3420) | 소재지 : 서울 영등포구 여의대방로67길 11, 5층 517호 | 개인정보관리자메일: help@danbifund.co.kr무료상담",https://www.hankyung.com/article/202507047522a,2025.07.04 13:08
'국민비서'로 소비쿠폰 안내 받는다,"14일부터 사전알림서비스 신청
19일부터 지급액 등 정보 제공","행정안전부가 민생회복 소비쿠폰 신청을 앞두고 ‘국민비서’를 통해 지급금액과 신청 방법 등을 사전 안내하는 서비스를 14일부터 시작한다고 13일 밝혔다.소비쿠폰 안내 알림 서비스를 받으려면 카카오톡 네이버 토스 등 17개 모바일 앱 또는 국민비서 홈페이지를 통해 국민비서에 가입하고 소비 쿠폰 안내 서비스를 선택해야 한다. 서비스를 신청하면 국민비서는 19일부터 소비쿠폰 사용 종료 시까지 시기와 대상에 맞춰 지급 금액, 신청 기간·방법, 사용 기한, 이의 신청에 따른 변경 금액과 대상자 정보 등을 맞춤형으로 제공한다.국민비서로 안내받았다고 해서 자동으로 소비쿠폰 신청까지 완료된 것은 아니다. 소비쿠폰을 받기 위해서는 안내받은 카드사 홈페이지나 앱, 카드와 연계된 은행 영업점, 읍·면·동 행정복지센터 등에서 별도로 신청해야 한다.행안부는 국민비서 소비쿠폰 알림 내용에는 인터넷주소(URL) 링크가 포함되지 않는 만큼 국민비서 알림을 가장한 홈페이지 바로가기나 QR코드를 통한 앱 설치 등을 유도하는 스미싱 피해가 없도록 주의해야 한다고 당부했다.민생회복 1차 소비쿠폰은 이달 21일부터 9월 12일까지 전 국민에게 1인당 15만~45만원 지급된다. 상위 10%를 제외한 국민 90%에게 10만원을 추가 지급하는 2차 신청 기간은 9월 22일부터 10월 31일까지다.권용훈 기자 fact@hankyung.com",https://www.hankyung.com/article/2025071352411,2025.07.13 18:10
고금리 이자 폭탄 피하는 법! 증권사 대출 3%대로 줄이기,,"전송종목 : 이오테크닉스, 하나투어, 키움증권, 에스엠, 한화오션최근 주식 투자자들 사이에서 주식대출(미수/신용융자 등)의 고금리에 대한 부담이 커지고 있다.특히 저금리를 적용 받고 싶어도, 기존 대출을 상환하고 다시 주식을 매수해야 하는 번거로운 절차와 자금 조달의 어려움이 발목을 잡고 있다.이런 현실적인 문제를 해결하고자, 무빙스탁이 ‘증권사 신용, 대환자금대출’ 서비스를 전격 출시했다.이 상품은 주식을 매도하지 않고도, 기존의 고금리의 주식대출(미수/신용융자 등)의 3%대의 혁신적인 저금리 증권사로 전환할 수 있도록 상환자금을 제공하는 것이 핵심이다.무빙스탁 관계자는 “현재 증권사 이벤트 금리는 연 3%대 수준으로, 기존 9~10%대 고금리를 적용받는 투자자라면 절감 효과가 상당하다”며, 금리를 5%만 낮추면 “1억원 신용대출 기준으로 연간 약 500만원, 3억원이라면 1,500만원까지도 절약할 수 있다”고 밝혔다.더 놀라운 점은, 현재는 이벤트 기간으로 대환자금대출 신청시 발생하는 이자 비용까지 ‘0원’이라는 사실이다. 대환자금에 대해서 하루의 대출이자도 부담하지 않고 기존 고금리 대출을 저금리로 전환할 수 있어, 고금리 부담에 시달리던 투자자들에게 큰 호응을 얻을 전망이다.이 서비스는 부동산 시장에서 흔히 이용되던 대환대출 개념을 증권시장에 도입한 혁신적인 시도로, 주식 투자자들의 자금 운용에 새로운 대안을 제시할 것으로 기대된다.무빙스탁 ‘증권사 신용, 대환자금대출’의 비용 무료 이벤트는 이벤트 기간 동안 한정적으로 제공되는 만큼, 신용융자를 이용 중인 투자자라면 지금 바로 확인해볼 필요가 있다.★ 장마감 시간이 가까워질수록 문의가 많아 상담이 지연될 수 있습니다.★ 7월 문의하신 고객들이 많이 보유하신 종목으로는 삼성전자, POSCO홀딩스, 셀트리온, 포스코퓨처엠, 에코프로비엠, NAVER, 에코프로, 삼성SDI, LG화학, SK하이닉스, 두산에너빌리티, 카카오, SK이노베이션, LG에너지솔루션, 엘앤에프, 삼천당제약, 현대차, 알테오젠, HPSP, LG전자 등이 있습니다.★ 안내사항과도한 빚은 당신에게 큰 불행을 안겨줄 수 있습니다. 대출 시 신용등급 하락으로 다른 금융거래가 제약받을 수 있습니다. 중개수수료를 요구하거나 받는 것은 불법입니다.상호명: ㈜단비대부 2021-서울영등포-2102(대부업) | TEL: 1544-4886 | 대출금리: 연 20%이내(연체금리는 약정금리+3%p이내, 최대 연 20%이내) | 단, 2021. 7. 7.부터 신규체결, 갱신, 연장되는 계약에 한함 | 채무의 조기상환 조건 및 부대비용 없음. (단, 신용조회비용 및 담보권설정비용 있음), 이자 외 별도로 중개수수료를 요구하거나 수취하는 것은 불법입니다. | 대표이사: 박동원 | 사업자등록번호: 274-86-00231 | 등록기관명칭: 서울 영등포구청(담당부서: 일자리경제과, 02-2670-3420) | 소재지 : 서울 영등포구 여의대방로67길 11, 5층 517호 | 개인정보관리자메일: help@danbifund.co.kr무료상담",https://www.hankyung.com/article/202507083734a,2025.07.08 09:43
"이자 부담은 최소로, 투자 효율은 최대로! 신용대출 3%대 활용법",,"전송종목 : SNT다이내믹스, KG모빌리티, 포스코퓨처엠, 롯데정밀화학, 현대제철최근 주식 투자자들 사이에서 주식대출(미수/신용융자 등)의 고금리에 대한 부담이 커지고 있다.특히 저금리를 적용 받고 싶어도, 기존 대출을 상환하고 다시 주식을 매수해야 하는 번거로운 절차와 자금 조달의 어려움이 발목을 잡고 있다.이런 현실적인 문제를 해결하고자, 무빙스탁이 ‘증권사 신용, 대환자금대출’ 서비스를 전격 출시했다.이 상품은 주식을 매도하지 않고도, 기존의 고금리의 주식대출(미수/신용융자 등)의 3%대의 혁신적인 저금리 증권사로 전환할 수 있도록 상환자금을 제공하는 것이 핵심이다.무빙스탁 관계자는 “현재 증권사 이벤트 금리는 연 3%대 수준으로, 기존 9~10%대 고금리를 적용받는 투자자라면 절감 효과가 상당하다”며, 금리를 5%만 낮추면 “1억원 신용대출 기준으로 연간 약 500만원, 3억원이라면 1,500만원까지도 절약할 수 있다”고 밝혔다.더 놀라운 점은, 현재는 이벤트 기간으로 대환자금대출 신청시 발생하는 이자 비용까지 ‘0원’이라는 사실이다. 대환자금에 대해서 하루의 대출이자도 부담하지 않고 기존 고금리 대출을 저금리로 전환할 수 있어, 고금리 부담에 시달리던 투자자들에게 큰 호응을 얻을 전망이다.이 서비스는 부동산 시장에서 흔히 이용되던 대환대출 개념을 증권시장에 도입한 혁신적인 시도로, 주식 투자자들의 자금 운용에 새로운 대안을 제시할 것으로 기대된다.무빙스탁 ‘증권사 신용, 대환자금대출’의 비용 무료 이벤트는 이벤트 기간 동안 한정적으로 제공되는 만큼, 신용융자를 이용 중인 투자자라면 지금 바로 확인해볼 필요가 있다.★ 장마감 시간이 가까워질수록 문의가 많아 상담이 지연될 수 있습니다.★ 7월 문의하신 고객들이 많이 보유하신 종목으로는 삼성전자, POSCO홀딩스, 셀트리온, 포스코퓨처엠, 에코프로비엠, NAVER, 에코프로, 삼성SDI, LG화학, SK하이닉스, 두산에너빌리티, 카카오, SK이노베이션, LG에너지솔루션, 엘앤에프, 삼천당제약, 현대차, 알테오젠, HPSP, LG전자 등이 있습니다.★ 안내사항과도한 빚은 당신에게 큰 불행을 안겨줄 수 있습니다. 대출 시 신용등급 하락으로 다른 금융거래가 제약받을 수 있습니다. 중개수수료를 요구하거나 받는 것은 불법입니다.상호명: ㈜단비대부 2021-서울영등포-2102(대부업) | TEL: 1544-4886 | 대출금리: 연 20%이내(연체금리는 약정금리+3%p이내, 최대 연 20%이내) | 단, 2021. 7. 7.부터 신규체결, 갱신, 연장되는 계약에 한함 | 채무의 조기상환 조건 및 부대비용 없음. (단, 신용조회비용 및 담보권설정비용 있음), 이자 외 별도로 중개수수료를 요구하거나 수취하는 것은 불법입니다. | 대표이사: 박동원 | 사업자등록번호: 274-86-00231 | 등록기관명칭: 서울 영등포구청(담당부서: 일자리경제과, 02-2670-3420) | 소재지 : 서울 영등포구 여의대방로67길 11, 5층 517호 | 개인정보관리자메일: help@danbifund.co.kr무료상담",https://www.hankyung.com/article/202507185999a,2025.07.18 10:48
"주식 매도 없이 신용이자 연 1,500만 원 줄이는 비법",,"전송종목 : 하이텍팜, 톱텍, LX세미콘, 대양전기공업, LX하우시스




 

최근 주식 투자자들 사이에서 주식대출(미수/신용융자 등)의 고금리에 대한 부담이 커지고 있다.특히 저금리를 적용 받고 싶어도, 기존 대출을 상환하고 다시 주식을 매수해야 하는 번거로운 절차와 자금 조달의 어려움이 발목을 잡고 있다.이런 현실적인 문제를 해결하고자, 무빙스탁이 ‘증권사 신용, 대환자금대출’ 서비스를 전격 출시했다.이 상품은 주식을 매도하지 않고도, 기존의 고금리의 주식대출(미수/신용융자 등)의 3%대의 혁신적인 저금리 증권사로 전환할 수 있도록 상환자금을 제공하는 것이 핵심이다.무빙스탁 관계자는 “현재 증권사 이벤트 금리는 연 3%대 수준으로, 기존 9~10%대 고금리를 적용받는 투자자라면 절감 효과가 상당하다”며, 금리를 5%만 낮추면 “1억원 신용대출 기준으로 연간 약 500만원, 3억원이라면 1,500만원까지도 절약할 수 있다”고 밝혔다.더 놀라운 점은, 현재는 이벤트 기간으로 대환자금대출 신청시 발생하는 이자 비용까지 ‘0원’이라는 사실이다. 대환자금에 대해서 하루의 대출이자도 부담하지 않고 기존 고금리 대출을 저금리로 전환할 수 있어, 고금리 부담에 시달리던 투자자들에게 큰 호응을 얻을 전망이다.이 서비스는 부동산 시장에서 흔히 이용되던 대환대출 개념을 증권시장에 도입한 혁신적인 시도로, 주식 투자자들의 자금 운용에 새로운 대안을 제시할 것으로 기대된다.무빙스탁 ‘증권사 신용, 대환자금대출’의 비용 무료 이벤트는 이벤트 기간 동안 한정적으로 제공되는 만큼, 신용융자를 이용 중인 투자자라면 지금 바로 확인해볼 필요가 있다.★ 장마감 시간이 가까워질수록 문의가 많아 상담이 지연될 수 있습니다.★ 7월 문의하신 고객들이 많이 보유하신 종목으로는 삼성전자, POSCO홀딩스, 셀트리온, 포스코퓨처엠, 에코프로비엠, NAVER, 에코프로, 삼성SDI, LG화학, SK하이닉스, 두산에너빌리티, 카카오, SK이노베이션, LG에너지솔루션, 엘앤에프, 삼천당제약, 현대차, 알테오젠, HPSP, LG전자 등이 있습니다.★ 안내사항과도한 빚은 당신에게 큰 불행을 안겨줄 수 있습니다. 대출 시 신용등급 하락으로 다른 금융거래가 제약받을 수 있습니다. 중개수수료를 요구하거나 받는 것은 불법입니다.상호명: ㈜단비대부 2021-서울영등포-2102(대부업) | TEL: 1544-4886 | 대출금리: 연 20%이내(연체금리는 약정금리+3%p이내, 최대 연 20%이내) | 단, 2021. 7. 7.부터 신규체결, 갱신, 연장되는 계약에 한함 | 채무의 조기상환 조건 및 부대비용 없음. (단, 신용조회비용 및 담보권설정비용 있음), 이자 외 별도로 중개수수료를 요구하거나 수취하는 것은 불법입니다. | 대표이사: 박동원 | 사업자등록번호: 274-86-00231 | 등록기관명칭: 서울 영등포구청(담당부서: 일자리경제과, 02-2670-3420) | 소재지 : 서울 영등포구 여의대방로67길 11, 5층 517호 | 개인정보관리자메일: help@danbifund.co.kr무료상담",https://www.hankyung.com/article/202507173369a,2025.07.17 08:43
"'좀비딸' 조정석 ""이보다 잘 어울리는 작품 만날 수 있을까""",,"/사진=NEW

                실제 '딸바보'인 조정석이 영화 '좀비딸'에서 '인생 캐릭터'를 경신했다. 21일 서울 강남구 메가박스 코엑스점에서 영화 '좀비딸'의 언론시사회 및 기자간담회가 열렸다.'좀비딸'에서 조정석은 세상에 마지막으로 남은 좀비딸을 위해 극비 훈련에 나서는 아빠 정환 역을 맡아 애틋한 부성애와 코믹 연기를 펼쳤다.이날 행사에 참석한 조정석은 ""맨 처음 시나리오를 읽을 때부터 영화를 촬영하며 역할에 동화됐다""며 ""유쾌한 부분이 많아 재미있게 찍었지만, 너무 동화된 나머지 감정이 넘쳐흘러서 조절하느라 힘들었다""고 털어놨다.이어 ""양날의 검 같은 작업이었다""며 ""저와 잘 어울리는 영화라는 말이 더할 나위 없이 기쁘고, 감사하다""고 했다.조정석은 ""앞으로 이보다 더 잘 어울리는 작품을 만날 수 있을까 싶다""며 ""정환이란 인물에 빠져드는 동화되는 작품이었다""고 말했다.글로벌 누적 조회수 5억 뷰를 기록한 동명의 네이버웹툰을 원작으로 한 영화 '좀비딸'은 이 세상 마지막 남은 좀비가 된 딸을 지키기 위해 극비 훈련에 돌입한 딸바보 아빠의 코믹 드라마다. 어느 날 갑자기 정체불명의 좀비 바이러스가 세상에 퍼지면서 좀비를 색출하고자 하는 사회적 분위기 속, 좀비가 된 딸 수아(최유리)를 지키려는 아빠 정환(조정석)의 고군분투를 그린다. 오는 30일 개봉.김예랑 한경닷컴 기자 yesrang@hankyung.com",https://www.hankyung.com/article/202507212273H,2025.07.21 16:38
"이자 부담은 최소로, 투자 효율은 최대로! 신용대출 3%대 활용법",,"전송종목 : 한화시스템, 에이피알, 롯데웰푸드, BGF리테일, SK케미칼최근 주식 투자자들 사이에서 주식대출(미수/신용융자 등)의 고금리에 대한 부담이 커지고 있다.특히 저금리를 적용 받고 싶어도, 기존 대출을 상환하고 다시 주식을 매수해야 하는 번거로운 절차와 자금 조달의 어려움이 발목을 잡고 있다.이런 현실적인 문제를 해결하고자, 무빙스탁이 ‘증권사 신용, 대환자금대출’ 서비스를 전격 출시했다.이 상품은 주식을 매도하지 않고도, 기존의 고금리의 주식대출(미수/신용융자 등)의 3%대의 혁신적인 저금리 증권사로 전환할 수 있도록 상환자금을 제공하는 것이 핵심이다.무빙스탁 관계자는 “현재 증권사 이벤트 금리는 연 3%대 수준으로, 기존 9~10%대 고금리를 적용받는 투자자라면 절감 효과가 상당하다”며, 금리를 5%만 낮추면 “1억원 신용대출 기준으로 연간 약 500만원, 3억원이라면 1,500만원까지도 절약할 수 있다”고 밝혔다.더 놀라운 점은, 현재는 이벤트 기간으로 대환자금대출 신청시 발생하는 이자 비용까지 ‘0원’이라는 사실이다. 대환자금에 대해서 하루의 대출이자도 부담하지 않고 기존 고금리 대출을 저금리로 전환할 수 있어, 고금리 부담에 시달리던 투자자들에게 큰 호응을 얻을 전망이다.이 서비스는 부동산 시장에서 흔히 이용되던 대환대출 개념을 증권시장에 도입한 혁신적인 시도로, 주식 투자자들의 자금 운용에 새로운 대안을 제시할 것으로 기대된다.무빙스탁 ‘증권사 신용, 대환자금대출’의 비용 무료 이벤트는 이벤트 기간 동안 한정적으로 제공되는 만큼, 신용융자를 이용 중인 투자자라면 지금 바로 확인해볼 필요가 있다.★ 장마감 시간이 가까워질수록 문의가 많아 상담이 지연될 수 있습니다.★ 7월 문의하신 고객들이 많이 보유하신 종목으로는 삼성전자, POSCO홀딩스, 셀트리온, 포스코퓨처엠, 에코프로비엠, NAVER, 에코프로, 삼성SDI, LG화학, SK하이닉스, 두산에너빌리티, 카카오, SK이노베이션, LG에너지솔루션, 엘앤에프, 삼천당제약, 현대차, 알테오젠, HPSP, LG전자 등이 있습니다.★ 안내사항과도한 빚은 당신에게 큰 불행을 안겨줄 수 있습니다. 대출 시 신용등급 하락으로 다른 금융거래가 제약받을 수 있습니다. 중개수수료를 요구하거나 받는 것은 불법입니다.상호명: ㈜단비대부 2021-서울영등포-2102(대부업) | TEL: 1544-4886 | 대출금리: 연 20%이내(연체금리는 약정금리+3%p이내, 최대 연 20%이내) | 단, 2021. 7. 7.부터 신규체결, 갱신, 연장되는 계약에 한함 | 채무의 조기상환 조건 및 부대비용 없음. (단, 신용조회비용 및 담보권설정비용 있음), 이자 외 별도로 중개수수료를 요구하거나 수취하는 것은 불법입니다. | 대표이사: 박동원 | 사업자등록번호: 274-86-00231 | 등록기관명칭: 서울 영등포구청(담당부서: 일자리경제과, 02-2670-3420) | 소재지 : 서울 영등포구 여의대방로67길 11, 5층 517호 | 개인정보관리자메일: help@danbifund.co.kr무료상담",https://www.hankyung.com/article/202507248232a,2025.07.24 08:33
고금리 이자 폭탄 피하는 법! 증권사 대출 3%대로 줄이기,,"전송종목 : 삼성전기, 한샘, 한올바이오파마, 경동나비엔, HD한국조선해양최근 주식 투자자들 사이에서 주식대출(미수/신용융자 등)의 고금리에 대한 부담이 커지고 있다.특히 저금리를 적용 받고 싶어도, 기존 대출을 상환하고 다시 주식을 매수해야 하는 번거로운 절차와 자금 조달의 어려움이 발목을 잡고 있다.이런 현실적인 문제를 해결하고자, 무빙스탁이 ‘증권사 신용, 대환자금대출’ 서비스를 전격 출시했다.이 상품은 주식을 매도하지 않고도, 기존의 고금리의 주식대출(미수/신용융자 등)의 3%대의 혁신적인 저금리 증권사로 전환할 수 있도록 상환자금을 제공하는 것이 핵심이다.무빙스탁 관계자는 “현재 증권사 이벤트 금리는 연 3%대 수준으로, 기존 9~10%대 고금리를 적용받는 투자자라면 절감 효과가 상당하다”며, 금리를 5%만 낮추면 “1억원 신용대출 기준으로 연간 약 500만원, 3억원이라면 1,500만원까지도 절약할 수 있다”고 밝혔다.더 놀라운 점은, 현재는 이벤트 기간으로 대환자금대출 신청시 발생하는 이자 비용까지 ‘0원’이라는 사실이다. 대환자금에 대해서 하루의 대출이자도 부담하지 않고 기존 고금리 대출을 저금리로 전환할 수 있어, 고금리 부담에 시달리던 투자자들에게 큰 호응을 얻을 전망이다.이 서비스는 부동산 시장에서 흔히 이용되던 대환대출 개념을 증권시장에 도입한 혁신적인 시도로, 주식 투자자들의 자금 운용에 새로운 대안을 제시할 것으로 기대된다.무빙스탁 ‘증권사 신용, 대환자금대출’의 비용 무료 이벤트는 이벤트 기간 동안 한정적으로 제공되는 만큼, 신용융자를 이용 중인 투자자라면 지금 바로 확인해볼 필요가 있다.★ 장마감 시간이 가까워질수록 문의가 많아 상담이 지연될 수 있습니다.★ 7월 문의하신 고객들이 많이 보유하신 종목으로는 삼성전자, POSCO홀딩스, 셀트리온, 포스코퓨처엠, 에코프로비엠, NAVER, 에코프로, 삼성SDI, LG화학, SK하이닉스, 두산에너빌리티, 카카오, SK이노베이션, LG에너지솔루션, 엘앤에프, 삼천당제약, 현대차, 알테오젠, HPSP, LG전자 등이 있습니다.★ 안내사항과도한 빚은 당신에게 큰 불행을 안겨줄 수 있습니다. 대출 시 신용등급 하락으로 다른 금융거래가 제약받을 수 있습니다. 중개수수료를 요구하거나 받는 것은 불법입니다.상호명: ㈜단비대부 2021-서울영등포-2102(대부업) | TEL: 1544-4886 | 대출금리: 연 20%이내(연체금리는 약정금리+3%p이내, 최대 연 20%이내) | 단, 2021. 7. 7.부터 신규체결, 갱신, 연장되는 계약에 한함 | 채무의 조기상환 조건 및 부대비용 없음. (단, 신용조회비용 및 담보권설정비용 있음), 이자 외 별도로 중개수수료를 요구하거나 수취하는 것은 불법입니다. | 대표이사: 박동원 | 사업자등록번호: 274-86-00231 | 등록기관명칭: 서울 영등포구청(담당부서: 일자리경제과, 02-2670-3420) | 소재지 : 서울 영등포구 여의대방로67길 11, 5층 517호 | 개인정보관리자메일: help@danbifund.co.kr무료상담",https://www.hankyung.com/article/202507210590a,2025.07.21 09:43
"'7만전자' 가나…""하이닉스 팔고 삼성전자 사라"" 상황 돌변","상당수 투자자들 '수익' 구간으로
증권가 ""삼전 상승여력이 더 높아""","서울 서초동 삼성전자 사옥/이솔 기자

                삼성전자가 지난해 9월 4일 이후 약 11개월 만에 '7만전자' 회복을 눈앞에 뒀다. 증권가에선 반도체주 투자와 관련해 SK하이닉스를 팔고(쇼트), 삼성전자를 사는(롱) 전략을 구사해볼 필요가 있다는 조언이 나온다. 21일 삼성전자는 유가증권시장에서 700원(1.04%) 오른 6만 7800원에 거래를 마쳤다. 최근 5거래일(7월 15일~21일) 동안 8.48% 상승했다. 삼성전자가 6만 원 후반대에 안착하자 투자자 상당수가 손실에서 벗어나 상승 구간에 진입했다. 네이버페이 '내자산‘ 서비스에 따르면 삼성전자 투자자 26만 5371명의 평균 매수 단가는 6만 7169원으로 집계됐다. 이들의 평균 수익률은 0.94%다.삼성전자는 7월 들어 13.38% 올랐다. 같은 기간 코스피 상승률(4.53%)을 8.85%포인트(p) 웃도는 상승률이다. 외국인들이 이달 들어 삼성전자 2조 701억 원어치 사들이면서 상승세를 견인했다. 삼성전자는 7월 외국인 순매수 1위 종목에 이름을 올렸다.
                    



삼성전자 주가 그래프/구글 캡쳐

                반면 SK하이닉스는 이 기간에 6.68% 하락했다. 골드만삭스가 투자의견을 '매수'에서 '중립'으로 하향 조정한 여파로 지난 17일 하루에만 8.95% 급락하기도 했다. 골드만삭스는 보고서를 통해 ""2026년에 고대역폭메모리(HBM) 가격이 처음으로 하락할 수 있다""며 투자의견 조정 이유를 밝혔다.시장에선 올해 상반기 주가 상승세가 가팔랐던 SK하이닉스보단 삼성전자의 투자 매력도가 높다는 평가가 나온다. SK하이닉스는 상반기에 67.91% 올랐다. 반면 삼성전자 상승률은 12.41%에 그쳤다. 김용구 유안타증권(003470) 연구원은 ""이제는 SK하이닉스를 팔고 삼성전자를 사는 게 맞다""며 ""7월 말과 8월 초를 기점으로 반도체 전술적 대응 초점을 종전 SK하이닉스 매수(롱)·삼성전자 매도(쇼트) 주도에서 삼성전자 롱· SK하이닉스 쇼트 중심으로 바꿔 갈 필요가 있다""고 했다. 박유악 키움증권(039490) 연구원은 삼성전자에 대해 ""3분기 실적 턴어라운드에 대한 기대감 속에서 총 3조 5000억 원 규모의 자사주 매입이 진행될 예정""이라며 ""주가 저점이 점진적으로 높아질 것""이라고 내다봤다.송종현 기자 scream@hankyung.com",https://www.hankyung.com/article/2025072231167,2025.07.22 07:36
모바일 신분증 발급처 확대…신한·하나·우리·기업銀 추가,"행정안전부, 민간사업자 추가 선정","사진=연합뉴스

                내년 7월부터 신한 하나 우리 기업 등 네 개 은행의 앱에서도 모바일 신분증을 발급받아 사용할 수 있게 된다.행정안전부는 13일 2025년 모바일 신분증 민간개방 참여기업으로 신한은행, 우리은행, 중소기업은행, 하나은행을 추가 선정했다고 밝혔다. 네 개 은행의 합류로 앞으로 모바일 신분증은 정부 앱과 10개 민간기업 앱에서 발급·사용할 수있게 된다. 민간기업 중에선 삼성전자가 지난해 3월부터 해당 서비스를 제공 중이며 국민은행, 네이버, 농협은행, 토스, 카카오뱅크가 이달 말부터 서비스를 시작한다.이번에 새 사업자로 선정된 4개 은행은 이달부터 시스템 개발작업을 시작할 예정이다. 이들은 내년 1분기까지 시스템 구축을 마무리하고 2분기까지 적합성 평가를 통과하겠다는 계획이다. 예정대로 절차가 진행되면 내년 7월부터 모바일 신분증 서비스를 시작한다.김진성 기자 jskim1028@hankyung.com",https://www.hankyung.com/article/202507134671i,2025.07.13 10:37
,,,https://magazine.hankyung.com/money/article/202507159270c,
,,,https://magazine.hankyung.com/job-joy/article/202507212915d,
"조정석 ""부성애 성장하던 시기, 절묘하게 나에게 온 '좀비딸'"" [인터뷰+]","'좀비딸'로 7월 말 돌아온 조정석 
""시나리오 매력적, 원작 안보고 연기"" 
""아빠가 되면서 아빠 역할 맡아, 자연스러워""","/사진=NEW

                ""아빠가 된 후 '좀비딸'이 찾아왔을 때, '어떻게 이렇게 절묘하고 희한하게 나에게 왔을까'란 생각을 했어요. 부모로서 마음이 성장하고 있는 시기였거든요. 소재가 좀비이고, 코미디와 감동 코드가 있지만 부성애를 다룬 부분이 제게 크게 와닿았습니다.""극장가에선 '여름 하면 조정석'이라는 말이 나온다. '엑시트', '파일럿'을 통해 7월 말 극장가를 책임졌던 그가 가족 코미디 '좀비딸'로 돌아왔다. 부성애를 중심에 둔 이야기에 조정석 특유의 유쾌함이 만난 작품이다. ""'여름의 남자'라는 수식어 너무 감개무량합니다. 그런 수식어가 배우에게 힘이 되는데요, 저도 모르게 치얼업 되는 느낌이 있습니다. 제가 겨울 태생인데 '여름의 남자'라고 해주셔서 감사해요. 여름에 개봉한 작품들이 다 잘됐네요.""
                    



/사진=NEW

                글로벌 누적 조회수 5억뷰를 기록한 동명의 네이버웹툰을 원작으로 영화 '좀비딸'은 정체불명의 좀비 바이러스가 퍼진 세상에서, 좀비가 된 딸 '수아'를 지키기 위해 고군분투하는 아빠 '정환'의 이야기를 담았다. 필감성 감독은 시나리오 작업 때부터 정환 역에 조정석 배우를 떠올렸다고 한다.가수 거미와 사이에서 6살 딸을 둔 조정석은 작품 속 정환 캐릭터에 깊이 공감하며 출연을 결심했다. 그는 ""시나리오를 보고 너무 재밌었다. 이 역할이 매력 있고, 딱 그 시기에 아빠가 됐기에 더 와닿았다. 이 캐릭터를 잘 할 수 있을 것 같다는 확신이 있었다”고 말했다.'정환' 역은 초긍정 마인드의 맹수 사육사. 그는 감염된 딸을 포기할 수 없어 고향 은봉리에 몰래 격리시키고, 좀비딸 길들이기에 나선다. 원작 웹툰이 있는 만큼 부담도 있었을 터. 하지만 조정석은 ""원작이 있다는 이야기를 들었으나 일부러 촬영할 땐 안 봤다""고 밝혔다.""시나리오 자체가 너무 매력적이었고, 이 간절함을 연기로 승화시키면 자연스럽게 싱크로율이 맞아떨어질 거라 생각했어요. 촬영이 다 끝나고 원작을 봤는데 말투와 캐릭터의 느낌은 내가 구현한 정환과는 다른 느낌이었지만, 그래서 저만의 정환을 연기할 수 있지 않았나 싶습니다. 그런데 엄마 밤순(이정은)을 보고는 '이건 뭐지? 만찢녀(만화 찢고 나온 여자)인데?'라는 생각까지 했어요.""
                    



/사진=NEW

                정환을 만들어 가면서 감정적으로 쉽지 않았던 순간도 있었다. ""시나리오 읽을 땐 좋았는데 막상 촬영 들어가보니 힘들었습니다. 연기하다 감정이 너무 올라와서 스스로 잠깐 중단한 적도 있었죠. 코미디가 군데군데 숨어있는 데다 부성애까지 있는 정환의 캐릭터를 입체적으로 표현하려 노력했습니다.""좀비 모션에 대해서는 ""코미디가 있는 작품이라 흐름에 몸을 맡겼다. 만화 원작 특유의 설정이 재밌었고, 그 재미를 살리려 본능적으로 연기했다""며 웃었다.이번 작품 선택은 자연스러운 흐름 속에 이뤄졌다고도 했다. ""배우 조정석은 계속 나이를 먹어갈 텐데, 자연스럽고 싶다는 마음이 커요. 멜로, 로맨틱 코미디 주인공이었던 사람이 어느 순간 아빠가 되고, 아빠 역할을 맡으면서 '좀비딸'을 만났죠. 자연스러운 흐름 같아요. 그렇다고 코미디만을 고집하는 것도 아닙니다. '약한 영웅'에서 빌런 역할도 했는데, 역할에 대한 욕심은 늘 많습니다. 변신을 도모하려고 코미디를 배척하거나 그러진 않을 것 같습니다. 재밌고 즐거운 작품, 해보고 싶다고 생각하는 역할이 나타나면 그냥 발 벗고 나설 겁니다.""
                    



/사진=NEW

                조정석은 안티 없이 대중에게 사랑받는 배우로도 유명하다. ""제가 분석해 봤을 때 저는 매력을 발산하려고 노력하진 않아요. 그저 솔직하게 열심히 합니다. 사람이 솔직하면 떡이라도 하나 더 주지 않나요. 어떤 분들은 '저렇게까지 망가지냐'고 하더라고요. 그런데 망가지려고 그런 게 아니에요. 그저 모든 순간 열심히 한 거고, 그걸 좋아해 주시는 것 같습니다.""마지막으로 그는 '좀비딸'에 대해 ""관객들이 너무 재밌게 봤으면 좋겠다""며 ""웃음과 감동을 다 잡은 영화라는 반응이 나왔으면 좋겠다""고 바람을 드러냈다.영화 ‘좀비딸’은 오는 7월 30일 개봉 예정이다.김예랑 한경닷컴 기자 yesrang@hankyung.com",https://www.hankyung.com/article/202507248778H,2025.07.24 11:11
,,,https://magazine.hankyung.com/job-joy/article/202507037299d,
고금리 이자 폭탄 피하는 법! 증권사 대출 3%대로 줄이기,,"전송종목 : LG디스플레이, 파라다이스, SK, 강원랜드, NAVER최근 주식 투자자들 사이에서 주식대출(미수/신용융자 등)의 고금리에 대한 부담이 커지고 있다.특히 저금리를 적용 받고 싶어도, 기존 대출을 상환하고 다시 주식을 매수해야 하는 번거로운 절차와 자금 조달의 어려움이 발목을 잡고 있다.이런 현실적인 문제를 해결하고자, 무빙스탁이 ‘증권사 신용, 대환자금대출’ 서비스를 전격 출시했다.이 상품은 주식을 매도하지 않고도, 기존의 고금리의 주식대출(미수/신용융자 등)의 3%대의 혁신적인 저금리 증권사로 전환할 수 있도록 상환자금을 제공하는 것이 핵심이다.무빙스탁 관계자는 “현재 증권사 이벤트 금리는 연 3%대 수준으로, 기존 9~10%대 고금리를 적용받는 투자자라면 절감 효과가 상당하다”며, 금리를 5%만 낮추면 “1억원 신용대출 기준으로 연간 약 500만원, 3억원이라면 1,500만원까지도 절약할 수 있다”고 밝혔다.더 놀라운 점은, 현재는 이벤트 기간으로 대환자금대출 신청시 발생하는 이자 비용까지 ‘0원’이라는 사실이다. 대환자금에 대해서 하루의 대출이자도 부담하지 않고 기존 고금리 대출을 저금리로 전환할 수 있어, 고금리 부담에 시달리던 투자자들에게 큰 호응을 얻을 전망이다.이 서비스는 부동산 시장에서 흔히 이용되던 대환대출 개념을 증권시장에 도입한 혁신적인 시도로, 주식 투자자들의 자금 운용에 새로운 대안을 제시할 것으로 기대된다.무빙스탁 ‘증권사 신용, 대환자금대출’의 비용 무료 이벤트는 이벤트 기간 동안 한정적으로 제공되는 만큼, 신용융자를 이용 중인 투자자라면 지금 바로 확인해볼 필요가 있다.★ 장마감 시간이 가까워질수록 문의가 많아 상담이 지연될 수 있습니다.★ 7월 문의하신 고객들이 많이 보유하신 종목으로는 삼성전자, POSCO홀딩스, 셀트리온, 포스코퓨처엠, 에코프로비엠, NAVER, 에코프로, 삼성SDI, LG화학, SK하이닉스, 두산에너빌리티, 카카오, SK이노베이션, LG에너지솔루션, 엘앤에프, 삼천당제약, 현대차, 알테오젠, HPSP, LG전자 등이 있습니다.★ 안내사항과도한 빚은 당신에게 큰 불행을 안겨줄 수 있습니다. 대출 시 신용등급 하락으로 다른 금융거래가 제약받을 수 있습니다. 중개수수료를 요구하거나 받는 것은 불법입니다.상호명: ㈜단비대부 2021-서울영등포-2102(대부업) | TEL: 1544-4886 | 대출금리: 연 20%이내(연체금리는 약정금리+3%p이내, 최대 연 20%이내) | 단, 2021. 7. 7.부터 신규체결, 갱신, 연장되는 계약에 한함 | 채무의 조기상환 조건 및 부대비용 없음. (단, 신용조회비용 및 담보권설정비용 있음), 이자 외 별도로 중개수수료를 요구하거나 수취하는 것은 불법입니다. | 대표이사: 박동원 | 사업자등록번호: 274-86-00231 | 등록기관명칭: 서울 영등포구청(담당부서: 일자리경제과, 02-2670-3420) | 소재지 : 서울 영등포구 여의대방로67길 11, 5층 517호 | 개인정보관리자메일: help@danbifund.co.kr무료상담",https://www.hankyung.com/article/202507223168a,2025.07.22 09:43
"이자 부담은 최소로, 투자 효율은 최대로! 신용대출 3%대 활용법",,"전송종목 : INVENI, 성우하이텍, KG스틸, 풀무원, DS단석최근 주식 투자자들 사이에서 주식대출(미수/신용융자 등)의 고금리에 대한 부담이 커지고 있다.특히 저금리를 적용 받고 싶어도, 기존 대출을 상환하고 다시 주식을 매수해야 하는 번거로운 절차와 자금 조달의 어려움이 발목을 잡고 있다.이런 현실적인 문제를 해결하고자, 무빙스탁이 ‘증권사 신용, 대환자금대출’ 서비스를 전격 출시했다.이 상품은 주식을 매도하지 않고도, 기존의 고금리의 주식대출(미수/신용융자 등)의 3%대의 혁신적인 저금리 증권사로 전환할 수 있도록 상환자금을 제공하는 것이 핵심이다.무빙스탁 관계자는 “현재 증권사 이벤트 금리는 연 3%대 수준으로, 기존 9~10%대 고금리를 적용받는 투자자라면 절감 효과가 상당하다”며, 금리를 5%만 낮추면 “1억원 신용대출 기준으로 연간 약 500만원, 3억원이라면 1,500만원까지도 절약할 수 있다”고 밝혔다.더 놀라운 점은, 현재는 이벤트 기간으로 대환자금대출 신청시 발생하는 이자 비용까지 ‘0원’이라는 사실이다. 대환자금에 대해서 하루의 대출이자도 부담하지 않고 기존 고금리 대출을 저금리로 전환할 수 있어, 고금리 부담에 시달리던 투자자들에게 큰 호응을 얻을 전망이다.이 서비스는 부동산 시장에서 흔히 이용되던 대환대출 개념을 증권시장에 도입한 혁신적인 시도로, 주식 투자자들의 자금 운용에 새로운 대안을 제시할 것으로 기대된다.무빙스탁 ‘증권사 신용, 대환자금대출’의 비용 무료 이벤트는 이벤트 기간 동안 한정적으로 제공되는 만큼, 신용융자를 이용 중인 투자자라면 지금 바로 확인해볼 필요가 있다.★ 장마감 시간이 가까워질수록 문의가 많아 상담이 지연될 수 있습니다.★ 7월 문의하신 고객들이 많이 보유하신 종목으로는 삼성전자, POSCO홀딩스, 셀트리온, 포스코퓨처엠, 에코프로비엠, NAVER, 에코프로, 삼성SDI, LG화학, SK하이닉스, 두산에너빌리티, 카카오, SK이노베이션, LG에너지솔루션, 엘앤에프, 삼천당제약, 현대차, 알테오젠, HPSP, LG전자 등이 있습니다.★ 안내사항과도한 빚은 당신에게 큰 불행을 안겨줄 수 있습니다. 대출 시 신용등급 하락으로 다른 금융거래가 제약받을 수 있습니다. 중개수수료를 요구하거나 받는 것은 불법입니다.상호명: ㈜단비대부 2021-서울영등포-2102(대부업) | TEL: 1544-4886 | 대출금리: 연 20%이내(연체금리는 약정금리+3%p이내, 최대 연 20%이내) | 단, 2021. 7. 7.부터 신규체결, 갱신, 연장되는 계약에 한함 | 채무의 조기상환 조건 및 부대비용 없음. (단, 신용조회비용 및 담보권설정비용 있음), 이자 외 별도로 중개수수료를 요구하거나 수취하는 것은 불법입니다. | 대표이사: 박동원 | 사업자등록번호: 274-86-00231 | 등록기관명칭: 서울 영등포구청(담당부서: 일자리경제과, 02-2670-3420) | 소재지 : 서울 영등포구 여의대방로67길 11, 5층 517호 | 개인정보관리자메일: help@danbifund.co.kr무료상담",https://www.hankyung.com/article/202507111583a,2025.07.11 08:43
"코스피, 외인·기관 '사자'에 3200선 회복…코스닥은 하락",,"사진=연합뉴스

                코스피지수가 21일 장중 외국인과 기관투자자의 매수세에 힘입어 심리적 저항선인 3200선을 회복했다. 다만 국내 주요 기업의 올 2분기 실적 발표를 앞둔 경계감에 상승폭은 다소 제한적인 모습이다.이날 오전 10시49분 현재 코스피지수는 전 거래일보다 17.68포인트(0.55%) 오른 3205.75를 나타내고 있다. 지수는 이날 0.1% 오름세로 출발 후 상승폭을 소폭 확대해 3200선을 재차 회복했다. 유가증권시장에서 외국인과 기관이 각각 4194억원과 1678억원 매수 우위인 반면 개인은 6121억원 매도 우위다. 외국인은 이날을 포함해 8거래일 연속 순매수 기조를 유지하고 있다.지난 주말 미국 증시는 보합권 혼조로 마감했다. 지난 18일(현지시간) 다우존스30산업지수와 S&P500지수는 각각 0.32%와 0.01% 내렸다. 나스닥종합지수는 0.05% 상승했다.코스피 시가총액 상위 종목은 대체로 상승세다. 삼성전자, SK하이닉스, LG에너지솔루션, 한화에어로스페이스, KB금융, 두산에너빌리티, 셀트리온, 네이버 등이 오르는 반면 삼성바이오로직스, 현대차, 기아 등이 내리고 있다.와이지엔터테인먼트(6.01%)와 자회사인 YG PLUS(12.52%)는 강세를 보이고 있다. 걸그룹 블랙핑크의 신곡 '뛰어'가 글로벌 음원 시장에서 인기몰이를 하고 있다는 소식이 영향을 준 것으로 보인다. 같은 시각 코스닥지수는 전 거래일보다 1.18포인트(0.14%) 내린 819.49를 나타내고 있다. 지수는 이날 0.1% 하락 출발 후 보합권에서 등락을 보이고 있다.코스닥시장에서는 외국인과 기관이 각각 169억원과 180억원 매도 우위인 반면 개인이 352억원 매수 우위다.코스닥 시총 상위 종목 중 알테오젠, HLB, 리가켐바이오, 휴젤, 삼천당제약, 리노공업, 코오롱티슈진 등이 내리는 반면 에코프로비엠, 펩트론, 에코프로, 파마리서치, 레인보우로보틱스, 클래시스 등이 오르고 있다.폰트(글꼴) 개발사 산돌은 보통주 1주에 신주 1주를 배정하는 100% 무상증자를 결정했다는 소식 이후 16%대 급등하고 있다.서울 외환시장에서 원·달러 환율은 전장보다 0.9원 내린 1392.1원으로 개장했다.고정삼 한경닷컴 기자 jsk@hankyung.com",https://www.hankyung.com/article/2025072112906,2025.07.21 11:16
"상장 유지 결정 따른 거래 재개에 ‘숨 고르기’ 끝낸 국일제지, 투자심리 급반등",,"코스닥 상장사 국일제지는 ‘상장 유지’ 판정이 확정된 뒤 거래가 재개된 첫날, 시장의 관심이 집중되며 단숨에 상한가를 기록했다. 이 주가 급등은 기업의 오랜 위기 국면이 마침내 해소된 데 따른 투자 심리의 강한 반응으로 볼 수 있다.국일제지는 2023년 3월 사채 원리금 지급 불이행과 감사의견 ‘계속기업 존속 불확실’로 인해 기업회생절차에 돌입했으며, 거래가 정지된 상태였다. 그러나 올해 회계법인의 감사의견이 ‘적정’으로 변경되며 회생에 필요한 기반이 마련되었고, 지난 7월 18일 한국거래소 기업심사위원회는 최종적으로 상장 유지 결정을 내렸다. 이로써 2년여 만에 금융시장 복귀의 발판을 다졌다.이 같은 긍정적 조치에 시장은 즉각적인 반응을 보였다. 거래 재개 당일 국일제지 주가는 상한가로 직행했으며, 순간적인 수요 집중으로 대규모 거래량이 발생했다. 이는 ‘상장 유지 확정 = 거래 재개’라는 심리적 트리거가 유효하게 작동했다고 평가된다.투자심리 측면에서 이번 주가는 숨 고르기 구간에서 벗어나 회복으로 나아가려는 움직임의 신호탄이라는 해석이 나온다. 실제로 금일 외국인 및 기관의 매수도 포착되며, 시장 참여자들의 시선이 회사의 향후 경영 안정성과 주가 흐름에 몰리고 있다.또한 최대주주인 삼라마이다스는 책임경영 의지를 강화하기 위해 의무보유예수를 선언했다. 거래 재개일로부터 1년간 일부, 3년간 나머지 지분의 매매를 제한함으로써 경영 안정성과 신뢰성을 시장에 직접적으로 어필했다.이러한 일련의 흐름은 단순한 주가 반등을 넘어, 구조적 위기에서 벗어나려는 회사 측의 복구 의지가 반영된 상징적 전환점으로 해석된다. 주가가 상한가로 출발했지만 향후 실적 회복이나 재무 개선 여부 등으로 심리가 순환한다면, 현재의 급등은 초기 반응에 불과할 수 있다. 그러나 분명한 것은, 상장 유지와 거래 재개의 과정이 투자자에게 명확한 모멘텀으로 작용했다는 점이다.삼성전자, SK하이닉스, 두산에너빌리티, 중앙첨단소재, NAVER무료상담",https://www.hankyung.com/article/202507223494a,2025.07.22 09:53
9~10% 주식 관련 대출에서 3%대 대출로 교체,,"전송종목 : 슈프리마, 에스티팜, 클리오, 동방메디컬, 화승엔터프라이즈최근 주식 투자자들 사이에서 주식대출(미수/신용융자 등)의 고금리에 대한 부담이 커지고 있다.특히 저금리를 적용 받고 싶어도, 기존 대출을 상환하고 다시 주식을 매수해야 하는 번거로운 절차와 자금 조달의 어려움이 발목을 잡고 있다.이런 현실적인 문제를 해결하고자, 무빙스탁이 ‘증권사 신용, 대환자금대출’ 서비스를 전격 출시했다.이 상품은 주식을 매도하지 않고도, 기존의 고금리의 주식대출(미수/신용융자 등)의 3%대의 혁신적인 저금리 증권사로 전환할 수 있도록 상환자금을 제공하는 것이 핵심이다.무빙스탁 관계자는 “현재 증권사 이벤트 금리는 연 3%대 수준으로, 기존 9~10%대 고금리를 적용받는 투자자라면 절감 효과가 상당하다”며, 금리를 5%만 낮추면 “1억원 신용대출 기준으로 연간 약 500만원, 3억원이라면 1,500만원까지도 절약할 수 있다”고 밝혔다.더 놀라운 점은, 현재는 이벤트 기간으로 대환자금대출 신청시 발생하는 이자 비용까지 ‘0원’이라는 사실이다. 대환자금에 대해서 하루의 대출이자도 부담하지 않고 기존 고금리 대출을 저금리로 전환할 수 있어, 고금리 부담에 시달리던 투자자들에게 큰 호응을 얻을 전망이다.이 서비스는 부동산 시장에서 흔히 이용되던 대환대출 개념을 증권시장에 도입한 혁신적인 시도로, 주식 투자자들의 자금 운용에 새로운 대안을 제시할 것으로 기대된다.무빙스탁 ‘증권사 신용, 대환자금대출’의 비용 무료 이벤트는 이벤트 기간 동안 한정적으로 제공되는 만큼, 신용융자를 이용 중인 투자자라면 지금 바로 확인해볼 필요가 있다.★ 장마감 시간이 가까워질수록 문의가 많아 상담이 지연될 수 있습니다.★ 7월 문의하신 고객들이 많이 보유하신 종목으로는 삼성전자, POSCO홀딩스, 셀트리온, 포스코퓨처엠, 에코프로비엠, NAVER, 에코프로, 삼성SDI, LG화학, SK하이닉스, 두산에너빌리티, 카카오, SK이노베이션, LG에너지솔루션, 엘앤에프, 삼천당제약, 현대차, 알테오젠, HPSP, LG전자 등이 있습니다.★ 안내사항과도한 빚은 당신에게 큰 불행을 안겨줄 수 있습니다. 대출 시 신용등급 하락으로 다른 금융거래가 제약받을 수 있습니다. 중개수수료를 요구하거나 받는 것은 불법입니다.상호명: ㈜단비대부 2021-서울영등포-2102(대부업) | TEL: 1544-4886 | 대출금리: 연 20%이내(연체금리는 약정금리+3%p이내, 최대 연 20%이내) | 단, 2021. 7. 7.부터 신규체결, 갱신, 연장되는 계약에 한함 | 채무의 조기상환 조건 및 부대비용 없음. (단, 신용조회비용 및 담보권설정비용 있음), 이자 외 별도로 중개수수료를 요구하거나 수취하는 것은 불법입니다. | 대표이사: 박동원 | 사업자등록번호: 274-86-00231 | 등록기관명칭: 서울 영등포구청(담당부서: 일자리경제과, 02-2670-3420) | 소재지 : 서울 영등포구 여의대방로67길 11, 5층 517호 | 개인정보관리자메일: help@danbifund.co.kr무료상담",https://www.hankyung.com/article/202507047509a,2025.07.04 08:33
이자 부담 최소화! 증권사 신용대출 3%대로 바꾸는 절호의 기회,,"전송종목 : 코스맥스, HK이노엔, HL만도, 삼성바이오로직스, LS에코에너지최근 주식 투자자들 사이에서 주식대출(미수/신용융자 등)의 고금리에 대한 부담이 커지고 있다.특히 저금리를 적용 받고 싶어도, 기존 대출을 상환하고 다시 주식을 매수해야 하는 번거로운 절차와 자금 조달의 어려움이 발목을 잡고 있다.이런 현실적인 문제를 해결하고자, 무빙스탁이 ‘증권사 신용, 대환자금대출’ 서비스를 전격 출시했다.이 상품은 주식을 매도하지 않고도, 기존의 고금리의 주식대출(미수/신용융자 등)의 3%대의 혁신적인 저금리 증권사로 전환할 수 있도록 상환자금을 제공하는 것이 핵심이다.무빙스탁 관계자는 “현재 증권사 이벤트 금리는 연 3%대 수준으로, 기존 9~10%대 고금리를 적용받는 투자자라면 절감 효과가 상당하다”며, 금리를 5%만 낮추면 “1억원 신용대출 기준으로 연간 약 500만원, 3억원이라면 1,500만원까지도 절약할 수 있다”고 밝혔다.더 놀라운 점은, 현재는 이벤트 기간으로 대환자금대출 신청시 발생하는 이자 비용까지 ‘0원’이라는 사실이다. 대환자금에 대해서 하루의 대출이자도 부담하지 않고 기존 고금리 대출을 저금리로 전환할 수 있어, 고금리 부담에 시달리던 투자자들에게 큰 호응을 얻을 전망이다.이 서비스는 부동산 시장에서 흔히 이용되던 대환대출 개념을 증권시장에 도입한 혁신적인 시도로, 주식 투자자들의 자금 운용에 새로운 대안을 제시할 것으로 기대된다.무빙스탁 ‘증권사 신용, 대환자금대출’의 비용 무료 이벤트는 이벤트 기간 동안 한정적으로 제공되는 만큼, 신용융자를 이용 중인 투자자라면 지금 바로 확인해볼 필요가 있다.★ 장마감 시간이 가까워질수록 문의가 많아 상담이 지연될 수 있습니다.★ 7월 문의하신 고객들이 많이 보유하신 종목으로는 삼성전자, POSCO홀딩스, 셀트리온, 포스코퓨처엠, 에코프로비엠, NAVER, 에코프로, 삼성SDI, LG화학, SK하이닉스, 두산에너빌리티, 카카오, SK이노베이션, LG에너지솔루션, 엘앤에프, 삼천당제약, 현대차, 알테오젠, HPSP, LG전자 등이 있습니다.★ 안내사항과도한 빚은 당신에게 큰 불행을 안겨줄 수 있습니다. 대출 시 신용등급 하락으로 다른 금융거래가 제약받을 수 있습니다. 중개수수료를 요구하거나 받는 것은 불법입니다.상호명: ㈜단비대부 2021-서울영등포-2102(대부업) | TEL: 1544-4886 | 대출금리: 연 20%이내(연체금리는 약정금리+3%p이내, 최대 연 20%이내) | 단, 2021. 7. 7.부터 신규체결, 갱신, 연장되는 계약에 한함 | 채무의 조기상환 조건 및 부대비용 없음. (단, 신용조회비용 및 담보권설정비용 있음), 이자 외 별도로 중개수수료를 요구하거나 수취하는 것은 불법입니다. | 대표이사: 박동원 | 사업자등록번호: 274-86-00231 | 등록기관명칭: 서울 영등포구청(담당부서: 일자리경제과, 02-2670-3420) | 소재지 : 서울 영등포구 여의대방로67길 11, 5층 517호 | 개인정보관리자메일: help@danbifund.co.kr무료상담",https://www.hankyung.com/article/202507235746a,2025.07.23 13:08
신용대출 이자 절감 꿀팁! 증권사 3%대 대출 전환법 공개,,"전송종목 : SOOP, 멀티캠퍼스, 하나마이크론, 다원시스, 셀트리온제약최근 주식 투자자들 사이에서 주식대출(미수/신용융자 등)의 고금리에 대한 부담이 커지고 있다.특히 저금리를 적용 받고 싶어도, 기존 대출을 상환하고 다시 주식을 매수해야 하는 번거로운 절차와 자금 조달의 어려움이 발목을 잡고 있다.이런 현실적인 문제를 해결하고자, 무빙스탁이 ‘증권사 신용, 대환자금대출’ 서비스를 전격 출시했다.이 상품은 주식을 매도하지 않고도, 기존의 고금리의 주식대출(미수/신용융자 등)의 3%대의 혁신적인 저금리 증권사로 전환할 수 있도록 상환자금을 제공하는 것이 핵심이다.무빙스탁 관계자는 “현재 증권사 이벤트 금리는 연 3%대 수준으로, 기존 9~10%대 고금리를 적용받는 투자자라면 절감 효과가 상당하다”며, 금리를 5%만 낮추면 “1억원 신용대출 기준으로 연간 약 500만원, 3억원이라면 1,500만원까지도 절약할 수 있다”고 밝혔다.더 놀라운 점은, 현재는 이벤트 기간으로 대환자금대출 신청시 발생하는 이자 비용까지 ‘0원’이라는 사실이다. 대환자금에 대해서 하루의 대출이자도 부담하지 않고 기존 고금리 대출을 저금리로 전환할 수 있어, 고금리 부담에 시달리던 투자자들에게 큰 호응을 얻을 전망이다.이 서비스는 부동산 시장에서 흔히 이용되던 대환대출 개념을 증권시장에 도입한 혁신적인 시도로, 주식 투자자들의 자금 운용에 새로운 대안을 제시할 것으로 기대된다.무빙스탁 ‘증권사 신용, 대환자금대출’의 비용 무료 이벤트는 이벤트 기간 동안 한정적으로 제공되는 만큼, 신용융자를 이용 중인 투자자라면 지금 바로 확인해볼 필요가 있다.★ 장마감 시간이 가까워질수록 문의가 많아 상담이 지연될 수 있습니다.★ 7월 문의하신 고객들이 많이 보유하신 종목으로는 삼성전자, POSCO홀딩스, 셀트리온, 포스코퓨처엠, 에코프로비엠, NAVER, 에코프로, 삼성SDI, LG화학, SK하이닉스, 두산에너빌리티, 카카오, SK이노베이션, LG에너지솔루션, 엘앤에프, 삼천당제약, 현대차, 알테오젠, HPSP, LG전자 등이 있습니다.★ 안내사항과도한 빚은 당신에게 큰 불행을 안겨줄 수 있습니다. 대출 시 신용등급 하락으로 다른 금융거래가 제약받을 수 있습니다. 중개수수료를 요구하거나 받는 것은 불법입니다.상호명: ㈜단비대부 2021-서울영등포-2102(대부업) | TEL: 1544-4886 | 대출금리: 연 20%이내(연체금리는 약정금리+3%p이내, 최대 연 20%이내) | 단, 2021. 7. 7.부터 신규체결, 갱신, 연장되는 계약에 한함 | 채무의 조기상환 조건 및 부대비용 없음. (단, 신용조회비용 및 담보권설정비용 있음), 이자 외 별도로 중개수수료를 요구하거나 수취하는 것은 불법입니다. | 대표이사: 박동원 | 사업자등록번호: 274-86-00231 | 등록기관명칭: 서울 영등포구청(담당부서: 일자리경제과, 02-2670-3420) | 소재지 : 서울 영등포구 여의대방로67길 11, 5층 517호 | 개인정보관리자메일: help@danbifund.co.kr무료상담",https://www.hankyung.com/article/202507158093a,2025.07.15 09:43
"""검색하면 우리 상품 먼저""…꼼수 부리던 판매자들 결국","네이버 쇼핑검색 조작 적발
판매자 12곳, 랭크다운 90일
2회 적발 업체 2곳 영구 퇴출
이용정책 개정 5일 뒤 '제재'
""정부기관과 협력, 엄격 대응""","사진은 기사와 관련 없음. 사진=게티이미지뱅크

                네이버가 자사 쇼핑 서비스에서 검색 순위를 상위로 노출시키기 위해 트래픽 어뷰징 행위를 한 판매자들을 적발해 제재 조치를 단행했다. 최근 검색 결과를 조작하는 마케팅 활동을 겨냥해 '업무방해죄'로 고소할 수 있다는 경고 메시지를 던진 이후 제재 조치를 받게 된 판매자들을 공개한 것이다.12일 네이버에 따르면 지난 4~6월 사이 쇼핑검색 트래픽 어뷰징 행위가 적발된 판매자는 총 14곳으로 나타났다. 네이버는 이달 1일 이 같은 결과를 공지하면서 제재 결과도 함께 발표했다. 12곳에 대해선 90일간 쇼핑검색 결과 순위를 낮추는 '랭크다운' 조치가 적용된다. 네이버쇼핑에서 같은 종류의 상품을 하나로 묶어 보여주는 카탈로그 매칭도 이뤄지지 않는다. 카탈로그로 묶이지 않으면 구매자들이 네이버 가격비교 명단에서 해당 상품을 확인하지 못할 수도 있다. 나머지 2곳은 영구 제재 조치가 취해졌다. 네이버쇼핑을 영구적으로 이용할 수 없게 된 것이다. 네이버는 지난 4~6월 동안 2회 이상 트래픽 어뷰징 행위가 적발된 판매자에 대해 영구 제재를 단행했다고 설명했다. 제재를 받게 된 판매자들은 네이버 쇼핑검색에서 자사 상품을 상위에 노출시키기 위해 기계적 수단 등을 활용하는 방식으로 사용자 클릭을 유도했다. 비정상적 클릭(트래픽)을 유발해 검색 결과에 변동을 발생시킨 것이다. 네이버는 2023년 12월 쇼핑검색 랭킹에서 상품 순위를 올리기 위해 '부정 클릭'을 발생시킬 경우 랭크다운 기간을 기본 90일로 확대했다. 또 3회 이상 적발될 때만 영구 제재 조치를 취했던 기준을 '2회 적발'로 확대 적용했다. 네이버는 판매자 제재 결과를 공개하기 5일 전인 지난달 26일 일부 리워드(보상) 애플리케이션(앱)과 광고성 프로그램으로 검색 결과에 변동을 일으키는 행위를 서비스 이용정책상 '금지 행위'로 규정했다. 네이버는 이용정책을 통해 ""서비스 본래의 목적에 반해 검색 결과에 영향을 주거나 줄 위험이 있는 일체의 어뷰징 행위를 엄격히 금지한다""고 명시했다. 이용정책을 위반할 경우 업무방해죄 등으로 판단해 법적 제재를 취할 수 있다는 경고도 담았다. 네이버는 소상공인 등이 검색 순위 조작 등을 둘러싼 일로 피해를 겪는 사례가 끊이지 않자 결국 칼을 빼들었다. 실제 네이버 검색 결과 상위 노출을 조건으로 마케팅 업체에 비용을 지불하다 오히려 역풍을 맞는 피해사례기 적지 않다.한 자영업자는 전문업체를 통해 어뷰징 행위를 하다 블로그 리뷰가 300개 넘게 감소하고 네이버 플레이스 검색 결과에서 10위권 밖으로 밀려나기도 했다. 법원은 이 업체가 피해를 입은 자영업자에게 일부 비용을 환불해줘야 한다고 판결했다. 네이버가 쇼핑검색 트래픽 어뷰징에 대한 제재를 강화한 이유는 공정거래위원회 요청이 있어서다. 네이버는 ""트래픽 어뷰징을 시도하는 단서가 포착될 경우 내부 패널티뿐 아니라 정부기관과 협력해 민·형사 및 행정상 제재가 이어질 수 있도록 엄격히 대응할 예정""이라며 ""판매자는 직접 또는 전문업체를 이용한 어뷰징 행위를 시도하지 않도록 각별히 유의해 주길 바란다""고 경고했다.김대영 한경닷컴 기자 kdy@hankyung.com",https://www.hankyung.com/article/202507112248g,2025.07.12 19:40
배당 분리과세 추진 소식에 금융주 강세...뒤따르는 후속 종목들은?,,"경유레카는 한국경제신문의 디지털 미디어인 한경닷컴에서 개발한 개별 종목에대한인공지능(AI) 알고리즘 업체의 투자 의견을 종합한 'AI 컨센서스'를 제공하는 서비스입니다. '한경유레카' 앱은 구글 플레이 스토어 혹은 앱스토어에서 내려받을 수 있습니다.





최근 배당소득을 분리과세 대상으로 규정하는 내용이 국회 상법 개정안에 포함되면서 장기배당주에 대한 관심이 높아지고 있다. 이에 따라 대표 배당주로 꼽히는 금융주들이 일제히 강세를 보였다.종목추천 알고리즘들의 종합 플랫폼인 한경유레카의 입점한 알고리즘 중 하나인 트레이드지니는 당일 배당 분리 과세 수혜주 중 금융주가 아닌 다른 종목을 추천했다.해당 종목은 오전 10시 35분 전일대비 2% 오른 30,900원에 거래되고 있다.트레이드지니는 과매수 구간에 들어와 상승 가능성이 높은 종목을 선별하는 스토케스틱 기법을 기반으로 만든 알고리즘이다. 트레이드지니는 해당종목이 금융주와 더불어 매수구간으로 들어왔다고 판단하여 추천했다.한경유레카 신규회원이라면 트레이드지니를 구독할 경우 1개월 간 무료로 추천종목을 문자로 받아볼 수 있다.본 글은 투자 참고용입니다.키스트론 신영증권 롯데지주 부국증권 NAVER",https://www.hankyung.com/article/202507097048a,2025.07.09 12:42
"2시 大폭등, 이 종목 상한가 10번 가도 매도금지",,"또! 터진다 물량사수 하라!6월초 필자가 종가에 무조건 매수라고 강력하게 외쳤던 에이비온이 점상한가 4방을 터트리며 1주일만에 200%에 가까운 수익을 보여주고 있고, 3월초 혈액앰 CAR-T 테마를 노리고 1만원대에 추천한 온코닉테라퓨틱스가 불과 20여일만에 200%를 가볍게 넘기는 수익을 올려주고 있다. 기민한 움직임을 간파! 조만간 큰 재료가 터질 것이라는 확신에 조용히 사서 묻어 두라고 추천한 것이 그대로 적중한 것이다. 2달새 수익율만 도합 300%다!이뿐 아니다. 지난 5월 200%의 수익을 안겨준 코오롱과 알래스카발 가스관 재료를 입수하고, 다음날 무조건 공략하라고 했던 동양철관[008970]이 600원대에서 출발해서 1900원까지 220%↑ 폭발하는데 불과 한달도 안 걸렸다. 사실 이 동양철관은 100%를 목표로 추천 드린 종목 이었다.또한, 지난 3월 지역상품권 정책 테마가 잠시 시장을 뒤흔들 당시 유라클(200%)와 넥스틸(100%)을 동시에 추천드렸고, 불과 10여일 만에 도합 300%라는 투자 수익을 냈었다. 필자의 추천주 모조리 폭등 하면서 즐거운 비명을 지르고 있는 것이다.그러나 이미 날아간 종목들은 잊어도 좋다. 오늘 추천 드리는 이 종목은 지난번에 1000% 급등주라고 자신있게 제시한 종목을 아깝게 놓친 분들 이라면 절대 그냥 넘겨서는 안될 종목으로, 200%의 유라클은 비교도 안될 초대박 종목이라 하겠다.거두절미하고, 누구도 넘볼 수 없는 진입 장벽과 독보적 기술로, 수십조 일본시장의 폭발적 반응과 세계가 지켜보고 있는 미국/유럽 시장을 선점할 제 1순위 수혜종목으로, 바로 40배의 알테오젠 2020년~2021년 1만원 선에서의 모습과 너무도 판박이라는 것에 흥분을 감출 수가 없다.특히! [최소 10조 가치 신약개발 세계 최초 성공! + 신개념의 암치료제 판매 허가 임박! + 대선복지 편입 가능성 대두] 등 그야말로 급등의 재료들로 둘러싸여 있는 완벽한 종목을! 거대한 자금력으로 수익을 독식하는 세력들이 그냥 눈뜨고 지나치겠는가!현금이 부족하다면, 손실 나고 있는 종목을 팔아서라도 이 종목에 마지막 승부를 걸어야 할 때가 바로 지금 밖에는 없다! 아직도 원금회복을 못한 분들이라면, 이번 만큼은 반드시 매집해 두어야 할 것이다.동양철관 200%↑, 온코닉테라퓨틱스 200↑% 후속주 아래 전화번호로 확인하실 수 있습니다.☏ 060 – 800 – 2220 → 1 번 선택 후 341번 (30초 당 2000원, 부가세 별도)[추천 핵심포인트]– 증시큰손들의 천억원대 매집확인– 정책 수혜주 복지정책의 주요 수혜 영역으로 포함될 가능성↑– 최소 10조 가치 신약개발 세계 최초 성공[관련종목]#다날#NAVER#동방#LG씨엔에스#카카오본 글은 투자 참고용으로 이를 근거로 한 투자 손실에 대해 책임을 지지 않습니다. 해당 홍보용 기사는 (주)한경닷컴과 무관합니다.무료상담",https://www.hankyung.com/article/202507071807a,2025.07.07 10:00
"증권사 신용대출, 3%대 금리로 바꾸는 가장 쉬운 방법",,"전송종목 : M83, 씨케이솔루션, 삼양엔씨켐, 달바글로벌, 엠앤씨솔루션최근 주식 투자자들 사이에서 주식대출(미수/신용융자 등)의 고금리에 대한 부담이 커지고 있다.특히 저금리를 적용 받고 싶어도, 기존 대출을 상환하고 다시 주식을 매수해야 하는 번거로운 절차와 자금 조달의 어려움이 발목을 잡고 있다.이런 현실적인 문제를 해결하고자, 무빙스탁이 ‘증권사 신용, 대환자금대출’ 서비스를 전격 출시했다.이 상품은 주식을 매도하지 않고도, 기존의 고금리의 주식대출(미수/신용융자 등)의 3%대의 혁신적인 저금리 증권사로 전환할 수 있도록 상환자금을 제공하는 것이 핵심이다.무빙스탁 관계자는 “현재 증권사 이벤트 금리는 연 3%대 수준으로, 기존 9~10%대 고금리를 적용받는 투자자라면 절감 효과가 상당하다”며, 금리를 5%만 낮추면 “1억원 신용대출 기준으로 연간 약 500만원, 3억원이라면 1,500만원까지도 절약할 수 있다”고 밝혔다.더 놀라운 점은, 현재는 이벤트 기간으로 대환자금대출 신청시 발생하는 이자 비용까지 ‘0원’이라는 사실이다. 대환자금에 대해서 하루의 대출이자도 부담하지 않고 기존 고금리 대출을 저금리로 전환할 수 있어, 고금리 부담에 시달리던 투자자들에게 큰 호응을 얻을 전망이다.이 서비스는 부동산 시장에서 흔히 이용되던 대환대출 개념을 증권시장에 도입한 혁신적인 시도로, 주식 투자자들의 자금 운용에 새로운 대안을 제시할 것으로 기대된다.무빙스탁 ‘증권사 신용, 대환자금대출’의 비용 무료 이벤트는 이벤트 기간 동안 한정적으로 제공되는 만큼, 신용융자를 이용 중인 투자자라면 지금 바로 확인해볼 필요가 있다.★ 장마감 시간이 가까워질수록 문의가 많아 상담이 지연될 수 있습니다.★ 7월 문의하신 고객들이 많이 보유하신 종목으로는 삼성전자, POSCO홀딩스, 셀트리온, 포스코퓨처엠, 에코프로비엠, NAVER, 에코프로, 삼성SDI, LG화학, SK하이닉스, 두산에너빌리티, 카카오, SK이노베이션, LG에너지솔루션, 엘앤에프, 삼천당제약, 현대차, 알테오젠, HPSP, LG전자 등이 있습니다.★ 안내사항과도한 빚은 당신에게 큰 불행을 안겨줄 수 있습니다. 대출 시 신용등급 하락으로 다른 금융거래가 제약받을 수 있습니다. 중개수수료를 요구하거나 받는 것은 불법입니다.상호명: ㈜단비대부 2021-서울영등포-2102(대부업) | TEL: 1544-4886 | 대출금리: 연 20%이내(연체금리는 약정금리+3%p이내, 최대 연 20%이내) | 단, 2021. 7. 7.부터 신규체결, 갱신, 연장되는 계약에 한함 | 채무의 조기상환 조건 및 부대비용 없음. (단, 신용조회비용 및 담보권설정비용 있음), 이자 외 별도로 중개수수료를 요구하거나 수취하는 것은 불법입니다. | 대표이사: 박동원 | 사업자등록번호: 274-86-00231 | 등록기관명칭: 서울 영등포구청(담당부서: 일자리경제과, 02-2670-3420) | 소재지 : 서울 영등포구 여의대방로67길 11, 5층 517호 | 개인정보관리자메일: help@danbifund.co.kr무료상담",https://www.hankyung.com/article/202507071496a,2025.07.07 08:33
"동양철관, LNG 기대감에 강한 반등세…수급 전환 ‘눈길’",,"애경케미칼이 최근 2차전지 소재 및 API 기대감을 타고 주가가 크게 상승하는 강세 흐름을 보이고 있다. 6월 말 이후 주요 기술적 저점 확인과 함께 외국인·기관의 동반 순매수로 수급 분위기가 우호적으로 전환되며 상승세가 지속되고 있다.배경에는 이차전지 음극 바인더 등 핵심 소재 개발 성과가 있다. 업계에 따르면 애경케미칼은 실리콘계 음극용 바인더 개발에 성공했으며, 이 부문은 연평균 70% 성장 가능성이 높아 향후 실적에 구조적 모멘텀을 제공할 것으로 분석된다.재무적으로는 자사주 처분이 주가에 부담이 될 수 있으나, 현재 보유 비중이 1% 미만으로 실제 영향은 제한적이다. 실제로 스톡옵션 행사 관련 자사주 유통 물량도 소화 가능한 수준이라는 평가가 나온다.수급 측면에서 6월 들어 거래량도 급증해 단순한 단기 반등이 아닌 외국인·기관의 실질적인 베팅이 동반된 상승이라는 점이 주목된다.다만 업황 리스크는 존재한다. 애경케미칼은 아직 석유화학 업황 침체로 인해 지난해 영업이익이 급감했으며, 그룹의 유동성 위기 등 외생 변수가 여전히 남아 있다.전문가들은 “이차전지·API 등 신사업 부문은 중·장기 가치 재평가의 핵심 축이 될 수 있지만, 글로벌 경기 및 석유화학 업황 회복 시점이 불분명해 주가 추세 전환 여부는 추가 수급 확인이 남는다”고 분석했다.삼성중공업, 동양철관, NAVER, 카카오, 싸이닉솔루션무료상담",https://www.hankyung.com/article/202507084118a,2025.07.08 10:43
'페이커 보려면?'…세계 최대 e스포츠 중계 치지직에서만 가능,,"페이커가 속한 리그오브레전드(LoL) 프로팀 T1이 EWC 2024에서 우승 세레머니를 하는 모습. / 사진=EWC 제공.

                네이버의 스트리밍 플랫폼 치지직이 세계 최대 규모 e스포츠 대회인 ‘e스포츠월드컵(EWC)’의 한국어 독점 중계권을 3년간 확보하고, 개막일인 8일부터 생중계를 시작한다고 8일 발표했다. 지난해 ‘리그오브레전드(LoL) 월드 챔피언십’ 전용 채널에서 최대 동시 접속자 40만 명을 기록한 경험을 바탕으로 한층 고도화된 시청 경험을 제공한다는 계획이다.EWC는 ‘e스포츠 월드컵 파운데이션(EWCF)’이 주최하는 세계 최대 규모의 e스포츠 대회로, 올해는 사우디아라비아 리야드에서 7월 8일부터 8월 24일까지 총 48일간 열린다. 치지직은 LoL, 배틀그라운드, 발로란트 등 국내 팬들의 관심이 높은 14개 종목 경기가 실시간으로 중계된다. 총 상금 규모는 7,000만 달러(약 1,000억 원) 이상이며, 24개 게임으로 진행되는 25개 경기 결과를 종합해 가장 높은 포인트를 기록한 팀이 ‘클럽 챔피언’ 타이틀을 차지한다. 국내에서는 T1, 젠지, 한화생명, DRX, 농심 등 최정상급 프로팀들이 출전한다.
                    



네이버 치지직 제공.

                치지직은 전문 중계진을 섭외하고, 인플루언서 ‘미미미누’를 비롯한 인기 스트리머들을 사우디 현장에 파견해 현장의 열기와 분위기를 생생하게 전달할 예정이다. 또한 공식 중계 외에도 스트리머와 함께 채팅하며 경기를 즐길 수 있는 ‘같이보기’ 콘텐츠를 운영하고, 일정 시간 이상 시청 시 보상을 제공하는 ‘드롭스’ 이벤트와 대회 기간 출석 스탬프를 모으면 항공권 등을 포함한 경품에 자동 응모되는 프로모션 등도 진행한다.김정미 네이버 치지직 리더는 “EWC는 지난해 온라인 시청자 5억 명, 방문객 260만 명을 기록한 세계 최대 규모의 e스포츠 대회”라며 “앞으로도 치지직은 스트리머와 시청자가 함께 즐기고 참여할 수 있는 플랫폼으로 콘텐츠 생태계를 확장해 나가겠다”고 말했다.최영총 기자 youngchoi@hankyung.com",https://www.hankyung.com/article/202507084243i,2025.07.08 10:09
"이자 부담은 최소로, 투자 효율은 최대로! 신용대출 3%대 활용법",,"전송종목 : 삼성중공업, HD현대미포, S-Oil, LG이노텍, 롯데케미칼최근 주식 투자자들 사이에서 주식대출(미수/신용융자 등)의 고금리에 대한 부담이 커지고 있다.특히 저금리를 적용 받고 싶어도, 기존 대출을 상환하고 다시 주식을 매수해야 하는 번거로운 절차와 자금 조달의 어려움이 발목을 잡고 있다.이런 현실적인 문제를 해결하고자, 무빙스탁이 ‘증권사 신용, 대환자금대출’ 서비스를 전격 출시했다.이 상품은 주식을 매도하지 않고도, 기존의 고금리의 주식대출(미수/신용융자 등)의 3%대의 혁신적인 저금리 증권사로 전환할 수 있도록 상환자금을 제공하는 것이 핵심이다.무빙스탁 관계자는 “현재 증권사 이벤트 금리는 연 3%대 수준으로, 기존 9~10%대 고금리를 적용받는 투자자라면 절감 효과가 상당하다”며, 금리를 5%만 낮추면 “1억원 신용대출 기준으로 연간 약 500만원, 3억원이라면 1,500만원까지도 절약할 수 있다”고 밝혔다.더 놀라운 점은, 현재는 이벤트 기간으로 대환자금대출 신청시 발생하는 이자 비용까지 ‘0원’이라는 사실이다. 대환자금에 대해서 하루의 대출이자도 부담하지 않고 기존 고금리 대출을 저금리로 전환할 수 있어, 고금리 부담에 시달리던 투자자들에게 큰 호응을 얻을 전망이다.이 서비스는 부동산 시장에서 흔히 이용되던 대환대출 개념을 증권시장에 도입한 혁신적인 시도로, 주식 투자자들의 자금 운용에 새로운 대안을 제시할 것으로 기대된다.무빙스탁 ‘증권사 신용, 대환자금대출’의 비용 무료 이벤트는 이벤트 기간 동안 한정적으로 제공되는 만큼, 신용융자를 이용 중인 투자자라면 지금 바로 확인해볼 필요가 있다.★ 장마감 시간이 가까워질수록 문의가 많아 상담이 지연될 수 있습니다.★ 7월 문의하신 고객들이 많이 보유하신 종목으로는 삼성전자, POSCO홀딩스, 셀트리온, 포스코퓨처엠, 에코프로비엠, NAVER, 에코프로, 삼성SDI, LG화학, SK하이닉스, 두산에너빌리티, 카카오, SK이노베이션, LG에너지솔루션, 엘앤에프, 삼천당제약, 현대차, 알테오젠, HPSP, LG전자 등이 있습니다.★ 안내사항과도한 빚은 당신에게 큰 불행을 안겨줄 수 있습니다. 대출 시 신용등급 하락으로 다른 금융거래가 제약받을 수 있습니다. 중개수수료를 요구하거나 받는 것은 불법입니다.상호명: ㈜단비대부 2021-서울영등포-2102(대부업) | TEL: 1544-4886 | 대출금리: 연 20%이내(연체금리는 약정금리+3%p이내, 최대 연 20%이내) | 단, 2021. 7. 7.부터 신규체결, 갱신, 연장되는 계약에 한함 | 채무의 조기상환 조건 및 부대비용 없음. (단, 신용조회비용 및 담보권설정비용 있음), 이자 외 별도로 중개수수료를 요구하거나 수취하는 것은 불법입니다. | 대표이사: 박동원 | 사업자등록번호: 274-86-00231 | 등록기관명칭: 서울 영등포구청(담당부서: 일자리경제과, 02-2670-3420) | 소재지 : 서울 영등포구 여의대방로67길 11, 5층 517호 | 개인정보관리자메일: help@danbifund.co.kr무료상담",https://www.hankyung.com/article/202507210594a,2025.07.21 10:48
쏘카가 티웨이 제주 항공권 싸게 쏜다!…그런데 숙소까지?,,"쏘카 제공.

                모빌리티 플랫폼 쏘카가 티웨이항공과 함께 제주 노선 항공권을 최대 7％ 할인하는 단독 특가 프로모션을 진행한다고 14일 발표했다. 항공권은 쏘카 앱 또는 네이버 항공권에서 7월 14일부터 20일까지 예약할 수 있으며, 탑승 기간은 일부 제외 기간을 제외한 오는 11월 30일까지다.이번 프로모션은 김포·대구·광주·청주 공항과 제주공항을 오가는 티웨이항공 전 노선에 적용된다. 항공권을 구매한 고객에게는 제주 지역 소노벨 제주·소노캄 제주 등 소노호텔앤리조트 숙박시설 예약 시 사용할 수 있는 5％ 할인 쿠폰도 함께 제공한다. 김포공항 등 공항 인근 쏘카존에서 사용할 수 있는 카셰어링 대여료 60％ 할인 쿠폰도 지급되며, 두 쿠폰의 유효 기간은 12월 31일까지다.쏘카는 앱에서 사용 가능한 크레딧 지급 이벤트도 추가로 연다. 항공권 구매에 더해 소노벨 제주 또는 소노캄 제주 투숙, 제주 지역 쏘카 24시간 이상 이용까지 모두 완료한 회원은 1만 크레딧을 받을 수 있다. 항목별로만 이용해도 5천원·3천원 상당의 크레딧을 받을 수 있으며 자세한 내용은 쏘카 앱에서 확인할 수 있다.쏘카는 올해 1월 국내선 항공권 발권 서비스를 공식 론칭했으며, 항공과 카셰어링 연계 이용자는 론칭 두 달 만에 11배 이상 늘었다고 설명했다. 쏘카 관계자는 “여름철 국내 여행 수요가 몰리는 시기에 맞춰 실질적인 이동·숙박 혜택을 제공하기 위해 이번 단독 프로모션을 마련했다”며 “앞으로도 다양한 이동 수단과 서비스를 유기적으로 연계해 끊김 없는 여행 경험을 확대해 나가겠다”고 말했다.최영총 기자 youngchoi@hankyung.com",https://www.hankyung.com/article/202507146126i,2025.07.14 10:24
합리적 투자 필수! 증권사 신용대출 3%대 전환으로 이자 절감,,"전송종목 : 미래에셋벤처투자, SNT에너지, 월덱스, 에스앤에스텍, 해태제과식품




 

최근 주식 투자자들 사이에서 주식대출(미수/신용융자 등)의 고금리에 대한 부담이 커지고 있다.특히 저금리를 적용 받고 싶어도, 기존 대출을 상환하고 다시 주식을 매수해야 하는 번거로운 절차와 자금 조달의 어려움이 발목을 잡고 있다.이런 현실적인 문제를 해결하고자, 무빙스탁이 ‘증권사 신용, 대환자금대출’ 서비스를 전격 출시했다.이 상품은 주식을 매도하지 않고도, 기존의 고금리의 주식대출(미수/신용융자 등)의 3%대의 혁신적인 저금리 증권사로 전환할 수 있도록 상환자금을 제공하는 것이 핵심이다.무빙스탁 관계자는 “현재 증권사 이벤트 금리는 연 3%대 수준으로, 기존 9~10%대 고금리를 적용받는 투자자라면 절감 효과가 상당하다”며, 금리를 5%만 낮추면 “1억원 신용대출 기준으로 연간 약 500만원, 3억원이라면 1,500만원까지도 절약할 수 있다”고 밝혔다.더 놀라운 점은, 현재는 이벤트 기간으로 대환자금대출 신청시 발생하는 이자 비용까지 ‘0원’이라는 사실이다. 대환자금에 대해서 하루의 대출이자도 부담하지 않고 기존 고금리 대출을 저금리로 전환할 수 있어, 고금리 부담에 시달리던 투자자들에게 큰 호응을 얻을 전망이다.이 서비스는 부동산 시장에서 흔히 이용되던 대환대출 개념을 증권시장에 도입한 혁신적인 시도로, 주식 투자자들의 자금 운용에 새로운 대안을 제시할 것으로 기대된다.무빙스탁 ‘증권사 신용, 대환자금대출’의 비용 무료 이벤트는 이벤트 기간 동안 한정적으로 제공되는 만큼, 신용융자를 이용 중인 투자자라면 지금 바로 확인해볼 필요가 있다.★ 장마감 시간이 가까워질수록 문의가 많아 상담이 지연될 수 있습니다.★ 7월 문의하신 고객들이 많이 보유하신 종목으로는 삼성전자, POSCO홀딩스, 셀트리온, 포스코퓨처엠, 에코프로비엠, NAVER, 에코프로, 삼성SDI, LG화학, SK하이닉스, 두산에너빌리티, 카카오, SK이노베이션, LG에너지솔루션, 엘앤에프, 삼천당제약, 현대차, 알테오젠, HPSP, LG전자 등이 있습니다.★ 안내사항과도한 빚은 당신에게 큰 불행을 안겨줄 수 있습니다. 대출 시 신용등급 하락으로 다른 금융거래가 제약받을 수 있습니다. 중개수수료를 요구하거나 받는 것은 불법입니다.상호명: ㈜단비대부 2021-서울영등포-2102(대부업) | TEL: 1544-4886 | 대출금리: 연 20%이내(연체금리는 약정금리+3%p이내, 최대 연 20%이내) | 단, 2021. 7. 7.부터 신규체결, 갱신, 연장되는 계약에 한함 | 채무의 조기상환 조건 및 부대비용 없음. (단, 신용조회비용 및 담보권설정비용 있음), 이자 외 별도로 중개수수료를 요구하거나 수취하는 것은 불법입니다. | 대표이사: 박동원 | 사업자등록번호: 274-86-00231 | 등록기관명칭: 서울 영등포구청(담당부서: 일자리경제과, 02-2670-3420) | 소재지 : 서울 영등포구 여의대방로67길 11, 5층 517호 | 개인정보관리자메일: help@danbifund.co.kr무료상담",https://www.hankyung.com/article/202507160715a,2025.07.16 13:28
"고객과 함께 지구를 살리는 ‘테라사이클 캠페인’, 2.5년간 성과 눈길","■ 2023년부터 2.5년간 총 312kg 공병 수거 성과 기록

■ 감축한 730kg 이산화탄소… 30년생 소나무 약 110그루가 흡수하는 이산화탄소량과 동일 수치

■ 단순 환경보호 넘어 사회적 약자를 비추며 사회적 가치 실현하는 ESG 활동 전개","더모코스메틱 브랜드 닥터지가 2023년부터 진행해 온 공병 수거 캠페인 ‘테라사이클 캠페인’의 성과를 공개했다.닥터지는 지난 2.5년간 테라사이클과 공병 수거 캠페인을 진행한 결과 총 312kg의 공병을 수거하고, 이를 통해 약 730kg의 이산화탄소를 감축했다고 밝혔다. 닥터지가 절감한 이산화탄소 배출량은 30년생 소나무 약 110그루가 1년간 흡수한 이산화탄소량과 동일한 수준이다.닥터지는 2023년부터 글로벌 재활용 컨설팅 전문기업 테라사이클과 협력해 재활용이 가능함에도 버려지는 플라스틱 공병을 모아 새 자원으로 탄생시키는 공병 수거 캠페인을 전개, 자원 순환과 탄소 저감에 기여해왔다.캠페인 취지에 공감하고 동참하는 고객 수도 꾸준히 늘고 있다. 3개년간 상반기 기준 공병 수거 건수는 2023년 44건에서 2024년 74건, 2025년 88건으로 지속 증가해 2023년 대비 약 2배 증가했다. 캠페인 시작부터 올해 하반기까지 누적 수거될 공병은 약 372kg에 달할 것으로 예측된다.특히, 올해는 단순 자원 재활용을 넘어 기부까지 연계한 ‘비우고 채울 시간 캠페인’을 전개 중이다. 수거된 공병을 업사이클링 제품으로 제작해 오는 11월 4일 ‘점자의 날’을 맞아 시각 장애인에게 기부한다. 참여를 원하는 고객은 닥터지 자사몰 또는 네이버 브랜드 스토어 닥찌 라운지에서 캠페인 참여를 신청하고, 테라사이클 홈페이지에서 공병 수거 신청을 할 수 있다.김효정 고운세상코스메틱 고객경험팀 매니저는 “지난 3개년간 고객의 소중한 참여로 건강한 지구를 위한 여정을 이어 왔음에 감사하다”며 “앞으로도 닥터지는 환경 보호를 넘어 사회적 가치 실현에 앞장서고, 고객과 함께 지속 가능한 사회를 만들기 위해 노력할 것”이라고 전했다.한편, 피부과 전문의 안건영 박사의 피부과학 진정성을 담은 브랜드 ‘닥터지’는 10년간 22배 성장을 기록하고 있는 K더모코스메틱 대표 브랜드로 일본, 미국, 태국 등 북미 및 동남아시아 13개국에서 글로벌 활약상을 그려 나가고 있다. 건강한 피부와 삶을 지향하는 브랜드 철학을 바탕으로 해양 생태계 보호를 위한 리프 세이프(Reef-Safe) 원료 사용과 테라사이클 캠페인, 제품 용기 및 포장재의 친환경 소재 사용 확대 등을 통해 화장품의 전 생애주기(Life Cycle) 전반에 걸친 친환경 경영을 강화하고 있다.",https://www.hankyung.com/article/202507210652P,2025.07.21 08:03
"조선 빅3, 2분기 영업이익 2.7배↑… 고부가 수주 효과 본격화에 비중 확대 의견 유지",,"올해 2분기 국내 조선 3사가 전년 대비 2.7배 증가한 1조3000억 원대의 영업이익을 기록할 것으로 전망된다. 이는 고부가가치 선박 중심의 수주잔고가 본격적으로 실적에 반영되기 시작했기 때문이다.LNG 운반선과 초대형 컨테이너선 등 고선가 선종 중심의 수주, 반복 건조에 따른 생산성 향상, 고정비 부담 완화 등이 실적 개선의 주 요인이다. 일부 발주 둔화 우려에도 불구하고, 이미 확보한 수주잔고를 바탕으로 당분간 안정적인 수익성이 유지될 것으로 보인다.다만 원/달러 환율 하락이 리스크 요인으로 지적되고 있다. 조선업 특성상 달러 매출 비중이 크기 때문에 환율이 더 하락하면 수익성에 부담을 줄 수 있다는 전망이다. 그럼에도 업계 전반은 고부가 중심의 수익 구조와 안정된 수주잔고 덕분에 중단기 실적 개선세가 이어질 것으로 분석된다.한편, 스탁론에 대한 관심이 날로높아지고 있다. 모처럼 잡은 투자기회를 놓치지 않으려는 투자자들이 주식매입을 위해 더 많은 자금을 활용할 수 있는 스탁론으로 눈길을 돌리고 있기 때문이다. 현 주가는 실적을 따라가지 못하고 있는 상황으로, 밸류에이션 리레이팅이 필요한 시기라는 평가도 나오고 있다.




 

◆ 올뉴스탁론, DSR 무관 상품에 연 4%대 최저금리 상품으로 다양한 선택지를!올뉴스탁론에서 투자자들 누구나 부담 없이 스탁론을 경험할 수 있도록 연 4%대 업계 최저금리로 이용 가능한 증권 연계신용 상품을 출시했다. 주식매입은 물론 증권사 미수/신용 대환 모두 가능하며 신용등급 차등 없이 자기 자본 포함 최대 4배까지 활용할 수 있다.이와 함께 DSR 한도 때문에 기존 스탁론 활용이 어려웠던 투자자들을 위한 DSR 무관 상품도 취급 중이다. 또한 장중 거래가 어려웠던 투자자를 위한 대체거래소(NXT) 거래도 가능해졌다.올뉴스탁론에 대해 자세히 알고 싶은 투자자는 고객상담센터(☎1599-8666)로 연락하면 대출 여부와 무관하게 언제든 전문상담원과 편리하게 상담할 수 있다.○ 보유하고 있는 대출액이나 소득 무관하게! (DSR 무관)○ 최대 4배 주식자금 활용 가능! (본인 자금 포함)○ 대체거래소(NXT) 거래 가능!○ 증권 신용/미수 당일 즉시 대환 가능!○ 기존 증권사 신용, 스탁론으로 매수가 어려웠던 종목도 OK!※ 올뉴스탁론 고객상담센터 : 1599-8666바로가기 : https://allnewstockloan.co.kr?agency=HTS◆ 현 시각 관심종목 Top 10 : 삼성전자, NAVER, 한국전력, LG씨엔에스, 한국가스공사, 한화시스템, 에르코스, 더즌, 파세코, JB금융지주무료상담",https://www.hankyung.com/article/202507084329a,2025.07.09 11:00
"한성숙, 23억 상당 네이버 주식 전량 매각키로","""중기장관 취임 시 이해충돌 차단""","한성숙 중소벤처기업부 장관 후보자 /사진=연합뉴스

네이버 대표이사를 지낸 한성숙 중소벤처기업부(중기부) 장관 후보자가 취임 시 23억원 상당의 네이버 주식을 전량 매각하기로 했다.3일 중기부에 따르면 한 후보자는 인사청문회를 거쳐 취임이 확정될 경우 보유 중인 네이버 주식 8934주를 전량 매각하겠다는 뜻을 밝혔다. 주식가액은 약 23억원이다.한 후보자 모친이 보유한 현대차(575주·1억1586만원 상당)와 삼성전자(2589주·1억5016만원 상당) 주식 역시 처분하기로 했다.현행 공직자윤리법은 고위공직자 본인 및 이해관계자가 보유한 주식의 총가액이 3000만원을 초과한 경우 임명일로부터 2개월 이내에 매각하거나 백지신탁해야 한다고 규정하고 있다.한 후보자는 2007년 네이버 전신인 NHN으로 자리를 옮긴 후 네이버 서비스1본부장, 서비스총괄 이사 등을 거쳐 2017년 네이버 최고경영자(CEO)에 올랐다. 이후 2022년까지 5년간 대표이사를 지냈다. 현재 네이버 고문을 맡고 있다.한 후보자가 중기부 장관으로 임명될 경우 직무 관련성이 있는 주식 보유가 이해충돌 논란으로 이어질 수 있는 만큼 그 가능성을 전면 차단하기 위해 네이버 주식 전량 매각을 결정한 것으로 해석된다.한 후보자는 네이버 주식 스톡옵션(254억4000만원)과 성과조건부주식(RSU·4억3996만 원)도 갖고 있다. 다만 스톡옵션은 임직원에게 일정 기간 후 미리 정해진 가격으로 자사 주식을 매입할 수 있는 권리를 부여하는 제도로 권리를 행사할 수 있는 기간이 도래하기 전까지 처분 대상에 포함되지 않는다.한 후보자가 보유한 또 다른 주식인 테슬라(10억3423만원·2166주), 애플(2억4668만원·894주), 팔란티어 테크놀로지스(1억1113만원·580주), 엔비디아(9200만원·466주) 등 해외 상장 주식·상장지수펀드(ETF) 등도 매각 대상이 아니다.주식백지신탁심사위원회 고시에 따르면 외국에 주된 영업소 소재지를 두고 국내시장에 상장되지 않은 외국기업의 주식은 주식백지신탁제도가 적용되지 않는다.노정동 한경닷컴 기자 dong2@hankyung.com",https://www.hankyung.com/article/2025070368246,2025.07.03 17:02
해외 아닌 '토종 기술'…네이버표 상업용 추론모델 무료 공개,"하이퍼클로바X 시드 14B 씽크
상업용 무료 오픈소스로 공개","주요 모델별 학습 비용 비교. 자료=네이버 제공

네이버클라우드가 AI 에이전트 핵심 기술로 주목받는 추론 모델을 연구용이 아닌 상업용으로 이용할 수 있도록 오픈소스로 공개했다.네이버클라우드는 22일 독자 기술을 활용해 '프롬 스크래치'로 개발한 경량화 추론 모델 '하이퍼클로바X 시드 14B 씽크'를 상업용으로 쓸 수 있는 무료 오픈소스로 공개했다고 밝혔다. 상용화된 해외 오픈소스 모델을 개조한 것이 아닌 원천기술로 추론 능력과 경량화 기술을 결합해 개발했다는 설명이다. 하이퍼클로바X 시드 14B 씽크는 지난달 30일 공개된 추론 모델 하이퍼클로바X 씽크를 안정적·비용효율적으로 서비스에 접목할 수 있또록 경량화한 모델이다. 중요도가 낮은 파라미터를 가지치기하면서도 원본 모델이 가진 지식을 최대한 보존하고 이 과정에서 손실이 생긴 큰 모델의 지식을 작은 모델에 전이하는 방식으로 학습 비용을 낮췄다. 네이버클라우드에 따르면 이 모델은 140억개 파라미터 규모의 모델인데도 5억개 파라미터로 구성된 글로벌 오픈소스 모델보다 더 적은 비용(GPU Hours)으로 학습됐다. 같은 크기 글로벌 오픈소스 모델과 비교하면 1회 학습 비용은 약 100분의 1 수준이다. 한국어·한국문화, 코딩·수학 관련 성능을 측정하는 평가에선 같은 크기 또는 상대적으로 큰 규모(320억개) 모델과 유사하거나 높은 평균 점수를 나타냈다. 지난 4월 오픈소스로 공개된 하이퍼클로바X 경량모델 3종은 이달 기준 누적 다운로드 수 100만건을 넘어섰다. 50여개에 이르는 1차 파생모델을 바탕으로 새로운 파생모델이 생산·공유되고 한국거 온디바이스 AI 서비스가 출시되는 등 하이퍼클로바X 오픈소스 생태계가 확장되고 있다는 설명이다. 성낙호 네이버클라우드 하이퍼스케일 AI 기술 총괄은 ""독자적 기술로 생성형 AI 모델을 꾸준히 업그레이드하면서 구축한 고성능 플래그십 모델과 수많은 실험·개선을 통해 설계한 효율적인 학습 전략을 바탕으로 동일 규모에서 비용·성능 등이 더 효과적인 추론모델을 구축할 수 있었다""고 했다. 그러면서 ""해외의 상용 모델을 개조한 기술로 그들의 생태계에 편입되기보다는 토대부터 자체 기술로 구축한 하이퍼클로바X가 한국 AI 생태계의 본격적 성장을 이끌 수 있기를 기대한다""고 말했다.김대영 한경닷컴 기자 kdy@hankyung.com",https://www.hankyung.com/article/202507223914g,2025.07.22 10:45
고금리 OUT! 증권사 신용대출 3%대로 전환하는 방법,,"전송종목 : 대주전자재료, 제우스, 전진건설로봇, 가비아, 동양이엔피최근 주식 투자자들 사이에서 주식대출(미수/신용융자 등)의 고금리에 대한 부담이 커지고 있다.특히 저금리를 적용 받고 싶어도, 기존 대출을 상환하고 다시 주식을 매수해야 하는 번거로운 절차와 자금 조달의 어려움이 발목을 잡고 있다.이런 현실적인 문제를 해결하고자, 무빙스탁이 ‘증권사 신용, 대환자금대출’ 서비스를 전격 출시했다.이 상품은 주식을 매도하지 않고도, 기존의 고금리의 주식대출(미수/신용융자 등)의 3%대의 혁신적인 저금리 증권사로 전환할 수 있도록 상환자금을 제공하는 것이 핵심이다.무빙스탁 관계자는 “현재 증권사 이벤트 금리는 연 3%대 수준으로, 기존 9~10%대 고금리를 적용받는 투자자라면 절감 효과가 상당하다”며, 금리를 5%만 낮추면 “1억원 신용대출 기준으로 연간 약 500만원, 3억원이라면 1,500만원까지도 절약할 수 있다”고 밝혔다.더 놀라운 점은, 현재는 이벤트 기간으로 대환자금대출 신청시 발생하는 이자 비용까지 ‘0원’이라는 사실이다. 대환자금에 대해서 하루의 대출이자도 부담하지 않고 기존 고금리 대출을 저금리로 전환할 수 있어, 고금리 부담에 시달리던 투자자들에게 큰 호응을 얻을 전망이다.이 서비스는 부동산 시장에서 흔히 이용되던 대환대출 개념을 증권시장에 도입한 혁신적인 시도로, 주식 투자자들의 자금 운용에 새로운 대안을 제시할 것으로 기대된다.무빙스탁 ‘증권사 신용, 대환자금대출’의 비용 무료 이벤트는 이벤트 기간 동안 한정적으로 제공되는 만큼, 신용융자를 이용 중인 투자자라면 지금 바로 확인해볼 필요가 있다.★ 장마감 시간이 가까워질수록 문의가 많아 상담이 지연될 수 있습니다.★ 7월 문의하신 고객들이 많이 보유하신 종목으로는 삼성전자, POSCO홀딩스, 셀트리온, 포스코퓨처엠, 에코프로비엠, NAVER, 에코프로, 삼성SDI, LG화학, SK하이닉스, 두산에너빌리티, 카카오, SK이노베이션, LG에너지솔루션, 엘앤에프, 삼천당제약, 현대차, 알테오젠, HPSP, LG전자 등이 있습니다.★ 안내사항과도한 빚은 당신에게 큰 불행을 안겨줄 수 있습니다. 대출 시 신용등급 하락으로 다른 금융거래가 제약받을 수 있습니다. 중개수수료를 요구하거나 받는 것은 불법입니다.상호명: ㈜단비대부 2021-서울영등포-2102(대부업) | TEL: 1544-4886 | 대출금리: 연 20%이내(연체금리는 약정금리+3%p이내, 최대 연 20%이내) | 단, 2021. 7. 7.부터 신규체결, 갱신, 연장되는 계약에 한함 | 채무의 조기상환 조건 및 부대비용 없음. (단, 신용조회비용 및 담보권설정비용 있음), 이자 외 별도로 중개수수료를 요구하거나 수취하는 것은 불법입니다. | 대표이사: 박동원 | 사업자등록번호: 274-86-00231 | 등록기관명칭: 서울 영등포구청(담당부서: 일자리경제과, 02-2670-3420) | 소재지 : 서울 영등포구 여의대방로67길 11, 5층 517호 | 개인정보관리자메일: help@danbifund.co.kr무료상담",https://www.hankyung.com/article/202507158104a,2025.07.15 13:08
"이자 부담은 최소로, 투자 효율은 최대로! 신용대출 3%대 활용법",,"전송종목 : HD현대, HD현대일렉트릭, HD현대건설기계, 오리온, 일진하이솔루스최근 주식 투자자들 사이에서 주식대출(미수/신용융자 등)의 고금리에 대한 부담이 커지고 있다.특히 저금리를 적용 받고 싶어도, 기존 대출을 상환하고 다시 주식을 매수해야 하는 번거로운 절차와 자금 조달의 어려움이 발목을 잡고 있다.이런 현실적인 문제를 해결하고자, 무빙스탁이 ‘증권사 신용, 대환자금대출’ 서비스를 전격 출시했다.이 상품은 주식을 매도하지 않고도, 기존의 고금리의 주식대출(미수/신용융자 등)의 3%대의 혁신적인 저금리 증권사로 전환할 수 있도록 상환자금을 제공하는 것이 핵심이다.무빙스탁 관계자는 “현재 증권사 이벤트 금리는 연 3%대 수준으로, 기존 9~10%대 고금리를 적용받는 투자자라면 절감 효과가 상당하다”며, 금리를 5%만 낮추면 “1억원 신용대출 기준으로 연간 약 500만원, 3억원이라면 1,500만원까지도 절약할 수 있다”고 밝혔다.더 놀라운 점은, 현재는 이벤트 기간으로 대환자금대출 신청시 발생하는 이자 비용까지 ‘0원’이라는 사실이다. 대환자금에 대해서 하루의 대출이자도 부담하지 않고 기존 고금리 대출을 저금리로 전환할 수 있어, 고금리 부담에 시달리던 투자자들에게 큰 호응을 얻을 전망이다.이 서비스는 부동산 시장에서 흔히 이용되던 대환대출 개념을 증권시장에 도입한 혁신적인 시도로, 주식 투자자들의 자금 운용에 새로운 대안을 제시할 것으로 기대된다.무빙스탁 ‘증권사 신용, 대환자금대출’의 비용 무료 이벤트는 이벤트 기간 동안 한정적으로 제공되는 만큼, 신용융자를 이용 중인 투자자라면 지금 바로 확인해볼 필요가 있다.★ 장마감 시간이 가까워질수록 문의가 많아 상담이 지연될 수 있습니다.★ 7월 문의하신 고객들이 많이 보유하신 종목으로는 삼성전자, POSCO홀딩스, 셀트리온, 포스코퓨처엠, 에코프로비엠, NAVER, 에코프로, 삼성SDI, LG화학, SK하이닉스, 두산에너빌리티, 카카오, SK이노베이션, LG에너지솔루션, 엘앤에프, 삼천당제약, 현대차, 알테오젠, HPSP, LG전자 등이 있습니다.★ 안내사항과도한 빚은 당신에게 큰 불행을 안겨줄 수 있습니다. 대출 시 신용등급 하락으로 다른 금융거래가 제약받을 수 있습니다. 중개수수료를 요구하거나 받는 것은 불법입니다.상호명: ㈜단비대부 2021-서울영등포-2102(대부업) | TEL: 1544-4886 | 대출금리: 연 20%이내(연체금리는 약정금리+3%p이내, 최대 연 20%이내) | 단, 2021. 7. 7.부터 신규체결, 갱신, 연장되는 계약에 한함 | 채무의 조기상환 조건 및 부대비용 없음. (단, 신용조회비용 및 담보권설정비용 있음), 이자 외 별도로 중개수수료를 요구하거나 수취하는 것은 불법입니다. | 대표이사: 박동원 | 사업자등록번호: 274-86-00231 | 등록기관명칭: 서울 영등포구청(담당부서: 일자리경제과, 02-2670-3420) | 소재지 : 서울 영등포구 여의대방로67길 11, 5층 517호 | 개인정보관리자메일: help@danbifund.co.kr무료상담",https://www.hankyung.com/article/202507096256a,2025.07.09 08:43
"주식 매도 없이 신용이자 연 1,500만 원 줄이는 비법",,"전송종목 : 동아지질, NICE평가정보, 한글과컴퓨터, 원익홀딩스, 서울보증보험최근 주식 투자자들 사이에서 주식대출(미수/신용융자 등)의 고금리에 대한 부담이 커지고 있다.특히 저금리를 적용 받고 싶어도, 기존 대출을 상환하고 다시 주식을 매수해야 하는 번거로운 절차와 자금 조달의 어려움이 발목을 잡고 있다.이런 현실적인 문제를 해결하고자, 무빙스탁이 ‘증권사 신용, 대환자금대출’ 서비스를 전격 출시했다.이 상품은 주식을 매도하지 않고도, 기존의 고금리의 주식대출(미수/신용융자 등)의 3%대의 혁신적인 저금리 증권사로 전환할 수 있도록 상환자금을 제공하는 것이 핵심이다.무빙스탁 관계자는 “현재 증권사 이벤트 금리는 연 3%대 수준으로, 기존 9~10%대 고금리를 적용받는 투자자라면 절감 효과가 상당하다”며, 금리를 5%만 낮추면 “1억원 신용대출 기준으로 연간 약 500만원, 3억원이라면 1,500만원까지도 절약할 수 있다”고 밝혔다.더 놀라운 점은, 현재는 이벤트 기간으로 대환자금대출 신청시 발생하는 이자 비용까지 ‘0원’이라는 사실이다. 대환자금에 대해서 하루의 대출이자도 부담하지 않고 기존 고금리 대출을 저금리로 전환할 수 있어, 고금리 부담에 시달리던 투자자들에게 큰 호응을 얻을 전망이다.이 서비스는 부동산 시장에서 흔히 이용되던 대환대출 개념을 증권시장에 도입한 혁신적인 시도로, 주식 투자자들의 자금 운용에 새로운 대안을 제시할 것으로 기대된다.무빙스탁 ‘증권사 신용, 대환자금대출’의 비용 무료 이벤트는 이벤트 기간 동안 한정적으로 제공되는 만큼, 신용융자를 이용 중인 투자자라면 지금 바로 확인해볼 필요가 있다.★ 장마감 시간이 가까워질수록 문의가 많아 상담이 지연될 수 있습니다.★ 7월 문의하신 고객들이 많이 보유하신 종목으로는 삼성전자, POSCO홀딩스, 셀트리온, 포스코퓨처엠, 에코프로비엠, NAVER, 에코프로, 삼성SDI, LG화학, SK하이닉스, 두산에너빌리티, 카카오, SK이노베이션, LG에너지솔루션, 엘앤에프, 삼천당제약, 현대차, 알테오젠, HPSP, LG전자 등이 있습니다.★ 안내사항과도한 빚은 당신에게 큰 불행을 안겨줄 수 있습니다. 대출 시 신용등급 하락으로 다른 금융거래가 제약받을 수 있습니다. 중개수수료를 요구하거나 받는 것은 불법입니다.상호명: ㈜단비대부 2021-서울영등포-2102(대부업) | TEL: 1544-4886 | 대출금리: 연 20%이내(연체금리는 약정금리+3%p이내, 최대 연 20%이내) | 단, 2021. 7. 7.부터 신규체결, 갱신, 연장되는 계약에 한함 | 채무의 조기상환 조건 및 부대비용 없음. (단, 신용조회비용 및 담보권설정비용 있음), 이자 외 별도로 중개수수료를 요구하거나 수취하는 것은 불법입니다. | 대표이사: 박동원 | 사업자등록번호: 274-86-00231 | 등록기관명칭: 서울 영등포구청(담당부서: 일자리경제과, 02-2670-3420) | 소재지 : 서울 영등포구 여의대방로67길 11, 5층 517호 | 개인정보관리자메일: help@danbifund.co.kr무료상담",https://www.hankyung.com/article/202507111592a,2025.07.11 10:28
"제테마-강원창조경제혁신센터, 오픈이노베이션 프로그램 참가 기업 모집",,"글로벌 메디컬 에스테틱 전문기업 제테마(216080)는 강원창조경제혁신센터와 ‘바이오에〮스테틱 오픈이노베이션’ 프로그램을 진행한다고 15일 밝혔다.양측은 지난 11일 제테마 글로벌 판교 R&D 센터에서 협약식을 체결하고, 본격적인 프로그램 운영에 나섰다. 협약식에는 남정선 제테마 대표이사, 이해정 강원창조경제혁신센터장 등 주요 관계자들이 참석했다.이번 프로그램은 바이오산업 생태계 활성화와 차세대 혁신 기술 확보를 목표로 한다. 우수한 기술력과 서비스 역량을 보유한 스타트업을 발굴해 협업을 추진하는 데 목적이 있다. 제테마는 원주에 본사를 둔 에스테틱 전문 기업으로, HA필러 ‘e.p.t.q.’와 보툴리눔 톡신 ‘제테마더톡신’ 등을 개발·제조·판매하고 있다. 다양한 아이디어의 접목을 통해 미용 의료 분야에서 공동개발 기회를 적극 모색하고 있다.참가를 희망하는 기업은 8월 6일까지 네이버 폼을 통해 신청할 수 있다. 지역 제한은 없으며, 혁신 기술 및 아이디어를 보유한 창업 10년 이내 기업이면 가능하다.모집 분야는 △에스테틱 소재 및 응용 기술 △코스메슈티컬(Cosmeceutical) △미용 의료기기 기술 △의약품 분석시험 기술 △바이오 에스테틱 분야의 의약품 등이다. 시장 적용이 가능한 기허가 또는 허가 예정 제품, 비임상임상 등 기술 검증이 진행 중이거나 완료된 제품의 경우 우대 사항에 포함된다.참여 기업은 서류 심사 및 1:1 밋업을 통해 최종 선정되며, 양측은 실질적인 협업을 위해 다양한 지원을 제공할 예정이다. 제테마는 선정기업과 함께 △공동 연구 및 기술 이전 △공동 제품 개발 △R&D 상용화 등에 대한 협력 기회를 논의할 계획이다. 강원창조경제혁신센터는 △협업 과제 진행 자금 지원(최대 1000만원) △강원창조경제혁신센터 보육기업 협약 △네이버 클라우드 플랫폼 크레딧(최초 사용 기업 대상 최대 2000만) 등을 지원한다. 최종 협업 대상 스타트업에는 센터 투자 검토, 센터 공유 오피스 이용 등 다양한 후속 지원도 이어질 예정이다.이번 오픈이노베이션 프로그램과 관련해 오는 23일 강원센터에서 ‘2025 강원 오픈이노베이션 커넥트데이’가 열린다. 관심 있는 기업은 설명회에 참석해 수요기업의 오픈이노베이션 사업을 소개받고, 질의응답을 통해 궁금한 사항을 직접 확인할 수 있다. 자세한 내용은 강원창조경제혁신센터 공식 홈페이지를 통해 확인 가능하다.제테마 남정선 대표이사는 “강원센터와의 협력으로 잠재력 있는 스타트업을 발굴할 것”이라며 “우리의 혁신 역량과 합쳐진다면, 미래 바이오 에스테틱의 새로운 길을 열 수 있을 것”이라 말했다.",https://www.hankyung.com/article/202507150102P,2025.07.15 17:16
"한화시스템, 기술 모멘텀 속 소폭 하락…중장기 기대는 유지",,"한화시스템이 최근 이어진 반등 흐름 이후, 11일 증시에서 장 초반 소폭 하락하며 숨 고르기 양상을 보였다. 시장에서는 단기 급등에 따른 차익 실현성 매물이 출회된 것으로 해석하고 있으며, 중장기 성장 모멘텀에 대한 기대는 여전히 유효하다는 분석이 나온다.방산과 ICT 부문에서 안정적인 실적 개선세가 이어지고 있는 가운데, 인공지능 기반의 전투관리체계, 전장플랫폼 등 첨단 방산 기술에 대한 시장의 주목도는 높아지고 있다. 특히 KAIST, SNU, 네이버클라우드와의 협업을 통해 AI 국산화 생태계 구축에 나서고 있는 점은 향후 기술 기반 성장 전략의 핵심으로 꼽힌다.최근 국내 방산업 전시회에서 선보인 AI 기반 차세대 전투 시스템은 업계의 긍정적인 반응을 얻은 바 있으며, 수출 가능성과 함께 관련 사업 확장에 대한 기대도 형성되고 있다. 이에 따라 일부 증권가는 한화시스템의 목표주가를 상향 조정하며, 밸류에이션 매력과 기술 모멘텀을 함께 언급하기도 했다.다만 단기적으로는 전일 대비 주가가 소폭 하락하면서 조정 국면에 진입한 모습이다. 이는 강세 흐름 이후 부담이 쌓인 기술적 매물 소화 과정으로, 뚜렷한 부정적 요인보다는 투자자들의 이익 실현 성격이 강한 것으로 분석된다.증권업계 관계자는 “한화시스템은 단기 조정 국면이지만, 방산·AI 분야에서의 전략적 포지셔닝과 실적 개선 가능성을 고려할 때 중장기적인 시각이 여전히 유효하다”며 “기술 상용화 진척도와 글로벌 수요 확대 여부가 향후 주가 흐름의 열쇠가 될 것”이라고 말했다.이번 조정은 일시적 숨 고르기로 해석되는 가운데, 시장은 여전히 한화시스템의 구조적 성장성에 주목하고 있다.HD현대일렉트릭, 셀트리온, 에코프로머티, 유한양행, LG에너지솔루션무료상담",https://www.hankyung.com/article/202507112045a,2025.07.11 13:53
자사주 의무소각 상법개정...주목해볼만한 종목은?,,"경유레카는 한국경제신문의 디지털 미디어인 한경닷컴에서 개발한 개별 종목에대한인공지능(AI) 알고리즘 업체의 투자 의견을 종합한 'AI 컨센서스'를 제공하는 서비스입니다. '한경유레카' 앱은 구글 플레이 스토어 혹은 앱스토어에서 내려받을 수 있습니다.





종목추천 서비스 종합 플랫폼 한경유레카에 입점한 가치투자클럽이 전거래일(9일) 롯데지주를 추천하여 수익률 14.1%를 기록했다.가치투자클럽은 텔레그램 6만명 회원을 보유하고 있으며 가치주 위주로 종목을 추천하는 서비스이다.가치투자클럽은 롯데지주에 대해 자사주 의무소각 상법개정에 따라 자사주를 32.5% 보유하고 있는만큼 향후 주가 상승이 기대가 되고 PBR이 0.47배로 저평가된 종목이기때문에 주목할만하다고 전했다. 한경유레카에서 신규가입을 하고 가치투자클럽을 구독하면 1개월간 무료로 추천종목을 문자로 받아볼 수 있다.  본 글은 투자 참고용입니다.SK하이닉스 두산퓨얼셀 알테오젠 NAVER 신성델타테크",https://www.hankyung.com/article/202507109039a,2025.07.10 11:42
"""한국이 전세계서 가장 싸다""…'안전 끝판왕' 패밀리카 '돌풍' [신차털기]","볼보자동차 준대형 SUV XC90
전작 대비 확 달라진 UX 눈길
1300대 이미 사전 계약 '돌풍'","""아리아, 볼보 시승 가자.""볼보자동차코리아가 선보인 신형 준대형 스포츠유틸리티차량(SUV) XC90에 탑승한 후 이처럼 명령하니 11.2인치의 세로형 독립 센터 디스플레이가 곧바로 반응했다. 퀄컴 스냅드래곤 콕핏 플랫폼을 기반으로 설계된 사용자 경험(UX)으로 반응이 기존 대비 약 2배 빨라졌다고 했다. 이어 티맵(T MAP)이 켜지면서 기착지인 인천 영종도에 위치한 카페로 주소가 바로 찍혔다. 볼보자동차코리아는 2021년 한국 시장에 300억원을 투자해 인공지능(AI) 기반 통합형 차량 인포테인먼트 시스템을 개발한 바 있다. 자동차 전용 AI 플랫폼 '누구 오토'는 평균 96% 이상의 한국어 인식률을 보인다고 회사 측은 소개했다.
                    



촬영=최수진 기자

                운전하는 내내 가장 편리했던 기능은 AI 기능이었다. 운전 중에 음악을 들었기 때문에 티맵 화면이 디스플레이에서 사라질 때가 많았는데, 이때 ""아리아, 티맵 틀어줘""라고 하면 기존에 입력해뒀던 티맵을 켜줬다. 시선을 전방이 아닌 내비게이션이 있는 오른쪽으로 돌릴 필요 없이, 전방을 주시하면서도 상황을 바꿀 수 있다는 점이 좋았다.이날 접한 볼보의 차세대 사용자 인터페이스(UI)는 전보다 더 개선됐다. 차량에 네이버 웨일 브라우저가 탑재되면서다. 웨일 브라우저를 통해 유튜브 등 온라인동영상서비스(OTT), 멜론 등 음원 시청 및 청취를 자유롭게 이용할 수 있었다. 애플리케이션(앱)이 없어도, 웨일로 다양한 서비스를 사용할 수 있는 점이 인상 깊었다. 덕분에 운전 전 쿠팡 플레이를 보며 차 안에서 대기할 수 있었다. 사운드는 바워스&윌킨스 하이 피델리티 사운드 시스템으로 마치 영화관에 온 듯한 느낌을 받았다.
                    



볼보자동차코리아 XC90. 

                디스플레이의 픽셀 밀도는 종전보다 21% 높아지면서 더욱 선명하다. 또 디스플레이 화면에 티맵, 플로(음악 서비스), 전화·문자 등 다분할이 가능해 화면을 나갔다 들어갔다 하지 않아도 지금 사용하고 있는 사용자 환경이 한 눈에 들어왔다. 아무래도 차량 조작을 위해 손을 쓰면 양손 운전에 방해가 돼 위험한 상황이 닥칠 수도 있는데, 사용자 경험성이 개선되면서 안전한 운전 환경을 만들어준 것이다. 볼보자동차코리아는 ""새로운 UX로 보다 안전한 주행을 위해 운전자의 주의 분산을 최소화하고 도로와 운전에 집중할 수 있도록 음악, 전화 등 더 많은 정보를 직관적으로 확인할 수 있도록 설계됐다""고 강조했다.
                    




 묵직하지만 가벼운 운전...제2종 저공해 혜택까지차량 동력 성능은 준대형 SUV답지 않게 묵직하면서도 가벼운 차체 놀림을 보여줬다. 그만큼 운전이 편리했고 코너링도 안전하지만 민첩했다. 이날 탄 차량은 최고 300마력 출력의 가솔린 기반 48V 마일드 하이브리드(B6) 모델이었다. 제2종 저공해 차량 혜택을 받는다.
                    




                에어 서스펜션이 기본 적용돼 충격이나 떨림에 강하다. 운전 내내 노면에서 올라오는 충격이 잘 느껴지지 않았을 정도로 부드러운 운전이 가능했다. 핸들링은 묵직하게 할 것인지, 가볍게 할 것인지 운전자의 취향에 맞게 선택할 수 있다. 차량은 고속이나 저속 모두 안정감 있게 나아간다.실내는 3열이다. 다만 3열 공간은 180㎝ 이상 성인 남성이 탑승하기에는 좁은 편이라 약간 불편할 수도 있어 보인다.무엇보다 차량에 탑승하면 '안전'을 강조하는 볼보자동차의 대표 SUV이기 때문에 가족들이 안전하게 탈 수 있겠다는 믿음이 있다. 이러한 소비자 니즈를 공략하기 위한 안전 사양도 대거 탑재됐다. 기본적으로 '안전 공간 기술'이 탑재됐다. 레이더와 카메라, 초음파 센서로 도로 위 위험 요소를 실시간으로 파악하는 기술로 파일럿 어시스트, 차선 유지보조, 반대차선 접근 차량 충돌 회피, 사각지대 경보 및 조향 어시스트, 후측방 경보 및 후방 추돌 경고, 교차로 경보 및 긴급 제동 서포트 등이 지원된다.
                    




                준대형 XC90은 가족들이 함께 타기에 좋은 패밀리카로 보인다. 가격은 전 세계에서 가장 낮은 가격인 9900만원. 미국 약 1억700만원, 일본 1억1200만원, 영국·독일은 각각 약 1억430만원, 1억520만원에 비해 국내에선 1억원 미만으로 책정했다. 그만큼 하반기까지의 판매 물량 1300대가 이미 사전 계약됐을 정도로 초기 반응도 좋다는 귀띔이다.최수진 한경닷컴 기자 naive@hankyung.com",https://www.hankyung.com/article/202507123793g,2025.07.13 13:18
합리적 투자 필수! 증권사 신용대출 3%대 전환으로 이자 절감,,"전송종목 : 하나금융지주, 한화생명, 아모레퍼시픽, 후성, SK이노베이션최근 주식 투자자들 사이에서 주식대출(미수/신용융자 등)의 고금리에 대한 부담이 커지고 있다.특히 저금리를 적용 받고 싶어도, 기존 대출을 상환하고 다시 주식을 매수해야 하는 번거로운 절차와 자금 조달의 어려움이 발목을 잡고 있다.이런 현실적인 문제를 해결하고자, 무빙스탁이 ‘증권사 신용, 대환자금대출’ 서비스를 전격 출시했다.이 상품은 주식을 매도하지 않고도, 기존의 고금리의 주식대출(미수/신용융자 등)의 3%대의 혁신적인 저금리 증권사로 전환할 수 있도록 상환자금을 제공하는 것이 핵심이다.무빙스탁 관계자는 “현재 증권사 이벤트 금리는 연 3%대 수준으로, 기존 9~10%대 고금리를 적용받는 투자자라면 절감 효과가 상당하다”며, 금리를 5%만 낮추면 “1억원 신용대출 기준으로 연간 약 500만원, 3억원이라면 1,500만원까지도 절약할 수 있다”고 밝혔다.더 놀라운 점은, 현재는 이벤트 기간으로 대환자금대출 신청시 발생하는 이자 비용까지 ‘0원’이라는 사실이다. 대환자금에 대해서 하루의 대출이자도 부담하지 않고 기존 고금리 대출을 저금리로 전환할 수 있어, 고금리 부담에 시달리던 투자자들에게 큰 호응을 얻을 전망이다.이 서비스는 부동산 시장에서 흔히 이용되던 대환대출 개념을 증권시장에 도입한 혁신적인 시도로, 주식 투자자들의 자금 운용에 새로운 대안을 제시할 것으로 기대된다.무빙스탁 ‘증권사 신용, 대환자금대출’의 비용 무료 이벤트는 이벤트 기간 동안 한정적으로 제공되는 만큼, 신용융자를 이용 중인 투자자라면 지금 바로 확인해볼 필요가 있다.★ 장마감 시간이 가까워질수록 문의가 많아 상담이 지연될 수 있습니다.★ 7월 문의하신 고객들이 많이 보유하신 종목으로는 삼성전자, POSCO홀딩스, 셀트리온, 포스코퓨처엠, 에코프로비엠, NAVER, 에코프로, 삼성SDI, LG화학, SK하이닉스, 두산에너빌리티, 카카오, SK이노베이션, LG에너지솔루션, 엘앤에프, 삼천당제약, 현대차, 알테오젠, HPSP, LG전자 등이 있습니다.★ 안내사항과도한 빚은 당신에게 큰 불행을 안겨줄 수 있습니다. 대출 시 신용등급 하락으로 다른 금융거래가 제약받을 수 있습니다. 중개수수료를 요구하거나 받는 것은 불법입니다.상호명: ㈜단비대부 2021-서울영등포-2102(대부업) | TEL: 1544-4886 | 대출금리: 연 20%이내(연체금리는 약정금리+3%p이내, 최대 연 20%이내) | 단, 2021. 7. 7.부터 신규체결, 갱신, 연장되는 계약에 한함 | 채무의 조기상환 조건 및 부대비용 없음. (단, 신용조회비용 및 담보권설정비용 있음), 이자 외 별도로 중개수수료를 요구하거나 수취하는 것은 불법입니다. | 대표이사: 박동원 | 사업자등록번호: 274-86-00231 | 등록기관명칭: 서울 영등포구청(담당부서: 일자리경제과, 02-2670-3420) | 소재지 : 서울 영등포구 여의대방로67길 11, 5층 517호 | 개인정보관리자메일: help@danbifund.co.kr무료상담",https://www.hankyung.com/article/202507235735a,2025.07.23 08:43
저가 매수의 기회를 수익금 4배로 불릴 기회는?,,"부자네스탁론이 새롭게 선보인 스탁론 상품이 투자자들 사이에서 화제를 모으고 있다. 해당 상품은 본인자산포함 4배로 투자 가능, 담보유지비율 120%의 유연한 조건과 다양한 투자 솔루션을 앞세워 증권사 신용, 담보대출 대비 높은 활용도를 자랑한다.일반적으로 증권사 신용융자에 비해 더 높은 레버리지와 더 낮은 담보유지비율을 제공하는 스탁론은, 투자 고수들 사이에서 이미 널리 알려진 수단이다. 부자네스탁론은 여기에 더해 미수금이나 반대매매 위험을 해결해주는 대환대출 상품, 투자 기회를 살리고 싶어하는 전략적 투자자들을 위한 다양한 서비스를 제공한다.또한 신용, 주식담보대출 이용불가 종목, 총부채원리금상환비율(D.S.R) 같은 규제 이슈로 제약을 받아온 투자자들에게도 계좌 평가금액 기준으로 맞춤형 대출이 가능하도록 설계되어 실질적인 해결책이 되고 있다.부자네스탁론은 “고객 한 명 한 명의 투자 상황에 맞춰 최적의 대출 방법을 제공하고 있다”며, “강화된 금융 규제 환경 속에서도 투자자들의 기회를 넓히는 데 최선을 다하겠다”고 밝혔다.-스탁론 D.S.R<총부채원리금상환비율> 고강도 규제에도! 문제없는 부자네스탁론!– 소득 낮고 기존 대출금액 많아도 계좌평가금액에 비례해서 대출가능!– 본인자산 포함 4배끼지 투자 가능!▶머니투데이 부자네스탁론① 5년 고정금리로 금리인상 걱정없이 운용 가능② 자기자본포함 최대 4배까지 레버리지 투자 가능③ 매수가능종목 100% 집중투자가능 (코스닥, 시가총액, 포트폴리오비율상관없이)④ 스탁론 전종목 1:1 매수상담문의 → 수익극대화⑤ 반대매도 임박 / 추가입금이 힘들다면? → 1:1 로스컷 전문상담⑥ D.S.R과 신용등급 낮.아.도 문제없이 매입/대환까지 가능!⑦ 위 혜택을 4%대의 저금리로 이용 가능!★ D.S.R비율, 신용등급 무관 저금리 부자네스탁 AM8:00~PM4:00 ☎1577-5852★ AM 8:00 부터 선착순 예약접수 http://www.bujane.co.kr/7월 고객들의 문의가 많은 종목은 기아, NAVER, 두산에너빌리티, 셀트리온, 한화에어로스페이스 등이 있다.무료상담",https://www.hankyung.com/article/202507145594a,2025.07.14 08:13
"그린케미칼, 탄소중립 테마 타고 주가 반등…기술력 재평가 본격화",,"그린케미칼이 최근 화학업계 탄소중립 및 친환경 소재 흐름과 맞물려 주식시장에서 뚜렷한 상승세를 기록하며 투자자들의 이목을 집중시키고 있다. 이는 온실가스 감축과 ESG 중심 정책 속에서 회사의 저탄소 에톡실레이션 공정 기술이 재조명받고 있기 때문이다.지난달 말부터 이달 초까지 매 분기 실적 발표 이후 기관과 외국인 매수가 급격히 유입되면서, 그린케미칼은 단기간에 반등 흐름을 보였다. 특히 지난 한 달간 주가가 크게 상승했다는 해외 분석도 발표되며, 투자 여력이 확대되고 있다는 분석이 제기됐다.회사는 2024년 연간 매출 3,303억 원, 영업이익 106억 원, 순이익 81억 원을 기록하며, PBR 약1.7배 , PER 약 26배 수준의 밸류에이션을 형성하고 있다.투자자별 매매 동향을 보면, 최근 개인은 지속적으로 순매수하고 있는 반면, 외국인은 일시적으로 차익 실현을 위해 일부 매도에 나선 상황이다. 하지만 장기적인 흐름은 여전히 외국인 자금이 유입되고 있는 것으로 분석된다.한 증권사 애널리스트는 “그린케미칼은 탄소포집·활용 및 이차전지 첨가제 소재 등 친환경·첨단소재 중심의 중장기 성장 스토리가 강화되는 시점”이라며, “단기 실적과 기술 테마가 맞물리며 주가 모멘텀이 살아나는 국면”이라고 진단했다.다만 주가는 최근 반등을 일부 반영한 상태이기 때문에, 추가 상승 여부는 회사의 EOA 공정 기술 고도화, 글로벌 수출 동력 회복, 그리고 탄소중립 관련 정책지원 상황 등에 달렸다는 점이 강조된다.SK하이닉스, 삼성전자, NAVER, 싸이닉솔루션, 카카오뱅크무료상담",https://www.hankyung.com/article/202507111898a,2025.07.11 11:03
"코스피, 외인 '사자'에 3210선 회복…개인은 1조 '차익 실현'","美 증시 혼조에도 상승
외인 8거래일째 순매수","사진=연합뉴스

                코스피지수가 21일 외국인 투자자의 매수세에 막판 뒷심을 발휘하면서 3210선을 회복하는 데 성공했다. 다만 개인투자자들이 차익 실현에 나서면서 지수의 상승폭은 제한적인 수준을 나타냈다.이날 코스피지수는 전날보다 22.74포인트(0.71%) 오른 3210.81로 거래를 마쳤다. 지수는 이날 0.1% 오름세로 출발 후 점차 상승폭을 확대했다.외국인이 대규모 물량을 담아내면서 지수 상승을 이끌었다. 유가증권시장에서 외국인과 기관이 각각 8960억원과 1013원어치를 사들였다. 외국인은 8거래일 연속 순매수 기조를 유지했다. 반면 차익 실현에 나선 개인이 1조596억원어치를 팔아치웠다. 지난 주말 미국 증시가 혼조로 마감했음에도 국내 증시는 상승세를 보였다. 지난 18일(현지시간) 다우존스30산업지수와 S&P500지수는 각각 0.32%와 0.01% 내렸다. 나스닥종합지수는 0.05% 상승했다.이경민 대신증권 연구원은 ""코스피에서는 최근 주가 상승에 대한 부담에도 불구하고 외국인이 8거래일 연속 매수세를 이어갔다""며 ""JP모건 등 외국계 투자은행의 2년 내 코스피 5000선 전망 등 지배구조 개혁에 대한 긍정적 의견들이 나오면서 상승 부담이 ""비싸다""는 인식으로 이어지지는 않은 모습""이라고 분석했다.코스피 시가총액 상위 종목 중 두산에너빌리티(5.56%) HD현대중공업(4.81%) LG에너지솔루션(2.64%) 한화에어로스페이스(2.57%) KB금융(1.41%) SK하이닉스(1.3%) 삼성전자(1.04%) 등이 오른 반면 삼성바이오로직스(-1.14%) 네이버(-0.83%) 현대차(-0.71%) 기아(-0.5%) 등이 내렸다.한화솔루션(7.37%)은 중국의 태양광 패널 감산 소식에 더해 흑자 전환 전망이 맞물리면서 강세로 마감했다. 씨에스윈드(10.9%)는 미국으로의 824억원 규모 윈드타워 공급 계약 소식이 투자심리를 일부 개선해 급등했다. 코스닥지수는 전날보다 1.02포인트(0.12%) 오른 821.69로 거래를 마쳐 3거래일 연속 상승세를 이어갔다. 코스닥시장에서는 개인과 기관이 각각 101억원과 111억원을 사들인 반면 외국인은 191억원을 팔아치웠다.코스닥 시총 상위 종목 중 에코프로(2.37%) 펩트론(2.21%) 파마리서치(1.23%) 에코프로비엠(1.07%) 레인보우로보틱스(0.91%) 클래시스(0.34%) 등이 오른 반면 HLB(-4.91%) 리가켐바이오(-2.71%) 휴젤(-2.36%) 알테오젠(-1.43%) 삼천당제약(-0.82%) 등이 내렸다.이날 서울 외환시장에서 원·달러 환율은 전장 대비 4.8원 내린 1388.2원으로 주간 거래를 마쳤다. 고정삼 한경닷컴 기자 jsk@hankyung.com",https://www.hankyung.com/article/2025072121606,2025.07.21 16:02
"""가상 캐릭터가 손하트를""…네이버,몰입형 XR 콘텐츠 플랫폼 공개 예고",,"“기자분들이 많이 오셨는데, 인사 좀 해주실까요?”오한기 네이버 리얼타임 엔진 스튜디오 리더 옆에 서 있던 가상의 우주인 캐릭터가 손하트를 날렸다. 표정과 시선, 반응은 실제 사람처럼 자연스러웠다. 무대 배경은 궁전, 인물은 가상, 반응은 실시간이었다. 생성형 인공지능(AI)과 3차원(3D) 렌더링 기술이 구현한 이 장면은 전날(16일) 성남 네이버 1784 사옥에서 열린 ‘이머시브 미디어 플랫폼 테크 포럼’의 하이라이트였다.
                    



가상 우주인 캐릭터가 무대 위에서 오한기 네이버 리얼타임 엔진 스튜디오 리더와 대화하는 모습./사진=최영총 기자

                네이버는 차세대 미디어 경험의 미래를 공개했다고 17일 발표했다. ‘비전·모션 스테이지’는 라이브 커머스, 예능, K팝 등 다양한 콘텐츠를 고정 세트 없이 실시간으로 제작할 수 있는 가상 제작 환경이다. 생성형 AI 기술을 바탕으로 배경, 캐릭터, 상호작용까지 자동으로 구현된다. 오 리더는 “과거 40% 수준이던 생성형 AI 활용률이 현재는 80% 이상”이라고 설명했다.네이버는 이번 전략을 ‘비전 테크 트라이앵글’로 정의했다. 실시간 콘텐츠 제작이 가능한 ‘비전·모션 스테이지’, 텍스트 콘텐츠를 영상화하는 ‘오토클립AI’, 영상 맥락을 분석해 추천하는 ‘MUAi’ 플랫폼이 삼각축이다. 특히 비전모션 스테이지는 지난 3월 오픈 이후 버추얼 스트리머들과의 협업 요청이 10배 이상 증가했다. 사용자는 이 공간에서 3D 캐릭터 제작, 모션 캡처까지 진행할 수 있다.김성호 네이버 이머시브 미디어 플랫폼 리더는 “오토클립AI와 MUAi를 중심으로 콘텐츠 소비와 생산 양쪽에서 몰입 경험을 확대할 것”이라며 “블로그, 리뷰 데이터를 숏폼 영상으로 자동 변환해 사용자의 접근성을 높이겠다”고 말했다. 오토클립AI는 멀티모달 거대언어모델(LLM)을 활용해 블로그 내용을 요약·이해하고, 음성·배경음악·영상 효과를 자동 적용해 최적화된 숏폼 콘텐츠를 생성하는 기술이다.
                    



네이버 비전모션스튜디오 내 3차원(3D) 가상 캐릭터 움직임을 작업자가 구현하는 모습./사진=네이버 제공

                ‘AI 인코드’도 주목받았다. 이 기술은 네트워크 상황에 맞춰 고화질을 유지하면서도 전송량을 평균 20~30% 줄일 수 있다.실시간 아바타 방송을 지원하는 ‘프리즘 라이브 스튜디오’ 역시 네이버의 몰입형 미디어 전략의 축이다. 2019년 출시된 이 앱은 하루 평균 13만 건, 초당 1.5건의 라이브 방송이 생성되며 전체 사용자 중 약 90%는 해외 이용자다. 실시간 게임 플레이, 3D 아바타 송출 등이 가능해 누구나 쉽게 콘텐츠를 제작·공유할 수 있다.프리즘에는 네이버 클로바의 음성 인식 기술을 적용해 라이브 방송 음성을 텍스트로 자동 변환하는 ‘AI 스크립트’ 기능도 탑재됐다. 여기에 실시간 네트워크 상태에 따라 영상 품질을 자동 조정하는 ‘ABP' 기술도 적용돼 모바일 환경에서도 안정적인 방송이 가능하다. 송지철 프리즘 스튜디오 리더는 올 하반기 AI 케어 서비스, 모션 캡쳐 등 버추얼 스트리밍을 위한 기능을 추가할 예정이라고도 했다.네이버는 이 같은 기술 고도화를 바탕으로 XR 콘텐츠 플랫폼을 차세대 전략으로 제시했다. 증강현실(AR), 가상현실(VR), 혼합현실(MR)을 포괄하는 XR은 글로벌 콘텐츠 시장에서 가장 주목받는 분야다. 네이버는 안드로이드 기반의 XR 콘텐츠 플랫폼을 올해 안에 선보일 계획이다. 김 리더는 “VR 기기 대중화 시대를 맞아 XR 콘텐츠 기술력 확보에 주력하고 있다”며 “AI 창작 기술 고도화를 통해 온오프라인을 넘나드는 생생한 미디어 경험을 제공할 것”이라고 밝혔다. 오 리더는 “XR 콘텐츠의 핵심 플랫폼은 네이버의 스트리밍 서비스 ‘치지직’이 될 가능성이 높다”고 덧붙였다.최영총 기자 youngchoi@hankyung.com",https://www.hankyung.com/article/202507174346i,2025.07.17 13:25
,,,https://magazine.hankyung.com/business/article/202507084979b,
"주식 매도 없이 신용이자 연 1,500만 원 줄이는 비법",,"전송종목 : 대명에너지, 대진첨단소재, 가온칩스, HPSP, 큐알티최근 주식 투자자들 사이에서 주식대출(미수/신용융자 등)의 고금리에 대한 부담이 커지고 있다.특히 저금리를 적용 받고 싶어도, 기존 대출을 상환하고 다시 주식을 매수해야 하는 번거로운 절차와 자금 조달의 어려움이 발목을 잡고 있다.이런 현실적인 문제를 해결하고자, 무빙스탁이 ‘증권사 신용, 대환자금대출’ 서비스를 전격 출시했다.이 상품은 주식을 매도하지 않고도, 기존의 고금리의 주식대출(미수/신용융자 등)의 3%대의 혁신적인 저금리 증권사로 전환할 수 있도록 상환자금을 제공하는 것이 핵심이다.무빙스탁 관계자는 “현재 증권사 이벤트 금리는 연 3%대 수준으로, 기존 9~10%대 고금리를 적용받는 투자자라면 절감 효과가 상당하다”며, 금리를 5%만 낮추면 “1억원 신용대출 기준으로 연간 약 500만원, 3억원이라면 1,500만원까지도 절약할 수 있다”고 밝혔다.더 놀라운 점은, 현재는 이벤트 기간으로 대환자금대출 신청시 발생하는 이자 비용까지 ‘0원’이라는 사실이다. 대환자금에 대해서 하루의 대출이자도 부담하지 않고 기존 고금리 대출을 저금리로 전환할 수 있어, 고금리 부담에 시달리던 투자자들에게 큰 호응을 얻을 전망이다.이 서비스는 부동산 시장에서 흔히 이용되던 대환대출 개념을 증권시장에 도입한 혁신적인 시도로, 주식 투자자들의 자금 운용에 새로운 대안을 제시할 것으로 기대된다.무빙스탁 ‘증권사 신용, 대환자금대출’의 비용 무료 이벤트는 이벤트 기간 동안 한정적으로 제공되는 만큼, 신용융자를 이용 중인 투자자라면 지금 바로 확인해볼 필요가 있다.★ 장마감 시간이 가까워질수록 문의가 많아 상담이 지연될 수 있습니다.★ 7월 문의하신 고객들이 많이 보유하신 종목으로는 삼성전자, POSCO홀딩스, 셀트리온, 포스코퓨처엠, 에코프로비엠, NAVER, 에코프로, 삼성SDI, LG화학, SK하이닉스, 두산에너빌리티, 카카오, SK이노베이션, LG에너지솔루션, 엘앤에프, 삼천당제약, 현대차, 알테오젠, HPSP, LG전자 등이 있습니다.★ 안내사항과도한 빚은 당신에게 큰 불행을 안겨줄 수 있습니다. 대출 시 신용등급 하락으로 다른 금융거래가 제약받을 수 있습니다. 중개수수료를 요구하거나 받는 것은 불법입니다.상호명: ㈜단비대부 2021-서울영등포-2102(대부업) | TEL: 1544-4886 | 대출금리: 연 20%이내(연체금리는 약정금리+3%p이내, 최대 연 20%이내) | 단, 2021. 7. 7.부터 신규체결, 갱신, 연장되는 계약에 한함 | 채무의 조기상환 조건 및 부대비용 없음. (단, 신용조회비용 및 담보권설정비용 있음), 이자 외 별도로 중개수수료를 요구하거나 수취하는 것은 불법입니다. | 대표이사: 박동원 | 사업자등록번호: 274-86-00231 | 등록기관명칭: 서울 영등포구청(담당부서: 일자리경제과, 02-2670-3420) | 소재지 : 서울 영등포구 여의대방로67길 11, 5층 517호 | 개인정보관리자메일: help@danbifund.co.kr무료상담",https://www.hankyung.com/article/202507047524a,2025.07.04 11:38
생성형 AI 인프라 구축…내부 디지털 인재 'DT 마스터' 관리,농협금융지주 디지털 혁신,"강태영 농협은행장(앞줄 오른쪽 다섯 번째)이 지난 5월 ‘NH오픈비즈니스허브’에 최종 선발된 25개 스타트업과 기념 촬영을 하고 있다. /농협금융그룹 제공

                농협금융지주는 인공지능(AI)을 기반으로 한 디지털 금융기업으로 거듭나기 위해 그룹 차원에서 생성형 AI 도입 전략 로드맵을 수립하고 추진 중이다. AI 전담 조직을 확대해 디지털 전문성을 높이고 생성형 AI 서비스를 도입했다. 디지털 혁신 기업과 제휴 확대를 통해 고객에게 더 편리한 디지털 경험을 제공한다는 구상이다.◇AI 전담 조직 확대 개편





                농협금융은 올해 초 조직개편을 통해 AI 전담 조직을 확대·개편했다. 금융지주는 디지털전략부 내 AI 전담 조직을 신설했다. 농협은행은 기존 NH디지털R&D(연구개발)센터를 AI 비즈니스 센터로 확대 개편해 인력을 보강했다. 농협생명도 디지털사업부 내 신기술추진팀을 신설했으며, NH투자증권은 기존 AI·디지털 관련 부서 편제 통합 등을 통해 콘트롤타워 역할을 강화했다.그룹 생성형 AI 인프라 구축에도 주력하고 있다. 농협은행을 중심으로 생성형 AI 플랫폼을 구축하고, 이를 활용해 다른 계열사에서도 신속하고 효율적으로 AI를 적용할 수 있도록 전파할 계획이다. 농협은행은 지난 4일 ‘생성형 AI 플랫폼 도입 및 서비스 개발’ 사업 1단계를 개시했다. AI 서비스 개발을 돕는 핵심 모듈과 임직원의 업무를 돕는 업무비서 등 다양한 AI 서비스를 탑재했다. 하반기엔 고객 대상 혁신금융서비스도 다양하게 적용할 예정이다.디지털 금융을 이끌어 갈 내부 인재 육성에도 나서고 있다. 인재를 체계적으로 관리하기 위해 ‘DT-마스터’ 제도를 마련했다. 올해는 전 계열사와 함께 AI 인재 육성에 초점을 맞춰 인증 분야를 확대하고, 임직원의 관심과 자발적 참여를 이끌어 낼 예정이다.◇다양한 서비스 탑재한 슈퍼플랫폼금융뿐 아니라 다양한 생활 서비스를 탑재한 ‘올원뱅크 슈퍼앱’도 디지털 혁신의 일환이다. 지난 1월 올원뱅크 내에서 전 은행 업무를 가능하게 하는 풀뱅킹 서비스 구현을 성공적으로 마쳤다. 이후 일상 금융 서비스를 확대하고 재방문 유도 콘텐츠를 강화하는 등 새롭게 맞이할 고객에게 보다 매력적으로 다가가기 위해 노력 중이다.생활 플랫폼 혁신 기업과 적극적인 업무 제휴를 통해 젊은 고객층을 위한 서비스 영역도 확장하고 있다. 지난 2월 네이버페이와 업무협약을 맺어 NH멤버스 포인트와 네이버페이 포인트를 전환해 사용할 수 있는 시스템을 개발 중이다. 최근엔 마켓컬리의 간편 결제 서비스 컬리페이와 업무협약을 맺고 제휴통장 출시 및 임베디드 금융 제공, 컬리 공급사 동반성장을 위한 금융지원, 플랫폼 활성화를 위한 홍보 및 상호 마케팅, 콘텐츠 개발 등을 추진하기로 했다. 올해 3분기 내 컬리페이 제휴통장을 출시한다는 계획이다.똑똑한 금융 비서를 제공하는 초개인화 서비스를 선보이기 위한 준비도 한창이다. 외부 핀테크 사와의 제휴를 통해 퇴직연금 로보어드바이저 서비스를 도입하는 등 자산관리 서비스에 AI 기술을 접목했다. 그 밖에 시니어, 외국인, 개인사업자, 기업금융, 미성년자 등 다양한 고객군의 수요를 반영한 맞춤형 AI 기반 디지털 서비스도 하반기까지 순차적으로 개시될 예정이다. 농협금융 관계자는 “디지털 혁신은 궁극적으로 고객에게 더 편리한 금융 경험을 제공하기 위한 노력”이라며 “기술을 넘어 사람을 먼저 생각하는 금융이 되기 위해 디지털 전환을 지속해 나가겠다”고 강조했다.신연수 기자 sys@hankyung.com",https://www.hankyung.com/article/2025071611561,2025.07.16 15:38
"'숨고르기' 코스피, 3100선 하락세…외인·기관 '팔자'",,"사진=한경DB

코스피지수가 4일 장 초반 하락세다. 도널드 트럼프 미국 대통령의 상호관세 관련 강경 발언과 전날 급등에 따른 부담감이 맞물려 투자자들의 관망 심리가 발동한 모습이다.이날 오전 9시14분 현재 코스피지수는 전 거래일보다 8.9포인트(0.29%) 내린 3107.37을 나타내고 있다. 지수는 이날 0.19% 상승 출발 후 보합권에서 등락을 거듭하다 오전 9시11분께를 기점으로 하락 전환해 추세를 이어가고 있다.유가증권시장에서 외국인과 기관이 각각 1011억원 552억원 매도 우위인 반면 개인은 1436억원 매수 우위다.이날 새벽 미국 증시는 강세로 마감했다. 지난 3일(현지시간) 다우존스30산업지수는 0.77% 올랐고 S&P500지수와 나스닥종합지수도 각각 0.83%와 1.02% 상승했다. 다만 트럼프 대통령이 뉴욕증시 장 마감 후 상호관세 유예 기간 만료일인 오는 8일 전부터 각국에 책정한 상호관세율을 통보하기 시작하겠다고 시사한 점이 투자심리를 위축시킨 모습이다.트럼프 대통령은 이날 미국 아이오와주로 떠나기 전 기자들과 만나 ""아마도 내일(4일)부터 일부 서한을 하루에 10개국씩 여러 나라에 보낼 것""이라고 말해 관세 우려를 자극했다.코스피 시가총액 상위 종목 중 삼성전자, 삼성바이오로직스, LG에너지솔루션, KB금융, 네이버, 한화에어로스페이스, 셀트리온, HD현대중공업 등이 내리는 반면 SK하이닉스, 기아, 두산에너빌리티 등이 오르고 있다.같은 시각 코스닥지수는 전 거래일보다 4.79포인트(0.6%) 내린 788.54를 나타내고 있다. 지수는 이날 0.09% 내림세로 출발 후 낙폭을 확대하고 있다.코스닥시장에서도 외국인과 기관이 각각 614억원과 371억원 매도 우위인 반면 개인이 991억원 매수 우위다.코스닥 시총 상위 종목 중 알테오젠, 에코프로비엠, 에코프로, 펩트론, 리가켐바이오, 휴젤, 리노공업, 삼천당제약 등이 내리는 반면 레인보우로보틱스, 파마리서치 등이 오르고 있다.서울 외환시장에서 원·달러 환율은 전장보다 2.6원 오른 1362원으로 개장했다.고정삼 한경닷컴 기자 jsk@hankyung.com",https://www.hankyung.com/article/2025070476856,2025.07.04 09:21
"[마켓PRO] Today's Pick : ""네이버, 저평가를 벗어날 때""",,"※Today's Pick은 매일 아침 여의도 애널리스트들이 발간한 종목분석 보고서 중 투자의견 및 목표주가가 변경된 종목을 위주로 한국경제 기자들이 핵심 내용을 간추려 전달합니다.




사진=연합뉴스

👀주목할 만한 보고서 네이버 - 글로벌 AI경쟁력으로 저평가를 벗어날 때📈목표주가 : 30만원→32만원(상향) / 현재주가 : 24만8000원투자의견 : 매수(유지) / IBK투자증권[체크 포인트]=신정부의 경기 부양 의지가 크고 대규모 추경과 민생회복 지원금으로 인해 3분기 실적 개선 가능성이 커져.=동사의 핵심 인력이 정부 인사에 발탁된 만큼 향후 AI 및 소상공인 기반 커머스 전략에서 시너지가 기대.=2025년 기존 대형 언어모델(LLM)을 한 단계 진화시킨 차세대 추론형 인공지능 모델 ‘하이퍼클로바X 씽크(HyperCLOVA X Think)’를 공개.=이 모델은 단순한 응답 생성형 LLM을 넘어, 인간처럼 생각의 과정을 거쳐 답변을 도출하는 능력을 갖춘 것이 핵심. 특히 한국어 처리 성능에서 업계 최고 수준의 결과를 기록. =동사는 정부가 모집 중인 ‘독자 AI 파운데이션 모델’ 프로젝트에 유력한 참가 기업으로 평가. 한글에 강점을 가지는 자체 LLM을 기반으로 자사의 다양한 서비스와 연계, 통합시키면서 AI모멘텀이 실제 실적 개선으로 이어질 가능성이 높아.  파라다이스 - K-카지노, 잭팟이 터진다 ! 📈목표주가 : 2만원→2만6000원(상향) / 현재주가 : 1만8600원투자의견 : 매수(유지) / KB증권[체크 포인트]=정부는 중국인 단체관광객에 대해 무비자 입국을 전국으로 확대하고, 기한도 무기한으로 연장 하는 정책을 추진 중. KB증권은 9월경 해당 정책이 법제화되어 시행될 것으로 추정.=중국인 단체관광객 무비자 입국이 전국으로 확대되면 가장 수혜를 받는 지역은 인천 및 수도권 지역이 될 것으로 예상. 파라다이스는 인천공항에서 10분 거리에 위치한 파라다이스 시티를 보유하고 있어 지리적 강점. =중국인 단체관광객 무비자 입국 전국 확대, 무기한 연장 정책은 2025년 3월 20일 기획재정부와 문화체육관광부가 ‘방한 관광시장 글로벌 성장 전략’으로 공동 발표한 내용. 현재까지 법제화 되지 못한 이유는 신정부의 장관 인사가 진행 중이기 때문. =7월 중순경 법무부 장관과 외교부 장관의 인사청문회 이후 8월경 정식 임명이 되면 해당 정책은 빠르게 추진될 것으로 전망. 이는 지난해 11월 중국이 한국인 무비자 입국을 허용한 데 대한 상호적 조치로 해석.=이르면 9월, 늦어도 시진핑 중국 국가주석의 참석이 예상되는 APEC이 개최되는 11월에는 해당 정책이 시행될 것으로 기대. 풍산 - 방산가치 재평가 지속📈목표주가 : 15만5200원→19만3000원(상향) / 현재주가 : 15만5200원투자의견 : 매수(유지) / NH투자증권[체크 포인트]=주가는 이스라엘의 이란 핵시설 공습 3일 전 (6월 10일)부터 급등하여 전일 종가 기준 135% 상승. 같은 기간 LME 구리 가격이 큰 변화가 없었음을 고려하면 최근 주가 급등은 그동안 저평가 받아왔던 방 산부문 가치에 대한 시장의 재평가라고 판단.=풍산은 국내 유일의 탄약 생산업체로 소구경부터 대구경까지 다양한 탄약을 생산 하고 있음. 글로벌 탄약 수요 급증으로 방산부문 실적 성장 지속되면서 ‘24년 사상 최대 실적을 기록했으며, 올해도 성장 지속 전망. 풍산을 제외한 국내 주요 5 개 방위산업주 12개월 선행 PER 약 20〜40배에 거래 중인 반면 풍산은 최근 주가 급등에도 불구 약 15배 수준에 거래 중.=LME 구리 가격은 미국의 50% 관세 부과로 인한 수요 둔화 우려와 투기 세력의 포지션 해소로 약세인 반면 CME 구리 가격은 급등, LME 대비 약 25% 높은 수준. 미국발 재고 비축 모멘텀 일단락에도 타이트한 글로벌 구리 실물 수급 상황이 지속되고 있는 점을 고려하면 중장기적으로 구리 가격은 우상향할 수 있을 것 으로 전망. 포스코퓨처엠 - 내실을 다지는 구간📈목표주가 : 16만원(유지) / 현재주가 : 13만5700원투자의견 : 매수(유지) / 신한투자증권[체크 포인트]=양극재 사업은 높은 미국 의존도로 전기차 세액공제 조기 종료에 따른 수요 둔화 영향 불가피. 그럼에도 광양 전구체(4.5만톤) 가동에 따른 양극재 수직계열화(非 중국산)로 경쟁사 대비 프리미엄 부여 가능할 전망. 음극재도 주요 고객사들의 중국 의존도 축소 니즈로 당사 경쟁력(구형흑연 내재화) 부각되며 점진적인 물량 회복 및 실적 개선 기대=2Q25 영업이익 -55억원(적자전환, 이하 QoQ)으로 컨센서스 84억원 하회 전망. 에너지 소재는 매출액 4,360억원(-14%), 영업이익 -258억원(적자전환) 예상.=양극재 매출액은 판가 하락 속 美 삼성SDI-스텔란티스 JV 향 중심의 판매량 감소로 3,917억원(-16%) 전망. 영업이익은 광양 전구체 초기 가동 비용 및 재고평가손실 등으로 적자전환. 음극재는 판매량 증가 로 외형 성장(+13%) 기대되나 저율 가동 이어지며 적자지속 예상.나수지 기자 suji@hankyung.com",https://www.hankyung.com/article/202507160953i,2025.07.16 09:14
"한국화장품, 고부가 분기 실적으로 주가 강세…재무 안정성도 뒷받침",,"한국화장품이 최근 분기 실적 발표 이후 주가가 강하게 올랐다. 1분기 매출은 약 246억 원으로 전년 동기 대비 소폭 증가했으며, 영업이익도 전기 대비 두 배 가까이 확대되며 ‘우호적 실적’ 흐름을 이어갔다.이러한 실적 개선은 투자자들의 신뢰를 끌어들이며 주가에 긍정적으로 반영됐다.재무 건전성 측면에서도 긍정적 신호가 나타난다. 2024년 기준 부채비율은 30%대 초중반으로 안정적이며, 자기자본이익률(ROE)은 17% 수준으로 양호하다. 또한 PBR과 PER은 31배로 유통·화장품 업종 평균보다 다소 높은 수준이지만, 이는 투자 수요 증가와 성장 기대를 반영한 결과로 풀이된다.한국화장품은 주요 내수뿐 아니라 해외 진출 노력도 활발히 전개 중이다. 특히 동남아와 중동 시장을 중심으로 수출 채널 확대가 이어지며 실적 안정에 기여하는 모습이다. 이 같은 흐름이 브랜드 신뢰를 강화하고, 현지 매출 기반을 다지는 데 긍정적으로 작용하고 있다.다만, 업계 전반의 원자재 가격 상승과 글로벌 물류비 부담, 그리고 환율 변동 리스크는 주의할 요인이다. 해외 매출 비중이 커질수록 환율 압박이 실적과 주가 흐름에 부정적 영향을 줄 수 있다.전문가들은 “최근의 분기 실적 호조는 신뢰 회복의 시그널이며, 재무 안정성까지 갖춘 만큼 주가의 강세 흐름이 이어질 가능성이 높다”면서도 “원자재·환율 리스크 관리가 주요 변수로 남는다”고 진단했다.현대건설, 스맥, 현대로템, NAVER, 한화에어로스페이스무료상담",https://www.hankyung.com/article/202507158541a,2025.07.15 11:03
"기관이 '상승장'에 베팅?…""믿고 풀매수 했다간"" 경고 [돈앤톡]","6월 기관 순매수 1위, KODEX 레버리지
LP 유동성 공급용 매수물량 가능성 커","사진=게티이미지뱅크 

                ""기관이 코스피 레버리지를 사고 있네요. '상승장'에 베팅하나 봅니다.""(포털사이트 주식토론방에 올라온 글)주식 온라인 커뮤니티에서 종종 볼 수 있는 말입니다. 개인보다 투자 역량이 월등한 기관이 코스피 '상승'에 베팅했으니 추가 매수해야 한다는 게 누리꾼의 해석입니다. 하지만 이러한 판단은 착각일 수 있습니다. 레버리지 상장지수펀드(ETF)에서 기관이 순매수 물량 중 상당 부분은 실제 투자 방향성과 무관한 유동성 공급 목적의 매매이기 때문입니다.3일 한국거래소에 따르면 지난달 기관 투자자 순매수 1위는 'KODEX 레버리지' ETF입니다. 순매수액은 5145억원에 달했습니다. 2위 네이버(2666억원)의 2배 수준입니다. 기관 투자자들은 'KODEX 코스닥150레버리지' ETF도 2000억원 넘게 사들였습니다. 이 ETF는 모두 코스피200과 코스닥150지수의 일일 변동률을 2배로 추종합니다. 지수가 오를 때, 수익률을 극대화할 수 있는 상품입니다.지난달 코스피200은 15.29%, 코스닥150은 6.1% 올랐습니다. 덕분에 KODEX 레버리지는 32.65% 급등했고, KODEX 코스닥150레버리지도 11.76% 상승했습니다. 언뜻 보면 기관이 레버리지 투자에 성공해 높은 수익을 낸 것처럼 보입니다.하지만 기관이 코스피 상승에 대비해 레버리지를 매입했다고 보기에는 무리가 있습니다. 상당수 물량이 유동성공급자(LP)로부터 나오기 때문입니다. 증권사를 비롯한 유동성공급자는 ETF가 원활히 거래될 수 있도록 호가를 내는 역할을 합니다. LP는 유동성 공급을 위해 증시 방향성이나 투자 포지션과 관계없이 개인이 팔아치운 물량을 매수해 받아내곤 합니다. 이 때문에 개인의 순매도 상위 ETF는 대부분 기관의 순매수 상위 ETF가 됩니다.지난달 개인은 KODEX 레버리지를 5029억원, KODEX 코스닥150레버리지를 1952억원 순매도했습니다. 기관 순매수 규모와 비슷합니다. 다시 말해 기관이 능동적으로 레버리지를 사들였다기보다 개인의 매도 물량을 소화했다는 게 합리적인 추론입니다. 레버리지 상품은 대부분 LP 역할을 하는 금융투자가와 개인이 주로 거래합니다. 연기금은 거의 거래하지 않습니다.한 증권사 관계자는 ""프랍트레이딩(자기자본 매매)을 위해 레버리지 ETF를 매매하는 기관은 없는 걸로 알고 있다""며 ""과거보다 ETF에 투자하는 기관 자금이 늘어났지만, 레버리지·인버스 상품 수급의 주체는 개인""이라고 설명했습니다.
                    



사진=연합뉴스

                기관 입장에서 수수료를 내면서까지 레버리지 ETF를 담을 이유가 없다는 의견도 있습니다. 레버리지, 곱버스(곱하기 인버스) 외에도 지수 방향에 베팅할 수 있는 상품이 많기 때문입니다. 한 자산운용사 관계자는 ""레버리지, 곱버스는 추적오차도 있고, 수수료도 있어 여러 상품에 투자할 수 있는 기관이 굳이 선택할 필요가 없다""며 ""곱버스, 레버리지를 (투자 목적으로) 사는 기관을 보지 못했다""고 밝혔습니다.그렇다면 기관의 포지션은 어떻게 가늠할 수 있을까요? 대표적인 지표로 선물 순매수량이 있습니다. 선물 순매수량이 많으면 '롱', 순매도량이 많으면 '쇼트'에 베팅했다고 볼 수 있습니다. 지난달 기관은 코스피200 선물을 1조5060억원어치 순매수했고, 코스닥150 선물은 3200억원 순매도했습니다. 다만 기관 투자자 내에서도 투자 주체별로 포지션 성격이 다를 수 있고, 투자 목적 외 헤지(위험 회피) 목적으로 선물을 매매하는 경우도 있어 해석에 주의해야 합니다.최근 지수는 오르고 있지만, 개인 투자자는 지수 상승률을 거꾸로 2배 추종하는 KODEX 200선물인버스2X ETF를 사들이고 있습니다. 여기에도 주의가 필요합니다. 당초 예상과 달리 상승세가 장기간 지속되면 복리 효과 때문에 손실도 크게 불어날 수 있기 때문입니다.전균 삼성증권 연구원은 ""올해 개인 투자자는 레버리지·인버스에 '역추세추종' 전략으로 대응하고 있다. 수익성이 좋은 자산은 매도하고, 수익성이 낮은 자산을 매수하는 방식""이라며 ""추세가 형성된 구간에서 레버리지 ETF를 이용한 역추세추종 의사결정은 상당한 위험에 노출될 수 있다""고 당부했습니다.진영기 한경닷컴 기자 young71@hankyung.com",https://www.hankyung.com/article/2025070120496,2025.07.03 13:33
신용대출 이자 절감 꿀팁! 증권사 3%대 대출 전환법 공개,,"전송종목 : 하이비젼시스템, 수산인더스트리, 한전산업, 옵투스제약, 두산테스나




 

최근 주식 투자자들 사이에서 주식대출(미수/신용융자 등)의 고금리에 대한 부담이 커지고 있다.특히 저금리를 적용 받고 싶어도, 기존 대출을 상환하고 다시 주식을 매수해야 하는 번거로운 절차와 자금 조달의 어려움이 발목을 잡고 있다.이런 현실적인 문제를 해결하고자, 무빙스탁이 ‘증권사 신용, 대환자금대출’ 서비스를 전격 출시했다.이 상품은 주식을 매도하지 않고도, 기존의 고금리의 주식대출(미수/신용융자 등)의 3%대의 혁신적인 저금리 증권사로 전환할 수 있도록 상환자금을 제공하는 것이 핵심이다.무빙스탁 관계자는 “현재 증권사 이벤트 금리는 연 3%대 수준으로, 기존 9~10%대 고금리를 적용받는 투자자라면 절감 효과가 상당하다”며, 금리를 5%만 낮추면 “1억원 신용대출 기준으로 연간 약 500만원, 3억원이라면 1,500만원까지도 절약할 수 있다”고 밝혔다.더 놀라운 점은, 현재는 이벤트 기간으로 대환자금대출 신청시 발생하는 이자 비용까지 ‘0원’이라는 사실이다. 대환자금에 대해서 하루의 대출이자도 부담하지 않고 기존 고금리 대출을 저금리로 전환할 수 있어, 고금리 부담에 시달리던 투자자들에게 큰 호응을 얻을 전망이다.이 서비스는 부동산 시장에서 흔히 이용되던 대환대출 개념을 증권시장에 도입한 혁신적인 시도로, 주식 투자자들의 자금 운용에 새로운 대안을 제시할 것으로 기대된다.무빙스탁 ‘증권사 신용, 대환자금대출’의 비용 무료 이벤트는 이벤트 기간 동안 한정적으로 제공되는 만큼, 신용융자를 이용 중인 투자자라면 지금 바로 확인해볼 필요가 있다.★ 장마감 시간이 가까워질수록 문의가 많아 상담이 지연될 수 있습니다.★ 7월 문의하신 고객들이 많이 보유하신 종목으로는 삼성전자, POSCO홀딩스, 셀트리온, 포스코퓨처엠, 에코프로비엠, NAVER, 에코프로, 삼성SDI, LG화학, SK하이닉스, 두산에너빌리티, 카카오, SK이노베이션, LG에너지솔루션, 엘앤에프, 삼천당제약, 현대차, 알테오젠, HPSP, LG전자 등이 있습니다.★ 안내사항과도한 빚은 당신에게 큰 불행을 안겨줄 수 있습니다. 대출 시 신용등급 하락으로 다른 금융거래가 제약받을 수 있습니다. 중개수수료를 요구하거나 받는 것은 불법입니다.상호명: ㈜단비대부 2021-서울영등포-2102(대부업) | TEL: 1544-4886 | 대출금리: 연 20%이내(연체금리는 약정금리+3%p이내, 최대 연 20%이내) | 단, 2021. 7. 7.부터 신규체결, 갱신, 연장되는 계약에 한함 | 채무의 조기상환 조건 및 부대비용 없음. (단, 신용조회비용 및 담보권설정비용 있음), 이자 외 별도로 중개수수료를 요구하거나 수취하는 것은 불법입니다. | 대표이사: 박동원 | 사업자등록번호: 274-86-00231 | 등록기관명칭: 서울 영등포구청(담당부서: 일자리경제과, 02-2670-3420) | 소재지 : 서울 영등포구 여의대방로67길 11, 5층 517호 | 개인정보관리자메일: help@danbifund.co.kr무료상담",https://www.hankyung.com/article/202507173382a,2025.07.17 10:48
"트럼프 대통령, EU·멕시코에 전격 고관세…글로벌 무역 긴장 고조",,"도널드 트럼프 미국 대통령이 7월 12일, 유럽연합(EU)과 멕시코산 수입품에 대해 30%의 고율 관세 부과를 공식 발표했다. 그는 백악관 담화에서 “불공정한 무역 관행과 미국 산업의 고사 위기를 더는 방관할 수 없다”며 관세 부과의 정당성을 강조했다.이번 조치는 올해 초 시행된 중국, 캐나다, 일본 등 23개국 대상 관세 정책의 연장선상에 있으며, 트럼프 행정부의 ‘미국 우선’ 기조가 다시금 명확히 드러났다는 분석이다.이러한 조치는 글로벌 경제 불확실성을 자극하며 시장에 즉각적인 반향을 일으켰다. 유럽 주요국은 공동 대응을 시사하며 WTO 제소 및 보복관세 검토에 착수했고, 멕시코 정부는 “국가적 이익에 정면 대응할 것”이라며 외교적 수위를 높였다.무역전쟁 재점화 우려가 커지면서 미국 내 소비자물가 상승 압력, 글로벌 공급망 차질 등이 현실화될 수 있다는 경고도 나온다. 실제로 국제 금융시장에서는 안전자산 선호 현상이 뚜렷해지고 있으며, 신흥국 통화의 변동성도 커지고 있다.한국 투자자들로서는 미-EU 무역 갈등의 장기화 가능성, 글로벌 교역 축소에 따른 간접적 충격을 예의주시할 필요가 있다. 특히 수출 의존도가 높은 국가일수록 투자심리 위축과 실물 경기 둔화가 맞물려 불확실성이 증폭될 수 있다.이번 관세 사태는 단순한 양자 간 갈등이 아닌, 세계 무역 질서의 중대한 전환점이 될 수 있다는 점에서 그 파장은 더욱 깊어질 전망이다.파인엠텍, NAVER, 싸이닉솔루션, 로보티즈, KB금융무료상담",https://www.hankyung.com/article/202507161212a,2025.07.16 10:23
경기 저점 통과 신호 속 정책 전환 가속…하반기 경제 흐름 주목,,"한국 경제가 서서히 반등의 신호를 보내고 있다. 정부는 최근 발표한 7월 경제동향을 통해 “고용과 수출이 회복 흐름을 보이고 있으며, 경기 저점 통과의 가능성이 점차 높아지고 있다”고 평가했다. 실제로 6월 수출은 전년 대비 증가하며 5개월 연속 상승세를 이어갔고, 반도체를 비롯한 주력 품목의 회복이 이를 견인했다. 고용시장도 개선세를 보여 15~64세 고용률은 역대 최고 수준을 경신했다.그러나 내수는 여전히 회복 탄력이 부족하다. 소비자심리지수는 기준치인 100을 소폭 하회했고, 민간소비와 설비투자 모두 정체 국면에서 벗어나지 못하고 있다. 고물가와 고금리, 부동산 시장의 불확실성이 가계의 소비 심리를 위축시키고 있으며, 중소기업과 자영업자의 체감경기도 좀처럼 나아지지 않는 상황이다.이에 따라 정부는 하반기 정책 기조를 ‘성장 전환’에 맞추고 있다. 재정 조기 집행과 민생 안정 지원은 물론, 규제 개선과 투자 활성화 대책도 병행될 예정이다. 특히 공공투자 확대, 에너지 인프라 개선, 디지털 전환 등 중장기 성장 기반 마련에도 속도를 낼 것으로 보인다. 한국은행 역시 기준금리의 인하 가능성을 열어두며 시장과의 유연한 소통을 강화하고 있다.하반기 한국 경제는 글로벌 경기와의 연동성, 정책 효과, 민간 심리 회복 여부에 따라 방향성이 결정될 전망이다. 경기 회복세가 확산될 경우 주식시장에도 긍정적 영향을 줄 수 있지만, 소비와 투자가 동반 반등하지 못할 경우 국지적 불균형이 지속될 수 있다는 우려도 공존한다. 투자자들은 경제 지표와 정부 대응 사이의 간극을 주의 깊게 살펴야 할 시점이다.동양철관, NAVER, HD한국조선해양, 코나아이, LIG넥스원무료상담",https://www.hankyung.com/article/202507223306a,2025.07.22 09:03
이자 폭탄 막자! 증권사 신용대출 3%대 전환으로 절약하는 법,,"전송종목 : 현대로템, LG씨엔에스, 신성델타테크, LG전자, 엘앤에프최근 주식 투자자들 사이에서 주식대출(미수/신용융자 등)의 고금리에 대한 부담이 커지고 있다.특히 저금리를 적용 받고 싶어도, 기존 대출을 상환하고 다시 주식을 매수해야 하는 번거로운 절차와 자금 조달의 어려움이 발목을 잡고 있다.이런 현실적인 문제를 해결하고자, 무빙스탁이 ‘증권사 신용, 대환자금대출’ 서비스를 전격 출시했다.이 상품은 주식을 매도하지 않고도, 기존의 고금리의 주식대출(미수/신용융자 등)의 3%대의 혁신적인 저금리 증권사로 전환할 수 있도록 상환자금을 제공하는 것이 핵심이다.무빙스탁 관계자는 “현재 증권사 이벤트 금리는 연 3%대 수준으로, 기존 9~10%대 고금리를 적용받는 투자자라면 절감 효과가 상당하다”며, 금리를 5%만 낮추면 “1억원 신용대출 기준으로 연간 약 500만원, 3억원이라면 1,500만원까지도 절약할 수 있다”고 밝혔다.더 놀라운 점은, 현재는 이벤트 기간으로 대환자금대출 신청시 발생하는 이자 비용까지 ‘0원’이라는 사실이다. 대환자금에 대해서 하루의 대출이자도 부담하지 않고 기존 고금리 대출을 저금리로 전환할 수 있어, 고금리 부담에 시달리던 투자자들에게 큰 호응을 얻을 전망이다.이 서비스는 부동산 시장에서 흔히 이용되던 대환대출 개념을 증권시장에 도입한 혁신적인 시도로, 주식 투자자들의 자금 운용에 새로운 대안을 제시할 것으로 기대된다.무빙스탁 ‘증권사 신용, 대환자금대출’의 비용 무료 이벤트는 이벤트 기간 동안 한정적으로 제공되는 만큼, 신용융자를 이용 중인 투자자라면 지금 바로 확인해볼 필요가 있다.★ 장마감 시간이 가까워질수록 문의가 많아 상담이 지연될 수 있습니다.★ 7월 문의하신 고객들이 많이 보유하신 종목으로는 삼성전자, POSCO홀딩스, 셀트리온, 포스코퓨처엠, 에코프로비엠, NAVER, 에코프로, 삼성SDI, LG화학, SK하이닉스, 두산에너빌리티, 카카오, SK이노베이션, LG에너지솔루션, 엘앤에프, 삼천당제약, 현대차, 알테오젠, HPSP, LG전자 등이 있습니다.★ 안내사항과도한 빚은 당신에게 큰 불행을 안겨줄 수 있습니다. 대출 시 신용등급 하락으로 다른 금융거래가 제약받을 수 있습니다. 중개수수료를 요구하거나 받는 것은 불법입니다.상호명: ㈜단비대부 2021-서울영등포-2102(대부업) | TEL: 1544-4886 | 대출금리: 연 20%이내(연체금리는 약정금리+3%p이내, 최대 연 20%이내) | 단, 2021. 7. 7.부터 신규체결, 갱신, 연장되는 계약에 한함 | 채무의 조기상환 조건 및 부대비용 없음. (단, 신용조회비용 및 담보권설정비용 있음), 이자 외 별도로 중개수수료를 요구하거나 수취하는 것은 불법입니다. | 대표이사: 박동원 | 사업자등록번호: 274-86-00231 | 등록기관명칭: 서울 영등포구청(담당부서: 일자리경제과, 02-2670-3420) | 소재지 : 서울 영등포구 여의대방로67길 11, 5층 517호 | 개인정보관리자메일: help@danbifund.co.kr무료상담",https://www.hankyung.com/article/202507223179a,2025.07.22 13:28
9~10% 주식 관련 대출에서 3%대 대출로 교체,,"전송종목 : 삼화콘덴서, 아세아, 경농, 아세아제지, 넥센타이어최근 주식 투자자들 사이에서 주식대출(미수/신용융자 등)의 고금리에 대한 부담이 커지고 있다.특히 저금리를 적용 받고 싶어도, 기존 대출을 상환하고 다시 주식을 매수해야 하는 번거로운 절차와 자금 조달의 어려움이 발목을 잡고 있다.이런 현실적인 문제를 해결하고자, 무빙스탁이 ‘증권사 신용, 대환자금대출’ 서비스를 전격 출시했다.이 상품은 주식을 매도하지 않고도, 기존의 고금리의 주식대출(미수/신용융자 등)의 3%대의 혁신적인 저금리 증권사로 전환할 수 있도록 상환자금을 제공하는 것이 핵심이다.무빙스탁 관계자는 “현재 증권사 이벤트 금리는 연 3%대 수준으로, 기존 9~10%대 고금리를 적용받는 투자자라면 절감 효과가 상당하다”며, 금리를 5%만 낮추면 “1억원 신용대출 기준으로 연간 약 500만원, 3억원이라면 1,500만원까지도 절약할 수 있다”고 밝혔다.더 놀라운 점은, 현재는 이벤트 기간으로 대환자금대출 신청시 발생하는 이자 비용까지 ‘0원’이라는 사실이다. 대환자금에 대해서 하루의 대출이자도 부담하지 않고 기존 고금리 대출을 저금리로 전환할 수 있어, 고금리 부담에 시달리던 투자자들에게 큰 호응을 얻을 전망이다.이 서비스는 부동산 시장에서 흔히 이용되던 대환대출 개념을 증권시장에 도입한 혁신적인 시도로, 주식 투자자들의 자금 운용에 새로운 대안을 제시할 것으로 기대된다.무빙스탁 ‘증권사 신용, 대환자금대출’의 비용 무료 이벤트는 이벤트 기간 동안 한정적으로 제공되는 만큼, 신용융자를 이용 중인 투자자라면 지금 바로 확인해볼 필요가 있다.★ 장마감 시간이 가까워질수록 문의가 많아 상담이 지연될 수 있습니다.★ 7월 문의하신 고객들이 많이 보유하신 종목으로는 삼성전자, POSCO홀딩스, 셀트리온, 포스코퓨처엠, 에코프로비엠, NAVER, 에코프로, 삼성SDI, LG화학, SK하이닉스, 두산에너빌리티, 카카오, SK이노베이션, LG에너지솔루션, 엘앤에프, 삼천당제약, 현대차, 알테오젠, HPSP, LG전자 등이 있습니다.★ 안내사항과도한 빚은 당신에게 큰 불행을 안겨줄 수 있습니다. 대출 시 신용등급 하락으로 다른 금융거래가 제약받을 수 있습니다. 중개수수료를 요구하거나 받는 것은 불법입니다.상호명: ㈜단비대부 2021-서울영등포-2102(대부업) | TEL: 1544-4886 | 대출금리: 연 20%이내(연체금리는 약정금리+3%p이내, 최대 연 20%이내) | 단, 2021. 7. 7.부터 신규체결, 갱신, 연장되는 계약에 한함 | 채무의 조기상환 조건 및 부대비용 없음. (단, 신용조회비용 및 담보권설정비용 있음), 이자 외 별도로 중개수수료를 요구하거나 수취하는 것은 불법입니다. | 대표이사: 박동원 | 사업자등록번호: 274-86-00231 | 등록기관명칭: 서울 영등포구청(담당부서: 일자리경제과, 02-2670-3420) | 소재지 : 서울 영등포구 여의대방로67길 11, 5층 517호 | 개인정보관리자메일: help@danbifund.co.kr무료상담",https://www.hankyung.com/article/202507096261a,2025.07.09 10:48
[마켓PRO] '주가 하락이 기회' 두산에너빌·알테오젠 매집한 투자고수들,"두산에너빌리티 저가 매수 집중
알테오젠·실리콘투도 순매수
고액자산가, SK하이닉스 77억 담아","사진=게티이미지뱅크

                투자 수익률이 높은 대형 증권사 이용자들이 두산에너빌리티와 한전기술 등 원전 관련주를 집중 매집한 것으로 나타났다. 최근 주가가 하락한 바이오·제약주에도 매수세가 몰렸다. 13일 미래에셋증권에 따르면 이 증권사를 이용하는 수익률 상위 1% 투자 고수들은 지난 4~11일 두산에너빌리티를 가장 많이 사들였다. 이 기간 주가가 4.12% 빠졌지만 주가 내림세를 저가 매수 기회로 본 분위기다. 문경원 메리츠증권 연구원은 “두산에너빌리티는 원전 사업으로 이익을 낼 시점이 2030년대로 예상되는 와중 주가가 미리 상승하고 있다”며 “별다른 이벤트가 없는 시기엔 조정을 거칠 수 있지만, 연내 한미정상회담, 인공지능(AI) 액션데이, 소형모듈원자로(SMR)과 가스터빈 수주 등 모멘텀이 남아있다”고 분석했다. 
                    




                투자고수들은 이 기간 주가가 2.23% 내린 알테오젠도 많이 사들였다. 알테오젠은 올 4분기부터 머크의 키트루다SC를 통한 마일스톤 수익이 발생할 전망이다. 최근엔 알테오젠 2대주주인 형인우 스마트앤그로스 대표가 코스닥에서 유가증권시장(코스피)으로 이전 상장하라는 요구를 밝히기도 했다. 순매수 3위는 실리콘투였다. 실리콘투는 지난주 주가가 0.37% 내렸다. 이승은 유안타증권 연구원은 “실리콘투는 실적이 구조적 개선 흐름을 타고 있다”며 “마진·브랜드·지역 모두에서 질적 성장을 이루고 있다”고 분석했다. 최근 인적분할 계획을 취소한 파마리서치(순매수 4위)에도 순매수세가 몰렸다. 파마리서치는 에스테틱 사업을 신설법인 ‘파마리서치’로 떼어낸다는 계획을 지난달 발표했으나 투자자와 국회 안팎 등의 반대 분위기에 지난 8일 분할 계획을 철회했다. 증권가는 파마리서치가 올 2분기 분기 최대 실적을 낼 것으로 예상하고 있다. 고액자산가들은 SK하이닉스를 집중 매집한 것으로 나타났다. 한국투자증권에 따르면 이 증권사 계좌 평균 잔액이 10억원 이상인 고액자산가 투자자들은 지난달 27일부터 지난 3일까지 SK하이닉스를 77억원어치 순매수했다. 





                고액자산가들은 최근 항체 신약 물질을 기술 이전하는 계약을 체결했다고 밝힌 에이비온을 46억원 순매수했다. 네이버(순매수 3위), 한미반도체(4위), 한화(5위) 등도 한국투자증권을 이용하는 고액자산가들의 순매수 상위 목록에 올랐다두 증권사 순매수 상위 명단에 공통으로 오른 종목은 두산이었다. 미래에셋증권 투자고수들은 두산을 여섯번째로 많이 순매수했다. 한국투자증권을 이용하는 자산가들은 두산을 23억원어치 순매수했다. 두산은 최근 정부 정책 기조에 따른 기대감에 주가가 오르고 있다. 상법 개정에 따라 지주사에 투자가 몰리는 와중 자사주 소각 정책에 따라 주가가 더 오를 수 있다는 게 시장 예상이다. 자사주가 줄어들면 주당순이익(EPS)이 올라간다. 두산이 보유한 자사주는 발행주식 총수의 10%를 웃돈다. 자체 사업인 전자BG 부문 실적 기대감도 받고 있다. 두산은 AI 반도체 핵심 소재인 동박적층판(CCL)을 지난해 11월부터 엔비디아에 납품하고 있다. 선한결 기자 always@hankyung.com",https://www.hankyung.com/article/202507134802i,2025.07.13 13:34
연 4%대 업계 최저 금리로 저렴하게! DSR 무관 상품까지!,,"투자자들 사이에서 ‘스탁론’에 대한 관심이 높아지고 있다. 스탁론은 자기자본 포함 최대 4배까지 활용 가능하며 증권사 신용/미수 대환 용도로도 활용 가능해 대표적인 레버리지 수단으로 자리잡은 상태다.그러나 DSR 한도가 스탁론에도 적용된 후 다른 대출, 소득 증빙 문제로 예전처럼 이용하기 어려워졌다. 이와 함께 높아진 금리도 스탁론 이용을 망설이게 만든 원인으로 꼽힌다.그러나 해결책은 있다. 21년 연속 스탁론 업계 1위를 지키고 있는 하이스탁론이 DSR 무관하게 이용할 수 있는 상품은 물론 연 4%대 최저금리로 이용 가능한 상품까지 취급하며 선택의 폭을 넓힌 것이다.




 

◆ 하이스탁론, 연 4%대 업계 최저금리로 추가 투자금은 물론 신용미수 대환까지!<하이스탁론>에서 누구나 부담 없이 스탁론을 경험할 수 있도록 연 4%대 최저금리 상품을 출시했다. 주식매입 용도는 물론 증권사 미수/신용 대환도 가능하며 신용등급 차등 없이 자기자본 포함 최대 4배까지 활용할 수 있다.이와 함께 DSR 한도 때문에 기존 스탁론 이용이 어려웠던 투자자들은 위한 DSR 무관 상품도 취급 중이다. 또한 장중 거래가 어려웠던 투자자를 위한 대체거래소(NXT) 거래도 가능해졌다.<하이스탁론>의 새로운 상품에 대해 자세히 알고 싶은 투자자는 고객상담센터(1599-0313)로 연락하면 대출 여부와 상관없이 24시간 언제든 전문상담원과 편리한 상담이 가능하다.○ 연 4%대 업계 최저금리 상품 출시○ 대체거래소(NXT) 거래 가능!○ 21년 연속 시장 점유율 1위, 16년 연속 대한민국퍼스트브랜드 대상○ 증권사 신용/미수 실시간 상환, 한종목 100% 집중 투자○ 믿을 수 있는 상담품질보증제※하이스탁론상담센터 : 1599-0313바로가기:https://www.hisl.co.kr/0313◆ 현 시각 관심종목 Top 10 : 한미반도체, NAVER, 현대로템, 에코프로, 서울보증보험, 피아이이, 피코그램, 프롬바이오, 비케이홀딩스, 부국증권무료상담",https://www.hankyung.com/article/202507224414a,2025.07.23 13:05
5거래일 연속 상승한 이종목..다들 주목하는 이유는?,,"경유레카는 한국경제신문의 디지털 미디어인 한경닷컴에서 개발한 개별 종목에대한인공지능(AI) 알고리즘 업체의 투자 의견을 종합한 'AI 컨센서스'를 제공하는 서비스입니다. '한경유레카' 앱은 구글 플레이 스토어 혹은 앱스토어에서 내려받을 수 있습니다.





종목추천 서비스 종합 플랫폼 한경유레카에 입점한 뉴지랭크가 전거래일(4일) LG화학을 추천하여 수익률 5.3%를 기록했다.뉴지랭크는 iM그룹 계열사인 뉴지스탁에서 만든 종목추천 서비스로 모멘텀 및 펀더멘탈을 기반으로 만든 알고리즘이다.뉴지랭크는 LG화학에 대해 부채 관리가 원활하여 위험이 낮고 부진했던 영업이익에서 최근 긍정적인 변화를 가지고 있다며 해당 종목을 추천했다. 한경유레카에서 신규가입을 하고 뉴지랭크를 구독하면 1개월간 무료로 추천종목을 문자로 받아볼 수 있다.  본 글은 투자 참고용입니다.에르코스 한화솔루션 현대제철 현대로템 NAVER",https://www.hankyung.com/article/202507071736a,2025.07.07 12:18
"""네이버, 잠재 성장 요소 많아…목표가 33만원""-교보",목표가 28만5000원→33만원,"사진=네이버

                교보증권은 7일 네이버의 목표주가를 기존 28만5000원에서 33만원으로 높였다. 광고 매출 증대, 쇼핑 중심 인공지능(AI) 에이전트 출시 효과를 반영하면서다. 정부 주도 프로젝트 사업자 선정 기대감도 호평했다. 투자의견은 '매수'를 유지했다.김동우 교보증권 연구원은 ""네이버는 AI 브리핑을 통해 기존 비즈니스 쿼리 중심에서 정보전달형 쿼리로 범위를 재확장하고, 하반기 통합검색 개인화·피드 확장을 통해 정보성 쿼리에서의 광고 매출 증대를 전망했다""고 전했다.이어 ""마켓컬리, 콘텐츠 등 멤버십 강화와 연내 쇼핑 중심 AI 에이전트를 출시해 내수 경제가 회복되면 네이버의 수혜가 전망된다""며 ""독자 AI 파운데이션 모델 프로젝트, 그래픽처리장치(GPU) 확보·구축 등 정부 주도 프로젝트 사업 선정, 정책 투자를 유치하면 네이버의 AI 전략 실행에 속도가 붙고, 외연 확장도 기대된다""고 밝혔다.2분기 매출은 2조9100억원, 영업이익은 5207억원으로 컨센서스(증권사 추정치 평균)에 부합할 것으로 봤다. 각각 전년 동기 대비 11.5%, 10.2% 늘어난 수치다. 영업이익률 전망치는 17.9%다.진영기 한경닷컴 기자 young71@hankyung.com",https://www.hankyung.com/article/2025070715846,2025.07.07 08:46
합리적 투자 필수! 증권사 신용대출 3%대 전환으로 이자 절감,,"전송종목 : 제일일렉트릭, 콜마비앤에이치, 휴메딕스, 에이디테크놀로지, 서연이화최근 주식 투자자들 사이에서 주식대출(미수/신용융자 등)의 고금리에 대한 부담이 커지고 있다.특히 저금리를 적용 받고 싶어도, 기존 대출을 상환하고 다시 주식을 매수해야 하는 번거로운 절차와 자금 조달의 어려움이 발목을 잡고 있다.이런 현실적인 문제를 해결하고자, 무빙스탁이 ‘증권사 신용, 대환자금대출’ 서비스를 전격 출시했다.이 상품은 주식을 매도하지 않고도, 기존의 고금리의 주식대출(미수/신용융자 등)의 3%대의 혁신적인 저금리 증권사로 전환할 수 있도록 상환자금을 제공하는 것이 핵심이다.무빙스탁 관계자는 “현재 증권사 이벤트 금리는 연 3%대 수준으로, 기존 9~10%대 고금리를 적용받는 투자자라면 절감 효과가 상당하다”며, 금리를 5%만 낮추면 “1억원 신용대출 기준으로 연간 약 500만원, 3억원이라면 1,500만원까지도 절약할 수 있다”고 밝혔다.더 놀라운 점은, 현재는 이벤트 기간으로 대환자금대출 신청시 발생하는 이자 비용까지 ‘0원’이라는 사실이다. 대환자금에 대해서 하루의 대출이자도 부담하지 않고 기존 고금리 대출을 저금리로 전환할 수 있어, 고금리 부담에 시달리던 투자자들에게 큰 호응을 얻을 전망이다.이 서비스는 부동산 시장에서 흔히 이용되던 대환대출 개념을 증권시장에 도입한 혁신적인 시도로, 주식 투자자들의 자금 운용에 새로운 대안을 제시할 것으로 기대된다.무빙스탁 ‘증권사 신용, 대환자금대출’의 비용 무료 이벤트는 이벤트 기간 동안 한정적으로 제공되는 만큼, 신용융자를 이용 중인 투자자라면 지금 바로 확인해볼 필요가 있다.★ 장마감 시간이 가까워질수록 문의가 많아 상담이 지연될 수 있습니다.★ 7월 문의하신 고객들이 많이 보유하신 종목으로는 삼성전자, POSCO홀딩스, 셀트리온, 포스코퓨처엠, 에코프로비엠, NAVER, 에코프로, 삼성SDI, LG화학, SK하이닉스, 두산에너빌리티, 카카오, SK이노베이션, LG에너지솔루션, 엘앤에프, 삼천당제약, 현대차, 알테오젠, HPSP, LG전자 등이 있습니다.★ 안내사항과도한 빚은 당신에게 큰 불행을 안겨줄 수 있습니다. 대출 시 신용등급 하락으로 다른 금융거래가 제약받을 수 있습니다. 중개수수료를 요구하거나 받는 것은 불법입니다.상호명: ㈜단비대부 2021-서울영등포-2102(대부업) | TEL: 1544-4886 | 대출금리: 연 20%이내(연체금리는 약정금리+3%p이내, 최대 연 20%이내) | 단, 2021. 7. 7.부터 신규체결, 갱신, 연장되는 계약에 한함 | 채무의 조기상환 조건 및 부대비용 없음. (단, 신용조회비용 및 담보권설정비용 있음), 이자 외 별도로 중개수수료를 요구하거나 수취하는 것은 불법입니다. | 대표이사: 박동원 | 사업자등록번호: 274-86-00231 | 등록기관명칭: 서울 영등포구청(담당부서: 일자리경제과, 02-2670-3420) | 소재지 : 서울 영등포구 여의대방로67길 11, 5층 517호 | 개인정보관리자메일: help@danbifund.co.kr무료상담",https://www.hankyung.com/article/202507035123a,2025.07.03 13:08
이자 폭탄 막자! 증권사 신용대출 3%대 전환으로 절약하는 법,,"전송종목 : 동성케미컬, 이엔에프테크놀로지, 디와이피엔에프, 원익머트리얼즈, 우진




 

최근 주식 투자자들 사이에서 주식대출(미수/신용융자 등)의 고금리에 대한 부담이 커지고 있다.특히 저금리를 적용 받고 싶어도, 기존 대출을 상환하고 다시 주식을 매수해야 하는 번거로운 절차와 자금 조달의 어려움이 발목을 잡고 있다.이런 현실적인 문제를 해결하고자, 무빙스탁이 ‘증권사 신용, 대환자금대출’ 서비스를 전격 출시했다.이 상품은 주식을 매도하지 않고도, 기존의 고금리의 주식대출(미수/신용융자 등)의 3%대의 혁신적인 저금리 증권사로 전환할 수 있도록 상환자금을 제공하는 것이 핵심이다.무빙스탁 관계자는 “현재 증권사 이벤트 금리는 연 3%대 수준으로, 기존 9~10%대 고금리를 적용받는 투자자라면 절감 효과가 상당하다”며, 금리를 5%만 낮추면 “1억원 신용대출 기준으로 연간 약 500만원, 3억원이라면 1,500만원까지도 절약할 수 있다”고 밝혔다.더 놀라운 점은, 현재는 이벤트 기간으로 대환자금대출 신청시 발생하는 이자 비용까지 ‘0원’이라는 사실이다. 대환자금에 대해서 하루의 대출이자도 부담하지 않고 기존 고금리 대출을 저금리로 전환할 수 있어, 고금리 부담에 시달리던 투자자들에게 큰 호응을 얻을 전망이다.이 서비스는 부동산 시장에서 흔히 이용되던 대환대출 개념을 증권시장에 도입한 혁신적인 시도로, 주식 투자자들의 자금 운용에 새로운 대안을 제시할 것으로 기대된다.무빙스탁 ‘증권사 신용, 대환자금대출’의 비용 무료 이벤트는 이벤트 기간 동안 한정적으로 제공되는 만큼, 신용융자를 이용 중인 투자자라면 지금 바로 확인해볼 필요가 있다.★ 장마감 시간이 가까워질수록 문의가 많아 상담이 지연될 수 있습니다.★ 7월 문의하신 고객들이 많이 보유하신 종목으로는 삼성전자, POSCO홀딩스, 셀트리온, 포스코퓨처엠, 에코프로비엠, NAVER, 에코프로, 삼성SDI, LG화학, SK하이닉스, 두산에너빌리티, 카카오, SK이노베이션, LG에너지솔루션, 엘앤에프, 삼천당제약, 현대차, 알테오젠, HPSP, LG전자 등이 있습니다.★ 안내사항과도한 빚은 당신에게 큰 불행을 안겨줄 수 있습니다. 대출 시 신용등급 하락으로 다른 금융거래가 제약받을 수 있습니다. 중개수수료를 요구하거나 받는 것은 불법입니다.상호명: ㈜단비대부 2021-서울영등포-2102(대부업) | TEL: 1544-4886 | 대출금리: 연 20%이내(연체금리는 약정금리+3%p이내, 최대 연 20%이내) | 단, 2021. 7. 7.부터 신규체결, 갱신, 연장되는 계약에 한함 | 채무의 조기상환 조건 및 부대비용 없음. (단, 신용조회비용 및 담보권설정비용 있음), 이자 외 별도로 중개수수료를 요구하거나 수취하는 것은 불법입니다. | 대표이사: 박동원 | 사업자등록번호: 274-86-00231 | 등록기관명칭: 서울 영등포구청(담당부서: 일자리경제과, 02-2670-3420) | 소재지 : 서울 영등포구 여의대방로67길 11, 5층 517호 | 개인정보관리자메일: help@danbifund.co.kr무료상담",https://www.hankyung.com/article/202507173368a,2025.07.17 08:33
"한성숙 ""기존 경쟁력 더 이상 보장 안된다…한국형 디스커버리 제도 도입""",,"한성숙 중소벤처기업부 장관이 24일 정부세종청사에서 열린 취임식에서 취임 일성을 밝히고 있다. 중소벤처기업부 제공

                “인공지능(AI)과 디지털 전환에 발맞춘 정책 혁신으로 중소기업과 소상공인의 ‘진짜 성장’을 설계하겠다.”한성숙 신임 중소벤처기업부 장관이 24일 세종정부청사에서 취임식을 갖고 “기존의 경쟁력만으론 더 이상 생존을 장담할 수 없다”며 이렇게 말했다. 네이버 최고경영자(CEO)를 지낸 기업인 출신 장관으로서 중소·벤처기업의 기술 혁신에 드라이브를 걸겠다는 의지를 표명했다. 한 장관은 이날 취임사를 통해 “전 산업에 걸쳐 AI와 디지털 전환이 가속화되고 있으며, 기술과 데이터를 제대로 활용하지 못하면 살아남기 어려운 시대가 됐다”며 “공급망 재편, 보호무역주의 강화 등 글로벌 불확실성과 인구 감소, 지역 공동화 등 구조적 위기까지 겹쳐 있는 복합적 국면”이라고 진단했다.위기 타개를 위해 중소기업의 디지털 전환과 창업·벤처 생태계 혁신에 주력하겠다고 밝혔다. 한 장관은 “디지털 전환과 AI전환은 우리의 강한 제조기업과 연계될 때 더 큰 시너지를 발휘한다”며 “중소기업의 디지털 전환은 기초부터 고도화까지 다양한 수준으로 보급하고 AI스마트공장 등으로 확산하겠다”고 강조했다. 이를 뒷받침하기 위해 ‘스마트 제조산업 혁신법’ 제정도 추진하겠다고 밝혔다.벤처 생태계 강화도 과제로 제시했다. 한 장관은 “연기금 등 민간자금의 벤처투자 시장 참여 확대, 모태펀드 존속기간 연장 등 기능 재정립을 통해 국내 벤처투자 시장을 적극적으로 확대하겠다”며 “벤처 4대 강국 도약 종합대책을 마련해 최고 수준의 벤처·스타트업 생태계를 만들 것”이라고 밝혔다.이재명 정부의 핵심 테마인 ‘공정경제’ 정책 강화도 예고했다. 한 장관은 “대·중소기업이 공정한 환경에서 함께 성장하는 동반성장 생태계를 구축하겠다”며 “‘한국형 디스커버리’제도를 도입해 중소기업에 대한 기술탈취 행위를 근절하겠다”고 말했다.디스커버리 제도는 한 쪽 당사자가 독점하는 증거자료를 법원의 명령 또는 객관적 절차로 상대방에게 제출하게 해 실체적 진실 규명과 권리구제를 강화하는 증거수집제도다. 특허 분쟁에서 대기업에 비해 불리한 입장에 있는 중소기업의 권익을 증진시키는 제도다. 이 뿐 아니라 납품대금 연동제 보완 등도 과제로 제시했다.소상공인 보호 및 지역 경제 활성화도 주요 정책 목표다. 한 장관은 “상환기간 연장·금리감면 등으로 채무부담을 경감하며, 고정비용 부담도 완화하겠다”며 “대형 재난에 대한 피해복구 체계 마련, 고용보험 지원, 화재공제 강화 등에 집중하겠다”고 강조했다.일하는 방식에 대해선 현장과의 소통을 강조했다. 한 장관은 “중소벤처기업부는 ‘정책 전략조직’이 돼야 한다”며 “모든 정책을 ‘정책 대상자 중심’ ‘실제 사용자 입장’에서 설계해야 한다”고 말했다. 끝으로 “1세대 벤처기업인으로서 수많은 시행착오와 성취 속에서 우리의 기술력과 아이디어로 글로벌 빅테크 기업들과 경쟁하고 성과를 만들어냈다”며 “8년 맞은 중기부 노력이 하나의 창업 여정”이라 강조했다.황정환 기자 jung@hankyung.com",https://www.hankyung.com/article/202507249098i,2025.07.24 10:59
"웅진씽크빅, 조직개편 단행…""기존 사업 효율화하고 신사업 확대""",,"웅진씽크빅 제공

                웅진씽크빅은 전통 교육 사업의 운영 효율화와 신사업 확대를 위해 조직개편을 단행했다고 21일 밝혔다. 본부 간 중복 기능을 통합하고 소통 채널을 일원화해 성과 극대화를 꾀하는 데 초점을 맞췄다.이번 개편에서는 기존 교육문화사업본부, 미래교육사업본부, 온라인사업본부를 아우르는 ‘교육사업 총괄 부문장’ 직책을 신설했다. 시장 변화에 민첩하게 대응하고 의사결정 구조를 간소화하기 위한 전략이다. 신설된 직책은 각 본부에 분산됐던 기획 및 마케팅 기능을 통합해 전략 실행력을 강화하고 현장 중심의 사업 성과를 극대화하는 역할을 맡는다.초대 교육사업 총괄 부문장으로는 송하봉 전무가 선임됐다. 송 전무는 한국마이크로소프트에서 파트너 총괄과 최고재무책임자(CFO)를 역임했다. 다양한 글로벌 기업에서 영업 프로세스 개선과 디지털 기반 전략을 도입한 경력을 갖췄다는 평가다. 특히 한국마이크로소프트 재직 당시에는 인공지능(AI) 시스템 솔루션 구축에 주도적인 역할을 한 것으로 평가받는다.에듀테크 사업을 담당하던 기존 DX(디지털 전환·Digital Transformation)사업본부는 ‘DGP(디지털 성장 플랫폼·Digital Growth Platform)사업본부’로 확대 개편한다. 이곳에서는 유데미를 중심으로 한 성인교육 사업은 물론, 기존 단행본사업본부에 포함돼 있던 웹툰·웹소설 사업까지 통합해 신사업을 전담한다. 회사는 DGP사업본부를 중심으로 AI 기반 서비스와 기업 간 거래 (B2B) 솔루션 등 디지털 전환 및 미래 전략을 추진할 방침이다.DGP사업본부 초대 본부장에는 김일경 상무가 선임됐다. 김 상무는 네이버 경영전략실과 NHN 웹콘텐츠마케팅팀 등을 이끌며 전략 수립 및 콘텐츠 사업에 풍부한 경험을 쌓았다. 웅진씽크빅은 김 본부장의 합류가 웹툰·웹소설 사업 활성화와 글로벌 전략 강화에 기여할 것으로 기대하고 있다.웅진씽크빅은  상반기 중 조직 효율화와 사업 재정비를 마무리하고 하반기부터는 전통 교육 사업과 신사업 모두에 역량을 집중할 계획이다. 특히 모든 사업 부문에 AI 솔루션을 확대 적용하는 동시에, 에듀테크 제품의 해외 수출 확대와 신제품 출시에도 속도를 낼 예정이다.회사 관계자는 “작년부터 단계적으로 추진해 온 조직개편이 마무리되면서 전통 교육과 신사업 모두에 집중할 수 있는 기반이 마련됐다”며 “조직 통합에 따른 운영 안정성과 함께 실적 개선 효과도 점차 가시화할 것”이라고 말했다.이미경 기자 capital@hankyung.com",https://www.hankyung.com/article/202507211816i,2025.07.21 14:07
"역시 임영웅, 수해 이재민 위해 2억 쾌척…누적 총 23억",,"가수 임영웅 / 사진=변성현 한경닷컴 기자

                가수 임영웅이 호우 피해 이재민 지원을 위해 2억원을 기부했다. 사랑의열매 사회복지공동모금회(회장 김병준)는 가수 임영웅이 집중호우로 피해를 입은 이재민과 지역사회를 돕기 위해 팬클럽 ‘영웅시대’ 이름으로 지난 20일 총 2억원을 기부했다고 밝혔다.이번 기부금은 임영웅이 1억원, 소속사 물고기뮤직이 1억원을 각각 기부하며 마련된 것으로, 전국 곳곳에서 발생한 폭우로 피해를 입은 이재민의 긴급 구호, 임시 거주, 생계 지원, 피해 복구 등에 사용될 예정이다. 임영웅은 “갑작스러운 폭우로 일상을 위협받고, 불안 속에서 하루하루를 견디고 계신 분들을 생각하며 마음이 무겁다”며 “작은 정성이지만 위로가 닿기를 바라고, 하루빨리 일상을 회복하시기를 진심으로 응원한다”고 전했다.임영웅은 올해 3월에도 산불 피해 복구를 돕기 위해 팬클럽 ‘영웅시대’ 이름으로 사랑의열매에 기부한 바 있다. 당시에도 소속사 물고기뮤직과 함께 참여해 피해 지역 이재민 구호와 복구에 힘을 보탰다. 그는 지난 2021년부터 사랑의열매를 통해 꾸준히 나눔을 실천해왔으며, 이번 기부를 포함한 사랑의열매 누적 기부액은 총 23억원에 달한다. 특히 △경북·강원 대형 산불 피해 지원 △집중호우 수해 피해 긴급 지원 △취약계층 겨울나기 생계비 지원 등 재난·재해부터 복지 사각지대 해소까지 폭넓은 영역에서 나눔을 이어오고 있다.팬클럽 ‘영웅시대’ 역시 사랑의열매 ‘나눔리더스클럽’에 가입해 정기 기부를 이어가고 있으며, 지역별로도 봉사활동, 연탄 나눔, 생필품 지원 등 다양한 활동을 통해 선한 영향력을 실천하고 있다. 임영웅과 팬들이 함께하는 이 같은 기부 행보는 아티스트와 팬덤이 함께 만들어가는 기부 문화의 좋은 본보기로 평가받고 있다. ‘나눔리더스클럽’은 팬클럽, 동호회, 동창회, 종친회, 향우회 등 다양한 형태의 모임이 3년 이내 1000만 원 이상을 일시 또는 약정 기부할 경우 가입할 수 있는 사랑의열매의 기부 프로그램이다.한편 사랑의열매는 8월 17일까지 집중호우 피해 지원을 위한 특별모금을 진행하고 있다. 중앙재난안전대책본부에 따르면 20일 18시 기준, 집중호우로 28명(사망 17명, 실종 11명)의 인명피해가 발생했으며, 전국 9,700여 세대 1만 3,000여 명이 대피, 이 중 2,700여 명은 아직 귀가하지 못한 상태다.기부는 사랑의열매 홈페이지에 안내된 특별모금 전용계좌 및 온라인 모금함(네이버 해피빈, 카카오 같이가치, 체리)를 통해 참여할 수 있으며, 기부 관련 상담은 나눔콜센터로 문의하면 된다. 김소연 한경닷컴 기자 sue123@hankyung.com",https://www.hankyung.com/article/2025072111087,2025.07.21 10:05
,,,https://magazine.hankyung.com/job-joy/article/202507161965d,
,,,https://magazine.hankyung.com/business/article/202507023295b,
美는 kWh 당 112원…한국보다 39% 저렴,"中도 116원…일부선 60원 수준
매년 급등하는 산업용 전기료
기업 경쟁력 갉아먹는다는 지적","13조8796억원. 삼성전자, SK하이닉스, 현대제철 등 국내에서 전기를 가장 많이 쓰는 20개 기업이 지난해 낸 전기료다. 1년 전(12조4530억원)보다 11.5% 늘었다. 전기를 그만큼 많이 써서가 아니다. 정부가 산업용 전기료를 대폭 올린 여파다.20일 업계에 따르면 한국전력은 2021년 이후 산업용 전기료를 일곱 차례에 걸쳐 ㎾h당 105.5원에서 182.7원으로 73.2% 올렸다. 산업용 전기료 수준이 경제협력개발기구(OECD) 회원 36개국 중 26번째로 낮은 데다 한전의 누적 적자가 심해 더는 버틸 수 없다는 게 전기료 인상의 근거다.그러나 국내 산업용 전기료는 주력 산업에서 경쟁하는 미국, 중국보다 훨씬 비싸다. 미국의 평균 전기료는 112원으로 한국보다 39% 저렴하다. 한국 기업이 여럿 진출한 텍사스주(78원)와 조지아주(84원)는 절반 이하다. 중국의 평균 전기료도 미국과 비슷한 116.6원이다. 햇빛 좋고 물 좋은 신장위구르 자치구와 네이멍구, 윈난성 등지의 전기료는 60~70원에 불과하다.문제는 미국·중국과의 전기료 격차가 갈수록 더 커질 것이란 데 있다. 이재명 정부가 해상풍력, 태양광 등 재생에너지를 통해 생산한 전기만 100% 사용하는 ‘RE100’에 드라이브를 걸고 있어서다. 전력거래소에 따르면 전력 거래 시장에서 태양광으로 생산한 전력을 구입하는 비용은 ㎾h당 135.6원으로 원전 단가(66.3원)의 두 배 이상이다. 값비싼 재생에너지 생산량이 늘수록 기업들의 전기료 부담은 증가할 수밖에 없다.삼성전자와 SK하이닉스가 경기 평택·용인 등에 반도체 공장을 짓고 있는 데다 네이버와 카카오 등이 ‘전기 먹는 하마’인 인공지능(AI) 데이터센터를 건립하고 있는 만큼 전기 수요가 급격히 늘어나는 것도 전기료 인상을 부추기는 대목이다. 초고압 송전망 확충, 에너지저장장치(ESS) 구축 등 인프라 투자에도 목돈이 들어간다. 업계에선 이런 점을 감안할 때 올 4분기에 전기료가 또다시 인상될 것으로 우려하고 있다.김진원 기자 jin1@hankyung.com",https://www.hankyung.com/article/2025072001821,2025.07.20 18:23
전년대비 50% 이상 영업이익이 증가할 것으로 기대되는 종목은?,,"경유레카는 한국경제신문의 디지털 미디어인 한경닷컴에서 개발한 개별 종목에대한인공지능(AI) 알고리즘 업체의 투자 의견을 종합한 'AI 컨센서스'를 제공하는 서비스입니다. '한경유레카' 앱은 구글 플레이 스토어 혹은 앱스토어에서 내려받을 수 있습니다.





종목추천 서비스 종합 플랫폼 한경유레카에 입점한 뉴지랭크가 전거래일(11일) 파라다이스를 추천하여 수익률 4.1%를 기록했다.뉴지랭크는 iM그룹 계열사인 뉴지스탁에서 만든 종목추천 서비스로 모멘텀 및 펀더멘탈을기반으로 만든 알고리즘이다.뉴지랭크는 파라다이스에 대해 부채비율이 낮아 재무 리스크가 크지 않고 영업이익이 전년대비 50% 이상 증가할 것으로 예상되며 자산대비 주가가 낮은편이라고 해당종목을 추천했다. 한경유레카에서 신규가입을 하고 파라다이스를 구독하면 1개월간 무료로 추천종목을 문자로 받아볼 수 있다.  본 글은 투자 참고용입니다.SK하이닉스 NAVER 현대바이오 카카오 NHN KCP",https://www.hankyung.com/article/202507145751a,2025.07.14 12:37
경남-네이버 'AI 동맹'…행정도 조선업도 클로바 활용,취약계층 의료지원에도 도입,"경상남도가 ‘경남형 인공지능(AI)산업 혁신’을 위한 구체적인 로드맵 마련에 나섰다.경상남도는 21일 도청 회의실에서 네이버클라우드와 협력 회의를 열고 제조산업 AI 생태계 조성 방향과 경남도정 전반의 AI 기술 융합 방안을 논의했다. 이 자리에는 도 유관 부서는 물론이고 경남대 RISE사업단, 경남테크노파크, 경남창조경제혁신센터도 참석했다.도는 한국어에 특화된 네이버클라우드의 초거대 언어모델 ‘하이퍼클로바 X(Hyperclova X)’를 활용해 다양한 AI 서비스를 개발한 뒤 도정에 적용할 계획이다.우선 방산, 우주항공, 조선 등 경남의 풍부한 제조 데이터를 수집하고 표준화한 뒤 이를 바탕으로 하이퍼클로바 X 기반의 제조 특화 언어모델을 개발해 도내 제조 기업을 대상으로 실증한다. 또 지역 사정에 맞게 개발된 AI 모델을 오픈소스로 공개해 소프트웨어 창업 기업이 이를 기반으로 응용 서비스를 개발할 수 있도록 할 방침이다.네이버클라우드 ‘클로바 케어콜’을 활용해 취약계층 의료 서비스를 향상하는 방안도 모색한다. 통화자의 감정, 건강 상태를 기억해 사용자와 자연스러운 대화를 할 수 있는 클로바 케어콜은 이상 징후 발견 시 병원과 지역 기관까지 즉시 연결 가능한 AI 기반 고령자 돌봄 솔루션이다. 도는 이를 통해 복지 서비스 기능을 만성 질환 관리 등 의료 서비스 영역으로 확대해 의료 취약지 주민의 접근성을 높일 것으로 기대한다.윤인국 도 산업국장은 “제조산업, 공공 행정, 보건·의료 등 도정에 AI를 도입해 도민이 체감할 수 있도록 네이버클라우드와 협력을 지속할 예정”이라며 “특히 제조산업에 맞는 AI 모델 개발과 기업 실증 등 기술 확산 사이클을 연내 확립하겠다”고 말했다.창원=김해연 기자 haykim@hankyung.com",https://www.hankyung.com/article/2025072125681,2025.07.21 17:45
"넷마블 <세븐나이츠 리버스>, 세나의 달 기념 대규모 업데이트 진행","쿠폰코드 찾아 입력하는 ‘대보물시대’ 이벤트 진행, ‘사황 린’ 포함 77종 보상 획득 가능

‘사황 린’, ‘(구)사황 카르마’ 등 전설등급 영웅 2종 추가

길드전, 시련의탑, 의상실 등 다양한 콘텐츠 업데이트","넷마블(대표 김병규)은 신작 수집형 RPG <세븐나이츠 리버스(Seven Knights Re:Birth)>(개발사 넷마블넥서스)에 ‘세나의 달’ 기념 대규모 업데이트를 실시했다고 10일 밝혔다.넷마블은 세나의 달 기념 ‘대보물시대’ 이벤트를 총 2회차에 걸쳐 진행한다. 인게임 및 게임 외 채널 등에서 ‘쿠폰 코드’를 찾아 입력하는 이벤트로, 이용자들은 전설 영웅 ‘사황 린’을 포함해 루비, 영웅 소환 이용권, 골드, 열쇠 등 재화 뿐만 아니라 진화 재료 선택 상자, 스킬 강화석 등 다양한 성장 재화를 획득할 수 있다.다양한 콘텐츠 업데이트도 함께 진행됐다. 먼저 ‘사황 린’, ‘(구)사황 카르마’ 등 신규 전설 영웅 2종이 추가됐다. ‘사황 린’은 지정한 횟수동안 공격이 빗나가는 ‘혼란’ 효과가 포함된 ‘용제의 진노’ 스킬과 사망 시 부활, 스킬 발동 시 보호막이 생성되는 ‘홍린포’ 패시브를 보유했으며, ‘(구)사황 카르마’는 ‘절망의 폭풍’ 스킬을 통해 관통 추가 피해를 입히는 것이 특징이다.시즌제로 운영되는 ‘길드전’도 열렸다. ‘길드전’은 3대 3 전투 방식으로 아군의 거점을 방어하고, 적군의 거점을 돌파해 더 높은 승점을 획득한 길드가 승리하는 콘텐츠로 길드전 결과에 따라 (구)세븐나이츠 소환권, 길드전 코스튬 등 다양한 보상을 제공한다. ‘루디’와 ‘델론즈’가 각 진영을 대표해 충돌하는 서사를 바탕으로 이용자의 몰입도를 더한다.‘시련의 탑’도 추가됐다. 무한의 탑 100층 이상 클리어 시 도전할 수 있으며, 매 시즌마다 새로운 구성과 조건 속에서 도전을 진행할 수 있다. 최대 20층으로 구성, 각 층 클리어 시 획득한 메달 수에 따라 시련의 탑 영웅 소환권, 시즌별 정복 테두리 등 다양한 보상을 얻을 수 있다.이 외에도 영웅의 다양한 코스튬을 구매할 수 있는 ‘의상실’을 업데이트 했다. 코스튬은 색상 변화부터 디자인 변경, 무기 효과 추가, 전용 프로필 초상화 제공 등 등급에 따라 각기 다른 연출 요소가 적용될 예정이다.5월 15일 국내 정식 출시한 <세븐나이츠 리버스>는 원작 <세븐나이츠>의 리메이크 프로젝트로 스토리 및 전투 시스템 등 주요 게임 요소를 계승하고 최신 트렌드를 반영해 한층 향상된 재미를 선사한다. 출시 당일 7시간만에 앱스토어 매출 1위, 5일만에 국내 양대 앱마켓 매출 1위를 기록했으며 이후 앱마켓 상위권을 유지하며 흥행을 이어가고 있다. 게임 공식 모델로 가수 '비비'가 선정돼 '더 뉴 세븐나이츠 송'을 공개하는 등 다양한 활동을 이어가고 있다.<세븐나이츠 리버스> 관련 자세한 내용은 공식 사이트(https://sena.netmarble.com/)와 네이버 라운지(https://game.naver.com/lounge/sena_rebirth)에서 확인할 수 있다.",https://www.hankyung.com/article/202507100140P,2025.07.10 13:19
"24일, 기관 거래소에서 삼성전자(-0.6%), KODEX 레버리지(-0.28%) 등 순매도",,"기관 투자자는 24일 거래소에서 삼성전자, KODEX 레버리지, 삼성에스디에스 등을 중점적으로 매도한 것으로 나타났다.기관 투자자의 순매도 상위 20개 종목은 삼성전자, KODEX 레버리지, 삼성에스디에스, NAVER, SK하이닉스, TIMEFOLIO K바이오액티브, 하이브, TIGER 미국S&P500, 카카오, 삼양식품등이다.이중에 전기,전자 업종에 속한 종목이 3개 포함되어 있다.SK하이닉스, TIMEFOLIO K바이오액티브, 이수페타시스 등은 전일 대비 주가가 상승했고, 삼성전자, KODEX 레버리지, 삼성에스디에스 등은 주가가 하락했다.[07월24일]거래소 기관 순매도 상위 종목한경로보뉴스이 기사는 한국경제신문과 금융 AI 전문기업 씽크풀이 공동 개발한 기사 자동생성 알고리즘에 의해 실시간으로 작성된 것입니다.",https://www.hankyung.com/article/202507240574L,2025.07.24 18:35
"신한투자증권, 국내·미국 주식 온라인 수수료 6개월간 무료",,"/사진=신한투자증권

                신한투자증권은 23일 신규·휴면 고객을 대상으로 국내·미국 주식 온라인 수수료를 6개월간 무료로 해주는 행사를 한다고 밝혔다.이번 행사는 신한 SOL증권 애플리케이션뿐만 아니라 네이버페이 간편주문 서비스를 이용한 거래에도 적용된다. 대상자는 이달 1일 이후 신규 계좌를 개설한 고객과 올해 1∼6월 국내 또는 해외 주식 거래가 없는 고객이다.행사 신청 후 온라인 거래 시 6개월간 국내 주식은 유관기관 수수까지, 미국 주식은 증권거래위원회(SEC) 수수료(Fee)까지 무료다. 다만 SEC 수수료는 연말까지 면제고 추후 변경될 수 있다.신청 후 거래 이력이 있을 경우 온라인 수수료 혜택 기간이 6개월 추가된다. 추가 기간 국내 유관기관 수수료와 미 SEC 수수료는 정상 부과된다.수수료 혜택은 매월 약정 500억원 한도(국내·미국 주식 합산)로 제공된다.중국, 홍콩, 일본 주식도 6개월간 온라인 거래 시 수수료는 국가별 제비용만 부과되며, 외화 환전 시 이벤트 대상(달러, 위안, 홍콩달러, 엔) 통화는 6개월간 95% 환전 우대 혜택이 제공된다. 해외주식 거래 이력이 있으면 6개월간 우대 혜택이 연장된다.정용욱 신한투자증권 자산관리총괄사장은 ""모바일 중심 투자 환경에 익숙한 고객들이 다양한 채널에서 동일한 혜택을 누릴 수 있도록 이벤트를 기획했다""며 ""특히 네이버페이 간편주문 서비스와 같은 접근성 높은 플랫폼을 통해 더 많은 고객이 부담 없이 투자에 입문하길 기대한다""고 말했다.자세한 사항은 신한투자증권 홈페이지, 신한 SOL증권 앱을 통해 확인할 수 있다.노정동 한경닷컴 기자 dong2@hankyung.com",https://www.hankyung.com/article/2025072369876,2025.07.23 14:21
"[책마을] ""최악의 시나리오가 현실로""…AI 전쟁 속 길 잃은 한국","AI 전쟁 2.0

하정우·한상기 지음 / 한빛비즈
380쪽 / 2만2000원

하정우 대통령실 수석이 분석한
전세계 AI 경쟁력 보고서

中 딥시크·日 사카나 '쇼크'
韓은 기술·제도적 준비 더뎌","샘 올트먼 오픈AI 최고경영자(왼쪽)가 지난 2월 프랑스 파리에서 열린 인공지능 관련 행사에서 에마뉘엘 마크롱 프랑스 대통령과 대화하고 있다.  /로이터연합뉴스

                “‘AI 전쟁 2.0’을 쓸 때가 온 것 같아요. 시간 괜찮으세요?” 중국 딥시크가 전 세계에 충격을 안긴 지난 2월, 하정우 대통령실 AI미래기획수석(당시 네이버클라우드 AI혁신센터장)은 국내 1세대 인공지능(AI) 연구자인 한상기 테크프론티어 대표에게 메시지를 보냈다. 오픈AI의 챗GPT 쇼크 직후인 2023년 2월 집필을 시작한 하 수석의 전작 이후 약 2년 만이었다.하 수석은 2년 전 한 대표와의 대담을 담은 저서를 통해 글로벌 AI 경쟁 구도를 예측했다. 그 후 AI 전장은 예상보다 더 치열하게 흘렀다. 미국 빅테크들이 개발한 대규모언어모델(LLM) 대부분은 각종 평가에서 인간 평균 능력을 앞서기 시작했다. 중국 AI 기업 딥시크의 등장과 화웨이의 AI 반도체 경쟁력 확보로 미국과 중국 간 AI 기술 격차는 2~3년 수준(스탠퍼드 AI 보고서 기준)으로 좁혀졌다. AI 안전성에 중점을 둔 유럽연합(EU)도 300조원 투자를 발표하고 ‘AI 대륙 시행 계획’을 공표하면서 본격적인 경쟁에 뛰어들었다.





                하 수석은 2년 만에 나온 신작에서 지금 한국이 놓인 현실이 전작에서 경고한 최악의 시나리오에 가깝다고 진단한다. AI가 가져올 거대한 변화 속도에 비해 한국은 사회적, 제도적 준비가 더디다. 인간이 아닌 존재가 지능을 갖추며 생겨날 악용 가능성, 자동화에 따른 해고, 고용 없는 성장에 따른 분배 논란은 이미 시작됐다. 한국이 AI 전쟁에서 지지 않으려면 다시 움직여야 한다. 저자는 새 정부가 지난 2년간의 시행착오를 교훈 삼아 제대로 된 전략을 짜고 정책을 실행한다면 다시 도약할 기회를 잡을 수 있다고 봤다.최근 일본 스타트업 사카나AI가 개발한 AI 에이전트인 ‘AI 사이언스’가 수행한 연구 결과가 세계적인 AI학회 워크숍에 채택돼 학계에 충격을 안겼다. 일본의 AI 유니콘 기업인 사카나AI는 사실 일본인이 아니라 미국 AI 연구자인 라이언 존스와 데이비드 하가 창업했다. 세계적인 수준의 연구자와 엔지니어들이 일본 스타트업에 모여든 덕이다. 미국 실리콘밸리는 인도, 중국, 러시아계 유대인 등 다양한 국적의 인재들이 넘쳐난다. 딥마인드의 데미스 허사비스는 그리스계 아버지와 싱가포르 출신 어머니 사이에서 태어났고, 전 오픈AI 최고기술책임자(CTO)인 미라 무라티는 알바니아 출신이다. 저자는 알바니아 출신의 뛰어난 여성 연구자가 만약 한국에 왔다면 과연 무라티만큼 성공할 수 있을지 묻는다.AI 논문 수만 보면 한국 KAIST의 실력은 이미 세계적인 수준이다. 하지만 실제 산업에 임팩트를 주거나 세계적인 주목을 받는 논문 비율은 낮다. 실리콘밸리나 중국 기업에서 나오는 논문들이 학교와 공동 연구한 결과물이 많은 것과는 대조적이다. 책은 임팩트 있는 논문 하나를 쓸 시간에 빨리 작성할 수 있는 논문 여러 편을 찍어내듯이 써내는 AI학계의 문제를 짚는다.정부가 추진하는 국가 AI 모델 개발 프로젝트는 단순히 하나의 국가 LLM을 만드는 것을 넘어 궁극적 목표가 5년 후의 일반인공지능(AGI) 기술 확보가 돼야 한다고도 봤다. 그래야 오픈AI와 앤스로픽같이 AGI를 목표로 달리는 글로벌 AI 기업과 경쟁할 수 있다는 논리다.글로벌 AI 경쟁 양상과 한국의 전략을 담은 이 책은 단순한 기술 전망서가 아니라 새 정부의 ‘AI 국정 전략서’로 읽힌다. 하 수석은 한국이 국가 차원의 소버린 AI 기술 경쟁력을 확보해야 하지만, 반드시 미국이나 중국을 뛰어넘을 필요는 없다고 본다. 책은 미국과 중국 같은 국가들이 파트너로 인정할 수 있을 만큼의 실력만 확보해도 충분하다고 제언한다. 책은 AI가 산업계에 미칠 여파를 짚는 것을 넘어 어떻게 AI가 인류 사회에 공헌할 수 있을지 고민하는 데까지 이어진다. 그 논의에 참여하는 게 글로벌 수준의 AI 기술력을 갖춘 국가가 할 일이라고 제언한다.고은이 기자 koko@hankyung.com",https://www.hankyung.com/article/2025070492041,2025.07.04 18:33
고금리 이자 폭탄 피하는 법! 증권사 대출 3%대로 줄이기,,"전송종목 : 대웅, 삼양식품, 태광산업, 대한항공, LG최근 주식 투자자들 사이에서 주식대출(미수/신용융자 등)의 고금리에 대한 부담이 커지고 있다.특히 저금리를 적용 받고 싶어도, 기존 대출을 상환하고 다시 주식을 매수해야 하는 번거로운 절차와 자금 조달의 어려움이 발목을 잡고 있다.이런 현실적인 문제를 해결하고자, 무빙스탁이 ‘증권사 신용, 대환자금대출’ 서비스를 전격 출시했다.이 상품은 주식을 매도하지 않고도, 기존의 고금리의 주식대출(미수/신용융자 등)의 3%대의 혁신적인 저금리 증권사로 전환할 수 있도록 상환자금을 제공하는 것이 핵심이다.무빙스탁 관계자는 “현재 증권사 이벤트 금리는 연 3%대 수준으로, 기존 9~10%대 고금리를 적용받는 투자자라면 절감 효과가 상당하다”며, 금리를 5%만 낮추면 “1억원 신용대출 기준으로 연간 약 500만원, 3억원이라면 1,500만원까지도 절약할 수 있다”고 밝혔다.더 놀라운 점은, 현재는 이벤트 기간으로 대환자금대출 신청시 발생하는 이자 비용까지 ‘0원’이라는 사실이다. 대환자금에 대해서 하루의 대출이자도 부담하지 않고 기존 고금리 대출을 저금리로 전환할 수 있어, 고금리 부담에 시달리던 투자자들에게 큰 호응을 얻을 전망이다.이 서비스는 부동산 시장에서 흔히 이용되던 대환대출 개념을 증권시장에 도입한 혁신적인 시도로, 주식 투자자들의 자금 운용에 새로운 대안을 제시할 것으로 기대된다.무빙스탁 ‘증권사 신용, 대환자금대출’의 비용 무료 이벤트는 이벤트 기간 동안 한정적으로 제공되는 만큼, 신용융자를 이용 중인 투자자라면 지금 바로 확인해볼 필요가 있다.★ 장마감 시간이 가까워질수록 문의가 많아 상담이 지연될 수 있습니다.★ 7월 문의하신 고객들이 많이 보유하신 종목으로는 삼성전자, POSCO홀딩스, 셀트리온, 포스코퓨처엠, 에코프로비엠, NAVER, 에코프로, 삼성SDI, LG화학, SK하이닉스, 두산에너빌리티, 카카오, SK이노베이션, LG에너지솔루션, 엘앤에프, 삼천당제약, 현대차, 알테오젠, HPSP, LG전자 등이 있습니다.★ 안내사항과도한 빚은 당신에게 큰 불행을 안겨줄 수 있습니다. 대출 시 신용등급 하락으로 다른 금융거래가 제약받을 수 있습니다. 중개수수료를 요구하거나 받는 것은 불법입니다.상호명: ㈜단비대부 2021-서울영등포-2102(대부업) | TEL: 1544-4886 | 대출금리: 연 20%이내(연체금리는 약정금리+3%p이내, 최대 연 20%이내) | 단, 2021. 7. 7.부터 신규체결, 갱신, 연장되는 계약에 한함 | 채무의 조기상환 조건 및 부대비용 없음. (단, 신용조회비용 및 담보권설정비용 있음), 이자 외 별도로 중개수수료를 요구하거나 수취하는 것은 불법입니다. | 대표이사: 박동원 | 사업자등록번호: 274-86-00231 | 등록기관명칭: 서울 영등포구청(담당부서: 일자리경제과, 02-2670-3420) | 소재지 : 서울 영등포구 여의대방로67길 11, 5층 517호 | 개인정보관리자메일: help@danbifund.co.kr무료상담",https://www.hankyung.com/article/202507071506a,2025.07.07 09:43
2분기 실적 기대에도 NAVER 주가 숨 고르기…AI·커머스 성장성은 여전,,"NAVER가 2분기 실적 개선 기대 속에서도 주가가 단기 조정 흐름을 보이며 숨 고르기에 들어갔다. 2분기 매출과 영업이익 모두 시장 기대치를 충족할 것이란 전망이 우세하지만, 최근 외국인 매도세와 기술적 부담이 맞물리며 주가의 상승 탄력은 다소 둔화되는 모습이다.금융정보업체 에프앤가이드는 NAVER의 2분기 연결 매출을 약 2조 9,000억 원, 영업이익을 약 5,300억 원 수준으로 예상하고 있다. 이는 전년 동기 대비 각각 두 자릿수 증가세로, 커머스·광고 부문의 회복이 주된 요인으로 분석된다.특히 스마트스토어와 서치 플랫폼 광고는 각각 10% 이상 성장한 것으로 추정되며, 플랫폼 사업의 안정성과 AI 기술 기반의 고도화가 실적 회복을 이끌고 있다는 평가다.다만, 최근 주가는 외국인 매도와 차익 실현 물량 출회로 일시적 조정을 받는 모습이다. 연초 이후 이어진 상승세 속에서 일부 기관은 투자의견 ‘중립’을 유지하며 신중한 접근을 권고하고 있다. 밸류에이션 측면에서도 NAVER의 현재 주가수익비율(PER)은 과거 평균 대비 다소 높은 수준에 머물고 있어 추가 상승에는 실적 외의 새로운 모멘텀이 필요하다는 의견도 나온다.그럼에도 증권가에서는 하반기 AI 광고·커머스의 본격화, 글로벌 서비스 확대 등을 통해 NAVER의 중장기 성장 가능성은 여전히 유효하다고 보고 있다. 업계 관계자는 “단기 조정은 오히려 추세 전환을 위한 건강한 흐름”이라며 “2분기 실적 발표와 AI 성과 구체화 여부가 향후 주가 방향을 결정할 핵심 변수”라고 밝혔다.대성산업, 한국항공우주, 부국증권, 소룩스, 삼성바이오로직스무료상담",https://www.hankyung.com/article/202507096786a,2025.07.09 14:03
"NH농협은행, 대학생 봉사단 'N돌핀 13기' 역량강화 교육 실시",,"NH농협은행(은행장 강태영)은 23일 중구 소재 본사에서 대학생봉사단 N돌핀 13기의 상반기 활동을 평가하고, 역량강화 교육을 실시했다고 밝혔다.N돌핀 13기는 상반기 동안 617회의 금융교육 지원, 봉사활동 및 지역행사 참여 70회, SNS홍보활동 2,250회 등을 실시했고, 캠퍼스존에서 아침밥먹기 홍보영상(네이버페이 제휴 이벤트), 나만의 쌀 소비 방법 영상 등을 제작하며 농업인들을 위한 쌀 소비 촉진활동도 전개했다.이러한 성과에 우수팀을 시상했고, 상반기 우수 프로젝트 공유, 구성원간 팀빌딩 등을 진행하며, 역량강화를 위한 교육시간을 가졌다.13기 단원들은 “N돌핀 활동을 하면서 소외계층 대상 금융교육 등 겪어보지 못한 사회공헌을 할 수 있어 행복했고, 하반기에는 더 에너지를 쏟겠다”고 소감을 밝혔다.농협은행 관계자는 “농협은행은 하반기에도 소외계층 금융교육, 지역사회 봉사, 쌀 소비 촉진 등 의미 있는 활동들을 실천하여 N돌핀 단원들의 성장을 아낌없이 지원할 것”이라고 밝혔다.",https://www.hankyung.com/article/202507236884P,2025.07.23 13:40
상승세 타던 네이버…외국인 매도 폭탄에 휘청 [맹진규의 글로벌 머니플로우],,"사진=연합뉴스

※ ‘맹진규의 글로벌 머니플로우'는 맹진규 한국경제신문 기자가 매주 금요일 한경닷컴 사이트에 게재하는 ‘회원 전용’ 재테크 전문 콘텐츠입니다. 한경닷컴 회원으로 가입하시면 더 많은 콘텐츠를 읽어보실 수 있습니다





                정부의 인공지능(AI) 정책 기대로 급등하던 네이버 주가가 외국인 투자자의 매도세에 휘청이고 있다.18일 기준 네이버는 지난달 말 고점 대비 16.3% 하락했다. 원화 기반 스테이블코인 도입과 AI 정책 수혜 기대에 급등했다가 차익실현 매물이 쏟아지자 내리막길을 걷고 있다.외국인의 대규모 매도세가 주가를 끌어내렸다. 한국거래소에 따르면 외국인이 이달 들어 전날까지 가장 많이 순매도한 종목은 네이버다. 이 기간에만 3989억원어치를 순매도했다.최근 외국계 투자은행을 중심으로 부정적인 전망이 나온 게 매도세를 부추겼다는 분석이 많다. 글로벌 투자은행 골드만삭스는 지난 16일 네이버의 투자 의견을 ‘매수’에서 ‘중립’으로 조정했다. 목표주가는 33만원에서 28만원으로 내렸다. 카카오톡이 생성형 인공지능(AI) 서비스를 도입하면 네이버의 핵심 수익원인 검색 부문의 경쟁력이 약해질 것이라는 이유에서다. 그러면서 카카오의 투자 의견은 ‘매수’로 제시했다.정부의 AI 정책이 구체화하면 직접적인 수혜를 누릴 수 있는 만큼 주가 상승 여력이 크다는 전망도 있다. 최승호 DS투자증권 연구원은 “이재명 정부는 소버린(주권) AI에 대한 투자를 강조하고 있다”며 “네이버도 소버린 AI를 강조해 정부의 전략과 방향이 일치하는 데다 AI 측면에서도 경쟁사 대비 풍부한 데이터를 갖고 있다”고 했다.맹진규 기자 maeng@hankyung.com",https://www.hankyung.com/article/202507210712i,2025.07.21 08:30
자기자본 포함 4배 투자금을 DSR 무관으로 신청 당일 즉시?,,"투자자들 사이에서 ‘스탁론’에 대한 관심이 높아지고 있다. 스탁론은 자기자본 포함 최대 4배까지 활용 가능하며 증권사 신용/미수 대환 용도로도 활용 가능해 대표적인 레버리지 수단으로 자리잡은 상태다.그러나 DSR 한도가 스탁론에도 적용된 후 다른 대출, 소득 증빙 문제로 예전처럼 이용하기 어려워졌다. 이와 함께 높아진 금리도 스탁론 이용을 망설이게 만든 원인으로 꼽힌다.그러나 해결책은 있다. 21년 연속 스탁론 업계 1위를 지키고 있는 하이스탁론이 DSR 무관하게 이용할 수 있는 상품은 물론 연 4%대 최저금리로 이용 가능한 상품까지 취급하며 선택의 폭을 넓힌 것이다.




 

◆ 하이스탁론, 연 4%대 업계 최저금리로 추가 투자금은 물론 신용미수 대환까지!<하이스탁론>에서 누구나 부담 없이 스탁론을 경험할 수 있도록 연 4%대 최저금리 상품을 출시했다. 주식매입 용도는 물론 증권사 미수/신용 대환도 가능하며 신용등급 차등 없이 자기자본 포함 최대 4배까지 활용할 수 있다.이와 함께 DSR 한도 때문에 기존 스탁론 이용이 어려웠던 투자자들은 위한 DSR 무관 상품도 취급 중이다. 또한 장중 거래가 어려웠던 투자자를 위한 대체거래소(NXT) 거래도 가능해졌다.<하이스탁론>의 새로운 상품에 대해 자세히 알고 싶은 투자자는 고객상담센터(1599-0313)로 연락하면 대출 여부와 상관없이 24시간 언제든 전문상담원과 편리한 상담이 가능하다.○ 연 4%대 업계 최저금리 상품 출시○ 대체거래소(NXT) 거래 가능!○ 21년 연속 시장 점유율 1위, 16년 연속 대한민국퍼스트브랜드 대상○ 증권사 신용/미수 실시간 상환, 한종목 100% 집중 투자○ 믿을 수 있는 상담품질보증제※하이스탁론상담센터 : 1599-0313바로가기:https://www.hisl.co.kr/0313◆ 현 시각 관심종목 Top 10 : 현대로템, NAVER, 다날, 한화, 한미반도체, 알테오젠, 위닉스, 파세코, 상지건설, 파미셀무료상담",https://www.hankyung.com/article/202507035308a,2025.07.04 09:30
네이버 출신 관광 플랫폼 CEO…'K컬처 글로벌화' 속도,"여행·관광분야 두루 거친 최휘영 문체부 장관 후보자

기존과 달리 민간 전문가 발탁
네이버 성장 이끌고 트리플 창업
다방면서 활약한 '복합형 인재'
""K컬처 300조 시대 열 적임자""","‘문화·체육·관광 분야의 새로운 CEO(최고경영자).’11일 대통령실은 이재명 대통령이 문화체육관광부 장관 후보자로 지명한 최휘영 놀유니버스 대표(61·사진)에 대해 이렇게 설명했다. ‘K컬처’의 글로벌 확산과 산업 고도화를 위해 플랫폼 전문가를 발탁했다는 설명이다. 역대 문체부 장관 대부분이 현직 국회의원이나 문체부 관료, 문화예술 분야 명사 출신이었던 것을 감안하면 파격 인사다.대통령실은 이날 최 후보자를 “K컬처 시장 300조원 시대를 열겠다는 대통령의 구상을 현실로 만들 참신한 민간 출신 전문가”라고 소개했다. 부산 출신으로 서울 경성고와 서강대 영어영문학과를 졸업한 최 후보자는 1991년부터 기자 생활을 하다가 2000년 야후코리아에 합류해 포털 뉴스 서비스 관련 업무를 했다. 2002년에는 NHN(현 네이버)으로 자리를 옮긴 뒤 본부 기획실장 등을 거쳐 2005~2009년 대표이사를 지냈고, 이후 2013년까지 NHN비즈니스플랫폼 대표를 맡았다.NHN 퇴직 후인 2016년에는 카카오 출신 김연정 대표와 함께 해외여행 플랫폼 트리플을 창업했다. 트리플은 빅데이터를 기반으로 항공권, 호텔 등 여행 상품과 콘텐츠를 맞춤형으로 제공하는 플랫폼이다. 지난해 누적 가입자 1000만 명을 넘길 정도로 빠르게 성장했다. 최 후보자는 트리플이 2022년 야놀자가 소유한 인터파크에 합병된 후 출범한 인터파크트리플에서도 대표를 맡았고, 지난해 11월에는 야놀자와 인터파크트리플의 통합 법인 놀유니버스의 공동대표에 취임했다.문화·체육·관광 중 특정 분야의 편중 없이 전반적인 플랫폼화와 산업 발전을 이끌 적임자를 발탁했다는 게 대통령실의 설명이다. 지난달 30일 이 대통령은 문화예술계 관계자들과 연 간담회에서 차기 문체부 장관 인선에 대해 “문화 부문에 대한 투자나 지원을 대대적으로 늘려 산업으로 키우고, 세계로 진출해 대한민국의 문화적 영향력을 크게 늘려갈 사람이 필요하다”고 말했다.최 후보자가 주로 몸담은 정보기술(IT)업계에서는 “경영 능력이 검증된 사업가”라는 평가가 지배적이다. 업계 관계자는 “네이버가 스타트업이던 시절부터 직원들과 함께 회사의 기틀을 잡은 인물 중 한 명”이라며 “다양한 분야에 관심이 많고, 조직 구성원의 의견을 적극적으로 수용하는 스타일”이라고 했다.문화예술계와 관광업계에서는 당혹감과 기대가 교차하고 있다. 관광업계 관계자는 “업계에서도 전혀 예상하지 못한 인사”라며 “문체부 정책에서 관광이 상대적으로 소외되고 있다는 인식이 있었는데, 최근 방한 외국인 관광객이 급증하는 시점에서 후보자가 중요한 역할을 해줄 것으로 기대한다”고 했다. 문화계 관계자는 “예술 현장이나 창작 지원 등 문화예술 관련 분야 경력이 없다는 점은 다소 우려된다”면서도 “각 분야의 의견을 적극 수렴한다면 특정 분야에 치우치지 않고 산업적으로 균형감 있게 정책을 추진해나갈 수 있는 인사로 보인다”고 말했다.그간 이 대통령은 ‘콘텐츠 사업가가 문체부 장관을 맡아야 한다’는 원칙하에 관련 기업인을 중점 검토한 것으로 알려졌다. 최 후보자는 놀유니버스와 문체부 협력 사업인 ‘청년문화예술패스’를 성공적으로 진행한 점, 도서문화재단 씨앗 대표를 맡아 독서 진흥 사업을 지원한 점 등이 높은 평가를 받은 것으로 전해졌다.성수영/최지희/유승목 기자■ 최휘영 문화체육관광부 장관 후보자△1964년 부산 출생△경성고, 서강대 영어영문학과 졸업△연합뉴스, YTN 기자△NHN 대표△NHN비즈니스플랫폼 대표△인터파크트리플 대표△現 놀유니버스 대표",https://www.hankyung.com/article/2025071134111,2025.07.11 18:07
고금리 이자 폭탄 피하는 법! 증권사 대출 3%대로 줄이기,,"전송종목 : 모두투어, 제주반도체, 한화엔진, 우리바이오, 비츠로셀최근 주식 투자자들 사이에서 주식대출(미수/신용융자 등)의 고금리에 대한 부담이 커지고 있다.특히 저금리를 적용 받고 싶어도, 기존 대출을 상환하고 다시 주식을 매수해야 하는 번거로운 절차와 자금 조달의 어려움이 발목을 잡고 있다.이런 현실적인 문제를 해결하고자, 무빙스탁이 ‘증권사 신용, 대환자금대출’ 서비스를 전격 출시했다.이 상품은 주식을 매도하지 않고도, 기존의 고금리의 주식대출(미수/신용융자 등)의 3%대의 혁신적인 저금리 증권사로 전환할 수 있도록 상환자금을 제공하는 것이 핵심이다.무빙스탁 관계자는 “현재 증권사 이벤트 금리는 연 3%대 수준으로, 기존 9~10%대 고금리를 적용받는 투자자라면 절감 효과가 상당하다”며, 금리를 5%만 낮추면 “1억원 신용대출 기준으로 연간 약 500만원, 3억원이라면 1,500만원까지도 절약할 수 있다”고 밝혔다.더 놀라운 점은, 현재는 이벤트 기간으로 대환자금대출 신청시 발생하는 이자 비용까지 ‘0원’이라는 사실이다. 대환자금에 대해서 하루의 대출이자도 부담하지 않고 기존 고금리 대출을 저금리로 전환할 수 있어, 고금리 부담에 시달리던 투자자들에게 큰 호응을 얻을 전망이다.이 서비스는 부동산 시장에서 흔히 이용되던 대환대출 개념을 증권시장에 도입한 혁신적인 시도로, 주식 투자자들의 자금 운용에 새로운 대안을 제시할 것으로 기대된다.무빙스탁 ‘증권사 신용, 대환자금대출’의 비용 무료 이벤트는 이벤트 기간 동안 한정적으로 제공되는 만큼, 신용융자를 이용 중인 투자자라면 지금 바로 확인해볼 필요가 있다.★ 장마감 시간이 가까워질수록 문의가 많아 상담이 지연될 수 있습니다.★ 7월 문의하신 고객들이 많이 보유하신 종목으로는 삼성전자, POSCO홀딩스, 셀트리온, 포스코퓨처엠, 에코프로비엠, NAVER, 에코프로, 삼성SDI, LG화학, SK하이닉스, 두산에너빌리티, 카카오, SK이노베이션, LG에너지솔루션, 엘앤에프, 삼천당제약, 현대차, 알테오젠, HPSP, LG전자 등이 있습니다.★ 안내사항과도한 빚은 당신에게 큰 불행을 안겨줄 수 있습니다. 대출 시 신용등급 하락으로 다른 금융거래가 제약받을 수 있습니다. 중개수수료를 요구하거나 받는 것은 불법입니다.상호명: ㈜단비대부 2021-서울영등포-2102(대부업) | TEL: 1544-4886 | 대출금리: 연 20%이내(연체금리는 약정금리+3%p이내, 최대 연 20%이내) | 단, 2021. 7. 7.부터 신규체결, 갱신, 연장되는 계약에 한함 | 채무의 조기상환 조건 및 부대비용 없음. (단, 신용조회비용 및 담보권설정비용 있음), 이자 외 별도로 중개수수료를 요구하거나 수취하는 것은 불법입니다. | 대표이사: 박동원 | 사업자등록번호: 274-86-00231 | 등록기관명칭: 서울 영등포구청(담당부서: 일자리경제과, 02-2670-3420) | 소재지 : 서울 영등포구 여의대방로67길 11, 5층 517호 | 개인정보관리자메일: help@danbifund.co.kr무료상담",https://www.hankyung.com/article/202507158106a,2025.07.15 13:28
신용대출 이자 절감 꿀팁! 증권사 3%대 대출 전환법 공개,,"전송종목 : 삼성전기, 한샘, 한올바이오파마, 경동나비엔, HD한국조선해양최근 주식 투자자들 사이에서 주식대출(미수/신용융자 등)의 고금리에 대한 부담이 커지고 있다.특히 저금리를 적용 받고 싶어도, 기존 대출을 상환하고 다시 주식을 매수해야 하는 번거로운 절차와 자금 조달의 어려움이 발목을 잡고 있다.이런 현실적인 문제를 해결하고자, 무빙스탁이 ‘증권사 신용, 대환자금대출’ 서비스를 전격 출시했다.이 상품은 주식을 매도하지 않고도, 기존의 고금리의 주식대출(미수/신용융자 등)의 3%대의 혁신적인 저금리 증권사로 전환할 수 있도록 상환자금을 제공하는 것이 핵심이다.무빙스탁 관계자는 “현재 증권사 이벤트 금리는 연 3%대 수준으로, 기존 9~10%대 고금리를 적용받는 투자자라면 절감 효과가 상당하다”며, 금리를 5%만 낮추면 “1억원 신용대출 기준으로 연간 약 500만원, 3억원이라면 1,500만원까지도 절약할 수 있다”고 밝혔다.더 놀라운 점은, 현재는 이벤트 기간으로 대환자금대출 신청시 발생하는 이자 비용까지 ‘0원’이라는 사실이다. 대환자금에 대해서 하루의 대출이자도 부담하지 않고 기존 고금리 대출을 저금리로 전환할 수 있어, 고금리 부담에 시달리던 투자자들에게 큰 호응을 얻을 전망이다.이 서비스는 부동산 시장에서 흔히 이용되던 대환대출 개념을 증권시장에 도입한 혁신적인 시도로, 주식 투자자들의 자금 운용에 새로운 대안을 제시할 것으로 기대된다.무빙스탁 ‘증권사 신용, 대환자금대출’의 비용 무료 이벤트는 이벤트 기간 동안 한정적으로 제공되는 만큼, 신용융자를 이용 중인 투자자라면 지금 바로 확인해볼 필요가 있다.★ 장마감 시간이 가까워질수록 문의가 많아 상담이 지연될 수 있습니다.★ 7월 문의하신 고객들이 많이 보유하신 종목으로는 삼성전자, POSCO홀딩스, 셀트리온, 포스코퓨처엠, 에코프로비엠, NAVER, 에코프로, 삼성SDI, LG화학, SK하이닉스, 두산에너빌리티, 카카오, SK이노베이션, LG에너지솔루션, 엘앤에프, 삼천당제약, 현대차, 알테오젠, HPSP, LG전자 등이 있습니다.★ 안내사항과도한 빚은 당신에게 큰 불행을 안겨줄 수 있습니다. 대출 시 신용등급 하락으로 다른 금융거래가 제약받을 수 있습니다. 중개수수료를 요구하거나 받는 것은 불법입니다.상호명: ㈜단비대부 2021-서울영등포-2102(대부업) | TEL: 1544-4886 | 대출금리: 연 20%이내(연체금리는 약정금리+3%p이내, 최대 연 20%이내) | 단, 2021. 7. 7.부터 신규체결, 갱신, 연장되는 계약에 한함 | 채무의 조기상환 조건 및 부대비용 없음. (단, 신용조회비용 및 담보권설정비용 있음), 이자 외 별도로 중개수수료를 요구하거나 수취하는 것은 불법입니다. | 대표이사: 박동원 | 사업자등록번호: 274-86-00231 | 등록기관명칭: 서울 영등포구청(담당부서: 일자리경제과, 02-2670-3420) | 소재지 : 서울 영등포구 여의대방로67길 11, 5층 517호 | 개인정보관리자메일: help@danbifund.co.kr무료상담",https://www.hankyung.com/article/202507071515a,2025.07.07 13:08
합리적 투자 필수! 증권사 신용대출 3%대 전환으로 이자 절감,,"전송종목 : POSCO홀딩스, DB손해보험, 에스엘, 삼성전자, NH투자증권최근 주식 투자자들 사이에서 주식대출(미수/신용융자 등)의 고금리에 대한 부담이 커지고 있다.특히 저금리를 적용 받고 싶어도, 기존 대출을 상환하고 다시 주식을 매수해야 하는 번거로운 절차와 자금 조달의 어려움이 발목을 잡고 있다.이런 현실적인 문제를 해결하고자, 무빙스탁이 ‘증권사 신용, 대환자금대출’ 서비스를 전격 출시했다.이 상품은 주식을 매도하지 않고도, 기존의 고금리의 주식대출(미수/신용융자 등)의 3%대의 혁신적인 저금리 증권사로 전환할 수 있도록 상환자금을 제공하는 것이 핵심이다.무빙스탁 관계자는 “현재 증권사 이벤트 금리는 연 3%대 수준으로, 기존 9~10%대 고금리를 적용받는 투자자라면 절감 효과가 상당하다”며, 금리를 5%만 낮추면 “1억원 신용대출 기준으로 연간 약 500만원, 3억원이라면 1,500만원까지도 절약할 수 있다”고 밝혔다.더 놀라운 점은, 현재는 이벤트 기간으로 대환자금대출 신청시 발생하는 이자 비용까지 ‘0원’이라는 사실이다. 대환자금에 대해서 하루의 대출이자도 부담하지 않고 기존 고금리 대출을 저금리로 전환할 수 있어, 고금리 부담에 시달리던 투자자들에게 큰 호응을 얻을 전망이다.이 서비스는 부동산 시장에서 흔히 이용되던 대환대출 개념을 증권시장에 도입한 혁신적인 시도로, 주식 투자자들의 자금 운용에 새로운 대안을 제시할 것으로 기대된다.무빙스탁 ‘증권사 신용, 대환자금대출’의 비용 무료 이벤트는 이벤트 기간 동안 한정적으로 제공되는 만큼, 신용융자를 이용 중인 투자자라면 지금 바로 확인해볼 필요가 있다.★ 장마감 시간이 가까워질수록 문의가 많아 상담이 지연될 수 있습니다.★ 7월 문의하신 고객들이 많이 보유하신 종목으로는 삼성전자, POSCO홀딩스, 셀트리온, 포스코퓨처엠, 에코프로비엠, NAVER, 에코프로, 삼성SDI, LG화학, SK하이닉스, 두산에너빌리티, 카카오, SK이노베이션, LG에너지솔루션, 엘앤에프, 삼천당제약, 현대차, 알테오젠, HPSP, LG전자 등이 있습니다.★ 안내사항과도한 빚은 당신에게 큰 불행을 안겨줄 수 있습니다. 대출 시 신용등급 하락으로 다른 금융거래가 제약받을 수 있습니다. 중개수수료를 요구하거나 받는 것은 불법입니다.상호명: ㈜단비대부 2021-서울영등포-2102(대부업) | TEL: 1544-4886 | 대출금리: 연 20%이내(연체금리는 약정금리+3%p이내, 최대 연 20%이내) | 단, 2021. 7. 7.부터 신규체결, 갱신, 연장되는 계약에 한함 | 채무의 조기상환 조건 및 부대비용 없음. (단, 신용조회비용 및 담보권설정비용 있음), 이자 외 별도로 중개수수료를 요구하거나 수취하는 것은 불법입니다. | 대표이사: 박동원 | 사업자등록번호: 274-86-00231 | 등록기관명칭: 서울 영등포구청(담당부서: 일자리경제과, 02-2670-3420) | 소재지 : 서울 영등포구 여의대방로67길 11, 5층 517호 | 개인정보관리자메일: help@danbifund.co.kr무료상담",https://www.hankyung.com/article/202507186004a,2025.07.18 13:28
"와이즈버즈, 2025년 하반기 토스애즈 우수 에이전시(TEP) 선정",,"디지털 광고 대행사 와이즈버즈는 2025년 하반기 토스애즈(Toss Ads) 우수 에이전시(TEP: Toss Ads Excellence Partner)로 선정됐다고 15일 밝혔다.토스애즈 우수 에이전시는 매출, 성장 가능성, 광고주 수, 성장률 등 다양한 요소를 종합적으로 평가해 반기별로 선정된다. 와이즈버즈는 2025년 상반기 동안 뛰어난 성과를 거둔 점을 인정받아 이번 하반기 우수 에이전시로 이름을 올렸으며, 토스애즈의 파트너 프로그램인 TEP에 합류하게 됐다. TEP로 선정된 에이전시에게는 분기별 성과 리뷰, 개별 광고주 컨설팅, 맞춤형 성장 지원 프로모션, 신규 상품 테스트 우선권 등 다양한 성장 지원 프로그램과 혜택이 제공된다.토스애즈는 일 3000만 PV 노출이 가능한 동영상 광고를 비롯해 배너 광고, 라이브 쇼핑, 발송형 광고 ‘머니알림’, 리워드 광고 ‘행운 퀴즈’ 등 다양한 광고 상품을 운영하고 있다. 특히 토스의 빅데이터를 기반으로 이용자 소비 유형별 타깃 광고가 가능해 브랜드 인지도 향상과 전환 최적화에 탁월한 효과를 보이고 있다.와이즈버즈는 이미 메타, 틱톡, 구글 등 글로벌 플랫폼과의 파트너십뿐만 아니라 국내 주요 매체사인 네이버, 카카오, 당근 등의 세일즈 파트너사로서 디지털 광고 시장에서 전문성과 신뢰성을 인정받아 왔다. 특히 틱톡 마케팅 파트너스와 구글 프리미어 파트너 등 주요 플랫폼에서의 연이은 파트너 선정은 차별화된 역량을 보여주는 대표적인 성과다. 이번 2025년 하반기 토스애즈 우수 에이전시 선정으로 국내 대표 디지털 마케팅 에이전시로서의 입지를 더욱 확고히 하게 됐다.최호준 와이즈버즈 대표는 “2025년 하반기 토스애즈 우수 에이전시로 선정되어 매우 기쁘게 생각하며, 이번 선정이 그동안 와이즈버즈가 쌓아온 성과와 역량을 인정받은 결과라고 생각한다”고 밝혔다. 이어 “토스애즈와의 긴밀한 파트너십을 바탕으로 앞으로도 광고주에게 차별화된 전략과 혁신적인 광고 솔루션을 제공하고, TEP 에이전시로서 다양한 성장 지원 프로그램을 적극 활용해 광고주와 함께 시장을 선도해 나가겠다”고 덧붙였다.와이즈버즈는 앞으로도 토스애즈와의 협업을 통해 광고주들의 비즈니스 성장을 적극 지원할 계획이다.한경닷컴 뉴스룸 open@hankyung.com",https://www.hankyung.com/article/202507147437O,2025.07.15 09:00
"이자 부담은 최소로, 투자 효율은 최대로! 신용대출 3%대 활용법",,"전송종목 : 농심홀딩스, 케이에스피, 이노와이어리스, 원익QnC, 세진중공업최근 주식 투자자들 사이에서 주식대출(미수/신용융자 등)의 고금리에 대한 부담이 커지고 있다.특히 저금리를 적용 받고 싶어도, 기존 대출을 상환하고 다시 주식을 매수해야 하는 번거로운 절차와 자금 조달의 어려움이 발목을 잡고 있다.이런 현실적인 문제를 해결하고자, 무빙스탁이 ‘증권사 신용, 대환자금대출’ 서비스를 전격 출시했다.이 상품은 주식을 매도하지 않고도, 기존의 고금리의 주식대출(미수/신용융자 등)의 3%대의 혁신적인 저금리 증권사로 전환할 수 있도록 상환자금을 제공하는 것이 핵심이다.무빙스탁 관계자는 “현재 증권사 이벤트 금리는 연 3%대 수준으로, 기존 9~10%대 고금리를 적용받는 투자자라면 절감 효과가 상당하다”며, 금리를 5%만 낮추면 “1억원 신용대출 기준으로 연간 약 500만원, 3억원이라면 1,500만원까지도 절약할 수 있다”고 밝혔다.더 놀라운 점은, 현재는 이벤트 기간으로 대환자금대출 신청시 발생하는 이자 비용까지 ‘0원’이라는 사실이다. 대환자금에 대해서 하루의 대출이자도 부담하지 않고 기존 고금리 대출을 저금리로 전환할 수 있어, 고금리 부담에 시달리던 투자자들에게 큰 호응을 얻을 전망이다.이 서비스는 부동산 시장에서 흔히 이용되던 대환대출 개념을 증권시장에 도입한 혁신적인 시도로, 주식 투자자들의 자금 운용에 새로운 대안을 제시할 것으로 기대된다.무빙스탁 ‘증권사 신용, 대환자금대출’의 비용 무료 이벤트는 이벤트 기간 동안 한정적으로 제공되는 만큼, 신용융자를 이용 중인 투자자라면 지금 바로 확인해볼 필요가 있다.★ 장마감 시간이 가까워질수록 문의가 많아 상담이 지연될 수 있습니다.★ 7월 문의하신 고객들이 많이 보유하신 종목으로는 삼성전자, POSCO홀딩스, 셀트리온, 포스코퓨처엠, 에코프로비엠, NAVER, 에코프로, 삼성SDI, LG화학, SK하이닉스, 두산에너빌리티, 카카오, SK이노베이션, LG에너지솔루션, 엘앤에프, 삼천당제약, 현대차, 알테오젠, HPSP, LG전자 등이 있습니다.★ 안내사항과도한 빚은 당신에게 큰 불행을 안겨줄 수 있습니다. 대출 시 신용등급 하락으로 다른 금융거래가 제약받을 수 있습니다. 중개수수료를 요구하거나 받는 것은 불법입니다.상호명: ㈜단비대부 2021-서울영등포-2102(대부업) | TEL: 1544-4886 | 대출금리: 연 20%이내(연체금리는 약정금리+3%p이내, 최대 연 20%이내) | 단, 2021. 7. 7.부터 신규체결, 갱신, 연장되는 계약에 한함 | 채무의 조기상환 조건 및 부대비용 없음. (단, 신용조회비용 및 담보권설정비용 있음), 이자 외 별도로 중개수수료를 요구하거나 수취하는 것은 불법입니다. | 대표이사: 박동원 | 사업자등록번호: 274-86-00231 | 등록기관명칭: 서울 영등포구청(담당부서: 일자리경제과, 02-2670-3420) | 소재지 : 서울 영등포구 여의대방로67길 11, 5층 517호 | 개인정보관리자메일: help@danbifund.co.kr무료상담",https://www.hankyung.com/article/202507158100a,2025.07.15 10:48
부채비율 낮음에도 자산대비 주가가 저렴한 종목이 있다?,,"경유레카는 한국경제신문의 디지털 미디어인 한경닷컴에서 개발한 개별 종목에대한인공지능(AI) 알고리즘 업체의 투자 의견을 종합한 'AI 컨센서스'를 제공하는 서비스입니다. '한경유레카' 앱은 구글 플레이 스토어 혹은 앱스토어에서 내려받을 수 있습니다.





종목추천 서비스 종합 플랫폼 한경유레카에 입점한 뉴지랭크가 전거래일(3일) 제주반도체를 추천하여 수익률 13.6%를 기록했다.뉴지랭크는 DGB금융지주 계열사인 뉴지스탁이 만든 서비스로 모멘텀과 펀더멘탈 기반으로 종목을 추천하는 알고리즘이다.뉴지랭크는 제주반도체에 대해 부채비율이 24% 이하로 낮은편이고 PBR이 1.67로 자산대비 주가가 저렴하다고 평가했다.한경유레카에서 신규가입을 하고 뉴지랭크를 구독하면 1개월간 무료로 추천종목을 문자로 받아볼 수 있다.  본 글은 투자 참고용입니다.카카오 NAVER LG화학 POSCO홀딩스 한국전력",https://www.hankyung.com/article/202507035454a,2025.07.03 12:41
"08일, 외국인 거래소에서 삼성전자(-0.49%), NAVER(+0.78%) 등 순매도",,"외국인 투자자는 08일 거래소에서 삼성전자, NAVER, HD한국조선해양 등을 중점적으로 매도한 것으로 나타났다.외국인 투자자의 순매도 상위 20개 종목은 삼성전자, NAVER, HD한국조선해양, SK스퀘어, LS ELECTRIC, 한화시스템, 에이피알, 한전기술, 한화에어로스페이스, SK텔레콤등이다.이중에 전기,전자 업종에 속한 종목이 4개 포함되어 있다.NAVER, HD한국조선해양, SK스퀘어 등은 전일 대비 주가가 상승했고, 삼성전자, 농심, KT&G 등은 주가가 하락했다.[07월08일]거래소 외국인 순매도 상위 종목한경로보뉴스이 기사는 한국경제신문과 금융 AI 전문기업 씽크풀이 공동 개발한 기사 자동생성 알고리즘에 의해 실시간으로 작성된 것입니다.",https://www.hankyung.com/article/202507085832L,2025.07.08 18:35
"형지글로벌, 네이버 출신 이상협 경영자문으로 영입",형지페이·코인 사업에 자문,"형지글로벌은 이상협 전 네이버 대외협력실장을 경영자문으로 영입했다고 10일 밝혔다.이 고문은 연세대 사회학과를 졸업한 뒤, 미디어 다음 뉴스 에디터, 네이버 정책실 부장. 서비스위원회 부장. 대외협력 이사대우를 역임했다. 윤석열 정부 당시 대통령비서실 디지털소통비서관으로도 활동했다. 네이버 재직 시절엔 대통령실 하정우 AI미래기획수석과 중소기업벤처기업부 장관 후보자인 한성숙 전 대표와 일했다.이 고문은 최근 형지글로벌이 추진하고 있는 간편결제 ‘형지페이’ 및 스테이블코인(기존 화폐에 고정 가치로 발행되는 암호화폐) ‘형지코인’ 발행 관련 사업에 자문할 예정이다.이선아 기자 suna@hankyung.com",https://www.hankyung.com/article/202507100940i,2025.07.10 17:33
"'연일 연고점' 코스피, 차익실현 매물에 상승분 반납…외인 '팔자'",반도체·재생에너지株 동반 강세,"사진=뉴스1

                11일 코스피지수가 장 초반 심리적 저항선으로 평가받는 3200선을 돌파한 후 차익 실현 매물에 상승분을 다소 반납하는 모습을 보이고 있다.이날 오전 10시45분 현재 코스피지수는 14포인트(0.44%) 오른 3197.23을 나타내고 있다. 5거래일 연속 상승세를 이어가고 있다. 지수는 이날 0.1% 오름세로 출발 후 상승폭을 빠르게 확대해 3200선을 넘어서기도 했다. 지수가 3200선을 돌파한 건 장중 기준으로 2021년 9월7일(3201.76) 이후 3년10개월 만이다. 다만 장중 차익 실현 매물이 출회되면서 다시 3200선 아래로 밀린 상황으로 풀이된다.박성철 유안타증권 연구원은 ""상승장에 대한 기대가 남아 있는 가운데 증시를 끌고 왔던 주도 업종은 팔고 그동안 못 올랐던 업종을 사는 흐름이 나타나고 있다""며 ""코스피지수가 심리적 저항선으로 작용하는 3200선을 찍고 다시 빠지는 모습을 보여주고 있다""고 분석했다.이날 새벽 미국 증시도 상승세로 마쳤다. 지난 10일(현지시간) 다우존스30산업지수는 0.43% 올랐고 S&P500지수와 나스닥종합지수는 각각 0.27%와 0.09% 상승해 사상 최고치를 경신했다. 도널드 트럼프 미국 대통령이 브라질에 고율의 '관세 폭탄'을 투하한다는 소식에도 투자자들이 낙관적 태도를 유지하면서다.유가증권시장에서 개인과 기관이 각각 702억원과 276억원 매수 우위인 반면 외국인은 1124억원 매도 우위다. 코스피 시가총액 상위 종목 중 LG에너지솔루션, KB금융, 현대차, 기아 등이 오르는 반면 삼성바이오로직스, 네이버, 셀트리온, 두산에너빌리티, 한화에어로스페이스, HD현대중공업 등이 내리고 있다. 삼성전자(2.46%)와 SK하이닉스(0.51%)는 강세를 유지하고 있다. 특히 SK하이닉스는 장중 3% 넘게 올라 30만원을 돌파하기도 했다. 전날 세계 최대 위탁생산(파운드리) 업체인 대만 TSMC의 올 4~6월 매출이 9338억대만달러(약 43조8000억원)로 사상 최대치를 경신했다는 소식에 긍정적 투자심리가 형성된 것으로 보인다. 재생에너지 100%(RE100) 산업단지 조성이 본격 추진된다는 소식에 OCI홀딩스(11.43%)를 비롯해 그린케미칼(8.21%) HD현대에너지솔루션(2.99%) 한화솔루션(2.74%) SK이터닉스(1.77%) 등 재생에너지주가 동반 강세를 보이고 있다.같은 시각 코스닥지수는 전 거래일보다 5.99포인트(0.75%) 오른 803.69를 나타내고 있다. 5거래일 연속 상승세다. 지수는 이날 0.28% 오름세로 출발 후 장중 한때 1.03%까지 상승폭을 키우기도 했다. 코스닥시장에서는 외국인과 기관이 각각 568억원과 34억원 매수 우위인 반면 개인이 593억원 매도 우위다.코스닥 시총 상위 종목 중 에코프로비엠, HLB, 에코프로, 파마리서치, 리노공업 등이 오르는 반면 알테오젠, 레인보우로보틱스, 펩트론, 휴젤, 클래시스 등이 내리고 있다.서울 외환시장에서 원·달러 환율은 전장보다 2.3원 오른 1372.3원으로 개장했다.고정삼 한경닷컴 기자 jsk@hankyung.com",https://www.hankyung.com/article/2025071122606,2025.07.11 11:02
"오설록, 헬로키티 컬래버 에디션 출시","콜드브루 티 4종과 프리미엄 티푸드 ‘그린티 딸기 랑드샤’, 티세트 등 협업 출시

오설록 티하우스 해운대점 팝업존에서 다채로운 이벤트 선보여","대한민국 대표 럭셔리 티(Tea) 브랜드 오설록이 글로벌 캐릭터 헬로키티(Hello Kitty)와 협업한 ‘헬로키티 컬래버 에디션’을 출시한다.이번 에디션은 지난 4월 출시한 ‘스윗 히비스커스 콜드브루 티’ 중심의 콜드브루 티 4종과 신제품 프리미엄 티푸드 ‘그린티 딸기 랑드샤’를 포함한 다양한 헬로키티 라인업과 굿즈로 선보인다.스윗 히비스커스 콜드브루 티는 상큼한 오렌지필과 시나몬 향이 어우러진 티로, 찬물에도 빠르게 우러나 여름철 새콤달콤한 음료를 찾는 이들에게 제격이다. 제로슈거·저칼로리 제품으로 카페인 부담 없이 가볍게 즐길 수 있고, 오래 우려도 떫지 않고 깔끔한 맛이 특징이다. 또한 스틱형으로 제작되어 생수병이나 텀블러 등 입구가 좁은 용기에도 사용할 수 있어 휴대성과 활용도가 뛰어나다.신제품 그린티 딸기 랑드샤는 상큼한 딸기 크림과 쌉싸름하고 진한 말차가 조화를 이루는 프리미엄 티푸드다. 부드럽고 바삭한 식감에 고급스러운 풍미가 더해져 콜드브루 티와 함께 즐기기 좋다. 콜드브루 티와 그린티 딸기 랑드샤는 구매 시 귀여운 헬로키티 스티커 1종을 함께 제공한다.이 외 오설록에서 가장 사랑받는 블렌디드 티 8종으로 구성된 ‘티 타임 에디션’과 4종 구성의 ‘티 가든 에디션’을 구매하면 각각 헬로키티 키링과 헬로키티 파우치를 증정한다. 여름철 활용도가 높은 텀블러와 비치타올, 얼음틀 등의 굿즈들도 소장 욕구를 자극한다. 헬로키티 컬래버 에디션은 7월 10일부터 오설록 직영몰에서 구매할 수 있으며, 11일부터 전국 오설록 티샵과 티하우스, 12일부터는 제주 티뮤지엄에서도 만나볼 수 있다.컬래버 에디션 출시를 앞둔 지난 7월 3일 단독 선출시 행사를 진행한 네이버 쇼핑 라이브에서는 하루 25만 명이 시청하며 뜨거운 관심을 보였다. 특히 여름 휴가철을 앞두고 텀블러와 비치타올, 파우치가 포함된 티 타임 에디션 세트는 방송 시작 3분여 만에 전량 매진을 기록했다.한편, 오설록은 7월 25일부터 일주일간 오설록 티하우스 해운대점에서 헬로키티 팝업존을 운영한다. 현장 구매 고객은 오설록 공식 SNS계정(@osulloc_official) 팔로우를 인증하면 굿즈 뽑기 이벤트에 참여 가능하며, 헬로키티 키링과 파우치, 스티커 등 다양한 경품을 랜덤으로 받아볼 수 있다. 또한 함께 마련된 시음 행사에서는 스윗 히비스커스 콜드브루 티를 포함한 콜드브루 티 4종을 직접 맛볼 수 있다.",https://www.hankyung.com/article/202507109161P,2025.07.10 09:12
"미·중 맞설 'AI 허브' 노리는 사우디…빈 살만 펀드, 韓 스타트업 '쇼핑' [긱스]","중동과 손잡는 K벤처

사우디VC, 한국서 스타트업 발굴
리벨리온엔 200억 투자 집행

글로벌 AI 인재 흡수하는 UAE
싼 전력·오일머니로 인프라 구축

""中 막아라"" 美도 협력 급물살
네이버 등 결국 빅테크와 경쟁해야","#. 무함마드 빈 살만 사우디아라비아 왕세자가 출범시킨 인공지능(AI) 전문 기관 휴메인은 최근 한국 스타트업 10곳을 직접 뽑아 사우디로 데려가겠다고 나섰다. 스타트업 한 곳당 최대 200만달러(약 27억원) 규모의 지분 투자와 사업 위탁 의향도 밝혔다.#. 아랍에미리트(UAE) AI부 장관은 중동 최대 정보기술(IT) 전시회인 자이텍스에서 한국 AI 기업 4곳과 별도 미팅을 했다. 각 사의 AI 기술을 소개받고 적용 가능성을 검토한 것으로 알려졌다. 두바이에서 열린 자이텍스에 참가한 한국 스타트업은 77곳에 달한다. ◇ K스타트업에 돈 넣는 ‘큰손’







이미지 크게보기


그래픽=허라미 기자

                한국 스타트업들이 AI를 앞세워 중동 시장 문을 두드리고 있다. 주요 중동 국가가 AI 분야에 막대한 자금을 넣고 공격적으로 기술 선점에 나서면서다. 8일 AI업계에 따르면 사우디 국영 에너지기업 아람코 산하 벤처캐피털(VC)인 와에드벤처스 관계자들은 최근 한국을 찾아 국내 주요 스타트업을 만났다. 와에드벤처스는 지난해 국내 AI 반도체 스타트업 리벨리온에 약 200억원을 투자하면서 한국과 인연을 맺은 중동 투자사다. 중소벤처기업부 관계자는 “리벨리온 투자 만족도가 높아 추가로 투자할 스타트업을 찾고 있는 것으로 안다”고 설명했다.중동은 그동안 국내 스타트업에 ‘난공불락’으로 여겨진 시장이다. 까다로운 규제와 낯선 문화 때문에 대형 건설사나 방위산업체 등 일부 대기업을 제외하곤 번번이 진출에 고배를 마셨다. 최근 중동 국가들이 AI 투자를 늘리고 해외 기술에 관심을 보이면서 국내 스타트업에도 기회의 문이 열리고 있다. 한 스타트업 관계자는 “중동은 원래 중국 AI 기업들과 일을 많이 했는데, 최근엔 한국 기업에 대한 관심이 부쩍 늘었다”고 했다.과거엔 스타트업들이 현지로 무작정 나가 ‘맨땅에 헤딩’ 식으로 기업이나 정부 관계자와의 미팅을 모색했다. 지금은 중동 정부 관계자들이 직접 한국을 방문해 스타트업들을 쓸어간다. 다음달 휴메인을 비롯한 사우디 정부·기관 관계자들이 방한하는 것도 스타트업을 발굴하기 위해서다. 휴메인은 빈 살만 왕세자가 이끄는 사우디 공공투자기금(PIF)이 AI 투자를 위해 올 5월 세운 기관이다. 100억달러(약 13조6350억원) 규모 AI 펀드 조성을 준비하고 있다.중동에서 성과를 내는 기업도 나오고 있다. 리벨리온은 1월 아람코의 데이터센터에 신경망처리장치(NPU) 여러 개가 장착된 서버랩을 시범 공급했다. 또 다른 팹리스 기업 퓨리오사AI도 최신 칩인 레니게이드를 검증받고 있다. AI 솔루션 기업 노타는 두바이, 아부다비 교통당국과 AI 기능을 적용한 교통 카메라 공급을 논의 중이다. ◇ AI 인재까지 쓸어 담는 중동중동이 한국을 비롯한 전 세계 AI 스타트업을 선점하고 있는 것은 신흥 ‘AI 허브’가 되겠다는 야심이 주요 배경이다. UAE의 ‘국가 AI 전략 2031’, 사우디의 ‘비전 2030’ 계획은 AI산업을 ‘차세대 석유’로 정하고 육성하겠다는 내용이 핵심이다. 테크업계 관계자는 “중동은 해외 AI 기업과의 합작을 통해 자체 기술 생태계를 조성 중”이라며 “기존 석유 경제에서 기술 경제로의 전환을 노리는 것”이라고 했다. 이에 따라 주요 중동 국부펀드는 지난해 AI 투자 규모를 전년보다 다섯 배 늘렸다. 글로벌 ICT 포털에 따르면 아부다비에 등록된 AI 기업 수는 최근 3년간 연평균 67% 증가했다.낮은 세금을 앞세워 AI 인재도 빨아들이고 있다. 미국 스탠퍼드대 AI 보고서에 따르면 UAE는 지난해 기준 인구 1만 명당 AI 인재 유출입이 4.13명으로 전년(1.48명)보다 유입이 크게 늘었다. 플러스 수치는 해외로 빠져나간 인재보다 유입된 인재가 더 많다는 뜻이다. 한국은 지난해 기준 -0.36명이었다. UAE는 무함마드 빈 자이드 AI대학도 세웠고, 사우디는 스탠퍼드대와 협력해 AI 아카데미를 설립했다.전력이 풍부한 중동은 AI 인프라 구축에도 유리하다. 태양광과 수소 에너지 등을 활용해 전기 요금이 저렴하기 때문이다. 파이낸셜타임스(FT)는 “더운 기후 때문에 데이터센터에서 발생하는 열을 관리하기 힘들 수 있지만, 풍부한 전기가 이를 상쇄한다”고 평가했다. 게다가 대규모 데이터센터 구축엔 막대한 투자가 필요한데 ‘오일머니’가 자금줄 역할을 톡톡히 하고 있다.지난 5월 도널드 트럼프 미국 대통령의 중동 순방엔 일론 머스크 테슬라 최고경영자(CEO), 젠슨 황 엔비디아 CEO, 샘 올트먼 오픈AI CEO 등 빅테크 관계자들이 대거 동행했다. 이들은 중동 AI 인프라 구축에 반도체와 소프트웨어를 공급하고, 현지 AI 스타트업에 투자하겠다는 계획을 잇달아 발표했다. 트럼프 대통령은 순방 직전 미국 AI 반도체의 중동 수출 규제를 완화했다. 테크업계 관계자는 “미국이 중국의 중동 진입을 방어하면서 AI 협력을 본격화하고 있다”며 “중동은 첨단 기술을 받아들여 인프라부터 AI 모델 개발까지 자국 내에서 진행하겠다는 계획”이라고 설명했다. ◇ “전반적 기술 이해 아직 낮아”중동이 미국과 한국 할 것 없이 AI 기업과의 협력을 전방위로 확대하고 있지만 몇 년 후엔 한국 스타트업이 미국 빅테크와 경쟁해야 할 상황에 놓일 것이라는 우려도 나온다. 예컨대 미국의 반도체 수출 규제를 감안해 중동 시장을 노리던 국내 AI 팹리스 스타트업들에 불리한 국면이 닥칠 수 있다는 얘기다. 한 벤처투자사 관계자는 “당장은 중동 데이터센터 수요가 늘어난 데 따른 수혜를 누릴 것”이라면서도 “장기적 전략은 따로 준비해야 한다”고 했다. 네이버 등 국내 대규모언어모델(LLM) 기술 기업이 중동의 소버린 AI 시장을 노릴 때도 미국 빅테크 LLM보다 기술 수준이 떨어진다는 한계를 극복해야 한다.국내 스타트업이 일부 중동 AI 프로젝트에 참여하더라도 개발된 AI 서비스의 수요가 있을지 불확실하다는 목소리도 나온다.고은이 기자 koko@hankyung.com",https://www.hankyung.com/article/2025070855771,2025.07.08 17:21
"코스피, 차익 실현 매물에 2% 급락…3050선까지 후퇴","새 정부 출범 이후 단기 랠리 부담감에
상호관세 유예 만료일 앞두고 경계감↑
일본·중국 등 아시아 증시 대비 낙폭 커 
2차전지주 내리고 유틸리티주 오르고","사진=연합뉴스

                4일 코스피지수가 기관투자자의 매도세에 2% 가까이 급락해 3050선까지 밀렸다. 새 정부의 정책 기대로 단기 랠리를 펼친 데 따른 부담감에 차익 실현 매물이 대거 출회되면서 다른 아시아 증시보다 더 큰 폭으로 하락했다는 분석이다. 여기에 더해 도널드 트럼프 미국 행정부의 상호관세 유예 만료일을 앞두고 투자자들의 경계감이 커진 점도 지수를 끌어내린 데 일조한 것으로 풀이된다. 이날 코스피지수는 전날보다 61.99포인트(1.99%) 내린 3054.28로 거래를 마쳤다. 일간 하락률로는 지난 2월4일(-2.52%) 이후 약 5개월 만에 가장 높은 수준이다. 지수는 이날 0.19% 오름세로 출발 후 오전 9시10분께를 기점으로 하락 전환해 낙폭을 확대했다. 유가증권시장에서 기관이 4440억원어치를 팔아치우며 지수를 주도적으로 끌어내렸다. 연기금도 이날 794억원어치를 비워내면서 10거래일 연속 순매도 기조를 이어갔다. 개인과 외국인이 각각 2570억원과 1622억원어치를 사들였지만 지수 하락을  방어하기엔 역부족이었다.이날 새벽 미국 증시가 강세로 마쳤으나 그 온기가 국내 증시로 전달되진 못했다. 지난 3일(현지시간) 뉴욕증시에서 다우존스30산업지수는 0.77% 올랐고 S&P500지수와 나스닥종합지수도 각각 0.83%와 1.02% 상승했다.국내 증시는 이날 아시아 주요 증시와 비교해도 유독 낙폭이 컸다. 일본 닛케이225지수(-0.02%), 홍콩 항셍지수(-0.82%), 대만 가권지수(-0.73%) 등 아시아 주요 증시가 1% 이내의 하락세를 보였고 중국 상하이종합지수는 오히려 0.25% 상승했다.박성철 유안타증권 연구원은 ""국내 증시에서는 차익 실현 매물이 출회돼 아시아 주요 증시 대비 하락폭이 컸다""며 ""다음주 트럼프 행정부의 상호관세 유예 만료일을 앞두고 그동안 많이 올랐던 조선, 방산, 전력기기, 원전 등 주도 업종들에서 매도 물량이 많이 나왔다""고 분석했다. 코스피 시가총액 상위 종목은 대체로 하락했다. HD현대중공업(-5.58%) KB금융(-4.11%) 두산에너빌리티(-3.07%) SK하이닉스(-2.87%) 현대차(-1.86%) 네이버(-1.58%) 기아(-1.0%) 등이 내렸고 셀트리온(3.31%)은 올랐다.청정에너지 사업에 대한 보조금 지급 혜택을 조기 폐지·축소키로 한 미국의 '하나의 크고 아름다운 법안'(OBBBA) 통과로 LG에너지솔루션(-2.51%)을 비롯해 엘앤에프(-2.73%)와 삼성SDI(-2.27%) 등 2차전지주가 약세로 마쳤다. 반면 한국가스공사(8.11%) 한국전력(2.79%) 지역난방공사(2.22%) 등 유틸리티주가 강세로 마감했다. 상법이 개정되면서 주주 이익을 위한 공공요금 인상 가능성이 제기되면서다.코스닥지수는 전날보다 17.53포인트(2.21%) 내린 775.8로 거래를 마쳤다. 이날 지수는 0.09% 오름세로 출발한 후 낙폭을 2% 넘게 확대했다. 코스닥시장에서는 외국인과 기관이 각각 3236억원과 792억원어치를 팔아치운 반면 개인이 3980억원어치를 사들였다.코스닥 시총 상위 종목 중 펩트론(-5.92%) 리가켐바이오(-5.75%) 알테오젠(-5.65%) 클래시스(-4.64%) 휴젤(-3.98%) 리노공업(-2.91%) 레인보우로보틱스(-2.9%) 에코프로(-2.6%) 에코프로비엠(-1.98%) 파마리서치(-1.4%) 등이 하락했다.이날 서울 외환시장에서 원·달러 환율은 전장 대비 2.9원 오른 1362.3원으로 주간 거래를 마쳤다. 고정삼 한경닷컴 기자 jsk@hankyung.com",https://www.hankyung.com/article/2025070488826,2025.07.04 16:06
非이공계 직원도 직접 코딩…기획-IT 경계 허무는 네카토,"토스, 사내 'LLM 공작소' 운영
카카오는 AI 마일리지 도입","주요 정보기술(IT) 기업이 인공지능(AI) 도구를 사내에 공격적으로 배포하고 있다. 과거 개발자 등 일부 직군 위주로 활용되던 AI를 전사적으로 확산시키려는 움직임이다.7일 업계에 따르면 토스는 직원들이 AI를 심화 업무에 활용할 수 있도록 ‘LLM 공작소’ 프로그램을 운영하고 있다. 특정 팀이 AI를 활용해 해결하려는 과제를 발굴하면 사내 대규모언어모델(LLM) 전문가가 팀에 붙어 적용 가능 사례를 제안하고 구체적인 구현 방식까지 설계하는 식이다. 직원들이 AI를 실제 비즈니스 성과로 연결할 수 있는 역량을 갖추도록 지원하는 취지라는 게 회사 설명이다.
                    



토스 화이트해커들. (사진 왼쪽부터) 최정수 연구원, 이종호 팀리더, 지한별 연구원, 정한솔 연구원. 연합뉴스

                토스의 모든 직원은 챗GPT 유료 계정을 이용할 수 있다. 별도로 유료 계정을 구매하지 않아도 업무용 이메일로 로그인만 하면 챗GPT 계정을 쓸 수 있는 시스템을 최근 도입했다. 토스 관계자는 “AI 퍼스트 조직으로 나아가는 전환점”이라고 강조했다.카카오는 올해 해커톤에서 AI 기반 개발 방식인 ‘바이브 코딩’을 도입했다. 개발자뿐 아니라 기획, 디자인, 비즈니스 등 다양한 직군이 해커톤에 참가했다. 해커톤 심사 과정에도 AI가 참여했다. 정규돈 카카오 최고기술책임자(CTO)는 “AI 도구를 동료 삼아 누구나 자신의 아이디어를 최종 제품으로 구현해보는 경험을 제공하고자 해커톤을 기획했다”고 말했다.카카오는 AI 개발 도구를 직접 사용할 수 있는 AI 마일리지 프로그램도 운영 중이다. 매달 AI 도구를 사용할 수 있는 지원금이 개발자에게 마일리지 형태로 제공된다. 커서, 깃허브 코파일럿, 클로드 코드 등 다양한 종류의 개발 도구를 조합해 사용해볼 수 있다.네이버도 최근 개발자를 포함한 직원들에게 AI 개발 툴인 커서 체험판 서비스를 배포했다. 기획자 등 비개발 직군이 커서를 활용하면 직군 간 장벽이 허물어지는 효과가 있을 것으로 기대한다. IT업계 관계자는 “기획자가 직접 코딩 도구로 제품 프로토타입을 만들어 엔지니어와 소통하는 등 AI 활용 분야가 확대되고 있다”고 설명했다.고은이 기자 koko@hankyung.com",https://www.hankyung.com/article/2025070732101,2025.07.07 17:40
저가 매수의 기회를 수익금 4배로 불릴 기회는?,,"부자네스탁론이 새롭게 선보인 스탁론 상품이 투자자들 사이에서 화제를 모으고 있다. 해당 상품은 본인자산포함 4배로 투자 가능, 담보유지비율 120%의 유연한 조건과 다양한 투자 솔루션을 앞세워 증권사 신용, 담보대출 대비 높은 활용도를 자랑한다.일반적으로 증권사 신용융자에 비해 더 높은 레버리지와 더 낮은 담보유지비율을 제공하는 스탁론은, 투자 고수들 사이에서 이미 널리 알려진 수단이다. 부자네스탁론은 여기에 더해 미수금이나 반대매매 위험을 해결해주는 대환대출 상품, 투자 기회를 살리고 싶어하는 전략적 투자자들을 위한 다양한 서비스를 제공한다.또한 신용, 주식담보대출 이용불가 종목, 총부채원리금상환비율(D.S.R) 같은 규제 이슈로 제약을 받아온 투자자들에게도 계좌 평가금액 기준으로 맞춤형 대출이 가능하도록 설계되어 실질적인 해결책이 되고 있다.부자네스탁론은 “고객 한 명 한 명의 투자 상황에 맞춰 최적의 대출 방법을 제공하고 있다”며, “강화된 금융 규제 환경 속에서도 투자자들의 기회를 넓히는 데 최선을 다하겠다”고 밝혔다.-스탁론 D.S.R<총부채원리금상환비율> 고강도 규제에도! 문제없는 부자네스탁론!– 소득 낮고 기존 대출금액 많아도 계좌평가금액에 비례해서 대출가능!– 본인자산 포함 4배끼지 투자 가능!▶머니투데이 부자네스탁론① 5년 고정금리로 금리인상 걱정없이 운용 가능② 자기자본포함 최대 4배까지 레버리지 투자 가능③ 매수가능종목 100% 집중투자가능 (코스닥, 시가총액, 포트폴리오비율상관없이)④ 스탁론 전종목 1:1 매수상담문의 → 수익극대화⑤ 반대매도 임박 / 추가입금이 힘들다면? → 1:1 로스컷 전문상담⑥ D.S.R과 신용등급 낮.아.도 문제없이 매입/대환까지 가능!⑦ 위 혜택을 4%대의 저금리로 이용 가능!★ D.S.R비율, 신용등급 무관 저금리 부자네스탁 AM8:00~PM4:00 ☎1577-5852★ AM 8:00 부터 선착순 예약접수 http://www.bujane.co.kr/7월 고객들의 문의가 많은 종목은 기아, NAVER, 두산에너빌리티, 셀트리온, 한화에어로스페이스 등이 있다.무료상담",https://www.hankyung.com/article/202507158108a,2025.07.15 10:13
"추가 투자금, 신용미수 대환 자금을 신청 당일 즉시! DSR 무관!",,"DSR 한도가 ‘스탁론’에도 적용된 후 투자자들의 고민이 날로 깊어지고 있다. 기존 대출이 많거나 소득 증빙이 어려울 경우 예전처럼 손쉽게 스탁론을 활용하기가 어려워졌기 때문이다. 예전보다 높아진 금리로 스탁론 이용을 부담스럽게 만들고 있다.이런 상황에서 올뉴스탁론이 구원투수로 나섰다. DSR 무관 누구나 이용 가능한 스탁론 상품은 물론 연 4%대 업계 최저금리로 이용 가능한 상품을 함께 선보이며 투자자들의 선택지를 넓힌 것이다.




 

◆ 올뉴스탁론, DSR 무관 상품에 연 4%대 최저금리 상품으로 다양한 선택지를!올뉴스탁론에서 투자자들 누구나 부담 없이 스탁론을 경험할 수 있도록 연 4%대 업계 최저금리로 이용 가능한 증권 연계신용 상품을 출시했다. 주식매입은 물론 증권사 미수/신용 대환 모두 가능하며 신용등급 차등 없이 자기 자본 포함 최대 4배까지 활용할 수 있다.이와 함께 DSR 한도 때문에 기존 스탁론 활용이 어려웠던 투자자들을 위한 DSR 무관 상품도 취급 중이다. 이 상품도 투자자들의 깊은 관심을 받으며 업계 최초 5,000억원을 돌파한 바 있다.올뉴스탁론에 대해 자세히 알고 싶은 투자자는 고객상담센터(☎1599-8666)로 연락하면 대출 여부와 무관하게 언제든 전문상담원과 편리하게 상담할 수 있다.○ 보유하고 있는 대출액이나 소득 무관하게! (DSR 무관)○ 최대 4배 주식자금 활용 가능! (본인 자금 포함)○ 증권 신용/미수 당일 즉시 대환 가능!○ 기존 증권사 신용, 스탁론으로 매수가 어려웠던 종목도 OK!※ 올뉴스탁론 고객상담센터 : 1599-8666바로가기 : https://allnewstockloan.co.kr?agency=HTS◆ 현 시각 관심종목 Top 10 : 한화오션, 카카오, 현대차, 미투온, NAVER, 비올, 서린바이오, 일신바이오, 파루, 아이티센글로벌무료상담",https://www.hankyung.com/article/202507023034a,2025.07.03 10:25
9~10% 주식 관련 대출에서 3%대 대출로 교체,,"전송종목 : 서진시스템, PI첨단소재, 한진칼, 종근당, 더블유게임즈최근 주식 투자자들 사이에서 주식대출(미수/신용융자 등)의 고금리에 대한 부담이 커지고 있다.특히 저금리를 적용 받고 싶어도, 기존 대출을 상환하고 다시 주식을 매수해야 하는 번거로운 절차와 자금 조달의 어려움이 발목을 잡고 있다.이런 현실적인 문제를 해결하고자, 무빙스탁이 ‘증권사 신용, 대환자금대출’ 서비스를 전격 출시했다.이 상품은 주식을 매도하지 않고도, 기존의 고금리의 주식대출(미수/신용융자 등)의 3%대의 혁신적인 저금리 증권사로 전환할 수 있도록 상환자금을 제공하는 것이 핵심이다.무빙스탁 관계자는 “현재 증권사 이벤트 금리는 연 3%대 수준으로, 기존 9~10%대 고금리를 적용받는 투자자라면 절감 효과가 상당하다”며, 금리를 5%만 낮추면 “1억원 신용대출 기준으로 연간 약 500만원, 3억원이라면 1,500만원까지도 절약할 수 있다”고 밝혔다.더 놀라운 점은, 현재는 이벤트 기간으로 대환자금대출 신청시 발생하는 이자 비용까지 ‘0원’이라는 사실이다. 대환자금에 대해서 하루의 대출이자도 부담하지 않고 기존 고금리 대출을 저금리로 전환할 수 있어, 고금리 부담에 시달리던 투자자들에게 큰 호응을 얻을 전망이다.이 서비스는 부동산 시장에서 흔히 이용되던 대환대출 개념을 증권시장에 도입한 혁신적인 시도로, 주식 투자자들의 자금 운용에 새로운 대안을 제시할 것으로 기대된다.무빙스탁 ‘증권사 신용, 대환자금대출’의 비용 무료 이벤트는 이벤트 기간 동안 한정적으로 제공되는 만큼, 신용융자를 이용 중인 투자자라면 지금 바로 확인해볼 필요가 있다.★ 장마감 시간이 가까워질수록 문의가 많아 상담이 지연될 수 있습니다.★ 7월 문의하신 고객들이 많이 보유하신 종목으로는 삼성전자, POSCO홀딩스, 셀트리온, 포스코퓨처엠, 에코프로비엠, NAVER, 에코프로, 삼성SDI, LG화학, SK하이닉스, 두산에너빌리티, 카카오, SK이노베이션, LG에너지솔루션, 엘앤에프, 삼천당제약, 현대차, 알테오젠, HPSP, LG전자 등이 있습니다.★ 안내사항과도한 빚은 당신에게 큰 불행을 안겨줄 수 있습니다. 대출 시 신용등급 하락으로 다른 금융거래가 제약받을 수 있습니다. 중개수수료를 요구하거나 받는 것은 불법입니다.상호명: ㈜단비대부 2021-서울영등포-2102(대부업) | TEL: 1544-4886 | 대출금리: 연 20%이내(연체금리는 약정금리+3%p이내, 최대 연 20%이내) | 단, 2021. 7. 7.부터 신규체결, 갱신, 연장되는 계약에 한함 | 채무의 조기상환 조건 및 부대비용 없음. (단, 신용조회비용 및 담보권설정비용 있음), 이자 외 별도로 중개수수료를 요구하거나 수취하는 것은 불법입니다. | 대표이사: 박동원 | 사업자등록번호: 274-86-00231 | 등록기관명칭: 서울 영등포구청(담당부서: 일자리경제과, 02-2670-3420) | 소재지 : 서울 영등포구 여의대방로67길 11, 5층 517호 | 개인정보관리자메일: help@danbifund.co.kr무료상담",https://www.hankyung.com/article/202507235743a,2025.07.23 11:38
"증권사 신용대출, 3%대 금리로 바꾸는 가장 쉬운 방법",,"전송종목 : CJ제일제당, 풍산, 일진전기, KB금융, 한세실업최근 주식 투자자들 사이에서 주식대출(미수/신용융자 등)의 고금리에 대한 부담이 커지고 있다.특히 저금리를 적용 받고 싶어도, 기존 대출을 상환하고 다시 주식을 매수해야 하는 번거로운 절차와 자금 조달의 어려움이 발목을 잡고 있다.이런 현실적인 문제를 해결하고자, 무빙스탁이 ‘증권사 신용, 대환자금대출’ 서비스를 전격 출시했다.이 상품은 주식을 매도하지 않고도, 기존의 고금리의 주식대출(미수/신용융자 등)의 3%대의 혁신적인 저금리 증권사로 전환할 수 있도록 상환자금을 제공하는 것이 핵심이다.무빙스탁 관계자는 “현재 증권사 이벤트 금리는 연 3%대 수준으로, 기존 9~10%대 고금리를 적용받는 투자자라면 절감 효과가 상당하다”며, 금리를 5%만 낮추면 “1억원 신용대출 기준으로 연간 약 500만원, 3억원이라면 1,500만원까지도 절약할 수 있다”고 밝혔다.더 놀라운 점은, 현재는 이벤트 기간으로 대환자금대출 신청시 발생하는 이자 비용까지 ‘0원’이라는 사실이다. 대환자금에 대해서 하루의 대출이자도 부담하지 않고 기존 고금리 대출을 저금리로 전환할 수 있어, 고금리 부담에 시달리던 투자자들에게 큰 호응을 얻을 전망이다.이 서비스는 부동산 시장에서 흔히 이용되던 대환대출 개념을 증권시장에 도입한 혁신적인 시도로, 주식 투자자들의 자금 운용에 새로운 대안을 제시할 것으로 기대된다.무빙스탁 ‘증권사 신용, 대환자금대출’의 비용 무료 이벤트는 이벤트 기간 동안 한정적으로 제공되는 만큼, 신용융자를 이용 중인 투자자라면 지금 바로 확인해볼 필요가 있다.★ 장마감 시간이 가까워질수록 문의가 많아 상담이 지연될 수 있습니다.★ 7월 문의하신 고객들이 많이 보유하신 종목으로는 삼성전자, POSCO홀딩스, 셀트리온, 포스코퓨처엠, 에코프로비엠, NAVER, 에코프로, 삼성SDI, LG화학, SK하이닉스, 두산에너빌리티, 카카오, SK이노베이션, LG에너지솔루션, 엘앤에프, 삼천당제약, 현대차, 알테오젠, HPSP, LG전자 등이 있습니다.★ 안내사항과도한 빚은 당신에게 큰 불행을 안겨줄 수 있습니다. 대출 시 신용등급 하락으로 다른 금융거래가 제약받을 수 있습니다. 중개수수료를 요구하거나 받는 것은 불법입니다.상호명: ㈜단비대부 2021-서울영등포-2102(대부업) | TEL: 1544-4886 | 대출금리: 연 20%이내(연체금리는 약정금리+3%p이내, 최대 연 20%이내) | 단, 2021. 7. 7.부터 신규체결, 갱신, 연장되는 계약에 한함 | 채무의 조기상환 조건 및 부대비용 없음. (단, 신용조회비용 및 담보권설정비용 있음), 이자 외 별도로 중개수수료를 요구하거나 수취하는 것은 불법입니다. | 대표이사: 박동원 | 사업자등록번호: 274-86-00231 | 등록기관명칭: 서울 영등포구청(담당부서: 일자리경제과, 02-2670-3420) | 소재지 : 서울 영등포구 여의대방로67길 11, 5층 517호 | 개인정보관리자메일: help@danbifund.co.kr무료상담",https://www.hankyung.com/article/202507235737a,2025.07.23 08:53
"국정과제 된 원화 코인…""비은행 주도 혁신해야"" vs ""통화정책 무력화""","스테이블코인의 공습
(11) 원화 코인 발행 주체 논란

李 대선 공약, 與 추진 속도
""달러 코인 막을 방어벽 세워야
K콘텐츠와 결합, 새 수요 창출""

한은 ""은행에만 제한적 허용""
""비기축통화 코인 용처 제한적
코인런 발생 땐 시장 충격 우려""","< ‘원화판 테더’ 나올까 > 국정기획위원회가 ‘원화 스테이블코인 도입’을 새 정부 국정과제로 채택했다. 15일 서울 서초동 빗썸라운지 현황판에 표시된 달러 스테이블코인 테더(USDT) 시세.  최혁 기자

                국정기획위원회가 ‘원화 스테이블코인 도입’을 새 정부 국정과제에 담는다. 테더(USDT), USD코인(USDC) 등 달러 스테이블코인이 국제 무역 거래 및 결제 시장을 장악하며 각국 통화 주권을 위협할 것이란 전망이 나오자 원화 스테이블코인을 일종의 ‘방어벽’으로 세우겠다는 구상이다. 하지만 원화 스테이블코인 발행 주체를 놓고 논란이 끊이지 않고 있다. 통화·외환 당국에선 무분별한 코인 발행에 따른 부작용을 우려하며 은행에만 제한적으로 허용해야 한다고 주장한다. 반면 “글로벌 경쟁에서 뒤처질 수 있다”는 반론도 만만찮게 제기된다. ◇원화 코인 ‘뜨거운 감자’





                15일 정부와 여권 관계자에 따르면 국정기획위는 경제1분과 산하에 스테이블코인 소분과를 설치하고 원화 스테이블코인 도입 방안을 논의하고 있다. 원화 스테이블코인 도입은 이재명 대통령의 대선 공약이다. 국정기획위 관계자는 “일단 국정과제에선 큰 틀의 방향성만 제시하고 세부적 요건은 국회에서 논의를 거친 뒤 법제화할 것”이라고 말했다.원화 스테이블코인은 지난 대선을 전후해 ‘뜨거운 감자’로 급부상했다. 한쪽에선 원화 스테이블코인 회의론을 제기한다. 비기축통화인 원화를 기반으로 한 스테이블코인을 얼마나 쓰겠냐는 것이다. 대규모 코인 인출 사태(코인런)가 발생하면 스테이블코인 발행사가 국채를 투매하고 시장 충격을 키울 것이란 우려도 있다.반면 국정기획위와 여당은 통화 주권 차원에서 원화 스테이블코인 도입이 불가피하다고 보고 있다. 미국 정부의 전폭적 지원 아래 달러 스테이블코인이 몸집을 키우는 상황에서 국내 시장도 잠식될 것이란 우려 때문이다. 실제 국내에 체류 중인 외국인 노동자가 달러 스테이블코인으로 임금을 받거나, 기업이 무역대금을 달러 스테이블코인으로 결제하는 등 실생활 침투가 현실화하고 있다. 국정기획위 관계자는 “미국 정부와의 관계 등을 감안할 때 달러 스테이블코인을 원천 차단하긴 어렵다”며 “현재로선 달러 스테이블코인보다 나은 원화 스테이블코인을 키우는 것이 유일한 대안”이라고 말했다.일각에선 원화 스테이블코인이 K콘텐츠 등과 결합하면 해외에서 새로운 수요를 창출할 것이란 전망도 나온다. 예컨대 위버스, 버블 등 K팝 플랫폼에서 팬들이 티켓이나 굿즈를 구입할 때 원화 스테이블코인을 활용하는 식이다. 원화 스테이블코인이 ‘달러 코인 방어벽’을 넘어 ‘원화 패권 강화’ 수단으로 작동할 수 있다는 것이다. ◇‘비은행 허용’ 놓고 찬반 팽팽최근에는 논란의 중심이 ‘코인 발행 주체’로 옮겨가고 있다. 원화 스테이블코인 발행을 은행권으로 제한할지, 비은행까지 풀어줄지가 핵심 쟁점이다. 한국은행은 비은행 스테이블코인 발행에 반대 입장을 내고 있다. 원화 스테이블코인이 무분별하게 발행되면 시중 유동성이 늘어나 한은의 통화정책을 약화할 수 있어서다. 이창용 한은 총재는 “비은행까지 스테이블코인 발행을 허용하면 다수의 민간 화폐가 만들어지는 것”이라며 “19세기 민간은행이 자유롭게 화폐를 발행해 혼선이 있었던 상황이 반복될 수 있다”고 지적했다.반면 은행권으로 발행 주체를 제한하면 원화 스테이블코인의 경쟁력이 크게 떨어질 것이란 반론도 있다. 강형구 한양대 파이낸스경영학과 교수는 “원화 스테이블코인을 성공시키려면 단순 내수 상품이 아니라 수출 상품을 만들어야 하는데, 은행 위주로 조심스럽게 접근하면 전 세계적인 플랫폼 경쟁에서 이길 수 없다”며 “은행뿐 아니라 핀테크, 암호화폐거래소, 해외 파트너 등이 컨소시엄을 이뤄 발행 사업에 진출하는 게 바람직하다”고 말했다.한은의 우려가 기우라는 분석도 있다. 금융권 관계자는 “스테이블코인은 본질적으로 네이버페이머니 등 선불전자지급수단과 비슷하다”며 “스테이블코인에만 통화정책에 미치는 악영향을 지나치게 부각하는 측면이 있다”고 했다. 미국 유럽 홍콩 등에서도 비은행의 스테이블코인을 전면 또는 조건부로 허용하고 있다.서형교/남정민/배성수 기자 seogyo@hankyung.com",https://www.hankyung.com/article/2025071501651,2025.07.15 18:29
고금리 OUT! 증권사 신용대출 3%대로 전환하는 방법,,"전송종목 : 두산밥캣, 넷마블, 스튜디오드래곤, 실리콘투, 크래프톤최근 주식 투자자들 사이에서 주식대출(미수/신용융자 등)의 고금리에 대한 부담이 커지고 있다.특히 저금리를 적용 받고 싶어도, 기존 대출을 상환하고 다시 주식을 매수해야 하는 번거로운 절차와 자금 조달의 어려움이 발목을 잡고 있다.이런 현실적인 문제를 해결하고자, 무빙스탁이 ‘증권사 신용, 대환자금대출’ 서비스를 전격 출시했다.이 상품은 주식을 매도하지 않고도, 기존의 고금리의 주식대출(미수/신용융자 등)의 3%대의 혁신적인 저금리 증권사로 전환할 수 있도록 상환자금을 제공하는 것이 핵심이다.무빙스탁 관계자는 “현재 증권사 이벤트 금리는 연 3%대 수준으로, 기존 9~10%대 고금리를 적용받는 투자자라면 절감 효과가 상당하다”며, 금리를 5%만 낮추면 “1억원 신용대출 기준으로 연간 약 500만원, 3억원이라면 1,500만원까지도 절약할 수 있다”고 밝혔다.더 놀라운 점은, 현재는 이벤트 기간으로 대환자금대출 신청시 발생하는 이자 비용까지 ‘0원’이라는 사실이다. 대환자금에 대해서 하루의 대출이자도 부담하지 않고 기존 고금리 대출을 저금리로 전환할 수 있어, 고금리 부담에 시달리던 투자자들에게 큰 호응을 얻을 전망이다.이 서비스는 부동산 시장에서 흔히 이용되던 대환대출 개념을 증권시장에 도입한 혁신적인 시도로, 주식 투자자들의 자금 운용에 새로운 대안을 제시할 것으로 기대된다.무빙스탁 ‘증권사 신용, 대환자금대출’의 비용 무료 이벤트는 이벤트 기간 동안 한정적으로 제공되는 만큼, 신용융자를 이용 중인 투자자라면 지금 바로 확인해볼 필요가 있다.★ 장마감 시간이 가까워질수록 문의가 많아 상담이 지연될 수 있습니다.★ 7월 문의하신 고객들이 많이 보유하신 종목으로는 삼성전자, POSCO홀딩스, 셀트리온, 포스코퓨처엠, 에코프로비엠, NAVER, 에코프로, 삼성SDI, LG화학, SK하이닉스, 두산에너빌리티, 카카오, SK이노베이션, LG에너지솔루션, 엘앤에프, 삼천당제약, 현대차, 알테오젠, HPSP, LG전자 등이 있습니다.★ 안내사항과도한 빚은 당신에게 큰 불행을 안겨줄 수 있습니다. 대출 시 신용등급 하락으로 다른 금융거래가 제약받을 수 있습니다. 중개수수료를 요구하거나 받는 것은 불법입니다.상호명: ㈜단비대부 2021-서울영등포-2102(대부업) | TEL: 1544-4886 | 대출금리: 연 20%이내(연체금리는 약정금리+3%p이내, 최대 연 20%이내) | 단, 2021. 7. 7.부터 신규체결, 갱신, 연장되는 계약에 한함 | 채무의 조기상환 조건 및 부대비용 없음. (단, 신용조회비용 및 담보권설정비용 있음), 이자 외 별도로 중개수수료를 요구하거나 수취하는 것은 불법입니다. | 대표이사: 박동원 | 사업자등록번호: 274-86-00231 | 등록기관명칭: 서울 영등포구청(담당부서: 일자리경제과, 02-2670-3420) | 소재지 : 서울 영등포구 여의대방로67길 11, 5층 517호 | 개인정보관리자메일: help@danbifund.co.kr무료상담",https://www.hankyung.com/article/202507235749a,2025.07.23 13:28
"04일, 외국인 거래소에서 KB금융(-4.11%), 현대로템(-7.9%) 등 순매도",,"외국인 투자자는 04일 거래소에서 KB금융, 현대로템, 한국전력 등을 중점적으로 매도한 것으로 나타났다.외국인 투자자의 순매도 상위 20개 종목은 KB금융, 현대로템, 한국전력, 삼성중공업, 삼성SDI, 카카오, 한화오션, KT&G, 삼성전자, HD한국조선해양등이다.이중에 운수장비 업종에 속한 종목이 4개 포함되어 있다.한국전력, KT&G, SKC 등은 전일 대비 주가가 상승했고, KB금융, 현대로템, 삼성중공업 등은 주가가 하락했다.[07월04일]거래소 외국인 순매도 상위 종목한경로보뉴스이 기사는 한국경제신문과 금융 AI 전문기업 씽크풀이 공동 개발한 기사 자동생성 알고리즘에 의해 실시간으로 작성된 것입니다.",https://www.hankyung.com/article/202507049369L,2025.07.04 18:35
'AI 협업툴'로 日 B2B 시장 정조준하는 네이버,"라인웍스 10주년 간담회

일본 유료 메신저 7년째 1위 
AI 업무 플랫폼으로 진화

고령자 돌보는 케어콜도 시작
시장별 맞춤 서비스로 차별화
""이해진 복귀 후 R&D에 사활""","네이버클라우드가 인공지능(AI)을 앞세워 글로벌 기업 간 거래(B2B) 시장 공략을 본격화한다. 일본 자회사의 메신저형 협업툴인 ‘라인웍스’를 AI 기반 업무 플랫폼으로 탈바꿈하기로 했다. 이뿐만 아니라 일본 지방자치단체와 협력해 고령자 대상 AI 전화 서비스인 ‘클로바 케어콜’ 현지화에도 착수했다. 일본 ‘국민 메신저’인 라인으로 기업·소비자 간 거래(B2C) 시장에서 성공을 경험한 네이버가 이젠 B2B 버티컬 AI 서비스로 사업 영토를 넓히고 있다. ◇AI로 일본 B2B 공략







이미지 크게보기



                김유원 네이버클라우드 대표는 지난 9일 일본 오사카에서 열린 라인웍스 10주년 기념 기자간담회에서 “B2C 서비스 성공 사례는 네이버에 많지만 국내 B2B 소프트웨어 중에선 라인웍스의 수출 규모가 가장 클 것”이라며 “일본에서 축적한 경험을 바탕으로 더 많은 국가로 B2B 사업을 확장하겠다”고 말했다.2015년 일본에 처음 진출한 라인웍스는 일본 내 유료 업무용 메신저 시장에서 2017년부터 지금까지 점유율 1위를 차지하고 있다. 고객사는 59만 곳, 이용자는 580만 명에 달한다. 직관적인 인터페이스로 디지털 앱 사용이 서툰 일본 현장형 기업 사이에서 빠르게 이용자를 늘렸다. 직장 사람들에게 전화번호를 잘 알려주지 않는 메신저 중심의 일본 문화를 파고들어 10년간 확고히 자리를 잡았다는 설명이다. 연간반복매출(ARR)은 160억엔(약 1500억원)을 돌파했다.라인웍스는 최근 AI 기반 업무 플랫폼으로의 변신을 준비하고 있다. 정형화된 업무를 대신하는 AI 에이전트 기능을 도입할 계획이다. 입력된 채팅, 이메일, 일정 등을 AI 에이전트가 정리해 대신 보고해주는 식이다. 시마오카 다케시 라인웍스코퍼레이션 대표는 “일본 기업은 비즈니스 채팅뿐만 아니라 AI 자동응답 기술에 관심을 두고 있다”고 설명했다.네이버클라우드는 일본에서 새로운 B2B AI 서비스도 준비하고 있다. 지난달 일본 시마네현 이즈모시와 협약을 맺고 케어콜 시범사업을 시작했다. 복지사가 수행하던 전화 확인 업무를 AI가 대신한다. 김동회 네이버클라우드 AI 솔루션·클로바 케어콜 JP 이사는 “고령층이 많은 일본은 케어콜 같은 AI 서비스가 꼭 필요하다”며 “다른 일본 지자체와도 도입을 논의하고 있다”고 말했다. ◇“사활을 건 R&D 진행 중”네이버는 라인을 통해 해외 B2C 시장에서 일찌감치 성공을 경험했다. 하지만 지난해 라인야후 사태 이후 리스크가 새롭게 부각됐다. ‘소버린 AI’ 개념이 부상하며 해외 합작 기업을 향한 견제도 심해졌다. 네이버는 라인 외에 해외에서 독자적인 사업 모델을 키워야 하는 상황에 놓였다. 일본 내 B2B 신사업은 이 같은 전략 아래 시도하는 것이다. AI를 앞세워 일본을 포함한 해외 B2B 영역에서 새로운 먹거리를 찾겠다는 것이다.김 대표는 “예전 같았으면 네이버클라우드가 일본에 진출할 때 ‘라인 클라우드’ 같은 이름을 내세웠겠지만 이젠 네이버클라우드, 네이버 케어콜처럼 네이버 브랜드를 쓰고 있다”며 “라인이 하는 일은 라인이, 네이버가 하는 일은 네이버가 한다는 식으로 명확히 구분하는 게 중요하다고 본다”고 했다. 그러면서 “이해진 창업자의 복귀를 계기로 AI 분야에서 네이버 전체의 사활을 건 연구개발(R&D) 투자가 진행 중”이라고 강조했다.아마존웹서비스(AWS) 등 빅테크와 인프라 영역에서 무조건 경쟁하기보단 특정 국가가 당면한 문제를 풀어주는 버티컬 AI 서비스를 무기로 내세운다는 전략이다. 대표적인 게 일본의 고령화와 인력 부족 문제를 해결할 수 있는 케어콜, 라인웍스 서비스다. 네이버클라우드는 라인웍스를 대만, 중동 등으로 확대할 계획도 세웠다. 김 대표는 “각 나라가 안고 있는 사회적 과제를 AI 기술로 풀어가는 게 네이버클라우드가 B2B 사업을 통해 지향하는 방향”이라며 “그게 우리의 소버린 AI 철학”이라고 강조했다.오사카=고은이 기자 koko@hankyung.com",https://www.hankyung.com/article/2025071009791,2025.07.10 17:25
"1180회 로또 추첨 결과…1등 11명, 1인당 약 25.3억 원 수령",,"7월 12일 추첨된 제1180회 로또복권의 1등 당첨 번호는 ‘6, 12, 18, 37, 40, 41’로 결정됐다. 보너스 번호는 ‘3’이다.이번 회차에서 1등 번호 6개를 모두 맞힌 행운의 주인공은 총 11명으로, 1인당 지급받는 금액은 25억 3,556만 6,421원이다.1등 다음으로 높은 등위인 2등은 당첨번호 5개에 보너스 번호까지 맞춘 이들로, 총 72명이 이에 해당한다. 이들은 각각 6,456만 3,034원을 받게 된다.3등(당첨번호 5개 일치)은 3,010명이었으며, 지급금은 1인당 154만 4,365원이다.4등과 5등은 고정 당첨금이 지급된다. 당첨번호 4개를 맞힌 4등은 15만 3,274명으로 1인당 5만 원을, 3개 번호가 일치한 5등은 256만 7,395명이며 각각 5,000원을 받는다.이번 회차의 1등 당첨 복권은 자동으로 선택된 것이 10건, 수동으로 고른 것이 1건이었다.자동 선택 당첨점은 다음과 같다:• 동행복권 공식 온라인 판매처• 부산 연제구 ‘성광복권명당’• 경기 구리시 ‘대박’• 경기 평택시 ‘내츄럴하우스복권판매점’• 강원 춘천시 ‘백억만로또’• 충북 청주시 ‘오창중앙복권’• 충남 아산시 ‘로또명당인주점’• 경북 포항시 ‘공단로또명당’• 경남 김해시 ‘해보라마트’• 경남 함안군 ‘공단로또점’수동으로 1등에 당첨된 복권은 경기 김포시 ‘행운드림로또&토토’에서 판매된 것이다.당첨금은 추첨일 다음 영업일부터 1년 이내에 수령해야 하며, 지급 기한이 지난 경우 당첨금은 지급되지 않는다.뉴키즈온, 카카오페이, 현대로템, NAVER, 코리아나무료상담",https://www.hankyung.com/article/202507145979a,2025.07.14 10:01
고금리 이자 폭탄 피하는 법! 증권사 대출 3%대로 줄이기,,"전송종목 : 아진산업, 계룡건설, 아가방컴퍼니, 대영포장, 금강공업최근 주식 투자자들 사이에서 주식대출(미수/신용융자 등)의 고금리에 대한 부담이 커지고 있다.특히 저금리를 적용 받고 싶어도, 기존 대출을 상환하고 다시 주식을 매수해야 하는 번거로운 절차와 자금 조달의 어려움이 발목을 잡고 있다.이런 현실적인 문제를 해결하고자, 무빙스탁이 ‘증권사 신용, 대환자금대출’ 서비스를 전격 출시했다.이 상품은 주식을 매도하지 않고도, 기존의 고금리의 주식대출(미수/신용융자 등)의 3%대의 혁신적인 저금리 증권사로 전환할 수 있도록 상환자금을 제공하는 것이 핵심이다.무빙스탁 관계자는 “현재 증권사 이벤트 금리는 연 3%대 수준으로, 기존 9~10%대 고금리를 적용받는 투자자라면 절감 효과가 상당하다”며, 금리를 5%만 낮추면 “1억원 신용대출 기준으로 연간 약 500만원, 3억원이라면 1,500만원까지도 절약할 수 있다”고 밝혔다.더 놀라운 점은, 현재는 이벤트 기간으로 대환자금대출 신청시 발생하는 이자 비용까지 ‘0원’이라는 사실이다. 대환자금에 대해서 하루의 대출이자도 부담하지 않고 기존 고금리 대출을 저금리로 전환할 수 있어, 고금리 부담에 시달리던 투자자들에게 큰 호응을 얻을 전망이다.이 서비스는 부동산 시장에서 흔히 이용되던 대환대출 개념을 증권시장에 도입한 혁신적인 시도로, 주식 투자자들의 자금 운용에 새로운 대안을 제시할 것으로 기대된다.무빙스탁 ‘증권사 신용, 대환자금대출’의 비용 무료 이벤트는 이벤트 기간 동안 한정적으로 제공되는 만큼, 신용융자를 이용 중인 투자자라면 지금 바로 확인해볼 필요가 있다.★ 장마감 시간이 가까워질수록 문의가 많아 상담이 지연될 수 있습니다.★ 7월 문의하신 고객들이 많이 보유하신 종목으로는 삼성전자, POSCO홀딩스, 셀트리온, 포스코퓨처엠, 에코프로비엠, NAVER, 에코프로, 삼성SDI, LG화학, SK하이닉스, 두산에너빌리티, 카카오, SK이노베이션, LG에너지솔루션, 엘앤에프, 삼천당제약, 현대차, 알테오젠, HPSP, LG전자 등이 있습니다.★ 안내사항과도한 빚은 당신에게 큰 불행을 안겨줄 수 있습니다. 대출 시 신용등급 하락으로 다른 금융거래가 제약받을 수 있습니다. 중개수수료를 요구하거나 받는 것은 불법입니다.상호명: ㈜단비대부 2021-서울영등포-2102(대부업) | TEL: 1544-4886 | 대출금리: 연 20%이내(연체금리는 약정금리+3%p이내, 최대 연 20%이내) | 단, 2021. 7. 7.부터 신규체결, 갱신, 연장되는 계약에 한함 | 채무의 조기상환 조건 및 부대비용 없음. (단, 신용조회비용 및 담보권설정비용 있음), 이자 외 별도로 중개수수료를 요구하거나 수취하는 것은 불법입니다. | 대표이사: 박동원 | 사업자등록번호: 274-86-00231 | 등록기관명칭: 서울 영등포구청(담당부서: 일자리경제과, 02-2670-3420) | 소재지 : 서울 영등포구 여의대방로67길 11, 5층 517호 | 개인정보관리자메일: help@danbifund.co.kr무료상담",https://www.hankyung.com/article/202507108876a,2025.07.10 13:28
"[홍석환의 인사 잘하는 남자] ""승진하기 싫어요""",한경닷컴 더 라이프이스트,"사진=게티이미지뱅크

승진이 목표였던 시절평생 직장 시절에는 승급, 승진 발표에 전 직원이 관심을 가졌다. 회사 게시판에 승급자와 승진자 명단이 발표되면, 전 직원은 이를 보며 직접 찾아가거나 전화로 축하를 한다. 승급과 승진자가 있는 부서는 축하 회식을 한다. 승급과 승진을 하면 역할이나 위상도 달라지며 급여도 많이 오른다. 회사에서 인정을 받는다는 인상을 준다.반면, 승급이나 승진에서 떨어진 직원은 기분이 좋지 않다. 다른 선택을 할 수 있는 방안이 거의 없기 때문에 스스로 인내할 수밖에 없었다. 조직장은 승급이나 승진에 떨어진 직원을 별도로 불러 위로해 주었다. 떨어진 직원이 승급과 승진자를 위한 축하 회식에 불참하는 경우는 없었다. 조직 내에서 안 좋은 평판을 받으면 치명적이라는 것을 잘 알고 있었다. 승격이나 승진자를 축하하고, 본인도 더 노력하겠다는 모습을 보였다.   입사 당시에는 3을 15호의 급호가 있고, 과부제였다. 3을 12에서 3갑 15 대리로 승급한다. 이 때가 첫 승급이다. 10명이 입사한 동기 중에서 대리 승급을 8명이 했다. 승급의 기쁨보다는 승급하지 못한 동기를 위로했고, 떨어진 동기는 내년에 대리가 되겠다는 말을 하며 축하해줬다. 대리에서 과장이 되는 것은 승진이다. 과장은 조직의 장이었다. 과장 공석이 있어야만 승진을 할 수 있었다. 영업, R&D, 생산, 경영관리 직군을 벗어나 과장이 되는 경우는 그렇게 많지 않았다. 대부분 직군 내 대리가 공석이 된 과의 장이 되었다. 과장이 되면 관리자로 과의 업무를 총괄하며 과원들에게 업무를 지시하고 조직 및 직원 관리를 책임졌다.과장에서 부장이 되면 회사에서의 위상이나 담당하는 일의 범위와 영향력이 매우 컸다. 사원으로 입사했을 때, 부장을 만나는 일은 그렇게 많지 않았다. 과의 대리가 1차적으로 업무를 지도하고 점검해줬다. 선임인 대리의 점검이 끝나야 과장에게 결재를 올릴 수가 있었다. 과장 이상의 결재가 필요한 일은 대부분 과장이 상급자의 결재를 득했고, 추가 지시를 내렸다.사원 입장에서는 임원이 된다는 것은 꿈이고, 현실은 대리가 되는 것이 가장 중요했다. 과장이 되면 회사와 전 임직원으로부터 축하를 받았다. 과원들은 과장이 되는 것이 현실적 목표였다.팀장, 임원이 되기 싫어요시대가 바뀌었다. 과부제는 팀제가 되어 부단위의 조직을 팀으로 하며 조직장이었던 과장은 팀원이 되었다. 사실상 조직이 축소되었다. 팀원들 사이에 존재했던 직급체계도 3단계 또는 단계를 폐지했다. 과장, 차장, 부장이라는 직위도 직급 단순화를 하며 장이라는 호칭을 전부 없게 만들었다. 팀원이 무슨 장이라는 생각, 팀원 간의 위계를 없애려는 의도였다. 근무 여건도 급변했다. 9시 출근 6시 퇴근의 문화가 사라졌다. 유연근무제의 도입으로 주 40시간 내에서 자신의 근무 시간을 정할 수 있게 되었다. 재택 근무도 시행되었다. 법적으로 주 52시간 이상 근무를 규제했다. 자신의 일에만 관심을 갖고, 타인의 일에는 관심을 주지 않는다. 갑자기 떨어지는 공동의 지시사항에 대한 업무 분장을 하기 어렵다. 팀원들이 업무에 열중하지 못해 지연될 때 책임져야 하는 팀장은 괴롭기만 하다. 팀원들은 자신이 정한 시간에 정시 퇴근하는데, 팀장은 일찍 출근하고 항상 야근이다. 이런 팀장의 모습을 바라보는 팀원들은 ‘나는 팀장이 되고 싶지 않다’는 생각이 강하다.팀장들도 상사를 바라본다. CEO의 눈치를 봐야 한다. 지시를 받아 일하는 것은 임원도 마찬가지다. 다만, 지시 받은 일을 팀장이나 팀원에게 시킬 수 있는 폭이 넓을 뿐이다. 성과가 없으면 가장 먼저 퇴직하는 것이 임원이다. 팀장들 중에는 가늘고 길게 회사 생활하겠다고, 임원되기를 포기하기도 한다.조직과 구성원 모두 비전과 꿈이 있어야 한다. 어제, 오늘, 내일이 똑 같은 생활의 연속이라면, 무슨 성장과 성취가 있겠는가? 보다 높은 역할을 수행하며 조직과 구성원을 이끄는 지식과 경험이 삶에 큰 영향을 준다. 한 곳에 정착할 수도 있지만, 다른 곳에서 자신의 꿈과 경험을 펼칠 때에도 한 단계 높은 직책에서 길고 멀리 넓게 근무한 것이 도움이 된다. 물론 과정 중에 조직과 구성원과 연계된 고민, 책임질 일도 많다. 중요한 것은 이 고민이 본인을 성장하게 만든다. 해결된 후에 우뚝 성장한 자신을 보게 되는 이유다. 회사는 나는 팀장과 임원이 되기 싫다고 말하는 직원보다 팀장과 임원이 되어 보다 높은 도전을 이어가고 싶어하는 직원이 되도록 육성하고 동기부여 하며 엄격한 심사를 거쳐 선발해야 한다.<한경닷컴 The Lifeist> 홍석환 대표(홍석환의 HR전략 컨설팅, no1gsc@naver.com)""외부 필진의 기고 내용은 본지의 편집 방향과 다를 수 있습니다.""독자 문의 : thepen@hankyung.com",https://www.hankyung.com/thepen/lifeist/article/202507134787Q,2025.07.15 18:28
자기자본 포함 4배 투자금을 DSR 무관으로 신청 당일 즉시?,,"투자자들 사이에서 ‘스탁론’에 대한 관심이 높아지고 있다. 스탁론은 자기자본 포함 최대 4배까지 활용 가능하며 증권사 신용/미수 대환 용도로도 활용 가능해 대표적인 레버리지 수단으로 자리잡은 상태다.그러나 DSR 한도가 스탁론에도 적용된 후 다른 대출, 소득 증빙 문제로 예전처럼 이용하기 어려워졌다. 이와 함께 높아진 금리도 스탁론 이용을 망설이게 만든 원인으로 꼽힌다.그러나 해결책은 있다. 21년 연속 스탁론 업계 1위를 지키고 있는 하이스탁론이 DSR 무관하게 이용할 수 있는 상품은 물론 연 4%대 최저금리로 이용 가능한 상품까지 취급하며 선택의 폭을 넓힌 것이다.




 

◆ 하이스탁론, 연 4%대 업계 최저금리로 추가 투자금은 물론 신용미수 대환까지!<하이스탁론>에서 누구나 부담 없이 스탁론을 경험할 수 있도록 연 4%대 최저금리 상품을 출시했다. 주식매입 용도는 물론 증권사 미수/신용 대환도 가능하며 신용등급 차등 없이 자기자본 포함 최대 4배까지 활용할 수 있다.이와 함께 DSR 한도 때문에 기존 스탁론 이용이 어려웠던 투자자들은 위한 DSR 무관 상품도 취급 중이다. 또한 장중 거래가 어려웠던 투자자를 위한 대체거래소(NXT) 거래도 가능해졌다.<하이스탁론>의 새로운 상품에 대해 자세히 알고 싶은 투자자는 고객상담센터(1599-0313)로 연락하면 대출 여부와 상관없이 24시간 언제든 전문상담원과 편리한 상담이 가능하다.○ 연 4%대 업계 최저금리 상품 출시○ 대체거래소(NXT) 거래 가능!○ 21년 연속 시장 점유율 1위, 16년 연속 대한민국퍼스트브랜드 대상○ 증권사 신용/미수 실시간 상환, 한종목 100% 집중 투자○ 믿을 수 있는 상담품질보증제※하이스탁론상담센터 : 1599-0313바로가기:https://www.hisl.co.kr/0313◆ 현 시각 관심종목 Top 10 : 삼성전자, NAVER, 한국전력, LG씨엔에스, 한국가스공사, 한화시스템, 에르코스, 더즌, 파세코, JB금융지주무료상담",https://www.hankyung.com/article/202507084277a,2025.07.09 09:30
"""남향 위주 공원형 아파트""…HDC현산, 내달 '춘천 레이크시티 2차 아이파크' 분양","총 218가구 조성

수도권 접근성·조망권 강점
1차 단지와 브랜드 타운 형성","춘천 레이크시티 2차 아이파크 투시도. HDC현산 제공

                내달 강원 춘천시 삼천동 일원에 '춘천 레이크시티 2차 아이파크' 약 200가구가 공급된다. 지상 주차 공간을 없앤 남향 위주의 공원형 단지로, 일부 가구에서 호수 등이 내려다보이는 조망권과 수도권으로의 교통 접근성으로 눈길을 끈다.23일 HDC현대산업개발에 따르면 이 단지는 지하 4층~지상 29층, 3개 동, 전용 84·144㎡ 총 218가구로 조성된다. 지난해 평균 27.75대 1의 높은 경쟁률을 기록한 1차 단지(874가구)와 함께 브랜드 타운을 형성할 전망이다.이번 2차 단지는 남향 위주의 4~5베이(거실과 방 3~4개 전면 배치) 판상형 설계로 채광과 통풍을 극대화했다. 국민 평형인 전용 84㎡는 팬트리·드레스룸·알파룸·유틸리티룸 등 특화 공간을 도입해 실용성을 높였다.전용 144㎡는 주거 기능 외에도 취미와 여가를 즐길 수 있는 대형 평형으로 설계됐다. 일부 가구는 공지천과 의암호 조망권을 확보할 수 있다. 지상 주차 공간을 없앤 100% 공원형 단지다. 피트니스·골프연습장·게스트하우스 등 다양한 커뮤니티 시설도 갖춘다.
                    



춘천 레이크시티 2차 아이파크 조감도. HDC현산 제공

                생활 인프라와 교육 여건이 장점이다. 롯데마트·이마트, 춘천풍물시장과 남부시장 등의 상권이 가깝다. 춘천시청·강원도청·춘천지법 등 행정기관과 강원대병원·춘천성심병원 등 의료기관 접근도 편리하다. 온의·삼천초(예정), 춘천중·고 등 학군은 물론 퇴계동 학원가도 인접한다.직주근접성도 뛰어나다. 춘천도시첨단정보산업단지, 삼성SDS 데이터센터, 네이버도시첨단산업단지 등으로의 접근성이 좋다. 경춘선 남춘천역·춘천역, 춘천IC를 통한 중앙고속도로·서울양양고속도로 등으로 수도권 이동도 수월하다. 수도권광역급행철도(GTX)-B 춘천 연장, 동서고속화철도, 제2 경춘국도(모두 예정) 사업 추진 중으로 서울 및 수도권 접근성은 더욱 개선될 예정이다.정부의 '가계부채 관리 방안'(6·27 부동산 대책)을 적용받지 않아 규제 부담이 적다. 춘천 및 강원 거주 청약통장 가입 6개월 이상인 사람이면 1순위로 청약할 수 있다. 다주택자와 세대원도 청약이 가능하다. 재당첨 제한이 없다. 계약금(총공급금액의 10%)을 모두 납부한 후 분양권 전매도 허용된다.HDC현산 관계자는 ""최근 3년간 강원 아파트 최고가 단지가 '아이파크'였던 만큼 브랜드 신뢰도가 입증됐다""며 ""1차보다 조망과 상품성을 강화한 이번 2차 단지는 실수요자는 물론 투자자들에게도 매력적인 선택지가 될 것""이라고 강조했다.견본주택은 춘천시 근화동 더잭슨나인스호텔 인근(춘천시 근화동 267번지)에 마련된다.오유림 기자 our@hankyung.com",https://www.hankyung.com/article/202507237540i,2025.07.23 17:22
"""휴머노이드·자율주행車 개발""…경남 'AI 수장' 공개모집","인공지능산업과장, 전문가 영입
피지컬 AI 육성·AX 등 총괄","경상남도가 정부의 인공지능(AI)산업 육성 정책에 발맞춰 전문가 영입에 나섰다.경상남도는 오는 21일까지 지역의 ‘피지컬 AI’ 업무를 담당할 인공지능산업과장을 공개 모집한다고 15일 발표했다. 피지컬 AI는 인간형 로봇(휴머노이드), 자율주행차 등 하드웨어에 장착돼 스스로 상황을 인지하고 작업하는 차세대 AI를 의미한다.도는 지난 3일 AI 전환(AX)을 이끌 통합 및 전문 체계를 확립하기 위해 AI산업 정책 수립과 육성을 전담할 조직(인공지능산업과)을 신설했다. 정부의 강력한 AI산업 육성 정책에 발맞춰 신속히 대응할 수 있는 총괄 조직을 구성해 도내 관련 산업 생태계를 구축해 나갈 계획이다.인공지능산업과장은 경남의 AI산업 정책 수립과 육성, 주력 산업의 AX를 전담하는 것은 물론 정부의 피지컬 AI 육성 전략에 적극적으로 대응하는 역할을 맡는다. 최종 합격하면 지방서기관 또는 지방과학기술서기관으로 임용될 예정이며 임용 기간은 최초 2년, 성과에 따라 최대 5년까지다.경상남도는 이달 초 국내 대표 기업인 네이버 AI연구소에 방문해 도내 대학, 기업, 유관기관과 함께 클로바X 기반의 자율제조, 물류 등 AI 서비스 모델을 공동 개발하고 도내 기업 등에 실증하는 사업을 함께 기획·추진할 것을 제안했다.도 관계자는 “젠슨 황 엔비디아 최고경영자(CEO)는 피지컬 AI가 제조·물류산업을 근본적으로 바꿔 50조달러(약 7경원) 규모의 시장을 형성할 것으로 전망했다”며 “제조 AI의 메카를 꿈꾸는 경남은 AI 기업이 모이고, 창업하고, 성장할 수 있는 생태계를 조성해 나갈 것”이라고 말했다.창원=김해연 기자 haykim@hankyung.com",https://www.hankyung.com/article/2025071501241,2025.07.15 17:25
원작 팬덤 분노 버튼 '딸깍'…'전독시' 감독의 변 들어보니 [김예랑의 영화랑],"300억 들인 '전지적 독자 시점', 
진입장벽 넘고 600만명 모을 수 있을까 

'국뽕' 코드 삭제, 지수 연기력 논란 등 '와글와글'
천만 시어머니 등판각 ""대사가, 설정이 왜 이래""","/사진=롯데엔터테인먼트 

                100만 관객을 모으는 것조차 버거운 극장가에 손익분기점이 무려 600만 명인 초대형 프로젝트가 등장했다. 영화 '전지적 독자 시점'(이하 '전독시')의 이야기다.'전독시'는 2018년 네이버 시리즈를 통해 연재를 시작해 누적 조회수 3억 뷰를 기록한 인기 웹소설로, 2020년부터는 웹툰으로도 연재되며 탄탄한 팬덤을 형성한 슈퍼 IP다. 쌍천만 영화 '신과 함께' 시리즈를 제작한 리얼라이즈 픽쳐스가 제작을 맡았고, '더 테러 라이브'(2013), 'PMC: 더 벙커'(2018) 등을 연출한 김병우 감독이 메가폰을 잡았다. 안효섭, 이민호, 채수빈, 나나, 블랙핑크 지수, 신승호 등 신선하면서 화려한 캐스팅으로 기대를 모으고 있다.이야기는 웹소설 '멸망한 세계에서 살아남는 세 가지 방법'(이하 '멸살법')을 유일하게 완독한 독자 김독자(안효섭)가 작가에게 ""이 소설은 최악""이라며 결말에 대한 불만을 담은 메시지를 보내며 시작된다. 작가로부터 ""결말이 마음에 안 드시면 직접 써보시죠""라는 답장을 받은 김독자는 실제로 소설의 첫 문장 속으로 들어가게 된다. 소설이 현실이 된 것이다. 자신만이 결말을 아는 유일한 존재가 된 김독자는 '혼자 살 것이냐, 함께 갈 것이냐'는 선택 앞에서 자신만의 시나리오를 쓰기 시작한다.
                    




                영화는 크리처들이 사정없이 달려드는 소설 속 아포칼립스 세계관을 배경으로 한다. 관객은 주인공 김독자와 함께 지하철 3호선에 나란히 앉힌다. 퀘스트를 수행하며 소설 속 세계를 누비는 주인공을 따라가다 보면 빠르게 몰입된다. 실사화가 어렵다는 평가를 받아온 원작을 김병우 감독은 정공법으로 돌파한 것으로 보인다. 영화화를 위한 '선택과 집중' 전략이 돋보이며, 과감한 연출로 승부수를 던진다.시사회 이후 반응은 엇갈렸다. '원작을 보지 않았거나', 'RPG 게임에 익숙한 관객'이라면 작품의 세계관에 자연스럽게 감겨들 수 있다는 반응이 있는 반면, '원작의 열렬한 팬'이거나 '게임 장르에 익숙하지 않은 관객'에게는 진입장벽이 만만치 않다는 평가도 적지 않다. 특히 손익분기점이 600만 명에 달하는 만큼, 남녀노소 누구나 볼 수 있는 범용성이 요구되지만, 중장년층에게는 다소 어려울 수 있다는 반응이 지배적이다.예고편 공개 이후 원작 팬덤 사이에서는 이 영화는 꾸준히 '뜨거운 감자'다. 한 영화 리뷰 유튜버는 시사회 후 ""원작 팬들이 예고편만 보고도 대사 한줄 한줄 지적하는 데 완성된 영화를 보고 (앞으로의 논란이) 너무 무섭다는 생각이 들었다""고 했다. 영화계 관계자는 ""원작 팬덤의 거센 항의를 받을 것 같다""고 점쳤다.
                    




                '천만 시어머니들이 등판할 것 같다'는 반응에 김병우 감독은 ""관심을 가져주시는 것이 모르시는 것보다는 훨씬 좋다고 생각한다. 시어머니건 뭐건, 어떤 식으로든 보시고 반응해주시는 건 감사한 일""이라고 말했다.그는 ""이 영화를 하겠다고 마음먹은 순간부터 예상 가능한 논점들이 존재했다. 그래서 내 취향대로만 밀어붙일 수는 없겠다는 생각이 들었다. 이 이야기를 좋아하는 분들이 정말 많기 때문에, 그분들을 어떻게 만족시킬 수 있을지를 더 먼저 고민했다. 처음부터 굉장히 조심스러웠다""고 털어놨다.김 감독은 아울러 ""너무 재미있고 신선한 세계인데, 이걸 어떻게 영화로 구현할지 감이 안 잡혔고 실사화했을 때 관객이 편하게 받아들일 수 있을까, 의문이 들었다. 장르적으로도 판타지 SF라고 단순히 분류할 수 없고, 다양한 요소들이 혼합되어 있었다. 그래서 잘 모르는 사람들도 충분히 즐길 수 있을까에 대한 확신이 드는 데만 2년이 걸렸다""고 그동안의 고민을 털어놨다.
                    




 ◆ 진입장벽 ① '국뽕' 돋는 배후성 설정 생략, 원작 파괴 아냐?팬덤 내 가장 큰 논란 중 하나는 원작의 핵심 설정이었던 '배후성'이 영화에서 다뤄지지 않았다는 점이다. 배후성이란 이순신 장군, 안중근 의사, 유관순 열사와 같은 한국 역사 속 위인들이 주인공에게 힘을 나눠주는 것을 뜻한다.김 감독은 ""정확히 말하면 제거한 게 아니라 순차적으로 풀기 위해 미뤄둔 것""이라며 ""정보가 너무 많으면 관객이 혼란을 겪을 수 있다고 판단했다. 차후 후속편을 만든다면 충분히 고민하고 접근할 예정""이라고 밝혔다. 이어 ""'전지적 독자 시점'의 핵심은 포지셔닝이었다. 이 영화가 어떤 작품이고, 어떤 장르인지 뿌리를 다지는 것이 중요했다""고 강조했다.
                    



/사진=롯데엔터테인먼트 

 ◆ 진입장벽 ② 충무공 이순신이 배후성인데 총 들었다?…지수를 둘러싼 논란유중혁(이민호)을 사부라 부르며 총을 다루는 고등학생 '이지혜' 역의 지수는 원작에서 이순신을 배후성으로 두고 있음에도 영화에서 칼이나 활이 아닌 '총'을 사용한다. 김 감독은 ""원작에서 다른 캐릭터들도 칼이라는 무기를 많이 쓴다. 시각적으로 전투 장면에서 차별화를 주고 싶었다""며 ""다양한 무기를 시도해보자는 생각에서 시작한 설정""이라고 밝혔다.그는 논란에 대해 ""예측을 못 했다"", ""그 지점을 놓쳤다""며 당혹감을 드러냈다. 그러면서 ""예상치 못한 논란이긴 했지만, 다음 편에서는 원작의 설정을 충분히 반영할 수 있다""며 후속편에서의 보완 가능성도 시사했다.'뉴토피아', '설강화' 등 시리즈물을 통해 단련했음에도 지수의 연기력은 발전이 없어 보인다. 지수는 등장부터 부족한 발성, 몰입을 떨어뜨리는 감정 연기 때문에 안타까움을 자아낸다. 원작에서 이지혜는 중요한 캐릭터로 분량이 많음에도 '전독시'에서 지수는 5분 분량에 불과하다. 김 감독에 따르면 지수의 분량은 편집된 것 없이 시나리오상에서 했던 그대로였다.그는 ""지수의 등장 타이밍이 상당히 늦다. 절반이 지난 다음 나오는 건 시나리오 작업상 반칙이다. 원작상에서도 굉장히 길게, 큰 비중으로 존재하는 인물이고, 어떻게 하는 게 좋을까 고민했다. 등장 타임을 당길 수도 없고 지수가 한다면 대중이 알아볼 수 있는 존재감이 부각될 거라는 생각이었다""라고 밝혔다.연기력 논란에 대해 ""그런 지적이 있다는 걸 알고 있었다. 아주 잘 된 캐스팅이라고 생각한다. 지수가 아니었다면 잘 모르고 넘어갈 수 있었을 법한 캐릭터""라고 덧붙였다.
                    




 ◆ 진입장벽 ③ 안효섭이 김독자? 캐릭터 해석, 이게 아닌데안효섭이 연기한 김독자 캐릭터 해석에 대해서도 팬들의 의견은 갈렸다. 원작의 독자는 비굴하거나 소극적인 성격이 아니었지만, 영화 속 김독자는 초반부 지하철 장면 등에서 다소 '찐따'처럼 묘사된다는 지적이 있었다.한 원작 팬은 ""김독자가 유중혁에게 자길 떨어뜨리지 말라며 빌다가 손을 놓으니 '유중혁, 이 개새끼야'라고 욕한다. 원작에서 김독자는 '그만 이 손 놓고 꺼져. 빌어먹을 새끼야'라고 말하고, 이에 유중혁은 '확실히 넌 예언자가 맞군'이라고 말한다. 원작과 영화의 이미지가 거리가 멀다""고 지적했다.김 감독은 ""독자란 인물을 생각했을 때 보편성과 특수성을 모두 갖춘 인물로서 김독자를 해석하고 싶었다""고 설명했다. 이어 ""안효섭을 처음 보면 평범하다고 느낄 순 없을 거다. 하지만 만나서 이야기를 해보고, 출연작들을 살펴보니 그 보편성을 잘 표현할 수 있다고 생각했다. 영화계에서 캐스팅을 할 때 나름의 '모집군'이 있을 텐데 거기에서 벗어난 캐스팅으로 신선함을 부여하고 싶었다""고 덧붙였다.안효섭은 ""원작의 인물을 토대로 만들기보다 저만의 김독자를 만들기 위해 노력했다""며 ""어느 무리에 섞여 있어도 평범하게 보일 수 있는 보편성을 중요하게 생각했다""고 말했다. 촬영 현장에서 안효섭은 '독자'가 되기 위해 멋있어 보이고 싶은 욕망을 억눌렀다. 그는 ""컷하고 나면 '혹시 제가 멋있지 않았나요'라고 감독에게 물었다""며 ""독자는 그런 멋진 인물이 아니다. 모두가 독자가 될 수 있을 것이라는 상상을 불러일으키는, 그런 사람으로 나와야 했다""고 전했다.
                    




 ◆ 진입장벽 ④ 서사 축소… ""시나리오 작업 초기부터 정해둔 규칙""김독자와 팀을 이루는 유상아(채수빈), 이현성(신승호) 등 주변 인물들의 과거 서사가 영화에서는 대폭 축소됐다. 이에 대해 김 감독은 ""원작에서는 이들이 서로를 잘 아는 사이였지만, 영화에서는 같은 지하철을 탔을 뿐 서로 잘 모르는 인물들이 문제를 해결하는 구조로 설정했다""며 ""시나리오 작업 초기부터 정해둔 규칙""이라고 밝혔다.김 감독은 ""소설의 주인공 유중혁처럼 스포트라이트 받는 사람이 있는가 하면, 조연이나 단역으로 지나가는 사람도 있다. 소설로 들어간 김독자도 마찬가지다. 소설 안 인물과 현실의 인물이 만나 문제를 해결해간다는 나름의 규칙에는 부합하다고 생각했다""고 부연했다.'전독시'의 원작자인 싱숑 작가는 특별한 가이드라인을 주지 않았고, 시사회 후 김 감독에게 ""아주 재미있게 봤다""는 메시지를 전했다고. 김 감독은 ""보여줄 재료가 많다. 후속편이 제작된다면, 더 많은 원작의 매력을 보여드릴 수 있을 것""이라고 말했다.이미 판은 벌어졌다. '전독시'가 한국형 판타지의 한 획을 긋게 될지, 아니면 팬덤의 민감한 촉수를 건드리는 계기가 될지 해석이 분분하다. 하지만 스크린이 꺼진 후 쏟아지는 말들, 각자의 해석과 감상이 교차하는 그 순간은, 극장에서 영화를 보는 원초적 즐거움이다.김예랑 한경닷컴 기자 yesrang@hankyung.com",https://www.hankyung.com/article/2025071873277,2025.07.19 08:10
"주식 매도 없이 신용이자 연 1,500만 원 줄이는 비법",,"전송종목 : KT나스미디어, 유비벨록스, 상아프론테크, 노루페인트, 로보스타




 

최근 주식 투자자들 사이에서 주식대출(미수/신용융자 등)의 고금리에 대한 부담이 커지고 있다.특히 저금리를 적용 받고 싶어도, 기존 대출을 상환하고 다시 주식을 매수해야 하는 번거로운 절차와 자금 조달의 어려움이 발목을 잡고 있다.이런 현실적인 문제를 해결하고자, 무빙스탁이 ‘증권사 신용, 대환자금대출’ 서비스를 전격 출시했다.이 상품은 주식을 매도하지 않고도, 기존의 고금리의 주식대출(미수/신용융자 등)의 3%대의 혁신적인 저금리 증권사로 전환할 수 있도록 상환자금을 제공하는 것이 핵심이다.무빙스탁 관계자는 “현재 증권사 이벤트 금리는 연 3%대 수준으로, 기존 9~10%대 고금리를 적용받는 투자자라면 절감 효과가 상당하다”며, 금리를 5%만 낮추면 “1억원 신용대출 기준으로 연간 약 500만원, 3억원이라면 1,500만원까지도 절약할 수 있다”고 밝혔다.더 놀라운 점은, 현재는 이벤트 기간으로 대환자금대출 신청시 발생하는 이자 비용까지 ‘0원’이라는 사실이다. 대환자금에 대해서 하루의 대출이자도 부담하지 않고 기존 고금리 대출을 저금리로 전환할 수 있어, 고금리 부담에 시달리던 투자자들에게 큰 호응을 얻을 전망이다.이 서비스는 부동산 시장에서 흔히 이용되던 대환대출 개념을 증권시장에 도입한 혁신적인 시도로, 주식 투자자들의 자금 운용에 새로운 대안을 제시할 것으로 기대된다.무빙스탁 ‘증권사 신용, 대환자금대출’의 비용 무료 이벤트는 이벤트 기간 동안 한정적으로 제공되는 만큼, 신용융자를 이용 중인 투자자라면 지금 바로 확인해볼 필요가 있다.★ 장마감 시간이 가까워질수록 문의가 많아 상담이 지연될 수 있습니다.★ 7월 문의하신 고객들이 많이 보유하신 종목으로는 삼성전자, POSCO홀딩스, 셀트리온, 포스코퓨처엠, 에코프로비엠, NAVER, 에코프로, 삼성SDI, LG화학, SK하이닉스, 두산에너빌리티, 카카오, SK이노베이션, LG에너지솔루션, 엘앤에프, 삼천당제약, 현대차, 알테오젠, HPSP, LG전자 등이 있습니다.★ 안내사항과도한 빚은 당신에게 큰 불행을 안겨줄 수 있습니다. 대출 시 신용등급 하락으로 다른 금융거래가 제약받을 수 있습니다. 중개수수료를 요구하거나 받는 것은 불법입니다.상호명: ㈜단비대부 2021-서울영등포-2102(대부업) | TEL: 1544-4886 | 대출금리: 연 20%이내(연체금리는 약정금리+3%p이내, 최대 연 20%이내) | 단, 2021. 7. 7.부터 신규체결, 갱신, 연장되는 계약에 한함 | 채무의 조기상환 조건 및 부대비용 없음. (단, 신용조회비용 및 담보권설정비용 있음), 이자 외 별도로 중개수수료를 요구하거나 수취하는 것은 불법입니다. | 대표이사: 박동원 | 사업자등록번호: 274-86-00231 | 등록기관명칭: 서울 영등포구청(담당부서: 일자리경제과, 02-2670-3420) | 소재지 : 서울 영등포구 여의대방로67길 11, 5층 517호 | 개인정보관리자메일: help@danbifund.co.kr무료상담",https://www.hankyung.com/article/202507160705a,2025.07.16 09:33
"카카오페이, SSG페이 인수 협상 중단",카카오 본사서 막판 제동,▶마켓인사이트 7월 17일 오후 3시 33분카카오페이가 신세계그룹의 간편결제 플랫폼 SSG페이·스마일페이(쓱페이)를 인수하려던 협상을 중단하겠다고 통보했다. 인수 금액과 세부 협상까지 마쳤지만 막판 카카오 본사에서 제동을 걸며 계약이 무산됐다.17일 투자은행(IB)업계에 따르면 카카오페이와 신세계그룹은 쓱페이 인수 협상을 중단했다. 앞서 카카오페이 측은 신세계와 협상해 약 4000억원대의 최종 인수 금액을 제시했지만 계약을 앞두고 돌연 인수 제안을 철회했다.쓱페이와 스마일페이의 합산 사용자는 올해 초 약 2500만 명으로 연간 거래액은 3조~4조원이다. 카카오페이는 간편결제 시장 1위인 네이버페이 사이에 벌어진 격차를 따라잡기 위해 적극적으로 러브콜을 보내 단독 협상권까지 따냈다.가격을 비롯해 인력 문제 등 세부 조항까지 모두 합의를 마친 상황에서 카카오 본사에서 카카오페이 경영진의 ‘단독 플레이’에 제동을 걸었다는 해석이 나온다. 이재명 정부의 인공지능(AI) 육성 계획에 맞춰 대규모 투자안 발표를 앞둔 가운데 간편결제에 대규모 자금을 투입하는 것을 부담스러워했다는 후문이다.차준호/박종관 기자 chacha@hankyung.com,https://www.hankyung.com/article/2025071753531,2025.07.17 17:15
"'역시 국민MC'…유재석, 집중호우 이재민 돕기 나섰다",5000만원 기부,"사진=변성현 한경닷컴 기자 byun84@hankyung.com

                역시 '국민MC'다. 방송인 유재석이 집중호우 피해 이재민을 돕기 위해 5000만 원을 내놨다. 18일 희망브리지 전국재해구호협회에 따르면 유재석은 집중호우로 피해를 입은 이재민을 돕기 위해 5000만 원을 기부했다. 유재석은 ""많은 양의 비로 피해를 본 분들의 안타까운 소식에 마음이 무거웠다""며 ""피해가 더 이상 커지지 않길 바란다""고 밝혔다.그동안 유재석은 산불, 수해, 지진 등 각종 재난이 발생할 때마다 희망브리지를 통해 꾸준히 기부를 이어오며 나눔을 실천하고 있다. 고액 기부자 모임 회원인 유재석이 희망브리지에 기부한 금액만 이번까지 총 11억원에 달한다. 희망브리지 신훈 사무총장은 ""어려운 시기마다 늘 따뜻한 마음을 전해주시는 유재석 기부자님께 깊이 감사드린다""며 ""희망브리지는 지역의 피해 상황을 빠르게 파악해 꼭 필요한 곳에 적시에 지원이 이뤄질 수 있게 하겠다""고 밝혔다.수해 이웃 돕기 관련 기부는 희망브리지 홈페이지와 온라인 모금 플랫폼인 네이버 해피빈, 카카오 같이가치를 통해 참여할 수 있다.한편 희망브리지 전국재해구호협회는 1961년 전국 언론사와 사회단체가 함께 설립한 재난 구호모금 전문기관이다. 재난 발생 시 긴급구호, 성금 모금 및 배분, 지역공동체 회복, 취약계층 지원 등 다양한 구호 활동을 수행하고 있으며, 필요한 물적 자원을 신속히 지원하는 데 앞장서고 있다.김예랑 한경닷컴 기자 yesrang@hankyung.com",https://www.hankyung.com/article/2025071868507,2025.07.18 11:33
이자 부담 최소화! 증권사 신용대출 3%대로 바꾸는 절호의 기회,,"전송종목 : 삼성E&A, 삼성물산, 팬오션, 삼성카드, 제일기획최근 주식 투자자들 사이에서 주식대출(미수/신용융자 등)의 고금리에 대한 부담이 커지고 있다.특히 저금리를 적용 받고 싶어도, 기존 대출을 상환하고 다시 주식을 매수해야 하는 번거로운 절차와 자금 조달의 어려움이 발목을 잡고 있다.이런 현실적인 문제를 해결하고자, 무빙스탁이 ‘증권사 신용, 대환자금대출’ 서비스를 전격 출시했다.이 상품은 주식을 매도하지 않고도, 기존의 고금리의 주식대출(미수/신용융자 등)의 3%대의 혁신적인 저금리 증권사로 전환할 수 있도록 상환자금을 제공하는 것이 핵심이다.무빙스탁 관계자는 “현재 증권사 이벤트 금리는 연 3%대 수준으로, 기존 9~10%대 고금리를 적용받는 투자자라면 절감 효과가 상당하다”며, 금리를 5%만 낮추면 “1억원 신용대출 기준으로 연간 약 500만원, 3억원이라면 1,500만원까지도 절약할 수 있다”고 밝혔다.더 놀라운 점은, 현재는 이벤트 기간으로 대환자금대출 신청시 발생하는 이자 비용까지 ‘0원’이라는 사실이다. 대환자금에 대해서 하루의 대출이자도 부담하지 않고 기존 고금리 대출을 저금리로 전환할 수 있어, 고금리 부담에 시달리던 투자자들에게 큰 호응을 얻을 전망이다.이 서비스는 부동산 시장에서 흔히 이용되던 대환대출 개념을 증권시장에 도입한 혁신적인 시도로, 주식 투자자들의 자금 운용에 새로운 대안을 제시할 것으로 기대된다.무빙스탁 ‘증권사 신용, 대환자금대출’의 비용 무료 이벤트는 이벤트 기간 동안 한정적으로 제공되는 만큼, 신용융자를 이용 중인 투자자라면 지금 바로 확인해볼 필요가 있다.★ 장마감 시간이 가까워질수록 문의가 많아 상담이 지연될 수 있습니다.★ 7월 문의하신 고객들이 많이 보유하신 종목으로는 삼성전자, POSCO홀딩스, 셀트리온, 포스코퓨처엠, 에코프로비엠, NAVER, 에코프로, 삼성SDI, LG화학, SK하이닉스, 두산에너빌리티, 카카오, SK이노베이션, LG에너지솔루션, 엘앤에프, 삼천당제약, 현대차, 알테오젠, HPSP, LG전자 등이 있습니다.★ 안내사항과도한 빚은 당신에게 큰 불행을 안겨줄 수 있습니다. 대출 시 신용등급 하락으로 다른 금융거래가 제약받을 수 있습니다. 중개수수료를 요구하거나 받는 것은 불법입니다.상호명: ㈜단비대부 2021-서울영등포-2102(대부업) | TEL: 1544-4886 | 대출금리: 연 20%이내(연체금리는 약정금리+3%p이내, 최대 연 20%이내) | 단, 2021. 7. 7.부터 신규체결, 갱신, 연장되는 계약에 한함 | 채무의 조기상환 조건 및 부대비용 없음. (단, 신용조회비용 및 담보권설정비용 있음), 이자 외 별도로 중개수수료를 요구하거나 수취하는 것은 불법입니다. | 대표이사: 박동원 | 사업자등록번호: 274-86-00231 | 등록기관명칭: 서울 영등포구청(담당부서: 일자리경제과, 02-2670-3420) | 소재지 : 서울 영등포구 여의대방로67길 11, 5층 517호 | 개인정보관리자메일: help@danbifund.co.kr무료상담",https://www.hankyung.com/article/202507223166a,2025.07.22 08:43
이자 부담 최소화! 증권사 신용대출 3%대로 바꾸는 절호의 기회,,"전송종목 : CMG제약, 삼아알미늄, LS, 녹십자, GS건설최근 주식 투자자들 사이에서 주식대출(미수/신용융자 등)의 고금리에 대한 부담이 커지고 있다.특히 저금리를 적용 받고 싶어도, 기존 대출을 상환하고 다시 주식을 매수해야 하는 번거로운 절차와 자금 조달의 어려움이 발목을 잡고 있다.이런 현실적인 문제를 해결하고자, 무빙스탁이 ‘증권사 신용, 대환자금대출’ 서비스를 전격 출시했다.이 상품은 주식을 매도하지 않고도, 기존의 고금리의 주식대출(미수/신용융자 등)의 3%대의 혁신적인 저금리 증권사로 전환할 수 있도록 상환자금을 제공하는 것이 핵심이다.무빙스탁 관계자는 “현재 증권사 이벤트 금리는 연 3%대 수준으로, 기존 9~10%대 고금리를 적용받는 투자자라면 절감 효과가 상당하다”며, 금리를 5%만 낮추면 “1억원 신용대출 기준으로 연간 약 500만원, 3억원이라면 1,500만원까지도 절약할 수 있다”고 밝혔다.더 놀라운 점은, 현재는 이벤트 기간으로 대환자금대출 신청시 발생하는 이자 비용까지 ‘0원’이라는 사실이다. 대환자금에 대해서 하루의 대출이자도 부담하지 않고 기존 고금리 대출을 저금리로 전환할 수 있어, 고금리 부담에 시달리던 투자자들에게 큰 호응을 얻을 전망이다.이 서비스는 부동산 시장에서 흔히 이용되던 대환대출 개념을 증권시장에 도입한 혁신적인 시도로, 주식 투자자들의 자금 운용에 새로운 대안을 제시할 것으로 기대된다.무빙스탁 ‘증권사 신용, 대환자금대출’의 비용 무료 이벤트는 이벤트 기간 동안 한정적으로 제공되는 만큼, 신용융자를 이용 중인 투자자라면 지금 바로 확인해볼 필요가 있다.★ 장마감 시간이 가까워질수록 문의가 많아 상담이 지연될 수 있습니다.★ 7월 문의하신 고객들이 많이 보유하신 종목으로는 삼성전자, POSCO홀딩스, 셀트리온, 포스코퓨처엠, 에코프로비엠, NAVER, 에코프로, 삼성SDI, LG화학, SK하이닉스, 두산에너빌리티, 카카오, SK이노베이션, LG에너지솔루션, 엘앤에프, 삼천당제약, 현대차, 알테오젠, HPSP, LG전자 등이 있습니다.★ 안내사항과도한 빚은 당신에게 큰 불행을 안겨줄 수 있습니다. 대출 시 신용등급 하락으로 다른 금융거래가 제약받을 수 있습니다. 중개수수료를 요구하거나 받는 것은 불법입니다.상호명: ㈜단비대부 2021-서울영등포-2102(대부업) | TEL: 1544-4886 | 대출금리: 연 20%이내(연체금리는 약정금리+3%p이내, 최대 연 20%이내) | 단, 2021. 7. 7.부터 신규체결, 갱신, 연장되는 계약에 한함 | 채무의 조기상환 조건 및 부대비용 없음. (단, 신용조회비용 및 담보권설정비용 있음), 이자 외 별도로 중개수수료를 요구하거나 수취하는 것은 불법입니다. | 대표이사: 박동원 | 사업자등록번호: 274-86-00231 | 등록기관명칭: 서울 영등포구청(담당부서: 일자리경제과, 02-2670-3420) | 소재지 : 서울 영등포구 여의대방로67길 11, 5층 517호 | 개인정보관리자메일: help@danbifund.co.kr무료상담",https://www.hankyung.com/article/202507071511a,2025.07.07 11:38
"이자 부담은 최소로, 투자 효율은 최대로! 신용대출 3%대 활용법",,"전송종목 : 유진테크, 대상홀딩스, 팅크웨어, 뉴프렉스, 동국제약




 

최근 주식 투자자들 사이에서 주식대출(미수/신용융자 등)의 고금리에 대한 부담이 커지고 있다.특히 저금리를 적용 받고 싶어도, 기존 대출을 상환하고 다시 주식을 매수해야 하는 번거로운 절차와 자금 조달의 어려움이 발목을 잡고 있다.이런 현실적인 문제를 해결하고자, 무빙스탁이 ‘증권사 신용, 대환자금대출’ 서비스를 전격 출시했다.이 상품은 주식을 매도하지 않고도, 기존의 고금리의 주식대출(미수/신용융자 등)의 3%대의 혁신적인 저금리 증권사로 전환할 수 있도록 상환자금을 제공하는 것이 핵심이다.무빙스탁 관계자는 “현재 증권사 이벤트 금리는 연 3%대 수준으로, 기존 9~10%대 고금리를 적용받는 투자자라면 절감 효과가 상당하다”며, 금리를 5%만 낮추면 “1억원 신용대출 기준으로 연간 약 500만원, 3억원이라면 1,500만원까지도 절약할 수 있다”고 밝혔다.더 놀라운 점은, 현재는 이벤트 기간으로 대환자금대출 신청시 발생하는 이자 비용까지 ‘0원’이라는 사실이다. 대환자금에 대해서 하루의 대출이자도 부담하지 않고 기존 고금리 대출을 저금리로 전환할 수 있어, 고금리 부담에 시달리던 투자자들에게 큰 호응을 얻을 전망이다.이 서비스는 부동산 시장에서 흔히 이용되던 대환대출 개념을 증권시장에 도입한 혁신적인 시도로, 주식 투자자들의 자금 운용에 새로운 대안을 제시할 것으로 기대된다.무빙스탁 ‘증권사 신용, 대환자금대출’의 비용 무료 이벤트는 이벤트 기간 동안 한정적으로 제공되는 만큼, 신용융자를 이용 중인 투자자라면 지금 바로 확인해볼 필요가 있다.★ 장마감 시간이 가까워질수록 문의가 많아 상담이 지연될 수 있습니다.★ 7월 문의하신 고객들이 많이 보유하신 종목으로는 삼성전자, POSCO홀딩스, 셀트리온, 포스코퓨처엠, 에코프로비엠, NAVER, 에코프로, 삼성SDI, LG화학, SK하이닉스, 두산에너빌리티, 카카오, SK이노베이션, LG에너지솔루션, 엘앤에프, 삼천당제약, 현대차, 알테오젠, HPSP, LG전자 등이 있습니다.★ 안내사항과도한 빚은 당신에게 큰 불행을 안겨줄 수 있습니다. 대출 시 신용등급 하락으로 다른 금융거래가 제약받을 수 있습니다. 중개수수료를 요구하거나 받는 것은 불법입니다.상호명: ㈜단비대부 2021-서울영등포-2102(대부업) | TEL: 1544-4886 | 대출금리: 연 20%이내(연체금리는 약정금리+3%p이내, 최대 연 20%이내) | 단, 2021. 7. 7.부터 신규체결, 갱신, 연장되는 계약에 한함 | 채무의 조기상환 조건 및 부대비용 없음. (단, 신용조회비용 및 담보권설정비용 있음), 이자 외 별도로 중개수수료를 요구하거나 수취하는 것은 불법입니다. | 대표이사: 박동원 | 사업자등록번호: 274-86-00231 | 등록기관명칭: 서울 영등포구청(담당부서: 일자리경제과, 02-2670-3420) | 소재지 : 서울 영등포구 여의대방로67길 11, 5층 517호 | 개인정보관리자메일: help@danbifund.co.kr무료상담",https://www.hankyung.com/article/202507160700a,2025.07.16 08:43
9~10% 주식 관련 대출에서 3%대 대출로 교체,,"전송종목 : 비에이치, 현대이지웰, 파트론, 한라IMS, 네오팜




 

최근 주식 투자자들 사이에서 주식대출(미수/신용융자 등)의 고금리에 대한 부담이 커지고 있다.특히 저금리를 적용 받고 싶어도, 기존 대출을 상환하고 다시 주식을 매수해야 하는 번거로운 절차와 자금 조달의 어려움이 발목을 잡고 있다.이런 현실적인 문제를 해결하고자, 무빙스탁이 ‘증권사 신용, 대환자금대출’ 서비스를 전격 출시했다.이 상품은 주식을 매도하지 않고도, 기존의 고금리의 주식대출(미수/신용융자 등)의 3%대의 혁신적인 저금리 증권사로 전환할 수 있도록 상환자금을 제공하는 것이 핵심이다.무빙스탁 관계자는 “현재 증권사 이벤트 금리는 연 3%대 수준으로, 기존 9~10%대 고금리를 적용받는 투자자라면 절감 효과가 상당하다”며, 금리를 5%만 낮추면 “1억원 신용대출 기준으로 연간 약 500만원, 3억원이라면 1,500만원까지도 절약할 수 있다”고 밝혔다.더 놀라운 점은, 현재는 이벤트 기간으로 대환자금대출 신청시 발생하는 이자 비용까지 ‘0원’이라는 사실이다. 대환자금에 대해서 하루의 대출이자도 부담하지 않고 기존 고금리 대출을 저금리로 전환할 수 있어, 고금리 부담에 시달리던 투자자들에게 큰 호응을 얻을 전망이다.이 서비스는 부동산 시장에서 흔히 이용되던 대환대출 개념을 증권시장에 도입한 혁신적인 시도로, 주식 투자자들의 자금 운용에 새로운 대안을 제시할 것으로 기대된다.무빙스탁 ‘증권사 신용, 대환자금대출’의 비용 무료 이벤트는 이벤트 기간 동안 한정적으로 제공되는 만큼, 신용융자를 이용 중인 투자자라면 지금 바로 확인해볼 필요가 있다.★ 장마감 시간이 가까워질수록 문의가 많아 상담이 지연될 수 있습니다.★ 7월 문의하신 고객들이 많이 보유하신 종목으로는 삼성전자, POSCO홀딩스, 셀트리온, 포스코퓨처엠, 에코프로비엠, NAVER, 에코프로, 삼성SDI, LG화학, SK하이닉스, 두산에너빌리티, 카카오, SK이노베이션, LG에너지솔루션, 엘앤에프, 삼천당제약, 현대차, 알테오젠, HPSP, LG전자 등이 있습니다.★ 안내사항과도한 빚은 당신에게 큰 불행을 안겨줄 수 있습니다. 대출 시 신용등급 하락으로 다른 금융거래가 제약받을 수 있습니다. 중개수수료를 요구하거나 받는 것은 불법입니다.상호명: ㈜단비대부 2021-서울영등포-2102(대부업) | TEL: 1544-4886 | 대출금리: 연 20%이내(연체금리는 약정금리+3%p이내, 최대 연 20%이내) | 단, 2021. 7. 7.부터 신규체결, 갱신, 연장되는 계약에 한함 | 채무의 조기상환 조건 및 부대비용 없음. (단, 신용조회비용 및 담보권설정비용 있음), 이자 외 별도로 중개수수료를 요구하거나 수취하는 것은 불법입니다. | 대표이사: 박동원 | 사업자등록번호: 274-86-00231 | 등록기관명칭: 서울 영등포구청(담당부서: 일자리경제과, 02-2670-3420) | 소재지 : 서울 영등포구 여의대방로67길 11, 5층 517호 | 개인정보관리자메일: help@danbifund.co.kr무료상담",https://www.hankyung.com/article/202507160706a,2025.07.16 09:43
고금리 이자 폭탄 피하는 법! 증권사 대출 3%대로 줄이기,,"전송종목 : 두산로보틱스, OCI, 이수스페셜티케미컬, 한화비전, 경방최근 주식 투자자들 사이에서 주식대출(미수/신용융자 등)의 고금리에 대한 부담이 커지고 있다.특히 저금리를 적용 받고 싶어도, 기존 대출을 상환하고 다시 주식을 매수해야 하는 번거로운 절차와 자금 조달의 어려움이 발목을 잡고 있다.이런 현실적인 문제를 해결하고자, 무빙스탁이 ‘증권사 신용, 대환자금대출’ 서비스를 전격 출시했다.이 상품은 주식을 매도하지 않고도, 기존의 고금리의 주식대출(미수/신용융자 등)의 3%대의 혁신적인 저금리 증권사로 전환할 수 있도록 상환자금을 제공하는 것이 핵심이다.무빙스탁 관계자는 “현재 증권사 이벤트 금리는 연 3%대 수준으로, 기존 9~10%대 고금리를 적용받는 투자자라면 절감 효과가 상당하다”며, 금리를 5%만 낮추면 “1억원 신용대출 기준으로 연간 약 500만원, 3억원이라면 1,500만원까지도 절약할 수 있다”고 밝혔다.더 놀라운 점은, 현재는 이벤트 기간으로 대환자금대출 신청시 발생하는 이자 비용까지 ‘0원’이라는 사실이다. 대환자금에 대해서 하루의 대출이자도 부담하지 않고 기존 고금리 대출을 저금리로 전환할 수 있어, 고금리 부담에 시달리던 투자자들에게 큰 호응을 얻을 전망이다.이 서비스는 부동산 시장에서 흔히 이용되던 대환대출 개념을 증권시장에 도입한 혁신적인 시도로, 주식 투자자들의 자금 운용에 새로운 대안을 제시할 것으로 기대된다.무빙스탁 ‘증권사 신용, 대환자금대출’의 비용 무료 이벤트는 이벤트 기간 동안 한정적으로 제공되는 만큼, 신용융자를 이용 중인 투자자라면 지금 바로 확인해볼 필요가 있다.★ 장마감 시간이 가까워질수록 문의가 많아 상담이 지연될 수 있습니다.★ 7월 문의하신 고객들이 많이 보유하신 종목으로는 삼성전자, POSCO홀딩스, 셀트리온, 포스코퓨처엠, 에코프로비엠, NAVER, 에코프로, 삼성SDI, LG화학, SK하이닉스, 두산에너빌리티, 카카오, SK이노베이션, LG에너지솔루션, 엘앤에프, 삼천당제약, 현대차, 알테오젠, HPSP, LG전자 등이 있습니다.★ 안내사항과도한 빚은 당신에게 큰 불행을 안겨줄 수 있습니다. 대출 시 신용등급 하락으로 다른 금융거래가 제약받을 수 있습니다. 중개수수료를 요구하거나 받는 것은 불법입니다.상호명: ㈜단비대부 2021-서울영등포-2102(대부업) | TEL: 1544-4886 | 대출금리: 연 20%이내(연체금리는 약정금리+3%p이내, 최대 연 20%이내) | 단, 2021. 7. 7.부터 신규체결, 갱신, 연장되는 계약에 한함 | 채무의 조기상환 조건 및 부대비용 없음. (단, 신용조회비용 및 담보권설정비용 있음), 이자 외 별도로 중개수수료를 요구하거나 수취하는 것은 불법입니다. | 대표이사: 박동원 | 사업자등록번호: 274-86-00231 | 등록기관명칭: 서울 영등포구청(담당부서: 일자리경제과, 02-2670-3420) | 소재지 : 서울 영등포구 여의대방로67길 11, 5층 517호 | 개인정보관리자메일: help@danbifund.co.kr무료상담",https://www.hankyung.com/article/202507096259a,2025.07.09 09:43
,,,https://magazine.hankyung.com/business/article/202507187275b,
"경찰, 리박스쿨 손효숙 대표 소환…'댓글 조작' 혐의 부인","서울경찰청 사이버수사대 2일 손 대표 조사
지난 5월 대선 앞두고 '자손군' 운영한 혐의","사진=뉴스1

                지난 대선을 앞두고 댓글 여론조작 의혹을 받는 보수성향 단체 '리박스쿨'의 손효숙 대표가 경찰에 출석해 혐의를 부인했다.3일 연합뉴스에 따르면 서울경찰청 사이버수사대는 전날(2일) 오전 손 대표를 소환해 리박스쿨과 늘봄학교 프로그램 운영 경위 등을 조사했다.경찰은 손 대표가 늘봄학교 프로그램 등을 매개로 선거에 영향을 미치기 위해 댓글조작팀을 운영했는지 집중 추궁했지만, 손 대표는 혐의를 부인한 것으로 알려졌다.손 대표와 리박스쿨 측은 지난 5월 대선을 앞두고 '자손군'(댓글로 나라를 구하는 자유손가락 군대)이라는 댓글조작팀을 운영한 혐의(공직선거법 위반 등)로 더불어민주당에 고발됐다.이들은 특정 대선 후보를 비방하는 댓글 공작에 참여한 사람들에게 창의체험활동지도사 자격증을 발급하고, 늘봄학교 프로그램 강사로 채용했다는 의혹도 받고 있다.경찰은 네이버 측이 리박스쿨을 상대로 정보통신망법 위반, 컴퓨터 등 장애 업무방해, 위계에 의한 업무방해 등의 혐의로 고발한 사건도 함께 수사 중이다.유지희 한경닷컴 기자 keephee@hankyung.com",https://www.hankyung.com/article/2025070368237,2025.07.03 17:10
,,,https://magazine.hankyung.com/job-joy/article/202507036486d,
연 4%대 업계 최저 금리로 저렴하게! DSR 무관 상품까지!,,"투자자들 사이에서 ‘스탁론’에 대한 관심이 높아지고 있다. 스탁론은 자기자본 포함 최대 4배까지 활용 가능하며 증권사 신용/미수 대환 용도로도 활용 가능해 대표적인 레버리지 수단으로 자리잡은 상태다.그러나 DSR 한도가 스탁론에도 적용된 후 다른 대출, 소득 증빙 문제로 예전처럼 이용하기 어려워졌다. 이와 함께 높아진 금리도 스탁론 이용을 망설이게 만든 원인으로 꼽힌다.그러나 해결책은 있다. 21년 연속 스탁론 업계 1위를 지키고 있는 하이스탁론이 DSR 무관하게 이용할 수 있는 상품은 물론 연 4%대 최저금리로 이용 가능한 상품까지 취급하며 선택의 폭을 넓힌 것이다.




 

◆ 하이스탁론, 연 4%대 업계 최저금리로 추가 투자금은 물론 신용미수 대환까지!<하이스탁론>에서 누구나 부담 없이 스탁론을 경험할 수 있도록 연 4%대 최저금리 상품을 출시했다. 주식매입 용도는 물론 증권사 미수/신용 대환도 가능하며 신용등급 차등 없이 자기자본 포함 최대 4배까지 활용할 수 있다.이와 함께 DSR 한도 때문에 기존 스탁론 이용이 어려웠던 투자자들은 위한 DSR 무관 상품도 취급 중이다. 또한 장중 거래가 어려웠던 투자자를 위한 대체거래소(NXT) 거래도 가능해졌다.<하이스탁론>의 새로운 상품에 대해 자세히 알고 싶은 투자자는 고객상담센터(1599-0313)로 연락하면 대출 여부와 상관없이 24시간 언제든 전문상담원과 편리한 상담이 가능하다.○ 연 4%대 업계 최저금리 상품 출시○ 대체거래소(NXT) 거래 가능!○ 21년 연속 시장 점유율 1위, 16년 연속 대한민국퍼스트브랜드 대상○ 증권사 신용/미수 실시간 상환, 한종목 100% 집중 투자○ 믿을 수 있는 상담품질보증제※하이스탁론상담센터 : 1599-0313바로가기:https://www.hisl.co.kr/0313◆ 현 시각 관심종목 Top 10 : 한미반도체, NAVER, 현대로템, 에코프로, 서울보증보험, 피아이이, 피코그램, 프롬바이오, 비케이홀딩스, 부국증권무료상담",https://www.hankyung.com/article/202507174559a,2025.07.18 13:05
고금리 이자 폭탄 피하는 법! 증권사 대출 3%대로 줄이기,,"전송종목 : SNT홀딩스, KZ정밀, 감성코퍼레이션, 솔브레인홀딩스, 진성티이씨최근 주식 투자자들 사이에서 주식대출(미수/신용융자 등)의 고금리에 대한 부담이 커지고 있다.특히 저금리를 적용 받고 싶어도, 기존 대출을 상환하고 다시 주식을 매수해야 하는 번거로운 절차와 자금 조달의 어려움이 발목을 잡고 있다.이런 현실적인 문제를 해결하고자, 무빙스탁이 ‘증권사 신용, 대환자금대출’ 서비스를 전격 출시했다.이 상품은 주식을 매도하지 않고도, 기존의 고금리의 주식대출(미수/신용융자 등)의 3%대의 혁신적인 저금리 증권사로 전환할 수 있도록 상환자금을 제공하는 것이 핵심이다.무빙스탁 관계자는 “현재 증권사 이벤트 금리는 연 3%대 수준으로, 기존 9~10%대 고금리를 적용받는 투자자라면 절감 효과가 상당하다”며, 금리를 5%만 낮추면 “1억원 신용대출 기준으로 연간 약 500만원, 3억원이라면 1,500만원까지도 절약할 수 있다”고 밝혔다.더 놀라운 점은, 현재는 이벤트 기간으로 대환자금대출 신청시 발생하는 이자 비용까지 ‘0원’이라는 사실이다. 대환자금에 대해서 하루의 대출이자도 부담하지 않고 기존 고금리 대출을 저금리로 전환할 수 있어, 고금리 부담에 시달리던 투자자들에게 큰 호응을 얻을 전망이다.이 서비스는 부동산 시장에서 흔히 이용되던 대환대출 개념을 증권시장에 도입한 혁신적인 시도로, 주식 투자자들의 자금 운용에 새로운 대안을 제시할 것으로 기대된다.무빙스탁 ‘증권사 신용, 대환자금대출’의 비용 무료 이벤트는 이벤트 기간 동안 한정적으로 제공되는 만큼, 신용융자를 이용 중인 투자자라면 지금 바로 확인해볼 필요가 있다.★ 장마감 시간이 가까워질수록 문의가 많아 상담이 지연될 수 있습니다.★ 7월 문의하신 고객들이 많이 보유하신 종목으로는 삼성전자, POSCO홀딩스, 셀트리온, 포스코퓨처엠, 에코프로비엠, NAVER, 에코프로, 삼성SDI, LG화학, SK하이닉스, 두산에너빌리티, 카카오, SK이노베이션, LG에너지솔루션, 엘앤에프, 삼천당제약, 현대차, 알테오젠, HPSP, LG전자 등이 있습니다.★ 안내사항과도한 빚은 당신에게 큰 불행을 안겨줄 수 있습니다. 대출 시 신용등급 하락으로 다른 금융거래가 제약받을 수 있습니다. 중개수수료를 요구하거나 받는 것은 불법입니다.상호명: ㈜단비대부 2021-서울영등포-2102(대부업) | TEL: 1544-4886 | 대출금리: 연 20%이내(연체금리는 약정금리+3%p이내, 최대 연 20%이내) | 단, 2021. 7. 7.부터 신규체결, 갱신, 연장되는 계약에 한함 | 채무의 조기상환 조건 및 부대비용 없음. (단, 신용조회비용 및 담보권설정비용 있음), 이자 외 별도로 중개수수료를 요구하거나 수취하는 것은 불법입니다. | 대표이사: 박동원 | 사업자등록번호: 274-86-00231 | 등록기관명칭: 서울 영등포구청(담당부서: 일자리경제과, 02-2670-3420) | 소재지 : 서울 영등포구 여의대방로67길 11, 5층 517호 | 개인정보관리자메일: help@danbifund.co.kr무료상담",https://www.hankyung.com/article/202507145597a,2025.07.14 08:33
'국가 대표 AI' 타이틀 두고 혈전 벌어진다,"21일 '독자 AI모델' 공모 마감

GPU·데이터·인재 전폭 지원
5개社 선발해 최종 2곳 압축

선정땐 공공 사업서 유리한 고지
SKT·KT·네이버·카카오·LG 등
대표 IT 기업, 모두 출사표 전망","SK텔레콤, KT, LG AI연구원, 엔씨소프트 등 국내 주요 정보기술(IT) 기업들이 새로운 인공지능(AI) 모델을 앞다퉈 공개하고 있다. ‘국가대표 AI 모델’이란 명예를 거머쥐기 위한 혈전이 시작됐다는 분석이 나온다. 정부는 우선 5개사를 선발해 최종적으로 2개사를 남길 예정이다. 최종 승자는 정부가 발주하는 공공 서비스 입찰에서 유리한 고지를 점할 수 있어 실적 측면에서 ‘퀀텀점프’가 예상된다. ◇‘K-AI 모델’ 영예 두고 치열한 경쟁





                20일 과학기술정보통신부에 따르면 21일 오후 4시 ‘독자 AI 파운데이션 모델 프로젝트’의 공모가 마감된다. 독자 AI 파운데이션은 해외 모델의 파인튜닝(미세 조정) 등으로 개발한 파생형 모델이 아니라 모델 설계부터 사전학습 과정 등을 수행한 국산 모델을 뜻한다. 국내외 벤치마크 등에서 글로벌 AI 모델의 95% 이상 성능을 내는 것이 목표다.AI 개발 능력을 갖춘 국내 주요 IT 기업이 이미 도전장을 냈거나 참여를 조율 중이다. SK텔레콤은 지난 11일 독자 구축한 ‘에이닷엑스 3.1’을 공개하며 사업 신청의 뜻을 밝혔다. SK텔레콤은 구축 단계부터 자체 기술을 적용하는 ‘프롬 스크래치’ 방식으로 제작했다고 강조했다. KT는 3일 ‘믿:음 2.0’을 오픈소스로 공개하면서 도전장을 던졌다. KT는 그동안 마이크로소프트와 손잡고 챗GPT 기반 한국어 특화 모델 개발에 집중했지만, 최근 들어 자체 모델에 다시 힘을 주는 모습이다. 엔씨소프트는 AI 전문 자회사 NC AI를 통해 지원할 예정이다. 이 회사는 16일 ‘바르코-비전 2.0’을 오픈소스로 내놨다.하이퍼클로바X를 보유한 네이버와 엑사원을 개발한 LG AI연구원도 사업에 참여할 것으로 전망된다. 네이버 출신 하정우 대통령실 AI미래기획수석과 LG AI연구원장을 지낸 배경훈 과기정통부 장관이 AI 관련 정책의 컨트롤타워를 맡고 있어 두 기업 모두 공식적으로는 “신중하게 검토 중”이라는 입장이다. ‘카나나’를 개발한 카카오 역시 참여를 긍정적으로 검토하는 것으로 알려졌다. 이 밖에 코난테크놀로지, 이스트소프트, 솔트룩스 등 중소·중견 AI 기업도 참여할 계획이다. ◇GPU부터 데이터, 인재까지 지원정부는 신청을 받아 검토한 뒤 다음달 5개 정예 팀을 우선 선발한다. 연말까지 사업을 진행한 뒤 내년 상반기 4개 팀, 하반기 3개 팀, 2027년 2개 팀으로 지원 대상을 줄여나갈 예정이다.정부는 선정된 기업에 그래픽처리장치(GPU)와 데이터, 인재를 집중적으로 지원할 계획이다. GPU는 사업 첫해 엔비디아의 H100 1000개 또는 B200 500개를 지원한다. 내년부터는 B200 1000개로 지원 규모를 늘린다. 아울러 2027년까지 총 628억원을 들여 각 기업에 AI 모델 학습에 쓸 맞춤 데이터를 제공할 예정이다. 해외 우수 AI 연구자 영입에도 총 250억원을 지원한다.과기정통부 관계자는 “독자 AI 파운데이션 모델은 글로벌 AI 모델 의존으로 파생되는 기술, 문화, 국가적 종속 문제를 방지할 수 있는 핵심 전략자산”이라고 설명했다. 정부는 국내 기업이 이 프로젝트를 통해 글로벌 수준의 AI 모델을 개발해 오픈소스로 제공하면 민간과 공공에서 이를 활용해 다양한 서비스를 출시할 것으로 기대하고 있다. 산업 각 분야에 AI를 적용하는 AI 전환(AX)을 통해 생산성도 높아질 것이라는 설명이다. 한 AI 기업 관계자는 “중소·중견기업은 물론 대기업도 매력을 느낄 만한 지원 규모”라며 “이점이 많은 만큼 AI 모델 제작 능력을 갖춘 기업 대다수가 사업에 지원할 것으로 본다”고 말했다.이승우 기자 leeswoo@hankyung.com",https://www.hankyung.com/article/2025072000681,2025.07.20 17:53
고금리 OUT! 증권사 신용대출 3%대로 전환하는 방법,,"전송종목 : 카카오, JYP Ent.",https://www.hankyung.com/article/202507083733a,2025.07.08 09:33
수급과 기술적 지표 모두 양호한 종목은?,,"경유레카는 한국경제신문의 디지털 미디어인 한경닷컴에서 개발한 개별 종목에대한인공지능(AI) 알고리즘 업체의 투자 의견을 종합한 'AI 컨센서스'를 제공하는 서비스입니다. '한경유레카' 앱은 구글 플레이 스토어 혹은 앱스토어에서 내려받을 수 있습니다.





종목추천 서비스 종합 플랫폼 한경유레카에 입점한 파봇랭크가 전거래일(18일) 태경비케이를 추천하여 수익률 12.8%를 기록했다.파봇랭크는 10년간의 증권사리포트 데이터 기반으로 모멘텀 및 펀더멘탈 데이터를 추가해 자체적으로 만든 파봇점수로 종목을 분석하는 알고리즘이다.파봇랭크는 태경비케이에 대해 외국인의 수급이 증가하는 추세이고 기술적 지표로 보아도 상승추세를 보이고 있어 해당 종목을 추천했다고 전했다.한경유레카에서 신규가입을 하고 파봇랭크를 구독하면 1개월간 무료로 추천종목을 문자로 받아볼 수 있다.  본 글은 투자 참고용입니다.PI첨단소재 천보 샌즈랩 NAVER 한화솔루션",https://www.hankyung.com/article/202507210781a,2025.07.21 12:53
,,,https://magazine.hankyung.com/business/article/202507235980b,
고금리 OUT! 증권사 신용대출 3%대로 전환하는 방법,,"전송종목 : KT지니뮤직, KSS해운, 한양이엔지, 대아티아이, 파워로직스최근 주식 투자자들 사이에서 주식대출(미수/신용융자 등)의 고금리에 대한 부담이 커지고 있다.특히 저금리를 적용 받고 싶어도, 기존 대출을 상환하고 다시 주식을 매수해야 하는 번거로운 절차와 자금 조달의 어려움이 발목을 잡고 있다.이런 현실적인 문제를 해결하고자, 무빙스탁이 ‘증권사 신용, 대환자금대출’ 서비스를 전격 출시했다.이 상품은 주식을 매도하지 않고도, 기존의 고금리의 주식대출(미수/신용융자 등)의 3%대의 혁신적인 저금리 증권사로 전환할 수 있도록 상환자금을 제공하는 것이 핵심이다.무빙스탁 관계자는 “현재 증권사 이벤트 금리는 연 3%대 수준으로, 기존 9~10%대 고금리를 적용받는 투자자라면 절감 효과가 상당하다”며, 금리를 5%만 낮추면 “1억원 신용대출 기준으로 연간 약 500만원, 3억원이라면 1,500만원까지도 절약할 수 있다”고 밝혔다.더 놀라운 점은, 현재는 이벤트 기간으로 대환자금대출 신청시 발생하는 이자 비용까지 ‘0원’이라는 사실이다. 대환자금에 대해서 하루의 대출이자도 부담하지 않고 기존 고금리 대출을 저금리로 전환할 수 있어, 고금리 부담에 시달리던 투자자들에게 큰 호응을 얻을 전망이다.이 서비스는 부동산 시장에서 흔히 이용되던 대환대출 개념을 증권시장에 도입한 혁신적인 시도로, 주식 투자자들의 자금 운용에 새로운 대안을 제시할 것으로 기대된다.무빙스탁 ‘증권사 신용, 대환자금대출’의 비용 무료 이벤트는 이벤트 기간 동안 한정적으로 제공되는 만큼, 신용융자를 이용 중인 투자자라면 지금 바로 확인해볼 필요가 있다.★ 장마감 시간이 가까워질수록 문의가 많아 상담이 지연될 수 있습니다.★ 7월 문의하신 고객들이 많이 보유하신 종목으로는 삼성전자, POSCO홀딩스, 셀트리온, 포스코퓨처엠, 에코프로비엠, NAVER, 에코프로, 삼성SDI, LG화학, SK하이닉스, 두산에너빌리티, 카카오, SK이노베이션, LG에너지솔루션, 엘앤에프, 삼천당제약, 현대차, 알테오젠, HPSP, LG전자 등이 있습니다.★ 안내사항과도한 빚은 당신에게 큰 불행을 안겨줄 수 있습니다. 대출 시 신용등급 하락으로 다른 금융거래가 제약받을 수 있습니다. 중개수수료를 요구하거나 받는 것은 불법입니다.상호명: ㈜단비대부 2021-서울영등포-2102(대부업) | TEL: 1544-4886 | 대출금리: 연 20%이내(연체금리는 약정금리+3%p이내, 최대 연 20%이내) | 단, 2021. 7. 7.부터 신규체결, 갱신, 연장되는 계약에 한함 | 채무의 조기상환 조건 및 부대비용 없음. (단, 신용조회비용 및 담보권설정비용 있음), 이자 외 별도로 중개수수료를 요구하거나 수취하는 것은 불법입니다. | 대표이사: 박동원 | 사업자등록번호: 274-86-00231 | 등록기관명칭: 서울 영등포구청(담당부서: 일자리경제과, 02-2670-3420) | 소재지 : 서울 영등포구 여의대방로67길 11, 5층 517호 | 개인정보관리자메일: help@danbifund.co.kr무료상담",https://www.hankyung.com/article/202507145606a,2025.07.14 09:43
"""지브리 스타일 뺨치네""…안유진도 빠졌다더니 '반응 폭발' [트렌드+]","SNS 점령한 '픽셀 미니미' 뭐길래

아이브 리즈, 배우 한선화 등도 미니미 올려
'픽셀 미니미' 검색량 지난 4일까지 3배 급증
챗GPT발 개인정보 침해 우려도 나와","출처=샤이니 키, 아이브 안유진 인스타그램

                싸이월드 시절의 추억을 소환하듯 사진으로 만드는 '픽셀 미니미'가 밀레니엄+Z(MZ)세대를 중심으로 폭발적인 인기를 끌고 있다. 챗GPT로 픽셀풍 미니미 캐릭터를 제작해 자신의 사진에 합성하는 방식이 입소문을 타면서, 사회관계망서비스(SNS) 피드마다 픽셀 미니미가 속속 등장하는 중이다.7일 온라인커뮤니티에 따르면 인스타그램과 엑스(X·옛 트위터)에는 본인 사진을 픽셀화한 게시물부터, 좋아하는 아이돌을 픽셀 미니미로 재탄생시킨 팬 아트까지 쏟아지고 있다. 
                    



출처=온라인커뮤니티

                최근 한 온라인 커뮤니티에서는 이재명 대통령, 정성호 법무부 장관 후보자 등 정치인들의 얼굴을 픽셀 미니미로 제작해 올린 게시글이 화제를 모았다.연예인들도 이 트렌드에 가세해 샤이니 키, 아이브 안유진·리즈, 배우 한선화 등이 직접 픽셀 미니미 이미지를 자신의 SNS에 올리며 관심을 끌고 있다. ◇검색량 3배 급증…MZ세대 레트로 힙 열풍 인증




출처=아이브 리즈 인스타그램, 챗GPT

""Everskies 스타일의 전신 픽셀 아트 일러스트를 만들어주세요. 인물의 체형, 얼굴 표정, 복장과 헤어스타일의 표현 방식을 모방해주세요. 첨부한 이미지 속 인물의 헤어스타일, 의상, 액세서리를 사용하여 인물일러스트를 그려주세요.""픽셀 미니미는 챗GPT의 이미지 생성 기능을 활용해 누구나 손쉽게 만들 수 있다. 핵심은 전신 사진이나 얼굴이 또렷한 셀카를 준비하고, 챗GPT에 접속해 위 명령어를 복사해 입력하는 것이다.기자가 직접 시도해본 결과, 사진과 명령어를 입력하니 2~5분 내로 픽셀 미니미 캐릭터가 생성됐다. 생성된 이미지는 실제 사진 속 표정과 스타일을 정교하게 반영해 놀라움을 자아냈다.생성된 미니미는 추가 명령어로 수정할 수 있다. ""헤어 컬러 바꿔줘""나 ""상의 색 변경해줘"" 등 원하는 디테일을 즉석에서 조정 가능하다.픽셀 미니미를 인스타그램 스토리에 활용하려면 배경 제거 기능으로 누끼를 따야 한다. 갤러리에서 생성 이미지를 꾹 눌러 '배경 제거→복사'를 하면 스토리 편집 화면에서 텍스트 버튼(Aa)을 눌러 간단히 붙여넣을 수 있다. 완성된 미니미는 스토리는 물론 프로필 이미지, 굿즈 제작까지 다양하게 활용 가능하다.
                    



출처=네이버 데이터랩

                이날 네이버 데이터랩에 따르면 '픽셀 미니미' 검색량은 지난 2일 31에서 4일 100으로 수직 상승, 조회기간 내 최대 검색량을 기록했다.일별 데이터는 익일 8~10시간 후 반영되며, 네이버는 검색량 최고치를 100으로 설정해 상대적 변화를 표시한다. 이는 MZ세대가 주도하는 레트로 트렌드가 '힙함'으로 소비되면서 픽셀 아트에 대한 수요가 급증했음을 방증한다는 분석이다. ◇개인정보 우려 확산에 …오픈AI ""무단 활용 사례 없어""




출처=인스타그램, X

                이번 현상에는 올해 3월 출시된 챗GPT의 신규 이미지 생성 모델 'GPT-4o 이미지 생성'의 영향이 크다는 분석이다. GPT-4o는 '센과 치히로의 행방불명', '이웃집 토토로' 등 지브리 스타일을 비롯해 디즈니, 심슨 등 다양한 아트스타일을 구현할 수 있어 출시 직후부터 폭발적인 관심을 받았다.특히 지브리 스타일은 독창적이고 감성적인 비주얼로 이용자들 사이에서 큰 인기를 끌었으며, SNS상에서 지브리풍으로 재해석한 이미지를 공유하는 사례가 잇따랐다.당시 샘 올트먼 오픈AI 최고경영자(CEO)는 ""출시 한 시간 만에 100만 명이 새로 유입됐다. 초기 GPT보다 훨씬 빠른 속도로 확산되고 있다""고 밝혔다.그러나 자신의 사진을 AI에 입력하는 과정에서 개인정보 침해 가능성에 대한 우려도 커지고 있다. 오픈AI에 따르면 챗GPT 팀·에듀·엔터프라이즈 버전은 입력 데이터를 학습에 활용하지 않지만, 무료·플러스·프로 버전 이용자의 데이터는 AI 모델 개선에 사용될 수 있다. 다만 이용자가 설정 메뉴에서 데이터 제공 여부를 직접 끌 수 있도록 하고 있다.개인정보보호위원회는 ""현재까지 챗GPT가 이용자 사진을 무단 상업 목적으로 활용했다는 신고는 접수되지 않았다”며 “오픈AI의 방침에 따라 개인정보 보호 원칙이 지켜지고 있는 것으로 판단된다""고 밝혔다.유지희 한경닷컴 기자 keephee@hankyung.com",https://www.hankyung.com/article/2025070728427,2025.07.07 19:47
신용대출 이자 절감 꿀팁! 증권사 3%대 대출 전환법 공개,,"전송종목 : 대덕전자, 티엘비, 청담글로벌, 에스와이스틸텍, 윤성에프앤씨최근 주식 투자자들 사이에서 주식대출(미수/신용융자 등)의 고금리에 대한 부담이 커지고 있다.특히 저금리를 적용 받고 싶어도, 기존 대출을 상환하고 다시 주식을 매수해야 하는 번거로운 절차와 자금 조달의 어려움이 발목을 잡고 있다.이런 현실적인 문제를 해결하고자, 무빙스탁이 ‘증권사 신용, 대환자금대출’ 서비스를 전격 출시했다.이 상품은 주식을 매도하지 않고도, 기존의 고금리의 주식대출(미수/신용융자 등)의 3%대의 혁신적인 저금리 증권사로 전환할 수 있도록 상환자금을 제공하는 것이 핵심이다.무빙스탁 관계자는 “현재 증권사 이벤트 금리는 연 3%대 수준으로, 기존 9~10%대 고금리를 적용받는 투자자라면 절감 효과가 상당하다”며, 금리를 5%만 낮추면 “1억원 신용대출 기준으로 연간 약 500만원, 3억원이라면 1,500만원까지도 절약할 수 있다”고 밝혔다.더 놀라운 점은, 현재는 이벤트 기간으로 대환자금대출 신청시 발생하는 이자 비용까지 ‘0원’이라는 사실이다. 대환자금에 대해서 하루의 대출이자도 부담하지 않고 기존 고금리 대출을 저금리로 전환할 수 있어, 고금리 부담에 시달리던 투자자들에게 큰 호응을 얻을 전망이다.이 서비스는 부동산 시장에서 흔히 이용되던 대환대출 개념을 증권시장에 도입한 혁신적인 시도로, 주식 투자자들의 자금 운용에 새로운 대안을 제시할 것으로 기대된다.무빙스탁 ‘증권사 신용, 대환자금대출’의 비용 무료 이벤트는 이벤트 기간 동안 한정적으로 제공되는 만큼, 신용융자를 이용 중인 투자자라면 지금 바로 확인해볼 필요가 있다.★ 장마감 시간이 가까워질수록 문의가 많아 상담이 지연될 수 있습니다.★ 7월 문의하신 고객들이 많이 보유하신 종목으로는 삼성전자, POSCO홀딩스, 셀트리온, 포스코퓨처엠, 에코프로비엠, NAVER, 에코프로, 삼성SDI, LG화학, SK하이닉스, 두산에너빌리티, 카카오, SK이노베이션, LG에너지솔루션, 엘앤에프, 삼천당제약, 현대차, 알테오젠, HPSP, LG전자 등이 있습니다.★ 안내사항과도한 빚은 당신에게 큰 불행을 안겨줄 수 있습니다. 대출 시 신용등급 하락으로 다른 금융거래가 제약받을 수 있습니다. 중개수수료를 요구하거나 받는 것은 불법입니다.상호명: ㈜단비대부 2021-서울영등포-2102(대부업) | TEL: 1544-4886 | 대출금리: 연 20%이내(연체금리는 약정금리+3%p이내, 최대 연 20%이내) | 단, 2021. 7. 7.부터 신규체결, 갱신, 연장되는 계약에 한함 | 채무의 조기상환 조건 및 부대비용 없음. (단, 신용조회비용 및 담보권설정비용 있음), 이자 외 별도로 중개수수료를 요구하거나 수취하는 것은 불법입니다. | 대표이사: 박동원 | 사업자등록번호: 274-86-00231 | 등록기관명칭: 서울 영등포구청(담당부서: 일자리경제과, 02-2670-3420) | 소재지 : 서울 영등포구 여의대방로67길 11, 5층 517호 | 개인정보관리자메일: help@danbifund.co.kr무료상담",https://www.hankyung.com/article/202507047521a,2025.07.04 10:48
"증권사 신용대출, 3%대 금리로 바꾸는 가장 쉬운 방법",,"전송종목 : 웹젠, 대호에이엘, 인피니트헬스케어, 로체시스템즈, 지역난방공사최근 주식 투자자들 사이에서 주식대출(미수/신용융자 등)의 고금리에 대한 부담이 커지고 있다.특히 저금리를 적용 받고 싶어도, 기존 대출을 상환하고 다시 주식을 매수해야 하는 번거로운 절차와 자금 조달의 어려움이 발목을 잡고 있다.이런 현실적인 문제를 해결하고자, 무빙스탁이 ‘증권사 신용, 대환자금대출’ 서비스를 전격 출시했다.이 상품은 주식을 매도하지 않고도, 기존의 고금리의 주식대출(미수/신용융자 등)의 3%대의 혁신적인 저금리 증권사로 전환할 수 있도록 상환자금을 제공하는 것이 핵심이다.무빙스탁 관계자는 “현재 증권사 이벤트 금리는 연 3%대 수준으로, 기존 9~10%대 고금리를 적용받는 투자자라면 절감 효과가 상당하다”며, 금리를 5%만 낮추면 “1억원 신용대출 기준으로 연간 약 500만원, 3억원이라면 1,500만원까지도 절약할 수 있다”고 밝혔다.더 놀라운 점은, 현재는 이벤트 기간으로 대환자금대출 신청시 발생하는 이자 비용까지 ‘0원’이라는 사실이다. 대환자금에 대해서 하루의 대출이자도 부담하지 않고 기존 고금리 대출을 저금리로 전환할 수 있어, 고금리 부담에 시달리던 투자자들에게 큰 호응을 얻을 전망이다.이 서비스는 부동산 시장에서 흔히 이용되던 대환대출 개념을 증권시장에 도입한 혁신적인 시도로, 주식 투자자들의 자금 운용에 새로운 대안을 제시할 것으로 기대된다.무빙스탁 ‘증권사 신용, 대환자금대출’의 비용 무료 이벤트는 이벤트 기간 동안 한정적으로 제공되는 만큼, 신용융자를 이용 중인 투자자라면 지금 바로 확인해볼 필요가 있다.★ 장마감 시간이 가까워질수록 문의가 많아 상담이 지연될 수 있습니다.★ 7월 문의하신 고객들이 많이 보유하신 종목으로는 삼성전자, POSCO홀딩스, 셀트리온, 포스코퓨처엠, 에코프로비엠, NAVER, 에코프로, 삼성SDI, LG화학, SK하이닉스, 두산에너빌리티, 카카오, SK이노베이션, LG에너지솔루션, 엘앤에프, 삼천당제약, 현대차, 알테오젠, HPSP, LG전자 등이 있습니다.★ 안내사항과도한 빚은 당신에게 큰 불행을 안겨줄 수 있습니다. 대출 시 신용등급 하락으로 다른 금융거래가 제약받을 수 있습니다. 중개수수료를 요구하거나 받는 것은 불법입니다.상호명: ㈜단비대부 2021-서울영등포-2102(대부업) | TEL: 1544-4886 | 대출금리: 연 20%이내(연체금리는 약정금리+3%p이내, 최대 연 20%이내) | 단, 2021. 7. 7.부터 신규체결, 갱신, 연장되는 계약에 한함 | 채무의 조기상환 조건 및 부대비용 없음. (단, 신용조회비용 및 담보권설정비용 있음), 이자 외 별도로 중개수수료를 요구하거나 수취하는 것은 불법입니다. | 대표이사: 박동원 | 사업자등록번호: 274-86-00231 | 등록기관명칭: 서울 영등포구청(담당부서: 일자리경제과, 02-2670-3420) | 소재지 : 서울 영등포구 여의대방로67길 11, 5층 517호 | 개인정보관리자메일: help@danbifund.co.kr무료상담",https://www.hankyung.com/article/202507158096a,2025.07.15 10:28
"라이프펫, 현대백화점 반려동물 편집숍 '위펫' 입점",,"프리미엄 펫케어 브랜드 라이프펫(LIFEPET)은 현대백화점의 반려동물 전문 편집숍 ‘위펫(WE,PET)’에 입점한다고 22일 밝혔다. 입점 지점은 더현대 서울과 충청점으로, 이를 통해 라이프펫 유통망 확대와 브랜드 신뢰도 강화에 나설 계획이다.현대백화점이 직접 큐레이션한 ‘위펫’은 제품의 전문성과 브랜드 철학을 중시하는 프리미엄 펫 편집숍이다. 라이프펫은 이번 입점을 단순한 홍보 채널 확대가 아닌, 브랜드 신뢰도 확보와 체험 기반의 마케팅 허브로 활용할 방침이다. 오프라인 유통 채널 확보를 통해 소비자 접점을 넓히고, 매장 내 반려동물 제품 7종을 배치해 커뮤니케이션 전략을 본격 전개할 계획이다.매장에서 선보이는 제품은 강아지 영양제 5종 ▲라이프펫 프로바이오틱스, ▲라이프펫 조인트, ▲라이프펫 아이즈, ▲라이프펫 스킨케어, ▲라이프펫 브레스와 고양이 영양제 2종 ▲라이프펫 브레스&헤어볼 ▲라이프펫 유리나리 등 7종이다. 라이프펫은 입점을 기념해 공식 홈페이지와 네이버 공식 스마트스토어에서 특별 프로모션을 진행하고 있다. 추후 현대백화점 ‘위펫’ 매장에서도 팝업스토어 행사를 통해 다양한 이벤트와 혜택을 제공할 예정이다.라이프펫 관계자는 “위펫 입점은 브랜드 철학과 제품력을 직접 경험할 수 있는 중요한 기회”라며 “앞으로도 반려동물이 오랫동안 건강하고 행복한 삶을 함께할 수 있도록 돕는 라이프스타일 펫케어 브랜드로 성장해 나가겠다”고 밝혔다.한편, 라이프펫은 최근 2025년도 반려동물 영양제 부문에서 브랜드 고객충성도 대상을 수상하는 등 프리미엄 펫케어 브랜드로서의 입지를 강화하고 있다.한경닷컴 뉴스룸 open@hankyung.com",https://www.hankyung.com/article/202507212124O,2025.07.22 09:00
[포토] 모바일 신분증 민간개방 오픈 행사,,"23일 서울 성동구 앤더슨씨 성수 신관에서 열린 모바일 신분증 민간개방 오픈 행사에서 (맨 왼쪽부터) 한성민 한국조폐공사 이사, 이승건 토스 최고경영자, 송병철 국민은행 부행장, 박승희 삼성전자 사장, 윤호중 행정안전부 장관, 윤호영 카카오뱅크 대표, 강태영 농협은행 은행장, 장준기 네이버 부사장이 오픈 세리모니를 하고 있다. 






                23일 서울 성동구 앤더슨씨 성수 신관에서 열린 모바일 신분증 민간개방 오픈 행사에서 (맨 왼쪽부터) 한성민 한국조폐공사 이사, 이승건 토스 최고경영자, 송병철 국민은행 부행장, 박승희 삼성전자 사장, 윤호중 행정안전부 장관, 윤호영 카카오뱅크 대표, 강태영 농협은행 은행장, 장준기 네이버 부사장이 오픈 세리모니를 마친 후 기념촬영을 하고 있다.이솔 기자 soul5404@hankyung.com",https://www.hankyung.com/article/202507237572i,2025.07.23 17:28
합리적 투자 필수! 증권사 신용대출 3%대 전환으로 이자 절감,,"전송종목 : 원일티엔아이, 하림, 피엔티, 코오롱ENP, 파크시스템스




 

최근 주식 투자자들 사이에서 주식대출(미수/신용융자 등)의 고금리에 대한 부담이 커지고 있다.특히 저금리를 적용 받고 싶어도, 기존 대출을 상환하고 다시 주식을 매수해야 하는 번거로운 절차와 자금 조달의 어려움이 발목을 잡고 있다.이런 현실적인 문제를 해결하고자, 무빙스탁이 ‘증권사 신용, 대환자금대출’ 서비스를 전격 출시했다.이 상품은 주식을 매도하지 않고도, 기존의 고금리의 주식대출(미수/신용융자 등)의 3%대의 혁신적인 저금리 증권사로 전환할 수 있도록 상환자금을 제공하는 것이 핵심이다.무빙스탁 관계자는 “현재 증권사 이벤트 금리는 연 3%대 수준으로, 기존 9~10%대 고금리를 적용받는 투자자라면 절감 효과가 상당하다”며, 금리를 5%만 낮추면 “1억원 신용대출 기준으로 연간 약 500만원, 3억원이라면 1,500만원까지도 절약할 수 있다”고 밝혔다.더 놀라운 점은, 현재는 이벤트 기간으로 대환자금대출 신청시 발생하는 이자 비용까지 ‘0원’이라는 사실이다. 대환자금에 대해서 하루의 대출이자도 부담하지 않고 기존 고금리 대출을 저금리로 전환할 수 있어, 고금리 부담에 시달리던 투자자들에게 큰 호응을 얻을 전망이다.이 서비스는 부동산 시장에서 흔히 이용되던 대환대출 개념을 증권시장에 도입한 혁신적인 시도로, 주식 투자자들의 자금 운용에 새로운 대안을 제시할 것으로 기대된다.무빙스탁 ‘증권사 신용, 대환자금대출’의 비용 무료 이벤트는 이벤트 기간 동안 한정적으로 제공되는 만큼, 신용융자를 이용 중인 투자자라면 지금 바로 확인해볼 필요가 있다.★ 장마감 시간이 가까워질수록 문의가 많아 상담이 지연될 수 있습니다.★ 7월 문의하신 고객들이 많이 보유하신 종목으로는 삼성전자, POSCO홀딩스, 셀트리온, 포스코퓨처엠, 에코프로비엠, NAVER, 에코프로, 삼성SDI, LG화학, SK하이닉스, 두산에너빌리티, 카카오, SK이노베이션, LG에너지솔루션, 엘앤에프, 삼천당제약, 현대차, 알테오젠, HPSP, LG전자 등이 있습니다.★ 안내사항과도한 빚은 당신에게 큰 불행을 안겨줄 수 있습니다. 대출 시 신용등급 하락으로 다른 금융거래가 제약받을 수 있습니다. 중개수수료를 요구하거나 받는 것은 불법입니다.상호명: ㈜단비대부 2021-서울영등포-2102(대부업) | TEL: 1544-4886 | 대출금리: 연 20%이내(연체금리는 약정금리+3%p이내, 최대 연 20%이내) | 단, 2021. 7. 7.부터 신규체결, 갱신, 연장되는 계약에 한함 | 채무의 조기상환 조건 및 부대비용 없음. (단, 신용조회비용 및 담보권설정비용 있음), 이자 외 별도로 중개수수료를 요구하거나 수취하는 것은 불법입니다. | 대표이사: 박동원 | 사업자등록번호: 274-86-00231 | 등록기관명칭: 서울 영등포구청(담당부서: 일자리경제과, 02-2670-3420) | 소재지 : 서울 영등포구 여의대방로67길 11, 5층 517호 | 개인정보관리자메일: help@danbifund.co.kr무료상담",https://www.hankyung.com/article/202507173383a,2025.07.17 11:38
"과천 원더파크, 브레드이발소와 함께하는 미디어 체험 전시 선보인다",,"과천 원더파크는 국내 인기 애니메이션 브레드이발소와 협업하여 7월 8일부터 10월 31일까지 특별 기획 전시 '브레드 베케이션'를 선보인다고 4일 밝혔다.브레드이발소는 천재 이발사 브레드와 그 이발소 직원들의 이야기를 그린 코미디 시트콤 애니메이션으로, 어린이들뿐만 아니라 MZ세대 사이에서도 시니컬한 매력과 밈 문화로 인기를 얻고 있는 작품이다.전시가 열리는 원더파크는 1500평 규모의 미디어 기반 체험형 시설로, 2024년 4월 개관하여 약 30만명이 방문한 수도권 복합문화공간이다. 원더파크는 시즌별로 새로운 콘텐츠를 선보이며 관객에게 일상의 경계를 넘어서는 경험을 제공하고 있다.'브레드 베케이션'은 지구 곳곳을 여행하는 브레드이발소 친구들의 여름휴가 이야기를 미디어 콘텐츠와 다양한 체험 프로그램을 통해 구현한 전시이다.관람객들은 '브레드 베케이션' 여권을 부여받고, 지구 곳곳을 모험하며 미션 수행 후 스탬프를 모아 리워드를 제공받을 수 있다. 그 외 브레드이발소 캐릭터들과 함께하는 댄싱포토타임, 아이와 가족이 함께 참여할 수 있는 쿠키베이킹존, 그리고 원더파크에서만 경험할 수 있는 바버샵 퍼포먼스, 한정판 굿즈 판매 등 색다른 즐거움을 만끽할 수 있다.이번 전시는 전 연령대 관객이 함께 즐기며 특별한 추억을 만들 수 있도록 기획되었으며, 원더파크만의 차별화된 미디어 체험을 통해 관람객들에게 새로운 경험을 제공하고자 한다.한편, 오는 7일까지 네이버 예약을 통해 최대 30% 할인 혜택을 받을 수 있는 얼리버드 티켓이 판매된다. 전시와 관련한 자세한 정보와 예매는 네이버 예약 또는 매직플로우 공식 인스타그램을 통해 확인할 수 있다.한경닷컴 뉴스룸 open@hankyung.com",https://www.hankyung.com/article/202507048687O,2025.07.04 14:18
"주식 매도 없이 신용이자 연 1,500만 원 줄이는 비법",,"전송종목 : 유아이엘, 고려신용정보, 동원F&B, 쏠리드, 지어소프트최근 주식 투자자들 사이에서 주식대출(미수/신용융자 등)의 고금리에 대한 부담이 커지고 있다.특히 저금리를 적용 받고 싶어도, 기존 대출을 상환하고 다시 주식을 매수해야 하는 번거로운 절차와 자금 조달의 어려움이 발목을 잡고 있다.이런 현실적인 문제를 해결하고자, 무빙스탁이 ‘증권사 신용, 대환자금대출’ 서비스를 전격 출시했다.이 상품은 주식을 매도하지 않고도, 기존의 고금리의 주식대출(미수/신용융자 등)의 3%대의 혁신적인 저금리 증권사로 전환할 수 있도록 상환자금을 제공하는 것이 핵심이다.무빙스탁 관계자는 “현재 증권사 이벤트 금리는 연 3%대 수준으로, 기존 9~10%대 고금리를 적용받는 투자자라면 절감 효과가 상당하다”며, 금리를 5%만 낮추면 “1억원 신용대출 기준으로 연간 약 500만원, 3억원이라면 1,500만원까지도 절약할 수 있다”고 밝혔다.더 놀라운 점은, 현재는 이벤트 기간으로 대환자금대출 신청시 발생하는 이자 비용까지 ‘0원’이라는 사실이다. 대환자금에 대해서 하루의 대출이자도 부담하지 않고 기존 고금리 대출을 저금리로 전환할 수 있어, 고금리 부담에 시달리던 투자자들에게 큰 호응을 얻을 전망이다.이 서비스는 부동산 시장에서 흔히 이용되던 대환대출 개념을 증권시장에 도입한 혁신적인 시도로, 주식 투자자들의 자금 운용에 새로운 대안을 제시할 것으로 기대된다.무빙스탁 ‘증권사 신용, 대환자금대출’의 비용 무료 이벤트는 이벤트 기간 동안 한정적으로 제공되는 만큼, 신용융자를 이용 중인 투자자라면 지금 바로 확인해볼 필요가 있다.★ 장마감 시간이 가까워질수록 문의가 많아 상담이 지연될 수 있습니다.★ 7월 문의하신 고객들이 많이 보유하신 종목으로는 삼성전자, POSCO홀딩스, 셀트리온, 포스코퓨처엠, 에코프로비엠, NAVER, 에코프로, 삼성SDI, LG화학, SK하이닉스, 두산에너빌리티, 카카오, SK이노베이션, LG에너지솔루션, 엘앤에프, 삼천당제약, 현대차, 알테오젠, HPSP, LG전자 등이 있습니다.★ 안내사항과도한 빚은 당신에게 큰 불행을 안겨줄 수 있습니다. 대출 시 신용등급 하락으로 다른 금융거래가 제약받을 수 있습니다. 중개수수료를 요구하거나 받는 것은 불법입니다.상호명: ㈜단비대부 2021-서울영등포-2102(대부업) | TEL: 1544-4886 | 대출금리: 연 20%이내(연체금리는 약정금리+3%p이내, 최대 연 20%이내) | 단, 2021. 7. 7.부터 신규체결, 갱신, 연장되는 계약에 한함 | 채무의 조기상환 조건 및 부대비용 없음. (단, 신용조회비용 및 담보권설정비용 있음), 이자 외 별도로 중개수수료를 요구하거나 수취하는 것은 불법입니다. | 대표이사: 박동원 | 사업자등록번호: 274-86-00231 | 등록기관명칭: 서울 영등포구청(담당부서: 일자리경제과, 02-2670-3420) | 소재지 : 서울 영등포구 여의대방로67길 11, 5층 517호 | 개인정보관리자메일: help@danbifund.co.kr무료상담",https://www.hankyung.com/article/202507145610a,2025.07.14 10:48
고금리 이자 폭탄 피하는 법! 증권사 대출 3%대로 줄이기,,"전송종목 : 코미코, 바이오포트, 나무가, 쿠쿠홀딩스, 슈피겐코리아최근 주식 투자자들 사이에서 주식대출(미수/신용융자 등)의 고금리에 대한 부담이 커지고 있다.특히 저금리를 적용 받고 싶어도, 기존 대출을 상환하고 다시 주식을 매수해야 하는 번거로운 절차와 자금 조달의 어려움이 발목을 잡고 있다.이런 현실적인 문제를 해결하고자, 무빙스탁이 ‘증권사 신용, 대환자금대출’ 서비스를 전격 출시했다.이 상품은 주식을 매도하지 않고도, 기존의 고금리의 주식대출(미수/신용융자 등)의 3%대의 혁신적인 저금리 증권사로 전환할 수 있도록 상환자금을 제공하는 것이 핵심이다.무빙스탁 관계자는 “현재 증권사 이벤트 금리는 연 3%대 수준으로, 기존 9~10%대 고금리를 적용받는 투자자라면 절감 효과가 상당하다”며, 금리를 5%만 낮추면 “1억원 신용대출 기준으로 연간 약 500만원, 3억원이라면 1,500만원까지도 절약할 수 있다”고 밝혔다.더 놀라운 점은, 현재는 이벤트 기간으로 대환자금대출 신청시 발생하는 이자 비용까지 ‘0원’이라는 사실이다. 대환자금에 대해서 하루의 대출이자도 부담하지 않고 기존 고금리 대출을 저금리로 전환할 수 있어, 고금리 부담에 시달리던 투자자들에게 큰 호응을 얻을 전망이다.이 서비스는 부동산 시장에서 흔히 이용되던 대환대출 개념을 증권시장에 도입한 혁신적인 시도로, 주식 투자자들의 자금 운용에 새로운 대안을 제시할 것으로 기대된다.무빙스탁 ‘증권사 신용, 대환자금대출’의 비용 무료 이벤트는 이벤트 기간 동안 한정적으로 제공되는 만큼, 신용융자를 이용 중인 투자자라면 지금 바로 확인해볼 필요가 있다.★ 장마감 시간이 가까워질수록 문의가 많아 상담이 지연될 수 있습니다.★ 7월 문의하신 고객들이 많이 보유하신 종목으로는 삼성전자, POSCO홀딩스, 셀트리온, 포스코퓨처엠, 에코프로비엠, NAVER, 에코프로, 삼성SDI, LG화학, SK하이닉스, 두산에너빌리티, 카카오, SK이노베이션, LG에너지솔루션, 엘앤에프, 삼천당제약, 현대차, 알테오젠, HPSP, LG전자 등이 있습니다.★ 안내사항과도한 빚은 당신에게 큰 불행을 안겨줄 수 있습니다. 대출 시 신용등급 하락으로 다른 금융거래가 제약받을 수 있습니다. 중개수수료를 요구하거나 받는 것은 불법입니다.상호명: ㈜단비대부 2021-서울영등포-2102(대부업) | TEL: 1544-4886 | 대출금리: 연 20%이내(연체금리는 약정금리+3%p이내, 최대 연 20%이내) | 단, 2021. 7. 7.부터 신규체결, 갱신, 연장되는 계약에 한함 | 채무의 조기상환 조건 및 부대비용 없음. (단, 신용조회비용 및 담보권설정비용 있음), 이자 외 별도로 중개수수료를 요구하거나 수취하는 것은 불법입니다. | 대표이사: 박동원 | 사업자등록번호: 274-86-00231 | 등록기관명칭: 서울 영등포구청(담당부서: 일자리경제과, 02-2670-3420) | 소재지 : 서울 영등포구 여의대방로67길 11, 5층 517호 | 개인정보관리자메일: help@danbifund.co.kr무료상담",https://www.hankyung.com/article/202507035121a,2025.07.03 10:28
연 4%대 업계 최저 금리로 저렴하게! DSR 무관 상품까지!,,"투자자들 사이에서 ‘스탁론’에 대한 관심이 높아지고 있다. 스탁론은 자기자본 포함 최대 4배까지 활용 가능하며 증권사 신용/미수 대환 용도로도 활용 가능해 대표적인 레버리지 수단으로 자리잡은 상태다.그러나 DSR 한도가 스탁론에도 적용된 후 다른 대출, 소득 증빙 문제로 예전처럼 이용하기 어려워졌다. 이와 함께 높아진 금리도 스탁론 이용을 망설이게 만든 원인으로 꼽힌다.그러나 해결책은 있다. 21년 연속 스탁론 업계 1위를 지키고 있는 하이스탁론이 DSR 무관하게 이용할 수 있는 상품은 물론 연 4%대 최저금리로 이용 가능한 상품까지 취급하며 선택의 폭을 넓힌 것이다.




 

◆ 하이스탁론, 연 4%대 업계 최저금리로 추가 투자금은 물론 신용미수 대환까지!<하이스탁론>에서 누구나 부담 없이 스탁론을 경험할 수 있도록 연 4%대 최저금리 상품을 출시했다. 주식매입 용도는 물론 증권사 미수/신용 대환도 가능하며 신용등급 차등 없이 자기자본 포함 최대 4배까지 활용할 수 있다.이와 함께 DSR 한도 때문에 기존 스탁론 이용이 어려웠던 투자자들은 위한 DSR 무관 상품도 취급 중이다. 또한 장중 거래가 어려웠던 투자자를 위한 대체거래소(NXT) 거래도 가능해졌다.<하이스탁론>의 새로운 상품에 대해 자세히 알고 싶은 투자자는 고객상담센터(1599-0313)로 연락하면 대출 여부와 상관없이 24시간 언제든 전문상담원과 편리한 상담이 가능하다.○ 연 4%대 업계 최저금리 상품 출시○ 대체거래소(NXT) 거래 가능!○ 21년 연속 시장 점유율 1위, 16년 연속 대한민국퍼스트브랜드 대상○ 증권사 신용/미수 실시간 상환, 한종목 100% 집중 투자○ 믿을 수 있는 상담품질보증제※하이스탁론상담센터 : 1599-0313바로가기:https://www.hisl.co.kr/0313◆ 현 시각 관심종목 Top 10 : 한미반도체, NAVER, 현대로템, 에코프로, 서울보증보험, 피아이이, 피코그램, 프롬바이오, 비케이홀딩스, 부국증권무료상담",https://www.hankyung.com/article/202507146116a,2025.07.15 13:05
신용대출 이자 절감 꿀팁! 증권사 3%대 대출 전환법 공개,,"전송종목 : 한화에어로스페이스, 더존비즈온, HDC, 에스원, 한솔케미칼최근 주식 투자자들 사이에서 주식대출(미수/신용융자 등)의 고금리에 대한 부담이 커지고 있다.특히 저금리를 적용 받고 싶어도, 기존 대출을 상환하고 다시 주식을 매수해야 하는 번거로운 절차와 자금 조달의 어려움이 발목을 잡고 있다.이런 현실적인 문제를 해결하고자, 무빙스탁이 ‘증권사 신용, 대환자금대출’ 서비스를 전격 출시했다.이 상품은 주식을 매도하지 않고도, 기존의 고금리의 주식대출(미수/신용융자 등)의 3%대의 혁신적인 저금리 증권사로 전환할 수 있도록 상환자금을 제공하는 것이 핵심이다.무빙스탁 관계자는 “현재 증권사 이벤트 금리는 연 3%대 수준으로, 기존 9~10%대 고금리를 적용받는 투자자라면 절감 효과가 상당하다”며, 금리를 5%만 낮추면 “1억원 신용대출 기준으로 연간 약 500만원, 3억원이라면 1,500만원까지도 절약할 수 있다”고 밝혔다.더 놀라운 점은, 현재는 이벤트 기간으로 대환자금대출 신청시 발생하는 이자 비용까지 ‘0원’이라는 사실이다. 대환자금에 대해서 하루의 대출이자도 부담하지 않고 기존 고금리 대출을 저금리로 전환할 수 있어, 고금리 부담에 시달리던 투자자들에게 큰 호응을 얻을 전망이다.이 서비스는 부동산 시장에서 흔히 이용되던 대환대출 개념을 증권시장에 도입한 혁신적인 시도로, 주식 투자자들의 자금 운용에 새로운 대안을 제시할 것으로 기대된다.무빙스탁 ‘증권사 신용, 대환자금대출’의 비용 무료 이벤트는 이벤트 기간 동안 한정적으로 제공되는 만큼, 신용융자를 이용 중인 투자자라면 지금 바로 확인해볼 필요가 있다.★ 장마감 시간이 가까워질수록 문의가 많아 상담이 지연될 수 있습니다.★ 7월 문의하신 고객들이 많이 보유하신 종목으로는 삼성전자, POSCO홀딩스, 셀트리온, 포스코퓨처엠, 에코프로비엠, NAVER, 에코프로, 삼성SDI, LG화학, SK하이닉스, 두산에너빌리티, 카카오, SK이노베이션, LG에너지솔루션, 엘앤에프, 삼천당제약, 현대차, 알테오젠, HPSP, LG전자 등이 있습니다.★ 안내사항과도한 빚은 당신에게 큰 불행을 안겨줄 수 있습니다. 대출 시 신용등급 하락으로 다른 금융거래가 제약받을 수 있습니다. 중개수수료를 요구하거나 받는 것은 불법입니다.상호명: ㈜단비대부 2021-서울영등포-2102(대부업) | TEL: 1544-4886 | 대출금리: 연 20%이내(연체금리는 약정금리+3%p이내, 최대 연 20%이내) | 단, 2021. 7. 7.부터 신규체결, 갱신, 연장되는 계약에 한함 | 채무의 조기상환 조건 및 부대비용 없음. (단, 신용조회비용 및 담보권설정비용 있음), 이자 외 별도로 중개수수료를 요구하거나 수취하는 것은 불법입니다. | 대표이사: 박동원 | 사업자등록번호: 274-86-00231 | 등록기관명칭: 서울 영등포구청(담당부서: 일자리경제과, 02-2670-3420) | 소재지 : 서울 영등포구 여의대방로67길 11, 5층 517호 | 개인정보관리자메일: help@danbifund.co.kr무료상담",https://www.hankyung.com/article/202507210600a,2025.07.21 13:08
"""네이버, 'AI브리핑' 서비스 연착륙 수혜…목표가 상향""-현대차",,"현대차증권은 4일 네이버에 대해 인공지능(AI) 브리핑 서비스의 연착륙으로 실질적 수혜를 받을 수 있을 것이라고 진단했다. 또 커머스의 고성장세와 마진 개선이 동시에 기대된다면서 목표주가로 기존 대비 15% 올린 30만원을 제시했다.김현용 현대차증권 연구원은 ""2분기 매출액은 2조9129억원, 영업이익 5323억원으로 시장 기대치에 부합할 전망""이라며 ""매출은 서치플랫폼이 전년 대비 7% 성장하는 등 견조하고 커머스가 15%의 성장률을 기록할 전망""이라고 했다.이어 ""피드형 개인화 광고 시장이 급부상하면서 검색과 커머스에서 피드형으로의 유입이 가팔라지고 있다""며 그 수혜를 네이버가 온전히 받고 있다고 짚었다.이처럼 서치플랫폼 '승기'를 잡은 상황에서 AI 검색 지원 서비스인 'AI 브리핑'도 순항 중이다.김 연구원은 ""피드형 광고시장 선점 효과를 누리는 가운데, AI 브리핑도 연착륙 중이라는 데 주목해야 한다""며 ""지난 3월 말 도입 당시 검색 쿼리의 1%에 불과했던 AI 브리핑 검색 결과는 현재 3~5% 수준으로 눈에 띄게 증가했다""고 말했다.덧붙여 ""일반적인 검색 결과뿐 아니라 플레이스 내 사용자 리뷰 정리 등 다양한 영역으로 확장해 적용 중""이라면서 ""연말까지 검색 쿼리의 15% 이상을 AI 브리핑 검색 결과로 보여주는 게 목표""라고 밝혔다.신민경 한경닷컴 기자 radio@hankyung.com",https://www.hankyung.com/article/2025070475806,2025.07.04 08:44
"이자 부담은 최소로, 투자 효율은 최대로! 신용대출 3%대 활용법",,"전송종목 : 한전KPS, LG생활건강, LG화학, 한전기술, 신한지주최근 주식 투자자들 사이에서 주식대출(미수/신용융자 등)의 고금리에 대한 부담이 커지고 있다.특히 저금리를 적용 받고 싶어도, 기존 대출을 상환하고 다시 주식을 매수해야 하는 번거로운 절차와 자금 조달의 어려움이 발목을 잡고 있다.이런 현실적인 문제를 해결하고자, 무빙스탁이 ‘증권사 신용, 대환자금대출’ 서비스를 전격 출시했다.이 상품은 주식을 매도하지 않고도, 기존의 고금리의 주식대출(미수/신용융자 등)의 3%대의 혁신적인 저금리 증권사로 전환할 수 있도록 상환자금을 제공하는 것이 핵심이다.무빙스탁 관계자는 “현재 증권사 이벤트 금리는 연 3%대 수준으로, 기존 9~10%대 고금리를 적용받는 투자자라면 절감 효과가 상당하다”며, 금리를 5%만 낮추면 “1억원 신용대출 기준으로 연간 약 500만원, 3억원이라면 1,500만원까지도 절약할 수 있다”고 밝혔다.더 놀라운 점은, 현재는 이벤트 기간으로 대환자금대출 신청시 발생하는 이자 비용까지 ‘0원’이라는 사실이다. 대환자금에 대해서 하루의 대출이자도 부담하지 않고 기존 고금리 대출을 저금리로 전환할 수 있어, 고금리 부담에 시달리던 투자자들에게 큰 호응을 얻을 전망이다.이 서비스는 부동산 시장에서 흔히 이용되던 대환대출 개념을 증권시장에 도입한 혁신적인 시도로, 주식 투자자들의 자금 운용에 새로운 대안을 제시할 것으로 기대된다.무빙스탁 ‘증권사 신용, 대환자금대출’의 비용 무료 이벤트는 이벤트 기간 동안 한정적으로 제공되는 만큼, 신용융자를 이용 중인 투자자라면 지금 바로 확인해볼 필요가 있다.★ 장마감 시간이 가까워질수록 문의가 많아 상담이 지연될 수 있습니다.★ 7월 문의하신 고객들이 많이 보유하신 종목으로는 삼성전자, POSCO홀딩스, 셀트리온, 포스코퓨처엠, 에코프로비엠, NAVER, 에코프로, 삼성SDI, LG화학, SK하이닉스, 두산에너빌리티, 카카오, SK이노베이션, LG에너지솔루션, 엘앤에프, 삼천당제약, 현대차, 알테오젠, HPSP, LG전자 등이 있습니다.★ 안내사항과도한 빚은 당신에게 큰 불행을 안겨줄 수 있습니다. 대출 시 신용등급 하락으로 다른 금융거래가 제약받을 수 있습니다. 중개수수료를 요구하거나 받는 것은 불법입니다.상호명: ㈜단비대부 2021-서울영등포-2102(대부업) | TEL: 1544-4886 | 대출금리: 연 20%이내(연체금리는 약정금리+3%p이내, 최대 연 20%이내) | 단, 2021. 7. 7.부터 신규체결, 갱신, 연장되는 계약에 한함 | 채무의 조기상환 조건 및 부대비용 없음. (단, 신용조회비용 및 담보권설정비용 있음), 이자 외 별도로 중개수수료를 요구하거나 수취하는 것은 불법입니다. | 대표이사: 박동원 | 사업자등록번호: 274-86-00231 | 등록기관명칭: 서울 영등포구청(담당부서: 일자리경제과, 02-2670-3420) | 소재지 : 서울 영등포구 여의대방로67길 11, 5층 517호 | 개인정보관리자메일: help@danbifund.co.kr무료상담",https://www.hankyung.com/article/202507223178a,2025.07.22 13:08
"프로그레스미디어, 예비 마케팅 전문가 대규모 공개 채용",,"종합광고대행사 프로그레스미디어가 업계 최대 규모의 예비 마케팅 전문가 공개 채용을 실시한다고 18일 밝혔다.프로그레스미디어는 네이버, 카카오, 당근, 쿠팡, 지마켓 등 공식 광고대행사이며 2024년 네이버 파트너 어워즈 1위 수상, 2025년 네이버 프리미어 파트너사 선정 기업이다. 체계적 마케팅 전문가 육성 시스템을 통해 2023년 6월 58억 원이었던 네이버 월 광고 취급액을 2025년 6월 2023년 동월 대비 약 310% 증가한 239억 원으로 성장시키며 전문성 있는 인재 양성의 성과를 입증한 바 있다.이번 채용을 통해 선발된 인원은 입사 초기 세일즈 마케터로서 광고주 수주 영업을 통해 다양한 산업군의 브랜드 실무를 경험하게 되며, 이후 역량에 따라 마케팅 전문가(AE)로 전환되어 마케팅 전략 기획과 운영을 주도한다. 이를 통해 실무 역량을 키우고 브랜드사 입장에서 사고와 판단하는 마케터로 성장하며, 다양한 업직종 브랜드사 마케팅 기획과 운영도 주도적으로 수행할 수 있다.또한 프로그레스미디어는 국내 다양한 매체의 공식 대행사로서 영업 단계에서부터 경쟁력을 보유하고 있다. 타 대행사 대비 유리한 솔루션 제안, 매체사 공식 교육 지원, 광고주 및 업종별 운영 노하우 교육, 그리고 마케팅 전문가와의 멘토링을 통해 신입 인재들이 빠르게 실무에 적응하고 성과를 창출할 수 있도록 돕고 있다.한준희 프로그레스미디어 마케팅 전문가 본부장은 “SBS 고수열전TV에서 보여준 것처럼 진정한 마케팅 전문가는 브랜드사 성장을 위해 꾸준히 학습하고 항상 브랜드사 성장에 고민할 수 있는 역량이 필요하다”고 밝혔다.채용 공고는 잡코리아, 사람인, 고용24 등 주요 플랫폼을 통해 진행되며 퍼포먼스 마케팅에 관심이 많고 주도적, 목표지향적 태도를 지닌 지원자와 카카오 비즈니스 자격증, 구글 애널리틱스(GA) 자격증, 검색광고마케터 1급 보유자를 우대한다.관계자는 “서울 외에도 대전, 대구, 부산 퍼포먼스 센터에서 자신의 역량과 열정을 펼치고자 하는 인재들의 적극적인 관심과 지원을 기대하고 있다“고 전했다.한경닷컴 뉴스룸 open@hankyung.com",https://www.hankyung.com/article/202507186785O,2025.07.18 11:24
고금리 OUT! 증권사 신용대출 3%대로 전환하는 방법,,"전송종목 : 태광, 유진기업, 콜마홀딩스, 시노펙스, 한국단자최근 주식 투자자들 사이에서 주식대출(미수/신용융자 등)의 고금리에 대한 부담이 커지고 있다.특히 저금리를 적용 받고 싶어도, 기존 대출을 상환하고 다시 주식을 매수해야 하는 번거로운 절차와 자금 조달의 어려움이 발목을 잡고 있다.이런 현실적인 문제를 해결하고자, 무빙스탁이 ‘증권사 신용, 대환자금대출’ 서비스를 전격 출시했다.이 상품은 주식을 매도하지 않고도, 기존의 고금리의 주식대출(미수/신용융자 등)의 3%대의 혁신적인 저금리 증권사로 전환할 수 있도록 상환자금을 제공하는 것이 핵심이다.무빙스탁 관계자는 “현재 증권사 이벤트 금리는 연 3%대 수준으로, 기존 9~10%대 고금리를 적용받는 투자자라면 절감 효과가 상당하다”며, 금리를 5%만 낮추면 “1억원 신용대출 기준으로 연간 약 500만원, 3억원이라면 1,500만원까지도 절약할 수 있다”고 밝혔다.더 놀라운 점은, 현재는 이벤트 기간으로 대환자금대출 신청시 발생하는 이자 비용까지 ‘0원’이라는 사실이다. 대환자금에 대해서 하루의 대출이자도 부담하지 않고 기존 고금리 대출을 저금리로 전환할 수 있어, 고금리 부담에 시달리던 투자자들에게 큰 호응을 얻을 전망이다.이 서비스는 부동산 시장에서 흔히 이용되던 대환대출 개념을 증권시장에 도입한 혁신적인 시도로, 주식 투자자들의 자금 운용에 새로운 대안을 제시할 것으로 기대된다.무빙스탁 ‘증권사 신용, 대환자금대출’의 비용 무료 이벤트는 이벤트 기간 동안 한정적으로 제공되는 만큼, 신용융자를 이용 중인 투자자라면 지금 바로 확인해볼 필요가 있다.★ 장마감 시간이 가까워질수록 문의가 많아 상담이 지연될 수 있습니다.★ 7월 문의하신 고객들이 많이 보유하신 종목으로는 삼성전자, POSCO홀딩스, 셀트리온, 포스코퓨처엠, 에코프로비엠, NAVER, 에코프로, 삼성SDI, LG화학, SK하이닉스, 두산에너빌리티, 카카오, SK이노베이션, LG에너지솔루션, 엘앤에프, 삼천당제약, 현대차, 알테오젠, HPSP, LG전자 등이 있습니다.★ 안내사항과도한 빚은 당신에게 큰 불행을 안겨줄 수 있습니다. 대출 시 신용등급 하락으로 다른 금융거래가 제약받을 수 있습니다. 중개수수료를 요구하거나 받는 것은 불법입니다.상호명: ㈜단비대부 2021-서울영등포-2102(대부업) | TEL: 1544-4886 | 대출금리: 연 20%이내(연체금리는 약정금리+3%p이내, 최대 연 20%이내) | 단, 2021. 7. 7.부터 신규체결, 갱신, 연장되는 계약에 한함 | 채무의 조기상환 조건 및 부대비용 없음. (단, 신용조회비용 및 담보권설정비용 있음), 이자 외 별도로 중개수수료를 요구하거나 수취하는 것은 불법입니다. | 대표이사: 박동원 | 사업자등록번호: 274-86-00231 | 등록기관명칭: 서울 영등포구청(담당부서: 일자리경제과, 02-2670-3420) | 소재지 : 서울 영등포구 여의대방로67길 11, 5층 517호 | 개인정보관리자메일: help@danbifund.co.kr무료상담",https://www.hankyung.com/article/202507111588a,2025.07.11 09:33
"[부동산 절세시대] 상속받은 부동산 팔 때, 이것 놓치면 '세금 폭탄'",한경닷컴 더 라이프이스트,"안녕하세요, 부동산 절세시대 김리석 회계사입니다.오랫만에 인사드립니다. 그동안 업무가 많아 칼럼을 올리지 못했는데 앞으로는 더 좋은 주제로 찾아뵙도록 하겠습니다.이번 시간에는 상속받은 '부동산 팔때 이것 놓치면 세금 폭탄'이라는 주제로 설명드리려 합니다. 첫 번째로는 상속받은 부동산을 6개월 이내에 팔 것인가, 그 이후에 팔것인가를 결정해야 한다는 것입니다.이 두 가지로 인해서 양도세가 달라질 수 있습니다.구체적으로 살펴보면 다음과 같습니다.먼저 첫 번째 케이스로 상속받은 부동산 6개월 이내에 팔기입니다.우리가 상속받은 부동산을 취득하고 양도하면 양도가액에서 취득가액을 뺀 금액에 대한 양도세가 발생하게 됩니다.상속받은 부동산을 팔 때에는 당연히 매매계약서를 통해서 양도하기 때문에 양도가액을 알 수 있는데 상속받은 부동산의 취득가액은 어떻게 계산할까요?상속으로 받은 재산의 경우 취득가액은 다음의 순서로 계산합니다.우선, 상속개시일 즉 사망일 당시 시가로 판단하는데 시가는 불특정 다수인 사이에 자유롭게 거래가 이루어지는 가격을 말하며, 감정가액을 시가에 포함하도록 하고 있습니다. 만약, 시가가 없으면 유사매매사례가액, 보충적평가방법 예를들면 공시가격순으로 취득가액을 계산하도록 하고 있습니다.
                    




                이러한 시가는 상속개시일 이전 6개월과 상속개시일 이후 6개월을 평가기간으로 보아 그 평가기간 사이에 매매가격, 감정가액이 있다면 이를 시가로 판단하도록 하고 있는데요.따라서, 내가 상속받은 부동산을 6개월 이내에 판다고 가정할때 상속개시일 후 6개월 이내에 매매가액 즉, 양도가격이 있으면 그 양도가액을 취득가액으로 인정받을 수 있는 거죠. 즉, 상속받고 6개월이내에 팔면 양도가액과 취득가액이 같기 때문에 양도세는 나오지 않습니다.





여기서 좀 더 깊게 살펴보면, 상속개시일후 6개월 이내의 매매가액이 실제 부동산 잔금일을 말할까요? 소유권이전등기일을 말할까요? 아님 다른 날을 의미할까요?세법에서는 매매계약일로 판단하고 있습니다. 따라서, 매매계약서상 계약일이 상속개시일 후 6개월 이내에 존재해야 상속받은 부동산의 취득가액을 양도가액과 동일하게 보아 양도세가 나오지 않게 되는 것입니다.예를 들어 보겠습니다.아버지께서 25월 1월 1일에 돌아가시면서 아들인 저에게 부동산을 상속해주셨습니다. 제가 이 부동산을 관리하기는 어려워서 상속받고 바로 팔려고 부동산에 내놓았습니다. 그렇다면 저는 언제까지 팔아야 양도세 없이 부동산을 팔수 있을까요?정답은 상속개시일로부터 6개월 이내인 25년 6월 1일까지 부동산 매매계약일을 정해 부동산을 양도하면 될것 같습니다.추가로 상속세 신고기한은 상속개시일, 즉 사망일이 속하는 달의 말일부터 6개월 이내로 앞의 사례에서처럼 아버지가 사망하신 날이 25년 1월 1일이라면 사망일이 속하는 달의 말일은 25년 6월말까지입니다.다만, 시가로 판단하는 매매계약일은 앞선 사례에서 상속개시일로부터 6개월인 25년 6월 1일까지 체결해야하기 때문에 상속세 신고기한과 차이가 있습니다.상속세 신고기한까지 매매계약을 체결하는 것이 아니라는 점 주의하시길 바랍니다.다음으로 상속받은 부동산 6개월 후에 파는 경우입니다.만약, 내가 상속개시일 이후 6개월이 지나서 팔게 되면 어떻게 하면 양도세를 줄일 수 있을까요? 아까 제가 양도세는 양도가액에서 취득가액을 빼서 계산한다고 말씀드렸는데 결국 양도세를 줄이기 위해서는 양도가액이 정해진 상태에서 취득가액을 높여야지 세금을 덜 낼 수 있게 되는 구조입니다.그러면 어떻게 해야 취득가액을 높일 수 있을까요? 제가 아까 취득가액을 평가하는 시가의 범위에 감정가액이 포함된다고 말씀드렸습니다.이에, 감정평가를 진행하여 취득가액을 높인 다음에 추후 양도할 때 양도차익을 줄여서 양도세를 줄이는 방법을 생각하면 어떨까 싶습니다. 이 경우, 감정평가도 아무때나 받으면 된다는 것은 아니구요. 상속받은 부동산에 대해서는 상속개시일 즉 사망일 전후 6개월에 대해서 감정평가를 받아야 취득가액으로 인정받을 수 있습니다.구체적으로는 상속개시일 전후 6개월 이내에 감정평가의 가격산정기준일과 감정가액평가서 작성일이 둘다 있어야 취득가액으로 인정받을 수 있습니다.예를 들어, 25년 1월 1일에 상속받은 부동산에 대해서 상속개시일(즉 사망일) 이후 6개월 이내에 감정평가를 받는다고 했을때 25년 6월 1일 이내에 가격산정기준일과 감정가액평가서 작성일이 있어야 취득가액으로 인정받을 수 있습니다.둘 중 하나라도 6월 1일을 넘어가면 이 감정가액은 취득가액으로 인정을 받지 못하게 됩니다.상속받은 부동산을 팔 때 주의사항에 대해 기간으로 살펴보았는데요. 상속받은 부동산을 상속개시일 이후 6개월 이내에 판다면 매매계약일을 유의해서 팔아야 양도세가 나오지 않습니다. 만약 6개월 후에 부동산을 판다고 할 경우에는 팔지 않더라도 미리 상속개시일 전후 6개월 이내에 감정평가를 받고 취득가액을 높인 상태에서 추후 양도하여 양도세를 줄이는 방향을 한번 고민해 보시면 좋을 것 같습니다.상속받은 부동산 양도시 주의사항 두 번째로는, 상속개시일로부터 5년 이내의 주택이라면 종부세 측면에서 혜택이 있다 보니 이 부분 양도시기를 결정하실때 같이 고려하시면 좋을 것 같습니다.





잘 아시겠지만, 보유하고 있는 주택수에 따라 종부세 세율이 다르잖아요? 2주택 이하라면 최소 0.5%~최대 2.7%, 3주택 이상이라면 최소 0.5%~최대 5%의 종부세율을 적용하는데 매년 6월 1일을 기준으로 상속개시일로부터 5년이 지나지 않은 주택의 경우에는 내가 보유한 주택수에 포함되지 않아 종부세 세율적용시 달라질 수 있습니다.예를 들어, 내가 주택이 3채인데 그 중 한 채는 상속받은 주택이라면 원래는 3주택자에 대한 종부세율을 적용받아야 하는데 상속개시일로부터 5년이 지나지 않는 주택이라면 세율적용시 주택수에서 제외하므로 2주택자로 보아 종부세율을 적용한다고 보시면 될것 같습니다.추가로 내가 1주택과 상속받은 주택을 함께 보유하고 있는 경우 매년 6월 1일을 기준으로 상속개시일로부터 5년이 지나지 않은 주택은 종부세 과세표준을 계산할 때 주택수에서 제외하도록 하고 있으니 참고 부탁드립니다.즉, 내가 원래는 1주택자로 아파트 공시가격이 5억, 상속받은 주택에 대한 공시가격이 4억으로 5억과 4억을 합친 9억을 과세표준으로 해서 종부세 계산을 하도록 하는데 상속개시일로부터 5년이 지나지 않은 주택이라면 1주택자로 보아 아파트 공시가격 5억을 기준으로 종부세 계산을 한다고 생각하시면 되겠습니다.<한경닷컴 The Lifeist> 김리석 세정회계법인 이사(leesuk1020@naver.com)""외부 필진의 기고 내용은 본지의 편집 방향과 다를 수 있습니다.""독자 문의 : thepen@hankyung.com",https://www.hankyung.com/thepen/lifeist/article/202507198830Q,2025.07.22 17:36
"이자 부담은 최소로, 투자 효율은 최대로! 신용대출 3%대 활용법",,"전송종목 : 동국생명과학, 세아제강, 네온테크, 애니플러스, 현대무벡스최근 주식 투자자들 사이에서 주식대출(미수/신용융자 등)의 고금리에 대한 부담이 커지고 있다.특히 저금리를 적용 받고 싶어도, 기존 대출을 상환하고 다시 주식을 매수해야 하는 번거로운 절차와 자금 조달의 어려움이 발목을 잡고 있다.이런 현실적인 문제를 해결하고자, 무빙스탁이 ‘증권사 신용, 대환자금대출’ 서비스를 전격 출시했다.이 상품은 주식을 매도하지 않고도, 기존의 고금리의 주식대출(미수/신용융자 등)의 3%대의 혁신적인 저금리 증권사로 전환할 수 있도록 상환자금을 제공하는 것이 핵심이다.무빙스탁 관계자는 “현재 증권사 이벤트 금리는 연 3%대 수준으로, 기존 9~10%대 고금리를 적용받는 투자자라면 절감 효과가 상당하다”며, 금리를 5%만 낮추면 “1억원 신용대출 기준으로 연간 약 500만원, 3억원이라면 1,500만원까지도 절약할 수 있다”고 밝혔다.더 놀라운 점은, 현재는 이벤트 기간으로 대환자금대출 신청시 발생하는 이자 비용까지 ‘0원’이라는 사실이다. 대환자금에 대해서 하루의 대출이자도 부담하지 않고 기존 고금리 대출을 저금리로 전환할 수 있어, 고금리 부담에 시달리던 투자자들에게 큰 호응을 얻을 전망이다.이 서비스는 부동산 시장에서 흔히 이용되던 대환대출 개념을 증권시장에 도입한 혁신적인 시도로, 주식 투자자들의 자금 운용에 새로운 대안을 제시할 것으로 기대된다.무빙스탁 ‘증권사 신용, 대환자금대출’의 비용 무료 이벤트는 이벤트 기간 동안 한정적으로 제공되는 만큼, 신용융자를 이용 중인 투자자라면 지금 바로 확인해볼 필요가 있다.★ 장마감 시간이 가까워질수록 문의가 많아 상담이 지연될 수 있습니다.★ 7월 문의하신 고객들이 많이 보유하신 종목으로는 삼성전자, POSCO홀딩스, 셀트리온, 포스코퓨처엠, 에코프로비엠, NAVER, 에코프로, 삼성SDI, LG화학, SK하이닉스, 두산에너빌리티, 카카오, SK이노베이션, LG에너지솔루션, 엘앤에프, 삼천당제약, 현대차, 알테오젠, HPSP, LG전자 등이 있습니다.★ 안내사항과도한 빚은 당신에게 큰 불행을 안겨줄 수 있습니다. 대출 시 신용등급 하락으로 다른 금융거래가 제약받을 수 있습니다. 중개수수료를 요구하거나 받는 것은 불법입니다.상호명: ㈜단비대부 2021-서울영등포-2102(대부업) | TEL: 1544-4886 | 대출금리: 연 20%이내(연체금리는 약정금리+3%p이내, 최대 연 20%이내) | 단, 2021. 7. 7.부터 신규체결, 갱신, 연장되는 계약에 한함 | 채무의 조기상환 조건 및 부대비용 없음. (단, 신용조회비용 및 담보권설정비용 있음), 이자 외 별도로 중개수수료를 요구하거나 수취하는 것은 불법입니다. | 대표이사: 박동원 | 사업자등록번호: 274-86-00231 | 등록기관명칭: 서울 영등포구청(담당부서: 일자리경제과, 02-2670-3420) | 소재지 : 서울 영등포구 여의대방로67길 11, 5층 517호 | 개인정보관리자메일: help@danbifund.co.kr무료상담",https://www.hankyung.com/article/202507047517a,2025.07.04 09:43
"콜마홀딩스, ‘부자·남매 갈등’ 경영권 분쟁 이슈로 급부상”",,"최근 콜마홀딩스 경영권을 둘러싼 ‘부자·남매 갈등’이 법정 분쟁으로 번지며 주목받고 있다. 창업주 윤동한 회장은 5월 장남 윤상현 부회장에게 증여한 콜마홀딩스 지분 반환을 요구하며 소송을 제기했고, 서울중앙지법은 이달 초 윤 부회장이 받은 지분의 처분을 금지하는 가처분을 인용했다.이 과정에서 딸 윤여원 콜마BNH 대표와의 ‘남매 갈등’이 촉발됐고, 이는 자회사 이사 선임 문제로 확대되며 재벌 오너 리스크가 부각됐다.이와 같은 내부 갈등에도 불구하고 주가는 외국인·기관 매수세 유입에 따라 최근 크게 상승 흐름을 유지하고 있다. 법정 분쟁 이슈가 단기적으로 모멘텀으로 작용하면서 투자자들은 중장기 지배구조 안정화 여부를 주시하고 있다.전문가들은 “지분 반환 여부와 재판부 추가 결정이 향후 경영권 향방을 좌우할 핵심 변수”라며, “양측의 합의 종착점이 주가 흐름에도 결정적 역할을 할 것”이라고 평가했다.LG전자, 한국가스공사, LG화학, NAVER, 삼륭물산무료상담",https://www.hankyung.com/article/202507047775a,2025.07.04 10:03
합리적 투자 필수! 증권사 신용대출 3%대 전환으로 이자 절감,,"전송종목 : 휴스틸, SGC에너지, 빙그레, 신성통상, 한국공항최근 주식 투자자들 사이에서 주식대출(미수/신용융자 등)의 고금리에 대한 부담이 커지고 있다.특히 저금리를 적용 받고 싶어도, 기존 대출을 상환하고 다시 주식을 매수해야 하는 번거로운 절차와 자금 조달의 어려움이 발목을 잡고 있다.이런 현실적인 문제를 해결하고자, 무빙스탁이 ‘증권사 신용, 대환자금대출’ 서비스를 전격 출시했다.이 상품은 주식을 매도하지 않고도, 기존의 고금리의 주식대출(미수/신용융자 등)의 3%대의 혁신적인 저금리 증권사로 전환할 수 있도록 상환자금을 제공하는 것이 핵심이다.무빙스탁 관계자는 “현재 증권사 이벤트 금리는 연 3%대 수준으로, 기존 9~10%대 고금리를 적용받는 투자자라면 절감 효과가 상당하다”며, 금리를 5%만 낮추면 “1억원 신용대출 기준으로 연간 약 500만원, 3억원이라면 1,500만원까지도 절약할 수 있다”고 밝혔다.더 놀라운 점은, 현재는 이벤트 기간으로 대환자금대출 신청시 발생하는 이자 비용까지 ‘0원’이라는 사실이다. 대환자금에 대해서 하루의 대출이자도 부담하지 않고 기존 고금리 대출을 저금리로 전환할 수 있어, 고금리 부담에 시달리던 투자자들에게 큰 호응을 얻을 전망이다.이 서비스는 부동산 시장에서 흔히 이용되던 대환대출 개념을 증권시장에 도입한 혁신적인 시도로, 주식 투자자들의 자금 운용에 새로운 대안을 제시할 것으로 기대된다.무빙스탁 ‘증권사 신용, 대환자금대출’의 비용 무료 이벤트는 이벤트 기간 동안 한정적으로 제공되는 만큼, 신용융자를 이용 중인 투자자라면 지금 바로 확인해볼 필요가 있다.★ 장마감 시간이 가까워질수록 문의가 많아 상담이 지연될 수 있습니다.★ 7월 문의하신 고객들이 많이 보유하신 종목으로는 삼성전자, POSCO홀딩스, 셀트리온, 포스코퓨처엠, 에코프로비엠, NAVER, 에코프로, 삼성SDI, LG화학, SK하이닉스, 두산에너빌리티, 카카오, SK이노베이션, LG에너지솔루션, 엘앤에프, 삼천당제약, 현대차, 알테오젠, HPSP, LG전자 등이 있습니다.★ 안내사항과도한 빚은 당신에게 큰 불행을 안겨줄 수 있습니다. 대출 시 신용등급 하락으로 다른 금융거래가 제약받을 수 있습니다. 중개수수료를 요구하거나 받는 것은 불법입니다.상호명: ㈜단비대부 2021-서울영등포-2102(대부업) | TEL: 1544-4886 | 대출금리: 연 20%이내(연체금리는 약정금리+3%p이내, 최대 연 20%이내) | 단, 2021. 7. 7.부터 신규체결, 갱신, 연장되는 계약에 한함 | 채무의 조기상환 조건 및 부대비용 없음. (단, 신용조회비용 및 담보권설정비용 있음), 이자 외 별도로 중개수수료를 요구하거나 수취하는 것은 불법입니다. | 대표이사: 박동원 | 사업자등록번호: 274-86-00231 | 등록기관명칭: 서울 영등포구청(담당부서: 일자리경제과, 02-2670-3420) | 소재지 : 서울 영등포구 여의대방로67길 11, 5층 517호 | 개인정보관리자메일: help@danbifund.co.kr무료상담",https://www.hankyung.com/article/202507096264a,2025.07.09 13:28
"""이 정도일 줄은 몰랐어요""…동물병원 갔다가 '화들짝'",,"동불병원에서 피검사를 받고 있는 반려동물. /사진=게티이미지뱅크 

                반려동물을 키우는 A씨는 최근 동물병원을 찾았다가 깜짝 놀랐다. 반려견이 수술을 받아야 하는 중증 질병에 걸린 데다 수백만원의 병원비까지 청구돼서다. A씨는 “동물 병원비는 사람처럼 의료보험이 적용되지 않아 비싸다는 얘기는 들었지만 이 정도일 줄은 몰랐다”고 털어놨다.국내 반려동물 양육 인구가 1500만명을 넘어서면서 펫보험에 대한 관심도 높아지고 있다. 보험사들도 블루오션으로 꼽히는 펫보험 시장을 사로잡기 위한 경쟁에 한창이다. 최근에는 국내 최초로 펫보험을 전문으로 판매하는 소액단기전문보험사가 출범하며 눈길을 끌고 있다. 확 커지는 펫보험 시장KB금융지주 경영연구소가 최근 발간한 ‘2025 한국반려동물 보고서’에 따르면 전체 반려동물 보유 가구의 70.2%는 최근 2년 내 반려동물 치료비를 지출한 경험이 있는 것으로 나타났다. 평균 치료비는 102만7000원으로 집계됐다.비싼 치료비 부담에 펫보험에 대한 가입 수요도 커지고 있다. 보험업계에 따르면 국내 10개 손해보험사(메리츠·한화·롯데·삼성·현대·KB·DB·NH농협·라이나·캐롯)가 보유한 펫보험 계약 건수는 지난해 말 기준 총 16만2111건으로 집계됐다. 전년(10만9088건) 대비 48.6% 급증했다.펫보험은 국내 동물병원에서 발생한 반려동물의 입원비, 통원비, 수술비를 보상하는 상품이다. 하지만 예방접종, 중성화 수술, 미용, 성대 수술, 발치, 스케일링 등으로 인한 비용은 보상 범위에 포함되지 않는다. 펫보험이 보상하는 대상은 질병, 상해로 인한 비용이기 때문이다.별도 특약에 가입할 경우 반려동물이 흔히 겪는 슬개골 탈구부터 자기공명영상(MRI)·컴퓨터단층촬영(CT) 검사, 백내장 수술 등을 보장받을 수 있다. 반려동물 사망 시 장례비나 위로금도 받는다. 그동안 회사마다 펫보험 상품 구조는 제각각이었다. 올해 금융당국이 표준화 작업에 나서며 지난 5월부터 판매된 모든 신규 상품의 갱신 주기는 1년으로 단축됐다. 반려동물의 치료 이력이 있으면 이듬해 보험료가 크게 인상되거나 가입이 거절될 가능성이 있다는 뜻이다. 최소 자기 부담금은 3만원으로 정해졌다. 펫보험 전문회사도 등장보험료는 반려동물의 종, 나이, 건강 상태에 따라 달라진다. 통상 월 2~5만원 수준이다. 적지 않은 보험료 때문에 상품 가입을 망설이는 이들이 많았다.최근에는 보장 항목을 간소화하는 대신 보험료를 확 낮춘 상품이 잇따라 출시됐다. 지난 15일 출범한 국내 첫 반려동물 전문 보험사인 마이브라운이 선보인 상품이 대표적이다. 기본적인 보장을 제공하는 ‘옐로우 플랜’ 보험료는 말티즈 2세 기준 월 1만9863원, 먼치킨 2세 기준 월 1만8454원이다. 마이브라운 관계자는 “동일 연령의 견·묘종 기준 타 보험사 대비 보험료가 약 20~30% 저렴하다”고 말했다. 마이브라운은 삼성생명과 삼성화재가 지분투자를 한 소액단기전문보험사다.실시간 보험금 지급 시스템 '라이브청구'를 도입해 고객 편의도 높였다. 마이브라운과 연계된 파트너 병원에서 진료 시 앱 내 QR코드로 접수하면 보험금 심사·지급이 즉시 진행된다. 네이버페이, 카카오페이 등이 운영하는 펫보험 비교·추천 서비스도 눈여겨볼 만하다. 각 앱에서 반려동물의 종과 나이 등 정보를 입력하면 가장 적합한 상품을 자동으로 찾아준다.서형교 기자",https://www.hankyung.com/article/2025071878737,2025.07.19 17:36
"민생회복 소비쿠폰, 내수 살리기 신호탄 되나",,"영상 모듈 닫기




<앵커>전 국민을 대상으로 하는 민생회복 소비쿠폰이 다음 주 시작됩니다.13조 원이 넘는 예산이 들어가는데요, 정부의 바람대로 소비 심리가 살아나 내수 경기 회복의 신호탄이 될 것인지 관심을 모으고 있습니다.세종 스튜디오 연결합니다.이해곤 기자 민생회복 소비쿠폰, 어떻게 신청하고 받을 수 있죠.<기자>네, 민생회복 소비쿠폰 신청은 다음 주부터 시작합니다.15만 원에서 최대 55만 원까지 받을 수 있는데요,소득 상위 10%는 15만 원, 그 외 일반 국민에게는 1차 15만 원, 2차 10만 원, 총 25만 원이 지급됩니다.한부모, 차상위 가족은 총 40만 원, 기초수급자는 50만 원까지 받습니다.여기에 비수도권, 농어촌 인구감소지역에 있다면 각각 3만 원, 5만 원이 추가됩니다.소비쿠폰은 총 2회에 걸쳐 신청하고 지급합니다. 1차 신청은 다음 주 월요일, 21일부터, 2차 신청은 9월 22일에 시작합니다.신청은 온라인, 오프라인으로 모두 할 수 있는데요,각 카드사 앱이나 홈페이지, 그리고 토스, 카카오페이, 네이버페이 등 간편결제 앱을 사용하면 됩니다. 지역사랑 상품권으로도 받을 수 있습니다.오프라인에서는 카드 연계 은행 영업점, 읍면동 주민센터에서 신청을 받습니다,신청이 몰릴 것으로 예상되는 다음주에는 출생연도 끝자리 기준 '요일제'를 적용합니다.끝자리가 1, 6이면 월요일, 2, 7은 화요일, 3, 8은 수요일, 4, 9는 목요일, 5, 0은 금요일에 신청할 수 있습니다. 26일부터는 이 요일제가 없어집니다.본인 명의로만 신청할 수 있고, 2007년 1월 1일 이후 출생인 미성년자는 주민등록상 세대주 명의로 신청하면 됩니다.<앵커>이 쿠폰을 받으면 어떻게, 어디서 사용할 수 있는 지도 궁금한데요.<기자>아마 카드나 간편결제, 선불카드 등으로 소비쿠폰을 받는 경우가 많을 것으로 예상되는데요,일단 발급받은 지역 내에서만 사용할 수 있습니다.지역 내 연매출액 30억 원 이하인 소상공인 업종, 그리고 편의점에서도 쓸 수 있습니다.하지만 대형마트와 백화점, 면세점에서는 사용할 수 없습니다.사용가능한 가게에는 쿠폰 사용처 스티커가 붙는데요, 지역사랑상품권으로 받으면 기존 상품권 가맹점에서 사용하면 됩니다.소비쿠폰으로 농축수산물 소비가 늘어날 것이라는 전망도 나왔습니다.한국농촌경제연구원의 최근 조사에 따르면 소비쿠폰으로 농축수산물을 구매하겠다는 소비자가 34%로 가장 많았고, 생필품 구매 30%, 외식 26% 순으로 나타났습니다.또 편의점에서 이 소비쿠폰을 쓸 수 있어 편의점 업계가 대대적인 할인 행사를 준비하면서 분위기 조성에도 나서는 모습입니다.<앵커>어쨌든 시중에 많은 돈이 풀린다는 건데, 정부는 경기 회복에도 영향이 있을 것으로 보고 있죠.<기자>기획재정부는 오늘 최근 경제동향 7월호를 발표했는데요, 경기 하방 압력이 여전하다고 진단했습니다.소비와 건설투자 등 내수 회복이 지연되고 있고, 미국 관세 부과에 따른 수출 둔화도 우려되는 상황인데요,5월 기준 전산업 생산은 전월 대비 1.1% 감소하면서 위축됐고, 내수 지표인 소매판매도 전년에 비해 0.2% 감소하면서 부진한 모습을 보였습니다.다만 소비자심리지수는 6월 108.7을 기록해 전월보다 6.9포인트 오르면서 소비자들의 경제 상황 기대가 낙관적이라는 분석도 나왔는데요,OECD가 소비 심리를 조사한 소비자 바로미터에서도 우리나라는 0.81을 기록하면서 조사대상 33개국 중 가장 높은 수치를 보이기도 했습니다.여기에 이 소비쿠폰으로 소비 심리가 살아날 것으로 정부는 기대하고 있습니다.31조8000억 원의 추가경정예산도 최대한 빨리 집행하면 내수 활성화에 속도가 날 것이라는 전망도 나옵니다.지금까지 세종스튜디오에서 한국경제TV 이해곤 입니다.이해곤기자 pinvol1973@wowtv.co.kr",https://www.hankyung.com/article/2025071873265,2025.07.18 14:54
"[속보] 국회 산자위, 한성숙 중기부 장관 후보자 청문보고서 채택","8일 만에 청문보고서, 이견 없이 채택","한성숙 중소벤처기업부 장관 후보자 / 사진=뉴스1

                국회 산업통상자원중소벤처기업위원회가 23일 전체회의를 열어 한성숙 중소벤처기업부 장관 후보자에 대한 인사청문경과보고서를 채택했다.여야는 지난 15일 인사청문회가 개최된지 8일 만에 이견 없이 청문 보고서를 채택한 것으로 전해졌다. 한 후보자는 2017년부터 2022년까지 4년간 네이버 대표이사로 근무한 기업인 출신 인사다.김대영 한경닷컴 기자 kdy@hankyung.com",https://www.hankyung.com/article/2025072363287,2025.07.23 10:12
"프리즘(PRIZM), 청룡 생중계에 전세계 시청자 325만명 몰려",,"사진=프리즘

                글로벌 리테일 미디어 플랫폼 프리즘(PRIZM)의 운영사 RXC(대표 유한익)가 지난 18일 진행된 제4회 청룡시리즈어워즈(Blue Dragon Series Awards) 시상식의 단독 글로벌 라이브 중계에서 누적 시청자 325만명을 기록했다고 22일 밝혔다.올해로 4주년을 맞은 청룡시리즈어워즈는 국내 최초의 스트리밍 콘텐츠 전문 시상식이다. 넷플릭스·디즈니+·웨이브·티빙·쿠팡플레이 등 주요 플랫폼에서 공개된 드라마와 예능 가운데 대중성과 작품성 등을 인정받은 콘텐츠를 선정해 수상한다. 스트리밍 시대의 흐름을 반영한 대표적 K-콘텐츠 시상식으로 자리매김하고 있다.이번 시상식에서는 치열한 경쟁 끝에 드라마 부문과 예능 부문에서 각각 최우수작품상·남녀주연상·남녀조연상·남녀 신인상·OST 인기상·인기스타상·대상 등 총 15개 부문에서 수상의 주인공이 가려졌다. 영예의 주인공은 드라마 부문 대상과 최우수작품상에 넷플릭스 시리즈 ‘폭싹 속았수다’와 ‘중증외상센터’가 각각 수상했으며, 예능부문 최우수작품상에는 넷플릭스 예능 ‘흑백요리사:요리 계급 전쟁’이 수상했다.이번 청룡시리즈어워즈는 국내 최대 가상자산 거래소인 ‘업비트’의 인기스타상과 LG유플러스 선한영향력상 등 특별상이 신설돼 이목을 끌었다. 업비트 인기스타상은 올한해 드라마 ‘폭싹 속았수다’로 돌풍을 일으켰던 배우 박보검과 가수 아이유를 포함해 이준혁·이혜리 등 총 4명이 수상의 영예를 안았다. LG유플러스 선한영향력상은 예능 ‘대환장 기안장’에서 활약을 펼친 지예은이 수상의 주인공이 됐다. 해당 수상 장면은 KBS와 네이버 등을 통해 국내 생중계됐을 뿐만 아니라, 프리즘을 통해 전세계로 생중계되어 325만명의 글로벌 K-콘텐츠 팬덤이 시청하기도 했다.프리즘은 이번 시상식의 공식 디지털 중계 파트너로서 국내뿐만 아니라 글로벌 시청자 대상으로 디지털 중계를 진행했다. 특히 글로벌 시청자들을 위해서 실시간으로 총 6개 국어 AI 동시 번역 기술을 적용해 시청 국가에 맞는 언어로 자막을 제공하는 등 국내외 K-콘텐츠 팬들의 참여를 확대했다. 또한 시청자들끼리 주고받는 채팅을 각 시청자의 국적에 맞는 언어로 자동 번역해 주는 기능을 통해 325만명의 글로벌 팬들 간의 적극적인 소통을 이끌어내기도 했다.유한익 프리즘 대표는 ""프리즘이 가진 차별화된 미디어 역량을 통해 이번 청룡시리즈어워즈 시상식을 최초로 글로벌 디지털 중계를 진행해 시·공간적 제약 없이 글로벌 K콘텐츠 팬덤 모두가 편히 즐길 수 있게 제공했다는 점이 의미가 깊다""며 ""앞으로도 프리즘만의 강점을 기반으로 화제성 있는 K컬처 미디어 이벤트를 더 많은 팬분들께 제공하는 글로벌 리테일 미디어 플랫폼으로 거듭날 것""이라고 했다.한편, 프리즘은 리테일 미디어 플랫폼으로서의 영향력을 확장하며 K-콘텐츠 분야로 입지를 강화하고 있다. 지난 5월 진행된 제61회 백상예술대상 시상식에서는 누적 글로벌 시청자 수 380만명을 기록했다. 프리즘 앱에서 진행된 인기상 투표는 총 2220만표를 넘겼다. 올해 초 개최된 골든디스크어워즈에서는 누적 글로벌 시청자 수 500만명을 달성하면서 콘텐츠 행사 분야에서 차별화된 미디어 역량을 입증하고 있다. 타 플랫폼 대비 3배 이상 높은 화질과 음질을 구현하면서도 낮은 앱 충돌률을 보여주고 있어 대규모 글로벌 라이브 송출에 적합하다는 평가도 있다.홍민성 한경닷컴 기자 mshong@hankyung.com",https://www.hankyung.com/article/2025072235337,2025.07.22 09:34
"스맥, 최대주주 변경·540억 유증 추진…해외 수주 기대감에 주가 상승",,"스맥은 지난 6월 25일 최대주주가 최영섭 대표에서 SNT홀딩스 외 1인으로 변경되었다고 공시했으며. 4월에는 유상증자 540억 원 규모를 결정했다. 이는 현대위아 공작기계 사업부 인수를 위한 전략적 조치로, 글로벌 공작기계 시장 진출과 기술력 확충에 대한 강한 의지를 반영한 것으로 해석된다.이같은 지배구조 안정과 자금 확보 소식이 동시에 전해지자 주가는 해외 장비 수주 기대와 맞물려 힘있는 흐름을 보이고 있다. 특히, 지난해 미국 법인 설립 후 북미향 장비 공급 계약이 본격화된 것 역시 주가에 긍정적으로 작용할 전망이다. 스맥 아메리카가 설립 6개월 만에 250억원 이상 수주실적을 올렸다는 사실은 해당 모멘텀을 뒷받침하는 중요한 근거다.투자자 관점에서는 다음과 같은 요인들이 주가 강세 기대를 강화하고 있다:• 지배구조 안정: 기존 최대주주에서 신뢰도 높은 SNT홀딩스로의 전환은 경영 안정성 제고로 평가된다.• 유상증자 통한 사업 확대: 540억 원 유증은 글로벌 진출 및 현대위아 인수 등 사업 구도 재편을 위한 실질적 재원 확보수단으로 해석된다.• 해외 수주 실적 기반: 북미 수주 확대 및 법인 수익 안정화는 외형 성장과 밸류에이션 재평가의 토대가 되고 있다.증권업계 관계자는 “지배구조 변화와 증자, 해외 수주 흐름이 동시에 나타나며 단기 수급뿐만 아니라 중장기 성장 기대감도 동반되고 있다”며, “단기 차익 실현보다는 해외 사업 성과와 증자 자금 사용처의 구체성이 주가 방향성의 핵심 변수가 될 것”이라고 진단했다.다만, 유증으로 인한 주식수 증가와 신주 희석 효과, 인수 실현 시점, 그리고 해외 법인 수익 안정성 여부는 단기 리스크 요인으로 꼽힌다. 따라서 투자자들은 관련 공시 이후 수주 잔고, 증자 착수 여부, 법인 실적 발표 등을 면밀히 모니터링할 필요가 있다.다날, NAVER, 현대로템, 카카오페이, 뉴엔AI무료상담",https://www.hankyung.com/article/202507071771a,2025.07.07 10:53
DSR 때문에 고민하던 투자자들은 주목! 업계 최초 DSR 무관 스탁론!,,"DSR 한도가 ‘스탁론’에도 적용된 후 투자자들의 고민이 날로 깊어지고 있다. 기존 대출이 많거나 소득 증빙이 어려울 경우 예전처럼 손쉽게 스탁론을 활용하기가 어려워졌기 때문이다. 예전보다 높아진 금리로 스탁론 이용을 부담스럽게 만들고 있다.이런 상황에서 올뉴스탁론이 구원투수로 나섰다. DSR 무관 누구나 이용 가능한 스탁론 상품은 물론 연 4%대 업계 최저금리로 이용 가능한 상품을 함께 선보이며 투자자들의 선택지를 넓힌 것이다.




 

◆ 올뉴스탁론, DSR 무관 상품에 연 4%대 최저금리 상품으로 다양한 선택지를!올뉴스탁론에서 투자자들 누구나 부담 없이 스탁론을 경험할 수 있도록 연 4%대 업계 최저금리로 이용 가능한 증권 연계신용 상품을 출시했다. 주식매입은 물론 증권사 미수/신용 대환 모두 가능하며 신용등급 차등 없이 자기 자본 포함 최대 4배까지 활용할 수 있다.이와 함께 DSR 한도 때문에 기존 스탁론 활용이 어려웠던 투자자들을 위한 DSR 무관 상품도 취급 중이다. 또한 장중 거래가 어려웠던 투자자를 위한 대체거래소(NXT) 거래도 가능해졌다.올뉴스탁론에 대해 자세히 알고 싶은 투자자는 고객상담센터(☎1599-8666)로 연락하면 대출 여부와 무관하게 언제든 전문상담원과 편리하게 상담할 수 있다.○ 보유하고 있는 대출액이나 소득 무관하게! (DSR 무관)○ 최대 4배 주식자금 활용 가능! (본인 자금 포함)○ 대체거래소(NXT) 거래 가능!○ 증권 신용/미수 당일 즉시 대환 가능!○ 기존 증권사 신용, 스탁론으로 매수가 어려웠던 종목도 OK!※ 올뉴스탁론 고객상담센터 : 1599-8666바로가기 : https://allnewstockloan.co.kr?agency=HTS◆ 현 시각 관심종목 Top 10 : 한미반도체, NAVER, 현대로템, 에코프로, 서울보증보험, 피아이이, 피코그램, 프롬바이오, 비케이홀딩스, 부국증권무료상담",https://www.hankyung.com/article/202507187082a,2025.07.21 10:25
"""너무 야해, 근데 아름다워""...몰락한 男 승부수에 '발칵' [성수영의 그때 그 사람들]","""그가 뭘 했냐고? 고개를 들어 로마를 보라""
로마를 만든 '천재 공간 디자이너'
잔 로렌초 베르니니(Bernini)·下","'저주받은 영혼'(1619). 베르니니가 21세 때 만든 조각상이다. /로마 스페인 궁전

                “건물이 무너진다!”사람들은 비명을 지르며 건물을 가리켰습니다. 간밤에 건물 외벽을 따라 생겨난, 뱀처럼 기어가는 듯한 끔찍한 균열. 그것도 보통 건물에 벌어진 일이 아니었습니다. 가톨릭 세계의 심장, 성 베드로 대성당에 금이 가기 시작한 겁니다.만약 무너진다면 그야말로 대참사. “이게 어떻게 된 일이래?” 수군거림은 곧 확신에 찬 외침으로 바뀌었습니다. “건축도 모르는 그놈이 대성당을 무너트린다!” 그 비난의 대상은 공사 책임자, 잔 로렌초 베르니니(1598~1680)였습니다.그렇지 않아도 그에 대한 민심은 극도로 나빴습니다. 베르니니가 유부녀와 불륜을 벌이고, 그 불륜 상대와 자기 동생의 간통을 목격하자 동생을 쇠 지렛대로 때려죽이려 했던 ‘막장 드라마’가 바로 얼마 전 일이었으니까요.“천재 예술가는 사생활이 더러워도 봐줘야 한다”는 황당한 이유로 용서를 받았었지만, 이번만큼은 그냥 넘어갈 수 없었습니다. 본업인 예술과 건축에서마저 돌이킬 수 없는 실책을 저질렀기 때문입니다.교황은 단호한 명령을 내렸습니다. “탑을 당장 철거하라. 관련 비용은 베르니니가 지불하라.” 예술가로서 가장 빛나야 할 40대의 나이에, 베르니니는 사실상 사회적으로 매장당했습니다. 재기는 불가능해 보였습니다.
                    



베르니니의 자화상(1623). 그냥 읽으셔도 좋고, 지난주 베르니니 上편을 함께 읽으시면 더 재미있습니다./보르게세미술관

                하지만 베르니니는 이 절체절명의 위기에서 기어이 부활합니다. 역사상 가장 성스러우면서도 외설적인 걸작 하나를 만들어낸 덕분이었습니다.조각의 천재였던 그는 왜 건축에 손을 댔다가 한순간에 무너졌던 걸까요. 그리고 그를 구원한 문제의 걸작은 어떤 모습이었을까요. 지금 이탈리아 로마의 모습을 만든 천재 예술가, 베르니니의 이야기를 이어 갑니다. “너, 건축 배워라”10대 때부터 천재적인 조각 실력으로 로마를 뒤흔들었던 베르니니. 1623년, 새로 즉위한 교황 우르바누스 8세는 스물네 살의 베르니니를 부른 뒤 이렇게 말했습니다. “교황과 만날 수 있다는 건 그대의 영광이다. 하지만 내가 그대를 만날 수 있다는 건 그보다 더 큰 행운이다.” 그리고는 명령했습니다. “이제부터 건축을 공부하라. 그대의 건축 실력을 조각 실력만큼 키워라.” 한 마디로, ‘앞으로 너에게 건축을 맡길 테니 열심히 공부해 두라’는 말이었습니다.교황처럼 높디높은 지위에 있는 인물이 왜 한낱 젊은 예술가의 진로를 몸소 정해준 걸까요. 교황에게는 원대한 꿈이 있었기 때문입니다. 당시 유럽을 휩쓴 종교개혁의 바람 앞에 가톨릭의 권위는 흔들리고 있었습니다. 여기에 맞서 교황은 가톨릭의 심장인 성 베드로 대성당을 인류 역사상 가장 위대한 건축물로 만들려 했습니다. ‘개신교 신자들도 성당을 보면 너무 감격해서 가톨릭의 품으로 돌아오게 할 수 있을 정도로 멋진 성당을 만들자.’물론 이런 ‘인생을 바꾸는 예술 작품’은 돈만 쓴다고 만들 수 있는 게 아니었습니다. 하지만 미켈란젤로에 버금가는 젊은 천재 베르니니라면 그 어려운 일도 해낼 수 있다는 게 교황의 판단이었습니다.
                    



아이네이아스, 안키세스, 아스카니우스(1618~1619). 겨우 스무살 무렵 베르니니가 만든 작품이다. 영웅 아이네이아스가 불타는 트로이 에서 가족을 이끌고 나오는 장면을 묘사하고 있다. /보르게세미술관

                요즘이야 건축과 조각이 완전히 다른 분야지만 당시만 해도 둘의 경계는 희미했습니다. 교황은 베르니니에게 주물 공장 감독관, 수자원 관리 감독관 같은 직책을 맡기며 그를 엘리트 건축가이자 감독관으로 키워내기 시작합니다.그렇게 ‘교황의 남자’가 된 베르니니에게 첫 번째 임무가 주어졌습니다. 성당 중심의 심장부, 베드로의 유해가 잠든 그 자리 위, 교황이 미사를 집전하는 바로 그곳을 장식할 거대한 청동 조형물(발다키노)를 만드는 것이었지요.1624년 6월 교황청은 공개 공모전을 열었습니다. “성 베드로의 유해 위에 발다키노를 만들고 싶은 자는 15일 내로 설계안을 가져오라.”하지만 이렇게 중요한 프로젝트의 공모 기간이 고작 보름이라니. 짧아도 너무 짧았습니다. 눈치채셨겠지만, 이 공모전은 이미 내정자를 정해 놓은 ‘무늬만 공모전’이었습니다.
                    



발다키노의 모습. 높이 28미터에 무게가 70톤에 육박하는 거대한 조형물로, 여러 아름다운 문양이 새겨져 있다. 교황은 발다키노에 사용될 청동을 확보하기 위해 판테온의 청동 장식까지 녹였다.





발다키노의 모습. 거대한 성 베드로 대성당에서 발다키노는 시선을 집중시키는 중심부 역할을 수행한다.

                당연하게도 당선자는 베르니니였습니다. 교황의 귀띔을 받은 덕에 일찌감치 멋진 설계를 준비할 수 있었으니까요. 초짜 건축가 베르니니는 곧바로 공사에 착수해 발다키노를 멋들어지게 만들어냅니다.어쨌거나 결과가 너무 좋았습니다. ‘낙하산’인 그에게 눈총을 보내던 로마 시민들도 그의 실력을 인정할 수밖에 없었습니다. 하지만 이 모든 과정을 차가운 증오의 시선으로 지켜보는 남자가 있었습니다. 베르니니의 가장 큰 라이벌이자 또 다른 천재 건축가, 프란체스코 보로미니(1599~1667)였습니다. “건축 모르는 놈”…베르니니의 굴욕잠깐 성 베드로 대성당에 대해 간단하게 설명하고 넘어가겠습니다. 성 베드로 대성당은 로마가 기독교를 공인한 4세기에 처음 세워졌습니다. 성당의 재건축 프로젝트가 시작된 건 1506년. 미켈란젤로와 라파엘로를 비롯한 많은 천재 예술가들이 여기에 손을 보탰고, 프로젝트 책임자는 시간이 흐르며 계속 바뀌었습니다. 베르니니가 교황의 명령으로 건축을 배우기 시작했을 때는 공사가 120년 가까이 진행된 상태. 당시 재건축 프로젝트의 책임자는 마데르노라는 건축가였습니다. 그를 조수이자 제자로서 오랫동안 보좌해온 사람이 바로 보로미니였습니다.
                    



보로미니가 설계한 '마법의 복도'. 수학적 기법을 동원해 설계한 결과물이다.

                예술가로 출발한 베르니니와 달리 보로미니는 석공 출신이었습니다. 그는 건축적·구조적 지식과 경험이 많았고, 공학적인 기술도 잘 알고 있었습니다. 말하자면 그는 베르니니보다 요즘 건축가에 더 가까운 인물이었지요. 그는 경험과 천재성을 겸비하고 있었습니다.보로미니의 재능을 보여주는 대표적인 작품이 스파다 궁전의 ‘마법의 복도’. 여러 연구에 따르면 이 복도는 사람이 직접 봤을 때 37m 정도의 길이로 느껴진다고 합니다. 하지만 실제 이 복도의 길이는 겨우 8m에 불과합니다. 이런 마법은 보로미니가 끝에 배치한 조각상의 크기(실제 60cm 가량), 기둥의 위치와 높이 등을 절묘하게 배치해 눈속임 효과를 만들어낸 덕분에 가능했습니다.하지만 보로미니에게는 건축가로서 치명적인 단점이 있었습니다. 성격이 괴팍하고 사회성이 부족하다는 것이었습니다. 건축가는 프로젝트를 따내기 위해 반드시 건축주의 마음에 들어야 합니다. 안타깝게도 그는 교황을 비롯한 유력 인사들에게 인기가 별로 없었습니다. 그러거나 말거나 눈치 없는 보로미니는 굳게 믿고 있었습니다. ‘스승님이 돌아가시면 내가 재건축 프로젝트의 책임자를 이어받겠지.’그리고 운명의 순간이 찾아왔습니다. 스승님이 1629년 세상을 떠난 겁니다. 보로미니의 예상과는 달리, 그리고 다른 모든 로마 시민들의 예상대로, 대성당 재건 프로젝트의 새로운 총책임자는 교황의 총애를 받는 베르니니였습니다.보로미니의 자존심은 형편없이 구겨졌습니다. ‘저 건축도 모르는 비전공자 놈이 총책임자라니….’ 큰 충격을 받은 보로미니는 얼마간 베르니니 밑에서 일하다가, 프로젝트에서 스스로 손을 떼게 됩니다.
                    



종탑이 계획대로 완공되었더라면 성 베드로 대성당의 앞모습은 이랬을 것이다. 베르니니가 짓던 종탑이 철거된 이후, 성 베드로 대성당에는  큰 종탑이 들어서지 못했다.

                그리고 8년 뒤. 보로미니에게 마침내 복수의 기회가 옵니다. 교황의 명으로 두 개의 종탑을 건물 위에 얹는 프로젝트를 진행하던 베르니니. 하지만 첫 번째 종탑을 올린 순간, 대성당 외벽에 금이 가기 시작합니다. 성당 밑의 연약한 땅이 무거운 종탑을 받치지 못하고 가라앉은 게 원인이었습니다. 전문가들은 ‘전임자(마데르노)가 기반을 잘못 다졌다’는 쪽과 ‘베르니니의 설계가 잘못됐다’는 쪽으로 나뉘어 논쟁을 벌였습니다.베르니니를 가장 강력하게 비판한 전문가는 보로미니였습니다. 그는 이렇게 말했습니다. “신중한 건축가들은 먼저 지반부터 살핍니다. 무턱대고 건물부터 올리다니, 말도 안 돼요.” 한마디로, 건축공학적 지식도 없는 베르니니가 억지로 공사를 진행하다 일을 망쳤다는 얘기였지요.사실 후대의 연구에 따르면 이 사건의 책임은 전임자인 마데르노에게 있습니다. 베르니니는 그저 운이 나빴을 뿐이었고요. 하지만 보로미니는 재건축 프로젝트에도 참여했던 실력 있는 건축가. 그런 보로미니가 “베르니니 잘못”이라고 강력하게 주장하자 여론은 베르니니에게 책임을 묻는 쪽으로 기울기 시작합니다.여기에 여러 악재가 겹칩니다. 일단 베르니니의 ‘불륜 스캔들’이 터지면서 그의 평판이 땅에 떨어집니다. 여기에 더해 베르니니에게 건축을 공부하라고 명령했던 든든한 후원자 우르바누스 8세까지 세상을 떠납니다. 새로 즉위한 교황 인노첸시오 10세는 베르니니를 탐탁지 않게 여기는 인물. 교황은 명령했습니다. “종탑을 철거하라. 그리고 관련 비용은 베르니니가 물어내도록 하라.” 




현재 성 베드로 대성당의 정면 모습.

 천재, 다시 일어서다로마 시민들은 입을 모아 말했습니다. “베르니니는 이제 끝났어.” 재기는 불가능해 보였습니다. 가장 큰 ‘고객’인 교황에게 완전히 찍히고 말았으니까요.하지만 베르니니는 자신의 출발점인 조각으로 돌아가 그곳에서 부활합니다. 한 추기경의 의뢰를 받아 작은 예배당을 만들기 시작한 게 계기였습니다. 그곳의 이름은 산타 마리아 델라 비토리아 성당의 코르나로 예배당. 이곳에서 베르니니를 대표하는 걸작 중 하나가 탄생합니다. ‘성녀 테레사의 환희’입니다.성녀 테레사는 16세기 스페인의 수녀이자 대(大)신학자입니다. 그녀는 젊은 시절 천사에게 창으로 심장을 찔리는 신비로운 체험을 했다고 합니다. 이때 테레사는 엄청난 고통과 대단한 종교적 황홀감을 동시에 느꼈습니다. 베르니니는 바로 그 격렬한 환희를 느끼는 순간을 숨김없이 노골적으로 표현했습니다. 다른 대부분의 예술가들이 ‘외설 논란’을 우려해 그 장면을 엄숙한 분위기로 묘사한 것과 대조적입니다. 이는 논란을 감수하는 일종의 승부수이자, 주변의 시선을 신경 쓰지 않고 자신의 예술을 추구하는 지극히 베르니니다운 행동이었습니다.
                    



동시대 화가 제라드 세게르스가 그린 '성녀 테레사의 환희'.





'성녀 테레사의 환희' 전체.





성녀 테레사의 황홀경 세부. 

                작품에서 가장 두드러지는 건 황홀감에 빠진 테레사의 얼굴. 그리고 공중에 떠 있는 것처럼 보이는 테레사의 모습입니다. 테레사가 생전 공중 부양 현상을 여러 번 겪었다는 기록을 반영한 것입니다. 베르니니는 펄럭이는 옷자락을 멋지게 표현해냈고, 여기에 더해 조각의 모든 면이 부드러운 하나의 덩어리로 이어지도록 다듬었습니다. 그 후 건축가이자 ‘공간 디자이너’로서 천재성을 더했지요. 예배당 천장에서 비추는 자연광과 금빛 브론즈로 제작된 뒤쪽 구조물이 반사하는 후광. 그 덕분에 조각이 무거운 돌덩어리라는 사실은 잊히고, 대신 ‘영적인 에너지와 공중으로 떠오르는 움직임’이 강렬하게 느껴집니다.작품이 발표되자 베르니니에 대한 로마 시민들의 여론은 반전됐습니다. “그 조각 봤어? 역시 베르니니는 천재야.” “베르니니가 아니면 누가 그런 작품을 만들 수 있겠어.” 극찬이 쏟아졌습니다. 물론 일각에서는 “조각이 너무 외설적”이라고 비판하는 사람도 있었습니다. 하지만 그런 트집을 잡기에 조각은 너무 아름답고, 또 성스러웠습니다. 육중한 돌덩이가 중력을 무시하고 떠 있는 듯한 모습. 이는 종교적인 기적을 두 눈으로 체험하는 수단이자, 바로크 조각이 갖고 있는 극적인 아름다움의 정점이었습니다.‘피우미 분수’를 제작한 건 그의 부활을 확정지은 사건이었습니다. 이 분수는 지금도 로마 관광 필수 코스로 꼽히는 나보나 광장의 중심에 위치해 있습니다. 놀랍게도 이 분수 제작을 의뢰한 건 교황입니다.
                    



피우미 분수.

                원래 교황은 베르니니에게 분수 제작을 맡길 생각이 전혀 없었습니다. 유명 예술가들에게 “설계도를 내 보라”는 연락을 돌리면서도 베르니니는 쏙 빼놓았으니까요. 가장 유력한 후보는 보로미니였습니다. 하지만 베르니니는 영리한 술수를 씁니다. 자신이 제작할 피우미 분수 모양을 작게 모형으로 만든 뒤, 친한 귀족에게 부탁해 교황의 식탁 위에 올려놓게 한 것이었습니다. 이는 자칫 교황의 심기를 더욱 불편하게 할 수 있는, 위험한 도박이기도 했습니다.효과는 기대 이상이었습니다. 교황은 모형을 본 순간 30분 가까이 그 모형을 여기저기 관찰하며 그 아름다움을 칭찬했다고 합니다. 그리고 마침내 이렇게 말했습니다. “이건 베르니니의 작품이다. 이런 설계는 베르니니 말고는 아무도 할 수 없다. 모형을 안 봤으면 몰라도, 일단 봐버렸기 때문에 베르니니에게 맡길 수밖에 없다.” 그 결과물이 지금의 피우미 분수입니다. 분수에는 유럽, 아시아, 아프리카, 아메리카를 상징하는 인물 조각들이 각각 배치돼 있습니다. 이는 전 세계에 미치는 교황의 영향력을 상징합니다. 이 사건을 계기로 교황청과 베르니니의 관계는 다시 회복됩니다. 물론 ‘꼼수’에 밀려 일감을 빼앗긴 보로미니는 억울하고 분해서 미칠 지경이었습니다. 결국 이 사건 이후 보로미니는 베르니니에게 계속 밀리게 되고, 훗날 스스로 목숨을 끊게 됩니다.
                    



갠지스강의 신 부분.





다뉴브강의 신 부분.

 성 베드로 성당의 처음과 끝이 무렵, 유럽에서는 역사의 흐름을 뒤바꾼 거대한 사건이 벌어집니다. 30년간 유럽을 피로 물들였던 가톨릭과 개신교의 종교 전쟁이 ‘베스트팔렌 조약’(1648년)으로 막을 내린 것. 문제는 이 조약이 종교의 자유를 인정했다는 것이었습니다. 이는 가톨릭이 더 이상 ‘세상의 유일한 정답’이 아니라는 선고와도 같았습니다. 교황청의 권위는 추락했고, 가톨릭이 독점하던 막대한 종교적 수입도 개신교라는 경쟁자와 나눠야 했습니다.이런 위기 속에서 1655년, 새 교황 알렉산데르 7세가 즉위합니다. 그가 꺼내 든 카드는 ‘예술을 통한 권위의 회복’. 이전에도 비슷한 목표를 추구한 교황들이 있었지만, 이번에는 정말 ‘제대로’ 해서 로마를 하나의 거대한 예술 작품으로 바꿔놓겠다는 게 교황의 꿈이었습니다. 그렇게 교황은 베르니니와 ‘드림팀’을 이뤄, 쇠락해가는 로마의 영광을 예술의 ‘장엄함(magnificenza)’으로 되살리려는 마지막 몸부림을 시작합니다.교황의 시선이 가장 먼저 향한 곳은 성 베드로 대성당의 얼굴, 바로 앞 광장이었습니다. 당시만 해도 대성당 앞은 미로처럼 뒤엉킨 골목길과 허름한 집들로 가득 찬 무질서한 공간이었습니다. 교황은 이 모든 것을 쓸어버리고 세상에서 가장 경이로운 광장을 만들기로 합니다. 여기에 들어가는 예산은 어마어마한 수준이었습니다. 당시 교황청 1년 예산의 절반을 모두 투입해야 했으니까요. 당연히 반대는 극심했습니다. 하지만 교황은 “일자리가 창출되고 돈이 돌면서 경제가 활성화될 것”이라며 계획을 밀어붙였습니다.
                    



성당 꼭대기에서 바라본 성 베드로 광장.





성 베드로 광장과 성당.

                무질서했던 공간은 베르니니의 손에서 광활하고 장엄한 ‘성 베드로 광장’으로 재탄생했습니다. 베르니니는 이 광장을 ‘어머니의 팔’로 설계했습니다. 284개의 거대한 기둥이 타원형으로 늘어서, 마치 어머니가 두 팔을 벌려 광장에 모인 모든 이를 따뜻하게 안아주는 듯한 모습. 이는 신자들을 축복하고, 갈라선 이들을 화합시키며, 믿지 않는 이들을 돌려세우는 가톨릭 교회의 포용력과 권위를 완벽하게 구현한 예술 작품이었습니다.광장이 외부를 향해 뻗은 가톨릭의 팔이었다면 ‘카테드라 페트리’(베드로의 의자)는 성당 가장 깊은 곳에서 빛나는 심장이었습니다. 초대 교황이었던 사도 성 베드로가 사용했다고 전해지는, 교황의 권위를 상징하는 나무 의자. 베르니니는 이 의자를 둘러싸는 거대한 청동 장식을 만들었습니다. 제단 위에 이 성스러운 의자와 장식은 마치 공중에 떠 있는 것처럼 보이고, 그 뒤 창문에서는 천상의 빛이 쏟아져 들어와 금빛 광선과 구름 조각 사이로 퍼져나갑니다. 입구인 광장(처음)부터 가장 깊은 곳(끝)까지, 성 베드로 대성당이라는 거대한 공간은 이렇게 베르니니라는 천재의 손에서 마침내 완성됐습니다.




카테드라 페트리.

 베르니니의 기념비를 찾으시나요성 베드로 광장을 통해 로마의 영광을 재현한 베르니니의 명성은 이제 이탈리아를 넘어 유럽 전역으로 퍼져나갔습니다. 마침내 당대 최고의 권력자, 프랑스의 태양왕 루이 14세마저 그를 원하게 됩니다. 베르니니가 67세가 되던 1665년, 프랑스 왕 루이 14세가 직접 베르니니를 궁정에 초대한 이유입니다.원래 교황청은 베르니니의 출국을 막으려 했습니다. 베르니니는 유럽 최고의 예술가이자 로마를 유럽 예술의 중심지로 만든 주인공. 그런 베르니니가 프랑스에 눌러앉는다면, 로마의 위상은 실추될 게 뻔했습니다. 하지만 루이 14세의 협박에 가까운 강력한 요구로 베르니니는 프랑스에 잠시 머물게 됐습니다. 베르니니가 프랑스에서 남긴 대표적인 작품은 루이 14세의 흉상. 이 조각상은 실제 루이 14세의 모습보다 눈이 좀 더 크고, 이마가 좀 더 높다고 합니다. 이를 두고 일부 프랑스인들이 “조각상이 잘못됐다”고 하자 베르니니는 답했습니다. “내가 만든 왕은 그대들의 왕보다 더 오래 사실 것이오.”




루이 14세의 흉상. /루브르박물관

                프랑스 체류를 마치고 귀국한 베르니니는 열정적으로 작업을 이어갔습니다. 그리고 1680년 뇌졸중으로 쓰러졌습니다. 후유증으로 인해 베르니니는 오른팔을 쓸 수 없게 됐습니다. 하지만 그는 담담하게 말했습니다. “내 팔은 한평생 그렇게나 열심히 일했으니 죽기 전에 짧게나마 쉬게 해줘야 한다.” 그리고 얼마 안 돼 그는 세상을 떠났습니다. 그의 나이 82세였습니다.한 시대를 대표한 예술가가 대개 그렇듯, 시대가 바뀌고 유행이 변하자 베르니니는 ‘흘러간 촌스러운 예술가’ 취급을 받았습니다. 18세기 유럽 미술의 대세는 신고전주의. 화려하고 감정적인 바로크 미술과 정반대로, 신고전주의는 심플하고 순수하며 냉정한 예술을 추구했습니다. 신고전주의자들은 바로크 미술을 지나치게 감정적이고 퇴폐적이며 혐오스럽다고 비판했습니다. 그 바로크 미술을 대표하는 거장 베르니니는, 새로운 세대가 비판하는 ‘적폐’의 대표주자였습니다.하지만 바로크 미술을 비판하는 사람들도 마음 깊은 곳에서는 인정할 수밖에 없었습니다. 베르니니가 다시 없을 위대한 천재 예술가라는 사실을요. 1757년 이탈리아 화가 조반니 파올로 판니니가 그린 ‘현대 로마의 풍경화들이 걸린 화랑’이 그 증거입니다. 신고전주의 유행이 한창일 때 그려진 이 커다란 그림에는 로마를 대표하는 풍경들이 그려져 있습니다. 그 중에서는 익숙한 모습들이 보입니다. 왼쪽 아래의 피우미 분수, 기둥이 있는 성 베드로 광장, 그리고 조각상 ‘다비드’와 ‘아폴론과 다프네’. 바로 베르니니의 작품들이지요. 그는 로마의 모습을 만든 사람이었습니다.
                    



현대 로마의 풍경화들이 걸린 화랑.





초록색 점으로 표시한 게 베르니니의 작품이다. (좌측 상단 그림은 성 베드로 광장, 좌측 하단 그림은 피우미 분수, 우측 조각상들 중 왼쪽은 아폴론과 다프네, 오른쪽은 다비드.)

                마지막, 한 가지 재미있는 사실로 이야기를 마무리하려 합니다. 베르니니의 시신은 집 근처 성당에 조용히 묻혔습니다. 1898년 후손이 작은 대리석 명판을 얹어주기 전까지, 그의 무덤 위에는 어떤 장식도 없었습니다. 베르니니가 죽은 유명인의 무덤 장식과 화려한 조각상을 한평생 만들었다는 걸 생각하면 꽤나 아이러니한 일입니다. 하지만 베르니니에게 기념비는 딱히 필요 없을지도 모릅니다. 대리석 묘비, 화려한 청동 무덤 장식, 베르니니의 모습을 담은 조각상…. 그 어떤 것도 베르니니라는 천재의 기억을 온전히 담을 수는 없으니까요. 그 대신, 베르니니를 기억하고 싶은 사람은 로마 시내를 둘러보면 됩니다. 성 베드로 광장에서부터 보르게세 미술관까지 펼쳐지는 그 장엄한 건축과 예술품들. 그 자체가 바로 베르니니의 영혼이 살아 숨 쉬는 기념비기 때문입니다.**이번 기사는 Bernini: His Life and His Rome(Franco Mormando 지음), 디자인 천재(제이크 모리세이 지음, 김난령 옮김), Bernini(Anna Coliva, Andrea Bacchi 지음) 등을 참조해 작성했습니다. 





                칼럼을 기반으로 출간된 새 책 <명화의 비밀, 그때 그 사람>이 독자 여러분 덕에 교보문고 종합 베스트셀러 자리를 지키고 있습니다. 성원에 진심으로 감사드립니다.<그때 그 사람들>은 미술 담당 기자가 미술사의 거장들과 고고학, 역사 등을 심도 있게 조명하는 국내 문화 분야 구독자 1위 연재물입니다. 매주 토요일 새로운 이야기로 찾아옵니다. 네이버 기자 페이지를 구독하시면 미술 소식과 지금 열리는 전시에 대한 심층 분석을 읽어보실 수 있습니다. 이미 구독 중인 7만여명의 독자와 함께 아름다운 작품과 이야기를 만나보세요.성수영 기자 syoung@hankyung.com",https://www.hankyung.com/article/202507175692i,2025.07.19 00:00
"증권사 신용대출, 3%대 금리로 바꾸는 가장 쉬운 방법",,"전송종목 : 케이엔솔, 예스24, 한국정보인증, 웹케시, 한미글로벌최근 주식 투자자들 사이에서 주식대출(미수/신용융자 등)의 고금리에 대한 부담이 커지고 있다.특히 저금리를 적용 받고 싶어도, 기존 대출을 상환하고 다시 주식을 매수해야 하는 번거로운 절차와 자금 조달의 어려움이 발목을 잡고 있다.이런 현실적인 문제를 해결하고자, 무빙스탁이 ‘증권사 신용, 대환자금대출’ 서비스를 전격 출시했다.이 상품은 주식을 매도하지 않고도, 기존의 고금리의 주식대출(미수/신용융자 등)의 3%대의 혁신적인 저금리 증권사로 전환할 수 있도록 상환자금을 제공하는 것이 핵심이다.무빙스탁 관계자는 “현재 증권사 이벤트 금리는 연 3%대 수준으로, 기존 9~10%대 고금리를 적용받는 투자자라면 절감 효과가 상당하다”며, 금리를 5%만 낮추면 “1억원 신용대출 기준으로 연간 약 500만원, 3억원이라면 1,500만원까지도 절약할 수 있다”고 밝혔다.더 놀라운 점은, 현재는 이벤트 기간으로 대환자금대출 신청시 발생하는 이자 비용까지 ‘0원’이라는 사실이다. 대환자금에 대해서 하루의 대출이자도 부담하지 않고 기존 고금리 대출을 저금리로 전환할 수 있어, 고금리 부담에 시달리던 투자자들에게 큰 호응을 얻을 전망이다.이 서비스는 부동산 시장에서 흔히 이용되던 대환대출 개념을 증권시장에 도입한 혁신적인 시도로, 주식 투자자들의 자금 운용에 새로운 대안을 제시할 것으로 기대된다.무빙스탁 ‘증권사 신용, 대환자금대출’의 비용 무료 이벤트는 이벤트 기간 동안 한정적으로 제공되는 만큼, 신용융자를 이용 중인 투자자라면 지금 바로 확인해볼 필요가 있다.★ 장마감 시간이 가까워질수록 문의가 많아 상담이 지연될 수 있습니다.★ 7월 문의하신 고객들이 많이 보유하신 종목으로는 삼성전자, POSCO홀딩스, 셀트리온, 포스코퓨처엠, 에코프로비엠, NAVER, 에코프로, 삼성SDI, LG화학, SK하이닉스, 두산에너빌리티, 카카오, SK이노베이션, LG에너지솔루션, 엘앤에프, 삼천당제약, 현대차, 알테오젠, HPSP, LG전자 등이 있습니다.★ 안내사항과도한 빚은 당신에게 큰 불행을 안겨줄 수 있습니다. 대출 시 신용등급 하락으로 다른 금융거래가 제약받을 수 있습니다. 중개수수료를 요구하거나 받는 것은 불법입니다.상호명: ㈜단비대부 2021-서울영등포-2102(대부업) | TEL: 1544-4886 | 대출금리: 연 20%이내(연체금리는 약정금리+3%p이내, 최대 연 20%이내) | 단, 2021. 7. 7.부터 신규체결, 갱신, 연장되는 계약에 한함 | 채무의 조기상환 조건 및 부대비용 없음. (단, 신용조회비용 및 담보권설정비용 있음), 이자 외 별도로 중개수수료를 요구하거나 수취하는 것은 불법입니다. | 대표이사: 박동원 | 사업자등록번호: 274-86-00231 | 등록기관명칭: 서울 영등포구청(담당부서: 일자리경제과, 02-2670-3420) | 소재지 : 서울 영등포구 여의대방로67길 11, 5층 517호 | 개인정보관리자메일: help@danbifund.co.kr무료상담",https://www.hankyung.com/article/202507145615a,2025.07.14 13:08
,,,https://magazine.hankyung.com/business/article/202507098330b,
연 4%대 업계 최저 금리로 저렴하게! DSR 무관 상품까지!,,"투자자들 사이에서 ‘스탁론’에 대한 관심이 높아지고 있다. 스탁론은 자기자본 포함 최대 4배까지 활용 가능하며 증권사 신용/미수 대환 용도로도 활용 가능해 대표적인 레버리지 수단으로 자리잡은 상태다.그러나 DSR 한도가 스탁론에도 적용된 후 다른 대출, 소득 증빙 문제로 예전처럼 이용하기 어려워졌다. 이와 함께 높아진 금리도 스탁론 이용을 망설이게 만든 원인으로 꼽힌다.그러나 해결책은 있다. 21년 연속 스탁론 업계 1위를 지키고 있는 하이스탁론이 DSR 무관하게 이용할 수 있는 상품은 물론 연 4%대 최저금리로 이용 가능한 상품까지 취급하며 선택의 폭을 넓힌 것이다.




 

◆ 하이스탁론, 연 4%대 업계 최저금리로 추가 투자금은 물론 신용미수 대환까지!<하이스탁론>에서 누구나 부담 없이 스탁론을 경험할 수 있도록 연 4%대 최저금리 상품을 출시했다. 주식매입 용도는 물론 증권사 미수/신용 대환도 가능하며 신용등급 차등 없이 자기자본 포함 최대 4배까지 활용할 수 있다.이와 함께 DSR 한도 때문에 기존 스탁론 이용이 어려웠던 투자자들은 위한 DSR 무관 상품도 취급 중이다. 또한 장중 거래가 어려웠던 투자자를 위한 대체거래소(NXT) 거래도 가능해졌다.<하이스탁론>의 새로운 상품에 대해 자세히 알고 싶은 투자자는 고객상담센터(1599-0313)로 연락하면 대출 여부와 상관없이 24시간 언제든 전문상담원과 편리한 상담이 가능하다.○ 연 4%대 업계 최저금리 상품 출시○ 대체거래소(NXT) 거래 가능!○ 21년 연속 시장 점유율 1위, 16년 연속 대한민국퍼스트브랜드 대상○ 증권사 신용/미수 실시간 상환, 한종목 100% 집중 투자○ 믿을 수 있는 상담품질보증제※하이스탁론상담센터 : 1599-0313바로가기:https://www.hisl.co.kr/0313◆ 현 시각 관심종목 Top 10 : 한미반도체, NAVER, 현대로템, 에코프로, 서울보증보험, 피아이이, 피코그램, 프롬바이오, 비케이홀딩스, 부국증권무료상담",https://www.hankyung.com/article/202507161945a,2025.07.17 13:05
美 수소주 급등 여파… 국내 수소 관련주 동반 상승,,"밤사이 미국 증시에서 수소 관련 종목이 급등하면서, 국내 수소 상장사 주가도 일제히 상승세를 나타냈다. 수소 연료전지 및 고압 용기 제조 등 관련 산업 전반에 걸쳐 주가가 크게 올랐다.미국에서는 플러그파워와 블룸에너지가 각각 25%, 18% 이상 급등했으며, 이는 도널드 트럼프 대통령의 정책안인 ‘하나의 크고 아름다운 법(OBBBA)’에 연료전지가 세액공제 대상으로 다시 포함된 데 따른 것으로 풀이된다. 또한 텍사스를 중심으로 수소산업에 대한 투자가 확대될 전망이라는 점도 투자 심리를 자극했다.증권가는 이번 흐름이 국내 수소주에도 긍정적인 영향을 미칠 수 있다며, 미국 정책 변화와 글로벌 투자 방향성에 주목할 필요가 있다고 평가했다.한편, 스탁론에 대한 관심이 날로높아지고 있다. 모처럼 잡은 투자기회를 놓치지 않으려는 투자자들이 주식매입을 위해 더 많은 자금을 활용할 수 있는 스탁론으로 눈길을 돌리고 있기 때문이다. 현 주가는 실적을 따라가지 못하고 있는 상황으로, 밸류에이션 리레이팅이 필요한 시기라는 평가도 나오고 있다.




 

◆ 올뉴스탁론, DSR 무관 상품에 연 4%대 최저금리 상품으로 다양한 선택지를!올뉴스탁론에서 투자자들 누구나 부담 없이 스탁론을 경험할 수 있도록 연 4%대 업계 최저금리로 이용 가능한 증권 연계신용 상품을 출시했다. 주식매입은 물론 증권사 미수/신용 대환 모두 가능하며 신용등급 차등 없이 자기 자본 포함 최대 4배까지 활용할 수 있다.이와 함께 DSR 한도 때문에 기존 스탁론 활용이 어려웠던 투자자들을 위한 DSR 무관 상품도 취급 중이다. 또한 장중 거래가 어려웠던 투자자를 위한 대체거래소(NXT) 거래도 가능해졌다.올뉴스탁론에 대해 자세히 알고 싶은 투자자는 고객상담센터(☎1599-8666)로 연락하면 대출 여부와 무관하게 언제든 전문상담원과 편리하게 상담할 수 있다.○ 보유하고 있는 대출액이나 소득 무관하게! (DSR 무관)○ 최대 4배 주식자금 활용 가능! (본인 자금 포함)○ 대체거래소(NXT) 거래 가능!○ 증권 신용/미수 당일 즉시 대환 가능!○ 기존 증권사 신용, 스탁론으로 매수가 어려웠던 종목도 OK!※ 올뉴스탁론 고객상담센터 : 1599-8666바로가기 : https://allnewstockloan.co.kr?agency=HTS◆ 현 시각 관심종목 Top 10 : 삼성전자, NAVER, 한국전력, LG씨엔에스, 한국가스공사, 한화시스템, 에르코스, 더즌, 파세코, JB금융지주무료상담",https://www.hankyung.com/article/202507112217a,2025.07.14 11:00
"증권사 신용대출, 3%대 금리로 바꾸는 가장 쉬운 방법",,"전송종목 : 드림시큐리티, 제이앤티씨, 티쓰리, 글로벌텍스프리, 엑셈최근 주식 투자자들 사이에서 주식대출(미수/신용융자 등)의 고금리에 대한 부담이 커지고 있다.특히 저금리를 적용 받고 싶어도, 기존 대출을 상환하고 다시 주식을 매수해야 하는 번거로운 절차와 자금 조달의 어려움이 발목을 잡고 있다.이런 현실적인 문제를 해결하고자, 무빙스탁이 ‘증권사 신용, 대환자금대출’ 서비스를 전격 출시했다.이 상품은 주식을 매도하지 않고도, 기존의 고금리의 주식대출(미수/신용융자 등)의 3%대의 혁신적인 저금리 증권사로 전환할 수 있도록 상환자금을 제공하는 것이 핵심이다.무빙스탁 관계자는 “현재 증권사 이벤트 금리는 연 3%대 수준으로, 기존 9~10%대 고금리를 적용받는 투자자라면 절감 효과가 상당하다”며, 금리를 5%만 낮추면 “1억원 신용대출 기준으로 연간 약 500만원, 3억원이라면 1,500만원까지도 절약할 수 있다”고 밝혔다.더 놀라운 점은, 현재는 이벤트 기간으로 대환자금대출 신청시 발생하는 이자 비용까지 ‘0원’이라는 사실이다. 대환자금에 대해서 하루의 대출이자도 부담하지 않고 기존 고금리 대출을 저금리로 전환할 수 있어, 고금리 부담에 시달리던 투자자들에게 큰 호응을 얻을 전망이다.이 서비스는 부동산 시장에서 흔히 이용되던 대환대출 개념을 증권시장에 도입한 혁신적인 시도로, 주식 투자자들의 자금 운용에 새로운 대안을 제시할 것으로 기대된다.무빙스탁 ‘증권사 신용, 대환자금대출’의 비용 무료 이벤트는 이벤트 기간 동안 한정적으로 제공되는 만큼, 신용융자를 이용 중인 투자자라면 지금 바로 확인해볼 필요가 있다.★ 장마감 시간이 가까워질수록 문의가 많아 상담이 지연될 수 있습니다.★ 7월 문의하신 고객들이 많이 보유하신 종목으로는 삼성전자, POSCO홀딩스, 셀트리온, 포스코퓨처엠, 에코프로비엠, NAVER, 에코프로, 삼성SDI, LG화학, SK하이닉스, 두산에너빌리티, 카카오, SK이노베이션, LG에너지솔루션, 엘앤에프, 삼천당제약, 현대차, 알테오젠, HPSP, LG전자 등이 있습니다.★ 안내사항과도한 빚은 당신에게 큰 불행을 안겨줄 수 있습니다. 대출 시 신용등급 하락으로 다른 금융거래가 제약받을 수 있습니다. 중개수수료를 요구하거나 받는 것은 불법입니다.상호명: ㈜단비대부 2021-서울영등포-2102(대부업) | TEL: 1544-4886 | 대출금리: 연 20%이내(연체금리는 약정금리+3%p이내, 최대 연 20%이내) | 단, 2021. 7. 7.부터 신규체결, 갱신, 연장되는 계약에 한함 | 채무의 조기상환 조건 및 부대비용 없음. (단, 신용조회비용 및 담보권설정비용 있음), 이자 외 별도로 중개수수료를 요구하거나 수취하는 것은 불법입니다. | 대표이사: 박동원 | 사업자등록번호: 274-86-00231 | 등록기관명칭: 서울 영등포구청(담당부서: 일자리경제과, 02-2670-3420) | 소재지 : 서울 영등포구 여의대방로67길 11, 5층 517호 | 개인정보관리자메일: help@danbifund.co.kr무료상담",https://www.hankyung.com/article/202507035124a,2025.07.03 13:28
"증권사 신용대출, 3%대 금리로 바꾸는 가장 쉬운 방법",,"전송종목 : HD현대인프라코어, 한미반도체, 대우건설, 포스코인터내셔널, 한국항공우주최근 주식 투자자들 사이에서 주식대출(미수/신용융자 등)의 고금리에 대한 부담이 커지고 있다.특히 저금리를 적용 받고 싶어도, 기존 대출을 상환하고 다시 주식을 매수해야 하는 번거로운 절차와 자금 조달의 어려움이 발목을 잡고 있다.이런 현실적인 문제를 해결하고자, 무빙스탁이 ‘증권사 신용, 대환자금대출’ 서비스를 전격 출시했다.이 상품은 주식을 매도하지 않고도, 기존의 고금리의 주식대출(미수/신용융자 등)의 3%대의 혁신적인 저금리 증권사로 전환할 수 있도록 상환자금을 제공하는 것이 핵심이다.무빙스탁 관계자는 “현재 증권사 이벤트 금리는 연 3%대 수준으로, 기존 9~10%대 고금리를 적용받는 투자자라면 절감 효과가 상당하다”며, 금리를 5%만 낮추면 “1억원 신용대출 기준으로 연간 약 500만원, 3억원이라면 1,500만원까지도 절약할 수 있다”고 밝혔다.더 놀라운 점은, 현재는 이벤트 기간으로 대환자금대출 신청시 발생하는 이자 비용까지 ‘0원’이라는 사실이다. 대환자금에 대해서 하루의 대출이자도 부담하지 않고 기존 고금리 대출을 저금리로 전환할 수 있어, 고금리 부담에 시달리던 투자자들에게 큰 호응을 얻을 전망이다.이 서비스는 부동산 시장에서 흔히 이용되던 대환대출 개념을 증권시장에 도입한 혁신적인 시도로, 주식 투자자들의 자금 운용에 새로운 대안을 제시할 것으로 기대된다.무빙스탁 ‘증권사 신용, 대환자금대출’의 비용 무료 이벤트는 이벤트 기간 동안 한정적으로 제공되는 만큼, 신용융자를 이용 중인 투자자라면 지금 바로 확인해볼 필요가 있다.★ 장마감 시간이 가까워질수록 문의가 많아 상담이 지연될 수 있습니다.★ 7월 문의하신 고객들이 많이 보유하신 종목으로는 삼성전자, POSCO홀딩스, 셀트리온, 포스코퓨처엠, 에코프로비엠, NAVER, 에코프로, 삼성SDI, LG화학, SK하이닉스, 두산에너빌리티, 카카오, SK이노베이션, LG에너지솔루션, 엘앤에프, 삼천당제약, 현대차, 알테오젠, HPSP, LG전자 등이 있습니다.★ 안내사항과도한 빚은 당신에게 큰 불행을 안겨줄 수 있습니다. 대출 시 신용등급 하락으로 다른 금융거래가 제약받을 수 있습니다. 중개수수료를 요구하거나 받는 것은 불법입니다.상호명: ㈜단비대부 2021-서울영등포-2102(대부업) | TEL: 1544-4886 | 대출금리: 연 20%이내(연체금리는 약정금리+3%p이내, 최대 연 20%이내) | 단, 2021. 7. 7.부터 신규체결, 갱신, 연장되는 계약에 한함 | 채무의 조기상환 조건 및 부대비용 없음. (단, 신용조회비용 및 담보권설정비용 있음), 이자 외 별도로 중개수수료를 요구하거나 수취하는 것은 불법입니다. | 대표이사: 박동원 | 사업자등록번호: 274-86-00231 | 등록기관명칭: 서울 영등포구청(담당부서: 일자리경제과, 02-2670-3420) | 소재지 : 서울 영등포구 여의대방로67길 11, 5층 517호 | 개인정보관리자메일: help@danbifund.co.kr무료상담",https://www.hankyung.com/article/202507223175a,2025.07.22 11:38
"이자 부담은 최소로, 투자 효율은 최대로! 신용대출 3%대 활용법",,"전송종목 : 영원무역, 씨에스윈드, GKL, 코오롱인더, 한미약품최근 주식 투자자들 사이에서 주식대출(미수/신용융자 등)의 고금리에 대한 부담이 커지고 있다.특히 저금리를 적용 받고 싶어도, 기존 대출을 상환하고 다시 주식을 매수해야 하는 번거로운 절차와 자금 조달의 어려움이 발목을 잡고 있다.이런 현실적인 문제를 해결하고자, 무빙스탁이 ‘증권사 신용, 대환자금대출’ 서비스를 전격 출시했다.이 상품은 주식을 매도하지 않고도, 기존의 고금리의 주식대출(미수/신용융자 등)의 3%대의 혁신적인 저금리 증권사로 전환할 수 있도록 상환자금을 제공하는 것이 핵심이다.무빙스탁 관계자는 “현재 증권사 이벤트 금리는 연 3%대 수준으로, 기존 9~10%대 고금리를 적용받는 투자자라면 절감 효과가 상당하다”며, 금리를 5%만 낮추면 “1억원 신용대출 기준으로 연간 약 500만원, 3억원이라면 1,500만원까지도 절약할 수 있다”고 밝혔다.더 놀라운 점은, 현재는 이벤트 기간으로 대환자금대출 신청시 발생하는 이자 비용까지 ‘0원’이라는 사실이다. 대환자금에 대해서 하루의 대출이자도 부담하지 않고 기존 고금리 대출을 저금리로 전환할 수 있어, 고금리 부담에 시달리던 투자자들에게 큰 호응을 얻을 전망이다.이 서비스는 부동산 시장에서 흔히 이용되던 대환대출 개념을 증권시장에 도입한 혁신적인 시도로, 주식 투자자들의 자금 운용에 새로운 대안을 제시할 것으로 기대된다.무빙스탁 ‘증권사 신용, 대환자금대출’의 비용 무료 이벤트는 이벤트 기간 동안 한정적으로 제공되는 만큼, 신용융자를 이용 중인 투자자라면 지금 바로 확인해볼 필요가 있다.★ 장마감 시간이 가까워질수록 문의가 많아 상담이 지연될 수 있습니다.★ 7월 문의하신 고객들이 많이 보유하신 종목으로는 삼성전자, POSCO홀딩스, 셀트리온, 포스코퓨처엠, 에코프로비엠, NAVER, 에코프로, 삼성SDI, LG화학, SK하이닉스, 두산에너빌리티, 카카오, SK이노베이션, LG에너지솔루션, 엘앤에프, 삼천당제약, 현대차, 알테오젠, HPSP, LG전자 등이 있습니다.★ 안내사항과도한 빚은 당신에게 큰 불행을 안겨줄 수 있습니다. 대출 시 신용등급 하락으로 다른 금융거래가 제약받을 수 있습니다. 중개수수료를 요구하거나 받는 것은 불법입니다.상호명: ㈜단비대부 2021-서울영등포-2102(대부업) | TEL: 1544-4886 | 대출금리: 연 20%이내(연체금리는 약정금리+3%p이내, 최대 연 20%이내) | 단, 2021. 7. 7.부터 신규체결, 갱신, 연장되는 계약에 한함 | 채무의 조기상환 조건 및 부대비용 없음. (단, 신용조회비용 및 담보권설정비용 있음), 이자 외 별도로 중개수수료를 요구하거나 수취하는 것은 불법입니다. | 대표이사: 박동원 | 사업자등록번호: 274-86-00231 | 등록기관명칭: 서울 영등포구청(담당부서: 일자리경제과, 02-2670-3420) | 소재지 : 서울 영등포구 여의대방로67길 11, 5층 517호 | 개인정보관리자메일: help@danbifund.co.kr무료상담",https://www.hankyung.com/article/202507235738a,2025.07.23 09:43
"코스피, 장중 3200선 탈환 시도…원·달러 환율 1387원대",외인·기관 코스피·코스닥 시장서 순매도,"사진=연합뉴스

                코스피가 장중 3200선 회복을 시도하고 있다. 코스닥 지수도 낙폭을 줄이며 보합권까지 올라온 모습이다.16일 오전 11시 현재 코스피는 전일 대비 15.82포인트(0.49%) 하락한 3199.46을 가리키고 있다. 코스피는 장 초반 3178.42까지 밀리며 약세를 보였다. 하지만 점차 우상향하며 3200선 턱밑까지 다시 다가섰다.유가증권시장에서 외국인과 기관은 각각 3998억원 2979억원을 순매도하고 있다. 개인은 홀로 6716억원을 순매수하는 중이다.시가총액 상위주는 대부분 하락하고 있다. KB금융(-3.68%)의 하락세가 두드러진 가운데 두산에너빌리티(-1.68%), 신한지주(-1.27%), 셀트리온(-1.18%), SK하이닉스(-1.09%), LG에너지솔루션(-1.03%), 현대차(-0.71%), 기아(-0.4%)가 파란불을 켰다. 다만 HD현대중공업(1.9%), 네이버(1.6%), 삼성전자(0.86%)는 강세를 보이고 있다.코스닥 지수는 전일 대비 0.33포인트(0.04%) 밀린 812.55를 가리키고 있다. 코스닥 지수도 장 초반 805.13까지 밀리며 부진한 모습을 보였지만, 낙폭을 만회하며 810선을 회복했다.코스닥 시장에서도 외국인과 기관은 각각 1290억원, 158억원을 순매도하는 중이다. 개인은 1647억원을 순매수하며 물량을 받아내고 있다.코스닥 시가총액 상위주도 약세를 보이고 있다. 에이비엘바이오(-4.44%), 리가켐바이오(-2.2%), 파마리서치(-2.03%), 코오롱티슈진(-1.94%), 에코프로(-1.17%), HLB(-1.15%), 에코프로비엠(-0.86%)이 모두 하락 중이다. 반면 대장주 알테오젠(0.64%)은 소폭 오르고 있으며 클래시스(2.38%), 펩트론(1.49%)도 강세를 띠고 있다.스테이블코인 관련주는 약세를 보이고 있다. 미국의 가상화폐 3법이 하원에서 제동이 걸리면서다. 미국 하원에서 15일(현지시간) 가상자산 3대 법안을 심사하기 위한 절차 표결(procedural floor vote)을 했지만 196대223으로 부결됐다.원·달러 환율은 전날 야간장 대비 1.1원 내린 1387.1원을 가리키고 있다.미국 물가에 대한 우려는 커지고 있다. 미국 6월 소비자물가지수(CPI)는 전년 동기 대비 2.7% 올랐다. 2월(2.8%) 후 최대 상승폭으로 5월(2.4%)보다 오름폭이 확대됐다. 시장 추정치(2.6%)도 소폭 웃돌았다. 관세 영향이 물가에 본격적으로 반영되고 있다는 분석이 나온다.진영기 한경닷컴 기자 young71@hankyung.com",https://www.hankyung.com/article/2025071615716,2025.07.16 11:13
[책마을] 드라마처럼 파헤친 명화와 작가의 비밀,"명화의 비밀, 그때 그 사람

성수영 지음 / 한경arte
356쪽 / 2만3000원

예술부문 베스트셀러 1위
'그때 그 사람들' 세번째 시리즈

미술 전문기자가 설명해주는
보석같은 화가들의 인생","4일 서울 교보문고 광화문점을 찾은 한 시민이 이날 입고된 <명화의 비밀, 그때 그 사람>을 보고 있다.  /한경BP 제공

                매일같이 서점가에는 서양 명화를 소재로 한 책이 쏟아져 나온다. 하지만 기억에 남을 만한 책은 드물다. 대중적인 책 중에는 감성에 치우쳐 내용이 부족하거나 사실과 동떨어진 이야기를 덧붙여 실제 작품의 감동을 오히려 방해하는 사례가 적지 않다. 미술사 전문가들이 철저한 연구를 바탕으로 집필한 양서는 너무 어렵고 딱딱해서 잘 팔리지 않는다. 미술 서적에서 대중성과 전문성 사이의 균형이 무엇보다 중요한 이유다.지난해 출간된 <명화의 탄생, 그때 그 사람>과 후속작 <명화의 발견, 그때 그 사람>이 예술부문 도서 베스트셀러 1위에 장기간 오른 이유가 여기에 있다. 저자인 성수영 한국경제신문 문화부 기자는 화가들의 삶을 통해 작품과 미술사를 돌아보는 미술 칼럼 ‘성수영의 그때 그 사람들’을 매주 토요일 연재하고 있다. 네이버에서 국내 문화·예술 분야 기자 중 구독자 1위(7만5000여 명)를 기록하고 있다. 김인혜 국립현대미술관 학예실장이 추천사에서 “적절한 인용과 탁월한 비유”라고 표현했듯, 대중성과 전문성을 겸비한 게 인기 비결로 꼽힌다.





                최근 세 번째 책 <명화의 비밀, 그때 그 사람>이 출간됐다. 첫 장부터 근현대 미술 거장들의 작품이 눈을 사로잡는다. 네모난 선과 색으로 세계를 재구성한 피에트 몬드리안, 파블로 피카소의 라이벌이자 포스터 등으로 국내에도 친숙한 현대미술 거장 앙리 마티스, 세계 최초의 추상화를 그린 바실리 칸딘스키 등이 대표적이다.화가들의 드라마 같은 삶 이야기에 몰입하다 보면 추상미술이 왜 태어났고 무슨 의미인지를 자연스럽게 이해할 수 있다. 국내 미술관에서 열리는 전시 대부분이 현대 추상 미술을 다루는 만큼 실제 미술관을 다닐 때도 도움이 될 만하다.상대적으로 덜 알려진 보석 같은 화가들의 이야기도 눈길을 끈다. 인상주의 이후 프랑스 미술계에 큰 영향을 끼친 ‘나비파’의 피에르 보나르, 펠릭스 발로통, 에두아르 뷔야르 등이 대표적이다. 화려한 색채와 따뜻한 장면 뒤에 숨은 철학적 메시지도 인상적이다. 어머니와 아이를 주로 그린 메리 카사트의 이야기에는 여성이 가정과 경력 사이에서 겪는 내적 충돌, 시대를 초월한 고민과 대립이 담겨 있다.전작의 흡입력 있는 문체와 풍성한 자료 활용은 이번에도 이어진다. 국내외 전시 도록과 전기문 등에서 발굴한 세밀한 정보는 책에 깊이를 더했고, 수록된 이미지 수도 전작보다 크게 늘었다. 삶과 죽음의 경계를 응시한 아르놀트 뵈클린, 페르디난트 호들러 같은 작가들의 총천연색 명작은 고해상도 인쇄를 통해 더욱 생생하게 감상할 수 있다.‘한국 록의 전설’이자 배우, 에세이스트, 화가 등으로 활동하는 김창완은 “하루 만에 다 읽은 책”이라고 했다. 추천사에는 이렇게 적었다. “화가, 현실과 죽음 너머로 난 길. 그 길을 따라 걸으며 그들이 겪은 고통과 환희를 체험해 보는 시간이었습니다. (중략) 책의 행간마다 예술에 희망과 구원의 손길이 있다고 쓰여 있습니다. 말로도 글로도 위로가 되지만, 그림의 위로는 더욱 뭉근하고 오래 지속되는 것 같습니다. 성 기자와 대화를 주고받는 듯한 글도 매우 친화력 있게 다가옵니다. 정성스러운 안내를 받고 명화의 깊은 예술적 경지를 느끼길 바랍니다.”유승목 기자 mok@hankyung.com",https://www.hankyung.com/article/2025070491791,2025.07.04 18:25
"""소버린 AI, 챔피언 '몰빵'으론 안돼…한국형 AI생태계부터 키워야""","월요인터뷰
플뢰르 펠르랭 코렐리아캐피탈 대표·박성현 리벨리온 대표

펠르랭 ""韓·佛 AI 협력으로 시너지""
프랑스는 AI 육성책 2012년부터 추진 
생태계 조성 위해 후임장관들이 이어가
AI, 빅테크 CEO 이념에 좌우돼선 위험
국가가 기술 독립성·통제권 갖는게 중요

韓엔 자국 기술·솔루션 수요 이미 존재
가치 공유하는 국가들 간 동맹이 중요

박성현 ""과감한 인프라 투자 필요""
한국형 LLM만 사용하자는 건 아냐","플뢰르 펠르랭 코렐리아캐피탈 대표(왼쪽)와 박성현 리벨리온 대표가 경기 성남시 리벨리온 사옥에서 ‘소버린 AI’를 주제로 인터뷰하고 있다.   리벨리온 제공

                프랑스 중소기업·혁신·디지털경제 특임장관을 지낸 플뢰르 펠르랭 코렐리아캐피탈 대표가 박성현 리벨리온 대표와 인연을 맺은 건 2023년이다. 유능한 한국 엔지니어가 미국에서 공부하고 경력을 쌓은 뒤 고국으로 돌아와 인공지능(AI) 반도체 기업을 창업했다는 점에 매력을 느꼈다. 리벨리온에 투자를 집행한 펠르랭 대표는 프랑스 AI 기업 미스트랄에도 투자했다. 지금 리벨리온과 미스트랄은 한국과 프랑스에서 ‘소버린 AI’를 상징하는 대표 기업이 됐다. 이달 초 경기 성남시 리벨리온 사옥에서 만난 펠르랭 대표와 박 대표는 “소버린 AI는 꼭 필요하지만 흑백논리만으로 접근해선 안 된다”고 했다.▷리벨리온과 미스트랄에 모두 투자했죠.펠르랭 대표=AI 생태계의 탄생을 보면서 두 기업 모두 놓쳐선 안 된다고 판단했습니다. 미스트랄은 미국에서 훈련받고 고국으로 돌아온 프랑스 엔지니어들이 만든 훌륭한 팀이에요. 리벨리온도 비슷하죠. 엔비디아와 경쟁할 수 있는 나라는 한국과 대만 외엔 거의 없어요.박 대표=글로벌 벤처캐피털(VC)인 코렐리아의 투자를 받은 게 유럽은 물론 미국까지 글로벌 네트워크를 넓히는 데 큰 도움이 됐습니다.▷미스트랄은 프랑스 AI를 상징하는 기업인데요.펠르랭 대표=미스트랄은 제가 디지털경제 특임장관이던 2012년부터 프랑스 정부가 추진해온 혁신 정책의 흐름 위에서 성장했어요. 창업 생태계 조성을 위해 전략적으로 투자했고 후임 장관들이 정책을 이어갔죠. 프랑스 정부는 소버린 AI의 중요성을 일찍 인식했어요. 문화적 편향을 줄이기 위해선 다양한 AI 모델이 필요하다고 판단했고요. 미스트랄의 성장은 이런 정책적 환경과 인재, 투자, 비즈니스 모델이 모두 맞물린 결과입니다.▷소버린 AI에 일찌감치 주목했군요.펠르랭 대표=전 AI가 인간의 사고방식 자체를 바꿀 거라고 봐요. 정치·과학·노동 환경 변화를 넘어 사람들의 정신 구조까지 뒤흔드는 혁신이죠. 이 시스템을 외국 기업, 특히 특정 최고경영자(CEO)들의 이념에만 좌우되도록 놔두는 건 위험합니다. 어떤 의도를 갖고 기술을 사용할지 모르니까요. 각 국가가 기술적 독립성과 통제권을 갖는 게 중요합니다. 국민의 데이터가 어디에 저장되는지, 어떻게 취급받는지 통제할 수 있어야 하죠.박 대표=미국이 아무리 무기를 잘 만든다고 하더라도 한국도 자체 무기를 만들어 안보를 지켜야 하는 것과 비슷합니다. 설사 무기의 성능이 미국보다 조금 떨어진다고 하더라도 말입니다. 지금 한국 주요 산업이 발전한 배경엔 박정희 대통령이 깐 고속도로 물류 인프라와 김대중 대통령이 구축한 인터넷 인프라가 있잖아요. 새 정부가 깔 AI 인프라 역시 소버린 관점이 필요합니다.
                    




▷국내 생태계만 강조하면 갈라파고스가 될 것이란 우려도 있습니다.박 대표=소버린 AI라고 해서 엔비디아 칩은 빼고 리벨리온 칩만 쓰자는 얘기가 아니에요. 챗GPT를 끊고 한국형 대규모언어모델(LLM)만 쓰자는 것도 아니고요. 다만 엔비디아 칩이나 챗GPT에 100% 종속되지 않게 다른 선택지가 있어야 합니다. 70%가 엔비디아 칩이어도 30%의 대체재가 존재한다면 엔비디아 칩도 더 좋은 조건에 사올 수 있어요.펠르랭 대표=흑백논리로 판단할 수 있는 문제는 아니죠. 저는 특정 외국 기업에만 의존하는 상황에 놓이고 싶지 않아요. 독점이 갖는 권력이 너무 크기 때문에 일정 부분 고립의 위험을 감수하더라도 소버린 AI는 지킬 만한 가치입니다. 미스트랄이나 리벨리온처럼 대안 플레이어들의 존재가 독점을 견제할 유일한 방법이고요.▷빅테크와 경쟁할 수 있을까요.펠르랭 대표=엔비디아 칩을 누가 더 많이 사느냐의 싸움이라면 당연히 미국 빅테크가 이기겠죠. 미스트랄은 다른 길을 택했습니다. AI 모델 일부를 오픈소스로 공개해서 다양한 활용 사례를 자생적으로 낳는 거예요. 많은 프랑스 기업이 미스트랄 모델을 활용해 AI 시스템을 개발하고 있습니다. 챗GPT나 클로드와 병행해 쓰기도 하고요. 중요한 건 단 하나의 파운데이션 모델에만 의존하지 않는다는 거죠.▷한국 정부도 AI 독립을 추진 중인데요.펠르랭 대표=한국엔 자국 기술과 솔루션에 대한 자연스러운 수요와 선호가 이미 존재한다고 생각합니다. 한국 검색엔진 시장에서 네이버가 구글을 누른 것도 정부가 도와서가 아니라 문화적으로 더 적합했기 때문이잖아요. 정책을 잘 설계하면 사람들의 AI 접근성과 이해도를 높이고 좋은 활용 생태계를 만들 수 있습니다.▷완전한 소버린 AI가 가능할까요.펠르랭 대표=프랑스에선 불가능에 가까워요. 칩도 없고, 이제야 파운데이션 모델을 만들기 시작한 수준이거든요. 하지만 가치와 원칙을 공유하는 국가들과의 ‘동맹’은 가능합니다. 코렐리아캐피탈을 설립한 것도 프랑스와 한국이 협력해 미국 빅테크의 독점에 대응할 수 있기를 바랐기 때문이에요. 언젠가는 프랑스 데이터센터에서 리벨리온의 칩을 사용하는 날도 올 겁니다.▷한국과 협력할 여지가 많겠군요.펠르랭 대표=미스트랄은 프랑스어, 영어뿐만 아니라 아시아권과 아랍권 언어 데이터 세트를 기반으로 한 새로운 모델을 개발하고 있습니다. 한국과 협업할 가능성도 크죠.
                    




▷현재 한국의 위치는 어느 정도일까요.박 대표=AI산업에 한해선 대한민국 자체가 스타트업입니다. 한국이 가진 그래픽처리장치(GPU)를 다 합쳐봤자 메타가 보유한 GPU보다 적어요. 스타트업 정신대로 경쟁보다 협업 구도를 형성해주는 게 정부의 역할이라고 봅니다. 경쟁시켜 이긴 기업 한 곳만 ‘K미스트랄’로 키우는 방식이 아니라 다양한 기업이 협업할 장을 깔아줘야 합니다.▷생태계가 중요하다는 얘기네요.펠르랭 대표=정부가 특정 회사를 ‘챔피언’으로 지정하고 자금을 몰아주는 방식은 잘 작동하지 않아요. 제가 장관이었을 때 ‘프랑스판 네이버’ ‘프랑스판 카카오’를 만들고 싶었어요. 하지만 인위적으로 만드는 게 쉽지 않더라고요. 그 대신 공공투자은행인 BPI프랑스를 설립해 창업 초기기업과 상장사에 다양하게 투자할 수 있게 했죠. 이 덕분에 프랑스 혁신 생태계가 풍성해졌고, 투자사들도 성장했습니다. 규제 역시 혁신을 해치지 않도록 설계했습니다.▷한국 정부가 가장 먼저 해야 할 일은 무엇일까요.펠르랭 대표=저라면 가장 먼저 인프라에 투자할 겁니다. 전기가 들어오고, 반도체가 작동하고, 데이터를 돌릴 수 있는 인프라죠. 인프라가 없으면 애플리케이션도, 생태계도 생기지 않아요. 스타트업은 GPU를 감당할 여력이 없어요. 너무 비싸거든요. 정부가 할 일은 AI 인프라를 구축하고, 기업들이 쓸 수 있도록 하는 겁니다. ‘돈 안 되는 것’에 투자할 수 있는 유일한 주체가 정부니까요.박 대표=AI 애플리케이션 서비스는 보기에 재미있어요. 하지만 오래 걸리는 인프라 투자는 상대적으로 재미없죠. 재미없지만 아주 중요한 것들에 과감하게 투자할 필요가 있습니다.■ 플뢰르 펠르랭 전 특임장관은프랑스 최초의 한국계 장관 출신으로, 중소기업·혁신·디지털경제 특임장관, 통상·관광 담당 국무장관, 문화·커뮤니케이션부 장관을 지내면서 프랑스의 정보기술(IT) 경쟁력을 크게 끌어올렸다는 평가를 받는다. 당시 테크 스타트업을 육성하는 정책인 ‘라 프렌치 테크’ 프로젝트를 주도했다. 이후 글로벌 벤처캐피털(VC) 코렐리아캐피탈을 설립하고 미스트랄(프랑스), 리벨리온·마이리얼트립(한국), 볼트(에스토니아), 겟유어가이드(독일) 등 유니콘 기업에 투자했다.■ 박성현 리벨리온 대표는미국 매사추세츠공대(MIT)에서 전기컴퓨터공학으로 박사 학위를 딴 뒤 인텔 랩스 연구자, 스페이스X 인공위성용 칩 설계자 등으로 경력을 쌓았다. 모건스탠리에선 금융 반도체 담당 임원으로 초단타 매매에 특화한 알고리즘 설계와 관련 인공지능(AI) 칩 개발을 주도했다. 2021년 리벨리온을 창업한 뒤 추론에 특화한 AI 반도체 ‘아톰’을 설계해 상용화에 나섰다. 리벨리온은 지난해 사피온코리아와 합병해 국내 최초 AI 유니콘 기업에 등극했다고은이 기자 koko@hankyung.com",https://www.hankyung.com/article/2025070609811,2025.07.06 18:04
,,,https://magazine.hankyung.com/job-joy/article/202507225431d,
"한경협 ""소상공인 성장 사다리 지원""",'강한 소상공인 밸류업 데이' 개최,"한국경제인협회는 15일 서울 FKI타워에서 ‘강한 소상공인 밸류업 데이’(사진)를 열었다고 밝혔다. 한경협과 중소벤처기업부가 소상공인이 중견·대기업으로 성장할 수 있게 지원하는 프로젝트다.소상공인 대표 200여 명이 참석한 밸류업 데이엔 성공 기업인 강연, 한경협 중기센터 맞춤형 컨설팅, 소상공인 네트워킹, 1 대 1 투자 상담회 등이 진행됐다.한경협은 밸류업 데이를 시작으로 ‘성장 사다리’ 프로그램을 본격 전개할 계획이다. 12월엔 네이버, 카카오 등 플랫폼기업과 ‘글로벌 파워셀러 프로젝트’를 연다.박의명 기자 uimyung@hankyung.com",https://www.hankyung.com/article/2025071501551,2025.07.15 18:16
,,,https://magazine.hankyung.com/money/article/202507085361c,
연 4%대 업계 최저 금리로 저렴하게! DSR 무관 상품까지!,,"투자자들 사이에서 ‘스탁론’에 대한 관심이 높아지고 있다. 스탁론은 자기자본 포함 최대 4배까지 활용 가능하며 증권사 신용/미수 대환 용도로도 활용 가능해 대표적인 레버리지 수단으로 자리잡은 상태다.그러나 DSR 한도가 스탁론에도 적용된 후 다른 대출, 소득 증빙 문제로 예전처럼 이용하기 어려워졌다. 이와 함께 높아진 금리도 스탁론 이용을 망설이게 만든 원인으로 꼽힌다.그러나 해결책은 있다. 21년 연속 스탁론 업계 1위를 지키고 있는 하이스탁론이 DSR 무관하게 이용할 수 있는 상품은 물론 연 4%대 최저금리로 이용 가능한 상품까지 취급하며 선택의 폭을 넓힌 것이다.




 

◆ 하이스탁론, 연 4%대 업계 최저금리로 추가 투자금은 물론 신용미수 대환까지!<하이스탁론>에서 누구나 부담 없이 스탁론을 경험할 수 있도록 연 4%대 최저금리 상품을 출시했다. 주식매입 용도는 물론 증권사 미수/신용 대환도 가능하며 신용등급 차등 없이 자기자본 포함 최대 4배까지 활용할 수 있다.이와 함께 DSR 한도 때문에 기존 스탁론 이용이 어려웠던 투자자들은 위한 DSR 무관 상품도 취급 중이다. 또한 장중 거래가 어려웠던 투자자를 위한 대체거래소(NXT) 거래도 가능해졌다.<하이스탁론>의 새로운 상품에 대해 자세히 알고 싶은 투자자는 고객상담센터(1599-0313)로 연락하면 대출 여부와 상관없이 24시간 언제든 전문상담원과 편리한 상담이 가능하다.○ 연 4%대 업계 최저금리 상품 출시○ 대체거래소(NXT) 거래 가능!○ 21년 연속 시장 점유율 1위, 16년 연속 대한민국퍼스트브랜드 대상○ 증권사 신용/미수 실시간 상환, 한종목 100% 집중 투자○ 믿을 수 있는 상담품질보증제※하이스탁론상담센터 : 1599-0313바로가기:https://www.hisl.co.kr/0313◆ 현 시각 관심종목 Top 10 : 한미반도체, NAVER, 현대로템, 에코프로, 서울보증보험, 피아이이, 피코그램, 프롬바이오, 비케이홀딩스, 부국증권무료상담",https://www.hankyung.com/article/202507159385a,2025.07.16 13:05
[한경유레카] MDS테크 상한가...유레카 수익률 14.3% 달성,,"한경유레카는 한국경제신문의 디지털 미디어인 한경닷컴에서 개발한 개별 종목에대한인공지능(AI) 알고리즘 업체의 투자 의견을 종합한 'AI 컨센서스'를 제공하는 서비스입니다. '한경유레카' 앱은 구글 플레이 스토어 혹은 앱스토어에서 내려받을 수 있습니다.





16일 MDS테크가 강세다. MDS테크는 오전 9시 40분 전일대비 4.84% 오른 1,602원에 거래되고 있다.MDS테크는 최근 1주일간 외국인은 164,199주를 순매수했으며, 기관은 89,592주를 순매도 했다.AI 알고리즘들의 투자의견을 종합한 한경유레카는 MDS테크에 7월 11일 매수의견을 제시했다. 오늘까지 보유했다면 수익률은 14.3% 이다.한경유레카에서 관심종목을 검색하면 AI 알고리즘들의 종합의견을 무료로 확인할 수있다.한경닷컴은 한경유레카 출시를 기념해 ‘1개월 무료체험 이벤트’ 를 진행하고있다. 원하는 AI 알고리즘업체 한 곳을 1개월 간 무료로 구독할 수 있다. 한경유레카 앱은 구글플레이스토어 혹은 앱스토어에서 내려받으면 된다.





MDS테크 컴투스 NAVER 빌리언스 비덴트본 글은 투자 참고용입니다.",https://www.hankyung.com/article/202507161193a,2025.07.16 09:40
"""코스피 가자"" 2대주주 촉구에…알테오젠 10%대 급등",,"/사진=한경DB

알테오젠이 2대주주의 유가증권시장 이전 상장 촉구에 장중 강세다.7일 오후 2시 현재 알테오젠은 전날 대비 3만9000원(10.39%) 뛴 41만4500원에 거래되고 있다.앞서 이날 오전 알테오젠 2대주주인 형인우 스마트앤그로스 대표가 주식 추가 매입 소식을 밝히면서 코스피 이전의 필요성을 강조한 것이 투자심리를 자극한 것으로 풀이된다. 형 대표는 자신이 운영하는 투자회사 '스마트앤그로스' 블로그를 통해 자신과 배우자가 지난달 중 총 12만주(389억9700만원 규모)를 추가 매입했다고 밝혔다.그러면서 그는 ""알테오젠이 수년 전 코스닥시장에서 시가총액 1위를 기록한 뒤 지속적으로 박순재 대표에 유가증권시장으로의 이전을 요청하고 있다""며 ""코스피 이전은 단순히 좀 더 큰 시장으로 옮겨 이미지를 제고하는 효과만 있는 게 아니다. 코스피지수를 추종하는 큰 규모의 패시브 자금을 끌어모을 수 있다""고 말했다.또 ""지난 3월부터 다시 시행된 공매도로 코스닥시장을 전체적으로 매도할때 코스닥 운영 자금들의 상대적 부족으로 인한 주가 하락을 좀 더 효율적으로 방어할 수 있다고 본다""고 했다. 형 대표는 ""더는 코스피 이전을 주저할 만한 불확실성이 없다는 생각""이라며 ""만일 지금 시기에도 알테오젠이 코스피 이전에 소극적이라면 좀 더 적극적으로 코스피로의 이전을 요청할 계획""이라고 밝혔다. 이어 ""코스닥 시장의 경우 향후 상장 추진 예정인 알테오젠의 자회사인 알테오젠바이오로직스가 알테오젠 대신 또다른 활력을 불어넣어 줄 것으로 기대한다""고 말했다.형 대표는 공격적 지분 매입으로 최근 제약·바이오 업계에서 유명세를 타고 있는 '슈퍼개미'다. 그는 앞서 삼성SDS와 한게임, 네이버 등을 거쳐 카카오 이사와 케이큐브홀딩스 대표 등을 역임했다.신민경 한경닷컴 기자 radio@hankyung.com",https://www.hankyung.com/article/2025070724876,2025.07.07 14:05
부자네스탁론으로 증권사보다 더 큰 4배 레버리지 투자 가능!,,"부자네스탁론이 새롭게 선보인 스탁론 상품이 투자자들 사이에서 화제를 모으고 있다. 해당 상품은 본인자산포함 4배로 투자 가능, 담보유지비율 120%의 유연한 조건과 다양한 투자 솔루션을 앞세워 증권사 신용, 담보대출 대비 높은 활용도를 자랑한다.일반적으로 증권사 신용융자에 비해 더 높은 레버리지와 더 낮은 담보유지비율을 제공하는 스탁론은, 투자 고수들 사이에서 이미 널리 알려진 수단이다. 부자네스탁론은 여기에 더해 미수금이나 반대매매 위험을 해결해주는 대환대출 상품, 투자 기회를 살리고 싶어하는 전략적 투자자들을 위한 다양한 서비스를 제공한다.또한 신용, 주식담보대출 이용불가 종목, 총부채원리금상환비율(D.S.R) 같은 규제 이슈로 제약을 받아온 투자자들에게도 계좌 평가금액 기준으로 맞춤형 대출이 가능하도록 설계되어 실질적인 해결책이 되고 있다.부자네스탁론은 “고객 한 명 한 명의 투자 상황에 맞춰 최적의 대출 방법을 제공하고 있다”며, “강화된 금융 규제 환경 속에서도 투자자들의 기회를 넓히는 데 최선을 다하겠다”고 밝혔다.-스탁론 D.S.R<총부채원리금상환비율> 고강도 규제에도! 문제없는 부자네스탁론!– 소득 낮고 기존 대출금액 많아도 계좌평가금액에 비례해서 대출가능!– 본인자산 포함 4배끼지 투자 가능!▶머니투데이 부자네스탁론① 5년 고정금리로 금리인상 걱정없이 운용 가능② 자기자본포함 최대 4배까지 레버리지 투자 가능③ 매수가능종목 100% 집중투자가능 (코스닥, 시가총액, 포트폴리오비율상관없이)④ 스탁론 전종목 1:1 매수상담문의 → 수익극대화⑤ 반대매도 임박 / 추가입금이 힘들다면? → 1:1 로스컷 전문상담⑥ D.S.R과 신용등급 낮.아.도 문제없이 매입/대환까지 가능!⑦ 위 혜택을 4%대의 저금리로 이용 가능!★ D.S.R비율, 신용등급 무관 저금리 부자네스탁 AM8:00~PM4:00 ☎1577-5852★ AM 8:00 부터 선착순 예약접수 http://www.bujane.co.kr/7월 고객들의 문의가 많은 종목은 기아, NAVER, 두산에너빌리티, 셀트리온, 한화에어로스페이스 등이 있다.무료상담",https://www.hankyung.com/article/202507160702a,2025.07.16 09:03
"증권사 신용대출, 3%대 금리로 바꾸는 가장 쉬운 방법",,"전송종목 : 그린케미칼, GST, 아바코, 대한제강, 휴온스글로벌




 

최근 주식 투자자들 사이에서 주식대출(미수/신용융자 등)의 고금리에 대한 부담이 커지고 있다.특히 저금리를 적용 받고 싶어도, 기존 대출을 상환하고 다시 주식을 매수해야 하는 번거로운 절차와 자금 조달의 어려움이 발목을 잡고 있다.이런 현실적인 문제를 해결하고자, 무빙스탁이 ‘증권사 신용, 대환자금대출’ 서비스를 전격 출시했다.이 상품은 주식을 매도하지 않고도, 기존의 고금리의 주식대출(미수/신용융자 등)의 3%대의 혁신적인 저금리 증권사로 전환할 수 있도록 상환자금을 제공하는 것이 핵심이다.무빙스탁 관계자는 “현재 증권사 이벤트 금리는 연 3%대 수준으로, 기존 9~10%대 고금리를 적용받는 투자자라면 절감 효과가 상당하다”며, 금리를 5%만 낮추면 “1억원 신용대출 기준으로 연간 약 500만원, 3억원이라면 1,500만원까지도 절약할 수 있다”고 밝혔다.더 놀라운 점은, 현재는 이벤트 기간으로 대환자금대출 신청시 발생하는 이자 비용까지 ‘0원’이라는 사실이다. 대환자금에 대해서 하루의 대출이자도 부담하지 않고 기존 고금리 대출을 저금리로 전환할 수 있어, 고금리 부담에 시달리던 투자자들에게 큰 호응을 얻을 전망이다.이 서비스는 부동산 시장에서 흔히 이용되던 대환대출 개념을 증권시장에 도입한 혁신적인 시도로, 주식 투자자들의 자금 운용에 새로운 대안을 제시할 것으로 기대된다.무빙스탁 ‘증권사 신용, 대환자금대출’의 비용 무료 이벤트는 이벤트 기간 동안 한정적으로 제공되는 만큼, 신용융자를 이용 중인 투자자라면 지금 바로 확인해볼 필요가 있다.★ 장마감 시간이 가까워질수록 문의가 많아 상담이 지연될 수 있습니다.★ 7월 문의하신 고객들이 많이 보유하신 종목으로는 삼성전자, POSCO홀딩스, 셀트리온, 포스코퓨처엠, 에코프로비엠, NAVER, 에코프로, 삼성SDI, LG화학, SK하이닉스, 두산에너빌리티, 카카오, SK이노베이션, LG에너지솔루션, 엘앤에프, 삼천당제약, 현대차, 알테오젠, HPSP, LG전자 등이 있습니다.★ 안내사항과도한 빚은 당신에게 큰 불행을 안겨줄 수 있습니다. 대출 시 신용등급 하락으로 다른 금융거래가 제약받을 수 있습니다. 중개수수료를 요구하거나 받는 것은 불법입니다.상호명: ㈜단비대부 2021-서울영등포-2102(대부업) | TEL: 1544-4886 | 대출금리: 연 20%이내(연체금리는 약정금리+3%p이내, 최대 연 20%이내) | 단, 2021. 7. 7.부터 신규체결, 갱신, 연장되는 계약에 한함 | 채무의 조기상환 조건 및 부대비용 없음. (단, 신용조회비용 및 담보권설정비용 있음), 이자 외 별도로 중개수수료를 요구하거나 수취하는 것은 불법입니다. | 대표이사: 박동원 | 사업자등록번호: 274-86-00231 | 등록기관명칭: 서울 영등포구청(담당부서: 일자리경제과, 02-2670-3420) | 소재지 : 서울 영등포구 여의대방로67길 11, 5층 517호 | 개인정보관리자메일: help@danbifund.co.kr무료상담",https://www.hankyung.com/article/202507160699a,2025.07.16 08:33
드라마처럼 파헤친 '명화의 비밀'...미술 베스트셀러의 귀환,"명화의 비밀, 그때 그 사람

성수영 지음
한경arte / 356쪽│2만3000원","매일같이 서점가에는 서양 명화를 소재로 한 책이 쏟아져 나온다. 하지만 기억에 남을 만한 책은 드물다. 대중적인 책 중에는 감성에 치우쳐 내용이 부족하거나, 사실과 동떨어진 이야기를 덧붙여 실제 작품의 감동을 오히려 방해하는 경우가 적지 않다. 반면 미술사 전문가들이 철저한 연구를 바탕으로 집필한 양서는 너무 어렵고 딱딱해서 잘 팔리지 않는다. 미술 서적에서 대중성과 전문성 사이의 균형이 무엇보다 중요한 이유다.지난해 출간된 <명화의 탄생, 그때 그 사람>과 후속작 <명화의 발견, 그때 그 사람>이 예술부문 도서 베스트셀러 1위에 장기간 올랐던 이유가 여기에 있다. 저자인 성수영 한국경제신문 문화부 기자는 화가들의 삶을 통해 작품과 미술사를 돌아보는 미술 칼럼 ‘성수영의 그때 그 사람들’을 매주 토요일마다 연재하고 있다. 네이버에서 국내 문화·예술 분야 기자 중 구독자 1위(7만5000여명)를 기록하고 있다. 김인혜 국립현대미술관 학예실장이 추천사에서 “적절한 인용과 탁월한 비유”라고 표현했듯, 대중성과 전문성을 겸비한 게 인기의 비결로 꼽힌다.최근 세 번째 책 <명화의 비밀, 그때 그 사람>이 출간됐다. 첫 장부터 근현대 미술 거장들의 작품이 눈을 사로잡는다. 네모난 선과 색으로 세계를 재구성한 피에트 몬드리안, 파블로 피카소의 라이벌이자 포스터 등으로 국내에도 친숙한 현대미술 거장 앙리 마티스, 세계 최초의 추상화를 그린 바실리 칸딘스키 등이 대표적이다.화가들의 드라마 같은 삶 이야기에 몰입하다 보면 추상미술이 왜 태어났고 무슨 의미인지를 자연스럽게 이해할 수 있다. 국내 미술관에서 열리는 전시 대부분이 현대 추상 미술을 다루는 만큼 실제 미술관을 다닐 때도 도움이 될 만하다.▶▶[이벤트] 도서 <명화의 비밀, 그때 그 사람>





                상대적으로 덜 알려진 보석 같은 화가들의 이야기도 눈길을 끈다. 인상주의 이후 프랑스 미술계에 큰 영향을 끼친 ‘나비파’의 피에르 보나르, 펠릭스 발로통, 에두아르 뷔야르 등이 대표적이다. 화려한 색채와 따뜻한 장면 뒤에 숨은 철학적 메시지도 인상적이다. 어머니와 아이를 주로 그린 메리 카사트의 이야기에는 여성이 가정과 경력 사이에서 겪는 내적 충돌, 시대를 초월한 고민과 대립이 담겨 있다.전작의 흡입력 있는 문체와 풍성한 자료 활용은 이번에도 이어진다. 국내외 전시 도록과 전기문 등에서 발굴한 세밀한 정보는 책에 깊이를 더했고, 수록된 이미지 수도 전작보다 크게 늘었다. 삶과 죽음의 경계를 응시한 아르놀트 뵈클린, 페르디난트 호들러 같은 작가들의 총천연색 명작은 고해상도 인쇄를 통해 더욱 생생하게 감상할 수 있다.‘한국 락의 전설’이자 배우, 에세이스트, 화가 등으로 활동하는 김창완은 “하루 만에 다 읽은 책”이라고 했다. 추천사에는 이렇게 적었다. “화가, 현실과 죽음 너머로 난 길. 그 길을 따라 걸으며 그들이 겪은 고통과 환희를 체험해 보는 시간이었습니다. (중략) 책의 행간마다 예술에 희망과 구원의 손길이 있다고 쓰여 있습니다. 말로도 글로도 위로가 되지만, 그림의 위로는 더욱 뭉근하고 오래 지속되는 것 같습니다. 성 기자와 대화를 주고받는 듯한 글도 매우 친화력 있게 다가옵니다. 정성스러운 안내를 받고 명화의 깊은 예술적 경지를 느끼길 바랍니다.”유승목 기자",https://www.hankyung.com/article/202506308294i,2025.07.04 14:05
,,,https://magazine.hankyung.com/business/article/202507224890b,
"주가 바닥 쳤나…""1억 넣었으면 4000만원 벌었다""는 이 종목 [윤현주의 主食이 주식]",,"52주 신저가 찍은 신세계인터석 달 만에 주가 43.33% 올라“고강도 체질 개선으로 수익성↑어뮤즈·연작, 매출 증가 견인자사주 71만4000주도 추가 소각”




걸그룹 아이브 멤버 장원영이 어뮤즈의 태닝 헬로키티 제품을 들고 있다. 신세계인터내셔날 제공

                52주 신저가를 찍더니 주가 바닥을 쳤나?석 달여 만에 43.33% 오른 종목이 있다. 코스피 시가총액(4481억원) 464위 신세계인터내셔날(이하 신세계인터). 12일 한국거래소에 따르면 주가는 1만2680원으로 지난 4월 9일 52주 신저가인 8840원을 찍고 반등 중이다. 당시 1억원을 투자했다면 주식 계좌 잔고엔 1억4300만원이 찍히고 있는 것이다. 목표주가를 내린 증권사 보고서가 많았지만 최근 상향 리포트가 나오면서 눈길을 끌고 있다.
                    



신세계인터내셔날 주가 월봉 그래프 캡처.

 국내 브랜드 구원투수로 불리는 신세계인터내셔날신세계인터는 1996년 글로벌 명품 브랜드의 국내 수입·유통 사업을 하며 라이프스타일과 코스메틱 전반으로 사업 영토를 넓혔다. 패션, 뷰티, JAJU, e커머스를 4대 성장 축으로 삼고 있다. 패션의 경우 30여개 수입 브랜드와 6개 자체 브랜드, 코스메틱은 20여개 수입 브랜드와 6개 자체 브랜드를 운영 중이다. 존재감이 옅어진 국내 브랜드 구원투수로 불리기도 한다. 그 이유는 1998년 부도 위기에 있던 보브(Voice of Voices)를 인수해 수백억원대 브랜드로 키웠고, 2011년엔 법정관리 후 사라질 위기에 처했던 국내 1세대 여성복 브랜드 톰보이(TOMBOY)를 품어 2014년 흑자전환으로 이끌었다. 톰보이는 스튜디오 톰보이로 리뉴얼을 단행해 연매출 1000억원이 넘는 K패션 브랜드로 명성을 떨치고 있다.
                    



파미에스테이션점 매장 전경. 신세계인터내셔날 제공 

                화장품 사업의 경우 2012년 부도 위기에 있던 메이크업 브랜드 비디비치(VIDVICI)를 인수했다. 이후 딥티크, 산타마리아노벨라, 로라메르시에 등 해외 유명 브랜드의 국내 독점 유통권까지 확보하며 사세를 키우고 있다. 특히 2020년엔 글로벌 럭셔리 스킨케어 브랜드 스위스퍼펙션(SWISS PERFECTION)을 품었는데 국내 패션기업이 글로벌 명품 스킨케어 브랜드를 인수한 첫 사례다. 스위스퍼펙션은 전 세계 20여개국에 유통망을 가지고 있어서 글로벌 입지 확대에 도움이 됐다는 평가다. 작년 하반기에는 ‘K뷰티 주자’ 어뮤즈(AMUSE)의 지분 100%를 713억원에 가져와 뷰티 사업을 프리미엄&럭셔리에서 영뷰티 비건 브랜드로 확장했다. 어뮤즈는 2023년 매출 368억원에서 작년 520억원으로 껑충 뛰었다. 
                    



신세계인터내셔날 청담 사옥 외관. 신세계인터내셔날 제공

 “고강도 체질개선 중 … 성장 가능성 높은 브랜드 다수 도입”12일 회사 관계자는 “올해 고강도 체질 개선을 통해 수익성을 강화하는 동시에 수입 사업에서 성장 가능성이 높은 브랜드를 다수 도입해 안정적인 성장을 도모하고 있다”며 “컨틴전시 플랜(비상 계획)을 가동하고 자산 효율성 극대화, 본업 경쟁력 확보, 효율 중심 업무 혁신을 중점 추진 과제로 설정해 실적 개선에 박차를 가하고 있다”고 말했다.특히 “상반기 오스테리일리아 럭셔리 브랜드 ‘짐머만’, 미국 럭셔리 브랜드 ‘앙팡 리쉬 데프리메’, 일본 패션 브랜드 ‘CFCL’을 신규 론칭했다”며 “이중 도산공원 인근에 플래그십스토어를 연 앙팡 리쉬 데프리메가 기대 이상의 매출을 달성하고 있다”고 분위기를 전했다. 아시아 최초 플래그십스토어인 만큼 국내 고객뿐 아니라 일본, 중국, 동남아시아 등의 고객을 확보하고 장기적으로 아시아 거점 매장으로 키울 계획이다. 
                    



스튜디오 톰보이 25SS 시즌 컬렉션 컷. 신세계인터내셔날 제공

                신성장동력을 묻자 “작년 하반기 인수한 K뷰티 어뮤즈와 자사 화장품 브랜드 연작이 선봉장이다”고 답했다. 그는 “코스메틱의 경우 지난 1분기 매출 1131억원으로 전년 동기 대비 8.4% 증가해 역대 최대 분기 매출을 달성했다”고 강조했다. 어뮤즈는 일본에서 2배 이상 성장세를 보이고 미국과 동남아 등으로 사업 확장을 추진 중인 것으로 알려졌다. 그는 “지난 6월 베스트셀러 제품인 젤핏 틴트의 미니 버전이 출시돼 일본 약 3000개 버라이어티숍 및 드럭스토어에 입점됐고 향후에도 일본 현지 수요를 반영한 컬러 개발과 한정 제품 기획을 지속해 어뮤즈만의 립 메이크업 세계관을 확장하겠다”고 밝혔다.그는 “국내에서는 ‘태닝 헬로키티’ 한정판 에디션이 최고의 화제를 모았으며 지난 6월 20일 성수동 플래그십스토어를 오픈하는 등 뷰티 시장에서 존재감을 키워가고 있다”고 말했다. 이어 “연작의 국내 매출은 작년 50% 가까이 성장했고, 올 상반기 80% 가까이 매출이 뛰었다”며 “베이스프렙, 전초컨센트레이드, 백년초수분크림 등 다수의 베스트셀러 제품을 탄생시켜 중국과 일본으로 사업을 확장하겠다”고 힘주었다. 대신증권 “올해 매출 1조3370억·영업익 310억”2022년 매출 1조5539억원, 영업이익 1153억원으로 역대 최대 실적을 기록한 후 주춤하고 있다. 작년 매출 1조3086억원, 영업이익 268억원으로 뒷걸음질 했지만 올해 반등을 꾀하고 있다. 대신증권은 올해 매출 1조3370억원, 영업이익 310억원을 전망했다. 영업이익률이 2022년 7.42%에서 작년 2.05%까지 낮아진 것은 풀어야 할 숙제다. 총 주식 수는 3534만3000주로 신세계(지분 39.31%) 외 특수관계인(정유경) 1인이 지분 54.6%를 보유한 최대주주다. 네이버 6.92%, 자사주 2.02%, 외국인 4.17%로 유통 물량은 사실상 35%가 조금 안 된다. 1분기 기준 현금성 자산 355억원, 유형자산 2651억원 있다. 부채비율 60.91%, 자본유보율 2253.79%로 재무건전성은 양호하다. 
                    



비디비치 글로벌 앰버서더 르세라핌 카즈하 모델 컷. 신세계인터내셔날 제공

                주가 부양책을 묻자 “올해 보유 자사주 35만7000주의 소각을 결정했으며 주주환원 재원을 별도 영업이익의 20% 수준으로 확대했다”고 답했다. 또 “2027년까지 보유 자사주 71만4000주를 추가 소각하겠다”고 덧붙였다. 그는 “2027년까지 1주당 최소 배당금을 400원으로 결정해 이전보다 최소 배당금을 67% 증액했으며, 배당 절차를 선진적으로 개선해 배당기준일 전 배당액을 우선 확정할 수 있게 제도도 변경했다”고 설명했다. 투자 긍정 요인으로는 자체 뷰티 브랜드 어뮤즈와 연작의 글로벌 확장성이다. 어뮤즈는 일본 매출이 2배 이상 늘고 있고 연작도 일본과 중국에서 흥행 중이다. 게다가 신규 도입한 수입 브랜드(더로우, 앙팡 리쉬 데프리메, 로에베 퍼퓸, 돌체앤가바나뷰티 등)의 실적이 질주하고 있는 것이다. 다만 고물가로 인해 의류에 대한 소비가 줄거나 원·달러 환율에 대한 불확실성도 남아 있는 건 위험 요인이다. 
                    



연작 베이스프렙 모델 노윤서. 신세계인터내셔날 제공

 목표가 계속 내렸는데 … 1만8000원 상향 보고서 등장목표주가를 내리던 증권사가 많았지만 최근 상향 리포트가 나왔다. 김혜미 상상인증권 연구원은 “2분기 매출 3195억원, 영업이익 70억원이 전망된다”고 했다. 그는 “2023년부터 지속적인 실적 감소가 나타나고 있는데, 이는 전반적인 내수 소비 침체 영향 아래 일부 해외 패션 브랜드 유통 계약 종료와 효율화 및 구조조정 효과 등이 동시다발적으로 이뤄졌기 때문이다”고 분석했다. 그러나 “패션 및 화장품 신규 브랜드 도입을 꾸준히 확대하고 상품 믹스 개선 등 수익성 중심의 경영 전략을 실시함에 따라 역성장세는 2분기 중 마무리될 것이다”고 예상했다.이어 “3분기부터는 극도로 낮은 영업이익 기저와 인바운드(외국인의 국내 여행) 증가, 내수 소비 심리 개선 등 요인이 맞물리며 실적 턴어라운드가 가능할 것이다”며 “기존 자체 브랜드 및 신규 인수 브랜드 어뮤즈 호조 등으로 전사 이익 회복이 기대된다”고 했다. 목표주가는 1만8000원으로 올렸는데 현 주가 대비 41.96% 상승 여력이 있다. 
                    



뷰티 브랜드 제품 모음. 신세계인터내셔날 제공

                정지윤 NH투자증권 연구원은 “2분기 어뮤즈 실적 호조와 하반기 비디비치 리뉴얼 효과, 올리브영 및 해외 직판 준비 등 화장품 실적 상향 가능성이 높아진 건 긍정적이다”고 했다. 다만 “현 주가(7월 9일 1만2580원 기준)는 2025년 실적 예상치 PER 15.8배로 관련 기대감을 빠르게 반영했다”고 조언했다. 
                    




'1500만 개미'와 함께 달리겠습니다. 여러분의 주식 계좌가 빨간불이 되는 그날까지 재미있는 종목 기사 많이 쓰겠습니다. 아래 기자 페이지에서 윤현주 기자 구독과 응원을 눌러 주시면 기사를 매번 빠르게 확인하실 수 있습니다.윤현주 기자 hyunju@hankyung.com",https://www.hankyung.com/article/202507024336i,2025.07.12 07:00
"네이버, 경량 추론 AI 무료 공개…""학습 비용 동급 모델 100분의 1""",,"네이버클라우드가 독자 개발한 추론(reasoning) 인공지능(AI) 모델을 무료로 공개하며 국내 AI 생태계 확장에 나섰다.네이버클라우드는 추론 능력과 경량화 기술을 결합한 AI 모델 ‘하이퍼클로바X 시드 14B 싱크’를 오픈소스로 공개했다고 22일 발표했다. 상업적 이용이 가능한 형태로, 기업들은 연구 목적을 넘어 실제 비즈니스에서 자유롭게 적용할 수 있다.이번에 공개한 모델은 지난달 발표한 ‘하이퍼클로바X 싱크’를 경량화한 모델이다. 성능은 유지하면서도 학습 비용을 획기적으로 낮췄다. 중요도가 낮은 파라미터(매개변수)는 ‘가지치기’하고, 대형 모델의 지식을 소형 모델에 증류하는 방식으로 학습 효율을 극대화했다.이 모델의 파라미터는 140억 개 규모지만 5억 개 파라미터로 구성된 글로벌 오픈소스 모델보다 적은 연산 자원으로 학습됐다. 같은 규모의 해외 모델과 비교하면 1회 학습 비용이 100분의 1 수준에 불과하다.네이버클라우드는 지난 4월에도 경량화 모델 3종을 오픈소스로 공개해 누적 다운로드 100만 건을 돌파했다.이승우 기자 leeswoo@hankyung.com",https://www.hankyung.com/article/2025072250671,2025.07.22 17:16
"[마켓PRO] 투자고수·자산가들, HMM·SK하이닉스 집중매수",,"※한경 마켓PRO 텔레그램을 구독하시면 프리미엄 투자 콘텐츠를 보다 편리하게 볼 수 있습니다. 텔레그램에서 ‘마켓PRO’를 검색하면 가입할 수 있습니다.




SK하이닉스 경기 이천 M16 공장 전경. /사진=SK하이닉스

                대형 증권사의 투자 고수와 고액 자산가들이 지난주 조선과 반도체 종목을 집중적으로 사들인 것으로 나타났다. 하반기 주도 업종으로 꼽히면서 매수세가 몰린 것으로 풀이된다.7일 미래에셋증권에 따르면 이 증권사를 이용하는 수익률 상위 1% 고수들은 지난달 27일부터 이달 4일까지 HMM을 가장 많이 사들였다. HD한국조선해양, 현대로템, 에스피지 등이 뒤를 이었다.
                    




                한국투자증권의 계좌 평균 잔액 10억원 이상 자산가들은 SK하이닉스와 에이비온, NAVER, 한미반도체 등을 대거 순매수했다.증권가에선 하반기 주도 업종으로 반도체와 조선을 주목하는 분위기다. 대한상공회의소도 최근 11개 주요 협회·단체와 실시한 ‘2025년 하반기 산업기상도 조사’에서 이들 업황의 전망을 밝게 봤다. 
                    




                국가별 인공지능(AI) 인프라 구축 경쟁 및 빅테크 중심의 AI 서버 투자 확대로 고대역폭메모리(HBM) 등 반도체 수출 호조가 예상되고 있다. 조선의 경우 미국 액화천연가스(LNG) 프로젝트를 통한 LNG선 추가 발주, 새 정부의 조선업 발전 공약 등에 따른 글로벌 경쟁력 강화 등이 호재로 작용하고 있다. 류은혁 기자 ehryu@hankyung.com",https://www.hankyung.com/article/202507060986i,2025.07.07 07:00
"24일, 외국인 거래소에서 NAVER(-1.94%), 에이피알(-3.01%) 등 순매도",,"외국인 투자자는 24일 거래소에서 NAVER, 에이피알, 현대건설 등을 중점적으로 매도한 것으로 나타났다.외국인 투자자의 순매도 상위 20개 종목은 NAVER, 에이피알, 현대건설, 현대로템, LG전자, 농심, 씨에스윈드, SK텔레콤, OCI홀딩스, 풍산등이다.이중에 철강 및 금속 업종에 속한 종목이 4개 포함되어 있다.현대건설, PLUS K방산, 한화솔루션 등은 전일 대비 주가가 상승했고, NAVER, 에이피알, 현대로템 등은 주가가 하락했다.[07월24일]거래소 외국인 순매도 상위 종목한경로보뉴스이 기사는 한국경제신문과 금융 AI 전문기업 씽크풀이 공동 개발한 기사 자동생성 알고리즘에 의해 실시간으로 작성된 것입니다.",https://www.hankyung.com/article/202507240573L,2025.07.24 18:35
고금리 OUT! 증권사 신용대출 3%대로 전환하는 방법,,"전송종목 : KT, LG유플러스, 삼성생명, KT&G, 두산에너빌리티최근 주식 투자자들 사이에서 주식대출(미수/신용융자 등)의 고금리에 대한 부담이 커지고 있다.특히 저금리를 적용 받고 싶어도, 기존 대출을 상환하고 다시 주식을 매수해야 하는 번거로운 절차와 자금 조달의 어려움이 발목을 잡고 있다.이런 현실적인 문제를 해결하고자, 무빙스탁이 ‘증권사 신용, 대환자금대출’ 서비스를 전격 출시했다.이 상품은 주식을 매도하지 않고도, 기존의 고금리의 주식대출(미수/신용융자 등)의 3%대의 혁신적인 저금리 증권사로 전환할 수 있도록 상환자금을 제공하는 것이 핵심이다.무빙스탁 관계자는 “현재 증권사 이벤트 금리는 연 3%대 수준으로, 기존 9~10%대 고금리를 적용받는 투자자라면 절감 효과가 상당하다”며, 금리를 5%만 낮추면 “1억원 신용대출 기준으로 연간 약 500만원, 3억원이라면 1,500만원까지도 절약할 수 있다”고 밝혔다.더 놀라운 점은, 현재는 이벤트 기간으로 대환자금대출 신청시 발생하는 이자 비용까지 ‘0원’이라는 사실이다. 대환자금에 대해서 하루의 대출이자도 부담하지 않고 기존 고금리 대출을 저금리로 전환할 수 있어, 고금리 부담에 시달리던 투자자들에게 큰 호응을 얻을 전망이다.이 서비스는 부동산 시장에서 흔히 이용되던 대환대출 개념을 증권시장에 도입한 혁신적인 시도로, 주식 투자자들의 자금 운용에 새로운 대안을 제시할 것으로 기대된다.무빙스탁 ‘증권사 신용, 대환자금대출’의 비용 무료 이벤트는 이벤트 기간 동안 한정적으로 제공되는 만큼, 신용융자를 이용 중인 투자자라면 지금 바로 확인해볼 필요가 있다.★ 장마감 시간이 가까워질수록 문의가 많아 상담이 지연될 수 있습니다.★ 7월 문의하신 고객들이 많이 보유하신 종목으로는 삼성전자, POSCO홀딩스, 셀트리온, 포스코퓨처엠, 에코프로비엠, NAVER, 에코프로, 삼성SDI, LG화학, SK하이닉스, 두산에너빌리티, 카카오, SK이노베이션, LG에너지솔루션, 엘앤에프, 삼천당제약, 현대차, 알테오젠, HPSP, LG전자 등이 있습니다.★ 안내사항과도한 빚은 당신에게 큰 불행을 안겨줄 수 있습니다. 대출 시 신용등급 하락으로 다른 금융거래가 제약받을 수 있습니다. 중개수수료를 요구하거나 받는 것은 불법입니다.상호명: ㈜단비대부 2021-서울영등포-2102(대부업) | TEL: 1544-4886 | 대출금리: 연 20%이내(연체금리는 약정금리+3%p이내, 최대 연 20%이내) | 단, 2021. 7. 7.부터 신규체결, 갱신, 연장되는 계약에 한함 | 채무의 조기상환 조건 및 부대비용 없음. (단, 신용조회비용 및 담보권설정비용 있음), 이자 외 별도로 중개수수료를 요구하거나 수취하는 것은 불법입니다. | 대표이사: 박동원 | 사업자등록번호: 274-86-00231 | 등록기관명칭: 서울 영등포구청(담당부서: 일자리경제과, 02-2670-3420) | 소재지 : 서울 영등포구 여의대방로67길 11, 5층 517호 | 개인정보관리자메일: help@danbifund.co.kr무료상담",https://www.hankyung.com/article/202507223167a,2025.07.22 08:53
,,,https://magazine.hankyung.com/business/article/202507162970b,
9~10% 주식 관련 대출에서 3%대 대출로 교체,,"전송종목 : 토비스, 인터플렉스, CJ프레시웨이, 현대바이오랜드, 코텍최근 주식 투자자들 사이에서 주식대출(미수/신용융자 등)의 고금리에 대한 부담이 커지고 있다.특히 저금리를 적용 받고 싶어도, 기존 대출을 상환하고 다시 주식을 매수해야 하는 번거로운 절차와 자금 조달의 어려움이 발목을 잡고 있다.이런 현실적인 문제를 해결하고자, 무빙스탁이 ‘증권사 신용, 대환자금대출’ 서비스를 전격 출시했다.이 상품은 주식을 매도하지 않고도, 기존의 고금리의 주식대출(미수/신용융자 등)의 3%대의 혁신적인 저금리 증권사로 전환할 수 있도록 상환자금을 제공하는 것이 핵심이다.무빙스탁 관계자는 “현재 증권사 이벤트 금리는 연 3%대 수준으로, 기존 9~10%대 고금리를 적용받는 투자자라면 절감 효과가 상당하다”며, 금리를 5%만 낮추면 “1억원 신용대출 기준으로 연간 약 500만원, 3억원이라면 1,500만원까지도 절약할 수 있다”고 밝혔다.더 놀라운 점은, 현재는 이벤트 기간으로 대환자금대출 신청시 발생하는 이자 비용까지 ‘0원’이라는 사실이다. 대환자금에 대해서 하루의 대출이자도 부담하지 않고 기존 고금리 대출을 저금리로 전환할 수 있어, 고금리 부담에 시달리던 투자자들에게 큰 호응을 얻을 전망이다.이 서비스는 부동산 시장에서 흔히 이용되던 대환대출 개념을 증권시장에 도입한 혁신적인 시도로, 주식 투자자들의 자금 운용에 새로운 대안을 제시할 것으로 기대된다.무빙스탁 ‘증권사 신용, 대환자금대출’의 비용 무료 이벤트는 이벤트 기간 동안 한정적으로 제공되는 만큼, 신용융자를 이용 중인 투자자라면 지금 바로 확인해볼 필요가 있다.★ 장마감 시간이 가까워질수록 문의가 많아 상담이 지연될 수 있습니다.★ 7월 문의하신 고객들이 많이 보유하신 종목으로는 삼성전자, POSCO홀딩스, 셀트리온, 포스코퓨처엠, 에코프로비엠, NAVER, 에코프로, 삼성SDI, LG화학, SK하이닉스, 두산에너빌리티, 카카오, SK이노베이션, LG에너지솔루션, 엘앤에프, 삼천당제약, 현대차, 알테오젠, HPSP, LG전자 등이 있습니다.★ 안내사항과도한 빚은 당신에게 큰 불행을 안겨줄 수 있습니다. 대출 시 신용등급 하락으로 다른 금융거래가 제약받을 수 있습니다. 중개수수료를 요구하거나 받는 것은 불법입니다.상호명: ㈜단비대부 2021-서울영등포-2102(대부업) | TEL: 1544-4886 | 대출금리: 연 20%이내(연체금리는 약정금리+3%p이내, 최대 연 20%이내) | 단, 2021. 7. 7.부터 신규체결, 갱신, 연장되는 계약에 한함 | 채무의 조기상환 조건 및 부대비용 없음. (단, 신용조회비용 및 담보권설정비용 있음), 이자 외 별도로 중개수수료를 요구하거나 수취하는 것은 불법입니다. | 대표이사: 박동원 | 사업자등록번호: 274-86-00231 | 등록기관명칭: 서울 영등포구청(담당부서: 일자리경제과, 02-2670-3420) | 소재지 : 서울 영등포구 여의대방로67길 11, 5층 517호 | 개인정보관리자메일: help@danbifund.co.kr무료상담",https://www.hankyung.com/article/202507145611a,2025.07.14 11:38
"국내 AI 인프라, 아마존·MS에 점령당해","'K클라우드' 연산·스토리지 부족
AI 데이터센터 4개…中의 20%뿐 
기술 전문인력 턱없이 모자라","정부가 ‘소버린 인공지능(AI)’ 개발에 박차를 가하고 있지만 정작 이를 뒷받침할 클라우드 인프라는 외국 기업에 절대적으로 의존하고 있다는 지적이 나온다. 고성능 연산을 뒷받침할 인프라뿐 아니라 이를 운용할 전문 인력조차 턱없이 부족한 실정이다. 중국만 해도 화웨이 등 빅테크들이 AI 독립을 위해 클라우드 국산화에 힘을 싣고 있다.





                7일 과학기술정보통신부의 ‘2023년 부가통신사업 실태조사’에 따르면 국내 기업의 클라우드 이용률은 아마존웹서비스(AWS)가 60.2%로 압도적 1위였고, 이어 마이크로소프트 애저(24.0%), 구글 클라우드(GCP·19.9%) 순이다. 네이버 클라우드가 20.5%로 구글을 근소하게 앞섰지만 KT(8.2%), NHN(7.0%), 삼성SDS(1.2%) 등 다른 국내 사업자는 모두 한 자릿수 점유율에 그쳤다.정부가 강조하는 ‘K클라우드’는 AI 연산을 감당할 체급조차 못 갖춘 상태다. 초거대 AI 모델은 수천 개의 고성능 그래픽처리장치(GPU)가 동시에 작업을 나눠 처리할 수 있는 연산 환경이 필요하다. 여기에 데이터를 지체 없이 주고받는 고속 네트워크와 학습 과정에서 생성되는 방대한 정보를 저장할 수 있는 대용량 스토리지도 필수다. 하지만 국내 클라우드 기업 중 이런 AI 전용 인프라를 갖춘 곳은 사실상 전무하다는 게 업계의 공통된 설명이다.정부가 뒤늦게 AI 데이터센터 구축에 나서고 있지만 선도국과의 격차는 이미 돌이키기 힘들 만큼 벌어졌다는 평가가 나온다. 옥스퍼드인터넷연구소(OII)에 따르면 지난해 말 기준 AI 데이터센터는 미국이 26개로 가장 많았고, 중국이 22개로 그 뒤를 이었다. 유럽연합(EU)은 기타 유럽 국가를 포함해 총 36개였다. 반면 한국은 고작 4개에 불과하다. 아시아 내에서도 싱가포르(6개)와 인도(5개)에 못 미치는 수준이다.설령 AI 인프라를 구축한다고 해도 이를 효율적으로 운영할 수 있는 전문 인력과 기술 역량이 턱없이 부족하다는 평가다. 업계에 따르면 고성능 연산 인프라를 설계·관리할 수 있는 인력은 SK, 삼성, 네이버 등 국내 대기업 일부에 국한돼 있는 것으로 알려졌다.정보기술(IT)업계 관계자는 “초거대 AI에 필요한 GPU 클러스터는 수천 개 GPU가 병목 없이 병렬 연산을 수행하도록 정밀하게 설계돼야 한다”고 말했다. 또 “단순 장비를 도입하는 것만으로는 운영이 불가능하고, 이를 설계하고 운영할 수 있는 전문 인력과 조직이 함께 구축돼야만 AI 주권 확보가 현실이 될 수 있다”고 덧붙였다.안정훈 기자 ajh6321@hankyung.com",https://www.hankyung.com/article/2025070717281,2025.07.07 15:34
9~10% 주식 관련 대출에서 3%대 대출로 교체,,"전송종목 : POSCO홀딩스, DB손해보험, 에스엘, 삼성전자, NH투자증권최근 주식 투자자들 사이에서 주식대출(미수/신용융자 등)의 고금리에 대한 부담이 커지고 있다.특히 저금리를 적용 받고 싶어도, 기존 대출을 상환하고 다시 주식을 매수해야 하는 번거로운 절차와 자금 조달의 어려움이 발목을 잡고 있다.이런 현실적인 문제를 해결하고자, 무빙스탁이 ‘증권사 신용, 대환자금대출’ 서비스를 전격 출시했다.이 상품은 주식을 매도하지 않고도, 기존의 고금리의 주식대출(미수/신용융자 등)의 3%대의 혁신적인 저금리 증권사로 전환할 수 있도록 상환자금을 제공하는 것이 핵심이다.무빙스탁 관계자는 “현재 증권사 이벤트 금리는 연 3%대 수준으로, 기존 9~10%대 고금리를 적용받는 투자자라면 절감 효과가 상당하다”며, 금리를 5%만 낮추면 “1억원 신용대출 기준으로 연간 약 500만원, 3억원이라면 1,500만원까지도 절약할 수 있다”고 밝혔다.더 놀라운 점은, 현재는 이벤트 기간으로 대환자금대출 신청시 발생하는 이자 비용까지 ‘0원’이라는 사실이다. 대환자금에 대해서 하루의 대출이자도 부담하지 않고 기존 고금리 대출을 저금리로 전환할 수 있어, 고금리 부담에 시달리던 투자자들에게 큰 호응을 얻을 전망이다.이 서비스는 부동산 시장에서 흔히 이용되던 대환대출 개념을 증권시장에 도입한 혁신적인 시도로, 주식 투자자들의 자금 운용에 새로운 대안을 제시할 것으로 기대된다.무빙스탁 ‘증권사 신용, 대환자금대출’의 비용 무료 이벤트는 이벤트 기간 동안 한정적으로 제공되는 만큼, 신용융자를 이용 중인 투자자라면 지금 바로 확인해볼 필요가 있다.★ 장마감 시간이 가까워질수록 문의가 많아 상담이 지연될 수 있습니다.★ 7월 문의하신 고객들이 많이 보유하신 종목으로는 삼성전자, POSCO홀딩스, 셀트리온, 포스코퓨처엠, 에코프로비엠, NAVER, 에코프로, 삼성SDI, LG화학, SK하이닉스, 두산에너빌리티, 카카오, SK이노베이션, LG에너지솔루션, 엘앤에프, 삼천당제약, 현대차, 알테오젠, HPSP, LG전자 등이 있습니다.★ 안내사항과도한 빚은 당신에게 큰 불행을 안겨줄 수 있습니다. 대출 시 신용등급 하락으로 다른 금융거래가 제약받을 수 있습니다. 중개수수료를 요구하거나 받는 것은 불법입니다.상호명: ㈜단비대부 2021-서울영등포-2102(대부업) | TEL: 1544-4886 | 대출금리: 연 20%이내(연체금리는 약정금리+3%p이내, 최대 연 20%이내) | 단, 2021. 7. 7.부터 신규체결, 갱신, 연장되는 계약에 한함 | 채무의 조기상환 조건 및 부대비용 없음. (단, 신용조회비용 및 담보권설정비용 있음), 이자 외 별도로 중개수수료를 요구하거나 수취하는 것은 불법입니다. | 대표이사: 박동원 | 사업자등록번호: 274-86-00231 | 등록기관명칭: 서울 영등포구청(담당부서: 일자리경제과, 02-2670-3420) | 소재지 : 서울 영등포구 여의대방로67길 11, 5층 517호 | 개인정보관리자메일: help@danbifund.co.kr무료상담",https://www.hankyung.com/article/202507071510a,2025.07.07 10:48
이자 폭탄 막자! 증권사 신용대출 3%대 전환으로 절약하는 법,,"전송종목 : 유니퀘스트, STX엔진, 대봉엘에스, 한양디지텍, 에이블씨엔씨최근 주식 투자자들 사이에서 주식대출(미수/신용융자 등)의 고금리에 대한 부담이 커지고 있다.특히 저금리를 적용 받고 싶어도, 기존 대출을 상환하고 다시 주식을 매수해야 하는 번거로운 절차와 자금 조달의 어려움이 발목을 잡고 있다.이런 현실적인 문제를 해결하고자, 무빙스탁이 ‘증권사 신용, 대환자금대출’ 서비스를 전격 출시했다.이 상품은 주식을 매도하지 않고도, 기존의 고금리의 주식대출(미수/신용융자 등)의 3%대의 혁신적인 저금리 증권사로 전환할 수 있도록 상환자금을 제공하는 것이 핵심이다.무빙스탁 관계자는 “현재 증권사 이벤트 금리는 연 3%대 수준으로, 기존 9~10%대 고금리를 적용받는 투자자라면 절감 효과가 상당하다”며, 금리를 5%만 낮추면 “1억원 신용대출 기준으로 연간 약 500만원, 3억원이라면 1,500만원까지도 절약할 수 있다”고 밝혔다.더 놀라운 점은, 현재는 이벤트 기간으로 대환자금대출 신청시 발생하는 이자 비용까지 ‘0원’이라는 사실이다. 대환자금에 대해서 하루의 대출이자도 부담하지 않고 기존 고금리 대출을 저금리로 전환할 수 있어, 고금리 부담에 시달리던 투자자들에게 큰 호응을 얻을 전망이다.이 서비스는 부동산 시장에서 흔히 이용되던 대환대출 개념을 증권시장에 도입한 혁신적인 시도로, 주식 투자자들의 자금 운용에 새로운 대안을 제시할 것으로 기대된다.무빙스탁 ‘증권사 신용, 대환자금대출’의 비용 무료 이벤트는 이벤트 기간 동안 한정적으로 제공되는 만큼, 신용융자를 이용 중인 투자자라면 지금 바로 확인해볼 필요가 있다.★ 장마감 시간이 가까워질수록 문의가 많아 상담이 지연될 수 있습니다.★ 7월 문의하신 고객들이 많이 보유하신 종목으로는 삼성전자, POSCO홀딩스, 셀트리온, 포스코퓨처엠, 에코프로비엠, NAVER, 에코프로, 삼성SDI, LG화학, SK하이닉스, 두산에너빌리티, 카카오, SK이노베이션, LG에너지솔루션, 엘앤에프, 삼천당제약, 현대차, 알테오젠, HPSP, LG전자 등이 있습니다.★ 안내사항과도한 빚은 당신에게 큰 불행을 안겨줄 수 있습니다. 대출 시 신용등급 하락으로 다른 금융거래가 제약받을 수 있습니다. 중개수수료를 요구하거나 받는 것은 불법입니다.상호명: ㈜단비대부 2021-서울영등포-2102(대부업) | TEL: 1544-4886 | 대출금리: 연 20%이내(연체금리는 약정금리+3%p이내, 최대 연 20%이내) | 단, 2021. 7. 7.부터 신규체결, 갱신, 연장되는 계약에 한함 | 채무의 조기상환 조건 및 부대비용 없음. (단, 신용조회비용 및 담보권설정비용 있음), 이자 외 별도로 중개수수료를 요구하거나 수취하는 것은 불법입니다. | 대표이사: 박동원 | 사업자등록번호: 274-86-00231 | 등록기관명칭: 서울 영등포구청(담당부서: 일자리경제과, 02-2670-3420) | 소재지 : 서울 영등포구 여의대방로67길 11, 5층 517호 | 개인정보관리자메일: help@danbifund.co.kr무료상담",https://www.hankyung.com/article/202507158101a,2025.07.15 11:38
"""AI에게 속마음 털어놨어요""…네이버 '케어콜' 日엑스포 출격","과거 대화 기반으로 안부 물어
""AI 기반 복지 플랫폼으로 확대""","네이버클라우드는 9~11일 일본 오사카·간사이 엑스포에 참가해 인공지능(AI)과 디지털트윈 기반의 디지털 복지 기술을 선보였다.  /고은이 기자

                “오늘은 기운이 별로 없으시군요. 힘든 일이 있으면 말씀해주세요.”지난 10일 일본 ‘2025 오사카·간사이 엑스포’의 네이버클라우드 특별 전시관. 클로바 케어콜 부스에 들어서자 키오스크에 등장한 인공지능(AI) 캐릭터가 살갑게 말을 건넸다. 20대 여성의 모습을 한 캐릭터는 오늘은 누구를 만났는지, 컨디션은 어떤지 등을 물었다. “컨디션이 별로”라고 답하자 “무슨 일이 있는지 말해달라”며 대화를 이어갔다.네이버클라우드는 9~11일 사흘간 엑스포 내 430㎡(약 130평) 규모 특별 전시관에서 AI 안부 전화 서비스인 네이버 케어콜을 소개했다. 사흘간 관람객 1만2000여 명이 케어콜을 체험했다. 케어콜은 AI가 독거노인과 중장년층에 전화를 걸어 안부를 묻고 이상 징후를 확인하는 서비스다.오사카에 거주하는 다카하시 씨(67)는 “교통사고 후 언어장애가 생겨 말로 표현하는 데 시간이 오래 걸린다”며 “케어콜과 대화해보니 막혀 있던 부분에 기름칠을 한 것처럼 뚫리는 느낌이 들었다”고 말했다. 91세 할머니가 있다는 사토 씨(31)는 “할머니가 종일 아무 말도 안 하실 때가 많다”며 “병원 진료 전에 증상에 대해 케어콜과 연습해두면 더 편안하게 진료받으실 수 있을 것 같다”고 했다.케어콜은 한국에서 음성 AI만으로 이뤄지던 서비스지만 이날 전시에선 디지털 휴먼으로 구현된 AI 캐릭터가 등장했다. 기존 자동응답 방식의 단답형 서비스와 달리 과거 통화 내용을 기억하고 그에 기반해 안부를 묻는 게 특징이다. 전시관을 찾은 스즈키 마사코 씨(69)는 “평소 속마음을 터놓기 쉽지 않은데 케어콜과 대화하다가 5년 전 죽은 남편에 대해 처음으로 대화를 나누게 됐다”고 말했다.네이버클라우드는 지난달 일본 이즈모시와 협력해 케어콜 서비스 시범사업을 시작했다. 이즈모시는 인구 17만 명 규모의 도시로 일본에서도 고령화율이 높은 지역으로 손꼽힌다. 네이버클라우드는 케어콜에 디지털트윈 기술을 더해 복지, 의료, 치안 등 기능을 총괄하는 AI 기반 복지 플랫폼으로 발전시키겠다는 계획이다.오사카=고은이 기자 koko@hankyung.com",https://www.hankyung.com/article/2025071132911,2025.07.11 17:20
[정인호의 통섭의 경영학] 요즘 경력 개발법,한경닷컴 더 라이프이스트,"사진=게티이미지뱅크

                경력개발의 패러다임이 바뀌고 있다. 평생 직장의 개념이 희석되어가고 여러 개의 일을 함께 하는 ‘N잡러’가 등장하는 등 직원의 직장관이 다양해지고 있다. 잡코리아의 조사에 의하면 N잡을 해본 경험이 있는 직장인 10명 중 8명 이상으로 나타났다. 직장인 20대와 30대가 N잡을 하는 이유로는 단순히 수입을 더 늘리기보다는 ‘하고 싶은 일이 많아서’, ‘자기만족을 위해서’, ‘다양한 경험을 쌓아 역량을 높이고 싶어’ 등의 순으로 대답했다.이러한 변화의 흐름에 맞춰 기업도 직급체계 단순화를 통해 의사결정의 신속화, 수평적 조직문화 활성화, 직무간 부서간 이동을 원활하게 하는 직무순환제도 등 다양한 방식의 변화를 도모하고 있다. 하지만 한계는 존재한다. 현재 대부분의 기업은 눈앞에 길이 명확히 보이는 ‘경력 사다리(career ladder)’라는 경력개발 방식을 운영하고 있다. 과거에는 몇 년 후 승진하면 어떤 직급, 어떤 업무를 할 것인지 예측이 가능했다. 직군간 이동이 불가한 경우가 많고 개인의 경력 여정에 필수적으로 경험하는 단계가 분명했다.◈ Googbye career ladder, Hello squiggly career path그런데 과거 경력 사다리, 커리어 패스와 같이 선형적으로 성장해가는 모습을 기대했던 것과 다른 현실이 펼쳐지기 시작했다. 기하급수적으로 변화하는 디지털 혁명시대에는 미래의 업무를 명확하게 예측할 수 없다. 실제로 요즘의 경력개발은 직무의 특성, 역할 등이 유동적으로 변화하고 서로 얽히면서 성장하는 방식으로 이루어지고 있다. 커리어가 단계적이고 선형적인 형태가 아닌 비선형 구조로 바뀌고 있는 것이다.비선형 경력 경로를 ‘커리어 스퀴글(career squiggle)’이라고 한다. ‘스퀴글(squiggle)’이란 물결 모양의 꼬임 또는 구불구불한 선을 의미한다. 오늘날 우리는 불확실하고 구불구불한 직업 세계에 살고 있다. 역할, 산업, 위치, 심지어 직업 사이를 자주 유동적으로 이동하는 것이 새로운 표준이 되고 있다. 미국의 노동통계국에 따르면 사람들은 평균적으로 5년마다 회사를 이직하고 평균 12개의 직업을 갖는다고 나타났다.그럼 직원들의 경력을 커리어 스퀴글 방식으로 개발하기 위해서는 어떻게 해야 할까? 커리어 스퀴글은 학습, 개발 및 성장에 대한 방식, 기존 강점, 자신의 개인적인 목표를 역동적으로 수용하는 방식 등을 포괄한다. 이 중에서 가장 중요한 요소는 강점 활용이다. 커리어 스퀴글은 개인이 가진 강점을 구심점으로 하여 경력을 개발할 수 있도록 지원한다. 인공 지능을 활용하여 의료 서비스를 제공하는 미국의 헬스케어 기업 리얼 케미스트리(Real Chemistry)는 직원의 강점을 강화할 수 있도록 50퍼센트는 기존 업무를 수행하고, 나머지 50퍼센트는 새로운 역량을 개발할 수 있는 ‘하이브리드 프로그램’을 운영한다. 6주간의 프로그램이 종료되면 해당 직원은 다른 부서나 직무로 이동할 수 있는 기회를 제공받는다.둘째는 네트워크다. 모든 위대한 사람 뒤에는 그들의 성취를 도운 사람들이 있다. 주변에 다양한 기술을 갖춘 진정한 사람들로 구성된 네트워크가 있으면 타인의 지식과 경험으로부터 혜택을 받을 수 있고, 자신의 기술과 전문 지식을 타인에게 선물로 줄 수 있다. 결과적으로 조직 내외부의 다양한 네트워크를 활용해 지식과 경험을 서로 주고 받으면서 자신의 경력과 역량을 함양할 수 있다.세 번째는 미래 가능성이다. 우리는 현재 강점을 최적화하는 데 시간의 80퍼센트를 사용하고, 미래에 유용할 수 있는 기술과 같은 다른 영역에 20퍼센트를 투자해야 한다. 미래의 모습은 예측할 수 없다. 2022년 기준 영국 근로자 중 약 6퍼센트만이 오전 9시부터 오후 5시까지 근무한다고 한다. 앞으로 어떻게 노동환경이 바뀔지 아무도 모른다. 따라서 당장 눈앞의 일에 매몰되지 말고 미래지향적인 관점에서 현재하고 있는 자신의 일과 역량이 어떻게 도움이 되는지 살펴봐야 한다. 미국의 대형 금융 서비스 기업인 씨티그룹은 ‘경험 허브(experience hub)’라는 프로그램을 통해 주 3~5시간 가량 자신이 원하는 미래 기술을 학습하고 이를 현장에 적용해 볼 수 있는 기회를 제공한다.일과 직업의 세계는 지난 10년 동안 많이 변했다. 불확실성이 증가하고 급격한 변화가 일어나는 시대에 전통적 경력개발 방식인 경력 사다리와 평생직장의 개념을 버리고 구불구불한 커리어 스퀴글과 평생학습으로 자신만의 길을 개척하시길 바란다.<한경닷컴 The Lifeist> 정인호 GGL리더십그룹 대표/경영평론가(ijeong13@naver.com)""외부 필진의 기고 내용은 본지의 편집 방향과 다를 수 있습니다.""독자 문의 : thepen@hankyung.com",https://www.hankyung.com/thepen/lifeist/article/202507011652Q,2025.07.03 16:40
"코스피, 외국인·기관 매도에 보합세…SK하이닉스 4.9%↓",,"사진=뉴스1

                코스피가 보합권에서 지지부진한 흐름을 보이고 있다. 외국인의 현·선물 매도세에, 기관까지 현물주식을 팔아치우면서다. 특히 SK하이닉스가 5% 가깝게 하락하고 있다.17일 오전 9시5분 현재 코스피는 전일 대비 1.55포인트(0.05%) 오른 3187.93에 거래되고 있다. 3200선을 회복하면서 시작한 증시는 곧바로 힘이 빠졌고, 보합권으로 밀렸다.외국인이 유가증권시장에서 607억원어치 주식과 코스피200 선물 940억원어치를 순매도하며 지수를 끌어 내리고 있다. 기관도 254억원어치 주식을 파는 중이다. 개인은 768억원어치 주식을 순매수하고 있다.시가총액 상위 종목들은 대체로 상승하고 있지만, SK하이닉스가 4.9% 하락하며 지수를 짓누르고 있다. 삼성전자는 1.85% 상승하고 있다.삼성바이오로직스와 LG에너지솔루션도 각각 1.16%와 1.13% 오르는 중이다.KB금융과 현대차는 강보합세다.NAVER도 1% 강세다.반면 한화에어로스페이스는 0.82% 내리고 있다.코스닥은 전일 대비 1.80포인트(0.22%) 오른 814.03에 거래되고 있다. 이 시장에서도 개인이 453억원어치 주식을 사는 반면, 외국인과 기관은 각각 435억원어치와 24억원어치를 팔고 있다.코스닥 시가총액 상위 종목 중에서는 펩트론이 6.33%나 올라 가장 돋보인다. 반면 알테오젠은 0.51% 하락하고 있다.에코프로비엠과 에코프로는 각각 1.17%와 3.15% 상승 중이다.서울외환시장에서 원·달러 환율은 전일 대비 0.6원(0.04%) 오른 달러당 1387.6원에 거래되고 있다.간밤 뉴욕증시에서 주요 지수는 요동쳤다. 도널드 트럼프 미국 대통령이 제롬 파월 미 중앙은행(Fed) 의장을 해임할 가능성 부상하자 하락했다가, 트럼프 대통령이 부인하자 증시는 상승전환해 강세로 마감됐다. 16일(현지시간) 뉴욕증권거래소(NYSE)에서 장 마감 무렵 다우존스30산업평균지수는 전일 대비 231.49포인트(0.53%) 오른 44,254.78에, 스탠더드앤드푸어스(S&P)500지수는 19.94포인트(0.32%) 상승한 6,263.70에, 나스닥종합지수는 52.69포인트(0.25%) 오른 20,730.49에 각각 거래를 마쳤다.한경우 한경닷컴 기자 case@hankyung.com",https://www.hankyung.com/article/2025071736296,2025.07.17 09:14
"""판교·분당 대체 주거지""…경안2지구 '해링턴 스퀘어 리버파크' 관심","광주 역동에 39층·890가구
판교역까지 14분…GTX 호재
전용 59㎡ 경쟁률 11.7 대 1","효성중공업이 경기 광주시 역동에서 선보인 ‘해링턴 스퀘어 리버파크’(투시도)가 성남 분당·판교 일대의 대체 주거지로 인기를 끌고 있다. 수도권 전철 경강선을 이용하면 10분대에 판교까지 이동할 수 있는 데다 수도권광역급행철도(GTX) 등 교통 호재도 예고돼 있어서다.경안2지구 도시개발구역 1블록에 들어서는 이 단지는 지하 5층~지상 최고 39층, 4개 동에 아파트 818가구(전용면적 59~161㎡)와 오피스텔 72실(전용 84㎡)로 구성된다. 지역 내 최고층 단지여서 광주의 스카이라인을 새로 그릴 전망이다.경강선 경기광주역이 가까운 게 장점이다. 경강선을 타면 14분 만에 판교역에 도착한다. ‘한국의 실리콘밸리’라 불리는 판교엔 네이버와 카카오, 엔씨소프트, 넥슨, 한글과컴퓨터 등 정보기술(IT)·게임·인터넷 기업이 모여 있다. 최근 판교와 분당 일대 집값이 다락같이 오르고 있다. 부동산R114에 따르면 지난해 분당구 아파트 평균 매매가격은 13억4046만원으로, 서울 평균(13억8046만원)에 육박한다.교통 여건 개선 속에 가격이 저렴한 광주가 용인 수지구와 더불어 성남과 서울 강남권 대체 주거지로 주목받고 있다. 판교역에서 신분당선으로 갈아타면 서울 강남역까지 30분대에 이동할 수 있어서다. 경기광주역엔 GTX-D와 수서~광주 복선전철도 추진되고 있다. 완공되면 삼성역과 수서역 접근성이 크게 좋아진다.주거 환경도 좋은 편이다. 단지 앞에 청석공원과 경안천이 있다. 경안천을 따라 생태문화 수변공원 조성사업(2027년 예정)이 추진되고 있다. 광주초교와 광주중, 광주중앙고, 경기교육청 광주도서관, 광주시립중앙도서관 등 교육시설도 인접해 있다. 참조은병원, 이마트, 경안시장, CGV 등 생활 인프라도 편리하게 누릴 수 있다.단지 외관엔 커튼월 룩(통유리 마감)과 입면 디자인을 적용해 고급화를 꾀한다. 피트니스센터와 GX(그룹운동)룸, 골프연습장, 사우나, 독서실, 작은도서관, 영상제작실, 다함께돌봄센터, 게스트하우스 등이 마련된다. 광주 최고층에서 전경을 감상할 수 있는 스카이라운지도 조성된다. 앱으로 전등, 난방, 가스, 환기 등을 제어할 수 있는 사물인터넷(IoT) 기술 기반 스마트홈 시스템도 도입된다.이달 초 받은 청약에서 아파트는 최고 11.7 대 1의 경쟁률(전용 59㎡A, 1순위 기준)을 기록했다. 오피스텔은 평균 7.3 대 1의 경쟁률로 마감했다. 아파트는 오는 21~23일 계약을 진행한다.이인혁 기자 twopeople@hankyung.com",https://www.hankyung.com/article/2025071500301,2025.07.15 16:59
"14일, 기관 거래소에서 SK하이닉스(+1.87%), NAVER(-1.58%) 등 순매도",,"기관 투자자는 14일 거래소에서 SK하이닉스, NAVER, 카카오 등을 중점적으로 매도한 것으로 나타났다.기관 투자자의 순매도 상위 20개 종목은 SK하이닉스, NAVER, 카카오, KODEX 200선물인버스2X, 카카오페이, 한미반도체, 두산에너빌리티, KODEX 200, PLUS 고배당주, 셀트리온등이다.이중에 전기,전자 업종에 속한 종목이 3개 포함되어 있다.SK하이닉스, KODEX 200, PLUS 고배당주 등은 전일 대비 주가가 상승했고, NAVER, 카카오, KODEX 200선물인버스2X 등은 주가가 하락했다.[07월14일]거래소 기관 순매도 상위 종목한경로보뉴스이 기사는 한국경제신문과 금융 AI 전문기업 씽크풀이 공동 개발한 기사 자동생성 알고리즘에 의해 실시간으로 작성된 것입니다.",https://www.hankyung.com/article/202507147739L,2025.07.14 18:35
"코스피, 소폭 오르며 3059.47 마감…'코스닥 대장' 알테오젠 11%↑",원·달러 환율 1367.8원에 주간장 마감,"사진=연합뉴스

                코스피와 코스닥 지수가 소폭 오르며 마감했다. 관세 우려에 장 초반 약세를 보였지만, 직전 거래일 급락한 탓에 저가 매수세가 유입되며 반등에 성공했다.7일 코스피는 전일 대비 5.19포인트(0.17%) 오른 3059.47에 거래를 마쳤다. 3030대에서 거래를 시작한 코스피는 장 초반 하락세를 보였다. 오후 12시20분께 상승 전환하며 3068.43까지 올랐다. 하지만 장 막판 상승분을 반납하며 마감했다.유가증권시장에서 개인은 홀로 1526억원을 순매수했다. 외국인과 기관은 각각 891억원, 835억원을 순매도하며 물량을 쏟아냈다.시가총액 상위주는 대부분 상승했다. 두산에너빌리티(4.83%)의 상승세가 두드러진 가운데 신한지주도 4.76% 올랐다. 자사주 소각 전망이 나오면서다. 한화에어로스페이스도 3.34% 올랐으며 네이버(2.81%), KB금융(2.05%), HD현대중공업(1.48%)도 올랐다.'깜짝 실적'에 3% 넘게 올랐던 LG에너지솔루션(1.45%)은 상승분을 대부분 반납한 채 마감했다. 개장 전 LG에너지솔루션은 2분기 매출액은 5조5654억원, 영업이익은 4922억원을 기록했다고 밝혔다. 영업이익은 컨센서스(증권사 전망치 평균)를 56%가량 웃돌았다.현대바이오(17.99%), 달바글로벌(10.29%), 에이피알(8.49%) 등 화장주도 강세를 보였다. 2분기 호실적 기대감이 반영된 모습이다. 이날 교보증권은 에이피알의 2분기 연결기준 매출액과 영업이익을 각각 전년 동기 대비 91%와 128% 늘어난 2964억원, 637억원으로 추정했다.LG전자는 3.89% 하락 마감했다. LG전자의 2분기 잠정 영업이익은 6391억원으로 집계됐다. 전년 동기 대비 46.6% 감소했다. 증권가 컨센서스(8470억원)를 25% 가까이 밑돈 '어닝 쇼크' 수준이다.그 외 삼성전자(-2.53%), 현대차(-0.95%), 삼성바이오로직스(-0.87%), 기아(-0.5%)의 주가도 하락했다.코스닥 지수는 전일 대비 2.66포인트(0.34%) 오른 778.46에 마감했다. 코스닥 지수는 줄곧 770선에서 거래됐다.코스닥 시장에서 외국인은 홀로 1359억원을 순매수했다. 기관과 개인은 각각 723억원, 558억원을 순매도했다.코스닥 시가총액 상위주는 대부분 상승했다. 코스닥 대장주 알테오젠은 11.05% 급등한 41만7000원에 거래를 마쳤다. 2대주주인 형인우 스마트앤그로스 대표가 대규모 주식 매입 소식을 전하며 코스피 이전 필요성을 강조한 데 따른 것으로 해석된다.파마리서치(4.97%), 실리콘투(3.71%), 펩트론(3.6%), 삼천당제약(2.25%), 코오롱티슈진(0.72%)도 강세를 보였다. 반면 에코프로비엠(-3.65%), 에코프로(-3.52%), 레인보우로보틱스(-1.87%) 등은 하락했다.원·달러 환율은 전장 대비 5.5원 오른 1367.8원에 주간 거래를 마쳤다. 관세 불확실성에 대한 경계감이 반영되며 장중 1370원 목전까지 오르기도 했다.이재원 신한투자증권 연구원은 ""8일 삼성전자 2분기 잠정 실적이 발표된다. 최근 이익 추정치는 하향 조정되고 있지만, 고대역폭메모리(HBM)4 일정 등 컨퍼런스콜 내용으로 시선이 움직이고 있다""며 ""9일은 관세 협상 유예 만료 시한이다. 유의미한 협상 결과가 발표될지 주목해야 한다""고 설명했다.진영기 한경닷컴 기자 young71@hankyung.com",https://www.hankyung.com/article/2025070727686,2025.07.07 15:50
"한성숙 ""네이버 주식매각, 공직자 결심순간에 정했어야 할 부분""",,"""경영진 책임경영 차원서 네이버 주식 매입…주주 입장이기도 해""장관 후보 수락 이유에 대해 ""받은 것 많아…제 능력 필요하면 써야""





                한성숙 중소벤처기업부 장관 후보자가 취임 후 보유 중인 네이버(NAVER) 주식을 전량 매각하기로 결정한 데 대해 ""공직자가 되겠다고 결심한 순간에 정했어야 하는 부분""이라고 말했다.한 후보자는 4일 서울 여의도 중소기업기술정보진흥원 수도권평가실에 마련된 인사청문회 준비 사무실 출근길에서 기자들과 만나 ""(네이버 주식 처분은) 공직자가 될 것이냐, 말 것이냐를 결정하는 데 포인트는 됐으나, 이 결정이 끝났다면 당연히 (적용)받아야 할 규정이었다""며 이같이 밝혔다.현행 공직자윤리법은 고위공직자 본인 및 이해관계자가 보유한 주식의 총가액이 3천만원을 초과하면 2개월 이내에 주식 매각 또는 백지신탁을 하도록 규정하고 있다.한 후보자는 전날 네이버 스톡옵션 6만주를 행사해 장관으로 임명되면 해당 주식을 전량 매각하기로 방침을 정했다.또 보유 중인 네이버 주식 8천934주도 장관 취임 시 전량 매각할 계획이다.한 후보자는 ""제가 한국 네이버 주식만 가진 이유도 궁금해하시는데 네이버 대표를 하면 연결되는 기업이 너무 많다""며 ""네이버 주식 외에는 다른 것을 갖지 않는 것이 좋겠다고 생각했다""고 설명했다.그러면서 ""경영진이 책임경영 차원에서 네이버 주식을 갖고 있기를 바라는 게 주주들 입장이기도 하다""며 ""이런 차원에서 정기적으로 네이버 주식을 매입해왔다""고 덧붙였다.스톡옵션 자체는 행사 전까지 미 실현 권리여서 공직자윤리법상 처분 대상이 아니다.한 후보자는 스톡옵션 행사 시점을 두고 ""네이버는 규정상 네이버에 적을 두지 않으면 스톡옵션을 행사할 자격이 사라진다.또 스톡옵션을 행사할 때는 반드시 월초 1∼3일 안에 행사해야 한다""며 ""이런 규정에 따라 움직인 것""이라고 설명했다.한 후보자는 장외 매각 등 구체적인 주식 매각 방식에 대해서는 ""조금 더 봐야 한다""며 조심스럽게 말했다.
                    




                한 후보자는 장관 출마를 결심한 이유에 대해선 ""그동안 받은 것이 많으니 제가 가진 경험과 능력이 필요하다고 하면 써보는 것이 좋겠다고 판단했다""고 말했다.그러면서 ""초고속 통신망이 깔리던 시절 굉장히 시기를 잘 탔다.저희가 그 위에 올라갈 앱과 서비스를 잘 만든 것도 있지만 혜택을 받은 수혜자""라며 ""후속으로 올 후배들이 그런 기회를 얻을 수 있는 방안에 대해 좀 더 고민해야 했다""고 강조했다.한 후보자는 동생에게 종로구의 건물을 무상으로 임대하거나 헐값으로 임대한 것 아니냐는 의혹에는 ""임대료를 받고 있다.전부 다 내역이 있다""고 강조했다.그는 남동생에게 아파트 매입 자금 일부를 빌려주며 차용증을 쓰지 않은 사실은 인정했다.한 후보자는 ""이자는 4.6% 정도로 생각했는데 남동생이 월세 내는 것도 빡빡한 상황이라 지연되고 있는 부분이 있다""며 ""이자를 증여로 받았다 치고 거기에 대한 증여세를 내고는 있다""고 설명했다.한 후보자는 이날 출근에 앞서 벤처기업협회를 찾아 송병준 협회장 등 회장단을 만나 현안을 들었다./연합뉴스",https://www.hankyung.com/article/202507048684Y,2025.07.04 14:14
고금리 이자 폭탄 피하는 법! 증권사 대출 3%대로 줄이기,,"전송종목 : HDC현대산업개발, 효성티앤씨, 효성중공업, HS효성첨단소재, 한일시멘트최근 주식 투자자들 사이에서 주식대출(미수/신용융자 등)의 고금리에 대한 부담이 커지고 있다.특히 저금리를 적용 받고 싶어도, 기존 대출을 상환하고 다시 주식을 매수해야 하는 번거로운 절차와 자금 조달의 어려움이 발목을 잡고 있다.이런 현실적인 문제를 해결하고자, 무빙스탁이 ‘증권사 신용, 대환자금대출’ 서비스를 전격 출시했다.이 상품은 주식을 매도하지 않고도, 기존의 고금리의 주식대출(미수/신용융자 등)의 3%대의 혁신적인 저금리 증권사로 전환할 수 있도록 상환자금을 제공하는 것이 핵심이다.무빙스탁 관계자는 “현재 증권사 이벤트 금리는 연 3%대 수준으로, 기존 9~10%대 고금리를 적용받는 투자자라면 절감 효과가 상당하다”며, 금리를 5%만 낮추면 “1억원 신용대출 기준으로 연간 약 500만원, 3억원이라면 1,500만원까지도 절약할 수 있다”고 밝혔다.더 놀라운 점은, 현재는 이벤트 기간으로 대환자금대출 신청시 발생하는 이자 비용까지 ‘0원’이라는 사실이다. 대환자금에 대해서 하루의 대출이자도 부담하지 않고 기존 고금리 대출을 저금리로 전환할 수 있어, 고금리 부담에 시달리던 투자자들에게 큰 호응을 얻을 전망이다.이 서비스는 부동산 시장에서 흔히 이용되던 대환대출 개념을 증권시장에 도입한 혁신적인 시도로, 주식 투자자들의 자금 운용에 새로운 대안을 제시할 것으로 기대된다.무빙스탁 ‘증권사 신용, 대환자금대출’의 비용 무료 이벤트는 이벤트 기간 동안 한정적으로 제공되는 만큼, 신용융자를 이용 중인 투자자라면 지금 바로 확인해볼 필요가 있다.★ 장마감 시간이 가까워질수록 문의가 많아 상담이 지연될 수 있습니다.★ 7월 문의하신 고객들이 많이 보유하신 종목으로는 삼성전자, POSCO홀딩스, 셀트리온, 포스코퓨처엠, 에코프로비엠, NAVER, 에코프로, 삼성SDI, LG화학, SK하이닉스, 두산에너빌리티, 카카오, SK이노베이션, LG에너지솔루션, 엘앤에프, 삼천당제약, 현대차, 알테오젠, HPSP, LG전자 등이 있습니다.★ 안내사항과도한 빚은 당신에게 큰 불행을 안겨줄 수 있습니다. 대출 시 신용등급 하락으로 다른 금융거래가 제약받을 수 있습니다. 중개수수료를 요구하거나 받는 것은 불법입니다.상호명: ㈜단비대부 2021-서울영등포-2102(대부업) | TEL: 1544-4886 | 대출금리: 연 20%이내(연체금리는 약정금리+3%p이내, 최대 연 20%이내) | 단, 2021. 7. 7.부터 신규체결, 갱신, 연장되는 계약에 한함 | 채무의 조기상환 조건 및 부대비용 없음. (단, 신용조회비용 및 담보권설정비용 있음), 이자 외 별도로 중개수수료를 요구하거나 수취하는 것은 불법입니다. | 대표이사: 박동원 | 사업자등록번호: 274-86-00231 | 등록기관명칭: 서울 영등포구청(담당부서: 일자리경제과, 02-2670-3420) | 소재지 : 서울 영등포구 여의대방로67길 11, 5층 517호 | 개인정보관리자메일: help@danbifund.co.kr",https://www.hankyung.com/article/202507248233a,2025.07.24 08:43
DSR 때문에 고민하던 투자자들은 주목! 업계 최초 DSR 무관 스탁론!,,"DSR 한도가 ‘스탁론’에도 적용된 후 투자자들의 고민이 날로 깊어지고 있다. 기존 대출이 많거나 소득 증빙이 어려울 경우 예전처럼 손쉽게 스탁론을 활용하기가 어려워졌기 때문이다. 예전보다 높아진 금리로 스탁론 이용을 부담스럽게 만들고 있다.이런 상황에서 올뉴스탁론이 구원투수로 나섰다. DSR 무관 누구나 이용 가능한 스탁론 상품은 물론 연 4%대 업계 최저금리로 이용 가능한 상품을 함께 선보이며 투자자들의 선택지를 넓힌 것이다.




 

◆ 올뉴스탁론, DSR 무관 상품에 연 4%대 최저금리 상품으로 다양한 선택지를!올뉴스탁론에서 투자자들 누구나 부담 없이 스탁론을 경험할 수 있도록 연 4%대 업계 최저금리로 이용 가능한 증권 연계신용 상품을 출시했다. 주식매입은 물론 증권사 미수/신용 대환 모두 가능하며 신용등급 차등 없이 자기 자본 포함 최대 4배까지 활용할 수 있다.이와 함께 DSR 한도 때문에 기존 스탁론 활용이 어려웠던 투자자들을 위한 DSR 무관 상품도 취급 중이다. 또한 장중 거래가 어려웠던 투자자를 위한 대체거래소(NXT) 거래도 가능해졌다.올뉴스탁론에 대해 자세히 알고 싶은 투자자는 고객상담센터(☎1599-8666)로 연락하면 대출 여부와 무관하게 언제든 전문상담원과 편리하게 상담할 수 있다.○ 보유하고 있는 대출액이나 소득 무관하게! (DSR 무관)○ 최대 4배 주식자금 활용 가능! (본인 자금 포함)○ 대체거래소(NXT) 거래 가능!○ 증권 신용/미수 당일 즉시 대환 가능!○ 기존 증권사 신용, 스탁론으로 매수가 어려웠던 종목도 OK!※ 올뉴스탁론 고객상담센터 : 1599-8666바로가기 : https://allnewstockloan.co.kr?agency=HTS◆ 현 시각 관심종목 Top 10 : 한미반도체, NAVER, 현대로템, 에코프로, 서울보증보험, 피아이이, 피코그램, 프롬바이오, 비케이홀딩스, 부국증권무료상담",https://www.hankyung.com/article/202507161937a,2025.07.17 10:25
신용대출 이자 절감 꿀팁! 증권사 3%대 대출 전환법 공개,,"전송종목 : HD현대마린엔진, GS, LIG넥스원, 미스토홀딩스, 현대글로비스최근 주식 투자자들 사이에서 주식대출(미수/신용융자 등)의 고금리에 대한 부담이 커지고 있다.특히 저금리를 적용 받고 싶어도, 기존 대출을 상환하고 다시 주식을 매수해야 하는 번거로운 절차와 자금 조달의 어려움이 발목을 잡고 있다.이런 현실적인 문제를 해결하고자, 무빙스탁이 ‘증권사 신용, 대환자금대출’ 서비스를 전격 출시했다.이 상품은 주식을 매도하지 않고도, 기존의 고금리의 주식대출(미수/신용융자 등)의 3%대의 혁신적인 저금리 증권사로 전환할 수 있도록 상환자금을 제공하는 것이 핵심이다.무빙스탁 관계자는 “현재 증권사 이벤트 금리는 연 3%대 수준으로, 기존 9~10%대 고금리를 적용받는 투자자라면 절감 효과가 상당하다”며, 금리를 5%만 낮추면 “1억원 신용대출 기준으로 연간 약 500만원, 3억원이라면 1,500만원까지도 절약할 수 있다”고 밝혔다.더 놀라운 점은, 현재는 이벤트 기간으로 대환자금대출 신청시 발생하는 이자 비용까지 ‘0원’이라는 사실이다. 대환자금에 대해서 하루의 대출이자도 부담하지 않고 기존 고금리 대출을 저금리로 전환할 수 있어, 고금리 부담에 시달리던 투자자들에게 큰 호응을 얻을 전망이다.이 서비스는 부동산 시장에서 흔히 이용되던 대환대출 개념을 증권시장에 도입한 혁신적인 시도로, 주식 투자자들의 자금 운용에 새로운 대안을 제시할 것으로 기대된다.무빙스탁 ‘증권사 신용, 대환자금대출’의 비용 무료 이벤트는 이벤트 기간 동안 한정적으로 제공되는 만큼, 신용융자를 이용 중인 투자자라면 지금 바로 확인해볼 필요가 있다.★ 장마감 시간이 가까워질수록 문의가 많아 상담이 지연될 수 있습니다.★ 7월 문의하신 고객들이 많이 보유하신 종목으로는 삼성전자, POSCO홀딩스, 셀트리온, 포스코퓨처엠, 에코프로비엠, NAVER, 에코프로, 삼성SDI, LG화학, SK하이닉스, 두산에너빌리티, 카카오, SK이노베이션, LG에너지솔루션, 엘앤에프, 삼천당제약, 현대차, 알테오젠, HPSP, LG전자 등이 있습니다.★ 안내사항과도한 빚은 당신에게 큰 불행을 안겨줄 수 있습니다. 대출 시 신용등급 하락으로 다른 금융거래가 제약받을 수 있습니다. 중개수수료를 요구하거나 받는 것은 불법입니다.상호명: ㈜단비대부 2021-서울영등포-2102(대부업) | TEL: 1544-4886 | 대출금리: 연 20%이내(연체금리는 약정금리+3%p이내, 최대 연 20%이내) | 단, 2021. 7. 7.부터 신규체결, 갱신, 연장되는 계약에 한함 | 채무의 조기상환 조건 및 부대비용 없음. (단, 신용조회비용 및 담보권설정비용 있음), 이자 외 별도로 중개수수료를 요구하거나 수취하는 것은 불법입니다. | 대표이사: 박동원 | 사업자등록번호: 274-86-00231 | 등록기관명칭: 서울 영등포구청(담당부서: 일자리경제과, 02-2670-3420) | 소재지 : 서울 영등포구 여의대방로67길 11, 5층 517호 | 개인정보관리자메일: help@danbifund.co.kr무료상담",https://www.hankyung.com/article/202507235734a,2025.07.23 08:33
"인터넷 테마株, ‘스테이블코인·보안수요’ 기대에 강세 흐름",,"국내 인터넷 관련주들이 최근 뚜렷한 상승 흐름을 보이며 주목받고 있다. 대표적으로 네이버·카카오 등 플랫폼 기업과 함께 사이버보안 분야의 라온시큐어, 지니언스도 테마 강세를 이끌고 있다.◆ 스테이블코인 제도권 편입 기대원화 기반 스테이블코인 도입 가능성이 제기되며, 클라우드 기반 금융 거래 확산에 대비한 사이버보안 수요가 급증할 것이라는 전망이 나온다. 이에 모바일 보안 기업 라온시큐어는 한 달간 주가가 크게 상승했고, 지니언스 또한 강세 흐름을 나타내고 있다.◆ 사이버보안 강화 시그널최근 발생한 해킹 사건과 글로벌 분쟁 및 AI 기반 딥페이크 위협 등으로 보안 투자 확대 분위기가 조성되었다. 기관과 외국인 중심의 안정적 수급 유입이 강화되며, 관련주들이 상승 흐름을 보이고 있다.◆ 플랫폼 기업 기대감 유지네이버와 카카오는 대체로 안정적인 실적과 AI·콘텐츠 전략에 대한 기대감이 반영되어, 인터넷 테마 전반의 신뢰도를 높이는 역할을 하고 있다.이로 인해 전반적인 시장 분위기는 ‘강세’로 요약할 수 있다.제일일렉트릭, 한국금융지주, 브이티, 대한전선, DL무료상담",https://www.hankyung.com/article/202507035690a,2025.07.03 13:53
"오픈AI, '스타게이트' 4.5GW 추가 확장 발표…WSJ '사업 차질' 보도 반박",,"챗GPT 개발사 오픈AI가 미국 내 인공지능(AI) 인프라 프로젝트인 ‘스타게이트’의 4.5기가와트(GW) 규모 데이터센터 용량 추가 개발에 나섰다. 최근 해당 프로젝트의 차질 보도가 나오자 이를 반박하고 추진력을 재확인하는 의도로 풀이된다.오픈AI는 22일(현지시간) 자사 블로그를 통해 소프트웨어·클라우드 기업 오라클과 협력해 텍사스주 애빌린(Abilene)에 위치한 ‘스타게이트 I’ 부지를 포함해 4.5GW 규모의 데이터센터 인프라를 추가로 건설한다고 밝혔다. 이를 통해 현재까지 오라클과 협업 중인 스타게이트 데이터센터 총 용량은 5GW를 넘어섰으며, AI 반도체 200만 개 이상을 구동할 수 있을 것으로 예상된다.이번 확장 계획은 월스트리트저널(WSJ)이 전날 보도한 ‘스타게이트 사업 차질’ 우려에 대한 대응 성격이 짙다. WSJ는 합작법인인 스타게이트가 지난 1월 도널드 트럼프 미국 대통령 취임 직후 발표된 이후 6개월이 넘도록 데이터센터 건설 계약을 단 한 건도 체결하지 못했고, 연말까지 오하이오주에 소규모 데이터센터 1곳을 짓는 것으로 계획을 축소했다고 전했다. 특히 오픈AI와 소프트뱅크 간 협업 갈등, 상표권 문제, 부지 활용 이견 등이 지연 배경으로 지목됐다.스타게이트는 오픈AI, 오라클, 일본 소프트뱅크 3사가 주도하는 합작 벤처로, 오는 2029년까지 총 5000억 달러(약 690조원)를 투자해 미국 내에 10GW 규모의 AI 인프라를 구축하는 것을 목표로 하고 있다. 손정의 소프트뱅크 회장이 재무를 총괄하고, 오라클은 데이터센터 건설을, 오픈AI는 시설 운영을 담당하는 방식이다.




 

▶ 더머니스탁론 신규 상품 전격 출시! (DSR 규제 X)▶ 최대 400% 레버리지 투자, 증권사 신용미수 대환 가능!▶ 한 종목 100% 집중 투자 가능!▶ 더머니스탁론 바로가기 (https://themoney.co.kr/ha)▶ 더머니스탁론 전화 상담 1600‑7096▶ 더머니스탁론 카카오톡 상담 (http://pf.kakao.com/_cVfxbn/chat)관심종목: 삼성에스디에스, SK스퀘어, 한화시스템, 네이버, KT무료상담",https://www.hankyung.com/article/202507236808a,2025.07.23 13:40
9~10% 주식 관련 대출에서 3%대 대출로 교체,,"전송종목 : 엠게임, CMG제약, KTcs, 엠로, 메타바이오메드최근 주식 투자자들 사이에서 주식대출(미수/신용융자 등)의 고금리에 대한 부담이 커지고 있다.특히 저금리를 적용 받고 싶어도, 기존 대출을 상환하고 다시 주식을 매수해야 하는 번거로운 절차와 자금 조달의 어려움이 발목을 잡고 있다.이런 현실적인 문제를 해결하고자, 무빙스탁이 ‘증권사 신용, 대환자금대출’ 서비스를 전격 출시했다.이 상품은 주식을 매도하지 않고도, 기존의 고금리의 주식대출(미수/신용융자 등)의 3%대의 혁신적인 저금리 증권사로 전환할 수 있도록 상환자금을 제공하는 것이 핵심이다.무빙스탁 관계자는 “현재 증권사 이벤트 금리는 연 3%대 수준으로, 기존 9~10%대 고금리를 적용받는 투자자라면 절감 효과가 상당하다”며, 금리를 5%만 낮추면 “1억원 신용대출 기준으로 연간 약 500만원, 3억원이라면 1,500만원까지도 절약할 수 있다”고 밝혔다.더 놀라운 점은, 현재는 이벤트 기간으로 대환자금대출 신청시 발생하는 이자 비용까지 ‘0원’이라는 사실이다. 대환자금에 대해서 하루의 대출이자도 부담하지 않고 기존 고금리 대출을 저금리로 전환할 수 있어, 고금리 부담에 시달리던 투자자들에게 큰 호응을 얻을 전망이다.이 서비스는 부동산 시장에서 흔히 이용되던 대환대출 개념을 증권시장에 도입한 혁신적인 시도로, 주식 투자자들의 자금 운용에 새로운 대안을 제시할 것으로 기대된다.무빙스탁 ‘증권사 신용, 대환자금대출’의 비용 무료 이벤트는 이벤트 기간 동안 한정적으로 제공되는 만큼, 신용융자를 이용 중인 투자자라면 지금 바로 확인해볼 필요가 있다.★ 장마감 시간이 가까워질수록 문의가 많아 상담이 지연될 수 있습니다.★ 7월 문의하신 고객들이 많이 보유하신 종목으로는 삼성전자, POSCO홀딩스, 셀트리온, 포스코퓨처엠, 에코프로비엠, NAVER, 에코프로, 삼성SDI, LG화학, SK하이닉스, 두산에너빌리티, 카카오, SK이노베이션, LG에너지솔루션, 엘앤에프, 삼천당제약, 현대차, 알테오젠, HPSP, LG전자 등이 있습니다.★ 안내사항과도한 빚은 당신에게 큰 불행을 안겨줄 수 있습니다. 대출 시 신용등급 하락으로 다른 금융거래가 제약받을 수 있습니다. 중개수수료를 요구하거나 받는 것은 불법입니다.상호명: ㈜단비대부 2021-서울영등포-2102(대부업) | TEL: 1544-4886 | 대출금리: 연 20%이내(연체금리는 약정금리+3%p이내, 최대 연 20%이내) | 단, 2021. 7. 7.부터 신규체결, 갱신, 연장되는 계약에 한함 | 채무의 조기상환 조건 및 부대비용 없음. (단, 신용조회비용 및 담보권설정비용 있음), 이자 외 별도로 중개수수료를 요구하거나 수취하는 것은 불법입니다. | 대표이사: 박동원 | 사업자등록번호: 274-86-00231 | 등록기관명칭: 서울 영등포구청(담당부서: 일자리경제과, 02-2670-3420) | 소재지 : 서울 영등포구 여의대방로67길 11, 5층 517호 | 개인정보관리자메일: help@danbifund.co.kr무료상담",https://www.hankyung.com/article/202507158087a,2025.07.15 08:43
"증권사 신용대출, 3%대 금리로 바꾸는 가장 쉬운 방법",,"전송종목 : 영원무역, 씨에스윈드, GKL, 코오롱인더, 한미약품최근 주식 투자자들 사이에서 주식대출(미수/신용융자 등)의 고금리에 대한 부담이 커지고 있다.특히 저금리를 적용 받고 싶어도, 기존 대출을 상환하고 다시 주식을 매수해야 하는 번거로운 절차와 자금 조달의 어려움이 발목을 잡고 있다.이런 현실적인 문제를 해결하고자, 무빙스탁이 ‘증권사 신용, 대환자금대출’ 서비스를 전격 출시했다.이 상품은 주식을 매도하지 않고도, 기존의 고금리의 주식대출(미수/신용융자 등)의 3%대의 혁신적인 저금리 증권사로 전환할 수 있도록 상환자금을 제공하는 것이 핵심이다.무빙스탁 관계자는 “현재 증권사 이벤트 금리는 연 3%대 수준으로, 기존 9~10%대 고금리를 적용받는 투자자라면 절감 효과가 상당하다”며, 금리를 5%만 낮추면 “1억원 신용대출 기준으로 연간 약 500만원, 3억원이라면 1,500만원까지도 절약할 수 있다”고 밝혔다.더 놀라운 점은, 현재는 이벤트 기간으로 대환자금대출 신청시 발생하는 이자 비용까지 ‘0원’이라는 사실이다. 대환자금에 대해서 하루의 대출이자도 부담하지 않고 기존 고금리 대출을 저금리로 전환할 수 있어, 고금리 부담에 시달리던 투자자들에게 큰 호응을 얻을 전망이다.이 서비스는 부동산 시장에서 흔히 이용되던 대환대출 개념을 증권시장에 도입한 혁신적인 시도로, 주식 투자자들의 자금 운용에 새로운 대안을 제시할 것으로 기대된다.무빙스탁 ‘증권사 신용, 대환자금대출’의 비용 무료 이벤트는 이벤트 기간 동안 한정적으로 제공되는 만큼, 신용융자를 이용 중인 투자자라면 지금 바로 확인해볼 필요가 있다.★ 장마감 시간이 가까워질수록 문의가 많아 상담이 지연될 수 있습니다.★ 7월 문의하신 고객들이 많이 보유하신 종목으로는 삼성전자, POSCO홀딩스, 셀트리온, 포스코퓨처엠, 에코프로비엠, NAVER, 에코프로, 삼성SDI, LG화학, SK하이닉스, 두산에너빌리티, 카카오, SK이노베이션, LG에너지솔루션, 엘앤에프, 삼천당제약, 현대차, 알테오젠, HPSP, LG전자 등이 있습니다.★ 안내사항과도한 빚은 당신에게 큰 불행을 안겨줄 수 있습니다. 대출 시 신용등급 하락으로 다른 금융거래가 제약받을 수 있습니다. 중개수수료를 요구하거나 받는 것은 불법입니다.상호명: ㈜단비대부 2021-서울영등포-2102(대부업) | TEL: 1544-4886 | 대출금리: 연 20%이내(연체금리는 약정금리+3%p이내, 최대 연 20%이내) | 단, 2021. 7. 7.부터 신규체결, 갱신, 연장되는 계약에 한함 | 채무의 조기상환 조건 및 부대비용 없음. (단, 신용조회비용 및 담보권설정비용 있음), 이자 외 별도로 중개수수료를 요구하거나 수취하는 것은 불법입니다. | 대표이사: 박동원 | 사업자등록번호: 274-86-00231 | 등록기관명칭: 서울 영등포구청(담당부서: 일자리경제과, 02-2670-3420) | 소재지 : 서울 영등포구 여의대방로67길 11, 5층 517호 | 개인정보관리자메일: help@danbifund.co.kr무료상담",https://www.hankyung.com/article/202507083743a,2025.07.08 13:08
"11일, 거래소 외국인 순매도상위에 운수장비 업종 4종목",,"외국인 투자자는 11일 거래소에서 한화에어로스페이스, NAVER, 두산에너빌리티 등을 중점적으로 매도한 것으로 나타났다.외국인 투자자의 순매도 상위 20개 종목은 한화에어로스페이스, NAVER, 두산에너빌리티, 삼성에스디에스, 카카오, 현대로템, 카카오뱅크, LS ELECTRIC, 삼성물산, 현대차등이다.이중에 운수장비 업종에 속한 종목이 4개 포함되어 있다.삼성에스디에스, 에이피알, 한국금융지주 등은 전일 대비 주가가 상승했고, 한화에어로스페이스, NAVER, 두산에너빌리티 등은 주가가 하락했다.[07월11일]거래소 외국인 순매도 상위 종목한경로보뉴스이 기사는 한국경제신문과 금융 AI 전문기업 씽크풀이 공동 개발한 기사 자동생성 알고리즘에 의해 실시간으로 작성된 것입니다.",https://www.hankyung.com/article/202507113485L,2025.07.11 18:35
9~10% 주식 관련 대출에서 3%대 대출로 교체,,"전송종목 : CMG제약, 삼아알미늄, LS, 녹십자, GS건설최근 주식 투자자들 사이에서 주식대출(미수/신용융자 등)의 고금리에 대한 부담이 커지고 있다.특히 저금리를 적용 받고 싶어도, 기존 대출을 상환하고 다시 주식을 매수해야 하는 번거로운 절차와 자금 조달의 어려움이 발목을 잡고 있다.이런 현실적인 문제를 해결하고자, 무빙스탁이 ‘증권사 신용, 대환자금대출’ 서비스를 전격 출시했다.이 상품은 주식을 매도하지 않고도, 기존의 고금리의 주식대출(미수/신용융자 등)의 3%대의 혁신적인 저금리 증권사로 전환할 수 있도록 상환자금을 제공하는 것이 핵심이다.무빙스탁 관계자는 “현재 증권사 이벤트 금리는 연 3%대 수준으로, 기존 9~10%대 고금리를 적용받는 투자자라면 절감 효과가 상당하다”며, 금리를 5%만 낮추면 “1억원 신용대출 기준으로 연간 약 500만원, 3억원이라면 1,500만원까지도 절약할 수 있다”고 밝혔다.더 놀라운 점은, 현재는 이벤트 기간으로 대환자금대출 신청시 발생하는 이자 비용까지 ‘0원’이라는 사실이다. 대환자금에 대해서 하루의 대출이자도 부담하지 않고 기존 고금리 대출을 저금리로 전환할 수 있어, 고금리 부담에 시달리던 투자자들에게 큰 호응을 얻을 전망이다.이 서비스는 부동산 시장에서 흔히 이용되던 대환대출 개념을 증권시장에 도입한 혁신적인 시도로, 주식 투자자들의 자금 운용에 새로운 대안을 제시할 것으로 기대된다.무빙스탁 ‘증권사 신용, 대환자금대출’의 비용 무료 이벤트는 이벤트 기간 동안 한정적으로 제공되는 만큼, 신용융자를 이용 중인 투자자라면 지금 바로 확인해볼 필요가 있다.★ 장마감 시간이 가까워질수록 문의가 많아 상담이 지연될 수 있습니다.★ 7월 문의하신 고객들이 많이 보유하신 종목으로는 삼성전자, POSCO홀딩스, 셀트리온, 포스코퓨처엠, 에코프로비엠, NAVER, 에코프로, 삼성SDI, LG화학, SK하이닉스, 두산에너빌리티, 카카오, SK이노베이션, LG에너지솔루션, 엘앤에프, 삼천당제약, 현대차, 알테오젠, HPSP, LG전자 등이 있습니다.★ 안내사항과도한 빚은 당신에게 큰 불행을 안겨줄 수 있습니다. 대출 시 신용등급 하락으로 다른 금융거래가 제약받을 수 있습니다. 중개수수료를 요구하거나 받는 것은 불법입니다.상호명: ㈜단비대부 2021-서울영등포-2102(대부업) | TEL: 1544-4886 | 대출금리: 연 20%이내(연체금리는 약정금리+3%p이내, 최대 연 20%이내) | 단, 2021. 7. 7.부터 신규체결, 갱신, 연장되는 계약에 한함 | 채무의 조기상환 조건 및 부대비용 없음. (단, 신용조회비용 및 담보권설정비용 있음), 이자 외 별도로 중개수수료를 요구하거나 수취하는 것은 불법입니다. | 대표이사: 박동원 | 사업자등록번호: 274-86-00231 | 등록기관명칭: 서울 영등포구청(담당부서: 일자리경제과, 02-2670-3420) | 소재지 : 서울 영등포구 여의대방로67길 11, 5층 517호 | 개인정보관리자메일: help@danbifund.co.kr무료상담",https://www.hankyung.com/article/202507210588a,2025.07.21 08:33
9~10% 주식 관련 대출에서 3%대 대출로 교체,,"전송종목 : 하이트진로, 유한양행, CJ대한통운, 두산, DL최근 주식 투자자들 사이에서 주식대출(미수/신용융자 등)의 고금리에 대한 부담이 커지고 있다.특히 저금리를 적용 받고 싶어도, 기존 대출을 상환하고 다시 주식을 매수해야 하는 번거로운 절차와 자금 조달의 어려움이 발목을 잡고 있다.이런 현실적인 문제를 해결하고자, 무빙스탁이 ‘증권사 신용, 대환자금대출’ 서비스를 전격 출시했다.이 상품은 주식을 매도하지 않고도, 기존의 고금리의 주식대출(미수/신용융자 등)의 3%대의 혁신적인 저금리 증권사로 전환할 수 있도록 상환자금을 제공하는 것이 핵심이다.무빙스탁 관계자는 “현재 증권사 이벤트 금리는 연 3%대 수준으로, 기존 9~10%대 고금리를 적용받는 투자자라면 절감 효과가 상당하다”며, 금리를 5%만 낮추면 “1억원 신용대출 기준으로 연간 약 500만원, 3억원이라면 1,500만원까지도 절약할 수 있다”고 밝혔다.더 놀라운 점은, 현재는 이벤트 기간으로 대환자금대출 신청시 발생하는 이자 비용까지 ‘0원’이라는 사실이다. 대환자금에 대해서 하루의 대출이자도 부담하지 않고 기존 고금리 대출을 저금리로 전환할 수 있어, 고금리 부담에 시달리던 투자자들에게 큰 호응을 얻을 전망이다.이 서비스는 부동산 시장에서 흔히 이용되던 대환대출 개념을 증권시장에 도입한 혁신적인 시도로, 주식 투자자들의 자금 운용에 새로운 대안을 제시할 것으로 기대된다.무빙스탁 ‘증권사 신용, 대환자금대출’의 비용 무료 이벤트는 이벤트 기간 동안 한정적으로 제공되는 만큼, 신용융자를 이용 중인 투자자라면 지금 바로 확인해볼 필요가 있다.★ 장마감 시간이 가까워질수록 문의가 많아 상담이 지연될 수 있습니다.★ 7월 문의하신 고객들이 많이 보유하신 종목으로는 삼성전자, POSCO홀딩스, 셀트리온, 포스코퓨처엠, 에코프로비엠, NAVER, 에코프로, 삼성SDI, LG화학, SK하이닉스, 두산에너빌리티, 카카오, SK이노베이션, LG에너지솔루션, 엘앤에프, 삼천당제약, 현대차, 알테오젠, HPSP, LG전자 등이 있습니다.★ 안내사항과도한 빚은 당신에게 큰 불행을 안겨줄 수 있습니다. 대출 시 신용등급 하락으로 다른 금융거래가 제약받을 수 있습니다. 중개수수료를 요구하거나 받는 것은 불법입니다.상호명: ㈜단비대부 2021-서울영등포-2102(대부업) | TEL: 1544-4886 | 대출금리: 연 20%이내(연체금리는 약정금리+3%p이내, 최대 연 20%이내) | 단, 2021. 7. 7.부터 신규체결, 갱신, 연장되는 계약에 한함 | 채무의 조기상환 조건 및 부대비용 없음. (단, 신용조회비용 및 담보권설정비용 있음), 이자 외 별도로 중개수수료를 요구하거나 수취하는 것은 불법입니다. | 대표이사: 박동원 | 사업자등록번호: 274-86-00231 | 등록기관명칭: 서울 영등포구청(담당부서: 일자리경제과, 02-2670-3420) | 소재지 : 서울 영등포구 여의대방로67길 11, 5층 517호 | 개인정보관리자메일: help@danbifund.co.kr무료상담",https://www.hankyung.com/article/202507185994a,2025.07.18 08:33
"오스테오닉, 미국 FDA 승인으로 해외 수출 기대",,"경유레카는 한국경제신문의 디지털 미디어인 한경닷컴에서 개발한 개별 종목에대한인공지능(AI) 알고리즘 업체의 투자 의견을 종합한 'AI 컨센서스'를 제공하는 서비스입니다. '한경유레카' 앱은 구글 플레이 스토어 혹은 앱스토어에서 내려받을 수 있습니다.





종목추천 서비스 종합 플랫폼 한경유레카에 입점한 하이불스가 전거래일(17일) 오스테오닉을 추천하여 수익률 7.9%를 기록했다.하이불스는 애널리스트 및 펀드매니저 출신 전문가 그룹이 종목을 추천하는 서비스이다.하이불스는 오스테오닉에 대해 미국 FDA 승인 제품 수출을 시작하며 글로벌 시장 공략에 속도를 내고 있으며 유럽·중국 진출도 준비 중이고 공장 증설 완료로 수출 확대에 대응하고 있다며 해당 종목을 추천했다.한경유레카에서 신규가입을 하고 하이불스를 구독하면 1개월간 무료로 추천종목을 문자로 받아볼 수 있다.  본 글은 투자 참고용입니다.삼성중공업 리가켐바이오 로보티즈 일동제약 NAVER",https://www.hankyung.com/article/202507186082a,2025.07.18 12:15
"""민생지원금 나라에 돌려준 꼴""…소비쿠폰 후기 속속 올라와",,"출처 = 온라인 커뮤니티

                전 국민에게 지급되는 '민생회복 소비쿠폰' 신청이 지난 21일 시작됐다. 소비쿠폰은 카드사에 신청하거나, 동주민센터 등에서 지류 상품권을 받는 방식으로 받을 수 있다. 민생 회복에 초점이 맞춰져 있는 만큼, 소상공인이 운영하는 식당이나 카페, 동네 슈퍼마켓 등에서 쓸 수 있다.22일 온라인 커뮤니티를 중심으로 민생회복 소비쿠폰 사용 후기가 올라왔다. 한 사용자는 담배 15갑과 음료를 구입한 후 사진을 올려 이를 인증했다.네티즌들은 ""민생지원금 받아서 나라에 돌려준 사연"", ""세금 비중 높은 담배를 소비해서 세금 페이백한 건가""라며 흥미롭다는 반응을 보였다.유명 브랜드의 편의점이더라도, 소상공인이 운영하는 매장이라면 소비쿠폰 사용이 가능하다.소비쿠폰은 기본적으로 1차 소비쿠폰은 1인당 15만원이다. 다만 차상위계층·한부모가족은 1인당 30만원, 기초생활수급자는 1인당 40만원을 받는다. 서울·인천·경기를 제외한 비수도권 지역 주민은 3만원, 84개 농어촌 인구감소지역 주민은 5만원을 추가로 받는다.
                    



출처 = 온라인 커뮤니티

                단 소득 수준에 따라 지급되는 금액이 상이하다 보니 선불카드로 받은 일부 국민들은 선불카드 앞면에 표기된 금액이 부끄럽다는 반응을 보이기도 했다. 43만원을 지급받은 한 시민은 ""충전금을 왜 적어놓냐. 부끄럽게""라고 후기를 썼다.모바일 또는 카드형 지역사랑상품권은 주소지 관할 지방자치단체의 지역사랑상품권 앱 또는 홈페이지에서 온라인으로 신청할 수 있다. 지류형 지역사랑상품권이나 선불카드로 받기 원하면 주소지 관할 읍면동 행정복지센터(또는 주민센터, 읍·면사무소)를 방문하면 신청할 수 있다.신용카드로 소비쿠폰을 받으려면 원하는 카드의 카드사(KB국민카드, NH농협카드, 롯데카드, 삼성카드, 신한카드, 우리카드, 하나카드, 현대카드, BC카드) 홈페이지와 앱, 콜센터, 카카오뱅크·케이뱅크·토스·카카오페이·네이버페이 앱에서 신청할 수 있다. 카드와 연계된 은행 영업점을 방문해도 신청할 수 있다.
                    



출처 = 온라인 커뮤니티

                본인이 평소 사용하던 신용카드로 신청하면 사용 시 해당 소비쿠폰 금액부터 차감이 되고 내역을 받아볼 수 있다.국민들이 궁금해하는 배달앱 관련해서는 배달의민족, 쿠팡이츠, 요기요 등 배달 플랫폼을 이용하면 일반적으로 소비쿠폰을 쓸 수 없다. 다만 배달의민족 '만나서 결제'처럼 배달원이 식당 카드 단말기를 들고 와 고객이 직접 결제하는 경우는 소비쿠폰을 쓸 수 있다. 온라인 쇼핑몰에서는 소비 쿠폰을 사용할 수 없다.특히 문자 메시지에 '신용·체크카드 소비쿠폰을 모바일로 간단하게 신청하세요' 같은 문구와 함께 URL 주소가 포함돼 있다면 절대 눌러서는 안 된다. 피싱 사이트로 연결되거나 악성 앱이 설치되어 금융 피해가 발생할 수 있다. 금융당국은 ""정부·은행·카드사 등이 보내는 소비쿠폰 안내 메시지에 URL 링크가 포함되지 않도록 했다""며 국민들의 주의를 당부했다.행정안전부에 따르면 소비쿠폰 부정 유통하다가 적발되면 '보조금 관리에 관한 법률’에 따라 소비쿠폰 지원액의 전부 또는 일부를 반환해야 한다.부정 유통은 개인 간 거래 등을 통해 소비쿠폰을 현금화하거나 지역사랑상품권 가맹점이 물품 판매 없이 또는 실제 거래 금액 이상으로 상품권을 수취해 환전하는 경우 등이다.여신전문금융업법'에 따라 물품의 판매 등을 가장하거나 실제 매출 금액을 넘겨 신용카드로 거래하는 행위는 3년 이하의 징역 또는 2000만원 이하의 벌금형에 처할 수 있다.이미나 한경닷컴 기자 helper@hankyung.com",https://www.hankyung.com/article/2025072248967,2025.07.22 18:52
"코스피, 차익실현 매물에 1%대 내림세…코스닥도 하락",,"사진=연합뉴스

                4일 코스피지수가 장중 1% 넘게 하락해 3080선까지 밀렸다. 전날 급등한 데 따른 부담감에 차익 실현 매물이 출회된 영향을 일부 받는 것으로 보인다. 이날 오전 11시1분 현재 코스피지수는 전 거래일보다 34.83포인트(1.12%) 내린 3081.44를 나타내고 있다. 지수는 이날 0.19% 상승 출발했으나 오전 9시10분께를 기점으로 하락 전환해 낙폭을 1% 넘게 확대하고 있다.이날 새벽 미국 증시가 강세로 마쳤음에도 온기가 전달되지 않는 모습이다. 지난 3일(현지시간) 뉴욕증시에서 다우존스30산업지수는 0.77% 올랐고 S&P500지수와 나스닥종합지수도 각각 0.83%와 1.02% 상승했다.유가증권시장에서 외국인과 기관이 각각 417억원과 571억원 매도 우위인 반면 개인이 931억원 매수 우위다.코스피 시가총액 상위 종목 중 SK하이닉스, LG에너지솔루션, 현대차, KB금융, 네이버, 기아, 두산에너빌리티, 한화에어로스페이스, HD현대중공업 등이 내리는 반면 삼성바이오로직스, 셀트리온 등이 오르고 있다.청정에너지 사업에 대한 보조금 지급 혜택을 조기 폐지·축소키로 한 미국의 '하나의 크고 아름다운 법안'(OBBBA) 통과로 LG에너지솔루션(-2.51%) 엘앤에프(-2.37%) 삼성SDI(-2.21%) 등 2차전지주가 약세다.같은 시각 코스닥지수는 전 거래일보다 12.32포인트(1.55%) 내린 781.01을 나타내고 있다. 지수는 이날 0.09% 내림세로 출발 후 낙폭을 확대하고 있다. 코스닥시장에서도 외국인과 기관이 각각 1943억원과 473억원 매도 우위인 반면 개인은 2401억원 매수 우위다.코스닥 시총 상위 종목은 대체로 하락세다. 알테오젠, 에코프로비엠, HLB, 에코프로, 레인보우로보틱스, 휴젤, 리가켐바이오, 펩트론, 클래시스, 리노공업, 삼천당제약, 코오롱티슈진, 에이비엘바이오 등이 내리고 있다. 이날 코스닥시장에 입성한 뉴엔AI는 이 시각 현재 공모가 대비 171% 급등하고 있다.서울 외환시장에서 원·달러 환율은 전장보다 2.6원 오른 1362원으로 개장했다.고정삼 한경닷컴 기자 jsk@hankyung.com",https://www.hankyung.com/article/2025070482536,2025.07.04 11:11
이자 폭탄 막자! 증권사 신용대출 3%대 전환으로 절약하는 법,,"전송종목 : 한화시스템, 에이피알, 롯데웰푸드, BGF리테일, SK케미칼최근 주식 투자자들 사이에서 주식대출(미수/신용융자 등)의 고금리에 대한 부담이 커지고 있다.특히 저금리를 적용 받고 싶어도, 기존 대출을 상환하고 다시 주식을 매수해야 하는 번거로운 절차와 자금 조달의 어려움이 발목을 잡고 있다.이런 현실적인 문제를 해결하고자, 무빙스탁이 ‘증권사 신용, 대환자금대출’ 서비스를 전격 출시했다.이 상품은 주식을 매도하지 않고도, 기존의 고금리의 주식대출(미수/신용융자 등)의 3%대의 혁신적인 저금리 증권사로 전환할 수 있도록 상환자금을 제공하는 것이 핵심이다.무빙스탁 관계자는 “현재 증권사 이벤트 금리는 연 3%대 수준으로, 기존 9~10%대 고금리를 적용받는 투자자라면 절감 효과가 상당하다”며, 금리를 5%만 낮추면 “1억원 신용대출 기준으로 연간 약 500만원, 3억원이라면 1,500만원까지도 절약할 수 있다”고 밝혔다.더 놀라운 점은, 현재는 이벤트 기간으로 대환자금대출 신청시 발생하는 이자 비용까지 ‘0원’이라는 사실이다. 대환자금에 대해서 하루의 대출이자도 부담하지 않고 기존 고금리 대출을 저금리로 전환할 수 있어, 고금리 부담에 시달리던 투자자들에게 큰 호응을 얻을 전망이다.이 서비스는 부동산 시장에서 흔히 이용되던 대환대출 개념을 증권시장에 도입한 혁신적인 시도로, 주식 투자자들의 자금 운용에 새로운 대안을 제시할 것으로 기대된다.무빙스탁 ‘증권사 신용, 대환자금대출’의 비용 무료 이벤트는 이벤트 기간 동안 한정적으로 제공되는 만큼, 신용융자를 이용 중인 투자자라면 지금 바로 확인해볼 필요가 있다.★ 장마감 시간이 가까워질수록 문의가 많아 상담이 지연될 수 있습니다.★ 7월 문의하신 고객들이 많이 보유하신 종목으로는 삼성전자, POSCO홀딩스, 셀트리온, 포스코퓨처엠, 에코프로비엠, NAVER, 에코프로, 삼성SDI, LG화학, SK하이닉스, 두산에너빌리티, 카카오, SK이노베이션, LG에너지솔루션, 엘앤에프, 삼천당제약, 현대차, 알테오젠, HPSP, LG전자 등이 있습니다.★ 안내사항과도한 빚은 당신에게 큰 불행을 안겨줄 수 있습니다. 대출 시 신용등급 하락으로 다른 금융거래가 제약받을 수 있습니다. 중개수수료를 요구하거나 받는 것은 불법입니다.상호명: ㈜단비대부 2021-서울영등포-2102(대부업) | TEL: 1544-4886 | 대출금리: 연 20%이내(연체금리는 약정금리+3%p이내, 최대 연 20%이내) | 단, 2021. 7. 7.부터 신규체결, 갱신, 연장되는 계약에 한함 | 채무의 조기상환 조건 및 부대비용 없음. (단, 신용조회비용 및 담보권설정비용 있음), 이자 외 별도로 중개수수료를 요구하거나 수취하는 것은 불법입니다. | 대표이사: 박동원 | 사업자등록번호: 274-86-00231 | 등록기관명칭: 서울 영등포구청(담당부서: 일자리경제과, 02-2670-3420) | 소재지 : 서울 영등포구 여의대방로67길 11, 5층 517호 | 개인정보관리자메일: help@danbifund.co.kr무료상담",https://www.hankyung.com/article/202507096257a,2025.07.09 08:53
"한국투자증권, ELW 579종목 신규 상장",,"사진=한국투자증권

                한국투자증권은 주식워런트증권(ELW) 579종목을 신규 상장한다고 16일 밝혔다.상장 종목은 코스피200·코스닥150을 기초자산으로 하는 지수형 ELW 416종목과 삼성전자, SK하이닉스, 네이버, POSCO홀딩스 등을 기초자산으로 하는 종목형 ELW 163종목이다.ELW는 개별 주식이나 주가지수를 만기일에 미리 정한 가격으로 사고팔 수 있는 권리를 거래하는 상품이다. 기초자산의 상승을 예상하면 콜 ELW, 하락을 예상하면 풋 ELW를 매수해 시장 상황과 무관한 수익 기회를 얻을 수 있다. 다만, 기초자산 가격이 당초 예상한 방향으로 움직이지 않으면 만기 시 원금 100%까지 손실이 발생할 수 있다.한국투자증권은 한국거래소 ELW 시장에서 거래대금과 상장종목 수 모두 1위를 기록하며 시장을 선도하고 있다.ELW를 거래하려면 투자성향을 진단하고, 사전 투자자 교육을 이수해야 한다. 또 신규고객 기준 최소 1500만원의 기본예탁금을 충족해야 한다. 기타 자세한 내용은 한국투자증권 ELW 전용 홈페이지와 카카오톡 채널 'TRUE ELW'에서 확인할 수 있다.진영기 한경닷컴 기자 young71@hankyung.com",https://www.hankyung.com/article/2025071621216,2025.07.16 14:30
"동문건설, 25일 '춘천 동문 디 이스트 어반포레' 견본주택 개관","지상 29층, 6개 동, 569가구 규모
교통·편의·생활·자연 갖춘 입지 강점","'춘천 동문 디 이스트 어반포레' 투시도. 동문건설 제공

                동문건설(시공)과 씨앤위(시행위탁)는 오는 25일 강원 춘천시에서 ‘춘천 동문 디 이스트 어반포레’의 견본주택을 개관, 본격적인 분양에 나선다. 올해 춘천시 첫 신규 분양 단지이자, 지역 내 처음으로 공급되는 동문건설의 ‘동문 디 이스트’ 브랜드 아파트다. 단지는 춘천시 동면 만천리에 지하 4층~지상 29층, 6개 동, 569가구(전용면적 59~84㎡) 규모로 조성된다. 분양 일정은 다음달 4일 특별공급을 시작으로 5일 1순위, 6일 2순위 청약을 받는다. 다음달 12일에 당첨자를 발표하며, 정당계약은 다음달 25~27일이다.단지가 공급되는 춘천시는 가계부채 관리 강화 방안(6·27 부동산대책) 규제의 적용을 받지 않으며, 청약통장 가입 6개월이 지난 춘천시민 및 강원특별자치도 거주자라면 1순위 청약에 지원할 수 있다. 또한 다주택자와 세대원도 1순위 대상이 될 수 있다. 계약금 10%(총 공급금액의 10%)를 납부하면 분양권 전매도 가능하다. 분양 조건은 계약금 10%, 중도금 60%, 잔금 30%다. 계약금 1차 1000만원 정액제, 발코니 확장 무상 혜택이 제공된다.‘춘천 동문 디 이스트 어반포레’는 춘천 지역 내에서 우수한 상품성을 지닌 단지다. 전체 가구는 4베이(거실과 방 세 칸이 나란히 배치된 설계) 판상형 위주의 구조이며 남향 위주로 배치돼 채광 및 일조권을 극대화했다. 전용면적 59㎡는 거실과 주방 맞통풍 구조로 설계됐으며 주방에는 대면형 아일랜드가 설치된다. 전용면적 84㎡는 식자재 등을 쉽게 보관할 수 있도록 주방 동선을 최적화하고 타입에 따라 알파룸, 팬트리 등을 마련해 공간 활용을 극대화했다.단지 내에는 골프연습장, GX룸, 피트니스 등 운동 공간과 1인 독서실, 남/여 독서실, 작은 도서관 등 교육 공간 그리고 키즈카페, 키즈스테이션 등 입주민의 여유로운 일상을 위한 특화 커뮤니티 시설이 마련된다.단지의 지상 공간은 주차 공간을 지하화(근린생활시설 주차 제외) 한 공원형 아파트로 설계했고, 다양한 식재의 조경 시설과 근린생활시설이 배치된다. 또한 물놀이가 가능한 어린이 놀이터, 유아 놀이터, 어린이집, 휴게 정원, 시니어 정원 등을 마련해 입주민의 삶의 질을 높이는 데 힘썼다. 특히 단지의 106동 최상층에는 춘천 지역에서 쉽게 볼 수 없었던 27층 스카이카페를 조성해 구봉산 및 춘천 도심 전경 조망도 가능하다.
                    



'춘천 동문 디 이스트 어반포레' 조감도. 동문건설 제공

                ‘춘천 동문 디 이스트 어반포레’는 스마트그린산업단지로 탈바꿈을 앞둔 후평일반산업단지를 비롯해 네이버도시첨단산업단지로 직주근접이 가능한 배후 주거지역에 들어선다.춘천장학 아이파크(12년 준공), 춘천 두산위브(08년 준공), 춘천 아테라 더 퍼스트(26년 준공 예정), 춘천 아테라 에듀파크(27년 준공 예정) 등 잇따른 브랜드 아파트 공급으로 주거 선호도가 높은 지역이기도 하다.단지는 경춘선 남춘천역, 춘천역이 차량 10분대 거리이며, 이를 통해 서울 청량리역까지 1시간 대에 도달할 수 있다. 춘천고속버스터미널과 춘천시외버스터미널을 이용해 서울 및 광역 이동도 수월하다. 경춘로, 중앙고속도로, 서울양양고속도로 이용이 쉽고 춘천순환로 및 후석로, 춘천로, 서부대성로 등 간선도로와 인근 버스 노선을 통한 지역 내 이동 여건도 확보했다. 향후 용산에서 속초를 잇는 동서고속화철도(예정), 인천 송도와 여의도, 용산 등을 거치는 GTX-B노선 춘천 연장(예정) 등 사업 추진으로 편의성 향상이 예상된다.단지에서 도보로 만천초를 통학할 수 있으며 후평중, 봉의중을 비롯해 봉의고, 강원사대부설고가 단지 주변에 들어서 있다. 강원중, 강원고, 춘천여고 등 농어촌 특별전형 혜택이 적용되는 학교들이 포진해 있기도 하며, 춘천 유명 학원이 몰려 있는 후평동, 퇴계동 학원가 접근도 수월하다.벨몽드마트, MS마트, 롯데마트, 이마트, 하나로마트, 후평일단지시장 등을 이용할 수 있으며 강원대학교병원과 춘천성심병원이 가깝다. 춘천지방검찰청, 춘천지방법원, 강원도청, 춘천시청 등 관공서 이용이 우수하다는 점도 특징이다. 도심 속에서도 만천천과 소양강, 구봉산의 수려한 풍경을 누리며 힐링과 여가를 온전히 누릴 수 있는 장점도 눈에 띈다.유오상 기자 osyoo@hankyung.com",https://www.hankyung.com/article/202507249840i,2025.07.24 15:07
"걸그룹 위클리→싱어송라이터…신지윤 ""순한맛 레이디 가가 될래요"" [인터뷰+]","위클리 출신 신지윤 인터뷰
솔로 가수로 새로운 도약
대학교 생활과 함께 꾸준히 자작곡 발표
""학교 다니며 자신감 얻어 솔로 시작""
""큰 공연장에서 콘서트 여는 가수 되고파""","그룹 위클리 출신 가수 신지윤 /사진=변성현 기자

                인터뷰에 앞서 수줍게 건넨 바구니에는 쿠키·초콜릿·음료 등이 가득 담겨 있었다. 직접 준비한 거라며 잘 부탁한다고 말하는 목소리에서 걸그룹 활동 때의 앳된 모습은 찾기 어려웠다. 자신을 스스로 소개하고 음악에 관해 이야기하는 목소리에서는 당당함이 느껴지기까지 했다. 그룹 위클리를 탈퇴한 뒤 솔로 가수로서의 길을 개척해나가고 있는 신지윤의 이야기다.오랜 연습생 기간을 거쳐 2020년 위클리로 데뷔했던 신지윤은 건강상의 이유로 2022년 2년여에 걸친 팀 활동을 마무리했다. 이후 재정비의 시간을 가졌던 그는 솔로로 새 출발에 나섰다. 예전부터 작사·작곡이 가능했기에 지난해부터 본격적으로 자작곡을 발매하며 솔로 가수로서의 커리어를 차곡차곡 쌓아가는 중이다.인터뷰는 신지윤이 보낸 메일 한 통에서 시작됐다. 신곡 발매 쇼케이스를 여니 와달라는, 그가 기자들에게 직접 쓴 메일이었다. 현장에 갈 수 없어 역으로 인터뷰를 제안해 만남이 성사됐다. 어떻게 메일 보낼 생각을 했냐고 묻자 ""쇼케이스 기획을 내가 다 했다. 네이버 연예 기사를 검색해서 50개 정도의 메일을 다 메모해서 일일이 메일을 작성했다. 이후에 안내를 어떻게 하는지도 잘 몰라서 현장에는 딱 한 분이 왔다""고 답했다.현재 소속사가 없는 신지윤은 ""앨범 기획부터 콘셉트, 디렉팅과 작사·작곡·편곡에 마케팅까지 직접 하고 있다. 회사가 없이 혼자 하니까 힘에 부치지만, 대신에 보여주고 싶었던 것, 의도했던 것들을 자유롭게 앨범에 다 담을 수 있어서 좋다""며 웃었다.지난해 4월 '옐로우 라이트(Yellow Light)'를 시작으로 '마다가스카' '디드 유 러브 미?(Did you love me?)'까지 꾸준히 곡을 내는 중이다. 2세대 K팝 감성을 떠올리게 하는 무드부터 독특함과 서정성을 동시에 지닌 곡, 중독성 강한 멜로디의 댄스 장르까지 다채로운 매력을 선보였다. 전부 자신이 만든 곡이다.신지윤은 ""연습생 때 곡을 일주일에 하나씩 만들 정도로 작업을 많이 했다. 그땐 70곡, 80곡을 보내도 다 반려를 당했었다. 내 곡이 계속 채택되지 않았다. 그 당시에는 부족한 것도 많았기 때문에 계속 허공에 던지는 것 같은 기분이 들었다. 그렇게 반려됐던 곡이 '디드 유 러브 미?'와 '옐로우 라이트'였다""고 밝혔다.이어 ""이제는 컨펌받아야 할 곳이 없으니까 하고 싶은 걸 다 하자는 마음이었다. 예전에 쓴 곡 중에 애정이 가는 것들 위주로 다시 작업했다""고 덧붙였다.
                    









                솔로 가수로 새 출발을 하는 데 가장 큰 도움이 된 건 대학교 생활이었다고 한다. 현재 신지윤은 동아방송예술대학교 K팝학과에 재학 중이다. 팀 활동을 마무리 짓고 약 1년간 휴식한 끝에 '대학교 입학'을 택했다. 이후 100% 캠퍼스 라이프를 즐기며 자신감을 회복했다.신지윤은 ""원래 자신감이 되게 없었다. 내가 많이 부족하고 노래가 별로라서 곡들이 세상에 나오지 못하는 거라는 생각이 컸다. 그런데 학교 친구들이 내 노래를 좋아해 주더라. 모르는 친구들도 와서 '노래 좋다. 잘 듣고 있다'는 말을 해줬다. 에브리타임에도 노래가 좋다거나, 예쁘다는 글이 올라올 때가 있다. 뿌듯하다. 교내 스타가 된 기분""이라며 환하게 웃었다.현재 3학년이라는 그는 ""학교를 재미있게 다니고 있다. 작곡할 수 있다는 게 큰 메리트다. 난 기말 콘서트에서 항상 내 곡을 부른다. 예전에 기말 콘서트에서 한 공연이 반응이 좋았다. 릴스에서 조회수 100만회가 나왔다. 늘 내 노래가 별로라서 반려당하는 줄 알았는데, 막상 내보니까 사람들이 좋아하는 거였다. 덕분에 본격적으로 솔로 커리어를 시작할 수 있었다""고 전했다.곡 영감은 일상에서 문득 떠오를 때가 많다고 했다. 신지윤은 ""평소 생각이 많다. 유튜브 콘텐츠를 찍는 도중에 악상이 떠오른 적도 있다. 갑자기 우주에서 번개가 머리에 내리꽂듯이 떠오른다. 그럴 때마다 기록을 해둬서 글로 적은 메모나 음성 메모가 많다""고 밝혔다.자신의 음악 스타일과 관련해서는 ""2000년대, 2010년대 K팝을 들으며 자랐다. 유치원생 때부터 음악방송을 봤고, 일곱 살 때 빅뱅 콘서트를 갔다. 그때의 향수를 느낄 수 있는 음악을 하고 있다. 하나의 장르에 국한되지 않고 좋아하는 장르의 음악을 하려고 한다""고 설명했다. 이어 ""내 노래에서 들리는 모든 사운드까지 내 손을 거치지 않은 게 없다. 목소리가 안 나오는 부분에서도 내 목소리가 들릴 정도""라면서 ""그렇게 천천히 나만의 색깔을 만들어 나가는 중이다. 그걸 조금 더 선명하게 만들고 싶다""고 덧붙였다.
                    




                리쌍·다이나믹듀오·에픽하이의 가사에 영향을 받았고, 요즘 즐겨 듣는 음악은 J팝 아티스트 아도, 요네즈 켄시 등이라고 했다. 편식 없는 음악 취향만으로도 그의 폭넓은 음악 스펙트럼을 엿볼 수 있었다.목표는 ""하드에 있는 좋은 노래들을 세상에 내보내자는 거다. 멀리 보는 목표는 커다란 공연장에서 단독 콘서트를 할 수 있는, 그런 알맹이 있는 가수가 되는 것""이라고 했다. 대학교 졸업 공연을 통해 새 앨범을 발매하는 것도 품고 있는 꿈 중 하나였다. ""걸그룹에게 내 곡을 많이 주고 싶다""면서 오드유스 예음, 지니어스 조에 등을 언급하기도 했다.끝으로 신지윤은 롤모델로 지드래곤, 레이디 가가를 꼽았다. 그는 ""레이디 가가를 항상 동경해 왔다. 팝 발라드, 댄스, EDM까지 스펙트럼이 정말 넓지 않나. 내 '추구미'""라면서 ""순한 맛의 레이디 가가가 되고 싶다""는 바람을 전했다.김수영 한경닷컴 기자 swimmingk@hankyung.com",https://www.hankyung.com/article/202507098663H,2025.07.10 08:00
"이자 부담은 최소로, 투자 효율은 최대로! 신용대출 3%대 활용법",,"전송종목 : 안랩, 농우바이오, 이랜텍, 텔레칩스, 제이브이엠최근 주식 투자자들 사이에서 주식대출(미수/신용융자 등)의 고금리에 대한 부담이 커지고 있다.특히 저금리를 적용 받고 싶어도, 기존 대출을 상환하고 다시 주식을 매수해야 하는 번거로운 절차와 자금 조달의 어려움이 발목을 잡고 있다.이런 현실적인 문제를 해결하고자, 무빙스탁이 ‘증권사 신용, 대환자금대출’ 서비스를 전격 출시했다.이 상품은 주식을 매도하지 않고도, 기존의 고금리의 주식대출(미수/신용융자 등)의 3%대의 혁신적인 저금리 증권사로 전환할 수 있도록 상환자금을 제공하는 것이 핵심이다.무빙스탁 관계자는 “현재 증권사 이벤트 금리는 연 3%대 수준으로, 기존 9~10%대 고금리를 적용받는 투자자라면 절감 효과가 상당하다”며, 금리를 5%만 낮추면 “1억원 신용대출 기준으로 연간 약 500만원, 3억원이라면 1,500만원까지도 절약할 수 있다”고 밝혔다.더 놀라운 점은, 현재는 이벤트 기간으로 대환자금대출 신청시 발생하는 이자 비용까지 ‘0원’이라는 사실이다. 대환자금에 대해서 하루의 대출이자도 부담하지 않고 기존 고금리 대출을 저금리로 전환할 수 있어, 고금리 부담에 시달리던 투자자들에게 큰 호응을 얻을 전망이다.이 서비스는 부동산 시장에서 흔히 이용되던 대환대출 개념을 증권시장에 도입한 혁신적인 시도로, 주식 투자자들의 자금 운용에 새로운 대안을 제시할 것으로 기대된다.무빙스탁 ‘증권사 신용, 대환자금대출’의 비용 무료 이벤트는 이벤트 기간 동안 한정적으로 제공되는 만큼, 신용융자를 이용 중인 투자자라면 지금 바로 확인해볼 필요가 있다.★ 장마감 시간이 가까워질수록 문의가 많아 상담이 지연될 수 있습니다.★ 7월 문의하신 고객들이 많이 보유하신 종목으로는 삼성전자, POSCO홀딩스, 셀트리온, 포스코퓨처엠, 에코프로비엠, NAVER, 에코프로, 삼성SDI, LG화학, SK하이닉스, 두산에너빌리티, 카카오, SK이노베이션, LG에너지솔루션, 엘앤에프, 삼천당제약, 현대차, 알테오젠, HPSP, LG전자 등이 있습니다.★ 안내사항과도한 빚은 당신에게 큰 불행을 안겨줄 수 있습니다. 대출 시 신용등급 하락으로 다른 금융거래가 제약받을 수 있습니다. 중개수수료를 요구하거나 받는 것은 불법입니다.상호명: ㈜단비대부 2021-서울영등포-2102(대부업) | TEL: 1544-4886 | 대출금리: 연 20%이내(연체금리는 약정금리+3%p이내, 최대 연 20%이내) | 단, 2021. 7. 7.부터 신규체결, 갱신, 연장되는 계약에 한함 | 채무의 조기상환 조건 및 부대비용 없음. (단, 신용조회비용 및 담보권설정비용 있음), 이자 외 별도로 중개수수료를 요구하거나 수취하는 것은 불법입니다. | 대표이사: 박동원 | 사업자등록번호: 274-86-00231 | 등록기관명칭: 서울 영등포구청(담당부서: 일자리경제과, 02-2670-3420) | 소재지 : 서울 영등포구 여의대방로67길 11, 5층 517호 | 개인정보관리자메일: help@danbifund.co.kr무료상담",https://www.hankyung.com/article/202507145616a,2025.07.14 13:28
"""영업이익의 4% 달라""…게임업계 초유의 사태, 무슨 일?","네오플 게임업계 첫 파업
IT 노조 강경 투쟁 기조 확산
카카오·네이버 노조도 집회","민주노총 화학섬유식품노조 넥슨지회 네오플분회 소속 네오플 본사 조합원들이 25일 오후 제주시 노형동 네오플 본사에서 총파업 결의대회를 하고 있다. 사진=뉴스1

                던전앤파이터를 개발한 넥슨의 자회사 네오플에서 국내 게임업계 최초의 파업이 시작됐다. 게임업계뿐만 아니라 카카오모빌리티와 네이버 등도 집회를 열거나 파업을 단행하면서 상대적으로 온건하다는 평가를 받던 판교 IT 노조의 분위기가 달라지고 있다는 관측이 나온다. 일각에선 IT 노조들이 성숙기에 접어들어 협상력을 높이고 있는 것으로 보고 있다.전국민주노동조합총연맹(민주노총) 산하 전국화학섬유식품산업노동조합(화섬식품노조) 넥슨지회 네오플분회는 지난 11일 경기 성남시 넥슨코리아 사옥 앞에서 교섭 촉구 기자회견을 열었다. 이날 네오플분회는 사측의 대화 거부와 파업 중단 압박을 규탄하면서 넥슨도 사태 해결에 적극적으로 개입할 것을 요구했다.갈등의 쟁점은 성과급 지급 수준이다. 네오플분회는 영업이익이 발생하면 4%를 전체 노동자에게 균등하게 지급할 것을 요구하고 있다. 반면 네오플 사측은 던파모바일의 중국 출시가 지연됐던 상황에서 이미 인센티브(GI)가 지급됐다는 입장이다.네오플분회는 중국 출시 지연을 이유로 직원들의 성과급은 줄이면서 경영진엔 오히려 10배에 달하는 보상이 이뤄졌다고 주장한다. 즉, 정당한 보상을 위해서라도 이익분배금(PS제) 4% 지급이 제도화돼야 한다는 것이다.사측은 내년 6월까지 총 4차례에 걸쳐서 GI를 추가 지급할 예정이다. GI뿐만 아니라 조직을 대상으로 한 별도의 인센티브 제도(KI)를 운영해 회사와 개인의 성과에 비례한 보상을 제공했다고 강조하기도 했다. 노조는 사측이 제시한 인센티브 3300만원이 회사가 정한 3단계 목표를 모두 달성해야만 받을 수 있는 조건이라는 점을 문제 삼았다. 특히 마지막 단계인 '중국 던파 매출 2배' 조건은 비현실적인 기준으로 실제 지난 3년 동안 해당 인센티브를 받은 사례는 단 한 번뿐이었다고 주장했다.문제는 영업이익의 몇 %를 성과급으로 책정할지 기준이 모호하다는 점이다. 김성희 고려대 노동대학원 교수는 ""영업이익의 몇 %가 적당한지에 대한 불문율이 없다. 서로가 힘겨루기를 할 수밖에 없는 상황""이라며 ""노사가 합리적인 선을 찾아내는 과정에서 갈등은 불가피하다""고 말했다.네오플분회의 이번 파업은 게임업계의 초유의 노사 갈등으로 기록될 전망이다. 최초 파업인 동시에 강도도 심화되고 있어서다. 네오플분회는 지난 5월 29일 임금 교섭이 결렬된 이후 지난 7일부터 전면 파업을 개시했다. 다음 달 8일까지 한달간 지속될 예정이다. 국내 게임사 웹젠 노조는 2022년 임금 교섭 당시 파업을 예고했지만 사측과의 집중 교섭 끝에 합의하면서 실행에 옮기진 않았다.이처럼 IT 업계 노조들 사이에서 이전과 달리 비교적 강경한 투쟁 기조가 확산하고 있다. 지난달엔 카카오·네이버 노조가 집회를 열었다. 화섬식품노조 카카오지회는 사측이 높은 실적에도 일방적으로 낮은 수준의 보상안을 지급했다면서 파업을 예고했다. 카카오지회 설립 후 첫 파업 예고였다. 화섬식품노조 네이버지회는 직장 내 괴롭힘 사건에 책임을 지고 물러났던 최인혁 전 최고운영책임자(COO)의 복귀를 비판하면서 집회를 이어가고 있다.IT 업계 노조 간의 결속력도 강해지고 있다. 화섬식품노조 IT위원회가 이들 노조 간 연대 채널 중 하나다. 카카오지회는 지난 11일 열린 네이버지회 집회에 참석하기도 했다. 네이버지회는 지난 3월 카카오의 포털인 다음 분사에 반대하는 집회에 함께했다.업계에선 IT 노조들 설립이 확산하던 형성기를 거쳐 적응기를 지나 점차 내실을 다지면서 협상력을 갖춰가고 있다는 평가가 나온다. 이전에도 IT 업계 노조가 없진 않았지만 2018년 네이버지회가 설립되면서 '노조 불모지'로 불리던 IT 업계에 노조 깃발이 본격적으로 오르기 시작했다. 김 교수는 ""노조 입장에서는 협상력을 높이는 방법은 파업""이라며 ""IT 업계에서 불규칙한 노동 이나 적절하지 않은 인사관리 등 노동 환경 문제가 있어 왔다. 그간 제대로 해결되지 않고 얹혀왔던 문제들이 터져나오는 것""이라고 설명했다.박수빈 한경닷컴 기자 waterbean@hankyung.com",https://www.hankyung.com/article/202507111872g,2025.07.12 11:38
,,,https://magazine.hankyung.com/business/article/202507112971b,
"09일, 외국인 거래소에서 삼성전자(-1.63%), 두산에너빌리티(-3.3%) 등 순매도",,"외국인 투자자는 09일 거래소에서 삼성전자, 두산에너빌리티, 삼성SDI 등을 중점적으로 매도한 것으로 나타났다.외국인 투자자의 순매도 상위 20개 종목은 삼성전자, 두산에너빌리티, 삼성SDI, 신한지주, 한국전력, KB금융, NAVER, HD한국조선해양, 한화시스템, 삼성전자우등이다.이중에 전기,전자 업종에 속한 종목이 6개 포함되어 있다.HD한국조선해양, 한화시스템, 한화오션 등은 전일 대비 주가가 상승했고, 삼성전자, 두산에너빌리티, 삼성SDI 등은 주가가 하락했다.[07월09일]거래소 외국인 순매도 상위 종목한경로보뉴스이 기사는 한국경제신문과 금융 AI 전문기업 씽크풀이 공동 개발한 기사 자동생성 알고리즘에 의해 실시간으로 작성된 것입니다.",https://www.hankyung.com/article/202507098435L,2025.07.09 18:35
기업인 다수 발탁…교수 출신은 1명뿐,"1기 내각 리스트 살펴보니

대통령실 '네이버 라인' 발탁
관료도 중용…전북 출신 최다","이재명 대통령이 11일 국토교통부·문화체육관광부 장관 후보자를 지명하며 1기 내각 구성이 마무리됐다. 역대 정권과 비교하면 여당 현역 의원이 투입된 비중이 높고, 현장 경험이 많은 기업인이 다수 중용됐다. 장관으로 ‘단골 지명’되던 교수 출신은 단 한 명에 그쳤다. 능력이 검증된 실무형 인재를 선호하는 이 대통령의 인사 철학이 반영됐다는 평가가 나온다.1기 내각 구성의 가장 큰 특징은 19개 부처 가운데 8곳의 장관 후보자로 여당 현역 의원이 지명됐다는 점이다. 정동영(통일) 안규백(국방) 김성환(환경) 강선우(여성가족) 전재수(해양수산) 정성호(법무) 윤호중(행정안전) 김윤덕(국토교통) 후보자 등이다. 김민석 국무총리까지 총 9명이 여당 국회의원이다.강훈식 대통령 비서실장은 “대통령직인수위원회 없이 시작하는 정부에서 업무에 호흡을 맞춰온 분들과 함께하는 것이 좀 더 효율적이라는 불가피한 선택이 반영됐다”고 설명했다.기업인 출신도 다수 발탁됐다. 특히 LG와 네이버 출신이 두드러졌다. 과학기술정보통신부 장관 후보자에 지명된 배경훈 후보자는 LG AI연구원장을 지낸 인공지능(AI) 전문가다. 내각은 아니지만 윤창렬 국무조정실장(장관급)은 관료 출신이면서 LG그룹 차원의 글로벌 전략 싱크탱크인 LG글로벌전략개발원 원장을 지냈다. 한성숙 중소벤처기업부 장관 후보자, 최휘영 문화체육관광부 장관 후보자는 네이버 출신이다. 대통령 참모인 하정우 대통령실 AI미래기획수석도 네이버 개발자 출신이다. 김정관 산업통상자원부 장관 후보자는 에너지 기업인 두산에너빌리티 사장 경험이 있다.관료 출신도 중용했다. 기획재정부 장관 후보자에는 ‘예산통’인 구윤철 전 국조실장이, 외교부 장관 후보자에는 조현 전 외교부 1·2차관이 지명됐다.지역별로는 전북 출신이 가장 많았다. 통일(정동영) 국토교통(김윤덕) 후보자 등이 전북 출신 인사다. 산업(김정관)·환경(김성환) 지명자는 전남 출신이고 보건복지(정은경)는 광주 출신이다.한재영 기자 jyhan@hankyung.com",https://www.hankyung.com/article/2025071134131,2025.07.11 18:05
"NAVER, AI·글로벌 확장 모멘텀에 외국인·기관 순매수 이어지며 주가 강세 지속",,"NAVER가 최근 AI 분야 확장과 글로벌 사업 기반 강화로 주가 강세 흐름을 이어가고 있다. 6월 말 기준 외국인과 기관 투자자가 지속적으로 순매수하는 모습이 나타나며 투자심리도 개선되는 국면이다.실적 측면에서는 2025년 1분기 매출이 2조7,868억 원으로 전년 동기 대비 10.3% 증가했고, 영업이익도 전년 대비 15% 늘어난 5,053억 원을 기록했다. 다만 순이익은 23.8% 줄어든 4,237억 원이었으며, 당기순이익 감소는 비용 증가 영향을 받은 것으로 보인다.주가 상승의 핵심 원인으로는 AI 플랫폼 강화와 글로벌 수출 확대 기대가 꼽힌다. NAVER클라우드는 AI 기반 고객센터 시스템을 도입해 운영 효율을 크게 끌어올렸으며, 사우디아라비아와 스마트시티 합작법인을 설립하는 등 중동 사업도 본궤도에 진입했다.이러한 전략들은 향후 수익성 및 성장 모멘텀에 긍정적으로 작용할 전망이다.투자 업계 또한 NAVER의 미래 가치를 인정하고 있다. 한국투자증권은 ‘상저하고’ 전략을 제시하며 투자의견 ‘매수’를 유지하는 리포트를 최근 발간했다. 외국기관의 연이은 매수세와 AI·글로벌 확장의 구체화가 합쳐지며 시너지 효과를 기대할 수 있다는 분석이다.다만, 공매도 증가와 순이익 감소, 그리고 비용 부담 확대는 리스크로 꼽힌다. 1분기 순이익 감소는 비용 증가와 함께 공매도 세력의 진입 우려도 증폭시키는 요인이다. 그러나 비용 효율화와 글로벌 사업 확대가 수익성 개선으로 이어질 가능성이 높아 업계에서는 향후 분기 실적과 AI 수출 계약 성과를 중점적으로 지켜봐야 한다는 견해가 지배적이다.포스코인터내셔널, 오가닉티코스메틱, SK스퀘어, YG PLUS, 모비데이즈무료상담",https://www.hankyung.com/article/202507071864a,2025.07.07 12:03
"한성숙 후보자, 보유 중인 '네이버 주식' 전량 매각하기로",,"네이버 보유 주식 8천934주 처분 계획…모친의 현대차·삼성전자 주식도 매각이해충돌 사전 방지…스톡옵션·해외주식 등은 대상서 제외





                네이버(NAVER) 대표 출신인 한성숙 중소벤처기업부 장관 후보자가 보유 중인 네이버 주식을 전량 매각하기로 결정한 것으로 연합뉴스 취재 결과 확인됐다.3일 관가에 따르면 한 후보자는 취임할 경우 즉시 보유한 23억원 규모의 네이버 주식 8천934주를 전량 매각하기로 했다.현행 공직자윤리법은 고위공직자 본인 및 이해관계자가 보유한 주식의 총가액이 3천만원을 초과하면 2개월 이내에 주식 매각 또는 백지신탁을 하도록 규정하고 있다.이는 공무수행 과정에서 발생할 수 있는 공·사적 이해 충돌 가능성을 사전에 방지하기 위한 것이다.한 후보자의 모친도 보유한 현대차 주식 575주(1억1천만원)와 삼성전자 2천589주(1억5천만원)를 매각할 예정이다.한 후보자가 모친과 매각할 주식가액은 모두 25억6천만원으로 매각이 완료되기까지는 일주일 정도가 소요될 것으로 보인다.한 후보자는 2007년부터 네이버에 몸을 담았으며 2017년부터 2022년까지 5년간 대표이사를 지냈다.현재는 네이버 고문을 맡고 있다.중기부는 소상공인과 중소기업은 물론 창업·벤처기업 등을 관할하는 부처로 한 후보자가 장관으로 임명되면 각종 지원사업을 추진하는 과정에서 네이버와의 이해충돌 논란이 불거질 수 있다.한 후보자는 신고한 재산 외에도 네이버 주식매수선택권(스톡옵션) 254억4천만원과 양도제한조건부주식(RSU) 4억3천996만원도 갖고 있다.다만 스톡옵션은 주식을 미리 약정한 가격으로 일정한 기간 내에 매수할 수 있는 미 실현 권리로, 권리를 행사할 수 있는 기간이 도래해 실제 행사하기 전까지는 처분 대상이 아니다.한 후보자가 보유한 해외 상장 주식·상장지수펀드(ETF) 등도 처분할 필요는 없다.주식백지신탁 심사위원회 고시에 따르면 외국에 주된 영업소 소재지를 두고 국내시장에 상장되지 않은 외국기업의 주식은 주식백지신탁제도 적용 예외 주식이다.한 후보자는 테슬라(약 10억3천400만원)와 애플(약 2억4천600만원), 팔란티어(약 1억1천100만원), 엔비디아(9천200만원) 등 해외 주식·상장지수펀드 등을 갖고 있다./연합뉴스",https://www.hankyung.com/article/202507036430Y,2025.07.03 14:54
"주식 매도 없이 신용이자 연 1,500만 원 줄이는 비법",,"전송종목 : 휴젤, 덴티움, 한국타이어앤테크놀로지, 한국콜마, JB금융지주최근 주식 투자자들 사이에서 주식대출(미수/신용융자 등)의 고금리에 대한 부담이 커지고 있다.특히 저금리를 적용 받고 싶어도, 기존 대출을 상환하고 다시 주식을 매수해야 하는 번거로운 절차와 자금 조달의 어려움이 발목을 잡고 있다.이런 현실적인 문제를 해결하고자, 무빙스탁이 ‘증권사 신용, 대환자금대출’ 서비스를 전격 출시했다.이 상품은 주식을 매도하지 않고도, 기존의 고금리의 주식대출(미수/신용융자 등)의 3%대의 혁신적인 저금리 증권사로 전환할 수 있도록 상환자금을 제공하는 것이 핵심이다.무빙스탁 관계자는 “현재 증권사 이벤트 금리는 연 3%대 수준으로, 기존 9~10%대 고금리를 적용받는 투자자라면 절감 효과가 상당하다”며, 금리를 5%만 낮추면 “1억원 신용대출 기준으로 연간 약 500만원, 3억원이라면 1,500만원까지도 절약할 수 있다”고 밝혔다.더 놀라운 점은, 현재는 이벤트 기간으로 대환자금대출 신청시 발생하는 이자 비용까지 ‘0원’이라는 사실이다. 대환자금에 대해서 하루의 대출이자도 부담하지 않고 기존 고금리 대출을 저금리로 전환할 수 있어, 고금리 부담에 시달리던 투자자들에게 큰 호응을 얻을 전망이다.이 서비스는 부동산 시장에서 흔히 이용되던 대환대출 개념을 증권시장에 도입한 혁신적인 시도로, 주식 투자자들의 자금 운용에 새로운 대안을 제시할 것으로 기대된다.무빙스탁 ‘증권사 신용, 대환자금대출’의 비용 무료 이벤트는 이벤트 기간 동안 한정적으로 제공되는 만큼, 신용융자를 이용 중인 투자자라면 지금 바로 확인해볼 필요가 있다.★ 장마감 시간이 가까워질수록 문의가 많아 상담이 지연될 수 있습니다.★ 7월 문의하신 고객들이 많이 보유하신 종목으로는 삼성전자, POSCO홀딩스, 셀트리온, 포스코퓨처엠, 에코프로비엠, NAVER, 에코프로, 삼성SDI, LG화학, SK하이닉스, 두산에너빌리티, 카카오, SK이노베이션, LG에너지솔루션, 엘앤에프, 삼천당제약, 현대차, 알테오젠, HPSP, LG전자 등이 있습니다.★ 안내사항과도한 빚은 당신에게 큰 불행을 안겨줄 수 있습니다. 대출 시 신용등급 하락으로 다른 금융거래가 제약받을 수 있습니다. 중개수수료를 요구하거나 받는 것은 불법입니다.상호명: ㈜단비대부 2021-서울영등포-2102(대부업) | TEL: 1544-4886 | 대출금리: 연 20%이내(연체금리는 약정금리+3%p이내, 최대 연 20%이내) | 단, 2021. 7. 7.부터 신규체결, 갱신, 연장되는 계약에 한함 | 채무의 조기상환 조건 및 부대비용 없음. (단, 신용조회비용 및 담보권설정비용 있음), 이자 외 별도로 중개수수료를 요구하거나 수취하는 것은 불법입니다. | 대표이사: 박동원 | 사업자등록번호: 274-86-00231 | 등록기관명칭: 서울 영등포구청(담당부서: 일자리경제과, 02-2670-3420) | 소재지 : 서울 영등포구 여의대방로67길 11, 5층 517호 | 개인정보관리자메일: help@danbifund.co.kr무료상담",https://www.hankyung.com/article/202507235742a,2025.07.23 10:48
"CJ대한통운, '7일 배송'…134개 읍·면으로 확대",,"CJ대한통운은 대도시와 수도권 중심으로 운영해오던 주 7일 배송 ‘매일 오네’ 서비스 지역을 전국 40개 시·군과 134개 읍·면 지역으로 넓힌다고 3일 밝혔다. CJ대한통운의 주 7일 배송 지역은 경기 파주·김포·여주·이천시 등 수도권 읍·면 지역과 경남 밀양시, 전북 익산시 등 지방 중소 도시로 늘어났다.이에 따라 CJ대한통운의 매일 오네 서비스를 활용하는 네이버, SSG닷컴, G마켓 등도 주말 읍·면 단위 배송이 가능해졌다. 농어촌 지역 판매자도 판매 기회가 확대됐다. 기존에는 농수산물 주말 택배 접수가 제한됐다. 앞으로 매일 오네 서비스 지역이라면 읍·면 지역에서도 주말 상품 출고가 가능하다. CJ대한통운 관계자는 “읍·면 배송 권역 확대로 도심권의 생활 물류 인프라를 농어촌 지역에서도 누릴 수 있게 됐다”고 말했다.배태웅 기자 btu104@hankyung.com",https://www.hankyung.com/article/2025070369391,2025.07.03 17:27
"03일, 외국인 거래소에서 현대로템(-3.4%), SK하이닉스(-0.18%) 등 순매도",,"외국인 투자자는 03일 거래소에서 현대로템, SK하이닉스, 두산에너빌리티 등을 중점적으로 매도한 것으로 나타났다.외국인 투자자의 순매도 상위 20개 종목은 현대로템, SK하이닉스, 두산에너빌리티, 파미셀, 삼성중공업, NAVER, 현대차, HD현대중공업, 한화오션, 산일전기등이다.이중에 운수장비 업종에 속한 종목이 8개 포함되어 있다.두산에너빌리티, NAVER, 현대차 등은 전일 대비 주가가 상승했고, 현대로템, SK하이닉스, 파미셀 등은 주가가 하락했다.[07월03일]거래소 외국인 순매도 상위 종목한경로보뉴스이 기사는 한국경제신문과 금융 AI 전문기업 씽크풀이 공동 개발한 기사 자동생성 알고리즘에 의해 실시간으로 작성된 것입니다.",https://www.hankyung.com/article/202507037136L,2025.07.03 18:35
"""삼성전자, 송금용 스테이블코인 도입 땐 年 1억달러 절감""","스테이블코인의 공습
(10) 원화 코인은 신중모드

해외법인 간 환전 비용 사라져
네이버페이, 코인 발행땐 1兆 이익","< 비트코인 고공행진 > 비트코인 가격이 14일 사상 처음으로 12만달러를 넘어섰다. 미국 하원에서 이날부터 가상자산 관련 법안을 집중 논의하는 크립토위크(가상자산 주간)가 시작되면서 법안 통과 기대가 커진 영향이다.  최혁 기자

                삼성전자가 내부 송금 수단으로 스테이블코인을 사용하면 연간 최대 1억달러가 넘는 비용을 줄일 수 있다는 분석이 나왔다. 전자결제기업인 네이버페이가 스테이블코인을 발행하면 1조원 가까운 이익을 추가로 거둘 수 있다는 전망도 제기됐다. 스테이블코인이 단순한 투자 수단을 넘어 글로벌 생산과 유통망을 보유한 글로벌 기업의 국경 없는 내부 결제 통화로 부상할 것이란 관측이 나온다. 비용 절감을 노리는 일반 기업의 스테이블코인 활용 유인이 클 것이라는 평가다. ◇ 다국적 기업 수요 클 듯14일 국정기획위원회 자문위원인 강형구 한양대 경영대 교수가 최근 공개한 분석에 따르면 삼성전자가 스테이블코인을 내부 송금에 활용하면 연간 최소 4840만달러(약 668억원)에서 최대 1억390만달러(약 1434억원)를 절감할 수 있을 것으로 나타났다. 삼성전자 계열사와 지점, 법인 간 이뤄지는 국제 송금이 연간 50만 건, 800억달러 규모라는 가정에 기반한 시나리오다.
                    






이미지 크게보기



                일반적으로 삼성전자와 같은 다국적 기업이 내부에서 자금을 이체할 때 본사와 해외 자회사 또는 해외 법인 간에 외화 송금이 이뤄진다. 이때 달러 등 외화를 매수하고 매도할 때 환전 비용(FX스프레드)과 중개 은행 수수료 등 여러 간접 비용이 발생한다. 거래 건수가 많을수록 비용 부담은 커질 수밖에 없다. 실제 자금이 도착할 때까지 수일 걸리기 때문에 자금을 즉시 활용하지 못하는 기회비용도 작지 않다. 스테이블코인을 활용하면 환전 비용은 사실상 사라진다. 거래 수수료 역시 송금 규모에 상관없이 1달러 수준이다. 환전과 중개 절차 없이 실시간으로 자금을 이체할 수 있다 보니 자금 운용의 비효율도 줄어든다.이번 분석에서는 환전 비용을 0.03~0.1%, 송금 수수료는 건당 25달러로 가정했다. 인건비와 인프라 구축 비용 등을 포함한 스테이블코인 결제 시스템의 운영비는 연간 500만달러로 추정했다. 그 결과 스테이블코인을 활용하면 FX스프레드와 송금 수수료 등의 부담이 사실상 사라져 연간 최대 1억달러 이상의 비용을 절감할 수 있다는 결론을 도출했다. 삼성전자뿐 아니라 현대자동차 등 글로벌 공급망을 갖춘 대기업일수록 효과는 훨씬 클 것이란 설명이다. 강 교수는 “국내 대기업의 ‘디지털 달러’ 도입이 빨라질 수 있다”고 내다봤다. ◇ 실시간 자금 활용 가능카드사와 은행 등에 수수료를 지급하는 전자결제기업도 비용 절감 효과를 누릴 수 있다는 게 강 교수 분석이다. 지난해 네이버페이가 카드사와 은행 등에 지급한 수수료는 8908억원에 달한다. 스테이블코인 결제가 도입되면 수수료 비용이 고스란히 이익으로 남을 것이란 계산이 나온다.해외에서는 스테이블코인을 내부 결제에 도입한 기업이 나오고 있다. JP모간은 자사 기관 고객 간 송금에 JPM 코인을 활용하고 있다. JPM 코인은 고객이 예치한 달러를 기반으로 발행하는 폐쇄형 스테이블코인이다. 하루 거래 규모는 10억달러에 달한다. 아마존, 월마트 등 미국 주요 유통 대기업도 자체 스테이블코인 발행 계획을 공개했다. 마진이 낮은 유통업계에선 결제 비용 절감 효과가 수익성 개선으로 직결된다는 점에서 실익이 클 것이라는 전망이 나온다. ◇ 한국에선 발행주체 두고 이견국내에서는 원화 스테이블코인 발행을 은행에 우선 허용하는 방안을 논의하고 있다. 이창용 한국은행 총재는 최근 기자간담회에서 “스테이블코인 발행을 비(非)은행 기관에 허용하면 문제가 생길 수 있다”며 신중한 입장을 밝혔다.업계에서는 민간 참여를 폭넓게 허용해야 한다는 목소리가 높다. 업계 고위 관계자는 “기술력과 활용처를 갖춘 민간 기업이 배제된 채 은행 중심으로 제도가 설계되면 시장 경쟁이 제대로 이뤄지기 어렵다”며 “일정 요건을 충족하면 발행에 참여할 수 있도록 길을 열어줘야 한다”고 말했다.조미현/서형교 기자 mwise@hankyung.com",https://www.hankyung.com/article/2025071476101,2025.07.14 18:03
고금리 OUT! 증권사 신용대출 3%대로 전환하는 방법,,"전송종목 : 샘표식품, 와이엠티, 펌텍코리아, 샘씨엔에스, 미래반도체최근 주식 투자자들 사이에서 주식대출(미수/신용융자 등)의 고금리에 대한 부담이 커지고 있다.특히 저금리를 적용 받고 싶어도, 기존 대출을 상환하고 다시 주식을 매수해야 하는 번거로운 절차와 자금 조달의 어려움이 발목을 잡고 있다.이런 현실적인 문제를 해결하고자, 무빙스탁이 ‘증권사 신용, 대환자금대출’ 서비스를 전격 출시했다.이 상품은 주식을 매도하지 않고도, 기존의 고금리의 주식대출(미수/신용융자 등)의 3%대의 혁신적인 저금리 증권사로 전환할 수 있도록 상환자금을 제공하는 것이 핵심이다.무빙스탁 관계자는 “현재 증권사 이벤트 금리는 연 3%대 수준으로, 기존 9~10%대 고금리를 적용받는 투자자라면 절감 효과가 상당하다”며, 금리를 5%만 낮추면 “1억원 신용대출 기준으로 연간 약 500만원, 3억원이라면 1,500만원까지도 절약할 수 있다”고 밝혔다.더 놀라운 점은, 현재는 이벤트 기간으로 대환자금대출 신청시 발생하는 이자 비용까지 ‘0원’이라는 사실이다. 대환자금에 대해서 하루의 대출이자도 부담하지 않고 기존 고금리 대출을 저금리로 전환할 수 있어, 고금리 부담에 시달리던 투자자들에게 큰 호응을 얻을 전망이다.이 서비스는 부동산 시장에서 흔히 이용되던 대환대출 개념을 증권시장에 도입한 혁신적인 시도로, 주식 투자자들의 자금 운용에 새로운 대안을 제시할 것으로 기대된다.무빙스탁 ‘증권사 신용, 대환자금대출’의 비용 무료 이벤트는 이벤트 기간 동안 한정적으로 제공되는 만큼, 신용융자를 이용 중인 투자자라면 지금 바로 확인해볼 필요가 있다.★ 장마감 시간이 가까워질수록 문의가 많아 상담이 지연될 수 있습니다.★ 7월 문의하신 고객들이 많이 보유하신 종목으로는 삼성전자, POSCO홀딩스, 셀트리온, 포스코퓨처엠, 에코프로비엠, NAVER, 에코프로, 삼성SDI, LG화학, SK하이닉스, 두산에너빌리티, 카카오, SK이노베이션, LG에너지솔루션, 엘앤에프, 삼천당제약, 현대차, 알테오젠, HPSP, LG전자 등이 있습니다.★ 안내사항과도한 빚은 당신에게 큰 불행을 안겨줄 수 있습니다. 대출 시 신용등급 하락으로 다른 금융거래가 제약받을 수 있습니다. 중개수수료를 요구하거나 받는 것은 불법입니다.상호명: ㈜단비대부 2021-서울영등포-2102(대부업) | TEL: 1544-4886 | 대출금리: 연 20%이내(연체금리는 약정금리+3%p이내, 최대 연 20%이내) | 단, 2021. 7. 7.부터 신규체결, 갱신, 연장되는 계약에 한함 | 채무의 조기상환 조건 및 부대비용 없음. (단, 신용조회비용 및 담보권설정비용 있음), 이자 외 별도로 중개수수료를 요구하거나 수취하는 것은 불법입니다. | 대표이사: 박동원 | 사업자등록번호: 274-86-00231 | 등록기관명칭: 서울 영등포구청(담당부서: 일자리경제과, 02-2670-3420) | 소재지 : 서울 영등포구 여의대방로67길 11, 5층 517호 | 개인정보관리자메일: help@danbifund.co.kr무료상담",https://www.hankyung.com/article/202507047511a,2025.07.04 08:53
합리적 투자 필수! 증권사 신용대출 3%대 전환으로 이자 절감,,"전송종목 : 두산로보틱스, OCI, 이수스페셜티케미컬, 한화비전, 경방최근 주식 투자자들 사이에서 주식대출(미수/신용융자 등)의 고금리에 대한 부담이 커지고 있다.특히 저금리를 적용 받고 싶어도, 기존 대출을 상환하고 다시 주식을 매수해야 하는 번거로운 절차와 자금 조달의 어려움이 발목을 잡고 있다.이런 현실적인 문제를 해결하고자, 무빙스탁이 ‘증권사 신용, 대환자금대출’ 서비스를 전격 출시했다.이 상품은 주식을 매도하지 않고도, 기존의 고금리의 주식대출(미수/신용융자 등)의 3%대의 혁신적인 저금리 증권사로 전환할 수 있도록 상환자금을 제공하는 것이 핵심이다.무빙스탁 관계자는 “현재 증권사 이벤트 금리는 연 3%대 수준으로, 기존 9~10%대 고금리를 적용받는 투자자라면 절감 효과가 상당하다”며, 금리를 5%만 낮추면 “1억원 신용대출 기준으로 연간 약 500만원, 3억원이라면 1,500만원까지도 절약할 수 있다”고 밝혔다.더 놀라운 점은, 현재는 이벤트 기간으로 대환자금대출 신청시 발생하는 이자 비용까지 ‘0원’이라는 사실이다. 대환자금에 대해서 하루의 대출이자도 부담하지 않고 기존 고금리 대출을 저금리로 전환할 수 있어, 고금리 부담에 시달리던 투자자들에게 큰 호응을 얻을 전망이다.이 서비스는 부동산 시장에서 흔히 이용되던 대환대출 개념을 증권시장에 도입한 혁신적인 시도로, 주식 투자자들의 자금 운용에 새로운 대안을 제시할 것으로 기대된다.무빙스탁 ‘증권사 신용, 대환자금대출’의 비용 무료 이벤트는 이벤트 기간 동안 한정적으로 제공되는 만큼, 신용융자를 이용 중인 투자자라면 지금 바로 확인해볼 필요가 있다.★ 장마감 시간이 가까워질수록 문의가 많아 상담이 지연될 수 있습니다.★ 7월 문의하신 고객들이 많이 보유하신 종목으로는 삼성전자, POSCO홀딩스, 셀트리온, 포스코퓨처엠, 에코프로비엠, NAVER, 에코프로, 삼성SDI, LG화학, SK하이닉스, 두산에너빌리티, 카카오, SK이노베이션, LG에너지솔루션, 엘앤에프, 삼천당제약, 현대차, 알테오젠, HPSP, LG전자 등이 있습니다.★ 안내사항과도한 빚은 당신에게 큰 불행을 안겨줄 수 있습니다. 대출 시 신용등급 하락으로 다른 금융거래가 제약받을 수 있습니다. 중개수수료를 요구하거나 받는 것은 불법입니다.상호명: ㈜단비대부 2021-서울영등포-2102(대부업) | TEL: 1544-4886 | 대출금리: 연 20%이내(연체금리는 약정금리+3%p이내, 최대 연 20%이내) | 단, 2021. 7. 7.부터 신규체결, 갱신, 연장되는 계약에 한함 | 채무의 조기상환 조건 및 부대비용 없음. (단, 신용조회비용 및 담보권설정비용 있음), 이자 외 별도로 중개수수료를 요구하거나 수취하는 것은 불법입니다. | 대표이사: 박동원 | 사업자등록번호: 274-86-00231 | 등록기관명칭: 서울 영등포구청(담당부서: 일자리경제과, 02-2670-3420) | 소재지 : 서울 영등포구 여의대방로67길 11, 5층 517호 | 개인정보관리자메일: help@danbifund.co.kr무료상담",https://www.hankyung.com/article/202507248239a,2025.07.24 10:48
"주식 매도 없이 신용이자 연 1,500만 원 줄이는 비법",,"전송종목 : 셀트리온, TKG휴켐스, 대웅제약, 현대백화점, 한국금융지주최근 주식 투자자들 사이에서 주식대출(미수/신용융자 등)의 고금리에 대한 부담이 커지고 있다.특히 저금리를 적용 받고 싶어도, 기존 대출을 상환하고 다시 주식을 매수해야 하는 번거로운 절차와 자금 조달의 어려움이 발목을 잡고 있다.이런 현실적인 문제를 해결하고자, 무빙스탁이 ‘증권사 신용, 대환자금대출’ 서비스를 전격 출시했다.이 상품은 주식을 매도하지 않고도, 기존의 고금리의 주식대출(미수/신용융자 등)의 3%대의 혁신적인 저금리 증권사로 전환할 수 있도록 상환자금을 제공하는 것이 핵심이다.무빙스탁 관계자는 “현재 증권사 이벤트 금리는 연 3%대 수준으로, 기존 9~10%대 고금리를 적용받는 투자자라면 절감 효과가 상당하다”며, 금리를 5%만 낮추면 “1억원 신용대출 기준으로 연간 약 500만원, 3억원이라면 1,500만원까지도 절약할 수 있다”고 밝혔다.더 놀라운 점은, 현재는 이벤트 기간으로 대환자금대출 신청시 발생하는 이자 비용까지 ‘0원’이라는 사실이다. 대환자금에 대해서 하루의 대출이자도 부담하지 않고 기존 고금리 대출을 저금리로 전환할 수 있어, 고금리 부담에 시달리던 투자자들에게 큰 호응을 얻을 전망이다.이 서비스는 부동산 시장에서 흔히 이용되던 대환대출 개념을 증권시장에 도입한 혁신적인 시도로, 주식 투자자들의 자금 운용에 새로운 대안을 제시할 것으로 기대된다.무빙스탁 ‘증권사 신용, 대환자금대출’의 비용 무료 이벤트는 이벤트 기간 동안 한정적으로 제공되는 만큼, 신용융자를 이용 중인 투자자라면 지금 바로 확인해볼 필요가 있다.★ 장마감 시간이 가까워질수록 문의가 많아 상담이 지연될 수 있습니다.★ 7월 문의하신 고객들이 많이 보유하신 종목으로는 삼성전자, POSCO홀딩스, 셀트리온, 포스코퓨처엠, 에코프로비엠, NAVER, 에코프로, 삼성SDI, LG화학, SK하이닉스, 두산에너빌리티, 카카오, SK이노베이션, LG에너지솔루션, 엘앤에프, 삼천당제약, 현대차, 알테오젠, HPSP, LG전자 등이 있습니다.★ 안내사항과도한 빚은 당신에게 큰 불행을 안겨줄 수 있습니다. 대출 시 신용등급 하락으로 다른 금융거래가 제약받을 수 있습니다. 중개수수료를 요구하거나 받는 것은 불법입니다.상호명: ㈜단비대부 2021-서울영등포-2102(대부업) | TEL: 1544-4886 | 대출금리: 연 20%이내(연체금리는 약정금리+3%p이내, 최대 연 20%이내) | 단, 2021. 7. 7.부터 신규체결, 갱신, 연장되는 계약에 한함 | 채무의 조기상환 조건 및 부대비용 없음. (단, 신용조회비용 및 담보권설정비용 있음), 이자 외 별도로 중개수수료를 요구하거나 수취하는 것은 불법입니다. | 대표이사: 박동원 | 사업자등록번호: 274-86-00231 | 등록기관명칭: 서울 영등포구청(담당부서: 일자리경제과, 02-2670-3420) | 소재지 : 서울 영등포구 여의대방로67길 11, 5층 517호 | 개인정보관리자메일: help@danbifund.co.kr무료상담",https://www.hankyung.com/article/202507083738a,2025.07.08 10:48
[단독] 전력 규제에 발목…LG유플 데이터센터 10개월째 '반쪽 가동',"'전력수요 분산법' 시행 1년
데이터센터 기업 후폭풍

LG센터, '계통평가' 통과 못해
기존기업도 추가로 전력 공급땐
총 5단계 심의 거쳐야만 확정
수도권 통과율 1.7% '바늘구멍'

데이터센터기업 고객 이탈 우려
""美·中, AI 키우려 인센티브 제공
韓 데이터센터는 규제에 발목""","경기 안양시 관양동에 있는 LG유플러스 평촌2센터는 2023년 준공된 대규모 데이터센터다.  /류병화 기자

                정부가 지난해 6월 수도권에 집중된 전력 수요의 지방 분산을 위해 분산에너지활성화특별법(분산법)을 시행한 뒤 인터넷데이터센터(IDC) 운영 기업들이 적시에 전력을 공급받지 못해 사업에 차질을 빚고 있다. 신규 부지는 물론 이미 준공돼 일부 전력 공급 계약까지 체결된 건물에도 새 규제인 ‘전력계통영향평가’(계통평가)가 적용된 탓이다. 추가로 전력을 공급받지 못한 기업들은 어쩔 수 없이 설비를 놀리고 있는 실정이다. ◇LG유플 평촌센터, 심의 ‘미통과’







이미지 크게보기



                4일 업계에 따르면 LG유플러스는 경기 안양시 관양동에 건설한 IDC 평촌2센터를 절반만 가동하고 있다. 수전용량 90㎿로 건설된 평촌2센터는 2023년 준공 당시 45㎿만 전기 공급 계약을 체결해 추가 전력 공급이 필요하다. 하지만 10개월째 결과가 나오지 않고 있는 계통평가가 걸림돌이 되고 있다. 산업통상자원부 계통평가 분과위원회는 지난달 20일에도 ‘평촌2센터 45㎿ 추가 전력 공급’ 안건을 심의했지만 ‘미통과’ 결정을 내렸다.IDC를 준공한 뒤 단계적으로 전기 공급 계약을 늘려나가려 했던 기업들은 분산법 시행 이후 날벼락을 맞았다. 분산법은 10㎿ 이상 신규 사업자뿐만 아니라 추가로 사용하려는 사업자도 계통평가를 받도록 한다. 계통평가는 ①한전에 서류 제출 ②공급 가능 여부 검토·회신 ③산업부에 평가서 제출 ④산업부 계통평가 분과위 ⑤전력정책심의회 등 5단계를 거쳐 확정된다. 2023년 준공된 네이버의 두 번째 IDC인 ‘각 세종’ 또한 6단계에 걸쳐 총 270㎿ 규모의 전기를 공급받으려던 계획에 차질을 빚었다. 네이버가 신청한 계통평가는 6개월 이상 지연되다가 최근 가까스로 통과된 것으로 알려졌다. ◇전자파 민원에 전기까지 ‘바늘구멍’수도권 IDC에 전력 추가 공급이 지체되자 데이터센터 기업들은 신규 수주에 어려움을 겪고 있다. 여기에 더해 이미 확보한 고객사 이탈까지 우려하고 있다.LG유플러스 평촌2센터는 연면적 4만450㎡인 초대형 IDC로 착공 때부터 각종 민원에 시달리며 우여곡절 끝에 준공됐다. LG유플러스가 2022년 서안양변전소에서 전기를 끌어 쓰기 위해 6.5㎞ 구간에 특고압선을 설치하려고 하자 지역 주민들은 “유해 전자파가 나올까 우려된다”며 반발했고 결국 이 구간에 전자파 차폐판을 설치해 갈등을 해소했다. 여기에 새로운 규제인 계통평가는 점점 ‘바늘구멍’이 돼가고 있다. 김동아 더불어민주당 의원이 한국전력공사와 산업부로부터 받은 자료에 따르면 지난해 8월부터 올해 6월 20일까지 한전에 계통평가를 신청한 전체 건수는 374건이다. 이 중 한전과 산업부를 거쳐 통과된 사례는 20건(5.3%)에 그쳤다. 수도권 기업이 신청한 계통평가 통과율은 1.7%(4건)에 불과했다. 수도권에서 준공 건물이 전기를 추가로 받는 데 성공한 사례는 1건뿐이었다.IDC 운영 기업들은 전기 공급 지체가 고객사 이탈로 이어질 수 있다며 노심초사하고 있다. 준공된 IDC의 전력 공급이 불확실하면 신규 고객의 추가 유입이 어려울 뿐만 아니라 이미 계약된 고객사조차 다른 IDC로 옮겨갈 수 있기 때문이다. ◇글로벌 각축전인데…韓 규제에 ‘신음’세계 각국이 인공지능(AI) 경쟁에서 앞서나가기 위해 싼 가격에 전력을 공급하는 등 다양한 인센티브를 제공하고 있는 데 반해 한국은 각종 규제에 발이 묶인 상태다. 한 글로벌 빅테크는 지난해 국내에서 IDC 개발 부지를 물색하다가 건축 규제가 까다롭고 전기를 적절한 가격에 공급받기 어렵다고 판단해 사업 추진을 중단하기도 했다. 최규종 대한상공회의소 그린에너지지원센터장은 “통신 회선요금 지원 등 데이터센터에 들어가는 제반 비용을 낮춰줄 방안이 필요하다”며 “종합적으로 규제를 완화하거나 세제 혜택 인센티브를 체계적으로 마련해야 한다”고 말했다.류병화 기자▶전력계통영향평가10㎿ 이상의 전력이 필요한 시설이 전력계통망에 미치는 영향을 사전에 분석, 평가하는 제도다. 정부는 이 평가를 통과한 시설에 전기 공급을 허용하고 있다. 분산에너지활성화특별법에 따라 지난해 8월부터 시범 운영되고 있다.",https://www.hankyung.com/article/2025070492741,2025.07.04 17:48
AI업체가 인공위성까지? 차세대 먹거리에 앞장서는 이 종목은?,,"경유레카는 한국경제신문의 디지털 미디어인 한경닷컴에서 개발한 개별 종목에대한인공지능(AI) 알고리즘 업체의 투자 의견을 종합한 'AI 컨센서스'를 제공하는 서비스입니다. '한경유레카' 앱은 구글 플레이 스토어 혹은 앱스토어에서 내려받을 수 있습니다.





종목추천 서비스 종합 플랫폼 한경유레카에 입점한 나인어클락이 전거래일(7일) 한글과컴퓨터를 추천하여 수익률 3.1%를 기록했다.나인어클락은 눌림목 매매기법을 통해 매일 장전 종목을 추천하는 알고리즘이다. 나인어클락은 한경유레카에서 가장 많은 유/무료 구독자를 보유하고 있다. 나인어클락은 한글과컴퓨터에 대해 AI정책의 수혜가 기대되고 인공위성 업체인 한컴인스페이스의 상장이 기대되어 해당종목을 추천했다고 전했다.  한경유레카에서 신규가입을 하고 나인어클락을 구독하면 1개월간 무료로 추천종목을 문자로 받아볼 수 있다.  본 글은 투자 참고용입니다.한화오션 카카오 다날 NAVER 갤럭시아머니트리",https://www.hankyung.com/article/202507083870a,2025.07.08 10:41
이자 폭탄 막자! 증권사 신용대출 3%대 전환으로 절약하는 법,,"전송종목 : 하이트진로, 유한양행, CJ대한통운, 두산, DL최근 주식 투자자들 사이에서 주식대출(미수/신용융자 등)의 고금리에 대한 부담이 커지고 있다.특히 저금리를 적용 받고 싶어도, 기존 대출을 상환하고 다시 주식을 매수해야 하는 번거로운 절차와 자금 조달의 어려움이 발목을 잡고 있다.이런 현실적인 문제를 해결하고자, 무빙스탁이 ‘증권사 신용, 대환자금대출’ 서비스를 전격 출시했다.이 상품은 주식을 매도하지 않고도, 기존의 고금리의 주식대출(미수/신용융자 등)의 3%대의 혁신적인 저금리 증권사로 전환할 수 있도록 상환자금을 제공하는 것이 핵심이다.무빙스탁 관계자는 “현재 증권사 이벤트 금리는 연 3%대 수준으로, 기존 9~10%대 고금리를 적용받는 투자자라면 절감 효과가 상당하다”며, 금리를 5%만 낮추면 “1억원 신용대출 기준으로 연간 약 500만원, 3억원이라면 1,500만원까지도 절약할 수 있다”고 밝혔다.더 놀라운 점은, 현재는 이벤트 기간으로 대환자금대출 신청시 발생하는 이자 비용까지 ‘0원’이라는 사실이다. 대환자금에 대해서 하루의 대출이자도 부담하지 않고 기존 고금리 대출을 저금리로 전환할 수 있어, 고금리 부담에 시달리던 투자자들에게 큰 호응을 얻을 전망이다.이 서비스는 부동산 시장에서 흔히 이용되던 대환대출 개념을 증권시장에 도입한 혁신적인 시도로, 주식 투자자들의 자금 운용에 새로운 대안을 제시할 것으로 기대된다.무빙스탁 ‘증권사 신용, 대환자금대출’의 비용 무료 이벤트는 이벤트 기간 동안 한정적으로 제공되는 만큼, 신용융자를 이용 중인 투자자라면 지금 바로 확인해볼 필요가 있다.★ 장마감 시간이 가까워질수록 문의가 많아 상담이 지연될 수 있습니다.★ 7월 문의하신 고객들이 많이 보유하신 종목으로는 삼성전자, POSCO홀딩스, 셀트리온, 포스코퓨처엠, 에코프로비엠, NAVER, 에코프로, 삼성SDI, LG화학, SK하이닉스, 두산에너빌리티, 카카오, SK이노베이션, LG에너지솔루션, 엘앤에프, 삼천당제약, 현대차, 알테오젠, HPSP, LG전자 등이 있습니다.★ 안내사항과도한 빚은 당신에게 큰 불행을 안겨줄 수 있습니다. 대출 시 신용등급 하락으로 다른 금융거래가 제약받을 수 있습니다. 중개수수료를 요구하거나 받는 것은 불법입니다.상호명: ㈜단비대부 2021-서울영등포-2102(대부업) | TEL: 1544-4886 | 대출금리: 연 20%이내(연체금리는 약정금리+3%p이내, 최대 연 20%이내) | 단, 2021. 7. 7.부터 신규체결, 갱신, 연장되는 계약에 한함 | 채무의 조기상환 조건 및 부대비용 없음. (단, 신용조회비용 및 담보권설정비용 있음), 이자 외 별도로 중개수수료를 요구하거나 수취하는 것은 불법입니다. | 대표이사: 박동원 | 사업자등록번호: 274-86-00231 | 등록기관명칭: 서울 영등포구청(담당부서: 일자리경제과, 02-2670-3420) | 소재지 : 서울 영등포구 여의대방로67길 11, 5층 517호 | 개인정보관리자메일: help@danbifund.co.kr무료상담",https://www.hankyung.com/article/202507071500a,2025.07.07 08:53
이자 부담 최소화! 증권사 신용대출 3%대로 바꾸는 절호의 기회,,"전송종목 : 한국앤컴퍼니, 기아, SK하이닉스, 현대건설, 삼성화재최근 주식 투자자들 사이에서 주식대출(미수/신용융자 등)의 고금리에 대한 부담이 커지고 있다.특히 저금리를 적용 받고 싶어도, 기존 대출을 상환하고 다시 주식을 매수해야 하는 번거로운 절차와 자금 조달의 어려움이 발목을 잡고 있다.이런 현실적인 문제를 해결하고자, 무빙스탁이 ‘증권사 신용, 대환자금대출’ 서비스를 전격 출시했다.이 상품은 주식을 매도하지 않고도, 기존의 고금리의 주식대출(미수/신용융자 등)의 3%대의 혁신적인 저금리 증권사로 전환할 수 있도록 상환자금을 제공하는 것이 핵심이다.무빙스탁 관계자는 “현재 증권사 이벤트 금리는 연 3%대 수준으로, 기존 9~10%대 고금리를 적용받는 투자자라면 절감 효과가 상당하다”며, 금리를 5%만 낮추면 “1억원 신용대출 기준으로 연간 약 500만원, 3억원이라면 1,500만원까지도 절약할 수 있다”고 밝혔다.더 놀라운 점은, 현재는 이벤트 기간으로 대환자금대출 신청시 발생하는 이자 비용까지 ‘0원’이라는 사실이다. 대환자금에 대해서 하루의 대출이자도 부담하지 않고 기존 고금리 대출을 저금리로 전환할 수 있어, 고금리 부담에 시달리던 투자자들에게 큰 호응을 얻을 전망이다.이 서비스는 부동산 시장에서 흔히 이용되던 대환대출 개념을 증권시장에 도입한 혁신적인 시도로, 주식 투자자들의 자금 운용에 새로운 대안을 제시할 것으로 기대된다.무빙스탁 ‘증권사 신용, 대환자금대출’의 비용 무료 이벤트는 이벤트 기간 동안 한정적으로 제공되는 만큼, 신용융자를 이용 중인 투자자라면 지금 바로 확인해볼 필요가 있다.★ 장마감 시간이 가까워질수록 문의가 많아 상담이 지연될 수 있습니다.★ 7월 문의하신 고객들이 많이 보유하신 종목으로는 삼성전자, POSCO홀딩스, 셀트리온, 포스코퓨처엠, 에코프로비엠, NAVER, 에코프로, 삼성SDI, LG화학, SK하이닉스, 두산에너빌리티, 카카오, SK이노베이션, LG에너지솔루션, 엘앤에프, 삼천당제약, 현대차, 알테오젠, HPSP, LG전자 등이 있습니다.★ 안내사항과도한 빚은 당신에게 큰 불행을 안겨줄 수 있습니다. 대출 시 신용등급 하락으로 다른 금융거래가 제약받을 수 있습니다. 중개수수료를 요구하거나 받는 것은 불법입니다.상호명: ㈜단비대부 2021-서울영등포-2102(대부업) | TEL: 1544-4886 | 대출금리: 연 20%이내(연체금리는 약정금리+3%p이내, 최대 연 20%이내) | 단, 2021. 7. 7.부터 신규체결, 갱신, 연장되는 계약에 한함 | 채무의 조기상환 조건 및 부대비용 없음. (단, 신용조회비용 및 담보권설정비용 있음), 이자 외 별도로 중개수수료를 요구하거나 수취하는 것은 불법입니다. | 대표이사: 박동원 | 사업자등록번호: 274-86-00231 | 등록기관명칭: 서울 영등포구청(담당부서: 일자리경제과, 02-2670-3420) | 소재지 : 서울 영등포구 여의대방로67길 11, 5층 517호 | 개인정보관리자메일: help@danbifund.co.kr무료상담",https://www.hankyung.com/article/202507185995a,2025.07.18 08:43
"""내 연인과 동생이 불륜이라니""…끔찍한 사실에 이성 잃은 男 [성수영의 그때 그 사람들]","'미켈란젤로 이후 마지막 천재'
돌에 숨결을 불어넣은 조각가
잔 로렌초 베르니니(Bernini)·上","로마의 성당 산타 마리아 델라 비토리아에 소장된 베르니니의 조각 '성녀 테레사의 황홀경' 일부.

                남자는 믿고 싶지 않았습니다. 사랑하는 연인과 내 동생이 불륜 관계라니. 하지만 눈앞에 보이는 광경은 그 끔찍한 소문이 사실이라는 명백한 증거였습니다. 아침 일찍 연인의 집에서 나와 출근하는 동생의 모습. 그리고 동생을 배웅하는 연인의 발그레 상기된 얼굴과 흐트러진 옷매무새. 지난밤 둘 사이에 무슨 일이 있었는지는 누가 봐도 뻔했습니다.골목에 숨어 그 광경을 지켜보던 남자, 베르니니의 손이 분노로 떨렸습니다. 이성을 잃은 남자는 쇠지렛대를 집어 들고 홀린 듯 동생의 뒤를 따라갔습니다. 그리고 기회를 틈타 동생의 옆구리를 후려쳤습니다. 갈비뼈 두 개가 부러진 동생은 허겁지겁 도망쳐 간신히 성당 안으로 몸을 숨겼습니다. 정신이 반쯤 나간 상태였지만 성당 안에서 사람을 해치면 사형감이라는 사실이 떠올랐습니다. 그렇게 갈 곳을 잃은 분노는 연인에게로 향했습니다. 베르니니는 하인을 불러 명령했습니다. 연인을 찾아가 그녀의 얼굴에 상처를 입히라고. 하인은 그 끔찍한 명령을 그대로 따랐습니다.아무리 법체계가 느슨하고 인권 개념이 희박했던 17세기 로마라도, 이런 흉악 범죄는 중형을 받아 마땅했습니다. 하지만 교황이었던 우르바노 8세는 베르니니에게 고작 ‘벌금형’을 내렸습니다. 상식적으로 납득할 수 없는 수준의 솜방망이 처벌. 이어진 교황의 말은 더욱 황당했습니다. “그는 하느님의 뜻으로 로마에 태어난 천재 조각가다. 그런 천재는 때때로 독특한 행동도 할 수 있는 법이다. 우리는 이런 위대한 천재를 이해하고 보호해야 한다.”
                    



베르니니의 자화상(1623). 베르니니의 조각에 비해 그림은 몇 점 남아있지 않지만, 그는 그림 실력도 출중했다. /보르게세미술관

                교황은 대체 왜 이런 비상식적인 판결로 베르니니를 감쌌던 걸까요. 그리고 한 가지 더. 베르니니는 과연 얼마나 천재였던 걸까요. ‘미켈란젤로 이후 이탈리아의 마지막 천재 조각가’로 불리는, 베르니니의 이야기를 시작합니다. 압도적인 천재긴말 않고 작품부터 보겠습니다. 1622년 완성된 조각 작품 ‘페르세포네의 납치’입니다.




하데스와 페르세포네. /보르게세미술관

                저승의 신 하데스가 페르세포네를 납치하는 장면을 묘사했습니다. 하데스의 탐욕스러운 얼굴과 수염, 불거진 근육과 힘줄, 공포에 질린 페르세포네의 표정과 뺨을 타고 흘러내리는 눈물. 무엇보다도 눈길을 끄는 건 매끄러운 살결, 움켜쥔 손에 눌린 허벅지 살의 디테일입니다.




하데스와 페르세포네의 얼굴 확대. ⓒ최은진





살결을 파고들어가는 손의 모습.

                차가운 대리석이 마치 인간의 살결처럼 따뜻하고 부드럽게 변해버렸습니다. 인간이 자신의 상상력과 두 손으로 직접 거대한 돌덩어리를 깎아 이 모습을 만들어냈다는 사실이 믿어지시나요? 이 작품을 완성할 때 베르니니의 나이는, 고작 스물네 살이었습니다.1598년 이탈리아반도의 나폴리에서 조각가의 아들로 태어난 베르니니는 어릴 때부터 천재성을 보였습니다. 예술가였던 아버지는 일찌감치 아들의 재능을 발견했습니다. 아버지의 영재 교육 덕분에 베르니니는 불과 여덟 살의 나이에도 웬만한 어른 못지않은 그림과 조각 실력을 갖추게 됐습니다. 가족이 로마로 이사한 1606년, ‘꼬마 천재’ 베르니니에 대한 소문은 이미 그곳에도 퍼져 있었습니다. “실력을 한번 보고 싶군.” 예술을 사랑했던 교황 바오로 5세가 베르니니를 직접 불렀던 이유입니다.“사람 머리를 한 번 그려보거라.” 베르니니를 본 교황은 말했습니다. 교황은 속으로 생각했습니다. ‘아직 어린아이니까, 긴장해서 그림을 망치더라도 적당히 격려해줘야겠군.’ 하지만 베르니니는 미소를 지은 채 되물었습니다. “어떤 머리를 그릴까요? 남자로 할까요, 여자로 할까요? 젊은이로 할까요, 늙은이로 할까요? 슬픈 표정, 유쾌한 표정, 비웃는 인상, 호감 가는 인상, 교황 성하께서는 어떤 것을 원하십니까?” 당돌한 태도에 내심 놀란 교황은 말했습니다. “성 바오로의 얼굴을 그려보거라.”어린 베르니니는 과감한 손놀림으로 그림을 그리기 시작했습니다. 불과 30분 만에 스케치가 완성됐을 때, 완성된 작품을 본 교황과 추기경들은 그 뛰어난 실력에 입을 다물지 못했다고 합니다. 감동한 교황은 이렇게 말했습니다. “이 아이는 앞으로 우리 시대의 미켈란젤로가 될 것이다. 이 아이를 잘 가르치도록 하라.” 그리고 교황은 베르니니의 손에 금화 열두 닢을 올려줬습니다. 베르니니는 평생 그 금화를 쓰지 않고 간직했다고 합니다.
                    



성 라우렌시오의 순교. 라우렌시오는 서기 258년 기독교 신자라는 이유로 로마 황제에게 사형을 선고받는다. 그는 그릴 위에서 서서히 몸이 타들어가는 화형에 처해졌다. 라우렌시오는 ""한 쪽은 이제 잘 구워졌으니, 어서 뒤집어서 드시오""라고 농담을 던진 뒤 최후를 맞이했다고 전해진다. 작품에는 그가 고문을 당하면서도 일종의 영적 깨달음을 경험하는 모습이 표현돼 있다. 베르니니 이전 성 라우렌시오의 순교를 제대로 표현한 조각가는 한명도 없었다. 불길을 비롯해 조각으로 만들기 어려운 요소가 많기 때문이다. /우피치미술관

                베르니니는 교황청의 전폭적인 지원을 받아 더욱 빠르게 실력을 키워갔습니다. 그는 노력하는 천재였습니다. 산 채로 불에 타 순교한 성 라우렌시오의 조각을 만들 때, 그는 자신의 허벅지를 직접 불 앞에 갖다 댄 뒤 거울로 자신의 찡그린 표정을 관찰했습니다. 라우렌시오의 얼굴을 실감 나게 묘사하기 위해서였습니다. 하지만 정작 그가 조각한 라우렌시오의 얼굴에는 찡그린 표정이 없습니다. 그러면 완성도가 더 높아진다고 판단했기 때문입니다. 고통을 참아 가며 연구하는 초인적인 의지, 그리고 그 결과물을 포기할 줄 아는 냉정한 예술혼. 열아홉 베르니니의 예술은 이미 이런 경지에 도달해 있었습니다. 살아숨쉬는 돌이제 베르니니는 교황의 사랑, 로마의 상징이 됩니다. 20대에 이미 그는 서양 조각 역사에 길이 남을 걸작을 여럿 만들어냈습니다. 대표적인 작품이 스물일곱 살 때 만든 ‘아폴론과 다프네’입니다.
                    



아폴론과 다프네. ⓒ최은진/보르게세 미술관 

                작품이 담고 있는 내용은 이렇습니다. 그리스·로마 신화에 나오는 태양신 아폴론은 님프(요정)인 다프네에게 반해 쫓아다닙니다. 다프네는 질색하며 도망을 다녔지만, 결국 아폴론에게 잡힐 위기에 처합니다. 그 순간 다프네는 아버지(강의 신, 페네이오스)에게 부탁해 월계수로 변합니다. 베르니니는 바로 그 순간을 잡아냈습니다. ‘드디어 잡았다’는 듯한 아폴론의 집중한 표정, 다프네의 고통에 찬 필사적인 몸부림, 이미 나무로 변하기 시작한 손과 발까지. 누구도 본 적 없는 그 광경을, 베르니니는 현실에 불러냈습니다.
                    



손 끝에서 나뭇잎이 돋아나며 다프네는 나무로 변하기 시작했다. ⓒ최은진/보르게세 미술관 





다프네의 발이 뿌리와 잎으로 변하고 있다. ⓒ최은진/보르게세 미술관 

                이런 베르니니의 작품들은 바로크 미술로 분류됩니다. 베르니니의 ‘다비드’를 르네상스 시대의 미켈란젤로의 ‘다비드’와 비교하면, 르네상스 미술과 바로크 미술의 차이를 아주 쉽게 알 수 있습니다. 미켈란젤로의 다비드는 그 자체로 완전합니다. 거인 골리앗을 어떻게 상대해야 할지 고민에 빠져 있는 다비드의 모습에는 다른 상상이 끼어들 여지가 없습니다. 이처럼 르네상스 미술은 정적이고 이성적인 미술입니다.




미켈란젤로(좌)와 베르니니(우)의 다비드.

                베르니니의 다비드는 다릅니다. 슬링(물매 혹은 투석구)의 끈은 팽팽하게 당겨져 있고, 돌은 발사되기 직전입니다. 앙다문 입과 집중한 표정, 긴장한 온몸의 근육이 마치 실시간 스크린샷처럼 그 긴박한 순간을 생생하게 담아내고 있습니다. 관객들은 다비드가 바라보는 저편에 골리앗이 있다고 상상하게 됩니다. 돌은 곧 힘차게 날아가 골리앗의 이마에 적중하겠지요. 그러고 보니 다비드의 발도 받침대 바깥으로 나와 있군요. 이렇게 작품은 밖으로 ‘열려 있고’, 예술은 작품을 벗어나 세상으로 확장됩니다. 바로크 미술은 이처럼 역동적이고 감정적인 미술입니다. 그 중심에 베르니니가 있었습니다.




다비드의 역동적인 모습. ⓒ최은진 /보르게세미술관





팽팽하게 당겨진 끈과 긴장한 근육. ⓒ최은진 /보르게세미술관





다비드의 한쪽 발이 받침대 밖으로 나와 있다. 작품이 바깥으로 '열려 있는' 바로크 조각의 특징을 잘 보여준다. ⓒ최은진 /보르게세미술관

                명사들과 부자들은 베르니니를 사랑할 수밖에 없었습니다. 가장 큰 이유는 베르니니가 그들을 ‘영원한 존재’로 만들어준다는 것이었습니다. 스페인 출신의 성직자였던 몬토야가 대표적인 사례입니다. 몬토야는 교황청 재판소에서 일하는 엄격한 법학자였습니다. 베르니니는 그 몬토야의 특징을 정확하게 잡아내 조각으로 만들었습니다. 작품이 완성됐다는 말을 듣고 몬토야와 함께 구경하러 온 추기경은 갑자기 몬토야의 얼굴을 만지며 장난스레 말했다고 합니다. “이게 그 조각이로군.” 이어 조각을 만지면서는 이렇게 말했다고 하지요. “이게 진짜 몬토야고 말이야.” 일종의 썰렁한 ‘아재 개그’였지만, 그만큼 조각이 실물과 똑 닮았다는 사실은 누구나 인정할 수밖에 없었습니다.조각이 로마 시민들의 화젯거리가 되면서 몬토야에게 놀라운 일이 벌어졌습니다. “혹시 몬토야 선생님 아니십니까?” 길거리를 걷는 그의 얼굴을 알아보고 말을 거는 사람들이 많아진 겁니다. 베르니니의 전기를 쓴 프랑코 모르만도 교수는 이렇게 평가했습니다. “베르니니가 조각상을 만들지 않았더라면 몬토야는 그가 죽은 직후 영원히 잊혔을 겁니다. 하지만 조각상 덕분에 그는 영원히 사람들의 기억 속에 남게 됐습니다.”
                    



몬토야 대주교의 흉상. /산타 마리아 디 몬세라토 

                보르게세 미술관을 만든 스피치오네 보르게세 추기경도 베르니니의 매력에 흠뻑 빠졌습니다. 보르게세 추기경은 베르니니에게 자신의 모습을 조각으로 남겨달라고 부탁했습니다. 그런데 베르니니가 조각을 거의 다 완성할 무렵, 문제가 벌어졌습니다. 대리석 조각의 이마 부분에 금이 간 겁니다. 하지만 베르니니는 이를 부수지 않고 마무리 작업을 이어갔습니다. 그리고 아무도 모르게, 똑같은 조각을 하나 더 만들었습니다.보르게세 추기경이 베르니니를 찾아왔을 때, 베르니니는 이마 부분에 금이 간 조각을 보여줬습니다. 추기경은 속으로 크게 놀라고 실망했습니다. 하지만 그는 베르니니를 너무나도 존경했기에 실망한 티를 내지 않으려고 애썼습니다. 베르니니도 아무렇지 않은 척 추기경과 대화를 나눴습니다. 그리고 몇 분 후, 베르니니는 방 한쪽에 놓인 천을 잡아당겼습니다. 그 밑에는 흠집 없는 또 다른 조각상이 놓여 있었습니다. 추기경은 감격해 거의 눈물을 흘릴 지경이 됐습니다.
                    



보르게세 추기경 흉상의 첫 번째 버전(왼쪽)과 두 번째 버전(오른쪽). 빨간색 화살표가 가리키는 부분에 금이 가 있다.

베르니니는 이처럼 ‘연출의 중요성’을 아는 조각가였습니다. 그는 성당 안에 들어선 신자, 대리석 앞에 선 관람자의 마음을 조종하는 재능을 갖고 있었습니다. 그런 베르니니를 가장 사랑하는 사람은 교황이었습니다. 교황 우르바노 8세는 베르니니에게 이렇게 선언했습니다. “그대는 로마를 위해 만들어졌노라. 그리고 로마는 그대를 위해 만들어졌노라.” 괴팍한 천재의 막장 드라마천재 중에서는 괴팍한 사람이 많습니다. 베르니니도 마찬가지였습니다. 그의 아들은 베르니니를 이렇게 기억했습니다. “베르니니의 눈빛은 너무 날카로워서 공포감이 들 정도였다. 일에 몰두할 때는 너무 열정적이어서, 불을 뿜을 정도로 분노하는 일이 잦았다.” 베르니니 자신도 말했습니다. “나는 일할 때 피를 토한다.” 한편 사생활에서 그는 욕망에 충실한 인간이었습니다. 노년기에 접어든 베르니니는 스스로의 젊은 시절을 이렇게 평가했습니다. “나는 주색(酒色)에 빠져 있었다.”젊은 시절의 베르니니가 가장 뜨겁게 사랑했던 여성은 코스탄차 보나렐리였습니다. 코스탄차는 베르니니가 함께 일하던 동료의 아내. 그러니까 베르니니와 코스탄차의 관계는, 불륜이었습니다. 다만 코스탄차의 남편은 이런 관계를 암묵적으로 허락했던 것으로 보입니다. 지금 상식으로는 이해할 수 없지만 당시 유럽에서는 이런 일이 종종 있었습니다. 베르니니가 30대 후반일 때 시작된 두 사람의 관계는 2년 가까이 이어집니다.
                    



코스탄차의 흉상.

                코스탄차의 조각상을 보면 베르니니가 애인에게 품었던 애틋한 감정을 알 수 있습니다. 이 작품은 베르니니가 다른 사람의 의뢰를 받지 않고 스스로 제작한 유일한 조각으로 알려져 있습니다. 코스탄차의 모습이 신화 속 여신처럼 아름다운 건 아닙니다. 수수한 드레스의 목 부위는 풀어헤쳐져 있고, 머리에는 아무 장식이 없습니다. 하지만 베르니니가 종교인을 주제로 만든 다른 조각과 달리, 코스탄차는 더없이 자연스러운 모습을 하고 있습니다. 그래서 이 조각에는 오묘한 매력이 있습니다.하지만 언제부턴가 베르니니의 귀에는 이상한 소문이 들리기 시작했습니다. “베르니니의 동생이 코스탄차와 불륜을 벌이고 있다”는 거였지요. 1638년 5월의 어느 날, 베르니니는 그 소문을 직접 확인해보기로 결심합니다. 당시 베르니니는 어머니, 동생들과 함께 살고 있었습니다. 베르니니는 가족에게 이렇게 말했습니다. “내일은 아침 일찍 시골로 출장을 좀 다녀올 거야. 며칠 걸릴 것 같아.”그리고 다음날 아침, 베르니니는 로마를 떠나는 대신 코스탄차의 집 근처에 마차를 세운 뒤 골목에 숨었습니다. 얼마 안 돼 베르니니는 집에서 나오는 동생과 그를 배웅하는 코스탄차의 모습을 목격했습니다. 소문이 사실이었던 겁니다. 베르니니는 분노와 모욕감에 치를 떨며 동생을 쫓아가 쇠지렛대로 마구 때렸습니다. 분노에 미쳐버린 베르니니에게는, 자신과 코스탄차의 관계도 불륜이었다는 사실 따위는 중요하지 않았습니다. 그는 하인을 시켜 코스탄차에게까지 해코지를 했습니다.그래도 분이 안 풀린 베르니니는 끝내 동생을 살해하기로 결심합니다. 칼을 들고 집으로 돌아온 그는 동생을 쫓아갔습니다. 어머니가 울면서 말려도 소용없었습니다. 동생은 근처 성당으로 간신히 도망쳤습니다. 베르니니는 뒤를 쫓아 성당 문을 박차고 안으로 들어갔습니다. 하지만 성당 안에서 살인을 저지를 수 없었던 베르니니는 결국 발길을 돌렸습니다. 동생은 곧 다른 도시로 도망가 버렸습니다.이 ‘막장 드라마’는 당시 로마에서 엄청난 이슈가 됐습니다. 몇백 년이 흐른 지금, 우리가 사건의 세부 사항을 이렇게 자세히 알 수 있는 것도 그 덕분입니다.
                    



우르바노 8세. 의복과 장신구 표현이 탁월하다. /카피톨리노 박물관

                하지만 사법권을 갖고 있는 교황 우르바노 8세는 베르니니에게 사면장을 발급한 뒤 형식적인 벌금만 부과했습니다. 교황이 가장 사랑하는 예술가가 베르니니였다는 점이 첫 번째 이유. 두 번째 이유는, 베르니니가 교황의 이미지를 선전하는 핵심적인 인물이자 로마 최고의 예술가였다는 겁니다.당시 로마는 유럽 전체의 정치·문화 수도가 되기 위해 프랑스, 스페인 등 다른 강대국들과 경쟁하고 있었습니다. 로마의 무기는 예술. 탁월한 작품을 활용해 교황청의 권위를 과시하고 고대 로마의 영광을 되살리겠다는 게 교황청의 계획이었습니다. 전 유럽에 명성을 떨치고 있는 베르니니는 그 핵심 퍼즐이었습니다. 그러니 베르니니가 중형을 받게 된다면 교황 자신의 이미지가 땅에 떨어지는 건 물론, 로마의 위상도 흔들릴 수밖에 없습니다.결국 베르니니는 제대로 처벌을 받지 않았습니다. 하지만 얼마 안 돼 베르니니는 또 다른 사건으로 인해 예술가 생명이 위험해질 위기에 놓이게 됩니다. 이번에는 사생활 때문이 아니라, 그의 작품 때문이었습니다.




바티칸의 성 베드로 성당 앞에는 독특한 모양의 성 베드로 광장이 있다. 레오 14세 교황도 지난 5월 즉위 직후 이곳에 모인 군중에게 첫 인사를 했다. 지금 성 베드로 광장의 모습을 설계해 완공한 사람이 바로 베르니니였다.

*다음 주 하(下)편에서 이어집니다. 로마 보르게세 박물관에서 사진을 보내주신 최은진님께 감사드립니다.**이번 기사는 Bernini: His Life and His Rome(Franco Mormando 지음), 디자인 천재(제이크 모리세이 지음, 김난령 옮김), Bernini(Anna Coliva, Andrea Bacchi 지음) 등을 참조해 작성했습니다. 





                칼럼을 기반으로 출간된 새 책 <명화의 비밀, 그때 그 사람>이 교보문고 종합 베스트셀러에 올랐습니다. 성원에 진심으로 감사드립니다.<그때 그 사람들>은 미술 담당 기자가 미술사의 거장들과 고고학, 역사 등을 심도 있게 조명하는 국내 문화 분야 구독자 1위 연재물입니다. 매주 토요일 새로운 이야기로 찾아옵니다. 네이버 기자 페이지를 구독하시면 미술 소식과 지금 열리는 전시에 대한 심층 분석을 읽어보실 수 있습니다. 이미 구독 중인 7만여명의 독자와 함께 아름다운 작품과 이야기를 만나보세요.성수영 기자 syoung@hankyung.com",https://www.hankyung.com/article/202507113534i,2025.07.12 06:17
"풀리오, 2025 상반기 네이버 쇼핑 안마용품 1위 기념 브랜드데이 진행…최대 50% 할인",,"풀리오가 2025년 상반기 네이버 쇼핑 안마용품 부문 베스트 브랜드 1위, 네이버 쇼핑라이브 상반기 베스트 어워즈 건강용품 부문 TOP1에 선정됐다. 풀리오는 이를 기념한 브랜드데이 특가 프로모션을 오는 11일 오전 11시 네이버 쇼핑라이브를 통해 단독 진행한다고 9일 밝혔다. 이번 행사는 상반기 결산을 겸해 마련된 것으로, 최대 50% 할인 혜택과 풍성한 라이브 이벤트가 함께 제공된다.행사 제품은 ▲종아리 V3와 목 어깨 V2가 포함된 베스트 세트, ▲프리미엄 마사지매트, ▲넥풀러 홈케어 세트 등 주요 스테디셀러 제품이다. 라이브 방송 중에는 구매 인증, 실시간 소통, 리뷰 작성 고객을 대상으로 한 다양한 사은품 이벤트도 진행된다.풀리오 관계자는 “고객의 성원 덕분에 상반기 네이버 1위를 달성할 수 있었다”며 “이번 브랜드데이를 통해 보다 많은 분들이 풀리오의 프리미엄 홈케어 제품을 경험하길 바란다”고 전했다.자세한 내용은 풀리오 네이버 브랜드스토어 및 쇼핑라이브 채널을 통해 확인할 수 있다.한경닷컴 뉴스룸 open@hankyung.com",https://www.hankyung.com/article/202507084990O,2025.07.09 11:00
,,,https://magazine.hankyung.com/business/article/202507173881b,
[정인호의 통섭의 경영학] 인구 감소의 문제점,한경닷컴 더 라이프이스트,"지난 2022년 11월 세계 인구는 80억 명을 돌파했다. 세계 인구는 지속적으로 증가해 왔는데 언제까지 증가할까? 오스트리아의 비트겐슈타인센터는 2070년 94억 명에서 정점을 찍고, 2100년엔 90억 명 아래로 떨어질 것으로 전망했다. 미국 시애틀 워싱턴대 보건계량평가연구소(IHME)는 세계 인구가 2064년 97억명에서 정점을 찍고 2100년에는 88억 명으로 감소할 것으로 내다봤다. 도시계획 전문가인 앨런 말라흐(Alan Mallach)는 2070년경에 인구 감소의 변곡점이 될 것이라고 예상했다. 인구 감소에 미치는 영향은 매우 다양하기 때문에 정확하게 예측할 수 없다.어떤 기준과 방법으로 시나리오를 예측하느냐에 따라 다르겠지만 확실한 건 특정 시점에 전 세계 인구수가 감소한다는 점이다. 인구 증가가 재앙이 될 것이라고 믿었던 시대를 지나 이제는 인구 감소에 대처해야 되는 상황이 도래된 것이다. 인구 감소는 사회적, 경제적, 물리적 행동적인 측면에서 심각한 피해를 유발한다. 그런데 한국을 비롯한 일본, 중국, 미국 등 직접 피부로 피해를 경험하고 있지만 내 일이 아니라며 의도적으로 외면한다.줄어드는 인구는 우리 삶에 어떤 영향을 미칠까? 가장 먼저 주택 등 도시의 물리적 환경의 변화다. 빈집과 사람들이 사는 집이 듬성듬성 섞여서 기괴하고 목가적인 분위기가 형성된다. 어떤 마을은 동네 전체가 버려질 수 있다. 폴란드 남부 실롱스크주 소스노비에츠(Sosnowiec)에 소재한 아파트의 경우 1990년에 78%의 가구가 3명 이상인 가족이 거주했으나 2009년에는 1~2인 가구가 87%를 차지했으며 이들 중 대부분은 노년층이었다. 이곳에는 시니어를 위한 인프라 시설이 부족해 사회적 고립과 부족한 건강관리 등의 문제가 발생했다.인구통계학적 관점에서 보면 1인 가구의 증가로 주택 공급과 수요의 불일치 현상이 나타나고 생산가능 인구가 줄어들면서 숙련 노동자가 부족해지고 핵심 인재를 빼내기 위한 전쟁이 가속화될 것이다.경제적 성과측면에서도 상업활동 감소, 소매 공간 수요 감소, 판매세 수입 감소 등 소비에 악영향을 미칠 것이며, 기존 시설에 대한 투자가 중단되고 새로운 개발과 경제 활동을 위한 자본 조달이 원활하지 않음으로써 투자와 자본시장에도 부정적 영향을 미치게 된다. 뿐만 아니라 지역간 경제적 격차가 확대되고, 부양비와 의료 비용부담이 늘어나 공적자금 증가로 공공 재정에 큰 부담을 주게 된다.뉴스나 다양한 매체를 통해서 드러난 인구 감소 지역은 실패 지역이라는 낙인효과로 인해 지역 사회에 대한 부정적인 태도와 함께 비관주의 풍토가 조장될 수 있다. 이런 경우 투자는 감소되고 실패의 상징이라는 인식이 공고해지면서 지역 경제는 더욱 심각해진다.인구가 감소하면 지방 정부가 거둬들이는 세수도 감소된다. 도시 전체를 충격에 빠뜨린 플린트의 수도관 납중독 사건은 정부가 상수도 공급원을 변경해 돈을 아끼려던 무책임한 계획에서 비롯됐다. 이외에도 지방 정부에서는 세수 확보를 위해 직원의 구조조정은 물론 복지시설 폐쇄, 고공행진하는 재산세율, 무책임한 비윤리적 행위에 이르기까지 온갖 형태가 드러날 것이다. 2015년 미국 퍼거슨시에서 일어난 것처럼 경찰은 범죄자 소탕보다는 세수 확보를 위해 교통법규 위반자를 색출하는 돈벌이 수단으로 전락할 것이다.인구 감소는 단순히 내 가족이 한 명 줄어든다는 개념으로 받아들여서는 안된다. 자본주의 기반이 흔들릴 수 있는 심각한 문제다. 자본주의의 특징은 소득재분배 정책이다. 부유한 사람과 가난한 사람의 소득격차를 줄여 상대적 빈곤감을 줄이고 절대적으로 빈곤한 사람을 없애고자 노력한다. 그런데 자본주의의 소득재분배 정책은 경제가 성장할 때만 가능하다. 인구가 줄고 경제적 파이가 줄어들면 부자들은 경제적 자원뿐만 아니라 권력과 기회의 지렛대를 모두 움켜쥐고 내놓지 않게 된다.성장의 시대가 저물고 있다. 인구가 줄고 도시가 축소되는 시대에는 기존에 만병통치약처럼 여겨졌던 방식을 모두 잊어야 한다. 자본주의를 대체할 수 있는 새로운 경제체계를 설계해야 한다. 윌리엄 셰익스피어의 생애 마지막 비극 《코리올라누스》는 고대 로마의 영웅인 코리올라누스를 소재로 한 비극이다. 다음은 《코리올라누스》 3막 1장에 나오는 대화다.ㆍ시키니우스 : “사람이 없다면 도시가 무엇이겠습니까?”ㆍ시민들 : “맞습니다. 사람이 바로 도시입니다.”<한경닷컴 The Lifeist> 정인호 GGL리더십그룹 대표/경영평론가(ijeong13@naver.com)""외부 필진의 기고 내용은 본지의 편집 방향과 다를 수 있습니다.""독자 문의 : thepen@hankyung.com",https://www.hankyung.com/thepen/lifeist/article/202507124042Q,2025.07.17 17:26
DSR 때문에 고민하던 투자자들은 주목! 업계 최초 DSR 무관 스탁론!,,"DSR 한도가 ‘스탁론’에도 적용된 후 투자자들의 고민이 날로 깊어지고 있다. 기존 대출이 많거나 소득 증빙이 어려울 경우 예전처럼 손쉽게 스탁론을 활용하기가 어려워졌기 때문이다. 예전보다 높아진 금리로 스탁론 이용을 부담스럽게 만들고 있다.이런 상황에서 올뉴스탁론이 구원투수로 나섰다. DSR 무관 누구나 이용 가능한 스탁론 상품은 물론 연 4%대 업계 최저금리로 이용 가능한 상품을 함께 선보이며 투자자들의 선택지를 넓힌 것이다.




 

◆ 올뉴스탁론, DSR 무관 상품에 연 4%대 최저금리 상품으로 다양한 선택지를!올뉴스탁론에서 투자자들 누구나 부담 없이 스탁론을 경험할 수 있도록 연 4%대 업계 최저금리로 이용 가능한 증권 연계신용 상품을 출시했다. 주식매입은 물론 증권사 미수/신용 대환 모두 가능하며 신용등급 차등 없이 자기 자본 포함 최대 4배까지 활용할 수 있다.이와 함께 DSR 한도 때문에 기존 스탁론 활용이 어려웠던 투자자들을 위한 DSR 무관 상품도 취급 중이다. 또한 장중 거래가 어려웠던 투자자를 위한 대체거래소(NXT) 거래도 가능해졌다.올뉴스탁론에 대해 자세히 알고 싶은 투자자는 고객상담센터(☎1599-8666)로 연락하면 대출 여부와 무관하게 언제든 전문상담원과 편리하게 상담할 수 있다.○ 보유하고 있는 대출액이나 소득 무관하게! (DSR 무관)○ 최대 4배 주식자금 활용 가능! (본인 자금 포함)○ 대체거래소(NXT) 거래 가능!○ 증권 신용/미수 당일 즉시 대환 가능!○ 기존 증권사 신용, 스탁론으로 매수가 어려웠던 종목도 OK!※ 올뉴스탁론 고객상담센터 : 1599-8666바로가기 : https://allnewstockloan.co.kr?agency=HTS◆ 현 시각 관심종목 Top 10 : 한미반도체, NAVER, 현대로템, 에코프로, 서울보증보험, 피아이이, 피코그램, 프롬바이오, 비케이홀딩스, 부국증권무료상담",https://www.hankyung.com/article/202507211739a,2025.07.22 10:25
"""'미지의 서울' 대박난 거 맞아요?""…속 타는 개미들 [종목+]","스튜디오드래곤 한 달간 11% 하락
2분기 '어닝쇼크' 전망에 투심 악화

증권가 ""하반기엔 작품 늘며 반등""
""한한령 해제 기대도 여전히 유효""","미지의서울 이재인./사진=tvN

                ""새 정부 출범 후 '허니문 랠리' 펼쳐지는데…여기만 안 오르네요."" (스튜디오드래곤 인터넷 종목토론방)'한한령'(限韓令·한류 금지령) 해제 기대로 가파르게 올랐던 스튜디오드래곤 주가가 상승분을 대부분 반납하며 고전하고 있다. 올 2분기 시장의 기대에 부응하지 못하는 '적자 성적표'를 받아들 것으로 예상되면서다. 다만 증권가에선 이번 실적을 저점으로 '상저하고'의 흐름을 보이며 반등에 나설 것으로 전망한다.17일 한국거래소에 따르면 스튜디오드래곤은 전날 1.79% 내린 4만6550원에 거래를 마쳤다. 최근 한 달간 주가가 11.16% 하락했다. 이 기간 코스피지수가 10.08% 상승한 것과 비교하면 크게 부진했다. 지난달 10일 장중 5만7000원까지 올라 1년 내 최고가를 기록했던 때와 비교하면 18.33%나 떨어졌다. 중국이 8년 만에 한한령을 해제할 것이란 기대로 주가가 단기 급등했는데 현재 상승분을 대거 반납한 상태다.외국인 투자자가 지난 한 달간 스튜디오드래곤을 80억원어치 순매도해 주가를 내렸다. 스튜디오드래곤의 공매도 순보유잔고는 지난 14일 기준 66억원으로 한 달 만에 4배 이상 불었다.주가가 내리막길을 걷자 상당수 개인투자자도 여전히 손실 구간에서 벗어나지 못하고 있다. 네이버페이 '내자산 서비스'에 따르면 스튜디오드래곤 투자자 7439명의 평균 매수가는 7만3323원으로 평균 손실률은 36.51%에 달했다.실적에 대한 시장의 우려가 커지자 주가가 본격적으로 하락세를 탔다. 이달 기업분석 보고서를 발표한 증권사 중 이익 추정치를 가장 낮게 제시한 삼성증권은 스튜디오드래곤의 지난 2분기 영업손실이 29억원으로 전년 동기 대비 적자 전환할 것으로 예상했다. 이는 시장 컨센서스(증권사 추정치 평균)인 영업이익 6억원을 크게 밑도는 '어닝 쇼크'(실적 충격)다.스튜디오드래곤의 지난 2분기 방영 회차는 '미지의 서울' '견우와 선녀' '다 이루어질지니' 등 TV와 온라인동영상서비스(OTT)를 포함해 41회로 전년 동기(42회)와 유사한 수준이었다. 다만 동시 방영 작품이 부족했고 대규모 제작비가 투입된 '별들에게 물어봐'의 상각비(약 130억원)가 반영돼 수익성을 갉아먹었다는 분석이다.최민하 삼성증권 연구원은 ""콘텐츠 라인업을 고려할 때 2분기 실적 부진은 예견됐다""며 ""티빙 '친애하는 X'의 납품이 3분기로 미뤄지면서 당초 예상보다 방영 회차가 더 줄어든 것으로 파악된다""고 말했다.다만 증권가에선 이번 실적을 저점으로 하반기부터 방영 회차가 늘며 개선세를 보일 것으로 전망한다. 아울러 한·중 관계 개선에 따른 한한령 해제 가능성도 여전히 유효하다는 분석이다.신은정 DB증권 연구원은 ""올 3분기에는 총 82회차가 실적에 반영될 것""이라며 ""규모가 큰 텐트폴(대작) 작품은 4분기까지도 편성과 해외 판권이 확정된 것으로 추정돼 안정적 이익을 올릴 것으로 본다""고 설명했다.김태현 한국IR협의회 연구원은 ""한한령 해제 시 기존 콘텐츠에 대한 판권 매출을 인식할 수 있게 된다""며 ""동시 방영하는 작품을 중국 OTT에도 판매해 리쿱률(제작비 회수율)을 상승시킬 수도 있다""고 봤다.고정삼 한경닷컴 기자 jsk@hankyung.com",https://www.hankyung.com/article/2025071733966,2025.07.17 08:29
"17일, 거래소 외국인 순매도상위에 운수장비 업종 4종목",,"외국인 투자자는 17일 거래소에서 SK하이닉스, 카카오페이, NAVER 등을 중점적으로 매도한 것으로 나타났다.외국인 투자자의 순매도 상위 20개 종목은 SK하이닉스, 카카오페이, NAVER, 두산에너빌리티, HD현대미포, 삼성에스디에스, 하나금융지주, HD현대일렉트릭, 현대차, 풍산등이다.이중에 운수장비 업종에 속한 종목이 4개 포함되어 있다.HD현대미포, 하나금융지주, 현대차 등은 전일 대비 주가가 상승했고, SK하이닉스, 카카오페이, NAVER 등은 주가가 하락했다.[07월17일]거래소 외국인 순매도 상위 종목한경로보뉴스이 기사는 한국경제신문과 금융 AI 전문기업 씽크풀이 공동 개발한 기사 자동생성 알고리즘에 의해 실시간으로 작성된 것입니다.",https://www.hankyung.com/article/202507175595L,2025.07.17 18:35
부자네스탁론으로 증권사보다 더 큰 4배 레버리지 투자 가능!,,"부자네스탁론이 새롭게 선보인 스탁론 상품이 투자자들 사이에서 화제를 모으고 있다. 해당 상품은 본인자산포함 4배로 투자 가능, 담보유지비율 120%의 유연한 조건과 다양한 투자 솔루션을 앞세워 증권사 신용, 담보대출 대비 높은 활용도를 자랑한다.일반적으로 증권사 신용융자에 비해 더 높은 레버리지와 더 낮은 담보유지비율을 제공하는 스탁론은, 투자 고수들 사이에서 이미 널리 알려진 수단이다. 부자네스탁론은 여기에 더해 미수금이나 반대매매 위험을 해결해주는 대환대출 상품, 투자 기회를 살리고 싶어하는 전략적 투자자들을 위한 다양한 서비스를 제공한다.또한 신용, 주식담보대출 이용불가 종목, 총부채원리금상환비율(D.S.R) 같은 규제 이슈로 제약을 받아온 투자자들에게도 계좌 평가금액 기준으로 맞춤형 대출이 가능하도록 설계되어 실질적인 해결책이 되고 있다.부자네스탁론은 “고객 한 명 한 명의 투자 상황에 맞춰 최적의 대출 방법을 제공하고 있다”며, “강화된 금융 규제 환경 속에서도 투자자들의 기회를 넓히는 데 최선을 다하겠다”고 밝혔다.-스탁론 D.S.R<총부채원리금상환비율> 고강도 규제에도! 문제없는 부자네스탁론!– 소득 낮고 기존 대출금액 많아도 계좌평가금액에 비례해서 대출가능!– 본인자산 포함 4배끼지 투자 가능!▶머니투데이 부자네스탁론① 5년 고정금리로 금리인상 걱정없이 운용 가능② 자기자본포함 최대 4배까지 레버리지 투자 가능③ 매수가능종목 100% 집중투자가능 (코스닥, 시가총액, 포트폴리오비율상관없이)④ 스탁론 전종목 1:1 매수상담문의 → 수익극대화⑤ 반대매도 임박 / 추가입금이 힘들다면? → 1:1 로스컷 전문상담⑥ D.S.R과 신용등급 낮.아.도 문제없이 매입/대환까지 가능!⑦ 위 혜택을 4%대의 저금리로 이용 가능!★ D.S.R비율, 신용등급 무관 저금리 부자네스탁 AM8:00~PM4:00 ☎1577-5852★ AM 8:00 부터 선착순 예약접수 http://www.bujane.co.kr/7월 고객들의 문의가 많은 종목은 기아, NAVER, 두산에너빌리티, 셀트리온, 한화에어로스페이스 등이 있다.무료상담",https://www.hankyung.com/article/202507173374a,2025.07.17 09:23
"증권사 신용대출, 3%대 금리로 바꾸는 가장 쉬운 방법",,"전송종목 : 태경비케이, 성광벤드, 유니드, 오리엔탈정공, 대창단조최근 주식 투자자들 사이에서 주식대출(미수/신용융자 등)의 고금리에 대한 부담이 커지고 있다.특히 저금리를 적용 받고 싶어도, 기존 대출을 상환하고 다시 주식을 매수해야 하는 번거로운 절차와 자금 조달의 어려움이 발목을 잡고 있다.이런 현실적인 문제를 해결하고자, 무빙스탁이 ‘증권사 신용, 대환자금대출’ 서비스를 전격 출시했다.이 상품은 주식을 매도하지 않고도, 기존의 고금리의 주식대출(미수/신용융자 등)의 3%대의 혁신적인 저금리 증권사로 전환할 수 있도록 상환자금을 제공하는 것이 핵심이다.무빙스탁 관계자는 “현재 증권사 이벤트 금리는 연 3%대 수준으로, 기존 9~10%대 고금리를 적용받는 투자자라면 절감 효과가 상당하다”며, 금리를 5%만 낮추면 “1억원 신용대출 기준으로 연간 약 500만원, 3억원이라면 1,500만원까지도 절약할 수 있다”고 밝혔다.더 놀라운 점은, 현재는 이벤트 기간으로 대환자금대출 신청시 발생하는 이자 비용까지 ‘0원’이라는 사실이다. 대환자금에 대해서 하루의 대출이자도 부담하지 않고 기존 고금리 대출을 저금리로 전환할 수 있어, 고금리 부담에 시달리던 투자자들에게 큰 호응을 얻을 전망이다.이 서비스는 부동산 시장에서 흔히 이용되던 대환대출 개념을 증권시장에 도입한 혁신적인 시도로, 주식 투자자들의 자금 운용에 새로운 대안을 제시할 것으로 기대된다.무빙스탁 ‘증권사 신용, 대환자금대출’의 비용 무료 이벤트는 이벤트 기간 동안 한정적으로 제공되는 만큼, 신용융자를 이용 중인 투자자라면 지금 바로 확인해볼 필요가 있다.★ 장마감 시간이 가까워질수록 문의가 많아 상담이 지연될 수 있습니다.★ 7월 문의하신 고객들이 많이 보유하신 종목으로는 삼성전자, POSCO홀딩스, 셀트리온, 포스코퓨처엠, 에코프로비엠, NAVER, 에코프로, 삼성SDI, LG화학, SK하이닉스, 두산에너빌리티, 카카오, SK이노베이션, LG에너지솔루션, 엘앤에프, 삼천당제약, 현대차, 알테오젠, HPSP, LG전자 등이 있습니다.★ 안내사항과도한 빚은 당신에게 큰 불행을 안겨줄 수 있습니다. 대출 시 신용등급 하락으로 다른 금융거래가 제약받을 수 있습니다. 중개수수료를 요구하거나 받는 것은 불법입니다.상호명: ㈜단비대부 2021-서울영등포-2102(대부업) | TEL: 1544-4886 | 대출금리: 연 20%이내(연체금리는 약정금리+3%p이내, 최대 연 20%이내) | 단, 2021. 7. 7.부터 신규체결, 갱신, 연장되는 계약에 한함 | 채무의 조기상환 조건 및 부대비용 없음. (단, 신용조회비용 및 담보권설정비용 있음), 이자 외 별도로 중개수수료를 요구하거나 수취하는 것은 불법입니다. | 대표이사: 박동원 | 사업자등록번호: 274-86-00231 | 등록기관명칭: 서울 영등포구청(담당부서: 일자리경제과, 02-2670-3420) | 소재지 : 서울 영등포구 여의대방로67길 11, 5층 517호 | 개인정보관리자메일: help@danbifund.co.kr무료상담",https://www.hankyung.com/article/202507111582a,2025.07.11 08:33
"대한항공, 유니세프와 손잡고 ‘Flight for Better Tomorrow’ 캠페인 시행","⊙ 항공권 결제완료 화면 하단 ‘후원’ 배너 클릭하면 기부 페이지로 연결

⊙ 캐시리스(Cashless) 기부 형태로 온라인에서 손쉽게 참여 가능

⊙ 기금 전액, 유니세프의 세계 어린이 지원 사업에 쓰일 예정","대한항공이 유니세프 한국위원회와 함께 지구촌 어린이를 돕는 기부 캠페인 ‘플라이트 포 베터 투모로(Flight for Better Tomorrow)’를 시행한다고 24일 밝혔다.이 캠페인은 여행을 계획함과 동시에 나눔을 실천할 수 있는 새로운 개념의 온라인 기부 프로그램이다. 대한항공 홈페이지에서 항공권 구매 시 결제완료 화면 하단에 뜨는 후원 배너를 클릭하면 손쉽게 기부에 참여할 수 있다.기부 페이지에서 이름 등 간단한 후원자 정보를 입력하고 원하는 금액만큼 후원금을 내면 된다. 신용·체크카드, 네이버페이, 무통장입금으로 후원금을 결제할 수 있다. 기부는 만 14세 이상만 참여할 수 있으며, 비회원으로 항공권을 구매하는 경우에도 가능하다.이번 캠페인은 여행을 계획하며 느끼는 설렘을 전 세계 어린이들의 꿈과 희망, 미래, 행복으로 연결하자는 취지로 기획됐다.대한항공은 홈페이지 메인 화면 하단에도 캠페인 아이콘을 상시 표출해 항공권을 구매하지 않더라도 기부에 참여할 수 있도록 할 계획이다.대한항공은 최근 신규 CI와 함께 발표한 새로운 기업 미션을 실천하고자 유니세프 한국위원회와 손을 잡았다. 대한항공의 3가지 미션 중 ‘Better Tomorrow’는 전 세계의 활발한 교류 확대와 지속가능한 발전에 기여하는 사회공헌을 의미한다.기금 전액은 전 세계 어린이의 생존, 보호, 발달, 참여 등을 지원하는 유니세프의 세계 어린이 지원(Core Resource) 사업에 쓰일 예정이다. 유니세프는 이 사업으로 개발도상국 어린이들에게 식수정화제, 학용품, 영양실조 치료식, 소아마비 예방백신 등을 전달해왔다.",https://www.hankyung.com/article/202507248364P,2025.07.24 08:33
"07일, 거래소 외국인 순매도상위에 전기,전자 업종 7종목",,"외국인 투자자는 07일 거래소에서 삼성전자, SK하이닉스, LG씨엔에스 등을 중점적으로 매도한 것으로 나타났다.외국인 투자자의 순매도 상위 20개 종목은 삼성전자, SK하이닉스, LG씨엔에스, HD한국조선해양, 한국가스공사, SK텔레콤, 삼성전자우, 하나금융지주, KB금융, KT&G등이다.이중에 전기,전자 업종에 속한 종목이 7개 포함되어 있다.SK하이닉스, HD한국조선해양, 하나금융지주 등은 전일 대비 주가가 상승했고, 삼성전자, LG씨엔에스, 한국가스공사 등은 주가가 하락했다.[07월07일]거래소 외국인 순매도 상위 종목한경로보뉴스이 기사는 한국경제신문과 금융 AI 전문기업 씽크풀이 공동 개발한 기사 자동생성 알고리즘에 의해 실시간으로 작성된 것입니다.",https://www.hankyung.com/article/202507073351L,2025.07.07 18:35
고금리 이자 폭탄 피하는 법! 증권사 대출 3%대로 줄이기,,"전송종목 : HD현대, HD현대일렉트릭, HD현대건설기계, 오리온, 일진하이솔루스최근 주식 투자자들 사이에서 주식대출(미수/신용융자 등)의 고금리에 대한 부담이 커지고 있다.특히 저금리를 적용 받고 싶어도, 기존 대출을 상환하고 다시 주식을 매수해야 하는 번거로운 절차와 자금 조달의 어려움이 발목을 잡고 있다.이런 현실적인 문제를 해결하고자, 무빙스탁이 ‘증권사 신용, 대환자금대출’ 서비스를 전격 출시했다.이 상품은 주식을 매도하지 않고도, 기존의 고금리의 주식대출(미수/신용융자 등)의 3%대의 혁신적인 저금리 증권사로 전환할 수 있도록 상환자금을 제공하는 것이 핵심이다.무빙스탁 관계자는 “현재 증권사 이벤트 금리는 연 3%대 수준으로, 기존 9~10%대 고금리를 적용받는 투자자라면 절감 효과가 상당하다”며, 금리를 5%만 낮추면 “1억원 신용대출 기준으로 연간 약 500만원, 3억원이라면 1,500만원까지도 절약할 수 있다”고 밝혔다.더 놀라운 점은, 현재는 이벤트 기간으로 대환자금대출 신청시 발생하는 이자 비용까지 ‘0원’이라는 사실이다. 대환자금에 대해서 하루의 대출이자도 부담하지 않고 기존 고금리 대출을 저금리로 전환할 수 있어, 고금리 부담에 시달리던 투자자들에게 큰 호응을 얻을 전망이다.이 서비스는 부동산 시장에서 흔히 이용되던 대환대출 개념을 증권시장에 도입한 혁신적인 시도로, 주식 투자자들의 자금 운용에 새로운 대안을 제시할 것으로 기대된다.무빙스탁 ‘증권사 신용, 대환자금대출’의 비용 무료 이벤트는 이벤트 기간 동안 한정적으로 제공되는 만큼, 신용융자를 이용 중인 투자자라면 지금 바로 확인해볼 필요가 있다.★ 장마감 시간이 가까워질수록 문의가 많아 상담이 지연될 수 있습니다.★ 7월 문의하신 고객들이 많이 보유하신 종목으로는 삼성전자, POSCO홀딩스, 셀트리온, 포스코퓨처엠, 에코프로비엠, NAVER, 에코프로, 삼성SDI, LG화학, SK하이닉스, 두산에너빌리티, 카카오, SK이노베이션, LG에너지솔루션, 엘앤에프, 삼천당제약, 현대차, 알테오젠, HPSP, LG전자 등이 있습니다.★ 안내사항과도한 빚은 당신에게 큰 불행을 안겨줄 수 있습니다. 대출 시 신용등급 하락으로 다른 금융거래가 제약받을 수 있습니다. 중개수수료를 요구하거나 받는 것은 불법입니다.상호명: ㈜단비대부 2021-서울영등포-2102(대부업) | TEL: 1544-4886 | 대출금리: 연 20%이내(연체금리는 약정금리+3%p이내, 최대 연 20%이내) | 단, 2021. 7. 7.부터 신규체결, 갱신, 연장되는 계약에 한함 | 채무의 조기상환 조건 및 부대비용 없음. (단, 신용조회비용 및 담보권설정비용 있음), 이자 외 별도로 중개수수료를 요구하거나 수취하는 것은 불법입니다. | 대표이사: 박동원 | 사업자등록번호: 274-86-00231 | 등록기관명칭: 서울 영등포구청(담당부서: 일자리경제과, 02-2670-3420) | 소재지 : 서울 영등포구 여의대방로67길 11, 5층 517호 | 개인정보관리자메일: help@danbifund.co.kr무료상담",https://www.hankyung.com/article/202507235750a,2025.07.23 14:23
"엘앤에프, LFP·기술 경쟁력·리레이팅 기대에 주가 강세",,"엘앤에프 주가가 최근 회복세 및 강세 흐름을 보이며 투자자들의 관심을 받고 있다. 핵심 배경은 글로벌 2차전지 시장 내 LFP(리튬인산철) 소재 수요 확대와 기술 경쟁력 강화 기대, 그리고 밸류에이션 재평가에 대한 기대감이다.회사는 테슬라, LG에너지솔루션 등 글로벌 배터리 주요 고객군을 기반으로 하이니켈 뿐 아니라 LFP 제품 라인업도 확장하며 북미·유럽 시장 진출 기회를 모색 중이다. 특히 KB증권은 탈중국 수요 확대와 LFP 양산 MOU 체결 등을 근거로 “동종 업종 내 최선호주”로 제시하며 투자 의견을 유지하고 있다.실제로 최근 글로벌 전기차 수요 둔화 우려에 따른 주가 조정 국면에서 미국 매출 비중이 낮다는 점은 상대적으로 주가 하락에 덜 영향을 미치며 안정적인 하방 지지로 작용한 것으로 분석된다. KB증권은 “미국 매출이 전체 매출의 3%에 불과해 관련 리스크는 제한적”하며, 재고자산 평가손실이 2분기를 고점으로 점차 개선될 가능성이 높다고 평가했다.또한 증권사 애널리스트들은 엘앤에프의 기술력과 글로벌 고객사 다변화, 생산능력 확대를 기반으로 향후 밸류에이션 재평가가 가능하다는 전망을 잇따라 내놓고 있다. 메리츠증권 역시 “기술력 기반 수주 확대와 중장기 생산능력 상향 가시성이 어느 때보다 높다”며 밸류에이션 격차 축소 필요성을 강조했다.수급 면에서도 기관과 외국인 매수세가 서서히 유입되며 거래량이 늘고 있다. 특히 공매도 잔고가 많았던 종목 특성상 공매도 축소 시점에서 기술적 반등 모멘텀이 강화되고 있다는 분석도 나온다.SGA, 알테오젠, NAVER, 삼양식품, 오가노이드사이언스무료상담",https://www.hankyung.com/article/202507186321a,2025.07.18 10:33
韓 알트코인 거래량 사상 최대치 경신 : 코리안 크립토 위클리 [INFCL 리서치],,"사진=INF크립토랩

1. 시장 개요지난주 한국 암호화폐 시장은 신규 상장과 급증하는 리테일 모멘텀으로 주목을 받았습니다. 업비트는 하이퍼레인(Hyperlane) 과 에테나(Ethena)를, 빗썸은 하이퍼레인 과 리솔브(Resolv)를 상장했습니다. 그중 하이퍼레인은 업비트에 대한 투기적 관심을 크게 끌어올리며 주간 거래량 2위를 빠르게 차지했습니다. 두 거래소의 거래량은 특히 7월 10일 이후 급증하여 7월 11일에는 합산 거래량이 90억 달러에 육박하며 최고치를 기록했습니다. XRP는 두 플랫폼 모두에서 여전히 강세를 보였지만, HYPER, PENGU ,BONK 와 같은 중형 토큰은 이번 주 알트코인 상승에 크게 기여하며 한국 투자자들 사이에서 소형주에 대한 관심이 높아지고 있음을 보여주었습니다.상위권 상승 종목들은 이러한 투기적 분위기를 반영했습니다. 업비트의 XLM, PENGU, KNC는 BONK, 1INCH 와 같은 밈(meme) 및 생태계 토큰과 함께 70~90%의 상승률을 기록했습니다. 빗썸도 유사한 패턴을 보였는데, OMNI 와 PENGU가 상승세를 주도했고, INIT과 KERNEL과 같은 신규 토큰들이 주목을 받았습니다. 업비트의 틱 사이즈 축소, CROSS, M, PENGU와 같은 토큰의 급등, 그리고 지속적인 원화(KRW) 스테이블코인 논의는 국내 투자자들의 높은 참여도를 유지했습니다. 알트코인 거래량 증가부터 스테이블코인 정책에 대한 논의 증가까지, 한국 시장은 위험 선호 성향으로의 전환을 분명히 보여주었습니다.2. 거래소2-1. 신규 상장 종목




사진=INF크립토랩

                지난주, 주요 한국 거래소에서 여러 가지 새로운 상장이 이루어졌습니다.업비트에 하이퍼레인과 에테나가 상장되었습니다.빗썸은 하이퍼레인과 레졸브를 상장했습니다.주요 마케팅 전략 및 핵심 내용에테나(ENA)




사진=에테나

                에테나는 2024년 초 한국 시장에 진출했습니다. 당시에는 별다른 마케팅 활동은 없었지만, 탄탄한 VC 투자자, 파트너, 그리고 후원자 라인업 덕분에 큰 주목을 받았습니다. 많은 사용자들이 에어드랍을 기대하며 자산을 스테이킹하며 캠페인에 참여했습니다.성공적인 TGE 이후, Ethena는 KOL 채널을 통해 한국 시장과 지속적으로 소통하며 USDe가 다른 스테이블코인과 어떻게 다른지, $ENA 토큰을 어떻게 사용할 수 있는지, 그리고 향후 로드맵이 어떤 모습인지 정기적으로 공유했습니다.USDe는 수익 창출형 스테이블코인이기 때문에 Ethena는 안정성을 지속적으로 입증해야 했습니다. Ethena는 KOL을 통해서도 이러한 메시지를 사용자에게 전달했습니다. 한 가지 예로 Bybit 해킹 사건이 있었습니다. USDe는 잠시 디페깅(depegging) 조짐을 보였지만, 실제 손실은 없었습니다. Ethena는 자금이 이미 외부 수탁 솔루션을 통해 관리되고 있다고 신속하게 대응했습니다.Ethena는 한국 웹3 사용자층, 특히 스테이킹과 파밍에 집중하는 사용자층에 대한 깊은 이해를 갖추고 있는 것으로 보입니다. 이는 현지 시장에 맞춘 전략적이고 효율적인 KOL 중심 마케팅의 좋은 사례입니다.하이퍼레인(HYPER)




사진=하이퍼레인

                Hyperlane은 한국 시장에서 오랫동안 잘 알려진 프로젝트였으며, 특히 에어드랍 프로젝트로 유명합니다. 한국에서 에어드랍 파밍이 한창이었던 시절, Hyperlane은 사용자가 온체인 거래를 생성해야 하는 프로젝트 중 하나로 주목을 받았습니다. Circle Ventures의 지원을 받았다는 사실 또한 초기 기대감을 높이는 데 큰 역할을 했습니다.하지만 하이퍼레인은 TGE 이전이나 직후에도 한국에서 대규모 마케팅 활동을 적극적으로 펼치지 않았습니다.최근 한국 시장에 대한 관심이 다시 높아지고 있습니다. 국내 리서치 기관을 통해 Hyperlane에 대한 연구 보고서가 발표되었고, KOL들은 해당 보고서를 바탕으로 관련 콘텐츠를 제작하여 한국 사용자들에게 Hyperlane 프로젝트를 소개하고 현재 상황을 공유하기 시작했습니다.2-2. 거래량업비트와 빗썸의 거래량은 지난주 눈에 띄는 급증세를 보였으며, 총 거래량은 7월 11일에 최고치를 기록했습니다. 업비트는 XRP 단독으로 35억 달러 이상을 기록하며 주간 최고 거래량을 기록했고, HYPER(28억 달러), BTC(12억 6천만 달러), ETH(9억 3천 7백만 달러)가 그 뒤를 이었습니다. 한편, 빗썸에서도 XRP가 12억 8천만 달러로 가장 높은 거래량을 기록했고, USDT(6억 3천 3백만 달러)와 BTC(5억 8백만 달러)가 그 뒤를 이었습니다. 이는 두 거래소 모두 유동성이 높은 토큰에 대한 선호도가 높음을 보여줍니다.업비트의 거래 활동은 HYPER, PENGU, BONK 등 중형 토큰의 투기적 모멘텀에 힘입어 두드러지게 나타났으며, 이들 토큰의 거래량은 총 15억 달러 이상을 기록했습니다. 빗썸은 PENGU, AMO, BONK가 모두 상위 10위 안에 들면서 다소 균형 잡힌 분포를 보였으며, 이는 상위 시가총액 범위를 벗어난 알트코인에 대한 사용자 참여가 증가하고 있음을 시사합니다.7월 10일부터 일일 거래량이 급등했으며, 업비트는 7월 11일 약 90억 달러에 달하는 최고치를 기록하는 데 가장 큰 기여를 했습니다. 이러한 급등은 알트코인 시장 전반의 광범위한 개인 투자자 유입 및 변동성 확대와 상관관계가 있는 것으로 보입니다. 전반적으로 업비트는 거래량 주도권을 유지하며, 특히 신규 및 소규모 자산에서 상당한 사용자 활동을 기록하고 있습니다.
                    



사진=INF크립토랩 / 데이터=코인게코





사진=INF크립토랩 / 데이터=코인게코

2-3. 상위 10개 상승 종목이번 주 한국 거래소는 중형주와 생태계 토큰 전반에 걸쳐 강력한 상승세를 보였으며, 업비트와 빗썸 모두 특정 자산에서 세 자릿수 급등을 기록했습니다. 업비트에서는 XLM이 89.28% 상승하며 차트를 주도했고, PENGU(+85.48%), KNC(+72.93%), 1INCH(+68.82%)가 그 뒤를 바짝 쫓으며 기존 레이어 1 및 DEX 관련 토큰에 대한 관심이 다시 높아졌음을 보여주었습니다. HBAR, ALGO, IOTA 또한 35~50% 상승하며 전반적인 알트코인 상승세를 반영했습니다.빗썸도 OMNI가 98.98%, PENGU가 94.32% 급등하며 유사한 추세를 보였는데, 이는 투기성 또는 밈(meme) 관련 토큰에 대한 시장의 높은 관심을 보여줍니다. XLM 과 KNC는 각각 86.63%와 73.39% 상승하며 상승세를 이어갔는데, 이는 두 플랫폼 모두에서 수요가 일치함을 보여줍니다. INIT과 KERNEL과 같은 신규 진입자 들도 상승폭이 가장 큰 종목에 포함되었는데, 이는 사용자들이 새롭게 떠오르는 토큰들을 적극적으로 탐색하고 있음을 시사합니다.이번 주 상승세는 한국 개인 투자자들이 높은 변동성과 내러티브 중심의 투자 성향으로 전환하고 있음을 분명히 보여줍니다. 업비트와 빗썸 모두에서 유사한 토큰이 집중된 것은 이러한 모멘텀이 특정 거래소에만 국한된 것이 아니라, 중형주 상승세와 생태계 회복을 위한 거래에 대한 시장 전반의 수요를 반영하고 있음을 시사합니다.
                    



사진=INF크립토랩 / 데이터=업비트, 빗썸

3. 코리안 커뮤니티 버즈3-1. 업비트, 틱 사이즈 롤백으로 강세장 기대감 고조




사진=업비트

                업비트는 7월 31일부터 원화 시장 호가 단위 변경을 발표하며 특정 가격 구간의 호가 단위를 축소했습니다. 이 변경 사항은 커뮤니티에서 환영을 받았으며, 많은 사람들이 이를 ""상승장 신호""라고 불렀습니다.특히 트레이더들은 새로운 5000원대를 언급하며 XRP와 XRL 등 인기 토큰들이 이전 고점을 돌파하면 수혜를 볼 수 있다고 농담을 던졌습니다. ""5000원으로 날아갈 시간!"", ""거래소조차 강세장을 부추기고 있다""와 같은 댓글도 자주 등장했습니다. 업비트는 BTC 출금 수수료를 0.0008 BTC에서 0.0002 BTC로 인하하여 긍정적인 분위기에 더욱 불을 지폈습니다.3-2. $CROSS TGE, 그리고 모두가 구원받았습니다




사진=코인마켓캡

                유명 웹3 스타 장현국이 지원하는 토큰인 CROSS가 깜짝 반등했습니다. 토큰 판매가 아래로 떨어졌던 CROSS는 다시 판매가를 돌파했고, 일시적으로 두 배까지 치솟기도 했습니다. 이로 인해 ""모두가 구원받는다""라는 의미의 커뮤니티 밈이 유행하게 되었습니다.""저점 매수했어야 했는데"", ""장 선장은 절대 실망시키지 않아"", ""강세장에서는 모든 게 펌핑된다!""와 같은 게시물이 곳곳에 올라왔습니다. KOL들은 텔레그램에 수익 스크린샷과 차트 밈을 쏟아냈고, 트레이더들은 $CROSS를 $M, $PENGU와 함께 이번 주의 급등 토큰으로 언급했습니다.3-3. 스테이블코인 샌드박스 논의, 국내 논쟁 가열한국 정부와 금융감독원이 원화 스테이블코인(KRW) 샌드박스 프로그램을 검토 중인 것으로 알려졌습니다. 여기에는 은행, 핀테크 기업, 암호화폐 거래소, 업비트, 네이버페이 등의 플랫폼이 포함될 가능성이 있습니다. 일각에서는 이를 통화 주권 강화와 한국의 핀테크 경쟁력 강화 방안으로 보는 반면, 준비금 관리 및 발행자 투명성 확보의 막중한 책임에 대한 우려도 제기되고 있습니다.재밌는 순간이 하나 있죠? 이 소식이 전해진 후 SAND 토큰이 8%나 급등했습니다. 실제 참여 때문이 아니라 이름 때문에였죠. 커뮤니티 반응은 ""샌드박스 잘못됐네, 여러분"", ""한국 주식 투자자들은 항상 시장을 잘못 읽는다"" 같은 농담으로 가득했습니다.*모든 내용은 정보 전달 및 제공을 위해 작성되었으며, 투자 결정의 근거가 되거나 투자를 위한 권고 혹은 조언을 위함이 아닙니다. 본문의 내용은 투자, 법률, 세무 등 어떠한 부분에 대해서도 책임을 지지 않습니다.INF크립토랩(INFCL)은 블록체인과 웹3(Web3) 분야에 특화된 컨설팅 기업으로, 기업의 Web3 진출 전략 수립, 토큰 이코노미 설계, 글로벌 시장 진출 등 의 서비스를 원스톱으로 제공한다. 국내외 주요 증권사, 게임사, 플랫폼사, 글로벌 Web3 기업들에게 전략 수립과 더불어 실행까지 함께하는 서비스를 제공하며 축적된 노하우와 레퍼런스로 디지털 자산 생태계의 지속 가능한 성장을 이끌고 있다.본 리포트는 매체 편집 방향과 무관하며, 모든 책임은 정보 제공자에게 있습니다.",https://www.hankyung.com/article/202507159903O,2025.07.15 16:26
"""2만원 내고 '요아정' 먹느니…"" 인기 폭발한 '뜻밖의 제품'","B2B 식품업체, B2C 공략

CJ프레시웨이, 네이버·컬리서
냉동 블루베리 등 소포장 판매

동원홈푸드, 소스 시장 공략
삼양사는 홈 베이커리 진출
""B2B·B2C 유통 경계 무너져""","사진=연합뉴스

                ""요아정 시키면 2만원도 나오는데, 냉동 과일 사서 요거트 아이스크림 얼려 같이 먹으면 반의 반값이면 되죠. 인터넷으로 시키면 퀄리티도 생과일 못지 않고요"" 식자재 유통을 전문으로 하는 B2B(기업 간 거래) 업체들이 B2C(기업과 소비자 간 거래) 시장에 진출해 두각을 나타내고 있다. 고물가 시대에 식자재 유통 노하우를 기반으로 높은 품질과 가격 경쟁력을 갖춘 제품을 앞세워 시장을 확대하고 있다는 분석이다.8일 CJ프레시웨이에 따르면 이 회사가 올해 1~5월 네이버 스토어, 컬리 등 e커머스 채널에서 올린 매출은 전년 동기 대비 63% 급증했다. 특히 CJ프레시웨이의 냉동 과일 PB(자체브랜드) 제품이 인기다. 네이버 스마트스토어 구매자 가운데 75%가 신규 고객일 정도로 수요가 가파르게 늘고 있다. CJ프레시웨이 관계자는 “급속 냉동 기술이 좋아져 냉동 과일을 잘 해동하면 생과일 못지않은 식감이 난다”며 “냉동 과일을 구매해 홈메이드 요구르트 아이스크림을 해 먹는 사람이 증가하고 있다”고 말했다.
                    



CJ프레시웨이가 판매하고 있는 냉동과일 3종/ 사진= CJ프레시웨이 제공

                식자재 업체들은 고물가 시대 가성비 제품을 찾는 수요를 파고들었다. B2B 전용 상품을 B2C 제품으로 리패키징했다. B2B 제품은 마케팅 비용 등을 쓰지 않기 때문에 같은 상품이더라도 B2C 제품 대비 가격이 매력적이다. CJ프레시웨이의 ‘이츠웰 냉동 블루베리’가 대표적 사례다. 지난해 판매된 이츠웰 냉동 블루베리 1350t 중 53%가 B2C 채널에서 소비됐다. 수요를 확인한 CJ프레시웨이는 지난 4월 냉동 망고 2종을 추가로 출시했다.B2B 업체들은 식자재 유통 노하우를 기반으로 해외 유통망 등을 통해 고품질 제품을 낮은 가격에 확보한다. 예컨대 ‘이츠웰 냉동 애플망고’는 페루와 베트남에서 수입하는데 농장 옆 공장에서 충분히 후숙한 뒤 동결한다. 후숙이 덜 된 상태에서 수확해 유통 과정에서 후숙하는 과일보다 품질 관리 측면에서 유리하다. CJ프레시웨이의 냉동 과일 유통량은 2022년 258t에서 2023년 574t, 지난해 1111t으로 급증했다.
                    



사진=한경DB

                이랜드팜앤푸드, 동원홈푸드도 B2C 시장을 개척해 성과를 내고 있다. 이랜드팜앤푸드는 직수입 냉동 과일을 자사 마트인 킴스클럽과 e커머스에서 판매하고 있다. 지난해 이랜드팜앤푸드의 냉동 과일 상품 매출은 전년 대비 109% 늘었다.주로 급식업체에 소스를 공급하던 동원홈푸드도 소스 전문 브랜드 ‘비비드 키친’을 만들어 B2C 소스 시장에 뛰어들었다. CJ제일제당, 청정원, 오뚜기 등이 꽉 잡고 있는 소스 시장에 도전장을 냈다. 비비드 키친의 지난해 매출은 148억원으로 전년 대비 2.6배 확대됐다.삼양사는 홈 베이커리 시장에 진출했다. 자체 기술로 개발한 크루아상 생지 제품을 내놨다. 집에서 오븐, 에어프라이어 등으로 빵을 구워 먹는 트렌드를 겨냥했다. 삼양사는 최근 이 제품 판매가 호조를 보이자 생산라인을 증설할 예정이다. 대표적 B2B 면 납품 기업인 면사랑도 냉메밀소바 등 가정용 냉동 간편식을 출시했다.식품업계에서는 B2B와 B2C 시장의 경계가 점차 무너질 것이란 전망도 나온다. 업계 관계자는 “성장 한계에 다다른 식자재 업체들이 가성비를 추구하는 소비자를 겨냥해 제품을 개발, 출시하고 있다”며 “B2B와 B2C 시장의 경계가 무너지는 하이브리드 유통 시대가 오고 있다”고 분석했다.이소이 기자",https://www.hankyung.com/article/202507096409i,2025.07.09 21:00
"헤라, '서머 립 컬렉션' 선보여","센슈얼 라인 신규 색상 포함 3가지 제형, 12가지 색상으로 여름 립 무드 제안

Z세대 아이콘 하리무, 박제니, 유예린과 함께한 캠페인 화보 공개","아모레퍼시픽 컨템포러리 서울 뷰티 브랜드 헤라가 여름 시즌을 맞아 센슈얼 라인의 신규 색상을 포함한 '서머 립 컬렉션(Dare to Bare)'을 선보인다.이번 컬렉션은 '한 겹의 컬러만으로도 자신만의 개성과 무드를 자연스럽게 드러내는 립 메이크업'을 제안하는 캠페인으로, 여름 시즌에 어울리는 룩을 완성할 수 있도록 섬세한 컬러와 다양한 제형으로 전개한다.브랜드의 베스트셀러 제품인 센슈얼 라인의 '누드 글로스', '파우더 매트', '틴티드 샤인' 3가지 제형에서 총 12가지 색상을 여름 립 제품으로 소개하며, 이중 5가지는 신규 컬러이다.투명하고 맑은 광택감이 특징인 '센슈얼 누드 글로스'에서는 '웻베리'와 한정 수량으로 '체리콕', '허니드'를 신규로 출시한다. 부드러운 벨벳 제형으로 마무리되는 '센슈얼 파우더 매트'에서는 '데어베어', '핑크헤이즈'가 새롭게 추가되었다. 신규 색상과 기존 센슈얼 라인의 인기 색상까지 총 12가지 립 제품을 컬렉션으로 구성해 다양한 여름 무드를 제안한다.이번 컬렉션 제품은 Z세대를 대표하는 모델 박제니, 유예린, 댄서 하리무와 함께 한 화보로 공개했으며, 헤라가 추구하는 '나다움'과 각 인물이 지닌 개성과 태도가 감각적으로 조화를 이루는 것이 특징이다. 또한 오는 7월 8일 방송되는 Mnet <월드 오브 스트릿 우먼 파이터>에서는 세계 무대에서 활약하는 글로벌 댄서들이 헤라 립 컬렉션을 실제로 사용하는 모습이 공개될 예정이다.헤라의 서머 립 컬렉션(Dare to Bare)은 7월 7일부터 전국 주요 백화점 헤라 매장과 아모레몰, 카카오톡 선물하기, 헤라 네이버 브랜드 스토어 등에서 구매할 수 있다.",https://www.hankyung.com/article/202507071517P,2025.07.07 08:07
이자 부담 최소화! 증권사 신용대출 3%대로 바꾸는 절호의 기회,,"전송종목 : 삼화콘덴서, 아세아, 경농, 아세아제지, 넥센타이어최근 주식 투자자들 사이에서 주식대출(미수/신용융자 등)의 고금리에 대한 부담이 커지고 있다.특히 저금리를 적용 받고 싶어도, 기존 대출을 상환하고 다시 주식을 매수해야 하는 번거로운 절차와 자금 조달의 어려움이 발목을 잡고 있다.이런 현실적인 문제를 해결하고자, 무빙스탁이 ‘증권사 신용, 대환자금대출’ 서비스를 전격 출시했다.이 상품은 주식을 매도하지 않고도, 기존의 고금리의 주식대출(미수/신용융자 등)의 3%대의 혁신적인 저금리 증권사로 전환할 수 있도록 상환자금을 제공하는 것이 핵심이다.무빙스탁 관계자는 “현재 증권사 이벤트 금리는 연 3%대 수준으로, 기존 9~10%대 고금리를 적용받는 투자자라면 절감 효과가 상당하다”며, 금리를 5%만 낮추면 “1억원 신용대출 기준으로 연간 약 500만원, 3억원이라면 1,500만원까지도 절약할 수 있다”고 밝혔다.더 놀라운 점은, 현재는 이벤트 기간으로 대환자금대출 신청시 발생하는 이자 비용까지 ‘0원’이라는 사실이다. 대환자금에 대해서 하루의 대출이자도 부담하지 않고 기존 고금리 대출을 저금리로 전환할 수 있어, 고금리 부담에 시달리던 투자자들에게 큰 호응을 얻을 전망이다.이 서비스는 부동산 시장에서 흔히 이용되던 대환대출 개념을 증권시장에 도입한 혁신적인 시도로, 주식 투자자들의 자금 운용에 새로운 대안을 제시할 것으로 기대된다.무빙스탁 ‘증권사 신용, 대환자금대출’의 비용 무료 이벤트는 이벤트 기간 동안 한정적으로 제공되는 만큼, 신용융자를 이용 중인 투자자라면 지금 바로 확인해볼 필요가 있다.★ 장마감 시간이 가까워질수록 문의가 많아 상담이 지연될 수 있습니다.★ 7월 문의하신 고객들이 많이 보유하신 종목으로는 삼성전자, POSCO홀딩스, 셀트리온, 포스코퓨처엠, 에코프로비엠, NAVER, 에코프로, 삼성SDI, LG화학, SK하이닉스, 두산에너빌리티, 카카오, SK이노베이션, LG에너지솔루션, 엘앤에프, 삼천당제약, 현대차, 알테오젠, HPSP, LG전자 등이 있습니다.★ 안내사항과도한 빚은 당신에게 큰 불행을 안겨줄 수 있습니다. 대출 시 신용등급 하락으로 다른 금융거래가 제약받을 수 있습니다. 중개수수료를 요구하거나 받는 것은 불법입니다.상호명: ㈜단비대부 2021-서울영등포-2102(대부업) | TEL: 1544-4886 | 대출금리: 연 20%이내(연체금리는 약정금리+3%p이내, 최대 연 20%이내) | 단, 2021. 7. 7.부터 신규체결, 갱신, 연장되는 계약에 한함 | 채무의 조기상환 조건 및 부대비용 없음. (단, 신용조회비용 및 담보권설정비용 있음), 이자 외 별도로 중개수수료를 요구하거나 수취하는 것은 불법입니다. | 대표이사: 박동원 | 사업자등록번호: 274-86-00231 | 등록기관명칭: 서울 영등포구청(담당부서: 일자리경제과, 02-2670-3420) | 소재지 : 서울 영등포구 여의대방로67길 11, 5층 517호 | 개인정보관리자메일: help@danbifund.co.kr무료상담",https://www.hankyung.com/article/202507248245a,2025.07.24 14:23
고금리 OUT! 증권사 신용대출 3%대로 전환하는 방법,,"전송종목 : 동운아나텍, 갤럭시아머니트리, 일진파워, ISC, 미래나노텍




 

최근 주식 투자자들 사이에서 주식대출(미수/신용융자 등)의 고금리에 대한 부담이 커지고 있다.특히 저금리를 적용 받고 싶어도, 기존 대출을 상환하고 다시 주식을 매수해야 하는 번거로운 절차와 자금 조달의 어려움이 발목을 잡고 있다.이런 현실적인 문제를 해결하고자, 무빙스탁이 ‘증권사 신용, 대환자금대출’ 서비스를 전격 출시했다.이 상품은 주식을 매도하지 않고도, 기존의 고금리의 주식대출(미수/신용융자 등)의 3%대의 혁신적인 저금리 증권사로 전환할 수 있도록 상환자금을 제공하는 것이 핵심이다.무빙스탁 관계자는 “현재 증권사 이벤트 금리는 연 3%대 수준으로, 기존 9~10%대 고금리를 적용받는 투자자라면 절감 효과가 상당하다”며, 금리를 5%만 낮추면 “1억원 신용대출 기준으로 연간 약 500만원, 3억원이라면 1,500만원까지도 절약할 수 있다”고 밝혔다.더 놀라운 점은, 현재는 이벤트 기간으로 대환자금대출 신청시 발생하는 이자 비용까지 ‘0원’이라는 사실이다. 대환자금에 대해서 하루의 대출이자도 부담하지 않고 기존 고금리 대출을 저금리로 전환할 수 있어, 고금리 부담에 시달리던 투자자들에게 큰 호응을 얻을 전망이다.이 서비스는 부동산 시장에서 흔히 이용되던 대환대출 개념을 증권시장에 도입한 혁신적인 시도로, 주식 투자자들의 자금 운용에 새로운 대안을 제시할 것으로 기대된다.무빙스탁 ‘증권사 신용, 대환자금대출’의 비용 무료 이벤트는 이벤트 기간 동안 한정적으로 제공되는 만큼, 신용융자를 이용 중인 투자자라면 지금 바로 확인해볼 필요가 있다.★ 장마감 시간이 가까워질수록 문의가 많아 상담이 지연될 수 있습니다.★ 7월 문의하신 고객들이 많이 보유하신 종목으로는 삼성전자, POSCO홀딩스, 셀트리온, 포스코퓨처엠, 에코프로비엠, NAVER, 에코프로, 삼성SDI, LG화학, SK하이닉스, 두산에너빌리티, 카카오, SK이노베이션, LG에너지솔루션, 엘앤에프, 삼천당제약, 현대차, 알테오젠, HPSP, LG전자 등이 있습니다.★ 안내사항과도한 빚은 당신에게 큰 불행을 안겨줄 수 있습니다. 대출 시 신용등급 하락으로 다른 금융거래가 제약받을 수 있습니다. 중개수수료를 요구하거나 받는 것은 불법입니다.상호명: ㈜단비대부 2021-서울영등포-2102(대부업) | TEL: 1544-4886 | 대출금리: 연 20%이내(연체금리는 약정금리+3%p이내, 최대 연 20%이내) | 단, 2021. 7. 7.부터 신규체결, 갱신, 연장되는 계약에 한함 | 채무의 조기상환 조건 및 부대비용 없음. (단, 신용조회비용 및 담보권설정비용 있음), 이자 외 별도로 중개수수료를 요구하거나 수취하는 것은 불법입니다. | 대표이사: 박동원 | 사업자등록번호: 274-86-00231 | 등록기관명칭: 서울 영등포구청(담당부서: 일자리경제과, 02-2670-3420) | 소재지 : 서울 영등포구 여의대방로67길 11, 5층 517호 | 개인정보관리자메일: help@danbifund.co.kr무료상담",https://www.hankyung.com/article/202507160710a,2025.07.16 10:48
이자 부담 최소화! 증권사 신용대출 3%대로 바꾸는 절호의 기회,,"전송종목 : 넥스틸, LF, 형지엘리트, 케이아이엔엑스, 매커스




 

최근 주식 투자자들 사이에서 주식대출(미수/신용융자 등)의 고금리에 대한 부담이 커지고 있다.특히 저금리를 적용 받고 싶어도, 기존 대출을 상환하고 다시 주식을 매수해야 하는 번거로운 절차와 자금 조달의 어려움이 발목을 잡고 있다.이런 현실적인 문제를 해결하고자, 무빙스탁이 ‘증권사 신용, 대환자금대출’ 서비스를 전격 출시했다.이 상품은 주식을 매도하지 않고도, 기존의 고금리의 주식대출(미수/신용융자 등)의 3%대의 혁신적인 저금리 증권사로 전환할 수 있도록 상환자금을 제공하는 것이 핵심이다.무빙스탁 관계자는 “현재 증권사 이벤트 금리는 연 3%대 수준으로, 기존 9~10%대 고금리를 적용받는 투자자라면 절감 효과가 상당하다”며, 금리를 5%만 낮추면 “1억원 신용대출 기준으로 연간 약 500만원, 3억원이라면 1,500만원까지도 절약할 수 있다”고 밝혔다.더 놀라운 점은, 현재는 이벤트 기간으로 대환자금대출 신청시 발생하는 이자 비용까지 ‘0원’이라는 사실이다. 대환자금에 대해서 하루의 대출이자도 부담하지 않고 기존 고금리 대출을 저금리로 전환할 수 있어, 고금리 부담에 시달리던 투자자들에게 큰 호응을 얻을 전망이다.이 서비스는 부동산 시장에서 흔히 이용되던 대환대출 개념을 증권시장에 도입한 혁신적인 시도로, 주식 투자자들의 자금 운용에 새로운 대안을 제시할 것으로 기대된다.무빙스탁 ‘증권사 신용, 대환자금대출’의 비용 무료 이벤트는 이벤트 기간 동안 한정적으로 제공되는 만큼, 신용융자를 이용 중인 투자자라면 지금 바로 확인해볼 필요가 있다.★ 장마감 시간이 가까워질수록 문의가 많아 상담이 지연될 수 있습니다.★ 7월 문의하신 고객들이 많이 보유하신 종목으로는 삼성전자, POSCO홀딩스, 셀트리온, 포스코퓨처엠, 에코프로비엠, NAVER, 에코프로, 삼성SDI, LG화학, SK하이닉스, 두산에너빌리티, 카카오, SK이노베이션, LG에너지솔루션, 엘앤에프, 삼천당제약, 현대차, 알테오젠, HPSP, LG전자 등이 있습니다.★ 안내사항과도한 빚은 당신에게 큰 불행을 안겨줄 수 있습니다. 대출 시 신용등급 하락으로 다른 금융거래가 제약받을 수 있습니다. 중개수수료를 요구하거나 받는 것은 불법입니다.상호명: ㈜단비대부 2021-서울영등포-2102(대부업) | TEL: 1544-4886 | 대출금리: 연 20%이내(연체금리는 약정금리+3%p이내, 최대 연 20%이내) | 단, 2021. 7. 7.부터 신규체결, 갱신, 연장되는 계약에 한함 | 채무의 조기상환 조건 및 부대비용 없음. (단, 신용조회비용 및 담보권설정비용 있음), 이자 외 별도로 중개수수료를 요구하거나 수취하는 것은 불법입니다. | 대표이사: 박동원 | 사업자등록번호: 274-86-00231 | 등록기관명칭: 서울 영등포구청(담당부서: 일자리경제과, 02-2670-3420) | 소재지 : 서울 영등포구 여의대방로67길 11, 5층 517호 | 개인정보관리자메일: help@danbifund.co.kr무료상담",https://www.hankyung.com/article/202507160709a,2025.07.16 10:28
이자 부담 최소화! 증권사 신용대출 3%대로 바꾸는 절호의 기회,,"전송종목 : 코스메카코리아, 휴온스, 신흥에스이씨, 에이플러스에셋, 솔루엠최근 주식 투자자들 사이에서 주식대출(미수/신용융자 등)의 고금리에 대한 부담이 커지고 있다.특히 저금리를 적용 받고 싶어도, 기존 대출을 상환하고 다시 주식을 매수해야 하는 번거로운 절차와 자금 조달의 어려움이 발목을 잡고 있다.이런 현실적인 문제를 해결하고자, 무빙스탁이 ‘증권사 신용, 대환자금대출’ 서비스를 전격 출시했다.이 상품은 주식을 매도하지 않고도, 기존의 고금리의 주식대출(미수/신용융자 등)의 3%대의 혁신적인 저금리 증권사로 전환할 수 있도록 상환자금을 제공하는 것이 핵심이다.무빙스탁 관계자는 “현재 증권사 이벤트 금리는 연 3%대 수준으로, 기존 9~10%대 고금리를 적용받는 투자자라면 절감 효과가 상당하다”며, 금리를 5%만 낮추면 “1억원 신용대출 기준으로 연간 약 500만원, 3억원이라면 1,500만원까지도 절약할 수 있다”고 밝혔다.더 놀라운 점은, 현재는 이벤트 기간으로 대환자금대출 신청시 발생하는 이자 비용까지 ‘0원’이라는 사실이다. 대환자금에 대해서 하루의 대출이자도 부담하지 않고 기존 고금리 대출을 저금리로 전환할 수 있어, 고금리 부담에 시달리던 투자자들에게 큰 호응을 얻을 전망이다.이 서비스는 부동산 시장에서 흔히 이용되던 대환대출 개념을 증권시장에 도입한 혁신적인 시도로, 주식 투자자들의 자금 운용에 새로운 대안을 제시할 것으로 기대된다.무빙스탁 ‘증권사 신용, 대환자금대출’의 비용 무료 이벤트는 이벤트 기간 동안 한정적으로 제공되는 만큼, 신용융자를 이용 중인 투자자라면 지금 바로 확인해볼 필요가 있다.★ 장마감 시간이 가까워질수록 문의가 많아 상담이 지연될 수 있습니다.★ 7월 문의하신 고객들이 많이 보유하신 종목으로는 삼성전자, POSCO홀딩스, 셀트리온, 포스코퓨처엠, 에코프로비엠, NAVER, 에코프로, 삼성SDI, LG화학, SK하이닉스, 두산에너빌리티, 카카오, SK이노베이션, LG에너지솔루션, 엘앤에프, 삼천당제약, 현대차, 알테오젠, HPSP, LG전자 등이 있습니다.★ 안내사항과도한 빚은 당신에게 큰 불행을 안겨줄 수 있습니다. 대출 시 신용등급 하락으로 다른 금융거래가 제약받을 수 있습니다. 중개수수료를 요구하거나 받는 것은 불법입니다.상호명: ㈜단비대부 2021-서울영등포-2102(대부업) | TEL: 1544-4886 | 대출금리: 연 20%이내(연체금리는 약정금리+3%p이내, 최대 연 20%이내) | 단, 2021. 7. 7.부터 신규체결, 갱신, 연장되는 계약에 한함 | 채무의 조기상환 조건 및 부대비용 없음. (단, 신용조회비용 및 담보권설정비용 있음), 이자 외 별도로 중개수수료를 요구하거나 수취하는 것은 불법입니다. | 대표이사: 박동원 | 사업자등록번호: 274-86-00231 | 등록기관명칭: 서울 영등포구청(담당부서: 일자리경제과, 02-2670-3420) | 소재지 : 서울 영등포구 여의대방로67길 11, 5층 517호 | 개인정보관리자메일: help@danbifund.co.kr무료상담",https://www.hankyung.com/article/202507047510a,2025.07.04 08:43
"증권사 신용대출, 3%대 금리로 바꾸는 가장 쉬운 방법",,"전송종목 : 코웨이, 포스코DX, 롯데쇼핑, 기업은행, 동서최근 주식 투자자들 사이에서 주식대출(미수/신용융자 등)의 고금리에 대한 부담이 커지고 있다.특히 저금리를 적용 받고 싶어도, 기존 대출을 상환하고 다시 주식을 매수해야 하는 번거로운 절차와 자금 조달의 어려움이 발목을 잡고 있다.이런 현실적인 문제를 해결하고자, 무빙스탁이 ‘증권사 신용, 대환자금대출’ 서비스를 전격 출시했다.이 상품은 주식을 매도하지 않고도, 기존의 고금리의 주식대출(미수/신용융자 등)의 3%대의 혁신적인 저금리 증권사로 전환할 수 있도록 상환자금을 제공하는 것이 핵심이다.무빙스탁 관계자는 “현재 증권사 이벤트 금리는 연 3%대 수준으로, 기존 9~10%대 고금리를 적용받는 투자자라면 절감 효과가 상당하다”며, 금리를 5%만 낮추면 “1억원 신용대출 기준으로 연간 약 500만원, 3억원이라면 1,500만원까지도 절약할 수 있다”고 밝혔다.더 놀라운 점은, 현재는 이벤트 기간으로 대환자금대출 신청시 발생하는 이자 비용까지 ‘0원’이라는 사실이다. 대환자금에 대해서 하루의 대출이자도 부담하지 않고 기존 고금리 대출을 저금리로 전환할 수 있어, 고금리 부담에 시달리던 투자자들에게 큰 호응을 얻을 전망이다.이 서비스는 부동산 시장에서 흔히 이용되던 대환대출 개념을 증권시장에 도입한 혁신적인 시도로, 주식 투자자들의 자금 운용에 새로운 대안을 제시할 것으로 기대된다.무빙스탁 ‘증권사 신용, 대환자금대출’의 비용 무료 이벤트는 이벤트 기간 동안 한정적으로 제공되는 만큼, 신용융자를 이용 중인 투자자라면 지금 바로 확인해볼 필요가 있다.★ 장마감 시간이 가까워질수록 문의가 많아 상담이 지연될 수 있습니다.★ 7월 문의하신 고객들이 많이 보유하신 종목으로는 삼성전자, POSCO홀딩스, 셀트리온, 포스코퓨처엠, 에코프로비엠, NAVER, 에코프로, 삼성SDI, LG화학, SK하이닉스, 두산에너빌리티, 카카오, SK이노베이션, LG에너지솔루션, 엘앤에프, 삼천당제약, 현대차, 알테오젠, HPSP, LG전자 등이 있습니다.★ 안내사항과도한 빚은 당신에게 큰 불행을 안겨줄 수 있습니다. 대출 시 신용등급 하락으로 다른 금융거래가 제약받을 수 있습니다. 중개수수료를 요구하거나 받는 것은 불법입니다.상호명: ㈜단비대부 2021-서울영등포-2102(대부업) | TEL: 1544-4886 | 대출금리: 연 20%이내(연체금리는 약정금리+3%p이내, 최대 연 20%이내) | 단, 2021. 7. 7.부터 신규체결, 갱신, 연장되는 계약에 한함 | 채무의 조기상환 조건 및 부대비용 없음. (단, 신용조회비용 및 담보권설정비용 있음), 이자 외 별도로 중개수수료를 요구하거나 수취하는 것은 불법입니다. | 대표이사: 박동원 | 사업자등록번호: 274-86-00231 | 등록기관명칭: 서울 영등포구청(담당부서: 일자리경제과, 02-2670-3420) | 소재지 : 서울 영등포구 여의대방로67길 11, 5층 517호 | 개인정보관리자메일: help@danbifund.co.kr무료상담",https://www.hankyung.com/article/202507083728a,2025.07.08 08:53
'이러다 40대가 막내될 판' 삼성맨도 한탄…무슨 일이,"대기업, 20대 직원 비중 2년 만 '급락'
""불확실성 속 신입보다 경력직 선호""","사진=게티이미지뱅크 

                국내 대기업 20대 직원 비중이 2년 사이 25%에서 21%로 급락했다. 대기업 인력 구조가 노화하는 가운데 청년들의 취업문이 더 좁아지고 있단 분석이다.16일 기업데이터연구소 CEO스코어가 매출액 기준 국내 100대 기업 중 2025년 지속가능경영보고서를 공시한 67곳을 대상으로 2022~2024년 연령대별 임직원 수 및 비중을 조사한 결과에 따르면 이들 기업의 20대 임직원 비중은 △2022년 24.8% △2023년 22.7% △2024년 21%로 2년 만에 3.8%포인트 감소했다.임직원 수로 보면 △29만1235명 △26만4091명 △24만3737명으로 2년 만에 4만7498명 줄었다.조사 대상 대기업의 절반이 넘는 38곳(56.7%)에서 20대 임직원 수가 줄었다. 반면 이 기간 30대 이상 임직원 수는 △88만747명 △90만829명 △91만5979명으로 3만5232명 늘었다.업체별로 보면 삼성디스플레이의 20대 비중이 43.8%에서 28.4%로 15.4%포인트 줄어 하락 폭이 가장 컸다.이어 △SK온(12.3%포인트) △LG이노텍(8.9%포인트) △SK하이닉스(8.8%포인트) △삼성SDI(7.9%포인트) △네이버(7.1%포인트) △삼성전자(6.6%포인트) △한화솔루션(6.4%포인트) △삼성전기(5.9%포인트) △LG디스플레이(5.6%포인트) 등 순이었다.반면 20대 직원이 늘어난 기업도 있다. 한화에어로스페이스는 최근 방산업 호조에 힘입어 20대 고용 비중이 7.5%에서 15.8%로 8.3%포인트 급증했다.이어 △LX인터내셔널(6.7%포인트) △SK에너지(5.3%포인트) △삼성E&A(5.2%포인트) △에쓰오일(4.7%포인트) △현대제철(4.6%포인트) △현대글로비스(4.2%포인트) △SK지오센트릭(3.7%포인트) △두산에너빌리티(3.7%포인트) △한온시스템(3.4%포인트) 등이다.4대 그룹별로 매출이 가장 큰 대표 기업을 살펴본 결과 삼성전자는 20대 비중이 2022년 30.8%에서 2024년 24.2%로 감소했다. SK하이닉스는 29.6%에서 20.8%로 하락 폭이 두드러졌다. 반면 현대차는 20.8%에서 21.8%로 높아졌고, LG전자 역시 17.0%에서 18.0%로 꾸준히 20대 비중을 늘렸다.조원만 CEO스코어 대표는 ""경제적 불확실성이 커진 상황에서 기업들이 신입 공채를 전면 폐지 또는 축소하거나 수시 채용으로 전환하고, 경력직을 선호하는 경향이 크게 영향을 미친 것 같다""고 말했다.이송렬 한경닷컴 기자 yisr0203@hankyung.com",https://www.hankyung.com/article/2025071606237,2025.07.16 06:51
하락에서 상승으로...삼중바닥패턴을 보이는 종목은?,,"경유레카는 한국경제신문의 디지털 미디어인 한경닷컴에서 개발한 개별 종목에대한인공지능(AI) 알고리즘 업체의 투자 의견을 종합한 'AI 컨센서스'를 제공하는 서비스입니다. '한경유레카' 앱은 구글 플레이 스토어 혹은 앱스토어에서 내려받을 수 있습니다.





종목추천 서비스 종합 플랫폼 한경유레카에 입점한 뉴지랭크가 전거래일(15일) 링크솔루션을 추천하여 수익률 9.7%를 기록했다.세배돈은 차트의 패턴분석을 통해 상승가능성이 높은 종목을 추천하는 알고리즘이다. 세배돈은 링크솔루션이 상승 삼중바닥패턴을 보이고 있으며 고성장 가능성이 높은 종목이라면 해당 종목을 추천했다.링크솔루션은 3D프린터 제조 및 출력서비스를 주요 사업으로 하고 있으며 최근 국가보조금을 받으며 성장세를 이어가고 있다.한경유레카에서 신규가입을 하고 세배돈을 구독하면 1개월간 무료로 추천종목을 문자로 받아볼 수 있다.  본 글은 투자 참고용입니다.아우토크립트 NAVER 우리기술투자 카카오 이닉스",https://www.hankyung.com/article/202507160812a,2025.07.16 12:16
"휴비즈, '소셜아이어워드 2025' 공공 혁신대상 등 6년 연속 수상",,"종합홍보대행사 휴비즈(대표 정재학)는 한국인터넷전문가협회가 주최하고 아이어워즈위원회가 주관하는 ‘소셜아이어워드 2025’ 5개 분야에서 대상을 수상했다고 15일 밝혔다. 이번 수상으로 휴비즈는 해당 어워드에서 6년 연속 수상이라는 기록을 이어가게 됐다.올해로 7회째 맞는 ‘소셜아이어워드’는 4000여 명의 아이어워즈 평가위원단이 체계적이고 엄격한 심사 과정을 통해 서비스, 디자인, 브랜드, 마케팅, 콘텐츠 측면에서 가장 혁신적이고 우수한 소셜 서비스를 선정해 시상하는 행사다. 이번 ‘소셜아이어워드 2025’에서는 총 6개 플랫폼별 9개 부문, 50개 분야에 걸쳐 273개 업체가 참여해 총 335개의 소셜 인터넷서비스를 등록했으며, 지난 3일 한국인터넷전문가협회가 수상작을 발표했다. 휴비즈는 이번 시상식에서 ▲공공 혁신대상 – 우정사업본부 인스타그램 ▲공공부문 통합대상 – 한국고용정보원 유튜브 ▲교육분야 유튜브 대상 – 인천광역시교육청 유튜브 ▲공공기관분야 인스타그램 대상 – 서울올림픽기념국민체육진흥공단 인스타그램 ▲의료분야 인스타그램 대상 – 국민건강보험일산병원 인스타그램 등 총 5개 분야에서 대상을 수상했다.‘공공 혁신대상’을 받은 우정사업본부 인스타그램은 디자인, 브랜드, 콘텐츠 항목에서 ‘매우 우수’ 평가를 받았다. 휴비즈는 우체국 브랜드의 공공성과 신뢰도를 높이는 대국민 커뮤니케이션 채널로 발전시키기 위해 카테고리별로 유의미한 콘텐츠 발행과 소통을 지속적으로 추진하고 있다. 한국고용정보원 유튜브는 브랜드, 콘텐츠, 서비스, 디자인 항목에서 우수하다는 평가와 함께 ‘공공부문 통합대상’으로 선정됐다. 이 채널은 국민 누구나 쉽고 흥미롭게 고용과 직업 관련 정보를 접할 수 있도록 기획된 공식 영상 채널로써 다양한 포맷을 활용해 운영되고 있다.휴비즈는 유튜브·인스타그램·네이버 블로그·페이스북 등 다양한 SNS 플랫폼과 뉴미디어를 통해 트렌드 및 클라이언트 맞춤형 온라인마케팅 서비스를 제공하고 있다. 소셜아이어워드에서만 6년 연속 수상했으며, 특히 최근 3년간 유튜브 최고대상, 공공 혁신대상 등을 매해 수상한 바 있다. 정재학 대표는 “휴비즈의 가장 큰 경쟁력은 뛰어난 파트너십이다. 클라이언트에게 더 큰 성과를 제공하는 것은 물론이고, 마케팅, 디자인, 영상(촬영·구성·편집), 드로잉, 개발 등의 다양한 분야별 전문 실무진을 배치해 믿고 맡길 수 있는 대행사로 인식되고 있다”라며 “6년 연속 어워드 수상은 휴비즈만의 노하우로 이뤄낸 당연한 결과”라고 밝혔다. 이어 “앞으로도 좋은 클라이언트와 함께하며 온라인 마케팅 업계를 선도하는 기업으로 거듭날 것”이라고 덧붙였다.한경닷컴 뉴스룸 open@hankyung.com",https://www.hankyung.com/article/202507150036O,2025.07.15 17:14
"""갈아탔어요""…네이버 영상 공개되자 스트리머들 '난리'","""네이버로 옮겨"" 스트리머들 대거 이적…미디어 판 '흔들'

네이버, 미디어 기술 고도화 '총력'
XR 관련 미디어 기술 개발 주력
안드로이드 기반 XR 콘텐츠 플랫폼 준비","네이버 1784 사옥에 마련된 버추얼 콘텐츠 특화 스튜디오 '비전스튜디오' 화면에 모션스테이지에서 움직이고 있는 회사 관계자의 움직임이 구현되고 있다. 영상=김대영 기자

네이버가 독자적 미디어 기술력을 바탕으로 자사 영상 콘텐츠 생태계에서도 온서비스 AI 전략을 이어가겠다는 구상을 공개했다. 가상현실(VR) 기기 보급이 대중화하는 흐름에 맞춰 확장현실(XR) 관련 미디어 기술 개발에 주력해 온·오프라인을 넘나드는 미디어 경험을 제공하겠다는 목표다. 네이버는 지난 16일 오후 경기 성남 그린팩토리에서 '네이버 이머시브 미디어 플랫폼 테크 포럼'을 열고 연내 AI가 접목된 다양한 영상 기술과 XR 콘텐츠 플랫폼 등을 순차적으로 공개한다고 밝혔다. 네이버가 영상 중심 서비스를 선보인 것은 2012년. 네이버는 당시 'NAVER TV 캐스트'를 선보였고 이후 NOW, VLIVE 등을 공개했다. 현재는 쇼핑라이브·치지직 등 상호작용이 중시되는 고화질 라이브 스트리밍 서비스를 앞세워 대형 쇼핑 행사나 K팝 콘서트도 실시간 시청 가능한 수준의 영상 기술력을 확보했다는 설명이다. 네이버는 독자 구축한 △미디어 AI △XR 스튜디오 △버추얼 스트리밍 등 '비전 테크 트라이앵글' 기술을 선보이면서 서비스 전반에 실감형 미디어 경험을 확대하는 데 주력하고 있다. 실제로 지난해엔 'AI 인코드' 기술을 도입해 영상 품질을 유지하면서 단위 시간당 전송률 부담을 최대 30% 낮출 수 있는 독자 기술을 고안했다. AI 모델이 최적화한 인코딩 결과물을 창출하고 이는 동영상 압축, 이미지 최적화, 실시간 스트리밍 최적화 등에 두루 활용되고 있다. 사업자·치지직 슽리머 등 콘텐츠 생산자들은 안정적인 스트리밍을 진행할 수 있고 사용자는 더 빠르게 영상을 볼 수 있는 미디어 환경이 갖춰진 것. 네이버는 AI로 영상 맥락을 심층적으로 이해하는 기술인 'MUAi' 플랫폼을 연내 확대해 선보인다. 저작권 관리, 유해성·저품질 영상 감지 기술 기반을 고도화하는 것이다. 올해는 영상 이해 기술 범위를 넓혀 영상 챕터를 구분하고 설명하는 '오토 챕터' 기술로 사용자 경험을 개선한다. 또 태그·분위기·장소·액티비티·감정 등 영상 세부 내용을 분석하고 메타 데이터화해 네이버 피드의 추천을 고도화한다. 텍스트 콘텐츠를 영상으로 자동 변환하는 '오토클립Ai'도 고액한다. 멀티모달 거대언어모델(LLM)을 활용해 블로그 맥락을 이해하고 요약한 당므 숏폼에 최적화된 내용을 자동 생성하는 기술이다. 이를 활용하면 블로그 창작자도 간편하게 숏폼을 제작하고 '클립'을 기반으로 활동 영역을 넓힐 수 있게 된다. 
                    



네이버 1784 사옥에 조성된 버추얼 콘텐츠 특화 스튜디오 '비전스튜디오'. 사진=김대영 기자

                네이버는 1784 사옥에 구축한 버추얼 콘텐츠 특화 스튜디오인 '비전스테이지'와 '모션스테이지'도 미디어 기술 경쟁력 중 하나로 강조하고 있다. 비전스테이지는 다양한 주제에 맞춰 초현실화한 가상 배경을 제공하는 스튜디오다. 커머스·숏폼·드라마·영화 제작에도 활용 가능하다. 모션스테이지는 고품질 3D 콘텐츠를 제작하려는 치지직 스트리머들이 활용할 수 있도록 전문 기술력과 인력을 지원하는 스튜디오다. 캐릭터에 움직임을 부여하고 가상 배경을 혼합해 끊김 없는 실시간 방송이 가능하다. 치지직 대표 버추얼 스트리머들과 모션스테이지를 활용한 프로젝트를 공개하자 타 플랫폼에서 활동하던 버추얼 스트리머들이 치지직으로 대거 이적한 것으로 나타났다. 라이브 스트리밍 앱 프리즘 라이브 스튜디오에선 모바일로 3D 아바타 기반의 콘텐츠를 제작하도록 지원한다. 이 앱은 2019년 정식 출시됐고 현재 누적 기준 9300만건이 넘는 방송을 송출했다. 또 하루 평균 약 13만건의 라이브가 진행된다. 전체 사용자 중 약 90%는 해외 사용자다. 전 세계 동종 송출 앱 상위 20위 내에서 약 47%의 다운로드 점유율을 차지하고 있다. 국내 다운로드 점유율은 80%로 해당 분야 1위를 달린다. 네이버는 안정적 송출을 구현하기 위해 자체 개발한 ABP 기술을 적용해 실시간 네트워크 상태에 맞춰 영상 품질을 자동 조정한다. 모바일 환경에서도 고품질 아바타 라이브 방송이 가능하도록 기술장벽을 낮췄다. 누구나 3D 아바타를 활용한 콘텐츠를 제작할 수 있도록 한 것이다. 네이버 클로바의 스피치 기술로 라이브 방송 음성을 텍스트로 변환하는 AI 스크립트 기능도 활용 가능하다. 
                    



네이버 1784 사옥에 마련된 버추얼 콘텐츠 슽과 스튜디오 비전스튜디오 내 모션스테이지에서 회사 관계자가 영상 콘텐츠 구현을 위해 움직이고 있다. 사진=네이버 제공

                네이버는 미디어 기술 고도화의 다음 목표로 XR 콘텐츠 시장을 노리고 있다. XR은 증강현실(AR)·VR·혼합현실(MR)을 포괄하는 기술로 전 세계 콘텐츠 시장에서 가장 주목받는 분야다. 네이버는 안드로이드 운영체제 기반의 XR 콘텐츠 플랫폼을 준비하고 있다. 김성호 네이버 이머시브 미디어 플랫폼 리더는 ""네이버는 가상현실과 혼합현실의 대중화가 가속화하며, 곧 도래할 VR 기기의 보급 및 대중화 시대를 맞이해 XR 관련 미디어 기술력 개발에 주력하고 있다”며 “이번에 선보인 비전 AI 창작 기술들의 고도화를 통해 네이버의 주요 서비스 분야에서 창작의 활성화를 이끌고 사용자들에게 온·오프라인을 넘나드는 생생한 미디어 경험을 제공할 수 있도록 관련 콘텐츠와 플랫폼을 개발할 예정""이라고 했다. 김대영 한경닷컴 기자 kdy@hankyung.com",https://www.hankyung.com/article/202507173886g,2025.07.17 11:00
클릭하면 상품 판매 페이지로…'쿠팡에 맞불' 네이버도 뛰어들었다,"제휴 솔루션 '쇼핑 커넥트' 정식 출시
네이버 창작 UGC 콘텐츠와 시너지
창작자와 판매자 수익 분배 자율성↑
쿠팡 파트너스와 차별화","네이버가 제휴 마케팅 서비스 '쇼핑 커넥트'를 정식 출시했다. 사진=네이버 

                네이버가 창작자 제휴 설루션(솔루션) '쇼핑 커넥트'를 정식 출시했다.네이버의 블로그, 카페 등 사용자 제작 콘텐츠(UGC)를 차별점 삼아 창작자와 판매자를 연결하는 어필리에이트(제휴) 마케팅 시장에 본격 진출한 것이다. 국내 이커머스 시장이 쿠팡·네이버 양강 구도가 굳어지는 상황에서 네이버가 쿠팡의 제휴 마케팅 솔루션인 '쿠팡 파트너스' 대항마로 쇼핑 커넥트를 출시한 것으로 풀이된다.네이버는 23일 쇼핑 커넥트를 정식 출시했다고 밝혔다. 쇼핑 커넥트는 네이버의 창작자 제휴 전문 플랫폼 '브랜드 커넥트'에 새롭게 추가된 솔루션이다. 스마트스토어 사업자와 창작자가 협업해 상품을 홍보·판매하고 판매 실적에 따라 수익을 공유할 수 있는 게 특징이다.실제로 제휴 마케팅 시장 규모는 전 세계적으로 커지고 있다. 시장조사업체 비즈니스 리서치 인사이트에 따르면 글로벌 제휴 마케팅 시장은 지난해 174억2200만 달러 규모를 달성했다. 2033년까지 627억 달러까지 시장이 성장할 것으로 전망된다.국내에서도 제휴 마케팅 시장은 확대되고 있다. 쿠팡의 '쿠팡 파트너스'가 대표적이다. URL을 클릭하면 상품 판매 페이지로 넘어가는 구조 자체는 유사한데, 네이버는 ""수익 분배 자율성과 UGC 활용이 쿠팡 파트너스와 차별화된 지점""이라고 설명했다.네이버 관계자는 ""쿠팡은 창작자와 판매자가 나눠 갖는 수익 분배 비율이 정해져 있는 것으로 알고 있다""며 ""네이버는 판매자의 마케팅 전략에 따라 제휴 비율을 조정할 수 있게 했다. 창작자의 수익 비율을 높이면 인기 있는 인플루언서와 매칭될 확률이 높아지고 낮추면 저렴하게 마케팅을 전개할 수 있는 식이다""라고 설명했다.네이버는 지난 4~6월 베타 서비스를 운영했는데 누적 52만 개 이상의 상품이 쇼핑 커넥트에 연동됐다.쇼핑 커넥트는 일반적 제휴 모델과 달리 판매자들이 자율적으로 전략에 따라 제휴 상품부터 수익 분배 비율까지 설정할 수 있다. 창작자 역시 상품별 수익 분배 비율을 투명하게 확인 가능해 효율적인 제휴 마케팅이 가능하다. 네이버는 1억원 이상의 수익을 달성한 창작자도 등장해 실질적인 수익 창출이 가능했다고 설명했다.네이버는 10여년간 쌓아온 UGC와 커머스에 대한 노하우 제휴 마케팅을 차별화하겠다는 전략이다. 블로그, 클립, 치지직 등 다양한 유형의 네이버 생태계 창작자들은 스마트스토어 사업자와 함께 협업해 수익 창출을 할 수 있다. 창작자들은 자신의 전문성과 개성을 살릴 수 있는 제품의 링크를 발급해 콘텐츠를 제작하면 된다.네이버는 또 크리에이터 전용 대시보드 등 정산 과정과 성과 분석을 손쉽게 확인할 수 있는 데이터 분석 도구 제공을 통해 창작자들의 원활한 콘텐츠 제작과 효과적인 수익 창출을 지원한다. 이외에도 다양한 버티컬 서비스와 밀접하게 연결될 수 있도록 관련 서비스를 지속해서 고도화할 예정이다. 가령 지난 5월 중 클립에 쇼핑 커넥트 전용 스티커 기능을 도입한 이후 6월 중 클립을 통한 쇼핑 커넥트 유입은 4배 넘게 증가했다.베타 서비스 개시 후 브랜트 커넥트 플랫폼에 대한 관심도 늘어났다. 전체 제휴 캠페인 등록 수는 약 270%, 창작자 보상 규모는 670% 이상 확대됐다.김선민 브랜드 커넥트 플래닝 리더는 “지난 10여년간 축적해온 UGC 및 커머스 서비스 경험을 기반으로, 쇼핑 커넥트 정식 출시 이후 더 많은 스마트스토어 사업자와 크리에이터들이 참여해 더욱 다채로운 제휴와 협업이 이뤄지고, 판매자와 창작자가 보다 안정적으로 수익을 창출할 수 있도록 전방위적인 지원을 강화해 나갈 것""이라고 말했다.박수빈 한경닷컴 기자 waterbean@hankyung.com",https://www.hankyung.com/article/202507236342g,2025.07.23 13:58
"""세입자 씨가 말랐어요""…몸값 2.5억 낮춰서 집 내놓는 동네","'반포 대장' 노리는 단지도 ""2억 낮췄다""…규제 폭탄에 '난리'
""세입자 찾기 쉽지 않다""…집주인 '세입자 모시기' 안간힘

서초구 잠원동 '메이플자이' 입주…""일부 집주인 전셋값 낮춰""
동대문구 휘경동 '휘경자이 디센시아'…""대출 어려운 물건 다수""","서울 서초구 잠원동 '메이플자이' 전경. 사진=호갱노노 캡쳐

                ""최근 '메이플자이' 전용면적 84㎡ 전세 매물도 처음보다 몸값을 2억5000만원이나 낮췄습니다. 대출 규제 이후에 세입자 찾기가 쉽지 않습니다.""(서울 서초구 잠원동에 있는 부동산 공인 중개업소 관계자)입주가 진행 중인 분양 단지에서 집주인들이 세입자 모시기에 안간힘을 쓰고 있다. 전셋값을 큰 폭으로 조정해도 세입자가 전세를 들어가지 못하는 상황이기 때문이다. 정부가 지난달 28일부터 대출 규제를 시행하면서 '소유권 이전 조건부 전세대출'을 내주지 않기로 해서다. 쉽게 얘기해 집주인이 세입자를 받아 잔금을 치르려 한다면 대출이 안 나온다는 얘기다.7일 네이버 부동산과 현지 부동산 공인중개업소 등에 따르면 서울 서초구 잠원동 '메이플자이' 전용면적 84㎡ 전세 물건 가운데 적게는 수천만원에서 많게는 수억원까지 낮춘 물건이 쏟아지고 있다.한 전용 84㎡ 매물은 처음에 전세를 내놨을 때 가격이 17억원이었는데 3차례 가격을 낮춰 14억5000만원까지 하락했다. 또 다른 매물 역시 마찬가지 17억원에 전세 물건을 등록했는데 4차례 가격을 내려 14억5000만원까지 하락했다.전용 59㎡도 비슷하다. 이 단지 한 전용 59㎡ 전세 물건은 13억원에 처음 전세를 내놨는데 2차례 전셋값을 내려 11억4000만원까지 내려왔다. 다른 전용 59㎡ 전세 물건도 3000만~5000만원가량 가격이 낮아지기도 했다.전용 84㎡ 기준으로 15억원 안팎에 전셋값이 형성됐다. 지난달 30일 입주를 시작하고 8월 말까지가 입주 예정일인 이 단지는 잔금 납부를 앞두고 대출 규제가 강화하면서 전셋값을 내려서라도 세입자를 구하려는 사례가 늘고 있다.잠원동에 있는 A 공인 중개 관계자는 ""어떤 전세 물건은 12억원에서 11억원으로 1억원을 낮추는 등 사정 급한 집주인들의 경우 가격을 큰 폭으로 낮추고 있다""고 전했다.다만 입주 지정 기간이 남은 만큼 일단은 상황을 보면서 대응하겠단 집주인도 적지 않은 상황이다.인근에 있는 B 공인 중개 관계자는 ""여유가 있는 집주인들은 잔금을 자신이 보유한 자금으로 잔금을 치르고 추후에 세입자를 들이겠다는 경우도 많다""며 ""이 동네 전셋값이 원래도 높았기 때문에 세입자들도 어느 정도 현금을 보유하고 있는 경우가 있다. 이런 세입자들은 전세 대신 반전세로 눈을 돌려 집을 구하는 중""이라고 설명했다.
                    



서울시 동대문구 휘경동 '휘경자이디센시아' 사진=호갱노노 캡쳐

                동대문구 휘경동 '휘경자이 디센시아'도 사정이 비슷하다. 지난달 30일 입주를 시작한 이 단지는 입주 지정 기간이 오는 9월 1일까지다. 애초에 물량이 적었던 전용 84㎡의 경우 큰 폭의 가격 조정은 없지만, 물량이 많은 전용 59㎡의 경우 수천만원 가격을 내린 매물이 나오고 있다.휘경동에 있는 B 공인 중개 관계자는 ""일대 아파트가 많이 없어 가격이 좋은 물건들은 이미 계약이 빠르게 이뤄지고 있었던 상황""이라면서 ""현재 남은 전세 물건 중 대출받아서 들어갈 수 있는 전세 물건은 거의 없는 것으로 안다. 집주인이 잔금은 완납하고 전세를 놓은 물건들은 이미 계약을 마쳤다""고 귀띔했다.입주 단지에서 집주인들 발등이 불이 떨어진 것은 정부가 지난달 28일부터 시행한 초강도 대출 규제 때문이다.전세 낀 주택을 매수하는 갭투자에 주로 활용된 '소유권 이전 조건부 전세대출'이 수도권에서 전면 금지됐다. 아파트를 분양받은 집주인이 세입자를 들여 전세금으로 잔금을 치르는 방식이 많았는데, 이번 대출 규제로 이 방식을 쓰기 어려워졌다.하반기 서초구 방배동 '래미안원페를라'(1097가구), 강남구 청담동 '청담르엘'(1261가구), 송파구 신천동 '잠실래미안아이파크'(2678가구) 등 서울 주요 대단지들이 입주를 앞두고 있는데 이들 단지에서도 혼란이 이어질 것이란 전망이 많다.한편 이 밖에도 이번 대출 규제로 주택담보대출 한도가 6억원으로 제한되고, 은행권 주담대 만기가 30년으로 축소됐다. 여기에 이달부터는 3단계 스트레스 DSR(총부채원리금상환비율)도 시행돼 주담대 문턱은 더 높아졌다.한 부동산 시장 전문가는 ""당장 고강도 대출 규제가 시행돼 시장은 침체 분위기가 이어질 것""이라면서도 ""다만 추가적인 공급 신호 등이 동반돼야 시장이 안정적으로 자리 잡을 수 있을 것""이라고 내다봤다.이송렬 한경닷컴 기자 yisr0203@hankyung.com",https://www.hankyung.com/article/2025070725586,2025.07.08 06:25
"""드디어 '8만전자' 가나"" 두근두근…'파격 전망' 나왔다 [선한결의 이기업 왜이래]","삼성전자 연중 최고가…4일째 상승 행진
26만 개미투자자 '드디어 평균 수익 전환'  
증권가 “실적 저점 통과 중”","사진=뉴스1

                삼성전자 주가가 외국인 매수세에 힘입어 연중 최고치를 연일 새로 쓰고 있다. 주가가 오르면서 개인투자자 상당수 수익률도 ‘플러스’로 돌아섰다. 증권가 안팎에선 삼성전자가 작년 9월 이후 10개월만에 ‘7만전자’가 될 수 있을지 주목하는 분위기다.   26만 개인투자자 '드디어 수익권'18일 삼성전자는 0.6% 오른 6만7100원에 장을 마감했다. 이날까지 4거래일 연속 상승해 연중 최고가를 새로 썼다. 이날 삼성전자 종가는 네이버페이 ‘내 자산’ 서비스와 증권 계좌를 연동한 삼성전자 투자자 26만6186명의 평균 매수 단가 6만7054원을 0.07% 웃돈다. 올들어 처음으로 이 종목에 투자한 개인투자자들의 평균 수익 여부가 ‘빨간불’로 돌아선 셈이다.삼성전자는 올초부터 지난달 말까지 11.99% 상승했다. 같은 기간 코스피지수는 28.04% 오른 것에 비하면 시총 1위 호칭이 무색한 상승세다. 이 기간 SK하이닉스가 70.56% 뛴 것을 고려하면 더욱 상대적으로 부진한 상승세를 보였다. 하지만 이달 들어선 상황이 바뀌었다. 외국인 투자자가 삼성전자 주식을 대거 사들이면서 주가가 본격적으로 반등했다. 외국인은 이달 1일부터 18일까지 삼성전자 주식을 1조8767억8349만원어치 순매수했다. 이 기간 외국인 국내 주식 순매수 1위다. 이날 삼성전자 외국인 지분율은 50.08%로, 지난 4월 25일 이후 처음으로 50%를 넘었다.이같은 외인 매수세에 삼성전자 주가는 이달 1~18일 11.46% 상승했다. 같은 기간 코스피지수 상승률(3.19%)을 크게 앞질렀다. 증권가 ""7만전자 간다…8만도 가능""증권가는 삼성전자의 주가가 더 오를 여력이 있다고 보는 분위기다. 이달 중 삼성전자에 대한 투자의견을 낸 22개 증권사의 평균 목표주가는 7만5860원이다.지난 8일 삼성전자의 잠정 실적 발표 이후 현대차증권·다올투자증권·DS투자증권이 각각 제시한 7만1000원이 이달 들어 가장 낮은 목표가다. 반면 같은 기간 KB증권은 8만2000원, LS증권은 8만3000원을 제시했다.삼성전자는 시장 전망치를 크게 밑도는 올 2분기 잠정 실적을 발표했다. 연결 기준으로 영업이익은 지난해 같은 기간에 비해 55.94% 감소한 4조6000억원을 냈다. 삼성전자 분기 영업이익이 5조원 아래로 내려간 것은 2023년 4분기 이후 6개분기만이다. 매출은 74조원으로 전년동기 대비 0.09%, 전 분기 대비 6.49% 줄었다.시장에선 삼성전자가 ‘실적 바닥’을 통과하고 있다는 분석이 나온다. 김운호 IBK투자증권 연구원은 “2분기를 저점으로 실적이 개선될 것”이라며 “고대역폭메모리(HBM) 상황도 지금보다 악화되진 않을 것”이라고 말했다.일각에선 최근 미국이 중국에 대한 AI GPU 수출 재개를 허가한 게 삼성전자에 기회가 될 수 있다는 전망도 나온다. 미국 정부는 최근 엔비디아의 H20칩 중국 수출을 허가했다. H20은 엔비디아가 미국의 반도체 수출 규제를 우회하기 위해 사양을 낮춰 만든 AI 칩이다. 삼성전자는 지난해부터 엔비디아 H20 제품에 4세대 HBM인 HBM3을 공급해왔다. 엔비디아의 H20 중국 수출이 재개되면 삼성전자의 HBM 매출도 그만큼 늘어날 수 있다. 차용호 LS증권 연구원은 “H20 판매와 H20 울트라 출시가 재개된다면 삼성전자에 기회가 될 것”이라고 말했다.  ""2분기가 실적 저점…주가 여전히 저평가""증권가에선 연내 삼성전자 주가 향배 관건으로 HBM의 엔비디아 공급망 진입, 파운드리 사업 적자 축소 등을 꼽고 있다. HBM3E 12단 개선제품의 엔비디아 퀄 테스트 통과와 HBM4(6세대) 제품의 양산, 파운드리 수익성 개선 등이 실적 돌파구가 될 수 있다는 전망이다.김영건 미래에셋증권 연구원은 “최근 글로벌 가속기 산업의 구매 주체들은 엔비디아·TSMC·SK하이닉스로 이어지는 단일 공급망 체제에 의존하고 있다”며 “이에 대한 유일한 대안은 삼성전자의 경쟁력 회복”이라고 분석했다. 류형근 대신증권 연구원은 “삼성전자는 여전히 ‘좋은 주식’이 될 수 있다고 본다”며 “범용반도체 경쟁력 강화, 파운드리 적자 축소 등 사업 경쟁력 회복 조짐이 일부 보이고 있고, 비영업 부문에서의 효율화 노력, 추가 주주환원 기대감 등을 고려하면 주가가 여전히 저평가 상태”라고 분석했다. 노근창 현대차증권 리서치센터장은 “현재 삼성전자 주가는 기간 조정이 마무리되는 구간”이라며 “올 2분기가 실적 저점으로 예상되는 만큼, 저점 매수가 유효한 전략”이라고 진단했다.선한결 기자 always@hankyung.com",https://www.hankyung.com/article/202507200206i,2025.07.21 05:33
신용대출 이자 절감 꿀팁! 증권사 3%대 대출 전환법 공개,,"전송종목 : 네패스, 무학, NICE, 한국기업평가, 백산최근 주식 투자자들 사이에서 주식대출(미수/신용융자 등)의 고금리에 대한 부담이 커지고 있다.특히 저금리를 적용 받고 싶어도, 기존 대출을 상환하고 다시 주식을 매수해야 하는 번거로운 절차와 자금 조달의 어려움이 발목을 잡고 있다.이런 현실적인 문제를 해결하고자, 무빙스탁이 ‘증권사 신용, 대환자금대출’ 서비스를 전격 출시했다.이 상품은 주식을 매도하지 않고도, 기존의 고금리의 주식대출(미수/신용융자 등)의 3%대의 혁신적인 저금리 증권사로 전환할 수 있도록 상환자금을 제공하는 것이 핵심이다.무빙스탁 관계자는 “현재 증권사 이벤트 금리는 연 3%대 수준으로, 기존 9~10%대 고금리를 적용받는 투자자라면 절감 효과가 상당하다”며, 금리를 5%만 낮추면 “1억원 신용대출 기준으로 연간 약 500만원, 3억원이라면 1,500만원까지도 절약할 수 있다”고 밝혔다.더 놀라운 점은, 현재는 이벤트 기간으로 대환자금대출 신청시 발생하는 이자 비용까지 ‘0원’이라는 사실이다. 대환자금에 대해서 하루의 대출이자도 부담하지 않고 기존 고금리 대출을 저금리로 전환할 수 있어, 고금리 부담에 시달리던 투자자들에게 큰 호응을 얻을 전망이다.이 서비스는 부동산 시장에서 흔히 이용되던 대환대출 개념을 증권시장에 도입한 혁신적인 시도로, 주식 투자자들의 자금 운용에 새로운 대안을 제시할 것으로 기대된다.무빙스탁 ‘증권사 신용, 대환자금대출’의 비용 무료 이벤트는 이벤트 기간 동안 한정적으로 제공되는 만큼, 신용융자를 이용 중인 투자자라면 지금 바로 확인해볼 필요가 있다.★ 장마감 시간이 가까워질수록 문의가 많아 상담이 지연될 수 있습니다.★ 7월 문의하신 고객들이 많이 보유하신 종목으로는 삼성전자, POSCO홀딩스, 셀트리온, 포스코퓨처엠, 에코프로비엠, NAVER, 에코프로, 삼성SDI, LG화학, SK하이닉스, 두산에너빌리티, 카카오, SK이노베이션, LG에너지솔루션, 엘앤에프, 삼천당제약, 현대차, 알테오젠, HPSP, LG전자 등이 있습니다.★ 안내사항과도한 빚은 당신에게 큰 불행을 안겨줄 수 있습니다. 대출 시 신용등급 하락으로 다른 금융거래가 제약받을 수 있습니다. 중개수수료를 요구하거나 받는 것은 불법입니다.상호명: ㈜단비대부 2021-서울영등포-2102(대부업) | TEL: 1544-4886 | 대출금리: 연 20%이내(연체금리는 약정금리+3%p이내, 최대 연 20%이내) | 단, 2021. 7. 7.부터 신규체결, 갱신, 연장되는 계약에 한함 | 채무의 조기상환 조건 및 부대비용 없음. (단, 신용조회비용 및 담보권설정비용 있음), 이자 외 별도로 중개수수료를 요구하거나 수취하는 것은 불법입니다. | 대표이사: 박동원 | 사업자등록번호: 274-86-00231 | 등록기관명칭: 서울 영등포구청(담당부서: 일자리경제과, 02-2670-3420) | 소재지 : 서울 영등포구 여의대방로67길 11, 5층 517호 | 개인정보관리자메일: help@danbifund.co.kr무료상담",https://www.hankyung.com/article/202507111597a,2025.07.11 13:08
,,,https://magazine.hankyung.com/job-joy/article/202507248892d,
자기자본 포함 4배 투자금을 DSR 무관으로 신청 당일 즉시?,,"투자자들 사이에서 ‘스탁론’에 대한 관심이 높아지고 있다. 스탁론은 자기자본 포함 최대 4배까지 활용 가능하며 증권사 신용/미수 대환 용도로도 활용 가능해 대표적인 레버리지 수단으로 자리잡은 상태다.그러나 DSR 한도가 스탁론에도 적용된 후 다른 대출, 소득 증빙 문제로 예전처럼 이용하기 어려워졌다. 이와 함께 높아진 금리도 스탁론 이용을 망설이게 만든 원인으로 꼽힌다.그러나 해결책은 있다. 21년 연속 스탁론 업계 1위를 지키고 있는 하이스탁론이 DSR 무관하게 이용할 수 있는 상품은 물론 연 4%대 최저금리로 이용 가능한 상품까지 취급하며 선택의 폭을 넓힌 것이다.




 

◆ 하이스탁론, 연 4%대 업계 최저금리로 추가 투자금은 물론 신용미수 대환까지!<하이스탁론>에서 누구나 부담 없이 스탁론을 경험할 수 있도록 연 4%대 최저금리 상품을 출시했다. 주식매입 용도는 물론 증권사 미수/신용 대환도 가능하며 신용등급 차등 없이 자기자본 포함 최대 4배까지 활용할 수 있다.이와 함께 DSR 한도 때문에 기존 스탁론 이용이 어려웠던 투자자들은 위한 DSR 무관 상품도 취급 중이다. 또한 장중 거래가 어려웠던 투자자를 위한 대체거래소(NXT) 거래도 가능해졌다.<하이스탁론>의 새로운 상품에 대해 자세히 알고 싶은 투자자는 고객상담센터(1599-0313)로 연락하면 대출 여부와 상관없이 24시간 언제든 전문상담원과 편리한 상담이 가능하다.○ 연 4%대 업계 최저금리 상품 출시○ 대체거래소(NXT) 거래 가능!○ 21년 연속 시장 점유율 1위, 16년 연속 대한민국퍼스트브랜드 대상○ 증권사 신용/미수 실시간 상환, 한종목 100% 집중 투자○ 믿을 수 있는 상담품질보증제※하이스탁론상담센터 : 1599-0313바로가기:https://www.hisl.co.kr/0313◆ 현 시각 관심종목 Top 10 : 삼성전자, NAVER, 한국전력, LG씨엔에스, 한국가스공사, 한화시스템, 에르코스, 더즌, 파세코, JB금융지주무료상담",https://www.hankyung.com/article/202507112207a,2025.07.14 09:30
합리적 투자 필수! 증권사 신용대출 3%대 전환으로 이자 절감,,"전송종목 : 한화솔루션, 영원무역홀딩스, OCI홀딩스, LS ELECTRIC, 고려아연최근 주식 투자자들 사이에서 주식대출(미수/신용융자 등)의 고금리에 대한 부담이 커지고 있다.특히 저금리를 적용 받고 싶어도, 기존 대출을 상환하고 다시 주식을 매수해야 하는 번거로운 절차와 자금 조달의 어려움이 발목을 잡고 있다.이런 현실적인 문제를 해결하고자, 무빙스탁이 ‘증권사 신용, 대환자금대출’ 서비스를 전격 출시했다.이 상품은 주식을 매도하지 않고도, 기존의 고금리의 주식대출(미수/신용융자 등)의 3%대의 혁신적인 저금리 증권사로 전환할 수 있도록 상환자금을 제공하는 것이 핵심이다.무빙스탁 관계자는 “현재 증권사 이벤트 금리는 연 3%대 수준으로, 기존 9~10%대 고금리를 적용받는 투자자라면 절감 효과가 상당하다”며, 금리를 5%만 낮추면 “1억원 신용대출 기준으로 연간 약 500만원, 3억원이라면 1,500만원까지도 절약할 수 있다”고 밝혔다.더 놀라운 점은, 현재는 이벤트 기간으로 대환자금대출 신청시 발생하는 이자 비용까지 ‘0원’이라는 사실이다. 대환자금에 대해서 하루의 대출이자도 부담하지 않고 기존 고금리 대출을 저금리로 전환할 수 있어, 고금리 부담에 시달리던 투자자들에게 큰 호응을 얻을 전망이다.이 서비스는 부동산 시장에서 흔히 이용되던 대환대출 개념을 증권시장에 도입한 혁신적인 시도로, 주식 투자자들의 자금 운용에 새로운 대안을 제시할 것으로 기대된다.무빙스탁 ‘증권사 신용, 대환자금대출’의 비용 무료 이벤트는 이벤트 기간 동안 한정적으로 제공되는 만큼, 신용융자를 이용 중인 투자자라면 지금 바로 확인해볼 필요가 있다.★ 장마감 시간이 가까워질수록 문의가 많아 상담이 지연될 수 있습니다.★ 7월 문의하신 고객들이 많이 보유하신 종목으로는 삼성전자, POSCO홀딩스, 셀트리온, 포스코퓨처엠, 에코프로비엠, NAVER, 에코프로, 삼성SDI, LG화학, SK하이닉스, 두산에너빌리티, 카카오, SK이노베이션, LG에너지솔루션, 엘앤에프, 삼천당제약, 현대차, 알테오젠, HPSP, LG전자 등이 있습니다.★ 안내사항과도한 빚은 당신에게 큰 불행을 안겨줄 수 있습니다. 대출 시 신용등급 하락으로 다른 금융거래가 제약받을 수 있습니다. 중개수수료를 요구하거나 받는 것은 불법입니다.상호명: ㈜단비대부 2021-서울영등포-2102(대부업) | TEL: 1544-4886 | 대출금리: 연 20%이내(연체금리는 약정금리+3%p이내, 최대 연 20%이내) | 단, 2021. 7. 7.부터 신규체결, 갱신, 연장되는 계약에 한함 | 채무의 조기상환 조건 및 부대비용 없음. (단, 신용조회비용 및 담보권설정비용 있음), 이자 외 별도로 중개수수료를 요구하거나 수취하는 것은 불법입니다. | 대표이사: 박동원 | 사업자등록번호: 274-86-00231 | 등록기관명칭: 서울 영등포구청(담당부서: 일자리경제과, 02-2670-3420) | 소재지 : 서울 영등포구 여의대방로67길 11, 5층 517호 | 개인정보관리자메일: help@danbifund.co.kr무료상담",https://www.hankyung.com/article/202507071516a,2025.07.07 13:28
조선기자재 테마 강세에 일승…기관·개인 동반 매수로 상승세 확대,,"7월 중순, 조선기자재 업종이 글로벌 선박 수요 회복 기대에 힘입어 강세를 유지하는 가운데, 일승 역시 이날 시장의 주목을 받았다. 관련 업종 전체가 상승 흐름에 진입한 가운데, 일승은 외국인의 일부 차익실현에도 불구하고 기관과 개인의 동반 매수가 유입되며 견조한 상승세를 이어갔다.최근 해운업황 회복과 친환경 선박 수요 증가가 맞물리며, LNG 재기화 설비나 선박용 부품을 공급하는 조선기자재 기업에 대한 기대감이 높아진 상태다. 이 가운데 일승은 LNG·스크러버 부문에서 역할이 부각되며, 테마 수혜 종목으로 주목받고 있다.시장 관계자는 “조선기자재 테마에 포함된 기업 중에서 일승은 매출 구조가 안정적이고, 증권가 퀀트 리포트에서 상대적인 재무 건강성이 긍정적으로 평가되고 있다”며, “기관과 개인 투자자들이 전략적으로 포지션을 차례로 확대하는 흐름이 나타났다”고 설명했다. 실제로 이러한 수급 움직임은 일시적인 테마 랠리를 넘어 실질 수요 기대가 반영된 결과로 분석된다.다만 업종 특성상 글로벌 해운 시황, 국제 유가, 환경 규제 변화 등에 민감하게 반응하므로, 투자자들은 관련 데이터와 정책 흐름을 지속적으로 모니터링할 필요가 있다. 앞으로 관건은 ▶중동 등 주요 항로 운임 회복 지속 여부 ▶LNG·스크러버 관련 수주 실적 발표 ▶조선·해운업계의 친환경 설비 투자 확대 흐름이다.종합하면, 최근 일승의 주가 흐름은 조선기자재 테마 전반의 상승 기대와 기업 고유 펀더멘털이 맞닿은 결과로 해석되며, 향후 외부 환경 변화에 따라 추가 랠리 또는 조정 신호가 나올 수 있는 구간에 진입한 상태다. 투자자들은 이러한 매크로·산업 지표를 두루 확인하며 대응 전략을 세우는 것이 바람직할 전망이다.아우토크립트, 펩트론, NAVER, NHN KCP, 삼성에스디에스무료상담",https://www.hankyung.com/article/202507173700a,2025.07.17 10:43
이자 폭탄 막자! 증권사 신용대출 3%대 전환으로 절약하는 법,,"전송종목 : 동구바이오제약, 삼성공조, 서부T&D, 태경케미컬, 보성파워텍최근 주식 투자자들 사이에서 주식대출(미수/신용융자 등)의 고금리에 대한 부담이 커지고 있다.특히 저금리를 적용 받고 싶어도, 기존 대출을 상환하고 다시 주식을 매수해야 하는 번거로운 절차와 자금 조달의 어려움이 발목을 잡고 있다.이런 현실적인 문제를 해결하고자, 무빙스탁이 ‘증권사 신용, 대환자금대출’ 서비스를 전격 출시했다.이 상품은 주식을 매도하지 않고도, 기존의 고금리의 주식대출(미수/신용융자 등)의 3%대의 혁신적인 저금리 증권사로 전환할 수 있도록 상환자금을 제공하는 것이 핵심이다.무빙스탁 관계자는 “현재 증권사 이벤트 금리는 연 3%대 수준으로, 기존 9~10%대 고금리를 적용받는 투자자라면 절감 효과가 상당하다”며, 금리를 5%만 낮추면 “1억원 신용대출 기준으로 연간 약 500만원, 3억원이라면 1,500만원까지도 절약할 수 있다”고 밝혔다.더 놀라운 점은, 현재는 이벤트 기간으로 대환자금대출 신청시 발생하는 이자 비용까지 ‘0원’이라는 사실이다. 대환자금에 대해서 하루의 대출이자도 부담하지 않고 기존 고금리 대출을 저금리로 전환할 수 있어, 고금리 부담에 시달리던 투자자들에게 큰 호응을 얻을 전망이다.이 서비스는 부동산 시장에서 흔히 이용되던 대환대출 개념을 증권시장에 도입한 혁신적인 시도로, 주식 투자자들의 자금 운용에 새로운 대안을 제시할 것으로 기대된다.무빙스탁 ‘증권사 신용, 대환자금대출’의 비용 무료 이벤트는 이벤트 기간 동안 한정적으로 제공되는 만큼, 신용융자를 이용 중인 투자자라면 지금 바로 확인해볼 필요가 있다.★ 장마감 시간이 가까워질수록 문의가 많아 상담이 지연될 수 있습니다.★ 7월 문의하신 고객들이 많이 보유하신 종목으로는 삼성전자, POSCO홀딩스, 셀트리온, 포스코퓨처엠, 에코프로비엠, NAVER, 에코프로, 삼성SDI, LG화학, SK하이닉스, 두산에너빌리티, 카카오, SK이노베이션, LG에너지솔루션, 엘앤에프, 삼천당제약, 현대차, 알테오젠, HPSP, LG전자 등이 있습니다.★ 안내사항과도한 빚은 당신에게 큰 불행을 안겨줄 수 있습니다. 대출 시 신용등급 하락으로 다른 금융거래가 제약받을 수 있습니다. 중개수수료를 요구하거나 받는 것은 불법입니다.상호명: ㈜단비대부 2021-서울영등포-2102(대부업) | TEL: 1544-4886 | 대출금리: 연 20%이내(연체금리는 약정금리+3%p이내, 최대 연 20%이내) | 단, 2021. 7. 7.부터 신규체결, 갱신, 연장되는 계약에 한함 | 채무의 조기상환 조건 및 부대비용 없음. (단, 신용조회비용 및 담보권설정비용 있음), 이자 외 별도로 중개수수료를 요구하거나 수취하는 것은 불법입니다. | 대표이사: 박동원 | 사업자등록번호: 274-86-00231 | 등록기관명칭: 서울 영등포구청(담당부서: 일자리경제과, 02-2670-3420) | 소재지 : 서울 영등포구 여의대방로67길 11, 5층 517호 | 개인정보관리자메일: help@danbifund.co.kr무료상담",https://www.hankyung.com/article/202507108867a,2025.07.10 08:53
이자 부담 최소화! 증권사 신용대출 3%대로 바꾸는 절호의 기회,,"전송종목 : 유비케어, 엠케이전자, 유나이티드제약, 동성화인텍, SJG세종최근 주식 투자자들 사이에서 주식대출(미수/신용융자 등)의 고금리에 대한 부담이 커지고 있다.특히 저금리를 적용 받고 싶어도, 기존 대출을 상환하고 다시 주식을 매수해야 하는 번거로운 절차와 자금 조달의 어려움이 발목을 잡고 있다.이런 현실적인 문제를 해결하고자, 무빙스탁이 ‘증권사 신용, 대환자금대출’ 서비스를 전격 출시했다.이 상품은 주식을 매도하지 않고도, 기존의 고금리의 주식대출(미수/신용융자 등)의 3%대의 혁신적인 저금리 증권사로 전환할 수 있도록 상환자금을 제공하는 것이 핵심이다.무빙스탁 관계자는 “현재 증권사 이벤트 금리는 연 3%대 수준으로, 기존 9~10%대 고금리를 적용받는 투자자라면 절감 효과가 상당하다”며, 금리를 5%만 낮추면 “1억원 신용대출 기준으로 연간 약 500만원, 3억원이라면 1,500만원까지도 절약할 수 있다”고 밝혔다.더 놀라운 점은, 현재는 이벤트 기간으로 대환자금대출 신청시 발생하는 이자 비용까지 ‘0원’이라는 사실이다. 대환자금에 대해서 하루의 대출이자도 부담하지 않고 기존 고금리 대출을 저금리로 전환할 수 있어, 고금리 부담에 시달리던 투자자들에게 큰 호응을 얻을 전망이다.이 서비스는 부동산 시장에서 흔히 이용되던 대환대출 개념을 증권시장에 도입한 혁신적인 시도로, 주식 투자자들의 자금 운용에 새로운 대안을 제시할 것으로 기대된다.무빙스탁 ‘증권사 신용, 대환자금대출’의 비용 무료 이벤트는 이벤트 기간 동안 한정적으로 제공되는 만큼, 신용융자를 이용 중인 투자자라면 지금 바로 확인해볼 필요가 있다.★ 장마감 시간이 가까워질수록 문의가 많아 상담이 지연될 수 있습니다.★ 7월 문의하신 고객들이 많이 보유하신 종목으로는 삼성전자, POSCO홀딩스, 셀트리온, 포스코퓨처엠, 에코프로비엠, NAVER, 에코프로, 삼성SDI, LG화학, SK하이닉스, 두산에너빌리티, 카카오, SK이노베이션, LG에너지솔루션, 엘앤에프, 삼천당제약, 현대차, 알테오젠, HPSP, LG전자 등이 있습니다.★ 안내사항과도한 빚은 당신에게 큰 불행을 안겨줄 수 있습니다. 대출 시 신용등급 하락으로 다른 금융거래가 제약받을 수 있습니다. 중개수수료를 요구하거나 받는 것은 불법입니다.상호명: ㈜단비대부 2021-서울영등포-2102(대부업) | TEL: 1544-4886 | 대출금리: 연 20%이내(연체금리는 약정금리+3%p이내, 최대 연 20%이내) | 단, 2021. 7. 7.부터 신규체결, 갱신, 연장되는 계약에 한함 | 채무의 조기상환 조건 및 부대비용 없음. (단, 신용조회비용 및 담보권설정비용 있음), 이자 외 별도로 중개수수료를 요구하거나 수취하는 것은 불법입니다. | 대표이사: 박동원 | 사업자등록번호: 274-86-00231 | 등록기관명칭: 서울 영등포구청(담당부서: 일자리경제과, 02-2670-3420) | 소재지 : 서울 영등포구 여의대방로67길 11, 5층 517호 | 개인정보관리자메일: help@danbifund.co.kr무료상담",https://www.hankyung.com/article/202507111594a,2025.07.11 11:38
본업의 회복과 수급 모두 양호한 종목은?,,"경유레카는 한국경제신문의 디지털 미디어인 한경닷컴에서 개발한 개별 종목에대한인공지능(AI) 알고리즘 업체의 투자 의견을 종합한 'AI 컨센서스'를 제공하는 서비스입니다. '한경유레카' 앱은 구글 플레이 스토어 혹은 앱스토어에서 내려받을 수 있습니다.





종목추천 서비스 종합 플랫폼 한경유레카에 입점한 뉴지랭크가 전거래일(21일) 청담글로벌을 추천하여 수익률 3.9%를 기록했다.뉴지랭크는 IM그룹 계열사인 뉴지스탁에서 만든 알고리즘으로 모멘텀 및 펀더멘탈을 중심으로 종목을 분석하고 추천한다.뉴지랭크는 청담글로벌에 대해 1분기 영업이익이 대폭 증가하면서 본업의 회복세가 나타나고 있고 최근 외국인 및 기관의 순매수 유입이 증가했다며 해당 종목을 추천했다.한경유레카에서 신규가입을 하고 뉴지랭크를 구독하면 1개월간 무료로 추천종목을 실시간으로 문자로 받아볼 수 있다.  본 글은 투자 참고용입니다.NAVER YG PLUS NHN KCP 유일에너테크 삼성중공업",https://www.hankyung.com/article/202507223270a,2025.07.22 12:21
"포스코퓨처엠, 배터리 소재 수요·애널리스트 리레이팅에 주가 반등",,"포스코퓨처엠의 주가가 최근 반등세를 보이며 눈길을 끌고 있다. 가장 핵심적인 배경은 배터리 소재에 대한 글로벌 수요 확대다. 회사는 최근 리튬이온 배터리용 양극재·음극재 공급 물량을 확보하면서 급격한 생산 규모 확대를 추진 중이다. 2023년 15만5천톤 규모였던 양극재 생산능력은 2030년까지 100만톤 규모로 증설 계획이 알려지며, 이 같은 중장기 성장 잠재력이 투자자의 기대를 키우고 있다.또한 최근 증권업계에서 포스코퓨처엠에 대한 애널리스트 리포트가 잇따라 발표되며, 투자 심리가 개선되고 있다. 다수의 투자은행이 ‘중립’에서 다소 긍정적으로 보고 목표주가를 소폭 상향 조정한 가운데, 투자자들이 리레이팅(lrevaluation)에 대한 기대감을 반영한 결과로 풀이된다.기술적으로도 수급 측면의 변화가 나타나고 있다. 최근 일평균 거래량이 증가하며 외국인과 기관의 매수세가 유입되고 있으며, 일부 차익매매 세력도 공매도 축소에 따른 종목 집중을 보이고 있다. 여기에 차익 실현을 위한 일시적 주가 조정 이후 새롭게 유입된 수요가 반등을 촉진하고 있다는 분석이다.포스코퓨처엠은 또한 전통적인 내화물·소성로 사업과 더불어 탄소 저감, 폐내화물 재활용 등 ESG 경영을 강화하며 다양한 사업 포트폴리오로의 확장을 도모하고 있다. 이는 투자자들에게 사업 안정성과 지속성 면에서 긍정적인 신호로 받아들여지고 있다.다만 일부 리스크도 상존한다. P/E(주가수익비율)가 고평가 수준이라는 지적과, 향후 예정된 실적 발표 시 기대치 미달 가능성 등이 단기 주가 흐름에 부담이 될 수 있다는 경고도 나온다. 그러나 대체로 시장은 배터리 소재 업황 회복과 기업의 생산 확장 전략에 주목하며 반등 국면에서 포지션을 키우는 모습이다.아우토크립트, 펩트론, NAVER, NHN KCP, 삼성에스디에스무료상담",https://www.hankyung.com/article/202507186312a,2025.07.18 10:03
고금리 이자 폭탄 피하는 법! 증권사 대출 3%대로 줄이기,,"전송종목 : HD현대중공업, 두산퓨얼셀, 하이브, 솔브레인, SK아이이테크놀로지최근 주식 투자자들 사이에서 주식대출(미수/신용융자 등)의 고금리에 대한 부담이 커지고 있다.특히 저금리를 적용 받고 싶어도, 기존 대출을 상환하고 다시 주식을 매수해야 하는 번거로운 절차와 자금 조달의 어려움이 발목을 잡고 있다.이런 현실적인 문제를 해결하고자, 무빙스탁이 ‘증권사 신용, 대환자금대출’ 서비스를 전격 출시했다.이 상품은 주식을 매도하지 않고도, 기존의 고금리의 주식대출(미수/신용융자 등)의 3%대의 혁신적인 저금리 증권사로 전환할 수 있도록 상환자금을 제공하는 것이 핵심이다.무빙스탁 관계자는 “현재 증권사 이벤트 금리는 연 3%대 수준으로, 기존 9~10%대 고금리를 적용받는 투자자라면 절감 효과가 상당하다”며, 금리를 5%만 낮추면 “1억원 신용대출 기준으로 연간 약 500만원, 3억원이라면 1,500만원까지도 절약할 수 있다”고 밝혔다.더 놀라운 점은, 현재는 이벤트 기간으로 대환자금대출 신청시 발생하는 이자 비용까지 ‘0원’이라는 사실이다. 대환자금에 대해서 하루의 대출이자도 부담하지 않고 기존 고금리 대출을 저금리로 전환할 수 있어, 고금리 부담에 시달리던 투자자들에게 큰 호응을 얻을 전망이다.이 서비스는 부동산 시장에서 흔히 이용되던 대환대출 개념을 증권시장에 도입한 혁신적인 시도로, 주식 투자자들의 자금 운용에 새로운 대안을 제시할 것으로 기대된다.무빙스탁 ‘증권사 신용, 대환자금대출’의 비용 무료 이벤트는 이벤트 기간 동안 한정적으로 제공되는 만큼, 신용융자를 이용 중인 투자자라면 지금 바로 확인해볼 필요가 있다.★ 장마감 시간이 가까워질수록 문의가 많아 상담이 지연될 수 있습니다.★ 7월 문의하신 고객들이 많이 보유하신 종목으로는 삼성전자, POSCO홀딩스, 셀트리온, 포스코퓨처엠, 에코프로비엠, NAVER, 에코프로, 삼성SDI, LG화학, SK하이닉스, 두산에너빌리티, 카카오, SK이노베이션, LG에너지솔루션, 엘앤에프, 삼천당제약, 현대차, 알테오젠, HPSP, LG전자 등이 있습니다.★ 안내사항과도한 빚은 당신에게 큰 불행을 안겨줄 수 있습니다. 대출 시 신용등급 하락으로 다른 금융거래가 제약받을 수 있습니다. 중개수수료를 요구하거나 받는 것은 불법입니다.상호명: ㈜단비대부 2021-서울영등포-2102(대부업) | TEL: 1544-4886 | 대출금리: 연 20%이내(연체금리는 약정금리+3%p이내, 최대 연 20%이내) | 단, 2021. 7. 7.부터 신규체결, 갱신, 연장되는 계약에 한함 | 채무의 조기상환 조건 및 부대비용 없음. (단, 신용조회비용 및 담보권설정비용 있음), 이자 외 별도로 중개수수료를 요구하거나 수취하는 것은 불법입니다. | 대표이사: 박동원 | 사업자등록번호: 274-86-00231 | 등록기관명칭: 서울 영등포구청(담당부서: 일자리경제과, 02-2670-3420) | 소재지 : 서울 영등포구 여의대방로67길 11, 5층 517호 | 개인정보관리자메일: help@danbifund.co.kr무료상담",https://www.hankyung.com/article/202507248235a,2025.07.24 09:43
"우리기술투자, 신기술 투자 확대·실적 회복·수급 강세로 주가 반등",,"우리기술투자의 주가가 최근 반등 흐름을 보이며 시장의 주목을 받고 있다. 이 같은 흐름은 크게 세 가지 요인에 기인한다. 첫째, 바이오·AI·소재 분야 중심의 신기술 투자 포트폴리오가 확대되며 성장 기대감이 커진 점이다. 회사는 1분기 연결 기준 영업이익이 전년 동기 대비 약 57% 증가하고, 당기순이익도 68% 확대되는 등 실적 개선을 입증했다. 이는 신기술 사업금융 본연 기능의 실질적 성과로, 펀더멘털 회복에 대한 시장 신뢰를 높였다.둘째, 패시브 자금 유입과 수급 개선 흐름이 두드러졌다. 실제로 최근 거래량이 평소보다 상승하며 주가에 긍정적 영향을 미쳤다. 네이버 투자자별 매매동향에 따르면 기관과 외국인이 동반 매수에 나선 날이 포함되어 있으며, 거래 정체 구간 후 본격적인 반등이 나타났다.셋째, 기술적 반등 신호와 밸류에이션 매력이 복합 반영됐다. 금융업종 내 상대적으로 저평가된 상태이며, 기술적 지표에서도 이동평균선 상향 전환 등 긍정 시그널이 포착됐다. 이에 따라 시장에서는 ‘저평가 해소 국면 진입’이라는 평가가 나오고 있다.




 

투자 업계 관계자는 “신기술금융 실적으로 실적 안정성이 개선됐고 수급과 밸류에이션도 긍정적 흐름”이라며 “향후 핵심 변수는 연말 투자 포트폴리오 회수 실적과 벤처 조합 상환 계획의 가시성”이라고 분석했다.결론적으로 우리기술투자의 주가 상승은 실적 회복 기반 → 신기술 투자 확대 기대 → 수급 개선·기술적 반등 → 저평가 해소 기대라는 선순환 구조가 작동한 결과로 풀이된다. 향후에는 기존 투자 조합의 회수 시점, 신기술 기업 가치 제고 여부, 그리고 외국인 기관 수급 지속 여부가 주가 향방의 주요 변수가 될 전망이다.LG이노텍, 한미반도체, 스맥, 삼일제약, 현대모비스무료상담",https://www.hankyung.com/article/202507186616a,2025.07.18 13:23
美 수소주 급등 여파… 국내 수소 관련주 동반 상승,,"밤사이 미국 증시에서 수소 관련 종목이 급등하면서, 국내 수소 상장사 주가도 일제히 상승세를 나타냈다. 수소 연료전지 및 고압 용기 제조 등 관련 산업 전반에 걸쳐 주가가 크게 올랐다.미국에서는 플러그파워와 블룸에너지가 각각 25%, 18% 이상 급등했으며, 이는 도널드 트럼프 대통령의 정책안인 ‘하나의 크고 아름다운 법(OBBBA)’에 연료전지가 세액공제 대상으로 다시 포함된 데 따른 것으로 풀이된다. 또한 텍사스를 중심으로 수소산업에 대한 투자가 확대될 전망이라는 점도 투자 심리를 자극했다.증권가는 이번 흐름이 국내 수소주에도 긍정적인 영향을 미칠 수 있다며, 미국 정책 변화와 글로벌 투자 방향성에 주목할 필요가 있다고 평가했다.한편, 스탁론에 대한 관심이 날로높아지고 있다. 모처럼 잡은 투자기회를 놓치지 않으려는 투자자들이 주식매입을 위해 더 많은 자금을 활용할 수 있는 스탁론으로 눈길을 돌리고 있기 때문이다. 현 주가는 실적을 따라가지 못하고 있는 상황으로, 밸류에이션 리레이팅이 필요한 시기라는 평가도 나오고 있다.




 

◆ 올뉴스탁론, DSR 무관 상품에 연 4%대 최저금리 상품으로 다양한 선택지를!올뉴스탁론에서 투자자들 누구나 부담 없이 스탁론을 경험할 수 있도록 연 4%대 업계 최저금리로 이용 가능한 증권 연계신용 상품을 출시했다. 주식매입은 물론 증권사 미수/신용 대환 모두 가능하며 신용등급 차등 없이 자기 자본 포함 최대 4배까지 활용할 수 있다.이와 함께 DSR 한도 때문에 기존 스탁론 활용이 어려웠던 투자자들을 위한 DSR 무관 상품도 취급 중이다. 또한 장중 거래가 어려웠던 투자자를 위한 대체거래소(NXT) 거래도 가능해졌다.올뉴스탁론에 대해 자세히 알고 싶은 투자자는 고객상담센터(☎1599-8666)로 연락하면 대출 여부와 무관하게 언제든 전문상담원과 편리하게 상담할 수 있다.○ 보유하고 있는 대출액이나 소득 무관하게! (DSR 무관)○ 최대 4배 주식자금 활용 가능! (본인 자금 포함)○ 대체거래소(NXT) 거래 가능!○ 증권 신용/미수 당일 즉시 대환 가능!○ 기존 증권사 신용, 스탁론으로 매수가 어려웠던 종목도 OK!※ 올뉴스탁론 고객상담센터 : 1599-8666바로가기 : https://allnewstockloan.co.kr?agency=HTS◆ 현 시각 관심종목 Top 10 : 삼성전자, NAVER, 한국전력, LG씨엔에스, 한국가스공사, 한화시스템, 에르코스, 더즌, 파세코, JB금융지주무료상담",https://www.hankyung.com/article/202507109580a,2025.07.11 11:00
"조선 빅3, 2분기 영업이익 2.7배↑… 고부가 수주 효과 본격화에 비중 확대 의견 유지",,"올해 2분기 국내 조선 3사가 전년 대비 2.7배 증가한 1조3000억 원대의 영업이익을 기록할 것으로 전망된다. 이는 고부가가치 선박 중심의 수주잔고가 본격적으로 실적에 반영되기 시작했기 때문이다.LNG 운반선과 초대형 컨테이너선 등 고선가 선종 중심의 수주, 반복 건조에 따른 생산성 향상, 고정비 부담 완화 등이 실적 개선의 주 요인이다. 일부 발주 둔화 우려에도 불구하고, 이미 확보한 수주잔고를 바탕으로 당분간 안정적인 수익성이 유지될 것으로 보인다.다만 원/달러 환율 하락이 리스크 요인으로 지적되고 있다. 조선업 특성상 달러 매출 비중이 크기 때문에 환율이 더 하락하면 수익성에 부담을 줄 수 있다는 전망이다. 그럼에도 업계 전반은 고부가 중심의 수익 구조와 안정된 수주잔고 덕분에 중단기 실적 개선세가 이어질 것으로 분석된다.한편, 스탁론에 대한 관심이 날로높아지고 있다. 모처럼 잡은 투자기회를 놓치지 않으려는 투자자들이 주식매입을 위해 더 많은 자금을 활용할 수 있는 스탁론으로 눈길을 돌리고 있기 때문이다. 현 주가는 실적을 따라가지 못하고 있는 상황으로, 밸류에이션 리레이팅이 필요한 시기라는 평가도 나오고 있다.




 

◆ 올뉴스탁론, DSR 무관 상품에 연 4%대 최저금리 상품으로 다양한 선택지를!올뉴스탁론에서 투자자들 누구나 부담 없이 스탁론을 경험할 수 있도록 연 4%대 업계 최저금리로 이용 가능한 증권 연계신용 상품을 출시했다. 주식매입은 물론 증권사 미수/신용 대환 모두 가능하며 신용등급 차등 없이 자기 자본 포함 최대 4배까지 활용할 수 있다.이와 함께 DSR 한도 때문에 기존 스탁론 활용이 어려웠던 투자자들을 위한 DSR 무관 상품도 취급 중이다. 또한 장중 거래가 어려웠던 투자자를 위한 대체거래소(NXT) 거래도 가능해졌다.올뉴스탁론에 대해 자세히 알고 싶은 투자자는 고객상담센터(☎1599-8666)로 연락하면 대출 여부와 무관하게 언제든 전문상담원과 편리하게 상담할 수 있다.○ 보유하고 있는 대출액이나 소득 무관하게! (DSR 무관)○ 최대 4배 주식자금 활용 가능! (본인 자금 포함)○ 대체거래소(NXT) 거래 가능!○ 증권 신용/미수 당일 즉시 대환 가능!○ 기존 증권사 신용, 스탁론으로 매수가 어려웠던 종목도 OK!※ 올뉴스탁론 고객상담센터 : 1599-8666바로가기 : https://allnewstockloan.co.kr?agency=HTS◆ 현 시각 관심종목 Top 10 : 삼성전자, NAVER, 한국전력, LG씨엔에스, 한국가스공사, 한화시스템, 에르코스, 더즌, 파세코, JB금융지주무료상담",https://www.hankyung.com/article/202507096994a,2025.07.10 11:00
,,,https://magazine.hankyung.com/job-joy/article/202507147291d,
국내 최초 '50%의 벽' 깼다…국내 OTT 이용자 절반 이상은 '넷플릭스 구독자',,"사진=연합뉴스

                올해 상반기 국내 인터넷동영상서비스(OTT) 이용자 절반 이상이 넷플릭스를 구독하고 있는 것으로 나타났다. 단일 플랫폼이 국내서 구독률 50%의 벽을 깬 건 넷플릭스가 처음이다.글로벌 시장조사업체 컨슈머인사이트가 발간한 '2025년 상반기 이동통신 기획조사'에 따르면 올해 상반기 OTT 구독률은 넷플릭스가 54%로 시장 내 압도적 1위에 올랐다. 이어 쿠팡플레이가 35%, 유튜브 프리미엄과 티빙이 각 21%, 디즈니플러스가 13%로 뒤를 이었다.지난해 하반기 대비 구독률이 오른 플랫폼 또한 넷플릭스가 유일했다. 넷플릭스는 지난해 하반기 45%서 9%포인트 구독률이 상승했다. 2023년 상반기 넷플릭스는 구독률 49%로 국내 과반수 구독률 달성을 눈앞에 뒀으나 2회 연속 하락세를 보였다. 넷플릭스와 달리 티빙은 6개월 새 구독률이 6%포인트 감소한 것으로 나타났다. 
                    




                넷플릭스의 약진은 네비어와의 제휴가 큰 영향을 미쳤다는 게 업계의 분석이다. 구독자의 27%가 네이버와 제휴한 광고형 요금제 '네넷 제휴' 프로모션을 통해 플랫폼을 이용하고 있어서다. 넷플릭스는 지난해 11월부터 네이버플러스 멤버십 구독 시 광고형 요금제를 무료로 시청할 수 있는 상품을 선보였다. 이후 넷플릭스 이용자 중 광고형 요금제 이용자는 40%로 상승했다. 그 중 거의 절반인 47%가 신규 고객인 것으로 나타나며 양사 간 제휴가 성공적이었다는 평가를 받았다. 다만 제휴 요금제의 인기로 이용자 1인당 실제 지불 금액이 줄어들며 수익성에는 큰 영향을 주지 못했다는 게 업계의 분석이다. 실제 넷플릭스 이용자가 올 상반기 구독료로 지불한 금액은 월 9202원이다. 작년 하반기 1만262원보다 월 1060원이 줄어들었다. 같은 기간 쿠팡플레이를 제외한 모든 OTT 플랫폼의 월 평균 구독료가 오른 것과 대조적이다. 컨슈머인사이트 관계자는 ""늘어난 구독자를 얼마나 '질 높은 수익원'으로 전환할 수 있느냐가 넷플릭스가 가진 앞으로의 과제""라고 설명했다.국내 대표 OTT인 티빙과 웨이브는 합병을 앞두고 통합 요금제인 '더블 이용권'을 출시하며 추격에  업계 관계자는 ""두 '토종 OTT'의 합병과 제휴, 투자의 성패가 향후 경쟁의 양상을 바꿀 것으로 전망된다""고 밝혔다.최지희 기자 mymasaki@hankyung.com",https://www.hankyung.com/article/202507211974i,2025.07.21 15:16
"증권사 신용대출, 3%대 금리로 바꾸는 가장 쉬운 방법",,"전송종목 : 두산밥캣, 넷마블, 스튜디오드래곤, 실리콘투, 크래프톤최근 주식 투자자들 사이에서 주식대출(미수/신용융자 등)의 고금리에 대한 부담이 커지고 있다.특히 저금리를 적용 받고 싶어도, 기존 대출을 상환하고 다시 주식을 매수해야 하는 번거로운 절차와 자금 조달의 어려움이 발목을 잡고 있다.이런 현실적인 문제를 해결하고자, 무빙스탁이 ‘증권사 신용, 대환자금대출’ 서비스를 전격 출시했다.이 상품은 주식을 매도하지 않고도, 기존의 고금리의 주식대출(미수/신용융자 등)의 3%대의 혁신적인 저금리 증권사로 전환할 수 있도록 상환자금을 제공하는 것이 핵심이다.무빙스탁 관계자는 “현재 증권사 이벤트 금리는 연 3%대 수준으로, 기존 9~10%대 고금리를 적용받는 투자자라면 절감 효과가 상당하다”며, 금리를 5%만 낮추면 “1억원 신용대출 기준으로 연간 약 500만원, 3억원이라면 1,500만원까지도 절약할 수 있다”고 밝혔다.더 놀라운 점은, 현재는 이벤트 기간으로 대환자금대출 신청시 발생하는 이자 비용까지 ‘0원’이라는 사실이다. 대환자금에 대해서 하루의 대출이자도 부담하지 않고 기존 고금리 대출을 저금리로 전환할 수 있어, 고금리 부담에 시달리던 투자자들에게 큰 호응을 얻을 전망이다.이 서비스는 부동산 시장에서 흔히 이용되던 대환대출 개념을 증권시장에 도입한 혁신적인 시도로, 주식 투자자들의 자금 운용에 새로운 대안을 제시할 것으로 기대된다.무빙스탁 ‘증권사 신용, 대환자금대출’의 비용 무료 이벤트는 이벤트 기간 동안 한정적으로 제공되는 만큼, 신용융자를 이용 중인 투자자라면 지금 바로 확인해볼 필요가 있다.★ 장마감 시간이 가까워질수록 문의가 많아 상담이 지연될 수 있습니다.★ 7월 문의하신 고객들이 많이 보유하신 종목으로는 삼성전자, POSCO홀딩스, 셀트리온, 포스코퓨처엠, 에코프로비엠, NAVER, 에코프로, 삼성SDI, LG화학, SK하이닉스, 두산에너빌리티, 카카오, SK이노베이션, LG에너지솔루션, 엘앤에프, 삼천당제약, 현대차, 알테오젠, HPSP, LG전자 등이 있습니다.★ 안내사항과도한 빚은 당신에게 큰 불행을 안겨줄 수 있습니다. 대출 시 신용등급 하락으로 다른 금융거래가 제약받을 수 있습니다. 중개수수료를 요구하거나 받는 것은 불법입니다.상호명: ㈜단비대부 2021-서울영등포-2102(대부업) | TEL: 1544-4886 | 대출금리: 연 20%이내(연체금리는 약정금리+3%p이내, 최대 연 20%이내) | 단, 2021. 7. 7.부터 신규체결, 갱신, 연장되는 계약에 한함 | 채무의 조기상환 조건 및 부대비용 없음. (단, 신용조회비용 및 담보권설정비용 있음), 이자 외 별도로 중개수수료를 요구하거나 수취하는 것은 불법입니다. | 대표이사: 박동원 | 사업자등록번호: 274-86-00231 | 등록기관명칭: 서울 영등포구청(담당부서: 일자리경제과, 02-2670-3420) | 소재지 : 서울 영등포구 여의대방로67길 11, 5층 517호 | 개인정보관리자메일: help@danbifund.co.kr무료상담",https://www.hankyung.com/article/202507096253a,2025.07.09 08:33
"증권사 신용대출, 3%대 금리로 바꾸는 가장 쉬운 방법",,"전송종목 : 한화솔루션, 영원무역홀딩스, OCI홀딩스, LS ELECTRIC, 고려아연최근 주식 투자자들 사이에서 주식대출(미수/신용융자 등)의 고금리에 대한 부담이 커지고 있다.특히 저금리를 적용 받고 싶어도, 기존 대출을 상환하고 다시 주식을 매수해야 하는 번거로운 절차와 자금 조달의 어려움이 발목을 잡고 있다.이런 현실적인 문제를 해결하고자, 무빙스탁이 ‘증권사 신용, 대환자금대출’ 서비스를 전격 출시했다.이 상품은 주식을 매도하지 않고도, 기존의 고금리의 주식대출(미수/신용융자 등)의 3%대의 혁신적인 저금리 증권사로 전환할 수 있도록 상환자금을 제공하는 것이 핵심이다.무빙스탁 관계자는 “현재 증권사 이벤트 금리는 연 3%대 수준으로, 기존 9~10%대 고금리를 적용받는 투자자라면 절감 효과가 상당하다”며, 금리를 5%만 낮추면 “1억원 신용대출 기준으로 연간 약 500만원, 3억원이라면 1,500만원까지도 절약할 수 있다”고 밝혔다.더 놀라운 점은, 현재는 이벤트 기간으로 대환자금대출 신청시 발생하는 이자 비용까지 ‘0원’이라는 사실이다. 대환자금에 대해서 하루의 대출이자도 부담하지 않고 기존 고금리 대출을 저금리로 전환할 수 있어, 고금리 부담에 시달리던 투자자들에게 큰 호응을 얻을 전망이다.이 서비스는 부동산 시장에서 흔히 이용되던 대환대출 개념을 증권시장에 도입한 혁신적인 시도로, 주식 투자자들의 자금 운용에 새로운 대안을 제시할 것으로 기대된다.무빙스탁 ‘증권사 신용, 대환자금대출’의 비용 무료 이벤트는 이벤트 기간 동안 한정적으로 제공되는 만큼, 신용융자를 이용 중인 투자자라면 지금 바로 확인해볼 필요가 있다.★ 장마감 시간이 가까워질수록 문의가 많아 상담이 지연될 수 있습니다.★ 7월 문의하신 고객들이 많이 보유하신 종목으로는 삼성전자, POSCO홀딩스, 셀트리온, 포스코퓨처엠, 에코프로비엠, NAVER, 에코프로, 삼성SDI, LG화학, SK하이닉스, 두산에너빌리티, 카카오, SK이노베이션, LG에너지솔루션, 엘앤에프, 삼천당제약, 현대차, 알테오젠, HPSP, LG전자 등이 있습니다.★ 안내사항과도한 빚은 당신에게 큰 불행을 안겨줄 수 있습니다. 대출 시 신용등급 하락으로 다른 금융거래가 제약받을 수 있습니다. 중개수수료를 요구하거나 받는 것은 불법입니다.상호명: ㈜단비대부 2021-서울영등포-2102(대부업) | TEL: 1544-4886 | 대출금리: 연 20%이내(연체금리는 약정금리+3%p이내, 최대 연 20%이내) | 단, 2021. 7. 7.부터 신규체결, 갱신, 연장되는 계약에 한함 | 채무의 조기상환 조건 및 부대비용 없음. (단, 신용조회비용 및 담보권설정비용 있음), 이자 외 별도로 중개수수료를 요구하거나 수취하는 것은 불법입니다. | 대표이사: 박동원 | 사업자등록번호: 274-86-00231 | 등록기관명칭: 서울 영등포구청(담당부서: 일자리경제과, 02-2670-3420) | 소재지 : 서울 영등포구 여의대방로67길 11, 5층 517호 | 개인정보관리자메일: help@danbifund.co.kr무료상담",https://www.hankyung.com/article/202507210593a,2025.07.21 10:28
"동아제약, “얼박사, 아이스크림으로 만나보세요!” 얼박사X녹기 전에 콜라보 진행",- 녹기 전에 염리동 매장에서 얼박사 소르베 구매 시 얼박사 캔 증정 이벤트 진행,동아제약(대표이사 사장 백상환)은 얼박사가 아이스크림 브랜드 녹기 전에와 콜라보를 진행한다고 22일 밝혔다.‘녹기 전에’는 서울 마포구 염리동에 위치한 아이스크림 브랜드로 매일 직접 만든 다양한 메뉴의 아이스크림을 선보이며 일명 염리동 핫플로 자리잡았다. 최근까지 총 400여개 이상의 메뉴를 선보였으며 다양한 브랜드와 콜라보를 진행한 바 있다.얼박사는 녹기 전에와 협업을 통해 얼박사의 맛을 녹인 시즌한정 메뉴인 얼박사 소르베를 선보인다. 얼박사의 레몬 라임향이 시원한 소르베에 입혀져 입안 가득 상쾌함을 전한다.동아제약은 얼박사와 녹기 전에 콜라보를 기념해 오는 8월 10일까지 얼박사 증정이벤트를 진행한다. 녹기 전에 염리동 매장에서 얼박사 소르베를 구매하고 박카스 공식 인스타그램 계정(@dongabacchus_official)을 팔로우 한 후 스토리나 피드에 구매 인증 게시글을 업로드하면 현장에서 얼박사 1캔을 증정한다.지난 6월 출시된 ‘얼박사’는 모디슈머 대표 꿀조합 레시피를 기반으로 만든 제품이다. 번거롭게 제조하지 않고 한 캔으로 맛볼 수 있어 소비자들에게 긍정적인 반응을 얻고 있다. 얼박사는 GS25와 동아제약 네이버 브랜드 스토어에서 만나 볼 수 있으며 GS25에서는 오는 8월 31일까지 1+1행사를 진행한다.동아제약 관계자는 “얼박사와 녹기 전에가 함께 선보이는 얼박사 소르베는 더운 여름날 상큼함과 활력을 더해줄 것”이라며 “이번 콜라보를 통해 많은 소비자분들께 얼박사 브랜드를 알릴 계획”이라 말했다. [끝],https://www.hankyung.com/article/202507223471P,2025.07.22 09:15
