header,summary,content,url,datetime
"""그랩과 함께 달린다""…JB금융, 부코핀파이낸스 인수","印尼 모빌리티 금융업 진출

KB 계열사 경영권 290억에 인수
국내 핀테크社 에이젠글로벌과
전기오토바이 자금 등 대출 사업
그랩·고젝 기사 대상 영업 정조준


2분기 순익 2077억…사상 최대","김기홍 JB금융그룹 회장은 수년 전 KB금융에서 인도네시아 KB부코핀은행의 계열 캐피털사 인수 제안을 받았을 때만 해도 망설임이 컸다. 수익성은커녕 성공 가능성도 불투명했기 때문이다. 그러다가 한국 핀테크 스타트업 에이젠글로벌(에이젠)을 떠올렸다. 인도네시아 모빌리티 1, 2위 기업인 그랩과 고젝에 렌털·여신 서비스를 하는 에이젠과 손잡고 현지 운전자 대상의 렌털금융 사업을 접목한다면 승산이 있다고 판단했다. JB금융은 에이젠에 전략적 투자를 단행하고, KB 측 인수 제안을 전격적으로 받아들였다.
                    






이미지 크게보기



                24일 JB금융은 계열사 JB우리캐피탈이 KB부코핀파이낸스 지분 85%를 290억원에 인수하는 주식매매 계약을 체결했다고 공시했다. 올해 안에 거래를 마무리할 예정이다. 에이젠 인도네시아 법인 지분 40%를 확보하는 신주인수 계약도 완료했다.KB부코핀파이낸스는 기업 대상 차량 및 중장비 금융을 주력으로 하는 회사다. 국민은행이 2018년 인수한 KB부코핀은행의 자회사이기도 하다. 코로나19 팬데믹을 거치면서 일시적 침체를 겪은 이 회사는 지난해 124억6000만루피아(약 10억5300만원)의 순이익을 내며 가까스로 흑자 전환했다. KB금융은 장기간 적자 늪에 빠진 KB부코핀은행의 재무구조 개선을 위해 이 회사를 매물로 내놨다.JB금융은 KB 측의 인수 제안을 받고 수개월간 현지 금융시장을 분석했다. 인도네시아는 까다로운 정부 규제와 높은 연체율 등으로 국내 금융사가 공략하기 어려운 ‘험지’로 꼽힌다. 시장 성장성이 높지만, 은행 계열사 및 캡티브(전속) 기반 금융사가 아니면 경쟁 우위를 확보하기 어렵다는 결론이 나왔다. JB금융이 인도네시아 현지에 진출해 있는 에이젠과 손잡은 건 이런 이유에서다. 에이젠은 현지에서 전기 오토바이를 매입해 그랩과 고젝 등 대형 모빌리티 플랫폼에 대여해 주는 사업을 하고 있다. 특히 인공지능(AI) 기술을 활용해 고객사가 필요한 비금융 데이터를 제공하는 등 차별화된 강점을 지녔다.JB우리캐피탈은 현지 법인을 통해 에이젠에 전기 오토바이 매입 자금과 운전자 대상 대출, 배터리 매입 대출 등 다양한 상품을 공급할 계획이다. 김 회장은 “이번 인도네시아 진출은 단순히 해외 계열사를 늘리는 차원이 아니라 국내 핀테크 업체와의 동반 성장 모델을 만든다는 의미가 크다”고 강조했다.인도네시아 사업 모델을 성공시켜 다른 동남아시아 지역으로 확대한다는 게 김 회장의 구상이다. JB금융은 2016년 캄보디아 프놈펜상업은행 인수를 시작으로 동남아에서 영토를 넓혀가고 있다. 현재 캄보디아와 베트남, 미얀마에서 은행 증권사 캐피털사 등을 운영 중이다.JB금융은 올해 2분기 순이익이 전년 동기 대비 5.5% 증가한 2077억원을 기록했다고 밝혔다. 분기 기준 사상 최대 규모다. 이전보다 건전성 관리가 잘 이뤄진 가운데 은행, 자산운용, 캐피털 등 주요 사업이 고르게 성장한 것이 호실적에 기여했다는 분석이다.김진성/조미현 기자 jskim1028@hankyung.com",https://www.hankyung.com/article/2025072405351,2025.07.24 18:07
[인사] 경기 시흥시,,◇ 4급 승진    ▲ 문화체육관광국장 김태우 ▲ 환경국장 양순필    ◇ 4급 전보    ▲ 기획조정실장 이덕환 ▲ 대야동장 엄계용 ▲ 시흥시의회 고미경    ◇ 5급 승진    ▲ 소상공인과장 직무대리 이진아 ▲ 체육진흥과장 직무대리 최세민 ▲ 경관디자인과장 직무대리 최종오 ▲ 회계과장 직무대리 박재언 ▲ 하수관리과장 직무대리 김의주     ◇ 5급 전보    ▲ 기업지원과장 성주현 ▲ 문화예술과장 문영자 ▲ 시민안전과장 최각용 ▲ 대중교통과장 정종채 ▲ 건설행정과장 정석기 ▲ 도로시설과장 이희봉 ▲ 장애인복지과장 김현정 ▲ 대기정책과장 이명기 ▲ 스마트도시과장 임동현 ▲ 민원여권과장 윤효진 ▲ 토지정보과장 이현미 ▲ 건강증진과장 김현정 ▲ 건강돌봄과장 정성근 ▲ 질병관리과장 오은화 ▲ 평생학습과장 고영란 ▲ 수도시설과장 용길중 ▲ 차량등록사업소장 김수기 ▲ 대야동 안전생활과장 민경헌 ▲ 신현동장 김주배 ▲ 은행동장 유성희 ▲ 매화동장 김기세 ▲ 시흥시의회 이광수    ◇ 5급 파견복귀    ▲ 건설행정과장 장진  /연합뉴스,https://www.hankyung.com/article/202507036714Y,2025.07.03 16:19
"기업은행, 호우피해 복구 3억원 전달",,기업은행(행장 김성태·사진)은 전국재해구호협회에 집중호우 피해 지원금 3억원을 전달했다고 20일 밝혔다. 지원금은 수해 복구와 이재민 구호 활동에 사용될 예정이다. 기업은행은 긴급재해구호 키트와 무료 급식 등 추가 지원 방안을 계획 중이다. 기업은행 관계자는 “지역사회와 함께 어려움을 극복하고 빠른 일상 회복을 위한 다양한 지원을 이어가겠다”고 말했다,https://www.hankyung.com/article/2025072000951,2025.07.20 17:38
"하나금융그룹, 발달·청각 장애인 취업교육 도와…소상공인 환경 개선 앞장","상생금융지원 전담 부서 신설
중장년 재취업 프로그램 각광","함영주 하나금융 회장(오른쪽)이 지역사회 소상공인 사업장을 찾아 고효율 에너지 냉난방기를 지원하며 기념촬영을 하고 있다.  하나금융그룹 제공

                하나금융그룹은 ‘함께 성장하며 행복을 나누는 금융’이라는 미션을 수립해 상생 금융에 앞장서고 있다. 장애인, 소상공인, 자영업자, 금융 취약계층을 대상으로 진정성 있는 도움을 주기 위해서다. 체계적인 상생금융 실천을 위해 전담 부서를 신설하기도 했다. 고령화 시대를 맞아 중년 재취업 사업을 지원하는 것도 특징이다. ◇ 장애인, 취약계층 전방위 지원하나금융은 장애인, 취약계층이 직면한 사회적 문제 해결을 위해 앞장서고 있다. 2018년 ‘평창 동계 패럴림픽’부터 장애인 국가대표팀 선수들의 기량 발전과 훈련 환경 개선을 위한 지원을 이어가고 있다. 더불어 장애인아이스하키, 노르딕 스키, 컬링, 스키 등 비인기 장애인 동계 종목 후원을 통해 장애인 스포츠의 환경 개선을 위해 힘쓰고 있다. ‘배리어프리 스포츠’ 콘셉트의 축구 리그인 ‘모두의 축구장, 모두의 K리그’ 리그를 운영해 발달 장애인과 비장애인 모두가 축구로 통합될 수 있는 환경을 조성 중이다.발달장애 예술가들을 위한 미술 공모전 ‘하나 아트 버스’도 개최하고 있다. 하나 아트 버스는 2022년부터 진행해온 사회공헌 활동으로 발달장애 예술가들의 작품 활동을 지원하고, 사회적 기업에서의 인턴십 기회를 제공하는 사회공헌 사업이다. 중증장애인 화가를 채용하는 ‘하나 아트 크루’를 진행해 소외계층의 사회 진출 확대와 인식 개선에 기여 중이다.
                    




                복지 사각지대에 놓여 일상생활에 어려움을 겪고 있는 장애인들을 대상으로 재활·교육·취업·주거 복지 등 총 4개의 사업으로 구성된 생애주기별 맞춤형 통합 지원을 전개하는 것도 눈길을 끈다. 장애 아동·청소년들에게 재활 및 학습을 위한 맞춤형 보조기구 지원 사업도 시행하고 있다. 발달·청각 장애인을 위한 취업 교육 및 발달장애인을 대상으로 부모 동반 인턴십 사업, 전국의 노후화된 장애인 거주시설의 환경 개선 사업도 시행 중이다. ◇ 빠르고 효과적인 상생금융 실천





                상생금융에 대한 사회적 요구도 적극적으로 부응하고 있다. 이를 위해 조직개편도 단행했다. 지난해 하나금융은 그룹 ESG 부문 산하에 상생금융지원팀을 신설해 빈틈없는 금융지원을 강화하고 있다. 주요 관계사인 하나은행도 ESG 그룹 산하 상생금융센터를 설치해 효과적이고 신속한 상생금융을 펼치고 있다.민생금융 지원 계획도 속도를 내고 있다. 하나은행은 총 3557억원의 민생금융 지원 계획 중 3467억원을 집행했다. 집행률은 올해 1월 말 기준 97.5%에 이른다. 이 가운데 은행권 공통 프로그램인 개인사업자 대출이자 캐시백 부문에 1999억원을 집행했다. 나머지 1563억원은 자율 프로그램으로 신용보증기금, 기술 보증기금, 무역보험공사 등 보증기관을 이용한 대출 신청 시 필요한 보증료를 지원하고 있다. 지방자치단체 및 지역보증재단과 협약을 맺고 출연금을 통해 지역별 실정에 맞는 자금도 제공하고 있다는 설명이다. 소상공인 사이버금융 범죄 안심 보험 무상 지원, 소상공인 컨설팅 센터(드림센터 3곳) 운영, 거래내역 간편 전송 서비스 무료 제공 등 소상공인 경쟁력 강화 및 디지털 전환 촉진도 지원하고 있다.단순 금융 지원을 넘어 소상공인의 자립 능력 배양 및 지역경제 활성화를 도모하기 위해 총 100억원 규모의 소상공인 지원 사업 ‘하나 파워 온 스토어’도 실시한다. 고효율 에너지 및 디지털 전환 기기 지원, 사업장 간판 및 실내 보수 등 환경개선 지원, 경영 토털 솔루션 컨설팅 지원 등을 통해 총 3300여개의 소상공인 사업장을 대상으로 상생금융 활동을 펼치고 있다는 평가다. ◇ 실버 라이프 케어 앞장선 하나금융하나금융은 고령화 시대를 맞아 신중년 재취업 사업을 실시하고 있다. 조기 퇴직 신중년을 위한 맞춤형 취업 프로그램으로 중장년의 취업 역량을 강화하겠다는 취지다.2022년부터 온라인 취업 교육에 4355명, 오프라인 심화 취업 교육에 1711명이 참여했다. 이 가운데 누적 인원 781명이 재취업에 성공했다. 전국 9개 지역에서 총 10회를 개최한 신중년 맞춤형 취업박람회인 ‘하나JOB 매칭 페스타’를 통해 구인 기업과 구직자들의 취업을 연계하고 있다.청년 창업가 양성도 앞장서고 있다. 청년 창업가 양성 사업은 고용노동부 및 전국 30개 지역 거점 대학과 민관협력을 통해 총 1500여명의 예비·초기 청년 창업가들을 선발해 4주간의 전문 창업 교육 및 지원금 등 창업 기회를 제공하고 있다.혁신기업 인턴십 사업도 운영 중이다. 청년, 장애인, 경력 보유 여성의 인턴십 연계를 통해 일자리 문제 해결에 앞장서는 프로그램이다. 지난해 270명이 선발돼 인턴십 활동을 진행하고 있다. 혁신기업 인턴십 참여 270명의 인턴 중 187명(69.2%)이 정규직으로 전환됐다.미래세대 양성을 위한 교육 프로그램도 확대 시행하고 있다. 전국 초·중·고등학교 대상 1사1교 금융교육을 진행하고 있다. 지난해 416회, 2만1207명 교육을 진행해 청소년들이 올바른 금융 지식 습득하고 건전한 금융 생활을 할 수 있도록 지원했다는 평가다.장현주 기자 blacksea@hankyung.com",https://www.hankyung.com/article/2025071611451,2025.07.16 15:44
입찰 배제되고 공장 신설 막혀…'키 컸다고 벌 받는' 중견기업들,"망가진 기업 성장사다리
(1) '피터팬 증후군' 부추기는 정책

덩치 키우니 규제…'족쇄'가 된 중견기업

中企 졸업하자 자금조달 금리 두 배나 뛰고
우대혜택 모두 끊겨…성장이 되레 '징벌'로","벤처기업에서 중소기업을 거쳐 지난해 중견기업으로 성장한 A사는 최근 자금 조달 문제로 큰 고민에 빠졌다. 정부가 중소·벤처기업을 대상으로 제공하는 연 2~3% 금리의 정책자금을 더 이상 받을 수 없어서다. 그 자리는 연 5~6% 시중은행 대출로 채워야 했다. A사 대표는 “이자 부담은 두 배가 됐는데 공공입찰 등에서 중소기업 우대 혜택을 못 받아 사업 기회가 급감했다”며 “기업 규모를 키워 고용을 늘리면 상을 받는 게 아니라 벌을 받게 돼 중소기업으로 돌아가는 게 차라리 나을 것 같다”고 하소연했다.기업이 커나가는 성장 사다리가 무너지고 있다. 특히 중소기업이 중견기업으로 성장하면 각종 혜택이 줄어 중소기업으로 돌아가려는 중견기업이 급증하는 추세다.21일 한국중견기업연합회에 따르면 중소기업으로 회귀한 중견기업은 2017년 197개에서 2023년 574개로 두 배 가까이 늘었다. 중소기업에 머물겠다는 ‘졸업 유예’ 기업도 2021년 855개에서 2023년 1143개로 증가한 뒤 지난해에는 1377개로 사상 최대치를 경신했다.2014년 중견기업법이 시행된 지 10년이 지나도 기업이 제자리에 머무는 ‘피터팬 증후군’이 확산하는 것은 기업 규모가 커질수록 기계적으로 지원은 줄고 족쇄만 늘기 때문이다. 중소기업에서 중견기업으로 승격하면 각종 세액공제 혜택이 절반 이하로 감소한다. 수익성과 재무 건전성이 개선돼도 조달 금리는 중소기업 때보다 되레 올라간다.역대 정부는 이런 문제점을 인식하고 여러 대책을 내놨지만 중소기업 보호에만 치중할 뿐 기업 성장을 유도하는 단계까지 이르지 못했다. 이재명 대통령도 취임 이후 “기업이 성장할 수 있도록 규제를 합리화하겠다”는 원칙만 밝혔을 뿐 구체적인 성장 사다리 정책은 내놓지 못하고 있다.박양균 중견기업연합회 정책본부장은 “기업 성장 사다리 제도는 잘하는 기업을 더 잘하게 하는 게 아니라 작은 기업만 보호하는 데 치중하고 있다”며 “정책적 보호 대상은 소기업으로 한정하고 그 이상 규모의 기업에 대해선 과감하게 생산성과 투자 중심으로 정책의 틀을 바꿔야 한다”고 지적했다.입찰 배제되고 공장 신설 막혀…'키 컸다고 벌 받는' 중견기업들중견기업 시공테크 '악몽'…규제 폭증 '역차별' 수두룩







이미지 크게보기


Getty Images Bank

                국내외 전시 전문 기업인 시공테크는 한국 전시산업을 개척한 기업으로 평가받는다. 1988년 설립돼 서울올림픽 전야제와 2012년 여수세계박람회의 핵심 프로그램을 전담하고, 국립중앙박물관 및 서울역사박물관 개관을 주도했다.2000건 이상의 프로젝트를 수주하며 한국 전시산업을 이끈 시공테크는 2023년 위기를 맞았다. 연 매출이 1000억원을 넘었다는 이유로 중소기업에서 중견기업으로 바뀐 게 성장의 발목을 잡았다. 승격 이후 중소기업으로 한정한 국내 공공 입찰 자격을 박탈당했다.시공테크가 국내 전시 시장의 80%에 달하는 공공시장에서 배제되자 441개 협력업체와 중소기업중앙회까지 나서서 “중소기업에서 중견기업으로 성장한 기업에 한해 제한적으로 공공조달 시장에 참여할 수 있도록 법을 바꿔달라”고 요청했으나 법 개정은 수년째 표류 중이다. 시공테크 창업자인 박기석 회장은 “전시 사업을 잘해서 중견기업이 됐는데 성장했으니 사업을 그만하라는 게 말이 되냐”고 목소리를 높이고 있지만 정부는 묵묵부답이다.26개 세제 혜택 사라져시공테크의 사례는 기업 성장 사다리 제도의 구조적 문제점을 여실히 보여준다. 정부가 펴낸 ‘2025년 중견기업 지원시책’에 따르면 중소기업에서 중견기업이 되는 순간 지원이 축소되거나 끊기는 세제만 26개다.예를 들어 조세특례제한법에 따라 시설 투자비에 적용되는 통합투자세액 최대 공제율은 중소기업 25%에서 중견기업 15%로 낮아진다. 연구인력개발비 세액공제율도 중소기업은 기술 종류에 따라 25~40%에 달하지만 중견기업은 8~30%에 그친다. 고용 창출 시 주는 1인당 통합고용세액공제 혜택도 중소기업은 최대 950만원을 받는 데 비해 중견기업 혜택은 450만원으로 반 토막 난다.지원 자체가 사라지는 항목도 수두룩하다. 기업 규모 등에 따라 최대 30%까지 법인세를 깎아주는 중소기업 특별세액감면은 중견기업은 받을 수 없다. 금융 혜택도 줄어든다. 중견기업이 중소기업에 비해 수익성이 좋지만 조달금리는 오히려 높다. 한국은행에 따르면 2023년 중견기업의 평균 영업이익률은 4.8%로 중소기업(3.7%)보다 1.1%포인트 높았다. 하지만 같은 기간 중견기업의 평균 이자율은 연 5.7%로 중소기업(4.4%)보다 1.3%포인트 높았다.“차라리 중견기업 개념 없애라”반면 규제는 급증한다. 시공테크처럼 중소기업자 간 경쟁제품으로 지정된 분야에는 공공조달 시장 참여가 제한된다. 중소기업 시절 받던 수의계약 혜택도 받을 수 없다.중소기업은 과밀억제권역, 성장관리권역, 자연보전권역 등에서 공장을 신·증설할 수 있지만 중견기업은 그럴 수 없다. 수출 비중이 전체 매출의 80%가 넘는 한 중견기업이 대표적 예다. 이 기업은 몇 해 전 100억원을 들여 수도권 지역 신규 산업단지에 공장 부지를 마련했지만 ‘중견기업은 수도권 과밀억제권역 내 공장 신설을 할 수 없다’는 조항 때문에 1년 넘게 사업을 진척시키지 못하다 결국 최근 부지를 매각했다.기업 성장 구간에 벌칙을 매기는 체계는 중견기업에서 대기업으로 커 나가는 과정에도 그대로 이어진다. 지인엽 동국대 경제학과 교수가 지난 18일 발표한 연구 결과에 따르면 중견기업의 부채 비율은 자산 5000억원과 2조원 등을 지나면서 약 2~3%포인트씩 높아졌다. 분기보고서 검토나 감사위원회 설치 등 규제가 신설되는 구간에서 기업들이 최대한 자산 기준을 넘어서지 않기 위해 투자 대신 채무 상환을 통한 자산 축소에 나서면서 벌어지는 현상이다.지 교수는 “기업 규모별 차등 규제가 기업의 성장 회피로 이어지고 있다”며 “중소기업이 중견기업을 거쳐 대기업으로 커 나가는 성장 사다리가 구조적으로 막혀 있는 것이나 마찬가지”라고 비판했다.여러 문제에도 정부의 성장 사다리 정책은 2010년 중견기업이란 새로운 기업 틀을 만든 이후 도돌이표다. 반도체 분야의 한 중견기업 대표는 “글로벌 경쟁을 시작하는 단계인 중견기업이 되면 인재도 투자도 더 필요해지는데 지원이 급감해 중소·대기업 사이에서 샌드위치 신세가 된다”며 “중소기업 기준을 확 올리거나 중견기업이란 틀 자체를 없애는 게 기업 성장에 더 도움이 될 것”이라고 지적했다.황정환/원종환 기자 jung@hankyung.com",https://www.hankyung.com/article/2025072126651,2025.07.21 18:04
"피엔티, 신사업 성과 기대에 주가 소폭 상승…펀더멘털 개선 신호",,"피엔티(137400)가 최근 주가 소폭 상승 흐름을 보이며 투자자들의 관심을 모으고 있다. 건식 코팅 기술의 고도화와 신사업 확장이 주요 배경으로, 실적 회복 기대감이 반영된 결과라는 해석이다.회사 설명에 따르면, 피엔티는 롤투롤(R2R) 기반 건식 전극 공정 기술로 국내 배터리 3사에 장비를 공급해왔으며, 이를 바탕으로 기술 신뢰도를 확보하고 있다. 최근에는 건식 공정이 비용·공간 효율 측면에서 경쟁 우위로 부각되는 가운데, 관련 장비 수요가 회복세로 돌아서는 조짐을 보이고 있다.또한 LFP 배터리와 반도체 유리기판 사업의 본격화가 중장기 신사업으로 주목된다. 올해 하반기 구미 공장에서 LFP 배터리 시생산이 예정된 점은 향후 매출 확대 기대를 부추기는 요인이다. 반도체 부문도 유리기판 도금 기술을 적용해 고부가 사업 구조 확장이 점쳐진다.펀더멘털 측면에서는 1분기 실적이 전년 대비 매출과 영업이익이 동반 회복 흐름을 보이면서 내실 개선 신호가 감지된다. PBR과 PER이 업종 평균보다 낮아 밸류에이션 부담이 비교적 완화된 상태이며, 외국인 및 기관 투자자 일부가 소규모 매수세를 유지하고 있다.다만, 신사업 기대가 주가에 이미 일부 선반영된 측면이 있어 실적 전개와 수주 성과 흐름이 예정대로 진행되지 않을 경우 단기 주가 변동성은 상존한다는 지적도 있다. 일부 시장에서는 “기술력 기반은 견고하지만, 매출 연결 시점이 지연될 경우 투자심리도 일시적으로 위축될 수 있다”는 의견이다.기업은행, 뉴키즈온, 동양철관, 삼성중공업, DB손해보험무료상담",https://www.hankyung.com/article/202507158775a,2025.07.15 14:03
"[사설] 퇴직 후 재고용 기업 이미 38%…정년 연장, 강제할 일 아니다",,"만 60세에 정년퇴직한 직원을 재고용하는 제도를 운용 중인 사업장이 지난해 기준으로 14만7402개(37.9%)에 달한다는 한경 보도(7월 23일자 A1, 3면)다. 김위상 국민의힘 의원이 고용노동부에서 제출받은 ‘정년퇴직자 재고용 제도’ 현황에 따르면 조사 대상 사업장 10곳 중 거의 4곳에서 퇴직 후 재고용 방식의 정년 연장을 시행 중인 것으로 나타났다. 재고용 사업장 비율도 2020년(24.1%)과 비교하면 4년 만에 14% 가까이나 높아졌다.기업 필요에 따라 정년퇴직한 직원을 재채용하는 흐름이 확산하는 것을 뚜렷하게 알 수 있다. 업종과 규모에 따라 차이가 있지만, 저출생 여파로 신규 인력 확보에 어려움을 겪는 기업부터 퇴직자 재채용을 늘리는 모습이다. 근속자 고령화는 빠르지만 상대적으로 임금이 낮아 청년층 유입이 적은 건설·부동산업과 제조업, 운수·창고업, 숙박·음식점업 등이 이런 흐름을 주도하고 있다. 300인 이상 중대형 사업장의 절반 이상이 재고용 제도를 운용한다는 점도 긍정적이다.이 같은 흐름에도 정부·여당은 만 65세 정년 연장 입법을 밀어붙일 태세여서 우려가 적지 않다. 지난달 고용노동부는 국정기획위원회에 법정 정년 연장 계획을 보고했고 새로 취임한 김영훈 장관도 “연내 정년 연장 입법을 추진하겠다”고 밝혔다. 빠른 고령화로 인해 계속 고용이 중요한 현안이지만, 법으로 정년 연장을 강제하는 방식은 이미 60세 정년 연장 때 한 차례 경험했듯이 숱한 부작용을 피하기 어렵다.한국은행에 따르면 2016년 시행된 ‘60세 정년’ 법제화로 2024년까지 55~59세 근로자가 약 8만 명 증가했지만 23~27세 근로자는 11만 명 줄었다. 임금 조정조차 힘든 고령층의 퇴직이 늦춰지면서 청년 일자리가 줄어든 탓이다. 자주 언급되는 것처럼 일본은 고용 연장을 추진하면서 기업이 정년 연장, 정년 폐지, 퇴직 후 재고용 중에서 형편에 맞게 선택하도록 했다. 세대 간 다툼 없이 일자리를 지키면서 고령화 추세에 맞춰 계속 고용도 이루려면 강제적 정년 연장이 아니라 기업 자율에 맡기는 게 훨씬 바람직하다.",https://www.hankyung.com/article/2025072252241,2025.07.22 17:38
"美 관세 통보에도 K증시 강세…""현대차 실적이 중요""",,"영상 모듈 닫기




<앵커>외국인 순매수 규모가 조금씩 늘면서 1.6% 넘는 큰 폭의 상승세 나타내고 있는데 시장이 불확실성 해소로 지금 받아들이고 있는 것인지 전문가 연결해서 분석 들어보겠습니다. LS증권 염승환 이사 연결돼 있습니다.이사님,  지금 트럼프가 이재명 대통령의 관세 25%를 통보를 했는데 시장이 오히려 반등을 해버렸습니다. 관세 리스크가 사실상 끝이 났다, 이렇게도 이해할 수 있는 건가요?<염승환 LS증권 이사>어느 정도 폭이 정해진 것 같아요. 완전히 끝났다는 그런 부분보다도 지금 보편 관세는 10%가 바닥이고 10%에서 과연 위의 최대치가 얼마냐 이게 좀 우려가 됐는데 일본 같은 경우 30에서 35%까지도 예상을 했기 때문에 좀 우려가 됐는데 일본도 25, 한국도 변함없이 그냥 25로 지난번에 4월에 부과했던 것에서 결정됐기 때문에 그때 이상의 관세 부과는 안 되겠구나 이렇게 시장이 인식을 하는 것 같고요.그리고 날짜도 8월 1일부터 부과가 되기 때문에 지금 또 3주 정도 시간이 남았거든요. 그러니까 충분히 협상을 통해서 관세율을 낮출 수 있지 않을까 하는 그런 기대감도 있는 것 같습니다. 그래서 최악의 경우 25%지만 3주간의 협상에 따라서는 20% 이하로도 관세를 낮출 수가 있고 특히 베트남 같은 경우도 어쨌든 관세를 굉장히 큰 폭으로 낮춰버렸잖아요. 그러다 보니까 충분히 그런 여지들도 증시에 작용하는 것 같습니다.그래서 주식시장은 불확실성이 완전히 해소된 건 아니지만 관세 그렇게 최악의 수준까지는 안 갈 것 같다는 기대감이 나오면서 일단 주가가 좀 오르는 것 같고 또 오늘 상법 개정 관련해서 배당 분리과세라든가 내수주가 오늘 상당히 강하잖아요. 그런 관련 기업들의 주가 강세도 일단 관세 리스크를 좀 완화시키면서 증시가 굉장히 저도 조금 개인적으로는 단기적으로 쉬어가지 않을까 싶긴 했는데 어쨌든 시장은 굉장히 뜨겁게 또 상승으로 움직여 나가는 것 같습니다.<앵커>트럼프가 보낸 서한을 보면 8월 1일 부과되는 25% 관세가 풍목별 관세와는 또 별개다 이런 입장을 밝히고 있습니다.아무래도 자국 핵심 산업을 보호한다는 취지로 만들어진 게 품목관세이기 때문에 앞으로 관세율 인하를 해도 품목관세보다는 상호관세 쪽일 것이다 이런 전망이 나오던데요 지금 자동차, 철강, 가전 이런 쪽이 품목관세 아니겠습니까. 앞으로 섹터별 투자 전략도 여기에 맞게 달라져야 한다고 보시는지 궁금합니다.<염승환 LS증권 이사>일단 말씀하신 대로 상호관세는 인하 가능성이 높아진 상태는 맞는데 자동차나 철강, 알루미늄 같은 품목관세는 일단 미국이 자국 산업 보호를 위해서 부과한 거기 때문에 아마 낮추기는 당장은 쉽지 않은 것 같고요.개별적으로 협상을 해서 물론 아예 불가능한 건 아닙니다. 왜냐하면 영국 같은 경우는 쿼터제를 적용해서 작년에 수출한 만큼의 생산량은 일단 자동차 같은 경우 10% 관세를 부과해버렸거든요. 그래서 그게 다른 나라도 그렇게 해서 예를 들면 우리나라 현대차도 그냥 어느 정도 작년에 팔았던 만큼 그냥 관세를 이렇게 좀 낮춰주는 그런 모습도 좀 나올 수 있는데 그건 나라마다 다르기 때문에 품목 관세는 아직 좀 명확하게 우리가 판단하기 좀 어렵고요.그러나 품목 관세도 협상에 의해선 낮아질 수도 있다. 다만 이번에 아마 관세율 조정은 상호 관세일 가능성이 높기 때문에 지난번에 베트남을 20% 낮춘 것처럼 과연 우리나라도 얼마 정도 낮출 것인지 이게 좀 관건인 것 같아요.그래서 시장이 기대하는 거는 적어도 20% 이하 또한 15% 정도 요정도를 기대하는데 3주 안에 그게 좀 가능할지 좀 지켜봐야 되겠고 그게 사실 또 가능해지려면 한국이 미국을 위해서 뭔가를 좀 사줘야 됩니다.사실은 이제 베트남 같은 경우는 보잉의 항공기 50대를 80억 달러에 구매하기로 했고 농산물도 구매하기로 했거든요. 그러니까 한국이 뭘 주지 않으면 이게 쉽지는 않은 거죠. 그래서 그걸 3주 동안 협상 과정에서 잘 풀어내기를 기대하고 있고 그리고 주요 수출 섹터들 같은 경우 최근에 자동차나 이런 기업들 굉장히 부진하고 LG전자 같은 가전제품 기업들의 주가도 상대적으로 부진한데 이건 아무래도 품목관세가 쉽게 인하되기는 어렵다는 걸 시장에서는 보고 있는 것 같아요. 그래서 이들이 주가가 더 빠진다 이러진 않겠지만 주도주가 되기는 조금 시간이 필요하지 않을까 이렇게 보고 있습니다.<앵커>그래서 아무래도 화장품이나 식품 이런 쪽을 더 주목해서 보는 시각들도 있더라고요. 지금 관세가 발효되는 8월 1일까지 이제 한 3주 정도 남았는데 그 사이 시장은 아무래도 관세보다는 실적 발표를 더 주목하지 않을까 싶습니다.말씀하신 것처럼 삼성전자와 LG전자 어제 오늘 둘 다 어닝쇼크가 나왔는데 지금 2분기 어닝 시즌은 대체로 좀 부진하다고 예상하는 게 좋을까요?<염승환 LS증권 이사>네 맞습니다. 지금 LG에너지솔루션은 그래도 좀 실적이 잘 나왔지만 사실 그게 뭐 수요가 좋다기보다는 보조금 때문에 좀 실적이 잘 나온 부분이라 좀 평가를 높게 하긴 좀 어려웠죠. 그런데 삼성전자랑 LG전자는 이번에 실적 발표를 했는데 일단 삼성전자도 예상보다 훨씬 안 좋았고 특히 LG전자가 실적이 상당히 안 좋았는데 이게 시사하는 바가 굉장히 큽니다. LG전자는 관세에 그대로 노출된 기업이거든요. 아무래도 지금 미국의 소비자들도 가전제품이나 이런 소비를 좀 줄이고 있고 이미 1분기에 선구매가 좀 있었거든요.그러다 보니까 이제 2분기부터 그게 드러났고 하반기는 더 걱정이 될 수밖에 없고 특히 LG전자 같은 가전회사는 여기에 들어가는 게 알루미늄, 철강 제품이 다 소재로 들어가잖아요. 그러다 보니까 이중이죠. 이게 품목간색까지 부담이 좀 돼버리거든요. 그런데 그게 고스란히 실적이 나왔기 때문에 그런 부분에서 LG전자랑 좀 비슷한 지금 상황이 있는 기업들은 실적이 좀 부진할 가능성을 배제할 수 없는 것 같습니다.가장 대표적인 게 사실 지금 스마트폰, 가전 그리고 이제 제일 주목할 게 자동차잖아요. 그래서 자동차 쪽이 이제 이번 달 말에 좀 실적 발표할 텐데 현대차 기아가 이걸 얼마나 좀 선반영했을지가 좀 관건이 될 것 같고 LG전자처럼 품목 관세라든가 이중의 관세죠. 품목 관세가 두 개잖아요. 자동차 만들 때 철광도 들어가고 거기다가 자동차 자체 관세 25%까지 붙었기 때문에 이거를 과연 잘 선방을 했을지 아니면 LG전자처럼 노출도가 심해서 충격을 받을지 그런 부분에 의해서 어쨌든 실적 시즌의 전반적인 분위기도 판가름 날 수 있기 때문에 일단 이번 달 말에 있을 저는 현대차 그룹주의 실적 발표가 상당히 중요하지 않을까라고 생각을 하고 있습니다.<앵커>지금 그런 사이에 은행, 증권주, 공기업주들, 배당주들이 다시 신고가를 경신하고 있습니다. 상법 개정 다음으로 배당소득 분리과세 정책이 추진될 수 있다 이런 기대감 때문인데 벌써 사실 꽤 많이 올랐는데 말이죠. 상승 여력이 충분히 많이 남았다고 기대를 하십니까?<염승환 LS증권 이사>일단 만약에 지수가 3,100을 넘어섰는데 단기적으로야 부담은 되지만 중장기적으로 아직도 더 상승할 여력은 있다고 보거든요. 그렇게 본다면 충분히 기업들도 많이 올랐어도 여전히 위는 더 열려있지 않을까 싶고 또 지난 몇 년간 굉장히 저평가돼 있었거든요. 상대적으로 굉장히 소외됐기 때문에 밸류가 아직도 그렇게 비싼 편은 아닙니다. 그래서 정책이 그런데 관건은 그거죠. 배당소득 분리과세 정책이 추진이 되고 아마 상법 개정도 더 강화돼서 소액주주들한테 유리한 쪽으로 법이 더 개정이 된다면 사실 그런 기대감이 계속 나오면서 금융주나 특히 공기업주들이 어떻게 보면 솔선수범할 수밖에 없잖아요. 그런 부분에서 더 상승할 가능성이 있는데 그런데 이런 기대감은 반영이 됐는데 막상 정책이 추진되는 속도가 늦어져 버릴 수도 있거든요.법이라는 게 쉽게 제정되는 게 아니다 보니까 그러면 기대했던 부분들이 또 뒤로 밀리면서 주가가 또 크게 빠질 수도 있습니다. 그러니까 결국 지금 시장은 빠른 시간 안에 분리가세라든가 이런 부분들이 빨리 좀 되기를 기대하는데 이게 속도가 좀 어떻게 되느냐가 저는 좀 관건이 될 것 같다.그래서 주가를 앞으로 결정하는 거는 어쨌든 이런 정책 추진의 속도고 밸류에이션은 그렇게 저는 중요하지 않다고 좀 생각하거든요. 어차피 기대감에 의해서 상승하는 거기 때문에 그리고 밸류 자체도 여전히 그렇게 아주 높은 수준은 아니기 때문에 정책의 어떤 부분만 잘못되지만 않는다면 아직은 더 상승 여력이 있다 이렇게 생각을 하고 있습니다.이근형기자 lgh04@wowtv.co.kr",https://www.hankyung.com/article/2025070852515,2025.07.08 15:35
,,,https://magazine.hankyung.com/business/article/202507173881b,
"임대 연장도, 매각도 못해…뒷짐진 정부에 129개 단지 '대혼란'","10년 임대의무 끝나가는데
손놓은 정부 탓에 '혼란'

매각이냐, 사업 연장이냐…
결정 앞둔 임대주택 리츠  

분양전환 기준·기금회수 방안 
아직 없어 처리 불투명","< ‘안갯속’ 민간임대 >  경기 수원시 오목천동 ‘수원 권선 꿈에그린’은 2400가구 규모의 공공지원 민간임대 아파트다. 주택도시보증공사(HUG)와 신한투자증권, 한화 등이 출자한 대한제1호뉴스테이가 2018년부터 임대로 운영하고 있다.  /한화 건설부문 제공

                민간임대주택 리츠(부동산투자회사)의 의무 임대 기간(8~10년) 만기가 속속 다가오는 가운데 ‘출구 전략’에 관한 정부 지침이 불명확해 현장에서 혼선을 빚고 있다. 2015년 뉴스테이(기업형 임대주택) 사업으로 도입된 민간임대 리츠 정책의 신뢰가 흔들리고 관련 산업이 위축될 것이라는 우려가 나온다.16일 업계에 따르면 올해 서울 영등포 ‘H하우스 대림 뉴스테이’(301가구), 경기 성남 ‘e편한세상 테라스 위례’(360가구), 충남 천안 ‘천안두정 대림아크로텔’(1135실) 등을 보유한 민간임대 리츠 세 곳이 만기를 맞는다. 내년에는 인천 ‘e편한세상 도화’ 등 11곳이 의무 임대 기간을 채운다. 그동안 공급된 민간임대는 129개 단지, 10만3000여 가구에 달한다.문제는 이들 리츠가 임대 사업을 연장할지, 분양(매각)할지를 확정하지 못하고 있다는 점이다. 세입자의 주거 안정을 위해서도 향후 운영 방향을 정해야 한다. 하지만 정부는 분양 전환 시점과 방식, 기금 회수 방안 등 가이드라인을 제시하지 않고 있다. 오는 11월 만기인 e편한세상 테라스 위례 세입자들은 지난달 분양추진위원회를 구성해 임대사업자, 국토교통부, 주택도시보증공사(HUG) 등에 해결책을 요구했지만 “정해진 것은 없다”는 답변만 들었다.대부분 민간임대는 낮은 임대료로 적자를 내고 있어 매각 수익으로 사업비를 충당해야 한다. 하지만 매각할 때 기금 출자자인 HUG 동의가 필요하고, 임대차보호법에 따른 계약갱신요구권이 변수라는 지적이 나온다. 국회에는 분양 전환할 때 무주택 임차인에게 우선 분양하도록 하는 법안이 발의돼 있다. 조준현 한국리츠협회 정책본부장은 “민간이 정부 정책을 신뢰하고 장기 임대를 감수해 왔다”며 “임대사업자가 적정한 이윤을 회수할 수 있도록 출구 전략을 마련해줘야 한다”고 말했다.'민간임대 만기' 10만가구 출구 막혔다 대다수 리츠, 적자 허덕…매각해야 사업비 건지는데인천 미추홀구 ‘e편한세상 도화’ 5단지(932가구)와 6-1단지(1173가구)는 2015년 박근혜 정부가 중산층 주거 혁신 정책으로 내세운 ‘뉴스테이’(기업형 임대주택) 1호 사업장이다. 임대료가 시세보다 저렴해 매각(분양 전환)해야 출자자가 사업비를 건질 수 있다. 하지만 내년 2월 의무 임대 기간이 끝나는데 아직 출구 전략을 못 세우고 있다.임대주택 리츠(부동산투자회사) 만기가 속속 다가오는데도 정부 규정이나 지침이 명확하지 않아 현장에서 혼란이 벌어지고 있다. 민간 사업자가 만기 때 손실을 만회해야 하지만 뾰족한 해결책이 없다. 세입자도 임대 연장이나 분양이 가능한지 몰라 피해가 커질 수 있다는 우려가 나온다.
                    






이미지 크게보기



 ◇ 불명확한 지침에 만기 앞둔 리츠 혼란16일 한국리츠협회에 따르면 지난 3월 기준 임대주택 리츠는 182개, 19만4708가구(총자산 42조9000억원)다. 이 중 주택도시보증공사(HUG) 등의 출자를 받아 민간 사업자가 운영하는 ‘공공지원 민간임대주택 리츠’가 129개(10만3769가구)로 가장 많다. 공공지원 민간임대는 공공임대보다 임대료는 높지만, 민간 자본과 노하우를 활용해 주거 품질이 상대적으로 우수한 장점이 있다. 입주 자격이 유연해 더 많은 계층이 신청할 수 있다.2015년 ‘민간임대주택에 관한 특별법’ 제정으로 본격화한 공공지원 민간임대주택 리츠의 만기가 다가오고 있다. 올해는 서울 영등포구 ‘H하우스 대림 뉴스테이’(301가구), 경기 성남 ‘e편한세상 테라스 위례’(360가구), 충남 천안 ‘천안두정 대림아크로텔’(1135실)이 의무 임대 기간을 채운다. 내년 11곳에 이어 2027년 7곳, 2028년 9곳, 2029년 9곳이 예정돼 있다.만기를 앞둔 리츠에는 두 가지 선택지가 있다. 임대 사업 연장과 분양 전환이다. 업계에선 “지금 같은 상황이라면 두 선택지 모두 혼란이 따른다”고 말한다. 대부분 임대주택 리츠는 적자다. 임대 연장을 고려해도 최대 출자자인 HUG가 동의해줄지 불투명하다. HUG가 돈을 빼면 새로 자본을 조달해야 해 사업성이 떨어질 수밖에 없다. ◇ 분양 전환 단지 규제 움직임도매각도 간단치 않다. 2020년 임대차보호법 개정으로 생긴 계약갱신요구권 때문이다. 의무 임대 기간이 끝난 뒤 매각하고 싶어도 임차인을 마음대로 내보낼 수 없다. 공공임대는 관련법에 따라 분양 전환 미신청 가구에 퇴거를 요구할 수 있지만, 민간임대는 민간임대주택특별법에 관련 조항이 없다. 의무 임대 기간이 끝난 민간임대주택에만 계약갱신요구권 적용을 예외로 해야 한다는 요구가 나오는 이유다. 업계 관계자는 “중간에 공실이 생기면 새 임차인을 받지 않는 곳도 있다”고 했다.정치권에서 만기 도래 리츠를 규제하려는 움직임을 보이는 것도 불안 요인이다. 공공지원 민간임대주택이 분양 전환할 때 무주택 임차인에게 우선 분양하도록 하는 법안과 분양가에 제한을 두도록 하는 법안 등이 발의됐다. 리츠협회 관계자는 “중산층 수요까지 흡수한다는 정책 취지에 따라 뉴스테이 단지엔 유주택 입주자가 많다”며 “발의 법안이 통과되면 입주자 반발이 클 것”이라고 했다.업계에선 민간임대주택 리츠에 종합부동산세를 면제하고, 임대주택 운영을 목적으로 통매입하면 취득세를 면제해주는 유인책이 필요하다고 말한다. 2015년 시작한 뉴스테이가 2018년 공공지원 민간임대주택으로 바뀌고, 지난해에는 기업형 장기임대주택이 새로 발표되는 등 정책 변화가 잦았다. 당시 정책에 맞춰 공급된 단지를 뒤늦게 규제한다면 신뢰를 떨어뜨려 민간임대 산업이 크게 위축될 것이란 지적이 나온다. 박원갑 국민은행 부동산수석전문위원은 “임대주택 사업자는 뉴스테이 사업이 어떻게 마무리될지 관심이 높다”며 “임대주택 시장을 활성화하려면 이들 사업장에 안정적인 출구를 보장해 시장 신뢰를 확보해야 한다”고 말했다.임근호 기자 eigen@hankyung.com",https://www.hankyung.com/article/2025071626681,2025.07.16 17:29
"기업은행, '2025년 하반기 정기인사' 단행",여신문화개선팀 등 신설,"기업은행이 15일 내부통제 강화, 미래 경쟁력 강화 등에 초점을 맞춰 하반기 인사와 조직 개편을 단행했다.대규모 부당대출 사고의 재발을 막기 위해 여신(대출) 관련 의사결정 체계를 검토·재설계할 '여신문화개선팀'이 신설됐고, 내부통제 분야 인력도 증원됐다.정보기술(IT) 시스템의 재설계, 신기술 도입 등을 전담할 IT 그룹 직속 'IT아키텍처팀'도 새로 구성됐다.팀장급을 대상으로 한 부점장 행태공모를 실시했다. 영업 현장에서 최선을 다한 팀원급 실무자들에 대한 승진 규모도 지속 확대해 동기부여와 조직 활력 제고도 도모했다.김성태 기업은행장은 ""쇄신 계획 이행을 통해 은행의 신뢰를 회복하고 가치금융을 성공적으로 마무리하기 위한 인사와 조직개편""이라고 설명했다.장현주 기자 blacksea@hankyung.com",https://www.hankyung.com/article/202507150175i,2025.07.15 17:31
,,,https://magazine.hankyung.com/business/article/202507096404b,
신흥 메디힐 vs 전통강자 삼천리…女골프단 경쟁 '후끈',"KLPGA 관전포인트 된 구단 경쟁

메디힐, 박현경 등 톱랭커 영입
시즌 4승째…다승 구단 1위

삼천리 선수단, 매 대회 톱10 올라
박보겸·고지우·마다솜 등 맹활약
NH證·KB금융도 각각 2승 기록 

올 박혜준 영입한 두산건설 
롯데오픈 우승하며 무관 탈출","이예원 박현경 등 톱랭커를 공격적으로 영입해 4승을 거둔 메디힐, 전통과 실속을 챙긴 삼천리.올 시즌 한국여자프로골프(KLPGA)투어의 관전 포인트 중 하나인 구단 간 경쟁에서 메디힐과 삼천리가 치열한 싸움을 벌이고 있다. 이예원 박현경을 보유한 메디힐이 4승을 올렸고 ‘골프단 원조’로 꼽히는 삼천리는 선수들의 고른 활약으로 골프팬에게 강한 인상을 남겼다. ◇신흥 강자 메디힐·전통의 삼천리







이미지 크게보기



                개인 종목인 골프에서 골프단은 사실상 한국 여자골프에서만 볼 수 있는 독특한 문화다. 선수 후원에 적극 나선 기업들이 자신들의 문화와 컬러를 선수들에게 입힌 결과다. 구단 소속 코치를 두고 훈련을 지원하는가 하면 시즌 시작을 앞두고 구단별 단체 사진을 찍으며 ‘원팀’ 이미지를 내세운다.최근 롯데오픈에서 두산건설 골프단에 첫 승을 안긴 박혜준은 “골프는 개인 종목이지만 두산건설은 가족 같은 분위기로 선수들을 챙기고 응원한다”고 고마움을 전하기도 했다. KLPGA는 올 시즌부터 각 구단 최고 순위 선수 2명의 성적을 합산하는 ‘구단랭킹’을 도입해 구단 간 경쟁을 흥행 요소로 활용하고 있다.메디힐은 올 시즌 가장 주목받는 구단이다. 2017년 골프 후원시장에 진출한 뒤 지난해까지 1승도 거두지 못한 메디힐은 지난겨울 스토브리그의 ‘메기’로 떠올랐다. 이예원 박현경 배소현 한진선 등을 한꺼번에 영입하는 ‘물량 공세’에 나섰다. 업계에서는 메디힐이 선수 영입에만 수십억원을 쏟아부었다는 분석이 나왔다.투자는 곧 결실을 봤다. 이예원은 상반기에만 3승을 휩쓸며 자신의 모자에 새겨진 ‘메디힐’ 브랜드를 알렸고, 박현경도 1승을 추가했다. 여기에 기존 멤버인 이채은도 두 번의 준우승으로 언제든 우승할 수 있는 선수로 떠올랐다.삼천리골프단은 오랜 투자와 지원이 올해부터 본격적인 꽃을 피우고 있다. 2014년부터 골프단을 운영한 삼천리는 오랜 기간 믿고 기다리는 후원으로 유명하다. 삼천리 대표 선수로 활약한 김해림이 은퇴 후 구단 코치로 합류할 정도로 기업과 선수들의 의리가 끈끈하다.올 시즌 첫 대회인 3월 블루캐니언레이디스챔피언십은 삼천리의 독무대였다. 우승자 박보겸을 비롯해 고지우가 준우승, 마다솜·유현조 공동 4위, 전예성 10위 등 톱10에 5명이나 이름을 올렸다. 맥콜모나용평에서 우승한 고지우를 비롯해 삼천리는 거의 매 대회 톱10에 소속 선수들의 이름을 올리고 있다.NH투자증권과 KB금융도 2승씩을 거두며 전통 강자 자리를 지키고 있다. 정윤지와 이가영은 2주 연속 나란히 우승하며 NH투자증권의 이름을 골프팬에게 각인시켰다. 올 시즌 KB금융과 재계약한 방신실은 상반기에만 2승을 올리며 후원사의 믿음에 화답했다. ◇두산건설, 박혜준 ‘베팅’으로 첫 승올해부터 새롭게 도입된 KLPGA 구단랭킹에서는 삼천리가 402.88포인트로 2위 동부건설(307.49포인트)을 크게 앞질러 압도적 1위를 달리고 있다. 각 구단 대표 선수 2명의 ‘팀 베스트스코어’로 순위를 매기는 방식으로, 지난 5월 KLPGA챔피언십부터 정식 운영됐다. 10개 대회 중 삼천리는 구단전 기준 4개 대회에서 우승했다.김수지와 박주영을 앞세운 동부건설, ‘복덩이’ 박혜준에 올 시즌 상승세를 이어가며 부활 준비를 마친 임희정이 가세한 두산건설이 각각 2위, 3위를 달리고 있다. 메디힐은 구단랭킹에 참여하지 않는다.스토브리그에서 베팅에 성공한 구단도 눈길을 끈다. 두산건설이 대표적이다. 2023년 출범한 두산건설 골프단은 임희정 박결 등 스타플레이어를 영입했지만 우승을 거두지는 못했다. ‘비밀병기’로 영입한 박혜준이 롯데오픈에서 1위를 차지하며 우승 가뭄에서 벗어났다. SBI저축은행은 지난해 루키로 영입한 이동은이 지난달 내셔널타이틀 대회 한국여자오픈에서 우승하며 ‘대박’을 터트렸다.조수영 기자 delinews@hankyung.com",https://www.hankyung.com/article/2025071752621,2025.07.17 17:07
,,,https://magazine.hankyung.com/business/article/202507023926b,
"[단독] 美 에식스솔루션즈 IPO 시동…LS, 중복상장 이슈 정면돌파","9월 예심 청구…내년 상장 목표
전기차 제조사에 특수권선 납품 
시장 급성장에 대규모 설비 투자","▶마켓인사이트 7월 22일 오후 3시 2분LS그룹이 미국 권선 계열사 에식스솔루션즈의 기업공개(IPO)에 본격 시동을 건다. 가파른 성장세를 이어가고 있는 전기자동차용 특수 권선 시장 공략을 목표로 대규모 설비 투자에 활용할 자금을 확보하기 위해서다.22일 투자은행(IB)업계에 따르면 LS그룹은 오는 9월 한국거래소에 상장 예비심사를 청구할 예정이다. 상장 목표 시점은 내년 초다.최소 2조원, 최대 4조원대 기업가치로 4000억원가량을 공모하는 게 목표다. 구주 매출 없이 100% 신주만 모집할 계획이다. 대표 주관사는 미래에셋증권과 한국투자증권이다.에식스솔루션즈는 권선 시장 세계 1위 기업이다. 변압기와 모터 등 전자장치에 감는 특수 권선이 주력 제품이다. 이번에 IPO에 나서는 것은 전기차용 특수 권선 시장의 급성장이 예상되는 만큼 대규모 설비 투자금을 마련하기 위해서다. 에식스솔루션즈는 차량용 특수 권선을 세계 최대 전기차 제조업체 테슬라 등에 납품하고 있다.LS그룹은 설비 투자가 이뤄지면 2023년 5100만달러(약 700억원)에 그친 에식스솔루션즈의 상각전영업이익(EBITDA)이 2028년 2억4800만달러(약 3440억원)로 급증할 것으로 기대하고 있다.에식스솔루션즈의 전신인 에식스는 1930년 설립된 미국 전선회사다. LS그룹은 2008년 미국 나스닥시장에 상장된 이 회사를 인수하면서 상장폐지했다.LS그룹은 에식스솔루션즈 상장이 모회사인 ㈜LS 주주에게도 이로운 경영상 결정이라는 점을 내세워 ‘중복 상장’ 논란을 정면 돌파하겠다는 구상이다. IB업계 관계자는 “에식스솔루션즈는 인수합병(M&A)을 통해 계열사로 편입한 회사이며, 독립적인 사업 구조를 갖고 있다”며 “모회사의 미래 핵심 사업을 물적분할해 상장시킨 ‘쪼개기 상장’ 사례와는 달라 중복 상장 논란에서도 상대적으로 자유롭다”고 말했다.박종관 기자 pjk@hankyung.com",https://www.hankyung.com/article/2025072252131,2025.07.22 18:01
"박준홍 디사일로 부대표 ""소상공인 금융 소외, 소상공인 특화 데이터 간의 안전한 연결이 핵심""",,"국내 전체 사업체의 85%를 차지하는 소상공인은 우리 경제의 기반이지만, 여전히 금융 서비스에서는 사각지대에 놓여 있다.특히 월 매출 1000만 원 이상의 디저트 가게나 항상 문전성시를 이루는 식당을 운영하더라도, 전통적인 신용평가 모델 기준에서는 낮은 점수를 받아 대출이 거절되는 사례가 반복된다. 이는 직장인을 중심으로 설계된 기존 신용평가 기준이 소상공인의 실질적인 상환 능력을 제대로 반영하지 못하기 때문이다.이러한 구조적 문제를 해결하기 위한 시도로, 디사일로는 뱅크샐러드, 한국신용데이터(KCD)와 함께 동형암호 기반의 소상공인 특화 대안신용평가 모델을 구축하고 있다.뱅크샐러드 주관으로 진행되는 이번 사업은 과학기술정보통신부와 한국데이터산업진흥원이 주관하는 마이데이터 종합기반 조성사업의 일환으로 진행된다.뱅크샐러드는 개인 마이데이터를 통해 수집한 보험 가입 및 금융 투자 내역을, 한국신용데이터는 캐시노트 앱을 통해 수집한 개인사업자 매출·매입 데이터를 제공한다.국내 유일의 동형암호 기반 데이터 분석 플랫폼 전문기업인 디사일로는 본 사업의 핵심 기술 인프라를 담당하고 있다.박준홍 디사일로 부대표에게 이번 사업의 배경과 기술적 접근, 그리고 소상공인 금융 포용을 향한 전망에 대해 들어봤다.이번에 진행하시는 사업에 대해 소개해주실 수 있나요?“이번 사업은 소상공인을 위한 새로운 형태의 대안 신용평가 모델을 만드는 프로젝트입니다. 디사일로를 비롯해 뱅크샐러드, 한국신용데이터(KCD), 신용평가사가 함께 이 문제를 해결하기 위해 참여하고 있습니다. 뱅크샐러드는 개인의 금융 거래 데이터를, KCD는 사업장의 매출·매입 관련 데이터를, 신용평가사는 신용평가정보를 가지고 있죠. 이처럼 서로 다른 기관이 보유한 데이터를 안전하게 연계해, 소상공인의 실제 상환 능력을 보다 정확하게 평가하고, 대출 기회를 확대함으로써 포용 금융을 실현하고자 합니다.”‘동형암호’가 새로운 키워드 같습니다. 동형암호 기반의 평가 방식은 어떤 차별점을 갖나요?“기존에는 기관 간 데이터를 분석하려면 원본 데이터를 한 곳에 모아야 했습니다. 다른 기관 간에 데이터를 주고받아야 하니 데이터 보유 기관들의 데이터 소유권이 불분명해지거나, 데이터가 이동하는 과정에서 보안 이슈도 염려해야 했죠. 하지만 동형암호는 데이터를 암호화한 상태에서 복호화 과정 없이 데이터 통합과 분석에 활용할 수 있는 기술입니다.쉽게 말해, 각 기관이 데이터 원본을 외부 기관에게 노출시키지 않고도 데이터 협업에 참여할 수 있게 만드는 구조죠. 그래서 기업 입장에서는 자산으로서의 데이터는 그대로 지킬 수 있고, 소상공인 입장에서는 훨씬 다양한 지표를 반영한 평가를 기대할 수 있습니다. 즉, 데이터 유출 위험을 최소화하며 공정한 평가에 기여하게 만들어주는 것이라고 볼 수 있습니다.저희는 이 동형암호 기반 분석 인프라를 실제로 설계하고 운영하는 기술 파트너입니다. 각 기관의 데이터가 절대 유출되지 않으면서도 분석 가능하도록 설계된 시스템을 만들고 있고요. 기술적으로 불가능하다고 여겨졌던 구조를 실현 가능하게 만든 셈입니다.”이런 대안 평가 모델을 구축하게 된 배경이 궁금합니다. 왜 이런 모델이 필요한가요?“앞서 말했듯, 소상공인은 전체 사업체의 85%를 차지할 만큼 경제 구조에서 큰 비중을 차지하지만, 소상공인의 약 40% 이상이 100점 기준, 10점 이하의 신용 재무등급점수를 받아보는 등 여전히 금융 서비스에서는 소외되고 있습니다. 이는 소상공인에 특화된 지표를 기반으로 소상공인 특화 대안 평가 모델을 구축해야 함을 의미합니다. 이런 대안평가모델을 위해선 소상공인 특화된 지표를 발굴하는 것이 중요합니다.”소상공인 특화 지표를 발굴할 때 중요한 것은 무엇인가요?“소상공인의 데이터를 잘 활용하는 것이 중요합니다. 가령 업장의 실제 매출 신고 데이터, POS 단말기에 축적되고 있는 실시간 매출이나 배달 데이터, 업장에 방문한 고객의 리뷰 데이터, 임대료 결제 데이터 등 다양한 이종 데이터들을 종합하면 소상공인의 실제 사업 능력과 상환 능력을 훨씬 정확하게 평가할 수 있지만, 이 데이터들이 잘 활용되지 못하고 있는 실정입니다.이런 데이터들이 활용되지 못하는 이유에는 크게 세 가지 문제가 있어요. 첫째는 법적 리스크입니다. 개인정보보호법상 데이터를 외부에 제공했다가 유출사고라도 발생하면 해당 기업이 모든 책임을 져야 해요. 둘째는 경쟁 우위 문제입니다. 각 기업은 보유 데이터를 핵심 경쟁력으로 보기 때문에 외부 공유를 꺼립니다. 셋째는 기술적 인프라 부족입니다. 이렇게 분산된 데이터를 안전하게 결합하고 분석할 수 있는 기술적 솔루션이 부족한 실정입니다.”해외에서는 이런 소상공인 신용평가 문제를 기술로서 해결한 사례가 있나요?“대표적으로 소개하고 싶은 사례로 홍콩금융관리국(HKMA)이 홍콩응용과학기술연구원(ASTRI)에 의뢰해 개발한 소상공인 대안신용평가 모델이 있습니다. 스탠다드차타드은행, 맛집 리뷰 플랫폼, 물류 플랫폼 등이 참여했는데, PET 기술을 활용해서 각 기관의 매출, 거래, 평판 등 데이터를 직접 주고받지 않고도 통합 신용평가가 가능한 시스템을 만들었어요. 이를 통해 기존에 신용정보가 부족했던 소상공인들이 공정한 평가를 받을 수 있게 됐고, 실제로 신용평가 모델의 정확도도 기존 대비 약 15% 향상됐다고 합니다.”국내에서도 ‘마이데이터 2.0’ 정책이 화두인데, 어떤 변화가 예상되나요?“마이데이터 2.0은 금융 데이터 활용 패러다임의 근본적 전환을 의미합니다. ‘조회 중심’에서 ‘활용 중심’ 시대로의 전환이죠. 금융 데이터를 활용한 고부가 서비스 제공을 확대하려는 방향입니다. 단순히 데이터를 보여주는 것을 넘어 실제 사회 문제 해결에 활용할 기반을 만들겠다는 거죠.”이런 정책적 변화에 맞는 구체적인 기술적 방안이 있나요?“이런 정책 변화 속에서 특히 주목받는 것이 데이터를 보호하면서도 동시에 활용할 수 있는 기술입니다. 데이터 활용을 허용하면서도 보안을 강화해야 한다는 정책 목표를 달성하려면, 기존과는 완전히 다른 기술적 접근이 필요하기 때문이에요. 동형암호가 이를 충족하는 대표적인 기술적 솔루션이라고 볼 수 있습니다. ‘동형암호 기반의 소상공인 대안신용평가 모델’ 역시 마이데이터 2.0 정책이 추구하는 ‘보안과 활용의 양립’이라는 목표를 기술적으로 구현하는 시도라고 볼 수 있습니다.디사일로는 정부가 나아가는 방향에 있어 필요한 기술을 제공하여 실현 가능성을 높여주는 팀이라고 생각해요. 마이데이터 2.0 같은 정책 목표가 현실에서 작동할 수 있도록 기술적 뒷받침을 하는 것이 저희 역할입니다.”현재 상황을 어떻게 평가하시나요?“다행히 지금 우리는 제도와 기술, 시장의 세 축이 동시에 변화의 흐름에 진입하고 있는 시점에 서 있어요. 정부는 마이데이터 2.0과 같은 정책을 통해 데이터 활용과 보안 강화를 동시에 추진하고 있고, 저희 같은 기술기업들은 동형암호를 포함한 Privacy Enhancing Technologies라는 혁신적 해법을 제시하고 있습니다. 금융기관들도 소상공인의 어려움을 인식하고 새로운 모델에 대한 관심을 보이고 있기에 긍정적이라고 평가합니다.”아직 해결해야 할 과제도 많을 것 같은데요?“맞습니다. 기술적 완성도를 높이는 것은 물론, 제도적 뒷받침과 사회적 수용성 확보라는 과제가 남아 있어요. 특히 새로운 신용평가 방식에 대한 신뢰를 쌓고, 관련 법규를 정비하는 일은 단기간에 해결되기 어려운 복합적 문제죠. 하지만 변화의 신호는 곳곳에서 감지되고 있습니다.”마지막으로 강조하고 싶은 말씀이 있다면요?“결국 소상공인에게 더 공정한 금융 환경을 만들어가는 것은 어느 한 주체의 노력만으로는 불가능합니다. 기술 혁신, 정책 지원, 금융기관의 변화, 그리고 사회적 인식 개선이 함께 이뤄져야 할 일이에요. 변화는 이미 시작되었지만, 완성된 답을 찾기까지는 더 많은 시도와 협력이 필요할 것입니다. 저희 디사일로는 그 변화의 중심에서 기술적 해법을 제공하는 역할을 충실히 해나가겠습니다.”현재 디사일로, 뱅크샐러드, KCD가 공동으로 개발 중인 ‘동형암호 기반 소상공인 대안 신용평가 모델’은 12월 출시를 목표로 하고 있다. 정식 출시 이후에는 뱅크샐러드 앱을 통해 관련 서비스를 소상공인들이 직접 이용할 수 있게 될 전망이다.한경닷컴 뉴스룸 open@hankyung.com",https://www.hankyung.com/article/202507223625O,2025.07.22 09:52
"KB증권, 3회 연속 대상…베스트 애널엔 새내기만 6명","한경 비즈니스 2025년 상반기 베스트 증권사-애널리스트

펀드매니저 등 1529명 설문
AI·로봇 왕좌 1993년생 양승윤
글로벌 기업 부문엔 김세환
방산·우주·기계에선 이동헌

이화정·장문수·김용구 첫 영예
김동원, 반도체·스마트폰 2관왕","2025년 상반기 가장 뛰어난 활약을 펼친 애널리스트를 뽑는 조사에서 6명의 신예가 등장했다. 인공지능(AI)과 로봇, 글로벌 기업, 방산·우주 등 투자자의 관심이 커진 부문을 신설하면서 새로운 강자가 급부상했다. 베스트 증권사 자리는 작년 상반기 이후 3회 연속으로 KB증권에 돌아갔다. ◇주도주 변화로 탄생한 6명의 샛별





                한경비즈니스는 1999년부터 국내 연기금, 자산운용사, 은행, 보험사 등의 펀드매니저를 대상으로 매년 상반기와 하반기 베스트 증권사 및 애널리스트를 조사하고 있다. 올해는 운용 규모가 1000억원 이상인 기관의 매니저 1529명을 대상으로 실시했다. 주도주 변화에 따라 방산·우주·기계와 AI·로보틱스, 글로벌 기업 분석 등의 부문을 신설했다. 제약·바이오 부문에 의료기기 업종을 추가했고, 원자재 부문엔 디지털자산 부문을 더했다.이번에는 베스트 애널리스트에 처음 이름을 올린 연구원이 6명이나 나왔다. AI·로보틱스 부문 베스트 애널리스트는 양승윤 유진투자증권 연구원에게 돌아갔다. 1993년생으로 리서치센터 연구원 경력은 만 4년이 채 되지 않는다. 올해 펀드매니저가 가장 주목한 애널리스트 1위에도 올라서 ‘차세대 스타 애널리스트’ 탄생을 알렸다. 로봇산업의 현실과 기대 간 간극을 냉정하게 짚은 ‘아직은 꿈속의 로봇’ 리포트가 대표작으로 꼽힌다.글로벌 기업분석 부문 1위는 김세환 KB증권 연구원이 차지했다. 2008년부터 해외 주식 관련 업무를 시작한 ‘업계 1세대’다. 매월 ‘미국 주식 포트폴리오+’ 시리즈를 발간하고 있다. 신설된 방산·우주·기계 부문에선 이동헌 신한투자증권 연구원이 1위였다.엔터·레저·미디어 부문에선 이화정 NH투자증권 연구원이 처음으로 베스트 애널리스트로 꼽혔다. 장문수 현대차증권 연구원은 자동차·타이어 부문, 김용구 유안타증권 연구원은 글로벌 투자전략(미국-선진국)에서 베스트 애널리스트에 이름을 올렸다. 김 연구원은 과거 시황과 파생전략 부문에서 베스트 애널리스트에 오른 적이 있다.김동원 KB증권 리서치센터장은 지난해에 이어 올해도 반도체 부문과 전기전자·스마트폰 부문에서 2관왕을 차지했다. 김 센터장을 비롯해 윤재성 하나증권 연구원(정유·화학), 최정욱 하나증권 연구원(은행·신용카드), 이은택 KB증권 연구원(투자전략)은 올해도 베스트 애널리스트 자리를 놓치지 않았다. 10회 이상 연속으로 수상한 베테랑들이다. ◇3회 연속 1위 거머쥔 KB증권올해 베스트 증권사는 KB증권에 돌아갔다. 국내 27개 증권사를 대상으로 진행한 설문조사 결과다. 2024년 상반기 처음으로 종합 1등을 차지한 뒤 3회 연속 이어진 독주다. 리서치센터의 보고서 품질과 기관투자가를 대상으로 한 법인영업 부문의 매매 체결 역량, 정보 제공 수준 등이 종합적으로 반영됐다. 리서치 평가에서는 보고서의 신뢰도와 적시성, 프레젠테이션 능력 등 모든 부문에서 가장 높은 점수를 받았다. 김동원 센터장은 “최근엔 AI를 활용해 리서치를 고도화하는 데 집중하고 있다”며 “상반기에만 총 142건의 AI 실적 속보를 발간했다”고 말했다.KB증권은 2023년 하반기 이후 4회 연속으로 베스트 법인영업 증권사로도 꼽혔다. 박정우 KB증권 액티브영업본부장은 “리서치센터와의 유기적 소통과 협업, 수평적 소통체계 등이 1위 비결”이라고 소개했다.최우수상은 NH투자증권이 가져갔다. NH투자증권은 국내 증권사 중 가장 많은 애널리스트를 보유하고 있다. 대선 이전부터 한국 증시 상승을 가장 먼저 예견한 증권사로 평가받았다.
                    






이미지 크게보기



                심성미 기자 smshim@hankyung.com",https://www.hankyung.com/article/2025071475541,2025.07.14 17:36
벤처펀드 상장…개인도 초기 스타트업 투자,"정무위 'BDC 도입' 법안 통과

운용사·VC 등 BDC 펀드 조성
주식처럼 손쉽게 거래 가능
美선 높은 배당 수익으로 인기 

국회 소위 넘어…내년 시행 전망
업계 ""스타트업 자금난 해소 기대""","코스피지수가 영업일 기준 나흘 만에 3200선을 회복한 21일 서울 여의도 한국거래소 전광판에 종가가 표시돼 있다. /임형택 기자

                기업성장집합투자기구(BDC) 제도 시행이 초읽기에 들어가면서 개인들이 초기 벤처기업에 자유롭게 투자할 수 있게 됐다. 설정 기간 자금 회수가 불가능한 일반적인 폐쇄형 펀드와 달리 한국거래소에 상장돼 주식처럼 사고팔 수 있는 ‘상장형 벤처펀드’를 통해서다. 지금까지 스타트업이나 비상장 벤처기업 투자는 주로 기관의 영역이었다.◇“주식처럼 벤처펀드 매매 가능”BDC는 벤처기업의 성장을 지원하고 모험자본을 공급하기 위한 상품이다. 자산 총액의 40% 이상을 벤처 및 혁신기업에 투자할 수 있다. 금융회사 차입을 통해 비상장기업에 대한 금전 대출도 집행할 수 있다. 다만 전체 자산의 10% 이상을 국채나 한국은행 통화안정증권 등 안전자산에 넣어야 한다. 일종의 투자자 보호 장치다.설정 후에는 상장지수펀드(ETF)처럼 거래소에 상장돼 일반 주식처럼 매매할 수 있다. 투자자 입장에선 위험성이 큰 비상장 기업에 직접 투자하는 대신 전문 운용 주체를 통한 간접투자 기회를 가질 수 있다. 투자 대상은 비상장 기업인데, 코넥스시장에 상장된 중소 벤처기업도 편입할 수 있다.BDC를 취급하는 곳은 일정 규모 이상의 자기자본과 운용 인력을 보유하고, 이해상충 방지 체계를 갖춘 자산운용사와 증권사, 벤처캐피털 등이 될 전망이다. 금융당국 인가를 받아야 하지만 운용사 등에 새로운 사업 기회를 마련해 줄 수 있다.그동안 개인들이 비상장 주식에 투자하려면 ‘증권플러스 비상장’과 ‘서울거래소 비상장’ 등 전문 플랫폼을 이용해야 했다. 비공식 경로를 통한 투자 위험도 적지 않았다.미국은 허큘리스 아레스캐피털 메인스트리트캐피털 등 50여 개의 BDC를 상장한 상태다. 이들은 중소·중견기업뿐만 아니라 기술 스타트업 등에 자금을 공급하고 있다. 이들 BDC가 높은 배당 수익을 제공하면서 개인투자자의 안정적인 수익원으로도 자리 잡고 있다.◇펀드 설정 후 90일 내 상장해야BDC 관련 법안은 무난히 국회를 통과할 가능성이 높다는 게 정치권의 판단이다. 이재명 대통령의 1호 공약 중 하나였기 때문이다. 이 대통령은 후보 시절 “BDC를 통해 민간 자금을 벤처기업에 공급하고, 비상장 혁신기업 투자 기회를 다변화하겠다”고 강조했다.금융당국도 적극적이다. 금융위원회는 2022년부터 BDC 도입을 추진해 왔다. BDC 관련 법안은 벤처펀드의 설정 후 90일 이내 상장을 의무화하고 있다. 모든 펀드의 존속 기간은 5년 이상이다. 공포 6개월 뒤부터 시행된다.금융투자 및 벤처캐피털업계는 BDC 도입을 반기고 있다. 서유석 금융투자협회장은 지난 17일 하계 기자간담회 자리에서 “BDC 법제화가 꼭 필요하다”고 강조했다. 그는 “BDC가 도입되면 스케일업(시장 확장)과 글로벌화를 추구하는 중소 혁신기업에 꼭 필요한 성장자금을 민간 부문에서 효과적으로 공급할 수 있다”며 “기업금융 생태계를 강화하는 선순환 구조로 발전시킬 수 있을 것”이라고 말했다.BDC는 벤처 혹한기의 대안으로 자리 잡을 전망이다. 한국벤처캐피탈협회에 따르면 올해 1~5월 전체 신규 벤처투자 금액은 총 2조1805억원으로, 지난해 같은 기간과 비교해 6% 감소했다. 약 1300억원의 투자금이 감소했다. 벤처캐피털들은 초기 스타트업에 대한 투자를 더 줄이고 있다. 지난 5월 기준 초기 스타트업들이 유치한 누적 투자 규모는 3517억원으로, 작년 동기(5324억원) 대비 34% 쪼그라들었다.▶기업성장집합투자기구(BDC)벤처·혁신기업에 직접 투자하거나 금융기관 차입을 통해 대출을 집행하는 공모펀드. 자산운용사와 증권사, 벤처캐피털 등이 설정할 수 있다. 펀드 자체를 환매할 순 없지만 투자자들은 상장지수펀드(ETF)처럼 증시에서 사고팔 수 있다.박주연/전범진 기자 grumpy_cat@hankyung.com",https://www.hankyung.com/article/2025072126991,2025.07.21 18:00
"'BNK금융지주' 52주 신고가 경신, 2Q25 Preview: 건전성만 회복된다면 - 상상인증권, BUY(신규)",,"◆ 최근 애널리스트 분석의견- 2Q25 Preview: 건전성만 회복된다면 - 상상인증권, BUY(신규)07월 03일 상상인증권의 김현수 애널리스트는 BNK금융지주에 대해 ""2분기 실적, 컨센서스 상회 전망. 건전성 부담 지속, 하반기 회복 여부 주시 필요: CCR은 여전히 높은 0.76% 수준이며, 1분기 NPL 비율은 1.69%(QoQ +38bp, YoY +84bp)로 빠르게 상승 중이다. 커버리지 비율도 84.5%로 낮아 건전성 우려가 지속되고 있다. 1분기 연체율 또한 부산은행 0.73%(+15bp), 경남은행 0.68% (+23bp)로 큰 폭 상승한 상태다. 3분기까지는 부담이 이어질 수 있으나, 4분기에는 내수 회복과 금리 인하 효과로 개선이 기대된다.""이라고 분석하며, 투자의견 'BUY(신규)', 목표주가 '18,000원'을 제시했다.한경로보뉴스이 기사는 한국경제신문과 금융 AI 전문기업 씽크풀이 공동 개발한 기사 자동생성 알고리즘에 의해 실시간으로 작성된 것입니다.",https://www.hankyung.com/article/202507109174L,2025.07.10 09:15
"'기업은행' 52주 신고가 경신, 전일 기관 대량 순매수",,"◆ 주체별 매매동향- 전일 기관 대량 순매수지난 한달을 기준으로 보면 외국인이 49.1만주를 순매수했고, 기관도 244.6만주를 순매수했다. 반면 개인들은 234.5만주를 순매도한 것으로 나타났다. 같은 기간 이 종목의 거래 비중은 외국인과 개인이 각각 42.8%, 32.6%로 비중이 높다.더욱이 전일 기관이 대량 순매수를 하고 있어 투자자들의 관심이 집중되고 있다.[그래프]기업은행 외국인/기관 매매동향











◆ 최근 애널리스트 분석의견- 배당주로서의 매력 유효하며 적극적인 의사결정도 중요 - BNK투자증권, 매수07월 03일 BNK투자증권의 김인 애널리스트는 기업은행에 대해 ""정부 출자기관 배당성향 40% 확대 목표에 대한 기대감은 축소 중이나 별도 기준 35% 제시. 다만 은행 전체적으로 주주환원이 빠르게 확대되는 상황에서 기재부와의 협의에 따른 의사결정이 느리다는 점(분기균등 vs 반기배당, 세부적 배당 목표, 자회사 이익 강화 목적의 개별 아닌 연결이익 기준 채택 등)은 투자자에게 부담. 최근 배당소득 분리과세(배당성향 35%) 수혜 가능성 존재한다는 점에서 적극적 의사결정이 자사주 매입 및 소각 부재의 단점을 극복하고 차별화될 수 있는 주주환원이 가능하다고 판단""이라고 분석하며, 투자의견 '매수', 목표주가 '22,000원'을 제시했다.한경로보뉴스이 기사는 한국경제신문과 금융 AI 전문기업 씽크풀이 공동 개발한 기사 자동생성 알고리즘에 의해 실시간으로 작성된 것입니다.",https://www.hankyung.com/article/202507036557L,2025.07.03 15:33
"지속적인 품질혁신·친절한 서비스 응대, 고객과 신뢰형성이 기업 경쟁력의 원천","한국산업의 서비스품질지수(KSQI-MOT)

한국능률협회컨설팅, 산업별 기업 조사
올해 평가지수 작년보다 1점 떨어진 93점
디지털기기 이용 '도움 수단' 85점대 그쳐

이마트·현대해상·KT·LG유플 1위 역전
고객 경험의 본질은 '정서적 공감'에 있어","① 신한은행

                한국능률협회컨설팅(KMAC·대표이사 사장 한수희)이 ‘2025 한국산업의 서비스품질지수(KSQI) 고객접점 조사’ 결과를 24일 발표했다.KSQI 고객접점 조사는 기업의 상품 및 서비스 전달 과정에서 고객이 체감하는 서비스 품질을 전문 평가단이 측정하는 국내 최초이자 유일한 평가제도다. 금융, 유통, 제조, 전문 A/S, 일반서비스(통신·항공·건강검진 등), 공공서비스 등 6개 서비스 부문을 대상으로 한다.
                    



② 한국지엠

                올해 KSQI 고객접점 조사는 평가 기준 강화와 산업 특성 지표 추가로 인해 전년 대비 1점 하락한 93점을 기록했다. 지난해 첫 평가를 시행한 ‘KSQI 디지털 고객접점’도 1점 감소한 93점으로 나타났다. 소비자 친화적 기능과 편의성, 업무 처리 속도 등을 평가하는 ‘디지털 기기 서비스 품질’ 영역은 금융 96점, 공공 95점, 유통 93점 등 우수한 수준을 보였으나 디지털 기기 이용 시 ‘도움 수단’ 마련 정도가 85점대로 낮았다.
                    



③ LG하이케어솔루션

                서비스 부문별로 일반서비스가 96.3점으로 가장 높았으며 이어 금융(93.9점), 전문 A/S(93.7점), 제조(93.5점), 유통(90.6점), 공공(90.2점) 순이었다. 유통서비스는 고객 접점 빈도가 높음에도 불구하고 서비스 교육 부족과 단기 인력 비중 증가 등으로 응대 전문성이 떨어지는 것으로 분석됐다. 공공 서비스 부문은 고객보다 행정·공급자 중심의 프로세스에 머물러 있어 서비스 혁신이 필요한 것으로 평가됐다.산업별로는 11개 기업이 10년 이상 연속 1위에 오르며 고객 접점에서 일관된 품질과 신뢰를 바탕으로 업계 최고 수준의 서비스 역량을 입증했다.
                    



④ 메르세데스-벤츠 코리아

                삼성전자서비스가 가전 A/S와 모바일 IT기기 A/S 부문에서 각각 15년, 14년 연속 1위에 올랐으며 기아는 자동차 A/S에서 12년 연속 1위를 기록했다. GS 더 프레시(옛 GS수퍼마켓·대형슈퍼)·한화생명(생명보험)이 16년 연속, 파리바게뜨(제과제빵점)·신한은행(은행)이 15년 연속, 메르세데스-벤츠 코리아(수입자동차판매점)·우정사업본부(공공기관)·한국주택금융공사(공공기관)가 11년 연속 1위를 차지했다. 하나은행(은행)은 올해 10년 연속 1위에 선정됐다.올해 새로 1위에 오른 기업들도 눈길을 끈다. 대형마트 부문에서 이마트가, 손해보험 부문에서 현대해상이 1위로 역전했다. 최근 고객 유심 정보 유출 사건을 겪은 이동통신전문점 부문에서는 KT와 LG유플러스가 1위에 올랐다.





                조사에서 높은 평가를 받은 기업들은 고객이 서비스를 이용하는 전 과정에서 신뢰를 느낄 수 있도록 응대 방식과 시스템을 지속적으로 개선한 것으로 나타났다. 인공지능(AI), 자동화 시스템 등으로 기술이 고도화하고 있음에도 고객이 시간과 비용을 들여 서비스센터나 대면 접점을 찾는 이유는 단순한 문제 해결이 아니라 정서적 공감과 진정한 이해를 원하기 때문이다. 고객은 왜 문제가 발생했고, 어떤 조치를 취했는지 설명을 듣고 이해함으로써 비로소 신뢰를 형성한다. KSQI는 자동차 A/S 산업의 ‘사전·사후 정비 안내’처럼 산업별 특성에 맞춘 ‘이해 경험’ 제공 진단을 강화해나가고 있다.이기동 KMAC 사업가치진단 본부장은 “디지털 기술이 모든 것을 대체할 수 있는 시대지만 고객 경험의 본질은 여전히 감정의 연결에 있다”며 “중요한 것은 어떤 접점 채널이든 고객이 그 과정에서 신뢰를 형성할 수 있느냐는 점이며, 그것이 곧 서비스의 척도이자 기업의 진정한 경쟁력”이라고 말했다.김지원 기자",https://www.hankyung.com/article/2025072361501,2025.07.24 09:00
[마켓PRO] 고배당주 열풍…증권주 ETF 일주일 새 15% '줄상승',"TIGER 필라델피아반도체 18.9%↑
M7 담은 테크 ETF도 줄상승
원전·신재생 ETF도 두자릿수 수익","※한경 마켓PRO 텔레그램을 구독하시면 프리미엄 투자 콘텐츠를 보다 편리하게 볼 수 있습니다. 텔레그램에서 ‘마켓PRO’를 검색하면 가입할 수 있습니다.ETF 주간 수익률 TOP20지난 한 주간 금융주(은행, 증권, 보험) 등 고배당주에 투자하는 상장지수펀드(ETF)들이 수익률 상위권을 휩쓸었다.  13일 한국거래소에 따르면 지난 7~11일 기준 국내 상장 ETF 수익률 상위 20개 종목 중 14개가 고배당주 관련 ETF인 것으로 나타났다. 정부와 국회가 배당 활성화 정책을 추진하면서 정책 수혜 기대가 커진 영향이다. 
                    



db

                 지난주 ETF 수익률 1위는 ‘KODEX 증권’로 15.71% 수익률을 냈다. 이 ETF는 미래에셋증권 (비중 23.44%), 한국금융지주 (22.19%), 삼성증권 (18.26%), 키움증권 (12.64%), NH투자증권 (11.45%) 등 증권사에 나눠 투자한다.  다른 금융주 ETF도 줄줄이 올랐다. ‘TIGER 증권’이 주간 수익률 15.56%로 뒤를 이었다. 이 ETF도 주요 증권주에 투자한다. 한국금융지주(비중 24.77%), 미래에셋증권(21.4%), 삼성증권(17.82%), NH투자증권(11.43%), 키움증권(11.28%) 등이다.  'RISE 코리아금융고배당'은 주간 수익률 13.35%를 냈다. 이 ETF는 키움증권(비중 11.57%), 신영증권(11.34%), DB손해보험(10.40%) 삼성증권(10.08%) 등에 투자한다.  보험주에 투자하는 'KODEX 보험'은 수익률 11.12%로 주간 수익률 6위였다. 'KIWOOM 고배당'이 수익률 10.37%로 뒤를 이었다. 이 ETF는 금융주 이외 LX인터내셔널, GS, 현대엘리베이터 등에도 투자하는 게 특징이다. 4년 연속 당기순이익 흑자를 내고, 1·3·6개월 일평균 거래금액이 15억원을 초과하는 기업 중 현금배당 배당수익률 상위 20개 종목으로 구성됐다.  금융지주와 은행주에 집중 투자하는 TIGER 은행고배당플러스TOP10(수익률 10.19%), SOL 금융지주플러스고배당(10.17%)도 일주일 새 두 자릿수 수익률을 냈다.  TIGER 은행(수익률 9.68%), KODEX 은행(9.28%), RISE 200금융(9.28%), KODEX 금융고배당TOP10타겟위클리커버드콜(8.86%), TIGER 200 금융(8.85%) 등도 수익률 상위 20위 안에 들었다.  지난주엔 고배당주 중에서도 금융주 위주 ETF 수익률이 높았던 분위기다. 비금융 고배당주를 여럿 포함한 PLUS 고배당주는 주간 수익률 8.48%로 수익률 상위 19위였다. 이 ETF는 유동시가총액 상위 200 종목 중 예상 배당수익률이 높은 상위 종목에 투자한다. 기업은행 우리금융지주 DB손해보험 등 금융사를 비롯해 기아, 현대차, SK텔레콤, 현대엘리베이터 등 비금융주의 비중이 다른 고배당주 ETF에 비해 상대적으로 높다.  고배당주는 최근 정부와 국회의 배당 활성화 정책 추진으로 정책 수혜 기대감이 커졌다. 이소영 더불어민주당 의원은 앞서 배당성향(배당금 총액을 당기순이익으로 나눈 비율)이 35% 이상인 상장회사의 배당소득을 종합소득에서 분리과세하는 소득세법 개정안을 발의했다.  개정안이 통과되면 배당성향 35%를 넘는 상장사의 배당소득에 적용하는 최고세율이 기존 49.5%에서 27.5%(배당소득 3억원 초과 투자자 기준)까지 낮아진다. 이 경우 절세 효과를 노리는 ‘큰손’들이 배당성향 35% 이상 고배당주에 더 몰릴 수 있다는 게 증권가 등의 예상이다.  최근 주주환원 확대 분위기 확산에 국내 상장주 배당금 총액도 늘고 있다. 지난 1분기 유가증권시장과 코스닥시장 상장사의 배당금 총액은 작년 같은기간에 비해 대비 10% 증가한 5조1692억원을 기록했다. 2023년 당시 43조1500여억원에 불과하던 배당금 총액은 지난해 11.6% 급증한 48조1837억원으로 불어났다.  한편 고배당주 ETF를 제외한 ETF 중엔 PLUS 글로벌희토류&전략자원생산기업의 주간 수익률이 12.52%로 가장 높았다. 이 ETF는 34%대 비중인 반에크 희토류·전략적자원 ETF(REMX)와 약 4.6% 비중을 차지하는 MP머티리얼의 상승세에 힘입어 높은 수익률을 냈다. REMX는 지난 11일까지 5거래일간 13% 상승했다. 미국 최대 희토류 채굴업체인 MP머티리얼스는 미 국방부가 우선주를 대거 사들여 최대 주주가 되면서 주가가 급등했다. 지난 11일까지 5거래일간 상승률이 47.90%에 달한다. 선한결 기자 always@hankyung.com",https://www.hankyung.com/article/202507134812i,2025.07.13 18:20
1분기 가계 여윳돈 93조원 '역대 최대'…지갑 닫았다,,"사진=뉴스1

                올해 1분기 가계 여윳돈이 크게 늘어나면서 역대 최대치를 기록했다. 상여금 등으로 소득은 늘었지만, 소비나 아파트 신규 입주 등이 줄면서다.한국은행이 8일 발표한 '2025년 1분기 자금순환(잠정)' 통계에 따르면 가계(개인사업자 포함) 및 비영리단체의 순자금 운용 규모는 92조9000억원으로 전 분기(62조6000억원) 대비 30조3000억원 급증했다. 이는 관련 통계 작성 이후 역대 최대 규모다.순자금 운용액은 경제주체의 특정 기간 자금 운용액에서 자금 조달액을 뺀 값이다. 일반적으로 가계는 순자금 운용액이 양(+·순운용)인 상태에서 여윳돈을 예금이나 투자 등을 통해 순자금 운용액이 대체로 음(-·순조달)의 상태인 기업·정부에 공급하는 역할을 한다.가계 여윳돈 증가는 연초 상여금 유입 등으로 가계 소득이 증가한 가운데, 아파트 신규 입주 물량 감소, 소비 둔화 등에 따른 결과로 풀이된다.가계의 1분기 자금 운용 규모는 101조2000억원으로, 전 분기(71조2000억원)보다 30조원 불었다. 이 기간 가계는 금융기관 예치금(49조7000억원), 지분증권과 투자펀드(29조3000억원), 보험·연금(13조3000억원) 중심으로 금융자산 운용을 늘렸다. 특히 지분증권 및 투자펀드 운용은 전 분기(10조5000억원)의 약 3배로 늘어났다.자금 조달은 8조2000억원으로, 전 분기(8조6000억원)보다 줄었다. 명목 국내총생산(GDP) 대비 가계부채 비율은 1분기 말 89.4%로 집계됐다. 전 분기(89.6%)보다 0.2%포인트(p) 떨어져 여섯 분기 연속 하락세를 이어갔다.김용현 한은 자금순환팀장은 ""연초 상여금 유입 등으로 가계 소득이 증가한 가운데 아파트 신규 입주 물량 감소, 소비 둔화 등으로 여유 자금이 늘었다""며 ""올해 2분기는 서울 등 수도권 주택거래가 늘어 가계부채 증가 폭도 커질 것으로 예상된다. GDP 대비 가계부채 비율도 소폭 상승할 가능성이 있다""고 했다.홍민성 한경닷컴 기자 mshong@hankyung.com",https://www.hankyung.com/article/2025070847267,2025.07.08 12:23
"4대 금융, 수해 지원에 총 80억원 기부",두나무는 비트코인으로 8억 내,"KB 신한 하나 우리 등 4대 금융지주는 최근 집중호우로 피해를 본 지역의 신속한 회복을 지원하고 수재민을 돕기 위해 20억원씩 기부한다고 18일 발표했다. 4대 금융지주가 기부한 80억원은 수해 지역 급식차 운영과 의약·생필품 지원 등에 쓰일 예정이다.금융지주들은 기부와는 별개로 특별대출 공급, 기존 대출의 만기 연장 및 금리 감면, 카드 결제대금 최대 6개월 유예 등의 금융 지원에 나서기로 했다. 국민 신한 하나 우리 등 4대 은행은 폭우로 피해를 본 중소기업과 소상공인에게 신규 대출을 공급하고 우대금리를 적용할 예정이다.국내 1위 암호화폐거래소 업비트를 운영하는 두나무는 수해 지역을 지원하기 위해 사회복지공동모금회에 비트코인 5개를 기부했다. 지난 17일 기준 원화로 환산하면 8억원 상당이다. 두나무가 비트코인으로 지원한 기부금은 구호 물품 지원과 가전제품 교체, 임시 주거 지원 등에 사용될 예정이다.정의진 기자 justjin@hankyung.com",https://www.hankyung.com/article/2025071877101,2025.07.18 17:04
"방산·우주 동반 성장…한화에어로스페이스, 주가 ‘강세 흐름’ 지속 전망",,"한화에어로스페이스가 최근 주식시장에서 다시 한번 주목받고 있다. 글로벌 방산 수요 확대와 KF-21 엔진, KSLV-III 우주 발사체 개발 등 성장 모멘텀에 힘입어 주가는 전반적으로 크게 오르는 흐름을 보이고 있다.우선, 2분기 지상 방산에서 매출과 영업이익이 큰 폭으로 증가할 것으로 전망된다. 방산부문은 폴란드 등 해외 수출이 늘며, 매출이 전년 대비 23% 이상, 영업이익은 50% 이상 늘어날 것으로 기대된다. 이에 따라 증권가에서도 실적 반등 기대가 커지고 있다.또한, 한화는 올해 초 자본 확충을 위한 유상증자를 단행했지만, 시장에서는 이를 장기 성장 투자로 보고 있다. 증자 발표 이후 외국인 투자자가 대규모 순매수에 나서며 유증 논란을 수익성 개선 기대감으로 상쇄했다.해외 공장 구축 및 R&D 투자 확대 전략도 주가에 긍정적으로 작용하고 있다. 호주·루마니아·폴란드 등의 생산거점 확대 계획과 핵심 엔진·드론·발사체 기술 투자 계획이 발표되며, 중장기 성장 기반이 강화되고 있다는 평가다.이와 함께, 글로벌 방산기업 주가 랠리 속 한화에어로스페이스의 주가도 올해 들어 크게상승하며 큰 폭의 강세 흐름을 유지하고 있다. 특히 최근 유상증자 소식 후에도 상승 여력이 유지된다는 점은 투자심리 회복의 신호로 풀이된다.다만, 단기적으로는 증자 이슈, 환율 변동, 글로벌 지정학 리스크 등이 주가 변동성을 만들어낼 수 있다. 기술적 분석에서는 일부 조정 가능성도 제기되고 있어 단기 투자 시에는 이 점을 유의할 필요가 있다.종합적으로 보면 한화에어로스페이스는 방산·우주·항공엔진의 ‘트리플 성장 축’을 바탕으로 실적 회복 기대가 강해 주가는 크게 올라가는 흐름으로 평가된다. 다음 실적 발표와 글로벌 수주, 기술개발 진척이 향후 향방을 가를 열쇠로 꼽힌다.카카오페이, LS, 대창, 파마리서치, 제주은행무료상담",https://www.hankyung.com/article/202507096737a,2025.07.09 13:03
"美, 저가 AI칩 '中빗장' 해제…삼성, HBM 공급재개 기대 [영상]","엔비디아 ""美정부, H20 수출 허가""…K반도체 호재

젠슨 황, 트럼프 설득 통했나","영상 모듈 닫기




“미국의 반도체 수출 통제는 실패했다” “수출 제한 때문에 미국이 주도권을 잃을 수 있다” “미국 세수(稅收)에도 부정적 영향을 준다”….젠슨 황 엔비디아 최고경영자(CEO)가 올 들어 미국 반도체 수출 규제에 대해 뱉은 비판 발언이다. 정부 눈치를 볼 수밖에 없는 기업인이 도널드 트럼프 정부의 핵심 정책을 놓고 작심 발언을 쏟아낸 데는 이유가 있다. 미국의 수출 규제가 중국의 반도체 자립을 부추길 것으로 확신했기 때문이다. 젠슨 황 CEO의 우려는 곧 현실이 됐다. 중국 인공지능(AI) 반도체의 자존심인 화웨이가 자체 AI 가속기를 개발한 것. 그러자 미국 정부는 중국의 반도체 굴기를 잠재우기 위해 엔비디아의 저사양 AI 가속기인 H20의 수출을 전격 허용하기로 했다.
                    






이미지 크게보기



 ◇ 中 수출 규제 역효과업계에서는 미국 정부가 15일 H20의 중국 판매를 허용한 것은 “수출 규제가 역효과를 내고 있다”는 젠슨 황 CEO의 주장을 수용한 결과로 받아들인다. 월스트리트저널(WSJ)에 따르면 젠슨 황 CEO는 지난 10일 트럼프 대통령을 만난 자리에서도 “미국 기업들이 AI 분야를 지배하려면 엔비디아가 세계 대부분의 지역에 기술을 자유롭게 판매할 수 있도록 허용해야 한다”고 말했다. 중국의 AI 생태계를 엔비디아의 손바닥 위에 올려놓고 통제하는 게 미국 국익에 도움이 된다는 얘기였다.결정적인 영향을 미친 것은 화웨이였다. 이 회사는 올초 엔비디아의 보급형 AI 가속기 성능에 버금가는 어센드 910C를 독자적으로 개발해 알리바바 같은 중국 빅테크에 납품하고 있다. 동남아시아, 아프리카 등으로 시장을 넓힐 것이란 현지 보도도 나왔다.반도체업계 관계자는 “미국의 규제가 중국의 AI 반도체 생태계를 단단하게 하고 있다”며 “1~2년 내 중국에 따라잡힐 수도 있다는 우려가 미국 정책에 영향을 준 것”이라고 설명했다. ◇ 엔비디아·삼성전자 이익미국의 H20 수출 허용에 대해 반도체업계에선 “젠슨 황의 승리”라고 평가한다. 엔비디아는 지난 4월 H20 수출이 막힌 이후 55억달러 규모 H20 재고를 전액 손실처리했다. 한 달 뒤 대만에서 열린 기자간담회에서 젠슨 황 CEO는 “500억달러 규모 중국 AI 반도체 시장에 대한 접근이 완전히 차단됐다”며 아쉬움을 토로했다.엔비디아에 따르면 H20의 중국 판매 실적은 분기당 80억달러(약 11조원) 수준이다. 해외 투자은행(IB)들은 이번 수출 규제 완화로 현재 4.3달러인 엔비디아의 2026회계연도(2025년 2월~2026년 1월) 주당순이익 전망치가 15% 이상 증가할 것이란 분석을 내놓고 있다.삼성전자도 반사이익을 얻을 것으로 전망된다. 삼성전자는 4월 H20 수출 규제 전까지 엔비디아에 H20용 4세대 고대역폭메모리(HBM3)를 공급한 것으로 알려졌다. HBM 가격이 AI 가속기 판매가격의 5% 안팎인 것을 감안할 때 단순 계산으로 삼성전자의 분기 매출이 5000억원 이상 늘 것이란 관측도 있다. ◇ 수출 규제 추가 완화 가능성반도체업계에서는 미국 정부가 H20을 시작으로 중국에 대한 반도체 수출 규제를 완화할 것이란 관측을 내놓고 있다. WSJ는 “전환점을 의미한다”고 진단했다.중국 수출 규제가 완화되면 삼성전자, SK하이닉스의 중국 사업에도 숨통이 트일 것으로 전망된다. 삼성전자는 올 2분기에 약 1조5000억원 규모 재고충당금을 쌓은 것으로 알려졌다. 상당수는 중국 고객으로부터 수주받아 파운드리 사업부가 생산해 놓은 AI칩과 저가 HBM, D램·낸드플래시 등인 것으로 전해졌다. SK하이닉스도 중국 우시 D램 공장의 공정 업그레이드가 한결 수월해질 전망이다.신중론도 나온다. 국내 반도체 기업 관계자는 “미국 기업인 엔비디아의 사정을 봐준 일회성 조치일 수도 있다”며 “중국 반도체 수출 규제 완화가 확대될지 예단할 수 있는 상황이 아니다”고 말했다.황정수/박의명 기자 hjs@hankyung.com",https://www.hankyung.com/article/2025071502711,2025.07.15 18:05
"'iM금융지주' 52주 신고가 경신, 2Q25 Preview: '비상(飛上)'의 시간 - 상상인증권, BUY(신규)",,"◆ 최근 애널리스트 분석의견- 2Q25 Preview: '비상(飛上)'의 시간 - 상상인증권, BUY(신규)07월 03일 상상인증권의 김현수 애널리스트는 iM금융지주에 대해 ""2분기 실적은 컨센서스를 소폭 상회할 전망. 실적 반등 가시화, RWA 대비 수익성 우수. 커버리지 내 가장 저평가된 은행지주, 주주환원 상향 여지: 현재 PBR to RoRWA는 0.34배로 커버리지 내 가장 저평가된 수준이다. 상반기 400억원 규모 자사주 매입·소각을 완료했으며, 하반기 300억원 추가 매입 시연간 총주주환원율은 목표치인 40%에 도달할 것으로 예상된다. 이에 따라 주주환원 목표 상향 가능성도 열려 있다.""이라고 분석하며, 투자의견 'BUY(신규)', 목표주가 '20,000원'을 제시했다.한경로보뉴스이 기사는 한국경제신문과 금융 AI 전문기업 씽크풀이 공동 개발한 기사 자동생성 알고리즘에 의해 실시간으로 작성된 것입니다.",https://www.hankyung.com/article/202507072800L,2025.07.07 15:33
"KMAC, '제38회 한국의경영대상' 분야별 혁신 사례 Top10 확정…8월 14일 접수 마감",,"한국능률협회컨설팅(KMAC, 대표이사 사장 한수희)은 2025 한국의경영대상 ‘올해의 혁신사례’ 분야별 TOP10을 발표하고, 최종 수상 심사를 위한 사례 신청 접수를 오는 8월 14일까지 받는다고 3일 밝혔다.한국의경영대상은 국내 산업의 지속 가능한 성장과 글로벌 경쟁력 강화를 목표로 1988년 제정된 국내 최고 권위의 종합 경영 시상 제도다. 2010년부터 국내 산업계의 우수 혁신 사례를 발굴·확산하기 위해 ‘Innovation Best Practice’ 부문을 신설해 운영하고 있으며, 지금까지 총 72건의 혁신 사례를 발굴했다.지난해에는 KB국민은행의 중장년층 대상 웹 기반 플랫폼 ‘KB골든라이프X’, 성심당의 지역 우수 브랜드, 유한양행의 ‘마이크로바이옴 프로바이오틱스 당큐락’을 비롯해 GS리테일, 종근당건강, 한국임업진흥원, 한국전력공사 등이 최종 수상 사례로 선정됐다.올해는 기존의 △제품(Product) △서비스(Service) △브랜드(Brand) 부문 외에 △기술(Tech) 부문이 새롭게 신설되어 총 4개 혁신 분야로 확대 운영된다. ‘디지털 전환(DX)’, 인공지능(AI), 지속가능기술, 소재혁신 등 기술 중심의 변화가 산업 혁신을 주도하는 흐름을 반영했다.이번 ‘올해의 혁신사례’ 분야별 Top10은 산업계와 학계의 추천 및 검증을 통해 선정됐다. 지난 5월부터 2개월에 거쳐 국내 1000대 기업 중 각 산업별 부서장급 이상의 Opinion Leader 500명과 한국고객만족경영학회, 한국공공경영학회, 한국경영공학회 등 3대 학회 학계 전문가들을 통해 우수 사례 추천을 받았다. 그 결과, 총 815건의 사례가 접수되었고, 엄정한 전문가 심의를 통해 분야별 Top10이 최종 확정되었다.KMAC는 최종 후보로 선정된 Top10 기업을 대상으로 9월 중 현장 심사를 진행해 실질적인 성과와 실행력을 중심으로 최종 수상 사례를 선정할 예정이다. 수상 사례에는 ‘이노베이티브 테크 / 프로덕트 / 서비스 / 브랜드 오브 더 이어(Innovative Tech / Product / Service / Brand of the Year)’라는 공식 상훈이 수여된다.최종 시상식은 12월 9일 서울 신라호텔에서 열릴 예정이며, 수상 기업들은 혁신 기업으로서의 위상을 대외적으로 인정받을 기회를 얻게 된다.현재 KMAC는 분야별 Top10 사례를 대상으로 기업 및 기관의 현장 심사 참여 신청을 받고 있으며, 접수는 오는 8월 14일까지 한국의경영대상 운영사무국을 통해 가능하다.한경닷컴 뉴스룸 open@hankyung.com",https://www.hankyung.com/article/202507036295O,2025.07.03 14:28
금리 못 내리는 한국은행…가계부채·집값에 발목 잡힌 통화정책,,"한국은행이 기준금리를 또다시 동결하며, 경기 회복을 위한 통화 완화 정책에 제동이 걸리고 있다. 미국과의 금리 격차 확대, 수출 부진 등 대내외 불확실성이 커지는 가운데, 가계부채와 부동산 가격 급등이 발목을 잡고 있는 것이다.최근 한은은 2.5%의 기준금리를 유지하면서 “물가 안정과 금융안정 간 균형이 필요하다”는 입장을 반복했다. 문제는 시장의 기대와 달리 금리 인하가 지연되면서, 경기 부양 효과가 약화되고 있다는 점이다. 국내외 주요 투자은행들은 한국의 올해 경제성장률을 0.8~1.2%로 전망하고 있으며, 소비와 설비투자 모두 기대 이하의 흐름을 보이고 있다.반면, 가계부채는 매월 수조 원씩 증가하고 있다. 6월 한 달간 은행권 가계대출 증가액은 6조 원을 넘어섰고, 서울 아파트 가격은 7개월 연속 상승세를 보였다. 전문가들은 “금리를 내릴 경우 부동산 자산 쏠림과 금융 불균형이 심화될 수 있다”며, 한은이 사실상 ‘정책 딜레마’에 빠졌다고 진단한다.정부는 이에 대한 보완책으로 재정정책을 강화하고 있다. 약 23조 원 규모의 경기보강 패키지가 국회를 통과했으며, 저소득층을 중심으로 한 긴급 생활지원금도 추진 중이다. 그러나 민간소비 진작이나 기업 투자 확대로 이어질지는 미지수다.통화정책과 재정정책이 모두 한계에 부딪힌 상황에서, 한국 경제는 보다 정교한 균형과 과감한 구조개혁을 요구받고 있다. 인구구조 변화, 생산성 둔화, 투자심리 위축 등 장기적 문제까지 고려한 중장기 전략이 절실하다는 목소리가 커지고 있다.쿠콘, SK스퀘어, 파인엠텍, LG씨엔에스, 현대차무료상담",https://www.hankyung.com/article/202507186145a,2025.07.18 09:13
인뱅 3社 '포용금융의 덫'…서민대출 채우느라 상품 혁신은 포기,"출범 후 무료였던 ATM 수수료 부활…시중은행 닮아가

""중·저신용대출 비중 30% 이상""
당국 규제에 고신용자 대출 중단","인터넷은행 케이뱅크는 작년 12월 신용점수가 코리아크레딧뷰로(KCB) 기준 900점을 넘는 고신용자를 대상으로 한 신용대출 공급을 전면 중단했다. 신용점수가 하위 50%인 중·저신용자 대상 신용대출 잔액을 전체 신용대출의 30% 이상으로 유지해야 하는 금융당국 규제를 지키기 위한 조치다.중·저신용자 대상 신용대출 금리를 고신용자보다 낮게 책정하며 규제를 준수하기 위해 안간힘을 썼지만 비중을 맞추기 어려워지자 고신용자의 신용대출 유입 자체를 차단한 것이다. 케이뱅크의 조치로 고신용자는 은행 선택권에 제약이 생기고 은행은 안정적 수익을 얻을 기회를 잃었다는 지적이 나온다. 하지만 당국이 인터넷은행에 부과하는 중·저신용자 비중 규제는 올해 더 강화됐다.◇시중銀보다 높은 인뱅 신용대출 금리인터넷은행이 중·저신용자에 대한 신용대출 공급을 전체 신용대출의 30% 이상으로 채우도록 강제하는 규제의 부작용이 커지고 있다. 가계대출 억제 정책과 신용대출 비중 규제가 동시에 가해지자 고신용자의 인터넷은행 접근성이 떨어지는 것은 물론 인터넷은행의 출범 취지인 ‘혁신’이 역행하는 모습까지 나타나고 있다. 인터넷은행의 수익성과 성장성이 개선되지 못하면 중·저신용자 대상 신용대출 확대도 한계가 있다는 지적이 제기된다.
                    






이미지 크게보기



                금융당국이 인터넷은행에 중·저신용자 대상 신용대출 규제를 처음 부과하기 시작한 것은 2021년 5월이다. 당시 금융위원회는 인터넷은행에 2023년 말까지 전체 신용대출 잔액 중 중·저신용자 대상 신용대출이 차지하는 비중을 30%로 높이라고 주문했다. 작년엔 분기별 평균 잔액 비중이 30%로 유지되도록 규제를 개정했다. 올해 2월엔 평균 잔액뿐만 아니라 분기별 신규 취급액 기준으로도 30% 비중을 충족하도록 규제를 강화했다.인터넷은행들은 강화된 규제를 맞추기 위해 중·저신용자의 신용대출 금리를 고신용자보다 낮게 책정했다. 카카오뱅크의 중·저신용자 대상 신용대출 상품인 ‘중신용대출’의 최저금리는 11일 연 2.79%로, 고신용자 대상 신용대출 상품(연 4.21%)보다 1.42%포인트 낮다.문제는 고신용자가 인터넷은행을 이용할 기회를 사실상 잃었다는 점이다. 인터넷은행은 지점을 운영하지 않아 절감하는 비용으로 금리를 낮게 책정할 수 있지만, 최근 인터넷은행의 고신용자 신용대출 금리는 4대 시중은행(국민·신한·하나·우리)보다도 높다. 은행연합회에 따르면 신용점수가 951점 이상인 고신용자를 대상으로 인터넷은행 3사가 지난 5월 새로 공급한 신용대출의 평균 금리는 연 4.57~4.86%다. 4대 시중은행(연 4.02~4.18%)보다 0.6%포인트 정도 높다.
                    




◇“대면 기업대출 영업 허용해야”금융권은 최근 케이뱅크와 토스뱅크가 현금자동입출금기(ATM) 수수료 무제한 면제 조치를 폐지한 것을 인터넷은행의 혁신이 퇴보하기 시작한 상징적 사건으로 보고 있다. 두 은행 모두 ‘정보통신기술(ICT)을 활용한 금융산업의 혁신’이라는 출범 취지를 강조하기 위해 처음 영업을 시작할 때부터 ATM 이용 수수료를 완전히 면제했기 때문이다. 2017년 출범한 케이뱅크와 카카오뱅크가 ATM 수수료를 무제한 면제하는 조치를 내놓은 뒤 시중은행들도 뒤따라 수수료를 면제했을 정도로 인터넷은행의 ‘메기’ 효과는 컸다.하지만 케이뱅크는 4월 ATM 무료 입출금 및 이체 수수료 횟수를 월 30회로 제한했다. 토스뱅크는 동일한 수수료를 다음달부터 부과할 예정이다. 두 은행은 월 30회 넘게 ATM을 이용하는 고객이 0.1%에 불과해 고객 피해는 크지 않다고 설명했다. 하지만 비용 절감 필요성이 커지자 인터넷은행이 주도한 혁신의 상징과도 같은 수수료 면제 조치가 번복됐다는 평가가 나온다.인터넷은행들은 수익성을 확보할 수 있도록 겹겹이 쌓인 규제를 조금씩 완화해줘야 한다는 입장이다. 인터넷은행특례법에 따르면 인터넷은행은 대기업에 대출을 내줄 수 없다. 중소기업을 대상으로는 대출을 내줄 수 있지만 대면 영업이 불가능해 담보 심사 등이 사실상 불가하다.정의진 기자 justjin@hankyung.com",https://www.hankyung.com/article/2025071133341,2025.07.11 17:49
"신한금융, 슈퍼리치 위한 자산관리 가이드북 발간",,"신한금융그룹은 8일 초고액 자산가를 위한 자산관리 가이드북 <혜안(慧眼)>을 발간했다.자산관리 브랜드인 ‘신한 프리미어’ 출범 1년을 맞아 자산가들이 자주 묻는 말과 답변을 수록했다. 책자는 포트폴리오 투자전략, 부동산 투자전략, 상속 및 승계 로드맵, 종합 세무 설계, IB(기업금융) 솔루션, 맞춤형 서비스, 자선 활동 등 7가지 분야를 다뤘다. 전체 문항은 77개다. 큰 행운의 뜻과 함께 신한금융그룹 창업일인 7월 7일을 기념하는 의미를 담았다.<혜안>은 신한은행과 신한투자증권 전문가 100여 명으로 구성된 ‘신한 프리미어 패스파인더’의 전문위원이 공동 집필했다. 신한은행 및 신한투자증권 프라이빗뱅커가 담당 VVIP 고객에게 전달할 계획이다.조아라 기자 rrang123@hankyung.com",https://www.hankyung.com/article/2025070856481,2025.07.08 17:56
중동 충돌 재점화…韓 기업 제재 리스크는? [김갑유의 중재 이야기],"이스라엘-이란 갈등에 세계 긴장
이란 금융 제재, 韓 기업도 타격
계약 이행 전 ‘경제 변수’ 따져야","한경 로앤비즈의 'Law Street' 칼럼은 기업과 개인에게 실용적인 법률 지식을 제공합니다. 전문 변호사들이 조세, 상속, 노동, 공정거래, M&A, 금융 등 다양한 분야의 법률 이슈를 다루며, 주요 판결 분석도 제공합니다.




이스라엘 수도 텔아비브 상공에 이란이 발사한 미사일이 떨어지고 있다. AP연합뉴스

                지난달 13일 이스라엘이 이란에 대해 '일어서는 사자(Operation Rising Lion)' 작전을 실행한 뒤 12일간 양국간 군사 충돌이 이어졌다. 같은 달 22일 미국이 B-2 폭격기와 토마호크 미사일로 이란 핵시설을 공격하면서 전 세계는 중동 위기 고조에 긴장했다. 다행히 24일 미국의 중재로 이스라엘과 이란이 휴전에 돌입하면서 양측의 충돌은 일단 멈췄다.  이스라엘과 이란의 충돌이 현실화할 때마다 전 세계는 호르무즈 해협 봉쇄, 유가상승 등 경제적 충격에 긴장한다. 이런 변화는 수출·수입의 공급 라인을 붕괴시키고, 무역 거래를 분쟁으로 비화시킨다. 또 금융 시장에도 영향을 미쳐 장기 프로젝트가 실패할 경우 대형 분쟁으로 이어지기도 한다. 급변하는 시장 상황과 정치·경제적 불확실성은 기업을 분쟁으로 몰아간다.특히 우리나라에 반복적으로 영향을 미치는 국제 충돌이 바로 중동 사태다. 이스라엘과 이란 간 오랜 갈등은 주기적으로 재현되며, 우리 기업의 경제 활동에 큰 타격을 준다. 원유를 100% 수입에 의존하는 한국은 생산자 물가와 원·달러 환율에 직접적인 영향을 받는다.잇따른 중동 분쟁, 한국 관계도 '흔들'사실, 이란과 우리나라는 1962년에 수교한 이후 서울과 테헤란의 주요 도로에 도시명을 붙일 정도로 가까운 관계를 유지해왔다. 양국은 오랫동안 경제 중심의 실용 외교로 상당한 수준의 무역 거래를 이어왔다. 2010년대에는 한국이 이란의 원유를 수입한 대금을 원화로 지급하고, 이란은 한국에서 의약품·식품 등 인도적 물품을 원화로 수입하기도 했다.다만 2018년 미국이 대(對) 이란 제재를 실행하면서 관계가 급격히 냉각됐다. 이란의 자금 동결 문제가 민감한 외교 현안이 되면서 양국간의 교역은 거의 단절됐다. 원유 수입과 은행 간 거래도 멈췄다.
                    



이스라엘 광고판에 트럼프 등장   이스라엘 텔아비브의 한 건물에 26일(현지시간) ‘지금은 아브라함 협정의 시간’이라는 히브리어 문구가 적힌 광고판이 걸려 있다. 아브라함 협정은 이스라엘과 일부 아랍 국가가 외교 관계를 수립한 협정이다. 광고판에는 도널드 트럼프 미국 대통령과 무함마드 빈살만 사우디아라비아 왕세자(왼쪽 여섯 번째), 베냐민 네타냐후 이스라엘 총리(여덟 번째) 등의 얼굴이 그려져 있다. AFP연합뉴스

                2023년 말 한국·미국·이란 3자 협의로 제3국 송금 방식의 해결책이 마련됐고, 작년 8월 상당한 금액이 제재에서 풀려나며 관계는 어느 정도 개선됐다. 그러나 작년과 올해에 이은 이스라엘-이란 충돌 격화로 다시 방산, 석유, 해운, 핵 시설 관련자에 대한 이란 제재가 부활했다. 유엔 제재 복원 가능성도 논의되는 것으로 알려졌다.미국 등의 이란 규제는 러시아 규제와 마찬가지로 강화와 해제가 반복되고 있다. 이들 국가에서 활동하는 우리 기업도 직접적인 영향을 받는다. 제재는 종종 국제분쟁으로 이어진다. 실제로 한 이란 투자자가 제재 관련해 한국 정부를 상대로 국제중재를 제기하기도 했다. 이 투자자는 한국 정부가 이란 제재를 이유로 투자협약을 위반했다고 주장하고, 한국 정부는 법률에 따른 모든 의무를 다했다고 반박하고 있다.  커지는 국제 분쟁, '금융 제재' 주의해야제재 대상이 아닌 국가의 기업들이 제재국 기업과 거래하려면 제재 위반 여부를 점검해야 한다. 미국이나 유럽연합(EU) 등으로부터 제재를 당할 가능성도 고려해야 한다. 계약 내용대로 이행할 수 있는지에 대해서 분쟁이 발생할 수 있기 때문이다.금융 제재가 대표적이다. 이란에 대한 금융 제재가 발동되면 국제은행간통신협회(SWIFT)망에서 이란 은행들이 퇴출돼 국제 송금이 불가능해진다. 미국은 이란 중앙은행을 제재 대상으로 지정해 외국 금융기관의 거래를 차단하기도 한다.
                    



사진=한경DB

                특히 미국 해외자산통제국(OFAC)은 이란 관련 금융기관들도 '세컨더리 제재' 대상으로 지정한다. 세컨더리 제재란 제재대상국과 직접 거래하지 않더라도 그 나라와 거래하거나 협력한 제3국 기업이나 개인을 제재하는 방식을 말한다. 이는 미국 금융시장에서의 퇴출로 이어지고, 사실상 외환거래 중단을 의미한다. 세컨더리 제재가 일으킬 파장은 크다. 미국 시장에서 퇴출될 위험이 커지므로 국내외 금융기관들이 조금이라도 위험성이 있는 거래는 극도로 꺼리거나 회피하게 된다. 특히 달러가 글로벌 결제통화인 만큼, 세컨더리 제재가 실행되면 국내 기업은 현실적으로 해당 국제 금융거래를 진행할 수 없게 된다. 금융 제재 리스크, 어떻게 예방할까이러한 제재를 피하기 위해 제3국을 우회하거나 금융규제의 대상이 되지 않는 암호화폐로 거래하는 등 여러가지 방법이 시도된다. 이 회피 방식에 대한 제재도 확장 중이다. 2022년부터는 암호화폐 거래도 제재 대상에 포함돼 이를 통한 이란 금융활동도 제재를 받는다.금융 제재는 국제 분쟁 절차에도 문제를 일으킨다. 분쟁 과정에서 변호사나 전문가를 고용하려 해도 이들이 제재 대상국에 있다면 계약에 어려움이 생긴다. 기업이나 개인의 권리 보호 차원에서 일정한 예외가 적용되기는 하지만, 세컨더리 제재로 인한 현실적인 어려움은 여전히 존재한다.
                    



사진=게티이미지뱅크

                국제 거래에 참여한 기업은 물가 상승이나 환율 변동 같은 경제적 변화로 계약상 의무 이행이 어려워질 경우의 리스크를 철저히 관리해야 한다. 금융 제재처럼 특정 국가나 특정 대상과의 거래를 제재하는 상황에서도 마찬가지다. 제재는 현실이고, 피할 수 없기 때문이다.해외 투자도 마찬가지다. 각국의 투자 보호 제도와 직·간접투자에서 누릴 수 있는 보호 내용을 분석하고, 가장 적절한 투자 방식을 찾는 지혜가 필요하다. 물론 그것만으로는 충분치 않다. 국제 정치·사회적 변화 속에서 기업의 리스크를 방지할 수 있는 방안까지 스스로 마련해야 한다. 





김갑유 법무법인 피터앤김 대표변호사 서울대 법학과를 졸업하고 동 대학원에서 석사·박사 과정을 수료했다. 사법연수원(17기)을 마치고 1988년부터 법무법인 태평양에서 변호사 생활을 시작해 2002년 국내 최초로 국제중재 소송그룹을 만들었다. 아시아인 최초로 유엔 산하 국제상사중재협회(ICCA) 사무총장을 역임하고 한국인 최초로 국제상업회의소(ICC) 국제중재법원 부원장을 맡았다. 한국과 론스타의 6조원대 투자자-국가 간 분쟁(ISD)에서 한국을 대리했다. 2019년 국제중재 전문 로펌인 피터앤김을 설립해 활약 중이다.",https://www.hankyung.com/article/202507073404i,2025.07.08 07:00
,,,https://magazine.hankyung.com/business/article/202507035529b,
"""美증시 낙관 지나쳐…8월 관세 덮치면 최대 15% 빠질 것""","라자드자산운용 수석 로널드 템플

인플레로 기업가치 하락 불가피
Fed, 올 금리인하 가능성 '제로'
美 비중 줄이고 신흥국 투자를","“미국 국내총생산(GDP) 증가율, 인플레이션, 기업 실적 등 모든 지표가 좋지 않은데도 주가가 오르고 있습니다. 투자자들이 지나치게 낙관적이라는 의미죠.”로널드 템플 라자드자산운용 시장전략수석(사진)은 22일 한국경제신문과의 인터뷰에서 “미국 증시가 거의 최고치에 도달했다”며 시장에 팽배한 낙관론을 경계해야 한다”고 강조했다. 나스닥, S&P500 등 대표 지수가 연일 사상 최고치를 경신하는 현 상황이 ‘일반적이지 않다’는 것이다. 라자드자산운용의 거시경제 전략과 시장 전망을 총괄하는 템플 수석은 월가에서 지정학 전문가로 꼽힌다.그는 도널드 트럼프 미국 행정부가 관세 정책을 여러 번 번복한 탓이 크다고 했다. 템플 수석은 “4월 상호관세 발표 후 미국 주식·채권·통화가 일제히 매도되자 미국 정부는 부랴부랴 정책을 유예했고, 결국 주가가 회복됐다”며 “상황이 나빠지면 정부가 정책을 또 바꿀 것이라는 낙관론이 확산한 계기가 됐다”고 설명했다.템플 수석은 ‘트럼프 관세 디데이(D-day)’인 다음달 1일 이후엔 시장이 다르게 흘러갈 수 있다고 경고했다. “미국 주가지수가 10~15% 빠질 수 있다”고 했다. 관세가 인플레이션을 부추길 우려가 있어서다. 템플 수석은 “인플레이션 탓에 고금리가 유지되면 주식의 멀티플(기업가치 배수)이 깎이기 마련”이라며 “근로자의 실질 임금 상승률이 둔화하면 소비가 줄고, 결과적으로 기업 실적도 꺾일 것”이라고 말했다.올해 미국 중앙은행(Fed)의 금리 인하 가능성이 ‘0’에 가깝다는 점도 악재다. 그는 “인플레이션율이 높은 상황에서 Fed가 금리를 내릴 순 없다”며 “내년은 돼야 인하가 시작될 것”이라고 전망했다.템플 수석은 관세 부과 이후 미국 증시의 변동성이 커질 것으로 예상되는 만큼 포트폴리오에서 미국 비중을 조정해야 한다고 조언했다. 미국을 대체할 시장으로는 신흥국과 일본, 유럽 등을 추천했다. 그는 “향후 5~10년은 신흥국이 다른 시장 대비 높은 성과를 낼 것”이라며 “기업 지배구조가 개선되고 있는 일본, 그리고 재정 확대 등 성장을 위한 변화가 진행 중인 유럽도 긍정적으로 보고 있다”고 말했다.한국 역시 유망 투자처로 꼽았다. 다만 낮은 자본수익률(ROC) 문제가 해결돼야 한국 시장의 투자 매력이 커질 것으로 진단했다. ROC는 투입된 자본 대비 실질 수익을 얼마만큼 냈는지를 나타내는 지표다.양지윤 기자 yang@hankyung.com",https://www.hankyung.com/article/2025072251351,2025.07.22 17:32
"월가 ""美 방위산업체,하반기부턴 회복될 것""","올해 한국,유럽 방산주 활약하는 동안 지지부진
""美국방예산 감축대신 증액으로 모멘텀 맞아""","방위산업의 대명사와 같았던 록히드 마틴이나 노스럽 그루먼 같은 미국 방위 산업체 주가가 올들어 부진을 면치 못하고 있다. 한국 증시나 유럽 주식 시장에서 방산주들이 날개를 달았던 것과 비교하면 대조적인 움직임이다. 그러나 7월초 통과된 트럼프의 OBBB 법안과 현재 제출된 2026년 전체 대통령 예산 요청안에 따르면, 당초 예상보다 국방 예산이 증액됐다. 월가 분석가들은 이에 따라 이번주부터 실적 발표가 이어지는 방위산업 기업들의 실적이 내년부터는 개선될 것이라며 목표 주가를 잇따라 상향했다. 21일(현지시간) 외신들에 따르면, S&P의 항공우주 빛 방위 산업 지수는 4월 4일에 트럼프의 상호관세 발표 직후 저점을 찍은 후 40% 급등했다. 같은 기간 S&P500 지수도 24% 상승했다. 그러나 이는 대부분 항공기 관련 영향이다. 미국 방산 업체들의 주가는 하락하거나 지지부진한 상태이다. F-22랩터나 F-35 라이트닝 II,사드 미사일시스템 등을 생산하는 세계 최대 방산기업인 록히드 마틴(LMT)의 주가는 작년 10월에 기록한 최고치 614달러에서 25% 이상 하락한 464달러에 거래되고 있다. 노스럽 그루먼(NOC)은 스텔스 폭격기나 우주 미사일 방어의 중심 기술을 보유한 업체로 꼽히지만 올들어 역시 작년 최고가에는 10% 이상 하락한 수준에서 거래되고 있다. 올들어 미국 방산 업체 주가가 지지부진했던 것은 트럼프 대통령의 영향이 크다. 미국 정부가 EU와 아시아 동맹국들에 대해 자체 방위비 증액을 요구하고 미국의 예산 감축을 강조하면서 군사 지출에 대한 불확실성이 높아진 덕분이다. 여기에 트럼프의 관세 위협으로 글로벌 고객들의 수요가 감소할 것이라는 우려가 더해지면서 트럼프 취임이후 주가가 하락했다. 인베스터닷컴에 따르면, 월가 분석가들은 올해말부터 방산 업체들의 전망이 개선될 것이라며 주가 하락시 매수를 권고하고 있다. 씨티은행의 분석가 제이슨 거스키는 항공우주 및 방위 산업 전반의 모멘텀이 계속해서 가속화되고 있다고 밝혔다. 그는 트럼프 대통령의 OBBB에서 국방 예산이 증액됐음을 지적했다. 분석가는 미국의 국방 예산 불확실성이 해소되고 방위서비스 제공업체들이 북대서양조약기구(NATO) 동맹국들의 국방비 지출 목표를 상향함에 따라 혜택을 볼 것으로 예상했다. 씨티는 항공우주 및 방위 산업 전반에 걸쳐 대부분 매수 등급을 유지했다.번스타인은 이번 주 2분기 실적 발표가 방산주 실적에 잠재적인 변곡점을 제공할 수 있다고 평가했다. 번스타인은 록히드마틴의 목표 주가는 540달러에서 551달러로, 노스럽 그루먼의 목표 주가는 531달러에서 586달러로, 제네럴 다이내믹스의 목표 주가는 295달러에서 314달러로 상향 조정했다. 모건스탠리는 항공 우주 관련 주식들이 사상 최고치 배수로 거래되는 것이 업계의 회복 탄력성을 반영하는 것이라고 지적했다. 모건 스탠리는 지난 주 RTX(RTX)와 텍스트론(TXT)의 목표주가를 상향 조정했다. 시포트 리서치의 분석가 리처드 사프란은 “주가 하락시 매수 기회로 활용하라”면서 이번 분기 실적은 좋지 않을 수 있으나 방위 산업 전망은 긍정적이라고 밝혔다. 그는 L3 해리스 테크놀로지와 록히드 마틴, 노스롭 그루먼 같은 종목을 선호한다고 밝혔다. RBC 캐피털 마켓의 분석가인 켄 허버트는 올해 하반기에는 국방 부문이 성장할 수 있을 것으로 예상했다. 그는 현재 제출된 2026년 전체 대통령 예산 요청안과 1,500억달러 규모의 예산 조정 법안에 따른 잠재적 상승 가능성을 언급했다. 현재 항공우주 및 방위 업종의 주가수익비율 (PER)은 31배로 나스닥 100의 27배보다 높다. 이는 주로 항공 우주 부문이 높게 평가되는데 따른 것으로 지수내에서 주요 군수 업체들의 밸류에이션은 상대적으로 저조한 수준이다.RTX의 경우 금요일 종가 기준 PER는 24배, 록히드 마틴은 16배, 노스럽 그루먼과 제너럴 다이내믹스는 19배에 거래되고 있다. 
                    




                김정아 객원기자 kja@hankyung.com",https://www.hankyung.com/article/202507223000i,2025.07.22 00:45
"""부산 시민, 지원금 25만원 필요 없는 이유""…박수영 반박",,"박수영 국민의힘 의원. / 사진=박 의원 페이스북

                ""부산 시민은 25만원이 필요 없다""며 이재명 정부가 추진하는 전 국민 민생 회복 지원금에 대한 반대 의사를 밝힌 박수영 국민의힘 의원(부산 남구)이 여권의 비판에 조목조목 반박했다.박 의원은 7일 페이스북에 '부산이 산업은행을 25만원보다 진정으로 원하는 이유'라는 제목의 글을 올려 ""부산이 진정으로 원하는 것은 지역화폐 25만원보다 산업은행 이전이다. 지역화폐 받으면 잠깐 기분이 좋아질 수는 있다. 시장에 약간의 활기를 더 할 수도 있지만 매우 제한적""이라며 ""산업은행이 부산 남구에 오면 나타날, 수조원의 효과와 비교할 수 없다""고 했다.박 의원은 이어 세 가지 이유를 설명했다. 먼저 ""산업은행 부산 이전은 그 효과가 막대하다. '산업은행 부산금융중심지 이전 관련 남부권 효과 연구(부산연구원)'을 보도를 보면, 부·울·경 생산 유발 효과는 총 2조4076억원. 부가 가치 유발 효과 1조5118억원, 취업 유발 효과는 3만6863명""이라며 ""특히 신입직원의 35%를 부산지역 대학 졸업생 중에서 뽑는 것은 우리 청년들에게 큰 기회가 될 것""이라고 했다.박 의원은 두 번째로는 ""지역화폐의 효과는 일회성이다""라며 ""재정승수 얘기를 여러 차례 했지만 1조원을 3년간 투입해도 이전지출(현금성 지원)은 3300억원, 정부투자(SOC 건설 등) 8600억원, 정부 소비(공무원 증원 등) 9100억원의 GDP 증가 효과가 나온다. 어디에 정부가 돈을 써야 할지는 명백하다""고 했다.마지막으로는 ""지역화폐 받는다고 안 써도 될 돈을 더 쓰지 않는다. 오늘 보도를 보면 2020년부터 5년간 서울에서 쓰인 지역화폐 5조3000억 원 중 23%인 1조2200억원이 학원에서 쓰였다""며 ""병원과 약국 등에서 쓰인 액수도 6620억원에 달한다. 할인율을 평균 5%로 추산한다면, 학원비 할인에 610억원, 병원비와 약값 할인에 330억원의 국민 세금이 쓰인 셈""이라고 했다.이어 ""이재명 대통령과 더불어민주당이 외면하고 있지만, 산업은행 이전이야말로 지역화폐 지급보다 명백하게 부산에 도움이 되는 일""이라며 ""정부 여당에 다시 묻는다. 나랏빚 져서 현금 살포해도 되냐고 국민께 여쭤본 적 있나. 나랏빚 늘리면서 대통령실 특활비는 올리고 국방 예산은 삭감해도 되냐고 국민께 여쭤봤냐""고 덧붙였다.그러면서 ""장기 연체 소상공인 채무와 달리, 대한민국의 국가 채무는 누가 탕감해주지 않는다. 다 우리 자녀들이 갚아야 할 몫""이라며 '부산, 그리고 대한민국에 진정으로 필요한 것이 뭔지, 제발 좀 물어보고 살펴보길 바란다""고 강조했다.
                    



박수영 국민의힘 의원. / 사진=뉴스1

                앞서 박 의원은 국회에서 31조8000억원 규모의 추경안이 통과된 지난 4일 페이스북에서 ""우리 부산 시민은 25만원 필요 없다""며 ""부산에 해양수산부 보내준다니 감사히 받겠지만, 산업은행 같은 공기업이 오는 게 더 낫다. 기왕 이전하기로 한 해수부는 연말까지 남구로 보내주시고 당선축하금 25만원 대신 산업은행도 남구로 빨리 보내달라""고 했다. 1인당 최소 15만원의 전 국민 민생 회복 지원금 지급 정책을 비판한 것이다.박 의원의 글이 언론을 통해 확산하자, 민주당은 논평을 내고 박 의원 비판에 나섰다. 이나영 부대변인은 ""박 의원은 무슨 자격으로 부산 시민의 권리를 박탈하려 드나. 염치도 없냐""며 ""여당 의원으로 재적하던 3년간 정치적 타산으로 국민을 외면해 놓고, 이제 와서 큰소리를 치는 꼴이 파렴치 그 자체""라고 했다.본인이 부산 시민이라고 주장하는 네티즌들은 ""난 소비쿠폰 필요하다"", ""부산시민은 국민의힘이 필요 없다"", ""우리 부산 시민이라니, 허락은 구했나""라는 반대 의견과 ""박 의원이 맞는 말이다. 미래에 자식들 허리 휘게 갚아야 할 돈을 나눠준다는데 그리 좋나"", ""25만원 받는다고 제 생활이 달라지는 건 없다. 돈 퍼줄 생각말고 조금 더 현명한 곳에 사용됐으면 한다""는 찬성 의견으로 갈려 갑론을박을 벌였다.박 의원도 전날 페이스북에 '최근 베네수엘라'라는 제목의 글을 올려 받아쳤다. 간 국민의힘 등 보수 진영 일각에서는 이 대통령을 좌파 포퓰리스트이자 독재자인 우고 차베스 전 베네수엘라 대통령에 빗대 비판해왔다. 자원 부국인 베네수엘라는 차베스 전 대통령이 1999년 집권한 뒤부터 전방위적 무상 포퓰리즘으로 국가 경제가 내리막길을 탔다는 평가를 받는다.박 의원은 이 글에서 ""'미시옹'이라는 기본소득, 기본교육, 기본주택 등 과도한 복지 정책과 국유화로 인한 산업 기반의 붕괴로 무려 35만%의 인플레이션이 발생하고 770만명이 국외로 탈출한 베네수엘라""라며 ""국가적 자랑이던 미인사관학교가 문을 닫은 것을 물론, 그분들이 주변국에서 몸을 파는 고초를 당하고 있다는 암울한 소식, 먹을 것이 없어 쓰레기통을 뒤지는 청년들이 흔하게 보이는 수도 카라카스의 거리, 참고하시라""고 했다.홍민성 한경닷컴 기자 mshong@hankyung.com",https://www.hankyung.com/article/2025070720647,2025.07.07 11:09
"15일, 거래소 외국인 순매도상위에 보험 업종 3종목",,"외국인 투자자는 15일 거래소에서 현대차, 삼성화재, 기아 등을 중점적으로 매도한 것으로 나타났다.외국인 투자자의 순매도 상위 20개 종목은 현대차, 삼성화재, 기아, 기업은행, SK텔레콤, NAVER, 신한지주, 우리금융지주, 삼성SDI, DB손해보험등이다.이중에 보험 업종에 속한 종목이 3개 포함되어 있다.기업은행, NAVER, 우리금융지주 등은 전일 대비 주가가 상승했고, 현대차, 삼성화재, 기아 등은 주가가 하락했다.[07월15일]거래소 외국인 순매도 상위 종목한경로보뉴스이 기사는 한국경제신문과 금융 AI 전문기업 씽크풀이 공동 개발한 기사 자동생성 알고리즘에 의해 실시간으로 작성된 것입니다.",https://www.hankyung.com/article/202507150337L,2025.07.15 18:35
GM 덮친 '50억 달러'…잇단 합의에도 관세 영향 본격화? [김현석의 월스트리트나우],,"영상 모듈 닫기









                두 가지 호재가 있었습니다. 트럼프 대통령은 미 중앙은행(Fed) 제롬 파월 의장에 대한 공격을 지속하면서도 내년 5월 임기까지는 그냥 놔두겠다는 뜻을 밝혔습니다. 필리핀과의 무역 협상도 타결됐습니다. 19% 관세율은 서한에 보낸 20%와 거의 같습니다. 어쨌든 무역 합의가 이뤄지고 있는 것은 긍정적입니다. 하지만 매그니피선트 7 실적 발표, 관세 데드라인인 8월 1일을 앞두고 전반적으로 관망세가 뉴욕 증시를 지배했습니다.  1. ""파월, 어차피 물러나""→해임 안 한다?뉴욕 증시는 아침 9시 30분 보합선에서 출발했습니다. 파월 의장에 대한 트럼프 대통령의 비판은 이어졌습니다. '제롬 파월 의장이 사임해야 한다고 생각하느냐'라는 질문에 ""그는 항상 너무 늦는다. 금리를 낮췄어야 한다. 그가 한 일은 정말 끔찍하다""라면서도 ""어차피 물러날 것이다. 8개월 후면 (임기가 끝나) 물러나게 된다(HE'S GOT TO BE OUT IN 8 MONTHS)""라고 했습니다. 해임을 강행할 의사가 없다는 식이었습니다. 
                    




                스콧 베선트 재무장관은 폭스뉴스 인터뷰에서 파월에 대해 ""지금 당장 사임해야 한다는 근거는 전혀 없다. 그는 훌륭한 공직자였다. 그리고 임기는 내년 5월에 끝난다. 그가 끝까지 임기를 마치고 싶다면 그렇게 해야 한다고 생각한다. 물론 그가 일찍 떠나고 싶다면 그렇게 할 수 있다""라고 밝혔습니다. 
                    




                이에 뉴욕 채권 시장에서 장기 금리가 어제에 이어 하락세를 이어갔습니다. 오후 3시 19분께 국채 10년물 수익률은 3.2bp 내린 4.338%, 30년물은 3.2bp 하락한 4.905%를 기록했습니다. 2년물은 2.1bp 하락한 3.831%에 거래됐습니다. 그동안 파월 해임(사임) 가능성 속에 수익률 곡선이 가팔라지는 데(장기 금리 상승)에 베팅하는 투자자들이 있었는데, 그런 거래가 일부 해소되고 있는 것으로 풀이됩니다.
                    




                파월 의장은 은행 규제 콘퍼런스에서 발언했는데요. 트럼프 대통령의 압력뿐 아니라 통화정책에 대해선 말을 삼갔습니다. 다음주 연방공개시장위원회(FOMC)를 앞두고 지난 주말부터 블랙아웃(침묵) 기간이 시작된 때문입니다. 트럼프 대통령이 파월을 해임하지 않더라도 차기 의장을 빨리 뽑을 수 있습니다. 조기에 파월의 힘을 빼겠다는 의도겠지요. 만약 이런 '그림자' 의장이 임명되면 시장은 어떻게 움직일까요?모건스탠리는 차기 의장이 시장 관측처럼 늦여름까지 임명된다고 해도 Fed의 반응이 달라질 것으로 보지 않는다고 밝혔습니다. 먼저 통화정책은 의장이 혼자 결정하는 게 아니라 FOMC에서 집단적으로 결정한다는 겁니다. 이런 집단적 역학은 통화정책의 급격한 변화를 억제하는 경향이 있다고 설명했습니다. 여기에는 또 하나의 변수가 있는데요. 파월은 의장직을 떠나도 이사직 임기는 끝나지 않습니다. 2028년 1월까지 지속하지요. 그래서 계속해서 Fed 이사회에 남을 수 있습니다. 과거 마리너 에클스 의장이 그랬던 역사가 있고요. 현재 마이클 바 이사는 작년 부의장직에서 물러난 후 이사로 남아있습니다. 그렇다면 트럼프 행정부가 내년 1월 아드리아나 쿠글러 이사의 임기 만료로 한 명의 이사를 선임할 수 있다해도 FOMC 내에서 다수를 차지하기는 어려울 수 있습니다. 모건스탠리는 또 과거 정치적으로 임명된 인사들이 의장으로 취임하고 나면 Fed의 두 가지 책무, 즉 최대 고용과 물가 안정에 집중한 경우가 많았다고 설명했습니다. 즉 새 의장을 선임해도 그가 트럼프 대통령이 원하는 대로 대폭 금리를 인하할지는 의문이라는 것이죠. 모건스탠리는 ""Fed의 금리 전망에 있어 가장 큰 위험은 정치가 아니라 경제 전망""이라고 분석했습니다. 
                    




 2. 필리핀 합의…베선트 ""합의 잇따를 것'트럼프 대통령은 오전에 필리핀의 페르디난드 마르코스 주니어 대통령과 회담을 가졌는데요. 그 직후 필리핀이 무역 협정에 합의했다고 발표했습니다. 이에 따라 필리핀 수입품에 19%의 관세를 부과할 것이라고 밝혔고요. 
                    




                긍정적 소식이었습니다. 다만 19% 관세율은 최근 필리핀에 보낸 서한에서의 20% 관세와 거의 같습니다. 4월 2일 발표됐던 상호관세율은 17%였습니다. 필리핀은 미국의 총 상품 교역 규모에서 33위 파트너입니다. 오후에는 인도네시아와의 구체적 합의 내용도 나왔습니다. 역시 19% 관세를 적용하기로 했습니다. 트럼프 대통령은 지난 15일 상호관세를 32%에서 19%로 낮춘다는 식의 개략적 내용만 공개했었죠. 베선트 장관은 ""앞으로 며칠 안에 여러 무역합의를 잇따라 발표할 것""이라고 밝혔습니다. 그러면서 ""일본과의 협상이 순조롭게 진행되고 있다. 신속하게 타결된다 해도 놀라지 말라""고 말했습니다. 블룸버그는 ""일본의 아카자와 료세이 경제재생상이 어제 밤 베선트 장관과 2시간 이상 회담을 했다""라고 보도했습니다. 아카자와 장관의 워싱턴행은 이번이 8번째입니다. 아카자와는 오늘은 트럼프 대통령과도 만난 것으로 보도됐습니다.베선트 장관은 중국과 관련, ""다음주 월, 화요일(28∼29일) 중국과 스톡홀름에서 회담할 것""이라고 밝혔습니다. 양국은 지난 5월 초고율 관세를 90일 동안 유예하기로 했는데요. 그 기간은 8월12일 만료됩니다. 그는 미중 무역 관계가 ""매우 양호한"" 상태이기 때문이 '연장될 것으로 보이는 것'(what is likely an extension)에 대해 해결할 것""이라고 말했습니다. 트럼프 대통령도 ""아마도 그리 머지않은 미래""에 시진핑 중국 국가주석과 만날 것이라고 밝혔죠. 베선트 장관은 8월1일 데드라인과 관련, ""상당히 견고한(hard) 시한""이라며 합의하지 않은 국가는 1일부터 상호관세를 내야 한다고 했습니다. 그는 ""협상할 수 없다는 의미는 아니다. 더 높은 관세가 부과되면 해당국은 더 빨리 움직인다""고 설명했습니다.   3. 관세가 기업 마진 압박으로?코카콜라, GM, 록히드마틴 등 오늘 2분기 실적을 발표한 기업들은 조금 부진했습니다.  코카콜라는 매출은 전년 동기보다 1% 증가한 125억 달러로 예상(125억5000만 달러)에 살짝 못 미쳤지만, 주당순이익(EPS)은 0.87달러로 예상(0.83달러)를 넘었습니다. 북미의 경우 판매량은 1% 감소했지만, 가격 인상을 고려한 매출은 3% 늘었습니다. 코카콜라는 올해 EPS가 작년보다 3% 증가할 것이라고 밝혔습니다. 기존의 2~3% 증가할 것이라는 가이던스보다 개선된 것입니다. 코카콜라의 제임스 퀸시 CEO는 ""전반적인 그림은 소비자들의 광범위한 회복력""이라고 말했습니다. 
                    




                관세 불안감은 기업 실적에서도 조금씩 나타나고 있습니다. GM은 매출과 EPS가 예상을 넘었습니다. 하지만 관세 부담으로 인해 순이익이 35% 감소했습니다. GM은 2분기 관세 부담이 11억 달러에 달했다고 밝혔고요. 3분기엔 간접적 관세(철강 등) 발효로 비용이 더 증가할 것이라고 예고하면서 연말까지 40억~50억 달러 부담을 예상했습니다. GM은 캐나다, 멕시코, 한국에서 수입하는 차량에 25%의 관세를 내고 있습니다. 폴 제이콥슨 최고재무책임자(CFO)는 제조 조정과 비용 절감, 가격 정책을 통해 이런 부담의 최소 30%를 상쇄할 계획이라고 밝혔습니다. 그러면서 관세와 관련된 가격 인상을 예상하지 않는다고 했습니다. 트럼프 대통령은 지난 4월 자동차 업계 CEO들을 불러 가격을 올리지 말라고 압박했었죠. GM 주가는 8% 이상 하락했습니다. 제이콥슨은 관세가 없었다면 마진이 9%(2분기 6,1%)였을 것이라고 덧붙였습니다. 
                    




                RTX도 관세 인상으로 인해 이익이 감소했습니다. 연간 실적 전망을 하향 조정하면서 주가가 하락했습니다. 월가는 관세가 기업 마진에 타격을 줄 것이라고 전망합니다. 트럼프 행정부가 외국 수출업자들이 부담할 것이라고 주장하는 것과 다른데요.
                    




                시티은행은 ""소비자물가(CPI) 상승은 지금까지는 제한적이다. 이는 기업들이 재고를 소진하면서 가격 인상을 미루고 있는 것일 수도 있다. 그래서 향후 3개월 동안 높은 물가 상승률이 예상된다""라고 밝혔습니다. 시티는 ""(수입물가 등을 보면) 외국 기업의 상당한 관세 흡수를 시사하지 않는다. 결국 해외 기업과 소비자가 부담하지 않는다면 미국 기업들은 내야 한다. 이는 결국 기업 실적에 반영되어야 할 부분이다. 이번 분기 기업들은 불확실성을 강조할 가능성이 있으며 향후 몇 달 안에 비용 분담이 바뀔 수 있다고 예상할 수 있다""라고 밝혔습니다. 도이치뱅크는 ""관세 세수가 지금까지 1000억 달러를 돌파했는데 누군가가 비용을 내고 있음은 의심의 여지가 없다""라면서 그 비용을 누가 내는지 2분기 공산품 수입 가격 변화를 분석했습니다. 도이치뱅크는 ""캐나다, 영국 등에서 오는 수입품 가격에 소폭 하락이 있었다. 하지만 다른 지역의 수출업체가 지불하는 금액은 매우 적은 것으로 보인다""라고 지적했습니다. 중국의 경우 관세율이 평균 30% 이상 높아졌지만 달러 기준 수입 가격은 1% 하락에 그쳤다는 겁니다. 만약 외국 기업이 관세를 냈다면 수입 가격이 크게 하락했겠지요. ""특정 산업에서는 더 큰 하락이 나타난 곳도 있었다. 하지만 현재로서는 미국이 대부분 관세 부담을 떠안고 있다""라고 분석했습니다. 그러면서 ""CPI 상승세가 지금까지 억제된 점을 고려하면, 미국 기업들이 대부분 관세를 마진에서 흡수하고 있다는 결론이 나온다. 앞으로 기업들이 가격 인상에 나서면서 CPI에 대한 압력이 더 커질 가능성이 높다""라고 밝혔습니다.
                    




                뱅크오브아메리카는 자체 애널리스트를 상대로 조사했는데요. 애널리스트의 25%는 기업이 가격 인상으로 관세 부담을 메울 것으로 예상했고요. 21%는 가격 인상이 어려울 것(마진 하락)으로 봤습니다. 나머지 54%는 일부 가격 인상과 일부 마진 하락을 예상했습니다. 
                    




 4. 골드만 ""관세, 인플레+성장 효과 본격화""관세 효과는 미국 경제에 성장 부담으로 나타날 것입니다. 골드만삭스는 최근 트럼프 대통령의 관세 발표로 인해 관세 가정을 여러 차례 바꿨는데요. 
                    




                8월 1일 상호관세가 발효되면(발효될 것으로 예상하지는 않지만) 상호관세율이 기존에 가정한 10%에서 15%로 높아질 것으로 봤습니다. 의약품 관세(25%)는 내년 말 중간선거 이후로 연기될 것으로 추정하는데요. 이런 가정에 따라 올해 말 실효 관세율은 14%가 되고, 내년에는 3%포인트가 추가되어 거의 20%에 달할 것으로 봤습니다. 이런 효과는 이제부터 본격화할 것으로 봅니다. 골드만삭스는 ""트럼프 대통령이 관세를 추가 인상한 이유 중 하나는 무역 전쟁 비용이 지금까지 예상보다 적었기 때문이다. 이는 (적어도 인플레이션 측면에서는) 관세 부과 전 대규모 재고 증가와 관련된 시차를 반영하는 것으로 보인다. 이런 시차 효과는 이제 한계에 다다랐다. 관세로 인해 6월까지 근원 개인소비지출(PCE) 물가가 누적 0.2% 상승했다. 추가로 1.2%의 물가 상승이 예상된다. 주거비 등 기타 서비스 부문의 양호한 추세가 지속된다고 가정하더라도 근원 PCE 물가는 하반기 3% 이상으로 상승할 것이다. 다만 이는 일회성 상승으로 판단한다""라고 밝혔습니다. 
                    




                골드만삭스는 성장에도 본격적인 여파가 미칠 것으로 보는데요. 이로 인해 올해와 내년 경제 성장률이 연속으로 1.6%(경기 침체와는 거리가 멉니다)를 기록한 뒤 2027년에야 2.1%로 회복될 것으로 봤습니다. 이에 따라 월별 비농업 신규고용은 2분기 평균 13만4000건에서 3분기에는 7만8000건으로 감소했다가 4분기에는 9만 건으로 소폭 회복될 것으로 예측합니다. 
                    




                뱅크오브아메리카도 실효 관세율이 현재 9.6%에서 16%까지 올라갈 것으로 예측을 바꿨습니다. 그래서 비농업 고용이 하반기 평균 7만건→5만건, 2026년 평균 7만5000건→7만 건으로 떨어질 것으로 예상을 낮췄습니다. 5. ""침체 징후 나타나면 시장 흔들릴 것""골드만삭스의 얀 하치우스, 도미닉 윌슨 이코노미스트는 골드만삭스의 익스체인지 팟캐스트에서 현재 상황을 다음과 같이 정리합니다.
                    




                ▶Q: 관세에 대해 전망은?▶A: 지금까지 미국의 평균 실효 관세율이 약 9%포인트 인상됐다. 올해 말까지는 14% 정도로 오를 것으로 본다. 그 과정에서 반도체 등 일부 품목 관세도 추가될 것이다. 의약품 관세는 내년 중간선거 이후로 발효 시점을 늦출 것으로 본다. ▶Q: 관세가 물가에 영향을 미친다면, 언제쯤 나타날까?▶A:  6월 근원 PCE 물가 상승률은 0.25%포인트로 예상한 대로 나왔다. 철강·알루미늄 등 일부 상품에서 전가가 나타나고 있다. 하지만 이 과정은 점진적으로 이뤄지고 있다. 관세 부과 전에 재고를 많이 쌓아놓은 영향이 있고, 또 관세 영향이 미치지 않는 서비스·주거비에서 물가가 둔화되고 있어서다. 우리는 근원 PCE 상승률(전년 대비)이 현재 2% 중후반에서 3% 초반으로 올라갈 것으로 예상한다. 이는 일시적 충격에 가까우며, 1년 정도 지속된 후 사라질 것으로 보고 있다. ▶Q: 관세는 성장에도 영향을 줄 텐데. ▶A: 성장은 둔화하고 있지만, 우리 애초 예상보다 덜하다.  우리는 상반기 평균 GDP 성장률을 1.2%, 연간으로는 1~1.5%로 예상한다. 최근 경제 데이터들이 다소 안정화되는 모습을 보이지만, 확실히 둔화된 성장 환경이다. ▶Q: 성장은 둔화되고 있지만, 증시는 강세다. ▶A: 4월 중순 이후 시장은 성장 둔화를 어느 정도 수용하면서 ‘한 번의 조정’ 정도로 받아들이고 있다. 관세 충격이 있겠지만, 지속적인 약세를 초래할 만큼은 아니라는 판단이 깔려 있다. 인플레이션도 비슷하다. 시장에는 세 가지 주요 전제가 있다. ⑴ 관세가 조정될 가능성이 있다 ⑵ 관세의 경제적 충격이 생각보다 작다 ⑶ 단기 약세는 있겠지만 중장기적으로는 성장이 회복될 것이다. 이런 전제는 만약 실업률 급등 등 ‘경기 침체 징후’가 나타나면 흔들릴 수 있다. 그런 위험이 현실화되면 시장은 취약해질 수 있다.▶Q:  트럼프 감세법 통과가 성장에 긍정적이지 않을까?▶A: 단기적으로는 성장에 긍정적d일 것이다. 다만, 관세 영향을 포함하면 재정적으로는 중립에 가깝다. 이에 따라 우리는 성장 전망이나 재정 적자 전망을 크게 바꾸지 않았다.  ▶Q: Fed는 어떻게 움직일까? ▶A: 9월부터 인하가 시작될 것으로 본다. 이후 올해 두 차례 더 내리고 2026년에 추가로 두 차례 더 인하해 기준금리는 최종적으로 3% 초반으로 갈 것이라고 본다.  이로 인해 단기 금리는 내려갈 수 있지만, 장기 금리는 구조적인 높은 재정적자와 채권 공급 압박으로 내려가기 어렵다고 본다. 이는 수익률 곡선 스티프닝(단기↓, 장기↑) 구조로 나타날 수 있다. Fed 의장 교체 논의도 시장에 영향을 주고 있다. 만약 ‘비둘기파’ 인사가 지명된다면, 금리 하락과 달러 약세 압력으로 이어질 가능성이 크다. ▶Q: Fed 의장 교체 가능성은?▶A: 질서 있는 교체가 될 것으로 본다. 트럼프 대통령은 임기 내에 Fed 이사를 3명 지명할 수 있지만, 총 19명 중 투표권자는 12명이라 제도적 안정성은 유지될 것이다. 큰 정책 변화는 없을 가능성이 높고, 여전히 경제 데이터 중심의 접근이 이어질 것으로 본다.▶Q: 달러 약세는 이어질까?▶A: 달러는 여전히 고평가되어 있고, 장기적으로 약세가 이어질 구조다. 경상수지 적자, Fed 독립성에 대한 의구심 등이 외국인 투자에 부담을 주고 있어 자본 유입이 점점 어려워지고 있다. 급락은 아니지만, 점진적인 약세 흐름이 이어질 가능성이 크다. 다만 현재는 시장 참가자 대부분이 약세를 예상하고 있기 때문에 단기 반등이 있을 수 있다. 하지만 2002~2005년처럼 긴 약세 흐름이 이어질 가능성이 높다고 본다.  6. ""걱정 없다""는 논리는?이처럼 경제, 기업 실적과 관련된 걱정이 있습니다. 하지만 걱정하지 않는 사람도 많습니다. 웰스파고의 크리스 하비 전략가는 월가에서 가장 높은 올해 말 S&P500 지수 전망치 7007을 유지하고 있는데요. 그는 블룸버그 인터뷰에서  끊임없이 변화하는 무역 정책과 관계없이 뉴욕 증시가 상승세를 유지할 것이라고 밝혔습니다. ""초대형 기업들은 마진이 더 높고 시장 점유율도 확대하고 있다. AI 분야에서는 앞으로도 지속될 장기적 추세가 있다""라는 겁니다. 시장 일부에서는 지나치게 높은 밸류에이션을 지적하는데요. 하비는 ""S&P 500 지수는 25년 전과 다르다. 기업들은 훨씬 더 강해졌고, 펀더멘털도 그때보다 훨씬 좋아졌다""라고 설명했습니다. 트럼프 관세는 괜찮을까요? 그는 ""우리는 트럼프 1.0을 봤다. 그의 스타일을 알고 있다. 한 단계 더 강하게 나아갔다가 다시 돌아오는 것""이라고 했습니다. 관세가 금리와 인플레이션에 미칠 부정적 영향 등 시장 위험이 존재한다는 점을 인정하면서도 ""펀더멘털도 양호하고 소비자 심리도 개선되고 있다. Fed도 금리를 인하할 것으로 예상된다""라고 설명했습니다.
                    




                어제 나스닥 100지수가 지난주 금요일로 60일 연속 20일 이동평균선을 상회해서 조정 가능성이 커졌다는 BTIG의 분석을 전해드렸는데요. 60일 연속은 2000년 닷컴버블이 터지기 직전인 1999년 2월 5일 이후 가장 긴 추세 기록입니다. 조나선 크린스키 전략가는 ""시장이 정점에 가깝다고 생각하지는 않더라도, 주가가 조정을 받을 때가 왔다는 것을 의미할 수 있다""라고 말했습니다.
                    




                그러나 데이터트랙리서치는 ""나스닥 100 지수에는 VXN으로 알려진 자체 VIX 지수가 있다. 어제 VXN은 18.7로 마감했는데, 이는 장기 평균인 24.7보다 훨씬 낮다. VXN이 낮은 것은 역사적으로 투자자의 '안일함'을 보여주는 게 아니라, 기술주 강세장의 지속 가능성을 나타낸다""라고 밝혔습니다. 데이터트랙리서치는 ""8~10월은 대형주에 있어서 일년 중 가장 변동이 심한 기간이다. VIX는 1990년 이후로 1월을 제외하고는 이 기간에 가장 자주 정점을 찍었다. 즉 S&P500 지수는 1년 중 4분기에 정점을 찍는 경향이 있으며, 대부분 두 자릿수 상승한 이후였다. 7월이 아니다""라고 분석했습니다. 
                    




 7. '매그니피선트 7' 관전포인트는내일부터 Mag 7 실적이 발표됩니다.  기술주에 대한 기대는 큽니다.  
                    




                찰스슈왑은 기술 기업의 실적은 올해 내내 강세를 유지할 것으로 예상하는데요. S&P500 IT 업종의 2분기 이익 컨센서스는 2분기 17.7% 증가한다는 겁니다. 이는 1분기 +18.1%보다는 줄어드는 것이지만, 1분기 실적은 관세 부과 전 선구매 수요로 과장됐을 수 있다고 설명했습니다. 연간으로는 IT 업종의 증가율이 2024년 21.5%에서 16.9%로 둔화할 것으로 예상하는데요. 이는 '대수의 법칙'에 따른 것일 뿐 실적 부진 탓은 아닙니다. 찰스슈왑은 2분기 기술주 실적을 볼 때 3가지 관전포인트를 지목했는데요.① 관세 효과와 가이던스입니다. 1분기에는 관세 불확실성이 커서 많은 기업들이 가이던스를 제시하기를 꺼렸지만, 지금은 불확실성은 다소 줄어서 좀 더 명확한 전망을 내놓을 수 있다는 겁니다. ② 클라우드 서비스 사업의 성장세입니다. 클라우드 시장의 성장은 작년 말 느려지다가 1분기 회복세를 보였습니다. 마이크로소프트는 전년 동기 대비 33%, 아마존웹서비스는 17%, 알파벳은 28% 성장했었는데요. 성장세가 유지될지 봐야 한다는 겁니다. 관세나 지정학적 스트레스로 인해 성장이 둔화되면 클라우드 수요가 둔화될 수 있으니까요.③ AI 지출 추세입니다. 하이퍼스케일러들은 AI 투자를 계속 늘리고 있는데요. 슈왑은 ""기업들은 경쟁에서 앞서기 위해 AI 인프라를 계속 확장해야 한다고 확신하는 것으로 보이지만, 그 영향은 단기적으로 순이익 성장에 악영향을 미칠 수 있다""라고 지적했습니다.   8. 반도체 실적 둔화?AI 지출에 월가의 관심이 집중되고 있는 가운데, 월스트리트저널(WSJ)은 소프트뱅크, 오라클이 발표한 5000억 달러 규모의 스타게이트 사업이 차질을 빚고 있다고 보도했습니다. 프로젝트를 발표한 지 6개월이 지났지만, 새로 세운 회사가 아직 데이터 센터에 대한 단 한 건의 계약도 체결하지 못했다는 겁니다. 
                    




                NXP 반도체는 매출과 이익이 전년 동기보다 줄었고요. 3분기에도 매출과 이익이 전년 대비 감소할 것으로 전망한 뒤 급락했습니다. 자동차 등 주요 시장이 회복되지 않고 있다는 겁니다. 오늘 장 마감 뒤 실적을 공개한 텍사스인스트루먼트는 2분기 매출과 이익이 전년 대비 각각 16% 증가하는 등 '어닝 서프라이즈'를 기록했지만, 3분기 이익은 월가 추정치에 약간 못 미칠 것으로 전망했습니다. TI는 자동차 고객들을 예로 들면서 ""그들은 관세를 원하지 않는 것 같다. 지금은 신중하다. 주문은 정말 필요할 때만 하는 것 같다""라면서 관세 영향으로부터 아직 빠져나오지 못했다고 밝혔습니다. 이에 시간 외에서 주가가 급락하고 있습니다. 
                    




                이런 분위기 속에 최근 급등한 반도체 주식들이 큰 폭으로 하락했습니다. 엔비디아가 2.54%, 브로드컴이 3.34%, 마이크론이 3.54% 급락세를 보였습니다. 필라델피아 반도체지수는 1.75%나 떨어졌습니다.마이크로소프트(-0.94%) 메타(-1.14%) 팰런티어(-1.79%) 오라클(-2.23%) 등 빅테크, 하드웨어와 소프트웨어 주식들도 하락세를 보였고요. 
                    




                결국 뉴욕 증시는 혼조세로 거래를 마쳤습니다. S&P500 지수는 0.06% 강보합세를 보였습니다. 나스닥은 0.39% 내렸는데요. 다우는 0.40% 올랐습니다. 11개 업종 중 IT(-1.08%)와 통신서비스(-0.31%) 등 두 개만이 내림세를 기록했습니다. 9개는 올랐다는 얘기입니다. 헬스케어 분야가 1.8% 상승하며 상승세를 주도했고, 부동산(+1.5%)이 뒤를 따랐습니다.
                    




                하지만 AI 투자는 지속되고 있습니다. 자동차 등의 시장 회복은 늦어지고 있어도, 스타게이트 프로젝트는 지연될 수 있어도 기업들은 계속해서 투자하고 있습니다.  ▶WSJ은 ""일론 머스크가 xAI 투자를 위해 모든 재정적 수단을 동원하고 있다. 주식과 채권 매각을 통해 100억 달러를 모은 지 몇 주 만에 관계 있는 금융사 등을 통해 최대 120억 달러를 추가로 모으고 있다. 이는 두 번째 데이터센터인 '콜로서스 2'를 건설하는 데 도움이 될 것""이라고 보도했습니다. 
                    




                ▶오픈AI와 오라클은 4.5GW 규모의 새로운 데이터 센터를 건설하기 위해 협력하고 있다고 발표했습니다. 이는 200만 개 이상의 AI 칩을 구동할 수 있는 용량입니다.  ▶CNBC는 ""마이크로소프트가 최근 몇 달 동안 구글 딥마인드에서 근무했던 약 20명의 전직 직원을 채용했다""라고 보도했습니다. ▶아마존은 AI 스타트업 비(Bee)를 인수했습니다. 비AI는 대화, 작업 및 위치 데이터를 분석해 특정 사용자를 위한 개인용 AI를 만드는 곳입니다. ▶델컴퓨터의 마이클 델 설립자는 한 팟캐스트에 출연해 ""2년 전 우리의 AI 서버 매출은 20억 달러 규모였다. 작년에 100억 달러로 늘었고, 이번 분기엔 주문만 121억 달러였다. 그리고 처리 못한 주문이 140억 달러가 쌓여 있다""라고 밝혔습니다. 
                    




                뉴욕=김현석 특파원 realist@hankyung.com",https://www.hankyung.com/article/202507235712i,2025.07.23 08:12
"브라질 10%→50%, 트럼프 폭주 지속…""7월 말 폭락 많다"" [김현석의 월스트리트나우]",,"영상 모듈 닫기









                7월 9일은 90일간의 상호관세 유예가 종료된 날입니다. 트럼프 대통령의 위협이 다시 거세지고 있지만, 월가는 90일이 지났는데도 상호관세가 발효되지 않았다(8월 1일까지 연기)는 사실에 기뻐하는 듯했습니다. 또 투자자들은 엔비디아가 사상 최초로 시가총액 4조 달러를 (장중) 돌파한 데 더 집중했습니다. 어제까지 5거래일 연속 상승했던 국채 금리도 오늘 큰 폭 하락하면서 주가 상승을 지원했습니다.  1. 관세 위협…""경제 악화 전까지는 잘 소화할 것""트럼프 대통령이 관세 위협을 점점 더 높이고 있는데요. 어제는 8월 1일 관세 유예 데드라인은 변경되지 않을 것이라고 했고요. 앞으로도 최대 20개국에 서한이 나갈 텐데, 관세율이 최대 60~70%에 달할 수 있다고 설명했습니다. 또 의약품(200%) 구리(50%) 반도체 등에 대한 품목별 관세가 곧 발표될 것이라고 밝혔죠. 유럽연합(EU)에도 이틀 안에 서한을 보낼 수 있다고 했습니다.
                    




                어젯밤 소셜미디어를 통해서도 9일 최소 7개국에 서한을 보내겠다고 했는데요. 정말 필리핀, 리비아, 이라크를 포함한 7개국에 새로운 관세 서한을 발송했습니다. 이에 따라 트럼프 대통령으로부터 편지를 받은 나라는 21개로 늘었습니다. 트럼프 대통령은 브라질에 대해서도 편지를 보내겠다고 했습니다.
                    




                7일 오전 9시 30분 뉴욕 증시의 주요 지수는 0.2~0.6% 상승세로 출발했습니다. 그리고 트럼프 대통령의 서한 발송에도 그다지 영향을 받지 않았습니다. 관세 위협을 대체로 무시하고 있는 것인데요. 이는 의약품, 구리에서 명확히 드러납니다. 구리 가격은 어제 뉴욕상품거래소(COMEX) 시장에서 최대 17%까지 상승하며 사상 최고치를 경신했지만, 오늘은 4% 하락했습니다. COMEX 가격은 런던금속거래소(LME) 가격보다 25% 프리미엄 수준에서 거래되고 있는데요. 삭소뱅크는 ""50% 인상은 막대한 세금이다. 현재 수요의 약 45%를 차지하는 수입 비중을 낮추는 데는 수년이 걸릴 것이라는 점을 고려하면 더욱 그렇다. 이런 큰 관세가 미칠 영향을 고려하면 최종 관세는 25%에 가까워질 가능성이 있다. 트럼프의 말이 아닌 행동을 주시하는 것이 중요하다""라고 밝혔습니다.
                    




                의약품에 대한 200% 관세에 대해서도 월가는 믿지 않습니다. 미즈호는 ""이건 트럼프 행정부가 집권 이후 내뱉은 다른 모든 위협만큼이나 말이 안 되는 소리다. 의약품 관세는 부과되겠지만 관세율은 분명히 대폭 완화될 것""이라고 전망했습니다. UBS는 ""의약품에 대한 200% 관세는 부과될 경우 치솟을 의약품 가격과 최근 메디케이드(빈곤층 의료보장) 보장 범위 축소 등을 고려할 때 실현 가능성이 작다""라고 지적했습니다. 트럼프 대통령은 이번 주 EU에 서한을 보낼 것이라고 했는데요. EU 대변인은 이달 합의를 목표하고 있으며, 편지를 받을 것으로 예상하지는 않는다고 밝혔습니다. 판테온이코노믹스는 ""트럼프 행정부가 EU 관세를 50%까지 올리면 미국의 소비자물가(CPI)가 0.4%포인트 상승할 것이다. 합의 가능성이 크다""라고 예상했습니다. 시장 전체적으로도 관세 위협을 심각하게 받아들이지 않고 있는데요. JP모건의 트레이딩데스크는 ""고객들은 트럼프 대통령이 시장 붕괴를 피하고자 관세 정책을 계속 바꿀 것으로 예상한다. 무역 전쟁으로 인한 경제 악화(예: 월간 비농업고용 5만~7만5000개 증가 혹은 근원 CPI 3.6% 이상 상승)가 거시경제 데이터에 반영될 때까지는 증시가 이러한 헤드라인 뉴스를 계속 잘 소화할 것""이라고 전망했습니다.캐피털이코노믹스는 ""미국의 실효 관세율이 전체적으로 현재 수준을 유지하리라는 것이 기본 시나리오다. 관세 논란이 지속하면 단기 변동성이 발생할 수 있지만, 지난 4월 2일과 같은 또 다른 대형 매도가 발생할 기준은 매우 높다""라고 밝혔습니다.JP모건 이코노미스트팀은 “관세가 꾸준히 인상되면서 점점 '서서히 삶아지는 개구리(boiling the frog)' 같은 느낌이 들고 있다. 1년 전만 해도 실질 관세율이 15%, 아니 20%까지 오른다고 했으면, 대부분은 어이없어하면서 말도 안 된다고 반응했을 것”이라고 지적했습니다.사실 이는 트럼프 행정부 핵심 인사들의 발언에서도 드러납니다. 백악관의 피터 나바로 무역 고문은 ""시장은 무역 서한이 협상을 위한 것이라는 것을 이해한다고 생각한다""라고 말했고요. 스티브 미란 경제자문위원장(CEA)도 ""불확실성의 이점 중 하나는 협상에서 지렛대를 제공한다는 것이다. 트럼프 대통령은 상대국으로부터 양보를 끌어내는 방법을 알고 있으며, 그 과정은 매우 성공적이었다""라고 밝혔습니다. 2. 한때 4조 달러 넘은 엔비디아기술주가 장 초반부터 급등한 것도 관세 위협이 묻힌 이유입니다. 엔비디아는 어제 160달러를 살짝 웃도는 가격에 거래를 마감하며 시가총액이 3조9000억 달러에 달했었는데요. 아침 개장과 함께 164.42달러까지 뛰면서 사상 처음으로 시가총액 4조 달러를 돌파했습니다. 세계 기업 중 처음으로 4조 달러 기업에 등극한 것이죠. 기존 기록은 애플이 작년 12월에 세웠던 3조9150억 달러(종가 기준)입니다.
                    




                파이낸셜타임스(FT)는 ""엔비디아는 이르면 9월 중국 전용으로 설계된 새로운 AI 칩을 출시할 계획이며, 중국 고객들이 상당한 규모의 주문에 관심을 표했다""라고 보도했습니다. 시노버스트러스트의 댄 모건 포트폴리오매니저는 ""엔비디아의 시가총액이 장중 거래에서 4조 달러를 돌파한 것은 AI 산업이 아직 끝나지 않았을 뿐만 아니라 여전히 건재함을 보여주는 것""이라고 말했습니다. 
                    




                기술주는 올해 초만 해도 버블 논란까지 있었는데요. 지금은 연일 AI 시장이 계속 커질 것이라는 보고서가 쏟아지고 있습니다. 아직도 AI 시장은 성장 초기 단계에 있다는 관측이 지배적입니다. 
                    




                골드만삭스자산운용의 브룩 데인 기술투자 공동 헤드는 CNBC 인터뷰에서 다음과 같이 밝혔습니다.▶Q: 기술주를 둘러싼 시장 심리는 어떻습니까?▶A: 지금 우리는 수십 년 만에 가장 큰 기술 혁신의 초기 단계에 있고, 이 변화는 오래 지속할 것입니다.▶Q: 왜 AI 기회가 엔비디아의 경쟁사들엔 나타나지 않을까요? ▶A: 현재 AI 관련 자본지출의 1달러 중 60센트가 엔비디아 칩에 쓰이고 있습니다. 그만큼 빠르게 혁신하고 시장을 선도하고 있기 때문이죠. 시간이 지나면 경쟁은 심화할 것이고, 다양한 투자 기회가 생길 것입니다. 하지만 지금은 엔비디아가 이 시장을 주도하고 있습니다.▶Q: AI 테마에 투자하려면 엔비디아를 사야 하나요. 아니면 다른 대안이 있을까요?▶A: 우리는 AI 관련 기회를 세 가지 주요 영역으로 나눠 봅니다. 먼저 인프라 영역입니다. 칩 네트워킹 등 AI 구축을 위한 기반시설과 관련된 기업인데요. 지난 3년간 가장 주목을 받아왔습니다. 그다음 기회는 데이터와 보안에 있습니다. AI 에이전트를 구현하려면 제대로 된 데이터, 보안이 필수입니다. 지금 시장에서 이 부분에 대한 투자가 활발히 이뤄지고 있고, 차세대 성장이 이뤄질 영역이라 봅니다. 세 번째는 응용 분야(Application)입니다. AI 에이전트가 실제 구현되기 시작하면, 그 혜택은 응용 소프트웨어에서 드러날 것입니다. 우리는 고객들에게 데이터와 보안 관련 충분한 노출을 조언하고 있습니다. ▶Q: AI 에이전트로 인해 소프트웨어 산업, 특히 SaaS(Software-as-a-Service) 비즈니스 모델에 대한 우려(SaaS가 제공해온 자동화, 데이터 입력 등 기능이 AI 에이전트에 의해 더 저렴하게 대체되고 있음)가 있습니다. ▶A: 논쟁이 있는 영역은 오히려 기회가 될 수 있습니다. SaaS 산업은 정액 과금 모델에서 사용량 혹은 성과 기반 모델로 전환 중입니다. 대부분의 소프트웨어 기업이 이를 수용해서 점차 새로운 모델을 도입하고 있습니다. 이들이 이런 전환을 잘 관리할 것으로 봅니다. 우리는 소프트웨어 업종 전반에 대해 매우 긍정적입니다. 중요한 점은 UI(사용자 인터페이스)는 바뀔 수 있어도, 데이터의 중요성과 매출 시스템은 변하지 않는다는 겁니다. 데이터를 소유하고, 시스템의 기록을 소유한 업체는 여전히 큰 가치를 지니게 됩니다.▶Q: AI 거품 가능성도 언급되던데, 어떻게 보고 있습니까?▶A: 밸류에이션이 과도한 영역이 분명히 있습니다. 그런 종목은 피해야 합니다. 하지만 여전히 저평가된 기회도 존재합니다. 위험과 보상을 균형 있게 따져가며, 적정가치가 어디에 있는지 따져보고 있습니다.  3. 금리 하락…파월 후임 놓고 '케빈의 전쟁'미 국채 10년물 금리는 지난 5거래일 동안 계속 상승세를 보였습니다. 어제 4.4%를 넘었는데요. 트럼프 감세법에 따른 재정 적자 우려, 커지는 관세 위협에 따른 인플레이션 걱정이 영향을 미쳤습니다. 또 일본, 영국 등에서도 장기물 중심으로 상승세가 두드러졌죠.그런데 오늘은 아침부터 금리가 하락세를 보였습니다. 오후 5시께 10년물 수익률은 8.1bp나 급락한 4.336%를 기록했고요. 2년물은 6bp 내린 3.847%를 기록했습니다. 
                    




                기본적으로 기술적으로 장기간 박스권의 상한선으로 작용해온 4.5%(10년물 기준)를 넘기가 어려웠을 수 있고요. 백악관의 차기 미 중앙은행(Fed) 의장 선임이 구체화하고 있는 것도 영향을 주고 있습니다. 트럼프 대통령은 어제 각료 회의에서 제롬 파월 의장을 ""끔찍한"" 인물이라고 부르며 ""금리를 낮출 수 있는 사람을 투입해야 한다""라고 말했고요. 오늘도 기준금리가 ""적어도 3%포인트 이상 높다""라며 계속 금리 인하 압박을 가했는데요. 
                    




                월스트리트저널(WSJ)은 ""케빈 해셋 백악관 국가경제위원장(NEC)이 유력한 후보로 부상하고 있다""라고 썼습니다. 그래서 강력한 후보였던 케빈 워시 전 Fed 이사와의 경쟁이 뜨거워지고 있다는 것인데요. WSJ은 ""트럼프 대통령은 Fed 의장직과 관련 해셋과 6월에 최소 두 차례 회동했다. 관심 없다고 밝혔던 해셋은 제안을 받으면 맡겠다고 밝혔다""라고 보도했습니다. 경제학 박사인 해셋은 1990년대 Fed에서 근무한 경력이 있습니다. WSJ은 ""워시는 금리에 대해 매파적 입장으로 알려져 대통령과 갈등을 빚을 가능성이 있다. 대통령 측근 중엔 워시가 저금리 정책을 지지하지 않을 것이라고 우려하는 사람도 있다. 트럼프는 8년 전 (파월을 의장으로 임명할 때) 워시를 지명하지 않았다""라고 썼습니다. 또 워시는 자유무역주의자입니다. 2018년 무역 전쟁 당시 ""경제적 고립주의는 성장 전망에 큰 해를 끼칠 것""이라고 발언한 적이 있습니다. 또 다른 후보는 스콧 베선트 장관입니다. WSJ은 ""트럼프 대통령은 베선트 장관에게 차기 의장을 맡고 싶다는 의사를 여러 차례 전달했다. 그러나 베선트의 측근들은 의견이 엇갈리고 있다. 한 측근은 트럼프가 자신이 통제할 수 있는 인물을 원하기 때문에 베선트에게 의장을 맡지 말라고 조언했다""라고 적었습니다. 
                    




                국채 경매 수요도 좋았습니다. 오후 1시 10년물 경매(390억 달러) 결과가 나온 뒤 금리는 추가 하락했는데요. 10년물 발행 금리는 4.362%로 입찰 마감 시점의 시장 금리 4.365%보다 0.3bp 낮게 결정됐습니다. 응찰률이 2.61배(지난달 2.52배)에 달하면서 프라이머리 딜러들이 떠안은 물량은 10.9%에 그쳤습니다. 이는 지난 6차례 경매 평균인 12%보다 적습니다. 찰스 슈왑의 캐시 존스 채권 전략가는 ""4.4% 수준의 높은 수익률에서는 충분한 수요가 나타나고 있다""라고 말했습니다.오후 2시 발표된 Fed의 6월 연방공개시장위원회(FOMC) 회의록은 별 영향이 없었습니다. 예상과 같았기 때문입니다. 7월 기준금리 인하가 가능하다는 의견은 소수였습니다. 주요 문구는 다음과 같습니다. -대부분(Most)은 올해 기준금리가 어느 정도 인하될 것으로 예상했다. -두어 명(A couple of) 응답자는 예상대로 데이터가 개선될 경우 7월에 금리 인하를 고려할 의향이 있다고 밝혔다. -일부(Some)는 2025년 금리를 인하하지 않는 것이 가장 적절한 경로라고 보았다. -여럿(Several)은 현재 기준금리가 중립금리보다 크게 높지 않을 수 있다고 말했다. -모든 응답자(All)는 현재 범위에서 기준금리를 유지하는 것이 적절하다고 생각했다.
                    




                WSJ의 닉 티미라오스 기자는 ""회의록은 우리가 이미 알고 있던 사실을 알려준다. Fed 위원들은 ① 올해 인하하지만 7월에는 내리지 않음(가장 큰 그룹) ② 올해 인하하지 않음 ③ 다음 회의에서 인하(월러, 보먼 등) 등 세 그룹으로 나뉘어 있다. '여럿(Several)은 기준금리가 중립금리보다 크게 높지 않을 수 있다고 말했다'라는 문구는 심각한 경기 침체가 발생하지 않는 한, 인하를 재개하더라도 많이 내리지는 않을 것이란 뜻""이라고 풀이했습니다. 회의록에는 ""대부분(Most)은 관세가 인플레이션에 지속적인 영향을 미칠 위험이 있다고 보았다""라는 문구가 있었는데요. 관련 논쟁이 뜨겁습니다. 관세가 경기를 둔화시켜 인플레이션은 아예 없는 것일까요? 아니면 관세가 확정되지 않았기 때문에 기업들이 아직 가격을 올리지 않고 있는 것일까요?
                    




                나타시스 등에서 이코노미스트로 근무했던 조셉 라보냐 재무부 장관 보좌관은 ""지금까지 주목할 점은 수입품 가격이 상승하지 않았을 뿐만 아니라 주류 경제학자들의 예측과는 정반대로 오히려 하락했다. 수입품의 물가상승률은 마이너스였다""라고 주장했습니다. 이에 대해 리처드번스타인리서치는 ""관세는 본래 인플레이션을 유발하기 때문에 지금 인플레이션이 발생하지 않는 이유는 명확하다. 기업들이 관세를 떠안고 마진을 쥐어짜고 있다. 이런 상황이 계속된다면, 해고가 시작되는 것은 시간문제다. 아니면 관세를 전가하고 인플레이션은 다시 불붙을 것""이라고 전망했습니다.
                    




 4. 나스닥 또 신기록 엔비디아 등 기술주가 큰 폭 오름세를 보이고, 국채 금리가 뚝뚝 떨어지자 주요 지수는 오후에 상승세를 지속했습니다. 결국, S&P500 지수는 0.61%, 나스닥은 0.95% 뛰었고요. 다우는 0.49% 올랐습니다.
                    




                엔비디아는 장 후반 차익 실현 매물이 나오면서 1.8% 오른 162.88달러에 거래를 마쳤습니다. 종가 기준 시총은 4조 달러를 살짝 밑돌았습니다. 엔비디아뿐 아니라 AI 주식들이 모두 강세를 나타냈습니다. 마이크로소프트와 아마존, 메타, 알파벳이 1%대 상승세를 보였습니다. 
                    




                애플은 0.54% 오르는 데 그쳤는데요. 나바로 고문은 ""애플은 아이폰 제조업체로서 관세를 부과하기에는 너무 크다고 생각한다""라고 비난했습니다. 그는 애플이 생산기지를 미국으로 옮기지 않는데 대해 강하게 비판해왔죠. 삼성전자는 뉴욕에서 AI 기능이 대폭 강화한 3개의 새로운 폴더블 스마트폰을 선보였습니다.아마존은 1.45% 올랐는데요. 모멘텀커머스에 따르면 어제 시작된 프라임데이 세일은 작년과 비교해 41% 매출이 감소했습니다. 다만 이는 세일 기간을 작년 2일에서 4일로 확대한 탓일 수 있습니다. 알파벳은 1.3% 올랐는데요. 퍼플렉시티AI는 AI 기반 웹 브라우저 '코멧'(Comet)을 출시고요. 오픈AI도 AI 웹 브라우저 출시를 준비 중이라는 보도가 나왔습니다. 
                    




 5. 7월 후반, 자주 나타나는 급락월가는 여전히 낙관론이 지배하고 있습니다. 어제 골드만삭스와 뱅크오브아메리카가 S&P500 지수 목표를 상향 조정한 게 시장 분위기를 대변합니다. 
                    




                관세 위협은 무시하고 있지만, 워낙 불확실성이 커서 상황은 바뀔 수 있습니다. 게다가 7월 15일까지 7월 전반월은 연중 최고의 계절성이 살아있는 때지만 7월 중순이 넘으면 통상 약해집니다. DRW는 ""S&P지수가 7월 마지막 2주 동안 의미 있는 고점을 찍은 후, 그 이후 잠깐이 아니라 꽤 오래 하락하는 경우가 있다. 매년 그런 건 아니지만, 그런 일이 가끔 있다는 건 알아둘 가치가 있다”라고 지적했습니다.
                    




                여름에 강세장을 위협할만한 요인은 과연 뭐가 있을까요? 도이치뱅크의 헨리 엘런 거시경제 전략가는 역사가 분명히 우려할 만한 이유를 제공한다고 지적합니다. 작년 여름에는 엔 캐리 트레이드 청산 사태가 발생했습니다. 2022년에는 파월 의장이 8월 잭슨홀 회의에서 매파적 입장을 표명하면서 시장은 폭락했고, 2015년과 2011년에는 유럽 시장에서 혼란에 발생했습니다. 2008년 여름의 끝은 리먼브라더스의 파산이 있었습니다. 앨런은 올해 그런 상황을 부를 수 있는 후보를 꼽아봤는데요.▶상호관세 발효 :트럼프 대통령이 8월 1일 상호관세 유예 연장이 없을 것이라고 밝혔다. ▶무역 전쟁으로 인한 인플레이션 : 투자자들은 금리 인하에 대한 기대를 재고해야 한다.▶무역 전쟁으로 인한 경제 데이터 부진 : 경기 침체에 대한 새로운 우려가 불붙는다.▶재정 적자 우려 : 정부 부채 급증에 대해 채권 시장이 불안해하는 가운데, 재정 정책에 대한 우려가 다시 불붙는다.▶지정학적 충격 : 유가가 배럴당 100달러를 돌파하여 스태그플레이션 충격을 초래한다.앨런은 ""여름 위기가 장기화하고 현재의 경제 회복력이 꺾이려면 거시경제 펀더멘털에 영향을 미치는 무언가가 필요하지만, 그것은 정책 입안자들이 쉽게 해결할 수 없는 문제여야 한다""라고 말했습니다. 
                    




                장 마감 뒤 트럼프 대통령은 브라질에 보내는 서한을 공개했습니다. 8월 1일부터 50% 관세를 부과하겠다는 겁니다. 이는 4월 초 발표한 상호관세 10%보다 크게 높을 뿐 아니라 그동안 공개된 서한 중 가장 높습니다. 또 무역대표부(USTR)에 무역법 제301조에 입각해 브라질에 대한 조사를 즉시 시작할 것을 명했습니다. 이는 정치적 이유에 근거한 것입니다. 트럼프 대통령은 자이르 보우소나루 전 대통령이 재판에 계류 중인데 대해 ""이 재판은 열려서는 안 된다. 마녀사냥은 즉시 끝나야 한다""고 주장했습니다. 보우소나루는 2022년 대선에서 패배한 것을 뒤집기 위한 쿠데타에 가담 했다는 혐의로 재판을 받고 있습니다 .이런 트럼프의 관세 폭주가 증시를 위협하지는 않을까요? 툴루캐피털의 스펜서 하키미언 설립자는 ""시장이 사상 최고치를 달리는 한 트럼프 대통령을 막을 수 있는 게 없다. 관세 위협은 점점 더 고조될 수 있다""라고 말했습니다. 
                    




                뉴욕=김현석 특파원 realist@hankyung.com",https://www.hankyung.com/article/202507108777i,2025.07.10 07:53
"""하나금융지주, 2분기 사상 최대 실적 전망…목표가 상향""-키움",,"키움증권은 10일 하나금융지주에 대해 분기 최대 실적이 전망되는 가운데 자본비율 상승으로 추가 주주환원 기대감이 높아졌다면서 목표주가를 기존 10만원에서 11만5000원으로 올렸다. 투자의견 '매수'도 유지했다.김은갑 키움증권 연구원은 ""2분기 연결 순이익은 1조2100억원으로 전년 동기 대비 16.6% 증가할 전망""이라며 ""환율 하락에 따른 외화환산이익 증가를 반영해 5.9% 상향 조정했고 시장 추정치(컨센서스) 1조800억원은 11.9% 웃도는 수준""이라고 말했다.그는 ""분기 1조원 이상의 연결순이익은 1년에 한 번꼴로 일회성 이익 덕에 달성하곤 했지만 2024년 3개 분기 연속으로 1조원의 이상의 연결순이익을 기록, 한 단계 높아진 이익창출력을 보였다""며 ""올 2분기 1조2000억원으로 한 단계 더 수준 향상이 가능할 전망""이라고 했다.과거 외환은행 인수 시를 제외하면 사실상 사상 최대 실적이 전망된단 얘기다. 연간 연결순이익도 2024년 대비 9.8% 증가한 사상 최대치를 기록할 것으로 내다봤다.주주환원율 추가 상승이 기대되는 점도 주목된다.김 연구원은 ""기업가치제고계획에 따르면 보통주 자본비율 13~13.5% 범위는 탄력적으로 자본을 활용하는 구간으로 구간 내에서는 단계적으로 주주환원 확대가 가능하다""며 ""1분기 보통주 자본비율은 13.23%이며, 2분기 실적과 환율하락에 의한 자본비율 상승효과가 합쳐지면 보통주 자본비율은 1분기 대비 상승할 전망""이라고 말했다.그는 ""주주환원 다음 단계는 보통주 자본비율 13.5%이다. 13.5%를 초과하는 자본에 대해서는 100% 주주환원도 가능한 계획을 수립했다""며 ""2분기 보통주 자본비율이 13.5%에 가까워지며 추가 주주환원에 대한 기대감도 생길 수 있을 것""이라고 밝혔다. 다만 이를 위해선 환율이 하향 안정화하는 조건이 필요하다.김 연구원은 ""회사는 기업가치제고계획 실행 이후 주주환원 강화에 맞춰 주가순자산비율(PBR)이 자기자본이익률(ROE)에 적정한 수준으로 점차 상승하는 중""이라며 ""때문에 평가가치(밸류에이션) 부담은 없다""고 말했다.신민경 한경닷컴 기자 radio@hankyung.com",https://www.hankyung.com/article/2025071088416,2025.07.10 08:04
"포스코퓨처엠, 배터리 소재 수요·애널리스트 리레이팅에 주가 반등",,"포스코퓨처엠의 주가가 최근 반등세를 보이며 눈길을 끌고 있다. 가장 핵심적인 배경은 배터리 소재에 대한 글로벌 수요 확대다. 회사는 최근 리튬이온 배터리용 양극재·음극재 공급 물량을 확보하면서 급격한 생산 규모 확대를 추진 중이다. 2023년 15만5천톤 규모였던 양극재 생산능력은 2030년까지 100만톤 규모로 증설 계획이 알려지며, 이 같은 중장기 성장 잠재력이 투자자의 기대를 키우고 있다.또한 최근 증권업계에서 포스코퓨처엠에 대한 애널리스트 리포트가 잇따라 발표되며, 투자 심리가 개선되고 있다. 다수의 투자은행이 ‘중립’에서 다소 긍정적으로 보고 목표주가를 소폭 상향 조정한 가운데, 투자자들이 리레이팅(lrevaluation)에 대한 기대감을 반영한 결과로 풀이된다.기술적으로도 수급 측면의 변화가 나타나고 있다. 최근 일평균 거래량이 증가하며 외국인과 기관의 매수세가 유입되고 있으며, 일부 차익매매 세력도 공매도 축소에 따른 종목 집중을 보이고 있다. 여기에 차익 실현을 위한 일시적 주가 조정 이후 새롭게 유입된 수요가 반등을 촉진하고 있다는 분석이다.포스코퓨처엠은 또한 전통적인 내화물·소성로 사업과 더불어 탄소 저감, 폐내화물 재활용 등 ESG 경영을 강화하며 다양한 사업 포트폴리오로의 확장을 도모하고 있다. 이는 투자자들에게 사업 안정성과 지속성 면에서 긍정적인 신호로 받아들여지고 있다.다만 일부 리스크도 상존한다. P/E(주가수익비율)가 고평가 수준이라는 지적과, 향후 예정된 실적 발표 시 기대치 미달 가능성 등이 단기 주가 흐름에 부담이 될 수 있다는 경고도 나온다. 그러나 대체로 시장은 배터리 소재 업황 회복과 기업의 생산 확장 전략에 주목하며 반등 국면에서 포지션을 키우는 모습이다.아우토크립트, 펩트론, NAVER, NHN KCP, 삼성에스디에스무료상담",https://www.hankyung.com/article/202507186312a,2025.07.18 10:03
"흥행 저조라더니…오사카엑스포 관람객, 도쿄디즈니 넘었다","6월 日평균 13만명…디즈니 2배 
누적 티켓 판매 1500만장 돌파 
손익분기점 1840만장 눈앞","지난달 25일 일본 오사카·간사이 엑스포 동쪽 게이트가 입장객으로 붐비고 있다. 엑스포 입장객은 최근 1000만 명을 넘어섰다.  니혼게이자이신문 제공

                “일본 도쿄 디즈니랜드를 넘어섰다.”올해 4월 13일 개막한 일본 오사카·간사이 엑스포에 대한 중간 평가다. 오는 10월 13일까지 열리는 이번 엑스포가 반환점을 앞두고 재평가받고 있다. 개막 초반만 해도 흥행이 부진할 것이라는 우려가 많았지만 관람객이 크게 늘어 손익분기점 달성이 가시권에 들어왔다.8일 일본국제박람회협회에 따르면 지난 5일까지 엑스포 누적 방문객은 1080만9465명을 기록해 1000만 명을 넘어섰다. 이시게 히로유키 협회 사무총장은 “예상보다 빠르게 1000만 명을 달성했다”고 말했다. 4일까지 누적 티켓 판매는 1554만1579장으로 1500만 장을 돌파했다. 협회가 ‘흑자 기준’으로 삼은 1840만 장이 시야에 들어왔다. 도쿠라 마사카즈 협회 회장은 지난달 23일 기자회견에서 “최근 한 달 속도를 유지할 수 있다면 손익분기점을 달성할 수 있을 것”이라고 전망했다.애초 협회가 목표로 잡은 방문객은 2820만 명이었다. 엑스포 기간(183일)을 감안하면 하루 평균 15만명가량 입장해야 한다. 그러나 개막 첫 1주일 동안 방문객은 하루 평균 10만 명에도 미치지 못했다. 개막 초반 휴대폰 통신 환경이 좋지 않아 입장용 QR코드를 표시하지 못해 혼잡을 빚는 등 여러 문제가 발생했다. 협회는 매일 회의를 열고 개선을 거듭했다.5월 들어 효과가 나타났다. 하루 입장객이 10만 명을 넘어서기 시작한 것이다. 세계 최대 목조 건축물로 기네스북에 오른 ‘그랜드 링’ 등이 입소문을 탔다. 엑스포 마스코트 ‘먀쿠먀쿠’도 인기몰이를 했다. 2022년 공개 당시 ‘괴물 같다’는 혹평이 나왔지만 개막 한 달을 넘어가며 관람객의 관심을 독차지했다. 6월 들어 하루 평균 관람객이 13만 명까지 늘었다. 도쿄 디즈니랜드의 작년 하루 평균 입장객(7만6000명)보다 두 배가량 많은 수준이다. 지난달 28일에는 개막 후 최대인 20만2819명을 찍었다.협회는 관람객이 증가하자 이달부터 엑스포 내 레스토랑, 상점 등 영업 시간을 오후 9시30분까지로 30분 연장했다. 지역 경제도 살아나고 있다. 일본은행 오사카지점이 1일 발표한 긴키(오사카 등 2부, 나라 등 4현) 지역 6월 기업 단기경제 관측 조사에서 업황판단지수(DI)는 2개 분기 만에 개선됐다. 니혼게이자이신문은 “엑스포 개최에 따른 역내 소비 확대가 버팀목이 됐다”고 분석했다.일본은 엑스포를 ‘외교의 장’으로 톡톡히 활용하고 있다. 참가국마다 정한 ‘내셔널 데이’ 등에 맞춰 각국 정상급 인사가 줄지어 방문하고 있다. 지난달 프랑크발터 슈타인마이어 독일 대통령, 페르디난드 마르코스 필리핀 대통령 등이 엑스포를 찾았다. 11일 ‘중국의 날’ 행사에 맞춰 중국 ‘경제 실세’ 허리펑 부총리의 방문을 조율하고 있다. 요미우리신문은 “미국과 갈등을 빚고 있는 중국이 허 부총리의 방일을 통해 대일 관계를 중시한다는 모습을 연출하려는 의도가 있는 것으로 보인다”고 평가했다.도쿄=김일규 특파원 black0419@hankyung.com",https://www.hankyung.com/article/2025070856911,2025.07.08 17:51
"증권사 신용대출, 3%대 금리로 바꾸는 가장 쉬운 방법",,"전송종목 : 코웨이, 포스코DX, 롯데쇼핑, 기업은행, 동서최근 주식 투자자들 사이에서 주식대출(미수/신용융자 등)의 고금리에 대한 부담이 커지고 있다.특히 저금리를 적용 받고 싶어도, 기존 대출을 상환하고 다시 주식을 매수해야 하는 번거로운 절차와 자금 조달의 어려움이 발목을 잡고 있다.이런 현실적인 문제를 해결하고자, 무빙스탁이 ‘증권사 신용, 대환자금대출’ 서비스를 전격 출시했다.이 상품은 주식을 매도하지 않고도, 기존의 고금리의 주식대출(미수/신용융자 등)의 3%대의 혁신적인 저금리 증권사로 전환할 수 있도록 상환자금을 제공하는 것이 핵심이다.무빙스탁 관계자는 “현재 증권사 이벤트 금리는 연 3%대 수준으로, 기존 9~10%대 고금리를 적용받는 투자자라면 절감 효과가 상당하다”며, 금리를 5%만 낮추면 “1억원 신용대출 기준으로 연간 약 500만원, 3억원이라면 1,500만원까지도 절약할 수 있다”고 밝혔다.더 놀라운 점은, 현재는 이벤트 기간으로 대환자금대출 신청시 발생하는 이자 비용까지 ‘0원’이라는 사실이다. 대환자금에 대해서 하루의 대출이자도 부담하지 않고 기존 고금리 대출을 저금리로 전환할 수 있어, 고금리 부담에 시달리던 투자자들에게 큰 호응을 얻을 전망이다.이 서비스는 부동산 시장에서 흔히 이용되던 대환대출 개념을 증권시장에 도입한 혁신적인 시도로, 주식 투자자들의 자금 운용에 새로운 대안을 제시할 것으로 기대된다.무빙스탁 ‘증권사 신용, 대환자금대출’의 비용 무료 이벤트는 이벤트 기간 동안 한정적으로 제공되는 만큼, 신용융자를 이용 중인 투자자라면 지금 바로 확인해볼 필요가 있다.★ 장마감 시간이 가까워질수록 문의가 많아 상담이 지연될 수 있습니다.★ 7월 문의하신 고객들이 많이 보유하신 종목으로는 삼성전자, POSCO홀딩스, 셀트리온, 포스코퓨처엠, 에코프로비엠, NAVER, 에코프로, 삼성SDI, LG화학, SK하이닉스, 두산에너빌리티, 카카오, SK이노베이션, LG에너지솔루션, 엘앤에프, 삼천당제약, 현대차, 알테오젠, HPSP, LG전자 등이 있습니다.★ 안내사항과도한 빚은 당신에게 큰 불행을 안겨줄 수 있습니다. 대출 시 신용등급 하락으로 다른 금융거래가 제약받을 수 있습니다. 중개수수료를 요구하거나 받는 것은 불법입니다.상호명: ㈜단비대부 2021-서울영등포-2102(대부업) | TEL: 1544-4886 | 대출금리: 연 20%이내(연체금리는 약정금리+3%p이내, 최대 연 20%이내) | 단, 2021. 7. 7.부터 신규체결, 갱신, 연장되는 계약에 한함 | 채무의 조기상환 조건 및 부대비용 없음. (단, 신용조회비용 및 담보권설정비용 있음), 이자 외 별도로 중개수수료를 요구하거나 수취하는 것은 불법입니다. | 대표이사: 박동원 | 사업자등록번호: 274-86-00231 | 등록기관명칭: 서울 영등포구청(담당부서: 일자리경제과, 02-2670-3420) | 소재지 : 서울 영등포구 여의대방로67길 11, 5층 517호 | 개인정보관리자메일: help@danbifund.co.kr무료상담",https://www.hankyung.com/article/202507083728a,2025.07.08 08:53
"화우, 수사·입법·정책금융 전문가 대거 영입 [로앤비즈 브리핑]",전 부산지방경찰청장·국회 수석전문위원·금감원 출신 변호사 등 핵심 인재 합류,"왼쪽부터 이규문 형사대응그룹 고문, 송병철 GRC센터 고문, 송경옥 금융그룹 파트너 변호사. 화우 제공

                법무법인(유한) 화우(대표변호사 이명수)가 형사대응, 입법자문, 정책금융 분야 전문가들을 고문과 파트너 변호사로 대거 영입한다고 15일 발표했다.이번에 영입된 인재는 이규문 전 부산지방경찰청장(형사대응그룹 고문), 송병철 전 국회 외교통일위원회 수석전문위원(GRC센터 고문), 송경옥 전 금융감독원 및 연합자산관리㈜ 준법감사실장(금융그룹 파트너 변호사·사법연수원 39기)등이다.  35년 수사통 이규문 고문 영입이규문 고문은 경찰 내 수사 및 수사지휘 분야에서 35여 년간 쌓은 풍부한 경험을 보유한 수사 전문가다. 경찰대학 법학과를 졸업한 후 봉화경찰서장, 서울지방경찰청 광역수사대장, 서울수서경찰서장, 서울지방경찰청 형사과장 등을 거쳤다.2018년부터는 본청 수사기획관, 수사국장을 거쳐 대전지방경찰청장과 서울특별시경찰청 수사차장, 부산지방경찰청장 등을 역임했다. 현장 수사에서부터 지휘까지 다양한 역할을 수행하며 중대 범죄 사건의 수사책임자로서 주요 사건들을 해결했다는 평가를 받고 있다.부산지방경찰청장 재임 중에는 시민들의 체감안전도를 높이기 위해 책임수사제와 자치경찰제의 내실화를 적극 추진해 수사 오류를 최소화하는 등 경찰행정의 신뢰도를 높였다는 평가를 받는다.  30년 입법·재정 정책 전문가 송병철 고문송병철 고문은 30여 년간 국회사무처 등에서 입법과 예산 정책 전반을 담당해 온 입법·재정 정책 핵심 전문가다. 고려대 행정학과 졸업 후 입법고시(제13회)에 합격했다.국회사무처 언론담당, 정보위원회 입법조사관, 홍보담당관을 거치면서 국회 운영 및 입법 프로세스에 대한 이해도가 높고 언론대응 능력도 뛰어나다는 평가다.2007년부터는 예산정책처 경제예산분석팀장, 국회 기획재정위원회 입법조사관, 국회 기획재정위원회 전문위원을 거쳐 국회예산정책처 예산분석실장을 역임하는 등 국회 내 최고의 예산·재정 전문가로 꼽힌다.국회 안전행정위원회 및 보건복지위원회 전문위원과 국회 국토교통위원회 및 외교통일위원회 수석전문위원(차관보급)을 끝으로 2024년 공직생활을 마무리했으며, 현재 국회사무처 법제실 국회입법지원위원과 한국도로공사 재무위험관리위원회 민간위원 등으로도 활동 중이다.  15년 정책금융 전문가 송경옥 변호사송경옥 변호사는 15년 이상 금융감독 및 정책적 구조조정 등 정책금융 분야에 몸담아 온 전문가다. 서울대학교 정치학과를 졸업한 뒤 제39기로 사법연수원을 수료했다.2013년 금융감독원에 입사해 저축은행감독국, 금융투자준법검사국, 조사기획국을 거치며 인허가·검사·조사 전반에 걸친 강력한 실무 역량을 갖췄다. 금감원 설립 이래 여성 최초 대통령비서실 법무비서관실 행정관으로 파견되어 경제·금융 부처 관련 법률자문 업무를 전담하는 등 정책 실무자로서 역량을 인정받았다.이후 NPL 및 부실기업 구조조정 전담기관인 연합자산관리㈜(UAMCO)에서 준법감사실장을 맡아 워크아웃 및 회생기업의 구조조정 업무 경험을 축적했다. 최근까지 법무법인 세종의 정책금융팀장으로 재직하며 국책은행이 주채권은행 또는 정책금융기관이 투자한 부실기업의 구조조정 업무를 총괄해왔다.현재 기획재정부 공공기관 경영평가 팀장(기금)과 서강대학교 경영전문대학원 겸임교수로도 활동 중인 송 변호사는 정부, 금융감독기구, 정책금융기관, 로펌, 학계를 모두 아우르는 다양하고 풍부한 실무 경험을 바탕으로 화우 금융그룹에서 금융감독·구조조정·공공정책 분야 자문을 고도화하고, 정책금융 부문에서 화우 역량의 외연을 전략적으로 확장해갈 예정이다. '종합 컨설팅 플랫폼' 입지 강화이번 영입으로 화우는 새정부 정책 전반에 대한 실질적인 대응력을 높일 수 있게 되어 '종합 컨설팅 플랫폼'으로서의 입지를 더욱 확고히 하는 계기가 될 것으로 보인다.최근 화우는 업계 최고 딜메이커인 윤희웅 대표변호사를 필두로 심재진 외국변호사(국제조세 전문가), 이주형 전 금융감독원 전자금융감독국 변호사, 나성윤 전 금융감독원 은행검사2국 변호사, 김치열 전 공정거래위원회 기업집단결합정책과 변호사, 나재철 전 한국금융투자협회 회장 등을 영입하며 고객 특성에 맞는 맞춤형 컨설팅과 자문 제공 역량을 확대했다.이명수 화우 대표변호사는 ""화우는 중량감 있는 인재를 꾸준히 영입함으로써 각 분야 실무에 경험과 전문성을 획기적으로 제고하고 있다""며 ""앞으로도 고객 만족을 최우선 가치로 삼고, 각 분야의 전문가들을 적극적으로 영입해 종합 컨설팅 플랫폼으로 지속적으로 진화해 나가겠다""고 말했다.허란 기자 why@hankyung.com",https://www.hankyung.com/article/202507159496i,2025.07.15 14:57
"""소버린 AI, 챔피언 '몰빵'으론 안돼…한국형 AI생태계부터 키워야""","월요인터뷰
플뢰르 펠르랭 코렐리아캐피탈 대표·박성현 리벨리온 대표

펠르랭 ""韓·佛 AI 협력으로 시너지""
프랑스는 AI 육성책 2012년부터 추진 
생태계 조성 위해 후임장관들이 이어가
AI, 빅테크 CEO 이념에 좌우돼선 위험
국가가 기술 독립성·통제권 갖는게 중요

韓엔 자국 기술·솔루션 수요 이미 존재
가치 공유하는 국가들 간 동맹이 중요

박성현 ""과감한 인프라 투자 필요""
한국형 LLM만 사용하자는 건 아냐","플뢰르 펠르랭 코렐리아캐피탈 대표(왼쪽)와 박성현 리벨리온 대표가 경기 성남시 리벨리온 사옥에서 ‘소버린 AI’를 주제로 인터뷰하고 있다.   리벨리온 제공

                프랑스 중소기업·혁신·디지털경제 특임장관을 지낸 플뢰르 펠르랭 코렐리아캐피탈 대표가 박성현 리벨리온 대표와 인연을 맺은 건 2023년이다. 유능한 한국 엔지니어가 미국에서 공부하고 경력을 쌓은 뒤 고국으로 돌아와 인공지능(AI) 반도체 기업을 창업했다는 점에 매력을 느꼈다. 리벨리온에 투자를 집행한 펠르랭 대표는 프랑스 AI 기업 미스트랄에도 투자했다. 지금 리벨리온과 미스트랄은 한국과 프랑스에서 ‘소버린 AI’를 상징하는 대표 기업이 됐다. 이달 초 경기 성남시 리벨리온 사옥에서 만난 펠르랭 대표와 박 대표는 “소버린 AI는 꼭 필요하지만 흑백논리만으로 접근해선 안 된다”고 했다.▷리벨리온과 미스트랄에 모두 투자했죠.펠르랭 대표=AI 생태계의 탄생을 보면서 두 기업 모두 놓쳐선 안 된다고 판단했습니다. 미스트랄은 미국에서 훈련받고 고국으로 돌아온 프랑스 엔지니어들이 만든 훌륭한 팀이에요. 리벨리온도 비슷하죠. 엔비디아와 경쟁할 수 있는 나라는 한국과 대만 외엔 거의 없어요.박 대표=글로벌 벤처캐피털(VC)인 코렐리아의 투자를 받은 게 유럽은 물론 미국까지 글로벌 네트워크를 넓히는 데 큰 도움이 됐습니다.▷미스트랄은 프랑스 AI를 상징하는 기업인데요.펠르랭 대표=미스트랄은 제가 디지털경제 특임장관이던 2012년부터 프랑스 정부가 추진해온 혁신 정책의 흐름 위에서 성장했어요. 창업 생태계 조성을 위해 전략적으로 투자했고 후임 장관들이 정책을 이어갔죠. 프랑스 정부는 소버린 AI의 중요성을 일찍 인식했어요. 문화적 편향을 줄이기 위해선 다양한 AI 모델이 필요하다고 판단했고요. 미스트랄의 성장은 이런 정책적 환경과 인재, 투자, 비즈니스 모델이 모두 맞물린 결과입니다.▷소버린 AI에 일찌감치 주목했군요.펠르랭 대표=전 AI가 인간의 사고방식 자체를 바꿀 거라고 봐요. 정치·과학·노동 환경 변화를 넘어 사람들의 정신 구조까지 뒤흔드는 혁신이죠. 이 시스템을 외국 기업, 특히 특정 최고경영자(CEO)들의 이념에만 좌우되도록 놔두는 건 위험합니다. 어떤 의도를 갖고 기술을 사용할지 모르니까요. 각 국가가 기술적 독립성과 통제권을 갖는 게 중요합니다. 국민의 데이터가 어디에 저장되는지, 어떻게 취급받는지 통제할 수 있어야 하죠.박 대표=미국이 아무리 무기를 잘 만든다고 하더라도 한국도 자체 무기를 만들어 안보를 지켜야 하는 것과 비슷합니다. 설사 무기의 성능이 미국보다 조금 떨어진다고 하더라도 말입니다. 지금 한국 주요 산업이 발전한 배경엔 박정희 대통령이 깐 고속도로 물류 인프라와 김대중 대통령이 구축한 인터넷 인프라가 있잖아요. 새 정부가 깔 AI 인프라 역시 소버린 관점이 필요합니다.
                    




▷국내 생태계만 강조하면 갈라파고스가 될 것이란 우려도 있습니다.박 대표=소버린 AI라고 해서 엔비디아 칩은 빼고 리벨리온 칩만 쓰자는 얘기가 아니에요. 챗GPT를 끊고 한국형 대규모언어모델(LLM)만 쓰자는 것도 아니고요. 다만 엔비디아 칩이나 챗GPT에 100% 종속되지 않게 다른 선택지가 있어야 합니다. 70%가 엔비디아 칩이어도 30%의 대체재가 존재한다면 엔비디아 칩도 더 좋은 조건에 사올 수 있어요.펠르랭 대표=흑백논리로 판단할 수 있는 문제는 아니죠. 저는 특정 외국 기업에만 의존하는 상황에 놓이고 싶지 않아요. 독점이 갖는 권력이 너무 크기 때문에 일정 부분 고립의 위험을 감수하더라도 소버린 AI는 지킬 만한 가치입니다. 미스트랄이나 리벨리온처럼 대안 플레이어들의 존재가 독점을 견제할 유일한 방법이고요.▷빅테크와 경쟁할 수 있을까요.펠르랭 대표=엔비디아 칩을 누가 더 많이 사느냐의 싸움이라면 당연히 미국 빅테크가 이기겠죠. 미스트랄은 다른 길을 택했습니다. AI 모델 일부를 오픈소스로 공개해서 다양한 활용 사례를 자생적으로 낳는 거예요. 많은 프랑스 기업이 미스트랄 모델을 활용해 AI 시스템을 개발하고 있습니다. 챗GPT나 클로드와 병행해 쓰기도 하고요. 중요한 건 단 하나의 파운데이션 모델에만 의존하지 않는다는 거죠.▷한국 정부도 AI 독립을 추진 중인데요.펠르랭 대표=한국엔 자국 기술과 솔루션에 대한 자연스러운 수요와 선호가 이미 존재한다고 생각합니다. 한국 검색엔진 시장에서 네이버가 구글을 누른 것도 정부가 도와서가 아니라 문화적으로 더 적합했기 때문이잖아요. 정책을 잘 설계하면 사람들의 AI 접근성과 이해도를 높이고 좋은 활용 생태계를 만들 수 있습니다.▷완전한 소버린 AI가 가능할까요.펠르랭 대표=프랑스에선 불가능에 가까워요. 칩도 없고, 이제야 파운데이션 모델을 만들기 시작한 수준이거든요. 하지만 가치와 원칙을 공유하는 국가들과의 ‘동맹’은 가능합니다. 코렐리아캐피탈을 설립한 것도 프랑스와 한국이 협력해 미국 빅테크의 독점에 대응할 수 있기를 바랐기 때문이에요. 언젠가는 프랑스 데이터센터에서 리벨리온의 칩을 사용하는 날도 올 겁니다.▷한국과 협력할 여지가 많겠군요.펠르랭 대표=미스트랄은 프랑스어, 영어뿐만 아니라 아시아권과 아랍권 언어 데이터 세트를 기반으로 한 새로운 모델을 개발하고 있습니다. 한국과 협업할 가능성도 크죠.
                    




▷현재 한국의 위치는 어느 정도일까요.박 대표=AI산업에 한해선 대한민국 자체가 스타트업입니다. 한국이 가진 그래픽처리장치(GPU)를 다 합쳐봤자 메타가 보유한 GPU보다 적어요. 스타트업 정신대로 경쟁보다 협업 구도를 형성해주는 게 정부의 역할이라고 봅니다. 경쟁시켜 이긴 기업 한 곳만 ‘K미스트랄’로 키우는 방식이 아니라 다양한 기업이 협업할 장을 깔아줘야 합니다.▷생태계가 중요하다는 얘기네요.펠르랭 대표=정부가 특정 회사를 ‘챔피언’으로 지정하고 자금을 몰아주는 방식은 잘 작동하지 않아요. 제가 장관이었을 때 ‘프랑스판 네이버’ ‘프랑스판 카카오’를 만들고 싶었어요. 하지만 인위적으로 만드는 게 쉽지 않더라고요. 그 대신 공공투자은행인 BPI프랑스를 설립해 창업 초기기업과 상장사에 다양하게 투자할 수 있게 했죠. 이 덕분에 프랑스 혁신 생태계가 풍성해졌고, 투자사들도 성장했습니다. 규제 역시 혁신을 해치지 않도록 설계했습니다.▷한국 정부가 가장 먼저 해야 할 일은 무엇일까요.펠르랭 대표=저라면 가장 먼저 인프라에 투자할 겁니다. 전기가 들어오고, 반도체가 작동하고, 데이터를 돌릴 수 있는 인프라죠. 인프라가 없으면 애플리케이션도, 생태계도 생기지 않아요. 스타트업은 GPU를 감당할 여력이 없어요. 너무 비싸거든요. 정부가 할 일은 AI 인프라를 구축하고, 기업들이 쓸 수 있도록 하는 겁니다. ‘돈 안 되는 것’에 투자할 수 있는 유일한 주체가 정부니까요.박 대표=AI 애플리케이션 서비스는 보기에 재미있어요. 하지만 오래 걸리는 인프라 투자는 상대적으로 재미없죠. 재미없지만 아주 중요한 것들에 과감하게 투자할 필요가 있습니다.■ 플뢰르 펠르랭 전 특임장관은프랑스 최초의 한국계 장관 출신으로, 중소기업·혁신·디지털경제 특임장관, 통상·관광 담당 국무장관, 문화·커뮤니케이션부 장관을 지내면서 프랑스의 정보기술(IT) 경쟁력을 크게 끌어올렸다는 평가를 받는다. 당시 테크 스타트업을 육성하는 정책인 ‘라 프렌치 테크’ 프로젝트를 주도했다. 이후 글로벌 벤처캐피털(VC) 코렐리아캐피탈을 설립하고 미스트랄(프랑스), 리벨리온·마이리얼트립(한국), 볼트(에스토니아), 겟유어가이드(독일) 등 유니콘 기업에 투자했다.■ 박성현 리벨리온 대표는미국 매사추세츠공대(MIT)에서 전기컴퓨터공학으로 박사 학위를 딴 뒤 인텔 랩스 연구자, 스페이스X 인공위성용 칩 설계자 등으로 경력을 쌓았다. 모건스탠리에선 금융 반도체 담당 임원으로 초단타 매매에 특화한 알고리즘 설계와 관련 인공지능(AI) 칩 개발을 주도했다. 2021년 리벨리온을 창업한 뒤 추론에 특화한 AI 반도체 ‘아톰’을 설계해 상용화에 나섰다. 리벨리온은 지난해 사피온코리아와 합병해 국내 최초 AI 유니콘 기업에 등극했다고은이 기자 koko@hankyung.com",https://www.hankyung.com/article/2025070609811,2025.07.06 18:04
"상장 앞둔 대한조선의 부활 비결…""망할 것 같아도 납기는 지켰다""","""수주 주춤해도 '구조적 슈퍼사이클'은 여전""
중국 저가수주·관세 부과로 선사 관망
IMO 탄소규제·선박 노후화로 선박 수요↑
""3분기 대기 발주물량 몰릴 듯""
중국보다 엔진·설계 기술력 앞서

2009년 모기업 부도로 워크아웃 돌입
2014년 법정관리 신청하기도
2022년 KHI 인수 이후 '부활'

영업이익 -1194→1582억원 '역전'
매출 1조원 돌파…올해 이익률 '23%'
위기에도 중형 유조선 기술 지켜
셔틀탱커·컨테이너선으로 사업 확장","대한조선 해남조선소 전경 / 대한조선 제공

                조선업 ‘슈퍼사이클’이 주춤하고 있다. 지난해만 해도 선박 발주량이 2008년 글로벌 금융위기 이후 최대치를 기록하며 상승세를 이어갈 줄 알았지만, 올해 상반기 선박 발주량이 ‘반토막’났다. 미국 정부의 관세 부과를 앞두고 중국 조선사들의 ‘덤핑 수주’가 쏟아졌기 때문이다. 관세 부과에 중국 조선·해운사 제재, 유럽의 소비 심리 위축까지 더해진 탓에 선사들도 관망하는 분위기다. 중국의 저가 공세에도 올 들어 지난 5월까지 영업이익률 ‘23%’를 기록한 조선사가 있다. 2009년 모기업 부도로 워크아웃에 들어갔다가 2022년에야 주 채권단인 산업은행에서 KHI로 매각되며 ‘기사회생’한 대한조선이 그 주인공이다. 
                    




                KHI 인수 전만 해도 매출 7266억원, 영업손실 1194억원으로 ‘오늘내일’ 하던 대한조선은 지난해 매출 1조746억원, 영업이익 1582억원으로 화려하게 부활했다. 올해는 5월까지 매출 5156억원, 영업이익 1197억원으로 조선업계 최고 수준의 영업이익률을 기록하고 있다. 매년 대한조선 해남조선소에선 11척의 배가 야드를 떠난다. 이같은 조선업 슈퍼사이클이 지속 가능할까. 이제는 기술력도 쫓아왔다는 중국의 선박에 맞서 대한조선이 내놓는 ‘카드’는 무엇일까. 다음은 왕삼동 대표이사와의 일문일답.
                    



왕삼동 대한조선 대표이사 / 대한조선 제공

최근 선가가 내린 이유는 무엇입니까.“작년 말 도널드 트럼프 대통령이 취임하고 중국 조선소들이 관세에 대비해 선제적으로 저가 수주에 나섰습니다. 무역 갈등과 전쟁으로 해상 물동량이 위축되고 선사들도 잠시 지켜보는 분위기입니다.”조선업의 하락 신호입니까.“조선업의 ‘펀더멘털’은 견고합니다. 전세계 원유운반선 절반이 15년 넘은 노후 선박입니다. 국제해사기구(IMO)가 탄소 감축을 위한 로드맵을 정해놨는데 이에 충족한 선박은 운항 중인 선대의 10% 미만이고요. 이는 장기간의 신조 발주 증가로 이어질 수 밖에 없습니다. ‘구조적 업사이클’은 여전합니다.”
                    



글로벌 운항 선대 중 선령 15 년 이상 노후선대 비중 추이 / 자료: 클락슨

세계 1위인 수에즈·아프라막스급 원유운반선도 1분기엔 수주가 없었습니다.“지난해말 수에즈막스 선가가 피크를 찍고 1분기 선가지수가 내렸습니다. 신조선가가 역사적 고점에 다달았고, 관세 이슈와 미국 USTR의 중국 조선·해운업 제재 등의 이슈가 나오면서 시장 전체적으로 신조 발주량이 줄었습니다. 3분기에는 발주 대기물량들이 시장에 나올 것으로 예상하고 있습니다.”중국 조선소들의 저가 공세가 위협적입니다.“중국 선가가 한국보다 20~30% 저렴한 것은 사실입니다. 하지만 선사들은 선박을 20년 이상 운용해야 하는 핵심 자산으로 봅니다. 당장의 가격보다는 품질과 납기, 그리고 장기적인 운영 효율을 더 중시합니다.”
                    



한중일 3국의 수주량 및 점유율 추이 / 자료: 클락슨

고객사들의 신뢰를 받는다는 얘긴가요.“대한조선이 경영위기에서도 납기를 어긴 적은 단 한번도 없었습니다. 우리 고객사가 20년 넘게 유지된 배경입니다. 오랜 기간 신뢰가 쌓이면 불필요한 오더 변경이 없어집니다. 그 덕에 약속된 납기를 더 정확히 지킬 수 있게 되죠.”기술적으로는 어떻습니까.“엔진은 국내 대기업이 면허생산한 것을 쓰고 있습니다. 같은 라이센스라도 한국 조선사에서 제작한 엔진 품질이 높습니다. 선박 설계나 이중연료 배관·파이프라인 설계 등에서도 우리가 앞서고 있어요. 연비 효율에서 중국보다 하루 연료 소모량이 10% 가량 적습니다. 유지보수 비용은 낮고 중고 선가는 더 높죠. 선박의 생애주기 전체 비용을 고려하면 저희 선박이 경제적이라는 평가를 받고 있습니다.”
                    



IMO 탄소부과금 제도. 지난 4월 IMO 회의 결과로 2027년 3월부터 국제항해를 하는 5000톤 이상의 선박은 선박 연료유에 대한 온실가스연료 집약도(GFI) 기준을 만족해야 하며, 이를 달성하지 못하면 운항을 위해 온실가스 배출량에 비례한 비용을 납부해야 한다. / 대한조선 제공

LNG 이중연료 추진선을 왜 필요로 합니까.당장 2030년까지 2008년 대비 온실가스 배출량을 최소 20% 줄이고. 2050년까진 0에 가깝게 만들어야합니다. 근데 암모니아, 수소 같은 완전 무탄소 연료는 아직 기술이 갖춰지질 않았어요. LNG와 벙커C유를 같이 쓰는 이중연료 추진선을 ‘징검다리 연료’로 일반화된 이유입니다. 이중연료 배관·파이프라인 설계에 따라 차이가 큽니까.“같은 면적 안에 두 배의 배관을 깔아야하는 거에요. 무게 면에서 차이가 큽니다. 배의 모양도 어떻게 그리느냐에 따라 물의 저항을 줄일 수 있습니다.”
                    



대한조선의 해남조선소 / 대한조선 제공

 위기 속에서도 기술과 납기는 지켜대한조선은 2010년대 내리 이어진 ‘조선업 불황’을 온몸으로 겪은 중형 조선사다. 2009년 글로벌 금융위기 당시 모기업인 대주그룹이 부도가 난 탓에 그 ‘골’은 더 깊었다. 이미 워크아웃에 돌입한 상태로 '조선업 불황'을 맞이했기 때문이다. 1척당 사업비가 크고 잔금(60%)을 인도 때 몰아서 받는 조선업의 특성상 모기업의 재무 리스크는 치명적이다.우발부채까지 현실화되면서 재무적 부담은 더 커졌다. 대한조선은 대주그룹 해운 계열사인 대한쉬핑에 지급보증을 섰다. 그런데 대한쉬핑이 파산하면서 600억원의 빚을 대신 물게 된 것이다. 세계 선박 발주량 급감으로 ‘저가 수주’에 시달리다 못해 결국 2014년엔 워크아웃 대신 법정관리를 신청했다. 2021년 영업손실 1194억원. 그 이듬해 인수합병(M&A) 시장에서 아무도 거들떠보지 않았던 대한조선에 갑자기 ‘구원투수’가 등판했다. 2000억원을 들여 사모펀드인 KHI그룹과 한투PE 등이 주 채권단인 산업은행 등의 지분을 인수한 것이다.
                    



왕삼동 대한조선 최고경영자(CEO) 겸 생산본부장이 전남 해남 조선소에서 포즈를 취하고 있다. / 대한조선 제공

대한조선의 반등은 예견됐던 겁니까.“당시 오너께서도 20년 간의 데이터를 면밀히 검토할 정도로 조선업에 대한 이해가 깊으셨습니다. 그 때 인수의 근거로 판단했던 선박 노후화와 IMO 친환경 로드맵은 지금도 유효하며 신조선 수요는 계속 이어질 것으로 보고 있습니다.”반등을 이끌어낸 주력선종은 무엇이었습니까.“2012년 조선업 침체기 때부터 회사가 국내에 없던 중형 유조선 특화 조선소에 주목했다고 합니다. 2013년엔 아프라막스급 원유운반선에 집중 투자하면서 선사들과 신뢰를 쌓았고, 2019년엔 수에즈막스급으로 선종을 넓혔습니다.”
                    



대한조선이 벨기에 국적 유조선 선사인 유로나브에 2021년 인도한 수에즈막스급 원유운반선 CEDAR와 CYPRESS. / 대한조선 제공

조선업 불황에서 ‘선택과 집중’ 전략을 택한 거군요.“그렇죠. 수많은 위기에서도 아프라막스·수에즈막스 원유운반선의 기술력과 건조역량을 지켜낸 게 핵심입니다. KHI도 당장의 재무적 성과보단 내재적 가치에 주목했습니다. 채권단 관리 하에선 제약이 많았던 설비 투자와 시스템 구축을 KHI 인수 이후 과감하게 실행으로 옮겼습니다.”회사 내부적으론 수익성 개선을 위해 어떤 노력을 하셨습니까.“외부 변수에 흔들리지 않는 원가·납기경쟁력을 확보하는 게 시급했습니다. ‘생산 공정의 내재화’를 강력하게 추진했습니다. 외주보다 생산 일정이나 품질을 관리하는 게 더 쉬우니까요. 선박 수요가 늘어나면 납기도 한없이 길어지고 단가도 높아집니다. 지금은 100% 달성했습니다. 협력사에 맡기던 철판 절단부터 블록 제작, 조립까지 전 공정을 직접 하고 있습니다. 용접 공정의 70%를 자동화했어요. 향후 조립과 탑재 공정까지 자동화를 확대할 계획입니다.”전기료 부담은 크지 않습니까.“인수 이후에 미세관리시스템을 도입했습니다. 데이터 기반으로 놓치기 쉬운 계정별 비용을 분석해 경비를 아꼈어요. 전력 사용 패턴을 파악해 부하를 분산시키고 전력 피크 사용량을 넘지 않도록 관리하고 있습니다.”
                    



대한조선이 2022년 건조한 셔틀탱커 '포르토.' 그리스 해운사인 차코스가 2020년 발주한 선박으로 2년 만에 건조를 마치고 인도됐다. / 전남도 제공

중형 원유운반선 외에 미래 먹거리는 있습니까.“작년엔 중형 컨테이너선을 처음 건조했고, 내년엔 셔틀탱커 건조에 들어갑니다. 셔틀탱커는 해상 유전에서 항구로 원유를 실어나르는 선박입니다. 다이나믹 포지셔닝 시스템 같은 특수 장비가 필요해서 일반 유조선 대비 선가가 최소 50% 비쌉니다. 이미 2021년에 건조해본 경험이 있고요.”LNG 벙커링선은 어떻게 보십니까.“마찬가지로 전망은 매우 밝다고 보고 있습니다. IMO 규제로 기존 선박은 빠르게 LNG, 메탄올, 암모니아 등 친환경 연료를 쓰는 선박으로 대체될 겁니다. 그리고 그 선박들에 연료를 공급하는 LNG 벙커링 선박의 수요 증가로 이어질 수밖에 없습니다. 수익성이 확보되는 조건에서 소형 벙커링 선박 건조도 검토하고 있습니다.”올 하반기 IPO 최대어로 꼽힙니다. 공모자금은 어떻게 쓰실 계획입니까.“최소 3000억원의 자금을 모집할 것으로 보고 있습니다. 이 중 1600억원은 작년 말 198%였던 부채비율을 올 연말 100% 아래로 낮추는 데 쓸 계획입니다. 1200억원은 설비투자와 R&D에 투자할 겁니다. 나머지 자금은 건조 과정에 필요한 운전자금으로 활용하려고 합니다.”박진우 기자 jwp@hankyung.com",https://www.hankyung.com/article/202507111417i,2025.07.11 06:20
비트코인 12만 달러 돌파…혁신 법안 통과 임박 [월가 딥다이브],,"영상 모듈 닫기




<앵커>뉴욕 연결합니다.비트코인이 지난 주말 사상 최고치를 또다시 경신했습니다. 이번 상승 랠리 배경이 뭡니까?<기자>비트코인이 현지시간 14일 기준, 개당 12만 달러를 기록하며 지난주에 세운 최고가를 넘어섰습니다. 일주일 만에 약 10% 상승하며 4월 말 이후 가장 큰 폭의 오름세를 보이고 있습니다.이번 상승은 비단 비트코인에만 국한된 현상이 아닙니다. 도널드 트럼프 행정부 취임 직후 조정을 받았던 다른 암호화폐들도 두 달 만에 가파른 회복세를 보이고 있습니다. 이더리움은 같은 기간 21% 급등해 5개월 만에 3,000달러 선을 재돌파했습니다.이러한 랠리의 주된 동력은 기관 투자자들입니다. 지난해부터 비트코인 상장지수펀드(ETF)에 집중적으로 투자해 온 기관들은 이제 이더리움 현물 ETF로까지 투자 범위를 넓히며 자금을 쏟아붓고 있습니다.암호화폐 관련 상장 기업들의 주가도 동반 상승했습니다. 대표적인 암호화폐 거래소인 코인베이스는 주간 12%, 연초 대비 45% 상승하며 S&P 500 지수 편입에 대한 기대감을 키우고 있습니다.가상 토큰을 이용한 비상장사 지분 거래를 시도한 로빈후드 역시 8% 올랐으며, 비트코인을 가장 많이 보유한 기업인 마이크로스트래티지도 약 7% 상승, 연초 대비 40%가 넘는 급등세를 보였습니다.다만, 한국 투자자들의 관심이 컸던 스테이블코인 발행사 서클 인터넷은 지난달 말 약 299달러 선에서 30%나 하락하는 등 급격한 변동성을 보여 투자에 유의가 필요합니다.<앵커>암호화폐 기반 상품들을 밀어 올리는 주체가 대형 기관으로 보이는데, 왜 지금 시점에 이렇게 자금을 집중시키는 겁니까?<기자>가장 큰 이유는 미국 내에서 암호화폐에 대한 법적 기반이 구체화되면서, 포트폴리오 다각화 차원에서 적은 비중이라도 암호화폐를 편입하려는 기관들이 늘고 있기 때문입니다.기관 자금의 유입세는 지난 7월 10일 하루에만 비트코인 ETF에 11억 8천만 달러(약 1조 6천억 원)가 몰린 것에서 확인할 수 있습니다. 이는 올해 최대 규모이며, 세계 최대 자산운용사 블랙록과 2위 운용사 피델리티가 전체 유입액의 3분의 2를 차지했습니다.이더리움 ETF에도 같은 날 3억 8천만 달러가 유입되며 트럼프 행정부 출범 이후 두 번째로 큰 규모를 기록했습니다.스탠다드차타드의 제프 켄트릭은 현재의 암호화폐 상승이 과거의 달러 약세에 따른 인플레이션 헤지 수요와는 성격이 다르다고 분석합니다.트럼프 행정부 들어 규제의 명확성이 커지면서 기관들이 암호화폐를 대차대조표에 자산으로 편입할 명확한 기준이 생겼고, 여러 자산의 리스크를 분산하는 차원에서 수요가 몰리고 있다는 설명입니다.이러한 상황은 트럼프 대통령과 그의 지지자들이 제롬 파월 연방준비제도 의장을 교체하겠다고 위협하면서 미국 국채 금리가 10년 만기 기준 4.4%를 넘어선 것과도 무관하지 않습니다.블랙록의 래리 핑크 회장 역시 비트코인 ETF 출시 이후, 기존 주식과 채권의 위험을 분산할 대체 자산의 필요성을 꾸준히 강조해왔는데, 이러한 전략이 기관 투자자들에게 주효하고 있는 것으로 보입니다.<앵커>실제로 미국 내에서 암호화폐를 제도화하려는 법안이 매우 구체화되고 있군요.이번 주 미 의회가 '크립토 위크'를 지정하고 관련 법안을 일괄 통과시킬 가능성이 크다고 하는데, 어떤 내용들이 담겨 있습니까?<기자>7월 14일부터 18일까지가 공식 크립토 주간입니다. 하원이 지니어스 법안을 포함한 모두 3개의 핵심 법안을 처리하고 트럼프 대통령이 최종 서명하면 미국의 암호화폐 제도화가 본격적으로 시작될 전망입니다.그동안 비트코인이나 이더리움처럼 잘 알려진 자산을 제외한 대부분의 암호화폐는 증권인지 상품인지 기준이 모호했습니다.이로 인해 증권거래위원회(SEC)와 상품선물거래위원회(CFTC)가 서로 다른 잣대로 기업들을 고소하는 혼선이 빚어졌습니다.이번 법안들은 이러한 문제에 명확한 기준을 제시하고 시장을 건전하게 육성하는 데 초점을 맞추고 있습니다.프랜치 힐 미 하원 금융서비스위원장은 CBS와의 인터뷰에서 ""이번 주 하원에서 다룰 법안들이 투자자와 소비자를 보호하고, 트럼프 대통령이 원하는 대로 미국을 금융 기술과 암호화폐, 디지털 자산 혁신의 리더로 만들 것""이라고 밝혔습니다.달러 연동 스테이블코인에 대한 연방 규제 체계를 만드는  지니어스(GENIUS) 법안도 이번에 최종 발효를 앞두고 있습니다.이미 상원에서 68대 30으로 통과됐는데, 18명 민주당 의원도 찬성해 통과 가능성이 높습니다. 이 법안으로 미국 기준 스테이블코인 시장이 현재 2천억 달러에서 2조 달러까지 성장할 수 있다는 전망이 나오고 있습니다.이를 통해 은행이나 카드사를 거치지 않고 아마존이나 월마트에서 직접 대금 결제가 가능해지고, 기업이 발행한 쿠폰을 암호화폐로 만들어 지분처럼 거래할 수 있는 근거들도 마련됩니다.이 2가지 법에 더해 미 의회는 CBDC, 중앙은행 발행 디지털화폐는 원천 봉쇄할 방침입니다.CBDC는 화폐에 거래 정보를 담아 모든 내역을 정부가 실시간 추적할 수 있는데, 중국에서 먼저 도입한 방식에 대한 보수층 반발로 법안이 발의됐습니다.<앵커>업계는 이런 움직임을 어떻게 평가하고 있습니까?<기자>대체로 긍정적인 평가가 많습니다. HSBC는 지난 달 암호화폐 시장에 대한 보고서에서 제도 정비가 시장의 최대 촉매가 될 수 있다고 전망했습니다.현재 미국 내에서 성인 17%만이 암호화폐를 보유한 경험이 있는데, 이는 암호화폐가 주류 자산으로 편입되기 직전에 나타나는 현상 중 하나라는 겁니다.기관 유입이 본격화되면 하루 250개 정도만 새로 생성하는 비트코인의 공급량 부족이 일어날 가능성도 주목할 부분입니다.다만 잠재적인 리스크도 존재합니다. 일부 스테이블코인이 범죄에 연루된 사례가 2배 가량 늘었고, 트럼프 가족 기업이 발생한 코인 등으로 인한 이해 충돌 등의 문제는 시장의 불안 요소가 될 수 있습니다.이번 암호화폐 핵심 법안은 업계의 막대한 로비가 있었다는 점도 짚고 넘어가야 합니다.지난 미 육군창설 250주년 최대 후원기업이었던 코인베이스는 브라이언 암스트롱 CEO가 트럼프 대통령과 선거 전후 단독 회동 갖고 비트코인 전략 보유 방안 등을 논의한 것으로도 알려졌습니다.한편 현재 시장에 조심스러운 의견들도 나오고 있습니다.골드만삭스는 써클 인터넷에 대해 높은 밸류에이션, 코인베이스와의 수익분할로 인해 써클의 투자 위험이 커지고 있다는 경고를 냈고, 실제 이달들어 리플의 은행 설립과 경쟁 심화 우려가 주가에 반영되기 시작했습니다.트럼프 행정부의 관세 정책 수위가 높아지면서 지수 선물 시장이 약세를 보이고 있는 점도 우려스러운 부분입니다. 이와 관련 노르웨이의 K33 리서치는 7월이 통상 주요 기관들의 휴가철 등 계절성으로 인해 시장 조정 위험이 있다는 신중론을 제기하기도 했습니다.지금까지 뉴욕에서 전해드렸습니다.김종학기자 jhkim@wowtv.co.kr",https://www.hankyung.com/article/2025071469245,2025.07.14 14:30
'김건희 집사' 김예성은 누구?…46억 비자금 의혹 수사 급물살 [특검 블랙리스트],"金여사와 '10년 지기'…현재 베트남 도피중
김씨가 세운 IMS모빌리티에 대기업 투자 줄이어  

집사게이트 정조준 특검 수사 급물살
""경제공동체…金 여사와 자금 공유""","한경 로앤비즈(Law&Biz)의 [특검 블랙리스트] 연재는 3대 특별검사 수사의 이면을 보도합니다. 단순한 혐의 나열을 넘어, 등장하는 인물과 기업이 특검 수사에 이르게 된 배경과 그들 사이에 얽힌 관계 등을 입체적으로 조명합니다.




김건희 여사의 집사로 알려진 김예성씨 / JTBC 캡처

                김건희 여사와 10년 넘게 긴밀한 관계를 맺어 온 ‘집사’ 김예성 씨가, 김 여사 관련 의혹을 수사 중인 민중기 특별검사팀의 핵심 인물로 부상하고 있다. 김 씨는 과거 김 여사 모친 최은순 씨의 잔고증명서 위조 사건에 연루돼 유죄를 선고받았고, 김 여사의 전시기획사 코바나컨텐츠의 감사로 재직하며 다수의 대기업 협찬을 이끌었던 인물이다. 단순한 ‘측근’을 넘어 김 여사 일가의 자금과 사업 전반에 깊숙이 관여해온 인물이라는 평가가 나오는 배경이다.최근에는 그가 창업에 관여한 렌터카 플랫폼 업체가 자본잠식 상태임에도 불구하고 대기업과 금융사로부터 184억원의 투자를 유치한 사실이 드러나면서 특검 수사는 이른바 ‘집사게이트’로 확대되고 있다. 특검은 김 씨를 김건희 여사와 경제적 이익을 공유해 온 ‘경제공동체’로 보고, 그가 창업에 관여한 렌터카 업체 투자를 통해 흘러간 자금 흐름과 코바나컨텐츠 감사로 재직하던 시기 기업 협찬 구조 전반을 들여다보고 있다. 이번 수사는 개인 비리를 넘어 일부 기업들이 정권 실세와의 친분을 앞세운 김 씨에게 자금을 대고 대가를 기대한 ‘권력형 로비 사태’로까지 확장될 수 있다는 관측도 나온다. ‘집사’의 탄생...서울대 EMBA에서 시작된 ‘10년 인연’두 사람의 인연은 2010년 서울대학교 경영전문대학원(EMBA) 재학 시절로 거슬러 올라간다. 당시 동문으로 처음 만난 김예성 씨와 김건희 여사는 이후 꾸준히 친분을 이어왔으며, 김 씨는 김 여사의 전시기획사 ‘코바나컨텐츠’의 감사로 재직하면서 주요 전시 유치에 깊숙이 관여했다. 연세대학교 법대를 졸업한 것으로 알려진 김 씨는 김 여사와의 인연 이전에는 여의도 금융권에서 일했다. 2012년 열린 한 코바나 전시회를 계기로 김 여사는 모친 최은순 씨에게도 김씨를 소개했다.이를 계기로 김 씨는 단순한 사업 파트너를 넘어 ‘집사’로 불릴 정도의 측근으로 자리 잡게 된다. 그는 2013년 최 씨의 ‘도촌동 잔고증명서 위조’ 사건에 연루돼 함께 재판에 넘겨졌고, 징역 6개월에 집행유예 2년을 선고받았다. 일각에선 “유죄 판결로 김 여사의 신임을 잃었다”는 말도 있었지만, 전과까지 공유한 ‘경제공동체’라는 점에서 두 사람의 관계는 끈끈하게 이어져 왔다.김 씨는 이후 코바나컨텐츠의 감사로 임명되며 사실상 전시 후원 기업들을 직접 관리하는 역할을 맡았다. 협찬사 리스트를 작성하고 계약 실무를 조율하는 등 운영 전반을 챙긴 것으로 알려졌다. 이를 계기로 윤석열·김건희 부부 곁에서 존재감을 키우며 본격적으로 영향력을 행사하게 됐다.
                    




184억 몰린 의문의 회사…‘보험성 투자’였나하지만 그 영향력은 결국 부메랑이 돼 돌아왔다. 윤석열 대통령 탄핵 이후 김 여사 관련 특검이 지난달 출범하면서 10여년 전부터 김 여사와 경제공동체를 유지해온 김 씨가 수사의 핵심 인물로 떠오른 것이다.핵심은 김 씨가 2013년 창업에 관여한 렌터카 업체 ‘IMS모빌리티’(구 비마이카)가 2023년 6월 자본잠식 상태에도 불구하고 대기업과 금융사로부터 사모펀드를 통해 총 184억원의 투자를 유치했다는 특혜 의혹이다. 투자자 명단도 화려하다. 한국증권금융이 50억원, HS효성이 35억원, 카카오모빌리티가 30억원, 신한은행이 30억원을 투자했고, 이 외에도 다수의 기관 및 재벌 계열사가 참여한 것으로 알려졌다.쟁점은 기업이 무엇을 보고 IMS모빌리티에 투자했느냐다. IMS모빌리티는 렌터카 차량과 이용자를 연결해주는 플랫폼 기반 모빌리티 스타트업으로 본질적으로는 가맹업체를 유치해 점유율을 확보하기 전까지는 수익을 내기 어려운 구조다. 일정한 시장 점유율과 운영 노하우가 쌓이기 전까지는 적자가 누적되기 쉬운 비즈니스 모델인데 자본잠식 상태였던 이 회사에 기관투자자와 대기업이 줄줄이 돈을 집행했다는 점에서 의구심이 커진다.특검팀은 이들 대기업이 사업성을 보고 투자했다기보다는, 김건희 여사와의 관계를 의식해 손해를 감수하더라도 자금을 넣은 것 아니냐는 시각을 갖고 수사를 진행 중인 것으로 전해졌다. 대가성 투자 또는 ‘보험성 투자’였다는 의심이다.30억원을 투자한 카카오모빌리티는 투자 직전인 2023년 상반기, 공정거래위원회로부터 자사 택시 플랫폼 ‘카카오T’의 배차 알고리즘을 은밀히 조작했다는 혐의로 200억원이 넘는 과징금 처분을 받은 바 있다. 같은 해 7월에는 금융감독원이 카카오모빌리티의 가맹사 이중계약을 통한 매출 부풀리기 의혹에 대해 조사에 착수했다. 또 다른 투자자인 HS효성은 4개 계열사를 통해 총 35억원을 투자했는데, 당시 그룹 내 조현상 부회장과 관련한 폭로성 보도가 연이어 나오는 등 경영 리스크가 불거진 상황이었다.일각에선 카카오모빌리티와 HS효성 모두 김 여사의 최측근으로 알려진 김 씨와의 연관성을 알고 투자에 나선 것 아니냐는 의혹을 제기한다. 정권 실세와의 연결 고리를 통해 공정위나 금감원 등 규제기관의 압박을 완화하려는 ‘보험성 투자’였다는 분석이다.
                    



사진=뉴스1

“정권 바뀌면 내가 1순위 타깃”...46억 비자금 조성됐나특검이 해당 투자를 대가성으로 의심하는 핵심 이유는 또 있다. 투자금 중 약 46억원이 회사 운영자금으로 쓰이는 신주 인수가 아닌 기존 주주의 지분을 사들이는 ‘구주 매입’에 쓰였기 때문이다. 이 경우 자금이 기업이 아닌 특정 개인에게 직접 흘러 들어갈 수 있어 비자금 조성 통로로 악용됐을 가능성이 있다는 게 특검의 판단이다.특히 이 구주가 ‘이노베스트코리아’라는 법인 소유였다는 점에서 의혹이 더 짙어진다. 이 회사는 등기상 현재 출국금지 상태인 김 씨의 배우자인 정모 씨가 유일한 사내이사로 등록돼 있다. 특검은 이노베스트코리아를 김 씨의 차명회사로 보고 구주 매입 자금이 김 여사 측으로 흘러갔는지 추적하고 있다.문제는 김 씨가 핵심 인물임에도 해외에 도피해 특검이 아직 소환조차 하지 못하고 있다는 점이다. 그는 지난 4월 특검법이 국회를 통과한 직후 베트남으로 출국해 현재까지 귀국하지 않고 있다. 특검은 김씨에 대한 ""여권 무효화 절차에 착수하겠다""고 밝히며 여러 차례 자진 출석을 요구했지만 김 씨는 어떠한 공식 응답도 하지 않고 있다.김 씨의 지인 A씨는 한 언론 인터뷰에서 “김예성은 정권이 바뀌면 자신이 가장 먼저 타깃이 될 것이라며 ‘이민을 가야 한다’고 했고, 나중엔 ‘비상계엄이 되면 이민을 더 서둘러야 하나’라고 말하기도 했다”고 증언했다.
                    



사진=한경DB

줄줄이 소환된 재계 총수들…“투자 경위 대라”김예성 씨가 여전히 해외에 체류하며 소환에 불응하는 상황에서 특검은 사실상 '포위 전략'에 나섰다. 김 씨와 김건희 여사 사이의 실질적 연결고리를 입증하기 위해, 그를 둘러싼 인물들과 기업들을 직접 불러 경위를 확인하겠다는 것이다.지난 15일부터는 기업 총수들에 대한 소환 조사가 본격화됐다. 특검은 이번 주 IMS모빌리티에 184억원을 투자한 주요 기관 및 기업의 최고 의사결정권자들을 소환해, 투자 경위를 직접 조사할 계획이다. 1차 소환 대상에는 김범수 카카오 창업자, 조현상 HS효성 회장, 윤창호 전 한국증권금융 사장, 김익래 전 다우키움그룹 회장이 포함됐으며, 이들은 오는 17일 오전 10시 특검에 출석할 예정이다. 특검은 당시 이들이 어떤 판단에 따라 IMS에 투자 결정을 내렸는지, 김예성 씨나 김 여사와의 직접적 접촉이 있었는지를 집중적으로 들여다볼 방침이다.코바나컨텐츠 전시 협찬 구조 전반에 대한 재조사도 이뤄진다. 김 씨가 감사를 맡고 있던 당시 다수의 대기업이 협찬사로 참여한 만큼, 과거 전시들이 단순 후원인지 대가성 있는 유착이 있었는지를 따져볼 수 있다는 것이다. 실제로 삼성, 현대차, LG, 포스코, 대한항공 등 주요 재벌 그룹 계열사들이 코바나 전시에 후원사로 이름을 올린 바 있다.정희원 기자 tophee@hankyung.com",https://www.hankyung.com/article/202507146799i,2025.07.15 10:40
'제4 인뱅'은 심사 문턱조차 못 넘고 표류,"참여기업 일부 서류 제출도 안해
컨소시엄당 10여社 모여 난맥상 
새 정부 들어 백지화 가능성도","사진=게티이미지뱅크

                제4 인터넷전문은행이 첫걸음조차 떼지 못하고 표류하고 있다. 새 정부가 들어서면서 동력을 잃은 데다 참여 기업들마저 기본 서류도 제출하지 않아 심사조차 제대로 이뤄지지 않는 등 어려움을 겪고 있어서다. 금융권 안팎에선 ‘가계부채와의 전쟁’을 선포한 이재명 정부에서 제4 인터넷은행 신설 계획을 전면 재검토하는 것 아니냐는 전망도 나온다.





                11일 금융당국에 따르면 제4 인터넷은행을 신청한 총 4개 컨소시엄의 서류 접수 작업이 석 달째 마무리되지 못한 것으로 알려졌다. 당초 금융위원회는 예비인가 심사 결과를 지난달 발표하기로 했다. 하지만 금융감독원의 서류 보완 요구를 업체들이 이행하지 않아 일정이 꼬였다는 후문이다. 금융당국 관계자는 “적격성 심사를 위해선 컨소시엄에 참여한 기업들에 대한 필수 서류가 필요한데 기본 요건조차 충족하지 않은 곳이 상당수”라며 “거듭 보완을 요구하고 있지만 제대로 접수되지 않고 있다”고 말했다.업계에선 최대 15개 업체가 몰린 컨소시엄 구조가 원인인 것으로 보고 있다. 다양한 이해관계자가 섞여 있다 보니 예비인가 문턱도 넘지 못하고 있다는 지적이다. 실제 제4 인터넷은행 선정에 출사표를 던진 소소뱅크는 경남은행, 다날, 리드코프, 신라젠을 비롯해 전남식자재마트, 소상공인전국연합회(소액주주연합) 등 15개 업체가 주주로 참여했다. 한국소호은행 역시 하나·우리·농협·부산은행 등 은행권은 물론이고 우리카드, 유진투자증권, 흥국생명·화재, OK저축은행 등 전 금융권이 컨소시엄에 뛰어들었다. 또 다른 신청 업체인 포도뱅크에도 메리츠생명·화재, 군인공제회, 이수그룹 등이 이름을 올렸다.정권이 바뀌면서 인터넷은행 신설 명분이 약해진 점도 표류 원인으로 꼽힌다. 이재명 정부 들어 가계부채가 최우선 과제로 부상해 추가 은행 설립이 우선순위에서 밀려나고 있다는 분석이 나온다. 실제 이재명 대통령의 대선 공약이던 ‘중금리 전문 인터넷은행’도 국정기획위원회 국정과제에 포함되지 못한 것으로 전해졌다.금융권 관계자는 “이전 정부에서 은행 확대 정책을 펼쳤다면 현재는 상황이 달라졌다”며 “금융당국이 이달까지 심사 결과를 발표한다는 계획이지만 현재로선 최종 후보가 선정되기 어려운 게 사실”이라고 했다.박재원 기자 wonderful@hankyung.com",https://www.hankyung.com/article/2025071133351,2025.07.11 17:36
"NH농협은행 강태영 은행장, 충남 아산 호우 피해현장 찾아",,"NH농협은행 강태영 은행장은 지난 19일 집중호우로 큰 피해를 입은 충남 아산을 찾아 현장의 피해상황을 살피고, 복구 지원대책을 논의했다.충남 아산지역은 16~17일 양일간 373mm의 누적 강수량을 기록, 570ha의 벼 재배면적 침수와 축산시설물 60동이 전손되는 등 많은 피해를 입었다.강태영 은행장은 이날 수해 피해를 입은 농기계 수리 및 판매기업인 ㈜농업지킴이와 아산원예농협, 염치농협의 경제사업장, 침수된 농경지 등을 찾아 피해현장을 살피고, 애로사항을 청취했다.또한, 구호물품을 전달하고, 피해복구를 위한 금융지원 등 다양한 지원방안을 논의했다.강태영 은행장은 “예상치 못한 수해로 큰 피해를 입은 농업인과 지역주민들에게 위로를 표한다”며, “농협은행은 피해복구를 위한 전사적 일손돕기와 실질적 금융지원을 적극 시행할 것”이라고 밝혔다.",https://www.hankyung.com/article/202507209391P,2025.07.20 09:01
,,,https://magazine.hankyung.com/business/article/202507163065b,
"양종희 회장 ""AI 대전환 시대…KB금융 부가가치 높일 기회""",경영진과 '레벨업 전략' 공유,"양종희 KB금융그룹 회장(사진)은 “인공지능(AI) 시대에 금융전문가로서 차별화한 가치를 유지하려면 고객 중심 철학과 금융업의 본질에 관한 깊은 통찰이 필요하다”고 강조했다.13일 KB금융에 따르면 양 회장은 지난 11~12일 경남 사천 KB손해보험 인재니움 연수원에서 열린 KB금융 하반기 경영진 워크숍에서 “AI 대전환 시대는 위기인 동시에 KB금융이 한층 부가가치를 높일 기회”라며 이렇게 말했다. ‘새로운 금융 환경에서 레벨업 전략’을 주제로 열린 이번 위크숍에는 양 회장 등 KB금융 경영진 270여 명이 참석했다.KB금융은 AI를 고객·효율·포용과 함께 지속 가능한 성장을 위한 4대 의제로 제시했다. AI 전략 중 특히 공들이는 것은 AI 에이전트 도입이다. AI 에이전트는 단순한 챗봇 및 도우미와 달리 스스로 목표를 인식하고 계획을 세우며, 외부 환경과 상호작용해 작업을 수행하는 AI 시스템을 말한다. 이 자리에서는 KB금융 계열사별 AI 에이전트 개발과 실무 적용 현황, 향후 실행 계획 등이 공유됐다.KB금융은 프라이빗뱅킹(PB)과 기업금융전문가(RM) 영역을 시작으로 영업 및 관리 영역 전반에 AI 에이전트를 단계적으로 도입할 방침이다. 이를 위해 향후 3년간 39개 업무 영역에 250여 개 AI 에이전트를 차례로 적용하기로 했다. 국민은행은 이날 직원들의 고객 상담 업무를 돕는 ‘생성형 AI 상담 챗봇’ 운영을 시작한다고 발표하기도 했다. KB금융 관계자는 “모든 임직원이 AI를 실질적인 동료로 활용하는 조직 문화를 정착시키는 것이 목표”라고 설명했다.이번 워크숍에서는 △시니어 등 새로 등장한 핵심 고객층을 겨냥한 공동의 영업전략(고객) △자본 효율을 고려한 성장전략(효율) △계열사별 포용금융 실행방안(포용) 등도 논의됐다. 양 회장은 “고객을 풍요롭게 하는 것이 우리의 임무”라며 “영업 방식, 관리 체계, 상품 및 서비스 운영 등 모든 영역에서 고객 중심으로 구조적 변화를 추진해야 한다”고 당부했다.김진성 기자 jskim1028@hankyung.com",https://www.hankyung.com/article/2025071352331,2025.07.13 18:15
"""아파트 거래 취소하겠습니다"" [송승현의 부동산 플러스]",한경닷컴 더 머니이스트,"남산에서 바라본 강남아파트 일대. 사진=한경DB

                ""포기하겠습니다.""계약 직전까지 간 부동산 거래가 무산되는 일이 흔해졌습니다. 최근에는 가격변화와 규제 강화, 자금 조달 어려움 등이 겹치며 계약 후 철회가 하나의 흐름처럼 나타나고 있습니다. 하지만 중요한 점은 지금의 거래 포기가 자발적인 판단이 아니라, 제도적 장벽에 의한 비자발적 포기에 가깝다는 사실입니다. 단순한 개인 결정이 아닌 구조적인 제약이 시장을 멈추게 만들고 있습니다.정부는 지난달 27일 '수도권 가계부채 관리 강화 방안(6·27 부동산 대책)'을 발표했습니다. 핵심은 모든 부동산 대출의 최대한도를 6억원으로 일괄 제한한 것입니다. 이는 가계부채를 통제하고 부동산 투기 수요를 억제하기 위한 목적입니다. 갭투자(전세 낀 매매) 차단을 위해 전세 끼고 매수하는 구조의 대출 요건을 강화했고, 2주택자는 실거주 의무 미이행 시 대출이 아예 원천 봉쇄됩니다.거래가 무산되는 상황이 반복되면 실거래가 기반의 가격 지표 자체가 왜곡됩니다. 정정되기 전의 신고가는 주변 호가를 자극하고 이후에도 시장 혼선을 남깁니다. 예컨대 고가 거래가 성사된 것으로 알려졌다가 취소될 경우, 매도자는 그 가격에 근접한 호가를 유지하려 하고 매수자는 불안감에 거래를 미룹니다. 결과적으로 시장은 가격에 대한 신뢰를 잃고, 거래량은 급감하게 됩니다.더 심각한 것은 거래 단절이 연쇄적으로 시장의 순환 고리를 끊어버린다는 점입니다. 일례로 A씨가 집을 팔지 못하면 B씨의 매입도, C씨의 이사도 모두 지연됩니다. 이사 수요가 줄고 전세 퇴거가 늦어지며, 인테리어·가전·중개업 등 실물경제 전반이 위축됩니다. 포기의 연속은 단순한 거래 취소가 아니라, 경제를 멈추는 신호가 됩니다.기획재정부에 따르면 올해 1~5월 국세수입은 전년 동기보다 21조원 증가했습니다. 그러나 이는 법인세와 금융소득 중심의 일시적 회복에 가깝고, 소득세와 부가가치세처럼 내수와 직결된 세목은 여전히 부진한 흐름을 보이고 있습니다. 세수 진도율도 5년 평균을 밑돌고 있으며, 3년 연속 세수 결손 가능성도 제기되고 있습니다.건설투자도 악화 일로입니다. 한국산업은행은 올해 건설투자가 3.6% 역성장할 것으로 전망했습니다. 1분기에는 전년 동기 대비 12.2% 감소해 2000년대 이후 최대 하락 폭을 기록했습니다. 고금리, 프로젝트파이낸싱(PF) 부실, 수주 부진, 미분양 누적, 스트레스 총부채원리금상환비율(DSR) 등이 복합적으로 작용한 결과입니다. 거래 위축과 공급 위축은 중장기적으로 다시 집값 불안정이라는 역설로 되돌아올 수 있습니다.이론적으로는 정부가 집값과 상관성이 큰 소득을 억제하고, 주가 상승도 억제하면 더 빠르게 집값을 낮출 수 있습니다. 이를테면 소득이 늘지 않게 최저임금을 절반으로 낮추고, 주식시장도 오르지 않게 공매도 확대, 세제 강화, 기업공개(IPO) 축소로 억제하면 됩니다.이 경우 집값을 빠르게 안정시킬 수 있겠지만, 현실에서는 이러한 정책을 절대 시행하지 않습니다. 그 부작용이 훨씬 크기 때문입니다. 소득을 억제하면 소비가 위축되고 실물경제가 침체하며, 주가를 억제하면 투자와 기업 자금조달이 막히고 경쟁력 저하로 이어집니다. 자산시장 전반이 얼어붙으며 결국 '움직이지 않는 시장'이 되는 것입니다.부동산 시장을 억지로 누르며 멈춰 세워서는 안 됩니다. 거래가 회전이 돼야 소비가 돌고, 세수가 확보되며, 공급이 따라옵니다. 지금 필요한 것은 시장을 제약하는 것이 아니라, 예측할 수 있는 규칙과 환경에서 거래가 순환하도록 돕는 정책 기조입니다.<한경닷컴 The Moneyist> 송승현 도시와경제 대표""외부 필진의 기고 내용은 본지의 편집 방향과 다를 수 있습니다.""독자 문의 : thepen@hankyung.com",https://www.hankyung.com/thepen/moneyist/article/202507048507Q,2025.07.16 06:30
6월 CPI를 둘러싼 혼란…인플레 없다 vs 관세 스멀스멀 [김현석의 월스트리트나우],,"영상 모듈 닫기









                여러 가지 호재가 있었습니다. 엔비디아의 중국 수출이 재개됐고요. 6월 소비자물가(CPI)는 예상보다 좋았습니다. 2분기 어닝시즌도 긍정적 서프라이즈로 개막됐습니다. 트럼프 대통령은 인도네시아와의 무역 합의를 발표했고요. 그러나 CPI 데이터에서는 관세로 인한 가격 인상이 드러나기 시작했고요. 이로 인해 금리가 뛰었습니다. JP모건 등 은행은 예상을 넘는 실적을 내놓았지만, 급등한 주가를 고려하면 감동적이진 않았습니다. 인도네시아에 대한 관세율은 19%로 정해졌는데요. 이는 실효 관세율이 월가 기대보다 더 높아질 것이란 뜻입니다. 여러 가지 호재에도 S&P500 지수가 하락한 이유입니다.  1. 해석 엇갈린 CPI미국의 6월 소비자물가(CPI)가 아침 8시 30분에 발표됐는데요. 근원 물가에서 예상보다 낮은 수치가 나왔습니다. 전반적으로 5개월째 컨센서스보다 낮은 인플레이션이 이어졌습니다.
                    




                6월 헤드라인 CPI는 전월 대비 0.3%, 전년 대비 2.7% 올랐는데요. 월가 예상(0.2%, 2.6%)에 비해 전년 대비 수치가 0.1%포인트 높았습니다. 에너지 물가가 한 달 만에 0.9%나 올랐고, 식품 물가도 0.3% 상승한 탓입니다.그러나 근원 CPI는 전월 대비 0.2%, 전년 대비 2.9% 상승해서 예상(0.3%, 2.9%)보다 전월 대비 수치가 0.1%포인트 낮았습니다. 소수점 둘째 자리까지 따지면 0.23% 올랐습니다. 중고차가 0.7%, 신차 가격이 0.3% 떨어진 게 예상보다 물가가 낮게 나온 가장 큰 요인이었고요. 주거비도 0.2% 오르는 데 그쳤습니다. 
                    




                전반적으로 예상과 비슷하거나 낮게 나왔지만 안심할 수준은 아닙니다. 5월보다는 확연히 가속했기 때문입니다. 지난 3개월치 근원 물가를 연율로 환산하면 2.4%로 5월(3~5월) 1.7%보다 크게 높아졌습니다.수입품이 많은 상당수 상품에서 관세 효과가 나타났습니다. 가구(+1.0% 전월 대비), 레저용품(+0.8% 전월 대비), 의류(+0.4% 전월 대비) 등은 상당한 영향을 받았습니다. 또 조리기구가 4%, 장난감이 1.4%, 가전제품은 1.9% 상승했습니다. 차량 가격 하락 덕분에 근원 상품 물가는 0.2% 상승에 그쳤지만, 차량을 제외하면 전월 대비 0.5%나 올라서 2022년 8월 이후 가장 큰 폭의 월간 상승률을 기록했습니다.
                    




                판테온매크로의 사무엘 톰스 이코노미스트는 ""이번 데이터로 관세가 인플레이션을 부르는지  여부에 대한 논쟁은 끝났다. 관세는 인플레이션을 유발한다. 6월에 장난감, 스포츠용품, 가전 등 대부분 수입품의 가격이 크게 상승했다. 그렇지만 관세가 면제된 휴대폰, 약 등은 정체 혹은 하락했다. 7월에는 더 나쁜 일이 일어날 것""이라고 주장했습니다. 
                    




                그러나 전반적으로 안정된 주거비와 서비스 물가로 인해 전체 인플레이션은 예상, 혹은 그 이하로 나왔습니다. 근원 서비스는 0.25% 상승했는데, 이는 지난 6개월(+0.27%)보다 소폭 둔화한 것입니다. 호텔(-2.9%), 항공료(-0.1%) 등 대표적인 재량 서비스인 여행 관련 물가는 5개월 연속 약세를 보였습니다. 
                    




                스테노리서치의 안드레아스 라센 설립자는 ""6월 데이터를 보면 상품 가격은 조용히 다시 인플레이션을 보여주기 시작했다. 하지만, 서비스와 주거비를 중심으로 한 디스인플레이션이 전반적인 물가 상황을 지배하고 있다. 표면적으로는 리플레이션(다시 물가 상승)이 진행되고 있지만, 아직 Fed의 전환을 촉발할 정도는 아니다""라고 분석했습니다.웰스파고는 ""근원 상품 물가는 6월 0.2% 상승했는데, 이는 관세 인상에 따른 가격 압력이 커졌음을 시사한다. 그러나 근원 서비스 물가는 안정적 흐름을 유지했다. 근원 CPI는 전년 대비 2.9% 올랐는데 낙관론자에게는 작년 말 3.2%에서 소폭 하락한 것을 의미한다. 반면 비관론자에겐 지난 2월 이후 계속해서 2%를 상회하는 데 머물러 있다는 뜻이다. 관세 영향이 아직 초기이기 때문에, 미 중앙은행(Fed)은 이달 말 관망세를 유지할 것""이라고 밝혔습니다. 시티그룹은 ""향후 몇 달 동안 자동차 가격 하락으로 완전히 상쇄되지 않는 관세의 추가 영향이 상품 가격에 미칠 것으로 예상한다. 그러나 서비스 물가의 지속적 둔화로 관세 인플레이션은 상대적으로 완만할 것이고, 상품에 국한될 것으로 관측된다. 서비스 물가는 Fed 목표(2%)로 회복되기에 유리해 보인다. 주거비는 팬데믹 이전 정상 수준으로 되돌아가고 있으며, 주택 가격 하락으로 인해 상승 폭은 더 둔화할 위험이 있다""라고 전망했습니다. 정리하면 ① 관세의 영향을 받는 상품의 가격이 급등하고 있다는 명확한 증거가 나타났다 ② 하지만 서비스와 주거비를 중심으로 한 더 광범위한 디스인플레이션 과정이 계속 진행되고 있다는 것입니다.
                    




                시장에서는 Fed에 대한 금리 인하 기대가 소폭이지만 낮아졌습니다. 시카고상품거래소(CME) Fed워치 시장에서 7월 금리 인하 베팅은 전날 6.2%에서 오늘 2.6%로 감소했고요. 9월 인하 베팅은 62.6%에서 55.2%로 떨어졌습니다. 우선 근원 상품에서 드러난 관세의 가격 전가 현상이 영향을 미쳤고요. Fed의 물가 벤치마크인 개인소비지출(PCE) 물가는 CPI보다 좀 더 높게 나올 것으로 추정됐습니다. 골드만삭스는 6월 근원 PCE 물가가 전월 대비 0.29%(근원 CPI 0.23%) 올랐을 것으로 추정합니다. 큰 폭 하락한 신차와 중고차의 비중이 CPI보다 PCE에서 낮기 때문입니다. 반면 0.5%나 오른 내구재는 PCE에서 비중이 CPI보다 크죠. 시티도 주가 상승에 따른 포트폴리오 수수료 증가 등으로 6월 근원 PCE는 0.32% 상승했을 것으로 추정합니다. 게다가 트럼프 대통령이 8월 1일에 추가 관세를 부과하겠다고 예고하고 있습니다. BMO캐피털마켓의 이안 린젠 채권 전략가는 ""통상적 상황이라면 6월 CPI 보고서가 금리 인하 논의를 촉발할 수도 있었겠지만 8월 1일 관세 인상이 임박했기 때문에 Fed는 당분간 인하를 보류할 것""이라고 밝혔습니다. 보스턴 연방은행의 수전 콜린스 총재는 ""전반적으로 탄탄한 경제 여건이 지속함에 따라 다양한 새로운 데이터를 신중하게 평가할 시간을 가질 수 있게 되었다. 현시점에서 통화 정책에 대한 인내심을 갖는 것이 여전히 적절하다고 생각한다""라고 말했습니다. 2. 국채 30년물 또 5% 돌파 CPI가 발표된 뒤 뉴욕 채권 시장에서 국채 수익률은 잠시 보합 수준을 오르내렸습니다. 그러나 9시 반이 넘어서면서 큰 폭으로 뛰기 시작했습니다. 오름세는 이어졌고 오후 3시 47분께 국채 10년물 수익률은 5.6bp 오른 4.483%, 2년물도 5.4bp 상승한 3.952%에 거래됐습니다. 특히 30년물 수익률은 6월 이후 처음으로 다시 5% 선을 넘어섰습니다. 
                    




                첫 번째, 6월 CPI 데이터에 관세 효과가 반영되기 시작했고, 이달 말 발표될 근원 PCE 물가의 상승률은 0.3%에 달할 것이란 추정이 나온 게 금리 상승에 영향을 줬습니다. TD증권의 제나디 골드버그 채권 전략가는 ""관세로 인한 가격 전가 현상이 나타나고 있어 향후 몇 달 안에 물가가 상승할 것으로 예상된다""라고 말했습니다. 6월에는 자동차 가격이 하락하면서 물가를 끌어내렸는데요. 4월부터 25% 관세와 50%에 달하는 철강·알루미늄 관세를 두들겨 맞았기 때문에 가격이 낮게 유지되기는 어렵습니다. 당장은 재고가 있고, 트럼프 대통령이 주시하기 때문에 자동차 업계가 가격을 올리기 어려울 수 있습니다. 하지만 루시드의 마크 빈터호프 CEO는 ""이런 관세에선 차 값이 더 비싸질 수밖에 없다. 다른 방법이 없다""라고 말했습니다. 모건스탠리의 애덤 조나스 애널리스트는 ""연말이 되면 업체들이 2026년 차량을 내놓으면서 가격을 올리게 될 것""이라고 관측합니다.
                    




                두 번째, Fed의 제롬 파월 의장에 대한 공격이 이어지고 있는 것인데요. CPI가 발표된 뒤 트럼프 대통령은 소셜미디어를 통해 ""물가는 낮다. 당장 금리를 내리라""라고 주장했습니다. 스콧 베선트 재무장관은 블룸버그 인터뷰에서 차기 의장 선임과 관련해 ""공식 절차가 이미 시작됐다. 이게 얼마나 빨리 진행되는지 보겠다. 그건 트럼프 대통령의 결정이며 그의 속도대로 진행될 것""이라고 말했습니다. 그러면서 파월 의장이 내년 5월 의장 임기를 마치면 이사직도 내려놓아야 된다고 주장했습니다. ""전통적으로 의장은 이사직에서도 물러났다. 전직 의장이 이사회에 남는 것은 시장 관점에서 매우 혼란스러우리라 생각한다""라 말한 것입니다. 파월의 의장 임기는 내년 5월에 끝나지만, 이사 임기는 2028년 1월에 끝납니다. 이에 대해 JP모건의 제이미 다이먼 CEO는 ""Fed의 독립성은 절대적으로 중요하다. Fed를 가지고 장난치는 것은 기대와는 정반대의 부정적 결과를 초래할 수 있다""라고 지적했습니다. 
                    




                파이퍼샌들러는 트럼프 행정부가 파월을 조기에 축출하려고 시도하면 10년물 수익률이 즉시 25~50bp 급등할 수 있다고 분석했습니다. 트럼프 대통령이 투자자가 신뢰할 수 없다고 보는 후임자를 지명할 경우 채권 가격뿐 아니라 주식도 급락할 가능성이 크다고 봤습니다. 투자자들이 독립적 인물이라고 믿는 사람을 지명할 때는 발표가 조기에 이뤄져도 시장은 안정을 찾을 가능성이 크다고 덧붙였고요.세 번째, 일본 영국 독일 등 전 세계적인 장기 금리 상승세입니다. 일본에서는 국채 10년물 수익률이 1.595%까지 올라 약 17년 만에 최고 수준으로 치솟았습니다. 20년물 금리는 1999년 11월 이후 가장 높은 2.650%를 찍었고, 30년물 금리는 한때 역대 최고인 3.200%까지 올랐습니다. 오는 20일 참의원(상원) 선거에서 여당인 자민당이 과반수 유지에 실패할 것이라는 전망이 강해진 탓입니다. 야당은 소비세 감세 등을 주장하고 있어서 재정 악화 우려에 대한 시장 경계감이 커진 것입니다. 영국과 독일 등에서도 재정 악화 우려 속에 장기 금리 중심의 상승세가 커지고 있습니다. 이는 미국 채권 시장에도 영향을 미치고 있지요. 
                    




                장기 금리 상승은 증시에 부정적 요인입니다. 높은 밸류에이션을 압박할 수 있습니다. 다만 미 국채 30년물 수익률이 5%를 크게 넘어가기는 어렵다는 의견도 있습니다. 로젠버그리서치의 데이비드 로젠버그 설립자는 ""30년물 장기채 수익률이 다시 한번 5%를 넘어섰다. 이 수준은 지난 20년 동안 견고한 상한선이자 매우 매력적인 진입 시점임이 입증되었다""라고 말했습니다.
                    




 3. 엔비디아가 구원한 나스닥아침 9시 30분 뉴욕 증시의 주요 지수는 상승세로 거래를 시작했습니다. 엔비디아와 AMD 등 반도체 주식이 폭등한 덕분입니다. 
                    




                엔디비아는 어젯밤 회사 블로그에 글을 올리고 ""중국에 H20 칩 판매를 위한 신청서를 다시 제출했다. 미 정부는 판매 라이선스를 부여할 것이라고 약속했으며, 곧 제품 공급을 시작할 수 있기를 기대하고 있다""라고 밝혔습니다.엔비디아는 지난 4월까지 미국 정부의 대중 수출 규제로 인해 성능을 낮춘 H20 칩을 제작해 중국에 수출해왔습니다. 그런데 트럼프 행정부는 딥시크 사태 이후 H20 칩마저 수출을 막았죠. 이에 엔비디아는 지난 1분기(2~4월) 25억 달러 매출 손실과 45억 달러의 비용의 떠안았습니다. 2분기(5~7월) 매출도 80억 달러가 줄어들게 됐다고 밝혔었죠. 그런데 다시 판매가 허용된 것입니다. 뱅크오브아메리카는 엔비디아의 하반기 매출이 분기별로 40억~60억 달러 증가할 것으로 예상하면서 엔비디아 목표주가를 220달러로 높였습니다. 트럼프 행정부는 왜 H20 칩 수출을 다시 허용했을까요. 하워드 러트닉 상무장관은 CNBC 인터뷰에서 ""중국과 (희토류) 자석 합의를 하면서 우리는 칩을 다시 팔기로 했다""라고 설명했습니다. 중국은 희토류를, 미국은 AI 칩을 팔기로 합의한 것입니다. 러트닉 장관은 ""이건(H20) 오래된 칩이다. 중국이 자체 개발할 수 있는 칩보다 한 단계 앞선 반도체를 개발하고, 그보다 낮은 사양은 중국에 계속 판다는 게 트럼프 대통령 생각이다. 중국이 미국 기술에 중독되도록 충분히 팔고 싶다""라고 말했습니다. 이는 트럼프 행정부가 당분간은 중국과 무역 전쟁에서도 휴전을 유지할 것이란 전망도 강화했습니다. 엔디비아와 함께 AMD도 중국에 AI 칩(MI308) 수출을 재개할 수 있게 됐습니다.
                    




                AI 관련 호재는 이어지고 있습니다. 트럼프 대통령은 오늘 피츠버그에서 열린 펜실베이니아 에너지 AI 서밋에 참석해 총 920억 달러 규모의 투자 계획을 발표했습니다. 이 자리에서 구글은 향후 2년 동안 펜실베이니아주에 데이터센터와 AI 인프라에 250억 달러를 투자할 계획이라고 발표했습니다. 어제는 메타의 마크 저커버그 설립자가 여러 개의 대규모 데이터센터를 건설하고 있으며, 내년에 첫 번째가 가동될 예정이라고 밝히기도 했죠.
                    




 4. 어닝시즌 개막…실적 좋았지만 주가 부진하지만 CPI 데이터에서 약간은 불안한 점이 나타났고, 금리가 상승세를 가속해서 30년물은 5%를 넘고, 10년물은 4.5%에 바짝 다가서자 주가는 힘을 잃었습니다.2분기 어닝시즌도 오늘 큰 힘이 되지는 못했습니다. 
                    




                JP모건은 2분기 조정 주당순이익(EPS) 4.96달러(컨센서스 4.47달러), 매출 456억 8000만 달러(440억 6000만 달러)로 모두 월가 기대를 상회했습니다. 작년 동기보다는 매출은 10%, 이익은 17% 감소했지만, 이는 작년에 비자 주식 매각으로 특별 이익(79억 달러)이 발생한 데 따른 것입니다. JP모건은 채권 거래와 투자은행 부문에서 예상을 뛰어넘는 매출이 좋은 실적을 견인했다고 밝혔습니다. 평균 대출은 5%, 예금이 6% 증가했습니다. 그러면서 올해 순이자이익 전망치를 기존 945억 달러에서 955억 달러로 높였습니다. 제러미 바넘 CFO는 ""현재 시장 환경을 살펴보면, 우리에게 이보다 더 나은 조건은 상상하기 어렵다. 금리는 좋은 수준이며, 거래(딜) 활동도 활발하고 자본 시장은 매우 활기차다. 소비자 신용도, 도매 신용도 훌륭하다. 주택담보대출처럼 금리에 매우 민감한 일부 사업 부문을 제외하고는 모든 면에서 순조롭다""라고 말했습니다. 다이먼 CEO는 ""미국 경제는 이번 분기에도 회복세를 유지했다. 세제 개혁의 마무리, 잠재적 규제 완화는 경제 전망에 긍정적이다""라면서도 ""관세 및 무역 불확실성, 지정학적 상황 악화, 높은 재정 적자, 자산 가격 상승 등 상당한 위험이 여전히 존재한다""라고 지적했습니다. 웰스파고도 2분기 EPS 1.60달러(컨센서스 1.40달러). 매출 208억 2000만 달러(207억 6000만 달러)로 역시 월가 기대를 상회했습니다. 실적이 예상보다 좋았지만, 웰스파고는 연간 순이자수입 전망치는 하향 조정했습니다. 2024년 수준인 477억 달러와 거의 비슷할 것으로 예상했습니다. 시티의 경우 EPS 1.96달러(1.60달러), 매출 216억7000만 달러(209억8000만 달러)로 역시 컨센서스를 넘었습니다. 은행 부문 매출은 18%, 자산 부문 매출은 20% 증가했습니다. 제인 프레이저 CEO는 ""전반적인 경제 환경이 예상보다 더 회복력이 있는 것으로 입증되었다”라면서도 ""고객들의 채용과 자본 지출이 둔화하는 것을 보고 있다""라고 설명했습니다.시티의 주가는 3.68% 뛰었습니다. 하지만 웰스파고는 5.48%나 급락했고 JP모건은 0.74% 내렸습니다. 전반적으로 금융업종 전체가 하락세를 보였습니다. 
                    




                이는 그동안 주가가 크게 올랐기 때문일 수 있습니다. JP모건의 경우 올해 들어 20% 상승한 상태입니다. 높은 밸류에이션으로 인해 어닝 서프라이즈에 따른 상승 여력은 제한적일 수 있다는 얘기입니다. UBS 글로벌 자산운용의 데이비드 레프코위츠 미국 주식 헤드는 ""무역 정책의 불확실성에도 경제 성장은 탄탄한 수준을 유지했습니다. 이로 인해 또 한 번의 양호한 어닝시즌이 예상된다. 하지만 S&P500 지수는 예상 이익을 기준으로 22배 이상의 주가수익비율(PE)로 거래되고 있으며 지난 6주 동안 시장이 6% 상승한 점을 고려하면 투자자들은 이미 좋은 실적을 반영했을 수 있다""라고 말했습니다.2분기 어닝 자체는 좋을 것으로 보입니다. 팩트셋에 따르면 S&P500 기업의 2분기 이익 증가율에 대한 월가 추정치는 4.8%입니다. 팩트셋은 과거 실제 이익이 추정치를 항상 넘었던 것을 고려해서 추산하면 2분기 이익은 9% 이상 증가할 것이라고 추산했습니다. (하지만 이는 여전히 1분기 13%보다 낮은 것이고, 작년 말 기대치였던 11.7%에도 미치지 못합니다) 나일스인베스트먼트의 댄 나일스 설립자는 2분기 실적은 탄탄할 것이라며 3가지 이유를 제시했습니다. ① 관세 혼란으로 인해 1분기 실적 발표 당시 기업들이 보수적인 지침을 내렸고, 이로 인해 2분기 실적에 대한 낮은 기준이 설정됐다 ② 2분기 달러가 1분기 대비 7% 하락하면서 S&P 기업의 40%를 차지하는 해외 매출이 증가했다 ③ 관세로 인한 가격 인상 전까지 선구매 수요가 계속 증가할 것으로 보인다는 겁니다. 5. 인도네시아 관세율 19% 합의트럼프 대통령은 장중 인도네시아와의 무력합의를 발표했습니다. 미국은 인도네시아 제품에 19%의 관세를 부과하고, 인도네시아는 무관세로 미국 상품을 수입하기로 했습니다. 19%는 지난 7일 공개한 관세 서한에서 적시했던 32%보다 크게 낮은 것입니다. 인도네시아는 또 미국산 에너지 150억 달러, 농산물 45억 달러, 50대의 보잉 항공기를 구매하기로 했습니다. 이에 따라 미국과 무역 협정을 맺은 국가는 영국, 베트남에 이어 인도네시아까지 3곳으로 늘었습니다.
                    




                트럼프 대통령은 ""이 협정과 비슷한 몇몇 합의가 발표될 것이다. 인도와도 기본적으로 같은 방향으로 진행 중이다""라고 밝혔습니다. 그러나 유럽연합(EU)과의 무역협상에 대해선 ""우리는 대화하고 있으며, 진전을 이루고 있다. 하지만, 우리는 이미 EU와 협정을 맺었다. 그것은 '서한'이라고 불린다""라고 답했습니다.UBS는 ""트럼프의 EU에 대한 30% 관세 위협을 전략으로 보고 있다. 8월 1일 이전에 무역 협정이 체결되거나 마감일을 연장할 것으로 예상한다. 우리의 기본 시나리오는 미국의 실질 관세율이 15% 근처에서 정착할 것이고, S&P500 지수는 계속 상승하리라는 것""이라고 밝혔습니다.하지만 도이치뱅크는 ""작년에도 7월 말/8월 초는 2024년 최악의 시장 혼란을 일으켰다. 올해도 그 주가 다시 심각한 문제로 보인다. 첫째, 8월 1일 관세 데드라인이 있다. 시장은 분명히 이를 가격에 반영하지 않고 있는데 이는 급격한 시장 반응과 높은 변동성의 가능성을 제공한다. 두 번째, 같은 날 7월 고용보고서가 발표된다. 만약 관세가 인상되고, 부진한 고용보고서가 발표된다면, 경기 침체에 대한 우려가 다시 불거질 수 있다""라고 내다봤습니다.
                    




                관세 불안은 소비자 행동으로도 나타납니다. 전미소매업연맹(NRF) 설문조사에 따르면, 개학 쇼핑 시즌을 앞두고 소비자 절반 이상이 관세 인상으로 인한 물가 상승 우려로 인해 올해 쇼핑을 일찍 시작했다고 답했습니다. 67%가 이미 7월 초부터 쇼핑을 시작했다고 답했는데요. 이는 작년 55%보다 증가한 수치입니다. 이들은 예산도 줄이고 있습니다. 학령기 자녀를 둔 가정은 올해 학용품, 의류, 전자제품 구매에 평균 약 858달러를 지출할 계획인데요. 2024년 약 875달러에서 감소한 것입니다.  6. 기관, 주식 충분히 샀나결국, S&P500지수는 0.40%, 다우 지수는 0.98% 떨어진 채로 거래를 마쳤습니다. 반면 나스닥은 0.18% 상승했는데요.
                    




                나스닥 상승은 엔비디아가 4.04% 뛰면서 반도체 중심으로 강세가 나타난 덕분입니다. AMD는 6.41%나 폭등했고 TSMC도 3.62% 올랐습니다. 필라델피아 반도체지수는 1.27% 상승했습니다. 그러나 반도체 업종과 오라클(+2.48%) 등 일부 소프트웨어 주식을 제외하면 대부분 종목이 내림세를 나타냈습니다. 매그니피선트 7종목 중에서도 마이크로소프트와 애플, 아마존, 알파벳은 0.2~0.5% 수준의 소폭 오름세를 보였지만 메타와 테슬라는 1%대 하락률을 기록했습니다.
                    




                현재 시장을 기관투자자들은 어떻게 보고 있을까요. 뱅크오브아메리카가 실시한 7월 펀드매니저 설문조사를 보면 기관투자자들은 이제 충분히 주식을 갖고 있습니다. 현금 비중은 3.9%까지 떨어졌는데요. 이는 '매도' 신호로 볼 수 있는 수준입니다. 
                    




                이들이 주식을 많이 늘린 것은 경기 침체 가능성을 낮게 보고 있기 때문입니다. 향후 12개월 동안 경기 침체가 일어날 가능성이 작다고 답한 비율은 순 -59%로, 2025년 2월 이후 최저를 기록했습니다.
                    




                기업 이익에 대한 기대감은 개선되고 있고요. 투자자의 약 42%는 2분기 기업 실적이 예상치를 뛰어넘을 것으로 예상했습니다. 또 대부분 펀드매니저는 Fed가 연말까지 1~2회 금리를 인하할 것으로 예상했습니다. 
                    




                이들은 가장 큰 걱정거리로 △무역 전쟁이 초래할 경기 침체(38%)을 꼽았습니다. 가장 붐비는 거래로는 △달러 매도(34%)에 이어 △매그니피선트 7 매수(26%) △금 매수(25%) △유럽 주식 매수(6%) 등을 선택했습니다.
                    




뉴욕=김현석 특파원 realist@hankyung.com",https://www.hankyung.com/article/202507160612i,2025.07.16 08:10
생성형 AI 인프라 구축…내부 디지털 인재 'DT 마스터' 관리,농협금융지주 디지털 혁신,"강태영 농협은행장(앞줄 오른쪽 다섯 번째)이 지난 5월 ‘NH오픈비즈니스허브’에 최종 선발된 25개 스타트업과 기념 촬영을 하고 있다. /농협금융그룹 제공

                농협금융지주는 인공지능(AI)을 기반으로 한 디지털 금융기업으로 거듭나기 위해 그룹 차원에서 생성형 AI 도입 전략 로드맵을 수립하고 추진 중이다. AI 전담 조직을 확대해 디지털 전문성을 높이고 생성형 AI 서비스를 도입했다. 디지털 혁신 기업과 제휴 확대를 통해 고객에게 더 편리한 디지털 경험을 제공한다는 구상이다.◇AI 전담 조직 확대 개편





                농협금융은 올해 초 조직개편을 통해 AI 전담 조직을 확대·개편했다. 금융지주는 디지털전략부 내 AI 전담 조직을 신설했다. 농협은행은 기존 NH디지털R&D(연구개발)센터를 AI 비즈니스 센터로 확대 개편해 인력을 보강했다. 농협생명도 디지털사업부 내 신기술추진팀을 신설했으며, NH투자증권은 기존 AI·디지털 관련 부서 편제 통합 등을 통해 콘트롤타워 역할을 강화했다.그룹 생성형 AI 인프라 구축에도 주력하고 있다. 농협은행을 중심으로 생성형 AI 플랫폼을 구축하고, 이를 활용해 다른 계열사에서도 신속하고 효율적으로 AI를 적용할 수 있도록 전파할 계획이다. 농협은행은 지난 4일 ‘생성형 AI 플랫폼 도입 및 서비스 개발’ 사업 1단계를 개시했다. AI 서비스 개발을 돕는 핵심 모듈과 임직원의 업무를 돕는 업무비서 등 다양한 AI 서비스를 탑재했다. 하반기엔 고객 대상 혁신금융서비스도 다양하게 적용할 예정이다.디지털 금융을 이끌어 갈 내부 인재 육성에도 나서고 있다. 인재를 체계적으로 관리하기 위해 ‘DT-마스터’ 제도를 마련했다. 올해는 전 계열사와 함께 AI 인재 육성에 초점을 맞춰 인증 분야를 확대하고, 임직원의 관심과 자발적 참여를 이끌어 낼 예정이다.◇다양한 서비스 탑재한 슈퍼플랫폼금융뿐 아니라 다양한 생활 서비스를 탑재한 ‘올원뱅크 슈퍼앱’도 디지털 혁신의 일환이다. 지난 1월 올원뱅크 내에서 전 은행 업무를 가능하게 하는 풀뱅킹 서비스 구현을 성공적으로 마쳤다. 이후 일상 금융 서비스를 확대하고 재방문 유도 콘텐츠를 강화하는 등 새롭게 맞이할 고객에게 보다 매력적으로 다가가기 위해 노력 중이다.생활 플랫폼 혁신 기업과 적극적인 업무 제휴를 통해 젊은 고객층을 위한 서비스 영역도 확장하고 있다. 지난 2월 네이버페이와 업무협약을 맺어 NH멤버스 포인트와 네이버페이 포인트를 전환해 사용할 수 있는 시스템을 개발 중이다. 최근엔 마켓컬리의 간편 결제 서비스 컬리페이와 업무협약을 맺고 제휴통장 출시 및 임베디드 금융 제공, 컬리 공급사 동반성장을 위한 금융지원, 플랫폼 활성화를 위한 홍보 및 상호 마케팅, 콘텐츠 개발 등을 추진하기로 했다. 올해 3분기 내 컬리페이 제휴통장을 출시한다는 계획이다.똑똑한 금융 비서를 제공하는 초개인화 서비스를 선보이기 위한 준비도 한창이다. 외부 핀테크 사와의 제휴를 통해 퇴직연금 로보어드바이저 서비스를 도입하는 등 자산관리 서비스에 AI 기술을 접목했다. 그 밖에 시니어, 외국인, 개인사업자, 기업금융, 미성년자 등 다양한 고객군의 수요를 반영한 맞춤형 AI 기반 디지털 서비스도 하반기까지 순차적으로 개시될 예정이다. 농협금융 관계자는 “디지털 혁신은 궁극적으로 고객에게 더 편리한 금융 경험을 제공하기 위한 노력”이라며 “기술을 넘어 사람을 먼저 생각하는 금융이 되기 위해 디지털 전환을 지속해 나가겠다”고 강조했다.신연수 기자 sys@hankyung.com",https://www.hankyung.com/article/2025071611561,2025.07.16 15:38
"KB금융, 집중호우 피해 복구 위해 성금 20억원 긴급 지원","■ 신속한 피해 지역 복구 및 이재민의 일상 회복을 위해 총 20억원 성금 기부

■ 피해 발생 지역의 신속한 복구 위해 ‘긴급구호키트, 텐트, 급식차·세탁차 등’ 현장 지원

■ 긴급 특별대출, 만기연장, 금리우대, 보험료 납입유예 등 금융지원 프로그램도 실시","KB금융그룹(회장 양종희)이 18일, 전국적인 집중호우로 인해 피해를 입은 지역의 복구와 이재민의 일상 회복을 위해 20억원의 성금 기부와 함께 다양한 긴급 지원 활동에 나선다.KB금융이 기부하는 20억원의 성금은 ▲수해피해 지역 긴급 구호·피해 복구 ▲이재민 생필품·주거안전 확보 등에 전액 사용될 예정이다.이와 함께 KB금융은 긴급한 재난재해 상황에서의 신속한 구호 지원을 위해 사전에 구축한 ‘재난·재해 대응체계’를 활용하여, KB국민은행, KB손해보험, KB국민카드 등 주요 계열사와 함께 피해 복구를 돕는다.KB금융은 피해 발생 지역 이재민들의 빠른 일상 생활 복귀를 위해 ‘희망브리지 및 구세군’과 함께 ‘긴급구호키트(모포, 위생용품, 의약품 등), 텐트, 급식차·세탁차’ 등을 신속하게 지원한다. 18일 새벽, 긴급폭우가 쏟아진 당진과 아산 지역에 긴급구호키트 약 500여개를 선제적으로 제공했고, 향후 피해 상황에 따라 추가 지원할 예정이다.더불어 특별대출, 만기연장, 금리우대, 보험료 및 카드 결제대금 유예 등의 다양한 금융지원 프로그램을 실시한다.KB국민은행은 피해금액 범위 이내에서 특별 대출을 지원한다. 개인대출의 경우에는 긴급 생활안정자금을 지원하며, 기업(자영업자, 중소기업 등)대출의 경우에는 최고 1.0%p의 우대금리와 함께 운전자금은 최대 5억원, 시설자금은 피해시설 복구를 위한 소요자금 범위 이내에서 지원한다.3개월 이내 기존 대출금이 만기가 되는 경우에는 추가 원금상환 없이 가계대출의 경우 1.5%p, 기업대출은 1.0%p 이내에서 우대금리를 적용해 기한연장이 가능하며, 피해 발생일로부터 3개월 이내에 원리금을 정상 납입할 경우 연체이자를 면제한다.KB손해보험은 장기보험 고객을 대상으로 연체이자 없이 보험료 납입을 유예하며, 기존 대출금이 만기가 되는 경우에는 추가 원금상환 없이 기한연장이 가능하고 피해 발생일로부터 3개월 이내에 원리금을 정상 납입할 경우 연체이자를 면제한다.KB국민카드는 신용카드 결제대금을 최대 6개월간 청구 유예하며, 장기카드대출(카드론)은 분할상환기간 변경 또는 거치기간 변경 등을 통해 대출금 상환을 유예할 수 있다. 또한 피해일 이후 사용한 단기/장기카드대출의 수수료를 30% 할인해 준다.KB국민은행·KB손해보험·KB국민카드의 금융지원 프로그램 대상 고객은 집중호우로 인해 재해 피해가 발생된 고객으로서 해당 지역 행정관청 등이 발급한 ‘피해사실확인서’를 제출하면 금융지원을 받을 수 있으며 신청기간은 피해 발생일로부터 3개월 이내이다.KB금융 관계자는 “이번 집중호우로 인해 피해를 입은 국민들이 건강하게 일상생활로 하루 빨리 복귀하실 수 있기를 바란다”며, “피해가 더 커지지 않길 바라며, 피해 복구가 완료될 때까지 KB금융그룹은 최선의 노력을 다해 지원하겠다”고 말했다.",https://www.hankyung.com/article/202507187121P,2025.07.18 13:41
,,,https://magazine.hankyung.com/business/article/202507162093b,
"NH농협금융, 농업인·농식품 기업에 1300억 협약보증 대출…애그테크 창업 육성","소상공인 원리금 상환부담 줄여
자연재해 피해 농가 보험료 유예","농협금융그룹은 지난 4월 기술보증기금과 중소·벤처기업의 기술금융 지원 강화를 위한 업무협약(MOU)을 체결했다. 이찬우 회장(왼쪽 일곱 번째), 김종호 기술보증기금 이사장(여덟 번째) 등 참석자들이 기념 촬영하고 있다. /농협금융그룹 제공

                농협금융지주는 농협 정체성 및 금융업 특성을 살린 다양한 상생금융 활동에 참여하고 있다. 서민과 중소기업 전용 금융상품 판매를 통해 금융소외계층의 편익 증진에 앞장서는 중이다.





                농업인과 농업 관련 기업에 특화한 대출을 공급하고 관련 분야 혁신 중소기업에 대한 투자에도 적극적으로 나서고 있다. 그밖에 미래 세대 육성을 위한 어린이·청소년 금융교육과 창업 지원 프로그램도 진행 중이다.◇부실 우려 소상공인 지원







이미지 크게보기



                농협금융은 지난 4월 기술보증기금과 중소벤처기업 기술금융 지원 강화를 위한 업무협약을 체결했다. 중소벤처기업 창업부터 성장, 성숙 단계까지 생애주기별 맞춤형 금융 솔루션을 제공하기 위한 협력이다.올해 역대 최대 규모인 85억2000만원을 특별출연해 3000억원 규모의 보증서 협약 대출을 지원할 계획이다. 지원 대상은 인공지능(AI), 조선, 반도체 등 국가전략산업 및 첨단기술 기반 기업이다.농협은행은 개인사업자 대상 ‘개인사업자대출119’ 제도를 통해 소상공인의 채무상환 부담을 줄여주고 있다. 일시적 유동성 부족 등으로 채무상환에 어려움을 겪는 개인사업자를 위해 대출이 부실화되기 전에 원리금 상환 부담을 경감하는 등 지난해 기준 총 4918억원을 지원했다.취약계층에 일자리를 창출하고 지역사회에 공헌하는 등 사회적 가치를 창출하는 기업을 대상으로 금융지원도 실시하고 있다.사회적기업과 협동조합, 마을기업, 자활기업, 소셜벤처 기업 등을 지원하기 위해 전용 대출상품인 ‘사회적기업론’, ‘사회적경제기업 특례보증’ 등을 운영하고 있다. 지난해 총 28건에 대해 잔액 기준 약 30억원을 지원했다.중소기업과 소상공인 대상으로 무료 컨설팅도 제공한다. ‘가맹점 매출 및 상권분석 서비스’를 통해 경영전략, 재무 및 세무, 인사조직 등 경영활동 중 발생하는 다양한 어려움에 대해 컨설팅을 지원한다.◇농업 분야 혁신기업에 투자농협금융은 스타트업 기업의 안정적인 시장 진입과 성장을 위해 신규 투자를 확대하고 있다. 농업 분야 혁신기업과 디지털 신사업 기업 지원을 위한 펀드를 운용 중이다. NH투자증권을 비롯한 농협 계열사들이 함께 조성한 ‘범농협 애그테크 상생혁신펀드’는 농업 분야 디지털 혁신기업에 투자하는 펀드다.농협금융 계열사들은 지난해 511억원 규모의 희망농업혁신펀드를 조성하고 151억원을 출자했다. 농업을 지속할 수 있는 미래 첨단산업으로 전환하려는 노력의 일환이다. 농촌 현장에 적용할 수 있는 AI, 로보틱스 등 혁신 농업 기술을 보유한 기업 투자에 활용될 예정이다.농협은행은 농업인 및 농식품 기업에 대한 금융지원 및 경쟁력 강화를 위해 농림수산업자신용보증기금(농신보)과 업무협약을 체결하고 1300억원 규모의 특별출연 협약보증 대출 지원에 나섰다.지원 대상은 농축산인, 농축산물 유통·가공·수출 중소기업이다. 대출한도는 동일 인당 최대 개인 15억원, 법인 20억원 이내다. 최대 3년간 보증 비율을 90%로 우대 적용한다.◇농업 특화 금융상품 취급농업 금융 전문기관으로서 다양한 금융상품을 취급하고 있다. 농협은행의 농업정책자금은 일반금융 대비 저금리·장기 대출이 특징이다. 농자재 가격 및 금리 인상 등으로 어려움을 겪고 있는 농업인의 부담을 덜고 안정적인 영농 활동을 지원하기 위한 취지다.NH농협생명은 국내에서 유일하게 농업인안전보험을 운영하고 있다. 농업경영체 등록 농업인은 보험료의 50% 이상을 지원받을 수 있다. 농업인 가족 및 농작업 재해예방교육 수료자 대상 보험료 할인 제도도 운영 중이다.NH농협손해보험은 ‘농작물재해보험’, ‘가축재해보험’, ‘가축질병치료보험’, ‘농기계종합보험’ 등 다양한 재해로부터 농가경영 안정을 보장하기 위한 상품을 제공하고 있다. 보험료의 50% 이상을 정부 및 지자체 지원으로 충당해 농가가 부담하는 보험료를 대폭 축소했다.농협금융은 태풍, 집중호우, 우박 등 자연재해 피해 농가에 대한 금융지원에도 앞장서고 있다. 피해 농가를 대상으로 여신지원, 보험료 납입 유예 등을 실시 중이다. 농업정책자금에 대한 상환 연기 및 이자 감면을 지원하고, 신속한 손해평가를 통해 보험금을 조기 지급하는 등 피해지역 농업인들의 재기를 돕고 있다.◇어린이·청소년 금융 교육 지원농협은행은 ‘행복채움금융교실’을 운영하며 전 연령대 대상으로 맞춤형 생활금융교육을 제공하고 있다. 특히 청소년 금융 교육을 위해 전국 17개의 청소년금융교육센터를 운영 중이다.NH농협생명은 앞서 2014년부터 농어촌과 읍·면 단위 학교 등 금융교육 소외지역 초등학교를 대상으로 ‘모두레 어린이 경제·금융교육’을 제공하고 있다. 지난해 1517명의 초등학생이 교육을 수료했다.‘애그테크 청년 창업 캠퍼스’는 농산업 분야 청년 창업가와 혁신기업 발굴 및 육성을 지원하는 프로그램이다. 101명의 청년 사업가와 11개의 스타트업을 대상으로 창업 아이템 발굴, 글로벌 진출 교육, 투자 연계 기회 등 다양한 혜택을 제공했다. 농협금융 관계자는 “금융과 사회공헌을 결합한 사회책임경영을 강화하겠다”고 강조했다.신연수 기자 sys@hankyung.com",https://www.hankyung.com/article/2025071611571,2025.07.16 15:39
"""아슬아슬했던 데스밸리 위기, 대기업 협업이 돌파구 됐죠""","Zoom In  
'12번째 K유니콘' 센드버드 이끄는 김동신 대표

기업용 채팅 API 플랫폼 제공
국내 첫 B2B 유니콘 기업 등극

""초기 난관, KB스타터스로 극복""
금융사 협업으로 레퍼런스 쌓아
북미·유럽 사업 성장세 두드러져","“처음에는 투자자들이 채팅이 그렇게 대단한 사업거리냐고 물었습니다. 제가 창업할 때만 해도 채팅은 소비자에게 무료로 제공하는 부가 기능이라는 시선이 지배적이어서 이런 편견을 넘어서는 게 가장 큰 과제였죠.”김동신 센드버드 대표(사진)는 6일 창업 초기 겪은 어려움에 대해 이렇게 설명했다. 센드버드는 기업용 채팅 응용프로그램 인터페이스(API) 플랫폼을 제공하는 업체다. 기업들은 센드버드의 채팅 플랫폼을 통해 고객의 실시간 문의에 대응할 수 있다. 2013년 창업 이후 꾸준히 성장해 최근에는 고객 상담을 돕는 인공지능(AI) 에이전트까지 개발하며 글로벌 플랫폼으로 진화 중이다.현재 매월 7억 건이 넘는 전 세계 대화를 처리한다. 미국 도어대시와 야후, 일본 라쿠텐 등 6500곳 이상의 글로벌 기업이 센드버드를 사용 중이다. 본사는 미국 실리콘밸리에 있고, 한국 오피스는 핵심 기술을 개발하는 연구개발(R&D) 허브로 운영된다. 창업 멤버인 이상희 센드버드코리아 대표가 한국 오피스를 총괄하고 있다.센드버드는 대한민국 열두 번째이자 첫 B2B(기업 간 거래) 유니콘(기업가치 1조원 이상 비상장사)에 오른 기업이다. 이런 센드버드도 초창기에는 투자 유치에 어려움을 겪었다. 채팅을 메인 비즈니스로 본 투자자가 거의 없었기 때문이다. 그러나 KB금융의 핀테크랩 KB이노베이션허브 지원 프로그램에 참여하면서 돌파구를 마련했다.센드버드는 2016년 KB이노베이션허브의 KB스타터스로 선정됐고 이후 국민은행 ‘리브똑똑’, KB국민카드 ‘리브메이트’ 등에 채팅 솔루션을 공급하며 금융권 레퍼런스를 확보했다. 특히 대화형 뱅킹 플랫폼 리브똑똑이 창구에서 행원과 대화하듯 자연스럽게 사용할 수 있다는 점에서 업계와 고객의 호평을 받았고, 솔루션을 제공한 센드버드에도 이목이 쏠렸다. KB스타터스는 2015년 3월 출범 이후 센드버드를 비롯해 총 394개사에 누적 2544억원을 지원하고 있다.김 대표는 “금융권 레퍼런스가 없어 어려움을 겪던 중 KB와의 협업이 돌파구가 됐다”며 “스타트업들은 대기업과의 협업 기회에 적극적으로 도전하길 추천한다”고 말했다.센드버드는 단순 채팅 기능을 넘어 AI 에이전트 플랫폼으로 빠르게 전환하고 있다. 롯데홈쇼핑에 AI 상담 비서를 공급해 전체 고객 문의의 40%를 자동 처리하며 상담 속도와 효율을 크게 높였다. 김 대표는 “앞으로는 AI 에이전트가 단순 답변을 넘어 사람처럼 문제를 파악하고 해결하는 단계까지 발전할 것”이라고 말했다.현재 센드버드는 북미와 유럽 시장에서 빠르게 성장하고 있다. 전체 고객 문의와 영업 사례의 90% 이상이 이 두 지역에서 나오고 있다. 김 대표는 “아직 도입 단계인 한국과 달리 북미와 유럽 기업들은 AI 에이전트를 실제 운영에 적용하기 시작했다”며 “센드버드는 전 세계 고객들이 가장 신뢰하는 디지털 고객경험 플랫폼으로 자리매김하는 것이 목표”라고 강조했다.김소현 기자 alpha@hankyung.com",https://www.hankyung.com/article/2025070609951,2025.07.06 17:33
"금융권, 수해 피해 가계·중소기업에 긴급자금 지원","금융위, 수해피해 긴급대응반 구성

대출 만기연장·상환유예 지원
피해 가계에 보험금 조기 지급","정부가 집중호우에 따른 수해 피해를 입은 가계와 중소기업을 대상으로 금융 지원에 나선다. 이번 수해로 피해를 본 가계 및 중소기업은 은행 등으로부터 긴급 자금을 대출받거나 연체채무에 대해 채무조정을 신청할 수 있다.금융위원회는 수해 피해 가계와 소상공인·중소기업을 위한 금융 지원 방안을 18일 발표했다. 이번 지원에는 은행, 보험사, 카드사, 상호금융 등 전 금융권이 공동으로 참여한다.은행과 상호금융업권에선 수해 피해 거래고객을 대상으로 긴급생활자금을 지원한다. 농협은행은 피해 고객에 긴급 생활안정자금 최대 1억원을 대출하기로 했다. 하나은행은 최대 5000만원, 기업은행은 최대 3000만원을 지원한다. 대출 금리, 한도 등은 각 금융회사나 업권별 협회를 통해 확인할 수 있다.수해 피해 가계는 기존 대출의 만기연장과 상환유예, 분할상환 등도 지원받을 수 있다. 신한·국민은행은 최대 1.5%포인트 우대금리를 제공하며 만기연장, 연체이자 면제 등을 지원한다.보험사들은 수해 피해 가계에 대해 우선적으로 심사해 보험금을 조기에 지원할 계획이다. 재해피해확인서 등을 발급하면 손해조사 완료 전이라도 추정 보험금의 50% 범위 내에서 조기 지급하기로 했다. 또 수해 피해 고객의 보험료 납입의무를 최장 6개월 유예할 계획이다.카드사들은 수해 피해 고객의 신용카드 결제대금을 최대 6개월 청구 유예하기로 했다. 일부 카드사는 결제대금 유예종료 후 분할상환(신한·현대), 수해 피해 이후 발생한 연체료 면제(KB국민·현대·우리), 연체금액 추심유예(롯데·우리·하나·현대) 등도 추가로 지원한다.수해 피해 개인이 채무를 연체한 경우 신용회복위원회에 특별 채무조정을 신청하면 최대 1년 무이자 상환유예와 채무감면 우대(70% 고정) 등 혜택을 추가로 제공받는다.수해 피해 소상공인과 중소기업을 위한 금융지원 방안도 마련됐다. 산업은행, 기업은행을 포함한 은행권 등은 피해 기업, 소상공인에 복구소요자금과 긴급운영자금을 지원한다. 신용보증기금은 피해 기업이나 소상공인, 농·어업인이 금융권에 복구자금 대출을 신청하는 경우 특례보증을 지원한다.또 정책금융기관과 은행·저축은행·상호금융권 등은 피해 기업과 소상공인의 기존 대출금에 대해 최대 1년간 만기연장, 상환유예 등을 지원한다.금융감독원은 각 지역 내 상담센터를 개설해 현장 맞춤형 상담서비스를 제공하기로 했다. 수해 피해가 심각한 지역의 경우 금융상담 인력을 현장 지원해 신속한 금융지원이 이루어질 수 있도록 조치할 계획이다.서형교 기자 seogyo@hankyung.com",https://www.hankyung.com/article/202507187528i,2025.07.18 16:20
"""트럼프 감세법에…美서 현대차 전기차 매출 연 2.7조원 줄듯""","한경협 보고서 발표

LG엔솔·SK온·삼성SDI도 타격
""정책기금 등 재정지원 서둘러야""","한국경제인협회는 도널트 트럼프 미국 대통령의 대규모 감세법(OBBBA) 발효에 따라 현대자동차·기아의 미국 시장 전기차 판매량이 4만5000여 대 줄어들 가능성이 있는 것으로 분석됐다고 20일 밝혔다. 금액으로는 3조원에 가깝다.지난 4일 발효된 OBBBA는 전임 조 바이든 행정부의 인플레이션 감축법(IRA)에 근거해 시행 중이던 청정에너지 지원 정책을 폐지하는 내용을 담고 있다. 이 법에 따라 한국 자동차·배터리 기업의 대미 투자 확대에 영향을 미치던 전기차 구매 세액공제가 오는 9월 말 종료된다.미국 싱크탱크인 미국경제연구소(NBER)에 따르면 전기차 세액공제가 종료될 경우 미국 내 전기차 판매량은 전년보다 37% 감소한다. 이를 근거로 한경협은 현대차·기아의 미국 내 전기차 판매량이 연간 최대 4만5828대 감소할 것으로 추정했다. 매출로 따지면 19억5508만달러(약 2조7200억원) 줄어든다.한경협은 OBBBA로 타격을 받을 한국 회사로 현대차·기아를 비롯해 LG에너지솔루션, SK온, 삼성SDI 등 한국 배터리 3사를 꼽았다. 이에 따라 이들 기업에 정책기금과 세제 혜택 등 재정 지원이 필요하다고 제안했다. 특히 산업은행에 50조원 규모의 ‘첨단전략산업기금’을 설치하는 산은법 개정안의 국회 처리를 서둘러야 한다고 조언했다.이와 함께 배터리업계의 연구개발(R&D) 비용에 대해 한시적 직접 환급 등을 통해 공제 혜택의 실효성을 높여야 한다고 지적했다. 이상호 한경협 경제산업본부장은 “전기차·배터리산업이 미래 성장동력으로 자리매김할 수 있도록 기금과 세제 혜택을 결합한 종합적 지원을 서둘러야 한다”고 말했다.김보형 기자 kph21c@hankyung.com",https://www.hankyung.com/article/2025072001131,2025.07.20 18:12
"'KB금융' 52주 신고가 경신, 은행주 밸류에이션 리레이팅 주도할 전망 - NH투자증권, BUY",,"◆ 최근 애널리스트 분석의견- 은행주 밸류에이션 리레이팅 주도할 전망 - NH투자증권, BUY07월 07일 NH투자증권의 정준섭 애널리스트는 KB금융에 대해 ""'25년 2분기 지배순이익은 1조5,344억원으로 컨센서스 부합 예상. 전분기 대비 대출성장 +1.3%, NIM -3bp으로 이자이익은 정체되겠지만 비이자이 익은 수수료 중심으로 견조할 예정. 경기 둔화에 따라 대손비용률은 51bp(+8bp y-y)로 상승 예상. KB금융은 하반기 대규모 자사주 매입/소각 발표를 통해 국내 은행주 리레이팅을 주도할 전망""이라고 분석하며, 투자의견 'BUY', 목표주가 '147,000원'을 제시했다.한경로보뉴스이 기사는 한국경제신문과 금융 AI 전문기업 씽크풀이 공동 개발한 기사 자동생성 알고리즘에 의해 실시간으로 작성된 것입니다.",https://www.hankyung.com/article/202507084036L,2025.07.08 09:21
,,,https://magazine.hankyung.com/business/article/202507236430b,
"하나은행, 모바일 신분증 민간개방 참여기업 최종 선정","- 보안성, 안전성, 이용 편의성 등에서 우수성 인정받아 참여기업으로 최종 선정

- 하나원큐 통해 2026년 7월부터 보다 편리하고 안전한 모바일 신분증 서비스 제공 예정","하나은행(은행장 이호성)은 지난 13일 행정안전부가 발표한 ‘2025년 모바일 신분증 민간개방 참여기업’에 최종 선정됐다고 밝혔다.하나은행은 보안 및 인증 분야 전문가 7인으로 구성된 선정위원회로부터 ▲개인정보 보호 방안 ▲보안 수준 ▲신뢰성 ▲활성화 계획 ▲장애 대응체계 등에서 우수성을 인정받아 참여기업으로 최종 선정됐다.모바일 신분증은 실물 신분증과 동일하게 개인의 신원을 증명하는 국가 공인 수단이다. 이번 참여기업 선정으로 손님은 하나원큐를 통해 대면 및 비대면 금융거래는 물론 관공서, 의료기관을 비롯해 연령 확인이 필요한 상품 구매 등 일상생활 속에서 모바일 신분증 서비스를 보다 편리하고 안전하게 이용할 수 있게 된다.하나은행은 이번달부터 본격적으로 시스템 개발에 착수하여 내년 1분기까지 시스템 구축을 완료하고, 2분기까지 평가기관의 적합성 평가를 거친 뒤 7월부터 하나원큐의 ‘원큐지갑’을 통해 쉽고 편리한 모바일 신분증 서비스를 제공할 예정이다.하나은행 관계자는 “이번 모바일 신분증 민간개방 참여기업 최종 선정으로 손님의 디지털 편의성을 한층 더 증대시킬 수 있을 것으로 기대된다”며, “하나원큐를 통해 다양한 생활금융서비스를 제공하며 쌓아온 디지털 노하우와 안전한 정보보안 관리 체계를 바탕으로, 보다 편리하고 신뢰도 높은 모바일 신분증 서비스를 제공하겠다”고 밝혔다.한편, 하나은행은 대표 모바일 앱 ‘하나원큐’를 통해 ▲기부문화 활성화를 위한 ‘고향사랑기부’, ▲맞춤형 정부 혜택 알림서비스 ‘혜택 알리미’ ▲해외여행 손님을 위한 ‘스마트패스’ ▲안전한 소비생활을 위한 ‘소비생활 안전정보’ ▲정부24 전자증명서 ▲국민비서 등 손님 편의성 향상을 위한 다양한 공공서비스를 제공하고 있다.",https://www.hankyung.com/article/202507146002P,2025.07.14 09:36
[김보형의 재계 인사이드] 항공산업 발전 적임자 가려야,김보형 산업부 차장,"“대통령 전용기는 그만두고서라도 국적기를 타고 해외여행 한번 해보는 게 소원이오.”1968년 9월 조중훈 한진그룹 창업주를 청와대로 부른 박정희 대통령은 부실에 빠진 국영 대한항공공사(현 대한항공) 인수를 간곡히 부탁했다. 1인당 국민소득이 169달러인 때였다. 당시 박 대통령은 해외 순방 때마다 외국 민항기를 빌려 탔다. 대한항공공사 누적 적자는 당시 돈으로 27억원에 달했다. 조 창업주 입장에선 섣불리 인수했다가는 총알이 빗발치던 베트남전쟁에서 군수물자를 나르며 번 돈을 한 번에 날릴 수도 있었다.중고 트럭 한 대로 ‘수송왕’에 오른 조 창업주가 박 대통령의 부탁 하나만으로 인수를 결정하지는 않았을 터다. 경제가 발전하고 국민소득이 늘어나면 항공 시장도 커질 것으로 보고 승부수를 던졌을 것이다. 그의 예상은 적중했다. 1988년 서울올림픽을 거치며 항공 수요가 급증했고 대한항공 모기업인 한진은 해운사와 조선사 등을 거느린 재계 8위 기업으로 성장했다. 경영권 걸고 인수 결단50여 년이 흐른 2020년 9월. 이번엔 산업은행이 조 창업주 손자인 조원태 한진그룹 회장을 찾았다. 부채비율이 2291%까지 치솟은 아시아나항공 인수를 제안하기 위해서였다. 아시아나의 새 주인으로 낙점된 HDC현대산업개발이 코로나19에 따른 항공 수요 급감을 이유로 인수를 포기할 만큼 항공업 전망이 어두운 때였다. 아시아나항공은 한진보다 덩치가 훨씬 큰 5대 그룹도 손사래 친 매물이었다.산은이 그룹 지주사인 한진칼에 인수자금 8000억원을 지원하면서 제시한 투자합의서도 조 회장을 망설이게 하는 대목이었다. 산은은 “경영 성과가 미흡하면 경영진을 교체할 수 있다”며 조 회장의 한진칼 지분을 담보로 요구했다. 경영권이 흔들릴 수 있다는 우려에도 조 회장은 1조8000억원을 들여 아시아나항공 인수를 결정했다.조 회장은 코로나19 위기를 ‘역발상’ 경영으로 돌파했다. 여행객이 없어 멈춰 선 여객기 16대를 화물기로 전환한 게 적중했다. 코로나19로 마스크와 의약품 등 화물 수요가 넘쳐났기 때문이다. 대한항공 매출은 계속 늘었고 지난해에는 사상 최대치(16조1166억원)를 기록했다. 대한항공 품에 안긴 아시아나도 재무구조가 개선돼 지난 2월 공적자금 3조6000억원을 모두 갚았다. 한진칼 지분 매각 신중해야세계 10위권의 ‘통합 대한항공’을 성사시켰지만 조 회장의 표정은 밝지 않다. 2022년 한진칼 지분 17.4%를 확보한 호반그룹이 지분율을 18.46%까지 끌어올리며 경영권을 위협하고 있어서다. 조 회장 측(20.75%)과 지분율 격차는 2.29%포인트에 불과하다. 호반은 3월 한진칼 주주총회에서 임원 보수 인상 안건에 반대표를 던지며 조 회장의 반대편에 섰다는 걸 공식적으로 표명했다.경영권 분쟁 가능성이 높아지자 산은이 아시아나 인수자금을 내주면서 확보한 한진칼 지분 10.58%가 누구 쪽에 붙는지가 관심사로 떠올랐다. 산은 보유지분을 호반이 사들이면 조 회장을 제치고 단일 최대 주주에 오르기 때문이다. 조 회장 측이 델타항공 지분(14.9%)을 우호지분으로 확보했다지만, 큰 싸움이 벌어지면 어찌 될지 알 수 없는 일이다. “산은이 사실상 한진그룹 경영권 향방의 키를 쥐고 있다”는 얘기가 나오는 이유다.산은은 대한항공을 끌어들여 부실기업(아시아나항공) 정상화와 공적자금 환수라는 정책 목표를 달성했다. ‘항공업 구조조정’이란 숙제를 끝낸 만큼 이제 다른 부실기업을 정상화하는 데 필요한 ‘실탄’을 마련하기 위해 한진칼 보유지분을 팔 것이다. 일반 투자자처럼 증시에서 조금씩 파는 건 불가능하다. 지분 10.58%가 시장에서 매물로 나오면 주가 폭락을 불러 사실상 ‘나랏돈’인 산은 곳간이 예상만큼 들어차지 않을 것이기 때문이다.결국 경영권 분쟁이 붙은 양측 중 한 곳에 팔거나 제3자에게 블록딜 형태로 매각할 가능성이 높다. 산은의 선택은 둘 중 하나다. 비싸게 쳐주는 곳에 파느냐, 대한민국 항공산업을 잘 이끌 곳에 파느냐. ‘금융을 통해 대한민국 산업 경쟁력 강화에 기여한다’는 사명을 갖고 태어난 국책은행이 어떤 선택을 할지 재계가 지켜보고 있다",https://www.hankyung.com/article/2025072251151,2025.07.22 17:21
"JP모건, 코스피 ‘비중확대’ 전환…2년 내 5,000p 기대",,"글로벌 투자은행 JP모건이 한국 주식시장에 대한 투자의견을 ‘중립(Neutral)’에서 ‘비중확대(Overweight, 매수)’로 상향 조정했다. 최근 보고서에서 JP모건은 코스피가 향후 2년 내 5,000포인트를 돌파할 가능성이 있다고 전망하며, “개혁이 순조롭게 진행되면 변동성이 나타날 때마다 추가 매수를 권한다”고 강조했다.JP모건은 “올 하반기 코스피는 3,200~3,500선에서 횡보할 것”이라면서도, 대통령 이재명 정부의 기업지배구조 개혁 의지와 공정거래법 개편이 본격화될 경우 지수 재평가가 가능하다고 평가했다 .또한 최근 외국인 순매수세가 2024년 초보다 다소 약해진 것은 “더 나은 진입 타이밍을 찾기 위한 기다림”으로 해석될 수 있다고 분석했다 . 이는 외국인이 신중하게 시장을 지켜보면서도 대형 우량주 중심의 매수 여력을 유지하고 있음을 시사한다.




 

이 같은 JP모건의 강경한 매수 권고는 국내 투자자들 사이에서도 스탁론(주식담보대출) 활용 저가 분할매수 전략을 부각시키고 있다.스탁론은 보유 종목을 담보로 레버리지를 활용해 유동성을 확대할 수 있는 수단으로, 지수 횡보 구간에 대한 단기 포지셔닝 도구로 활용도가 높다.증권업계 관계자는 “코스피 지수가 3,200~3,500선에서 등락을 반복하면, 실적 기반 우량주를 중심으로 스탁론 유입이 증가할 수 있다”고 말했다.JP모건이 지목한 수혜 업종은 반도체, 금융, 방산·우주, 화학, 소비재 등 구조 개혁 및 정책 기대에 민감한 영역들이다.전문가들은 “국내 증시의 중장기 흐름은 지배구조 개선 추진 속도와 외국인 자금 유입 수준에 따라 결정될 것”이라며, 변동성 구간에서는 분할매수 및 실적 기반 종목 위주의 투자전략이 유효하다고 조언했다.▶ 더머니스탁론 신규 상품 전격 출시! (DSR 규제 X)▶ 최대 400% 레버리지 투자, 증권사 신용미수 대환 가능!▶ 한 종목 100% 집중 투자 가능!▶ 더머니스탁론 바로가기 (https://themoney.co.kr/ha)▶ 더머니스탁론 전화 상담 1600-7096▶ 더머니스탁론 카카오톡 상담 (http://pf.kakao.com/_cVfxbn/chat)관심종목: 삼성전자, 현대차, 한화에어로스페이스, LG화학, 이마트무료상담",https://www.hankyung.com/article/202507158097a,2025.07.15 08:45
"'iM금융지주' 52주 신고가 경신, 2Q25 Preview: '비상(飛上)'의 시간 - 상상인증권, BUY(신규)",,"◆ 최근 애널리스트 분석의견- 2Q25 Preview: '비상(飛上)'의 시간 - 상상인증권, BUY(신규)07월 03일 상상인증권의 김현수 애널리스트는 iM금융지주에 대해 ""2분기 실적은 컨센서스를 소폭 상회할 전망. 실적 반등 가시화, RWA 대비 수익성 우수. 커버리지 내 가장 저평가된 은행지주, 주주환원 상향 여지: 현재 PBR to RoRWA는 0.34배로 커버리지 내 가장 저평가된 수준이다. 상반기 400억원 규모 자사주 매입·소각을 완료했으며, 하반기 300억원 추가 매입 시연간 총주주환원율은 목표치인 40%에 도달할 것으로 예상된다. 이에 따라 주주환원 목표 상향 가능성도 열려 있다.""이라고 분석하며, 투자의견 'BUY(신규)', 목표주가 '20,000원'을 제시했다.한경로보뉴스이 기사는 한국경제신문과 금융 AI 전문기업 씽크풀이 공동 개발한 기사 자동생성 알고리즘에 의해 실시간으로 작성된 것입니다.",https://www.hankyung.com/article/202507112986L,2025.07.11 15:34
"특구재단, 기술창업투자 경진대회",,"연구개발특구진흥재단은 이달 말까지 연구개발특구 과기특성화대 기술창업투자 경진대회 참가팀을 모집한다고 7일 밝혔다.대회는 특구재단과 미래과학기술지주가 공동으로 주관하고, 특구 내 5개 과기특성화대와 한국산업은행이 참여한다.이번 대회는 단순 유망 스타트업 발굴 및 상금 지급에 그치지 않고 실질적 투자지원과 글로벌 진출 등 스케일업까지 이어지는 게 특징이다.참가 자격은 5대 과기특성화대학 소속(출신) 5년 미만 창업기업(예비창업자 포함)으로, 12대 국가전략 기술 분야 창업 아이템을 보유한 팀이면 된다.예선(서면 심사)과 본선, 결선 순으로 진행하며, 최종 6개 팀을 선발해 순위를 결정할 예정이다.최종 6개 수상팀에게는 총 1200만원의 상금과 특구재단 이사장상이 수여된다.대상 및 최우수상 수상팀에게는 미래과학기술지주를 통한 팀별 최대 10억원의 투자가 이뤄질 예정이다.특구재단에서 추진 중인 유니콘 창업 멘토링과 북미, 유럽 등 권역별 글로벌 POC 지원 프로그램 등 딥테크 기업의 성장단계별 지원과 한국산업은행의 후속 투자 검토 연계 등도 함께 지원된다.정희권 연구개발특구진흥재단 이사장은 “경진대회는 특구 내 과기특성화대의 국가전략 기술이 딥테크 창업과 실질적 투자를 통해 K-유니콘기업으로 이어지는 의미 있는 대회”라며 “앞으로도 국가전략 기술의 창업과 글로벌 딥테크 사업화에 최선을 다하겠다”고 밝혔다.대전=임호범 기자",https://www.hankyung.com/article/202507072543h,2025.07.07 14:08
"머스크, xAI에 120억달러 자금 조달…데이터센터 건립 '올인'","데이터센터 임대 대신 직접 구축
100억달러 투자 이어 추가 투입","일론 머스크 테슬라 최고경영자(CEO)의 인공지능(AI) 스타트업 xAI가 120억달러(약 16조5000억원)를 추가로 조달한다. 오픈AI 등 경쟁사와 달리 데이터센터를 직접 구축하면서 막대한 투자금을 소진하고 있다는 지적이 나온다.22일(현지시간) 월스트리트저널(WSJ)에 따르면 xAI가 지분 매각 및 채권 발행으로 100억달러(약 13조원)를 조달한 지 몇 주 만에 120억달러 투자를 추가로 유치하는 방안을 추진 중이다. 조달한 자금은 AI 챗봇 ‘그록’을 훈련·운영하기 위해 필요한 새 데이터센터 ‘콜로서스 2’ 건설에 쓰일 예정이다. xAI는 오픈AI와 앤스로픽처럼 기존 클라우드컴퓨팅 기업의 데이터센터를 빌려 쓰지 않고 직접 데이터센터를 구축하기 위해 AI칩을 대규모로 사들이고 있다. WSJ는 “머스크 CEO가 AI 장비 경쟁에서 뒤처지지 않기 위해 모든 금융 수단을 동원하고 있다”고 밝혔다.xAI는 투자은행(IB) 모건스탠리를 통해 지난달 말 담보부 채권 발행 및 대출로 50억달러를 조달했다. 머스크 CEO의 또 다른 회사 스페이스X도 xAI에 20억달러를 투자했다. 이번 자금 조달을 맡은 투자사 발로에쿼티파트너스 등 투자자들은 자금 조달을 위해 현금을 출자하고, 사모펀드에서 수십억달러를 추가로 대출받는다고 WSJ는 전했다.WSJ는 “자체 데이터센터를 짓기 위해 AI칩을 대규모로 사들이느라 막대한 자금을 빠르게 소진하고 있다”고 분석했다. 다만 대출 규모와 상환 기간 등을 두고 대출기관 간 이견이 있는 것으로 알려졌다. 자금을 상환하지 못하면 대출기관은 해당 AI칩에 담보권을 행사할 수 있는데, AI칩 업계에서 더 강력한 버전이 개발되면 기존 AI칩 가치가 급락할 가능성이 있다. 향후 데이터센터 수요가 줄어들 수 있다는 점도 투자자들이 우려하는 것으로 전해졌다.이날 블룸버그통신은 “우주기업 스페이스X가 투자자에게 머스크 CEO의 정치 복귀 가능성을 경고했다”고 보도했다.블룸버그가 입수한 스페이스X 내부 문서 등에 따르면 스페이스X는 “머스크 CEO가 이전에 도널드 트럼프 행정부에서 정부효율부(DOGE)와 연결된 고문으로 근무했다”며 “향후에도 비슷한 역할로 일하며 상당한 시간과 에너지를 그런 역할에 할애할 수 있다”고 밝혔다.이 같은 내용은 스페이스X가 최근 진행한 ‘주식 공개매수’에서 투자자에게 안내한 ‘위험 요인’ 중 하나로 언급됐다고 블룸버그는 전했다.김동현 기자 3code@hankyung.com",https://www.hankyung.com/article/2025072377071,2025.07.23 17:58
,,,https://magazine.hankyung.com/business/article/202507159332b,
"[단독] 최대 100조 '첨단산업기금' 조성…여야, 산은법 개정안 처리 합의",,"사진=한경DB

                산업은행이 최대 100조원 규모의 ‘첨단전략산업기금’을 조성해 반도체, 2차전지 등 국가 전략산업을 집중 지원하는 법안이 이르면 이달 국회를 통과할 전망이다. 도널드 트럼프 미국 대통령이 촉발한 통상전쟁이 지속되고 중국 등 후발 국가와의 격차가 축소되는 상황에서 여야가 국가 전략산업을 지원해야 한다는 데 뜻을 모으면서다. 18일 정치권에 따르면 국회 정무위원회는 오는 21일 법안심사 제1소위원회 회의를 열고 이 같은 내용을 골자로 하는 산업은행법 개정안을 여야 합의로 통과시킬 예정이다. 이르면 이달 국회 본회의 통과도 가능할 것이라는 전망이 나온다.이번 산은법 개정안은 지난 3월 정무위 여야 간사(강민국 국민의힘·강준현 더불어민주당 의원)가 공동 발의했다. 산은에 첨단전략산업기금을 설치하고, 반도체, 2차전지, 바이오, 인공지능(AI), 로봇, 방산 등 전략 업종 기업을 지원하도록 하는 내용을 담았다. 산은의 저리 대출은 물론 직접 투자도 가능해져 관련 업종 기업 경영에 상당한 도움을 줄 것이라는 기대가 나온다.정부는 올 들어 산은이 첨단전략산업 기금채를 발행해 50조원 규모의 재원을 확보하고 민간 자금 매칭 협약 등으로 최대 100조원을 지원하는 방안을 검토해 왔다. 이번 법 개정을 통해 정부의 이런 구상이 현실화할 것으로 예상된다.산은, 반도체·배터리 직접 투자 가능…전략산업 키운다산은, 지분 투자도 가능해져 글로벌 수주 경쟁땐 금융 지원최대 100조원 규모의 첨단전략산업기금을 조성하는 법안을 여야가 통과시키기로 합의한 것은 그만큼 글로벌 산업 환경이 녹록하지 않다고 인식해서다. 미국 도널드 트럼프 행정부가 들어선 이후 ‘관세 위협’이 나날이 커진 데다 중국과의 산업 경쟁력 격차도 급격하게 좁혀지고 있기 때문이다. 이재명 정부 들어 정쟁을 이어온 여야가 세계 무역 전쟁 파고를 넘기 위해 ‘협치 결과물’을 내놨다는 평가가 나온다. ◇ 첨단전략산업 신속 지원 가능







이미지 크게보기



                여야가 합의 처리하기로 한 산업은행법 개정안은 정부가 반도체·2차전지 등 첨단산업에 대규모 자금을 안정적으로 공급할 수 있는 시스템을 만들자는 취지로 마련됐다. 산은에 첨단전략산업기금을 설치하고, 산은이 정부 보증 첨단전략산업기금채를 발행해 재원을 마련하도록 했다. 이자 비용 등 기금 운용 자금은 산은이 기금에 직접 출연하는 방식으로 충당하도록 했다. 기존에도 산은이 반도체 기업을 대상으로 저리 대출 프로그램을 운영해 왔지만, 총 17조원 규모에 그쳤다.산은법 개정안을 공동 발의한 강민국 국민의힘·강준현 더불어민주당 의원은 법안 제안 취지에서 “첨단전략산업의 중요성과 시급성에 비해 규모가 제한적이고, 대출 중심의 지원에 그치는 한계가 있다”며 “첨단산업 지원의 적시성이 중요한 만큼 신속하고 효과적인 지원체계가 필요하다”고 밝혔다.개정안이 통과되면 신설 기금을 통해 여러 업종에 더욱 적극적인 지원이 가능해진다. 기업들에 국고채 수준의 저리 대출을 제공할 수 있을 뿐 아니라 펀드를 통해 간접 투자하거나 직접 지분 투자하는 것도 가능하다. 글로벌 수주 경쟁 시에는 기금을 통해 금융 지원 패키지를 제공하는 방식으로 국내 기업 경쟁력을 높일 수 있을 것이라는 기대도 나온다. 개정안은 기금 운용 기간을 재원 조성일로부터 20년간, 자금 지원 기간은 5년으로 규정했다. 국회 정무위원회 관계자는 “개정안에 기금 규모를 명시하지는 않았지만, 우선 기금채 발행으로 50조원 규모를 마련하고 민간 매칭이 이뤄지면 최대 100조원의 지원이 가능해질 것”이라고 설명했다. ◇ 산은 수권자본금도 증액될 듯여야는 안정적인 산업 지원을 위해 산은의 수권 자본금(법적으로 증자할 수 있는 자본금 한도)을 증액하는 데도 사실상 합의했다. 산은이 적극적인 산업 지원에 나서려면 증자가 필요하다는 인식에서다. 앞서 민주당에서는 김태년(40조원)·박상혁(45조원) 의원이, 국민의힘에서는 권성동(50조원)·윤한홍(60조원) 의원이 산은 수권 자본금을 증액하는 산은법 개정안을 각각 발의했다. 산은의 법정자본금은 2014년 20조원에서 30조원으로 증액한 이후 지금까지 30조원에 머물러 왔다. 산은 자본금이 올해 거의 한도를 채우면서 정책 금융을 지원하는 데 걸림돌이 될 것이라는 우려가 커진 상태다.이에 따라 오는 21일 열리는 정무위 법안1소위에서 산은 자본금 증액 논의가 이뤄질 전망이다. 다만 한도를 놓고는 여야 의견이 엇갈린다. 정무위 소속 국민의힘 관계자는 “시간이 지나면 또다시 한도를 채워 자본금을 상향해야 할 텐데 미리 늘려 놓는 게 낫다”고 한 반면 민주당 관계자는 “국내외 경제 상황을 고려해야 하기 때문에 무한정 늘려줄 수는 없고 면밀히 검토해야 할 것”이라고 했다.산은의 법정 자본금 한도가 늘어나면 산은이 첨단전략산업기금을 운용하는 데도 숨통이 트인다. 산은법 개정안에 따르면 기금 운용 자금 등은 산은이 직접 출자를 통해 지원하도록 했다. 강민국 의원은 “세계 각국이 첨단전략산업 지원에 총력전을 벌이는 상황에서 대한민국에도 첨단전략산업 지원을 위한 종합지원 체계 마련이 시급하다며 ""이번 개정안이 통과돼 첨단전략산업기금이 설치되면 전략 산업에 대한 폭넓은 지원을 통한 경제안보 강화 및 대한민국 100년 먹거리 창출에 큰 도움이 될 것""이라고 강조했다.정소람/강현우 기자 ram@hankyung.com",https://www.hankyung.com/article/2025071878471,2025.07.18 17:42
1만원짜리 티셔츠로 대박 난 '이곳'…온라인에서는 못 산다? [최종석의 차트 밖은 유럽],,"세계 주식 기행 : 영국 최대 식품·패션 유통 기업 AB푸드 [LON: ABF]




미국 필라델피아 쇼핑몰에 등장한 프라이마크의 대형 쇼핑백. 저렴한 옷을 많이 살 수 있다는 것을 어필하기 위한 광고용으로 제작된 것이다. /프라이마크 제공

                지난 3월 미국 대형 패스트패션 소매업체 ‘포에버21’이 2019년 이어 두 번째 파산보호를 신청했습니다. 포에버21은 1980년대 한국에서 캘리포니아로 이주한 한인 교포들이 창업한 브랜드입니다.한때 저렴하고 스타일리시한 의류를 제공하는 브랜드로 젊은 층 사이에서 인기를 끌며 급성장했습니다. 최전성기였던 2016년엔 미국 500여 개 매장, 전 세계 800여 개 매장을 운영했습니다. 하지만 팬데믹 이후 온라인 쇼핑 시장이 급성장과 함께 미국 내 대형 쇼핑몰의 쇠퇴가 가속화되면서 경영 악화로 이어졌습니다.
                    



프라이마크는 항상 초대형 매장을 운영한다. /프라이마크 제공

                온라인 쇼핑에 밀려 쇠퇴한 미국 패션 기업은 포에버21만이 아닙니다. 제이크루, 갭, 브룩스브라더스 등 유명 브랜드들도 파산 위기에 몰렸다가 회생을 위해 안간힘을 쓰고 있습니다.글로벌 패션 업계는 자라, 유니클로처럼 온라인과 오프라인을 효과적으로 병행한 패스트패션 업체와 쉬인처럼 온라인으로 세계를 휩쓰는 플랫폼만 살아남는 듯 보였습니다.하지만 온라인 판매하지 않고 오프라인 매장만 운영하면서 유럽과 미국에서 승승장구하는 브랜드가 있습니다. 아일랜드에서 싹 틔워 영국에서 꽃 피운 패션 브랜드 프라이마크입니다.
                    



프라이마크는 온라인으로 의류를 주문하고 매장에서 가져가는 '클릭 앤드 콜렉트' 서비스를 영국에서 운영하고 있다. /프라이마크

                프라이마크는 올해 3월 기준으로 세계 17개국에서 459개 매장을 운영하고 있습니다. 미국에서는 이달 말 멤피스에 31번째 매장을 열 계획입니다. 코로나 팬데믹 이전인 2019년에는 미국에서 9개 매장을 갖고 있습니다.프라이마크는 초대형 오프라인 매장을 통해서 의류를 박리다매하는 전략을 사용합니다. 티셔츠, 바지를 1만~2만원 대로 판매합니다. 온라인 판매는 포장, 택배, 반품 비용이 많이 들고, 재고 관리가 어렵다며 취급하지 않습니다.영국에서만 온라인으로 주문하고 오프라인 매장에서 픽업하는 클릭 앤드 콜렉트(Click & Collect) 서비스를 제공합니다. 옷을 가지러 왔다가 다른 제품을 추가로 구매할 수 있도록 매장 방문을 유도하기 위한 것입니다.비용이 많이 드는 일반 광고는 하지 않고, 소셜미디어에서 인플루언서 마케팅을 적극적으로 합니다. 영국에서는 프라이마크를 사랑하는 사람을 칭하는 ‘프라이마니아(pri-mania)’라는 단어가 생기기도 했습니다.
                    



영국 슈퍼마켓에서 많이 보이는 AB푸드의 제품들. /AB푸드 제공

                프라이마크의 모회사는 어소시에이티드 브리티시 푸드(Associated British Foods, 이하 AB푸드)라는 영국 종합 식음료 기업입니다. 2025 회계연도 상반기(2024년 9월~2025년 3월 1일) 실적발표에 따르면 전체 매출이 95억900만 파운드 중 의류 소매 부문이 44억7200만 파운드로 절반 가까이 차지했습니다. 푸드라는 회사 이름이 어색한 느낌입니다.하지만 AB푸드는 영국 최대 식품회사이기도 합니다. 의류 소매를 제외한 나머지 매출은 식료품, 음식 재료, 설탕, 농업 등 식품 관련 사업으로 구성되어 있습니다.
                    



트와이닝스는 1706년에 런던에서 시작된 차 브랜드다. /최종석 기자

                AB푸드는 1935년에 설립된 제빵 회사가 모태입니다. 이후 공격적 인수 합병을 통해 다양한 브랜드를 보유하고 있습니다. 라이비타, 앨린슨, 마졸라, 알라디노 등이 잘 알려져 있습니다.아마도 가장 유명한 브랜드는 영국을 대표하는 차 음료 트와이닝스일 것입니다. 트와이닝스는 1706년에 런던에서 첫 티룸을 연 세계에서 가장 오래된 브랜드 중의 하나입니다. 1964년 AB푸드에 인수됐습니다.
                    



영국 런던에 있는 트와이닝스 플래그십 스토어. 300여 년전에 설립된 세계 최초의 차잎과 커피점이라고 회사측은 말한다. /구글지도 캡쳐

                2025 회계연도 상반기의 실적 하락에도 불구하고 AB푸드 주가에 대한 전문가들의 전망은 밝은 편입니다. 상반기 영업이익이 작년 동기 대비 10% 감소한 8억1800만 파운드였습니다. 설탕 부문의 두 자릿수 이익률이 사라졌지만, 소매, 식료품, 음식 재료 부문 모두 이익률이 개선되었습니다. 특히 프라이마크의 미국을 비롯한 글로벌 시장에서의 성장세에 주목합니다.
                    



구글 캡쳐

                런던 증권거래소에 상장된 AB푸드의 주가는 지난 11일 20.54파운드에 마감했습니다. 최근 1년간 17.97% 하락한 수치입니다. 글로벌 투자은행 도이치뱅크는 최근 투자 의견 ‘보유’를 권고하며 목표주가를 22.2파운드로 제시했습니다.최종석 기자",https://www.hankyung.com/article/202507072337i,2025.07.13 07:00
,,,https://magazine.hankyung.com/business/article/202507198240b,
美 '크립토 3법' 통과 기대…가상자산 새 시대 임박,,"영상 모듈 닫기




<앵커> 스테이블코인을 제도권에 편입하는 미국 하원의 '지니어스 액트' 표결이 임박했습니다. 달러 기반 가상자산의 법제화로 인한 디지털금융의 새 시대가 예고되고 있습니다.증권부 정재홍 기자와 자세한 이야기 나눠봅니다. 정 기자, 미국에서 스테이블코인 법안은 초당적 지지를 받고 있었는데, 통과 소식은 아직이네요. 이유가 뭡니까?<기자> 가상자산 3대 법안이 미국 하원에서 아직 본회의 표결에 이르지 못 하고 있습니다. 가상자산 3대 법안은 스테이블코인을 제도권에 편입하는 '지니어스 액트', 당국의 규제 관할권을 규정하는 '클래리티 법안', 중앙은행 디지털화폐 발행을 금지하는 'CBDC(중앙은행 디지털화폐) 금지 법안' 이렇게 3가지입니다.공화당 내 강경파들이 클레리티 법안과 CBDC 금지 법안을 묶어 패키지로 처리하자고 요구하고 있습니다. 또 지니어스 액트 또는 다른 법안에 CBDC 금지 조항을 포함시켜야 한다며 당 지도부와 이견을 보이고 있습니다.이미 지난달 상원을 통과한 지니어스 액트는 이번에 하원 통과 이후 대통령 서명만 받으면 입법 절차가 마무리됩니다. 반면에 나머지 두 법안은 하원을 통과해도 상원 문턱을 넘어야 햡니다. 그런데 법안이 수정되면 민주당의 적극적인 반대에 직면할 수 있습니다.<앵커> 트럼프 대통령이 직접 강경파 설득에 나서면서 법안 통과 가능성은 여전한 거 같은데요. CBDC를 더 강력하게 규제하자는 게 쟁점이군요.<기자> 네. 강경파들은 CBDC 발행을 원천봉쇄 해야 한다며 더 강력한 규제를 요구하고 있습니다. 가상자산 정책에서 공화당과 민주당의 가장 큰 차이가 CBDC를 대하는 태도에서 나타납니다.전임 민주당 바이든 행정부는 애초에 가상자산 사업을 친화적으로 바라보지 않았습니다. 디지털금융 혁신 추세를 쫓아야 한다면, 민간기업들이 발행하는 달러 기반 스테이블코인 보다는 중앙은행의 디지털화폐가 더 안정적이라고 봤습니다.반면 트럼프 행정부는 CBDC를 정부의 감시 도구, 개인의 자유를 위협하는 수단으로 바라봅니다. 무엇보다 CBDC가 미국의 최대 수출품인 '달러'의 지위를 격하시킬 것이라고까지 봤습니다.<앵커> 미 연준이 디지털화폐를 발행하는 게 오히려 달러 패권을 약화시킨다는 건가요?<기자> 네. 중국 때문인데요. 전 세계에서 CBDC 연구에 가장 앞서 있다고 평가 받는 나라가 중국입니다. 중국은 2014년부터 CBDC 연구에 집중해 2020년부터 시범 지역에 디지털위안화 실험을 시작했습니다.현재 홍콩까지 그 범위를 확대한 상태인데요. 지난해 기준, 디지털위안화 개인 지갑만 1억 8천만 개가 개설됐고, 누적 거래액만 1조 달러를 돌파했습니다.미국이 CBDC 대열에 합류하게 되면 전세계 중앙은행들의 디지털법정화폐 표준 경쟁이 펼쳐집니다. 각국이 자국에 유리한 표준을 제시할 게 자명한데, 이런 논의가 나온다는 자체가 미국의 전 세계 금융통제력은 약화시킨다는 논리입니다.반면 스테이블코인을 확산시키면 디지털금융 혁신도 주도하면서 달러 패권은 그대로 유지할 수 있게 됩니다. 스테이블코인 90% 이상이 달러 기반 자산에 연동돼 있기 때문인데요. 대부분 미국채와 연동되는 달러 스테이블코인 특성상 발행량이 늘어날 수록 미국채 수요도 창출할 수 있어 전략자산으로도 삼을 수 있습니다. 어떤 모델이 적합하냐는 논쟁은 이어지겠지만 미국의 선택이 전세계 표준에 결정적인 영향을 줄 전망입니다.<앵커> 한국의 가상자산 제도권화 논의에도 영향이 클 것으로 보입니다.<기자> 이미 여당 주도로 민간 스테이블코인 발행을 허용하는 '디지털자산 기본법'이 발의된 상태죠. 이에 한국은행도 원화 스테이블코인 민간발행 금지 기조에서 은행 주도로 발행해야 한다는 주장으로 한 발 물러난 상태입니다.원화 스테이블코인을 포함한 가상자산 법안들은 올해 하반기 국회에서 여야를 막론하고 추가적으로 쏟아질 전망입니다. 한국은행의 역할과 책임 범위도 당연히 쟁점이 될 것으로 보입니다.한 가지 확실한 건 정부여당이 민간 스테이블코인 발행 허용 기조를 갖고 있다는 건데요. 따라서 은행 주도의 유럽연합(EU)이나 일본 모델 보다는 민간 발행 중심의 미국의 자본시장 모델을 상당부분 참고할 것으로 관측됩니다.학계와 업계에서는 가상자산 제도화 자체가 기존에 없던 규제틀이라는 점에서 민간 스테이블코인 발행 규제 실증사업부터 시작해야 한다는 주장도 제기합니다.<앵커> 네. 잘 들었습니다.정재홍기자 jhjeong@wowtv.co.kr",https://www.hankyung.com/article/2025071754785,2025.07.17 17:35
[마켓칼럼] 벤처생태계 살릴 과학기술혁신펀드의 성공,,"※한경 마켓PRO 텔레그램을 구독하시면 프리미엄 투자 콘텐츠를 보다 편리하게 볼 수 있습니다. 텔레그램에서 ‘마켓PRO’를 검색하면 가입할 수 있습니다. 










                       조성호 신한자산운용 특별자산운용실장[과학기술혁신펀드의 성공을 기원하며][정책형 민간펀드의 밑그림]2024년 과학기술정보통신부에서는 급변하는 글로벌 기술패권경쟁시대를 맞이하여 대한민국 과학기술에 대한 집중 지원안에 대해 다각도로 고민을 하고 있었다. 특히나 직접 지원할 수 있는 재정예산이 한정된 가운데 재원의 원천을 민간에서 찾을 수 있는 방안과 향후 사업진행의 주체를 민간시장에서 가져갈 수 있는 안들이 있을지가 주요 관건이었다.당시 해당 부처에선 범부처 연구비관리스스템(이하 통합 Ezbaro) 전담은행 선정 프로세스를 진행하기 위해 준비중에 있었는데 통상 관에서 공적 사업을 민간에 위임시에 민간에서 제공할 수 있는 기본적인 서비스 외에 공적 영역에 공헌할 수 있는 협업 사항들을 주요 심사항목으로 간주한다.이번 사업 선정에 있어선 과학기술혁신펀드에 대한 적간접적인 지원안이 주요 협업사항으로 설계되었고 이를 통해 대한민국 첨단기술에 대한 투자재원을 중장기 기조하에 협의하게 되었다.주요 내용은 전담으로 선정된 3개 은행(신한, IBK, 우리)은 4개년간 총 4,940억(신한 2,500억, IBK 1,800억, 우리 640억)을 펀드 출자와 조성 및 운용 등 관련 지원 프로그램에 지원하기로 하는 안이다.[주요 추진경과]작년 말 본 모펀드를 운용할 운용사에 당사가 선정된 이후 가장 먼저 착수했던 과업은 펀드에 대한 정교한 설계작업이었다. 주요 안건은 주목적분야 및 주목적 투자 비율, 분야별 펀드 재원의 배분, 앵커펀드의 출자 비율, 기타 특이 사항들이었다.주목적 분야의 경우 정책적 방향성을 적절하게 반영하되 민간 수요와의 균형을 맞추는 것이 중요 사항이었다. 주목적 분야의 밑그림이 되었던 “12대 국가전략기술”을 바탕으로 가장 시급하게 투자가 집중되어야 할 분야에 대한 선정 작업이었다. 정부와 민간의 수요 그리고 출자 은행들의 경영철학과 운용철학과 부합여부 마지막으로는 시장동향을 적절하게 반영하는 순서로 진행하였다.결과적으로 선도, 추격/경쟁, 미래도전이라는 3개 영역으로 구분하고 선도에는 반도체/디스플레이, 추격/경쟁에는 인공지는, 첨단모빌리티, 첨단바이오, 미래도전에는 양자가 주목적투자 분야로 선정되었다. 각 분야별로 1개사를 선정하기로 하였으며 출자 비율을 50% 수준으로 책정하여 선정된 하우스들의 펀드레이징 부담을 최소화하는 안으로 결정하게 되었다. 그리고 타 출자사업에서 선정된 곳들의 매칭출자를 허용함으로써 기검증된 기관들이 본 사업에도 지원하여 타사업들과의 연계성을 강화함과 동시에 출자사업에 대한 시장성과 관심도를 최대한 끌어올리는 방향으로 최종 설계되었다.[지원 및 선정결과]총 39개사가 지원하여 평균 5.6:1의 경쟁률을 기록하게 되었다. 타 출자사업대비 소위 “흥행”을 할 수 있었던 요인은 몇가지로 정리된다. 첫째, 주목적 투자의 기반을 ‘12대 국가전략기술’로 잡아 타 정책출자사업과의 공통분모를 만들고 해당 주목적 분야에 대한 투자 비중을 낮춘 점이다. 통상적으로 60%내외의 주목적투자비율을 40%수준으로 낮춰 GP들의 자율성 폭을 넓혀주었다. 둘째로는 타 정책출자사업 기금과의 중복 출자를 허용하였다.통상 국가재정의 효율적 배분 원칙에 따라 정책출자기관간의 상호 중복 출자는 불가한 것이 원칙이다. 하지만 본 건은 정책형 민간펀드로써 재원출처가 100% 민간인 자금으로 타 정책출자기금과의 공동출자를 허용하였다. 이를 통해 본 펀드 자체사업의 승수효과 확대 뿐 아니라 타 펀드들과의 매칭을 통한 결성 가능성을 제고하는 효과를 기대하고 있다. 마지막으로는 기본적인 인센티브 제도 예를들어 관리보수 추가지급 및 기준수익율 하향 등의 방안을 포함시켜 많은 GP들이 참여할 수 있는 분위기를 조성하였다.최종 각 분야별로 총 7곳의 GP 선정이 완료되었다. 대부분 선행되었던 출자사업에서 선정되어 여러기관에서 받은 LOC를 제출한 곳들이었으며 이미 시장에서 좋은 평판과 투자이력으로 인정받고 있는 곳들로 shortlist 발표시 경합이 예상되던 곳들이었다. 과학기술혁신펀드 1기 선정사들의 성공적인 펀드 결성과 투자를 응원해본다.[새로운 정부의 성장 기반 구축]이재명 정부는 성장기반구축을 위한 여러 공약 중 벤처투자시장 육성을 통해 글로벌 4대 벤처강국을 만들겠다고 선언한 바 있다. 모태펀드 예산 확대, 퇴직연금 벤처투자 허용, 연기금 및 연기금투자풀의 벤처투자 출자 확대 유도 방안 마련, 기업성장집합투자기구(BDC) 도입, 세액공제 확대 등 다양한 각도에서 벤처투자 확대를 유도하기 위한 장치과 제도가 마련될 것으로 예상된다.대통령께서 첫번째 국정연설을 통해 말씀하셨던 것과 같이 “경제는 타이밍”이다. “타이밍”을 살릴 수 있는 건 민과 관의 협업 정도와 실제 일을 담당할 주요 플레이어들의 민첩성일 것 이다. 그 어떤 경제 주체보다도 대한민국 벤처생태계가 빠르게 변화하는 산업 양태와 수요층의 마음을 읽어낼 수 있는 기본 축이 될 수 있을 것이다.대한민국 벤처생태계에 대한 지원과 관심을 통해 대한민국 경제의 새로운 도약을 기대해 본다.",https://www.hankyung.com/article/202507084485i,2025.07.08 10:58
벤처기업·비상장 주식도 ETF처럼 쉽게 거래한다,"정무위 'BDC 도입' 법안 통과

거래소 상장돼 개인도 투자 가능
첨단산업기금 조성 산은법도 처리","코스피지수가 영업일 기준 나흘 만에 3200선을 회복한 21일 서울 여의도 한국거래소 전광판에 종가가 표시돼 있다. /임형택 기자

                개인투자자가 일반 거래소를 통해 벤처·비상장기업을 자유롭게 매매할 수 있는 길이 법적으로 열릴 전망이다. 혁신기업 투자를 위한 기업성장집합투자기구(BDC)를 도입하는 법안이 여야 합의로 국회 정무위원회 소위원회를 통과한 데 따른 것이다. 정책금융에만 의존하던 벤처기업이 투자 자금을 민간에서 대거 끌어올 수 있게 돼 국내 벤처업계가 활성화할 것이라는 기대가 나온다. 국회 정무위원회는 21일 법안심사 제1소위원회를 열고 이 같은 내용을 골자로 하는 자본시장법 개정안을 통과시켰다. 김승원 더불어민주당·이헌승 국민의힘 의원 등이 발의한 해당 법안에는 투자신탁·투자회사 형태로 BDC를 설립하면 자산 총액 중 50% 이상을 벤처·혁신기업에 투자하도록 하는 방안이 담겼다. 통상 비상장으로 운영하는 사모·공모펀드와 달리 BDC는 90일 이내 거래소에 상장해야 한다. 개인투자자는 상장 주식이나 상장지수펀드(ETF)를 사듯 해당 BDC의 펀드를 매수해 벤처기업에 투자할 수 있다.공모펀드의 최소 모집가액은 500억원으로 하되 최소 5년 이상 운용해야 한다. 일반 투자자 보호를 위한 장치도 뒀다. 분산 투자를 권장하기 위해 동일 기업 투자 한도는 자산 총액의 10%로 묶고, 분기당 1회 이상 집합투자 재산 평가도 거치도록 했다.이날 소위에서는 산업은행이 최대 100조원 규모의 ‘첨단전략산업기금’을 조성해 반도체, 2차전지 등 국가 전략산업을 집중 지원하도록 하는 산은법 개정안도 통과됐다. 산은의 수권 자본금(법적으로 증자할 수 있는 자본금 한도)을 기존 30조원에서 45조원으로 올리는 법안도 문턱을 넘었다. 벤처펀드 상장…개인도 초기 스타트업 투자운용사·VC 등 BDC 펀드 조성…주식처럼 손쉽게 거래 가능기업성장집합투자기구(BDC) 제도 시행이 초읽기에 들어가면서 개인들이 초기 벤처기업에 자유롭게 투자할 수 있게 됐다. 설정 기간 자금 회수가 불가능한 일반적인 폐쇄형 펀드와 달리 한국거래소에 상장돼 주식처럼 사고팔 수 있는 ‘상장형 벤처펀드’를 통해서다. 지금까지 스타트업이나 비상장 벤처기업 투자는 주로 기관의 영역이었다. ◇“주식처럼 벤처펀드 매매 가능”BDC는 벤처기업의 성장을 지원하고 모험자본을 공급하기 위한 상품이다. 자산 총액의 40% 이상을 벤처 및 혁신기업에 투자할 수 있다. 금융회사 차입을 통해 비상장기업에 대한 금전 대출도 집행할 수 있다. 다만 전체 자산의 10% 이상을 국채나 한국은행 통화안정증권 등 안전자산에 넣어야 한다. 일종의 투자자 보호 장치다.설정 후에는 상장지수펀드(ETF)처럼 거래소에 상장돼 일반 주식처럼 매매할 수 있다. 투자자 입장에선 위험성이 큰 비상장 기업에 직접 투자하는 대신 전문 운용 주체를 통한 간접투자 기회를 가질 수 있다. 투자 대상은 비상장 기업인데, 코넥스시장에 상장된 중소 벤처기업도 편입할 수 있다.BDC를 취급하는 곳은 일정 규모 이상의 자기자본과 운용 인력을 보유하고, 이해상충 방지 체계를 갖춘 자산운용사와 증권사, 벤처캐피털 등이 될 전망이다. 금융당국 인가를 받아야 하지만 운용사 등에 새로운 사업 기회를 마련해 줄 수 있다.그동안 개인들이 비상장 주식에 투자하려면 ‘증권플러스 비상장’과 ‘서울거래소 비상장’ 등 전문 플랫폼을 이용해야 했다. 비공식 경로를 통한 투자 위험도 적지 않았다.미국은 허큘리스 아레스캐피털 메인스트리트캐피털 등 50여 개의 BDC를 상장한 상태다. 이들은 중소·중견기업뿐만 아니라 기술 스타트업 등에 자금을 공급하고 있다. 이들 BDC가 높은 배당 수익을 제공하면서 개인투자자의 안정적인 수익원으로도 자리 잡고 있다. ◇펀드 설정 후 90일 내 상장해야BDC 관련 법안은 무난히 국회를 통과할 가능성이 높다는 게 정치권의 판단이다. 이재명 대통령의 1호 공약 중 하나였기 때문이다. 이 대통령은 후보 시절 “BDC를 통해 민간 자금을 벤처기업에 공급하고, 비상장 혁신기업 투자 기회를 다변화하겠다”고 강조했다.금융당국도 적극적이다. 금융위원회는 2022년부터 BDC 도입을 추진해 왔다. BDC 관련 법안은 벤처펀드의 설정 후 90일 이내 상장을 의무화하고 있다. 모든 펀드의 존속 기간은 5년 이상이다. 공포 6개월 뒤부터 시행된다.금융투자 및 벤처캐피털업계는 BDC 도입을 반기고 있다. 서유석 금융투자협회장은 지난 17일 하계 기자간담회 자리에서 “BDC 법제화가 꼭 필요하다”고 강조했다. 그는 “BDC가 도입되면 스케일업(시장 확장)과 글로벌화를 추구하는 중소 혁신기업에 꼭 필요한 성장자금을 민간 부문에서 효과적으로 공급할 수 있다”며 “기업금융 생태계를 강화하는 선순환 구조로 발전시킬 수 있을 것”이라고 말했다.BDC는 벤처 혹한기의 대안으로 자리 잡을 전망이다. 한국벤처캐피탈협회에 따르면 올해 1~5월 전체 신규 벤처투자 금액은 총 2조1805억원으로, 지난해 같은 기간과 비교해 6% 감소했다. 약 1300억원의 투자금이 감소했다. 벤처캐피털들은 초기 스타트업에 대한 투자를 더 줄이고 있다. 지난 5월 기준 초기 스타트업들이 유치한 누적 투자 규모는 3517억원으로, 작년 동기(5324억원) 대비 34% 쪼그라들었다.▶기업성장집합투자기구(BDC)벤처·혁신기업에 직접 투자하거나 금융기관 차입을 통해 대출을 집행하는 공모펀드. 자산운용사와 증권사, 벤처캐피털 등이 설정할 수 있다. 펀드 자체를 환매할 순 없지만 투자자들은 상장지수펀드(ETF)처럼 증시에서 사고팔 수 있다.정소람/박주연/전범진 기자 ram@hankyung.com",https://www.hankyung.com/article/2025072127261,2025.07.21 18:06
"운용사 대표 10인의 '톱픽'…""고배당·코스피·AI 펀드 모으세요""","Cover Story 
하반기 유망 펀드 살펴보니

정부 정책으로 주주환원 늘면
국내 고배당주 수급 유입 기대
방산·국내 수출주 펀드도 유망

하반기 한국증시 상승 전망에
코스피200 지수 추천 몰려

글로벌 반도체·전력 인프라 등
美 AI주 펀드 성장 지속 전망
中 기술주 펀드도 투자할 만","하반기에는 어떤 펀드가 유망할까. 한국경제신문이 국내 주요 자산운용사 대표 10명에게 물었더니 ‘국내 주식과 국내 고배당주, 미국 기술주’라는 답이 돌아왔다. 정부의 강력한 자본시장 선진화 정책으로 상장사의 주주환원이 늘어나면 국내 주식, 그중에서도 배당주가 더욱 주목받을 것이라는 전망이다. 글로벌 인공지능(AI) 시장을 이끌어가는 미국 기술주 성장세가 이어질 것이라는 분석도 많았다.
                    






이미지 크게보기


그래픽=김하경 기자

 “하반기 고배당주 더 달린다”자산운용사 대표들은 하반기 국내 고배당주 성과가 돋보일 것으로 내다봤다. 한국경제신문이 국내 주요 자산운용사 대표 10명을 대상으로 하반기에 수익률이 좋을 것으로 전망되는 자사 펀드와 타사 펀드를 한 개씩 꼽아달라고 요청한 결과다. ‘신영 고배당’은 타사 추천 펀드 목록에 유일하게 두 번 이름을 올렸다. 2007년 운용을 시작한 국내 대표 배당주 펀드다. 최근 배당주가 주목받으면서 올 들어 32.2%에 달하는 수익률을 기록했다. 김우석 삼성자산운용 대표는 “배당소득 분리과세 개정안이 통과되면 고배당주로 수급이 유입될 것”이라고 전망했다.자사 펀드 가운데 고배당 상장지수펀드(ETF)를 꼽은 곳도 세 곳이나 됐다. KB자산운용은 ‘RISE 코리아금융고배당’, 한화자산운용은 ‘PLUS 고배당주’, 키움자산운용은 ‘KIWOOM 고배당’ ETF를 추천했다. 김영성 KB자산운용 사장은 “은행 등은 최근 효율적인 자본 재배치를 통해 자기자본이익률(ROE)을 비롯한 기업 가치가 개선될 것”이라며 “꾸준히 배당을 이어갈 수 있는 체력까지 갖췄다는 점에서 안정적인 성과를 기대한다”고 설명했다. “국내 증시 상승세 이어질 것”국내 증시 상승세를 염두에 둔 펀드 추천도 눈에 띄었다. 코스피200 지수에 투자하는 ETF인 ‘KODEX 200’은 자사와 타사 추천 목록에 한 번씩 이름을 올렸다. 김종호 한화자산운용 사장은 “국내 주식시장이 가파르게 상승하면서 고수익 테마형 상품의 변동성이 커질 수 있다”며 “시장 전체를 매수하면 업종별 편중 없이 안정적인 수익을 기대할 수 있다”고 분석했다.‘VIP 한국형가치투자’도 자사와 타사 추천 펀드에 모두 이름을 올렸다. 이 펀드를 운용하는 VIP자산운용의 김민국 대표는 “국내 증시가 상승세를 이어가는 와중에도 저평가된 종목에 집중 투자하는 가치투자 펀드”라며 “오랜 기간 국내 주식에만 투자하면서 쌓인 노하우를 운용보고서 등을 통해 투명하게 공개하고 있다”고 말했다.그동안 시장 상승세를 이끈 주도 업종의 강세가 이어질 것이라는 전망도 있었다. ‘SOL KEDI메가테크액티브’는 시장 상황에 맞춰 미래 산업을 이끌 테마에 투자하는 ETF다. 조재민 신한자산운용 사장은 “최근 1년 동안 코스피200지수보다 네 배 높은 성과를 낸 ETF”라며 “국내 증권사 설문조사 데이터를 기반으로 테마와 종목을 선정하는 만큼 빠르게 변하는 투자 환경에 능동적으로 대응할 수 있는 상품”이라고 추천 이유를 밝혔다. 국내 방산주에 투자하는 ‘PLUS K방산’, 국내 수출 주도 기업에 투자하는 ‘하나 K-ing’ 펀드도 추천 목록에 이름을 올렸다. AI 산업의 중심, 美 기술주자산운용사 대표들은 미국 기술주의 장기 성장성은 앞으로도 이어질 것이라고 입을 모았다. AI는 단기에 끝날 테마가 아니라 산업의 구조적 변화를 이끌 기술이라는 논리다. 미국 기술주 펀드 가운데선 AI 주도주 10개에 투자하는 ‘KODEX 미국AI테크TOP10’, 펀드매니저가 종목을 발굴하는 ‘TIMEFOLIO 글로벌AI인공지능액티브’와 ‘TIMEFOLIO 미국나스닥100액티브’를 추천했다. 김기현 키움투자자산운용 사장은 액티브 ETF를 추천한 이유로 “나스닥지수를 기반으로 주요 AI 기업을 시의적절하게 편입하는 상품”이라며 “시장 상황에 맞춰 빠르게 대응하면서 초과수익을 내고 있다”고 했다.AI 산업 성장에 필수적인 반도체와 전력 인프라에 주목해야 한다는 조언도 나왔다. ‘ACE 글로벌반도체Top4 Plus SOLACTIVE’를 추천한 배재규 한국투자신탁운용 사장은 “반도체산업을 파운드리, 장비 등 4개 업종으로 분류해 고루 투자하는 ETF”라며 “AI와 반도체 업종 성장은 함께 이어질 수밖에 없는 환경”이라고 진단했다. ‘KODEX 미국AI전력핵심인프라’를 추천한 김태우 하나자산운용 사장은 “미국 정부가 ‘스타게이트 프로젝트’ 등 AI 인프라 확충을 강조하고 있는 만큼 전력 관련 기업 수혜가 이어질 것”이라고 내다봤다.반면 AI산업에서 중국 기업이 부상할 것이라는 전망도 있었다. 황성환 타임폴리오자산운용 사장은 ‘TIGER 차이나항셍테크’를 추천하면서 “중국 AI 기업 딥시크의 등장을 기점으로 중국 기술주에 유리한 환경이 조성되고 있다”며 “미국과의 관세 협상이 원만하게 해결되면 중국 증시가 활력을 얻을 것”이라고 강조했다.긴 호흡에서 꾸준히 성과를 낼 수 있는 펀드도 주목할 만하다. ‘TIGER 토탈월드스탁액티브’를 추천한 이준용 미래에셋자산운용 부회장은 “단일 국가가 아닌 세계 경제의 구조적 성장에 투자할 수 있는 상품”이라며 “장기 성과가 중요한 연금 투자에서 핵심 상품으로 활용할 수 있는 ETF”라고 설명했다. 타임폴리오운용의 대표 펀드인 ‘타임폴리오 위드타임’은 2019년 출시 이후 연간 기준 한 번도 손실 없이 연평균 13.3% 수익을 내 추천 펀드 목록에 이름을 올렸다.나수지/맹진규 기자 suji@hankyung.com",https://www.hankyung.com/article/2025071351781,2025.07.13 17:54
"현대차, 새 모델에 폐차 재활용 부품 넣는다","상반기 지속가능보고서 분석

삼성, 재생에너지 1만GWh 사용 
SK하이닉스는 2030년까지 
에너지 효율 60% 높이기로

KB금융, 선제적 기후위기관리
KT·SKC, 보고서에 AI 도입","Getty  Images  Bank

                삼성전자의 재생에너지 사용량이 지난해 처음 1만기가와트시(GWh)를 넘었다. 현대자동차는 폐차에 있는 소재 부품 등을 재활용해 신차에 넣고 있다. SK하이닉스는 2030년까지 에너지 효율을 작년보다 60% 높이겠다고 약속했다. 금융권은 기후 리스크 관리에 열을 올리고 있다. 최근 기업들이 공개한 지속가능보고서에 담긴 내용들이다.
                    






이미지 크게보기



 ◇4대 기업 화두는 ‘재생에너지·자원 순환’13일 산업계에 따르면 이달 들어서만 70여 개 기업이 ESG 실천 성과를 담은 보고서를 공개했다. 업계에선 올해 보고서 발행 건수가 지난해 204건을 넘어 사상 최대에 이를 것으로 내다보고 있다.삼성전자는 ‘2025 지속가능성경영보고서’에서 재생에너지 사용량이 지난해 처음 1만GWh를 넘어섰다고 공개했다. 한국 전체 가구가 두 달 가까이 쓰는 전력량이다. 이 회사의 지난해 재생에너지 사용량은 1만69GWh로 전년(9289GWh)보다 8.4% 늘었다.현대차는 폐차의 재활용 소재를 신차에 적용하는 ‘카 투 카(Car to Car) 프로젝트’를 소개했다. 지난해 10월 국내 최대 규모인 444메가와트(㎿) 재생에너지 공급계약(PPA)을 체결한 사례도 적시했다. 이 계약으로 현대차는 20년간 국내 사업장에서만 연간 610GWh 재생에너지를 공급받는다.SK하이닉스는 지난해 대비 에너지 효율을 내년 30%, 2030년까지 60% 개선하기로 약속하면서 저전력 D램을 ‘지속가능 제품’으로 지정했다. 저전력 D램은 PC와 서버용 D램보다 전력 소모를 획기적으로 줄인 메모리반도체다.LG전자는 지난해 국내외 사업장 폐기물 재활용률이 97.4%로 2030년 목표치(95%)를 초과 달성했다고 밝혔다. 이 회사는 지난해 56개국에서 총 53만2630t의 폐전자 제품을 회수했다. 7대 주요 제품의 사용 단계 탄소 배출량도 2020년보다 19.4% 줄였다. ◇금융계는 ‘기후 리스크’ 강조금융권은 기후 리스크를 핵심 화두로 지목했다. 기후 리스크가 실적 및 재무 구조 관리와 밀접한 연관이 있다는 판단에서다. 한국은행은 지난 3월 국내 금융사들이 기후변화 위험에 대응하지 않으면 손실 규모가 46조원에 이를 것으로 분석했다.KB금융은 산출 대상 자산군을 해외 국채까지 확대한 ‘금융 배출량’과 기후 위기 시나리오 분석을 바탕으로 수립한 ‘기후 회복력 중장기 대응 전략’ 등을 담은 기후 위기 관리 방안을 공개했다. JB금융은 ESG 내재화의 4대 핵심 전략 중 ‘기후변화 대응’을 처음 꼽았다. 우리금융은 과학 기반 탄소 감축 목표 이니셔티브(SBTi)에서 인증받은 탄소 감축 목표 수치를 공개했다. 화재·폭우 등 기후변화에 따른 재난이 대형 손실로 이어질 가능성이 있는 보험사들은 지속가능경영보고서에 온실가스 배출량 등을 상세하게 공개하는 등 기후 리스크에 민감하게 대응하고 있다.인공지능(AI)을 지송가능보고서 작성에 활용하는 기업도 늘고 있다. KT는 20년간 지속가능보고서를 학습한 지능형 AI ‘ESG AI 에이전트’로 ESG 정보를 실시간 알려준다. SKC도 AI를 사용해 지속가능보고서를 작성하고 있다. 롯데정밀화학은 보고서의 QR코드를 스캔하면 미얀마 지진 재해 복구 기부 홈페이지로 연결시켜 눈길을 끌었다.안시욱/양길성/장현주 기자 siook95@hankyung.com",https://www.hankyung.com/article/2025071351071,2025.07.13 17:11
고객과 적극 소통·신뢰 구축…브랜드 가치 더욱 빛났다,"2025 대한민국 소비자신뢰 대표브랜드 대상

한국브랜드경영협회, 소비자 신뢰받는 대표 브랜드 30개 선정","제19회 ‘2025 대한민국 소비자신뢰 대표브랜드 대상’이 25일 발표됐다.(사)한국브랜드경영협회(김주환 회장·사진)가 주최하는 ‘대한민국 소비자신뢰 대표브랜드 대상’은 제품의 지속적인 발전과 서비스를 바탕으로 소비자에게 진정으로 신뢰받는 부문별 대표 브랜드를 선정한다. 이 상은 국내 시장에 건강한 브랜드를 보급하기 위해 제정됐다. 소비자에게 합리적인 소비활동을 위한 정보를 제공한다. 기업은 브랜드 가치를 올리고, 매출 증가 효과를 낼 수 있다.





                올해 19회째인 ‘2025 대한민국 소비자신뢰 대표브랜드 대상’에서는 고객의 사랑을 받은 최고의 브랜드와 브랜드 가치 경영에 성공한 기업의 브랜드 및 기관을 선정했다. 올해는 모두 30개 브랜드가 부문별 대상을 받았다. 소비자와 적극적으로 소통해 새롭게 수상한 12개 브랜드가 신규 수상자 명단에 이름을 올렸다.10년 이상 지속해서 상을 받은 8개 브랜드는 ‘명예의 전당’에 헌정됐다. ‘KB국민은행’은 19년 연속, ‘횡성한우’와 ‘안경박사’는 각각 18년, 17년 연속 수상하며 꾸준한 신뢰를 이어오고 있다. 숙취음료 부문에서 ‘여명808’은 16년 연속 대상을 받았다. 지역특산물/쌀 부문에서 ‘청풍명월 골드 쌀’은 13년 연속 수상의 영광을 안았다.
                    






이미지 크게보기



                외식프랜차이즈 부문에 ‘담소소사골순대·육개장’, 해양관광도시 부문에 ‘섬섬여수’, 지역특산물·매실 부문에 ‘빛그린 광양매실’은 11년 연속 수상하며 작년에 이어 명예의 전당 자리를 지키고 있다. 8년 연속 대상을 차지한 브랜드는 ‘약손명가 에스테틱’과 ‘키라니아’ 2개 브랜드다.시상식은 오는 25일 서울 중구 소공로 더플라자호텔에서 열린다.김주완 기자 kjwan@hankyung.com",https://www.hankyung.com/article/2025072486361,2025.07.24 16:28
"IMF, 7월 세계 경제전망 수정 임박…‘무역 긴장 여전’ 경고",,"국제통화기금(IMF)은 오는 7월 말 세계경제전망 업데이트를 예고하며, 최근 글로벌 금융 여건 개선과 인플레이션 둔화에도 무역 긴장이 여전히 경제 불안을 가중시키고 있다고 경고했다.IMF 대변인 지타 고피나스 부총재는 남아공에서 열린 G20 재무장관 회의에서 “글로벌 성장 전망치를 7월 말 수정할 예정이지만, 여전히 하방 리스크가 지배적이며 불확실성은 매우 높다”고 언급했다. 앞서 4월 전망에서는 2025년 세계 성장률을 2.8%로 하향 조정했으며, 이는 美 고관세와 각국의 무역 분쟁 영향 때문이었다.특히 무역 갈등에 대한 우려는 미국, 중국, 유럽 등 다수 국가에 걸친 문제로, 고피나스 부총재는 “무역 긴장을 해소하고, 재정정책의 지속가능성을 확보하며 중앙은행의 독립성을 지켜야 한다”고 강조했다. 또한 개발도상국에 대한 자본 흐름은 둔하지만 견조한 수준을 유지하는 가운데, 부채 구조조정 확대 필요성도 재차 언급됐다.이 같은 전망은 IMF 뿐 아니라 OECD와 세계은행, UNCTAD 등 주요 기구들의 예측과도 맥을 같이 한다. 세계은행은 최근 2025년 성장률을 2.3%로 낮췄고, OECD도 2.9% 전망으로 하향 조정했다. 모두 무역장벽 확대, 정책 불확실성 상승, 금융긴축 부담 등을 그 원인으로 지목하고 있다.글로벌 경제의 맥박을 짚는 이번 IMF 경고는 한국 주식시장에도 중요한 시사점을 던진다. 수출 중심 기업은 물론, 무역 환경과 자본 흐름 변화에 민감한 금융·소비 업종도 추세 변화에 대비해야 한다. 다만, 무역 긴장 완화나 국제 공조 강화 등 정책적 변화가 나타날 경우, 글로벌 성장 회복의 발판이 될 수 있다는 점에서 향후 추이 관찰이 중요하다.한화, 신한지주, 현대로템, 포스코퓨처엠, 에이피알무료상담",https://www.hankyung.com/article/202507248378a,2025.07.24 09:23
"""400만원 핸드백 팔지 말아라""…몰락 위기 '버버리'의 반전 [안혜원의 명품의세계]","[안혜원의 명품의세계] 92회

명품 시장 어렵다더니…버버리 회복 조짐
조슈아 슐만 '버버리 포워드' 전략 통했나","버버리 대표 제품인 트렌치코트. 사진=한경DB

                영국 명품 브랜드 버버리가 회복 조짐을 보이고 있다. 런던 주식시장의 대표 지수 FTSE 100에서 퇴출될 정도로 주가가 빠지고 실적이 타격을 입었지만, 1년 만에 주요 지표들이 대부분 회복했다. 새 최고경영자(CEO)인 조슈아 슐만 체제 하에 드라이브를 거는 ‘버버리 포워드’ 전략이 들어맞았다는 평가다.1년 만에 주가 86% 급등런던증권시장에서 버버리그룹은 지난 23일(현지시간) 기준 1343.5펜스에 거래를 마쳤다. 주가는 최근 1년 사이에 약 86.7% 급등했다. 실적 감소세도 멈췄다. 버버리는 지난달 28일 마감한 올해 회계연도 1분기(4~6월) 동안 4억3300만파운드(약 5810억원)의 매출을 올렸다. 전년 동기 대비 1% 감소했지만, 3% 감소를 예상했던 시장 전망치보다 양호하다. 비슷한 소비자층을 두고 경쟁하는 구찌, 생로랑 등 경쟁 업체들의 실적이 큰 폭으로 줄었다는 점을 감안하면 상당히 선방한 수치다. 구찌·생로랑 등을 보유한 케링의 올해 1분기 매출은 전년 동기 대비 14% 감소했다. 구찌와 생로랑 매출은 각각 24%, 8% 줄었다. TD카우언은 올해 구찌의 매출 전망을 15% 하향 조정하며 연간 기준으로 전년 동기 대비 20% 감소할 것으로 봤다. 
                    



사진=한경DB

                분석가들은 버버리에 대해 낙관적 전망을 내놓고 있다. 글로벌 투자은행(IB) HSBH는 버버리가 경쟁사로부터 시장 점유율을 빼앗을 기회가 있다고 분석했다. 슐만의 회생 프로젝트가 효과를 발휘하고 있다는 판단에서다. 슐만은 과거 미국 패션 브랜드 코치(COACH)와 마이클 코어스 등을 맡아 경영하면서 비용 절감, 가격 재정비 등 브랜드 리포지션 전략으로 경쟁력 잃은 브랜드를 부활시키는 데 탁월한 능력을 보였다.  전통으로 회귀…트렌치코트에 집중버버리에 합류한 슐만이 집중한 건 특유의 영국적 이미지를 되살리는 작업이었다. 이를 위해 가방·신발·레디투웨(RTW·기성복) 같은 비핵심 카테고리는 재정비에 들어가는 등 제품군을 줄여나가는 추세다. 대신 브랜드의 정체성을 대표하는 특유의 체크무늬 머플러나 트렌치 코트 등을 전면에 내세우는 등 시그니처 상품 판매에 집중하고 있다. 체크무늬가 들어간 폴로 셔츠나 여성용 원피스도 실적을 견인할 주요 품목으로 꼽힌다.더불어 계절성을 극복하는 마케팅을 강화 중이다. 트렌치 코트나 스카프는 가을, 겨울 시즌에 매출이 집중되는 경향이 있어서다. 특정 계절에만 수요가 몰리는 특성을 희석하기 위해 버버리는 ‘버버리 페스티벌’ 캠페인을 통해 영국 여름의 주요 행사들을 공략했다. 힙합 아티스트 로일 카너와 음악 프로듀서 골디, 그리고 모델 카라 델레빈 등이 버버리 레인부츠 등 주요 아이템을 착용하고 진흙탕에 앉아 있는 모습으로 대표되는 이 마케팅은 최근의 예측 불가능한 날씨를 상징하면서도, 버버리 제품이 1년 내내 기능을 발휘한다는 점을 강조하고 있다.버버리그룹은 지난 실적 발표 간담회에서도 “제품 라인을 깔끔하게 줄이고 핵심 아이디어에 집중한다”며 상품 구조 재정비를 강조했다. 특히 슐만 CEO는 트렌치 코트나 스카프·아우터 집중 전략이 브랜드 매력·매출 회복에 기여했다고 평가했다.
                    



사진=한경DB

                그는 지난해 7월 취임한 이후 전임 경영진의 전략에 강한 비판을 이어왔다. 버버리의 몰락이 체크무늬 등 브랜드 본래의 정체성을 버리고 실험적인 디자인과 고가 핸드백에 집중한 선택 때문이라는 분석이다. 버버리의 지난해 매출은 2014년 이후 최저 수준이었다. 슐먼 CEO는 “지난 10년 동안 버버리는 크리에이티브 디렉터를 세 번 바꿨고, 고급화를 위한 어설픈 시도들로 일관했다”고 지적했다. 그가 꼽은 실패 중 하나는 2018년 버버리가 창립자 토마스 버버리의 이름에서 따온 알파벳 T·B를 이용해 만든 상징이다. 이는 루이뷔통의 L·V 모노그램을 억지로 따라했다는 비판 등 시장의 혹평을 산 바 있다. 가격 이원화가격 정책은 고가와 저가로 뚜렷이 구분해 이원화했다. 잘 안팔리는 제품은 더 저렴하게, 잘 팔리는 건 더 비싸게 값을 매겨 수익을 극대화하는 방침을 세웠다. 일례로 가방 가격은 크게 낮췄다. 최근 출시한 코츠월드 컬렉션이 대표적이다. 가격은 250만~350만원대로 기존 제품들보다 절반 가까이 낮은 수준으로 매겨졌다. 850파운드(약 158만원)짜리 홀슈 크로스바디 백도 있다. 데이터분석기업 럭셔리엔사이트(Luxurynsight)에 따르면 최근 버버리 가방 가격은 작년 10월 이전과 비교해 평균 9% 내렸다.반면 아직 고가 명품 소비자층이 남은 중국 등 아시아 지역에선 주요 제품 위주로 고가 가격 정책을 펼치는 중이다. 최근 중국에선 11만5000위안(약 2199만원)짜리 코듀로이 트렌치 코트를 출시하면서 하이엔드급 부유층 소비자들을 타게팅하고 있다. 초고소득층 소비자 사이에선 패션은 물론 기능성까지 잡았다는 평가가 나오는 것으로 알려졌다. 버버리는 지난해 10월 초부터 이같은 고가 제품 라인을 넓혀가며 관련 제품군은 22% 늘렸다.로이터통신에 따르면 버버리 주식을 소유한 프제나 인베스트먼트 매니지먼트 측은 “버버리에 전달한 중요한 요청 중 하나는 3000달러(약 410만원)짜리 핸드백을 팔아선 안된다는 것”이라고 했다. 양극화된 명품시장 흐름상 중위 가격대의 애매한 포지션을 고수해선 어렵다는 뜻을 담고 있는 것으로 해석된다. 이같은 주주사들의 요구 아래 버버리는 전체 상품 수는 줄이면서 저가와 고가 제품군 일부는 확대하는 식으로 시장에 대응하고 있다.  조직 슬림화 작업도비대해진 비용도 줄여나가는 중이다. 대규모 인력 감축을 단행하며 조직을 슬림화했다. 전 세계 1700명의 직원을 한꺼번에 감원하면서 영국 내 노동단체를 중심으로 논란이 일긴했지만, 실적을 끌어올리는 데는 탁월한 효과를 본 것만은 사실이다. 그룹 내 인력의 5분의 1을 줄이는 대규모 인력 조정 조치다. 감원 대상 다수는 영국 런던 본사 등의 사무직이다. 버버리의 상징적 제품인 트렌치코트를 생산하는 잉글랜드 북부 캐슬퍼드 공장도 예외는 아니다. 야간조를 폐지할 예정이다. 
                    



사진=버버리 공식 홈페이지 

                재고 관리나 매장 내 디스플레이 등을 개선하면서 부동산 관리 지출도 축소했다. 매장 내 마네킹을 늘리고 온라인 판매를 강화해 임대 비용을 낮췄다. 매장 내 맞춤형 스카프 커스터마이징 공간인 스카프 바 시범 운영을 통해서도 재고를 줄였다. 고객이 색상·소재·모노그램(이니셜) 등을 선택해 자신만의 스카프를 만들 수 있는 프로그램인데, 제품 라인업 자체를 줄였지만 더 많은 스타일의 제품을 팔 수 있는 이점이 있다. 2025년 상반기 뉴욕 57번가 플래그십 매장 등 주요 매장에서 시범 운영돼 성과를 보면서 향후 전세계 200여개 매장으로 확대 운영될 방침이다.이같은 조치 덕분에 버버리는 2025년 3월 기준 총 재고량을 예상보다 7% 줄였다. 전반적인 비용 감축안을 시행하면서 그룹 측은 2027년까지 연간 1억 파운드(약 1853억원)씩의 비용을 절감할 수 있을 것으로 보고 있다.명품업계 한 관계자는 “확실히 제품 군이 선호도가 높은 상품 위주로 재정비되고 마케팅 측면에서 변화가 나타나는 등 조직 운영이 개선되는 면은 엿보인다”면서도 “완전한 실적 증가세로 보기는 어렵다. 이원화된 가격 정책 등이 하이엔드 시장과 매스티지 시장을 한꺼번에 잡을 수 있을지, 실제 시장에서의 성과는 좀 더 지켜봐야 한다”고 판단했다.안혜원 한경닷컴 기자 anhw@hankyung.com",https://www.hankyung.com/article/202507248911g,2025.07.24 15:36
금융권 수장들 줄줄이 임기만료…'역대급 인사 큰장' 선다,"지주 회장부터 행장까지
'인사 태풍' 몰아치나

들썩이는 금융 공공기관 
산은, 강석훈 회장 퇴임 후 공석
수출입銀·기업銀·신보·예보 등
이달부터 내년 3월까지 '물갈이'
새마을금고·신협은 선거 앞둬 

금융지주 회장들 임기도 만료
진옥동·임종룡 임기 8개월 남아
실적 등 감안하면 연임에 '무게'","올 하반기 금융권 수장 인사와 관련해 ‘역대급 큰 장’이 설 것으로 전망된다. 일부 4대 금융지주 회장부터 직선제로 뽑는 새마을금고·신협중앙회장, 국책은행장, 금융공기업 최고경영자(CEO) 등의 임기가 줄줄이 만료를 앞두고 있어서다. 금융권 안팎에선 새 정부 출범과 맞물려 대규모 인사 태풍이 몰아칠 가능성도 제기된다.
                    






이미지 크게보기



 ◇3대 국책은행장 모두 교체21일 금융권에 따르면 산업 기업 수출입 등 3대 국책은행의 수장이 잇달아 교체될 예정이다. 산업은행은 3년 임기를 채운 강석훈 회장이 지난달 떠나 회장 자리가 비어 있다. 금융당국 조직 개편 영향으로 장관급(금융위원장) 인사가 미뤄지면서 금융위원회 산하인 산은 인사도 지연되고 있다는 분석이 나온다.‘창사 후 첫 내부 출신 행장’인 윤희성 수출입은행장도 3년 임기를 꽉 채우고 이달 말 떠난다. 아직 임기가 남았지만 일찌감치 후임 행장 자리를 놓고 여러 인사의 이름이 오르내린다. 진동수, 최종구, 은성수 등 수출입은행장을 거쳐 금융위원장에 오른 선례가 반복되면서 고위 관료 출신들이 행장직을 노리고 있는 것으로 전해졌다. 수출입은행장은 기획재정부 장관이 제청해 대통령이 임명한다.차기 기업은행장 선임 절차도 연말 시동이 걸릴 전망이다. 김성태 행장 임기는 내년 1월까지다. 기업은행장 제청권은 금융위원장에게 있다. 통상 내부 출신과 외부 관료 출신이 행장 자리를 놓고 경쟁을 펼쳐왔다. 업계 관계자는 “민생 회복과 지방균형발전, 기업 구조조정 등 국책은행 역할론이 커지면서 3대 국책은행 수장 인사에 이목이 쏠리고 있다”고 했다.금융 공공기관 수장도 대거 교체를 앞뒀다. 당장 다음달 최원목 신용보증기금 이사장의 임기가 끝난다. 조만간 이사장 공모 절차가 이뤄질 것으로 보인다. 신보 이사장은 공모로 접수된 후보를 임원추천위원회에서 선별한 후 금융위원장이 제청하는 절차를 거친다. 그간 주로 기재부 출신이 이사장 자리를 맡았다.금융위 산하 기관인 예금보험공사의 유재훈 사장도 올 11월 임기를 마친다. 관례대로라면 기재부나 금융위 출신이 차기 사장 후보에 오를 가능성이 높다는 게 금융권 분석이다. 신용회복위원장을 겸임 중인 이재연 서민금융진흥원장은 올 1월 3년 임기가 종료됐지만 후임이 정해지지 않아 여전히 업무를 수행하고 있다. ◇직선제 회장 선거에 전국이 들썩전국 선거를 통해 뽑는 차기 새마을금고중앙회와 신협중앙회 회장에 대한 관심도 뜨겁다. 김인 새마을금고중앙회 회장은 2023년 사상 첫 직선제를 통해 당선됐다. 당시 약 1200명의 전국 금고 이사장이 투표에 나섰다.김윤식 신협중앙회 회장 역시 중앙회 출범 후 62년 만에 도입된 직선제 시스템을 통해 2022년 연임(4년)에 성공해 8년째 중앙회를 이끌고 있다. 두 회장의 임기는 각각 내년 2월, 3월에 종료된다. 중앙회 관계자는 “전국 선거로 치르는 만큼 임기 종료 한 달여 전 본격 선거 운동이 시작된다”며 “후보자 등록 등 차기 회장 선거 관련 절차는 올 4분기부터 진행될 것”이라고 설명했다.업권을 대표하는 일부 협회장도 임기 종료 시점을 눈앞에 뒀다. 정완규 여신금융협회장(10월), 서유석 금융투자협회장(12월) 등이 대표적이다. 여신금융협회장은 상근직으로 바뀐 후 금융위, 기재부 등 관료 출신이 주로 협회장을 맡아왔다. 정완규 현 회장은 금융위 금융정보분석원(FIU) 원장, 한국증권금융 사장을 거쳤다. 금융투자협회장은 회원사 투표로 결정된다.진옥동 신한금융 회장과 임종룡 우리금융 회장은 각각 내년 3월 임기가 마무리된다. 회장추천위원회를 통해 연임 여부가 결정되는 시점은 연말께가 될 전망이다. 금융권에선 임기 중 실적과 그룹 안팎의 평가를 감안할 때 연임 가능성에 무게가 실린다.한 금융사 대표는 “하반기 내내 금융권 수장 인사가 업계 최대 관심사로 떠오를 가능성이 크다”며 “금융산업 성장을 위해 관치, 낙하산 논란을 반복하기보다 전문성 중심의 인사가 이뤄져야 한다는 목소리가 커지는 분위기”라고 귀띔했다.박재원 기자 wonderful@hankyung.com",https://www.hankyung.com/article/2025072126601,2025.07.21 17:53
,,,https://magazine.hankyung.com/business/article/202507071460b,
'민생공약협의체' 여야 같이 꾸린다,온라인플랫폼법 등 개정 추진,"더불어민주당과 국민의힘이 지난 대선에서 공통으로 내세운 공약을 현실화하는 ‘민생공약 협의체’(가칭)를 구성하기로 했다. 공통 공약 법안으로 꼽히는 온라인플랫폼법, 하도급거래공정화법 등이 7월 임시국회에서 다뤄질지 주목된다.민주당 진성준 정책위원회 의장과 이정문 수석부의장, 국민의힘 김정재 정책위 의장과 김은혜 원내정책수석부대표는 7일 국회에서 만나 이같이 의견을 모았다.여야 공통이자 민생 법안으로 제시된 온라인플랫폼법은 네이버, 쿠팡, 배달의민족 등 대형 온라인플랫폼의 독과점 및 불공정 행위 규제를 강화하는 내용이다. 플랫폼 이용자 보호를 강조하는 것도 양당 공약의 공통점이다. 다만 민주당은 정부의 감독 강화를, 국민의힘은 기업의 자율 규제를 우선시한다는 차이가 있다.하도급거래공정화법은 진 의장이 “국민의힘이 민주당보다 전향적”이라고 평가한 법안이다. 하청업체의 비용 변동분을 납품대금에 반영하는 ‘납품대금 연동제’를 강화하는 것이 양당의 공통 공약이다. 임차인이 요청하면 관리비 내역 공개를 의무화하는 상가임대차보호법 개정안, 간편결제 등의 수수료를 내리는 전자금융거래법 개정안, 산업은행에 첨단전략산업기금을 조성하는 산은법 개정안 등도 여야 공통 공약 법안이다.한편 공영방송 지배구조 개편을 골자로 하는 이른바 ‘방송 3법’이 이날 국회 과학기술정보방송통신위원회에서 민주당 주도로 통과됐다. 개정안은 11명인 KBS 이사 수를 15명으로, 9명인 방송문화진흥회(MBC) 및 EBS 이사 수를 13명으로 늘리고 추천 주체를 다양화하는 내용이다.강현우 기자 hkang@hankyung.com",https://www.hankyung.com/article/2025070732611,2025.07.07 17:48
"[마켓PRO] Today's Pick : ""코스맥스, 국내와 해외 다 좋다!""",,"※Today's Pick은 매일 아침 여의도 애널리스트들이 발간한 종목분석 보고서 중 투자의견 및 목표주가가 변경된 종목을 위주로 한국경제 기자들이 핵심 내용을 간추려 전달합니다.





👀주목할 만한 보고서 코스맥스 - 국내와 해외 다 좋다!📈목표주가 : 23만원→31만원(상향) / 현재주가 : 25만3500원투자의견 : 매수(유지) / 상상인증권[체크 포인트]=2분기 연결 실적으로 매출액 6462억원, 영업이익 661억원을 전망한다. 지역별 상세 내용으로, 국내는 매출 22%, 영업이익 31% 성장할 것으로 예상.=국내 인디브랜드 고객사들이 글로벌 화장품 시장의 트렌드를 주도하는 모습이 지속됨에 따라 내수 및 간접수출이 증가하는 가운데, 해외 고객사들로부터의 직수출 물량도 확대되어 견조한 실적을 뒷받침하고 있는 것으로 파악=미국 매출은 서부 영업사무소 오픈 이후 고객사 확대되고 있어, 지난 1분기 대비 역성장 폭 축소될 전망이다. 동남아 매출의 경우 주요 고객사 호조에 따른 고성장 흐름이 지속되고 있어, 인도네시아는 15%, 태국은 106% 성장할 것=실적 호조와 주가 상승이 연일 지속되고 있다. 올해 초 이후 연중 약 +70% 상승해 높아진 밸류에이션이 다소 부담스럽지만, 계속해서 해외 실적 기여도가 확대될 것으로 예상되는 만큼 적용 멀티플 조정해 목표주가 상향 영원무역 - 실적 걱정 없고 여전히 싸고📈목표주가 : 6만원→8만원(상향) / 현재주가 : 6만300원투자의견 : 매수(유지) / DB증권[체크 포인트]=2분기 연결 영업이익 1664억원으로 시장 기대치(1620억원)에 부합할 것으로 예상=지난해까지 동사의 주가의 발목을 붙잡았던 부분은 과잉재고 이슈였음. 약 1년간에 걸쳐 적체 재고를 적극적으로 소진한 결과 해당 사업부 적자는 하반기로 갈수록 빠르게 축소될 전망.=본업인 OEM 사업부는 2024년 3분기부터 매출 회복세로 진입, 매분기 HSD~DD% 수준의 오더 성장이 지속되고 있음. 다만 바이어의 수출 관세 영향으로 생산 단가 인하 압력이 상존. 동사는 메인 바이어 내 높은 생산 점유율을 기반으로 물량 확대를 통한 마진 방어에 집중할 전망. =하반기부터 본격적인 증익 구간으로 진입이 예상되는 바 비중 확대 의견을 제시함 기업은행 - 현금배당의 매력 부각📈목표주가 : 2만3000원→2만6000원(상향) / 현재주가 : 2만700원투자의견 : 매수(유지) / 키움증권[체크 포인트]=2분기 연결순이익은 6,584 억원으로 전년 동기 대비 8.3% 증가할 전망이다. 전망치는 2.3% 상향조정했는데, 환율하락에 따른 외화환산이익 증가폭을 확대 반영했다. 2025년 연결순이익은 2.82조원으로 0.4% 상향조정되어 2024년 대비 5.9% 증가할 전망=기업은행의 주주환원 정책은 자기주식 매입소각 없이 배당에 의해 진행되어 왔다. 타 은행주의 자기주식 매입 강화 분위기에 따라 기업은행 주주환원 정책 상 약점으로 인식되어 온 것도 사실.=하지만 배당만으로 주주환원 강화를 하게 되니 배당수익율은 점차 차별화되고 있다. 2024년 회계연도에 대한 주당 배당금은 8.4% 증가한 1,065 원으로 역대 최대수준 엔씨소프트 - 쉴 틈 없는 하반기📈목표주가 : 23만원→25만원(상향) / 현재주가 : 21만2000원투자의견 : 매수(유지) / SK증권[체크 포인트]=2분기 매출액 3,340 억원(-9.4% YoY, -7.3% QoQ), 영업이익 42 억원(-53.1% YoY, - 20.5% QoQ), 지배주주순이익 150 억원(-78.8% YoY, -60.2% QoQ)으로 영업 이익은 컨센서스 60 억원을 하회할 것으로 추정=4월 이후 주가의 견조한 흐름이 이어지고 있다. 아이온2는 5/29 첫 라이브 방송 및 6/28~29 진행된 FGT에서 그래픽, PvE 콘텐츠, 전투 모드에 대한 긍정적인 평가를 받으며 기대감을 높이고 있다. 3분기 중 두 번째 라이브를 통해 추가적인 콘텐츠 공개 시 기대감이 더욱 높아질 수 있다. 당사는 11월 출시, 4분기 일매출 15억원, 첫 1년 매출을 3,285 억원으로 반영맹진규 기자 maeng@hankyung.com",https://www.hankyung.com/article/202507173452i,2025.07.17 08:32
50년 만에 가장 급하게 오른 뉴욕증시…숨고르기 들어가,"골드만 ""실적 둔화에 너무 빨리,너무 많이 올랐을 수 있어""
베센트 ""파월 지지,지금 당장 사임할 근거 없어""","사진=REUTERS

                연속으로 사상 최고치를 경신한 뉴욕 증시는 22일(현지시간) S&P500과 나스닥 지수가 숨고르기에 들어갔다. 전 날 6,300포인트를 돌파한 S&P500은 미국 동부시간으로 오전 10시 10분에 0.2% 하락했으며 나스닥 종합은 0.6% 내렸다. 다우존스 산업평균은 0.1% 올랐다. 10년만기 국채 수익률은 5거래일 연속 하락해 이 날도 2베이시스포인트(1bp=0.01%) 내린 4.36%를 기록했다. 달러화는 전날과 비슷한 수준에서 움직이면서 올들어 가장 강세를 보이는 한 달을 이어가고 있다. 일본 엔화는 달러당 0.4% 상승한 146.76엔을 기록했다.비트코인은 1.9% 상승한 119,225.14달러에 도달했다. 이더는 3,690.66달러로 1.8% 내렸다. 현물 금은 온스당 0.6% 상승해 3,415.78달러를 기록했다. 이 날 실적을 발표한 세계 최대 방위사업체인 록히드 마틴은 기밀 사업과 시코르스키 헬리콥터 사업부의 비용 지출로 분석가 추정치에 못미치는 2분기 실적을 보고하고 연간 전망도 낮췄다. 노스럽 그루먼은 센티넬 탄도 미사일과 B-21폭격기 사업의 성장으로 연간 수익 전망을 상향 조정했다. RTX는 관세 영향으로 연간 이익 전망을 낮췄지만 강력한 수요로 매출이 월가 예상을 넘어섰다. 제네럴 모터스는 주당 순이익이 2.53달러라고 보고해 분석가 예상치는 넘어섰으나 관세 영향으로 핵심 이익이 11억달러 감소했다고 밝혔다. 코카콜라는 소비자들이 가격이 오른 청량음료 구입을 늘리면서 월가 예상치를 넘는 2분기 매출 증가를 보고했다. 스콧 베센트 재무장관은 다음 주 스톡홀름에서 중국 측과 관세 휴전 연장 및 논의 확대를 위한 3차 무역 협상을 위해 만날 것이라고 밝혔다. 그는 지금부터 8월 1일 마감 시한까지 많은 무역 협상이 ""폭발적으로"" 이루어질 것으로 예상했다. 하루 전 연준에 대한 종합적인 조사가 필요하다고 언급했던 베센트는 이 날은 폭스뉴스와의 인터뷰에서 “제롬 파월을 지지하며, 연방준비제도이사회 의장이 지금 당장 사임할 근거가 전혀 없다”고 말했다. 파월 의장은 이 날 은행 시스템의 자본 체계가 효과적으로 협력하고, 은행들이 충분한 자본을 확보하고 위험을 효과적으로 관리해야 할 필요성을 강조했다. 그는 또한 업계의 경쟁 또한 중요하다고 덧붙였다. 최근 뉴욕 증시의 상승세를 감안하면 이미 밸류에이션이 과도하게 높아졌다는 지적도 나오고 있다. 세테라 자산운용의 최고투자책임자(CIO)인 진 골드먼은 ”좋은 소식은 이미 대부분 가격에 반영되어 있어 오차 범위가 거의 없다”고 말했다.골드만삭스는 ”시장이 너무 빨리, 너무 많이 상승했을 수 있다”고 지적했다. 골드만은 4월초 상호관세 발표 당시 S&P500이 4,982까지 하락한 후, 거의 50년만에 가장 빠른 속도로 급등했다고 언급했다. 그러나 올해 기업의 2025년 실적 전망치는 거의 절반으로 줄었음을 지적했다. 김정아 객원기자 kja@hankyung.com",https://www.hankyung.com/article/202507225539i,2025.07.22 23:17
,,,https://magazine.hankyung.com/business/article/202507109943b,
"""8월 1일 연장 없다"" 고조된 트럼프 위협에도 믿지 않는 월가 [김현석의 월스트리트나우]",,"영상 모듈 닫기









                한국 등 14개국에 관세 편지가 나갔지만 '4월 2일 해방의 날' 같은 충격은 없었습니다. '트럼프는 결국 물러선다'(TACO)라고 시장이 믿기 때문입니다. 그러자 관세 위협은 더 커졌습니다. '8월 1일 추가 연장은 없다'라고 선언했고, 향후 이틀간 약 20개국에 최고 관세율 70%의 편지가 추가 발송될 것이라고 밝혔습니다. 구리(50%), 의약품(200%) 반도체에 대한 품목 관세도 곧 발표합니다. 그래도 8일(미 동부 시간) 뉴욕 증시는 보합세로 마감했습니다. 여전히 '트럼프가 물러설 것'(TACO)이란 믿음, 여전히 괜찮은 경제 데이터, 15일 개막되는 2분기 어닝시즌에 대한 기대 등이 시장을 떠받치고 있습니다.  1. 관세 위협 더 커졌지만… 아침 9시 30분 뉴욕 증시의 주요 지수는 보합세로 출발했습니다. 전날 트럼프 대통령이 몇 차례나 경고한 대로 한국과 일본, 태국 등 14개국에 상호관세율을 통보하는 서한을 보냈습니다. 우리와 일본이 25% 등 관세율은 25~40% 사이였는데요. 대략 지난 4월 2일 해방의 날 때 발표한 수치와 거의 같습니다. 어찌 보면 어제가 제2의 해방의 날이었던 셈이죠.
                    




                하지만 시장 충격은 그때만큼 크지 않았습니다. 뉴욕 증시는 어제 S&P500 지수가 1% 가까이 내리면서 부정적으로 반응했지만, 오늘은 그렇지 않습니다. 가장 충격이 커야 할 아시아 증시는 대부분(일본 닛케이 +0.26%, 한국 코스피 +1.81%, 홍콩 항생 +1.09%, 상하이 +0.79% 등) 크게 올랐습니다. 달러와 금 가격도 거의 변동이 없었고요. 
                    




                이는 어제 편지는 기본적으로 상호관세 발효 시점을 7월 9일에서 8월 1일로 3주 연기한 것이라고 보기 때문입니다. 8월 1일까지 협상이 되지 않으면 또 연기할 것으로 보고요. 이른바 TACO를 믿는 것이죠.
                    




                골드만삭스는 ""지금까지 발표된 관세 인상으로 실효 관세율(ETR)이 (기존 예상보다) 1.4%포인트 더 상승할 것으로 예상한다. 몇몇 국가에 대해 적어도 일시적으로는 더 높은 관세율이 적용될 가능성이 분명히 있지만 전반적으로 어제 제시된 관세율이 8월 1일에 발효될 것으로 예상하지 않는다""라고 밝혔습니다.UBS는 ""트럼프 대통령은 새 시한이 '100% 확정된 것은 아니다'라며 추가 협상에 여전히 열려 있다고 밝혔다. 시장 변동성이 커질 가능성이 크지만, 최근 상황이 무역 전쟁의 격화로 이어지지는 않을 것이다. 미국의 실효 관세율은 연말까지 약 15%로 올라갈 것이다. 이는 성장에 역풍이 될 수 있지만, 소비자의 회복력과 글로벌 공급망의 적응력을 고려할 때 경기 침체를 촉발할 정도는 아니다""라고 분석했습니다.야데니리서치는 ""우리는 무역 전쟁이 미국 경제에 심각한 피해를 주기 전에 조속히 종식해야 한다는 것을 트럼프가 알고 있다고 여전히 믿는다. 관세 충격으로 인해 앞으로 몇 달 안에 경기 침체가 발생한다면 공화당은 내년 말 중간선거에서 상하원 모두에서 다수당 지위를 잃을 가능성이 크다""라고 지적했습니다. 이런 예상은 어젯밤 기자들이 '오늘 보낸 서한이 미국의 최종 제안이냐'고 묻자 트럼프 대통령이 ""난 최종이라고 말하겠지만, 만약 그들(협상 상대국)이 다른 제안을 갖고 전화하고 만약 그 제안을 좋다면 그렇게 할 것""이라고 답하면서 더욱 강해졌습니다. 
                    




                트럼프 대통령은 시장이 반응하지 않자, 강하게 나오기로 한 것 같았습니다. 아침 10시 45분 소셜미디어를 통해 ""8월 1일부터 관세 부과가 시작될 예정이다. 이 날짜에는 변경이 없으며 앞으로도 변경되지 않을 것이다. 다시 말해, 모든 관세는 8월 1일부터 납부되어야 하며, 연장은 절대 허용되지 않는다""라고 선언했습니다. 어젯밤과 달라진 얘기였습니다. 아마도 유럽연합(EU) 등 협상 상대국들이 다시 여유롭게 나온 게 그의 화를 부추겼을 수 있습니다. 전날 밤 EU의 발디스 돔브로스키 경제위원은 ""관세가 8월 1일로 연기됐다. 이는 EU에 시간을 더 준다""라고 말했죠. 
                    




                트럼프 대통령의 발언은 더 강해졌습니다. 정오에 열린 각료회의에서 그는 매파적 발언을 쏟아냈습니다.▶누구나 8월 1일에 관세를 내야 한다. ▶EU와 대화하고 있다. EU 의장은 최근 매우 친절했지만, 지금까지는 우리를 심하게 대했다. EU에 서한을 보내기까지 아마 이틀밖에 남지 않았다. ▶서한은 (최종) 딜을 뜻한다. 어떤 서한에는 60, 70%의 관세가 붙기도 할 것이다. 내 딜(서한)은 상당수가 곧 나갈 것이다. 각국에 낮고 공정한 수치를 골랐다. 관세율은 더 올라갈 수 있었고, 훨씬 더 강경할 수도 있었다.▶의약품, 반도체, 몇몇 다른 것들(에 대한 관세)을 발표할 것이다. 구리 관세는 50%가 될 것이라고 믿는다. 우리는 제약업계에 약 1년, 1년 반의 시간을 줄고 그 이후 관세가 부과할 것이다. 매우 높은 관세율, 200% 정도가 부과될 것이다. ▶브릭스는 곧 10%의 관세를 받게 될 것이다. 그들은 달러를 파괴하려 하고 있다. 우리가 기축통화 달러를 잃는 것은 전쟁에서 패배하는 것과 같다. 달러에 도전하려는 사람들은 대가를 치르게 될 것이다.▶미 중앙은행(Fed) 제롬 파월 의장은 즉각 사임해야 한다. 누군가를 보내서 즉시 금리를 낮춰야 한다.▶푸틴에 대해 행복하지 않다. 러시아에 대한 제재를 검토하고 있다.하워드 루트닉 상무장관은 회의 직후 CNBC 인터뷰에서 관세에 대해 부연 설명했습니다.▶향후 이틀 동안 주요국에 관세율을 명시한 15~20건의 서한이 추가로 발송될 것으로 예상한다.▶트럼프는 서한에 관세율 유연성 남겼다. 만약 나라들이 우리에게 호의적이라면, 그들은 또 다른 관세율을 받을 수도 있다.▶EU는 시장을 개방할 의사를 보인다. 트럼프 대통령은 EU의 제안을 검토하고 있으며, 어떻게 할지 고민하고 있다.▶구리 관세는 7월 말 또는 8월 1일에 시행될 것 같다. 반도체와 의약품에 대한 관세를 검토 중이며, 이 조사는 이달 말 완료될 것이다.이런 매파적 발언은 일부 불안을 부추겼습니다. 주요 지수는 보합 선에서 요동쳤습니다. 구리 선물(9월물) 가격은 13% 급등해 파운드당 5.6855달러에 마감했는데요. 이는 1989년 8월 이후 가장 큰 하루 상승 폭입니다. 
                    




                8월 1일까지 무역 협상은 어떻게 흘러갈까요. 에버코어ISI는 서한을 받은 주요 교역국(한국, 일본), 그리고 서한을 받지 않은 주요교역국, 서한을 통해 30% 이상의 높은 관세율을 통보받은 국가들, 중국, 그리고 멕시코와 캐나다 등 5개 범주로 나눠 협상 전망을 분석했습니다.① 서한을 받은 주요교역국=한국과 일본의 경우 관세 인상 경고로 협상 속도 높아질 것으로 예측합니다. 단기 합의는 쉽지 않더라도 궁극적으로는 10% 수준에서 합의할 가능성이 크다고 봤습니다. 다만 철강/알루미늄, 자동차 등 품목별 관세에 대한 조정 여지는 적다고 설명했습니다.② 높은 관세 서한을 받은 나라=태국, 말레이시아, 인도네시아, 캄보디아, 라오스, 미얀마, 방글라데시 등은 ‘베트남식’ 모델을 적용받을 것으로 추정합니다. 20% 수준의 더 높은 상호관세와 함께 중국 환적 수출 문제 해결을 위한 방안을 포함합니다. ③ 서한을 받지 않은 주요교역국=EU, 인도 등이 여기에 해당하는데요. 상대적으로 협상이 진전돼 있는 곳으로, 10% 관세 수준을 고정하는 프레임워크 딜이 나올 가능성이 크다고 관측합니다. ④ 중국=현재 평균 관세는 기존 부과분 포함 약 40% 수준이며 90일 관세 유예가 끝나는 8월 12일 전까지는 변화가 없을 것으로 전망합니다. ⑤ 캐나다와 멕시코=USMCA와 비USMCA 국가로 나뉜 이중 구조가 유지될 가능성이 있다. 철강 관련 일부 완화 가능성이 있지만, 전반적인 관세 수준에는 큰 변화가 없을 것으로 보인다.  2. 경제 데이터도 강세장 뒷받침강해지는 관세 위협에도 뉴욕 증시가 잘 버티는 배경 중 하나에는 미국 경제도 있습니다. 경제 데이터는 여전히 괜찮게 나오고 있습니다. 
                    




                뉴욕 연방은행이 발표한 6월 소비자 기대 조사에서는 가계 재정에 대한 기대가 개선되고, 단기 인플레이션 기대가 하락하는 등 긍정적 흐름이 나타났습니다. 가계의 1년 뒤 재정 상황 전망에 대해 ‘좋아질 것’이라는 답변이 5월 26.4%에서 6월 27.8%로 증가한 반면, ‘나빠질 것’이란 대답은 34.3%에서 31.8%로 줄었습니다. 또 다음 12개월 동안 직장을 잃을 확률에 대한 답변도 전달보다 0.8%포인트 낮은 14.0%로 집계되어, 2024년 12월 이후 최저 수준을 기록했습니다. 1년 인플레이션 기대는 5월 3.2%에서 6월 3.0%로 감소했습니다. 4월 3.6%에 비하면 크게 떨어진 것으로 올해 들어 최저입니다. 3년, 5년 인플레이션 기대는 각각 3.0%와 2.6%로 변동이 없었습니다.
                    




                전미중소자영업연맹(NFIB)의 중소기업 낙관지수는 6월 98.6으로 집계되었습니다. 5월 98.8보다 소폭 하락한 것인데요. 월가 예상과는 같았습니다. 이 지수는 작년 대선 이후 급등한 후 올해 들어 관세 우려와 함께 하락세를 보이다가 지난 5월 다시 상승세로 돌아섰었습니다. 답변에서는 여전히 관세 우려가 감지됐는데요. 평균 판매 가격을 인상한 기업의 순 점유율은 6월에 4%포인트 상승했습니다. 향후 3개월 동안 가격 인상 계획을 세운 기업도 증가했지만, 1%포인트에 그쳤습니다. 지난 몇 달 동안 이 두 가지 지표 모두 소폭 상승했는데요. 이는 중소자영업자들이 투입 비용 상승 가능성에 대응하고 있음을 시사합니다. 이들은 또 가장 큰 단일 문젯거리로 세금(관세)을 꼽았습니다. 웰스파고는 ""6월 낙관지수는 여전히 2022년과 2024년 평균치를 크게 웃돌지만, 기업들은 무역 및 이민 정책 변화가 가져올 경제적 파장에 대해 계속 우려하고 있다""라고 분석했습니다.
                    




 3. GS, BoA 동시에 주가 전망 상향관세가 미국 경제나 기업 실적에 큰 충격을 줄 것으로 보지 않는 시각이 많다보니 증시에 대한 낙관적 전망도 강합니다. 오늘 골드만삭스와 뱅크오브아메리카가 동시에 S&P500 지수 목표가를 상향 조정했는데요. 
                    




                골드만삭스는 S&P 500이 연말까지 6600포인트, 12개월 내에는 6900포인트에 도달할 것으로 전망했습니다. 기존의 6100, 6500에서 높인 것인데요. 미 중앙은행(Fed)의 예상보다 빠르고 깊은 금리 인하 전망, 낮아진 채권 금리, 대형주의 펀더멘털 강세, 그리고 투자자들이 단기 실적 둔화를 어느 정도 용인하는 태도 등을 그 이유로 제시했습니다. 골드만삭스는 기업들의 주당순이익(EPS)은 올해, 내년 각각 7%씩 증가할 것으로 전망을 유지했으나, 여기에 적용하는 주가수익비율(P/E)을 기존 20.4배에서 22배로 높였습니다. 
                    




                뱅크오브아메리카는 “미국 기업을 과소평가하는 것은 위험하다”라면서 S&P500 연말 목표치를 6300으로, 12개월 목표치를 6600으로 상향 조정했는데요. 끊임없는 정책 불확실성과 높은 국채 수익률 속에서도 기업들이 보여준 놀라운 적응력(adaptability)을 그 근거로 들었습니다. 뱅크오브아메리카는 ""정책 불확실성은 사상 최고치에 근접하고 있으며 국채 수익률은 수십 년 만에 최고치를 기록하고 있다. 그러나 기업들은 여전히 건재하다. 대부분은 여전히 실적 가이던스를 그대로 제시하고 있으며, 이익의 불확실성을 나타내는 주당순이익(EPS) 추정치의 분산도도 팬데믹 이전 수준까지 떨어졌다. 변동성, 인플레이션, 금리 등 다양한 부정적 요인이 있었지만, 팬데믹 이후 S&P500 기업들의 마진은 유지되고 있다""라고 그 이유를 설명했습니다. 
                    




                하지만 이들의 상향 조정은 S&P500 지수가 6200 이상으로 높아지자, 마지못해 따라서 조정한 듯한 느낌입니다.골드만삭스는 ""관세 환경의 변화로 인해 우리의 이익 예측에는 큰 불확실성이 존재한다. 우리의 예측은 2025년에는 컨센서스와 거의 일치하지만, 2026년에는 컨센서스를 밑돌고 있다. EPS 예측에 대한 주요 하방 위험은 관세의 최종 수준과 그것이 기업 이익에 미치는 영향""이라며, 2분기 실적 발표가 이뤄진 뒤 지수 전망치를 재검토할 예정이라고 밝혔습니다.뱅크오브아메리카는 ""미 증시에 대해 장기적으로는 긍정적이지만, S&P500 지수가 3분기까지 급등세를 이어갈 긍정적 촉매를 찾기는 어렵다""라고 덧붙였습니다. 뱅크오브아메리카가 지켜보는 5가지 데이터 중 'EPS 서프라이즈 프레임워크'는 기껏해야 혼재된 수준이라는 겁니다. 4월/5월의 부정적 가이던스 수정 흐름은 평균 수준으로 개선되었지만, 경제 지표의 서프라이즈는 없다는 것이죠. 또 ""실적의 핵심인 기술 기업들의 실적 성장세는 둔화할 것으로 예상되고 있고, 트럼프 감세법(OBBBA)은 재정 충격의 완화를 시사하지만, 미 중앙은행(Fed)의 발표는 단기 금리 인하 촉매가 없음을 나타낸다""라고 밝혔습니다.
                    




                유명 투자자인 마크 미네르비니는 ""단기적으로는 주요 지수들이 과열된 상태다. 투자 심리는 극단적 약세에서 매우 강세로 급격히 전환되었는데, 이는 역발상 투자 관점에서는 부정적 신호다. 하지만 유가가 하락하고 금리가 안정적으로 유지되고 있는 만큼, 골디락스 경제는 당분간 영향을 받지 않고 있는 것으로 보인다. 이는 강세장이 지속 가능하다는 신호다. 나는 향후 조정이 4~7% 범위에 머물 것으로 예상한다. 이런 조정이 원칙 있는 트레이더에게는 매수 기회가 될 수 있다고 본다""라고 말했습니다.  4. 금리 상승 vs 하락 안정될 것국채 금리는 상승세를 이어갔습니다. 오후 3시 40분께 미 국채 10년물 수익률은 1.8bp 오른 4.413%를 기록하면서 다시 4.4% 수준을 넘었습니다. 6월 16일 이후 20여 일 만에 처음입니다. 2년물은 0.2bp 오른 3.905%에 거래됐고요.
                    




                강해진 관세 위협에 따른 인플레이션 우려가 영향을 미친 것으로 풀이되고 있습니다. 울프리서치의 스테파니 로스 이코노미스트는 ""투자자들은 인플레이션 상승 위험을 무시하는 것 같다. 하지만 결국 누군가는 관세를 내야 한다. 이는 소비자물가(CPI), 마진, 두 가지가 합쳐진 형태로 나타날 가능성이 높다""라고 밝혔습니다. 트럼프 감세법으로 인한 재정 적자 우려도 마찬가지고요. 펀드스트랫의 마크 뉴턴 기술적 분석가는 ""2년, 5년, 10년, 30년 국채 수익률의 하락 추세가 단기적으로 깨졌다. 이는 앞으로 몇 주 안에 수익률이 더 높아질 것을 시사한다. 10년물 금리가 4.70~4.75%까지 상승할 가능성이 있다""라고 분석했습니다.
                    




                일본의 장기 국채 금리가 계속 오르고 있는 것도 부정적인데요. 일본 30년물 수익률은 다시 3%를 넘었습니다. 그러면 일본 투자자들이 미 국채 대신 일본 국채를 매수할 유인이 커집니다. 도이치뱅크는 ""현대 역사상 선진국 국채 수익률은 최악의 10년을 기록하고 있다. 각국 정부가 재정 적자를 메우기 위해 채권을 계속 팔아치우면서 금리가 상승하고 있다. 미국은 향후 5주 동안 2232억 달러의 국채 순 발행을 계획하고 있다""라고 밝혔습니다. 
                    




                국채 금리가 안정된 움직임을 보일 것이란 주장도 있는데요. 하나의 논거는 막대한 관세 수입입니다. 트럼프 행정부가 본격적으로 관세를 부과하기 시작한 뒤인 지난 5월 230억 달러, 6월 290억 달러가량이 걷혔습니다. 작년 동기보다 각각 4배 가까이 늘어난 것입니다. 스콧 베센트 재무장관은 ""올해 지금까지 관세 수입으로 약 1000억 달러를 벌어들일 예정이다. 연말까지 3000억 달러를 훌쩍 넘을 것으로 예상한다""라고 밝혔습니다. 이는 의회예산국(CBO)이 추산한 트럼프 감세법으로 인한 추가 재정 적자(10년 3조3000억 달러)를 메울 수 있는 규모입니다. 관세 수입은 감세법으로 거둬들이는 게 아니어서, CBO는 계산에서 뺐지요. 또 트럼프 행정부는 당분간 금리가 낮은 단기물 중심으로 국채를 찍기로 했습니다. 미 재무부는 오늘 4주, 8주물 경매 규모를 각각 250억 달러씩 확대한다고 발표했죠. 이에 따라 4주물의 경우 한 번 경매 때마다 800억 달러, 8주 물은 700억 달러어치가 팔리게 됩니다. 이 때문인지 오늘 3년물 경매에서는 발행금리가 3.891%로 결정되어 시장 금리보다 0.4bp보다 높았습니다. 트럼프 행정부는 또 차기 Fed 의장을 빨리 임명해 금리를 낮추려고 하고 있죠. 유력한 후보로 꼽히는 케빈 월시 전 Fed 이사는 어제 폭스뉴스 인터뷰에서 ""관세는 인플레이션을 유발하지 않는다"", ""미국은 지금 주택시장 침체를 겪고 있다"", ""Fed가 대차대조표에서 몇조 달러를 줄인다면 (시장) 금리를 상당히 낮출 수 있다""라는 등 비둘기파적인 발언을 했습니다.  5. 주가 혼조…테슬라 반등결국, S&P500 지수는 0.07%, 다우는 0.37% 약보합세로 거래를 마쳤습니다. 나스닥은 0.03% 강보합세를 기록했습니다. 
                    




                펀드스트랫의 톰 리 설립자는 ""시장은 다소 실용적이라고 생각한다. 트럼프 대통령이 협상 타결을 압박하기 위해 발언을 하고 있다는 것을 알고 있지만, 동시에 대통령은 현실적인 사람이고 경제를 뒤흔들고 싶지 않아 한다는 것도 안다. 시간이 지나면서 결국 백악관이 둘 사이에서 좋은 균형을 찾을 것으로 시장은 기대한다""라고 말했습니다. 파이퍼샌들러의 크레이그 존슨 전략가는 ""주식이 단기적으로 약간의 압력을 받을 수 있지만, 투자자들은 점점 관세 관련 뉴스에 무감각해지고 있으며, 대신 추세선에 더 집중하고 있다""라고 밝혔습니다. 그는 기술적으로 시장의 광범위한 참여도(breadth)와 추세(trend)를 나타내는 지표가 여전히 건전하다고 진단했습니다.
                    




                트럼프 대통령의 구리 관세 발언에 구리 생산업체인 프리포트-맥모란 주가는 2.53% 상승했습니다.엔비디아는 1.11% 뛰었는데요. 시티은행은 목표주가를 180달러에서 190달러로 상향 조정하며, 데이터센터 AI 칩 시장 규모가 2028년까지 5630억 달러로 커질 것으로 전망했습니다. 테슬라는 1.32% 반등했는데요. 웨드부시의 댄 아이브스 애널리스트는 테슬라 이사회가 일론 머스크의 새로운 보상 패키지를 승인해서 의결권을 현재의 두 배 가까운 25%로 확대하되, 전담 감시기구를 만들어 머스크가 조건(정치 활동)을 위반할 경우 보상을 깎는 방안을 제시했습니다. 이에 대해 머스크는 X를 통해 ""닥쳐""라고 댓글을 달았습니다.아마존은 프라임데이 행사를 시작했는데도 1.84% 떨어졌는데요. 블룸버그가 초기 매출이 2024년에 비해 14% 감소했다고 보도했습니다. 월가는 작년처럼 이틀이 아닌 나흘 동안 진행되는 이번 행사에서 작년 대비 53% 증가한 129억 달러의 사상 최대 매출을 기록할 것으로 예상합니다.뉴욕=김현석 특파원 realist@hankyung.com",https://www.hankyung.com/article/202507096140i,2025.07.09 07:22
"'기업은행' 52주 신고가 경신, 배당주로서의 매력 유효하며 적극적인 의사결정도 중요 - BNK투자증권, 매수",,"◆ 최근 애널리스트 분석의견- 배당주로서의 매력 유효하며 적극적인 의사결정도 중요 - BNK투자증권, 매수07월 03일 BNK투자증권의 김인 애널리스트는 기업은행에 대해 ""정부 출자기관 배당성향 40% 확대 목표에 대한 기대감은 축소 중이나 별도 기준 35% 제시. 다만 은행 전체적으로 주주환원이 빠르게 확대되는 상황에서 기재부와의 협의에 따른 의사결정이 느리다는 점(분기균등 vs 반기배당, 세부적 배당 목표, 자회사 이익 강화 목적의 개별 아닌 연결이익 기준 채택 등)은 투자자에게 부담. 최근 배당소득 분리과세(배당성향 35%) 수혜 가능성 존재한다는 점에서 적극적 의사결정이 자사주 매입 및 소각 부재의 단점을 극복하고 차별화될 수 있는 주주환원이 가능하다고 판단""이라고 분석하며, 투자의견 '매수', 목표주가 '22,000원'을 제시했다.한경로보뉴스이 기사는 한국경제신문과 금융 AI 전문기업 씽크풀이 공동 개발한 기사 자동생성 알고리즘에 의해 실시간으로 작성된 것입니다.",https://www.hankyung.com/article/202507084018L,2025.07.08 09:15
'소비쿠폰' 최대 45만원 지급…'스타벅스·배민' 쓸 수 있나 [Q&A],"정부, 민생회복 소비쿠폰 21일부터 지급 
전국민 1인당 15만~45만원 지급 
11월 30일까지 사용·잔액 국고환수
2차는 9월22일 지급…스타벅스 직영점 사용불가","사진=뉴스1

                ""스타벅스 직영점과 애플·배달의민족·쿠팡에서는 사용이 불가능합니다.""정부가 오는 21일부터 모든 국민에게 1인당 15만~45만 원의 ‘민생 회복 소비쿠폰’을 1차 지급하기로 했다. 2차 지급은 소득 선별 절차를 거쳐 오는 9월 22일부터 국민 90%에 10만 원 지급한다.정부는 5일 정부서울청사에서 관계부처 합동 브리핑을 열고 이 같은 내용의 '민생 회복 소비쿠폰 1차 지급계획'을 발표했다. 민생 회복 소비쿠폰의 1차 지급 대상은 전 국민이다. 민생 회복 소비쿠폰 지급 계획 발표 전일인 6월 18일을 기준이다. 국내에 거주하는 대한민국 국민에 지급하는 것을 원칙으로 한다.
                    



소비쿠폰


                소비쿠폰은 두 차례로 나눠 지급한다. 1차 지급일은 오는 21일부터로 전 국민 대상이다. 일반 국민과 소득 상위 10%는 1인당 15만원, 차상위계층은 30만원, 기초생활 수급자는 40만원을 나눠준다. 이와 별도로 비수도권 거주자에게는 1인당 3만원, 인구소멸지역 거주자에게는 5만 원을 각각 더 준다.2차 지급은 오는 9월 22일부터로 건강보험료 기준으로 소득 하위 90%에 10만원을 추가로 지급한다. 최종적으로 소득 상위 10%인 512만 명은 15만원을 받는다. 일반 국민 4296만 명은 25만원, 차상위계층 38만 명은 40만원, 기초생활보장 수급자 271만 명은 50만원을 받는다.가족 단위로 보면 인구소멸지역에 거주하는 기초생활수급 4인 가구는 220만원((50만원+5만원)×4인)을 받는다. 대구, 세종을 비롯한 비수도권에 사는 일반 4인 가족은 112만원((25만원+3만원))×4인), 서울에 사는 일반 4인 가족은 100만원(25만원×4인)을 받을 수 있다.▶ 소비쿠폰 신청은 언제 어떻게 하나? ""7월 21일 오전 9시부터 9월 12일까지 8주 동 온라인·오프라인으로 소비쿠폰을 신청할 수 있다. 신용·체크카드, 선불카드, 지역사랑상품권(지역화폐) 가운데 원하는 수단을 선택해 받을 수 있다.신용·체크카드 지급을 원하는 국민은 자신이 이용하는 카드사 홈페이지나 앱, 콜센터와 ARS 등을 통해 온라인으로 신청할 수 있다. 카드와 연계된 은행영업점을 방문(09:00~16:00)해 신청할 수 있다. 온라인 신청은 신청 기간(7월 21일 오전 9시부터 9월 12일 오후 8시까지) 동안 24시간 신청이 가능하다.온오프라인 모두 신청 첫 주에는 혼잡 및 시스템 과부하를 막기 위해 출생년도 끝자리를 기준으로 요일제가 적용된다. 오프라인의 경우 지역 여건에 따라 요일제 적용이 연장될 수 있다. 예컨대 월요일은 주민등록번호 끝자리가 1, 6 화요일은 2, 7 수요일은 3, 8 목요일은 4, 9 금요일은 5, 0 주말은 모두 신청 가능하다.""▶ 신용 체크 카드를 온라인으로는 어떻게 받나?""카드사는 KB국민카드, NH농협카드, 롯데카드, 삼성카드, 신한카드, 우리카드, 하나카드, 현대카드, BC카드 등 9개 사다. 이들 카드사 외에 케이뱅크, 카카오뱅크, 토스(토스뱅크), 카카오페이 간편결제, 네이버페이 간편결제 앱을 통해서도 신청이 가능하다. 신용·체크카드는 신청한 다음 날 소비쿠폰이 지급되며 기존의 카드포인트와 구별된다. 사용할 수 있는 매장에서 해당 신용·체크카드로 결제할 경우 소비쿠폰 사용이 일반 카드 결제에 우선해 사용된다. 사용 후에는 문자메시지, 앱 알림서비스 등을 통해 소비쿠폰 잔액이 안내된다.모바일 또는 카드형 지역화폐 지급을 희망하는 국민은 주소지 관할지방자치단체의 지역사랑상품권 앱 또는 누리집에서 온라인으로 신청할 수 있다. 신청한 다음 날 지급될 예정이다.""▶ 소비쿠폰을 오프라인으로 받을 수 있나""오프라인은 기준일 당시의 주민등록상 주소지 관할 지방자치단체에서 신청할 수 있다. 종이 지역화폐 또는 선불카드 수령을 원하는 국민은 주소지 관할 읍면동 행정복지센터(또는 주민센터, 읍·면사무소)를 방문하면 소비쿠폰 신청과 수령이 가능하다.동이 불편한 고령자 등 접근성이 낮은 국민의 편의를 위해 해당 지방자치단체에서 직접 방문해 신청을 받고 소비쿠폰을 지급하는‘찾아가는 신청’도 운영한다. 사각지대 관리에 소홀함이 없게 준비할 예정이다.""▶언제까지 받아야 하나. 석 달 뒤에도 받을 수 있나. ""민생 회복 소비쿠폰 1차 신청은 7월 21일부터 약 8주간 진행되어, 9월 12일(금)을 끝으로 신청과 지급이 종료된다. 소비쿠폰을 받고자 하는 국민은 반드시 기간 내에 신청해야 한다. 9월 12일 이후에는 못 받는다.""▶어디서 쓸 수 있나? 백화점과 이마트에서 쓸 수 있나?""신용·체크카드 또는 선불카드로 지급받은 국민은 연 매출액이 30억 이하인 소상공인 사업장에서 민생 회복 소비쿠폰을 사용할 수 있다. 사용이 제한되는 업종은 대표적으로 대형마트, 기업형 슈퍼마켓, 백화점 및 면세점, 온라인 쇼핑몰·배달앱이다. 대형 이마트와 롯데마트, 롯데·신세계백화점은 사용할 수 없다. 유흥주점과 경마장 등 유흥·사행업종, 환금성 업종에도 사용할 수 없다.민생 회복 소비쿠폰은 지역 민생경제 회복에 기여하고 지역 내 소상공인에게 힘이 될 수 있도록 사용 지역을 주소지 관할 지방자치단체로 제한한다. 특별시 또는 광역시 주민은 해당 특별시·광역시에서, 도(道) 지역 주민은 주소에 해당하는 시·군에서 사용할 수 있다.지역화폐로 지급받은 국민은 기존에 구매한 지역화폐와 마찬가지로 주소지 관할 지자체에 소재한 모든 가맹점에서 자유롭게 이용할 수 있다. 관내에 마트, 슈퍼, 편의점 등 유사 업종이 없는 면(面) 지역만, 하나로마트를 상품권 사용처에 포함했다. (약 125개소)""
                    



기재부

▶이케아나 애플 매장, 스타벅스 매장은 사용할 수 있나? ""결론적으로 사용할 수 없다. 마트, 롯데마트, 홈플러스 등 대형마트 이마트 에브리데이, 노브랜드, 롯데슈퍼, 롯데마켓999, 지에스 더 프레시, 킴스클럽, 농심 메가마트, 홈플러스 익스프레스 등 기업형 슈퍼마켓은 안된다. 코스트코, 이마트 트레이더스 등 창고형 매장도 안된다. 백화점 롯데, 현대, 신세계, 갤러리아, AK플라자, NC백화점 등 백화점도 불가능하다.이케아, 샤넬, 애플스토어 대형 외국계 매장도 불가능하다. 스타벅스(직영 100%) 등 직영 형태의 프랜차이즈 매장도 안된다. 하이마트, 전자랜드, 삼성디지털프라자, LG전자 베스트샵, 일렉트로마트 등 가전 매장도 안된다. 일반 유흥주점, 무도 유흥주점도 사용이 불가능하다. 카지노, 복권방, 사행성 오락실,귀금속 판매점도 사용을 막았다. 국세, 지방세, 관세 전기·가스·상하수도 요금으로도 쓸 수 없다. 아파트 관리비 범칙금, 과태료, 벌과금 개인연금, 선불카드 충전액 등으로도 사용할 수 없다. 롯데, 현대, 신세계, 신라, 동화, 제주 등 면세점도 불가능하다. 생명보험, 손해보험, 국민연금, 건강보험 등으로도 사용이 불가능하다.""▶소비쿠폰은 유통기한이 있나? 언제까지 써야 하나?""민생 회복 소비쿠폰은 11월 30일(일)까지 약 4개월 이상 사용할 수 있다. 기간 내에 사용하지 않은 잔액은 국가와 지자체로 환수될 예정이다.""▶2차는 언제 주나""9월 22일부터는 건강보험료 기준으로 소득 하위 90%에게 10만 원을 추가 지급한다. 지급 방식은 1차와 유사하며, 상세 기준은 9월 중 별도 공지 예정이다.""김익환 기자 lovepen@hankyung.com",https://www.hankyung.com/article/202507059781i,2025.07.05 10:55
자사주 의무소각 상법개정...주목해볼만한 종목은?,,"경유레카는 한국경제신문의 디지털 미디어인 한경닷컴에서 개발한 개별 종목에대한인공지능(AI) 알고리즘 업체의 투자 의견을 종합한 'AI 컨센서스'를 제공하는 서비스입니다. '한경유레카' 앱은 구글 플레이 스토어 혹은 앱스토어에서 내려받을 수 있습니다.





종목추천 서비스 종합 플랫폼 한경유레카에 입점한 친절한미정씨가 전거래일(10일) 카카오뱅크를 추천하여 수익률 6.6%를 기록했다.친절한미정씨는 성장, 가치, 성과, 안정성, 모멘텀 등 기업의 가치를 평가하는 5개 중요 변수를 AI 학습 및 분석하여 상대평가 점수화 지표화한 QAIS(Quin AI Score)라는 자체 점수를 통해 종목을 추천한다.  친절한미정씨는 최근 자사주 의무 매입에 대한 상법개정에 따라 은행주들이 강세를 보이고 AI관련주인 2가지 모멘텀을 카카오뱅크가 가지고 있어 QAIS가 높아져 해당 종목을 추천했다고 전했다. 한경유레카에서 신규가입을 하고 친절한미정씨를 구독하면 1개월간 무료로 추천종목을 문자로 받아볼 수 있다.  본 글은 투자 참고용입니다.카카오페이 우리기술투자 SK하이닉스 삼성전자 두산에너빌리티",https://www.hankyung.com/article/202507111724a,2025.07.11 09:35
GLP 1 비만치료제 글로벌 본격 확산…제약사 주가 상승 흐름 동반 강화,,"글로벌 비만치료제 시장이 본격 확대되면서 GLP 1 계열 치료제 개발사들이 테마 중심으로 주목받고 있다. 일라이 릴리의 새로운 경구용 비만치료제 오포글리프론은 임상 3상 통과 소식이 전해지며 관련 기업 주가에 호재로 작용했다. 이에 따라 국내에서도 비만치료제 테마주에 대한 관심이 빠르게 재점화되고 있다.특히 노보 노디스크의 주사형 위고비와 일라이 릴리의 젭바운드 등 GLP 1 계열 치료제는 미국·한국 시장에서 눈에 띄는 임상성과를 보이며, 연간 글로벌 시장 규모가 2024년 150억 달러에서 2035년 1조5천억 달러 수준으로 연평균 5배 이상 성장할 것이란 장기 전망이 힘을 얻고 있다.이러한 기대감은 국내 제약사들의 파이프라인에도 긍정적으로 작용하고 있다. 여러 국내사는 GLP 1 계열 후보물질 개발을 진행 중이며, 높은 임상 잠재력 덕분에 투자자 심리가 활성화됐다. 핀업 테마 지수에 따르면 비만치료제 관련 41개 종목 중 다수 종목이 평균 이상 상승 흐름을 보이는 등, 테마 전반의 강세가 시장 내에서 뚜렷하게 나타나고 있다.이 같은 상승 동력은 펀더멘털 재평가로 이어질 조짐이 감지된다. 글로벌 업계에서 새 치료제들이 ‘구조적 성장주’로 간주되며, 오포글리프론 같은 경구제 확산은 기존 주사제 위주 시장 구조에 변화를 줄 것으로 기대된다. 이로 인해 국내 개발사들도 장기 성장 기대가 붙으며, 목표 밸류에이션이 상향 조정되는 추세다.다만 과열 우려도 존재한다. 이미 선반영된 기대 속에서 일부 차익실현 조정이 발생할 수 있으며, 임상 실패 가능성과 글로벌 규제 환경 변화는 여전히 변수로 남아 있다. 특히 내달 예정된 임상 데이터 발표 시점에는 주가 변동성이 확대될 수 있다는 분석이 나온다.더존비즈온, 대한전선, 제주은행, 대양전기공업, 롯데지주무료상담",https://www.hankyung.com/article/202507174087a,2025.07.17 14:13
,,,https://magazine.hankyung.com/business/article/202507175301b,
"""신기술 개발해도 정부 지원은 '0'…차라리 수입하는 게 낫다""","저수가 늪 빠진 K의료기기

작년 폐업 건수 648건 달해
기술력은 日·유럽에 뒤처져","건강보험 저수가 체계가 국내 의료기기 생태계를 악화시키고 있다는 지적이 나온다. 기업들은 “열심히 연구개발(R&D)을 해도 손해만 본다”며 저수가 체계 개선을 요구하고 있다.





                3일 업계에 따르면 국내 의료기기 업체 중 대부분이 연 매출 10억원 미만의 영세한 기업이다. 한국보건산업진흥원이 2024년 발표한 ‘제1차의료기기산업 실태조사 및 2023년 시장동향 분석’에 따르면 국내 의료기기 제조기업 4176곳 중 80%가 연 매출 10억원 미만이며, 97%가 중소기업이었다.의료기기업계가 장기간 저성장 늪에 빠진 이유는 저수가 체계 때문이다. 기업이 성장하기 위해서는 기술력을 향상해 매출을 확대하는 선순환 구조를 만들어야 한다. 의료기기는 출시 전 임상시험을 거쳐야 하기 때문에 다른 제조업과 비교해 R&D 비용이 전체 비용에서 차지하는 비중이 높다. R&D에 투자한 만큼 매출 확대를 기대하기도 힘들다. 신기술을 적용한 제품과 기존 기술을 적용한 제품 모두 똑같은 수가를 적용받기 때문이다.의료기기 분야에서 후발주자인 한국이 글로벌 대기업과 경쟁하려면 다양한 시장 검증 절차가 필요한데 이를 지원하는 정책도 없다. 정부 조달 사업에선 국산 의료기기 도입에 따른 별도의 가점이나 지원 정책이 없다. 한 필수 의료기기 제조업체 대표는 “해외에 판매를 하려고 해도 국내 수가는 낮은데 왜 해외에서만 비싸게 파느냐는 불만이 이어진다”며 “저수가 때문에 해외 판로 확보도 쉽지 않다”고 말했다.이로 인해 국내 의료기기업계의 기술 경쟁력은 날이 갈수록 뒤처지고 있다. 보건산업진흥원이 주요 국가별 의료기기 기술 수준을 평가한 자료에 따르면 미국이 99.9%라면 유럽은 93.8%, 일본은 83%, 한국은 78.1%다.여기에 의정 갈등까지 더해지며 필수 치료재료를 공급하는 기업들의 매출은 계속해서 감소하고 있다. 이들 대부분이 의정 갈등의 피해가 큰 상급종합병원에 공급하고 있기 때문이다. 식품의약품안전처가 백종헌 국민의힘 의원에게 제출한 자료에 따르면 의료기기 제조업 폐업 건수는 2021년 452건에서 2022년 666건으로 1년 만에 약 47% 치솟았다. 2023년과 2024년에도 폐업 건수는 각각 715건, 648건을 기록하며 여전히 도산 위기가 커지고 있다는 분석이다.임민혁 한국의료기기산업협회 전무는 “한국 지사를 두고 있는 글로벌 의료기기 기업도 최근 인력 구조조정을 시행하는 등 국내 상황이 어렵다”며 “비용을 줄이기 위해 영업 조직을 없애거나 은행 대출로 견디고 있는 기업도 많다”고 전했다.오현아/안대규 기자 5hyun@hankyung.com",https://www.hankyung.com/article/2025070369831,2025.07.03 18:24
"신한은행, 5년간 영국에 3조 추가 투자","영국 정부와 구체적 방안 논의
인프라·ESG·디지털 등에 투자","신한은행이 5년간 영국 현지에 약 3조원을 추가로 투자한다.신한은행은 지난 22일 영국 런던에서 영국 외무·영연방개발부(Foreign, Commonwealth & Development Office)와 투자 협력을 위한 면담을 진행했다. 정상혁 신한은행장(오른쪽)이 캐서린 엘리자베스 웨스트 영국 외무·영연방개발부 아태지역 담당 차관과 영국의 현대 산업전략과 10개년 인프라 전략 계획에 맞춰 투자할 수 있는 방안을 논의했다.이 자리는 21일 신한은행이 런던지점 이전식에서 영국 기업통상부 산하 투자청과 맺은 업무협약을 구체적으로 이행하는 방안을 구상하기 위해 만들어졌다. 신한은행은 협약 체결 당시 2030년까지 영국 현지 누적투자액을 20억파운드(약 3조7000억원)로 늘리겠다고 약속했다. 지금까지 투자한 금액은 4억6000만파운드(약 8600억원)다.신한은행은 앞으로 영국에서 인프라, 환경·사회·지배구조(ESG), 디지털 전환 등 다양한 분야에 적극적으로 투자할 계획이다. 이를 통해 영국사업을 키우는 동시에 런던지점을 유럽·중동·아프리카(EMEA)의 금융허브로 키울 방침이다. 이 은행은 최근 아프리카금융공사와 업무협약을 체결하기도 했다.신한은행 관계자는 “영국의 다양한 산업에 투자해 신한금융그룹의 경쟁력을 더욱 발전시킬 계획”이라며 “유럽과 중동, 아프리카를 잇는 금융의 가교 역할에도 충실할 것”이라고 말했다.김진성 기자 jskim1028@hankyung.com",https://www.hankyung.com/article/202507248811i,2025.07.24 09:59
"'푸른저축은행' 52주 신고가 경신, 전일 외국인 대량 순매수",,"◆ 주체별 매매동향- 전일 외국인 대량 순매수지난 한달을 기준으로 보면 외국인이 5.7만주를 순매수했고, 기관도 2.1만주를 순매수했다. 반면 개인들은 9.9만주를 순매도한 것으로 나타났다. 같은 기간 이 종목의 거래비중은 외국인과 개인이 각각 24.0%, 73.4%로 비중이 높다.한편 외국인은 이 종목에 대해서 최근 3일 연속 5.6만주 순매수를 하고 있다. 더욱이 전일 외국인이 대량 순매수를 하고 있어 투자자들의 관심이 집중되고 있다.[그래프]푸른저축은행 외국인/기관 매매동향











한경로보뉴스이 기사는 한국경제신문과 금융 AI 전문기업 씽크풀이 공동 개발한 기사 자동생성 알고리즘에 의해 실시간으로 작성된 것입니다.",https://www.hankyung.com/article/202507100079L,2025.07.10 12:37
몸속 요관 80cm 타고 들어가 신장결석 파쇄하는 AI 수술로봇,"로봇기술 권위자 권동수 KAIST 명예교수 설립한 로엔서지컬
몸속 구멍 타고 들어가는 관내수술로봇 분야 세계 최강자
내년 美 진출, 세계적 IT기업 투자유치, 코스닥 상장도 추진
비뇨기과 명의 ""자메닉스는 자율주행차...새로운 치료 표준될 것""",,https://www.hankyung.com/article/202507047715i,2025.07.05 15:25
"미국 대형은행들, 스테이블코인 직접 발행 움직임 본격화…전통금융·가상자산 경계 허문다",,"미국 주요 대형 은행들이 잇따라 스테이블코인 발행 계획을 공식적으로 시사하면서, 전통 금융과 디지털 자산 생태계 간의 경계가 급속히 허물어지고 있다.9일(현지시간) 월스트리트저널과 CNBC 등에 따르면, JP모건은 “우리는 이미 JPM코인(JPMD)이라는 예치금 기반의 디지털 자산을 통해 디지털 송금 시장에 참여하고 있으며, 스테이블코인 영역도 적극 검토하고 있다”고 밝혔다. 이는 기존의 블록체인 결제 시스템을 넘어, JP모건이 실질적인 암호화폐 기반 결제 수단 개발에 나설 것임을 의미한다.시티그룹도 최근 실적 발표 컨퍼런스콜을 통해 “스테이블코인 발행을 위한 기술·규제 환경을 분석 중”이라며, 디지털 통화 시장 진입 가능성을 언급했다. 또 다른 미국 대형 은행인 뱅크오브아메리카(BoA)는 지난 2월 “규제가 허용된다면 즉시 스테이블코인을 발행할 준비가 돼 있다”고 밝힌 바 있다.이처럼 대형 은행들이 경쟁적으로 스테이블코인 발행에 나서는 이유는, 디지털 자산 생태계 내 안정적인 거래 수단이 갖는 전략적 중요성 때문이다. 특히 미국 정부가 디지털 달러(CBDC) 도입에는 상대적으로 소극적인 반면, 민간 스테이블코인에 대한 규제 프레임워크 정비에는 속도를 내고 있어, 은행권 입장에선 기회를 선점할 적기로 판단하고 있다.시장에서는 전통 금융기관들이 디지털 자산 시장에 직접 진입함에 따라, 스테이블코인을 활용한 글로벌 송금·결제 경쟁이 본격화될 것으로 보고 있다. 또한 이러한 흐름은 암호화폐 거래소, 핀테크 기업, 블록체인 인프라 업체 등 관련 산업 전반에 걸쳐 파급력을 발휘할 수 있다는 분석이다.한편, 국내 투자자들 사이에서도 미국발 금융 디지털화 움직임에 따라 글로벌 핀테크·블록체인 종목에 대한 관심이 높아지고 있다. 특히 일부 투자자들은 시세 변동 구간에서 스탁론이나 스탁론(주식매입자금)을 활용해 해당 테마 종목에 대해 레버리지 전략을 구사하는 사례도 증가하고 있다. 전문가들은 “금융 디지털화는 구조적인 장기 트렌드이지만, 규제 변화에 따른 단기 조정 리스크도 존재하므로, 스탁론을 활용할 경우 종목의 실적 기반과 모멘텀을 동시에 고려한 운용이 중요하다”고 조언했다.




 

▶ 더머니스탁론 신규 상품 전격 출시! (DSR 규제 X)▶ 최대 400% 레버리지 투자, 증권사 신용미수 대환 가능!▶ 한 종목 100% 집중 투자 가능!▶ 더머니스탁론 바로가기 (https://themoney.co.kr/ha)▶ 더머니스탁론 전화 상담 1600-7096▶ 더머니스탁론 카카오톡 상담 (http://pf.kakao.com/_cVfxbn/chat)관심종목: 갤럭시아머니트리, 한네트, 다날, 케어랩스, 핑거무료상담",https://www.hankyung.com/article/202507173389a,2025.07.17 10:00
"코스피, 차익 실현 매물에 0.9%↓…은행·증권주 '털썩'","코스닥은 약보합
원·달러 환율 1385.7원에 주간 거래 마감","사진=뉴스1

                코스피가 사흘 만에 하락 마감하며 3200선을 내줬다. 코스닥 지수도 약보합세를 보였다. 차익실현 매물이 나오며 하방 압력을 받은 것으로 풀이된다.16일 코스피는 전일 대비 28.9포인트(0.9%) 하락한 3186.38에 마감했다. 장 초반 3178.42까지 밀렸던 코스피는 장중 3200선 턱밑까지 다시 오르기도 했지만, 오후 들어 상승 동력을 잃고 우하향하는 흐름을 보였다.유가증권시장에서 기관과 외국인은 각각 6336억원, 764억원어치를 순매도했다. 외국인은 장 막판 순매도 규모를 줄였다. 개인은 홀로 6246억원을 순매수했다.시가총액 상위주는 대부분 하락했다. 두산에너빌리티(-2.6%), LG에너지솔루션(-1.74%), 현대차(-1.66%), 셀트리온(-1.01%), SK하이닉스(-0.84%), 기아(-0.5%)의 주가는 전날보다 낮았다. 다만 HD현대중공업(1.77%), 삼성전자(1.57%), 한화에어로스페이스(0.71%)는 강세 마감했다.차익실현 움직임에 우리금융지주(-6.73%), KB금융(-5.02%), 기업은행(-5.91%), 미래에셋증권(-7.1%), 신영증권(-6.56%), 삼성증권(-5.52%) 등 은행·증권주는 일제히 하락했다. 전날 정부는 국무회의를 열고 상법 일부개정 법률 공포안을 의결했다. 주요 내용 가운데 이사의 충실 의무 대상 확대는 공포 후 즉시 시행되며, 3% 제한 규정은 공포 1년 뒤부터 시행된다.실적 개선 기대감에 청담글로벌(27.41%), 한국화장품(8.94%) 등 일부 화장품주는 강세를 보였다. 국내 화장품 기업들은 2분기 실적 시즌을 앞두고 견조한 수출 성장세를 보이고 있다. 식품의약품안전처에 따르면 올해 상반기 국내 화장품 수출액은 55억달러(약 7조원)로, 지난해 상반기보다 14.8% 증가했다.코스닥 지수는 전일 대비 0.65포인트(0.08%) 밀린 812.23에 거래를 마쳤다. 보합권에 머무르던 코스닥 지수는 오후 들어 상승 전환하기도 했지만, 상승세를 오래 유지하지 못했다.코스닥 시장에서도 외국인과 기관은 각각 1140억원, 675억원을 순매도했다. 개인은 2033억원을 순매수하며 물량을 받아냈다.코스닥 시가총액 상위주도 약세를 보였다. 파마리서치(-3.04%), 에이비엘바이오(-2.77%), 에코프로(-2.33%), 에코프로비엠(-2.19%), 코오롱티슈진(-1.71%), 리가켐바이오(-1.61%), 삼천당제약(-1.33%)이 파란불을 켰다. 다만 코스닥 대장주 알테오젠(3.62%)과 리노공업(2.71%)은 강세 마감했다.원·달러 환율은 전장 대비 5.5원 오른 1385.7원에 마감했다. 미국 소비자물가 상승폭이 가팔라지며 달러가 힘을 받고 있는 것으로 풀이된다. 미국 노동부는 6월 소비자물가지수(CPI)가 전년 동월 대비 2.7% 상승했다고 밝혔다. 2월(2.8%) 후 최대 상승폭이다.이재원 신한투자증권 연구원은 ""관세 우려에 미국 국채 금리가 올랐다""며 ""연고점을 계속 경신해왔기 때문에 차익 실현 매물이 나온 모습""이라고 설명했다.진영기 한경닷컴 기자 young71@hankyung.com",https://www.hankyung.com/article/2025071622986,2025.07.16 15:51
구조개혁 외면한 韓…잠재성장률 14년째 추락,"OECD 주요국 중 하락폭 가장 커
출산율 저하로 인구부족 심화
노동시장 이중구조 개선도 지적
英·호주 등 기술혁신 통해 반등","이미지 크게보기



                한국의 잠재성장률은 14년 연속 하락하고 있다. 2010년 3.75%에서 2011년 3.76%로 미미하게 반등한 뒤 줄곧 내리막길을 걷고 있다. 내년에는 1.88%로 내려앉을 것으로 경제협력개발기구(OECD)는 추산했다. 국내총생산(GDP) 규모가 커지면서 잠재성장률이 하락하는 것은 일반적이다. 하지만 우리보다 경제 규모가 큰 미국, 영국 등 선진국도 잠재성장률 반등에 잇따라 성공하고 있다는 점에서 생산성을 끌어올릴 구조개혁이 시급하다는 지적이 나온다. 한 경제전문가는 “이재명 정부가 잠재성장률 3% 달성을 국정 비전의 하나로 제시했지만, 2%대만 회복해도 대단한 성과”라며 “이를 위해선 노동·교육 등 구조개혁과 함께 과감한 규제 혁파가 반드시 필요하다”고 말했다.◇ 잠재성장률 급락한 한국한국의 잠재성장률 하락에 가장 큰 영향을 미치는 것은 인구 문제라는 지적이 많다. 한국은행은 최근 잠재성장률 추이를 분석하면서 ‘생산가능인구의 급격한 감소’를 주원인으로 꼽았다. 저출생 영향이 본격화하면서 노동시장에 참여할 인구 자체가 줄어 잠재성장률이 하락했다는 것이다. 이를 보완하기 위해서는 고용을 유연화해 노동생산성을 향상하고 여성·고령자의 노동시장 참여율을 높이는 등 구조개혁이 필요하지만 제대로 이뤄지지 않아 잠재성장률 하락 속도가 더 빨라졌다고 지적했다.OECD도 이런 점을 감안해 2년마다 내놓는 ‘한국경제보고서’를 통해 20년 넘게 구조개혁 필요성을 강조했다. 작년 보고서에선 출생률 제고를 위한 출산·육아 정책을, 2022년엔 노동시장 이중구조로 인한 대기업과 중소기업 간 생산성 격차를 지적하는 내용을 집중적으로 다뤘다. 하지만 제대로 된 구조개혁이 이뤄진 사례는 찾아보기 힘들다. 이재명 정부는 인공지능(AI) 전환을 통한 생산성 향상으로 잠재성장률을 끌어올린다는 구상이지만, 이렇다 할 구조개혁 정책을 내놓고 있지 않다.◇ 생산성·노동력 확보해야 반등한국의 잠재성장률이 악화일로인 것과 달리 주요 선진국 중에선 잠재성장률 반등을 이뤄낸 국가가 적지 않다. 기술 혁신으로 생산성을 높이고 외국인 근로자 유입 등을 통해 생산가능인구를 늘린 효과다.OECD에 따르면 미국의 잠재성장률은 글로벌 금융위기 직후인 2010년 1.31%까지 떨어졌다. 하지만 이후 뚜렷한 반등 흐름이 나타나고 있다. 2015년 2.19%로 2007년(2.14%) 후 8년 만에 2%대를 회복했고, 올해까지 2%대 잠재성장률을 유지하는 것으로 추정됐다. 기술 혁신으로 생산성 향상을 이뤄낸 사례다.2021년 잠재성장률이 0.92%까지 떨어진 영국은 올해 1.16%로 반등을 이뤄냈다. 같은 기간 호주는 2.03%에서 2.26%로, 캐나다는 1.45%에서 1.65%로, 이탈리아는 0.99%에서 1.27%로 잠재성장률이 상승했다.한은에 따르면 잠재성장률 반등에 성공한 선진국과 한국의 가장 큰 차이는 생산가능인구다. 저출생 우려는 대부분 선진국에서 나오지만, 외국인 근로자 취업 비율에서 큰 차이가 난다는 설명이다. 한은이 국제노동기구(ILO) 자료를 분석한 결과 2020년 기준 총취업자 중 외국 인력 비중은 호주가 31.2%, 영국이 16.4%로 한국(5.2%)의 3~6배에 달했다.이은경 한은 차장은 “기업투자환경 개선과 혁신기업 육성, 출생률 제고와 외국 인력 활용을 위한 과감한 구조개혁이 필요하다”고 강조했다.강진규 기자 josep@hankyung.com",https://www.hankyung.com/article/2025070732361,2025.07.07 18:06
"美,대일 관세 '15%' 에 글로벌 자동차주 랠리","일본 자동차와 한국, 독일 자동차 주식 모두 급등
씨티은행 ""한국, EU 협상에 영향 미칠 것""
美빅3,""캐나다 멕시코산 차 25%관세와 형평성 문제""","사진=REUTERS

                미국과 일본의 그랜드딜로 일본 증시가 1년만에 최고치로 치솟는 등 글로벌 증시가 전반적인 상승세를 보였다. 특히 미국과 일본이 자동차의 대미 수출에 15%의 관세를 적용하는데 합의하면서 주요 자동차 수출국인 한국과 독일의 자동차 업체 주가도 일제히 급등했다. 23일(현지시간) 미국과 일본이 무역 협정 타결을 발표하면서 일본 증시에서 도요타, 혼다, 마쯔다 등 일본 자동차 기업 주가가 대부분 10% 이상 폭등했다. 닛케이225지수는 1년만에 가장 큰 폭인 3.5% 급등했다.불확실성 해소로 일본은행이 금리를 인상할 수 있는 길이 열리면서 일본 국채는 매도가 급증했다.  이 날 10년 만기 국채 수익률은 8.5베이시스포인트(1bp=0.01%) 상승한 1.585%를 기록했다. 일본 자동차에 대한 관세율이 15%로 낮아졌다는 소식에 한국 증시에서 현대자동차와 기아자동차 주가도 각각 7~8% 이상 크게 올랐다. 한국 코스피는 0.44% 올랐다.유럽 증시에서는 개장초 독일의 폴크스바겐, BMW, 메르세데스벤츠 그룹의 주가가 4% 오르고 포르쉐는 7.1% 상승했다. 미-일 협정 타결 소식에 미국-유럽 연합(EU) 협상 타결에 대한 기대감이 높아지며 범유럽 스톡스 600지수는 개장 직후 1% 올랐다. 미국 주가지수 선물도 상승세를 보였다. S&P500 선물은 0.4% 올랐고 나스닥 지수 선물은 0.2% 올랐다. 다우 선물도 0.5% 상승했다. 이 날 트럼프 미국 대통령과 이시바 시게루 총리의 발표에 따르면, 일본은 자동차를 포함, 대미 수출품에 15%의 관세등 모든 일본 수출품에 대해 15%의 관세를 적용하기로 했다.이 대가로 일본은 알래스카 LPG 가스전 등 미국에 총 5,500억 달러(758조원)를 투자하기로 했다. 일본은 또 미국산 쌀 등 농산물 수입 확대와 미국산 자동차와 트럭에 대한 기준을 미국과 동일한 수준으로 변경하기도 했다. 트럼프 대통령은 자신의 소셜 미디어에 올린 글에서 이 합의를 “아마도 역대 최대 규모의 거래”라면서 일본이 미국에 투자하는 “5,500억 달러 가운데 수익의 90%를 미국이 받을 것”이라고 덧붙였다. 트럼프는 일본이 “자동차와 트럭, 쌀과 일부 농산물 등을 포함한 무역을 개방할 것”이라고 말했다.대미 자동차 수출은 일본 경제의 초석으로, 2024년 전체 수출의 28.3%에 무역 흑자의 절반 이상을 차지하는 것으로 알려졌다. 씨티은행 분석가들은 “주요 자동차 수출국에 대한 관세가 출하량에 상한을 두지 않고 인하된 것은 주목할 만한 일이며 이는 현재 진행중인 EU와 한국과의 협상에도 영향을 미칠 것”이라고 덧붙였다.유럽 자동차 협회 ACEA의 데이터에 따르면, 유럽은 2024년에 389억 유로(약 63조원) 상당의 자동차 75만 8,000대를 미국에 수출했다. 이는 미국이 유럽으로 수출한 차량수보다 4배 이상 많다. 일본 자동차에 대한 관세 15% 소식에 미국 자동차 제조업체를 대표하는 그룹은 캐나다와 멕시코의 공장 및 공급업체에서 수입되는 제품에 대한 관세는 25%라며 일본과의 관세 협상에 대한 불만을 표시했다.김정아 객원기자 kja@hankyung.com",https://www.hankyung.com/article/202507237838i,2025.07.23 19:10
[데스크 칼럼] 방시혁의 분노와 자본시장 미스터리,조진형 마켓인사이트부장,"방시혁 하이브 의장은 불만이 엄청 많은 사람이다. 납득할 수 없는 현실, 불행하게 하는 상황과 싸우고, 화를 내고, 분노한다. 외면하고 안주하고 타협하는 것은 그가 살아가는 방식이 아니다. 태생적으로 그렇다. 방탄소년단(BTS)을 키우고 K팝 역사를 새로 쓴 원동력은 다름 아닌 분노였다. 2019년 모교인 서울대 졸업식에서 방 의장은 후배들에게 그만의 성공 비결을 그렇게 소개했다.분명 자본시장에도 분노했을 것이다. 모진 고생 끝에 기업공개(IPO)를 하려는데 온갖 규제가 득실댄다. 무엇보다 돈을 만질 수가 없다. 상장해도 보호예수에 묶여 주식을 팔 수 없다. IPO 문턱을 넘은 창업자 모두 공감하는 얘기다. 지분 가치가 조 단위라고 해도 사이버 머니와 다름없다고들 한다. 방 의장은 이런 현실을 받아들이지 않았다. 2020년 하이브 상장을 앞두고 사모펀드(PEF)들과 비밀 계약을 맺은 배경이다. 교묘한 계약과 대담한 기획방 의장과 PEF가 맺은 주주 간 계약은 간단하면서 교묘하다. 하이브 주식을 가진 PEF들이 상장 후 그 주식을 팔면 차익의 30%를 방 의장이 받는다는 게 핵심이다. 목적은 분명하다. 돈을 벌기 위해서다. 방 의장은 4000억원을 손에 쥐었고, 이스톤PE의 관련 키맨(핵심 운용역) 세 명도 2000억원을 벌었다. 5년 전 하이브 상장 당시 아무도 몰랐던 일이다.작년 11월 이들의 비밀을 취재하게 된 건 뒤늦게 호기심이 발동하면서다. 방 의장 덕에 돈벼락을 맞았다는 키맨의 존재를 인지하면서 당시 하이브 상장을 재구성하기 시작했다. 방 의장이 비밀 계약의 중심이자 가장 큰 돈을 벌었다는 점이 확인되자 순식간에 퍼즐이 맞춰졌다.본지 취재팀의 보도 내용은 금융감독원과 경찰 조사에서 그대로 확인됐다. 방 의장은 대담했다. 하이브가 IPO 준비를 진행하고 있었음에도 마치 상장이 지연될 것처럼 기존 주주들을 속여 지인들이 조성한 기획 PEF에 주식을 매각하게 했다는 혐의를 받는다. 지난주 증권선물위원회는 방 의장과 관계자들을 자본시장법상 사기적 부정거래행위 금지 위반 혐의로 검찰에 고발 조치했다. 최고의 전문가들은 왜 침묵했나이번 부정거래 혐의의 본질은 하이브 기존 주주를 속였다는 게 아니다. 대주주와 연관된 비밀 계약이 상장 과정에서 철저하게 은폐됐다는 점이다. 보호예수 규제를 비껴간 PEF들은 하이브 상장 첫날부터 나흘 동안에만 지분 4.99%를 시장에서 팔아 4258억원을 챙겼다. 상장 첫날 상한가인 35만1000원으로 직행했던 주가가 1주일여 만에 15만원대로 수직 낙하했다. 그 피해를 누가 봤을지는 말할 필요도 없다.하이브 상장 과정에서 비밀 계약의 존재를 알고 있었던 사람은 방 의장과 PEF 키맨들만이 아니다. 수많은 자본시장 전문가가 연관돼 있다. 방 의장과 하이브는 최고의 로펌 자문을 받으면서 최고의 IPO 주관사를 거느렸다. 자본시장 상식이 있다면 문제의 소지를 직감하지 않았을 리 없다. 그런데도 아무도 한국거래소 상장 심사 때 이를 공유하지 않았고, 금감원에 제출하는 증권신고서에도 관련 내용을 누락시켰다. PEF에 자금을 댄 연기금, 은행, 증권사 등 수많은 금융기관도 모르는 체했다.대한민국 최고의 자본시장 전문가들은 침묵했고, 자본시장 시스템은 전혀 작동하지 않았다. 여전히 미스터리다. 이번 부정거래 사건에서 가장 분노가 치미는 대목이다.",https://www.hankyung.com/article/2025072252111,2025.07.22 17:46
"""하반기 수출둔화 대비해야…반도체 타격 적을 것""",,"영상 모듈 닫기




<앵커>기대 이상의 퍼포먼스를 보여주고 있는 우리 증시 이대로 3200고지를 돌파할 수 있을 것인지 전문가 모시고 대내외 변수들 진단해 보겠습니다.한양대 경제금융대학 이정환 교수 스튜디오에 모셨습니다. 교수님 어서오세요.트럼프 관세 리스크 속에서도 코스피가 지금 이틀째 장중 연고점 계속해서 경신을 하고 있습니다. 이 정도로 힘을 내줄 거라고 예상한 투자자들은 그렇게 많지 않을 것 같거든요. 오늘 어떻게 좀 평가하세요?<이정환 교수>사실 올해 4월에 트럼프 대통령이 관세를 발표했을 때 2280까지 내려가면서 주가가 굉장히 많이 폭락을 했죠. 그 시기에 굉장히 혼란성이 있었는데 지금 3100이 넘어갈 정도로 주가가 많이 상승하면서 증시에 대한 기대감이 많이 형성되고 있다고 아마 보시면 될 것 같습니다.그런데 이제 다만 아직 실적 같은 것들이 뒷받침해주는 장은 아니고 호재들이 있었죠. 상법 개정이라든지 금리 인하에 대한 기대감, 그다음에 추경에 대한 기대감, 결국은 정부가 한 30조 가량의 돈을 푼다라는 그런 기대감들이 형성이 되면서 주가를 부양하고 있는 양상, 그리고 아무래도 새 정부가 들어오면서 정치적 불확실성이 해결이 되면서 여러 가지 긍정적인 요소들이 많았다고 보시면 될 것 같습니다.그런데 이제 앞으로 더 탄력을 받으려면 결국은 실적이 뒷받침해주는 게 가장 긍정적일 수 있다고 보실 수 있을 것 같고요. 금리 인하 속도라든지 여러 가지 것들이 아직도 관세 이슈가 해결이 안 됐기 때문에 글로벌 프락시성 이슈들이 해소가 돼야 지금은 조금 더 모멘텀을 받으며 5000까지 목표로 하는 그런 주가 지수가 될 수 있지 않을까 이렇게 생각을 하고 있습니다.<앵커>상법 개정안 통과에 이어서 자사주소각 의무화 법안까지 지금 발의가 됐습니다. 현재 지금 PBR 코스피가 1.1배 넘어선 상황인데 하반기에 우리가 추가 성장을 할 수 있을 것인지 이 부분을 좀 어떻게 보고 계세요?<이정환 교수>정부가 개인투자자 보호라든지 주가 상승을 위해서 굉장히 강력한 정책들을 내놓고 있죠특히나 소액주주 보호에 대한 내용들을 많이 내놓고 있고 소액주주 같은 경우엔 주주 환원이 되면 바로 또 주가가 상승할 수 있는 여력들이 있기 때문에주가의 방향성 자체는 긍정적으로 보시는 분이 조금 더 많은 것 같다고는 말씀드리시겠습니다. 다만 아까 말씀드린 것처럼 불확실성 요소라든지 실적 요소 또 미국의 관세 효과가 어떻게 되느냐 이런 것들이 아직 불확실하게 남아있기 때문에 어느 경로로 또 주가가 반응할지는 좀 지켜봐야 될 상황들인 것 같고요. 그리고 이제 아까 2280부터 해갖고 지금 3100까지 굉장히 많이 올랐기 때문에 수익을 실현하는 분들도 또 그만큼 많고 최근에 외국인들이 수익 실현하는 차원에서 주식시장에서 빠져나가는 모습들도 보이고 있거든요.이런 상황들을 볼 때는 좋은 호재들은 많은 것 같다. 금리가 조금은 낮아질 것 같고 정부가 강력하게 소액주주 보호를 위해서 주가를 드라이브하고 있는 상황은 좋지만 해외 정책에 대한 불확실성, 그 다음에 국내적으로 봤을 때도 아무래도 실적 같은 것들이 이슈가 달라붙어 있기 때문에 그리고 많이 올랐기 때문에 수익 실현을 하라는 인센티브도 크기 때문에 이게 어떻게 될지는 조금은 지켜봐야 될 것 같다. 이런 말씀을 드릴 수 있을 것 같습니다.<앵커>말씀하신 것 중에 가장 큰 불확실성으로 꼽히는 게 역시 품목 관세 이슈란 말이죠. 오늘 한국은행에서도 반도체 품목 관세 이 부분이 앞으로 가장 큰 경기의 변수다 이렇게 지적을 하기도 했는데 지금 반도체 의약품 이런 품목 관세 실제로 수출에 직접적으로 타격을 줄 만한 요소라고 보세요?<이정환 교수>이게 단기적으로는 그러지 않을 가능성이 좀 높다고 보는 것 같고요. 아무래도 우리나라 SK하이닉스라 이런 데서 HBM 반도체 그리고 고부가가치 반도체가 미국 수출을 주도하고 있기 때문에 그 부분에 대해서는 영향력 같은 것들이 조금 낮지 않느냐. 그리고 바이오 분야 같은 경우에는 실제로 미국에서 또 생산하는 부분도 많기 때문에 단기간에는 어떻게 보자라면 이런 수출에 대한 피해가 크지는 않을 것 같다.그리고 반도체, 특히나 반도체 분야는 하반기에도 시황이 좋을 거라고 경제 상황이 좋을 거라고 예측을 하고 있기 때문에 반도체 분야에서는 수출이 늘어날 것이라고 예측을 하고 있어서 그게 단기간은 큰 이슈는 아닌 것 같다라고는 보고 있지만 당연히 지금 반도체라든지 의약품에 대해서 트럼프 대통령이 하는 것은 경제 안보 차원의 이야기거든요. 결국은 경제 안보 차원의 이야기라는 것은 중국과 갈등이 본격화됐을 때 동아시아에 집중된 반도체 설비를 어떻게 하면 미국 안쪽으로 옮길 수 있을 것이냐라는 그런 어떤 기대감, 특히나 의약품 같은 경우 역시 중국과 전쟁이 됐을 때 아까 브릭스 분은 브릭스 이야기를 하셨는데 인도와도 관계가 안 좋아졌을 때 어떻게 의약품을 생산할 수 있을 것이냐, 미국 내에서 생산할 수 있을 것이냐는 큰 경제 안포 테두리에서 이어지는 거기 때문에 적극적으로 공장을 이전하라는 요구는 계속 이어질 것이다. 그것을 관세로 계속 요구하는, 관세로 계속 요구할 가능성들은 높다고 보시면 될 것 같습니다.<앵커>지금 말씀하신 반도체 품목 관세의 경우에 말씀하신 것처럼 자국의 산업 안보를 위해서 하는 거라고 말씀해 주셨잖아요. 이게 실제로 반도체 품목 관세가 어떤 형태로 구현이 될지 당장 보면 실제로 마이크론이 최근 메모리 3사 중에 굉장히 위상이 올라가고 있는 것도 사실이거든요.<이정환 교수>아무래도 품목 관세라는 것은 정률 관세 형태로 부과가 되는 거긴 한데 이제 결국은 어느 나라에서 생산이 되느냐에 대해서 조금 더 부과할 수도 있고다양한 베리에이션이 있다고 보시면 될 것 같습니다. 그런데 이제 의약품 관세에 비해서 반도체 관세 분야는 조금 트럼프 행정부가 좀 희미하게 얘기했거든요. 의약품 관세는 1년 아니면 1년 반 안에 해결해라라고 명시적으로 이야기했는데 반도체 관세에 대해서는 하라라고 이야기하고 있지만 지금 예를 들어서 HBM 반도체 수출가를 당장 올려버리면 미국 AI 기업들에게, 미국 데이터 센터를 굉장히 많이 지어야 되는데 AI 기업들에게 당장 타격을 주기 때문에 단기간에 어떤 구체적으로 나오기는 쉽지는 않은 것 같다. 바이오가 조금 더 빠르고 반도체가 조금 느릴 가능성이 있는데 그래도 장기간에 봤을 때는 반도체 설비를 동아시아에 너무 집중돼 있거든요. 일본, 대만, 한국, 중국 이런 데까지 너무 집중되어 있기 때문에 이것에서 끌어오르는 계속 노력을 경제 안보 차원에서 적극적으로 유도하는 노력을 할 것 같다라고는 말씀드릴 수 있겠습니다.<앵커>지금 8월 관세 이후에 수출 제조업체들 실적 악화는 사실 좀 피하기 어려운 거 아니냐 이런 얘기가 나오는데 당장 한국은행도 오늘 밝히기를 반도체 HBM 쪽은 수출이 더 확장세이긴 하지만 전판적으로는 수출 둔화가 하반기에 좀 우려가 된다 이런 지적을 했단 말이죠. 하반기 수출 주력 종목들의 기업가치 하락에 우리가 대비할 때가 됐다고 보세요?<이정환 교수>아무래도 이게 2분기에 비해서 3분기 실적이 어떻게 나오느냐 같은 것들 사람들의 기대감이 있을 텐데 그거보다 높게 나오냐 낮게 나오냐 이슈들이 분명히 있다고 보시면 될 것 같고요. 3분기가 쉽지 않을 것 같고 관세가 8월 1일부터는 진짜 할 거다라고 이야기를 하고 있고 반도체를 8월 1일에 하지 않을 가능성이 조금은 높은 것 같은데 하지 않을 가능성이.왜냐하면 이게 조금 복잡한 이슈라 이게 당장 hbm 반도체 같은데 관세를 붙이면 아까 말씀드린 데이터 센터 구축 같은데 큰 이슈가 있기 때문에 당장은 안 붙일 것 같은데 장기적으로 관세를 붙이게 된다면 이슈가 분명히 있을 것이다. 그리고 자동차 역시 사실 잠깐 6월에 반등하는 양상을 보이긴 했는데이것이 하반기까지 갈 것이냐 수출에 어떻게 보면 지금 6월에 성적이 좋았던 것은 EU 쪽에 수출을 많이 해서인데 이걸 하반기까지 끌어갈 수 있느냐의 이슈도 계속 있기 때문에 좀 주가를 하락시킬 수 있는 요인인데 결국은 기대가 형성이 되고 실적이 뒷받침돼야 또 그게 모멘텀이 되면서 가이던스도 좋아지고 같이 올라가는 순환장이 될 수가 있는데 그런 고리가 깨질 수가 있기 때문에 좀 주의해야 될 필요는 있는 것 같다라고 말씀드릴 수 있겠습니다.<앵커>앞서서 수출이 어떻게 될 거냐에 대한 부분을 여쭤봤지만 수급적인 측면에서도 한번 살펴봐야 될 것 같은데 한미 금리차 부분을 결국엔 볼 수밖에 없습니다. 우선 오늘 한국은행 기준금리가 동결이 됐습니다. 가계부채 집값 문제, 금리 인하 제약하는 요인이 되고 있는데요. 연내 금리 인하가 가능할까요, 우리나라? 어떻게 보세요?<이정환 교수>사실 최근에 한국은행 스탠스 자체는 통화 정책은 천천히 하겠다. 결국 어떤 이야기냐면 경기 부양은 재정 정책에 맡긴다라는 그런 취지로 논의가 되고 있고요. 아무래도 한국은행에서 금리를 낮추기에는 가계부채 증가 속도 같은 것들이 부담이 되고 있고 오늘 이창영 총재님께서 또 이야기하신 게 집값이 오르면 가계부채가 당연히 늘어날 수밖에 없다. 그래서 집값 관리 같은 것들을 강력하게 해야 된다라고 논의를 벌였거든요. 다시 말해서 집값이 안정되지 않으면 집값이 안정되는 신호가 보이지 않으면 가계부채에 대한 우려 때문에 금리를 낮추는 것이 쉽지 않을 수도 있다라고 역으로 또 해석이 가능한 멘트이기 때문에 집값의 흐름 같은 것들을 좀 유의 깊게 봐야 된다. 아무래도 경제 사정이 안 좋기 때문에 한 번쯤은 11월이나 금리를 내릴 수 있을 거라고 생각을 하고 있는데 이게 두 번이 될 것이냐. 두 번이 되면 8월이 가능성이 좀 높다고 많이들 평가를 하고 있는데 8월에 내릴 수 있을까에 대해서는 아마 집값의 흐름 같은 것들 그리고 경기 상황 같은 것들을 좀 보면서 봐야 되지 않는가 이렇게 생각을 하고 있습니다.<앵커>사실 미국이 빨리 금리 인하에 나서야 환율이 조금 더 안정화될 수 있지 않을까 이런 기대들도 있는 상황인데 연준에서 지난달 의사록을 어제 공개를 했거든요. 다음 회의에서 금리를 내려야 한다는 입장이 있고 연내 금리를 아예 인하를 안 해야 된다는 입장도 있고 동결해야 된다는 입장도 있고 의원들 의견이 완전히 분열이 되고 있는 그런 상황이 나타나고 있는데 이건 왜 그렇다고 보세요?<이정환 교수>점도표가 6월에 나온 건데 점도표를 보니 흔히 말하는 스프레드가 커진 거죠. 내리지 말아야 된다는 사람도 굉장히 많아지고 평균은 비슷하지만 많이 내려야 된다는 사람도 늘어나면서 이게 좀 커지는 양상이라고 보시면 될 것 같고요. 이것은 아무래도 관세 정책의 불확실성 때문에 그렇다고 보시면 될 것 같습니다. 관세 정책이 물가에 다 영향을 미칠 거라고 굉장히 많은 추측을 하고 있거든요. 그러니까 흔히 말해서 원자재 사오는데 가격이 오르게 되면 이것이 어느 정도는 물건 가격에 반영이 될 수밖에 없고 물건 가격에 반영이 된다는 얘기는 물가가 오른다는 이야기이기 때문에 연준이 타겟팅하는 2%대의 물가 상승률을 유지하기 위해서는 금리를 조금 높게 가져갈 수도 있어야 되는 이런 상황들이다. 파월 연준 의장이 계속 지속적으로 이야기하는 것은 지금까지는 괜찮았지만 하반기에 이 불확실성이 해소되는 것이 어떤 방향으로 가는지 좀 봐야 된다.물가에 관한 불확실성이 관세가 물가에 미친 영향들이 어떻게 가는지 조금 봐야 된다는 이야기를 계속하고 있기 때문에.<앵커>교수님께서는 그 부분을 어떻게 보세요?8월 1일 관세 부과 이후에 미국의 물가나 경기는 어떻게 될 것이냐 .<이정환 교수>그런데 아무래도 원칙상으로는 올라가는 게 정상입니다 아무래도 관세 효과가 10%라면 물건값이 5% 정도는 패스라고 이야기하는데 정가가 되는 것들이 정상이긴 한데 중국 같은 경우에 약간 그러지 않는다는 트럼프 대통령의 이야기도 있거든요 결국은 중국이 가장 큰 교육 파트너이긴 한데 중국은 워낙 생산 단가가 싸기 때문에 55%를 올리지 않고 마진을 조금 줄이는 방향으로 오히려 가고 있다. 그래서 지금 물가가 수입 물가 같은 것들이 오르지 않다라는 이야기를 하고 있거든요. 결국은 강대국 간의 논리 그리고 제조업이 얼마나 흔히 말해서 과잉 생산에 들어가는 과잉 생산이 들어가면 물건 값을 좀 낮춰 팔 수밖에 없기 때문에 이런 다양한 점들을 조금 지켜봐야 된다. 그런데 원칙상은 조금이라도 오르는 게 우리가 경제학적으로는 맞는 것 같다라고는 이해하실 수 있고 그런 것들이 연준 위원들의 의견이 많이 반영되어 있다고 보시면 될 것 같습니다.<앵커>그러면 물가가 오른다는 말씀은 금리를 내리기가 연내는 쉽지 않다 이런 말씀이신가요?<이정환 교수>그게 두 가지 요인인데 물가가 오르거나 흔히 말하는 물가에 대한 불확실성 커지게 되면 연준은 되게 보수적으로 갈 수밖에 없는 상황이라고 보시면 될 것 같고요. 경기가 또 나빠지지 않고 있기 때문에 경기가 지금 고용지표 같은 것들이 왔다 갔다 하긴 하는데 그렇게 유의하게 나빠지고 있다는 지표를 보이지 않고 있기 때문에 이런 물가 수준 같은 것들이 굉장히 유의하게 그리고 불확실성을 데이터로 보면서 차곡차곡 분석할 것이다 라는 이야기들이 계속 나오고 있기 때문에 연준의 의견 자체를 예측하는 게 쉽지는 않다. 물가 상승이 얼마나 되느냐 그리고 고용시장이 얼마나 악화되냐 이런 것들을 두 가지 다 보면서 결정을 할 것 같다는 말씀을 드릴 수 있을 것 같습니다.이근형기자 lgh04@wowtv.co.kr",https://www.hankyung.com/article/2025071006325,2025.07.10 15:44
"16일, 거래소 기관 순매수상위에 운수장비 업종 2종목",,"기관 투자자는 16일 거래소에서 HD현대미포, KODEX 코스닥150, 삼성에스디에스 등을 중점적으로 사들인 것으로 나타났다.기관 투자자의 순매수 상위 20개 종목은 HD현대미포, KODEX 코스닥150, 삼성에스디에스, 삼성중공업, KODEX 코스닥150레버리지, 대덕전자, LIG넥스원, KODEX 200선물인버스2X, 기업은행, GS등이다.이중에 운수장비 업종에 속한 종목이 2개 포함되어 있다.HD현대미포, KODEX 코스닥150, 삼성에스디에스 등은 전일 대비 주가가 상승했고, 삼성중공업, 기업은행, 코웨이 등은 주가가 하락했다.[07월16일]거래소 기관 순매수 상위 종목한경로보뉴스이 기사는 한국경제신문과 금융 AI 전문기업 씽크풀이 공동 개발한 기사 자동생성 알고리즘에 의해 실시간으로 작성된 것입니다.",https://www.hankyung.com/article/202507162908L,2025.07.16 18:35
모바일 신분증 발급처 확대…신한·하나·우리·기업銀 추가,"행정안전부, 민간사업자 추가 선정","사진=연합뉴스

                내년 7월부터 신한 하나 우리 기업 등 네 개 은행의 앱에서도 모바일 신분증을 발급받아 사용할 수 있게 된다.행정안전부는 13일 2025년 모바일 신분증 민간개방 참여기업으로 신한은행, 우리은행, 중소기업은행, 하나은행을 추가 선정했다고 밝혔다. 네 개 은행의 합류로 앞으로 모바일 신분증은 정부 앱과 10개 민간기업 앱에서 발급·사용할 수있게 된다. 민간기업 중에선 삼성전자가 지난해 3월부터 해당 서비스를 제공 중이며 국민은행, 네이버, 농협은행, 토스, 카카오뱅크가 이달 말부터 서비스를 시작한다.이번에 새 사업자로 선정된 4개 은행은 이달부터 시스템 개발작업을 시작할 예정이다. 이들은 내년 1분기까지 시스템 구축을 마무리하고 2분기까지 적합성 평가를 통과하겠다는 계획이다. 예정대로 절차가 진행되면 내년 7월부터 모바일 신분증 서비스를 시작한다.김진성 기자 jskim1028@hankyung.com",https://www.hankyung.com/article/202507134671i,2025.07.13 10:37
S&P·나스닥 최고치 경신…테슬라 4.7% 반등 [뉴욕증시 브리핑],,"사진=연합뉴스

                뉴욕증시의 주요 3대 지수가 이틀 연속 동반 강세로 마감했다. 도널드 트럼프 미국 대통령이 브라질에 고율의 '관세 폭탄'을 투하한다는 소식에도 투자자들이 낙관적 태도를 유지하면서 S&P500과 나스닥지수는 사상 최고치를 경신했다. 트럼프 행정부의 관세 정책에 대한 시장의 민감도가 갈수록 낮아지는 모습이다. 10일(현지시간) 뉴욕증권거래소(NYSE)에서 다우존스30산업평균지수는 전장보다 192.34포인트(0.43%) 오른 4만4650.64에 거래를 마쳤다. 스탠더드앤드푸어스(S&P)500지수는 17.20포인트(0.27%) 상승한 6280.46, 기술주 중심의 나스닥종합지수는 19.33포인트(0.09%) 오른 2만630.66에 장을 마감했다. S&P500지수와 나스닥지수는 이날도 사상 최고치를 경신했다. 트럼프 대통령이 전날 공개한 서한에서 내달 1일부터 브라질산 수입품 관세율을 50%로 인상하겠다고 위협하고 이에 브라질도 50% 맞불 관세 부과 방침을 내비쳤지만, 투자심리에는 별다른 영향을 미치지 않았다. 트럼프 대통령이 치밀하게 경제적 득실을 따지기보다 정치적 수사에 가깝다고 시장이 판단한 것으로 풀이된다.호라이즌인베스트먼트의 마이크 딕슨 리서치 및 퀀트 전략 책임자는 ""관세 불확실성을 고려할 때 밸류에이션(실적 대비 주가 수준)이 연초보다 높다는 것은 상상하기 어렵다""며 ""시장은 이 모든 상황에 극도로 둔감해졌는데 그럴 만한 이유가 있다고 본다""고 말했다.업종별로는 기술과 통신서비스를 제외한 모든 업종이 올랐다. 임의소비재는 1% 뛰었다.이날 거대 기술기업은 대부분 보합권에서 오르내렸고 우량주가 주도적인 움직임을 나타냈다. 인공지능(AI) 칩 대장주 엔비디아는 164.10달러에 종가를 형성해 사상 처음으로 시가총액 4조달러 이상으로 장을 마감했다. 테슬라는 4.73% 뛰었다. 로보택시 서비스 지역을 확대하고 테슬라에 인공지능(AI) 서비스 '그록'을 탑재하겠다고 밝힌 데 따른 영향으로 보인다.델타항공은 올 3분기 및 연간 실적 전망 가이드라인이 시장 예상을 뛰어넘으면서 11.99% 급등했고, 2분기 실적 발표 시즌을 앞두고 낙관론에 불을 지핀 주된 요인이 됐다. 아메리칸에어라인스그룹도 12.72% 뛰는 등 항공사 전반적으로 열기가 확산됐다.미국 시리얼 생산업체 WK켈로그는 이탈리아 초콜릿 제조업체 페레로에 인수된다는 소식에 30% 급등했다. 희토류 생산업체 MP머티리얼즈는 미 국방부가 4억달러 규모로 우선주를 투자해 최대주주에 올랐다는 소식에 50% 폭등했다.미국의 신규 실업수당 청구 건수는 시장 전망치를 밑돌았다. 미 노동부에 따르면 지난 5일로 끝난 한 주간 신규 실업수당 청구 건수는 계절 조정 기준으로 22만7000건으로 나타났다. 시장 예상치인 23만5000건을 밑돌았고 직전주 대비 5000건 감소했다.시카고상품거래소(CME) 페드워치툴에 따르면 미 중앙은행(Fed)이 오는 9월 기준금리를 0.25%포인트 인하할 확률은 63.9%로 반영됐다.시카고옵션거래소(CBOE) 변동성 지수(VIX)는 0.16포인트(1.00%) 내린 15.78을 기록했다.고정삼 한경닷컴 기자 jsk@hankyung.com",https://www.hankyung.com/article/2025071115456,2025.07.11 07:25
아리바이오·소룩스 합병 표류…中 치매약 판매 실체 불확실,,"코스닥 시장에 상장한 조명기기 업체 소룩스와 합병을 통해 코스닥 입성을 추진하고 있는 바이오 회사 아리바이오가 난관을 만났다. 지난해 8월 합병 계획을 공식화했으나 이후 금융감독원으로부터 6차례에 걸쳐 정정 요구를 받았다.14일 투자은행(IB) 업계에 따르면 소룩스는 지난 8일 금감원에 아리바이오와 합병을 위한 정정 증권신고서를 다시 제출했다. 금감원의 정정 요구는 아리아비오가 지난해 3월 중국 파트너사와 체결한 1조2000억원 규모의 알츠하이머 치료제 독점판매권 계약의 실체 확인에 맞춰져 있다. 중국 파트너사는 알츠하이머 치료제 ‘AR1001’의 중국 내 임상 프로젝트를 위해 설립된 특수목적회사(SPC)다. SPC의 파트너로 중국의 주요 투자자 및 제약사가 포함됐다고 알려졌으나, 그 실체를 확인할 수 없어 금감원이 검증에 나선 것이다.계약에 따른 대금도 제대로 들어오지 않고 있다. 아리바이오는 지난해 10월 1차 계약금 300억원을 수령할 계획이었지만, 32억원이 입금되는데 그쳤다. 아리바이오 측은 임상 비용을 계약금에서 우선 차감했기 때문이라고 했지만 의심을 불식시키지 못하고 있다.아리바이오는 2018년, 2022년, 2023년 세 차례에 걸쳐 기술특례상장에 도전했으나 기술성 평가에 막혀 무산됐다. 이에 정재준 아리바이오 대표는 2023년 6월 소룩스 지분을 인수해 최대주주에 올랐다. 자신의 아리바이오 지분은 소룩스로 매각해 아리바이오를 소룩스의 자회사로 만들었다. 이듬해 8월 소룩스와 아리바이오 합병을 결정해 사실상 아리바이오 상장에 나섰다. 상법상 비상장법인의 최대주주가 상장사의 최대주주가 된 지 1년이 지나면 우회상장 심사 대상에서 제외된다는 점을 이용했다는 의혹이 제기됐다.두 회사의 합병은 일단 중국측이 약속한 2차 계약금이 28일까지 입금될지가 관건이다. 아리바이오는 최근 아랍에미레이트 국부펀드 산하 생명과학기업 아르세라와 체결한 6억달러 규모의 알츠하이머 치료제 독점판매 계약도 적극 알리고 있다. “복수의 해외 계약을 통해 알츠하이머 치료에 기술력을 갖고 있는 만큼 합병을 통해 아리바이오가 상장되는 효과를 갖더라도 투자자 보호에 문제가 없다”는 주장이다.최석철 기자 dolsoi@hankyung.com",https://www.hankyung.com/article/2025071460171,2025.07.14 15:54
"NH농협은행, 윤리경영 실천 결의대회 실시",NH농협은행(은행장 강태영) 여신심사부문 임직원 160여명은 지난 23일 서울시 중구 본사에서 '2025년 하반기 윤리경영 실천 결의대회'를 실시했다고 24일 밝혔다.,"여신심사부문 임직원들은 하반기 건전여신 지속성장에 앞장설 것을 다짐하며, '변화와 혁신을 통한 새로운 대한민국 농협' 구현을 위한 ▲여신부문 금융사고 제로화 ▲책무관리체계 정착 기여 ▲지속가능한 성장 견인 ▲신뢰받는 기업문화 창출에 대한 윤리경영 실천을 결의했다.이 날 김성훈 여신심사부문 부행장은 “급변하는 대내외 환경에서 건전여신 추진에 힘써준 직원들에 감사드린다”며, “여신사고는 고객 신뢰와 직결되기에 윤리경영에 앞장서 더욱 신뢰받는 금융기관으로 거듭나자”고 말했다.한편, 농협은행은 지난 4월 여신사고 제로화를 위한 '여신 프로세스 개선 프로젝트'를 착수해 ▲여신 프로세스 내 인적 프로세스 최소화 ▲부당대출 키워드별 통제 방안 수립 ▲내규의 법률리스크 최소화 ▲여신사고 예방을 위한 상호 검증체계 구축 등을 연도말까지 단계적으로 적용할 계획이다.",https://www.hankyung.com/article/202507249448P,2025.07.24 13:10
"1천억弗 제시했는데 … 美, 4천억弗 투자 요구","블룸버그 ""韓 투자펀드 검토"" 
  에너지·항공기 구매패키지도 추진
러트닉, 日의 5500억弗 투자에
""일본은 자금만 대고 사업 안해""","한국 정부가 미국과의 관세 협상을 위해 국내 기업들과 함께 1000억달러(약 137조원) 이상의 미국 현지 투자 계획을 검토하는 것으로 알려졌다. 하지만 미국 측은 4000억달러(약 547조원) 이상의 대미 투자 약속을 요구하고 있어 협상에 난항이 예상된다.24일 블룸버그통신은 복수의 협상 관계자를 인용해 한국이 미국의 관세를 낮추기 위해 대미 투자펀드 조성을 검토하고 있다고 보도했다. 블룸버그는 하워드 러트닉 미국 상무장관이 최근 여한구 산업통상자원부 통상교섭본부장을 만난 자리에서 4000억달러(약 550조원) 규모 펀드를 요구했다고 전했다. 한국 정부는 구체적인 협상 내용을 함구하고 있다. 내부적으로 방위산업과 조선업 등 한·미 양국이 협력할 수 있는 제조업으로 한정해 펀드를 조성하는 방안을 검토하는 것으로 알려졌다.미국이 요구하는 투자 펀드는 앞서 일본이 미국에 약속한 5500억달러 규모 대미 투자 패키지와 비슷한 것으로 전해진다. 미·일 관세 협상 타결 직후 이시바 시게루 일본 총리는 “일본의 공적 금융기관이 최대 5500억달러 규모의 (미국 현지 투자 관련) 출자·융자·융자보증을 할 수 있는 내용”이라고 설명했다.러트닉 장관은 이날 블룸버그TV와의 인터뷰에서 “일본은 자금만 대고 사업을 직접 운영하지 않기 때문에 도요타 같은 일본 회사가 미국에 와서 공장을 짓는 것과 투자 성격이 다르다”고 강조했다. 일본의 투자 패키지는 한국이 그동안 관세 협상을 위해 준비해온 국내 기업들의 대미 현지 투자 계획과 달리 금융 투자 지원책이라는 취지다.한국 정부도 방산과 조선 등 양국이 협력할 수 있는 제조업 분야에서 일본과 유사한 금융 지원 패키지를 준비하고 있다. 다만 규모는 미국 측 기대에 크게 못 미치는 것으로 알려졌다. 이효섭 자본시장연구원 연구위원은 “일본은 기축통화로 여겨지는 엔화를 낮은 금리로 조달할 수 있지만, 한국 원화는 기축통화도 아니고 조달 금리도 일본보다 높다”며 “산업은행과 수출입은행 중심으로 펀드를 조성한다고 해도 투자 여력이 많지 않다”고 분석했다.정부는 별도로 대미 무역흑자 축소를 위해 미국산 원유와 액화천연가스(LNG), 항공기 등을 포함한 ‘1000억달러+α’ 대미 구매 패키지도 검토하고 있다. 삼성 현대자동차 SK LG 등 국내 대기업 그룹들도 대미 투자 계획을 다시 점검하고 있다. 다만 이들 기업도 대규모 신규 투자 프로젝트에는 부담을 느끼는 것으로 전해졌다. 한 통상 전문가는 “미국은 어음이 아니라 현금을 원한다”고 말했다.김대훈/김리안/정영효 기자 daepun@hankyung.com",https://www.hankyung.com/article/2025072404791,2025.07.24 17:58
"증권주, 거래대금 반등에 ‘강세’…금리 기대와 IPO 수급도 반영",,"8일 증시에서 증권주가 일제히 강세를 보이며 시장 주목을 받았다. 이날 코스피와 코스닥의 거래대금이 모두 늘어나며, 브로커리지 수익에 대한 기대감이 커진 가운데, 연말 대형 IPO와 기준금리 인하 기대가 겹치며 테마 전반에 긍정적 영향을 미쳤다는 분석이다.특히 최근 수일간 일평균 거래대금이 20조 원 수준까지 회복되는 모습을 보이면서 키움증권, 미래에셋증권, 한국금융지주 등 주요 증권사들이 수익 개선 구간에 접어들 수 있다는 기대가 확산됐다. 증권주는 실적 대부분이 거래대금과 직결되는 만큼, 유동성 회복 신호에 민감하게 반응하는 구조다.또한 한국은행의 기준금리 인하 가능성이 여전히 열려 있고, 하반기에는 원스토어, 컬리 등 잠재적 IPO 대어들이 상장을 준비하고 있어 자본시장 활성화 기대도 테마에 유효하게 작용하고 있다. 실제 일부 증권사는 이미 관련 기업의 주관사 역할을 맡으며 발행시장 수수료 확대 기대감도 동반된 상황이다.여기에 최근 금융지주 계열 증권사들의 배당 강화 정책 및 자사주 매입 흐름도 투자 심리를 자극하고 있다. 일부 증권주는 낮은 PBR과 고배당 기대치를 바탕으로 저평가 가치주로의 재조명 움직임까지 나타나고 있다.증권주 테마는 전형적인 ‘경기민감 + 유동성 수혜주’로 분류되며, 금리 변화와 거래대금, IPO 일정에 따라 테마 전체의 움직임이 크게 좌우되는 특성이 있다. 증시 반등이 지속된다면, 하반기까지 순환매가 이어질 수 있다는 전망도 나오고 있다.삼성에스디에스, 나인테크, 레인보우로보틱스, KT&G, DL이앤씨무료상담",https://www.hankyung.com/article/202507084439a,2025.07.08 14:13
"14일, 거래소 외국인 순매도상위에 전기,전자 업종 5종목",,"외국인 투자자는 14일 거래소에서 삼성전자, 에이피알, 하나금융지주 등을 중점적으로 매도한 것으로 나타났다.외국인 투자자의 순매도 상위 20개 종목은 삼성전자, 에이피알, 하나금융지주, 삼성생명, 한화에어로스페이스, 포스코퓨처엠, 카카오페이, LG씨엔에스, LG에너지솔루션, 한미반도체등이다.이중에 전기,전자 업종에 속한 종목이 5개 포함되어 있다.에이피알, 하나금융지주, 삼성생명 등은 전일 대비 주가가 상승했고, 삼성전자, 포스코퓨처엠, 카카오페이 등은 주가가 하락했다.[07월14일]거래소 외국인 순매도 상위 종목한경로보뉴스이 기사는 한국경제신문과 금융 AI 전문기업 씽크풀이 공동 개발한 기사 자동생성 알고리즘에 의해 실시간으로 작성된 것입니다.",https://www.hankyung.com/article/202507147738L,2025.07.14 18:35
"""조용한 휴식은 없다""…'트럼프 감세법'에 요동치는 세계경제  [글로벌 머니 X파일]","증시 채권 등 안전지대 없어
한국은 車 배터리 타격 우려","ChatGPT Image






 요약·친환경 보조금 축소·부채한도 증액·글로벌 국채 금리·달러 변동성 확대·국방·반도체 '상승', 전기차·재생에너지 '위축'·한국은 반도체 수혜·전기차·배터리 부담 세계 각국은 도널드 트럼프 미국 대통령이 지난 4일 서명한 ‘하나의 크고 아름다운 법안’(One Big Beautiful Bill Act·OBBBA) 여파에 촉각을 세우고 있다. 트럼프 2기 행정부의 핵심 국정과제를 망라한 초대형 입법 패키지라고 볼 수 있는 OBBBA는 다양한 경로로 글로벌 시장에 영향을 줄 전망이다.트럼프 2기의 핵심 국정과제 담아 OBBBA의 핵심 중 하나는 세제 개편이다. OBBBA는 해외 소득 과세체계를 조정해 다국적 기업의 해외 이익 송금에 대한 세 부담을 낮췄다. 2022년 제정된 인플레이션감축법(IRA) 기반의 청정에너지 보조금과 세액공제 프로그램들을 조기 종료하거나 축소했다.전기차 보조금은 폐지한다. 태양광·풍력 등 재생에너지 발전세액공제 종료를 기존 2032년에서 2027년으로 앞당겼다. 반도체 산업의 경우에는 미국 내 제조설비 투자 세액공제를 기존 25%에서 35%로 상향했다.정부 재정지출은 조정하고 부채한도 상향했다. 메디케이드 예산 1조 달러 삭감, 일부 저소득층 지원 프로그램 요건 강화 등이 포함됐다. 연방정부 부채한도는 5조 달러 추가로 늘렸다.
                    




                해외 공급망 의존 축소와 해외 투자자 과세 강화 조항도 포함됐다. ‘우려 대상 외국기업(FEOC)’으로부터 조달한 부품·광물이 일정 비율을 넘으면 세액공제를 박탈하는 규제를 강화했다. 해외 투자자에 대한 배당소득 원천징수세를 인상할 수 있는 조항도 들어갔다.세제 개편 및 감세 연장 조치는 2025년 과세 연도부터 소급 적용돼 즉각 효력이 생겼다. 재량 지출 삭감은 2026회계연도부터 단계 시행된다. 부채한도 증액 조항은 트럼프 대통령의 서명과 동시에 발효됐다. 글로벌 국채 시장 출렁OBBBA 시행으로 글로벌 금융 시장은 출렁거렸다. 이런 대규모 감세·지출법안은 국채 발행 확대에 이어 국채 금리 상승 압력으로 직결된다. 미국 10년물 국채금리는 법안 가결 전후 4%대 후반에서 5%를 넘볼 정도로 올랐다. 30년물 금리는 연 5% 선에 근접했다. 미국 30년 채권수익률이 4.861%까지 튀었다.이는 시장이 앞으로 미국 정부가 더 많은 국채를 발행해 재원을 마련할 것으로 보고 있다는 뜻이다. 초과 공급 우려를 반영하기 시작했다. 국채 금리 상승은 글로벌 금리의 기준점 상승으로 작용하기 쉽다. 유럽 등 선진국 국채금리와 신흥국 달러 표시 채권금리도 동반 상승 압력을 받는다. 미국과 금리 연계성이 높은 영국 국채, 호주 국채 등이 민감하게 반응하기 쉽다.신흥국의 경우 미국 금리 상승은 자본유출 압력으로 이어져 국내 통화채권 금리 상승(채권가격 하락)을 초래할 수 있다. 다만 미국 금리상승과 달러 강세 흐름이 제한적이라면 일부 국채 투자 자금은 미국 국채보다는 상대적으로 금리가 높은 신흥국 채권으로 이동할 가능성도 있다.글로벌 신용평가사 무디스는 지난 5월 미국의 국채 신용등급을 AAA에서 Aa1으로 한 단계 강등하며 “향후 10년간 연방정부 부채가 계속 늘어 이자 비용이 급증할 것""이라며 ""현 재정정책으로는 대규모 재정적자 개선이 어렵다”고 지적했다. 이어 “최근 OBBBA에 담긴 감세 연장으로 정부 수입 기반은 약한데 고령층 지출 등 의무지출은 늘어 재정 전망이 개선되지 않았다”고 평가했다.글로벌 증시는 미리 '훈풍'글로벌 증시엔 이미 영향을 줬다는 분석이다. 미국 S&P500 지수는 4~6월 사이 13주 연속 상승세를 타며 23% 넘게 급등했다. MSCI ACWI(전세계 지수)도 연초 대비 7% 올라 사상 최고 수준을 기록했다. 캐나다 TSX 지수 역시 사상 처음 2만7000선을 돌파하는 등 주요국 증시가 강세를 보였다.이는 OBBBA에 포함된 대규모 감세와 인프라 투자 지원으로 내년 미국 성장률을 뒷받침할 것이라는 기대감 때문이라는 분석이 나온다.
                    




                보통 감세 정책은 기업이익 증가로 이어진다. 주가 상승 요인이다. OBBBA에는 기술주와 내수주에 세금 혜택이 집중됐다. 국방·에너지 관련 정부 지출도 늘어나는 등 특종 업종 호재로 작용할 수 있다. 이런 미국발 랠리는 글로벌 증시로 파급돼 유럽과 아시아 증시도 동반 상승했다.다만 중국 증시는 미국의 견제로 기술주 투심이 위축돼 부진했다. 유럽 증시에선 미국과 함께 국방주·에너지주 상승세를 보였다. 하지만 EU의 친환경 산업에는 악재가 되는 요소(미국 보조금 중단)도 생겼다는 평가다.한국 증시는 반도체 등 일부 업종은 미국 투자세액공제 확대 수혜로 상승했고, 2차전지 등은 미국 보조금 축소로 향후 수요 둔화 우려에 소폭 조정받는 등 업종별로 희비가 갈렸다독일의 금융 및 자산운용 회사 페리(FERI)는 ""주식 시장은 OBBBA에 포함된 세금 감면 조치에 초기에는 긍정적으로 반응할 것으로 예상된다""며 ""반면 채권 시장에서는 정부의 부채 지속 가능성 약화 우려로 미국 국채 금리는 인상할 가능성이 높다""고 지적했다.글로벌 원자재 시장도 민감하게 반응할 수 있다. 국제 유가는 미국의 대규모 감세로 경기 및 교통 수요가 늘어날 것이라는 기대에 상방 압력이 생겼다. 앞서 전문가들은 하반기 미국 서부텍사스산원유(WTI) 가격이 55~70달러 범위에서 완만한 하락세로 전망했다.하지만 OBBBA 통과에 따른 수요 증대 효과와 무역마찰 리스크로 유가 변동성이 커질 수도 있다는 예상이 나온다.구리, 알루미늄 등 산업 금속은 미국의 인프라·국방 지출 증액 기대로 상승 요인이 생겼다. 다만 중국 수요 둔화 우려와 글로벌 무역 불확실성 등으로 상승 폭이 제한될 전망이다. OBBBA는 원자재 수요 측면에선 호재(미국발 경기부양)와 교역 둔화 측면에선 악재(무역마찰 심화)를 모두 가지고 있다.미국 달러화는 혼조?





                글로벌 외환 시장에선 미국 달러화가 혼조를 보일 전망이다. 최근 4~5월 사이 달러인덱스는 한때 3년 만의 최저치로 약세를 기록했다. 이는 투자자들이 미국의 정치적 불확실성과 연준 독립성 훼손 가능성을 우려해 달러 자산 비중을 줄인 영향이다. 트럼프 행정부의 대규모 관세 부과 추진에 국제 사회에서 '탈달러' 움직임도 나왔다.호주 매쿼리그룹의 글로벌 전략가 티에리 위즈먼은 “시장 참가자들은 금리 인하 자체보다 대통령이나 정치인이 미국 중앙은행(Fed)에 지시해 금리를 내리게 만드는 상황을 훨씬 더 꺼린다”며 이런 정치 리스크가 달러 신뢰도 약화로 이어지고 있다고 지적했다.7월에 들어서는 상황이 다소 반전됐다. 미국 경제지표 호조와 글로벌 위험자산 랠리 속에 Fed의 조기 금리인하 기대가 후퇴하면서 달러는 6월 말부터 반등세를 보였다. OBBBA 통과 이후에도 Fed 정책과 글로벌 투자자의 신뢰 수준에 따라 방향성이 결정될 것으로 보인다.다만 미국이 OBBBA로 노골적인 자국 우선 경제정책을 펼칠수록 일부 국가들은 달러 의존도를 낮출 가능성이 있다.OBBBA는 글로벌 유동성 흐름에도 영향을 줄 전망이다. 미국 재정 지출 확대는 단기적으로 유동성 공급으로 이어질 수 있다. 감세로 가처분소득이 늘어난 가계와 현금 유입이 증가한 기업이 각각 소비와 투자를 늘리면 민간 부문의 통화유통속도가 빨라지고 신용 수요도 증가도 가능하다.미국이 국채를 추가로 발행하면 글로벌 자금 흡수하게 된다. 신흥국의 유동성에는 부담이다. 국내 호재 업종은





                한국 경제계 영향은 어떨까. 한국은 대미 수출 의존도가 높고 개방경제이기 때문에 파급 효과가 상당할 전망이다. 미국 시장 의존도가 높은 자동차, 2차전지(배터리) 등 산업에는 악영향이라는 분석이 지배적이다. 전기차 보조금 효과가 완전히 사라지면 미국 전기차 판매 감소할 가능성이 크다. 배터리 업종도 전기자 보조금 축소 영향을 받는다.태양광 등 국내 재생에너지 산업도 OBBBA로 일부 타격을 받을 전망이다. 발전용 세액공제 종료 시점이 당겨지고, 보조금 지급 대상이 축소되면서 미국 내 신규 태양광 투자 수익성이 악화할 수 있다. 반면 반도체 산업은 상대적으로 긍정적이다.미국 파운드리 및 반도체 연구시설 투자에 대한 세액공제가 25→35%로 확대되면서 추가 혜택을 볼 것으로 기대된다.독일의 금융 및 자산운용 회사 페리(FERI)의 이코노미스트 악셀 앙거만는 ""미국의 주식·채권·달러는 이미 신뢰 훼손을 일부 겪었지만 여전히 세계 시장에 지배적 영향력을 미치고 있어 미국발 혼란은 고스란히 전 세계로 파급될 것”이라고 분석했다. 이어 “올여름 미국과 전 세계 시장에는 결코 조용한 휴식이 없을 것”이라고 경고했다.[글로벌 머니 X파일은 중요하지만 잘 알려지지 않은 세계 돈의 흐름을 짚어드립니다. 필요한 글로벌 경제 뉴스를 편하게 보시려면 기자 페이지를 구독해 주세요]김주완 기자 kjwan@hankyung.com",https://www.hankyung.com/article/202507060864i,2025.07.07 07:00
,"여러분이 대한민국의 미래입니다 !
삼성이 생글생글을 응원합니다 !",,https://sgsg.hankyung.com/article/2025071865081,
"경영권 프리미엄 제동…""상장사 M&A 위축""","주주 충실의무 위반 가능성

대주주만 이익 보는 인수 계약
이사회, 기업실사 허가 어려워

계열사 상장·유상증자도 제동
주가 하락 땐 소송 리스크 우려","상법 개정으로 상장사 인수합병(M&A) 시장이 위축될 수 있다는 우려가 나온다. 대주주에만 ‘경영권 프리미엄’을 부여하는 M&A 과정에서 기업 실사가 쉽지 않을 것으로 예상되면서다.3일 투자은행(IB)업계에 따르면 이날 국회 본회의를 통과한 상법 개정안은 이사 충실의무 대상을 회사에서 회사 및 주주로 확대하는 내용을 담고 있다. 이는 인수 계약에도 적잖은 영향을 미칠 전망이다.지금까지는 대주주 지분만 30~40%의 경영권 프리미엄을 주고 사들이는 방식의 거래가 많았다. 이 같은 거래에서 실사는 핵심적인 과정으로 꼽힌다. 재무제표, 계약 관계, 지식재산권 등 모든 정보를 검증할 수 있어서다. 겉으로 드러나지 않는 숨겨진 부채, 소송 리스크 등도 찾아낼 수 있다.상법 개정으로 ‘주주에 대한 충실의무’가 도입되면 이 같은 실사가 쉽지 않을 것으로 예상된다. 기업의 내밀한 정보까지 들여다보는 실사가 별다른 제약 없이 이뤄지면 대주주만 이익을 보는 거래를 이사회가 묵인했다는 지적이 제기될 수 있어서다.김지평 김앤장법률사무소 변호사는 “경영권 프리미엄 자체가 금지되는 것은 아니지만, 여기에 필요한 실사를 허용하는 것은 주주 충실의무 위반 여지가 있다”며 “충분한 실사 없이 프리미엄을 붙여 인수에 나서는 곳은 많지 않을 것”이라고 분석했다.계열사 상장과 유상증자, 전환사채(CB) 발행 등을 통한 기업의 자금 조달 활동도 한동안 뜸해질 전망이다. 장기 목표 달성을 위해 관련 결정을 내리더라도 단기적으로 주가가 떨어지면 주주 이익을 침해한 것으로 해석될 수 있어서다.한편 상법 개정과 별개로 대주주가 경영권 프리미엄을 독점하는 것을 직접적으로 규제하는 법안도 추진될 것으로 전망된다. 이재명 정부가 의무공개매수 제도 도입을 공약으로 내걸었기 때문이다. 법안이 통과하면 실사 여부와 상관없이 대주주 지분만 프리미엄을 붙여 매입하는 행위 자체가 금지된다.강훈식 대통령 비서실장은 작년 6월 의무공개매수 제도가 포함된 자본시장법 개정안을 발의한 바 있다. 경영권과 무관하게 상장사 지분 25% 이상을 확보하면 잔여 주식을 모두 공개매수해야 한다는 내용이다.2022년 금융위원회가 도입하려 한 의무공개매수 제도보다 강한 수준이다. 금융위가 내놓은 개정안은 25% 이상 지분 인수자가 경영권 프리미엄이 반영된 인수 가격으로 ‘50%+1주’ 이상 매수하도록 하는 내용이다. 이 법안은 국회에서 계류하다가 폐기됐다.IB업계 관계자는 “주주 손해에 대한 추후 소송 가능성으로 여러 자금 조달 방식에 관한 내부 심의 문턱이 높아질 것”이라며 “법무법인 등에 자문하며 의사 결정을 유예하는 기업도 늘어날 수 있다”고 내다봤다.최한종/최석철 기자 onebell@hankyung.com",https://www.hankyung.com/article/2025070369561,2025.07.03 18:15
G2 소비 둔화와 공급망 재편…글로벌 수요 중심축 변화 조짐,,"글로벌 경제의 양대 축인 미국과 중국에서 소비 둔화 신호가 동시에 포착되며, 세계 수요의 중심축이 변화하고 있다는 분석이 힘을 얻고 있다. 미국에서는 고금리 장기화 여파로 가계 소비가 점차 둔화되는 가운데, 중국 역시 청년 실업과 부동산 부진이 맞물리며 내수 진작 효과가 제한적인 상황이다.미 상무부는 6월 미국의 소매판매 증가율이 전월 대비 0.1%에 그쳤다고 밝혔으며, 이는 최근 5개월 중 가장 낮은 수치다. 한편 중국 국가통계국도 지난 분기 소매판매 성장률이 예상치를 하회했다고 발표하며, 경기 부양책의 효과가 제한적임을 방증했다.이러한 흐름 속에서, 글로벌 제조·물류 기업들은 공급망 전략을 재편하고 있다. 아세안·남미 등 새로운 소비 성장 거점을 중심으로 생산과 유통을 다변화하는 움직임이 확대되는 중이다. 미 국제무역위원회는 “기존의 미-중 중심 공급 체계는 지정학적 불안과 수요 불확실성으로 인해 구조적 한계에 직면했다”고 분석했다.한편 국제결제은행(BIS)은 최근 보고서에서 “글로벌 수요의 편중이 완화되는 시기는 자본 분산과 정책 다극화로 이어질 수 있다”며, 투자자들의 지역 분산 전략 필요성을 강조했다. 이러한 환경 변화는 중장기적으로 글로벌 자산배분 지형에도 적잖은 영향을 줄 것으로 전망된다.알테오젠, 우리기술투자, 씨티케이, KB금융, 신한지주무료상담",https://www.hankyung.com/article/202507111897a,2025.07.11 10:23
"정부, 관세협상 타결 '사활'...""1000억달러 투자 계획 제안할 듯""",삼성·SK·현대차·LG 등 4대 그룹 중심 투자 계획 취합,"사진=뉴스1

                한국 정부가 미국과의 관세 협상을 위해 국내 기업들과 1000억달러(137조원) 이상의 현지 투자 계획을 세워 이를 미국 정부 측에 곧 제안할 것으로 알려졌다.24일 통상업계에 따르면 한국 통상 대표단은 당초 오는 25일로 예정됐던 '한미 고위급 2+2 통상협의'에서 이러한 금액을 담은 한국의 투자계획을 미국 정부 측에 제안할 계획이었던 것으로 전해졌다. 그러나 '2+2 협상'은 미국 스콧 베선트 재무장관의 긴급한 일정으로 인해 취소됐다.앞서 한국과 산업·수출 구조가 유사한 일본은 5500억달러(약 757조원) 규모의 투자 펀드를 제안해 25%로 예고됐던 상호관세를 15%로 낮춘 바 있다.한국 정부는 관세 협상에 앞서 삼성과 SK, 현대차, LG 등 4대 그룹을 중심으로 국내 기업들과 접촉해 가용한 현지 투자 금액을 취합했고 현재까지 기업들로부터 약속받은 투자 금액은 1000억달러가량으로 전해진다.일본 투자 금액에 비해선 적지만 일본의 경제 규모가 한국과 비교해 2배가 넘는 것을 고려하면 적지 않은 금액이라는 것이 재계 관계자들의 평가다.또 이는 기업들의 순수 투자계획이라 정부 조달자금까지 더해질 경우 제안 금액은 더 늘어날 가능성이 있다.한국 정부 역시 기업 투자에 더해 수출입은행, 산업은행, 무역보험공사, 한국투자공사(KIC) 등을 활용하는 방안을 모색할 가능성도 제기된다.차은지 한경닷컴 기자 chachacha@hankyung.com",https://www.hankyung.com/article/2025072492887,2025.07.24 11:58
덩치만 커진 한국 서비스업…생산성 20년째 제자리,"美의 51% 수준…獨·日에도 뒤져
팬데믹 이후 생산성 격차 확대
한은 ""서비스업발전법 제정해야""","코로나19 팬데믹 이후 미국이 성장 궤도로 복귀하는 데 첨단기술 분야의 서비스산업 기업이 주도적 역할을 한 것으로 분석됐다. 반면 한국은 서비스산업 생산성이 오히려 악화하면서 성장의 발목을 잡고 있는 것으로 나타났다. 한국은행은 3일 ‘우리나라 서비스산업의 생산성 평가 및 정책적 대응 방향’ 보고서를 통해 이 같은 분석을 내놨다.





                보고서에 따르면 한국의 서비스산업은 양적으로는 성장했다. 지난해 기준 국내총생산(GDP)의 44%를 서비스산업이 차지하고 있고, 취업자 비중도 65%에 달한다. 하지만 질적 수준은 20년째 제자리다. 서비스산업의 노동생산성은 2005년 제조업 대비 40%대로 하락했고, 지난해에는 39.4%로 더 떨어졌다. 미국을 100으로 놓고 비교한 한국의 서비스산업 생산성은 2021년 기준 51.1%에 불과하다. 경제협력개발기구(OECD) 평균(59.9%)은 물론 한국과 비슷한 제조업 중심 국가인 독일(59.2%)과 일본(56.0%)에도 미치지 못했다.이 같은 서비스산업 생산성 격차는 코로나19 팬데믹 이후 더 커지는 모습이다. 미국은 서비스산업 혁신이 성장 회복을 견인하고 있다. 미국의 비즈니스 부문(농업, 정부 부문 제외) 노동생산성은 팬데믹 이후 연평균 2.0% 상승했는데, 미국 중앙은행(Fed) 분석에 따르면 대부분이 서비스산업의 생산성이 높아진 영향이었다. Fed는 컴퓨터시스템 설계, 소프트웨어 퍼블리싱, 데이터 처리 및 호스팅, 과학 연구개발 등 고기술 서비스업에서 신규 기업의 진입이 뚜렷한 점을 생산성 향상의 비결로 꼽았다.반면 한국은 서비스산업 생산성이 오히려 하락하고 있다. 한은은 금융·보험·정보통신 등 고부가가치 서비스 부문의 생산성이 코로나19 팬데믹 이후 비대면 수요 확대, 디지털 전환 등에 힘입어 일시적으로 개선됐다가 2022년 이후 하락 전환했다고 설명했다.이 같은 서비스산업 생산성 저하는 최근 저성장 기조에도 영향을 주고 있다. 서비스산업이 국내총생산(GDP) 증가율에서 차지하는 기여도는 2014~2019년 1.7%포인트에서 2020~2024년 1.1%포인트로 크게 낮아졌다.정선영 한은 조사국 거시분석팀 차장은 “글로벌 빅테크인 애플과 엔비디아 등을 보면 서비스산업과 제조업이 융합해 시너지를 내는 모습이 나타나고 있다”며 “제조·서비스업 융합 트렌드를 고려한 서비스산업발전 기본법을 제정해 규제를 과감히 완화해야 한다”고 말했다.강진규 기자 josep@hankyung.com",https://www.hankyung.com/article/2025070369741,2025.07.03 17:35
,,,https://magazine.hankyung.com/business/article/202507210409b,
"가계 주택대출에 깐깐해진 은행…""3분기엔 더 조인다""",,"사진=한국경제DB

                국내은행들이 3분기 가계 주택대출에 대한 태도를 큰 폭으로 강화할 것이라고 밝혔다. 정부의 가계부채 대책 발표 후 총량 관리에 나선 것으로 파악된다. 대출 심사가 까다로워지면서 3분기 대출이 줄어드는 효과가 나타날 것으로 전망된다.한국은행이 15일 발표한 '금융기관 대출행태 서베이' 결과에 따르면 국내 은행은 2분기 가계의 주택대출과 일반 대출에 대한 태도를 강화했다고 밝혔다. 두 대출에 대한 대출태도지수는 각각 -11포인트로 집계됐다. 대출태도지수가 마이너스라는 것은 은행이 대출을 더 엄격하게 심사한 후 내주고 있다는 의미다. 3분기에는 이같은 대출태도가 더욱 강화될 것으로 전망했다. 국내은행의 3분기 대출태도지수 전망치는 가계의 주택대출에 대해 -31포인트, 일반대출에 대해선 -22포인트로 집계됐다. 이달부터 스트레스 DSR 3단계가 시행되고, 지난달 말 정부가 발표한 가계부채 관리 강화방안이 이같은 대출태도 강화에 영향을 줬다고 한은은 설명했다.기업대출은 기업규모별로 차이가 났다. 3분기 대기업 대출태도지수는 6포인트로 양수였다. 반면 중소기업 대출태도지수는 -6포인트로 정반대였다. 신용위험지수가 대기업은 8포인트로 낮았지만 중소기업은 19포인트로 두배를 넘는 것으로 나타난 데 따른 것으로 파악된다.비은행금융기관의 대출태도도 모든 업권에서 강화 기조가 유지될 것으로 전망됐다. 상호금융조합이 -22포인트로 가장 엄격할 것으로 전망됐고, 신용카드(-21포인트), 상호저축은행(-20포인트), 생명보험회사(-13포인트) 등도 태도를 강화할 것이라고 응답했다.이번 조사는 지난달 203개 금융기관(은행 18개, 상호저축은행 26개, 신용카드회사 7개, 상호금융조합 142개, 생명보험회사 10개)의 여신업무 총괄 담당 책임자를 대상으로 이뤄졌다.강진규 기자 josep@hankyung.com",https://www.hankyung.com/article/202507158927i,2025.07.15 12:00
"뉴욕증시,엔비디아 주도로 기술주 나스닥 상승","엔비디아와 AMD및 중국 기술주 상승
CPI와 베센트재무,파월 교체절차 언급에 채권금리 상승","사진=REUTERS

                6월 소비자물가가 예상을 크게 벗어나지 않고, 대중수출이 재개된 엔비디아가 주도하는 기술주들의 상승으로 15일(현지시간) 뉴욕증시에서 S&P 500과 나스닥이 상승세를 보였다. 그러나 국채 금리가 오르면서 상승폭이 제한됐다. 이 날 동부표준시로 오전 10시 20분에 S&P500은 0.14% 상승한 6,277포인트를 기록했으며 나스닥 종합은 0.8% 올랐다. 다우존스 산업평균은 0.2% 하락했다. S&P500은 개장초 한 때 6,300포인트를 넘어서기도 했다. 정책 영향을 많이 받는 2년물 국채 수익률은 6월 소비자 물가에 관세 영향이 나타나기 시작했다는 평가를 반영해 5베이시스포인트(1bp=0.01%) 급등한 3.95%를 기록했다. 10년물 국채 수익률은 3.8bp 오른 4.465%를 기록했다.  베센트 재무장관이 이 날 제롬 파월 연방준비제도 이사회 의장이 내년에 의장 임기와 동시에 이사에서도 물러나야할 것이라고 언급한 것도 채권 매도세를 가속화했다.  채권 가격과 금리는 반대 방향으로 움직인다.CME그룹의 페드워치에 따르면, 금리선물 거래자들은 기존과 동일하게 7월 금리 동결 가능성을 97.4%로 보고 있으며 9월 인하 가능성을 58.2%로 예상하고 있다. 노동부가 발표한 6월 CPI는 경제학자들이 예상한대로 관세 영향이 나타나기 시작하면서 헤드라인 CPI는 0.3%p 올랐다. 그러나 식품과 에너지를 제외한 근원CPI가 예상보다는 적게 오른 0.2%p 상승을 기록했다. 주거비 상승 둔화와 중고차 가격 및 항공료의 하락이 다른 상품의 상승 효과를 상쇄한데 따른 것이다. 엔비디아는 이 날 트럼프 정부가 4월부터 대중 수출을 제한해온 AI칩 H20의 대중 수출을 재개하게 됐다고 밝혔다. AMD 역시 중국 전용 MI308칩의 대중 수출을 재개한다고 발표했다. 이 소식에 엔비디아는 4%, AMD 는 7.9% 급등했다. 미국에 상장된 알리바바, 바이두, 징둥닷컴 등 중국의 기술주 주식예탹증서(ADR)들도 각각 5%, 7%,2% 이상 상승했다. 전 날 12만3,000달러를 넘었던 비트코인은 고점 돌파후 이익 실현 매물이 쏟아지면서 동부 시간으로 9시 40분 기준 2% 하락한 11만7,764.17달러에 거래되고 있다. 이더는 0.8% 오른 3,028.15달러에 도달했다. 분기실적 발표가 본격화된 가운데 이 날 미국 최대 은행인 JP모건 체이스와 씨티그룹은 강력한 거래와 투자 은행 수익에 힘입어 예상을 웃도는 2분기 실적을 발표했다. 그럼에도 JP모건 주가는 0.3% 하락했고 씨티그룹은 소폭 상승했다. CNBC에 따르면, S&P 500 기업들은 이번 분기 실적에서 전년 대비 4.3%의 혼합 이익 성장률을 기록할 것으로 추정됐다. 이는 2023년 4분기 이후 가장 낮은 성장률이다. 스콧 베센트 미국 재무장관은 이 날 블룸버그와의 인터뷰에서 “제롬 파월 연준 의장이 2026년 5월 임기가 끝나면 의장직과 함께 중앙은행 이사회에서도 물러나야 한다”고 말했다. 트럼프 대통령이 베센트 재무장관에게 직접 연준 의장을 맡아달라고 요청했는지에 대한 질문에 그는 “의사 결정 과정에 참여하고 있다”며 “그것은 트럼프의 대통령의 결정이며, 그의 속도에 맞춰 진행될 것""이라고 덧붙였다. 김정아 객원기자 kja@hankyung.com",https://www.hankyung.com/article/202507150482i,2025.07.15 23:26
기업은행 '부천시 2금고' 선정,,"기업은행이 경기 부천시의 예산과 기금을 관리하는 2금고로 선정됐다.7일 금융권에 따르면 부천시는 최근 농협은행을 차기 1금고, 기업은행을 2금고로 확정했다. 두 은행은 내년부터 2029년 말까지 부천시 예산과 기금을 맡는다. 예산의 약 80%를 1금고가, 20%를 2금고가 맡을 것으로 예상된다. 올해 부천시 예산은 2조4378억원이다.은행권에서는 기업은행이 국민은행을 제치고 2금고를 차지했다는 데 주목하고 있다. 국민은행은 오랫동안 농협은행과 부천시 금고를 운영해왔다. ‘금고지기’를 다시 뽑을 때마다 두 은행이 대결을 벌여 1, 2금고를 맡았다.기업은행은 부천 지역 중소기업에 적극적으로 자금을 공급하고 주민을 위해 사회공헌 활동을 활발하게 펼칠 것을 약속했다. 부천에 가장 많은 점포를 둔 시중은행이라는 점도 평가에 영향을 미친 것으로 알려졌다.김진성 기자 jskim1028@hankyung.com",https://www.hankyung.com/article/2025070731031,2025.07.07 17:23
"서학개미 톱픽 서클, 월가 전망 '천차만별'","달러 스테이블코인 발행 기업
서학개미, 한달 9178억 순매수
목표가 80~250달러로 제각각","사진=게티이미지뱅크 

                최근 서학개미가 집중적으로 매수한 미국 스테이블코인 기업 서클인터넷그룹 주가 향방을 두고 월가 전문가의 전망이 크게 엇갈렸다.4일 한국예탁결제원에 따르면 서클은 미국 뉴욕증시에 상장한 지난달 5일 이후 이달 3일까지 국내 개인투자자가 가장 많이 순매수한 해외 증시 종목 1위를 차지했다. 이 기간 서학개미는 서클을 6억7256만8353달러(약 9178억원)어치 사들였다. 서클은 글로벌 스테이블코인 시가총액 2위인 달러 스테이블코인 ‘USDC’를 발행하는 기업이다.이 회사 주가는 상장 이후 지난달 23일까지 공모가(31달러) 대비 약 750% 급등했다. 지난달 23일 장중 298.88달러까지 치솟기도 했다. 미국 상원이 스테이블코인 기업을 제도권으로 편입하는 내용을 골자로 한 법안 ‘지니어스법’을 만장일치로 통과시키자 관련 시장이 확대될 것이란 기대가 주가를 밀어 올렸다.





                그러나 최근 국제결제은행(BIS)이 “스테이블코인은 중앙은행이 발행하는 화폐를 대체할 수 없다”고 강도 높게 비판하자 서클 주가는 등락을 반복하다 최근 180달러 선까지 내려왔다. 3일(현지시간) 서클은 6.07% 오른 188.77달러에 장을 마감했다.미 월가에서 서클 주가의 전망은 크게 엇갈리고 있다. 지난달 말 이후 서클에 대한 투자 의견을 제시한 10개 투자은행(IB)의 목표주가는 최저 80달러에서 최고 250달러까지 제각각이다. 10개 증권사 중 12개월 이후 목표주가를 제시한 9개사의 평균 목표주가는 188.88달러로 3일 종가와 비슷한 수준이다.





                가장 높은 목표주가(250달러)를 제시한 니덤은 “스테이블코인은 빠르게 성장해 금융 생태계의 패러다임을 바꿀 것”이라며 ‘강력매수’ 의견을 냈다. 하지만 도이체방크는 목표주가를 155달러로 제시하며 투자의견을 ‘보류’로 제시했다. 브라이언 베델 도이체방크 애널리스트는 “스테이블코인엔 장기적으로 수익을 낼 기회가 있지만 서클 주가는 한동안 기업 수익 전망에 따라 상당한 변동성을 겪을 가능성이 있다”며 “지금 진입하느니 더 나은 시점을 따지는 게 낫다”고 봤다.골드만삭스는 서클의 적정 주가가 83달러라며 ‘보류’ 의견을 냈다. 3일 대비 56%까지 주가가 떨어질 수 있다는 얘기다. 제임스 야로 골드만삭스 애널리스트는 “서클은 향후 5~8개 분기 조정 순이익의 약 60배 수준에 거래되고 있다”며 “주가가 상당히 조정받을 수 있다”고 내다봤다. 가장 낮은 목표가를 제시한 JP모간은 80달러가 적정 주가라고 분석하며 ‘매도’를 추천했다.선한결 기자 always@hankyung.com",https://www.hankyung.com/article/2025070492251,2025.07.04 17:37
英도 채권자경단 그림자…재정개혁 후퇴에 국채값 급락,"스타머 내각 '복지지출 축소' 난항

재무장관 거취마저 논란되자
국채 투매…10년물 금리 급등
파운드 가치도 1%가량 떨어져

복지 부담에 국가부채 '경고등'
전체 예산 24%, 복지정책 사용
투자자들 사이 재정 불안 확산","< 재무장관 ‘눈물’ > 레이철 리브스 영국 재무장관(오른쪽)이 2일﻿ 키어 스타머 총리의 의회 답변 도중 손으로 눈물을 훔치고 있다. ﻿ /영국 의회 방송 캡처

                레이철 리브스 영국 재무장관의 ‘눈물’에 영국 국채 가격과 파운드화 가치가 급락했다. 키어 스타머 내각의 복지 개혁이 후퇴하면서 재정 악화 우려가 커진 가운데 건전재정을 강조해온 리브스 장관의 사임 가능성이 불거지자 시장이 민감하게 반응한 것이다. 반시장 정책에 국채 투매 등으로 맞서는 ‘채권 자경단’이 영국에서도 출현할 조짐을 보였다는 지적이 나온다. ◇영국 국채값 급락







이미지 크게보기



                영국 10년 만기 국채 금리는 2일(현지시간) 연 4.61%에 마감했다. 전날보다 0.16%포인트 올랐다. 장중 한때 연 4.681%까지 급등(국채 가격은 급락)했다. 이는 미국의 상호관세 발표 여파로 국채 시장이 요동친 4월 초 이후 하루 기준 최대 상승률이다. 영국 국채 30년 만기 금리도 전날 연 4.61%에서 이날 최고 연 4.78%까지 뛰었다. 채권투자자들이 영국 국채를 대거 내다 팔았기 때문이다. 이날 파운드화 가치도 급락했다. 달러 대비로는 0.9%, 유로화 대비로는 0.7% 떨어졌다.이번 매도세는 2022년 재원 대책 없는 감세안을 냈다가 단명한 리즈 트러스 총리 때 시장 발작과 비슷하다는 지적이 나온다. 트러스 전 총리 땐 1주일 만에 영국 국채 금리가 1%포인트나 급등했다. 이번에도 정부의 재정정책을 두고 시장의 우려가 커졌다. ◇복지 개혁 후퇴이날 영국 국채 시장 불안은 스타머 내각의 복지 개혁 후퇴와 관련이 있다. 스타머 내각의 복지 개혁안은 장애인과 장기 질환자에 대한 복지 수당을 대폭 삭감해 예산 50억파운드(약 9조3000억원)를 절감하는 내용을 담고 있다. 하지만 당내 반발이 커지자 스타머 내각은 기존 수급자는 예외로 하고 신규 신청자에게만 복지 수당을 삭감하는 쪽으로 한발 물러섰다. 하지만 이마저도 전날 하원 ‘2차 독회’에서 찬성 335표 대 반대 260표로 힘겹게 통과됐다. 집권 노동당 의원 49명도 반대표를 던졌다.이어 이날 의회 ‘총리질의(PMQs)’에서 스타머 총리는 케미 베이드녹 보수당 대표로부터 리브스 장관 거취를 묻는 질문을 받았다. 스타머 총리는 즉답을 피했다. 스타머 총리 뒤에서 답변을 듣고 있던 리브스 장관이 눈물을 흘리는 모습이 카메라에 포착됐다. 시장에서 리브스 장관의 거취가 불투명해진 것 아니냐는 관측이 나오면서 국채 가격과 파운드화가 급락했다. 이후 스타머 총리는 “그(리브스 장관)는 오랫동안 재무장관직을 수행할 것”이라고 해명했다.영국의 재정 여건은 상당히 취약한 상태다. 국제통화기금(IMF)에 따르면 영국의 국내총생산(GDP) 대비 국가부채 비율은 올해 103.9%에 달할 것으로 전망된다. 20년 전보다 두 배 이상 급증했다. 2020년대 초 코로나19 확산 등에 대응하면서 부채 비율이 급등한 뒤 좀처럼 내려오지 않고 있다. 경제 성장도 주춤하다. 지난해 영국 경제성장률은 1.1%로 비교적 양호했지만 영국은행(BOE)은 올해 성장률 전망치를 0.75%로 보고 있다. ◇커지는 복지 지출 부담반면 인구 고령화로 복지 지출 수요가 증가해 재정 부담이 커지고 있다. 영국의 복지 예산은 작년 3033억파운드(약 562조6124억원)에서 올해 3130억파운드(약 580조6056억원)로 증가한다. 전체 예산의 24% 정도다. 스타머 정부는 출범 후 이런 문제를 해결하고 시장의 신뢰를 얻기 위해 엄격한 재정 준칙을 발표했다. 임기 내 경상지출 균형재정을 달성하고 부채비율을 하향 안정시키겠다고 약속했다. 하지만 경제성장률 하락과 각종 복지 예산 축소 실패 등으로 재정 준칙 준수가 어려워졌다는 지적이 나온다.스타머 총리는 지난해 선거 공약으로 “주요 세목에 대한 증세는 없다”고 밝혀 증세도 어렵다. 이런 이유로 시장에선 국채 발행이 증가할 것으로 예상한다. 최근 국채 금리가 급등한 것도 이런 전망에서다. 영국 정부는 2025~2026회계연도(2025년 4월~2026년 3월)의 국채 발행 예정액을 약 3040억파운드로 잡았다. 2020~2021회계연도 코로나19 확산 대응 때를 제외하면 역대 최대 수준이다.글로벌 투자 기업 다이와캐피털마켓의 크리스 시클루나 경제 연구 책임자는 “시장이 영국의 재정 정책 전망을 재평가하면서 국채 금리가 상승했다”고 분석했다. 글로벌 투자은행 제프리스의 모히트 쿠마르 유럽지역 수석이코노미스트는 “최근 시장 반응은 재정 적자를 줄이기 위한 영국 정부의 신뢰에 대한 우려를 반영하고 있다”고 지적했다.김주완 기자 kjwan@hankyung.com",https://www.hankyung.com/article/2025070370081,2025.07.03 17:40
"""막막할때 손 잡아주고…보증, 컨설팅, 복지 챙겨줘…이런 친구 또 없습니다""","KB금융, 소상공인 금리우대 대출 두 배로
신한금융, 폐업 빚 상환 기한 30년까지 연장

하나금융, 중장년 취업박람회·청년창업 교육
농협금융, 유동성 위기 자영업자 '대출 119'
BNK금융, 부울경 지역경제 희망센터 열어","Getty Images Bank

                고금리와 경기 둔화, 소비 위축이라는 삼중고 속에서 소상공인과 중소기업들이 한계상황에 직면해 있다. 이런 가운데 국내 주요 금융지주들은 금융 본연의 역할을 넘어 위기 극복을 위한 ‘동반자’를 자처하고 있다. 보증, 컨설팅, 복지까지 포괄한 입체적 지원을 확산하며 금융의 사회적 가치를 실현하고 있다는 평가다. ◇ 맞춤형 지원 늘리는 ‘포용금융’KB금융그룹은 ‘세상을 바꾸는 금융’이라는 사명을 바탕으로 중소기업·소상공인 지원을 확대해 왔다. 국민은행은 소상공인에게 적용하는 금리우대 프로그램을 대폭 늘려 영업점 단위 대출한도를 기존 1조5000억원에서 3조원으로 상향했다. 국가 전략산업 종사 기업을 위한 특별 금리지원 규모도 5조원까지 확대했다.신용보증기금 및 기술보증기금과의 협업을 통해 8400억원 규모의 보증 공급도 이어간다. 특히 자동차 부품 기업 등 미국발 관세정책에 직격탄을 맞은 중소제조업을 대상으로 1500억원 상당의 저금리 대출을 신규 마련했다. 이 밖에 KB금융은 ‘착한가격업소’를 선정해 식당, 미용실 등 지역 내 생활 밀착형 자영업자 477곳에 총 60억원의 운영비를 지원하는 ‘KB마음가게’ 프로젝트도 진행하고 있다.신한금융그룹은 높은 대출금리로 부담을 느끼는 자영업자와 취약 차주를 위한 금리 절감 프로젝트에 집중하고 있다. 신한은행은 지난해부터 ‘헬프업 앤 밸류업’ 프로그램을 통해 연 10% 이상 고금리 대출을 보유한 고객의 금리를 일괄 연 9.8% 이하로 낮췄다. 현재까지 4만여 명이 평균 2.8%포인트의 금리 인하 혜택을 받았다.신한저축은행에서 신한은행으로 갈아탈 수 있도록 한 ‘상생 대환대출’도 성과를 내고 있다. 9개월 만에 570여 명이 100억원을 옮겨 총 10억원에 가까운 이자 절감이 이뤄졌다. 소상공인의 재기 또한 놓치지 않는다. 폐업 예정 자영업자의 채무 상환 기간을 30년까지 늘려주는 ‘신한 폐업지원 대환대출’, 성실 상환자를 위한 ‘햇살론119’, 디지털 전환 보조 프로그램 등이 현장에서 긍정적 반응을 얻고 있다. 지난해 신한은행의 사회책임금융 상품 제공액은 7458억원으로 시중은행 중 가장 많았다. ◇ 장애인·고령층까지 포괄하나금융그룹은 상생금융 실천을 위한 전담조직 신설로 체계적인 지원 체계를 구축했다. 그룹 ESG부문 산하 ‘ESG상생금융팀’과 하나은행 내 ‘ESG상생금융부’가 중심축이다. 장애인과 금융취약계층을 위한 지원도 폭넓게 진행된다. 발달장애 예술인을 위한 공모전과 사회적 기업 인턴십 제공, 장애인 거주시설 환경 개선, 장애 청소년 대상 맞춤형 보조기기 지원 사업 등이 대표적이다.




Getty Images Bank

                소상공인을 위한 지원 규모도 확대했다. 민생금융 계획에 따라 97.5%의 집행률을 보이며, 대출이자 캐시백, 보증료 지원, 디지털 전환 서비스 무상 제공 등을 시행 중이다. 특히 100억원 규모 ‘하나 파워 온 스토어’ 프로젝트를 통해 점포 간판 개선, 고효율 기기 도입 등 경영 환경 개선을 돕고 있다. 고령화 대응 차원에서는 신중년 재취업 프로그램, 중장년 취업박람회, 청년 창업 교육 등도 병행하고 있다.우리금융그룹은 지역 기반 소상공인을 위한 ‘우리동네 선한가게’ 사업을 통해 금융·컨설팅·홍보를 결합한 전방위 지원에 나서고 있다. 미용실, 식당, 화원 등 20곳의 업장을 선정해 업종 특성에 맞춘 인테리어와 대출·금리 혜택을 제공한다. 네이버, 카카오와 연계한 검색 연동을 통해 시민 접점도 확대했다.수출기업을 위한 유동성 공급 규모도 10조2000억원에 달한다. 보증서 대출, 금리 감면, 외환 수수료 우대, 어음 부도 유예 등도 병행하며 수출산업 연착륙을 뒷받침하고 있다. 또 굿윌스토어와의 협업을 통한 ‘기부함 프로젝트’와 다문화가족 장학금 사업 등도 지속적으로 추진 중이다.농협금융은 농업과 중소기업이 함께하는 경제 기반 강화를 목표로 상생금융 활동을 전개 중이다. 올해 기술보증기금과 손잡고 인공지능(AI)·반도체 등 국가 전략산업에 총 3000억원 규모의 협약 대출을 지원하고 있다. 개인사업자 대상 ‘대출119’ 제도를 통해 유동성 위기에 빠진 자영업자들에게 유연한 상환 계획을 제공 중이다.농협은행은 농업인 신용보증기금과 협약을 통해 1300억원 규모의 특별출연 대출을 시행하고 있다. 농협생명과 농협손해보험은 농업 재해보험 등 실질적 리스크를 보장하는 전용 상품도 다양화하고 있다. ◇ 지역경제 버팀목 자처하는 지방금융BNK금융그룹은 ‘부·울·경(부산·울산·경남)의 마지막 방패’라는 별칭답게 지역 내 실질 지원에 집중하고 있다. 최근 부산은행·경남은행 내에 ‘지역경제 희망센터’를 열고 소상공인을 위한 컨설팅, 채무조정, 디지털화 지원 등 종합 서비스 체계를 구축했다.부산은행은 한국신용데이터와 제휴해 자영업자를 위한 경영관리 플랫폼 ‘캐시노트’ 기반 맞춤형 금융을 도입했다. 영업 환경이 빠르게 변화하는 만큼 금융과 기술의 접점을 통한 실질 지원에 방점을 찍은 것이다. 중소기업 지원에도 본격적으로 나섰다. 앞서 BNK금융은 ‘지역 동반성장 선언문’을 통해 18조4000억원 규모의 금융 패키지를 내놓았다.조미현 기자 mwise@hankyung.com",https://www.hankyung.com/article/2025071611281,2025.07.16 15:53
"JP모건, 2분기 IB실적 호조에 '깜짝 실적'","감소 예상 뒤엎고 채권인수,M&A자문 수수료 증가
주식 거래 2분기 연속 사상 최고치 경신","사진=REUTERS

                미국최대 은행인 JP모건 체이스는 투자 은행 부문의 호조로 2분기에 깜짝 이익을 거뒀다고 발표했다. 15일(현지시간) JP모건 체이스는 2분기중 투자 은행 부문의 수익이 7% 증가하면서 2분기에 사상 최고 실적을 기록했다고 보고했다. 투자은행 부문에서 채권 인수가 12%, 인수합병 자문 수수료가 8% 증가했는데 이는 이 부문 수익이 감소할 것으로 예상해온 월가 분석가들의 예상을 뒤집은 것이다. 주식 인수 수익은 6% 감소해 분석가들이 예상한 29% 감소보다 양호한 수준을 기록했다.  거래 부문에서 채권 부문이 56억 9천만 달러를 기록하며 평균 예상치인 52억 2천만 달러를 크게 웃돌았다. 주식 거래 역시 32억 5천만 달러로 1분기에 이어 2분기에도 사상 최고치를 경신했다고 밝혔다. JP모건은 2분기의 순이자수익은 분석가 예상치에 미치지 못했으나 연간 순이자수익은 약 955억달러에 이를 것으로 예상한다고 밝혀 지난 분기의 연간 전망치도 상향조정했다. 이 날 웰스파고 은행과 씨티 그룹도 실적 발표를 앞두고 있다. 뱅크오브아메리카, 골드만삭스, 모건스탠리는 16일에 실적을 발표한다. 대형 은행의 합병 자문 사업은 투자자들에게 우려 대상이 돼왔다. 트럼프 정부의 무역 정책이 불확실한 가운데 기업들이 관망하는 상황이었기 때문이다. JP모건 주가는 15일(현지시간) 뉴욕증시 개장전 거래에서 1% 상승했다. 
                    




                김정아 객원기자 kja@hankyung.com",https://www.hankyung.com/article/202507150400i,2025.07.15 21:07
,,,https://magazine.hankyung.com/business/article/202507111744b,
"한수원, 경주 中企에 1120억 저리대출",영남 브리프,"한국수력원자력은 경북 경주시에 소재한 중소기업을 대상으로 상생협력기금 대출 신청을 받는다. 지원 대상은 경주시 추천 및 농협은행 대출 심사를 통과한 중소기업으로, 선정된 기업은 최대 10억원까지 저금리로 대출받을 수 있다. 대출 총액은 한수원 예탁금 1000억원과 농협은행 출연기금 120억원 등 1120억원에 이른다.",https://www.hankyung.com/article/2025072377411,2025.07.23 18:01
[인사] IBK기업은행,,◇ 본부장급 승진    ▲강남지역본부 홍다연 ▲강동지역본부 김진희 ▲서부지역본부 이동운 ▲중부지역본부 김춘기 ▲인천지역본부 김봉환 ▲부산지역본부 장태호 ▲경남지역본부 신영출 ▲대구·경북동부지역본부 강승균 ▲호남지역본부 김영욱 ▲기업고객부 김수원 ▲IBK경제연구소 서경란 ▲검사부 신정성    ◇ 본부 부서장 승진    ▲카드디지털사업부 정해인 ▲강남남부여신심사센터 이경숙 ▲디지털혁신부 디지털추진팀 이정익    ◇ WM센터장 승진    ▲중계동WM센터 박은영 ▲일산WM센터 유미현    ◇ 기업금융센터장 승진    ▲서시화기업금융센터 양순희    ◇ 지점장 승진    ▲구리 김광식 ▲위례 최병열 ▲동두천 이은미 ▲신길동 임대옥 ▲보라매 김경아 ▲사당역 김수인 ▲일산웨스턴돔 김연자 ▲용산중앙 이은성 ▲검단산업단지 김형남 ▲인천 정연순 ▲인천항 권혁준 ▲상동역 유주희 ▲송내역 임진희 ▲오산남 김영구 ▲분당정자역 박용진 ▲용인서천동 김필점 ▲범천동 김정문 ▲거제 김동준 ▲김해삼계 문성길 ▲김해장유 이경동 ▲사직동 고영래 ▲언양 정점미 ▲한국산업단지공단 유정현 ▲구미첨단타워 김대영 ▲구미형곡 김호근 ▲왜관 장혜연 ▲논산 이권유 ▲청주산남 최용호 ▲광양 조연웅 ▲나주혁신도시 강대근 ▲서광주 김연자 ▲서전주 이은주    ◇ 기업성장지점장 승진    ▲비산동 이경호 /연합뉴스,https://www.hankyung.com/article/202507150047Y,2025.07.15 17:00
,,,https://magazine.hankyung.com/business/article/202507210714b,
정·재계·금융·웹3 고위 인사 총집결…'이스트포인트:서울 2025' 1차 라인업 공개,"오는 9월 22일, 그랜드 하얏트서 비공개 개최 
디지털자산·스테이블코인 등 핵심 현안 논의 
‘고위급 비공개 라운드테이블’ 열린다

민주 민병덕·국힘 김재섭·개혁 이준석 의원
국민·신한·하나·우리 등 4대 은행 
NH·한화·메리츠·DB·키움 등 주요 금융사 

싱가포르 국부펀드 테마섹·日 금융공룡 SMBC닛코
마스터카드·페이팔벤처스 등 글로벌 기관 
업비트·빗썸·바이낸스 등 국내외 가상자산 거래소","대한민국 디지털 자산 산업의 새로운 이정표가 될 글로벌 웹3 프라이빗 콘퍼런스 '이스트포인트:서울 2025'가 1차 주요 연사 및 참가 기업을 10일 공개했다.  

                대한민국 디지털 자산 산업의 새로운 이정표가 될 글로벌 웹3 프라이빗 콘퍼런스 '이스트포인트:서울 2025(EastPoint:Seoul 2025, 이하 이스트포인트)'가 1차 주요 연사 및 참가 기업을 10일 공개했다.오는 9월 22일 서울 용산구 소재 그랜드하얏트 서울에서 개최되는 이번 행사는 글로벌 블록체인 벤처캐피털 해시드(Hashed), 한경미디어그룹 산하 블록체인 미디어 블루밍비트(Bloomingbit), 그리고 한국경제신문이 공동 주최한다. 이번 행사에는 정책 입안자부터 글로벌 기관·웹3 리더들까지 소수의 엄선된 초청 대상만 참석해 원화 스테이블코인, 토큰증권발행(STO), 전통 금융과 블록체인의 융합 등 디지털 금융 전환을 이끄는 핵심 어젠다에 대한 깊이 있는 논의를 진행할 예정이다.최근 ‘디지털자산 기본법’ 발의를 계기로 국내 금융권의 디지털 자산에 대한 관심이 급속히 높아지고 있다. 한때 기술 중심으로 논의되던 블록체인 산업이 이제는 제도권 금융과의 접점이 확대되며, 주요 금융기관들도 논의에 적극 참여하는 흐름이 본격화되고 있다. 이러한 변화 속에서 열리는 이번 이스트포인트에는 국내외 주요 금융기관과 글로벌 IT·게임 기업 등 각계 핵심 플레이어들이 한자리에 모여 웹3 산업의 주요 어젠다를 논의하는 장이 될 전망이다.이번 행사에는 민병덕 더불어민주당 국회의원, 김재섭 국민의힘 국회의원, 이준석 개혁신당 국회의원 등 여야 정치권이 모두 참여해 스테이블코인 등 주요 현안에 대한 정책 방향을 논의한다. 이들은 라운드테이블 세션을 통해 글로벌 기관 및 주요 웹3 기업들과 교류한다. 특히 메인 패널 세션에서는 3당 의원이 모두 참여해 대한민국 디지털 자산 산업의 규제 환경과 향후 과제를 주제로 초당적 대화를 펼칠 예정이다.여기에 국민은행, 신한은행, 하나은행, 우리은행 등 4대 은행을 비롯해 NH투자증권, 신한투자증권, 하나증권, 메리츠증권, DB증권 등 주요 증권사와 한화자산운용, KB국민카드, NH벤처투자, 신한벤처투자, 카카오벤처스, 롯데벤처스, 키움인베스트먼트 등 다양한 금융사들이 함께 참여한다.이밖에도 바이낸스 등 글로벌 대형 가상자산 거래소들과 업비트, 빗썸, 코인원, 코빗, 고팍스 등 국내 5대 가상자산 거래소가 모두 참석한다. 싱가포르 국부펀드 테마섹(Temasek), 일본 대표 금융기관 SMBC닛코증권(SMBC Nikko Securities) 등 대형 글로벌 기관들도 참가 기업 명단에 이름을 올렸다. 라인넥스트, LG CNS, 구글클라우드, NC소프트 등 IT·게임 분야 대표 기업들도 자리를 함께한다.연사로는 아쇼크 벤카테스와란(Ashok Venkateswaran) 마스터카드 디지털자산·블록체인 아시아태평양 총괄, 앨런 두(Alan Du) 페이팔벤처스 파트너, 얏 시우(Yat Siu) 애니모카브랜즈 공동 창업자, 브라이언 팰레그리노(Bryan Pellegrino) 레이어제로 대표, 아서 헤이즈(Arthur Hayes) 맬스트롬 공동 창업자, 가이 영(Guy Young) 에테나랩스(Ethena Labs) 공동 창업자, 시드니 파웰(Sidney Powell) 메이플파이낸스 대표, 앤서니 아폴로(Anthony Apollo) 미국 와이오밍주 정부 산하 스테이블 토큰 커미션 총괄이사, 레베카 신(Rebecca Sin) 블룸버그 인텔리전스 APAC 펀드 리서치 총괄(Head of APAC Funds Research, Bloomberg Intelligence) 등이 참여한다.이번 행사에서는 공개 세션 외에도 정책 당국, 금융기관, 대기업, 웹3 기업들이 비공개로 참여하는 ‘라운드테이블'이 주목된다. 5~6인 규모로 진행되는 이 프로그램은 형식적인 발표를 넘어 실질적인 규제 방향과 사업 협력 모델에 대한 깊이 있는 논의가 진행될 수 있도록 기획됐다. 이스트포인트에 참여하는 모든 참석자는 원칙적으로 최소 1회 이상 라운드테이블에 참여해야 하며, 이는 일반적인 콘퍼런스와 비교해 훨씬 높은 수준의 상호작용과 몰입도를 만들어낼 것으로 기대된다.스폰서로는 수이 재단(Sui Foundation), 레이어제로(LayerZero), 앱토스(Aptos), 아발란체(Avalanche), 앵커리지 디지털(Anchorage Digital), 비트멕스 리서치(BitMEX Research) 등 주요 웹3 기업들이 함께한다. 참여 미디어사에는 테크크런치와 코인데스크 등 글로벌 외신들이 포함됐으며, 커뮤니티 파트너로는 비트맨이 참여한다.김서준 해시드 대표는 “이스트포인트는 산업, 정책, 금융이 더 이상 따로 움직일 수 없는 시대에 각 주체들이 함께 해법을 모색하기 위해 기획된 자리”라며 “블록체인과 디지털 자산이 단순한 기술 논의를 넘어, 제도권 금융과 정책 환경 속에서 실질적인 산업으로 성장하려면 서로의 관점과 과제를 공유하고 협력해야 한다”고 밝혔다. 이어 “이번 행사를 통해 한국이 글로벌 디지털 금융 산업의 허브로 도약하는 의미 있는 첫걸음을 함께 내딛기를 기대한다”고 덧붙였다. 김산하 블루밍비트 대표는 ""단순한 발표 중심의 콘퍼런스를 넘어, 산업과 정책이 실제로 연결되는 '실행의 장(場)'을 만들고자 했다”며 ""이번 행사는 대한민국이 디지털 자산 산업의 글로벌 거점으로 발돋움할 수 있는 전환점이 될 것""이라고 말했다.이스트포인트에서는 ▲대한민국 디지털 자산 산업을 위한 규제 환경의 변화와 과제 ▲원화 기반 스테이블 코인의 금융 생태계 적용 방안 ▲프로그램 가능한 결제 시스템: 스테이블 코인의 일상 결제 통합 방안 ▲디지털 자산 시장 인프라 개발: 거래소, 대출, 결제 시스템 구축 등 국내 금융기관들의 주요 관심사를 반영한 핵심 주제들이 심도 있게 논의될 예정이다.한경닷컴 뉴스룸 open@hankyung.com",https://www.hankyung.com/article/202507109394O,2025.07.10 10:00
"""리더는 지시하는 사람이 아닙니다""","한경 CHO Insight
휴넷과 함께하는 리더십 여행","일론 머스크는 한때 공장 바닥에서 잤다. 테슬라 전기차 ‘모델3’ 양산에 차질이 생길 때 일이다. 누군가 왜 그랬냐고 묻자, 그는 대답한다. “직원들이 고생하고 있는데 CEO가 휴가나 즐길 순 없죠.”주 120시간 일하고 쪽잠으로 버티는 CEO라니. 드라마 속 풍경이 따로 없다. 그런데 이 한 컷, 지금 우리에게 어떤 리더가 필요한지 선명히 보여준다.# ‘하던 대로’의 대가오늘날 비즈니스는 어렵다는 차원을 넘어섰다. 익숙한 룰은 사라진지 오래다. 기술 변화는 빠르다 못해 예측이 안 된다. 손에 잡히는가 싶다가도 어느새 다른 방향으로 뛰쳐나간다. 그 한가운데 인공지능이 있다.위기는 하나씩 오는 법이 없다. 전쟁, 기후 위기, 환율 상승, 기술 경쟁까지. 숨 돌릴 틈 없이 한꺼번에 덮쳐온다. 전략은 책상에 올라가기 전 무산되고, 공급망은 말 한마디에 툭 끊긴다. 국경 너머 규제는 아무런 예고 없이 들이닥친다. 이 와중에 소수 빅테크 기업들이 시장을 거침없이 빨아들인다. 후발주자는 출발선에 발도 못 디딘 채, 1등과 격차가 점점 벌어진다.그런데 이런 격랑 속에서도 과거 성공 공식을 꾹 쥔 채 버티는 기업들이 있다. 한때 잘나간 방식이니 이번에도 통할 거라 믿는다. 영국 통계청이 자국 기업들의 경영 관행을 평가했는데, 평점은 1점 만점에 0.57점으로 절반을 조금 웃도는 수준이다. 미국, 독일, 일본의 사정도 별반 다르지 않다. 특히 가업을 잇는 중소기업, 규제가 느슨한 산업군, 지역 기반 전통 기업일수록 익숙한 경영 방식에서 좀처럼 벗어나지 못한다. 상당수는 여전히 깜깜이 인사평가와 감(感)에 의존한 경영을 고수하고 있다. 그 결과, 생산성 격차는 50%까지 벌어진다. 경영 관행이 앞선 기업과 뒤처진 기업 사이에 벌어진 거리다.# 슬라이드에는 담기지 않는 것들과거의 경영은 단순했다. CEO는 전략을 짜고, 임원은 감독하고, 실무는 현장에서 움직였다. 위에서 결정하고, 아래로 내리고, 성과에 따라 보상했다.문제는, 이 방식으론 오늘을 따라가기에 한참 느리다는 것이다. 고객의 표정, 기술자의 고민, 현장의 미세한 공기 같은 건 슬라이드에 담기지 않는다. 숫자에도 없다. 정보가 계층 사다리를 오르고 지시가 내려오는 동안, 시장은 벌써 두 바퀴쯤 굴러간다. 리더는 그렇게 현장에서 멀어진다. 현실과 결정 사이에 생긴 틈은 어느새 골이 된다.무엇보다 치명적인 건 창의성과 자율성이 눌린다는 점이다. 현장에서 몸으로 부딪힌 통찰은 올라가지 못하고, 위에서는 안전한 결정만 반복한다. 보고는 많고, 승인은 까다롭고, 책임은 끝내 밑에만 머문다. 절차가 많아질수록 시도는 줄고, 시도가 줄수록 남는 건 하나다. ‘그냥 하던 대로.’MIT 슬론 스쿨은 이런 문제의 뿌리를 오래된 위계 구조에서 찾았다. 빠르게 바뀌는 세상에서, 계층 중심의 경영으론 더는 버텨낼 수 없다는 얘기다. 위계는 협업을 막고, 자율성을 누르고, 결국 조직의 생기를 갉아먹는다.# 기술 안으로 들어간 리더들혼란이 일상이 된 지금, 리더에게 필요한 건 예전처럼 ‘지시하는 능력’이 아니다. 기술을 읽고, 흐름을 감지하고, 현실을 몸으로 부딪히는 사람. 현장을 내려다 ‘보는’ 사람이 아니라, 그 안에 ‘있는’ 사람이어야 한다.머스크 이야기로 돌아가 보자. 그는 단지 공장에서 잠만 잔 게 아니다. 스페이스X에선 로켓 공학을 독학했고, 테슬라에선 생산 설계에 직접 관여했다. 트위터를 인수한 뒤엔 엔지니어들 옆에 앉아 소프트웨어 코드를 하나하나 뜯어봤다.애플의 잡스는 아이콘 하나까지 그냥 넘기지 않았고, 아마존의 베조스는 고객 메일에 밤새 답장을 보냈다. 구글의 피차이, MS의 나델라도 마찬가지다. 기술과 제품 전략을 동시에 챙긴다. 숫자만 읽던 CEO는 이제 기술의 흐름을 읽고, 그 안의 숨은 신호를 감지하는 사람으로 변하고 있다. 이 변화에 대해 메타의 저커버그는 못을 박는다. ""CEO가 기술을 이해하지 못하고 이사회에 기술 인재가 한 명도 없다면, 그 회사는 기술 기업이라 불려선 안 됩니다.”다행히 이런 변화는 한국에서도 감지된다. 한 포털 기업 CEO는 바쁜 일정 속에서도 연구소에 들러 엔지니어들과 기술 얘기를 나눈다. 첨단 제조업체의 수장은 AI와 데이터 교육을 스스로 받으며 매주 현장을 찾는다. 어느 금융 기업은 임원들에게 코딩을 가르치기 시작했다. 철강 기업의 CEO는 스마트 팩토리를 직접 설계하며 엔지니어들과 데이터를 함께 들여다본다. 인터넷 전문은행 대표는 앱 개발과 사용자 경험을 직접 챙긴다. 이들의 공통점은 한 가지. 기술을 위에서 지켜보지 않고, 그 안으로 들어가는 것이다.보고서 몇 장, 슬라이드 몇 장으로 경영을 이해하던 시대는 끝났다. ‘나 때는 이 정도면 됐지’라는 기억 하나로 지금을 버텨낼 수 없다. AI든, 빅데이터든, 에이전트든, 리더가 먼저 배워야 한다. 먼저 써보고, 먼저 틀려보고, 먼저 익혀야 한다.기술을 활용하는 방식은 제각각이다. 어떤 기업은 생산에, 어떤 기업은 고객 분석에, 또 어떤 기업은 제품 개발에 기술을 녹인다. 방식은 달라도 결국 하나로 모인다. 기술을 이해하고 현장을 아는 리더만이 이 혼란을 기회로 바꾼다.멀찍이서 보고받는 사람이 아니라, 먼저 부딪히는 리더가 이끄는 시대다. ‘테크기업가형 리더십.’ 이제는 있어도 좋고 없어도 그만인 선택지가 아니다. 리더라면 갖춰야 할 생존의 필수 언어다.김주수 휴넷L&D연구원 연구원장",https://www.hankyung.com/article/202507146606i,2025.07.15 16:27
"""코스피 2년 내 오천피 달성할 수도""…놀라운 보고서 나왔다","JP모건 ""올해 32% 오른 코스피 장기적 상승 전망""
한국 증시 투자 의견 '중립'→'비중 확대' 상향 조정
""올해 하반기 3200~3500선 등락 반복할 가능성""","사진=연합뉴스

                미국계 투자은행 JP모건이 한국의 기업 지배구조(거버넌스) 개혁이 본격화될 경우, 향후 2년 내 코스피 지수가 50% 이상 상승할 수 있다는 낙관적인 전망을 내놨다.11일(현지시간) 블룸버그통신에 따르면, JP모건은 이날 발표한 보고서에서 ""한국은 아시아 및 신흥국 가운데 핵심 비중확대(overweight) 시장으로 유지되고 있다""며 올해 32% 오르며 사상 최고치에 근접한 코스피가 장기적으로 약 5000선까지 상승할 수 있다고 분석했다.이에 ""거버넌스 개혁 추진에 따라 지난달 한국 주식에 대한 투자 의견을 중립에서 비중확대로 상향했다""고 밝혔다.JP모건은 이어 ""개혁이 순조롭게 진행되는 한 시장 변동성이 나타날 때마다 추가 매수를 권한다""며 ""관세 우려, 성장 둔화, 채권시장 변동 등 글로벌·지역 증시의 불확실성은 오히려 매수 기회를 자극할 수 있다""고 분석했다.올해 하반기 코스피 전망과 관련해서는 ""3200~3500선에서 등락할 가능성이 있다""고 내다봤다.다만 JP모건은 ""아이러니하게도 최근 외국인 매수세는 2024년 초에 비해 훨씬 약하다""며 ""글로벌 투자자들이 보이는 관심을 고려하면 이는 더 좋은 진입 시점을 찾기 위한 것이라고 본다""고 덧붙였다.유지희 한경닷컴 기자 keephee@hankyung.com",https://www.hankyung.com/article/2025071242057,2025.07.12 18:31
세계 최고 정밀기술로 HBM 대기업 뚫은 한국의 강소기업,"초정밀·초박형 정밀 스테이지 개발한 재원
100년 넘은 일본 대기업, 국내 대기업에도 납품

1억~5억원대 프로브핀 자동 조립 모듈 개발에도 성공
반도체·스마트폰·디스플레이·의료·우주 등 활용 가능

""3년 내 기술특례상장으로 코스닥시장 상장 계획
2030년 2000억원 매출 내는 글로벌 강소기업 될 것""","신정욱 재원 대표가 ""초정밀·초박형 정밀기술로 2030년 2000억원대 글로벌 강소기업이 될 것""이라고 밝혔다./군포=민지혜 기자

                ""초정밀·초박형 원천기술로 2030년 2000억원대 글로벌 강소기업으로 성장할 겁니다.""위치결정로봇이라 불리는 정밀스테이지를 개발한 신정욱 재원 대표는 ""반도체, 스마트폰, 디스플레이, 2차전지, 의료, 광학, 우주항공 등에 응용되는 나노급 정밀기술에 자신있다""며 이같이 말했다. 이 회사의 정밀스테이지는 3축(XYR)조합 전체가 40밀리미터(㎜) 두께로, 세계 최고 수준이다. 정밀스테이지를 얇게 만들수록 그 위에 다른 부품을 붙일 공간을 확보할 수 있어 응용도가 높아진다는 게 신 대표의 설명이다.2011년 재원을 창업한 신 대표는 일본 유학 당시 전기회사에 다니면서 정밀스테이지 기술을 어깨 너머로 배웠다. 이를 좀 더 얇고 정교하게 발전시켜 한국에서 창업, 일본 기업들에 수출부터 시작했다. 신 대표는 ""특허 두 건을 출원 후 국내 대기업을 찾아갔더니 '이렇게 정교하게 할 수 있다는 걸 믿을 수 없다'고 해 어쩔 수 없이 수출부터 시작한 것""이라며 ""지금은 국내 대기업 S사, L사, K사 등 반도체·디스플레이·우주항공 업체에 판매중""이라고 설명했다. 재원은 100년 넘은 일본 회사들에도 10여년째 정밀 스테이지 모듈을 판매 중이다. 현재 등록한 특허만 13건이다.
                    



신정욱 재원 대표가 영국산 레이저 장비로 초정밀 스테이지를 테스트하는 과정을 설명하고 있다./군포=민지혜 기자

                재원 기술의 강점은 초정밀·초박형이다. 반도체 장비에 들어가는 핵심부품들은 제한된 좁은 공간에서 0.1마이크로미터(㎛) 단위로 움직여야 하는데 그 좁은 공간에서 15㎜ 두께의 초박형 스테이지를 넣어 테스트 장비 등을 붙일 수 있게 한 것. 신 대표는 ""세계 최고 수준의 제품 두께가 17㎜였는데 재원이 이를 2㎜ 더 얇게 만든 것""이라며 ""그럼에도 정밀도를 높이려고 600만번 이상 테스트한 결과를 들고 일본, 유럽 등에 수출했다""고 강조했다. 고가의 영국산 레이저측정 장비로 정확도를 직접 테스트한 결과지를 들고 수출에 나선 것이 주효했다는 설명이다.특허기술을 활용한 초미세물체 조립장치도 개발했다. 반도체 장비 중 머리카락 두께(70㎛)의 프로브핀을 자동으로 조립하는 모듈을 2017년부터 개발, 지난해 처음으로 샘플을 판매했다. 기존에 반도체 테스트 소켓 만드는 회사들에선 사람들이 일일이 현미경으로 프로브핀을 들여다보면서 조립해왔다고. 신 대표는 ""올해는 프로브핀 자동조립 모듈을 10대 판매키로 했다""며 ""사양에 따라 1억~5억원대 고부가가치 제품이기 때문에 매출에도 기여하는 바가 크다""고 말했다. 그는 이어 ""이 기술로 3년 내 코스닥시장에 기술특례상장을 할 계획도 세웠다""며 ""이미 산업은행에서 투자도 받았고 내년에는 100대 판매할 계획""이라고 덧붙였다.재원은 초정밀·초박형 기술을 업그레이드하기 위해 매년 매출의 15~20%를 연구개발(R&D)에 투자하고 있다. 신 대표는 ""2018년 대통령 표창을 받고 4건의 국책 R&D사업을 모두 성공시켰다""며 ""이는 유럽 수출로 이어졌다""고 했다. 초음파 모터를 활용한 스마트 위치결정장치, 반도체 웨이퍼 칩 분석을 위한 0.5㎚급 스테이지 및 광학 측정장비, 로봇용 초정밀 수평타입 자동 Z축 스테이지 등을 성공적으로 개발했다는 설명이다. 이 회사의 주요 수출국은 일본, 유럽, 중국, 베트남, 말레이시아 등으로 수출 비중은 약 70%다.
                    



신정욱 재원 대표가 타사 제품보다 얇은 자사 초정밀 스테이지의 기술력에 대해 설명하고 있다./군포=민지혜 기자

                창업 후 어려웠던 점을 묻자 신 대표는 ""첫째도 자금, 둘째도 자금, 지금도 자금""이라고 했다. ""중소기업은 기술과 열정밖에 없기 때문에 눈에 보이는 경영성과를 따지는 은행 문턱을 넘기가 어렵다""는 것. 그는 ""창업 후 지금까지도 하루에 3~4시간 이상 자본 적이 없다""며 ""특허 개발과 기술영업, 자금마련까지 모두 발로 뛰어 지금까지 온 것""이라고 했다.목표는 '글로벌 강소기업'이다. ""정밀스테이지의 활용도는 무궁무진하기 때문""이다. 신 대표는 ""재원이 개발한 초정밀 제품 시장은 제조 자동화 부문은 물론 고대역폭메모리(HBM), 인공지능(AI), 의료, 우주항공 등으로 확장 가능하고 이미 판매를 시작했다""며 ""국내 HBM 대기업 S사에도 맞춤형 정밀스테이지 모듈을 납품했다""고 설명했다.""3년 내 기업공개(IPO)하고 장기적으로는 '경영혁신, 기술혁신 글로벌기업'이 되는 게 목표입니다.""군포=민지혜 기자 spop@hankyung.com",https://www.hankyung.com/article/202507211637i,2025.07.21 14:02
"원·달러 선물 시장, 싱가포르서 143% 급증한 이유는? [글로벌 머니 X파일]",,"ChatGPT Image 






요약·SGX 원·달러 선물 거래 143% 급증·글로벌 변동성·투기적 수요 증가 원인·원화 위상 제고, 자금 변동성 확대 우려올해 들어 싱가포르 증권거래소(SGX)의 원·달러 선물 시장이 큰 성장세를 보이고 있다. 글로벌 금융시장의 변동성 확대와 관련 구조적 변화가 맞물린 결과라는 분석이 나온다. 한국 원화가 투자 자산으로 글로벌 위상이 커졌다는 의견도 있다. 변동성이 커졌다는 지적이다.  140% 이상 거래 급증21일 SGX에 따르면 지난 5월 SGX에서 원·달러 선물의 일평균 거래량은 전년 동월보다 143% 급증한 3만8294계약(약 6억8,500만 달러 상당)을 기록했다. 월간 기준으로 역대 최대 규모다.SGX는 “같은 시기 대만 달러의 이례적 변동성이 한국 원화 등 신흥 아시아 통화로 파급되며 투기 및 헤지 수요를 크게 자극했다""고 설명했다.원·달러 선물 거래 증가는 일시적인 현상이 아니다. 지난해 하반기부터 원화 선물시장이 빠르게 성장하고 있다. 작년 10월 SGX에서 원·달러 선물의 일평균 거래 규모는 전년 대비 150% 증가했다. 당시 기준으로 역대 최고치를 경신했다.SGX 전체 FX 선물 거래도 증가하고 있다. 올 6월에 전년 대비 50% 늘어 월간 670만 건에 달했다. 원화뿐 아니라 아시아 통화 전체적으로 선물 수요가 크게 늘었다.주로 외국계 은행과 글로벌 투자기관이 원·달러 선물 거래를 하는 것으로 알려졌다. 싱가포르는 세계에서 세 번째로 큰 외환거래 시장이다. 아시아 지역에서 통화 거래 허브 역할을 하는 곳이다.
                    




 투기적 베팅도 늘어지난 5월 원화 선물의 급등세는 헤지펀드의 투기적 베팅도 한몫했다. 같은 시기 대만달러가 단기간 급등하자 일부 헤지펀드는 '다음은 한국 원화'라며 원화 가치 상승에 베팅하는 파생상품 거래를 늘렸다SGX는 ""SGX 원화 미니선물 상품 시장에 신규 참여자가 대거 유입돼 유동성이 많이 증가했다""고 밝혔다. 미니선물 상품 시장은 기존의 선물 계약 상품에 비해 거래 단위가 작은 파생상품이 거래되는 시장이다. 해당 신규 참여자엔 소규모 글로벌 펀드, 패밀리오피스 등도 포함된 것으로 보인다.연기금 등 기관투자가의 환 헤지 거래도 늘고 있다. 한국 주식·채권시장에 투자한 해외 연기금·펀드들은 원화 환리스크를 피하기 위해 원화 선물이나 NDF(역외선물환)에 포지션을 구축한다. 관련해 SGX 선물을 활용하는 사례가 늘었다.이전에는 한국 내 은행과 선물환 거래를 주로 했다. 하지만 최근엔 싱가포르 시장의 깊은 유동성과 긴 거래시간을 선호하여 역외에서 원화 환 헤지를 하는 비중이 커지고 있다.글로벌 기업의 원화 수요 및 헤지 거래도 증가 추세다. 한국에서 사업을 하거나 원화로 거래하는 다국적 기업들은 환율 변동에 대비해 원화 NDF/선물 포지션을 통해 사전 헤지 포지션을 유지한다. 이런 수요 역시 SGX의 원화 선물시장 성장에 기여하고 있다.  미국에서 촉발SGX 원화 선물 거래량의 급증 요인은 복합적이다. 최근 몇 년간의 글로벌 환율 정책 변화와 시장 구조 재편이 이유 중 하나로 꼽힌다. 2020년대 초부터 진행된 미국의 급격한 통화 긴축과 금리 인상 사이클은 전 세계 외환시장의 변동성을 키우고 구조적 변화로 이어졌다.2022~2023년 미 중앙은행(Fed)이 기준 금리를 0%대에서 5%대로 가파르게 끌어올리자 투자자금이 미국 달러로 몰리며 글로벌 달러 강세가 나타났다. 이로 따라 신흥시장 통화 가치는 큰 폭으로 떨어졌다.한국 원화도 예외가 아니었다. 2022년 한때 달러당 1440원을 돌파하며 금융위기 이후 최고 수준의 원화 약세(달러 강세)를 기록하기도 했다.2022년 초에는 1190원 수준이던 원·달러 환율은 같은 해 9월 1440원까지 급등했다. 2023년 초에는 1230원대까지 급락했다가 다시 2024~2025년 기간 1300원 후반대로 상승하는 등 롤러코스터를 탔다.
                    




                환율 변동성이 극심해지자 투자자들의 환리스크 관리 필요성이 급증해 원화 선물과 같은 헤지 수단의 수요가 구조적으로 확대됐다.트럼프 행정부 1기 영향도 있다는 분석이다. 2017~2020년 도널드 트럼프 미국 대통령은 수출 경쟁력 강화를 위해 '달러 약세'를 선호한다고 발언하기도 했다.하지만 법인세 인하, 자본귀환 독려, 금리인상 압력 등 정책으로 미국으로 자금 유입이 늘어났다. 달러가 강세를 나타냈다. 이런 달러 강세는 국제 교역의 불균형을 심화하고 신흥국 통화 약세로 이어졌다. 한국 원화 역시 약세 압력을 받았다.당시 트럼프 행정부가 촉발한 글로벌 환율 갈등도 주목할 배경입니다. 2019년 미국 재무부가 중국을 환율조작국으로 지정하는 등 미·중 무역분쟁이 환율전쟁 양상으로 번지면서 각국 통화 정책이 자국 통화 가치 방어 또는 절하를 고민했다.  환 헤지 수요도 급증국내 원화 환 헤지 수요 증가도 SGX 거래량 급증 원인이다. 한국은행에 따르면 지난해 외국인 국내증권투자 규모가 월평균 223조원 수준으로 전년보다 증가했다. 이는 원화 환율 상승(원화 약세)에 대비한 외국인의 환 헤지 거래를 증가시킨 주요 배경이다.한국은행에 따르면 국내 외환은행들의 비거주자와의 거래가 작년 하루 평균 249억7000만 달러로 전년보다 11.0% 늘었다. 상당 부분이 NDF 등 역외 헤지 거래로 추정된다.외국인 투자자 입장에서는 한국 주식·채권에 투자할 때 원화 환율변동 위험을 피하는 것이 필수다. 보통 이들은 선물환 및 통화스와프 거래를 국내 은행과 맺어 환 헤지를 해왔다. 하지만 국내 금융 규제로 거래 한계나 시간 제약 때문에 역외 NDF 시장을 병행 활용해왔다.
                    




                SGX 원화 선물 시장의 급성장은 글로벌 통화시장 구조의 변화 조짐으로 볼 수 있다는 의견도 있다. 원화 선물 거래 증가는 원화가 글로벌 투자 자산으로 부상하고 있다는 뜻이다.과거 글로벌 FX 시장에서는 엔화, 위안화 정도만 일정 비중을 차지했다, 원화는 주변부에 머물렀다. 원화는 아직 역외거래가 제한적이지만 선물시장을 통해 국제 통용성을 얻어가고 있다.원화는 보통 '신흥국형 경기·위험 지표' 성격이 있다. 한국 경제가 대외 민감도가 높고 제조업 비중이 크기 때문이다. 글로벌 경기 순환이나 위험선호 변화에 원화 환율이 민감하게 반응해왔다.국제 투자자들은 원화 자산을 글로벌 포트폴리오 헤지에 활용해왔다. 원화 선물의 유동성 증가로 그 효용성이 더욱 높아졌다는 평가다. 원화 선물 가격은 이제 한국에서 발생하는 요인만 반영하는 것이 아니다.원화는 미국 통화정책, 중국 경기, 지정학적 위험 등 동아시아 및 글로벌 변수들에 대한 종합적인 기대치를 담는 지표로 여겨지고 있다.  원화 위상 진짜 높아졌나?한국 경제와 금융시장에도 직접적인 영향을 준다. 원화 선물 등 파생상품 거래가 활발해졌다는 것은 외국인 투자자들의 원화 자산 매매가 더 자유로워졌다는 뜻이다외국인들은 원화에 대한 헤지 수단을 확보해 한국 주식·채권 등에 더 적극적으로 투자할 여건이 된다. 이는 긍정적 측면이다.반면 외국인 자금 유출입의 속도와 규모가 커질 위험도 있다. 헤지 수단이 용이하다는 것은 투자 진입이 쉽다는 뜻이기도 하다. 이탈도 신속해질 수 있다.글로벌 위험 회피 심리가 높아지면 외국인들은 현물 주식·채권을 매도하고 동시에 원화 선물 시장에서 원화 약세 포지션을 취해 손실을 상쇄하려 들것이다.SGX는 지난 14일 링크트인 자사 계정에서 ""SGX에서 원·달러  미니 선물은 유럽 오전 시간대 원화 가격을 형성하는 사실상 유일한 플랫폼으로 자리 잡았다""며 ""새로운 시장 참여자가 빠르게 유입되며 유동성이 급팽창하고 있다”고 설명했다. [글로벌 머니 X파일은 중요하지만 잘 알려지지 않은 세계 돈의 흐름을 짚어드립니다. 필요한 글로벌 경제 뉴스를 편하게 보시려면 기자 페이지를 구독해 주세요]김주완 기자 kjwan@hankyung.com",https://www.hankyung.com/article/202507200223i,2025.07.21 07:00
,경제성장이 둔화할 조짐이 보이면 중앙은행은 금리인상을 중단하거나 금리를 인하한다. 하지만 경기는 안 좋은데 물가는 오르는 스태그플레이션이 발생할 수도 있다.,,https://sgsg.hankyung.com/article/2025071120981,
"JB금융그룹, 2024년 통합연차보고서 발간","은행권 최초 PPA 계약 체결 등
ESG 전략 내재화 성과 공개","JB금융그룹은 10일 환경·사회·지배구조(ESG) 경영 성과 및 지속가능 전략을 담은 ‘2024년 통합연차보고서’를 발간했다고 10일 밝혔다. 이번 보고서는 JB금융 계열사들이 이행한 ESG 전략의 성과를 중심으로 △기후 리스크 통합 관리체계 구축 △RE100 기반 재생에너지 조달 이행 △사회공헌 성과의 정량적 측정 △ESG 평가 개선 등의 내용을 담고 있다.JB금융은 ESG위원회를 포함한 이해관계자 설문을 통해 ‘기후변화 대응’, ‘지역사회 참여’, ‘금융소비자 보호’, ‘리스크 관리’ 등 네 가지를 ESG 내재화 전략의 핵심으로 선정했다.지난해 시행한 ESG 전략 중 대표적인 내용으로는 은행권 최초로 전북은행과 광주은행이 재생에너지 직접전력거래(PPA) 계약을 체결한 사례가 꼽힌다. JB금융은 민간 RE100 시장을 겨냥한 전용 대출상품도 출시해 녹색금융 사업을 확대했다. 이 상품은 공급사와 금융기관 간 협업을 통해 국내 RE100 수요기업의 탄소중립 실현을 지원하는 대표사례로 주목받고 있다.사회공헌 분야에서는 ‘씨앗봉사단’을 중심으로 지역사회 기반 활동을 고도화한 것을 강조했다. 지난해 JB금융 핵심사업이 사회적으로 영향을 미친 규모는 약 47억7000만원, 사회적투자수익률(SROI)은 1.8배로 측정됐다.JB금융그룹은 지난해 국내 ESG 평가기관인 한국ESG기준원에서 A등급을 획득했다. 다우존스 지속가능경영지수의 코리아지수에도 편입된 점이 반영됐다.JB금융 관계자는 “JB금융그룹은 급변하는 금융 환경 속에서 대한민국 최고의 강소 금융그룹이라는 정체성을 지키며 금융을 통한 사회적 변화를 선도할 것”이라고 밝혔다.김진성 기자 jskim1028@hankyung.com",https://www.hankyung.com/article/202507100556i,2025.07.10 15:27
연쇄 부도에 상폐 위기…68년 동성제약에 무슨 일이,"올 부도 누적액만 50억원
법정관리로 채무연장 불가

오너 2세와 조카 대표 갈등
임시주총, 경영권 향방 분수령

대주주 싸움에 주주만 피눈물","국민 지사제 ‘정로환’으로 잘 알려진 동성제약이 1주일에 한 번꼴로 연쇄 부도를 맞고 있다. 경영 악화로 법정관리(기업회생절차)를 받게 되면서 채무 변제 등 부채 관련 행위가 일시적으로 금지된 게 첫 번째 이유지만 그 배경엔 오너 일가의 경영권 분쟁이 자리 잡고 있다는 분석이 나온다. 경영권 분쟁 장기화에 따라 동성제약의 경영 불안이 금세 진화되지 않을 것이란 전망이 지배적이다.





                동성제약은 기업은행의 서울 방학동지점에서 발행한 어음 1억원이 결제 미이행으로 부도 처리됐다고 지난 17일 공시했다. 회사 측은 “6월 23일 서울회생법원의 회생절차 개시 결정으로 법원의 허가 없이 채무 연장 및 변제를 할 수 없어 결제가 이뤄지지 않았다”고 밝혔다.앞서 동성제약은 지난 5월 7일 약 1억원의 채무 불이행을 사유로 서울회생법원에 법정관리를 신청했고, 다음날 법원으로부터 자산 처분에 대한 포괄적 금지 명령을 받았다. 5월 이후 동성제약이 부도를 맞은 횟수는 총 13번이다. 누적 금액은 50억원에 달한다.유가증권시장 상장사인 동성제약 거래는 5월부터 정지된 상태다. 한국거래소 역시 경영진의 횡령·배임 혐의 발생을 이유로 동성제약을 상장적격성 실질심사 심의대상에 올려놨다. 다만 회사 측은 “최종 부도에 따른 거래정지처분 사유에는 해당하지 않는다”는 입장이다.1957년 고(故) 이선규 회장이 설립한 동성제약은 염색제 ‘세븐에이트’, 지사제 정로환 등으로 국민에게 친숙한 중견 제약기업이다. 1990년 유가증권시장에 상장했으나 2018년부터 2023년만 빼고 매년 적자를 기록했을 정도로 경영이 악화했다. 오너 2세인 이양구 회장은 위기 타개책으로 작년 10월 조카인 나원균 부사장에게 대표직을 넘기며 경영권 승계에 나섰다.하지만 이 회장이 올 4월 동성제약 지분 전량(14.12%)을 돌연 마케팅 전문기업 브랜드리팩터링에 매각하면서 상황이 급변했다. 이 회장 측은 “현 경영진이 불리한 조건으로 전환사채(CB)를 발행해 경영을 어렵게 했다”며 사실상 경영 복귀를 선언했다.나 대표 측은 “전 경영진의 무리한 자금 계약이 경영 악화 원인”이라며 강하게 반발했다. 소액의 채무를 변제하지 못했다는 이유로 동성제약이 법정관리를 신청한 것도 경영권 방어를 위한 전략적 판단이란 분석이 나온다. 이후 고찬태 동성제약 감사가 나 대표 등 경영진 3명을 횡령·배임 혐의로 고발하는 등 고소·고발이 오갔다.업계에선 향후 임시 주주총회가 경영권 향방을 가를 분수령이 될 것으로 보고 있다. 이 회장 측은 임시 주총에서 대표이사 해임, 이사진 교체 등을 추진할 계획인 것으로 알려졌다. 임시 주총은 법원의 회생계획 인가에 따라 이르면 8월 말, 늦으면 10월께 개최될 것으로 예상된다.민경진 기자 min@hankyung.com",https://www.hankyung.com/article/2025072001201,2025.07.20 18:09
"비수기에도 MZ 몰렸다…채용한파, 화끈하게 뚫은 비결","잡코리아, 산업·직무별 채용 서비스 주력
버티컬 채용관으로 비수기에도 공고 증가
맞춤형 취업정보로 매칭률도 함께 늘어","사진=게티이미지뱅크 

                채용 플랫폼 잡코리아가 산업별·직무별 맞춤형 취업 정보를 제공하는 서비스를 앞세워 탐색 경험을 개선하는 데 공을 들이고 있다. 실제 인공지능(AI) 분야에선 채용시장 비수기에도 직무별 맞춤 정보를 제공해 채용 공고와 지원자 수가 모두 증가한 것으로 나타났다. 14일 업계에 따르면 잡코리아는 지난달 빅테크·플랫폼 기업 등 MZ세대의 관심이 높은 채용공고만 모은 '앗!뜨공' 채용관을 정식 출시했다. 올 하반기 채용 시기를 앞두고 구직자들의 채용 탐색 경험을 개선하기 위해 서비스를 선보였다는 설명이다. 앗!뜨공에선 가장 높은 조회수와 지원율을 기록 중인 공고만을 선별해 파악할 수 있다. 또 인기가 있는 공고를 빅테크, 그룹사, 은행·금융, 공공기관 등 분야별로 구분해 확인할 수 있도록 제작됐다. 
                    



사진은 기사와 관련 없음. 사진=게티이미지뱅크

                잡코리아는 이전에도 세분화된 공고 큐레이션 서비스를 선보였다. AI·데이터 분야 채용 공고만을 보여주는 'AI잡스', 4차 산업 기반의 '하이테크' 채용관을 연이어 출시한 것. 이를 통해 산업·직무별 채용 서비스를 구축하는 버티컬 플랫폼 전략을 강화한다는 구상이다.잡코리아는 AI·빅데이터·반도체·로봇 등 4차 산업 직군에서 채용 수요가 증가하고 있는데도 구직자 이해도가 낮고 정보 접근성이 부족한 상황이라는 데 주목하고 있다. AI잡스 성과를 보면 잡코리아 전략이 주효한 것으로 보인다. AI잡스 출시 직후 1개월간 관련 채용 공고는 10.1% 늘었다. 지원자도 18.2% 늘어난 것으로 나타났다. 지원건수와 신규 공고 등록 건수도 각각 12.3%, 4.3%씩 증가했다. 올 상반기 공채 시즌 이후 채용시장이 비수기에 진입했는데도 AI 분야에선 오히려 채용 지표가 일제히 오름세를 보인 것이다. 버티컬 채용관은 기업 입장에서도 채용 효율성을 끌어올릴 수 있는 채널로 꼽힌다. 직무 적합도가 높은 우수 인재풀을 대상으로 공고를 집중적으로 노출시킬 수 있어서다. 기술 기반의 스타트업이나 대기업 신사업 부서, 디지털전환(DX)을 추지나는 공공기관 등을 중심으로 매칭률을 끌어올릴 수 있는 효과도 기대된다. 잡코리아 관계자는 ""직무 중심으로 큐레이션된 AI잡스와 하이테크 채용관, 그리고 실시간 인기 공고만 모은 앗!뜨공 채용관은 단순 카테고리 구분이 아니라 채용시장의 진화 방향을 반영한 전략적 개편""이라며 ""기업에는 더 정밀한 타깃팅을, 구직자에게는 더 빠르고 효율적인 정보 탐색의 기회를 제공하려는 시도""라고 설명했다. 김대영 한경닷컴 기자 kdy@hankyung.com",https://www.hankyung.com/article/202507147330g,2025.07.14 16:37
"하나은행, 한국산업의 서비스품질지수(KSQI) 10년 연속 1위 은행 선정!!","- 한국능률협회컨설팅 주관, 손님 접점 서비스품질 10년 연속 국내은행 최고 수준 입증

- 상품부터 시스템까지 경청태도와 업무지식 및 설명태도 항목에서 높은 평가 받아

- 이호성 행장, “앞으로의 10년도 하나다운 모습으로 손님에 진심인 하나은행 될 것”","하나은행(은행장 이호성)은 한국능률협회컨설팅(대표이사 한수회, KMAC)이 주관하는 2025년 한국산업의 서비스품질지수(KSQI: Korean Service Quality Index) '고객 접점' 부문에서 10년 연속 1위 은행에 선정됐다고 밝혔다.‘한국산업의 서비스품질지수’는 기업이 제공하는 서비스 품질에 대한 손님들의 체감 정도를 매년 객관적으로 측정하는 지수로 서비스 평가단이 34개 산업 139개 기업 및 기관을 미스터리 서베이(Mystery Survey) 방식으로 방문하여 서비스 품질을 평가하는 국내 유일의 제도이다.올해 조사에서 하나은행은 경청태도와 업무지식, 설명태도 항목에서 높은 평가를 받았다. 이를 통해 점차 다양해지는 금융소비자들의 니즈를 충족하기 위해 손님의 이야기에 귀 기울이며, 상품부터 시스템까지 모든 서비스를 손님의 입장에서 바라보고 지속 개선하는 등 하나은행의 ‘손님을 향한 하나의 진심(眞心)’이 입증됐다.하나은행은 손님의 관점에서 지속적인 소통을 하기 위해 상품 가입 전부터 가입 후 사후관리까지 모든 과정에 손님의 의견을 반영하기 위한 대학생, 소비자, 시니어 등 세분화된 소비자 패널 운영을 강화했다. 또한, 접점별 만족도 조사를 통한 손님경험 관리를 이행하고, 직원의 문제해결 능력 향상을 위한 ‘손님 First Academy’ 교육도 실시했다.이밖에도 하나은행은 손님중심·현장중심의 리더 제도를 운영하고, 손님만족을 실천한 우수 영업점과 우수 직원을 선정해 인증하는 명가(名家), 명인(名人) 제도 등 손님 중심 가치 활동을 전개해 왔다.한편, 하나은행은 금융소비자를 보호하고 올바른 금융상품 판매 문화를 확립하기 위해 ▲금융취약계층 교육 지원 및 활동 강화 ▲시니어 특화 영업점 손님 대상 ATM 현장 실습 등 고령자 대상 금융사기 피해 예방 활동 실시 ▲모바일 앱 ‘하나원큐’ 보이스피싱 앱 탐지 기능 탑재를 통한 야간·주말(공휴일) 보이스피싱 대응 ▲금융권 최초 『소비자리스크관리 특허』 취득으로 손님 자산 보호를 위한 독자적 금융소비자보호 시스템 정착 ▲금융소비자보호법 준수를 통하여 소비자 보호를 실천하는 우수 영업점 및 우수 직원을 선정하여 인증하는 완전판매 절자 이행 우수 인증제도를 실시하고 있다.이호성 하나은행장은 “손님께서 변하지 않는 믿음으로 10년 간 하나은행을 선택해 주셨다는 것에 매우 감사드린다”며, “하나은행은 앞으로의 10년도 초심으로 돌아가 손님의 관점에서 바라보며 진심을 나누고 신뢰받는 금융서비스를 제공하는 하나은행이 되겠다”라고 밝혔다.",https://www.hankyung.com/article/202507248407P,2025.07.24 08:45
"저출생 극복에 기여한 KB금융 양종희 회장, 저출산고령사회위원회로부터 감사패 수여받아","소상공인 출산·육아 부담 완화 지원으로 저출생 대책의 사각지대 해소에 기여

금융권 최대 수준의 출생 장려금과 육아를 위한 재채용 조건부 퇴직제도 등 다양한 복지제도 운영","KB금융그룹(회장 양종희)이 지난 9일 KB국민은행 여의도 신관에서 주형환 저출산고령사회위원회 (이하 저고위) 부위원장과 양종희 KB금융그룹 회장이 참석한 가운데, 저고위로부터 저출생 극복 지원과 일·가정 양립 환경 조성을 선도한 공로를 인정받아 감사패를 받았다.한국 사회가 직면한 가장 심각한 과제 중 하나는 ‘초저출생’이다. 통계청에 따르면 합계출산율은 ’23년 0.72명, ’24년 0.75명으로, 세계 최저 수준을 기록했다. 아이를 낳고 키우기 어려운 환경, 불안정한 주거와 고용, 높은 양육비는 젊은 세대에게 ‘출산’을 포기하게 만드는 현실이다. 그러나, 25일 통계청의 ‘4월 인구동향’에 따르면 4월 합계출산율은 0.79명으로, 전년 동월대비 +0.06명 상승하는 등 바닥을 찍은 출산율이 반등하고 있다.KB금융 양종희 회장은 “우리 사회의 존립을 위협할 정도로 절박한 저출생 문제는, 모두가 함께 해결해 나가야 할 매우 중요한 과제”라고 강조해 왔다. 이러한 철학을 기반으로, KB금융은 일과 가정이 양립할 수 있는 문화를 만들고 돌봄 공백을 해소하는 등 아이 키우기 좋은 환경 만들기에 앞장서고 있다.지난해 KB금융은 출산휴가, 육아휴직 등 저출생 대책의 사각지대에 놓여있던 소상공인을 지원하고자 서울시 등 전국 주요 지자체와 소상공인의 출산/육아 환경 개선을 위해 총 사업비 135억을 지원하는 업무협약을 맺은 바 있다. 이를 통해, 출산휴가·육아휴직 대체인력 인건비 지원, 아이돌봄서비스 제공, 출산·육아 응원금 지급 등 소상공인 맞춤형 저출생 지원사업을 펼치고 있다.주요 계열사인 KB국민은행은 일과 가정의 양립 및 저출생 문제 해결에 앞장서기 위해 다양한 임직원 복지 제도를 운영하고 있다. ▲육아를 위한 재채용 조건부 퇴직제도 ▲출생 장려금 지원 ▲난임 의료비 지원 강화 ▲배우자 출산 휴가 확대 ▲육아기 근로시간 단축 이용 활성화 등 임직원의 개별적 상황에 적합한 탄력적인 근무 환경 및 복지를 제공하고 있다.2023년말 금융권 최초로 도입한 ‘재채용 조건부 퇴직제도’는 2년의 육아휴직 기간을 모두 사용한 직원을 대상으로 퇴직 시 3년 후 재채용 기회를 제공해 총 5년의 육아 기간을 보장하는 제도이다. 재채용 시 별도 채용 절차 없이 퇴직 전 직급이 유지되어 경력 단절 또한 해소할 수 있다.2025년에는 육아휴직 기간도 2년에서 2년 6개월로 확대하고 초등학교 입학기 근로시간 단축제도를 개선하는 등 꾸준히 양육친화적인 제도를 강화하고 있으며, 육아휴직을 사용하는 남성 직원의 수도 22년 85명에서 24년 152명으로 꾸준히 증가하고 있다.또한, ‘출생 장려금’의 경우 자녀 1명당 최대 2,000만원을 지원한다. 첫째 1,000만원, 둘째 1,500만원, 셋째 이후 2,000만원을 지급한다. 본인 또는 배우자 난임 치료 시 1,000만원을 지원하며 배우자 출산휴가도 10일에서 20일로 확대하였다. 육아기 근로시간 단축도 신청 대상을 기존 ‘9세 이하’에서 ‘12세 이하 자녀 부모직원’으로 완화해 직원들의 육아 부담을 경감했다.KB금융 관계자는 “저출생 문제는 지속가능한 미래를 위해 우리 모두가 관심을 갖고 해결해야 할 중요한 문제”라며 “앞으로도 KB국민은행은 일과 가정이 양립할 수 있는 가족친화적 기업문화를 만들고, 저출생 극복을 위한 다양한 제도를 마련하여 사회적 책임을 다하겠다”고 밝혔다.",https://www.hankyung.com/article/202507109016P,2025.07.10 08:36
"[마켓PRO] ""코스피지수 더 오른다""…향후 '의무공개매수' 추진 가능성도 [투자고수를 찾아서]",,"※한경 마켓PRO 텔레그램을 구독하시면 프리미엄 투자 콘텐츠를 보다 편리하게 볼 수 있습니다. 텔레그램에서 ‘마켓PRO’를 검색하면 가입할 수 있습니다.투자고수를 찾아서 <53>이경연 대신증권 FICC리서치부 책임연구원지수 하반기에 더 오를 것으로 전망'의무공개매수' 제도 재추진 가능성주주환원 여부에 따라 밸류에이션 달라져""이번 주식시장 상승 랠리는 단기 부양이 아닌 구조적 정상화를 목표로 하는 정부 정책에서 출발했다고 생각합니다.""이경연 대신증권 애널리스트(사진)는 18일 인터뷰에서 ""최근 한 달간 가파르게 오른 국내 증시는 연말로 갈수록 더 오를 가능성이 높다""며 이같이 말했다. 이 연구원은 정부 부처인 기획재정부에서 경력을 시작해 3년 전부터는 대신증권 리서치센터에서 환경·사회·지배구조(ESG) 분야를 담당하고 있다. 증시와 연관된 정책 분야 전문가로 불린다.  정책 수혜주, 핵심 테마로그가 대표적으로 주목하는 업종은 정책 수혜주다. 최근 주식시장에선 자사주 의무 소각에 따른 지주사, 배당소득 분리과세 시행을 앞두고 배당주의 주가가 들썩이고 있다. 이 연구원은 ""지주사, 은행, 일부 제조업종 등 거버넌스 개선과 주주환원 전략을 선제적으로 실행하는 업종들은 하방이 지지될 가능성이 높다""면서 ""하반기엔 이런 흐름이 더 강화될 것""이라고 설명했다. 
                    




                이경연 연구원은 정부가 향후 '의무공개매수' 제도를 재추진할 것으로 판단했다. 이 제도는 인수·합병(M&A) 시 대주주 지분뿐 아니라 소액주주 지분도 일정 비율 이상 공개매수하도록 의무화한다. 그는 ""상법 개정은 구조적 신호탄""이라며 ""정책 추진과 함께 실제로 수혜로 이어지는 종목을 발굴하는 것이 중요하다""고 말했다.국내 주식시장이 미국 증시처럼 하방이 탄탄한 시장으로 바뀔 것으로 봤다. 이 연구원은 ""새 정부가 꺼내든 증시 부양책은 한국 자본시장의 고질적인 문제들을 '정상화'하겠다는 방향""이라며 ""올해 연말 코스피지수 예상 밴드를 2800~3400선으로 보고 있다""고 밝혔다. 그러면서 ""아직은 패시브 유입 국면""이라며 ""주주환원이 한국 시장의 핵심 테마로 작동하고 있다""고 덧붙였다. 주주환원에 따라 밸류에이션 달라진다향후 기업들의 지배구조 리스크가 주가에 영향을 줄 것으로 봤다. 이 연구원은 ""인공지능(AI) 등 주요 섹터의 주가는 정부의 지배구조 정책 방향에 어떻게 반응하느냐에 따라 달라질 것""이라며 ""같은 업종 내에서도 주주환원 여부로 완전히 다르게 평가받을 것으로 본다""고 말했다. 정부도 증시 부양 정책에 적극적이다. 상법 개정안이 국회를 통과한 가운데 고배당 기업에 세제 혜택을 주는 배당소득 분리과세, 자사주 의무 소각 논의도 본격화하고 있다. 현시점에서 투자 전략은 주도 업종 내에서 거버넌스 리스크에 능동적으로 대응하는 종목을 선별하는 것이 핵심이라고 강조한다.이 연구원은 ""배당 확대와 지배구조 개선 등 정책 신호에 적극 반응하는 기업들의 가치 상승과 함께 밸류에이션 레벨 자체가 달라질 수 있다""고 설명했다. 류은혁 기자 ehryu@hankyung.com",https://www.hankyung.com/article/202507186116i,2025.07.18 09:03
[단독] 무려 9000억 잭팟 터졌다…'용기 만드는 집'의 대반전,"몸값 뛰는 K뷰티 
패키징社가 9천억 

TPG, '삼화' KKR에 매각","▶마켓인사이트 7월 21일 오후 3시 39분글로벌 사모펀드(PEF) TPG가 국내 화장품 패키징 강소기업인 삼화를 9000억원에 판다. 2023년 11월 3000억원에 인수한 지 1년8개월 만에 세 배 몸값을 인정받았다. 삼화 경영권을 사가는 곳도 글로벌 PEF인 KKR이다. K뷰티가 글로벌 시장을 선도하는 가운데 글로벌 PEF들이 앞다퉈 기술력 있는 히든 챔피언을 발굴하고 인수에 나서고 있다.21일 투자은행(IB)업계에 따르면 TPG는 삼화 지분 100%를 KKR에 매각하는 주식매매계약(SPA)을 체결했다. KKR은 블랙스톤, 칼라일 등 복수의 글로벌 PEF와의 경쟁 끝에 인수에 성공했다. 1977년 설립된 삼화는 연우, 펌텍코리아와 함께 국내 대표 화장품 용기 및 펌프 제조 강소기업이다. 플라스틱 병과 화장품을 분사하고 용액을 추출하는 펌프를 생산한다. 특히 수익성이 높은 펌프 분야에서 국내 최고 수준의 기술력을 보유하고 있다. TPG는 2023년 약 3000억원에 삼화와 관계사 네 곳을 인수한 뒤 실적을 끌어올렸다. 삼화의 올해 예상 매출은 2800억원, 상각 전 영업이익(EBITDA)은 620억원 수준이다. ""K뷰티 히든챔피언 잡아라"" 글로벌 PEF 전쟁작년초 3000억에 삼화 산 TPG…칙칙 분사하는 펌프 기술 주목경기 의왕시에 본사를 둔 임직원 250명 남짓의 강소기업 삼화 경영권을 놓고 KKR, 블랙스톤, 칼라일 등 글로벌 3대 사모펀드(PEF)가 각축전을 벌였다. 얼마 전만 해도 임직원은 물론 지역 주민 사이에서 ‘용기 만드는 집’으로 불리던 흔한 지역 기업이었다. 하지만 이 회사의 펌프 기술력이 글로벌 화장품 회사들 사이에서 각광받으며 몸값이 달라졌다.삼화의 가치를 먼저 알아본 건 글로벌 PEF인 TPG였다. KKR은 TPG가 사들인 가격의 세 배 수준인 9000억원을 주저 없이 제시했다. 이번 거래는 ‘전초전’이라는 분석이 나온다. K뷰티산업 성장에 힘입어 수혜를 누리는 뿌리 제조기업을 찾기 위한 글로벌 PEF의 각축전은 이제 시작일 뿐이라는 해석이다.
                    






이미지 크게보기



 ◇‘용기 만드는 집’의 반전TPG는 2023년 11월 약 3000억원에 삼화와 관계사 네 곳을 인수했다. 이때만 해도 기업가치는 흔한 플라스틱 제조기업 수준에서 책정됐다. TPG가 주목한 것은 용기를 판매할 때 딸려가는 부품으로 인식되던 디스펜서였다. 삼화가 제조하는 디스펜서에는 도시지(분출량 조정), 실링(누출 방지), 프라이밍(잔여물 분출)과 관련한 세계 최고 수준의 기술력이 적용됐다. 경쟁사와 달리 삼화는 삼화금형사라는 금형제조(몰딩) 업체가 전신이어서 정밀한 가공 기술과 숙련된 엔지니어도 다수 보유했다.인수를 총괄한 윤신원 TPG 부대표는 삼화의 사업 역량을 디스펜서에 집중하는 사업 재편을 단행했다. 그 결과 디스펜서 매출 비중은 65%로 늘었고 수익성이 낮은 용기 비중은 대폭 줄었다. 경쟁사들이 익숙한 용기 매출을 늘려 점유율을 유지하는 데 집중한 것과 달리 특화 제품에 역량을 쏟는 전략을 택했다. 올 들어 삼화 디스펜서가 글로벌 화장품 회사들의 내부 테스트에서 최고 수준으로 인정받기 시작하면서 사업 전환은 빛을 봤다. 로레알 라프레리 에스티로더 루이비통모에헤네시(LVMH) 등 글로벌 기업들이 문을 두드려 전체 매출 중 60%를 해외에서 벌어들이는 기업으로 재탄생했다.전문 경영진 영입에도 힘을 쏟았다. TPG는 LG생활건강을 거쳐 코스맥스 최고경영자(CEO)를 지낸 김준배 사장을 영입해 경영 노하우를 구축했다. 한온시스템 출신 최고재무책임자(CFO)와 LG그룹 출신 생산본부장 등도 영입했다. 또 기존 대주주와 일가친척이 사출, 조립, 후가공, 코팅 등 제조 부문을 관계사로 보유하던 지배구조를 삼화를 중심으로 재편했다. 생산망을 통합하고 회계 시스템을 도입하는 등 ‘기업화’하는 데 성공했다. ◇앞다퉈 ‘뿌리산업’ 베팅이번 거래를 시작으로 K뷰티 밸류체인의 핵심 수혜 기업을 발굴하는 글로벌 PEF의 행보가 이어질 것으로 예상된다. 유행에 따라 흥망성쇠가 빠르게 펼쳐지는 전방산업인 단일 브랜드 대신 어떤 브랜드가 유행을 타더라도 후방에서 성장할 수 있는 숨겨진 제조업자개발생산(ODM) 기업으로 러브콜이 쏟아져서다. 업계 관계자는 “한국콜마가 인수한 연우와 매각 의사가 없는 펌텍코리아를 제외하면 마지막 남은 매물이다 보니 KKR도 크게 베팅한 것”이라고 말했다.이번 거래에서 KKR과 끝까지 경합한 블랙스톤, 칼라일 등도 기술력을 보유한 국내 중소기업을 대상으로 잠재 매물 물색에 들어간 것으로 알려졌다.차준호 기자 chacha@hankyung.com",https://www.hankyung.com/article/2025072127341,2025.07.21 18:10
"KB국민은행, 소상공인을 위한‘소상공인 One-Stop 컨설팅센터’운영","■ 소상공인을 위한 소호 컨설팅 상담, 정책 금융 및 정보, 교육 프로그램 등을 한 곳에서 지원

■ KB국민은행 의정부중앙종합금융센터, 인천 연수중앙지점에 소상공인시장진흥공단과 공동 운영","KB국민은행(은행장 이환주)이 지난 10일 소상공인을 위한 맞춤형 종합지원 공간인 ‘소상공인 One-Stop 컨설팅센터’ 1호점을 개소했다.1호점은 KB국민은행 의정부중앙종합금융센터의 영업점 공간을 활용해 소상공인시장진흥공단 경기북부지역본부와 공동으로 운영된다.‘소상공인 One-Stop 컨설팅센터’에 방문한 소상공인은 ▲경영 컨설팅 ▲정책금융을 비롯한 각 종 지원사업 안내 ▲소상공인을 위한 교육 프로그램 등을 지원 받을 수 있다.1호점 개소식에는 서영익 KB국민은행 기관영업그룹부행장, 박성효 소상공인시장진흥공단 이사장, 이충환 전국상인연합회 회장 등이 참여했다.2호점은 인천시 소재의 KB국민은행 연수중앙지점에 7월중 개소 예정이며, ▲소호 컨설팅센터 ▲개방형 스마트워크(화상회의, 공유오피스) ▲교육공간 ▲다목적홀 등으로 운영될 예정이다.KB국민은행 관계자는 “향후 전국 거점 지역에 ‘소상공인 One-Stop 컨설팅센터’를 지속적으로 확대해 나갈 예정이다”며, “앞으로도 소상공인과의 동반성장을 위한 노력을 이어가며 기업의 사회적 책임을 적극 이행하겠다”고 말했다.한편, KB국민은행은 소상공인 및 자영업자의 자금난 해소 및 성장 지원을 위해 올해 상반기 지역신용보증재단에 667억 원을 출연하였으며, 이를 바탕으로 총 1조 원 규모의 대출을 지원 중에 있다.",https://www.hankyung.com/article/202507111477P,2025.07.11 06:02
베센트의 힌트?(또 연기)…장기 금리 왜 뚝 떨어졌나 [김현석의 월스트리트나우],,"영상 모듈 닫기









                상호관세 유예 만료가 열흘 앞으로 다가왔습니다. 트럼프 대통령은 미 중앙은행(Fed)의 독립성을 계속 위협하고 있고요. 하지만 투자자들이 별로 개의치 않으면서 뉴욕 증시는 또 상승세를 이어갔습니다. 이번 주 S&P500 기업의 20% 이상이 2분기 실적을 공개하는 가운데, 어닝 서프라이즈도 이어지고 있습니다.    1. 8월 1일 관세 데드라인 무시8월 1일 무역협상 데드라인이 다가오고 있습니다. 그러나 월가에서는 별다른 우려가 눈에 띄지 않습니다. ""기한 연장은 없다""라는 트럼프 대통령의 공언에도 말이죠. 여전히 기한이 또 연장될 것으로 믿기 때문입니다. 이른바 TACO(트럼프는 항상 물러선다) 트레이드죠. 
                    




                하워드 러트닉 상무장관은 어제 CBS 인터뷰에서 8월 1일 마감 시한은 연장되지 않을 것이라고 밝혔습니다. 다만 이는 ""엄격한 마감일""이지만, 각국은 데드라인 이후에도 협상을 계속할 수 있다고 했습니다. ""8월 1일부터 관세를 내기 시작하겠지만"" 말이죠. 스콧 베선트 재무장관은 아침에 CNBC 인터뷰에서 ""8월 1일까지 협상을 타결하는 것보다는 양질의 협상에 더 관심이 있다""라고 말했습니다. ""중요한 것은 무역 합의의 질이지 타이밍이 아니다""라는 설명이었습니다. 그는 ""협상은 빠르게 진행될 것이다. 하지만 단순히 타결만을 위해 서두르지는 않을 것""이라고 덧붙였습니다. 
                    




                8월 1일 데드라인의 중요성을 축소하는 듯한 베선트의 발언에 시장의 TACO 트레이드는 더 힘을 얻었습니다. 이는 8월 1일까지 주요 국가와 합의가 쉽지 않다는 뜻일 수도 있습니다. 유럽연합(EU)과의 협상과 관련, 월스트리트저널(WSJ) 블룸버그 등은 아직 양측이 결정적 돌파구를 찾지 못하고 있다고 보도했습니다. 트럼프 대통령은 15% 이상의 기본관세를 고수하고 있으며, 항공기, 의료기기와 의약품, 주류 등 관세 면제 대상도 축소하려 하고 있다는 보도가 나왔습니다. 한 독일 관료는 WSJ 인터뷰에서 ""협상 시간은 아직 남아 있지만, 전쟁을 원한다면 전쟁을 하게 될 것""이라고 말했습니다. 일본은 자민당과 공명당 연립여당이 작년 10월 중의원 선거에서 이어 20일 치러진 참의원 선거에서 과반 의석 유지에 실패하면서 미일 협상에도 악영향이 미칠 수 있습니다. 패배 이유 중 하나가 이시바 시게루 총리의 미국 관세에 대한 유연한 태도로 지적되고 있기 때문입니다.뉴욕 증시의 주요 지수는 아침 9시 30분 0.2~0.3% 수준의 상승세로 출발했습니다.  2. 이어지는 어닝 서프라이즈기업 실적도 계속해서 월가 기대를 넘고 있습니다. 2분기 실적을 공개한 버라이즌은 매출, 주당순이익(EPS)보다 컨센서스를 넘었고요. 연간 실적 가이던스도 상향 조정했습니다. 도미노피자도 미국 내 2분기 동일 매장 매출은 3.4% 증가하며 컨센서스 2.2%를 넘어섰습니다. 클리블랜드클립스는 ""철강 관세 수혜를 볼 것으로 예상한다""라고 밝힌 뒤 12.45% 폭등했습니다.
                    




                팩트셋에 따르면 오늘 아침까지 실적을 발표한 S&P500 기업 62개 가운데 85% 이상이 어닝 서프라이즈를 기록했습니다. 이들의 이익은 전년 동기보다 5% 수준의 성장세를 보이고 있습니다.
                    




                이번 주 S&P500 기업 중 110개 이상의 기업이 2분기 실적을 내놓는데요. 특히 매그니피선트 7 가운데 처음으로 테슬라, 알파벳이 23일(수) 장 마감 뒤 실적을 내놓습니다. 팩트셋에 따르면 매그니피선트 7은 2분기 14%의 이익 성장을 기록할 것으로 추정됩니다. 다른 493개 종목(+3.4%)보다 훨씬 높습니다. 즉, 어닝시즌의 성공 여부는 빅테크에 달려 있다는 얘기입니다.
                    




                테슬라의 경우 2분기 인도량이 38만 4000대로 전년 동기 13.5% 감소했었는데요. 이에 따라 2분기 매출은 전년 동기 255억 달러에서 224억 달러로 줄어들고, 주당순이익은 52센트에서 약 40센트로 떨어졌을 것으로 추정됩니다. 재밌는 사실은 테슬라가 최근 5개 분기 동안 4 차례 실적 발표 이후 단기에 평균 10% 올랐다는 겁니다. 모건스탠리의 애덤 조나스 애널리스트는 하반기에도 차량 인도량이 전년 대비 13% 감소할 것으로 관측하면서 ""이는 로보택시 출시와 옵티머스 기술의 발전이 여전히 전략적으로 중요하다는 점을 보여준다""라고 말했습니다. 
                    




                알파벳의 경우 유튜브, 클라우드 사업에서 견조한 실적이 예상됩니다. 일부에서 걱정하는 검색 수요도 유지됐을 것이란 관측이 많습니다. 트루이스트의 유세프 스칼리 애널리스트는 구글은 여전히 이 시장에서 '질 수 없는 전쟁(war to lose)'을 벌이고 있다고 밝혔습니다. 다만 반독점 위험으로 인해 역풍이 지속하고 있습니다. 이들 빅테크의 AI 투자가 지속할지, 그리고 그런 투자가 수익화로 이어지고 있는지도 초미의 관심사인데요. 오픈AI의 샘 올트먼은 ""올해 말까지 100만 개가 넘는 GPU를 온라인으로 제공할 예정이다. 정말 자랑스럽지만 이제 100배 더 키우는 방법을 알아내기 위해 노력해야 할 것 같다""라고 말했습니다. 아직도 AI 인프라 투자가 지속해서 이어질 것이란 걸 시사합니다.
                    




                이렇게 기업 실적이 예상보다 낫게 나오면서 월가의 향후 기업 이익에 대한 추정치가 상승하고 있습니다. 도이치뱅크는 ""탄탄한 이익 성장은 주식 포지션이 지속해서 증가할 여력을 시사한다. 주식 포지셔닝은 역사적으로 이익 성장과 같은 펀더멘털 요인에 잘 부합했다. 우리는 하반기에 (관세로 인해) 이익 증가율이 소폭 하락할 것으로 예상하지만, 내년에는 두 자릿수 성장률로 다시 증가할 것으로 예상한다. 그리고 투자자들은 이런 일시적 둔화는 간과할 것으로 본다""라고 밝혔습니다. 
                    




 3. 관세 충격 예상보다 적다?기업 실적뿐 아니라 미국의 경제 데이터는 경기 침체와는 거리가 멉니다. 지난주 발표된 6월 소매판매는 전월 대비 0.6%나 증가했고요. 6월 산업생산도 0.3% 상승했습니다. 미시간대가 발표한 7월 소비자심리지수는 61.8로 2개월 연속 개선 추세를 이어갔고요. 인플레이션 데이터도 예상보다 낮게 나오고 있습니다. 6월 근원 소비자물가(CPI)는 0.2% 오르는 데 그쳤고요. 6월 생산자물가(PPI)는 보합(0%)을 나타냈습니다.월가는 관세로 인한 영향이 점점 더 경제 데이터에 기업 실적에 나타날 것으로 보고 있습니다. 콘퍼런스보드는 6월 경기선행지수(LEI)가 0.3포인트 하락한 98.8을 기록했다고 발표했습니다. 이는 월가 예상(-0.2%)보다 살짝 나빴습니다. 콘퍼런스보드는 ""경기 침체를 예상하지 않지만, 올해 경제 성장률은 2024년에 비해 상당히 둔화할 것으로 예상한다. 하반기에는 물가 상승으로 소비 지출이 둔화하면서 관세의 영향이 더욱 뚜렷해질 것""이라고 밝혔습니다. 찰스슈왑의 리즈 앤 손더스 전략가는 ""물가 헤드라인 수치만 보고 '별 것 아니다'라고 생각할 수도 있다. 하지만 자세히 들여다보면 자동차를 제외한 근원 상품 가격이 3년 만에 가장 크게 상승했으며, 특히 수입 상품에서 두드러졌다""라고 지적했습니다. 
                    




                모건스탠리는 올해 초 3~4% 수준이던 미국의 평균 실효 관세율은 최근 13%까지 급등했고, 8월 1일 상호관세, 의약품 반도체 품목 관세 등이 실제 시행되면 20%를 넘어설 수도 있다고 분석합니다. 이로 인해 경제 성장률이 1% 수준으로 낮아지고 경기 침체 가능성까지 커질 수 있다고 경고합니다. 아직 괜찮은 것은 관세가 경제에 미치는 영향이 시차를 두고 나타나고 있기 때문으로 봅니다. 역사적으로도 몇 달의 시차가 있었는데요. 그 기간 기업들은 기존에 쌓아둔 저렴한 재고를 먼저 쓰고, 어려운 가격 인상이나 비용 절감 결정을 최대한 미뤘습니다. 따라서 지금의 경제 지표는 관세 효과를 반영하지 못하고 있을 수 있으며, 앞으로 몇 달 동안 변화할 수 있다고 모건스탠리는 밝혔습니다. 
                    




                모건스탠리는 다만 그 효과가 애초 예상보다 크지 않을 수 있다고 했는데요. 무역협상 과정에서 유예되거나 주요 제품에 대한 예외나 쿼터 등이 포함되어 충격이 완화될 수 있다는 겁니다. 멕시코/캐나다에 대한 관세는 USMCA 면제 대상이 많아 실질적으로는 발표된 것보다 훨씬 낮습니다. 모건스탠리는 ""이럴 경우, 시장은 다시 기업 실적이나 AI 기반의 생산성 기대 등 다른 요소들을 중심으로 움직일 가능성이 크다. 결론적으로, 현재 시장 흐름은 투자자들이 무역 정책이 비교적 순조롭게 흘러갈 것이라고 가정하고 있음을 시사한다""라고 밝혔습니다.에버코어ISI도 ""기업들이 기술을 활용해 효율성을 극대화해 관세 비용을 상쇄하는 모습을 볼 수 있다. 소비자들이 신중한 태도를 보임에 따라 일부 재량 서비스 물가가 하락 압력을 받고 있기도 하다. 전반적인 그림은 관세 인플레이션이 막 나타나기 시작했을 뿐이지만, 움직이는 관세율과 전가 상황을 보면 초기 예상보다 조금 낮을 수 있다""라고 분석했습니다.
                    




                이런 주장이 조금씩 힘을 얻고 있는데요. 펀드스트랫의 톰 리 설립자가 대표적입니다. 그는 ""관세로 인한 잡음이 있지만, 인플레이션이 돌처럼 떨어지고 있다고 생각한다""라고 말했습니다. ""관세가 소비자들에게 영향을 미치지 않는다는 것은 아니다. 일회성 가격 상승을 초래할 가능성이 있다. 그럼에도 불구하고 관세는 사실상 기업에 부과되는 세금이며, 세금은 일반적으로 인플레이션을 유발하지 않는다""라고 설명했습니다. 6월 PPI는 컨센서스 예상치보다 훨씬 낮아서 보합을 기록했는데요. 리 설립자는 ""PPI는 도매 물가 상승률을 측정하는 지표이므로 CPI의 선행 지표로 간주된다. 요약하면, CPI는 예상보다 낮은 추세를 보이며, PPI는 이러한 추세가 지속할 것임을 시사한다""라고 주장했습니다. 미시간대 7월 소비자심리지수에서 1년 인플레이션 기대가 6월 5.0%에서 4.4%로 떨어졌는데요. 그는 ""이는 소비자들이 관세가 지속적인 인플레이션 상승의 원인이라고 생각하지 않는다는 것을 시사한다. 7월부터 10월까지의 CPI 수치는 (2024년 대비) 기저효과도 좋아서 꾸준히 개선될 것""이라고 예측했습니다. 그는 ""이런 요소들을 종합해 볼 때, 하반기에는 미 중앙은행(Fed)이 비둘기파적 서프라이즈를 보일 수 있는 조건이 마련되었다""라고 말했습니다. 
                    




                WSJ은 아마존에서 팔리는 2500개 품목을 분석한 결과, 트럼프 대통령이 관세를 발표한 이후 이번 달 초까지 1200여 개의 저렴한 품목들의 가격이 상승했다고 보도했습니다. 하지만 같은 기간 월마트는 같은 품목의 가격을 약 2% 인하한 것으로 나타났다고 썼습니다. 모두가 가격을 올려야 할 만큼 관세 효과가 아직 큰 것은 아닌 셈입니다. 하버드비즈니스스쿨의 알베르토 카벨로 교수는 WSJ 인터뷰에서 ""관세에 대한 명확성이 부족해 소매업체들이 가격 변경을 더 조심스럽고 점진적으로 시행하고 있을 수 있다""라고 말했습니다.  4. 장기 금리는 왜 떨어졌나금리는 큰 폭으로 하락했습니다. 뉴욕 채권 시장에서 국채 10년물 수익률은 오후 3시 53분께 5.7bp 내린 4.374%, 30년물은 5.7bp 하락한 4.942%를 기록했습니다. 2년물 수익률의 경우 2.3bp 내린 3.852%로 하락 폭이 장기물의 절반 수준에 불과했습니다.
                    




                펀드스트랫의 톰 리 설립자처럼 관세 인플레이션이 일회성 상승에 그칠 것이란 기대가 있고요. 하반기에는 Fed가 금리를 내릴 것이란 기대가 여전히 살아있는데요. 그로 인해 단기 금리가 떨어지는 것은 합리적일 수 있습니다. 시티은행의 앤드루 홀렌호스트 이코노미스트는 ""관세가 더 광범위한 인플레이션 추세로 이어질 조짐이 나타나지 않고, 노동 시장은 더 느려지면서 Fed의 매파적 입장이 약화하고 있다. Fed는 9월에 금리를 인하할 것으로 예상한다""라고 밝혔습니다. 하지만 오늘은 장기 금리가 더 크게 하락했습니다. 그럴만한 특별한 뉴스가 있지도 않았고요. 게다가 제롬 파월 의장에 대한 공격도 이어지고 있습니다. 공화당의 안나 폴리나 루나 하원 의원(플로리다)은 파월 의장이 의회 증언에서 거짓 진술을 한 혐의로 그를 조사하고 기소할 것을 법무부에 요청했습니다. 지난 6월 25일 상원 은행위원회에서 Fed 워싱턴 건물 보수 공사에 대해 두 번이나 거짓말했다는 겁니다. 베선트 재무장관은 Fed 조직을 전반적으로 들여다봐야 한다고 말했습니다. 많은 인원과 예산을 쓰는데, 성과는 크지 않다는 식이었습니다. 
                    




                지난주 파월 의장 해임설이 나돈 뒤 장기 금리는 상승세를 보였습니다. 이른바 '파월 헤지'였는데요. 트럼프 대통령이 파월을 해임하면 기준금리는 낮아져도, 장기 금리에 영향을 미치는 인플레이션은 높아질 수 있다는 예상에 따라 2년물은 매수하고 10년물은 매도하는 것을 말합니다.하지만 오늘은 반대였죠. 월가 관계자는 ""채권 시장에서는 오늘 수익률에 큰 영향을 미치는 주요 뉴스가 없었다. 무역협상이 잘 이뤄지지 않는다는 소식에 유럽 금리가 먼저 올랐고, 그게 별 뉴스가 없던 미국 채권 시장에 영향을 준 것 같다""라고 말했습니다. 
                    




                뱅크오브아메리카는 ""2, 5년 및 10년 국채 수익률 차트에 삼각형 패턴이 형성되는 것으로 보인다. 이렇게 압축된 때에는 새롭고 때로는 예상치 못한 촉매제가 돌파를 유발한다. 삼각형 패턴의 정점 부근에서 헤드앤숄더 패턴이 형성되고 있다. 이는 수익률 하락 위험이 상방으로 확대됨을 시사한다. 이 패턴은 장기 채권에 대한 전략적 약세 관점을 뒷받침하며, 30년물 국채에 대한 전략적 공매도를 선호한다""라고 밝혔습니다. 5. 9일째 상승한 구글8월 1일에 대한 걱정은 많지 않은 가운데 기업 실적은 좋게 나오고 있고, 오늘은 장기 금리까지 떨어지면서 뉴욕 증시는 상승세를 이어갔습니다. 다만 밸류에이션 부담 탓인지 장 막판 차익실현 매물이 나오면서 상승 폭은 크지 않았습니다.S&P500 지수는 0.14% 올랐고요. 나스닥은 0.38% 상승했습니다. S&P500 지수는 6305.60을 기록, 종가 기준으로는 처음으로 6300을 넘었고요. 나스닥은 20974.18로 역시 사상 최고 기록을 세웠습니다. 다만 다우는 0.04% 약보합세로 거래를 마쳤습니다.
                    




                CFRA의 샘 스토발 전략가는 ""기대치가 낮아서 2분기 실적은 예상보다 더 좋게 나올 것이다. 4월 조정을 거쳐 부정적 요소는 대부분 제거됐고, 이제는 경제가 생각보다 나쁘지 않다는 기사가 나온있다. 소비자 신뢰도 회복되고 있고, 관세로 인해 인플레이션 지표가 악화된 것도 보이지 않는다. 적어도 지금은 투자자들이 '시장은 더 올라가고 싶어 한다'라고 생각하는 듯하다""라고 말했습니다. 그는 “지수가 20% 이내 하락한 뒤 손실을 모두 회복한 시장은 평균적으로 추가로 약 10% 더 오르는 경향이 있다""라고 덧붙였습니다. S&P500 지수가 6600까지 상승할 수 있다는 얘기입니다.
                    




                구글 모회사인 알파벳은 23일 실적 발표를 앞두고 2.72% 뛰었습니다. 9일 연속 상승세를 이어갔습니다. 함께 실적을 발표하는 테슬라는 0.35% 하락했습니다. 애플은 0.62%, 아마존은 1.43% 올랐고요. 버라이즌은 연간 가이던스를 상향 조정한 뒤 4% 넘게 뛰었습니다. 트럼프미디어는 20억 달러 규모의 비트코인을 취득했다는 발표에 3.11% 상승했습니다. 블록은 7.19% 뛰었는데요. S&P500 지수에 편입될 예정이라는 뉴스에 따른 것입니다.  6. ""강세장 지속"" vs ""단기 과열""  월가에서는 강세장이 이어질 것이란 주장이 다수입니다. 높은 밸류에이션에 대한 지적이 나오지만, 조정이 나타나기 전까지는 계속해서 상승세가 이어질 것이란 관측이 다수입니다.모건스탠리는 S&P500 지수가 내년 중반까지 7200포인트까지 올라갈 것이란 강세 전망에 더욱 무게를 두고 있다고 밝혔습니다. 5월에는 2026년 2분기까지 6500포인트를 기록할 것으로 예상한다고 밝혔었죠. 마이크 윌슨 최고투자책임자(CIO)는 ""기업 이익이 내년까지 견고한 기반을 갖추고 있고, Fed가 금리를 큰 폭으로 인하할 가능성이 커서 밸류에이션은 현 수준(약 22배)에서 유지될 수 있다""라고 밝혔습니다. 그는 ""2026년 실적 전망에서 과소평가된 측면 중 하나는 임금 비용 감소로 긍정적 영업 레버리지가 회복되고 있다는 점이다. AI 도입으로 이는 더 강화될 수 있다. 지금까지 관세 관련 비용이 마진에 영향을 미치는 것에 대해 기업들은 큰 우려를 표하지 않고 있다""라고 적었습니다. 그는 3분기 5!10% 조정이 있을 수 있지만, 매수 기회가 될 것이라고 주장했습니다.
                    




                에드워드존스의 모나 마하잔 전략가는 ""전반적으로 증시는 4월 초 나타났던 극심한 공포와 불확실성을 극복한 것으로 보인다. 그 이후로 관세 인상이 유예되었고, 인플레이션과 경제 지표는 여전히 회복세를 보인다. 앞으로 시장이 계속해서 직선적으로 상승할 것으로 예상하지는 않는다. 특히 계절적으로 변동성이 큰 8월과 9월이 다가옴에 따라 더 그렇다. 시장은 8월 1일 마감 시한이 다가옴에 따라 추가적인 관세 관련 뉴스를 소화해야 할 것이다. 이는 더 높은 관세율을 의미할 수 있다. 따라서 하반기에는 물가가 상승하고 소비가 위축될 수 있다. 이런 모든 요인이 향후 몇 주 동안 변동성을 촉발할 수 있다. 그러나 투자자들이 여전히 최악의 시나리오, 즉 높은 관세율과 부정적 무역협상 결과, 그리고 걷잡을 수 없는 인플레이션이 실현될 가능성은 작다고 생각한다. 또 연말과 2026년을 내다보면 물가와 인플레이션이 다시 안정되고 Fed는 금리를 인하할 것으로 예상한다""라고 말했습니다. 그러다 보니 단기 과열이 나타나고 있습니다. 특히 일부 주식에서는 투기가 발생하고 있습니다. BTIG는 나스닥 100지수가 지난주 금요일로 60일 연속 20일 이동평균선을 상회했다고 밝혔습니다. 이는 2000년 닷컴버블이 터지기 직전인 1999년 2월 5일 이후 가장 긴 추세 기록입니다. 당시는 77거래일 연속으로 20일선 위에서 거래되었습니다. 그리고 1년 정도 지나 버블이 터졌죠. 물론 지금 상승 추세가 당시에는 미치지 못합니다. 조나선 크린스키 전략가는 4월 23일 시작된 이번 상승세 동안 지수는 23%를 조금 넘게 올랐는데, 1999년 2월에는 50% 이상 올랐었다고 지적했습니다. 또 지금 나스닥 100지수에 포함된 기업들은 199년보다 훨씬 수익성이 좋습니다. 그럼에도 불구하고 크린스키는 ""나스닥의 최근 상승은 다소 과하다는 것을 보여주는 또 다른 신호다. 시장이 정점에 가깝다고 생각하지는 않더라도, 주가가 조정을 받을 때가 왔다는 것을 의미할 수 있다""라고 말했습니다.
                    




                오픈도어의 주가가 오늘 42.67% 폭등했는데요. 한때 120% 가까이 뛰기도 했습니다. 지난달 중순까지도 1달러 미만이었는데요. 오늘 3.21달러로 마감했습니다. 장중 4.97달러까지 뛰었고요. 여전히 2021년 2월에 기록한 사상 최고가인 39.24달러보다 훨씬 낮지만요. EMJ캐피털이 카바나와 같은 폭등 사례가 될 것이라고 주장하면서 투기적 매수가 가세한 것이죠. 
                    




                이와 관련, JP모건은 팔란티어, 코인베이스, 엔비디아 등 하이 베타(High-beta), 모멘텀 종목에 대한 투자 쏠림 현상이 역사적으로 봤을 때 “백분위로 나눠 100번째”(높은) 수준에 도달했다며, 이는 지난 30년 동안 가장 극단적인 포지셔닝“이라고 밝혔습니다. 이전에 이처럼 혼잡이 심했던 때는 닷컴버블, 글로벌 금융위기, 2018년 볼마게돈 사태 등이 터졌습니다. 두브라브코 라코스-부야스 전략가는 ""일부에서는 고베타 과밀 현상이 지속될 수 있다고 주장하지만, 100분위 수준의 과밀 현상은 이런 부문에 위험을 초래할 뿐만 아니라, 단기적으로 시장 전체에서 안일함이 증가하고 있음을 시사하는 위험 신호이기도 하다""라고 밝혔습니다. 그러면서 투기성 기술주 등에 단기 자금이 몰리고 있는데, 이런 흐름은 시장을 조정에 더 취약하게 만들 수 있다고 지적했습니다. 
                    




                골드만삭스의 토니 파스퀴리엘로 헤지펀드 담당 헤드는 이렇게 정리합니다. “여전히 강세장이다. 아직 연료가 남아 있다. 하지만 위험/보상의 균형은 불리하게 변하고 있고, 여름철 유동성 감소가 영향을 미치기 시작했다.”
                    




                뉴욕=김현석 특파원 realist@hankyung.com",https://www.hankyung.com/article/202507223136i,2025.07.22 07:48
눈높이 바닥 친 2분기 실적 시즌…'진짜 변수' 다섯 가지 [빈난새의 빈틈없이월가],,"영상 모듈 닫기




15일(현지시간) JP모건과 씨티그룹, 블랙록 등 미국 대형 은행·금융사 실적 발표를 시작으로 미국 기업들의 2분기 어닝 시즌이 본격 막을 올립니다. 4월 2일 도널드 트럼프 미국 대통령의 상호 관세 발표 이후 격화한 무역 전쟁 드라마가 기업 마진에 과연 영향을 미쳤을지, 미쳤다면 어느 정도일지 확인할 수 있는 사실상 첫 분기입니다. 
                    



 사진=연합뉴스

                일단 기대치는 낮습니다. 블룸버그인텔리전스(2.5%), 팩트셋(4.8%), 뱅크오브아메리카(4%) 등 예측치마다 차이는 있지만, 올 2분기 S&P 500 기업들의 주당순이익(EPS) 성장률이 2023년 2분기 이후 2년 만에 가장 낮을 것이란 게 월가의 컨센서스입니다. 물론 8분기 연속 EPS 성장이 이어질 것이란 점은 긍정적으로 해석될 수 있는 부분이지만요. 
                    




                이렇게 눈높이가 낮다 보니 월가는 실제 실적이 전망치를 상회하는 '어닝 서프라이즈' 가능성도 높게 점치고 있습니다. 수 차례의 관세 유예는 물론, 기업들이 관세 부과 이전에 재고를 미리 축적한 점 등을 고려하면 2분기에도 관세 영향이 나타나지 않았을 여지가 많습니다. 실제 기업 마진은 이렇게 낮은 시장의 기대보다 훨씬 나을 수 있다는 뜻입니다. 찰스슈왑은 ""5월까지도 실효 관세율이 두 자릿수에 도달하지 않았기 때문에 2분기 실적엔 관세 효과가 완전히 반영되지 않았을 것""이라고 예상했습니다.사실 미국 실적 시즌엔 어닝 서프라이즈가 오히려 통상적입니다. 팩트셋에 따르면 지난 42개 분기 중 어닝 서프라이즈가 나타나지 않은 경우가 세 번에 불과했습니다.이번에도 2분기 실적 자체는 바닥을 친 예상치보다 좋게 나올 가능성이 높습니다. 그렇다면 시장 참여자들의 관심은 이미 지나간 실적보다 앞으로의 전망에 더 쏠릴 것으로 보입니다. △1분기엔 관세 불확실성을 이유로 아예 가이던스를 제시하지 않았던 기업들이 이번엔 어떤 가이던스를 내놓을지 △새로운 고율 관세 환경에 어떻게 대응하고 있는지 △트럼프 대통령의 재정·감세 패키지, 이른바 'One Big Beautiful Bill(OBBB·하나의 크고 아름다운 법안)'의 영향을 어떻게 전망하는지 등에 대해 기업들이 어떤 코멘트를 내놓을지가 더 큰 관심사가 되겠지요.가령 모건스탠리의 마이크 윌슨 최고투자책임자(CIO)는 총 3조4000억 달러 규모의 OBBB이 기술·커뮤니케이션서비스·헬스케어·에너지 등 여러 섹터 기업들의 현금 흐름에 긍정적인 영향을 미칠 것이라면서 낙관적인 가이던스를 예상했습니다. 이런 전망이 기업 경영진의 실제 코멘트로 확인된다면 주식시장엔 긍정적인 재료로 작용할 수 있습니다.네드데이비스리서치는 좀더 구체적으로 이번 실적 시즌에서 눈여겨 봐야 할 다섯 가지 핵심 포인트를 짚었습니다. 첫째, 기업들의 마진 상승세가 유지됐는지 여부입니다. 
                    




                아직까진 관세의 영향이 나타나지 않은 만큼 S&P 500의 이익률 흐름도 안정적입니다. 6월 말 기준 S&P 500 기업의 총매출이익률은 37.45%로 전 분기보다 0.03%포인트 상승한 것으로 추정되는데요. 관세로 인한 마진 축소 우려가 아직 가시화하지 않았을 것이란 예상과 일맥상통합니다.반대로 이런 예상과 달리 2분기 중 총매출이익률이 하락한다면 관세가 실제 기업 수익에 영향을 미치기 시작했다는 신호일 수 있습니다. 이는 기업들이 시차를 두고 고용을 줄이는 거시 경제 충격으로도 이어질 수 있습니다. 
                    




둘째, 1분기에 나타난 높은 실적 서프라이즈 비율이 이번에도 유지될지 여부입니다. 지난 1분기엔 S&P 500 기업 중 78.4%가 시장 예상을 상회하는 실적을 내면서 3분기 연속 하락하던 흐름을 반전시켰는데요. 네드데이비스리서치는 2분기에도 이 비율이 70%대 후반으로 유지된다면 기업들이 관세 및 거시경제 여건에 대한 적응력이 높다는 뜻으로 받아들여져 시장에 긍정적인 촉매제가 될 것으로 봤습니다. 다만 소형주는 이야기가 조금 다릅니다. 소형주 지수인 S&P 600의 경우 실적 서프라이즈 비율이 작년 4분기 67.3%에서 지난 1분기 65.7%로 하락했는데요. 이번에 또 하락한다면 소형주의 기초체력이 약해지고 있다는 신호가 될 수 있습니다. 대형주 위주 랠리의 취약성에 대한 시장의 우려를 자극할 수 있는 요인입니다.셋째, 하반기 실적 가이던스가 추가 하향될지 여부입니다. 스탠다드앤푸어스(S&P)에 따르면 올 3·4분기 S&P 500 기업의 분기별 EPS 성장률은 각각 13%에 육박합니다. 연초엔 20%였던 데 비해선 낮아졌지만, 인플레이션이나 실업 지표 등 현재 거시 경제 환경을 고려하면 지나치게 낙관적이라는 게 네드데이비스리서치의 지적입니다. 2분기 실적 발표를 통해 기업들이 하반기 전망을 더 낮출 경우 시장의 기대도 추가 하향 조정을 거쳐야 합니다.
                    




넷째, '매그니피선트 7(메타·아마존·마이크로소프트·애플·구글·엔비디아·테슬라)' 주도 장세가 더 강해질지 여부입니다. 올 1분기까지 지난 1년간 매그니피선트 7과 나머지 493개 기업들의 EPS 성장률 격차는 작게나마 좁혀지는 추세였습니다. 매그니피선트 7의 EPS 성장률은 57%에서 31%로 둔화한 반면, 나머지 493개 기업은 0%에서 4%로 소폭 회복했기 때문입니다.하지만 올 2분기부터 향후 1년간 EPS 성장률 전망치를 보면 시장은 다시 그 격차가 벌어질 것으로 예상하고 있습니다. 초대형 기술주 중심의 매그니피선트 7 대비 관세 압력에 상대적으로 취약한 나머지 493개 기업의 미래 실적 추정치가 더 둔화할 수 있다는 우려 때문입니다. 결국 나머지 기업들의 성장세 회복이 미미한 상황에서 전체 증시를 좌지우지하는 매그니피선트 7의 실적 주도권이 다시 강해질 수 있다는 건데요. 이미 소수 대형주와 기술주가 랠리를 주도하면서 좁은 시장 상승폭(breadth)에 대한 우려가 커지고 있는 현재의 상황이 더 심해질 수 있다는 뜻이기도 합니다. 2분기에 기업들이 내놓을 향후 가이던스에 따라 이런 전망이 현실화할지도 지켜볼 필요가 있습니다. 다섯 번째는 미국 기업들의 EPS 성장률에 구조적인 둔화가 나타날지 여부입니다. 다시 말해 기업 이익 성장률 모멘텀이 중단기적으로 정체 구간에 갇힐 수 있다는 겁니다. 올 1분기 기준 미국 S&P 500 기업들의 직전 4분기 누적 GAAP EPS 성장률은 13.2%였습니다. 내년 1분기는 13.8%로 예상됩니다. 현재와 비슷한 수준이지만, 성장률 모멘텀은 이미 정체 구간에 들어섰다는 게 네드데이비스리서치의 지적입니다. 향후 하반기 실적 전망이 하향 조정된다면 이익 성장률 둔화에 대한 우려가 주가에 역풍이 될 수 있다는 겁니다. 미국 증시는 여전히 해결되지 않은 관세 불확실성과 여러 지정학 리스크에도 신고가 부근을 굳건히 지키고 있습니다. 이번 2분기 실적 시즌은 과연 이런 증시에 훈풍이 될지, 역풍이 될지 판단하는 데 참고해볼 만합니다. 뉴욕=빈난새 특파원 binthere@hankyung.com",https://www.hankyung.com/article/202507157972i,2025.07.15 07:52
"JP모간 ""상법 개정안, 韓 증시 재평가 끌어낼 것""","亞太 총괄 레이나르트 대표
日 주주가치 제고 정책과 유사
韓 주식 밸류에이션 매력 커져","“새 정부가 제안한 상법 개정안은 한국 증시 재평가와 관련해 실질적인 진전을 끌어낼 것으로 기대됩니다.”글로벌 투자은행(IB) JP모간에서 아시아·태평양 지역을 총괄하는 쇼어르트 레이나르트 대표(사진)는 3일 한국경제신문과의 인터뷰에서 국회 본회의를 통과한 상법 개정안에 대해 이같이 밝혔다. 그는 기업 지배구조 개혁을 추진하며 ‘잃어버린 30년’을 탈출한 일본처럼 한국 증시도 새 정부의 노력으로 비슷한 경로를 밟을 수 있을 것이라고 예상했다.레이나르트 대표는 한국 증시 저평가 원인으로 소액주주에 대한 기업의 미흡한 대응과 상대적으로 낮은 주주환원 수준, 지정학적 리스크 등을 꼽았다. 그는 “지정학적 리스크와 글로벌 경기는 한국 정부가 어떻게 할 수 있는 영역 밖에 있지만 주주 중심 경영 등을 통해 정부가 할 수 있는 부분이 있다”고 강조했다. 한국 증시는 수출 의존적 경제 구조로 글로벌 경기에 민감하고 한반도라는 지정학적 특성 때문에 통제 불가능한 외풍에 취약하지만, 그 외 요인은 정부 노력으로 개선될 가능성이 크다고 본 것이다.그는 “한국은 내재적 강점이 많은 나라”라면서도 “기업 가치가 낮게 평가받고 있다”고 했다. 한국 주식시장의 주가수익비율(PER)은 아시아 평균에도 못 미친다는 지적이다. 다만 레이나르트 대표는 “그만큼 한국의 밸류에이션은 매력적”이라며 “주주가치가 제고되는 만큼 상승 여력이 크다”고 진단했다.그는 10여 년 전 일본이 주주가치 제고에 주안점을 둔 정책을 펼치면서 증시 활황기를 맞은 것처럼 한국도 유사한 흐름을 보일 것으로 전망했다.레이나르트 대표는 “기업 지배구조와 재무구조 개선, 수익성 제고 등의 노력을 하는 게 중요한데 이것들은 1년 안에 되는 것이 아니라 여러 해에 걸쳐 진행돼야 하는 과정”이라며 “이런 차원에서 본다면 한국은 시작 단계에 있어서 앞으로 5~10년간 외국인 투자자금 유입이 꾸준히 이어질 것으로 기대하고 있다”고 말했다.송은경/차준호 기자 norae@hankyung.com",https://www.hankyung.com/article/2025070372121,2025.07.04 06:00
감세법안 곧 서명…관세 압박 높이는 트럼프 [마켓인사이트],,"영상 모듈 닫기




미국의 고용지표들이 여전히 강한 것으로 확인되면서 지난밤 뉴욕증시 또 사상 최고치를 이어갔습니다.도널드 트럼프 미국 대통령의 감세 법안이 하원까지 최종 통과해 서명만 남겨두고 있는데요, 이제 시장은 관세의 시간에 바짝 다가서고 있습니다.*주요 이벤트 (한국시간)-LG전자 2분기 잠정실적 (7일)-삼성전자 2분기 잠정실적 (8일)-美 상호관세 유예 종료 (8일 오후)-삼성 폴더블 갤럭시Z7 언팩 (9일 밤)-美 6월 FOMC 의사록 공개 (10일 새벽)-한국은행 금통위 (10일)-美 주간 신규실업수당 청구건수 (10일 밤)-美 델타항공 실적 (10일 밤)● 감세안, 하원도 통과쉽지 않을 수도 있다는 전망과 달리, 트럼프 대통령의 감세안 지난밤 하원을 통과했습니다. 218대 214, 가까스로 통과했는데요, 트럼프 대통령의 서명만 남겨두고 있습니다. 서명식으로 7월 4일, 우리시간으로 오늘 밤 이뤄질 것으로 보입니다.독립기념일 전에 책상위로 올려달라는 트럼프 대통령의 타임라인대로 됐습니다.
                    




                ‘하나의 크고 아름다운 법안(OBBBA)’이라고 불리는 이 감세안, 일단 향후 10년간 미국 국가부채를 3조4천억달러 가량 늘릴 것으로 추산이 되는데요, 재정적자 우려, 경기부양 기대감이 공존합니다.세부 내용들은 미국에 투자하는 우리 기업들에 미칠 영향도 적지 않을텐데요, 반도체기업 세액공제는 현재 25%에서 35%로 확대되는 반면, 전기차 구매 세액공제는 2032년까지 혜택을 오는 9월에 크게 앞당겨 종료하기로 했습니다. 반도체 기업들 한숨 돌렸지만, 전기차 시장은 타격이 불가피해보입니다.
                    




● 감세의 재원 '관세'세금을 깎아주는 감세, 그 막대한 재원을 어디서 충당할 것인가, 관세로 마련하겠다는게 트럼프 대통령의 계획입니다.트럼프 대통령은 감세안 서명이 예정된 7월 4일 각국에 관세율 서한을 발송하겠다고 예고했습니다. 지난밤 워싱턴DC를 출발하기 전 기자들에게 ""우리는 아마도 내일부터 일부 서한을 하루에 10개국씩 여러 나라에 보낼 것""이라고 했습니다. 관세율을 20%, 25%, 30% 이런식으로 통보하겠다는 것인데요, 협상을 서두르라는 압박성 메시지로도 읽힙니다.상호관세 유예 시한인 다음주 초반까지 상당한 혼란이 있을 것으로 보입니다.
                    




● 美 고용 여전히 탄탄관세 리스크에도 아랑곳하지 않고 지난밤 뉴욕증시 S&P500과 나스닥 또 사상 최고치를 이어갔습니다.시장의 상승에는 전날 ADP 민간고용 충격을 덮은 6월 고용보고서가 있었습니다. 6월 비농업신규 고용은 14만7천건으로 예상치를 웃돌았고, 실업률도 낮아지면서 미국의 고용 여전히 단단하다는 점을 보여줬습니다. 다만 민간고용이 부진하고 제조업 일자리가 줄어들고 있다는 점은 유의하셔야겠습니다.
                    




                지난밤 나온 ISM 서비스업지수 역시 기준선 50선을 넘으며 위축국면을 벗어났습니다. 세부지표 가운데 고용지수가 석달째 하락했지만 미국경기를 침체라고 볼만한 근거는 없었습니다.자연스럽게 연준의 금리 인하 기대도 후퇴했는데요, 최근 감지됐던 7월 금리 인하 기대감이 푹 고개를 숙이면서 CME 페드워치에는 7월 동결 전망이 95%에 육박했습니다.
                    




<한국경제TV 마켓인사이트>는 증시가 열리는 매일 오전 11시 생방송으로 진행됩니다. 투자에 대한 조언일 뿐 판단은 여러분들의 몫입니다. 전체 방송 내용은 마켓인사이트 홈페이지 또는 유튜브를 통해 확인할 수 있습니다.





                정원우기자 bkjung@wowtv.co.kr",https://www.hankyung.com/article/2025070488385,2025.07.04 15:07
"[단독] 산은, 반도체·배터리 직접 투자 가능…전략산업 키운다","여야, 산은법 개정안 처리 합의
최대 '100조 기금' 조성

기업에 국고채 수준 저리대출
산은, 지분 투자도 가능해져
글로벌 수주 경쟁땐 금융 지원
산업 경쟁력 대폭 향상 기대

기금채 발행 통해 50조 마련후
민간 매칭 통해 최대 100조 지원
산은 자본금 증액도 사실상 합의","최대 100조원 규모의 첨단전략산업기금을 조성하는 법안을 여야가 통과시키기로 합의한 것은 그만큼 글로벌 산업 환경이 녹록하지 않다고 인식해서다. 미국 도널드 트럼프 행정부가 들어선 이후 ‘관세 위협’이 나날이 커진 데다 중국과의 산업 경쟁력 격차도 급격하게 좁혀지고 있기 때문이다. 이재명 정부 들어 정쟁을 이어온 여야가 세계 무역 전쟁 파고를 넘기 위해 ‘협치 결과물’을 내놨다는 평가가 나온다. ◇ 첨단전략산업 신속 지원 가능







이미지 크게보기



                여야가 합의 처리하기로 한 산업은행법 개정안은 정부가 반도체·2차전지 등 첨단산업에 대규모 자금을 안정적으로 공급할 수 있는 시스템을 만들자는 취지로 마련됐다. 산은에 첨단전략산업기금을 설치하고, 산은이 정부 보증 첨단전략산업기금채를 발행해 재원을 마련하도록 했다. 이자 비용 등 기금 운용 자금은 산은이 기금에 직접 출연하는 방식으로 충당하도록 했다. 기존에도 산은이 반도체 기업을 대상으로 저리 대출 프로그램을 운영해 왔지만, 총 17조원 규모에 그쳤다.산은법 개정안을 공동 발의한 강민국 국민의힘·강준현 더불어민주당 의원은 법안 제안 취지에서 “첨단전략산업의 중요성과 시급성에 비해 규모가 제한적이고, 대출 중심의 지원에 그치는 한계가 있다”며 “첨단산업 지원의 적시성이 중요한 만큼 신속하고 효과적인 지원체계가 필요하다”고 밝혔다.개정안이 통과되면 신설 기금을 통해 여러 업종에 더욱 적극적인 지원이 가능해진다. 기업들에 국고채 수준의 저리 대출을 제공할 수 있을 뿐 아니라 펀드를 통해 간접 투자하거나 직접 지분 투자하는 것도 가능하다. 글로벌 수주 경쟁 시에는 기금을 통해 금융 지원 패키지를 제공하는 방식으로 국내 기업 경쟁력을 높일 수 있을 것이라는 기대도 나온다. 개정안은 기금 운용 기간을 재원 조성일로부터 20년간, 자금 지원 기간은 5년으로 규정했다. 국회 정무위원회 관계자는 “개정안에 기금 규모를 명시하지는 않았지만, 우선 기금채 발행으로 50조원 규모를 마련하고 민간 매칭이 이뤄지면 최대 100조원의 지원이 가능해질 것”이라고 설명했다. ◇ 산은 수권자본금도 증액될 듯여야는 안정적인 산업 지원을 위해 산은의 수권 자본금(법적으로 증자할 수 있는 자본금 한도)을 증액하는 데도 사실상 합의했다. 산은이 적극적인 산업 지원에 나서려면 증자가 필요하다는 인식에서다. 앞서 민주당에서는 김태년(40조원)·박상혁(45조원) 의원이, 국민의힘에서는 권성동(50조원)·윤한홍(60조원) 의원이 산은 수권 자본금을 증액하는 산은법 개정안을 각각 발의했다. 산은의 법정자본금은 2014년 20조원에서 30조원으로 증액한 이후 지금까지 30조원에 머물러 왔다. 산은 자본금이 올해 거의 한도를 채우면서 정책 금융을 지원하는 데 걸림돌이 될 것이라는 우려가 커진 상태다.이에 따라 오는 21일 열리는 정무위 법안1소위에서 산은 자본금 증액 논의가 이뤄질 전망이다. 다만 한도를 놓고는 여야 의견이 엇갈린다. 정무위 소속 국민의힘 관계자는 “시간이 지나면 또다시 한도를 채워 자본금을 상향해야 할 텐데 미리 늘려 놓는 게 낫다”고 한 반면 민주당 관계자는 “국내외 경제 상황을 고려해야 하기 때문에 무한정 늘려줄 수는 없고 면밀히 검토해야 할 것”이라고 했다.산은의 법정 자본금 한도가 늘어나면 산은이 첨단전략산업기금을 운용하는 데도 숨통이 트인다. 산은법 개정안에 따르면 기금 운용 자금 등은 산은이 직접 출자를 통해 지원하도록 했다. 강민국 의원은 “세계 각국이 첨단전략산업 지원에 총력전을 벌이는 상황에서 대한민국에도 첨단전략산업 지원을 위한 종합지원 체계 마련이 시급하다며 ""이번 개정안이 통과돼 첨단전략산업기금이 설치되면 전략 산업에 대한 폭넓은 지원을 통한 경제안보 강화 및 대한민국 100년 먹거리 창출에 큰 도움이 될 것""이라고 강조했다.정소람 기자 ram@hankyung.com",https://www.hankyung.com/article/2025071878261,2025.07.18 17:32
파월 해임설 부상…장기 국채 금리 급등 우려,,"최근 도널드 트럼프 전 대통령이 제롬 파월 미국 연방준비제도 의장 해임 가능성을 언급하자, 글로벌 금융시장의 불확실성이 커지고 있다. 정치권과 시장에서는 파월 해임 시 단기 금리 하락·장기 금리 급등의 가능성이 높아진다는 분석이 제기된다.독일계 금융권은 트럼프의 압박이 미국 장·단기 금리를 동시에 움직이는 ‘이례적 스플릿 커브‘ 상황을 촉발할 수 있다고 경고했다. 도이체방크 연구진은 “파월 해임은 완화적 통화정책을 위한 조치로 해석되지만, 동시에 시장의 인플레이션 기대치와 리스크 프리미엄을 높일 가능성이 있다”고 진단했다.시장 반응은 이미 감지되고 있다. 트럼프가 해임을 언급한 직후, 미국 장기 국채(10·30년) 수익률과 현물 달러가 반응했다. 이 과정에서 장기 금리 상승은 기업 자금조달 비용 증가, 증시 약세 압력 확대를 초래할 가능성이 제기되고 있다.전문가들은 “정치권이 연준의 독립성을 흔들면, 금융시장은 민감하게 반응하며 장기 금리도 큰 폭으로 요동칠 수 있다”고 강조한다. 실제로 과거 미국과 터키 등 중앙은행 독립성이 훼손된 국가에서 장기 채권 금리가 급등하며 경기 불안정이 동반된 사례가 있다.이처럼 장기 국채 금리 급등은 증시에 부담 요인이며, 기업 차입 비용 상승과 투자 심리 위축으로 이어질 수 있다. 금리 예민 업종(금융·부동산·IT 등)과 장기채 보유 비중이 높은 포트폴리오에서는 리스크 관리 전략이 필요하다는 조언이 나온다.




 

▶ 더머니스탁론 신규 상품 전격 출시! (DSR 규제 X)▶ 최대 400% 레버리지 투자, 증권사 신용미수 대환 가능!▶ 한 종목 100% 집중 투자 가능!▶ 더머니스탁론 바로가기 (https://themoney.co.kr/ha)▶ 더머니스탁론 전화 상담 1600‑7096▶ 더머니스탁론 카카오톡 상담 (http://pf.kakao.com/_cVfxbn/chat)관심종목: KB금융, 미래에셋증권, 삼성물산, LG전자, SK하이닉스무료상담",https://www.hankyung.com/article/202507235755a,2025.07.23 09:45
미르·K스포츠 악몽…특검 줄소환에 떠는 기업들,"IMS모빌리티 투자 기업인 소환에…""무리한 수사"" 우려

'김건희 집사' 관련된 IMS에
대기업·금융사 등 12곳 투자
대가성·보험성 투자 의혹 부인 
""렌터카 시장 성장성 보고 결정""
특검, 집사 김예성 체포영장 청구 

재계 ""K스포츠 출연기업 무죄
기업은 수사만으로도 타격 받아""","김건희 여사 관련 의혹을 수사하는 민중기 특별검사팀이 렌터카 플랫폼 업체인 IMS모빌리티에 투자한 기업의 오너 경영자 등에 대한 줄소환에 나섰다. 기업인들을 불러 김 여사의 집사로 알려진 김예성 씨가 설립에 참여한 IMS에 사모펀드를 통해 투자한 배경 등을 조사하겠다는 것이다.특검의 최고위층 소환에 기업들은 “제2의 미르·K스포츠’ 악몽이 재연될까 우려된다”며 전전긍긍하고 있다. 사업상 판단에 따른 정상적인 투자였는데, 기업인 공개 소환으로 회사 이미지만 타격을 받는 게 아니냐는 것이다. ◇김 여사 수사 기업으로 확산





                문홍주 특별검사보는 15일 브리핑을 열고 “김예성 씨에 대해 체포영장을 청구했다”고 밝혔다. 김씨는 윤석열 전 대통령 파면 후인 지난 4월 베트남으로 출국했다. 문 특검보는 “귀국 시 ‘집사게이트’, 코바나컨텐츠 뇌물성 협찬 의혹 조사를 병행해 각 사건의 실체를 신속히 규명할 예정”이라고 말했다.집사게이트와 관련해 특검은 17일 오전 10시 김범수 카카오 창업자, 조현상 HS효성 부회장, 윤창호 전 한국증권금융 사장, 김익래 전 다우키움 회장을 참고인으로 소환 통보했다. 다만 조 부회장은 3차 아시아태평양경제협력체(APEC) 기업자문위원회 참석차 베트남으로 출국해 21일 출석하기로 했다. ◇기업들 “사업성에 기반한 투자”벤처업계와 12개 투자 기업은 IMS 투자가 사업성에 기반한 정상적인 의사 결정이었다고 주장했다. IMS에 투자한 펀드를 결성한 민경민 오아시스프라이빗에쿼티(PE) 대표는 네오플럭스(현 신한벤처투자) 실무자 시절부터 IMS의 성장성에 주목해 투자를 집행했으며, 이후 오아시스펀드를 설립해 2023년 6월 후속 투자에 나섰다.하지만 김씨가 연루된 집사게이트가 부각되면서 투자 자체가 의혹의 대상이 되는 형국이다. 김씨는 2017~2018년 자신의 렌터카 플랫폼 ‘뿅카’를 IMS에 매각하며 2대주주로 올라섰고, 2021년 4월 퇴사했다. 그러나 오아시스펀드 투자금 184억원 중 46억원이 김씨와 관련된 이노베스트코리아로 흘러가면서 의혹이 증폭됐다.특검은 과징금 처분, 내부 고발 등 경영 리스크에 직면한 일부 기업이 ‘대가성·보험성 투자’를 한 것으로 의심하고 있다. 이에 대해 소환 대상 기업들은 “최고위층에선 투자 사실 자체도 몰랐을 정도”라며 의혹 제기에 강하게 반박했다. A사 관계자는 “정상적인 투자 심사를 거쳤으며 단순 출자자(LP)로 들어간 것”이라고 밝혔다. B사 관계자도 “소명이 다 가능한 사안”이라며 “그 정도의 투자금으로 ‘김건희 보험’을 들었겠느냐”고 반문했다. C사는 “투자 결정은 사업 협력에 기반한 것으로 인맥이나 외부 연계성은 고려되지 않았다”고 강조했다. ◇“보여주기식 수사” 비판도김 여사가 운영하던 코바나컨텐츠 전시회 협찬 기업들도 긴장하고 있다. 특검은 윤 전 대통령이 서울중앙지검장과 검찰총장으로 재직하던 시기와 맞물리는 2015~2019년 코바나컨텐츠 주최 전시 협찬사 28곳의 후원 배경을 조사 중이다.경제계에선 특검 수사가 “최순실 사태처럼 무리한 수사와 기소로 이어질 수 있다”고 우려했다. 당시 미르·K스포츠재단 출연과 관련해 모두 무죄 판결을 받았지만, 기업들은 수사만으로도 큰 피해를 봤다. 한 기업 관계자는 “184억원 투자 의혹을 조사한다면 가장 먼저 오아시스PE나 IMS 대표를 부르면 될 일인데, 대기업 총수들부터 소환하는 것은 보여주기식 수사”라고 비판했다.특검 수사 여파로 내년 코스닥시장 상장을 준비하고 있던 IMS는 날벼락을 맞았다. IMS는 2013년 김씨의 전 직장 동료인 조영탁 대표가 설립한 차량 렌털 중개 플랫폼이다. 회사는 지속적인 성장을 바탕으로 2018년 기업은행PE로부터 100억원, 2020년 네오플럭스로부터 250억원, 2022년 리얼맥코이PE로부터 100억원 등 꾸준히 투자를 유치하기도 했다.IMS는 지난 분기엔 창사 이후 첫 흑자도 달성했다. 하지만 집사게이트 의혹의 중심에 서면서 타격이 불가피해졌다.허란/정희원/전범진 기자 why@hankyung.com",https://www.hankyung.com/article/2025071502521,2025.07.15 17:43
"美 감세안 일단 부결…""부채리스크는 지속""",,"영상 모듈 닫기




<앵커>국내외 경제에 굵직한 변화들 많이 있습니다. 투자전략가 모시고 얘기 나눠보죠. 그레너리투자자문 이완수 대표와 함께 합니다.상법개정안 국회 심사에 들어갔는데 3%룰 1년 유예. 집중투표제는 이번에 빠졌습니다. 7월 안에는 논의한다고 하는데, 전자주총 의무화는 내년부터 시행. 약간 완화된 수준으로 평가하는 분들도 있던데요?<이완수 그레너리투자자문 대표>사실 저는 완화됐다 강화됐다 이런 부분보다는 핵심은 일단 다 들어갔다 가장 핵심이 주주 충실의 의무 확대고 그다음에 전자주총이거든요. 사실 이것만 있으면 될 것 같아요. 그 이외에는 사실 약간 부수적인 문제들이기 때문에 그래서 이 두 개가 사실은 집중적으로 시작이 된다고 했을 경우에 시장에서 기대하는 것은 일단 가장 큰 게 그동안 주주했던 침해 행위를 견제할 수 있다는 거죠. 왜냐하면 전환사체를 무분별하게 발행한다든지 아니면 영업을 분리해버린다든지 우회상장한다든지 이런 걸 막아주면 좀 좋을 것 같고요.두 번째는 주주를 위해서 배당이 확대된다는 문제거든요. 이 두 개가 사실은 시장에서 가장 큰 파장을 줄 걸로 보여지고요. 이 두 개만 있으면 어떤 분들은 이게 지수를 상승해서 견인을 할 수 있다고 보는데 저는 그것보다는 주가지수의 바닥을 견고히 지지해 줄 수 있다. 왜냐하면 앞으로 기업들의 어떤 펀드멘털이 그대로 유지가 된다. 또는 아니면 그것에 대한 유동성이 계속 유지가 된다고 하면 사실 바닥을 방어해 줄 수 있거든요. 그러니까 지주사들 같은 경우는 사실 밸류 주식이지 성장 주식들은 아니거든요. 성장 주식은 지수를 끌고 올라가는 거고 밸류는 사실 바닥을 방어해 주는 건데 예를 들면 내년에 지금 코스피 배당률이 작년이죠. 2024년도가 3%가 나왔어요. 역대 최대치가 나왔거든요. 그런데 올해 같은 경우에는 한 4%까지 확대가 가능하지 않을까 이렇게 지금 보여지고 있고요.두 번째는 이제 우리가 밸류 주식을 볼 때는 PER보다는 PBR을 많이 보거든요. 지금 PBR이 딱 1.03배예요. 그런데 최근 5년치 평균이 범위가 0.8배에서 한 1.3배 정도였거든요. 그런데 이번에 만약에 이러한 법이 좀 통과된다 그러면 한 단계 좀 업그레이드 돼서 평균 1.5배 정도 PBR이 나오지 않을까.이런 시각에서 보고 있어요.그래서 제가 다른 것보다 주가지수를 한번 보니까 타이거 지주사 ETF가 있거든요. 이게 최근 한 3개월 동안에 한 50% 정도가 올랐어요. 주가지수가요.그렇다고 보면 거의 움직임이 없었죠. 지수사들이. 50% 정도가 딱 올랐는데 아까 말씀드린 PBR이 1.5배를 미리 받는다. 배당률 1% 정도 더 올라간다 감안했을 경우에 지금 주가지수는 그동안 반영 못했던 것을 충분히 방어했다고 보고 있고요. 그러면 다른 것보다는 이런 밸류 주식들은 지수의 하단을 좀 견고하게 잡아주기 때문에 그러면 저희 코리아 주식시장이 조금 더 탄탄해질 수 있는 여지를 갖고 갈 수 있다 저는 이렇게 보고 있습니다.<앵커>하단을 탄탄하게 잡아준다 말씀 주셨는데 오늘 비올 혹시 저희가 앞서서도 좀 다뤘는데 자진상폐를 추진한다는 거거든요. 비올이라는 회사는 그래도 나름 좀 유망한 회사인데 유망한 회사가 자진상폐하는 건 우리가 예상을 못했던 변화 같습니다. 상장 폐지를 자체적으로 해버린다는 거는 부작용이 아닐까요? 이런 부분은 어떻게 보세요?<이완수 그레너리투자자문 대표>부작용보다는 저는 꼭 상장을 해야 되는 건 아니거든요. 기업들이. 왜냐하면 할 때 장점과 단점 이런 게 있는데 본인들이 판단을 할 문제고요.만약에 이런 부분도 있습니다. MBK 같은 경우도 갖고 있던 라이센스를 반납을 해버리거든요. 왜냐하면 갖고 있을 때 어떤 이점이 있지만 또 그게 따라서 자기들의 비즈니스가 그렇게 크게 적용을 안 받으면 또 이것을 다 반납을 하거든요. 그래서 저는 이 문제가 그렇다면 만약에 이분들이 이게 불편해서 했다라기보다는 자기들의 이해관계가 더 충분히 반응되지 않았을까 저는 이렇게 보고 있습니다.<앵커>지금 그 외에도 예상되는 변화 중에 한전하고 가스공사 얘기가 나옵니다. 한전이 전기료 인상을 안 할 수가 없을 것이다. 가스공사도 가스요금 인상 할 수밖에 없을 것이다 이런 얘기 나오는데 이런 건 어떻게 보세요?<이완수 그레너리투자자문 대표>글쎄요. 그건 내부적인 관계를 봐야죠. 왜냐하면 사실 제가 볼 때는 상법하고는 크게 적용시키는 저는 쉽지 않을 것 같고요. 주요 대상은 지금 그동안 잘하고 있는 대기업들은 사실 문제가 없거든요. 그런데 조금 뭐랄까 국내 증시에서 전공법을 택하지 않고 조금 더 다른 방법을 쓰려는 회사들한테는 부담감이 분명히 가겠죠. 저는 어떤 분야에서는 소브린 펀드와 같이 그런 펀드들의 공격을 받을 수도 있다. 아니면 소액주주들이 엄청난 소송을 걸 수도 있다. 사실 이런 문제들은 그 회사가 제대로 소액주주의 이익을 챙겨주면 사실 그런 문제가 없거든요. 그래서 저는 그것은 부차적인 문제지 핵심 문제는 아니다 이렇게 지금 보고 있습니다.<앵커>그렇군요. 지금 미국에서는 베트남과의 관세 협상 타결됐다 이 소식이 또 아주 뜨겁게 달아오르고 있습니다. 글로벌 투심이 이것 때문에 좀 회복이 됐는데 아시아는 오늘 좀 아닌 것 같네요. 지금 영국, 중국, 베트남까지 타결된 상황을 보면서 우리 관세 수준은 어느 정도로 좀 타결이 되겠구나 이렇게 예상되신 바가 있으세요 혹시?<이완수 그레너리투자자문 대표>사실 크게는 일본과의 협상을 봐야 되거든요. 왜냐하면 일본하고 한국하고 거의 미국과의 무역 관계가 사실 비슷하기 때문에. 그런데 지금 일본 같은 경우는 자동차하고 농산물 때문에 사실 걸림돌이 붙어 있어요. 그런 와중에 베트남이 나왔는데 베트남 같은 경우는 사실 중국이라든지 한국 기업들이 우회 수출을 위해서 쓰는 그런 국가거든요. 그런데 여기서 나온 게 초기에는 베트남은 46% 상호 관세를 부과했다.이번에는 20% 낮았단 말이에요. 그리고 만약에 제3국이 우회해서 수출할 경우는 40%를 부과하겠다. 벌써 답은 나온 것 같아요. 제가 봤을 때는.쉽게 얘기해서 지난번에 중국이 145%를 30%로 인하를 했잖아요. 그러면 중국은 30, 베트남이 20이라고 보면 일단 우리나라 같은 경우는 중국보다는 낮을 거라는 것은 나올 것 같아요. 이건 기본인 것 같고요.30보다는 낮을 거구나. 당연히 그렇게 나와야 되겠죠. 그래서 일단은 30보다 낮을 텐데 일본이 나오면 거의 일본하고 비슷할 것 같다.<앵커>지금 일본에 30% 넘게 부과하겠다고 트럼프가 그러고 있잖아요.<이완수 그레너리투자자문 대표>사실은 협박이죠.<앵커>엄포일 것이다?<이완수 그레너리투자자문 대표>왜냐하면 농산물이 걸렸던게 커졌어요. 쌀이 부족하다고 자기들도 수입을 해야 되는데 미국산은 수입 안 하겠다는 거잖아요. 트럼프 입장에서 이게 자기를 갖고 놀리는 건가 이렇게 될 수 있기 때문에 이건 좀 감정적인 문제고요. 조금 더 합리적으로 추진한다면 기본적으로 중국보다는 낮아야 될 겁니다.<앵커>저는 온라인 플랫폼법 이게 오늘 보니까 미국 하원에서 여기에 대한 반대서안을 냈다고 하더라고요. 여러 명의 의원들이. 그런데 지금 이재명 대통령이 또 플랫폼법을 적극적으로 추진하려고 공정위한테 얘기를 하고 있잖아요. 이 부분이 앞으로 걸리지 않을까 이런 걱정은 되더라고요.<이완수 그레너리투자자문 대표>저는 사실 해결 방법도 많고요. 이게 우리만의 문제가 아닙니다. 이미 우리 새 정부에서 얘기한 게 소버린 AI를 얘기했단 말이에요. 그러려면 사실은 플랫폼법이 필요한 거죠. 주권, AI 주권을 지키려면 그 법은 당연히 필요한 거고요. 그런데 이게 우리가 처음 만든 게 아니라 이미 EU는 실행을 하고 있고요.EU가 이미 애플이라든지 메타에 대해서 벌칙금까지 부과를 한 상태예요. 일본도 시작을 했고요. 그렇다고 보면 우리만의 문제가 아니다.두 번째는 미국이 왜 이걸 또 갑자기 걸고 넘어지냐면 EU와 중국하고 무역 협상을 했을 때 상품 무역이 있고요. 서비스 무역이 있어요. 그런데 서비스 무역에서 미국이 사실 다 걸림돌이 생겨버렸습니다. 왜냐하면 유럽 같은 경우에는 빅테크는 없어요, 회사들이. 그런데 AI에 대한 수요는 엄청납니다.그러니까 무역에서 서비스 매수가 적자를 보고 있죠. 그러니까 이걸 붙잡고 사실 미국한테 협상의 카드를 쓰면서 어떻게 보면 약간 많이 빠져나간 그런 경향이 있거든요. 그렇다 보니까 미국에서도 이렇게 한국하고도 협상을 해야 할 때 또 서비스 무역을 붙잡고 넘어지면 힘들다고 보는 거죠, 사실은요.그런데 저는 그거보다는 일단은 이번 정부에서는 AI 국내 산업을 발전시키기 위해서는 일단 플랫폼법은 통과를 돼야 해요. 그리고 무역 협상에서 미국 빅테크에 대해서는 협상에서 AI 조항을 주던가 이렇게 해서 그걸 피해주면 되는 거지. 그 때문에 법 하나, 우리나라의 AI 산업법을 전반적으로 부응시킬 수 있는 것을 포기할 수는 없을 것 같아요.<앵커>그랬다가는 국내 플랫폼들을 역차별한다 이런 얘기가 나오기 때문에 아주 머리 아픈 문제인 것 같습니다.지금 관세는 8일 시한으로 이달 9일부터 시행되는 거잖아요. 이 시행은 예정대로 될 거라고 보세요? 연기 안 되고?<이완수 그레너리투자자문 대표>저는 연기할 것 같아요.  왜냐하면 일단은 주요국들 있죠. 캐나다하고 멕시코 같은 경우는 이미 어떤 게 문제점이 있는지 파악이 서로가 됐어요.잘못 건넸다 그러면 사실 미국의 인플레이션이라든지 정치적 문제가 커질 수 있다는 게 이미 확인이 된 거고요. 중국과는 반도체하고 희토류를 갖고서는 이미 다 협상이 끝난 거고요.그다음에 EU 같은 경우에는 아까 말씀하신 서비스 모형 뿐만 아니라 나토를 통해서 나토의 방위부담 5%까지 끌어올렸잖아요. 이미 제가 봤을 때는 핵심적인 문제들은 다 끝난 것 같아요. 그런데 일본 하나 남아있는데 그 이외의 국가는 사실 나머지 국가들이거든요.그렇다고 보면 나머지 국가들 때문에 유예를 전반적으로 다시 할 거냐 저는 그렇다고 보지는 않아요. 그래서 베센트 장관이 얘기했던 것은 일부 국가에 대해서만 유예를 종료하고 하겠다고 얘기한 거고 그것에 대해서 트럼프 대통령이 화를 내면서 나는 전반적으로 다 해버릴까 이렇게 하는데 그분 스타일이 항상 감정적으로 실리기 때문에 저는 베센트 장관 쪽이 더 맞지 않을까. 그래서 아마 그게 유예가 종료가 된다 하더라도 저는 선별적으로 종료를 할 수 있을 것 같고요.저희 나라도 지금 다음 주에는 그 다음 주에 출발한다고 하니까 그렇다고 보면 그걸 미리 공지를 해줬다고 하면 저희도 유예가 재연장되지 않을까 이렇게 보고 있습니다.<앵커>우리나라도 적극적으로 협상이 임하고 있으니까 그걸 좀 감안해주지 않을까 이렇게 예상을 해보고요.지금 관세는 이렇게 진행이 되고 있다면 감세법안이 방금 전에 하원 표결이 부결이 됐습니다. 보니까 완전 부결은 또 아닌 것 같아요.백악관에서 계속 공화당에 반대하고 있는 의원을 설득하는 작업을 계속 해나가고 있다고 합니다. 빠르면 오늘 안에도 다시 한 번 표결이 있을 수도 있고 아니면 한두 주 걸릴 수도 있겠습니다만 감세를 하면서 관세로 이걸 메우겠다 이런 전략 아니었겠습니까?이 상황에서 지금 법안이 부결됐다. 이거는 어떤 의미라고 우리가 받아들여야 되나요?<이완수 그레너리투자자문 대표>일단 사실 이거죠. 안에서 수입을 줄이는 부분들이 많죠. 왜냐하면 세액을 개인이라든지 법인세액이나 했다든가 세액공제를 확단되든가 이런 부분들은 사실 수입을 줄이는 거고요.그럼 수입을 줄이는 만큼 다른 쪽에서 지출을 줄여줘야 되잖아요. 그런데 지출 줄이겠다는 게 지금 청정에너지, 세액공제, 폐지, 전기차 세액공제, 그다음에 메디케이드, 복지, 지출, 삭감 이런 부분들이거든요. 그런데 이게 충분히 사실 이 수입의 감소 부분을 메꾸지를 못해요. 이게 이제 첫 번째 문제고요.두 번째 문제는 메디케이트같이 사실 민주당 쪽에서 항상 일단 핵심적으로 다루는 부분들을 건드렸다는 거죠. 후보의 반발이 엄청 크더라고요. 이게 일단 반발이죠.그러니까 지금 보니까 표결 상황 보니까 민주당 표는 다 일단 부결이고요. 공화당에서도 아까 얘기했듯이 이걸 충분히 메꿔주지 못한다라고 지금 얘기가 나오고 있는 거거든요. 그렇다고 보면 지금 얘기 나오는 게 의회 예산심의국이 얘기한 게 뭐냐면 현재 만약에 방법대로 간다고 했을 경우에 연방정부의 부채가 향후 10년 동안 3조 3천억 달러가 더 증가한다. 지금 연방정부의 누적 부채가 36조 달러거든요. 그럼 10%가 더 증가한다는 거죠. 그렇다고 보면 지금 얘기 나오는 것은 뭐냐면 통과가 되든 부결이 되든 일단은 중요한 것은 이 방식대로 트럼프 행정부가 나갔을 경우에는 첫 번째가 인플레이션이 아닌지 이런 부분들 특히 연방정부의 부채 문제 이런 부분들이 결국 신용등급을 더 떨어뜨릴 수 있는 거고요. 이런 부분이 나올 수가 있고 두 번째는 앞으로 트럼프 행정부가 그럼 이 부족한 부분을 어떻게 메꿔낼지 원래는 관세 얘기가 했는데 관세 그중에 원오브 댐이거든요. 하나 있는데 관세가 일단 가장 큰 부분인데 이 부분이 일단 빠진다 그랬을 경우에는 그러면 다른 방법들을 제시를 해줘야 될 것 같아요.그렇다고 보면 저는 만약에 얘기가 또 나온다 그러면 다니면서 세일즈 얘기도 해야죠. 중동에서 세일즈 얘기가 나왔듯이 각국에 다니면서 또 압박을 좀 해야 될 거고 그다음에 이제 환율 문제도 또 자꾸 나올 것 같고 다양한 문제도 나올 것 같아요. 그래서 그런 문제를 감안한다면 쉽지는 않겠다. 그리고 다른 국가들도 관세 뿐만 아니라 다른 압박이 또 올 수 있겠다. 이렇게 지금 보여져야 될 것 같습니다.<앵커>미국의 6월 ADP 민간 고용이 2년 3개월 만에 처음으로 감소했다는 소식이 전해지고 있지 않습니까? 이제 시장이 주목하는 것은 오늘 밤에 나오는 고용보고서 이게 더 중요하다고 그러던데 이것마저 부진하게 나오면 미국 증시가 급락할 수 있다 JP모건에서 이런 분석을 내놨거든요. 이거 어떻게 보세요?<이완수 그레너리투자자문 대표>저는 반대로 보고 있습니다.<앵커>반대로요?<이완수 그레너리투자자문 대표>반대로 보고 있습니다. 증시가 더 좋아질 수 있습니다. 왜냐하면 이렇게 보시면 될 것 같아요.지난주에 유럽중앙은행에서 우리 파월 의장이 참석을 해서 발언을 했는데 뭐라고 했냐면트럼프 관세만 없었으면 벌써 금리를 수차례 내렸다. 그래서 앞으로 향후에는 경기 지표의 방향에 따라서 결정을 하겠다고 얘기를 했어요.이게 갑자기 매파적으로 바뀐 거죠. 왜냐하면 하고 싶었는데 못했다는 거잖아요. 그런데 이제는 관세는 다 끝났고 쉽게 얘기해서 경기 지표가 어떻게 나왔다에 따라서 얘기가 되겠다. 그런데 이미 인플레이션은 분명히 충분히 다 둔화가 됐어요. 지난주에 하는 PCE라든지 근원 PC지수 보면 사실 2% 중반대로 계속 안정적으로 나오거든요. 그러면서 여태까지 파월 의장이 얘기했던 게 노동시장이 아직도 견고하다. 그 얘기를 계속했거든요.그런데 만약에 노동시장이 이번에 견고한 게 무너진다고 했을 경우에는 저는 파월 의장의 금리 인하 속도가 더 빨라질 수 있다. 예를 들면 지금 패드워치가 보는 7월 30일 날 FOMC에서 기준금리인할 가능성이 약 2주 전만 해도 거의 2% 정도 나왔었어요. 지금 28%까지 올라갔어요.제가 봤을 때는 아마 2주 내에 50%까지도 올라갈 수 있을 것 같아요. 그렇다고 보면 이번에 나온 고용지표, 인플레이션지표라든지 경제성장지표는 다 나왔어요. 확인을 해줬고요. 그렇다고 보면 점도표 3.9%라고 생각했을 경우에는 저는 빠르면 7월에도 FMC 기준금리가 가능할 수 있기 때문에 시장은 이걸 더 호재로 받아들일 수 있지 않겠나 이렇게 보고 있습니다.<앵커>지금 이런 미국의 법안의 부결 이런 이슈와 방금 말씀하신 미국의 경기 상황 이런 걸 전반적으로 고려하셨을 때 달러 지수는 지금 3년 5개월 만에 최저 수준이지 않습니까? 마지막으로 이것만 좀 여쭤봐야 될 것 같아요. 미국의 이런 변화가 한국의 투심에는 어떤 영향을 주는 상황입니까?<이완수 그레너리투자자문 대표>일단 사실 한국에 대한 투심은 환율보다는 매크로 환경을 먼저 외국인 투자가들이 확인을 했거든요. 신정부 들어섰자마자 바로 자금을 들어온 이유가 한국의 매크로상황이죠. 특히 신정부가 추구하는 재정 확대 정책이라든지 아니면 통화 완화 정책 이런 부분들이 먼저 사실 투자자들에게 다가간 거고요. 그다음에 추가적으로 환율이 안정화가 되기 때문에 이런 부분들을 확고하게 밀어주는 보조적인 역할을 좀 해주고 있거든요. 저는 어떤 분은 환율 때문에 외국인이 들어왔다기보다는 일단은 한국의 매크로 상황이 지금 변화되고 있는 것은 전 세계에서 미국 이외에는 중국이 1월 달부터 사실 바뀌었고요. 그다음에 한국이 바뀐 게 지금 6월 달부터입니다.그렇다면 이 두 개 지역에 사실 자금이 들어오기 시작한 거고요. 그다음에 여기서 환율 때문에 저는 추가적으로 안정적으로 특히 CDS 5년물 프리미엄 같은 경우가 27bp로 계속 안정화되고 있거든요. 이거에 따라 환율이 안정되고 있고 외국인 입장에서는 투자를 해야 되는데 환율까지 안정되네 그러면 투자할 수 있는 것을 조금 더 가속화시킬 수 있는 역할을 해주고 있다고 저는 이렇게 보고 있습니다.이근형기자 lgh04@wowtv.co.kr",https://www.hankyung.com/article/2025070365425,2025.07.03 15:31
"현대차, 미국서 2.7조 증발…""믿을 건 메타플랜트""","전기차 1대당 7500달러 미 세액 공제 종료
현대차그룹 미 전기차 판매량 40% 감소 추정
전기차 전용 공장 메타플랜트, 연산 50만대 목표
관세 타격 불구 인센티브 승부수...""정부 지원 필수""","영상 모듈 닫기




<앵커>미국의 대규모 감세법 여파로 현대자동차의 전기차 판매액이 2조 7천억 원 넘게 줄어들 것이라는 관측이 나왔습니다.자동차 관세로 가뜩이나 어려운 상황에서 하반기 실적에 적지 않은 악영향이 예상됩니다.산업부 배창학 기자 나와 있습니다.배 기자, 세액 공제가 종료되면 현대차와 기아는 어느 정도 피해를 입게 되는 겁니까?<기자>미국이 지난 4일 대규모 감세법을 시행하면서 오는 10월부로 전기차 세제 혜택이 전면 폐지됩니다.한국과 미국이 예외 조항으로 뒀던 리스와 렌터카용 전기차 세액 공제마저 사라지는 건데요.현대차그룹은 미국에서 판매하는 전기차 10대 중 4대를 리스로 공급하고 있습니다.예외 조항을 노리고 세액 공제 우회 수단으로 활용했는데 손실이 불가피해진 겁니다.미국의 경제 연구 기관에 따르면 세액 공제 종료 시 미 전기차 시장 전체 판매량은 지난해와 비교해 40% 가까이 줄 것으로 추산됩니다.이에 미 전기차 시장 점유율 3위인 현대차그룹도 직격탄을 맞을 가능성이 커졌습니다.
                    




                한국경제인협회도 보고서를 통해 현대차그룹의 미 전기차 판매량이 연간 약 46,000대나 감소할 것으로 추정했습니다.돈으로 환산하면 2조 7천억 원이 넘습니다.현대차그룹의 지난해 전기차 판매량과 판매액의 40%에 달하는 물량과 액수입니다.단순한 사업 축소를 넘어 3분의 1 넘게 떨어져 나갈 수 있는 겁니다.<앵커>관세 여파로 이미 막대한 비용을 내고 있는데요.세액 공제도 못 받게 되면 가격 경쟁력 측면에서도 문제가 발생하겠네요?<기자>현대차그룹은 도널드 트럼프 미 행정부가 지난 4월부터 부과 중인 자동차, 차 부품 대상의 25% 관세 부과로 고전하고 있습니다.특히 전기차의 경우 미 현지 시장 점유율 2위 자리를 3년 만에 내줬습니다.지난 상반기 기준 1위는 테슬라, 2위는 제너럴모터스, 현대차그룹은 3위로 전년 같은 기간 대비 점유율이 3%p 넘게 떨어졌습니다.이에 수익성에도 경고등이 켜졌습니다.현대차와 기아는 이번주 목요일(24일)과 금요일(25일) 각각 2분기 실적을 발표할 예정인데 관세 여파가 고스란히 반영된 첫 성적표입니다.
                    




                에프앤가이드에 따르면 현대차의 매출액은 전년 동기 대비 3.3% 늘어나지만 영업이익은 17.5% 줄고, 기아의 매출도 5.5% 증가, 영업익도 17.5% 감소한 것으로 보입니다.지난해와 올해 양사 합산 수익 차이는 1조 3천억 원으로 예상되는데, 대다수가 관세로 쓴 비용일 것이라는 게 전문가들의 분석입니다.현대차그룹을 포함한 우리나라 대미 자동차 수출 액수도 관세 시행 이후 4개월 연속 하락 중인 가운데 상반기 누적 수출액은 전년 동기비 16.5%나 줄었습니다.<앵커>당장 두 달만 지나면 구조적 위기에 처하게 될 텐데요.현대차그룹에 뾰족한 수가 있습니까?<기자>다소 시간이 걸리겠지만 미국의 전기차 전용 공장인 메타플랜트 아메리카(HMGMA)가 해법이 될 수 있습니다.현대차그룹이 80억 달러를 투자해 미 조지아주에 지은 메타플랜트는 지난 3월 준공식을 마치고 본격적으로 가동되고 있습니다.가동 초기 단계인 현 시점에서는 10만대를 만들고 있지만 인력이 충원되면 매년 30만 대를 제조할 수 있습니다.설비 증설을 통해 앞으로는 연간 생산 50만대로 확장될 예정입니다.메타플랜트는 자동화 공정 중심의 스마트 팩토리지만 조립 라인을 관리하고 시스템을 운영할 인원은 있어야 하는 구조입니다.지난해 미 현지 전기차 판매량이 12만 대 정도인 점을 감안하면 메타플랜트에서 미국에서 팔리는 전량을 소화할 수 있습니다.현대차그룹은 미 현지에서 현대차의 아이오닉 5, 6, 9, 코나 EV, 제네시스의 GV70과 G80 EV 모델, 기아의 EV6와 9, 니로 EV를 판매 중입니다.이 가운데 현대차의 코나 EV, 제네시스의 G80 EV, 기아의 니로 EV 등은 모두 수입되고 있어 차종 확대를 위해 속도를 내고 있습니다.현지 생산 차량에는 세액 공제와 같은 세제 혜택 제도가 유지됩니다.현지 생산 비중이 얼마나 커지는지 여부가 현대차그룹의 전동화 전환의 성패를 가를 수 있다는 겁니다.
                    




                실제로 삼성증권은 “완성차 업체 가운데 현대차그룹의 시장 대응력이 가장 높다”라며 “메타플랜트가 경쟁사와 차별화된 점”이라고 진단했습니다.<앵커>하지만 아직까지는 현지 생산보다 수입 비중이 더 높습니다.다른 경쟁사들도 가격 경쟁력에 발목이 잡혀 판매가를 올리고 있는데요.현대차그룹에서는 가격 인상 소식이 들리지 않고 있네요?<기자>현대차그룹은 도리어 차 값을 낮추고 있습니다.차종 할인과 무이자 할부라는 승부수를 띄운 건데요.현지 생산 비중이 높은 차량에 인센티브를 더해 시장을 주도하겠다는 구상으로 판매액보다 판매량에 무게를 둔 것으로 풀이됩니다.
                    




                DB금융투자는 ""현대차그룹이 올해 말까지 점유율 확장 전략을 펼칠 것“이라며 ”부품값을 올려 수익성을 만회할 것“이라고 내다봤습니다.다만 하반기에는 관세를 회피할 수 있는 재고도 소진된 데다 세제 혜택도 못 받아 실적 하락 폭이 더 깊어질 수 있다는 관측도 나옵니다.이에 업계 관계자들은 정부 차원의 재정 지원이 있어야 한다고 한목소리를 내고 있습니다.국회가 50조 원 규모의 ‘첨단 전략 산업 기금’을 설치하는 산업은행법 개정안과 기금 채권의 국가 보증 동의안을 신속히 처리해야 한다는 겁니다.
                    




                한국경제인협회 관계자는 ""불확실한 글로벌 환경 속 기업들의 생산 기반 안정화와 경쟁력 확보를 위해 정부가 종합적으로 지원해야 한다“라고 전했습니다.<앵커>산업부 배창학 기자였습니다.배창학기자 baechanghak@wowtv.co.kr",https://www.hankyung.com/article/2025072119545,2025.07.21 14:46
"""돈 못 번다"" 이제 옛말…개미들 뭉칫돈 몰리는 곳이 [노정동의 어쩌다 투자자]","[노정동의 어쩌다 투자자]

고배당 ETF, 배당소득 분리과세 분위기 타고 수익률 상승
""코스피 배당성향 25%…배당유인 가능성 커져""","사진=게티이미지

                최근 정부의 배당소득 분리과세 개정 움직임에 힘입어 배당에 초점을 맞춘 상장지수펀드(ETF)의 인기가 치솟고 있다. 그동안 국내 증시에선 안정적인 현금흐름을 얻을 수 있는 대신 수익률이 상대적으로 부진했던 배당주의 인기가 높지 않았지만 주주환원정책과 배당소득 분리과세가 추진된다는 사실만으로도 관련주(株) 주가가 크게 오르고 있기 때문이다.20일 한국거래소에 따르면 최근 일주일 개인 투자자들은 코스피 200에 투자하는 'KODEX 200'을 제외하곤 한화자산운용의 'PLUS 고배당' ETF를 가장 많이 사들였다. PLUS 고배당주는 국내 주식에 투자하는 배당 ETF 중 최대 규모 상품으로 '한국판 슈드(SCHD·미국 대표 고배당 ETF)'로 불린다. 미래 예상 배당수익률이 높은 상위 30개 기업을 선별해 투자한다. 절반 이상이 은행·보험·증권 업종이다. 주요 편입 종목에는 기아, 현대차, SK텔레콤 등 배당성향이 높은 대기업도 포함돼 있다. 새 정부 들어 수익률은 21.2%, 올 들어서는 45.7%에 달한다.'PLUS 고배당'에 이어 'KODEX 금융고배당TOP10타겟위클리커버드콜', TIGER 코리아배당다우존스, KODEX K방산TOP10, KODEX 증권, TIGER 은행고배당이 상위에 올랐다. KODEX 증권 역시 새 정부의 증시 활성화 정책에 대한 기대감에 관심을 받은 것으로 풀이된다. 때문에 방산을 제외하면 사실상 고배당 ETF에 대부분의 자금이 몰렸다.이 같은 흐름은 최근 상법 개정안 통과에 더해 배당소득 분리과세 제도 도입에 대한 움직임이 본격화한 영향으로 풀이된다. 새 정부가 세법개정안을 통해 배당소득을 분리과세할 계획이라는 전망에 힘이 실리고 있어서다.이소영 더불어민주당 의원이 발의한 개정안은 배당소득이 연 2000만원을 넘을 경우 배당소득세를 금융소득종합과세에 합산하지 않고 분리 과세하는 것을 골자로 한다. 세율은 연 2000만원 이상 3억원 이하의 경우 22.0%, 3억원 초과 시 27.5%다. 배당소득이 2000만원 이하라면 기존대로 15.4%를 적용받는다.현행 소득세법은 배당과 이자 같은 금융소득에 대해 연 2000만원까지 15.4% 세율로 원천징수하지만 2000만원 초과 시에는 종합과세 대상에 포함해 최고 49.5% 누진세율을 적용한다. 절반 가까이를 세금으로 낸다. 배당소득 분리과세가 통과되면 3억원을 초과하는 배당소득에 대한 세율이 최대 22%포인트가량 줄어든다.증권가에선 상법 개정안에 이어 배당소득 분리과세가 코스피 강세장의 또 다른 동력을 가져올 것으로 기대하는 분위기다. 배당소득 분리과세가 시행될 경우 기업들이 배당성향을 높일 유인이 생기기 때문이다.
                    



이재명 대통령이 지난달 11일 서울 영등포구 여의도 한국거래소(KRX)에서 불공정거래 근절을 위한 현장 간담회를 하고 있다. /사진=이재명 대통령 인스타그램

                최근 배당성향이 높은 종목을 중심으로 주가가 먼저 오르는 건 시장의 기대와 무관치 않다는 평가다. 한국거래소에 따르면 이달 들어 지난 15일까지 코스피지수는 4.7% 올랐는데 최근 5년간 배당을 하지 않은 종목들의 이 기간 상승률은 평균 2.4%로 코스피 상승률의 절반에 그쳤다.최근 5년 평균 배당성향이 35% 이상인 종목들은 주가가 6.2% 올랐고, 배당성향이 20~35% 사이인 종목들은 8.3% 올라 코스피 수익률을 뛰어넘었다. 이미 35%를 넘은 기업들보다 앞으로 배당성향을 35%로 올릴 수 있는 기업들에 대해 기대가 더 컸다는 의미다.김수연 한화투자증권 연구원은 ""한국의 최근 10년 12개월 주가수익비율(PER)는 10.3배로 전 세계 평균인 16.3배의 약 37% 멀티플(평가 배수) 할인이 있다""며 ""배당성향이 높아질수록 전세계 시장과의 괴리는 축소되는 경향이 있기 때문에 세제 개편안이 시행된다면 코스피의 상승 가능성은 더 높게 봐야 한다""고 분석했다.현재 발의된 법안상 투자자들이 분리과세 혜택을 받으려면 배당성향이 35%를 넘는 상장사를 매수해야 한다. 코스피에서 배당성향이 35%를 넘는 종목 비율은 실제 꾸준히 늘고 있다. 2000년대 14.5%, 2010년대 18.1%, 2020년대 20.6% 수준으로 우상향하고 있다.김 연구원은 ""올해 코스피 예상순익은 206조원 내외로 지난해 배당 50조원을 유지하면 배당성향은 25%""라며 ""이 때문에 배당소득 분리과세가 통과된다면 배당성향은 여기서 더 올라갈 가능성이 있다""고 내다봤다.노정동 한경닷컴 기자 dong2@hankyung.com",https://www.hankyung.com/article/2025071866926,2025.07.20 10:55
중국發 부양 시그널에 글로벌 투자심리 회복…리스크 온 전환 기대감,,"중국 정부가 경기 회복을 위한 강도 높은 부양 시그널을 연이어 내놓으면서 글로벌 투자심리에 온기가 돌고 있다. 7월 들어 발표된 일련의 경제지표들이 예상보다 부진한 모습을 보이자, 중국 국무원은 지난주 “민간소비 확대”와 “내수 인프라 투자”를 핵심 축으로 하는 경기 부양 패키지를 본격화하겠다고 밝혔다. 여기에 인민은행은 중소기업 유동성 지원을 위한 유동성 공급 확대 기조를 시사했다.이러한 흐름은 세계 2위 경제 대국의 회복 의지로 해석되며, 신흥국 전반의 리스크 프리미엄을 낮추는 요인으로 작용하고 있다. 특히 글로벌 교역 구조상 중국의 수요 회복은 아시아 전체 제조업 경기에도 긍정적인 파급효과를 기대할 수 있다. 실제로 주요 아시아 증시는 완만한 회복세를 보이며 외국인 매수세가 일부 유입되는 조짐을 보였다.




 

다만 일각에서는 중국의 부양책 효과가 제한적일 수 있다는 우려도 제기된다. 부동산 시장 침체와 청년 실업률 상승 등 구조적 문제가 누적된 가운데, 단기적 재정 지출이 실질 수요로 이어지기엔 불확실성이 여전하다는 지적이다. 또 글로벌 경기 둔화 흐름이 병행되는 상황에서 중국의 단독 반등이 전체 시장을 견인하긴 어렵다는 회의론도 있다.그럼에도 불구하고, 중국 정부의 적극적인 정책 모멘텀은 향후 위험자산 선호 회복에 중요한 변곡점이 될 수 있다는 기대가 커지고 있다. 특히 미국 연준의 금리 인하 가능성과 맞물려, 글로벌 유동성 환경이 전환된다면 이는 국내 증시에도 중기적 긍정 요인으로 작용할 수 있다.투자자들은 중국의 정책 효과와 글로벌 통화정책 흐름을 병행해서 주시해야 할 시점이다. 리스크 온으로의 전환은 아직 초기 국면이지만, 정책 의지가 시장의 방향을 바꾸는 핵심 촉매가 될 수 있음을 보여주는 흐름이다.더즌, 국일제지, 리가켐바이오, 카카오, 원익홀딩스무료상담",https://www.hankyung.com/article/202507223309a,2025.07.22 09:33
"'iM금융지주' 52주 신고가 경신, 전일 기관 대량 순매수",,"◆ 주체별 매매동향- 전일 기관 대량 순매수지난 한달을 기준으로 보면 외국인이 107.7만주를 순매수한 반면, 기관은 23.7만주를 순매도했고, 개인들도 76.7만주를 순매도한 것으로 집계됐다. 같은 기간 이 종목의 거래 비중은 외국인과 기관이 각각 43.4%, 28.9%로 비중이 높다.한편 기관은 이 종목에 대해서 최근 8일 연속 103.7만주 순매수를 하고 있다. 더욱이 전일 기관이 대량 순매수를 하고 있어 투자자들의 관심이 집중되고 있다.[그래프]iM금융지주 외국인/기관 매매동향











◆ 최근 애널리스트 분석의견- 2Q25 Preview: '비상(飛上)'의 시간 - 상상인증권, BUY(신규)07월 03일 상상인증권의 김현수 애널리스트는 iM금융지주에 대해 ""2분기 실적은 컨센서스를 소폭 상회할 전망. 실적 반등 가시화, RWA 대비 수익성 우수. 커버리지 내 가장 저평가된 은행지주, 주주환원 상향 여지: 현재 PBR to RoRWA는 0.34배로 커버리지 내 가장 저평가된 수준이다. 상반기 400억원 규모 자사주 매입·소각을 완료했으며, 하반기 300억원 추가 매입 시연간 총주주환원율은 목표치인 40%에 도달할 것으로 예상된다. 이에 따라 주주환원 목표 상향 가능성도 열려 있다.""이라고 분석하며, 투자의견 'BUY(신규)', 목표주가 '20,000원'을 제시했다.한경로보뉴스이 기사는 한국경제신문과 금융 AI 전문기업 씽크풀이 공동 개발한 기사 자동생성 알고리즘에 의해 실시간으로 작성된 것입니다.",https://www.hankyung.com/article/202507048912L,2025.07.04 15:36
"IBK기업은행, 해군 창설 80주년 기념 특화카드 개발 등 상호협력을 위한 업무협약 체결","- 해군‧해병대 간부, 군무원 및 배우자 대상 특화카드

- 군 간부의 주요 생활영역 및 선호서비스를 고려한 맞춤형 혜택제공","IBK기업은행(은행장 김성태)은 23일 계룡대 해군본부에서 해군‧해병대 간부의 복지 증진을 위한 특화 카드(Blue Ocean navy&marine Card, ‘BOC(福)카드’)개발을 위한 업무협약을 체결했다고 밝혔다.‘BOC(福)카드’는 해군·해병대 간부, 군무원 및 배우자를 대상으로 국가를 위해 헌신하는 해군 간부의 복지증진 및 자긍심 고취를 위해 기획됐다.상품 혜택영역은 군 간부의 주요 생활영역 및 선호서비스를 반영할 예정이며 진해·동해 등 해군·해병대의 주요 주둔지역 내 음식점 결제시 추가 할인 혜택을 제공하여 군 간부 복지와 지역상생에도 힘쓸 예정이다.김성태 은행장은 “국가방위를 위한 군의 노고에 보답하고 군복지 증진에 보탬이 되도록 금융의 영역에서 지속적으로 최선을 다하겠다”고 밝혔다.",https://www.hankyung.com/article/202507237167P,2025.07.23 15:12
"""카카오페이, 오프라인 결제자 月1000만명 달성하겠다""","박정호 카카오페이 CPO 인터뷰

오프라인 월간 결제 500만명 돌파
소비자·결제처·혜택 확대 전략 강화

""닫힌화면 결제 위젯 작동 추진
연내 동네밥집 할인쿠폰 제공 완성

카톡 선물하기 교환권도
카카오페이 앱 결체장에 담을 것

모든 혜택 한 곳에 모아 결제 순간
가장 먼저 떠오르는 앱 거듭날 것""","박정호 카카오페이 CPO가 지난달 한국경제신문과의 인터뷰에서 카카오페이의 오프라인 결제 사업 전략에 대해 설명하고 있다. 카카오페이 제공

                카카오페이의 오프라인 결제 기능을 사용한 소비자가 지난 5월 월간 500만명을 돌파했다. 그동안 삼성월렛처럼 디바이스(기기) 기반의 간편결제 서비스사의 오프라인 결제 사용자가 월간 500만명을 넘은 적은 있었다. 하지만 플랫폼 기반의 간편결제 핀테크 중에서 온라인도 아닌 오프라인 결제자를 월간 500만명 넘게 확보한 곳은 카카오페이가 유일하다.▶본지 7월 4일자 A23면 참조비결이 무엇일까. 소비자가 결제 단말기 앞에 섰을 때 실물 신용카드가 아닌, 삼성월렛이나 애플패이도 아닌, 다른 간편결제 경쟁사도 아닌 카카오페이 앱을 작동하게 이끈 비결이 궁금했다. 답을 얻기 위해 지난 6월 카카오페이의 오프라인비즈그룹장(부사장)으로 일하고 있는 박정호 최고제품책임자(CPO)를 만났다.판교에 있는 카카오페이 본사에서 만난 박 CPO는 ""소비자와 결제처(가맹점)가 모두 카카오페이를 이용할 수밖에 없는 혜택을 제공한 것이 500만명 달성 비결""이라며 ""앞으로 혜택을 더욱 강화해 카카오페이의 월간 오프라인 결제 서비스 사용자를 2027년까지 1000만명으로 늘리겠다""고 말했다.▷월간 오프라인 결제 사용자를 500만명 확보했습니다. 비결이 무엇입니까.""크게 세 가지 축이 있습니다. 우선 카카오페이 앱을 열어 결제를 하려고 하는 유저(소비자)를 확대하고, 둘째로 결제를 할 수 있는 결제처(가맹점)를 늘리고, 유저와 결제처를 잇는 혜택을 확대하는 것이 셋째입니다. 이 세 가지 축이 서로 선순환을 일으키면서 오프라인 결제 사용자가 크게 늘었습니다.""▷우선 첫째 축인 '유저'를 어떻게 확대했나요.""카카오페이는 기존에 온라인 금융 환경에서 강점을 갖고 있었습니다. 친구끼리 이제 은행 앱이 아니라 카카오톡 앱을 열어 카카오페이 송금을 하는 것이 일상화됐잖아요. 이렇게 온라인에서 활발히 카카오페이를 이용하는 유저들이 오프라인 결제를 많이 할 수 있도록 이끌기 위해선 카카오페이의 오프라인 결제 기능을 잘 '발견'할 수 있는 환경을 조성하는 것이 중요하다고 봤습니다. 이에 접근성을 최대한 높이기 위해 힘썼습니다.""▷어떤 측면에서 카카오페이의 접근성이 경쟁사보다 높나요.""카카오페이의 결제 기능은 카카오페이 앱을 따로 설치하지 않아도 쓸 수 있습니다. 전 국민이 이미 쓰고 있는 카카오톡 앱을 열기만 하면 더보기 창을 눌러서 결제창을 열 수 있죠. 특정 앱을 깔아야 하는 다른 간편결제 서비스보다 카카오페이의 접근성이 높은 것입니다. 이렇게 유저들이 편하게 오프라인 결제 기능을 쓸 수 있는 채널을 제공하면서 유저 풀을 확보했습니다.""▷사례를 들어줄 수 있으신가요.""지난 5월 30일부터 6월 1일까지 3일 동안 올림픽공원에서 서울재즈페스티벌(서재페)이 열린 것 아시나요. 음악 좋아하는 분들 사이에선 유명한 행사인데, 카카오페이는 서재페의 단독 결제 파트너사였습니다. 쉽게 말해 서재페 행사장 안에서 맥주를 사서 마시거나 티켓을 구매하는 등 모든 오프라인 결제는 카카오페이를 사용해야만 가능했습니다. 3일간 서재페 현장에서 모두 2만7000명이 오프라인 결제를 했는데, 그 중 카카오페이을 처음 이용한 고객이 3300명이었습니다. 저희가 3300명을 대상으로 따로 카카오페이 앱을 일일이 깔아드린 것도 아닌데, 아무런 문제 없이 결제가 이뤄졌다는 것이죠. 그 정도로 저희는 소비자에게 높은 접근성과 편리함을 제공합니다.""
                    



박정호 카카오페이 CPO가 지난달 한국경제신문과의 인터뷰에서 카카오페이의 오프라인 결제 사업 전략에 대해 설명하고 있다. 카카오페이 제공

▷카카오톡 앱으로 사용할 수 있으니 편리하긴 하군요.""하지만 아무리 유저를 많이 끌어모아도 유저가 카카오페이를 쓸 수 있는 결제처가 서재페 한 곳밖에 없다면 아무런 의미가 없습니다. 두 번째 축인 결제처를 많이 모으는 것도 중요한 일이죠. 저희가 2018년부터 결제처를 모으기 위한 노력을 많이 펼쳤습니다. 카카오페이의 결제처 확장 전략의 특징이라면 '한땀한땀' 이랄까요. 저희는 이미 많은 오프라인 가맹점을 보유하고 있는 카드사와 제휴하는 것처럼 쉽고 빠른 방법으로 결제처를 늘리지 않았습니다. 느리더라도 장기적으로 멀리 가기 위해선 결제처를 직접 확보해야 한다고 생각했죠. 그렇게 한땀한땀 결제처를 확보해 지금 약 400여개 대형 프랜차이즈를 결제처로 확보했고, 소상공인 매장을 포함해 작년 3분기 말 총 113만개의 결제처를 확보하게 됐습니다.""▷한땀한땀 전략은 계속되고 있나요.""작년부터 전략을 수정했습니다. 소상공인을 포함해 어느 정도 결제처를 늘렸으니 이제 속도가 중요하다는 판단을 했죠. 그래서 작년에 삼성페이(삼성월렛), 제로페이와 각각 제휴해 결제처를 늘렸습니다. 제휴를 통해 삼성페이가 갖고 있는 300만 결제처, 제로페이가 가능한 110만 결제처에서도 카카오페이로 오프라인 결제가 가능해졌습니다.""▷처음엔 왜 굳이 한땀한땀 전략을 펼쳤나요.""저희가 직접 결제처를 확보하지 않고 제휴를 통해 처음부터 빠른 성장을 추구했다면 결제 현장에서의 문제를 카카오페이가 기술로 해결해주는 가치를 창출하지 못했을 겁니다. 외부 제휴로 오프라인 결제가 이뤄지면 어느 상점에서 얼마의 매출이 발생했다는 통계를 확보하는 수준에 그쳤겠죠.""▷현장에서의 어떤 문제를 해결했나요.""기자님 PC방 최근에 가본 적 있으신가요. 요즘 PC방에선 카카오페이 오프라인 결제가 정말 보편화됐어요. 저희가 PC방에서 발생하는 큰 불편을 해결했기 때문이죠. 5년 전까지만 해도 PC방에서 게임하면서 라면이라도 한 그릇 시키려 하면 직접 카운터에 가서 결제를 해야 했습니다. 컴퓨터 이용시간을 추가하려 해도 한참 게임이 진행 중인 상황에서 카운터로 직접 가서 결제를 해야 했죠. 결제 단말기를 컴퓨터가 있는 자리마다 따로 설치할 수는 없는 노릇이었으니까요.저희는 이렇게 게임 이용자도 불편하고 아르바이트생도 불편한 구조를 '다이내믹QR(DQR)'이란 기술로 풀었습니다. 컴퓨터 화면에 결제 정보가 담긴 QR코드를 매번 새롭게 띄워주는 DQR 기술을 이용해 앉은 자리에서 결제할 수 있도록 했죠. PC방 소비자는 게임을 끊기지 않게 할 수 있어 편하고, 결제처도 아르바이트생의 업무 부담을 크게 줄이니 일석이조 효과죠. 저희가 2021년 DQR 관련 기술로 특허를 내고 PC방에 적극적으로 알린 덕에 지금은 전국 대부분의 PC방을 카카오페이 가맹점으로 확보했습니다. 만약 한땀한땀 전략을 취하지 않았다면 이렇게 현장의 어려움을 풀기 위한 노력을 펼치기 어려웠을 것입니다.""
                    



PC방에서 카카오페이 앱을 활용해 앉은 자리에서 음식을 주문하는 모습. 카카오페이 홈페이지 캡처.

▷세 번째 축인 '혜택'은 어떻게 제공했나요.""오프라인 결제 현장에서 고객이 카카오페이 앱을 열게 하기 위해선 소비자가 받을 수 있는 모든 혜택을 전부 한 곳에 모아서 결국 유저가 쓰기 편리한 구조를 만들어야 한다고 생각했습니다. 사실 많은 사람들이 이미 신용카드를 쓰면서 결제 혜택을 받고 있잖아요. 이미 혜택을 받고 있는데 굳이 카카오페이 앱을 열게 만들기 위해선 카카오페이에 신용카드를 등록하고 써도 동일한 혜택을 받을 수 있도록 하는 것은 물론, 저희 회사가 직접 줄 수 있는 회원제 혜택과 결제처가 제공하는 혜택을 한 곳에 모아야 합니다. 결국 '카카오페이를 열면 언제든 가장 적합하고 좋은 혜택을 받을 수 있다'는 인식을 유저에게 심어주기 위해 노력하고 있습니다.""▷'꼬.꼬.페'와 '굿딜'로 제공하는 할인도 혜택 극대화 전략인가요.""그렇습니다. '꼬리에 꼬리를 무는 페스티벌'의 약자인 '꼬.꼬.페'는 일자별 릴레이 방식의 할인 혜택 제공 프로그램인데요, 카카오페이 앱을 열면 언제나 혜택이 있다는 점을 알리기 위해 기획했습니다. 사실 꼬.꼬.페 이벤트를 올해 펼치기 이전에도 매달 30~40개 결제처에서 할인 프로모션을 제공하고 있었습니다. 그런데 이런 좋은 할인 혜택을 어떻게 소비자에게 알릴 것이냐의 문제가 있었습니다. 그래서 꼬.꼬.페는 기존 결제 혜택을 잘 묶어서 릴레이 이벤트로 제공한다고 보시면 되겠습니다.""▷굿딜은 좀 다른가요.""올해 3월 론칭한 굿딜은 소비자가 제휴 브랜드 매장에서 결제할 때 상품권이 자동 발행돼 적용되도록 구현한 서비스입니다. 단순한 할인 이벤트가 아니라 상품권을 앱에 담아야 하는 작업이기 때문에 '꼬.꼬.페'보다는 시스템 안정화 등 서비스 구현에 시간이 좀 오래 걸렸어요. 작년부터 준비를 해서 올해 3월에야 오픈을 했네요.""▷꼬.꼬.페와 굿딜의 할인폭이 워낙 크다 보니 손해를 감수한 일시적 프로모션 아니냐는 시각도 있습니다.""전혀 그렇지 않습니다. 카카오페이가 할인 비용의 일부를 부담하는 경우도 있지만, 결제처가 100% 비용을 부담하는 할인 혜택도 많습니다. 저희는 할인 혜택이 카카오페이 앱을 통해서 잘 발견될 수 있는 노력을 펼쳐서 결제처와 카카오페이 모두에 이득이 되는 방향으로 프로모션을 펼치는 것이죠. 현재 꼬.꼬.페나 굿딜의 할인 혜택으로 인해 역마진이 나는 상황은 절대 아니란 점을 분명히 말씀드릴 수 있습니다. 카카오페이가 제공하는 혜택은 결코 일회적 프로모션이 아닙니다.""▷역마진이 아니라도 이익이 많이 나지도 않을 텐데, 왜 이렇게 할인을 많이 해주나요.""카카오페이는 플랫폼 회사입니다. 소비자 1명이 카카오페이의 오프라인 결제로 만족하면 오프라인 결제뿐만 아니라 대출비교 서비스를 이용할 수도 있고, 증권 서비스를 이용할 가능성도 높아지죠. 당연히 오프라인 결제로 돈을 벌지만, 그것보다는 카카오페이 앱에 만족한 유저들이 카카오페이의 다양한 금융 서비스를 교차 이용하는 것이 플랫폼 회사로서 더 바람직한 성과라고 생각합니다.""▷오프라인 결제 시장에서 카카오페이의 목표는 무엇입니까.""현재 월 500만명 수준의 오프라인 결제 사용자를 2027년 말까지 1000만명으로 늘리는 것이 목표입니다. 앞서 말씀드렸듯이 카카오페이는 플랫폼 기업이기 때문에 결제액 규모를 키우는 것보다 결제자 수를 늘리는 것에 관심이 많습니다. 1명의 유저가 1000만원을 쓰는 것보다 1만명의 유저가 1000원씩 카카오페이로 오프라인 결제를 하는 생태계를 지향합니다.""
                    



한경DB

▷목표 달성을 위해 무엇을 준비 중입니까.""아까 말씀드렸듯이 세 가지 축에서 또 설명이 가능합니다. 우선 유저를 더 많이 확보해야 하는데요, 카카오페이는 50대 이상을 뜻하는 '액티브 시니어'를 많이 확보하기 위해 노력할 것입니다. 현재 카카오페이의 코어 유저층은 2030 세대입니다. 하지만 아직 50대는 실물 신용카드로 결제하는 것이 익숙한 세대에요. 이분들이 결제 순간에 어떻게 카카오페이 앱을 열게 할지 고민하고 있습니다. 작년엔 '큰글씨 홈' 서비스를 도입해 고령자가 원하면 화면에 나오는 글씨 크기를 키울 수 있게 됐는데, 앞으로 추가적으로 사용자인터페이스(UI)와 사용자경험(UX)을 고도화할 계획입니다. ""▷청년층의 사용을 유지하는 것도 중요할 텐데요.""그렇습니다. 청년층이 아무리 카카오페이를 많이 써도 지난달에 사용하고 이번달엔 쓰지 않는 비중이 높으면 의미가 없습니다. 계속 카카오페이로 오프라인 결제를 많이 할 유인을 줘야 합니다. 이를 위해선 카카오톡에서의 결제 기능보다 카카오페이 앱을 통한 결제를 많이 유도해야겠다는 생각을 합니다. 내부 데이터 분석 결과, 카카오톡 앱에서 카카오페이 결제를 하는 유저보다 카카오페이 앱을 직접 열어 결제를 하는 소비자가 훨씬 자주 카카오페이 결제 기능을 이용하더라고요.""▷카톡이 아닌 카카오페이 앱 사용을 늘리기 위한 구체적 방법이 있나요.""오프라인 결제 접근성을 좋게 하기 위한 몇 가지 방법이 있습니다. 대표적으로 위젯입니다. 기존엔 불가능했는데, 이제 제조사들이 허용해줘서 스마트폰이 꺼진 상태에서 카카오페이 결제 위젯을 열 수 있게 됐습니다. 이렇게 화면이 꺼진 상태에서 카카오페이 결제창으로 편리하게 넘어갈 수 있다면 2030세대는 물론 50대 이상까지 많은 유저들이 카카오페이 오프라인 결제 기능을 꾸준히 이용할 것이라고 생각합니다.""▷결제처를 더 확대하는 전략은 무엇입니까.""대형 프랜차이즈와의 협업은 굉장히 잘 이뤄지고 있습니다. 지금부터 중요한 것은 롱테일 결제처, 즉 동네 소상공인 사장님들을 확보하는 일입니다. 앞서 저희가 PC방의 문제를 풀었던 것처럼 자영업자 분들이 현장에서 느끼는 현장의 문제를 저희가 풀어야 한다고 생각합니다.""▷자영업자의 어떤 문제를 푼다는 겁니까.""대형 프랜차이즈와 다르게 동네 자영업자의 가장 큰 문제는 '모객'이에요. 지금은 많은 소상공인이 가게를 차려두고 손님이 와주기를 하염없이 기다리고 있으시잖아요. 저희는 동네 소규모 식당 사장님들이 기존 고객을 단골화하고, 잠재고객의 모객을 도와드리는 방법을 찾고 있습니다. 바로 할인 쿠폰을 사장님들이 직접 발행하고, 카카오페이는 이렇게 발행된 동네밥집 할인쿠폰을 소비자가 카카오페이 앱에서 직접 다운받고 쓸 수 있도록 할 겁니다.""▷동네 김치찌개 집에서 쓸 수 있는 할인 쿠폰을 만든다는 말씀이네요.""맞습니다. 카카오페이는 국내 최대 마이데이터 사업자로서 굉장히 큰 유저 풀을 확보하고 있어요. 이걸 바탕으로 롱테일 매장을 개인 맞춤형으로 추천하고, 위치 기반으로 동네밥집 할인 쿠폰을 제공할 수 있다고 보고 있습니다.""▷마지막으로 혜택을 더 강화할 전략은 무엇입니까.""카카오페이가 직접 제공하는 혜택뿐만 아니라 제휴사가 제공하는 혜택을 잘 발견하는 환경을 만드는 것이 중요하다고 생각합니다. 유저가 느끼는 혜택은 카카오페이와 같은 간편결제사가 직접 제공하는 혜택 말고도 카드사 혜택이나 커피숍의 적립 쿠폰 등 종류가 많거든요. 장기적으로 유저가 결제 과정에서 누릴 수 있는 모든 혜택을 가장 잘 발견할 수 있는 앱으로 카카오페이를 만들 방법을 찾고 있습니다.""▷지금도 결제 혜택이 많은데, 추가적으로 구현하는 혜택의 사례가 있을까요.""예를 들어 카카오톡 선물하기 기능으로 커피 쿠폰 같은 교환권 많이 주고받잖아요. 그런데 이런 모바일 교환권을 받아놓고 정작 사용하려 할 때 까먹거나 불편해서 쓰지 못하는 경우도 많아요. 카카오페이는 카카오톡 선물하기 기능으로 받은 교환권을 카카오페이 앱의 결제창에서 바로 보여주는 기능을 연내 도입하려 합니다.그동안 카카오페이 앱에서 쓸 수 없었던 지역화폐도 결제 혜택이 분명히 있는 만큼 카카오페이 앱으로 사용할 수 있도록 하는 방법을 찾고 있습니다. 지난달부터 경기지역화폐 선불충전카드를 카카오페이 앱에 쓸 수 있도록 구현한 것도 이런 전략의 일환이었습니다.""정의진 기자 justjin@hankyung.com",https://www.hankyung.com/article/202507049122i,2025.07.07 09:00
"총인건비 넘었는데…기업銀, 200억 '추가 지급'한 까닭","통상임금 확대 후폭풍…공공기관 첫 예외 적용

밀린 수당 뒤늦게 준 기업銀
노조, 상여금 소송서 최종 승소 
시간외수당 등 소급분 지급받아
기재부가 정한 총인건비 넘게 돼
산은·수은도 임금인상 요구할듯

'공공기관 임금 기준' 흔들
2007년부터 상승률 제한해와
대법 통상임금 판결 후 논란 확산

李대통령, 당대표 시절 개선 의지
과도한 손질 땐 혈세 낭비 우려도","기업은행발(發) ‘총인건비 제도’ 논란이 뜨거운 감자로 떠올랐다. 14일 국책은행인 기업은행에서 2007년부터 모든 공공기관에 적용돼온 총인건비제를 벗어난 임금을 지급한 사례가 처음으로 등장하면서다. 기업은행이 속한 전국금융산업노동조합을 비롯해 전국민주노동조합총연맹, 한국노동조합총연맹 등 양대 노총이 나서 총인건비제 손질을 촉구하고 나섰다. 업계에선 이재명 대통령이 야당 대표 시절 총인건비제도 개선 의지를 드러낸 만큼 한껏 기대가 높아졌다. 하지만 일각에선 국민 세금으로 지급되는 공공기관 인건비 기준이 흔들리면 혼선이 빚어질 것이라는 우려의 목소리도 적지 않다.
                    






이미지 크게보기



 ◇첫 사례 등장에 공공기관 들썩기업은행은 이날 전 직원에게 작년 말 대법원의 통상임금 확대 판결에 따른 소급분(2024년 12월 19일~2025년 5월 말)을 일괄 지급했다. 기업은행 노조에 따르면 약 1만2000명의 직원에게 근속 연차, 시간 외 근무 시간 등에 따라 1인당 88만~282만원씩 지급했다. 총 200억원 규모다. 노조 측은 “노사 임단협 잠정 합의에 따라 소급분을 즉각 지급하기로 하고 지난 11일 이사회를 열어 통상임금 확대에 관한 보수 규정을 개정했다”며 “어떤 공공기관도 총인건비 기준을 벗어나 예외로 통상임금 확대분을 받은 곳은 없다”고 주장했다.총인건비제는 공공기관 보수를 기관별 인건비 총액 안에서 자율 집행하도록 하는 제도다. 기획재정부가 공공기관이 1년간 사용할 인건비를 사전에 정해주는 식이다. 기재부에 따르면 54개 중앙행정기관과 소속 기관(47개), 국립대학(39개) 등이 관련 제도를 적용받고 있다.2007년 정부가 ‘알뜰한 정부 운영’을 위해 도입했는데 해를 거듭할수록 인건비 상승률 제한 때문에 공공기관 직원과 민간기업 직원 간 임금 격차가 커졌다. 통상임금 확대 판결 이후에도 마찬가지였다. 통상임금을 바탕으로 계산하는 시간 외 수당, 휴일 수당이 줄줄이 올랐는데 할당된 총인건비를 초과할 수 없어서다. 이에 반발한 기업은행 노조는 작년 12월 사상 첫 단독 파업 카드를 꺼내 들었다. 총인건비제에 막혀 있는 시간 외 수당을 전액 현금으로 지급하라고 요구했다. 논란이 지속되자 금융당국이 나섰다. 금융위원회는 지난 10일 경영예산심의회를 열어 기업은행에 총인건비제 예외 적용을 허용하기로 했다. ◇노·정 협상 테이블 꾸려지나업계에선 총인건비제로 관리되던 공공기관 임금 기준을 놓고 논란이 점점 커질 것으로 내다봤다. 양대 노총 공동대책위원회는 최근 “대법원의 통상임금 판례가 바뀌었음에도 불구하고 공공기관은 총인건비제도를 적용받아 노사 관계 불안과 임금 체불 문제가 여전히 발생하고 있다”며 “노동조합과 기재부가 조속히 노·정(勞·政) 교섭을 정례화하고, 총인건비 모수 증액 등 논의를 시작해야 한다”고 목소리를 높였다.산업은행 수출입은행 예금보험공사 신용보증기금 주택금융공사 등 기업은행과 비슷한 금융 공공기관 노조도 “총인건비제로 시간 외 수당 지급에 어려움이 있다”며 제도 손질을 촉구하고 나섰다.공공기관 직원 사이에선 새 정부를 향한 기대가 상당하다. 이 대통령이 야당 시절 기업은행의 총인건비 논란을 두고 “지난번 철도노조(사태)도 보니 총인건비제 문제가 심각하더라”고 언급했다는 사실이 전해지면서다. 기재부는 대법원 판결 이후 총인건비제도 개선 요구가 쏟아지자 기관별 실태조사를 하고 있다. 정부 부처 안팎에선 총인건비 논의에 노조가 참여하는 노·정 협상 테이블이 마련될 가능성이 높다고 보고 있다. 다만 일각에선 국민 세금으로 지급되는 공공기관 임금 기준이 흔들리면 각종 혼선과 갈등이 초래될 수 있다는 비판도 제기된다.▶총액인건비 제도공공기관의 보수를 일정한 인건비 총액 내에서 기관이 자율적으로 집행 가능하도록 하는 제도. 기획재정부가 공공기관이 1년간 사용할 인건비를 사전에 정해주는 식이다. 54개 중앙행정기관과 소속 기관(47개), 국립대학(39개) 등이 관련 제도를 적용받고 있다.박재원 기자 wonderful@hankyung.com",https://www.hankyung.com/article/2025071475871,2025.07.14 17:37
"'나눠먹기'식 금융지원, 취약 자영업 살리려다 멀쩡한 업체 때렸다 [강진규의 데이터너머]",,"사진=연합뉴스

                생산성이 낮은 자영업자에게 대출 등 금융지원을 해준 결과 다른 자영업자의 매출이 감소했다는 한국은행 분석이 나왔다. 경쟁력을 잃은 업체에게도 '나눠먹기'식으로 지원해 경제 전체에 비효율을 초래했다는 지적이다.한은은 17일 광주 치평동 김대중컨벤션센터에서 '경제구조 변화와 지역경제의 대응'을 주제로 BOK지역경제 심포지엄을 열고 이같은 분석을 내놨다.  정민수 한은 지역조사팀장과 정희완 과장이 쓴 '유통플랫폼 성장이 지역 자영업에 미치는 영향 및 대응방향'보고서에서다.이들은 통계청 기업통계등록부를 통해 지난 2018~2023년 정부의 금융지원이 도소매업과 음식점업에 미친 영향을 분석했다. 정부의 금융지원은 전반적으로 자영업자의 경영에 도움이 된 것으로 나타났다. 정책자금 수혜기업은 지원 1년 후 매출이 8.8%, 고용이 1.2% 늘었고, 폐업확률은 1.6%포인트 감소했다.하지만 업체 특성과 지원금액에 따라 효과는 달랐다. 한은에 따르면 창업 초기, 소규모, 청년 기업에서 매출 개선 효과가 크게 나타난 반면, 나머지 업체는 폐업확률만 하락한 것으로 나타났다. 또 2000만원 미만의 소액 지원은 매출을 개선시키지 못했고, 폐업 방지 효과도 미미했다. 반대로 2000만원 이상 충분히 지원한 경우 효과가 컸다. 지원 기간을 늘리는 것은 영향이 없었다. 4년간 지원 받은 업체와 2년만에 지원이 종료된 업체를 비교한 결과 장기간 지원을 받는 것에 따른 긍정적인 효과는 발견되지 않았다.저생산성 업체에 대한 지원은 오히려 다른 업체의 성장을 방해하는 것으로 분석됐다. 3년간 매출이 역성장하고 노동생산성이 산업 하위 25%인 업체가 금융지원을 받아 저생산성 업체의 비중이 1%포인트 상승할 때 다른 자영업체 매출은 1.7% 감소했다. 정 팀장은 ""생산성이 낮은 업체가 점포와 직원 등 자원을 사용하면서 다른 업체의 생산비용이 높아졌다""며 ""자원 배분의 비효율로 다른 업체의 성장을 저해하는 부정적 외부효과가 발생했다""고 설명했다.한은은 이같은 점을 고려해 자영업자에 대한 금융지원을 선별적으로 할 것을 제안했다. 정 팀장은 ""창업초기, 청년층, 소규모 업체를 중심으로 지원 대상을 신중하게 선별하고, 충분한 규모를 지원해야한다""고 말했다. 그러면서 ""사회 안전망은 자영업자의 사업이 아닌 사람을 보호하는 것을 목표로 해야한다""며 ""실업보험 등 제도를 강화해야한다""고 말했다.이날 한은은 온라인유통플랫폼과 배달서비스업의 확대가 소매업과 음식점업에 미친 영향도 분석했다. 소매업은 온라인유통플랫폼이 성장하면서 수도권과 지방 간 양극화가 심화된 것으로 분석됐다. 지역내 온라인 소비 비중이 1%포인트 상승할 때 소매업 고용은 비수도권에서만 감소(1만명당 8.3명)했다. 자영업자들이 고용인원을 줄인 영향이다. 수도권에선 통신판매 등 무점포 소매업이 증가하면서 자영업자의 고용 감소분을 상쇄했다.같은 지역 내에선 대규모 업체와 소규모 업체의 격차가 벌어졌다. 매출성장률 격차가 수도권은 5.1%포인트, 비수도권은 7.2%포인트 확대됐다. 온라인유통플랫폼을 활용할 수 있는 업체는 버틴 반면 그렇지 못한 업체의 경영상황은 악화된 것으로 분석됐다.배달플랫폼은 음식점업 폐업으로 이어지고 있는 것으로 분석됐다. 온라인 배달 비중이 10%포인트 상승할 때 음식점 자영업자 수가 1만명당 3.4명 감소했다. 업종별로 보면 일식, 중식, 서양식은 성장했고, 주점, 한식, 비알코올 음료(카페 등)는 폐업이 증가했다. 하지만 전체 음식점업 고용은 오히려 증가했다. 배달플랫폼이 외식시장을 확대하는 가운데 경쟁에서 살아남은 업체가 고용인원을 늘렸기 때문이다.배달플랫폼 역시 지방에서 양극화를 더 확대하는 요인이었다. 대규모 음식점과 소규모 음식점의 매출 성장률 격차는 수도권에서 3.2%포인트, 비수도권에선 6.3%포인트 확대됐다. 비수도권 소규모 업체의 타격이 더 컸다.강진규 기자 josep@hankyung.com",https://www.hankyung.com/article/202507173484i,2025.07.17 14:00
한국에 이런 기업이 있었나? 7월 극비 재료주,,"한국에 이런 기업이 있었나? 필자도 놀란 이기업?!단도직입적으로 이 종목은 시장을 압도할 만한 강력한 재료와 폭발적인 실적 그리고 대대적인 큰손 매집까지 모든 조건이 갖춰진 단돈 3천원 후반대 대바닥 종목이란 점에서 필사적으로 물량부터 확보해두길 바란다.오늘 종목은 단지 상한가 한두방에 만족하라고 추천하는 종목이 절대 아니며, 소위 말하는 대박 수익을 노려볼 최고의 종목이라 자신한다.특히 세계 1위 기업과 독점계약을 체결하며 해외 기업들이 독식하던 시장에 국내 최초로 진입하는 쾌거까지 이뤄냈다.오늘 종목!! 한때 기업 존폐의 기로에 설 정도로 최악의 경영상황을 보냈으나 극적으로 위기를 탈출하며 단기간 경영 정상화에 성공했다.이로 인해 매출은 5조원을 돌파했고, 영업이익은 5천억에 육박하는 등 보고도 믿기 힘들 정도의 역대급 실적 폭증이 터져 나오고 있다.그럼에도 불구하고 현재 주가는 대규모 적자시절 주가의 1/10토막에 불과한 단돈 3천원대 후반 대바닥 자리에 머물고 있기 때문에 지금 당장 수백% 급등이 터져도 모자랄 판이다.더 이상 망설일 시간이 없다. 급등 전 최저점에서 잡을 수 있는 기회는 바로 지금 뿐임을 명심해야 한다.날아간 뒤 두고두고 후회하는 말고, 지금 당장 물량 확보에 총력을 기울이길 바란다.1800%↑ 폭발 신화! 상지건설에 견줄 이 종목을 아래 번호로 확인하실 수 있습니다.☏ 060 – 800 – 2220 → 1 번 선택 후 777번 (30초 당 2000원, 부가세 별도) [추천 핵심포인트]– 기업 존폐 위기에서 극적 탈출! 역대급 실적 폭증!– 세계 1위 독점계약 체결! 해외기업 독식시장 국내최초진입!– 현 주가 3천원 후반 대바닥 자리! 대박 수익 노릴 최고의 매수기회! [관련종목]#제일일렉트릭#칩스앤미디어#강원에너지#제주은행#이뮨온시아본 글은 투자 참고용으로 이를 근거로 한 투자 손실에 대해 책임을 지지 않습니다. 해당 홍보용 기사는 (주)한경닷컴과 무관합니다.무료상담",https://www.hankyung.com/article/202507158540a,2025.07.15 13:00
"좋은 고용, PMI＋감세도 통과…S&P, 7번째 기록 [김현석의 월스트리트나우]",,"영상 모듈 닫기









                강한 6월 고용보고서가 나오면서 뉴욕 증시가 또 다른 기록을 세웠습니다. 새로 14만7000개의 일자리가 생겼을 뿐 아니라, 실업률도 떨어졌습니다. 미 경제의 근간을 이루는 서비스업 구매관리자지수(PMI)도 제조업에 이어 올랐고요. S&P500 지수는 5거래일 만에 네 번째 최고 종가 기록을 세웠고, 올해 들어 7번째 최고 기록을 달성했습니다. 이를 축하라도 하듯 장 마감 뒤 하원은 트럼프 감세안(OBBBA)을 통과시켰습니다. 트럼프 대통령은 4일 하반기 경제를 지원할 이 법에 서명합니다. 투자자들은 독립기념일 연휴에 들어갔습니다. 연휴가 끝나면 9일 상호관세 유예 종료일이 다가옵니다. 트럼프 대통령은 4일께부터 상호관세율을 적은 ""편지를 보내겠다""라고 했습니다. 1. 탄탄한 고용…세부내용은 좀 불안아침 8시 30분 6월 고용보고서가 발표됐는데요. 월가 예상보다 좋게 나왔습니다. 6월 비농업 신규고용은 14만7000개 증가해서 월가 컨센서스(10만6000개)보다 훨씬 많았습니다. 그리고 4, 5월 지난 두 달 치 데이터도 1만6000개 상향 조정됐고요. 고용보고서는 신규 일자리를 조사하는 기업조사, 실업률을 조사하는 가계조사로 구성되는데요. 가계조사에서도 일자를 새로 얻은 사람이 9만3000명 증가한 것으로 나왔습니다. 이에 따라 실업률은 5월 4.2%에서 6월 4.1%로 떨어졌습니다. 소수점 둘째 자리까지 따지면 4.24%에서 4.12%로 내려왔습니다. 월가는 4.3%로 올라갈 것으로 예상했지요.
                    




                하지만 세부적으로 보면 노동 시장이 아주 강한 것은 아니었습니다. 고용이 늘어난 업종을 보면 정부(+7만3000개) 민간 교육/헬스케어(+5만1000개) 레저접객업(+2만 개) 등 세 개가 대부분을 차지했습니다. 트럼프 행정부가 육성 중인 제조업, 그리고 도매유통, 전문사업서비스 등 직종에서는 일자리가 감소한 것으로 나타났습니다. 고용이 정부 중심으로 늘다 보니 민간고용은 7만4000개 증가에 그쳤는데요. 5월 13만7000개보다 크게 줄어든 것이죠. 이는 허리케인 헬렌과 밀턴으로 수천 명이 실직한 이후인 2024년 10월 이후 최저이기도 합니다.
                    




                또 경제활동 참여율은 5월 62.4%에서 6월 62.3%로 감소했는데요. 2022년 12월 이후 최저입니다. 노동 시장을 떠나는 사람이 증가(13만 명)한 것도 실업률을 떨어뜨리는 요인이었던 것이죠. 모건스탠리는 ""이민법 집행 강화로 인해 경제활동 참여율이 둔화하는 현상이 나타나고 있다""라고 지적했습니다. 
                    




                둔화의 징후는 평균 시간당 임금과 근로 시간에서도 나타났습니다. 시간당 임금 상승률은 5월 0.4%에서 6월 0.2%로 둔화하였고, 전년 대비로는 3.8%에서 3.7%로 느려졌습니다. 주당 근로 시간은 5월 34.3시간에서 6월 34.2시간으로 감소하여 2월 이후 최저를 기록했습니다.
                    




                ▶BMO는 ""노동 시장은 4월 2일 관세 충격 이후 약 3개월이 지난 현재까지도 여전히 회복력을 보인다. 6월 보고서에는 미 중앙은행(Fed)이 7월 29~30일 연방공개시장위원회(FOMC)에서 금리를 내려야 할 만한 내용이 담겨 있지 않으며, 9월 인하 가능성도 소폭 낮아진다. 그렇지만 민간고용 둔화, 6월 ADP 지표 둔화, 최근 몇 주 실업급여 청구 증가는 향후 노동 시장이 더욱 둔화할 것을 시사한다""라고 분석했습니다.▶웰스파고는 ""6월 고용 데이터는 전반적으로 긍정적이었지만 세부 내용은 그다지 고무적이지 않았고, 전반적으로 노동 시장이 냉각되고 있다는 것을 시사했다. 오늘 지표를 보면 7월 FOMC 회의에서 금리 인하가 이루어질 가능성은 매우 낮다. 그러나 고용의 지속적 둔화로 9월 인하 가능성은 여전히 남아 있다. FOMC가 관세가 물가에 미치는 영향을 파악하기 위해 노력하는 만큼, 금리 인하 경로는 여름 인플레이션에 크게 좌우될 것이다. 15일에 발표될 6월 소비자물가(CPI)는 이런 측면에서 중요하다""라고 지적했습니다.▶페퍼스톤은 ""6월 고용보고서는 지속적인 경제적 불확실성에도 불구하고 노동 시장이 회복력을 유지하고 있다는 걸 보여준다. 이는 FOMC의 '기다려보자'라는 접근 방식을 강화한다. 노동 시장이 회복력을 유지하는 가운데 인플레이션이 억제된다면, 파월 의장은 8월 말 잭슨홀 심포지엄을 통해 완화적으로 선회한 후 9월, 12월에 금리를 내릴 가능성이 크다. 반면, 관세로 인한 인플레이션이 발생한다면, 12월에 단 한 번 인하할 가능성이 크다. 현재로서는 후자가 가장 유력한 시나리오""라고 주장했습니다.
                    




                ▶월스트리트저널(WSJ)의 닉 티미라오스 기자는 ""6월 고용보고서로 인해 Fed는 여름 동안 관망세를 유지할 가능성이 크다. 그들은 중요한 무역 및 이민 정책 변화가 기업의 가격 책정 및 채용 결정에 어떤 영향을 미치는지 불안하게 지켜보고 있다""라고 적었습니다.▶보스턴 연방은행의 라파엘 보스틱 총재는 고용보고서가 나온 뒤 ""광범위한 불확실성이 특징인 시기에는 통화 정책에 큰 변화를 줄 시점이 아니라고 생각한다. 특히, 여전히 회복력이 강한 거시경제 상황에서는 더욱 그렇다. 인내심을 가질 수 있는 여력이 있다""라고 밝혔습니다. 데이터가 발표되자 순식간에 2년물 국채 금리가 10bp 가까이 뛰는 등 금리가 크게 올랐고요. Fed의 올해 기준금리 인하 베팅도 크게 낮아졌습니다. 발표 전 65bp에 달하던 기준금리 인하 기대는 50bp 미만으로 내려왔습니다. 애초 노무라, 뱅크오브아메리카 등은 실업률이 4.5%까지 오르면 7월에도 금리를 내릴 수 있다고 했는데요. 다시 4.1%로 떨어지자 시카고 상품거래소의 7월 인하 베팅은 어제 24%에서 오늘 5% 미만으로 낮아졌습니다. 
                    




                같은 시간 별도로 발표된 실업수당 청구 데이터도 이전과 별 변동이 없었습니다. 주간(~28일) 신규 청구는 이전 주보다 4000건 감소한 23만3000건으로 집계됐고요. 2주 이상 신청한 지속 청구 건수(∼21일)는 196만4000건으로 직전 주와 같았습니다.  2. 서비스업도 개선무역 정책과 지정학의 급격한 변화에도 불구하고 미국 경제가 견실하다는 낙관론이 커지면서 아침 9시 30분 뉴욕 증시의 주요 지수는 0.2~0.6% 상승세로 출발했습니다. 경제가 괜찮다는 것은 오전 10시 발표된 미 공급관리협회(ISM)의 서비스업 PMI에서도 확인됐습니다. 서비스업 PMI는 5월보다 0.9포인트 상승하면서 50.8을 기록했습니다. 50 이상을 가리키는 확장 국면에 다시 진입한 것입니다. 세부 지수도 괜찮았습니다. 사업 활동 지수는 50.0→54.2로 증가했고, 신규주문은 46.4→51.3으로 크게 회복했습니다. 다만 지불가격은 68.7→67.5로 하락했지만, 여전히 높은 수준을 유지했고요. 고용은 50.7→47.2로 떨어지면서 위축 국면으로 전환했습니다. 
                    




                ISM의 스티븐 밀러 조사위원장은 ""6월 PMI는 환영할 만한 확장 국면으로의 회복을 보여주지만, 기업 응답자들은 저성장과 경제적 불확실성을 자주 언급했다. 이달 수치는 지난 3개월 평균과 같으며, 이는 이 기간 안정성과 소폭 확장 국면을 동시에 나타낸다""라고 분석했습니다. 기업 응답을 보면 한 농림업 기업은 ""관세로 인한 비용 증가와 관세 부과 가능성은 비용 상승에 영향을 미치고 있다""라고 했고, IT 기업은 ""경제 전반의 불확실성이 가격 상승을 계속 부추기고 있다""라고 밝혔습니다. 반면 도매유통 업체는 ""사업이 회복되고 있는 것 같다. 우려스러웠던 거시경제 요인들이 상당 부분 우리에게 유리하게 작용하고 있다""라고 했고, 기타 서비스 업체도 ""몇 달간 부진한 실적을 뒤로하고, 사업이 회복되기 시작했다""라고 답했습니다. 그동안 대부분 부정적이었던 기업 응답에 긍정적 부분들이 나오고 있는 것입니다. 
                    




                TD이코노믹스는 ""서비스업은 6월 확장 국면으로 회복해 경제 회복에 도움이 되고 있다. 서비스업 심리가 소폭 개선된 것은 기업들이 4월 관세 발표 충격을 극복하고 있기 때문인 것 같다. 최악의 우려가 당장 현실화하지 않아서다. 그래도 50.8은 지난 12개월 평균보다 낮아 서비스업 경기 둔화를 시사한다. 이러한 추세는 하반기에도 지속할 것으로 예상한다""라고 분석했습니다. PMI가 나온 뒤 주가는 상승 폭을 확대했습니다. 오름세는 폐장(오후 1시, 독립기념일로 조기 폐장) 때까지 이어졌습니다.
                    




                좋은 경제 데이터에 채권 금리가 뛰었지만, 주가 상승세를 막지는 못했습니다. 뉴욕 채권 시장에서 오후 2시 30분께 국채 10년물 수익률은 전날보다 5.5bp 오른 4.348%, 2년물은 9.7bp 상승한 3.886%를 기록했습니다.  3. 폭넓은 상승세결국, S&P500 지수는 0.83%, 나스닥 지수는 1.02% 상승세로 거래를 마쳤고요. 다우는 0.77% 올랐습니다. S&P 500과 나스닥 지수는 연휴로 단축된 이번 주 동안 세 번째 최고치를 경신했습니다. 
                    




                상승세는 전반적이었습니다. 11개 업종 가운데 보합세를 보인 소재(0%)만 제외하고 10개 업종이 모두 올랐습니다. IT(+1.29%) 금융(+1.08%) 산업(+0.82%) 업종의 상승 폭이 컸스비다.
                    




                상무부가 중국에 설계 소프트웨어 판매에 대한 수출 허가 요건을 해제하면서 케이던스 디자인은 5.1%, 시놉시스 4.9% 상승했습니다. 트럼프 행정부가 중국과 맺은 런던 협정을 실제 이행하려는 신호로써 긍정적으로 해석됐습니다. 데이터독은 S&P500 지수 편입이 결정되면서 14.92% 뛰었습니다. 9일부터 지수에 편입되는데요. 기관 자금 유입 증가, 유동성 증가 등 혜택이 예상됩니다.  4. 트럼프 감세안 통과…4일 서명시장이 마감한 뒤에도 호재가 이어졌습니다. 미 하원은 지난밤 트럼프 감세안을 놓고 전투를 벌였는데요. 공화당 내 재정 매파 5명이 절차 투표에 반대표를 던지면서 밤샘 설득 작업이 이뤄졌습니다. 트럼프 대통령은 새벽 1시께 소셜미디어에서 ""이건 공화당원들에게 쉬운 찬성 투표가 되어야 한다""라는 글을 올리기도 했죠. 결국, 반대했던 4명이 돌아서면서 새벽 3시 20분께 절차 투표가 끝났습니다.그리고 민주당 하킴 제프리스(뉴욕) 원내대표의 8시간 45분에 이르는 반대 연설을 한 뒤 최종 표결이 시작됐습니다. 그리고 오후 2시 20분께 찬성 218대 반대 214로 통과됐습니다. 공화당에서 소속 의원 220명 중 2명만 반대표를 던졌습니다. 
                    




                이에 따라 트럼프 대통령이 설정한 '독립기념일(7월 4일) 서명' 데드라인 사수에 성공했고요. 트럼프 대통령은 내일 서명할 것으로 알려졌습니다. 이 법안은 기본적으로 2017년 트럼프 감세를 연장한 것이지만, 새로운 감세를 추가하면서 2028년까지 집중적으로 돈을 쓰는 구조입니다. 단기적으로 경기 부양 효과가 나타날 것이란 뜻입니다. 또 골칫거리가 될 수 있는 부채한도를 5조 달러 증액해서 문제 소지를 없앴습니다. 스테노리서치의 안드레아스 라슨 설립자는 ""어떻게 보든, 이는 트럼프가 집권한 첫해를 위해 앞당겨진 대규모 확장적 재정 법안이다. 2028~2034년으로 맞춰놓은 지출 상한과 감세 폐지는 단지 겉치레에 불과할 가능성이 매우 크다. 다음 의회가 이를 존중할 가능성은 극히 낮다""라고 지적했습니다.
                    




                에버코어ISI는 ""이 예산안은 단기적으로 재정 부양 효과를 제공하지만, 헬스케어와 신재생에너지 부문, 그리고 재정 적자에 대한 장기적 영향은 면밀한 모니터링이 필요하다""라고 밝히면서 부분별 영향을 다음과 같이 분석했습니다.① 전반적 영향: 가계와 기업은 즉각적 감세 혜택을 보게 되며, 특히 기업의 경우 일부 소급 적용 덕분에 혜택이 더 클 전망이다. 다만, 관세와 학자금 대출·SNAP(저소득층 식품보조) 제도 변경은 소비 지출을 위축시킬 수 있다.② 국방 및 이민: 국방과 국경 보안에 대한 신규 지출은 단기적으로 방산 업체와 그 공급업체에 긍정적일 것이다. 그러나 추방 증가로 인해 일부 산업에서 노동 공급이 위축될 수 있다.③ 보건의료 및 신재생에너지: 이 법안은 관련 예산을 대폭 삭감하며, 이는 광범위한 경제적 파장을 불러올 수 있다.④ 재정 전망: 감세 규모가 지출 삭감보다 커서 GDP 대비 재정 적자가 7%를 넘을 가능성이 있다. 관세 수입은 이를 부분적으로만 상쇄할 것이다.⑤ 자본 집약적 기업: 연구개발(R&D) 비용에 대한 전액 비용처리와 장비에 대한 100% 보너스 감가상각이 많은 기업에 실질적인 세금 감면 효과를 줄 것이다.⑥ 소비자: 개인 소득세 감면이 2026년 봄 확대·연장되어 소비자에게 큰 혜택이 될 것이다. 그러나 메디케어 예산 삭감과 SNAP 근로 요건 강화는 소비 여건에 부담이 될 수 있다.⑦ 자동차 산업: 자동차 대출 이자에 대한 신규 공제가 도입되면서 구매력이 일부 개선될 수 있지만, 관세와 전기차 세액공제 종료는 도전 과제로 작용할 수 있다.하나 불안한 점이 있다면 국채 금리가 또다시 상승할 빌미가 될 수 있다는 것이죠. TD이코노믹스는 ""이 '성장 촉진제'는 심각한 재정 비용을 수반한다. GDP의 7%에 달하는 재정 적자는 과거 경기 침체 때만 발생했다. 이는 금융 시장에 경각심을 불러일으키지만, 투자자들은 관세 수입이 적자를 일부 상쇄할 수 있다는 점을 고려할 가능성이 크다. 의회예산처(CBO)는 관세가 향후 10년간 3조 달러에 약간 못 미치는 신규 세수를 창출할 것으로 추산했다. 그래도 재정 적자는 GDP의 약 6~6.5%에 달할 것이며, 이는 여전히 지속 가능하지 않다""라고 지적했습니다. 
                    




 5. 베트남 관세 20%는 예외? 어제 베트남과의 합의로 다른 무역 협정에 대한 기대감도 커지고 있습니다. 인도와의 합의는 거의 확실시되고 있으며 일부 국가가 추가될 수 있습니다.
                    




                그러나 베트남에 대한 관세율이 20%로 결정된 것은 약간의 불안감을 줍니다. 월가는 중국을 제외한 대부분 국가에 기본관세 10%만 적용될 것으로 추정해왔죠. 자동차 반도체 철강 등 미국이 자체 생산하려는 일부 품목에만 25% 이상의 관세가 적용되고요. 20%가 새로운 기준이 되면 미국 소비자들이 더 많은 관세 부담을 질 수 있고 이는 미국 경제와 경기와 물가에 부담이 될 수 있습니다. 뱅크오브아메리카의 세바스찬 라들러 전략가는 ""베트남 협정에서 우리가 배운 점은 관세가 지금보다 인하되지 않고 오히려 상승하리라는 것""이라고 말했습니다.월가 전반적으로는 여전히 실효 관세율이 15%를 넘지는 않을 것이라고 기대합니다. UBS는 다음과 같이 전망합니다.① 대미 무역흑자가 크거나 중국의 환적지 역할을 하는 국가에 대한 관세 위험이 커졌다=베트남과의 협정은 대미 무역흑자가 큰 국가, 그리고 중국 제품의 환적(transshipment) 허브 역할을 하는 국가가 더 높은 기준 관세 등에 직면할 수 있음을 보여준다. 모든 아시아 국가가 환적 위험에 포함되는 것은 아니다. 동북아시아(한국, 일본), 인도, 필리핀, 인도네시아, 싱가포르는 상대적으로 위험이 낮은 국가로 간주된다.② 15% 수준의 실질 관세율은 여전히 유력하다=베트남에 대한 높은 관세는 다른 협상에서 더 강경한 결과를 암시하는 듯 보일 수 있다. 하지만 우리는 이를 ‘모범 사례’로 보지 않는다. 베트남은 미국의 10대 교역 상대국 중 하나이지만, 다른 국가들보다는 중심적 위치는 아니다. 우리는 미국의 실질 관세율이 15%에 이를 것이라는 전망을 유지하며, 이는 대중국 관세 30~40% 전제를 포함한다. 주요 무역국인 멕시코와 캐나다는 별도 협상 트랙에 있으며, 10% 기준 관세나 '상호관세' 대상이 아니다. 두 나라는 국경 문제에서 진전을 보였고, 이들이 철강·알루미늄 쿼터 도입이나 중국산 물품 우회 수출 제한에 합의할 가능성이 크다고 본다. 전반적으로, 업종별 관세, 일부 예외, 덜 공격적인 양자 협정 등을 고려해 연말 실질 관세율이 15%에 이를 것이라는 우리 전망은 여전히 합리적이다.③ 더 많은 양자 협정이 나올 가능성이 크며, 이는 시장에 더 많은 명확성을 제공할 것이다=9일이 다가오는 가운데, 미 정부는 여러 국가와의 양자 협정 발표 및 '성실하게 협상 중인' 국가에 대한 유예 연장을 발표할 것으로 예상한다. 아울러, 협상력을 강화하기 위한 일부 강경한 양자 대응 조치도 나올 수 있다. 일본과 한국은 협상에 어려움이 있지만, 중단 조짐은 없으며 유예 연장을 받을 가능성이 있다. UBS는 ""결론적으로, 베트남 합의는 긍정적 진전으로 평가된다. 관세는 성장을 늦추고 일부 인플레이션을 유발할 수 있지만, 경제를 탈선시키거나 침체를 유발할 것이라고 보진 않는다. 앞으로도 불확실성은 이어질 수 있지만, 시장이 트럼프 협상 방식에 익숙해짐에 따라 영향은 점차 줄어들 것이다. 결국, 2026년 중간선거를 앞두고 트럼프 정부는 더 강경한 관세보다는 경제 안정에 우선순위를 둘 가능성이 크다""라고 전망했습니다.UBS 관측처럼 트럼프 대통령은 협상력 강화를 위해 막판까지 압박하면서 시장 변동성을 만들 수 있습니다. 트럼프 대통령은 오후 늦게 ""아마도 내일(4일)부터 일부 서한을 하루에 10개국씩 여러 나라에 보낼 것이다. 당신이 20%나 25% 또는 30% 관세를 내게 될 것 등의 내용을 담을 것이다. (영국, 베트남과의 무역 합의 외에) 두어건의 다른 합의가 있는데, 내 생각은 관세를 적은 서한을 발송하는 것이다. 그게 훨씬 쉽다""라고 위협했습니다.
                    




                스콧 베센트 재무장관은 이에 대해 다음과 같이 발언했습니다.▷모든 나라는 최선의 합의를 얻을 수 있다고 생각하는 마지막 순간까지 기다린다. 이들은 상호관세율이 4월 2일 책정한 수치로 되돌아갈 수 있으므로 조심해야 한다.▷대통령이 협상 중인 국가들을 어떻게 대할지 지켜볼 것이다. 그들이 '성실하게 협상하고 있다'라고 판단하는지가 관건이다. 제 생각에 약 100개국 정도는 최소 10%의 상호관세율만 적용받고, 그 외에는 상황에 따라 다를 것이다. 앞으로 며칠간 많은 움직임이 있을 것으로 보인다. ▷무역 상대국들이 결승선(합의)을 통과해야 할 시점에 공개적으로 기간을 더 연장하겠다고 말하지 않을 것이다.   6. 데이터 측면에서 가벼운 다음 주다음주는 상호관세 관련 움직임이 커질 9일 부근에 모든 관심이 쏠려 있습니다. 경제 데이터 측면에서는 조용한 편입니다. 8일(화) 중소자영업연맹(NFIB)의 6월 소기업 낙관지수, 10일(목) 주간 실업급여 청구 건수가 주시할만한 지표입니다. 
                    




                Fed는 9일(수) 6월 FOMC 회의록을 공개하는데요. 7월 금리 인하설을 주장한 크리스토퍼 월러 이사, 미셸 보먼 부의장의 발언과 동조하는 발언이 얼마나 나왔는지가 관심사입니다. 
                    




                재무부가 국채를 경매에 부칩니다. 8일(화) 3년물 580억 달러 9일(수) 10년물 390억 달러 10일(목) 30년물 220억 달러어치를 매각하게 됩니다. 찰스슈왑은 ""다음주 채권 경매 수요가 감소하면 수익률이 상승할 수 있다. 감세안 통과로 인한 재정 적자 증가에 대해서도 우려가 나올 수 있다""라고 지적했습니다. 
                    




                뉴욕=김현석 특파원 realist@hankyung.com",https://www.hankyung.com/article/202507047462i,2025.07.04 07:53
"CPI 낮으면 파월 해임?…JPM ""전술적 강세, 위험은 커졌다"" [김현석의 월스트리트나우]",,"영상 모듈 닫기









                트럼프 대통령의 관세 위협은 연일 수위를 높이고 있습니다. 하지만 뉴욕 증시의 오름세도 지속하고 있습니다. 주말 사이 유럽연합(EU)과 멕시코에 대해선 30%를 부과하기로 했고, 오늘은 우크라이나 공격을 지속하는 러시아 및 러시아와 무역하는 국가에 100%를 때리겠다고 발표했지만, 뉴욕 증시는 또 올랐습니다. 투자자들이 이런 높은 관세가 다 시행되지는 않으리라고 믿는 것이죠. 이런 상황은 계속 이어질까요? 그건 경제와 물가에 달려있을 수 있습니다. 관세가 인플레이션을 부추기고, 성장을 누른다는 게 경제 데이터에서 드러난다면 시장은 불안을 느낄 수 있습니다. 내일 발표될 6월 소비자물가(CPI)와 개막하는 2분기 어닝시즌이 중요한 이유입니다.   1. 관세 위협 가중…러시아 100% 때리지만 50일 유예트럼프 대통령은 주말 사이 EU와 멕시코에 대해서도 8월 1일부터 30% 관세를 부과하겠다는 서한을 보내는 등 관세 압박을 계속 높이고 있습니다. EU는 지난 4월 2일 해방의 날에 20% 관세를 부과받았었는데, 이게 더 높아졌습니다. 
                    




                스트레티가스의 댄 클리프튼 정책 분석가는 ""트럼프 대통령은 감세법(OBBBA)이 통과된 뒤 지난 10일간 주요 무역국에 줄줄이 더 높은 관세를 부과했다. 감세안 통과를 통해 어느 정도 여유가 생겼다고 판단해서다. 재정 정책으로 유동성을 확보했고, 주가는 사상 최고치를 기록하고 있다. 이런 상황에서 더 좋은 협상 조건을 끌어내기 위해 압박 수위를 높이고 있는 것이다. 미국과 EU의 협상은 타결까지 그렇게 멀지 않은 상황이다. 이런 압박을 통해 협상을 마무리하려는 시도인 것 같다""라고 분석했습니다. 에버코어ISI는 ""답답할 정도로 느린 협상 과정, 사상 최고를 달리는 뉴욕 증시, 최근의 입법 및 외교 정책 승리로 인한 신뢰 증가 등을 고려할 때 8월 1일까지 대통령이 더 공격적으로 행동할 의향이 있을 것으로 예상한다""라고 전망했습니다. EU와 멕시코도 일단 8월 1일까지 협상에 전념하겠다는 계획입니다. EU는 트럼프 편지를 받은 뒤에도 내일 발효될 예정이던 닭고기, 오토바이, 의류 등 연간 210억 유로 규모의 미국 수입품(210억 유로 규모)에 대한 관세 부과를 8월 초까지 연기했습니다. 그 전에 합의를 맺겠다는 의도입니다. 멕시코의 클라우디아 셰인바움 대통령도 ""트럼프 서한에는 명확히 합의를 추구한다는 점을 명시하고 있다. 협상을 통해 합의에 이를 것으로 확신한다""라고 말했습니다. 
                    




                트럼프 대통령도 '관세 서한'은 딜을 끝낸 것이라면서도 협상을 계속할 수 있다고 했습니다. 그는 ""내가 TV에 나가면 시장이 흥분한다. 내가 말하는 것만으로도 시장을 움직일 수 있다""라면서도 ""스콧 베센트 재무장관은 훌륭한 일을 하고 있다. 그 덕분에 시장은 차분하고 좋아졌다""라고 하기도 했습니다.
                    




                관세를 다목적으로 쓰고 있는 트럼프 대통령은 우크라이나 전쟁을 끝내기 위한 용도로도 활용했습니다. ""50일 이내에 (우크라이나 전쟁을 끝내는) 합의가 이뤄지지 않으면"" 러시아 및 러시아와 무역하는 국가에 대해 100% 관세를 때린다는 겁니다. 세계 경제에서 러시아를 고립시키겠다는 위협입니다. 그는 ""나는 무역을 많은 일에 사용한다. (관세는) 전쟁을 해결하는데도 훌륭하다""라고 설명했습니다. 트럼프 대통령은 또 각종 무기를 우크라이나에 보내기로 했습니다. 직접 제공하지는 않고, 나토가 미국산 무기를 구매해 우크라이나에 제공하는 방식을 취하기로 했습니다.뉴욕 증시는 오전 9시 30분 혼조세로 출발했습니다. 하지만 오전 11시가 지나면서 3대 지수는 모두 플러스권으로 돌아섰습니다. 모건스탠리의 마이크 윌슨 최고투자책임자(CIO)는 투자자들이 크게 걱정하지 않는 데 두 가지 이유가 있다고 봅니다. 먼저 발표된 관세가 실제 시행되지 않을 것이라는 생각, 즉 소위 'TACO 트레이드'(트럼프는 항상 물러선다)가 첫 번째고요. 두 번째는 멕시코와 캐나다에 대한 관세율이 높지 않을 것이라는 점입니다. 이는 미국-멕시코-캐나다 자유무역협정(USMCA)을 준수하는 상품에 관한 예외 조항 때문입니다. USMCA 국가 중 한 곳에서 전적으로 생산되었거나 상당한 가공을 거친 상품은 관세를 면제받고 있는데요. 지난 5월 기준으로 캐나다 수입품의 35%, 멕시코 수입품의 41%가 이런 최혜국대우를 받았습니다. 그래서 실효 관세율은 들리는 것만큼 그리 높지 않다는 겁니다.
                    




                윌슨은 이런 투자자 생각을 위협할 수 있는 요인이 세 가지가 있다고 지적하는데요. 먼저 중국에 대한 관세율이 현시점에서 상당히 인상될 경우입니다. 그러면 전체 실효 관세율이 높아질 수밖에 없다는 것이죠. 또 두 번째 큰 위험은 멕시코 관세가 USMCA 면제를 받지 못할 경우입니다. 트럼프 행정부가 이 문제를 재검토할 수 있다는 것이고요. 세 번째는 부문별 관세, 특히 반도체 관세가 IT, 전자제품 등에까지 폭넓게 적용될 가능성입니다. 그러면 경제에 상당한 영향을 미칠 수 있기 때문입니다.  2. 정말 파월 해임할까트럼프 대통령의 행보와 관련해 관세 외에 시장이 주목하는 이슈가 하나 더 있는데요. 바로 미 중앙은행(Fed) 제롬 파월 의장에 대한 사임 압박입니다. 트럼프 대통령과 그 측근을 중심으로 파월 의장에 대한 공격이 점점 더 심화하고 있는데요. 
                    




                트럼프 대통령은 주말 사이에도 파월 의장이 사임해야 한다고 밝혔습니다. 최근 불거진 Fed 건물 보수공사 비용 문제(25억 달러)를 거론했습니다. Fed가 애초 예산을 넘겨 초호화판 리노베이션을 했다는 것인데요. 백악관의 러셀 보우트 예산관리국(OMB) 국장은 프랑스 베르사유 궁전이 현재 가치로 30억 달러 정도인데, Fed 보수공사에 궁전을 짓는 돈이 들어갔다며 Fed에 질의서를 보낸 상태입니다. 뉴욕타임스(NYT) 등은 트럼프 행정부가 파월 해임 근거를 찾고 있으며 이를 위해 보수공사 비용 문제를 제기하고 있다고 지적했습니다. 차기 Fed 의장으로 유력한 케빗 해싯 백악관 국가경제위원장은 보수공사 비용이 파월 해임 사유가 될 수 있냐는 질문에 ""보우트 국장이 보낸 질의에 대한 Fed 답변에 크게 좌우될 것""이라며 말했습니다. 또 ""명분이 있다면"" 대통령이 해임할 수 있다고 했습니다. Fed는 어제 홈페이지에 보수공사 비용에 대한 해명을 올렸는데요. 1930년대 지은 건물에서 석면, 납 오염을 제거하고 전기 배관 난방 환기 공조 등 전체 시스템을 바꾸는 공사라며 VIP용 식당이나 엘리베이터, 물놀이 시설은 없다고 밝혔습니다. 
                    




                하지만 베팅시장에서 보는 파월 해임 혹은 사임 확률은 아직 20% 아래에 머물고 있습니다. 대통령이 Fed 의장 해임 권한이 있느냐는 이슈부터 명확하지 않습니다. 대법원은 최근 판결에서 ""Fed는 독특한 구조를 갖춘 준 사적인 기관이며, 고유한 역사적 전통을 가지고 있다""라며 독립성을 지지했습니다. 
                    




                트럼프가 파월 의장을 해임한다면 투자자들은 어떻게 반응할까요? 도이치뱅크는 해임 직후 24시간 동안 글로벌 금융시장에 심각한 혼란이 발생할 수 있다고 예상했습니다. 달러(무역가중치 기준)가 최소 3~4% 하락하고, 채권 시장에서도 30~40bp 금리가 상승(채권 매도)할 가능성이 크다고 밝혔습니다. 조지 사라벨로스 외환 전략가는 ""투자자들은 이러한 사건을 Fed의 독립성에 대한 직접적 공격으로 해석할 가능성이 높다""라고 말했습니다. 다만 그는 달러가 최근 안정세를 보이는 등 시장은 파월 의장 해임 가능성을 ""매우 낮게"" 평가하고 있다고 덧붙였습니다. 3. 관세 효과, 인플레 영향 본격화?시장은 오후까지 오름세를 이어갔지만, 상승 폭은 그리 크지는 않았습니다. 내일부터 인플레이션 데이터와 2분기 어닝시즌이 시작되기 때문입니다. 우선 내일 6월 CPI가 나옵니다. 월스트리트저널(WSJ)에 따르면 주요 금융사들은 헤드라인 CPI가 전월 대비 0.27%, 전년 대비 2.6% 상승할 것으로 예상합니다. 5월(0.08%, 2.4%)보다 꽤 오른 것입니다. 변동성이 큰 식품 및 에너지를 제외한 근원 CPI도 각각 0.25%, 2.9% 오를 것으로 추정하는데요. 역시 5월(0.13%, 2.8%)보다 반등하는 것입니다. 
                    




                뱅크오브아메리카는 근원 물가가 0.25%, 3.0% 오를 것으로 추정하는데요. ""근원 상품이 물가 상승의 주요 원인이 될 것이다. 근원 상품은 중고차 가격 상승에 힘입어 전월 대비 0.2% 오를 것으로 예상한다. 관세로 인해 중고차 외에도 광범위한 가격 상승이 예상된다. 만약 이 예측이 맞다면, 이는 지난 3개월 대비 가속도를 나타낸다""라고 전망했습니다.
                    




                골드만삭스는 그보다 적은 근원 물가가 0.23%, 2.9% 상승할 것이라고 예상하는데요. 차량 가격에 대한 예측이 다릅니다. 골드만은 ""중고차 경매 가격을 바탕으로 6월 중고차 가격은 전월 대비 0.5% 하락할 것으로 예상된다. 신차 가격은 변동이 없을 것이다. 자동차 보험료 상승률(+0.3%)도 더 온건해져서, 올해 팬데믹 이전 수준으로 돌아갈 예상한다""라고 밝혔습니다. 골드만삭스는 "" 관세가 인플레이션에 완전히 전가되었다고 보기에는 아직 너무 이르다""라고 설명했습니다.
                    




                기본적으로 월가는 데이터가 Fed의 관망세를 뒷받침할 것으로 봅니다. 옥스퍼드이코노믹스는 ""관세의 물가 영향은 이제 막 드러나기 시작했다. Fed는 관세가 미치는 영향을 평가하는 데 있어 관망세를 유지할 것""이라고 예상했습니다. 옥스퍼드이코노믹스는 유가 하락으로 인한 디플레이션 효과도 사라지고 있다고 덧붙였습니다. 관세 효과는 언제쯤 물가 데이터에 본격적으로 나타날까요? 모건스탠리의 제나 지아넬리 유통 애널리스트는 유통업체들이 3~4개월 치 재고를 활용해 아직 가격을 올리지 않고 있다고 지적합니다. 이들은 구매국가와 업체 변경, 제품 구성 변경, 비용 절감 등을 통해 최대한 가격 인상을 늦추고 있다는 겁니다. 가격 인상은 하나의 선택지이지만 최후의 수단이란 설명입니다. 그는 ""유통업체는 2분기에는 큰 영향이 없을 것이고, 3분기로 접어들면서, 그리고 4분기 연말 쇼핑 시즌이 되면 더 큰 영향을 받을 가능성이 크다. 이 시기에는 관세로 인해 가격이 오른 상품이 들어올 것이고, 소매업체들은 이미 비용을 낮출 수 있는 것을 다 했고 줄일 수 있는 부분은 줄였을 것이다. 그래서 마지막으로, 가격 인상을 시도할 수 있다""라고 밝혔습니다.만약 CPI가 예상보다 높게, 혹은 낮게 나온다면 어떻게 될까요. 프리덤캐피털의 제이 우즈 전략가는 ""예상치를 웃도는 높은 인플레이션이 나오면 단기 금리 인하 기대는 낮아질 것이다. 예상보다 낮은 수치가 나오면 Fed의 다음 움직임에 대한 논쟁이 더 커질 것""이라고 내다봤습니다.   4. 어닝시즌 개막…3대 관전 포인트내일 JP모건, 시티그룹, 웰스파고 등 주요 금융사가 2분기 실적 발표를 시작합니다. 16일에는 골드만삭스, 뱅크오브아메리카, 모건스탠리가 뒤를 잇고요.
                    




                팩트셋에 따르면, 월가는 S&P500 기업의 2분기 이익 증가율이 전년 대비 5% 안팎에 머물 것으로 예상합니다. 지난 1분기 13%에 비해 크게 낮아진 것이죠. 만약 이 전망이 현실화한다면, 2023년 4분기 이후 가장 낮은 수준이 될 것입니다. 이런 낮은 기준으로 인해 오히려 긍정적 어닝 서프라이즈가 이어질 것이란 관측이 많습니다. 하지만 워낙 밸류에이션이 높은 만큼 적당한 서프라이즈에 대해선 주가 반응이 부정적일 수 있습니다. 에버코어ISI는 ""2분기 어닝시즌은 양호할 것이고, 주당순이익(EPS)은 10.1% 증가할 것으로 추정한다. 주가가 장기 EPS 수준의 24.7배에 달하는 매우 높은 밸류에이션에 거래되고 있으므로 주가 반응은 약하게 왜곡될 위험이 있다. 관세율이 자꾸 높아지면서 이로 인해 EPS 예측도 나쁠 가능성이 있다""라고 밝혔습니다.
                    




                이번 어닝시즌에 월가가 지켜보는 것은 크게 세 가지입니다. ① 무역 전쟁의 영향 : 관세는 공급망을 교란하고 비용을 증가시킵니다. 그러나 아직은 그런 영향이 실적에 뚜렷하게 나타나지 않았을 수 있습니다. 역시 관세 부과 전 많은 재고를 확보해 뒀기 때문입니다. 네드데이비스리서치는 ""주목할 것은 총마진이다. 2분기에 마진 감소한다면, 이는 초기 관세가 기업 이익에 영향을 주고 있으며 앞으로 관세 인상에 따라 추가 악화가 예상된다는 신호일 수 있다""라고 밝혔습니다. ② AI 수익화 : S&P500 기업 이익 증가의 대부분은 AI 수혜자로 여겨지는 빅테크에서 나오고 있습니다. 소위 매그니피선트 7(Magnificent Seven)로 불리는 애플, 마이크로소프트, 알파벳, 아마존, 엔비디아, 메타, 테슬라는 2분기 15% 안팎의 이익 증가가 기대되고 있습니다. 이들이 계속해서 AI 수익화에 성공하고 있다는 게 나타난다면 AI 트레이드가 이어질 수 있습니다. 펀드스트랫 톰 리 설립자는 ""AI는 S&P500 지수 이익의 가장 큰 원동력""이라고 말했습니다. 메타의 마크 저커버그 설립자는 오늘 ""초지능(AGI) 구축을 위해 데이터센터에 수천억 달러를 투자할 것이다. 여러 개의 대규모 데이터센터를 건설하고 있으며, 내년에 첫 번째가 가동될 예정""이라고 밝혔습니다. 그는 업계에서 가장 뛰어나고 재능 있는 팀(슈퍼인텔리전스랩스)을 만드는 데 주력했고, 이는 업계 최고 수준의 컴퓨팅 능력을 갖추게 될 것""이라고 덧붙였습니다.
                    




③ 하반기 실적 가이던스 : 연초 월가는 3~4분기 이익이 거의 20% 가까이 증가할 것으로 봤습니다. 이는 최근 3개월 동안 햐향 조정되어 약 13% 수준입니다. 느려지는 거시경제와 다가오는 관세 충격을 고려하면 더 많은 하향 조정이 필요할 가능성이 있습니다. 찰스슈왑은 ""경제가 여러 역풍에 직면해 있으므로 시장 관심은 과거 실적보다는 미래 전망에 집중될 것""이라고 밝혔습니다.
                    




                내일 아침 JP모건의 실적 발표에서는 제이미 다이먼 CEO의 발언이 관심을 불러일으킬 것입니다. 그는 지난주 관세로 인해 인플레이션이 상승하면서 Fed가 금리를 올려야 할 수 있다고 했었죠. 최근 분기에 대형 은행들은 실적 시즌을 긍정적으로 시작하는 경우가 많았으며, 예상치를 상회하는 경향을 보였습니다. JP모건이 연속해서 강력한 어닝 서프라이즈를 기록했었습니다. 하지만 2분기 실적에 대한 컨센서스는 좋지 않습니다. EPS는 4.48달러로 전년 대비 -27%, 매출은 440억 달러로 전년 대비 -12% 감소할 것으로 전망되고 있습니다.  5. 긍정적이지만 조심스러워졌다 오후 4시 주요 지수는 소폭 상승세로 거래를 마쳤습니다. S&P500 지수는 0.14%, 나스닥은 0.27% 올랐고 다우는 0.20% 상승세를 기록했습니다. 나스닥은 또 사상 최고치 기록을 세웠습니다. 
                    




                트럼프가 러시아 제재에 50일 유예기간을 두자 유가는 2.2% 급락했습니다. 이로 인해 11개 업종 중 에너지 업종 하락폭(-1.2%)이 컸습니다. 하지만 통신서비스가 0.7% 오르는 등 7개 업종이 상승했습니다. 비트코인이 처음 12만 달러를 돌파한 후 코인베이스 1.8%, 마이크로스트레티지 3.8% 등 관련주가 상승세를 보였습니다.
                    




                테슬라는 1.08% 올랐는데요. xAI가 오픈AI 등과 함께 2억 달러 규모 국방부 프로젝트에 참여한다는 뉴스가 나왔습니다. 일론 머스크의 기업을 일부러 정부 사업에서 제외하는 것은 아닌 셈이죠.  시장에 대한 시각은 여전히 긍정적인 편입니다. 하지만 약간 조심스러운 전망이 섞여나오고 있습니다. 5월부터 전술적 강세를 유지해온 JP모건의 트레이드데스크는 ""시장 참여자들은 트럼프가 8월 1일 마감일을 앞두고 관세 수준을 낮추거나 단기 주가 하락을 막을 것으로 계속 기대할까? 우리는 '그렇다'라고 보며, 시장이 실적에 집중하는 현 상황에서 전술적 강세(Tactical Bullish) 관점을 유지한다. 다만 강세 기조를 유지하고 있으나, 동시에 다음과 같은 위험 요인이 커지고 있음을 인식한다. 가장 날카로운 위험은 인플레이션이며 그게 국채 수익률 및 주식에 미칠 영향, 그리고 경제 성장 둔화 가능성 등이 있다. 이런 우려의 근원은 무역 전쟁 등 정부 정책 탓""이라고 밝혔습니다.골드만삭스의 토니 패스쿼리엘로 글로벌헤지펀드헤드는 “지금 당장 위험(주식)을 더 추가하기엔 매력적인 위치는 아니다. 하지만, 제 직감으로는 아직 시장에 '남은 연료(gas left in the tank)'가 좀 있고, 미국 대형주는 여전히 가장 믿을 만한 말(best horse to ride)이다. 만약 시장에 대해 긍정적이긴 하지만 위험/보상 측면에서 조심스럽다면, 최근 변동성이 급감한 상황을 활용해 상방 가능성(upside)에 대비해 약간의 포지션은 계속 유지해두는 게 좋다”라고 밝혔습니다. 
                    




                월가가 이렇게 조금씩 불편해하는 것은 워낙 밸류에이션이 높기 때문입니다. 파이낸셜타임스(FT)는 ""투자자들이 쉴러 PE(CAPE) 37.3배 이상에서 투자했을 때 10년 실질 수익률 플러스(+)를 달성한 적이 없다""라고 보도했습니다. CAPE는 지난 10년간 인플레이션 조정된 평균 순이익 대비 S&P 500의 현재 주가를 나타내며, 장기 밸류에이션을 평가하는 지표입니다. 그렇다고 더 오르지 못한다는 것은 아니지만 비싼 것은 맞습니다. 또 7월 주반월 이후 계절성이 나빠지는 것도 영향을 미치고 있습니다. 알마냑트레이더에 따르면 ""평균적으로 지난 21년 동안 7월 상승분의 대부분은 첫 13거래일 동안 발생했다""라고 분석했습니다. 
                    




                뉴욕=김현석 특파원 realist@hankyung.com",https://www.hankyung.com/article/202507158001i,2025.07.15 07:41
"현대차증권, 상반기 순익 400억…작년 연간 실적 웃돌아",,"사진=현대차증권

현대차증권이 올 상반기 400억원의 순이익을 거두면서 반년 만에 지난해 연간 실적을 넘어선 것으로 나타났다. 24일 금융감독원 전자공시에 따르면 현대차증권의 올 상반기 연결기준 당기순이익은 400억원으로 잠정 집계됐다. 전년 동기 대비 59.1% 늘었다. 지난해 전체 당기순이익(362억 원)을 웃도는 수치다. 같은 기간 영업이익은 541억원으로 66.1% 증가했다.분기 기준으로도 2분기 당기순이익과 영업이익은 각각 207억원과 270억원으로 38.5%와 39% 늘었다.자기자본이익률(ROE)도 지난달 말 기준 5.9%로 지난해 말보다 3.1%포인트 개선됐다. 현대차증권이 올해 목표로 제시한 ROE 4%를 훌쩍 넘어섰다.부문별로 살펴보면 세일즈앤트레이딩(S&T)의 지난 상반기 순영업수익은 1152억원으로 전년 동기 대비 30.8% 증가했다. 자기자본투자(PI)·파생상품·채권 중개 및 인수 등 전 영역에서 양호한 성적을 거뒀다고 회사 측은 강조했다.특히 채권 중개·인수 부문에서 상반기 누적 6조740억원 규모의 은행채를 인수하는 등 두각을 보였고 PI에서는 국내·외 투자자산 운용수익과 배당 수익 등 우량 자산으로부터 안정적 수익을 거뒀다는 설명이다.기업금융(IB) 부문의 실적 반등도 눈에 띄었다. IB 부문의 상반기 순영업수익은 전년 동기 대비 48% 늘었다. 비부동산 영역 확대 등을 통해 IB 포트폴리오를 다변화한 전략이 주효했다고 회사 측은 설명했다. 현대차증권 관계자는 ""S&T·리테일·IB의 '삼각편대'로 고른 수익성 확보가 상반기 호실적의 비결""이라며 ""하반기에도 선제적 리스크 관리와 함께 게임체인저 역량 확보, 비즈니스 체질 개선 지속 등을 통해 성장세를 이어갈 것""이라고 말했다.고정삼 한경닷컴 기자 jsk@hankyung.com",https://www.hankyung.com/article/2025072491626,2025.07.24 11:17
"'iM금융지주' 52주 신고가 경신, 전일 기관 대량 순매수",,"◆ 주체별 매매동향- 전일 기관 대량 순매수지난 한달을 기준으로 보면 기관이 154.8만주를 순매수한 반면, 외국인은 53.1만주를 순매도했고, 개인들도 98.8만주를 순매도했다. 같은 기간 이 종목의 거래 비중은 외국인과 개인이 각각 47.9%, 27.3%로 비중이 높다.더욱이 전일 기관이 대량 순매수를 하고 있어 투자자들의 관심이 집중되고 있다.[그래프]iM금융지주 외국인/기관 매매동향











◆ 최근 애널리스트 분석의견- 2Q25 Preview: '비상(飛上)'의 시간 - 상상인증권, BUY(신규)07월 03일 상상인증권의 김현수 애널리스트는 iM금융지주에 대해 ""2분기 실적은 컨센서스를 소폭 상회할 전망. 실적 반등 가시화, RWA 대비 수익성 우수. 커버리지 내 가장 저평가된 은행지주, 주주환원 상향 여지: 현재 PBR to RoRWA는 0.34배로 커버리지 내 가장 저평가된 수준이다. 상반기 400억원 규모 자사주 매입·소각을 완료했으며, 하반기 300억원 추가 매입 시연간 총주주환원율은 목표치인 40%에 도달할 것으로 예상된다. 이에 따라 주주환원 목표 상향 가능성도 열려 있다.""이라고 분석하며, 투자의견 'BUY(신규)', 목표주가 '20,000원'을 제시했다.한경로보뉴스이 기사는 한국경제신문과 금융 AI 전문기업 씽크풀이 공동 개발한 기사 자동생성 알고리즘에 의해 실시간으로 작성된 것입니다.",https://www.hankyung.com/article/202507145882L,2025.07.14 09:14
[수능에 나오는 경제·금융] 왜 민감한 정책은 비공개 논의가 많을까?,'합리적 기대',"이형일 기획재정부 1차관(오른쪽 두 번째)이 지난달 19일 서울 은행회관에서 열린 거시경제 금융 현안 간담회에서 장관직무대행으로서 발언하고 있다.  연합뉴스

민감한 금융시장 이슈의 경우 안건과 회의록이 공개되면 오히려 시장 혼란을 키울 것이라는 지적도 나온다. 또 다른 전직 금융당국 관계자는 “특정 기업에 대해 논의한다는 내용이 공개되는 것만으로도 주식·채권시장에 미치는 영향이 어마어마할 것”이라며 “비공식 논의를 위한 별도 간담회를 따로 만들어야 할 것”이라고 꼬집었다. -2025년 7월 14일 자 한국경제신문-이재명 정부가 경제부총리와 한국은행 총재 등 경제 당국 수장들이 비공개로 경제 현안을 논의하는 거시경제·금융 현안 간담회(F4 회의)의 안건 및 회의록 공개를 추진한다는 내용의 기사입니다. “정책의 투명성을 높인다”는 것이 정부 측 생각이지만 시장에선 “시장 혼란만 키울 수 있다”는 우려가 나오는데요, 왜 이런 우려가 나오는 걸까요. 중요한 정책을 꼭 비밀스럽게 진행해야 하는 이유는 뭘까요?이를 이해하기 위해선 먼저 시장이 얼마나 똑똑한지 이해할 필요가 있습니다. 미국 경제학자 유진 파마 시카고대 교수가 주창한 ‘효율적 시장 가설’은 금융시장에서 자산의 가격이 이용 가능한 모든 정보를 신속하고 정확하게 반영한다고 주장하는 이론입니다. 이 가설에 따르면 투자자는 공개된 정보를 바탕으로 초과수익을 얻기 어렵고, 시장가격은 오로지 새로운 정보에 의해서만 변동합니다.정보가 공개되기만 하면 시장이 즉시 반영하기 때문에, 정책 효과도 정보의 공개 시점에 따라 달라질 수 있습니다. 민감한 정보는 공개 자체만으로도 시장에 큰 충격을 줄 수 있지요. 한편으론 중요한 정보가 미리 공개될 경우 필요한 시점에 시장에 영향을 줄 수 없다는 의미기도 합니다.역대 정부는 ‘녹실회의’, ‘서별관회의’ 등 다양한 이름으로 비공개회의를 열며 산업구조조정 등 민감한 이슈를 논의해왔습니다. SK하이닉스의 전신인 현대반도체 구조조정(1998년), 양자 구도였던 국적 해운사를 HMM 한 곳으로 단일화한 2016년 해운업 구조조정 등이 대표적 예입니다.이들 안건을 정부가 비밀에 부쳐 논의하면서 당시 ‘깜깜이 구조조정’이란 비판이 일기도 했습니다. 그때마다 정부는 “정보 공개가 불필요한 시장 혼란을 야기할 수 있다”며 대응해왔지요. 효율적 시장 가설에 따르면 당국이 특정 기업에 대한 구조조정을 논의하고 있다는 사실이 외부로 알려지면 투자자들은 ‘이 기업에 문제가 있나?’로 생각하고 주식을 팔기 시작할 것입니다. 이는 주가 폭락으로 이어지고, 어쩌면 살리려는 기업의 회복을 더 어렵게 만드는 문제를 낳을 수 있지요.효율적 시장 가설은 경제학에서의 인간을 구성하는 ‘합리적 기대 이론’이 바탕에 깔려 있습니다. 합리적 기대 이론은 가계, 기업, 투자자 등 경제주체들이 미래를 예측할 때 과거의 경험뿐 아니라 현재 이용 가능한 모든 정보를 최대한 활용해 ‘합리적 기대’를 형성하고, 이에 따라 미리 행동한다는 이론입니다.예를 들어 정부가 “앞으로 금리를 인상할 예정”이라고 발표했다고 가정해봅시다. 전통적인 기대 이론에서 정부는 금리를 내리면 소비·투자가 촉진되고, 이를 통해 경기를 부양시키겠다는 의도가 있었을 것입니다.하지만 합리적 기대하에서 경제주체들은 “정부가 금리를 내린다는 것은 경기가 나쁘다는 신호일 수 있다”고 판단할 수 있습니다. 앞으로 경기가 좋지 않을 테니 되려 기업은 투자를 망설이고, 가계는 지갑을 닫고 저축에 나설 수 있습니다. 이 경우 금리를 내렸지만 소비와 투자가 오히려 위축되는 등 정책 효과가 없을 수도 있지요. 그래서 많은 경제학자는 정부가 정책을 시행할 때 목표에 따라 정보 공개 여부를 신중히 결정해야 한다고 이야기합니다.우리나라의 기준금리를 결정하는 한국은행은 통화 안정이란 목표를 달성하기 위해 합리적 기대 이론을 적극적으로 활용합니다. 한국은행은 연 8회 금융통화위원회 회의를 통해 기준금리를 결정하는데요, 회의 직후 한은 총재가 기준금리 결정 배경 등에 대해 설명하는 기자간담회를 열어 한은이 바라보는 경제 상황과 금리 결정의 배경을 상세히 설명합니다.이 과정에서 한은은 중앙은행이 의도하는 정책금리 향방을 직간접적으로 제시하는 ‘포워드 가이던스(사전 안내)’를 하기도 합니다. 통화정책의 방향성을 미리 알려 시장이 그에 맞춰 움직이도록 시간을 줘 충격을 최소화하는 것이지요. 그러면서도 본회의에서 논의된 내용을 수록한 ‘의사록’은 2주일이 지난 뒤 공개합니다. 회의 내용을 즉시 공개하면 시장이 과민하게 반응할 수 있고, 정책의 실질 효과가 줄어들 위험이 있기 때문이죠. 이걸 보면 한은은 정책 목표 달성을 위해 경제주체들의 ‘기대’를 둘러싼 아슬아슬한 줄타기를 하는 셈입니다.민주사회에서 정보의 투명성은 매우 중요한 가치를 지닙니다. 하지만 모든 정보를 즉시 공개하는 것이 항상 옳은 선택은 아닐 수 있습니다. 특히 금융시장처럼 민감하고 빠르게 반응하는 분야에서는 비공개 논의와 신중한 정보 관리가 오히려 더 효과적인 정책을 가능하게 만들 수 있습니다. 뉴스에서 정부 정책을 접할 때 “왜 지금 이 정보를 공개했을까?”는 질문을 해본다면 경제를 깊이 이해하는 데 도움이 될 것입니다. NIE 포인트 




황정환 한국경제신문 기자

                1. 금융시장이 효율적 시장 가설을 따르는지 확인해보자.2. ‘기대’가 정책 효과에 어떤 영향을 미치는지 알아보자.3. 민감한 경제정책은 언제 공개하는 게 타당할지 고민해보자.",https://www.hankyung.com/article/2025071864441,2025.07.21 10:00
[포토] 농협은행 “소상공인과 지역경제 활성화”,,"농협은행은 15일 서울 상암동 중소기업DMC타워에서 신용보증재단, 중소벤처기업부, 중소기업중앙회, 소상공인연합회 등과 ‘지역경제 활성화를 위한 소기업·소상공인 금융지원’ 협약식을 열었다. 강태영 농협은행장(앞줄 왼쪽 다섯 번째) 등 참석자들이 협약서를 들고 파이팅을 외치고 있다.이솔 기자 soul5404@hankyung.com",https://www.hankyung.com/article/2025071501711,2025.07.15 17:34
"기업은행, 해군 특화카드 개발 MOU",,기업은행(행장 김성태·오른쪽)이 23일 해군·해병대 간부 및 군무원의 복지 증진을 위한 ‘BOC(福) 카드’를 만드는 내용의 업무협약을 해군과 맺었다. 이 카드는 해군 창설 80주년을 기념해 기획됐다. 군 주둔 지역 음식점에서 결제하면 추가로 할인받는 혜택 등을 제공한다.,https://www.hankyung.com/article/2025072376301,2025.07.23 18:15
"'iM금융지주' 52주 신고가 경신, 기관 11일 연속 순매수(127.2만주)",,"◆ 주체별 매매동향- 기관 11일 연속 순매수(127.2만주)지난 한달을 기준으로 보면 외국인이 95.9만주를 순매수했고, 기관도 15.9만주를 순매수했다. 반면 개인들은 99.0만주를 순매도한 것으로 나타났다. 같은 기간 이 종목의 거래 비중은 외국인과 개인이 각각 44.8%, 26.5%로 비중이 높다.한편 기관은 이 종목에 대해서 최근 11일 연속 127.2만주 순매수를 하고 있다.[그래프]iM금융지주 외국인/기관 매매동향











◆ 최근 애널리스트 분석의견- 2Q25 Preview: '비상(飛上)'의 시간 - 상상인증권, BUY(신규)07월 03일 상상인증권의 김현수 애널리스트는 iM금융지주에 대해 ""2분기 실적은 컨센서스를 소폭 상회할 전망. 실적 반등 가시화, RWA 대비 수익성 우수. 커버리지 내 가장 저평가된 은행지주, 주주환원 상향 여지: 현재 PBR to RoRWA는 0.34배로 커버리지 내 가장 저평가된 수준이다. 상반기 400억원 규모 자사주 매입·소각을 완료했으며, 하반기 300억원 추가 매입 시연간 총주주환원율은 목표치인 40%에 도달할 것으로 예상된다. 이에 따라 주주환원 목표 상향 가능성도 열려 있다.""이라고 분석하며, 투자의견 'BUY(신규)', 목표주가 '20,000원'을 제시했다.한경로보뉴스이 기사는 한국경제신문과 금융 AI 전문기업 씽크풀이 공동 개발한 기사 자동생성 알고리즘에 의해 실시간으로 작성된 것입니다.",https://www.hankyung.com/article/202507097830L,2025.07.09 15:34
"유럽계 금융그룹 ING, 정혜연 한국 대표 선임",,유럽계 금융그룹 ING는 정혜연 신임 한국 대표를 선임했다고 8일 밝혔다.  정 대표는 JP모건증권 투자은행(IB) 부문에서 일하다 이후 홍콩상하이은행(HSBC)과 미즈호 코퍼레이트은행을 거쳐 최근까지는 BNP파리바 서울지점의 기업금융 총괄본부장으로 재직했다.  ING는 정 대표가 27년 이상 홀세일뱅킹(기업·기관·정부 대상 금융)에서 경력을 쌓은 전문가로서 탄탄한 고객 네트워크와 역량을 갖춰 ING의 한국 기업금융 전략을 주도할 적임자로 평가된다고 전했다.  ING는 네덜란드에 본사를 둔 종합 금융 기업으로 1991년 국내 은행업 인가를 취득했고 2016년에는 서울 증권지점을 설립해 채권 및 금융투자 업무를 해왔다.  /연합뉴스,https://www.hankyung.com/article/202507084167Y,2025.07.08 09:44
"국힘 박수영 ""부산 시민은 25만원 필요 없다""…민주 '반발'",,"박수영 국민의힘 의원. / 사진=뉴스1

                박수영 국민의힘 의원이 정부의 민생 회복 지원금 정책을 비판하며 ""부산 시민은 25만원 필요 없다""고 발언한 것을 두고 더불어민주당이 강하게 반발했다.박수영 의원은 지난 4일 페이스북에 “해수부를 보내준다니 감사히 받겠지만, 지역인재 의무 채용 때문에 산업은행 같은 공기업이 오는 게 더 낫다”며 “기왕 이전하기로 한 해수부는 연말까지 ‘남구’로 보내주고, 당선 축하금 25만원 대신 산업은행도 ‘남구’로 보내달라. 우리 부산 시민은 25만원 필요 없다”고 적었다.이나영 더불어민주당 상근부대변인은 6일 논평을 통해 “박수영 의원이 무슨 자격으로 부산 시민의 권리를 박탈하느냐”며 “윤석열의 민생 파탄을 막지도 못하고 내란 극우 세력을 의인으로 치켜올린 박 의원이 민생을 입에 올리는 것이 기가 차고 염치없다”고 비판했다.이어 “여당 의원으로 있던 3년간 정치적 타산으로 국민을 외면해 놓고 인제 와서 큰소리를 치는 꼴이 파렴치 그 자체”라며 “325만 부산 시민은 물론 국민의 기대가 걸린 사업에 어깃장 놓을 생각부터 하는 박 의원이 부끄럽다”고 지적했다.이재명 정부는 경기 부양을 위해 전 국민에게 소비쿠폰을 지급하기로 했다. 1차와 2차로 나눠 지급되는데 1차는 전 국민을 대상으로 1인당 15만∼45만원이, 2차는 국민 90%를 대상으로 10만원이 9월에 추가로 지급된다. 2차 소비쿠폰까지 포함할 경우 1인당 최소 15만원에서 최대 55만원까지 받을 수 있다.최수진 한경닷컴 기자 naive@hankyung.com",https://www.hankyung.com/article/2025070612547,2025.07.06 21:34
"타이밍이 중요한 국내주식 매수 전략, 본인자산포함 4배 집중투자로 해결가능",,"부자네스탁론이 특별 이벤트로 5년고정 연 4.9%의 저금리 스탁론 상품을 출시하면서 투자자들에게 화제가 되고 있다.5년고정 연 4.9%의 저금리 스탁론은 주요 증권사의 신용 금리로 알려진 8~9%대의 금리보다 훨씬 금리가 낮은 상품이다.스탁론 상품들은 증권사 신용보다 레버리지는 더 높고 담보유지비율은 더 낮아 투자 고수들 사이에서 잘 알려진 상품이다.미수나 반대매도를 해결해주는 대환대출상품, 한 종목 100% 집중투자 상품신용등급, 매수불가종목, D.S.R 등 주식투자자들의 고민을 완벽하게 해결해주는 솔루션을 제공하는부자네스탁론은 고객마다 가장 최적의 대출방법으로 해결해준다.-스탁론 D.S.R<총부채원리금상환비율> 고강도 규제에도! 문제없는 부자네스탁론!– 소득 낮고 기존 대출금액 많아도 계좌평가금액에 비례해서 대출가능!▶머니투데이 부자네스탁론① 5년고정 연 4.9% 금리의 최저금리 스탁론② 자기자본포함 최대 4배까지 레버리지 투자 가능③ 매수가능종목 100% 집중투자가능 (코스닥, 시가총액, 포트폴리오비율상관없이)④ 스탁론 전종목 1:1 매수상담문의 → 수익극대화⑤ 반대매도 임박 / 추가입금이 힘들다면? → 1:1 로스컷 전문상담⑥ D.S.R과 신용등급 낮.아.도 문제없이 매입/대환까지 가능!★ D.S.R비율, 신용등급 무관 저금리 부자네스탁 AM8:00~PM4:00 ☎1577-5852★ AM 8:00 부터 선착순 예약접수 http://www.bujane.co.kr/7월 고객들의 문의가 많은 종목은 펌텍코리아, 한화비전, 기업은행, 제주은행, 한화투자증권 등이 있다.무료상담",https://www.hankyung.com/article/202507096397a,2025.07.09 13:43
이번 달에만 2200억어치 샀다…외국인들 쓸어담은 종목,"'외국인 러브콜' 쏟아졌다
소외됐던 바이오株, 상승 곡선

셀트리온 이달 들어 13% 올라
알테오젠은 외국인 순매수 1위

구글 투자 등 비만 치료제 뜨고 
금리인하·실적 개선 기대 커져","제약·바이오 기업의 주가가 이달 들어 가파른 상승세를 나타내고 있다. 하반기 시장금리 하락에 속도가 붙을 수 있다는 전망과 함께 외국인 투자자금까지 유입되면서 주가를 밀어 올렸다.





                17일 한국거래소에 따르면 ‘KRX 바이오 TOP10’ 지수는 이달 들어 16% 넘게 상승했다. 국내 최상위 바이오 기업 주가를 추종하는 이 지수의 상승률은 이 기간 전체 34개 KRX 테마지수 중 최고를 기록했다. 셀트리온과 알테오젠은 같은 기간 각각 13%, 31% 올랐다.외국인의 제약·바이오 종목 ‘러브콜’이 뜨거웠다. 코스닥시장 대장주 알테오젠은 지난달에 이어 이달에도 코스닥 외국인 투자자의 순매수 1위를 차지했다. 이달 들어서만 2200억원어치 주식을 샀다. 뒤이어 파마리서치(1041억원), 펩트론(667억원), 휴젤(486억원) 등을 많이 사들였다.증권가는 주요 바이오 종목이 ‘상저하고’ 실적 계절성을 보이는 만큼 하반기로 갈수록 추가 상승할 가능성이 클 것으로 보고 있다. 기술수출 등 연구개발(R&D) 성과 재료보다는 좋은 실적을 낼 종목에 집중하는 게 유리하다는 뜻이다. 이달미 상상인증권 연구원은 “하반기에는 실적 개선 기대가 높은 바이오주가 오를 것”이라며 바이오 섹터 투자의견을 ‘비중 확대’로 제시했다. 최선호주로는 지난 2분기 실적이 컨센서스(증권가 추정치 평균)를 크게 웃돌 것으로 예상한 대웅제약을 꼽았다.한국은행의 기준금리 인하 전망도 긍정적이다. 금리는 성장주 밸류에이션(실적 대비 주가 수준)과 역의 상관관계를 보인다.비만 치료제에 관심이 확산하는 것 역시 바이오 분야 전반에 긍정적인 영향을 주고 있다. 외신들에 따르면 구글의 모회사 알파벳은 먹는 비만 치료제 개발사인 미국 멧세라에 1억3500만달러(약 1900억원)를 투자했다. 한승연 NH투자증권 연구원은 “최근 글로벌 주요 신약 트렌드는 비만과 항암, 알츠하이머”라며 “인간의 삶을 바꾸는 혁신 신약의 출시가 잇따르면서 투자자들이 바이오산업에 관심을 더 둘 것”으로 내다봤다.류은혁 기자 ehryu@hankyung.com",https://www.hankyung.com/article/2025071753881,2025.07.17 17:28
,,,https://magazine.hankyung.com/money/article/202506171095c,
자사주 의무소각 상법개정...주목해볼만한 종목은?,,"경유레카는 한국경제신문의 디지털 미디어인 한경닷컴에서 개발한 개별 종목에대한인공지능(AI) 알고리즘 업체의 투자 의견을 종합한 'AI 컨센서스'를 제공하는 서비스입니다. '한경유레카' 앱은 구글 플레이 스토어 혹은 앱스토어에서 내려받을 수 있습니다.





종목추천 서비스 종합 플랫폼 한경유레카에 입점한 친절한미정씨가 전거래일(10일) 카카오뱅크를 추천하여 수익률 6.6%를 기록했다.친절한미정씨는 성장, 가치, 성과, 안정성, 모멘텀 등 기업의 가치를 평가하는 5개 중요 변수를 AI 학습 및 분석하여 상대평가 점수화 지표화한 QAIS(Quin AI Score)라는 자체 점수를 통해 종목을 추천한다.  친절한미정씨는 최근 자사주 의무 매입에 대한 상법개정에 따라 은행주들이 강세를 보이고 AI관련주인 2가지 모멘텀을 카카오뱅크가 가지고 있어 QAIS가 높아져 해당 종목을 추천했다고 전했다. 한경유레카에서 신규가입을 하고 친절한미정씨를 구독하면 1개월간 무료로 추천종목을 문자로 받아볼 수 있다.  본 글은 투자 참고용입니다.카카오뱅크 제주은행 푸른저축은행 기업은행 신한지주",https://www.hankyung.com/article/202507111629a,2025.07.11 08:35
"엔비디아, 세계 첫 시총 4조달러…S&P500·나스닥 사상 최고 [뉴욕증시 브리핑]",,"사진=REUTERS

                뉴욕증시가 기술주 강세 영향에 3대 지수가 동반 상승했다. 엔비디아는 장중 사상 처음으로 시가총액 4조달러(약 5500조원)를 돌파했다.9일(현지시간) 뉴욕증권거래소에서 다우존스30산업평균지수는 전일 대비 217.54포인트(0.49%) 오른 4만4458.30에 거래를 마감했다.스탠더드앤드푸어스(S&P)500지수는 37.74포인트(0.61%) 상승한 6263.26, 나스닥종합지수는 192.87포인트(0.94%) 뛴 2만611.34에 장을 마쳤다. S&P500과 나스닥종합지수는 또 다시 사상 최고치를 돌파했다.도널드 트럼프 대통령은 이날 추가 관세 서한 발송을 예고했지만 시장은 오락가락한 관세 정책에 투심이 흔들리지 않고 상승세로 출발했다.트럼프 대통령은 이날 필리핀과 브루나이, 스리랑카, 알제리, 이라크, 리비아, 몰도바에 오는 8월1일부터 20~30%의 관세를 부과한다는 내용의 관세 서한을 공개했다.이날 공개된 6월 연방공개시장위원회(FOMC) 의사록은 미 중앙은행(Fed)의 7월 금리인하 가능성이 낮음을 시사했다. 당장 금리 인하를 생각하는 Fed 위원은 두 명에 불과했고, 다수 위원은 관세 도입에 따른 인플레이션율을 주목하며 하반기 1~2회 소폭 금리 인하를 예상했다.시카고상품거래소(CME) 페드워치툴에 따르면 연방기금금리 선물시장은 9월 기준금리 25bp 인하 확률을 63.9%로 봤다. 전날 마감 무렵 60.8%에서 소폭 올랐다.이날 엔비디아 주가는 장중 한때 전날보다 약 2.5% 오른 164.42달러까지 상승하면서 시총이 4조달러를 넘어섰다. 시총 4조달러는 전 세계 최초다. 시총 3조 달러는 2022년 1월 애플이 처음 달성한 바 있다.다만 종가는 상승폭이 다소 줄어 1.8% 오른 162.88달러에 거래를 마쳤다. 시총도 3조9720억달러를 기록하며 4조달러 아래로 내려왔다.엔비디아는 지난해 2월 처음으로 시총 2조달러에 올랐다. 이어 지난해 6월 시총 3조달러 시대에 진입했고, 그 후 1년여 만에 전 세계에서 처음으로 4조달러 시대를 열었다.엔비디아의 상승은 거대 기술기업들의 인공지능(AI) 전용칩 수요가 여전히 강력하다는 소식 때문으로 보인다.블룸버그는 다음 회계연도에 이들 기술기업이 AI에 약 3500억달러를 투자할 것으로 예상된다고 보도했다. 이는 올해 3100억달러에서 증가한 수치다. AI 전용칩 수요가 여전히 강력한 셈이다.엔비디아의 상승에 시총 1조달러 이상의 거대 기술기업들도 모두 강세를 나타냈다. 마이크로소프트(MS) 1.39%, 애플 0.54%, 아마존 1.45%, 알파벳(구글) 1.3%, 메타는 1.68% 올랐다.테슬라만 0.65% 하락했다. 테슬라는 최근 약세로 시총이 1조달러를 밑돌고 있다.세계 최대 커피 체인 스타벅스은 최대 100억달러 기업가치를 인정받는 중국 사업부문의 지분 매각을 진행 중이라는 소식 이후 강보합 마감했다.노정동 한경닷컴 기자 dong2@hankyung.com",https://www.hankyung.com/article/2025071088016,2025.07.10 07:17
루이비통도 털렸다…개인정보 유출 '초비상' 걸린 명품업계,"디올 이어 루이비통 고객 개인정보 유출
가격만 올리고 개인정보 보호 안하나","루이비통 매장. 사진=한경DB

                루이비통 코리아가 고객 개인정보 유출에 '유감'을 표했다.루이비통 측은 4일 ""당사는 권한 없는 제3자가 당사의 시스템에 일시적으로 접근하여 고객님의 일부 정보를 유출한 사실을 알려드리게 돼 유감으로 생각한다""면서 안내문을 발송했다.해킹으로 노출된 정보는 이름과 성별, 국가와 전화번호, 이메일 주소다. 루이비통 측은 ""비밀번호 또는 신용카드 정보, 은행 계좌 정보, 기타 금융 계좌 정보 등 금융정보는 포함되지 않았다""고 강조했다.루이비통에 따르면 해킹은 지난 6월 8일 발생했고, 이를 인지한 건 지난 2일이었다. 루이비통 측은 ""당사 사이버보안 팀은 최대한의 성실함과 주의를 기울여 이번 사고에 대처했다""며 ""사고 발생 직후, 권한 없는 접근을 차단하는 등 사고를 통제하기 위한 기술적 조치를 즉시 시행하고, 관계 당국에 사고 사실을 통지하고 긴밀히 협력하고 있다""고 전했다.더불어 ""현재까지 고객님의 정보가 악용된 증거는 없으나, 피싱 및 사기 시도, 정보의 무단 사용이 발생할 수 있다""며 ""고객님의 루이비통 비밀번호를 절대 타인과 공유하지 말고, 루이비통은 고객님께 비밀번호를 요구하지 않는다""고 안내했다.루이비통에 앞서 LVMH(루이비통모에헤네시) 그룹에 함께 속해 있는 디올과 티파니에서도 개인정보가 유출돼 논란이 된 바 있다. 해당 브랜드들도 늦장 공지가 문제 됐는데, 이번에도 유출 사고가 발생하고 한달여 후 고객들에게 공지했다는 점에서 늦장 안내 혹은 안일한 대응이라는 비판이 쏟아지고 있다.개인정보보호위원회는 지난달 1일 디올과 티파니의 개인정보 유출 사고와 관련해 정확한 유출 대상과 규모를 파악하고, 기술적·관리적 안전조치 이행 등 개인정보 보호법 위반 여부를 확인한다고 밝힌 바 있다. 특히 디올과 티파니가 유출 사고가 발생한 지 한달 이상 지나 늑장 신고와 공지를 한 점에 대해 집중적으로 확인한다고 밝혔다.개인정보보호법 시행령은 개인정보처리자가 1000명 이상, 민감정보 등의 개인정보가 유출된 것을 알게 되면 72시간 이내에 개인정보위에 신고하도록 규정한다. 개인정보위에 따르면 디올과 티파니는 각각 1월, 4월에 일어난 개인정보 유출 사고를 5월에 인지했다며 같은 달 10일, 22일에 신고했다.두 회사 모두 서비스형 소프트웨어(SaaS) 기반 고객관리 서비스를 이용 중으로, 고객관리 서비스에 접속하는 직원 계정 정보를 이용해 개인정보가 유출된 것으로 파악됐다.개인정보위는 Saas를 이용하는 기업이 대규모 개인정보 유출 사고를 예방하기 위해서는 '이중 인증수단' 등을 직원 계정에 적용하고, 접근할 수 있는 인터넷 주소(IP) 제한 등의 접근 통제 조치가 필요하다고 당부했다. 또 피싱 등을 통해 계정이 탈취되지 않도록 개인정보 취급자에 대한 교육과 관리·감독을 강화할 필요가 있다고 강조했다.김소연 한경닷컴 기자 sue123@hankyung.com",https://www.hankyung.com/article/2025070488517,2025.07.04 15:31
자사주 의무소각 상법개정...주목해볼만한 종목은?,,"경유레카는 한국경제신문의 디지털 미디어인 한경닷컴에서 개발한 개별 종목에대한인공지능(AI) 알고리즘 업체의 투자 의견을 종합한 'AI 컨센서스'를 제공하는 서비스입니다. '한경유레카' 앱은 구글 플레이 스토어 혹은 앱스토어에서 내려받을 수 있습니다.





종목추천 서비스 종합 플랫폼 한경유레카에 입점한 친절한미정씨가 전거래일(10일) 카카오뱅크를 추천하여 수익률 6.6%를 기록했다.친절한미정씨는 성장, 가치, 성과, 안정성, 모멘텀 등 기업의 가치를 평가하는 5개 중요 변수를 AI 학습 및 분석하여 상대평가 점수화 지표화한 QAIS(Quin AI Score)라는 자체 점수를 통해 종목을 추천한다.  친절한미정씨는 최근 자사주 의무 매입에 대한 상법개정에 따라 은행주들이 강세를 보이고 AI관련주인 2가지 모멘텀을 카카오뱅크가 가지고 있어 QAIS가 높아져 해당 종목을 추천했다고 전했다. 한경유레카에서 신규가입을 하고 친절한미정씨를 구독하면 1개월간 무료로 추천종목을 문자로 받아볼 수 있다.  본 글은 투자 참고용입니다.한화솔루션 오가노이드사이언스 제주은행 한화손해보험 카카오",https://www.hankyung.com/article/202507111727a,2025.07.11 10:36
외국인 '1조' 담은 이유가…삼성전자 반전에 개미들 '환호' [종목+],"이제 삼성전자 시간 오나…外人 기류 변화 조짐 

삼성전자 주가 연중 최고치 경신
9개월 만에 '66층 주가' 회복

외국인, 삼성전자 '사고' SK하이닉스 '팔자'
""삼전, 현재 주가 기간 조정 마무리 구간""","지난 17일 서울 여의도 한국거래소 전광판에 코스피지수와 삼성전자 주가가 표시되고 있다. 사진=김범준 기자

                국내 증시 대표 반도체 기업 삼성전자와 SK하이닉스 주가 흐름이 엇갈리고 있다. 2분기 실적 저점을 계기로 외국인 투자자들이 삼성전자 주식을 순매수하고 있는 반면 SK하이닉스 주식은 시장에 내놓고 있다. 금융투자업계 전문가들은 ""주가가 가파르게 상승했던 SK하이닉스 대신 삼성전자를 저가 매수할 타이밍이라고 보는 것""이라는 분석을 내놨다.18일 한국거래소에 따르면 전날 삼성전자 주가는 직전일 대비 3.09% 뛴 6만6700원을 기록하면서 연중 최고치를 경신했다. 최근 3거래일 연속 상승세다. 삼성전자 주가가 '66층'(삼성전자 주가 6만6000원대)을 회복한 건 종가 기준 지난해 9월10일 이후 10개월 만에 처음이다.최근 삼성전자 주가 상승을 이끌고 있는 주체는 외국인이다. 지난 8일 삼성전자 2분기 잠정 실적 발표 이후 전날까지 외국인은 삼성전자 주식을 시장에서 1조2800억원어치 순매수하면서 이 기간 국내 증시에서 가장 많이 담은 종목 1위를 기록했다.반면 외국인은 이 기간 SK하이닉스 주식을 1200억원어치(순매도 4위) 내다팔았다. 주가도 전날 8.95% 급락한 것을 비롯해 최근 3거래일 간 연속 하락했다. 지난 14일 종가 기준 사상 처음으로 30만원대 주가로 마치면서 추가 상승을 기대했지만 '과열 경고음'이 나오면서 투심이 불안해졌다.이에 더해 외국계 투자은행인 골드만삭스가 전날 SK하이닉스에 대한 투자의견을 '매수'에서 '중립'으로 낮추면서 가뜩이나 불안했던 투심에 찬물을 끼얹었다. 골드만삭스는 ""내년부터 고대역폭메모리(HBM) 가격 하락은 피할 수 없다""며 가격 결정권이 SK하이닉스 같은 공급자에서 구매자 쪽으로 넘어갈 것이라는 주장을 펼쳤다.
                    



사진=이솔 기자

                증시 전문가들은 최근 두 기업의 주가 흐름이 ""반도체 업종 내 주가 키맞추기""라는 분석을 내놓고 있다. SK하이닉스가 HBM을 앞세워 그동안 주가가 가파르게 올라 밸류에이션이 충분히 반영된 상태인 반면 삼성전자는 HBM의 수혜를 누리지 못했기 때문이다. 올 들어 SK하이닉스 주가는 57.4% 상승하는 동안 삼성전자는 절반에도 못 미치는 24.9% 오르는데 그쳤다.강진혁 신한투자증권 연구원은 ""내년도 HBM 과잉 공급 전망이 나오면서 외국인 투자자들이 삼성전자를 매수 포지션에 놓고 SK하이닉스에 대해 매도를 쳤다""며 ""이재용 회장의 대법원 판결도 삼성전자에 대한 긍정적인 투심을 형성했다""고 판단했다.이재원 신한투자증권 연구원은 ""최근 씨티그룹이 파운드리(위탁생산) 가동률 회복과 5세대 HBM 12단적층 제품(HBM3e 12Hi)에 대한 고객사 품질 통과 기대 등을 근거로 삼성전자 목표주가를 상향 조정했다""며 ""반면 SK하이닉스에 대해선 HBM 공급 과잉으로 인한 가격 경쟁력 저하 우려가 불거졌다""고 해석했다.노근창 현대차증권 리서치센터장은 ""현재 삼성전자 주가는 기간 조정 마무리 구간""이라며 ""올 2분기가 실적 바닥일 것으로 예상되는 만큼 저점 매수가 유효한 전략""이라고 분석했다.노정동 한경닷컴 기자 dong2@hankyung.com",https://www.hankyung.com/article/2025071757196,2025.07.18 06:29
,Cover Story,,https://sgsg.hankyung.com/article/2025071863871,
[인사] 하나금융지주·하나은행,,<하나금융지주>    ◇ 팀장 전보    ▲ IR팀 이건희 ▲ 준법지원팀 조현숙 ▲ AI·디지털전략팀 황상진     <하나은행>    ◇ 부장 승진    ▲ 이사회사무국 김태경    ◇ 지점장 승진    ▲ 청주지웰시티 전병걸    ◇ RM 승진    ▲ 가락금융센터 김중환 ▲ 강남금융센터 박상배    ◇ 부장 전보    ▲ 글로벌FI사업부 김은숙 ▲ 법무지원부 이용은 ▲ 글로벌사업부 주진오 ▲ 소호사업부 한승헌    ◇ 지점장 전보    ▲ 주엽역금융센터 권성훈 ▲ 우이동 길유청 ▲ 신정동 김경애 ▲ 원곡동외국인센터 김두현 ▲ 성남금융센터 김민규 ▲ 구로역 김성운 ▲ 방이동 김순철 ▲ 신길동 김승재 ▲ 호평 김연옥 ▲ 방학동 김영건 ▲ 잠실레이크팰리스 김영권 ▲ 분당시범단지 김영일 ▲ 대화동 김영태 ▲ 시흥 김옥연 ▲ 일산 김은미 ▲ 천안역 김은임 ▲ 금산 김진여 ▲ 충무로역 김진우 ▲ 일원동 김태수 ▲ 양주금융센터 김휘종 ▲ 옥수역 남미경 ▲ 음성금융센터 남승일 ▲ 반월공단 민병곤 ▲ 성산동 민성혜 ▲ 성남중앙 박성재 ▲ 킨텍스역금융센터 박승민 ▲ 평택고덕금융센터 박영민 ▲ 강서금융센터 박장식 ▲ 평촌역금융센터 박재영 ▲ 신설동금융센터 박준석 ▲ 구로금융센터 박춘봉 ▲ 동래 방두성 ▲ 상도역 서종국 ▲ 장산역 성기열 ▲ 청담동 손우철 ▲ 종로5가 손호진 ▲ 송파 신유라 ▲ 남춘천 신창균 ▲ 신평 안희수 ▲ 압구정 어정훈 ▲ 민락동 윤용림 ▲ 이천금융센터 이강선 ▲ 중산 이경희 ▲ 을지로금융센터 이권구 ▲ 대구강북금융센터 이용섭 ▲ 발안 이익재 ▲ 삼선교 이태용 ▲ 주안 임선경 ▲ 서교동 장명숙 ▲ 반포타운 장혜순 ▲ 제천 전미숙 ▲ 나주빛가람 정준영 ▲ 양산 정해명 ▲ 반월기업센터 조원학 ▲ 천천동 조융 ▲ 주례동 최상준 ▲ 화서역 최수혁 ▲ 파주 최형택 ▲ 삼성전자 하두진 ▲ 분당금융센터 하성옥 ▲ 서울숲 한미화 ▲ 남산동 한현정 ▲ 진주 허장영 ▲ 황실 황성권 ▲ 용인 황인섭    ◇ 부지점장 전보    ▲ 김해 김민경 ▲ 천안중앙 나종욱 ▲ 천안두정금융센터 박종복 ▲ 평촌범계역 우요한 ▲ 수유역금융센터 이미정 ▲ 대구 이선영 ▲ 포항금융센터 이채복 ▲ 휘경금융센터 장종숙    ◇ RM 전보    ▲ 판교금융센터 권오경 ▲ 부산연산금융센터 김대현 ▲ 기관사업부 김주열 ▲ 동탄금융센터 김현승 ▲ 을지로금융센터 김현주 ▲ 현대모터금융센터 남형우 ▲ 남동기업센터 박성진 ▲ 신탄진 박영지 ▲ 남서울 박제헌 ▲ 방배기업센터 박준현 ▲ 남동산단금융센터 박중훈 ▲ 잠실역금융센터 박지애 ▲ 미아금융센터 심정호 ▲ 화성병점 유기현 ▲ 삼성센터 유진선 ▲ 서면역 이근우 ▲ 영업부 이승한 ▲ 녹산공단 이영 ▲ 수유역금융센터 이주연 ▲ 평택송탄금융센터 이지열 ▲ 부평 이학재 ▲ 상암DMC금융센터 임희재 ▲ 한남동금융센터 전재호 ▲ 국제전자센터 정기홍 ▲ 투자금융부 조항기 ▲ 코엑스 최솔아 ▲ 테헤란로 최은진 ▲ 공덕역 황우찬    ◇ Gold PB 전보    ▲ Club1PB센터 강두현 ▲ 용산PB센터 강보연 ▲ 서울InternationalPB센터 박진석 ▲ 영업1부PB센터 양재혁 ▲ Club1한남PB센터 유소연 ▲ 강남파이낸스PB센터 이숙남 ▲ Club1PB센터 이지혜 ▲ Club1PB센터 장미윤 ▲ 법조타운골드클럽 조성신 ▲ 대치동골드클럽 최미선 ▲ 도곡PB센터 최윤정 ▲ 영업1부PB센터 최호정 ▲ Club1한남PB센터 하승희 ▲ 아시아선수촌PB센터 한채란    ◇ 해외법인장 전보    ▲ 러시아하나은행 오석민     ◇ 해외지점장 전보    ▲ 파나마 백승엽 ▲ 암스텔담 최봉근     ◇ 해외사무소장 전보    ▲ 미얀마양곤사무소 엄정환 /연합뉴스,https://www.hankyung.com/article/202507160933Y,2025.07.16 08:53
"""구리 50%관세""…미국내 반도체·자동차 공장 최대 피해","미국내 구리 가격은 급등, LME 구리가격은 하락
""미국내 광산/제련/정련 용량 부족,광산개발 10년 넘게 걸려""","사진=REUTERS

                도널드 트럼프 대통령이 미국 현지시간으로 8일 구리 수입에 예상보다 높은 50% 관세를 부과하겠다고 밝히자 뉴욕 구리 선물 가격이 사상 최고치를 기록했다. 반면 글로벌 벤치마크 구리 가격은 하락하면서 구리 시장이 혼란에 빠졌다. 구리는 미국내 공급이 부족한 가운데 반도체·가전제품·자동차·주택건설·데이터센터 등 수많은 산업에 쓰이고 있다. 미국기업은 물론 미국에 현지 공장을 세울 한국 등의 기업들에도 광범위한 영향을 줄 전망이다. 하워드 러트닉 상무부 장관은 구리에 대한 관세는 7월 말이나 8월 1일에 부과될 것이라고 밝혔다. 관세가 적용될 제품이나 칠레와 같은 대규모 생산국에 대한 면제 여부 등 구체적인 내용은 알려지지 않았다. 9일(현지시간) 미국의 상품선물거래소(Comex) 시장에서 구리 선물 가격은 트럼프의 관세 발언 직후인 8일 한 때 17% 급등한 파운드당 5.5085달러로 사상 최고가를 기록했다. 9일 오전에는 4% 이상 하락해 상승폭을 축소했다. 같은 시간 글로벌 기준 가격이 되는 런던금속거래소(LME) 의 구리 선물 가격은 2.4% 하락한 톤당 9,627달러에 거래됐다. 뉴욕 선물 가격과 런던 가격의 차이는 24% 이상 벌어졌다. 블룸버그에 따르면, 트럼프 대통령은 지난 2월에도 구리에 대한 관세 부과 가능성을 언급했으나 이 날의 관세 발표는 기자들이 있는 가운데 즉흥적으로 이뤄졌다. 전 세계 구리 거래자들은 관세 부과 시행을 앞두고 미국에 기록적인 규모로 구리를 수출해왔다. 구리에 대한 관세 50%는 구리에 의존하는 수많은 산업과 응용 분야로 인해 미국 경제 전반에 걸쳐 비용을 증가시킬 것으로 예상된다. 50% 관세는 이미 철강 및 알루미늄에 부과한 관세와 동일하지만, 구리는 거의 절반 이상을 해외 공급에 의존하는 미국내 공장에 특히 큰 타격을 줄 것으로 예상된다.  씨티은행은 미국이 무역확장법 232조에 따라 50%의 구리 수입 관세를 확정하고 30일 안에 시행할 것으로 예상했다. 씨티는 이로 인해 미국외 지역의 구리 가격이 향후 3개월 사이 톤당 8,800달러까지 하락할 것으로 전망했다. 크리스토퍼 라페미나를 비롯한 제프리스의 분석가들은 보고서에서 ""미국은 구리 자급자족을 위한 광산/제련/정련 용량이 턱없이 부족하다”고 썼다. 이들은 “트럼프 정부의 장기 목표는 구리 자급자족이지만 광산 개발에 너무 오랜 시간이 걸려 10년안에 달성이 어렵다”고 분석했다. 따라서 당분간 미국 기업들이 수요 충족을 위해 해외 광산에 의존할 것이며 다른 국가들보다 비싼 구리를 사용하게 될 전망이다. 미국내 구리 구매업체들은 구리에 대한 관세 부과가 트럼프 대통령의 미국 제조업 부활과 중국의 제조업에 대한 견제에 해로울 것이라고 경고해왔다. 미국내 최대 구리 수입업체인 사우스와이어 컴퍼니는 지난 4월 상무부에 보낸 의견서에서 “구리 음극재 수입을 제한하면 구리 수요자들이 중국산을 찾게 될 것""이라고 언급했다. 이 회사는 “미국의 구리 생산량이 공급 격차를 메울 만큼 충분히 빠르게 증가할 수 없다”고 강조했다. 블룸버그는 이 같은 업계의 우려가 무시됐다고 지적했다. 러트닉 상무장관은 CNBC와의 인터뷰에서 “구리에 대한 조사 결과는 대통령에게 넘어갔으며 관세부과 결정은 트럼프 대통령의 몫”이라고 말했다. 컨설팅 회사 플러스마이닝의 창립자인 후안 카를로스 과하르도는 ""시장에서 관세율이 이보다는 낮을 것으로 예상했기 때문에 당분간 관세 발효전 매수로 가격이 오를 것”으로 예상했다. 김정아 객원기자 kja@hankyung.com",https://www.hankyung.com/article/202507098448i,2025.07.09 19:00
"""리츠, 바닥 찍고 반등""…'유증 리스크' 줄인 액티브 ETF도 나왔다","미래에셋, 한경KEDI 지수 활용","윤병호 미래에셋자산운용 전략ETF본부장

                유상증자에 따른 주가 하락 리스크를 최소화할 수 있는 리츠 상장지수펀드(ETF)가 출시된다. 유상증자·신규상장 등 일정에 선제적으로 대응해 손실을 줄이고 수익은 높일 수 있는 구조다.24일 금융투자업계에 따르면 미래에셋자산운용의 ‘TIGER 리츠부동산인프라TOP10 액티브’와 ‘TIGER 리츠부동산인프라10 채권혼합액티브’가 오는 29일 유가증권시장에 동시 상장한다. 국내 언론사 중 유일한 지수 산출 기업인 한국경제신문사가 내놓은 ‘KEDI리츠부동산인프라TOP10’ 지수를 바탕으로 한다.
                    



픽사베이

                이 상품의 가장 큰 특징은 ‘액티브’ 방식으로 운용되는 국내 유일한 리츠 ETF라는 점이다. 유상증자 전 종목을 매도하거나 비중을 줄여 주가 변동성을 방어할 수 있다. 배당 의무가 있는 리츠는 보통 유상증자로 자금을 조달하는데, 이 과정에서 단기적으로 주가가 하락할 수 있다. 작년엔 주요 리츠가 잇달아 대규모 유상증자에 나서면서 리츠 주가가 줄줄이 떨어지기도 했다.상품 운용을 총괄하는 윤병호 미래에셋자산운용 전략ETF본부장(사진)은 “지난해 말 주요 리츠들이 잇달아 유상증자를 하면서 리츠 ETF 가격이 떨어졌는데, 이런 이벤트에 미리 대응할 수 있는 액티브 리츠 ETF가 있었다면 완충 작용을 할 수 있었을 것”이라며 “기존에 상장된 패시브 리츠 ETF보다 더 많은 투자 자본 수익을 거둬 총수익률을 높일 수 있다”고 설명했다.
                    




                국내 투자자에게 인기가 높은 맥쿼리인프라도 최대 비중으로 담았다. TIGER 리츠부동산인프라TOP10액티브의 경우 맥쿼리인프라 비중만 30%에 달한다. 2006년 상장된 맥쿼리인프라는 국내 인프라 사업에 총 3조1000억원 규모로 투자해 연 6~7% 수준의 안정적인 배당금을 지급하는 종목이다.한국 부동산에 투자하는 리츠로만 포트폴리오를 구성했다는 점도 특징이다. 윤 본부장은 “환율과 해외 거시경제 환경에 따라 변동성이 커지는 해외 부동산을 제외하고, 서울 광화문 강남 여의도 등의 A급 오피스에만 투자해 배당 안정성을 높였다”고 설명했다.TIGER 리츠부동산인프라TOP10 액티브엔 ‘분리과세 과세특례’가 적용된다. 5000만원 이하로 3년 이상 투자하면 배당소득에 대해 9.9%의 낮은 세율을 적용받는다. 기존 배당소득세는 15.4%다. 국내 최초 채권혼합형 리츠 ETF인 TIGER 리츠부동산인프라10 채권혼합액티브는안전자산인 채권으로 분류돼 퇴직연금 계좌에서 100% 비중을 넣을 수 있다. TIGER 리츠부동산인프라TOP10액티브와 국내 단기채권을 절반씩 담았다.윤 본부장은 “맥쿼리인프라를 퇴직연금 계좌에 담은 투자자들이 많다”며 “퇴직연금의 안전자산 비중(30%)을 채권 혼합형 리츠 ETF로 채우는 것도 효과적인 리츠 투자 방법”이라고 조언했다.
                    




                최근 배당주에 대한 관심이 높아진 만큼 리츠 투자 수요가 더 커질 것이라는 전망이 나온다. 일반 배당 ETF와 비교할 때 리츠 ETF만의 장점도 명확하다. 윤 본부장은 “부동산 월세는 물가에 연동돼 상승하기 때문에 물가가 오르면 분배금도 따라서 올라간다는 게 리츠 ETF의 장점”이라며 “부동산이라는 실물을 바탕으로 투자하는 상품이기 때문에 하방이 튼튼하다”고 설명했다.실제로 올해 들어 리츠 ETF로의 자금 유입이 본격화됐다. 지난해 유상증자 문제로 자금이 유출됐던 리츠 ETF는 올해 들어 개인 투자자 자금이 ‘순유입’으로 전환됐다. 순자산 7000억원 규모의 국내 최대 리츠 ETF ‘TIGER 리츠부동산인프라’의 경우 올해에만 600억원에 달하는 개인 자금이 들어왔다. 윤 본부장은 “은행 신탁을 통해 들어오는 자금도 400억원 수준”이라며 “보수적인 성향이 투자자들까지 리츠에 관심을 갖는 상황”이라고 말했다.양지윤 기자 yang@hankyung.com",https://www.hankyung.com/article/202507240205i,2025.07.24 17:39
"전통 거래소에 '도전장' 낸 로빈후드…""'토큰화 증권'으로 승부"" [글로벌 종목탐구]",,"/로빈후드 홈페이지 

                ""우리는 모든 사람을 위해 금융을 민주화한다.""미국의 온라인 증권 중개 플랫폼 업체인 '로빈후드 마켓츠'가 내건 회사 미션이다. 현재 미국에서 가장 주목받는 핀테크 업체인 로빈후드는 주식이나 옵션, 가상화폐를 수수료 없이 거래할 있는 모바일 앱으로 유명세를 탔다. 로빈후드 플랫폼을 통하면 주당 300달러가 넘는 테슬라 등을 쪼개서 매입할 수 있다. 올해 가을에는 일부 은행 서비스까지 사업이 확장된다. 블라드 테네프 로빈후드 최고경영자(CEO)는 ""우리는 고객의 모든 금융적 필요를 지원할 것""이라며 ""세금, 상속 계획, 자금 이동 등에 대해 걱정하지 않아도 된다""고 강조했다. 1분기 순이익 114% 급증…'자사주 매입'도 발표로빈후드의 주가는 지난 4월 초 트럼프 관세발 폭락장을 겪으면서도 올 들어 나스닥 시장에서 152.38%(15일 기준) 상승했다. 지난 2일 장중 100달러를 넘어서면서 사상 최고치를 경신했고, 여전히 최고가 근방에서 주가가 유지되고 있다. 
                    




                최근 선물거래, 은행 서비스 등 신사업에 대한 기대와 회사 호실적이 시너지를 발휘하면서 투자자들이 몰리고 있다는 분석이다. 올해 1분기 회사 매출은 전년 동기 대비 약 50% 늘어난 9억2700만 달러를 기록했다.같은 기간 순이익 역시 114% 급증한 3억3600만 달러를 기록했다. 주당순이익(EPS)도 0.37달러로, 시장 예상치를 12% 가량 웃돌았다. 코인 관련 외신들은 ""로빈후드가 단순히 이용자 수만 늘린 스타트업이 아니라, 실제 수익을 내 수익형 기업으로 변화고 있다""는 분석을 내놓고 있다. 이같은 호실적은 로빈후드의 각종 핀테크 사업이 순항 중에 있기 때문이다. 로빈후드의 월 정액 서비스 '로빈후드 골드'의 경우 이용자가 320만 명으로, 월 5달러의 유료서비스임에도 빠르게 회원 수가 늘고 있다. 골드 이용자는 전문 투자 리서치 이용,미투자 현금에 대한 4% 이자, 최대 1000달러에 대한 무이자 혜택 등을 받는 서비스다. 작년 말 고액자산 투자자문 플래폼인 '트레이드PMR'을 인수하면서 410억 달러 규모의 자산도 확보했다. 로빈후드는 이번 실적 발표와 함께 주주 가치 제고· 주가 안정을 위해 5억 달러 규모의 자사주 매입을 결정했다고 발표했다. 지난해 5월 회사 이사회가 최대 10억 달러 규모의 자사주 매입 프로그램을 발표한 데 이어 총 15억 달러 규모 환매가 결정된 것이다. 이는 유통 주식 수를 줄여 EPS 개선에 긍정적이고  경영진의 미래 성장에 대한 자신감을 보여줬다는 해석이다.  유럽서 '토큰화 증권' 서비스 …美 SEC ""증권법 적용해야"" 최근 들어 로빈후드의 '캐시카우'로 가상화폐 사업이 꼽힌다. 올 1분기 가상화폐 부문 매출은 전년 동기보다 100% 급증한 2억5200만 달러를 달성했다. 회사는 지난해 8월 영국의 가상화폐 거래소 '비트스탬프'를 2억 달러에 인수하면서 가상화폐 글로벌 시장에 대한 확장 의지를 분명히 했다. 비트스탬프는 2011년 설립된 글로벌 거래소로, 5000개 이상의 기관 고객과 5만 명에 달하는 리테일 고객을 보유한 업체다. 글로벌 가상화폐 시장에서 최근 가장 공을 들이는 곳은 유럽이다.  지난 4월 회사는 리투아니아에서 중개업 라이선스를 취득해 유럽연합 전역에서 주식 거래 서비스를 제공할 수 있는 기반도 마련했다. 지난 달 로빈후드는 프랑스 칸에서 200종 이상의 미국 주식 및 ETF에 연동된 '로빈후드 스톡 토큰' 서비스를 유럽시장에 출시한다고 발표했다. 이 토큰은 엔비디아, 애플, 마이크로소프트 등 미국의 주요 종목을 포함하고 있는 투자 상품이다. 해당 토큰은 블록체인 기업 아비트럼(Arbitrum)과 협력해 발행된다.  토큰화 주식은 주식을 블록체인 위에서 디지털 토큰 형태로 만든 것을 뜻한다. 진짜 주식 한 조각을 디지털로 만들어 24시간 언제든지 사고팔 수 있게 한 것이다. 수수료와 스프레드가 없고, 배당금도 자동으로 받을 수 있는 점이 특징이다. 하지만 정작 이같은 토큰화 증권이 미국시장에서는 출시되지 않고 있다. 미국 증권거래위원회(SEC)는 토큰화 증권이 여전히 ‘증권’에 해당한다고 보고 있어, 기존 증권법 규제를 받아야 한다는 입장이다. SEC 측은 ""블록체인 기술은 강력하지만, 기본 자산의 본질을 바꾸는 마법 같은 능력을 지닌 것은 아니다”며 “토큰화된 증권은 여전히 증권”이라고 강조했다.사업 확장과 함께 여러 구설수에도 오르고 있다. 최근에는 광고 문구로 사용한 “가장 저렴한 암호화폐 거래 방식”이라는 표현을 써 소비자 오해를 유발했다는 이유로 플로리다주 검찰의 조사도 받고 있다. 비상장 AI업체인 오픈AI는 로빈후드 토큰화 상품으로 자사 지분을 매각할 수 없다며 반발하고 나섰다. 지난 7일 오픈AI는 소셜미디어 X를 통해 “오픈AI의 지분 이전은 당사의 승인을 필요로 하며, 우리는 어떤 이전도 승인한 바 없다”며 “소비자 여러분은 각별히 유의하라”고 밝혔다. 미국 CNBC는 ""플로리다 주의 수사, 오픈AI와의 갈등 등 여러 난관에 직면해 있다""고 우려했다. 
                    




                김동현 기자 3code@hankyung.com",https://www.hankyung.com/article/202507150404i,2025.07.17 15:01
"한화호텔앤드리조트, 파라스파라 서울 인수 추진","정상북한산리조트 지분 100% 인수 계획
한화호텔, 서울 5성급 객실 확보 전략 가속","사진=한경DB

                한화호텔앤드리조트가 서울 북한산에 있는 5성급 리조트 '파라스파라 서울' 인수에 나섰다.17일 업계에 따르면 한화호텔앤드리조트는 파라스파라 서울을 소유한 ‘정상북한산리조트’의 지분 100%를 인수하는 협상을 진행 중이다. 정상북한산리조트는 박상천 삼정기업·삼정이앤씨 대표 및 특수관계자가 지분 전량을 보유하고 있다. 현재 파라스파라 서울은 200개의 분양형, 130개의 일반형 객실이 있으며 조선호텔앤리조트가 위탁 운영 중이다.이번 매각은 삼정기업이 지난 2월 기업회생을 신청하면서 급물살을 탔다. 삼정기업과 삼정이앤씨는 올해 초 화재 사고가 발생한 부산 반얀트리 호텔의 시공사다. 박상천 대표는 업무상과실치사와 중대재해처벌법 위반 혐의로 구속됐다. 업계에서는 삼정 측이 채무를 변제하기 위해 매각에 나섰다는 분석이 나온다. 한화호텔앤드리조트에서 정상북한산리조트 인수에 투입하는 금액은 2000억원대로 추정된다. 한화호텔앤드리조트는 파라스파라 서울을 운영하면서 정상북한산리조트가 삼정기업 등 관계사에 진 1700억원대의 채무를 상환한다는 계획이다.또 인수 이후 300억원 규모의 유상증자를 통해 자본잠식을 해소할 전망이다. 정상북한산리조트의 지난해 말 기준 자본잠식 규모는 172억원이다. 투자은행(IB)업계 관계자는 “부동산 취·등록세 등을 고려해 부동산 매매 대신 부채 법인 인수를 선택한 것으로 보인다”고 말했다.한화호텔앤드리조트가 인수에 나선 배경으로는 서울권 5성급 숙박 포트폴리오 강화가 꼽힌다. 서울시청 인근에 있는 ‘더 플라자’가 지난해 객실 일부를 오피스 공간으로 전환하면서 5성급 객실 확보가 필요한 상황이라는 설명이다. 실제 더 플라자는 지난해 6~8층에 위치한 객실을 임직원 사무실로 개조했다.다만 한화호텔앤드리조트의 재무 부담은 커질 수 있다. 올해 초 아워홈 지분 58.62%를 약 8695억원에 인수한 이후 부채비율이 급격히 상승했다. 2023년 말 기준 175.2%였던 부채비율은 올 1분기 197.4%까지 치솟았다.한화호텔앤드리조트 관계자는 “파라스파라 서울 인수 검토를 한 건 맞지만 아직까지 정해진 것은 없다”고 말했다. 라현진 기자 raraland@hankyung.com",https://www.hankyung.com/article/202507162495i,2025.07.17 10:00
"'우리금융지주' 52주 신고가 경신, 할인요인 축소 본격화 - LS증권, BUY",,"◆ 최근 애널리스트 분석의견- 할인요인 축소 본격화 - LS증권, BUY07월 02일 LS증권의 전배승 애널리스트는 우리금융지주에 대해 ""자본비율 제고와 사업다각화를 바탕으로 할인요인 축소 본격화: 지난 1분기 보통주자본비율은 32bp 상승한 12.45%를 기록. 2분기 중에도 적극적 위험가중자산 관리기조와 함께 환율하락 효과가 더해지며 목표 CET1비율 12.5% 조기 달성이 가능할 전망. 자본비율 제고를 바탕으로 25년 예상 총주주환원율은 37% 수준 으로 상승할 것으로 예상(24년 33.3%). 또한, 전일 보험자회사 편입이 완료되면서 비은행 포트폴리오를 완성. 금리하락과 부채할인율 강화에 따른 생보업계 전반의 자본관리 부담으로 염가매수차익 규모는 크지 않을 것으로 보이나, 경상수익성 확대의 발판을 마련. 그간 동사의 주가할인 요인으로 작용했던 상대적으로 낮은 자본비율과 사업 다각화 약점이 극복됨에 따라 밸류에이션 정상화 구간 진입 본격화 예상""이라고 분석하며, 투자의견 'BUY', 목표주가 '26,000원'을 제시했다.한경로보뉴스이 기사는 한국경제신문과 금융 AI 전문기업 씽크풀이 공동 개발한 기사 자동생성 알고리즘에 의해 실시간으로 작성된 것입니다.",https://www.hankyung.com/article/202507036115L,2025.07.03 13:10
"정부 ""사업자대출 우회사용·고가주택 자금출처 등 집중 점검""",,"관계기관 합동 '가계부채 점검회의'…위법 적발시 즉각 대출 회수7월도 가계대출 증가세 지속 전망…""실효성 있는 주택공급 필요""





                정부가 지난달 27일 발표한 부동산 대출 규제를 회피하기 위해 사업자대출금을 주택 거래에 활용하거나 이른바 '부모 찬스'로 고가주택을 편법 증여 받는 사례가 나타나는지 등을 집중 점검한다.금융위원회는 3일 권대영 사무처장 주재로 '가계부채 점검회의'를 열고 가계부채 관리 강화 이행 상황과 불법·이상거래 점검 방안을 논의했다.기획재정부, 국토교통부, 국세청, 한국은행, 금융감독원, 서울시 등 관계기관과 은행연합회, 제2금융권 협회, 5대 시중은행 등도 참석했다.앞서 정부는 수도권 주택 구입 시 주택담보대출(주담대) 한도를 6억원을 제한하고, 수도권 다주택자의 주담대는 전면 금지하는 내용 등이 담긴 대출 규제 방안을 발표했다.이날 회의에서는 시장 이상거래 대응을 더 강화해야 한다는 데 뜻을 모았다.우선 금감원은 금융권과 함께 사업자대출의 용도 외 사용 점검을 대폭 강화하고, 불법 행위 적발 시 해당 대출금을 즉시 회수하기로 했다.아울러 1차 적발 시 1년, 2차 적발 시 5년간 신규 대출도 금지한다.국세청은 자금조달계획서를 활용해 고가주택의 자금 출처를 정밀 분석하고 세금 신고가 적정하게 이뤄졌는지 검증한다.특히 부모로부터 취득 자금을 편법 증여받거나 소득을 누락하는 등 탈루 사실이 확인될 경우 엄정하게 세무 조사를 실시할 예정이다.국토부는 서울시 등 지방자치단체와의 실거래 분석을 통해 편법 증여, 자금 출처 의심 사례, 허위 계약 신고, 업·다운 계약을 확인한다.위법 사항 발견 시 과태료를 부과하고 사안에 따라 수사기관 및 국세청 등에 즉시 통보하기로 했다.권대영 금융위 사무처장은 ""한정된 대출 재원이 주택시장을 자극하지 않고 투기적 분야가 아닌 자본시장, 기업 등 생산적 분야로 유입돼 경제회복에 기여할 수 있도록 철저하게 관리하겠다""고 말했다.다만 회의 참석자들은 지난 2월 이후 주택 거래량이 늘고 있는 영향으로 가계대출 증가세가 지난달에도 지속됐다고 평가했다.통상 주택 거래와 대출 실행 일까지 2∼3개월의 시차가 발생하는 만큼 7월에도 가계대출 증가세가 이어질 수 있다고 전망했다.아울러 대출 규제가 시장 안정에 도움이 될 수 있지만 실효성 있는 주택 공급 방안도 필요하다는 의견도 제시됐다.관계기관은 이날 회의를 시작으로 매주 가계부채 점검 회의를 열 계획이다./연합뉴스",https://www.hankyung.com/article/202507036435Y,2025.07.03 14:55
,,,https://magazine.hankyung.com/business/article/202507036125b,
"뉴욕 증시, FOMC 의사록서 금리인하 힌트 줄까",,이번주 뉴욕증시는 도널드 트럼프 미국 대통령의 관세 정책에 향방이 갈릴 것으로 예상된다. 트럼프 대통령은 7일 12개국에 관세율을 적은 서한을 발송하겠다고 밝혔다.다만 뉴욕증시에 미칠 악영향은 제한적일 수 있다. S&P500지수와 기술주 중심의 나스닥지수는 지난 3일 사상 최고치를 찍었다. 반다리서치에 따르면 개인투자자는 올해 상반기 개별 주식과 상장지수펀드(ETF)를 1553억달러어치 순매수했다. 월가에서는 ‘트럼프 관세’ 리스크가 상당 부분 시장에 반영됐다고 본다. 또 과거 관세전쟁 당시 채권시장 투매로 미국 국채 금리가 급등(국채값 급락)했을 때 트럼프 행정부가 물러선 전례가 있는 만큼 이번에도 관세 정책이 극단적으로 흐르지는 않을 것이라는 예상이 많다.트럼프 대통령이 4일 서명해 발효한 ‘하나의 크고 아름다운 법안’에 따른 감세 정책으로 주요 기업의 실적 개선이 이뤄질 것이라는 기대도 있다.뉴욕연방은행은 8일 기대 인플레이션을 발표한다. 9일엔 연방공개시장위원회(FOMC)의 6월 의사록이 공개된다. 미국 중앙은행(Fed)의 미셸 보먼 부의장과 크리스토퍼 월러 이사 등이 최근 7월 금리 인하 가능성을 제기한 만큼 6월 FOMC에서 어떤 의견이 오갔을지 주목된다. 두 위원을 제외한 대부분은 공개 석상에서 ‘관망’ 의견을 내고 있다. 제롬 파월 Fed 의장도 인플레이션을 우려하며 관망에 무게를 실었다. 오는 10일 델타항공과 식품 대기업 콘아그라브랜즈 등이 실적을 발표할 예정이다.뉴욕=박신영 특파원 nyusos@hankyung.com,https://www.hankyung.com/article/2025070609691,2025.07.06 17:24
"AI가 예·적금, 대출 상담…'디노랩'으로 스타트업 키워",우리금융그룹 디지털 혁신,"임종룡 우리금융그룹 회장(앞줄 가운데)이 지난 1월 서울 삼성동에 문을 연 '디노랩 강남센터'의 개소식에 참석해 기념촬영을 하고 있다.  우리금융그룹 제공

                우리금융그룹이 인공지능(AI) 기술을 활용한 디지털 혁신에 본격적으로 나선다. 임종룡 우리금융 회장은 올해 신년사에서 독보적인 디지털 플랫폼 경쟁력을 바탕으로 차별화된 경험을 제공하자고 강조했다.이러한 전략의 일환으로 우리금융지주는 지난 5월 금융테크부를 AI 전략센터로 확대·개편해 그룹사 전체 AI 전략을 총괄하기로 했다. AI 전략센터는 각 그룹사가 추진하는 AI 기술 노하우 를 공유하고 트렌드 조사를 수행할 계획이다.우리금융은 지난 6월 디지털 금융 리더십 강화를 위해 그룹 본사와 은행 연수원에서 ‘챗 GPT 활용 실습 연수’를 실시하기도 했다. 임 회장을 비롯한 지주 및 그룹사 임원들이 자발적으로 연수에 참여해 생성형 AI에 대한 이해를 높이고 전략적 활용 방안을 모색하는 시간을 가졌다.우리금융 핵심 계열사인 우리은행은 2020년 7월 AI 사업부를 신설했다. 2023년 12월엔 부서 명칭을 AI플랫폼부로 개편했다. 작년 12월엔 AI플랫폼부 산하에 있는 4개 팀을 5개로 확대했고, 올해 5월엔 7개 팀으로 재편했다. 현재 우리은행의 AI플랫폼부는 △AI전략팀 △AI활용추진팀 △AI서비스운영팀 △AI고객컨택팀 △AI모델검증팀 △GenAI솔루션팀 △AI업무지원팀으로 이뤄져 있다.





                우리금융은 이미 다양한 생성형 AI 기반 서비스를 선보였다. 지난해 4월 금융권 최초로 생성형 AI 기반 예·적금 상담 서비스 ‘AI뱅커’를 내놨고, 11월엔 자체 개발한 ‘AI대출상담원’을 신규 출시했다. 현재는 생성형 AI 기반 신규 서비스의 사전 검증을 위한 ‘챗봇 실험실’을 운영 중이다. 향후 개인화된 청약 상담이 가능한 ‘AI청약상담원’을 출시할 예정이다.우리금융은 AI를 고객 서비스뿐만 아니라 내부통제 시스템에도 적극 활용하고 있다. 지난 5월 잠재적 금융사고 예방을 위해 AI 기술을 적용한 ‘이상징후 검사시스템(FDS)’ 고도화에 착수했다. 내년 상반기 시스템 오픈을 목표로 AI 기반 행동 패턴 분석 기법을 도입해 탐지 범위를 넓히는 동시에 정밀도를 높이는 데 중점을 두고 있다.우리금융은 미래 유망 스타트업을 발굴하는 데에도 초점을 맞추고 있다. 우리금융의 스타트업 육성 프로그램 ‘디노랩(DINNO lab)’은 스타트업이 공룡기업으로 성장할 수 있도록 디지털 혁신의 요람 역할을 한다는 의미를 담고 있다. 디노랩은 지난 9년간 총 199개의 스타트업을 발굴·육성했다. 우리금융의 직·간접 투자액은 3710억원에 달한다.우리금융은 현재 서울(강남·관악)과 경남, 충북, 부산, 전북 등 총 6개의 국내 디노랩 센터를 운영하고 있다. 베트남 하노이센터까지 합치면 총 7개다. 올해 1월 서울 삼성동에서 문을 연 디노랩 강남센터는 전국 스타트업을 연결하는 허브센터 역할을 담당한다. 이곳엔 비수도권 디노랩 기업들이 활용할 수 있는 임시 사무공간과 회의실, 투자 연계 상담을 위한 전용 기업설명(IR)룸 등 스타트업 성장 단계별 필요 시설을 갖추고 있다.우리금융 관계자는 “디노랩을 통해 혁신적인 기술과 서비스를 보유한 스타트업과의 상생협력을 더욱 확대할 것”이라며 “단순한 사업 협업과 투자 연계를 넘어 법률, 회계·세무, 특허 등 다양한 실무교육을 강화해 스타트업들이 유니콘 기업으로 성장할 수 있도록 돕겠다”고 밝혔다.정의진 기자 justjin@hankyung.com",https://www.hankyung.com/article/2025071611501,2025.07.16 15:41
"'제주은행' 52주 신고가 경신, 최근 3일간 기관 대량 순매수",,"◆ 주체별 매매동향- 최근 3일간 기관 대량 순매수지난 한달을 기준으로 보면 기관이 39.0만주를 순매수한 반면, 외국인은 8.6만주를 순매도했고, 개인들도 28.4만주를 순매도했다. 같은 기간 이 종목의 거래비중은 외국인과 개인이 각각 14.8%, 83.5%로 비중이 높다.더욱이 최근 3일간 기관이 대량 순매수를 하고 있어 투자자들의 관심이 집중되고 있다.[그래프]제주은행 외국인/기관 매매동향











한경로보뉴스이 기사는 한국경제신문과 금융 AI 전문기업 씽크풀이 공동 개발한 기사 자동생성 알고리즘에 의해 실시간으로 작성된 것입니다.",https://www.hankyung.com/article/202507100080L,2025.07.10 12:38
야당도 스테이블코인法 추진…쟁점은 '발행요건' [투자토크],,"영상 모듈 닫기




<앵커> 정부 여당에 이어 야당인 국민의힘에서도 원화 스테이블코인 법안을 준비 중인 것으로 확인됐습니다. 기업들이 너도나도 원화 스테이블코인 사업 준비에 뛰어든 가운데 법제화 논의도 속도를 낼 전망입니다.증권부 정재홍 기자와 자세한 얘기 나눠봅니다. 정 기자, 야당에서도 관련 법안을 준비 중이라고요?<기자> 네. 정무위 소속 국민의힘 김재섭 의원실에서 원화 스테이블코인 입법을 준비 중인 것으로 파악됐습니다.학계와 업계의 의견을 수렴한 뒤, 다음달 전체적인 법안 윤곽을 공개할 예정입니다.원화 스테이블코인 입법은 지난달 여당 민병덕 의원이 '디지털자산기본법'을 처음 대표발의하면서 본격적으로 논의가 시작됐습니다.뒤이어 기재위 소속 안도걸 의원이 '기본법'을 보완하는 성격의 입법을 예고했고요. 민주당 강준현 의원은 민 의원과 세부안을 달리한 디지털자산혁신법을 조만간 발의할 예정입니다.저희가 알아본 바에 따르면 국회에서 원화 스테이블코인 입법은 여야 가릴 것 없이 4~5개 더 진행될 전망입니다. 스테이블코인이 증시의 가장 뜨거운 테마로 떠오른 만큼 국회에서도 경쟁적인 입법이 이어지고 있습니다.<앵커> 개별 법안들의 차이점은 무엇입니까?<기자> 현재 민병덕 의원안과 강준현 의원안이 공개돼있습니다. 주요 핵심 쟁점을 살펴보면 다음과 같습니다.민 의원은 자기자본금 5억 원 이상, 강 의원은 10억 원 이상으로 규정합니다. 발행 인가 권한을 금융위로 한정한 것과 달리, 강 의원안은 한국은행의 개입 가능성을 열어뒀습니다. 또 강 의원의 안이 가상자산의 담보인 '준비자산'을 더 명확하게 규정하고 상환 시기까지 구체화하고 있다는 게 차이입니다.민병덕 의원안은 원화 스테이블코인 제도화 논의에 불을 지폈다는 데 의미가 있습니다. 이어지는 법안들이 이것을 추가보완하는 형태로 이어질 전망입니다.<앵커> 각종 스테이블 코인 상표 출원 소식이 매일 들립니다. 기업들은 법안의 어떤 쟁점에 가장 주목하나요?<기자> 관심 있는 기업 입장에선 자신도 스테이블코인을 발행할 수 있느냐가 핵심이잖아요. 자본금 요건에 시선이 갈 수밖에 없는데요. 최초 발의된 민 의원 안의 자본금 요건은 업계 예상 보다 완화된 형태입니다.기존의 덩치가 큰 은행, 간편결제 사업자 뿐만 아니라 기술 스타트업들의 시장 진출도 염두해둔 기준이라고 볼 수 있습니다.규제당국, 특히 한국은행을 중심으로는 요건이 너무 허술하다는 지적도 같은 대목에서 나옵니다. 법정화폐와 연동된 스테이블코인 특성상 발행업체가 난립하면 대규모 예금인출(코인런) 같은 최악의 상황에도 대비가 어렵다는 우려입니다.당초 민간발행조차 부정적 입장있던 한은은 정부여당의 강력한 의지에 한 발 후퇴했습니다. 범부처 차원의 독립적인 만장일치 합의기구를 만들어 진입장벽이라도 높이자고 국정기획위에 의견을 전했습니다.<앵커> 앞으로 입법 과정에서 그런 의견들이 점차 반영될 가능성이 높겠군요.<기자> 네. 다만, 보완적인 입법이 추가될수록 원화 스테이블코인 연내 제도화는 쉽지 않을 전망입니다.아직 원화 스테이블코인은 정무위 소위에서 논의조차 되지 못 한 상태입니다. 정무위에서 여야간 의견을 조율해 합병안을 도출하고, 법사위를 거쳐야합니다. 국회 내에서는 빨라야 내년 초에나 법안이 최종 통과될 것으로 예상합니다.원화 스테이블코인 제도화 기대에 시장은 한껏 들뜬 상태지만 정작 기업들의 사업은 한참 뒤에 시작할지도 모른다는 이야기입니다. 이에 학계에서는 발행량 제한 등 최소한의 리스크 관리 장치만 두고 일단 시범 사업이라도 뛰어들어야 한다고 강조합니다.국내에서 달러 기반 스테이블코인 거래량이 급격히 늘어나고 있는 만큼 먼저 시범 사업부터 진행해야 스테이블코인 인프라 경쟁에서 뒤처지지 않는다는 지적입니다.<앵커> 네. 잘 들었습니다.정재홍기자 jhjeong@wowtv.co.kr",https://www.hankyung.com/article/2025070732465,2025.07.07 17:45
서울시 157만 '힘보탬' 정책 가동…배달전용상품권 300억원 발행·육성자금 3200억 확대,"17일 소상공인 지원 대책 ‘힘보탬 프로젝트’ 발표

‘서울배달+땡겨요’ 활성화 총력...배달비 낮추고 상품권 발행
영세 소상공인 '안심 3종' 지원...산재보험 가입 지원
저리융자·마이너스통장 등 긴급 자금 확충","/사진=연합뉴스

                서울시가 경기 불황에 어려움을 겪는 소상공인을 지원하기 위해 '소상공인 힘보탬 프로젝트' 하반기 대책을 전면 가동한다. 50억원 규모의 펀드를 조성하고, 중소기업육성자금 규모를 3200억원 더 늘리기로 했다. 소상공인에 노란우산공제, 고용보험료, 산재보험료도 일부 지원할 계획이다.서울시는 이런 내용을 담은 ‘소상공인 힘보탬 프로젝트’를 가동한다고 17일 밝혔다.이날 서울시가 내놓은 핵심 소상공인 지원 정책은 ▲공공배달 서비스 ‘서울배달+땡겨요’ 활성화 ▲소상공인 사회안전망 3종 지원 ▲성장형 소상공인 투자 펀드 신설 ▲중소기업육성자금 확대·금리인하 ▲서울신용보증재단 경영지원 조직 개편 등이다.시는 치킨 프랜차이즈와 손잡고 '서울배달+가격제'를 이달부터 순차 도입한다. 운영비는 시와 신한은행, 가맹 본사가 공동 분담하며, 피자·햄버거 등 타 업종으로도 확대할 방침이다. 자체 배달서비스 ‘땡배달’도 이달 30일(수)부터 서울 중구에 시범 도입한다. 배달앱 운영사가 ‘소비자-가맹점-배달’을 통합 관리해 라이더 신속 매칭부터 배달 동선 실시간 제공, 음식 전달까지 전 과정을 관리해 배달비를 무료 또는 900원 수준으로 획기적으로 낮추는 방식이다. 8월에는 300억원 규모의 '배달전용 상품권'을 발행하고, 정부 소비쿠폰과 연계해 최대 1만원 혜택을 추가로 제공한다.영세 자영업자 사회안전망도 강화한다. 시는 현재 월 2만원의 노란우산 장려금, 고용보험료의 20% 지원에 더해 6월부터는 산재보험료도 신규 가입자에 한해 최대 50%까지 지원하고 있다. 이를 통해 퇴직·실업·재해 등 3대 사회위험에 대응하는 '안심 3종'을 완성한다는 구상이다.이와 함께 시는 성장 가능성이 높은 유망 소상공인을 발굴해 집중 투자할 전망이다. 50억원 규모의 '더성장펀드'를 신규 조성해 업체당 최대 1억원까지 투자한다.서울시는 중소기업육성자금을 기존 2조1000억원에서 2조4200억원으로 3200억원 확대하고, 이를 '수출기업 경영안정자금'(1000억 원), '서울배달상생자금'(200억 원), '안심통장 2호'(2000억 원) 등으로 배분할 계획이다. 또 업력 1년 이상인 소상공인을 대상으로, 업체당 1000만원 이내를 연 4%대 변동금리로 지원하는 마이너스 통장 방식의 '안심통장 2호'도 신설했다. 특히 30대 이하 청년 창업자와 60대 이상 노포 사업자에 대해서는 서울시 금융실태조사 결과를 반영해 심사 요건을 완화할 방침이다.시설자금 금리는 기준금리 인하를 반영해 고정금리 3.3%에서 2.8%로 0.5%p 인하하고, 원금상환 유예기간도 6월말에서 연말로 연장했다. 서울신용보증재단은 전 지점을 '종합지원센터'로 개편해 금융·세무·노무·마케팅 상담까지 통합 지원할 예정이다.서울시 관계자는 ""상반기 안심통장 조기마감 등 현장 반응을 바탕으로 하반기엔 보다 체감도 높은 맞춤형 정책을 집중 투입할 계획""이라며 ""소상공인이 위기를 넘어 자립할 수 있도록 정책 수단을 총동원할 것""이라고 말했다.김영리 기자 smartkim@hankyung.com",https://www.hankyung.com/article/202507174140i,2025.07.17 11:26
세계 증시서 주목받는 '코리안 랠리'…앞으로 지속되려면 [한상춘의 국제경제 읽기],"外人, 親증시 정책 주목
저평가·환차익 매력도

거시정책이 미시 흔드는
'역구성의 오류' 위험

재정·통화 정책은
국민 속으로 파고드는
프레이밍 효과가 중요","한국 증시가 개장 이후 처음으로 세계 증시에서 주목받고 있다. 좀처럼 다루지 않던 뉴욕타임스와 가장 보수적인 니혼게이자이신문마저 한국 증시를 특집으로 다룰 정도다.‘탄력적인 한국 기업의 지배구조 개선’이란 전제조건을 달고 있지만 JP모간은 앞으로 2년 안에 코스피지수가 5000에 도달할 수 있을 것으로 내다봤다.포트폴리오 지위상 한국처럼 신흥국에 속한 국가의 주가는 시장, 정책, 그리고 펀더멘털 요인에 따라 결정된다. 통화 가치를 고려한 한국 증시 여건은 저평가와 환차익 매력이 큰 것으로 평가돼 왔다. 지난 4월 중순 이후 달러 캐리, 유로 캐리, 엔 캐리 자금이 순차적으로 들어온 것도 이 때문이다.최근에는 캐리 트레이드 여건상 가장 늦게 반응하는 해외에 투자한 국내 자금까지 돌아오는 리플렉스 현상이 나타나고 있다. 외국인이 한국 증시에서 환차익과 저평가 이익을 누릴수록 해외에 나간 국내 투자자는 고평가와 환차손 부담이 커지기 때문이다. 외화 수수료, 주식 양도 차익 과세까지 고려하면 한국 증시의 매력은 더 커진다.외국인이 한국 증시에 들어오게 단초를 제공한 것은 정책 요인이다. 가장 주목한 것은 ‘친증시 대책을 어떤 시각에서 추진하느냐’는 점이다. 금융이 실물을 주도하는 여건에서는 증시 대책을 실물에 뒤따라가는 차원에서 추진하면 주가가 살아나도 일회성에 그친다. 하지만 현 정부는 경기대책 차원에서 친증시 정책을 추진해 외국인의 기대를 충족했다.한국 경제는 해로드-도마의 성장 이론에서 제시한 황금률(golden rule), 즉 실제 성장률과 균형 성장률 그리고 잠재성장률이 동시에 낮아지면서 선진국 함정에 빠질지 모르는 기로에 놓여 있다. 세계은행이 제시한 중진국 함정에 빗댄 이 함정에서 우려되는 것은 정책당국이 경기부양을 모색하더라도 정책 수용층이 반응하지 않는 좀비 현상이다.
                    






이미지 크게보기



                전통적인 재정과 통화정책 외에 제3의 방안이 필요하다는 의미다. 외국인이 경기대책 차원에서 친증시 정책을 주목한 것도 이 때문이다. 한국처럼 개인투자자가 1400만 명이 넘는 여건에서 친증시 대책을 추진하면 경제심리 개선에 따른 정책 민감도 제고와 주가 상승에 따른 자산 효과를 동시에 누릴 수 있다.재정정책과 통화정책도 한국처럼 이미 개츠비 곡선 함정에 빠진 여건에서 전 국민을 대상으로 추진하면 오히려 경기를 침체시키는 재정 침체와 금융 침체를 낳을 확률이 높다. 더 우려되는 것은 계층 간 소득 불균형을 더욱 심화해 각종 사회병리 현상을 위험수위로 치밀게 할 수 있다는 점이다.앤드루 크루거 미국 프린스턴대 교수가 제시한 개츠비 곡선은 우리에게도 잘 알려진 ‘위대한 개츠비’라는 영화에서 착안한 이론이다. 소득 불균형 정도가 위험수위를 넘어 세대 간 이동이 어려울 때는 자녀의 미래는 자신의 능력과 노력보다 부모의 경제력에 좌우된다는 것이 이 이론의 골자다.개츠비 곡선 함정에 빠진 여건에서 가장 경계해야 할 것은 역구성의 오류를 범하는 일이다. 경제 이론상 구성의 오류는 미시 정책이 거시 정책을 흐트러뜨리는 경우고, 역구성의 오류는 그 반대다. 이 상황에서는 재정과 통화정책은 특정 매크로 지표에 의존하는 프레임 효과보다 국민 속으로 파고드는 프레이밍 효과를 중시해야 한다.외국인이 추가경정예산을 통한 현 정부의 재정정책을 주목한 것은 바로 이 점이다. 소비 쿠폰 등을 통한 추경 지출이 한계소비성향(MPC)이 높은 중하위층에 초점을 맞췄기 때문이다. 국가 부도 우려도 피케티 공식에 따라 성장률(g)이 이자율(r)보다 높으면 큰 문제가 되지 않는다고 본다.7월 금융통화 회의에서 금리를 동결한 조치가 아쉬운 것도 이 때문이다. 최근 부동산 투기는 전국적인 현상이 아니다. 특정 지역에 국한된 문제를 보편적 수단인 금리로 대처하다간 개츠비 곡선 함정에 더 빠질 위험이 높다. 금리 내리기가 여의치 않았다면 중하위층을 지원하는 선별적인 정책을 보완했어야 했다.",https://www.hankyung.com/article/2025071351581,2025.07.13 17:51
"""낙관론 지나치다…'그날' 오면 美 증시 급락"" 폭탄 전망",,"로널드 템플 라자드자산운용 시장전략수석

                “미국 국내총생산(GDP) 증가율, 인플레이션, 기업 실적 등 모든 지표가 좋지 않은데도 주가가 오르고 있습니다. 투자자들이 지나치게 낙관적이라는 의미죠.”로널드 템플 라자드자산운용 시장전략수석(사진)은 22일 한국경제신문과의 인터뷰에서 “미국 증시가 거의 최고치에 도달했다”며 시장에 팽배한 낙관론을 경계해야 한다”고 강조했다. 나스닥, S&P500 등 대표 지수가 연일 사상 최고치를 경신하는 현 상황이 ‘일반적이지 않다’는 것이다. 라자드자산운용의 거시경제 전략과 시장 전망을 총괄하는 템플 수석은 월가에서 지정학 전문가로 꼽힌다.그는 도널드 트럼프 미국 행정부가 관세 정책을 여러 번 번복한 탓이 크다고 했다. 템플 수석은 “4월 상호관세 발표 후 미국 주식·채권·통화가 일제히 매도되자 미국 정부는 부랴부랴 정책을 유예했고, 결국 주가가 회복됐다”며 “상황이 나빠지면 정부가 정책을 또 바꿀 것이라는 낙관론이 확산한 계기가 됐다”고 설명했다.템플 수석은 ‘트럼프 관세 디데이(D-day)’인 다음달 1일 이후엔 시장이 다르게 흘러갈 수 있다고 경고했다. “미국 주가지수가 10~15% 빠질 수 있다”고 했다. 관세가 인플레이션을 부추길 우려가 있어서다. 템플 수석은 “인플레이션 탓에 고금리가 유지되면 주식의 멀티플(기업가치 배수)이 깎이기 마련”이라며 “근로자의 실질 임금 상승률이 둔화하면 소비가 줄고, 결과적으로 기업 실적도 꺾일 것”이라고 말했다.
                    



로널드 템플 라자드자산운용 시장전략수석

                올해 미국 중앙은행(Fed)의 금리 인하 가능성이 ‘0’에 가깝다는 점도 악재다. 그는 “인플레이션율이 높은 상황에서 Fed가 금리를 내릴 순 없다”며 “내년은 돼야 인하가 시작될 것”이라고 전망했다. 지난 4일 발효된 ‘하나의 크고 아름다운 법안(OBBBA)’에 강력한 이민 정책이 포함된 것도 금리 인하 시점을 늦추는 요인이다. 템플 수석은 “이민자를 체포·추방해 미국 내 노동력이 줄어들면 기업의 인건비 부담이 커진다”며 “이 또한 인플레이션 압력으로 작용할 수 있다”고 말했다.템플 수석은 관세 부과 이후 미국 증시의 변동성이 커질 것으로 예상되는 만큼 포트폴리오에서 미국 비중을 조정해야 한다고 조언했다. 미국을 대체할 시장으로는 신흥국과 일본, 유럽 등을 추천했다. 그는 “향후 5~10년은 신흥국이 다른 시장 대비 높은 성과를 낼 것”이라며 “기업 지배구조가 개선되고 있는 일본, 그리고 재정 확대 등 성장을 위한 변화가 진행 중인 유럽도 긍정적으로 보고 있다”고 말했다.한국 역시 유망 투자처로 꼽았다. 다만 낮은 자본수익률(ROC) 문제가 해결돼야 한국 시장의 투자 매력이 커질 것으로 진단했다. ROC는 투입된 자본 대비 실질 수익을 얼마만큼 냈는지를 나타내는 지표다.다만 중국 시장에 대해서는 신중한 입장을 취했다. 최근 중국의 소매 판매, 부동산 가격 등의 지표가 악화해서다. 중국 시장이 장기적으로 성장하기 위해서는 근본적인 재정 구조 개혁이 선행돼야 한다고도 덧붙였다. 그는 “지난해 9월 중국 정부가 부양책을 발표하자마자 2주 만에 시장이 30~40% 급등했는데, 개혁이 뒤따르지 않자 주가가 다시 서서히 하락했다”며 “장기적으로 고성장을 지속하려면 사회 안전망 확충, 지방 정부 재정 구조 개혁 등이 필요하다”고 말했다.한편 템플 수석은 이란-이스라엘 분쟁과 관련해 “아직 위기 상황이 종식되지 않았다”고 언급했다. 이스라엘이 이란에 대한 공중전의 우위를 점하고 있을 뿐 아니라 이란이 핵무기 개발을 지속하고 있을 가능성이 여전해서다. 다만 무력 충돌이 재개돼도 에너지 가격에는 큰 영향을 미치지 않을 것이라 내다봤다. 그는 “이스라엘이 이란을 추가로 공격한다고 해도, 호르무즈 해협을 통한 에너지 공급이 차질 없이 이어진다면 유가 상승 폭은 크지 않을 것으로 예상된다”고 설명했다.양지윤 기자 yang@hankyung.com",https://www.hankyung.com/article/202507225390i,2025.07.22 20:06
"'서학개미 최애주' 서클…월가 전문가들 ""250달러 간다 vs 80달러짜리""",,"사진 로이터

                국내 투자자들이 지난 한달간 외국 종목 중 가장 많이 사들인 서클 인터넷 그룹(서클)을 두고 월가 전문가들의 전망이 크게 엇갈리고 있다. 스테이블코인 시장이 커지면 기업가치가 훨씬 커질 것으로 보는 의견이 있는 반면, 이미 주가가 지나치게 올랐다는 ‘경고’ 의견도 나오는 분위기다. 4일 예탁결제원에 따르면 서클은 이 기업이 뉴욕증시에 상장한 지난달 5일 이후 전날까지 국내 개인투자자들이 가장 많이 순매수한 외국 증시 종목 1위를 차지했다. 이 기간 서학개미들은 서클을 6억7256만8353달러(약 9178억원)어치 순매수했다.이는 순매수 2위로 테슬라의 하루 수익률 2배를 추종하는 상장지수펀드(ETF) ‘디렉시온 데일리 테슬라 불 2X 셰어스’ 순매수 규모를 약 830억원가량 웃돌고, 순매수 3위 팰런티어테크놀로지 순매수세의 네 배가 넘는 규모다. 전날 기준 서클의 시가총액(57조원) 중 1.6%을 국내 투자자들이 보유하고 있는 셈이다. 서클은 글로벌 스테이블코인 시가총액 2위인 달러 스테이블코인 ‘USDC’를 발행하는 기업이다. 글로벌 1위 스테이블코인 ‘USDT’ 발행사인 테더는 비상장 기업인 영향에 투자 수요가 서클로 몰리고 있다는 분석이다. 이 회사는 지난 5일 뉴욕증시에 상장한 이후 지난달 23일까지 주가가 급등했다. 공모가가 31달러였지만 지난달 23일 장중엔 298.88달러까지 치솟기도 했다. 미국 상원이 스테이블코인 기업에 규제를 적용해 제도권으로 편입하는 법안 ‘지니어스법’을 통과시키자 시장이 확대될 것이란 기대감을 탄 영향이다.하지만 이후 국제결제은행(BIS) 등이 스테이블코인에 대한 우려를 표명한 등 영향으로  주가가 등락을 반복하다 최근엔 180달러선까지 내려왔다. 전날엔 6.07% 오른 188.77달러에 장을 마감했다. 전날 기준 서클의 주가수익비율(PER)은 약 651배에 달한다. 금융정보업체 팩트셋의 TTM EPS(최근 12개월간 회사의 순이익을 발행주식수로 나눈 값) 컨센서스를 기준으로 한 값이다. S&P500의 12개월 선행 주가수익비율(약 22배)를 훌쩍 웃돈다. 서클의 주가 향배를 두고는 월가 전문가들도 의견이 분분하다. 지난달 말부터 서클에 대해 투자 의견을 제시한 10개 투자은행(IB)의 목표주가는 최고 250달러에서 최저 80달러까지 제각각이다. 10개 증권사 중 12개월 목표가를 제시한 9개사의 평균 목표가는 188.88달러로 전날 종가와 거의 비슷하다. 목표주가 250달러를 제시한 니덤은 “스테이블코인은 빠르게 성장해 금융 생태계의 패러다임을 바꿀 것”이라며 ‘강력매수’ 의견을 냈다. 서클이 테슬라나 주요 인공지능(AI) 기업만큼의 프리미엄 가치를 인정받을만 하다는 게 존 토다로 니덤 애널리스트의 설명이다. 캐나다계 증권사 캐너코드 제뉴이티도 목표주가 247달러로 ‘강력매수’를 제시했다. 반면 도이체방크는 목표가를 155달러로 제시하며 ‘보류’ 의견을 냈다. 도이치방크의 브라이언 베델 애널리스트는 “스테이블코인엔 장기적으로 기회가 있지만, 적어도 중기적으로는 기업의 수익 전망에 따라 주가가 상당한 변동성을 겪을 가능성이 있다”며 “지금 진입하느니 더 나은 시점을 따지는 게 낫다”고 봤다. 오펜하이머의 오웬 라우 애널리스트는 목표주가를 제시하지 않은 채 “서클 투자는 암호화폐 시장에 대한 투자 비중을 높이는 ‘깔끔한’ 방법”이라면서도 “상장 후 4주만에 주가가 급등한 만큼 더 나은 진입점을 기다리는 게 낫다”고 분석했다. 스테이블코인 관련 규제 동향 등에 따라 매수 기회가 올 것이란 조언이다. ‘경고 깃발’을 든 IB들도 있다. 골드만삭스는 서클의 적정 주가가 83달러라며 ‘보류’ 의견을 냈다. 기존 대비 56%까지 주가가 빠질 수 있다는 얘기다. 제임스 야로 골드만삭스 애널리스트는 “서클은 향후 5~8개 분기 조정 순이익의 약 60배 수준에 거래되고 있다”며 “상당폭 주가 조정을 받을 수 있다”고 내다봤다. 가장 낮은 목표가를 제시한 JP모건은 80달러가 적정 주가라고 분석하며 ‘매도’를 추천했다. 케네스 워딩턴 JP모건 애널리스트는 “서클이 초기 스테이블코인 시장에서 유리한 위치를 차지한 것은 맞지만, 현재 시가총액은 지나치게 상승한 상태”라고 지적했다. 선한결 기자 always@hankyung.com",https://www.hankyung.com/article/202507048978i,2025.07.04 16:04
[데스크 칼럼] 모험자본 50조원 쉽게 늘리는 방법,조재길 증권부장,"국내 벤처 생태계에 위기감이 팽배해 있다고 한다. 돈이 돌지 않고 있기 때문이다. 비영리 기관인 스타트업얼라이언스 자료를 보면 국내 기업형 벤처캐피털(CVC)의 지난해 투자액은 1조9696억원이었다. 1년 전보다 9.2% 쪼그라들었다. 큰손인 대기업 CVC 투자액은 3056억원으로, 활황기이던 2022년(1조7502억원)의 20%에도 못 미쳤다.올해 들어서도 비슷하다. 좀 다른 통계(벤처투자 플랫폼 더브이씨)지만 상반기 스타트업 및 중소기업 대상 투자는 455건, 2조2403억원에 그쳤다. 작년 같은 기간보다 건수로 38%, 금액으로는 27% 줄었다. 벤처 투자가 얼어붙은 건 경기 불확실성이 커진 상황에서 자본 회수 시장마저 침체 일로여서다. 증시 상장을 통한 투자금 회수가 까다로워지다 보니 벤처캐피털은 신규 투자에 보수적이다. 출자자(LP)도 마찬가지다. 투자 저조해 벤처 생태계 붕괴2023년 ‘뻥튀기 상장’ 논란을 일으킨 반도체 설계업체 파두의 영향이 큰 것 같다. 상장 당시 해당 분기 매출이 176억원이 될 것이라고 장담했지만 정작 6000만원이 전부였다. 주가가 급락하고 수많은 피해자가 양산됐다.벤처업계의 돈맥경화가 심각하지만 사실 시장은 쉬운 해법을 알고 있다. 규제를 풀어 자본시장을 활성화하는 것이다. 금융당국은 자기자본이 4조원 이상인 초대형 투자은행(IB) 중 ‘적격 금융회사’를 지정한 뒤 단기 금융업(발행어음) 인가를 내줄 수 있는데, 2021년 이후 전무하다. 마지막 승인을 받은 미래에셋증권은 4년 만에야 겨우 자격을 따냈다.발행어음은 증권사가 자체 신용으로 발행하는 만기 1년 이내 어음이다. 이게 중요한 건 자기자금의 두 배까지 조달이 가능해서다. 이렇게 조달한 자금은 일반 채권·부동산은 물론 기업금융에 활용할 수 있다. 유동성이 절실한 벤처기업 등엔 생명줄 역할을 할 수 있다.발행어음 사업자 자격은 한국투자증권, KB증권, NH투자증권, 미래에셋증권 등 4곳만 갖고 있다. 지난달 말 잔액은 44조원 정도다. 4곳 말고도 ‘정량 기준’을 맞춘 증권사는 삼성증권, 키움증권, 메리츠증권, 신한투자증권, 하나증권 등 적지 않다. 삼성증권만 해도 자기자본이 7조원에 육박한다. 2021년 후 초대형 IB 인가 없어추가 5곳이 발행어음을 새로 취급하면 어떻게 될까. 이들의 자기자본 평균을 5조원으로만 잡아도 손쉽게 50조원을 시장에 풀 수 있다. 내수 부양을 위한 이번 추가경정예산(31조8000억원)보다도 60% 이상 많은 수치다. 증권사들이 조달한 자금이 벤처기업으로 흘러들어가지 않을 것을 우려한다면 신규 인가 때 일정 비중만큼 ‘모험자본 투자’ 조건을 붙이면 될 일이다.이재명 정부는 벤처투자 활성화를 핵심 국정과제로 내세우고 있다. 이재명 대통령은 후보 시절 “벤처투자 시장을 연간 40조원 수준으로 늘리겠다”고 약속했다. ‘이것만 빼고 다 하라’는 네거티브 규제로 전환하겠다고도 했다.문제는 당국의 눈치보기와 미루기다. 이런저런 이유로 발행어음 규제를 통과하기 쉽지 않을 것이란 얘기가 벌써부터 나온다. 이 대통령 공약인 ‘코스피지수 5000’ 시대를 달성하려면 규제 철폐를 통한 모험자본 확대가 필요하다는 게 시장의 주문이다.",https://www.hankyung.com/article/2025070983591,2025.07.09 17:52
'지금 사두면 돈 번다'…개미들 주목해야 할 종목 [K증시 고지점령 中],"상반기 강세장 이끈 지주·금융·조선·방산·원전
증권가 ""AI·지주사 등 정책 수혜주에 주목""","새 정부의 증시 부양책 기대로 국내 증시가 파죽지세로 달리고 있습니다. 코스피지수는 이재명 대통령이 당선된 후 ‘삼천피’(코스피 3000)를 탈환했고, 3200선까지 터치했습니다. 한경닷컴은 여의도 증권가 전문가들에게 하반기 증시 전망에 관해 묻고 세 편에 걸쳐 주도주와 수급 등 전망에 대해 짚었습니다. [편집자주]




사진=한경 DB

                올 상반기 국내 증시에서 '지·금·조·방·원'(지주·금융·조선·방산·원전)이 강세장을 이끈 가운데 증권가에선 하반기 인공지능(AI)과 지주사 등 정책 수혜주에 주목할 것을 주문했다.17일 한국거래소에 따르면 올 상반기 주요 방산주로 구성된 'PLUS K방산' 상장지수펀드(ETF)의 수익률은 157.04%로 같은 기간 전체 상품 중 1위를 차지했다. 원전·조선 테마 ETF인 'HANARO 원자력iSelect'와 'SOL 조선TOP3플러스'도 각각 117.46%와 70.93%의 수익률로 상위권에 포진했다.이들 업종은 수출 실적이 뒷받침되고 향후 미국으로의 수주가 급증할 것이란 기대를 받아 주가가 우상향했다.여기에 인공지능(AI) 반도체 칩 대장주 엔비디아 공급망에 올라타 고대역폭메모리(HBM) 시장을 독식한 SK하이닉스도 증시 상승에 힘을 보탰다. 이 회사 주가는 올 상반기에만 67.91% 뛰었는데 삼성전자 상승률(12.41%)과 비교하면 5배 이상 높은 수준이다금융투자업계에선 올 하반기 증시 주도주로 기존 '조·방·원'에 더해 AI 산업 수혜를 받는 반도체·전력인프라와 정보기술(IT) 인터넷 등을 꼽았다. 현재 유동성 장세에서는 소수의 주도주뿐 아니라 다수 업종이 전반적으로 상승할 가능성이 있다는 이유에서다.  실제 증시 대기 자금으로 분류되는 투자자예탁금은 지난 14일 기준 68조875억원으로 연초(57조583억원) 대비 19.33% 늘었다. 이 자금은 투자자가 주식을 사려고 증권사 계좌에 맡겨두거나 주식을 팔고 찾지 않은 돈이다. 같은 기간 신용융자 잔액도 21조3352억원으로 36.05% 급증했다. 통상 유동성 장세에서는 증시 상승과 함께 신용융자 잔고가 증가하는 경향을 보인다.나정환 NH투자증권 연구원은 ""코스피지수가 박스권에서 움직이는 장세라면 기존 주도주를 팔고 다른 모멘텀(상승 동력)이 있는 업종으로 넘어가는 전략이 유효할 수 있다""며 ""하지만 지금은 유동성이 풍부하기 때문에 시장이 새로운 주가 상승 재료에 긍정적으로 반응한다""고 설명했다.이어 ""기존 주도주인 조선·방산·원전 이외에도 대선 이후 상법 개정안 등 정책 모멘텀이 있는 업종인 지주와 증권업이 크게 올랐다""며 ""향후 AI 투자 모멘텀이 기대되는 AI 소프트웨어와 IT 종목의 주가 상승도 기대해 볼 만하다""고 짚었다.
                    



이재명 대통령이 지난달 20일 울산 울주군 울산전시컨벤션센터에서 열린 인공지능(AI) 글로벌 협력 기업 간담회에서 최태원 SK그룹 회장과 귀엣말을 하고 있다. 사진=뉴스1

                AI 소프트웨어와 전력기기 업종은 당장 2분기 실적 시즌에서 돋보이는 성과를 낼 것이란 분석이다. 이병화 신한투자증권 연구원은 ""대미 관세 우려가 있던 북미 인프라, 수출주 중 전력기기 업종은 공급자 우위 시장(Seller’s market)이 여전해 '관세 무풍'의 호실적이 예상된다""며 ""현재 시장 침투율 초기임을 감안할 때 밸류에이션(실적 대비 주가 수준) 할인 축소 가능성도 높다""고 강조했다.이재명 정부의 증시 부양 정책과 상법 개정의 수혜를 받는 증권·은행·지주사 종목의 추가 상승 여력이 큰 것으로 꼽힌다. 이 종목들은 주가순자산비율(PBR)이 낮은 저(低)PBR주로 분류된다. 이재명 정부의 증시 부양책에 힘입어 저평가에서 탈출할 것이란 기대감이 한껏 높아진 상황이다. 정부는 지난 15일 국무회의를 열고 상법 일부개정 법률 공포안을 의결했다. 주요 내용 가운데 이사의 충실 의무 대상을 '회사 및 주주'로 확대하는 규정은 공포 후 즉시 시행된다. 실제 새 정부 출범 후 지난 15일까지 주요 지주사로 구성된 'TIGER 지주회사' ETF는 19.68% 상승했다. 황승택 하나증권 센터장은 ""지주사의 경우 주주 보호와 배당 유인 확대에 따른 수혜가 기대된다""고 말했다.
                    



사진=한경 DB

                대형 지주사가 이미 많이 올라 부담이라면 중견 지주사에 주목하라는 조언도 나온다. 한화투자증권에 따르면 대기업 집단에 속한 대형 지주사 22곳의 지난 2분기 평균 주가 상승률은 62%다. 반면 중견 지주사 35곳은 46%로 대형사의 상승률을 밑돌았다. 중견 지주사는 대형 지주사보다 상대적으로 지배주주 영향력이 커 지배구조 개선에 돌입하면 더 큰 수혜가 예상된다.박희찬 미래에셋증권 센터장은 ""전고점을 돌파한다면 주도주는 은행과 지주사일 것""이라며 ""특히 은행과 지주사는 상승 여력이 남아 있고, 이들이 지수 상방을 뚫어주는 역할을 할 것""이라고 말했다.다만 일각에서는 기존 주도주인 방산·원전 등의 주가가 이미 많이 오른 만큼 차익 실현 압력에 직면할 가능성이 있다는 조언도 나온다. 이들의 상승세가 꺾이지는 않겠지만 상반기와 같은 압도적 성과를 내긴 어려울 것이란 관측이다.이승훈 IBK투자증권 센터장은 ""원전·방산 등 기존 주도 업종은 다른 (유망) 산업들이 부상하면 일부 조정받을 것으로 예상된다""며 ""올 2분기 실적과 가이던스(전망치)가 시장 기대치에 부합할지가 관건이 될 것""이라고 말했다. 이어 ""이들이 시장 기대치를 밑도는 실적을 거두면 다른 업종으로 주도주는 옮겨갈 수밖에 없다""고 부연했다.윤여철 유안타증권 센터장도 ""기본적으로 방산·원전의 상승세가 끝은 아니지만, 현재 수익률 측면에서 다른 산업보다 아웃퍼폼(수익률 상회)할 것인지는 검증이 필요할 것으로 본다""고 진단했다.고정삼/진영기 한경닷컴 기자 jsk@hankyung.com",https://www.hankyung.com/article/2025071613646,2025.07.17 13:00
'관치 인뱅' 4년…금융혁신이 사라졌다,"중·저신용대출 규제에 손발 묶여 혁신 서비스 후퇴

카카오뱅크 등 3사, 과도한 정부 간섭에 성장성 악화 
대출 문턱 높이고 수수료 혜택 축소…시중銀 닮아가","카카오뱅크, 케이뱅크, 토스뱅크 등 인터넷전문은행 3사가 ‘혁신’을 자처하며 도입한 서비스를 잇달아 중단하거나 혜택을 축소하고 있다. 은행권에 수수료 면제 경쟁을 몰고 온 인터넷은행이 10년 전 시중은행처럼 다시 수수료를 부과하고 일부 계층의 대출 접근성을 제한하고 나섰다. 정부의 중·저신용자 대출 비중 규제가 4년 넘게 이어지자 손발이 묶인 인터넷은행이 출범 취지인 ‘금융혁신’에 역행하기 시작했다는 지적이 제기된다.11일 금융권에 따르면 토스뱅크는 2021년 10월 출범 이후 줄곧 유지하던 현금자동입출금기(ATM) 이용 수수료의 무제한 면제 혜택을 중단하기로 했다. 다음달 1일부터 매달 30회가 넘는 ATM 입·출금과 이체에 건당 500~1500원의 수수료를 부과한다. 케이뱅크도 2017년 4월 출범 이후 지속해 온 ATM 이용 수수료 무제한 면제 조치를 지난 4월 폐지했다.인터넷은행은 소비자의 금융 접근성을 고의로 제한하는 모습마저 보이고 있다. 토스뱅크는 비대면의 혁신성을 내세우며 2022년 2월 국내 최초로 개인사업자 대상 100% 비대면 방식의 신용대출을 출시했다. 하지만 건전성이 악화하자 토스뱅크는 대출 문턱을 크게 높여 2023년 말부터 올해 3월 말까지 개인사업자대출 잔액을 20% 가까이 줄였다.혁신이 사라진 것은 수익 확보가 어려워졌기 때문이다. 특히 전체 신용대출의 30% 이상을 중·저신용자를 대상으로 채워야 하는 규제가 4년 넘게 인터넷은행에만 부과되자 연체율이 치솟았다는 분석이다.한 인터넷은행 임원은 “대면 영업이 법으로 금지돼 있어 기업대출에 나서기 어려운 상황에서 정부가 가계대출을 억제하는 동시에 중·저신용자 대출 규제를 강화하다 보니 성장이 어렵다”고 토로했다.정의진 기자 justjin@hankyung.com",https://www.hankyung.com/article/2025071133941,2025.07.11 17:47
"'iM금융지주' 52주 신고가 경신, 2Q25 Preview: '비상(飛上)'의 시간 - 상상인증권, BUY(신규)",,"◆ 최근 애널리스트 분석의견- 2Q25 Preview: '비상(飛上)'의 시간 - 상상인증권, BUY(신규)07월 03일 상상인증권의 김현수 애널리스트는 iM금융지주에 대해 ""2분기 실적은 컨센서스를 소폭 상회할 전망. 실적 반등 가시화, RWA 대비 수익성 우수. 커버리지 내 가장 저평가된 은행지주, 주주환원 상향 여지: 현재 PBR to RoRWA는 0.34배로 커버리지 내 가장 저평가된 수준이다. 상반기 400억원 규모 자사주 매입·소각을 완료했으며, 하반기 300억원 추가 매입 시연간 총주주환원율은 목표치인 40%에 도달할 것으로 예상된다. 이에 따라 주주환원 목표 상향 가능성도 열려 있다.""이라고 분석하며, 투자의견 'BUY(신규)', 목표주가 '20,000원'을 제시했다.한경로보뉴스이 기사는 한국경제신문과 금융 AI 전문기업 씽크풀이 공동 개발한 기사 자동생성 알고리즘에 의해 실시간으로 작성된 것입니다.",https://www.hankyung.com/article/202507084005L,2025.07.08 09:15
SK하이닉스 37만원까지 간다고?…종토방 개미들 '술렁' [선한결의 이기업 왜이래],"SK하이닉스, 시장 주도권 '잃을 것 vs 지킬 것'
증권가 갑론을박","사진=게티이미지뱅크 






                올들어 주가가 약 56% 뛴 SK하이닉스를 두고 글로벌 투자은행(IB)과 주요 증권사들의 전망이 극명하게 엇갈리고 있다. 고대역폭메모리(HBM) 시장에서 SK하이닉스가 독점적 지위를 얼마나 오래 유지할 수 있는가가 논쟁의 핵심이다. 올 상반기 기준 SK하이닉스의 HBM 시장 점유율은 60%대인 것으로 알려졌다. 이를 마이크론과 삼성전자 등이 추격 중이다. 글로벌 IB ‘내년에 HBM 가격 내린다’ vs ‘그래도 SK하이닉스 마진율은 유지’




한경DB

                22일 유가증권시장(코스피)에서 SK하이닉스는 1.47% 내린 26만8500원에 장을 마감했다. 이 기업은 글로벌 IB 골드만삭스가 투자의견을 하향한 지난 17일 이래 주가가 약 9% 내렸다.  골드만삭스는 지난 17일 SK하이닉스에 대한 투자의견을 중립으로 하향하고 목표주가를 31만원으로 제시했다. ‘SK하이닉스는 내년 HBM 시장에서 걸림돌을 맞닥뜨릴 것’이라는 게 골드만삭스의 시각이다.  골드만삭스는 “내년엔 처음으로 HBM 가격이 하락세를 보일 수 있다”며 “두자릿수 %까지 하락할 것”이라고 내다봤다. 시장 경쟁이 늘면서 HBM 가격 협상력이 차차 공급자에서 수요자로 넘어가고, 이로 인해 SK하이닉스도 HBM 가격 하락 압력을 받을 것이란 얘기다. 골드만삭스는 “SK하이닉스는 주요 고객사(엔비디아) 매출 비중이 높은 편”이라며 그만큼 마진 손실 압력도 클 것이라고 전망했다.  반면 BoA는 지난 14일 발간한 보고서에서 “내년까지 SK하이닉스 HBM3e, HBM4에 대한 미국 고객사들의 수요가 꺾임 없이 강력하게 이어질 것”이라며 정반대 의견을 내놨다. 목표주가는 36만원으로 제시. 22일 종가 대비 약 34% 상승여력이 있다는 분석인 셈이다. BoA도 내년 SK하이닉스가 HBM 가격을 내릴 것으로 봤다. 단 가격 하락 원인과 영향에 대해선 골드만삭스와는 다른 분석을 내놨다. BoA는 “SK하이닉스가 생산 초기엔 HBM4 가격을 HBM3e에 비해 30~40% 비싸게 책정하고, 내년 중반께엔 HBM3e 대비 15~20%만 높은 정도로 가격을 내릴 수 있다”며 “다만 이는 초반엔 수율이 낮다는 리스크를 가격에 반영하기 때문일 것”이라고 전망했다. 수율이 낮은 시기엔 사실상 원가 부담이 더 높은 만큼 더 비싸게 팔고, 수율이 60% 이상으로 안정화하면 그에 맞춰 가격을 내릴 것이란 얘기다.  SK하이닉스가 HBM4 가격을 내린다한들 결과적인 마진율은 같을 것이란 게 BoA의 예상이다. BoA는 “SK하이닉스의 HBM4와 HBM3e 마진은 60% 수준이 될 것으로 예상한다”며 “삼성전자는 30% 수준일 것”이라고 했다. 이어 “SK하이닉스는 엔비디아와 올 3분기께 HBM4 공급 계약을 맺고, 올 4분기부터는 소량으로 시작해 내년엔 본격 공급에 나설 전망”이라고 내다봤다.  주가에 대해서도 두 IB의 의견이 딴판이다. 골드만삭스는 “현재 시장 전망은 과도하게 낙관적”이라며 “다시 투자의견을 매수로 상향하려면 HBM과 D램 수요·가격이 더 올라야 할 것”이라고 했다. 반면 BoA는 “마이크론의 주가순자산비율(PBR)이 2배 수준인데, 수익성(마진)은 SK하이닉스보다 낮다”며 PBR 2.2배 수준인 주당 36만원을 제시했다. SK하이닉스의 2017~2018년 ‘반도체 수퍼사이클’ 당시 PBR이 1.9배였지만, 이번엔 수익성이 더 높은 구간을 거치고 있다는 게 BoA의 진단이다. 국내 증권사들도 이견…“점유율 뺏길 것” vs “우려 과도해”국내 증권사들도 엇갈린 분석을 내놓고 있다. 미래에셋증권은 지난 14일 SK하이닉스에 대해 투자의견을 중립으로 하향했다. 김영건 미래에셋증권 연구원은 “밸류에이션(가치평가)에 이익 전망치 반영이 상당분 이뤄졌다”며 “내년 영업이익은 올해보다 크겠지만 자기자본이익률(ROE)는 올해 37.6%를 고점으로 내년부터 점차 낮아져 30% 초반 수준이 될 것”이라고 전망했다.  내년 하반기부터 SK하이닉스의 HBM 시장 점유율이 하락세를 겪을 것이라는 게 김 연구원의 전망이다. 그는 “밸류에이션 수준이 더 오르려면 HBM4E 이후에도 시장 점유율을 유지하거나, 주주환원이 더 이뤄져야 한다”고 덧붙였다.  김광진 한화투자증권 연구원은 “내년 HBM 시장은 경쟁 심화라는 큰 변화를 겪을 것”이라며 “SK하이닉스가 시장 1위를 유지하겠지만 점유율은 기존 대비 줄어들어 SK하이닉스의 판매가와 이익률이 영향을 받을 수 있다”고 했다. 이어 “HBM3E 8·12단 모두 시장 개화 첫 해에 사실상 SK하이닉스가 독점 구도였지만 내년 본격 개화가 예상되는 HBM4 시장은 독점으로 시작하지 않을 수 있다”는 지적이다.  반면 우려가 과도하다는 의견도 나온다. 손인준 흥국증권 연구원은 “SK하이닉스는 가장 큰 AI 수혜업체로서 강한 실적흐름을 유지할 것”이라며 “HBM 경쟁 심화 우려가 나오지만 아직 경쟁 구도가 크게 변할 것이란 가정을 하기엔 이르다고 본다”고 했다. 이승우 유진투자증권 연구원은 “차차 경쟁이 심화해 SK하이닉스의 HBM 점유율이 하락하는 것은 너무나 당연한 수순이고, 이는 이미 SK하이닉스의 밸류에이션에 반영돼 있다”며 “내년 하반기에 HBM 가격이 하락한대도 HBM 시장 규모 자체가 (전년대비) 60%대로 성장해 주요 반도체 카테고리 중 성장률이 가장 높을 것”이라고 했다.  이민희 BNK투자증권 연구원은 “삼성전자 등이 본격적으로 HBM4 수주 확보전에 나서면서 HBM4의 가격 프리미엄이 당초 예상한 30%보다 낮은 10~20% 수준에 그칠 수 있다”면서도 “그렇다해도 이익률을 우려할 수준은 아니다”고 했다. 보다 마진이 높은 HBM4 판매량이 늘어 SK하이닉스의 매출 증가폭이 커지는 만큼 영업이익 성장이 계속될 것이란 것이란 예상이다. 주가 많이 올랐는데…""여전히 성장 여력”이달들어 SK하이닉스에 투자 의견을 새로 낸 국내 증권사는 12곳이다. 이들의 평균 목표주가는 약 34만2000원이다. 최저 목표주가는 30만원(미래에셋증권), 최고는 37만원(상상인증권)이다. 이달 중 SK하이닉스에 대한 투자 의견을 낸 12곳 중 8곳이 기존 대비 목표가를 기존 대비 올려잡았다. 증권가는 아직 SK하이닉스의 추가 상승 여력이 남았다고 보는 분위기다. AI 확산기에 주요 기술기업들의 HBM 수요가 지속될 전망이라서다. 각국이 소버린 AI 프로젝트에 나선 것도 수요를 떠받칠 전망이다. 류형근 대신증권 연구원은 “이전에 비해 주가 매력이 줄어들긴 했지만, 투자의견을 하향할 단계는 아니다”라며 “내년 빅테크들의 설비투자(CAPEX)가 상향된다면 여전히 가장 먼저 살 만한 주식이 SK하이닉스”라고 했다.  김록호 하나증권 연구원은 “후발업체들 진입으로 점유율은 일부 축소되겠지만, 수익성 개선 흐름은 지속될 것”이라며 “AI 확산이 이끄는 반도체 사이클에서 여전히 수혜를 받을 수 있는 만큼 비중확대 전략을 유지할만 하다”고 말했다. 선한결 기자 always@hankyung.com",https://www.hankyung.com/article/202507225317i,2025.07.23 05:08
"""'코스피 5000' 간다…여름 중 조정 오면 더 사라"" 깜짝 전망",,"db

                글로벌 투자은행(IB) JP모건이 앞으로 2년 내에 코스피지수가 5000까지 오를 수 있다는 전망을 내놨다.13일 블룸버그통신 등에 따르면 JP모건은 지난 11일 보고서를 통해 이같은 전망을 내놨다. 믹소 다스 JP모건 아시아 주식 스트라티지스트는 “한국의 기업 지배구조 개혁이 순조롭게 이뤄질 경우 코스피지수는 2년 내에 5000까지 오를 수 있다”며 “최근 상법 개정 등이 한국 주식시장을 활성화시키고 있다”고 분석했다. JP모건은 지난달엔 한국 증시에 대한 투자 의견을 올려잡았다. 당시 JP모건은 정부의 증시 활성화 정책, 메모리 반도체 가격 수준, 미국과의 관세 협상 타결 가능성 등을 근거로 들었다. 선호 섹터·테마로는 메모리반도체 관련주, 금융주, 방산주, 화학주, 지주사, 소비재·K-컬쳐 관련주를 꼽았다. 기업 지배구조 개혁도 주요 근거로 들었다. 지배구조 개혁이 순조롭게 이뤄질 경우 그간 일본·대만 등 다른 아시아 국가 증시 대비 저평가받은 한국 증시의 밸류에이션(가치평가)가 더 높아질 수 있다는 설명이다. JP모건은 지난 11일 보고서에서 최근 파마리서치의 분할 계획 취소를 예로 들며 “최근 한국은 여야를 가리지 않고 추가적인 기업구조 개혁을 지지하는 분위기”라고 했다. 파마리서치는 지난달에 에스테틱 사업을 신설법인 ‘파마리서치’로 떼어낸다는 계획을 발표했으나 투자자들과 국회 안팎 등의 반대 분위기에 지난 8일 분할 계획을 철회했다. 코스피지수는 올들어 32.38% 올라 지난 11일 3175.77에 마감했다. JP모건은 연내 코스피가 3200~3500선을 유지할 것이라고 전망했다. 다스 스트라티지스트는 “아이러니하게도 최근 한국 유가증권시장(코스피)에 대한 외국인투자자 매수세는 작년 초에 비해 훨씬 약하다”며 “이는 외국인들이 진입 시점을 재고 있기 때문”이라고 분석했다. 단기 조정이 오면 오히려 ‘매수 기회’라는 게 JP모건 측의 의견이다. 다스 스트라티지스트는 “여름 중 관세 우려, 성장 둔화, 채권 시장 움직임 등에 따라 글로벌 증시나 한국 증시가 변동성을 겪을 수 있다”며 “한국의 기업 지배구조 개혁이 유지되는 한, 조정이 발생할 때마다 이를 활용해 매수하는 것을 추천한다”고 했다. 선한결 기자 always@hankyung.com",https://www.hankyung.com/article/202507134898i,2025.07.13 14:25
"'내가 돌아왔다' 월가 작두맨의 전망…""美 증시 '이때'까지 더 간다"" [빈난새의 빈틈없이월가]",,"영상 모듈 닫기




날고 기는 경제학자와 애널리스트가 포진했다는 월스트리트에서도 시장 전망은 틀리기 일쑤입니다. 이 불확실성의 세계에서 시장의 방향을 정확히 맞추는 건 신이 아닌 이상 불가능하기 때문입니다. 다만 이따금 한 번씩 이른바 '작두를 탔다'고 할 만큼 적중률이 높은 시장 전망을 내놓는 애널리스트들이 등장하기도 하는데요. 올 3월 골드만삭스에서 시타델로 자리를 옮긴 스캇 럽너 주식·파생상품 전략 총괄이 그 중 한 명입니다. 지난해 7월 말~8월 초 조정, 연말 랠리, 올 2월 조정 등을 시의적절하게 예측했던 그의 시장 분석과 전망은 많은 투자자들이 찾아 읽는 리포트가 됐습니다. 
                    




                그런 럽너가 이직 후 약 반 년만에 16일(현지시간) 새 시장 전망을 내놨습니다. ""내가 돌아왔다(I'm back)!""는 문장으로 시작하는 이 보고서의 핵심은 두 가지입니다. ① 미국 증시 랠리는 아직 끝나지 않았다. 특히 기술주, 소프트웨어, AI(인공지능) 혁신 기업에 대해 강세 전망을 유지한다. ② 하지만, 8월 중순부터는 9월 하락에 대비해야 한다.  ""랠리, 이제 9회 중 7회말""럽너는 ""시타델에 합류한 후 '이제 주식을 팔아야 할 때인가'라는 질문을 매일 받았는데, 그때마다 내 답은 '아직 아니'라는 것이었다""고 말합니다. 근거는 크게 세 가지입니다. 첫째, 개인 투자자의 '하락 시 매수(buy the dip·바이더딥)'가 미국 주식 랠리를 강력하게 떠받치고 있기 때문입니다. '주가가 하락할 때 누가 더 먼저 사느냐(dip alpha·딥 알파)' 경쟁마저 벌어지고 있다고 분석합니다. 
                    



올해 주별 개인 투자자 주식 순매수 강도. 자료=시타델증권

                시타델의 리테일 트레이딩 흐름을 보면 16일 기준 개인투자자들은 14거래일 연속 순매수를 했고, 상호관세의 충격으로 시장이 급락했던 4월 초 이후 13주 중 11주 동안 현물 주식을 순매수했습니다. 5월 이후 강세장은 바로 이 개인 투자자들이 이끌었죠. 이 자금은 지금도 주식 시장에 유입되고 있습니다. 럽너에 따르면 지난 2년간 개인 투자자들의 월별 미국 주식 투자 자금은 7월에 가장 규모가 컸고, 올해도 다르지 않다고 합니다. 다만 이런 자금 흐름은 9월에 둔화하는 추세를 보입니다. 현재까지 이런 '리테일 머니'가 주로 산 주식들은 AI, 고변동성, 암호화폐, IPO(신규 상장), 레버리지 ETF, 역모멘텀 테마 주식들이었다고 합니다.  소극적이던 기관도 'FOMU' 둘째, 증시 하락에 더 베팅하며 상대적으로 비관적이던 기관 투자자들도 아직 낮은 주식 보유 비중을 더 늘릴 여력이 있습니다. 럽너는 ""기관 투자자들은 '시장 대비 뒤처질 수 있다는 두려움', 즉 FOMU(Fear of Materially Underperforming the benchmark)가 있다""고 말합니다. 2분기 실적 시즌이 본격화된 지금, 시장의 낮은 기대치를 상회하는 실적이 나와 주가가 상승하는 상황이 되면 기관 자금들이 '어쩔 수 없이' 매수에 나설 수밖에 없다는 뜻입니다. 럽너는 알고리즘과 시스템 전략에 따라 기계적으로 움직이는 자금들이 주식 비중을 더 늘릴 수 있는 환경이 되고 있다는 점도 지적합니다. 4월 상호관세 발표 직후 변동성이 치솟고 하락 베팅이 쏠렸던 시장이 6~7월이 되면서 안정화됐기 때문입니다. 미래 변동성 기대가 지금보다 더 높은지, 낮은지를 보여주는 지표인 기간구조(term structure)가 플러스로 돌아오고, 옵션 시장에서 풋옵션이 콜옵션 대비 얼마나 더 높은 프리미엄을 갖는지 보여주는 지표인 스큐가 하락 추세를 보이는 것이 그 증거입니다. 
                    



변동성 스프레드(왼쪽)와 풋-콜옵션 스큐(오른쪽) 추이. 자료=시타델증권 

                이런 변동성 지표들은 변동성 조절 전략, 리스크 패리티 전략 등 시스템 전략에 따라 기계적으로 움직이는 펀드들의 주식 매수·매도를 결정하는 주요 지표이기도 합니다. 가령 변동성 조절 전략 펀드는 포트폴리오의 변동성 목표치를 정해두고 시장 변동성이 그보다 높아지면 자동으로 주식 비중을 줄이고(주식 매도), 현금 또는 안전자산 비중을 높이는 식으로 대응합니다. 그런데 최근 시장 변동성이 안정되면서 이런 전략 펀드들이 다시 주식을 매수할 수 있는 환경이 됐다는 겁니다.럽너에 따르면 이런 변동성 전략 펀드들은 최근 들어 주식 비중을 높여 왔지만 아직 투자 여력이 있습니다. 그는 ""일 변동성 10% 타깃 전략은 현재 주식 노출도가 연중 최고점 대비 35% 낮은 수준""이라면서 ""시스템 전략 펀드들이 향후 한 달 더 (주식 비중을 늘릴) 총알(ammo)이 있다""고 분석했습니다. 선물·옵션을 이용해 시장 트렌드를 따라 자동으로 사고파는 추세추종 전략, 이른바 CTA도 최근 상승장을 따라 주식 비중을 늘려 왔습니다. 하지만 럽너는 ""아직 포지션이 극단적인 수준은 아니""라고 강조합니다. CTA 자금도 더 증시에 들어올 여력이 남았다는 겁니다. 
                    



S&P 500 선물(왼쪽)과 나스닥 선물(오른쪽)의 CTA 매도 트리거 가격 수준. 자료=시타델증권

                이뿐 아니라 CTA가 자동으로 주식을 매도하는 '트리거'가 되는 S&P 500 선물 가격은 6,003, 나스닥 선물 가격은 21,861입니다. 럽너는 ""이들 전략이 강제로 주식을 팔아야 하는 가격대와 현 수준은 격차가 상당히 크다""고 지적했습니다.  자사주 매입 복귀 기대셋째, 미국 증시의 최대 매수 주체인 미국 기업의 자사주 매입 수요입니다. 2분기 실적 발표가 진행 중인 지금은 자사주 매입이 금지된 '블랙아웃' 기간의 정점이지만, 이번주부터 점점 더 많은 기업들이 자사주 매입이 가능해지게 됩니다. 럽너는 ""8월은 전통적으로 자사주 매입 활동이 강한 달""이라며 ""올해 1조 달러 규모의 자사주 매입이 예상되는 기업들은 미국 주식의 최대 매수자""라고 했습니다. 특히 이번 분기는 실적에 대한 기대가 낮은 만큼 기업들이 자사주 매입을 하기에도 상대적으로 유리한 환경입니다. 특히 대형 기업에 긍정적인 수급 영향이 기대됩니다.  ""더 오른 뒤 내린다"" 단, 럽너는 추가 랠리 예상 기간에 제한을 두고 있습니다. 향후 한 달입니다. 7~8월은 랠리가 지속되겠지만 9월쯤 되면 하락 위험이 커질 수 있다는 겁니다. 럽너는 ""Higher, then Lower"" 즉 ""더 오르고 나서 내린다""는 말로 요약합니다. 이에 대비해 8월 중순쯤엔 9월 말을 대비해 주가지수 헤지를 추가할 것을 추천합니다. 그 시점이 되면 시스템 기반 기관 투자자들의 주식 비중도 꽉 차 매수세가 제한되고, 다른 투자자들도 4분기에 대비해 리스크 노출을 줄이기 시작할 가능성이 있기 때문입니다. 럽너는 ""낮은 변동성 수준을 이용해 9월 이후 거시경제 이벤트에 대비할 필요가 있다""면서 지금은 VIX(변동성 지수)가 낮아 옵션 가격이 저렴한 만큼 8월 중순쯤부터는 하락에 대비한 인덱스 풋옵션을 사두면 좋다고 설명하고 있습니다. 
                    



1928년 이후 S&P 500의 3분기 수익률 평균. 자료=시타델증권 

계절적으로도 9월은 1년 중 미국 증시 수익률이 가장 안 좋은 달이었습니다. 9월은 미국 중앙은행(Fed)의 금리 결정과 경제 전망, 점도표가 발표되는 시기이자 미 연방정부 셧다운 리스크, 미 재무부 국채 발행 계획 등 굵직한 거시경제 이벤트가 많습니다. 휴가를 보내고 온 투자자들이 연말 전략을 준비하면서 위험 관리를 강화하는 시점이기도 합니다. 특히 럽너에 따르면 노동절 다음날인 9월 2일은 지난 100년 간 9월 중 주가가 가장 높았던 날이라고 합니다. 그때 고점을 찍고 하락하는 흐름이 많이 나타났다는 뜻입니다. 물론 이 또한 하나의 의견일 뿐, 맹신해선 안 됩니다. 다만 지금 시장에 버블이 쌓이고 있으며 랠리가 지속될 수 없다고 주장하는 전문가들도 그 전에 더 높은 정점을 향한 '과열 급등(melt-up·멜트업)' 장세를 예측하는 사람들이 많습니다. 럽너의 말처럼 내릴 때 내리더라도, 좀더 오를 수 있다는 얘기죠. 상승장을 즐기되, 하락장에 대비하는 투자자의 기본 자세를 다시 한 번 시험해볼 때가 오고 있습니다. 빈난새 기자 binthere@hankyung.com",https://www.hankyung.com/article/202507185865i,2025.07.18 07:38
[취재수첩] 관세 충격에 창고료·운임 폭등까지…'삼중고' 빠진 중기,"통관 비용 급증해 대출로 충당
정부 수출 지원은 턱없이 부족

황정환 중소기업부 기자",“관세를 내려고 현지 법인이 은행 대출까지 받았습니다. 보이지 않는 비용이 너무 많은데 정부는 전혀 모르는 것 같습니다.”미국으로 기계를 수출하는 한 중소기업 대표가 최근 기자를 만나 “수출 기업에 관세는 단지 ‘관세율’만큼의 부담이 아니다”며 이렇게 하소연했다. 그에게 들은 수출 기업의 상황은 막막함 그 자체였다.지난 4월 미국 정부가 10% 기본관세를 매긴 지 3개월이 지났다. 그간 수출된 물량에 10% 관세가 부과됐지만 기업들은 치열한 경쟁 때문에 현지 가격을 조금도 올리지 못했다. 온전히 관세는 수출 기업 몫이 됐다. 이 때문에 현지 법인은 수백만달러의 은행 대출을 받았다.이런 상황에서 부대 비용마저 급증했다. 한·미 관세 협상이 마무리될 때까지 통관을 미루기 위해 확보한 보관 창고 대여비는 몇 달 새 두 배 넘게 올랐다. 현재 미국 서부 항만의 보세창고는 일반 창고 비용의 네 배를 줘도 구하기 힘들다.해상 운임 역시 천정부지로 치솟았다. 지난달 상하이컨테이너운임지수(SCFI)는 한 달 만에 67% 뛰었다. 미국이 대중 상호관세를 유예하자 중국 기업이 미국 내 재고 쌓기에 나서면서다. 해상 운임은 이달 들어 안정세를 찾았지만 여전히 5월 대비 20%가량 높다. 중소기업 대표는 “모든 기업이 미국 관세에 대응하기 위해 같은 방향으로 움직이다 보니 배와 창고를 구하기 점점 어려워지고 있다”며 “관세율이 10%라도 실질 부담은 이미 15% 이상”이라고 토로했다.정부가 관세 피해 기업을 위해 25조원 규모 정책금융 지원책을 내놨지만 실제로는 큰 도움이 안 된다는 게 현장의 목소리다. 수출 바우처 중 물류비 지원액은 기업당 최대 3000만원에 그친다. 40피트짜리 컨테이너 하나를 미국 서안으로 보내는 데 물류비 4000달러(약 550만원)가 드는 것을 감안하면 컨테이너 6개를 보내는 금액에 불과한 셈이다. 정부가 해외 물류창고를 시중가 대비 10~15% 저렴한 비용으로 중소·중견기업에 제공한다고 하지만 한국 정부는 로스앤젤레스(LA)와 조지아에 두 개 창고만 확보했을 뿐이다.기업들은 “진짜 위기는 이제부터”라고 우려한다. 관세 부과 전에 쌓아둔 3개월가량의 재고가 동나면 더 이상 가격 인상을 미루기 어려워서다. 지난 2분기 대미 수출은 전년 동기 대비 5.2% 감소했다. 25% 상호관세가 다음달부터 예정대로 부과돼 현지 제품 가격을 올리면 한국의 대미 수출은 더 줄어들 가능성이 크다. 정부는 관세 후폭풍이 강타하기 전에 현장 목소리를 반영해 피해를 최소화하는 대책을 마련할 필요가 있다,https://www.hankyung.com/article/2025070856081,2025.07.08 17:36
,"테샛 경제학

군사 케인스주의",,https://sgsg.hankyung.com/article/2025071865001,
"""기준 충족 시 모두 인가 가능""…발행어음 총력전",,"영상 모듈 닫기




<앵커>자기자본 4조 원 이상 대형 증권사, 이른바 '초대형 IB'만 가능했던 발행어음 사업에 5개 증권사가 뛰어들었습니다. 금융당국은 ""기준 부합 시 신청사 모두 인가 받을 수 있다""는 입장인데요. 국내 증권업계가 한국형 투자은행(IB) 체제로 본격 전환하기 위한 중요한 신호탄이 될 것이란 전망입니다. 증권부 김원규 기자와 함께합니다. 김 기자, 우선 발행어음에 대해 한번 짚어주시죠.<기자>발행어음은 증권사가 신용을 바탕으로 직접 발행하는 단기 금융상품입니다. 투자자는 은행보다 조금 더 높은 수익률을 기대해 자금을 맡기고, 증권사는 조달한 자금을 채권 인수와 기업 금융, 부동산 파이낸싱(PF) 등 다양한 투자로 수익성을 높일 수 있는데요. 자기자본 최대 200%까지 단기 약속어음을 발행할 수 있습니다. 증권사들이 기존 브로커리지 위주의 수익 구조에서 벗어나, 기업 금융, 구조화 금융, 모험자본 투자 등으로 사업을 확장하는 데 필수적인 요소로 불립니다.<앵커>이같은 이유로 증권사들이 발행어음 사업에 뛰어드는 건데, 마침 이달 초 당국이 발행어음 본인가 접수를 시작했죠?<기자>네, 삼성증권·키움증권·신한투자증권·메리츠증권·하나증권 등 총 5개 증권사가 신청서를 제출한 것으로 파악됩니다. 이들 모두 발행어음 사업의 기준인 자기자본 4조원을 이미 넘겼습니다. 삼성증권(6.8조)과 메리츠증권(6.8조)이 6조원 이상, 하나증권(5.9조), 키움증권(5.6조), 신한투자증권(5.5조) 등이 5조원 이상을 기록하고 있습니다. 사실상 발행어음 사업 요건을 충족한 대형 증권사는 모두 신청한 셈입니다. 내년부터는 인가 기준이 더 강화되는 만큼, 문턱이 높아지기 전 총력전을 펼치는 모습입니다. 앞서 2017년 한국투자증권을 시작으로, NH투자증권, KB증권, 미래에셋증권까지 총 네 곳이 인가를 받았습니다. 이번에 금융 당국의 추가 인가가 이뤄진다면 약 4년 만에 발행어음 사업에 나서는 증권사가 새롭게 탄생하는 셈입니다. 한편, 자기자본 8조 원 이상의 초대형 IB에 대한 IMA(종합투자계좌) 인가는 관련 시행령 등 입법 과제가 남아 있어, 아직 한투증권과 미래증권 모두 신청서를 제출하지 않은 상황입니다.<앵커>발행어음 사업 신청서를 제출한 증권사가 인가를 받게 되면, 증시에 자금 유입도 기대해 볼 수 있을까요?<기자>그렇습니다. 다섯 개 증권사의 자기자본을 합하면 약 30조 원 수준입니다. 이들이 모두 발행어음 인가를 받을 경우, 최대 60조 원 규모의 자금을 추가로 조달할 수 있는 셈입니다. 한국투자증권의 사례를 비춰봤을 때 발행어음 잔액은 지난해 말 기준 자기자본의 93% 수준인 17조 3천억원입니다. 이 중 10조 2천억 원이 기업금융에, 채권·ELS·주식 등에 4조 6천억 원, 부동산 PF에 2조 6천억 원이 배분됐습니다. 단순 계산해보면 잔고의 약 25% 정도가 증시에 유입될 것으로 추정할 수 있는 만큼 약 15조원의 유동성이 확보될 수 있는 셈입니다. 또 내년부터 발행어음으로 조달된 자산의 최소 10% 이상을 벤처·스타트업 등 모험자본에 의무적으로 투자해야 합니다. 이 비율은 2027년 20%, 2028년 25%까지 단계적으로 상향될 예정입니다. 혁신 창업과 중소·벤처 기업에 지금보다 더 많은 자금을 수혈하겠다는 정부의 의지를 반영한 조치인 것으로 풀이됩니다. 궁극적인 방향은 추가로 조달된 자금들이 부동산 자산으로 향하는 비중은 줄고, 자본시장에 유입될 것이란 기대입니다.<앵커>하지만 심사 기준이 명확해야 한다는 목소리도 나오고 있다고요?<기자>증권가에서는 발행어음 인가 기준이 다소 모호하다는 지적이 나오고 있습니다. 대표적인 심사 기준은 자본 요건 충족, 사업계획 타당성, 대주주 적격성, 리스크 통제 체계, 모험자본 투자 계획 등입니다. 현행 감독규정 개정안은 입법 예고 중이기는 합니다만, 세부적인 평가 기준과 정성적 판단 요소가 아직 구체화되지 않다는 점을 시장에선 우려합니다. 예컨대, 경영진의 리더십, 내부통제 체계, 조직 문화 같은 정량화되지 않는 요소들을 말합니다. 증권업계에서 “명확한 로드맵이 필요하다”는 목소리를 내는 이유입니다. 금융위 관계자는 “당국 위원들이 최종 판단할 사안이지만, 결격 사유가 없으면 신청사 모두가 인가를 받을 수 있다는 게 기본 입장”이라며 “적정 시점까지 지체 없이 진행할 것”이라고 밝혔습니다. 당국은 인가 신청일로부터 3개월 이내 심사 여부를 결정할 예정이며, 문제가 없다면 이르면 10월께 관련 결과가 나올 전망입니다.<앵커>잘 들었습니다. 증권부 김원규 기자였습니다.김원규기자 wkkim@wowtv.co.kr",https://www.hankyung.com/article/2025071475205,2025.07.14 17:23
"'iM금융지주' 52주 신고가 경신, 2Q25 Preview: '비상(飛上)'의 시간 - 상상인증권, BUY(신규)",,"◆ 최근 애널리스트 분석의견- 2Q25 Preview: '비상(飛上)'의 시간 - 상상인증권, BUY(신규)07월 03일 상상인증권의 김현수 애널리스트는 iM금융지주에 대해 ""2분기 실적은 컨센서스를 소폭 상회할 전망. 실적 반등 가시화, RWA 대비 수익성 우수. 커버리지 내 가장 저평가된 은행지주, 주주환원 상향 여지: 현재 PBR to RoRWA는 0.34배로 커버리지 내 가장 저평가된 수준이다. 상반기 400억원 규모 자사주 매입·소각을 완료했으며, 하반기 300억원 추가 매입 시연간 총주주환원율은 목표치인 40%에 도달할 것으로 예상된다. 이에 따라 주주환원 목표 상향 가능성도 열려 있다.""이라고 분석하며, 투자의견 'BUY(신규)', 목표주가 '20,000원'을 제시했다.한경로보뉴스이 기사는 한국경제신문과 금융 AI 전문기업 씽크풀이 공동 개발한 기사 자동생성 알고리즘에 의해 실시간으로 작성된 것입니다.",https://www.hankyung.com/article/202507109175L,2025.07.10 09:15
"""김건희 '집사' 김모씨, 대기업서 184억 투자""","수백억 적자업체…거액 수수 의혹

특검 ""4월 출국 후 귀국 안해
여권 무효화 조치 취할 것""","김건희 여사 관련 의혹을 수사하는 민중기 특별검사팀이 김 여사의 ‘집사’로 알려진 김모씨(47)가 대기업들로부터 투자 명목으로 부당하게 거액을 수수한 혐의에 대한 수사를 본격화했다.문홍주 특검보는 이날 정례 브리핑에서 “특검팀은 준비 기간 코바나컨텐츠 관련 전시회에 협찬해 수사 대상이었던 사람들이 렌터카 관련 회사를 설립한 후 도이치모터스로부터 사업상 혜택을 제공받고, 오너 리스크가 있는 대기업, 금융회사 등으로부터 이해하기 어려운 거액을 투자금으로 수수한 의혹에 대해 내사를 진행했다”고 말했다.문 특검보는 이어 “내사 과정에서 집사로 불리던 주 피의자 김씨가 올해 4월 출국해 지금까지 귀국하지 않아 여권 무효화 조치를 할 계획”이라고 강조했다.김씨는 2013년 렌터카업체 비마이카 설립에 참여했다. 2022년 사명이 IMS모빌리티로 변경됐다. IMS모빌리티는 2016~2017년과 2019년엔 도이치모터스와 함께 코바나컨텐츠 전시회에 협찬사로 참여하기도 했다. 그는 2010년 서울대 최고경영자과정에서 김 여사와 친분을 쌓은 뒤 코바나컨텐츠의 감사를 맡은 것으로 알려졌다.그런 IMS모빌리티는 2023년 윤석열 정부 시기 오아시스펀드를 통해 카카오모빌리티, HS효성 계열사 네 곳, 한국증권금융, 신한은행, 키움증권 등으로부터 총 184억원 규모의 투자를 받았다.특검은 뚜렷한 수익 전망이 없는 회사에 투자가 이뤄진 배경에 김 여사의 영향력이 있었는지 수사 중이다. 당시 IMS모빌리티는 누적 손실이 수백억원에 달했기 때문이다. 김씨는 이 중 46억원을 개인 지분 매각에 사용했다.특검팀은 다만 김씨에 대한 압수수색 영장 신청은 법원에서 기각됐다고 밝혔다. 문 특검보는 “이 사건이 특검법상 수사 대상이 아니라는 이유로 기각됐다”며 “법원에 충분히 소명한 후 강제수사 역시 진행할 예정”이라고 했다. 영장을 재청구하겠다는 의미다.특검팀은 2023년 검찰이 무혐의 처분한 코바나컨텐츠 협찬 의혹에 대한 재수사에도 착수할 방침이다.정희원 기자 tophee@hankyung.com",https://www.hankyung.com/article/2025070983421,2025.07.09 17:48
,,,https://magazine.hankyung.com/business/article/202507034998b,
,"여러분이 대한민국의 미래입니다 !
삼성이 생글생글을 응원합니다 !",,https://sgsg.hankyung.com/article/2025071120701,
건진법사 '공천·인사 청탁' 전방위 수사…연일 압수수색,"'역삼동 법당' 등 10여곳 압수수색
前영주시장도 수사선상
통일교 직접 수사도 검토","'건진법사' 전성배씨. /사진=연합뉴스

                김건희 여사 관련 의혹을 수사 중인 민중기 특별검사팀이 건진법사 전성배 씨를 둘러싼 선거 개입 및 청탁 정황에 대한 전방위 강제수사에 돌입했다. 특검은 최근 이틀 연속 압수수색을 벌이며 윤석열 전 대통령 부부와의 연관성 규명에 속도를 내고 있다.17일 법조계에 따르면 특검은 지난 15일 '건진법사 공천 청탁' 정황이 담긴 문자에 언급된 박남서 전 영주시장(68) 자택에 대한 압수수색 영장을 집행하고, 휴대전화 1대를 확보했다. 해당 휴대전화는 조만간 디지털 포렌식 분석에 들어갈 예정이다. 특검은 같은 날 서울 역삼동의 전성배 씨 법당, 충북 충주의 종파 거점인 일광사, 전씨의 변호인 사무실 등 전국 10여 곳을 동시에 압수수색했다. 전씨가 2022년 지방선거를 앞두고 ‘기도비’ 명목으로 금품을 받은 뒤 김 여사 등 정치권 핵심 관계자에게 공천 청탁을 전달했다는 의혹이 수사의 핵심이다.청탁 대상에는 박현국 봉화군수, 박창욱 경북도의원, 윤석열 캠프 네트워크위원장이던 오을섭 씨, 그리고 문자에 '영주도 당선됐다'고 언급된 박남서 전 시장까지 포함됐다. 박 전 시장도 전씨에게 청탁이 들어간 후보자로 보고 특검 수사선상에 오른 상태다.2022년 지방선거를 앞두고 박현국 봉화군수와 박창욱 경북도의원 등의 공천을 건진법사 전성배 씨에게 연이어 부탁한 사업가 김모 씨도 수사선상에 올랐다. 특검은 김씨가 보낸 문자메시지 등을 통해 전씨에게 반복적인 청탁 정황이 확인됐다고 보고, 최근 자택을 압수수색해 휴대전화를 확보했다. 김씨는 선거 이후에는 “영주도 당선됐다”는 문자를 보내며 박남서 전 영주시장까지 언급한 것으로 전해졌다. 특검은 문자 속 ‘영주’를 박 전 시장으로 보고 수사 범위를 확대하고 있다.
                    



서울 강남구 역삼동 건진법사 전성배 씨의 법당 전경 / 사진=연합뉴스

 대기업 인사 청탁도 수사…'김 여사 연결고리' 통일교 수사 가능성도전씨는 공천 외에도 산업은행·기업은행 등 금융권과 대기업 인사 관련 청탁 명단을 전했다는 의혹도 받고 있다. 특히 윤석열 정권 출범 후 대통령실에 입직한 신모 행정관을 ‘처남 몫’으로 언급한 문자도 확보됐다. 특검은 전씨의 처남 자택도 강제수사 대상에 포함시켰다.전씨가 통일교 관계자로부터 김 여사 선물용으로 다이아몬드 목걸이와 샤넬백 등을 받아 전달했다는 정황도 새롭게 드러났다. 특검은 윤모 전 세계본부장이 “여사님께 고가의 선물을 준비했다”며 시가 6000만원 상당 목걸이 모델명을 전송하고, “잘 전달됐느냐”는 질문에 전씨가 “됐다”고 답한 문자까지 확보했다. 이후 “목걸이를 돌려달라”는 요구에 전씨는 “잃어버렸다”고 응답한 정황도 포착됐다.윤씨와 전씨는 2023년 국민의힘 전당대회 당시 당내 특정 후보 지지를 위해 통일교 신도 1만명을 권리당원으로 가입시키려 한 정황도 수사선상에 올랐다. 윤씨는 전씨에게 “윤심은 어디냐”, “전당대회 과시할 규모는 얼마냐”고 물었고, 전씨는 “만명 이상” “3개월 당비 납부 권리당원”이라며 구체적 수치를 제시했다.특검은 전씨의 공천·인사 개입 여부를 규명한 뒤 김 여사와의 연관성을 정밀 추적할 방침이다. 압수물 분석과 함께 오씨 등 관련자 소환조사도 예고됐다. 통일교에 대한 직접 수사 가능성도 열어둔 상태다.정희원 기자 tophee@hankyung.com",https://www.hankyung.com/article/202507174198i,2025.07.17 11:48
"헥토파이낸셜 ""스테이블코인 사업 선제 대응…유통구조 마련""",CEO IR Day 개최,"코스닥 상장사 헥토파이낸셜은 22일 주요 증권사 애널리스트들을 초청해 회사의 글로벌 확장 계획과 신사업 목표를 소개하는 'CEO IR Day' 행사를 개최했다고 밝혔다. 이날 행사에서 최종원 헥토파이낸셜 대표는 글로벌 결제·정산 시장의 효율성을 높이는 해외사업 확장 전략과 스테이블코인 결제 시장 선점 계획을 발표했다.헥토파이낸셜은 현지 파트너십을 기반으로 국가간 금융 거래 편의성을 높이는 지급결제 서비스를 제공하겠단 계획이다. 이를 위해 회사는 일본과 중국의 파트너십과 현지 사업 기반 마련에 집중하고 있다. 이 일환으로 일본, 대만, 싱가포르 등 법인 거점 확대를 진행하고 있다. 향후 아시아 전역에서 결제·정산 등 금융 네트워크를 구축해 '범아시아 핀테크 리더'로 입지를 굳히겠단 방침이다.최근 시장의 주목을 받고 있는 스테이블코인 관련 사업 방향도 공개했다. 회사는 스테이블코인이 글로벌 시장에서 새로운 지급결제 수단으로 빠르게 확산되고 있는 만큼, 선제 대응 차원에서 신뢰성 높은 서비스 인프라를 구축하고 결제·정산 전반에 안정적으로 연계될 수 있는 유통구조를 마련한다는 계획이다.최종원 대표는 ""현금기반 결제 및 정산 시장에서 압도적인 국내 1위 기업으로서 은행과 공고한 네트워크를 갖춘 회사의 강점이 스테이블코인 활성화 시 가장 강력한 무기가 될 것""이라며 ""준비 중인 해외 파트너십 및 실증사업 계획 등 추진 성과에 대해서도 순차적으로 시장에 투명하게 공개할 것""이라고 말했다.그는 ""올해는 글로벌 확장의 원년이 될 것""이라며 ""현지화 전략과 파트너십을 토대로 아시아 크로스보더 상거래 지급결제 서비스 리더로 도약하고 글로벌 핀테크 기업으로 성장해 나가겠다""고 말했다.신민경 한경닷컴 기자 radio@hankyung.com",https://www.hankyung.com/article/2025072249666,2025.07.22 16:45
한국형 패밀리오피스는 아직 '걸음마 단계',"법적 기준 없어…기부도 제한

이민주 회장 '에이티넘'이 효시
PB 넘어 금융사 새 먹거리로
삼성증권, 120개 가족에 서비스","사진=게티이미지뱅크 

▶마켓인사이트 7월 8일 오후 4시 17분한국에서도 패밀리오피스가 조금씩 뿌리를 내리고 있다. 기업 매각을 통해 상당한 부를 거머쥔 기업인들이 투자회사를 설립해 자신과 가족의 부를 관리하는 사례가 늘고 있기 때문이다.한국형 패밀리오피스의 효시로는 에이티넘파트너스가 꼽힌다. 설립자인 이민주 회장이 2008년 종합유선방송사 씨앤엠을 매각해 마련한 1조5000억원의 자금을 토대로 설립했다. 벤처캐피털(VC)인 에이티넘인베스트의 최대주주로 국내 VC 시장의 주요 플레이어로 부상했다.2017년 화장품업체 카버코리아를 유니레버에 넘긴 이상록 회장도 매각대금 1조원을 바탕으로 투자회사를 설립해 문화·콘텐츠 사업에 투자하고 있다. 일진머티리얼즈를 롯데그룹에 매각한 허재명 전 사장은 2023년 투자전문회사인 컴퍼니에이치를 설립해 2조원 규모 자금을 운용하고 있다.이들 투자사는 특정 개인 및 가문의 자금을 운용한다는 점에서 패밀리오피스에 속한다. 하지만 한국에는 패밀리오피스에 대한 별도의 법적 기준이 없어 사모투자회사나 벤처투자회사 등으로 등록해 특정 분야에만 제한된 투자 활동을 영위하고 있다. 제도상 회사 명의의 기부나 사회공헌 활동 범위도 한정돼 있다는 점에서 싱가포르 등의 패밀리오피스와 다르다.여러 초고액 자산가의 자금을 모아 운영하는 멀티(multi) 패밀리오피스 사업은 삼성증권이 적극적으로 개척하고 있다. 1000억원 이상의 자산을 보유한 가족 120곳이 가입해 출범 5년 만에 운용자산 30조원을 달성했다. KB증권과 NH투자증권, 신한투자증권 등도 예탁자산 100억~300억원을 기준으로 초고액 자산가를 적극 유치하고 있다.예탁자산이 10억~20억원인 고객을 대상으로 하던 프리미엄 프라이빗뱅킹 서비스를 넘어 폭넓은 서비스를 제공한다는 계획이다. 삼성증권 관계자는 “패밀리오피스 고객은 상당한 규모의 자본을 장기간 투자할 수 있어 자본시장에서 기관투자가와 같은 대접을 받는다”며 “그만큼 투자할 수 있는 대상도 다양하다”고 전했다.대부분의 초고액 자산가가 기업을 거느리고 있는 만큼 투자은행(IB) 부서와 적극 협업한다는 점도 특징이다. 기업공개(IPO)와 인수합병(M&A) 자문, 유망 기업에 대한 투자건 중계, 자금 조달 등이 패밀리오피스 서비스에 포함된다.최순영 자본시장연구원 선임연구위원은 “국내 금융사들의 적극적인 패밀리오피스 사업 개척은 초고액 자산가들이 국내에서 자금을 운용할 선택지가 늘어나는 효과로 이어진다”며 “자산 해외 이전 움직임을 줄이는 역할을 할 것”이라고 말했다.노경목 기자 autonomy@hankyung.com",https://www.hankyung.com/article/2025070856771,2025.07.08 18:11
韓 알트코인 거래량 사상 최대치 경신 : 코리안 크립토 위클리 [INFCL 리서치],,"사진=INF크립토랩

1. 시장 개요지난주 한국 암호화폐 시장은 신규 상장과 급증하는 리테일 모멘텀으로 주목을 받았습니다. 업비트는 하이퍼레인(Hyperlane) 과 에테나(Ethena)를, 빗썸은 하이퍼레인 과 리솔브(Resolv)를 상장했습니다. 그중 하이퍼레인은 업비트에 대한 투기적 관심을 크게 끌어올리며 주간 거래량 2위를 빠르게 차지했습니다. 두 거래소의 거래량은 특히 7월 10일 이후 급증하여 7월 11일에는 합산 거래량이 90억 달러에 육박하며 최고치를 기록했습니다. XRP는 두 플랫폼 모두에서 여전히 강세를 보였지만, HYPER, PENGU ,BONK 와 같은 중형 토큰은 이번 주 알트코인 상승에 크게 기여하며 한국 투자자들 사이에서 소형주에 대한 관심이 높아지고 있음을 보여주었습니다.상위권 상승 종목들은 이러한 투기적 분위기를 반영했습니다. 업비트의 XLM, PENGU, KNC는 BONK, 1INCH 와 같은 밈(meme) 및 생태계 토큰과 함께 70~90%의 상승률을 기록했습니다. 빗썸도 유사한 패턴을 보였는데, OMNI 와 PENGU가 상승세를 주도했고, INIT과 KERNEL과 같은 신규 토큰들이 주목을 받았습니다. 업비트의 틱 사이즈 축소, CROSS, M, PENGU와 같은 토큰의 급등, 그리고 지속적인 원화(KRW) 스테이블코인 논의는 국내 투자자들의 높은 참여도를 유지했습니다. 알트코인 거래량 증가부터 스테이블코인 정책에 대한 논의 증가까지, 한국 시장은 위험 선호 성향으로의 전환을 분명히 보여주었습니다.2. 거래소2-1. 신규 상장 종목




사진=INF크립토랩

                지난주, 주요 한국 거래소에서 여러 가지 새로운 상장이 이루어졌습니다.업비트에 하이퍼레인과 에테나가 상장되었습니다.빗썸은 하이퍼레인과 레졸브를 상장했습니다.주요 마케팅 전략 및 핵심 내용에테나(ENA)




사진=에테나

                에테나는 2024년 초 한국 시장에 진출했습니다. 당시에는 별다른 마케팅 활동은 없었지만, 탄탄한 VC 투자자, 파트너, 그리고 후원자 라인업 덕분에 큰 주목을 받았습니다. 많은 사용자들이 에어드랍을 기대하며 자산을 스테이킹하며 캠페인에 참여했습니다.성공적인 TGE 이후, Ethena는 KOL 채널을 통해 한국 시장과 지속적으로 소통하며 USDe가 다른 스테이블코인과 어떻게 다른지, $ENA 토큰을 어떻게 사용할 수 있는지, 그리고 향후 로드맵이 어떤 모습인지 정기적으로 공유했습니다.USDe는 수익 창출형 스테이블코인이기 때문에 Ethena는 안정성을 지속적으로 입증해야 했습니다. Ethena는 KOL을 통해서도 이러한 메시지를 사용자에게 전달했습니다. 한 가지 예로 Bybit 해킹 사건이 있었습니다. USDe는 잠시 디페깅(depegging) 조짐을 보였지만, 실제 손실은 없었습니다. Ethena는 자금이 이미 외부 수탁 솔루션을 통해 관리되고 있다고 신속하게 대응했습니다.Ethena는 한국 웹3 사용자층, 특히 스테이킹과 파밍에 집중하는 사용자층에 대한 깊은 이해를 갖추고 있는 것으로 보입니다. 이는 현지 시장에 맞춘 전략적이고 효율적인 KOL 중심 마케팅의 좋은 사례입니다.하이퍼레인(HYPER)




사진=하이퍼레인

                Hyperlane은 한국 시장에서 오랫동안 잘 알려진 프로젝트였으며, 특히 에어드랍 프로젝트로 유명합니다. 한국에서 에어드랍 파밍이 한창이었던 시절, Hyperlane은 사용자가 온체인 거래를 생성해야 하는 프로젝트 중 하나로 주목을 받았습니다. Circle Ventures의 지원을 받았다는 사실 또한 초기 기대감을 높이는 데 큰 역할을 했습니다.하지만 하이퍼레인은 TGE 이전이나 직후에도 한국에서 대규모 마케팅 활동을 적극적으로 펼치지 않았습니다.최근 한국 시장에 대한 관심이 다시 높아지고 있습니다. 국내 리서치 기관을 통해 Hyperlane에 대한 연구 보고서가 발표되었고, KOL들은 해당 보고서를 바탕으로 관련 콘텐츠를 제작하여 한국 사용자들에게 Hyperlane 프로젝트를 소개하고 현재 상황을 공유하기 시작했습니다.2-2. 거래량업비트와 빗썸의 거래량은 지난주 눈에 띄는 급증세를 보였으며, 총 거래량은 7월 11일에 최고치를 기록했습니다. 업비트는 XRP 단독으로 35억 달러 이상을 기록하며 주간 최고 거래량을 기록했고, HYPER(28억 달러), BTC(12억 6천만 달러), ETH(9억 3천 7백만 달러)가 그 뒤를 이었습니다. 한편, 빗썸에서도 XRP가 12억 8천만 달러로 가장 높은 거래량을 기록했고, USDT(6억 3천 3백만 달러)와 BTC(5억 8백만 달러)가 그 뒤를 이었습니다. 이는 두 거래소 모두 유동성이 높은 토큰에 대한 선호도가 높음을 보여줍니다.업비트의 거래 활동은 HYPER, PENGU, BONK 등 중형 토큰의 투기적 모멘텀에 힘입어 두드러지게 나타났으며, 이들 토큰의 거래량은 총 15억 달러 이상을 기록했습니다. 빗썸은 PENGU, AMO, BONK가 모두 상위 10위 안에 들면서 다소 균형 잡힌 분포를 보였으며, 이는 상위 시가총액 범위를 벗어난 알트코인에 대한 사용자 참여가 증가하고 있음을 시사합니다.7월 10일부터 일일 거래량이 급등했으며, 업비트는 7월 11일 약 90억 달러에 달하는 최고치를 기록하는 데 가장 큰 기여를 했습니다. 이러한 급등은 알트코인 시장 전반의 광범위한 개인 투자자 유입 및 변동성 확대와 상관관계가 있는 것으로 보입니다. 전반적으로 업비트는 거래량 주도권을 유지하며, 특히 신규 및 소규모 자산에서 상당한 사용자 활동을 기록하고 있습니다.
                    



사진=INF크립토랩 / 데이터=코인게코





사진=INF크립토랩 / 데이터=코인게코

2-3. 상위 10개 상승 종목이번 주 한국 거래소는 중형주와 생태계 토큰 전반에 걸쳐 강력한 상승세를 보였으며, 업비트와 빗썸 모두 특정 자산에서 세 자릿수 급등을 기록했습니다. 업비트에서는 XLM이 89.28% 상승하며 차트를 주도했고, PENGU(+85.48%), KNC(+72.93%), 1INCH(+68.82%)가 그 뒤를 바짝 쫓으며 기존 레이어 1 및 DEX 관련 토큰에 대한 관심이 다시 높아졌음을 보여주었습니다. HBAR, ALGO, IOTA 또한 35~50% 상승하며 전반적인 알트코인 상승세를 반영했습니다.빗썸도 OMNI가 98.98%, PENGU가 94.32% 급등하며 유사한 추세를 보였는데, 이는 투기성 또는 밈(meme) 관련 토큰에 대한 시장의 높은 관심을 보여줍니다. XLM 과 KNC는 각각 86.63%와 73.39% 상승하며 상승세를 이어갔는데, 이는 두 플랫폼 모두에서 수요가 일치함을 보여줍니다. INIT과 KERNEL과 같은 신규 진입자 들도 상승폭이 가장 큰 종목에 포함되었는데, 이는 사용자들이 새롭게 떠오르는 토큰들을 적극적으로 탐색하고 있음을 시사합니다.이번 주 상승세는 한국 개인 투자자들이 높은 변동성과 내러티브 중심의 투자 성향으로 전환하고 있음을 분명히 보여줍니다. 업비트와 빗썸 모두에서 유사한 토큰이 집중된 것은 이러한 모멘텀이 특정 거래소에만 국한된 것이 아니라, 중형주 상승세와 생태계 회복을 위한 거래에 대한 시장 전반의 수요를 반영하고 있음을 시사합니다.
                    



사진=INF크립토랩 / 데이터=업비트, 빗썸

3. 코리안 커뮤니티 버즈3-1. 업비트, 틱 사이즈 롤백으로 강세장 기대감 고조




사진=업비트

                업비트는 7월 31일부터 원화 시장 호가 단위 변경을 발표하며 특정 가격 구간의 호가 단위를 축소했습니다. 이 변경 사항은 커뮤니티에서 환영을 받았으며, 많은 사람들이 이를 ""상승장 신호""라고 불렀습니다.특히 트레이더들은 새로운 5000원대를 언급하며 XRP와 XRL 등 인기 토큰들이 이전 고점을 돌파하면 수혜를 볼 수 있다고 농담을 던졌습니다. ""5000원으로 날아갈 시간!"", ""거래소조차 강세장을 부추기고 있다""와 같은 댓글도 자주 등장했습니다. 업비트는 BTC 출금 수수료를 0.0008 BTC에서 0.0002 BTC로 인하하여 긍정적인 분위기에 더욱 불을 지폈습니다.3-2. $CROSS TGE, 그리고 모두가 구원받았습니다




사진=코인마켓캡

                유명 웹3 스타 장현국이 지원하는 토큰인 CROSS가 깜짝 반등했습니다. 토큰 판매가 아래로 떨어졌던 CROSS는 다시 판매가를 돌파했고, 일시적으로 두 배까지 치솟기도 했습니다. 이로 인해 ""모두가 구원받는다""라는 의미의 커뮤니티 밈이 유행하게 되었습니다.""저점 매수했어야 했는데"", ""장 선장은 절대 실망시키지 않아"", ""강세장에서는 모든 게 펌핑된다!""와 같은 게시물이 곳곳에 올라왔습니다. KOL들은 텔레그램에 수익 스크린샷과 차트 밈을 쏟아냈고, 트레이더들은 $CROSS를 $M, $PENGU와 함께 이번 주의 급등 토큰으로 언급했습니다.3-3. 스테이블코인 샌드박스 논의, 국내 논쟁 가열한국 정부와 금융감독원이 원화 스테이블코인(KRW) 샌드박스 프로그램을 검토 중인 것으로 알려졌습니다. 여기에는 은행, 핀테크 기업, 암호화폐 거래소, 업비트, 네이버페이 등의 플랫폼이 포함될 가능성이 있습니다. 일각에서는 이를 통화 주권 강화와 한국의 핀테크 경쟁력 강화 방안으로 보는 반면, 준비금 관리 및 발행자 투명성 확보의 막중한 책임에 대한 우려도 제기되고 있습니다.재밌는 순간이 하나 있죠? 이 소식이 전해진 후 SAND 토큰이 8%나 급등했습니다. 실제 참여 때문이 아니라 이름 때문에였죠. 커뮤니티 반응은 ""샌드박스 잘못됐네, 여러분"", ""한국 주식 투자자들은 항상 시장을 잘못 읽는다"" 같은 농담으로 가득했습니다.*모든 내용은 정보 전달 및 제공을 위해 작성되었으며, 투자 결정의 근거가 되거나 투자를 위한 권고 혹은 조언을 위함이 아닙니다. 본문의 내용은 투자, 법률, 세무 등 어떠한 부분에 대해서도 책임을 지지 않습니다.INF크립토랩(INFCL)은 블록체인과 웹3(Web3) 분야에 특화된 컨설팅 기업으로, 기업의 Web3 진출 전략 수립, 토큰 이코노미 설계, 글로벌 시장 진출 등 의 서비스를 원스톱으로 제공한다. 국내외 주요 증권사, 게임사, 플랫폼사, 글로벌 Web3 기업들에게 전략 수립과 더불어 실행까지 함께하는 서비스를 제공하며 축적된 노하우와 레퍼런스로 디지털 자산 생태계의 지속 가능한 성장을 이끌고 있다.본 리포트는 매체 편집 방향과 무관하며, 모든 책임은 정보 제공자에게 있습니다.",https://www.hankyung.com/article/202507159903O,2025.07.15 16:26
,,,https://magazine.hankyung.com/business/article/202507223428b,
"""하반기 대출 6억도 못 받을 수 있다…전략 바꿔야"" [이송렬의 우주인]","강연옥 플팩 대표 인터뷰

""취소 매물 나오는 마·성·동·강 주목해야""
""수도권서 '대출력' 발휘하긴 어려워""","사진=연합뉴스

                ""하반기에는 최대한도인 6억원도 대출받지 못할 수 있다고 봅니다.""강연옥 플팩 대표(사진)는 최근 <한경닷컴>과의 인터뷰에서 ""정부가 대출 한도를 6억원으로 정했지만 이미 은행권 전반적으로 봤을 때 3분기까지의 총량은 이미 찬 상황이고, 연말까지 은행별로 실행할 수 있는 대출 총량이 얼마 남지 않았다""며 이렇게 말했다.
                    



강연옥 플팩 대표가 이번 초강력 대출 규제에 대해 설명하고 있다. 사진=유채영 기자.

                정부는 지난달 27일 대출 규제를 내놨다. 수도권·규제지역의 주택담보대출 한도가 최대 6억원으로 묶였다. 신생아·신혼부부·생애최초 등 첫 특례대출도 줄였다. 다주택자·갭투자자에 대한 규제도 들어갔다. 이런 규제는 이튿날인 지난달 28일 바로 시행됐다.이번 규제에 대해 강 대표는 ""전무후무한 초강력 대출 규제""라면서 ""'정말 많이 준비해서 나왔다'는 생각이 들었다""고 평가했다.주담대 한도를 최대 6억원으로 묶은 것에 대해서는 ""그동안엔 9억원, 12억원, 15억원 등 집값으로 대출 규제를 판단했지만, 이번 규제는 한도를 일괄적으로 묶어 버렸다는 것이 특징""이라면서 ""강남 3구, 용산구를 비롯해 마포구, 성동구, 동작구, 강동구 등 2급지의 신고가를 막는 효과를 낸다. 소위 '개천 용(개천에서 난 용의 줄임말, 자산은 없지만, 소득이 높아 대출을 일으켜 집을 사던 수요자들)'들이 집을 사기 어려운 상황이 됐다""고 설명했다.







영상 모듈 닫기




강 대표는 최근 <플팩의 상급지로 가는 대출력>이라는 책을 냈다. 대출력은 '대출 활용 능력'을 말한다. 같은 연봉의 직장인이라도 '대출력'에 따라 누구는 선호 지역에 집을 마련하고, 누구는 무주택자로 남는단 얘기다. 하지만 이번 규제로 사실상 서울에선 대출력을 발휘하긴 어려워졌다.그는 ""주담대 한도가 일괄적으로 6억원으로 묶였기 때문에 '대출력'을 활용하기는 어려워진 게 사실""이라면서 ""하지만 어려워진 것이지 전혀 기회가 없는 것은 아니다. 눈높이를 낮추고 물건을 찾을 필요가 있다""고 강조했다.이어 ""우선 강남권을 노리던 실수요자들의 경우 일부 자금을 가지고 있다는 전제하에 강남권에서 눈을 낮추거나 이번 대출 규제로 집값 조정이 예상되는 마포구, 성동구, 동작구, 강동구 등 2급지를 주목할 필요가 있다""고 판단했다.또한 ""실수요자마다 가지고 있는 자금이 달라 특정하긴 어렵지만, 집값으로 보면 6억~13억원대를 형성하고 있는 아파트가 이번 규제 이후 주목을 받을 것으로 본다""며 ""서울에선 성북구 장위동, 경기도에선 하남시, 성남시, 광명시, 안양시 동안구 평촌동 등이 이에 해당한다. 다만 투자가 아닌 실거주를 중심으로 봐야 한다""고 조언했다.정부 규제의 '무풍지대'로 꼽혔던 정책자금 대출 한도도 줄었다. 모든 지역에서 디딤돌 대출 한도가 최대 1억원 줄었다. 평가액 9억원 이하 주택(전용면적 85㎡)을 담보로 삼을 수 있는 '신생아 특례' 한도는 5억원에서 4억원으로, 신혼부부 특례는 4억원에서 3억2000만원, 생애최초 특례는 3억원에서 2억4000만원으로 감소했다. 일반 디딤돌 대출 한도는 2억5000만원에서 2억원으로 쪼그라들었다.
                    



강연옥 플팩 대표는 규제로 '대출력'이 크게 줄어들었다고 말했다. 사진=유채영 기자.

                정책자금 대출을 청년층이 많이 이용하는 만큼 이들 사이에선 ""사다리가 걷어차였다""는 불만의 목소리도 나온다. 이에 대해 강 대표는 ""가계 대출 총량 규제 측면에서 봤을 때 '고육지책'으로 정책자금 대출을 줄였을 것이라고 본다""며 ""정책자금 대출 역시 가계대출 총량엔 무조건 포함되는 대출이기 때문에 부채 관리 차원에서 어쩔 수 없는 선택이었을 것""이라고 설명했다.다주택자들 입장에선 이번 대출 규제로 '숨 쉴 틈'도 없어졌다는 설명이다. 그는 ""다주택자들은 대체로 대출이 나오지 않아 타격이 작았다고 보는 시각이 많다""며 ""그래도 일부 은행에선 다주택자라도 주택담보인정비율(LTV)이나 총부채원리금상환비율(DSR) 범위 내에서 대출이 나오기도 했다""고 말했다.이어 ""마음만 먹고 찾으면 이런 은행들이 한두 군데 정도는 있었는데 대출 총량이 점점 차다 보니 다주택자들에 대한 대출을 내주지 않게 됐다""며 ""하지만 이번 대출 규제로 숨 쉴 구멍마저 완전히 막혔다""고 짚었다.마지막으로 강 대표는 ""이번 대출 규제로 시장이 폭락할 것이라고 보는 경우가 많다""며 ""하지만 누구나 내 집을 마련하고 싶고 좋은 곳에서 아이들을 키우고 싶어 한다. 사람이라면 누구나 그런 욕망이 있다""고 했다.이어 ""대출 규제는 이런 욕망을 일시적으로 억눌러 놓은 것이고 언젠가는 이게 시장에서 분출될 것""이라면서 ""정책의 효과로 이번 달은 조용하게 지나가겠지만 여름휴가가 끝나고 가을께 접어들면 시장은 다시 규제 속에서도 새 길을 찾는 실수요자들로 다시 분위기가 살아날 것으로 본다""고 내다봤다.
                    




                강연옥 플팩 대표는 우리은행 호치민 지점에서 근무했고, 기업은행 남대문 지점, 본점 외환사업부(해외 외국인 투자 전문) 등 은행원 출신이다. <결국은 부동산 2024>, <결국은 부동산 2025>, <플팩의 상급지로 가는 대출력> 등 다수의 저서를 냈다. '플팩의 대출력'이라는 유튜브 채널과 블로그를 운영하고 있다.우주인. 집우(宇), 집주(宙), 사람인(人). 우리나라에서 집이 갖는 상징성은 남다릅니다. 생활과 휴식의 공간이 돼야 하는 집은, 어느 순간 재테크와 맞물려 손에 쥐지 못하면 상대적 박탈감까지 느끼게 만드는 것이 됐습니다. '이송렬의 우주인'을 통해 부동산과 관련된 이야기를 사람을 통해 들어봅니다. [편집자주]글=이송렬 한경닷컴 기자 yisr0203@hankyung.com사진·영상=유채영 한경닷컴 기자 ycycy@hankyung.com",https://www.hankyung.com/article/2025070480026,2025.07.05 17:36
"""달러패권 위한 자이언트 스텝""…코인시총 4조달러 돌파","스테이블코인의 공습
(13) 트럼프 '지니어스법' 서명

법적지위 얻은 스테이블코인
발행사, 준비자산 100% 쌓고
회계감사 의무화해 투명성 확보 
""인터넷 탄생 후 최대 금융혁명""

美국채 새 투자 수요 형성 
中 견제하고 달러 패권 강화
테더 시총 1616억弗 사상 최대

韓 통화·거시 정책엔 변수될듯","< ‘지니어스법’ 서명한 트럼프 > 도널드 트럼프 미국 대통령이 지난 18일 백악관에서 ﻿‘지니어스법’에 서명한 뒤 이를 들어 보이고 있다.  AFP연합뉴스

                “우리는 세계 금융시장에서 달러 지배력을 공고히 하는 거대한 발걸음(giant step)을 내디뎠다.” 도널드 트럼프 미국 대통령이 지난 18일 백악관에서 ‘지니어스법’(GENIUS Act)에 서명한 직후 한 말이다. 지니어스법은 달러 등 법정화폐 가치와 1 대 1로 연동하는 스테이블코인을 제도권 내에서 인정한 법이다. 트럼프 대통령이 이 법에 최종 서명하면서 스테이블코인은 미국 금융시장에서 공식적인 법적 지위를 갖게 됐다. 트럼프 대통령은 “(이 법의 통과는) 인터넷 탄생 이후 금융 기술에서 일어난 가장 위대한 혁명일 수 있다”고 강조했다. ◇법적 지위 얻어





                20일 코인마켓캡에 따르면 전 세계 암호화폐 시가총액은 사상 처음으로 한때 4조달러(약 5574조원)를 돌파했다. 미국에서 지니어스법 등 가상자산 관련 법이 통과된 여파다. 테더의 시가총액도 1616억달러를 넘어서 사상 최대치를 기록했다. 하루 거래액은 1900억달러에 달했다. 마크 팔머 벤치마크컴퍼니 애널리스트는 “명확성을 기대하던 기관 자금이 시장에 유입되고 있다”고 말했다.스테이블코인은 달러, 유로 등 법정화폐와 가치가 연동돼 비교적 안정적인 암호화폐다. 가격 변동성이 큰 비트코인 등의 약점을 보완했다는 평가를 받는다. 하지만 스테이블코인은 암호화폐시장 내부에서 주로 코인 거래를 위한 유동성 수단으로 쓰이는 데 그쳤다.스테이블코인이 실물 경제로의 확장에 한계가 있었던 건 대부분 국가에서 법적 지위가 불명확했기 때문이다. 기업과 금융회사가 활용하기 어려웠던 이유다. 기존 금융망과도 연결되지 못했다. 여기에 스테이블코인 발행사에 대한 신뢰도 부족했다. 세계 1위 스테이블코인인 테더 발행사는 투명성 논란이 끊이지 않았다.지니어스법이 글로벌 금융시장에서 파급력이 클 것으로 예상되는 이유는 스테이블코인이 ‘디지털 달러’로서 법적 지위를 공식적으로 인정받은 것이기 때문이다. 특히 세계 최대 금융시장인 미국에서 제도권 내로 편입되며 글로벌 기업과 금융회사가 합법적 결제 수단으로 채택할 명분이 생겼다. 이 법에 따르면 은행 자회사 또는 승인받은 발행사만 스테이블코인을 발행할 수 있다. 발행량에 상응하는 준비자산도 100% 쌓아야 한다. 여기에 정기적으로 회계 감사를 받고 공시도 의무적으로 해야 한다. ◇중국 견제 수단으로도 활용미국은 스테이블코인이 달러 패권 강화에 확실한 열쇠라는 걸 숨기지 않고 있다. 지니어스법은 스테이블코인 발행사가 미국 달러와 국채로 준비금을 갖추도록 했다. 일본, 중국 등 주요국이 미 국채 보유량을 줄이는 상황에서 미 국채의 새로운 투자 기반이 형성된 것이다. 주요 스테이블코인 발행사가 보유한 미 국채 규모는 1800억달러를 넘는다. 이는 한국의 보유량(1258억달러)을 크게 웃도는 규모다. 트럼프 대통령은 스테이블코인이 중국의 기술 패권을 견제할 수단이라는 점도 내비쳤다. ◇기회이자 위협 될 듯스테이블코인 사용이 확산하면 세계적으로 ‘달러화’가 빠르게 진행될 것이란 예상이 나온다. 수출입 의존도가 높은 한국에는 까다로운 거시경제 변수로 떠올랐다. 무역 거래에서 스테이블코인 활용이 확산하면 한국은행과 정부가 파악하기 쉽지 않기 때문이다. 이렇게 되면 통화 및 거시 정책을 펴는 데 어려움이 있을 것으로 예상된다.은행과 카드업, 결제업 등을 영위하는 관련 기업에도 기회이자 위협으로 작용할 것으로 전망된다. 이병관 한국금융연구원 부장대우는 ‘미국의 스테이블코인 발행 본격화 움직임과 시사점’ 보고서에서 “스테이블코인 유통 확대에 따라 블록체인상에서 전개되는 금융서비스의 수요와 공급도 늘어날 수 있다”고 내다봤다.조미현 기자 mwise@hankyung.com",https://www.hankyung.com/article/2025072001161,2025.07.20 18:13
"철강株, 中 감산 기대감에 힘입어 테마 강세",,"철강 테마가 최근 국내 증시에서 강세를 보이고 있다. 중국발 감산 기대감과 함께 철강 가격 반등 조짐이 포착되며 투자 심리가 개선된 것이 주요 배경이다. 대표 종목으로는 포스코홀딩스, 현대제철, 세아제강지주 등이 상승 흐름을 이끌고 있다.무엇보다 주목받는 요인은 중국의 감산 가능성이다. 현지 정부가 철강 생산을 구조조정하려는 기조를 보이면서 글로벌 공급 과잉 우려가 완화되고 있다. 이에 따라 국제 철광석 및 철강재 가격이 반등세를 보이고 있으며, 이는 곧 국내 철강기업들의 수익성 개선 기대감으로 이어지고 있다.국내에서는 건설·조선 등 전방산업 발주 회복 기대도 철강 수요 증가 요인으로 작용하고 있다. 특히 방산과 해양플랜트 산업 수요가 동시에 확대되며 고부가강판 제품을 중심으로 수익성이 개선될 것이라는 분석이 나온다.기관투자자와 외국인의 수급 유입도 뚜렷하다. 최근 수급 측면에서 철강주로 매기가 유입되며 거래량이 증가하고 있고, 증권사들도 저평가된 밸류에이션과 안정적인 실적 기반에 주목해 관련 종목들의 목표가를 상향 조정하고 있다.결과적으로 철강 테마는 글로벌 공급조절 기대와 전방 수요 회복, 수급 호조라는 3박자가 맞물리며 시장에서 다시 주목받는 업종으로 부상하고 있다. 업계에서는 향후 실적 발표와 중국 정책 변화가 지속적인 주가 모멘텀을 결정지을 중요한 변수로 보고 있다.흥아해운, 기업은행, 인투셀, 코츠테크놀로지, 애경케미칼무료상담",https://www.hankyung.com/article/202507035681a,2025.07.03 13:43
"유암코, '역대 최대' 6000억 회사채 발행 나선다…""수요예측 흥행""",수요예측에 2.2兆 자금 몰려,"국내 최대 부실채권(NPL) 투자회사인 연합자산관리(유암코)가 오는 30일 6000억원 규모의 회사채 발행에 나선다. 단일 회차 기준 역대 최대 규모다.22일 투자은행(IB) 업계에 따르면 유암코 회사채 주관사단인 한국투자증권, SK증권, 미래에셋증권, 키움증권, 부국증권 등이 기관투자가를 대상으로 수요예측을 실시한 결과 2조2000억의 주문이 몰렸다.유암코는 당초 2년물 350억원, 3년물 1900억원, 5년물 750억원 등 총 3000억원 규모의 회사를 발행할 계획이었다. 회사는 예상을 뛰어넘는 수요에 발행 규모를 기존의 두 배인 6000억원으로 늘리기로 했다. 각 만기물 금리는 민간채권평가사 네 곳의 개별 민평 수익률에 일정 수준 가산금리를 가감해 산출한다. 2년물은 개별 민평수익률에 -0.07%포인트, 3년물은 -0.06%포인트, 5년물은 -0.07%포인트로 발행 규모를 모두 모집했다. 인수단에는 KB증권, NH투자증권 등 10여개 증권사가 참여했다.회사는 이번에 조달한 자금을 기업어음(CP) 등 기존 채무 상환에 사용할 예정이다. 부실채권(NPL) 매입 목적의 자금 조달과는 차별화된다. 상대적으로 낮은 금리로 장기 자금을 확보해 유동성 리스크를 줄이려는 전략으로 풀이된다. 재임 기간 내내 외형과 수익성 성장, 적기의 투자대금 회수를 강조해 온 이상돈 대표의 ‘리스크 관리 중심’ 경영철학을 반영한 것으로 평가된다.유암코는 2009년 6개 시중은행이 공동 출자해 설립한 국내 최대 NPL 투자회사다. 2022년 9월 이 대표 취임 후 유암코는 공격적인 투자 전략을 펼쳤다. 총자산은 2023년 초 2조7000억원에서 2025년 1분기 말 7조원으로 2년여 만에 2.6배 이상 증가했다. 같은 기간 영업이익은 56% 늘었다.서형교 기자 seogyo@hankyung.com",https://www.hankyung.com/article/202507225285i,2025.07.22 17:56
"""달러 패권 위한 자이언트 스텝""…코인 시총 첫 4조弗 터치","스테이블코인의 공습
⑬ 법적 지위 가진 ‘달러 코인’

트럼프. 지니어스법 최종 서명
“인터넷 이후 가장 위대한 혁명”
테더 시총 1616억달러 돌파

미 국채 새 투자 기반 형성
中 견제하고 달러 지위 강화
韓 통화·거시 정책 변수 될듯","사진=AFP

                “우리는 세계 금융시장에서 달러 지배력을 공고히 하는 거대한 발걸음(giant step)을 내디뎠다.” 도널드 트럼프 미국 대통령이 지난 18일 백악관에서 ‘지니어스법’(GENIUS Act)에 서명한 직후 한 말이다. 지니어스법은 달러 등 법정화폐 가치와 일대일로 연동하는 스테이블코인을 제도권 내에서 인정한 법이다. 트럼프 대통령이 이 법에 최종 서명하면서 스테이블코인은 미국 금융시장에서 공식적인 법적 지위를 갖게 됐다. 트럼프 대통령은 “(이 법의 통과는) 인터넷 탄생 이후 금융 기술에서 일어난 가장 위대한 혁명일 수 있다”고 강조했다. ○법적 지위 얻어20일 코인마켓캡에 따르면 전 세계 암호화폐 시가총액은 사상 처음으로 한때 4조달러(5574조원)를 돌파했다. 미국에서 지니어스 법 등 가상자산 관련 법이 통과된 여파다. 테더의 시가총액도 1616억달러를 넘어서면서 사상 최고치를 기록했다. 하루 거래량은 1900억달러에 달했다. 마크 팔머 벤치마크 컴퍼니 애널리스트는 “명확성을 기대하고 있던 기관 자금이 시장에 유입되고 있다”고 말했다.스테이블코인은 달러나 유로 등 법정화폐와 가치가 연동돼 있어 비교적 안정적인 암호화폐다. 가격 변동성이 큰 비트코인 등의 약점을 보완했다는 평가다. 하지만 스테이블코인 역시 암호화폐 시장 내부에서 코인 거래를 위한 유동성 수단으로 주로 쓰이는 데 그쳤다.스테이블코인이 실물 경제로의 확장에 한계가 있었던 건 대부분 국가에서 법적 지위가 불명확했기 때문이다. 기업이나 금융기관이 활용하기 어려웠던 이유다. 기존 금융망과도 연결되지 못했다. 여기에 스테이블코인 발행사에 대한 신뢰도 부족했다. 예컨대 세계 1위 스테이블코인인 테더 발행사의 경우 실제 발행한 만큼 준비자산을 확보하고 있는지 투명성 논란이 끊이지 않았다.지니어스 법이 글로벌 금융 시장에서 파급력이 클 것으로 예상되는 이유는 스테이블코인이 ‘디지털 달러’로서 법적 지위를 공식적으로 인정받은 것이기 때문이다. 특히 세계 최대 금융시장인 미국에서 제도권 내로 편입되면서 글로벌 기업과 금융기관도 합법적 결제 수단으로 채택할 명분을 갖게 됐다. 이 법에 따르면 은행 자회사 또는 승인받은 발행사만이 스테이블코인을 발행할 수 있다. 발행량에 상응하는 준비자산도 100% 쌓아야 한다. 여기에 정기적인 회계 감사를 받고 공시도 의무적으로 해야 한다. ○중국 견제 수단으로도미국은 스테이블코인이 달러 패권 강화에 확실한 열쇠라는 걸 숨기지 않고 있다. 지니어스 법은 스테이블 코인 발행사가 미국 달러와 국채로 준비금을 갖추도록 했다. 일본, 중국 등 주요국이 미 국채 보유량을 줄이는 상황에서 미 국채의 새로운 투자 기반이 형성된 것이다. 실제 주요 스테이블코인 발행사가 보유한 미 국채 규모는 1800억달러를 넘는다. 이는 한국의 보유량(1258억달러)을 크게 웃도는 규모다.트럼프 대통령은 스테이블코인이 중국의 기술 패권에 대한 견제 수단이라는 점도 내비쳤다. 트럼프 대통령은 이날 스테이블코인과 AI를 함께 언급하며 “중국이 실제로 이것(암호화폐)을 지켜보고 좋아한다”며 “우리가 (법제화를) 해냈다”라고도 했다. ○기회이자 위협될 듯스테이블코인 사용이 확산하면 전 세계적으로 ‘달러화’가 빠르게 진행될 것이란 예상이다. 수출입 의존도가 높은 한국에는 까다로운 거시경제 변수로 떠올랐다. 무역 거래에서 스테이블코인의 활용이 확산하면 한국은행과 정부가 파악하기 쉽지 않기 때문이다. 이렇게 되면 통화 및 거시 정책을 펴는 데 어려움이 예상된다.은행과 카드업, 결제업 등을 영위하는 관련 기업에도 기회이자 위협으로 작용할 것으로 전망된다. 이병관 한국금융연구원 부장대우는 ‘미국의 스테이블코인 발행 본격화 움직임과 시사점’ 보고서에서 “스테이블코인 유통 확대에 따라 블록체인상에서 전개되는 금융서비스의 수요와 공급도 확대될 수 있다”고 내다봤다. 조미현 기자 mwise@hankyung.com",https://www.hankyung.com/article/202507209938i,2025.07.20 16:02
"""유흥업 취급 그만""…정부, 가상자산 사업자도 '벤처기업'에 편입한다",,"사진=게티이미지뱅크

                중소벤처기업부가 가상자산(암호화폐) 사업자에게도 ‘벤처기업’ 지위를 부여하는 방안을 추진한다. 가상자산 사업자도 ‘기술 기반 창업·성장 기업’으로 간주해 창업투자, 기술보증, 정책금융 등 벤처 혜택을 누릴 수 있도록 하겠다는 취지다. 그간 제도권 외곽에 머물던 가상자산 업종이 7년 만에 벤처 생태계로 편입될 가능성이 커졌다는 평가다.중기부는 9일 ‘벤처기업육성에 관한 특별법 시행령’ 일부 개정안을 입법예고하고, 벤처기업 확인 대상의 기술 기반 업종 범위에 가상자산 산업을 명시적으로 포함한다고 밝혔다. 블록체인·디지털자산 기술을 활용한 기업이 일정 수준의 기술성 평가 기준을 충족하면 벤처기업으로 공식 인정받을 수 있는 길이 열린 셈이다.국내에서 가상자산사업자는 오랜 기간 벤처기업 제외 업종으로 분류돼 왔다. 2018년 개정된 시행령에 따라 블록체인 기반 암호화자산 매매·중개업은 유흥주점업, 카지노 운영업 등과 함께 사행성 업종으로 간주돼 벤처 인증에서 배제돼왔다. 당시 업종 기준 변경으로 국내 최대 가상자산거래소 ‘업비트’의 운영사 두나무는 벤처기업 인증을 박탈당했다. 업종 변경만으로 벤처 확인이 취소된 것은 그 사례가 처음이었다.벤처 인증이 없으면 소득세·법인세 감면, 기술보증기금 보증, 정부 연구개발(R&D) 과제 참여 등 핵심 창업 지원 혜택을 받지 못한다. 업계에서는 “지금이 어느 시대인데 가상자산사업자를 유흥업소 수준으로 취급하느냐”는 비판이 이어져 왔다.최근 들어 정부의 태도 변화에는 기술 기반 블록체인 기업의 등장과 시장 신뢰 회복 움직임이 반영된 것으로 보인다. 코인 발행이 아닌 기술 서비스 중심의 기업 비중이 늘어나고, 글로벌 자산운용사들이 가상자산을 제도권 금융자산으로 편입하는 추세도 영향을 미쳤다. 업계는 이번 개정안을 디지털 금융 산업의 제도권 진입 첫걸음으로 평가하면서도, 여전히 갈 길은 멀다는 입장이다. 특히 코인 발행만을 목적으로 한 기업이나 실체 없는 프로젝트성 사업자는 여전히 벤처 인증 대상에서 제외될 가능성이 크다. 전문가들은 가상자산 산업을 미래 전략산업으로 바라봐야 한다고 강조한다. 한 가상자산업계 관계자는 “가상자산은 한국이 주도할 수 있는 새로운 디지털 산업 분야”라며 “전 세계가 이제 막 출발선에 선 만큼 한국도 제도 정비를 더 늦추지 말아야 한다”고 설명했다. 한편 국내 가상자산 시장에는 최근 제도권 기대감에 따른 온기가 감지되고 있다. 국회에서는 여당 의원들을 중심으로 가상자산 산업 진흥 및 이용자 보호를 위한 관련 법안이 잇따라 발의되고 있고, 시중은행과 인터넷전문은행, 카드사들은 원화 기반 스테이블코인 상표권을 앞다퉈 출원 중이다. 관련 상장기업 주가는 연일 상승 곡선을 그리고 있다.안정훈 기자 ajh6321@hankyung.com",https://www.hankyung.com/article/202507096602i,2025.07.09 10:07
물가 진정에도 체감경기 ‘냉랭’…하반기 회복 가능할까,,"7월 들어 소비자물가 상승률이 2%대 초반으로 내려앉으며 인플레이션 우려는 다소 완화되는 분위기지만, 한국경제의 체감경기는 여전히 냉랭하다. 전문가들은 고금리와 부진한 내수, 글로벌 수요 둔화가 복합적으로 작용하고 있다고 분석한다.한국은행과 통계청에 따르면 6월 소비자심리지수는 전월 대비 소폭 상승했지만, 여전히 장기평균치를 하회하고 있다. 특히 자영업자와 중소기업의 체감 경기는 극도로 위축된 상황이다. 한 자영업자는 “물가는 안정돼도 손님이 돌아오지 않는다”며 “실질 구매력 회복이 체감되기 전까진 희망적이지 않다”고 말했다.정부는 하반기 추가경정예산을 통한 재정투입과 정책금리 인하 가능성 등을 통해 경기 반등의 발판을 마련하겠다는 입장이지만, 민간소비 회복까지는 시간이 더 걸릴 것으로 보인다. 경제 전문가들은 “물가 안정은 경기 회복의 필요조건일 뿐 충분조건이 아니다”라며 “하반기 고용 개선과 실질임금 상승이 병행돼야 본격적인 반등이 가능할 것”이라고 전망했다.더즌, 뉴엔AI, 삼성에스디에스, 한화에어로스페이스, SK스퀘어무료상담",https://www.hankyung.com/article/202507111896a,2025.07.11 10:03
"'기업은행' 52주 신고가 경신, 전일 기관 대량 순매수",,"◆ 주체별 매매동향- 전일 기관 대량 순매수지난 한달을 기준으로 보면 기관이 280.2만주를 순매수한 반면, 외국인은 56.0만주를 순매도했고, 개인들도 173.1만주를 순매도했다. 같은 기간 이 종목의 거래 비중은 외국인과 개인이 각각 41.7%, 34.2%로 비중이 높다.더욱이 전일 기관이 대량 순매수를 하고 있어 투자자들의 관심이 집중되고 있다.[그래프]기업은행 외국인/기관 매매동향











◆ 최근 애널리스트 분석의견- 고배당주로서의 매력 강화 전망 - NH투자증권, BUY07월 14일 NH투자증권의 정준섭 애널리스트는 기업은행에 대해 ""'25년 2분기 지배순이익은 6,686억원 예상. 코리보 금리 하락으로 NIM은 부진하겠지만(-8bp q-q) 대출성장은 기업대출 중심으로 약 1.5% 성장 예정. 원/달러 환율 하락에 따른 환평가익 약 1천억원 발생 예정. 기업은행은 현금 배당을 선호하는 투자자가 선호하는 은행주. 주주환원 정책 보완시 세제 혜택도 가능해, 고배당주 매력은 한층 높아질 전망""이라고 분석하며, 투자의견 'BUY', 목표주가 '24,500원'을 제시했다.한경로보뉴스이 기사는 한국경제신문과 금융 AI 전문기업 씽크풀이 공동 개발한 기사 자동생성 알고리즘에 의해 실시간으로 작성된 것입니다.",https://www.hankyung.com/article/202507145889L,2025.07.14 09:15
"김학균 신영증권 센터장 ""달러 약세로 K증시 상승 지속 전망""","""트럼프의 감세 및 경제 안보 정책이 달러 가치 짓누를 것""
""앞선 환율 하락기에도 외국인 순매수 16조 유입돼""","김학균 신영증권 리서치센터장이 22일 한국거래소에서 개최된 기자간담회에서 발표하고 있다. /사진=한경우 기자

                한국 증시가 달러 가치 약세에 기반한 상승세를 이어갈 수 있을 것이란 전망이 나왔다.김학균 신영증권 리서치센터장(전무)은 22일 한국거래소 서울사무소에서 개최된 기자간담회에서 “최근 펀더멘털(내재가치)이 한국의 주가를 설명하지 못하고 있다. 앞으로도 주가를 움직이는 주요 동력이 펀더멘털이지는 않을 것”이라며 이 같이 밝혔다.그러면서 한국 주식시장을 움직일 핵심 동력으로 새 정부에서 추진하는 거버넌스 개선과 함께 달러 가치 약세를 꼽았다.코스피는 전날 3210.81로 마감돼 지난 4월9일의 저점(2293.70) 대비 39.98% 상승했다.공교롭게 코스피지수와 원·달러 환율은 반대로 움직였다. 코스피가 저점을 찍기 직전인 4월8일에 원·달러 환율은 달러당 1479원으로 고점을 찍었고, 이후 가파르게 하락해 전일엔 1382.2원으로 마감됐다. 지난달 26일에는 달러당 1352.9원까지 떨어졌다가, 최근 미국 중앙은행(Fed)의 기준금리 인하 기대감이 약해지면서 소폭 올랐다. 코스피도 7월 중순께부터 상승 탄력이 둔화하는 모습이다.원·달러 환율이 하락세(달러 대비 원화 가치 강세)를 나타내면 외국인 투자자들이 한국 주식시장으로 유입되는 경우가 많다. 원화 표시 자산을 보유하는 데 따른 환차익을 기대할 수 있어서다.김 센터장은 최근 나타난 원·달러 환율 하락을 “달러 약세”로 표현했다. 원화 가치가 강해졌기 때문이라기보다 달러 가치가 약해진 데 따른 환율 하락이라는 것이다.달러 약세의 배경은 도널드 트럼프 미국 행정부의 감세 및 경제안보 정책을 지목했다.‘작은 정부’를 지향하는 미 공화당이 정권을 잡으면 정부지출 감축과 함께 감세에 나선다. 하지만 공화당 정권 아래에서 재정건전성이 개선된 사례는 없다고 김 센터장은 지적했다. 충분한 재정지출 감축이 이뤄지지 않아 오히려 악화되는 모습이 나타났다. 재정건전성 악화로 미국에 대한 신뢰가 약화되면 미국의 통화인 달러화의 가치는 약해질 수밖에 없다.트럼프 정권 스스로도 달러 약세를 유도하고 있다고 김 센터장은 전했다. 스티브 미란 백악관 경제자문위원회 위원장이 작년 11월에 작성해 트럼프 행정부의 ‘경제 안보’의 이론적 배경을 제공한 보고서는 △환율 조정 △관세 부과 △미국의 제조업 부활 등이 필요하다고 강조한다.김 센터장은 “‘미란 보고서’의 핵심은 환율 조정”이라며 “달러 가치가 너무 강하기 때문에 미국이 다른 나라와의 교역에서 적자를 보고 있다는 게 미란 위원장의 주장”이라고 설명했다.미 행정부가 인위적으로 달러 가치를 약하게 만들려는 조짐이 이미 나타나고 있다. 지난 5월 초 미국과 대만이 무역협상을 한 뒤 대만달러 가치가 치솟았고, 대만 증시에 외국인 자금이 유입됐다. 한국과 미국의 무역협상 테이블에 환율 문제가 올랐다는 보도가 나오기도 했다. 김 센터장은 “역사적으로 환율은 정치적 타협의 결과인 경우가 많았다”고 설명했다.정치적 타협의 결과로 환율이 크게 움직인 사례가 1985년의 ‘플라자 합의’다. 이후 엔·달러 환율은 달러당 240엔 수준에서 80엔까지 하락했다. 엔화 강세로 일본 기업의 수출이 어려워지자, 일본 정부는 내수 부양에 나서며 거품을 만들었고, 그 거품이 터지면서 일본은 ‘잃어버린 30년’으로 불리는 장기 불황을 겪었다.다만 아직까지는 환율 하락에 따른 부작용을 걱정할 수준까지는 아니라고 김 센터장은 분석했다. 최근 환율이 크게 하락했다고는 하지만, 여전히 과거 수준과 비교해서는 높기 때문이다.앞서 미 Fed가 기준금리를 빠르게 인상한 2022년에도 원·달러 환율이 1400원대를 넘나들며 ‘킹달러’라는 말이 횡행한 바 있다. 하지만 금리 인상이 멈출 것이란 기대가 커지면서 이듬해인 2023년에는 원·달러 환율이 다시 달러당 1220원대까지 하락했다.김 센터장은 “(현재 환율은) 여전히 역사적으로 굉장히 높은 환율”이라며 “환율이 하락할 공간이 상당히 많이 남아 있다”는 의견을 제시했다.그러면서 “2022~2023년에 원·달러 환율이 하락하는 과정에서 외국인이 국내 주식을 16조원가량 샀던 사례가 있다”고 덧붙였다.한경우 한경닷컴 기자 case@hankyung.com",https://www.hankyung.com/article/2025072242006,2025.07.22 13:10
"지역활성화투자펀드 전국 1호, 구미 청년드림타워 착공","876억 투입, 459실 규모의 근로자 기숙사, 근린생활시설 건립…27년 준공","구미시는 24일 구미시평생학습원에서 지역활성화투자펀드 전국 1호 사업으로 선정된 ‘구미 청년드림타워’ 착공식을 개최했다.지역활성화투자펀드는 정부 재정·지방소멸대응기금·산업은행의 출자를 통해 조성된 모펀드와 민간이 함께 자펀드를 결성하고, 이를 기반으로 지방자치단체와 특수목적법인(SPC)을 설립해 지역 프로젝트에 투자하는 정책 펀드 사업이다. 기획재정부는 지난해 3월, 펀드 출범과 함께 제1호 프로젝트로 ‘구미 청년드림타워’ 사업을 선정했다.구미시와 경상북도는 구미1산단 내 노후한 사원아파트를 근로자 기숙사로 사용하는 등 열악한 주거환경 개선을 위해 지역활성화투자펀드와 환경개선펀드를 활용해 특수목적법인을 설립하고 총 876억 원을 투입한다. 2027년까지 지하 3층, 지상 18층 규모의 오피스텔 459실(원룸 408실, 투룸 51실)과 근린생활시설을 건립할 계획이다.구미시는 이 사업을 계기로 근로자 전용 임대시설 조성을 산업단지 인프라 혁신의 신규 모델로 정착시키고, 지속가능한 민간 투자와 지역개발 수요 창출의 마중물로 삼겠다는 방침이다.김장호 구미시장은 “이번 사업은 청년이 돌아오고 기업이 모이는 산업도시 구미로의 전환점이 될 것”이라며 “올해 3월 선정된 문화선도산단 사업과의 시너지를 통해 문화와 산업이 공존하는 청년친화형 산단을 조성하고, 지역에 경제적·사회적 활력을 불어넣겠다”고 강조했다.오경묵 기자",https://www.hankyung.com/article/202507248935h,2025.07.24 10:16
"하나은행, 지역신용보증재단 특별출연 통해 소상공인 3,750억원 규모 금융지원 실시!!","- 지역신보 300억원 특별출연, 보증비율 우대(90%이상) 적용 된 보증서 공급 및 이차보전 지원

- 지난 4월 소상공인 위한‘폐업자 장기분할상환’상품 출시 통해 잔여 대출금 상환 부담 완화도 시행

- 이호성 행장, ""실질적 보탬이 되는 지원사업으로 지역상권 사장님들의 든든한 금융파트너 될 것""","하나은행(은행장 이호성)은 소상공인·자영업자들의 경제 활력 제고 및 금융 취약계층 지원을 위해 지역신용보증재단에 300억원 추가 특별출연을 통해 3,750억원 규모의 금융지원을 실시한다고 밝혔다.하나은행은 지난 상반기 출연한 565억원(보증한도 9,028억원)에 이어, 올해 하반기 추가로 300억원의 특별출연으로 보증재원을 마련했으며, 올해 하반기 지역신용보증재단과 개별 협약을 체결해 보증비율 우대(90%이상) 혜택이 적용된 보증서를 공급할 예정이다.이를 통해 하나은행은 전국에 신용도가 낮거나 담보가 부족한 소상공인· 자영업자 및 영세한 소기업을 대상으로 3,750억원 규모의 금융 지원을 실시하기로 했다.또한, 하나은행은 소상공인 금융지원 방안의 일환으로 ‘폐업자 장기분할 상환 상품’ 출시를 통해 폐업하거나 폐업 예정인 소상공인 지원에 적극적으로 나서고 있다. ‘폐업자 장기분할 상환’ 상품은 소상공인의 폐업 부담을 완화하고, 폐업 후 남은 잔여 대출금을 장기분할 상환할 수 있도록 지원해주는 프로그램으로, 지난 4월말 상품 출시 후 누적 152건, 65억원(‘25년 6월말 기준)을 실행했다.이밖에도 하나은행은 소상공인 맞춤형 채무조정 프로그램인 '소상공인 119PLUS 대출'을 출시해 정상 차주라도 상환에 어려움이 예상되는 차주에 대해 장기분할상환, 금리감면 등을 제공하는 채무조정 프로그램을 실시하고 있다. 특히, '연체우려 차주'의 신용등급 및 소득, 연체일수 등을 계량화하고 세분화하여 은행권 공동기준을 마련했으며, 요건에 부합할 경우 심사를 간소화하여 적시에 채무조정이 이루어 질 수 있도록 했다.이호성 하나은행장은 “이번 특별출연이 소상공인에게 실질적인 도움을 제공하고, 침체된 지역사회 경제의 위기 극복과 지역 균형 성장에 도움이 되길 기대한다”며, “앞으로도 하나은행은 소상공인 사업장에 힘이 되고 실질적 보탬이 되는 지원 사업들을 통해 지역 상권 사장님들의 곁을 지키는 든든한 금융 파트너로서의 역할에 최선을 다하겠다”라고 밝혔다.한편, 하나은행은 소상공인 금융 특화 브랜드인 ‘하나 더 소호(HANA THE SOHO)’를 통해 대한민국 소상공인 사장님들의 성공적인 미래를 응원하는 다양한 상품·서비스를 출시해 왔으며, 소상공인들의 창업, 성장, 폐업 단계별 상권분석, 금융·경영지원 등의 맞춤형 컨설팅도 제공하고 있다.",https://www.hankyung.com/article/202507210711P,2025.07.21 08:27
"명품가격 인상률, 6년 만에 최저","루이비통·프라다 등 2% 내외 
판매 부진에 美 관세 인상 겹쳐
한국은 고환율 탓에 효과 못봐","올해 주요 명품기업의 가격 인상률이 2019년 이후 가장 낮은 것으로 나타났다.24일 스위스 투자은행 UBS에 따르면 지난 1~5월 주요 명품기업은 평균 3%가량 제품 가격을 올린 것으로 조사됐다. 2019년 2% 후 가장 낮은 인상폭이다. 명품기업들은 2020년 코로나19 사태 이후 2023년까지 명품 가격을 크게 올려왔는데 최근 인상 폭이 둔화했다. 연도별 가격 인상률은 2020년 5%, 2021년 4%, 2022년 8%, 2023년 6%, 2024년 4%로 나타났다.올 1~5월 루이비통, 프라다, 디올, 보테가베네타, 생로랑 등 대부분 브랜드는 평균 인상률이 2% 내외였다. 에르메스가 6%, 까르띠에가 4% 수준이다. 롤렉스의 12%가 이례적이었다.명품 가격은 미국 정부의 관세 정책 불확실성이 커지며 인상에 제동이 걸렸다는 분석이 나온다. 앞서 미국 정부는 8월 1일부터 유럽연합(EU) 수입 제품에 30%의 상호관세를 부과하겠다고 밝혔다.최근 EU와 미국이 무역 협상에 들어가며 상호관세율이 15%로 낮아질 것이란 관측이 나왔지만 관세 인상 자체는 불가피한 모습이다.실적 부진도 가격을 올리지 못하는 요인이다. 월가 애널리스트들은 올 2분기 루이비통모에헤네시(LVMH)의 매출이 전년 동기 대비 2% 감소했을 것으로 추정했다. 구찌, 보테가베네타를 보유한 케링그룹은 2분기 매출이 전년 동기 대비 13% 줄어들 것으로 예상됐다. 명품 최대 소비국인 중국의 소비 침체가 이어졌기 때문이다. 다만 한국은 원화 약세로 명품 가격 인상 억제 효과를 얻지 못하고 오히려 가격이 오르는 모습을 보였다.배태웅 기자 btu104@hankyung.com",https://www.hankyung.com/article/2025072403731,2025.07.24 17:34
"'BNK금융지주' 52주 신고가 경신, 전일 기관 대량 순매수",,"◆ 주체별 매매동향- 전일 기관 대량 순매수지난 한달을 기준으로 보면 기관이 557.5만주를 순매수한 반면, 외국인은 290.1만주를 순매도했고, 개인들도 249.0만주를 순매도했다. 같은 기간 이 종목의 거래 비중은 외국인과 기관이 각각 44.9%, 30.8%로 비중이 높다.더욱이 전일 기관이 대량 순매수를 하고 있어 투자자들의 관심이 집중되고 있다.[그래프]BNK금융지주 외국인/기관 매매동향











◆ 최근 애널리스트 분석의견- 2Q25 Preview: 건전성만 회복된다면 - 상상인증권, BUY(신규)07월 03일 상상인증권의 김현수 애널리스트는 BNK금융지주에 대해 ""2분기 실적, 컨센서스 상회 전망. 건전성 부담 지속, 하반기 회복 여부 주시 필요: CCR은 여전히 높은 0.76% 수준이며, 1분기 NPL 비율은 1.69%(QoQ +38bp, YoY +84bp)로 빠르게 상승 중이다. 커버리지 비율도 84.5%로 낮아 건전성 우려가 지속되고 있다. 1분기 연체율 또한 부산은행 0.73%(+15bp), 경남은행 0.68% (+23bp)로 큰 폭 상승한 상태다. 3분기까지는 부담이 이어질 수 있으나, 4분기에는 내수 회복과 금리 인하 효과로 개선이 기대된다.""이라고 분석하며, 투자의견 'BUY(신규)', 목표주가 '18,000원'을 제시했다.한경로보뉴스이 기사는 한국경제신문과 금융 AI 전문기업 씽크풀이 공동 개발한 기사 자동생성 알고리즘에 의해 실시간으로 작성된 것입니다.",https://www.hankyung.com/article/202507084004L,2025.07.08 09:14
"'조단위 IPO 대어' 대한조선 ""국내 조선사 중 영업이익률 최고""","대한조선, 유가증권시장 상장 추진
공모가 상단 기준 시가총액 1.9조 육박
22~23일 공모 청약 예정","왕삼동 대한조선 대표가 IPO 기자간담회에서 발언하고 있다./사진=진영기 한경닷컴 기자

                중형 조선사 대한조선이 유가증권시장 상장에 도전한다. 한때 산업은행 관리를 받는 등 경영상 어려운 시기를 거쳤지만, 조선업 호황에 힘입어 흑자 전환에 성공한 상태다.왕삼동 대한조선 대표는 17일 서울 여의도에서 열린 기업공개(IPO) 기자 간담회에서 ""상장을 통해 글로벌 시장에서 입지를 확보하겠다""며 포부를 밝혔다. 대한조선의 전신은 1987년 설립된 신영조선공업이다. 2004년 사명을 변경했다. 이후 수에즈막스·아프라막스급 유조선, 셔틀탱커선, 컨테이너선 등 다양한 선종을 건조했다.대한조선은 하반기 IPO 시장 최대어로 꼽힌다. 공모가 상단 기준 예상 시가총액은 1조9263억원에 달한다. 공모 규모도 5000억원에 육박한다. 대한조선은 2009년 건설·조선업 구조조정 과정에서 워크아웃 대상이 됐고, 산업은행 관리를 거쳐 2022년 국내 투자회사 KHI가 새 주인에 올랐다.대한조선은 수익성 위주의 경영을 장점으로 내세웠다. 특히 선박 건조에 필요한 블록의 모든 생산 공정을 내재화해 안정적으로 품질 관리를 할 수 있어 불필요한 비용 발생을 최소화할 수 있었다고 설명했다.탠덤 공법도 장점으로 제시했다. 탠덤 공법은 독에서 한 척의 선박을 건조하는 동시에 여유 공간에서 후속 선박의 일부분을 함께 건조해 공간 활용성 및 생산량을 높이는 방법을 말한다. 독 회전율을 높여 매출을 끌어올릴 수 있다. 독 회전율은 경쟁사 대비 약 18% 높다고 밝혔다.작년 기준 대한조선의 매출액은 1조746억원, 영업이익은 1582억원이다. 전년 대비 각각 32%, 340% 불어났다. 영업이익률은 14.7%로 국내 조선사 중 최고 수준이다. 지난 1분기 영업이익률은 22.7%로 지난해 수치를 웃돌고 있다.
                    



왕삼동 대한조선 대표가 IPO 기자간담회에서 발언하고 있다./사진=진영기 한경닷컴 기자

                대한조선은 조선업 호황이 당분간 이어질 것으로 예상했다. 노후선 교체 수요, 환경규제 강화 영향으로 신조 발주량이 안정적인 흐름을 보일 것이란 전망이다. 선박은 통산 20~25년 운항하고 폐선된다. 탱커선의 경우 15년 이상 노후선박 비중은 40%, 20년 이상 노후선박 비중은 17%에 달한다. 중대형 탱커선은 대한조선의 주력 선종이라 수혜 강도가 더 클 것이라는 입장이다.또 액화천연가스(LNG)와 메탄올, 암모니아 등 이중연료(DF, Dual Fuel) 추진 기술과 탄소 포집 설비(OCCS)까지 적용 가능한 친환경 설계 기술도 확보하고 있다고 밝혔다. 대한조선은 2020년 이후 수주한 선박 60척 중 절반이 넘는 35척에 이중연료 기술을 적용했다. 환경 규제에 선제 대응하며 고부가가치 선박 시장을 공략하고 있다는 입장이다.왕 대표는 ""해외 선사들은 선박을 20년 이상 운용해야 하는 핵심 자산으로 보는데, 대한조선의 배는 연료 소모량이 적은 데다 유지보수 수요도 적은 독보적인 기술력을 갖췄다""고 강조했다.이어 ""내년 해상 유전에서 항구로 원유를 실어 나르는 선박인 셔틀탱커 건조에 들어갈 예정""이라며 ""셔틀탱커는 다이내믹 포지셔닝 시스템 같은 특수 장비가 필요해 일반 유조선 대비 선가가 최소 50% 비싸 수익성이 더욱 개선될 전망""이라고 말했다. 내년 인도할 선박은 올해에 비해 감소하겠지만, 고부가가치 선박 위주로 편성됐기 때문에 실적은 꾸준히 개선될 것이란 설명이다.대한조선은 이날까지 기관 투자자 대상 수요예측을 진행한다. 오는 21일 확정 공모가를 발표할 계획이다. 희망 공모가 범위는 4만2000~5만원이다. 공모가에 따른 예상 시가총액은 1조6181억~1조9263억원이다. 공모주 물량은 총 1000만주로 신주모집이 800만주, 대주주 KHI가 내놓은 구주매출이 200만주다. 공모가 하단 기준 3325억원을 조달할 계획인데 이 가운데 절반은 채무상환 자금으로 활용된다.KB증권과 NH투자증권이 공동 대표 주관을 맡았으며 신영증권이 공동 주관사로 참여했다. 상장 예정일은 8월1일이다. 상장 당일 유통 가능 물량은 전체 주식 수의 22%(848만주)다. 상장 후 6개월 뒤 2대 주주인 안다H자산운용(AH프로젝트일반사모투자 신탁제10호신탁)의 보호 예수가 풀린다. 안다H자산운용은 959만302주를 갖고 있다. 다만 대한조선 측은 안다H자산운용이 보유한 지분은 시장에 단번에 풀리기 어려운 물량인 만큼 블록딜(시간 외 대량매매) 등 방식으로 매각할 것으로 예상했다.진영기 한경닷컴 기자 young71@hankyung.com",https://www.hankyung.com/article/2025071747286,2025.07.17 15:43
"은행권 ""위험자산에 ELS·DLF 손실 배제를""","건전성 규제 완화 요구 나서

과거 10년 발생 손실 엄격 적용
위험가중자산 산출 방식에
더는 판매 안하는  DLF도 포함

금융당국에 규제완화 요구할 듯
판매중지 등 재발 우려 없앴다면
해당 손실 반영 기간 단축 필요","국내 은행권이 주가연계증권(ELS) 등 고위험 상품 판매와 운영에 따른 손실액을 10년간 위험가중자산(RWA)에 반영하는 규제와 관련해 외부 컨설팅을 받기로 했다. 해외 사례 수집 등을 통해 근거를 마련한 뒤 “재발 우려를 차단했다면 관련 손실을 RWA에 반영하지 않도록 해달라”고 금융당국에 요구하기 위해서다. 은행의 건전성 관리에 오랫동안 부담을 안긴 ‘홍콩 H지수 ELS 사태’의 족쇄에서 벗어날지 주목된다. ◇“판매 중단 상품 손실은 예외”







이미지 크게보기



                16일 금융권 및 법조계 등에 따르면 은행연합회는 은행 운영 손실의 RWA 반영 기준을 완화하는 방안을 마련하기 위해 법률 자문사 선정 작업을 하고 있다. 자문을 맡은 로펌은 은행들이 펀드나 ELS, 파생결합펀드(DLF) 등 고위험 투자상품 판매로 발생한 운영 손실을 10년간 RWA의 운영리스크로 반영하도록 하는 규제를 완화하기 위한 근거와 논리를 구축할 예정이다. 주요 선진국의 법률 현황과 금융당국의 규제 방향 등을 파악해 비교한다. 해당 작업이 마무리되는 대로 은행들의 규제 완화 요청이 이뤄질 전망이다.금융감독원은 대형 손실을 낸 사업 자체를 없애거나 내부통제 강화, 판매 절차 개선 등의 작업을 벌여 재발 우려를 차단했다고 판단되면 예외적으로 해당 규제를 완화해 적용할 수 있다는 방침을 세워놓고 있다. 은행들은 이를 근거로 예외 기준을 충족하면 해당 운영 손실을 RWA에 반영하지 않거나 반영 기간을 단축해달라고 요구해왔다. 손실을 안긴 투자상품 판매를 접었음에도 회계장부에 10년간 RWA로 잡히는 것은 지나치다는 판단에서다.국민 신한 하나 등 몇몇 시중은행은 홍콩 H지수 ELS 사태 여파로 지난해 초 ELS 판매를 중단했다. 판매 절차와 적격투자자 평가 기준 등을 더욱 깐깐하게 정비해 오는 9월을 목표로 판매 재개를 준비 중이다. DLF도 2019년 ‘해외금리 연계 DLF 손실 사태’ 이후 판매를 중단한 은행이 적지 않다. ◇건전성 개선 효과 보나은행들은 해당 규제가 완화되면 자산 건전성이 다소 개선될 것으로 기대하고 있다. 국민 신한 하나 우리 등 4대 은행은 홍콩 H지수 ELS 투자자에 대한 배상으로만 지난해 총 1조3100억원가량을 충당금으로 쌓았다. 규모가 작지 않았던 만큼 RWA 관리에도 적잖은 부담으로 작용했다는 평가가 많다. 4대 은행의 지난 1분기 RWA는 총 848조284억원으로 홍콩 H지수 ELS 사태가 터진 2023년 말(777조8849억원)보다 70조1435억원 증가했다.이들의 모회사인 금융지주의 자본비율 관리에도 긍정적인 영향을 미칠 전망이다. 금융지주의 핵심 자본 적정성 지표인 보통주자본비율(CET1)은 보통주자본을 RWA로 나눠 산출한다. RWA가 줄어들면 CET1이 상승하는 구조다. 주주환원 여력을 나타내는 CET1이 오를수록 금융지주는 밸류업(기업가치 제고) 전략에 더 힘을 실을 수 있다. 금융당국은 은행을 자회사로 둔 금융지주에 CET1을 12% 이상 유지할 것을 요구 중이다. 금융업계 관계자는 “관련 규제가 완화된다면 주요 금융지주의 CET1이 0.01~0.03%포인트 정도 오를 수 있다”고 전망했다.김진성/정의진 기자 jskim1028@hankyung.com",https://www.hankyung.com/article/2025071626501,2025.07.16 17:22
"""SK하이닉스, 시총 300조 간다""…HBM 독점 지위 [마켓딥다이브]","씨티그룹, SK하이닉스 목표가 43만원 제시 
24일 2분기 실적 발표…영업익 9조 전망 
낸드 부문 '흑자전환' 예상…수익성 개선","영상 모듈 닫기




<앵커>어제 3년 10개월 만에 연고점을 경신한 코스피가 오늘도 1% 넘게 오르며 이틀 연속 강세를 보이고 있습니다. 엔비디아가 전 세계 기업 중 처음으로 시가총액 4조 달러(약 5,502조 원)를 돌파하며 주요 공급사인 SK하이닉스가 돋보이는데요. 증권부 최민정 기자와 자세한 이야기 나눠보겠습니다.최 기자, 하반기 코스피 3,500선 달성도 가능하다고요?<기자>네, 글로벌 투자회사 모닝스타웰스의 한 매니저는 ""향후 10년간 한국 주식의 연평균 수익률이 11~12%에 달할 것""이라며 ""지금을 재평가의 시작""이라고 평가했습니다. 실제 6월 외국인은 국내 증시에서 3조 원을 순매수했는데요.코스피도 4거래일 연속 오르며 연중 연고점을 또 경신했습니다. 한국투자증권은 하반기 코스피 예상 밴드를 3,550으로, IBK투자증권도 밴드 상단을 3,400으로 눈높이를 올렸습니다.엔비디아가 시총 4조 달러를 돌파하면서 SK하이닉스 역시 29만 원을 회복했는데요. 특히 외국인이 1천억 원 가까이 사들이며 상승을 주도하고 있습니다.<앵커>개인 순매수 1위가 SK하이닉스인데요. 올해 67% 올랐지만, 증권가에선 얼마나 더 오를 수 있다고 보나요?<기자>글로벌 투자은행인 씨티그룹은 SK하이닉스의 목표가를 43만 원으로 상향 조정했습니다. 지금까지 나왔던 국내외 증권사의 목표가 중 가장 높은 수준인데요.주당 43만 원까지 오르면 SK하이닉스의 시가총액은 313조 원으로 불어나게 되는데요. 코스피 시가총액 1위인 삼성전자와 격차가 50억 원 정도로 좁혀지게 됩니다. 상향 조정의 배경을 살펴볼까요? 고대역폭메모리(HBM)에서 나오는 수익성 때문입니다. SK하이닉스는 HBM 시장 점유율 절반을  차지하고 있는데요.특히 2분기에는 엔비디아에 HBM3E 12단을 사실상 독점 공급하면서 수익성이 크게 향상될 전망입니다. 해당 제품은 기존 HBM3E 8단 대비 60% 이상 높은 가격에 공급되고 있기 때문인데요.실제 김우현 SK하이닉스 CFO(최고재무책임자)는 지난 1월 ""현재 HBM3E 12단 공급은 차질없이 진행되고 있으며 올 상반기 중 계획대로 전체 HBM3E 출하량의 절반 이상을 차지할 전망""이라고 전한 바 있습니다.수익성 향상으로 SK하이닉스는 2분기에도 삼성전자의 영업이익을 앞설 것으로 예상됩니다.앞서 잠정 실적 발표에 나선 삼성전자는 시장의 전망치를 1조 원 이상 밑돈 4조 6천억 원의 영업이익을 냈는데요. 24일 실적 발표에 나서는 SK하이닉스는 영업익 9조 원을 바라보고 있습니다. 기대치처럼 나올 경우 2024년 4분기부터 3개 분기 연속 삼성전자 전체의 영업이익을 넘어서는 기록을 세우게 되는 건데요.실적의 격차는 더 커질 예정입니다. 맥쿼리와 JP모건은 2년 뒤 SK하이닉스의 연간 영업이익을 각각 90조 7천억 원, 60조 3천 억 원으로 바라보고 있는데요. 국내 증권사에선 40조 원 수준으로, 2년 뒤에도 삼성전자보다 높은 영업이익을 유지할 것으로 전망됩니다.JP모건은 ""기술 격차를 앞세워 경쟁사 대비 제품을 빠르게 준비하면서 4년 연속 이익 사이클을 탈 것”이라고 전했습니다.적자를 냈던 낸드에도 변화가 나타나고 있습니다.3분기 낸드 가격이 최대 10% 오를 것이란 전망도 나오며 SK하이닉스의 수익성도 개선될 전망인데요. SK하이닉스의 주력은 HBM이지만, 매출 26%가 낸드에서 발생합니다.트렌드포스는 ""상반기 업체들의 감산과 재고 축소로 낸드 플래시 시장은 수요와 공급 균형에서 상당한 개선을 보였다""며 ""전체 유통 중인 낸드의 공급량이 감소했다""고 밝혔는데요.상상인증권은 SK하이닉스의 낸드 부문이 2분기 930억 원 적자에서 2,720억 원 흑자로 돌아설 것으로 전망했습니다. 연간 영업이익도 1조 원대로 상향 조정했는데, 기존보다 300% 넘게 늘어난 수치입니다.HBM 시장을 이끄는 SK하이닉스가 30만닉스를 넘어 40만 원까지 도달할 수 있을지 지켜볼 필요가 있습니다.지금까지 마켓 딥다이브였습니다.최민정기자 choimj@wowtv.co.kr",https://www.hankyung.com/article/2025071003405,2025.07.10 14:34
리움 통째 빌려 VIP 초대…은행 'WM 총력전',"PB를 종합컨설팅 조직으로 바꿔 
1대多 상담·금융 교육 등 제공","은행들은 자산관리(WM) 사업을 키우기 위해 프라이빗뱅킹(PB)을 종합 컨설팅 조직으로 진화시키고 있다. 이 과정에서 증권사와 보험사 등 계열사와 손잡고 고액 자산가 전담 조직의 몸집을 빠르게 키워가는 중이다.신한은행은 지난해 신한투자증권과 결합한 조직인 ‘신한 프리미어 패스파인더’를 신설했다. 투자, 세무, 상속 등 여러 분야 전문가들이 팀을 이뤄 고객 한 명에게 ‘1 대 다(多) 컨설팅’을 해준다. 고액 자산가를 공략하기 위한 전략이다.하나은행은 클럽원 PB센터 3호점을 다음달 서울 도곡동에 낼 계획이다. 이 은행은 지난해 10월엔 5060세대를 겨냥한 브랜드인 ‘하나더넥스트’를 내놨다. 국민은행도 KB증권과 함께 금융자산 30억원 이상 고객의 종합자산관리센터인 ‘KB골드앤드와이즈더퍼스트’를 운영 중이다. 이 은행은 최근엔 KB라이프생명과 손잡고 시니어 자산가를 대상으로 치매 케어와 요양 서비스 등을 제공하고 있다.다른 은행도 WM 특화 점포를 늘리고 있다. 우리은행은 지난 16일 고액 자산가 전용 PB센터인 ‘투 체어스W’ 송도점의 영업을 시작했다. 이 PB센터를 아홉 개로 확대했다. 앞으로도 해당 특화 점포를 지속적으로 늘려갈 방침이다. 농협은행은 지난 5월 말 69개인 ‘올(All)100종합자산관리센터’를 연말까지 100개로 늘릴 계획이다.은행들은 투자 전략 외에 차별화한 혜택을 제공하는 데도 공들이고 있다. 국민은행은 리움 등 미술관을 대관해 고액 자산가만을 위한 관람 시간을 마련하는 것으로 유명하다. PB센터 자체를 미술관으로 꾸민 ‘갤러리뱅크’도 늘리고 있다. 신한은행은 서울 청담동 패밀리오피스에 파인다이닝과 미술품 전시실, 고객 전용 연회 공간 등을 구축하는 리모델링을 진행 중이다.하나은행은 초고액 자산가의 자녀를 겨냥한 금융 교육 프로그램을 시작했다. 주식, 채권, 비상장사뿐 아니라 미술품과 보석, 블록체인 등에 관한 교육을 하고 있다. 우리은행은 지난해 결혼정보회사 가연과 업무협약을 맺고 VIP 고객에게 중매 서비스를 내놔 주목받았다.김진성 기자 jskim1028@hankyung.com",https://www.hankyung.com/article/2025072251891,2025.07.22 17:36
,,,https://magazine.hankyung.com/business/article/202507162130b,
"李 ""AI·무인로봇…K방산 경쟁력 강화해야""","1회 방위산업의날 토론회

""방산 생태계 다변화·수출 확대""
한화에어로·HD현대 등 150명과
현장 문제 공유하고 개선책 논의
수출입銀 대출한도 확대 건의받아

국무회의서도 '방산 육성' 강조
""컨트롤타워 신설 검토하라""","< 방산 CEO 만난 李대통령 > 이재명 대통령이 8일 서울 한남동 그랜드하얏트호텔에서 제1회 방위산업의날 토론회를 주재하고 있다. 행사에는 방산 기업 최고경영자(CEO)를 비롯해 기획재정부, 국방부, 방위사업청 등 정부 부처와 군 관계자 등 150여 명이 참석했다.    연합뉴스

                이재명 대통령은 8일 “방위산업은 국가 안보를 지키면서 일자리 창출과 국가 위상 제고에 기여하는 미래 산업”이라며 “세계적 방산 강국으로 나아가기 위해 투자와 지원을 아끼지 않겠다”고 말했다. 이 대통령은 “인공지능(AI), 무인로봇 같은 경쟁력 있는 무기체계를 개발하고 발전시켜야 한다”며 “정부의 역할을 찾아보겠다”고 했다. ◇방산 토론회 참석한 李 대통령이 대통령은 이날 ‘제1회 방위산업의날’을 맞아 방위사업청이 주관한 ‘K방산, 미래의 길을 찾다’ 토론회에 참석해 이같이 밝혔다. 이날 행사엔 한화에어로스페이스, LIG넥스원, HD현대중공업, 현대로템, 한국항공우주산업(KAI) 등 방산 기업 최고경영자(CEO) 100여 명을 비롯해 정부와 공공기관 관계자 등 150여 명이 참여했다. 기업인에게서 방산 현장의 문제를 직접 듣고 개선하기 위한 정책을 고안하려는 취지로 마련됐다. 7월 8일은 이순신 장군이 임진왜란에서 거북선을 처음 출전시킨 날이다.이 대통령은 첫머리발언에서 “변화하는 안보 환경에 맞춰 방산 제품의 경쟁력을 강화해야 한다”며 “이를 위해선 AI나 무인로봇 같은 경쟁력 있는 무기체계를 개발하고 발전시켜야 한다”고 말했다. 이어 “방산이 소수 대기업 중심이라는 지적이 있는데, 많은 기업이 규모와 관계없이 참여할 수 있는 방산 생태계를 구축할 필요가 있다”며 “정부의 역할을 찾아보겠다”고 했다.이 대통령은 “(각국과의) 안보 협력을 정부 차원에서 잘 이뤄내 기업이 더 많은 (수출) 기회를 가질 수 있도록 노력하겠다”고도 했다. 국제 외교 무대에서 방산 수출을 이뤄내기 위한 ‘세일즈’에 나서겠다는 의미로 해석됐다.이 대통령은 이날 행사에 앞서 열린 국무회의에서 대선 공약으로 제시한 방산 육성 컨트롤타워 신설, ‘방산수출진흥전략회의’ 정례화를 검토하라고 지시했다. 그러면서 “인재 양성과 연구개발(R&D) 투자, 해외 판로 확대 등 범부처 차원의 노력을 기울여 달라”고 주문했다. 스톡홀름국제평화문제연구소(SIPRI)에 따르면 한국은 2020~2024년 글로벌 방산 수출 10위(점유율 2.2%)인데, 4위까지 올라서려면 더 많은 투자가 필요한 실정이다. ◇“대출 한도 확대 위한 법 개정 필요”이날 토론회 이후 1시간30분가량 진행된 비공개 회의에서 기업인들은 방산 수출 확대를 위한 정부 지원을 요청했다. 한 참석자는 한국수출입은행의 대출 한도를 늘리기 위해 법을 개정해 달라고 제안했다. 통상 방산 수출 계약은 무기를 구매하는 국가가 수은 등에서 대출을 받아 대금을 치르고 차후 갚아나가는 형태로 이뤄진다. 국내 방산 업체가 수출을 단기에 확 늘리며 대출 규모도 커지고 있지만, 한도가 거의 다 차면서 계약에 애를 먹고 있다.또 다른 참석자는 “AI 기술 확보와 인프라 구축이 필요하다”며 “국방 데이터에 쉽게 접근하기 위해 통합관리체계 마련이 시급하다”고 했다. 글로벌 방산업계에선 AI를 활용한 무인체계에 대한 연구가 활발히 진행되고 있는데 한국도 이와 연관된 R&D가 시급하다는 얘기다.세계 최대 방산 시장인 미국 정부와 무기 및 유지·보수·운영(MRO) 수주 등 방산 협력을 늘려야 한다는 제언도 나왔다. 미국 방산 시장을 뚫으면 미국 무기체계를 사용하는 동맹국으로의 수출이 훨씬 쉬워진다. 방산업계 관계자는 “지금은 방산이 호황이지만 불황을 대비해 지속 가능하도록 적절한 수주 물량을 확보해야 한다”고 말했다.김형규 기자 khk@hankyung.com",https://www.hankyung.com/article/2025070857591,2025.07.08 17:53
"신한은행, 은행·증권 역량 끌어모아 VIP 고객 자산관리 서비스",2025 프리미엄브랜드지수(KS-PBI),"신한은행(은행장 정상혁·사진)이 한국표준협회에서 주최하는 ‘2025 프리미엄브랜드지수(KS-PBI)’ 프라이빗뱅킹(PB) 부문에서 18년 연속 1위에 선정됐다.‘신한 프리미어’는 신한금융그룹의 자산관리 대표 브랜드다. 고객 한 분 한 분을 최고로 모신다는 의미를 담은 신한 프리미어는 신한금융그룹의 은행과 증권 업무 역량을 모았다. 다양한 자산관리 채널을 운영하며 자산 관리 시장을 선도하고 있다는 평가를 받는다.





                신한 프리미어는 일반 고객의 종합자산관리 채널인 ‘신한 프리미어 라운지 영업점’을 기반으로 자산가 고객을 위한 1 대 1 포트폴리오 서비스를 제공하는 ‘신한 프리미어 PWM’, 가족 등을 위한 맞춤형 자문 서비스로 특화된 ‘신한 프리미어 패밀리오피스’ 등으로 구성됐다. 기업가 고객을 위한 PB 서비스와 투자은행(IB) 솔루션을 결합한 ‘신한 프리미어 PIB’, 투자·세무·부동산·상속 등 분야별 전문가 집단 지성이 발휘되는 ‘신한 프리미어 패스파인더(SPP)’ 등 다양한 채널을 갖췄다. 이를 통해 ‘고객 중심 자산관리’라는 슬로건 아래 신뢰와 자부심을 선사하는 자산 관리의 새로운 기준을 제시한다고 회사 측은 설명했다.신한은행은 2011년 국내 금융권 최초로 은행과 증권의 장점을 접목한 금융 복합 점포 모델 ‘신한 PWM’을 도입했다. 2019년에는 기업 고객의 IB 수요에 특화된 PIB센터 신설로 서비스 범위를 확장했다. 2022년부터 초고자산가들의 가족 등을 관리하는 패밀리오피스 채널을 운영하고 있다.





                PIB는 PB의 자산관리 노하우에 IB 분야 자본투자, 인수합병(M&A) 컨설팅, 기업공개(IPO) 사업 등을 발굴해 기업과 자산가에게 연결하는 특화 채널이다. 신한 프리미어는 개별 고객 맞춤으로 포트폴리오를 제안하기 위해 신한금융그룹의 종합적인 분석과 투자 전략을 활용한다. 또한 신한금융그룹의 폭넓은 네트워크를 활용해 신한 프리미어 전용 상품을 지속적으로 발굴하고 있다.‘신한 프리미어 패스파인더’의 전문가팀 기반 자산관리 서비스도 큰 호응을 얻고 있다. 세무, 부동산, 투자 전략, 기업 승계 등을 비롯해 IB 솔루션 및 상속 업무까지 100명의 신한은행 및 신한투자증권 전문가들이 참여한다.신한 프리미어는 금융을 넘어 고객 일상에 스며드는 자산관리 브랜드로 진화하고 있다고 회사 측은 설명했다.‘신한 프리미어 홀’은 신한 프리미어 거점센터에 마련한 고급 라운지 형태 공간이다. 아트 팝업, 금융 세미나 등의 프로그램이 열린다. 현재 서울 도곡, 반포, 압구정, 여의도, 광화문 총 5곳에서 ‘신한 프리미어 홀 문화센터’를 운영 중이다.김주완 기자",https://www.hankyung.com/article/2025071092731,2025.07.11 10:00
"트럼프 EU·멕시코 관세 30%에 유럽 주가,美 선물 하락","中수출 호조에 아시아 증시는 일본 제외하고 상승
금주 美CPI,기업실적발표,파월해임압박 등 첩첩산중","사진=REUTERS

                도널드 트럼프 대통령이 유럽연합(EU)과 멕시코 상품에 30% 관세를 부과하겠다며 관세 위협을 계속한 가운데  14일(현지시간) 미국의 주가지수 선물과 유럽의 주가가 하락했다. 이 날 S&P 500 선물은 0.5% 하락했다. 나스닥 선물과 다우존스 산업평균 지수 선물도 각각 0.5% 내렸다. 유럽의 광범위한 스톡스600 지수는 0.6% 떨어졌다. 중국의 수출이 호조를 보였다는 소식에 아시아 시장에서 중국 상하이 지수는 0.27%, 홍콩항셍지수는 0.26% 각각 올랐다. 일본 닛케이 225는 0.28% 하락했으나 한국 KOSPI는 0.8% 올랐다. 비트코인은 처음으로 12만달러를 돌파했으며 이 달 들어서만 거의 14,000달러 상승했다. 은은 14년만에 최고치를 경신했다. 달러화는 주요 통화에 대해 0.1% 상승하고, 유로화는 0.2% 하락한 1.1667달러에 거래됐다. 일본 장기 국채는 지방 선거를 앞둔 재정 우려로 하락폭이 확대됐다. 트럼프 대통령이 지난 주 캐나다부터 브라질 50%, 이후 EU와 멕시코에 대한 30% 관세를 발표하면서 전세계 증시의 회복력을 시험하고 있다. 그럼에도 투자자들은 트럼프 대통령의 이전 행동을 목격한 만큼 결국 최초의 관세율에서는 물러설 것으로 예상하며 미국 증시를 사상 최고치로 이끌어왔다.애넥스 자산 관리의 수석 경제학자 브라이언 제이콥슨은 “투자자들이 트럼프의 30% 관세 위협을 허세로만 여겨서는 안된다”고 지적했다. “이 같은 수준의 관세는 징벌적이지만, 미국보다 EU에 더 큰 타격을 줄 가능성이 높다”고 언급했다. 금융 시장은 4월 2일 상호관세 발표 당시 주식과 미국채의 매도 반응을 보였으나 그 이후 관세 조치의 상당 부분이 연기되면서 매도 움직임은 거의 모두 반전됐다. 페퍼스톤의 선임 리서치 전략가인 마이클 브라운은 보고서에서 ""이는 명백히 '상황 악화를 위한 협상'의 수법"" 라고 말했다. 그는 ""현재로서는 이 방식이 협상 당사자들을 서두르게 해서 짧은 시간안에 더 큰 양보를 얻어내려는 수단일 가능성이 높다”고 지적했다. 도이체 은행의 전략가 조지 사라벨로스는 “트럼프의 파월 의장 해임 가능성이 너무 저평가됐다며 이는 ‘미국 달러와 국채 매도를 촉발할 수 있는 주요 위험”이라고 강조했다. 사라벨로스는 트럼프가 파월을 강제로 해임할 경우 그 후 24시간 동안 달러가 최소 3~4% 하락할 가능성이 높고, 미국채 매도로, 국채 금리가30~40 베이시스포인트(1bp=0.01%) 급등할 것으로 예상했다. 트럼프 대통령과 그의 측근들은 지난 주 후반부터 제롬 파월 연방준비제도(Fed) 의장의 연준 빌딩 개보수 작업에 대한 비판을 강화했다. 이는 파월 의장을 연준 이사회에서 해임할 명분을 구축하기 위한 것으로 해석되고 있다. 트럼프 대통령은 전 날 늦게 파월 의장에 대한 비판을 반복하며 파월 의장이 물러난다면 그것은 ‘좋은 일이 될 것”이라고 말했다. 금주에는 유럽 및 미국의 인플레이션 수치를 포함한 여러 경제 데이터가 발표된다. 주요 기업들의 2분기 실적 발표도 금주부터 시작된다. 월가는 2023년 중반 이후 가장 부진한 실적 발표를 예상하고 있다. 김정아 객원기자 kja@hankyung.com",https://www.hankyung.com/article/202507147754i,2025.07.14 19:11
"대만 푸본은행, 서울 사무소 개설…""아태 지역 사업 확장""",,"대만 최대 금융그룹인 푸본금융이 타이베이푸본은행(푸본은행) 서울 대표사무소를 개소했다고 7일 밝혔다. 서울 여의도 업무지구에 자리를 잡은 푸본은행 서울 사무소는 한국 시장과 비즈니스 기회를 조사하고 금융기관 및 기업 등과 협력 관계를 구축하는 데 집중할 예정이다. 현지 고객 수요를 파악해 아시아 지역에서 서비스 품질과 영향력을 강화해 나간다는 계획이다. 지난 4일 열린 개소식엔 제리 한 푸본금융지주 사장 겸 푸본은행 부회장과 팀 궈 푸본은행 사장 등이 참석했다. 팀 궈 사장은 ""한국은 아시아 주요 경제국으로 과학기술 혁신과 제조업 분야에서 뛰어난 성장 잠재력을 지니고 있다""며 ""대만과 양자 무역 규모도 꾸준히 확대되고 있어 향후 비즈니스 기회가 더욱 기대된다""고 말했다. 푸본금융은 앞서 2015년 현대라이프(현 푸본현대생명) 지분 48%를 인수하며 처음 국내 금융시장에 진출했다. 2018년엔 3000억원을 추가로 투자해 최대주주로 올라서면서 사명을 푸본현대생명으로 바꿨다. 2019년엔 우리금융지주 지분 4%를 사들였고, 2022년엔 현대카드 지분 19.98%를 인수해 3대주주가 됐다. 푸본은행은 서울 사무소를 포함해 아시아·태평양 지역에 1개의 자회사와 5개 해외 지점, 3개의 해외 사무소를 운영 중이다. 올해 4분기엔 호주 시드니 지점 개점을 앞두고 있다. 일본 도쿄와 인도 지점도 개점을 준비 중이다. 신연수 기자 sys@hankyung.com",https://www.hankyung.com/article/202507073030i,2025.07.07 17:11
"2분기 어닝 좋고, 6월 CPI 괜찮을 텐데…에버코어 ""곧 조정"" [김현석의 월스트리트나우]",,"영상 모듈 닫기









                트럼프 대통령의 관세 위협이 연일 확대되고 있습니다. 미국 경제가 잘 버티고, 시장이 사상 최고치 기록을 경신하는 데 힘을 받은 것으로 보입니다. 투자자들은 여전히 협상 전략으로 보지만, 경계의 목소리도 커지고 있습니다. 다음주 6월 소비자물가(CPI)와 소매판매 등 중요한 경제 데이터 발표, 2분기 어닝시즌 개막을 앞두고 뉴욕 증시는 신기록에서 소폭 후퇴했습니다.  1. 브레이크 없는 트럼프…TACO→TWIST?트럼프 대통령은 브라질 50%, 구리 50%에 이어 어젯밤 캐나다에 편지를 보내 8월 1일부터 관세를 35%로 높이겠다고 발표했고요. 게다가 NBC 인터뷰에서 유럽연합(EU)에도 서한을 보낼 것이라고 말했습니다. 또 나머지 모든 교역국에 대한 기본 관세를 기존 10%에서 15~20%로 인상하겠다는 뜻을 밝혔습니다. 그가 연일 관세 위협을 높이는 이유는 간단합니다. 트럼프 대통령은 ""관세가 매우 호평을 받고 있다고 생각한다. 증시는 오늘 사상 최고치를 경신했다""라고 설명했습니다.
                    




                헤지아이의 키스 맥컬러 CEO는 ""트럼프는 주가가 상승하면 관세에 대해 공격적으로 되는 경향이 있다""라고 지적했는데요. 실제 각종 관세 부과에도 미국 경제와 시장이 좋으니 트럼프 대통령은 맘대로인 듯합니다. 트럼프는 지난 2일 베트남과 20% 관세(중국 우회 수출은 40%)에 합의했다고 발표했죠. 이에 대해 폴리티코와 블룸버그는 양국이 10~15%(11%) 수준에 합의한 가운데 막판에 트럼프 대통령이 끼어들어 조건을 바꾸고 공표했다고 보도했습니다. 베트남 정부는 현재 합의 결과를 공개적으로 언급하지 않고 있습니다. 
                    




                그래도 월가는 여전히 이를 협상 전략이라고 간주하고 있습니다. 펀드스트랫의 톰 리 설립자는 ""트럼프 행정부의 목표는 무역 적자를 줄이는 것이지, 미국 경제를 탈선시키는 게 아니다""라고 말했습니다. 르네상스매크로는 ""기본 시나리오는 8월 1일 전에 주요 국가와 몇 건의 무역 협정을 맺는 것이고, 그리고 합의하지 못한 국가에 대한 유예 기간은 다시 연장되는 것""이라고 설명했습니다. 캐나다, 브라질도 당장 보복에 나서기보다는 협상을 하겠다는 자세입니다. 캐나다의 마크 카니 총리는 ""진행 중인 미국과 무역협상에서 우리 노동자와 기업들을 확고하게 보호해왔다. 우리는 수정된 데드라인 8월 1일까지 계속 그렇게 할 것""이라고 밝혔습니다. 브라질의 룰라 대통령도 ""우리는 먼저 협상을 시도할 것이지만, 협상이 이루어지지 않으면 상호주의(보복)를 실행할 것""이라고 말했습니다. EU 대변인도 ""미국과 원칙적 합의를 하기 위해 만반의 준비를 하고 있다""라고 설명했습니다. 트럼프 대통령은 오늘 '다가오는 관세 유예 시한을 앞두고 세계 각국에 해줄 조언은 무엇인가'라는 질문에 ""각국은 8월 1일 마감일 전에 협상을 성사시키기 위해 계속 노력해야 한다. 모두 잘 풀릴 것이라고 말하고 싶다""라고 답했습니다. TS롬바드는 ""브라질에 대한 50% 관세가 부과되면 미국인들은 즉시 식탁에서 충격을 느낄 수 있다. 커피와 오렌지주스, 그리고 쇠고기 가격이 크게 오를 것""이라고 지적했습니다. 50% 관세를 쉽게 부과하기 어렵다는 얘기입니다. 
                    




                하지만 주의를 촉구하는 목소리가 커지고 있습니다. JP모건의 제이미 다이먼 CEO는 어제 관세로 인해 인플레이션이 치솟고, 이에 따라 미 중앙은행(Fed)이 금리를 '인상'할 가능성을 시장이 과소평가하고 있다고 밝혔습니다. 그는 "" 관세는 인플레이션을 유발한다. 시장에는 안일함(complacency)이 퍼져 있고, 시장은 관세에 다소 둔감해져 있다""라고 지적했습니다.에버코어ISI는 ""우리의 핵심 견해는 시장이 트럼프 대통령의 최근 발언을 무시해서는 안 되며, 다음 조치는 관세가 인상될 가능성이 크다는 것이다. 우리는 경제적 여파가 커지지 않는 한 트럼프 대통령이 유연성을 보일 여지는 상대적으로 적다고 생각한다. 시장이 고점을 유지한다는 전제하에 EU, 인도, 일본, 한국 등 현재 진행 중인 '4대'  중 적어도 하나는 8월 1일부터 본보기가 되어 관세 인상에 직면할 가능성이 있다. EU는 보복의 악순환으로 이어질 위험이 가장 크다""라고 지적했습니다. 로젠버그리서치의 데이비드 로젠버그 설립자는 ""시장은 두 가지 믿음 근거해 움직이고 있다. 먼저 8월 1일이 지나면 새로운 데드라인이 발표되리라는 것인데, TACO(Trump always chicken out : 트럼프는 항상 물러선다)에서 TWIST(Trump Will Impose Severe Tariffs : 트럼프가 심각한 관세를 때릴 것)로 바뀔 수 있다. 두 번째는 관세가 올라도 기업 마진이나 소비 감소는 없을 것이라는 믿음인데, 이는 거의 불가능한 일""이라고 비판했습니다. 앞으로 시장은 어떻게 움직일까요?모건스탠리는 ""이번 주 초만 해도 미국의 실효 관세율이 지금보다 약간 높은 13~15%가 될 것으로 예상했다. 하지만 여러가지 관세 인상이 발표됐고, 이 조치들이 시행된다면, 올해 초보다 훨씬 높은 15~20% 수준에 이를 수 있다""라고 분석했습니다. 이는 지난 4월 2일 해방의 날 수준인 25~30%보다는 낮지만 최근 상황은 미국의 무역 정책이 여전히 유동적임을 상기시켜준다고 설명했습니다. 즉 트럼프 행정부는 무역 적자 축소에 집중하고 있으며, 관세 인상에 따른 정치적·경제적 위험이 아직 크지 않다고 보고 관세율을 더 높일 수 있다는 겁니다.
                    




                모건스탠리는 ""이런 관세 인상은 경제 성장에 추가 압력을 가하겠지만 이 압력만으로 침체에 빠지지는 않을 것이며, 증시 랠리를 꺾기에도 부족할 것""이라고 분석했습니다. 그 이유로는 최근 의회를 통과한 트럼프 감세법으로 인한 경기 부양 효과가 있을 수 있고요. 그리고 미국과 무역 비중이 큰 중국 멕시코 EU 등 주요 교역국에 대한 관세는 더 올라가지 않았다고 제시했습니다. 그러면서 이런 예상이 틀릴 수 있는 요인으로 주요국과의 협상이 잘못되는 경우를 들었습니다. EU 멕시코 캐나다 등 주요국과의 의미 있는 무역 긴장이 발생할 경우, S&P500 기업의 매출과 이익 모두에 영향을 줄 수 있고, 이는 증시 흔들 수 있다는 겁니다. 그러므로 이들과의 협상을 주시할 필요가 있다고 밝혔습니다.  2. 관세 위협+파월 공격에 장기 금리 상승뉴욕 채권시장에서는 아침 개장과 함께 금리가 상승세를 보이기 시작했고 계속해서 오름세를 확대했습니다. 결국, 오후 5시께 국채 10년물 수익률은 7.1bp 오른 4.417%, 2년물은 2.5bp 상승한 3.893%에 거래됐습니다. 
                    




                관세가 인플레이션을 상승시킬 수 있다는 전망에 따른 것입니다. 게다가 다음주 6월 소비자물가(CPI) 발표를 앞두고 있습니다. 관세 영향이 나타나기 시작할 수 있는 중요한 데이터죠.
                    




                채권시장이 주목한 것 중 하나는 미 중앙은행(Fed) 제롬 파월 의장 사임 여부입니다. 트럼프 대통령과 그 측근을 중심으로 공격이 심화하고 있습니다. 백악관의 러셀 보우트 예산관리국(DMB) 국장은 X를 통해 ""파월 의장은 Fed를 심각하게 잘못 관리하고 있다""라 공격했습니다. Fed가 워싱턴 건물을 보수하고 있는데, 비용이 25억 달러까지 높아졌다는 겁니다. 그러면서 프랑스 베르사유 궁전도 현재 가치로 30억 달러 정도인데, Fed 보수공사에 궁전을 짓는 돈이 든다고 비판했습니다. 그는 파월이 지난달 상원에서 거짓말을 했다는 의혹을 언급하기도 했는데요. 파월 의장은 당시 보수공사 비용이 과도하다는 보도에 대해 ""부정확하다. VIP 식당, 새로운 대리석, 특별한 엘리베이터는 없다""라고 밝혔는데요. 앞서 연방주택금융청(FHFA) 빌 풀테 청장은 이 증언이 거짓말이라며 해임 이유가 된다고 주장했습니다. 풀테는 오늘 ""파월이 사임을 고려한다는 보도가 나왔다. 올바른 방향""이라고 보도자료까지 냈습니다. 그러나 그런 보도는 찾을 수가 없었습니다. 트럼프 대통령은 오늘 파월 해임 여부에 대한 질문에 ""아니다""라며 ""그는 금리를 3%포인트 낮춰야 한다""라고 답했습니다. 
                    




                바이탈날리지는 ""파월 의장 사임을 요구하는 목소리가 높아지면서 백악관과 Fed 간의 긴장이 심각한 수준에 달하고 있다""라고 지적하는데요. 파월이 쫓겨난다면 시장은 좋아할까요?ING는 ""파월이 내년 5월 임기 전에 해임되거나 사임한다면 시장이 금리 인하, 인플레이션 위험, 그리고 Fed의 독립성 약화를 가격에 반영하면서 국채 수익률 곡선이 급격히 가팔라질 가능성이 크다""라고 분석했습니다. 즉 파월 의장이 사임하면 후임으로 슈퍼 비둘기가 선임될 것이란 겁니다. 특히 내년 2월 아드리아나 쿠글러 이사마저 임기 만료로 교체되면 굉장히 완화적인 통화정책이 시행될 가능성이 크다고 내다봤습니다. ING는 ""최종 금리는 3% 아래로 떨어질 가능성이 높다. 이로 인해 2년물 국채 금리는 현재 3.9% 수준에서 3% 이하, 궁극적으로는 2%까지 하락할 수 있다고 봤습니다. 하지만 현재 4.4%인 10년물 수익률은 인플레이션 위험 탓에 5%까지 높아질 수 있다고 봤습니다. 수익률 곡선이 훨씬 가팔라질 수 있다는 예측입니다. 증시의 경우 ""미지수""라면서도 채권시장 충격으로 인해 단기 매도세를 보일 수 있지만, 낮은 금리가 경제와 기업 이익에 호재라는 인식으로 인해 빠르게 재평가되면서 상승할 수 있다고 예상했습니다. 
                    




 3. 골드만 '방탄 증시' vs 에버코어 '곧 조정'뉴욕 증시의 주요 지수는 아침 9시 30분 0.3~0.4% 수준의 하락세로 거래를 시작했습니다. 그런 뒤 꾸준히 회복세를 보이면서 나스닥은 오후 들어 플러스로 전환하기도 했습니다.골드만삭스의 루 밀러 주식바스켓헤드는 팟캐스트를 통해 ""지금 시장은 방탄((bulletproof)’ 상태다. 불확실성이 성장을 해칠 거라는 시각이 있었지만, 성장 약화 증거는 거의 없다. 관세가 소비자에게 전가될 거라는 우려도 있었지만, 예상보다 훨씬 덜하다. AI에 대한 분위기도 석 달 전만 해도 꽤 부정적이었는데 지금은 굉장히 낙관적으로 바뀌었다. 트럼프 감세법이 통과됐는데, 그게 채권시장을 흔들 줄 알았는데, 오히려 10년물 금리는 내려갔고 시장은 Fed의 금리 인하를 예상한다. 즉 위험자산에는 굉장히 우호적인 환경이다. 재정 정책의 순풍도 있고, 금리 인하 기대도 있고, AI도 있다""라고 설명했습니다. 그는 ""미국 예외주의를 믿는다. 미국 자산이 항상 해외 자산보다 밸류에이션이 높은데, 미국은 투자하기에 좋은 나라다. 기업 이익과 자본수익률이 굉장히 높고, 거시환경도 꽤 안정적이다. 그리고 AI 이야기는 전적으로 미국 중심이다. 그래서 지금 밸류에이션이 높아도 꼭 내려가야 할 이유는 없다""라고 말했습니다.그러나 주가는 사상 최고 수준이고, 트럼프 대통령의 관세 위협으로 인한 불안감이 있습니다. 에버코어ISI는 '안전띠를 단단히 조여라""라면서 ""현재 주식은 지난 12개월 주당순이익(EPS) 대비 24.8배로 거래되고 있으며, 이는 2000년 닷컴 버블 정점을 제외하면 가장 비싼 수준이다. 지난 1분기에 밸류에이션이 24배를 돌파했을 때도 봄철 하락장으로 이어졌다. 또 무역 정책의 불확실성이 증가하고 있으며, 이는 S&P500 지수와 역방향으로 움직이고 있다. 관세는 다음주 시작될 어닝시즌에 EPS 추정치 하향 조정의 새 물결을 불러올 수 있다. 또 7~8월은 계절적으로 부진한 구간이라는 흐름을 고려할 때, 조정은 '나중'이 아니라 '곧' 일어날 가능성이 크다고 판단한다. 1999년 FOMO(기회를 놓칠까 추격매수) 장세 속에서 여름에는 주가가 한 차례 조정을 거친 뒤, 버블로 가는 랠리가 본격화했었다""라고 주장했습니다. 골드만의 루 밀러 헤드도 ""8월에 관세 관련 위험이 정말 끝났는지 아닌지가 중요하다. 아직도 품목별 관세 등이 남아 있다. 개인적으로 위험이 사라졌다고 보고, 시장도 이미 그렇게 보고 있으므로 만약 이런 예상에 변수가 생기면 꽤 위험할 수 있다""라고 설명했습니다. 결국, S&P500 지수는 0.33%, 나스닥은 0.22% 내린 채 거래를 마쳤습니다. 다우는 0.63% 하락했고요. 
                    




                11개 업종 가운데 에너지(+0.48%) 임의소비재(+0.33%)를 제외한 9개 업종이 하락세를 보였습니다. 금융주가 -1%로 가장 많이 떨어졌습니다. 매그니피선트 7은 그래도 강세를 보였습니다. 아마존이 1.24%, 테슬라가 1.18%, 알파벳이 1.45% 올랐습니다. 엔비디아도 0.5% 상승세를 이어갔습니다. 
                    




 4. 물가+어닝…다음주 '블럭버스터'다음주 중요한 데이터와 발표가 몰려 있습니다. 
                    




                경제 데이터로는 15일(화) 6월 CPI가 발표되고요. 이어 16일(수) 생산자물가(PPI), 17일(목) 수입 물가 등 인플레이션 데이터가 줄줄이 나옵니다. 파월 의장이 주목하고 있지요. 최근 석 달 동안 근원 CPI는 전월 대비 0.1~0.2%, 연율로 따지면 1.7% 수준에 그쳤는데요. 이는 2021년 초 이후 가장 낮은 것입니다. 하지만 6월 CPI는 전월 대비 0.3%, 전년 대비 2.9% 상승해서 5월(0.1%, 2.8%)보다 확실히 높아질 것으로 추정되고 있습니다. 그렇다고 시장이 놀랄 정도는 아닐 수 있습니다.
                    




                세인트루이스 연방은행의 알베르토 무살렘 총재는 어제 ""관세가 인플레이션에 미치는 영향은 지금까지 미미했지만 6월, 7월, 8월 또는 9월부터 데이터에 그 영향이 더 많이 나타날 것으로 예상한다""라고 말했습니다. 모건스탠리는 ""6월에는 관세 전가 현상이 더 심화할 것으로 예상하지만, 일부 고관세 품목은 여전히 크게 오르지 않아 전반적인 상승세는 완만할 것이다. 7, 8월에 관세 관련 상승세가 더 두드러질 것""이라고 예상했습니다.6월 소매판매 데이터도 17일(목) 발표됩니다. 지난 5월 -0.9%나 감소했었기 때문에 6월에는 살짝 반등해서 0.2% 증가했을 것으로 월가는 추정합니다. 뱅크오브아메리카는 자체 카드 사용액을 기준으로 6월 가구당 지출이 전년 대비 0.2% 증가했다고 밝혔습니다. 웰스파고는 ""전반적으로 가계 소비는 여전히 오름세지만, 추세는 둔화하고 있다""라고 전망했습니다.16일(수)에는 Fed가 베이지북(경기 동향 보고서)을 발표하고요. 18일(금)에는 미시간대의 7월 소비자심리지수(예비치)가 나옵니다. 
                    




                경제 데이터 이상으로 월가가 주시하는 게 2분기 어닝시즌입니다. 15일 JP모건, 골드만삭스, 시티그룹 등 주요 금융사의 발표로 개막하는데요. 은행 외에도 존슨앤드존슨, 펩시코 등도 실적을 내놓습니다. 펙트셋에 따르면 이번 주까지 S&P500 기업의 4%가 실적을 공개한 가운데 기업들은 예상보다 4.6% 높은 순이익을 보고했는데요. 이는 5년 평균 9.1%, 10년 평균 6.9%보다 낮은 수치입니다. 아직 실적을 보고하지 않은 기업의 추정 실적까지 합산한 증가율은 4.8%로, 지난주 5.0%, 2분기 말(6월 30일) 4.9%에 비해 줄었습니다. 2분기의 실제 증가율이 4.8%라면, 이는 2023년 4분기(4.0%) 이후 최저를 기록하게 됩니다. 그러나 이는 8개 분기 연속 증가세를 뜻하기도 합니다. 
                    




                골드만의 루 밀러 헤드는 ""2분기 실적이 정말 중요하다. 이번 분기의 마진에 대한 월가 기대가 굉장히 낮다. 관세 때문이다. 그런데 기업들이 관세 부과를 앞두고 많은 재고를 확보했기 때문에, 실제로는 마진이 기대보다 훨씬 나을 수 있다. 그래서 이번 어닝시즌이 긍정적 서프라이즈를 불러일으킬 수 있다""라고 말했습니다. 찰스슈왑은 ""여러 차례 관세 유예 조치가 취해진 점, 5월까지도 실효 관세율이 아직 두 자릿수에 도달하지 않았다는 점을 고려하면 2분기 실적에는 관세 효과가 완전히 반영되지 않아 괜찮을 가능성이 크다""라면서도 ""S&P500 지수가 예상 이익의 23배에 근접하는 높은 밸류에이션을 고려하면, 실망할 여지는 거의 없다""라고 말했습니다. 그러면서 ""경제가 여러 역풍에 직면해 있으므로 시장 관심은 과거 실적보다는 미래 전망에 집중될 것""이라고 덧붙였습니다.알파프라임캐피털의 윌리엄 스미스 CIO는 ""2분기 실적은 괜찮을 것이다. 3분기 실적 가이던스가 주가수익비율(P/E)이 23배에 육박하는 시장에서 중요한 이슈가 될 것 같다. 3분기와 4분기 실적 예상이 낮아지고 있고, 경기 둔화가 예상되는 상황에서 그렇게 높은 배수가 유지될 수 있을지 의문""이라고 말했습니다.기업에서 나오는 말은 조금씩 엇갈립니다. 이번 주 코나그라는 알루미늄과 철강 관세로 인해 매출은 정체된 가운데 비용이 상승하고 있다고 밝혔습니다. 하지만 리바이스트라우스는 연간 가이던스를 상향 조정했는데요. 미셸 가스 CEO는 ""관세 비용 일부를 흡수하고 있다. 프로모션을 축소해 왔고, 그 결과 정가 판매가 증가하고 있다. 신제품은 프리미엄 가격으로 잘 팔리고 있다. 이런 요인들이 관세 역풍을 헤쳐나가는 데 도움이 된다""라고 설명했습니다. 
                    




                트럼프 대통령은 NBC 인터뷰에서 월요일 러시아에 대한 ""중대 성명""을 예고했는데요. 강력한 제재가 나오면 유가가 반응할 수 있습니다. 오늘 서부텍사스산원유(WTI)는 2.82% 상승한 배럴당 68.45달러를 기록했는데요. 지난 2일 이후 가장 큰 상승 폭입니다. 다만 협상을 위해 제재 발효까지 유예 기간을 둘 수 있고요. OPEC+가 공급을 더 확대할 수 있습니다. OPEC이 발표한 6월 생산량을 보면 사우디아라비아가 할당량을 훨씬 초과해서 하루 980만 배럴을 생산했는데요. 이는 (사우디가 비판해온) 카자흐스탄에 이어 두 번째로 많이 위반한 것입니다. 이는 수년간 공급을 조절해온 온 것과 크게 다른 것입니다. 
                    




 5. ""주가 상승"" 6월 말 59%→현재 52%에버코어ISI는 오늘 450명의 기관투자자를 대상으로 설문조사를 했는데요. 결과는 다음과 같습니다.① 주식과 관련해 가장 큰 우려는?=무역 정책에 대한 우려가 44%로 가장 높았는데요. 이는 6월 말 조사의 27%에서 크게 증가한 것입니다. 그다음으로는 경제 성장, (높은) 밸류에이션이 각각 14%로 나타났습니다.
                    




                ② 주가의 다음 10% 방향은?=52%가 ""상승할 것""이라고 답했는데요. 이는 6월 말 조사 때의 59%에서 다소 하락한 수치입니다.
                    




                ③ 9월 1일 기준 평균 관세율은?=44%는 미국의 수입 관세율이 15~20% 수준이 될 것으로 전망했습니다. 그리고 35%는 10~15%로 예상했습니다.
                    




                ④ 2분기 어닝시즌을 앞두고 S&P500 기업의 2025년 주당순이익(EPS) 컨센서스는 264달러다. 오는 9월 1일 이 전망치는 얼마가 될까?=45%는 264~270달러 사이가 될 것으로 예상했으며, 29%는 258~264달러가 될 것으로 봤습니다.
                    




                ⑤ 6월 근원 CPI는?=43%는 2.8~3%로 예상해 시장 컨센서스와 비슷하거나 약간 낮게 봤습니다. 38%는 3~3.2% 사이로 컨센서스보다 높은 수치를 예상했습니다.
                    




                뉴욕=김현석 특파원 realist@hankyung.com",https://www.hankyung.com/article/202507123741i,2025.07.12 08:02
,,,https://magazine.hankyung.com/business/article/202507173709b,
특검 '김건희 집사' 관계사에 투자한 유니크·중동파이낸스 소환,,"참고인 조사…'자본잠식' IMS모빌리티 투자 경위 등 추궁
                    




                김건희 여사의 의혹들을 수사하는 민중기 특별검사팀이 '집사 게이트' 투자사들을 연이어 소환했다.유니크와 중동파이낸스(현 한컴밸류인베스트먼트) 관계자는 24일 종로구 KT광화문빌딩 웨스트에 마련된 특검팀 사무실에 참고인 신분으로 출석했다.유니크와 중동파이낸스는 2023년 6월 김 여사 일가의 집사로 알려진 김예성씨가 설립에 참여하고 지분까지 가졌던 렌터카 업체 IMS모빌리티(옛 비마이카)에 각각 10억원, 5천만원을 투자했다.IMS모빌리티는 두 회사와 함께 카카오모빌리티, 키움증권, 한국증권금융 등으로부터 총 184억원을 유치했다.당시 IMS모빌리티는 순자산(556억원)보다 부채(1천414억원)가 많아 사실상 자본잠식 상태였다.특검팀은 투자 주체들이 김씨와 김 여사의 관계를 생각해 일종의 보험성이나 대가성 자금을 제공했다고 의심한다.현재까지 집사 게이트 투자와 관련해 한국증권금융, 카카오모빌리티, 키움증권, JB우리캐피탈, 경남스틸, 신한은행 관계자가 줄줄이 특검팀에 출석해 조사받았다.조현상 HS효성 부회장은 내달 1일 출석할 예정이다.특검팀은 이날 유니크와 중동파이낸스 관계자를 상대로도 구체적인 투자 경위와 김씨와의 관계 등을 추궁할 것으로 보인다.특검팀은 IMS모빌리티 투자금 중 상당 부분을 김씨가 가로챘고 이 중 일부가 김 여사에게 흘러갔을 가능성도 의심하고 있다.투자금 184억원 가운데 46억원은 이노베스트코리아라는 벤처기업이 김씨로부터 양도받아 보유하던 IMS모빌리티 구주를 사들이는 데 쓰였는데, 김씨 배우자 정씨가 이 회사의 유일한 사내이사로 등재된 것으로 드러나면서 김씨가 실소유한 차명회사였을 가능성이 제기됐다.김씨는 지난 4월 베트남으로 출국한 후 잠적해 적색수배 대상이 된 상태다./연합뉴스",https://www.hankyung.com/article/202507248820Y,2025.07.24 10:01
"트럼프發 '구리 쇼크', 관세 50% 부과에 가격 급등 [원자재 포커스]",,"ChatGPT Image 

                도널드 트럼프 미국 대통령이 8일(현지 시간) 구리 수입품에 50% 관세를 부과한다고 발표했다. 미국에서 전기차, 군사 장비, 전력망 및 소비재 생산에 필수적인 금속인 구리의 생산을 촉진하기 위해서다. 구리 가격은 급등했다.9일 로이터통신에 따르면 트럼프 대통령의 이런 발표 이후, 미국 COMEX 구리 선물 가격은 12% 이상 급등하며 사상 최고치를 기록했다. 이번 발표는 당초 업계 예상보다 시기가 빨랐을 뿐만 아니라 관세율도 더 높았다.트럼프 대통령은 백악관 내각 회의에서 기자들에게 구리 관세에 대한 공식 발표를 이날 늦게 할 계획이라고 말했다. 하지만 정확한 시행 시점은 언급하지 않았다. 트럼프는 ""구리 관세를 50%로 할 것이다""라고 밝혔다.트럼프 대통령의 발언 후, 하워드 러트닉 미국 상무장관은 CNBC와의 인터뷰에서 구리 관세가 7월 말 또는 8월 1일까지 도입될 가능성이 있다고 밝혔다.앞서 미국 정부는 지난 2월, 이른바 '섹션 232'에 따라 구리 수입에 대한 조사 착수를 발표한 바 있다. 해당 조사의 최종 시한은 오는 11월이었지만 러트닉 장관은 이미 조사가 완료됐다고 밝혔다.러트닉 장관은 ""이 조치의 목표는 구리 생산을 미국으로 되돌리고, 산업 부문의 핵심인 구리 제조 역량을 자국 내에서 갖추도록 하는 데 있다""고 설명했다.구리는 건설, 운송, 전자제품 등 수많은 산업 분야에서 광범위하게 쓰인다. 미국은 연간 구리 수요량의 약 절반을 수입에 의존하고 있다.최근 미국 내 주요 구리 채굴 프로젝트는 어려움에 직면해 왔다. 그중에는 리오틴토와 BHP의 애리조나 '레졸루션' 구리 프로젝트, 노던 다이너스티 미네랄스의 알래스카 '페블 마인' 프로젝트 등이 있다.세계 최대 구리 생산업체인 미국 애리조나 피닉스에 본사를 둔 프리포트 맥모란의 주가는 이날 오후 거래에서 약 5% 급등했다. 지난해 미국 내에서만 약 12억6천만 파운드의 구리를 생산했다.미국의 구리 관세 부과로 프리포트 맥모란이 혜택을 볼 것으로 예상된다. 이 회사는 관세가 세계 경제에 부정적 영향을 줄 가능성을 우려하면서 트럼프 대통령에게 미국 내 구리 생산 확대에 중점을 두라고 조언한 바 있다.미국의 새로운 구리 관세로 가장 큰 타격을 받을 국가는 칠레, 캐나다, 멕시코다. 2024년 미국에 정제된 구리, 구리 합금 및 관련 제품을 가장 많이 공급한 국가들이다.칠레, 캐나다, 페루는 미국에 가장 많은 구리를 공급하는 국가다. 이미 자국의 수출이 미국의 이익에 위협이 되지 않으며, 따라서 관세 부과 대상이 되어서는 안 된다는 입장을 미국 정부에 전달했다. 이 세 국가는 모두 미국과 자유무역협정을 맺고 있다.삭소은행의 상품 전략 책임자인 올레 한센은 ""미국이 자국 구리 수요를 충족하려면 수년이 걸릴 것이기 때문에 이번 관세는 오히려 구리를 사용하는 미국 기업들에 타격을 줄 것""이라고 분석했다.한센은 ""미국은 최근 6개월 동안 1년 치 수요를 이미 수입해 충분한 재고를 확보한 상태""라면서, ""가격이 급등한 이후 일정한 조정 국면이 올 것으로 본다""고 말했다.김주완 기자 kjwan@hankyung.com",https://www.hankyung.com/article/202507096290i,2025.07.09 08:20
"특검, '김건희 집사 배우자' 소환…김 여사 측과 조사방식 신경전도","신한銀·경남스틸 관계자도 불러
대통령실 자원 사적이용도 수사","사진=연합뉴스

                김건희 여사 관련 의혹을 수사 중인 민중기 특별검사팀이 23일 ‘집사게이트’의 핵심 인물인 김예성 씨 배우자와 신한은행·경남스틸·JB우리캐피탈 등 투자 주체들을 대거 소환하며 수사에 속도를 내고 있다. 김 여사의 출석을 2주 앞두고 특검과 김 여사 측 간 조사 방식을 둘러싼 공방도 격화하고 있다.특검팀은 이날 서울 종로구 KT광화문빌딩 웨스트에 마련된 사무실에 김 여사의 ‘집사’로 알려진 김씨의 배우자 정모씨를 소환해 조사했다. 정씨는 김씨가 설립에 관여한 IMS모빌리티의 구주를 보유한 이노베스트코리아의 유일한 사내이사로 등재된 인물이다.집사게이트는 김씨가 지분을 보유한 렌터카 업체 IMS모빌리티가 2023년 184억원을 부당 투자받았다는 의혹이다. 투자금 중 46억원은 이노베스트코리아가 IMS모빌리티 구주를 사들이는 데 사용됐다. 특검은 이노베스트코리아를 김씨가 정씨 명의로 소유한 차명회사로 보고, 김씨가 46억원을 확보해 김 여사에게 전달했을 가능성에 주목하고 있다.특검은 이날 관련 기업 12곳을 상대로 소환 조사를 확대하며 정근수 전 신한은행 부행장, 최석우 경남스틸 대표, 박춘원 JB우리캐피탈 대표도 차례로 소환했다. 해외 출장으로 조사를 연기한 조현상 HS효성 부회장은 다음달 1일 출석할 예정이다.이와 함께 특검은 윤석열 전 대통령 재임 시절 김 여사가 대통령실 자원을 사적 이익 추구에 활용했다는 의혹도 수사하고 있다. 김 여사를 보좌한 조연경 전 대통령실 행정관은 연이틀 출석해 조사받았고 윤 전 대통령 외가 6촌 친척인 최승준 전 시민사회1비서관도 전날 조사를 받았다.특검과 김 여사 측 간 수사 방식을 둘러싼 신경전도 본격화됐다. 문홍주 특별검사보는 이날 브리핑에서 “김건희 씨 소환 통지서를 수령한 변호인이 특검에 방문해 조사 방식을 협의하고 싶다는 뜻을 전해왔다”고 밝혔다. 김 여사 측은 건강 상태를 이유로 하루 한 건씩 나눠 여러 차례 조사를 받겠다는 입장을 전한 것으로 알려졌다. 하지만 특검은 “소환 일자(다음달 6일)를 여유 있게 통지했으니 그날 그대로 출석하면 된다”고 못 박았다.정희원 기자 tophee@hankyung.com",https://www.hankyung.com/article/2025072376861,2025.07.23 17:50
"""한은, 금리 추가 인하"" 전망…국내 채권형 펀드에 뭉칫돈 몰려","기준금리 낮추면 채권가격 올라
채권형 설정액 석달새 11조 증가

美 상호관세 우려·변동장에
안전자산 매수 선호 자산가 늘어","Getty Images Bank

                국내 채권형 펀드에 뭉칫돈이 흘러들고 있다. 미국의 상호관세 우려 등으로 안전자산을 찾는 자산가의 수요가 몰리는 모습이다. 한국은행이 연내 기준금리를 추가 인하할 것이란 전망도 금리와 반대로 움직이는 채권 가격 상승 기대를 키우는 요인이다. ◇ 채권형 펀드 설정액 11조원 늘어9일 금융정보업체 에프앤가이드에 따르면 국내 채권형 펀드 설정액은 지난 4일 기준 90조9417억원을 기록했다. 최근 세 달 사이에 11조1550억원 증가해 전체 유형별 펀드 가운데 가장 많은 자금이 모였다.머니마켓펀드(MMF)에도 9조405억원이 유입됐다. MMF는 만기 1년 이내 단기 채권과 기업어음(CP), 양도성예금증서(CD) 등에 투자해 수익을 내는 상품이다. 단기자금을 효율적으로 운용할 수 있다는 것이 장점이다.부동산 가격 상승 우려에도 연내 한은의 금리 인하 가능성이 높다는 전망이 채권형 펀드로의 ‘머니 무브’를 부채질하고 있다.
                    






이미지 크게보기



                안전자산 선호 움직임도 나타나고 있다. 미국 증시의 변동성이 커지고 국내 코스피지수가 단기 급등하자 차익을 실현하고 안정적으로 고정이자를 챙기려는 수요가 일부 채권시장으로 흘러드는 모습이다.안예하 키움증권 연구원은 “최근 한은의 금리 인하 시점이 뒤로 미뤄질 것이란 우려가 있으나 추가경정예산 편성 등 경기 부양 필요성을 감안할 때 한은은 결국 금리 인하에 나설 것”이라고 내다봤다.신얼 상상인증권 투자전략팀장 역시 “안정적인 국내외 정세가 유지된다면 올 10월 기준금리가 인하될 가능성이 있다”며 “올해 최종 금리는 연 2.0%가 될 것”이라고 판단했다.한은은 기준금리를 작년 10월 인하(연 3.50→3.25%)하기 시작해 올해 5월까지 총 네 차례(작년 10·11월, 올해 2·5월, 각각 0.25%포인트)에 걸쳐 내렸다. 현재 기준금리는 연 2.50%다. ◇ 수익률 낮아도 채권형 ETF 인기상장지수펀드(ETF) 시장에서도 채권형에 뭉칫돈이 몰리고 있다. 최근 세 달 사이 자금 유입이 가장 많은 상위 5개 ETF 가운데 2개가 채권형이다.코스콤 ETF체크에 따르면 해당 기간 삼성자산운용의 ‘KODEX 머니마켓액티브’에 가장 많은 자금(9292억원)이 순유입됐다.AA‑등급 이상 우량 회사채에 투자하는 ‘KODEX 26-12 회사채(AA-이상)액티브’에도 3674억원이 몰렸고, ‘TIGER 단기채권액티브’에도 3660억원이 흘러들어갔다. 이 ETF은 국채와 통안채, 회사채 등이 편입돼 있다. 이들 채권형 ETF의 수익률은 1%안팎으로 낮은 편이지만 금리인하를 염두한 수요로 꾸준히 인기를 끌고 있다.지금이 단기 상승한 장기채를 매수할 적기라는 의견도 나온다. 장기 채권은 금리 변화에 더 민감하게 반응한다. 향후 금리가 하락하면 장기채 가격이 더 크게 올라 더 많은 이익을 얻을 수 있다.10년 만기 국고채 금리는 지난 4일 연 2.82%로 지난 4월 말 연 2.56% 대비 높은 수준이다. 같은 기간 20년 만기는 연 2.54%에서 연 2.82%로 올랐다.백윤민 교보증권 연구원은 “7월 금융통화위원회에서 기준금리를 현 수준으로 동결할 것으로 예상되나 연내 기준금리 인하라는 방향성은 바뀌지 않을 것”이라며 “투자전략 측면에서는 채권 투자에 적절한 타이밍”이라고 말했다.조아라 기자 rrang123@hankyung.com",https://www.hankyung.com/article/2025070841451,2025.07.08 15:46
"""신입 가르쳐 놨더니 대기업 간다고""…줄사표에 '한숨'","망가진 기업 성장사다리
(3·끝) 인재 양성소로 전락한 중소기업

""1~2년 키워 놓으면 대기업 간다며 
줄사표""…中企는 연중 인력난

임금 격차에 '中企 엑소더스'
중소기업 평균 월급 298만원
대기업 급여의 절반 수준 불과
장기간 근무할수록 격차 확대
50대 직원 772만원 vs 345만원

일할 맛 나는 직장 만들어야
中企 장기근속땐 거주비 지원 등
인재 유인책 마련하는 게 급선무
기술 사업화 땐 인센티브 제공을","연 매출 1200억원인 정보기술(IT) 분야 중견기업 A사는 수년째 상시 채용을 하고 있다. 연구원을 새로 뽑는 족족 1~2년 뒤 네이버, 카카오 등으로 이직해 만성적 인력난에 시달리면서다. A사 인사 담당자는 “경력이 그럴듯해도 이전 회사에서 근무한 기간이 짧은 인력은 안 뽑고 있다”며 “중소기업뿐 아니라 중견기업까지 대기업으로 이직하는 경유지로 전락한 것 같아 씁쓸하다”고 푸념했다.중소·중견기업 인력난이 가중되고 있다. 근무 환경은 개선되지 않는 가운데 대기업과의 임금 격차가 더욱 벌어지고 있기 때문이다. 노민선 중소벤처기업연구원 연구위원은 “중소기업과 중견기업의 성장 발판을 마련하려면 정부가 나서서 제도적으로 근로자가 일하고 싶은 환경을 조성하는 게 무엇보다 필요하다”고 주장했다. ◇기업 규모 따라 커지는 임금 격차







이미지 크게보기



                중소기업을 떠나는 가장 큰 이유는 임금이다. 통계청에 따르면 2015년 중소기업 근로자의 평균 월급은 238만원으로 대기업 근로자(432만원)보다 194만원 적었다. 이후 매년 격차가 커지면서 2023년 중소기업 근로자의 평균 월급은 298만원으로 대기업 평균(593만원)의 절반 수준에 그쳤다.근속연수가 늘수록 임금 격차는 더 벌어졌다. 2023년 30대 대기업 근로자의 평균 월급은 551만원으로 같은 세대 중소기업 근로자(310만원)의 약 1.8배였다. 같은 시기 50대 대기업 근로자의 평균 월급은 772만원으로 중소기업 근로자(345만원)의 약 2.2배였다.중소기업의 열악한 근무 여건도 인력 유출의 핵심 요인으로 작용한다. 인력난 때문에 자유롭게 연차를 쓸 수 없는 기업 문화가 단적인 예다. 지난해 중소기업 마케팅 직군에서 중견기업으로 직장을 옮긴 김모씨는 “인력 부족으로 대체 근무자가 없어 연차 기간에도 업무 전화를 받는 일이 비일비재했다”며 “경영난을 이유로 차일피일 인력 확충을 미뤄 하는 수 없이 이직을 결심했다”고 설명했다.한국경영자총협회가 2023년 조사한 자료(복수응답)에 따르면 중소기업 직원은 금전 보상(61.5%)에 이어 업무 과다(32.7%)를 주요 이직 사유로 꼽았다. 기대보다 낮은 평가(27.4%)와 회사 실적 부진(26.6%)이라는 답도 적지 않았다.실제 중소기업을 중심으로 영업이익이 이자비용에 못 미치는 좀비기업이 늘고 있다. 한국은행에 따르면 2022년 34.6%에 그친 좀비기업 비율은 지난해 40.9%로 6.3%포인트 높아졌다. ◇“노사정 협력해 근무 여건 개선해야”중소기업이 성장 기반을 갖추려면 정부가 중소기업을 제도적으로 지원해 근무 여건을 개선해야 한다고 전문가들은 입을 모은다. 중소기업에서 일하는 청년이 300만원을 저축하면 기업 및 정부 지원을 추가해 1200만원의 목돈을 마련하도록 설계된 ‘내일채움공제’가 한 예가 될 수 있다. 중소기업 근로자에게 근무 연수에 따라 세제 혜택을 주거나 거주비 지원을 확대하는 방안이 필요하다는 목소리도 있다.성과조건부주식(RSU)에 대한 과세 특례 같은 유인책이 필요하다는 주장이 제기되고 있다. RSU는 목표 실적을 달성한 임직원에게 자사주를 주는 제도다. 단기 성과를 중시하는 스톡옵션(주식매수선택권)을 보완하고 기업 지분을 희석할 우려가 작아 세계적으로 확산되는 추세다.하지만 국내에선 기존 대주주의 경영권 유지에 악용될 수 있다는 우려로 RSU에 대한 비과세 혜택은 법적으로 마련돼 있지 않다. 신현철 광운대 반도체시스템공학부 교수는 “중소기업이 연구개발 인력을 비롯해 고급 인재를 확보하려면 중소기업에 한해서라도 주식 보상에 대한 세제 혜택을 추가로 주거나 기술 개발에 기여한 직원에게 기술 사업화 시 회사 지분 참여를 허용하는 등 다양한 인센티브가 필요하다”고 지적했다.원종환/황정환 기자 won0403@hankyung.com",https://www.hankyung.com/article/2025072376521,2025.07.23 17:40
"IBK기업은행, 집중호우 피해 복구 지원금 전달",- 수해 피해지역 복구 지원금 3억원 후원,"IBK기업은행(은행장 김성태)은 집중호우로 피해를 입은 지역사회 복구를 돕기 위해 3억원의 지원금을 전달했다고 18일 밝혔다.이번 지원금은 (사)전국재해구호협회에 전달되어 수해 복구와 이재민 구호 활동을 위해 사용될 예정이다.기업은행은 지원금 후원에 이어, 국가적 재난상황에 대비하여 사전에 제작해둔 긴급재해 구호키트 지원과 호우 피해지역 이재민 및 자원봉사자 등을 대상으로 ‘사랑의 밥차’를 통해 무료급식을 제공하는 등 추가적인 지원을 계획하고 있다.기업은행 관계자는 “신속한 피해 복구에 조금이나마 도움이 되길 바란다”며 “지역사회와 함께 어려움을 극복하고 빠른 일상 회복을 위한 다양한 지원 활동을 이어가겠다”고 밝혔다.",https://www.hankyung.com/article/202507187663P,2025.07.18 16:40
소득 늘었지만 지갑 닫았다…가계 여윳돈 93조 '역대 최대',"1분기 순자금운용액 30조 급증
연초 상여금 받고도 소비 줄여
아파트 입주 물량 감소도 영향","지난 1분기 가계의 여유자금이 역대 최대 규모로 증가한 것으로 나타났다. 탄핵정국과 관세전쟁 등 국내외 불확실성이 높아지자 소비를 줄이고 저축과 투자를 늘린 영향으로 분석됐다.





                한국은행이 8일 발표한 ‘1분기 자금순환(잠정)’ 통계에 따르면 가계와 비영리단체의 1분기 순자금 운용액은 92조9000억원으로 집계됐다. 작년 4분기(62조6000억원)보다 30조원 이상 늘면서 역대 최고액을 경신했다. 순자금 운용액은 각 경제주체의 해당 기간 자금 운용액에서 자금 조달액을 뺀 값이다. 보통 가계는 조달보다 운용이 많은 순자금 운용 상태, 기업은 운용보다 조달이 많은 순조달 상태다. 김용현 한은 자금순환팀장은 “연초 상여금 유입 등으로 가계 소득이 증가한 가운데 아파트 신규 입주 물량 감소, 소비 둔화 등으로 여유 자금이 늘었다”고 설명했다.가계의 1분기 자금 운용 규모는 101조2000억원이었다. 금융회사 예치금이 49조7000억원 증가했고, 국내외 지분증권·투자펀드 운용액도 29조3000억원 늘었다. 가계가 1분기 조달한 자금은 총 8조2000억원으로, 전 분기(8조6000억원)보다 줄었다. 명목 국내총생산(GDP) 대비 가계부채 비율은 1분기 말 89.4%로 집계됐다.한은은 이 같은 가계의 여유자금 증가 흐름이 2분기에 이어질 가능성은 낮다고 예측했다. 2분기 부동산 거래가 활발하게 이뤄져 가계의 자금 조달 규모가 늘어날 것으로 추정돼서다. 김 팀장은 “올해 2분기는 서울 등 수도권 주택거래가 늘어 가계부채 증가폭도 커질 것”이라고 예상했다.기업(비금융법인)은 1분기 18조7000억원 규모의 자금을 순조달했다. 전분기(16조2000억원)에 비해 2조5000억원 늘었다. 대내외 불확실성 확대 등 경제 여건 악화로 투자가 둔화했지만, 운전자금 수요가 증가한 것으로 분석됐다.강진규 기자 josep@hankyung.com",https://www.hankyung.com/article/2025070856861,2025.07.08 17:58
"현대건설, '케이스퀘어데이터센터 가산' 준공","""디지털 생태계 핵심 기지 확대 총력""","케이스퀘어데이터센터 가산 전경. 사진=현대건설

현대건설이 서울 금천구 가산동에 지하 3층~지상 11층 규모 '케이스퀘어데이터센터 가산'을 준공했다고 24일 밝혔다.코람코자산운용의 투자개발로 2022년 7월 착공한 이 프로젝트는 연면적 4만1214㎡ 규모에 달한다. 양 옆은 기존 건물로, 한 면은 철도로 둘러싸인 제한된 부지에 첨단설비를 집약적으로 구축한 도심형 데이터센터다.데이터센터는 안정적인 전원 공급을 위해 초정밀 설비와 중량의 장비가 빼곡하게 들어서는 건축물이다. 중요도 '특' 또는 '1'에 해당하는 최고 수준의 구조안전 및 내진설계 기준이 적용된다. 경부선 철도와 맞닿은 케이스퀘어데이터센터 가산에는 진동 저감에 강한 철근콘크리트구조(RC), 지하 구조물에 슬러리 월(Slurry Wall)을 활용한 지진 저항 시스템 등 내진성능을 극대화하고 장비 운용의 안정성을 확보하기 위한 공법과 기술을 도입했다.또한 수평 버팀대(Strut)를 설치해 흙막이벽을 지지하며 지하층 굴착과 지상, 지하 골조 시공을 동시에 수행하는 STD(Strut-Top-Down) 공법을 적용해 시공간 제약을 극복했다. 고효율 냉방시스템과 실시간 에너지 모니터링, 자연냉각 프리쿨링 기술 등을 통해 에너지 효율을 높이고 발열 문제를 해결하는 등 데이터센터의 지속가능성을 확보하는 데 집중했다.현대건설은 프로젝트 기획, 설계 단계부터 참여해 발주자의 요구와 데이터센터의 특성을 종합적으로 고려한 맞춤형 시공 전략을 제안하는 프리컨스트럭션 서비스(PCS)를 통해 공사기간과 공사비, 기계·전력·수배전(MEP) 시스템 제안까지 차별화된 토털 솔루션을 제공하고 있다.현대건설은 2004년 금융결제원 분당센터를 시작으로 KT목동 IDC, NH통합IT센터, KB국민은행 통합IT센터, 네이버 데이터센터 각 세종 등 국내 건설사 중 가장 많은 데이터센터를 시공했고 유일하게 글로벌 빅테크 기업의 데이터센터도 건설했다.회사 관계자는 ""설계, 시공, 커미셔닝에 이르는 독보적 노하우로 데이터센터 건설 시장의 신뢰도를 제고해 수주 경쟁력을 높이는 동시에 연계 사업을 확대해나가고 있다""며 ""향후 지역별 주요 에너지원에 따른 맞춤형 데이터센터를 공급하고, 더 나아가 SMR 기반 전력 공급 체계를 도입하는 등 지속가능한 에너지 인프라 구축에 매진해 디지털 생태계 구축과 친환경 에너지 혁신을 동시에 실현할 수 있는 토대 마련에 온 힘을 기울일 것""이라고 말했다.오세성 한경닷컴 기자 sesung@hankyung.com",https://www.hankyung.com/article/2025072485096,2025.07.24 09:11
,,,https://magazine.hankyung.com/business/article/202507160957b,
"글로벌 제약사들, 中기술 없인 신약 못 만든다","글로벌 라이선스 계약 18% 차지
中 3S바이오, 화이자와 신약 개발","글로벌 제약사들이 올해 중국 바이오 기업이 개발한 의약품에 역대 최대 규모를 투자한 것으로 나타났다. 미국 정부의 의약품 가격 인하 압박과 블록버스터 의약품의 특허 만료 등이 겹치자 임상시험 비용이 비교적 낮고 개발 속도가 빠른 중국 바이오 기업에 눈을 돌리고 있다는 분석이 나온다.23일 투자은행 제프리스에 따르면 올해 들어 다국적 제약사가 체결한 글로벌 라이선스 계약 중 18%가 중국 바이오 기업과 이뤄졌다. 전년(17%)보다 높아지며 사상 최대를 기록했다. 라이선스 계약은 글로벌 제약사가 중국 바이오 기업이 보유한 초기 단계 신약에 대한 중국 외 지역의 독점 판매권을 확보하고, 신약이 임상시험을 통과하면 중국 기업이 추가 수익을 얻는 구조다.모건스탠리에 따르면 아스트라제네카는 올해에만 중국 바이오 기업 5곳과 총 136억달러(약 18조원) 규모 계약을 체결해 글로벌 제약사 가운데 가장 많은 거래를 성사시켰다. 올해 6월에는 CSPC 제약사와 52억달러 규모의 신약 공동 개발 계약을 맺었다. 화이자는 중국 3S바이오와 항암제 개발을 위해 60억달러 규모 계약을 맺었으며 이 의약품은 미국에서 생산할 계획이라고 밝혔다. 이런 흐름에 힘입어 중국 바이오 기업 주가도 급등세를 보이고 있다. 항셍바이오테크지수는 올해 들어 79% 상승해 항셍지수(24.6%)를 크게 웃돌고 있다.글로벌 제약사들이 중국을 주목하는 요인은 미국 정부의 의약품 가격 인하 압박과 블록버스터 약품의 특허 만료다. 미국 정부는 인플레이션감축법(IRA) 등으로 공공의료보험을 통한 직접 약가 협상, 가격 인상 상한제를 도입하며 제약사에 부담을 주고 있다. 중국은 임상시험 비용이 낮고 기간도 짧아 상대적으로 신약 개발에 유리한 환경을 갖췄다.미국에서는 국가 안보를 우려하는 목소리도 나온다. 미국 식품의약국(FDA) 국장을 지낸 마크 매클렐런 듀크대 교수는 “중국은 바이오 기술 혁신에서 이미 미국을 앞서고 있다”고 말했다.이혜인 기자 hey@hankyung.com",https://www.hankyung.com/article/2025072377021,2025.07.23 17:58
소비쿠폰 받으려다 '봉변'…공무원인 줄 알았더니 '바우처 사기',"보안 기업 '바우처 사기' 경고
""소비쿠폰 URL 포함 안 해""
가짜 링크·메시지 주의 당부","지난 22일 오후 대구 중구의 한 음식점에서 식사를 마친 시민이 민생회복 소비쿠폰이 입금된 대구사랑상품권(대구로페이) 카드로 식대를 결제하고 있다. 사진=뉴스1

                보안 전문가들이 민생회복 소비쿠폰이 지급되자 이를 노린 피싱 사기가 증가할 수 있다고 경고했다.글로벌 보안 기업 서프샤크는 23일 한국 정부에서 발행하는 소비쿠폰의 경우 URL을 포함하지 않는 만큼 의심스러운 소셜미디어(SNS) 게시물이나 메시지에 접속하지 말아야 한다고 당부했다. 토마스 스타물리스 서프샤크 사이버 보안 책임자는 ""바우처 사기는 정부가 공공 혜택을 발표할 때 자주 발생한다""며 ""사기범들은 공무원을 사칭하고 가짜 링크를 보내거나 거짓으로 개인정보를 수집할 수 있다""고 했다.서프샤크는 피싱 사기범이 이메일로 가짜 소비쿠폰과 랜섬웨어 파일을 보낼 수 있다고 덧붙였다. 또 주요 장치가 활성 백신을 실행하고 있는지 확인하고 의심스러운 파일을 누르지 말아야 한다고 거듭 경고했다.피싱 사기범이 정부 기관을 사칭하거나 가짜 웹사이트·앱을 만드는 경우도 있다면서 잘못된 문법·철자를 사용하고 특이한 문구가 있는 경우 사기일 가능성이 있다고 설명했다. 정부·은행을 사칭하는 사람이 전화를 걸면 일단 끊고 공식 웹사이트에 나와 있는 전화번호로 연락해야 한다고 주문했다. 서프샤크는 의심스러운 전화를 받으면 사이버 범죄 핫라인(118) 또는 한국인터넷진흥원(KISA)에 신고할 것을 당부했다. 서프샤크 관계자는 ""정부 바우처 프로그램은 전화, 문자메시지, 이메일로 개인정보를 요청하지 않는다""며 ""누군가 이러한 요청을 하면 사기범""이라고 말했다.김대영 한경닷컴 기자 kdy@hankyung.com",https://www.hankyung.com/article/2025072359267,2025.07.23 09:22
"패밀리오피스 키운 싱가포르…""월급 1000만원 일자리 수만개 창출""","'슈퍼리치 블랙홀' 싱가포르
(2) 뉴욕·홍콩도 제쳤다…패밀리오피스의 경제적 효과

작년 말 오피스 2000곳 돌파
금융 투자전문가 평균 5명 고용
로펌·회계 관련 일자리도 급증","▶마켓인사이트 7월 8일 오후 5시 1분싱가포르는 최근 10년간 자산가 유치 경쟁에서 미국 뉴욕과 영국 런던 등 글로벌 금융 중심지를 앞지르고 있다. 영국의 컨설팅업체 헨리앤드파트너스가 지난 4월 내놓은 ‘가장 부유한 50대 도시 2025’에 따르면 싱가포르 내 고액 자산가는 2014년 14만9600명에서 지난해 24만2400명으로 62% 급증했다. 투자 가능 유동자산을 100만달러 이상 보유한 자산가 기준이다. 미국 뉴욕(45%)을 가볍게 제쳤다. 반면 홍콩의 고액 자산가는 10년간 3% 증가하는 데 그쳤다. 영국 런던은 브렉시트 등의 영향으로 12% 급감했다.
                    






이미지 크게보기



 ◇ 세금 대신 고용 할당싱가포르에 슈퍼리치가 많아진 건 패밀리오피스를 적극적으로 유치한 결과다. 이를 통해 싱가포르가 직접적으로 얻는 것은 별로 없다. 상속·증여세를 면제하는 것은 물론이고 일정 정도 이상 자금을 운용하면 자본이득세도 내지 않아도 된다. 싱가포르 정부는 과세를 최소화하는 대신 패밀리오피스에 일정 수준 이상의 고용과 투자를 요구한다. 싱가포르 내에서 적극적인 기부 활동에 나설 것을 장려하기도 한다. 패밀리오피스가 세금 한 푼 내지 않더라도 싱가포르 경제 발전의 주요 동력으로 역할을 하도록 유도하는 것이다.싱가포르통화청(MAS)은 2023년 패밀리오피스 제도를 대폭 개정하며 개별 오피스당 의무 고용 인원을 정했다. 여기서 MAS는 월 3500싱가포르달러(약 375만원)로 최소 급여 기준까지 설정했다. 현지 금융사 관계자는 “고용 대상이 금융 전문가인 만큼 실제 월 급여는 1만싱가포르달러(약 1071만원) 이상일 것”이라고 했다. 금융사와 로펌, 회계법인 등에서 관련 업무를 하는 이들까지 감안하면 수만 개의 고급 일자리가 패밀리오피스를 통해 창출되고 있다.패밀리오피스들은 싱가포르 내 각종 자산에도 의무적으로 투자해야 한다. 싱가포르 거래소에 상장된 주식과 리츠, 상장지수펀드(ETF)부터 비상장 기업과 채권 등에 투자해야 할 금액이 정해져 있다. ‘전체 운용 자산의 10%’ 혹은 ‘1000만싱가포르달러’(약 107억원) 중에 낮은 금액을 투자해야 한다. 패밀리오피스 자금이 싱가포르로 다시 흘러드는 선순환 구조다. ◇ 소비 장려하고 기부 의무화운용 자산 규모에 따라 의무적으로 지출해야 할 비용도 정해져 있다. 모든 패밀리오피스는 매년 20만싱가포르달러 이상을 사용한 비용 내역을 제출해야 한다. 패밀리오피스들에 소비 활동을 권장하기 위해서다.싱가포르의 자선단체에 대한 기부도 의무화돼 있다. 운용 자산이 5000만~1억싱가포르달러면 연 50만싱가포르달러, 1억싱가포르달러 이상이면 100만싱가포르달러를 기부해야 한다.상당수 패밀리오피스는 규정된 것 이상으로 기부 사업을 하고 있다. 인도네시아의 억만장자 로턱퀑은 패밀리오피스를 통해 2023년 1억2760만싱가포르달러를 지역 교육 및 의료 분야에 기부했다. 미국의 유명 금융인인 레이 달리오 역시 현지 패밀리오피스를 거쳐 청소년을 대상으로 한 해양 교육 프로그램을 후원했다. ◇ 서비스산업도 동반 성장패밀리오피스는 싱가포르의 서비스산업 구조도 바꿔놓고 있다. 기업들을 주요 고객으로 삼아 활동해온 로펌과 컨설팅업체들이 패밀리오피스 고객을 유치하기 위해 변신하고 있다.최근 몇 년간 싱가포르 로펌에서는 신탁 부문의 중요도가 높아졌다. 상당수 패밀리오피스가 신탁 형태로 자금을 위탁한 뒤 상속하는 것을 선호하기 때문이다. 패밀리오피스가 소유한 자산 및 기업 관리를 위한 법률 컨설팅도 로펌의 주요 사업 분야로 부상했다.컨설팅업체도 패밀리오피스 설립 및 운영에 대한 컨설팅을 강화하고 있다. 은행에선 패밀리오피스의 각종 법률 문제를 상담하는 ‘PL(private law)’ 부문이 빠르게 성장하고 있다. 패밀리오피스 전문 독립 신탁회사도 출현하고 있다.싱가포르=노경목 기자 autonomy@hankyung.com",https://www.hankyung.com/article/2025070856801,2025.07.08 17:55
"유엔도 진심인 IT 토크노믹스…""스테이블코인 선점하라""","미 상원 스테이블코인 규제 법안 통과
우리 국회도 발행 허용 법안 발의
블록체인 투자사 출신 대통령 참모로

유엔개발계획, SK와 도입 방안 논의
국내 플랫폼 개발사 이아이옵
런던증권거래소·파라과이와 협력
과기정통부, 내일 블록체인 회의","이창용 한국은행 총재(왼쪽 두 번째부터)가 지난 1일 ‘변화에 대한 적응: 거시경제 변동 및 정책 대응’을 주제로 포르투갈에서 열린 각국 중앙은행장 토론회에서 제롬 파월 미국 Fed 의장(세 번째), 크리스틴 라가르드 ECB 총재(네 번째) 등과 스테이블코인 규제 방안에 관해 논의하고 있다. /ECB 제공

                부산 해운대 대로변 목이 좋은 곳에서 대형 커피숍을 운영하는 A씨. 오전 8시부터 오후 10시까지 영업하는 A씨는 ‘비영업 시간대 놀리는 가게 외벽 유리창을 활용해 디지털사이니지 광고를 하면 어떨까’란 생각을 떠올렸다. 새벽 시간대별로 삼성의 최신 휴대폰 갤럭시S25나 현대자동차 신형 스포츠유틸리티차량(SUV) 팰리세이드를 노출시키는 식이다. 광고 영상 송출은 블록체인이 담당하고, 광고 수익은 토큰으로 지급받는다.실물자산토큰(RWA)으로 본 토큰 경제, 토크노믹스의 예시다. 네이버 카카오 두나무 등 주요 정보기술(IT) 기업의 최근 화두인 스테이블코인도 토큰의 일종이다. 미국 상원은 지난달 달러에 연동하는 스테이블코인에 대한 규제 법안인 지니어스법을 통과시켰다. 한국 국회에도 원화 스테이블코인 발행 허용 등을 담은 디지털자산기본법이 발의됐다. 스테이블코인 활성화는 이재명 대통령의 공약이기도 하다. 블록체인 투자사인 해시드오픈리서치 김용범 전 대표를 초대 대통령실 정책실장에 임명하며 이런 의지를 분명히 했다. 각국 중앙은행들도 분주해졌다. 이창용 한국은행 총재는 지난 1일 포르투갈에서 제롬 파월 미국 중앙은행(Fed) 의장, 크리스틴 라가르드 유럽중앙은행(ECB) 총재 등과 만나 스테이블코인 관련 대응 방안을 논의했다.◇스테이블코인 선도업체 미 증시 상장





                대표적인 달러 연동 스테이블코인인 테더(USDT)의 연평균 시가총액은 2015년 약 45만달러에서 2020년 73억달러로 급증했다. 2025년 6월 30일 기준으론 약 1600억달러에 육박했다. 스테이블코인 USDC 발행사 서클은 지난달 업계 최초로 미 뉴욕거래소에 상장했다. 스테이블코인은 크게 세 종류로 나뉜다. △테더나 서클같이 달러 가치에 연동 △비트코인 등 암호화폐에 연동 △수학적 알고리즘 기반 자체 가치 창출이다.
                    




                수년 전부터 국제기구들이 선도적으로 스테이블코인을 도입하고 있다. 유엔 세계식량계획(WFP)은 2020년 9월 스테이블코인을 활용하는 인도주의적 지원 프로그램 ‘빌딩블록’ 시스템을 구축했다. 이듬해 1월 시리아 난민캠프에서 빌딩블록 사업을 처음 시작했고 같은 해 6월엔 우크라이나전쟁으로 발생한 난민에게 긴급 구호물자 명목으로 스테이블코인을 지급했다. WFP는 2022년 기준 15개국 100만여 명에게 스테이블코인을 줬다.유엔개발계획(UNDP)도 적극적이다. 마르코스 아티아스 네토 UNDP 사무차장은 2019년부터 SK그룹과 스테이블코인 도입 방안을 논의한 것으로 알려졌다. 국내 최초의 블록체인 기반 스테이블코인 플랫폼 개발사 이아이옵(EIOB)의 진성한 대표가 당시 이 실무를 총괄했다. 진 대표는 SK텔레콤에서 25년 넘게 재직하며 ESG(환경·사회·지배구조) 경영과 연구개발(R&D)을 이끌었다. 에스토니아 등 일부 국가와 SK텔레콤, 다양한 비정부기구(NGO)와 SK텔레콤 간 협력 관계도 새로 구축했다. 그는 네이버 삼성 LG전자 KT 현대차 등이 참여해 만든 인공지능 연구소 ‘AIRI’ 설립도 주도했다. 진 대표는 ‘페이팔 마피아’의 일원이자 전문 투자자인 척 응 유레카테라퓨틱스 창업자를 이아이옵 글로벌 최고전략책임자(CSO)로 영입했다.◇토크노믹스에 ‘진심’인 유엔이아이옵이 자랑하는 기술은 거래 속도와 안전성이다. 권위증명(PoA) 기반 시스템으로 자체 메인넷을 구축해 0.303초당 블록 1개를 생성할 수 있게 했다. 이더리움(12~15초) 대비 약 40배 빠르고, 초고속 블록체인 플랫폼인 솔라나(0.3~0.4초)와 비슷한 수준이다. 최적화된 블록 엔진과 경량화된 합의 메커니즘을 통해 노드 간 병렬 처리 속도를 최대한 끌어올렸다는 설명이다. 블록 생성 속도(거래 처리 시간)가 빠르면 빠를수록 사물인터넷(IoT) 센서 데이터와 연계가 용이하다. 예를 들면 탄소배출권 거래제를 활용하려는 기업들이 공장 곳곳에 센서를 설치하고, 이 플랫폼을 통해 수익을 창출할 수 있다는 뜻이다. 중앙은행 발행 디지털화폐(CBDC)와 연계할 때도 유리한 편이다.이아이옵과 블록체인 지갑 스타트업 아이오트러스트는 최근 런던증권거래소와 함께 파라과이 내 수조원에 달하는 협동조합 자금을 스테이블코인화하는 방안을 논의하고 있다. 이아이옵은 오는 8월 UNDP가 온라인으로 여는 지속가능한 개발 목표(SDG) 블록체인 해커톤에 참여한다. UNDP 사업에 부합하는 스테이블코인 플랫폼 구조 설계, RWA 토큰화 설계 등 실력을 겨룬다. 진 대표는 “원화 가치에 연동된 스테이블코인을 발행하면 국채 수요 확대 등 ‘바이 코리아’ 저변과 원화 유동성을 현재보다 확대할 수 있다”며 “지속 가능한 토크노믹스를 실현할 것”이라고 말했다.과학기술정보통신부는 9일 서울 용산 드래곤시티에서 블록체인 수요-공급자 협의체 에이블 2025년도 1차 정례회의를 연다. 과학기술정보통신부 관계자는 “미국 도널드 트럼프 2기 정부 출범 후 스테이블코인이 활성화되고 있고, 유럽연합(EU)이 디지털자산 최초 포괄규제인 MICA(가상자산시장법안)를 시행하는 등 글로벌 환경이 변하고 있다”며 “국내 블록체인 산업 경쟁력 강화 방안을 논의하는 자리”라고 말했다.이해성 기자 ihs@hankyung.com",https://www.hankyung.com/article/2025070717001,2025.07.07 16:02
[포토] 농협은행-웹케시 생성형 AI 협약,,농협은행은 지난 2일 핀테크 기업인 웹케시그룹과 생성형 인공지능(AI) 기반의 미래형 뱅킹서비스를 구현하기 위해 업무협약을 맺었다. 강태영 농협은행장(오른쪽)과 석창규 웹케시그룹 회장이 협약식에서 기념 촬영하고 있다. 농협은행 제공,https://www.hankyung.com/article/2025070369161,2025.07.03 17:33
"금감원 ""은행 자금, 부동산 쏠림 심화""","18개銀 이사회 의장과 간담회
""혁신기업에 자금 지원해야
소상공인 금융 부담 완화도""

일각선 '당근책' 필요성 제기","금융감독원이 은행권의 부동산 부문 자금 쏠림 현상을 공개 지적하고, 더 생산적인 산업계에 자금을 공급해달라고 당부했다. 현재와 같이 시중에 풀린 자금이 주택담보대출과 같은 유형으로 부동산에 집중되는 경향이 심해지면 금융시스템마저 흔들릴 우려가 크다는 이유에서다. 하지만 은행이 부동산 대신 기업에 자금을 많이 공급할수록 자본비율 규제를 준수하기 어려운 구조적 문제를 개선하지 않으면 감독당국의 요구가 공염불에 그칠 것이라는 지적이 제기된다.





                김병칠 금감원 부원장은 14일 국내 18개 은행의 이사회 의장을 불러 정례 간담회를 열고 이 같은 뜻을 밝혔다. 이날 간담회에선 주담대 중심 영업 행태를 많이 지적했다. 금감원에 따르면 국내 은행의 부동산 관련 대출 잔액은 2019년 1167조1000억원에서 작년 말 1673조8000억원으로 5년 사이 506조7000억원(43.4%) 급증했다.김 부원장은 “담보자산 중심의 대출과 부동산 부문으로의 자금 쏠림이 심화하고 있다”며 “혁신기업 같이 지원이 필요하고 유망한 곳에 자금을 공급하는 등 은행이 실물경제와 함께 호흡하며 활력을 불어넣는 중심축으로 역할을 할 수 있도록 전략 방향을 살펴봐 달라”고 당부했다.김 부원장은 소상공인 지원 확대도 주문했다. 그는 “소득 양극화, 자영업자의 어려움이 사회 문제로 대두되고 있어 필요한 곳에 자금을 중개하는 은행 본연의 역할이 더욱 중요한 시점”이라며 “금융소비자, 소상공인 등 다양한 사회 구성원의 실질적 금융 부담을 완화할 수 있도록 기존 여신 관행을 개선해달라”고 했다.하지만 소상공인이나 혁신기업으로의 자금 유입을 유도하기 위해선 정부도 은행에 당근책을 제시할 필요가 있다는 지적이 제기된다. 은행의 자본 적정성을 평가하는 국제 기준인 바젤3에 따라 은행권은 주담대보다 기업에 대출을 내줄수록 더 많은 자본을 확충해야 하는 부담이 생기기 때문이다.정의진 기자 justjin@hankyung.com",https://www.hankyung.com/article/2025071475511,2025.07.14 17:34
"2분기 GDP 증가율, 0.5% 넘을까…""소비심리 개선"" [월요전망대]",김대훈 경제부 차장,"이번주에는 한국은행이 2분기 경제성장률 속보치를 공개한다. 우리 경제가 1분기 역성장 충격(전 분기 대비 -0.2%)에서 얼마나 벗어났을지 가늠할 수 있을 전망이다. 정부가 민생회복 소비쿠폰 지급을 시작하고, 11년 만에 ‘단통법’이 폐지되는 등 국민 생활에 영향을 주는 이벤트도 많다.관세청은 21일 7월 1일부터 20일까지의 수출입 동향을 발표한다. 도널드 트럼프 미국 대통령의 관세 정책이 본격화한 상반기 대미(對) 수출은 전년 대비 3.7% 줄어든 622억달러를 기록했다. 하지만 전체 수출은 3347억달러로 전년 대비 0.03%밖에 줄지 않았다. ‘수출 효자’인 반도체 수출이 사상 최고치인 733억달러를 기록한 덕분이다. 상반기 수출이 예상보다 선방한 것은 미국 기업 및 소비자가 관세 부과를 앞두고 선구매에 나선 효과여서 올해 수출은 ‘상고하저’ 흐름을 보일 가능성이 높다.





                정부는 21일부터 민생회복 소비쿠폰 1차 지급을 시작한다. 1인당 15만원에서 최대 45만원을 받을 수 있다. 이번주 출생 연도 끝자리 기준으로 ‘요일제’ 신청을 받는다.22일에는 금융위원회의 가계부채 점검 회의가 예고돼 있다. 수도권 주택담보대출을 6억원으로 제한하는 6·27 대출 규제 이후 이를 회피하기 위해 사업자 대출을 활용하는 실태를 점검하는 자리다. 같은 날 스마트폰 공시지원금을 규제하던 단통법(이동통신 단말장치 유통구조 개선에 관한 법률)도 공식 폐기된다.통계청은 23일 5월 인구 동향을 공개한다. 월별 출생아 수와 혼인 건수는 4월까지 각각 10개월, 13개월째 증가세를 나타냈다. 이날 공개되는 한은의 7월 소비자심리지수(CCSI)는 5, 6월에 이어 석 달 연속 100을 넘어섰을지가 관심사다. 6월 CCSI는 108.7로 2021년 6월(111.1) 이후 가장 높았다.24일 한은이 공개하는 2분기 실질 국내총생산(GDP) 증가율 속보치에선 전분기 대비 증가율이 0.5%를 넘었을지가 관심사다. 한은은 5월 건설경기 및 내수 부진을 이유로 2분기 성장률 전망치를 0.8%에서 0.3%포인트 낮췄다. 최근 경기 흐름은 나쁘지 않은 모습이다. 기획재정부는 지난 18일 ‘7월 최근 경제동향(그린북)’에서 “경기 하방 압력이 여전하지만, 소비심리 개선 등 긍정 신호도 나타나는 모습”이라고 진단했다.",https://www.hankyung.com/article/2025072000271,2025.07.20 17:48
[토요칼럼] 권력구조 개편보다 중요한 '경제 개헌',"현행 헌법 시장경제 표방하면서
정부 개입 허용하는 내용도 많아

국민 복지 증진은 국가 책무지만
규제·포퓰리즘 낳을 위험도

시장 개입주의는 제헌헌법 유산
AX 시대 맞는 헌법정신 모색해야

유승호 경제교육연구소 연구위원","개헌이 다시 정치권 이슈로 떠오를 조짐이다. 이재명 대통령이 제헌절인 지난 17일 개헌 필요성을 다시 언급하면서다. 지금까지 정치권의 개헌 논의는 권력 구조 개편을 중심으로 이뤄졌다. 하지만 정치적 사안 못지않게 중요한 것이 있다. 현행 헌법의 경제 관련 조항을 시대 변화에 맞게 바꾸는 ‘경제 개헌’이다.대한민국 헌법은 시장경제 원칙을 분명히 밝히고 있다. “대한민국의 경제질서는 개인과 기업의 경제상의 자유와 창의를 존중함을 기본으로 한다”고 한 제119조 1항이 그것이다. 하지만 헌법을 이모저모 살펴보면 시장경제와 다소 상충하는 요소가 적지 않게 담겨 있다.대표적인 것이 경제에 관해 다룬 제9장이다. “국가는 농업 및 어업을 보호·육성”하고, “지역 균형 발전을 위해 지역 경제를 육성”하고, “중소기업을 보호·육성”하고, “농·어민의 이익을 보호한다”는 등의 내용이다. 주어는 국가로 같고 서술어도 보호한다, 육성한다, 의무를 진다 등으로 비슷한 조항이 목적어만 바뀌어 반복된다.
                    




                근로자 권리와 복지 등을 다룬 사회권 조항 역시 시장경제 원칙과는 부딪칠 소지가 있다. “국가는 사회보장·사회복지의 증진에 노력할 의무를 진다”는 제34조 2항과 여성, 노인, 청소년 등의 권리를 규정한 제32조가 그렇다. 국민 복지를 위해 노력하고 그중에서도 사회적 약자의 권익을 보호하는 것은 국가의 당연한 책무라고 할 수 있지만, 정부의 시장 개입 없이 그런 목적을 충분히 달성하기는 어렵다.“국가는 균형있는 국민경제의 성장 및 안정과 적정한 소득의 분배를 유지하고…경제주체 간의 조화를 통한 경제의 민주화를 위하여 경제에 관한 규제와 조정을 할 수 있다”고 돼 있는 헌법 제119조 2항의 이른바 ‘경제민주화 조항’도 헌법의 지배적 이념인 자유시장경제를 수시로 위협한다. 노력과 능력에 따라 격차가 발생하기 마련인 경제 문제에 ‘1인 1표’의 정치적 셈법을 적용하자는 것은 대중 정치인들에게 너무나 달콤한 표밭의 유혹이고, 실제 정치적 이득으로 연결되기도 한다.하지만 시장과 민간에 대한 정치의 폭주와 정부 개입이 경제에 어떤 결과를 가져오는지는 중남미의 오랜 파탄과 최근 튀르키예의 살인적 고금리·고물가가 잘 보여주고 있다. 금리를 내리지 않는다고 중앙은행 총재를 함부로 갈아치운 결과는 역설적으로 서민들만 더 고통스러운 지옥으로 몰아넣었다. 우리 헌법이나 정치 수준이 그런 정도의 위험을 초래할 것이라고 믿지 않지만, 헌법의 반시장적 독소조항들은 차제에 대거 정비할 필요가 있다.대형마트 의무 휴업이 좋은 사례다. 2013년부터 10년 넘게 지속되고 있는 이 제도는 전통시장을 살린다는 당초 취지는 달성하지 못한 채 소비자 불편을 초래한다는 비판을 받고 있다. 그러나 “국가는 중소기업을 보호·육성해야 한다”는 헌법 제123조 3항에 비춰 보면 타당성을 지닌다. 실제로 대형마트 의무 휴업을 규정한 유통산업발전법은 헌법재판소에서 합헌 결정을 받았다. 대형마트 문제의 근원은 결국 헌법 조항인 것이다. “국가는 농수산물의 가격 안정을 도모함으로써 농·어민의 이익을 보호한다”는 조항(제123조 4항)은 도시 서민의 식료품 물가 부담을 외면한다. 이처럼 헌법에 따라 국민을 보호하기 위해 내놓은 정책이 결과적으로 경제 활력을 떨어뜨리고 미래 세대의 부담을 늘리는 사례는 부지기수다. 국가가 국민 복지를 챙기는 과정에서 필연적으로 수반되는 세금 부담과 국가 채무 문제에 대해서도 헌법은 아무런 언급이 없다.헌법에 시장 개입주의적 요소가 들어가게 된 데는 역사적 배경이 있다. 우리 헌법은 세계적으로 공산주의가 세력권을 확장해 가는 가운데 분단국가로서 북한과 체제 경쟁을 벌여야 하는 상황에서 제정됐다. 어느 정도 사회주의적 요소 도입이 불가피했다. 하지만 인공지능 전환(AX) 시대를 맞은 1인당 국민소득 3만5000달러 국가 대한민국은 77년 전의 가난한 신생국이 아니다.이 대통령은 네거티브 규제 도입을 비롯한 규제 혁신을 여러 차례 약속했다. 정부의 의지와 별개로 헌법이 시시콜콜한 시장 개입을 허용한다면 규제 개혁 또한 한계에 부닥칠 가능성이 있다. 개헌의 궁극적인 목적은 국민이 더 잘살게 하는 것이다. 시대에 맞지 않는 것은 권력 구조만이 아니다. 기업이 뛰게 하고, 국민 생활을 더 풍요롭게 하기 위한 경제 개헌을 함께 추진할 때다.",https://www.hankyung.com/article/2025071878081,2025.07.18 17:40
"KB국민은행, 삼성화재와 ‘외국인 고객 금융 서비스 강화 업무협약’ 체결",■ KB스타뱅킹에서 삼성화재 ‘외국인근로자 전용보험’ 조회부터 보험금 청구까지 가능,"KB국민은행(은행장 이환주)은 지난 15일 삼성화재(대표이사 이문화)와 ‘외국인 고객 금융 서비스 강화를 위한 업무협약(MOU)’을 체결했다.이날 서울 영등포구에 위치한 KB국민은행 신관에서 열린 업무협약식에는 최재봉 삼성화재 일반보험부문 부사장, 송용훈 KB국민은행 기업고객그룹 부행장 및 양사 관계자들이 참석했다.양사는 이번 협약을 계기로 외국인 근로자가 의무적으로 가입해야 하는 삼성화재 출국만기보험, 귀국비용보험, 상해보험을 KB스타뱅킹 앱에서 간편하게 조회하고 이용할 수 있는 서비스를 제공할 예정이다.우선, 오는 7월 말부터 KB스타뱅킹에서 ‘외국인근로자 전용보험’ 계약 내용을 쉽게 확인할 수 있다. 이후 3분기 중에는 보험금 청구 기능도 추가될 계획이다.이에 따라 외국인 고객은 보험 계약 조회부터 보험금 청구까지 비대면으로 편리하게 처리할 수 있다.KB국민은행 관계자는 “이번 협약은 외국인 고객의 금융 접근성과 편의성을 높이기 위한 것”이라며, “앞으로도 양사는 협업을 통해 외국인 고객 대상 금융 서비스를 지속적으로 확대해 나가겠다”고 말했다.",https://www.hankyung.com/article/202507173720P,2025.07.17 09:31
,www.tesat.or.kr,,https://sgsg.hankyung.com/article/2025071120621,
"""당분간 달러화 강세 흐름…외인 매수종목 관심""-한국",,"/사진=게티이미지뱅크 

                한국투자증권은 21일 최근 달러화 강세 흐름에 대해 ""스테이블코인 도입 논의 활성화와 양호한 경제지표에 기인한다""며 ""당분간 외국인이 매수하고 있는 종목에 관심을 둘 필요가 있다""고 조언했다.이 증권사 김대준 연구원은 ""최근 글로벌 달러화가 강세로 방향을 바꾸면서 국가별로 통화가치가 떨어졌다""며 ""미국이 스테이블코인 활성화 법안을 완비하면서 달러화 가치 방어에 집중하고 있다""고 설명했다.이어 ""선물시장에서 달러화 숏 포지션도 축소되고 있다""며 ""이는 당분간 달러화가 약세를 보이지 않는다는 뜻으로 해석 가능하다""고 부연했다.또 ""양호했던 미국 경제지표도 달러화 강세를 지지하고 있다""며 ""인플레이션 압력과 직결되는 소비자물가와 미국 경제의 70%를 차지하는 소비가 개선되면서 미 중앙은행(Fed)의 금리인하 가능성도 약해졌다""고 평가했다.원·달러 환율 상승은 원화 기반 자산에서 달러화 기반 자산으로 옮겨가려는 유인을 작용해 국내 증시에 부담으로 작용할 수 있다는 분석이다.김 연구원은 ""일반적으로 원달러 환율이 오르면 국내 증시에서 외국인 매수세는 약해진다""며 ""가격 상승폭이 컸던 업종부터 외국인 매도세가 강해지고 있다""고 말했다.그러면서 ""이익 모멘텀이 강하고 밸류에이션 매력이 존재한다면 외국인 매수세는 선별적으로 유입될 수 있다""며 이와 같은 흐름을 보이고 있는 기업으로 △삼성전자 △키움증권 △LG유플러스 △한국가스공사 △현대제철 △엠씨넥스 △이마트 등을 꼽았다.노정동 한경닷컴 기자 dong2@hankyung.com",https://www.hankyung.com/article/2025072105736,2025.07.21 07:49
"뉴욕 증시…파월, 통화정책 힌트 줄까",,"뉴욕증시는 이번주 제롬 파월 미국 중앙은행(Fed) 의장의 발언과 함께 고용, 소비 관련 지표가 연달아 발표된다. 이를 통해 이달 말 Fed의 연방공개시장위원회(FOMC) 정례회의 결과를 가늠해볼 수 있을 전망이다.22일(현지시간) 오전에는 파월 의장이 은행 콘퍼런스에서 연설한다. 통화정책과 관련한 힌트가 나올지 주목된다. 최근 도널드 트럼프 미국 대통령이 해임 압박을 가하는 가운데 파월 의장이 어떤 반응을 내놓을지도 관심사다. 월가는 트럼프 행정부의 파월 의장 압박에 부정적이다. 제이미 다이먼 JP모간체이스 최고경영자(CEO)는 최근 “중앙은행의 독립성은 절대적으로 중요하다”며 “Fed를 갖고 장난치는 것은 역효과를 낳을 수 있다”고 경고했다.23일에는 6월 ‘기존주택 판매 지표’가 발표된다. 미국 부동산 수요 흐름과 금리 민감도를 가늠할 수 있는 단서다. 실제 매매 계약을 마치고 소유권 이전을 완료한 건수를 측정하는 지표다. 24일에는 주간 실업수당 청구 건수와 7월 S&P 글로벌 서비스업 구매관리자지수(PMI) 예비치가 발표된다. 이날 6월 신규주택 판매 건수도 공개된다. 25일에는 내구재 주문 지표가 나온다. 기업의 투자심리를 반영하는 핵심 선행지표다.주요 기업의 실적 발표도 예정돼 있다. 코카콜라가 22일 장 시작 전 실적을 공개한다. 구글의 모회사 알파벳은 23일 장 마감 후 실적을 내놓는다. 테슬라는 24일 장 마감 뒤 실적을 발표한다.뉴욕=박신영 특파원 nyusos@hankyung.com",https://www.hankyung.com/article/2025072000301,2025.07.20 17:48
"'기업은행' 52주 신고가 경신, 전일 기관 대량 순매수",,"◆ 주체별 매매동향- 전일 기관 대량 순매수지난 한달을 기준으로 보면 외국인이 67.2만주를 순매수했고, 기관도 254.2만주를 순매수했다. 반면 개인들은 263.2만주를 순매도한 것으로 나타났다. 같은 기간 이 종목의 거래 비중은 외국인과 개인이 각각 41.7%, 32.9%로 비중이 높다.한편 기관은 이 종목에 대해서 최근 6일 연속 132.6만주 순매수를 하고 있다. 더욱이 전일 기관이 대량 순매수를 하고 있어 투자자들의 관심이 집중되고 있다.[그래프]기업은행 외국인/기관 매매동향











◆ 최근 애널리스트 분석의견- 배당주로서의 매력 유효하며 적극적인 의사결정도 중요 - BNK투자증권, 매수07월 03일 BNK투자증권의 김인 애널리스트는 기업은행에 대해 ""정부 출자기관 배당성향 40% 확대 목표에 대한 기대감은 축소 중이나 별도 기준 35% 제시. 다만 은행 전체적으로 주주환원이 빠르게 확대되는 상황에서 기재부와의 협의에 따른 의사결정이 느리다는 점(분기균등 vs 반기배당, 세부적 배당 목표, 자회사 이익 강화 목적의 개별 아닌 연결이익 기준 채택 등)은 투자자에게 부담. 최근 배당소득 분리과세(배당성향 35%) 수혜 가능성 존재한다는 점에서 적극적 의사결정이 자사주 매입 및 소각 부재의 단점을 극복하고 차별화될 수 있는 주주환원이 가능하다고 판단""이라고 분석하며, 투자의견 '매수', 목표주가 '22,000원'을 제시했다.한경로보뉴스이 기사는 한국경제신문과 금융 AI 전문기업 씽크풀이 공동 개발한 기사 자동생성 알고리즘에 의해 실시간으로 작성된 것입니다.",https://www.hankyung.com/article/202507047740L,2025.07.04 09:14
"""주식·코인 대박난 '영리치' 모십니다""…사활건 곳이","PB 30년…자산가, 4대銀에 맡긴 돈 180조

젊은 창업자·은퇴세대 등 몰려
은행권, WM 차별화로 유치 경쟁","사진=게티이미지뱅크 

                금융자산 10억원 이상 고액 자산가가 4대 시중은행에 맡긴 자산이 180조원에 달하는 것으로 나타났다. 국내 은행권에 프라이빗뱅킹(PB) 서비스가 도입된 지 30년 만이다. 스타트업 창업자, 은퇴 세대 등이 새로운 자산가 대열에 합류한 영향으로 분석된다. ‘부자들이 굴리는 돈’이 핵심 수익원으로 떠오르자 이를 차지하기 위한 은행권의 경쟁도 치열해졌다.22일 금융권에 따르면 국민 신한 하나 우리 등 4대 시중은행이 관리하는 10억원 이상 자산가의 자산 규모는 올 1분기 말 179조3595억원이었다. 지난해 말(175조1770억원)보다 4조1825억원 늘었다. 2022년 말(155조1979억원), 2023년 말(165조2911억원) 등 해마다 10조원씩 불어나는 추세다.은행권의 고액 자산가 유치 열기도 갈수록 뜨거워지고 있다. 창업으로 자산을 대폭 늘린 청년 갑부(영리치)에 이어 은퇴 시기를 맞은 베이비붐 세대(1955~1963년생)까지 신흥 자산가로 떠오르고 있기 때문이다.증권사가 한발 앞서 비상장사, 사모펀드, 오피스빌딩 등 차별화한 투자 대상을 내세워 고액 자산가를 끌어오자, 은행도 공격적인 영업 전략으로 맞불을 놓는 분위기다. 은행들은 PB센터와 패밀리오피스를 투자뿐 아니라 세무, 상속, 증여 등 종합적인 자산관리(WM)가 가능한 공간으로 키우고 기관 투자처에도 자금을 투입할 기회를 제공하고 있다.시중은행 관계자는 “기업공개 등으로 대규모 현금을 손에 쥔 젊은 창업자와 은퇴 시기를 맞은 60대 이상 기업인 고객을 적극적으로 공략 중”이라며 “이들을 상대로 종합적인 컨설팅 서비스에 집중하고 있다”고 말했다. 자산가 1인당 25억씩 은행에 맡겨…100억 굴리는 슈퍼리치도 1600명국민 신한 하나 우리 등 국내 4대 은행의 지난 1분기 말 기준 금융자산 10억원 이상 고객은 7만2626명으로 올 들어 2082명 증가했다. 이들이 은행에 맡긴 돈은 1인당 평균 24억7000만원에 달한다. 100억원 이상 초고액 자산가(1626명)도 계속 늘고 있다.고액 자산가 고객 중 최근 눈에 띄게 늘어난 집단으로는 영리치가 꼽힌다. 코로나19 사태가 한창이던 2021년 ‘제로 금리’를 바탕으로 강력한 유동성 장세가 펼쳐지면서 기업공개(IPO)와 경영권 매각을 통해 대규모 부를 쌓은 창업가가 쏟아졌다. 이들 창업가와 기업을 일군 임직원 중에서도 주식매수선택권(스톡옵션)과 우리사주조합을 통해 받은 자사주를 처분해 단숨에 부자가 된 사람이 적지 않다는 분석이 나온다.비슷한 시기 주식과 코인 시장의 호황에 힘입어 자산 규모를 수십억원 이상으로 불린 청년도 적지 않게 등장했다. 한 시중은행 자산관리 담당 임원은 “수백억원을 거머쥔 초부유층은 일부 보유 자금을 고위험 투자상품에 투자할 여력이 충분하다”며 “과거 위험자산 투자로 많은 수익을 낸 사람도 적지 않기 때문에 더 적극적으로 프라이빗뱅킹(PB)을 통해 다양한 투자 기회를 물색한다”고 설명했다.베이비붐 세대도 최근 은행권에서 적극 공략 중인 고객층으로 꼽힌다. 이들은 투자뿐 아니라 상속과 증여, 세금 문제에도 관심이 많기 때문에 더 다양한 서비스를 앞세워 영업이 가능하다는 평가다.김진성/조미현 기자 jskim1028@hankyung.com",https://www.hankyung.com/article/2025072252451,2025.07.22 17:43
"'25만원 거부' 박수영 ""한국, 베네수엘라행 염려 많아""","'부산시민은 25만원 필요 없다' 박수영
與 비판에 '베네수엘라 영상'으로 반격","박수영 국민의힘 의원. / 사진=뉴스1

                이재명 정부가 추진하는 전 국민 민생 회복 지원금에 대한 반대 의사를 밝혔다가 여권으로부터 비판받은 박수영 국민의힘 의원(부산 남구)이 ""우리나라의 베네수엘라행을 염려하는 분들이 많다""고 받아쳤다.박 의원은 지난 6일 페이스북에 '최근 베네수엘라'라는 제목의 글과 최근 베네수엘라의 근황이 담긴 두 개의 유튜브 영상을 공유했다. 그간 국민의힘 등 보수 진영 일각에서는 이 대통령을 좌파 포퓰리스트이자 독재자인 우고 차베스 전 베네수엘라 대통령에 빗대 비판해왔다. 자원 부국인 베네수엘라는 차베스 전 대통령이 1999년 집권한 뒤부터 전방위적 무상 포퓰리즘으로 국가 경제가 내리막길을 탔다는 평가를 받는다.박 의원도 이 글에서 ""'미시옹'이라는 기본소득, 기본교육, 기본주택 등 과도한 복지 정책과 국유화로 인한 산업 기반의 붕괴로 무려 35만%의 인플레이션이 발생하고 770만명이 국외로 탈출한 베네수엘라""라며 ""국가적 자랑이던 미인사관학교가 문을 닫은 것을 물론, 그분들이 주변국에서 몸을 파는 고초를 당하고 있다는 암울한 소식, 먹을 것이 없어 쓰레기통을 뒤지는 청년들이 흔하게 보이는 수도 카라카스의 거리, 참고하시라""고 했다.앞서 박 의원은 국회에서 31조8000억원 규모의 추경안이 통과된 지난 4일 페이스북에서 ""우리 부산 시민은 25만원 필요 없다""며 ""부산에 해양수산부 보내준다니 감사히 받겠지만, 산업은행 같은 공기업이 오는 게 더 낫다. 기왕 이전하기로 한 해수부는 연말까지 남구로 보내주시고 당선축하금 25만원 대신 산업은행도 남구로 빨리 보내달라""고 했다. 1인당 최소 15만원의 전 국민 민생 회복 지원금 지급 정책을 비판한 것이다.박 의원의 글이 언론을 통해 확산하자, 더불어민주당은 논평을 내고 박 의원 비판에 나섰다. 이나영 부대변인은 ""박 의원은 무슨 자격으로 부산 시민의 권리를 박탈하려 드나. 염치도 없냐""며 ""여당 의원으로 재적하던 3년간 정치적 타산으로 국민을 외면해 놓고, 이제 와서 큰소리를 치는 꼴이 파렴치 그 자체""라고 했다. 본인이 부산 시민이라고 주장하는 일부 네티즌도 ""난 소비쿠폰 필요하다"", ""부산시민은 국민의힘이 필요 없다"" 등 가세했다.홍민성 한경닷컴 기자 mshong@hankyung.com",https://www.hankyung.com/article/2025070718767,2025.07.07 10:14
김건희 특검 수사 전방위 확대…관련 인사 '줄소환',,"23일 서울 종로구  김건희 특검팀(특별검사 민중기)으로 ‘김건희 집사’ 김예성 씨 부인 정 모 씨(왼쪽 사진부터)와 이종호 전 블랙펄인베스트 대표, 정근수 전 신한은행 부행장, 최석우 경남스틸 대표가 각각 소환 조사에 출석하고 있다. 사진=뉴스1

                김건희 특별검사팀이 23일 ‘집사게이트’, 삼부토건 주가조작 등 김 여사 관련 의혹 수사를 위해 핵심 인물들을 줄줄이 불러 조사했다.IMS모빌리티 184억 행방 추적…관련자 소환 잇따라이날 서울 종로구 KT광화문빌딩 웨스트에 마련된 특검 사무실에는 김 여사의 ‘집사’로 알려진 김예성씨의 배우자 정모씨가 출석했다. 정씨는 김씨가 설립에 관여한 IMS모빌리티의 구주를 보유하고 있던 이노베스트코리아의 유일한 사내이사로 등재돼 있다. 특검은 IMS모빌리티에 대대기업들이 투자한  184억원 중 46억원이 이노베스트코리아의 구주 인수에 쓰였고, 이 자금이 김씨를 거쳐 김 여사에게 전달됐을 가능성에 주목해 정씨를 집중 추궁한 것으로 전해졌다.IMS모빌리티에 대한 투자가 김씨와의 친분을 고려한 대가성 또는 보험성 자금일 가능성에 주목한 특검은 이날도 관련 기업인을 소환 조사했다. 투자 결정을 내린 것으로 알려진 정근수 전 신한은행 부행장과 최석우 경남스틸 대표가 이날 오전 출석했으며, 정 전 부행장은 취재진 질문에 답하지 않았고 최 대표는 “정상적인 투자 활동의 일환이었다”며 “김 여사는 전혀 모른다”고 밝혔다. JB우리캐피탈 관계자도 오후에 출석했다.같은 날 김 여사의 최측근으로 알려진 이종호 전 블랙펄인베스트먼트 대표도 피의자 신분으로 재출석했다. 그는 도이치모터스 1차 작전 주범 이정필씨로부터 수차례에 걸쳐 8000만원을 받고 “집행유예가 나오게 해주겠다”고 한 혐의(변호사법 위반)를 받고 있다. 이 전 대표는 21일 한 차례 조사를 받은 뒤, 특검 수사 방식에 불만을 품고 22일 출석을 거부했던 것으로 전해졌다.이 전 대표 측은 “특검의 무리한 요구에 부득이 변호인 없이 출석했다”며 “방어권 행사 차원에서 제한적으로 진술할 수밖에 없는 상황으로, 향후 변호인 입회하에 적극적으로 소명할 것”이라고 밝혔다. 삼부토건 수사 본격화…이일준·이응근 구속 후 첫 조사한편 특검팀은 이날 삼부토건 주가 조작 의혹과 관련해 구속 수감 중인 이일준 회장과 이응근 전 대표이사도 소환해 조사하고 있다. 지난 18일 두 사람에 대한 구속영장이 발부된 이후 첫 조사다.이들은 조성옥 전 회장, 이기훈 부회장과 함께 2023년 5~6월 우크라이나 재건 사업을 본격적으로 추진할 것처럼 투자자들을 속여 주가를 띄운 뒤 보유 주식을 매도해 총 369억 원의 부당이득을 챙긴 혐의를 받고 있다.특검팀은 구속영장이 기각된 조성옥 전 회장에 대해 영장을 다시 청구할 방침이다. 구속 전 피의자 심문(영장실질심사)에 출석하지 않고 도주한 이 부회장에 대해서는 전날 체포영장을 발부받아 검거에 나섰다. ‘건진법사 청탁 의혹’ 연결고리 추적…김건희 명품 수수 조사특검은 수사 범위를 넓혀 당시 대통령실 인사들과의 연관 가능성도 들여다보고 있는 것으로 전해졌다. 윤석열 대통령이 취임 초 북대서양조약기구(NATO) 순방에 나섰던 시점과 김건희 여사가 통일교 측으로부터 전달받은 것으로 알려진 6000만 원 상당의 그라프 목걸이를 착용한 정황이 맞물리면서 대통령 부부와 주변 인물들의 연루 여부가 수사 대상에 포함된 것으로 풀이된다. 특검은 이날 조연경 전 대통령실 부속실 행정관 등 당시 관계자들을 소환해 관련 경위를 집중 확인 중인 것으로 알려졌다.특검은 최근 김 여사가 받은 또 다른 청탁성 선물인 샤넬 백 관련 영수증도 확보했다. 해당 영수증은 통일교 전 세계본부장 윤모 씨가 건진법사 전성배 씨를 통해 김 여사에게 전달한 선물로, 통일교 측이 자진 제출한 것으로 알려졌다. 전날에는 윤석열 전 대통령의 외가 6촌 친척인 최승준 전 시민사회1비서관도 소환됐다. 특검은 김 여사가 대통령실 자원을 사적 이익에 활용했는지 여부를 수사 중이다.정희원 기자 tophee@hankyung.com",https://www.hankyung.com/article/202507236898i,2025.07.23 14:20
"현대차證, 상반기 순이익 59% 급증",400억 … 매출도 23% 늘어 1.1조,"현대차증권이 올해 상반기 호실적을 기록했다. 포트폴리오를 다각화하는 등 전 부문에서 수익성 개선이 이뤄졌다.24일 현대차증권은 상반기 연결기준 당기순이익이 400억원으로 전년 동기 대비 59.1% 증가했다고 공시했다. 작년 한 해 순이익(362억원)을 넘어선 수치다. 같은 기간 영업이익과 매출은 541억원, 1조1191억원으로 각각 66.1%, 23.1% 급증했다.세일즈앤드트레이딩(S&T) 부문의 상반기 매출(순영업수익)이 1152억원으로 30.8% 늘었다. 총 6조740억원 규모의 은행채 거래를 맡으며 실적 개선을 이끌었다. 기업금융(IB) 부문 매출 역시 1년 전과 비교해 48% 늘었다.현대차증권의 자기자본이익률(ROE)은 6월 말 기준 5.9%로, 지난해 말(2.8%) 대비 3.1%포인트 상승했다. 지난 1월 밸류업 공시에서 제시한 올해 목표치 4%를 뛰어넘었다.조아라 기자 rrang123@hankyung.com",https://www.hankyung.com/article/2025072404151,2025.07.24 17:44
[시론] 금융당국 조직개편에 거는 기대,"금융 정책·감독 기능 분리 추진
관치금융 사슬 끊을 기회 돼야

오정근 한국금융ICT융합학회장·자유시장연구원장","이재명 정부의 5년을 기획하는 국정기획위원회가 정부 조직 개편을 논의하는 과정에서 금융당국의 정책 업무는 기획재정부로 일원화하고, 감독 업무는 금융위원회의 감독 기능과 금융감독원을 통합한 금융감독위원회를 신설해 맡기는 방향으로 검토 중인 것으로 알려졌다. 금감원 산하 기관인 금융소비자보호처는 독립시켜 금융소비자보호원으로 전환하는 방안도 거론되고 있다.현재 국제 금융정책은 기재부 국제금융국이, 국내 금융정책은 금융위가 담당해 국제 금융과 국내 금융 연계가 긴밀한 개방경제 체제에서 다소 맞지 않는다는 지적이 있었는데 이를 해소하는 효과가 기대된다. 다만 이 경우 기재부 업무가 과중해질 수 있어 예산 업무를 분리해 기획예산처(가칭)를 신설하는 방안도 논의되고 있다. 2008년 이명박 정부 출범과 함께 자리 잡은 금융위 체계는 업무가 각 부처로 이관되면서 역사의 뒤안길로 사라질 가능성이 크다.‘금융산업 육성과 진흥’을 도모하는 금융산업정책은 ‘금융기관의 건전성 확보 및 소비자보호’가 목적인 금융감독정책과 견제와 균형을 유지해야 하는 트레이드오프(trade-off) 관계에 있다. 현재처럼 금융위·금감원에서 중복적으로 운영되면 책임성 및 효율성 확보가 곤란하다.국제통화기금(IMF)은 금융감독 기관의 독립성 강화를 지속적으로 권고하고 있으며, 경제협력개발기구(OECD) 주요 국가 역시 금융산업정책과 금융감독정책을 각각 독립된 기관에서 수행하는 것이 일반적이다. 반면 국내에선 금융정책을 총괄하는 금융위가 감독정책까지 동시에 관장하고 있을 뿐 아니라, 감독 집행기구인 금감원을 예산 및 업무 수행 측면에서 지도·감독하고 있어, 금융감독이 금융정책을 견제하기 어렵고 하위 수단으로 전락했다는 지적이 나온다. 동일한 기관에서 금융정책과 금융감독 기능을 함께 주도하면서 관치금융이 심화하고 있다는 비판도 제기되고 있다.금융정책과 감독정책을 금융위라는 하나의 조직이 함께 수행하면 2003년 카드 사태나 2011년 저축은행 사태처럼 금융정책이 감독정책을 압도할 가능성이 있다. 이에 따라 감독정책이 금융시스템의 안정성 확보라는 본연의 책무보다 이와 상충할 경제정책과 경기 부양 대책을 뒷받침하는 수단으로 활용될 우려가 지속적으로 제기되고 있다. 1997년 외환위기 이후 한국 정부와 IMF가 합의한 의향서에는 ‘운영 및 재정상의 자율성’(operational and financial autonomy)을 확보한 통합 감독기구 설립이 명시돼 있다.같은 해 12월 3일 작성된 ‘한국경제 프로그램에 관한 메모랜덤’에서도 한국의 금융위기가 정부의 금융 부문 개입에 따른 금융 비효율성과 기업 부채 증가에 원인이 있다고 진단하며, ‘강력하고 독립적인 감독기구’를 설립해 건전성 감독을 강화하고 투명성을 높여야 한다고 권고했다. 이에 따라 당시 막강한 금융 권한을 행사하던 재정경제원이 해체됐다. 2008년 미국발 글로벌 금융위기 이후 거시건전성 감독과 중앙은행의 최종 대부자 기능의 중요성이 다시 부각됐다.영국 싱가포르 등에서는 중앙은행과 긴밀히 협조하면서 정부의 금융정책과 완전히 독립된 금융감독 기능이 수행되고 있다. 그 결과 영국과 싱가포르 금융산업은 세계 최고 수준으로 도약하며 자국 경제를 선도하고 있다.반면 한국의 금융산업은 여전히 낙후돼 있다. 한국도 금융산업을 발전시켜 고부가가치 서비스산업으로 도약해야만 진정한 선진국으로 자리매김할 수 있다. 이번 금융당국 조직 개편이 금융산업 선진화의 전환점이 돼야 한다.",https://www.hankyung.com/article/2025071501431,2025.07.15 17:34
,,,https://magazine.hankyung.com/business/article/202507210692b,
"정진완 행장 ""우리은행, 플랫폼으로 中企 지원""","정진완 행장, 포용적 공급망 강조","정진완 우리은행장(사진)은 10일 “여신·수신과 같은 전통적인 금융 외에도 공급망 플랫폼을 통해 중소·중견기업과의 상생을 실천하겠다”고 말했다.정 행장은 이날 서울 회현동 본점에서 ‘포용적 금융 플랫폼’을 주제로 기자설명회를 열고 이 같은 뜻을 밝혔다. 정 행장이 이날 소개한 우리은행의 공급망 플랫폼은 원비즈플라자, 원비즈 e-MP, 우리SAFE정산 등 세 가지다. 중소기업의 디지털화와 자금의 원활한 거래를 돕는다.원비즈플라자는 중소·중견기업이 주문 요청부터 발주, 검수까지 기업 사이의 거래 과정에 필요한 모든 절차를 비대면으로 해결할 수 있도록 돕는 플랫폼이다. 2022년 9월 출시된 원비즈플라자에 입점한 회원사는 지난달 말 약 7만8000개로, 우리은행은 올해 말까지 회원사를 10만 개로 늘리겠다는 목표를 세웠다.원비즈 e-MP는 대기업과 협력업체 사이의 상거래에서 발생하는 데이터를 취합해 우리은행이 대출 등 다양한 금융서비스를 선제적으로 제공하도록 돕는 플랫폼이다. 우리SAFE정산 서비스는 티몬이나 위메프 같은 플랫폼사가 전자결제 대행(PG)업체에서 받은 결제 대금을 우리은행이 먼저 받아 관리하는 시스템이다.정의진 기자 justjin@hankyung.com",https://www.hankyung.com/article/2025071010071,2025.07.10 17:32
"K 뷰티 글로벌 유통 확대에 브이티, 구조적 성장 모멘텀 본격화",,"최근 브이티는 K 뷰티 해외 수요 확대 흐름에 힘입어 글로벌 유통 기반 강화와 실적 확대 기대가 맞물리며 시장의 관심을 끌고 있다. 미국과 유럽, 일본 등 주요 시장에 진출해 현지 오프라인 매장 및 온라인 플랫폼을 활발히 운영 중이며, 특히 일본 드럭스토어에서의 리들샷 등 핵심 제품 판매 호조가 큰 지지를 받았다. 이러한 현지화 경로는 브랜드 가치와 매출 확대 기대를 동시에 견인하고 있다.이러한 해외 전략은 실적 회복으로도 이어지는 양상을 보인다. 최근 분기 기준 매출이 전년 대비 증가하며 영업이익 역시 큰 폭 상승한 것으로 알려져, ‘해외 유통 → 실적 상승’의 선순환 고리가 형성되고 있다는 평가다. K 뷰티 대표주로서 구조적 성장 스토리가 본격화되는 국면이라는 인식이 확대되고 있다.투자자 수급 측면에서도 우호적인 흐름이 확인된다. AI 기반 종목 추천 시스템이 브이티를 주요 화장품 성장주로 분류하며 수요를 자극했으며, 증권사 및 시장 분석가들은 해외 유통 확대가 주가의 중장기 밸류에이션 상승을 뒷받침할 것으로 기대하고 있다.다만, 일부에서는 미국 내 벌크 관세 증가 및 경쟁 심화에 따른 리스크도 거론된다. 글로벌 P2P 유통 구조에 따른 물류비 상승, 브랜드 충성도 유지 여부, 현지 마케팅 비용 부담 등을 변수로 지목하며 해외 실적이 예상대로 회복되지 않을 경우 조정 국면이 나타날 수 있다는 경고도 존재한다.결국 브이티의 최근 상승 흐름은 ▶글로벌 유통망 확대 및 브랜드 현지화 → ▶실적 지표 개선 → ▶AI 추천 시스템 기반 수요 유입이라는 다층적 흐름이 유기적으로 결합한 결과로 평가된다. 앞으로 관전 포인트는 ▶미국·유럽·일본 현지 매출 지속성 ▶물류비·브랜드 비용 안정화 ▶AI 추천 기준의 지속 여부 등이 될 전망이다. 투자자들은 이러한 구조적 성장의 실적 체화 여부를 면밀히 점검하며 전략적 대응을 준비할 필요가 있다.




 

아톤, 기업은행, LG전자, SK이노베이션, 엘앤에프무료상담",https://www.hankyung.com/article/202507174035a,2025.07.17 13:53
5월 경상수지 101억달러 흑자…외국인 주식투자 8개월만에 증가,,"평택항 사진=연합뉴스

                지난 5월 경상수지가 100억달러 넘는 흑자를 기록했다. 5월 기준 역대 세번째로 큰 폭의 흑자가 나타났다. 상품수지가 큰폭의 흑자를 낸 가운데, 배당 등 본원소득수지도 늘었다. 증권시장엔 모처럼 외국인 투자가 늘어났다.4일 한국은행에 따르면 지난 5월 경상수지는 101억4000만달러 흑자로 집계됐다. 4월 57억달러 흑자에서 두배에 가까운 수준으로 증가했다. 1년 전 90억9000만달러에 비해서도 10억달러 이상 많았다.상품수지가 106억6000만달러 흑자를 기록해 전월(89억9000만달러) 대비 흑자 폭이 커졌다. 수출은 569억3000만달러로 전년 동월 대비 2.9% 감소했지만 수입이 462억7000만달러로 같은 기간 7.2% 줄어들면서 상품수지 흑자가 확대됐다.수출 항목을 살펴보면 반도체(20.6%), 컴퓨터 주변기기(5.3%) 등 정보기술(IT) 부문의 수출 증가세가 지속됐다. 하지만 석유제품(-20.0%), 철강(-9.6%), 승용차(-5.6%) 등 비IT 품목의 수출 둔화세가 뚜렷했다. 한국의 주요 수출국인 미국(-8.1%), 중국(-8.4%), 일본(-9.0%)으로의 수출이 일제히 감소했다.수입은 에너지가격 하력 영향으로 석탄(-31.6%), 원유(-14.0%), 가스(-0.5%) 등 원자재 수입 감소 폭이 컸다. 소비재는 승용차(16.8%)를 중심으로 수입이 늘었고, 반도체제조장비(26.1%), 수송장비(46.8%) 등 자본재 수입도 증가했다. 서비스수지는 22억8000만달러 적자였다. 전월 28억3000만달러 대비 적자 폭이 축소됐다. 국내 기업들이 해외 자회사로부터 지식재산권 사용료를 받으면서 지식재산권사용료 수지 적자가 전월 8억2000만달러에서 3억4000만달러로 줄었다. 다만 5월 연휴 영향으로 여행수지 적자는 9억5000만달러까지 불어났다.본원소득수지는 21억5000만달러 흑자를 기록했다. 전월 1억9000만달러 적자에서 한달만에 흑자로 전환했다. 1~5월 누적 본원소득수지는 104억3000만달러로 5개월만에 100억달러를 넘어섰다. 배당소득수지는 15억9000만달러 흑자, 이자소득수지는 8억달러 흑자를 각각 나타냈다. 
                    




                금융계정에선 67억1000만달러 규모의 순자산이 증가했다. 자동차 등 주력업종을 중심으로 우리 기업의 해외 직접투자가 41억3000만달러 늘었다. 단기대출 등 기타투자에선 70억4000만달러 규모의 순자산 증가가 나타났다.주식 시장엔 모처럼 외국인이 돌아왔다. 외국인은 5월 24억6000만달러 규모의 주식을 순매수 했다. 지난해 7월(19억8000만달러) 이후 10개월만에 증가로 전환했다. 반면 내국인의 해외 주식투자액은 37억8000만달러로 전월 88억달러 대비 큰 폭으로 감소했다.  채권투자까지 포함한 증권부문에선 지난 5월 26억8000만달러 규모의 순자산이 감소했다. 외국인의 투자가 더 많아 증권부문의 순자산이 감소한 것은 지난해 4월 이후 1년1개월만이다. 강진규 기자 josep@hankyung.com",https://www.hankyung.com/article/202507047483i,2025.07.04 08:00
지역 화폐에 AI 기술 접목…스테이블 코인 개발 추진,BNK금융그룹 디지털 혁신,"빈대인 BNK금융그룹 회장(왼쪽 첫 번째)이 최근 부산의 한 중소기업을 방문해 디지털 전환 관련 사업 설명을 듣고 있다. /BNK금융그룹 제공

                BNK금융그룹은 지방금융지주로서의 한계를 뛰어넘기 위해 디지털 전환에 그룹의 역량을 집중하고 있다. 인구와 산업 기반이 수도권에 비해 절대적으로 열세인 지방 금융회사가 생존하고 도약할 수 있는 돌파구는 ‘디지털’에 있다는 판단에서다. 빈대인 BNK금융 회장은 디지털 금융 싱크탱크를 회장 직속으로 설치하고, 지역 스타트업과의 협업을 강화하는 등 디지털 중심 체제로의 체질 전환에 속도를 내고 있다.





                BNK금융은 지난 7일 개최한 ‘2025년 하반기 업무보고회’에서 올 하반기 3대 중점 추진 전략 중 하나로 ‘AI 및 디지털금융 고도화’를 선정했다. 이를 위해 인공지능(AI) 기반의 디지털 금융 역량을 체계적으로 강화할 ‘AI 거버넌스’ 체계를 수립하기로 했다. 디지털 기술을 접목한 지역화폐 개발, 원화 기반 스테이블코인 연구 등 미래형 금융모델 실험도 본격화할 예정이다.조직 체계도 디지털 중심으로 전면 개편 중이다. BNK금융은 지난해 디지털영업센터, IT기획본부, 비대면고객부를 신설했으며, 지난 4월에는 전성표 고객경험(CX) 혁신단장을 포함한 외부 디지털 전문가를 적극 영입했다. 금융 업무 대부분을 모바일에서 손쉽게 처리할 수 있도록 하는 것이 그룹의 목표다. 실제로 100만 원 미만 계좌 이체의 경우 인증 절차를 기존 3단계에서 1단계로 간소화해 고객 편의성을 높였다.빈 회장 역시 2023년 취임 직후 회장 직속 ‘디지털혁신위원회’를 신설하며 디지털 전환을 그룹 핵심 과제로 제시했다. 이 위원회는 그룹의 디지털 비전 수립, 전략 방향 설정, 미래 신사업 발굴 등을 총괄하는 핵심 기구다. 지난 4월부터는 외부 컨설팅을 통해 디지털 미래 청사진과 사업 전략을 구체화하고 있으며, 장기적으로는 BNK금융을 종합 디지털 금융 플랫폼으로 탈바꿈시키는 것을 목표로 하고 있다.BNK금융은 AI와 빅데이터, 딥러닝 등 첨단 기술을 지역 중소기업의 경영활동에 접목하는 프로젝트도 추진하고 있다. 이를 통해 고객사의 업무 효율성 제고, 생산성 향상, 고객 경험 개선 등을 유도한다는 계획이다. 지난 5월에는 부산경제진흥원, 한국평가데이터(KoDATA)와 ‘디지털 기반 기업 생태계 조성을 위한 업무협약’을 체결하고, 중소기업 맞춤형 플랫폼 개발 및 AI 기반 행정 자동화에 나섰다.BNK금융 관계자는 “업무 속도 향상, 비용 절감, 신규 사업 발굴 등을 위해 중소기업의 디지털 전환은 필수”라며 “하지만 많은 기업들이 인프라 부족, 전문 인력 확보의 어려움, 초기 투자 부담 등으로 도입에 난항을 겪고 있다”고 말했다.지역 스타트업 지원도 본격화하고 있다. BNK금융은 2019년부터 ‘썸 인큐베이터’라는 이름의 스타트업 육성 프로그램을 운영해 오고 있다. 올해 10기를 모집한 이 프로그램은 예비 창업자와 초기 스타트업을 대상으로 사무공간, 자금, 멘토링을 제공하며 기업의 시장 안착과 글로벌 진출 기반 마련을 지원한다.빈 회장 취임 이후에는 핀테크 특화 육성 플랫폼 ‘스토리지B’ 사업도 추진 중이다. 지급결제, 데이터, AI 솔루션 분야에서 기술 경쟁력을 갖춘 핀테크 스타트업과의 협업을 통해 미래 성장동력을 함께 모색하고 있다. 이달 10일에는 부산은행과 케이뱅크가 공동 기획한 개인신용대출 상품이 금융위원회로부터 혁신금융서비스로 지정되며, 디지털 금융 확장 노력에 의미 있는 성과를 더했다.서형교 기자 seogyo@hankyung.com",https://www.hankyung.com/article/2025071611611,2025.07.16 15:34
"영국, 예상 웃돈 CPI…금리 인하 가능성 낮아져",4월에 발효된 급여세와 최저임금 인상 영향,"사진=REUTERS

                영국의 물가상승률이 6월에 2024년 1월 이후 최고 수준인 3.6%로 급등했다. 16일(현지시간) 영국 통계청은 소비자물가지수(CPI)가 전 달 3.4%에서 6월에 3.6%로 상승했다고 발표했다. 경제학자들이 예상한 3.4%를 넘어섰다. 식품 가격은 2024년 2월 이후 최고치인 4.4% 상승했다. 서비스업 물가상승률도 예상을 웃도는 4.7%를 기록했다. 이 수치는 영란은행이 국내 경기 침체 여부를 예의주시하는 지표이다. 소매업체들은 4월에 발효된 급여세와 최저임금의 인상을 원인으로 지목했다. 캐피털 이코노믹스의 경제학자인 루스 그레고리는 “예상을 뛰어넘는 호텔 물가상승률과 의류 및 신발 가격 상승은, 기업들이 상승한 고용 비용을 전가하고 있다는 신호일 수 있다고 말했다. 영국 소매업 컨소시엄의 인사이트 디렉터인 크리스 해머는 ""소매업체 간의 치열한 경쟁에도 불구하고 지난 예산의 지속적 영향과 극심한 기상 조건에 따른 수확량 감소로 식품을 중심으로 소비자 가격이 상승했다”고 말했다. ONS는 “작년 같은 시기에 크게 하락했던 자동차 연료 가격이 올해는 소폭 하락에 그치면서 물가 상승폭이 커졌다”고 말했다. 파운드화는 0.1% 상승한 1.34달러를 기록하며 8일 연속 하락세를 마감했다. 영국의 10년만기 국채 수익률은 4베이시스포인트(1bp=0.01%) 상승한 4.66%를 기록했다. 투자자들은 영란은행의 금리 인하에 대한 베팅을 줄였다. 김정아 객원기자 kja@hankyung.com",https://www.hankyung.com/article/202507163036i,2025.07.16 21:29
"코스피, 미 기술주 훈풍에 또 연고점 경신…3180선 마감","외인 '사자' 개인 '팔자'
엔비디아 상승에 반도체株↑","10일 오후 서울 중구 하나은행 본점 딜링룸 전광판에 증시가 표시되고 있다. 사진=뉴스1

                코스피지수가 미 기술주 훈풍에 힘입어 또 연고점을 경신했다.10일 코스피지수는 전일 대비 49.49포인트(1.58%) 오른 3183.23을 기록했다. 전날 연고점 경신 이후 이날 소폭 상승세로 출발한 코스피지수는 반도체와 제약바이오 등 대형주에 매수세가 몰리면서 장중 상단을 지속적으로 높였다.앞서 간밤 뉴욕증시에선 S&P500지수와 나스닥종합지수가 사상 최고치를 돌파하는 등 주요 지수가 일제히 상승했다. 특히 엔비디아는 시가총액 4조달러(약 5500조원)를 넘어서는 세계 최초의 기업이 됐다.한국은행 금융통화위원회는 이날 통화정책방향 결정회의에서 예상대로 기준금리를 연 2.50%로 동결하면서 증시에 큰 영향을 주지 않았다.이날 유가증권시장에서 외국인과 기관이 각각 4899억원과 408억원 순매수였다. 개인은 5842억원 매도우위였다. 장 초반 매도세를 보였던 외국인이 반도체주를 중심으로 매수세에 나서자 개인이 차익실현 물량을 내놨다.시총 상위주들은 대부분 올랐다. 엔비디아가 상승에 힘입어 삼성전자, SK하이닉스가 강세였다. 특히 SK하이닉스는 5.69% 오른 29만7000원에 장을 마감해 30만원을 눈앞에 뒀다. 삼성바이오로직스와 SK바이오팜은 의약품에 대한 미 관세 부과 시점 연장에 각각 6.09%와 5.54% 급등했다.대신밸류리츠는 코스피 상장 첫날 공모가(5000원) 대비 9.6% 떨어지면서 다소 부진했다.코스닥지수도 상승했다. 이날 코스닥지수는 전일 대비 7.34포인트(0.93%) 오른 797.7에 거래를 마감했다. 코스닥시장에선 외국인이 1706억원 순매수했다. 기관과 개인은 각각 1474억원과 397억원 매도우위였다.코스피 시총 상위주들은 혼조세였다. 알테오젠(5.67%), HLB(2.43%), 리가켐바이오(16.49%) 등이 강세였다. 반면 파마리서치(-5.56%), 휴젤(-1.66%) 등은 떨어졌다.이창용 한국은행 총재가 은행권 중심의 스테이블코인 발행을 언급하면서 뱅크웨어글로벌이 급등했다. 50% 무상증자를 결정한 헥토파이낸셜은 10.24% 뛰었다. 인투셀은 기술이전 계약 해지 소식 이후 26%대 급락했다.원·달러 환율은 하락했다. 이날 오후 3시30분 기준 서울 외환시장에서 원·달러 환율은 전일 대비 5.0원 내린 1370.0원에 주간거래를 마쳤다.노정동 한경닷컴 기자 dong2@hankyung.com",https://www.hankyung.com/article/2025071005746,2025.07.10 15:54
"밀알복지재단, 기증·소비가 만든 '착한 고용'…장애인 470명, 굿윌스토어에서 새로운 일자리 얻어",,"대구에 새로 개장한 ‘굿윌스토어 밀알엑스코점’에서 임직원과 관계자들이 기념사진을 촬영하고 있다. 약 880평 규모의 이 매장은 굿윌스토어 최초의 아울렛형 매장이다. /밀알복지재단 제공

                기증과 소비를 통해 장애인에게 일자리를 제공하는 밀알복지재단의 ‘굿윌스토어’가 운영 13년 만에 전국 42개 매장에서 약 470명의 장애인을 고용하는 등 사회적 기업의 성공 사례로 주목받고 있다.굿윌스토어는 2011년 서울 송파에서 1호점을 연 이후 현재 전국적으로 42개 매장을 운영 중이다. “자선이 아닌 기회의 공간”이라는 슬로건 아래 장애인에게 자립과 성장의 기회를 제공하고 있다.굿윌스토어는 기증받은 물품을 재가공·판매하고, 수익금으로 장애인을 고용한다. 판매 수익이 장애인 고용의 핵심 기반으로 ‘기증과 소비의 선순환’을 위해 시민과 기업의 지속적인 참여를 독려하고 있다는 게 굿윌스토어 측 설명이다.일자리 유형의 다양성도 모색하며 매장 운영 방식도 변화시키고 있다. 지난 6월 경기도 성남에서 문을 연 ‘밀알야탑점’은 굿윌스토어 최초의 시니어 협업형 매장이다. 유통 경력이 있는 시니어가 고객 응대와 운영을 맡고, 장애인 직원은 물류와 진열을 담당한다.대구에서 개장한 ‘밀알엑스코점’은 약 880평 규모로, 굿윌스토어 최초의 아울렛형 매장이다. 해당 매장에는 11명의 장애인이 근무하고 있으며, 내부에는 장애 예술인의 작품을 전시·판매하는 ‘굿윌아트센터’도 함께 운영된다.큐레이션 기반의 ‘#굿윌스토어’도 선보였다. 현재 수성점, 쌍문점, 야탑점 등 세 곳에서 운영되는 이 매장은 상태가 우수한 의류와 잡화만을 엄선해 판매한다. 시니어와 발달장애 예술인 등 다양한 사회적 주체와도 협력하고 있다.기업과 다양한 협업 시도도 주목할 만하다. 우리금융그룹은 2023년 밀알복지재단과 업무협약을 맺고 전국 10개 매장 설립과 장애인 인건비를 지원했다. 우리은행은 20여 개 지점에 ‘굿윌기부함’을 설치하고, 우리WON뱅킹 앱에 기부 기능을 연계해 비대면 기부를 활성화하고 있다.공공기관으로는 인천국제공항공사가 대표적인 협력사로 꼽힌다. 2022년 밀알인천점 개점을 시작으로 4개 매장 설립을 지원하고 인프라 구축과 직원 기증 캠페인도 함께 운영하고 있다. 이 외에도 CJ제일제당, 이마트, 오뚜기, LG생활건강, 현대엔지니어링 등이 굿윌스토어 기증과 운영 지원에 참여하고 있다.밀알복지재단은 오는 2030년까지 매장을 100곳으로 늘리고, 1500명의 장애인을 고용하겠다는 목표를 세웠다. 굿윌스토어에는 의류, 잡화, 생활용품, 도서, 소형 가전 등 품목을 매장 방문, 택배 또는 방문 수거 등 방식을 통해 기증할 수 있다.황동진 기자 radhwang@hankyung.com",https://www.hankyung.com/article/2025072486191,2025.07.24 15:45
소상공인 신용평가모형 개발,"중기중앙회·한전·KCB 공동추진
소상공인 218만명 신용 개선 효과","중소기업중앙회가 한국전력, 코리아크레딧뷰로(KCB)와 협업해 소상공인을 위한 맞춤형 신용평가모형을 개발했다고 9일 밝혔다. 기존 시스템에서는 상대적으로 사각지대에 놓여 있던 소상공인을 위해 금융지원을 한층 강화하겠다는 취지다.이날 세 단체는 서울 여의도 중기중앙회관에서 이 같은 내용을 담은 협약식을 열었다. 이들 단체는 지난해 8월 ‘소기업·소상공인 금융지원을 위한 신용평가체계 및 정책지표 개발’ 협약을 맺고 평가모형을 개발하기 위해 관련 자료를 취합·분석해 왔다.이번 평가모형은 재무 여건을 중심으로 신용을 평가한 기존 모형에서 벗어나 여러 요소를 고려했다는 게 차별점이다. 중기중앙회가 보유한 노란우산공제 가입 기간, 공제기금 부금액, 전기 사용량, 전기요금 납부 정보 등의 자료를 비롯해 한전이 보유한 대안 신용정보, KCB가 가진 사업자 신용정보를 결합해 소상공인의 신용 건전성을 평가하는 방식이다. 기존 모형보다 중저신용자 변별력을 높여 소상공인 약 218만 명의 신용등급이 개선되는 효과를 볼 수 있다는 게 핵심이다. 전체 소상공인의 36%에 달하는 규모다.김기문 중기중앙회장은 “최근 4대 시중은행의 ‘개인사업자 대출잔액’이 계속 줄어드는 상황인데 소상공인에게 금융권 문턱은 높고 이자 부담도 상당하다”며 “이번 평가모형은 소상공인의 이자 부담을 낮추는 데 크게 도움이 될 것으로 기대한다”고 말했다. 세 단체는 서로의 데이터를 공유하며 공동연구를 진행하는 등 다양한 협력사업을 추진할 계획이다.원종환 기자 won0403@hankyung.com",https://www.hankyung.com/article/2025070982491,2025.07.09 17:33
"[박대석 칼럼] AI 강국 코리아, '하드웨어' 넘어 '가치'를 창조할 때",한경닷컴 더 라이프이스트,"감마로 생성한 이미지

▲ 프롤로그: 익숙한 실수를 반복할 것인가TV 산업의 역사에서 우리는 중요한 교훈을 얻을 수 있다. 1980년대 일본의 소니, 파나소닉은 뛰어난 하드웨어 기술로 전 세계 TV 시장을 지배했다. 그들은 더 얇고, 더 선명하고, 더 큰 TV를 만들기 위해 끊임없이 기술을 발전시켰다. 하드웨어 자체의 완성도에 모든 것을 걸었다.그런데 1990년대 후반부터 상황이 바뀌기 시작했다. 삼성과 LG가 일본을 제치고 글로벌 TV 시장의 주도권을 잡았다. 한국 기업들의 승리 비결은 무엇이었을까? 단순히 더 좋은 하드웨어를 만들어서가 아니었다.핵심은 '무엇을 담을 것인가'였다. 한국은 TV라는 하드웨어와 함께 그 안에 담을 콘텐츠를 동시에 발전시켰다. '겨울연가', '대장금'으로 시작된 한류 드라마, 그리고 K-팝이 전 세계를 휩쓸면서 사람들이 한국 콘텐츠를 보기 위해 한국산 TV를 찾기 시작했다. 일본인들이 '겨울연가'를 보기 위해 삼성 TV를 구매했던 것이 대표적인 사례다.결국 TV 시장에서 승부를 가른 것은 하드웨어의 성능이 아니라, 그 하드웨어를 통해 제공되는 가치와 경험이었다. 일본은 여전히 기술에만 매몰되어 있는 동안, 한국은 기술과 콘텐츠의 시너지로 시장을 장악했다.지금 한국 정부가 추진하는 100조원 규모의 AI 투자를 보면서, 우리는 과거 일본이 TV 산업에서 보여준 패턴과 유사한 우려를 갖게 된다. AI라는 '하드웨어'에만 집중하고 있지는 않을까? 정작 그 AI로 무엇을 할 것인지, 어떤 가치를 창출할 것인지에 대한 고민은 충분할까?우리는 TV 산업에서 일본이 범한 실수를 반복할 것인가, 아니면 한국이 TV 시장에서 보여준 지혜를 AI 시대에 적용할 것인가.▲ AI 투자, '총론'은 옳으나 '각론'은 시급히 재정비해야 한다먼저 분명히 해야 할 점은, 한국 정부의 AI 투자 의지 그 자체는 전적으로 옳다. 글로벌 AI 시장은 2025년 747억 달러 규모에서 매년 20-36%의 폭발적인 성장을 거듭하고 있다. 이러한 흐름 속에서 한국이 AI 분야에 전략적으로 투자하지 않는다면, 미래 경쟁에서 영원히 추격자 신세를 면치 못할 것이다.실제로 2024년 미국의 민간 AI 투자는 1,091억 달러에 달했고, 중국 또한 93억 달러를 쏟아부었다. 한국의 100조 원(약 700억 달러) 투자는 글로벌 AI 경쟁에서 뒤처지지 않기 위한 최소한의 노력으로 볼 수 있다.더욱이 AI는 단순한 기술이 아니다. 증기기관이 산업혁명을, 인터넷이 정보혁명을 이끌었듯이, AI는 모든 산업을 근본적으로 변화시킬 '범용 기술(General Purpose Technology)'이다. 우리는 지금 제4차 산업혁명의 한가운데 있으며, 이러한 시대적 변곡점에서 정부가 AI에 대한 전략적 투자를 결정한 것은 매우 현명한 판단이다.그러나 문제는 '어디에' 투자할 것인가 하는 '각론'에 있다. 현재 계획된 투자를 살펴보면, GPU 확보에 7조 원, 국가 AI 데이터센터 건설에 15조 원 등 하드웨어 인프라 구축에만 50조 원 이상이 배정되어 있다. 반면 AI를 실제 산업과 생활에 적용할 특화 설루션 개발에는 20조 원 정도만이 할당되어 있다.이는 마치 1990년대 ""인터넷 강국이 되겠다""며 광케이블과 서버 구축에만 막대한 투자를 하고, 정작 네이버나 카카오와 같은 혁신적인 포털 서비스나 전자상거래 플랫폼 개발은 소홀히 하는 것과 다르지 않다. 인프라 강국을 넘어 '콘텐츠' 강국으로 도약해야 할 시점에 인프라에만 갇히는 우를 범하고 있는 셈이다.더욱 우려스러운 부분은 1조 245억 원이 투입되는 '모두의 AI' 프로젝트다. 정부는 5년간 독자적인 AI 모델을 개발하겠다고 하는데, 이는 이미 상향평준화가 상당히 진행된 시장에 뒤늦게 뛰어드는 측면이 있다.최근 몇 년간 AI 모델의 개발비용 대비 성능 효율성이 급격히 개선되었다. 중국의 DeepSeek, 프랑스의 Mistral, 메타의 Llama 등 뛰어난 오픈소스 모델들이 쏟아져 나오면서, 이제는 누구나 무료 또는 저렴한 비용으로 최고 수준의 AI 모델을 활용할 수 있게 되었다.물론 한국어 특화, 법률·의료 등 도메인 특화 기초 모델의 필요성은 여전히 존재한다. 그러나 막대한 예산을 범용 모델 개발에 집중하기보다는, 소규모 고효율 특화 모델 개발로 방향을 전환하는 것이 더 현실적이다. 진정한 경쟁력은 기술을 '어떻게 활용하느냐'에 달려 있다.▲ TV 산업의 교훈, 하드웨어보다 '콘텐츠'가 승부처였다




필자가 감마로 작성

                TV 산업 역사를 더 자세히 살펴보면 명확한 교훈을 얻을 수 있다. 1980년대 일본은 분명 하드웨어 기술의 선두주자였다. 소니, 파나소닉 등은 화질, 디자인, 내구성에서 세계 최고 수준이었다.하지만 1990년대 후반부터 시장 판도가 바뀌었다. 삼성과 LG가 급부상하면서 일본 기업들을 제쳤다. 한국 기업들이 갑자기 일본보다 훨씬 뛰어난 기술을 개발했기 때문일까? 그렇지 않다.결정적 차이는 '생태계 사고'였다. 일본 기업들이 TV 하드웨어 자체의 완성도에만 집중하는 동안, 한국은 TV를 통해 무엇을 보여줄 것인가까지 함께 고민했다.한국 드라마와 K-팝이 아시아를 넘어 전 세계로 확산되면서, 사람들은 한국 콘텐츠를 감상하기 위한 최적의 도구로 한국산 TV를 선택하기 시작했다. '겨울연가' 열풍 당시 일본에서 삼성 TV 판매량이 급증한 것이 대표적인 사례다.반면 일본은 여전히 더 얇고, 더 선명한 TV 만들기에만 몰두했다. 아무리 뛰어난 하드웨어를 만들어도, 정작 그 TV로 무엇을 볼 것인지에 대한 매력적인 답을 제시하지 못했다. 기술의 완성도는 높았지만, 소비자가 그 기술을 선택해야 하는 이유를 만들어내지 못한 것이다.결국 TV 시장에서 승부를 가른 것은 하드웨어와 콘텐츠의 시너지였다. 한국은 이 교훈을 통해 세계 TV 시장의 패권을 잡을 수 있었다.▲ 글로벌 AI 시장의 변화, '범용'에서 '특화'로실제로 글로벌 AI 시장에서는 가치 창출의 중심이 빠르게 이동하고 있다. 2024년 AI 기업 투자액 996억 달러 중 약 3분의 1만이 기초 모델 개발에 투입되었고, 나머지 3분의 2는 AI를 활용한 '응용 서비스' 개발에 집중되었다.더욱 주목할 점은 도메인 특화 AI 모델이 범용 모델보다 평균 52% 더 높은 성능을 보이고 있다는 사실이다. 의료 분야에서는 의료 특화 AI가, 법률 분야에서는 법률 특화 AI가 ChatGPT와 같은 범용 모델을 압도한다.한국의 포스코홀딩스가 개발한 이차전지 특화 RAG(검색 증강 생성) 시스템이 대표적인 예다. 이 시스템은 전 세계 이차전지 시장 뉴스를 실시간으로 분석하고 전문 용어까지 정확하게 처리하며, 범용 AI로는 구현하기 어려운 정밀도를 자랑한다.이것이 바로 한국이 나아가야 할 방향이다. 거대한 범용 모델을 개발하는 경쟁에 뛰어들기보다는, 한국이 이미 세계적인 경쟁력을 가진 분야에서 AI를 접목하여 '세계 최고 수준의 특화 AI 솔루션'을 만드는 것이다.▲ 한국 AI 응용 분야, 이젠 '선택과 집중'이 필요하다




필자 작성

                그렇다면 한국은 어디에 집중해야 할까. 2년 여동안 현장에서 AI를 다룬  전문가로서 다음과 같은 우선순위를 제시한다.1순위: 제조업 AI 특화한국 경제의 근간인 제조업에 AI를 융합하는 것이 가장 시급하다. 삼성전자와 SK하이닉스의 반도체 제조 공정, 현대자동차의 생산 시스템, 포스코의 철강 제조 기술은 이미 세계 최고 수준이다. 여기에 AI를 접목하면 글로벌 스마트 팩토리의 표준을 제시할 수 있다.특히 반도체 제조에서 AI를 활용한 수율 개선, 품질 예측, 공정 최적화는 즉시 수십조 원의 경제 효과를 창출할 수 있다. 삼성전자가 AI 기반 수율 관리 시스템으로 1%만 개선해도 연간 수조 원의 가치를 창출한다는 점은 그 잠재력을 명확히 보여준다.2순위: K-콘텐츠 AI 융합BTS, 블랙핑크, '오징어 게임'으로 입증된 한국의 문화 콘텐츠 경쟁력에 AI를 결합하면 새로운 차원의 한류를 창출할 수 있다. 개인 맞춤형 K-드라마 생성, 실시간 언어별 더빙, AI 기반 K-팝 작곡 등이 가능하며, 이는 글로벌 미디어 시장에서 한국의 압도적인 우위를 확보할 기회가 될 것이다.넷플릭스가 2021년부터 한국 콘텐츠에 지속적으로 대규모 투자하고 있는 것은 이러한 잠재력을 일찌감치 알아본 사례다.3순위: 바이오헬스 AI한국의 우수한 의료 시스템과 방대한 국민건강보험 데이터를 활용하면 아시아인 특화 의료 AI 개발에서 독보적인 위치를 선점할 수 있다. 서구 중심의 의료 AI 모델로는 한계가 있는 아시아인의 질병 패턴, 유전적 특성을 반영한 정밀 의료 솔루션은 글로벌 시장에서 높은 가치를 가질 것이다.4순위: AI 트레이딩봇 - 실익 창출이 빠른 특화 분야AI가 탁월한 성과를 보이는 분야 중 하나가 바로 금융 거래다. 감정에 휘둘리지 않고 데이터만을 기반으로 움직이는 AI는 24시간 최적의 거래 타이밍을 포착할 수 있다.현재 가상자산 2조 4,100억 달러, 전 세계 주식 124조 달러, 채권 140조 달러 등 총 266조 달러 규모의 금융 시장이 점진적으로 디지털화되고 있다. 미국에서는 이미 주요 기업 주식이 토큰화되어 24시간 거래되고 있으며, 한국 또한 제2증권거래소와 토큰증권(STO) 시대가 열리고 있다.다만 AI 트레이딩 시스템의 도입에는 리스크 관리, 백테스트 검증, 규제 준수 등이 선행되어야 하며, 특히 제도권 금융에서는 안정성과 투명성이 무엇보다 중요하다. 점진적이고 신중한 접근을 통해 이 분야의 잠재력을 실현해야 한다.5순위: 에듀테크 AI한국의 높은 교육열과 뛰어난 ICT 인프라를 바탕으로 개인화 교육 AI 개발이 가능하다. 특히 아시아권 교육 시장에서 한국형 교육 모델 확산은 매우 유망한 분야다.▲ AI 트레이딩봇과 금융 생태계의 혁신 기회




필자 작성

                AI 트레이딩봇이 주목받는 이유는 제조업 AI와 함께 실익 창출이 상대적으로 빠른 AI 응용 분야이기 때문이다. 제조업에서는 수율 개선과 불량률 감소로, 금융에서는 거래 최적화로 각각 즉시 성과를 낼 수 있다.문제는 현재 AI 트레이딩 분야가 스타트업 중심의 실험 단계에 머물러 있다는 점이다. 대부분의 AI 트레이딩 시스템들이 신뢰성 검증, 리스크 관리 체계, 규제 준수 등의 과제로 제도권 금융에서 활용되지 못하고 있다.여기서 한국의 기회가 나온다. 국민연금, 은행, 보험사 등이 참여할 수 있는 제도적 기반을 체계적으로 마련한다면, 안전하고 투명한 AI 트레이딩 생태계를 구축할 수 있다.국민연금 운용 자산 1,000조 원 중 일부만이라도 검증된 AI 시스템에 할당된다면, 상당한 시장이 형성될 것이다. 다만 이는 충분한 백테스트, 리스크 시나리오 분석, 투명한 거버넌스를 전제로 해야 한다.더욱 중요한 것은 법과 제도 변화에 따른 시장 확대 효과다. 토큰증권과 디지털 자산 제도가 정비되면 새로운 금융 생태계가 형성될 것이며, 이 과정에서 한국이 안전하고 혁신적인 디지털 금융 허브로 자리 잡을 수 있는 기회가 열린다.▲ AI, 과감한 정책 전환과 '제도적 혁신'이 열쇠다




필자 작성

                이제 한국 정부는 과감한 정책 전환을 통해 1980년대식 하드웨어 중심 사고에서 벗어나 21세기형 '가치 창출 중심' 전략으로 나아가야 한다.첫째, 예산 배분을 현실적으로 재조정해야 한다.1) 현재 계획된 100조 원을 다음과 같이 재배분할 것을 제안한다.O AI 인프라: 50조 원 → 20조 원 (클라우드 중심으로 효율화)O 제조업 AI 특화: 신규 31조 원 (삼성, 현대차, 포스코 등 선도 기업과 협력)O K-콘텐츠 AI: 신규 15조 원 (글로벌 플랫폼과 연계)O 바이오헬스 AI: 신규 10.5조 원 (의료 빅데이터 활용 및 정밀 의료 설루션 개발)O AI 트레이딩봇 생태계: 신규 1조 원 (제도적 기반 마련 및 규제 혁신)O 에듀테크 AI: 신규 10.5조 원 (개인화 교육 플랫폼 및 콘텐츠 개발)O AI 인재 양성: 12조 원 (산업별 융합 인재, AI 윤리 전문가, 실무형 개발자 등 체계적 육성)O 기초 모델 개발: 10조 원 → 3조 원 (한국어·의료·법률 등 특화 모델에 집중)특히 AI 트레이딩봇 분야는 대규모 예산보다는 제도 개선과 규제 혁신이 더 중요하다. 1조 원 정도의 투자로도 충분히 글로벌 경쟁력을 확보할 수 있으며, 핵심은 안전하고 투명한 거버넌스 체계 구축이다.2) AI 인재 양성의 구체적 방향O 산업별 융합 인재: 제조업+AI, 콘텐츠+AI, 의료+AI 등 도메인 전문성을 갖춘 인재O AI 윤리 전문가: AI 시스템의 공정성, 투명성, 책임성을 보장하는 전문가O 실무형 개발자: 실제 산업 현장에서 AI를 구현하고 운영할 수 있는 엔지니어3) 윤리·규제 체계와 국제 협력각 특화 분야별로 AI 윤리 가이드라인과 규제 샌드박스를 동시에 운영해야 한다. 특히 의료 AI, 트레이딩 AI, 교육 AI는 사회적 영향이 크므로 투명성, 설명가능성, 책임성을 보장하는 제도적 안전장치가 필수다.또한 미국, EU, 일본, 싱가포르 등과의 AI 공동 연구, 데이터 표준화, 윤리 기준 협력을 통해 고립되지 않는 개방적 생태계를 구축해야 한다.둘째, 우선순위에 따른 단계적 접근이 필요하다.O 1단계(2025-2026): 제조업 AI 집중 투자 - 즉시 수출 효과 창출 및 국내 산업 경쟁력 강화O 2단계(2027-2028): K-콘텐츠 AI 본격화 - 한류 4.0 시대 개막, 글로벌 미디어 시장 선점O 3단계(2029-2030): 바이오헬스 AI 글로벌 진출 - 아시아 의료 허브 구축, 인류 건강 증진O AI 트레이딩봇은 전 단계에 걸쳐 지속 추진 - 법제도 정비와 함께 점진적 확산셋째, 제도적 기반 마련이 핵심이다.특히 AI 트레이딩봇 분야에서는 제도권 금융의 참여 기반 마련이 필수적이다. 국민연금의 시범 운용, 은행의 자산 관리 서비스 도입, 보험사의 운용 포트폴리오 활용 등이 단계적으로 추진되어야 한다.또한 토큰증권 거래소 조기 개설, 디지털 자산 과세 체계 정비, AI 트레이딩 규제 샌드박스 확대 등 과감한 제도 개선이 뒷받침되어야 글로벌 경쟁력을 확보할 수 있다.▲ 성공 사례에서 배우는 '선택과 집중'의 지혜싱가포르와 이스라엘은 작은 국가임에도 불구하고 AI 분야에서 글로벌 선도국이 되었다. 싱가포르는 '스마트 네이션' 전략을 통해 도시국가의 특성을 살려 스마트시티 AI에 집중했고, 핀테크 분야에서는 과감한 규제 샌드박스를 도입하며 혁신을 허용했다. 이스라엘은 군사 기술의 민간 전환에 집중하여 사이버보안 AI 분야의 강국이 되었다.이 두 나라의 공통점은 자신만의 독특한 강점을 AI와 결합했다는 것이다. 범용 기술에서 미국과 중국을 무작정 따라잡으려 하지 않고, 자신들이 세계 최고인 분야에서 AI 혁신을 일으켰다. 이것이 바로 우리가 배워야 할 지혜다.▲ 시간은 우리 편이 아니다. 지금 당장 방향을 바꿔야 한다AI 기술 발전의 속도는 상상을 초월한다. 2024년 한 해 동안만 해도 ChatGPT, Claude, Gemini 등이 연이어 업그레이드되며 성능이 비약적으로 향상되었다. 이러한 상황에서 한국이 5년 후에 독자적인 기초 모델을 완성한다고 해서 과연 경쟁력이 있을까. 그때까지 기다릴 시간적 여유가 있을까.답은 명확하다. 지금 당장 방향을 바꿔야 한다. 하드웨어가 아닌 '가치'와 '콘텐츠'로, 범용이 아닌 '특화'로, 모방이 아닌 '혁신'으로 전환해야 한다.▲ 에필로그: 2030년, AI 강국 코리아의 위대한 전환




필자가 감마로 AI와 함께 춤추는 K-콘텐츠를 연상케하는 이미지 생성

                올바른 전략을 택한다면 2030년 한국의 모습은 극적으로 변화할 것이다. 전 세계 제조업체들은 한국산 스마트 팩토리 AI 솔루션을 도입하여 생산성을 혁신하고 있을 것이다. 글로벌 팬들은 자신만을 위한 K-드라마와 K-팝을 AI가 맞춤형으로 만들어주는 서비스를 열광적으로 즐기고 있을 것이다.아시아 각국의 병원에서는 한국이 개발한 정밀 의료 AI로 환자들을 치료하며 삶의 질을 높일 것이다. 그리고 전 세계 투자자들은 한국 금융기관이 운용하는 AI 트레이딩 시스템을 통해 디지털 자산에 안전하게 투자하며, 한국은 제조업 강국, 문화 강국을 넘어 디지털 금융 허브로도 인정받고 있을 것이다.한국은 AI 하드웨어 제조국이 아닌, AI 응용 솔루션의 글로벌 선도국이 되어 있을 것이다. 마치 한국이 TV 하드웨어뿐만 아니라 K-드라마라는 콘텐츠로도 세계를 정복했듯이 말이다. 우리는 지금 그 위대한 선택의 기로에 서 있다. 과거 일본처럼 하드웨어 기술에만 안주할 것인가, 아니면 한국이 TV 산업에서 보여준 것처럼 기술과 콘텐츠를 결합한 혁신적 전환을 시작할 것인가.역사는 이미 정답을 제시했다. 콘텐츠가 하드웨어를 이기고, 혁신이 모방을 앞선다는 것을. 이제 그 교훈을 AI 시대에 적용할 때다. 우리는 할 수 있다.<한경닷컴 The Lifeist> 박대석""외부 필진의 기고 내용은 본지의 편집 방향과 다를 수 있습니다.""독자 문의 : thepen@hankyung.com",https://www.hankyung.com/thepen/lifeist/article/202506296115Q,2025.07.09 17:27
대출 수익성 악화에…4대 금융 실적 꺾였다,"1년 반 만에 순이익 후퇴

2분기 순익 5조 전망…2% 줄어
이자수익 감소 추세 본격화
""양적 성장보다 내실 다지기 집중""

24·25일 릴레이 실적 발표","KB 신한 하나 우리 등 4대 금융지주의 올해 2분기 합산 순이익이 전년 동기 대비 감소한 것으로 파악됐다. 금융지주의 실적이 전년 동기 대비 감소한 것은 홍콩 H지수 주가연계증권(ELS) 배상으로 1조원 넘는 일회성 비용이 발생한 2024년 1분기를 제외하면 1년 반 만에 처음이다. 금융회사의 핵심 수익원인 이자수익이 줄줄이 감소한 결과다. 금융지주의 핵심 자회사인 은행들이 가계대출 억제 정책과 경기 침체로 대출 자산을 확대하기 어려운 만큼 향후 금융지주의 실적 감소세가 본격화할 것이란 관측이 제기된다.
                    






이미지 크게보기



                15일 금융정보업체 에프앤가이드에 따르면 4대 금융지주의 지난 2분기 순이익 추정치는 총 5조80억원이다. 작년 2분기(5조1241억원)와 비교해 1161억원(2.3%) 줄어든 규모다.4대 금융지주의 분기 단위 순이익이 전년 동기 대비 감소한 것은 작년 1분기(-6910억원) 이후 처음이다. 작년 1분기엔 4대 시중은행(국민·신한·하나·우리)이 홍콩 H지수 ELS 배상을 위해 총 1조3174억원을 일회성 비용인 충당부채로 적립한 영향으로 금융지주 실적이 줄었다. 홍콩 ELS 배상이라는 일회성 비용을 제외하면 4대 금융지주의 합산 순이익이 전년 동기 대비 감소한 것은 2023년 4분기(-3458억원) 이후 1년6개월 만에 처음이다.2분기엔 별다른 일회성 비용이 발생하지 않았는데도 실적이 줄어든 것으로 추정되는 것은 이자수익 감소세가 본격화했기 때문이다. 에프앤가이드에 따르면 KB금융의 이자수익은 작년 2분기 7조6116억원에서 올 2분기 7조5600억원으로 516억원(0.7%) 감소한 것으로 추정된다. 같은 기간 하나금융의 이자수익도 6조36억원에서 5조7800억원으로 4.7% 줄어들고, 우리금융은 5조4184억원에서 5조3620억원으로 1% 축소됐을 것으로 추산된다. 신한금융의 이자수익 추정치는 집계되지 않았다.업계에서는 올해 2분기를 시작으로 금융지주의 분기별 실적이 본격적인 감소세에 접어들 것이란 전망이 많다. 기준금리 인하로 핵심 수익성 지표인 순이자마진(NIM)이 하락하는 가운데 정부가 강력한 가계대출 억제 정책을 펼치고 있어 대출을 늘리기 어렵기 때문이다. 정부는 지난달 27일 발표한 ‘가계부채 관리 방안’(6·27 부동산 대책)을 통해 올 하반기부터 가계대출 증가량 목표치를 당초 계획 대비 50% 수준으로 줄이겠다고 밝혔다.한 금융지주 여신 담당 임원은 “금융지주들이 모두 공격적인 기업가치 제고(밸류업) 계획을 내놓은 가운데 경기 침체가 심화하고 있어 밸류업에 불리한 기업대출을 확대하기가 쉽지 않은 노릇”이라며 “양적 성장보다 내실을 다지는 방향으로 나아갈 것”이라고 말했다.4대 금융지주는 오는 24일 KB금융이, 25일 신한·하나·우리금융이 2분기 실적을 발표한다. 상반기 기준으로는 작년 실적을 끌어내린 홍콩 H지수 ELS 배상과 관련한 기저효과로 올해 실적이 전년 대비 개선됐을 것으로 추정된다.정의진 기자 justjin@hankyung.com",https://www.hankyung.com/article/2025071501731,2025.07.15 17:39
"김건희특검에 금융당국 수사 확대 의견서…""산은 등 수사해야""",,"민주 김현정 의원, 특검 방문해 의견서 제출…'늑장대응' 의혹 주장""금융당국, '감시 실패'가 아니라 의도적으로 기능 멈췄나 규명해야""





                김건희 여사의 각종 의혹을 수사하는 민중기 특별검사팀이 삼부토건 주가조작 사건 등과 관련해 금융당국에 대한 수사가 필요하다는 의견서를 받고 검토에 나섰다.17일 더불어민주당 김현정 의원실에 따르면 김 의원은 최근 KT광화문빌딩 웨스트에 마련된 민중기 특검 사무실에 방문해 '삼부토건 주가조작 의혹 특검 수사 확대 요구 의견서'를 전달했다.김 의원은 의견서를 통해 ""삼부토건과 DYD, 웰바이오텍 등 일련의 주가조작 사건은 기업사냥꾼의 시세 조작을 넘어 정권 실세의 사익 추구를 위해 금융감시기구와 공공금융기관이 동원됐거나 이들이 제 기능을 하지 않은 전대미문의 권력형 금융범죄일 수 있다""고 주장했다.앞서 조국혁신당 신장식 의원도 특검팀 사무실을 찾아 삼부토건 주가조작 의혹에 늑장 대응했다고 지적받는 금융당국에 대한 수사를 촉구하는 의견서를 제출한 바 있다.특히 김 의원은 일명 '집사 게이트'와 관련해 한국증권금융과 한국산업은행에 대한 수사가 필요하다고 강조했다.집사 게이트는 김 여사의 집사로 알려진 김예성씨가 설립에 참여하고 지분까지 가진 렌터카 업체 IMS모빌리티가 2023년 카카오모빌리티 등으로부터 184억원을 투자받고, 이 가운데 차명회사를 통해 46억원어치의 지분을 매각해 수익을 챙겼다는 의혹이다.김 의원은 의견서에 한국증권금융이 ▲ 2015년 두 차례에 걸쳐 85억원 상당의 IMS모빌리티 사모사채를 인수 ▲ 2019년 97억원과 187억원 규모의 사모사채를 각각 인수 ▲ 2023년 오아시스에쿼티파트너스가 조성한 IMS모빌리티 투자 펀드에 50억원 투자 등 사례를 담았다.산업은행에 대해서도 ▲ 2017년 11월 IMS모빌리티가 발행한 전환상환우선주를 매입해 지분투자 ▲ 2019년 복합대출상품을 통해 3년 만기 일반대출 24억원과 신주인수권부사채(BW) 5억원 등 29억원의 자금 지원 등 사례를 담았다.김 의원은 이 같은 거래를 두고 ""이는 단순한 자본거래가 아니라 공공금융기관이 제도적 외피를 제공한 것""이라며 ""한국거래소와 금융당국은 감시를 못 한 것이 아니라 의도적으로 기능을 멈췄다는 의혹이 있다.이는 특검이 규명해야 할 문제""라고 주장했다.특검팀은 김 의원이 제출한 의견서를 전달받아 '잘 살펴보겠다'는 취지로 답했다고 한다.특검팀은 이날 윤창호 전 한국증권금융 사장을 불러 IMS모빌리티에 투자한 경위 등을 조사 중이다.김 의원과 신 의원 외에도 국회 정무위원회 소속 민주당 의원들은 지난 3월 금융감독원이 금융위원회나 검찰 등에 사건을 신속히 보내지 않는다며 항의 방문한 바 있다.검찰과 금감원으로부터 삼부토건 관련 기록을 모두 넘겨받은 특검팀도 한국거래소의 이상거래 심리가 1년 넘게 지연된 배경과 경위를 주목하는 것으로 알려졌다./연합뉴스",https://www.hankyung.com/article/202507175138Y,2025.07.17 16:18
기업 실적 호조에 S&P500·나스닥 또 사상 최고치 경신,"채권 수익률 안정세 속 낙관론 확산 
금주 알파벳, 테슬라 실적 발표 예정","사진=AFP

                미국 기업들의 실적 호조 속에 뉴욕증시는 21일(현지시간) 또 다시 S&P500과 나스닥 종합 지수가 사상 최고치로 한주를 시작했다. 미국 동부시간으로 오전 10시 10분에 S&P500은 0.4% 올라 6,300포인트를 넘어섰다. 나스닥 종합은 0.7% 상승했다. 다우존스 산업 평균도 0.2% 올랐다. 트럼프 대통령의 파월 해임 임박 보도와 잇따른 트럼프 대통령의 부인으로 지난 주 한 때 장기국채가 5%를 넘으며 출렁거렸던 미국채 시장도 안정세를 보였다. 10년물 국채 수익률은 6베이시스포인트(1bp=0.01%) 하락한 4.36%를, 2년물 국채 수익률은 2bp 하락해 3.85%를 기록했다. 블룸버그 달러 현물 지수는 0.3% 하락했다. 일본 총리가 선거 패배에도 계속 행정부를 이끌겠다고 밝히면서 엔화는 달러에 대해 0.8% 오른 147.63엔을 기록했다. 지난 주 실적 시즌을 시작한 대형 은행들의 예상외 실적 호조가 관세 위험속에서도 뉴욕 증시에  낙관론을 확산시켰다. S&P 500은 0.6%, 나스닥은 1.5% 상승하며 지난 주 둘 다 사상 최고치를 경신했다. 다우 지수는 소폭 하락 마감했다. 팩트셋 데이터에 따르면, 현재까지 실적을 발표한 S&P 500 기업 62개 중 85% 이상이 예상치를 상회했다. 뱅크 오브 아메리카(BofA)는 지난 한주간 발표된 기업들의 2분기 실적은 전년 대비 5% 성장세를 기록했다고 밝혔다.  금주에 알파벳과 테슬라가 예상을 넘는 실적을 발표할 경우 시장의 상승세가 이어질 수 있을 전망이다. 매그니피센트7로 불리는 시가총액 상위 대기업들은 2분기 실적 발표 시즌 동안에도 수익 성장을 주도할 것으로 예상된다. 팩트셋의 분석가 존 버터스는 매그니피센트7 기업이 2분기에 14%의 이익 성장을 기록할 것으로 예상했다. 반면 S&P500에 속하는 나머지 493개 기업은 3.4% 성장에 그칠 것으로 추산했다. 트럼프 행정부의 스콧 베센트 재무장관과 하워드 러트닉 상무장관이 8월 1일부터 발효되는 국별 관세 시행을 앞두고 무역 협상에 대해 언급하면서 무역 협상도 시장의 관심사로 떠오르고 있다.  하워드 러트닉 상무장관이 “8월 1일 마감일을 강조하면서도 그 이후에도 각국이 우리와 대화하겠다면 막을 순 없다”고 말한데 이어 스콧 베센트 재무장관도 “협상 시기보다 중요한 것은 협상의 품질”이라고 강조했다.이번 주 유럽연합(EU) 등 미국의 주요 무역 상대국들이 미국과의 협상에 피치를 올리는 것으로 알려진 가운데 트럼프 대통령은 몇 가지 대형 무역 거래 발표가 가까워지고 있다고 말했다 . 김정아 객원기자 kja@hankyung.com",https://www.hankyung.com/article/202507212969i,2025.07.21 23:16
,,,https://magazine.hankyung.com/business/article/202507162841b,
이재명 정부 공급대책 3기 신도시 주목…유휴부지 활용도,정부 후속 공급대책서 추진 관측,"경기 남양주시 3기 신도시 남양주왕숙 부지 전경. 사진=임형택 기자

                이재명 대통령이 3기 신도시 개발 속도를 높이겠다는 의지를 밝히면서 군부대 이전과 용적률 상향 등 작업에도 속도가 붙을 전망이다.7일 관련 업계에 따르면 이재명 정부는 향후 발표할 부동산 공급대책에 3기 신도시의 신속한 추진 방안을 담을 것으로 예상된다. 3기 신도시는 문재인 정부 시절 발표한 32만8000가구 규모 주택 공급 계획이다. △남양주왕숙(7만5000가구) △하남교산(3만7000가구) △고양창릉(3만8000가구) △부천대장(1만9000가구) △인천계양(1만7000가구) 등 주요 지구가 지난해 착공을 들어갔다.이 외에도 △광명시흥(7만 가구) △의왕·군포·안산(4만1000가구) △화성진안(2만9000가구)등이 개발 예정지에 포함돼 있다. 하지만 일부 사업은 토지 수용 지연과 공사비 상승 여파에 속도를 내지 못하고 있다. 일각에서는 3기 신도시 전체 물량의 절반 이상이 2030년 이후에야 본격 공급될 것이란 관측도 제기된다.국토교통부는 신속한 사업 추진을 위해 군부대와 공장 등의 이전 속도를 높이는 방안을 준비 중인 것으로 전해졌다. 또 공사비 부담을 완화하기 위한 용적률 상향도 논의될 것으로 보인다. 함영진 우리은행 부동산리서치랩장은 ""3기 신도시를 기존보다 고밀개발하고, 상업지역 등을 주거용으로 바꾸거나 하는 방안이 나올 수 있다""며 ""용적률을 높이는 대신 기부 채납 등 공공기여를 늘리는 방식으로 공공성을 확보할 수 있다""고 설명했다.공급 대책의 일환으로 도심 내 유휴부지 활용 방안도 거론된다. 공공기관이나 기업이 보유한 청사·사무실의 유휴부지에 주거·업무시설을 고밀 복합개발하는 방식이 검토될 것으로 보인다. 도심 내 빗물펌프장, 철도유휴부지 등도 활용 가능한 공급 부지로 꼽힌다. 실제로 서울시는 공영주차장이나 차고지 등 소규모 유휴 공간을 임대주택 등으로 개발하는 시범사업을 진행 중이다.문재인 정부 시절에도 군부지, 기관 이전부지, 공공기관 유휴부지 등 국공유지를 신규 택지로 삼는 계획을 내놓은 바 있다. 태릉CC, 용산캠프킴, 과천 정부청사 주변 정부 인근, 서초구 서울지방조달청과 국립외교원 등이 대표적이지만, 지역 주민과 지방자치단체 등의 반발에 실제 개발이 본격화된 사례는 드물다.업계 관계자는 ""공사비 상승으로 인한 사업 차질을 최소화하기 위해 3기 신도시에 행정적·금융적 지원과 용적률 상향 등의 조치가 필요하다""며 ""유휴부지의 경우 강한 민원이 발생할 수 있고 관련 제도와의 충돌도 우려되기에 신중하게 접근해야 한다""고 말했다.오세성 한경닷컴 기자 sesung@hankyung.com",https://www.hankyung.com/article/2025070714496,2025.07.07 07:50
"기업은행, '더 아트프라자' 신진 작가 판로 열어…노후 공장을 예술공간으로 재탄생시키기도",,"김성태 기업은행장(오른쪽)이 ‘IBK 예술路(로) 2호 개막식’에서 손뼉을 치고 있다.  기업은행 제공

                기업은행(은행장 김성태)은 문화예술을 매개로 지역사회와 산업단지, 문화 소외계층을 아우르며 ‘기업 시민’으로서 사회적 책임을 실천하고 있다. 신진 작가 발굴, 산업단지 환경 개선, 다문화·소외계층 지원 등 다양한 메세나 사업을 통해 문화예술 저변을 넓히고 사회적 가치를 확산하며 대표 메세나 기관으로 자리 잡았다.대표 프로그램인 ‘더 아트프라자: 워키토키 by IBK’는 지난해 11월 서울 을지로 일대에서 세 번째 축제를 열었다. 입장료, 참가비, 수수료가 없는 ‘3무(無)’ 시각예술 축제로, 신진 작가의 창작과 판로 개척을 돕고 지역 상권에도 활기를 불어넣는 행사로 자리매김했다. 작품 수익금 전액은 작가에게 돌아갔고, 아티스트 토크와 멘토링, 전문 도슨트, 을지로 갤러리 연계 전시도 함께 열렸다. 또 소상공인이 참여하는 ‘TAP(탭) 마켓’과 문화강연, 공연, 체험 행사도 마련돼 시민 참여를 이끌었다. IBK 카드 고객에게는 작품 구매 시 무이자 할부 및 할인 혜택을 제공했다. 기부 캠페인 ‘TAP your HEART(탭 유어 하트)’도 병행해 의미를 더했다. 오는 10월에는 전시와 작가 프로그램을 확대하고 명사 강연 등을 추가해 더욱 풍성한 축제로 돌아올 예정이다.‘IBK 예술路(로)’ 프로젝트는 산업단지의 노후 공장을 예술 공간으로 재탄생시켜 근로자와 방문객이 문화를 즐길 수 있도록 돕는 사업이다. 지난해에는 경기 반월국가산업단지 내 피혁 제조업체 외벽에 생동감 있는 벽화를 조성하고 유휴 공간을 아트 라운지로 꾸며 근로자 휴식 공간으로 활용했다. 올해는 대구 성서산단으로 확대할 계획이다.문화 소외계층을 위한 사업도 활발하다. 지난 2월 충북 충주연수원에서 열린 ‘IBK 모두다 아트캠프 2025’에는 다문화 및 저소득층 아동 150여 명이 참여해 협동 프로그램과 미술 체험, 공연 등을 함께하며 문화 교류의 시간을 가졌다. 겨울방학 돌봄 공백 해소와 문화 접근성 확대를 목표로 열린 이 행사는 8월 여름편 캠프로 개최될 예정이다.발달장애인 작가 자립을 위한 ‘IBK 드림윙즈’ 프로젝트도 꾸준히 추진 중이다. 지난해 수도권과 지방에서 선발된 15명의 작가가 회화와 도예 작품 80여 점을 선보였다. 일부는 취업과 해외 전시 도전 등 실질적인 성과를 거뒀다. 올해는 참여 작가를 늘리고 광주 지역을 추가했다. 본점 외 지방 전시와 개인 홍보 영상 제작 등 지원을 강화했다.이 밖에 5월에는 다문화 가족 600명을 초청해 ‘IBK 모두다 가족콘서트’를 열어 팝페라, 국악, 아카펠라 등 다양한 무대를 선보였다. 지난달부터는 다문화 초등학생이 많은 학교를 찾아가는 ‘스쿨콘서트’를 전국 5개 지역에서 진행 중이다. 9월 12일에는 경기 안산 선부광장에서 대형 야외 음악 축제 ‘파크 콘서트’를 열 예정이다. 기업은행 관계자는 “문화예술이라는 매개를 통해 다양한 계층과 지역에 IBK만의 사회적 가치를 확산하고, 모두가 함께 즐길 수 있는 메세나 사업을 꾸준히 발굴·실천하겠다”고 밝혔다.조미현 기자 mwise@hankyung.com",https://www.hankyung.com/article/2025072486021,2025.07.24 15:57
최대 100조 '첨단산업기금 법안' 정무위 통과,"반도체·2차전지 집중지원 길 열려
산은 자본금 한도 45兆로 증액","산업은행이 최대 100조원 규모의 ‘첨단전략산업기금’을 조성해 반도체·2차전지 등 국가전략산업을 집중 지원하도록 하는 법안이 21일 국회 정무위원회 소위원회를 통과했다. 산은의 수권 자본금(법적으로 증자할 수 있는 자본금 한도)을 기존 30조원에서 45조원으로 올리는 법안도 함께 문턱을 넘었다. 이들 법안이 이달 본회의를 통과하면 전략 업종 기업에 대한 국가 차원의 집중 지원이 가능해진다.▶본지 7월 19일자 A1, 4면 참조이날 국회 정무위는 법안심사제1소위를 열고 이 같은 내용을 골자로 하는 산업은행법 개정안을 여야 합의로 통과시켰다. 이 중 첨단전략산업기금 조성 법안은 지난 3월 정무위 여야 간사(강민국 국민의힘·강준현 더불어민주당 의원)가 공동 발의한 것으로, 산은에 기금을 설치해 반도체·2차전지·바이오·인공지능(AI)·로봇·방위산업 등 전략 업종 기업을 지원하도록 하는 내용이 담겼다. 산은은 저리 대출과 지분 투자, 수출 시 금융 지원 패키지 제공 등으로 해당 기업을 지원할 수 있다. 소위 의결안에는 ‘핵심 광물 공급 기업 등 필요한 기업에 폭넓게 지원하도록 하되 수출입은행이 운용하는 공급망안정화기금 등과 중복돼 비효율적으로 운영되지 않도록 관리한다’는 부대 의견도 반영됐다. 정무위 야당 간사인 강민국 의원은 “2차전지, 반도체 등 산업에서 국내 광물 수요의 약 95%를 수입에 의존하고 있는 만큼 주요 원재료를 첨단전략산업기업에 공급하는 기업도 실질 지원하자는 취지”라고 설명했다.산은의 수권 자본금을 45조원으로 증액하는 법안(박상현 민주당 의원안)도 통과됐다. 올해 산은의 법정 자본금이 법정 한도(30조원)를 채우면서 정책 금융 지원에 걸림돌이 되지 않도록 한도를 올려줘야 한다는 데 여야가 공감대를 이뤘다. 이에 따라 산은이 첨단전략산업기금을 운용하는 데도 숨통이 트일 전망이다.정소람 기자 ram@hankyung.com",https://www.hankyung.com/article/2025072126591,2025.07.21 17:50
"비트코인, 11만달러 재돌파…상승 랠리 계속될까","암호화폐 A to Z

기관들 자금 유입 지속
연말 20만弗 달성 전망도

미국發 고율관세 등
경제 불확실성은 변수","비트코인이 올해 하반기 상승세를 탈지에 시장의 관심이 쏠리고 있다. 비트코인 투자를 늘리는 기업이 잇따르는 가운데 미국의 관세 협상, 미국 중앙은행(Fed)의 금리 인하 여부가 변수로 작용할 것이란 전망이 나온다.6일 코인마켓캡에 따르면 비트코인은 지난 4일 전일 대비 1.54% 상승한 10만9595달러에 거래됐다. 비트코인은 전날 장중 한때 11만달러를 돌파하며 하반기 랠리에 대한 기대감을 키웠다. 글로벌 투자은행 스탠다드차타드(SC)는 보고서를 통해 “비트코인 비축 기업 증가와 강력한 현물 상장지수펀드(ETF) 유입세가 이어지고 있다”며 “올해 3분기 말에는 13만5000달러, 연말에는 20만달러에 도달할 것”이라고 내다봤다.올해 상반기 비트코인 투자에 나선 기업은 급증했다. 기존 스트래티지, 메타플래닛 외에 게임스톱, 프로캡BTC, 아메리칸비트코인 등 21개 기업이 행렬에 동참했다. 이 밖에도 47개 기업이 향후 비트코인을 사들이겠다고 밝혔다.비트코인 현물 ETF로 순유입도 이어졌다. 지난달 비트코인 현물 ETF에는 46억달러(약 6조3000억원)가 순유입되며 3개월 연속 대규모 월간 순유입 기록을 써냈다.다만 거시 경제적 불확실성이 커지는 것은 부정적 요인이다. 도널드 트럼프 미국 행정부는 오는 8일을 상호관세 협상의 최종 마감일로 선언했다. 트럼프 미국 대통령은 협상을 서두르지 않으면 상호관세율을 일방 통보하겠다며 강경한 태도를 보이고 있다. 협상이 제대로 이뤄지지 않아 높은 상호관세율이 부과되면 Fed의 기준금리 인하도 늦어질 것으로 전망된다. 관세가 미국 물가를 자극할 수 있기 때문이다. 시카고상품거래소(CME) 페드워치에 따르면 Fed가 30일 열리는 연방공개시장위원회(FOMC) 회의에서 기준금리를 동결할 확률은 94.8%다.진욱 블루밍비트 기자 wook9629@bloomingbit.io",https://www.hankyung.com/article/2025070609561,2025.07.06 17:17
"'기업은행' 52주 신고가 경신, 배당주로서의 매력 유효하며 적극적인 의사결정도 중요 - BNK투자증권, 매수",,"◆ 최근 애널리스트 분석의견- 배당주로서의 매력 유효하며 적극적인 의사결정도 중요 - BNK투자증권, 매수07월 03일 BNK투자증권의 김인 애널리스트는 기업은행에 대해 ""정부 출자기관 배당성향 40% 확대 목표에 대한 기대감은 축소 중이나 별도 기준 35% 제시. 다만 은행 전체적으로 주주환원이 빠르게 확대되는 상황에서 기재부와의 협의에 따른 의사결정이 느리다는 점(분기균등 vs 반기배당, 세부적 배당 목표, 자회사 이익 강화 목적의 개별 아닌 연결이익 기준 채택 등)은 투자자에게 부담. 최근 배당소득 분리과세(배당성향 35%) 수혜 가능성 존재한다는 점에서 적극적 의사결정이 자사주 매입 및 소각 부재의 단점을 극복하고 차별화될 수 있는 주주환원이 가능하다고 판단""이라고 분석하며, 투자의견 '매수', 목표주가 '22,000원'을 제시했다.한경로보뉴스이 기사는 한국경제신문과 금융 AI 전문기업 씽크풀이 공동 개발한 기사 자동생성 알고리즘에 의해 실시간으로 작성된 것입니다.",https://www.hankyung.com/article/202507071780L,2025.07.07 09:29
크레오에스지 수주공시 - 나라사랑카드 3기 금융사업자 선정에 따른 금융업무 대응 개발용약 계약 31억원 (매출액대비  37.94 %),,"07월 22일 크레오에스지(040350)는 수주공시를 발표했다.◆크레오에스지 수주공시 개요- 나라사랑카드 3기 금융사업자 선정에 따른 금융업무 대응 개발용약 계약 31억원 (매출액대비  37.94 %)크레오에스지(040350)는 나라사랑카드 3기 금융사업자 선정에 따른 금융업무 대응 개발용약 계약에 관한 단일판매ㆍ공급계약체결              을 22일에 공시했다.계약 상대방은 (주)하나은행이고, 계약금액은 31억원 규모로 최근 크레오에스지 매출액 81.6억원 대비 약  37.94 % 수준이다. 이번 계약의 기간은 2025년 07월 21일 부터 2026년 03월 20일까지로 약 7개월이다.한편 이번 계약수주는 2025년 07월 21일에 체결된 것으로 보고되었다.
                    



차트

                한편, 오늘 분석한 큐로컴은 금융IT서비스 및 컴퓨터 주변기기 제조/판매업체로 알려져 있다.한경로보뉴스이 기사는 한국경제신문과 금융 AI 전문기업 씽크풀이 공동 개발한 기사 자동생성 알고리즘에 의해 실시간으로 작성된 것입니다.",https://www.hankyung.com/article/202507223822L,2025.07.22 10:15
"KB금융, 포용적 사회 실현 위한 따뜻한 금융으로","2025년 상반기 총 1조 5,871억원의 사회적 가치 창출

■ 소상공인 지원, 청년 일자리 지원, 저출생 해소, 미래세대 육성 등에 앞장서

■ 사회공헌 활동의 핵심 영역에서 2025년 2분기 8,023억원의 사회적 가치 기여","KB금융그룹(회장 양종희)이 소상공인 지원, 저출생 해소, 청년 일자리 지원 등 다양한 사회공헌 활동을 통해 2025년 2분기 총 8,023억원의 사회적 가치를 창출했다. KB금융이 2025년 상반기까지 창출한 사회적 가치는 지난 1분기 7,848억원을 포함하여 총 1조 5,871억원에 달한다.KB금융은 2025년 2분기 금융취약계층을 위한 저금리 대출·금리우대 등 포용금융, 산불수해 피해복구 지원, 저출생 극복 지원 등 지역사회 돌봄 활동을 통해 2,927억원의 사회적 가치를 실현했다. 더불어, 소상공인자영업자 경영부담 완화, 스타트업 등 중소기업 및 벤처기업 성장 지원, 청년 일자리 창출 등 공존·동반성장 활동으로 5,096억원의 사회적 가치를 만들어 냈다.세부적으로는 금융취약계층의 경제적 자립을 지원하는 대출금리우대와 ‘저출생’ 극복을 위한 ‘KB 다둥이·신혼부부 전세자금대출’, ‘KB아이사랑적금’ 등 다양한 저출생 관련 금융상품 등이 사회적 가치 창출에 기여했다. 아울러 ‘소상공인 금융비용 완화 및 보증재원 출연’ 등 ‘포용금융’ 확대와 ‘청년 일자리 지원’ 프로그램 운영도 사회적 가치 창출을 이끌었다.KB금융은 매년 금융·비금융 부문에서 ESG 경영활동이 ‘환경’과 ‘사회’에 미치는 영향을 화폐 가치로 산출하여 ‘사회적 가치 성과 보고서’를 발간하고 있다. 또한, 고객, 주주·투자자, 지역사회 등 다양한 이해관계자들과 소통하기 위해 매 분기별로 사회적 가치 성과를 공개하고 있다.KB금융의 사회적 가치는 사회공헌 활동에서 발생하는 가치인 ‘비금융 부문’과 금융업 본연의 역량을 활용하여 금융상품·서비스에서 창출하는 가치인 ‘금융 부문’을 모두 포함하고 있다.KB금융은 ‘사회적 가치 측정 5대 원칙’을 기반으로 공신력 있는 연구기관의 기준값과 검증 가능한 방법론을 적용해 사회적 가치 성과를 측정하고 있다. 특히, 비금융 부문에서는 소상공인자영업자 경영지원, 청년 일자리 등 자립지원, 서민과 취약계층 생활 지원, 금융소비자 보호 등 삶의 가장 가까운 곳에서 필요한 가치들을 포괄하여 성과를 산출한다.KB금융 관계자는 “따뜻한 금융으로 국민과 함께 성장하며 더 나은 세상을 만들어 가기 위해 KB금융은 앞으로도 기업의 사회적 책임을 다하며 더 많은 사회적 가치를 창출하기 위해 최선을 다할 것”이라고 말했다.한편, 지난 2일 KB금융의 주요 계열사인 KB국민은행은 포용금융 강화를 위해 사회공헌사업과 포용금융을 전담하는 조직인 ‘포용금융부’를 신설하고, 금융소외계층을 위한 맞춤형 상품 및 서비스 개발, 금융취약계층 접근성 제고, 지역경제 활성화 등을 중점 추진하고 있다. 또한, KB금융은 지난 18일, 전국적인 집중호우로 인해 피해를 입은 지역 복구와 이재민의 일상 회복을 위해 20억원의 성금을 기부하고 다양한 긴급 지원 활동을 펼치고 있다.",https://www.hankyung.com/article/202507248672P,2025.07.24 09:30
"사라진 관세 걱정…JPM ""끓는 물 개구리 될라"" [김현석의 월스트리트나우]",,"영상 모듈 닫기









                일본과 딜에 이어 유럽연합(EU)과의 협상도 타결이 가깝다는 뉴스가 나오면서 뉴욕 증시는 랠리 했습니다. S&P500 지수와 나스닥은 또 사상 최고치 기록을 세웠습니다. 장 마감 뒤 알파벳은 어닝서프라이즈와 함께 AI 투자를 100억 달러 더 늘리겠다고 발표했습니다. AI에 대한 강하고 증가하는 수요가 있다는 겁니다. 1. 일본과 깜짝 딜…자동차 관세 15%트럼프 대통령은 어젯밤 일본과의 무역 합의를 발표했습니다. 필리핀과의 딜, 인도네시아 협정의 상세한 내용 등을 공개한 데 이은 것입니다. 미국은 일본에 15% 관세를 부과하며, 자동차에도 15%만 매기는 게 핵심입니다. 일본은 대신 미국에 5500억 달러를 투자하기로 했습니다.
                    




                일본과의 딜은 예상 밖인데요. 트럼프 대통령은 지난주 일본과 8월 1일 데드라인 전에 합의에 도달할 수 없을 것 같다고 했었습니다. 
                    




                일본과의 딜은 주요 무역국 중 처음입니다. 이로 인해 관세 불확실성이 낮아졌고요. 특히 25%이던 자동차 관세를 15%로 낮춘 게 긍정적으로 평가됩니다. 이렇게 되면 멕시코, 캐나다 공장에서 만든 자동차에 25% 관세를 내는 미국 GM, 포드가 상대적으로 불리해집니다. 미자동차정책위원회(American Automotive Policy Council)는 ""미국 업계에 악영향을 미치는 협상""이라고 비판했습니다. 이에 결국은 각국에 대한 자동차 관세가 15%로 낮아질 것이란 관측이 나옵니다. 또 일본과의 합의는 EU, 한국 등 주요 경쟁국에 대한 합의 압력을 높입니다. 일본 도요타가 14%, 혼다가 11% 폭등했을 뿐 아니라 한국 현대차 8%, 독일 폭스바겐 6% 등 세계 자동차 주가가 모두 상승한 이유입니다. (스콧 베센트 재무장관은 일본이 자동차 관세 15%를 얻은 것은 5500억 달러 투자 등 일본이 혁신적이었기 때문이라고는 했습니다)
                    




                도이치뱅크는 ""전반적으로 일본과의 합의는 관세가 8월 1일에 다시 인상될 것이라는 투자자 우려를 완화하는 데 큰 도움이 되고 있다""라고 밝혔습니다.ING는 ""일본과의 딜은 알래스카 LNG 프로젝트 투자, 농산물 수입 확대 등 예측과 대체로 일치한다. 그러나 쿼터 없이 자동차에 대해 15%를 부과하기로 한 것은 예상하지 못했던 놀라움""이라면서 ""미일 합의는 다른 주요 수출국에 압박으로 작용할 것""이라고 분석했습니다. 에버코어ISI는 ""주목할 점은 트럼프 행정부가 마침내 25% 자동차 관세에서 물러섰다는 것이다. 이는 품목 관세가 주요 쟁점인 다른 국가와의 협상에도 긍정적 영향을 미칠 것""이라고 분석했습니다.뉴욕 증시의 주요 지수는 아침 9시 30분에 0.3% 수준의 상승세로 출발했습니다. 그러다 정오께 EU와의 타결도 가까워졌다는 뉴스가 나오면서 오름세가 가팔라졌습니다.
                    




                파이낸셜타임스(FT)는 EU가 15% 관세를 수용하는 합의에 근접했다고 보도했습니다. 트럼프가 서한으로 통보한 30%보다 낮은 것입니다. EU 소식통은 일본과의 타결로 인해 EU가 받는 압박이 커져 '울며 겨자 먹기'로 15%를 받아들이려 하고 있다고 전했습니다. 자동차 의약품에도 15%가 적용되고요. 양측은 항공기, 증류주, 의료기기 등 일부 품목에 대한 면제에도 근접한 것으로 전해졌습니다.트럼프 대통령은 ""EU와 심각한 협상을 진행 중이며, 유럽이 미국 기업에 (시장을) 개방한다면 관세를 낮춰주겠다고 제안했다""라고 밝혔습니다. 중국과의 협상에 대해서도 ""마무리 단계에 있다""라고 했습니다. 또 ""일부 국가에 대해선 매우 간단히 관세를 적용할 것이다. 많은 국가와 협상을 할 수 없기 때문이다. 15~50% 사이의 단순한 관세를 적용할 것""이라고 밝혔습니다. 최저가 15%라는 얘기입니다.
                    




                2. 줄줄이 합의 나온다?…JPM ""끓는 물 개구리""연이은 무역 딜로 시장 분위기는 크게 개선됐습니다. 일본과의 합의가 돌파구가 되어 8월 1일 전까지 합의가 줄줄이 이뤄질 가능성이 커졌습니다. 하지만 일본과의 딜에는 흠이 있습니다. 관세가 월가가 예상했던 수준보다 높다는 겁니다. 
                    




                에버코어는 ""일본 수출품 680억 달러(2024년 기준)에 적용하는 상호관세가 10%가 아닌 15%로 합의됐다. 하지만 410억 달러 규모의 자동차 관세가 25%에서 15%로 인하되어 미국의 전체 가중 평균 관세율은 0.1% 포인트만 높아졌다. 그러나 더 많은 품목 관세가 적용되고 일부 국가의 경우 10%를 훨씬 넘으면서 이 수치는 더 증가할 가능성이 크다. 이는 미국이 최근 역사상 본 적이 없는 최고치""라고 지적했습니다. JP모건은 ""관세 후폭풍은 여전히 우리의 경제 전망에서 중요한 요소다. 이번에 발표된 새로운 관세는 4월 2일 해방의 날에 부과되었던 가혹한 수준과 점점 더 비슷해지고 있으며, 관세가 꾸준히 오르는 모습은 마치 ‘끓는 물 속의 개구리(boiling the frog)’처럼 느껴지기 시작한다. 이런 상황은 2025년 하반기 경제 전망에 하방 위험을 키운다""라고 분석했습니다. 
                    




                골드만삭스는 필리핀 19%, 인도네시아 19% 등 초기 합의를 반영해 기본관세 추정을 10%에서 15%로 높이고, 구리와 주요 광물에는 50%가 부과될 것으로 예상을 바꿨습니다. 또 트럭, 의약품, 항공기에 대한 부문별 관세는 내년에 발효될 가능성이 크다고 관측했습니다. 이에 따라 올해 말 실효 관세율이 기존보다 16%포인트 상승할 것으로 추정했습니다. 골드만삭스는 ""이는 관세로 인한 인플레이션 위험은 약간 상승하고 성장 위험은 더 낮아지는 쪽으로 기운다는 뜻한다""라고 설명했습니다. 골드만은 관세가 향후 3년 동안 인플레이션을 촉발하고 성장을 억제할 것이라고 보는데요. 이에 따라 올해 근원 개인소비지출(PCE) 물가는 전년 대비 3.3%까지 올라가고요. 올해 GDP 성장률은 (관세가 없었을 때보다) 1%포인트 낮아져서 1%에 머물 것으로 예상했습니다.이는 상당한 타격입니다. 하지만, 경제를 침체로 몰고 가거나 인플레이션을 팬데믹 직후 고점(5.7%) 수준으로 끌고 올라가는 것은 아닙니다.  3. 파월에 대한 공격 지속금리는 큰 폭의 상승세를 보였습니다. 먼저 일본의 국채 금리가 상승한 게 영향을 미쳤습니다. 일본 10년물은 한때 1.60%까지 올라 2008년 10월 이후 최고 기록을 세웠습니다. 이시바 시게루 총리 퇴진설이 나돌았고요. 미국과 협상 타결로 일본은행이 금리 인상에 부담을 덜 느낄 것이란 관측도 나왔습니다. 재무성이 실시한 국채 40년물 입찰에서 수요가 적어 최고 수익률이 2007년 40년물 발행을 시작한 뒤 가장 높은 3.37%에 낙찰됐습니다. 
                    




                Fed 제롬 파월 의장에 대한 공격도 이어지고 있습니다. 트럼프 대통령은 침체에 빠진 주택시장을 언급하면서 ""금리는 3%포인트 낮아야 한다. Fed의 이 고집 센 사람은 도무지 이해가 안 된다""라고 비판했습니다. 6월 기존주택 매매는 전월 대비 2.7% 감소한 393만 채(계절 조정 연율)를 기록했습니다. 이는 9월 이후 가장 낮은 수준입니다.아침에 스콧 베센트 재무장관이 MSNBC 인터뷰에서 ""트럼프 대통령이 파월 의장을 해임하지 않겠다고 거듭 밝혔다. 파월 의장이 사임하는 걸 원할 수도 있지만, 해임하지는 않을 것""이라고 말했을 때는 금리는 어느 정도 안정세를 보였었는데요. 블룸버그가 마이크 존슨 하원 의장이 ""파월 의장에 환멸을 느꼈다""라고 말한 것으로 보도하면서 다시 오름세를 보였습니다. 존슨 의장은 1913년 제정된 연방준비제도법 개정에 열려 있음을 시사했는데요. 그렇게 된다면 의장 해임 사유를 추가하거나 구체화할 수 있겠지요. 
                    




                월가 일부에서도 파월이 물러나야 한다는 얘기가 나옵니다. 알리안츠의 모하메드 엘에리언 고문은 ""파월에 대한 공격이 계속될 텐데 이는 파월 개인뿐 아니라 Fed 기관에 대한 공격으로 이어질 것이다. Fed의 독립성을 보호하려면 파월이 스스로 물러나는 게 낫다. 그렇게 되면 정치적 공격은 완화되고 Fed의 운영 자율성이 보존될 것""이라고 주장했습니다.오늘 수익률 상승세는 어제까지 지난 5거래일 동안 금리가 하락세를 보여온 데 따른 기술적 반등일 수도 있습니다. 한 월가 관계자는 ""일본이 미국에 투자할 5500억 달러 펀드를 조성하기 위해 미 국채 투자를 줄이거나 국채를 팔 수도 있다""라고 말하기도 했습니다. 오르던 금리는 오후 1시 국채 20년물 경매(130억 달러) 소식이 나온 뒤 추가 상승을 멈췄습니다. 20년물의 발행금리는 4.935%로 발행 당시의 시장 금리 4.942%보다 0.7bp 낮게 결정됐습니다. 인기가 없는 장기 채권인데도 응찰률이 2.78배로 지난달 2.68배보다 상승한 덕분입니다.오후 3시 42분께 뉴욕 채권시장에서 국채 10년물 수익률은 5.4bp 오른 4.39%를 기록했습니다. 2년물은 6bp 오른 3.891%에 거래됐습니다. 
                    




 4. AI 자신감 붙은 알파벳, 우울한 테슬라2분기 기업 실적은 전반적으로 좋은 편입니다. 어제까지 S&P500 기업 중 25%가 실적을 공개했는데요. 88%가 주당순이익(EPS)에서 월가 추정치를 넘었습니다. 그러나 몇 가지 불안감이 나타났습니다. 먼저 관세로 인해 기업 마진이 줄어들 수 있다는 관측이 있습니다. 어제 GM은 2분기에 관세로 인해 11억 달러 비용을 떠안았고요. 올해 전체로는 40억~50억 달러 부담을 예상했습니다. GM의 2분기 마진은 6.1%였는데요. GM 측은 관세가 없었다면 마진이 9%였을 것이라고 설명했습니다.어제 장 마감 뒤 실적을 공개한 텍사스인스트루먼트의 2분기 매출과 이익은 전년 대비 각각 16% 증가한 것으로 나타났습니다. 하지만 경영진은 3분기 EPS 전망치를 1.36~1.60달러로 제시했습니다. 월가 추정(1.51달러)보다 낮았죠. 전반적인 발언도 밝지 않았습니다. 오펜하이머의 릭 셰이퍼 애널리스트는 경영진 분위기가 ""침울했다""라고 지적했습니다. 하비브 일란 CEO는 관세와 관련해 ""미래에 어떤 일이 일어날지 대비해야 한다""고 했습니다. 회사 측은 전반적으로 2분기 매출 증가가 시장 회복보다는 반도체 관세 부과 전 선구매 수요가 있었을 가능성을 내비쳤습니다.좋은 실적을 공개한 기업들의 주가가 급락하기도 합니다. 넷플릭스는 지난주 17일 월가의 기대치를 넘는 좋은 실적을 내놓은 뒤 주가가 급락세를 보이기도 했습니다. 발표 이후부터 오늘까지 7.7% 떨어진 상태입니다. 
                    




                바이탈날리지의 애덤 크리사펄리 설립자는 ""기술주는 최근 주가가 급등하면서 매우 높은 기대치와 함께 이번 어닝시즌의 핵심으로 등장했다. 지난주 넷플릭스나 어제 NXP처럼 그다지 나쁘지 않은 실적 보고서에 대해 매도 뉴스 유형의 반응을 나타내기도 했는데 이는 기준이 매우 높다는 것을 시사한다""라고 말했습니다.JP모건은 ""컨센서스가 크게 하향 조정되어 2분기 실적은 '서프라이즈'를 보일 가능성이 있지만, 이는 최근 증시가 강하게 반등한 상황에서 나오는 것이기 때문에, 실적이 기대에 미치지 않거나 가이던스가 엇갈리면 실망이 나타날 수 있다. 더 나아가, 투자자들은 하반기 실적이 가파르게 증가해서 4분기에는 2분기 대비 11% 성장할 것으로 추정한다. 이는 다소 낙관적이다. 역사적으로 3~4분기 실적 증가율 중간값은 2.7%에 불과했다. 현재의 경기 둔화와 가격 환경을 고려하면 더 낙관적이라 할 수 있다""라고 분석했습니다. 
                    




                장 마감 뒤 테슬라와 알파벳, IBM 등이 줄줄이 실적을 공개했는데요.◈ 테슬라▶총매출: 225억 달러 (예상: 226억4000만 달러) 전년 대비 -12% ▶조정 EPS : 0.40달러 (예상: 0.42달러) 전년 대비 -23%▶총마진: 17.2% (예상: 16.5%) 전년 대비 -71bp2분기 실적은 예상처럼 나빴습니다. 매출은 12%, EPS는 23%나 감소했습니다. 테슬라는 콘퍼런스콜에서 트럼프 감세법(전기차 보조금 폐지 등)과 관세로 수요가 감소할 것으로 예상했습니다. 일론 머스크는 ""미국에서 많은 인센티브를 잃게 될 이상한 전환기에 접어들었다. 몇 분기 동안 어려운 시기를 겪을 수도 있다""라면서 저가형 전기차 하반기 계획을 강조하고, 연말까지 로보택시 서비스를 전국의 절반으로 ""대폭 확대""할 계획이라고 밝혔습니다. 주가는 시간 외 거래에서 하락했습니다.  
                    




                ◈ 알파벳▶매출: 964억3000만 달러 (예상: 939억7000만 달러) 전년 대비 +14%▶조정 EPS: 2.31달러 (예상: 2.18달러) 전년 대비 +22% 역시 어닝서프라이즈를 기록했습니다. 주가는 3%대 오르고 있습니다. 알파벳은 ""AI는 비즈니스의 모든 측면에 긍정적 영향을 미치며 강력한 모멘텀을 얻고 있다""라며 올해 자본지출 규모를 기존 750억 달러에서 약 850억 달러로 높이겠다고 발표했습니다. 클라우드 컴퓨팅 사업은 전년 대비 31% 성장했습니다. 전분기 성장률 28%보다 더 높아졌습니다. 2024년 525억 달러보다 훨씬 많습니다. 검색 및 광고는 AI 경쟁이 치열해졌음에도 불구하고 2분기에도 10%대 성장세를 보였습니다. 
                    




                ◈ IBM ▶매출 : 170억 달러 (예상: 165억9000만 달러) 전년 대비 +8% ▶조정 EPS : 2.80달러 (예상: 2.62달러) 전년 대비 +15% IBM의 실적은 월가 컨센서스보다 좋았습니다. 하지만 기대를 받았던 소프트웨어 부문 매출은 10% 증가에 그쳤습니다. 회사 측이 올해 매출 증가율을 최소 +5%로 보수적으로 제시하면서 시간 외 거래에서 3%가량 내렸습니다. 5. 헬스케어 이틀째 폭등 관세에 따른 경제 둔화나 기업 실적 악화는 앞으로 나타날 일입니다. 어제오늘처럼 (미국에 좋은) 좋은 무역 합의가 연이어 이뤄진다면 둔화가 나타나지 않을 수도 있습니다. 미국 기업들은 관세 불투명성이 걷히면서 정상적인 경영·투자계획을 세울 수 있습니다. UBS는 ""우리는 트럼프 행정부가 무역을 위축시키고, 인플레이션을 부추기고, 경제를 침체로 몰아넣을 정도로 높은 관세를 원하지 않으리라는 견해를 유지한다""라고 밝혔습니다.결국, S&P500 지수는 0.78%, 나스닥은 0.61% 올랐고요. 다우는 1.14%, 러셀2000 지수는 1.54%나 뛰었습니다.
                    




                어제 하락했던 반도체주는 텍사스인스트루먼트(-13.34%) 등 산업용 반도체 회사 일부를 제외하고는 대부분 반등했습니다. 엔비디아가 2.25% 올랐고 AMD 2.54%, 퀄컴 1.20%, 브로드컴 1.83% 올랐습니다. 
                    




                오름세는 기술주, 빅테크보다 다른 업종에서 두드러졌습니다. 업종별로 보면 헬스케어가 2.03%나 폭등하면서 이틀째 급등세를 이어갔습니다. 헬스케어 업종은 작년부터 이어진 급락세 속에 11개 업종 중 가장 낮은 밸류에이션을 나타내고 있습니다. 업종의 주가수익비율(P/E)이 지난 10년, 30년을 기준으로 백분위로 나눴을 때 가장 낮은 0분위에 있습니다. 마르코 콜라노비치 전 JP모건 리서치 헤드는 ""트럼프 행정부의 약값 통제 등 문제가 있지만 헬스케어는 현재 기술적 요인만으로도 상승할 가능성이 높다. 펀더멘털은 결국 개선될 것""이라고 말했습니다. 트럼프 대통령의 제조업 리쇼어링 붐의 혜택을 받는 산업주도 1.75% 뛰었고요. 에너지는 1.54% 상승했습니다. 11개 업종 중 내린 것은 필수소비재(-0.07%) 유틸리티(-0.79%) 밖에 없습니다. 
                    




                시장은 강세장 분위기가 완연합니다. 암호화폐가 사상 최고 수준에 있을 뿐 아니라 밈 주식이 2021년처럼 연일 급등하고 있습니다. 오픈도어에 이어 콜스, 고프로 등도 급등했습니다. 기관 공매도가 많은 주식에 개인들이 한꺼번에 몰리면서 감마스퀴즈가 발생하고 있는 것이죠. 콜옵션 매수→주가 급등→콜옵션을 매도한 마켓메이커의 주식 매수→주가 급등으로 이어지고 있는 것입니다. 골드만삭스 트레이딩데스크는 ""2021년 밈주식 열풍이 다시 불타오르고 있다. 쫓기는 기분이다. 콜옵션 전체 거래량의 70%가 밈주식 관련""이라고 말했습니다. 밈주식 열풍은 강세장의 끝을 가리키는 것이라는 지적도 있습니다. 하지만 2020년 말 시작됐던 게임스톱 열풍은 1년 이상 지속했습니다.
                    




                주의할 게 있습니다. 점점 나빠지는 계절성입니다. 안주하는 투자자도 늘어나고 있습니다. 변동성지수(VIX)는 오늘 6.8% 떨어져 15.37을 기록했는데요. 펀드스트랫의 마크 뉴튼 기술적 분석가는 ""VIX가 바닥을 찍을 가능성이 크고 8월에는 상승할 가능성이 있다""라고 주장했습니다. 그는 ""VIX가 10월까지 20대 중반, 어쩌면 30대 중반까지 오를 가능성이 크다고 생각한다. 이는 현 수준의 내재 변동성이 저렴하다는 것을 의미한다. 결론적으로, VIX가 14~15.50까지 하락하는 것은 낮은 내재 변동성을 헤지나 투기에 활용하는 투자자에게 매력적인 기회를 의미하며, 앞으로 몇 주 동안 VIX를 추적할 필요가 있다""라고 말했습니다. 
                    




                뉴욕=김현석 특파원 realist@hankyung.com",https://www.hankyung.com/article/202507248120i,2025.07.24 08:06
,,,https://magazine.hankyung.com/business/article/202507109471b,
,"주격조사 ‘-이(가)’는 일반적으로 문장에서 주어를 강조할 때 쓰고, 보조사 ‘-은(는)’은 통상 주어가 이끄는 뒷말을 부각시키고 싶을 때 쓴다는 점을 기억할 필요가 있다.",,https://sgsg.hankyung.com/article/2025070481341,
,,,https://magazine.hankyung.com/business/article/202507098665b,
트럼프 전방위 관세 엄포에 시장도 '눈치'…줄줄이 약세 [뉴욕증시 브리핑],,"사진=연합뉴스

                뉴욕증시의 3대 주가지수가 하락했다. 도널드 트럼프 미국 대통령이 캐나다에 35%의 관세, 나머지 국가에도 20% 안팎의 관세를 부과하기로 하면서 위험 회피 심리가 강해진 탓이다. 다만 협상 여지가 있다는 기대감에 낙폭은 줄었다.11일(미국 동부시간) 뉴욕증권거래소(NYSE)에서 다우존스30산업평균지수는 전장보다 279.13포인트(0.63%) 밀린 44,371.51에 거래를 마감했다. 스탠더드앤드푸어스(S&P)500지수는 전장보다 20.71포인트(0.33%) 떨어진 6,259.75, 나스닥종합지수는 45.14포인트(0.22%) 내린 20,585.53에 장을 마쳤다.트럼프는 이날 자신의 트루스소셜 계정에 캐나다에 보내는 관세 서한을 공개했다. 마크 카니 캐나다 총리 앞으로 보내지는 서한에서 캐나다에 부과되는 관세율은 35%로 책정됐다. 유럽연합(EU)에 보내는 관세 서한도 곧 공개될 예정이다.이에 앞서 트럼프는 미국 NBC 방송과의 전화 인터뷰에서 ""나머지 모든 국가에 15%든 20%든 관세를 부과할 것이고 우리는 지금 그 비율을 정하고 있다""며 전방위적인 '관세 살포'를 예고했다.이 같은 소식에 뉴욕증시의 주요 주가지수는 낙폭을 키운 채 개장했다.저가 매수세가 유입되며 마감 무렵 낙폭은 줄었으나 지수가 상승세로 돌아설 만큼 매수심리가 강하진 않았다. 관세가 발효되는 8월 1일까지 협상 기간은 남았지만, 대부분의 국가가 결국 고율 관세에 직면하게 된 점은 증시에도 악재이기 때문이다.트럼프가 EU에 어느 정도로 관세를 부과할지 또한 시장이 주목하는 지점이다. 트럼프는 그간 EU가 매우 어려운 협상 상대라고 말해왔던 만큼 협상은 진척이 느릴 공산이 크다. 이는 고율 관세 위험으로 이어진다.다음 주에는 2분기 실적 시즌이 시작되고 미국 소비자물가지수(CPI) 등 주요 인플레이션 지표가 발표될 예정이다. 이는 시장에 변동성을 더 불어넣을 수 있는 재료들이다. 트럼프가 브라질과 캐나다에 관세를 부과하면서 미국 중앙은행(Fed)은 금리인하가 더 어려워졌다는 관측이 나온다.업종별로는 임의소비재와 에너지를 제외한 모든 업종이 약세였다. 금융은 1% 하락했다. 시가총액 1조달러 이상의 거대 기술기업은 혼조였다. 엔비디아는 이날도 0.50% 오르며 시총 4조달러 선을 지켜냈다. 아마존과 알파벳, 테슬라도 1%대 강세를 기록했다.반면 애플과 메타, 브로드컴은 1% 안팎으로 하락했다. 금융업종이 전반적으로 약세를 보인 가운데 비자와 마스터카드는 2%대 하락률을 기록했고 JP모건체이스와 모건스탠리도 약보합이었다.비트코인 가격이 사상 최고치를 연일 경신하면서 가상화폐 관련주도 강세였다. 비트코인 최대 보유 기업 스트래티지의 주가는 3% 올랐으며 비트코인 채굴업체 마라 홀딩스의 주가도 강보합이었다. 청바지 브랜드 리바이 스트라우스의 주가는 지난 2분기 실적이 시장 예상치를 상회하면서 11% 급등했다. 영국 에너지 기업 BP는 2분기 원유 트레이딩 부문의 실적이 양호할 것으로 예상되자 3.55% 올랐다.루이스 이나시우 룰라 다 시우바 브라질 대통령은 트럼프가 부과한 50% 폭탄 관세에 대해 ""미국이 브라질에 부과한 관세가 발효되지 않도록 나는 싸울 것""이라며 ""관세가 발효된다면 우리는 상응하는 조치를 취하겠다""고 강조했다.시카고상품거래소(CME) 페드워치툴에 따르면 연방기금금리 선물시장은 9월 기준금리 25bp 인하 확률을 62.2%로 반영했다. 전날보다 금리인하 기대감이 낮아졌다. 시카고옵션거래소(CBOE) 변동성 지수(VIX)는 0.62포인트(3.93%) 오른 16.40을 기록했다.안혜원 한경닷컴 기자 anhw@hankyung.com",https://www.hankyung.com/article/2025071237317,2025.07.12 07:22
,유동성과 국가부채,,https://sgsg.hankyung.com/article/2025071120191,
"포스코홀딩스, 외인 지분율 30%대 회복…中 감산 본격화 [마켓딥다이브]","외인, 포스코홀딩스 6거래일 연속 매수 
중국 감산·열연 반덤핑 판정 결과 기대 
철강 회복…내년 영업익 3.6조 전망","영상 모듈 닫기




<앵커>세계 1위 철강 생산국인 중국의 감산 소식에 국내 철강 기업들의 숨통이 트이고 있습니다. 이번 달 말에 중국·일본산 열연 반덤핑 관세 부과까지 이뤄지면 판매가격 상승효과까지 기대할 수 있는데요.증권가에서도 POSCO홀딩스의 목표가를 40만 원으로 올려 잡고 있습니다. 자세한 내용, 마켓 딥다이브 최민정 기자가 정리합니다.<기자>하반기 중국산 철강 감산 기대에 POSCO홀딩스를 바라보는 외국인 투자자의 시선도 달라졌습니다.외국인이 6거래일 연속 매수세를 이어가며 POSCO홀딩스의 외국인 지분율이 2년 만에 30%대를 회복했는데요. 작년과 올해 상반기까지 20%대에 머물렀던 것과는 다른 모습입니다.지난 2일 중국 중앙재경위원회는 ""현지 시장 내 내몰림식 경쟁 억제"" 및 ""낙후 생산능력의 질서있는 퇴출을 촉진하겠다""는 계획을 발표했습니다. 올해 3월 양회에서 철강 생산량 감축을 발표한 후 글로벌 공급 과잉을 유발한 철강 산업을 또 겨냥한 건데요. 실제 3월 양회때부터 말한 감산 효과가 본격화되고 있습니다. 올해 5월 중국의 철강 생산량은 작년과 비교해 6.9% 줄며 7년 만에 최저치를 기록했는데요. 세계 1위 철강 생산국인 중국이 감산에 나서는 이유는 뭘까요? 철강 공급 과잉 부메랑을 맞았기 때문인데요. 중국 철강 기업은 내수 침체로 자국 철강 판매량이 계속 줄자, 싼값으로 해외에 팔았는데요. 가격 하락으로 중국 철강 기업들이 영업 적자에 놓이자 이같은 결정을 내린 겁니다.철강 대장주인 POSCO홀딩스의 2분기 실적은 시장의 기대보다 낮을 것으로 전망되지만, 내년엔 영업익 3조 6천억 원까지 바라보고 있습니다. 주목할 점은 철강 부문에서는 점진적인 이익 개선이 이뤄지고 있다는 겁니다. 2분기에도 전 분기 대비 10% 늘어난 영업이익을 거둘 것으로 추정되며 이익 개선세를 지속할 전망인데요.이달 말엔 중국·일본산 열연에 대한 반덤핑 판정 결과도 예정돼 있습니다. 앞서 산업통상자원부는 3월 중국산 스테인리스스틸 후판에 21.62%, 4월에는 열간압연 후판에 최대 38.02%의 반덤핑 관세를 부과한 바 있는데요. 열연까지 포함되면 판매 단가 인상도 커질 수 있습니다.증권가에서도 POSCO홀딩스의 목표주가를 일제히 올리고 있습니다.지난 2023년 비중축소 의견을 냈던 글로벌 투자은행(IB) 모건스탠리도 POSCO홀딩스에 비중확대 의견을 냈는데요. 올해 25% 가까이 올랐지만, 40만 원까지 추가 상승이 가능하다는 분석입니다. 모건스탠리는 ""구조적인 공급 감축 환경에서 철강 마진 회복 사이클에 진입했다""며 ""하반기부터 실적 회복으로, 선제적 매수 전략이 유효하다""고 분석했습니다.상법 개정안 통과로 포스코홀딩스의 주가 디스카운트가 해소될 수 있다는 기대도 있는데요.포스코홀딩스의 주가순자산비율(PBR)은 0.4배 수준으로, 지주사 구조에 따른 할인 요인이 반영돼 있어 수혜를 볼 것이란 전망이 나옵니다.하지만 미국 관세라는 고비가 남아 있습니다. 한국산 철강 제품에 50%의 관세가 유지되는 한 경쟁력 회복은 제한적일 수 있는데요. 관세 정책 변화를 지켜볼 필요가 있습니다.지금까지 마켓 딥다이브였습니다.최민정기자 choimj@wowtv.co.kr",https://www.hankyung.com/article/2025070851245,2025.07.08 14:57
지니어스 법안 통과…디지털 자산 규제 명확화 기대에 알트코인 강세,,"미국 하원이 디지털 자산 시장의 규제 명확성을 위한 세 건의 핵심 법안을 전격 통과시키며, 암호화폐 시장 전반에 긍정적 반응이 확산되고 있다. 특히 ‘지니어스(GENIUS) 법안’은 트럼프 대통령의 서명만을 남겨두고 있어, 향후 미국 내 가상자산 산업의 제도권 편입이 가속화될 전망이다.이번에 하원을 통과한 법안은 ▲스테이블코인을 합법적으로 정의하고 발행·공시 규정을 담은 ‘지니어스 법안’, ▲중앙은행 디지털화폐(CBDC) 감시국가 방지법안, ▲가상자산 명확성(클래러티) 법안 등 총 3건이다. 이 중 지니어스 법안은 트럼프 대통령이 서명만 하면 곧바로 시행에 돌입할 수 있는 상태이며, 나머지 두 법안은 상원의 심의를 앞두고 있다.지니어스 법안은 스테이블코인을 명확히 정의함으로써 디지털 달러, USDC, 테더(USDT) 등 주요 스테이블코인 발행기관에 대해 연방 차원의 감독 체계를 도입하겠다는 취지를 담고 있다. 공시·준비금 요건 등을 제도화함으로써 투자자 보호와 시장 안정성을 강화하려는 목적이 반영됐다.이날 소식에 따라 이더리움과 솔라나 등 주요 알트코인이 동반 상승했으며, 특히 리플(XRP)은 일부 해외 거래소 기준으로 사상 최고가를 경신하는 등 강한 수급이 유입됐다. 미국 내 제도화 움직임은 장기적으로 글로벌 암호화폐 투자 확대를 이끄는 긍정적 신호로 해석된다.시장에서는 이번 입법 성과가 디지털 자산 투자에 대한 제도적 기반을 마련함으로써, 기관투자자의 진입 장벽을 크게 낮출 수 있을 것으로 기대하고 있다. 이에 따라 암호화폐 연계 종목 및 블록체인 인프라 구축 기업들의 주가에도 반사이익이 전망되고 있다.특히 일부 투자자들은 관련 종목들에 대해 주식매입자금을 활용한 스탁론 전략으로 선제적 대응에 나서고 있다. 스탁론은 최대 400%의 레버리지 투자가 가능하며, 증권사 신용·미수 대환도 가능해 시장 기회를 적극 활용할 수 있는 투자 도구로 주목받고 있다.




 

▶ 더머니스탁론 신규 상품 전격 출시! (DSR 규제 X)▶ 최대 400% 레버리지 투자, 증권사 신용미수 대환 가능!▶ 한 종목 100% 집중 투자 가능!▶ 더머니스탁론 바로가기 (https://themoney.co.kr/ha)▶ 더머니스탁론 전화 상담 1600-7096▶ 더머니스탁론 카카오톡 상담 (http://pf.kakao.com/_cVfxbn/chat)관심종목: 다날, 카카오, 우리기술투자, 티사이언티픽, 포스링크무료상담",https://www.hankyung.com/article/202507186354a,2025.07.18 13:40
"더 커진 주주환원 기대감…금융주, 어닝시즌 관전포인트",,"영상 모듈 닫기




<앵커> 오늘 금융지주 주가가 오전에 잠시 조정받는 듯했는데 KB금융 제외하곤 낙폭을 줄여가는 모습입니다. 앞서 최민정 기자 언급한 자사주 의무 소각 관련해 금융지주들에는 어떤 영향이 있을지 경제부 유주안 기자와 이야기 나눠봅니다. 금융지주들은 자사주 매입과 소각에 꽤 적극적인데, 보유중인 자사주의 비중은 어떻습니까?<기자>4대 금융지주 자사주 보유 현황(KB 4.54%, 신한 2.09%, 하나 3.77%, 우리 1.16%)은, 보시다시피 비중이 크다고 보이진 않습니다.자사주 소각 의무화 추진에 따른 수혜주로 꼽히는 미래에셋(22.98) 대신(25.12) 신영(52.58%) 등에 비하면 매우 작은 수준이고요, 일반지주사들(티와이홀딩스 29.79%, SK 24.8%, 롯데지주 27.37% 등)에 비해서도 비중이 낮습니다.과거 역사를 살펴보면 금융주에 있어서는 자사주 ‘지배의 도구’보다는 인수합병 때 주식교환을 하기 위해, 전략적 투자자와 주식을 스왑하는 차원에서 일정 부분 보유해왔던 것을 알 수 있고요, 최근 들어서는 매입하면 바로 소각해서 주식의 가치를 올리는, 주주환원의 수단으로 자사주를 활용해 왔습니다.따라서, 자사주 소각 의무화에 따른 강제성 측면에서 금융지주에 미치는 단기적 직접적 영향은 크지 않겠습니다. 중장기적으로 볼 때 금융지주의 주주환원에 보다 힘이 실릴 것이란 기대감으로 이어질 수 있는데요,정책이 추구하는 목표를 이미 금융지주사들이 실행해 옮기고 있는 것이고, 향후 상장사들 사이에 자사주 매입소각이 보편화되면 재무적 여력과, 주주환원에 대한 강한 의지를 가진 금융사들이 더 적극적인 주주환원을 펼칠 수 있는 배경이 될 수 있을 것입니다.또한, 정부가 함께 추진중인 배당소득 분리과세 정책은 배당성향이 높고, 분기배당에 적극적인 금융주에게 특히 긍정적인 정책으로 받아들여지고 있습니다.<앵커> 어제 삼성전자 실적으로 인해 다소 가라앉은 분위기로 어닝시즌 개막되었는데요. 금융주 실적은 어떨 걸로 전망됩니까?<기자> 4대 지주만 놓고 볼 때, 당초 2분기는 좀 쉬어갈 것으로 예상이 되었습니다. 이는 2024년 2분기에 실적이 워낙 좋았던 것에 대한 기저효과와 더불어, 시중금리가 내려가면서 이자이익이 축소될 것으로 예상되었기 때문입니다.에프앤가이드 취합 컨센서스로 보면 KB금융의 2분기 당기순이익이 전년동기대비 약 5% 감소한 1조 6300억원, 우리금융지주 약 9% 감소한 8700억원으로 전망이 되어왔습니다.하지만 최근 가계대출 급증하면서 서둘러 대출 제한에 나설 만큼 2분기 대출성장이 예상을 벗어난 수준으로 좋았습니다. 따라서, 금리하락에 따른 이자마진 하락을 상쇄하면서 이자이익이 오히려 늘었을 것으로 예상이 되고, 채권금리하락과 환율 안정으로 인해 비이자이익도 크게 늘어났을 것으로 예상됩니다. 이에 따라 컨센서스를 상회하는 실적이 발표될 것이란 기대가 높습니다.<앵커> 3분기 가계대출 억제가 본격화하는 동시에 기업대출의 경우 연체율이 올라가는 등의 우려되는 점도 있는데요, 이후 실적에 타격이 있지는 않나요?<기자> 대출을 줄여야 하는 만큼 성장성 둔화는 불가피한 상황입니다. 가계대출은 위험가중치가 낮은 자산이라는 점에서 성장하면서도 위험관리를 동시에 달성할 수 있는 측면이 있는데요 이걸 줄여야 하는 상황이기 때문이죠.작년도부터 가계부채가 큰 이슈가 되면서 은행권은 경영의 기조를 성장보다 위험관리 쪽으로 많이 옮겨온 상황으로, 가계대출 억제가 아쉬운 측면은 있어도 실적에 큰 악영향은 없을 것이란 게 대체적 평가입니다. 기업대출 연체율 상승과 관련해 중소기업 대출과 달리 대기업대출은 양호한 상황이고, 하반기에 위험관리를 강화하면서 경기악화에 따른 타격에 대처할 것으로 점쳐집니다.지금은 환율 안정에 따른 실적 개선 부분이 보다 부각되고 있습니다. 은행권이 가장 중시하는 경영지표중 하나인 보통주자본비율(CET1)인데요, 작년 3, 4분기에 비해 환율이 낮은 상황이고, 안정적인 흐름을 이어갈 것으로 예상이 되는만큼 CET1이 올라가면서 오히려 이와 연계한 주주환원이 크게 늘어날 것이란 기대감으로 이어지고 있습니다.기대감을 확인하는 구체적 시점은 다다음주 24일부터 예정된 실적 발표일이 될 전망입니다. 적극적 추가 자사주 매입소각을 포함한 주주환원이 발표될 것으로 기대됩니다. 일각에선 KB금융이 최대 8천억원, 신한과 하나가 각 3~4천억원, 우리 1500억원, 도합 1조6천원에 달하는 자사주 소각 파티를 벌일 것으로 기대하고 있습니다.배당과 자사주 매입소각 합친 총주주환원율이 올해 50% 넘어가는 케이스도 탄생할지 관전포인트입니다.<앵커> 그간 주가가 많이도 올랐는데, 향후 추가 상승을 기대해볼 수 있나요?<기자> 2분기 이후 4대 금융지주 주가는 일제히 40% 이상 올랐습니다.워낙 국내 증시 저평가 되어있다보니 주식시장에서 장부가 만큼만이라도 평가를 받으라는 의미에서 PBR 1배가 목표치로 설정되어 있는데요, 주가가 45% 올랐어도 KB금융의 PBR이 0.7배 수준입니다. 나머지 3곳은 장부가 절반의 가치밖에 인정을 못 받고 있습니다.따라서 오늘 주가 하락에 대해서는 금융권 안팎과, 기업분석하는 증권업계 쪽에선 최근 급등에 따른 단기조정의 성격으로 파악을 하고 있습니다.마지막으로 4곳 중 어디가 가장 좋을 것이냐도 궁금하실텐데. KB금융이 실적과 주주환원 측면에서 압도적일 것으로 예상되고 주가 측면에서도 1위 프리미엄이 지속될 것이란 전망이 있는 동시에 또다른 측면에선 키맞추기가 이뤄질 것으로 예상하기도 합니다.  KB가 0.7배 수준까지 올랐으니, 2~4위권이 부지런히 키맞추기를 위해 올라올 것으로 기대하는 시각도 있습니다.<네 잘 들었습니다>유주안기자 jayou@wowtv.co.kr",https://www.hankyung.com/article/2025070981175,2025.07.09 17:04
예상보다 강한 고용에 3대지수 동반 강세…S&P500·나스닥 최고치 [뉴욕증시 브리핑],"엔비디아 시총 4조달러 눈앞
트립어드바이저 17% '급등'","사진=연합뉴스

                미국 고용시장이 여전히 견조하다는 경제 지표에 경기 침체에 대한 우려가 완화되면서 뉴욕증시의 주요 3대 지수가 3일(현지시간) 동반 강세로 마감했다.이날 뉴욕증권거래소(NYSE)에서 다우존스30산업평균지수는 전장보다 344.11포인트(0.77%) 오른 4만4828.53에 거래를 마쳤다. 스탠더드앤드푸어스(S&P)500지수는 51.93포인트(0.83%) 상승한 6279.35에, 기술주 중심의 나스닥종합지수는 207.97포인트(1.02%) 오른 2만601.10에 각각 마감했다. S&P500지수와 나스닥종합지수는 이날 각각 종전 최고치 기록을 경신했다.이날 뉴욕증시는 4일 독립기념일 휴장을 앞두고 조기 마감한 가운데 미 노동시장이 지난달에도 견조했던 것으로 나타나면서 경기 침체 우려가 완화된 것이 지수를 끌어올렸다.미 노동부에 따르면 6월 미국의 비농업 일자리가 전월 대비 14만7000명 증가했다. 이는 다우존스가 집계한 전문가 전망치(11만명)를 크게 웃도는 수치다. 6월 실업률은 4.1%로 전월보다 0.1%포인트 하락한 것으로 집계됐다.페더레이티드 허미스의 캐런 매나 투자 이사는 ""고용시장은 다시 한번 예상을 뛰어넘는 강인함을 보여줬다""며 ""이제는 '놀라운 회복'이라기보다 '확고한 흐름'으로 봐야 할 것""이라고 평가했다.업종별로는 소재만 소폭 하락했을 뿐 나머지는 모두 올랐다. 기술과 금융은 1% 이상 상승했다.시가총액 1조달러 이상 거대 기술기업 중 테슬라만 0.1% 하락했고 나머지는 모두 올랐다. 엔비디아는 이날도 1.33% 오르며 시총이 3조8879억달러를 기록해 4조달러에 바짝 다가섰다.클라우드 모니터링 서비스 제공업체 데이터독은 오는 9일 S&P500지수에 편입된다는 소식에 15% 급등했다. 온라인 여행 업체 트립어드바이저는 행동주의 투자자 스타보드가 회사 지분 9%를 취득했다는 소식에 17% 급등했다.고용 호조로 미국 채권 금리는 상승하고 달러화 가치는 강세를 보였다. 이날 전자거래 플랫폼 트레이드웹에서 10년 만기 미 국채 수익률은 이날 뉴욕증시 마감 무렵 4.34%로 전장 대비 0.5%포인트 올랐다.통화정책에 민감한 2년 만기 미 국채 수익률은 같은 시간 3.89%로 전장 대비 0.9%포인트 뛰었다.ICE선물거래소에서 주요 6개 통화에 대한 달러화의 가치를 반영한 달러 인덱스는 같은 시간 97.11으로 전장 대비 0.34% 상승했다.미 중앙은행(Fed)이 조기 금리 인하에 나설 것이란 시장의 기대도 식었다. 시카고상품거래소(CME)의 페드워치에 따르면 Fed가 다음달 열릴 통화정책회의에서 금리를 동결할 확률은 이날 고용지표 발표 이후 95%로 반영됐다.고정삼 한경닷컴 기자 jsk@hankyung.com",https://www.hankyung.com/article/2025070474416,2025.07.04 07:15
2분기 실적 낙관론…S&P500·나스닥 또 '사상 최고' [뉴욕증시 브리핑],"팩트셋 ""주요기업 85% 이상 예상치 넘는 실적 낼 듯""","사진=연합뉴스

                나스닥지수와 스탠다드앤드푸어스(S&P)500지수가 2분기 기업들의 실적 낙관론이 번지면서 또 사상 최고치를 경신했다.21일(현지시간) 뉴욕증권거래소에서 S&P500지수는 전 거래일 대비 0.14% 오른 6305.60으로 거래를 마감했다. 나스닥지수도 0.38% 상승한 2만974.18에 장을 마쳤다. 각각 사상 최고치를 갈아치웠다. 반면 블루칩을 모아놓은 다우존스30 산업평균지수는 0.04% 내린 4만4323.07을 기록했다.2분기 실적 발표가 본격 시작된 가운데 이번주부터 예정된 빅테크 실적에 대한 낙관론이 시장에 온기를 불어넣었다. 시장조사업체 팩트셋은 이날까지 2분기 실적을 발표한 S&P500지수 구성 기업 62곳 중 85% 이상이 전문가 예상치를 웃도는 실적을 낼 것으로 추산했다.실제 지난주 미 대형 은행들이 기대를 웃돈 실적을 낸 데 이어 최대 이동통신사인 버라이존이 이날 시장 예상을 웃돈 실적을 발표하면서 주가가 4.04% 올랐다.주요 기술기업 중 첫 주자로 오는 23일 실적을 발표하는 알파벳 주가는 2.8% 상승한 반면 같은 날 실적을 내놓는 테슬라 주가는 0.35% 내렸다. 아마존은 1.40%, 메타는 1.23% 각각 올랐다. 최고가를 연일 경신했던 엔비디아는 이날 0.6% 하락 마감했다.도널드 트럼프 미 대통령이 대주주인 트루스소셜의 모기업 '트럼프미디어'는 20조달러 규모의 비트코인을 취득했다는 발표에 3.11% 강세를 보였다.트럼프 행정부의 주요 당국자들은 오는 8월1일을 관세 협상 마감 시한으로 재확인하면서도 추가 협상에 대한 여지를 남겼다.하워드 러트닉 미국 상무장관은 전날 CBS 방송 인터뷰에서 ""8월1일에 새로운 관세율이 적용되지만 이후에도 국가들은 우리와 협상할 수 있다""고 말했고, 스콧 베선트 미국 재무장관은 이날 CNBC 인터뷰에서 ""내달 1일 이전에 각국과 신속히 무역 합의를 하는 것보다 질 높은 합의를 하는 것이 더 중요하다""고 밝혔다.노정동 한경닷컴 기자 dong2@hankyung.com",https://www.hankyung.com/article/2025072231056,2025.07.22 07:14
中企 대출 외면할 때…기업은행 11조 늘렸다,"상반기 대출 점유율 역대 최고
몸 사리는 시중은행과 대조","기업은행의 올해 상반기 중소기업 대출 순증 규모가 11조5000억원에 달한 것으로 나타났다. 중기 대출 시장 점유율도 역대 최고치를 경신했다. 시중은행들이 위험가중자산(RWA) 관리를 위해 중기 대출을 외면하는 가운데 국책은행인 기업은행이 ‘시장 안전판’ 역할을 톡톡히 하고 있다는 분석이 나온다.





                15일 기업은행에 따르면 올해 들어 지난달 말까지 이 은행의 중기 대출 증가액은 11조5000억원이다. 전년 동기(7조3000억원) 대비 4조2000억원 늘어났다. 은행권 중기 대출 시장 점유율도 24.4%로 역대 최고 수준이다. 기업은행을 제외한 전체 은행권의 중기 대출 증가액은 올해 2조3000억원에 그쳤다.중기 유동성 공급을 ‘나 홀로’ 늘려 기업은행의 중기 대출 총잔액은 2분기 말 기준 258조5000억원을 넘어섰다. 지난 2월에는 금융권 최초로 250조원을 돌파하기도 했다.중소기업들이 앞다퉈 기업은행의 문을 두드린 것은 시중은행들이 RWA 관리를 위해 중기 대출을 죄고 있기 때문이다. 연체율이 높은 중기 대출이 늘어나면 그만큼 RWA가 증가할 수밖에 없다. 시중은행들이 신용도가 좋은 대기업 위주로 기업 여신을 늘리는 것은 이 때문이다.기업은행은 중기 자금난을 고려해 대출 공급량을 더 늘리겠다는 방침이다. 올해 중기 대출 공급 목표를 전년 대비 4조원 증액한 64조원으로 설정했다. 소재·부품·장비산업(24조원), 창업 기업(20조원), 혁신성장(15조원) 부문 등에 자금을 공급할 계획이다.현장 소통도 강화하고 있다. 김성태 기업은행장은 취임 이후 217개 중기 최고경영자(CEO)와 간담회를 하는 등 현장 중심 경영에 적극 나서고 있다.장현주 기자 blacksea@hankyung.com",https://www.hankyung.com/article/2025071501691,2025.07.15 17:37
코인 티커=브랜드?…치열해진 가상자산 상표권 전쟁 [Web 3.0 리포트],"원화 스테이블코인 상표권 800건 육박
코인 티커, 실질적인 '브랜드'로 역할

중복 티커로 인한 상표권 분쟁도 발생
원화 스테이블코인 시대 앞두고
거래소 정책 및 규제 명확화 시급","사진=셔터스톡

                최근 국내 가상자산(암호화폐) 업계에서는 '코인 티커(Coin Ticker)' 경쟁이 뜨겁습니다. 원화(KRW) 스테이블코인이 차세대 금융 인프라로 급부상하면서, 시장 선점을 위한 기업들의 가상자산 티커 상표권 출원이 잇따르고 있습니다.오늘은 국내 기업들이 열을 올리고 있는 '가상자산 티커 상표권'의 중요성과 이를 둘러싼 법정 공방 사례 등에 대해 자세히 살펴보겠습니다. '코인 티커'가 중요한 이유'코인 티커'는 가상자산의 이름을 줄여서 표현한 영문 약어로, 공개 거래소에서 자산을 빠르고 고유하게 식별하는 역할을 합니다. 비트코인의 'BTC', 이더리움의 'ETH', 테더의 'USDT'처럼 사실상 가상자산의 고유 상표, 프로젝트의 정체성을 나타내는 기호로 사용됩니다.즉, 코인 티커는 가상자산 투자자 인지도 형성의 핵심 요소로서 검색 및 차트 SEO(Search Engine Optimization) 측면에서 가장 먼저 노출되는 실질적 상표 가치이자 '브랜드'로서의 역할을 하고 있는 것입니다.국내 주요 금융사, 빅테크 등의 기업들은 가상자산 업계에서 티커가 갖고 있는 '브랜드'로서의 중요성을 인지하고, 원화 스테이블코인 시장 선점을 위한 가상자산 티커 상표권 확보 경쟁에 나서고 있습니다. 15일 특허청 지식재산정보 검색 키프리스(KIPRIS) 데이터에 따르면 대한민국 원화를 의미하는 'KRW'가 포함된 국내 상표권은 총 821종에 달합니다. 국내 주요 금융지주, 은행, 증권사, 카드사들부터 업비트, 빗썸, 코빗 등 원화마켓 거래소와 네이버페이, 카카오페이, 트래블월렛 등 핀테크 기업들까지 KRW와 각자 기업의 이니셜, 슬로건 등을 혼합한 원화 스테이블코인 티커 상표권을 출원했습니다.
                    



국내 주요 기관들의 원화 스테이블코인 티커 상표권 등록 현황 / 출처=특허청 KIPRIS

가상자산 티커=브랜드…상표권 충돌 분쟁 발생 가능가상자산 산업이 빠르게 확장되고 있는 만큼, 티커 중복으로 인한 상표권 충돌 사례도 잇따르고 있습니다.블록체인 산업 특성상 대부분의 네트워크가 탈중앙 기조로 운영되기 때문에 중복 티커 가상자산 발행을 원천 봉쇄할 수는 없지만, 주요 글로벌 가상자산 거래소가 같은 티커를 공유하는 전혀 다른 가상자산의 거래를 지원하게 되면 투자자 혼동, 브랜드 가치 희석 등의 문제가 발생할 수 있습니다.최근 국내 업계에서도 코인 티커 중복으로 인한 법적 분쟁 이슈가 발생했습니다. 웹3 기반 인공지능(AI) 기업 커먼컴퓨터(Common Computer)는 2018년부터 수년간 사용하던 'AIN' 토큰 티커를 해외 신규 프로젝트에 빼앗길 위기에 처했습니다. 지난 5일(현지시간) AI 기반 웹3 개발 플랫폼 '인피니티 그라운드(Infinity Ground)'가 커먼컴퓨터의 AIN과 같은 코인 티커로 시장에 데뷔한 것입니다.신규 프로젝트인 인피니티 그라운드가 글로벌 최대 거래소 바이낸스의 인큐베이션 플랫폼 '바이낸스 알파'를 통해 상장되면서 투자자를 끌어모으자, 일부 거래소들은 커먼컴퓨터의 티커를 AIN에서 AINETWORK로 바꾸는 등 무단 변경하고, 인피니티 그라운드 토큰에 AIN 티커를 부여했습니다.
                    



지난 5일(현지시간) 인피니티 그라운드의 'AIN' 토큰이 바이낸스 알파에 상장됐다. / 사진=바이낸스

                커먼컴퓨터 관계자는 ""AI 네트워크(AIN)는 이미 활발하게 운영되며 명확한 실체를 가지고 있는 프로젝트로, 수년간 성실하게 제품을 개발해 왔다. 법적으로 등록된 상표를 아무렇지도 않게 사용하는 행위와 기존에 등록된 정보를 무단으로 변경한 행위는 상식적으로 납득하기 어려운 이례적인 경우로, 기본적인 책임과 신뢰를 저버린 행위""라고 지적했습니다.커먼컴퓨터는 이러한 분쟁에 대비해 전 세계적으로 'AIN' 상표권을 확보해 왔습니다. 현재 AIN 상표는 한국, 미국, 일본, 중국에서 정식 등록돼 효력을 유지하고 있으며, 유럽연합(EU), 홍콩, 대만 등 10개 국가 및 지역에서 상표 출원이 진행 중입니다.커먼컴퓨터 측은 ""글로벌 주요 시장에서 AIN 상표권을 선제 확보함으로써 법적 분쟁에 대응할 수 있는 근거를 마련한 상태로, 추가적인 법적 조치도 검토하고 있다""고 전했습니다.이전에도 비슷한 사례들이 있었습니다. 가장 대표적으로 지난 2018년 발생한 텔레그램과 란타(Lantah LLC)의 'GRAM' 티커 상표권 분쟁이 있습니다. 텔레그램이 란타를 상대로 'GRAM' 티커에 대한 상표권 침해 소송을 제기했다, 사업을 포기하면서 소송을 자진 취하했습니다. 미국 캘리포니아 지방법원은 텔레그램에게 란타의 법률 비용 62만5000달러를 지급하라고 판결했습니다.같은 해 중국의 전자상거래 대기업 알리바바도 블록체인 결제 플랫폼 알리바바코인(AlibabaCoin)과 상표권 도용 소송을 진행한 바 있습니다. 당시 알리바바는 뉴욕 연방법원에 알리바바코인이 자사 상표권을 무단 도용했다고 주장했습니다.뉴욕 지방법원은 ""알리바바코인재단의 알리바바 상표권 사용으로 인해 소비자 혼동이 초래될 가능성이 높다""라며 상표권 사용 예비 금지명령을 내렸습니다. 이에 알리바바코인 재단은 기존 코인 티커 AlibabaCoin을 'ABBC'로 변경했습니다. KNK 특허법률사무소의 이강욱 대표 변리사는 ""가상자산 업계의 티커 분쟁은 '브랜드 가치'와 직결된다""라며 ""특히 글로벌 시장에서 상표권이 확보돼 있지 않은 경우, 인지도가 더 높은 기업이나 프로젝트가 법적 분쟁에서 우위를 점할 수 있다""고 말했습니다. 이어 ""이번 AIN 사태처럼 신규 프로젝트가 공격적 마케팅을 통해 기존 티커를 무단으로 사용하는 상황이 발생할 수 있으며, 이런 사례에 대비하기 위해서라도 반드시 가상자산 티커에 대한 상표권을 갖춰야 한다""라고 조언했습니다. 거래 플랫폼 정책 및 규제 명확화 시급원화 스테이블코인 시대를 앞두고, 가상자산 티커로 인한 상표권 분쟁을 방지하기 위해서는 투명한 거래 플랫폼 정책과 규제 명확성을 확보해야 한다는 목소리가 나옵니다.일부 플랫폼은 선제적으로 상표권 분쟁 방지 정책을 마련하고 있습니다. 가상자산 정보 플랫폼 코인게코(CoinGecko)는 플랫폼 운영 조항에 상표 침해 기준을 명확히 제시하며, 타인의 상표권을 침해하는 프로젝트, 심볼, 티커에 대해 코인게코 측은 상장 폐지, 이름 변경 등의 조치를 취할 수 있다고 명시했습니다.
                    



코인게코 플랫폼 내 프로젝트, 심볼, 티커 관련 상표권 조항. 상표권 침해 프로젝트에 대한 상장 폐지 및 이름 수정이 가능하다고 명시했다. / 사진=코인게코

                그러나 법적 안정성보다 일시적 유동성을 우선시하는 일부 거래 플랫폼들은 상표권 충돌시 투자자의 주목을 더 받는 프로젝트에 유리한 방향으로 자의적 결정을 내리고 있는 실정입니다.이강욱 변리사는 ""국내 시장에서 발행된 원화 스테이블코인이 글로벌 시장에 진출하는 상황에서도 해외에서 동일 티커가 무단 상장되는 문제가 충분히 발생할 수 있다""라며 ""지금이라도 글로벌 상표권 검색과 전문가 사전 검토를 의무화하고 티커 충돌을 방지하기 위해 최소한의 주요 거래소 간 연동 체계를 마련하는 등 실질적 예방 조치를 도입해야 한다""라고 강조했습니다.이어 ""가상자산 시장이 성숙해질수록 브랜드 가치의 중요성은 더욱 커질 것""이라며 ""지금부터라도 체계적인 티커, 상표권 보호 시스템을 갖추지 않는다면, 더 큰 규모의 분쟁과 투자자 혼란이 불가피해질 수 있다. 원화 스테이블코인 시장이 본격화되며 KRW 관련 티커 경쟁이 치열해지는 현 시점에서는 선제적 대응이 무엇보다 중요하다""라고 덧붙였습니다.<[Web 3.0 리포트]는 블록체인·가상자산(코인) 투자 정보 플랫폼(앱) '블루밍비트'에서 주기적으로 받아보실 수 있습니다># 인터넷은 90년대 대중 보급 이후 30여 년간 쉬지 않고 진화했습니다. 제한적 정보에 일방적 접근만이 가능했던 웹 1.0(Web 1.0), 대중이 직접 정보를 제작하고 공유하는 플랫폼 중심 웹 2.0(Web 2.0) 시대를 지나 현재 우리는 블록체인 기술 기반 탈중앙화 프로토콜을 활용해 대중 모두가 운영 주체로 거듭날 수 있게 된 웹 3.0(Web 3.0) 시대를 살아가고 있습니다.'Web 3.0 리포트'는 블록체인 시장과 웹 3.0 전환에 대한 정확하고 심도 있는 정보를 독자분들께 전달하고자 합니다.이영민 블루밍비트 기자 20min@bloomingbit.io",https://www.hankyung.com/article/202507146819g,2025.07.15 17:49
,,,https://magazine.hankyung.com/business/article/202507108951b,
"美증시 ""결국 관세 낮아질 것"" 낙관 속 하락폭 축소","비트코인 12만달러 돌파에 암호화폐 관련주 일제 강세
이번주 CPI발표, 기업실적시즌 시작","사진=REUTERS

                금주에 6월 소비자물가와 기업실적 발표를 앞둔 미국 증시는 14일(현지시간) 트럼프 행정부가 관세 위협을 강화한 가운데 하락세로 출발했으나 결국 관세 인하 협상이 이뤄질 것이라는 예상으로 하락폭은 제한됐다. 14일(현지시간) 미국 동부시간으로 오전 10시에 S&P500은 0.12% 하락했고 나스닥 종합 지수는 0.2% 내렸다. 다우존스 산업평균은 등락이 엇갈리고 있다. 15일에 발표될 6월 소비자물가지수(CPI)보고서를 앞두고 10년물 국채 수익률은 2베이시스포인트(1bp=0.01%) 오른 4.43%를 기록했다.미국 하원이 금주에 암호화폐 관련 법안들을 다수 처리할 것으로 예상되는 가운데 비트코인은 사상처음으로 12만 달러를 넘어섰다. 비트코인은 이른 오전 시간에 한 때 12만3,000달러를 넘어섰으며 오전 10시경에는 2.3% 상승한 121,846.192달러에 거래중이다. 이더도 1.8% 상승해 3,045.31달러에 거래되고 있다. 이 날 증시에서도 암호화폐 관련 주식들이 상승세를 주도했다. 마라톤홀딩스는 11%, 라이엇 플랫폼은 8% 급등했다. 마이크로스트래티지는 4.5%, 코인베이스와 로빈후드는 각각 2% 이상 상승했다. 서클 인터넷도 1.5% 올랐다. 테슬라 주가는 1.1% 상승했으며 대형 기술주 가운데 엔비디아는 0.6% 하락했으나 알파벳과 아마존, 메타 플랫폼이 오름세를 보이고 있다. 트럼프 대통령이 주말동안 유럽연합(EU)과 멕시코에 30% 관세를 부과하겠다고 위협하면서 미국 증시의 회복 탄력성이 시험대에 오르고 있다. 시장은 이를 대체로 협상 전략으로 보고 최종 관세가 완화될 것으로 예상하고 있다. 그러나 도이체방크의 전략가 짐 리드 는 ""시장은 일반적으로 이것이 협상 전략이라고 생각하지만 허세가 어느 순간 현실로 드러날 수도 있다”고 말했다. 거래가 적은 하반기 시장에서 8월 1일 대규모 관세중 일부가 현실화될 경우 시장의 충격이 상당할 수 있다는 지적이다. 금주에는 15일 JP모건체이스 등 주요 은행들의 실적 보고를 시작으로 기업들의 분기 실적이 발표된다. GDS 자산운용의 최고투자책임자(CIO) 글렌 스미스는 ”지금까지 시장이 관세 관련 문제를 잘 견뎌냈으나 기업 실적이 여전히 관세 문제를 가릴 수 있을지가 관건”이라고 지적했다. 투자자들이 주시해야 할 또 다른 잠재적 요인은 트럼프 행정부와 연방준비제도간의 불화이다. 케빈 해셋 국가경제위원회(NEC) 위원장은 전 날 ABC 뉴스와의 인터뷰에서 트럼프 대통령이 “명분이 있다면 제롬 파월 연준 의장을 해임할 수 있다”고 말했다. 트럼프 행정부 관계자들은 연준의 본관 건물 개보수 비용을 조사하면서 파월 의장에게 금리 인하 압력을 넣고 있다. 연준은 이 개보수 사업에 대한 비판에 반박했다. 도이체 은행의 도이체방크의 전략가 조지 사라벨로스는 파월 의장의 해임 가능성은 미국 달러와 국채의 매도를 촉발할 수 있는 위험으로 매우 저평가된 위험이라고 말했다. 15일에 발표될 미국의 소비자물가지수(CPI)와 관련, 월가 경제학자들은 기업들이 수입 비용 상승분을 전가하기 시작하면서 물가 상승률이 높아졌을 것으로 예상하고 있다. 이번 주 후반에 발표될 소매판매, 산업생산, 소비자심리지수와 더불어, 이 데이터는 연준의 금리 인하에 대한 관망적인 입장을 시험할 수 있다.김정아 객원기자 kja@hankyung.com",https://www.hankyung.com/article/202507147889i,2025.07.14 23:18
"삼양식품, 소스 기업 인수 추진…'불닭株' 에스앤디 16%↓",,"사진=연합뉴스

                에스앤디의 주가가 급락하고 있다. 주요 고객사인 삼양식품이 소스 전문 기업 지앤에프를 인수·합병한다는 소식이 전해지면서다. 에스앤디는 삼양식품에 불닭 소스 원료를 공급하고 있다.14일 오전 9시11분 현재 에스앤디는 전 거래일 대비 2만1800원(16.55%) 내린 10만9900원에 거래되고 있다. 장중 11만700원까지 하락하기도 했다.삼양식품이 소스 전문 기업을 인수한다는 소식이 전해지자 에스앤디에 매도세가 몰린 것으로 보인다. 에스앤디는 삼양식품에 불닭 소스 원료를 독점 공급하고 있다. 삼양식품이 소스 원료를 자체 생산하면 독점 구조가 깨져 에스앤디 실적이 악화할 수 있기 때문이다.투자은행(IB) 업계에 따르면 삼양식품은 지앤에프 지분 100%를 약 600억원에 인수하는 방안을 추진하고 있는 것으로 알려졌다. 지앤에프의 작년 매출액과 영업이익은 417억원, 32억원이다.진영기 한경닷컴 기자 young71@hankyung.com",https://www.hankyung.com/article/2025071458716,2025.07.14 09:16
"몸값 2조 대어 대한조선, 수요예측 흥행",22~23일 일반청약…내달 상장,"하반기 기업공개(IPO) 시장 최대어로 꼽히는 대한조선이 유가증권시장 상장을 위한 기관 수요예측에서 흥행했다.17일 투자은행(IB)업계에 따르면 대한조선이 지난 11일부터 이날 오후 5시까지 진행한 기관 수요예측에 국내외 기관투자가 2000여 곳이 참여했다. 참여 기관 대부분이 희망 공모가격(4만2000~5만원) 상단 이상에 주문을 넣었다. 공모가는 상단에서 결정될 것으로 보인다. 공모가 5만원 기준 공모금액은 5000억원, 상장 시가총액은 1조9263억원이다.조선업 호황에 기댄 실적 호조세가 투자자 관심을 끌어냈다. 대한조선은 지난해 매출 1조746억원, 영업이익 1582억원을 올렸다. 전년 대비 매출이 32%, 영업이익은 340% 증가했다. 상반기에 국내 공모주 시장에 큰 관심을 보이지 않던 해외 기관도 이번 대한조선 수요예측에는 비교적 활발하게 참여한 것으로 알려졌다. 대한조선은 22~23일 일반 청약을 거쳐 다음달 상장한다.최석철 기자 dolsoi@hankyung.com",https://www.hankyung.com/article/2025071753931,2025.07.17 17:25
"LG씨엔에스, 외국인·기관 동반 매수에 ‘소폭 반등’…수급 안정으로 추가 상승 기대감",,"LG씨엔에스가 코스피 시장에서 장중 소폭 반등하는 모습이 나오면서 시장에서 주목받고 있다.특히 외국인은 최근 연속 순매수를 기록 중이며, 중장기적으로도 꾸준한 자금 유입 흐름이 이어지고 있다. 이는 상장 초반 개인 중심의 급등락에서 벗어나 외국인 중심의 안정적 수급 기반이 마련되고 있다는 신호로도 해석된다.LG씨엔에스는 IT서비스·클라우드·AI 등 디지털 전환 수혜 기업으로 꼽히며, 이미 6월 들어 주가가 크게 반등했다. 그러나 여전히 PER 약 19배 수준으로 IT 업종 평균 대비 높은 밸류에이션은 부담 요인으로 지적된다.밸류에이션 리스크 해소는 외형 성장과 수주 모멘텀 실현 여부에 달려 있다. 클라우드·AI 매출과 더불어 최근 한국은행 디지털화폐(CBDC) 프로젝트 참여 기대도 ESG 수혜 메시지를 강화하고 있다.향후 관건은 기관 매수 전환 유지 여부와 AI·클라우드·CBDC 사업의 실적 반영 시점이다. 기술적 지표 분석에서도 “수급 기반 반등 흐름이 지속된다면, 단기 조정 후 추가 상승 여력이 열릴 수 있다”는 해석이 나온다폴라리스오피스, 글로벌에스엠, 한미약품, 일진전기, 디어유무료상담",https://www.hankyung.com/article/202507084328a,2025.07.08 13:23
9~10% 주식 관련 대출에서 3%대 대출로 교체,,"전송종목 : 코웨이, 포스코DX, 롯데쇼핑, 기업은행, 동서최근 주식 투자자들 사이에서 주식대출(미수/신용융자 등)의 고금리에 대한 부담이 커지고 있다.특히 저금리를 적용 받고 싶어도, 기존 대출을 상환하고 다시 주식을 매수해야 하는 번거로운 절차와 자금 조달의 어려움이 발목을 잡고 있다.이런 현실적인 문제를 해결하고자, 무빙스탁이 ‘증권사 신용, 대환자금대출’ 서비스를 전격 출시했다.이 상품은 주식을 매도하지 않고도, 기존의 고금리의 주식대출(미수/신용융자 등)의 3%대의 혁신적인 저금리 증권사로 전환할 수 있도록 상환자금을 제공하는 것이 핵심이다.무빙스탁 관계자는 “현재 증권사 이벤트 금리는 연 3%대 수준으로, 기존 9~10%대 고금리를 적용받는 투자자라면 절감 효과가 상당하다”며, 금리를 5%만 낮추면 “1억원 신용대출 기준으로 연간 약 500만원, 3억원이라면 1,500만원까지도 절약할 수 있다”고 밝혔다.더 놀라운 점은, 현재는 이벤트 기간으로 대환자금대출 신청시 발생하는 이자 비용까지 ‘0원’이라는 사실이다. 대환자금에 대해서 하루의 대출이자도 부담하지 않고 기존 고금리 대출을 저금리로 전환할 수 있어, 고금리 부담에 시달리던 투자자들에게 큰 호응을 얻을 전망이다.이 서비스는 부동산 시장에서 흔히 이용되던 대환대출 개념을 증권시장에 도입한 혁신적인 시도로, 주식 투자자들의 자금 운용에 새로운 대안을 제시할 것으로 기대된다.무빙스탁 ‘증권사 신용, 대환자금대출’의 비용 무료 이벤트는 이벤트 기간 동안 한정적으로 제공되는 만큼, 신용융자를 이용 중인 투자자라면 지금 바로 확인해볼 필요가 있다.★ 장마감 시간이 가까워질수록 문의가 많아 상담이 지연될 수 있습니다.★ 7월 문의하신 고객들이 많이 보유하신 종목으로는 삼성전자, POSCO홀딩스, 셀트리온, 포스코퓨처엠, 에코프로비엠, NAVER, 에코프로, 삼성SDI, LG화학, SK하이닉스, 두산에너빌리티, 카카오, SK이노베이션, LG에너지솔루션, 엘앤에프, 삼천당제약, 현대차, 알테오젠, HPSP, LG전자 등이 있습니다.★ 안내사항과도한 빚은 당신에게 큰 불행을 안겨줄 수 있습니다. 대출 시 신용등급 하락으로 다른 금융거래가 제약받을 수 있습니다. 중개수수료를 요구하거나 받는 것은 불법입니다.상호명: ㈜단비대부 2021-서울영등포-2102(대부업) | TEL: 1544-4886 | 대출금리: 연 20%이내(연체금리는 약정금리+3%p이내, 최대 연 20%이내) | 단, 2021. 7. 7.부터 신규체결, 갱신, 연장되는 계약에 한함 | 채무의 조기상환 조건 및 부대비용 없음. (단, 신용조회비용 및 담보권설정비용 있음), 이자 외 별도로 중개수수료를 요구하거나 수취하는 것은 불법입니다. | 대표이사: 박동원 | 사업자등록번호: 274-86-00231 | 등록기관명칭: 서울 영등포구청(담당부서: 일자리경제과, 02-2670-3420) | 소재지 : 서울 영등포구 여의대방로67길 11, 5층 517호 | 개인정보관리자메일: help@danbifund.co.kr무료상담",https://www.hankyung.com/article/202507223165a,2025.07.22 08:33
"""은행서 대출 금지? P2P로 받으면 돼""…꼼수에 칼 빼든다",,"뉴스1

                금융당국이 '주택담보대출(주담대) 한도 6억원' 규제를 회피하기 위한 꼼수·편법 대출 움직임을 차단한다.금융위원회는 9일 서울 광화문 정부서울청사에서 관계기관 합동 '가계부채 점검 회의'를 열고 ""부동산 관련 불법·탈법·이상 거래를 엄정 대응하겠다""며 이렇게 밝혔다.금융감독원은 사업자 대출을 전수 조사해 용도 외 유용 여부를 점검하고 용도 외 유용 확인 시 대출 회수 및 신규대출 제한 조처를 할 예정이다. 금감원은 가계대출 총량 관리 목표치를 절반 수준으로 감축하기로 한 데 따라 금융회사들로부터 월별·분기별 관리 목표치를 새로 받아 준수 여부도 점검한다.국토교통부는 자금출처 의심 사례, 허위 계약 신고 등을 지속 점검하고, 위법 사항에 대해서는 수사 의뢰 등 무관용 원칙으로 대응하기로 했다. 국세청은 시장 과열 지역을 중심으로 탈세 정보 수집을 강화한다.부동산 실거래 자료, 등기자료, 소득·재산자료 등을 활용해 편법 증여 등 탈루 혐의를 면밀히 검증한다. 이번 대출 규제의 '사각지대'로 꼽히는 온라인투자연계금융(P2P)나 대부업 등으로 풍선 효과 가능성과 관련해 모니터링을 강화하기로 했다.한편 정부가 지난달 27일 가계 대출 규제를 발표한 이후 대출 수요가 P2P업계로 이동할 것이란 전망이 나왔다. P2P 대출은 당국의 대출 규제에서 빗겨나 '사각지대'에 놓여 있다. 실제 P2P 업체들은 ""주택담보인정비율(LTV) 최대 85%까지 대출이 가능하다"" 등의 문구로 고객을 유치하는 움직임을 보였다.P2P 대출이란 온라인 플랫폼을 통해 대출자와 투자자를 직접 연결해 개인이나 기업에 대출해 주는 금융 거래를 말한다. 금융회사를 거치지 않기 때문에 당연히 대출 규제와도 무관하다. 은행과 2금융권에서 대출받고도 잔금이 부족한 이들이 P2P 업체를 주로 찾는다. P2P 업체는 '온라인투자연계금융업법'을 적용받는데 대출 한도는 '대출 채권 잔액의 7% 및 70억원 중 적은 금액 이내'로 규제가 느슨하다.이송렬 한경닷컴 기자 yisr0203@hankyung.com",https://www.hankyung.com/article/2025070974337,2025.07.09 13:18
"기보, 국민은행과 1467억 규모 협약보증 공급계약 체결","AI 방산 바이오 콘텐츠 에너지 기후위기대응 등
미래전략산업 영위 R&D 기업 대상 협약보증","기술보증기금은 국민은행과 '미래성장산업 육성 및 성장기반 구축을 위한 대한민국 진짜 성장 금융지원 업무협약'을 체결했다고 21일 밝혔다.이번 협약은 미래성장산업을 육성하고 지속 가능한 성장기반을 조성함으로써 민간과 공공의 협력을 통해 대한민국의 ‘진짜 성장’을 선제적으로 지원하기 위해 마련됐다. 양 기관은 협약에 따라 AI, 방산, 바이오, 콘텐츠, 에너지 등 기술주도 신산업과 기후위기 대응 등 미래세대를 위한 성장기반 구축 분야의 R&D기업을 공동으로 지원하고, 최대 1467억원 규모의 협약보증을 제공할 계획이다.기보는 국민은행의 특별출연금 40억원을 재원으로 최대 800억원 규모의 특별출연 협약보증을 지원한다. 기보는 △보증비율 상향(85%→100%, 3년간) △보증료 감면(0.2%p↓, 3년간) 등의 우대혜택을 제공한다.또 국민은행의 보증료지원금 10억원을 기반으로 667억원 규모의 보증료지원 협약보증을 공급하며, 국민은행은 보증료(0.5%p, 3년간)를 지원한다.지원대상은 기보의 기술보증 요건을 충족하는 신기술사업자 중 △AI·반도체 △제약·바이오·헬스케어(K푸드) △자동차·조선·방산(항공우주) △한류·S/W·문화콘텐츠 △ESG·친환경·탄소·에너지 △딥테크·핀테크 분야의 R&D기업이다.김종호 기보 이사장은 “이번 협약을 통해 AI, 방산, 문화콘텐츠 등 미래 먹거리 산업을 영위하는 R&D기업의 사업화를 적극 지원함으로써 ‘대한민국 경제의 진짜 성장’ 시대를 뒷받침할 금융기반을 마련했다”며 “기보는 앞으로도 금융기관과의 협업을 확대해 미래 전략산업 육성을 적극 지원하고 기술주도 성장에 기여하도록 최선을 다하겠다”고 말했다.민지혜 기자 spop@hankyung.com",https://www.hankyung.com/article/202507211232i,2025.07.21 10:31
"키움증권, 국민은행과 맞손…개인 환전 서비스 출시",,"키움증권이 국민은행과 전략적 업무협약(MOU)를 체결했다고 8일 밝혔다. 양사 간 업무 협약식은 엄주성 키움증권 대표이사와 이환주 KB국민은행장이 참석한 가운데 전날 오후 서울 여의도 KB국민은행 본점에서 진행됐다.키움증권과 KB국민은행은 본 협약을 통해 급변하는 금융시장에서 양사의 전문성과 역량을 결합해 기존에 없던 고객 서비스를 구현하는데 협력하기로 했다. 특히 외환 분야에서 고객 편의성을 높이는 서비스를 선보일 예정이다.이번 협약을 바탕으로 키움증권은 KB국민은행과 함께 일반 국민 모두가 자유롭게 환전할 수 있는 서비스를 선보인다. 증권사 최초로 외화 예수금을 현찰로 인출할 수 있는 서비스 ‘달러찾기’를 이달 중순 내놓는다. 달러찾기는 키움증권 위탁 외화계좌를 가진 고객이면 누구나 이용할 수 있다. 외화는 미국달러(USD), 유럽연합유로(EUR), 일본엔화(JPY)를 인출할 수 있다.서비스를 정식 시행하면 국민은행 일반영업점 가운데 외화를 취급하는 곳이면 어디서든 외화를 인출할 수 있다. 다만, 공항 지점의 경우 추가적인 협의사항이 남아있어 추후 확장할 계획이다.이용방법은 간편하다. 키움증권 모바일트레이딩시스템(MTS) 영웅문S#에서 외화출금 신청을 하고, 외화 수령일을 지정한 뒤 해당 은행 영업점에 방문하면 된다. 수수료는 3개 통화 모두 0.5%다. 신청하는 외화로 계산돼 예탁금 잔액에서 차감된다.키움증권과 KB국민은행은 외화현찰지급 서비스에서 나아가 트래블러스카드, 해외 송금 등 다양한 고객의 환전 니즈에 맞춘 서비스도 내놓을 계획이다.엄주성 키움증권 대표는 “이번 협약으로 고객들은 투자 뿐만 아니라 환전까지 더욱 쉽고 편리하게 이용할 수 있을 것”이라면서 “앞으로도 고객 편의성을 최우선에 두고 혁신적인 금융 서비스를 지속적으로 선보일 것”이라고 말했다.키움증권은 지난해 7월 증권사 최초로 기획재정부로부터 일반환전 자격을 얻은 바 있다. 일반 국민과 기업을 상대로 일반환전할 수 있게 되면서 지난 3월 기업 일반환전 서비스를 선보인 바 있다.",https://www.hankyung.com/article/202507083960P,2025.07.08 09:05
"""도덕적 해이? 빚탕감 기대하고 신불자로 살 수 있나""","李, 대전서 타운홀미팅

""코로나 때 정부가 빚 떠넘겨
빚쟁이 된 소상공인 책임질 때""

""자원 몰아서 성장하는 전략 한계
이제 균형발전 자리 잡아야""","< 광주 이어 충청 찾은 李대통령 > 이재명 대통령이 4일 대전컨벤션센터에서 타운홀 미팅 형식으로 열린 ‘국민소통 행보 2탄, 충청의 마음을 듣다’ 간담회를 하고 있다. 이 대통령은 “금융기관이 빚을 갚지 못할 것이라고 판단해 산정한 이자를 다 받았는데도 끝까지 쫓아가서 받으면 부당이득이 된다”며 악성 채무를 정부 차원에서 탕감해줄 필요가 있다고 강조했다.   /연합뉴스

                이재명 대통령은 4일 대전컨벤션센터에서 연 ‘충청권 타운홀 미팅’에서 상당 시간을 할애해 장기 연체된 소액 채무를 탕감해줘야 할 당위성에 관해 설명했다. 채무 탕감이 도덕적 해이를 불러온다는 지적을 거론한 뒤 이를 반박하기도 했다. 이 대통령은 추가 채무 조정 대책을 내놓을 것이라고 예고했다. ◇“취약 차주 채무, 정리해줘야”이 대통령은 이날 ‘7년 이상 연체된 5000만원 이하의 부채 탕감’을 반영한 추가경정예산안을 언급하며 “대전에 와서 진짜로 하고 싶은 얘기는 이것”이라고 운을 뗐다. 이 대통령은 취약 차주 채무 탕감에 대해 “정리해주는 것이 형평성에 맞다”며 “7년간 빚을 못 갚아 신용 불량으로 경제 활동을 못 하는 사람의 빚을 정리해주지 말자고 하는 게 인도적 차원에서 바람직하냐”고 말했다. 도덕적 해이가 발생할 수 있다는 비판을 고려한 발언도 이어갔다. 이 대통령은 “코로나19 시기에 다른 나라 정부는 빚을 져 임대료, 고정비용 등을 보전해주는 급여보호프로그램(PPP) 정책 등을 실시했다”며 “(그러나) 우리나라는 다 빌려줘서, 개인에게 떠넘겨 자영업자 부담이 늘어났다”고 설명했다. 이어 “소상공인이 빚쟁이가 됐으니 정부가 이제 책임져야 하지 않겠냐는 게 제 생각”이라고 말하자 좌중에서 박수가 터져 나왔다. 이 대통령은 “이 문제에 대해 추가로 대책을 세워볼 생각”이라고 했다. 국가 재정을 투입해 자영업자를 지원해주는 정책을 또 발표하겠다는 의미다.이날 한 자영업자가 “이 대통령의 선한 마음은 이해하지만 채무 조정과 개인 회생, 파산 제도가 있는 이유가 있지 않으냐”고 반론을 제기하자, 이 대통령은 “‘열심히 상환한 사람을 지원해줘야지’라고 생각할 수도 있지만 사회는 기본적으로 연대”라며 이해를 구했다. 그러면서 “채권자 입장에선 장부에 쓰인 숫자에 불과하다”며 “신용 불량자로 경제 생활을 못 하는 사람을 그냥 두면 사회·경제적으로 비용이 크다”고 덧붙였다.이 대통령은 일자리를 창출해 자영업자 수를 줄여야 이런 문제가 근본적으로 해결될 것이라고 언급했다. 이 대통령은 “우리나라에 자영업자가 너무 많다”며 “스펀지처럼 실업자의 상당 부분이 자영업으로 들어가는 것”이라고 했다. 그러면서 “일자리와 기업을 늘리고 국민 전체 소득이 올라야 근본적으로 해결될 길이 열린다”고 말했다.은행권은 채무 탕감을 당연시한 이 대통령 발언에 당혹감을 숨기지 못했다. 한 시중은행 임원은 “10명 중 1명이 빚을 갚지 못할 것을 예상하고 9명에게 이자를 받는 것은 맞지만, 빚을 연체한 1명에게 끝까지 추심을 진행해 결국 회수하는 빚과 그 이자도 분명히 9명의 금리에 반영된다”며 “채무 탕감이 당연해지면 정상적으로 빚을 갚는 9명의 대출 금리가 오를 수밖에 없다”고 강조했다. ◇李 “균형 발전 필요해”이 대통령은 대기업과 수도권에 편중된 경제 성장 방식을 비판했다. 이 대통령은 “고도 성장기엔 성장을 위해 자원 배분이 한쪽으로 몰릴 수밖에 없었다”며 “지역으로 보면 서울에 집중됐고, 기업으로 보면 몇몇 대기업을 골라 집중 육성했다”고 말했다. 이 대통령은 이를 통해 대한민국이 전 세계 유례없이 압축 성장했다는 점을 인정하면서도 “지금은 한쪽으로 (자원을) 몰아서 성장하는 전략은 한계에 다다랐다”고 지적했다. 이어 앞으로는 자원이 골고루 배분되는 ‘공정 경제’가 자리 잡아야 한다고 언급했다. 이 대통령은 “작은 기업이든, 큰 기업이든, 스타트업이든 공평한 기회 속에 성장하고, 큰 기업도 부당하면 시장에서 퇴출되는 정상 경제 생태계를 만들어야 한다”고 강조했다. 그러면서 “특권화된 몇몇 집단 또는 사람의 지위도 해체해야 하지 않나 생각한다”고 했다.김형규/한재영/정의진 기자 khk@hankyung.com",https://www.hankyung.com/article/2025070492981,2025.07.04 18:05
"연준 독립성 훼손 우려에 금리 급등…""그림자 연준 될 수도""",,"영상 모듈 닫기




<앵커>한국경제산업연구원 김광석 실장과 함께 합니다.실장님 시장이 참 힘이 대단한 것 같아요 양전했습니다.<김광석 실장>네 어제 좀 놀랐다가 또 아침에 조정이 많이 시작됐다가 또 역시 유동성의 힘이 발현되는 거 아닐까 혹은 관세 전쟁의 양상이 좀 완화되는 거 아닐까세계 주요국들과 무역 협상을 해결해 나가는 과정에서 관세율이 조정되는 게 아닐까.여러 가지 세계 경제에 영향을 미치는 관세나 미국 부채 문제나 금리나 여부. 이런 것에 대한 공포감에 치솟았다가 완화됐다가 하는 현상이라고 생각하고 있습니다.<앵커>환율이 여전히 높은 수준인데도 우리 시장이 버텨준단 말이죠.<김광석 실장>네, 기본적으로 여러분들도 많이 주목하고 계시다시피 상법 개정뿐만 아니라 우리나라의 금융 시스템 자체를 선진화해 나가기 위한 그런 제도적 장치들을 추가적으로 보완하고 있기 때문에 돈이 이동하긴 하거든요. 그러니까 돈이 유동성이 쏟아지긴 합니다. 25년 하반기는 유동성이 쏟아지는 장세이긴 해요. 그런데 그 유동성이 어디로 갈 것인가의 문제거든요. 미국으로만 갈 것인가, 한국으로 갈 것인가. 그것을 정하는 과정에서 상대적으로 금융시장의 선진화가 이루어지는 그런 시장으로 돈이 집중하고 있는 모습이라고 생각해 볼 수 있겠습니다.<앵커>사실 오전에 시장이 흔들렸던 이유 중에 하나가 파월 이슈가 좀 있었습니다. 파월 해임 이슈가 시장을 들었다 갔다 했는데 파월이 자진 사임을 하거나 아니면 트럼프가 해임을 시키거나 결국에는 내년 5월까지 임기를 채우기가 어려운 상황이 왔다고 보세요?<김광석 실장>저는 그렇게 보지는 않습니다. 그러니까 그 공포감이었던 거죠. 자꾸 파월을 해임하겠다. 또 파월 입장에서는 사임하겠다. 이런 입장을 표현은 하고 있지만 사실 해임할 수가 없고 사임하지 않을 거라고 생각합니다.왜냐하면 파월 의장이 스스로 사임을 선택한다. 스스로 중앙은행의 독립성을 무시하는 격이 돼요.그건 좋은 전례가 아닙니다. 그러니까 파월의 선배들 있고 많은 후배들이 있고 연준의 많은 동료들이 있는데 그 동료들 보는 앞에서 내가 스스로 독립성을 무시하는 의사결정을 내릴 거다? 저는 그렇게 생각은 안 합니다.그렇기 때문에 그동안에도 계속 논의가 됐었지만 트럼프가 계속 해임하겠다고 표현하는 것. 파월은 사임하지 않겠다고 표현하는 것. 이것은 트럼프의 입장이 정말 통화정책의 메커니즘을 모르고 그렇게 해임하겠다고 하는 것인지. 아니면 정치적으로 거봐라. 나는 통화정책의 메커니즘을 알고 있지만 지금 금리 인하 어렵다는 것도 알고 있으면서 국민들 보라고. 나는 금리 인하를 요구한다. 여러분들 높은 금리에 힘들죠? 그런데 금리 인하 안 하고 있는 건 나 때문에가 아니라 파월 때문이다. 관세 때문이 아니라 금리 때문이 아니라. 정치적인 견해를 계속 주는 겁니다. 정치적인 사인을 계속 주고 있는 것이라고 해석하고 통화정책의 메커니즘상 현재 파월의 대변인처럼 제가 잠깐 말씀드린다면 통화정책의 메커니즘을 알고 있는 사람으로서는 도저히 금리인할 만한 여건이 아닌 거예요. 그렇게 의견을 드리겠습니다.<앵커>지금 트럼프가 파월을 몰아내려고 하는 이유는 말씀하신 것처럼 연준의 기준금리를 낮추는 쪽으로 갔으면 좋겠다는 의견인 건데 시장이 사실 기준금리가 낮아진다고 하면 더 좋아해야 하지 않습니까? 그런데 파워를 끌어내리려고 할 때마다 충격을 받는단 말이죠. 증시가. 이건 어떤 현상이라고 해석을 해야 할까요?<김광석 실장>미국의 신뢰가 무너지고 있다. 한번 생각해 보세요. 미국의 신뢰는 특히 무엇의 신뢰입니까? 미국 달러의 신뢰예요. 미국 달러 자산에 대한 신뢰 혹은 미국 달러 표시 국채에 대한 신뢰예요. 그런데 한번 생각해 보십시오. 달러를 누가 반영합니까? 우리나라에서 원화를 누가 발행하죠? 그 통화의 발행 주체는 중앙은행입니다. 그런데 중앙은행의 가장 핵심적인 법적 지위는 독립성이에요. 그런데 자꾸 트럼프가 내가 해임시키겠다라고 하는 것은 미국이라는 나라에서 달러를 발행하는 주체인 중앙은행에 대해서 독립성을 완전히 무시하는 처사를 하고 있네라고 한다면 세계 많은 투자자들이 봤을 때 미국 달러 표시 자산에 관심이 있을까요? 미국 국채의 신뢰도가 계속 유지될 수 있을까요? 아니죠. 그러니까 미국 달러 표시 자산 혹은 채권에 대한 신뢰도가 자꾸 떨어지는 겁니다.그럼 미국 국채 발행량은 늘어날 것으로 지금 감지하고 있는데 특히 이번에 OBBA 법안이 통과되면서 부채 한도를 증액했죠. 그럼 예를 들면 5조 달러만큼의 국채 발행이 향후 전개될 거라고 볼 수 있겠는데 어마어마한 국채 발행입니다. 그런데 국채 발행은 해도 매수가 일어날 것인가의 문제예요.그런데 미국 달러 표시 채권에 대한 신뢰도가 떨어지니까 발행량은 늘어나고 신뢰도는 뭉개지니까 매수세는 없겠다. 바로 국채 가격이 떨어지고 다른 말로 국채 금리가 치솟는.  그러니까 계속 트럼프가 계속 국채 금리가 치솟는 게 걱정이 되고 금리 인하하길 원한다면 제가 이렇게 말씀을 전해드릴게요. 그 입을 닫으면 돼요.  그 말씀을 안 하시면 국채금리 떨어지고 관세전쟁 이랬다 저랬다 하지 않으면 그러면 지금 진작 금리 인하했을 겁니다.세계 주요국 보세요. 기축통화국이라고 볼 수 있는 스위스. 제로금리 도입했습니다. 스웨덴 2.0%까지 금리 인하했습니다. 유로존이요. 4.5%에서 지금 2.15%를 도입하고 있습니다. 세계적으로 자연스럽게 물가 안정화의 흐름이 나타나다 보니까 자연스럽게 금리 인하를 단행하는 거예요. 우리나라도 올해 연내 금리 인하를 하지 않았습니까 미국만 못하고 있는 거예요. 왜? 관세가 이랬다 저랬다 하고 관세가 물가에 미치는 영향이 어떻게 될지 모르니중앙은행으로서는 금리 인하를 못하는 거죠 이런 것을 본다면 트럼프 행정부의 정책이 만약에 그 관세 전쟁이 내년에 시작됐으면 어땠을까 제가 만약에 백악관 경제 자문이라고 한다면 올해는 아니다. 금리 인하할 여지를 남겨두세요. 그리고 26년에 금리 인하 다 한 후에 관세 전쟁 펼쳐도 괜찮습니다.저는 이랬을 것 같아요.그러니까 지금 관세 때문에 금리 인하도 못하고 금리 인하 못하니까 금리 인하 하라고 하니까 미국 국채 채권에 대한 신뢰도가 떨어지고 계속 지금 난장판인 거죠.<앵커>그 실장님께서 방금 말씀하신 연준의 독립성을 흔드는 일이 사실 트럼프 대통령이 올해 내내 앞으로 계속될 수도 있을 것 같은데 파월이 사임하지 않는다면요. 그랬을 때 이게 생각보다 가볍지 않은 문제일 수도 있는 겁니까?<김광석 실장>가볍지 않은 문제입니다. 이 부분 좀 말씀을 드려보면 어쨌든 제롬 파월 연준 의장의 임기는 5월까지입니다. 법적으로 해임할 수 있는 능력은 없습니다.그리고 역시 파월은 변호사잖아요. 연준 법을 잘 알고 있어요. 그러니까 해임시킬 수도 없고 사임 될 이유가 없다고 판단하고 있습니다. 그리고 실제 해임을 시킨다면 미국 국채 가격은 정말 급락할 수도 있습니다. 그런 일은 있을 수 없다.계속 그때마다 치킨 런 하는 거예요. 여기서 만약에 이 사안 사임시킬 수 없고 해임할 수 없다라고 가정한다면 그 다음 전략은 뭘까요?바로 그림자 연준은행 제도인 거죠. 계속 차기 연준 의장을 미리 선임해놓고 여러분 생각해 보세요. 내년 5월이 임기예요. 그런데 벌써부터 차기 연준 의장 이 사람이야 라고 주목하게 만들고 이 사람은 적극적으로 금리 인하 논자고 오히려 독립성을 지켜나가겠다는 그 발언보다 어쩌면 트럼프의 말을 정확히 받들어서 금리 인하하겠다는 발언 이런 발언을 하는 연준 의장이 차기 연준 의장으로 지목되는 거죠. 그러면서 계속 사임론, 해임론을 제기하면 파월의 파워, 연준 의회 내에서 연준 위원들 사이에서의 의견, 여러분 금리나 합시다, 금리 동결합시다 하는 파월의 의견이 제대로 발현되지 않죠.레임덕을 빨리 찾아오게 만드는 거죠. 그러니까 지금으로서는 해임사임이 아니라 결국 파월의 입지를 좀 줄여놓고 결과적으로는 파월이 아닌 연준 의원들을 좀 설득시켜서 금리 인하론을 좀 더 부추기기 위한 혹은 많은 투표 의사결정자들이 국민 보기에 나는 금리 인하를 그토록 원하는데 파월이 말을 안 듣는 것이다라는 것을 내비치기 위한 욕심 아닌가 이렇게 생각하고 있습니다.<앵커>지금 6월 CPI가 사실 상황을 보면 관세가 물가 상승에 영향을 미치고 있는 것 같거든요. 8월 이후에 아마 물가 상승이 더 심해질 텐데 그러다 보니까 8월 이후에 아무래도 나스닥이 지금 사상 최고치 가다가 그때 되면 고꾸라질 것 같다. 이렇게 보는 시각도 있거든요. 실장님 생각은 어떠세요?<김광석 실장>만약에 물가 상승률이 우리가 생각하지 못하는 수준으로 예를 들어 CPI 기준으로 2.7%가 나왔는데 예를 들어서 3%, 3.5%까지 상승한다. 그러면 금리 인하 가능성은 제로가 됩니다. 연내 금리 인하는 없어지는 겁니다. 오히려 지금의 4.5% 기준 금리가 적정한 금리가 돼버립니다. 그러니까 금리 인하 가능성에 대한 기대가 완전히 무너지는 거죠. 역시 그런 부분도 작용할 수 있겠고요. 두 번째 작용될 만한 것은 부채입니다. 부채 한도를 증액하고 국채를 많이 발행하는 과정에서 상대적으로 국채 매입세가 없는데 매도세, 발행량은 많아지면 국채 가격이 떨어지고 국채 금리가 치솟죠. 국채금리는 치솟고 기준금리 인하 가능성은 없고 그러면 양쪽으로 채권금리, 시중금리가 결정되는 논리가 시장에서 수급 요인으로 결정되고 기준금리에 연동돼서 시장금리를 자극하는 건데 둘 다 금리가 올라갈 수밖에 없는 그러면 자연스럽게 주식시장에서는 굉장히 우려하고 떠나죠.그런 일들이 있을 수 있다, 없다고 가정하기는 어렵고요. 있을 수 있다고 생각하시는 게 좋지 않을까 의견 드립니다<앵커>지금 우리 시장이 계속해서 흔들리는 요인이 대외 불확실성에 있다고 본다면 사실 이 문제는 단기간 해소 되기가 쉽지 않은데요. 관세 문제 또 연준 불확실성 문제 언제까지 이런 것들이 우리 투심을 짓누를 거라고 보세요?<김광석 실장>여러분께 이런 말씀 드리겠습니다. 우리나라 코스피의 흐름을 봤을 때 저점이 어디였습니까? 4월 3일에서 4월 9일 사이에요. 그런데 4월 3일에서 4월 9일이 뭐냐면 상호관세를 발표하고 발효한 날이었어요. 그리고 취소하면서 유예하면서 또 제자리로 찾아가는 거예요. 그런데 이렇게 V자의 그림을 그리는 바닥 구간이 4월 초중순이었단 말이에요. 그런데 이게 다른 나라는 어떨까? 똑같습니다. 다른 나라들도 똑같아요.그런데 다만 오름폭이 좀 강하다. 우리나라의 상법 개정이나 금융시장 선진화나 여러 가지 노력들이 있기 때문에 기울기는 더 높을지 몰라도 그래프의 유형은 똑같습니다. 결과적으로 세계 금융시장을 흔드는 방금 말씀드렸던 미국 경제의 여러 가지 부채 문제나 금리 문제나 인플레 요인 이런 것들이 작용한다면 우리도 기울기는 좀 다를 수 있겠지만 조정을 피하기는 어렵겠다.그래서 지금 위험한 변수들 이런 것을 지켜보는 노력은 필요하겠다 의견 드리겠습니다.<앵커>지금 TSMC에서 방금 전에 2분기 순위 예상치를 상회했다 이런 소식이 전해지고 있는데요. 오늘 SK하이닉스는 지금 굉장히 주가가 크게 조정을 받고 있습니다. 아무래도 HBM 쪽에 내년에 경쟁이 너무 심화될 거다는 우려가 좀 있거든요. HBM 산업을 어떻게 전망을 하십니까?<김광석 실장>HBM 산업 자체가 흔들리는 게 아닙니다. HBM 산업 자체는 앞으로도 무궁무진하게 요구될 겁니다. 지금 공급이 부족한 마당이에요. 그런데 그 HBM을 공급하는 3대 기업이 SK하이닉스, 삼성전자, 마이크론까지예요. 그런데 이들의 경쟁이 더 치열해질 것이라고 보는 거예요. 쉽게 말하면 SK하이닉스가 HBM 시장 중에서도 특히 고부가 가치의 HBM을 거의 점령하고 있다시피 합니다. 특히 엔비디아의 주요 고객사로 하여 납품업체가 되고 있죠.그런데 만약에 삼성전자도 납품업체가 되고 또 마이크론도 시장 지위를 확대해 나가면 당연히 SK하이닉스는 어떤 경쟁력 강화 방안을 선택할까요.두 가지밖에 없어요. 품질을 더 올리거나 혹은 가격을 낮추거나. 이 두 가지입니다. 그래서 가격을 낮출 가능성이 높다라고 현재 평가하고 있습니다.시장이 HBM 시장이 시장은 사이즈는 커지지만 시장 안에 그 공급 기업들끼리 더 경쟁이 강화되다 보니까 HBM을 집중적으로 엔비디아에 공급하고 있는 SK하이닉스 입장에서는 가격을 낮출 수밖에 없고 그렇게 된다면 영업이익이 좀 떨어질 우려가 있겠다라고 골드만삭스가 지적을 했고 그렇게 전망이 시장에 영향을 미치고 있는 것이라고 볼 수 있겠습니다.이근형기자 lgh04@wowtv.co.kr",https://www.hankyung.com/article/2025071749735,2025.07.17 15:26
"""기업은행, 현금배당 매력 부각…목표가↑""-키움",,"사진=기업은행

                키움증권은 17일 기업은행에 대해 ""배당소득 분리과세 등 세제 개편이 이뤄질 경우 현금 배당 매력이 부각될 것""이라며 목표주가를 기존 2만3000원에서 2만6000원으로 상향 조정했다. 투자의견은 '매수'를 유지했다.이 증권사 김은갑 연구원은 ""기업은행의 주주환원 정책은 자사주 매입·소각 없이 배당으로 진행돼 왔다""며 ""주주환원을 강화하면서 배당수익율이 점차 차별화되고 있는데 지난해 주당 배당금은 1065원으로 역대 최대 수준이었다""고 분석했다.이어 ""여기에 배당소득 분리과세와 관련된 세제 개편이 진행된다면 현금 배당으로 주주환원율을 높이는 기업은행의 투자 매력이 확실히 자리매김할 수 있을 것""이라며 ""배당성향 35%가 분리과세의 기준이 된다면 기업은행은 별도 재무제표 기준으로 지난해 이미 도달했고 연결 재무제표 기준으로는 31.9%를 기록했다""고 설명했다.그러면서 ""기업은행은 배당 규모를 정하는 기준으로 별도 재무제표 기준 배당성향을 사용하고 있는데 세금 관련 배당성향이 연결기준으로 적용되면 배당성향을 추가적으로 상향할 것""이라고 봤다.키움증권은 기업은행의 올해 연결기준 배당성향 전망치를 기존 32%에서 35%로 상향 조정했다. 김 연구원은 ""세제 변화와 적용 시기에 따라 달라질 여지는 있지만 배당성향은 상향되는 추세였기 때문에 연결기준으로도 35%에 근접하게 상승할 가능성이 높다""고 강조했다.고정삼 한경닷컴 기자 jsk@hankyung.com",https://www.hankyung.com/article/2025071735246,2025.07.17 08:44
"iM뱅크(아이엠뱅크), 국립대구과학관 ‘과학교육 후원금’ 전달",,"iM뱅크(아이엠뱅크, 은행장 황병우)는 지역사회 공헌과 ESG 경영 실천의 일환으로 23일(수) 국립대구과학관(관장 이난희)에서 ‘과학교육 환경 개선 및 과학문화 확산을 위한 후원금’ 4천만원을 전달했다.전달된 후원금은 과학문화 소외지역 대상 찾아가는 과학관 운영, 청소년 대상 교육 프로그램 확대, 지역사회 연계 과학문화 행사 등 국립대구과학관이 추진하는 사회적 가치 실현을 위한 공공사업에 효과적으로 활용될 예정이며, 이를 통해 지역민의 과학문화 접근성이 한층 높아질 것으로 기대된다.이난희 관장은 “과학문화 소외계층에게 많은 체험 기회를 제공하고 지역 청소년의 과학적 소양 높이기에 도움이 되는 후원에 감사드리며, 기업과 과학관이 함께하는 과학문화 나눔이 지역 사회에 따뜻한 울림을 주어 뜻깊다”는 소감을 전했다.황병우 은행장은 “아이들이 과학을 쉽고 흥미롭게 접할 수 있는 환경을 만드는 것은 미래에 대한 가장 중요한 투자로, iM뱅크(아이엠뱅크)는 어린이, 청소년 등 미래 꿈나무를 위한 다양한 지원을 진행하고 있다”고 설명하면서 “지역에 본사를 둔 시중은행으로 다방면의 지역밀착 사회공헌을 진행하고 있는 iM뱅크(아이엠뱅크)는 금번 지원으로 지역기관 및 사회와의 연대를 강화해 ESG경영을 적극 실천하겠다”는 뜻을 전했다.",https://www.hankyung.com/article/202507237278P,2025.07.23 15:47
,,,https://magazine.hankyung.com/business/article/202507186721b,
"""이래도 팔래?""…'역대급 실적' SK하이닉스, 파격 전망 나왔다 [분석+]","7월에만 1.5조 던진 외인·기관…실적 보고도 '팔자' 외칠까

SK하이닉스 2분기 실적 발표
외인·기관, 이달 들어 1조5000억 순매도

주가 7거래일 만에 30만→26만원대로 후퇴
""올  3분기 사상 첫 영업익 10조원 시대"" 전망","사진=한경DB

                SK하이닉스가 24일 분기 사상 최대 실적을 낸 가운데 외국인 투자자와 기관의 대규모 매도 흐름이 계속될지에 관심이 쏠린다.SK하이닉스는 이날 2분기 영업이익이 9조2129억원으로 전년 동기 대비 68.5% 증가했다고 발표했다. 매출액은 22조2319억원으로 35.4% 늘었다. 영업이익과 매출 모두 컨센서스(예상치 평균)에 부합했다. 당초 SK하이닉스의 2분기 컨센서스는 매출 20조6164억원, 영업이익 9조222억원이었다.SK하이닉스는 이익률이 높은 고대역폭메모리(HBM) 시장에서 엔비디아 등에 제품을 사실상 독점으로 공급하면서 역사적 호황을 누리고 있다. 추론형 인공지능(AI) 확산으로 HBM 수요가 급증하면서 SK하이닉스는 올 1분기 글로벌 D램 시장에서 사상 처음으로 삼성전자를 제치고 점유율 1위에 오르기도 했다.다만 최근 주가 흐름은 부진하다. 내년도 HBM 시장이 공급 과잉으로 흘러가 가격 경쟁력 주도권을 구매사에 넘겨줄 수 있다는 우려 때문이다. 글로벌 투자은행(IB) 골드만삭스는 내년에 HBM이 공급 과잉으로 가격이 하락한다고 예상하며 SK하이닉스 투자의견을 '매수'에서 '중립'으로 하향해 주가가 하루 만에 9% 급락하기도 했다.주가에 발목을 잡고 있는 건 외국인과 기관이다. 이들은 이달 들어서만 SK하이닉스 주식을 약 1조5000억원(외국인 4710억원, 기관 1조870억원)어치 순매도했다. 개인 투자자가 1조5860억원 물량을 받아냈다.SK하이닉스가 시장의 예상에 부합한 호실적을 내면서 주가 흐름을 반전 시킬 수 있는 계기가 될 수 있다는 분석이다. 지난 15일 사상 첫 종가 30만원대를 기록했던 SK하이닉스 주가는 불과 7거래일 만에 26만원대로 단기 급락했다.손인준 흥국증권 연구원은 ""2분기 역시 SK하이닉스가 60% 이상의 HBM 시장 점유율을 유지해 D램 실적 강세가 이어졌을 것으로 보인다""며 ""계속해서 확인되는 AI 수요 강세 신호를 감안하면 가격 협상력 약화에 대한 과도한 우려는 지양할 필요가 있다""고 말했다.채민숙 한국투자증권 연구원은 ""HBM이 전체 D램 매출의 절반 이상을 차지했을 것으로 추산된다""며 ""5세대 HBM 12단을 상반기 중 사실상 독점 공급하며 높은 가격 프리미엄을 유지한 점이 수익성 확대에 크게 기여했을 것""이라고 분석했다.올 3분기에는 SK하이닉스가 영업이익 10조원 시대를 열 것이라는 전망도 나온다.정민규 상상인증권 연구원은 ""하반기에도 5세대 HBM 12단 제품 구성 확대와 eSSD(기업용 솔리드스테이트드라이브) 전방 재고 조정이 마무리되는 점이 실적에 긍정적으로 작용할 것""이라며 ""3분기 영업이익은 전년 동기 대비 41.7% 늘어난 10조원 이상이 될 것으로 전망한다""고 말했다.노정동 한경닷컴 기자 dong2@hankyung.com",https://www.hankyung.com/article/2025072481756,2025.07.24 08:00
"SK하이닉스, 아마존·구글도 HBM 공급 '싹쓸이'",,"사진=연합뉴스

                SK하이닉스가 엔비디아에 이어 아마존과 구글의 고대역폭메모리(HBM) 최대 납품사로 올라선 것으로 알려졌다. SK하이닉스가 큰손 고객을 대거 확보하면서 빅테크들의 자체 인공지능(AI) 칩 시장에서도 주도권을 확보할 가능성이 높아졌다는 분석이 나온다.4일 전자업계에 따르면 글로벌 투자은행(IB) UBS는 최신 보고서를 통해 SK하이닉스가 아마존웹서비스(AWS)의 자체 AI가속기 트레이니엄 2.5와 트레이니엄 3(올 연말 출시)에 들어가는 5세대 HBM(HBM3E 8단) 물량의 100%를 확보했다고 전했다.UBS에 따르면 SK하이닉스는 구글이 자체 설계한 AI칩 TPU(텐서프로세싱유닛) v7p 모델에 ‘제1 공급사’로 HBM3E 8단 제품을 공급하고 있다. 차세대 모델인 TPU v7e에는 현재로서 HBM3E 12단 제품을 유일하게 공급하고 있는 것으로 알려졌다.UBS는 “SK하이닉스가 빅테크 고객 확보에 상당한 속도를 내고 있다”며 “삼성전자 등 경쟁사가 납품을 시도하고 있지만 SK하이닉스가 협상에서 우위를 점하고 있다”고 평가했다. SK하이닉스는 엔비디아와도 내년도 HBM 공급 물량을 협의하고 있는 것으로 알려졌다.모건스탠리에 따르면 자체 AI 가속기 시장 규모는 지난해 120억달러(약 17조4000억원)에서 2027년 300억달러(약 43조5000억원)로 커질 것으로 전망된다. 빅테크 기업들이 엔비디아에 대한 의존도를 낮추기 위해 자체AI칩 개발에 박차를 가하고 있어서다.시장조사업체 트렌드포스에 따르면 SK하이닉스의 HBM 시장점유율은 약 50%로 삼성전자(30%)와 마이크론(20%)을 압도한다. 최신 제품인 HBM3E만 놓고 보면 70%에 이른다.박의명 기자 uimyung@hankyung.com",https://www.hankyung.com/article/202507048694i,2025.07.04 15:18
"특화 신용평가 도입…""소상공인 대출 문턱 낮춘다"" [뉴스+현장]",,"영상 모듈 닫기




정부가 자금조달에 어려움을 겪고 있는 소상공인들을 위해 소상공인 전용 신용평가시스템(SCB) 구축과 토큰증권 도입 등을 약속했다.금융위원회(이하 금융위)는 24일 오전 카카오뱅크에서 권대영 금융위 부위원장 주재로 AI·데이터 활용 소상공인 신용평가 개선을 위한 현장간담회를 열고, 소상공인들의 애로사항을 청취했다.이 자리에는 중소벤처기업부, 금융감독원, 소상공인연합회, 청년 소상공인 15명, 카카오뱅크, 토스, 뱅크샐러드, KB국민카드, 하나증권, 나이스평가정보, 신용정보원, 은행연합회 등이 참석했다.권대영 부위원장은 ""정부의 소상공인 지원정책들이 성공을 거두기 위해서는, 성장성 있는 소상공인들을 적극 지원할 수 있도록 정확한 신용평가가 선행되어야 한다""면서 ""대표자 개인의 신용이나 담보, 보증 등을 토대로 대출이 이루어지는 전통적인 방식으로는 한계가 있기에, 디지털 기술을 총동원해 새로운 해법을 모색해야 한다""고 강조했다.금융위는 우선 개인사업자 전용 마이데이터 서비스, '마이 비즈니스 데이터(My Business Data)'를 도입한다.마이 비즈니스 데이터는 단순한 신용정보관리 차원에서 한 단계 더 나아가, 소상공인의 창업-영업-폐업후 재기지원까지 전단계에 걸쳐 원스톱 금융비서 역할을 할 수 있도록 설계될 예정이다.창업 단계에서는 상권분석, 창업 컨설팅 등을 지원하고, 영업 단계에서는 정책자금 추천, 매출분석, 금리 등 상품 비교추천 등을 수행하며, 상황이 어려워질 경우에는 원활한 폐업과 재기지원도 도울 수 있다.세부 방안은 올해 하반기에 구체적으로 확정될 예정이며, 26년 중 신용정보법 등 관련 법령 개정 등을 거쳐 도입될 예정이다.마이데이터 사업자인 뱅크샐러드 김태훈 대표는 ""마이 비즈니스 데이터를 통해 소상공인들은 ‘최적의 시점에 최대 혜택’을 지원받을 수 있을 것""이라며 ""운영자금 조달비용 최적화, 데이터 기반 상품 조언 등 소상공인들의 어려움과 불편함 해소에 큰 도움이 될 것""이라고 말했다.여기저기 흩어져 있는 소상공인·자영업자의 금융·상거래 정보 등을 통합·관리할 수 있는 '소상공인·자영업자 통합정보센터(SDB)'도 구축된다.신용정보원은 SDB에 모인 정보들을 토대로 소상공인 표준신용평가모형(SCB)을 개발해 미래 성장성 있는 소상공인들이 혜택을 볼 수 있도록 할 예정이다.소상공인 특화 신용평가시스템 구축방안의 세부내용은 올해 하반기 중 발표할 계획이다.토스 신현호 부사장은 ""개인사업자는 개인과 사업자로서의 특성이 섞여 있어 고도화된 신용평가가 어려웠고, 이 때문에 금융회사들이 개인사업자 신용대출을 적극적으로 취급하지 못한 측면이 있었다""면서, ""마이 비즈니스 데이터와 소상공인 특화 표준신용평가모형이 도입된다면, 개인사업자 신용평가를 고도화할 수 있는 것은 물론이고 이를 통한 소상공인 공급망 금융 활성화까지도 기대해볼 수 있다""고 말했다.이날 간담회에서 카카오뱅크는 자체 개발한 소상공인 범용스코어와 업종별 특화신용평가모형의 활용 사례와 성과를 소개했다.카카오뱅크는 ""8개 기관의 금융·비금융 정보를 결합해 개발한 모형을 통해, 기존 신용평가모형으로는 대출을 받을 수 없었던 고객들 중 일부가 대출을 승인받거나 우량차주로 전환될 수 있었다""면서 ""앞으로 보다 다양한 데이터를 활용할 수 있다면 신용평가모형의 정확도는 더 크게 향상될 것으로 기대한다""고 밝혔다.소상공인의 자금조달 수단을 다양화하기 위한 방안으로는 토큰증권(STO)이 거론됐다.토큰증권을 활용하면 소상공인이 본인의 사업을 일반투자자들에게 알리고 그 사업수익을 배분하는 조건으로 자금을 조달할 수 있다.토큰증권 플랫폼을 준비 중인 하나증권은 ""토큰증권 발행이 활성화되면, 사업자금이 필요한 소상공인은 물론이고 소상공인 사업에 관심있는 투자자들의 니즈까지 충족시켜줄 수 있을 것""이라고 밝혔다.권 부위원장은 ""지금까지는 데이터의 안전한 활용 기반을 마련하기 위해 노력해 왔다면, 지금부터는 데이터를 활용해 새로운 가치를 창출하고, 현장의 문제를 해결하는 단계로 넘어가야 한다""면서 ""오늘 논의한 △개인사업자 마이데이터, △소상공인 특화 신용평가시스템, △토큰증권 등이 출발점이 될 것""이라고 말했다.그러면서 ""관련 정책을 신속하게, 그리고 꼼꼼하게 만들어 나가겠다""고 약속했다.한편, 금융위는 소상공인의 금융애로 해소를 위한 주제별 릴레이 간담회, 소상공인연합회·금융권과 함께 찾아가는 지역간담회(8월중) 등을 이어나가면서 소상공인에 대한 금융지원 방안을 다듬어 나갈 계획이다.카메라 김성오영상편집 권슬기김보미기자 bm0626@wowtv.co.kr",https://www.hankyung.com/article/2025072404985,2025.07.24 17:50
"""사무직 절반은 잘릴 것""…美 대기업 CEO의 무서운 경고","대기업 CEO들, AI 도입으로 인건비 절감 추진
JP모건 ""AI로 운영 인력 10% 감축 가능성""
아마존 ""향후 몇 년 안에 사무직 대규모 감소""","사진=게티이미지뱅크 

                인공지능(AI) 기술의 발전 속도가 가팔라지면서 그동안 AI로 인한 고용 충격에 대해 신중한 태도를 보여왔던 미국 재계에서도 일자리 대체 가능성에 대한 경고가 공개적으로 나오고 있다.2일(현지시간) 미 일간 월스트리트저널(WSJ)에 따르면 포드의 짐 팔리 최고경영자(CEO)는 최근 한 인터뷰에서 ""AI가 말 그대로 미국 사무직 노동자의 절반을 대체할 것""이라며 ""많은 사무직이 뒤처질 것""이라고 경고했다.WSJ은 이 발언이 실리콘밸리가 아닌 미국 대기업 CEO 중에서는 가장 직설적인 수준이라고 평가했다. 실리콘밸리 외부에서는 그동안 AI로 인한 대량 실업 가능성에 대해 공개적으로 언급하기보다는 혁신으로 새로운 일자리가 만들어질 것이라는 식으로 대응해왔다는 것이다.그러나 대기업 CEO들은 사석에서는 인건비 절감 방안을 논의하며, 자동화 소프트웨어와 AI, 로봇 등을 활용해 업무 효율화를 추진해왔다. WSJ는 AI에 대한 이들의 평가가 매주 달라질 정도로 빠르게 변하고 있다고 전했다.대형 은행 JP모건체이스의 커뮤니티비즈니스 부문 CEO 메리앤 레이크도 지난달 말 ""AI 도입으로 향후 몇 년간 운영 부문 인력이 10% 줄어들 수 있다""고 밝혔다.실리콘밸리에서는 이미 비슷한 우려가 이어지고 있다.아마존의 앤디 재시 CEO는 지난달 ""생성형 AI와 AI 기반 소프트웨어 에이전트가 업무 방식을 변화시킬 것""이라며 ""향후 몇 년 안에 전체 사무직 인력이 감소할 것""이라고 언급해 큰 반향을 불러일으켰다.오픈AI의 경쟁사인 앤스로픽의 다리오 아모데이 CEO는 지난 5월 ""AI가 향후 5년간 모든 신입 사무직 일자리의 절반을 없애고 실업률을 최대 20%까지 급등시킬 수 있다""며 ""정·재계 인사들이 노동시장에 대한 '사탕발림 같은 발언'을 멈춰야 한다""고 비판했다.외국어 학습 서비스업체 듀오링고는 AI가 수행할 수 있는 업무에 대해서는 계약직 고용을 점차 중단하겠다고 발표했다.전자상거래 업체 쇼피파이는 직원들에게 신규 인력 채용을 요청할 때 AI로 대체할 수 없는 이유를 설명하도록 지시한 것으로 알려졌다. 백신 제조사 모더나는 직원들에게 추가 인력 없이 신제품을 출시하라고 요구했다.프리랜서 중개 플랫폼 피버의 미카 코프먼 CEO는 ""프로그래머, 디자이너, 데이터 과학자, 변호사, 판매직 등 당신의 직업과 상관없이 AI가 오고 있다""며 대다수 직업군이 영향을 받을 것이라는 점을 받아들여야 한다고 강조했다.일반인들의 예상보다 더 많은 일자리가 사라질 것이라는 경고도 잇따르고 있다.반면, 이러한 우려가 과도하다는 시각도 있다.구글 AI 조직 딥마인드의 데미스 허사비스 CEO는 AI로 인한 일자리 종말(jobpocalypse)에 대해 지나친 우려는 필요 없다며, 오히려 AI에 대한 통제 상실을 더 경계해야 한다고 말했다.오픈AI의 브래드 라이트캡 최고운영책임자(COO)는 ""신입 일자리가 대규모로 대체된다는 증거는 아직 보이지 않는다""고 선을 그었다. IBM의 아빈드 크리슈나 CEO는 AI를 통해 일부 일자리를 없앴지만, 동시에 프로그래머와 영업직 채용은 늘렸다고 밝혔다.유지희 한경닷컴 기자 keephee@hankyung.com",https://www.hankyung.com/article/2025070366957,2025.07.03 16:20
수출기업 투자땐 '당근'…주택대출 늘리면 '채찍',"금융위, 은행 자본규제 재정비","금융당국이 은행권 주택담보대출과 기업대출 등의 자본 규제를 재정비하는 방안을 추진한다. “시중 자금이 비생산적 영역(부동산)에서 생산적 영역(자본시장)으로 흐르게 하라”는 이재명 대통령의 지시를 금융당국이 발 빠르게 정책에 반영하고 있다는 분석이 나온다.8일 금융권에 따르면 금융위원회는 은행권의 기업대출 위험가중치 산정 체계를 개편하는 방안을 검토하고 있다. 금융위 관계자는 “은행이 수출기업에 대출해 주거나 투자하는 부분에 대해선 위험가중치를 낮추는 등 인센티브를 부여하는 방안을 살펴보고 있다”고 말했다. 산업은행이 주도하는 첨단전략산업기금에 민간 금융회사가 자금을 태울 경우 위험가중치를 낮게 적용하는 방안도 검토 대상에 올랐다.반면 은행 주담대와 관련해선 자본 규제상 페널티를 강화한다. 금융당국은 평균 15% 수준인 주담대 위험가중치를 25% 안팎으로 높이는 방안을 검토하고 있다. 부문별 경기대응완충자본(SCCyB), 부문별 시스템리스크완충자본(sSyRB) 등 부동산 대출 관련 완충자본을 은행에 추가로 쌓도록 하는 방안도 논의 중이다.금융당국은 영세 소상공인과 서민 등의 채무조정에도 더 힘을 준다는 방침이다. 이 대통령이 지난 4일 소상공인 채무 탕감 프로그램과 관련해 “앞으로도 추가할 생각”이라고 강조한 데 따른 조치다.서형교/박재원 기자 seogyo@hankyung.com",https://www.hankyung.com/article/2025070856881,2025.07.08 17:58
"獨 재계 ""경제 살리자""…3년간 1000조원 투자","지멘스·BMW 등 61社 참여 
설비 확충·R&D 투입 예정","독일 재계가 침체된 경제 회복을 위해 1000조원가량의 대규모 투자에 나선다.21일 독일 현지 언론에 따르면 지멘스를 포함한 61개 독일 및 해외 기업은 ‘메이드 포 저머니(Made for Germany)’라는 이름의 공동 성명을 발표하고, 2028년까지 3년간 독일 내 설비 확충과 연구개발(R&D)에 총 6310억유로(약 1019조원)를 투입하겠다고 밝혔다.이번 계획에는 폭스바겐, BMW, 메르세데스벤츠 등 완성차 3사를 비롯해 SAP, 알리안츠, 도이체방크, 라인메탈 등이 참여했다. 반도체 회사 엔비디아, 블랙록 자산운용사 등 미국 기업도 이름을 올렸다. 참여 기업 대표들은 이날 오후 프리드리히 메르츠 총리, 라르스 클링바일 재무장관 등과 만나 기업들의 요구사항을 전달할 예정이다.투자 계획을 주도한 롤란트 부슈 지멘스 최고경영자(CEO)는 경제지 한델스블라트와의 인터뷰에서 “산업 입지로서 독일의 경쟁력을 떨어뜨리는 구조적 문제가 있다는 건 누구나 인정하는 사실”이라며 각종 승인 절차 간소화와 인력 확보 대책 마련 등을 정부에 촉구했다. 독일 정부는 앞서 2029년까지 설비 투자와 법인용 전기차 구매 등에 458억유로 규모의 세제 감면을 제공하는 감세 패키지 법안을 마련했다. 지난 3월에는 철도와 도로 등 인프라 확충을 위해 5000억유로 규모의 기금을 조성해 향후 12년간 투입하기로 했다.자동차·화학 등 수출 제조업 중심의 독일 경제는 2022년 우크라이나 전쟁 발발 이후 에너지 가격 급등의 직격탄을 맞아 지난해까지 2년 연속 역성장했다. 올해는 미국발 관세전쟁의 불확실성이 기업 투자를 가로막는 주요 요인으로 지목되고 있다. 요아힘 나겔 독일 중앙은행 총재는 “미국 정부가 예고한 대로 다음달 1일부터 유럽연합(EU) 제품에 30%의 상호관세를 부과할 경우 독일이 경기 침체에 빠질 가능성을 배제할 수 없다”고 우려했다.임다연 기자 allopen@hankyung.com",https://www.hankyung.com/article/2025072129661,2025.07.21 23:10
"1년 만에 142% '껑충'…""공짜 점심은 없네"" 부메랑 된 'AI열풍' [김리안의 에네르기파WAR]",,"사진=EPA

                미국 에너지 기업들이 데이터 센터로 인한 전력 수요를 충당하기 위해 발전소와 송전망 구축에 사상 최대 규모의 자금을 쏟아붓고 있다. 이는 관련 비용이 소비자에게 전가될 수 있다는 우려로 이어지고 있다.투자은행 제퍼리스에 따르면 올해 전기 유틸리티 기업들의 설비 투자(CAPEX)는 전년 대비 22.3% 증가해 2121억 달러에 이를 것으로 예상됐다. 이는 10년 전과 비교해 129% 증가한 것이다. 해당 투자액 규모는 2027년에 2281억 달러로 사상 최고치에 도달할 것으로 전망했다. 1년만에 142% 뛴 전기료제퍼리스의 전기 유틸리티 및 청정에너지 분석가는 “기업들이 경제를 '재산업화'(reindustrialise)하기 위해 발전과 송전에 투자하고 있다”고 말했다. 주요국이 반도체·배터리 등 제조업을 다시 키우면서 첨단화에 필수인 데이터 센터 수요가 늘고 있고, 이에 따라 발전·송전 투자도 함께 증가하고 있다는 의미다.블룸버그NEF는 인공지능(AI)과 데이터 센터의 확산으로 미국의 전력 소비가 2035년까지 현재보다 두 배 이상 증가할 것으로 전망했다. 이로 인해 소비자 전기요금 인상에 대한 압박이 점점 더 커지고 있다.
                    



사진=AFP

                미국 에너지 요금 시민단체 파워라인즈에 따르면 올해 상반기에만 미국 유틸리티 기업들은 총 290억 달러(약 40조원)에 달하는 요금 인상안을 승인해 줄 것을 규제당국에 요청했다. 미국 전역에서 국민들이 감당해야 하는 전기료 인상폭이 올 상반기에만 290억 달러에 이른다는 의미다. 이는 전년 동기 대비 142% 증가한 수치다.미 유틸리티 기업 내셔널그리드가 지난 4월 뉴욕 및 매사추세츠 주에서 고객당 월 최대 50달러에 이르는 전기요금 인상안을 승인받은 것 등이 대표적이다. 하지만 데이터 센터 확충에 드는 비용을 가정이나 중소기업들에 전가하게 된다면 유틸리티 기업들의 확장은 반발에 부딪히고, 이는 결국 투자 계획을 보수적으로 축소하는 방향으로 이어질 수 있다. 바클레이스의 미국 전력 및 유틸리티 분석가는 “(재산업화와 AI 열풍의)가장 장기적인 리스크는 '전기요금의 감당 가능성'”이라고 말했다.
                    




                이로 인해 'AI 열풍으로 인한 전기료 부담을 누가 감당해야 하는지'를 둘러싼 논쟁이 첨예하게 벌어지고 있다. 전기요금이 전체 소비자에게 분산되는 게 맞는지, 아니면 대규모 전기 수요를 유발한 대형 산업 고객들에 직접 부과하는 게 맞는 것인지에 대한 논란이다. 소비자 권익단체들은 ""왜 미국이 AI 기술 선두 자리를 유지하기 위한 비용을 일반 가정이 부담해야 하느냐""고 반문한다. 커지는 빅테크 책임론일각에서는 발전소 옆에 데이터 센터를 지을 경우 확충해야 할 전력 인프라 규모가 줄어들 것이라고 보고 있다. 하지만 이 방식은 오히려 전체 전력망 차원에서는 복잡성과 불확실성을 키우는 부작용을 낳을 수 있다.한 전력망 소프트웨어 기업 관계자는 ""다른 지역의 전력 흐름이 왜곡되고, 그에 따라 예상하지 못한 곳에서 송전망 증설이 필요해질 수 있다""고 지적했다. 결국 데이터 센터 등 대형 수요처에 비용을 부담시키는 방식이 가장 현실적인 대응책으로 떠오르고 있다.아마존, 마이크로소프트, 메타 같은 ‘하이퍼스케일’ 기업들이 유틸리티의 전력 인프라 투자에 직접 비용을 지불하거나 특별 요금제를 통해 간접 지원하는 방식들이다. 대표적인 게 ‘대용량 부하 요금제’다.이는 대형 전기 소비자에게 발전 및 송전 시스템에 가하는 추가 부담만큼 요금을 부과하는 것을 의미한다. 실제로 또 다른 유틸리티 기업 AEP오하이오는 최근 규제 당국에 매달 예상 전력 사용량의 85%를 실제 사용량과 무관하게 전기요금으로 청구하는 '데이터 센터 전용 요금제' 신설을 승인해달라고 신청했다. 미국의 한 유틸리티 업계 관계자는 ""대형 고객사들에 최소 이용 기간과 매달 일정량의 에너지 사용을 확약하는 조항을 계약에 넣고 있다”고 설명했다. 대형 고객들이 유틸리티 업계의 고정비 부담을 분담해주면 일반 고객의 요금을 인상하지 않아도 된다는 의미다.또 다른 대안은 '청정에너지 전환 요금제'다. 이 방식은 데이터 센터가 유틸리티를 통해 청정에너지 구매를 약정하고, 그 자금이 새로운 재생에너지 프로젝트에 사용되는 구조다. 지난 5월 네바다주 규제당국은 구글이 주(州)내 유틸리티 기업의 지열발전소에서 전기를 구매하는 계약을 승인했다.이는 한국 제도 하에서 ‘제3자 전력직접구매계약(PPA)’과 유사하다. 고객사가 한국전력과 PPA를 체결하고, 발전사업자가 생산한 재생에너지 전기를 한국전력이 중개해 공급하는 구조다. 한 국내 전력시장 전문가는 ""대형 전기 수요자가 유발하는 송전 인프라 비용을 해당 고객에게 직접 전가하는 방향으로 제3자 PPA 제도가 활용되고 있다는 의미""라고 설명했다.김리안 기자 knra@hankyung.com",https://www.hankyung.com/article/202507210583i,2025.07.21 07:54
'달러 코인' 글로벌 데뷔 임박…'원화 코인'은 아직 신중모드,"스테이블코인의 공습

美 '코인 3법' 이번주 통과 유력
韓은 수요 커지는데 '지지부진'","미국에서 달러 스테이블코인의 제도권 진입이 초읽기에 들어갔다. 달러 스테이블코인이 국제 무역 거래 및 결제의 핵심 수단으로 떠오르면 한국의 원화 주권에 미치는 파급력이 상당할 것이라는 전망이 나온다. 원화 스테이블코인이 대안 중 하나로 꼽히지만 국내에서 관련 논의는 속도를 내지 못하고 있다.14일 미국 의회에 따르면 하원은 이날부터 18일까지 ‘크립토 위크’(가상자산 주간)로 지정하고 가상자산 관련 3개 법안 심의에 나섰다. 스테이블코인 규제 법안인 지니어스 법안과 가상자산 감독 권한을 명확히 한 클래리티 법안, 미국 중앙은행(Fed)의 디지털화폐(CBDC) 발행을 금지한 반(反)CBDC 법안이다. 이 가운데 지니어스 법안은 달러 스테이블코인의 글로벌 금융시장 편입을 본격화하는 전환점이 될 것이라는 평가가 나온다. 이들 법안이 통과될 것이라는 기대에 비트코인은 이날 사상 처음으로 12만달러를 돌파했다.한국에는 ‘발등에 불’이 떨어졌다. 지난해 한국 수출입 거래에서 달러가 차지한 비중은 80%가 넘는다. 그나마 연간 600억달러 규모로 원화 결제가 이뤄지고 있지만, 달러 스테이블코인이 원화 결제 수요까지 잠식할 것이라는 우려가 제기된다. 김민승 코빗리서치센터장은 “달러 스테이블코인으로 거래가 더 빠르고 저렴해지면 기업들이 굳이 원화를 고집할 이유가 없을 것”이라고 내다봤다.기업 내부 거래에서 스테이블코인 수요가 커질 것이라는 관측도 나온다. 국정기획위원회 자문위원인 강형구 한양대 파이낸스경영학과 교수가 자체 분석한 결과, 삼성전자가 해외 법인 등 내부 거래에 스테이블코인을 활용하면 연간 최대 1억달러 이상 아낄 수 있는 것으로 나타났다.조미현/서형교 기자 mwise@hankyung.com",https://www.hankyung.com/article/2025071476801,2025.07.14 17:55
"한국, 관세협상 타결 위해 1000억달러 이상 투자 보따리 푼다",,"삼성·SK·현대차·LG 등 4대 그룹 중심 투자 계획 취합추가 펀드도 논의…정부 조달자금도 투입 가능성





                한국 정부가 미국과의 관세 협상을 위해 국내 기업들과 1천억달러(137조원) 이상의 현지 투자 계획을 세워 이를 미국 정부 측에 곧 제안할 것으로 알려졌다.다만 이 금액은 국내 기업들의 순수한 투자계획을 모은 것이라 금액은 더 늘어날 가능성이 있다.24일 통상업계에 따르면 한국 통상 대표단은 당초 오는 25일로 예정됐던 '한미 고위급 2+2 통상협의'에서 이러한 금액을 담은 한국의 투자계획을 미국 정부 측에 제안할 계획이었던 것으로 전해졌다.다만 '2+2 협상'은 미국 스콧 베선트 재무장관의 긴급한 일정으로 인해 취소됐다.앞서 한국과 산업·수출 구조가 유사한 일본은 5천500억달러(약 757조원) 규모의 투자 펀드를 제안해 25%로 예고됐던 상호관세를 15%로 낮추는 '성과'를 낸 바 있다.한국 정부는 관세 협상에 앞서 삼성과 SK, 현대차, LG 등 4대 그룹을 중심으로 국내 기업들과 접촉해 가용한 현지 투자 금액을 취합했고, 현재까지 기업들로부터 약속받은 투자 금액은 1천억달러가량으로 전해진다.앞서 이재명 대통령은 지난 14일과 15일 정의선 현대차그룹 회장과 구광모 LG그룹 회장과 각각 만나 만찬을 하며 대미 투자와 글로벌 통상 등에 관해 의견을 나눈 바 있다.일본 투자 금액에 비해선 적지만 일본의 경제 규모가 한국과 비교해 2배가 넘는 것을 고려하면 적지 않은 금액이라는 것이 재계 관계자들의 평가다.또 이는 기업들의 순수 투자계획이라 정부 조달자금까지 더해질 경우 제안 금액은 더 늘어날 가능성이 있다.실제로 정부는 일본처럼 투자 펀드를 만드는 방안도 검토 중인 것으로 전해졌다.협상에 정통한 정부 고위 관계자는 ""우리도 실무선에서 (펀드 조성 방안을) 검토하고 있다""면서 ""일단 미국에 투자할 계획이 있는 기업들의 계획을 모아서 취합하고 액수를 늘리는 방향으로 생각하고 있다""고 전했다.일본도 대미 투자 펀드에 대해 ""정부계 금융기관이 최대 5천500억달러 규모의 출자·융자·융자보증을 가능하게 하는 합의""라며 JBIC(옛 일본수출입은행)와 일본무역보험을 활용하는 방안을 생각하고 있다고 설명한 바 있다.한국 정부 역시 기업 투자에 더해 수출입은행, 산업은행, 무역보험공사, 한국투자공사(KIC) 등을 활용하는 방안을 모색할 가능성이 점쳐진다.이날 블룸버그 통신도 ""한국 정부가 통상협상에서 미국에 투자하는 펀드 설립을 논의하고 있다""고 소식통을 인용해 보도했다.현대차그룹 등 국내 기업들은 대대적인 관세 인상을 예고한 도널드 트럼프 2기 행정부 출범에 맞춰 대규모 현지 투자 계획을 발표한 바 있다.현대차그룹은 지난 3월 정의선 회장이 직접 트럼프 대통령을 만나 미국 조지아주의 차량 생산 확대와 루이지애나주의 새로운 철강 공장 건설 등을 포함한 210억 달러 규모의 투자 계획을 발표했다.특히 일본이 이러한 투자 선물 보따리로 자동차 관세를 25%에서 12.5%로 절반 하향 조정한 것을 고려할 때 한국의 이번 대미 현지 투자에도 현대차그룹이 큰 역할을 한 것으로 알려졌다.이밖에 대한항공은 미국의 항공 제작사 보잉의 항공기와 항공기 엔진 제작업체 GE에어로스페이스와 총 327억달러(48조원) 규모의 공급계약을 체결했다.삼성전자는 370억달러(약 54조원) 이상을, SK하이닉스는 38억7천만달러(약 5조6천억원을)를 각각 투자해 미국 현지 반도체 생산 거점 건설을 추진 중이다.통상환경 정통한 관계자는 ""일본의 대규모 투자 약속이 상호관세를 낮추는 데 일조한 만큼 한국도 경제 규모에 맞는 투자 금액을 제시할 필요가 있다""면서 ""국내기업들과의 협조가 필수적이라 이미 조율을 마친 것으로 안다""고 말했다./연합뉴스",https://www.hankyung.com/article/202507249276Y,2025.07.24 11:39
"'기업은행' 52주 신고가 경신, 배당주로서의 매력 유효하며 적극적인 의사결정도 중요 - BNK투자증권, 매수",,"◆ 최근 애널리스트 분석의견- 배당주로서의 매력 유효하며 적극적인 의사결정도 중요 - BNK투자증권, 매수07월 03일 BNK투자증권의 김인 애널리스트는 기업은행에 대해 ""정부 출자기관 배당성향 40% 확대 목표에 대한 기대감은 축소 중이나 별도 기준 35% 제시. 다만 은행 전체적으로 주주환원이 빠르게 확대되는 상황에서 기재부와의 협의에 따른 의사결정이 느리다는 점(분기균등 vs 반기배당, 세부적 배당 목표, 자회사 이익 강화 목적의 개별 아닌 연결이익 기준 채택 등)은 투자자에게 부담. 최근 배당소득 분리과세(배당성향 35%) 수혜 가능성 존재한다는 점에서 적극적 의사결정이 자사주 매입 및 소각 부재의 단점을 극복하고 차별화될 수 있는 주주환원이 가능하다고 판단""이라고 분석하며, 투자의견 '매수', 목표주가 '22,000원'을 제시했다.한경로보뉴스이 기사는 한국경제신문과 금융 AI 전문기업 씽크풀이 공동 개발한 기사 자동생성 알고리즘에 의해 실시간으로 작성된 것입니다.",https://www.hankyung.com/article/202507096696L,2025.07.09 09:33
"한국항공우주, 하반기 기대 앞두고 소폭 조정…기본 펀더멘털엔 이상 없어",,"한국항공우주(KAI)가 최근 방산업 전반의 긍정적 분위기 속에서 상승 흐름을 이어오다 11일 장 초반 소폭 하락하며 숨 고르기에 들어갔다. 단기 급등 이후 일부 차익 실현 매물이 출회된 영향으로 풀이되며, 하반기 예정된 주요 납품 일정과 해외 수주 기대는 여전히 유효하다는 평가다.시장에서는 이번 조정이 실적이나 전략의 변화보다는 기술적 과열 해소 성격이 강하다고 보고 있다. 실제로 지난달부터 KF-21 국산 전투기 양산 일정에 대한 기대가 반영되며 주가가 꾸준히 상승해왔고, 최근에는 FA-50 경공격기 해외 수출 가능성이 다시 부각되며 투자자들의 관심이 이어졌다.전문가들은 “한국항공우주는 국내 완제기 생산업체로서 독보적인 입지를 가진 기업”이라며 “하반기에는 본격적인 납품 일정과 실적 반영이 이루어질 수 있어 지금의 조정은 건강한 흐름으로 볼 수 있다”고 분석했다.또한, 글로벌 방산 수요 확대 역시 주목할 요소다. 유럽을 중심으로 국방예산이 확대되고 있으며, 동남아·중동 등 신흥 시장에서의 신규 수출 협의도 진행 중이다. 이는 향후 수주 잔고 확대와 함께 실적 안정성 강화로 이어질 가능성이 있다.단기 조정에도 불구하고, 한국항공우주는 구조적으로 성장 기반을 확보하고 있는 방산주라는 점에서 중장기적 관점에서의 투자 매력도는 여전하다는 평가다. 향후 주가는 납품 일정의 차질 여부, 해외 수출 성과, 글로벌 지정학적 환경 변화 등에 영향을 받을 것으로 보인다.이번 조정이 일시적인 숨 고르기인지, 새로운 가격대 형성을 위한 전환점이 될지는 조금 더 지켜볼 필요가 있지만, 시장에서는 여전히 한국항공우주를 방산업 내 핵심 종목 중 하나로 평가하고 있다.동양철관, 삼륭물산, 파루, 제주은행, 아모레퍼시픽무료상담",https://www.hankyung.com/article/202507112054a,2025.07.11 14:03
"현대차증권, 상반기 순이익 400억…작년 연간 실적 추월",,"사진=현대차증권

                현대차증권이 올해 상반기 지난해 연간 실적을 뛰어넘는 호실적을 기록했다. 24일 현대차증권 올 상반기 연결기준 당기순이익이 400억원으로 전년 동기 대비 59.1% 증가했다고 공시했다. 지난해 한 해 거둬들인 순이익(362억원)을 뛰어넘는 수치다. 같은 기간 영업이익과 매출은 541억원, 1조1191억원으로 각각 66.1%, 23.1% 급증했다.
                    



현대차증권 2분기 실적. 표=현대차증권

                세일즈앤드트레이딩(S&T) 부문의 매출(순영업수익)이 1152억원으로 전년 동기보다 30.8% 늘었다. 상반기 6조740억원 규모의 은행채 거래를 맡으면서 실적 개선을 이끌어냈다. 자기자본투자(PI)와 파생상품 부문에서도 양호한 성적을 거뒀다. 기업금융(IB) 부문도 1년 전과 비교해 매출이 48% 늘었다. 일반 신용대출, 모듈러스쿨 담보대출 금융주선 등 비부동산 영역에서 포트폴리오를 확대한 영향이 컸다. 올해 'KDB 모빌리티 이차전지 오픈이노베이션 조합' 등 3건의 신기술투자조합을 결성해 수익을 창출한 점도 실적 개선에 기여했다. 이밖에 리테일 부문도 거래대금 증가 등으로 양호한 성적을 거뒀다. 연내 HNWI(초고액자산가) 고객 대상으로 서비스를 출시할 계획이다.수익성 지표인 ROE(자기자본이익률)도 상반기 말 기준 5.9%로 지난해 말 2.8%에서 3.1%포인트 상승했다. 밸류업 공시에서 제시한 올해 ROE 목표치 4%를 훌쩍 뛰어넘었다.현대차증권 관계자는 “하반기에도 선제적 리스크 관리와 함께 게임체인저 역량 확보, 비즈니스 체질 개선 지속 등을 통해 성장세를 이어 가겠다""고 말했다.조아라 기자 rrang123@hankyung.com",https://www.hankyung.com/article/202507249737i,2025.07.24 16:42
,,,https://magazine.hankyung.com/business/article/202507023823b,
"美, 한국·일본에 25% ‘무역폭탄’ 경고…韓 증시·환율·실물경제 ‘파장’ 예고",,"미국 도널드 트럼프 전 대통령이 7월 7일(현지 시각) 발표한 서한을 통해 한국과 일본 수입품에 대해 8월 1일부터 25%의 고관세를 부과하겠다고 경고했다. 이는 기존 섹터별 관세를 제외한 전방위적 조치로, 90일간 유예된 상호관세의 연장이 사실상 무산된 신호로 해석된다.이 발표 직후 S&P 500은 약 0.8% 하락했으며, 다우와 나스닥도 유사한 낙폭을 기록했다. 글로벌 투자 심리 위축에 따라 안전자산 선호 현상이 강화됐고, 원·달러 환율은 급격히 상승 압력을 받았다.한국 증시 역시 직격탄을 피하기 어려울 전망이다. 특히 자동차와 반도체 등 대미 수출 비중이 높은 주요 산업이 타깃이 된 점은 한국 경제 전반에 리스크로 작용할 수 있다. 실제로 5월 한국의 대미 수출은 전년 동월 대비 8.1% 감소하며 2개월 연속 하락세를 보이고 있다.전문가들은 이번 조치가 확정될 경우 한국은행의 추가 금리 인하 압력이 커질 것으로 보고 있다. 미 연준 역시 관세가 인플레이션을 자극해 금리 인하를 지연한 바 있으며, 한국은행은 통상 여파와 환율 변동성에 대응하기 위해 금리 정책의 유연성을 확보할 필요가 있다.또한 한국 정부는 미국과의 협상 재개를 추진 중이며, 일본·영국·베트남처럼 예외 인정 가능성에 기대를 걸고 있다. 그러나 업계 관계자는 “협상 결과가 나오기 전까지는 환율 방어, 수출기업 지원, 그리고 국내 디펜시브 투자 전략이 불가피하다”고 지적했다.미트박스, HD현대일렉트릭, 에이피알, SK이노베이션, 한화시스템무료상담",https://www.hankyung.com/article/202507084058a,2025.07.08 10:13
크립토위크 개막…금융당국 개편안만 기다리는 韓,,"영상 모듈 닫기




<앵커> 이번주 미국 하원은 가상자산 관련 3개 법안을 심의합니다. 법제화를 서두르는 미국에선 기업들까지도 발빠르게 움직이면서 가상자산 시장이 빠르게 개화하는 계기가 될 것이란 기대감이 큰데요, 우리나라도 민간의 각 기업과 당국이 속도를 내고 있으나 각자의 목소리를 조율하고 일관된 정책 방향을 가지고 추진할 주체가 명확하지 않습니다. 금융당국 조직개편이 지연되면서 자칫, 금융혁신 속도가 늦춰질까 걱정입니다. 경제부 유주안 기자와 함께 이야기 나눠보겠습니다.<앵커> 먼저 이번주에 미국 하원을 통과할 가상자산 관련 법안이 무엇입니까?<기자> 미국 하원은 이번주를 '크립토 주간'이라고 공식 명명하고 지니어스 법안을 포함한 3개의 가상자산 관련 핵심 법안을 심의할 예정입니다. 각 법안들은 디지털 자산의 성격을 규정하고 당국의 관할범위를 명확히하는 내용, 스테이블 코인의 발행과 결제, 거래를 할 수 있는 법적 근거를 만드는 내용들을 담고 있습니다.우리나라도 원화 스테이블 코인 발행 등을 규정한 디지털자산기본법의 발의되어 있습니다. 이 법안에는 금융위원회 산하 가상자산위원회 주도로  시장 발전계획을 수립하고 추진하는 내용이 담겼는데, 이 위원장인 금융위 부위원장이 공석이고 금융위원회의 운명이 어떻게 될 지 아직 정해지지 않은 상황입니다.또한 통화당국인 한국은행이 기존 지급결제 시스템 안정성을 이유로 일부에 반대 의사를 표하고, 시중은행들과 진행한 디지털화폐 실험도 중단됐습니다.이를 두고 정부 조직개편 지연을 문제 삼고 있기도 한데요.이창용 한은 총재는 지난주, 금융통화위원회 직후 기자간담회에서 “기재부, 금융위 등 관련 부처가 장도 안 정해지고 얘기를 못하는 상황이다. 은행들 입장에선 정부가 어느쪽으로 갈지도 모르는데 한은을 따라오는 것에 대해 상당한 부담 있었을 것""이라고 설명했습니다.<앵커2> 인터넷은행 추가 설립도 지난 정부부터 추진해온 혁신금융 과제 중 하나로 꼽히는데, 현 상황은 어떤가요?<기자> 정부는 4번째 인터넷은행 설립을 인가해주기 위한 심사 과정을 진행중인데, 속도가 당초의 계획보다 다소 지연되고 있습니다. 지난해 12월 금융당국이 인가심사 설명회를 열고 새로운 인터넷은행 설립을 본격화했습니다. 이후 올해 3월 신청서를 접수한 6곳 중 더존뱅크와 유뱅크가 각각 신청을 철회, 유예하는 일도 있었습니다. 지난해 말 계엄과 탄핵 등을 겪고 정권 교체 가능성이 가시화하면서 경제, 정치적 불확실성으로 이같은 결정을 내렸다는 얘기가 업계 안팎에서 나왔습니다.신청서 접수후 60일 내 결과를 통보하는 일정이었으나, 일부 신청자들의 필요 서류 미비 등을 이유로 7월 중순인 현재까지 심사가 제대로 이뤄지지 않고 있습니다.이재명 대통령이 후보 시절 소상공인을 위한 특화은행 설립을 공약한 만큼, 무산 등의 극단적 가능성은 낮다는 평가지만, 금융당국 개편을 앞두고 쉽사리 속도를 내지 못한다는 분석이 나옵니다.<앵커> 금융당국 조직개편 추진중인데, 현재 상황은 어떻습니까?<기자> 대통령 직속 국정기획위원회는 어제 기자간담회를 갖고, 이달 초인 3일에 조직개편안 초안을 이 대통령에게 보고했다고 밝혔습니다. 이 안에 기획재정부 예산권한 분리가 들어가 있는 것으로 알려졌습니다.이에 앞서 이 대통령은 기재부 예산권 분리와 함께 금융위 해체를 시사했는데, 이를 종합해 금융당국 주변에서는 금융위를 나눠 일부는 기재부의 정책업무와 합치고, 감독업무는 금융감독원과 합칠 것으로 예상하고 있습니다. 그러나 정부 출범 40일이 지난 아직도 개편안 윤곽이 공개되지 않으면서 하마평만 무성하거나, 각 기관들에서 각자의 목소리가 나오고 있습니다.금융감독원 노동조합은 지난주 11일, 금융소비자보호원 신설에 반대한다는 성명을 냈습니다. 해외 사례에서도 감독기구 분리해봤더니 중복규제와 감독사각지대 발생 등의 부작용이 있었다면서 대신 금감원 내에 두고 독립성을 보장해주면 된다고 주장했습니다.이창용 한은 총재는 한은의 감독권과 집행권한을 강화해야 한다고 발언했습니다. 이 총재는 “한국은행이 정치적 영향 없이 거시정책을 강력하게 집행할 수 있는 지배구조가 만들어져야 된다, 비은행 금융기관에 관한 공동검사나 조사 등 권한이 커져야 한다""고 말했습니다.<앵커> 조직개편이 지연되는 이유가 있나요?<기자> 앞서 말씀드린 이한주 국정기획위원장 발언에 따르면, 예상되는 문제점에 대해 검토할 예정이고, 정부조직개편은 너무 중요한 주제여서 마지막까지 꼼꼼하게 챙기겠다는 입장입니다.정부 출범후 경제분야에서 가장 무게가 실린 정책이 가계부채 문제 그리고 주식시장 포함한 자본시장 활성화입니다. 또 소상공인 채무조정 등도 예고해놓은 상태이고요. 새정부 들어 강력한 드라이브를 걸고 있는 정책 다수가 현행 금융위원회의 주 업무인 만큼 조직개편을 하는 입장에서 고민되는 부분일 수도 있겠습니다.다만 현재도 금융위 부위원장과 금융감독원장, 산하 산업은행 등 기관장 자리가 공석이 여럿 있는데, 불확실성이 오래 지속되면 업무 추진동력이 떨어질 수 있다는 지적이 계속 나오고 있습니다.<잘 들었습니다>유주안기자 jayou@wowtv.co.kr",https://www.hankyung.com/article/2025071476045,2025.07.14 17:36
,,,https://magazine.hankyung.com/business/article/202507134325b,
,,,https://magazine.hankyung.com/business/article/202507146956b,
명품 올해 가격 인상 '최저 수준'이라는데…한국은 줄줄이 올렸네,"올 1~5월 명품 평균 3% 올라
2019년 이후 인상폭 최저
환율 하락한 한국은 가격 뛰어","서울 한 백화점 내 루이비통 매장. /사진=연합뉴스

                올해 주요 명품기업의 가격 인상률이 2019년 이후 가장 낮은 것으로 나타났다. 미국 정부의 유럽연합(EU) 관세 부과 영향과 소비심리 둔화가 겹친 것으로 풀이된다. 반면 원화 가치가 하락한 한국 시장은 연초부터 명품 가격이 크게 뛰었다. 24일 스위스 투자은행 UBS에 따르면 지난 1~5월 사이 주요 명품기업은 평균 3% 가량 제품 가격을 인상한 것으로 조사됐다. 2019년 2% 이후 가장 낮은 인상폭이다. 명품기업들은 2020년 코로나19 사태 이후 2023년까지 명품 가격을 크게 올려왔는데 최근 인상 폭이 둔화했다. 연도별 가격 인상률은 2020년 5%, 2021년 4%, 2022년 8%, 2023년 6%, 2024년 4%로 각각 나타났다. 명품 브랜드 별로 보면 스위스 시계 브랜드 롤렉스가 올해 인상 폭이 가장 가팔랐다. 롤렉스는 올 1~5월 사이에만 제품 가격이 평균 12% 올랐다. 이어 에르메스가 6%, 까르띠에가 4% 수준이다. 루이비통, 프라다, 디올, 보테가베네타, 생로랑 등 대부분 브랜드는 평균 인상폭이 2% 내외에 불과했다. 미국 정부의 관세 정책 불확실성이 커지면서 가격 인상에 제동이 걸렸다는 분석이 나온다. 미국 정부는 8월1일부터 유럽연합(EU) 수입 제품에 30%의 상호관세를 부과할 예정이다. 그러나 최근 EU와 미국이 무역 협상에 들어가면서 상호관세율이 15%로 낮아질 것이란 관측이 제기되고 있다.에르메스의 경우 지난 5월 관세 부과 여파로 미국 매장만 가격을 인상했다. 반면 루이비통은 미국 내 생산량을 늘리는 등의 방안을 모색하고 있다. 다른 업체들은 최종 관세율이 정해지는 것을 보고 대응에 나설 것으로 보인다. 실적 부진도 가격을 올리지 못하는 요인이다. 월가 애널리스트들은 올 2분기 루이비통모에헤네시(LVMH)의 매출이 전년동기대비 2% 감소했을 것으로 추정하고 있다. 구찌·보테가베네타를 보유한 케링그룹은 2분기 매출이 전년대비 13%까지 줄어들 것으로 예상됐다. 명품 최대 소비국인 중국의 소비침체가 이어지면서다. LVMH는 지난 1분기 중국·아시아 매출이 전년대비 11% 급감했다. 케링그룹 역시 1분기 중국·아시아 매출이 전년대비 25% 줄었다. 그러나 한국 시장만 보면 주요 명품업체들이 연초부터 잇달아 가격을 대폭 올리고 있다. 크리스찬 디올은 지난 1월 주얼리 제품을 6~8% 인상한 데 이어 이달 8일에도 주얼리 제품 가격을 3~5%가량 인상했다. 프라다도 지난 2월 제품별로 5~7%씩 가격을 인상한 데 이어 이달에도 일부 제품 가격을 6%씩 올렸다. 루이비통은 지난 4월 가방 제품의 가격을 4% 가량 올렸고 에르메스는 1월과 3월에 가방, 엑세서리 제품을 각각 8~10%씩 올렸다. 지난해 말 비상계엄 사태로 환율이 급등한데다 귀금속 가격까지 뛰면서 명품 업체들은 올 들어 한국에서 가격을 잇달아 올렸다. 원화 가치가 하락하면 달러 또는 유로로 제품을 수입하는 명품업체들은 가격을 올릴 수밖에 없다. 원·달러 환율은 작년 말 달러당 1470원대까지 뛴 뒤 3월 말까지 1400원대 후반을 유지했다. 이후 대통령 선거가 치러지고 정국이 안정되면서 최근 1370원대까지 내려왔다. 배태웅 기자 btu104@hankyung.com",https://www.hankyung.com/article/202507249660i,2025.07.24 16:07
"국정과제 된 원화 코인…""비은행 주도 혁신해야"" vs ""통화정책 무력화""","스테이블코인의 공습
(11) 원화 코인 발행 주체 논란

李 대선 공약, 與 추진 속도
""달러 코인 막을 방어벽 세워야
K콘텐츠와 결합, 새 수요 창출""

한은 ""은행에만 제한적 허용""
""비기축통화 코인 용처 제한적
코인런 발생 땐 시장 충격 우려""","< ‘원화판 테더’ 나올까 > 국정기획위원회가 ‘원화 스테이블코인 도입’을 새 정부 국정과제로 채택했다. 15일 서울 서초동 빗썸라운지 현황판에 표시된 달러 스테이블코인 테더(USDT) 시세.  최혁 기자

                국정기획위원회가 ‘원화 스테이블코인 도입’을 새 정부 국정과제에 담는다. 테더(USDT), USD코인(USDC) 등 달러 스테이블코인이 국제 무역 거래 및 결제 시장을 장악하며 각국 통화 주권을 위협할 것이란 전망이 나오자 원화 스테이블코인을 일종의 ‘방어벽’으로 세우겠다는 구상이다. 하지만 원화 스테이블코인 발행 주체를 놓고 논란이 끊이지 않고 있다. 통화·외환 당국에선 무분별한 코인 발행에 따른 부작용을 우려하며 은행에만 제한적으로 허용해야 한다고 주장한다. 반면 “글로벌 경쟁에서 뒤처질 수 있다”는 반론도 만만찮게 제기된다. ◇원화 코인 ‘뜨거운 감자’





                15일 정부와 여권 관계자에 따르면 국정기획위는 경제1분과 산하에 스테이블코인 소분과를 설치하고 원화 스테이블코인 도입 방안을 논의하고 있다. 원화 스테이블코인 도입은 이재명 대통령의 대선 공약이다. 국정기획위 관계자는 “일단 국정과제에선 큰 틀의 방향성만 제시하고 세부적 요건은 국회에서 논의를 거친 뒤 법제화할 것”이라고 말했다.원화 스테이블코인은 지난 대선을 전후해 ‘뜨거운 감자’로 급부상했다. 한쪽에선 원화 스테이블코인 회의론을 제기한다. 비기축통화인 원화를 기반으로 한 스테이블코인을 얼마나 쓰겠냐는 것이다. 대규모 코인 인출 사태(코인런)가 발생하면 스테이블코인 발행사가 국채를 투매하고 시장 충격을 키울 것이란 우려도 있다.반면 국정기획위와 여당은 통화 주권 차원에서 원화 스테이블코인 도입이 불가피하다고 보고 있다. 미국 정부의 전폭적 지원 아래 달러 스테이블코인이 몸집을 키우는 상황에서 국내 시장도 잠식될 것이란 우려 때문이다. 실제 국내에 체류 중인 외국인 노동자가 달러 스테이블코인으로 임금을 받거나, 기업이 무역대금을 달러 스테이블코인으로 결제하는 등 실생활 침투가 현실화하고 있다. 국정기획위 관계자는 “미국 정부와의 관계 등을 감안할 때 달러 스테이블코인을 원천 차단하긴 어렵다”며 “현재로선 달러 스테이블코인보다 나은 원화 스테이블코인을 키우는 것이 유일한 대안”이라고 말했다.일각에선 원화 스테이블코인이 K콘텐츠 등과 결합하면 해외에서 새로운 수요를 창출할 것이란 전망도 나온다. 예컨대 위버스, 버블 등 K팝 플랫폼에서 팬들이 티켓이나 굿즈를 구입할 때 원화 스테이블코인을 활용하는 식이다. 원화 스테이블코인이 ‘달러 코인 방어벽’을 넘어 ‘원화 패권 강화’ 수단으로 작동할 수 있다는 것이다. ◇‘비은행 허용’ 놓고 찬반 팽팽최근에는 논란의 중심이 ‘코인 발행 주체’로 옮겨가고 있다. 원화 스테이블코인 발행을 은행권으로 제한할지, 비은행까지 풀어줄지가 핵심 쟁점이다. 한국은행은 비은행 스테이블코인 발행에 반대 입장을 내고 있다. 원화 스테이블코인이 무분별하게 발행되면 시중 유동성이 늘어나 한은의 통화정책을 약화할 수 있어서다. 이창용 한은 총재는 “비은행까지 스테이블코인 발행을 허용하면 다수의 민간 화폐가 만들어지는 것”이라며 “19세기 민간은행이 자유롭게 화폐를 발행해 혼선이 있었던 상황이 반복될 수 있다”고 지적했다.반면 은행권으로 발행 주체를 제한하면 원화 스테이블코인의 경쟁력이 크게 떨어질 것이란 반론도 있다. 강형구 한양대 파이낸스경영학과 교수는 “원화 스테이블코인을 성공시키려면 단순 내수 상품이 아니라 수출 상품을 만들어야 하는데, 은행 위주로 조심스럽게 접근하면 전 세계적인 플랫폼 경쟁에서 이길 수 없다”며 “은행뿐 아니라 핀테크, 암호화폐거래소, 해외 파트너 등이 컨소시엄을 이뤄 발행 사업에 진출하는 게 바람직하다”고 말했다.한은의 우려가 기우라는 분석도 있다. 금융권 관계자는 “스테이블코인은 본질적으로 네이버페이머니 등 선불전자지급수단과 비슷하다”며 “스테이블코인에만 통화정책에 미치는 악영향을 지나치게 부각하는 측면이 있다”고 했다. 미국 유럽 홍콩 등에서도 비은행의 스테이블코인을 전면 또는 조건부로 허용하고 있다.서형교/남정민/배성수 기자 seogyo@hankyung.com",https://www.hankyung.com/article/2025071501651,2025.07.15 18:29
"석창규 웹케시 회장 ""3년내 AI뱅킹…스테이블코인 ATM도 준비 중""","금융SI 뛰어든 석창규 웹케시 회장

9년 전 접었던 사업에 재도전
""GPU 비용 때문에 못 했는데
은행들 이미 상당수 확보해 놔
인터넷뱅킹처럼 AI뱅킹 길 열려""

스테이블코인 편의점 출금도 가능","가상계좌, 편의점 현금자동입출금기(ATM), 기업용 인터넷뱅킹…. 웹케시가 개발한 한국 금융 정보기술(IT)의 획을 긋는 기술이다. 웹케시의 창업자이자 ‘한국 인터넷뱅킹의 아버지’로 불리는 석창규 회장은 “다음 주자는 인공지능(AI) 뱅킹”이라며 “앞으로 3년 안에 모두가 AI 뱅킹을 쓰는 시대가 올 것”이라고 말했다.
                    






이미지 크게보기



 ◇“과감한 결정이 웹케시의 장점”웹케시가 9년 전 과감히 접은 시스템통합(SI) 사업에 다시 뛰어들었다. 14일 만난 석 회장은 올해 시중은행의 모바일 앱에 AI 에이전트를 장착한 뱅킹 서비스를 도입하겠다고 했다. 그는 “1999년 7월 사업을 시작할 때부터 바뀌지 않은 경영 키워드가 ‘버리자, 빼자, 바꾸자’였다”며 “2017년 웹케시의 SI 사업 발전 가능성이 없다는 걸 깨닫고 즉시 철수를 결정했는데 거꾸로 지금은 금융 SI를 다시 해야 할 때”라고 말했다.웹케시가 SI 시장에 다시 뛰어든 이유에 대해 석 회장은 “AI 뱅킹에서 신사업 기회를 봤기 때문”이라고 강조했다. 웹케시는 3년 전부터 100억원 이상을 금융 AI에 투자해 데이터를 쌓았다. 그는 “금융 AI를 기업 대 소비자(B2C) 사업으로 키우려 하다 보니 번번이 좌절했다”며 “그래픽처리장치(GPU)에 투자해야 하는 규모도 너무 큰 데다 시장 예측 자체가 어려웠다”고 말했다.석 회장은 ‘잘하는 것’에 집중하기로 했다. B2C AI 뱅킹 사업을 접고 대신 기존에 개척해둔 ‘기업용 뱅킹’ 시장에 AI를 접목하는 방식을 택했다. 그는 “은행권이 GPU 도입은 했는데 사용처를 고민하고 있다는 데서 사업 기회를 찾았다”며 “누가 그 기술을 선점하는지가 중요한데 웹케시가 빈틈을 빨리 차지하기 위해 뛰어들었다”고 말했다. AI 전담팀을 꾸리고 100여 명의 인력을 투입했다. ◇“1년만 지나도 따라올 수 없을 것”올해 웹케시는 두 곳 이상의 시중은행과 AI 에이전트 뱅킹 도입을 준비 중이다. 지난 2일에는 농협은행과 업무협약을 맺었다. 웹케시가 개발하는 AI 에이전트 뱅킹은 채팅과 음성만으로 은행 업무를 해결할 수 있는 것이 특징이다. 이용자는 앱 안의 메뉴를 탐색하거나 원하는 내용을 찾기 위해 키보드를 두드릴 필요가 없다. 석 회장은 “은행 앱 안에 ‘작은 챗GPT’를 설치했다고 보면 된다”고 설명했다.그는 “지금 도입된 AI 에이전트는 아직 ‘대학생 수준’이지만 일반 은행업무의 98%는 해결할 수 있다”며 “2~3년간의 이용자 데이터를 학습하면 ‘박사 수준’까지 고도화될 것”이라고 기대했다. 학습 데이터를 가장 먼저 쌓았기 때문에 후발주자들의 시장 진입도 두렵지 않다고 했다. 석 회장은 “단 1년만 지나도 AI는 다른 주자들이 따라올 수 없을 정도로 학습 수준이 높아진다”며 “결국 AI 에이전트 뱅킹 시장도 먼저 개척한 자의 학습량을 따라오기 어려울 것”이라고 덧붙였다. 석 회장은 “10분의 1의 인원으로 6개월 만에 AI 에이전트 뱅킹을 실제 도입할 수 있다는 것을 확인했다”고 말했다.그는 자회사 쿠콘을 통해 스테이블코인 사업에도 박차를 가하고 있다. 이미 자회사 비즈플레이의 디지털 지역화폐망을 이용해 다음달부터 스테이블코인 QR결제 시대도 연다는 목표다. 석 회장은 “국내 4만 개 편의점에서 스테이블코인으로 ATM 출금이 가능하도록 준비하고 있다”고 설명했다.최지희 기자 mymasaki@hankyung.com",https://www.hankyung.com/article/2025071474961,2025.07.14 17:27
[서정환 칼럼] 코스피 5000시대의 조건,"13년간 3.8배로 오른 일본 증시
시장 원동력은 기업 경쟁력 강화

서정환 논설위원","증시 측면에서 보면 일본 최장수 총리인 아베 신조와 이재명 대통령은 묘하게 닮은꼴이다. 일본 니혼게이자이신문은 지난 주말자에 “이재명 랠리가 아베노믹스를 연상케 한다”고 보도했다.아베 전 총리는 5층 집무실에 닛케이225지수 전광판을 설치할 정도로 주식시장에 지대한 관심을 보였다. 지수 상승률이 총리 재임 기간과 직결된다는 것을 알고 있었던 것 같다. 상승률 상위 총리 20명의 평균 재임 기간은 2년7개월이었는데, 하락률 상위 10명의 재임 기간은 1년4개월에 불과했다. 의회 해산 시기까지 증시 상황을 살핀 그에게 증시는 정치적 승리의 바로미터였다.아베 전 총리는 2012년 말 취임하자마자 통화정책, 재정정책, 구조개혁으로 대표되는 아베노믹스를 밀어붙였다. 그 결과 닛케이225지수는 이듬해 56.7% 급등했다. 기업 지배구조 개선을 위해 스튜어드십 코드와 거버넌스 코드를 정비했고 일본은행과 공적연금(GPIF)은 일본 주식 투자를 늘렸다. 우리가 벤치마킹하는 밸류업(기업가치 제고) 프로그램의 시초다.이재명 대통령 역시 증시 생리를 ‘빠삭하게’ 꿰뚫고 있다는 평가다. 자신을 ‘휴면 개미’라고 부를 정도로 투자 경험도 풍부하다. 첫 주식을 작전주로 시작해 비참한 종말을 지켜봤고 선물·옵션까지 투자하다가 전세보증금만 남기고 전 재산을 날린 적도 있다. 경기지사 취임 전인 2018년 3월까지만 해도 KB금융, SK이노베이션 등 13억여원어치 주식을 보유한 ‘왕개미’였다.증시에 대한 이런 깊은 관심은 이 대통령 취임 후 국내 증시 분위기를 확연히 바꿔놨다. 올해 코스피지수는 30% 가까이 오르며 주요 증시 중 세계 1위 상승률을 기록했다. ‘이재노믹스’와 밸류업에 거는 기대가 작용한 결과임은 두말할 필요도 없다.그러나 여기서 하나 더 생각해봐야 할 것이 있다. 지난 13년간 닛케이225지수가 3.8배 오른 원인을 단순히 양적 완화나 밸류업 정책만으로 보기엔 분명 부족한 부분이 있다. 주가는 주당순이익(EPS)과 주가수익비율(PER)의 함수다. PER은 국가별로 다르고 크게 바뀌지도 않는다. 이 기간 일본 증시 PER은 평균 15.7배로, 11.6~18.3배(코로나19 시기 제외) 사이를 오르내렸다. 증시를 이끈 것은 기업 실적 개선이었다. 도쿄증권거래소 상장사의 지난해 영업이익은 74조3500억엔으로 2012년 대비 2.3배, 순이익은 56조3200억엔으로 4.1배 급증했다. EPS 역시 3.4배로 증가했다.일본 정부는 엔저 기조를 유지하면서 기업이 구조개혁을 통해 성장 기반을 마련할 기회를 제공했다. 우리 ‘기업활력 제고를 위한 특별법’(원샷법)의 롤모델인 산업경쟁력강화법을 2013년 제정해 산업 재편을 촉진했다. 불필요한 규제는 과감히 철폐해 일본 기업들이 혁신과 성장의 길로 나아가도록 했다.이 대통령은 지난 3일 첫 기자회견에서 지난 한 달간 가장 기억에 남는 일로 주가 상승을 꼽으며 “코스피 5000시대를 준비하겠다”고 했다. “코리아 디스카운트 해소의 서막이 열렸다”는 한 투자전략가의 전망대로, 역대 최고 PER(14.2배)을 적용할 경우 3710선까지 오를 수 있다. 하지만 현 예상 실적으론 절대 만만치 않은 지수다. 주력 기업의 경쟁력 강화가 아직 수치로 확인되지 않고 있다. 코스피 5000시대로 가는 길은 결코 순탄하지 않다. 일시적 수급으로 오르는 주가는 언제든 거품으로 돌변할 수 있다는 사실을 우리는 경험적으로 알고 있다. 앞으로 기업 실적이 구조적으로 우상향할 수 있다는 확신이 필요하다. 올 하반기 시장은 끊임없이 그 가능성을 의심하고 타진할 것이다.",https://www.hankyung.com/article/2025070731621,2025.07.07 17:32
'큰손'들 대거 몰려들더니…일주일 새 줄줄이 15% 뛰었다,"TIGER 필라델피아반도체 18.9%↑
M7 담은 테크 ETF도 줄상승
원전·신재생 ETF도 두자릿수 수익","한경db

                지난 한 주간 금융주(은행, 증권, 보험) 등 고배당주에 투자하는 상장지수펀드(ETF)들이 수익률 상위권을 휩쓸었다.  13일 한국거래소에 따르면 지난 7~11일 기준 국내 상장 ETF 수익률 상위 20개 종목 중 14개가 고배당주 관련 ETF인 것으로 나타났다. 정부와 국회가 배당 활성화 정책을 추진하면서 정책 수혜 기대가 커진 영향이다. 
                    



db

                 지난주 ETF 수익률 1위는 ‘KODEX 증권’로 15.71% 수익률을 냈다. 이 ETF는 미래에셋증권 (비중 23.44%), 한국금융지주 (22.19%), 삼성증권 (18.26%), 키움증권 (12.64%), NH투자증권 (11.45%) 등 증권사에 나눠 투자한다.  다른 금융주 ETF도 줄줄이 올랐다. ‘TIGER 증권’이 주간 수익률 15.56%로 뒤를 이었다. 이 ETF도 주요 증권주에 투자한다. 한국금융지주(비중 24.77%), 미래에셋증권(21.4%), 삼성증권(17.82%), NH투자증권(11.43%), 키움증권(11.28%) 등이다.  'RISE 코리아금융고배당'은 주간 수익률 13.35%를 냈다. 이 ETF는 키움증권(비중 11.57%), 신영증권(11.34%), DB손해보험(10.40%) 삼성증권(10.08%) 등에 투자한다.  보험주에 투자하는 'KODEX 보험'은 수익률 11.12%로 주간 수익률 6위였다. 'KIWOOM 고배당'이 수익률 10.37%로 뒤를 이었다. 이 ETF는 금융주 이외 LX인터내셔널, GS, 현대엘리베이터 등에도 투자하는 게 특징이다. 4년 연속 당기순이익 흑자를 내고, 1·3·6개월 일평균 거래금액이 15억원을 초과하는 기업 중 현금배당 배당수익률 상위 20개 종목으로 구성됐다.  금융지주와 은행주에 집중 투자하는 TIGER 은행고배당플러스TOP10(수익률 10.19%), SOL 금융지주플러스고배당(10.17%)도 일주일 새 두 자릿수 수익률을 냈다.  TIGER 은행(수익률 9.68%), KODEX 은행(9.28%), RISE 200금융(9.28%), KODEX 금융고배당TOP10타겟위클리커버드콜(8.86%), TIGER 200 금융(8.85%) 등도 수익률 상위 20위 안에 들었다.  지난주엔 고배당주 중에서도 금융주 위주 ETF 수익률이 높았던 분위기다. 비금융 고배당주를 여럿 포함한 PLUS 고배당주는 주간 수익률 8.48%로 수익률 상위 19위였다. 이 ETF는 유동시가총액 상위 200 종목 중 예상 배당수익률이 높은 상위 종목에 투자한다. 기업은행 우리금융지주 DB손해보험 등 금융사를 비롯해 기아, 현대차, SK텔레콤, 현대엘리베이터 등 비금융주의 비중이 다른 고배당주 ETF에 비해 상대적으로 높다.  고배당주는 최근 정부와 국회의 배당 활성화 정책 추진으로 정책 수혜 기대감이 커졌다. 이소영 더불어민주당 의원은 앞서 배당성향(배당금 총액을 당기순이익으로 나눈 비율)이 35% 이상인 상장회사의 배당소득을 종합소득에서 분리과세하는 소득세법 개정안을 발의했다.  개정안이 통과되면 배당성향 35%를 넘는 상장사의 배당소득에 적용하는 최고세율이 기존 49.5%에서 27.5%(배당소득 3억원 초과 투자자 기준)까지 낮아진다. 이 경우 절세 효과를 노리는 ‘큰손’들이 배당성향 35% 이상 고배당주에 더 몰릴 수 있다는 게 증권가 등의 예상이다.  최근 주주환원 확대 분위기 확산에 국내 상장주 배당금 총액도 늘고 있다. 지난 1분기 유가증권시장과 코스닥시장 상장사의 배당금 총액은 작년 같은기간에 비해 대비 10% 증가한 5조1692억원을 기록했다. 2023년 당시 43조1500여억원에 불과하던 배당금 총액은 지난해 11.6% 급증한 48조1837억원으로 불어났다.  한편 고배당주 ETF를 제외한 ETF 중엔 PLUS 글로벌희토류&전략자원생산기업의 주간 수익률이 12.52%로 가장 높았다. 이 ETF는 34%대 비중인 반에크 희토류·전략적자원 ETF(REMX)와 약 4.6% 비중을 차지하는 MP머티리얼의 상승세에 힘입어 높은 수익률을 냈다. REMX는 지난 11일까지 5거래일간 13% 상승했다. 미국 최대 희토류 채굴업체인 MP머티리얼스는 미 국방부가 우선주를 대거 사들여 최대 주주가 되면서 주가가 급등했다. 지난 11일까지 5거래일간 상승률이 47.90%에 달한다. 선한결 기자 always@hankyung.com",https://www.hankyung.com/article/202507135295i,2025.07.14 05:20
,,,https://magazine.hankyung.com/business/article/202507085976b,
카카오페이·미투온…널뛰는 원화 코인株,"증권가 ""시장 기대 과도""","사진=게티이미지뱅크 

                국내 증시에서는 원화 스테이블코인 테마주가 급등락을 반복하고 있다. 원화 스테이블코인 법령조차 만들어지지 않은 상황에서 단순 기대감만으로 주가가 오르거나 내리는 양상이다. 전문가들은 원화 스테이블코인을 도입하더라도 수혜 기업은 제한적일 것으로 전망하며 “시장 기대가 과하다”고 진단했다.15일 한국거래소에 따르면 카카오페이 주가는 최근 3거래일간 22.38% 급락했다. 이 회사 주가는 지난 6월 한 달 동안 102.64% 급등했지만 최근 하락세로 전환했다. 또 다른 원화 스테이블코인 테마주인 미투온 주가도 3거래일간 23.69% 떨어졌다. 아톤, 넥써스, 아이티센글로벌 등 다른 관련주 주가도 이달 들어 하락세다.국내외 증권사에서 원화 스테이블코인의 실효성을 지적한 영향으로 해석된다. 정현종 한국투자증권 연구원은 “원화 스테이블코인 발행이 현실화하더라도 비(非)기축통화인 원화 기반 가상자산의 글로벌 활용도는 제한적”이라고 말했다.아직 국내에서 스테이블코인 발행은 금지돼 있다. 올 하반기 국회가 법안을 통과시키더라도 시행령과 규칙 등을 마련해야 해 실제 시행은 2027년 초 전후가 될 것이란 관측이 나온다. 비은행 스테이블코인 발행 허용 여부도 불투명하다. 정부가 비은행에까지 발행을 허용하더라도 실제 사업에 나서는 기업은 소수에 그칠 것으로 예상된다. 금융권 관계자는 “스테이블코인 발행을 위해선 정부 인허가를 받아야 한다”며 “명확한 사업 계획이나 안정적인 자본 여력이 없다면 정부 승인을 받기 어려울 것”이라고 말했다.시장에선 원화 스테이블코인 테마주를 두고 2021년 불거진 ‘대체불가능토큰(NFT) 광풍’을 떠올리는 이가 많다. NFT는 블록체인 기술을 활용해 소유권을 증명하는 디지털 자산이다. 당시 상장사가 NFT만 언급하면 주가가 급등하는 양상이 한 달가량 지속됐다. 사업 분야가 NFT와 관계없는데도 관련주로 묶여 급등하는 사례도 많았다. 하지만 NFT 광풍이 사그라들자 관련주 주가는 일제히 급락했다.서형교 기자 seogyo@hankyung.com",https://www.hankyung.com/article/2025071501661,2025.07.15 18:05
"JP모간 ""코스피 2년 내 5000 가능""",투자 의견 '중립'→'비중 확대'로,"JP모간이 ‘2년 내 코스피지수 5000 달성’ 가능성을 제시했다.13일 블룸버그통신 등에 따르면 글로벌 투자은행(IB) JP모간은 지난 11일 보고서에서 “한국의 기업 지배구조 개혁이 순조롭게 이뤄질 경우 코스피지수는 2년 내에 5000까지 오를 수 있다”며 “최근 상법 개정 등이 한국 주식시장을 활성화시키고 있다”고 분석했다. JP모간은 지난달엔 한국 증시에 대한 투자 의견을 ‘중립’에서 ‘비중 확대’로 상향했다. 당시 JP모간은 정부의 증시 활성화 정책, 메모리 반도체 가격 수준, 미국과의 관세 협상 타결 가능성 등을 근거로 들었다. 선호 섹터·테마로는 메모리반도체 관련주, 금융주, 방산주, 화학주, 지주사, 소비재·K-컬쳐 관련주를 꼽았다. 기업 지배구조 개혁도 주요 근거로 들었다. 지배구조 개혁이 순조롭게 이뤄질 경우 그간 일본·대만 등 다른 아시아 국가 증시 대비 저평가받은 한국 증시의 밸류에이션(가치평가)가 더 높아질 수 있다는 설명이다. JP모건은 지난 11일 보고서에서 최근 파마리서치의 분할 계획 취소를 예로 들며 “최근 한국은 여야를 가리지 않고 추가적인 기업구조 개혁을 지지하는 분위기”라고 했다. 파마리서치는 지난달에 에스테틱 사업을 신설법인 ‘파마리서치’로 떼어낸다는 계획을 발표했으나 투자자들과 국회 안팎 등의 반대 분위기에 지난 8일 분할 계획을 철회했다. 믹소 다스 JP모간 아시아 주식 전략가는 “최근 상법 개정 등이 한국 주식시장 활성화를 견인하고 있다”며 “한국의 기업 지배구조 개혁이 순조롭게 이뤄지면 코스피지수는 2년 안에 현 수준 대비 50% 이상 상승할 수 있다”고 말했다.최근 파마리서치의 ‘인적분할 계획 취소’도 언급했다. 보고서는 “한국에선 여야를 가리지 않고 추가적인 기업 구조 개혁을 지지하는 분위기”라고 했다. 파마리서치는 지난달에 에스테틱 사업을 신설법인으로 떼어낸다는 계획을 공시했으나 투자자들에 이어 국회까지 반대 목소리를 내자 이달 8일 최종 철회를 발표했다. 다스 전략가는 “한국의 기업 지배구조 개혁이 유지되는 한 조정이 발생할 때마다 매수할 것을 추천한다”고 했다.선한결 기자 always@hankyung.com",https://www.hankyung.com/article/2025071351981,2025.07.13 17:45
"尹, 4개월만에 내란특검에 재구속…뉴욕증시, 강세 마감 [모닝브리핑]",,"◆ 尹, 4개월만에 내란특검에 재구속…법원 ""증거인멸 염려""윤석열 전 대통령이 10일 조은석 내란 특별검사팀에 재구속됐습니다. 내란 우두머리 혐의로 고위공직자범죄수사처에 처음 구속됐다가 법원의 구속 취소 결정으로 풀려난 지 4개월 만입니다. 서울중앙지법 남세진 영장전담 부장판사는 이날 오전 2시 7분께 직권남용 권리행사방해, 특수공무집행방해, 허위공문서작성 및 동행사, 대통령기록물법 위반, 공용서류손상, 대통령경호법 위반, 범인도피 교사 혐의로 내란 특검팀이 청구한 윤 전 대통령의 구속영장을 발부했습니다. 남 부장판사는 전날 오후 2시 22분부터 6시간 40분간 구속 전 피의자 심문(영장실질심사)을 한 뒤 ""증거를 인멸할 염려가 있다""고 영장 발부 사유를 밝혔습니다. 윤 전 대통령은 혐의를 전면 부인했지만, 법원은 특검팀이 제시한 관계자 진술과 물적 증거를 토대로 혐의가 소명된다고 판단한 것으로 보입니다. 중형 선고 가능성이 높은 상황에서 윤 전 대통령이 그간 여러 차례 정당한 사유 없이 수사 기관의 출석 요구에 불응하고 내란 재판에서도 비협조적인 자세로 일관하고 있어 도망할 염려가 있다는 주장도 법원은 일리가 있다고 판단한 것으로 풀이됩니다.◆ 뉴욕증시, 전인미답에 도달한 엔비디아…동반 강세 마감뉴욕증시의 3대 주가지수가 기술주 주도로 강세를 보이면서 동반 상승 마감했습니다. 특히 엔비디아는 장 중 사상 최초로 시가총액 4조달러를 돌파하며 전인미답의 영역에 발을 들였고 이에 발맞춰 일부 주가지수도 사상 최고치를 다시 경신했습니다. 9일(미국 동부시간) 뉴욕증권거래소(NYSE)에서 다우존스30산업평균지수는 전장보다 217.54포인트(0.49%) 오른 44,458.30에 거래를 마감했습니다. 스탠더드앤드푸어스(S&P)500지수는 전장보다 37.74포인트(0.61%) 상승한 6263.26, 나스닥종합지수는 192.87포인트(0.94%) 뛴 20,611.34에 장을 마쳤습니다. 이날 시장의 주인공은 엔비디아였습니다. 장 초반 주가가 164.42달러까지 뛰면서 사상 처음으로 시총 4조달러의 영역을 개척했습니다. 이는 전 세계 기업 중 최초입니다. 업종별로는 필수소비재와 에너지, 부동산을 제외한 모든 업종이 강세였습니다. 유틸리티는 1% 상승했습니다.◆ 다시 구속된 尹, 서울구치소 독방 수용…경호는 중단조은석 내란 특검이 청구한 구속영장이 10일 새벽 발부되면서 윤석열 전 대통령이 서울구치소에 재입소했습니다. 지난 3월 8일 법원의 구속취소 결정으로 풀려난 뒤 124일 만입니다. 전날 구속 전 피의자 심문(영장실질심사) 종료 후 경기 의왕시 서울구치소로 이동해 구인 피의자 거실에서 대기하던 윤 전 대통령은 바로 수용동으로 옮길 것으로 보입니다. 윤 전 대통령은 일반 구속 피의자와 똑같은 입소 절차를 밟게 됩니다. 먼저 인적 사항을 확인받은 후 수용번호를 발부받습니다. 이어 키와 몸무게 등을 재는 신체검사를 받습니다. 소지품은 모두 영치합니다. 이후 카키색 미결 수용자복(수의)으로 갈아입은 뒤 수용자 번호를 달고 수용기록부 사진인 '머그샷'을 찍습니다. 입소 절차를 마치면 3평 남짓한 독방에 수용될 것으로 예상됩니다. 다만 구치소 내 빈방에 수용돼야 해 3평보다 넓은 방이 배정될 가능성도 있습니다.◆ 오늘 하반기 첫 금통위…집값·가계대출 불안에 금리동결 유력한국은행 금융통화위원회(이하 금통위)가 10일 상반기 첫 통화정책방향 회의에서 현재 연 2.50%인 기준금리를 조정할지 결정합니다. 금융시장에선 금통위가 일단 금리를 현 수준에서 묶고 새 가계대출 관리 방안과 3단계 스트레스 총부채원리금상환비율(DSR) 규제의 효과, 이달 말 미국 연방공개시장위원회(FOMC) 정례회의 결과, 추가경정예산(이하 추경) 집행 상황 등을 지켜볼 것이라는 관측이 우세합니다. 이창용 한국은행 총재도 지난달 18일 물가안정 관련 기자설명회에서 ""최근 수도권 주택 가격이 올라가는 것은 기대심리 때문""이라며 ""금리가 인하 추세에 있고 몇 년 동안 공급이 부족할 것이라는 여러 기대가 작용하고 있다""고 우려했습니다. 역대 최대(2.0%포인트)로 벌어진 미국과 금리차, 추경 등 재정정책의 경기 부양 효과 등도 한은의 동결 근거가 될 것으로 예상됐습니다. 이날 금통위 회의 직후 기자간담회에서 이 총재가 현재 부동산·가계대출 등 금융시장 상황을 어떻게 진단할지, 하반기 이후 미국 관세 여파를 어느 정도로 예상할지, 이를 반영해 연내 몇회 추가 기준금리 인하 가능성을 시사할지 주목됩니다.◆ 與, 8·2 전당대회 후보 등록…정청래·박찬대 2파전 전망더불어민주당은 10일 8·2 전당대회의 당 대표 및 최고위원 선거에 출마할 후보 등록을 받습니다. 당 대표 선거에는 이날까지 4선 정청래·3선 박찬대 의원이 출마한 상태입니다. 정 의원은 이날 후보 등록 후 유튜브로 10대 공약 발표 등을 겸한 온라인 국민보고대회를 열고, 박 의원은 중앙당사 당원존에서 후보 등록 기자회견을 진행하면서 본격 선거운동에 나섭니다. 최고위원 선거에는 현재까지 초선 황명선 의원만 출마했습니다. 이번 전당대회는 직전 당 대표였던 이재명 대통령, 수석 최고위원이었던 김민석 국무총리가 각각 당직을 사퇴하며 열리게 됐습니다.◆ 비트코인, 사상 최고가 경신…11만2000달러 첫 돌파가상화폐 대장주 비트코인이 약 한 달 반 만에 사상 최고가를 다시 갈아치웠습니다. 9일(현지시간) 미 가상화폐 거래소 코인베이스에 따르면 미 동부 시간 이날 오후 3시 55분(서부 낮 12시 55분) 비트코인 가격은 24시간 전보다 3.04% 오른 11만2055달러에 거래됐습니다. 비트코인이 11만2천 달러를 넘어선 것은 역대 처음으로, 지난 5월 22일 기록한 사상 최고가 11만1900달러대를 약 한 달 반 만에 넘어섰습니다. 비트코인 가격이 주요 저항선인 11만 달러에 근접하자 가격 하락에 베팅했던 트레이더들의 포지션이 강제 청산되면서 가격 상승을 더욱 부추겼습니다. 크립토브리핑 등에 따르면 24시간 동안 총 4억8000만달러 이상의 암호화폐 파생상품 포지션이 청산됐으며 이 가운데 비트코인이 2억2000만달러를 차지했습니다. 트럼프 행정부의 상호관세 발표 등 지정학적 불확실성 또한 비트코인의 안전 자산으로서의 매력을 부각한 것으로 보입니다.◆ '체감 35도 안팎' 무더위 계속…일부 지역 소나기목요일인 10일 전국 대부분 지역에 폭염 특보가 발효된 가운데 서쪽 지역과 내륙을 중심으로 최고 체감 온도가 35도 안팎으로 올라 매우 덥겠습니다. 기상청에 따르면 서쪽 지역과 제주도를 중심으로는 열대야도 나타나겠습니다. 동쪽 지역은 동풍의 영향으로 기온이 낮아져 폭염 특보가 완화되거나 해제될 수 있습니다. 당분간 기온은 평년(최저 19~22도, 최고 25~30도)보다 높겠습니다. 이날 아침 최저기온은 20~25도, 낮 최고기온은 26~35도가 되겠습니다. 중부지방은 대체로 맑겠고 남부지방과 제주도는 가끔 구름이 많겠습니다. 제주도에는 오후까지, 전라권 서부와 경남 남서 내륙에는 오후부터 저녁 사이 5∼30㎜의 소나기가 내리는 곳이 있겠습니다. 미세먼지 농도는 전국에서 '좋음' 수준을 보일 것으로 예상됩니다.차은지 한경닷컴 기자 chachacha@hankyung.com",https://www.hankyung.com/article/2025071087637,2025.07.10 06:42
"신한금융그룹, 가계대출 금리 모두 한 자릿수로 낮춰…4만2000명 부담 줄어","자금난 소상공인은 채무 조정
중기 대체인력 고용에 힘 보태","지난해 12월 2일 열린 ‘신한 퓨처스랩 데모데이 2024’에 참석한 진옥동 신한금융그룹 회장(가운데)이 신한 퓨처스랩 동문 기업 및 신한금융 관계자들과 함께 기념 촬영을 하고 있다.  신한금융그룹 제공

                신한금융그룹은 ‘금융으로 세상을 이롭게 한다’는 철학을 내걸고 있다. 사회적 책임을 넘어 모두가 희망을 품을 수 있는 상생의 사회적 가치를 창출하는 데 힘쓰겠다는 취지다. 이를 위해 신한금융만의 독창적인 소상공인·중소기업 지원 방안을 꾸준히 내놓고 있다. 대출금리 인하와 대체인력 고용 비용 지원, 스타트업 자문 등 다양한 상생금융을 통해 사회에 공헌 중이다.◇소상공인 대출금리 파격 인하신한금융은 신한은행의 43번째 창립일인 지난 7월 7일 연 10% 이상인 가계대출 금리를 모두 한 자릿수로 낮추는 ‘헬프업 앤드 밸류업’ 프로젝트를 시작했다. 이 프로젝트는 대출금리가 연 10% 이상인 개인 고객을 상대로 만기까지 최대 1년간 금리를 연 9.8%로 낮춰주는 것을 핵심으로 한다. 소상공인이 받은 대출 중 가계대출로 분류되는 대출의 금리도 똑같이 인하했다.이 프로젝트를 통해 약 4만2000명이 대출금리를 평균 2.8%포인트 낮춘 것으로 추산된다. 제주은행과 신한저축은행도 같은 프로그램을 준비하고 있어 이자 부담을 줄이는 고객이 점점 늘어날 것으로 예상된다.
                    




                신한금융은 신한저축은행에서 대출받은 뒤 금리가 더 낮은 신한은행 대출로 갈아타는 ‘상생 대환대출’(브링업 앤드 밸류업) 프로젝트도 진행 중이다. 시작한 지 9개월 만인 지난달 이 대환대출 규모가 100억원을 돌파했다. 지금까지 570명 이상이 갈아타기에 성공해 총 10억원에 가까운 이자를 절감했다.올해 들어 소상공인을 위한 상생금융 전략에 한층 속도가 붙었다는 평가가 나온다. 신한금융은 4월 18일부터 신한은행을 통해 자금난을 겪는 소상공인을 상대로 한 채무조정 프로그램 ‘소상공인 119플러스’를 운영 중이다. 이 프로그램을 통해 연체 가능성이 높은 차주에게 선제적으로 지원방안을 제시하고 있다. 신한은행은 이외에도 폐업한 사업자(예정자 포함)의 채무 상환 기간을 최대 30년까지 늘려주는 ‘신한 폐업지원 대환대출’, 연매출 3억원 이하인 사업자 중 채무를 성실히 상환 중인 차주에게 최대 2000만원까지 운전자금을 빌려주는 ‘신한 개인사업자 햇살론 119’도 운영하고 있다. 소상공인의 디지털 전환 비용을 대주는 ‘상생형 스마트상점 디지털 전환 지원사업’도 긍정적인 반응을 얻고 있다.은행연합회가 지난달 발간한 ‘은행 사회공헌활동 보고서’에 따르면 지난해 신한은행이 새희망홀씨와 햇살론 등 서민을 상대로 제공한 사회책임금융상품 규모는 7458억원으로 시중은행 중 가장 컸다. 신한은행은 새희망홀씨 대출을 성실히 갚은 고객 2만2000여 명에게는 캐시백 방식으로 22억원을 돌려주기도 했다.◇中企 대체인력 고용비도 지원





                중소기업의 대체인력 고용에도 힘을 보태고 있다. 신한금융은 이달 초 중소기업의 대체인력 고용문화 확산을 위한 상생협력기금에 100억원을 출연했다. 이 기금은 육아휴직자 대체인력을 처음으로 고용한 50인 미만 중소기업에 지원금을 지급하기 위해 조성됐다. 해당 중소기업이 고용노동부에 지원금을 신청하면 신한금융이 대체인력이 근무를 시작한 지 3개월째에 100만원, 6개월째에 100만원을 지급하게 돼 있다.상생협력기금은 지난해 저출산고령사회위원회가 발표한 ‘저출산 추세 반전을 위한 대책’ 중 하나다. 대체인력 고용에 드는 비용을 지원함으로써 중소기업에서도 직원들이 일과 육아를 양립할 수 있는 문화를 만들자는 취지로 도입됐다. 진옥동 신한금융 회장은 “우리 사회의 지속 가능한 발전을 위해 다방면에서 실질적인 지원을 제공해 저출생 문제를 해결해야 한다”며 “앞으로도 저출생 문제를 극복하도록 선도적으로 노력할 것”이라고 말했다.◇11년째 스타트업 ‘도우미’신한금융은 유망 스타트업을 육성하는 데도 적극적으로 나서고 있다. 주요 계열사가 스타트업의 멘토 역할을 하면서 협업과 투자를 병행하는 ‘신한퓨처스랩’을 11년째 운영 중이다. 신한퓨처스랩은 출범 후 지난해까지 1023억원을 스타트업에 투자했다. 지금까지 스타트업과 311건의 사업을 함께 추진했다. 신한퓨처스랩에서 지원받은 기업 중 2곳이 ‘예비 유니콘’, 26곳이 ‘아기 유니콘’ 기업으로 성장했다.예비 유니콘 기업은 기업가치가 1000억원 이상 1조원 미만인 비상장 기업을 말한다. 아기 유니콘 기업은 기업가치 1000억원 미만 비상장사 중 예비 유니콘으로 성장할 가능성이 높다고 평가받는 기업이다.신한 퓨처스랩 운영을 맡은 신한벤처투자는 지난해 7월 중소벤처기업부가 주관하는 민간 투자주도형 기술 창업지원 프로그램(TIPS)의 신규 운영사로 선정됐다. 이 회사는 올해 지원 분야에 글로벌을 추가해 일본과 베트남 진출을 추진하는 스타트업에 자문을 제공하고 있다. 이들이 진출하려는 지역의 기업과 교류할 기회도 마련한다.김진성 기자 jskim1028@hankyung.com",https://www.hankyung.com/article/2025071611391,2025.07.16 15:47
은행 신용카드 대출 연체율 20년 만에 최고,,"2005년 5월 이후 처음 4% 넘어…""취약 차주 심각한 자금난""저축은행마저 대출 조이자 카드빚 썼다 상환 밀려





                일반 은행 신용카드 대출 연체율이 20년 만에 최고치를 경신했다.신용 점수가 낮은 취약 차주들이 1금융권은 물론 2금융권에서도 대출받기 어려워지자 상대적으로 이자율이 높은 단기 카드 대출을 이용한 결과로 분석된다.23일 한국은행 경제통계시스템에 따르면, 일반 은행의 신용카드 대출금 연체율은 지난 4월 3.6%에서 5월 4.2%로 0.6%포인트(p) 뛰었다.이는 지난 2005년 5월의 5.0% 이후 20년 만에 가장 높은 수준이다.일반 은행은 금융지주 아래서 카드 사업을 분사한 시중은행과 IBK기업은행 등 특수은행을 제외한 나머지를 말한다.4대 은행(KB국민·신한·하나·우리)은 카드사를 분사한 만큼, 시중은행으로 바뀐 iM뱅크를 빼면 광주·경남·부산·전북은행 등 지방은행이 대부분이다.카드 대출은 단기 대출인 현금 서비스와 장기 대출인 카드론 등을 포함한다.하루 이상 원금 연체를 기준으로 한 은행 카드 대출 연체율은 2023년 12월 2.8%에서 2024년 1월 3.0%로 올라선 뒤 계속 3%대에 머물러왔다.지난해 10월과 11월 연달아 3.4%를 기록한 뒤 12월 3.1%로 주춤했으나 올해 1월 3.5%, 2월 3.8% 등으로 급등 조짐을 보였다.이어 3월 3.5%, 4월 3.6% 등으로 횡보하다가 5월 4.2%로 단숨에 치솟았다.4%를 넘은 것 자체가 20년 만에 처음이었다.이를 두고 1·2금융권 대출에 실패하고 카드론 등으로 소액 급전이라도 쓰려던 차주들이 벼랑 끝에 몰린 상황을 단적으로 드러낸다는 해석이 나온다.1금융권은 상대적으로 소득이 높고 신용점수가 높은 차주들 위주로 신용대출을 내주는 경향을 보였다.저축은행과 상호금융 등 2금융권도 자산 건전성 관리 차원에서 신규 대출 영업을 자제하는 분위기가 이어졌다.실제 저축은행 여신 잔액은 지난 5월 말 95조7천67억원으로, 2021년 10월(95조5천783억원) 이후 3년 7개월 만에 가장 작았다.이미 대출을 최대한 당겨쓴 다중 채무자들이 마지막으로 카드 대출을 받았다가 원리금을 상환하지 못하고 있다는 게 업계 분석이다.시중은행 관계자는 ""대선 직전인 지난 5월 경기 둔화로 카드 연체율이 유독 급등했다""며 ""취약 차주가 상대적으로 더 심각한 자금난을 겪은 결과로 볼 수 있다""고 말했다./연합뉴스",https://www.hankyung.com/article/202507248104Y,2025.07.24 10:06
,,,https://magazine.hankyung.com/business/article/202507173693b,
[포토] K브랜드 대표 기업 한자리에…프리미엄브랜드지수 시상식,,"한국표준협회는 지난 11일 서울 소공동 롯데호텔에서 ‘2025 프리미엄 브랜드지수(KS-PBI) 1위’ 시상식을 열었다. 앞줄 왼쪽부터 김덕경 삼성서울병원 교수, 양홍걸 시원스쿨 대표, 김승곤 에몬스가구 부사장, 김도한 더케이예다함 대표, 김남용 형지엘리트 본부장, 김영훈 한국도미노피자 대표, 문동민 표준협회장, 김용철 가톨릭대 교수, 박용권 신한은행 본부장, 강원규 에쓰오일 토탈에너지스윤활유 부사장, 홍석기 LG전자 실장, 박해창 신한카드 그룹장, 최진욱 현대건설 팀장, 김종현 신한은행 실장.  한국표준협회 제공",https://www.hankyung.com/article/2025071352081,2025.07.13 18:07
"[사설] ""경제 살리자"" 독일 정부와 기업들의 이심전심",,"지멘스, 폭스바겐, 도이체방크 등 61개 기업이 독일 경제를 살리기 위해 2028년까지 3년간 6310억유로(약 1019조원)를 투자하겠다고 나섰다. 독일 내 설비 확충과 연구개발(R&D)에 엔비디아, 블랙록 등 미국 기업도 동참하기로 했다. 이들은 그제 ‘메이드 포 저머니(Made for Germany)’라는 공동성명을 발표하고 프리드리히 메르츠 총리를 만나 투자 확대를 위한 승인 절차 간소화와 노동력 확보 대책 등을 건의했다. 독일 정부가 지난달 기업 설비투자 등에 세금을 줄여주는 458억유로(약 74조원) 감세 패키지를 내놓은 데 대해 ‘화끈한 화답’을 한 셈이다.자동차·화학 등 수출 제조업 중심인 독일 경제는 2022년 러시아의 우크라이나 침공 이후 에너지 가격 폭등의 직격탄을 맞아 2023년부터 지난해까지 2년 연속 마이너스 성장을 기록했다. 올해는 미국발(發) 관세전쟁까지 덮쳐 설상가상인 상황이다. 도널드 트럼프 대통령의 엄포대로 미국이 유럽연합(EU)에 관세율 30%를 부과하면 독일 경제는 더 깊은 수렁으로 빠져들 가능성이 높다는 게 전문가들의 평가다. 이런 어려움 속에서 “독일 경제를 살리자”며 정부와 기업이 이심전심으로 나선 것이다.우리 경제 역시 사정이 독일과 크게 다르지 않다. 경제성장률은 네 분기 연속 0%대 안팎을 벗어나지 못하고 있고 올해 잠재성장률도 사상 처음으로 1%대로 떨어질 것이라는 전망이다. 수출이 성장률을 90% 가까이 책임지고 있다는 점에서 관세전쟁의 충격파도 독일보다 더하면 더했지, 작지는 않을 것이다.하지만 정부의 대응을 놓고 보면 차이가 분명하다. 최근 국회에서 산업은행의 법정자본금 한도를 45조원으로 늘려 첨단 전략산업 지원을 확대하기로 하는 등 평가할 부분이 없지 않지만, 독일과 같은 감세 카드는커녕 법인세 증세를 꺼내 들어 기업들을 아연실색하게 하고 있다. 여당이 상법 추가 개정, 노란봉투법 등 기업 투자를 움츠러들게 할 법안 처리에 일사천리인 것 역시 마찬가지다. 기업들이 자발적으로 투자 보따리를 풀 여건을 만들어주지 않은 한 ‘민생·경제 살리기’는 공허한 구호에 그칠 수밖에 없다.",https://www.hankyung.com/article/2025072252231,2025.07.22 17:39
"NH농협은행, 지역경제 활성화를 위한 연내 4조 5천억원 규모 금융지원 실시","- 15일 신용보증재단, 중소벤처기업부, 중소기업중앙회, 소상공인연합회와 '지역경제 활성화를 위한 소기업·소상공인 금융지원' 협약식 개최

- 올해 신용보증재단과 1조 9천억원, 신용보증기금 및 기술보증기금과 2조 6천억원, 총 4조 5천억원 규모 금융지원 실시 계획","NH농협은행(은행장 강태영)은 15일 마포구 중소기업DMC타워에서 신용보증재단, 중소벤처기업부, 중소기업중앙회, 소상공인연합회와 '지역경제 활성화를 위한 소기업·소상공인 금융지원' 협약식을 개최했다고 밝혔다.이 날 강태영 은행장을 포함한 농협은행 임직원과 중소기업중앙회 오기웅 상근부회장, 소상공인연합회 송치영 회장, 중소벤처기업부 이순배 글로벌성장정책관, 신용보증재단중앙회 원영준 회장 및 17개 지역보증재단 이사장 등이 참여한 가운데 ▲농협은행의 소상공인 금융지원 현황 공유 ▲소상공인 지원방안 협력 논의 등도 이루어져 그 의미를 더했다.농협은행은 이번 협약으로 신용보증재단중앙회에 10억원, 전국 17개 지역신용보증재단에 52억원, 총 62억원을 특별출연해 약 900억원 규모의 보증대출을 지원한다. 신용보증재단중앙회는 영세소상공인을 위한 협약보증상품을 새로 출시하며, 각 지역신용보증재단은 지역별 특성에 맞춘 상품을 개발 및 운영한다. 농협은행은 올 한 해 신용보증재단과 1조 9천억원 규모, 신용보증기금 및 기술보증기금과도 2조 6천억원 규모로 금융지원을 실시한다는 방침이다.특히, 영업점의 60% 이상이 비수도권에 위치하며, 전국 각지의 지역금고를 담당하는 공공금융 전문은행인 농협은행의 이번 금융지원은 금융환경이 열악한 지역의 소상공인 및 중소기업의 자금난을 해소하고, 지역경제 활성화에 기여할 것으로 기대한다.협약식에 참여한 강태영 농협은행장은 “지역의 심장인 소상공인이 살아야 지자체와 국가 경제도 활성화된다”며, “농협은행은 앞으로도 강소기업 발굴 및 실질적 금융지원을 펼쳐 고객과의 동반성장을 추진할 것”이라고 말했다.한편, 농협은행은 지난해 금융위원회가 발표한 '2024년도 금융회사 지역재투자 평가결과'에서 5년 연속 최우수 등급을 획득하며, 지역사회와 상생하는 본연의 역할을 입증한 바 있다. 본 평가는 금융회사의 지역 내 중소기업 지원, 서민대출 지원, 금융인프라 현황 등 지역 금융지원 전략 등을 평가해 지자체 및 교육청 금고 선정기준 등에 활용된다.",https://www.hankyung.com/article/202507159672P,2025.07.15 15:06
자사주 의무소각 상법개정...주목해볼만한 종목은?,,"경유레카는 한국경제신문의 디지털 미디어인 한경닷컴에서 개발한 개별 종목에대한인공지능(AI) 알고리즘 업체의 투자 의견을 종합한 'AI 컨센서스'를 제공하는 서비스입니다. '한경유레카' 앱은 구글 플레이 스토어 혹은 앱스토어에서 내려받을 수 있습니다.





종목추천 서비스 종합 플랫폼 한경유레카에 입점한 친절한미정씨가 전거래일(10일) 카카오뱅크를 추천하여 수익률 6.6%를 기록했다.친절한미정씨는 성장, 가치, 성과, 안정성, 모멘텀 등 기업의 가치를 평가하는 5개 중요 변수를 AI 학습 및 분석하여 상대평가 점수화 지표화한 QAIS(Quin AI Score)라는 자체 점수를 통해 종목을 추천한다.  친절한미정씨는 최근 자사주 의무 매입에 대한 상법개정에 따라 은행주들이 강세를 보이고 AI관련주인 2가지 모멘텀을 카카오뱅크가 가지고 있어 QAIS가 높아져 해당 종목을 추천했다고 전했다. 한경유레카에서 신규가입을 하고 친절한미정씨를 구독하면 1개월간 무료로 추천종목을 문자로 받아볼 수 있다.  본 글은 투자 참고용입니다.한화투자증권 리가켐바이오 대명에너지 더즌 에코아이",https://www.hankyung.com/article/202507111733a,2025.07.11 12:37
"[단독] 부천시 1금고 농협銀, 2금고 기업銀 낙점","차기 '금고지기' 선정 마무리
내년부터 4년간 예산·기금 운영","IBK기업은행 전경  /사진=IBK기업은행

                기업은행이 경기 부천시의 예산과 기금을 관리하는 2금고로 선정됐다. 오랜 ‘금고지기’였던 국민은행과의 경쟁에서 이겼다는 점에서 주목받는 분위기다. 부천시 금고를 시작으로 향후 은행간 지방자치단체 금고 쟁탈전이 더욱 치열해질 전망이다.7일 금융권에 따르면 부천시는 최근 농협은행을 차기 1금고, 기업은행을 2금고로 확정했다. 두 은행은 내년부터 2029년 말까지 부천시 예산과 기금을 맡는다. 예산의 약 80%를 1금고가, 20%를 2금고가 맡을 것으로 예상된다. 올해 부천시 예산은 2조4378억원이다.은행권에선 기업은행이 국민은행을 제치고 2금고를 차지했다는 데 주목하고 있다. 국민은행은 오랫동안 농협은행과 함께 부천시 금고를 운영해왔다. 계약기간이 끝나 금고지기를 다시 뽑을 때마다 두 은행이 대결을 벌여 1, 2금고를 맡아왔다. 하지만 이번에 새로 참전한 기업은행이 금고지기 자리를 차지하면서 새로운 구도가 형성됐다.부천시 측은 기업은행이 제시한 지역경제 활성화 등의 계획을 긍정적으로 평가하고 2금고를 맡기기로 결정한 것으로 알려졌다. 기업은행은 입찰에 참여하면서 부천 지역 중소기업에 적극적으로 자금을 공급하고 주민들을 위한 사회공헌을 활발하게 펼칠 것을 약속했다. 부천에 가장 많은 점포를 둔 시중은행이란 점도 강조했다.은행 간 지자체 금고 쟁탈전은 점점 뜨거워질 전망이다. 시장금리 하락으로 수신 확대가 쉽지 않은 상황에서 대규모 지자체 금고 운영을 맡으면 적잖은 금액을 저원가성 예금으로 확보할 수 있어서다. 부천(4개)을 포함해 총 274개 지자체 금고가 올해 계약이 끝난다.김진성/장현주 기자 jskim1028@hankyung.com",https://www.hankyung.com/article/202507071805i,2025.07.07 09:37
덩치 키우니 규제…'족쇄'가 된 중견기업,"망가진 기업 성장사다리

中企 졸업하자 자금조달 금리 두 배나 뛰고
우대혜택 모두 끊겨…성장이 되레 '징벌'로",벤처기업에서 중소기업을 거쳐 지난해 중견기업으로 성장한 A사는 최근 자금 조달 문제로 큰 고민에 빠졌다. 정부가 중소·벤처기업을 대상으로 제공하는 연 2~3% 금리의 정책자금을 더 이상 받을 수 없어서다. 그 자리는 연 5~6% 시중은행 대출로 채워야 했다. A사 대표는 “이자 부담은 두 배가 됐는데 공공입찰 등에서 중소기업 우대 혜택을 못 받아 사업 기회가 급감했다”며 “기업 규모를 키워 고용을 늘리면 상을 받는 게 아니라 벌을 받게 돼 중소기업으로 돌아가는 게 차라리 나을 것 같다”고 하소연했다.기업이 커나가는 성장 사다리가 무너지고 있다. 특히 중소기업이 중견기업으로 성장하면 각종 혜택이 줄어 중소기업으로 돌아가려는 중견기업이 급증하는 추세다.21일 한국중견기업연합회에 따르면 중소기업으로 회귀한 중견기업은 2017년 197개에서 2023년 574개로 두 배 가까이 늘었다. 중소기업에 머물겠다는 ‘졸업 유예’ 기업도 2021년 855개에서 2023년 1143개로 증가한 뒤 지난해에는 1377개로 사상 최대치를 경신했다.2014년 중견기업법이 시행된 지 10년이 지나도 기업이 제자리에 머무는 ‘피터팬 증후군’이 확산하는 것은 기업 규모가 커질수록 기계적으로 지원은 줄고 족쇄만 늘기 때문이다. 중소기업에서 중견기업으로 승격하면 각종 세액공제 혜택이 절반 이하로 감소한다. 수익성과 재무 건전성이 개선돼도 조달 금리는 중소기업 때보다 되레 올라간다.역대 정부는 이런 문제점을 인식하고 여러 대책을 내놨지만 중소기업 보호에만 치중할 뿐 기업 성장을 유도하는 단계까지 이르지 못했다. 이재명 대통령도 취임 이후 “기업이 성장할 수 있도록 규제를 합리화하겠다”는 원칙만 밝혔을 뿐 구체적인 성장 사다리 정책은 내놓지 못하고 있다.박양균 중견기업연합회 정책본부장은 “기업 성장 사다리 제도는 잘하는 기업을 더 잘하게 하는 게 아니라 작은 기업만 보호하는 데 치중하고 있다”며 “정책적 보호 대상은 소기업으로 한정하고 그 이상 규모의 기업에 대해선 과감하게 생산성과 투자 중심으로 정책의 틀을 바꿔야 한다”고 지적했다.황정환/원종환 기자 jung@hankyung.com,https://www.hankyung.com/article/2025072127311,2025.07.21 18:00
KPI 수정에 소호부 신설…기업대출로 방향 튼 은행,,"영상 모듈 닫기




<앵커>정부가 고강도 대출규제에 나서면서 은행권은 대응책 마련에 비상이 걸렸습니다.강도 높은 가계대출 옥죄기에 은행들은 하반기, 기업대출을 보다 늘리는 쪽으로 방향을 틀고 있습니다.경제부 김보미 기자와 자세한 이야기 나눠보겠습니다.김 기자, 은행들이 가계대출 축소분을 메우기 위해 기업대출을 돌파구로 삼고 있다고요.<기자>네 그렇습니다.신한금융을 시작으로 4대 금융지주가 잇따라 하반기 경영전략회의를 개최하는데요.기업금융 확대에 보다 무게가 실릴 것이란 전망이 나옵니다.실제로 한 시중은행 관계자는 “정부의 대출규제가 예상했던 것보다도 더 강했다”면서 “일단 기업대출 확대로 수익을 방어해야 되지 않겠냐”라고 분위기를 전하기도 했습니다.<앵커>정부가 하반기 가계대출 목표치 총량을 절반으로 줄인 상황입니다.기업대출을 빠르게 늘린다 하더라도 이걸 다 메울 수 있을까요?<기자>그나마 다행인 점은요.시중은행의 경우 가계대출과 기업대출 비중이 1대 1에 가깝습니다.포트폴리오가 가계대출로 쏠려있지 않다는 거죠.때문에 기업대출 확대로 충분히 커버할 수 있을 것으로, 증권가에서는 보고 있는데요.실제로 정부 규제로 인해서 가계대출이 타격을 받았던 22년, 23년에도 은행들은 기업대출을 확대함으로써 이익 감소를 방어한 사례가 있습니다.<앵커>미리 대비해서 준비를 좀 해놓았다면 좋았을 것 같은데 어떻습니까?<기자>사실 정부 규제가 어제오늘 일은 아니기 때문에 은행들은 올해 초부터 조직을 재정비하고, 신규 서비스를 도입하는 등 기업금융을 챙겨왔습니다.KB국민은행의 경우에는 전국에 1명 있었던 기업금융(SME) 전담 지점장을 올해 20명 이상으로 늘렸고요.신한은행은 본점의 기업대출 지원 범위를 확대하고, 올해 KPI(핵심성과지표)에서 영업점의 기업대출 비중을 강화했습니다.이외에도 소호사업부나 중견기업금융팀 등과 같은 기업금융 전담부서를 신설하거나, 중소기업 특화센터를 확대하는 등 기업금융 확대에 적극적인 모습들입니다.<앵커>경기가 워낙 좋지 않다보니 기업들 사정도 녹록지 않습니다.아무래도 우량 기업을 얼마나 발굴해 낼 수 있느냐가 관건이겠죠?<기자>그렇습니다. 바로 이 부분이 은행들로서는 부담요인인데요.실제로 지난달 기준 5대 시중은행의 기업대출 잔액은 전달대비 약 8조4천억원 감소했습니다.올 들어 가장 큰 폭으로 줄어든 것인데요.경기불확실성이 커지면서 대기업을 중심으로 기업들의 자금수요가 줄어든 데 따른 결과입니다.여기에 기업대출 연체율도 오르고 있는데요.특히 중소기업의 경우 전달대비 0.07%p 오른 0.83%를 기록했습니다.중소기업대출 연체율의 경우 1%를 마지노선으로 보고 있고요.지난 6여년 동안 0.85%를 넘어선 적이 없다는 점에서 현 수준은 매우 높은 상태라고 할 수 있겠습니다.<앵커>시중은행들. 하반기는 규제와 수익성, 건전성까지 신경써야 하는 상황인데요.상반기 실적이 그나마 방어를 해주면 좋을 것 같은데 어떻게 전망됩니까?<기자>연초 공격적인 대출영업으로 지난 1분기에 사상 최대 실적을 쓴 덕분에, 상반기에는 10조원에 육박하는 역대급 성적표를 받아들 것으로 보입니다.물론 지난해 홍콩H지수 ELS손실에 따른 기저효과도 있구요.다만 분기별로 떼어놓고 봤을 땐 당장 2분기가 전년동기대비 3.2% 감소할 것으로 예상되고있습니다.여기에 하반기에는 (앞서 살펴본 것처럼) 주 수익원인 가계대출 축소가 불가피해서요.3분기, 4분기에 수익을 얼마나 잘 방어했는지에 따라 각사별로 연간 실적이 갈릴 것으로 전망됩니다.<앵커>지금까지 경제부 김보미 기자였습니다.김보미기자 bm0626@wowtv.co.kr",https://www.hankyung.com/article/2025070370105,2025.07.03 17:39
[마켓칼럼] 레버리지를 겨냥한 벙커버스터 6.27 대책,,"※한경 마켓PRO 텔레그램을 구독하시면 프리미엄 투자 콘텐츠를 보다 편리하게 볼 수 있습니다. 텔레그렘에서 ‘마켓PRO’를 검색하면 가입할 수 있습니다.










조정현 IBK투자증권 연구원  레버리지를 겨냥한 벙커버스터 6.27 대책서울 집값이 다시 꿈틀대고 있다. 6월 네번째 주 기준 마포구를 중심으로 일부 지역은 한 주 만에 1% 가까이 상승했다. 서울 전체 평균도 0.43%의 오름세를 기록했다. 마치 2017~2020년의 불장을 연상케 하는 장면이다. 현장에서는 ""집을 지금 사지 않으면 다시 못 산다""는 불안이 번지고, 시장에는 또 다시 대출을 끌어다가 집을 사려는 수요가 빠르게 유입됐다. 서울특별시 자치구별 주간 주택 매매가격지수 변동률





                자료: 한국부동산원, IBK투자증권 추정이처럼 단기에 급등하는 데에는 중요한 두 가지 원인이 있다고 판단한다. 첫째는 기준금리 인하 기대다. 한국은행이 조만간 금리를 내릴 것이라는 기대감은 시장 전반에 유동성 확대 심리를 자극했다. 둘째는 공급 부족이다. 최근 수년간 서울시의 주택 착공은 눈에 띄게 줄어들었고, 신규 분양은 고점 대비 반 토막 수준이다. 2023년 말 기준 서울의 연간 아파트 착공은 4만 가구도 채 되지 않는다. 예측 가능한 공급 시그널이 거의 사라진 가운데, '지금이 아니면 기회가 없다'는 투자 심리가 빠르게 확산된 것이다. 수도권 아파트 준공 전망





수도권 아파트 착공 추이





자료: 통계청, IBK투자증권여기에 구조적으로 위험한 대출 조합도 한 몫했다. 본인 자금에 세입자의 전세보증금, 그리고 생애최초 특례 같은 후순위 대출을 얹는 방식의 복합 레버리지 투자가 일반화됐다. 일반 주택 담보대출(LTV 70%) 대비 규제가 다소 느슨했던 생애최초 대출(LTV 80%)은 무주택자라는 조건만 맞으면 전입이나 실제 거주 여부와 상관없이 비교적 쉽게 후순위 담보로 집을 살 수 있는 통로가 되었다. 이는 실수요보다는 수익형 구매를 부추겼고, 투자용 수요가 다시 시장으로 밀려들게 만든 촉매로 작용했다고 판단한다.그 결과, 올 들어 가계대출은 매달 5~6조 원씩 불어나고 있다. 수도권을 중심으로 한 주담대 수요가 폭증했고, 은행권과 2금융권 모두 대출잔액이 빠르게 증가하면서 금융시스템에 대한 우려도 커져갔다. 이에 금융당국은 더 이상 상황을 방치할 수 없다고 판단한 것으로 추정한다.지난달 27일 금융위원회는 수도권 중심의 가계부채 관리 강화 방안을 전격 발표했다. 핵심은 명확하다. 첫째, 주택을 1채라도 보유한 경우 추가 주택 구입 목적의 주담대를 원천 차단한다. 2주택자는 물론, 1주택자도 기존 주택을 6개월 내 처분한다는 조건이 없으면 추가 대출이 불가능하다. 둘째, 수도권 및 규제지역 내 주택 구입 목적 주담대 한도를 6억 원으로 제한했다. 생활안정 목적 주담대 역시 1억 원 이하로 줄이며 다주택자에게는 대출을 아예 금지했다. 셋째, 이른바 갭투자를 차단하기 위해 '소유권 이전 조건부 전세대출'은 전면 금지됐고, 주담대 이용 시 6개월 내 전입 의무도 부과됐다.





                 이번 조치는 시장에 명확한 메시지를 던진다. 이제는 레버리지를 축소하겠다는 정부의 의지 표명이다. 그동안 묵인되던 다중 대출, 후순위 조합, 전세 레버리지 등의 비효율적 구조를 바로잡겠다는 시그널이라 해석된다.한 가지 분명히 짚고 넘어가야 할 점도 있다. 지금의 시장 불안을 만든 근본적 원인이 단지 대출 때문만은 아니라는 점이다. 주택 공급의 지속적 부족, 착공 감소, 분양 위축 등 공급 축소가 만든 공백이 가격 불안의 본질이라는 점을 간과해선 안 된다. 실수요자의 접근성을 높이기 위해서라도, 공급 확대에 대한 구체적이고 예측 가능한 로드맵이 반드시 병행돼야 한다고 판단한다.",https://www.hankyung.com/article/202507096724i,2025.07.09 10:31
中·러도 스테이블코인 발행 채비…韓은 이제서야 논의 시작,"""자국통화 존재감 약해질라""

알리바바, 위안화 연동 발행 요청
러 방산기업, 루블화 연동 곧 출시
韓 '디지털자산법' 지난달 발의","진=게티이미지뱅크 

                미국이 스테이블코인을 제도권에 편입한 가운데 중국과 러시아에서도 자국 통화와 연동된 스테이블코인을 발행하려는 움직임이 잇따르고 있다. 관련 법령과 제도 정비가 지지부진한 한국과 대비되는 행보다.18일 외신 및 금융권에 따르면 중국 정보기술(IT) 기업 징둥닷컴과 알리바바 계열사 앤트그룹은 최근 역외 위안화에 연동된 스테이블코인 발행을 허가해달라고 자국 정부에 요청했다. 두 회사는 글로벌 시장에서 위안화 사용을 촉진하고 달러 연동 암호화폐의 영향력 강화를 막아야 한다는 입장으로 알려졌다. 이들은 다음달 홍콩에서 스테이블코인 규제가 도입되기 전 발행을 마무리할 계획이다.암호화폐 발행을 금지한 중국 정부의 정책이 변하고 있다는 분석도 나온다. 판궁성 중국 인민은행장은 지난달 상하이에서 열린 한 포럼에서 “중앙은행 디지털화폐와 스테이블코인이 ‘결제-정산’ 기능을 실현해 기존 결제 시스템을 재편하고 있다”고 말했다.러시아도 루블화 스테이블코인 발행을 앞두고 있다. 러시아 국영 방산기업 로스텍은 최근 루블과 가치가 1 대 1로 연동된 스테이블코인 ‘RUBx’를 연내 출시하겠다고 발표했다.중국과 러시아가 스테이블코인 발행에 나선 데는 미국 달러 스테이블코인 거래가 급증해 자국 통화의 존재감이 약해질 수 있다는 위기감이 작용했다는 분석이다. 국내에선 원화 스테이블코인 발행 논의가 속도를 내지 못하고 있다. 국정기획위원회가 최근에야 스테이블코인 소분과를 설치하고 도입 방안을 논의하기 시작했다. 국회에서도 이제 막 법제화 초입 단계에 들어섰다. 민병덕 더불어민주당 의원이 지난달 원화 스테이블코인 발행을 허용하는 내용의 ‘디지털자산기본법’을 발의했다.김진성 기자 jskim1028@hankyung.com",https://www.hankyung.com/article/2025071877751,2025.07.18 17:22
美 트럼프 관세 재부상·中 외국투자 위축…글로벌 밸류 체인 ‘재편 가속’ 우려,,"미국이 수개월간 관세 카드를 다시 꺼내 들면서, 글로벌 공급망 및 투자심리에 상당한 충격이 감지되고 있다. 최근 50% 구리·30% EU산 수입품 관세 확대 조치는 단기 시장 반응은 제한적이었으나, “‘개구리는 서서히 끓는 물에서 죽는다’는 비유처럼 누적되는 충격이 장기적 위험요인으로 작용할 수 있다”는 경고가 나오고 있다. TS Lombard의 이코노미스트는 투자자들이 “경고 신호를 무시한다”고 지적하며 조기 대응을 권고했다.이와 맞물려 미국 내에서는 금리와 환율도 민감하게 움직이고 있다. 달러화 약세가 10% 가까이 진행되면서 비(非)미국 주식시장은 연초 이후 17% 상승했으며, 특히 유로존·독일 증시는 27%, 37% 급등했다. 이에 일부 전략가들은 미국 투자자들에게 “포트폴리오 비중을 해외 자산으로 재조정하라”고 촉구하고 있다.




 

한편, 미국 기업들의 중국 내 신규 투자 의지 역시 급속히 위축되고 있다. 미중 비즈니스카운슬 조사에 따르면, 응답 기업 중 절반 이상이 올해 신규 투자 계획이 없으며, 27%는 철수 또는 이전을 고려 중이다. 이는 중국의 경기 둔화와 규제·관세 리스크가 복합적으로 작용한 결과로 분석된다.심지어 희토류 산업까지 중국의 전략적 통제가 강화되는 모습이다. 중국은 올해 희토류 채굴·정련 할당량을 비공식적으로 발표하며 공급 안정성을 높이는 동시에 외교·무역 협상에서 우위를 점하려는 움직임을 보였다.투자은행들은 “8~10월이 글로벌 증시 변동성의 핵심 구간”이라 경고한다. 한국 투자자의 눈높이에서는 미국 관세·금리·달러·중국 투자/규제 흐름과 중국 희토류 정책까지, 거시·정책 리스크가 집약된 시기로 판단된다. 따라서 실물경제 지표와 공급망 변화, 통화 흐름 등을 정밀히 모니터링하며 포트폴리오 리스크 관리에 나오는 전략이 요구되는 시점이라고 할 수 있다.포스코DX, 자연과환경, 실리콘투, 보로노이, 한화솔루션무료상담",https://www.hankyung.com/article/202507210735a,2025.07.21 09:33
시가배당률 줄줄이 급락…증권주 '주가 급등 딜레마',"시가배당률 5% 밑으로 떨어져
정책 기대로 단기 급등한 영향
""배당주 매력 떨어져 투자 유의""","증권주가 최근 급등하면서 고배당 매력이 바래고 있다. 신규 매수가 부담스러운 가격에 이르렀다는 평가도 나온다.





                15일 한국거래소에 따르면 KRX 증권지수는 지난 1분기 말부터 이날까지 101.1% 급등했다. KRX 지수 중 상승세가 가장 가파르고 2위 유틸리티지수(58.25%)와 큰 격차를 나타냈다. 같은 기간 미래에셋증권과 한화투자증권은 각각 145.9%, 121.5% 뛰어오르며 증권주 매집 열기를 반영했다.증권가에선 주가 급등에 기름을 부은 ‘고배당 매력’ 재료 소진에 우려를 표시했다. 유안타증권과 대신증권 시가배당률은 이날 종가 기준으로 각각 4.5%, 3.8%로 낮아졌다. 시가배당률은 현 주가 대비 배당금의 비율을 말한다. 1분기 말 기준 유안타증권과 대신증권의 이 비율은 각각 7.8%, 7.4%에 달했다.NH투자증권(6.8%→4.1%)과 미래에셋증권(2.7%→1.1%)의 시가배당률도 크게 하락했다. 그동안 증권주는 낮은 주가 변동성과 뛰어난 시가배당률을 갖춰 주로 배당 투자자가 선호하는 종목이었다. 배당 매력 약화는 이 같은 투자자의 외면을 부를 수 있다.시가배당률을 예전 수준으로 올리려면 ‘당기순이익 대비 배당금 비율’을 뜻하는 배당성향을 강화해야 한다. 문제는 대부분 증권사가 배당성향을 높일 여력을 갖추지 못했다는 것이다. 주가 상승 폭만큼 당장 이익을 두 배로 늘리기 어렵고, 과도한 이익 유출로 덩치 키우기 경쟁에서 밀려나는 일도 경계해야 하기 때문이다. 한 자산운용사 관계자는 “치열하게 자기자본 규모 경쟁을 벌이는 증권사에 배당성향 강화는 큰 부담”이라며 “중소형사는 배당을 더 늘리기 어려울 것”이라고 말했다.지금 주가 수준에서는 증권주 투자에 유의해야 한다는 지적도 나온다. 급등을 이끈 재료인 ‘배당소득 분리과세’ 정책도 더 이상 효과를 발휘하기 어려워져서다. 증권뿐 아니라 같은 이유로 급등세를 보인 금융주도 비슷한 상황이다.정태준 미래에셋증권 연구원은 기업은행에 대해 “올해 시가배당률이 4.8%로 하락해 더 이상 매력적인 수준으로 볼 수 없다”며 “배당성향이 올라가야 하지만 보통주 자본비율 등의 문제로 쉽지 않은 상황”이라고 분석했다.박한신 기자 phs@hankyung.com",https://www.hankyung.com/article/2025071501771,2025.07.15 17:55
"브릿지바이오 인수 파라택시스, 8월 주총 개최…이사회 금융·코인 전문가 구성",BTC 트레저리 플랫폼 구축,"파라택시스 캐피털 매니지먼트(PCM)의 계열사인 파라택시스 홀딩스(Parataxis Holdings LLC)가 오는 8월 초 예정된 브릿지바이오테라퓨틱스(브릿지바이오) 주주총회에서 선임할 이사회 후보자 명단을 공개했다고 9일 밝혔다.이번 주주총회를 기점으로 브릿지바이오는 코스닥 상장 비트코인 트레저리(BTC treasury) 플랫폼으로의 전환을 위해 사명을 '파라택시스 코리아'로 변경할 계획이다.파라택시스 코리아 신임 CEO(최고경영자)로 내정된 앤드류 김(Andrew Kim)은 ""한국 주식 시장에 기관 투자자들이 주도하는 첫 번째 BTC 트레저리 플랫폼을 소개하게 돼 매우 기쁘다""며 ""공개된 이사 후보들은 한국에서 기관 금융, 디지털 자산, 자본 시장 규제 분야에서 다양한 경험을 보유하고 BTC 트레저리 전략을 실행할 수 있는 인물들""이라고 밝혔다.이어 ""파라택시스 홀딩스는 파라택시스 코리아를 대표하면서 회사를 선도적 BTC 트레저리 플랫폼으로 이끌 수 있는 후보들을 신중하게 선정했다""며 ""회사의 비즈니스를 규제 준수 및 상업적으로 실행 가능한 방식으로 추진하는 데 중점을 두면서 장기적 주주 가치 제고에 힘쓸 것""이라고 말했다.파라택시스 홀딩스의 창립자이자 CEO, PCM의 공동창립자 겸 CEO 및 공동 CIO(최고정보책임자)인 에드워드 진(Edward Chin)이 파라택시스 코리아 회장 겸 사내이사 후보로 지명됐다.2019년 PCM을 공동 창립하기 전에 에드워드 진은 암호화폐 전문 자산운용사 갤럭시 디지털에서 투자 은행가로 활동했다. 리먼브라더스에서 커리어를 시작했으며 디지털 자산 분야에 입문하기 전에는 10년 이상 기술, 미디어, 통신 분야의 투자 은행가로 경력을 쌓았다.에드워드 진은 미국 육군 대위로 복무한 후 한국에서 미국의 권위 있는 풀브라이트(Fulbright) 연구 장학생으로 활동했다. UC버클리 학사, 연세대학교 석사 학위를 취득하고 와튼스쿨 MBA 과정을 거쳤다.PCM과 파라택시스 홀딩스에서 파트너로 활동 중인 앤드류 김은 새로 출범하는 파라택시스 코리아의 CEO 겸 대표이사로 취임할 예정이다. 파라택시스 합류 전 앤드류 김은 패밀리 오피스(family office)의 파트너로서 디지털 자산 거래와 채굴 인프라 투자 업무를 총괄했다.디지털 자산 분야 진출 전 그는 소프트웨어 스타트업으로 사모펀드에 30억 달러 이상 규모로 매각된 오딧보드(AuditBoard)에서 운영 책임자 역할을 맡아 회사 매출을 1000만 달러에서 1억 달러로 10배 성장시킨 성과를 보였다. 글로벌 대체 투자 운용사 아레스 자산운용에서 연구 분석가로, 크레딧스위스와 제프리스에서 투자 은행가로도 활동했다. 그는 뉴욕대학교에서 금융을 전공했다.이정규 브릿지바이오 대표는 사내이사로 파라택시스 코리아와 함께할 예정이다. 이정규 대표는 2015년 브릿지바이오를 창립하고 2019년에 성공적으로 코스닥에 상장시켰다.이전에는 췌장암 치료제를 개발하는 바이오텍 기업 렉스바이오를 창립했으며, 크리스탈지노믹스라는 코스닥 상장 바이오기업을 공동 창립해 관절염 치료를 위한 연구를 진행한 바 있다.창업 전에는 LG 생명과학(현 LG화학)에서 다양한 업무를 담당했다. 이정규 대표는 서울대학교에서 학사(화학), 석사(생화학) 학위를 취득했다.홍준기 보고펀드랩스 대표는 파라택시스 코리아 사외이사 후보로 지명됐다. 보고펀드랩스는 약 90억 달러 규모의 자산을 운용하는 국내 주요 사모펀드다.보고펀드랩스 전에는 시카고에 본사를 둔 디지털 자산 거래 업체 컴벌랜드DRW(Cumberland DRW)에서 한국 및 아시아 지역 총괄을 맡았다. 또한 그는 카카오뱅크 독립이사로 활동했으며, 현재 해시드 벤처스 감사직을 맡고 있다.디지털 자산 분야 전에는 스위스 UBS그룹 한국 대표, 노무라홀딩스 글로벌 금융 아시아 책임자, 리먼브라더스 아시아 글로벌 금융 책임자를 역임했다. MIT에서 공학 학사와 석사, MBA를 취득했다.사외이사 후보로 지명된 최충인 법무법인 세종 선임 외국 변호사는 국제 인수합병(M&A) 거래와 자본 조달 분야에서 풍부한 경험을 보유하고 있다. 그는 글로벌 사모펀드와 투자 회사 대상으로 국내 투자 관련 자문을 제공하며, 이중(bicultural) 문화적 배경과 뛰어난 언어 능력으로 국경을 넘는(cross-border) 국제 거래에서 특히 두각을 나타내고 있다.최 변호사는 율촌, 김앤장, 심슨 대처 앤 바틀렛, 아시아나항공에서 변호사로 활동하고, 테스트테크, 노루페인트, 사단법인 동반성장연구소, 모나리자의 사외이사를 역임했다. 그는 서울대학교, 조지타운대학교 법학전문대학원을 졸업했다.법정 감사인 후보로 지명된 황현일 세종 파트너 변호사는 자본 시장 및 증권 규제 분야에서 다양한 경험을 보유하고 있다. 법무법인 세종 전에는 금융위원회 자본시장 조사팀에서 근무했으며 삼성증권에서도 활동한 바 있다.현재 한국변호사협회 금융법위원회 부회장, 한국핀테크산업협회 감사, 코스닥 상장 심사위원회 위원으로 활동 중이다. 황 변호사는 고려대학교, 서강대학교 법학전문대학원을 졸업했다.파라택시스 홀딩스는 브릿지바이오 인수 거래 종결과 파라택시스 코리아의 트레저리 전략을 가속화하기 위한 펀드 조성을 완료하고 추가 펀드 조성 작업을 진행 중이다. 파라택시스 홀딩스는 8월 예정된 주주총회 이후 거래에 대한 추가 세부 사항을 발표할 계획이다.김유림 기자 youforest@hankyung.com",https://www.hankyung.com/article/202507096643i,2025.07.09 09:36
'하반기 대어' 대한조선 IPO 시동,11일부터 수요예측…몸값 2조,"▶마켓인사이트 7월 9일 오후 5시 6분대한조선이 하반기 공모주 시장의 분위기를 가를 첫 대형 기업공개(IPO)로 주목받고 있다.9일 투자은행(IB)업계에 따르면 대한조선은 11일부터 기관 수요예측에 들어간다. 희망 공모가 범위는 4만2000~5만원이다. 공모 예정 금액은 최대 5000억원, 예상 시가총액은 최대 1조9263억원이다.상반기 DN솔루션즈, 롯데글로벌로지스 등이 잇따라 상장을 철회한 뒤 기업가치가 1조원이 넘는 기업의 상장 도전은 멈췄다. 반면 중소형주는 공모 흥행에 성공하는 등 온도 차가 뚜렷했다. 명인제약, 채비, 소노인터내셔널 등 연내 상장을 준비 중인 대형 IPO 후보들은 대한조선이 투자심리 회복의 분수령이 될지에 관심을 기울이고 있다.조선업 전반에 대한 시장 평가가 우호적인 점은 대한조선에 긍정적인 요인으로 꼽힌다. 지난해 매출 1조746억원, 영업이익 1582억원을 올렸다. 전년보다 각각 32%, 340% 증가했다. 수주 잔액은 지난 3월 말 기준 2조2000억원에 달한다. 한 운용사 관계자는 “대한조선은 탱커선과 컨테이너선 등으로 포트폴리오를 확장하면서 경쟁사보다 높은 수익성을 확보했다”고 말했다. 다만 최근 조선업종 주가가 조정 국면을 보이는 점은 변수로 꼽힌다.최석철 기자 dolsoi@hankyung.com",https://www.hankyung.com/article/2025070982401,2025.07.09 17:36
"정진완 행장 ""우리은행, 공급망 플랫폼으로 中企 포용금융 앞장""",,"정진완 우리은행장이 10일 서울 회현동에서 ‘포용적 금융 플랫폼’을 주제로 기자설명회를 열고 발언하고 있다. 우리은행 제공

                정진완 우리은행장은 10일 ""여신·수신과 같은 전통적인 금융 외에도 공급망 플랫폼을 통해 중소·중견기업과의 상생을 실천하겠다""고 말했다.정 행장은 이날 서울 회현동 우리은행 본점에서 '포용적 금융 플랫폼'을 주제로 기자설명회를 열고 이 같은 뜻을 밝혔다. 정 행장은 ""중소기업들은 디지털 환경이 열악하고 공급망·결제망 등 핵심 인프라를 직접 구축하기 쉽지 않아 자금 거래가 대기업만큼 원활하지 못했다""며 ""우리은행이 금융권 최초로 제공하는 공급망 금융 플랫폼은 규격화된 서류 양식을 제공해 기업들이 보다 원활하게 거래할 수 있도록 돕는다""고 강조했다.정 행장이 이날 소개한 우리은행의 공급망 플랫폼은 원비즈플라자와 원비즈 e-MP, 우리SAFE정산 등 세 가지다. 원비즈플라자는 중소·중견 기업들이 주문 요청부터 발주, 검수까지 기업 사이의 거래 과정에 필요한 모든 절차를 비대면으로 해결할 수 있도록 돕는 플랫폼이다. 2022년 9월 출시된 원비즈플라자에 입점한 회원사는 지난달 말 약 7만8000개로, 우리은행은 올 연말까지 회원사를 10만개로 늘리겠다는 목표를 세웠다.
                    



우리은행 제공

                원비즈 e-MP는 대기업과 협력업체 사이의 상거래에서 발생하는 데이터를 취합해 대출 등 다양한 금융서비스를 선제적으로 제공하도록 돕는 플랫폼이다. 예컨대 중견기업이 대기업으로부터 발주를 받으면 아직 대기업으로부터 결제 정산이 이뤄지기 전인 발주 단계에서부터 우리은행의 '우리CUBE데이터론'을 받을 수 있다. 별도 담보를 은행에 제공할 필요도 없다.‘우리SAFE정산’ 서비스는 우리은행이 결제 허브로 기능해 PG사에서 받은 결제대금을 우리은행이 직접 관리하는 시스템이다. 기존에는 티몬·위메프와 같은 플랫폼 업체가 PG사로부터 결제대금을 받아 플랫폼에 입점한 업체에 판매대금을 지급하는 방식으로 정산이 이뤄졌다. 하지만 우리은행은 ‘우리SAFE정산’을 통해 PG사로부터 먼저 결제대금을 받아 직접 플랫폼에 수수료를 지급하고 입점업체에 판매대금을 나눠주는 역할을 하겠다는 것이다.
                    



우리은행 제공

                ‘우리SAFE정산’서비스는 올해 1월 여행플랫폼과 첫 업무를 시작한 이래 6월 기준 누적 4만 건 이상의 정산 실적을 기록하며 빠른 성장세를 보이고 있다. 현재는 여행, 항공 분야에 한해 서비스를 개시했지만, 앞으로 여러 분야 PG사와의 파트너십 체결을 통해 다양한 산업군 진출을 계획하고 있다.정의진 기자 justjin@hankyung.com",https://www.hankyung.com/article/202507100410i,2025.07.10 15:38
"""1억 떼이고 75만원 회수""…두 번 운 '티메프' 피해자들",,"'티메프 사태 1년, 전 정부 대응 문제점과 평가' 정책토론회가 10일 국회 의원회관 제1소회의실에서 열렸다. /사진=이시은 기자

                “정부의 지원은 또 다른 부채였습니다. 사업 시작 6개월 만에 판매대금에 준하는 빚이 추가로 생겼습니다.”티몬·위메프(티메프) 판매대금 미정산 사태로 도산 위기에 처했다는 피해기업 A 대표 박수민 씨는 발표 중간중간 터져 나오는 울음에 말을 잇지 못했다. 10일 티메프 사태 1년을 맞아 국회 의원회관에서 열린 ‘티메프 사태 1년 전 정부 대응 문제점과 평가’ 정책토론회에선 박 씨의 눈물에 굳은 표정으로 고개를 끄덕이는 100여 명의 피해자로 좌석이 가득 찼다. 하지만 토론회 끝까지 뚜렷한 결론은 도출되지 못했다. 참석한 정부 관계자들은 “책임을 통감한다”면서도 요구 사안에 대해선 “검토하겠다”며 선을 그었다. 국회의원들 대부분은 서둘러 자리를 떴다.  피해 복구, 책임은 누구에게 이날 행사는 더불어민주당 경제입법 단체 을지로위원회와 김동아 민주당 의원이 주최했다. '티메프큐텐피해자연합' '검은우산비대상대책위원회' 등 피해자 연합 100여 명과 중소벤처기업부·금융위원회·금융감독원·공정거래위원회 관계자들, 민주당 의원 8명(이언주·송재봉·이강일·박희승·김남근·권향엽·정진욱·김동아)이 자리했다. 피해 기업인과 소비자들의 정책 제안과 요구사항을 듣고, 부처별 입장과 개선방안을 논의하겠다는 취지였다.티메프 사태는 지난해 7월 이커머스 업계를 뒤흔든 일대 사건이었다. 티몬과 위메프가 판매대금 정산을 제때 해 주지 못하면서 소비자 47만 명, 판매나 5만6000명이 제대로 돈을 받지 못했다. 당시 금감원이 추산한 미정산 금액은 1조2789억원, 피해업체 수는 4만8124곳이다. 이후 티몬은 회생법원 강제인가를 걸쳐 신선식품 배송 전문기업 오아시스에 인수합병(M&A)이 결정됐다. 회생채권(대여금채권·상거래채권·구상채권) 변제율은 약 0.75%로 책정됐다. 1억원어치 돈을 떼였다면 75만원만 받을 수 있다는 의미다. 인수자의 고용 승계 등을 고려한 법원 판단이지만, 피해자들 반발은 이어지고 있다. 위메프는 아직 새 주인을 찾지도 못했다. 이 기간 동안 정부는 주로 대출 프로그램을 통해 피해자들을 지원해왔다.이날 현장에서는 이자 부담을 줄이고 대출 상환 기간이라도 늘려달라는 성토가 이어졌다. 가전제품 유통업체를 운영하는 피해자 강만 씨는 “10년 넘게 LG전자, 삼성전자 제품을 안정적으로 거래해왔지만 갑자기 21억원이 넘는 금액이 묶였다”고 했다. 이어 “정부가 말했던 상환 유예 정책은 현장서 아무런 의미가 없었다”며 “신용보증기금 금리 5%, 시중은행 7%, 중소기업진흥공단 2.5% 등 남은 것은 ‘이자 폭탄’뿐”이라고 했다. 신정권 검은우산비대위 대표는 “운영 중인 회사 순이익이 1조1000억원인데 이자만 5000만원”이라며 “피해 금액 10억원을 복구하려면 20년이 걸리는 상황”이라며 울분을 토했다. 부처 관계자들은 ""검토해보겠다""피해자들은 티메프 사태를 일으킨 구영배 큐텐 대표를 향한 추가 조사도 촉구했다. 신 대표는 “티몬과 위메프의 모회사인 해외기업 큐텐에 얼마만큼의 자금이 있는지 누구도 검증하지 못하고 있다”며 “최소한 구 대표의 남은 국내 법인이라도 조사가 필요하다”고 강조했다. 피해자들은 티몬에 대한 금감원의 관리 부실도 지적했다. 티몬이 과거 미정산 잔액을 10분의 1로 줄여 보고했는데, 금감원이 속아 넘어갔던 점을 다시 지적한 것이다. 이밖에 SC제일은행이 취급했던 선정산대출 상품에 대한 문제 제기도 이어졌다. 티몬·티몬월드와 위메프 입점 업체들이 쓰던 상품인데, 정산이 끊기면 채권자로 등록되는 동시에 개인의 연대보증 책임도 발생해 부담이 크다고 했다.정부 관계자들은 ‘수성’에 집중했다. 이들로서도 뚜렷한 해결책이 없어서다. 김현동 중소벤처기업부 판로정책과장은 “앞서 중진공 대출 금리를 기준으로 원래 4%짜리를 2.5%로 낮췄는데, 이미 재해자금에 준하는 수준”이라며 “정부 입장에서도 역마진을 감수하는 것이라 쉽진 않겠지만 (금리 인하를)한번 검토해보겠다”고 말했다. 변재은 금감원 전자금융감독국장은 “미정산 잔액의 허위 보고 건은 재발하지 않도록 유의하겠다”며 “내달 정산 자금 관리를 위한 행정지도 성격의 가이드라인도 시행하겠다”고 했다. SC제일은행 관련 질의에 대해선 “담당이 은행검사국이라 김동아 의원실(주최 측)로 보고될 수 있도록 조치하겠다”고 했다. 박종배 공정거래위원회 소비자정책총괄과장은 “기관 차원에서 책임을 통감한다”고 했다. 그러면서도 “사후 피해 구제에 문제가 없도록 대금 상당을 금융기관에 별도로 예치하는 등의 조치가 필요할 것으로 알고 있다”며 “제가 알고 있다고 표현하는 것은 담당자가 아니기 때문”이라고 말했다. 이어 “새 정부에서 근본적인 법률 예방 대책을 마련 중이라, 기관 차원에서 공정위가 적극 추진하겠다는 말씀을 드린다”고 말했다. 이날 국회의원들은 행사 주최 측인 김 의원을 제외하면 김남근 의원 1명만 자리를 지켰다.이시은 기자 see@hankyung.com",https://www.hankyung.com/article/202507100494i,2025.07.10 16:15
"아이이에이, OK저축은행과 협업…'프로키즈북' 읏맨 콘텐츠 선봬",,"IT 서비스 전문기업 아이이에이(대표 최중배)가 OK저축은행과 전략적 협력을 통해 생성형 AI 콘텐츠 플랫폼 ‘프로키즈북’ 내에 OK저축은행 대표 캐릭터 ‘읏맨’을 주인공으로 한 전용 콘텐츠를 선보인다고 4일 밝혔다.아이이에이(IEA)는 이번 협업을 통해 OK저축은행의 긍정 히어로 캐릭터 ‘읏맨’을 활용한 AI 기반 콘텐츠를 선보이며 스토리 전개와 캐릭터 설정에 AI 기술을 접목해 몰입도를 높였다. 출시된 읏맨 콘텐츠는 ‘프로키즈북’ 앱에서 감상할 수 있다.이번 콘텐츠 출시를 시작으로 사용자들이 직접 ‘읏맨’이 등장하는 맞춤형 콘텐츠를 제작할 수 있는 AI 기반 콘텐츠 생성 기능도 7월 중 선보일 예정이다.양사는 협업의 시너지를 높이기 위해 OK저축은행 공식 유튜브 채널(읏맨)을 중심으로 프로키즈북에서 제작된 읏맨 콘텐츠와 관련된 다양한 홍보 콘텐츠를 순차적으로 공개하며 양사의 브랜드 이미지를 강화해 나갈 계획이다.최중배 대표는 “OK저축은행과의 협력은 프로키즈북이 AI 기반 창작 플랫폼으로써 활용 영역을 확장하는 계기”라며 “앞으로도 창의적이고 의미 있는 경험을 제공하는 다양한 콘텐츠와 기술을 지속적으로 선보일 방침”이라고 밝혔다.한편, 프로키즈북은 아이이에이가 자체 개발한 AI 캐릭터 및 콘텐츠 생성 애플리케이션으로, 기업과 기관에 맞춘 캐릭터 커스터마이징 콘텐츠 제작, 맞춤형 콘텐츠 개발 등 각 기업의 브랜드 메시지를 효과적으로 제시하는 B2B 브랜딩 솔루션으로 활용되고 있다.한경닷컴 뉴스룸 open@hankyung.com",https://www.hankyung.com/article/202507048308O,2025.07.04 14:00
"큰손들 ""돈 크게 벌자""…은행에 '180조' 몰린 이유가","4대 은행에 180兆 맡긴 고액 자산가

""주식으론 만족 못해"" 
자산가들, 부동산PF·비상장사에 공격투자

고위험 투자처에 베팅
""중고거래 앱 당근 몸값 더 뛸 것""
상장 전 50억원어치 주식 사들여
兆단위 강남 개발사업에도 관심

은행 '새 먹거리'된 WM
금리 하락에 이자수익 내리막
주담대 규제로 가계대출도 타격 
자산관리 사업 강화 속도낼 듯","신한 프리미어 패밀리오피스 고객 40여 명은 최근 국내 신기술 사업 금융회사가 조성한 메자닌 전문 투자조합에 약 300억원을 출자했다. 메자닌은 전환사채(CB)나 신주인수권부사채(BW) 등 일정 기간이 지나면 주식으로 바꿀 수 있거나 주식을 받을 권리가 붙은 채권이다. 채권 이자를 받다가 나중에 주식 가치 상승을 통해 추가 수익을 낼 수도 있다. 여기에 전문 투자조합을 통해 투자하면 주식 매매 차익에 과세하지 않는다는 점까지 눈여겨본 초고액 자산가가 몰리면서 순식간에 투자 유치가 끝났다. 출자금액도 당초 목표한 금액(100억원)을 훌쩍 넘겼다.
                    






이미지 크게보기



 ◇“몇 년 후 대박” 당근에 50억원고액 자산가들이 이 같은 투자에 뛰어드는 사례는 점점 많아지고 있다. 이들은 자본시장 전반에서 기회를 훑으면서 과거 기관투자가의 전유물로 여겨지던 투자 대상에도 적극 자금을 투입한다. 은행들은 이 과정에서 각종 유망 투자처를 발 빠르게 연결해주며 존재감을 드러내고 있다. 금융자산 10억원 이상인 고액 자산가들이 국민 신한 하나 우리 등 4대 은행에 맡긴 돈이 지난 1분기 179조3595억원까지 불어난 배경이다.비상장사도 고액 자산가가 활발히 투자하는 대상 중 하나로 꼽힌다. 하나은행과 하나증권의 개인 고객들은 최근 중고 거래 플랫폼 당근의 한 재무적 투자자가 보유한 주식 약 50억원어치를 사들였다. 매수자들은 모두 하나금융그룹의 초고액 자산가 전담 조직인 ‘클럽원’의 고객이다. 매매가격 기준 당근의 기업가치는 2조5000억원 수준인 것으로 전해진다. 이들은 당근이 이익을 내는 ‘유니콘’(기업가치 1조원 이상 비상장사)으로 최근 해외 고객까지 늘려가는 점에 주목해 투자 결정을 내린 것으로 알려졌다. 클럽원 고객들은 얼마 전 국내 벤처캐피털의 프리IPO(상장 전 투자) 전문 블라인드펀드에 120억원가량을 출자하기도 했다. 국민은행은 올 상반기 고액 자산가를 상대로 미국 비상장 중견기업의 담보대출에 투자하는 사모펀드를 판매해 주목받았다.고액 자산가들은 대형 부동산 개발사업에도 관심을 보이고 있다. 신한은행은 조만간 금융자산 100억원 이상 고객을 대상으로 서울 서초구 ‘서리풀 업무복합시설’ 건설을 위한 프로젝트파이낸싱(PF) 투자자를 모집한다. PF 규모만 5조원에 달하는 강남의 개발사업이다. 수익률이 은행 예·적금보다 높은 선순위 대출(5개월 만기)이란 점이 초고액 자산가의 이목을 끌고 있다. 김대수 신한 프리미어 패스파인더 전문위원은 “고액 자산가들은 예·적금과 주식, 채권 등 전통적인 금융 상품만으론 원하는 만큼 자산 증식이 어렵다고 판단하고 새 투자처를 물색하고 있다”며 “과거보다 금융회사를 통해 정보를 접하기가 쉬워지면서 대형 기관이 참여하는 딜에도 적극 뛰어드는 분위기”라고 설명했다. ◇자산관리, 非이자 사업 핵심 ‘부상’고객들의 투자 성향이 공격적으로 바뀌는 가운데 이자 수익마저 이전만큼 확보하기 어려워지면서 자산관리(WM) 부문의 중요성은 더욱 부각하는 분위기다. 거듭된 금리 하락에 4대 은행의 올해 1분기 순이자마진(NIM)은 평균 1.56%로 주저앉았다. 2022년 말(1.70%) 이후 내리막을 타고 있다. 수도권에서 집을 구매할 때 주택담보대출 한도를 최대 6억원으로 제한한 ‘6·27 부동산 대책’ 등 정부의 고강도 대출 규제로 안정적인 이자 수익원으로 꼽히던 가계대출마저 늘리기 어려워졌다는 평가가 나온다.주가연계증권(ELS)과 파생결합펀드(DLF) 등 고위험 파생상품을 대체 수익원으로 키우기도 녹록지 않다. ‘홍콩 H지수 ELS 사태’ 등 과거 몇 차례 대규모 투자 손실이 발생한 뒤 금융당국 규제가 대폭 강화됐기 때문이다. 금융권 관계자는 “지난해 이후 은행들의 비이자수익 확대 전략이 갈수록 중요해지고 있다”며 “은행들이 WM을 핵심 비이자 수익원으로 키우기 위해 더욱 치열하게 고액 자산가 확보 경쟁을 벌일 것”이라고 전망했다.김진성/조미현 기자 jskim1028@hankyung.com",https://www.hankyung.com/article/2025072251911,2025.07.22 17:37
"오라클, 'AI 열풍' 타고 주가·실적·투자 '트리플 점프'","챗GPT 이후 3배 뛴 오라클, 클라우드 패권 노린다
TD카우언 ""275달러까지 17% 추가 상승 여력""","(사진=로이터)

                미국 소프트웨어기업 오라클의 주가와 실적, 투자가 인공지능(AI) 열풍에 힘입어 가파르게 상승하고 있다. 최근 3개월 새 주가가 거의 두 배 올랐다. 초대형 클라우드 계약과 데이터센터 투자 확대에 힘입어 성장세는 당분간 이어질 전망이다. 시장에선 오라클을 애플이나 테슬라 대신 핵심 기술주 7인방인 매그니피센트7(M7)에 넣어야 한다는 주장도 나온다. 챗GPT 이후 3배 뛴 AI 대표 수혜주오라클은 아마존 마이크로소프트(MS) 구글 등 기업에 대규모 클라우드 서비스를 제공하는 업체로, 대표적인 AI 수혜주로 꼽힌다. 2022년 11월 챗GPT가 대중에 공개된 이후 오라클 주가는 세 배 가까이 올랐다. 최근 3개월 동안에만 90% 넘게 급등했다. 올 들어 오라클이 유독 두각을 나타내는 배경에는 견조한 실적, 주요 기업과의 파트너십, 도널드 트럼프 미국 행정부와의 우호적 관계 등 여러 호재가 작용하고 있다.올해 1월 오라클은 오픈AI, 소프트뱅크와 함께 4년간 5000억달러(약 693조원)를 투자해 미국 내 초대형 데이터센터를 구축하는 스타게이트 프로젝트를 발표했다. 이달 초에는 오픈AI가 이 계획의 연장선에서 오라클 데이터센터 4.5GW 용량을 추가로 임차하기로 합의한 사실이 알려졌다. 원자력발전소 4~5기 분량에 해당하는 전례 없는 규모다.최근에는 연간 300억달러 규모 클라우드 계약도 수주했다. 오라클 역사상 최대 규모 단일 클라우드 계약으로 평가된다. 아누라그 라나 블룸버그인텔리전스 애널리스트는 “이번 거래는 오라클이 몇 년간 클라우드 시장 점유율을 크게 확대할 것임을 보여주는 신호”라고 분석했다. 오라클은 규제당국에 제출한 서류에서 고객명은 밝히지 않았다. 이 계약에 따른 매출은 2028회계연도부터 반영될 전망이다.15일(현지시간)에는 트럼프 행정부가 엔비디아 등 미국 반도체기업에 일부 칩에 한해 중국 수출을 허용하기로 해 오라클 주가가 5.7% 급등했다. 호재가 겹치며 이날 래리 엘리슨 오라클 창업자는 블룸버그 억만장자지수에서 마크 저커버그 메타 최고경영자(CEO)를 제치고 세계 2위 부호 자리에 올랐다. 일론 머스크 테슬라 CEO에 이어 두 번째다. 엘리슨 창업자의 자산 중 80% 이상은 오라클 주식과 옵션으로 구성돼 있다. 그는 “이 정도 수요는 본 적이 없다”며 “한 고객이 자사 전체 클라우드 인프라를 오라클에 맡기겠다는 전례 없는 규모의 주문도 받았다”고 밝혔다. 장밋빛 전망에 'M7 재편론' 부상전망도 장밋빛이다. 사프라 캐츠 오라클 CEO는 2025회계연도 4분기(3~5월) 실적 발표 이후 열린 콘퍼런스콜에서 “2026회계연도 클라우드 인프라 매출이 전년 대비 70% 이상 증가할 것”이라고 밝혔다. 지난 분기 성장률 52%를 훌쩍 웃도는 수치다. 2026회계연도 매출은 670억달러 이상으로 예상했다. 시장조사업체 LSEG의 예상치인 651억8000만달러를 웃도는 수준이다. 또 캐츠 CEO는 2029회계연도 목표 매출 1040억달러를 초과 달성할 가능성이 높다고 밝혔다.설비 투자도 급증하는 추세다. 오라클의 2025회계연도 설비 투자 규모는 210억달러(약 29조원)를 넘어 전년(70억달러 미만)의 약 세 배로 증가했다. 캐츠 CEO는 2026회계연도 설비 투자액이 250억달러(약 34조6500억원)를 넘을 것으로 내다봤다. 신용평가사 S&P는 최근 보고서에서 “장기적으로는 클라우드사업 전략이 긍정적일 것”으로 전망했다.미국 투자은행 TD카우언은 오라클 주가가 275달러까지 오를 것으로 보고 있다. 이는 월가에서 제시된 목표가 중 가장 높은 수준이다. 15일 주가인 234달러보다 17%가량 상승 여력이 있다는 분석이다. 일각에서는 미국 증시에서 주도주로 꼽히는 M7(애플, 아마존, 알파벳, 마이크로소프트, 메타, 테슬라, 엔비디아) 구성에 변화가 필요하다는 주장도 나왔다. 미국 경제매체 마켓워치는 비말 파텔 컬럼비아셀리그먼글로벌테크놀로지펀드 매니저가 M7에 애플과 테슬라를 빼고 대신 오라클과 브로드컴을 포함할 것을 제안했다고 보도했다.임다연 기자 allopen@hankyung.com",https://www.hankyung.com/article/202507162821i,2025.07.16 17:35
"라온저축은행, KBI그룹에 매각…금융위, 주식취득 승인",,"지난해 적기시정조치를 받았던 라온저축은행이 KBI그룹 계열사인 KBI국인산업에 매각된다.금융위원회는 23일 제14차 정례회의에서 KBI국인산업이 라온저축은행 주식 60％를 취득하는 것을 승인했다고 밝혔다.경북 구미에 위치한 라온저축은행은 지난 1분기 기준 자산 규모가 약 1247억원인 소형 저축은행이다.부동산 프로젝트파이낸싱(PF) 부실 대출 등의 여파로 건전성 지표가 나빠져 지난해 12월 금융당국으로부터 적기시정조치인 경영개선권고를 받아 경영정상화 계획을 이행 중이었다.라온저축은행을 인수하는 KBI국인산업은 역시 경북 구미에 소재한 폐기물 처리업체로, 지난해 매출 611억원, 당기순이익 318억원을 기록한 중견기업이다.금융위는 추후 유상증자와 부실자산 처분 등으로 라온저축은행의 경영상태가 충분히 개선됐다고 확인될 경우 의결을 통해 경영개선권고 조치를 종료할 예정이다.금융위는 이번 라온저축은행 매각은 최근 적기시정조치가 부과된 지방 저축은행에 시장의 자율 구조조정 기능이 작동한 첫 사례라고 설명했다.박재원 기자",https://www.hankyung.com/article/202507237276i,2025.07.23 15:49
"BNK금융그룹, 부산·울산·경남 희망센터 신설…현지 중기에 18조4000억 지원","소상공인 경영 컨설팅·채무 조정
200억 규모 상생대출 펀드 조성","빈대인 BNK금융그룹 회장(오른쪽 두 번째)과 경영진이 지난 3월 부산 부전시장을 찾아 지역 상인을 만나고 있다. /BNK금융그룹 제공

                BNK금융그룹은 부산·울산·경남(부·울·경)을 대표하는 금융그룹으로서 지역경제의 ‘마지막 울타리’ 역할을 자처하고 있다. ‘세상을 가슴 뛰게 하는 금융’이라는 슬로건 아래, 지역사회와 함께 성장하기 위한 다양한 ESG(환경·사회·지배구조) 활동을 펼치고 있다. 지역사회와의 상생을 기반으로 소상공인·자영업자 지원, 해외시장 개척 등을 통해 지역 금융을 넘어 글로벌 금융그룹으로 도약하겠다는 구상이다.◇지역경제 희망센터 설립





                BNK금융의 주 무대인 부·울·경 경제는 단순한 침체를 넘어 구조적 위기에 직면해 있다. 자본과 일자리의 수도권 집중은 지방 소멸을 가속화하고 있다.
                    






이미지 크게보기



                BNK금융은 지역경제 활성화와 기업의 사회적 책임 강화를 위해 지난달 11일 부산은행과 경남은행에 ‘지역경제 희망센터’를 신설했다. 고금리와 내수 침체 등으로 어려움을 겪는 소상공인·자영업자를 대상으로 맞춤형 지원을 확대하기 위한 조치다. BNK금융은 단순한 대출 지원을 넘어, 희망센터를 중심으로 경영 컨설팅, 채무 조정, 디지털 경영 지원 등을 아우르는 종합적 지원에 나서고 있다. BNK금융 관계자는 “지역 소상공인이 위기를 넘어 성장 기반을 마련할 수 있도록 실효성 높은 상생금융 정책을 지속적으로 추진할 것”이라고 말했다.BNK금융 자회사인 부산은행은 소상공인·개인사업자 경영관리 플랫폼인 ‘캐시노트’를 운영하는 한국신용데이터(KCD)와 지난달 13일 전략적 업무협약(MOU)을 체결했다. 양사는 이번 협약을 통해 △지역 상권 활성화를 위한 기업가형 소상공인 육성 △소상공인 (재)창업 컨설팅 및 디지털화 지원 △소상공인 특화 맞춤형 금융 등을 단계적으로 추진할 예정이다.부·울·경 지역에서 부산은행이 보유한 금융 인프라와 한국신용데이터의 디지털 역량을 결합해 지역경제의 지속 가능한 성장을 견인하겠다는 계획이다. 지역 내 자영업자는 캐시노트 도입을 통해 사업 관리가 한층 수월해지고, 경영 단계별 맞춤형 솔루션을 제공받을 수 있을 것으로 기대된다.◇중소기업 상생 펀드 조성BNK금융은 지역 중소기업을 위한 금융 지원에도 적극 나서고 있다. 단순한 일회성 지원을 넘어, 지역경제 회복과 산업 생태계 강화를 위한 지속적이고 속도감 있는 대규모 금융 지원 체계를 운영 중이다.이 회사는 지난해 8월 ‘지역 동반성장 선언문’을 발표하며 총 18조4000억원 규모의 금융지원 계획을 내놨다. 명절 특별 단기자금 대출, 경기 회복을 위한 대규모 저금리 특별 대출, 분할상환 유예, 특별 금리 감면 등 기업이 실질적으로 체감할 수 있는 정책들을 선제적으로 지원하고 있다.지역 핵심 현안인 가덕신공항 개항과 관련된 인프라 개발 업종에 대한 금융 지원, 조선업 선수금 환급보증(RG) 발급 확대 등 특화 산업 육성에도 적극 참여 중이다.BNK금융은 지난해 11월 부산시, 한국자산관리공사(캠코)와 함께 ‘민·관·공 협업 부산지역 기업 지속 성장 및 고용 활성화 지원’을 위한 업무협약을 체결했다. 경기 침체 등으로 일시적 경영난에 처한 기업을 돕기 위한 것이다.BNK금융은 캠코와 함께 연간 최대 600억원 규모의 특화 기업 지원 프로그램을 가동하고 있다. 부산은행, 경남은행, BNK투자증권 등 계열사를 활용해 지원 대상 기업을 발굴하고, 저리 융자 지원 및 회생 기업 대상 보증서 대출 등을 추진하고 있다.부산은행과 캠코는 별도로 총 200억원 규모의 상생대출펀드도 조성했다. 이를 통해 업체당 최대 5억원 한도의 대출과 1.7%포인트 금리 감면 혜택을 제공하고 있다.주요 지원 대상은 사업 개시일로부터 2년 이상 된 부산 소재 중소기업 가운데 일자리 창출 기업, 기술 우량 스타트업, 기술이전 기여 기업 등이다.◇지역 취약계층 상생 행보BNK금융 임직원들은 지역사회 취약계층을 위한 실질적 지원에도 앞장서고 있다. 지난달 진행한 ‘BNK골목동행 캠페인’에서는 임직원들이 직접 소상공인 가게를 찾아 물품을 구매하고, 이를 인근 복지관을 통해 소외계층에 전달했다. 이 회사는 이 캠페인을 ‘지역경제 희망센터’와 연계해 정기적이고 지속적인 현장 지원 활동으로 확대할 계획이다.빈대인 BNK금융 회장은 지난달 26일 대형 산불로 큰 피해를 입은 경남 산청을 찾았다. 산청은 노년층 인구가 많고 피해 규모도 커 도움이 절실한 지역이다.BNK금융은 지리산 대로변 산불 피해 쉼터 공원(‘BNK희망뜰’) 재조성, 송하중태마을길 방호벽 환경 개선(‘BNK꾀꼬리길’ 조성) 등 실질적인 복구 지원에 나섰다. 또 산불로 소실된 산림 복원을 위한 ‘BNK 산 가꾸기 사업’ 협약식도 진행했다.빈 회장은 “지난 3월 대형 산불로 피해를 본 주민들께 다시 한번 깊은 위로의 마음을 전한다”며 “BNK금융의 방문이 주민들께 조금이나마 힘이 되길 바란다”고 말했다. 이어 “앞으로도 BNK금융은 지역사회의 아픔에 공감하고 함께 극복해 나가는 든든한 동반자가 될 것”이라고 강조했다.서형교 기자 seogyo@hankyung.com",https://www.hankyung.com/article/2025071611641,2025.07.16 15:36
"경기도, 가평과 포천 호우 피해지역에 '긴급금융·행정지원 대책 수립'",재해 피해 특별경영자금 지원과 금융지원 추진,"경기도가 집중호우로 경영난을 겪는 가평군과 포천시의 중소기업과 소상공인을 위해 ‘재해 피해 특별경영자금’ 지원과 ‘재해 특례 보증’ 등 금융 지원 대책을 추진한다.24일 도에 따르면 도는 올해 총 500억 원 규모로 운용 중인 재해 피해 특별경영자금은 관할 시군에서 ‘재해중소기업 확인증’ 또는 ‘피해사실확인서’를 발급받은 중소기업과 소상공인을 대상으로 지원한다.융자 한도는 중소기업 최대 5억 원, 소상공인 최대 5000만 원을 별도 한도로 지원하며, 융자 기간은 4년(1년 거치, 3년 균등분할 상환)이다. 대출 금리는 이차보전 지원을 통해 은행 금리보다 1.5%P(소상공인 2.0%P) 낮게 이용할 수 있다.경기신용보증재단에서 운용하고 있는 재해중소기업 특례보증제도를 통해 재해기업에 대한 적극적인 보증지원도 추진한다.지원 대상은 시군 또는 시군이 위임한 기관으로부터 ‘재해중소기업 확인증’ 또는 ‘피해사실확인서’를 발급받은 기업이다.지원 한도는 운전자금은 업체당 3억 원 또는 재해와 관련한 피해 금액 중 적은 금액이며, 시설자금은 재해 관련 피해 금액 내에서 시설의 소요자금 범위 내이다. 보증 비율은 100%로, 보증료율은 연 0.5%(특별재해 연0.1%)다.도는 이와 함께 김동연 경기도지사가 지시한 일상 회복지원금과 재난지원금이 신속하게 지급될 수 있도록 지원 내용과 신청 방법이 담긴 안내문을 시군에 배포해, 현장 민원 대응을 적극 지원한다.현재 피해복구에 여념이 없는 중소기업과 소상공인이 일상 회복지원금 등의 지급 사실을 인지하지 못해 신청하지 못하는 일을 방지하고자 가평·포천 내 주요 피해지역에 신청 안내를 위한 현수막을 설치하고, 지역 내 상인회 등 유관 단체를 통해서도 관련 내용을 적극 전파할 계획이다.또 피해접수 및 조사를 위한 현장 인력이 부족하다는 가평군 등 현장 의견을 반영해 가평·포천 내 피해지역에 민원창구를 개설하고 도와 경기도시장상권진흥원 직원을 배치해 보다 적극적인 피해구제에 나설 방침이다.정두석 도 경제실장은 “갑작스러운 폭우로 생계를 위협받는 가평군과 포천시의 중소기업과 소상공인들의 어려움을 덜기 위해 모든 행정력을 집중하고 있다”며 “앞으로도 시군과의 긴밀한 협력을 통해 실질적인 피해 회복이 이뤄지도록 최선을 다하겠다”라고 말했다.한편 재해 피해 특별경영자금은 경기신용보증재단 각 영업점 및 G머니시스템을 통해 신청할 수 있으며, 재해 특례 보증은 경기신용보증재단 각 영업점 및 이지원 모바일 앱에서 할 수 있다.수원=윤상연 기자",https://www.hankyung.com/article/202507249884h,2025.07.24 15:28
무조건 15~20% 부과? 커지는 8월 1일 공포 [김현석의 월스트리트나우],,"영상 모듈 닫기









                미국 경제는 좋고, 2분기 기업 실적도 예상보다 좋습니다. 그러다 보니 뉴욕 증시는 사상 최고 수준에 있습니다. 오늘은 그렇게 높은 가격 부담이 일부 불거진 날이었습니다. 관세 걱정도 다시 살아났습니다. 8월 1일이 다가오는 가운데 트럼프 대통령이 유럽연합(EU) 협상에서 강경한 태도를 보이고 있다는 보도가 나왔습니다. 주말에 대한 불안감도 있는데요. 트럼프 대통령은 시장이 부정적으로 반응할 수 있는 일을 주말에 터트리는 경향이 있기 때문입니다.  1.  멀쩡한 소비, 멀쩡한 실적월가는 소비가 관세, 인플레이션 영향으로 줄어들까 봐 주목해왔습니다. 아메리칸익스프레스 같은 기업의 실적은 소비에 대한 직접적 통찰력을 제공합니다.아멕스가 아침에 발표한 2분기 실적은 예상을 상회했습니다. 조정 주당순이익(EPS)은 4.08달러(전년 동기 대비 +17%)를 기록했고, 매출은 사상 최대인 178억 6000만 달러(+9%)에 달했습니다. 아멕스는 올해 연간으로 매출이 8~10% 늘어날 것이라고 제시했습니다. 스티븐 스퀘리 CEO는 프리미엄 상품에 대한 강력한 수요를 보였다고 밝혔습니다. 카드 회원들의 지출은 전체적으로 7% 증가했습니다. 다만 아멕스는 고소득층이 선호하는 카드입니다. 2분기 신용손실 충당금은 14억 달러로 전년 동기보다 11% 늘었지만, 순 상각률은 2%로 작년(2.1%) 대비 감소했습니다.
                    




                전반적으로 2분기 기업 실적은 좋습니다. 팩트셋에 따르면 이번주까지 S&P500 기업 중 12%가 2025년 2분기 실적을 발표했습니다. 이 중 83%는 예상보다 높은 주당순이익(EPS)을 보고했는데, 이는 5년 평균 78%, 10년 평균 75%보다 높습니다. 전체적으로 기업들은 예상보다 7.9% 높은 순이익을 내놓았는데요. 이는 5년 평균 9.1%보다는 낮지만 10년 평균 6.9%보다는 높고요. 금융사들의 어닝서프라이즈가 영향을 미쳤습니다. 하지만 금융사뿐 아니라 존슨앤드존슨, 넷플릭스 등의 실적도 좋습니다.
                    




                하지만 이런 어닝서프라이즈는 2분기 실적 컨센서스가 낮기 때문일 수 있습니다. 어닝을 발표한 기업 실적과 아직 보고하지 않은 기업의 추정 실적을 합한 이익 증가율은 전년 대비 5.6%입니다. 이대로 나오면 2023년 4분기(4.0%) 이후 가장 낮습니다. 그러다 보니 투자자들은 좋은 실적에도 그리 흥분하지 않고 있습니다. 아멕스의 주가는 2% 내렸고요. 어제 오후 예상을 넘는 2분기 실적을 발표한 넷플릭스는 5% 떨어졌습니다. 하반기 영업이익률이 상반기보다 낮아질 것이라고 경고한 게 투자심리에 부담을 줬습니다.  2. 경제 데이터도 개선(불안감은 있지만)경제 데이터도 나쁘지 않은 흐름이 이어지고 있습니다.6월 신규주택 착공 건수는 4.6% 증가했습니다. 이는 전달 9.7% 감소에서 부분적으로 회복된 수치입니다. 그러나 허가 건수는 0.2% 상승하는 데 그쳤습니다. 
                    




                TD이코노믹스는 ""6월 주택 건설은 소폭 증가했지만, 이는 전월 5년 만에 최저를 기록하는 등 극히 저조한 수준에서 개선된 것이다. 단기적으로 주택 건설은 추가 압박을 받을 것으로 예상된다. 관세와 경제 불확실성, 여전히 높은 모기지 금리로 인해 주택 건설업계의 심리는 팬데믹 최저치 근처에 머물고 있다""라고 지적했습니다. 
                    




                미시간대가 발표한 7월 소비자심리조사(최종치)는 61.8로 집계되어 6월(60.7)뿐 아니라 7월 예비치(61.5)보다 더 개선됐습니다. 5개월 만의 최고입니다. 인플레이션 기대도 둔화했습니다. 1년(단기) 인플레이션 기대는 6월 5.0%→7월 4.4%로 급락했습니다. 두 달 연속 내림세입니다. 5년(장기) 인플레이션 전망은 4.0%→3.6%로 떨어졌습니다. 이건 3개월 연속 내림세입니다.
                    




                다만 소비자심리지수 61.8은 2024년 12월 대비 16% 낮고 역사적 평균에도 못 미치는 수준입니다. 인플레 기대도 마찬가지입니다. 장단기 기대 모두 지난 2월 이후 가장 낮지만 2024년 12월보다 높습니다. 미시간대의 조애너 수 교수는 ""최근 2개월 심리 개선은 소비자들이 4, 5월 예상했던 최악의 시나리오의 위험이 줄었다고 생각한다는 것을 시사한다. 하지만 소비자들은 앞으로 인플레가 올라갈 상당한 위험을 여전히 인지하고 있다. 무역 정책이 안정되어 인플레 악화 가능성이 작다고 확신하지 않는 한 심리가 크게 회복되기 어려울 것으로 보인다""라고 분석했습니다.
                    




                이번 주 발표된 경제 데이터는 대부분 비슷합니다. 아주 좋은 것은 아니지만, 4~5월 악화했던 데에서 지속해서 개선되는 흐름을 보여줬습니다. 6월 소매판매는 전월 대비 0.6%나 증가했고요. 6월 산업생산도 0.3% 상승했습니다. 지역 연방은행에서 발표하는 지역 제조업 지수도 개선 흐름을 보였습니다. 뉴욕 연은의 엠파이어 스테이트 제조업 지수는 7월 5.5로 급등하며 2월 이후 처음 플러스(+)를 기록했습니다. 필라델피아 연은의 제조업 지수도 7월 15.9로 비슷한 상승세를 보이며 3월 이후 첫 플러스(+)를 나타냈습니다. BMO는 ""관세로 인한 최악의 충격은 현실화하지 않았다(유예되고 있다). 이는 4, 5월 저점에서 소비자와 기업 심리가 반등하는 데 도움이 되고 있다. 경제 및 금융 상황은 지난 몇 달 동안보다 나아 보이지만, 하반기에는 하방 성장 위험이 여전히 존재한다. 8월 1일을 앞두고 관세 불확실성이 더 커질 가능성이 크다. 인플레이션에서도 관세의 전가가 지연되었지만, 그렇다고 해서 관세 전가가 영원히 이루어지지 않을 것이라는 의미는 아니다""라고 분석했습니다. 
                    




                3M은 2분기 실적 발표에서 올해 주당 20센트의 총 관세 영향을 예상한다고 밝혔습니다. 대중 관세가 145%에서 30%로 낮아져 주당 60센트에서 낮아진 것이라면서요. 빌 브라운 CEO는 ""상황이 적어도 어느 정도 안정세를 보인다""라면서 관세 영향 중 절반을 비용 절감과 가격 인상을 통해 상쇄할 것으로 예상했습니다. 3M의 주가는 3% 내렸습니다. 3. ""EU 기본관세 15~20%…자동차 양보도 없다""나쁘지 않은 경제 지표와 괜찮은 기업 실적 속에 아침 9시 30분 뉴욕 증시의 주요 지수는 0.2~0.3% 수준의 상승세로 출발했습니다. 하지만 금세 보합권으로 떨어지더니 종일 보합세에 머물렀습니다.무역 관련 불안한 소식이 나온 탓입니다. 
                    




                파이낸셜타임스(FT)는 트럼프 대통령이 EU 협상에서 최소 15~20%의 관세를 부과하기를 원한다고 보도했습니다. 또 EU가 제안한 자동차 관세 인하에 전혀 관심이 없으며, 25% 관세를 고수하고 있다고 썼습니다. FT는 한 미 관료를 인용해 '무역협상이 성사되더라도 10%를 넘는 상호 관세율을 검토하고 있다'라고 전했습니다. EU의 고위 관료는 ""트럼프 대통령이 15~20%의 상호관세를 고집할 경우, 4월 무역협상 시작 당시와 같은 수준이다. EU는 보복할 가능성이 있다""라고 말했습니다.
                    




                블룸버그는 ""트럼프 대통령은 2주 안에 국가별 관세와 함께 품목 관세도 부과할 계획을 준비하고 있다""라고 보도했습니다. 각국에 통보한 상호관세율이 8월 1일 발효를 앞둔 가운데, 구리 관세도 8월 1일 부과를 앞두고 다음주 공개한다는 겁니다. 또 의약품, 반도체 관세도 나올 수 있다고 전했습니다. 트럼프 대통령은 지난 15일 의약품 관세에 대해 ""아마 이달 말 적용될 것""이라고 했고요. 반도체 관세는 ""비슷한 일정""에 따라 부과할 것이라고 밝혔습니다. 블룸버그는 ""투자자들은 대체로 트럼프의 강경한 관세 조치를 협상 전략으로 보고 있다. 다가오는 관세 부과는 금융 시장의 평온을 시험할 것""이라고 썼습니다.일본과 협상도 이어지고는 있지만 금세 타결될 분위기는 아닙니다. 스콧 베센트 재무장관은 도쿄에서 이시바 시게루 총리와 회동한 후 ""상호 이익이 되는 무역 협정은 여전히 가능하다""라면서도 ""성급한 합의보다 좋은 합의가 더 중요하다""라고 말했습니다. 
                    




                피치는 ""미국의 실효 관세율이 8월 1일 새로운 상호관세와 구리 관세 발효로 현재 14.1%에서 19.4%까지 급등할 수 있다""라고 분석했습니다. 또 반도체와 전자제품, 의약품에 대한 관세가 8월 1일에 발효될 경우 실효 관세율은 23.7%로 더 높아질 것이라고 덧붙였습니다. 
                    




                이는 월가가 가정해온 15% 안팎의 실효 관세율을 훨씬 뛰어넘는 것입니다. 이렇게 되면 성장과 물가에 부정적인 영향은 더욱 커질 것입니다. 골드만삭스는 실효 관세율이 1%포인트 높아질 때마다 근원 개인소비지출(PCE) 물가는 0.1%포인트 높아지고, 미국의 성장률은 0.125%포인트 낮아질 것으로 추산합니다. 
                    




                트럼프 대통령은 오후 3시께 스테이블코인 관련 지니어스법을 서명하면서 ""우리는 몇 개의 중요한 무역 서한을 보내고 있는데, 오늘이 될 수도 있다. 이 편지는 관세율이 30, 40%이고, 그게 딜(합의)이라고 알려줄 것""이라고 말했습니다.  4. 엔비디아 과매수+S&P500 P/E 22배그동안 시장을 지켜오던 엔비디아도 오늘은 오르지 못했습니다. 하원의 중국특별위원회 위원장을 맡은 존 물레나르 의원(공화·미시간)이 엔비디아 H20 칩의 중국 수출 허가에 공식적으로 이의를 제기하고 나선 것이죠. 물레나르 의원은 하워드 러트닉 상무장관에게 서한을 보내 ""중국 공산당이 군사력을 강화하고, 자국민을 통제하는 한편 미국의 혁신을 저해하는 데 미국 반도체를 사용하도록 둘 수 없다. 상무부가 지난 4월 H20의 대중국 수출을 금지한 것은 올바른 결정이었다""라고 주장했습니다. 트럼프 행정부는 지난 4월 수출을 금지했다가 최근 다시 풀어주기로 했는데요. 이는 엔비디아에는 올해만 100억~150억 달러의 매출을 좌우할 수 있는 요인입니다.
                    




                엔비디아에 대해선 과매수 됐다는 분석도 나오고 있습니다. 찰스슈왑은 ""엔비디아 주가의 14일 상대강도지수(RSI)는 어제 80을 돌파해 2024년 6월 이후 최고치를 기록했다. 70이 넘는 수치는 매수가 극단적인 수준이라는 신호""라고 지적했습니다. 엔비디아 주가는 4개월도 안 되는 기간에 83% 상승했습니다.
                    




                BTIG의 조나선 크린스키 분석가는 ""분명 과매수 상태다. 그렇다고 해서 하락 반전이 임박했다는 뜻은 아니지만, 유념할 필요가 있는 것이다. 낙관적이었던 시장 심리가 이제 막 들뜬 분위기로 접어드는 것 같다""라고 말했습니다.S&P500 지수의 향후 12개월 이익 추정치 기준 주가수익비율(P/E)은 이제 22.2배까지 올랐습니다. 5년 평균 19.9배, 10년 평균 18.4배를 크게 웃도는 수준입니다.
                    




 5. 월러 ""7월 인하해야""…슈왑 ""불가능""금리는 하락세를 보였습니다. 뉴욕 채권 시장에서 오후 4시께 국채 10년물 수익률은 3.4bp 내린 4.429%, 2년물은 3.9bp 하락한 3.878%를 기록했습니다. 하지만 30년물은 여전히 5% 위에 머물렀습니다. 1.3bp 내린 5.001%에 거래됐습니다.
                    




                구겐하임파트너스는 ""10년물 수익률은 정책 변화에 따라 3.75~4.75% 범위에서 유지될 것으로 예상한다. 재정 적자로 인한 상승 압력은 성장 둔화 및 통화정책 완화로 상쇄될 것이다. 수익률이 범위 상단에 도달하면 전략적으로 듀레이션을 추가하고, 하단에 근접하면 매도할 기회""라고 말했습니다.
                    




                오늘은 미시간대 조사에서 인플레 기대가 떨어진 것, Fed의 크리스토퍼 월러 이사의 발언이 영향을 미쳤는데요. 그는 어젯밤 연설에서 ""7월에 기준금리를 0.25%포인트 인하하는 것이 타당하다""라고 주장했습니다. ""인플레이션이 목표치에 근접했고 인플레이션 상승 위험이 제한되어 있으므로 노동 시장이 악화할 때까지 기다려서는 안 된다""라는 논리입니다. 월러 이사는 관세가 물가 수준의 일회성 변화일 뿐, 인플레이션 기대가 안정되어 있으므로 지속적인 인플레이션을 유발하지는 않을 것이라고 봤습니다. 또 보이는 것보다 노동 시장은 약하고 성장률도 1% 정도로 낮아서 금리는 제한적이기보다는 중립적이어야 한다고 주장했습니다. 
                    




                월러의 이런 비둘기파적 발언은 차기 의장 지명을 포석에 둔 것입니다. 트럼프 대통령이 연일 미 중앙은행(Fed) 제롬 파월 의장을 공격하는 가운데, 후보들의 경쟁이 치열해지고 있는 것이죠. 어제는 후보 중 한 명인 케빈 워시 전 Fed 이사가 ""Fed가 금리 인하를 주저하는 게 (팬데믹 이후) 인플레이션을 잘못 판단했던 망령에 계속 사로잡혀 있기 때문""이라며 ""대통령이 Fed를 공개 압박하는 게 옳다고 생각한다고 밝히기도 했습니다. 월러 이사 주장에는 동의하는 사람들이 있습니다. 에버코어ISI는 ""월러의 7월 금리 인하를 주장에 주목한다. 그의 주장이 실제로 채택될 가능성이 있어서가 아니라, 지금까지 나온 조기 금리 인하 주장 중 가장 논리적이어서다. 또 그의 논거 중 일부는 차기 의장이 향후 금리를 공격적으로 인하하려 할 때 내세울 주장의 근거가 될 수 있다""라고 분석했습니다. 월러의 발언으로 시장의 인하 기대는 조금 커졌습니다. 시카고상품거래소 Fed 워치 시장에서는 9월 인하 베팅은 53%에서 61%로 높아졌습니다. 하지만 7월 인하에 대한 베팅은 어제 3% 수준에서 오늘 4.7%로 오르는 데 그쳤습니다. 찰스슈왑은 ""7월 연방공개시장위원회(FOMC)는 시기적으로 내리기에 적절하지 않은 때 열린다. 7월 30일에 결정을 내리는데 이는 6월 개인소비지출(PCE) 물가 발표 전날이며, 7월 비농업 고용보고서 발표 이틀 전이다. 7월 금리 인하에 대한 기대는 다소 비현실적으로 보인다""라고 밝혔습니다. 
                    




                월가에서는 여전히 트럼프 대통령이 파월을 해임할 가능성이 있다고 봅니다. 도이치뱅크는 ""트럼프 대통령이 파월 의장 해임을 단행할 가능성이 커졌다고 평가한다. 연방대법원이 최근 판결을 통해 Fed의 의장은 정당한 사유가 있어야 해임할 수 있다고 확인한 가운데, 트럼프 행정부는 통화정책이 아닌 Fed 건물 리노베이션 예산 초과를 이유로 삼으려 하고 있다. Fed 법에 따르면 새 의장 임명시 상원 인준이 필요하지만, 상원 휴회(올해 8월 4일~9월1일) 때는 상원 인준 없이 대통령이 임시 임명할 수도 있다""라고 밝혔습니다. 7월 30일 금리 동결 결정을 내리면 해임하겠다고 나올 수 있다는 얘기죠. 월가 일부는 주말을 두려워합니다. 트럼프 대통령은 최근 중요한 결정을 시장이 열리지 않는 주말에 발표해왔습니다. 이란 공습도 그랬고요. 지난주 EU와 멕시코에 관세 서한을 보낸 것을 공개한 것도 토요일 아침이었습니다. 시장의 즉각적인 부정적 반응을 막으려는 것이죠. 
                    




                게다가 제프리 엡스타인 스캔들로 인해 트럼프 대통령은 곤경에 처했습니다. 어젯밤 월스트리트저널(WSJ)은 트럼프 대통령이 2003년 엡스타인의 50번째 생일을 맞아 외설적인 그림을 그려 넣은 편지를 보냈다고 보도했습니다. 트럼프 대통령은 ""편지는 가짜다. 나는 평생 그림을 그린 적도 없다""라며 소송을 내겠다고 밝혔습니다. 또 법무부에 엡스타인 소송 관련 대배심 증언을 공개하라고 지시했습니다. 하지만 트럼프 지지층인 MAGA 등이 요구하는 것은 성 접대 리스트(엡스타인 리스트)입니다. 그래서 일부에서 스캔들을 묻기 위해 파월 해임 같은 중대한 일을 발표할 것이란 관측이 흘러나오고 있습니다. 파월을 해임하면 인플레이션 기대가 높아지면서 국채 금리가 치솟고, 증시 변동성이 커질 수 있다는 걱정이 있는데요. 일부에선 파월 해임은 단기 악재에 그칠 것이라고 봅니다. JP모건의 일란 벤하무 주식파생상품세일즈 헤드는 ""파월이 실제로 해임될 거라고는 생각하지 않지만, 지금 시점에서는 그게 별로 중요하지 않다. (해임이 발표되면) 시장은 곧 그가 ‘나갔다’라는 걸 인식하게 될 것이고, 다음 의장이 무엇을 할지를 반영하기 시작할 것이다. 그게 케빈 해싯이든, 크리스토퍼 월러든, 케빈 워시든 간에, 비둘기파 경쟁은 더 치열해질 수밖에 없다""라고 말했습니다. 워튼스쿨의 제러미 시걸 교수는 ""단기적으로 시장 반응은 부정적일 것이다. 하지만 Fed가 금리를 인하하지 않고 더 기다리다가 경기 침체가 온다면 결과적으로 Fed의 독립성에는 더 부정적일 수 있다""라고 말했습니다.  6. 보합, 혼조세로 마감결국, 뉴욕 증시는 보합, 혼조세로 거래를 마쳤습니다. S&P500 지수는 0.01% 약보합세를 보였고요. 다우는 0.32% 내렸지만, 나스닥은 0.05% 강보합세로 거래를 마쳤습니다. 
                    




                업종별로는 유틸리티가 1.7%나 뛰었습니다. 임의소비재는 1% 가까이 올랐지만 에너지는 1% 가까이 하락했습니다. 매그니피선트 7 종목을 보면 테슬라가 3.21%, 아마존 1%, 알파벳 0.81%, 애플 0.55%, 메타 0.41% 상승했으나 마이크로소프트는 0.32% 내림세를 보였습니다. 엔비디아가 0.34% 하락하는 등 반도체주도 대부분 하락세를 보였습니다. 
                    




 7. 23일 테슬라, 알파벳 어닝+22일 파월 발언다음주에는 어닝시즌이 핵심입니다. 테슬라 알파벳 등 매그니피선트7 주식의 실적 발표가 막을 올립니다. ▲21일(월) 버라이즌 클리블랜드클립스 ▲22일(화) 코카콜라 GM 텍사스인스트루먼츠 ▲23일(수) 테슬라 알파벳 IBM AT&T GE버노바 힐튼 ▲24일(목) 허니웰 블랙스톤 아메리칸에어 인텔 등 굵직굵직한 기업들이 실적을 공개합니다. 
                    




                경제 지표로는 ▲23일 기존주택 판매 ▲24일 신규주택 판매와 신규 실업급여 청구 ▲25일 내구재 주문 정도가 예정되어 있습니다. S&P글로벌에서 발표하는 ▲7월 제조업과 서비스업 구매관리자지수(최종치)도 25일에 나옵니다. 
                    




                파월 의장이 22일 워싱턴 DC에서 열리는 콘퍼런스에서 은행 규제에 대해 연설할 예정인데요. 오는 29~30일 FOMC를 앞두고 마지막 공개 발언입니다. 같은 날 오후 1시 미셸 보먼 부의장이 같은 콘퍼런스에서 오픈AI 샘 알트먼 CEO와 AI와 은행 시스템에 대해 논의하는데요. 보먼이 월러 이사처럼 7월 인하를 공개 지지할지도 주목됩니다. 23일에는 국채 20년물 경매가 예정되어 있습니다. 
                    




                이번 주말은 일본을 봐야 합니다. 20일 참의원(상원) 선거가 치러지는데요. 여당인 자민당 지지율이 낮아서 과반을 잃을 수 있습니다. 야당은 판매세 감세 등을 주장하고 있는데요. 이로 인해 재정 적자에 대한 우려가 커지면서 최근 일본 국채 수익률이 급등하고 있습니다. 수익률이 더 오른다면 다른 나라 국채에도 부담을 줄 수 있습니다. 수많은 엔화 캐리 자금이 다른 나라에 투자되어 있는데요. 이게 일본으로 다시 돌아갈 수 있으니까요.  8. ""파월 연말에도 의장"" 86%에버코어ISI는 오늘 475명의 기관투자자를 대상으로 설문조사를 실시했습니다. 결과는 다음과 같습니다.① 2025년 말까지 가장 좋은 성과를 낼 주식(업종, 국가)은?=매그니피센트 7이 MSCI 올월드 지수를 제치고 가장 높은 초과수익을 낼 것으로 기대됐습니다. 최근 AI 붐이 다시 살아난 것과 맥을 함께 합니다.
                    




                ② EU와의 무역 협정, 8월 1일 전 타결될까?=합의할 것이란 응답은 32%에 불과했습니다. 가장 많은 예상은 기한 연장(35%)이었습니다.
                    




                ③ 9월 1일 기준 미국의 평균 수입 관세율은?=50%는 15~20%를 예상했고, 32%는 10~15%로 전망했습니다. 예상이 점점 높아지는 흐름이 나타나고 있습니다. 
                    




                ④ 올해 12월 31일 기준으로 제롬 파월이 여전히 Fed 의장일까?=응답자의 86%는 그렇다고 답했습니다.
                    




                뉴욕=김현석 특파원 realist@hankyung.com",https://www.hankyung.com/article/202507198314i,2025.07.19 08:06
"농협·새마을금고, 중도상환수수료 대폭 낮춘다","소상공인 토로에 즉각 반영

금융위, 현장 간담회 의견 청취
은행·신협은 연초 3분의 1로 내려

일각선 ""소상공인 지원 과열"" 지적
구조조정 등 다른 과제들은 밀려","농협, 수협, 새마을금고 등 상호금융업권의 대출 중도상환수수료가 올 하반기 대폭 인하된다. 금융위원회가 소상공인 현장 간담회에서 들은 의견을 발 빠르게 정책으로 추진하면서다. 지역 밀착형 서민금융기관인 상호금융업권이 중도상환수수료 인하에 동참하며 소상공인에게 상당한 혜택이 돌아갈 것으로 예상된다. 일각에선 새 정부 초기에 금융당국 정책이 소상공인 지원에 집중되면서 다른 과제들이 후순위로 밀려나고 있다는 지적도 나온다.
                    






이미지 크게보기



 ◇소상공인 민원 ‘원스톱 처리’21일 금융권에 따르면 농협, 새마을금고 등 상호금융업권은 올 하반기 가계대출 중도상환수수료를 낮출 계획이다. 금융당국이 상호금융업권에 수수료 인하를 주문했고 업계가 대승적 차원에서 동참하기로 결정했다. 업계 관계자는 “수수료 인하 폭과 시점 등을 두고 금융위와 논의하고 있다”고 말했다.이번 정책은 소상공인이 직접 건의한 의견이라는 점에서 의미가 크다는 분석이 나온다. 김광호 한국베어링협회장은 지난 17일 금융위 주최 간담회에서 “중도상환수수료 개편 방안을 소상공인이 많이 이용하는 상호금융업권까지 확대해달라”고 건의했다.김 회장이 언급한 ‘중도상환수수료 개편 방안’은 올 1월 금융위에서 발표한 정책이다. 대출 관련 실비용만 중도상환수수료로 부과하도록 한 것이 핵심이다. 이에 따라 금융소비자보호법을 적용받는 은행·저축은행·보험업권과 신협의 중도상환수수료는 1월부터 약 3분의 1 수준으로 인하됐다. 신협의 변동금리 주택담보대출 중도상환수수료는 기존 1.75%에서 0.55%로 낮아졌다.하지만 신협과 달리 금소법을 따르지 않는 농협, 수협, 새마을금고 등 다른 상호금융업권은 중도상환수수료 개편 방안을 적용받지 않았다. 이 때문에 상호금융업권의 중도상환수수료율이 다른 업권보다 상대적으로 높게 유지됐다는 지적이 많았다. 예를 들어 농협의 변동금리 주담대 중도상환수수료는 1.5% 안팎으로 은행, 신협의 세 배 수준이다. 상호금융 관계자는 “이번에 중도상환수수료를 인하하면 신협과 비슷한 수준이 될 것”이라고 설명했다. ◇구조조정 등 후순위 밀리나이재명 정부 출범 이후 금융당국에선 소상공인 지원 대책이 쏟아지고 있다. 금융위는 매주 한두 차례 서민, 소상공인을 대상으로 현장 간담회를 열어 의견을 청취한 뒤 이를 정책으로 반영하고 있다. 최근 현장 간담회에선 카드·캐피털사의 소상공인 전용 저금리 상품 출시, 소상공인 전용 매칭 희망통장 도입, 담배 등 세금 매출 비중이 높은 품목 카드수수료 인하, 새출발기금 협약 기관에 대부업 포함 등이 건의됐다.일각에선 금융당국의 소상공인 정책이 과열됐다는 지적도 나온다. 새 정부 초기에 소상공인 지원에 에너지를 모두 투입하면 다른 과제들은 후순위로 밀릴 수 있어서다. 부실 기업 구조조정, 2금융권 건전성 관리, 금융회사 해외 진출 지원 등이 대표적이다. 금융권 관계자는 “영세 소상공인 지원 필요성엔 공감하지만 ‘퍼주기식’ 지원만 해선 안 된다”고 말했다.서형교/박재원 기자 seogyo@hankyung.com",https://www.hankyung.com/article/2025072126091,2025.07.21 17:38
"""좋은 여름 될 것"" 델타가 던진 낙관론 vs 다이먼 ""안일한 시장"" 경고 [김현석의 월스트리트나우]",,"웘
                    






영상 모듈 닫기









                S&P500 지수와 나스닥 지수가 또 사상 최고 기록을 갈아치웠습니다. 트럼프 대통령의 관세 위협은 거세지고 있지만, 월가는 기본적으로 이를 협상용으로 봅니다. 경제 데이터는 여전히 탄탄하고, 트럼프 감세법(OBBBA) 통과, 중동 긴장 완화와 유가 하락 등 긍정적 거시경제 요인이 증가하고 있습니다. 엔비디아의 시가총액이 4조 달러를 돌파하고, 비트코인이 사상 최고가로 뛰어오른 게 현재 분위기를 대변합니다. 하지만 시장이 지나치게 관세 위협에 안주하고 있다는 지적도 계속되고 있습니다.  1. 트럼프 위협에도 세계 증시 상승트럼프 대통령은 어제 오후 브라질에 대해 50% 관세를 부과하겠다고 위협했습니다. 자이르 보우소나루 전 대통령에 대한 재판을 '마녀사냥'으로 규정하고 ""즉시 끝나야 한다""라고 이유를 들었습니다. 브라질의 루이스 룰라 대통령은 보복을 예고했습니다. 그러나 브라질의 페르난도 하다드 재무장관은 ""미국이 브라질과 무역흑자(2024년 74억 달러)를 내고 있어서 이전에 부과한 10% 관세도 말이 안 됐다. 50% 관세는 지속 불가능하며, 유지되리라 생각하지 말라""고 했습니다. CNN은 ""보우소나루 전 대통령이 트럼프에게 관세 재고를 요청할 수 있다""라고 보도했습니다.
                    




                트럼프는 또 어젯밤 8월 1일부터 구리에 50% 관세를 부과하겠다고 발표했는데요. 제프리스는 ""미국은 구리를 자급자족할 만큼 충분한 제련 시설이 없다. 관세는 미국 내 구릿값의 프리미엄을 지속시킬 가능성이 크며, 미국 제조업체들은 경쟁에서 불리한 위치에 놓이게 될 것""이라고 지적했습니다. 골드만삭스는 구리 관세율 추정치를 기존 25%에서 50%로 높이면서도 ""이런 높은 관세율은 궁극적으로 협상의 닻 역할을 할 수 있으며, 면제나 인하 조치로 이어질 수 있다""라고 전망했습니다.
                    




                이런 관측 속에 밤새 아시아(홍콩 항생 +0.57%, 한국 코스피 +1.58% 등)와 유럽(영국 FTSE +1.23%, 유럽 STOXX600 +0.54% 등) 증시는 상승세를 보였습니다. 아침 9시 30분 뉴욕 증시의 주요 지수는 보합세로 출발했지만, 시간이 흐르자 오름세를 보이기 시작했습니다.   2. 낙관적 델타 ""90일 전과 매우 다르다""시장이 관세 위협에도 흔들리지 않는 것은 미국 경제가 여전히 괜찮고, 기업 실적도 마찬가지이기 때문입니다.델타항공은 아침에 2분기 실적을 공개했는데요. 그 직후부터 주가가 폭등세를 보였습니다.  ▶2분기 조정 EPS : 2.10달러 (예상 2.05달러)  ▶2분기 매출 : 155억 달러 (예상 154.2억 달러)    ▶3분기 EPS 가이던스 : 1.25달러 ~ 1.75달러(예상 1.31달러)
                    




                2분기 실적이 예상을 넘었을 뿐 아니라 3분기 가이던스도 시장 기대보다 좋았습니다. 델타는 지난 4월 1분기 실적 발표 때 불확실한 경제 환경을 이유로 가이던스를 철회했었지요. 에드 바스티안 CEO는 언론 인터뷰에서 ""90일 전과는 매우 다른 상황에 있다. 트럼프 감세안 통과와 관세 협상 진전으로 여행 시장이 회복세를 보인다""라고 밝혔습니다. 기업 출장이 회복하고 있으며, 소비자들은 무역 분쟁에 ""약간 무감각해진"" 상태여서 다시 여행 예약을 고려하고 있다는 겁니다. 그는 현재 사업 환경이 ""매우 안정적""이라면서 ""전반적으로 보면 좋은 여름이 될 것이다. 우리가 애초 바랐던 만큼은 아니겠지만, 그래도 좋은 여름이 될 것""이라고 설명했습니다. 델타항공은 주가가 11.99% 올랐고요. 다음주 실적을 발표하는 아메리칸항공은 12.72%, 유나이티드항공은 14.33% 급등했습니다.
                    




                코스트코가 발표한 6월 매출도 전년 대비 5.8% 증가했습니다. 미국 매장의 경우 4.7% 늘었는데요. 환율 효과와 휘발유 판매를 제외하면 전체 6.2%, 미국 5.5%로 성장률이 더 높게 나왔습니다. 소비가 여전히 강하게 이어지고 있는 것입니다.
                    




                지난주(~5일) 신규 실업급여 청구 건수는 한 주 전보다 5000건 감소한 22만7000건으로 집계됐습니다. 월가 컨센서스(23만5000건)도 밑돌았고요. 다만 2주 이상 신청한 지속 청구 건수(~6월 28일)는 한 주 전보다 1만 건 증가한 196만5000건을 기록했습니다. 2021년 11월(197만7000건) 이후 3년 8개월 만에 가장 높습니다. 해고는 많지 않지만, 직업을 잃으면 새 일자리를 찾기가 어려워지고 있다는 뜻입니다. 에버코어ISI는 ""실업급여 데이터는 독립기념일(7월 4일) 연휴로 인해 왜곡됐을 수 있다. 하지만 경제 침체 신호인 약 30만 건은 크게 밑돌고 있다""라고 분석했습니다. 
                    




                록펠러캐피털의 그렉 플레밍 CEO는 ""지난 3~4개월 동안 미국 경제가 보여준 것은 회복력이었다. 불확실성이 많았고, 여전히 어느 정도 남아 있지만, 경제는 여전히 건재하다고 생각한다""라고 말했습니다. 3. CIO 85% ""AI에 더 투자""AI에 대한 믿음도 지속하고 있습니다. 대만의 TSMC는 밤새 2분기 매출이 작년 동기보다 39% 급증해서 역대 최대를 기록했다고 발표해 AI 붐을 지원했습니다. 6월 매출은 전달보다는 17.7% 감소했으나 작년 동월보다는 26.9% 늘어난 것으로 집계됐습니다.
                    




                블룸버그는 메타가 애플의 AI 팀을 이끌었던 뤄밍 팡에게 2억 달러가 넘는 보상 패키지를 제공했다고 보도했습니다. 팡은 최근 마크 저커버그가 주도하는 메타의 슈퍼인텔리전트랩스(Superintelligence Labs)에 영입됐습니다. 애플은 이런 연봉이 팀 쿡 CEO를 제외한 경영진의 보상 기준을 크게 초과하는 수준이어서 이에 대응하려는 시도조차 하지 않은 것으로 전해졌습니다. 저커버그는 스케일AI에 143억 달러를 투자하기로 하고, 창업자이자 CEO인 알렉산더 왕을 영입하는 등 엄청난 돈을 투입해 슈퍼인텔리전트랩스를 만들고 있는데요. 이는 저커버그가 AI에 대한 막대한 투자를 이어갈 것이란 증거입니다. 
                    




                파이퍼샌들러는 “최근 기업 최고 IT 책임자(CIO) 대상 설문조사는 AI 인프라에 대한 지출 환경이 매우 강함을 다시 한번 확인시켜 줬다""라면서 마이크로소프트와 오라클에 대한 목표주가를 각각 475달러에서 600달러, 190달러에서 270달러로 높였습니다. 설문조사에서 ""85%의 CIO들이 올해 IT 지출이 증가할 것이라고 답했다. 지난 조사에 비해 20%포인트나 높아졌다""라는 겁니다.이런 분위기 속에 엔비디아는 오늘 0.75% 상승했습니다. 시가총액 4조 달러를 넘었는데요. 월가 일부에서는 5조 달러를 기대합니다. 사실 엔비디아가 1조 달러 클럽에 가입한 지는 불과 2년 남짓밖에 되지 않았습니다. 배런스는 ""엔비디아 성장 이야기는 아직 끝나지 않았다. 엔비디아는 여전히 AI 분야에서 가장 중요한 공급업체이며, 다년간의 AI 인프라 구축의 중심에 있다""라고 썼습니다. 마호니자산운용의 켄 마호니 설립자는 엔비디아의 2분기 실적 발표가 다음 상승세를 가져올 수 있다고 말하는데요. 실적은 8월 27일 장 마감 뒤에 나옵니다.
                    




 4. 골드만 ""모멘텀에 저항하지 마""월가는 낙관론이 지배하고 있습니다. 골드만삭스의 존 플러드 미국 주식 세일즈트레이딩헤드는 ""아직 긍정적인 모멘텀에 저항하지 말라. 지금은 여러 가지 순풍이 불고 있다""라고 말했습니다. 경제 지표만 봐도 6월 고용은 좋고 인플레이션은 둔화하는 등 미국 경제가 탄탄하고, 미 중앙은행(Fed)에서 7월 인하 등 비둘기파적 발언이 나오기 시작했으며, 트럼프 감세법 통과, 중동 등 지정학적 긴장 완화, 지속적인 AI 모멘텀, 그리고 끊임없는 개인 매수세가 이어지고 있다는 겁니다. 그는 이런 상승세를 이어지는지 단기 관건은 2분기 어닝시즌이라고 밝혔습니다. 어닝시즌은 7월 15일 JP모건의 실적 발표로 시작되는데요. S&P500 기업의 73%가 7월 11~8월 1일 실적을 발표할 예정입니다. 월가 애널리스트들은 S&P500 기업의 주당순이익(EPS)이 4% 안팎 증가할 것으로 추정하는데요. 이는 1분기 12%에서 크게 둔화하는 것입니다. 이에 대해 플러드 헤드는 ""실적은 이렇게 낮게 설정된 컨센서스를 넘어설 것으로 예상된다. 이는 긍정적인 투자자들에게 좋은 소식이 될 것""이라고 말했습니다.JP모건자산운용의 짐 캐런 포트폴리오솔루션그룹 최고투자책임자(CIO)는 증시가 계속 오르는 데 다섯 가지 기대가 있다고 설명합니다. ① AI 및 기술주 중심의 낙관론=AI 기반 생산성 향상이 실적을 끌어올리고, 거시경제 위험을 상쇄할 것으로 기대함② 강한 실적 모멘텀=기업 실적이 시장 기대를 계속 상회할 것으로 예상함.③ Fed의 금리 인하 기대=시장은 2025년 말부터 금리 인하를 반영하고 있음. 금리 인하는 주식의 밸류에이션 상승으로 이어짐. 특히 성장주에 유리함.④ 재정 위험에 대한 무시=당장은 재정 적자에 대한 반응이 크지 않음. 국채 시장은 안정적이고, Fed가 ‘백스톱(backstop)’ 역할을 한다면, 주식은 견고할 가능성⑤ 글로벌 유동성과 미국 자산 수요=글로벌 자금은 여전히 미국 주식에 들어오고 있음. 최근 미국은 유럽·중국 대비 아웃퍼폼하고 있음. 캐론 CIO는 특히 하반기가 좋을 것으로 봅니다 ""불확실성에서 명확성으로 전환""이 이뤄질 것으로 보기 때문입니다. 그는 ""감세, 재정, 관세 정책의 방향성이 더욱 명확해지고, 이에 따라 위험이 축소될 수 있다""라고 설명했습니다. 캐론 CIO는 트럼프 감세법이 상당한 의미가 있다고 보는데요. ""친기업적 조항이 많으며, 그중 가장 중요한 게 규제 완화다. 이는 기업의 관세 비용을 상쇄하고, 영업 레버리지와 기업 가치를 높이는 요소""라고 분석했습니다. 물론 위험도 있습니다. 그는 GDP 성장 둔화, 실업률 상승, 인플레이션 상승 가능성이 있다고 봤습니다. ""그럼에도 불구하고, 이런 경제 데이터 악화가 자산 가격에 영향을 줄 것인가가 핵심인데, 시장은 이를 이미 예상하고 있어 큰 영향을 받지 않을 것""이라고 말했습니다. 캐론 CIO는 ""감세, 경기부양책, 규제 완화가 성장 회복에 도움이 된다면 올해 하반기 미국 경제는 일시적 둔화(soft patch)를 지나 다른 국면(the other side)으로 돌파할 수 있다""라고 밝혔습니다. 
                    




                JP모건은 ""올해 남은 기간 개인 투자자 중심으로 미국 주식으로 거의 5000억 달러가 유입될 것으로 예상한다. 이는 연말까지 S&P500 지수를 5~10% 더 끌어올리기에 충분할 것""이라고 주장했습니다. 개인 투자자의 경우 올해 6300억 달러의 자금을 미국 주식에 넣을 것으로 예상하는데요. 현재까지 주식형 펀드로의 누적 순 유입은 2700억 달러로 올해 남은 기간 3600억 달러를 더 투자할 것이라고 봤습니다. 또 달러가 안정되면 외국인 투자자가 돌아올 수 있다고 분석했는데요. ICE 달러 지수가 4월 말 이후 최저치인 98에 근접해 있는 것을 보면 달러가 안정될 가능성이 있는 겁니다. 그러면 하반기 외국인의 500억~1000억 달러 미국 주식 매수가 발생할 수 있다고 예상했습니다. JP모건은 ""우리는 외국인 투자자가 미국 주식을 '보이콧'하는 것은 지속할 수 있지 않다고 생각한다. 글로벌 증시에서 가장 크고 중요한 성장 부문인 S&P500 지수와 매그니피선트 7을 피할 수 없다""라고 밝혔습니다.월가의 위험자산 선호 분위기는 시장 곳곳에서 드러나고 있습니다.비트코인은 또 오르면서 11만6000달러의 새로운 기록을 세웠습니다. 전날 11만2000달러를 처음 돌파한 데 이어 연일 새로운 기록을 세우고 있는 것이죠.
                    




                CBOE 변동성(VIX) 지수는 오늘 2월 중순 이후 최저치인 15.78까지 떨어졌습니다. 투자자들이 위험에 대해 거의 헤지하지 않고 있다는 뜻입니다. 
                    




                시리얼 업체 WK 켈로그(+30.63%)가 이탈리아의 페레로에 약 31억 달러에 인수되는 등 인수·합병(M&A)도 살아나고 있습니다. 며칠 전에도 코어위브가 코어사이언티픽을 약 90억달러에 인수하기로 했지요. M&A 등 자본시장 활동의 증가는 금융시장 환경이 안정됐음을 뜻합니다. 트럼프 대통령은 소셜미디어를 통해 ""기술주, 산업주, 그리고 나스닥이 사상 최고치를 기록했다. 암호화폐는 지붕을 뚫었다. 그리고 트럼프 관세 이후 엔비디아는 47% 상승했다. 미국은 관세로 수천억 달러를 벌어들이고 있다""라고 자랑했습니다. 
                    




 5. 다이먼 ""관세→금리 인상 가능성 40~50%""하지만 JP모건의 제이미 다이먼 CEO는 오늘도 주의할 것을 권했습니다. 관세로 인해 인플레이션이 치솟고, 이에 따라 미 중앙은행(Fed)이 금리를 '인상'할 가능성을 시장이 과소평가하고 있다는 겁니다. ▶관세는 인플레이션을 유발한다. 의미 있는 인플레이션이 예상된다. 다만 한 번에 모든 것을 올리지는 않을 것이다. 이민 정책, 지속적인 재정 적자도 인플레이션 압력을 높인다. ▶금리 인상 가능성이 시장에서 과소평가되고 있다. 이는 우려해야 할 일이다. 시장은 (금리 인상에 대해) 20%의 가능성을 예상한다. 저는 40~50%의 가능성을 예상한다. 다른 누구보다 높게 본다.▶(관세와 관련) 시장에는 안일함(complacency)이 퍼져 있고, 시장은 다소 둔감해져 있다.▶미국 경제의 실시간 데이터를 해석하는 건 완전히 불가능하다.▶'TACO(트럼프는 항상 물러선다) 트레이드'라는 단어를 쓰고 싶지는 않다. 왜냐하면, 트럼프 대통령이 해방의 날(4월 2일) 이후에 '겁을 먹고 포기한' 것은 옳은 일이라고 생각하기 때문이다. 다이먼 CEO처럼 관세로 인한 인플레를 걱정하는 사람들이 있다 보니 Fed는 관망세를 유지하고 있습니다. 어제 공개된 6월 연방공개시장위원회(FOMC) 회의록을 보면 7월 인하를 주장한 사람은 두어 명(A couple of)에 그쳤습니다. 세인트루이스 연방은행의 알베르토 무살렘 총재는 오늘 ""관세가 인플레이션에 미치는 영향은 지금까지 미미했지만 6월, 7월, 8월 또는 9월부터 데이터에 그 영향이 더 많이 나타날 것으로 예상한다""라고 말했습니다. 그는 ""관세가 정착(settle)되려면 시간이 걸릴 것이다. 올해 4분기, 내년 1분기 또는 2분기까지 관세가 경제에 스며드는 시나리오가 있다""라고 덧붙였습니다.하지만 크리스토퍼 월러 이사는 ""우리는 너무 긴축적이며 7월에 기준금리 인하를 검토할 수 있다""라고 다시 한번 밝혔습니다. 트럼프 대통령도 연일 Fed를 압박하고 있고요. 월가에서도 점점 동조하는 시각이 많아지고 있습니다. 파이퍼샌들러는 ""2022년 인플레이션 쇼크의 상처가 Fed에게 과도한 우려를 갖게 했다. 우리는 더 이상 팬데믹에 휘말리지 않았고, 2022년 경험처럼 관세를 인플레이션 위험으로 간주하는 것은 과장된 것""이라고 지적했습니다.





                웰스파고는 Fed가 올해 75bp를 내릴 것으로 관측하는데요. '일시적' 인플레이션보다는 성장을 더 걱정하기 때문입니다. 핵심 지표는 경제가 다소 활력을 잃고 있음을 시사한다는 겁니다. 2분기 실질 소비지출은 1.3% 증가에 그쳤고, 기업 고정투자와 주택투자가 각각 0.6%와 거의 5% 감소했을 것으로 추정한다는 것이죠. 웰스파고는 ""우리 예상대로 향후 몇 달 동안 인플레이션이 일시적인 것으로 나타나고 노동 시장이 더 위축된다면, FOMC는 9월 17일 회의에서 금리를 25bp 인하할 것으로 예상한다. 이후 10월 29일, 12월 10일에 두 차례 더 인하할 것""이라고 주장했습니다. 이런 시각들이 늘어난 덕분인지, 오늘 국채 30년물 경매(220억 달러)에서는 충분한 수요가 나타났습니다. 발행 금리는 4.889%로 발행 당시의 시장 금리 4.890%보다 0.1bp 낮게 결정됐습니다.
                    




                뉴욕 채권시장에서 소폭 상승하던 국채 수익률은 경매 소식이 나온 뒤 안정세를 보였습니다. 오후 4시 30분께 국채 10년물 수익률은 0.6bp 오른 4.348%, 2년물은 1bp 오른 3.872%에 거래됐습니다.  6. S&P, 나스닥 또 신기록뉴욕 증시는 결국 소폭 상승세로 거래를 마쳤습니다. S&P500 지수는 0.27%, 다우는 0.43% 올랐고요. 나스닥은 0.09% 강보합 수준을 기록했습니다. S&P500 지수는 6280.46으로 사상 최고치를 갈아치웠습니다. 장중 6290.22까지 오르기도 했습니다.
                    




                엔비디아가 0.75% 상승하면서 마침내 종가 기준 시가총액 4조 달러에 등극했습니다. 젠슨 황 CEO는 중국 방문을 앞두고 트럼프 대통령과 회동할 예정으로 전해졌습니다. 테슬라는 캘리포니아와 애리조나로 로보택시 서비스 확장 계획을 밝힌 뒤 4.73% 급등했습니다. 
                    




                시장 상승세는 광범위했습니다. 11개 업종 가운데 IT(-0.12%) 커뮤니케이션서비스(-0.48%)만 빼고 9개 업종이 모두 상승세를 보였습니다. 사우스웨스트(항공주) 로열캐러비안(크루즈) 힐튼월드와이드(호텔) 코인베이스와 블랙록(비트코인 관련?) 3M(산업주) 브로드컴과 텍사스인스트루먼트(반도체) 등 S&P500 지수에 속한 26개 주식이 신고가 기록을 세웠습니다. 희토류 광산업체 MP머티리얼즈는 미 국방부가 지분 15%를 인수하기로 하면서 주가가 50.62% 급등했습니다. 
                    




                뉴욕=김현석 특파원 realist@hankyung.com",https://www.hankyung.com/article/202507111557i,2025.07.11 07:40
"'파죽지세' 코스피, 한 박자 쉬어갈까…실적시즌 관망 심리 확산 [주간전망]","""이번주 코스피 예상 범위 3000~3250P""","사진=연합뉴스

                증권가는 이번주(21~25일) 코스피지수가 3200선 부근에서 박스권을 형성하면서 한 템포 쉬어가는 장세를 나타낼 것으로 예상했다. 미국 금융기업들을 중심으로 2분기 실적 시즌이 시작되는 가운데 각국 상호관세 협상도 지켜볼 가능성이 높다는 이유에서다.나정환 NH투자증권은 20일 이번주 코스피 예상 등락 범위를 3000~3250포인트로 제시하면서 ""풍부한 증시 대기자금이 있지만 미 중앙은행(Fed)의 금리인하 기대감이 축소된 데다 시장이 미국 상호관세 협상을 지켜볼 여지가 있다""고 분석했다.지난주 마지막 거래일 코스피지수는 미 물가 상승 우려가 증시 전반에 드리우면서 3200선 밑에서(3188.07포인트) 거래를 마감했다. 마땅한 재료 없이 새 정부 정책 기대감에 상단을 조금씩 높이면서 직전주 대비로는 0.38% 올랐다.이번주는 대외 요인에 촉각을 곤두세워야 할 것으로 보인다. 다음달 1일 상호관세 발효 시한이 가까워질수록 글로벌 증시가 경제지표 결과만큼 관세 협상의 결과에 영향을 받을 수 있기 때문이다. 앞서 도널드 트럼프 미국 대통령은 오는 8월1일부터 한국에 25% 상호 관세를 부과하겠다고 통보한 바 있다.이에 더해 미 정가에서는 한국이 미국과의 상호관세 협상을 아무리 잘해도 '두 자릿수 관세율'을 피하기는 쉽지 않을 것이라는 전망이 나오면서 시장 참여자들을 불안케 하고 있다.마이클 비먼 전 미국무역대표부(USTR) 대표보는 지난 17일(이하 현지시간) 공개된 한미경제연구소(KEI)의 인터넷 팟캐스트 방송에서 ""한국이 미국과 성공적으로 합의한다면 한국의 관세가 15~18% 정도가 될 가능성이 크다""며 ""이건 그냥 평균 관세율""이라고 밝혔다. 그는 트럼프 1기 행정부 당시 한국과 무역 협상을 직접 담당한 인물이다.그는 ""한국이 자동차, 철강과 다른 (품목별) 관세는 일부 조건을 완화할 수도 있을 것으로 생각하지만 그렇다고 해도 여전히 매우 큰 관세가 될 것""이라고 덧붙였다.이경민 대신증권 연구원은 ""투자자들의 기대를 넘어서는 관세 협상 결과가 발표되지 않는다면 트럼프 대통령의 강압적인 발언과 함께 선반영된 협상 기대감이 약화될 가능성이 있다""고 짚었다.미국을 시작으로 2분기 실적 시즌도 본격화한다. 오는 21일 버라이즌을 시작으로 제너럴모터스, 코카콜라, 텍사스인스트루먼트(22일), AT&T, IBM(23일), 인텔(24일) 등이 실적 발표를 준비하고 있다. 특히 23일 진행되는 알파벳과 테슬라의 실적 발표에선 빅테크 실적과 가이던스 조정 여부가 주목될 전망이다.국내에선 삼성바이오로직스(23일), SK하이닉스, 현대차, KB금융, HD현대중공업, 삼성중공업, LG생활건강(24일), 기아, LG에너지솔루션, 두산에너빌리티, 신한지주, 하나금융지주(25일) 등의 기업이 실적 발표를 대기하고 있다.나 연구원은 ""기업의 실적 가이던스가 하향 조정된다면 밸류에이션 논란을 부각시킬 수 있다""며 ""미국 내 기업들이 관세에 따른 비용 상승을 소비자에게 전가시켰는지 여부도 이번 실적에서 확인할 수 있을 것""이라고 설명했다.전문가들은 최근 코스피지수가 강세장을 나타낸 만큼 당분간 국내 증시가 저평가 종목의 키 맞추기로 순환매 장세를 연출할 것으로 내다봤다.이 연구원은 ""강세 업종을 추격 매수하는 것보다 리스크 관리와 순환매 차원에서 대응하는 것이 유효할 전망""이라며 ""소외 업종이었던 디스플레이, 2차전지, 건강관리 업종에 주목할 필요가 있다""고 말했다.나 연구원도 ""관세 우려에도 불구하고 현재 국내 증시 매수 자금은 풍부한 상황""이라며 ""실적 시즌 동안엔 주가가 많이 오른 업종 중 실적이 뒷받침되는 종목 중심으로 옥석 가리기가 나올 수 있다""고 덧붙였다.노정동 한경닷컴 기자 dong2@hankyung.com",https://www.hankyung.com/article/2025071866916,2025.07.20 08:00
"""파월은 얼간이, 멍청이, 정말 나쁜 Fed 의장""…트럼프 '융단폭격' [영상]","'금리 갈등' 트럼프-파월

트럼프 ""美 기준금리 1%보다 낮아야""
Fed 건물 개보수 비용 과다 논란에
파월 의장 ""날 감사하라"" 직접 요청","영상 모듈 닫기




미국 기준금리 인하와 관련해 도널드 트럼프 미 대통령이 제롬 파월 미 중앙은행(Fed) 의장을 또 비난했다. 트럼프 대통령은 파월 의장을 ‘얼간이’라고 표현하며 기준금리가 1%보다 낮아야 한다고 주장했고, 파월 의장은 트럼프 대통령 측이 제기한 Fed 청사 개보수 비용 과다 지출 의혹에 대해 자발적으로 감사를 요청하며 정면으로 맞섰다.트럼프 대통령은 14일(현지시간) 백악관 신앙사무실 오찬 행사 연설에서 “우리에게는 정말 나쁜 Fed 의장이 있다. 그가 금리를 낮췄다면 친절하게 대했겠지만, 소용이 없다”며 “그는 정말 ‘얼간이’ 같고 멍청한 사람”이라며 파월 의장을 비난했다.
                    



지난 2017년 촬영된 도널드 트럼프 미 대통령과 제롬 파월 Fed 의장(사진=로이터연합뉴스)

                트럼프 대통령은 자신의 금리 인하 요구에도 금리 동결을 고수하고 있는 파월 의장에 불만이 누적된 상황이다. 트럼프 대통령 취임 이후 Fed가 총 4차례 연방공개시장위원회(FOMC)를 열었지만, 기준금리는 4.25%~4.50%로 모두 동결됐다. 이에 트럼프 대통령은 파월 의장을 ‘미스터 투 레이트’(너무 늦은 사람)라고 부르는가 하면 멍청이, 바보, 패배자 등 원색적인 비난을 쏟아냈다.이날도 트럼프 대통령은 높은 기준금리 탓에 연방정부가 갚아야 할 국채 이자 부담이 커진 것을 지적했다. 기준금리 1%포인트에 3600억달러의 비용이 들고 2%포인트면 6000억~7000억달러가 든다고 설명했다. 그는 “경제는 활황이고 기업 신뢰도는 급등했다”며 “소득은 증가했고 물가는 하락했고 인플레이션은 없어졌다”고 진단했다. 이어 “기준금리는 1%보다 낮아야 한다”고 강조했다.
                    



사진=로이터연합뉴스

                파월 의장은 트럼프 대통령 측이 제기한 ‘Fed 청사 개보수 비용 논란’에 대해 정면으로 맞서기로 했다. 미 정치매체 폴리티코에 따르면 파월 의장은 지난 주말 워싱턴DC 소재 Fed 청사의 개보수 공사비와 관련해 감찰 조사를 해달라고 마이클 호로위츠 Fed 총감사관에게 요청했다.최근 트럼프 측은 Fed 본부 공사 비용이 초기 계획보다 7억달러 늘어난 25억달러에 달했고 그 원인으로는 옥상 정원, 인공 폭포, 대리석 장식 등의 설계 변경 때문이라고 주장했다. 백악관의 러셀 보트 예산국(OMB) 국장은 지난 10일 파월 의장에게 서한을 보내 청사 인테리어에 혈세를 낭비했다며 ‘베르사유 궁전’을 짓냐고 비꼬았다.하지만 이는 내년 5월부로 임기가 끝나는 파월 의장을 조기에 교체하기 위한 구실을 찾는 것이란 분석이 많다. 파월 의장이 대통령의 명령과 반대되는 금리 정책을 펼치는 것으로는 법이 허용하는 정당한 해임 사유가 될 수 없어서다. 악시오스는 “겉으로는 옥상 정원의 문제처럼 보이지만, 실제로는 Fed에 대한 통제권을 둘러싼 싸움”이라며 “파월 의장을 내년 봄 임기 만료 전에 정당한 사유로 해임하기 위한 명분 쌓기에 나선 것”이라고 분석했다.한경제 기자",https://www.hankyung.com/article/202507159596i,2025.07.15 16:07
美 '지니어스법' 통과 눈앞…스테이블코인 시대 본격 열리나,"이번주 美 의회 '크립토 위크'
'지니어스법' 통과 기대감 높아
통과시 트럼프 즉시 서명 전망
""스테이블코인 중대 이정표""","미 워싱턴DC에 위치한 미국 국회의사당

                미 의회의 크립토 위크를 맞아 '지니어스법(스테이블코인법)' 제정에 대한 기대감이 커지고 있다. 지니어스법이 의회 문턱을 넘을 경우 암호화폐 산업이 새 역사를 쓸 수 있다는 관측도 나온다.16일(현지시간) 업계에 따르면 도널드 트럼프 미국 대통령은 이날 백악관 집무실인 오벌오피스에서 지니어스법에 반대한 일부 하원의원과 회동을 가졌다. 트럼프 대통령은 자신의 소셜미디어 트루스소셜을 통해 ""짧은 논의 끝에 이들 모두 내일(17일) 찬성표를 던지는 데 동의했다""고 밝혔다.오는 17일(현지시간)로 예정된 지니어스법의 미 하원 본회의 표결은 이번주 크립토 위크의 최대 관전 포인트로 꼽힌다. 앞서 미 하원은 최근 암호화폐 법안을 집중 심의하기 위해 이번주를 크립토 위크로 지정했다.미 하원은 이번주 지니어스법 외에도 '클래리티법(암호화폐 시장구조법)'과 '반(反)중앙은행디지털화폐(CBDC) 감시국가법'에 대한 본회의 표결도 진행할 계획이다. 이날 법안 심사를 위한 절차 표결이 부결됐지만, 빠른 시일 내 절차 표결을 재개한다는 방침이다. 연내 제정 확률 '95%'업계는 '지니어스법'의 통과 가능성을 가장 높게 점치고 있다. 이는 스테이블코인을 포괄적으로 규제하는 법안으로, 지난달 미 상원 문턱을 넘었다. 이미 미 상원에서 스테이블코인의 제도권 편입에 대한 초당적 합의가 이뤄진 만큼 큰 변수가 없으면 하원 통과도 무리가 없다는 분석이다. 세계 최대 베팅 사이트 폴리마켓에서도 지니어스법의 연내 제정 가능성은 이날 기준 95%를 기록했다.
                    



세계 최대 베팅 사이트 폴리마켓에서 지니어스법의 연내 제정 가능성은 16일 기준 95%를 기록했다. 사진=폴리마켓 캡처

                트럼프 대통령의 스테이블코인 육성 의지 등을 고려하면 지니어스법 통과시 곧바로 대통령 서명 절차가 이뤄질 가능성이 높다. 이렇게 되면 지니어스법은 사상 최초의 암호화폐 분야 미국 연방법이 된다.글로벌 블록체인 기업 애니모카브랜즈의 오마르 엘라사르(Omar Elassar) 글로벌 전략적 파트너십 총괄은 ""지니어스법은 기관의 (스테이블코인 시장) 참여를 가능하게 해주는 수준을 넘어 참여를 필수로 만들 것""이라며 ""아랍에미리트(UAE) 등에서는 명확하고 목적에 맞게 설계된 (암호화폐) 규제가 기관을 유인한다는 사실이 이미 입증됐다""고 설명했다. 그러면서 ""(지니어스법은) 스테이블코인 정책의 중대한 이정표""라며 ""스테이블코인 혁신과 규제의 실질적인 조화가 글로벌 차원에서 시작되는 계기가 될 수 있다""고 했다.지니어스법 제정시 전통금융(TradFi·트래드파이)에 미칠 여파도 클 전망이다. 알탄 투타르(Altan Tutra) 모어마켓(MoreMarkets) 최고경영자(CEO)는 ""(지니어스법 통과시) 스테이블코인 채택이 확대될 것""이라며 ""스테이블코인을 뒷받침하기 위해 미 국채와 재무부 단기국채(T-bill) 수요도 증가할 가능성이 높다""고 내다봤다. 이어 ""이는 전통금융 시스템의 작동 방식은 물론 거시경제 요인에 영향을 받는 방식에도 근본적인 변화를 가져올 수 있다""고 덧붙였다.""제도권 편입 본격화"" '클래리티법' 통과까지 맞물릴 경우 이번 크립토 위크의 파급력은 '지각변동'에 가까울 수 있다는 평가가 나온다. 클래리티법은 '명확성(Clarity)'이라는 법안 이름이 보여주듯 암호화폐 규제 공백 해소를 목표로 한다. 앞서 지난달 미 하원 농업위원회와 금융서비스위원회의 '마크업(markup)'을 잇따라 통과한 만큼 클래리티법의 통과 가능성도 낮지 않다. 실제 폴리마켓에서 클래리티법의 연내 제정 가능성은 이날 기준 57%를 기록했다.지니어스법과 클래리티법이 동시에 하원 문턱을 넘으면 스테이블코인을 넘어 암호화폐 전체가 기관의 투자 대상에 본격적으로 편입될 것이라는 분석이다. 탈중앙화거래소(DEX) 부이(VOOI)의 윌 케이(Will K) CEO는 ""지니어스법과 클래리티법은 기관·개인투자자가 암호화폐와 전통금융을 넘나들며 활동할 수 있게 해주는 규제 기반이 될 것""이라며 ""비트코인, 스테이블코인 등 암호화폐가 주식, 원자재, 외환거래 등 현대 투자 포트폴리오에 편입된다는 의미""라고 밝혔다.크립토 위크의 결과가 비트코인 가격에 미칠 영향에도 이목이 쏠린다. 비트코인은 최근 크립토 위크 기대감에 파죽지세로 치솟으면서 사상 처음 12만달러를 넘어선 바 있다. 크립토 댄 크립토퀀트 기고자는 ""비트코인이 최근 새로운 국면에 진입했지만 온체인 데이터상 시장은 아직 과열 상태에 도달하지 않았다""며 ""과거의 단기 고점 구간과 비교해 과열 수준이 크게 낮다는 건 비트코인이 올 하반기에도 대폭 상승하며 신고가를 재차 경신할 가능성이 있다는 점을 시사한다""고 분석했다.<블록체인·가상자산(코인) 투자 정보 플랫폼(앱) '블루밍비트'에서 더 많은 소식을 받아보실 수 있습니다>이준형 블루밍비트 기자 gilson@bloomingbit.io",https://www.hankyung.com/article/202507162097g,2025.07.16 16:49
"LG CNS, 추론형 LLM 개발…""에이전틱 AI 본격화""","파라미터 1110억개 대형 모델
금융·공공에 구축형으로 제공
""경량 모델 이어 AI 선택폭 확대""","LG CNS는 캐나다의 인공지능(AI) 유니콘 기업 코히어와 손잡고 초대형 대규모언어모델(LLM)을 개발했다. 스스로 사고해 답을 도출하는 추론(reasoning) 기능을 갖춘 모델이다. 기업 내부 환경에 AI 모델을 구축하는 온프레미스 방식에 특화해 금융·공공 등 보안이 중요한 영역을 집중적으로 공략한다는 목표다.





                LG CNS는 코히어와 함께 초대형 추론형 LLM을 공동 개발했다고 10일 발표했다. 파라미터(매개변수)가 1110억 개로 23개 언어를 지원한다. 한국어, 영어, 일본어, 중국어는 물론 히브리어, 페르시아어 등도 이해할 수 있다. 추론형 LLM은 AI가 논리적인 해답을 도출하는 모델로, AI가 스스로 판단해 작업을 수행하는 ‘에이전틱 AI’ 구현에 필수적인 기술로 꼽힌다.이 모델은 코히어의 기업용 LLM ‘커맨드’에 LG CNS가 국내 산업 분야에서 축적한 기술력을 결합했다. LG CNS는 LLM을 온프레미스 방식으로 제공해 고객이 민감한 데이터를 외부에 유출하지 않고 자체 인프라 내에서 처리할 수 있도록 할 계획이다. 회사 관계자는 “코히어의 커맨드 모델은 이미 캐나다 최대 은행 RBC 등에서 온프레미스 방식으로 사용되는 등 시장에서 검증됐다”고 설명했다.LG CNS는 모델 압축 기술을 통해 두 개의 그래픽처리장치(GPU)만으로 AI 모델을 구동할 수 있다고 강조했다. 통상 파라미터가 1000억 개 이상인 LLM은 최소 네 개의 GPU가 필요하다는 설명이다. 회사 측은 “성능 면에서도 대표적 추론 능력 벤치마크인 매스500, AIME 2024에서 오픈AI의 GPT-4o, 앤스로픽의 클로드 3.7 소네트 등 글로벌 기업 LLM보다 높은 점수를 받았다”고 강조했다. 한국어 평가 테스트에서도 온프레미스형 LLM 가운데 최고 수준의 성능을 기록했다.LG CNS는 LG AI연구원의 ‘엑사원’을 활용해온 데 이어 지난달 코히어와 함께 파라미터 70억 개 규모의 경량형 LLM도 선보였다. 여기에 초대형 모델까지 추가해 고객의 선택 폭을 넓혔다.LG CNS 관계자는 “코히어와 계속 협력해 LLM 성능을 지속해서 고도화할 것”이라며 “금융과 공공 등 다양한 산업에서 맞춤형 에이전틱 AI 서비스를 확대하겠다”고 말했다.이승우 기자 leeswoo@hankyung.com",https://www.hankyung.com/article/2025071009801,2025.07.10 17:24
"BNK경남은행, 수해 복구 위해 ‘3335억원 규모 긴급 금융지원’",,"BNK경남은행 본점.

                BNK경남은행이 긴급 금융지원을 통해 상생금융 실천에 나섰다.BNK경남은행은 집중호우 등 수해 피해 복구를 위해 3335억원 규모의 긴급 금융지원을 추진한다고 21일 밝혔다.긴급 금융지원 대상은 집중호우 등 수해로 재산 피해가 발생한 △중소기업 △소상공인 △개인으로서 해당 지역 행정 관청 등이 발급한 ‘재해피해사실확인서’를 피해 지역 BNK경남은행으로 제출하면 된다.피해복구자금은 피해금액 범위 내에서 지원되고 중소기업은 긴급운전자금 5억원 이내, 개인은 긴급생활자금 2000만원 이내로 지원될 예정이며 영업점장 전결로 최대 1.0%p까지 특별우대금리가 제공된다.특히 소상공인의 경우 대출 취급 조건을 대폭 완화해 무담보/무보증 기준으로 최대 2000만원까지 저금리 신용대출을 지원한다.기업고객그룹 이광준 상무는 “우리 지역에서 집중호우 등 수해 피해가 크게 발생해 지역민의 한 사람으로서 안타까웠다. 이번 긴급 금융지원은 집중호우 등 수해 피해를 입은 지역 중소기업, 소상공인, 개인들을 실질적으로 돕기 위해 특별히 마련됐다”며 “앞으로도 BNK경남은행은 지역을 대표하는 금융기관으로서 상생금융을 지속적으로 실천하기 위해 노력을 기울이겠다”고 말했다.BNK경남은행은 집중호우로 피해를 입은 의령군에 ‘BNK봉사단’을 긴급 파견해 수해 복구 지원 활동을 펼쳤다. 지난 20일 의령군 대의면 일원에서 진행된 봉사활동에는 본부 부서 및 의령지역 영업점 직원 20여명이 참여해, 침수 주택의 가재도구 정리와 쏟아진 토사 제거 등 복구 작업에 구슬땀을 흘렸다.BNK경남은행은 의령지역 복구 지원을 시작으로 산청, 합천 등 폭우 피해가 발생한 타 지역에 대해서도 피해 규모가 파악되는 대로 봉사단 추가 파견과 구호 물품 전달 등 복구 지원을 확대해 나갈 계획이다. 창원=김해연 기자",https://www.hankyung.com/article/202507211787h,2025.07.21 13:59
"""女임원 비중 20%로""…KB '유리천장' 깬다","기업 인사이드

지난해 8.8%…전년 수준 그쳐
여성 부점장 및 팀장 비중도 확대
기업금융 팀장 비중은 30%로

4대 금융 여성 임원 비중 적어
""여성 인재 양성 속도낼 것""
사외이사도 女風 불기 시작","KB금융그룹이 여성 임원 비중을 2년 내 두 배 이상 늘리기로 했다. 여성 불모지로 인식되는 기업금융 부문에서도 여성 인재 양성에 적극 나설 계획이다. 금융권 ‘여풍(女風)’ 확대를 이끌어 단단하게 굳어진 ‘유리천장’을 깨뜨리겠다는 게 KB금융의 구상이다. ◇女 기업금융 팀장도 키운다







이미지 크게보기



                17일 금융권에 따르면 KB금융은 최근 여성 인재 양성 계획을 담은 ‘KB 다이버티 2027’ 방안을 마련했다. ‘양성평등 구현’을 목표로 그룹 내 여성 리더 비율을 높이는 게 핵심이다. KB금융의 여성 임원 비중은 2023년 8.7%에서 지난해 8.8%로 높아졌다. 이를 2027년까지 20%로 올릴 계획이다. 여성 부점장 비율도 지난해 18.9%에서 2027년 20%로, 여성 본부 팀장은 지난해 18.4%에서 2027년 30%로 제고한다.기업금융 여성 인재 육성 전략도 짰다. 그동안 기업금융 부문은 금융지주 내 여성 리더 불모지로 평가됐다. 여성 행원을 주로 개인 고객을 상대하는 창구직원으로 배치해야 한다는 인식 때문이다. 이에 국민은행은 직무 다양화 측면에서 기업금융 여성 팀장 비중을 지난해 20.4%에서 2027년 30%로 높일 방침이다.KB금융 관계자는 “그룹의 미래를 이끌어갈 여성 리더를 육성하겠다는 양종희 KB금융 회장의 의지가 반영된 것”이라며 “양 회장은 지난해에 이어 올해도 신임 여성 부점장을 위한 프로그램인 ‘위 스타 멘토링 프로그램’ 오리엔테이션에 직접 참여하는 등 여성 리더의 중요성을 강조하고 있다”고 설명했다. ◇여성 리더 육성 프로그램 운영 활발금융권은 유리천장이 유독 강하다는 지적을 받아 왔다. 국민 신한 하나 우리 등 4대 금융의 여성 임원 비중은 여전히 낮다. 지난해 기준 여성 임원 비중이 10%를 넘어선 곳은 신한금융(10.3%)뿐이다. KB금융(8.8%), 우리금융(7.7%), 하나금융(5.0%)도 여전히 한 자릿수에 그치고 있다.최근 들어 유리천장을 타파하기 위해 중장기 육성 로드맵을 설정하는 등 여성 인재 육성에 적극 나서고 있다. 우리금융은 2030년까지 여성 경영진 비중을 15%까지 끌어올리겠다는 계획을 세웠다. 올해만 여성 임원 6명을 선임했다. 2023년 임종룡 우리금융 회장 취임 이후 그룹 내 여성 임원이 7명에서 18명으로 늘었다.멘토링 프로그램 운영도 활발하다. 신한금융은 2018년부터 ‘신한 쉬어로즈’라는 금융권 최초의 여성 리더 육성 프로그램을 운영하고 있다. 하나금융은 2021년부터 여성 리더 육성 프로그램인 ‘하나 웨이브스’를 시작하는 등 조직 내 여성 인재 발굴에 집중하고 있다. 농협금융은 핵심 계열사 농협은행에서 2022년부터 운영 중인 ‘NH 여성 책임자 RM 레벨업’을 통해 기업금융 내 전문가(RM) 업무로 전환을 희망하는 여성 직원들을 돕고 있다.실질적인 의사결정 기구인 이사회에도 ‘여풍’이 불고 있다. KB금융은 사외이사 7명 가운데 3명을 여성으로 선임했다. 신한금융은 9명 중 4명, 하나금융은 9명 중 3명, 우리금융은 7명 중 2명을 여성 사외이사로 배치했다.장현주 기자 blacksea@hankyung.com",https://www.hankyung.com/article/2025071753021,2025.07.17 17:20
"KB국민은행, 사회·경제적 약자를 위한 무료법률구조 기부금 17억원 전달","■ 2023년 대한법률구조공단과 체결한 업무협약을 토대로, 내년까지 3년간 총 51억원 지원 예정

■ 2012년부터 꾸준히 법률적인 도움이 필요한 사회적 약자를 위한 법률 지원 이어와","KB국민은행(은행장 이환주)은 법률적인 도움이 필요한 사회적 약자 등을 지원하기 위해 대한법률구조공단에 17억원의 기부금을 전달했다.이번 기부는 2023년 대한법률구조공단의 업무협약을 통해 지원 대상과 금액을 확대한 이후, 지난해에 이어 두 번째로 진행되었다. KB국민은행은 해당 협약에 따라 매년 17억원씩, 내년까지 3년간 총 51억원을 지원할 예정이다.KB국민은행은 2012년부터 학교폭력 피해자 소송 지원 및 예방 교육을 시작으로 국내 거주 외국인과 공무집행 과정에서 소송에 휘말린 경찰·소방관 등을 대상으로 꾸준히 법률 지원을 제공해왔다. 2023년에는 개인회생·파산면책 신청자 등으로 지원 대상을 확대하며, 법률 접근성이 낮은 사회적 약자에게 공정한 법률 서비스를 제공하기 위해 지속적으로 노력하고 있다. 현재까지 총 2만 9천여 건의 무료법률구조 서비스를 지원했다.무료법률지원 신청은 132 법률상담 콜센터로 전화하거나 가까운 법률구조공단을 방문해, 지원대상 확인에 필요한 서류와 소송 관련 자료를 제출하면 된다. 학교폭력 피해자 및 외국인 근로자도 지원 대상에 포함되며, 각각 피해사실을 입증할 수 있는 진단서 및 여권, 외국인등록증 등을 구비하면 된다.KB국민은행 관계자는 “무료법률구조 기부금이 법률 지원이 절실한 이웃들에게 실질적인 도움이 되기를 바란다”며, “앞으로도 우리 사회 내 다양한 소외계층을 포용할 수 있도록 기업의 사회적 책임 실천에 최선을 다하겠다”고 전했다.",https://www.hankyung.com/article/202507223482P,2025.07.22 09:17
'어차피 청년은 오지도 않아' 한숨…퇴직자들 다시 부른다,"'퇴직자 재고용' 역대 최다

정년제 운영 사업장의 38%…4년새 14%P 늘어
고령화로 일손 부족 심화…제조·운수업 등서 도입 많아
계속고용 자율적으로 늘어…""일률적 정년연장 부적절""","< 제조업체 절반 이상 ‘퇴직자 재고용’ > 서울 독산동의 한 주물 공장에서 근로자들이 작업하고 있다. 국내 제조업체의 57.7%는 숙련 인력을 확보하지 못해 퇴직자를 재고용하고 있는 것으로 나타났다.   한경DB

                정년퇴직한 직원을 재고용하는 사업장 수와 비중이 지난해 사상 최고치를 기록했다. 저출생·고령화로 청년층의 노동시장 유입이 줄자 정년을 넘긴 근로자를 다시 채용하는 기업이 급증한 것이다. 정부는 연내 법정 정년 연장 입법을 마무리한다는 방침이지만, 기업들이 이미 ‘퇴직 후 재고용’ 제도를 활발하게 이용하고 있는 만큼 일률적으로 정년 연장을 강제하는 것은 적절치 않다는 지적이 나온다. 22일 김위상 국민의힘 의원이 고용노동부에서 받은 자료에 따르면 지난해 말 기준 정년제도를 운용 중인 사업장 38만9349개 가운데 ‘재고용 제도’를 도입한 사업장은 14만7402개(37.9%)에 달했다. 1년 전보다 1만6000여 개(1.9%포인트) 증가했다. 4년 전인 2020년(24.1%)과 비교하면 무려 13.8%포인트 늘어났다. 재고용 제도란 정년이 도래한 근로자를 퇴직시키지 않거나 퇴직 후 1년 이내에 다시 고용하는 방식이다. 60세 이후 노동력 활용의 대표적 수단으로 꼽힌다.재고용 제도 도입 사업장은 전반적으로 늘었지만, 업종과 기업 규모별로는 도입률이 크게 달랐다. 부동산업(78.0%), 제조업(57.7%), 운수·창고업(57.6%), 숙박·음식점업(55.1%) 등 인건비가 상대적으로 낮고 청년 유입이 어려운 업종이 재고용 제도 도입을 주도하는 모양새다. 반면 은행, 증권사 등이 포함된 금융·보험업(20.0%), 정보기술(IT) 기업이 속한 정보통신업(24.2%) 등 청년층 유입이 이어지는 분야는 상대적으로 재고용 제도 도입이 더딘 편이었다.기업 규모별로도 격차가 있었다. 300인 이상 중대형 사업장의 재고용 제도 운용 비율은 56.6%로, 100인 미만 중소기업(37.2%)에 비해 19.4%포인트 높았다. 인건비 지급 여력이 있는 대기업 위주로 재고용 제도가 안착하는 모양새다.이런 상황에서 모든 기업에 정년 연장을 강제하면 청년 고용이 줄고 한계기업의 인건비 부담이 가중될 것이라는 우려가 나온다. 김희성 강원대 법학전문대학원 교수는 “고령자 고용정책의 목적은 단순히 고령자를 특별 보호하는 방법을 모색하는 것이 아니다”며 “자율적인 계속 고용을 유도하는 게 중요하다”고 말했다. 퇴직자 재고용 천차만별인데…'법정 정년연장'부터 하자는 정부일률적 정년연장 강제 땐 청년고용 위축 우려, 산업 현장선 '자율적 재고용'  경기 시흥시의 한 자동차 부품 제조업체는 퇴직자들을 65세까지 촉탁직(퇴직 후 재고용)으로 계속 쓰는 게 관례로 자리 잡은 지 오래다. 수십 년간 일하며 기술을 익힌 숙련공을 대체하기 어려운 데다 어차피 청년은 들어오지도 않기 때문이다. 생산라인이 쉴 새 없이 돌아가다 보니 외국인을 뽑아 교육하기도 쉽지 않은 형편이다.기업들이 자발적으로 퇴직자를 다시 불러들이는 ‘재고용’ 기조는 통계로도 뚜렷이 확인된다. 22일 고용노동부에 따르면 지난해 재고용 제도를 운용 중인 사업장(14만7402개) 가운데 퇴직자의 80% 이상을 재고용하는 ‘완전 재고용’ 사업장은 3만4712곳(23.5%)에 달했다. 2년 전(2만6395개)과 비교하면 8000곳 넘게 늘어났다. 특히 인력난이 심한 제조업에선 완전 재고용 비율이 32.1%로 높았다. ◇ 선(先)정년연장 추진하는 정부퇴직 후 재고용이 제조업에서만 이뤄지는 건 아니다. 금융대기업 B사는 퇴직 예정자 중 핵심 인력을 ‘전문역’으로 전환해 최대 3년간 재고용하고 신입 교육 임무를 맡겼다. 임금피크제로 정년 직전 급여가 낮아져 계속 고용해도 급여 부담이 없다. 퇴직 근로자는 더 일할 수 있고, 신입 직원들은 숙련자의 실무 경험을 배울 수 있어 만족도가 높다.





                이처럼 현장에서 자율적 재고용이 확산하는데도 정부는 업종별·기업별 상황을 고려하지 않고 일률적 정년 연장을 고집한다는 지적이 나온다. 고용부는 올 하반기 ‘고용상 연령차별금지법’을 개정해 정년을 국민연금 수급 개시연령에 맞춰 연장한다는 계획이다.경영계는 정년 연장을 위해서는 임금체계 개편이 선행돼야 한다고 주장하지만, 정부는 세부 임금체계와 고용 조건은 노사 간 협의에 맡기겠다는 입장이다. 이에 정년을 60세로 올리면서 기업 부담이 크게 늘어난 2013년 ‘실패 사례’가 되풀이될 것이란 우려가 나온다.당시 정부는 법정 정년 연장을 도입하면서 기업 부담을 덜어주는 차원에서 임금피크제를 추진했지만 노동계 반발로 입법화하지는 못했다. 이후 정부 권고로 임금피크제를 도입한 기업들은 줄소송(임금피크제 무효 소송)을 당해 예기치 못한 피해를 봤다. ◇ 청년 일자리 위축 우려일률적 정년 연장이 청년 고용을 위축시킬 것이라는 우려도 높다. 한국은행이 지난 4월 내놓은 보고서에 따르면 2013년 임금체계 개편 없는 정년 연장으로 고령층 근로자가 1명 증가할 때 청년 근로자는 0.4~1.5명 줄어들었다. 한국경영자총협회가 지난 15일 경영·경제·법학과 교수 210명을 대상으로 실시한 ‘고령자 고용정책 인식조사’에서도 전문가의 62.4%가 ‘청년층 채용 위축’을 가장 우려되는 문제로 꼽았다. ‘낮은 생산성 대비 높은 비용’(43.8%), ‘세대 갈등’(23.8%) 순으로 뒤를 이었다.경영계는 고용시장 왜곡을 막기 위해 일본처럼 기업에 선택권을 주는 방식이 현실적이라고 주장한다. 일본은 기업에 65세까지 고용 확보 의무를 부여했지만 계속고용(퇴직 후 재고용), 정년 연장, 정년 폐지 중 하나를 선택할 수 있도록 했다.그 결과 2024년 기준으로 고용 확보 조치를 실시한 일본 기업은 99.9%에 달했다. 그중 계속고용을 택한 기업이 67.4%였고, 정년 연장을 선택한 기업은 28.7%, 정년 폐지는 3.9%에 그쳤다.김위상 국민의힘 의원은 “현재 산업 전반이 자연스럽게 재고용 흐름으로 가고 있는 만큼 업종별·기업별 선택권을 보장해야 한다”며 “정년을 일률적으로 늘리는 것만 고집할 경우 국가가 부담해야 할 고령자 보호 의무를 기업에 떠넘겨 산업계에 충격을 줄 수 있다”고 말했다.곽용희 기자 kyh@hankyung.com",https://www.hankyung.com/article/2025072252531,2025.07.22 17:48
"이창용, 금리인하 속도조절 시사…""집값 하락 확인해야""","기준금리 年 2.5%로 동결

""집값 상승속도 작년보다 빨라
8월에 집값 해결될지 알 수 없어""

내달 美 관세 정책도 변수
성장률 떨어지면 금리 내려야","﻿이창용 한국은행 총재가 10일 서울 남대문로 한은 별관에서 기자간담회를 열어 기준금리 결정 배경을 설명하고 있다. ﻿ /사진공동취재단

                “가계부채 증가세가 둔화하더라도 집값이 내려올지를 봐야 합니다. 8월이면 그 부분(집값)이 해결돼 (금리 인하를) 할 수 있느냐, 참 어려운 문제입니다.” 이창용 한국은행 총재는 10일 금융통화위원회 통화정책방향회의에서 연 2.50%인 기준금리를 동결하기로 한 후 기자간담회를 열어 집값 문제가 금리 인하 속도에 영향을 줄 수 있다는 경고 메시지를 내놨다. 이 총재는 “작년 8월보다 수도권 집값 상승 속도가 빠르다”며 “당시엔 (금리 인하를) 한 번 쉰 후 ‘(집값이) 잡혔구나’ 생각했지만 지금은 그런 ‘해피엔딩’이 금방 올지 모르겠다”고 말했다.





                이 총재가 언급한 지난해 8월 당시 한은은 연 3.50%인 기준금리를 동결했다. 저성장 우려가 커지면서 경기만 놓고 보면 금리 인하를 시작해야 할 시점이었지만 가계부채 급증세를 더 고려한 결정이었다. 당시 대통령실에서 ‘아쉽다’는 언급이 나오고, 이 총재에겐 금리 인하 시점을 놓쳤다는 ‘실기론’ 꼬리표가 붙었다.그는 이날 간담회에서 수도권 집값 상승 속도 등을 고려할 때 “작년 8월보다 지금 걱정이 더 크다”고 강조했다. 당시 한은은 다음 금통위(작년 10월) 때 금리를 내렸지만 이번엔 인하 시점이 더 밀릴 수 있다는 점을 시사한 것으로 해석됐다. 지난달 정부가 발표한 6·27 부동산 대책에 대해서는 “과감한 정책을 발표한 것을 높게 평가한다”면서도 “집값이 안 잡히면 추가 대책을 내놔야 할 수도 있다”고 말했다.가계부채는 2개월가량 시차를 두고 증가세가 둔화할 것으로 전망했다. 이 총재는 “부동산 대책 발표 이후 주택 거래량이 줄었다”며 “두 달 정도는 앞서 거래량이 늘어난 영향으로 가계부채가 증가하겠지만 거래량 감소세가 이어지면 그 이후부터는 가계부채가 다시 줄어들 것으로 전망하고 있다”고 했다.이 총재는 이날 가계부채 관리를 위해 금융당국 조직 개편 시 한은이 비은행 부문 공동조사권 등을 확보할 필요가 있다는 견해를 밝혔다. 그는 “가계부채가 20년 넘게 줄지 않고 부동산 프로젝트파이낸싱(PF) 문제가 생긴 이유는 거시건전성 정책이 실제로 강하게 집행되지 않았기 때문”이라며 “거시건전성 정책과 통화 정책이 유기적으로 가야 하는데 그런 메커니즘이 없었다”고 지적했다.이 총재는 도널드 트럼프 미국 정부의 관세 부과 수준도 8월 금리 인하 여부를 결정할 중요한 변수로 언급했다. 미국이 예고한 상호관세 25%를 다음달 1일부터 부과한다면 경제성장률 전망치가 크게 하락할 수 있어 금융 안정 우려에도 불구하고 금리를 내려야 할 수 있다는 것이다.그는 “미국이 관세를 어떻게 하느냐에 따라 경제성장률 전망이 굉장히 많이 떨어질 가능성에도 대비해야 한다”며 “한국에 부과되는 관세뿐 아니라 한국 기업 생산공장이 있는 국가의 관세도 중요하다”고 말했다. 그러면서 “물가가 안정된 상황에선 성장과 금융 안정 중 어느 쪽에 우선순위가 있다고 보기 어렵다”며 “관세가 크게 올라가고 부동산 가격이 안 잡히면 금통위원들의 의견이 많이 갈릴 수 있다”고 설명했다.시장에선 이날 금통위 결과와 이 총재의 기자간담회 발언에 대해 비둘기파(통화 완화)적 요소가 많다고 평가했다. 가계부채와 집값을 경계하는 강력한 메시지가 많았지만 반대로 ‘집값만 안정되면 금리를 내릴 수 있다’는 신호로 읽은 시장 참가자가 많았다. 금통위원들의 3개월 내 포워드가이던스에서 네 명이 금리 인하 가능성을 언급한 점도 이런 평가에 영향을 줬다. 한 시장참가자는 “3개월 내 금리 인하 의견이 적어질 것으로 봤는데 5월 회의 때와 같은 숫자가 유지됐다”고 했다.강진규 기자 josep@hankyung.com",https://www.hankyung.com/article/2025071011231,2025.07.10 17:54
"공공기관 2차 이전 총력 대응대구광역시, ‘혁신도시발전위원회 간담회’",,"대구광역시는 9일 신용보증기금 중회의실에서 혁신도시 이전 공공기관 및 유관기관과 혁신도시발전위원회 간담회를 개최했다.이날 간담회에는 김정기 대구시장 권한대행 행정부시장, 변창훈 대구한의대학교 총장, 손태락 한국부동산원 원장 등이 참석해 공공기관 2차 이전 대응 및 지역 상생발전 방안 등을 논의했다.지난 13년간 대구광역시는 교통, 문화, 교육, 의료 등 다양한 사업을 추진하며 혁신도시의 정주 여건을 지속적으로 개선해왔다.대구한의대 병원 개원 및 혁신캠퍼스 개교, 대구한의대역 개통, 복합문화센터 개관, 동부소방서 이전 등으로 시민과 공공기관 종사자들의 만족도가 매우 높았으며, 어린이 특화 생활 SOC, 제2빙상장 건립, 제2수목원 조성, 안심하이패스 설치 등도 조만간 완료될 예정이다.1차 공공기관 이전으로 대구시도 청년 일자리 창출, 지역 물품 및 서비스 구매 증가, 지역산업 성장 등 다양한 분야에서 의미 있는 성과를 거뒀다.2020년부터 현재까지 지역인재 582명을 채용했으며, 2024년 기준 지역물품 구매 규모는 1287억 원에 달해 지역경제 활성화에 크게 기여했다. 특히, 혁신도시 내 일부 지역이 경제자유구역으로 지정돼 첨단의료복합단지 조성 등 전략산업도시로 성장했다.이러한 성과를 바탕으로 대구광역시는 새 정부 2차 공공기관 이전에도 선제적으로 대응하고자 민관 협의체 구성, 유치 홍보전략 등을 집중 논의하고, 유관기관과 긴밀히 협력키로 했다.새 정부 출범에 따라 대구시에서 수립한 대통령 지역공약계획도 함께 공유해 공약 실행에 힘을 모으기로 했다.참여기관은 ▲중소기업 및 소상공인 지원 펀드 확대(신용보증기금) ▲AX 실증산단 구축사업 신규 유치(한국산업단지공단) ▲사립대학 연계 학교복합시설 사업(한국사학진흥재단) ▲공공기관과 지역은행간 금융거래 확대(대구광역시) ▲혁신도시 상생마켓 운영(동구청) 등 다양한 상생 사업들을 제안하고, 구체적인 실행방안도 함께 논의했다.손태락 한국부동산원 원장은 “공공기관 2차 이전은 혁신도시 발전은 물론, 지역성장, 국가균형발전을 위해서도 반드시 필요하다”며 “관계기관과 긴밀히 협력해 대구광역시가 한 단계 더 도약할 수 있도록 아낌없이 지원하겠다”고 말했다.김정기 대구광역시장 권한대행 행정부시장은 “새 정부의 균형성장발전 전략인 공공기관 2차 이전은 지역에 큰 도움이 될 것”이라며 “대구시도 공공기관 유치에 총력을 다해 균형발전을 견인하는 핵심축이자 성장거점이 될 수 있도록 최선을 다하겠다”고 강조했다.오경묵 기자",https://www.hankyung.com/article/202507097804h,2025.07.09 15:28
"기업은행, 여신문화개선팀 등 신설",,"하반기 인사·조직개편 
                    




                 IBK기업은행이 15일 내부통제 강화, 미래 경쟁력 강화 등에 초점을 맞춰 하반기 인사와 조직 개편을 단행했다.  우선 대규모 부당대출 사고의 재발을 막기 위해 여신(대출) 관련 의사결정 체계를 검토·재설계할 '여신문화개선팀'이 신설됐고, 내부통제 분야 인력도 증원됐다.  정보기술(IT) 시스템의 재설계, 신기술 도입 등을 전담할 IT그룹 직속 'IT아키텍처팀'도 새로 구성됐다.  김성태 기업은행장은 ""쇄신 계획 이행을 통해 은행의 신뢰를 회복하고 가치금융을 성공적으로 마무리하기 위한 인사와 조직개편""이라고 설명했다.  /연합뉴스",https://www.hankyung.com/article/202507159995Y,2025.07.15 16:46
,,,https://magazine.hankyung.com/business/article/202507024797b,
"[마켓PRO] Today's Pick : ""미래에셋증권, 정상화된 이익 예상되나 다소 과도한 기대감""",,"※Today's Pick은 매일 아침 여의도 애널리스트들이 발간한 종목분석 보고서 중 투자의견 및 목표주가가 변경된 종목을 위주로 한국경제 기자들이 핵심 내용을 간추려 전달합니다.





👀주목할 만한 보고서 미래에셋증권 - 정상화된 이익 예상되나 다소 과도한 기대감📈목표주가 : 1만4200원→1만8000원(상향) / 현재주가 : 1만9380원투자의견 : 중립(하향) / SK증권[체크 포인트]=최근 가파른 주가 상승 등 영향으로 투자의견 중립을 제시=2분기 지배순이익은 2,789 억원(+40.3% YoY)로 컨센서스를 상회할 전망이다. 최근 거래대금 증가 등 양호한 유가증권 시장 환경으로 브로커리지/WM 수수료 개선을 전망하며 트레이딩도 대체로 양호할 것으로 예상된다. IB 도 PF 수익 회복 등 영향으로 전분기 대비 개선되는 모습을 기대한다. ROE 는 연율화 기준 약 9.1%를 전망=해외 부동산 관련 손실로 눌려있던 이익체력이 정상화될 것으로 기대되는 점은 긍정적이나 최 근 상법 개정 등 지배구조 이슈, 스테이블코인 상표권 출원 등 다소 막연한 기대감 영향으로 최근 동사 주가가 다소 가파른 상승세를 기록한 점을 감안했을 때 실질적인 이익체력 개선 추정치를 상회하는 과도한 기대감이 반영되고 있다고 판단.=주주환원 정책의 경우 기발표한 밸류업 공시 내용이 지속될 것으로 예상하며 추가적인 소각 등에 대한 기대감은 제한적이라고 판단한국전력 - 우호적인 요금정책 지속, 해외 원전건설 사업가치 재평가📈목표주가 : 4만원→4만9000원(상향) / 현재주가: 3만6900원투자의견 : 매수(유지) / 대신증권[체크 포인트]=상법 개정으로 ‘이사의 주주에 대한 충실의무’에 따른 전기요금 인상 가능성이 제기.=그러나 전기요금 정책으로 대주주인 정부와 소액주주의 이익의 방향성이 달라지는 것으로 간주되기 쉽지 않으며, 과거 소액주주들의 전기요금 인상 억제 관련 소송에서도 대법원은 “전기사업의 공공성상 정부의 일정한 통제 권한이 인정되며, 원가 미만 요금도 관련 법령에 부합”한다고 판결내렸던 점 등을 감안하면, 상법 개정이 전기요금 인상으로 이어질 것이라는 기대는 유효하지 않음.=다만, 1Q25 별도기준 차입금비율 401%, ‘38년까지 73조원의 전력망 투자 등을 감안 시 유가 및 환율 하향 안정화 속에서도 우호적 전기요금 정책은 지속 기대KB금융 - 은행주 밸류에이션 리레이팅 주도할 전망📈목표주가 : 12만원→14만7000원(상향) / 현재주가 : 11만2100원투자의견 : 매수(유지) / NH투자증권[체크 포인트]=2분기 지배순이익은 1조5,344억원으로 컨센서스 부합 예상. 전 분기 대비 대출성장 +1.3%, NIM -3bp으로 이자이익은 정체되겠지만 비이자이 익은 수수료 중심으로 견조할 예정. 경기 둔화에 따라 대손비용률은 51bp(+8bp y-y)로 상승 예상=주된 상향 근거는 정부의 자본시장 부양에 따른 주주환원 불확실성 축소를 반영해 할인율을 5%p 축소. 목표주가는 2025년 예상 BPS 149,356원에 타깃PBR 0.98배를 적용해 산출.=주주환원율 54%는 국내 은행주 사상 최대 수준인데다, 시장의 심리적 저항선으 로 여겨졌던 50%을 넘어선다는 데 큰 의미가 있음. 국내 대표 은행주로서 동사 뿐만 아니라 국내 은행주의 밸류에이션 리레이팅을 이끌 전망SK텔레콤 - 감익과 위약금 면제의 이중고📉목표주가 : 7만원→6만3000원(하향) / 현재주가 : 5만4400원투자의견 : 매수(유지) / 현대차증권[체크 포인트]=동사는 정부의 조사결과 발표를 수용하여 4월 18일부터 7월 14일까지의 기간 동안 약정 해지고객에게 위약금 전액을 면제하기로 공표. 아울러 기존 고객 리텐션 목적으로 8월 전 고객 이통 요금의 50%를 할인하기로 결정. 하반기에도 위약금 면제, 리텐션 비용, 과징금 등 대규모 불확실성이 남아 있는 상황으로 판단=2분기 실적은 매출액 43,918억원(YoY -0.7%), 영업이익 4,562억원(YoY -15.1%)으 로 컨센서스 OP를 11% 하회하는 부진한 실적이 예상됨. 탑라인 감소는 유심 해킹 사태에 따른 무선가입자 이탈 영향으로 이동전화수익이 1.7% 감소하는 점이 가장 큰 원인.=유선사업에서도 유무선 결합상품 가입자의 일부가 이탈한 것으로 파악됨에 따라 가입자 순감 및 탑라인 위축이 불가피할 전망. 유심 교체 비용은 약 500억원으로 추정되며 영업비 용에 반영될 예정. 매출 감소 및 사태 수습비용이 가중되며 영업이익은 두 자리수 감소로 예상됨맹진규 기자 maeng@hankyung.com",https://www.hankyung.com/article/202507071486i,2025.07.07 08:31
"죽다 살아난 대한조선 ""납기 한번 어긴 적 없어…신뢰가 생존 비결""","불황 이기는 人터뷰 - 왕삼동 대한조선 대표

국내 유일 '유조선 전문' 차별화
적자 탈출해 1500억 이상 이익

중국 저가 공세 위협적이지만
한국이 품질·연비·유지비 앞서

내달 상장으로 3000억 자금 수혈
셔틀탱커 등 새 먹거리 준비 중","왕삼동 대한조선 대표가 전남 해남조선소에서 현장 점검을 준비하고 있다.  대한조선 제공

                대한조선은 국가적 위기를 온몸으로 겪은 회사다. 1997년 외환위기 이후 법정관리에 들어갔고 2008년 글로벌 금융위기 여파로 두 번째 법정관리를 받았다. 그때마다 회사 주인이 바뀌었다. 이 회사 모태인 신영조선공업에서 2004년 대주그룹으로 넘어간 데 이어 대우조선해양(현 한화오션)과 산업은행 관리를 거쳐 2022년 국내 투자회사 KHI가 새 주인이 됐다.최대주주가 여러 번 교체되는 혼란을 겪는 가운데서도 이 회사는 두 개의 전통을 지켰다. 국내 유일의 유조선 전문 회사라는 차별성과 철통같은 선박 납기다. 왕삼동 대한조선 대표는 “회사가 망할 상황에 놓여도 납기를 한 번도 어기지 않았기 때문에 경영 위기에서도 20년간 고객을 잃지 않았다”고 강조했다. 1000억원대 손실을 내던 이 회사는 이런 신뢰를 바탕으로 KHI로 주인이 바뀐 지 2년 만에 1500억원 이상 이익을 내며 화려하게 부활했다. 실적 개선에 힘입어 다음달 유가증권시장 상장을 앞두고 있다. 다음은 왕 대표와의 일문일답.▷최근 중국의 저가 공세가 위협적입니다.“중국 선가가 한국보다 10% 이상 저렴한 것은 사실입니다. 하지만 해외 선사들은 선박을 20년 이상 운용해야 하는 핵심 자산으로 봅니다. 당장의 가격보다 품질과 납기, 장기적인 운영 효율을 중시합니다.”▷위기가 아니라는 얘기인가요.“대한조선은 경영 위기에서도 납기를 어긴 적이 단 한 번도 없습니다. 우리 고객사가 20년 넘게 유지된 배경입니다. 오랜 기간 신뢰가 쌓이면 불필요한 주문 변경이 없어집니다. 그 덕에 약속한 납기를 더 정확히 지킬 수 있게 되죠.”▷기술적으로는 어떻습니까.“엔진은 국내 대기업이 면허 생산한 것을 쓰고 있습니다. 같은 라이선스라도 한국 조선사에서 제작한 엔진 품질이 높습니다. 선박 설계, 이중 연료 배관·파이프라인 설계 등에서도 우리가 앞서고 있어요. 연비 효율에서 중국보다 하루 연료 소모량이 10%가량 적습니다. 유지보수 비용은 낮고 중고 선가는 더 높죠. 선박의 생애주기 전체 비용을 고려하면 저희 선박이 경제적이라는 평가를 받고 있습니다.”
                    




▷많은 위기를 극복한 비결은 뭔가요.“2012년 조선업 침체기 때부터 대한조선은 국내에 없던 중형 유조선 특화 조선소였습니다. 2013년엔 아프라막스(중량톤수 8만~12만t)급 원유 운반선에 집중 투자하며 선사들과 신뢰를 쌓았고 2019년엔 수에즈막스(12만~16만t)급으로 선종을 넓혔습니다.”▷‘선택과 집중’ 전략이 주효했네요.“그렇죠. 수많은 위기에서도 아프라막스·수에즈막스 원유 운반선의 기술력과 건조 역량을 지켜낸 게 핵심입니다. KHI도 당장의 재무 성과보다 내재적 가치에 주목한 것으로 압니다. 채권단 관리하에선 제약이 많은 설비 투자와 시스템 구축을 KHI 인수 이후 과감하게 실행으로 옮겼습니다.”▷올해 들어 세계 선가가 하락했습니다.“작년 말 도널드 트럼프 미국 대통령 취임을 앞두고 중국 조선소들이 관세에 대비해 선제적으로 저가 수주에 나섰습니다. 무역 갈등과 전쟁으로 해상 물동량이 위축되고 선사들도 잠시 지켜보는 분위기입니다.”▷조선업 불황 신호입니까.“아닙니다. 조선업의 ‘펀더멘털’은 견고합니다. 전 세계 원유 운반선 절반이 15년 넘은 노후 선박입니다. 국제해사기구(IMO)가 탄소 감축을 위한 로드맵을 정해놨는데 이를 충족한 선박은 운항 중인 선대의 10% 미만입니다. 이는 장기간 신조 발주 증가로 이어질 수밖에 없습니다. ‘구조적 업사이클’은 여전합니다.”▷친환경 선박 전망은 어떻습니까.“당장 2030년까지 2008년 대비 온실가스 배출량을 최소 20% 줄이고 2050년에는 0에 가깝게 만들어야 합니다. 하지만 암모니아, 수소 같은 완전 무탄소 연료는 아직 기술이 갖춰지지 않았습니다. 액화천연가스(LNG)와 벙커C유를 같이 쓰는 이중 연료 추진선을 ‘징검다리 연료’로 일반화한 이유입니다.”▷전기료 부담은 크지 않나요.“인수 이후 미세 관리 시스템을 도입했습니다. 데이터 기반으로 놓치기 쉬운 계정별 비용을 분석해 경비를 아꼈어요. 전력 사용 패턴을 파악해 부하를 분산하고 전력 피크 사용량을 넘지 않도록 관리하고 있습니다.”▷미래 먹거리는 있습니까.“지난해 중형 컨테이너선을 처음 만들었고 내년엔 셔틀탱커 건조에 들어갑니다. 셔틀탱커는 해상 유전에서 항구로 원유를 실어 나르는 선박입니다. 다이내믹 포지셔닝 시스템 같은 특수 장비가 필요해 일반 유조선 대비 선가가 최소 50% 비쌉니다. 2021년에 건조해본 경험이 있고요.”▷하반기 최대 기업공개(IPO)로 꼽힙니다.“최소 3000억원을 모집할 것으로 보고 있습니다. 이 중 1600억원은 작년 말 198%였던 부채비율을 올해 말 100% 아래로 낮추는 데 쓸 계획입니다. 1200억원은 설비 투자와 연구개발(R&D)에 투입할 겁니다. 나머지는 건조 과정에 필요한 운전 자금으로 활용하려고 합니다.”박진우 기자■ 왕삼동 대표는△1968년 광주광역시 출생△1995년 연세대 경영학과 졸업△1995년 대우조선해양(현 한화오션) 입사△2021년 한화오션 전략기획 상무△2022년 한화오션 경영기획실장△2024년 대한조선 대표이사",https://www.hankyung.com/article/2025071475471,2025.07.14 17:30
[사설] 美 관세 25% 맞고선 경제 회생 기대하기 어렵다,,"도널드 트럼프 미국 대통령이 어제 한국을 포함한 14개국에 25~40%의 국가별 상호관세를 적시한 서한을 보내 다음달 1일부터 이를 부과하겠다고 통보했다. 당초 9일(현지시간)부터 적용될 예정이던 상호관세 부과 시점이 3주가량 미뤄진 것은 그나마 다행이라고 할 수 있다.미국이 예정대로 25% 관세를 부과했다면 한국 수출은 치명타를 입을 수밖에 없다. 이미 올 상반기 대미 수출은 자동차(-16.8%)를 중심으로 전년 동기 대비 3.7% 감소했다. 일본 등 경쟁국들도 비슷한 수준의 관세를 맞는다면 한국의 피해가 크지 않을 것이라는 분석도 있는데, 이는 현실을 모르는 얘기다. 한국 기업은 미국 현지 생산 비중이 작을뿐더러 관세를 판매가격에 전가하기도 어려운 실정이다. 자동차만 보더라도 도요타는 미국 내 생산 비중이 56%지만 현대자동차·기아는 40%에도 미치지 못한다.관세 부과의 영향은 이미 주요 수출 기업의 2분기 실적에서 여실히 드러났다. 삼성전자의 2분기 영업이익은 4조6000억원으로 전년 동기 대비 55.9% 급감했다. LG전자 영업이익(6391억원) 역시 반토막(-46.6%) 났다. 미국은 10% 기본관세 외에 자동차(25%), 철강·알루미늄(50%)에 품목별 관세를 부과하고 있다. 지난달 23일부터는 가전제품에 쓰이는 철강 파생제품에도 50% 관세를 매기기 시작해 그 피해는 더 커질 것이다.수출이 우리 경제에서 차지하는 비중을 감안할 때 관세 부과의 영향은 더 심각할 수밖에 없다. 지난해 우리 경제 성장률(2.0%)에서 수출 기여도는 1.9%포인트로, 사실상 수출이 성장을 전적으로 견인했다고 해도 과언이 아니다. 한국은행과 한국개발연구원(KDI)은 올해 한국 경제가 0.8% 성장할 것으로 전망했다. “건설업 부진이 지속되는 가운데 대외 여건도 악화”(KDI)한 상황에서 고율의 상호관세마저 맞는다면 그야말로 한국 경제는 설상가상의 위기에 처할 수밖에 없다.정부는 남은 23일간 최대한 관세율 인하를 이끌어내는 데 총력을 기울여야 한다. 고위급 협상에서 의견차가 좁혀지지 않을 경우 조기에 한·미 정상회담을 열어서라도 상호 호혜에 입각한 협상 타결을 시도해야 한다. 예고된 25% 관세를 그대로 맞는다면 ‘제로 성장’의 늪에서 결코 벗어날 수 없다.",https://www.hankyung.com/article/2025070857191,2025.07.08 17:45
"신한금융, 집중호우 피해지역 복구를 위한 성금 20억원 전달","– 홍수 피해 확대에 따른 심각성 고려, 신속하고 실질적인 도움 통해 재난 피해 최소화 노력

– 신속한 피해 복구를 위해 주요 그룹사 동참, 다양한 금융/비금융 지원 예정","신한금융그룹(회장 진옥동)은 최근 전국에서 발생한 집중호우로 피해를 입은 주민들을 위해 20억원의 성금을 전달하고 그룹사가 뜻을 모아 종합금융지원을 실시한다고 18일 밝혔다.신한금융은 이번 성금 20억원과 함께 생필품 및 의약품 등으로 구성된 긴급구호키트와 구호텐트를 지원해 침수 피해를 입은 이재민들을 위한 긴급 생계 및 주거 지원, 공공시설 및 지역 인프라 복구 지원 등 다양한 형태의 실질적인 복구 지원을 전개할 계획이다.이와 함께 신한은행은 중소기업 및 소상공인을 대상으로 ▲최대 5억원의 신규 여신 지원 ▲만기연장과 분할상환금 유예 ▲신규·만기 연장 시 최고 1.5%p 특별우대금리 ▲개인대출 신규와 기 보유고객에게는 최고 1.5%p 금리 우대를 제공한다.신한카드는 ▲피해 고객의 카드대금을 6개월 후에 상환하도록 하는 ‘청구유예’ ▲유예기간 종료 후 6개월간 나눠 납부하도록 하는 ‘분할상환’을 지원할 예정이다.신한라이프는 ▲피해 고객의 보험료 6개월간 납부유예 ▲유예기간 종료 후 최장 6개월간 분할납부 ▲해당기간 동안 보험료 납부 여부와 관계 없이 정상적인 혜택 보장 등의 금융지원을 실시한다.신한금융 진옥동 회장은 “신한금융은 수해 등 예상치 못한 재난으로 매년 인명 ·재산 피해가 발생되는 상황을 고려해 지난해 7월 재난 피해 지원을 위한 상시 대응 체계를 구축했다”며, “이번 신속하고 체계적인 지원을 통해 피해 지역 주민들이 빠르게 안정을 되찾을 수 있도록 최선을 다하겠다”고 밝혔다.",https://www.hankyung.com/article/202507186635P,2025.07.18 10:29
,,,https://magazine.hankyung.com/business/article/202507098509b,
"'기업은행' 52주 신고가 경신, 전일 기관 대량 순매수",,"◆ 주체별 매매동향- 전일 기관 대량 순매수지난 한달을 기준으로 보면 기관이 303.5만주를 순매수한 반면, 외국인은 103.6만주를 순매도했고, 개인들도 150.7만주를 순매도했다. 같은 기간 이 종목의 거래 비중은 외국인과 개인이 각각 42.0%, 34.5%로 비중이 높다.더욱이 전일 기관이 대량 순매수를 하고 있어 투자자들의 관심이 집중되고 있다.[그래프]기업은행 외국인/기관 매매동향











◆ 최근 애널리스트 분석의견- 배당소득 비과세 기대는 충분히 반영 - 미래에셋증권, 중립07월 14일 미래에셋증권의 정태준 애널리스트는 기업은행에 대해 ""투자의견 중립 유지, 목표주가 20,000원으로 상향. 정책 기대감은 충분히 반영. 2분기 지배주주순이익은 컨센서스를 7.5% 하회하는 6,231억원을 예상""이라고 분석하며, 투자의견 '중립', 목표주가 '20,000원'을 제시했다.한경로보뉴스이 기사는 한국경제신문과 금융 AI 전문기업 씽크풀이 공동 개발한 기사 자동생성 알고리즘에 의해 실시간으로 작성된 것입니다.",https://www.hankyung.com/article/202507158389L,2025.07.15 09:14
[한경에세이] 실리콘밸리를 이기는 방법,박영훈 은행권청년창업재단 디캠프 대표,"실리콘밸리는 인류가 만들어낸 가장 강력한 혁신 시스템이다. 구글, 엔비디아, 테슬라 등 글로벌 테크 기업들이 이곳에서 탄생했고, 오늘도 전 세계에서 몰려든 창업가와 벤처 자본이 실패와 재도전을 거듭하며 미래를 만들고 있다. 기술 집적지를 넘어 인재·자본·문화가 유기적으로 결합된 살아 있는 생태계다.한국의 테헤란밸리도 주목할 만한 성장을 이뤘다. 스타트업 지놈은 최근 리포트에서 서울 창업 생태계를 세계 8위로 평가했다. 이 순위는 도시별이기 때문에 국가 단위로 보면 미국, 영국, 이스라엘, 중국에 이어 네 번째다. 정책 드라이브와 자금 투입이라는 정부 주도형 모델의 성공 사례로 꼽힌다.두 생태계는 높은 창업 열기와 우수한 인재, 기술 혁신을 지향한다는 공통점이 있다. 그러나 테헤란밸리는 더 성장해나가는 데 몇 가지 강력한 도전에 직면한 것이 현실이다.가장 큰 과제는 글로벌 역량 보완이다. 실리콘밸리의 창업자들은 처음부터 세계 시장을 겨냥한다. 회의실에선 다양한 악센트가 뒤섞이고, 국적보다 아이디어가 우선이다. “여기선 이력서보다 ‘다른 시각’을 더 높이 평가한다”는 말은 단지 수사적인 표현이 아니다. 에어비앤비는 초기부터 글로벌 시장을 타깃으로 다양한 사용자 피드백을 반영하면서 성장했다. 이에 비해 테헤란밸리는 글로벌 관점이 부족하고 해외 벤처 자본의 관심도 낮다역동성 부족도 문제다. 실리콘밸리에선 실패를 ‘다음 성공을 위한 베타테스트’라고 부른다. “아이디어가 떠오르면 바로 프로토타입을 만들고, 점심 전에 피드백을 받는다”는 말처럼 실행 속도도 빠르다. “출근길에 고속도로 출구를 잘못 나왔다가 다른 회사에 취직했다”는 농담이 있을 정도로 인재 유동성과 재도전 문화가 유연하다. 사업 실패 후에도 다양한 스타트업을 창업하며 혁신을 이어가는 페이팔 마피아가 대표적인 사례다. 반면 한국은 실패를 용인하지 않고, 인재 유동성과 재도전의 문턱도 높다. 사업에 실패했음에도 폐업도 못 하고 있는 ‘좀비기업’이 생태계의 큰 부담인 상황이다.자율성의 제약도 과제다. 실리콘밸리는 개인 엔젤투자부터 벤처캐피털, 기업형 벤처캐피털(CVC), 각종 연기금 등 자본의 종류와 출처가 다양하며, 개별 생태계 구성원의 자율적인 판단 그리고 그 결과의 총합으로 생태계의 건강이 유지되고 발전해왔다. 테헤란밸리는 공적 자금 의존도가 여전히 높다. 초기 성장 단계에서는 효과적이었지만, 지속 가능성과 글로벌 경쟁력 측면에서는 한계로 작용해 다음 단계로의 성장을 위해선 민간 주도 구조로의 전환이 필요하다.글로벌 지향성, 역동성, 민간 중심의 생태계 리더십은 테헤란밸리의 다음 성장 과제다. 우수한 인재와 강력한 배후 산업, 그리고 누구보다도 적극적인 정부를 가지고 있는 우리의 장점을 살리면서 이 과제들을 해결해 궁극적으로는 실리콘밸리와 어깨를 나란히 하는 글로벌 테헤란밸리를 보고 싶다.",https://www.hankyung.com/article/2025072251691,2025.07.22 18:04
"상위권 판도 흔드는 부천, 6경기 무패 질주","프로축구 K리그2 돌풍의 팀
충남아산과 홈경기서 5-3 승
공격수 몬타뇨 해트트릭 폭발
인천·수원 이은 3위로 점프","20일 경기 부천종합운동장에서 열린 프로축구 K리그2 21라운드 부천FC와 충남아산의 경기에서 부천 공격수 몬타뇨가 골을 터뜨린 뒤 팀 동료들과 기뻐하고 있다. 프로축구연맹 제공

                프로축구 K리그2(2부)에서도 구단 운영예산 하위권인 부천FC1995가 리그 상위권 판도를 뒤흔들고 있다. 6경기 무패(5승1무)를 내달리며 승격전의 발판이 될 플레이오프(PO) 진출 가능성을 키웠다. 부천은 20일 경기 부천종합운동장에서 열린 하나은행 K리그2 2025 21라운드 충남아산과 홈 경기에서 5-3으로 승리했다. 리그 6경기 및 컵대회 포함 7경기 무패행진을 기록한 부천은 승점 38(11승5무5패)로 전남드래곤즈(승점 37·10승7무4패)를 제치고 3위로 올라섰다. K리그2는 우승팀이 1부인 K리그1으로 자동 승격하고 2위는 K리그1 11위와 맞붙는다. 3, 4, 5위는 준플레이오프와 플레이오프를 통과한 승자가 K리그1 10위와 격돌한다. 지난해 프로축구연맹이 발표한 2024 K리그 연봉 공개에 따르면 부천은 작년 선수단 연봉으로 34억4932만원을 썼다. 이는 K리그2에서도 전체 10위에 해당하는 금액으로 부천보다 선수단 연봉을 적게 쓴 팀은 김포FC, 충북청주, 안산그리너스 등 세 팀뿐이었다. 지난 시즌 8위에 그쳤던 부천이 올해 돌풍을 일으키고 있다. 상대적으로 많은 예산을 쏟아붓는 기업구단인 전남, 부산아이파크, 서울이랜드 등을 제치고 K리그2 3위를 달리면서다. 부천은 지난달 2위 수원삼성, 1위 인천유나이티드에 차례로 패한 뒤 4연승을 내달렸다. 직전 라운드에선 김포와 비기며 흐름이 끊겼으나 이날 충남아산을 꺾고 다시 상승세를 이어갔다. 이날 경기에서 충남아산이 먼저 앞서갔다. 전반 2분 만에 정마호의 선제골이 터졌다. 그러나 갈레고-몬타뇨-바사니 스리톱을 앞세운 부천은 빠르게 전열을 가다듬었고 10분 뒤 바사니의 골로 승부를 원점으로 돌렸다.부천은 전반 막판 승부를 뒤집었다. 전반 추가시간 역습 상황에서 갈레로가 왼쪽 측면을 돌파한 뒤 중앙으로 패스했고 몬타뇨가 마무리하며 부천이 2-1로 앞선 채 전반을 마쳤다. 부천은 후반 시작과 함께 몬타뇨의 헤더 골로 충남아산과 격차를 벌렸다.충남아산의 배성재 감독은 후반 시작과 함께 한교원, 후반 8분 은고이를 차례로 투입해 경기 분위기를 뒤집었다. 후반 초반 공격 주도권을 잡은 충남아산은 후반 11분 김승호, 후반 14분 데니손의 연속골로 금세 동점을 만들었다.부천은 순식간에 동점을 허용했음에도 쉽게 무너지지 않았다. 막강한 스리톱을 앞세운 부천은 외국인 선수들의 호흡을 통해 다시 흐름을 가져왔다. 후반 20분 바사니의 스루패스가 몬타뇨와 골키퍼의 일대일 상황을 만들었고 페널티킥까지 얻어냈다. 키커로 나선 박창준이 강력한 슈팅으로 골망을 흔들었다.부천은 1분 뒤 몬타뇨의 골로 5-3으로 앞서갔다. 충남아산 수비진의 실수를 놓치지 않은 몬타뇨가 단독 돌파에 이은 왼발 슈팅으로 골문을 갈랐다. 해트트릭을 기록한 몬타뇨는 팬들의 기립박수를 받으며 미드필더 카즈와 교체됐다. 남은 시간 스코어를 지켜낸 부천은 이날 경기를 승리로 장식했다. 부천=서재원 기자 jwseo@hankyung.com",https://www.hankyung.com/article/202507200313i,2025.07.20 20:59
"현대차, 美 관세 우려 속 ‘보합권’…수급 전략 기대 신호도",,"현대차가 소폭 약세로 보합권에서 움직이고 있어 투자자들의 관심이 집중되고 있다.수급을 보면 외국인의 순매도 전환이 눈에 띈다. 최근 글로벌 관세 불확실성 확대와 맞물려, 외국인은 이날 현대차 주식을 소폭 매도 전환했다. 반면 기관과 개인은 변동성 축소 시점을 노린 저가 매수에 나선 것으로 분석된다.이날 시장 전반의 보합 흐름에는 미국의 자동차 관세 연장이 임박했다는 우려가 배경으로 작용했다. 분석가들은 “관세 민감도가 높은 종목군 중 하나인 만큼, 발표안 연기에 투자 심리가 일시적으로 위축된 것으로 보인다”며 “단기 실적보다 관세 관련 정책 변수에 더 민감한 상황”이라고 평가했다.그럼에도 증권사들은 “현재 현대차의 밸류에이션은 역사적 평균 대비 할인돼 있다”며 목표주가까지 추가 상승 여력은 존재한다고 판단하고 있다. 특히 미국·유럽·인도 등 주요 시장에서의 판매 회복과 하이브리드·전기차 모델 확대 전략이 내년 실적 반등을 견인할 것이라는 시각이 우세하다.기술적 분석 측면에서도 보합 내에서 거래량이 점차 축소되는 구간은 조정 완료 신호일 수 있다는 해석이 나온다. 이 구간이 마무리된 후에는 외국인과 기관의 재진입 가능성도 배제할 수 없다고 전문가들은 분석했다.태웅, 기업은행, 파라다이스, 효성중공업, 더즌무료상담",https://www.hankyung.com/article/202507084300a,2025.07.08 12:33
'실적 괴물' TSMC가 찜했다…수원 '반도체 맛집' 가보니 [윤현주의 主食이 주식],,"반도체 디자인 솔루션 강자에이직랜드 수원 본사를 가다이종민 대표, 기업 청사진 제시“칩렛 등 차세대 반도체 설계시장 선도대만 공략 이어 美 2027년 본격 진출2028년 시가총액 1조 기업 자신이익 안정화 땐 주주친화 카드 쓸 것”백문불여일견(百聞不如一見). 백 번 듣는 것보다 한 번 보는 게 낫다는 말이다. 가짜뉴스 홍수 속 정보의 불균형을 조금이라도 해소하기 위해 주식 투자 경력 18년 11개월의 ‘전투개미’가 직접 상장사를 찾아간다. 회사의 사업 현황을 살피고 경영진을 만나 투자자들의 궁금증을 해결한다. 전투개미는 평소 그가 ‘주식은 전쟁터’라는 사고에 입각해 매번 승리하기 위해 주식 투자에 임하는 상황을 빗대 사용하는 단어다. 주식 투자에 있어서 그 누구보다 손실의 아픔이 크다는 걸 잘 알기에 오늘도 개인투자자 입장에서 기사를 쓴다. <편집자주>




경기도 수원시 영통구 대학4로 25에 위치한 에이직랜드 본사. 수원=윤현주 기자

                “4차 산업혁명의 핵심인 반도체에서 신규 계약들이 잇따라 체결되고 있습니다. 칩렛(chiplet) 및 AI(인공지능) 자동화 기반 플랫폼 전환을 통해 차세대 반도체 설계시장을 선도하겠습니다.”이종민 에이직랜드 대표(1974년생)는 지난 11일 기자와 만나 신성장동력에 대해 이같이 밝혔다. 이 회사는 세계 최대 파운드리(반도체 위탁생산) 기업 대만 TSMC의 국내 유일 칩 설계 파트너(VCA·Value Chain Alliance)인 코스닥 상장사다. TSMC VCA는 8곳이지만 사실상 4곳이 활동 중이다. 에이직랜드는 고객사가 원하는 칩을 대신 설계해 TSMC 반도체 공장에 생산을 넘기는 디자인하우스 업체다. 본사는 경기도 수원시 영통구 대학4로 25에 있다.2016년 4월 5일 설립된 에이직랜드는 글로벌 최대 IP(지식재산) 기업 Arm의 공식 파트너사기도 하다. ‘반도체 디자인 솔루션 강자’로 2019년 국내 최초 고대역대 5G RF(무선통신)칩 개발 완료 후 양산을 시작했고 2020년엔 국내 최초 AI 반도체를 개발했다. 2022년 대한민국 기업대상 R&D(연구개발) 혁신 분야 대상을 받았고 작년 하반기 대만 현지 법인(R&D·디자인 센터)을 세워 글로벌 영토를 넓히고 있다. 2027년엔 미국 반도체 시장을 본격 공략한다. 사업 영역은 주문형 반도체 디자인 서비스와 시스템 온 칩 제품 개발이다. 
                    



김대현(왼쪽), 고병환 프로가 로직 분석을 하고 있다. 수원=윤현주 기자

                아직 창립 10년이 안 됐지만 베테랑(15년 이상) 설계 엔지니어 비중이 높다. 약 250명의 임직원 중 200명이 엔지니어로 인력의 80%가 기술 인재다. 이들은 반도체 설계부터 웨이퍼 생산, 패키지&테스트, 품질 및 신뢰성 관리와 공급망 관리를 도맡는다. SK하이닉스, 파두, 딥엑스, 모빌리언트 등 70여개사와 거래하며 AI·메모리 등 최적의 디자인 솔루션을 제공한다. 경쟁사로는 가온칩스와 에이디테크놀로지가 있다.
                    



박혜림(왼쪽), 조현근 프로가 회사 CI를 소개하고 있다. 수원=윤현주 기자

 이종민 대표 “올 사상 최대 매출 1000억 돌파하겠다”이 대표는 “SK하이닉스 5나노 CXL(컴퓨트익스프레스링크) 개발, 딥엑스 고성능 AI 반도체칩 개발, 수퍼게이트 AI VPU(Vision Processing Unit) 개발 계약 등으로 올해 사상 최대 매출인 ‘1000억원 클럽’에 가입하겠다”고 말했다. 이어 “대만 현지 법인 2나노, 3나노 공정 설계 및 첨단 패키징 엔지니어 보강으로 대만 팹리스 3나노 공정과 뉴로모픽(뇌 모방 반도체) 등에서 신규 수주를 기대하고 있다”고 덧붙였다. 
                    



이종민 에이직랜드 대표가 새 먹거리에 대한 사업 설명 후 자신감 있는 포즈를 취하고 있다. 수원=윤현주 기자

                특히 고마진 정책을 위한 칩렛 플랫폼 개발에 속도를 내고 있다. 칩렛은 반도체를 작은 조각(칩)으로 나눠 이를 조립해 하나의 반도체처럼 만드는 기술이다. 공정 기술에선 다수의 다이를 단일 패키지로 통합해 대규모 칩 개발이 가능하고, 미세 수율에선 다이 크기를 줄이고 개체 수를 늘려서 수율 향상이 용이하다. 꼭 필요한 부분만 미세 공정 가능한 것도 장점이다. 예를 들면 웨이퍼 한 장에 기존 반도체 칩이 가로 2.5㎝, 세로 3㎝의 크기로 70개 정도 들어갔다면 파티클(대규모 집적 회로의 제조 공정이나 전자 부품의 정밀 공정에서 문제가 되는 미세 먼지)이 10개 정도 발생할 경우 수율이 낮아질 수 있는데 칩렛을 기존 칩보다 4분의 1 크기로 만들고 연결하면 파티클이 떨어져도 작은 면적만 교체해 수율을 높일 수 있다. 
                    



최서윤 프로가 타이밍 체크를 하고 있다. 수원=윤현주 기자

                웨이퍼 수만 장의 경우 반도체사 입장에선 비용 절감과 수율 향상, 에이직랜드의 입장에선 고마진을 남길 수 있는 것이다. 그는 “칩렛 재사용 기반의 모듈형 설계 전략은 설계 효율과 양산성을 향상시키고 고객 확장성을 제고할 수 있는 이점이 있다”고 설명했다. 실제 미세공정 한계 돌파 대안으로 칩렛이 부상하고 있다. AMD(어드밴스드 마이크로 디바이시스), 인텔, 애플 등 글로벌 기업에서 적극 도입 중인데 2033년까지 약 156조원 시장이 될 것으로 보고 있다. 
                    



이진구 팀장(왼쪽)과 이언식 프로가 케이스 스터디를 하고 있다. 수원=윤현주 기자

“맞춤 AI 반도체 시장 공략” … 2030년 800억달러 전망또 “데이터센터와 엣지향 AI 반도체 수요가 확대됨에 따라 수요처별 맞춤 AI 반도체 시장을 공략하겠다”고 강조했다. 실제 1분기 기준 전체 수주잔고 중 47.8%가 AI 반도체 부문이었다. 엣지향 AI는 자율주행·드론 등 AI 서비스에 특화된 AI 칩을 뜻한다. 데이터를 클라우드나 서버에 올리지 않고 디바이스 내에서 처리하기 때문에 데이터 전송 비용 절감과 보안성 강화, 실시간 응답 속도 향상 등의 이점이 있다.  
                    



직원들이 그룹 주간회의를 진행하고 있다. 수원=윤현주 기자

                한편 첨단 패키징 시장은 AI와 HPC(슈퍼컴퓨터) 수요 폭발로 고공행진 하고 있다. 리서치앤마켓(시장조사업체)에 따르면 글로벌 첨단 패키징 시장은 2025년 약 348억달러(47조8700억원)에서 2030년 480억달러 규모로 커질 전망이다. 특히 AI 반도체 시장은 같은 기간 800억달러 이상으로 성장할 것으로 예측돼 첨단 패키징 수요를 직접적으로 견인할 것으로 보고 있다.대만 법인(임직원 10명)의 선단 기술력을 바탕으로 글로벌 공략 강화를 노린다. 이 대표는 “아시아 반도체 중심지에서 기술 고도화 및 R&D 역량을 확장하고 대만 현지 영업 기반을 바탕으로 자생적 사업 구조를 마련했다”고 말했다. 이어 “대만 법인을 기반으로 아시아 영업을 확대하고 2027년엔 미국 사업 본격화 닻을 올리겠다”고 덧붙였다.  
                    



이경준 팀장이 그룹회의를 주관하고 있다. 수원=윤현주 기자

                세계반도체무역통계기구(WSTS)에 따르면 한국 반도체 글로벌 점유율은 2024년 18%에서 2030년 21%로 확대될 전망이다. AI 확산에 따른 AI 반도체 수요 증가 및 메모리 컨트롤러 시장 확대를 기대하는데 한국은 메모리 반도체(HBM, 낸드플래시)에서 세계 시장을 선도하고 있기 때문이다. 메모리 반도체를 생산하는 SK하이닉스와 TSMC의 협력이 가속화되면서 TSMC 국내 유일 VCA이자 SK하이닉스의 개발 파트너사인 에이직랜드의 성장이 기대되는 대목이다.  
                    



김준호 영업본부장이 웨이퍼를 소개하고 있다. 수원=윤현주 기자

                이 대표는 “메모리에서 파생된 비메모리 반도체 시장도 중요하다”고 강조했다. 그는 “삼성전자·SK하이닉스를 필두로 한국은 메모리 반도체에서 세계 1등인데 시스템 반도체에선 중국과 대만에 치이고 있다”며 “중국처럼 정부의 파격 지원금으로 반도체 생태계 지원사격이 절실하다”고 덧붙였다. 그는 “중국은 적자를 보고 제품을 팔아도 정부가 보전해 줘 원가 경쟁력이 생기고 글로벌 시장 지배력이 점점 높아지고 있다”며 “한국은 제품을 잘 만드는데 인건비 등 원가 경쟁력이 떨어져 기술 격차도 점점 비슷해지고 있는 실정이다”고 분위기를 전했다. 이어 “정부가 AI와 로봇에서 시야를 넓혀 ‘레거시 먹거리’ 반도체도 살펴봤으면 좋겠다”고 바람을 전했다.  매출 4년 만에 4배 증가 … 작년 이어 올해도 적자는 불가피에이직랜드는 몸집을 불리고 있다. 2020년 매출 236억원에서 작년 941억원으로 4년 만에 4배 증가했다. 영업이익은 2022년 114억원으로 사상 최대를 기록했지만 작년 170억원의 손실을 냈다. 그 이유를 묻자 “반도체 디자인 하우스는 우수 인력이 중요하다”며 “작년 신규 인력을 100명 넘게 채용했고 신사옥 이전(2024년 4월)과 업계 간 경쟁 치열로 빨간불이 켜졌다”고 해명했다. 고연봉인 엔지니어 비중이 높고 반도체 업황 둔화로 올해도 적자가 불가피해 보인다. 1분기엔 매출 157억원, 영업손실 79억원의 성적표를 제출했다. 
                    



이석용 글로벌전략본부장이 해외 지사를 소개하고 있다. 수원=윤현주 기자

                다만 “대만과 미국 팹리스 신규 고객사 확보 노력과 엣지 AI 및 메모리 반도체(CXL·SSD 컨트롤러) 개발 완료 및 양산 셋업 완료로 내년 2분기부터 흑자 전환이 가능할 것 같다”고 자신했다. 이어 “2027년 미국 본격 진출, AI·메모리·IoT(사물인터넷)·뉴로모픽 등 주요 제품 양산 모델을 확립할 수 있다”고 덧붙였다. 그는 “2028년엔 매출 3000억원, 영업이익 200억원에 도전하겠다”고 목소리를 높였다. 
                    



에이직랜드 주가 월봉 그래프 캡처.

                작년 대규모 적자에도 주가는 견조한 움직임이다. 13일 한국거래소에 따르면 주가는 3만2850원으로 석 달 전(4월 9일 2만4200원)보다 35.74% 올랐다.TSMC와 Arm과의 끈끈한 파트너십을 기반으로 사업을 운영 중인 점이 투자자들의 관심을 사고 있다. 현재의 실적보다는 미래 성장성에 베팅을 한 것이다. 작년 말 기준 개인투자자는 약 4만명 정도다.
                    



이상평 프로가 디자인 컴파일러 결과 리포트를 확인하고 있다. 수원=윤현주 기자

                에이직랜드의 공모가는 2만5000원이었는데 여전히 공모가 위에 주가가 형성되어 있다. 상장 후 차익 매물이 나오는 다른 새내기주와 비교하면 양호한 것이다. 기업공개 때 기관 수요예측에선 피델리티매니지먼트리서치(FMR), 아부다비투자당국(ADIA), 블랙록(Blackrock) 등 해외 대형 펀드까지 몰렸었다. 당시 참여 기관 수는 1906개, 경쟁률은 490 대 1이었다. 일반 청약 경쟁률은 759.88 대 1로 청약 증거금은 약 6조3000억원이 모였다. 
                    



임수진, 김형욱, 심성우 프로가 에이직랜드의 수상 이력을 소개하고 있다. 수원=윤현주 기자

 “내년 이익 안정 땐 자사주 매입과 소각 … 배당도 긍정 검토”4만명의 주주들을 위한 주가 부양책을 묻자 “내년 이익이 날 경우 자사주 매입과 소각을 검토하겠다”고 답했다. 이어 “실적 안정화 땐 배당 또한 긍정 검토하겠다”고 덧붙였다. 그는 “직원들이 500~600명 정도 되면 기술 경쟁력이 그만큼 높아진다”며 인력 투자에 멈추지 않겠단 신호를 보냈다. 총 주식 수는 1087만1660주로 이 대표(지분 23.67%) 외 특수관계인 3인이 지분 38.08%를 보유한 최대주주다. 외국인 지분율은 0.59%로 유통 물량은 사실상 60% 정도다. 1분기 기준 현금성 자산(단기금융상품 포함) 377억원, 유형자산 499억원 있다. 시가총액(3571억원)의 4분의 1 정도다. 
                    



최상규(왼쪽), 신호영 프로가 아이디어 회의 중 미소를 띠고 있다. 수원=윤현주 기자

                투자 긍정 요인으로는 글로벌 팹리스 회사 60%가 TSMC를 찾는 만큼 ‘톨게이트’ 역할에 해당하는 에이직랜드의 실적도 우상향할 수 있는 것이다. 또 AI 반도체 등 정부 과제를 통한 기술력 검증 및 자금 확보와 AI, 데이터센터, 메모리 컨트롤러 등 고성장 분야의 사업 포트폴리오를 구성해 퀀텀점프가 가능하다.다만 반도체 업황 사이클에 밀접하게 관련되어 있고 반도체 칩 개발 특성상 바로 결과물이 나오는 게 아니라 최소 2년은 지켜봐야 한다는 것이다. 설령 칩을 개발했다고 해서 어느 정도 양산을 할 수 있는지 미지수이기 때문에 확률 싸움에서 유리한 고지를 점하는 것도 숙제다. 또 환율과 고객사 일정 지연 등 외부 변수에 취약한 것도 변수다. 
                    



김영표 프로가 FPGA(현장 프로그래머블 반도체)에 I2C 회로가 포함된 비트스트림을 프로그래밍하고 있다. 수원=윤현주 기자 

 “K반도체 자존심 될 것 … 2028년 시가총액 1조 목표”이 대표는 “TSMC 글로벌 파트너로서로 K반도체(시스템 반도체)의 자존심이 되고 싶다”며 2028년 시가총액 1조원 기업으로 성장하겠다”고 선언했다. 회사를 다섯 글자로 압축해 달란 부탁엔 “단하나의길”이라며 “TSMC로 가기 위한 국내 유일 반도체 디자인 하우스로서 설계·기술 경쟁력을 계속 강화하겠다”고 답했다.
                    



에이직랜드 본사 직원들에 업무에 매진하고 있는 모습. 수원=윤현주 기자

                광운대 전자공학과를 졸업한 이 대표는 2003년 SK하이닉스 연구원으로 입사했다. 비메모리 기업 매그나칩 분사(2004년)로 2년만 근무했다. 2005년 버추얼다임 책임연구원으로 이직 후 2009년 휴먼칩스 수석연구원, 2012년 다윈텍 수석연구원을 거쳤다. 공교롭게도 다니던 회사들의 사업부가 없어지거나 비즈니스 모델이 바뀌는 경우를 자주 경험하자 2015년 동료들과 회사를 차리기로 결심했다. 다만 목돈이 없어 이른바 ‘쩐주’에게 4억원을 투자받아 지분 70%를 주고, 동료 40명이 지분 30%를 나눠갖기로 했다. 그렇지만 경영 악화로 금세 문을 닫았다.  
                    



정현우(왼쪽부터), 이태훈 프로와 이진구 팀장이 케이스 스터디를 하고 있다. 수원=윤현주 기자

                동료들과 상생 방안을 찾던 중 집을 월세로 돌려 창업 자본금 5000만원을 마련한 뒤 2016년 4월 에이직랜드를 세웠다. 당시 직원 2명과 함께했는데 첫해 매출만 14억원을 올렸다. 반도체 설계 기술력을 인정받은 덕분이다. 특히 까다로운 TSMC의 신임을 얻기 위해 2017년 전 직원의 80%가 대만으로 날아가 민박집을 잡고 짧게는 2개월, 길게는 1년6개월의 타국 생활을 하며 반도체 설계에 매달렸다.기술력과 성실함을 무기로 결국 TSMC의 강력한 파트너가 됐다. 고난과 역경이 많았을 것 같다고 묻자 “엔지니어 출신이라 회계를 잘 몰라서 대표직에 오를 때 공부를 많이 했고, 2017년엔 저신용자가 되면서 은행 대출도 못 받는 신세였다”고 회상했다. 이어 “2017년엔 저와 일한 동료들이 한국서 월급 1000만원 받을 수 있는데도 대만서 700만원 정도를 받으며 근무했다”며 “동료들의 헌신 덕에 에이직랜드라는 회사가 고속성장할 수 있었다”고 직원들에게 감사를 전했다. 
                    



최유경, 한승희 프로가 멘토링 활동을 하고 있다. 수원=윤현주 기자

 “아파트 한 평에 매달리지 말고 한 우물 파라”845억원 주식 부자인 그에게 청춘들을 위한 인생 조언을 부탁하자 “20대 직원들은 100세 시대를 직접 경험할 수 있을 것이다”며 “속도가 아닌 방향에 집중해야 한다”고 답했다. 그는 “무언가를 빨리 성취하기 위해 진로를 쉽게 바꾸는 경향이 있는데, 반도체도 인생도 방향을 잘 설정해야만 세월의 속도만큼 전문 경력이 쌓인다”고 조언했다. 그는 “현재 월 100만원, 200만원 차이가 길게 보면 아파트 한 평 정도 차이에 불과하다”며 “한 우물을 파면 세상이란 넓은 무대를 더 높은 위치에서 누빌 수 있다”고 자신했다. 단기 성과에 급급해 아파트 한 평을 얻으려다가 큰 그림을 못 그리는 걸 우려한 것이다.      주주들에겐 “한국이 반도체 강자인 이상, 에이직랜드의 미래는 밝다”며 “인력에 대한 투자로 실적이 잠시 저조할 수 있지만 미래를 위해 체력을 기르는 단계인 만큼 향후 고속성장을 보여주겠다”고 말을 마쳤다. 
                    



박재우 프로가 PnR 세미나 준비를 하고 있다. 수원=윤현주 기자

                조수헌 한국투자증권 연구원은 “올해 실적은 보수적이지만 신규 개발과제 수주, 대만 R&D 센터에서 대만 팹리스 관련 용역 과제(3나노) 수주 이벤트가 남아있다”며 “국내 디자인하우스 중에서 3나노 과제를 수행한 업체가 아직 없기 때문에 레퍼런스 축적은 매우 긍정적일 것이다”고 분석했다. 2026년 매출 1700억원, 2029년 매출 2900억원을 예상했다. 이어 “디자인하우스의 경쟁력은 수주 레퍼런스에서 나오고, 본격적인 성장은 양산 매출이 있어야 한다”며 “양산 매출의 가시성은 고객사 규모와 비례하기 때문에 대기업, 빅테크와 협업 여부가 중요하다”고 설명했다. 그는 “국내 디자인하우스 중 유일하게 대형 고객사를 확보했고 AI뿐만 아니라 메모리 관련 레퍼런스도 많아 투자 긍정 의견을 유지한다”고 덧붙였다. 현지 실적보다는 미래 성장성에 무게를 둔 것이다. 
                    




'1500만 개미'와 함께 달리겠습니다. 여러분의 주식 계좌가 빨간불이 되는 그날까지 재미있는 종목 기사 많이 쓰겠습니다. 아래 기자 페이지에서 윤현주 기자 구독과 응원을 눌러 주시면 기사를 매번 빠르게 확인하실 수 있습니다.수원=윤현주 기자 hyunju@hankyung.com",https://www.hankyung.com/article/202506308607i,2025.07.13 07:00
"""블랙핑크 리사도 샀대"" 입소문에…돈 쓸어담더니 '잭팟'","'라부부' 열풍 확산
中 팝마트 ""상반기 매출 200% 오를듯""

블랙핑크·베컴·리애나도 구매
""순이익 1년전보다 350% 늘것""","사진=리사, 로제 SNS

                중국 완구업체 팝마트가 간판 캐릭터 라부부의 글로벌 흥행에 힘입어 올해 상반기 순이익이 1년 전보다 최소 350% 급증할 것으로 전망된다고 공시했다. 매출도 같은 기간 200% 이상 늘어날 것으로 예상했다.팝마트는 지난 15일 홍콩증권거래소에 제출한 공시에서 “브랜드와 지식재산권(IP)의 글로벌 인지도가 높아지고 제품군이 다양해진 점이 주요 성장 동력으로 작용했다”며 이같이 밝혔다. 이어 “모든 지역 시장에서 매출이 빠르고 지속적으로 증가하고 있다”고 덧붙였다.
                    






이미지 크게보기



                팝마트의 해외 시장 급성장은 지난해 라부부 시리즈가 아시아에서 선풍적 인기를 끌며 시작됐다. 라부부는 홍콩 출신 아티스트 카싱 렁이 창작한 캐릭터다. 이빨이 달린 요정의 모습을 하고 있다. 안에 어떤 종류의 라부부가 들어있는지 미리 알 수 없는 ‘블라인드 박스’ 형태로 판매된다. 희귀한 버전은 웃돈이 붙어 거래되기도 한다. 블랙핑크 리사와 태국 왕실 구성원이 팬으로 알려지며 큰 인기를 얻었다. 올해 4월 서구 시장에 출시된 3세대 제품 역시 리애나와 데이비드 베컴 가족이 구매해 화제를 모았다.라부부 인기 등에 힘입어 팝마트 주가는 올해 들어 89.65홍콩달러에서 246.4홍콩달러로 174% 상승했다. 지난해 343% 뛴 데 이어 올해도 급등세가 이어진 것이다. 회사 측은 “테마파크를 리테일 실험공간으로 활용해 IP 생명주기를 늘리고, 다양한 제품군으로 소비층을 확대해 나가겠다”고 밝혔다.시장에서는 팝마트가 여전히 성장 여력이 있다고 보고 있다. 이날 공시 이후 주요 투자은행은 목표주가를 잇달아 상향 조정했다. 노무라는 목표주가를 기존 291홍콩달러에서 330홍콩달러로 13% 올렸다. 제프리스는 55%나 높인 315.20홍콩달러를 제시하며 ‘매수’ 의견을 유지했다.팝마트의 성공은 단순한 완구회사를 넘어 콘텐츠·플랫폼 기업으로의 변신 가능성을 보여주는 사례로 평가받는다. 애니 링 제프리스 애널리스트는 “팝마트의 IP는 블라인드박스뿐 아니라 게임, 영화, 기타 상품군 형태로 확장될 수 있다”고 분석했다.이혜인 기자 hey@hankyung.com",https://www.hankyung.com/article/2025071626921,2025.07.16 17:20
"SK·두산, PRS 발행 전면 재검토…대기업 자금조달 '신중 모드'","증권사 'PRS=대출'로 평가하자
기업들, 부채로 회계처리 우려
금융당국 판단 전까지 발행 자제","▶마켓인사이트 7월 7일 오후 3시 24분SK와 두산, 신세계그룹 등 대기업들이 주가수익스와프(PRS·price return swap)를 활용한 자금 조달을 전면 재검토하고 있다. 증권사가 PRS를 자산(파생상품)이 아니라 대출로 평가하면서 기업 내부에서 회계 처리 방식에 대한 혼선이 커지고 있기 때문이다. 이들은 금융당국과 회계기준원이 명확한 회계 기준을 제시하기 전까지 PRS를 통한 자금 조달을 자제한다는 방침이다.▶본지 6월 26일자 A1, 3면 참조





                7일 투자은행(IB)업계에 따르면 SK그룹 계열사인 SK이노베이션은 자회사 SKIET와 SK온 지분을 기초로 한 PRS 계약으로 자금을 조달할 계획이었지만 일정을 잠정 중단했다.두산그룹도 PRS 발행을 계획했다가 최근 재검토에 들어갔다. 과거 PRS를 활용한 경험이 있는 신세계그룹도 회계 처리를 두고 고심하고 있다.PRS는 계약 만기 시 주가가 기준가보다 낮거나 높으면 서로 손실 및 차익을 물어주는 파생상품이다. 대기업들이 부채 비율을 높이지 않고 급전을 조달하는 수단으로 적극 활용했다. 롯데케미칼 이마트 SK이노베이션 등은 지난해부터 올해 상반기까지 PRS를 통해 약 5조8000억원을 조달했다.최근 회계법인과 회계기준원 등에서 PRS를 파생상품이 아니라 대출로 평가할 수 있다는 판단이 나오자 SK그룹 등은 계획을 전면 재검토하고 있다. 증권사는 대출로 인식하는데 발행사는 차입금이 아니라 파생상품으로 회계 처리하는 구조가 회계 논리에 맞지 않는다는 지적 때문이다. IB업계 관계자는 “대기업이 PRS를 활용한 대규모 자금 조달을 추진하다가 최근 움직임이 한풀 꺾인 분위기”라며 “자회사 지분을 활용한 PRS 계약을 검토하던 여러 기업의 문의가 이어지고 있다”고 했다.기업 입장에서 PRS가 차입금으로 분류되면 자산건전성은 직격탄을 맞는다. 회계상 부채가 늘어나기 때문이다. 유동성 확보를 위해 선택한 PRS가 오히려 기업 신용도에 부정적 영향을 줄 수 있다는 지적이 나온다. 기업의 단기 자금 조달 통로가 막힐 가능성도 제기된다.기업들은 금융위원회와 회계기준원의 명확한 회계 처리 기준 제시를 기다리고 있다. 최종 판단까지는 다소 시간이 걸릴 것으로 보인다. PRS 계약 구조가 기업마다 달라 일괄적인 기준 적용이 어렵기 때문이다. 증권업계 관계자는 “PRS 계약이 차입금으로 인식되면 검토 중인 자금 조달 방안은 모두 무산될 수 있다”며 “이에 대비해 새로운 자금 조달 계획을 세우고 있다”고 말했다. 회계업계 관계자는 “회계기준원은 과거 총수익스와프(TRS)와 마찬가지로 PRS도 특별한 근거가 없으면 부채로 인식해야 한다는 의견이 지배적”이라고 했다.배정철 기자 bjc@hankyung.com",https://www.hankyung.com/article/2025070732041,2025.07.07 18:05
"월가, 트럼프 해임압박에 파월 대응 주목 [뉴욕증시 주간전망]","22일(현지시간) 파월 의장 공개 연설 예정
22일 코카콜라, 23일 알파벳, 24일 테슬라 실적 발표","사진=AFP

                뉴욕증시는 이번 주(21~25일) 제롬 파월 미국 중앙은행(Fed) 의장의 발언과 함께 고용, 소비 관련 지표들이 연달아 발표되며 그 다음 주에 있을 Fed의 연방공개시장위원회(FOMC) 정례회의의 결과를 가늠할 수 있을 것으로 예상된다.22일(현지시간) 오전에는 파월 의장이 은행 콘퍼런스에서 공개 연설을 통해 향후 통화정책에 대한 힌트를 제시할 예정이다. 특히 최근 도널드 트럼프 미국 대통령이 해임 압박을 가하고 있는 가운데 파월 의장이 이에 대해 어떤 반응을 내놓을지 주목된다.월가에서는 트럼프 행정부의 파월 의장에 대한 압박에 대해 부정적이다. 제이미 다이먼 JP모간체이스의 최고경영자(CEO)도 최근 “중앙은행의 독립성은 절대적으로 중요하다”며 “Fed를 갖고 장난치는 것은 역효과를 낳을 수 있으며, 기대했던 것과는 정반대의 결과를 초래할 수 있다”고 경고했다.한편 23일에는 6월 ‘기존주택 판매 지표’가 발표되며, 이는 미국 부동산 수요 흐름과 금리 민감도를 가늠할 수 있는 단서가 된다. 실제 매매 계약을 마치고 소유권 이전이 완료된 건수를 측정하는 지표다. 실제 매매 계약을 마치고 소유권 이전이 완료된 건수를 측정한다.24일에는 주간 실업수당 청구 건수와 함께 7월 S&P 글로벌 서비스업 PMI 예비치가 발표된다. 이날 오전 10시에는 6월 신규주택 판매 건수도 공개된다. 25일에는 내구재 주문 지표가 발표되는데 이는 기업의 투자심리를 반영하는 핵심 선행지표다.주요 기업의 실적 발표도 예정돼 있다. 미국 동부 시간 기준 코카콜라가 22일 장 시작 전 실적을 공개한다. 구글의 모회사 알파벳은 23일 장 마감 후 실적을 내놓는다. 테슬라는 24일 마감 뒤 실적을 발표한다.뉴욕=박신영 특파원 nyusos@hankyung.com",https://www.hankyung.com/article/202507209132i,2025.07.20 05:25
"[포토] NH농협은행, 소상공인 금융지원 업무협약식",,"강태영 NH농협은행장, 이순배 중소벤처기업부 글로벌성장정책관, 송치영 소상공인연합회장, 원영준 신용보증재단중앙회장, 오기웅 중소기업중앙회 상근부회장이 15일 서울 마포구 중소기엄DMC타워에서 열린 '지역경제 활성화를 위한 소기업·소상공인 금융지원 업무협약식'에서 협약식 서명을 마친 뒤 참석자들과 기념촬영하고 있다. /이솔 기자





강태영 NH농협은행장이 15일 서울 마포구 중소기엄DMC타워에서 열린 '지역경제 활성화를 위한 소기업·소상공인 금융지원 업무협약식'에서 환영사를 하고 있다. /이솔 기자






                강태영 NH농협은행장(가운데)과 주요 참석자들이 15일 서울 마포구 중소기엄DMC타워에서 열린 '지역경제 활성화를 위한 소기업·소상공인 금융지원 업무협약식'에서 업무협약 서명을 한 뒤 박수치고 있다. 이솔 기자 soul5404@hankyung.com",https://www.hankyung.com/article/202507159685i,2025.07.15 15:16
"한은, 집중호우 피해 중소기업에 300억원 공급",,"17일 충남 전역에 호우특보가 내려진 가운데 이날 오전 7시 20분께 충남 공주 유구읍 한 마을이 침수돼 소방대원이 주민을 구조하고 있다. /사진=연합뉴스

                한국은행이 최근 집중 호우로 피해를 입은 지역의 중소기업에 300억원 규모의 자금을 공급한다. 광주·전남과 경남, 경기, 대전·충남·세종에 있는 중소기업 중 피해를 입은 경우 저금리로 대출을 받을 수 있다.한은은 24일 오전 금융통화위원회를 열고 금융중개지원대출 한도 유보분 중 300억원을 피해지역 본부에 배정하기로 의결했다. 광주·전남본부와 경남본부에 각각 100억원을, 경기와 대전·세종·충남본부에 50억원씩을 공급했다. 지방자치단체 또는 읍면동사무소로부터 피해사실 확인서를 발급받은 중소기업이 지원 대상이다. 은행이 저금리로 해당 기업에 대출을 해주면 한은이 은행에 금중대 금리(현 연 1.0%)에 다라 자금을 공급하는 방식이다. 한은은 집중호우 피해상황과 대상 중소기업 대출 수요 등을 점검해 필요할 경우 지원액을 늘린다는 계획이다. 우신욱 한은 금융기획팀장은 ""한은은 자연재해 피해 기업을 지원하기 위해 3000억원의 유보분을 설정 해놓고 있다""며 ""연초 산불 피해 지원을 위해 공급한 750억원과 이번 지원액을 더해도 2000억원 가량의 추가 지원이 가능한 상태""라고 설명했다.금통위는 이날 9조원 규모의 중소기업 한시 특별지원 대출 운용기한도 내년 1월까지로 연장했다. 이달 말 지원이 종료될 예정이었으나 대외 불확실성 증대 등으로 업황 회복이 지연되면서 자금 사정이 어려운 저신용 자영업자와 지방 중소기업 등 취약 부문 지원을 지속할 필요가 있다고 판단해서다. 앞서 내년 1월말까지 지원이 결정된 5조원 규모의 금액을 합쳐 14조원 규모의 저금리 대출이 지속될 전망이다. 강진규 기자 josep@hankyung.com",https://www.hankyung.com/article/202507249215i,2025.07.24 11:33
"15일, 거래소 기관 순매수상위에 보험 업종 2종목",,"기관 투자자는 15일 거래소에서 KODEX 코스닥150레버리지, KODEX 코스닥150, 두산에너빌리티 등을 중점적으로 사들인 것으로 나타났다.기관 투자자의 순매수 상위 20개 종목은 KODEX 코스닥150레버리지, KODEX 코스닥150, 두산에너빌리티, 삼성중공업, 삼성화재, 한화에어로스페이스, 하나금융지주, LG화학, POSCO홀딩스, 한화솔루션등이다.이중에 보험 업종에 속한 종목이 3개 포함되어 있다.KODEX 코스닥150레버리지, KODEX 코스닥150, 두산에너빌리티 등은 전일 대비 주가가 상승했고, 삼성화재, LG화학, POSCO홀딩스 등은 주가가 하락했다.[07월15일]거래소 기관 순매수 상위 종목한경로보뉴스이 기사는 한국경제신문과 금융 AI 전문기업 씽크풀이 공동 개발한 기사 자동생성 알고리즘에 의해 실시간으로 작성된 것입니다.",https://www.hankyung.com/article/202507150336L,2025.07.15 18:35
"카카오뱅크, 국내 핀테크 해외진출 돕는 ‘핀넥트 글로벌’ 개최","사회공헌 위해 올해 새로 도입
인도네시아 찾아 현지 기업과 교류","카카오뱅크와 한국핀테크지원센터가 국내 핀테크 스타트업의 해외 진출을 지원하기 위해 인도네시아 자카르타에서 개최한 ‘핀넥트(FIN:NECT) 글로벌’ 행사에서 국내 스타트업들과 인도네시아 기업 임직원들이 지난 3일 함께 기념촬영을 하고 있다. 카카오뱅크 제공

                인터넷은행 카카오뱅크는 국내 핀테크 스타트업의 해외 진출을 지원하기 위해 지난 1일부터 4일까지 인도네시아 자카르타에서 ‘핀넥트(FIN:NECT) 글로벌’을 개최했다. 이번 행사는 인도네시아 현지 시장에 대한 핀테크 스타트업의 이해도를 높이고, 파트너사와의 협력 방안을 모색하기 위해 마련됐다.‘핀넥트 글로벌’은 카카오뱅크와 한국핀테크지원센터가 올해 새롭게 기획한 사회공헌 활동이다. 글로벌 시장 개척을 희망하는 우수 핀테크 기업을 선발해 현지 기업과의 교류 기회를 제공한다. 참가 기업에는 항공, 숙박, 해외 체류비용이 지원된다. 귀국 후에도 글로벌 시장 공략을 위한 맞춤형 컨설팅 프로그램이 이어진다.이번 '핀넥트 글로벌'에는 국내 데모데이 과정을 거쳐 선발된 4개 스타트업이 참가했다. 선정기업은 △모바일 채권관리 플랫폼 기업 ‘머니가드서비스’ △동남아 실물연계자산(RWA) 금융 플랫폼 ‘포레스트잘란’ △AI 기반 신용분석 솔루션회사 ‘핀프로파일’ △중소기업 매출채권 전자화·유동화 서비스기업 ‘276홀딩스’ 등이다. 이 중 핀프로파일과 포레스트잘란은 싱가포르 법인을 설립했다.인도네시아 현지 일정은 KOTRA 자카르타 무역관 방문으로 시작해 현지 핀테크 시장 현황 청취와 질의응답, 잠재 파트너사와의 1:1 미팅, 핀테크 이해관계자 워크숍 등 다양한 프로그램으로 구성됐다. 이를 통해 국내 핀테크 기업들은 인도네시아 시장의 특성을 이해하고, 파트너 및 투자자와의 네트워크를 확장하는 기회를 가졌다.카카오뱅크는 “스타트업이 혼자 힘으로 글로벌 시장에 진출하기에는 높은 장벽이 존재하는 만큼 유망한 핀테크 기업에게 새로운 시장 탐색 기회를 제공하기 위해 이번 프로그램을 마련했다”며 “올해 하반기에는 모집 과정을 거쳐 싱가포르 프로그램도 운영할 계획”이라고 말했다.카카오뱅크와 한국핀테크지원센터는 올해로 3년째 핀테크 스타트업의 성장을 지원하고 있다. 예비 창업자를 위한 ‘핀테크 챌린지’, 초기 스타트업의 성장을 위한 ‘핀테크 이노베이션 스쿨’ 등 다양한 프로그램을 운영 중이다.정의진 기자 justjin@hankyung.com",https://www.hankyung.com/article/202507085173i,2025.07.08 15:19
미국 원유재고 급증…이란 제재에 유가는 강보합세 유지 [오늘의 유가],,"ChatGPT Image





ChatGPT Image

                유가는 오르내림을 반복하다가 소폭 올랐다. 미국 원유 재고 증가 소식과 미국의 대이란 제재 발표가 시장에 영향을 줬다10일 외신 등에 따르면 9일(미국 동부 시간) 뉴욕상업거래소에서 8월 인도분 서부텍사스산원유(WTI)는 전장 대비 0.05달러(0.07%) 상승한 배럴당 68.38달러에 거래를 마쳤다. 글로벌 기준인 브렌트유 9월물은 0.04달러(0.06%) 오른 70.19달러에 마감했다.이날 미 에너지정보청(EIA)은 지난 4일로 끝난 주간의 미국 원유 재고는 707만배럴 증가해 지난 1월 이후 가장 많이 늘어났다고 발표했다. 시장에서는 200만배럴 정도 감소 예상했다.원유 수입이 줄었지만 정제 활동 둔화와 수출 감소가 맞물리며 재고가 많이 늘어난 것이라는 분석이 나온다. 반면 지난주 휘발유 재고는 265만8천배럴 줄면서 지난 4월 이후 최대 감소 폭을 기록했다.DBS은행의 수브로 사카르 에너지팀 리더는 ""OPEC+(석유수출국기구와 러시아 등 주요 산유국 연합체)가 최근 몇 달간 공급을 늘렸지만 유가가 예상보다 견고하게 유지되고 있다""며 ""이는 시장이 증가한 것만큼의 원유가 필요하다는 것을 보여준다""고 설명했다.아랍에미리트(UAE)의 수하일 알마즈루이 에너지부 장관은 ""몇 달간 증산에도 불구하고 재고가 많이 늘어나지 않았다는 것을 알 수 있다""면서 ""이는 시장에 원유가 필요하다는 것을 의미한다""고 말했다.미국 재무부가 이날 이란산 원유 거래에 관여한 22개 해외 기업에 대한 추가 제재를 발표하면서 시장에 긴장감이 돌기도 했다. 도널드 트럼프 미국 대통령이 지난달 중국의 이란산 원유 수입을 묵인하는 듯한 발언을 했던 것과는 대조적인 조치다.홍해를 지나는 화물선에 대한 후티 반군의 공격이 최근 재개됐지만 유가에 미치는 영향은 제한적인 것으로 평가됐다. CIBC 프라이빗웰스그룹의 레베카 바빈 선임 에너지 트레이더는 ""대부분의 선박은 이미 홍해를 피하고 있다""고 말했다.김주완 기자 kjwan@hankyung.com",https://www.hankyung.com/article/202507108977i,2025.07.10 08:53
"기업은행, 상반기 순익 8.2% 급증…이자이익 줄었는데도 실적 늘었다",비이자이익 3배 규모로 늘어,"기업은행 제공

                기업은행은 지난 상반기 지배주주 순이익이 연결 기준 1조5021억원으로 집계됐다고 24일 발표했다. 상반기 기준 역대 최대 실적이다. 지난해 같은 기간(1조3889억원)과 비교하면 8.2% 증가했다. 금리 하락세로 인해 은행의 핵심 수익원인 이자이익이 감소했지만, 비이자이익이 크게 증가해 최대 실적을 달성했다.기업은행의 올해 상반기 이자이익은 3조8035억원으로 전년 동기(3조9529억원) 대비 3.8% 감소했다. 기준금리 하락으로 인해 은행의 핵심 수익성 지표인 순이자마진(NIM)이 줄곧 감소했기 때문이다. 기업은행의 NIM은 작년 2분기 1.71%에서 매분기 감소해 지난 2분기엔 1.55%까지 낮아졌다.
                    



기업은행 제공

                대신 비이자이익이 크게 늘었다. 기업은행의 비이자이익은 작년 상반기 1591억원에서 올해 상반기 4856억원으로 205.2% 급증했다. 수수료수익(-9.7%)과 대출채권처분손익(-55.7%)은 전년 동기 대비 감소했지만, 외환파생관련손익이 작년 상반기 적자(-529억원)를 벗어나 올해 상반기 2075억원으로 급증했기 때문이다. 유가증권관련손익도 작년 상반기 2724억원에서 올해 상반기 3694억원으로 35.6% 늘었다.기업은행의 중소기업대출 잔액은 올해 상반기 말 258조5320억원으로 작년 말(247조1920억원)과 비교해 6개월 동안 11조3400억원(4.6%) 늘었다. 글로벌 관세 전쟁으로 인애 불확실성이 확대되고 내수 경기의 회복이 지연되고 있지만 중소기업에 대한 지원을 지속한 결과다. 이에 지난 6월 말 기업은행의 국내 중소기업대출 시장점유율은 역대 최고치인 24.43%로 집계됐다.
                    



기업은행 제공

                여신 건전성은 악화됐다. 기업은행의 지난 2분기 말 고정이하여신비율은 1.37%로, 전분기 말(1.34%)과 비교해 0.03%포인트 올랐다. 지난해 같은 기간(1.3%)과 비교하면 0.07%포인트 상승했다.정의진 기자 justjin@hankyung.com",https://www.hankyung.com/article/202507249517i,2025.07.24 14:19
"KB금융그룹, 소상공인·자영업자 금리 우대 8조원…전국에 '돌봄센터' 열어","착한가격업소 477곳 60억 지원
스타트업 394곳에 2544억 투자","양종희 KB금융 회장이 KB여의도직장어린이집을 찾아 어린이들에게 선물을 건네고 있다. KB금융 제공

                KB금융그룹은 그룹 미션인 ‘세상을 바꾸는 금융’을 실천하기 위해 다양한 포용금융 활동을 펼치고 있다. 금융업 본연의 역량을 활용해 국민과 함께 성장하고 공존하기 위해서다. 양종희 KB금융 회장은 지속가능경영보고서를 통해 “금융은 단순한 자금 중개를 넘어 개인의 삶과 기업의 미래, 나아가 사회 전체의 지속 가능성을 연결하는 중요한 기반”이라며 “KB금융그룹은 국민과 함께 성장하고 공존하는 금융을 실천하며, 다음 세대에 더 나은 환경과 기회를 전하기 위해 최선을 다할 것”이라고 강조했다. ◇ 지속가능한 금융 포용 프로젝트KB금융은 우리 경제의 버팀목인 중소기업과 소상공인을 위해 금융·비금융을 아우르는 다양한 지원을 통해 금융의 사회적 가치를 창출하는 데 주력하고 있다. 단순한 금융 지원을 넘어 ‘포용’으로 확장된 KB금융의 이 같은 행보는 지역사회와 기업이 함께 성장하는 지속가능한 경제 생태계를 구축하고 있다는 평가다.우선 소상공인·자영업자를 대상으로 한 금리 우대 프로그램을 총 8조원 규모로 확대했다. ‘영업점 전결 금리우대 프로그램’은 기존 1조5000억원에서 3조원으로, 국가 주력 전략산업을 영위하는 중소기업 대상 ‘한시 특별 금리우대 프로그램’은 3조원에서 5조원으로 늘렸다.또 신용보증기금과 기술보증기금에 총 230억원을 특별 출연해 8400억원 규모의 보증서를 공급하고 있다. 제조업체와 수출업체 등 실물경제 기반 기업에 대한 금융 지원을 강화하려는 취지다. 특히 미국의 관세 조치로 어려움이 예상되는 자동차 부품 업체를 지원하기 위해 신용보증기금과 업무협약을 맺고 총 1500억원 규모의 저금리 동반성장 대출을 공급하고 있다.KB금융의 최대 계열사인 국민은행에서는 올해 6월 말 기준 보증료 및 대출이자를 지원받은 소상공인이 총 2만5608명에 달하며, 지원금액은 총 122억원에 이른다. 이 밖에 지난해 4월부터 시행 중인 ‘KB소상공인 응원 프로젝트’를 통해 비대면 보증서 금융 프로그램도 운영 중이다.
                    




                KB금융은 지난해 10월부터 전국 477개 ‘착한가격업소’를 선정해 총 60억원을 지원하는 ‘KB마음가게’도 운영하고 있다. KB마음가게는 고물가·고금리·고환율 등 ‘3고(高) 시대’에도 착한 가격으로 음식을 제공하는 소상공인들을 응원하는 포용 프로그램이다. 고물가 속에서도 합리적인 가격으로 지역민에게 서비스를 제공하는 소상공인의 선한 영향력을 조명하고, 지역사회와의 상생을 지원하는 데 초점을 맞추고 있다. ◇ 일·가정 양립 문화 만들기





                KB금융은 임직원이 일과 가정을 조화롭게 병행할 수 있도록 다양한 제도를 운영하고 있다. 어린 자녀가 있는 직원을 위해 직장 어린이집을 운영하며, 초등학교 입학기 자녀를 둔 직원을 위한 단축 근로제도도 도입했다. 출생 장려금 지원, 난임 의료비 지원, 배우자 출산휴가 확대, 육아기 근로시간 단축, 재채용 조건부 퇴직제도 등 다양한 복지제도를 통해 가족친화적인 조직문화를 조성하고 있다.특히 국민은행이 지난해 은행권 최초로 시행한 ‘육아퇴직제도’는 3년 뒤 재채용 조건으로 퇴직하고 복귀 시 퇴사 당시의 직급과 기본급을 그대로 유지할 수 있는 제도다. 이 같은 노력으로 국민은행은 2019년 여성가족부로부터 가족친화기업 인증을 처음으로 획득했고, 2024년에는 이를 연장했다. KB증권, KB라이프생명, KB자산운용, KB데이터시스템도 가족친화기업으로 인증받았다.KB금융은 돌봄 공백 해소를 위해 2018년부터 ‘거점형 돌봄 기관’ 확대에도 집중해왔다. 거점형 돌봄 기관은 방과후학교와 돌봄을 통합 제공하는 시설로, 맞벌이 가정을 위해 평일 오후 8시, 토요일 오후 1시까지 운영되며 방학 기간에도 문을 연다. KB금융과 교육부는 이 같은 돌봄 체계 운영 성과를 바탕으로 ‘아이 키우기 좋은 환경 조성’에 매진하고 있다. 아이들이 보다 행복한 환경에서 성장하고, 학부모는 안심하고 일할 수 있도록 ‘거점형 돌봄 기관 및 초등돌봄 체계’를 지속적으로 발전시켜 나갈 계획이다.KB금융은 2027년까지 전국에 총 73곳의 거점형 돌봄 센터를 설립할 예정이다. 이 센터들은 지역 단위의 돌봄 수요를 충족하는 새로운 모델로, 돌봄과 방과후 프로그램을 통합 제공해 학부모의 양육 부담을 줄이고 지역 아동의 삶의 질 향상에 기여하고 있다. ◇ 스타트업 성장도 견인KB이노베이션허브는 KB금융이 운영하는 핀테크랩으로, KB금융과 핀테크 생태계를 잇는 연결고리 역할을 한다. 2015년 3월 출범 이후 유망 스타트업을 ‘KB스타터스’로 선발해 투자와 제휴를 통해 성장을 지원하고 있다.KB스타터스 누적 선발 기업은 총 394곳이며, KB금융의 누적 투자액은 2544억원에 달한다. KB금융은 매년 ‘KB 오픈이노베이션 프로그램’을 운영해 각 계열사가 스타트업과 협업할 수 있는 사업 과제를 공동 발굴하고 있으며, 올해는 국내뿐 아니라 글로벌 사업 분야까지 모집 영역을 확대했다. 또 싱가포르에 ‘KB글로벌핀테크랩’을 개설해 국내 스타트업의 해외 진출을 지원하고, 현지 유망 기술 및 트렌드를 KB금융과 연계하는 활동도 진행 중이다. 현지 유망 스타트업을 발굴해 KB금융의 글로벌 네트워크와 투자 자원을 연계하는 구심점으로서의 역할을 수행하고 있다. KB글로벌핀테크랩은 2022년 4개, 2023년 10개, 2024년 12개에 이어 올해는 15개 스타트업을 ‘KB스타터스 싱가포르’로 선정했다.박재원 기자 wonderful@hankyung.com",https://www.hankyung.com/article/2025071611331,2025.07.16 15:50
中企·소상공인 지원안 쏟아내는 은행권,"정부 '민생 회복' 강조에 호응
기업·하나 등 앞다퉈 지원 나서","국내 주요 은행이 최근 앞다퉈 중소기업과 소상공인 지원에 힘을 싣고 있다. ‘민생 회복’을 강조하는 현 정부와 보폭을 맞추려는 움직임으로 풀이된다.





                기업은행은 오는 25일부터 2조원 규모의 ‘창업기업 설비투자 특별지원 프로그램’을 시작한다. 창업한 지 7년 이내인 중소기업과 소상공인이 처음 사업장을 꾸릴 때 대출금리를 최대 1.5%포인트 낮춰준다. 이 은행은 신용보증기금, 기술보증기금과 업무협약을 맺고 금리 인하 등을 통해 기업의 운전자금 조달 부담도 완화해 주기로 했다.하나은행은 21일 지역신용보증재단에 300억원을 추가 출연했다고 밝혔다. 신용도가 낮은 중소기업과 소상공인을 상대로 3750억원의 금융 지원이 이뤄지도록 할 방침이다. 국민은행은 지난 18일 기술보증기금에 50억원을 출연해 중소·벤처기업이 약 1400억원을 지원받을 수 있도록 했다.다른 은행들도 비슷한 방안을 쏟아내고 있다. 신한은행은 7일부터 대출금리가 연 10% 이상인 개인을 상대로 최대 1년간 금리를 연 9.8%로 내리는 프로젝트를 진행 중이다. 가계대출로 분류되는 소상공인 대출에도 똑같이 적용한다. 우리은행은 10일 원비즈플라자, 원비즈 e-MP, 우리SAFE정산 등 세 가지 포용 금융 플랫폼을 통해 중소·중견기업 지원을 확대하는 전략을 내놨다. 농협은행은 지난 상반기 신용보증재단, 신보, 기보와 4조5000억원 규모로 중소·중견기업을 지원하는 협약을 맺었다.은행권의 이 같은 행보는 민생 회복과 상생을 강조하는 정부 기조에 맞추기 위한 것으로 분석된다. 정부는 은행을 비롯한 금융회사들에 장기 연체 채권 소각 등을 위한 배드뱅크 설립 재원의 절반인 4000억원을 부담할 것을 요구한 상태다.은행권의 사회공헌 규모는 더 증가할 것으로 예상된다. 은행권이 지난해 신보 등 보증기관에 출연한 금액은 총 2조9942억원으로 3년간 약 9000억원 늘었다.김진성 기자 jskim1028@hankyung.com",https://www.hankyung.com/article/2025072126081,2025.07.21 17:37
아시아 증시·엔화 상승세 유지…美 주가 선물도 상승 출발,"일본 정치 불안 우려 속 엔화 강세
""10월 말까지는 일본 금리 인상 가능성 적어져""","사진=REUTERS

                일본의 정치적 불안정에 대한 우려속에서도 21일(현지시간) 아시아 주식 시장과 엔화는 대체로 상승세를 유지했다. 금주에 알파벳, 테슬라 등 기술 대기업들의 실적 발표를 앞두고 있는 미국 증시의 주가지수 선물은 상승세로 출발했다. 이 날 일본 증시의 닛케이225는 0.21% 하락했다. 한국 코스피는 0.7% 상승했다. 홍콩 항셍지수는 0.68%, 상하이 CSI는 0.67% 올랐다. S&P 500 지수 선물과 나스닥 지수 선물은 각각 0.27%씩 상승했다. 다우지수 선물은 0.3% 올랐다. 10년 만기 미국 국채 수익률은 3베이시스포인트(1bp=0.01%) 하락한 4.39%를 기록하면서 4거래일 연속 하락세를 보였다. 유럽 증시의 광범위한 지수인 스톡스 600지수는 오전 지난 금요일 종가와 비슷한 수준에서 거래됐다. 세계 2위 자동차 생산업체인 스텔란티스가 미국 관세의 초기 영향으로 올해 상반기에 23억유로(약 3조7,200억원) 의 순손실이 예상된다고 발표한 후 2.7% 하락하면서 유럽의 자동차 업종이 0.6% 하락했다. 일본 엔화는 한때 달러 대비 최대 0.7% 상승하는 강세를 보였지만, 상승폭이 축소돼 0.4% 오른 달러당 148.29엔을 기록했다. 니세이종합연구소의 수석 경제학자인 우에노 츠요시는 ""일본은행 입장에서는 정치적 불안정이 지속되면 금리 인상이 어려워지고 엔화 약세 압력이 지속될 것”이라고 말했다. 일본은행(BOJ)는 금리를 추가로 인상할 의향이 있지만, 시장에서는 10월 말까지는 금리가 인상될 가능성이 거의 없다고 보고 있다. 트럼프 미국 대통령은 몇 가지 대규모 무역 거래에 대한 발표가 가까워지고 있다고 말했다. 이와 함께 재무부 장관 스콧 베센트가 연방준비제도이사회 의장 제롬 파월을 해고하면 시장이 심하게 반응할 것이라고 조언했다는 보도에 반발했다.제롬 파월 의장을 포함한 대부분의 연준 위원들은 관세가 인플레이션에 미치는 영향을 제대로 판단하기 전까지는 금리 인하가 필요 없다고 보고 있다. 시장에서도 7월에 금리가 인상될 가능성은 거의 없다고 예상하고 있으며 9월 금리 인하는 61%, 10월 금리 인하는 80%로 인상하고 있다. 지난주 파월 의장의 금리 인상에 대한 소극적인 태도에 분노한 트럼프 대통령은 파월 의장을 해임하겠다고 위협했다가 결국 물러섰다. 그러나 시장은 정치적 인물이 임명돼 급격한 금리 인하를 추진할 가능성에 대해 불안해하고 있다. 바클레이즈의 전략가인 테미스토클리스 피오타키스는 “파월이 연방준비제도이사회 의장직에서 물러날 가능성은 낮다”고 말했다. 그는 “그런 시나리오가 되어도 미국 경제 환경이 금리 인하를 정당화하지 않는다면 다른 연준 이사들이 금리 인하에 찬성표를 던질 가능성이 낮다”고 적었다. 지난주 사상 최고치에 도달했다가 조정받은 비트코인은 1.1% 상승한 119,485.06달러에 거래중이다. 이더는 1.4% 오른 3,794.05달러에 도달했다.상품 시장에서 금은 0.5% 상승하여 온스당 3,367달러에 거래됐고, 플래티넘 가격이 급등해 지난 주 2014년 8월 이후 최고치를 기록했다. 브렌트유는 배럴당 0.1% 상승한 69.38달러에 거래됐고, 미국산 서부텍사스중질유(WTI)는 0.2% 오른 67.50달러에 거래됐다.김정아 객원기자 kja@hankyung.com",https://www.hankyung.com/article/202507212817i,2025.07.21 19:05
"""삼성전자, 송금용 스테이블코인 도입 땐 年 1억달러 절감""","스테이블코인의 공습
(10) 원화 코인은 신중모드

해외법인 간 환전 비용 사라져
네이버페이, 코인 발행땐 1兆 이익","< 비트코인 고공행진 > 비트코인 가격이 14일 사상 처음으로 12만달러를 넘어섰다. 미국 하원에서 이날부터 가상자산 관련 법안을 집중 논의하는 크립토위크(가상자산 주간)가 시작되면서 법안 통과 기대가 커진 영향이다.  최혁 기자

                삼성전자가 내부 송금 수단으로 스테이블코인을 사용하면 연간 최대 1억달러가 넘는 비용을 줄일 수 있다는 분석이 나왔다. 전자결제기업인 네이버페이가 스테이블코인을 발행하면 1조원 가까운 이익을 추가로 거둘 수 있다는 전망도 제기됐다. 스테이블코인이 단순한 투자 수단을 넘어 글로벌 생산과 유통망을 보유한 글로벌 기업의 국경 없는 내부 결제 통화로 부상할 것이란 관측이 나온다. 비용 절감을 노리는 일반 기업의 스테이블코인 활용 유인이 클 것이라는 평가다. ◇ 다국적 기업 수요 클 듯14일 국정기획위원회 자문위원인 강형구 한양대 경영대 교수가 최근 공개한 분석에 따르면 삼성전자가 스테이블코인을 내부 송금에 활용하면 연간 최소 4840만달러(약 668억원)에서 최대 1억390만달러(약 1434억원)를 절감할 수 있을 것으로 나타났다. 삼성전자 계열사와 지점, 법인 간 이뤄지는 국제 송금이 연간 50만 건, 800억달러 규모라는 가정에 기반한 시나리오다.
                    






이미지 크게보기



                일반적으로 삼성전자와 같은 다국적 기업이 내부에서 자금을 이체할 때 본사와 해외 자회사 또는 해외 법인 간에 외화 송금이 이뤄진다. 이때 달러 등 외화를 매수하고 매도할 때 환전 비용(FX스프레드)과 중개 은행 수수료 등 여러 간접 비용이 발생한다. 거래 건수가 많을수록 비용 부담은 커질 수밖에 없다. 실제 자금이 도착할 때까지 수일 걸리기 때문에 자금을 즉시 활용하지 못하는 기회비용도 작지 않다. 스테이블코인을 활용하면 환전 비용은 사실상 사라진다. 거래 수수료 역시 송금 규모에 상관없이 1달러 수준이다. 환전과 중개 절차 없이 실시간으로 자금을 이체할 수 있다 보니 자금 운용의 비효율도 줄어든다.이번 분석에서는 환전 비용을 0.03~0.1%, 송금 수수료는 건당 25달러로 가정했다. 인건비와 인프라 구축 비용 등을 포함한 스테이블코인 결제 시스템의 운영비는 연간 500만달러로 추정했다. 그 결과 스테이블코인을 활용하면 FX스프레드와 송금 수수료 등의 부담이 사실상 사라져 연간 최대 1억달러 이상의 비용을 절감할 수 있다는 결론을 도출했다. 삼성전자뿐 아니라 현대자동차 등 글로벌 공급망을 갖춘 대기업일수록 효과는 훨씬 클 것이란 설명이다. 강 교수는 “국내 대기업의 ‘디지털 달러’ 도입이 빨라질 수 있다”고 내다봤다. ◇ 실시간 자금 활용 가능카드사와 은행 등에 수수료를 지급하는 전자결제기업도 비용 절감 효과를 누릴 수 있다는 게 강 교수 분석이다. 지난해 네이버페이가 카드사와 은행 등에 지급한 수수료는 8908억원에 달한다. 스테이블코인 결제가 도입되면 수수료 비용이 고스란히 이익으로 남을 것이란 계산이 나온다.해외에서는 스테이블코인을 내부 결제에 도입한 기업이 나오고 있다. JP모간은 자사 기관 고객 간 송금에 JPM 코인을 활용하고 있다. JPM 코인은 고객이 예치한 달러를 기반으로 발행하는 폐쇄형 스테이블코인이다. 하루 거래 규모는 10억달러에 달한다. 아마존, 월마트 등 미국 주요 유통 대기업도 자체 스테이블코인 발행 계획을 공개했다. 마진이 낮은 유통업계에선 결제 비용 절감 효과가 수익성 개선으로 직결된다는 점에서 실익이 클 것이라는 전망이 나온다. ◇ 한국에선 발행주체 두고 이견국내에서는 원화 스테이블코인 발행을 은행에 우선 허용하는 방안을 논의하고 있다. 이창용 한국은행 총재는 최근 기자간담회에서 “스테이블코인 발행을 비(非)은행 기관에 허용하면 문제가 생길 수 있다”며 신중한 입장을 밝혔다.업계에서는 민간 참여를 폭넓게 허용해야 한다는 목소리가 높다. 업계 고위 관계자는 “기술력과 활용처를 갖춘 민간 기업이 배제된 채 은행 중심으로 제도가 설계되면 시장 경쟁이 제대로 이뤄지기 어렵다”며 “일정 요건을 충족하면 발행에 참여할 수 있도록 길을 열어줘야 한다”고 말했다.조미현/서형교 기자 mwise@hankyung.com",https://www.hankyung.com/article/2025071476101,2025.07.14 18:03
김영선 전 의원 소환 통보…'공천 개입' 수사 본격화,,"김건희 여사 관련 의혹을 수사 중인 민중기 특별검사팀이 '명태균 공천 개입 의혹'과 관련해 김영선 전 국민의힘 의원에게 소환을 통보하고 일정을 조율 중인 것으로 16일 확인됐다.김 전 의원은 2022년 대선 당시 윤석열 후보 캠프에 불법 여론조사를 제공한 정치 브로커 명태균 씨의 대가로 국회의원 보궐선거 공천을 받은 인물로 지목됐다. 특검은 윤석열 전 대통령과 김 여사가 명 씨로부터 총 81차례의 여론조사를 무상으로 받은 뒤 그 대가로 김 전 의원을 공천하도록 개입했다는 의혹을 들여다보고 있다.현재 김 전 의원은 창원지방법원에서 정치자금법 위반 혐의로 재판을 받고 있어 공판 일정을 피해 출석할 것으로 보인다. 그는 지난 8일 윤상현 국민의힘 의원, 김상민 전 부장검사와 함께 특검의 자택 압수수색 대상에 포함됐다. 이들 모두 윤 전 대통령 부부가 2022년 국회의원 보궐선거와 2024년 4·10 총선 과정에서 공천에 개입했다는 의혹에 연루돼 있다.윤 전 대통령은 공천 발표 전날인 2022년 5월 9일 명씨와의 통화에서 “김영선이 경선 때부터 열심히 뛰었으니 좀 해줘라 했는데, 당에서 말이 많다. 상현이(윤상현)에게 다시 이야기하겠다. 걔가 공관위원장”이라고 말한 정황이 녹취록을 통해 드러났다.김 여사 역시 지난해 총선에서 자신의 측근으로 알려진 김상민 전 검사가 경남 창원 의창구에 출마할 수 있도록 영향력을 행사했다는 의혹을 받고 있다. 특검은 김 전 의원에 이어 윤상현 의원과 김 전 부장검사에 대한 소환 조사도 순차적으로 진행할 예정이다.이날 오전에는 해당 의혹을 처음 제기한 강혜경 전 미래한국연구소 부소장도 소환됐다. 강 씨는 2022년 대선 과정에서 명 씨가 김 전 의원의 공천을 대가로 불법 여론조사를 무상으로 제공했고, 이 과정에 김건희 여사가 개입했다는 주장을 처음으로 공개한 인물이다. 김건희 측근 ‘인사 청탁 정황’ 줄줄이 포착특검은 이번 의혹을 계기로 김건희 여사와 측근들이 공천과 인사에 어떤 영향을 미쳤는지를 확인하기 위한 전방위 수사에 착수한 상태다. 특히 김 여사의 최측근인 김예성 씨가 또다른 측근인 '건진법사' 전성배 씨를 매개로 국책은행과 검찰 고위직 인사에 개입한 정황도 들여다보고 있는 것으로 전해졌다.특검이 확보한 문자메시지에 따르면 김씨는 2022년 산업은행 간부 A씨를 부행장으로 추천한다며 전씨에게 명함 사진과 인적 사항을 전달했다. A씨는 실제로 이듬해 인사에서 본부장으로 승진한 것으로 확인됐다. 김씨는 또 “B씨를 기업은행장으로 추천한다”는 취지의 문자도 보냈고, 전씨는 “산업은행을 신경 써야 한다”는 답신을 보낸 것으로 파악됐다.김씨는 검찰 간부 인사에도 개입한 정황을 남겼다. 그는 2022년부터 약 네 차례에 걸쳐 C검사의 이름과 생년월일, 직책 등을 전씨에게 전달하며 인사를 청탁했다. 특검은 C검사 외에도 검찰·경찰 인사 관련 수십 건의 청탁성 메시지를 확보한 것으로 알려졌다.
                    



2018년 지방선거 공천헌금 의혹 혐의를 받는 '건진법사' 전성배 씨가 12일 서울 양천구 서울남부지법에서 열린 1심 두 번째 공판에 출석하고 있다. 연합뉴스

 ‘비선 라인’ 정조준…건진 측근 전방위 수사한편 특검은 전씨에 대한 압수수색도 진행했다. 지난 15일 검찰이 수색했지만 놓쳤던 역삼동 건진법사 법당의 지하 비밀공간과 창고까지 추가로 확인했으며, 이 공간에 현금다발 등 귀중품이 숨겨져 있던 정황도 포착했다.특검은 전씨와 함께 2022년 대선 당시 윤석열 대통령 캠프 네트워크본부에서 일했던 김형준 전 부위원장, 오을섭 전 위원장의 자택도 압수수색했다. 이들은 공천 및 고위 인사 청탁에 부당하게 개입한 핵심 측근으로 분류된다. 건진법사의 처남으로 알려진 인물 ‘찰리’ 역시 압수수색 대상에 포함됐다.특검은 김건희 여사와 측근들이 정치 브로커들과 연계해 공천과 인사에 직접 개입했는지를 확인하기 위해 관련자 조사와 강제 수사를 이어가고 있다. 이번 수사는 김 여사의 ‘비선 라인’이 국정 운영에 어떻게 연결돼 있었는지를 규명할 중대한 분기점이라는 평가도 나온다.정희원 기자 tophee@hankyung.com",https://www.hankyung.com/article/202507161172i,2025.07.16 14:13
"우리금융그룹, 美 관세 피해 수출업체에 10조2000억 투입…상생대출·금리 우대","자영업 지원 '우리동네 선한가게'
장애인 위한 물품 기부함 설치","임종룡 우리금융그룹 회장(왼쪽)과 고객이 지난 3월 굿윌기부함에 1호 기부를 하는 모습.  우리금융그룹 제공

                우리금융그룹은 ‘우리가 함께 만드는 더 나은 미래’라는 슬로건 아래 소상공인과 취약계층, 무역분쟁으로 어려움을 겪는 기업 등을 대상으로 다양한 사회공헌 사업을 펼치고 있다. 기업의 사회적 책임을 다하려는 노력의 일환이다. 임종룡 우리금융 회장도 올해 초 신년사에서 “상생의 가치를 실천해 더 따뜻한 세상을 만드는 데 책임을 다하자”고 강조했다. ◇ 우리금융, 소상공인 지원 앞장우리금융은 지역 사회에서 선한 영향력을 전하고 있는 소상공인을 지원하기 위해 ‘우리동네 선한가게’ 사업을 운영하고 있다. 우리동네 선한가게 사업은 지역 사회에서 어려운 이웃에게 자발적으로 나눔을 실천하고 있는 소상공인을 대상으로 우리금융이 △금융 △컨설팅 △홍보 △인테리어 등을 지원하는 사업이다.우리금융은 식당, 미용실, 세탁소, 화원 등 전국 300여 곳의 우리동네 선한가게 사업장 중 매년 지원 필요성에 따라 20개의 사업장을 선정해 업종 특색에 맞는 내·외부 인테리어를 지원한다. 그룹사 인프라를 활용해 기부금 지원, 무료 경영컨설팅, 우리카드 결제 할인, 대출 및 예·적금 금리 우대 등의 혜택을 제공 중이다. 우리금융은 앞으로 우리동네 선한가게 대상을 더욱 확대할 계획이다.
                    




                우리금융은 2023년 11월부터 네이버와 제휴해 우리동네 선한가게 매장 검색 결과에 ‘선한 영향력을 나누는 우리동네 선한가게’라는 문구를 삽입했다. 최근에는 카카오맵에서도 선한가게 해시태그를 검색할 수 있도록 해 동네에서 선한 영향력을 전하고 있는 가게를 널리 알리고 있다.더불어 우리금융은 선한가게의 인지도를 높이고 방문 고객 수를 늘려 사장님들의 선행이 지속될 수 있도록 사회공헌 선순환 생태계 조성에 힘쓰고 있다. 이를 위해 우리동네 선한가게 전용 홈페이지를 운영하고, 서울 충무로 인근 디지털 옥외광고판에 선한가게 홍보 영상을 송출하는 등 다양한 홍보 활동을 펼치고 있다. ◇ 관세 피해 수출기업도 지원





                우리금융은 지난 4월 미국의 상호관세 부과 조치에 따른 혼란 속에서 수출입 기업 지원을 위해 총 10조2000억원을 투입하기로 했다. 우선 신용보증기금 또는 기술보증기금 연계 수출기업을 대상으로 우대 보증서를 지원한다. 반도체·자동차 등 피해기업 협력사 대상으로 총 2조3000억원 규모 상생대출을 실시한다.총 2700억원 규모의 무역보험공사 보증서 담보대출 등 수출 대기업·중견기업 납품 협력사 대상으로 운전자금 지원 규모도 확대한다. 중소기업은 최대 50억원, 중견기업은 최대 100억원에 대해 보증을 지원받는다. 최대 2%포인트의 금리우대도 실시한다. 고환율·경기침체 취약 소상공인을 대상으로 보증서 대출 등 2000억원 규모의 지원책도 마련했다.우리금융은 또 수출기업 유동성 지원 프로그램으로 7조3000억원을 투입한다. 우선 수출기업과 협력기업 금융비용 경감에 6조7000억원을 지원한다. 상호관세 피해 기업 대상 금리 지원을 강화하고, 연 5% 초과 금리 인하 프로그램 활성화, 외환 수수료 우대 등 다양한 지원방안을 내놨다.반도체와 자동차 업종에 대한 신보·기보 연계 특별 출연을 실시해 중소기업 특별 보증서 대출 5000억원을 공급한다. 상호관세 피해기업에는 최대 3%포인트의 금리를 우대해준다. 상호관세 타격 기업의 경영안정을 위해 최대 5억원의 여신을 지원하고 금리, 수수료를 우대해주는 등 1000억원의 특별지원도 실시한다. 수출환 어음 부도처리 유예 기간도 최대 90일로 연장해준다. ◇ 장애인 일자리 생태계 구축 노력우리금융은 지난 3월 장애인 일자리 생태계 구축 및 기부문화 확산을 위해 물품 기부함인 ‘굿윌기부함’을 우리은행 소공동지점에 설치했다. ‘굿윌기부함’은 365일 언제든 편리하게 물품을 기부할 수 있는 기부함으로, 우리은행 현금자동입출금기(ATM) 코너에 설치된다. 현재 전국에 21개 기부함이 설치됐다. 기부한 물품은 장애인의 자립을 지원하는 ‘굿윌스토어’에서 판매된다. 수익금은 ‘굿윌스토어’에서 근무하는 발달장애인의 급여로 사용된다.기부함에는 기부신청서와 물품을 담을 수 있는 기부 봉투가 비치돼 있어 편리한 기부가 가능하다. 기부자가 기부신청서를 작성해 물품과 함께 넣으면, 굿윌스토어에서 확인해 기부금 영수증을 발급하기 때문에 연말정산 시 세액공제 혜택을 받을 수 있다.우리금융은 다문화가족의 한국 사회 정착을 돕기 위한 노력도 기울이고 있다. 2012년 금융권 최초로 다문화가족 지원을 위한 공익재단으로 설립된 우리다문화장학재단은 지금까지 다문화가족 학생 약 7700명에게 장학금 98억9000만원을 지원했다. 우리금융은 더 많은 다문화가족 학생들이 꿈을 키울 수 있도록 800명이던 연간 지원 대상을 올해 1000으로 확대했다.우리금융은 또 다문화가족 자녀들에게 맞춤형 책상과 의자 등을 선물하는 ‘우리 드림(Dream) 공부방’ 사업도 펼치고 있다. 임 회장은 “우리금융은 우리 모두를 위한 사회적 책임을 실천하기 위해 노력하고 있다”고 강조했다.정의진 기자 justjin@hankyung.com",https://www.hankyung.com/article/2025071611511,2025.07.16 15:41
,,,https://magazine.hankyung.com/business/article/202507145773b,
"SK하이닉스, AI 메모리 힘입어 실적·주가 동반 강세 지속",,"SK하이닉스가 최근 AI 수요 호조와 HBM(고대역폭 메모리) 시장 지배력을 바탕으로 주가 강세 흐름을 유지하고 있다. 증권업계에서는 글로벌 메모리 업황 회복 속에서 SK하이닉스가 현대판 퍼포먼스 리더 중 하나란 평가가 나온다.1분기 실적 발표에서 매출과 영업이익이 역대 두 번째 기록 수준으로 호조를 보였으며, 영업이익률도 탄탄한 흐름을 이어갔다. 특히 AI 서버 수요 확대로 HBM3E 등 고부가 제품 비중이 크게 확대된 점이 실적을 견인했다.시장 조사기관에 따르면 SK하이닉스는 글로벌 DRAM 점유율에서 선두 자리를 꿰찼으며, HBM 시장에서도 절반에 달하는 비중을 확보한 것으로 파악된다. 이는 삼성전자의 실적 둔화와 대비되며, 차별적 경쟁 우위로 받아들여진다.주가 역시 강한 랠리 후에도 추가 상승 여력을 인정받고 있다. 최근 글로벌 반도체 업종 내에서 SK하이닉스 주가는 업계 평균을 웃도는 흐름을 보였고, 일부 증권사는 목표주가를 상향하며 매수 의견을 강화했다.다만 증권업계에서는 미·중 무역 리스크, 미국의 수출 규제 가능성, 단기 수요 사이클 둔화 등이 향후 주요 변수로 꼽히고 있다. 특히 일부 고객의 재고 선매입 현상이 2분기 수요 변동성을 키울 수 있다는 우려도 제기된다.삼성증권, LG생활건강, 실리콘투, 기업은행, 카카오뱅크무료상담",https://www.hankyung.com/article/202507146132a,2025.07.14 13:03
,,,https://sgsg.hankyung.com/article/2025070481281,
'408조 자사주 매입' 호재에 미장 폭등하는데…한국은 왜? [글로벌 머니 X파일],미국 자사주 매입 '사상 최대'…빅테크의 끝없는 주가 부양,"ChatGPT Image






요약·미국 자사주 매입 역대 최대·빅테크 기업은 주가 상승·한국에선 상승효과 한계미국 증시에서 자사주 매입(Buyback) 규모가 올 1분기에 사상 최대를 기록했다. 트럼프 행정부 2기 정책 방향, 글로벌 무역 변화, 미국 통화 변동 전망 등이 요인이다. 한국 기업도 자사주를 매입하지만 미국과 전략이 다르다는 분석도 나온다.18일 S&P 다우존스 인덱스(S&P DJI)에 따르면 올 1분기 S&P500 기업들의 자사주 매입이 2935억 달러(약 408조 5226억원)로 집계됐다. 분기 기준 역대 최대 규모다. 직전 최고치였던 2022년 1분기의 2810억 달러를 뛰어넘었다. 전년 동기 대비 20.6% 증가한 수준이다. 빅테크가 이끈 최대 매입





                최근 자사주 매입의 주역은 미국 빅테크다. 애플, 마이크로소프트(MS), 알파벳(구글 모기업), 메타, 엔비디아 등이‘매그니피센트 7’ 기업들이 자사주 매입을 주도했다.지난해에도 정보기술(IT) 섹터가 S&P500 전체 자사주 매입의 약 27%를 차지해 가장 큰 비중을 기록했다. 애플은 작년 한 해에만 1042억 달러를 자사주 매입에 투입했다. 애플은 올해 4월 실적발표에서 추가 1000억 달러의 신규 자사주 매입을 승인했다. 필요한 자금을 마련하기 위해 수년 만에 회사채 발행에 나서는 방안까지 추진했다.현금성 자산만 303억 달러를 보유한 애플도 저금리 시대 이후 가장 높은 수준의 금리 환경에서도 부채 조달을 통해 자사주 매입을 이어갈 정도다.메타는 올 1분기에 134억 달러어치의 자사주를 매입했다. 전분기(39억 달러)의 4배 이상 수준이다. 엔비디아는 같은 분기에 156억 달러를 투입해 전 분기(97억 달러) 대비 크게 늘렸다.알파벳도 최근 1년간 540억 달러 어치를 매입했다. MS는 2024년 9월 새로운 600억 달러 규모의 자사주 매입 프로그램을 승인하며 적극적인 주주환원 의지를 보였다.다만 아마존과 테슬라는 상대적으로 보수적이다. 아마존은 2022년에 100억 달러 규모의 자사주 매입을 승인한 후 집행 규모는 수십억 달러 선에 그쳤다. 테슬라 역시 2023년 최대 100억달러의 자사주 매입을 검토한다고 밝혔지만 실제 실행은 미미하다.S&P500 자사주 매입 상위 20개 기업 중 절반 이상을 이들 빅테크 및 성장주가 차지했다. 올 1분기에는 상위 5개 매입 기업에 애플, 메타, 엔비디아, 알파벳이 이름을 올렸다. 해당 상위 5개 기업만 합쳐도 분기 중 800억 달러 이상을 매입해 S&P500 전체의 약 27%를 차지했다. 최대 매입 요인은여러 거시·정책적 변화 요인이 미국 기업의 자사주 매입의 배경이다. 지난 1월 트럼프 대통령의 재집권 이후 연방정부는 기업 친화적 정책을 전면 내세우고 있다. 법인세 및 자본 세제 개편을 통해 기업 부담을 낮추려고 한다. 2023년부터 시행된 자사주 매입에 대한 연방 소비세(1% 세금)를 완화하거나 폐지하려는 움직임도 있다.
                    




                통화정책 변화 전망도 요인으로 꼽힌다. 트럼프 대통령은 재집권 직후부터 노골적으로 미국 중앙은행(Fed)에 금리 인하 압박을 가하고 있다. 금리 인하 전망이 확산하면 기업들은 선제적으로 저금리 차입을 늘려 주주환원에 활용하려는 유인을 갖게 된다.세계 최고 신용등급의 애플이 굳이 채권을 찍어 자사주를 사들이는 사례처럼 초우량 기업들은 비교적 낮은 금리로 자금을 조달해 주가 상승효과가 더 큰 자사주 매입에 활용할 수도 있다.미국의 무자비한 관세 정책도 배경이다. 트럼프 행정부는 오는 8월 1일을 시한으로 걸고 미국 요구에 부응하지 않는 국가에 높은 관세를 예고하는 등 공격적인 무역 압박을 가하고 있다. 거시경제의 불투명성이 커지면 기업들은 미래 투자 대신 일단 확보한 현금을 자사주 매입으로 돌려 주가를 방어하려는 경향을 보인다.빅테크를 중심의 자사주 매입이 미국 주식시장을 왜곡한다는 지적도 있다. 시가총액 상위 종목들의 초과 수익률로 지수의 편중도가 높아졌다. 2023년 초만 해도 S&P500 내 상위 7개 종목의 비중은 20% 수준이었다. 2024년 말에는 28%로 뛰었고, 올해에는 34%까지 상승했다.매그니피센트7 주식의 시가총액 합계는 2015년 S&P500의 12%에 불과했다, 하지만 10년 만에 세 배 가까이 올라 지수의 3분의 1 이상을 차지하게 된 것이다.이런 집중 현상은 기업 성장과 투자자 선호의 결과이기도 하다, 하지만 지속적인 자사주 매입에 따른 주가 부양이 낳은 결과라는 지적도 나온다.주가가 상승하면 지수 내 비중이 더 커지고, 해당 기업은 더 많은 자금을 쉽게 조달해 다시 자사주 매입을 늘릴 수 있는 선순환 고리가 형성된다.지수 왜곡에 따른 시장 회복 착시도 문제로 지적된다. 2023~2024년 S&P500 지수는 2년 연속 20% 이상의 강한 상승을 보였다. 하지만 해당 기간 빅7 종목들을 제외하면 지수의 상승률은 사실상 2~4%에 가깝다.데이터트렉(DataTrek) 리서치의 분석에 따르면 2023~2024년 S&P500 수익률에서 매그니피센트 7이 기여한 부분을 제외하면 지수는 거의 움직이지 못했다. 상승률이 러셀2000 소형주 지수보다도 낮았다. 투자자들이 S&P500 지수의 화려한 숫자만 보고 '시장이 전반적으로 호황'으로 오인할 수 있다는 지적이다. 
                    




 한국은?한국 기업은 어떨까. 미국과 접근 방식이 다르다. 미국 기업은 자사주를 매입하면 통상 즉시 소각하거나 시장에 유통되지 않도록 영구 보유하는 것이 대부분이다. 유통 주식 수가 줄어 주주가치에 직접 기여하는 형태다.반면 한국 기업들은 상당수 자사주를 매입해도 소각하지 않고 금고에 보관하는 경우가 많았다. 그래서 '금고주'라고 불린다. 이렇게 보관된 자기주식은 의결권이 없고 배당도 못 받지만 회사가 원하면 언제든지 다시 시장에 팔거나 제3자에게 배정할 수 있다. 주식 수가 영구적으로 줄어든 것이 아니기 때문에 주당 가치 상승효과가 일시적일 수 있다.[글로벌 머니 X파일은 중요하지만 잘 알려지지 않은 세계 돈의 흐름을 짚어드립니다. 필요한 글로벌 경제 뉴스를 편하게 보시려면 기자 페이지를 구독해 주세요]김주완 기자 kjwan@hankyung.com",https://www.hankyung.com/article/202507175770i,2025.07.18 07:00
"'BNK금융지주' 52주 신고가 경신, 전일 기관 대량 순매수",,"◆ 주체별 매매동향- 전일 기관 대량 순매수지난 한달을 기준으로 보면 기관이 572.1만주를 순매수한 반면, 외국인은 297.6만주를 순매도했고, 개인들도 255.6만주를 순매도했다. 같은 기간 이 종목의 거래 비중은 외국인과 기관이 각각 44.9%, 30.0%로 비중이 높다.더욱이 전일 기관이 대량 순매수를 하고 있어 투자자들의 관심이 집중되고 있다.[그래프]BNK금융지주 외국인/기관 매매동향











◆ 최근 애널리스트 분석의견- 2Q25 Preview: 건전성만 회복된다면 - 상상인증권, BUY(신규)07월 03일 상상인증권의 김현수 애널리스트는 BNK금융지주에 대해 ""2분기 실적, 컨센서스 상회 전망. 건전성 부담 지속, 하반기 회복 여부 주시 필요: CCR은 여전히 높은 0.76% 수준이며, 1분기 NPL 비율은 1.69%(QoQ +38bp, YoY +84bp)로 빠르게 상승 중이다. 커버리지 비율도 84.5%로 낮아 건전성 우려가 지속되고 있다. 1분기 연체율 또한 부산은행 0.73%(+15bp), 경남은행 0.68% (+23bp)로 큰 폭 상승한 상태다. 3분기까지는 부담이 이어질 수 있으나, 4분기에는 내수 회복과 금리 인하 효과로 개선이 기대된다.""이라고 분석하며, 투자의견 'BUY(신규)', 목표주가 '18,000원'을 제시했다.한경로보뉴스이 기사는 한국경제신문과 금융 AI 전문기업 씽크풀이 공동 개발한 기사 자동생성 알고리즘에 의해 실시간으로 작성된 것입니다.",https://www.hankyung.com/article/202507096544L,2025.07.09 09:16
,,,https://magazine.hankyung.com/business/article/202507159048b,
"ETF 상위, 미국이 사라졌다…국내주식형 7.5조 뭉칫돈 [투자토크]",,"영상 모듈 닫기




<앵커>국내 상장지수펀드(ETF)의 종목 수가 1000개 돌파를 목전에 두고 있습니다. 순자산 총액도 220조원에 육박하는데요.특히 역사적 최고점에 가까워진 코스피의 상승세가 국내 주식형 ETF로의 자금 유입을 이끌었습니다.증권부 조연 기자와 알아보겠습니다.조 기자, 국내 ETF 시장이 순자산 200조원 시대에 진입한지 얼마 지나지 않은 것 같은데, 성장세가 가파른 모습입니다.<기자>그렇습니다. 200조원 문턱을 넘을 때까지는 꽤 더디게 시간이 걸렸는데, 200조원을 돌파하고서는 자금 유입이 더 빨라지고 있습니다.올 연초에는 자금 유입 속도가 지난해보다 둔해지는 모습을 보였다가, 4월을 기점으로 다시 늘기 시작했는데요.190조원에서 200조원까지는 4달이 걸렸는데, 200조원을 넘고서는 1달도 되지 않아 210조원을 웃돌고, 더 짧은 시간 안에 220조원에 가까워지고 있습니다.상장된 ETF의 갯수도 현재 997개로 1000개 돌파가 임박했죠.특히 국내 주식형 ETF로의 자금 유입이 두드러지는데요. 현재 국내 주식형 ETF 순자산 51조3천억원으로 최근 한달간 7조5천억원이 유입됐습니다.같은 기간 해외주식형 ETF는 약 2조원 가량의 자금이 들어왔으니, 국내 투자로 세 배 이상 돈이 집중된 셈입니다.가장 많은 자금이 몰린 ETF 상위권에는 그동안 외면받았던 국내 주식형 상품이 차지했습니다. 미국 투자하는 해외주식형은 10위권내에 1개도 없었고, 20위권까지 넓혀봐도 2개에 불과했는데요.개별 상품을 살펴보면, 1위는 국내 대형주 중 10개를 엄선해 담은 TIGER TOP10으로 한 달 동안 약 6천억원의 자금이 유입됐고, 이어 PLUS 고배당주와 PLUS K방산, KODEX 200타겟위클리커버드콜로도 각각 2천억원이 넘게 유입됐습니다.이 외에도 KODEX 고배당주와 KODEX 증권, SOL 조선TOP3플러스와 HANARO 원자력 iSelect 등의 상품도 지속적으로 매수세가 몰리는 모습입니다.<앵커>보면 고배당주의 선전이 눈에 띕니다. 정책 수혜 기대감이 반영되고 있다고 풀이할 수 있을 것 같은데,덕분에 국내 주식형 ETF 중에서도 순자산 규모가 1조원이 넘는 '공룡 ETF'들이 등장했다고요?<기자>네, 개인투자자들이 국내 투자로 선회하면서 국내 주식형 ETF 중에서도 몸집을 키운 대형 ETF들이 연달아 나오고 있는데요.앞서 언급한 PLUS 고배당주 ETF로 최근 1달간 자금이 2735억 들어왔는데, 이 중 개인들의 자금이 1600억원을 넘었습니다.PLUS 고배당주의 순자산은 1조4천억원대로 커지면서, 운용규모 기준으로 시총 20위권에 자리했고요.수익률도 최근 1개월 11.9%, 연초 이후로는 47%에 육박하고 있습니다.이 외에도 KODEX 고배당주, TIGER 코리아배당다우존스, RISE 코리아금융고배당, 그리고 증권이나 은행, 지주회사 같은 금융 관련주 ETF들이 대체적으로 자금 유입이나 수익률 측면에서 골고루 양호한 성적을 나타냈습니다.금융·증권·보험 관련 상품이 일제히 상승한 이유는 상법 개정과 자사주 소각 의무화, 배당소득 분리과세 등 주주 환원을 확대하겠다는 정책에 대한 기대감이 형성됐기 때문인데요.또 여기에 연초 정부가 해외주식형 ETF의 배당에 세금 혜택을 없애면서 절세 이점을 노리던 배당 투자자들이 국내 주식 배당 ETF로 옮겨온 것도 한몫했습니다.증권가에서는 ""기업의 배당성향 제고와 함께 자사주 소각 제도화가 병행되면 주주 환원 정책 전반이 강화될 가능성이 높다""며 ""배당 지급 여력이 높은 종목들을 주목하고, 배당 확대와 자사주 소각, 세제 혜택이라는 삼중 효과를 기대할 수 있다""는 전망을 내놓고 있습니다.<앵커>고배당주 상품 말고도 공룡 ETF가 또 있지 않습니까? 주식시장 이끈 '조.방.원' - 조선.방산.원자력- 이 ETF에서도 빛을 발했죠?<기자>네, PLUS 고배당주에 앞서 SOL 조선TOP3플러스와 PLUS K방산이 순자산 1조원을 먼저 넘겼는데요. 국내 주식형 ETF에서 순자산 1조원을 넘는 상품이 나온 것은 2차전지 테마 열풍이 일던 2021년 이후 약 4년여만이었습니다.연초 이후 수익률로 보면 압도적으로 방산과 조선, 원자력 관련 상품들이 자리하는데요. PLUS K방산의 수익률(YTD)이 162.9%, SOL 조선TOP3플러스는 107.5%입니다. HANARO 원자력iSelect도 108.5%를 나타냈습니다. 반면 수익률 상위 10위권에도 해외주식형 ETF는 자리하지 못했습니다.또 눈에 띄는 것은 신규 상장되는 ETF입니다.전날(15일) 신한자산운용은 SOL 조선TOP3플러스레버리지 ETF를 신규 상장했는데요. 테마형 레버리지 ETF로는 반도체와 2차전지에 이은 3번째 사례입니다.해당 상품의 기초지수는 HD한국조선해양과 한화오션, 삼성중공업 등 3대 조선사를 80% 비중으로 담고 있는데요. 소수 종목에 투자가 집중된 만큼 리스크도 존재하지만, 조선주 상승세를 보다 공격적으로 추종하려는 투자자들을 위해 나온 상품이란 설명입니다.또 삼성자산운용에서는 KODEX K방산TOP10을 내놓았고, 삼성액티브자산운용에서는 KoAct K수출핵심기업TOP30액티브를 출시했는데요. 여기에 추가적으로 운용업계에서는 방산 관련해 더 세분화된 상품과 상법 개정 수혜주, 또는 주주환원 관련 신규 ETF를 검토하고 있는 것으로 확인됐습니다.<앵커>네, 잘 들었습니다.조연기자 ycho@wowtv.co.kr",https://www.hankyung.com/article/2025071628095,2025.07.16 17:24
"""AI發 반도체 수출 호황, 4년 이상 장기지속 전망""",,"생성형 인공지능(AI)이 촉발한 반도체 수출 호황이 2000년대 초 정보기술(IT) 혁명 때처럼 4년 이상 장기 지속될 수 있다는 한국은행 분석이 나왔다.한은은 10일 발표한 ‘반도체 수출 경기 사이클 이번에는 다를까’ 보고서에서 2000년 이후 한국 반도체산업의 수출 순환기를 6단계로 구분해 분석했다. 2000년대 초 IT혁명과 대중화가 촉발한 확장기가 46개월로 가장 길었다. 다음으로 클라우드 서버(33개월), 코로나19 사태(23개월), 스마트폰 대중화(21개월) 등의 순이었다.2022년 말 챗GPT 출시로 시작된 생성형 AI발 반도체 수출 호황은 지난달까지 27개월째 지속되고 있는 것으로 분석됐다. 보고서는 “이번 확장기는 AI 인프라 및 기기 수요에 힘입어 2000년대 초 IT혁명 당시와 비슷하게 상당 기간 지속될 가능성이 높다”며 “빅테크에서 일반기업으로, 기업에서 국가로 AI 저변이 확대되며 AI 인프라 투자는 당분간 높은 증가세를 이어갈 것”으로 예상했다.한은은 고대역폭메모리(HBM) 반도체와 같은 고성능 반도체가 로봇과 자율주행차 등 새로운 AI 기기로 확산하면서 전체 반도체 수요가 늘어날 것으로 예상했다.좌동욱 기자 leftking@hankyung.com",https://www.hankyung.com/article/2025071011241,2025.07.10 17:52
"""애플·테슬라 빼고 M7에 넣자""…CEO 주식 대박난 '이 회사'","오라클 'AI 미러클'
3개월간 주가 90% 뛰었다

아마존·MS·구글이 고객
매출·투자 폭풍 성장

빅테크에 클라우드 서비스
트럼프 對中 칩 수출허용 '순풍' 
年41조 사상 최대 계약 체결 
""M7 재편해야 할 때"" 의견나와

오라클 창업자 래리 엘리슨
저커버그 제치고 세계 2위 부자로","사진=게티이미지뱅크 

                미국 소프트웨어기업 오라클의 주가와 실적, 투자가 인공지능(AI) 열풍에 힘입어 가파르게 상승하고 있다. 최근 3개월 새 주가가 거의 두 배 올랐다. 초대형 클라우드 계약과 데이터센터 투자 확대에 힘입어 성장세는 당분간 이어질 전망이다. 시장에선 오라클을 애플이나 테슬라 대신 핵심 기술주 7인방인 매그니피센트7(M7)에 넣어야 한다는 주장도 나온다. ◇챗GPT 이후 3배 뛴 AI 대표 수혜주







이미지 크게보기



                오라클은 아마존 마이크로소프트(MS) 구글 등 기업에 대규모 클라우드 서비스를 제공하는 업체로, 대표적인 AI 수혜주로 꼽힌다. 2022년 11월 챗GPT가 대중에 공개된 이후 오라클 주가는 세 배 가까이 올랐다. 최근 3개월 동안에만 90% 넘게 급등했다. 올 들어 오라클이 유독 두각을 나타내는 배경에는 견조한 실적, 주요 기업과의 파트너십, 도널드 트럼프 미국 행정부와의 우호적 관계 등 여러 호재가 작용하고 있다.올해 1월 오라클은 오픈AI, 소프트뱅크와 함께 4년간 5000억달러(약 693조원)를 투자해 미국 내 초대형 데이터센터를 구축하는 스타게이트 프로젝트를 발표했다. 이달 초에는 오픈AI가 이 계획의 연장선에서 오라클 데이터센터 4.5GW 용량을 추가로 임차하기로 합의한 사실이 알려졌다. 원자력발전소 4~5기 분량에 해당하는 전례 없는 규모다.최근에는 연간 300억달러 규모 클라우드 계약도 수주했다. 오라클 역사상 최대 규모 단일 클라우드 계약으로 평가된다. 아누라그 라나 블룸버그인텔리전스 애널리스트는 “이번 거래는 오라클이 몇 년간 클라우드 시장 점유율을 크게 확대할 것임을 보여주는 신호”라고 분석했다. 오라클은 규제당국에 제출한 서류에서 고객명은 밝히지 않았다. 이 계약에 따른 매출은 2028회계연도부터 반영될 전망이다.15일(현지시간)에는 트럼프 행정부가 엔비디아 등 미국 반도체기업에 일부 칩에 한해 중국 수출을 허용하기로 해 오라클 주가가 5.7% 급등했다. 호재가 겹치며 이날 래리 엘리슨 오라클 창업자는 블룸버그 억만장자지수에서 마크 저커버그 메타 최고경영자(CEO)를 제치고 세계 2위 부호 자리에 올랐다. 일론 머스크 테슬라 CEO에 이어 두 번째다. 엘리슨 창업자의 자산 중 80% 이상은 오라클 주식과 옵션으로 구성돼 있다. 그는 “이 정도 수요는 본 적이 없다”며 “한 고객이 자사 전체 클라우드 인프라를 오라클에 맡기겠다는 전례 없는 규모의 주문도 받았다”고 밝혔다. ◇장밋빛 전망에 ‘M7 재편론’ 부상전망도 장밋빛이다. 사프라 캐츠 오라클 CEO는 2025회계연도 4분기(3~5월) 실적 발표 이후 열린 콘퍼런스콜에서 “2026회계연도 클라우드 인프라 매출이 전년 대비 70% 이상 증가할 것”이라고 밝혔다. 지난 분기 성장률 52%를 훌쩍 웃도는 수치다. 2026회계연도 매출은 670억달러 이상으로 예상했다. 시장조사업체 LSEG의 예상치인 651억8000만달러를 웃도는 수준이다. 또 캐츠 CEO는 2029회계연도 목표 매출 1040억달러를 초과 달성할 가능성이 높다고 밝혔다.설비 투자도 급증하는 추세다. 오라클의 2025회계연도 설비 투자 규모는 210억달러(약 29조원)를 넘어 전년(70억달러 미만)의 약 세 배로 증가했다. 캐츠 CEO는 2026회계연도 설비 투자액이 250억달러(약 34조6500억원)를 넘을 것으로 내다봤다. 신용평가사 S&P는 최근 보고서에서 “장기적으로는 클라우드사업 전략이 긍정적일 것”으로 전망했다.미국 투자은행 TD카우언은 오라클 주가가 275달러까지 오를 것으로 보고 있다. 이는 월가에서 제시된 목표가 중 가장 높은 수준이다. 15일 주가인 234달러보다 17%가량 상승 여력이 있다는 분석이다. 일각에서는 미국 증시에서 주도주로 꼽히는 M7(애플, 아마존, 알파벳, 마이크로소프트, 메타, 테슬라, 엔비디아) 구성에 변화가 필요하다는 주장도 나왔다. 미국 경제매체 마켓워치는 비말 파텔 컬럼비아셀리그먼글로벌테크놀로지펀드 매니저가 M7에 애플과 테슬라를 빼고 대신 오라클과 브로드컴을 포함할 것을 제안했다고 보도했다.임다연 기자 allopen@hankyung.com",https://www.hankyung.com/article/2025071626911,2025.07.16 17:35
,,,https://magazine.hankyung.com/business/article/202507098412b,
관세 폭탄에도 꿋꿋…삼성은 '바닥' 확인,,"영상 모듈 닫기




<앵커> 미국의 25% 상호관세 부과 예고에도 코스피가 3,100선을 탈환하며 장을 마감했습니다. 예상 가능한 범주의 상호관세 수준에 우리 시장이 내성이 생겼다는 분석입니다.증권부 정재홍 기자 나왔습니다. 정 기자, 관세 리스크가 무색하게 우리 증시 크게 올랐죠.<기자> 코스피지수는 전장 대비 1.81% 오른 3,114.95포인트, 코스닥은 0.74% 상승한 784.24포인트로 장을 마쳤습니다. 트럼프 대통령의 상호관세 서한에 뉴욕증시에서 주요 지수가 큰 폭의 하락세를 보이면서 우리 시장도 개장 전 마음을 졸였죠.이른 아침 삼성전자 어닝쇼크까지 더해지면서 충격이 다소 클 것으로 예상됐습니다.막상 뚜껑을 열어보니 결과는 반대였습니다. 실적이 부진했던 삼성전자 주가가 소폭 하락했지만 SK하이닉스는 4% 이상 오른채 마감했습니다. 미국 필라델피아 반도체 지수가 1.88% 하락한 것 과 비교하면 의외의 결과입니다. 삼성전자가 실적 바닥 소식에 되레 SK하이닉스의 2분기 실적 기대감이 높아진 겁니다.특히 관세 직격탄을 맞는 자동차와 철강업종의 강세도 눈에 띄는데요. 미국 백악관이 기존 품목관세 적용을 받는 자동차, 철강, 알루미늄에는 상호관세가 중복되지 않는다고 밝히면서 리스크는 다소 해소됐습니다. 오늘 코스피에서 개인은 순매도로 돌아섰지만 조선업과 증권·은행업종에 기관과 외국인 매수세가 집중됐습니다.<앵커> 삼성전자 실적이 예상에 크게 미치지 못 했는데 이유는 무엇인가요?<기자> 반도체 부문 실적이 부진했기 때문입니다. 2분기 매출은 지난해 같은 기간 보다 소폭 줄어든 74조 원, 영업이익은 반토막이 난 4조 6천억 원을 보였습니다. 구체적인 사업부별 실적은 이달 31일 확정실적을 통해 공개되겠지만 시장에서는 반도체 영업이익이 같은 기간 크게 하락한 4~5천억 원대까지도 내다봅니다.메모리 업황이 살아나고 있다는 전망과는 정반대 결과인데요. HBM을 포함해 범용메모리 영업이익이 3조 원대 추산되지만 비메모리 즉 파운드리 적자 규모가 2조 원을 훌쩍 넘긴 것으로 예측되면서 메모리 부문 이익을 상쇄시켰다는 분석입니다. 또 엔비디아 공급이 계속 지연되면서 이를 위해 쌓아둔 HBM에 대한 재고평가손실이 반영된 영향도 있습니다.다만, 마이크론 실적에서 확인했듯이 AI 반도체 산업은 여전히 성장세입니다. 마이크론은 회계연도 3분기 시장 예상치를 뛰어넘는 24억 9천만 달러의 영업이익을 보여줬죠. 엔비디아 HBM 공급을 본격화하면서 데이터센터 매출이 지난해 같은 기간 보다 97% 늘어난 덕분입니다.이런 이유로 조만간 발표되는 SK하이닉스의 2분기 실적은 어닝 서프라이즈가 기대됩니다. 시장에서는 SK하이닉스가 2분기 기존 예상치인 8조 8천억 원을 뛰어넘는 9조 원대 영업이익을 기록할 것으로 내다봅니다.<앵커> 어닝 쇼크에도 3조 9천억 원 규모의 자사주 매입을 발표하며 6만 원대 주가는 사수했습니다. 시장은 2분기 실적을 바닥으로 보고 있나요?<기자> 자사주 매입은 주주환원책 강화를 위해 지난해 발표했던 총 10조 원 규모 자사주 소각 계획의 마지막 단계입니다. 단기적인 주가부양책이고 향후 주가는 실적이 좌우한다고 볼 수 있습니다.이번주 새로운 폴더블폰 시리즈가 공개되는 등 모바일 사업부는 3분기에도 선전이 예상됩니다. 그럼에도 반도체 기술 경쟁력 회복이 주가 밸류에이션에는 가장 중요합니다.계속된 미국의 제재로 중국 AI 반도체 기업들이 자립에 나섰잖아요. HBM 수입도 막히면서 자국내 창신메모리 등의 자체 HBM 전환도 가속화되고 있습니다. 범용 반도체 라인이 HBM으로 바뀌면서 저가 물량공세가 줄어드는 시장 상황을 고려해야합니다.기대가 되는 건 하반기 HBM4를 필두로 기술 경쟁 장이 열린다는 겁니다. 삼성전자는 지난달 HBM4에 탑재되는 10나노 6세대 D램에 대한 양산 준비 승인을 마친 것으로 나타납니다.또 하반기에 현재 수조원대인 파운드리 적자 규모가 축소될지도 살펴봐야 합니다. 삼성 파운드리는 올해 4분기 내년 갤럭시S26 시리즈에 탑재되는 2나노급 엑시노스 2600을 양산할 전망입니다. 퀄컴칩을 대체할 만큼 성능을 보인다면 자연스레 파운드리 적자도 줄어들 것으로 보입니다.시장에서는 파운드리 적자 축소와 메모리 이익 개선으로 삼성전자가 3분기 3조원 후반대 반도체 영업이익을 기록할 것으로 관측합니다.<앵커> 네. 잘 들었습니다.정재홍기자 jhjeong@wowtv.co.kr",https://www.hankyung.com/article/2025070856275,2025.07.08 17:30
"'BNK금융지주' 52주 신고가 경신, 전일 기관 대량 순매수",,"◆ 주체별 매매동향- 전일 기관 대량 순매수지난 한달을 기준으로 보면 기관이 484.2만주를 순매수한 반면, 외국인은 216.0만주를 순매도했고, 개인들도 250.4만주를 순매도했다. 같은 기간 이 종목의 거래 비중은 외국인과 기관이 각각 45.1%, 31.1%로 비중이 높다.더욱이 전일 기관이 대량 순매수를 하고 있어 투자자들의 관심이 집중되고 있다.[그래프]BNK금융지주 외국인/기관 매매동향











◆ 최근 애널리스트 분석의견- 2Q25 Preview: 건전성만 회복된다면 - 상상인증권, BUY(신규)07월 03일 상상인증권의 김현수 애널리스트는 BNK금융지주에 대해 ""2분기 실적, 컨센서스 상회 전망. 건전성 부담 지속, 하반기 회복 여부 주시 필요: CCR은 여전히 높은 0.76% 수준이며, 1분기 NPL 비율은 1.69%(QoQ +38bp, YoY +84bp)로 빠르게 상승 중이다. 커버리지 비율도 84.5%로 낮아 건전성 우려가 지속되고 있다. 1분기 연체율 또한 부산은행 0.73%(+15bp), 경남은행 0.68% (+23bp)로 큰 폭 상승한 상태다. 3분기까지는 부담이 이어질 수 있으나, 4분기에는 내수 회복과 금리 인하 효과로 개선이 기대된다.""이라고 분석하며, 투자의견 'BUY(신규)', 목표주가 '18,000원'을 제시했다.한경로보뉴스이 기사는 한국경제신문과 금융 AI 전문기업 씽크풀이 공동 개발한 기사 자동생성 알고리즘에 의해 실시간으로 작성된 것입니다.",https://www.hankyung.com/article/202507047735L,2025.07.04 09:14
관세·세법 변수에 불안한 투심…방어 ETF 부상,,"영상 모듈 닫기




<앵커> 한미 관세 협상 마감 시한이 코앞으로 다가오면서 코스피가 숨고르기에 들어갔습니다. 대형 이벤트를 앞두고 주가 방향성에 대한 투자자들의 고민도 깊어지고 있는데요. 주가 변동성 확대가 에상되면서 이에 대응하는 상품들도 속속 등장하고 있습니다.증권부 정재홍 기자 나왔습니다. 정 기자, 코스피가 3,200선에서 등락을 반복하고 있죠?<기자> 네. 지난주 금요일 장중 3,220.27포인트를 기록해 연고점을 넘어섰던 코스피 지수가 오늘은 3,183.77포인트로 전거래일 보다 0.44% 상승 마감했습니다. 지난주 3,200선을 처음 넘긴 뒤 상승과 하락을 반복하고 있습니다. 그간 강세를 보였던 종목은 하락하고, 반대로 약세였던 종목은 오르는 순환매가 나타나고 있습니다.상법개정안과 배당소득 분리과세 기대 수혜가 컸던 은행, 증권주 하락폭이 확대됐습니다. 조만간 발표될 새법개정안에 완화됐던 증권거래세와 대주주 양도소득세 원상복구안이 포함되는 것으로 전해지면서 실망을 안겼다는 분석입니다.반면 미국과 일본의 상호관세 협상 타결 소식에 자동차는 강세입니다. 현대자동차와 기아의 주가는 오늘 각각 전거래일 보다 7.51%, 8.49% 오른 채 마감했습니다. 이번 협상으로 일본이 자동차 품목 관세를 기존 25%에서 12.5%(기본관세 2.5% 별도)로 절반 인하하면서 우리의 협상 결과에도 낙관적인 기대가 반영됐습니다.<앵커> 오픈AI의 초대형 인공지능(AI) 프로젝트 난항 소식이 우리 반도체주에 주는 영향도 적지 않을 것으로 보이는데요. AI 버블 우려도 다시 나오고 있죠?<기자> 네. 연일 최고치를 경신하던 미국 나스닥과 S&P500 지수에 찬물을 끼얹은 소식이었습니다. 월스트리트저널(WSJ)이 5천억 달러, 우리돈 700조 원 가량이 투입되는 AI 인프라 프로젝트 '스타게이트' 계획 차질 소식을 전하면서 영향이 컸습니다. AI 반도체 대표주인 엔비디아와 브로드컴 주가는 각각 2.54%, 3.34% 하락했습니다.이달 엔비디아 시가총액이 4조 달러를 돌파하면서 시장에는 AI 거품론이 다시 제기됩니다. 뉴욕증시 시총 상위 10개 기업의 12개월 선행 주가수익비율(PER)은 현재 30배 수준으로, 25년 전 IT 버블 당시 수치인 25배를 넘는 것으로 분석됩니다.트럼프 관세에 대한 시장 여파가 옅어지고 있음에도 작은 변수 하나가 투자자들의 심리를 자극할 수 있는 시점입니다.무엇보다 트럼프 관세 영향이 이제 하나둘 나타나 경기 펀더멘털을 위협하고 있습니다.대표적인 사례가 전날 밤 나온 제네럴모터스(GM)의 2분기 실적입니다. 지난해 같은 기간 보다 순이익이 35.4% 감소한 18억 9,500만 달러를 보였는데 우리돈으로 1조 5천억 가깝게 감소한 수치입니다. GM은 한국을 포함해 멕시코와 중국 등에서 공장을 운영해 자동차 품목관세 영향을 직접 받습니다. 기업들이 관세에 대응해 수익 방어 전략으로 가격을 올리면 고스란히 미국 소비자에게 전가돼 실물경제에 악영향을 미칩니다.<앵커> 주가 변동성이 높아진다는 경고가 곳곳에서 들리는데요. 투자자들의 투자방향성 고민도 깊어지는 시점이네요.<기자> 네. 시장 변동성을 나타내는 변동성지수(VIX)가 20 포인트 이상이면 불확실성이 크다고 보잖아요. 현재 16.50포인트 수준으로 높지는 않습니다만 지난해 평균인 15.61포인트를 상회하는 수치를 보이고 있습니다. 또 올해 연간 월평균치를(1월~6월) 보면 지난 4월 관세 충격 전후로 크게 치솟으면서 21.05포인트 수준으로 나타납니다. 투자자들이 느끼는대로 불확실성 속 강세장이라는 말입니다.불안한 투자심리에 대응해 변동장에 대비한 ETF 상품도 속속 등장하고 있습니다.삼성자산운용은 다음달 둘째 주에 '미국S&P500변동성확대시커버드콜' ETF를 내놓을 예정입니다. S&P500 기반 커버드콜 상품인데, VIX지수가 오르면 추가 수익을 얻는 구조로 설계됐습니다. 즉, 변동성이 확대될수록 이익을 얻는 방어적 상품으로 이해할 수 있습니다.어제 키움투자자산운용은 가상 옵션 복제 전략을 활용한 '미국테크100월간목표헤지액티브' ETF를 상장했습니다. 주식과 채권을 혼합해 운용하는데, 매월 목표 방어 수익률을 정한다는 게 가장 큰 특징인데요. 주가가 떨어지면 주식을 팔고 채권을 사고, 반대로 주가가 오르면 채권을 팔고 주식을 사는 구조입니다. 회사 측은 손실 회피와 수익 참여에 균형을 맞춘 상품이라는 설명합니다.<앵커> 네. 잘 들었습니다.정재홍기자 jhjeong@wowtv.co.kr",https://www.hankyung.com/article/2025072375625,2025.07.23 17:22
"한국금융연수원, 대학생 대상 예비금융인 양성용 교육 실시",,"한국금융연수원은 다음달 22일까지 대학생을 대상으로 예비 금융인을 양성하기 위한 '퓨처뱅크 아카데미'(Future Banker 아카데미) 프로그램 제1기를 실시한다고 14일 밝혔다.이날 시작된 퓨처뱅크 아카데미 프로그램은 은행권 취업을 희망하는 대학생이 실제 업무에 필요한 금융 실무 역량을 습득해 취업 경쟁력을 강화할 수 있도록 구성됐다.이번 여름방학에 실시하는 1기 프로그램엔 상명대, 성균관대, 연세대, 한성대 등 4개 대학에서 총 153명이 참여할 예정이다.
                    



한국금융연수원 제공

                한국금융연수원은 대학생의 부족한 직무 이해도를 제고하기 위해 이번 프로그램을 마련했다고 설명했다. 직무에 대한 충분한 이해 없이 입사하는 청년이 많은 탓에 최근 금융사의 신입 직원의 이탈이 많아졌다는 금융사 현장의 목소리가 커졌다는 이유에서다.퓨처뱅크 아카데미 프로그램은 기본과정, 심화과정, 현장체험과정 등 총 3단계로 구성돼 있다. 기본과정은 서울 삼청동 한국금융연수원 본원에서 이달 14일부터 16일까지 총 3일 동안의 집중 교육으로 진행된다. 은행권 주요 직무에 대한 기초 이해를 중심으로 프로그램이 구성돼 금융권 취업을 처음 준비하는 학생을 위해 마련됐다.
                    



한국금융연수원 제공

                이달 17일부터 18일까지 2일간 진행되는 심화과정은 취업 준비를 본격적으로 시작하는 고학년 대학생을 대상으로 한다. 개인금융, 기업금융, 디지털금융 등 각 직무 분야의 최신 실무 사례 기반 강의와 함께 자기소개서 작성 및 면접 준비 노하우를 세부적으로 다루는 특강이 포함돼 있다.현장체험과정은 오는 8월 22일 하루 일정으로 운영된다. 오전에는 서울지방고용노동청 서울고용복지플러스센터 1층에서 은행권 최근 이슈 등을 주제로 한 특강이 진행된다. 오후에는 금융기관 본점 딜링룸 등을 방문해 직무 환경을 간접적으로 체험할 수 있는 기회를 제공한다.한국금융연수원은 퓨처뱅크 아카데이 프로그램 2기부터는 참여 대학을 확대할 예정이다.정의진 기자 justjin@hankyung.com",https://www.hankyung.com/article/202507147254i,2025.07.14 16:16
6년만에 줄어든 주식 공급…금융·지주·소비재株 뜬다,"'공급 축소' 수혜주 분석

코스피 지난 5년간 '공급 우위'
올해 자사주 매입·소각 늘며
2019년 이후 처음으로 감소

미래에셋·삼성물산·KB금융 등
주식 공급 축소 수혜주로 주목","자사주 소각 의무화 논의가 본격화하면서 ‘주식 공급’ 감소 업종이 주목받고 있다. 유상증자·중복상장으로 주식 수가 증가한 탓에 제 평가를 받지 못한 업종보다 자사주 소각으로 주식 공급을 줄여온 업종의 수익률이 더 높을 것이란 기대 때문이다. 증권가에선 금융, 지주, 통신 등 주주환원에 적극적인 업종이 계속해서 주식 공급을 줄일 것으로 보고 있다.
                    






이미지 크게보기



 ◇코스피 11% 뛸 때 시총 32% 커져14일 한국거래소에 따르면 코스피지수는 이날 26.26(0.83%) 오른 3202.03에 장을 마쳤다. 최근 급등했지만 2020년 말(2873.47)과 비교하면 11.4% 상승하는 데 그쳤다. 같은 기간 시가총액 규모는 32.3%(1980조5432억원→2620조571억원) 불어난 것으로 집계됐다. 이 기간 중복상장, 유상증자, 기업공개(IPO) 등으로 상장 주식 수가 증가하면서 시총이 커진 데 비해 주가 상승률은 3분의 1에 그쳤다는 뜻이다. 코스피지수는 주식 수 증감에 따른 시총 변동은 반영하지 않는다. 지난 4년6개월 동안 유가증권시장의 주식 공급이 그만큼 많았다는 의미다.다만 올 들어서는 2019년에 이어 두 번째로 주식 공급 축소 흐름이 나타나고 있다. 유진투자증권에 따르면 올 들어 자사주 매입과 소각이 이어지면서 시총보다 코스피지수가 더 많이 올라갔다. 허재환 유진투자증권 연구원은 “2019년 공급이 줄어든 시점 이후 시장이 반등한 전례를 고려하면 올해도 비슷한 패턴이 나타날 수 있다”며 “지금은 실적보다 공급이 줄어드는지가 주가 흐름을 좌우하는 장세”라고 설명했다.이 같은 기대감이 반영되면서 주주환원에 적극적인 업종의 강세가 이어지고 있다. 이날도 KRX 보험지수는 6.03% 급등했다. KRX 증권과 은행지수도 각각 2.29%, 2.2% 상승했다. 삼성화재(9.51%), 삼성생명(6.91%), 기업은행(4.05%) 등 대형 금융주가 강세를 보인 영향이다. CJ(10%), 코오롱(7.1%), 삼성물산(6.62%) 등 대형 지주사의 상승폭도 컸다. ◇지주·금융·통신 등 주식 감소 기대증권가에서는 은행, 증권, 상사·자본재, 필수소비재 등 업종에서 주식 공급 축소 흐름이 뚜렷하다는 분석이 나온다. 자사주를 적극적으로 매입·소각한 결과 시총이 불어나는 속도보다 주가 상승세가 가팔랐다는 것이다. 유진투자증권에 따르면 은행 업종은 시총 증가율과 주가 상승률 간 격차가 -15.1%포인트로 나타났다. 예컨대 시총이 10% 증가했다면 주가 상승률은 25%였다는 의미다. 증권(-9.8%포인트), 상사·자본재(-9.6%포인트), 비철금속(-9.4%포인트) 등도 시총 증가세보다 주가 상승폭이 더 컸다.반대로 2020년 이후 시총 증가율이 주가 상승폭보다 큰 업종은 배터리 종목이 속한 IT·가전(249.0%포인트), 기계(202.3%포인트), 조선(201.8%포인트), 운송(149.6%포인트) 등이다. LG에너지솔루션과 HD현대마린솔루션 등의 대형 IPO가 집중되면서 시총은 빠르게 확대됐지만 주가 흐름은 그 속도를 따라가지 못한 경우다.증권가는 주식 공급 축소 종목을 찾아나서고 있다. 올 들어 시총 증가율 대비 주가 상승률이 큰 대표적인 종목은 미래에셋증권, 삼성물산, 메리츠금융지주, KB금융, 삼성화재, SK스퀘어, KT&G 등이다. 미래에셋증권은 시총 증가율보다 주가 상승률이 7.1%포인트 더 높았다. 삼성물산과 메리츠금융 역시 격차가 각각 6.5%포인트, 6.3%포인트로 나타났다.자사주 매입과 소각을 병행하는 기업이 대부분이다. SK스퀘어는 지난 4월 1000억원 규모의 자사주 소각을 완료했다. KT&G는 2027년까지 전체 발행 주식 수의 20%를 소각하겠다고 밝혔다. KB금융, 신한지주, 하나금융지주, 메리츠금융 등도 꾸준히 자사주를 매입하고 있다.박주연/박한신 기자 grumpy_cat@hankyung.com",https://www.hankyung.com/article/2025071476141,2025.07.14 17:47
글로벌 재계 거물 만난다…족쇄 벗은 이재용의 '뉴삼성' 탄력 [종합],"이재용 '사법 리스크' 해소
반도체 위기·실적 부진 과제
기술 혁신·대규모 투자 주목","영상 모듈 닫기




이재용 삼성전자 회장(사진)이 10년 가까이 짊어졌던 사법 리스크를 털어내면서 '뉴삼성'을 위한 경영 활동에도 한층 힘이 실리게 됐다. 이 회장은 그간 수사와 재판, 수감 생활 등으로 글로벌 기업 주요 인사들과의 소통도 가로막혔던 데다 대규모 투자를 결정하는 데 제약이 컸다. 1~2심 재판이 진행되는 동안 무려 100차례에 걸쳐 법원에 출석해야 했기 때문이다. 이재용, 대법서 무죄 확정…경영 위기 돌파 등 과제




이재용 삼성전자 회장이 지난 5월 30일 서울 중구 신라호텔에서 열린 2025 삼성호암상 시상식에 참석하고 있다. 사진=뉴스1

                17일 법조계에 따르면 대법원 3부(주심 오석준 대법관)는 이날 오전 자본시장법 위반 혐의로 재판에 넘겨진 이 회장에게 검찰 측 상고를 기각하고 무죄를 확정했다. 이 회장과 함께 재판에 넘겨진 최지성 전 삼성그룹 미래전략실(미전실) 실장, 김종중 전 미전실 전략팀장, 장충기 전 미전실 차장 등 나머지 13명도 무죄를 선고받았다. 이 회장은 이번 판결로 경영 활동에 족쇄가 됐던 사법 리스크를 해소하게 됐다. 삼성전자는 그간 이 회장의 경영 공백으로 대규모 투자 결정과 글로벌 경영에 어려움을 겪어 왔다. 부당합병 관련 사건으로 1, 2심 재판 과정에서만 100차례나 법원에 출석할 만큼 발목을 잡히면서 사실상 정상적인 경영 활동이 어려웠던 것이다. 2017년 2월엔 박근혜 정부 국정농단 사건으로 구속 기소됐고 2년6개월의 실형을 선고받았다. 이 회장이 사법 리스크에 허덕이는 동안 삼성전자는 SK하이닉스에 사상 처음으로 전사 영업이익이 뒤처지는 초유의 사태를 마주해야 했다. 인공지능(AI) 반도체 시장에 발 빠르게 대응하지 못해 고대역폭메모리(HBM) 경쟁력을 확보하지 못했고 파운드리(반도체 위탁생산) 사업도 수조원대 적자를 내며 허덕였다. 그사이 대만 TSMC와의 격차는 더 벌어졌다. 스마트폰·TV 등 주력 제품에서도 경쟁업체나 후발 주자들에게 쫓기는 중이다. 대규모 투자 결정도 멈췄다. 2017년 3월 9조3000억원 규모의 하만 인수를 단행한 뒤 8년간 대규모 인수합병은 사실상 전무했다. 글로벌 행보 '주목'…인수합병·재계 거물 소통 '속도'하지만 2심에서 부당합병·회계 부정 등의 혐의와 관련해 이 회장에게 전부 무죄를 선고하면서 경영상 공백이 차츰 해소되기 시작했다. 이 회장은 2심 선고 이후 곧장 중동·동남아시아 시장 점검을 위한 출장길에 올랐다. 그간 챙기지 못한 글로벌 시장 상황을 점검하고 현지 주요 사업을 챙기는 등 경영 공백에 따른 위기를 해소하는 데 속도를 냈다. 굵직한 인수합병 성과도 이어졌다. 올해 들어 진행된 인수합병은 총 3건. 삼성전자는 자회사 하만을 통해 미국 마시모의 오디오 사업부를 3억5000만달러에 인수했다. 또 15억유로를 들여 유럽 최대 공조기기 업체인 독일 플랙트그룹을 인수하는 계약을 체결했다. 이달 초엔 미국 디지털 헬스케어 회사 젤스와 인수한다고 발표했다. 글로벌 경영에도 속도가 붙었다. 항소심 선고 다음 날엔 샘 올트먼 오픈AI 최고경영자(CEO)와 손정의(일본명 손 마사요시) 소프트뱅크 회장을 만나 AI 투자 방안 등을 논의한 것으로 전해졌다. 항소심 선고 전 국내에 머무르면서 대외 활동을 자제해 왔던 때와는 확연히 다른 모습이다.올해 초엔 중국을 찾아 시진핑 국가주석을 만난 데 이어 일본·미국 등을 연이어 방문했다. 중국 출장길에선 비야디(BYD) 등도 찾았다. 삼성전기는 이 회장 방문 이후 BYD에 적층세라믹커패시터(MLCC)를 공급하는 계약을 따냈다. '억만장자 사교클럽'으로 불리는 '선 밸리 콘퍼런스'에도 다시 참석했다. 이 행사의 정식 명칭은 '앨런&코 콘퍼런스'다. 미국 투자은행 앤런&코 컴퍼니가 1983년 7월을 시작으로 매년 주최하는 국제 비즈니스 회의로 글로벌 미디어, 정보기술(IT) 업계 거물들이 초청되는 비공개 행사다. 올해 행사엔 마크 저커버그 메타 CEO, 팀 쿡 애플 CEO, 순다르 피차이 구글 CEO, 샘 올트먼 오픈AI CEO 등이 참석했다.  이 회장은 2017년 구속 수감 당시 법정에서 ""선 밸리는 1년 중 가장 바쁜 출장이고 가장 신경쓰는 출장""이라고 강조했다. 하지만 수사·재판 일정과 수감 생활이 이어지면서 2017년부터 참석하지 못하다 올해 다시 참석했다. 이 회장은 지난 14일 선 밸리 콘퍼런스에 참석한 뒤 귀국하면서 ""여러 일정을 하느라 피곤하다""고 짧게 답했다. '실적 부진' 주범, 반도체 사업 회복 총력전 예고 삼성전자는 이 회장의 사법 리스크가 해소된 만큼 실적 부진 원인으로 지목된 반도체 경쟁력 확보에 총력을 기울일 전망이다. 회사는 올 하반기 양산을 예고한 6세대 HBM인 'HBM4' 제품을 앞세워 실적 반전을 노리고 있다. AMD·브로드컴 등엔 5세대 제품인 HBM3E를 공급하면서 반전 기회를 만드는 중이다. 미국 관세 정책에 따른 불확실성도 이 회장에게 주어진 과제 중 하나다. 경영계에선 사법 리스크를 털어낸 이 회장을 중심으로 적극적인 투자와 기술 혁신을 주문하는 목소리가 나왔다. 이상철 한국경영자총협회(경총) 홍보실장은 ""AI, 반도체 등 첨단기술의 글로벌 경쟁이 갈수록 치열해지고, 미국발 관세문제, 저성장 고착화 등 수많은 난제들이 산적한 상황에서 한국 기업을 대표하는 삼성전자의 역할은 어느 때보다 중요한 상황""이라며 ""이 회장의 강력한 리더십을 중심으로 보다 적극적인 투자와 기술혁신을 통해 세계시장에서 우위를 확보하고 새로운 성장동력 발굴과 더 많은 일자리 창출로 우리 경제 재도약의 기틀을 마련하는 데 최선을 다해주길 바란다""고 주문했다.김대영 한경닷컴 기자 kdy@hankyung.com",https://www.hankyung.com/article/202507174354g,2025.07.17 13:27
"[마켓PRO] SK하이닉스, 시장 주도권 '잃을 것 vs 지킬 것'…증권가 갑론을박 [선한결의 이기업 왜이래]",,"한경DB

                올들어 주가가 약 56% 뛴 SK하이닉스를 두고 글로벌 투자은행(IB)과 주요 증권사들의 전망이 극명하게 엇갈리고 있다. 고대역폭메모리(HBM) 시장에서 SK하이닉스가 독점적 지위를 얼마나 오래 유지할 수 있는가가 논쟁의 핵심이다. 올 상반기 기준 SK하이닉스의 HBM 시장 점유율은 60%대인 것으로 알려졌다. 이를 마이크론과 삼성전자 등이 추격 중이다. 글로벌 IB ‘내년에 HBM 가격 내린다’ vs ‘그래도 SK하이닉스 마진률은 유지’22일 유가증권시장(코스피)에서 SK하이닉스는 1.47% 내린 26만8500원에 장을 마감했다. 이 기업은 글로벌 IB 골드만삭스가 투자의견을 하향한 지난 17일 이래 주가가 약 9% 내렸다.  골드만삭스는 지난 17일 SK하이닉스에 대한 투자의견을 중립으로 하향하고 목표주가를 31만원으로 제시했다. ‘SK하이닉스는 내년 HBM 시장에서 걸림돌을 맞닥뜨릴 것’이라는 게 골드만삭스의 시각이다.  골드만삭스는 “내년엔 처음으로 HBM 가격이 하락세를 보일 수 있다”며 “두자릿수 %까지 하락할 것”이라고 내다봤다. 시장 경쟁이 늘면서 HBM 가격 협상력이 차차 공급자에서 수요자로 넘어가고, 이로 인해 SK하이닉스도 HBM 가격 하락 압력을 받을 것이란 얘기다. 골드만삭스는 “SK하이닉스는 주요 고객사(엔비디아) 매출 비중이 높은 편”이라며 그만큼 마진 손실 압력도 클 것이라고 전망했다.  반면 BoA는 지난 14일 발간한 보고서에서 “내년까지 SK하이닉스 HBM3e, HBM4에 대한 미국 고객사들의 수요가 꺾임 없이 강력하게 이어질 것”이라며 정반대 의견을 내놨다. 목표주가는 36만원으로 제시. 22일 종가 대비 약 34% 상승여력이 있다는 분석인 셈이다. BoA도 내년 SK하이닉스가 HBM 가격을 내릴 것으로 봤다. 단 가격 하락 원인과 영향에 대해선 골드만삭스와는 다른 분석을 내놨다. BoA는 “SK하이닉스가 생산 초기엔 HBM4 가격을 HBM3e에 비해 30~40% 비싸게 책정하고, 내년 중반께엔 HBM3e 대비 15~20%만 높은 정도로 가격을 내릴 수 있다”며 “다만 이는 초반엔 수율이 낮다는 리스크를 가격에 반영하기 때문일 것”이라고 전망했다. 수율이 낮은 시기엔 사실상 원가 부담이 더 높은 만큼 더 비싸게 팔고, 수율이 60% 이상으로 안정화하면 그에 맞춰 가격을 내릴 것이란 얘기다.  SK하이닉스가 HBM4 가격을 내린다한들 결과적인 마진률은 같을 것이란 게 BoA의 예상이다. BoA는 “SK하이닉스의 HBM4와 HBM3e 마진은 60% 수준이 될 것으로 예상한다”며 “삼성전자는 30% 수준일 것”이라고 했다. 이어 “SK하이닉스는 엔비디아와 올 3분기께 HBM4 공급 계약을 맺고, 올 4분기부터는 소량으로 시작해 내년엔 본격 공급에 나설 전망”이라고 내다봤다.  주가에 대해서도 두 IB의 의견이 딴판이다. 골드만삭스는 “현재 시장 전망은 과도하게 낙관적”이라며 “다시 투자의견을 매수로 상향하려면 HBM과 D램 수요·가격이 더 올라야 할 것”이라고 했다. 반면 BoA는 “마이크론의 주가순자산비율(PBR)이 2배 수준인데, 수익성(마진)은 SK하이닉스보다 낮다”며 PBR 2.2배 수준인 주당 36만원을 제시했다. SK하이닉스의 2017~2018년 ‘반도체 수퍼사이클’ 당시 PBR이 1.9배였지만, 이번엔 수익성이 더 높은 구간을 거치고 있다는 게 BoA의 진단이다. 국내 증권사들도 이견…“점유율 뺏길 것” vs “우려 과도해”국내 증권사들도 엇갈린 분석을 내놓고 있다. 미래에셋증권은 지난 14일 SK하이닉스에 대해 투자의견을 중립으로 하향했다. 김영건 미래에셋증권 연구원은 “밸류에이션(가치평가)에 이익 전망치 반영이 상당분 이뤄졌다”며 “내년 영업이익은 올해보다 크겠지만 자기자본이익률(ROE)는 올해 37.6%를 고점으로 내년부터 점차 낮아져 30% 초반 수준이 될 것”이라고 전망했다.  내년 하반기부터 SK하이닉스의 HBM 시장 점유율이 하락세를 겪을 것이라는 게 김 연구원의 전망이다. 그는 “밸류에이션 수준이 더 오르려면 HBM4E 이후에도 시장 점유율을 유지하거나, 주주환원이 더 이뤄져야 한다”고 덧붙였다.  김광진 한화투자증권 연구원은 “내년 HBM 시장은 경쟁 심화라는 큰 변화를 겪을 것”이라며 “SK하이닉스가 시장 1위를 유지하겠지만 점유율은 기존 대비 줄어들어 SK하이닉스의 판매가와 이익률이 영향을 받을 수 있다”고 했다. 이어 “HBM3E 8·12단 모두 시장 개화 첫 해에 사실상 SK하이닉스가 독점 구도였지만 내년 본격 개화가 예상되는 HBM4 시장은 독점으로 시작하지 않을 수 있다”는 지적이다.  반면 우려가 과도하다는 의견도 나온다. 손인준 흥국증권 연구원은 “SK하이닉스는 가장 큰 AI 수혜업체로서 강한 실적흐름을 유지할 것”이라며 “HBM 경쟁 심화 우려가 나오지만 아직 경쟁 구도가 크게 변할 것이란 가정을 하기엔 이르다고 본다”고 했다. 이승우 유진투자증권 연구원은 “차차 경쟁이 심화해 SK하이닉스의 HBM 점유율이 하락하는 것은 너무나 당연한 수순이고, 이는 이미 SK하이닉스의 밸류에이션에 반영돼 있다”며 “내년 하반기에 HBM 가격이 하락한대도 HBM 시장 규모 자체가 (전년대비) 60%대로 성장해 주요 반도체 카테고리 중 성장률이 가장 높을 것”이라고 했다.  이민희 BNK투자증권 연구원은 “삼성전자 등이 본격적으로 HBM4 수주 확보전에 나서면서 HBM4의 가격 프리미엄이 당초 예상한 30%보다 낮은 10~20% 수준에 그칠 수 있다”면서도 “그렇다해도 이익률을 우려할 수준은 아니다”고 했다. 보다 마진이 높은 HBM4 판매량이 늘어 SK하이닉스의 매출 증가폭이 커지는 만큼 영업이익 성장이 계속될 것이란 것이란 예상이다. 주가 많이 올랐는데…""여전히 성장 여력”이달들어 SK하이닉스에 투자 의견을 새로 낸 국내 증권사는 12곳이다. 이들의 평균 목표주가는 약 34만2000원이다. 최저 목표주가는 30만원(미래에셋증권), 최고는 37만원(상상인증권)이다. 이달 중 SK하이닉스에 대한 투자 의견을 낸 12곳 중 8곳이 기존 대비 목표가를 기존 대비 올려잡았다.주가  증권가는 아직 SK하이닉스의 추가 상승 여력이 남았다고 보는 분위기다. AI 확산기에 주요 기술기업들의 HBM 수요가 지속될 전망이라서다. 각국이 소버린 AI 프로젝트에 나선 것도 수요를 떠받칠 전망이다. 류형근 대신증권 연구원은 “이전에 비해 주가 매력이 줄어들긴 했지만, 투자의견을 하향할 단계는 아니다”라며 “내년 빅테크들의 설비투자(CAPEX)가 상향된다면 여전히 가장 먼저 살 만한 주식이 SK하이닉스”라고 했다.  김록호 하나증권 연구원은 “후발업체들 진입으로 점유율은 일부 축소되겠지만, 수익성 개선 흐름은 지속될 것”이라며 “AI 확산이 이끄는 반도체 사이클에서 여전히 수혜를 받을 수 있는 만큼 비중확대 전략을 유지할만 하다”고 말했다. 선한결 기자 always@hankyung.com",https://www.hankyung.com/article/202507225214i,2025.07.22 17:54
[단독] 조선 훈풍에 대우 달라진 '미운오리새끼',"매물로 나온 케이조선

한때 고철값에 경영권 넘긴 신세
슈퍼 호황에 2년치 일감 꽉차
9년 만에 매출 1조 넘어설 전망
한화·HD현대 등 인수 후보 거론","이미지 크게보기


케이조선 6500 CBM급 LNG 벙커링 선박

▶마켓인사이트 7월 8일 오후 3시 51분 법정관리를 거쳐 채권단이 관리하던 케이조선(당시 STX조선해양)은 2021년 2500억원에 연합자산관리(유암코)·KHI 컨소시엄에 팔렸다. 올해 3월 말 기준 케이조선의 순자산인 3750억원을 크게 밑도는 가격이다. “한때 세계 4위로 군림했던 조선사가 고철값만 받고 팔렸다”는 평가가 조선업계에서 나왔다. 하지만 최근 조선업에 불어온 훈풍과 함께 케이조선이 다시 가치를 인정받기 시작했다. 새 주인을 찾으면 ‘제2의 전성기’를 맞이할 것이라는 전망도 나온다. ◇ 재도약하는 케이조선8일 투자은행(IB)업계에 따르면 국내 주요 회계법인은 물밑에서 인수 후보들을 접촉하며 케이조선 인수 의사를 타진하고 있다. 한화그룹과 HD현대그룹, KG그룹, KBI그룹, 동국제강 등이 새 주인으로 거론된다. 케이조선의 가파른 실적 상승세에 외국계 펀드도 적극적인 인수 의사를 밝히고 있는 것으로 알려졌다.올 1분기 케이조선의 평균 가동률은 110%에 달한다. 기존 업무 시간 외에 휴일, 야간 조업까지 이어갔다는 의미다. 일감도 2년 치를 일찌감치 수주해 놓은 상황이다.이는 실적 개선으로 이어졌다. 올 1분기 매출은 2856억원으로 전년 동기(2327억원) 대비 22.7% 증가했다. 영업이익은 127억원으로 1년 전(25억원)과 비교해 다섯 배가량 급증했다. 올해는 매출 1조원 문턱을 넘어설 것으로 기대된다. 케이조선이 1조원 이상의 연 매출을 기록한 건 STX조선해양 시절이던 2016년이 마지막이다.케이조선의 주력 제품인 석유화학 제품 운반선 가격이 러시아·우크라이나 전쟁으로 오르면서 실적 상승세는 당분간 이어질 전망이다. 케이조선은 친환경 선박 시장에서의 경쟁력을 끌어올리며 글로벌 해운사들의 노후 선박 교체 수요를 정조준하고 있다. 군함 유지·보수·정비(MRO) 사업에 신규 진출할 기회도 엿보고 있다. ◇ 매각가 5000억원 수준 전망본격적인 매각 과정에서 인수 후보자의 안정적인 회사 운영 능력이 가장 비중 있게 검토될 전망이다. 조선업 자체가 국가 전략 산업인 데다 업황에 따라 부침이 큰 특성이 있기 때문이다. 이 때문에 외국계 펀드에 매각될 가능성은 낮다. 한화그룹이 가장 먼저 인수 제안을 받고 초기 검토까지 마쳤지만 당장은 인수하지 않기로 잠정 결론 내린 것으로 전해졌다. 매각 작업이 본격화되면 케이조선의 몸값을 깎기 위한 협상 전략이라는 분석도 있다.케이조선과 비슷한 규모의 중견 조선사인 대한조선은 최근 기업공개(IPO)를 추진하며 주가순자산비율(PBR)을 4.58배로 적용해 기업가치를 산정했다. 이에 따른 기업가치는 최대 1조9000억원에 달할 것으로 보인다. 이를 감안하면 케이조선의 기업가치 역시 최대 1조2000억원에 이를 것으로 추산된다.하지만 시장에서 거론되는 매각가는 5000억원 수준이다. 조선업 불황이 언제든 재연될 수 있는 가운데 대한조선이 케이조선보다 안정적으로 운영되고 있다는 점이 매각가를 낮추는 요인이 됐다. 케이조선의 고질적 문제인 저가 수주가 완전히 사라지지 않았다는 점도 할인 요인이다.IB업계 관계자는 “케이조선 인수 당시 유암코 컨소시엄은 1000억원으로 보통주를 사고, 나머지는 전환사채(CB)와 회사채를 사는 방식으로 지분을 확보했다”며 “경영권을 매각하더라도 회사채 등의 채권자격은 유지되는 만큼 1000억원 이상으로만 팔아도 수익을 낼 수 있다는 점 역시 매각가가 실제 기업가치보다 낮게 나온 요인”이라고 설명했다.박종관 기자 pjk@hankyung.com",https://www.hankyung.com/article/2025070856361,2025.07.08 17:43
업비트를 잡는자가 원화 스테이블코인에서 승리하리라 [ASA 오피니언 #3],,"1. 스테이블코인 초기 유통의 열쇠: 거래소1.1 네이버페이 x 업비트 컨소시엄의 등장
                    




2025년 7월 1일, 한국의 원화 스테이블코인 산업에는 꽤 큰 뉴스가 있었는데, 바로 업비트가 네이버페이와 원화 스테이블코인 사업에 대해 제휴하기로 한 것이다. 이는 한국 암호화폐 거래소 1위 사업자와, 한국 간편결제 1위 사업자가 파트너십을 통해 스테이블코인 발행 사업을 추진한다는 것이었다.최근 한국 내에선, 8개의 시중은행이 스테이블코인 발행을 위한 컨소시엄을 만든다거나, 카카오페이, 카카오뱅크, 신한카드와 같은 핀테크 기업/카드사들이 스테이블코인 명칭에 대한 상표권을 출원하는 등 다양한 은행, 금융 기관 및 기업들이 스테이블코인 사업에 관심을 보였었다.즉, 현재 한국 시장에선 다양한 발행사로부터의 다양한 원화 스테이블코인 발행이 기대되고 있다. 하지만 필자가 생각하기에 만약 네이버페이와 업비트가 제휴하여 스테이블코인을 도입한다면 이들이 원화 스테이블코인 시장을 장악할 확률이 매우 높다고 생각된다.1.2 USDT와 USDC, 어떻게 성장하였는가?1.2.1 거래소 지원이 핵심
                    




BCG에 따르면 2024년 스테이블코인 트랜잭션 규모의 무려 88%가 암호화폐 거래로부터 나왔다. 스테이블코이느이 활용처로 결제, 송금, 은행간정산 등 다양한 분야가 언급되고 있지만, 이는 아직까지 암호화폐 거래가 스테이블코인 활용에서 굉장히 중요한 역할을 하고 있다는 것을 암시한다. 이러한 측면에서 초기에 스테이블코인이 유동성을 부트스트래핑하기 위해선 암호화폐 거래에 사용되는 것이 가장 중요하다고 할 수 있다. 이는 USDT와 USDC의 성장 역사에서도 확인할 수 있다.1.2.2 USDT의 성장 과정USDT는 초기에는 스테이블코인을 만든다는 목표보다는 J.R. Willett이라는 개발자가 비트코인 블록체인 위에 새로운 암호화폐를 만들 수 있다는 아이디어로 시작되었다. 이 아이디어는 마스터코인(Mastercoin)이라는 프로젝트로 구현되었고, 이는 추후에 USDT의 기술적 기반인 옴니 레이어(Omni Layer)가 되었다. USDT는 2014년 10월, 리얼코인(Realcoin)이라는 이름으로 옴니 레이어에서 발행되었고, 2014년 1월에 테더(Tether)로 이름을 바꾸었다.USDT는 2015년 1월, 암호화폐 거래소 비트피넥스(Bitfinex)에 도입되며 본격적인 유통이 시작되었다. 이는 비트피넥스의 고위 임원들이 2014년에 BVI에 Tether Holdings Limited를 설립한 장본인이었기 때문이다. 2017년 초부터 2019년 9월까지 USDT의 발행량이 1,000만 달러에서 28억 달러로 급증했는데, 이는 비트피넥스가 2017년 4월, 대만 현지 은행 및 웰스파고의 송금 서비스 중단으로 달러의 입금과 출금이 전면 중단되는 사례를 겪었기에, 거래소 사용자들의 USDT 사용이 강제되어 더 빠르게 성장할 수 있는 계기가 되었다.이후에도 비트피넥스뿐만 아니라 바이낸스, 후오비, OKX 등 주요 글로벌 거래소들이 테더를 지원하면서, 이는 테더의 큰 성장 촉매제가 되었으며 테더가 암호화폐 시장 기축 통화의 역할로 자리잡게되는 계기가 되었다.1.2.3 USDC의 성장 과정USDC는 2018년 5월, 서클과 코인베이스가 설립한 Centre 컨소시엄에 의해 발표되었고, 같은 해 9월에 공식 출시되었다. USDT와 마찬가지로, USDC 또한 초기에 성장하는데에 있어 코인베이스 및 크라켄의 거래쌍 지원이 가장 큰 역할을 하였다. USDC는 암호화폐 거래소에서 더 나아가 이후에는 솔라나 네트워크의 주요 스테이블코인으로 채택되면서 온체인에서도 큰 성장을 보일 수 있었다. 2. 네이버페이와 업비트의 시너지 효과달러 스테이블코인의 패권을 가져갔던 스테이블코인들이 모두 초기에 암호화폐 거래소를 통해 크게 성장한 것으로 보아, 원화 스테이블코인 또한 점유율을 높이기 위해선 암호화폐 거래소와 협업하는 것이 중요해보인다. 이러한 관점에서 한국 간편결제 서비스 1위인 네이버페이와 한국 암호화폐 거래소 1위인 업비트가 컨소시엄을 형성하여 원화 스테이블코인 사업에 뛰어든다는 것은 한국 내에서 엄청난 뉴스일 수 밖에 없다.2.1 한국 간편결제 서비스 1위: 네이버페이
                    




네이버페이는 네이버파이낸셜에서 은행 계좌, 카드를 미리 등록해두고, 등록한 결제 수단을 통해 결제 및 송금을 지원하는 간편 결제 서비스이다. 참고로 네이버는 한국에서 가장 많이 사용되는 웹 포탈로, 검색엔진뿐만 아니라 뉴스, 블로그, 쇼핑, 지도 등 수 많은 온라인 서비스를 제공한다.한국에서 일평균 간편결제 서비스 이용 금액은 약 1조원에 달하는데, 이 중 간편 결제 서비스가 약 4800억원을 차지하며 이 중에서도 빅3인 네이버페이, 카카오페이, 토스페이가 90% 이상의 점유율을 기록하고 있다. 빅3 중에서도 네이버페이의 매출은 1조6000억원 정도로, 2, 3위인 카카오페이와 토스페이의 약 2배를 기록하고 있다.2.2 한국 암호화폐 거래소 1위: 업비트한국은 암호화폐 거래소의 나라이다. 한국 금융위원회 산하의 FIU는 2024년 하반기 가상자산사업자 실태조사 결과를 발표하였는데, 여기선 재미있는 통계들을 확인할 수 있다:하루 평균 거래 금액은 14조 3000억원으로, 같은 기간 한국 유가증권시장 거래량(10조 8000억원)을 웃돌았다.원화 예치금은 10조 7000억원을 기록했다.한국의 주요 암호화폐 거래소로는 업비트, 빗썸, 코빗, 코인원, 고팍스가 있는데, 이 중에서 업비트는 약 60~70%의 점유율을 가지고 있을 정도로 독보적인 암호화폐 거래소 중 하나이다.2.3 활용 예상 시나리오 및 파급력업비트와 네이버페이가 함께 원화 스테이블코인을 발행한다면 어디에 활용될 수 있을까? 글의 편의를 위해 만약 둘이 원화 스테이블코인을 발행한다면 명칭을 nKRW로 가정하겠다.2.3.1 예상 활용처첫 번째는 업비트의 호가통화이다. 바이낸스, 바이비트와 같이 회색지대에 있어 어쩔 수 없이 법정화폐를 지원하지 못하는 거래소뿐만 아니라, 코인베이스와 같이 미국 규제를 완전히 준수하는 거래소에서도 USD 법정화폐와 함께 USDC 스테이블코인을 거래소 호가통화로 지원한다. 특히, 코인베이스의 경우 USD 마켓의 오더북과 UDSC 마켓의 오더북이 분리되어있는 것이 아닌, 이를 통합하여 운영하기에 USD 보유자와 USDC 보유자가 집중된 유동성에서 거래할 수 있도록 한다.마찬가지로 nKRW가 업비트에 도입된다면, nKRW 보유자들은 지금의 원화 마켓에서 동일한 유동성으로 거래를 지원할 수 있을 것이다. 특히, 기존에는 업비트에 원화 충전금을 이체하기 위해선 은행을 거치는 복잡한 과정을 거쳤어야 했는데, 네이버페이가 함께 참여할 경우, 네이버페이 사용자들은 손쉽게 nKRW를 충전하여 이를 업비트로 이체할 수 있을 것이다. 이외에도 nKRW는 원화와 달리 은행정산시간에 영향을 받지 않는다는 점이 거래소 운영 측면에서의 강점 중 하나로 작용할 수 있다.
                    




                두 번째는 네이버페이에서의 결제통화로의 활용이다. 핀테크 기업이 스테이블코인을 결제에 활용한 대표적인 사례로는 페이팔의 PYUSD가 있다. 페이팔의 사용자들은 은행 계좌, 카드 등을 통해 PYUSD를 충전하여 앱 내에 보유하고 있을 수 있으며, 이를 결제에 활용할 수 있다. 마찬가지로 nKRW가 도입될경우 네이버페이는 계좌, 카드, 네이버페이 머니에 이어 네 번째 결제 수단으로 nKRW를 지원할 수 있다.대한민국에서 네이버페이는 굉장히 많은 곳에 사용된다. 네이버에서 제공하는 자체 쇼핑 플랫폼뿐만 아니라, 주요 외부 온라인 쇼핑몰, 오프라인 매장 등 다양한 곳에서 네이버페이를 활용할 수 있기 때문에 nKRW가 도입될 경우 상당히 많은 활용처를 한 번에 확보할 수 있을 것으로 기대된다.이외에도 현재 네이버페이는 네이버페이 머니에 연동된 카드 서비스도 제공하고있는데, 이의 연장선으로 nKRW 잔액으로 결제를 지원하는 카드를 출시할 수 있을 것이다. 결제에 스테이블코인을 사용할 경우 기존 선불충전금처럼 카드 네트워크나 카드사를 거치지 않아 중개 수수료가 낮을뿐더러, 기존 시스템에 비해 정산시간까지 획기적으로 개선할 수 있다는 장점이 있다.2.3.2 파급력





                가장 희망적인 케이스로 플랫폼 내의 모든 원화가 스테이블코인으로 바뀐다면, 그 즉시 네이버페이와 업비트의 스테이블코인은 USDT, UDSC 다음으로 큰 세계 3위의 스테이블코인이 될 수 있다. 하지만, 이는 현실적이지 않은 케이스이며, 5~10% 정도만 스테이블코인으로 대체되어도 페이팔의 PYUSD에 버금가는 규모를 달성할 수 있을 것이다. 3. 마치며3.1 그런데, 발행은 누가하지?만약 다양한 은행, 기업들이 원화 스테이블코인 발행 시장에 뛰어들었을 때, 네이버페이와 업비트의 컨소시엄을 이기기는 어려워보인다. 업비트가 막대한 유동성을 기반으로 스테이블코인의 초기 유통 성장을 견인하고, 어느정도 규모의 경제를 달성했을 때 네이버페이가 이를 송금, 결제 등 다양한 서비스에 활용할 수 있도록 하면서 장기적인 성장까지 기대해볼 수 있기 때문이다.그런데 잠깐, 여기서 결국 원화 스테이블코인의 발행은 누가하는 것일까? 초기에 USDC는 서클과 코인베이스가 공동 설립한 Centre의 거버넌스 아래에서 서클이 발행자의 역할을 수행하다가, 2023년 8월 Centre 컨소시엄이 해체되고, 모든 거버넌스와 발행 권한이 서클로 단일화되었다. 페이팔의 PYUSD 케이스를 보더라도 페이팔은 유통, 브랜딩에 참여할 뿐 실제 발행은 팍소스에서 담당한다.네이버페이와 업비트가 원화 스테이블코인을 발행한다면 네이버페이가 서클의 역할을하고, 업비트가 코인베이스의 역할을 하여 발행과 유통을 분리하면되는 것 아니냐라고 쉽게 생각할 수 있지만, 실상은 그렇지 않다. 현행 ""가상자산이용자보호법""에 따르면 ""자기 또는 특수관계자가 발행한 가상자산의 매매, 그 밖의 거래를 금지""하고 있다. 즉, 핀테크 기업이 스테이블코인을 발행하면서 유통까지 담당하는 모델은 현재 법상 어려울 수 있다. 다만 김효봉 법무법인 태평양 변호사에 따르면 해당 조항의 적용을 암호화폐 거래소 내 트레이딩에 한정한다면 핀테크 기업의 발행과 유통 가능성이 생길 수 있다고 언급하며, 해석에 따라 달라질 수 있다고 하였다.따라서 법 해석의 여지에 따라 네이버페이가 직접 원화 스테이블코인 발행사의 역할을 담당할 수도 있으며, 만약 이것이 불가능해질 경우 제 3의 은행 혹은 민간 발행사가 함께 컨소시엄에 참가하여 발행을 담당해야될 것이다.3.2 온체인으로 확장될 수 있을까?네이버페이와 업비트가 발행한 원화 스테이블코인은 기존 예치금과 유통 채널을 생각하면, 전 세계 탑 10의 규모를 가진 스테이블코인으로 발전할 가능성이 매우 크다. 그렇다면 이는 자연스럽게 온체인 디파이와 연계될 수 있을까? 나는 이에 대해 초기엔 어려울 것이라고 답하고 싶다.첫 번째 이유는 한국의 엄격한 외환법이다. 한국은 1997년 IMF 외환 사태 이후로 굉장히 엄격한 외환법을 적용하고 있다. 앞으로 원화 스테이블코인의 법제화가 가속화된다면 원화 스테이블코인은 법정화폐에 준하는 자격을 가질 확률이 매우 높으며, 이는 온체인으로의 전송을 어렵게 만들 여지가 있다. 현행법상 $10,000에 해당하는 금액을 송금/수취/환전 등만 해도 자동으로 신고되고 서류를 작성하는 복잡한 과정을 거쳐야 하기에 온체인으로의 출금은 꽤 제한될 여지가 높다.두 번째 이유는 원화에 대한 낮은 글로벌 수요이다. 디파이 프로토콜이 추구하는 주요 목표 중 하나는 예치금 확보이다. 달러 스테이블코인의 경우 글로벌 수요가 높기 때문에, 대부분의 글로벌 온체인 유저들이 달러 스테이블코인을 거의 기축통화로 사용하고 있지만, 만약 특정 디파이 프로토콜이 원화 스테이블코인을 서비스에 도입할 경우 그 고객은 한국 내에 존재하는 소수의 온체인 유저로 한정될 확률이 매우 크다. 그럼에도 불구하고, 원화 스테이블코인 그 자체의 규모가 다른 글로벌 스테이블코인에 준할 정도로 커진다면, 이 정도의 수요만으로도 글로벌 디파이 프로토콜에 큰 득이 될 가능성도 충분히 있다.3.3 디지털 G2를 위한 메가 스테이블코인의 탄생글로벌 결제 점유율에서 원화는 0.2% 미만의 점유율을 가지고 있으며, 상위 20위 안에도 포함되지 않을 정도로 결제 수요가 낮은 화폐이다. 다만 위에서 대략적으로 계산해보았듯이, 네이버페이와 업비트가 발행하는 원화 스테이블코인이 기존 예치금의 5% 정도만 차지해도 유로화의 대표 스테이블코인인 EURC의 규모를 뛰어넘을 가능성이 충분하다.과연 핀테크 1위와 암호화폐 거래소 1위의 컨소시엄이 성공할 수 있을지, 한국 내 다른 플레이어들은 이에 대응하여 어떤 새로운 전략을 펼칠지 지켜보도록 하자.*아시아 스테이블코인 얼라이언스(Asia Stablecoin Alliance)는 포필러스의 강희창, 복진솔, 그리고 레이어제로 한국 알렉스림(임종규) 대표가 시작하여 아시아 전역에서 스테이블코인 도입을 촉진하고, 명확한 규제 환경 구축과 견고한 기술 인프라 개발을 위한 리서치 및 교류 플랫폼으로써 출범하였다.외부 필진의 기고 내용은 본지의 편집 방향과 다를 수 있습니다.한경닷컴 뉴스룸 open@hankyung.com",https://www.hankyung.com/article/202507036222O,2025.07.03 14:14
중소기업의 든든한 동반 성장 파트너!,"KB국민은행, 중소ㆍ벤처기업을 위한 1,400억원 규모 기술보증 특별출연 시행","KB국민은행(은행장 이환주)은 지난 18일 기술보증기금과 중소ㆍ벤처기업을 대상으로 미래성장산업 육성 및 성장기반 구축을 위한 ‘대한민국 진짜 성장’ 금융지원 업무협약을 체결했다.이번 협약을 통해 KB국민은행은 총 50억원(특별출연 40억원, 보증료지원 10억원)의 출연하여 협약보증서를 담보로 약 1,400억원 규모의 자금을 지원한다.특별출연 협약보증 대상 기업은 3년간 보증비율 100%와 보증료율 0.2%p 인하 혜택이 적용된 우대보증서를 발급 받을 수 있다. 또한 보증료지원 협약보증 대상기업은 3년간 매년 0.5%p 보증료를 지원받아 금융비용을 줄일 수 있다.지원 대상은 크게 미래전략산업과 에너지 전환 및 산업 고도화 분야로 구분된다. 미래전략산업에는 ▲AI(인공지능) ▲반도체 ▲제약 ▲바이오 ▲디지털헬스케어 ▲방산 기업 등이 포함되며, 에너지 전환 및 산업 고도화 분야에는 ▲신재생에너지 전환 ▲탄소중립 실천 ▲기후테크 기업 등이 포함된다.KB국민은행 관계자는 ""이번 업무협약이 기업들의 연구개발에 실질적인 도움이 되기를 기대한다""며, ""앞으로도 다양한 프로그램을 통해 우리나라의 미래산업 경쟁력 확보에 기여해 나가겠다""고 밝혔다.",https://www.hankyung.com/article/202507210862P,2025.07.21 09:14
,,,https://magazine.hankyung.com/business/article/202507037052b,
,,,https://magazine.hankyung.com/business/article/202506250186b,
[속보] 정근수 전 신한은행 부행장 특검 출석…'김건희 집사' 투자 관련,최석우 경남스틸 대표 등도 출석,"사진=연합뉴스

                김건희 여사에 관한 각종 의혹을 수사하는 민중기 특별검사팀이 '집사 게이트' 투자 주체인 신한은행과 경남스틸 관계자들을 소환했다. 이에 정근수 전 신한은행 부행장, 최석우 경남스틸 대표 등이 특검 사무실로 출석했다. 23일 법조계 등에 따르면 특검팀은 이날 정 전 부행장과 최 대표 등을 서울 종로구 KT광화문빌딩 웨스트에 있는 특검 사무실로 소환했다. 정 전 부행장은 ""IMS모빌리티 투자 배경에 김 여사가 있었나"", ""(김 여사 일가) 집사 김예성씨를 알고 있나""는 등의 취재진 질문에 답하지 않고 건물 정문을 통해 들어갔다.최 대표는 투자 경위를 묻는 말에 ""정상적인 투자 활동의 일환이었다""며 ""김 여사는 전혀 모른다""고 답했다.특검팀은 이날 오전 김예성씨가 부당 이익을 얻는 데 관여했다고 의심받는 김씨 배우자 정모 씨도 소환한 것으로 알려졌다. 오후 2시엔 또 다른 투자 주체인 JB우리캐피탈 측 관계자도 출석한다.집사 게이트는 김 여사 일가의 집사로 알려진 김예성씨가 설립에 참여하고 지분도 보유한 렌터카 업체 IMS모빌리티(옛 비마이카)가 2023년 카카오모빌리티·신한은행 등에서 184억원을 부당하게 투자받았다는 의혹을 말한다. 당시 IMS모빌리티는 순자산(556억원)보다 부채(1414억원)가 많아 사실상 자본잠식 상태였다. 특검팀은 투자 주체들이 김씨와 김 여사의 관계를 생각해 일종의 보험성이나 대가성 자금을 제공한 것으로 의심하고 있다. 이날 정 전 부행장과 최 대표를 대상으로는 당시 구체적인 투자 경위를 추궁할 전망이다.IMS모빌리티가 유치한 투자금 가운데 46억원은 벤처기업 '이노베스트코리아'가 김씨로부터 양도받아 보유하던 IMS모빌리티 구주를 사들이는 데 사용됐다. 김씨 배우자 정씨가 이 회사의 유일한 사내이사로 등재된 점이 드러나면서 김씨가 실소유한 차명회사 아니냐는 의혹이 제기된 것.특검팀은 정씨에게 이노베스트코리아 사내이사가 된 경위, 구주를 매각한 이유, 46억원의 사용처 등을 캐물을 것으로 보인다. 김씨는 지난 4월 베트남으로 출국한 뒤 잠적해 적색수배 대상에 올랐다. 현재 태국 등 제3국으로 옮겨갔다는 설이 돌고 있다. 김대영 한경닷컴 기자 kdy@hankyung.com",https://www.hankyung.com/article/2025072360377,2025.07.23 09:20
금통위 앞둔 코스피…미 기술주 훈풍에 연고점 또 경신,"개인 '사자' 외인·기관 '팔자'
하반기 첫 금통위 '동결' 전망","사진=뉴스1

                코스피지수가 하반기 첫 금융통화위원회를 앞두고 미 기술주 훈풍에 연고점을 재차 경신하며 상승세를 이어가고 있다.10일 오전 9시7분 현재 코스피지수는 전일 대비 6.51포인트(0.21%) 오른 3140.25를 기록 중이다. 지수는 장 초반 한때 3147.06까지 상단을 높이면서 전날 기록했던 연고점(3137선)을 뛰어넘었다.앞서 간밤 뉴욕증시에선 S&P500과 나스닥종합지수가 사상 최고치를 돌파하는 등 주요 지수가 일제히 상승했다. 특히 엔비디아는 시가총액 4조달러(약 5500조원)를 넘어서는 세계 최초의 기업이 됐다.한국은행 금통위는 이날 하반기 첫 통화정책방향 회의에서 현재 연 2.50%인 기준금리를 조정할지 결정한다. 시장에선 가계대출 불안, 한미 금리차 등을 이유로 동결을 전망하고 있다.이 시각 현재 유가증권시장에서 개인이 2992억원 순매수다. 외국인과 기관은 각각 1611억원과 1023억원 매도우위다.시총 상위주들은 혼조세다. 삼성전자와 SK하이닉스가 각각 0.25%와 1.25% 상승하고 있는 가운데 삼성바이오로직스(2.75%), LG에너지솔루션(1.64%), 현대차(0.48%) 등이 오르고 있다.반면 KB금융(-0.76%), 두산에너빌리티(-2.8%), 네이버(-0.98%), 한화에어로스페이스(-1.41%), 셀트리온(-0.57%) 등은 떨어지고 있다.대신밸류리츠는 코스피 상장 첫날 공모가 대비 8%대 떨어지고 있다.코스닥지수도 오름세다. 이 시각 현재 코스닥지수는 0.37% 오른 793.29를 기록 중이다. 코스닥시장에서도 개인이 935억원 순매수를 기록하고 있는 반면 외국인과 기관은 각각 657억원과 178억원 매도우위다.코스닥 시총 상위주들은 파마리서치를 제외하곤 대부분 오르고 있다. 알테오젠(1.89%), 에코프로비엠(0.4%), HLB(0.4%), 에코프로(-.22%), 레인보우로보틱스(2.25%) 등이 빨간불을 켰다.우리기술투자는 가상자산 거래소 업비트 운영사두나무의 스테이블코인 상표권 출원 소식에 12%대 급등하고 있다. 우리기술투자는 두나무의 주요주주다.원·달러 환율은 소폭 하락했다. 이날 서울 외환시장에서 원·달러 환율은 전일 대비 2.0원 떨어진 1373.0원에 개장했다.노정동 한경닷컴 기자 dong2@hankyung.com",https://www.hankyung.com/article/2025071091156,2025.07.10 09:21
코인에 꽂힌 서학개미…서클·비트마인 '폭풍 매수',최근 한달 순매수 상위 종목,"미국 증시에 투자하는 국내 자금이 가상자산 관련주로 몰리고 있다. 미국에서 스테이블코인이 제도권으로 편입될 것이란 기대가 커지며 관련주가 급등하고 있어서다.





                24일 한국예탁결제원에 따르면 전날까지 최근 1개월 동안 국내 투자자들이 미국에서 가장 많이 순매수한 상위 10개 종목 중에서 절반은 가상자산 관련주였다. 스테이블코인 발행사 서클에 4억6053달러(약 6300억원)가 몰려 1위를 차지했다. 가상자산거래소 코인베이스, 선물 거래 서비스를 제공하는 로빈후드 등도 순매수 상위권에 이름을 올렸다.특히 이더리움 관련주로 돈이 쏠리고 있다는 게 시장 얘기다. 과거엔 비트코인을 보유하고 있는 스트래티지, 비트코인 채굴 기업 마라톤디지털 등에 순매수가 집중됐다면 최근에는 이더리움 관련 종목이 주목받고 있다. 순매수 7위에 오른 비트마인과 8위인 샤프링크는 회사가 보유 중인 현금을 이더리움에 투자하고 있다. 비트마인은 이더리움 30만여 개, 샤프링크는 36만여 개를 각각 보유한 것으로 알려졌다.도널드 트럼프 미국 대통령은 지난주 스테이블코인 규제 방안을 담은 지니어스법에 서명했다. 스테이블코인이 미국 금융시장에서 법적 지위를 갖추게 됐다는 의미다. 이더리움은 스테이블코인이 가장 많이 발행된 블록체인으로 꼽힌다. 최근 한 달 동안 이더리움 상승폭(약 50%)이 비트코인(약 14%)을 세 배 이상 웃돈 배경이다.홍성욱 NH투자증권 연구원은 “미국 대형은행이나 월마트 등 비금융사까지 스테이블코인 확보를 위해 서클과 경쟁하고 있다”며 “신고가를 경신한 비트코인과 달리 이더리움은 아직 전고점을 회복하지 못해 투자심리가 더욱 강해지고 있다”고 분석했다.나수지 기자 suji@hankyung.com",https://www.hankyung.com/article/2025072403971,2025.07.24 17:59
스테이블코인 기반 결제 확산…핀테크·PG사 수혜 기대감↑,,"한국은행이 ‘프로젝트 한강’을 통해 스테이블코인 설계 구상을 본격화하며 디지털 통화 정책의 전환점을 맞고 있다. 최근 한은 관계자는 “원화 기반 스테이블코인을 애초부터 염두에 두고 프로젝트 한강을 설계했다”고 밝혔다.한은 총재는 “CBDC(중앙은행 디지털화폐) 없이 민간 스테이블코인을 허용하면, 사적 화폐의 무분별한 발행으로 통화 질서가 혼란스러워질 수 있다”고 지적했다. 따라서 CBDC와 스테이블코인은 병행 도입이 필수라는 입장을 재확인했다.이런 가운데 실제 은행권 움직임도 빨라지고 있다. 제주은행은 RWJEJU, KRWJJ 등 원화 기반 스테이블코인 관련 상표권을 출원했고, 디지털 결제시장 내 경쟁도 본격화될 조짐이다.전문가들은 “CBDC와 스테이블코인 정책의 방향성이 결제, 인증, 금융보안 기술을 보유한 기업들에 호재로 작용할 수 있다”고 평가하며, 관련 기술을 보유한 핀테크·PG·디지털 보안 기업에 주목하고 있다.




 

특히 스탁론을 활용한 투자자들은 디지털 자산 인프라 확대에 따른 장기적 성장 기대주를 중심으로 레버리지 전략을 통해 저점 매수 기회를 노리는 흐름을 보이고 있다. 정책 불확실성이 줄어들수록 기술 기반 종목들의 주가 회복 가능성이 커지기 때문이다.▶ 더머니스탁론 신규 상품 전격 출시! (DSR 규제 X)▶ 최대 400% 레버리지 투자, 증권사 신용미수 대환 가능!▶ 한 종목 100% 집중 투자 가능!▶ 더머니스탁론 바로가기 (https://themoney.co.kr/ha)▶ 더머니스탁론 전화 상담 1600-7096▶ 더머니스탁론 카카오톡 상담 (http://pf.kakao.com/_cVfxbn/chat)관심종목: 제주은행, 뱅크웨어글로벌, 더즌, 헥토파이낸셜, 아톤, 드림시큐리티무료상담",https://www.hankyung.com/article/202507112579a,2025.07.11 13:30
,,,https://magazine.hankyung.com/business/article/202507248525b,
,,,https://magazine.hankyung.com/business/article/202507235919b,
"KIC 이훈 CIO 연임설 솔솔, 8월 임기 끝…후임 인선 안 이뤄져",,"이훈 한국투자공사(KIC) 투자운용부문장(CIO·사진)의 연임 가능성에 힘이 실리는 분위기다. 내달 16일 임기 만료까지 한 달 남짓 남은 가운데 후임 인선 절차가 이뤄지지 않고 있기 때문이다.14일 투자은행(IB) 업계에 따르면 이 CIO가 역대 KIC CIO 중 최초로 연임에 성공할 가능성에 갈수록 무게가 실리고 있다. KIC가 후임 인선 절차를 보류하고 있는 것이 가장 큰 이유다. 이전까지 임기 만료 두 달 전에 인선 공고가 나왔던 점을 감안하면 이례적이라는 분석이다.자본시장 관계자는 “후보를 받아 심사하고 면접하는 등의 절차를 감안하면 내달 16일까지 후임이 정해지기는 현실적으로 어렵다”며 “현재로선 이 CIO가 연임할 가능성이 가장 높다”고 말했다.2022년 8월 임기 시작 이후 이 CIO가 상당한 성과를 올렸다는 점도 이유다. 이 CIO는 전략적 자산배분 방식인 통합포트폴리오(TPA) 도입 등 핵심 투자 전략을 주도해 왔다. TPA 도입이 KIC의 투자 전략에서 갖는 중요성을 감안할 때 해당 제도가 완전히 자리 잡기 전에 CIO를 교체하는 데 부담이 따를 수 있다는 분석이다. KIC의 총운용자산(AUM)이 2065억 달러로 사상 최대치를 기록하는 등 탁월한 운용 성과를 거둔 점도 이 부문장의 연임에 힘을 보태고 있다.KIC는 임원 임기를 3년으로 정하되, 1년 단위로 연임할 수 있도록 한다. 임기가 만료된 임원은 후임자가 임명될 때까지 직무를 수행하도록 정하고 있다. 하지만 실제로 연임한 사례는 지금까지 없다.이 부문장은 서강대 경제학 학사, 미국 버클리대 경영학 석사 출신으로 한국투자증권 기업분석부 등을 거쳐 2014년 KIC 리서치센터에 합류했다. 이후 자산배분팀장과 운용전략본부장, 미래전략본부장 등을 역임한 뒤 CIO에 올랐다.다만 지난달 초 출범한 이재명 정부의 내각 인선 작업이 마무리되는 대로 후임 CIO가 결정될 수 있다는 전망도 나온다. 한 금융투자업계 관계자는 “KIC의 CIO 인선은 대통령실의 의사가 결정적인 영향을 미친다”며 “대선 때 직간접적으로 캠프에 관여한 CIO 출신 인사들로 후임 인선이 고려되고 있을 가능성도 있다”고 말했다.후임 CIO 인선 지연이 장기화하더라도 이 부문장이 당분간 업무를 지속하며 CIO 공백 사태까지는 이어지지 않을 전망이다.민경진 기자 min@hankyung.com",https://www.hankyung.com/article/2025071460201,2025.07.14 15:59
"""트럼프 감세 법안…현대차 美 판매 연 2.7조 감소 추산""","한국경제인협회 보고서
작년 판매량 12만3000여대서 최대 37% 감소 추정","현대차그룹 메타플랜트 아메리카(HMGMA) . 사진 현대차

                도널드 트럼프 미국 대통령의 집권 2기 구상을 한데 모은 '하나의 크고 아름다운 법안'(OBBBA)이 지난 4일 시행되면서 현대차그룹의 미국 내 연간 전기차 판매액이 최대 2조7000억원가량 감소할 수 있다는 분석이 나왔다. 법안에 전기차 구입에 따른 세금 공제 등이 조기 종료되는 내용이 포함돼 있기 때문이다.한국경제인협회(한경협)는 20일 발표한 '미국 트럼프 대규모 감세법의 자동차·배터리 산업 영향 및 시사점' 보고서에서 OBBBA 발효에 따른 전기차 세액 공제가 종료되면 현대차그룹의 미국 시장 전기차 판매량이 연간 최대 4만5828대(매출 19억5508만달러·약 2조7200억원) 감소할 수 있다고 추산했다.법안에 따라 전임 바이든 행정부의 인플레이션 감축법(IRA) 등 친환경 산업 전환 정책으로 수혜를 본 전기차 등에 대한 세제 혜택은 줄어들기 때문이다. OBBBA에는 현대차그룹의 미국 투자 확대에 영향을 미친 전기차 구매 세액공제를 올해 9월 말로 조기 종료하는 내용이 담겼다. 당초 2032년 말까지 유지될 예정이었으나 7년가량 앞당겨진 조치다.이에 지난해 현대차그룹의 미국 내 전기차 판매량(12만3861대)을 기준으로 37%까지 줄어들 수 있다는 분석이다. 해당 수치는 미국 싱크탱크인 전미경제연구소(NBER)의 분석에 기반했다. NBER은 IRA에 따른 미국 내 전기차 세액공제가 폐지되면 현대차그룹을 비롯해 미국에 생산기지를 둔 전기차 제조사의 판매량이 연간 최대 37% 감소할 것으로 관측한 바 있다.한경협은 올해 1월부터 현대차그룹 전기차 5개 차종(현대차 아이오닉5·9, 기아 EV6·9, 제네시스 GV70 전동화 모델)이 세액공제 대상에 포함돼 투자 지원 기대감이 높았으나 OBBBA 발효로 투자 회수 리스크가 커졌다고 지적했다. 현대차그룹은 북미 전기차 시장 확대를 목표로 미국 조지아주에 세 번째 미국 공장을 건설하며 약 80억달러(약 11조1400억원)를 투자한 바 있다.또한 한경협은 전기차 세액공제 종료 여파로 미국 내 생산거점의 상당 부분을 완성차 업체와 합작 형태로 추진한 한국 배터리 3사의 수익성 악화가 우려된다고 설명했다.한경협은 OBBBA 발효에 따른 수요 위축이 불가피하다며 전기차 및 배터리 업계의 타격을 완화하고 글로벌 경쟁력을 유지하려면 정책 기금과 세제 혜택 등의 재정 지원이 필요하다고 촉구했다. 우선 산업은행에 50조원 규모의 '첨단전략 산업기금'을 설치하는 산업은행법 개정안과 기금채권의 국가 보증 동의안을 국회에서 신속히 처리하고, 산업은행 내에는 전담 부서를 둬 기금 집행 시차를 줄여야 한다고 주장했다.아울러 우리 기업의 글로벌 공급망 위기 대응을 위해 운용하는 공급망 안정화 기금의 조성 기간(2029년 종료)을 연장하고, 수출입은행 출연금을 재원으로 활용해 유연한 지원 수단을 확보, 중장기 리스크에 대응해야 한다는 입장이다.이상호 한경협 경제산업본부장은 ""불확실한 글로벌 정책 환경 속에서 우리 기업들의 안정적 생산 기반 유지와 국제 경쟁력 확보를 위해서는 정부의 선제적 재정 지원과 제도 정비가 필요하다""고 밝혔다.오정민 한경닷컴 기자 blooming@hankyung.com",https://www.hankyung.com/article/2025072096617,2025.07.20 11:54
,,,https://magazine.hankyung.com/business/article/202507097950b,
"암호화폐 금지한 中, 위안화 스테이블코인은 허용하나 [글로벌 머니 X파일]",,"ChatGPT Image






                중국 정보기술(IT) 기업이 스테이블코인 시장 진출을 추진하고 있다. 중국 위안화 기반 스테이블코인을 내놓겠다는 계획이다. 미국에선 스테이블코인 법제화를 앞두고 있다. 글로벌 스테이블코인 시장에서도 미국과 중국 간 경쟁이 격화될지 업계의 관심이 커지고 있다. 중국 빅테크, 스테이블코인 발행 추진4일 로이터통신에 따르면 중국의 IT 기업 징둥닷컴과 알리바바의 금융 계열사 앤트그룹이 위안화 기반 스테이블코인 발행을 중국 인민은행에 요청한 것으로 알려졌다. 미국 달러 기반 암호화폐의 영향력이 커지는 데 맞서기 위한 것으로 전해졌다.두 회사는 역외 위안화에 연동된 스테이블코인을 홍콩에서 발행할 수 있도록 허가해줄 것을 중국 정부에 제안했다. 이를 통해 위안화의 글로벌 사용을 촉진하고 미국 달러 기반 암호화폐의 영향력을 견제하자는 입장을 전한 것으로 알려졌다.
                    




                홍콩은 오는 8월 1일 스테이블코인 규제를 도입할 예정이다. 앞서 홍콩은 2023년 가상자산 거래소 제도를 도입했다. 징둥닷컴과 앤트그룹은 홍콩의 스테이블코인 제도 도입에 맞춰 스테이블코인을 발행할 계획이다.그동안 암호자산을 강력히 단속해온 중국 정부의 기류가 변하고 있다는 분석도 나온다. 중국 정부는 2021년 암호화폐를 전면 금지했다. 하지만 최근 스테이블코인에 대해선 전략적 수용 가능성을 검토하고 있다 .판궁성 인민은행장은 지난달 “스테이블코인이 지정학적 긴장 속에서 기존 결제 시스템의 취약성을 드러내며 국제 금융을 혁신할 수 있다”고 말했다. 황이핑 인민은행 자문위원도 ""(홍콩에서의 역외 위안 스테이블코인 발행이) 가능한 시나리오”라고 말했다.중국 빅테크들이 스테이블코인 시장 진출에 나선 건 세계적으로 미국 달러 연동 스테이블코인 발행 규모가 급격히 커졌기 때문이다. 이는 위안화 세계화를 막고 있다는 위기감으로 이어졌다는 분석이다. 현재 세계 스테이블코인 시장의 99% 이상이 달러 표시로 발행된다.
                    




                '디지털 차이나 인포메이션 서비스 그룹'의 왕융리 공동 회장은 최근 ""미국 달러 기반 스테이블코인의 확장이 위안화 국제화에 새로운 도전이 됐다""며 ""위안화의 국제 결제가 달러 스테이블코인만큼 효율적이지 않다면 전략적으로 위험이 될 수 있다""고 지적했다최근 중국의 여러 수출기업은 거래 상대방으로부터 위안화 대신 달러 연동 스테이블코인인 USDT(테더)로 결제받는 경우가 늘고 있는 것으로 알려졌다. 중국 정부의 엄격한 자본통제, 지정학적 위험, 일부 신흥국 통화의 변동성 때문이다. 홍콩 최대 암호화폐 장외거래소인 크립토HK는 중국 고객의 달러 연동 스테이블코인인 테더(USDT) 거래량이 2021년 이후 무역 결제 용도로 5배 증가했다고 밝혔다. 위안화 CBDC와 연동?업계에선 중앙은행 디지털화폐(CBDC) 결제 프로젝트 '엠브릿지(mBridge)'가 위안화 기반 스테이블코인과 연동할 것이라는 전망도 나온다. 엠브릿지는 중국·홍콩·태국·아랍에미리트(UAE), 사우디아라비아 등의 중앙은행이 공동으로 추진하는 다자 중앙은행 디지털화폐(CBDC) 결제 플랫폼이다.2021년에 시작한 이 프로젝트는 국경 간 CBDC 거래의 기술적 구현과 협력을 목적으로 한다. 미국의 싱크탱크인 애틀랜틱 카운슬의 CBDC 트래커 책임자인 조시 립스키는 ""중국 사우디 간 탈달러 원유 결제가 엠브릿지 기술로 한층 가속화될 것”이라고 평가하기도 했다. 지난해 2월 테스트에서는 UAE 아부다비은행에서 중국 북경은행으로 10초 만에 자금을 이체하는 등 기존 스위프트 망보다 빠른 결제를 시연하기도 했다.최근 징둥닷컴은 중국 인민은행과의 논의에서 홍콩 달러가 미국 달러에 고정돼 있어 위안화 국제화에 도움이 되지 않는다는 점을 강조한 것으로 알려졌다. 대신 역외 위안화 기반 스테이블코인을 홍콩에서 먼저 허용하고 이후 중국 자유무역지대의 역외 시장으로 확대할 것을 제안한 것으로 전해졌다. 이런 방안이 허용되면 홍콩과 중국 간 CBDC와 위안화 스테이블코인의 교차 활용이 현실화할 수 있다는 전망이다.
                    




                예를 들어 중국 본토에서 디지털 위안으로 결제(송금)하면 홍콩에선 동일한 가치의 위안화 스테이블코인으로 수취한다. 또는 그 반대로 홍콩에서 위안화 스테이블코인을 디지털 위안으로 교환하는 식의 연동 지급결제가 가능해질 전망이다. 이는 엠브릿지와 같은 다자간 네트워크에 위안화 스테이블코인을 참여시켜 구현될 수 있다.중국계 자본이 발행하는 위안화 기반 스테이블코인이 미·중 갈등을 키울 수 있다는 지적도 나온다. 미국은 달러 체제에 도전하는 중국의 금융 도구(위안화 스테이블코인)를 견제할 가능성이 높다. 예를 들어 미국 재무부는 해외 플랫폼에서 유통되는 위안화 스테이블코인이 제재 회피나 자금세탁 통로로 사용된다며 해당 네트워크나 관련 기관을 제재 리스트에 올릴 수 있다. 미국은 2019년 이란산 페트로, 2022년 토네이도캐시 등 암호자산을 제재한 적이 있다.[글로벌 머니 X파일은 중요하지만 잘 알려지지 않은 세계 돈의 흐름을 짚어드립니다. 필요한 글로벌 경제 뉴스를 편하게 보시려면 기자 페이지를 구독해 주세요]김주완 기자 kjwan@hankyung.com",https://www.hankyung.com/article/202507037308i,2025.07.04 07:00
,,,https://magazine.hankyung.com/business/article/202507060783b,
"中 PPI 2년새 최대 낙폭…""3Q도 반등 어려워""",,"영상 모듈 닫기




<앵커>중화권 시장 동향 확인합니다. 하나증권 김경환 팀장 연결합니다.오늘 중화권 증시 상당한 강세를 보이는 것 같네요. 배경이 좀 궁금해집니다.<김경환 하나증권 팀장>네 일단 중국도 시장에 돈이 많은 것 같습니다. 유동성이 풍부한 것 같고요. 저희가 이제 올해 들어서 중국 장기금리죠. 채권금리가 오르면 중화권 증시에 호재라고 말씀을 드리고 있는데 오늘 이틀 연속 중국 장기금리가 오르고 위안화도 좀 강세를 보이면서 시장이 조금 투자심리가 크게 개선된 모습을 좀 보이고 있습니다.거래대금이 어제 대비해서 20% 정도 증가한 추세고요. 기관이나 외국인 추정자금도 계속 들어오는 것 같습니다. 특히 시클리컬 업종이죠. 저희가 경기민감 업종들이나 관련 대응주들이 순환매가 발생을 하면서 미중관계 관련된 악재에 둔감해졌고 또 재정정책이 극대화되는 시기가 다가오면서 시장에 긍정적으로 해석하려는 리스콘 분위기가 부각되고 있고요.오늘은 특이하게도 본토 같은 경우는 대형주 중심인 상해 종합지수나 또 중소형 성장주 중심인 심천 모두 다 상승하는 모습이고 거래대금 역시도 저희가 호황선으로 얘기하는 1조 위안을 상회하면서 분위기가 좋습니다. 6월 이후에 시장 선호도가 높아진 히터류나 증권과 은행 그리고 제약바이오 또 최근에 가격이 좀 오르고 있는 철강이나 건자재 업종이 최상위 기록을 하고 있고요.홍콩 같은 경우도 기술주 중심의 항생테크는 상대적으로 부진한 모습이지만 전통산업 비중이 큰 항생이나 항생H지수가 계속 우위를 보이고 있고 역시 본토와 비슷하게 비철금속이나 증권보험 또 최근에 스테이블코인 테마 혁신약품 이런 테마주들도 상대적으로 강세를 보이면서 저희가 5월에 좋았었던 신소비나 부동산 관련주들이 시장을 언더퍼폼하는 반면에 순환매들이 일어나면서 긍정적인 모습을 보이고 있습니다.저희가 사실은 7, 8월에 조정 가능성을 말씀을 계속 드리고 있었는데 시장이 지금 실적이나 밸류에이션 측면에서 접근하기보다는 초과 유동성이나 이벤트 부분 그리고 정책에 대한 기대로 좀 가고 있어서 저희가 이제 추격을 하는 매수 쪽 전략보다는 여전히 좀 보유 관점이나 상황을 좀 지켜보자는 측면에서 좀 말씀을 좀 드리고요.월말로 갈수록 7월 하순으로 갈수록 미국과 중국 간의 협상이나 또 미국 중국과 EU 간의 협상이 좀 불확실성을 키울 수 있기 때문에 그렇게 좀 지켜보실 필요가 있을 것 같습니다.<앵커>트럼프가 오늘도 관세 발언으로 세계 시장을 뒤흔들고 있는 상황인데 미국과 중국의 경우는 다음 달 12일까지 관세 협상이 휴전 상태 아니겠습니까?이거 어떻게 마무리될 걸로 보세요?<김경환 하나증권 팀장>말씀하신 대로 제네바 합의 이후에 유예기간 휴전 기간은 8월 10일까지이기 때문에 8월 10일 전에는 뭔가 합의를 좀 이뤄내야 되는데 결론적으로 저희는 8월 달에는 연장하지 않을까 이렇게 생각을 갖고 있고요. 실질적인 빅딜을 8월 달에 기대하기는 좀 어렵고 궁극적으로는 9월 이후로 좀 넘어가는 어떤 가능성을 좀 높게 보고 있습니다.일단 중국 입장에서 좀 말씀을 드리면 7월에 일단 주요국들 협상 결과를 좀 긴장하면서 중국이 좀 지켜보지 않을까 싶습니다. 베트남을 필두로 아세안 국가들이 지금 부과된 어떤 관세에 대해서 미국과 어떻게 타결하는지 여부를 좀 지켜보고 있고 중국도 지금 급한 부분이 역시 EU하고의 어떤 딜을 마무리하는 건데 이것도 7월 말에 수뇌부회의로 잡혀 있는데 양쪽에 조금 파열음들이 좀 있습니다.그래서 긴장감 하에서 7월 말에 EU와의 중국과의 협상을 좀 봐야 될 것 같고요. 중국 입장에서는 미국과 아세안의 결과 그리고 본인들의 어떤 EU와의 결과에 따라서 8월 달에 유해를 앞둔 미국과의 협상이 눈높이가 좀 결정이 되고 강경하게 가는 여부가 좀 결정이 날 것 같습니다.최근에 젠슨 황도 다시 중국을 가서 반도체 수출 관련 논의를 한다고 얘기를 하고 있고 또 희토류 관련해서도 미국 관련해서 크게 물량을 풀고 있지는 않는 분위기이기 때문에 히토류와 반도체를 두고도 양쪽 간의 기술 제재나 특정 품목에 대한 어떤 힘겨루기가 일단 8월까지는 좀 이어질 것 같고 궁극적으로는 9월 이후에 타결 시나리오 그리고 저희가 전망을 좀 더 드리면 최종 대중국 관세는 양쪽 합의에 의해서도 굉장히 낮아지긴 좀 어려울 것 같고요.최근에 이제 저희가 30% 정도 관세를 유지하고 있는데 실질적으로는 30% 정도로 합의가 되고 실효세율을 조금 낮추는 선에서 대미 수출은 좀 중국이 타격을 받는 형태로 장기적으로 가지 않겠나 이렇게 보고 있습니다.<앵커>팀장님 말씀대로 지금 중화권 증시 수준을 보면 살짝 좀 의아한 부분이 있습니다. 지금 중국의 지난달 생산자 물가 2년 만에 가장 크게 하락한 걸로 나왔습니다. 33개월 연속 마이너스라는데 구조적인 디플레이션 압력에 직면해 있다. 그런 와중에 경기 부양에 대한 기대만으로 계속 올라가는 것인지 이 부분은 어떤 관점으로 보고 계세요?<김경환 하나증권 팀장>정확한 지적이신데요. 사실 중국 생산자 물가는 실적의 프럭시 지표, 대형 지표로 저희가 볼 정도로 생산자 물가가 이렇게 장기간 깊게 하락하는 것 자체가 중국 기업이나 실적 혹은 마진율에 굉장히 타격을 줄 수밖에 없어서 사실 지금 실적이나 어떤 가격 신호로 보자면 최근 중화권 증시 반등이나 이런 회복은 설명이 좀 안 되는 부분이 있습니다.다만 초과유동성 상태가 굉장히 풍부한 상태고 재정이나 통화정책에 대한 기대감이 있기 때문에 이렇게 흘러가는 것 같고요. 일단 PPI 얘기를 하셔서 생산자물가 얘기를 좀 잠깐 짧게 드리면 기본적으로 이게 2년 내 최저 레벨이 이번에 발표가 됐고 시장 예상도 대폭 하회를 했습니다.통계국에서는 일시적인 요인이라고 얘기는 하고 있지만 제조업 쪽 과잉상태나 고정 투자 수요가 부진하기 때문에 전반적으로 지금 반등의 어떤 실마리를 못 찾고 있는 상황입니다.저희가 이제 단기 전망을 좀 드리면 3분기에도 사실은 뚜렷한 반등은 좀 어렵고 다음 달에 이제 낙폭을 좀 줄이는 정도 수준이 아닐까 생각을 갖고 있고 연간에 마이너스가 계속 유지되면서 당초에 하반기에 플러스 전환할 거라는 예상보다는 늦어질 것 같습니다.저희가 이제 주목하는 거는 생산자 물가가 이렇게 장기 하락할 경우에 중국 내에서 이제 발생하는 변화에 대해서 좀 주목하실 필요는 있을 것 같고요.저희가 어차피 주가는 미래를 보는 부분이기 때문에 단기 실적은 나빠지겠지만 생산자 물가가 과거에 이렇게 많이 하락했을 때 중국이 어떤 조처를 했는지 보실 필요가 있고 저희가 가장 참고할 수 있는 사이클이 지난번 생산자 물가가 이렇게 많이 떨어진 게 2013년에서 15년 사이였었는데 당시 15년 말미에 지금 비슷하게 중국의 구조조정과 공급개혁신호들이 강화됐던 것들이 2016년부터입니다.이번에도 환경 자체는 좀 비슷하다고 생각하고 있고 제가 길게는 말씀 안 드리겠지만 이번에 이제 어떤 복합적인 목표라든지 구조조정 대상군들이 사실은 과거에 철강이나 화학 같은 쪽에서 이제는 태양광이나 배터리 쪽으로도 확산이 되고 있어서 앞으로 8월, 9월, 10월달 3개월 정도 중국의 이제 구체적인 공급개혁이나 구조조정 조치들이 좀 나올 것 같고요.시장은 최근에 어떤 가격신호가 바뀌어서가 아니라 이런 시클리컬 업종이 올라가는 이유 자체가 과거 16년도에 이런 학습효과가 현실을 상회하고 있는 상황이 아닌가 싶습니다. 그래서 당분간 관련주들은 좀 내려가기보다는 올라갈 확률을 좀 더 높일 것 같고요.어떤 현실적으로 이제 저희가 가격신호가 바뀌는 4분기 전까지는 관련주들의 어떤 좀 아웃퍼폼을 좀 보고 PPI 하락 자체에 대해서는 저희가 깊게 보지 않고 관련주들의 어떤 흐름을 좀 먼저 보시는 게 맞을 것 같습니다.이근형기자 lgh04@wowtv.co.kr",https://www.hankyung.com/article/2025071129275,2025.07.11 15:12
"'BNK금융지주' 52주 신고가 경신, 전일 기관 대량 순매수",,"◆ 주체별 매매동향- 전일 기관 대량 순매수지난 한달을 기준으로 보면 기관이 535.5만주를 순매수한 반면, 외국인은 270.1만주를 순매도했고, 개인들도 247.6만주를 순매도했다. 같은 기간 이 종목의 거래 비중은 외국인과 기관이 각각 44.7%, 31.1%로 비중이 높다.더욱이 전일 기관이 대량 순매수를 하고 있어 투자자들의 관심이 집중되고 있다.[그래프]BNK금융지주 외국인/기관 매매동향











◆ 최근 애널리스트 분석의견- 2Q25 Preview: 건전성만 회복된다면 - 상상인증권, BUY(신규)07월 03일 상상인증권의 김현수 애널리스트는 BNK금융지주에 대해 ""2분기 실적, 컨센서스 상회 전망. 건전성 부담 지속, 하반기 회복 여부 주시 필요: CCR은 여전히 높은 0.76% 수준이며, 1분기 NPL 비율은 1.69%(QoQ +38bp, YoY +84bp)로 빠르게 상승 중이다. 커버리지 비율도 84.5%로 낮아 건전성 우려가 지속되고 있다. 1분기 연체율 또한 부산은행 0.73%(+15bp), 경남은행 0.68% (+23bp)로 큰 폭 상승한 상태다. 3분기까지는 부담이 이어질 수 있으나, 4분기에는 내수 회복과 금리 인하 효과로 개선이 기대된다.""이라고 분석하며, 투자의견 'BUY(신규)', 목표주가 '18,000원'을 제시했다.한경로보뉴스이 기사는 한국경제신문과 금융 AI 전문기업 씽크풀이 공동 개발한 기사 자동생성 알고리즘에 의해 실시간으로 작성된 것입니다.",https://www.hankyung.com/article/202507071779L,2025.07.07 09:29
은행권 '비대면 주택담보대출' 접수 속속 재개,"국민銀, 중단 12일 만에 정상화
신한·농협도 내주 서비스 예정","국내 시중은행 지점 내 전경. /사진=연합뉴스

                국민은행이 11일 ‘6·27 부동산 대출 규제’ 이후 중단한 비대면 주택 구입자금 대출 접수를 재개했다. 지난달 29일 전산 시스템 반영을 이유로 접수를 막은 지 12일 만이다.국민은행은 이달 2일 비대면 주택담보대출 접수를 먼저 재개했지만 당시엔 규제 발표 전인 6월 27일 이전 계약 건만 가능했다. 이날부터는 6월 28일 이후 계약 건도 포함해 모든 건에 대출 신청을 할 수 있다. 대출 규제 시행 이후 일시 중단됐던 신용대출은 지난 1일부터 재개된 상태다. 이 밖에 전세자금대출, 자동차대출, 예·적금담보대출 등도 현재 모두 신청 가능하다.신한은행은 오는 16일 주담대 비대면 영업을 재개할 예정이다. 신용·전세대출은 현재 비대면 접수가 가능하다. 하나은행의 경우 신용·전세대출을 비대면으로 받을 수 있다. 주담대 비대면 접수는 이달 재개할 방침이다. 우리은행은 7일부터 비대면 신용대출 영업을 재개했으나 주담대 재개 시점은 정해지지 않았다.농협은행은 18일부터 비대면 주담대 영업을 재개할 예정이다. 농협은행은 지난 8일 신용대출 비대면 영업을 시작했다. iM뱅크는 수도권 규제 지역 주담대 비대면 신청을 아직 받지 않고 있다. 수도권 이외 지역은 영업 중이다. 제한 없이 비대면 영업 중인 곳은 기업은행이다.인터넷전문은행도 순차적으로 정상 영업에 나섰다. 케이뱅크는 전날부터 아파트담보대출 영업을 재개했다. 다만 수도권 지역은 아직 신청할 수 없다. 카카오뱅크는 9일 주담대 영업을 재개하며 모든 영업을 정상화했다.조미현 기자 mwise@hankyung.com",https://www.hankyung.com/article/2025071133361,2025.07.11 17:36
"""해킹 막으려면 클릭하세요""…눌렀더니 진짜 해킹 당했다","AI로 스미싱 문자 판별하는 카카오뱅크
'2025년 상반기 스미싱 문구 유형 통계' 발표","카카오뱅크 제공

                소비자의 개인정보를 무단 탈취하려는 스미싱(SMS+Phishing·문자메시지를 통한 피싱)의 3건 중 1건은 개인정보가 유출됐거나 수집이 필요하다는 내용인 것으로 파악됐다. 청첩장이나 부고를 사칭하는 스미싱도 많았다.인터넷은행 카카오뱅크는 이 같은 내용의 ‘2025년 상반기 스미싱 문구 유형 통계’를 발표했다. 카카오뱅크는 'AI 스미싱 문자 확인' 서비스로 올해 상반기에 접수된 약 3만7000건의 스미싱 데이터를 기반으로 이번 분석 결과를 공개했다.카카오뱅크가 작년 12월 출시한 'AI 스미싱 문자 확인' 서비스는 카카오뱅크 앱에 의심되는 문자를 복사해 붙여넣으면 △스미싱 위험이 높은 문자 △안전한 문자 △단순 스팸 문자 △판단이 불가능한 문자 등 네 가지 유형으로 분류해 문자의 신뢰도를 판단하는 기준을 제공하는 서비스다.분설 결과 스미싱의 가장 큰 비중을 차지하는 문구 유형은 ‘개인정보 유출·수집 사칭’(37%)으로 조사됐다. 이어 △금융기관 사칭(19%) △기업 및 광고 사칭(18%) △청첩·부고 등 지인 사칭(12%) △과태료·범칙금 등 단속 사칭(10%) △기타(4%) 순으로 나타났다.가장 큰 비중을 차지한 ‘개인정보 유출·수집’ 사칭 수법에는 “계정이 해킹됐으니 차단을 위해 링크를 클릭하라”, “계정에 불안정한 활동이 확인됐다. 보안 인증을 완료하라”, “개인정보 인증이 필요하다” 등 이용자의 불안감을 자극하는 문구가 주로 사용됐다.2위를 차지한 ‘금융기관 사칭’ 스미싱 유형의 대표적 사례로는 “승인되지 않은 거래가 발생했다”, “환급금을 확인하라”는 문구가 포함된 메시지가 꼽혔다. 특정 금융기관명을 언급하며 피싱 링크나 전화번호로 연결을 유도하는 경우가 자주 확인됐다는 게 카카오뱅크의 설명이다.“무료 쿠폰 도착”, “이벤트 당첨”, “배송 확인 요청” 등 기업이나 광고를 사칭한 문구도 조심해야 한다. 입시 시즌에는 ‘대학 합격 통보’나 ‘교육비 납입 증명서’ 등과 같은 문구가 등장했다. '건강검진 결과통보' 등 평상시 관심이 높은 문구로 이용자를 유인하기도 했다.한국인터넷진흥원(KISA)은 스미싱으로 인한 피해를 예방하기 위해 △문자 수신 시 출처가 불분명한 사이트 주소는 클릭하지 말고 즉시 삭제할 것 △의심되는 사이트 주소는 정상 사이트와 일치 여부를 반드시 확인할 것 △휴대폰 번호, 아이디, 비밀번호 등 개인정보는 신뢰할 수 있는 사이트에만 입력하고, 인증번호는 모바일 결제와 연결될 수 있으므로 특히 주의할 것을 권고하고 있다.정의진 기자 justjin@hankyung.com",https://www.hankyung.com/article/202507096771i,2025.07.09 10:19
美증시 S&P·나스닥 '사상 최고치 경신'…오늘 단통법 폐지 [모닝브리핑],,"◆ 빅테크 실적 낙관론에 최고치 찍었다주요 빅테크들의 2분기 실적 발표를 앞두고 낙관론이 나오면서 현지시간 21일 뉴욕증시 S&P 500지수와 나스닥 지수가 사상 최고치를 경신했습니다. S&P 500지수는 전장보다 0.14% 오른 6305.60, 나스닥 지수는 0.38% 상승한 2만974.17로 마감했습니다. S&P 500 지수가 종가 기준 6300선 위로 올라선 것은 처음이며 나스닥 지수는 6거래일 연속 최고치를 찍고 있습니다. 미국 대형 은행들이 기대치를 상회하는 실적을 낸 데 이어 빅테크들 실적도 좋을 것이란 기대감이 반영된 영향으로 풀이됩니다. 거대 기술기업들 ‘매그니피센트7’은 2분기 수익률이 14% 성장할 것으로 전망됐습니다.◆ 고점 부담에 상승폭 제한…다우지수는 하락다만 뉴욕증시의 또 다른 주요 지수인 다우존스 지수는 전장보다 0.04% 내린 4만4323.07로 약보합세를 보였습니다. 미국 기업들이 ‘관세 불확실성’에도 호실적을 보이고 있으나, 도널드 트럼프 대통령의 관세 정책이 본격 영향을 미친 4월 이후 증시가 줄곧 달려온 만큼 고점 부담도 커진 상태로 해석됩니다. 미국의 6월 경기선행지수도 전월보다 악화한 98.8을 기록했습니다. 트럼프 행정부는 관세 협상과 관련해 합의를 서두르기보단 ‘만족할 만한 조건’을 확보하는 데 집중하겠다는 입장을 내놨습니다.◆ 美 재무장관 ""질 높은 무역 합의가 중요""스콧 베선트 미 재무장관은 현지시간 21일 CNBC 인터뷰에서 상호관세 부과 시점인 다음달 1일 이전에 각국과 신속히 무역 합의를 하는 것보다 ‘질 높은 합의’가 더 중요하다고 강조했습니다. “타이밍보다 퀄리티”라는 겁니다. 그는 “합의하기 위해 서두르진 않을 것”이라고 부연해 시한을 넘겨 추가 협상할 수 있는 여지도 남겼습니다. 하워드 러트닉 미 상무장관 역시 전날 CBS 방송 인터뷰에서 “8월1일에 새로운 관세율이 적용되지만 이후에도 각국은 우리와 협상할 수 있다”고 언급한 바 있습니다.◆ '단통법' 사라진다…휴대폰 얼마나 싸질까휴대폰 구입시 이동통신사의 지원금 상한을 둬 소비자들 부담이 커졌다는 비판을 받아온 ‘단통법’이 오늘(22일)부로 결국 폐지됐습니다. 이에 따라 이통사의 단말기 지원금 공시 의무는 사라지고 공시지원금의 15% 한도로 제한됐던 추가 지원금 상한도 없어집니다. 유통점은 그간 불법으로 간주됐던 추가 보조금을 자율적으로 책정할 수 있습니다. 오는 25일 정식 출시되는 삼성전자의 신형 폴더블폰 갤럭시Z플립7·폴드7이 단통법 폐지 이후 초반 시장 분위기를 가늠할 수 있는 시험대가 될 전망입니다.◆ '대서' 전국 무더위·열대야…곳곳 소나기절기상 한 해 중에 가장 더운 ‘대서(大暑)’이자 화요일인 오늘은 무더위와 열대야가 이어지겠습니다. 낮 최고기온은 29~34도로 예보됐습니다. 대부분 지역에 폭염특보가 발효된 가운데 최고 체감온도가 33도 내외까지 오르고 ‘열대야’ 현상도 곳곳에서 나타날 것으로 보입니다. 전국에 가끔 구름이 많고 내륙 중심으로 돌풍·천둥·번개를 동반한 소나기가 내리겠으며 미세먼지 농도는 전 권역이 ‘좋음’ 수준으로 예상됩니다.김봉구 한경닷컴 기자 kbk9@hankyung.com",https://www.hankyung.com/article/2025072231027,2025.07.22 07:01
"우리은행, 퇴직인력 재채용…""내부통제·기업영업 강화""",,"우리은행 제공

                우리은행이 금융권 퇴직인력을 재채용한다고 22일 발표했다. 이번 재채용은 본부 부서의 지원업무와 기업영업 부문으로 나뉘어 진행된다. 채용은 서류전형과 인적성 검사, 면접 등의 절차로 이뤄질 예정이다.본부 부서에서는 내부통제, 모니터링, 여신 감리 등 리스크 관리 중심의 업무에 재채용 인력을 배치할 예정이다. 고도의 판단력과 금융 실무에 대한 깊은 이해를 바탕으로 한 퇴직인력의 전문성이 내부통제 체계 강화에 큰 도움이 될 것으로 기대된다는 게 우리은행의 설명이다.우리은행은 또 ‘찾아가는 기업금융 상담’을 위해 기업금융 분야에서 퇴직한 전문가도 재채용한다. 우리은행 퇴직 직원과 시중은행, 신용보증기금, 기술보증기금 등에서 근무했던 전문가들이 지역 기반의 중소기업을 직접 찾아 현장 밀착형 금융 컨설팅을 제공할 예정이다. 이를 통해 중소·중견기업에 대한 금융지원은 물론 지역경제 활성화에도 기여할 방침이다.아울러 우리은행은 퇴직 예정자와 퇴직 인력을 대상으로 재취업 교육과 맞춤형 경력 컨설팅 프로그램도 운영한다. 이를 통해 우리은행을 비롯한 다른 금융회사 등 다양한 경로로의 재취업을 지원해 은퇴 후 커리어 설계까지 통합적으로 지원한다.우리은행 관계자는 “이번 퇴직인력 재채용은 전문성을 갖춘 금융권 퇴직자의 오랜 경험을 리스크 관리와 영업에서 동시에 활용할 수 있는 전략적 선택”이라며 “이번 재채용은 정년연장 효과도 기대할 수 있어 중장년층의 안정적 경력 지속에 긍정적인 역할을 할 것으로 본다”고 말했다.정의진 기자 justjin@hankyung.com",https://www.hankyung.com/article/202507224371i,2025.07.22 13:42
"기준금리 동결·경기 ‘상저하고’ 흐름 속, 정부·한은 조합정책 시동",,"한국은행 금융통화위원회는 7월 10일 기준금리를 연 2.50%로 동결하면서, 집값 안정과 가계부채 증가 부담을 최우선 고려했다고 밝혔다. 이번 금리 동결은 지난해 10월 이후 네 번째 통화정책 방향 회의에서도 확인되었으며, 특히 가계대출 증가세가 금리 인하 여력에 제약을 가했다고 분석된다.한편 한국경제연구원(KERI)은 올해 성장률을 1.0%로 전망하면서, 상반기 0.2%에 그쳤던 경제가 하반기 1.8%까지 반등할 것으로 내다봤다. 다만, 통상 외교 성과와 정부의 경기부양책, 한·미 통상협상의 결과가 반등의 관건이 될 것으로 지적했다.OECD 경제단체들의 조사에서도 하반기 글로벌 경기 환경의 불확실성이 심화되고 있으며, 기업 체감 경기와 투자심리가 위축된 것으로 나타났다. 이는 수출 의존도가 높은 한국에도 부정적 영향을 미칠 전망이다.이처럼 내수·수출 회복 기대와 동시에 가계부채·부동산 리스크가 복합적으로 얽힌 가운데, 한은과 정부는 통화·재정·금융·부동산 정책을 유기적으로 연계해 대응해야 한다는 필요성이 커지고 있다. 투자자 입장에서는 정책의 방향성과 속도, 글로벌 리스크 변수(미·중 갈등, 미국 통상정책 등)에 따라 경기 반등 속도가 엇갈릴 수 있으므로, 신중한 태도가 요구된다.일승, 한화에어로스페이스, SK, 삼성바이오로직스, 모니터랩무료상담",https://www.hankyung.com/article/202507173663a,2025.07.17 09:53
"가상화폐 회의론자 다이먼 ""스테이블코인 관여할 것""",,"미국 대형은행들이 스테이블코인 발행에 긍정적인 입장을 보이고 있다.스테이블코인은 가격 변동성을 최소화하기 위해 특정 자산에 가치를 고정한 가상화폐를 말한다. 주로 달러나 유로 등에 교환가치가 고정되게 설계된다. 스테이블코인은 가치를 지탱하기 위해 담보를 두는데 미국 국채가 많이 활용된다.15일(현지시간) 미국 경제매체 CNBC와 로이터 통신에 따르면 '월가의 황제'로 불리는 제이미 다이먼 JP모건체이스 회장은 실적 발표 콘퍼런스콜에서 ""우리는 JP모건 예치금 코인(JPMD)과 스테이블코인 모두에 관여할 것이며, 이를 이해하고 잘하기 위해서다""고 말했다. 다이먼 회장은 월가의 대표적인 가상화폐 회의론자다.다만 다이먼 회장은 ""정확히는 모르지만, 나는 그것들이 실제로 있다고 생각한다""면서도 ""하지만 당신이 왜 단순한 결제 수단이 아닌 스테이블코인을 원할지는 모르겠다""고 덧붙였다.그는 스테이블코인에 관여하는 핀테크 기업들이 ""매우 똑똑하다""고 인정하면서 그들이 은행계좌를 만들어내고 결제 시스템과 보상 프로그램에 진입하려는 방법을 찾기 위해 노력하기 있다고 말했다.그러면서 ""우리는 그 점을 인식하고 있어야 한다""며 ""그 방법은 직접 참여하는 것이다. 그래서 우리는 이 분야에 들어갈 것이고 많이 배우고 플레이어가 될 것""이라고 강조했다.JP모건은 미국 최대 은행이자 글로벌 결제업계의 공룡으로, 하루 유통하는 액수가 거의 10조달러(약 1만3900조원)에 달한다. 스테이블코인에 대한 규제의 틀이 마련되는 가운데 JP모건이 이 영역을 탐사하는 것은 합리적이라는 게 현지 매체들의 분석이다.스테이블코인 참여를 저울질하는 것은 JP모건만이 아니다.제인 프레이저 시티그룹 최고경영자(CEO)도 이날 실적 발표 후 콘퍼런스콜에서 ""'시티 스테이블코인'을 발행하는 것을 들여다보고 있다""고 밝혔다. 이어 ""아마도 가장 중요하게 (검토하는 분야는) 토큰화된 예금 영역""이라며 ""이는 우리에게 좋은 기회""라고 말했다.뱅크오브아메리카(BofA)의 브라이언 모이니한 CEO도 지난 2월 규제가 허용한다면 스테이블코인을 출시할 수 있다고 말했다.한편 미국 연방 하원 금융서비스위원회는 이번 주를 '크립토 위크'로 지정하고 스테이블코인의 사실상 제도권 편입을 의미하는 '지니어스 법안' 등 이른바 '가상화폐 3법안'의 본회의 통과를 목표로 했다. 그러나 이날 이들 법안을 처리하는 방식을 둘러싸고 이견이 생긴 가운데 하원은 이들 법안의 심의 시작을 위한 절차적 표결을 196대 222로 부결시켰다.이송렬 한경닷컴 기자 yisr0203@hankyung.com",https://www.hankyung.com/article/2025071615747,2025.07.16 11:09
"토스뱅크, 'K-디지털 트레이닝' 2기 성료…70여 명 수료",,"고용노동부가 지원하고 토스뱅크(대표 이은미)가 선도기업으로 참여한 ‘K-디지털 트레이닝, Tech 우수 인재 양성을 위한 ML Ops 및 풀스택 과정’ 2기가 성공적으로 마무리됐다. 지난 2일, 서울 중구 한국경제신문 본사에서 열린 최종 발표회 및 수료식에는 수강생 70여 명과 6개월 간 멘토로 활동한 토스뱅크 리더들이 참석해 교육 과정을 되돌아보고 프로젝트 결과를 공유했다.토스뱅크는 2024년부터 K-디지털 트레이닝에 선도기업으로 최초로 참여해 첨단산업 분야 테크 인재 양성에 나서고 있다. 한국경제신문과 1기(2024년, 60명), 2기(2025년, 68명)를 공동 운영하며, 실무 기반 커리큘럼과 현직자 멘토링, 협업 프로젝트를 통해 수강생들에게 현장 적응력을 높일 수 있는 기회를 제공했다. 2기 과정에는 총 243명이 지원했다. 이날 최종 발표회에는 수강생들이 직접 기획하고 개발한 7개의 프로젝트가 공개됐다. 기부·투자가 가능한 캐시백 플랫폼, 고객 맞춤형 투자 서비스 등 실제 금융 서비스와 비견될 수준의 결과물이 소개됐다. 대상 1개 팀을 비롯하여 수상한 팀에게는 총 1000만 원 상당의 상금이 수여됐다.프로젝트를 함께한 토스뱅크 리더 및 외부 전문 심사위원들은 “대부분의 팀이 최신 기술 트렌드를 숙지하고 활용하여 실제 상용화가 가능할 정도의 결과를 도출했다”고 심사평을 밝혔다. 이들이 6개월 간 실무형 인재로 거듭날 수 있었던 배경에는 토스뱅크가 그동안 강조해온 실무 프로젝트 위주의 교육 커리큘럼이 있었다. 해당 커리큘럼은 각각 토스뱅크의 ML Ops 직무에 활용되는 기술과 토스뱅크 현업에서 사용되는 기술 스택 전반을 아우른 풀스택을 기반으로 설계됐다. 또 현재 실무에서 일하고 있는 토스뱅크 멘토들과 실시간으로 소통할 수 있는 채널이 제공되어 수강생들이 가진 여러 궁금증과 고민을 해소할 수 있도록 도왔다.ML Ops와 풀스택 교육생이 협동하여 인터넷 금융 특화 SW 프로젝트를 수행한 점도 수강생들의 긍정적인 반응을 이끌어냈다. 실제 업무 환경에서 풀스택 개발자와 ML 엔지니어를 비롯하여 여러 부서의 팀원들이 협업해서 일하지만, 지금까지의 개발자 양성을 위한 ML Ops와 풀스택 과정은 개별적으로 진행되어 왔다. 진정한 실무형 인재로 거듭나기 위해서는 다른 기술 부서 간 협업 능력도 필요하다는 점에서 착안하여 토스뱅크가 통합 프로젝트를 최초로 시도, 지금까지 이를 이어오고 있는 것이다. 이를 통해 수강생들은 실제 현업에서의 프로젝트 진행 방식과 매우 유사한 환경 속에서 개발을 진행하는 경험을 쌓았다.수강생인 유지원씨는 “실무 프로젝트에서 ML Ops와 풀스택 개발자들이 협력하는 경험은 다른 교육과정에서는 얻기 힘든 값진 시간이었다”며 “스스로 미래에 어떤 개발자가 되고 싶은지 정의할 수 있는 계기가 됐다”고 말했다. 이외에도 토스뱅크는 수강생들의 취업을 위해 여러 대기업과 스타트업이 진행하는 채용 특강을 진행했으며, 오피스투어에서는 수강생들이 실제 업무 공간을 방문해 토스뱅크의 일과 문화를 직접 체험할 수 있게 했다.멘토로 참여했던 민재슬 토스뱅크 여신 플랫폼디파트먼트 리더는 “서로 협력하며 프로젝트를 완성해나가는 수강생들의 모습이 인상적이었다”며 “이미 현직 개발자 못지 않은 열정을 가진 이들을 실무 현장에서 좋은 동료로 마주할 수 있기 바란다”고 밝혔다. 김용휘 데이터 플랫폼팀 리더도 “6개월 간 수강생들과 소통하며, 좋은 개발자가 되고자 하는 이들의 열의와 깊은 고민을 함께 느낄 수 있었다”며 “현직 멘토들의 피드백이 수강생들에게 도움이 됐길 바란다”고 전했다. 토스뱅크는 사회공헌(CSR) 활동의 일환으로 테크 인재 양성을 이어오고 있으며, ‘쉬운 근로계약서’, ‘기부캐시백’, ‘안심보상제’ 등 기술 기반의 사회 기여 모델을 만들어 왔다. 문유진 토스뱅크 CSR 매니저는 “토스뱅크는 은행의 사회적 책무를 스스로의 강점을 기반으로 제시하고 결과로서 증명하고 있다”며 “이번 K-디지털 트레이닝 또한 현 사회에서 가장 필요로 하는 테크 인재 양성을 목표로 함으로써, 기술과 사람을 연결해 사회에 환원하는 방식으로 이어가고 있는 것”이라고 밝혔다.한경닷컴 뉴스룸 open@hankyung.com",https://www.hankyung.com/article/202507036362O,2025.07.03 14:49
'파월 해임쇼' 진실은…트럼프가 TACO한 이유 [김현석의 월스트리트나우],,"영상 모듈 닫기









                트럼프 대통령의 '파월 해임 드라마'가 방송된 날이었습니다. 갑자기 튀어나온 해임설에 시장은 혼란에 빠졌지만, 트럼프 대통령이 부인하면서 다시 정상을 되찾았습니다. 이 일을 제외하면 전반적으로 긍정적인 일들이 많았습니다. 뉴욕 증시가 오른 이유입니다. 6월 생산자물가(PPI)는 보합 수준으로 낮게 나왔고요. 골드만삭스 등 금융사들은 예상보다 좋은 실적을 줄이어 공개하고 있습니다. 금융사들은 미국 경제가 여전히 강하다고 증언하고 있습니다.  1. PPI 예상보다 낮았지만, 관세 효과도 드러났다미국의 6월 생산자물가(PPI)도 예상보다 낮게 나왔습니다. 그러나 역시 일부에서 관세의 영향이 나타났습니다. 어제 발표된 6월 소비자물가(CPI)와 거의 비슷한 양상입니다. 또 5월 수치가 큰 폭으로 상향 조정됐습니다. 
                    




                6월 PPI(최종 수요)는 전월 대비 보합(0%)에 머물렀습니다. 월가 예상(+0.2%)을 밑돌았습니다. 전년 동기 대비로도 2.3%(예상 2.5%) 오르는 데 그쳤고요. 이는 5월 2.7%보다 둔화한 것이고, 2024년 9월 이후 최저치입니다. 에너지와 식품 등을 제외한 근원 PPI도 역시 전월 대비 0%, 전년 대비 2.6% 올라 컨센서스(+0.2%, +2.7%)보다 낮았습니다. 그런데 5월 수치가 상향 조정되면서 혼란을 불렀습니다. 헤드라인, 근원 PPI는 원래 각각 0.1% 오른 것으로 발표됐었는데요. 헤드라인은 0.3%, 근원 PPI는 0.4% 오른 것으로 바뀌었습니다. 이는 6월 보합세가 예상보다 높은 기저 물가 위에 있음을 의미합니다.
                    




                PPI에서도 상품 분야에선 관세 영향이 감지됐습니다. (PPI는 수입품을 포함되지 않지만, 관세가 오르면 생산 단계 후반에서 간접 영향을 미칩니다) 6월에 가장 큰 PPI 상승률을 보인 품목 중 하나는 고철(iron and steel scrap)로 4.3% 올랐는데요. 이는 6월 초 철강·알루미늄 관세가 25%에서 50%로 뛴 탓일 가능성이 큽니다. 또 가정용 가구, 전자기기, 통신 장비 등 수입 의존도가 높은 품목들도 오름세가 두드러졌습니다. 이런 품목은 어제 CPI에서 많이 오른 것으로 나왔죠. 이에 따라 상품 가격(최종 수요)은 전월 대비 0.3% 상승했습니다. 2월 이후 최대 상승 폭입니다. 그런데 왜 PPI는 보합세를 보였을까요. 어제 CPI처럼 서비스 물가가 전월 대비 0.1% 하락한 덕분입니다. 운송 및 창고 물가가 전월 대비 0.9% 떨어지는 등 서비스 물가는 약세를 보였습니다. 미국 경제는 서비스 중심이기 때문에 PPI에서도 서비스 비중이 68%로, 근원 상품 19%보다 비중이 훨씬 큽니다. 즉 상품 가격이 많이 올랐다 해도 서비스 물가가 하락하면 전체 PPI는 낮게 나올 수 있습니다. 이런 양상이 이어질까요? 그렇지는 않습니다. PPI 서비스 항목에서 무역서비스(Trade Services)는 도소매 유통의 마진을 나타내는데요. 이 마진이 6월에 0%에 머물렀습니다. 유통업체들이 이런 마진 압박을 계속 수용할까요? 그렇지 않을 것입니다. 점차 가격을 올려 중간이윤을 방어할 것입니다.JP모건은 ""PPI의 전월 수치는 상향 조정되었고, 근원 상품 물가는 전월 대비 0.3% 상승했다.  이는 관세가 생산 과정을 거쳐 소비자에게 점진적으로 전가되고 있음을 시사한다""라고 밝혔습니다. 아치캐피털의 파커 로스 이코노미스트는 ""6월 PPI에서도 디스인플레이션(물가 안정) 흐름이 지속한다는 점은 긍정적이지만, 동시에 관세 영향이 상품 물가를 밀어 올리는 초기 징후도 나타났다. 이런 관세 전가가 인플레이션을 재점화할 가능성을 배제할 수 없다. Fed는 당분간 금리를 유지한 채 지켜볼 가능성이 크다""라고 밝혔습니다.에버코어ISI의 크리슈나 구하 부회장은 ""서비스 PPI가 급락해 관세로 인한 상품 PPI의 강세를 상쇄하면서 6월 상승률은 변동이 없었다. 서비스 물가 하락은 관세로 인한 불확실성 탓으로 추정된다. 6월 물가 데이터는 관세 인플레이션이 여름에 나타날 것이라는 미 중앙은행(Fed)의 예측을 확인해주고 있지만, Fed의 예상을 크게 뛰어넘지는 않았다. Fed는 9월까지 더 많은 데이터를 얻기 위해 더 기다릴 것으로 본다""라고 분석했습니다.
                    




                약간 긍정적인 것은 Fed의 물가 벤치마크죠. 오는 31일 발표될 개인소비지출(PCE) 물가 상승률 추정치가 조금 낮아졌다는 것입니다. 골드만삭스는 어제 CPI를 기준으로 6월 근원 PCE 물가가 전월 대비 0.29% 상승했을 것으로 봤는데요. 오늘 이를 +0.26%로 수정했습니다. PCE 물가에 들어가는 PPI의 항공료(-2.7%) 등이 낮게 나온 덕분입니다. Fed에 대한 금리 인하 기대는 아주 조금 올랐습니다. 시카고상품거래소 Fed워치 시장을 보면요. 9월 금리 인하 베팅이 어제 55%에서 57%로 약간 증가했습니다. 뉴욕 채권 시장에서는 국채 금리가 3~4bp 하락세를 보였습니다. 
                    




 2. 트럼프 ""매우 해임할 거 같지 않다""아침 9시 30분 뉴욕 증시의 주요 지수는 0.2% 수준의 상승세로 출발했습니다. 6월 CPI, PPI를 보면 관세 영향은 나타나고 있지만, 물가는 안정세를 보입니다. 비중이 큰 서비스 물가가 상품 상승세를 누르면서 헤드라인 수치는 둔화한 것으로 나오고 있죠.이에 트럼프 행정부의 Fed, 특히 제롬 파월 의장에 대한 공격이 더욱 거세졌습니다. JD 밴스 부통령은 PPI 수치를 리트윗하면서 ""경제학자들은 관세를 제대로 이해하지 못하는 것 같다""라고 썼습니다. 
                    




                아침부터 CBS뉴스 등은 트럼프 대통령이 전날 공화당 의원들과의 비공개 간담회에서 파월 의장 해임에 대한 의견을 물었고, 의원들이 이에 찬성을 표했다고 보도했는데요. 애나 폴리나 루나(공화·플로리다) 하원의원은 전날 밤 X를 통해 ""매우 진지한 소식통으로부터 파월이 해임된다는 얘기를 들었다. 99% 확신한다. 해임은 임박했다""라고 썼습니다. 
                    




                오전 11시 16분께 블룸버그는 백악관 고위 소식통을 인용해 ""트럼프 대통령이 곧 파월 의장을 해임할 것 같다""라고 속보로 보도했습니다. 즉시 시장은 요동쳤습니다. S&P500 지수는 0.6%까지 떨어졌고, 국채 30년물 수익률은 한때 10bp 뛰면서 다시 5% 선을 넘었습니다. 달러(ICE 달러인덱스)는 최대 1%까지 하락했고요. 변동성지수(VIX)는 17선에 머물다 19.48까지 뛰었습니다. 
                    




                마침 바레인 총리와 정상회담을 한 트럼프 대통령이 기자들 앞에 나왔습니다. 트럼프 대통령은 ""파월은 멍청이""라면서도 ""(Fed 건물 보수 비용과 관련) 사기로 물러나야 하는 상황이 아니라면 매우 그럴 것 같지 않다""라고 밝혔습니다. 그는 ""어떤 것(해임)도 계획하고 있지 않다. 그가 형편없는 일을 하고 있지만, 다행히 8개월(파월 임기가 2026년 5월 끝남)만 있으면 변화의 기회가 있다""라고 했습니다. 다만 ""25억 달러, 27억 달러의 보수 비용에 사기가 개입될 가능성이 있다. 파월은 적절한 승인도 받지 않았다""라고 덧붙였습니다.
                    




                일각에서는 트럼프 대통령이 결국 보수 비용을 구실 삼아 해임할 것이라고 관측합니다. 민주당의 엘리자베스 워런 상원의원은 트럼프 대통령과 공화당이 갑자기 보수 비용 문제에 관심을 두는 것은 해임 구실로 삼으려는 것이라고 지적했습니다. JP모건의 마이클 페롤리 이코노미스트는 ""대통령이 파월 의장 해임을 한 차례 철회해서 당장의 위기는 지나갔을지 몰라도, 이 사건이 완전히 끝났다고는 생각하지 않는다""라고 말했습니다.
                    




                그렇다면 왜 트럼프 대통령은 물러섰을까요. ① 해임할 수 있을지부터 불확실합니다. 해임 권한이 있는지 소송이 붙을 수 있고요. 내년 5월 파월 의장 임기 때까지 이어질 수 있습니다. 파월 의장은 이미 부당한 해임 시도에 대응해 싸우겠다고 밝힌 바 있죠. 해임으로 인한 실익이 없다는 겁니다. 
                    




② 의장 교체에 성공한다 해도 Fed가 바로 금리를 낮추는 게 아닙니다. FOMC는 12명으로 짜여 있고요. 다수결로 통화정책을 결정하는데요. 6월 연방공개시장위원회(FOMC)에서 내놓은 점도표를 보면 7명이 올해 인하하지 않겠다고 찍었고요. 2명은 1회 인하만 예상했습니다. 트럼프 대통령이 요구하는 3%포인트(300bp) 인하가 이뤄지려면 상당수 이사를 교체해야 하는데요. 내년까지 교체가 가능한 사람은 파월 의장과 아드리아나 쿠글러 이사(2026년 1월 임기 종료) 등 2명뿐입니다. 파월 의장은 이사 임기(2028년 1월)가 남아있어서 의장직은 떠나도 계속 FOMC에 머물 수도 있습니다. 
                    




③ 단기 금리를 낮춰도 장기 금리가 반드시 내려가는 것은 아닙니다. 오늘도 해임 뉴스에 장기 금리가 크게 뛰었습니다. 도이치뱅크는 트럼프가 파월을 해임할 경우 통화 및 채권 시장이 붕괴할 수 있다고 경고했습니다. 24시간 동안 달러가 최소 3~4% 하락하고, 국채 금리는 30~40bp 오를 것이라는 겁니다. JP모건의 제이미 다이먼 CEO도 ""Fed를 가지고 장난치는 것은 종종 기대했던 것과 정반대의 부정적인 결과를 초래할 수 있다""라고 말했습니다. 
                    




④ 오늘 움직임도 TACO(Trump Always Chickens Out, 트럼프는 항상 겁을 먹는다)일 수 있다는 겁니다. 펜뮤추얼의 조지 시폴리니 포트폴리오 매니저는 마켓워치 인터뷰에서 ""트럼프 대통령은 시장의 반응이 마음에 들지 않으면 결정을 번복해왔다. 오늘 뉴스가 나온 뒤 30년물 수익률이 치솟고 달러가 약세를 보였는데, 이는 백악관에 보내는 시장의 경고 신호였다""라고 말했습니다. 
                    




⑤ 일부에선 제프리 엡스타인 관련 스캔들을 묻어버리려는 의도가 아니냐고 의심합니다. 엡스타인은 수많은 미성년자 성매매 혐의로 체포된 뒤 감옥에서 죽었는데요. 그동안 그와 교류한 각국 유명 인사의 성 접대 명단(엡스타인 파일)에 관한 얘기들이 무성했죠. 트럼프 대통령은 대선 캠페인 때 엡스타인에 대한 정보를 공개하겠다고 약속했고요. 팸 본디 법무장관은 올 초 ""내 책상 위에 있다. 공개하겠다""라고 했다가 최근 ""그런 게 없다. 공개하지 않는다""라고 뒤집었습니다. 이 파일에 트럼프 대통령이 있기 때문이란 의심이 나오면서 콘크리트 지지층인 ‘마가(MAGA) 지지자들까지 공개를 요구하고 있는데요. 트럼프 대통령은 오늘 ""가짜 뉴스에 굶주린 민주당 때문에 모든 사람이 이야기하고 싶어 하는 게 바로 엡스타인 사기극이다. 과거 지지자들은 이 '헛소리'에 속아 넘어갔다. 더 이상 그들의 지지를 받고 싶지 않다!""라고 밝혔습니다.  3. ASML의 반도체 관세 경고트럼프 대통령은 관세와 관련해서도 공세를 이어가고 있습니다. 어제 오후 의약품 관세를 이르면 이달 말부터 부과할 계획이라고 밝혔고요. 8월 1일 상호관세와 함께 발효될 수 있다는 얘기였죠. 또 반도체에 대한 품목별 관세에 대한 부과 일정도 ""비슷하다""라고 덧붙였습니다. 트럼프 대통령은 현재 5∼6개국과 추가로 무역협상을 벌이고 있다고 밝혔는데요. 그는 인도에 대해서는 ""합의에 근접했다""라고 했지만, 일본에 대해서는 ""그들(일본)과 협상하고 있지만 내 생각에 아마도 서한(25%)대로 갈 것 같다""라고 말했습니다. 또 EU와의 협상에 대해서도 어려움이 있다고 말했습니다. 캐나다도 마찬가지입니다. 캐나다의 마크 카니 캐나다 총리는 미국과의 협상이 ""강화될 것""이라고 했지만, 관세는 유지될 것이라고 시사했습니다.
                    




                이런 변동성은 전반적으로 기업에 좋지 않습니다. 반도체 장비업체인 네덜란드의 ASML은 2분기에 예상을 넘는 실적을 공개했지만, 현재 분기와 올해 실적 전망을 낮췄습니다. 또 내년에는 매출이 성장하지 않을 수 있다고 경고했습니다. 관세 정책의 불확실성 탓입니다. 크리스토프 푸케 CEO는 “2026년에도 AI 수요는 여전히 강력할 것으로 보인다”라면서도 ""거시경제 및 지정학적 상황 변화에 따른 불확실성이 커지고 있어 성장 여부는 확신할 수 없다""라고 말했습니다. 광산업체 리오틴토는 캐나다산 알루미늄에 대한 미국의 관세 부과로 상반기에 3억 달러 이상의 비용이 발생했다고 발표했습니다. 4. 월가는 호황…""경제 더 가속""하지만 이런 변동성으로 돈을 버는 기업들이 있습니다. 바로 월가 금융사들입니다. 골드만삭스는 월가 기대를 뛰어넘는 2분기 실적을 공개했는데요. 매출은 전년 동기보다 15%, 이익은 22% 급증했습니다. 특히 주식 트레이딩에서 자체 분기 기록일 뿐 아니라 월가 사상 최대 분기 기록을 세웠습니다. 투자은행 부문 매출도 자문 수수료에 힘입어 26% 증가했습니다.
                    




                모건스탠리도 이익이 15% 증가했고요. 뱅크오브아메리카는 3% 늘었습니다. JP모건은 어제 주식 트레이딩에서 역대 최고 2분기 실적을 기록했고, 시티그룹의 트레이딩 부문도 5년 만에 최고 실적을 올렸습니다. 제인 프레이저 시티그룹 CEO는 ""변동성은 새로운 세계 질서의 버그가 아니라 특징이 될 것이다. 우리는 거기에서 이익을 얻을 것""이라고 말했습니다.이들 은행은 또 입을 모아 소비 등 경제 활동이 좋다고 밝히고 있습니다. 뱅크오브아메리카는 소비자 회복력이 유지되고 있다고 했고요. 어제 JP모건의 제레미 바넘 CFO는 ""소비자들은 기본적으로 괜찮은 것 같다""라고 말했습니다.
                    




                골드만삭스의 데이비드 솔로몬 CEO는 CNBC에 나와 경제와 시장에 대한 시각을 밝혔습니다. 그의 발언은 다음과 같습니다.▶우리는 탄탄한 2분기를 보냈다. 4월 초 많은 일이 있었지만 분기를 지나면서, 고객들의 자신감 수준은 실제로 높아졌다. 시간이 지날수록 자신감이 커졌고, 고객들이 활발히 활동하는 것을 보고 있다. 이런 활동은 계속 탄력을 받고 있다.▶M&A도 증가하고 있고, IPO도 늘고 있다. CEO들은 지금이 큰 M&A를 할 수 있는 시기라고 믿고 있으며, 규제 당국의 승인 가능성도 있다고 판단한다. 내년 초까지 상당히 활발한 M&A 환경이 될 것으로 기대한다. 정책 환경이 큰 충격을 주지 않는 이상, 시장은 지금 이 모멘텀을 잘 흡수하고 있다. ▶긍정적인 또 한 가지는 AI다. 기업에서 AI가 실제로 사용되면서, 이익 성장과 투자 기회에 대한 인식 변화를 가져오고 있고, 이는 증시 전반에 걸쳐 중요한 역할을 하고 있다. 모든 산업의 CEO들이 “이 기술을 어떻게 활용할까” 얘기하고 있고, 단순히 비용을 줄이고 효율성을 높이는 게 아니라, 새로운 성장을 위한 자원을 확보하는 방향으로 움직인다. 이는 경제 성장에 매우 긍정적인 요소다. ▶(하반기 및 내년 경제 성장 전망은?) 한 달 반 전쯤 대화했다면, 정책 불확실성 때문에 성장 속도가 느려졌다고 말했을 것이다. 그때도 올해 1~1.5% 성장은 할 수 있을 것으로 기대했었다. 그런데 최근 CEO들과 이야기하고, 각 기업 상황을 들으면서 조금 가속이 붙고 있다는 느낌을 받는다. 최근 CEO들과 투자자를 초대해 식사했다. 한 소비자 기업의 CEO가 “소비자들이 4월에는 몇 주간 멈칫했지만, 지금은 다시 소비에 나섰다”라고 한 것을 들었다. 이런 분위기를 봤을 때, 성장 궤적에 대해 좀 더 긍정적이다. 결국, 자신감(confidence)이라는 것도 중요한데요. 5월 15일보다 7월 15일의 자신감이 더 높아졌다는 건 부인할 수 없다. 자신감이 높아지면, 그건 행동으로 이어지기 마련이다.▶(Fed의 금리 인하 전망은?) 올해 한두 번 정도의 금리 인하가 나올 가능성은 있지만 확실하진 않다. 시장은 현재 무역 정책을 잘 흡수하고 있는 듯하지만, 아직 관세 효과가 실질적으로 나타나지 않았다. 10% 기본 관세와 품목 관세가 성장에 어떤 영향을 줄지 확실하지 않기 때문에 자세히 지켜봐야 한다. 물론 인플레이션은 지금 바람직한 방향으로 가고 있는 것처럼 보인다. 그래서 한두 번의 인하 가능성은 있지만, 지켜봐야 할 것이다.▶걱정이 있다면 미국의 부채 구조와 향후 재정 지출을 통제할 수 있는 능력이다. 향후 5년간 이 문제는 많은 주목을 받을 것이고, 이는 성장을 억제할 수 있는 걸림돌이 될 수 있다. 가능성 큰 시나리오는, 계속 부채가 늘어나 장기 국채 수익률에 압박을 주고, 다른 투자를 위축시키는 요인이 될 것이란 것이다. 이건 2025년 당장 문제가 될 사안은 아니지만, 주목해야 할 문제다. 5. 베이지북 ""6주 전보다 경제 개선""트럼프 대통령의 부인으로 파월 의장 해임 가능성은 당분간 가라앉을 것으로 전망되면서 채권 금리는 하락세로 전환했고, 증시는 상승세로 돌아섰습니다. 기본적으로 시장은 파월 의장을 신뢰합니다. 월가 관계자는 ""일부 비판도 있지만, 증시가 사상 최고 수준에 있다는 건 투자자들이 전반적으로 통화정책을 지지한다는 뜻이기도 하다""라고 말했습니다.또 발표된 금융사 실적을 보면 미국 경제는 좋습니다. 솔로몬 CEO의 말처럼 성장 모멘텀이 조금 더 강해지고 있을 수도 있습니다. 인플레이션도 당장 걱정할 수준은 아니고요. 오늘 6월 산업생산은 0.3% 증가했는데요. 5월 수치도 0.2% 감소가 보합으로 상향 수정됐습니다. 웰스파고는 ""제조업의 르네상스라고 하기에는 거리가 멀지만, 암울한 예상보다는 다소 긍정적인 데이터가 나왔다""라고 분석했습니다.
                    




                Fed가 발표한 베이지북도 내용이 나쁘지 않았습니다. 베이지북은 ""5월 말부터 7월 초까지 경제 활동이 소폭 증가했다. 5개 지역은 소폭 또는 완만한 증가를 보고했고, 5개는 정체되었으며, 나머지 2개는 소폭 감소를 보였다. 이는 절반 이상에서 경제 활동이 소폭 감소했다고 보고했던 이전 보고서보다 개선된 것""이라고 썼습니다. 다만 ""불확실성은 여전히 높았고, 이는 기업들의 지속적인 신중론에 영향을 미쳤다""라고 덧붙였습니다. 
                    




                오후 4시 40분께 국채 10년물 수익률은 3bp 내린 4.459%, 2년물은 6.3bp 떨어진 3.896%를 기록했습니다. 30년물의 경우 0.7bp 내린 5.011%로 여전히 5% 대를 유지했습니다.
                    




                오후 4시께 S&P500 지수는 0.32%, 다우는 0.53% 올랐고요. 나스닥은 0.25% 상승한 채 거래를 마쳤습니다. 
                    




                업종별로는 에너지와 커뮤니케이션서비스, 임의소비재를 제외한 8개 업종이 상승세를 보였습니다. 
                    




                헬스케어가 가장 큰 1.22% 올랐는데요. 존슨앤드존슨이 2분기 호실적을 기록하고 연간 실적 가이던스를 상향 조정하면서 주가가 6% 넘게 뛰었고요. 일라이릴리도 2.34% 오르는 등 헬스케어 주식들이 동반 상승했습니다.호실적을 내놓은 금융사 주가는 엇갈렸습니다. 골드만삭스는 0.9% 올랐지만, 모건스탠리는 1.27% 하락하고 뱅크오브아메리카는 0.26% 내렸습니다. ASML의 실적 경고 탓에 반도체 주는 내림세를 보였습니다. ASML은 8.33% 급락했고요. 인텔은 1.00%, 마이크론은 3.06%, 퀄컴은 0.15% 마벨은 2.15% 각각 하락했습니다. 필라델피아 반도체지수도 0.39% 내림세를 보였습니다. 그래도 엔비디아는 0.39% 상승한 171.37달러를 기록했습니다. 니덤은 엔비디아가 중국 수출을 재개함에 따라 실적이 더욱 개선될 것이라며 목표가를 기존의 160달러에서 200달러로 상향했습니다. AMD도 2.87% 급등했습니다.뉴욕=김현석 특파원 realist@hankyung.com",https://www.hankyung.com/article/202507173328i,2025.07.17 07:48
"적기시정조치 저축은행들, 매각·유상증자로 활로 모색",,"라온, 경영개선권고 7개월만에 KBI그룹에 매각…경영 정상화 기대OK저축, 상상인 인수 협상 막바지…하위권 M＆A 물밑 논의도
                    




                건전성 지표 악화로 적기시정조치를 받은 저축은행들이 매각과 유상증자 등으로 활로를 찾고 있다.24일 금융권에 따르면 KBI국인산업의 라온저축은행 인수가 전날 금융위원회 승인을 받으며 최근 적기시정조치를 받은 저축은행이 기업에 매각된 첫 사례가 나왔다.경북 구미에 위치한 라온저축은행은 지난 1분기 기준 자산 규모가 약 1천247억원인 소형 저축은행이다.라온저축은행을 인수한 KBI국인산업은 지난해에만 매출 611억원·당기순이익 318억원을 기록한 탄탄한 중견기업으로 알려졌다.KBI국인산업은 인수 절차를 마무리하는 대로 유상증자와 부실자산 처분 등을 통해 라온저축은행 경영 정상화에 나설 것으로 보인다.금융위는 이후 경영상태를 점검해 지난해 12월 부과한 경영개선조치를 종료할 예정이라고 밝혔다.라온저축은행과 함께 적기시정조치인 경영개선권고를 받았던 안국저축은행은 매각 대신 유상증자 등을 통해 직접 부실채권을 정리하고 자본을 조달해 경영을 개선하는 전략을 택했다.1분기 기준 자산 규모가 약 2천847억원인 안국저축은행은 지난해 약 500억원 상당 부실채권을 정리했고 지난해 12월에는 약 50억원 규모의 유상증자를 했다.이후 지난 1분기 대출 연체율이 12.26％로 여전히 업계 평균보다는 높지만 직전 분기(19.3％)보다 개선됐다.
                    




                금융당국은 이번 라온저축은행 매각을 시작으로 적기시정조치 중인 다른 저축은행들의 경영 정상화 절차도 탄력을 받기를 기대하고 있다.시장의 자율적인 인수·합병(M&A)을 통한 구조조정으로 그간 지속돼 온 저축은행의 건전성 리스크가 자연스럽게 해소되기를 바라는 것이다.지난 3월 적기시정조치인 경영개선권고를 받은 상상인저축은행을 OK저축은행이 인수하는 협상도 막바지에 접어든 것으로 전해진다.금융권에 따르면 양사는 매각가(약 1천80억원) 등 핵심 쟁점에 합의했으며 고용승계 등 세부 사안을 두고 막판 협상을 진행 중이다.상상인저축은행은 지난해 금융당국 경영실태평가에서 자산건전성 4등급(취약) 판정을 받아 올해 경영개선권고를 받은 상태로, OK저축은행에 매각되면 부실 자산 정리에 속도가 날 것이란 기대가 나온다.상상인저축은행의 자산 규모는 지난 1분기 기준 약 2조3천165억원이다.적기시정조치를 받지 않았지만 경영 상황이 좋지 않은 하위권 저축은행들을 두고도 물밑에서 인수 작업이 꾸준히 이뤄지고 있는 것으로 알려졌다.다만 적기시정조치를 받은 경우에 비해선 당장 매각 유인이 크지 않아 가격 등의 조건 협상이 쉽지는 않을 것이라는 게 업계 관측이다.저축은행중앙회 관계자는 ""라온저축은행에 이어 상상인저축은행 사례가 촉매제가 되면서 하반기 M&A가 더 활발해지기를 바란다""고 말했다./연합뉴스",https://www.hankyung.com/article/202507248846Y,2025.07.24 10:05
퇴직자 재고용 천차만별인데…'법정 정년연장'부터 하자는 정부,"일률적 정년연장 강제 땐 청년고용 위축 우려

산업 현장선 '자율적 재고용'  
부동산·제조·운수업·숙박 등
인력난 심한 업종 재고용 활발 

""일본처럼 기업에 선택권 주거나
직무급제 등 임금체계 개편 절실""","< 제조업체 절반 이상 ‘퇴직자 재고용’ > 서울 독산동의 한 주물 공장에서 근로자들이 작업하고 있다. 국내 제조업체의 57.7%는 숙련 인력을 확보하지 못해 퇴직자를 재고용하고 있는 것으로 나타났다.   한경DB

                경기 시흥시의 한 자동차 부품 제조업체는 퇴직자들을 65세까지 촉탁직(퇴직 후 재고용)으로 계속 쓰는 게 관례로 자리 잡은 지 오래다. 수십 년간 일하며 기술을 익힌 숙련공을 대체하기 어려운 데다 어차피 청년은 들어오지도 않기 때문이다. 생산라인이 쉴 새 없이 돌아가다 보니 외국인을 뽑아 교육하기도 쉽지 않은 형편이다.기업들이 자발적으로 퇴직자를 다시 불러들이는 ‘재고용’ 기조는 통계로도 뚜렷이 확인된다. 22일 고용노동부에 따르면 지난해 재고용 제도를 운용 중인 사업장(14만7402개) 가운데 퇴직자의 80% 이상을 재고용하는 ‘완전 재고용’ 사업장은 3만4712곳(23.5%)에 달했다. 2년 전(2만6395개)과 비교하면 8000곳 넘게 늘어났다. 특히 인력난이 심한 제조업에선 완전 재고용 비율이 32.1%로 높았다. ◇ 선(先)정년연장 추진하는 정부퇴직 후 재고용이 제조업에서만 이뤄지는 건 아니다. 금융대기업 B사는 퇴직 예정자 중 핵심 인력을 ‘전문역’으로 전환해 최대 3년간 재고용하고 신입 교육 임무를 맡겼다. 임금피크제로 정년 직전 급여가 낮아져 계속 고용해도 급여 부담이 없다. 퇴직 근로자는 더 일할 수 있고, 신입 직원들은 숙련자의 실무 경험을 배울 수 있어 만족도가 높다.





                이처럼 현장에서 자율적 재고용이 확산하는데도 정부는 업종별·기업별 상황을 고려하지 않고 일률적 정년 연장을 고집한다는 지적이 나온다. 고용부는 올 하반기 ‘고용상 연령차별금지법’을 개정해 정년을 국민연금 수급 개시연령에 맞춰 연장한다는 계획이다.경영계는 정년 연장을 위해서는 임금체계 개편이 선행돼야 한다고 주장하지만, 정부는 세부 임금체계와 고용 조건은 노사 간 협의에 맡기겠다는 입장이다. 이에 정년을 60세로 올리면서 기업 부담이 크게 늘어난 2013년 ‘실패 사례’가 되풀이될 것이란 우려가 나온다.당시 정부는 법정 정년 연장을 도입하면서 기업 부담을 덜어주는 차원에서 임금피크제를 추진했지만 노동계 반발로 입법화하지는 못했다. 이후 정부 권고로 임금피크제를 도입한 기업들은 줄소송(임금피크제 무효 소송)을 당해 예기치 못한 피해를 봤다. ◇ 청년 일자리 위축 우려일률적 정년 연장이 청년 고용을 위축시킬 것이라는 우려도 높다. 한국은행이 지난 4월 내놓은 보고서에 따르면 2013년 임금체계 개편 없는 정년 연장으로 고령층 근로자가 1명 증가할 때 청년 근로자는 0.4~1.5명 줄어들었다. 한국경영자총협회가 지난 15일 경영·경제·법학과 교수 210명을 대상으로 실시한 ‘고령자 고용정책 인식조사’에서도 전문가의 62.4%가 ‘청년층 채용 위축’을 가장 우려되는 문제로 꼽았다. ‘낮은 생산성 대비 높은 비용’(43.8%), ‘세대 갈등’(23.8%) 순으로 뒤를 이었다.경영계는 고용시장 왜곡을 막기 위해 일본처럼 기업에 선택권을 주는 방식이 현실적이라고 주장한다. 일본은 기업에 65세까지 고용 확보 의무를 부여했지만 계속고용(퇴직 후 재고용), 정년 연장, 정년 폐지 중 하나를 선택할 수 있도록 했다.그 결과 2024년 기준으로 고용 확보 조치를 실시한 일본 기업은 99.9%에 달했다. 그중 계속고용을 택한 기업이 67.4%였고, 정년 연장을 선택한 기업은 28.7%, 정년 폐지는 3.9%에 그쳤다.김위상 국민의힘 의원은 “현재 산업 전반이 자연스럽게 재고용 흐름으로 가고 있는 만큼 업종별·기업별 선택권을 보장해야 한다”며 “정년을 일률적으로 늘리는 것만 고집할 경우 국가가 부담해야 할 고령자 보호 의무를 기업에 떠넘겨 산업계에 충격을 줄 수 있다”고 말했다.곽용희 기자 kyh@hankyung.com",https://www.hankyung.com/article/2025072252281,2025.07.22 17:41
"美상무부 중국계 미국인 직원, 가족 보러 中갔다 출국금지 당해",,"SCMP ""미군 복무 경력 특허청 소속…美정부 직원 출금은 최초인 듯""안보 관련 문제일 가능성…WP ""비자 신청서에 직장 안 밝힌 게 원인""





                미국 상무부에서 일하는 중국계 미국인이 개인적 사유로 중국 여행을 갔다가 출국을 금지당해 몇개월째 미국으로 돌아오지 못하고 있다고 20일(현지시간) 홍콩 사우스차이나모닝포스트(SCMP)와 미국 일간 월스트리트저널(WSJ)가 보도했다.이들 매체는 상황을 잘 아는 복수의 소식통을 인용해, 미국 상무부 산하 특허상표청(USPTO) 직원인 중국계 미국인 남성이 몇 달 전 가족을 만나러 중국을 방문했다가 출국이 금지됐다고 전했다.SCMP는 이 남성이 지난 4월 쓰촨성 청두에 도착하자마자 당국에 붙들렸다고 보도했다.소식통들은 그가 출국 금지당한 정확한 이유를 확인할 수 없지만 중국 당국이 국가 안보에 해롭다고 간주하는 행동과 관련이 있는 것으로 보인다고 말했다.WP가 접촉한 소식통들은 이 남성이 입국 비자 신청서에 자신이 미국 정부에서 일한다는 사실을 언급하지 않아 출국금지 당했다고 말했다.출국금지를 당한 특허청 직원은 중국 출신 미국 귀화자로, 미국 육군에서 복무한 경력이 있으며 이전에도 친척을 만나러 개인적으로 중국으로 여행을 다녀온 적이 있다고 SCMP는 전했다.그의 부인은 미국에 거주하는 것으로 알려졌다.이 남성은 청두에서 출국금지 당한 이후 미국 당국자와 함께 베이징으로 이동했으나 현재 소재지는 알려지지 않았다.중국에서 출국금지 당한 개인은 보통 중국 안에서는 자유롭게 이동할 수 있고 자국 영사관 관계자나 언론인을 만나는 것도 가능하나 당국의 감시를 받으며 출국금지가 풀리기까지 수년이 걸리는 경우도 있다고 WSJ은 전했다.소식통들은 현직 미국 연방 공무원이 출국금지를 당했다는 점에서 이번 특허청 직원 건이 매우 이례적이라고 WSJ에 말했다.SCMP는 미국 정부 소속 개인이 중국 당국으로부터 출국금지 당한 사실이 공개적으로 알려진 것은 이번이 처음이라고 전했다.미국 중앙정보국(CIA)의 중국 분석 책임자와 백악관 아시아 담당 선임보좌관 등을 지낸 데니스 와일더 조지타운대 선임연구원은 ""이런 일(출국금지)은 상대적으로 기업인들에게 더 자주 일어난다""며 자신이 아는 중국의 미국인 대상 출국금지 건 중에 미국 정부 직원이 관련된 사례는 본 적이 없다고 SCMP에 말했다.와일더 연구원은 또한 상무부 직원이 정보수집 활동에 관여했을 가능성은 작다고 덧붙였다.미국 등 서방 국가 시민을 겨냥한 중국의 출국금지 조치는 오랜 기간 외교적 마찰 요인이었다.중국 출입국관리법에 따르면 미해결 민사사건에 연루돼있거나 범죄 관련 수사 또는 재판을 받는 외국인은 출국이 금지될 수 있다.하지만 서방 당국자들과 인권단체들은 중국이 출국금지를 자의적인 강압 수단으로 사용하고 있다고 비판해왔다.특히 최근 몇 년간 중국이 반간첩법을 강화하면서 시장 현황 파악 등 다른 나라에서는 합법인 활동 때문에 외국 기업 관계자가 간첩으로 낙인찍힐 우려가 커졌다는 지적이 나왔다.최근에는 미국 웰스파고 은행 간부로 상하이 태생 중국계 미국인인 마오천웨가 몇주 전 중국에 들어왔다가 확인되지 않은 사유로 출국금지를 당했다.이에 웰스파고는 직원들의 중국 출장을 일시 중단했다.전문가와 전직 미국 당국자들은 또한 중국에서 출국 금지당한 미국인이 최소 수십명이 있으며 대부분 중국계라고 말했다.중국에서는 중국 태생 미국인을 다른 미국 시민과 달리 중국인으로 간주하는 경향이 있어 중국계 미국인은 추가적인 압박을 받고 있다고 WP는 전했다./연합뉴스",https://www.hankyung.com/article/202507211373Y,2025.07.21 11:11
"대출 거절당한 가족법인, 무엇이 문제였나? [한경부동산밸류업센터]","[밸류업가이드]
재무제표가 없어도 자금 조달이 가능해지는 전략…실전 사례로 본 법인 투자 실무","[배준형의  밸류업 클래스]




Gemini로 만든 이미지입니다

                최근 부동산 자산관리와 절세, 그리고 자녀에게의 원활한 자산 승계를 고려해 가족법인을 설립하고, 이를 통해 실물자산 개발을 추진하는 사례가 늘고 있습니다. 하지만 이러한 전략이 항상 매끄럽게 진행되는 것은 아닙니다.특히 금융조달 과정에서는 예상치 못한 대출 거절 문제에 직면하는 경우가 많습니다. 실제 사례를 바탕으로 그 원인과 해결 방안을 상세히 살펴보겠습니다.❶ 사업 목적의 적합성부터 점검해야 합니다가족법인을 통해 부동산 개발을 추진할 경우, 가장 먼저 확인해야 할 요소는 법인의 정관 및 사업자등록증에 명시된 사업 목적입니다. 대출 심사 시 금융기관은 해당 법인이 창고 신축이나 부동산 개발을 합법적으로 수행할 수 있는 자격을 갖췄는지를 확인합니다.따라서 다음 사항이 반드시 명확히 반영되어야 합니다.• 법인등기사항증명서상 ‘부동산 개발·임대·창고업’ 등의 명시• 사업자등록증의 업태 및 종목란에 관련 항목 기재이러한 항목이 누락된 경우, 대출 심사 초기 단계부터 신뢰도 하락과 심사 제외의 원인이 될 수 있습니다.❷ 수익이 없는 신생 법인의 한계와 대체 방안신생 법인은 대부분 매출 및 이익이 없는 상태에서 출발합니다. 이 경우, 건축자금대출(시설자금) 심사에서 상당한 제약을 받을 수밖에 없습니다. 다만, 다음과 같은 보완 요소가 충분히 갖춰진다면 대출 가능성을 높일 수 있습니다.• 납입 자본금 규모: 일정 수준 이상의 자본금은 책임성과 실행력을 입증하는 수단입니다.• 보유 토지의 감정가치: 담보로 제공되는 부동산의 가치가 대출 승인 여부에 직접 영향을 줍니다.• 대표자 신용도 및 보증 능력: 개인 보증 또는 책임능력이 중요한 심사 항목입니다.• 추가 담보 제공 가능성: 다른 부동산 자산을 공동 담보로 활용할 수 있는지 여부이와 같은 보완요건은 신생 법인이더라도 금융기관과의 협의 여지를 확보할 수 있는 기반이 됩니다.❸ 금융기관별 특성 파악과 전략적 접근 필요모든 금융기관이 동일한 기준을 적용하지는 않습니다. 특히 지점 단위의 재량권이 큰 지방은행이나, 특화된 부동산 대출 상품을 보유한 시중은행의 경우, 차별화된 접근 전략이 필요합니다.다음은 추천하는 전략적 접근 방법입니다.• 법인의 사업 구조에 적합한 전용 대출 상품 탐색• 주요 은행 (신한, 국민, 하나, 기업 등)과의 사전 미팅을 통한 협상력 제고• 사업계획서, 추정 손익계산서, 토지 감정평가서 등 보조 자료를 통해 실행 가능성 강조❹ 자본금 규모는 신뢰의 척도많은 가족법인이 설립 시 1,000만 원 이하의 최소 자본금으로 시작합니다. 그러나 수억 원 규모의 창고 건립을 추진하면서 자본금이 낮다면, 금융기관 입장에서는 다음과 같은 의문을 가질 수밖에 없습니다.“이 자본금으로 공사 중 문제 발생 시 감당이 가능한가?”“법인의 책임 능력은 충분한가?”이러한 우려를 해소하기 위해 다음과 같은 보완이 필요합니다.• 유상증자를 통한 실질 자본금 증액• 자산 전입 또는 대표자 명의 토지와의 임대계약 체결을 통해 외형 확대• 증액된 자본금의 등기 및 세무 반영으로 공신력 확보자본금 규모는 단순한 수치가 아닌, 사업의 신뢰성과 지속 가능성을 보여주는 핵심 지표입니다.
                    



Chat GPT로 만든 이미지입니다

                단순한 설립이 아닌 ‘실행 가능한 구조’ 설계가 핵심입니다가족법인을 통한 부동산 개발은 합법적 절세와 효율적 자산 운용 측면에서 매우 유효한 전략입니다. 하지만 형식적인 법인 설립만으로는 원하는 결과를 얻기 어렵습니다.✅ 사업 목적의 명확화✅ 재무적 기반의 확보✅ 금융기관과의 전략적 커뮤니케이션✅ 실행력 있는 구조 설계이러한 네 가지 조건이 충족되어야만 진정한 자산 증식 플랫폼으로서의 법인 운영이 가능합니다.





                문의: landvalueup@hankyung.com / 02-3277-9856한경부동산밸류업센터 landvalueup.hankyung.com* 본 기고문의 의견은 작성자 개인의 의견이며, 소속회사의 의견과는 다를 수 있습니다.'빌딩 투자 업그레이드 플랫폼' 한경부동산밸류업센터",https://www.hankyung.com/article/202507100798O,2025.07.12 16:35
일리미스 테라퓨틱스 580억원 규모 시리즈B 투자 유치,"DSC인베스트먼트·한국산업은행 등 8개 투자기관에서
LB인베스트먼트 등 가세 총 18개 곳으로부터 투자받아","퇴행성 뇌질환 치료제 개발 기업 일리미스테라퓨틱스가 약 580억 원 규모의 시리즈B 투자를 유치했다.일리미스는 총 580억 원 규모의 시리즈B 라운드 투자유치를 마무리했다고 14일 밝혔다.이번 투자에는 기존 투자자인 △DSC인베스트먼트 △우리벤처파트너스 △한국산업은행 △아주IB투자 △쿼드자산운용 △컴퍼니케이파트너스 △GS벤처스 △데일리파트너스 등 8개 기관이 참여했다. 여기에 △LB인베스트먼트 △TS인베스트먼트 △신한벤처투자 △에스앤에스인베스트먼트 △하나벤처스 △메이플투자파트너스 △에이벤처스 △IMM인베스트먼트 △슈미트 △중소기업은행 등 10개 신규 투자자가 가세했다.일리미스는 이번 자금을 통해 자사 고유의 GAIA(Gas6-mediated Anti-Inflammatory Adaptor) 플랫폼을 기반으로 한 알츠하이머병 치료제 개발을 가속화하고, 면역질환 등 타 적응증으로의 확장 및 블록버스터급 신약 파이프라인 확보에 나선다는 계획이다. 특히 연구개발(R&D) 초기 단계부터 다국적 제약사 및 글로벌 연구기관과의 전략적 공동 개발을 추진해 조기 사업화 가능성도 적극적으로 모색 중이다.투자를 주도한 김요한 DSC인베스트먼트 전무는 “기존 치료제의 한계를 극복하는 신약 개발 패러다임 속에서, 일리미스의 플랫폼 기술은 신경면역계 질환에서 미충족 수요를 해결할 차세대 옵션으로 주목받을 것”이라고 평가했다. 창업 초기부터 후속 투자를 이어온 천지웅 우리벤처파트너스 상무 역시 “제한된 자원으로 글로벌 시장을 개척해가는 일리미스의 전략은 K-바이오의 지향점을 잘 보여주는 사례”라고 강조했다.한편, 일리미스는 글로벌 제약사들과의 협업도 강화하고 있다. 2023년에는 브리스톨마이어스스큅(Bristol Myers Squibb)이 주관한 ‘이노베이션 스퀘어 챌린지’에서 우승해 글로벌 인지도를 높였고, 지난해에는 일라이릴리의 외부 혁신 프로그램 ‘Catalyze360–ExploR&D’와 파트너십을 체결해 GAIA 플랫폼을 기반으로 한 퇴행성 뇌질환 치료제 공동 연구를 진행 중이다. 같은 해 존슨앤드존슨의 글로벌 인큐베이터 네트워크인 JLABS 싱가포르 멤버십에도 합류하며 다국적 제약사들과의 전략적 연계를 넓혀가고 있다.이우상 기자 idol@hankyung.com",https://www.hankyung.com/article/202507147286i,2025.07.14 16:19
오락가락 트럼프에 '달러 숏'…글로벌 자금 이머징으로,,"영상 모듈 닫기




<앵커>미국 달러 가치가 올 상반기 10% 넘게 떨어지며 52년 만에 최대 낙폭을 기록했습니다.역대급 약달러 현상은 앞으로 더 이어질 전망인데요. 이로 촉발된 글로벌 자산의 움직임, 증권부 조연 기자와 자세히 살펴보겠습니다조 기자, 결국 미국 달러 가치가 떨어진 데에는 트럼프 행정부의 정책 여파가 결정적이었을까요?<기자>그렇습니다. 트럼프 미 대통령의 거침없는 관세 공세와 감세 정책 등의 영향이 컸는데요.먼저 주요 6개국 통화 대비 달러 가치를 나타내는 달러인덱스 추이를 살펴보면, 올 상반기 역대 찾아볼 수 없는 가파른 하락이었습니다.물론 이달 들어서 달러화 약화 기세 꺾이고 있습니다. 달러인덱스, 현지시간 8일 기준으로 전날보다 0.21% 오른 97.561을 기록했는데요.올해 들어 1~6월까지 10.7% 하락했습니다. 이는 미국이 금본위제를 폐지한 충격으로 달러 가치 급락한 1973년 이후 가장 큰 하락폭입니다.특히 4월에 가파른 떨어짐을 볼 수 있는데, 트럼프 대통령이 전 세계 무역 상대국에 대한 상호관세 부과를 발표하고 발효와 유예를 번복했던 시기죠.인플레이션 우려가 부상하고, 여기에 미국의 재정적자는 급증하는 가운데 트럼프 정부가 세금 인하를 밀어붙이면서 달러 약세를 더 부추겼습니다.트럼프의 대규모 감세법안(BBB)은 앞으로 10년간 미 재정적자를 3조 달러(우리 돈으로 4600조 원) 가량 더 증가시킬 수 있다는 분석인데요. ""숨막히는 재정 남용에 미 달러 자산에 대한 인식이 바뀌고 있다""는 진단이 나옵니다. 특히 미 주식시장과 채권시장이 연초 하락세에서 회복되고 있음에도 달러 가치만 떨어지는 것은 그만큼 달러의 신뢰도가 떨어졌다는 지적입니다.<앵커>월가에서는 달러 약세가 장기적으로 이어질 수 있다는 전망이 나오고 있습니다.여기에 ""달러에 대한 구조적인 변화가 일어나고 있다""는데, 무슨 뜻입니까?<기자>달러화와 미국 자산에 대한 글로벌 투자자들의 신뢰가 떨어지면서 투자전략 측면에서도 변화가 시작되는 설명입니다.먼저 글로벌 투자자들의 달러 헤지가 늘고 있는데요. 주요 글로벌 헤지펀드와 기관투자자들을 대상으로 하는 BofA의 펀드매니저 설문조사 결과를 보면 응답자의 60%가 달러 가치 추가 하락을 대비한 해지전략을 갖고있는 것으로 나타났고, 또 40%는 '달러 숏' 전략을 취할 것이라 답했습니다. 글로벌 투자자들이 달러 자산 노출을 크게 줄이는 방향으로 선회했다는 것이죠.최근 인터뷰한 글로벌자산운용사인 본토벨운용의 대표도 ""달러에서 멀어지려는 움직임이 뚜렷하다""고 강조했는데요. 설명 직접 들어보시죠.[크리스텔 랑두드린트 본토벨자산운용 대표 : 전 달러에 대해 구조적인 변화가 일어나고 있다고 봅니다. 분명히 미 행정부는 약달러를 선호하는 입장입니다. 실제로 전 세계 자산배분 담당자들은 달러에 대한 질문이 지속적으로 제기하고 있는데, 이는 단순한 시장 반응을 넘어서는 의미 있는 변화입니다. 여기에 미국 행정부의 관세 정책을 둘러싼 오락가락 행보도 추가적인 변동성 요인이 되었습니다. 미국이 자국 강화로 집중하는 만큼, 추가 매수세력(marginal buyer), 혹은 추가 투자자금들은 점점 달러에서 멀어지고 있습니다.]추가적으로 연준이 오는 9월에는 금리 인하에 나설 것으로 전망되고 있죠. 금리 인하는 미 국채수익률 하락으로 이어져 달러 약세를 더 이어지게 할 수 있습니다.국내 증권가에서도 ""트럼프의 정책 온도 조절 실패가 '셀 아메리카'로 이어진다면 달러인덱스 하단이 90까지 낮아질 수 있다""는 전망이 나오고 있습니다.<앵커>그런데, 과거 달러인덱스가 큰 폭으로 떨어진 세번의 시기가 글로벌 자산시장의 격변이 시작되는 기점이었다고요?<기자>그렇습니다. KB증권은 달러화가 올 상반기와 유사한 약세를 보인 1973년, 1986년, 2002년을 분석했는데요.주목할 점은 이 3번의 시기를 기점으로 글로벌 자산시장이 큰 변화를 나타냈다는 겁니다.먼저 공통점은 이 3번의 시기 모두 미국 경제가 절대적인 힘을 가지고 있을 때였는데요. 미국 기업들의 파워가 압도적이었고, 자금 역시 미국으로만 쏠렸습니다.하지만 각각 1973년에는 달러약세로 원자재가 10배 상승했고, 1986년에는 제조업 신흥국(일본과 한국 등)이 10배 상승, 2002년에는 원자재 신흥국(브라질과 러시아 등)이 10배 상승에 신호탄이 되었다는 겁니다.이은택 KB증권 연구원은 ""현재의 시기는 앞선 세 시기의 글로벌 경제 상황가 닮아있다""며 ""이번에는 또 어떤 거대한 자금 흐름의 변화가 시작될지 주목할 필요가 있다""고 설명했습니다.<앵커>일단 안전자산 피난처라는 미국 달러 자산에 대한 인식은 바뀌고 있는 게 분명해보입니다.그렇다면 글로벌 자금이 앞으로 어디로 가는지가 관건일텐데요. 한국으로 들어올 가능성도 있을까요? <기자>일단 본격적으로 미 주식시장이나 국채를 비롯해서 미국 자산을 투매하는 신호는 나타나지 않고 있습니다. UBS도 4월 이후 움직임이 포착됐지만 계속 이어질지는 아직 불분명하다, 좀 더 지켜봐야한다고 봤는데요. 하지만 최근 미 증시 회복세에도 불구하고, 글로벌 투자자들의 신규 매수세는 부진하다는 설명입니다.  대신 주식보다 안전한 수익률로 눈을 돌리고 있다고 전문가들은 말하는데요.고수익 채권 비중이 높은 펀드에 투자하거나, 그 동안 외면받았던 유럽과 신흥국 - 인도와 한국, 브라질 등 강세를 보이는 신흥시장으로의 투자 로테이션이 완만하게 보이고 있습니다.실제로 최근 3개월간 유럽 투자 펀드로 유입된 자금은 500억달러에 육박하며, 이는 미국으로 유입된 자금(270억)의 2배 가까이 많았습니다. 특히 유럽 정크본드로 유례없는 자금이 몰리기도 했고요.과거 외면받았던 신흥국 펀드 유입 자금도 미국과 비등한 정도(230억달러)였고, 미국을 제외한 선진국에 투자하는 펀드로도 자금이 분산되는 흐름을 보였습니다. '거대한 자금 순환'의 시작이라고 소시에테제네럴을 설명했습니다.또 다른 수혜처로 꼽히는 것은 금, 그리고 가상자산입니다. 올해 들어서도 세계 중앙은행들은 금 매입량을 늘려가고 있는데요. 상반기 금 가격은 1979년 이후 최고의 수익률을 기록했고, 비트코인 역시 10만달러 안팎에서 오르내리며 연말 17만달러까지 상승할 수 있다는 전망도 제시되고 있습니다.<앵커>잘 들었습니다. 증권부 조연 기자였습니다.조연기자 ycho@wowtv.co.kr",https://www.hankyung.com/article/2025070983355,2025.07.09 17:43
,,,https://magazine.hankyung.com/money/article/202507159336c,
"野 박수영 ""한국, 이미 미국 수준 빚더미…국가 부채 경계해야"" [한경 인터뷰]","국회 기획재정위원회 국민의힘 간사 
""미래에 다가올 위험 은폐..확대 재정 기조 안 돼""","""한국 국가 부채가 선진국에 비해 높지 않다는 건 기준에서 오는 착각이에요. 막대한 비금융 공기업 부채와 연금 충당 부채를 고려하면 우리나라는 이미 미국 수준의 빚더미에 올라 있습니다.""  국회 기획재정위원회 야당 간사인 박수영 국민의힘 의원(사진)은 10일 한국경제신문과의 인터뷰에서 ""31조8000억원 규모의 2차 추경안이 편성되면서 GDP 대비 국가 채무 비율은 49.1%까지 늘었다""며 이같이 말했다.   특히 우리나라의 경우 국제 표준과 거리가 있는 국가채무 기준(D1·중앙정부+지방정부 부채))을 적용하고 있어 부채 수준이 낮아 보이는 착시 효과가 있다는 게 박 의원의 설명이다. 선진국 상당수는 D2(D1+비영리 공공기관 부채)를 적용하고 있다.박 의원은 ""기획재정부 자료에 따르면 2023년에 이미 D2 기준으로 국가 부채가 50.5%를 기록했고, D3(D2+비금융 공기업 부채)는 69.5%, D4(D3+군인·공무원 연금 충당부채)는 무려 124%에 달했다""며 ""게다가 우리나라는 고령화가 빨라 재정 지출이 늘어나기 때문에 굉장히 위험한 상황""이라고 지적했다.그는 또 ""기축통화국은 돈을 찍어서 갚으면 되지만, 우리는 벌어서 갚아야 하는 나라""라며 ""빚이 늘수록 국가 신인도가 떨어지고, 생산 활동이 저해될 수 밖에 없다""고 꼬집었다. 2차 추경 내용에 대해서도 ""소비 쿠폰을 지급하는 건 승수 효과가 떨어지는 정책이어서 실제 경제 활성화에 크게 도움이 되지 않고 물가만 오른다""며 ""SOC(사회간접자본) 투자 등을 통해 실질적으로 경제를 살리는 추경이 필요하다""고 강조했다. 다음은 박 의원과의 1문 1답.  ▶2차 추경안이 최근 편성되면서 국가 부채에 대한 우려가 일부 나오고 있다. 현 상황을 어떻게 평가하나. ""아주 위험한 상황이라고 본다. 우리 나라 국가부채가 문재인 정부 들어서기 전까지 660조원 수준이었는데, 문 정부에서 1000조원을 넘기고 이제 1301조9000억원이 됐다. 우리나라는 고령화가 다른 나라 보다 빠른 편이라 이렇게 빠른 속도로 부채가 늘어나는 것은 우려할 만한 상황이다. 다른나라는 D2 기준으로 국가 부채를 집계하는데, 우리나라는 D1 기준으로 부채를 이야기하고 있는 점도 문제다. GDP 대비 국가 부채가 49.1%라면서 100%가 넘는 다른 나라에 비해 더 낫다고 하는데, 이건 기준이 다르기 때문이다. D2에 비영리 공공기관 부채가 포함되는데, 우리나라는 210개나 되는 비영리 공공기관이 있어 다른 나라 보다 부채가 더 심각하다."" ▶국가 부채를 다른 기준으로 봐야 한다는 말인가. ""우리는 D3에 들어가는 공기업 부채가 정부 부채 뺨치게 많다. D4는 연금 충당 부채인데, 지금까지는 군인 공무원 연금만 해당했다가 지난해 국민연금법 개정으로 국민연금까지 부채가 날 경우 정부 예산에서 메꿔야 하게 됐다. D4에 국민연금까지 고려한다면 적자 규모가 엄청나게 커진다. 일본이 GDP 대비 국가 부채가 234.9%, 미국은 122.5%인데 D2 기준을 적용했을 경우다.만약에 우리나라가 D4 기준으로 국가 부채를 본다면 이 보다 부채 비율이 더 높을 것이다. 다른 나라는 공기업 부채나 연금 충당부채를 포함한다고 하더라도 이 부분이 크지 않아서 D2 기준과 큰 차이가 없다. 반면 우리나라는 D2 보다 훨씬 더 부채 규모가 커진다. 비영리 공공기관과 국립대학법인, 고등교육기관의 부채 규모만 2022년 55조원 규모에 달한다. 그런데도 D3, D4는 늦게 발표하거나 아예 계산조차 하지 않는다. 직무유기이자 도덕적 해이라고 본다."" ▶숨은 국가 부채가 많다는 뜻인데, 이에 따른 부작용은 무엇인가""재정 건정성이 왜곡되기 때문에 미래에 다가올 위험이 은폐된다는 점이다. 미래 세대에 어마어마한 빚을 지우는 일이다. 국민과 시장이 정확한 정부 채무 수준을 모르기 때문에 재정 운영 투명성도 감소한다. 국가 신용등급이 떨어지고 금리가 상승할 위험도 있다. 이를 감안하지 않고 무리한 확장 재정 기조를 이어간다면 국가 경제가 망하는 지름길이 될 것이라고 본다."" 
                    




▶재정준칙을 지켜야 한다는 경각심도 떨어진 것 같다.""OECD 국가 38곳 중 2곳을 제외하고는 모두 재정 준칙을 두고 있다. 기준이 있어야만 고삐가 풀리지 않기 때문이다. 그런데 이번 2차 추경안에서 처음으로 재정준칙에 관련한 문구가 빠졌다. 이재명 대통령이 지시한 것인지, 기재부 공무원들이 스스로 판단한 것인지는 알 수 없지만 잘못된 판단이다."" ▶민생 상황이 어려우니 지금은 '써야할 때'라는 주장도 있는데.  ""민생이 어려울 때 추경이 효과를 볼려면 디플레이션 상황이어야 한다. 그럴 때 돈을 풀어야 마중물이 돼서 경제가 살아난다. 그런데 지금은 물가가 오르는 인플레이션 상황인데 돈을 더 푼다는 것은 물가를 더 올리는 일이다. 물가 안정 T/F를 출범하겠다고 하면서 맞지 않는 경제 시그널을 보내고 있는 것이다. 돈을 풀어서 나눠주는 방식은 승수 효과가 떨어져서 경제에 크게 활력도 주지 못한다. 오히려 SOC 사업에 적극 투자하는 추경을 한다면 건설사, 협력사와 직원 및 가족들에게 돈이 돌면서 훨씬 더 큰 재정 승수 효과를 볼 수 있다. 인당 25만원을 나눠주는 것 보다 훨씬 경제에 도움이 되는 일이다. 예를 들어 광명, 오송, 청량리 등 병목 현상을 겪고 있는 KTX 구간에 이를 해소하기 위한 SOC 사업을 진행하는 등의 방식이다. 인당 25만원을 나눠주는 것 보다 경제적으로도 시민의 복지를 위해서도 훨씬 낫다."" ▶""부산은 25만원 대신 산업은행이 필요하다""는 주장을 해 크게 회자가 됐다. ""장기적으로 부산을 살리고, 지역 균형 발전을 위한 일이기 때문에 한 주장이다. 산은의 신규직원 35%를  본사가 위치한 대학 출신을 뽑아야 하는데, 그렇다면 일자리가 없어 부산을 떠나는 청년들에게도 많은 도움이 될 것이다. 부산만 잘 살자는 것도 아니다. 서울 수도권 일극체제로 인구를 다 빨아들이는 상황에서 수도권 집값 때문에 한국은행은 제대로 된 통화 정책도 펼치지 못하고 있다. 여러 도시로 기능을 분산해 다극 체제로 만들어야 경제도 제대로 돌아간다."" 
                    




▶야당 입장에서 우리 경제를 살리기 위해 정부에 제안하고 싶은 부분이 있다면.""경제는 돈을 푼다고 해결되지 않는다. 좌우 정부 모두 미뤄왔던 구조 개혁을 반드시 해야 한다. 한계기업들에 투입되던 인력과 돈이 생산성 높은 곳으로 옮겨갈 수 있도록 해 줘야 한다. 좀비기업 근무자들의 업종 전환 지원과 재교육에 돈을 써야 한다는 의미다. 잠재 성장률이 2%까지 떨어진 상황에서 구조 개혁이 돼야 하는데 겁이 나서 아무도 하지 않으면 성장은 더 요원해진다."" ▶국민의힘이 '유능한 정책 정당'을 강조하고 있는데, 소수 야당으로서 당이 가야 할 방향은 무엇이라고 보나. ""보수의 기본 이념부터 출발해야 한다. 하나는 자유, 또 다른 하나는 공동체다. '자유'라는 가치를 우선 순위로 두고 각종 규제를 없애고 세금을 낮춰야 한다. 기업 활동의 자유를 줘서 기업들이 신나게 일할 수 있도록 해야 한다. '공동체' 측면에서는 경쟁 체제에서 소외되는 이웃들을 보듬어야 한다. 이 두축으로 정책을 끌고 가며 끊임없이 국민을 설득해야지, 무책임한 포퓰리즘에 동의해선 안된다고 본다.""글=정소람/이슬기/사진=강은구 기자 ram@hankyung.com",https://www.hankyung.com/article/202507100417i,2025.07.11 17:24
"카카오, AI 연계 기대에 골드만 ‘매수’…목표가 8만5천원 제시",,"카카오가 인공지능(AI) 기반 성장 기대에 힘입어 글로벌 투자은행 골드만삭스로부터 긍정적 평가를 받았다. 골드만삭스는 최근 보고서를 통해 카카오의 목표주가를 8만 5,000원으로 제시하며 투자의견 ‘매수(Buy)’를 유지했다.이번 평가의 핵심은 카카오가 AI와의 결합을 통해 새로운 성장 모멘텀을 확보할 수 있다는 분석이다. 골드만은 특히 오픈AI의 한국 내 침투율이 현재 약 25% 수준에 머물고 있지만, 카카오의 플랫폼과의 연계를 통해 향후 5년 내 최대 60%까지 확대될 수 있다고 전망했다. 이에 따라 카카오의 AI 사업이 국내 시장을 중심으로 빠르게 확산될 것으로 내다봤다.보고서에 따르면, 카카오는 2030년까지 AI 사업을 통해 누적 약 1조 원의 신규 매출을 창출할 수 있을 것으로 추정된다. 이는 메신저, 커머스, 콘텐츠 등 기존 플랫폼들과 AI 기술이 결합될 때 발생하는 부가가치의 잠재력을 반영한 수치다.반면, 경쟁사 네이버에 대한 평가는 다소 부정적이다. 골드만삭스는 “카카오의 AI 서비스 도입이 본격화되면, 네이버 검색을 포함한 정보 탐색 영역에서 시장 점유율이 빠르게 변화할 수 있다”며 “이는 네이버의 기존 검색 기반 비즈니스에 단기적인 타격을 줄 수 있다”고 분석했다. 이에 따라 네이버에 대한 투자의견은 종전 ‘매수’에서 ‘중립(Neutral)’으로 하향 조정했다.AI 생태계를 둘러싼 국내 ICT기업 간 경쟁이 치열해지는 가운데, 투자자들은 카카오가 AI 시장 선점 효과를 누릴 가능성에 주목하고 있다. 전문가들은 “AI는 단기 실적보다는 장기 전략에 중요한 영향을 미치는 변수”라며, 카카오처럼 플랫폼 기반이 탄탄한 기업들이 AI와의 시너지를 통해 성장할 가능성이 높다고 평가했다.▶ 더머니스탁론 신규 상품 전격 출시! (DSR 규제 X)▶ 최대 400% 레버리지 투자, 증권사 신용미수 대환 가능!▶ 한 종목 100% 집중 투자 가능!▶ 더머니스탁론 바로가기 (https://themoney.co.kr/ha)▶ 더머니스탁론 전화 상담 1600-7096▶ 더머니스탁론 카카오톡 상담 (http://pf.kakao.com/_cVfxbn/chat)관심종목: NAVER, 카카오페이, 카카오게임즈, KT, 솔트룩스




 

무료상담",https://www.hankyung.com/article/202507210607a,2025.07.21 08:45
"""3년 안에 전국민이 AI 뱅킹 쓸 것""…'버린 사업'에서 기회를 찾아내다",,"""가상계좌, 편의점 자동화기기(ATM), 기업용 인터넷뱅킹 … 웹캐시가 처음 개발했을 땐 '쓰기 어렵다'던 이야기만 들었습니다. 그런데 지금 그 기술을 전국민이 쓰고 있죠. 다음 주자는 인공지능(AI) 뱅킹입니다. 3년 내에 모두가 쓸 것이라고 확신합니다.""'한국 인터넷뱅킹의 아버지' 석창규 웹케시 회장은 9년 전 과감히 접었던 시스템통합(SI) 사업에 다시 뛰어들었다. 단순한 '컴백'이 아니다. 석 회장의 눈은 '인공지능 전환(AX)'을 향했다. 석 회장은 올해 안에 시중은행에 AI 에이전트를 장착한 뱅킹 서비스를 장착하겠다는 포부를 내비쳤다. 'AI 에이전트 뱅킹'을 시도하는 건 웹케시가 국내 최초다. 석 회장은 9년 전 떠난 SI사업에 대해 가장 먼저 입을 열었다. 그는 ""1999년 7월 기업을 시작할때부터 바뀌지 않은 경영 키워드는 '버리자, 빼자, 바꾸자'다""라며 ""어느 순간 웹케시의 SI 사업이 매출 변동이 크고 수익성이 낮은 데다, 발전 가능성도 없다는 걸 깨닫고 즉시 철수를 결정했다""고 말했다. 철수 결정도 미국 샌프란시스코에서 한국으로 돌아오는 비행기 안에서 단 10시간 만에 이뤄졌다.2017년 SI 사업을 접은 후 웹케시는 변곡점을 맞았다. 2017년 38억원이었던 영업이익은 2019년 93억원까지 뛰었다. 석 회장은 ""SI 사업을 접으니 반복적으로 매출을 낼 수 있는 서비스형소프트웨어(SaaS) 기반 기업금융에 집중할 수 있게 됐다""며 ""지금의 웹케시를 만든 경리나라, 인하우스뱅크, 브랜치 등 클라우드 자금관리 솔루션도 이 단계에서 탄생했다""고 했다.'왜 다시 버린 사업에 돌아왔나'는 질문에 석 회장은 ""AI 뱅킹에서 신사업 기회를 봤기 때문""이라고 말했다. 3년 전부터 100억원 이상을 들여 다양한 시행착오를 겪었다고도 덧붙였다. 그는 ""기업 대 소비자(B2C)개념으로 사업에 접근하니 번번히 좌절했다""며 ""그래픽처리장치(GPU)에 투자해야 하는 규모도 너무 큰 데다 시장 예측 자체가 어려웠다""고 말했다. 그래서 석 회장은 '잘 하는 것'에 집중했다. 9년 전 SI 사업을 버렸던 것처럼 과감히 B2C AI 뱅킹 사업을 접었다. 새 시장을 개척하는 대신 기존에 개척해뒀던 '기업용 뱅킹' 시장에 AI를 접목하는 방식을 택했다.석창규 회장은 ""은행권이 GPU 도입은 했는데 사용처를 고민하고 있다는 데서 사업 기회를 찾았다""며 ""1999년 인터넷뱅킹 도입 때처럼 '우리가 해주는 것'에서 경쟁력을 발견한 셈""이라고 말했다. 이어 ""1990년대와 달리 지금은 은행권에 아웃소싱 개념까지 잘 잡혀있어 시장 진입도 쉬웠다""며 ""누가 그 기술을 선점하는지가 중요한데, 웹케시가 빈틈을 빨리 차지하기 위해 뛰어들었다""고 말했다. AI 전담 팀을 꾸리고 100여 명의 인력을 투입시켰다.
                    




                올해 웹케시는 2곳 이상의 시중은행과 AI 에이전트 뱅킹 도입을 위해 준비하고 있다. 이달 2일엔 NH농협은행과 업무협약을 맺었다. 웹케시가 개발하는 AI 에이전트 뱅킹은 채팅과 음성만으로 은행 업무를 해결할 수 있다. 이용자는 앱 안의 메뉴를 탐색하거나 원하는 내용을 검색할 필요 없이 접속하는 즉시 원하는 업무가 가능하다. 석 회장은 ""은행 앱 안에'작은 챗GPT'를 설치했다고 보면 된다""고 설명했다.이어 그는 ""지금 도입된 AI 에이전트는 '대학생 수준'이지만 일반 은행업무의 98%는 해결할 수 있다""며 ""2~3년간의 이용자 데이터를 학습하면 '박사 수준'까지 고도화될 것""이라고 기대했다. 학습 데이터를 가장 먼저 쌓았기 때문에 후발주자들의 시장 진입도 두렵지 않다고 했다. 석 회장은 ""단 1년만 지나도 AI는 다른 주자들이 따라올 수 없을 정도로 학습 수준이 높아진다""며 ""결국 AI 에이전트 뱅킹 시장도 개척한 자의 학습량을 따라오기 어려울 것""이라고 덧붙였다. 학습량이 많아질수록 구축 비용도 줄어든다는 게 그의 설명이다. 석 회장은 ""10분의 1의 인원으로 6개월 만에 AI 에이전트 뱅킹을 실제 도입할 수 있다는 것을 확인했다""고 말했다.그는 자회사인 쿠콘을 통해 스테이블코인 사업에도 박차를 가하고 있다. 이미 또다른 자회사 비즈플레이를 통해 보유한 디지털 지역화폐 망을 이용해 8월부터 스테이블코인 QR결제 시대도 열 계획을 밝혔다. 석 회장은 ""국내 4만 개 편의점에서 스테이블코인으로 ATM 출금이 가능하도록 도입을 준비하고 있다""며 ""제휴망인 서울페이와 위챗페이 등에서는 내달부터 가맹점 QR결제가 가능해질 것""이라고 설명했다. 이어 ""1~2년 내 짧은 기간은 아닐지라도 중장기적으로 스테이블코인은 대세가 될 것""이라고 말했다. 석 회장은 AI 에이전트 뱅킹 사업을 '제 2의 창업'으로 여긴다. 그는 ""AI 에이전트 뱅킹을 은행업무뿐만 아니라 보험사, 증권사에까지 확대 적용할 것""이라며 ""이미 이용자가 AI에 대해 잘 알고, 부담감이 없는 지금이 웹케시의 AI 사업을 키울 최적의 시기라고 생각한다""고 말했다. 이어 ""AI 도입에 고민이 있는 은행들도 자체 기술로 도입하는 걸 도전하기보다는 전문가가 필요한 시점이라는 걸 알고 있다""라고 말했다. 최지희 기자 mymasaki@hankyung.com",https://www.hankyung.com/article/202507097844i,2025.07.14 11:14
,,,https://magazine.hankyung.com/business/article/202507072772b,
"이시영 '비동의 임신' 논란, 생명윤리법 '사각지대' 드러냈다 [노종언의 가사언박싱]","배아 이식 단계 동의 요건 미비
법적 공백 해결 시급","한경 로앤비즈의 ‘Law Street’ 칼럼은 기업과 개인에게 실용적인 법률 지식을 제공합니다. 전문 변호사들이 조세, 상속, 노동, 공정거래, M&A, 금융 등 다양한 분야의 법률 이슈를 다루며, 주요 판결 분석도 제공합니다. 




배우 이시영 / 사진=변성현 한경닷컴 기자 byun84@hankyung.com

                배우 이시영이 이혼한 전남편의 동의 없이 냉동 보관 중이던 배아를 이식해 임신한 사실이 알려지면서 우리나라 생명윤리법의 사각지대가 도마 위에 올랐다. 이번 사건은 단순한 연예계 이슈를 넘어 생명윤리와 가족법, 개인의 출산 자기결정권이 복잡하게 얽힌 법적·윤리적 쟁점을 제기하고 있다.  배아 이식 단계 동의 요건 없어 처벌 곤란현행 '생명윤리 및 안전에 관한 법률'은 체외수정으로 배아를 생성할 때 부부 양측의 서면 동의를 명확히 요구하고 있다. 이시영 부부 역시 혼인 중 이 절차를 정상적으로 밟았다. 문제는 배아 이식 단계, 특히 이혼과 같은 중대한 신분 변동 발생 후의 동의 요건에 대해서는 법률이 침묵하고 있다는 점이다. 이 때문에 이시영의 행위 자체를 현행법으로 처벌하기는 어려운 상황이다.과거 유사 사례에서 전남편이 병원을 상대로 민사 손해배상을 청구한 사건이 있었지만, 법원은 전남편의 최초 동의가 공식적으로 철회되지 않았다면 병원 측이 '묵시적 동의'가 계속되는 것으로 볼 수 있다고 판단해 청구를 기각했다. 이 판례에 따르면 이혼 시 배아 처리에 명시적 동의 철회를 하지 않은 개인은 자신의 의사와 무관하게 부모가 될 위험에 노출될 수밖에 없다는 지적이 나온다. 친생추정 원칙 적용 여부가 관건민법 제844조 '친생추정' 원칙은 혼인 중 임신했거나 혼인 종료 후 300일 내에 태어난 자녀를 남편의 친생자로 추정한다.태어날 아이가 혼인종료 후 300일 내에 태어날 경우 남편의 친생자로 추정된다. 반면 300일을 넘어 태어날 경우 법적으로 '혼인 외 출생자'로 분류된다. 법원이 '임신'의 기준 시점을 수정이 아닌 '착상'으로 보기 때문에 친생추정 원칙이 자동으로 적용되지 않는다.그러나 전남편이 ""아빠로서 책임을 다하겠다""고 공개적으로 밝힌 만큼 자발적 인지를 통해 법적 부자 관계가 성립될 가능성이 매우 높다. 이 경우 전남편에게는 부모로서의 완전한 법적 권리와 의무가 발생한다. 양육비·상속권·친권 등 법적 의무 발생법적 부자 관계가 성립되면 전남편은 자녀가 성인이 될 때까지 양육책임을 지게 된다. 이시영 배우가 친권·양육권을 가지게 될 경우 전남편은 양육비를 지급해야 할 법적 의무를 진다.자녀는 혼인 중 태어난 다른 자녀와 동등한 상속권을 갖는다. 이혼한 부모의 경우 친권·양육권은 협의로 정하고, 협의가 되지 않을 경우 법원 재판을 통해 결정한다. 또한 전남편은 면접교섭권도 갖게 된다.법조계에서는 이번 사건이 생명공학 기술 발전 속도를 따라가지 못하는 현행 법체계의 한계를 드러낸 것으로 분석하고 있다. 이 사건은 단순한 유명인의 사생활 문제를 넘어 가족, 동의, 생명의 의미에 대한 기존 법률과 사회적 규범의 한계를 시험하는 발화점으로 작용할 것으로 보인다. '부모가 될 권리'와 '부모가 되지 않을 권리'라는 핵심적인 윤리적 딜레마와 관련해 냉동 배아가 가지는 윤리적·생명적·법적 지위를 어떻게 규율해야 할지에 대한 사회적 논의가 필요하다는 목소리가 높아지고 있다. 노종언 법무법인 존재 대표변호사 I 서울대 법과대학을 졸업하였으며, 제48회 사법시험 합격, 제40기 사법연수원을 수료했다. IBK기업은행, 미래에셋자산운용에서 법무팀장으로 재직하며 다양한 법률 실무 경험을 쌓았다. 이후 故 구하라 유족 법률대리인으로 '구하라법' 입법 청원을 주도하여 2021년 법무부 장관상을 받았다. 현재 법무법인 존재의 대표변호사로, 동물자유연대 등기이사이자 국민권익위원회 행정심판 통합자문단 보상·보험분과 자문위원으로 활동 중이며 다수 TV 프로그램에 법률 자문을 하고 있다. 대학 동기이자 법무법인 존재 공동대표를 맡고 있는 윤지상 변호사와 함께 유튜브 채널 '상속언박싱'을 운영하고 있다.",https://www.hankyung.com/article/202507111944i,2025.07.11 12:24
[조일훈 칼럼] 강남 집값 잡기,"대출 규제 아무리 강력해도 
대기 수요만 쌓일 뿐
계단식 집값 상승 막을 수 없어

국민 살고 싶어 하는 곳에
주택 공급 더 늘려주고
빈 주택 늘어나는 지역엔
일자리 제공이 최고의 정책

조일훈 논설실장","서울 강남은 욕망의 정점이다. 강남 입성은 성공의 증거이자 한국 최고의 명품 회원권 확보를 의미한다. 반바지와 슬리퍼 차림으로 공원 백화점 병원 맛집을 자유롭게 다닐 수 있는 도시는 세계적으로도 많지 않다. 지방 부호, 해외 자산가, 심지어 중국인까지 몰려든다. 누구나 돈을 벌면 먼저 강남에 집을 사고 싶어 한다. 강남 집값 급등은 지방 소멸과 극명하게 대비된다. 사회적 위화감은 이미 위험 수위다. 남의 지갑이나 계좌는 열어볼 수 없지만 남의 집은 언제든지 쳐다볼 수 있고 가격도 확인할 수 있는 세상이다. 저축(투자)과 소비로 가야 할 돈이 아무런 부가가치를 생산하지 못하는 고정자산에 묶여버리는 폐해는 차라리 부차적이다. 오죽하면 한국은행 총재가 젊은이들 걱정에 금리를 못 내리겠다고 하겠나.많은 사람이 궁금해한다. 정부의 초강력 대출 규제로 강남 집값이 잡히겠느냐고. 시장은 고개를 젓는다. 수요는 폭발하는데 대규모 공급 대책이 보이지 않기 때문이다. 과거 노무현, 문재인 정부도 그랬지만 전통적으로 민주당 정부는 공급 확대에 미온적이다. 강남에 주택 공급을 늘리는 것이 서울, 나아가 수도권 집중도를 더욱 부추길 뿐만 아니라 투기 바람을 부채질할 가능성이 높다고 본다.하지만 대출 규제 같은 수요 억제책에는 결정적 약점이 있다. 규제가 풀리길 기다리는 수요가 계속 쌓인다는 것이다. 혹여 가격이 떨어지면 더 폭발적으로 쌓인다. 예를 들어 강남 30억원짜리 집이 25억원으로 떨어지면 대기 수요가 다섯 배, 열 배로 늘어나는 식이다. 이런 구조에선 규제의 완급 사이에서 일어나는 계단식 가격 상승을 막을 수 없다. 또한 집값 억제를 이유로 시민의 경제적 자유와 재산권 행사를 계속 막을 수도 없는 노릇이다.이제 강남 집값이 떨어지는 극단적 경로를 검토해본다. 첫째 경제가 폭삭 망했을 때다. 1991년 일본 버블경제 붕괴, 1998년 한국 외환위기, 2000년 세계적 닷컴버블 붕괴, 2008년 미국 글로벌 금융위기 때 가격 그래프가 정확하게 말해준다. 두 번째는 재정 통화정책을 긴축으로 전환하는 경우다. 부동산이 가장 싫어하는 것이 고금리다. 하지만 경기 부양을 위해 이자를 내려야 할 판에 도저히 쓸 수 없는 카드다. 마지막은 집값이 오를 수 있는 한도까지 오르도록 방치하는 것이다. ‘너무 높아진 가격’ 자체로 추격 매수 의지를 꺾어버린다는 의미다. 이 방안의 치명적 약점은 어떤 정권도 국민들의 원성과 비난을 버텨내지 못할 것이라는 점이다.돌고 돌아 최종 선택지는 다시 공급이다. 강남 한복판과 경북 산간 오지에 같은 면적, 같은 사양의 아파트를 짓는다고 가정해보자. 분양가는 몇 배, 몇십 배 격차가 나겠지만 건축비는 거의 차이가 나지 않는다. 이유는 땅값에 있다. 강남 집값이 비싸다는 것은 그만큼 토지 가격이 높다는 것을 의미한다. 각종 규제로 개발이 제한돼 가용 토지가 희소해졌기 때문이다. 결국 땅값을 낮추는 것이 관건이다. 그래야 분양가도 떨어진다. 지주들 말고 아무도 반대하지 않을 것이다. 강남은 여전히 쾌적하다. 녹지 비율이 서울 어느 지역보다 높다. 도심 속 야산들 속에 공원과 산책로가 넘쳐난다. 이런 멋진 인프라가 높은 집값에 그대로 반영돼 있다. 공급 확대를 꾀한 우파 정부들이 단명한 탓에 지난 십수 년간 공급이 제대로 이뤄지지도 않았다.주민들은 싫어할지 모르겠지만 강남 집값의 안정은 주택 개발 밀도를 높여 대기 수요를 얼마나 흡수할 수 있느냐에 달렸다. 수명이 다한 그린벨트를 풀고 건폐율·용적률을 끌어올려 토지이용 효율을 높여야 한다. 골프장이나 헬스클럽 회원권을 보라. 가격은 어김없이 회원 수에 반비례한다. 강남 집값도 그와 다르지 않을 것이다. 많은 국민이 그토록 살아보기를 갈망하는데, 그 높은 진입장벽을 한 번 내려주면 어떤가. 마포 용산 성동도 순차적으로 따라갈 것이다. 마지막으로, 수도권 비대화는 수도권 억제로 막을 것이 아니라 지방 소득과 일자리 증가로 풀어야 할 문제다. 공급 확대가 더 많은 인구 유입을 초래할 것이라고 주장한다면 지방에 산재한 미분양 수십만 채부터 걱정하는 것이 순서라고 말해주고 싶다. 사람들이 살고 싶어 하는 곳엔 집을 더 지어주고, 사람들이 살기 싫다고 하는 곳엔 기업과 일자리를 만들어주는 것이 최고의 부동산 정책이다.",https://www.hankyung.com/article/2025071626621,2025.07.16 17:16
,,,https://magazine.hankyung.com/business/article/202507012513b,
"가계대출 막힌 4대 은행, 이젠 인수금융 경쟁","상반기 7조 육박…작년 2배

국민銀, 대형 증권사 제치고 1위
하나는 전년 대비 48% 증가
신한도 주선 규모 3배 늘려

수수료에 이자 수입까지 '짭짤'
건전성 부담도 적어 공격 영업","국민 신한 하나 우리 등 4대 은행이 주선한 인수금융 규모가 올 상반기에만 7조원에 가까운 것으로 나타났다. 지난해 같은 기간보다 두 배 늘었다. 인수금융은 기업 인수에 필요한 실탄을 끌어모아 매수자 측에 빌려주는 것을 말한다. 거듭된 금리 하락과 정부의 가계대출 규제 강화 등으로 이전처럼 이자수익을 내기 어려워지자 은행들이 이자와 함께 주선 수수료까지 받는 인수금융에 더욱 공격적으로 뛰어들고 있다는 분석이 나온다.
                    




 ◇국민銀, 증권사들 제치고 1위7일 한국경제신문이 4대 은행의 올 상반기 인수금융(리파이낸싱 포함) 주선 실적을 집계한 결과, 총 6조8586억원으로 작년 상반기(3조3275억원)보다 두 배 이상 증가한 것으로 파악됐다. 국민은행이 총 2조9382억원어치 거래를 맡아 미래에셋증권 한국투자증권 NH투자증권 등 대형 증권사를 제치고 이 시장에서 1위를 차지했다. 작년 전체 실적(2조7582억원)을 이미 넘어섰다. 이 은행은 유럽 최대 사모펀드(PEF) 운용사인 EQT파트너스의 SK쉴더스 인수금융 리파이낸싱(1조7020억원) 등을 맡았다. 최근 비이자수익 확대를 위해 전략적으로 인수금융 영업에 적극 나선 효과를 봤다는 평가다.다른 은행들도 마찬가지다. 하나은행의 올 상반기 인수금융 주선 규모는 1조8899억원으로 전년 동기 대비 48.5% 증가했다. 신한은행의 경우 주선 규모(1조3181억원)가 이미 작년 전체 실적(1조3404억원)에 육박한다. 전년 동기(4772억원)보다는 세 배 가까이 늘었다. 우리은행도 7124억원의 실적을 쌓았다. ◇비이자 수익원으로 ‘급부상’이들 은행이 인수금융 영업에 열을 올리는 것은 예전만큼 이자수익을 내기 어렵기 때문이다. 4대 은행의 올 1분기 순이자마진(NIM)은 평균 1.56%로 2022년 말(1.70%) 이후 내리막을 타고 있다. 금리 하락의 충격이 계속 반영되고 있다는 분석이 많다. 안정적 수익원이던 가계대출마저 정부의 규제 강화로 늘리기 쉽지 않다. 수도권의 주택담보대출 한도를 최대 6억원으로 제한하는 ‘수도권 가계부채 관리 강화 방안’이 지난달 말 시행되면서다.이 같은 상황에서 수수료와 이자를 동시에 거머쥐는 인수금융의 매력이 더욱 커졌다는 것이다. 인수금융에 참여하는 금융사는 보통 주선금액의 1%가량을 수수료로 받는다. 딜 규모가 1조원이면 한 번에 100억원가량을 벌 수 있다. 여기에 매수자 측에 인수 자금의 일부를 대출하고 이자도 받는다. 금리는 대부분 연 5% 수준에서 결정되고 있다. 금융업계 관계자는 “최근 은행들이 몇몇 거래에서 연 4%대 금리를 제시할 정도로 공격적인 영업을 펼치고 있다”며 “시장 주도권을 잡기 위한 경쟁이 더욱 치열해질 것”이라고 말했다.자본 건전성 관리에 큰 부담을 주지 않는다는 것도 은행이 인수금융에 적극적인 이유로 꼽힌다. 인수금융은 일반 기업대출 수준의 위험가중치가 적용되기 때문에 중소기업의 실탄 조달이 아닌 한 위험가중자산이 급증할 가능성이 작다는 평가다. 은행들은 밸류업(기업가치 제고) 전략상 위험가중치가 높게 잡히는 벤처투자나 중소기업 대출을 늘리기 어렵다. 위험가중자산이 늘어 보통주자본비율(CET1)을 적정 수준으로 유지하지 못할 수 있어서다. 금융당국은 현재 은행을 자회사로 둔 금융지주에 CET1을 12% 이상으로 관리할 것을 요구하고 있다.김진성/최다은 기자 jskim1028@hankyung.com",https://www.hankyung.com/article/2025070731061,2025.07.07 17:26
"""기업은행, 배당 세제 혜택 가능성 높아…목표가↑""-NH",,"IBK기업은행 전경./사진=IBK기업은행

NH투자증권은 14일 기업은행에 대해 ""주주의 배당 세제 혜택 가능성이 높다""며 목표주가를 기존 1만9000원에서 2만4500원으로 상향 조정했다. 투자의견은 '매수'를 유지했다.이 증권사 정준섭 연구원은 ""기업은행은 지난해 말 발표한 밸류업(기업가치 제고) 정책에서 보통주자본비율(CET1) 12% 이하 구간의 별도 배당성향 목표를 최대 35%로 설정했다""며 ""이미 지난해 배당성향 35% 상단까지 배당을 지급한 바 있어, 경상 대출 성장을 감안하면 향후 2~3년간 배당성향은 35%를 유지하고 이후 단계적으로 상향될 가능성이 높다""고 분석했다.이어 ""다만 순이익의 연결-별도 차이에 따른 분리과세 적용의 불확실성은 존재하는데, 이는 추후 보완될 것""이라며 ""배당성향 약 3%포인트 정도는 조정해도 재무적 부담이 거의 없으며, 사소한 차이 때문에 굳이 주주의 세제 혜택을 배제할 필요가 없다""고 짚었다.그러면서 ""자본시장 부양은 정부 방침인 만큼 주주환원 정책 보완의 당위성도 존재한다""며 ""배당성향 기준을 별도에서 연결로 변경하거나 목표 배당성향 상단을 상향 조정하는 등의 방법 검토가 가능하다""고 판단했다.NH투자증권은 기업은행의 지난 2분기 지배주주 순이익이 6686억원을 기록할 것으로 예상했다. 코리보 금리 하락으로 순이자마진(NIM)은 부진하겠지만, 기업대출 중심으로 대출이 약 1.5% 증가할 것으로 전망했다.고정삼 한경닷컴 기자 jsk@hankyung.com",https://www.hankyung.com/article/2025071456576,2025.07.14 08:02
"""수수료 안 뗄테니 빚 갚아주세요""…은행권 '눈물의 대출 다이어트'","""하반기 가계대출 총량 50% 줄여라"" 정부 압박에 비상

대출자에 상환권유 문자 돌리고
손해 봐도 중도상환수수료 면제
주담대 손님 막으려 금리도 높여

은행, 목표치 맞추려 '대출 회피'
잔금 필요한 예비부부 등 발동동
애꿎은 실수요자에 피해 우려도","“주택담보대출 중도상환 수수료 면제 혜택이 이달 말까지 적용됩니다. 상환 부담을 낮추고 금융 비용을 절감할 수 있는 절호의 기회를 누리세요.”
                    






이미지 크게보기


연합뉴스

                농협은행에서 주담대를 받은 A씨는 최근 이런 문자를 받았다. 이달 31일까지 원금 전체나 일부를 상환하면 중도상환 수수료 전액을 면제해준다는 내용이었다. A씨는 “은행이 기존 대출을 다른 은행으로 갈아타라고 권하는 게 의아했다”며 “수수료 면제가 매력적이지만 다른 은행도 주담대 심사가 깐깐해져 갈아타기를 할지 고민”이라고 말했다.정부의 가계대출 관리 압박에 은행이 강도 높은 ‘대출 다이어트’에 나서고 있다. 6·27 부동산 대책 이후 은행권의 올 하반기 가계대출 총량 증가율 목표치가 절반으로 줄어든 여파다. 은행들은 가동할 수 있는 카드를 모두 꺼내 들고 ‘대출 회피’ 경쟁에 들어갔다. ◇주담대 죄기 총력전10일 금융권에 따르면 국민 신한 하나 우리 농협 등 국내 5대 은행의 가계대출 잔액은 755조6869억원(9일 기준)으로 집계됐다. 전달 대비 8521억원 증가하는 데 그쳤다. 가계대출 잔액 증가 폭은 4월 4조5337억원, 5월 4조9964억원, 6월 6조7536억원에 달했는데 6·27 대책 이후 증가세가 주춤해진 분위기다. 주담대 잔액도 지난달에는 5조7634억원 불어났는데 이달 들어서는 1조272억원 늘어나는 데 머물렀다.가계대출 증가세가 잡힌 건 대출 규제 이후 은행들이 문턱을 대폭 높였기 때문이다. 상반기 목표 대출 공급량을 초과한 농협은행이 대표적이다. 농협은행은 이달 한시적으로 성실하게 빚을 갚는 고객에게 주담대 중도상환 수수료를 면제하기로 했다. 은행권 평균 주담대 중도상환 수수료율은 0.6% 수준이다. 농협은행 관계자는 “실수요자 중심의 가계대출 지원을 위한 물량 관리에 힘을 쏟고 있다”며 “은행이 일부 손해를 감수하더라도 고객에게 중도상환 수수료 면제 혜택을 시행하고 있다”고 했다.대출 조이기에 나선 건 다른 은행도 마찬가지다. 기업은행은 다음달과 9월 두 달간 대출모집인을 통한 주담대 취급을 잠정 중단하기로 했다. 신한은행도 이달 실행될 주담대를 대출모집인 채널로 신청할 수 없게 막았다.찾아오는 손님을 막기 위해 금리 인상 카드를 꺼내 든 은행도 있다. 우리은행은 금리가 5년 간격으로 바뀌는 주기형 주담대 금리를 지난달 말 연 3.51~4.71%에서 이달 1일 연 3.57~4.77%로 올렸다. 같은 기간 하나은행도 주담대 대환대출 상품의 최저금리를 연 3.83%로 0.1%포인트 인상했다. 국민은행도 신잔액 코픽스(COFIX·자금조달비용지수)에 연동된 주담대 금리를 소폭 올렸다.대출 심사도 더 깐깐해지고 있다. 한 시중은행 여신 담당 부행장은 “대출 총량 관리 지침이 내려온 뒤 대부분 은행이 대출 심사를 강화하는 분위기”라며 “개인사업자 대출 등 주택 매수 우회 자금으로 사용될 수 있는 통로도 꼼꼼하게 살피고 있다”고 말했다. ◇실수요자 “대출요건 더 나빠질까 걱정”금융당국은 하반기 가계대출 억제를 위해 은행권에 강도 높은 대출 관리를 주문했다. 가계대출 증가세가 꺾이지 않으면 은행권에 대한 추가 대출 규제도 언제든 내놓겠다는 입장이다. 상반기 대출 공급량을 초과한 은행에 페널티를 부과하는 방안 등이 대표적이다. 상반기에 초과한 대출 공급량만큼 하반기 공급량을 줄이는 방안이 유력하게 거론된다.은행도 하반기 가계대출 총량 목표치 수정 작업에 속도를 높이고 있다. 금융감독원이 전 금융권을 대상으로 하반기 가계대출 목표치를 다시 제출하라고 요청했기 때문이다. 월별·분기별 관리 목표치 준수 여부를 직접 점검하겠다는 뜻도 밝힌 만큼 최대한 보수적으로 목표치를 산정하고 있는 것으로 전해졌다.다만 은행 대출 문턱이 과도하게 높아져 애먼 실수요자가 피해를 볼 수 있다는 지적도 나온다. 30대 직장인 정모씨는 “다음달 신혼집 잔금일을 앞뒀는데 은행들의 대출 회피로 자금 조달에 차질을 빚고 있다”며 “이미 대출 금리가 오른 상태에서 한도 등 대출 요건이 더 나빠질 수 있어 걱정”이라고 토로했다.장현주 기자 blacksea@hankyung.com",https://www.hankyung.com/article/2025071011051,2025.07.10 18:00
"임대료 동결·부자 과세…급진적인 공약 남발, 뉴욕 '맘다니 쇼크' 오나","DEEP INSIGHT

정치신인, 뉴욕시장 선거서 '파란'
""렌트, 프리즈"" 구호에 시민들 열광
청년 유권자 투표장으로 끌어모아
민주 경선서 유력후보 쿠오모 제쳐 

'실현 불가능' 포퓰리즘 정책 쏟아내
임대료 동결, 재정난 악화시킬 듯
최저임금 2배 인상할 법적 권한 없고
무상 버스 시행엔 年 7억달러 들어

부자 증세로 재원 마련?…월가 외면
법인·소득 최고세율 인상 내걸자
월가, 낙선 캠페인 등 반발 목소리
'맘다니 리스크' 커지자 당내 우려","◀  뉴욕시장 민주당 후보인 조란 맘다니가 지난달 24일(현지시간) 뉴욕에서 열린 민주당 뉴욕시장 후보 예비선거 유세에서 연설하고 있다.  로이터연합뉴스

                “치솟는 물가를 해결할 거라 믿고 도널드 트럼프를 찍었는데 그는 당선되자마자 푸드스탬프(저소득층 식료품 지원)와 메디케이드(저소득층 의료보험)부터 줄였어요. 제가 조란 맘다니의 무상 버스, 임대료 동결 공약에 끌린 이유입니다.”지난 18일 미국 뉴욕 맨해튼에서 만난 식당 종업원 대니얼 토트는 최근 민주당 뉴욕시장 후보로 확정된 조란 맘다니(33)를 지지하는 이유를 이같이 밝혔다. 브로드웨이에서 무대디자이너로 일하는 애나 로랑도 기자에게 “맘다니가 임차료와 교통비 등 생활비로 고통받는 서민의 마음을 잘 아는 것 같아 마음에 든다”고 했다. 뉴욕은 맘다니 열풍







이미지 크게보기



                맘다니는 요즘 미국에서 가장 주목받는 신인 정치인이다. 지난달 민주당 뉴욕시장 후보 경선에서 뉴욕주지사를 세 차례 연임한 거물 앤드루 쿠오모를 꺾고 후보로 확정되면서다. 뉴욕시장 본 선거일은 올해 11월 4일이다.맘다니는 인도계 무슬림으로 2020년 뉴욕주 하원의원에 당선되면서 정치에 입문했다. 민주당 내에서도 ‘극좌’로 분류된다. 특히 뉴요커의 실생활과 연결된 공약으로 유권자의 이목을 끌었다. 임대료 동결을 비롯해 무상 버스, 최저임금 인상, 지역안전부 신설, 무상 보육, 시립 식료품점 신설, 저소득 주택 20만 가구 건설, 대기업·부유층 과세 등이다.공약도 간단하고 알기 쉽게 만들었다. 할렘에서 이발소를 운영하는 존 토레스는 “높은 임대료, 교통비, 식료품값과 치안 불안은 뉴욕에 사는 사람이면 모두 겪는 문제”라며 “다른 후보들은 유식한 용어를 쓰며 복잡한 공약을 내세우지만 맘다니의 공약은 간단하면서도 속 시원한 내용이 많다”고 말했다. 실제 맘다니가 유세장에서 “프리즈”(freeze·동결하라)라고만 외쳐도 군중은 “렌트”(임대료를)라고 받아친다.맘다니는 민주당의 ‘유권자 풀’도 바꿔놨다. 취약한 지지 기반을 극복하기 위해 신규 유권자 등록에 집중한 덕분이다. 뉴욕타임스에 따르면 민주당 예비선거 등록 마감 전 2주간 3만7000명이 신규 등록했다. 2021년 같은 기간의 약 12배다. 맘다니가 젊은 유권자의 투표 참여를 유도한 데 성공한 결과다. 이명석 뉴욕 한인회장은 “맘다니 돌풍에 한인 사회 보수층에서도 그와 닿는 인맥을 만들 필요가 있다는 목소리가 나온다”고 전했다. 공약 실현 가능성은 ‘글쎄’맘다니 공약의 실현 가능성에는 회의적인 시각이 많다. 핵심 정책 상당 부분은 뉴욕시장이 단독으로 정할 수 없기 때문이다. 맘다니는 20만 가구의 저렴한 주택을 새로 짓고, 약 100만 가구에 달하는 ‘임대료 안정화 아파트’의 임대료를 동결하겠다고 공약했다. 임대료 안정화 아파트는 1974년 전 지어진 6가구 이상의 임대아파트를 말한다. 뉴욕시 전체 임대주택의 약 44%를 차지한다. 맘다니는 임대료 동결과 아파트 추가 공급을 위해 700억달러를 차입하겠다고 했는데, 이는 뉴욕시의 채무 한도보다 300억달러나 많아 차입을 위해선 주정부 승인이 필요하다.임대료는 뉴욕시장이 임명한 위원 9명으로 구성된 ‘임대료 가이드라인 위원회’가 정한다. 위원회는 2015년, 2016년, 2020년 임대료를 동결한 적이 있다. 하지만 임대료 동결이 지속 가능할지는 의문이다. 임대인의 반발이 커질 게 뻔하기 때문이다.무상 버스 계획은 재원 부담이 크다. 뉴욕시 버스는 하루 110만 명 이상이 이용하며 요금은 2.9달러다. 뉴욕의 327개 버스 노선 전체를 무료화하려면 연간 약 7억달러가 필요하다. 이 비용을 뉴욕시가 부담할지, 뉴욕주 대중교통청(MTA)이 부담할지는 협상 대상인데 둘 다 재정 여건이 나쁘다. 뉴욕시 독립예산국(IBO)에 따르면 뉴욕시는 2026~2027년 연간 60억~80억달러의 재정적자가 예상된다. MTA도 2025~2029년 예상 적자가 350억달러에 달한다.최저임금 인상은 뉴욕시장에게 권한이 있는지부터가 논란이다. 뉴욕의 최저임금은 시간당 16.5달러다. 2027년부터는 물가상승률에 따라 조정된다. 맘다니는 2030년까지 이를 30달러로 인상하겠다고 했다. 그는 시의회가 독자적인 최저임금법을 제정할 수 있다고 주장하지만, 법원은 과거 최저임금 조정 권한이 주정부와 주의회에 있다고 판결했다. 급진 공약에 반발 커지고 민주당서도 우려맘다니의 급진 공약에 대한 역풍도 만만치 않다. 맘다니는 연 소득 100만달러 초과 시민에게 2%의 추가 소득세를 부과해 연간 약 40억달러를 거두겠다고 했다. 또 현재 7.25%인 주 법인세 최고세율을 11.5%로 올려 연간 약 50억달러의 추가 세수를 확보할 방침이다. 이른바 ‘부자 증세’다.




미국 민주당 뉴욕시장 후보 조란 맘다니를 비판하는 시위대가 지난 14일 뉴욕시청 앞에서 ‘위험, 맘다니는 뉴욕시에 나쁘다’고 쓰인 포스터를 들고 있다.  로이터연합뉴스

                그러나 뉴욕시 세율은 14.776%로 이미 미국 최고 수준이다. 0%인 시애틀, 오스틴, 마이애미와 5%가량인 보스턴, 시카고는 물론 13.3%인 샌프란시스코보다도 높다. 이런 상황에서 추가 증세를 하면 부자들의 ‘뉴욕 탈출’이 늘어날 가능성이 있다. 이는 소비 위축과 일자리 감소, 시 재정 악화로 이어질 수 있다. 최근 월가에선 ‘더 나은 미래 시장을 위한 뉴요커들 25’라는 유권자 단체가 맘다니 낙선 운동을 위해 2000만달러 모금 계획을 세우고 뉴욕시 선거관리위원회에 신고를 마쳤다. 월가 리서치회사의 한 임원은 “맘다니 리스크 보고서를 작성해 달라는 고객사의 요구가 이어지고 있다”며 “대형 은행들은 자산가 고객이 뉴욕시 바깥으로 이사하는 데 따른 득실을 묻고 있다”고 전했다.법적으로도 증세가 쉽지 않다. 세율 인상에는 주의회와 주지사의 동의가 필요한데 캐슬린 호컬 뉴욕주지사는 증세에 부정적이다. 연방정부의 협조를 받기도 어려워 보인다. 도널드 트럼프 대통령은 맘다니를 “완전한 공산당원”이라고 비판하면서 “그가 (시장이) 되더라도 내가 대통령일 것이고, 그가 똑바로 하지 않으면 그들(뉴욕시)은 돈을 한 푼도 못 받을 것”이라고 말했다.민주당 내에서도 맘다니의 본선 경쟁력이 떨어질 수 있다는 말이 나온다. 급진 공약으로 중도층 표를 잃어버릴 수 있기 때문이다. 경선에서 맘다니에게 패한 쿠오모는 본선에 무소속으로 출마하겠다고 선언했다. 맘다니는 이런 분위기를 의식해 15일 기업 대표, 임원 등 150명과 비공개 간담회를 하며 자신의 목표는 뉴욕에서 기업들을 몰아내는 게 아니라고 말한 것으로 알려졌다. 하지만 월가 헤지펀드 관계자는 “기업에 최고세율을 매길 것이라는데, 굳이 월가에서 일할 이유가 없다는 생각이 금융권에서 빠르게 퍼져나가고 있다”며 “고소득 월가 트레이더들은 이미 코네티컷이나 뉴저지에 집을 알아보고 있다”고 전했다.뉴욕=박신영 특파원 nyusos@hankyung.com",https://www.hankyung.com/article/2025072377121,2025.07.23 17:57
"김건희 특검, '집사게이트' 수사 본격화…기업인 줄소환 나서","다우키움 김익래·한국증권금융 윤창호 1차 참고인 출석
카카오 김범수· HS효성 조현상 등도 소환 예고

'집사' 김예성 체포영장 발부 
여권 무효화 절차 진행 중","윤창호 전 한국증권금융 사장이 17일 서울 종로구 KT광화문빌딩 웨스트에 마련된 김건희 여사 의혹 수사 민중기 특별검사 사무실에 출석하고 있다. 사진=연합뉴스

                김건희 여사 관련 ‘집사게이트’ 의혹을 수사 중인 민중기 특별검사팀이 17일 기업인 소환에 착수했다.이날 오전 특검팀은 윤창호 전 한국증권금융 사장과 김익래 전 다우키움그룹 회장을 참고인 신분으로 불러 조사했다. 윤 전 사장은 이날 오전 9시 28분께 서울 광화문 KT빌딩 웨스트에 마련된 특검 사무실에 출석했다. “김건희 여사의 ‘집사’로 알려진 김예성 씨와 어떤 관계인지”, “자본잠식 상태의 IMS모빌리티에 왜 투자했는지” 등을 묻는 취재진의 질문에는 별다른 답변을 하지 않았다. 김 전 회장은 취재진 도착 전인 오전 7시쯤 조용히 특검 사무실로 들어간 것으로 전해졌다.특검팀은 두 사람을 상대로 한국증권금융과 키움증권이 지난해 김예성 씨가 설립에 관여한 렌터카 플랫폼 업체 IMS모빌리티에 투자하게 된 경위를 집중 추궁할 것으로 전망된다. IMS는 카카오모빌리티, HS그룹 효성 등 대기업 및 금융기관으로부터 총 184억원 규모 투자를 유치한 바 있다.특검은 당시 참여 기업들이 내부적으로 해결해야 할 각종 경영상 리스크를 안고 있었던 점에 주목하고 있다. IMS 투자가 단순 재무적 투자라기보다는 정권 실세와의 친분을 활용한 보험성, 또는 대가성 성격이 있었던 것 아니냐는 의혹이 수사 배경이다.앞서 특검은 윤 전 사장 김 전 회장 외에도 조현상 HS그룹 효성 부회장, 김범수 카카오 창업자 등을 ‘1차 소환 대상’으로 분류하고 일정을 조율해왔다. 조 부회장은 오는 21일 오전 10시 출석할 예정이며 김범수 창업자도 조만간 소환 일정을 확정할 것으로 보인다.특검은 이들 1차 참고인 조사 이후 IMS에 투자한 나머지 기업 관계자들을 포함해 2차 소환을 예고했다. IMS 투자에 참여한 기업·기관은 모두 12곳으로, 신한은행·제이비우리캐피탈·한컴밸류인베스트먼트·경남스틸 등도 포함돼 있다.이번 의혹의 핵심 인물인 김예성 씨는 지난 4월 베트남으로 출국한 이후 소환 요구에 응하지 않고 있다. 특검은 김씨의 도주 우려가 크다고 판단해 체포영장을 발부받고 여권 무효화 절차를 진행 중이다.정희원 기자 tophee@hankyung.com",https://www.hankyung.com/article/202507174069i,2025.07.17 10:45
"관세에도 소비 급증한 이유…워시 ""나 금리 내릴게"" [김현석의 월스트리트나우]",,"영상 모듈 닫기









                ""경제 성장이 가속하는 느낌을 받는다."" 예상보다 훨씬 좋은 실적을 발표한 골드만삭스의 데이비드 솔로몬 CEO가 어제 한 말입니다. 17일 발표된 경제 데이터는 솔로몬의 말처럼 경제 활동과 고용은 견조하고, 물가는 오르지 않고 있다는 것을 보여줬습니다. 유나이티드항공, 펩시코 등도 예상보다 나은 실적을 내놓았고요. 전반적으로 금리 인하가 긴급하지는 않다는 미 중앙은행(Fed)의 견해를 뒷받침했습니다. 이른바 '골디락스' 상황이죠. 관세 위협에 얼마나 지속할지는 알 수 없지만요. 뉴욕 증시가 사상 최고 기록을 질주한 배경입니다.  1. 미 경제는 골디락스?6월 소매판매는 전월 대비 0.6% 증가했습니다. 4월(-0.1%), 5월(-0.9%) 내림세에서 반등하면서 월가 예상(+0.1%)도 크게 상회했습니다. 관세 부과 전인 3월 급증한 뒤 줄어들던 자동차 판매가 1.2% 증가로 돌아선 게 가장 큰 공신이었습니다. 하지만 △건축자재(+0.9%) △의류(+0.9%) △레스토랑과 바(+0.6%) 등 거의 모든 카테고리에서 월별 판매가 늘었습니다. △가구(-0.1%) △전자제품(-0.1%) 정도만 감소했죠. 이에 따라 자동차를 뺀 소매판매도 0.5%, 자동차와 휘발유를 제외한 소매판매도 0.6% 증가했습니다. 자동차, 건축 자재, 휘발유, 외식 등 변동성이 큰 품목을 뺀 '통제군' 소매판매도 0.5%라는 높은 상승률을 보였습니다. 다만 5월 수치가 +0.4%에서 +0.2%로 하향 조정되어서 달러 기준 지출 규모에서는 예상(+0.3%)과 대체로 부합했습니다. 
                    




                통제군 소매판매가 탄탄하게 증가했고, 대표적 재량소비인 레스토랑과 바 판매도 0.6%나 늘었다는 점은 '소비가 건강하다'는 증거로 풀이됐습니다. 하지만 소매판매는 인플레이션을 고려하지 않은 명목 달러 성장률이라는 점을 기억해야 합니다. 인플레이션(CPI)을 고려하면 약 0.2%포인트 정도 낮춰야 합니다.
                    




                TD이코노믹스는 ""소매판매 개선은 최근 몇 주 동안 경제적 불확실성이 다소 완화되면서 소비자 심리가 안정세를 보이는 징후와 맞물려 있다. 인플레이션도 아직 뚜렷한 상승세를 보이지 않고 있다. 지금까지 많은 기업이 비용을 흡수하면서 노력해 왔지만, 여름에는 관세 관련 가격 인상이 더 크게 나타날 것으로 예상된다. 향후 몇 달 동안 소비 지출 전망은 이런 물가 인상의 규모에 크게 좌우될 것""이라고 분석했습니다.BMO는 ""소비자들은 지난달 거의 모든 항목에서 매장으로 돌아왔다. 더 물가가 높아지기 전에 구매를 서두르고 있으므로 관세로 인한 인플레이션 우려는 실제 소매판매를 촉진하고 있을 수 있다""라고 지적했습니다. 판매가 0.9% 급증한 건축자재의 경우 '구리에 관세를 매긴다'는 뉴스를 고려해 선구매가 나타난 것으로 추정됩니다.
                    




                주간 신규 실업급여 청구 건수는 이전 주보다 7000건 감소한 22만 1000건으로 집계됐습니다. 5주 연속 감소하면서 최근 3개월 내 최저 수준을 기록했습니다. 2주 이상 요청한 지속 청구 건수는 2000건 증가한 195만6000건을 기록했습니다. EY의 그레고리 다코 이코노미스트는 ""초기 청구는 해고가 늘어나지 않고 있음을 보여주지만, 지속 청구는 노동 시장이 느려지고 있음을 시사한다. 우려할 수준은 아니지만, 여전히 주목할만한 상황""이라고 말했습니다.
                    




                6월 수입물가는 0.1% 오르는 데 그쳤습니다. 석유를 제외한 수입물가는 보합세로 예상치를 밑돌았습니다. 또 5월 수치가 기존 0%에서 -0.4%로 하향 조정되었습니다. 수출가격은 0.5% 올랐습니다. 소비자물가(CPI), 생산자물가(PPI)에 이어 수입물가에서도 예상(+0.3%)보다 훨씬 안정된 인플레이션이 나타났습니다. 관세는 어디로 갔을까요? 수입물가는 관세를 포함하지 않습니다. 관세 부과 전 가격이지요. 트럼프 행정부는 해외 제조업체들이 가격 인하를 통해 관세를 부담할 것이라고 주장하는데요. 그게 맞다면 관세 부과 전 수입물가가 떨어져야 합니다. 5월 수입물가 하락은 일부 그런 주장에 부합합니다. 하지만 6월에는 그런 모습은 없었습니다.
                    




                ING는 ""5월 수입물가 하락은 해외 제조업체들이 관세 일부를 흡수하려는 의지를 시사하지만 상당한 폭의 관세 인상에 비하면 인하 폭은 미미하며, 미국 기업과 가계가 가장 큰 타격을 입을 것임을 시사한다""라고 분석했습니다. 웰스파고는 ""외국 수출업체들이 관세 비용을 흡수했다면, 수입물가는 관세율 인상에 비례해 하락했을 것이다. 그러나 에너지를 뺀 수입물가는 6월 전년 대비 1.2% 상승했다. 최근 3개월간 연율 1.9% 상승세다. 수입물가 상승 일부는 금 등 귀금속 가격 급등에 기인한다. 자동차 등 일부에서는 수입가격 하락도 나타난다. 하지만 많은 품목의 수입가격이 오르고 있다. 수입가격이 아지지 않는 상황에서 미국 기업들은 관세 비용을 감내하고 이를 소비자에게 전가하기 시작했다""라고 밝혔습니다. 
                    




                전미주택건설업협회(NAHB)가 발표한 7월 주택시장지수(HMI)는 전달보다 1포인트 높아진 33을 기록했습니다. 월가 예상에 부합했고요. 하지만 여전히 50 이하로 침체 국면을 가리켰습니다.전반적으로 경제 데이터는 나쁘지 않았습니다. 에버코어ISI는 ""오늘 지표는 3분기 경제가 탄탄하다는 것을 시사한다""라고 평가했습니다. 골드만삭스는 2분기 GDP 증가율을 기존보다 0.1%포인트 낮은 2.9%로 추정했습니다. 6월 소매판매가 좋았지만 4월, 5월 소매판매 성장률이 하향 수정된 데 따른 것입니다. 애틀랜타 연방은행의 GDP나우도 2분기 추정치를 기존 2.58%→2.39%로 하향 수정했습니다. 
                    




 2. 기업들도 ""수요 점점 살아나""성장이 가속된다는 느낌은 기업 실적과 CEO들의 발언에서도 나타납니다.유나이티드항공은 2분기 실적이 예상을 상회했습니다. 2분기 매출은 1.7% 증가했는데요. 회사 측은 ""지정학적 및 거시경제적 불확실성이 완화되면서 7월 초 수요, 특히 기업 수요가 두 자릿수 증가세를 보인다""라고 밝혔습니다. 유나이티드항공은 지난 4월 경제적 불확실성을 이유로 실적 가이던스를 △안정적 시나리오 ▷경기 침체 시나리오로 나눠서 제시했었는데요. 이번에는 상황이 ""덜 불확실하다""라며 올해 주당순이익(EPS) 전망치를 주당 9~11달러로 제시했습니다. 침체 시나리오(7~9달러)보다 높고, 안정적 시나리오에서 제시한 수치의 하단과 같습니다. 스콧 커비 CEO는 ""세계 경제 불확실성이 줄어들었으며, 이는 올해를 긍정적으로 마무리할 수 있다는 자신감을 준다. 수요가 지금처럼 강세를 유지한다면 실적 예측에 '상승 가능성'이 있다""라고 말했습니다. 델타항공도 지난주 낙관적 전망을 밝혔었지요. 
                    




                펩시코의 2분기 실적도 예상보다 좋았습니다. 매출은 전년 동기보다 1% 증가했는데요. 북미 지역에서는 식품 부문에서 판매량이 1%, 음료 부문에서 2% 감소했습니다. 라몬 라구아르타 CEO는 ""미국 사업이 개선되고 있다""라면서 연간 실적 가이던스를 재확인했습니다. 주당순이익은 전년과 거의 같고 매출은 한 자릿수 초반 증가할 것으로 예상했습니다.
                    




                대만의 TSMC는 관세 불확실성에도 불구하고 사상 최대 분기 이익을 기록했습니다. 2분기 순이익이 작년 동기보다 60.7% 증가한 것입니다. 1분기 '관세 부과 전 선수요로 순이익이 60% 늘어난 바 있는데, 2분기에도 기록적 상승세를 유지한 것입니다. TSMC는 AI 수요가 점점 더 강해지고 있다며 올해 매출 증가율을 기존 24~26%→30%로 높여 제시했는데요. 딥워터매니지먼트의 진 먼스트 매니징파트너는 ""TSMC의 실적은 대부분 투자자가 생각하는 것보다 AI 인프라 구축이 아직도 초기 단계라는 증거""라고 밝혔습니다. 
                    




                장 마감 후 공개된 넷플릭스의 2분기 실적도 예상을 상회했습니다. 매출은 110억8000만 달러, 주당순이익(EPS)은 7.19달러를 기록했습니다. 월가 예상(매출 110억7000만달러, EPS 7.08달러)를 상회했습니다. 시간 외 거래에서 주가는 1% 안팎 떨어지고 있습니다. “2025년 하반기 영업 마진은 더 높은 콘텐츠 상각비용과 판매·마케팅 비용으로 인해 상반기보다 낮아질 것”이라고 경고한 탓입니다. 
                    




                팩트셋에 따르면 2분기 어닝시즌 들어 어제까지 S&P500 기업 중 45개 이상이 실적을 보고했는데요. 그중 87%가 컨센서스를 넘어섰습니다.아침 9시 30분 뉴욕 증시의 주요 지수는 보합 선에서 출발했습니다. 하지만 괜찮은 경제 데이터, 기업들의 탄탄한 실적 발표를 기반으로 오름세로 돌아섰습니다.  3. 파월 해임 못하는 4가지 이유뉴욕 채권 시장에서는 금리가 소폭 오름세를 나타냈습니다. 오후 3시께 국채 10년물 수익률은 0.8bp 오른 4.463%, 2년물은 3.2bp 상승한 3.917%를 기록했습니다. 
                    




                경제 데이터가 탄탄한 것으로 나온 게 영향을 미쳤습니다. 이로 인해 미 중앙은행(Fed)에 대한 기준금리 인하 기대는 살짝 낮아졌죠. 시카고상품거래소 Fed 워치 시장에서는 9월 인하에 대한 베팅이 56%에서 54% 수준으로 감소했습니다. 아직 '파월 해임 드라마'에 따른 여진도 남아 있습니다. 국채 30년물 수익률은 어제 해임될 것 같다는 뉴스가 나온 직후 5%를 넘었는데요. 오늘도 5% 이상을 유지했습니다. 오후 3시께 0.1bp 오른 5.016%에 거래됐습니다. 트럼프 대통령이 어제 ""(Fed 건물 보수 비용과 관련) 사기로 물러나야 하는 상황이 아니라면 매우 그럴 것 같지 않다""라고 밝히면서 일단은 수면 아래로 가라앉았습니다. 다만 트럼프 대통령은 ""25억 달러, 27억 달러의 Fed 건물 보수 비용에 사기가 개입될 가능성이 있다""라고 덧붙였죠. 
                    




                차기 Fed 의장 후보로 꼽히는 케빈 워시 전 Fed 이사는 오늘 CNBC 인터뷰에서 금리 인하, 재무부와의 정책 공조 등을 주장했습니다. 매파로 꼽히던 그가 비둘기파로 변한 것입니다. ▶Fed는 정책 운영에서 체제 전환(regime change)이 필요하다. Fed의 기존 인사에 대한 신뢰가 부족하다. ▶금리 인하를 주저하는 모습은 명백한 결점이다. 그들은 (팬데믹 이후) 인플레이션을 잘못 판단했던 망령에 계속 사로잡혀 있다. 대통령이 Fed를 공개 압박하는 게 옳다고 생각하는 이유 중 하나는 정책 운용에서 정권 교체가 필요하기 때문이다.▶Fed는 지금 균형을 잘못 잡고 있다고 생각한다. 금리 인하는 이 균형을 바로잡기 위한 첫 단계가 될 것이다. ▶1951년처럼 Fed-재무부 협정이 필요하다. 당시에도 막대한 국가 부채가 있었고 중앙은행은 재무부와 충돌하는 방향으로 움직이고 있었으며 지금도 마찬가지다. 만약 새로운 협정이 있다면 Fed 의장과 재무장관은 시장에 '이것이 Fed 대차대조표 규모에 대한 목표'라고 명확히 제시할 수 있을 것이다.월가 다수는 트럼프 대통령이 역효과를 낳는 해임을 강행하지 않을 것이라고 봅니다. 도이치뱅크의 매튜 루체티 이코노미스트는 다음과 같은 네 가지 이유를 제시합니다. ① 금리를 낮추려면 연방공개시장위원회(FOMC)에서 과반수 찬성이 필요하다. 파월 해임이 금리 인하를 보장하지 않는다.② 적절하지 않은 규모의 금리 인하는 인플레이션을 더 높일 가능성이 크다. ③ 인플레이션 및 Fed 독립성과 관련된 위험 프리미엄이 커져 채권 수익률이 상승할 수 있다. 그러면 연방정부의 국채 비용이 실제 증가할 수 있다.④ 파월 해임은 주식 시장의 변동성으로 이어질 수 있다.페퍼스톤의 크리스 웨스턴 리서치 헤드는 ""어제 일은 트럼프 대통령이 시장 반응을 가늠하기 위해 전략적으로 고안한 것 같다. 그리고 시장은 파월 의장 해임이 현실화하면 엄청난 파장이 있을 것을 보여줬다. 파월 의장을 해임하기 위한 기준은 매우 높으며, 그는 내년 5월 임기 말까지도 Fed에 남아 있을 것""으로 예측했습니다. 다만 ""트럼프가 파월을 해임할 경우 통화정책 실수가 발생할 위험이 커서 투자자들은 달러 매도, 금, 백금 혹은 비트코인 매수를 통해 그럴 위험을 헤지할 수 있다. 이는 결과적으로 달러 헤지 수요를 증가시키고 금값을 사상 최고치로 끌어올릴 것""이라고 전망했습니다. 4. 7월말 금리 유지하면 트럼프 또?그러나 파월 해임은 잠복한 이슈입니다. 이번 주 인플레이션 데이터가 몰려나왔는데요. CPI, PPI 등을 종합해보면 주거비 여행 등 서비스 물가가 둔화하면서 헤드라인 데이터는 괜찮았는데, 상품 분야에서는 관세 효과가 나타나면서 상품 물가가 상승 흐름을 보였습니다. 그래서 Fed는 당분간 관망세를 유지할 것으로 관측됩니다. 뉴욕 연방은행의 존 윌리엄스 총재는 어젯밤 ""지금까지 데이터에서는 관세의 영향이 비교적 미미하게 나타나고 있지만, 앞으로 몇 달 안에 그 영향이 더 커질 것으로 예상한다. 다소 긴축적인 통화정책 기조를 유지하는 것은 전적으로 타당하다""라고 말했습니다. 그는 관세가 하반기부터 2026년까지 인플레이션에 약 1%포인트를 더할 것으로 예상한다고 했고요. 달러 약세도 ""향후 인플레이션 압력에 다소 더해질 가능성이 크다""라고 덧붙였습니다.Fed의 아드리아나 쿠글러 이사는 ""관세로 인한 인플레이션이 이번 주 물가 데이터에서 뚜렷하게 나타났다""라면서 ""기업들이 아직 증가한 관세 비용의 전부를 고객에게 전가하지 않았기 때문에 인플레이션이 가속화될 가능성이 크다""라고 말했습니다.애틀랜타 연방은행의 라파엘 보스틱 총재는 관세가 가격에 어떻게 반영되는지 판단하는 데 더 많은 시간이 필요하므로 금리 인하는 ""단기적으로 어려울 수 있다""라고 말했습니다.모건스탠리도 앞으로 관세 효과가 본격적으로 인플레 데이터에 드러날 것으로 보는데요. 우선 관세율이 빠르게 상승하고 있다는 것입니다. 실효 관세율은 트럼프 행정부 출범 전 1%대에서 이달 9%까지 올랐습니다. 그리고 최근 몇 주 동안 발표한 조치만으로도 관세율은 곧 15~20% 사이로 더 올라갈 수 있다고 분석합니다. 게다가 기업들이 관세 부과 전 재고를 대량으로 쌓아서 가격을 빨리 높이지 않을 수 있었는데요. 거의 다 팔렸기 때문에 3분기에는 더는 재고 효과가 없을 것으로 예상합니다. 모건스탠리의 앤드류 시츠 전략가는 ""관세가 경제, 기업 실적에 미치는 영향은 대부분 3분기, 4분기에 나타날 것이라고 예상하는 것이 합리적이다. 시장이 인플레이션 데이터에 더 큰 관심을 가질 시기는 6~7월보다는 8월과 9월일 가능성이 크다""라고 밝혔습니다.
                    




                이런 상황에서 Fed가 7월, 만약 9월에도 금리를 내리지 않는다면 트럼프 대통령은 다시 폭발할 수 있습니다. 바이탈날리지의 애덤 크리사펄리 설립자는 ""어제 트럼프의 발언을 보면, 사기 혐의로 파월 의장을 해임할 가능성도 배제하지 않았고, 트럼프 측근들은 건물 보수 과정을 계속 문제로 삼고 있다. 7월 말 FOMC에서 파월 의장의 메시지는 거의 변함없이 유지될 가능성이 큰데, 그러면 압박과 비판이 더 커질 것이다. 이번 사태는 아직 끝나지 않았다고 생각한다""라고 말했습니다.  5. 럽너 ""9월 1일까지 상승""괜찮은 경제 데이터, 기업 실적을 발판으로 주가는 지속해 오름세를 확대했습니다. 오늘은 관세 관련 뉴스도 조용했고요. 트럼프 대통령이 ""150개국이 훨씬 넘는 국가에 관세 서한을 보낼 것""이라고 말했지만, 대부분 무역이 적은 나라들입니다. 결국, S&P500 지수는 0.54%, 나스닥은 0.74% 상승했고요. 다우는 0.52% 오른 채 거래를 마쳤습니다. S&P500 지수(6297.36)와 나스닥(20884.27)은 또 사상 최고치 기록입니다. 
                    




                부동산(-0.16%), 헬스케어(-1.18%)를 제외한 9개 업종이 모두 상승세를 보였습니다. 금융(+0.92%) IT(+0.88%), 산업(+0.87%) 등이 오름세를 주도했습니다. 매그니피선트 7종목 중에선 마이크로소프트(+1.20%) 엔비디아(+0.95%)는 상대적으로 크게 올랐지만, 테슬라와 메타, 애플은 소폭 하락세를 보였습니다. 
                    




                골드만삭스에서 시장흐름을 분석하던 스콧 럽너가 시타델로 옮겼는데요. 그는 ""미국 증시는 노동절 연휴(9월 1일)까지 견고한 상승세를 보일 것으로 예상한다""고 말했습니다. 개인 투자자의 지속적 수요, 아직 주식 노출이 부족한 기관 투자자의 자금 유입, (어닝 발표 이후 8월에 본격화될) 기업 자사주 매입이 적어도 한 달 동안은 주식을 뒷받침하리라 전망했습니다. 다만 8월 말에는 9월에 발생할 수 있는 거시경제 사건에 대비하기 위해 헤지 상품을 대량 매수할 것을 권했습니다. 지난 100년을 따지면 9월 2일은 일반적으로 고점을 찍는 날이라는 겁니다. 
                    




                반면 네드데이비스리서치의 에드 클리솔드 전략가는 관망세를 주장하는데요. 그는 ""기술적 지표는 긍정적이지만, 비우호적 심리가 이를 상쇄하고 있다. 여러 가지 투자 심리 조사를 보면 올해 가장 높은 수준의 자기만족을 보인다. 게다가 계절성으로 연중 최악의 시기로 치닫고 있으며, 향후 경제 지표에 대한 불확실성이 큰 가운데 낙관론이 과도하다. 만약 시장 조정이 발생해도 기술적 지표가 유지된다면 올해를 강세로 마무리할 수 있는 토대가 마련될 것이다. 그런 시나리오라면 투자를 확대하겠다. 하지만 조정이 기술적 지표에 대한 매도 신호를 유발할 만큼 심각하다면, 투자 등급을 하향 조정할 가능성이 커진다. 정리하면 기술적 지표는 중립적 심리로 상쇄되고 있다. 이란 상황이 바뀔 때까지는 매수, 매도를 보류할 것""이라고 분석했습니다. 
                    




 6. 암호화폐 3법 통과…기관 수요 몰리나하원은 오후에 스테이블코인 법인 지니어스법(GENIUS Act) 등 암호화폐 관련 3개 법안을 통과시켰습니다. 지니어스법은 이미 상원을 거쳤기 때문에 트럼프 대통령의 책상으로 향하게 됐습니다. 트럼프 대통령은 내일 서명합니다. 하원은 또 암호화폐 산업에 대한 포괄적 규칙을 제정하는 클레러티 법(CLARITY Act)도 통과시켰는데요. 이는 디지털 자산에 대한 규제 감독의 범위를 명시하고 있습니다. 세 번째 법안은 Fed가 중앙은행 디지털화폐(CBDC) 발행을 금지하는 것입니다. 암호화폐 업계는 CBDC가 정부의 감시를 확대할 수 있다고 우려해왔습니다. 이 두 가지 법안은 이제 상원으로 향합니다. 
                    




                비트코인은 최근 12만 달러를 넘었습니다. 이더리움이 이어서 부상하고 있습니다. 펀드스트랫의 톰 리 설립자가 만든 비트마인이머전테크(BMNR)은 이더리움을 30만 개 사들였는데요. 어제 유명 투자자 피터 틸이 지분 9%를 취득했다는 소식에 폭등하기도 했습니다. 
                    




                삭소뱅크는 이와 관련 ""암호화폐는 이제 투기적 자산에서 제도권 자산으로 전환되고 있다. 무시할 수 없는 자산군이 되었다""라고 밝혔습니다. 삭소뱅크에 따르면 주요 암호화폐 애널리스트들은 연말 목표치를 15만~25만 달러로 높였습니다. 기관 수요가 지속하고 비트코인의 반감기 이후 공급 압박이 작용할 것이라는 겁니다. 지난해 등장한 비트코인 현물 ETF, 특히 블랙록의 IBIT이 비트코인 수요를 끌어올리고 있다고 봤는데요. IBIT은 800억 달러 규모의 돈을 모아 비트코인 70만 개 이상(미국 현물 ETF 전체 비트코인의 약 56%)을 매집했습니다. 덩달아 이더리움 ETF에 관한 관심도 커지고 있는데요. 블랙록의 ETHA(iShares Ethereum Trust)는 이미 40억 달러 규모의 돈을 유치했습니다. 뉴욕=김현석 특파원 realist@hankyung.com",https://www.hankyung.com/article/202507185973i,2025.07.18 07:54
경기 저점 통과 신호 속 정책 전환 가속…하반기 경제 흐름 주목,,"한국 경제가 서서히 반등의 신호를 보내고 있다. 정부는 최근 발표한 7월 경제동향을 통해 “고용과 수출이 회복 흐름을 보이고 있으며, 경기 저점 통과의 가능성이 점차 높아지고 있다”고 평가했다. 실제로 6월 수출은 전년 대비 증가하며 5개월 연속 상승세를 이어갔고, 반도체를 비롯한 주력 품목의 회복이 이를 견인했다. 고용시장도 개선세를 보여 15~64세 고용률은 역대 최고 수준을 경신했다.그러나 내수는 여전히 회복 탄력이 부족하다. 소비자심리지수는 기준치인 100을 소폭 하회했고, 민간소비와 설비투자 모두 정체 국면에서 벗어나지 못하고 있다. 고물가와 고금리, 부동산 시장의 불확실성이 가계의 소비 심리를 위축시키고 있으며, 중소기업과 자영업자의 체감경기도 좀처럼 나아지지 않는 상황이다.이에 따라 정부는 하반기 정책 기조를 ‘성장 전환’에 맞추고 있다. 재정 조기 집행과 민생 안정 지원은 물론, 규제 개선과 투자 활성화 대책도 병행될 예정이다. 특히 공공투자 확대, 에너지 인프라 개선, 디지털 전환 등 중장기 성장 기반 마련에도 속도를 낼 것으로 보인다. 한국은행 역시 기준금리의 인하 가능성을 열어두며 시장과의 유연한 소통을 강화하고 있다.하반기 한국 경제는 글로벌 경기와의 연동성, 정책 효과, 민간 심리 회복 여부에 따라 방향성이 결정될 전망이다. 경기 회복세가 확산될 경우 주식시장에도 긍정적 영향을 줄 수 있지만, 소비와 투자가 동반 반등하지 못할 경우 국지적 불균형이 지속될 수 있다는 우려도 공존한다. 투자자들은 경제 지표와 정부 대응 사이의 간극을 주의 깊게 살펴야 할 시점이다.동양철관, NAVER, HD한국조선해양, 코나아이, LIG넥스원무료상담",https://www.hankyung.com/article/202507223306a,2025.07.22 09:03
"부산은행·케이뱅크 공동대출, 혁신금융서비스로 지정",,"부산은행과 케이뱅크의 공동 대출상품이 금융위원회의 혁신금융서비스로 10일 지정됐다. 심사 신청을 한 지 3개월여 만이다.이 공동 대출상품은 고객이 케이뱅크에 대출을 신청하면 케이뱅크와 부산은행이 각각 심사한 뒤 대출 한도와 금리를 함께 결정하는 구조다. 대출 신청뿐 아니라 대출금 지급, 원리금 상환, 금리 인하 요구권 신청 등 대출과 관련한 모든 내용은 케이뱅크 앱으로 한다. 부산은행과 케이뱅크는 올 하반기에 상품 개발을 마무리한 뒤 출시할 계획이다. 두 은행은 상생금융 확대를 위해 지역 소상공인과 자영업자를 겨냥한 기업대출도 검토하고 있다.김진성 기자 jskim1028@hankyung.com",https://www.hankyung.com/article/2025071010101,2025.07.10 17:31
[사설] 서비스산업 혁신 없이 좋은 일자리 만들지 못한다,,"미국은 코로나 팬데믹 이후 정보통신, 전문 과학기술 등 하이테크 서비스업을 앞세워 경제 회복을 이뤘지만 한국 서비스업은 그 기간 성장을 견인하기는커녕 오히려 생산성이 뒷걸음질했다는 한국은행 분석이 나왔다. 하루이틀 된 얘기는 아니지만, 낙후된 서비스산업의 구조 개선을 더는 미룰 수 없다는 점을 다시 확인하게 된다.한은 분석에 따르면 우리 서비스산업은 실속 없이 덩치만 커진 상태다. 2024년 명목 국내총생산(GDP) 기준으로 서비스산업 비중은 44%를 차지했고 전체 취업자의 65%를 고용한 것으로 나타났다. 하지만 노동생산성은 20년째 제자리다. 민간 서비스업의 노동생산성(실질 부가가치/취업자 수)은 2005년 제조업의 40% 수준으로 내려왔고 지난해까지 정체된 것으로 나타났다.서비스업 생산성이 낮은 것은 알려진 대로 부가가치가 낮은 음식숙박업, 도소매업, 운수창고업 등의 비중이 높은 탓이 크다. 양질의 일자리 기반이 취약하다 보니 생계형 자영업 진출입이 반복되면서 영세성이 굳어졌다. 지식서비스나 기업서비스 분야조차 오랜 기간 제조업 생산과 수출을 지원하는 보완적 역할에 머무르며 경쟁력을 키우는 혁신에서 뒤처졌다. 전반적인 사회 인식에서도 서비스산업을 공공재로 여기는 경향이 강한 탓에 강력한 규제가 따라붙으면서 산업 활력을 떨어뜨려 왔다.지금의 서비스산업은 농업, 제조업과 구분하는 과거의 산업 영역이 아니라 다른 산업을 연결하고 융합하는 매개자 역할을 한다. 지식·문화·디지털화를 통한 새로운 부가가치 창출의 산실이기도 하다. 규제 개혁을 통해 제대로 키운다면 양질의 일자리를 얼마든지 창출할 수 있다. 이를 위해서는 융복합 서비스 신산업이 자유롭게 나올 수 있는 환경이 선행돼야 한다. 국회에서 10년 넘게 공전 중인 서비스산업발전 기본법의 엉킨 실타래부터 풀어내야 한다.",https://www.hankyung.com/article/2025070370241,2025.07.03 17:44
"파월 ""문제 있으면 감찰해라"" vs 트럼프 ""얼간이""","파월, 공사비 의혹에 정면 대응
트럼프 ""금리 年1%보다 낮아야""","기준금리 인하와 관련해 도널드 트럼프 미국 대통령이 제롬 파월 미국 중앙은행(Fed) 의장(사진)을 또 비난했다. 트럼프 대통령은 파월 의장을 ‘얼간이’라고 표현하며 기준금리가 연 1%보다 낮아야 한다고 주장했고, 파월 의장은 트럼프 대통령 측이 제기한 ‘Fed 청사 개보수 비용 과다 지출’ 의혹에 자발적으로 감사를 요청하며 정면으로 맞섰다.트럼프 대통령은 14일(현지시간) 백악관 신앙사무실 오찬 행사 연설에서 “우리에게는 정말 나쁜 Fed 의장이 있다. 그가 금리를 낮췄다면 친절하게 대했겠지만 소용이 없다”며 “그는 정말 얼간이 같고 멍청한 사람”이라고 파월 의장을 비난했다.트럼프 대통령은 자신의 금리 인하 요구에도 동결을 고수하는 파월 의장에게 불만이 누적된 상황이다. 트럼프 대통령 취임 이후 Fed가 총 네 차례 연방공개시장위원회(FOMC)를 열었지만 기준금리는 연 4.25~4.50%로 모두 동결됐다. 이에 트럼프 대통령은 파월 의장을 ‘미스터 투 레이트’(너무 늦은 사람)라고 부르는가 하면 멍청이, 바보, 패배자 등 원색적인 비난을 쏟아냈다.이날도 트럼프 대통령은 높은 기준금리 때문에 연방정부가 갚아야 할 국채 이자 부담이 커진 것을 지적했다. 기준금리 1%포인트에 3600억달러가, 2%포인트에 6000억~7000억달러가 든다고 설명했다. 그는 “경제가 활황이고 기업 신뢰도는 급등했다”며 “소득이 증가하고 물가가 하락했으며 인플레이션은 없어졌다”고 진단했다. 그러면서 “기준금리는 연 1%보다 낮아야 한다”고 강조했다.한편 파월 의장은 트럼프 대통령 측이 제기한 Fed 청사 개보수 비용 논란에 정면으로 맞서기로 했다. 미국 정치 매체 폴리티코에 따르면 파월 의장은 워싱턴DC에 있는 Fed 청사 개보수 공사비와 관련해 감찰 조사를 해달라고 마이클 호로위츠 Fed 총감사관에게 요청했다.트럼프 대통령 측은 Fed 본부 공사 비용이 초기 계획보다 7억달러 늘어난 25억달러에 달했고 이는 옥상 정원, 인공 폭포, 대리석 장식 등의 설계 변경 때문이라고 주장했다. 러셀 보트 백악관 예산관리국(OMB) 국장은 지난 10일 파월 의장에게 서한을 보내 청사 인테리어에 혈세를 낭비했다며 ‘베르사유 궁전’을 짓냐고 비꼬았다.일각에서는 이를 두고 내년 5월부로 임기가 끝나는 파월 의장을 조기 교체하기 위한 구실을 찾는 것이란 분석이 나온다. 파월 의장이 대통령 명령과 반대되는 금리 정책을 펼치는 것으로는 법이 허용하는 정당한 해임 사유가 될 수 없다.미국 인터넷 매체 액시오스는 “겉으로는 옥상 정원 문제처럼 보이지만 실제로는 Fed 통제권을 둘러싼 싸움”이라며 “파월 의장을 임기 만료 전에 정당한 사유로 해임하기 위한 명분 쌓기에 나선 것”이라고 했다.한경제 기자 hankyung@hankyung.com",https://www.hankyung.com/article/2025071502211,2025.07.15 17:49
"상속 대신 M&A로 승계하려 했더니…""위험해서 안된다""","기업 승계형 바이아웃 펀드 무산 
낡은 규제가 中企 영속성 막아","상당수 중소기업이 가업 상속 대신 제3자 인수합병(M&A)으로 승계 문제를 해결하려 하지만 정부의 경직적 규제가 발목을 잡고 있다. 기업의 승계 문제를 풀어 지속적인 성장 발판을 마련하려면 일부 규제를 완화해야 한다는 지적이 나온다.23일 투자은행(IB)업계에 따르면 국내 사모펀드(PEF) 운용사 칸서스자산운용이 지난해 강원도 및 경상북도와 손잡고 운용하던 지역 기업 승계형 바이아웃 펀드가 무산된 것으로 나타났다. ‘지역 활성화 펀드’로 명명된 이 펀드는 지방자치단체가 벤처, 부동산, 인프라 투자가 아니라 기업 M&A를 목적으로 하는 펀드에 직접 출자하는 첫 사례로 시장의 주목을 받았다.당초 칸서스는 강원도와 1500억원, 경상북도와 1000억원 규모 펀드 조성을 준비했다. 지자체가 각 펀드에 300억원가량을 출자하면 칸서스가 연기금, 금융기관 등 기관투자가로부터 나머지 자금을 모으는 구조다. 가업 승계에 어려움을 겪는 지역 중소기업이 속출하고 지역 경기 침체 위기감이 커지자 다른 지자체도 펀드 조성에 관심을 보였다.하지만 지방분권균형발전법 시행령이 걸림돌로 등장했다. 현행법규상 지자체는 한국벤처투자 모태펀드, 산업은행 등이 출자하는 벤처펀드, 부동산, 인프라펀드 등에만 출자할 수 있다. 일부 지분 투자 성격의 벤처펀드와 원금 손실 위험이 비교적 작은 인프라펀드와 달리 바이아웃 펀드는 손실 위험이 크다. 게다가 바이아웃 펀드는 기업 경영권을 사고판다는 점에서 지자체가 나서기 적절하지 않다는 비판이 제기됐다.지자체들이 시행령 개정을 요청했지만 주관 부처인 행정안전부는 미온적인 반응을 보였다. 이에 강원도는 모태펀드를 통해 1500억원 규모 벤처펀드를 조성하는 쪽으로 방향을 틀었다. 금융투자업계 관계자는 “바이아웃은 글로벌 투자업계에서 중소기업의 가치 상승에 핵심적인 수단으로 자리 잡고 있지만 국내에선 그러지 못하고 있다”며 “경직적 규제를 손볼 필요가 있다”고 말했다.황정환 기자 jung@hankyung.com",https://www.hankyung.com/article/2025072376501,2025.07.23 17:37
에이비엘바이오 “오버행 우려는 과도”…전환우선주 전량 보통주 전환,"577만8196주 오는 28일 상장
""시장 영향 최소화하는 결정""","이상훈 에이비엘바이오 대표. 강은구 기자

에이비엘바이오는 제3자 배정 유상증자에 참여한 한국산업은행, 에이티넘인베스트먼트, 인터베스트, 하나금융그룹, 컴퍼니케이파트너스가 보유한 전환우선주(CPS) 577만 8196주 전량을 보통주로 전환했다고 14일 공시했다. 전환된 주식은 오는 28일 상장될 예정이다.에이비엘바이오 관계자는 “이번 전환으로 인해 시장 내 오버행을 우려하는 목소리가 나오고 있음을 인지하고 있으나 이는 과도한 걱정”이라고 말했다. 향후 기업 성장성과 기술 사업화 가능성이 클 뿐만 아니라, 기관 투자자들과의 긴밀한 소통을 통해 시장에 미치는 영향을 최소화하는 쪽으로 뜻을 모았다는 설명이다.에이비엘바이오는 지난해 7월 이중항체 항체약물접합체(ADC)를 포함한 차세대 ADC 개발 계획을 발표하며 1400억원 규모의 제3자 배정 유상증자를 단행했다. 회사에 따르면 기관 투자자들은 중장기적인 관점에서 이중항체 ADC 파이프라인의 미래 가능성을 높게 평가해 지난 유상증자에 참여했다.현재 에이비엘바이오가 개발 중인 ABL206 및 ABL209 등의 이중항체 ADC는 비임상 단계에 있으며, 올해 말부터 ABL206과 ABL209의 미국 임상 1상 진입을 목표로 임상시험계획서(IND) 제출을 준비 중이다.이상훈 에이비엘바이오 대표는 “기관 투자자들과의 오랜 논의를 거쳐 전환우선주로 인한 오버행 우려를 해소하기 위해서는 보통주로의 100% 일시 전환이 최선의 해결책이라는 결론을 얻었다”라며 “집중적인 연구개발을 통해 파이프라인의 임상 개발을 가속화하고, 글로벌 바이오 기업으로의 도약을 위해 최선을 다하겠다”고 말했다.이영애 기자 0ae@hankyung.com",https://www.hankyung.com/article/202507147280i,2025.07.14 16:25
,,,https://magazine.hankyung.com/business/article/202506261669b,
트럼프 관세 예의 주시하는 월가 [뉴욕증시 주간전망],"S&P500과 나스닥 지난주에 최고치 찍어
트럼프 관세 리스크 이미 시장에 반영
부정적인 영향 제한적일 수도","사진=연합뉴스

                이번 주(7~11일·현지시간) 뉴욕증시는 도널드 트럼프 미국 대통령의 관세 정책에 향방이 갈릴 것으로 예상된다. 트럼프 대통령은 7일 12통의 관세 관련 서한을 발송할 것이라고 밝혔다. 시장에서는 이달 7일 서한과 상호관세 유예 기한인 8일까지 트럼프 대통령의 발언이 중요하다고 평가했다.다만 뉴욕증시에 미칠 악영향은 제한적일 수 있다. S&P500과 기술주 중심의 나스닥 종합지수는 마지막 거래일(3일)에 사상 최고치를 찍었다. 반다리서치에 따르면 개인 투자자는 올해 상반기 개별 주식과 상장지수펀드(ETF)를 1553억달러 순매수했다.월가에서는 이미 트럼프 대통령의 과세 정책 리스크를 시장에서 반영하고 있다고 본다. 또한 과거 관세 영향을 우려한 채권 투자자들로 국채 금리가 급등했을 때 트럼프 행정부가 관세 유예로 물러선 만큼 이번에도 관세 정책이 극단으로 가기 힘들 것이란 예상에 힘이 실린다.한편으로는 트럼프 대통령이 주도한 ‘하나의 크고 아름다운 법안’에 따른 감세 정책으로 주요 기업의 실적 개선이 이뤄질 수 있다는 기대감도 있다. 이 법안은 지난 4일 트럼프 대통령의 서명으로 발효됐다.뉴욕 연방준비은행은 이달 8일 기대 인플레이션을 내놓는다. 투자자는 오는 9일 연방 공개시장위원회(FOMC) 의사록을 받아볼 수 있다. 미국 중앙은행(Fed) 내 미셸 보먼 부의장과 크리스토퍼 월러 이사 등이 최근 7월 금리인하 가능성을 제기한 만큼 6월 FOMC에서 어떤 의견이 오갔을지 주목된다.두 위원을 제외한 대부분은 공개 석상에서 ‘관망’을 주문하긴 했다. 제롬 파월 의장도 여름철 관세로 인한 인플레이션을 우려하며 관망에 더 무게를 실었다.주요 기업의 실적 발표로는 오는 10일 델타항공과 식품 대기업인 콘아그라 브랜즈 등이 예정돼 있다.뉴욕=박신영 특파원 nyusos@hankyung.com",https://www.hankyung.com/article/202507060519i,2025.07.06 09:49
"28년 이어진 비공식 경제수장회의…""회의록 공개되면 시장 혼란""","국정위 'F4 회의' 상설 법적기구로 추진

YS때 시작된 비공개 '서별관회의'
기업·노사 등 구조조정 대책 마련

비상계엄 직후 F4 회의 열리자
'정치의혹' 제기되면서 공개 추진

공개적으로 기업 구조조정 다루면
주가·채권 시장에 상당한 파급력
""결국 비공식 회의 또 만들 수도""","< 수장없이 열린 새 정부 첫 ‘F4 회의’ > 이형일 기획재정부 1차관(오른쪽 두 번째)이 지난달 19일 서울 명동 은행회관에서 열린 거시경제금융회의에서 장관직무대행으로서 발언하고 있다.  연합뉴스

                민감한 거시경제와 금융 현안을 다루는 비공개 경제수장 회의체는 이름만 다를 뿐 거의 모든 정부에서 이어져 왔다. 회의 주제와 내용을 공개하지 못한 이유는 시장에 영향을 줄 수 있고, 이해관계자들이 강하게 반발할 가능성이 있어서다. 경제가 발전할수록 비공개회의에서 다루는 현안이 많아지고 중요성이 높아졌지만 동시에 이를 공개해야 한다는 목소리도 커졌다. 이재명 정부의 주요 국정과제를 선정하는 국정기획위원회는 회의 효율성보다 투명성을 위한 제도화에 방점을 두고 있다. ◇비상계엄 계기로 법제화 급물살





                13일 정부와 여권 관계자에 따르면 국정기획위는 거시경제·금융 현안 간담회(F4 회의)를 법제화하는 방안을 국정과제로 추진한다. F4 회의 참석자, 안건 제출 시점, 운영 원칙 등을 특별법으로 규정하는 방안을 논의한 것으로 알려졌다. 국정기획위 관계자는 “정부 주요 의사 결정이 이뤄졌다면 투명성 제고 차원에서 기록을 남길 필요가 있다”고 했다.더불어민주당과 국정기획위가 F4 회의 법제화를 본격 검토하기 시작한 계기는 지난해 비상계엄 직후 열린 F4 회의 때문인 것으로 전해졌다. F4 회의는 비상계엄 직후인 지난해 12월 3일 오후 11시40분 열렸는데, 당시 야당이던 민주당은 “F4 회의가 비상계엄 후속 조치를 논의하기 위한 회의였다”는 의혹을 제기했다. 당시 최상목 부총리 겸 기획재정부 장관, 이창용 한국은행 총재 등 회의 참석자들은 “외환시장 불안에 대한 긴급 안정 방안을 논의한 자리”라고 반박했지만 이를 뒷받침하는 회의록 등이 없었다.국정기획위와 민주당은 경제관계장관회의처럼 F4 회의의 기능, 개최 시기, 참석자, 안건 제출 시점, 운영 원칙 등을 법률로 규정하는 방안을 검토한 것으로 알려졌다. ◇거시·금융 주요 현안 심의전문가들은 F4 회의가 법적 기구로 상설화하면 거시경제와 금융 현안을 다루는 컨트롤타워 역할을 할 것으로 관측한다. F4 회의에서 논의하는 사안의 무게감은 점차 커지고 있다. 국가신인도, 부동산 프로젝트파이낸싱(PF) 재구조화, 가계부채 비율 등을 올초 F4 회의에서 논의했다.비공식 회의로 진행되다 보니 회의 수장끼리 손발이 맞지 않는 일도 벌어진다. 최근 이복현 금융감독원장이 상법 개정안 재의요구권 행사는 적절치 않다고 밝히며 돌연 F4 회의에 불참한 것이 대표적 사례다.일각에선 F4 회의를 법제화하면 민감한 안건을 신속하게 다루기 어려워 위기 대응 역량이 떨어질 수 있다는 우려도 나온다. 한 전직 금융당국 고위 관계자는 “F4 회의의 가장 큰 강점은 각 기관이 보유한 수치 등 비공개 데이터를 공유하며 경제 문제 이해도를 높이는 것”이라며 “공개회의로 전환하면 민감한 내용을 공유하지 못하고 소극적으로 논의에 임할 수밖에 없다”고 말했다. ◇역대 정부 회의체 모두 비공개역대 정부도 이런 문제 때문에 민감한 경제·금융 현안을 다루는 회의체를 비공개로 운영했다. 비공개 경제 간담회의 시초로 알려진 박정희 정부 ‘녹실회의’는 장기영 당시 경제부총리가 녹색 방으로 관계 부처 장관들을 비공개로 불러 회의를 하면서 시작됐다. 김영삼 정부 말기인 1997년 시작된 ‘서별관회의’도 비공개로 진행됐다. 기업·금융·공공·노사 등 4대 부문 구조조정 대책을 마련하기 위한 목적으로, 안건이 공개되면 사회적 논란이 클 것으로 예상됐기 때문이다.민감한 금융시장 이슈의 경우 안건과 회의록이 공개되면 오히려 시장 혼란을 키울 것이라는 지적도 나온다. 또 다른 전직 금융당국 관계자는 “특정 기업에 대해 논의한다는 내용이 공개되는 것만으로도 주식·채권시장에 미치는 영향이 어마어마할 것”이라며 “비공식 논의를 위한 별도 간담회를 따로 만들어야 할 것”이라고 꼬집었다.남정민/정영효/하지은 기자 peux@hankyung.com",https://www.hankyung.com/article/2025071352581,2025.07.13 18:02
"하나은행, 국내 최초 웰니스 레지던스 사업에 전략적 금융 파트너로 참여한다!!","- HDC현대산업개발과 웰니스 레지던스 활성화 및 맞춤형 종합자산관리 서비스 제공 위한 MOU 체결

  : 최적화된 시니어 주거 트렌드와 자산관리 역량 결합, 새로운 도심형 시니어 주거시설로의 발전 기대

- ▲입주자 금융 안정성 강화 ▲생애주기 공동관리 체계 구축 등 초고령사회의 대표적 민간 협력 모델

- 이호성 은행장 “시니어 세대의 미래를 함께하는 동반자로서의 역할에 최선 다할 것”","하나은행(은행장 이호성)은 지난 22일 서울 용산구 HDC현대산업개발 본사에서 HDC현대산업개발(대표이사 정경구)과 웰니스 레지던스 사업 활성화 및 입주자 맞춤형 종합자산관리 서비스 제공을 위한 업무협약(MOU)을 체결했다고 밝혔다.이번 업무협약은 은행‧증권‧보험 등 금융 전반의 노하우를 바탕으로 시니어 세대의 생애 전 주기에 걸쳐 최적화된 솔루션을 제공하는 하나금융그룹과 웰니스 레지던스 사업을 추진 중인 HDC현대산업개발이 시니어 손님의 자산관리 니즈 충족을 위한 협력체계 구축을 위해 마련됐다.이를 위해 양사는 ▲자산관리‧세무/상속 등 맞춤형 금융 서비스 제공 ▲시니어 특화 공간 내 금융‧비금융 프로그램 제공 ▲입주자를 위한 보증금 관리 신탁 등 주거상품 연계 금융 상품 개발 ▲하나은행 및 제휴사 혜택 지원 등 다양한 분야에서 상호 협력키로 했다.특히, 이번 협약은 종합 금융부동산기업이 운영하는 민간 임대주택 형태의 웰니스 레지던스 사업에 은행이 전략적 금융 파트너로 참여한 국내 첫 사례로, 단순한 서비스 제휴를 넘어 ▲입주자 보증금 신탁과 은퇴자산 운용을 통한 금융 안정성 강화 ▲금융사‧건설사 간 입주자 생애주기 공동관리 체계 구축 ▲실거주 기반 금융 서비스 지원 등 초고령사회에 대응하는 대표적인 민간 협력 모델이 될 것으로 기대된다.첫 사업모델이 되는 서울원 웰니스 레지던스는 HDC현대산업개발이 서울시 노원구 소재 광운대 역세권에 조성중인 도심형 웰니스 레지던스로 최근 시니어 주거 트렌드인 AIP(Aging In Place : 지역사회 계속거주)에 최적화된 입지 조건을 갖추고 있다. 교통‧의료‧문화‧상업 인프라가 밀집한 입지적 강점에 자산관리 명가(名家) 하나은행의 자산관리 역량이 결합되며 새로운 형태의 도심형 시니어 주거시설로 자리매김할 것으로 보인다.이호성 하나은행장은 “시니어 손님의 소중한 인생 2막을 위해 금융으로 준비하는 미래 설계는 물론 라이프케어 전반에 걸쳐 새로운 경험을 드리고자 하나은행과 HDC현대산업개발이 힘을 모았다”며, “다양한 시너지가 창출될 수 있도록 긴밀하게 협력하는 한편, 시니어 세대의 미래를 함께하는 동반자로서 하나은행의 역할에도 최선을 다하겠다”고 밝혔다.한편, 하나금융그룹은 지난해 10월 시니어 세대의 성공적인 노후를 위한 그룹 시니어 특화 브랜드 ‘하나더넥스트’를 출범하고, 그룹 내 관계사 간 협업을 바탕으로 은퇴설계, 상속‧증여, 건강관리 등 금융과 비금융 분야 전반에서 ‘(NEW)시니어’ 세대의 웰 리빙(Well-living)을 넘어 웰 에이징(Well-aging)과 웰 다잉(Well-dying)까지 아우르는 라이프케어 서비스를 제공하고 있다.",https://www.hankyung.com/article/202507235943P,2025.07.23 08:58
'부드러운 리더십'으로 미래를 열어가는 여성 기업인,"올해로 네 번째 맞는 여성기업주간

지난 1일 개막…여성기업인 축제의 장
새 정부 출범 첫 김혜경 여사 공식 행사
이부진 호텔신라 대표 등 500여명 참석
진덕수 대홍코스텍 대표 등 유공자 포상

저출생·저성장 문제 해결 '희망을 쏜다'
여성만의 문제 고민, 새로운 기술 원천
난임 AI솔루션 등 '펨테크' 사례 발표
최근 급성장…2029년 160조 시장 예상","중소벤처기업부와 한국여성경제인협회는 ‘여성기업, 내일을 여는 희망의 열쇠’라는 주제로 ‘제4회 여성기업주간’ 개막식을 지난 1일 서울 중구 신라호텔 다이너스티홀에서 열었다. 이날 개막식에는 영부인 김혜경 여사가 참석해 여성기업인들을 격려했다. 여성기업인과 유관기관, 중소기업 협·단체장, 저출생·고령화 문제 해결을 위해 앞장서고 있는 기업 관계자 등 500여 명이 참석했다. 헤드테이블 앞줄 가운데부터 시계 방향으로 김덕재 한국IT여성기업인협회장, 권오남 한국여성과학기술단체총연합회장, 이해연 한국여성발명협회장, 이부진 호텔신라 대표이사 사장, 박창숙 한국여성경제인협회장, 김혜경 여사, 정소진 비욘드디엑스 대표, 김성섭 중소벤처기업부 차관, 진덕수 대홍코스텍 대표, 성미숙 한국여성벤처협회장. /여경협 제공

                엔지니어 출신의 메리 바라 제너럴모터스(GM) 회장은 10년 넘게 GM을 이끌며 전기차 전환 등 중요한 사업을 진두지휘했다. 지난해 포브스가 꼽은 ‘세계에서 가장 영향력 있는 여성 100인’ 중 5위에 이름을 올린 여성 기업인이다. 에비게일 존슨 피델리티 인베스트먼트 회장은 자산운용 업계에서 오랫동안 영향력을 발휘하고 있는 여성 CEO로, 포브스 순위 6위다. 이밖에도 줄리 스위트 액센츄어 회장, 제인 프레이저 씨티그룹 회장, 새프라 캐츠 오라클 대표 등 성공한 여성 기업인들은 많다.이들의 공통점은 ‘부드러운 리더십’이다. 메리 바라 GM 회장은 엔지니어 출신으로서 공장 직원들을 부드럽게 이끌고 그들의 의견을 경청했다. 인공지능(AI), 클라우드 사업을 키우는 데 공을 세운 줄리 스위트, 월가의 첫 여성 CEO로 조직 혁신과 책임 경영에 앞장선 제인 프레이저 등은 여성의 리더십이 성과로 이어진 사례를 잘 보여준다.여성 기업인은 그 조직은 물론 사회의 발전과 혁신을 이끄는 ‘부드러운 리더십’으로 역할한다. 한 사람의 경영인이 기업과 사회, 나라와 전 세계를 얼마나 나아지게 만드는지는 우리가 숱하게 보고 겪었다. 저출생과 저성장, 고령화, 장기 불황 등 어려운 환경에서도 이들은 미래를 위해, 다음 세대를 위해 오늘을 살아간다. ‘미래를 여는 희망의 열쇠’를 쥐고.올해로 네 번째 열린 여성기업주간은 바로 여성 기업인들의 역할과 중요성을 알리기 위한 법정 주간이다. ‘여성기업지원에 관한 법률’ 제12조의3에 의거해 매년 7월 첫째주에 개최되는 법정 주간으로, 여성 기업인으로서의 사명감을 다잡고 자긍심을 키우며 서로를 격려하는 자리이기도 하다. 중소벤처기업부가 주최하고 한국여성경제인협회, 한국여성벤처협회, 한국여성발명협회, 한국여성IT기업인협회, 한국여성과학기술단체총연합회가 공동 주관한다.◇저출생·고령화 문제해결에 앞장서




지난 1일 열린 ‘제4회 여성기업주간’ 개막식에서 주요 참석자들이 ‘여성기업이 내일의 희망열쇠’라는 슬로건을 강조하기 위해 열쇠 조형물 앞에서 개막을 자축하고 있다. /여경협 제공


                여성기업주간은 지난 1일부터 4일까지 326만명에 달하는 국내 여성기업인들을 위한 축제의 장으로 온·오프라인 곳곳에서 열렸다. 행사의 시작을 알리는 개막식은 지난 1일 서울 중구 신라호텔 다이너스티홀에서 진행됐다. 특히 개막식에는 영부인 김혜경 여사가 참석해 여성기업인들을 격려했다. 김 여사가 이재명 대통령 취임 이후 처음 참석한 공식행사라는 점에서 눈길을 끌었다. 개막식에는 이부진 호텔신라 대표이사 사장을 비롯한 여성기업인들과 유관기관, 중소기업 협·단체장, 저출생·고령화 문제 해결을 위해 앞장서고 있는 기업 관계자 등 500여 명이 참석했다.제4회 여성기업주간 슬로건은 ‘여성기업, 내일을 여는 희망의 열쇠’였다. 개막식의 주요 참석자들이 열쇠 모양의 조형물 앞에서 개막을 알리는 세리머니를 한 것도 같은 맥락이다. 개막식에서는 여성기업 유공자 포상도 함께 진행됐다. 국내 최초로 철강코일 정밀제어 압연기술을 국산화한 대홍코스텍의 진덕수 대표가 금탑 산업훈장을, 저당 베이커리 등 품질관리와 기술혁신을 해온 베이커리 전문기업 디엔비의 신영이 대표가 은탑 산업훈장을 수훈했다. 산업포장은 선박레이더 및 무선 송수신기 제조업체인 에코트로닉스의 성미숙 대표에게 돌아갔다.대통령 표창은 자동차 부품업체인 코리아시스템의 김지원 대표,철근임가공 업체 정광스틸의 백채환 대표, 자동차 머플러 부품 업체 덕영테크의 김금자 대표, 제철 설비업체 비에스이엔지의 조차남 대표가 받았다. 국무총리 표창에는 농산물 제조업체 정화의 주정화 대표, 음식물처리기 업체 스마트카라의 이은지 대표, 교구업체 가베의 도호숙 대표, 유료직업소개업체 생활연구소의 연현주 대표, 전자상거래업체 패션지오의 이윤종 대표, 시스템소프트웨어업체 삼경엠에스의 엄연옥 대표가 수상했다.◇미래기술 이끌어갈 여성창업 격려여성기업주간의 프로그램은 △판로·공공구매 △소통·정책 △창업·일자리 창출 △지역행사 등 4가지 부문으로 진행됐다. 서울은 물론 전국 19개 지역에서 오프라인 행사가, 또 온라인 행사까지 더해 총 57개의 다양한 프로그램이 동시에 열렸다.지난 2일 서울 여의도 국회도서관 강당에서 열린 ‘여성기업 정책토론회’는 저성장·저출생 극복을 위해 여성기업들이 어떤 역할을 해야 할지에 대해 심도 깊게 논의하는 자리였다. 김보례 여성경제연구소장과 김효이 이너시아 대표가 발제자로 나섰다. 지난 3일에는 서울 강남구 삼정호텔 아도니스홀에서 ‘여성CEO 오찬포럼’이 열렸다. 이 자리에선 ‘펨테크 동향과 비즈니스 모델 전략’이라는 주제로 김도진 해피문데이 대표가 사례발표를 했다. 펨테크(femtech)란 여성(female)과 기술(technology)의 합성어로, 여성의 생리, 임신, 출산, 육아 등의 주제에 첨단 기술을 결합한 제품 또는 서비스를 말한다. 여성 문제에 인공지능(AI), 빅데이터 등을 적용한 난임 AI 솔루션, 여성용품 구독 서비스, 출산 훈련 어플리케이션 등이 대표적 사례다. 펨테크 랜드스케이프 리포트에 따르면 2023년 기준 전 세계 60개국에 설립된 펨테크 기업은 1416개다. 통계 데이터 플랫폼 스태티스타는 2023년 약 70조 8017억원 규모인 전 세계 펨테크 시장이 2029년 160조 4248억원까지 성장할 것으로 내다봤다.국내 유일의 여성 창업자 경진대회인 ‘제26회 여성창업경진대회’의 시상식은 지난 4일 서울 용산구 나인트리 프리미어 로카우스 호텔에서 진행됐다. 우수한 창업 아이디어와 사업 아이템, 기술을 보유한 여성 창업기업을 발굴하고, 예비창업자들에게 실제로 도움이 되는 사업 확장의 길을 열어준다는 점에서 의미 있는 행사로 손꼽힌다. 이번 행사에는 총 1131팀이 참가했고 40팀이 수상의 영예를 안았다. 기술창업 활성화라는 대회 취지에 맞게 바이오헬스, 교육서비스 등 기술창업 분야의 창업자가 79.5%를 차지했다. 중소벤처기업부 장관상 6팀(대상 1팀, 최우수상 2팀, 우수상 3팀), 장려상 4팀(기업은행장상 2팀, 신한은행그룹장상 2팀), 입상 30팀(여성기업종합지원센터 이사장상 30팀)이 선정됐다.◇여성근로자 고용에 앞장서는 여성기업대상은 받은 비욘드엑스의 정소진 대표는 혈액 다중마커를 이용한 조합 알고리즘 기반의 폐암 진단기술을 개발했다. 사업 확장 자금으로 상금 2000만원을 받았다. 최우수상에는 고효율 K팝 글로벌 아이돌 육성 플랫폼을 개발한 씽잉비틀의 조민경 대표, 글로벌 AI 생성형 콘텐츠 마켓플레이스를 개발한 임희진 씨(예비창업)가 선정됐다. 우수상은 AI기반 재개발·재건축 조합 운영관리(DX) SaaS 시스템을 개발한 이제이엠컴퍼니의 윤의진 대표, 치매 예방 AI 헬스케어 서비스를 개발한 보이노시스의 신정은 대표, AI 기반 의료기기 성적서 검토 및 인허가 서류 작성 자동화 솔루션을 개발한 최조영 씨(예비창업)가 받았다.대회 수상자는 포상과 함께 사업화 지원, 투자유치 연계 등 후속 프로그램을 지원받게 된다. 수상자 중 상위 26개팀에게는 올해 9월 개최 예정인 ‘도전! K-스타트업 통합 본선’ 진출의 혜택도 주어진다.이밖에도 △여성기업 공공조달 전자입찰 실무교육 오프라인 강의 △여성기업 우수제품 상생 기획전 △좋은 일자리 창출을 위한 여성기업 일자리허브 매칭데이 △여성기업 판로 역량 강화 교육 및 맞춤형 MD상담회 등이 열렸다. 또 이달 말까지 전국 19개 지역에서 △여성기업인대회 △우수제품 판촉전 △나눔 바자회 △전문가 초청 특강 △경영애로 상담 등 지역 여성기업인과 시민들이 참여하는 행사와 프로그램이 열릴 예정이다.박창숙 여경협 회장은 “여성기업의 여성근로자 고용률은 남성기업 대비 2배 이상”이라며 “제4회 여성기업주간 행사를 통해 여성기업의 경제적·사회적 가치를 널리 알리고 여성기업에 대한 국민적 공감대를 넓히는 계기가 됐다는 점에서 의미있는 행사였다”고 말했다.민지혜 기자 spop@hankyung.com",https://www.hankyung.com/article/2025070841561,2025.07.08 16:00
"785억 부당대출한 사내부부 여파에…기업은행 ""분리 인사 적용""","사내부부 근무지 분리 인사
이해 충돌 업무일 경우에만 적용","IBK기업은행 전경./사진=IBK기업은행

                전·현직 직원 부부가 약 785억원 규모의 부당대출을 저지른 사건에 대응해 IBK기업은행이 이해 상충 가능성이 있는 사내 부부 직원의 근무지를 분리하기로 했다.16일 금융권에 따르면 기업은행은 전날인 15일 발표된 하반기 정기인사에서 'IBK 쇄신 계획'에 따른 새로운 인사 기준을 적용했다. 이 조치는 친인척 관계의 직원들이 부당대출 위험이 발생할 수 있는 업무를 각각 담당할 경우 같은 권역에서 근무할 수 없도록 하는 것이 핵심이다.가령 사내 부부인 한 사람이 대출 심사를 담당할 경우 다른 배우자는 해당 권역 안에서 영업할 수 없는 식이다. 다만 두 사람이 같은 권역에서 같은 업무를 담당할 경우엔 부당대출 위험이 적다고 보고 분리 배치되지는 않는다.기업은행 관계자는 ""이해 상충으로 걸릴 만한 사례에만 어느 정도 적용하기로 한 것""이라며 ""부부 직원이라면 일괄적으로 분리하도록 제도화된 것은 아니다""라고 했다.기업은행의 이번 인사 방침은 지난 2월 금감원이 기업은행에 대한 고강도 수시 검사를 통해 785억원의 부당대출을 적발한 점에 따른 조치다. 검사 결과에 따르면 기업은행에서 14년간 근무한 뒤 퇴직한 전직 직원 A 씨는 기업은행에 심사역으로 맡고 있던 배우자 B 씨와 친분이 있는 임직원들을 통해 7년간 총 785억원 규모의 부당대출을 받았다.대출 관련 증빙, 자기 자금 부담 여력 등을 허위로 작성하고, 심사역 등 은행 임직원은 이를 공모·묵인했다. 이에 기업은행은 'IBK 쇄신 계획'을 발표하고 업무 프로세스, 내부통제, 조직문화 전반에 걸친 강도 높은 쇄신을 단행한 것.해당 계획에는 부당대출 발생을 시스템적으로 차단하기 위한 임직원 친인척 정보 DB를 구축해 친인척을 통한 이해 상충을 원천적으로 차단하는 방안이 포함됐다.박수빈 한경닷컴 기자 waterbean@hankyung.com",https://www.hankyung.com/article/2025071626657,2025.07.16 17:15
자사주 의무소각 상법개정...주목해볼만한 종목은?,,"경유레카는 한국경제신문의 디지털 미디어인 한경닷컴에서 개발한 개별 종목에대한인공지능(AI) 알고리즘 업체의 투자 의견을 종합한 'AI 컨센서스'를 제공하는 서비스입니다. '한경유레카' 앱은 구글 플레이 스토어 혹은 앱스토어에서 내려받을 수 있습니다.





종목추천 서비스 종합 플랫폼 한경유레카에 입점한 친절한미정씨가 전거래일(10일) 카카오뱅크를 추천하여 수익률 6.6%를 기록했다.친절한미정씨는 성장, 가치, 성과, 안정성, 모멘텀 등 기업의 가치를 평가하는 5개 중요 변수를 AI 학습 및 분석하여 상대평가 점수화 지표화한 QAIS(Quin AI Score)라는 자체 점수를 통해 종목을 추천한다.  친절한미정씨는 최근 자사주 의무 매입에 대한 상법개정에 따라 은행주들이 강세를 보이고 AI관련주인 2가지 모멘텀을 카카오뱅크가 가지고 있어 QAIS가 높아져 해당 종목을 추천했다고 전했다. 한경유레카에서 신규가입을 하고 친절한미정씨를 구독하면 1개월간 무료로 추천종목을 문자로 받아볼 수 있다.  본 글은 투자 참고용입니다.NHN KCP 현대바이오 NAVER 아톤 대한항공",https://www.hankyung.com/article/202507111730a,2025.07.11 11:37
"증시 테마 떠오른 배당소득 분리과세…""톱픽은 지주·통신·금융株""","정부, 세수영향 분석 등 도입 속도
수혜주 찾기 분주

배당성향 35% 이상 기업 세혜택
대주주 지분 높은 고배당株 주목
CJ·아모레퍼시픽홀딩스가 대표적

배당성향 높은 SKT·KT 유망
NH證·기업銀도 배당 확대 전망

韓 증시 '저배당 문제' 해소 기대
업계 ""장기적으로 활성화에 도움""","사진=게티이미지뱅크 

                정부의 ‘배당소득 분리과세’ 추진이 주식시장 핵심 관심사로 떠올랐다. 분리과세 시행을 계기로 배당을 확대하는 기업이 늘고, 배당소득을 노린 자금의 증시 유입도 증가할 것이란 기대에서다. 증권사들은 ‘높은 최대주주 지분율’ 조건을 갖춘 지주회사, 안정적인 수익을 내는 통신회사와 금융회사 등에 관심을 둘 것을 추천했다.◇지주·통신·금융사 ‘관심’







이미지 크게보기



                10일 정부에 따르면 국정기획위원회와 기획재정부는 배당소득 분리과세 시행에 따른 세수 영향을 시나리오별로 분석하고 있다. 현재 논의는 배당성향(순이익 중 배당금 비율) 35% 이상 상장사의 배당은 종합소득에서 분리해 별도 세율을 매기는 소득세법 개정안(이소영 더불어민주당 의원 발의)에 기반해 이뤄지고 있다.대신증권은 최근 보고서에서 관련 수혜 기대 종목으로 최대주주 지분율이 높은 지주사를 눈여겨보라고 추천했다. 세율 인하 혜택을 받으려 배당을 늘릴 유인이 크다고 분석해서다. 해당 종목으로는 진양홀딩스와 세아베스틸지주, 아모레퍼시픽홀딩스, 휴온스글로벌, CJ 등을 꼽았다. 모두 최근 5개년 평균 배당성향 35%를 웃도는 종목이다.대신증권은 배당성향이 이보다 다소 낮은 코오롱과 코스코홀딩스, 한국앤컴퍼니 등도 관심 종목으로 제시했다. 최근 3개년 평균 배당성향은 31~33% 수준이면서 대주주 지분율이 40%를 웃돌아 정책 시행 시점에 배당 확대에 나설 수 있다고 분석했다.한국투자증권은 전통적 고배당주인 SK텔레콤, KT 등 통신주에 주목했다. 지난해 KT와 SK텔레콤의 배당성향은 각각 117.8%, 54.3%에 달했다. 한화투자증권은 NH투자증권, 기업은행, 하나금융지주 등 금융·증권주가 탄탄한 실적을 바탕으로 배당을 확대할 수 있다고 전망했다.◇상장사 배당 증가 전망증권가에선 배당소득 분리과세가 이뤄지면 새롭게 배당 확대에 나서는 기업이 늘어날 것으로 내다보고 있다. 한 중소형 상장사의 최대주주는 “배당소득 관련 세금 부담을 줄여준다면 전보다 훨씬 적극적으로 배당 확대를 검토할 것”이라고 말했다.국내 상장사의 배당성향은 아직 선진국에 크게 뒤처져 있다. 국내 전체 상장사 배당성향은 최근 5개년(2020년~2024년) 평균 28.1%다. 일본 기업의 지난해 배당성향(67.4%)의 절반에도 못 미친다.주주환원 확대 분위기 확산과 더불어 최근 배당금 총액은 증가세다. 올해 1분기 유가증권시장과 코스닥시장 상장사의 배당금 총액은 작년 동기 대비 10% 증가한 5조1692억원을 기록했다. 2023년 당시 43조1500여억원에 불과하던 배당금 총액은 지난해 11.6% 급증한 48조1837억원으로 나타났다.◇증시 ‘레벨 업’ 기대도배당소득 분리과세 정책은 ‘코리아 디스카운트’(한국 증시 저평가) 요인 중 하나인 낮은 배당 문제의 해소를 앞당길 수 있다. 정경희 LS증권 연구원은 “배당소득 분리과세는 배당성향 35% 이상의 상장기업과 배당주 투자자에게 유리한 정책”이라며 “장기적으로 증시 활성화에도 도움이 될 것”이라고 말했다.정책 추진을 앞두고 고배당 주식은 증시 평균을 웃도는 상승률을 보이고 있다. 한국거래소에 따르면 국내 고배당 상장지수펀드(ETF) 중 순자산총액이 가장 큰 ‘PLUS 고배당주’는 지난달부터 이날까지 21% 넘게 급등했다. 주로 기업은행, SK텔레콤, KT&G 등 고배당주를 담고 있다. 현대엘리베이터와 코웨이 등으로 구성된 ‘KODEX 고배당주’도 같은 기간 18.2% 상승했다.류은혁 기자 ehryu@hankyung.com",https://www.hankyung.com/article/2025071010741,2025.07.10 17:57
주가 폭등임박! 세계 1위와 독점계약한 이 기업,,"최근 시장이 혼조세를 보이는 상황에서도 급등하는 종목들이 속출하는 가운데, 지금 당장 매수가 시급한 황금종목을 발굴하여 긴급 추천한다.분명히 말하지만! 오늘 종목은 단지 상한가 한두방에 만족하라고 추천하는 종목이 절대 아니며, 소위 말하는 대박 수익을 노려볼 최고의 종목이라 자신한다.이 종목은 시장을 압도할 만한 강력한 재료와 폭발적인 실적 그리고 대대적인 큰손 매집까지 모든 조건이 갖춰진 단돈 3천원대 대바닥 종목이란 점에서 필사적으로 물량부터 확보해두길 바란다.오늘 종목!! 한때 기업 존폐의 기로에 설 정도로 최악의 경영상황을 보냈으나 극적으로 위기를 탈출하며 단기간 경영 정상화에 성공했다.특히 세계 1위 기업과 독점계약을 체결하며 해외 기업들이 독식하던 시장에 국내 최초로 진입하는 쾌거까지 이뤄냈다.이로 인해 매출은 5조원을 돌파했고, 영업이익은 5천억에 육박하는 등 보고도 믿기 힘들 정도의 역대급 실적 폭증이 터져 나오고 있다.그럼에도 불구하고 현재 주가는 대규모 적자시절 주가의 1/10토막에 불과한 단돈 3천원대 대바닥 자리에 머물고 있기 때문에 지금 당장 수백% 급등이 터져도 모자랄 판이다.더 이상 망설일 시간이 없다. 급등 전 최저점에서 잡을 수 있는 기회는 바로 지금 뿐임을 명심해야 한다.날아간 뒤 두고두고 후회하는 말고, 지금 당장 물량 확보에 총력을 기울이길 바란다.1000%↑ 급등 신화! 제 2의 포스코DX 종목을 아래 번호로 확인하실 수 있습니다.☏ 060 – 800 – 2220 → 1 번 선택 후 777번 (30초 당 2000원, 부가세 별도)[추천 핵심포인트]– 기업 존폐 위기에서 극적 탈출! 역대급 실적 폭증!– 세계 1위 독점계약 체결! 해외기업 독식시장 국내최초진입!– 현 주가 3천원 대바닥 자리! 대박 수익 노릴 최고의 매수기회! [관련종목]#제일일렉트릭#제주은행#한화생명#우리기술투자#한화투자증권본 글은 투자 참고용으로 이를 근거로 한 투자 손실에 대해 책임을 지지 않습니다. 해당 홍보용 기사는 (주)한경닷컴과 무관합니다.무료상담",https://www.hankyung.com/article/202507096673a,2025.07.09 13:00
"[단독] ""연봉 4배"" 앞세워 교수 빼가는데…재정 열악한 韓대학은 '속수무책'","지역서 수도권으로, 수도권서 해외로 '도미노 유출'

인구감소보다 더 빠른 '인재감소'
홍콩·싱가포르, 韓 석학 러브콜
국립대 9곳 교수 4년간 323명 떠나
""초임 연봉, 아파트 대출도 못받아""   

대학 등록금 17년째 동결
대학원 공동화에 연구생태계 붕괴
서울대 10개 만들기 성공하려면
스타교수, 지역에 머무르게 해야","서울시 관악구 소재 서울대학교 캠퍼스 정문. 사진=서울대학교

                “연봉 격차가 네 배 가까이 나는 데다 풍족한 연구 환경, 거주비 지원 등 혜택까지 고려할 때 도저히 말릴 수 없었습니다.”6일 서울대 금융경제연구원장 출신 경제학부 교수 A씨는 최근 후배 교수 두 명이 홍콩과기대로 옮기기로 한 데 못내 아쉬워하면서도 이같이 말했다. 각각 미시경제학과 계량경제학 분야에서 두각을 나타내는 이들 교수를 붙잡기엔 국내 연구 환경과 현실적 조건이 해외 유수의 대학보다 너무나 열악하기 때문이다. 경제학 분야에서 국내 최고 수준인 서울대 현직 교수가 미국이 아니라 홍콩을 선택한 것도 이례적이라는 평가다. ◇ 한국 떠나는 교수들주요 대학 핵심 인재들의 탈(脫)한국 현상이 전방위적으로 확산하고 있다. 이공계 인재에 이어 경제·경영 분야 석학도 줄줄이 한국을 떠나고 있어서다. 대학 성과 보상 체계가 뒷받침되지 않아 학계 전반적인 글로벌 역량이 하락하는 악순환이 이어지고 있기 때문이다. 인재 전쟁을 벌이고 있는 글로벌 대학들이 한국인 교수들에게 눈독을 들이는 이유다. 이번 영입전에서는 서울대에서 1억원가량의 연봉을 받던 교수들이 홍콩에서 33만달러 수준의 연봉을 제안받은 것으로 알려졌다. 한화로 약 4억5000만원이다.
                    






이미지 크게보기



                해외 대학과 보상 격차가 이렇게 벌어진 것은 한국 대학 재정 형편이 나빠졌기 때문이다. 정부는 등록금을 인상하는 대학에 국가장학금 일부 유형을 지원하지 않는 방식으로 17년째 등록금 동결을 압박하고 있다. 대학 등록금에 물가상승률도 반영할 수 없게 되면서 대학 재정은 악화일로다. 교육부에 따르면 사립대 교수 평균 급여는 2019년 1억62만원에서 지난해 1억139만원으로 5년 동안 0.8% 올랐다. 정교수를 기준으로 산출한 평균으로, 조교수급으로 내려오면 평균 급여는 크게 줄어든다. 이에 비해 지난해 매출 상위 대기업 10곳의 평균 연봉은 모두 1억원이 넘었다. ◇ 붙잡을 수 없는 대학사립대 교수 연봉이 물가상승률을 따라가지 못하면서 초임 교수 연봉으로는 은행에서 아파트 대출도 받지 못한다는 말이 나온다. 서울의 한 사립대 교수는 “후배 교수가 첫 월급을 받았는데 사학연금 납입금 등을 떼고 나니 앞자리가 ‘3’으로 시작해 충격을 받았다고 한다”며 “박사까지 최소 10년 이상 공부한 교수 초봉이 대기업 대리 수준인 셈”이라고 하소연했다. 외부 심사위원이나 평가위원 등 ‘생계형 가욋일’을 늘리면서 연구 역량이 떨어지고 있다는 한탄도 나온다.주요 석학의 연쇄 이탈에 서울대도 호봉제에서 벗어나 성과연봉제 도입을 추진하는 등 개혁에 나섰다. 조교수와 부교수는 호봉 테이블을 적용받지만, 정년을 보장받는 정교수는 호봉 테이블에서 벗어나 성과에 따라 차등 보상하겠다는 것이다. 일각에서는 우수 교원에게 인센티브를 주려면 다른 분야 교원의 월급을 깎아야 하는 ‘제로섬’ 구조가 되는 것 아니냐는 우려도 나온다. 임정묵 서울대 교수회장(식품·동물생명공학부 교수)은 “전반적인 인건비 증액이 선행돼야 하는 구조로, 정부 동의를 얻는 것이 관건”이라고 했다. ◇ 서울대 10개 만든다는데…지역 대학들의 사정은 더욱 심각하다. 4대 과학기술원만의 얘기는 아니다. 서지영 국민의힘 의원이 교육부에서 제출받은 자료에 따르면 서울대를 제외한 거점 국립대 9곳에서 2021년부터 2025년 5월까지 4년 동안 323명의 교수가 학교를 떠났다.우수한 교수들이 떠나면서 ‘연구 생태계’도 무너지고 있다. 대학원 공동화 현상이 이를 증명한다. 지난해 전국 일반대학원 188곳 중 86%는 정원을 채우지 못했다. 전액장학금을 내걸어도 우수 인재들이 대학 대신 기업행을 택하고 있다. 지방뿐 아니라 서울 주요 대학 인문사회계열에서도 중국인 유학생이 정원을 채우고 있는 실정이다.미국 클리블랜드연방은행에서 이코노미스트로 일하다 2009년 한국으로 돌아온 이윤수 서강대 경제학과 교수는 “어떤 인재가 세상을 바꿀지 모르기 때문에 해외 대학에서는 그만큼 교수를 대우하는 것”이라며 “한국에선 인구 감소 속도보다 인재 감소가 더 빠르게 진행되고 있다”고 우려했다.고재연/강진규 기자 yeon@hankyung.com",https://www.hankyung.com/article/2025070610601,2025.07.06 17:52
"민생회복 소비쿠폰, 21일부터 전 국민 1인당 15만원 지급",,"9월 21일까지 8주간…차상위·한부모 30만원·기초수급자 40만원신용·체크·선불·지역사랑상품권 수령 가능…11월 30일까지 사용·잔액 국고환수
                    



 

                경기 진작을 위한 이재명 정부의 첫 민생회복 소비쿠폰 신청과 지급이 이달 21일부터 9월 12일까지 8주간 이뤄진다.정부는 5일 정부서울청사에서 이같은 내용이 담긴 '민생회복 소비쿠폰 1차 지급계획'을 발표했다.정부 발표안에 따르면 소비쿠폰 1차 지급 대상은 전 국민이다.소비쿠폰 지급계획 발표일 전일인 6월 18일을 기준으로 국내에 거주하는 대한민국 국민에 지급하는 것을 원칙으로 한다.지원 금액은 전 국민 1인당 15만 원을 기본으로 하되, 소득별 맞춤형 지원을 위해 차상위계층과 한부모가족은 1인당 30만 원, 기초생활수급자는 1인당 40만 원이 지급된다.이와 별도로 서울·경기·인천을 제외한 비수도권 지역 주민에게는 3만 원을, 소멸 위기를 겪고 있는 농·어촌 인구감소지역(84개 시·군) 주민에 대해서는 5만 원을 추가로 지급하다.소비쿠폰이 우리 경제의 회복과 함께 지역 균형발전에도 기여할 수 있도록 사업을 설계했다고 정부는 설명했다.소비쿠폰은 기준일 당시 주민등록상 주소지 관할 지자체에서 신청할 수 있다.2006년 12월 31일 이전에 출생한 성인은 개인별로 신청하고 지급받을 수 있다.지급 대상자인 국민은 21일 오전 9시부터 9월 12일 오후 6시까지 온라인 또는 오프라인으로 소비쿠폰을 신청할 수 있다.신용·체크카드, 선불카드, 지역사랑상품권 중 원하는 방식을 선택해 지급받을 수 있다.신청 방법별로보면 신용·체크카드 지급을 원하는 국민은 자신이 이용 중인 카드사의 누리집이나 앱, 콜센터와 ARS 등을 통해 온라인으로 신청하거나, 카드와 연계된 은행영업점을 방문해서 신청하면 된다.신용·체크카드는 신청한 다음 날 소비쿠폰이 지급되며 기존의 카드포인트와 구별된다.사용 가능한 매장에서 해당 신용·체크카드로 결제할 경우 소비쿠폰 사용이 일반 카드 결제에 우선해 사용된다.사용 후에는 문자메시지, 앱 알림서비스 등을 통해 소비쿠폰 잔액이 안내된다.모바일 또는 카드형 지역사랑상품권 지급을 희망하는 국민은 주소지 관할 지자체의 지역사랑상품권 앱 또는 누리집에서 온라인으로 신청할 수 있다.마찬가지로 신청한 다음 날 소비쿠폰이 지급될 예정이다.지류형 지역사랑상품권 또는 선불카드 수령을 원하는 국민은 주소지 관할 읍면동 행정복지센터(또는 주민센터, 읍·면사무소)를 방문하면 소비쿠폰 신청과 수령이 가능하다.온·오프라인 모두 신청 첫 주에는 혼잡 및 시스템 과부하를 막기 위해 출생 연도 끝자리를 기준으로 요일제가 적용된다.월요일은 출생 연도 끝자리 1과 6, 화요일은 2와 7일, 수요일은 3과 8, 목요일 4와 9, 금요일 5와 0, 주말은 모두 신청할 수 있다.민생회복 소비쿠폰 1차 신청은 9월 12일을 끝으로 종료되므로, 소비쿠폰을 지급받고자 하는 국민은 반드시 기간 내에 신청해야 한다고 정부는 강조했다.거동이 불편한 고령자 등 접근성이 낮은 국민의 편의를 위해 해당 지방자치단체에서 직접 방문해 신청을 접수하고 소비쿠폰을 지급하는 '찾아가는 신청'도 운영한다.민생회복 소비쿠폰은 지역 민생경제 회복에 기여하고 지역 내 소상공인에게 힘이 될 수 있도록 사용 지역을 주소지 관할 지방자치단체로 제한한다.지역사랑상품권으로 지급받은 국민은 기존에 구매한 지역사랑상품권과 마찬가지로 주소지 관할 지자체에 소재한 모든 가맹점에서 자유롭게 이용할 수 있다.관내에 마트, 슈퍼, 편의점 등 유사 업종이 없는 면(面) 지역에 한해, 하나로마트(125곳)를 상품권 사용처에 포함했다.신용·체크카드 또는 선불카드로 지급받은 국민은 일부 업종을 제외하고 연 매출액이 30억 이하인 소상공인 사업장에서 민생회복 소비쿠폰을 사용할 수 있다.사용이 제한되는 업종은 대형마트, 기업형 슈퍼마켓, 백화점 및 면세점, 온라인 쇼핑몰·배달앱, 유흥·사행업종, 환금성 업종 등이 해당한다.민생회복 소비쿠폰은 지급받은 뒤로 11월 30일까지 약 4개월 이상 사용할 수 있다.기간 내에 사용하지 않은 잔액은 국가와 지방자치단체로 환수된다.1차 지급과 별도로 2차 지급은 건강보험료를 활용한 소득 선별 과정을 거쳐 국민의 90%를 대상으로 1인당 10만 원을 추가 지급한다.신속한 지급을 목표로 한 1차 지급과 달리, 선별 과정에 일정한 시간이 소요되는 2차 지급은 9월 22일 시작돼 10월 31일 종료된다정부는 2차 지급은 건강보험료를 기준으로 국민의 90%를 대상자로 선정하되, 건강보험 지역가입자와 직장가입자 간의 형평성을 확보하기 위해 건강보험료 외의 고액 자산가를 제외할 수 있는 기준을 추가로 적용한 대상자 선정 기준을 마련해 9월 중 발표할 예정이다.민생회복 소비쿠폰 범정부 TF 단장인 김민재 행정안전부 차관은 ""우리 경제의 회복을 위한 마중물로써 민생회복 소비쿠폰이 전반적인 소비 활성화와 어려운 분들에 대한 소득 지원이라는 두 마리 토끼를 모두 잡을 수 있도록 차질 없는 집행을 철저히 준비하겠다""고 밝혔다./연합뉴스",https://www.hankyung.com/article/202507059810Y,2025.07.05 10:36
"전고점 향해 달리는 코스피…""증시 부양책이 불 붙인다"" [주간전망]","NH證, 이번주 코스피 3000~3250 전망","사진=뉴스1

                코스피지수가 이번주(14~18일)에도 강세를 보일 것이란 전망이 나온다. 미국발(發) 관세 불확실성은 여전하지만, 증시 부양책이 효과를 낼 것이란 분석이다. 다만 지수가 단기 급등한 탓에 차익 실현 매물이 나올 수 있어 유의해야 한다는 시각도 제기된다.13일 금융투자업계에 따르면 NH투자증권은 이번주 코스피가 3000~3250 사이에서 움직일 것으로 예상했다. 자사주 소각 의무화 추진, 상법 개정 등 정책 모멘텀이 주가에 호재로 작용하고 있다는 분석이다. 상법 개정안은 기업 이사의 충실의무 대상을 '회사'에서 '회사 및 주주'로 확대하고, 이사에게 총주주 이익을 보호하고 전체 주주를 공평하게 대우하라는 의무를 부과했다. 또 3%룰도 강화됐다. 사외이사를 독립이사로 바꾸고, 독립이사를 감사위원으로 선출할 때 사내이사와 동일하게 최대주주 및 특수관계인의 의결권을 합산 3%까지만 행사하도록 했다. 나정환 NH투자증권 연구원은 ""정책 모멘텀이 호재로 작용하고 있다. 외국인 투자자의 매수세도 이어지는 가운데 65조원에 달하는 개인 투자자의 예탁금이 대기하고 있다""며 ""국내 주식형 펀드의 원본설정액도 많이 늘어나는 등 증시 대기자금이 풍부하다. 모멘텀이 있는 업종, 종목으로 자금 유입세가 이어질 것으로 예상한다""고 밝혔다.미국 인공지능(AI) 대장주 엔비디아의 질주도 국내 증시에 훈풍을 불어넣을 전망이다. 엔비디아는 최근 전 세계 최초로 시가총액 4조달러를 돌파했다. 여전히 AI 산업에서 독점적인 지위를 차지하고 있기 때문이다. 엔비디아의 상승세에 힘입어 SK하이닉스도 우상향하는 흐름을 보이고 있다. 지난 11일에는 삼성전자도 2.62% 올랐다.황준호 상상인증권 연구원은 ""엔비디아의 시가총액이 4조달러를 돌파한 것에서 알 수 있듯이 AI 관련 테마에 대한 투자심리는 여전히 견조하다""며 ""반도체 업종 비중이 높은 한국 증시에는 호재""라고 설명했다.
                    



사진=게티이미지뱅크 

                관세 문제는 해결되지 않았지만, 증시에 미치는 영향은 크지 않을 것으로 예상된다. 도널드 트럼프 대통령은 지난 7일 세계 각국에 상호관세율을 통보하는 서한을 보내기 시작했다. 한국 관세율은 지난 4월 발표와 마찬가지로 25%로 유지됐다. 상호관세 발효 시점은 8월1일이라 협상 가능성이 열려 있다는 해석이 나온다.황 연구원은 ""미국과의 관세 협상이 불발되면 국내 증시는 조정받을 수 있다""면서도 ""협상 과정에서 해당 이슈가 완화할 가능성이 높은 것을 고려하면 관세는 제한적인 리스크""라고 평가했다.다만 코스피가 단기 급등한 만큼 추격 매수를 지양해야 한다는 의견도 있다. 이에 전고점에는 다다르지 못할 가능성이 높다는 관측에 무게가 실린다. 코스피의 장중 전고점은 2021년 6월25일 기록한 3316.08이다. 이경민 대신증권 연구원은 ""최근 코스피의 12개월 선행 실적 기준 주가수익비율(PER)은 10.65배로 재평가 국면에 진입했다""면서도 ""공포&탐욕 지수가 '극도의 탐욕' 구간에 진입한 만큼 상승 업종 추격 매수보다 리스크 관리·소외된 저평가주 중심의 순환매 대응이 유효하다""고 밝혔다.NH투자증권은 이번주 관심 업종으로 중소형 지주, 증권주를 제시했다. 상법 개정안 수혜주다. 앞서 지난 3일 국회 본회의를 통과한 상법 개정안에는 이사의 충실 의무 대상을 기존 회사에서 '회사 및 주주'로 확대하는 내용이 담겼다. 그 외 AI 관련주인 AI 소프트웨어, 고대역폭메모리(HBM) 관련 장비, 화장품, 제약·바이오, 유통 업종도 관심주로 꼽혔다.오는 15일(현지시간) 미국의 6월 소비자물가지수(CPI)가 발표된다. CPI는 미국 중앙은행(Fed)이 통화정책을 결정할 때 물가 흐름을 가늠하는 핵심 지표다. 관세가 물가에 반영돼 전년 대비 물가 상승률은 5월보다 높아질 것으로 예상된다. 물가 상승률이 꺾이지 않으면 Fed는 금리 인하 시점을 늦출 수 있다.15일에는 중국의 2분기 국내총생산(GDP)도 공개된다. 오는 16일에는 미국 6월 생산자물가지수(PPI)와 Fed의 경기 동향 보고서(베이지북)가 공표된다. 17일에는 미국 6월 소매판매 지표도 발표될 예정이다.실적 시즌도 본격화하고 있다. 15일 JP모간, 씨티그룹, 블랙록, 웰스파고 등 미국 주요 금융주 실적이 공개된다. 16일에는 네덜란드 ASML, 17일에는 대만 TSMC 실적이 공개될 전망이다. 국내 증시에서는 현대건설, 포스코퓨처엠이 오는 18일 2분기 실적을 발표한다.진영기 한경닷컴 기자 young71@hankyung.com",https://www.hankyung.com/article/2025071131086,2025.07.13 08:00
"iM뱅크(아이엠뱅크), ‘집중호우 수해’ 피해기업 및 재해민 긴급 금융지원 프로그램 시행",☞ 피해기업 및 가계 특별대출 … 기업 상환 및 카드대금 청구 유예,"iM뱅크(아이엠뱅크, 은행장 황병우)는 지역 대표 시중은행의 사회적 책임 이행을 위해 집중호우로 인해 피해를 입은 기업 및 개인을 대상으로 3,000억원 규모의 대출 등 긴급 금융지원 프로그램을 실시한다고 밝혔다.금번 프로그램은 특별대출 지원 및 기업대출 상환유예, 카드 고객 카드대금 청구유예 등으로 진행되며 관할 기초지자체로부터 ‘피해사실확인서’를 받은 고객들 대상으로 실시된다.먼저 피해가 확인된 중소기업 및 소상공인에게 2,000억원 규모의 신규대출 지원과 최대 1.50%p의 특별우대 금리를 지원하며, 피해가 확인된 개인을 대상으로 1,000억원 규모의 긴급 생활안정자금 대출 지원 및 금융비용 경감을 위한 신용등급별 우대금리를 지원할 예정이다.또한 수해 피해기업 상환유예를 시행, 기존 여신 만기연장 및 분할상환 원금 유예도 최대 12개월 범위 내로 진행할 방침이다. 자연재해에 따른 피해 금융지원을 받기 위해서는 관할 기초지자체에서 발행하는 ‘피해사실확인서’를 발급받아 가까운 iM뱅크(아이엠뱅크) 영업점 방문 후 상담을 받을 수 있다.집중 호우 피해로 인한 유동성 위기에 직면한 고객을 대상으로 신용카드 이용대금 청구 유예도 23일(수)부터 최대 6개월간 실시한다. 지원대상은 개인 및 개인사업자 카드(법인 제외) 사용 고객으로 2025년 7월 또는 8월 결제(예정) 금액(기간내 1회)에서 국내 사용한 일시불, 할부, 단기카드대출(현금서비스)이 이용대금 청구 유예 대상이 된다.카드대금 청구 유예를 받기 위해서는 2025년 7월23(수)일부터 8월22(금)일까지 지역 행정관청에서 발급받은 ‘피해사실확인서’를 BC카드社로 제출하고, iM뱅크(아이엠뱅크)에서 소정의 심사를 거쳐 최대 5영업일 내 지원대상 여부를 통지 받게 된다.",https://www.hankyung.com/article/202507224214P,2025.07.22 11:57
트럼프 계속된 관세 엄포에 피로감…혼조 [뉴욕증시 브리핑],,"사진=REUTERS

                뉴욕증시의 3대 주가지수가 지루한 흐름을 보인 끝에 보합권에서 혼조세를 보였다.도널드 트럼프 미국 대통령이 관세 부과 시점을 8월 1일 이후로는 연장하지 않겠다고 공언했지만 그가 숱하게 말을 번복해온 만큼 시장은 민감하게 반응하치 않았다.트럼프는 또 구리에 50%의 관세를 부과하겠다고 밝혔지만 이 역시 예상된 재료였던 만큼 투심을 흔들지는 못했다.8일(현지시간) 뉴욕증권거래소(NYSE)에서 다우존스30산업평균지수는 전장보다 165.60포인트(0.37%) 내린 4만4240.76에 거래를 마감했다. 스탠더드앤드푸어스(S&P)500지수는 전장보다 4.46포인트(0.07%) 떨어진 6225.52, 나스닥종합지수는 5.95포인트(0.03%) 오른 2만418.46에 장을 마쳤다.트럼프는 이날도 관세 관련 발언을 쏟아냈다. 하지만 증시도 내성이 생긴 듯 보합권에서 한산한 움직임을 보였다.트럼프는 자신의 소셜미디어 트루스소셜에 게시한 글에서 ""관세는 2025년 8월 1일부터 부과되기 시작할 것""이라며 ""(기한) 연장은 허용되지 않을 것""이라고 말했다. 전날 트럼프가 내놓은 발언과 배치되는 것이다.트럼프는 전날 한국과 일본 등 14개국에 관세 서한을 보내는 한편 관세 부과 시점을 8월 1일로 연기했으나 협상 상대방이 좋은 제안을 가져오면 관세 부과 시점이 더 미뤄질 수 있다고 말한 바 있다.트럼프는 또 이르면 이달 말 반도체와 의약품 등 주요 품목에 대해 관세를 부과할 계획이라는 점을 알렸다.반도체에 대해선 구체적인 관세율과 부과 시점 등이 발표되지 않았으나 의약품은 최대 200%의 관세가 부과될 수 있다고 그는 말했다.트럼프가 50%의 관세를 부과하기로 한 점은 장기적으로 인플레이션을 자극할 수 있다는 관측이 나온다. 구리는 제조업 전반에 소요되는 필수 요소인 만큼 관세발 인플레이션에도 취약할 수밖에 없다.트럼프의 발표 이후 금속선물거래소 코멕스(COMEX)에서 구리선물 가격은 한때 17% 폭등하며 역대 최고치를 경신했다.시가총액 1조달러 이상의 거대 기술기업 중에선 엔비디아와 테슬라가 1% 이상 상승했다.엔비디아는 이날 강세로 시총이 3조9천억달러를 넘어서며 사상 최초 4조달러를 눈앞에 두게 됐다.엔비디아에 대한 기대감이 반도체 업계 전반으로 퍼지면서 필라델피아 반도체지수도 1.80% 뛰었다.트럼프가 친환경 에너지 보조금 축소를 골자로 한 행정명령에 서명했다는 소식에 에너지 관련주도 급등했다. 셰브론은 3.96%, 엑손 모빌은 2.77% 상승했다.은행권의 2분기 실적 시즌을 앞두고 HSBC가 대형 은행에 대한 투자의견을 하향 조정한 여파다. JP모건체이스와 뱅크오브아메리카는 3% 넘게 떨어졌고 모건스탠리와 골드만삭스도 2%가량 하락했다.신민경 한경닷컴 기자 radio@hankyung.com",https://www.hankyung.com/article/2025070961806,2025.07.09 07:28
"iM뱅크(아이엠뱅크) 혁신금융컨설팅센터, 크레텍 중장기 전략 수립 프로젝트 최종 보고",☞ 기업 컨설팅 밀착 진행으로 조직 지속 성장 지원할 것,"iM뱅크(아이엠뱅크, 은행장 황병우) 혁신금융컨설팅센터(이하 ‘iM뱅크 컨설팅센터’)는 변화하는 금융 환경 속에서 조직의 지속 성장을 위한 컨설팅사업을 수행, 크레텍(회장 최영수) 중장기 전략수립 프로젝트 최종 보고회를 진행했다고 밝혔다.금번 프로젝트는 지난 2005년부터 진행된 ‘크레텍 제1차 중장기 전략 수립’을 시작으로 20년째 진행되고 있는 사업이다. iM뱅크(아이엠뱅크)는 매 5년마다 중장기 전략 수립을 위한 프로젝트를 함께 수행하고 있으며 지난 7월10일(목) 제5차 5개년(2026~2030년) 중장기 전략 수립을 위한 프로젝트 최종 보고회로 이어졌다.1971년 설립된 국내 최대 산업공구 유통기업 크레텍(CRETEC)은 ‘공구로 세상을 안전하고 편리하게’를 비전으로, 국내외 제조 브랜드 1천4백여곳의 기계공구 제품 15만여 가지를 1만1천개社에 공급하고 있다. 특히 15만 종의 산업공구를 표준화해 온라인 플랫폼, 빅데이터 경영 시스템을 구축, 디지털 플랫폼 기반의 스마트 물류 및 B2B 전자상거래 역량을 지속 강화하고 있다.디지털 전환·글로벌 확장·PB강화를 핵심 전략으로 삼아 산업공구 유통 시장에서 선도적 입지를 지속적으로 확대해 나가고 있는 크레텍의 중장기 비전을 컨설팅한 iM뱅크(아이엠뱅크)의 금번 ‘제5차 5개년 중장기 전략 수립’ 프로젝트는 크레텍의 영업 및 마케팅 고도화에 초점이 맞춰졌다.iM뱅크 컨설팅센터 관계자는 “공구는 산업현장의 생산성 및 품질 향상과 직결되는 산업성장의 숨은 핵심 동력으로, 산업공구 유통업의 본질로부터 출발해 크레텍의 3대 신성장 동력 전략 방향을 설정하고 11개 전략과제를 도출했다”는 배경을 설명하면서 자체 브랜드 강화, 미래 혁신기술 도입의 전략 중점 포인트를 제시했다고 밝혔다.자체 브랜드 세신버팔로와 PB상품인 ‘스마토(smato)’, ‘블루텍(BLUETEC)’ 등을 전개하고 있는 크레텍의 생존 전략 중 하나로 ‘자체 브랜드 강화’를 제시한 iM뱅크 컨설팅센터는 “과거 유통 중심 전략에서 제조·브랜드 경쟁력 확보로 중심축을 전환하며 유통사의 정체성과 시장 지배력을 확장해야 한다”고 강조했다. 또한 AI 등 미래 혁신기술 도입을 통한 산업 경쟁력 제고 방안을 본격적으로 반영해 변화하는 산업 환경 속에서 지속가능한 경쟁우위 확보에 주력해야 한다고 설명했다.2004년 설립된 iM뱅크 컨설팅센터는 지난 20여년간 1,400건 이상의 기업 컨설팅을 진행해왔다. ESG·인사·조직·재무·마케팅 등 경영 전 분야 컨설팅을 수행해 지역 기업의 동반자로 지역대표기업의 사회적 책임을 수행해왔으며, 최근 자본시장에서 투자자들에 의한 ESG경영 요구가 강화됨에 따라 동원금속㈜의 ESG경영전략 수립 및 지속가능보고서 발간, 대구상공회의소의 대구지역 ESG경영 지원사업 수행 등 전문 분야에 특화된 컨설팅을 수행하고 있다.황병우 은행장은 “대한민국 최고의 글로벌 산업공구기업으로 나아가는 크레텍과 iM뱅크(아이엠뱅크)의 협업이 뜻 깊으며, 최적화된 중장기 전략 수립이 크레텍의 신성장 동력이 되길 바란다”는 뜻을 전하면서 “앞으로도 기업의 성장과 혁신을 위한 동반자로서 실질적인 도움을 줄 수 있는 기업컨설팅과 맞춤형 지원을 계속 확대해 나갈 것”이라는 각오를 전했다.",https://www.hankyung.com/article/202507211972P,2025.07.21 14:50
"골드만 비관론 정면 반박한 SK ""HBM4 설비 투자 늘릴 것""","SK하이닉스 또 최대실적…""하반기 HBM 더 좋다""

2분기 영업익 9.2조…68.5% ↑","SK하이닉스가 고대역폭메모리(HBM) 호황에 힘입어 올해 2분기 사상 최대 실적을 올렸다. SK하이닉스는 “HBM 수요 증가는 의심의 여지가 없다”고 단언했다. SK하이닉스는 2분기 영업이익이 9조2129억원으로 1년 전보다 68.5% 늘었다고 24일 발표했다. 매출은 22조2320억원으로 35.4% 증가했고, 순이익은 6조9962억원으로 69.8% 늘었다. SK하이닉스는 “글로벌 빅테크가 인공지능(AI) 투자를 확대한 덕분”이라며 “D램과 낸드플래시 출하량도 예상을 웃돌았다”고 설명했다.올 하반기에도 AI 기능을 강화하려는 빅테크의 경쟁으로 HBM 같은 고성능·고용량 메모리 수요가 늘어날 것으로 전망된다. SK하이닉스는 “HBM 시장의 급격한 변동 가능성은 낮다”며 “내년 수요에 대응하기 위해 올해 투자를 기존 계획보다 늘릴 것”이라고 했다.
                    






이미지 크게보기



 영업익 50% 이상 HBM서 나와, HBM 성장성 의심할 여지없어 'HBM 가격 하락' 주장도 일축…""1위 사업자로서 협상력 충분""최근 시장에선 내년 고대역폭메모리(HBM) 업황에 대한 긍정론보다 신중론이 우세했다. 세계적 투자은행(IB) 골드만삭스가 지난 17일 분석보고서를 통해 “공급사 경쟁 심화로 내년 HBM 가격이 10% 떨어지고, 가격 결정권이 제조사에서 엔비디아 같은 고객사로 이동할 것”이라고 전망한 영향이 크다. SK하이닉스는 24일 열린 콘퍼런스콜(실적설명회)에 이례적으로 재무·기업설명(IR) 등을 총괄하는 사장급 경영진 송현종 코퍼레이트센터장이 나와 HBM 경쟁력에 대해 상세히 설명했다. 송 사장은 이날 내년 HBM 영업이익률과 고객사 납품 물량 등에 강한 자신감을 나타냈다. ◇ HBM, 범용 제품 동시에 선전SK하이닉스는 24일 “올해 2분기 역대 최대 매출(22조2320억원)과 영업이익(9조2129억원)을 기록했다”고 발표했다. 영업이익률은 41%로 최근 세 분기 연속 40%대를 유지했다.실적 고공 행진의 배경으론 HBM이 꼽힌다. SK하이닉스는 5세대 HBM인 HBM3E 12단 제품을 엔비디아에 가장 먼저 납품하며 ‘넘버 1 공급사’ 위치를 지키고 있다. 2분기 전체 D램 매출에서 HBM이 차지하는 비중은 40% 이상으로 전체 영업이익의 50% 이상이 HBM에서 발생한 것으로 알려졌다. 송 사장은 “HBM3E의 제품 성능과 양산 능력을 바탕으로 올해 HBM 매출을 전년 대비 약 두 배로 늘리겠다”고 말했다.범용 D램과 낸드플래시도 선전했다. SK하이닉스의 올 2분기 출하량(비트 환산 기준)은 전 분기 대비 D램은 20%, 낸드는 70% 이상 급증했다. 미국의 반도체 품목 관세 부과를 앞두고 일부 고객사가 재고 비축에 나섰고, 구형 제품 단종 계획에 따른 더블데이터레이트(DDR)4 주문이 증가한 영향이 크다. ◇ HBM4 시장도 주도 가능SK하이닉스는 올 하반기 D램 업황에 대해서도 긍정론을 이어갔다. AI 기술을 고도화하기 위한 빅테크 간 투자 경쟁으로 HBM 같은 고성능·고용량 메모리 수요가 커질 것으로 전망되기 때문이다.내년 생산이 본격화하는 6세대 HBM(HBM4)과 관련해서도 ‘시장 주도권’에 자신감을 나타냈다. ‘삼성전자가 HBM 최대 큰손인 엔비디아 점유율을 늘리기 위해 ‘매력적인 가격’을 제시할 것이고 SK하이닉스는 점유율을 방어하기 위해 가격을 낮출 수밖에 없을 것’이란 골드만삭스의 관측을 일축한 것이다.김기태 세일즈&마케팅담당(부사장)은 “HBM은 이제 리딩(선도) 사업자가 일정한 협상력을 가질 수 있는 시장으로 변모했다”며 “리딩 사업자가 고객들과 개발 초기 단계부터 밀접하게 협의하는 ‘얼리 인게이지’의 이점 역시 과거에 비해 훨씬 더 커진 상황”이라고 설명했다. 차세대 HBM 개발 경쟁에서 앞서고 있는 장점을 활용해 고성능 제품을 만들면, 50% 넘는 HBM의 높은 영업이익률을 유지할 수 있을 것이란 얘기다. 김 부사장은 “HBM4 원가가 상승할 수 있지만 이를 가격에 반영할 수 있도록 노력할 것”이라며 “고객사와 현재 수익성을 유지하는 수준에서 협상 중”이라고 강조했다.SK하이닉스는 HBM 외 서버용 LPDDR(저전력더블데이터레이트) 기반 모듈(소캠)을 연내 엔비디아에 공급하고, 인공지능(AI)용 그래픽 D램(GDDR7)은 용량을 확대한 24Gb 제품을 준비할 계획이다. 낸드플래시 사업부문에선 2~3년 내 AI 서버의 핵심 반도체로 떠오를 기업용 솔리드스테이트드라이브(eSSD) 경쟁력 강화에 주력하기로 했다. ◇ 시설투자 크게 늘린다SK하이닉스는 HBM 호황과 프리미엄 범용 D램 수요에 대응하기 위해 올해 시설투자 규모를 상향 조정하기로 했다. 회사가 공식적으로 규모를 밝히진 않았지만 반도체업계선 27조원 안팎을 투자할 것이란 분석이 나온다. 지난해 SK하이닉스의 시설 투자 규모인 17조9560억원보다 50.3% 이상 늘어나는 것이다.충북 청주에 짓고 있는 M15X는 원래 계획대로 오는 4분기 준공한다. 내년부터 HBM4를 포함한 최첨단 D램 생산에 활용할 방침이다. SK하이닉스의 올 3분기 실적에 대한 기대도 커지고 있다. 금융투자업계에선 SK하이닉스가 올 3분기에 10조원 넘는 영업이익을 거둘 것이란 전망이 나온다.박의명/황정수/김채연 기자 uimyung@hankyung.com",https://www.hankyung.com/article/2025072404851,2025.07.24 18:22
[한경유레카] 제주은행 강세...유레카 수익률 78.5% 달성,,"한경유레카는 한국경제신문의 디지털 미디어인 한경닷컴에서 개발한 개별 종목에대한인공지능(AI) 알고리즘 업체의 투자 의견을 종합한 'AI 컨센서스'를 제공하는 서비스입니다. '한경유레카' 앱은 구글 플레이 스토어 혹은 앱스토어에서 내려받을 수 있습니다.





10일 제주은행이 강세다. 제주은행은 오후 13시 28분 전일대비 15.18% 오른 18,210원에 거래되고 있다.제주은행은 최근 1주일간 외국인은 21,467주를 순매수했으며, 기관은 108,541주를 순매수 했다.AI 알고리즘들의 투자의견을 종합한 한경유레카는 제주은행에 6월 11일 매수의견을 제시했다. 오늘까지 보유했다면 수익률은 15.6% 이다.한경유레카에서 관심종목을 검색하면 AI 알고리즘들의 종합의견을 무료로 확인할 수있다.한경닷컴은 한경유레카 출시를 기념해 ‘1개월 무료체험 이벤트’ 를 진행하고있다. 원하는 AI 알고리즘업체 한 곳을 1개월 간 무료로 구독할 수 있다. 한경유레카 앱은 구글플레이스토어 혹은 앱스토어에서 내려받으면 된다.





제주은행 JB금융지주 푸른저축은행 기업은행 카카오뱅크본 글은 투자 참고용입니다.",https://www.hankyung.com/article/202507100155a,2025.07.10 13:29
"미래가치까지 진단, 브랜드 자산 측정…더 높은 품질·프리미엄 경험 중요해져","2025 프리미엄브랜드지수(KS-PBI)

한국표준협회·서울대 공동
브랜드 가치 평가모델 개발
183개 부문 616개 대상 조사","한국표준협회(회장 문동민·사진)는 ‘2025 프리미엄브랜드지수(KS-PBI: Korean Standard Premium Brand Index)’ 조사 결과를 11일 발표했다. 올해로 18회를 맞이한 KS-PBI는 한국표준협회와 서울대 경영연구소가 공동으로 개발한 브랜드 가치 평가 모델이다. 브랜드의 강점 및 약점, 경쟁적 위치뿐만 아니라 미래 가치까지 진단해 브랜드의 자산 가치를 측정하는 지수다. ◇ 신한 프리미어 18년간 1위올해 프리미엄브랜드지수는 금융, 생활가전, 교육서비스 등 한국표준산업분류를 기준으로 총 183개 부문의 616개 브랜드를 대상으로 조사했다. 2025년 프리미엄브랜드지수의 평균점수는 61.4점(100점 만점)으로 지난해 64.3점과 비교해 2.9점 하락한 것으로 나타났다.부문별로 보면 프리미엄 브랜드 전략을 추구하는 하이엔드 주거(72.5점), 프리미엄 승용차(70.2점) 부문이 다른 부문보다 상대적으로 높게 나타났다. 최근 물가 상승 및 경기 불황 등에 영향을 받는 치킨전문점(54.9점), 패밀리레스토랑(58.1점), 홈인테리어(60.1점) 부문은 상대적으로 낮게 평가됐다. 소비자들은 단순히 제품을 구매하는 것이 아니라 브랜드가 제공하는 프리미엄 경험을 중요시하고 있다. 브랜드만의 차별화된 가치와 경험을 세밀하게 디자인하고 제공할 필요가 있음을 보여준다.주요 부문별 1위 브랜드를 살펴보면 ‘신한 프리미어’가 프라이빗뱅크 부문에서 18년 연속 최장 기간 1위를 차지했다. 롯데렌터카(렌터카), 엘리트(학생복), 청담어학원(주니어 영어학원)은 17년 연속 1위 브랜드로 선정됐다. 신한카드(신용카드), LG 트롬 세탁기(드럼세탁기)가 16년 연속 1위에, 롯데호텔(호텔)이 14년 연속 1위에 올랐다. LG 코드제로 로보킹 AI 올인원(로봇청소기), 제주삼다수(생수)가 13년 연속, 신한은행(은행)이 12년 연속, 자이(아파트)가 11년 연속 1위를 차지하며 각 부문을 대표하는 브랜드임을 입증했다. 올해 10년 연속 1위 자리를 지킨 브랜드로는 도미노피자(피자전문점), 삼성서울병원(종합병원), 나비엔 숙면매트(온수매트), 시원스쿨(온라인 영어회화 학습) 등이 있다. 예다함(장례서비스), 에몬스가구(가정용 가구), 린나이(전기레인지)가 9년 연속 1위, LG 트롬 건조기(의류건조기)는 8년 연속 1위, 나비엔 콘덴싱보일러(가스보일러)는 7년 연속 1위에 선정돼 고객들의 브랜드 선호가 꾸준히 이어지는 추세임을 보여줬다.LG 스타일러(의류관리기), KB금융그룹(금융지주)이 6년 연속 1위를 차지했고, 신한카드(체크카드), SK 세븐모바일(알뜰폰)이 5년 연속 1위를 기록했다. LG 코드제로 A9 AI(무선청소기), LG 통돌이 세탁기(전자동 세탁기), 힐스테이트(공동주택), my HILLS, my THE H(스마트홈 서비스)가 3년 연속 1위에 올랐다. 현대건설의 디에이치(하이엔드주거)는 2년 연속 1위를 했다. 올해 신규 조사한 부문의 1위 브랜드로는 LG 힐링미 아르테(가구형안마의자), April어학원(초등영어교육), S-OIL 7(엔진오일)이 꼽혔다. ◇ “차별화된 경험 브랜드가 시장 선도”한국표준협회는 콘텐츠 크리에이터의 영향력이 커짐에 따라 2019년부터 KS-PBI 모델을 활용한 콘텐츠 브랜드 조사 결과도 발표해 왔다. 올해는 총 10개 부문에서 1위 브랜드를 선정했다. 조사 결과 자기 계발 부문에서 ‘세상을 바꾸는 시간 15분’ 채널이 1위를 기록했다. 예능 부문에서 ‘CuRe 구래’, 요리 부문에서 ‘하루한끼’ 등이 1위를 차지했다.KS-PBI는 기업의 브랜드 프리미엄 전략을 제시하고 브랜드 관리 능력 향상에 기여하고자 개발된 평가 모형으로 6개 차원(브랜드 인지, 브랜드 이미지, 브랜드 편익, 마켓 리더십, 브랜드 애호도, 브랜드 사회적 책임)으로 구성된다. 소비자들은 더 높은 품질과 특별한 가치를 경험할 수 있는 프리미엄 제품을 찾고 있다.한국표준협회는 올해 프리미엄브랜드 1위를 지켜온 브랜드의 공통점에 대해 “차별화된 사용자 경험을 제공해 지속적인 프리미엄 경쟁 우위를 확보한 브랜드”라고 평가했다.김동현 기자",https://www.hankyung.com/article/2025071092851,2025.07.11 10:00
금융·내수주 쓸어담는 중학개미,"中 정부 내수부양책 기대
라오푸골드 올 300% 급등","국내 투자자들이 중국 증시에서 내수주와 금융주를 사들이고 있다.





                10일 한국예탁결제원에 따르면 국내 투자자는 전날까지 최근 한 달간 중국 증시에서 라오푸골드를 2237만달러(약 307억원)어치 사들였다. 이 기간 샤오미(2500만달러)에 이어 순매수 2위를 차지했다. 라오푸골드는 중국의 신(新)소비주로 꼽히는 회사다. 용과 봉황 등 전통 문양을 새긴 금(金) 액세서리를 주로 판매한다. 중국 내에서 수요가 가파르게 늘면서 올해 들어 주가가 300% 넘게 급등했다.중국 최대 은행인 중국공상은행은 ‘중학개미’(중국 주식 투자자) 순매수 3위(2196만달러)에 이름을 올렸다. 중국 여행기업인 트립닷컴은 중국인의 여행 수요 증가 기대로 순매수 5위(267만달러)를 기록했다. 중국 정부의 강력한 내수 부양책이 국내 투자자들의 내수주 관심을 키웠다. 중국 정부는 도널드 트럼프 미국 대통령의 관세 정책 등으로 수출 불확실성이 커지자 내수 활성화에 힘을 쏟고 있다. 올 들어 기준금리를 인하하고 소비 진작 지원자금을 마련하기 위해 국채 발행을 이어가고 있다.가전 등 낡은 제품을 교체할 때 비용을 지원해주는 ‘이구환신’ 프로그램도 지속하고 있다. 최근 한 달간 중학개미 순매수 1위에 오른 샤오미는 이구환신의 대표 수혜주로 꼽힌다. 김경환 하나증권 연구원은 “미국과의 경쟁 구도를 감안할 때 하반기에도 중국 소비 부양은 반드시 이어질 것”이라고 말했다.나수지 기자 suji@hankyung.com",https://www.hankyung.com/article/2025071010461,2025.07.10 17:59
"""10년 기다려야할 판""…AI산업 폭발에 글로벌 '전력망 비상' [글로벌 머니 X파일]","한국, ‘에너지고속도로’로 대응","chatgpt image






요약·글로벌 전력망 접속 지연 확산·데이터센터·AI 수요 급증 영향·산업 전반에 비용 부담 증가최근 세계적으로 전력망 접속 지연 문제가 심각해지고 있다. 세계 곳곳에서 데이터센터 급증과 전기차·인공지능(AI) 수요 등으로 전력 수요가 폭발하면서다. 신규 발전소나 대규모 전기 사용 설비를 전력망에 연결하려면 수년씩 기다려야 하는 사례가 속출하고 있다. 아일랜드는 데이터센터 신축 거부24일 국제에너지기구(IEA)가 최근 내놓은 보고서 ‘에너지와 AI' 보고서에 따르면 현재 세계 곳곳에서 건립이 확정된 데이터센터의 약 20%가 심각한 가동 지연 위험에 처해 있다. 해당 지역에서 전력 개발업체들이 최대 10년에 달하는 전력 연결 대기 시간을 겪고 있기 때문이다.세계 최대 데이터센터 밀집 지역 중 하나인 미국 버지니아주 북부에는 평균 7년, 독일도 비슷한 대기 기간이 필요한 것으로 알려졌다. 네덜란드는 평균 10년까지 걸린다. 아일랜드 더블린에서도 전력망이 포화해 2028년까지 데이터센터 접속 신청을 받지 않을 정도다.영국 정부는 지난 4월 “현재 기업들이 최대 15년씩이나 전력망 연결을 기다려야 하는 ‘그리드록’ 상황'""이라며 ""지난 5년간 전력 접속 대기 신청이 10배 급증했다""고 밝혔다.
                    




                영국에서는 2035년까지 730GW 이상의 발전 프로젝트가 대기 중이다. 일부는 최대 15년 후인 2030년대 중반에야 전력 연결 가능하다는 분석이 나온다.에드 밀리밴드 에너지안보부 장관은 “너무 많은 기업이 필요한 청정에너지를 공급받지 못해 성장과 일자리 창출이 가로막히는 전력망 정체 상황""이라고 말했다.미국에서는 2023년 말 기준 약 2600GW에 달하는 발전·저장 용량이 계통 연결을 기다리고 있다. 95%는 태양광·풍력·배터리 등 청정에너지다.유럽 도시권 역시 전력망 용량 부족으로 산업 투자에 차질이 빚어지고 있다. 글로벌 상업용 부동산 서비스 및 투자 회사 CBRE에 따르면 런던, 프랑크푸르트, 파리, 암스테르담 등 유럽 4대 데이터센터 시장은 전력 확보의 어려움으로 신규 데이터 센터가 증가율이 감소했다. 2023년 1분기 20%에서 지난해 1분기 7.2%로 감소했다. 암스테르담의 경우에는 최근 신규 공급이 없었다.아시아 지역에서도 싱가포르는 전력·탄소 제한으로 한때 데이터센터 신규 인가를 중단했다. 일본 등도 도심 인근 전력망 용량이 한계가 임박했다. 한국 역시 예외가 아니다. 수도권에서는 반도체 클러스터 등 첨단 산업단지 계획이 전력 공급 용량 문제에 부딪혀 논란이 되고 있다. 에너지 비용 급등발전 용량 예비율 부족과 전력 용량 요금의 급등 현상도 나타나고 있다. 전력망 인프라 투자가 수요 증가 속도를 따라가지 못하면서다. 용량 요금은 전력 수요 피크 시 안정적 전력 공급을 보장하기 위해 발전기 등에 지급하는 비용이다. 전력 시장에서 공급 부족 시 급등하는 경향이 있다.북미 최대 미국 전력망 운영업체인 PJM의 경우에는 최근 데이터센터 수요 폭증과 10년 이상의 인프라 공급 축소가 겹치며 용량 시장에서 공급 부족이 나타났다고 밝혔다. 이런 이유로 2025~2026년 전력 용량 경매 가격이 전년 대비 800% 이상 증가했다. 구체적으로 PJM의 용량 요금(MW 기준)은 1년 새 28.92달러에서 269.92달러로 뛰었다.최근 2026~2027년 경매에서는 사상 최고치인 329.17달러를 기록했다. 이전보다 22% 정도 상승했다. 글로벌 독립 투자은행 에버코어(Evercore)의 니콜라스 아미쿠치 애널리스트는 “전력수요 증가가 신규 발전 투입 속도를 계속 앞지르고 있다”며 ""향후 몇 년간 공급난에 따른 높은 용량 비용이 지속될 수 있다""고 우려했다.이번 PJM 경매 결과로 발전기업 주가가 5~9% 급등하는 등 발전 용량 부족이 전력 시장에 미치는 파장이 크다는 분석이다. 환경단체 시에라클럽의 제시 에이드보 고문은 “PJM이 최저 비용으로 신뢰 있는 에너지를 제공해야 한다는 사명에서 어긋났고 개혁 없이 우리 지역사회에 실패를 안겼다”고 비판했다.재생에너지 인프라 연계 지연이 용량 요금을 밀어 올렸다는 분석이 나온다. PJM은 “이미 46GW 규모의 발전소(대부분 태양광) 연결을 승인했지만 이는 지역망 용량 부족 등으로 건설이 지연되고 있다”고 밝혔다.
                    




                유럽도 상황이 비슷하다. 영국의 전력 용량 시장에서 2027~2028년도 공급분 입찰가는 역대 최고치인 65파운드/kW에 형성됐다. 직전 기록을 또다시 경신한 수치다.해당 경매에서 목표 용량(44GW)보다 2000MW가량 부족한 공급만 확보되자 가격이 치솟은 것이다. 오는 2028년에 전력 수요 피크 시 7.5GW의 공급 부족 ‘에너지 크런치’가 현실화할 수 있다는 경고도 나왔다.전력망 증설 지연과 노후화도 심각하다. IEA는 “현재 전 세계 그리드 투자(연간 약 4000억달러)는 발전·전기화 투자에 비해 현저히 적고 이는 전력 안보의 위험 요소”라고 지적했다. IEA는 2030년대 초까지 송배전 투자를 발전 설비 투자와 비슷한 수준으로 두 배 늘려야 한다고 강조했다.그러나 송전선로 건설에는 8년 이상 걸리고, 변압기·케이블 등 핵심 장비의 공급망 병목에 따른 지연이 겹쳐 투자가 따라가지 못하는 상황이다. 투자 지연과 설비 확충 한계가 용량 요금 상승을 부추기는 악순환이 벌어지고 있다. 전방위로 산업 직격탄대규모 전력이 필요한 데이터센터·반도체·AI·전기차 산업에 적신호가 켜지고 있다. 전력망 제약과 용량 비용 상승으로 전기요금 인상 압박이 커지면서다. 이들 산업은 전력 비용이 기업 경쟁력과 직결된다.미국에선 AI 데이터센터 수요가 급증하면서 전력난이 부각되자, 일부 데이터센터 기업은 필요 전력을 자체 조달(온사이트 발전 등)하는 방법을 찾고 있다.영국에서는 데이터센터를 비롯한 첨단 산업의 전력 수급 애로가 심각해 정부가 전력망 연결 우선순위를 조정하고 있다. 에너지 비용이 급등하면 데이터센터 운영비용 상승은 물론 클라우드 서비스 가격 인상으로 이어질 수도 있다.
                    




                2022년 유럽 에너지 위기 당시 일부 데이터센터 운영업체들은 고객 요금을 올리거나 고정 가격 계약을 포기하고 실시간 전력비 연동제로 전환하기도 했다.반도체 제조업 역시 고품질 전력을 대량 소비하는 산업이다. 전기 요금 상승에 민감하다. 미국 내 신규 반도체 공장이 들어서는 애리조나주 등지에서는 전력 부족으로 지역 사회와 전력 쟁탈전이 벌어지기도 했다.전기차 산업도 전력망 이슈에 민감하다. 전기차 보급이 확대할수록 충전 인프라에 막대한 전력이 필요하다. 하지만 지역 배전망 용량 부족으로 고속충전기 설치가 지연되는 곳이 늘고 있다. 전기료 인상은 전기차 운전자의 충전 비용 부담을 키워 전기차의 경제성을 떨어뜨릴 수 있다.2022년 유럽에서 에너지 가격이 급등했을 때 가정용 전기차 충전 비용이 크게 오른 적이 있다. 다만 여전히 대부분 전기차 운행 비용이 내연 자동차보다 저렴하지만 해당 격차 축소는 소비자 구입 심리에 영향을 미칠 수 있다.대규모 AI 모델 훈련 등이 필요한 AI 산업은 전력 집약적으로 에너지 비용 상승의 영향을 크게 받을 전망이다. 최근 MIT 분석에 따르면 AI 서비스까지 포함하면 데이터센터가 2030년 세계 전력수요의 20% 이상 차지할 수도 있다.만약 전력망 제약으로 전기 요금이 지속 상승하면 AI 연구개발 비용과 빅테크 기업의 운영비도 증가해 비용 부담으로 작용할 수 있다.글로벌 금융 시장과 투자 흐름에도 변화도 나타나고 있다. 관련 인프라 자산에 대한 투자 매력이 커졌다. 전력망 부족으로 용량 요금이 급등하면서 발전소나 송전망 등에 투자하면 높은 수익을 기대할 수 있다는 인식이 퍼지고 있다. PJM 용량 경매 이후 미국 증시에선 발전기업 주가가 일제히 상승했다.
                    




                노후 가스발전소나 디젤 발전기 같은 전력 피크 대응 자산의 가치도 재평가되고 있다. 그동안 재생에너지 발전 설비에 쏠렸던 관심이 송배전망, 에너지 저장 등 계통 인프라로 확대되고 있다. 노르웨이 스토어브랜드 자산운용은 “저탄소 경제 전환으로 혜택 볼 기업에 투자한다”며 전력망 업그레이드 기업을 기후 솔루션 포트폴리오에 편입했다.전력망 문제가 부동산·산업 입지 시장에도 영향을 주고 있다. 전력 여건이 양호한 지역의 데이터센터 부지는 품귀 현상으로 임대료가 뛰었다. 반대로 전력 인프라가 빈약한 지역은 투자 유치에서 밀리는 양극화가 나타났다. 세계 데이터센터 임대료는 올 1분기 기준 전년 대비 3.3% 올랐다. 북버지니아(+17.6%)·시카고(+17.2%)·암스테르담(+18%) 등 전력 수요가 높은 지역에서 크게 상승했다. 인플레이션 자극거시 경제에도 파급효과가 나타났다. 에너지 가격 상승은 인플레이션을 자극하고 중앙은행들의 통화정책에 영향을 미친다. 2022년 러시아-우크라이나 전쟁으로 유럽의 전력 요금과 가스 가격 급등했다. 유럽연합(EU) 소비자물가 상승의 40% 이상을 에너지 품목이 주도했다.IEA는 “높은 에너지 가격이 고통스러운 인플레이션을 초래하고 가계를 빈곤으로 내몰았으며, 일부 공장은 가동을 줄이거나 멈추게 했고, 경제성장도 둔화시켜 여러 나라가 침체 위험에 직면했다”고 분석했다. 2022년 유럽 화학·비료 등 에너지 다소비 제조업체들이 채산성 악화로 생산을 크게 감축했다.중국에서는 전력난으로 공장 가동이 중단되며 글로벌 공급망 차질이 발생하기도 했다. 당시 중국 쓰촨성은 기록적 가뭄과 폭염으로 수력발전 생산이 급감해 테슬라·폭스콘 등 수백 개 공장이 1주일 이상 전격 중단되는 사태가 벌어졌다.전력망 투자 부진은 글로벌 경제의 성장잠재력을 끌어내릴 수도 있다. 전력 인프라가 확충되지 못하면 제조업과 서비스업의 신규 투자가 지체된다. 이는 곧 GDP 감소로 이어진다. 남아공, 인도, 파키스탄 등 만성적 전력난을 겪는 국가들은 잦은 정전으로 연간 GDP의 수%대 손실을 보고 있다.국가 기준 금리에서도 영향을 준다. 에너지발 인플레이션으로 각국 중앙은행가 금리를 인상하면 기업 투자 비용이 상한다. 전력망 같은 대규모 인프라 사업 조달 비용도 커진다. 반대로 전력망 투자를 늘리기 위해 정부가 금융지원·보조금 정책을 펴면 재정 지출 증가로 국가채무나 국채금리에 영향이 있을 수 있다.
                    




                현재 미국·EU는 전력 인프라 예산을 증액하며 적자재정을 허용하고 있다. 이는 글로벌 채권 시장에도 파급된다. 미국의 누적된 인프라 투자 재정지출 등으로 미국 국채 발행이 늘어나자 올 미국 30년물 국채 금리가 한때 5%를 넘어서기도 했다.미국 국채 금리 상승은 전 세계 금리 상승 압력으로 이어져 기업들의 설비투자와 가계의 부채 금융 비용을 늘리는 연쇄효과로 나타나기 쉽다.글로벌 공급망 측면에서는 전력망 제약이 특정 지역의 생산 차질로 이어져 다른 나라들의 부품 수급이나 물류에 영향 주는 사례가 늘고 있다. 실제 중국 쓰촨성의 정전 사태는 반도체 웨이퍼, 자동차 부품 등 다방면으로 파급됐다.유럽의 에너지 위기로 비료 생산이 줄자 이와 연관된 식량 가격 변동까지 나타났다. 국제통화기금(IMF)은 2022년 보고서에서 “에너지 가격 상승은 전 세계 인플레이션 변동에 영향을 줬고 이는 공급망을 통해 국가 간 전염효과를 갖는다”고 분석했다. 한 지역의 전력난은 에너지 가격 급등과 상품 생산 차질로 다른 지역 물가와 성장에 영향을 줄 수 있다는 것이다. 한국은 대응 방향은이재명 대통령의 경제 분야 핵심 공약인 '에너지 전환을 기반으로 한 산업 업그레이드' 실현을 위해 정부가 2030년까지 '제2의 경부고속도로'에 비유되는 '에너지고속도로' 개통에 속도를 낼 계획이다.이 대통령은 대선 후보 시절 기후변화 대응과 산업 업그레이드 차원에서 '재생에너지 대전환'을 핵심 공약으로 내걸었다. 산업통상자원부는 재생에너지 발전 확대를 위한 핵심 인프라가 될 '서해안 에너지고속도로'를 2030년에 첫 개통을 목표로 삼았다,'서해안 에너지 고속도로'는 우리나라의 재생에너지 핵심 클러스터인 호남권 생산 전기를 핵심 수요지인 수도권으로 나르는 초고압직류송전(HVDC)망을 말한다. 현재 국내도 송전망을 비롯한 전력계통 부족이 재생에너지 발전 시설 확충에 핵심 장애 요인이 되고 있다.이 대통령은 공약으로 2030년 서해안에 우선 에너지 고속도로를 건설하고, 이를 남해안, 동해안으로까지 넓혀 2040년에는 전 국토에 U자형 에너지 고속도로가 놓이게 하겠다는 방향을 제시했다.한국전력이 건설할 서해안 HVDC는 신해남∼태안∼서인천을 거치는 구간이 430㎞, 새만금∼태안∼영흥 구간이 190㎞에 이른다. 총비용은 7조9000억원, 수송 능력은 8GW에 이른다. [글로벌 머니 X파일은 중요하지만 잘 알려지지 않은 세계 돈의 흐름을 짚어드립니다. 필요한 글로벌 경제 뉴스를 편하게 보시려면 기자 페이지를 구독해 주세요]김주완 기자 kjwan@hankyung.com",https://www.hankyung.com/article/202507237265i,2025.07.24 06:53
"""한국-우즈벡, '에너지 자원 개발 협력 기반 구축'",,"울산시·한국동서발전 타슈켄트 ‘경제협력 포럼’ 개최'K-에너지 진출 협력 양해각서 체결'




한국-우즈베키스탄 경제협력 포럼이 5일 오전 우즈베키스탄 힐튼 호텔 타슈켄트에서 열렸다. 앞줄 왼쪽부터 원도연 주 우즈벡 한국대사관 대사, 권명호 한국동서발전 사장, 김두겸 울산시장, 호자예프 잠시드 압두하키 모비치 우즈벡 경제부총리, 마마다미노프 우미드 마흐무도비치 에너지부 차관, 무토 우마로프 경제회의 의장. 울산시 제공 

울산시는 한국동서발전, 코트라(KOTRA), 우즈베키스탄 에너지부와 공동으로 5일 오전 9시 30분(한국시간 오후 1시 30분)우즈베키스탄 타슈켄트 힐튼호텔에서 ‘한국-우즈벡 경제협력 포럼’을 개최했다.이날 포럼은 지난해 6월 양국 정상간 ‘특별 전략적 동반자 관계’ 심화 합의에 이어 올해 4월 우즈벡 공항 개발 운영 사업에 한국기업이 우선협상대상자로 선정되는 등 한국기업에 대한 우호적 분위기가 형성되는 것을 기반으로 에너지 분야 협력을 강화하기위해 마련됐다.포럼에는 호자예프 잠시드 압두하키 모비치 경제부총리를 비롯한 우즈베키스탄 정부 고위 관료, 현지 기업인, 고려인 비즈니스클럽 등 현지 주요 인사들을 포함해 100여명이 참석해 성황을 이뤘다.




김두겸 울산시장이 인사말을 하고 있다. 울산시 제공

한국측 인사로는 김두겸 울산시장과 이윤철 울산상공회의소 회장, 이순걸 울주군수를 비롯한 울산시 경제문화사절단, 권명호 한국동서발전 사장, 원도연 주 우즈베키스탄 한국대사, 두산에너빌리티, LG에너지솔루션, LS일렉트릭, 삼성물산, 현대엔지니어링 등 전력분야 5개 한국 대기업, 울산지역 유망중소기업인 대표 등이 참여했다.호자예프 우즈베키스탄 경제부총리는 환영 인사말을 통해 “우즈베키스탄 정부는 새로운 혁신 과 개발 프로젝트를 통해 지난해 GDP 6.50% 성장, 외자유치 1.5배 확대 등의 큰 성과를 이뤘다”면서 “우즈베키스탄 에너지 자원개발에 한국기업들의 적극적인 투자와 협력을 당부한다”고 말했다.김두겸 울산시장은 “이번에 우즈벡 방문이 7번째인데 지난번 대기업과 공기업, 지역기업들과 함께 방문하겠다는 약속을 지켰다”면서 “우즈베키스탄과 인적 교류를 넘어 자원, 에너지 교류로 비약적 발전을 여는 초석을 마련했다”고 말했다.김 시장은 “우즈벡에 외국기업이 많은 투자를 할수 있도록 하려면 무엇보다 우즈베키스탄 정부가 앞장서 외국기업들이 마음편히 투자하고 일할수 있도록 여건을 조성해야 한다”고 강조했다.




김두겸 울산시장이 투자협약을 체결한 뒤 호자예프 우즈베키스탄 경제부총리와 양국간 투자 및 교류 활성화 방안에 대해 이야기하고 있다.  울산시 제공

김 시장은 호자예프 경제부총리가 요청한 우즈벡 구리광물 자원 개발에 대한 협조 요청과 관련해 “울산지역 비철금속 관련 대기업들과 협의해 적극적인 투자와 협력이 이뤄지도록 노력하겠다”고 약속했다권명호 동서발전 사장은 “우즈베키스탄 정부의 경제개발 노력이 마치 한강의 기적을 낳은 한국의 경제발전과정과 매우 흡사하다는 느낌을 받았다”면서 “양국간 에너지 개발과 협력으로 두나라 모두 새로운 번영을 이룰수 있도록 노력하겠다”고 말했다.권 사장은 이어 “이번 한국-우즈벡 경제협력 포럼행사가 ‘K-에너지기업’의 성공적인 우즈베키스탄 진출을 위한 중요한 출발점이 될것”이라며 “앞으로 공기업으로서 민간기업과 긴밀히 협력해 우 즈베키스탄에서 실질적인 성과를 거둘 수 있도록 하겠다”고 덧붙였다.




권명호 동서발전 사장이 기업인들과 우즈베키스탄 에너지 사업 추진방안에 대해 이야기하고 있다. 울산시 제공

울산시와 우즈베키스탄 에너지부, 한국동서발전, 두산에너빌리티, 현대엔지니어링, LG에너지솔루션, LS일렉트릭, 삼성물산 등은 이날 지속가능한 청정에너지 프로젝트 공동 추진을 위한 ‘K-에너지 진출 협력 양해각서(MOU)’를 체결했다.우즈베키스탄 정부는 이날 ‘K 에너지’에 대한 강한 기대감을 나타냈다. 수출입은행 타슈켄트 사무소에서는 한국 참여기업들을 대상으로 대외경제협력기금(EDCF)의 정책방향에 대해 소개하는 등 정부 간 재정 협력 논의도 급물살을 타는 분위기였다.




지난4일 롯데시티호텔 타슈켄트에서 열린 '울산-우즈베키스탄 투자전략 간담회'에 참석한 울산시 경제사절단과 현지 기업인들이 화이팅을 외치고 있다. 앞줄 왼쪽부터 정용환 럭스코 대표, 이순걸 울주군수, 이윤철 울산상의회장, 김두겸 울산시장, 권명호 동서발전사장, 이봉상 한국조폐공사 법인장, 구소영 태웅트래블 대표, 뒷줄 왼쪽부터 전경술 울산시 문화관광체육국장, 김동일 HD현대중공업 전무, 김노경 울산시 기획조정실장, 고일주 한국몰드 회장, 배경철 한일전력 대표, 홍성우 울산시의원, 임현철 울산시 홍보실장, 이영구 삼성물산 사무소장, 이종호 삼종산업 대표, 이정일 국제관계대사, 우상민 코트라 타슈겐트 무역관장, 안광민 한국가스공사 부소장, 유덕형 BNK케피탈 법인장. 울산시 제공

우즈베키스탄은 연 6% 이상의 경제성장과 2%대 인구증가율로 전력 수요의 급속한 증가가 예상되고 있어, 우리나라는 물론 프랑스 , 중동 등 세계 각국 에너지기업들의 진출이 본격화하고 있는 것으로 알려졌다.우즈베키스탄=하인식 기자 hais@hankyung.com",https://www.hankyung.com/article/202507050043h,2025.07.05 18:25
"리튬 관련주, 공급 불안·정책·수요 회복 기대 속 주가 상승",,"최근 리튬 관련 테마주들이 글로벌 공급 불안과 정책 모멘텀을 배경으로 주가 회복세를 보이고 있다. 특히 중국 주요 생산업체들이 공급 축소 움직임을 보이면서 시장에서 리스크가 부각됐다. 리튬 가격은 지난해 급락세를 보였으나, 중국 기업들이 경쟁적 가격 공세를 조정하며 물량을 일부 줄이자 유가 하락에 대한 부담이 완화되고 있다.한편 주요 국가는 리튬을 전략광물로 지정하고 국내 생산 확대에 나서면서 업종에 긍정적 영향을 주고 있다. 미국은 아칸소 주의 DLE(직접 리튬 추출) 플랜트 건설을 추진 중이며, 이를 통해 중국 의존도를 낮추는 정책 기조를 명확히 하고 있다. 유럽 역시 공급망 다변화 전략에 나서며 관련 기업들의 수요 전망이 중장기적으로 밝아지고 있다.이러한 정책 변화와 맞물려, 글로벌 EV 시장의 회복 조짐이 리튬 수요 전망을 강화하고 있다. 국제에너지기구(IEA)에 따르면 2025년 전기차 판매 예상치가 약 1,700만 대로 증가하며, 리튬 수요는 향후 3~5배 확대될 것으로 전망된다. 특히 ESS와 재생에너지 병행 확대는 리튬 시장의 구조적 수요를 뒷받침하고 있다.




 

실제로 해외 리튬 화학주와 국내 관련주들은 공급 축소 기대와 수요 회복 기대가 동시에 작용하며 하락 후 반등 흐름을 보이고 있다. 로이터는 중국 업체의 생산 축소가 이번 테마주 상승 배경 중 하나라고 지적했다.결과적으로, 중국 공급 불안 → 미국·유럽의 정책적 지원 → EV·ESS 수요 회복이라는 삼박자가 리튬 테마주의 최근 흐름을 주도하고 있다. 향후 주가 방향성은 공급 과잉 해소 여부, DLE 등 생산 정책의 실물화, EV 시장 회복 가시성, 리튬 가격 안정성 유지 여부에 달려 있다.톱텍, HK이노엔, 기업은행, 삼성증권, 씨티케이무료상담",https://www.hankyung.com/article/202507186626a,2025.07.18 14:13
"하나금융그룹, 집중호우 피해 지역 복구 및 수재민을 위한 성금 20억원 기부","■ 그룹 전 관계사가 힘을 모아 피해 지역과 수재민을 위한 성금 기부 및 종합금융지원 실시

■ 수재민들을 위한 생필품과 의약품이 담긴 행복상자 1,111세트 전달 및 이동식 밥차와 세탁차 지원

■ 함영주 회장“손님과 지역사회가 안정적인 일상생활로 돌아갈 수 있도록 그룹의 모든 역량을 집중 할 것”","하나금융그룹(회장 함영주)은 충청, 전라, 영남 등 전국적 집중호우로 인한 피해 지역의 신속한 복구와 수재민 지원을 위해 총 20억원의 성금을 기부하고, 수해로 피해를 입은 개인 및 기업을 위한 그룹 차원의 금융지원을 적극 실시한다고 밝혔다.먼저, 하나금융그룹은 그룹의 15개 관계사들이 자발적으로 동참해 마련한 총 20억원의 성금을 피해 지역 복구사업과 수재민 긴급 구호사업 등 도움이 필요한 곳에 전달키로 했다.또한, 집중호우로 피해를 입은 수재민들을 위한 생필품과 의약품이 담긴 행복상자 1,111세트도 전달할 예정이다. 이외에도 수재민들과 수해현장에서 구슬땀을 흘리는 수해복구 인력들을 위해 이동식 밥차와 세탁차 등을 지원키로 했다.함영주 하나금융그룹 회장은 “전례 없는 집중호우로 어려움을 겪고 있는 지역사회와 손님들이 하루 빨리 일상생활로 복귀할 수 있도록 그룹 차원의 모든 역량을 집중하겠다”며, “하나금융그룹 전 임직원은 수재민 여러분과 함께하고 있다는 마음으로 피해지역 복구 및 수재민 지원에 적극 동참하겠다”고 밝혔다.주요 관계사인 하나은행은 집중호우로 피해를 입은 ▲개인에게 5천만원 이내의 긴급생활안정자금대출 ▲중소기업에게 기업 당 5억원 이내의 긴급경영안정자금대출 등 신규 자금을 지원키로 했다.기존 여신 만기도래 시 원금상환 없이 최장 1년 이내의 만기 연장을 지원하고 분할상환금에 대해서는 최장 6개월 이내에 상환을 유예하며, 최대 1.3%p 범위 내에서 대출금리 감면도 진행한다.이외에도 하나카드는 ▲신용카드 결제자금의 최대 6개월 청구 유예 ▲최대 6개월 분할상환 등의 금융지원 ▲집중호우 피해일 이후 6개월까지 사용한 장·단기 카드대출 수수료를 30% 할인하기로 했다.하나생명은 ▲보험료와 보험계약대출 이자 납입을 위한 최대 12개월 유예하고 ▲집중호우 피해 관련 사고보험금 신청 건에 대해서는 최대한 신속하게 보험금을 지급한다.하나손보는 집중호우 피해 관련 보험금 청구시 ▲사고 조사 완료 전이라도 추정보험금의 최대 50%까지 우선 지급하고 ▲집중호우 피해를 입은 장기보험 가입자에게는 최대 6개월까지 보험료 납입유예 하는 등의 금융지원을 제공한다.한편, 하나금융그룹은 지난 3월 23일 산불 피해 지역의 신속한 복구와 이재민 지원을 위해 총 10억원의 성금을 기부하고, 그룹 차원의 금융지원을 적극 실시한 바 있다. 또한, 의약품, 위생용품 등 구호물품과 간편식을 포함한 생필품이 담긴 행복상자 1,111개를 산불 피해 지역에 전달했다.",https://www.hankyung.com/article/202507186388P,2025.07.18 09:38
"""1억이 벌써 1억3000만원 됐다""…사두면 돈 되는 투자 뭐길래",자산운용사 대표 10인이 뽑은 하반기 추천 펀드,"사진=게티이미지뱅크 

                하반기에는 어떤 펀드가 유망할까. 한국경제신문이 국내 주요 자산운용사 대표 10명에게 물었더니 ‘국내 주식과 국내 고배당주, 미국 기술주’라는 답이 돌아왔다. 정부의 강력한 자본시장 선진화 정책으로 상장사의 주주환원이 늘어나면 국내주식, 그 중에서도 배당주가 더욱 주목받을 것이라는 전망이다. 글로벌 인공지능(AI) 시장을 이끌어가는 미국 기술주 성장세가 이어질 것이라는 분석도 많았다. 고배당주 정책수혜 기대자산운용사 대표들은 하반기 국내 고배당주 성과가 돋보일 것으로 내다봤다. ‘신영 고배당’은 타사 추천 펀드 목록에 유일하게 두 번 이름을 올렸다. 2007년 운용을 시작한 국내 대표 배당주 펀드다. 최근 배당주가 주목받으면서 올들어 32.2% 수익을 냈다. 김우석 삼성자산운용 대표는 “배당소득 분리과세 개정안이 통과되면 고배당주로 수급이 유입될 것”이라고 전망했다.자사 펀드 가운데 고배당 상장지수펀드(ETF)를 꼽은 곳도 세 곳이나 됐다. KB자산운용은 ‘RISE 코리아금융고배당’, 한화자산운용은 ‘PLUS 고배당주’, 키움자산운용은 ‘KIWOOM 고배당’을 추천했다. 김영성 KB자산운용 사장은 “은행을 비롯한 금융주는 효율적인 자본 재배치를 통해 기업가치 개선도 기대된다”며 “꾸준히 배당을 이어갈 수 있는 체력을 갖췄다는 점에서 안정적인 성과를 기대한다”고 설명했다. “국내증시 상승세 이어질 것”국내증시 상승을 염두에 둔 펀드 추천도 눈에 띄었다. 코스피 200 지수에 투자하는 ETF인 ‘KODEX 200’은 자사와 타사 추천에 한 번 씩 이름을 올렸다. 김종호 한화자산운용 사장은 “국내 주식시장이 가파르게 상승하면서 고수익 테마형 상품의 변동성이 커질 수 있다”며 “시장 전체를 매수하면 업종별 편중 없이 안정적인 수익을 기대할 수 있다”고 분석했다.‘VIP 한국형가치투자’도 자사와 타사 추천펀드에 모두 이름을 올렸다. 이 펀드를 운용하는 VIP자산운용의 김민국 대표는 “국내증시가 상승세를 이어가는 가운데 저평가된 종목에 집중투자하는 가치투자 펀드”라며 “오랜기간 국내주식에만 투자하면서 쌓인 노하우를 유튜브와 운용보고서 등을 통해 투명하게 공개하고 있다”고 설명했다.시장 상승세를 이끈 주도업종의 강세가 이어질 것이라는 전망도 있었다. ‘SOL KEDI메가테크액티브’는 시장 상황에 맞춰 미래 산업을 이끌 테마에 투자하는 ETF다. 조재민 신한자산운용 사장은 “최근 1년동안 코스피 200지수보다 4배 높은 성과를 낸 ETF”라며 “국내 증권사 설문조사 데이터를 기반으로 테마와 종목을 선정하는만큼 빠르게 변하는 투자 환경에 능동적으로 대응할 수 있는 상품”이라고 추천이유를 밝혔다. 국내 방산주에 투자하는 ‘PLUS K방산’, 국내 수출주도 기업에 투자하는 펀드인 ‘하나 K-ing’ 펀드도 추천 목록에 이름을 올렸다. AI 산업의 중심, 美 기술주자산운용사 대표들은 미국 기술주의 장기 성장성은 앞으로도 이어질 것이라고 입을 모았다. AI는 단기 테마가 아니라 산업의 구조적 변화를 이끌 기술이라는 논리다. 미국 기술주 펀드 가운데선 AI 주도주 10개에 투자하는 ‘KODEX 미국AI테크TOP10’, 펀드매니저가 종목을 발굴하는 ‘TIMEFOLIO 글로벌AI인공지능액티브’와 ‘TIMEFOLIO 미국나스닥100액티브’가 추천받았다. 김기현 키움투자자산운용 사장은 액티브 ETF를 추천한 이유로 “나스닥 지수를 기반으로 주요 AI 기업을 시의적절하게 편입하는 상품”이라며 “시장 상황에 맞춰 빠르게 대응하면서 초과수익을 내고 있다”고 했다.AI 산업 성장에 필수적인 반도체와 전력 인프라에 주목해야한다는 조언도 나왔다. ‘ACE 글로벌반도체Top4 Plus SOLACTIVE’를 추천한 배재규 한국투자신탁운용 사장은 “반도체 산업을 파운드리, 장비 등 4개 업종으로 분류해 고루 투자하는 ETF”라며 “AI와 반도체 업종 성장은 함께 이어질 수 밖에 없는 환경”이라고 진단했다. ‘KODEX 미국AI전력핵심인프라’를 추천한 김태우 하나자산운용 사장은 “미국 정부기 ‘스타게이트 프로젝트’ 등 AI 인프라 확충을 강조하고 있는만큼 전력 관련 기업 수혜가 이어질 것”이라고 내다봤다.반면 AI 산업에서 중국 기업이 부상할 것이라는 전망도 있었다. 황성환 타임폴리오자산운용 사장은 ‘TIGER 차이나항셍테크’를 추천하면서 “딥시크 등장을 기점으로 중국 기술주에 유리한 환경이 조성되고 있다”며 “미국과의 관세협상이 원만하게 해결되면 중국 증시가 활력을 얻을 것”이라고 강조했다. 긴 호흡에서 꾸준히 성과를 낼 수 있는 펀드들도 추천 대상이었다. ‘TIGER 토탈월드스탁액티브’를 추천한 이준용 미래에셋자산운용 부회장은 “단일 국가가 아닌 세계 경제의 구조적 성장에 투자할 수 있는 상품”이라며 “장기 성과가 중요한 연금 투자에서 핵심 상품으로 활용할 수 있는 ETF”라고 설명했다. 타임폴리오운용의 대표 펀드인 ‘타임폴리오 위드타임’은 2019년 출시 이후 연간 기준 한번도 손실 없이 연평균 13.3% 수익을 내 추천 펀드 목록에 이름을 올렸다.나수지/맹진규 기자",https://www.hankyung.com/article/2025071133877,2025.07.12 13:22
"현대차증권, 상반기 순이익 400억 원으로 반년 만에 작년 연간 실적 뛰어넘어!",IB·S&T·리테일 ‘삼각편대’ 축으로 ‘실적 턴어라운드’ 본격화,"현대차증권(사장 배형근)이 반년 만에 작년 전체 당기순이익을 뛰어넘는 실적을 달성했다. 지난 1분기 ‘어닝 서프라이즈’를 기록했던 현대차증권이 올해 2분기에도 실적 성장세를 이어가면서 본격적인 ‘실적 턴어라운드’를 예고했다.현대차증권이 24일 공시한 영업(잠정)실적 공시(공정공시)에 따르면, 2025년 상반기 연결기준 당기순이익은 400억 원으로 전년 동기(252억 원) 대비 59.1% 증가했다. 지난해 전체 당기순이익(362억 원)을 뛰어넘는 수치다. 영업이익은 전년 동기(326억 원) 대비 66.1% 증가한 541억 원으로 집계됐다. 분기 기준으로도 2분기 당기순이익은 전년 동기 대비 38.5% 증가한 207억 원, 영업이익은 39% 증가한 270억 원을 기록했다.지난 1월 발표한 밸류업 공시 핵심지표인 ROE(자기자본이익률)도 작년 말 2.8%에서 올해 6월 말 기준 5.9%(연 환산 추정치)로 눈에 띄게 개선됐다. 밸류업 공시에서 제시한 올해 ROE 목표치 4%를 훌쩍 뛰어넘는 수준이다. 이와 함께 밸류업 중장기 사업계획에서 언급한 핵심 부문인 IB, S&T(세일즈앤트레이딩), 리테일 ‘삼각편대’가 순항하면서 현대차증권의 밸류업 계획 달성에도 청신호가 켜진 상황이다.부문별로 살펴보면, S&T(세일즈앤트레이딩) 부문은 작년 상반기(881억 원) 대비 30.8% 증가한 1,152억 원의 순영업수익을 기록했다. 자기자본투자(PI), 파생상품, 채권 중개 / 인수 등 전 영역에서 양호한 성적을 거뒀다. 특히 채권 중개 / 인수 부문에서 상반기 누적 6조 740억 원 규모의 은행채(은행채 리그테이블 순위 1위)를 인수하는 등 두각을 나타냈으며, PI 부문에서는 국내·외 투자자산 운용수익, 배당 수익 등 기 투자한 우량 자산으로부터 안정적인 수익을 거뒀다.리테일 부문 또한 거래대금 증가 및 VIP 고객 자산관리 강화 등으로 양호한 성적을 거뒀다. 연내에는 HNWI(초고액자산가) 고객 대상 서비스를 런칭해 WM 수익을 확대한다는 계획이다. 이를 위해 올해 미국 부동산플랫폼 코리니 및 법무법인 태평양 가업승계센터와 MOU를 체결했으며, 상속, 증여 분야에서 최고로 손꼽히는 다솔 세무법인과 MOU를 체결하기도 했다.특히 주목할 만한 부분은 IB 부문의 실적 반등이다. IB 부문의 상반기 순영업수익은 전년 동기 대비 48% 증가했다. 비부동산 영역 확대 등을 통해 IB 포트폴리오를 다변화한 전략이 주효했다. 실제로 2분기에 기업 일반 신용대출 금융주선, 모듈러스쿨 담보대출 금융주선 등 비부동산 영역에서 안정적인 수익을 거둘 수 있었다. 또 올해 KDB 모빌리티 이차전지 오픈이노베이션 조합 등 3건의 신기술투자조합을 결성해 수익을 창출하기도 했다.현대차증권 관계자는 “S&T(세일 즈앤트레이딩), 리테일, IB ‘삼각편대’의 고른 수익성 확보가 상반기 호실적의 비결”이라며, “하반기에도 선제적 리스크 관리와 함께 게임체인저 역량 확보, 비즈니스 체질 개선 지속 등을 통해 성장세를 이어 가겠다”고 밝혔다.",https://www.hankyung.com/article/202507249153P,2025.07.24 11:05
"'복지 천국' 유럽이 어쩌다…""그 돈으로 K-9 한 대라도 더 사자"" [글로벌 머니 X파일]","복지 대신 국방 택한 유럽
韓 방위산업에는 '황금알 시장'?","ChatGPT Image 






                유럽 지역 국가들이 국방 예산을 앞다퉈 늘리기로 했다. 러시아의 위협 등으로 안보를 강화하기 위해서다. 대신 다른 분야의 재정 지출을 줄이거나 늘리지 않을 계획이다. 최근 급증한 국가 부채 때문에 빚을 더 내기 어려워 허리띠를 졸라맬 수밖에 없기 때문이다. 이런 유럽 국가의 움직임으로 글로벌 경제가 다양한 경로로 영향을 받을 전망이다. 국방비 2배 늘리겠다는 프랑스17일 로이터통신 등에 따르면 에마뉘엘 마크롱 프랑스 대통령은 지난 13일(현지시간) 국방예산 2027년까지 국방 예산을 640억유로(약 103조원)로 확대하겠다고 밝혔다. 2017년의 두 배 수준이다. 마크롱 대통령은 “안보를 지키는 건 국가 책임이기 때문에 국가가 더 강해져야 한다”며 “프랑스 국민과 시민 사회의 모든 주체가 우리를 둘러싼 복잡한 위협에 대한 인식을 높여야 한다”고 주장했다.러시아의 군사 위협과 미국 역할 감소 우려, 도널드 트럼프 미국 대통령 압박 등이 프랑스의 국방비 증액 배경이다. 최근 북대서양조약기구(NATO·나토) 정상회의에서 방위비 목표 규모를 국내총생산(GDP) 대비 기존 2%에서 오는 2035년 5%로 확대하기로 합의한 것도 요인이다.마크롱 대통령은 국방비 증액을 위해 국가 부채는 늘리지 않겠다고 밝혔다. 재정 건전성 악화 우려 때문이다. 프랑스는 유럽에서도 부채 규모가 큰 국가다. 국제통화기금(IMF)에 따르면 프랑스의 GDP 대비 부채 비율이 2014년 95.4%에서 113.1% 급증했다. 프랑스 중앙은행은 올해 프랑스 경제성장률 전망치를 0.6%로 예상했다. 정부 재정 여력이 그만큼 제한적인 상황이다.
                    




                프랑스 정부가 택한 건 다른 분야의 예산 동결이다. 물가 상승을 감안하면 사실상 국방 예산 외에는 축소인 셈이다. 프랑수아 바이루 총리는 15일 내년 예산 방향을 설명하면서 “현 국제 정세에 맞춰 국방 역량을 키우기 위해선 총 438억 유로(약 70조원)의 예산을 절감해야 한다”고 강조했다. 바이루 총리는 “내년에는 (국방을 제외하고) 올해보다 1유로도 더 지출하지 않는 게 첫 번째 원칙”이라며 “어떤 부처도 예외 없이 적용된다”고 말했다. 복지·교육 예산 줄여핀란드도 2024년 출범한 중도우파 연정이 집권한 이후 국방 및 안보 예산을 늘리고 복지 지출을 줄이는 정책으로 선회했다. 핀란드는 국방 예산을 올해 65억유로(약 10조 4692억원)에서 내년 67억유로(10조 7933억원)로 늘릴 계획이다.핀란드는 지난해 국방비 재원 마련하기 위해 복지 예산을 삭감하고 노동시장 개혁에 나섰다. 올해부터 주거·실업·의료 지원 등 관련 예산을 단계적으로 축소하고 있다. 올해 직업교육 예산도 작년보다 12억유로(약 1조 9327억원) 줄였다.네덜란드도 국방비 증액하면서 다른 분야 예산을 줄이고 있다. 네덜란드는 국방 예산을 올해 220억유로(약 35조 4312억원)에서 240억유로(약 38조 6522억원)로 늘릴 계획이다. 대신 고등교육·장학금 예산을 삭감하고 글로벌 교육 관련 예산은 단계적으로 감축하기로 했다.
                    




                네덜란드는 비교적 건전한 재정을 유지해왔다. 지난해 GDP 대비 부채 비율이 43.2%로 추정된다. 하지만 최근 네덜란드 재정자문기구는 인구 고령화, 국방비 증가 등에 따른 지출 압박을 지적하면서 오는 2030년까지 70억유로(약 11조 2761억원) 규모의 지출 삭감을 권고했다. 국방비 증액을 위해 헌법 개정한 독일영국은 국가 재정 상태가 좋지 않다. 코로나19가 확산한 2020년에 재정 지출을 확대하면서 국채를 대규모로 발행했고, GDP 대비 부채 비율이 처음으로 100%를 넘겼다. 작년 추정치는 101.2%다. 하지만 국방비는 늘렸다. 올해 598억파운드(약 111조 1054억원)에서 내년 620억파운드(약 115조 1929억원)로 확대할 계획이다.대신 영국 정부는 공적개발원조(ODA) 예산을 2027년까지 국민총소득(GNI) 대비 0.3%로 축소하겠다고 밝혔다. 복지 지출 개혁에도 착수했다. 지난 3월 영국 재무부는 장애인 및 장기 질병 수당 등의 수급 요건을 강화해 2030년까지 50억파운드(약 9조 2897억원) 이상 관련 예산을 삭감하겠다고 밝혔다.독일은 국방비 증액을 위해 특별기금을 조성하고 헌법상 재정 규칙까지 바꿨다. 2022년 우크라이나 전쟁 발발 직후 독일연방군 현대화를 위해 100억 유로(161조 880억원) 규모의 특별 국방기금을 만들었다. 이를 통해 2025~2027년 770억 유로(약 124조 377억원)를 국방 예산에 추가 투입할 계획이다.독일 의회는 올 3월 재정 준칙 완화와 국방비 예외 적용 등을 담은 헌법 개정안도 통과시켰다. 헌법상 신규 국채 발행 한도는 GDP의 0.35%다. 관련 조항에 국방비 제외 등 예외를 추가했다.유럽 일부 국가의 국방비 증액은 다른 국가에도 영향을 미칠 전망이다. 최근 유럽연합(EU)은 회원국이 국방비를 늘릴 수 있도록 재정규율을 한시적으로 완화해 ‘국가 재정 적자 규모 GDP 3% 이하만 허용’ 규정 적용을 유예하기로 했다. 1500억 유로(약 241조 7115억원) 규모의 EU 공동 차입 국방기금도 마련했다. 회원국에 국방 투자용 대출을 지원할 계획이다.
                    




 유렵 경제 영향은?유럽 국가의 국방비 증액은 해당 지역 경제에 큰 영향을 줄 전망이다. 복지 지출 삭감은 저소득층 가처분소득 감소로 이어져 민간 소비를 위축시킬 수 있다. 예를 들어 영국에서 장애인 수당 삭감 등으로 수백만 가구의 연간 소득이 평균 1700파운드 이상 줄어들 것으로 파이내설타임즈(FT)는 추산했다. 핀란드의 주택·실업급여 축소도 취약계층 소비 여력 약화로 연결될 수 있다. 이는 유럽 내수경기 둔화 요인으로 작용한다.다만 국방산업 투자 확대가 방위산업 일자리와 생산을 촉진해 일부 경기부양 효과를 낼 수도 있다. 최근 마크롱 프랑스 대통령은 ""국방 투자가 국내 제조업 활성화와 일자리 창출로 이어질 것""이라 강조했다. 총수요 구성의 변화에 따른 복지·소비 부문의 위축이 방위산업·제조 부문의 투자·생산 증가로 일부 상쇄될 수 있다는 전망이다.국방 분야로 정부 자원이 쏠리면서 다른 산업에 대한 공공지출은 줄어들 수 있다. 교육, 복지 인프라 등 인적자본 투자 위축으로 이어져 장기 성장잠재력을 낮출 우려도 나온다. 반면 방위산업 및 관련 기술 분야는 호황을 맞아 민간 투자가 활발해지고 이 분야에 자본이 유입될 전망이다.최근 유럽 방산 대기업들은 수주가 증가하면서 생산능력 확충을 위해 설비투자와 인력 채용을 크게 늘리고 있다. 독일의 라인메탈 등은 정부 주문 증가로 주가와 기업가치가 상승해 자본시장에서 자금조달 여건이 개선됐다. 국방 R&D 투자 확대는 첨단기술 개발을 촉진해 민수 부문의 기술파급효과를 가져올 가능성도 있다.국가 재정 긴축으로 민간 주도의 투자 환경이 조성될 것이라는 분석도 있다. 이는 법인세 인하 등 세제 개편과 규제 완화 정책이 병행되면 기업활동 촉진 요인이 될 수 있다.복지지출 축소와 긴축은 단기적으로 수요를 억제해 인플레이션 압력 완화 요인이 될 수 있다. 반면 국방비 지출 증대는 정부 수요를 늘리고 특정 원자재(에너지, 금속 등 군수 자재) 수요를 자극해 국지적 물가상승으로 이어진다는 의견도 나온다. 유럽 중앙은행(ECB)의 긴축 통화정책과 맞물려 재정 긴축이 물가안정에 기여할 것이라는 분석이다.
                    




                다만 만약 안보 상황 악화로 국방 긴급 지출이 늘어나면 예산 균형이 나빠지고 통화정책과 충돌할 우려도 있다. 각국의 긴축 노력으로 유럽 국채에 대한 신뢰를 유지한다면 금리 상승 폭은 제한될 수 있다. 하지만 일부 국가의 부채 증가 속도에 따라 국채 스프레드가 벌어지는 현상도 배제할 수 없다. 글로벌 국채 시장도 영향글로벌 자본 흐름에도 영향을 준다. 유럽 주요국들이 국방비 재원을 조달하기 위해 국채 발행을 늘리면 전 세계 채권시장의 공급이 늘어 금리상승 압력으로 작용할 수 있다. 독일의 경우 2025~2029년 추가 국방채 발행 규모가 3781억유로에 달한다. 상당한 장기 자금 수요를 만들어낼 전망이다.미국도 같은 시기 재정적자가 큰 상황에서 유럽까지 채권 발행을 늘리면 안전 자산인 미국 국채 금리가 상승하고 연쇄적으로 글로벌 금리 수준이 올라갈 가능성이 있다. 세계 투자자금은 금리 매력도가 높아진 미국·유럽으로 몰리고 상대적으로 신흥국에서 자본유출 압력이 커질 수 있다.이는 신흥시장 통화가치 하락과 채권금리 상승을 유발해 글로벌 금융 여건을 긴축시키는 효과로 이어진다. 이런 흐름은 이미 2024~2025년 나타나기 시작했다. 올해 트럼프 행정부의 관세 조치와 재정 확대 발표 후 미국 국채금리가 급등하며 글로벌 포트폴리오 재조정이 진행됐다. 신흥경제의 수출주도 성장국들은 선진국 금리 상승에 특히 취약하다.글로벌 원자재 시장의 변동성도 커질 전망이다. 군비경쟁으로 철강, 반도체, 화약류 등 전략 원자재에 대한 정부 수요가 늘어나면 해당 품목의 글로벌 가격이나 무역 흐름이 바뀔 수 있다. 반도체의 군사용 수요 증가는 민간 공급을 제한해 첨단제품의 글로벌 공급망을 압박할 수 있다.반대로 국방 기술 협력을 위한 블록화 현상이 심화해 미국-유럽-동맹국 vs. 러시아-중국 등의 기술 및 무역 블록 대립이 구조화될 가능성도 있다. 이 경우 세계 무역구조는 군사 안보 동맹을 중심으로 재편돼 교역의 비경제적 요인 영향이 커질 것이라는 분석이다.유럽 정부들이 재정 긴축에 나서면서 수입 수요 전반이 위축될 수 있다. 유럽 시민들이 복지축소로 실질소득이 줄면 수입 소비재 수요가 감소하고, 정부도 예산 압박으로 인프라 투자나 수입 사업을 줄인다는 것이다. 이는 중국, 신흥 아시아 등 대유럽 수출국들의 수요 감소로 이어져 글로벌 무역 성장세 둔화 요인이 될 수 있다.
                    




 한국에는 기회?유럽 경제의 성장 둔화 가능성과 재정 긴축은 한국의 대유럽 수출에 부정적 영향을 줄 수 있다. 유럽이나 중국 등의 성장 둔화는 한국 수출 감소로 이어져 왔다. 복지 축소로 소비 여력이 줄어 유럽의 자동차, 전자제품 등 내구재 수입 수요가 감소할 수 있다. 재정 긴축으로 인프라 투자가 위축되면 건설장비, 소재 등 중간재 수출도 줄어든다.다만 유럽이 에너지 안보, 친환경 전환 투자를 병행하는 경우 해당 분야 한국 기업에 새로운 기회가 생길 가능성도 있다. 예컨대 유럽의 에너지 안보 강화로 원전 협력, LNG 인프라 등에 투자가 늘면 관련 한국 기업 참여 가능성이 커진다.물론 유럽의 군비증강은 한국 방위 산업에 큰 기회다. 이미 폴란드가 2022년부터 한국산 K2 전차, K9 자주포, FA-50 경공격기 등을 대거 도입하면서 200억 달러가 넘는 계약을 체결했다. 노르웨이, 에스토니아, 핀란드, 루마니아 등이 한국산 무기를 구매하거나 협상을 진행 중이다.한국 방산기업은 가격 경쟁력과 신속한 공급을 강점으로 내세워 미국·독일산 무기보다 효율적 대안을 찾는 유럽 국가들을 공략하고 있다. 향후 몇 년간 한국의 대유럽 방산 수출은 지속 증가해 수출 포트폴리오 다변화와 무역수지 개선에 기여할 것으로 기대된다. [글로벌 머니 X파일은 중요하지만 잘 알려지지 않은 세계 돈의 흐름을 짚어드립니다. 필요한 글로벌 경제 뉴스를 편하게 보시려면 기자 페이지를 구독해 주세요]김주완 기자 kjwan@hankyung.com",https://www.hankyung.com/article/202507163050i,2025.07.17 07:00
작년 韓 수출입서 원화 결제 80조 육박,"EU서 수입 결제비중 원화 2위
""달러 스테이블코인 본격화되면
유지되던 원화 결제 수요 잠식""","/사진=게티이미지뱅크

                지난해 한국의 무역 거래에서 원화 결제 규모가 80조원에 달한 것으로 나타났다. 달러 스테이블코인 활용이 본격화하면 그나마 무역 거래에서 유지되던 원화 결제마저 잠식될 것이란 우려가 나온다.





                14일 한국은행에 따르면 지난해 수출입(통관 기준) 거래에서 원화 결제 규모는 583억2000만달러로 집계됐다. 원화로 환산하면 80조원에 육박한다. 이 가운데 수출의 원화 결제 규모는 182억4000만달러로 전체의 2.7%를 차지했다. 수출 거래에서는 달러화(84.5%)와 유로화(6%) 결제 비중이 90%를 넘었다. 원화 결제 비중은 엔화(2%)와 위안화(1.5%)보다는 컸다.원화 결제는 수입에서 더 활발하게 이뤄졌다. 수입의 원화 결제 규모는 400억8000만달러로, 전체에서 차지하는 비중은 6.3%였다. 이는 달러화(80.3%)에 이어 두 번째로 큰 비중이다. 유럽연합(EU)에서 수입하는 경우 원화 결제 비중은 27.3%로 달러화(25.1%)를 제쳤다. 유로화(45.8%)에 이어 두 번째로 비중이 컸다. 국내 수입차 딜러의 원화 결제 수요가 높다는 전언이다.달러 기반 스테이블코인이 미국에서 법적 지위를 확보한 상황에서 디지털 결제 시장을 선점하면 무역 거래 내 원화 결제 수요를 잠식할 것이라는 우려가 나온다. 기업들이 수출입 거래에서 원화를 사용하는 건 원화를 선호해서가 아니라 환전 비용과 환율 리스크를 줄이기 위한 현실적 선택이기 때문이다. 윤민섭 디지털소비자연구원 이사는 “교역 상대가 스테이블코인 거래를 원하면 국내 기업으로서는 그렇게 할 수밖에 없을 것”이라고 말했다.달러 스테이블코인이 무역 거래에 본격적으로 쓰이면 정부가 파악하지 못하는 외환 거래가 점점 늘어날 가능성이 있다. 지금은 대부분 외환 거래가 은행 등을 통해 이뤄지기 때문에 통계로 확인할 수 있다. 스테이블코인처럼 탈중앙화한 방식으로 돈이 오가면 정부 통계에 포착되지 않는 ‘그림자 거래’ 규모가 확대될 것이라는 우려가 크다. 이렇게 되면 한국은행과 정부가 환율 안정, 외화보유액 관리, 자본 유출입 대응 등 거시경제 정책을 운용하는 데 어려움을 겪을 수 있다.조미현 기자 mwise@hankyung.com",https://www.hankyung.com/article/2025071476111,2025.07.14 17:39
日 국채금리 1.595%…17년 만에 최고치,"참의원 선거에서 야당 승리시 재정지출 증가 예상
정부 지출 증가 예상으로 장기국채 수요 줄어","사진=REUTERS

                일본 참의원 선거를 앞두고 일본의 10년 만기 국채 금리가 2008년 이후 최고 수준으로 올라섰다. 장기 국채 금리가 26년만에 최고 수준으로 올랐다. 이번 주말 치뤄지는 참의원 선거에서 집권 여당이 패배하고 다음 정부가 지출을 늘릴 것이라는 예상에 따른 것이다. 이에 앞서 미국 30년물 국채 수익률도 전 날 늦게 3일 연속 오른 4.97%에 도달해 미국 인플레이션 보고서를 앞두고 한달만에 최고 수준을 기록했다. 미국채 수익률 상승은 트럼프 정부의 세금지출법안(OBBB) 등 예산 적자 통제가 불가능할 것이라는 우려에 더해 이 날 발표되는 6월 소비자물가지수(CPI)에 관세 영향이 나타날 것이라는 우려가 반영된 것으로 풀이된다. 15일(현지시간) 블룸버그에 따르면, 이 날 일본의 10년만기 국채 수익률은 2.5베이시스포인트(1bp=0.01%) 오른 1.595%에 달했다. 20년물 국채와 30년물 초장기 국채 역시 장중 한 때 1999년 이후 최고치로 상승했으나 오후 들어 소폭 하락했다.  10년 국채 수익률은 주택담보대출 금리와 기타 차입 비용을 통해 가계와 기업 지출에 직접적인 영향을 미쳐 특히 파급효과가 크다. 오는 20일에 실시되는 일본의 참의원 선거에서 집권 여당의 패배가 예상되면서 정부 지출 급증으로 채권 수익률에 추가 압박이 있을 것으로 예상되고 있다. 경쟁 정당들은 현금 지급을 포함한 포퓰리즘 공약을 앞세우고 선거 운동을 벌이고 있다. 여론 조사에 따르면 자민당이 이끄는 여당은 과반 의석 확보에 실패할 것으로 예상된다. 어시메트릭 어드바이저스의 일본 주식 전략가 아미르 안바르자데는 “채권 자경단이 일본에 주목하고 있다”고 언급했다. 그는 “일본은 국내총생산(GDP) 대비 부채 비율이 약 250%이고, 연간 예산의 4분의 1이 저금리로 발행된 부채를 재조정하는 데 배정되어 있는 상황에서 정치인들이 감세를 거론하고 있다”고 지적했다. 채권 자경단은 정부가 과도한 재정 지출 등으로 재정 건전성 훼손이 우려될 때 채권 투자자들이 대규모 국채 매도로 급리를 급등시키며 시장에서 정부에 경고하는 것을 일컫는다. 1경원을 넘는 규모의 일본 국채 시장에서 발생한 이 같은 대규모 국채 매도세는 무리한 감세나 무리한 지출을 하는 여러 국가의 국채 시장에서 발생했다. 미국도 트럼프 정부가 세금 및 지출 법안(OBBB)을 통과시키는 과정에서 수차례 발생했다. 아카자와 료세이 경제재생담당상은 정부가 일본 국채 시장 움직임을 예의주시하고 있다고 밝혔다. 그는 재정 문제가 정부가 경제 목표 달성을 위해 필요한 예산 배분에 걸림돌이 되지는 않을 것이라고 덧붙였다. 미쓰비시 UFJ 모건 스탠리 증권의 선임 채권 전략가인 타카히로 오츠카는 “10년물 수익률이 1.6%를 안 넘을 것으로 확신할 수 없다”고 말했다. 일본 재무부가 초장기 채권 발행을 축소하기로 했음에도 일본 국채 금리가 오르는 것은 수요 부진에 따른 것으로 보인다. 일본 중앙은행이 채권 매입 규모를 점진적으로 축소하고 있으나 채권 시장의 큰 손인 주요 생명보험사들 역시 초장기 채권 인수를 기피하고 있어 수요 공백이 발생하고 있다. 파인브릿지 인베스트먼트 재팬의 채권 투자 부문 책임자 인 마츠카와 타다시는 ""채권 매도 환경은 지속될 것""으로 예상했다. 김정아 객원기자 kja@hankyung.com",https://www.hankyung.com/article/202507150352i,2025.07.15 19:29
