header,summary,content,url,datetime
"코스피, 개인 매수세 상승출발…SK하이닉스 3%대 강세",,"사진=뉴스1

                코스피가 개인 매수에 힘입어 상승출발했다. 미·중 무역 협상에 대한 기대감으로 반도체주와 자동차주가 강세를 보이는 중이다.11일 오전 9시5분 현재 코스피는 전일 대비 13.25포인트(0.46%) 오른 2885.10에 거래되고 있다.개인이 유가증권시장에서 618억원어치 주식을 순매수하며 지수 상승을 이끌고 있다. 외국인의 현물주식 매수 규모는 15억원에 불과하지만, 코스피200선물은 819억원어치를 쓸어 담고 있다. 반면 기관은 현물주식을 586억우너어치 순매도 중이다.시가총액 상위 종목들은 혼조세다.삼성전자와 SK하이닉스는 각각 1.18%와 3.15% 상승 중이다. 간밤 뉴욕증시에서 필라델피아반도체지수가 2% 넘게 오른 영향이다. 반도체 섹터는 미·중 무역협상에서 미국이 중국에 대한 판매 제한 제재를 완화할 가능성이 점쳐지면서 투자심리가 개선됐다.LG에너지솔루션은 2.08% 오르고 있다.현대차와 기아도 각각 1.78%와 1.8% 상승 중이다. 자동차주는 대표적인 미국의 관세 정책 피해주였다.한화에어로스페이스는 2.35% 하락하고 있다. HD현대중공업도 1.52% 내리는 중이다.KB금융도 1.98% 빠지고 있다.삼성바이오로직스는 약보합세이지만, 셀트리온은 0.92% 하락하고 있다.코스닥은 전일 대비 4.98포인트(0.65%) 오른 776.18에거래되고 있다. 이 시장에서는 개인이 476억원어치 주식을 사는 반면, 외국인과 기관은 각각 187억원어치와 276억원어치를 팔고 있다.코스닥 시가총액 상위 종목들은 대체로 상승세다.에코프로비엠이 3.8% 상승해 가장 두드러진다. 에코프로는 1.81% 오르고 있다.알테오젠(1.4%), HLB(0.57%), 파마리서치(1.15%), 펩트론(1.87%), 휴젤(0.96%) 등도 바이오주들도 강세다.서울외환시장에서 원·달러 환율은 전일 대비 3.2원(0.23%) 내린 달러당 1364.8원에 거래되고 있다.뉴욕증시에서 주요지수는 등락을 거듭하다가 결국 상승 마감했다. 영국 런던에서 이틀째 진행 중인 미국과 중국의 무역협상의 결과가 아직 나오지 않았지만, 협상에 대한 하워드 러트닉 미구 상무부 장관의 긍정적인 발언이 증시를 들어 올렸다. 10일(현지시간) 뉴욕증권거래소(NYSE)에서 다우존스30산업평균지수는 전일 대비 105.11포인트(0.25%) 오른 42,866.87에, 스탠더드앤드푸어스(S&P)500지수는 32.93포인트(0.55%) 상승한 6,038.81에, 나스닥종합지수는 123.75포인트(0.63%) 오른 19,714.99에 각각 거래를 마쳤다.한경우 한경닷컴 기자 case@hankyung.com",https://www.hankyung.com/article/2025061170186,2025.06.11 09:15
합리적 투자 필수! 증권사 신용대출 3%대 전환으로 이자 절감,,"전송종목 : 사조동아원, 대덕, 남선알미늄, 서흥, 아남전자최근 주식 투자자들 사이에서 주식대출(미수/신용융자 등)의 고금리에 대한 부담이 커지고 있다.특히 저금리를 적용 받고 싶어도, 기존 대출을 상환하고 다시 주식을 매수해야 하는 번거로운 절차와 자금 조달의 어려움이 발목을 잡고 있다.이런 현실적인 문제를 해결하고자, 무빙스탁이 ‘증권사 신용, 대환자금대출’ 서비스를 전격 출시했다.이 상품은 주식을 매도하지 않고도, 기존의 고금리의 주식대출(미수/신용융자 등)의 3%대의 혁신적인 저금리 증권사로 전환할 수 있도록 상환자금을 제공하는 것이 핵심이다.무빙스탁 관계자는 “현재 증권사 이벤트 금리는 연 3%대 수준으로, 기존 9~10%대 고금리를 적용받는 투자자라면 절감 효과가 상당하다”며, 금리를 5%만 낮추면 “1억원 신용대출 기준으로 연간 약 500만원, 3억원이라면 1,500만원까지도 절약할 수 있다”고 밝혔다.더 놀라운 점은, 현재는 이벤트 기간으로 대환자금대출 신청시 발생하는 이자 비용까지 ‘0원’이라는 사실이다. 대환자금에 대해서 하루의 대출이자도 부담하지 않고 기존 고금리 대출을 저금리로 전환할 수 있어, 고금리 부담에 시달리던 투자자들에게 큰 호응을 얻을 전망이다.이 서비스는 부동산 시장에서 흔히 이용되던 대환대출 개념을 증권시장에 도입한 혁신적인 시도로, 주식 투자자들의 자금 운용에 새로운 대안을 제시할 것으로 기대된다.무빙스탁 ‘증권사 신용, 대환자금대출’의 비용 무료 이벤트는 이벤트 기간 동안 한정적으로 제공되는 만큼, 신용융자를 이용 중인 투자자라면 지금 바로 확인해볼 필요가 있다.★ 장마감 시간이 가까워질수록 문의가 많아 상담이 지연될 수 있습니다.★ 7월 문의하신 고객들이 많이 보유하신 종목으로는 삼성전자, POSCO홀딩스, 셀트리온, 포스코퓨처엠, 에코프로비엠, NAVER, 에코프로, 삼성SDI, LG화학, SK하이닉스, 두산에너빌리티, 카카오, SK이노베이션, LG에너지솔루션, 엘앤에프, 삼천당제약, 현대차, 알테오젠, HPSP, LG전자 등이 있습니다.★ 안내사항과도한 빚은 당신에게 큰 불행을 안겨줄 수 있습니다. 대출 시 신용등급 하락으로 다른 금융거래가 제약받을 수 있습니다. 중개수수료를 요구하거나 받는 것은 불법입니다.상호명: ㈜단비대부 2021-서울영등포-2102(대부업) | TEL: 1544-4886 | 대출금리: 연 20%이내(연체금리는 약정금리+3%p이내, 최대 연 20%이내) | 단, 2021. 7. 7.부터 신규체결, 갱신, 연장되는 계약에 한함 | 채무의 조기상환 조건 및 부대비용 없음. (단, 신용조회비용 및 담보권설정비용 있음), 이자 외 별도로 중개수수료를 요구하거나 수취하는 것은 불법입니다. | 대표이사: 박동원 | 사업자등록번호: 274-86-00231 | 등록기관명칭: 서울 영등포구청(담당부서: 일자리경제과, 02-2670-3420) | 소재지 : 서울 영등포구 여의대방로67길 11, 5층 517호 | 개인정보관리자메일: help@danbifund.co.kr무료상담",https://www.hankyung.com/article/202507108871a,2025.07.10 09:43
"28일, 거래소 외국인 순매도상위에 운수장비 업종 5종목",,"외국인 투자자는 28일 거래소에서 한화에어로스페이스, 한국항공우주, 삼성물산 등을 중점적으로 매도한 것으로 나타났다.외국인 투자자의 순매도 상위 20개 종목은 한화에어로스페이스, 한국항공우주, 삼성물산, 한화오션, 셀트리온, SK텔레콤, 기아, KB금융, 달바글로벌, 삼성생명등이다.이중에 운수장비 업종에 속한 종목이 5개 포함되어 있다.삼성물산, 셀트리온, 기아 등은 전일 대비 주가가 상승했고, 한화에어로스페이스, 한국항공우주, 한화오션 등은 주가가 하락했다.[05월28일]거래소 외국인 순매도 상위 종목한경로보뉴스이 기사는 한국경제신문과 금융 AI 전문기업 씽크풀이 공동 개발한 기사 자동생성 알고리즘에 의해 실시간으로 작성된 것입니다.",https://www.hankyung.com/article/202505282021L,2025.05.28 18:35
"글로벌 '빅4' 바이오 소부장, 韓 매출 60%↑","삼성바이오, 年 1조원대 구입 
국산화 7%뿐…그들만의 리그","삼성바이오로직스 덕분에 글로벌 바이오 소재·부품·장비 업체의 한국 시장 매출이 4년간 60.7% 급등했다. 이들 업체의 한국 매출은 중국 매출을 추월한 사례도 있는 것으로 나타났다.





                26일 한국평가데이터에 따르면 미국 써모피셔사이언티픽, 독일 머크·싸토리우스, 미국 싸이티바 등 글로벌 ‘빅4’ 바이오 소부장 기업의 지난해 한국법인 매출은 전년 대비 9.1% 증가한 1조6277억원이었다. 2020년 1조123억원을 기록한 이후 4년 만에 60.7% 증가했다. 빅4 가운데 매출 1위는 써모피셔로 5979억원을 기록했다. 바이오 분석·진단 장비 및 소모품과 시약 등을 제조하는 써모피셔는 항암제, 자가면역질환 치료제 등 바이오의약품 생산에 필요한 세포의 먹이인 배지 분야에서 국내 시장 선두다. 매출 2위 머크는 배양, 정제, 제품화 등 바이오의약품 생산 공정 중 정제에 필요한 필터 분야에서 국내 1위다. 2896억원의 매출을 기록한 싸이티바는 전년 대비 46.6%, 4년 전 대비 134.7%의 매출 증가율을 기록해 가장 빠르게 성장하고 있다. 싸이티바는 정제 과정에서 목표 단백질을 추출하는 데 쓰이는 배지 분야에서 국내 선두다.빅4의 급성장은 국산화율이 7%에 불과한 빈약한 국내 바이오 소부장 시장 여건과 삼성바이오로직스의 수주 영향이 복합적으로 작용한 결과다. 산업통상자원부에 따르면 글로벌 바이오 소부장 시장은 연평균 10.3% 성장해 2029년 96조5000억원에 달할 전망이다. 업계에 따르면 빅4 한국법인 매출의 80%가량은 삼성바이오로직스에서 나온다. 나머지 20%는 셀트리온 SK바이오사이언스 등에서 비롯된다.삼성바이오로직스는 지난해 위탁개발생산(CDMO) 사업과 바이오의약품 개발 및 상업화에 필요한 레진 필터 등 원재료 구입에만 1조1150억원을 썼다. 지난해 매출(4조5473억원)의 24.5%에 달한다. 삼성바이오로직스 공시에 따르면 원재료 매입처는 싸이티바 싱가포르, 씨그마알드리치코리아, 써모피셔사이언티픽솔루션스, 머크, 싸토리우스코리아바이오텍 등이다. 국내 기업은 거의 없다. 매출의 4분의 1 가량을 외국계 기업이 차지하고 있다는 얘기다.업계 관계자는 “삼성이 반도체사업을 일으키며 관련 국내 소부장 생태계를 키웠듯, 국가 대표 CDMO업체로서 바이오 소부장 생태계 조성에도 힘을 써야 한다”고 지적했다. 삼성바이오로직스는 글로벌 고객사 눈높이에 맞춰 해외 소부장 업체 제품을 사용할 수밖에 없다는 입장이다. 회사 관계자는 “국내 소부장 업체와의 협력 강화도 지속적으로 검토하며 중장기적 목표로 추진하고 있다”고 했다.안대규 기자 powerzanic@hankyung.com",https://www.hankyung.com/article/2025052665521,2025.05.26 17:22
"코스피, 美 증시 훈풍에도 하락세…방산株 동반 강세","고리 1호기 해체 승인 소식에 
원전 해체 관련株 동반 '급등'","사진=연합뉴스

                코스피지수가 27일 장중 소폭 하락세를 보이고 있다. 간밤 미국 증시가 도널드 트럼프 행정부의 상호관세 유예 기대감에 강세로 마감했음에도 외국인 투자자의 순매도세가 지수를 끌어내리고 있다.이날 오전 11시1분 현재 코스피지수는 전 거래일보다 10.26포인트(0.33%) 내린 3069.3을 나타내고 있다. 지수는 이날 0.05% 내림세로 출발 후 보합권에서 등락을 거듭하다 오전 9시48분께를 기점으로 하락세를 이어가고 있다.이날 새벽 미국 증시는 중동 지역의 지정학적 위험이 완화되고 백악관이 관세 협상 기한 연장을 시사하자 강세로 마쳤다. 지난 26일(현지시간) 다우존스30산업지수는 0.94% 올랐고 S&P500지수와 나스닥종합지수도 각각 0.8%와 0.97% 상승했다.다만 국내 증시에서는 외국인의 순매도 물량이 나오면서 지수가 하락세다. 유가증권시장에서 외국인이 4046억원 매도 우위인 반면 개인과 기관은 각각 2462억원 1411억원 매수 우위다.코스피 시가총액 상위 종목 중 SK하이닉스, 삼성바이오로직스, LG에너지솔루션, 현대차, 네이버, 기아, 셀트리온 등이 내리는 반면 삼성전자, KB금융, 두산에너빌리티, HD현대중공업 등이 오르고 있다.방산주는 북대서양조약기구(NATO·나토)의 방위비 증액 소식과 중동 분쟁 재점화 가능성에 동반 강세다. 한화에어로스페이스(3.08%)를 비롯해 풍산(3.73%) 현대로템(3.97%) LIG넥스원(3.63%) 한화시스템(1.02%) 등이 일제히 오르고 있다. 카카오페이는 이달에만 두 번째인 매매거래 정지가 해제된 첫날 15% 넘게 빠지고 있다.같은 시각 코스닥지수는 전 거래일보다 2.35포인트(0.3%) 내린 785.6을 나타내고 있다. 지수는 이날 0.25% 상승 출발했으나 보합권에서 등락을 거듭하다 오전 9시44분께를 기점으로 하락세를 이어가고 있다.코스닥시장에서도 외국인이 928억원 매도 우위인 반면 개인과 기관은 각각 939억원과 125억원 매수 우위다.코스닥 시총 상위 종목 중 에코프로비엠, 에코프로, 파마리서치, 펩트론, 휴젤, 클래시스 등이 내리는 반면 알테오젠, HLB, 레인보우로보틱스, 리가켐바이오, 리노공업, 삼천당제약 등이 오르고 있다.국내 최초 원자력발전소인 부산 기장 고리 원자력발전소 1호기 해체가 승인되면서 위드텍(29.06%)을 비롯해 비츠로테크(19.88%) 원일티엔아이(10.63%) 오르비텍(5.45%) 우진엔텍(4.92%) 등 원전 해체 관련주가 동반 급등세다. 이날 서울 외환시장에서 원·달러 환율은 전장보다 0.9원 내린 1356원으로 개장했다.고정삼 한경닷컴 기자 jsk@hankyung.com",https://www.hankyung.com/article/2025062739286,2025.06.27 11:20
"코스피, 대내외 훈풍에 3100선 안착 시도…외인·기관 '사자'","李, 탈플라스틱 로드맵 연내 마련 소식에
삼륭물산·에코플라스틱 등 관련株 '급등'","사진=연합뉴스

                코스피지수가 3일 외국인과 기관투자자의 쌍끌이 매수에 힘입어 강세 흐름을 이어가고 있다. 미국과 베트남 간 무역 합의에 더해 상법 개정안 처리 기대가 긍정적 투자심리를 형성한 것으로 풀이된다.이날 오전 10시59분 현재 코스피지수는 전 거래일보다 22.84포인트(0.74%) 오른 3097.9를 나타내고 있다. 장중 1.17%까지 상승폭을 확대해 3100선을 회복하기도 했다.간밤 미국 증시에서도 S&P500지수가 0.47% 올라 사상 최고가를 경신했고 나스닥종합지수도 0.94% 상승하는 등 긍정적 흐름이 관찰됐다. 미국이 베트남과 무역 협상을 타결하자 관세 불확실성이 일부 줄어든 데 따른 영향으로 풀이된다.유가증권시장에서 외국인과 기관이 각각 2694억원과 1563억원어치를 사들이며 지수 상승을 이끌고 있다. 반면 개인만 4566억원어치를 팔아치우고 있다.코스피 시가총액 상위 종목 중 삼성전자, LG에너지솔루션, 삼성바이오로직스, KB금융, 두산에너빌리티, 네이버, 한화에어로스페이스 등이 오르는 반면 SK하이닉스, 기아, 셀트리온, HD현대중공업 등이 내리고 있다.같은 시각 코스닥지수는 전 거래일보다 8.27포인트(1.06%) 오른 790.44를 나타내고 있다. 코스닥시장에서도 외국인과 기관이 각각 452억원과 117억원어치를 사들이는 반면 개인이 530억원어치를 팔아치우고 있다.코스닥 시총 상위 종목 중 에코프로비엠, 에코프로, 파마리서치, 리가켐바이오, 휴젤, 펩트론, 클래시스, 리노공업 등이 오르는 반면 알테오젠, HLB 등은 내리고 있다.이재명 대통령이 이날 탈플라스틱 로드맵을 올해 안에 마련하겠다고 밝히자 상한가를 달성한 삼륭물산을 비롯해 에코플라스틱(18.93%) 세림B&G(12.47%) 한국팩키지(11.25%) 등 관련주가 급등세다. 고정삼 한경닷컴 기자 jsk@hankyung.com",https://www.hankyung.com/article/2025070357706,2025.07.03 11:14
美서 '바이오 큰장'…한국기업들 총출동,"이달 16일 '바이오 USA' 개막
코오롱·에이비엘 등 수출 모색","한국 바이오기업이 이달 개막하는 ‘2025 바이오 인터내셔널컨벤션(바이오 USA)’에 총출동한다. 세계 최대 바이오 전시회인 이 행사에서 신약 기술력을 대대적으로 선보일 예정이다.11일 업계에 따르면 오는 16일부터 19일까지 미국 보스턴에서 열리는 바이오 USA에는 총 550여 개 한국 기업이 참가한다. 바이오 USA는 세계 90여 개국에서 9000개 이상 기업과 2만 명이 넘는 참가자가 모이는 행사다. 바이오 기업들이 기술 이전, 투자 유치 등 실질적 성과를 도출하는 자리다.바이오 USA에선 주로 삼성바이오로직스와 셀트리온 등 국내 위탁개발생산(CDMO) 업체들이 두각을 드러내왔다. 올해는 신약 기술력을 입증하기 위해 나선 국내 기업이 유독 많다. 코오롱생명과학은 신경병증성 통증 유전자 치료제 ‘KLS-2031’과 항암 유전자 치료제 ‘KLS-3021’을 선보이고 글로벌 제약사들과 기술 수출 협의를 진행할 예정이라고 밝혔다.인공지능(AI) 기반 신약 개발 전문 기업 파로스아이바이오도 차세대 급성 골수성 백혈병(AML) 치료제 ‘PHI-101’과 난치성 고형암 치료제 ‘PHI-501’의 연구 성과를 글로벌 기업과 공유할 계획이다.이미 신약 기술력을 인증받은 에이비엘바이오도 참가해 추가적인 파트너십 기회를 모색한다. 에이비엘바이오는 지난 4월 글락소스미스클라인(GSK)과 최대 4조1000억원 규모 기술 이전 계약을 맺었다. 국산 항암제로는 처음으로 미국 식품의약국(FDA)에서 허가받은 ‘렉라자’를 제조한 유한양행과 비만치료제를 개발 중인 한미약품은 별도 부스 없이 실무진을 파견한다. 이를 통해 글로벌 기업들과 비즈니스 미팅을 할 예정이다.황주리 한국바이오협회 교류협력본부장은 “글로벌 제약사들이 한국 기업의 신약 기술력을 눈여겨보고 있어 올해가 특히 중요한 행사가 될 것”이라고 전망했다.오현아 기자 5hyun@hankyung.com",https://www.hankyung.com/article/2025061187691,2025.06.11 17:29
이자 폭탄 막자! 증권사 신용대출 3%대 전환으로 절약하는 법,,"전송종목 : 신세계, 농심, 세방전지, 롯데지주, 코스모신소재최근 주식 투자자들 사이에서 주식대출(미수/신용융자 등)의 고금리에 대한 부담이 커지고 있다.특히 저금리를 적용 받고 싶어도, 기존 대출을 상환하고 다시 주식을 매수해야 하는 번거로운 절차와 자금 조달의 어려움이 발목을 잡고 있다.이런 현실적인 문제를 해결하고자, 무빙스탁이 ‘증권사 신용, 대환자금대출’ 서비스를 전격 출시했다.이 상품은 주식을 매도하지 않고도, 기존의 고금리의 주식대출(미수/신용융자 등)의 3%대의 혁신적인 저금리 증권사로 전환할 수 있도록 상환자금을 제공하는 것이 핵심이다.무빙스탁 관계자는 “현재 증권사 이벤트 금리는 연 3%대 수준으로, 기존 9~10%대 고금리를 적용받는 투자자라면 절감 효과가 상당하다”며, 금리를 5%만 낮추면 “1억원 신용대출 기준으로 연간 약 500만원, 3억원이라면 1,500만원까지도 절약할 수 있다”고 밝혔다.더 놀라운 점은, 현재는 이벤트 기간으로 대환자금대출 신청시 발생하는 이자 비용까지 ‘0원’이라는 사실이다. 대환자금에 대해서 하루의 대출이자도 부담하지 않고 기존 고금리 대출을 저금리로 전환할 수 있어, 고금리 부담에 시달리던 투자자들에게 큰 호응을 얻을 전망이다.이 서비스는 부동산 시장에서 흔히 이용되던 대환대출 개념을 증권시장에 도입한 혁신적인 시도로, 주식 투자자들의 자금 운용에 새로운 대안을 제시할 것으로 기대된다.무빙스탁 ‘증권사 신용, 대환자금대출’의 비용 무료 이벤트는 이벤트 기간 동안 한정적으로 제공되는 만큼, 신용융자를 이용 중인 투자자라면 지금 바로 확인해볼 필요가 있다.★ 장마감 시간이 가까워질수록 문의가 많아 상담이 지연될 수 있습니다.★ 7월 문의하신 고객들이 많이 보유하신 종목으로는 삼성전자, POSCO홀딩스, 셀트리온, 포스코퓨처엠, 에코프로비엠, NAVER, 에코프로, 삼성SDI, LG화학, SK하이닉스, 두산에너빌리티, 카카오, SK이노베이션, LG에너지솔루션, 엘앤에프, 삼천당제약, 현대차, 알테오젠, HPSP, LG전자 등이 있습니다.★ 안내사항과도한 빚은 당신에게 큰 불행을 안겨줄 수 있습니다. 대출 시 신용등급 하락으로 다른 금융거래가 제약받을 수 있습니다. 중개수수료를 요구하거나 받는 것은 불법입니다.상호명: ㈜단비대부 2021-서울영등포-2102(대부업) | TEL: 1544-4886 | 대출금리: 연 20%이내(연체금리는 약정금리+3%p이내, 최대 연 20%이내) | 단, 2021. 7. 7.부터 신규체결, 갱신, 연장되는 계약에 한함 | 채무의 조기상환 조건 및 부대비용 없음. (단, 신용조회비용 및 담보권설정비용 있음), 이자 외 별도로 중개수수료를 요구하거나 수취하는 것은 불법입니다. | 대표이사: 박동원 | 사업자등록번호: 274-86-00231 | 등록기관명칭: 서울 영등포구청(담당부서: 일자리경제과, 02-2670-3420) | 소재지 : 서울 영등포구 여의대방로67길 11, 5층 517호 | 개인정보관리자메일: help@danbifund.co.kr무료상담",https://www.hankyung.com/article/202507186000a,2025.07.18 11:38
실적·주주친화 정책에 셀트리온제약 상승세 탄력,,"최근 셀트리온제약 주가가 기관과 외국인 투자자의 매수세에 힘입어 반등에 속도를 내고 있다. 이는 실적 개선 기대와 주주가치 제고 전략이 맞물린 결과라는 평가다.우선, 셀트리온제약은 상반기 실적 발표에서 매출 및 영업이익 모두 전년 동기 대비 큰 폭의 증가세를 보이며 시장 기대치를 상회했다. 주요 신제품의 매출과 증설된 생산 능력이 실적 개선을 견인하면서, 투자자들의 수익성 기대가 높아졌다. 이에 따라 기관 투자자들은 매수 기회를 적극적으로 활용하고 있으며, 외국인 자금 역시 다시 유입되는 흐름을 보이고 있다.이와 함께 회사는 대규모 자사주 매입을 통해 주주환원에 나서고 있다. 올해 들어 여러 차례에 걸쳐 수천억 원 규모의 자사주를 매입했으며, 최근에는 임원과 대주주까지 동참하는 등 강력한 주가 안정 의지를 표명했다. 이 같은 조치는 주가 하단을 지지하고, 투자자 신뢰 회복에도 긍정적 신호로 작용하고 있다.시장은 또 미국의 고관세 및 규제 리스크에도 불구하고, 셀트리온제약이 선제적으로 대응하고 있다는 점도 긍정 요인으로 보고 있다. 회사는 미국 내 생산능력 확대와 재고비축 등에 나서며 의약품 수출 불확실성에 대비하고 있다. 이는 글로벌 시장에서의 안정적인 성장 기반이 여전히 유지되고 있음을 시사한다.한편, 일부 투자자는 공매도 세력 증가 우려를 제기하지만, 자사주 매입과 실적 모멘텀이 이를 상쇄할 수준이라고 평가한다. 시장 전문가들은 “실적과 주주친화 정책이 동시 효과를 낼 경우 중장기 투자 관점에서 주가 회복 가능성이 확대된다”고 분석한다.삼성전자, 두산에너빌리티, 한화솔루션, SK하이닉스, 셀트리온무료상담",https://www.hankyung.com/article/202507210894a,2025.07.21 09:53
이자 부담 최소화! 증권사 신용대출 3%대로 바꾸는 절호의 기회,,"전송종목 : 한독, 삼익악기, 신일전자, 한국쉘석유, 디아이최근 주식 투자자들 사이에서 주식대출(미수/신용융자 등)의 고금리에 대한 부담이 커지고 있다.특히 저금리를 적용 받고 싶어도, 기존 대출을 상환하고 다시 주식을 매수해야 하는 번거로운 절차와 자금 조달의 어려움이 발목을 잡고 있다.이런 현실적인 문제를 해결하고자, 무빙스탁이 ‘증권사 신용, 대환자금대출’ 서비스를 전격 출시했다.이 상품은 주식을 매도하지 않고도, 기존의 고금리의 주식대출(미수/신용융자 등)의 3%대의 혁신적인 저금리 증권사로 전환할 수 있도록 상환자금을 제공하는 것이 핵심이다.무빙스탁 관계자는 “현재 증권사 이벤트 금리는 연 3%대 수준으로, 기존 9~10%대 고금리를 적용받는 투자자라면 절감 효과가 상당하다”며, 금리를 5%만 낮추면 “1억원 신용대출 기준으로 연간 약 500만원, 3억원이라면 1,500만원까지도 절약할 수 있다”고 밝혔다.더 놀라운 점은, 현재는 이벤트 기간으로 대환자금대출 신청시 발생하는 이자 비용까지 ‘0원’이라는 사실이다. 대환자금에 대해서 하루의 대출이자도 부담하지 않고 기존 고금리 대출을 저금리로 전환할 수 있어, 고금리 부담에 시달리던 투자자들에게 큰 호응을 얻을 전망이다.이 서비스는 부동산 시장에서 흔히 이용되던 대환대출 개념을 증권시장에 도입한 혁신적인 시도로, 주식 투자자들의 자금 운용에 새로운 대안을 제시할 것으로 기대된다.무빙스탁 ‘증권사 신용, 대환자금대출’의 비용 무료 이벤트는 이벤트 기간 동안 한정적으로 제공되는 만큼, 신용융자를 이용 중인 투자자라면 지금 바로 확인해볼 필요가 있다.★ 장마감 시간이 가까워질수록 문의가 많아 상담이 지연될 수 있습니다.★ 7월 문의하신 고객들이 많이 보유하신 종목으로는 삼성전자, POSCO홀딩스, 셀트리온, 포스코퓨처엠, 에코프로비엠, NAVER, 에코프로, 삼성SDI, LG화학, SK하이닉스, 두산에너빌리티, 카카오, SK이노베이션, LG에너지솔루션, 엘앤에프, 삼천당제약, 현대차, 알테오젠, HPSP, LG전자 등이 있습니다.★ 안내사항과도한 빚은 당신에게 큰 불행을 안겨줄 수 있습니다. 대출 시 신용등급 하락으로 다른 금융거래가 제약받을 수 있습니다. 중개수수료를 요구하거나 받는 것은 불법입니다.상호명: ㈜단비대부 2021-서울영등포-2102(대부업) | TEL: 1544-4886 | 대출금리: 연 20%이내(연체금리는 약정금리+3%p이내, 최대 연 20%이내) | 단, 2021. 7. 7.부터 신규체결, 갱신, 연장되는 계약에 한함 | 채무의 조기상환 조건 및 부대비용 없음. (단, 신용조회비용 및 담보권설정비용 있음), 이자 외 별도로 중개수수료를 요구하거나 수취하는 것은 불법입니다. | 대표이사: 박동원 | 사업자등록번호: 274-86-00231 | 등록기관명칭: 서울 영등포구청(담당부서: 일자리경제과, 02-2670-3420) | 소재지 : 서울 영등포구 여의대방로67길 11, 5층 517호 | 개인정보관리자메일: help@danbifund.co.kr무료상담",https://www.hankyung.com/article/202507096262a,2025.07.09 11:38
"코스피, 트럼프 고율 관세 경계감…3180선 강보합 등락",시진핑 방한 기대감에 화장품株 '급등',"사진=연합뉴스

                코스피지수가 트럼프 행정부의 고율 관세 경계감에 보합권에서 등락하고 있다.14일 오전 9시15분 현재 코스피지수는 전 거래일  대비 7.15포인트(0.23%) 오른 3182.92를 기록 중이다. 지수는 이날 0.01% 하락 출발한 뒤 강보합권에서 오르락 내리락 하고 있다.이는 지난 주말 도널드 트럼프 미국 대통령이 고율 관세를 본격화하는 발언 등을 내놓은 영향으로 풀이된다.트럼프 대통령은 지난 11일(현지시간) 자신의 SNS 계정에 캐나다에 보내는 관세 서한을 공개하면서 관세율을 35%로 책정했다고 밝혔다. 유럽연합(EU)에 보내는 관세 서한도 곧 공개될 예정이다.이에 앞서 트럼프 대통령은 미국 NBC 방송과의 전화 인터뷰에서 ""나머지 모든 국가에 15%든 20%든 관세를 부과할 것이고 우리는 지금 그 비율을정하고 있다""며 전방위적인 '관세 살포'를 예고했다.장 초반 유가증권시장에서 외국인과 기관이 각각 2억원과 870억원 순매도하고 있다. 개인은 794억원 매수우위다.시총 상위주들은 등락이 엇갈리고 있다. 삼성전자(-0.8%), 삼성바이오로직스(-0.47%), LG에너지솔루션(-0.7%), 네이버(-0.79%), 기아(-0.79%), 셀트리온(-0.28%) 등이 떨어지고 있는 반면 SK하이닉스(1.36%), KB금융(1.02%), 현대차(0.48%) 등은 오름세다.시진핑 중국 국가주석이 올 가을 경주에서 열리는 아시아태평양경제협력체(APEC) 정상회의에 참석할 것이라는 기대감이 나오면서 한국화장품(25.99%), 토니모리(9.57%), 한국화장품제조(6.53%) 등이 급등하고 있다.코스닥지수는 소폭 오름세다. 이 시각 현재 코스닥지수는 0.17% 오른 801.85를 기록 중이다. 코스닥시장에선 개인이 886억원 순매수 중이다. 외국인과 기관은 각각 688억원과 93억원 매도우위다.코스닥 시총 상위주들은 대부분 오르고 있다. 알테오젠(0.8%), 에코프로비엠(0.67%), HLB(2.73%), 에코프로(0.53%), 파마리서치(1.43%) 등이 상승하고 있다.원·달러 환율은 소폭 올랐다. 이날 서울 외환시장에서 원·달러 환율은 전 거래일 대비 2.6원 오른 1378.0원에 개장했다.노정동 한경닷컴 기자 dong2@hankyung.com",https://www.hankyung.com/article/2025071458046,2025.07.14 09:19
[투자운세] 6월11일(내일) 궁합이 맞는 종목은?,,"2025년 6월 11일 내일 관심가질 종목입니다1.쥐띠 : 횡보 끝에 찾아오는 방향에 몸을 실어라60년생 (포스코엠텍, 레이크머티리얼즈) 72년생 (고영, 에코프로머티) 84년생 (하이브, 크래프톤)2.소띠 : 주식을 사기 보다는 때를 사라61년생 (대덕전자, HLB) 73년생 (신성델타테크, 셀트리온제약) 85년생 (한화에어로스페이스, 씨젠)3.호랑이띠 : 매매기준은 대세흐름을 봐야 한다62년생 (리가켐바이오, 현대로템) 74년생 (한진칼, 알테오젠) 86년생 (아모레퍼시픽, 한국콜마)4.토끼띠 : 시장분위기에 취하지 마라63년생 (에스엠, HD현대일렉트릭) 75년생 (SK바이오팜, 한국항공우주) 87년생 (에스엘, 에스디바이오센서)5.용띠 : 손해보고 있는 종목부터 팔아라64년생 (미래에셋증권, 케어젠) 76년생 (넷마블, 한국앤컴퍼니) 88년생 (이마트, OCI홀딩스)6.뱀띠 : 우발심을 삼가하라65년생 (DB손해보험, LIG넥스원) 77년생 (에스티팜, 유한양행) 89년생 (카카오게임즈, SK바이오사이언스)




 

7.말띠 : 공이 크게 보일 때만 쳐라66 년생 (메리츠금융지주, 한미사이언스) 78년생 (삼성전자, 포스코인터내셔널) 90년생 (현대위아, 효성)8.양띠 : 장기간 움직이지 않던 주식이 오르기 시작하면 크게 오른다67년생 (포스코DX, 한전기술) 79년생 (종근당, 삼성카드) 91년생 (KCC, 기아)9. 원숭이띠 : 허둥대는 거지에겐 동냥도 적다68년생 (한화, 파두) 80년생 (삼성화재, NH투자증권) 92년생 (삼성전기, 두산에너빌리티)10.닭띠 : 남이 가는 뒷길에 꽃동산이 있다69년생 (아모레퍼시픽, 파라다이스) 81년생 (GS건설, HK이노엔) 93년생 (한국전력, 한샘)11.개띠 : 하루 종일 시세판을 쳐다보고 있어도 돈은 벌 수 없다.70년생 (펄어비스, 롯데에너지머티리얼즈) 82년생 (대웅, 금호석유) 94년생 (심텍, 대주전자재료)12.돼지띠 : 천둥이 잦아지면 소나기가 온다71년생 (셀트리온, 롯데웰푸드) 83년생 (엔씨소프트, 위메이드) 95년생 (호텔신라, 솔브레인)링크종목 – 아이티센글로벌, 신성통상, 헥토파이낸셜, 애드바이오텍, 씨아이테크무료상담",https://www.hankyung.com/article/202506104075a,2025.06.10 14:18
"에이치이엠파마 세종공장 준공 ""흑자전환 발판될 것""","세종시 스마트그린산단 소재
의약품부터 건기식까지 고품질 생산
외주 생산 내재화로 영업이익률 개선 기여","지요셉 에이치이엠파마 대표가 세종 신공장 준공식에서 신규공장의 의미와 가치에 대해 설명하고 있다. 에이치이엠파마 제공

                마이크로바이옴 기반 헬스케어 기업 에이치이엠파마가 신규공장 준공식을 열었다. 이전까지 외부에 맡겼던 생산을 내재화하면서 영업이익률이 대폭 개선될 거란 전망이 나온다.에이치이엠파마는 세종시 스마트그린산업단지에 신설한 공장 준공식을 열고 본격 가동에 들어간다고 18일 밝혔다.신설한 세종공장은 의약품인 생균치료제(LBP)부터 마이크로바이옴 기반 고기능 식품을 동시에 생산할 수 있도록 설계했다.이날 준공식에는 한국 및 글로벌 암웨이, 셀트리온, 바이오미, 코스맥스, NVP헬스케어, 에이바이오테크 등 국내외 주요 파트너사 관계자들이 참석했다.시설 규모는 부지 1만1594㎡, 연면적 2484㎡다. 기존 수원 제조 거첨에 이어 회사 생산 인프라가 한층 강화됐다는 설명이다.LBP 임상용 시료 생산과 CDO(위탁개발), 건강기능식품 제조까지 아우르는 통합 구조로 설계됐으며, 생산부터 품질관리까지 전 주기 제조가 가능하도록 했다. 회사 관계자는 “건강기능식품 생산 라인에는 MBR(Membrane Bioreactor) 연속배양 시스템이 적용돼 고효율 생산과 위생적인 공정 운영이 가능하다”고도 했다.MBR 연속배양 시스템은 기존 배치배양 대비 최소 5배 이상의 생산성을 갖추고 있으며, 생산 시 교차오염을 근본적으로 차단하는 폐쇄 구조로 설계됐다. 또한 KGMP 기준은 물론, 미국 식품의약국(FDA) 실사 대응을 고려한 품질·공정 관리 체계(CMC 포함)를 내재화해 글로벌 임상 수요에 대한 대응력을 확보했다.생산설비는 라인 다변화와 설비 증설을 통해 생산능력을 점차 확대할 계획이다. 앞서 회사는 국내에서 처음으로 생균치료제 임상용 시료를 직접 생산해, 해당 시료를 기반으로 한 우울증 치료제 후보물질 ‘HEMP-001’로 미국 FDA의 임상 2상(IND) 승인을 받기도 했다.회사는 세종공장을 기술 고도화의 핵심 거점으로 삼고, 데이터 기반의 정밀 헬스케어 솔루션 개발에 속도를 내고 있다. 9만 건 이상의 마이크로바이옴 데이터베이스와 독자 개발한 PMAS(개인 맞춤형 분석 플랫폼) 기술, AI 분석 기법을 결합해 제품 정밀성과 개인화 수준을 높이고 있다.최근에는 식물 유래 파이토케미컬과 미생물 간 상호작용을 활용한 파이토바이옴(Phytobiome) 분야로 연구·개발·출시를 확장하며, 차세대 건강관리 영역으로의 진입도 본격화하고 있다. 이 같은 기술 기반은 단순 생산을 넘어, 글로벌 고객사와의 공동개발과 기술이전 등 전략적 협력의 토대가 될 것으로 전망된다.지요셉 에이치이엠파마 대표는 “이번 신공장 준공은 단순한 생산설비 구축이 아닌, 에이치이엠파마가 기술을 ‘준비하는 기업’에서 ‘실현하는 기업’으로 전환하는 중요한 이정표”라며 “글로벌 헬스케어 시장의 수요에 능동적으로 대응할 수 있는 전략적 생산 인프라로 자리매김할 것”이라고 밝혔다. 회사는 최근 일본 법인을 출범하고, 현지 맞춤형 헬스케어 서비스 출시에 앞서 파일럿 프로젝트에 착수했다. 글로벌 암웨이와의 공동 개발을 비롯해 전 세계 시장 진출을 겨냥한 다양한 프로젝트도 속도를 내고 있다.
                    



에이치이엠파마 세종공장 전경. 에이치이엠파마 제공

                이우상 기자 idol@hankyung.com",https://www.hankyung.com/article/202507186339i,2025.07.18 09:35
"증권사 신용대출, 3%대 금리로 바꾸는 가장 쉬운 방법",,"전송종목 : 삼양홀딩스, 삼천당제약, 삼화페인트, 대원강업, 대동최근 주식 투자자들 사이에서 주식대출(미수/신용융자 등)의 고금리에 대한 부담이 커지고 있다.특히 저금리를 적용 받고 싶어도, 기존 대출을 상환하고 다시 주식을 매수해야 하는 번거로운 절차와 자금 조달의 어려움이 발목을 잡고 있다.이런 현실적인 문제를 해결하고자, 무빙스탁이 ‘증권사 신용, 대환자금대출’ 서비스를 전격 출시했다.이 상품은 주식을 매도하지 않고도, 기존의 고금리의 주식대출(미수/신용융자 등)의 3%대의 혁신적인 저금리 증권사로 전환할 수 있도록 상환자금을 제공하는 것이 핵심이다.무빙스탁 관계자는 “현재 증권사 이벤트 금리는 연 3%대 수준으로, 기존 9~10%대 고금리를 적용받는 투자자라면 절감 효과가 상당하다”며, 금리를 5%만 낮추면 “1억원 신용대출 기준으로 연간 약 500만원, 3억원이라면 1,500만원까지도 절약할 수 있다”고 밝혔다.더 놀라운 점은, 현재는 이벤트 기간으로 대환자금대출 신청시 발생하는 이자 비용까지 ‘0원’이라는 사실이다. 대환자금에 대해서 하루의 대출이자도 부담하지 않고 기존 고금리 대출을 저금리로 전환할 수 있어, 고금리 부담에 시달리던 투자자들에게 큰 호응을 얻을 전망이다.이 서비스는 부동산 시장에서 흔히 이용되던 대환대출 개념을 증권시장에 도입한 혁신적인 시도로, 주식 투자자들의 자금 운용에 새로운 대안을 제시할 것으로 기대된다.무빙스탁 ‘증권사 신용, 대환자금대출’의 비용 무료 이벤트는 이벤트 기간 동안 한정적으로 제공되는 만큼, 신용융자를 이용 중인 투자자라면 지금 바로 확인해볼 필요가 있다.★ 장마감 시간이 가까워질수록 문의가 많아 상담이 지연될 수 있습니다.★ 7월 문의하신 고객들이 많이 보유하신 종목으로는 삼성전자, POSCO홀딩스, 셀트리온, 포스코퓨처엠, 에코프로비엠, NAVER, 에코프로, 삼성SDI, LG화학, SK하이닉스, 두산에너빌리티, 카카오, SK이노베이션, LG에너지솔루션, 엘앤에프, 삼천당제약, 현대차, 알테오젠, HPSP, LG전자 등이 있습니다.★ 안내사항과도한 빚은 당신에게 큰 불행을 안겨줄 수 있습니다. 대출 시 신용등급 하락으로 다른 금융거래가 제약받을 수 있습니다. 중개수수료를 요구하거나 받는 것은 불법입니다.상호명: ㈜단비대부 2021-서울영등포-2102(대부업) | TEL: 1544-4886 | 대출금리: 연 20%이내(연체금리는 약정금리+3%p이내, 최대 연 20%이내) | 단, 2021. 7. 7.부터 신규체결, 갱신, 연장되는 계약에 한함 | 채무의 조기상환 조건 및 부대비용 없음. (단, 신용조회비용 및 담보권설정비용 있음), 이자 외 별도로 중개수수료를 요구하거나 수취하는 것은 불법입니다. | 대표이사: 박동원 | 사업자등록번호: 274-86-00231 | 등록기관명칭: 서울 영등포구청(담당부서: 일자리경제과, 02-2670-3420) | 소재지 : 서울 영등포구 여의대방로67길 11, 5층 517호 | 개인정보관리자메일: help@danbifund.co.kr무료상담",https://www.hankyung.com/article/202507248240a,2025.07.24 11:38
"주식 매도 없이 신용이자 연 1,500만 원 줄이는 비법",,"전송종목 : 대한전선, 현대해상, 대상, SK네트웍스, 오리온홀딩스최근 주식 투자자들 사이에서 주식대출(미수/신용융자 등)의 고금리에 대한 부담이 커지고 있다.특히 저금리를 적용 받고 싶어도, 기존 대출을 상환하고 다시 주식을 매수해야 하는 번거로운 절차와 자금 조달의 어려움이 발목을 잡고 있다.이런 현실적인 문제를 해결하고자, 무빙스탁이 ‘증권사 신용, 대환자금대출’ 서비스를 전격 출시했다.이 상품은 주식을 매도하지 않고도, 기존의 고금리의 주식대출(미수/신용융자 등)의 3%대의 혁신적인 저금리 증권사로 전환할 수 있도록 상환자금을 제공하는 것이 핵심이다.무빙스탁 관계자는 “현재 증권사 이벤트 금리는 연 3%대 수준으로, 기존 9~10%대 고금리를 적용받는 투자자라면 절감 효과가 상당하다”며, 금리를 5%만 낮추면 “1억원 신용대출 기준으로 연간 약 500만원, 3억원이라면 1,500만원까지도 절약할 수 있다”고 밝혔다.더 놀라운 점은, 현재는 이벤트 기간으로 대환자금대출 신청시 발생하는 이자 비용까지 ‘0원’이라는 사실이다. 대환자금에 대해서 하루의 대출이자도 부담하지 않고 기존 고금리 대출을 저금리로 전환할 수 있어, 고금리 부담에 시달리던 투자자들에게 큰 호응을 얻을 전망이다.이 서비스는 부동산 시장에서 흔히 이용되던 대환대출 개념을 증권시장에 도입한 혁신적인 시도로, 주식 투자자들의 자금 운용에 새로운 대안을 제시할 것으로 기대된다.무빙스탁 ‘증권사 신용, 대환자금대출’의 비용 무료 이벤트는 이벤트 기간 동안 한정적으로 제공되는 만큼, 신용융자를 이용 중인 투자자라면 지금 바로 확인해볼 필요가 있다.★ 장마감 시간이 가까워질수록 문의가 많아 상담이 지연될 수 있습니다.★ 7월 문의하신 고객들이 많이 보유하신 종목으로는 삼성전자, POSCO홀딩스, 셀트리온, 포스코퓨처엠, 에코프로비엠, NAVER, 에코프로, 삼성SDI, LG화학, SK하이닉스, 두산에너빌리티, 카카오, SK이노베이션, LG에너지솔루션, 엘앤에프, 삼천당제약, 현대차, 알테오젠, HPSP, LG전자 등이 있습니다.★ 안내사항과도한 빚은 당신에게 큰 불행을 안겨줄 수 있습니다. 대출 시 신용등급 하락으로 다른 금융거래가 제약받을 수 있습니다. 중개수수료를 요구하거나 받는 것은 불법입니다.상호명: ㈜단비대부 2021-서울영등포-2102(대부업) | TEL: 1544-4886 | 대출금리: 연 20%이내(연체금리는 약정금리+3%p이내, 최대 연 20%이내) | 단, 2021. 7. 7.부터 신규체결, 갱신, 연장되는 계약에 한함 | 채무의 조기상환 조건 및 부대비용 없음. (단, 신용조회비용 및 담보권설정비용 있음), 이자 외 별도로 중개수수료를 요구하거나 수취하는 것은 불법입니다. | 대표이사: 박동원 | 사업자등록번호: 274-86-00231 | 등록기관명칭: 서울 영등포구청(담당부서: 일자리경제과, 02-2670-3420) | 소재지 : 서울 영등포구 여의대방로67길 11, 5층 517호 | 개인정보관리자메일: help@danbifund.co.kr무료상담",https://www.hankyung.com/article/202507186005a,2025.07.18 14:23
[투자운세] 6월10일(내일) 궁합이 맞는 종목은?,,"2025년 6월 10일 내일 관심가질 종목입니다1.쥐띠 : 재료가 반영되지 않으면 팔아라60년생 (이수스페셜티케미컬, 한올바이오파마) 72년생 (셀트리온제약, 엔켐) 84년생 (종근당, 영원무역)2.소띠 : 비온 뒤에 땅이 굳는다.61년생 (HD현대일렉트릭, 셀트리온) 73년생 (삼성중공업, 더존비즈온) 85년생 (삼성바이오로직스, 고영)3.호랑이띠 : 기회가 왔을때는 과감하게 행동하라62년생 (이수페타시스, 키움증권) 74년생 (DB손해보험, 이오테크닉스) 86년생 (한미약품, CJ대한통운)4.토끼띠 : 끼있는 주식이 가장 잘 올라간다63년생 (HK이노엔, SK스퀘어) 75년생 (아모레퍼시픽, SK하이닉스) 87년생 (KB금융, 두산)5.용띠 : 시세는 주가보다 기간이 중요하다64년생 (강원랜드, 포스코DX) 76년생 (현대글로비스, 대웅제약) 88년생 (SK바이오사이언스, 에스엘)6.뱀띠 : 팔고나서 올라도 애통해 하지 마라65년생 (씨젠, 솔브레인) 77년생 (삼성생명, SK) 89년생 (HPSP, 한미반도체)




 

7.말띠 : 독립적으로 사고하라66 년생 (HDC현대산업개발, 한진칼) 78년생 (LIG넥스원, LX세미콘) 90년생 (하이브, 코웨이)8.양띠 : 손해보고 있는 종목부터 팔아라67년생 (한국앤컴퍼니, 한국콜마) 79년생 (넷마블, 미스토홀딩스) 91년생 (엔씨소프트, 우리금융지주)9.원숭이띠 : 이미는 아직이고, 아직은 이미이다68년생 (한화오션, 녹십자) 80년생 (대덕전자, LG이노텍) 92년생 (한미사이언스, 삼성전기)10.닭띠 : 도미를 사러 가서 정어리를 사지말라69년생 (에스원, 에스디바이오센서) 81년생 (유한양행, 롯데지주) 93년생 (코오롱인더, 신한지주)11.개띠 : 시장분위기에 취하지 마라70년생 (삼성엔지니어링, SK텔레콤) 82년생 (호텔신라, LG생활건강) 94년생 (삼천당제약, 한화에어로스페이스)12.돼지띠 : 신고가는 따라 붙어라71년생 (HD현대미포, 삼성전자) 83년생 (오뚜기, GS) 95년생 (한화시스템, 메리츠금융지주)링크종목 – 한전산업, 한신기계, 미래에셋생명, 코난테크놀로지, 한빛레이저무료상담",https://www.hankyung.com/article/202506091362a,2025.06.09 14:18
신용대출 이자 절감 꿀팁! 증권사 3%대 대출 전환법 공개,,"전송종목 : 카카오, JYP Ent.",https://www.hankyung.com/article/202507223173a,2025.07.22 10:28
"조선주 급락, 중장기 업황 고려하면 매수 기회… 비중 확대 의견 유지",,"지난주 국내 조선주가 높아진 시장 기대와 2분기 실적 우려, 중국 철강 감산에 따른 후판 가격 상승 우려 등으로 급락세를 보였으나, 증권가는 이를 중장기 업황을 감안할 때 매수 기회로 평가하고 있다.연휴 영향과 환율 하락 등으로 2분기 실적 조정은 불가피하지만, 선가 상승과 선종 믹스 개선, 공정 개선 효과가 이를 상쇄할 수 있을 것으로 전망된다. 특히 후판 가격은 이미 2분기 인상분 협상이 완료된 만큼 단기간 추가 급등 가능성은 낮다는 분석이다.또한 LNG선 발주 지연은 일시적이며, 중장기적으로 친환경 선박 발주 확대, 북미 LNG 프로젝트 확대, 정부 간 협력 발표에 따른 수혜 가능성 등으로 업황 개선 기대가 유지되고 있다. 이에 따라 조선업종 비중 확대 의견은 지속된다는 평가다.한편, 스탁론에 대한 관심이 날로높아지고 있다. 모처럼 잡은 투자기회를 놓치지 않으려는 투자자들이 주식매입을 위해 더 많은 자금을 활용할 수 있는 스탁론으로 눈길을 돌리고 있기 때문이다. 현 주가는 실적을 따라가지 못하고 있는 상황으로, 밸류에이션 리레이팅이 필요한 시기라는 평가도 나오고 있다.




 

◆ 올뉴스탁론, DSR 무관 상품에 연 4%대 최저금리 상품으로 다양한 선택지를!올뉴스탁론에서 투자자들 누구나 부담 없이 스탁론을 경험할 수 있도록 연 4%대 업계 최저금리로 이용 가능한 증권 연계신용 상품을 출시했다. 주식매입은 물론 증권사 미수/신용 대환 모두 가능하며 신용등급 차등 없이 자기 자본 포함 최대 4배까지 활용할 수 있다.이와 함께 DSR 한도 때문에 기존 스탁론 활용이 어려웠던 투자자들을 위한 DSR 무관 상품도 취급 중이다. 또한 장중 거래가 어려웠던 투자자를 위한 대체거래소(NXT) 거래도 가능해졌다.올뉴스탁론에 대해 자세히 알고 싶은 투자자는 고객상담센터(☎1599-8666)로 연락하면 대출 여부와 무관하게 언제든 전문상담원과 편리하게 상담할 수 있다.○ 보유하고 있는 대출액이나 소득 무관하게! (DSR 무관)○ 최대 4배 주식자금 활용 가능! (본인 자금 포함)○ 대체거래소(NXT) 거래 가능!○ 증권 신용/미수 당일 즉시 대환 가능!○ 기존 증권사 신용, 스탁론으로 매수가 어려웠던 종목도 OK!※ 올뉴스탁론 고객상담센터 : 1599-8666바로가기 : https://allnewstockloan.co.kr?agency=HTS◆ 현 시각 관심종목 Top 10 : 폴라리스AI파마, 한화솔루션, 셀트리온, 동양철관, SK텔레콤, 우리기술, iM금융지주, CJ대한통운, 비츠로셀, DSC인베스트먼트무료상담",https://www.hankyung.com/article/202507071650a,2025.07.08 09:50
조선업 관련주의 이것이 궁금하다?,,"조선업 관련주는 트럼프수혜주로 꼽히는 업종이다. 이에 따라 조선업 관련주에 투자자들이 주목하고 있다. 이에 따라 조선업의 신용융자현황의 궁금증도 크게 궁금해하는 모습이다.특히 주식 투자자들에게 신용융자현황은 시장이나 주식이 크게 변동할 때 참고해야 할 지표로 꼽히고 있다.조선업 주요종목들의 신용융자잔고 현황은 아래와 같다.공여율: 하루 거래량 중 신용융자거래가 차지하는 비중잔고비율: 상장된 총 주식 신용융자로 매수한 주식 수량의 비율




 

삼성중공업 신용융자잔고 11,935,538주, 잔고비율 1.35%, 공여비율 21.11%한화오션 신용융자잔고 4,280,692주, 잔고비율 1.39%, 공여비율 17.45%HD현대미포 신용융자잔고 441,293주, 잔고비율 1.09%, 공여비율 10.92%HD현대중공업 신용융자잔고 147,415주, 잔고비율 0.15%, 공여비율 7.43%HD한국조선해양 신용융자잔고 270,081주, 잔고비율 0.38%, 공여비율 7.98%(6월 24일 기준)LS ELECTRIC, 에코프로머티, 하이브, 셀트리온제약, 삼성전기무료상담",https://www.hankyung.com/article/202506258040a,2025.06.25 10:13
"지금 증권사 신용담보 옮기지 않으면 1년에 1,500만원 손해봅니다",,"전송종목 : 한국콜마, 팬오션, 산일전기, 보로노이, HL만도매일 4만 원씩, 1년이면 약 1,500만 원, 이 돈은 누구의 통장으로 들어갈까요?당신이 가만히 있는 순간에도, 고금리 증권사는 웃고 있습니다.최근 주식 투자자들 사이에서는 신용융자, 미수 등 증권사의 고금리 대출의 이자 부담이 뜨거운 감자로 떠오르고 있다.많은 투자자들이 “금리를 낮추고 싶다”고 말하지만, 기존 대출 상환 후 재매수라는 번거로운 절차에 자금 마련까지 어려워 그냥 방치하고 마는 경우가 다반사이다.이러한 고금리의 증권사 신용 및 담보대출 이용자들의 악순환을 끊을 방법이 생겼다.바로 무빙스탁의 ‘증권사 신용, 대환자금대출’ 서비스가 출시된 것이다.이 서비스는 보유 주식을 매도하지 않고, 기존 고금리 주식대출(신용/미수 등)을 연 3%대의 저금리 상품으로 전환할 수 있도록 상환자금을 지원하는 것이 핵심이다.무빙스탁 관계자는 “금리를 5%만 낮춰도, 신용대출 3억 원 기준 무려 1,500만 원의 이자 절감 효과가 있습니다.” 라고 밝혔다.더 놀라운 사실은, 지금 이벤트 기간 중 신청하면 대환자금 이자까지 0원이라는 점이다. 단 하루의 이자 부담도 없이, 기존 고금리를 완전히 벗어날 수 있는 절호의 기회이다.무빙스탁 ‘증권사 신용, 대환자금대출’의 비용 무료 이벤트는 이벤트 기간 동안 한정적으로 제공되는 만큼, 고금리의 신용융자를 이용 중인 투자자라면 지금 바로 확인해볼 필요가 있다.★ 장마감 시간이 가까워질수록 문의가 많아 상담이 지연될 수 있습니다.★ 5월 문의하신 고객들이 많이 보유하신 종목으로는 삼성전자, POSCO홀딩스, 셀트리온, 포스코퓨처엠, 에코프로비엠, NAVER, 에코프로, 삼성SDI, LG화학, SK하이닉스, 두산에너빌리티, 카카오, SK이노베이션, LG에너지솔루션, 엘앤에프, 삼천당제약, 현대차, 알테오젠, HPSP, LG전자 등이 있습니다.★ 안내사항과도한 빚은 당신에게 큰 불행을 안겨줄 수 있습니다. 대출 시 신용등급 하락으로 다른 금융거래가 제약받을 수 있습니다. 중개수수료를 요구하거나 받는 것은 불법입니다.상호명: ㈜단비대부 2021-서울영등포-2102(대부업) | TEL: 1544-4886 | 대출금리: 연 20%이내(연체금리는 약정금리+3%p이내, 최대 연 20%이내) | 단, 2021. 7. 7.부터 신규체결, 갱신, 연장되는 계약에 한함 | 채무의 조기상환 조건 및 부대비용 없음. (단, 신용조회비용 및 담보권설정비용 있음), 이자 외 별도로 중개수수료를 요구하거나 수취하는 것은 불법입니다. | 대표이사: 박동원 | 사업자등록번호: 274-86-00231 | 등록기관명칭: 서울 영등포구청(담당부서: 일자리경제과, 02-2670-3420) | 소재지 : 서울 영등포구 여의대방로67길 11, 5층 517호 | 개인정보관리자메일: help@danbifund.co.kr무료상담",https://www.hankyung.com/article/202505277256a,2025.05.27 09:36
이자 폭탄 막자! 증권사 신용대출 3%대 전환으로 절약하는 법,,"전송종목 : LX하우시스, 셀바스AI, 에스와이, 디아이티, 위메이드최근 주식 투자자들 사이에서 주식대출(미수/신용융자 등)의 고금리에 대한 부담이 커지고 있다.특히 저금리를 적용 받고 싶어도, 기존 대출을 상환하고 다시 주식을 매수해야 하는 번거로운 절차와 자금 조달의 어려움이 발목을 잡고 있다.이런 현실적인 문제를 해결하고자, 무빙스탁이 ‘증권사 신용, 대환자금대출’ 서비스를 전격 출시했다.이 상품은 주식을 매도하지 않고도, 기존의 고금리의 주식대출(미수/신용융자 등)의 3%대의 혁신적인 저금리 증권사로 전환할 수 있도록 상환자금을 제공하는 것이 핵심이다.무빙스탁 관계자는 “현재 증권사 이벤트 금리는 연 3%대 수준으로, 기존 9~10%대 고금리를 적용받는 투자자라면 절감 효과가 상당하다”며, 금리를 5%만 낮추면 “1억원 신용대출 기준으로 연간 약 500만원, 3억원이라면 1,500만원까지도 절약할 수 있다”고 밝혔다.더 놀라운 점은, 현재는 이벤트 기간으로 대환자금대출 신청시 발생하는 이자 비용까지 ‘0원’이라는 사실이다. 대환자금에 대해서 하루의 대출이자도 부담하지 않고 기존 고금리 대출을 저금리로 전환할 수 있어, 고금리 부담에 시달리던 투자자들에게 큰 호응을 얻을 전망이다.이 서비스는 부동산 시장에서 흔히 이용되던 대환대출 개념을 증권시장에 도입한 혁신적인 시도로, 주식 투자자들의 자금 운용에 새로운 대안을 제시할 것으로 기대된다.무빙스탁 ‘증권사 신용, 대환자금대출’의 비용 무료 이벤트는 이벤트 기간 동안 한정적으로 제공되는 만큼, 신용융자를 이용 중인 투자자라면 지금 바로 확인해볼 필요가 있다.★ 장마감 시간이 가까워질수록 문의가 많아 상담이 지연될 수 있습니다.★ 7월 문의하신 고객들이 많이 보유하신 종목으로는 삼성전자, POSCO홀딩스, 셀트리온, 포스코퓨처엠, 에코프로비엠, NAVER, 에코프로, 삼성SDI, LG화학, SK하이닉스, 두산에너빌리티, 카카오, SK이노베이션, LG에너지솔루션, 엘앤에프, 삼천당제약, 현대차, 알테오젠, HPSP, LG전자 등이 있습니다.★ 안내사항과도한 빚은 당신에게 큰 불행을 안겨줄 수 있습니다. 대출 시 신용등급 하락으로 다른 금융거래가 제약받을 수 있습니다. 중개수수료를 요구하거나 받는 것은 불법입니다.상호명: ㈜단비대부 2021-서울영등포-2102(대부업) | TEL: 1544-4886 | 대출금리: 연 20%이내(연체금리는 약정금리+3%p이내, 최대 연 20%이내) | 단, 2021. 7. 7.부터 신규체결, 갱신, 연장되는 계약에 한함 | 채무의 조기상환 조건 및 부대비용 없음. (단, 신용조회비용 및 담보권설정비용 있음), 이자 외 별도로 중개수수료를 요구하거나 수취하는 것은 불법입니다. | 대표이사: 박동원 | 사업자등록번호: 274-86-00231 | 등록기관명칭: 서울 영등포구청(담당부서: 일자리경제과, 02-2670-3420) | 소재지 : 서울 영등포구 여의대방로67길 11, 5층 517호 | 개인정보관리자메일: help@danbifund.co.kr무료상담",https://www.hankyung.com/article/202507035105a,2025.07.03 08:43
소외됐던 제약·바이오株 반등…업종 순환매에 재평가 기대,,"관세 유예기간 만료 불확실성과 단기 증시 상승 피로감이 겹치며 국내 증시가 약세를 보인 가운데, 그동안 소외됐던 제약·바이오주가 모처럼 강세를 기록했다. 셀트리온, 종근당, 삼성바이오로직스 등 주요 바이오 종목들이 상승했고 관련 ETF도 일제히 반등하며 투자심리가 개선되는 모습이었다.제약·바이오 업종은 올해 코스피의 강한 상승 랠리 속에서도 상대적으로 부진했던 섹터로, 글로벌 의약품 정책 불확실성과 약가 인하 압박 등으로 투자심리가 위축된 상태였다. 그러나 증시 내 순환매 흐름이 이어지며 가격 매력이 부각되자 투자자들의 관심이 다시 집중되는 모습이다.전문가들은 단기적으로 업종 순환매 수혜가 기대되지만, 중장기적으로는 개별 기업의 실적과 이벤트 중심으로 선별적 접근이 필요하다고 조언하고 있다. 특히 파이프라인, 안정적 성장, 정책 수혜 가능성이 있는 기업이 주목받을 것으로 전망된다.한편, 스탁론에 대한 관심이 날로높아지고 있다. 모처럼 잡은 투자기회를 놓치지 않으려는 투자자들이 주식매입을 위해 더 많은 자금을 활용할 수 있는 스탁론으로 눈길을 돌리고 있기 때문이다. 현 주가는 실적을 따라가지 못하고 있는 상황으로, 밸류에이션 리레이팅이 필요한 시기라는 평가도 나오고 있다.




 

◆ 하이스탁론, 연 4%대 업계 최저금리로 추가 투자금은 물론 신용미수 대환까지!<하이스탁론>에서 누구나 부담 없이 스탁론을 경험할 수 있도록 연 4%대 최저금리 상품을 출시했다. 주식매입 용도는 물론 증권사 미수/신용 대환도 가능하며 신용등급 차등 없이 자기자본 포함 최대 4배까지 활용할 수 있다.이와 함께 DSR 한도 때문에 기존 스탁론 이용이 어려웠던 투자자들은 위한 DSR 무관 상품도 취급 중이다. 또한 장중 거래가 어려웠던 투자자를 위한 대체거래소(NXT) 거래도 가능해졌다.<하이스탁론>의 새로운 상품에 대해 자세히 알고 싶은 투자자는 고객상담센터(1599-0313)로 연락하면 대출 여부와 상관없이 24시간 언제든 전문상담원과 편리한 상담이 가능하다.○ 연 4%대 업계 최저금리 상품 출시○ 대체거래소(NXT) 거래 가능!○ 21년 연속 시장 점유율 1위, 16년 연속 대한민국퍼스트브랜드 대상○ 증권사 신용/미수 실시간 상환, 한종목 100% 집중 투자○ 믿을 수 있는 상담품질보증제※하이스탁론상담센터 : 1599-0313바로가기:https://www.hisl.co.kr/0313◆ 현 시각 관심종목 Top 10 : 두산에너빌리티, SK하이닉스, 한화오션, LG씨엔에스, 우리기술, 실리콘투, 이구산업, 형지엘리트, 미래반도체, 대보마그네틱무료상담",https://www.hankyung.com/article/202507035314a,2025.07.04 10:10
"추가 투자금, 신용미수 대환 자금을 신청 당일 즉시! DSR 무관!",,"DSR 한도가 ‘스탁론’에도 적용된 후 투자자들의 고민이 날로 깊어지고 있다. 기존 대출이 많거나 소득 증빙이 어려울 경우 예전처럼 손쉽게 스탁론을 활용하기가 어려워졌기 때문이다. 예전보다 높아진 금리로 스탁론 이용을 부담스럽게 만들고 있다.이런 상황에서 올뉴스탁론이 구원투수로 나섰다. DSR 무관 누구나 이용 가능한 스탁론 상품은 물론 연 4%대 업계 최저금리로 이용 가능한 상품을 함께 선보이며 투자자들의 선택지를 넓힌 것이다.




 

◆ 올뉴스탁론, DSR 무관 상품에 연 4%대 최저금리 상품으로 다양한 선택지를!올뉴스탁론에서 투자자들 누구나 부담 없이 스탁론을 경험할 수 있도록 연 4%대 업계 최저금리로 이용 가능한 증권 연계신용 상품을 출시했다. 주식매입은 물론 증권사 미수/신용 대환 모두 가능하며 신용등급 차등 없이 자기 자본 포함 최대 4배까지 활용할 수 있다.이와 함께 DSR 한도 때문에 기존 스탁론 활용이 어려웠던 투자자들을 위한 DSR 무관 상품도 취급 중이다. 이 상품도 투자자들의 깊은 관심을 받으며 업계 최초 5,000억원을 돌파한 바 있다.올뉴스탁론에 대해 자세히 알고 싶은 투자자는 고객상담센터(☎1599-8666)로 연락하면 대출 여부와 무관하게 언제든 전문상담원과 편리하게 상담할 수 있다.○ 보유하고 있는 대출액이나 소득 무관하게! (DSR 무관)○ 최대 4배 주식자금 활용 가능! (본인 자금 포함)○ 증권 신용/미수 당일 즉시 대환 가능!○ 기존 증권사 신용, 스탁론으로 매수가 어려웠던 종목도 OK!※ 올뉴스탁론 고객상담센터 : 1599-8666바로가기 : https://allnewstockloan.co.kr?agency=HTS◆ 현 시각 관심종목 Top 10 : 셀트리온, 알테오젠, 한미반도체, 현대차, 카카오, 세진중공업, 피아이이, 램테크놀러지, 그린생명과학, 포바이포무료상담",https://www.hankyung.com/article/202505293315a,2025.05.30 10:25
이자 부담 최소화! 증권사 신용대출 3%대로 바꾸는 절호의 기회,,"전송종목 : 아이에스동서, CJ씨푸드, 부산산업, 현대코퍼레이션, 신성이엔지최근 주식 투자자들 사이에서 주식대출(미수/신용융자 등)의 고금리에 대한 부담이 커지고 있다.특히 저금리를 적용 받고 싶어도, 기존 대출을 상환하고 다시 주식을 매수해야 하는 번거로운 절차와 자금 조달의 어려움이 발목을 잡고 있다.이런 현실적인 문제를 해결하고자, 무빙스탁이 ‘증권사 신용, 대환자금대출’ 서비스를 전격 출시했다.이 상품은 주식을 매도하지 않고도, 기존의 고금리의 주식대출(미수/신용융자 등)의 3%대의 혁신적인 저금리 증권사로 전환할 수 있도록 상환자금을 제공하는 것이 핵심이다.무빙스탁 관계자는 “현재 증권사 이벤트 금리는 연 3%대 수준으로, 기존 9~10%대 고금리를 적용받는 투자자라면 절감 효과가 상당하다”며, 금리를 5%만 낮추면 “1억원 신용대출 기준으로 연간 약 500만원, 3억원이라면 1,500만원까지도 절약할 수 있다”고 밝혔다.더 놀라운 점은, 현재는 이벤트 기간으로 대환자금대출 신청시 발생하는 이자 비용까지 ‘0원’이라는 사실이다. 대환자금에 대해서 하루의 대출이자도 부담하지 않고 기존 고금리 대출을 저금리로 전환할 수 있어, 고금리 부담에 시달리던 투자자들에게 큰 호응을 얻을 전망이다.이 서비스는 부동산 시장에서 흔히 이용되던 대환대출 개념을 증권시장에 도입한 혁신적인 시도로, 주식 투자자들의 자금 운용에 새로운 대안을 제시할 것으로 기대된다.무빙스탁 ‘증권사 신용, 대환자금대출’의 비용 무료 이벤트는 이벤트 기간 동안 한정적으로 제공되는 만큼, 신용융자를 이용 중인 투자자라면 지금 바로 확인해볼 필요가 있다.★ 장마감 시간이 가까워질수록 문의가 많아 상담이 지연될 수 있습니다.★ 7월 문의하신 고객들이 많이 보유하신 종목으로는 삼성전자, POSCO홀딩스, 셀트리온, 포스코퓨처엠, 에코프로비엠, NAVER, 에코프로, 삼성SDI, LG화학, SK하이닉스, 두산에너빌리티, 카카오, SK이노베이션, LG에너지솔루션, 엘앤에프, 삼천당제약, 현대차, 알테오젠, HPSP, LG전자 등이 있습니다.★ 안내사항과도한 빚은 당신에게 큰 불행을 안겨줄 수 있습니다. 대출 시 신용등급 하락으로 다른 금융거래가 제약받을 수 있습니다. 중개수수료를 요구하거나 받는 것은 불법입니다.상호명: ㈜단비대부 2021-서울영등포-2102(대부업) | TEL: 1544-4886 | 대출금리: 연 20%이내(연체금리는 약정금리+3%p이내, 최대 연 20%이내) | 단, 2021. 7. 7.부터 신규체결, 갱신, 연장되는 계약에 한함 | 채무의 조기상환 조건 및 부대비용 없음. (단, 신용조회비용 및 담보권설정비용 있음), 이자 외 별도로 중개수수료를 요구하거나 수취하는 것은 불법입니다. | 대표이사: 박동원 | 사업자등록번호: 274-86-00231 | 등록기관명칭: 서울 영등포구청(담당부서: 일자리경제과, 02-2670-3420) | 소재지 : 서울 영등포구 여의대방로67길 11, 5층 517호 | 개인정보관리자메일: help@danbifund.co.kr무료상담",https://www.hankyung.com/article/202507108874a,2025.07.10 11:38
9~10% 주식 관련 대출에서 3%대 대출로 교체,,"전송종목 : 에스에이엠티, 신세계인터내셔날, 신세계푸드, 피에스케이홀딩스, 한국파마최근 주식 투자자들 사이에서 주식대출(미수/신용융자 등)의 고금리에 대한 부담이 커지고 있다.특히 저금리를 적용 받고 싶어도, 기존 대출을 상환하고 다시 주식을 매수해야 하는 번거로운 절차와 자금 조달의 어려움이 발목을 잡고 있다.이런 현실적인 문제를 해결하고자, 무빙스탁이 ‘증권사 신용, 대환자금대출’ 서비스를 전격 출시했다.이 상품은 주식을 매도하지 않고도, 기존의 고금리의 주식대출(미수/신용융자 등)의 3%대의 혁신적인 저금리 증권사로 전환할 수 있도록 상환자금을 제공하는 것이 핵심이다.무빙스탁 관계자는 “현재 증권사 이벤트 금리는 연 3%대 수준으로, 기존 9~10%대 고금리를 적용받는 투자자라면 절감 효과가 상당하다”며, 금리를 5%만 낮추면 “1억원 신용대출 기준으로 연간 약 500만원, 3억원이라면 1,500만원까지도 절약할 수 있다”고 밝혔다.더 놀라운 점은, 현재는 이벤트 기간으로 대환자금대출 신청시 발생하는 이자 비용까지 ‘0원’이라는 사실이다. 대환자금에 대해서 하루의 대출이자도 부담하지 않고 기존 고금리 대출을 저금리로 전환할 수 있어, 고금리 부담에 시달리던 투자자들에게 큰 호응을 얻을 전망이다.이 서비스는 부동산 시장에서 흔히 이용되던 대환대출 개념을 증권시장에 도입한 혁신적인 시도로, 주식 투자자들의 자금 운용에 새로운 대안을 제시할 것으로 기대된다.무빙스탁 ‘증권사 신용, 대환자금대출’의 비용 무료 이벤트는 이벤트 기간 동안 한정적으로 제공되는 만큼, 신용융자를 이용 중인 투자자라면 지금 바로 확인해볼 필요가 있다.★ 장마감 시간이 가까워질수록 문의가 많아 상담이 지연될 수 있습니다.★ 7월 문의하신 고객들이 많이 보유하신 종목으로는 삼성전자, POSCO홀딩스, 셀트리온, 포스코퓨처엠, 에코프로비엠, NAVER, 에코프로, 삼성SDI, LG화학, SK하이닉스, 두산에너빌리티, 카카오, SK이노베이션, LG에너지솔루션, 엘앤에프, 삼천당제약, 현대차, 알테오젠, HPSP, LG전자 등이 있습니다.★ 안내사항과도한 빚은 당신에게 큰 불행을 안겨줄 수 있습니다. 대출 시 신용등급 하락으로 다른 금융거래가 제약받을 수 있습니다. 중개수수료를 요구하거나 받는 것은 불법입니다.상호명: ㈜단비대부 2021-서울영등포-2102(대부업) | TEL: 1544-4886 | 대출금리: 연 20%이내(연체금리는 약정금리+3%p이내, 최대 연 20%이내) | 단, 2021. 7. 7.부터 신규체결, 갱신, 연장되는 계약에 한함 | 채무의 조기상환 조건 및 부대비용 없음. (단, 신용조회비용 및 담보권설정비용 있음), 이자 외 별도로 중개수수료를 요구하거나 수취하는 것은 불법입니다. | 대표이사: 박동원 | 사업자등록번호: 274-86-00231 | 등록기관명칭: 서울 영등포구청(담당부서: 일자리경제과, 02-2670-3420) | 소재지 : 서울 영등포구 여의대방로67길 11, 5층 517호 | 개인정보관리자메일: help@danbifund.co.kr무료상담",https://www.hankyung.com/article/202507111593a,2025.07.11 10:48
'200% 관세 폭탄'…삼성바이오·셀트리온 엇갈린 이유,,"영상 모듈 닫기




<앵커>트럼프 대통령이 미국이 아닌 곳에서 생산되는 의약품에 대한 관세를 200% 수준으로 예고했습니다.국내 대형 바이오 기업들의 반응은 엇갈리고 있습니다.관련해 산업부 김수진 기자와 이야기 나눠봅니다.김 기자, 지금 셀트리온이 굉장히 적극적으로 대응하고 있죠.<기자>지금 셀트리온 홈페이지 첫 화면이 '주주님께 드리는 글' 입니다.미국 트럼프 행정부 의약품 관세 부과 계획에 관한 대응 전략이 담겨있습니다.현재 2년분 재고가 미국에 있고, 미국 판매 제품은 미국내에서 생산할 수 있게 현지 파트너와 이미 계약을 완료했다는 내용이었죠.또 미국 생산시설 보유 회사 인수도 검토하고 있다고 덧붙였습니다.과거에도 셀트리온은 미국 의약품 관세 관련 발표 때마다 입장을 곧바로 밝혀왔습니다.<앵커>일종의 주주 친화 정책에서 이렇게 적극 대응하는 건 이해가 가는데, 그에 비해 삼성바이오로직스는 비교적 조용한 모습입니다.왜 그런건가요?<기자> 실제로 삼성바이오로직스는 비교적 단순한데요.따로 홈페이지에 공지를 올리거나 자료를 내지 않고 ""미국 발표 내용을 분석하고 있다, 다양한 방안을 검토 중이다""는 입장만 알려왔습니다.  이런 온도차에는 앞서 말씀주신 주주 친화 정책의 방향이나, 회사 자체 특성이 분명 존재합니다.그런데 업계에서는 미국 시장 비중과 주력 사업 품목 차이도 이유로 꼽습니다.미국 시장 비중부터 살펴볼까요.두 회사 모두 유럽 매출이 미국보다 크지만, 비중에서 차이가 납니다.2024년 기준 삼성바이오의 유럽 매출 비중은 65%에 달하는 반면 미국은 25% 수준입니다.셀트리온을 살펴보면 2024년 유럽 매출 비중이 49.7%, 북미가 약 33.6%라 삼성바이오에 비해 상대적으로 미국 매출 비중이 더 큽니다. 게다가 셀트리온은 그간 미국에서 짐펜트라와 스테키마 등 주력 치료제 공급을 위해, 미국에서 의약품 판매에 필수 조건으로 불리는 PBM(약국급여관리자)등재를 위해 많은 투자를 해 왔거든요.짐펜트라와 스테키마 같은 경우 미국 3대 PBM 처방집에 등재가 완료됐고, 본격 공급하면 되는 상황에서 관세 문제가 터진겁니다.<앵커>삼성바이오와 셀트리온의 주력 사업은 각각 CDMO(위탁생산개발)와 바이오시밀러 완제의약품으로 다르단 것도 차이가 있다면서요?<기자>CDMO는 고객사 위탁 의약품을 계약 내용대로만 만들어서 납품하면 됩니다.그 과정에서 고객사가 관세를 부담하는게 일반적이라, 완제의약품을 한국에서 생산해서 미국에 가져다 파는 것보다 타격이 덜합니다.물론 고객사가 관세로 마진이 줄어드는 걸 고려해 기업에게 비용 분담을 시킬 방안을 찾을 수 있습니다.삼성바이오가 고객사와 협상하기 나름인데, 삼성의 강점인 기술력·대규모 생산 능력 등의 패를 얼마나 활용할 수 있는지에 따라 결과는 달라질 것 같습니다.그리고 현재 트럼프가 밝힌 의약품 관세 내용을 보면 의약품이라고 통틀어서만 이야기하고, 자세한 사항은 언급하지 않았거든요.CDMO를 구분해 별도로 언급한다면 삼성바이오도 직접적인 영향을 받을 수 있는겁니다.그 외에 지금 주목해서 볼 부분은 '미국 내 생산' 입니다.트럼프 대통령은 1기 행정부 시절에도 정부 조달시장에 참가하려면 미국 내 생산시설이 필수인 정책을 언급한 바 있습니다.기조 자체가 미국 내에서 생산해야 불이익을 덜 주겠다는 입장입니다.셀트리온이 회사 인수를 통한 현지 생산 전환을 추진하는 것도 이 때문입니다.미국 내 생산 공장을 새롭게 만드려면 4~6년 넘게 걸리니, 현지 기업 인수를 검토하는게 이득입니다.<앵커>당장은 셀트리온처럼 완제의약품을 국내에서 생산, 미국으로 공급하는 기업이 더 불리하다는 결론이 나오는데, 실제로 관세 부과가 현실화되면 어떻게 될까요?<기자>당장은 그렇지만, 미국 정부가 '유예 기간'을 언급한데서 희망적인 시각을 가질 수 있습니다.1년 반 사이에 한미정상회담 등을 통해 관세를 협상할 수도 있고요.셀트리온을 예로 들었을때 당장 관세가 부과된다면 짐펜트라(램시마SC)같은 미국 주력 제품이 타격을 받을 수 있습니다.하지만 셀트리온은 2년치 재고를 미국에 쌓아놨다고 밝힌 바 있습니다.때문에 계획대로 2년 안에 현지 생산시설을 확보한다면 큰 문제가 없다고 봅니다.<앵커>네, 여기까지 듣겠습니다.김수진기자 sjpen@wowtv.co.kr",https://www.hankyung.com/article/2025071003825,2025.07.10 14:43
이자 부담 최소화! 증권사 신용대출 3%대로 바꾸는 절호의 기회,,"전송종목 : 한화오션, LG전자, LIG넥스원, 삼성중공업, KODEX200최근 주식 투자자들 사이에서 주식대출(미수/신용융자 등)의 고금리에 대한 부담이 커지고 있다.특히 저금리를 적용 받고 싶어도, 기존 대출을 상환하고 다시 주식을 매수해야 하는 번거로운 절차와 자금 조달의 어려움이 발목을 잡고 있다.이런 현실적인 문제를 해결하고자, 무빙스탁이 ‘증권사 신용, 대환자금대출’ 서비스를 전격 출시했다.이 상품은 주식을 매도하지 않고도, 기존의 고금리의 주식대출(미수/신용융자 등)의 3%대의 혁신적인 저금리 증권사로 전환할 수 있도록 상환자금을 제공하는 것이 핵심이다.무빙스탁 관계자는 “현재 증권사 이벤트 금리는 연 3%대 수준으로, 기존 9~10%대 고금리를 적용받는 투자자라면 절감 효과가 상당하다”며, 금리를 5%만 낮추면 “1억원 신용대출 기준으로 연간 약 500만원, 3억원이라면 1,500만원까지도 절약할 수 있다”고 밝혔다.더 놀라운 점은, 현재는 이벤트 기간으로 대환자금대출 신청시 발생하는 이자 비용까지 ‘0원’이라는 사실이다. 대환자금에 대해서 하루의 대출이자도 부담하지 않고 기존 고금리 대출을 저금리로 전환할 수 있어, 고금리 부담에 시달리던 투자자들에게 큰 호응을 얻을 전망이다.이 서비스는 부동산 시장에서 흔히 이용되던 대환대출 개념을 증권시장에 도입한 혁신적인 시도로, 주식 투자자들의 자금 운용에 새로운 대안을 제시할 것으로 기대된다.무빙스탁 ‘증권사 신용, 대환자금대출’의 비용 무료 이벤트는 이벤트 기간 동안 한정적으로 제공되는 만큼, 신용융자를 이용 중인 투자자라면 지금 바로 확인해볼 필요가 있다.★ 장마감 시간이 가까워질수록 문의가 많아 상담이 지연될 수 있습니다.★ 6월 문의하신 고객들이 많이 보유하신 종목으로는 삼성전자, POSCO홀딩스, 셀트리온, 포스코퓨처엠, 에코프로비엠, NAVER, 에코프로, 삼성SDI, LG화학, SK하이닉스, 두산에너빌리티, 카카오, SK이노베이션, LG에너지솔루션, 엘앤에프, 삼천당제약, 현대차, 알테오젠, HPSP, LG전자 등이 있습니다.★ 안내사항과도한 빚은 당신에게 큰 불행을 안겨줄 수 있습니다. 대출 시 신용등급 하락으로 다른 금융거래가 제약받을 수 있습니다. 중개수수료를 요구하거나 받는 것은 불법입니다.상호명: ㈜단비대부 2021-서울영등포-2102(대부업) | TEL: 1544-4886 | 대출금리: 연 20%이내(연체금리는 약정금리+3%p이내, 최대 연 20%이내) | 단, 2021. 7. 7.부터 신규체결, 갱신, 연장되는 계약에 한함 | 채무의 조기상환 조건 및 부대비용 없음. (단, 신용조회비용 및 담보권설정비용 있음), 이자 외 별도로 중개수수료를 요구하거나 수취하는 것은 불법입니다. | 대표이사: 박동원 | 사업자등록번호: 274-86-00231 | 등록기관명칭: 서울 영등포구청(담당부서: 일자리경제과, 02-2670-3420) | 소재지 : 서울 영등포구 여의대방로67길 11, 5층 517호 | 개인정보관리자메일: help@danbifund.co.kr무료상담",https://www.hankyung.com/article/202506179330a,2025.06.17 14:18
"""바닥 쳤다"" 셀트리온 실적에 호평 쏟아낸 증권가",,"셀트리온 송도 2공장 전경. 셀트리온 제공

셀트리온이 예상 수준의 2분기 실적을 빠르게 발표하자 증권가에선 호평이 이어졌다. 1분기 ‘어닝 쇼크’를 바닥으로 회복세에 접어들었다며 하반기부터는 본격적인 실적 개선을 점쳤다.22일 관련업계에 따르면 셀트리온은 지나 2부기 매출 9615억원, 영업이익 2425억원의 잠정실적을 기록했다. 전년 동기 대비 매출과 영업이익이 각각 9.9%와 234.5% 증가했다. 실적 발표 직전 집계돼 있던 컨센서스(증권사 추정치 평균)와 비슷한 수준이다.바이오시밀러 판매에서 신제품군이 기존 제품군을 추월했다는 게 눈길을 끌었다. 위해주 한국투자증권 연구원은 “램시마 피하주사(SC), 유플라이마, 베그젤마, 스테키마 등 신제품군의 매출이 4680억원을 달성했다”며 “분기 실적 기준 처음으로 신제품군의 매출이 램시마, 트룩시마, 허쥬마 등 기존제품의 매출(4148억원)을 넘어섰다”고 말했다. 그러면서 “신제품군 성장은 유럽 중심의 매출 증가 덕분”이라고 덧붙였다.수익성도 개선됐다. 셀트리온의 2분기 매출총이익률은 56.6%로, 직전분기 대비 4%포인트 개선됐다. 서근희 삼성증권 연구원은 “원가가 높은 재고가 대부분 소진됐고, 1분기까지 외주로 생산되던 원료의약품을 2분기부터 자체 생산으로 전환해 제조 원가를 절감했다”고 설명했다.실적을 발표한 시점도 관심을 끌었다. 이전까지 셀트리온은 실적 시즌 막바지에 실적을 발표해왔지만, 이번에는 비교적 초반에 실적을 내놨기 때문이다. 권해순 유진투자증권 연구원은 셀트리온이 실적 공시 시점을 앞당긴 데 대해 “불확실한 기간을 단축시켜 주가 변동 리스크릴 관리하는 한편, 실적 개선에 대한 자신감을 표현한 것”이라고 판단했다.짐펜트라(램시마SC의 미국 판매명)의 처방건수 증가세도 주목된다. 2분기에는 3793건이 처방돼 직전분기 대비 35.3% 증가했다. 이희영 대신증권 연구원은 “출시 초기 단계의 특성상 리베이트와 코페이 등 비용이 보수적으로 차감되기 때문에 실제 매출과 처방 건수 사이의 연관성이 아직 높지 않다”면서 “실제 처방 건수가 꾸준히 증가하고 있어, 향후 매출로의 연결 가능성이 점차 높아질 것”이라고 예상했다.셀트리온의 주가 상승세도 좀 더 이어질 것으로 점쳐졌다. 권해순 연구원은 “셀트리온 주가는 시장 예상치를 밑돈 1분기 실적이 발표되기 전부터 지속적으로 하락하다가 5월 중순을 저점으로 지금까지 약 19% 상승했다”며 “주가가 올랐지만, 내년 이익이 급증할 것이란 전망에 따라 밸류에이션 부담이 완화되는 구간에 진입하는 시기에 추가적인 반등이 예상된다”고 말했다.에프앤가이드에는 셀트리온의 3분기 영업이익 컨센서스가 3342억원으로, 4분기는 4080억원으로 각각 집계돼 있다,한경우 한경닷컴 기자 case@hankyung.com",https://www.hankyung.com/article/2025072233286,2025.07.22 08:45
이자 부담 최소화! 증권사 신용대출 3%대로 바꾸는 절호의 기회,,"전송종목 : 코나아이, 아이티센글로벌, 로보티즈, 알테오젠, 한미글로벌최근 주식 투자자들 사이에서 주식대출(미수/신용융자 등)의 고금리에 대한 부담이 커지고 있다.특히 저금리를 적용 받고 싶어도, 기존 대출을 상환하고 다시 주식을 매수해야 하는 번거로운 절차와 자금 조달의 어려움이 발목을 잡고 있다.이런 현실적인 문제를 해결하고자, 무빙스탁이 ‘증권사 신용, 대환자금대출’ 서비스를 전격 출시했다.이 상품은 주식을 매도하지 않고도, 기존의 고금리의 주식대출(미수/신용융자 등)의 3%대의 혁신적인 저금리 증권사로 전환할 수 있도록 상환자금을 제공하는 것이 핵심이다.무빙스탁 관계자는 “현재 증권사 이벤트 금리는 연 3%대 수준으로, 기존 9~10%대 고금리를 적용받는 투자자라면 절감 효과가 상당하다”며, 금리를 5%만 낮추면 “1억원 신용대출 기준으로 연간 약 500만원, 3억원이라면 1,500만원까지도 절약할 수 있다”고 밝혔다.더 놀라운 점은, 현재는 이벤트 기간으로 대환자금대출 신청시 발생하는 이자 비용까지 ‘0원’이라는 사실이다. 대환자금에 대해서 하루의 대출이자도 부담하지 않고 기존 고금리 대출을 저금리로 전환할 수 있어, 고금리 부담에 시달리던 투자자들에게 큰 호응을 얻을 전망이다.이 서비스는 부동산 시장에서 흔히 이용되던 대환대출 개념을 증권시장에 도입한 혁신적인 시도로, 주식 투자자들의 자금 운용에 새로운 대안을 제시할 것으로 기대된다.무빙스탁 ‘증권사 신용, 대환자금대출’의 비용 무료 이벤트는 이벤트 기간 동안 한정적으로 제공되는 만큼, 신용융자를 이용 중인 투자자라면 지금 바로 확인해볼 필요가 있다.★ 장마감 시간이 가까워질수록 문의가 많아 상담이 지연될 수 있습니다.★ 6월 문의하신 고객들이 많이 보유하신 종목으로는 삼성전자, POSCO홀딩스, 셀트리온, 포스코퓨처엠, 에코프로비엠, NAVER, 에코프로, 삼성SDI, LG화학, SK하이닉스, 두산에너빌리티, 카카오, SK이노베이션, LG에너지솔루션, 엘앤에프, 삼천당제약, 현대차, 알테오젠, HPSP, LG전자 등이 있습니다.★ 안내사항과도한 빚은 당신에게 큰 불행을 안겨줄 수 있습니다. 대출 시 신용등급 하락으로 다른 금융거래가 제약받을 수 있습니다. 중개수수료를 요구하거나 받는 것은 불법입니다.상호명: ㈜단비대부 2021-서울영등포-2102(대부업) | TEL: 1544-4886 | 대출금리: 연 20%이내(연체금리는 약정금리+3%p이내, 최대 연 20%이내) | 단, 2021. 7. 7.부터 신규체결, 갱신, 연장되는 계약에 한함 | 채무의 조기상환 조건 및 부대비용 없음. (단, 신용조회비용 및 담보권설정비용 있음), 이자 외 별도로 중개수수료를 요구하거나 수취하는 것은 불법입니다. | 대표이사: 박동원 | 사업자등록번호: 274-86-00231 | 등록기관명칭: 서울 영등포구청(담당부서: 일자리경제과, 02-2670-3420) | 소재지 : 서울 영등포구 여의대방로67길 11, 5층 517호 | 개인정보관리자메일: help@danbifund.co.kr무료상담",https://www.hankyung.com/article/202506207530a,2025.06.20 14:18
"셀트리온, 다잘렉스 바이오시밀러의 유럽 임상 3상 신청 [주목 e공시]",,"셀트리온 송도 2공장 전경. 셀트리온 제공

셀트리온은 항암제 다잘렉스(다라투무맙) 바이오시밀러 CT-P44에 대한 임상 3상 진입을 유럽의약품청(EMA)에 18일(현지시간) 신청했다고 19일(한국시간) 공시했다.이번 임상시험은 글로벌 임상의 3상 시험으로 불응성 또는 재발성 다발성 골수종 환자 486명을 대상으로 오리지널과 CT-P44의 유효성 및 안전성이 유사하다는 걸 입증하기 위해 2년 동안 진행된다.셀트리온은 “유럽 임상시험규정 개정으로 신청·승인 절차가 두 개의 파트로 구분돼 두 파트가 모두 승인된 뒤 임상시험 진행이 가능하다”며 “이번 공시는 율버 임상 3상 시험계획 파트2 제출에 해당한다”고 설명했다.한경우 한경닷컴 기자 case@hankyung.com",https://www.hankyung.com/article/2025061948996,2025.06.19 08:23
이자 폭탄 막자! 증권사 신용대출 3%대 전환으로 절약하는 법,,"전송종목 : 케이카, 원준, 에코프로에이치엔, LX홀딩스, 유일로보틱스최근 주식 투자자들 사이에서 주식대출(미수/신용융자 등)의 고금리에 대한 부담이 커지고 있다.특히 저금리를 적용 받고 싶어도, 기존 대출을 상환하고 다시 주식을 매수해야 하는 번거로운 절차와 자금 조달의 어려움이 발목을 잡고 있다.이런 현실적인 문제를 해결하고자, 무빙스탁이 ‘증권사 신용, 대환자금대출’ 서비스를 전격 출시했다.이 상품은 주식을 매도하지 않고도, 기존의 고금리의 주식대출(미수/신용융자 등)의 3%대의 혁신적인 저금리 증권사로 전환할 수 있도록 상환자금을 제공하는 것이 핵심이다.무빙스탁 관계자는 “현재 증권사 이벤트 금리는 연 3%대 수준으로, 기존 9~10%대 고금리를 적용받는 투자자라면 절감 효과가 상당하다”며, 금리를 5%만 낮추면 “1억원 신용대출 기준으로 연간 약 500만원, 3억원이라면 1,500만원까지도 절약할 수 있다”고 밝혔다.더 놀라운 점은, 현재는 이벤트 기간으로 대환자금대출 신청시 발생하는 이자 비용까지 ‘0원’이라는 사실이다. 대환자금에 대해서 하루의 대출이자도 부담하지 않고 기존 고금리 대출을 저금리로 전환할 수 있어, 고금리 부담에 시달리던 투자자들에게 큰 호응을 얻을 전망이다.이 서비스는 부동산 시장에서 흔히 이용되던 대환대출 개념을 증권시장에 도입한 혁신적인 시도로, 주식 투자자들의 자금 운용에 새로운 대안을 제시할 것으로 기대된다.무빙스탁 ‘증권사 신용, 대환자금대출’의 비용 무료 이벤트는 이벤트 기간 동안 한정적으로 제공되는 만큼, 신용융자를 이용 중인 투자자라면 지금 바로 확인해볼 필요가 있다.★ 장마감 시간이 가까워질수록 문의가 많아 상담이 지연될 수 있습니다.★ 7월 문의하신 고객들이 많이 보유하신 종목으로는 삼성전자, POSCO홀딩스, 셀트리온, 포스코퓨처엠, 에코프로비엠, NAVER, 에코프로, 삼성SDI, LG화학, SK하이닉스, 두산에너빌리티, 카카오, SK이노베이션, LG에너지솔루션, 엘앤에프, 삼천당제약, 현대차, 알테오젠, HPSP, LG전자 등이 있습니다.★ 안내사항과도한 빚은 당신에게 큰 불행을 안겨줄 수 있습니다. 대출 시 신용등급 하락으로 다른 금융거래가 제약받을 수 있습니다. 중개수수료를 요구하거나 받는 것은 불법입니다.상호명: ㈜단비대부 2021-서울영등포-2102(대부업) | TEL: 1544-4886 | 대출금리: 연 20%이내(연체금리는 약정금리+3%p이내, 최대 연 20%이내) | 단, 2021. 7. 7.부터 신규체결, 갱신, 연장되는 계약에 한함 | 채무의 조기상환 조건 및 부대비용 없음. (단, 신용조회비용 및 담보권설정비용 있음), 이자 외 별도로 중개수수료를 요구하거나 수취하는 것은 불법입니다. | 대표이사: 박동원 | 사업자등록번호: 274-86-00231 | 등록기관명칭: 서울 영등포구청(담당부서: 일자리경제과, 02-2670-3420) | 소재지 : 서울 영등포구 여의대방로67길 11, 5층 517호 | 개인정보관리자메일: help@danbifund.co.kr무료상담",https://www.hankyung.com/article/202507047523a,2025.07.04 13:28
자금흐름을 알면 주가를 알 수 있다? 증시 자금 추적하기!,,"6월 23일 기준 코스피는 전일대비 7.37p 하락한 3014.47p로 마감하였으며,코스닥은 전일대비 6.74p 하락한 784.79p로 마감하였습니다.




 

6월 20일 기준 신용거래융자는 19조 8,198억원으로 전일대비 2,113억원 증가하였습니다.투자자예탁금은 64조 2,144억원으로 전일대비 6,095억원 증가하였습니다.CMA는 87조 3,771억원으로 전일대비 1조 6,202억원 감소하였습니다.주식형펀드 순자산은 159조 2,957억원으로 전일대비 4,433억원 증가하였습니다.펀드 순자산은 1,167조 4,720억원으로 전일대비 8,377억원 감소하였습니다.링크종목: 삼성전자, SK하이닉스, 셀트리온, 알테오젠, 두산에너빌리티무료상담",https://www.hankyung.com/article/202506245239a,2025.06.24 09:53
AI 서버 수요 타고 HBM 테마 ‘견고한 상승 흐름’ 지속,,"글로벌 AI 서버 확산에 필수 부품인 HBM(고대역폭 메모리) 시장이 반등 흐름을 보이며, 관련 종목들의 주가도 안정적인 상승 구간에 진입했다. 올해 메모리 업계 실적 개선 기대 속에 HBM 테마가 시장 자금의 주목을 받고 있는 모습이다.시장조사기관 옴디아에 따르면 글로벌 HBM 시장 규모는 2024년 약 80억 달러에서 2026년 약 190억 달러로 성장할 것이란 전망이 나왔다. 이 같은 고성장 수요 배경은 HBM 제품을 생산하는 국내 메모리 기업들의 업황 회복 기대와 맞물려 투자 심리를 지지하고 있다.특히 SK하이닉스는 글로벌 HBM 시장 점유율 50~70%로 독보적 위치를 유지하고 있으며, 최근 AMD·엔비디아 등에 대한 공급 성과가 주가 모멘텀으로 작용하고 있다. 이와 함께 삼성전자도 HBM3E 12단 제품 개발과 HBM4 양산 준비를 통해 HBM 관련 경쟁이 본격화되는 양상을 보이고 있다.국내 증시에서 HBM 테마주는 최근 장중 상승 흐름이 포착되는 등 견조한 움직임을 보였으며, 업계는 “AI 서버 구축에 따른 HBM 수요가 지속되는 한 HBM 관련 수익성 개선 기대는 유지될 것”이라고 내다보고 있다.다만, 과거 메모리 반도체의 급격한 공급 확대가 실적 부진으로 돌아왔던 사례(DRAM 2022~23년)도 상기해야 한다는 지적이 있다. AI 수요 급증에 따른 과잉 공급 리스크가 여전히 존재하기 때문이다.SK바이오팜, LG전자, 셀트리온, SK스퀘어, 레인보우로보틱스무료상담",https://www.hankyung.com/article/202507109539a,2025.07.10 14:53
신용대출 이자 절감 꿀팁! 증권사 3%대 대출 전환법 공개,,"전송종목 : 동원시스템즈, 한국전력, 삼성증권, SK텔레콤, 현대엘리베이터최근 주식 투자자들 사이에서 주식대출(미수/신용융자 등)의 고금리에 대한 부담이 커지고 있다.특히 저금리를 적용 받고 싶어도, 기존 대출을 상환하고 다시 주식을 매수해야 하는 번거로운 절차와 자금 조달의 어려움이 발목을 잡고 있다.이런 현실적인 문제를 해결하고자, 무빙스탁이 ‘증권사 신용, 대환자금대출’ 서비스를 전격 출시했다.이 상품은 주식을 매도하지 않고도, 기존의 고금리의 주식대출(미수/신용융자 등)의 3%대의 혁신적인 저금리 증권사로 전환할 수 있도록 상환자금을 제공하는 것이 핵심이다.무빙스탁 관계자는 “현재 증권사 이벤트 금리는 연 3%대 수준으로, 기존 9~10%대 고금리를 적용받는 투자자라면 절감 효과가 상당하다”며, 금리를 5%만 낮추면 “1억원 신용대출 기준으로 연간 약 500만원, 3억원이라면 1,500만원까지도 절약할 수 있다”고 밝혔다.더 놀라운 점은, 현재는 이벤트 기간으로 대환자금대출 신청시 발생하는 이자 비용까지 ‘0원’이라는 사실이다. 대환자금에 대해서 하루의 대출이자도 부담하지 않고 기존 고금리 대출을 저금리로 전환할 수 있어, 고금리 부담에 시달리던 투자자들에게 큰 호응을 얻을 전망이다.이 서비스는 부동산 시장에서 흔히 이용되던 대환대출 개념을 증권시장에 도입한 혁신적인 시도로, 주식 투자자들의 자금 운용에 새로운 대안을 제시할 것으로 기대된다.무빙스탁 ‘증권사 신용, 대환자금대출’의 비용 무료 이벤트는 이벤트 기간 동안 한정적으로 제공되는 만큼, 신용융자를 이용 중인 투자자라면 지금 바로 확인해볼 필요가 있다.★ 장마감 시간이 가까워질수록 문의가 많아 상담이 지연될 수 있습니다.★ 7월 문의하신 고객들이 많이 보유하신 종목으로는 삼성전자, POSCO홀딩스, 셀트리온, 포스코퓨처엠, 에코프로비엠, NAVER, 에코프로, 삼성SDI, LG화학, SK하이닉스, 두산에너빌리티, 카카오, SK이노베이션, LG에너지솔루션, 엘앤에프, 삼천당제약, 현대차, 알테오젠, HPSP, LG전자 등이 있습니다.★ 안내사항과도한 빚은 당신에게 큰 불행을 안겨줄 수 있습니다. 대출 시 신용등급 하락으로 다른 금융거래가 제약받을 수 있습니다. 중개수수료를 요구하거나 받는 것은 불법입니다.상호명: ㈜단비대부 2021-서울영등포-2102(대부업) | TEL: 1544-4886 | 대출금리: 연 20%이내(연체금리는 약정금리+3%p이내, 최대 연 20%이내) | 단, 2021. 7. 7.부터 신규체결, 갱신, 연장되는 계약에 한함 | 채무의 조기상환 조건 및 부대비용 없음. (단, 신용조회비용 및 담보권설정비용 있음), 이자 외 별도로 중개수수료를 요구하거나 수취하는 것은 불법입니다. | 대표이사: 박동원 | 사업자등록번호: 274-86-00231 | 등록기관명칭: 서울 영등포구청(담당부서: 일자리경제과, 02-2670-3420) | 소재지 : 서울 영등포구 여의대방로67길 11, 5층 517호 | 개인정보관리자메일: help@danbifund.co.kr무료상담",https://www.hankyung.com/article/202507083726a,2025.07.08 08:33
"램시마SC, 유럽 전체 점유율 22% 기록",제품 경쟁력 앞세워 4년 만에 점유율 5배 이상 확대,"램시마 제품군(IVᆞSC) 유럽 점유율 71% 기록… 인플릭시맙 환자 10명 중 7명 투약유플라이마, 판매 1년 차 1% 점유율에서 2년 만에 21% 급성장… 처방 선두권 올라서가장 늦게 출시된 베그젤마, 유럽서 28% 점유율로 9개 베바시주맙 제품 중 처방 1위셀트리온에서 판매 중인 세계 유일의 인플릭시맙 피하주사(SC) 제형 치료제 ‘램시마SC’가 지난해 말 기준 유럽 전체에서 점유율 22%를 기록하며 자가면역질환 대표 의약품으로서 시장 영역을 공고히 구축하고 있다.의약품 시장조사기관인 아이큐비아(IQVIA)에 따르면 램시마SC는 2020년 유럽에 출시된 이후 판매 1년 차인 2021년 4%에 불과하던 전체 점유율이 4년 만에 5배 이상 확대됐다.정맥주사(IV) 제형인 ‘램시마’까지 합산한 전체 램시마 제품군은 지난해 말 기준 유럽에서 71%의 점유율을 기록해 압도적 처방 성과를 보였다. 유럽에서 인플릭시맙을 처방받은 자가면역질환 환자 10명 중 7명이 램시마 제품군으로 치료받고 있는 셈이다.투약 편의성 및 의사, 환자의 높은 선호도를 앞세워 유럽 시장 공략에 성공한 만큼 미국에서 판매 중인 짐펜트라(램시마SC 미국제품명)의 매출 전망도 밝다. 램시마SC가 유럽에서 일정 기간을 거쳐 처방 안정화가 이뤄진 점을 고려할 때, 미국에서도 현재 순차적으로 진행 중인 대형 보험사 처방집 등재가 완료되면 짐펜트라 처방 증가세는 더욱 가팔라질 전망이다.셀트리온의 다른 자가면역질환 치료제들도 유럽에서 성과를 높이고 있다. 아달리무맙 바이오시밀러 ‘유플라이마’는 지난해 말 기준 유럽에서 21%의 점유율을 기록했다. 2021년 후발주자로 유럽에 출시돼 다음 해인 2022년 1% 수준에 머물렀던 시장 점유율이 불과 2년 만에 급성장하며 처방 선두권 자리에 올라섰다.이와 함께 지난해 10월 유럽에 출시된 우스테키누맙 바이오시밀러 ‘스테키마’는 판매 두 달여 만에 2%p 이상 점유율을 높이며 조기 시장 선점에 성공했다. 유럽 주요국에 설립된 현지 법인에서 국가별 제약 시장 특성에 부합하는 맞춤형 판매 전략을 추진한 것이 주효한 것으로 분석된다.자가면역질환 외에도 셀트리온의 주요 타겟인 항암 질환에서도 제품 성과가 이어지고 있다. 2022년 하반기 유럽에 출시된 ‘베그젤마’는 경쟁 제품들 대비 2~3년 이상 늦게 출시됐다는 핸디캡을 딛고 판매 2년 차인 지난해 말 기준 28%의 점유율로 오리지널을 포함한 유럽 내 9개 베바시주맙 제품 중 처방 1위를 기록하며 독보적인 성장세를 나타냈다. 셀트리온 대표 항암제인 ‘트룩시마’(성분명: 리툭시맙), ‘허쥬마’(성분명: 트라스투주맙)도 유럽에서 30%에 가까운 점유율로 안정적인 처방세를 기록하고 있어, 셀트리온은 같은 항암제 계열 간 마케팅 시너지를 적극 활용해 성과를 높일 계획이다.셀트리온 관계자는 “유럽에서 투약 편의성 및 치료 효능, 현지 법인 주도의 맞춤형 판매 전략 등이 더해지며 램시마SC의 영향력이 빠르게 확대되고 있어 이런 성과가 세계 최대 제약 시장인 미국에서도 긍정적으로 작용할 것으로 기대한다”면서 “유럽에서 기존 제품들이 처방 선두권을 차지하고 있는 가운데 올 하반기 신규 바이오시밀러 제품들의 출시를 바탕으로 회사의 실적 성장을 지속해 나갈 계획”이라고 말했다.",https://www.hankyung.com/article/202505289927P,2025.05.28 08:33
"13일, 기관 거래소에서 삼성전자(-2.02%), SK하이닉스(0.00%) 등 순매도",,"기관 투자자는 13일 거래소에서 삼성전자, SK하이닉스, 한화 등을 중점적으로 매도한 것으로 나타났다.기관 투자자의 순매도 상위 20개 종목은 삼성전자, SK하이닉스, 한화, KODEX 코스닥150레버리지, SK이노베이션, HD현대미포, 현대로템, HD한국조선해양, 한국전력, 신한지주등이다.이중에 전기,전자 업종에 속한 종목이 4개 포함되어 있다.HD현대미포, 현대로템, HD한국조선해양 등은 전일 대비 주가가 상승했고, 삼성전자, 한화, KODEX 코스닥150레버리지 등은 주가가 하락했다.[06월13일]거래소 기관 순매도 상위 종목한경로보뉴스이 기사는 한국경제신문과 금융 AI 전문기업 씽크풀이 공동 개발한 기사 자동생성 알고리즘에 의해 실시간으로 작성된 것입니다.",https://www.hankyung.com/article/202506134238L,2025.06.13 18:35
9~10% 주식 관련 대출에서 3%대 대출로 교체,,"전송종목 : 메가터치, 이수화학, 애경케미칼, 엠젠솔루션, 피엔에이치테크최근 주식 투자자들 사이에서 주식대출(미수/신용융자 등)의 고금리에 대한 부담이 커지고 있다.특히 저금리를 적용 받고 싶어도, 기존 대출을 상환하고 다시 주식을 매수해야 하는 번거로운 절차와 자금 조달의 어려움이 발목을 잡고 있다.이런 현실적인 문제를 해결하고자, 무빙스탁이 ‘증권사 신용, 대환자금대출’ 서비스를 전격 출시했다.이 상품은 주식을 매도하지 않고도, 기존의 고금리의 주식대출(미수/신용융자 등)의 3%대의 혁신적인 저금리 증권사로 전환할 수 있도록 상환자금을 제공하는 것이 핵심이다.무빙스탁 관계자는 “현재 증권사 이벤트 금리는 연 3%대 수준으로, 기존 9~10%대 고금리를 적용받는 투자자라면 절감 효과가 상당하다”며, 금리를 5%만 낮추면 “1억원 신용대출 기준으로 연간 약 500만원, 3억원이라면 1,500만원까지도 절약할 수 있다”고 밝혔다.더 놀라운 점은, 현재는 이벤트 기간으로 대환자금대출 신청시 발생하는 이자 비용까지 ‘0원’이라는 사실이다. 대환자금에 대해서 하루의 대출이자도 부담하지 않고 기존 고금리 대출을 저금리로 전환할 수 있어, 고금리 부담에 시달리던 투자자들에게 큰 호응을 얻을 전망이다.이 서비스는 부동산 시장에서 흔히 이용되던 대환대출 개념을 증권시장에 도입한 혁신적인 시도로, 주식 투자자들의 자금 운용에 새로운 대안을 제시할 것으로 기대된다.무빙스탁 ‘증권사 신용, 대환자금대출’의 비용 무료 이벤트는 이벤트 기간 동안 한정적으로 제공되는 만큼, 신용융자를 이용 중인 투자자라면 지금 바로 확인해볼 필요가 있다.★ 장마감 시간이 가까워질수록 문의가 많아 상담이 지연될 수 있습니다.★ 6월 문의하신 고객들이 많이 보유하신 종목으로는 삼성전자, POSCO홀딩스, 셀트리온, 포스코퓨처엠, 에코프로비엠, NAVER, 에코프로, 삼성SDI, LG화학, SK하이닉스, 두산에너빌리티, 카카오, SK이노베이션, LG에너지솔루션, 엘앤에프, 삼천당제약, 현대차, 알테오젠, HPSP, LG전자 등이 있습니다.★ 안내사항과도한 빚은 당신에게 큰 불행을 안겨줄 수 있습니다. 대출 시 신용등급 하락으로 다른 금융거래가 제약받을 수 있습니다. 중개수수료를 요구하거나 받는 것은 불법입니다.상호명: ㈜단비대부 2021-서울영등포-2102(대부업) | TEL: 1544-4886 | 대출금리: 연 20%이내(연체금리는 약정금리+3%p이내, 최대 연 20%이내) | 단, 2021. 7. 7.부터 신규체결, 갱신, 연장되는 계약에 한함 | 채무의 조기상환 조건 및 부대비용 없음. (단, 신용조회비용 및 담보권설정비용 있음), 이자 외 별도로 중개수수료를 요구하거나 수취하는 것은 불법입니다. | 대표이사: 박동원 | 사업자등록번호: 274-86-00231 | 등록기관명칭: 서울 영등포구청(담당부서: 일자리경제과, 02-2670-3420) | 소재지 : 서울 영등포구 여의대방로67길 11, 5층 517호 | 개인정보관리자메일: help@danbifund.co.kr무료상담",https://www.hankyung.com/article/202506273199a,2025.06.27 09:58
"미국 증시, 기술주 주도로 반등…무역 불확실성 속 신중한 낙관론",,"2025년 6월 초, 미국 증시는 기술주의 강세에 힘입어 반등세를 이어가고 있다. 나스닥은 연초 이후 처음으로 상승 전환하며, 엔비디아와 브로드컴 등 주요 반도체 기업이 상승세를 주도했다. S&P 500과 다우 지수도 동반 상승하며 시장 전반에 긍정적 분위기가 형성되었다.그러나 4월 초 도널드 트럼프 대통령의 대규모 관세 발표로 인한 급락 이후, 시장은 여전히 무역 정책에 대한 불확실성에 민감한 반응을 보이고 있다. OECD의 미국 성장률 하향 조정과 제조업 지표 부진 등 경기 둔화 우려도 투자자들의 신중한 태도를 유도하고 있다.전문가들은 기술주 중심의 상승세가 지속될 가능성을 언급하면서도, 향후 무역 협상과 경제 지표에 따라 변동성이 확대될 수 있음을 경고하고 있다. 따라서 투자자들은 단기적 반등에 안주하기보다는 중장기적 관점에서 신중한 대응이 필요하다는 조언이 나온다.셀트리온, 한국전력, 삼성물산, 삼성전기, 동양철관무료상담",https://www.hankyung.com/article/202506105175a,2025.06.10 14:53
"DSR 무관 스탁론 출시! 기존 대출 있어도, 최고한도 3억원까지! 주식담보대출 스탁론! 키움증권 전용 스탁론 키워드림론!",,"키워드림론 DSR 미적용 신규 스탁론 상품 출시!매입자금이 모자라 매수 기회를 놓치고 있는 고객들을 위해 키워드림론이 준비했다!▶키워드림론 – 3배 자금 – DSR 무관  – 100% 집중투자 가능(일부종목에 한함)◀키워드림론1644-6960




 

키움증권 전용 스탁론,  키워드림론에서만 최대 혜택 !■ 본인 자산 대비 최대 3배 자금으로 레버리지 투자 !■ 기존 대출, 소득 등 복잡한 DSR 심사는 이제 그만!■ 한종목 100% 집중투자 상품! (일부 종목에 한함)■ 증권사 신용 /미수 상환 가능■ PC 및 모바일 간편 신청!▷키워드림론 관심종목 : 삼성전자 다이나믹디자인 한화솔루션 셀트리온 세아메카닉스무료상담",https://www.hankyung.com/article/202507210840a,2025.07.21 09:10
신용미수 반대매매 간편하게 당일 해결! 업계 최저 연 4%대 금리로 갈아타기!,,"투자자들 사이에서 ‘스탁론’에 대한 관심이 높아지고 있다. 스탁론은 자기자본 포함 최대 4배까지 활용 가능하며 증권사 신용/미수 대환 용도로도 활용 가능해 대표적인 레버리지 수단으로 자리잡은 상태다.그러나 DSR 한도가 스탁론에도 적용된 후 다른 대출, 소득 증빙 문제로 예전처럼 이용하기 어려워졌다. 이와 함께 높아진 금리도 스탁론 이용을 망설이게 만든 원인으로 꼽힌다.그러나 해결책은 있다. 21년 연속 스탁론 업계 1위를 지키고 있는 하이스탁론이 DSR 무관하게 이용할 수 있는 상품은 물론 연 4%대 최저금리로 이용 가능한 상품까지 취급하며 선택의 폭을 넓힌 것이다.




 

◆ 하이스탁론, 연 4%대 업계 최저금리로 추가 투자금은 물론 신용미수 대환까지!<하이스탁론>에서 누구나 부담 없이 스탁론을 경험할 수 있도록 연 4%대 최저금리 상품을 출시했다. 주식매입 용도는 물론 증권사 미수/신용 대환도 가능하며 신용등급 차등 없이 자기자본 포함 최대 4배까지 활용할 수 있다.이와 함께 DSR 한도 때문에 기존 스탁론 이용이 어려웠던 투자자들은 위한 DSR 무관 상품도 취급 중이다. 이 상품도 투자자들의 깊은 관심을 받으며 업계 최초로 5,000억원을 돌파했다.<하이스탁론>의 새로운 상품에 대해 자세히 알고 싶은 투자자는 고객상담센터(1599-0313)로 연락하면 대출 여부와 상관없이 24시간 언제든 전문상담원과 편리한 상담이 가능하다.○ 연 4%대 업계 최저금리 상품 출시○ DSR 무관 상품 취급 중 (업계 최초 5,000억 돌파)○ 21년 연속 시장 점유율 1위, 16년 연속 대한민국퍼스트브랜드 대상○ 증권사 신용/미수 실시간 상환, 한종목 100% 집중 투자○ 믿을 수 있는 상담품질보증제※하이스탁론상담센터 : 1599-0313바로가기:https://www.hisl.co.kr/0313◆ 현 시각 관심종목 Top 10 : 두산에너빌리티, SK하이닉스, 다날, LS마린솔루션, 셀트리온, 두산퓨얼셀, 한미약품, 컴투스홀딩스, 디앤디파마텍, 현대제철무료상담",https://www.hankyung.com/article/202506120690a,2025.06.13 13:05
"지금 주식 이동 안 하면 매년 1,500만원이 사라집니다",,"전송종목 : 에스엘, GS건설, 카페24, 신세계, 루닛매일 4만 원씩, 1년이면 약 1,500만 원, 이 돈은 누구의 통장으로 들어갈까요?당신이 가만히 있는 순간에도, 고금리 증권사는 웃고 있습니다.최근 주식 투자자들 사이에서는 신용융자, 미수 등 증권사의 고금리 대출의 이자 부담이 뜨거운 감자로 떠오르고 있다.많은 투자자들이 “금리를 낮추고 싶다”고 말하지만, 기존 대출 상환 후 재매수라는 번거로운 절차에 자금 마련까지 어려워 그냥 방치하고 마는 경우가 다반사이다.이러한 고금리의 증권사 신용 및 담보대출 이용자들의 악순환을 끊을 방법이 생겼다.바로 무빙스탁의 ‘증권사 신용, 대환자금대출’ 서비스가 출시된 것이다.이 서비스는 보유 주식을 매도하지 않고, 기존 고금리 주식대출(신용/미수 등)을 연 3%대의 저금리 상품으로 전환할 수 있도록 상환자금을 지원하는 것이 핵심이다.무빙스탁 관계자는 “금리를 5%만 낮춰도, 신용대출 3억 원 기준 무려 1,500만 원의 이자 절감 효과가 있습니다.” 라고 밝혔다.더 놀라운 사실은, 지금 이벤트 기간 중 신청하면 대환자금 이자까지 0원이라는 점이다. 단 하루의 이자 부담도 없이, 기존 고금리를 완전히 벗어날 수 있는 절호의 기회이다.무빙스탁 ‘증권사 신용, 대환자금대출’의 비용 무료 이벤트는 이벤트 기간 동안 한정적으로 제공되는 만큼, 고금리의 신용융자를 이용 중인 투자자라면 지금 바로 확인해볼 필요가 있다.★ 장마감 시간이 가까워질수록 문의가 많아 상담이 지연될 수 있습니다.★ 5월 문의하신 고객들이 많이 보유하신 종목으로는 삼성전자, POSCO홀딩스, 셀트리온, 포스코퓨처엠, 에코프로비엠, NAVER, 에코프로, 삼성SDI, LG화학, SK하이닉스, 두산에너빌리티, 카카오, SK이노베이션, LG에너지솔루션, 엘앤에프, 삼천당제약, 현대차, 알테오젠, HPSP, LG전자 등이 있습니다.★ 안내사항과도한 빚은 당신에게 큰 불행을 안겨줄 수 있습니다. 대출 시 신용등급 하락으로 다른 금융거래가 제약받을 수 있습니다. 중개수수료를 요구하거나 받는 것은 불법입니다.상호명: ㈜단비대부 2021-서울영등포-2102(대부업) | TEL: 1544-4886 | 대출금리: 연 20%이내(연체금리는 약정금리+3%p이내, 최대 연 20%이내) | 단, 2021. 7. 7.부터 신규체결, 갱신, 연장되는 계약에 한함 | 채무의 조기상환 조건 및 부대비용 없음. (단, 신용조회비용 및 담보권설정비용 있음), 이자 외 별도로 중개수수료를 요구하거나 수취하는 것은 불법입니다. | 대표이사: 박동원 | 사업자등록번호: 274-86-00231 | 등록기관명칭: 서울 영등포구청(담당부서: 일자리경제과, 02-2670-3420) | 소재지 : 서울 영등포구 여의대방로67길 11, 5층 517호 | 개인정보관리자메일: help@danbifund.co.kr무료상담",https://www.hankyung.com/article/202505289868a,2025.05.28 10:16
"17일, 기관 거래소에서 삼성전자(+3.09%), 한화에어로스페이스(+4.92%) 등 순매수",,"기관 투자자는 17일 거래소에서 삼성전자, 한화에어로스페이스, 유한양행 등을 중점적으로 사들인 것으로 나타났다.기관 투자자의 순매수 상위 20개 종목은 삼성전자, 한화에어로스페이스, 유한양행, KODEX 코스닥150레버리지, 삼성중공업, 한화오션, 삼성에스디에스, 삼성바이오로직스, HD현대미포, SK바이오팜등이다.이중에 운수장비 업종에 속한 종목이 5개 포함되어 있다.삼성전자, 한화에어로스페이스, 유한양행 등은 전일 대비 주가가 상승했고, 삼성에스디에스, KODEX 200선물인버스2X, KODEX 인버스 등은 주가가 하락했다.[07월17일]거래소 기관 순매수 상위 종목한경로보뉴스이 기사는 한국경제신문과 금융 AI 전문기업 씽크풀이 공동 개발한 기사 자동생성 알고리즘에 의해 실시간으로 작성된 것입니다.",https://www.hankyung.com/article/202507175594L,2025.07.17 18:35
이자 폭탄 막자! 증권사 신용대출 3%대 전환으로 절약하는 법,,"전송종목 : 현대로템, LG씨엔에스, 신성델타테크, LG전자, 엘앤에프최근 주식 투자자들 사이에서 주식대출(미수/신용융자 등)의 고금리에 대한 부담이 커지고 있다.특히 저금리를 적용 받고 싶어도, 기존 대출을 상환하고 다시 주식을 매수해야 하는 번거로운 절차와 자금 조달의 어려움이 발목을 잡고 있다.이런 현실적인 문제를 해결하고자, 무빙스탁이 ‘증권사 신용, 대환자금대출’ 서비스를 전격 출시했다.이 상품은 주식을 매도하지 않고도, 기존의 고금리의 주식대출(미수/신용융자 등)의 3%대의 혁신적인 저금리 증권사로 전환할 수 있도록 상환자금을 제공하는 것이 핵심이다.무빙스탁 관계자는 “현재 증권사 이벤트 금리는 연 3%대 수준으로, 기존 9~10%대 고금리를 적용받는 투자자라면 절감 효과가 상당하다”며, 금리를 5%만 낮추면 “1억원 신용대출 기준으로 연간 약 500만원, 3억원이라면 1,500만원까지도 절약할 수 있다”고 밝혔다.더 놀라운 점은, 현재는 이벤트 기간으로 대환자금대출 신청시 발생하는 이자 비용까지 ‘0원’이라는 사실이다. 대환자금에 대해서 하루의 대출이자도 부담하지 않고 기존 고금리 대출을 저금리로 전환할 수 있어, 고금리 부담에 시달리던 투자자들에게 큰 호응을 얻을 전망이다.이 서비스는 부동산 시장에서 흔히 이용되던 대환대출 개념을 증권시장에 도입한 혁신적인 시도로, 주식 투자자들의 자금 운용에 새로운 대안을 제시할 것으로 기대된다.무빙스탁 ‘증권사 신용, 대환자금대출’의 비용 무료 이벤트는 이벤트 기간 동안 한정적으로 제공되는 만큼, 신용융자를 이용 중인 투자자라면 지금 바로 확인해볼 필요가 있다.★ 장마감 시간이 가까워질수록 문의가 많아 상담이 지연될 수 있습니다.★ 7월 문의하신 고객들이 많이 보유하신 종목으로는 삼성전자, POSCO홀딩스, 셀트리온, 포스코퓨처엠, 에코프로비엠, NAVER, 에코프로, 삼성SDI, LG화학, SK하이닉스, 두산에너빌리티, 카카오, SK이노베이션, LG에너지솔루션, 엘앤에프, 삼천당제약, 현대차, 알테오젠, HPSP, LG전자 등이 있습니다.★ 안내사항과도한 빚은 당신에게 큰 불행을 안겨줄 수 있습니다. 대출 시 신용등급 하락으로 다른 금융거래가 제약받을 수 있습니다. 중개수수료를 요구하거나 받는 것은 불법입니다.상호명: ㈜단비대부 2021-서울영등포-2102(대부업) | TEL: 1544-4886 | 대출금리: 연 20%이내(연체금리는 약정금리+3%p이내, 최대 연 20%이내) | 단, 2021. 7. 7.부터 신규체결, 갱신, 연장되는 계약에 한함 | 채무의 조기상환 조건 및 부대비용 없음. (단, 신용조회비용 및 담보권설정비용 있음), 이자 외 별도로 중개수수료를 요구하거나 수취하는 것은 불법입니다. | 대표이사: 박동원 | 사업자등록번호: 274-86-00231 | 등록기관명칭: 서울 영등포구청(담당부서: 일자리경제과, 02-2670-3420) | 소재지 : 서울 영등포구 여의대방로67길 11, 5층 517호 | 개인정보관리자메일: help@danbifund.co.kr무료상담",https://www.hankyung.com/article/202507083737a,2025.07.08 10:28
신용대출 이자 절감 꿀팁! 증권사 3%대 대출 전환법 공개,,"전송종목 : 녹십자홀딩스, 동진쎄미켐, 롯데칠성, 현대차, 코스모화학최근 주식 투자자들 사이에서 주식대출(미수/신용융자 등)의 고금리에 대한 부담이 커지고 있다.특히 저금리를 적용 받고 싶어도, 기존 대출을 상환하고 다시 주식을 매수해야 하는 번거로운 절차와 자금 조달의 어려움이 발목을 잡고 있다.이런 현실적인 문제를 해결하고자, 무빙스탁이 ‘증권사 신용, 대환자금대출’ 서비스를 전격 출시했다.이 상품은 주식을 매도하지 않고도, 기존의 고금리의 주식대출(미수/신용융자 등)의 3%대의 혁신적인 저금리 증권사로 전환할 수 있도록 상환자금을 제공하는 것이 핵심이다.무빙스탁 관계자는 “현재 증권사 이벤트 금리는 연 3%대 수준으로, 기존 9~10%대 고금리를 적용받는 투자자라면 절감 효과가 상당하다”며, 금리를 5%만 낮추면 “1억원 신용대출 기준으로 연간 약 500만원, 3억원이라면 1,500만원까지도 절약할 수 있다”고 밝혔다.더 놀라운 점은, 현재는 이벤트 기간으로 대환자금대출 신청시 발생하는 이자 비용까지 ‘0원’이라는 사실이다. 대환자금에 대해서 하루의 대출이자도 부담하지 않고 기존 고금리 대출을 저금리로 전환할 수 있어, 고금리 부담에 시달리던 투자자들에게 큰 호응을 얻을 전망이다.이 서비스는 부동산 시장에서 흔히 이용되던 대환대출 개념을 증권시장에 도입한 혁신적인 시도로, 주식 투자자들의 자금 운용에 새로운 대안을 제시할 것으로 기대된다.무빙스탁 ‘증권사 신용, 대환자금대출’의 비용 무료 이벤트는 이벤트 기간 동안 한정적으로 제공되는 만큼, 신용융자를 이용 중인 투자자라면 지금 바로 확인해볼 필요가 있다.★ 장마감 시간이 가까워질수록 문의가 많아 상담이 지연될 수 있습니다.★ 7월 문의하신 고객들이 많이 보유하신 종목으로는 삼성전자, POSCO홀딩스, 셀트리온, 포스코퓨처엠, 에코프로비엠, NAVER, 에코프로, 삼성SDI, LG화학, SK하이닉스, 두산에너빌리티, 카카오, SK이노베이션, LG에너지솔루션, 엘앤에프, 삼천당제약, 현대차, 알테오젠, HPSP, LG전자 등이 있습니다.★ 안내사항과도한 빚은 당신에게 큰 불행을 안겨줄 수 있습니다. 대출 시 신용등급 하락으로 다른 금융거래가 제약받을 수 있습니다. 중개수수료를 요구하거나 받는 것은 불법입니다.상호명: ㈜단비대부 2021-서울영등포-2102(대부업) | TEL: 1544-4886 | 대출금리: 연 20%이내(연체금리는 약정금리+3%p이내, 최대 연 20%이내) | 단, 2021. 7. 7.부터 신규체결, 갱신, 연장되는 계약에 한함 | 채무의 조기상환 조건 및 부대비용 없음. (단, 신용조회비용 및 담보권설정비용 있음), 이자 외 별도로 중개수수료를 요구하거나 수취하는 것은 불법입니다. | 대표이사: 박동원 | 사업자등록번호: 274-86-00231 | 등록기관명칭: 서울 영등포구청(담당부서: 일자리경제과, 02-2670-3420) | 소재지 : 서울 영등포구 여의대방로67길 11, 5층 517호 | 개인정보관리자메일: help@danbifund.co.kr무료상담",https://www.hankyung.com/article/202507186003a,2025.07.18 13:08
신용대출 이자 절감 꿀팁! 증권사 3%대 대출 전환법 공개,,"전송종목 : LG에너지솔루션, DL이앤씨, F&F, SK스퀘어, 에코프로머티최근 주식 투자자들 사이에서 주식대출(미수/신용융자 등)의 고금리에 대한 부담이 커지고 있다.특히 저금리를 적용 받고 싶어도, 기존 대출을 상환하고 다시 주식을 매수해야 하는 번거로운 절차와 자금 조달의 어려움이 발목을 잡고 있다.이런 현실적인 문제를 해결하고자, 무빙스탁이 ‘증권사 신용, 대환자금대출’ 서비스를 전격 출시했다.이 상품은 주식을 매도하지 않고도, 기존의 고금리의 주식대출(미수/신용융자 등)의 3%대의 혁신적인 저금리 증권사로 전환할 수 있도록 상환자금을 제공하는 것이 핵심이다.무빙스탁 관계자는 “현재 증권사 이벤트 금리는 연 3%대 수준으로, 기존 9~10%대 고금리를 적용받는 투자자라면 절감 효과가 상당하다”며, 금리를 5%만 낮추면 “1억원 신용대출 기준으로 연간 약 500만원, 3억원이라면 1,500만원까지도 절약할 수 있다”고 밝혔다.더 놀라운 점은, 현재는 이벤트 기간으로 대환자금대출 신청시 발생하는 이자 비용까지 ‘0원’이라는 사실이다. 대환자금에 대해서 하루의 대출이자도 부담하지 않고 기존 고금리 대출을 저금리로 전환할 수 있어, 고금리 부담에 시달리던 투자자들에게 큰 호응을 얻을 전망이다.이 서비스는 부동산 시장에서 흔히 이용되던 대환대출 개념을 증권시장에 도입한 혁신적인 시도로, 주식 투자자들의 자금 운용에 새로운 대안을 제시할 것으로 기대된다.무빙스탁 ‘증권사 신용, 대환자금대출’의 비용 무료 이벤트는 이벤트 기간 동안 한정적으로 제공되는 만큼, 신용융자를 이용 중인 투자자라면 지금 바로 확인해볼 필요가 있다.★ 장마감 시간이 가까워질수록 문의가 많아 상담이 지연될 수 있습니다.★ 7월 문의하신 고객들이 많이 보유하신 종목으로는 삼성전자, POSCO홀딩스, 셀트리온, 포스코퓨처엠, 에코프로비엠, NAVER, 에코프로, 삼성SDI, LG화학, SK하이닉스, 두산에너빌리티, 카카오, SK이노베이션, LG에너지솔루션, 엘앤에프, 삼천당제약, 현대차, 알테오젠, HPSP, LG전자 등이 있습니다.★ 안내사항과도한 빚은 당신에게 큰 불행을 안겨줄 수 있습니다. 대출 시 신용등급 하락으로 다른 금융거래가 제약받을 수 있습니다. 중개수수료를 요구하거나 받는 것은 불법입니다.상호명: ㈜단비대부 2021-서울영등포-2102(대부업) | TEL: 1544-4886 | 대출금리: 연 20%이내(연체금리는 약정금리+3%p이내, 최대 연 20%이내) | 단, 2021. 7. 7.부터 신규체결, 갱신, 연장되는 계약에 한함 | 채무의 조기상환 조건 및 부대비용 없음. (단, 신용조회비용 및 담보권설정비용 있음), 이자 외 별도로 중개수수료를 요구하거나 수취하는 것은 불법입니다. | 대표이사: 박동원 | 사업자등록번호: 274-86-00231 | 등록기관명칭: 서울 영등포구청(담당부서: 일자리경제과, 02-2670-3420) | 소재지 : 서울 영등포구 여의대방로67길 11, 5층 517호 | 개인정보관리자메일: help@danbifund.co.kr무료상담",https://www.hankyung.com/article/202507248238a,2025.07.24 10:28
이자 부담 최소화! 증권사 신용대출 3%대로 바꾸는 절호의 기회,,"전송종목 : 인바디, 메디아나, 카페24, 비츠로테크, 바텍최근 주식 투자자들 사이에서 주식대출(미수/신용융자 등)의 고금리에 대한 부담이 커지고 있다.특히 저금리를 적용 받고 싶어도, 기존 대출을 상환하고 다시 주식을 매수해야 하는 번거로운 절차와 자금 조달의 어려움이 발목을 잡고 있다.이런 현실적인 문제를 해결하고자, 무빙스탁이 ‘증권사 신용, 대환자금대출’ 서비스를 전격 출시했다.이 상품은 주식을 매도하지 않고도, 기존의 고금리의 주식대출(미수/신용융자 등)의 3%대의 혁신적인 저금리 증권사로 전환할 수 있도록 상환자금을 제공하는 것이 핵심이다.무빙스탁 관계자는 “현재 증권사 이벤트 금리는 연 3%대 수준으로, 기존 9~10%대 고금리를 적용받는 투자자라면 절감 효과가 상당하다”며, 금리를 5%만 낮추면 “1억원 신용대출 기준으로 연간 약 500만원, 3억원이라면 1,500만원까지도 절약할 수 있다”고 밝혔다.더 놀라운 점은, 현재는 이벤트 기간으로 대환자금대출 신청시 발생하는 이자 비용까지 ‘0원’이라는 사실이다. 대환자금에 대해서 하루의 대출이자도 부담하지 않고 기존 고금리 대출을 저금리로 전환할 수 있어, 고금리 부담에 시달리던 투자자들에게 큰 호응을 얻을 전망이다.이 서비스는 부동산 시장에서 흔히 이용되던 대환대출 개념을 증권시장에 도입한 혁신적인 시도로, 주식 투자자들의 자금 운용에 새로운 대안을 제시할 것으로 기대된다.무빙스탁 ‘증권사 신용, 대환자금대출’의 비용 무료 이벤트는 이벤트 기간 동안 한정적으로 제공되는 만큼, 신용융자를 이용 중인 투자자라면 지금 바로 확인해볼 필요가 있다.★ 장마감 시간이 가까워질수록 문의가 많아 상담이 지연될 수 있습니다.★ 7월 문의하신 고객들이 많이 보유하신 종목으로는 삼성전자, POSCO홀딩스, 셀트리온, 포스코퓨처엠, 에코프로비엠, NAVER, 에코프로, 삼성SDI, LG화학, SK하이닉스, 두산에너빌리티, 카카오, SK이노베이션, LG에너지솔루션, 엘앤에프, 삼천당제약, 현대차, 알테오젠, HPSP, LG전자 등이 있습니다.★ 안내사항과도한 빚은 당신에게 큰 불행을 안겨줄 수 있습니다. 대출 시 신용등급 하락으로 다른 금융거래가 제약받을 수 있습니다. 중개수수료를 요구하거나 받는 것은 불법입니다.상호명: ㈜단비대부 2021-서울영등포-2102(대부업) | TEL: 1544-4886 | 대출금리: 연 20%이내(연체금리는 약정금리+3%p이내, 최대 연 20%이내) | 단, 2021. 7. 7.부터 신규체결, 갱신, 연장되는 계약에 한함 | 채무의 조기상환 조건 및 부대비용 없음. (단, 신용조회비용 및 담보권설정비용 있음), 이자 외 별도로 중개수수료를 요구하거나 수취하는 것은 불법입니다. | 대표이사: 박동원 | 사업자등록번호: 274-86-00231 | 등록기관명칭: 서울 영등포구청(담당부서: 일자리경제과, 02-2670-3420) | 소재지 : 서울 영등포구 여의대방로67길 11, 5층 517호 | 개인정보관리자메일: help@danbifund.co.kr무료상담",https://www.hankyung.com/article/202507145603a,2025.07.14 09:33
수해 복구 지원에 온정 더하는 기업들,"농협중앙회 50억·카카오 15억
""전 국민 응원의 손길 내밀기를""","강호동 농협중앙회장

                국내 기업들이 최근 집중호우로 수해를 입은 지역의 복구를 위해 성금을 기부하고 나섰다.농협은 집중호우로 피해를 본 농업인을 지원하고 농촌 지역을 복구하기 위해 성금 50억원을 기부한다고 23일 발표했다. 농협은 전날 2000억원 규모 긴급 재해자금을 편성했고, 피해 조합원 가구당 최대 3000만원의 무이자 긴급생활안정자금도 지원하기로 결정했다. 강호동 농협중앙회장은 “단순한 재정 지원을 넘어 농업인을 다시 일으켜 세우고자 하는 모두의 마음이 담긴 실천”이라며 “전 국민이 농촌을 향해 응원의 손길을 내미는 계기가 되길 바란다”고 말했다.




정신아 카카오 대표

                카카오도 5개 계열사가 함께 피해 복구와 이재민 지원을 위해 총 15억원을 기부한다. 카카오는 지난 18일부터 사회공헌 플랫폼 ‘카카오같이가치’를 통해 집중호우 피해를 돕기 위한 긴급 모금함을 운영하고 있다. 카카오 측은 현재까지 11만 명 이상이 모금에 참여해 3억3000만원이 넘는 기부금을 조성했다고 설명했다.KT는 사회복지공동모금회(사랑의열매)에 집중호우 피해 복구를 위한 성금 10억원을 기탁했다. 임직원 봉사단이 경남 산청군과 경기 가평군에 생필품 등 긴급 구호 물품도 전달했다. 임시 대피소에는 무선랜과 스마트기기 급속 충전시설을 지원한다. 네이버도 피해 지역 복구 성금 10억원을 온라인 기부 플랫폼 해피빈을 통해 전달했다. 해피빈은 전국재해구호협회, 사회복지공동모금회 등과 함께 호우 피해 복구를 위한 모금 활동도 진행 중이다. 22일 기준 네이버의 기부금을 포함해 총 13억3000만원 이상의 성금이 모인 것으로 집계됐다. 두산그룹과 LS, 셀트리온은 각각 5억원을, 효성과 HL그룹은 각각 3억원을 피해 지역 복구와 이재민 지원을 위해 기탁했다.최지희 기자 mymasaki@hankyung.com",https://www.hankyung.com/article/2025072376271,2025.07.23 18:17
"이자 부담은 최소로, 투자 효율은 최대로! 신용대출 3%대 활용법",,"전송종목 : 우진, 하이텍팜, 톱텍, LX세미콘, 대양전기공업최근 주식 투자자들 사이에서 주식대출(미수/신용융자 등)의 고금리에 대한 부담이 커지고 있다.특히 저금리를 적용 받고 싶어도, 기존 대출을 상환하고 다시 주식을 매수해야 하는 번거로운 절차와 자금 조달의 어려움이 발목을 잡고 있다.이런 현실적인 문제를 해결하고자, 무빙스탁이 ‘증권사 신용, 대환자금대출’ 서비스를 전격 출시했다.이 상품은 주식을 매도하지 않고도, 기존의 고금리의 주식대출(미수/신용융자 등)의 3%대의 혁신적인 저금리 증권사로 전환할 수 있도록 상환자금을 제공하는 것이 핵심이다.무빙스탁 관계자는 “현재 증권사 이벤트 금리는 연 3%대 수준으로, 기존 9~10%대 고금리를 적용받는 투자자라면 절감 효과가 상당하다”며, 금리를 5%만 낮추면 “1억원 신용대출 기준으로 연간 약 500만원, 3억원이라면 1,500만원까지도 절약할 수 있다”고 밝혔다.더 놀라운 점은, 현재는 이벤트 기간으로 대환자금대출 신청시 발생하는 이자 비용까지 ‘0원’이라는 사실이다. 대환자금에 대해서 하루의 대출이자도 부담하지 않고 기존 고금리 대출을 저금리로 전환할 수 있어, 고금리 부담에 시달리던 투자자들에게 큰 호응을 얻을 전망이다.이 서비스는 부동산 시장에서 흔히 이용되던 대환대출 개념을 증권시장에 도입한 혁신적인 시도로, 주식 투자자들의 자금 운용에 새로운 대안을 제시할 것으로 기대된다.무빙스탁 ‘증권사 신용, 대환자금대출’의 비용 무료 이벤트는 이벤트 기간 동안 한정적으로 제공되는 만큼, 신용융자를 이용 중인 투자자라면 지금 바로 확인해볼 필요가 있다.★ 장마감 시간이 가까워질수록 문의가 많아 상담이 지연될 수 있습니다.★ 7월 문의하신 고객들이 많이 보유하신 종목으로는 삼성전자, POSCO홀딩스, 셀트리온, 포스코퓨처엠, 에코프로비엠, NAVER, 에코프로, 삼성SDI, LG화학, SK하이닉스, 두산에너빌리티, 카카오, SK이노베이션, LG에너지솔루션, 엘앤에프, 삼천당제약, 현대차, 알테오젠, HPSP, LG전자 등이 있습니다.★ 안내사항과도한 빚은 당신에게 큰 불행을 안겨줄 수 있습니다. 대출 시 신용등급 하락으로 다른 금융거래가 제약받을 수 있습니다. 중개수수료를 요구하거나 받는 것은 불법입니다.상호명: ㈜단비대부 2021-서울영등포-2102(대부업) | TEL: 1544-4886 | 대출금리: 연 20%이내(연체금리는 약정금리+3%p이내, 최대 연 20%이내) | 단, 2021. 7. 7.부터 신규체결, 갱신, 연장되는 계약에 한함 | 채무의 조기상환 조건 및 부대비용 없음. (단, 신용조회비용 및 담보권설정비용 있음), 이자 외 별도로 중개수수료를 요구하거나 수취하는 것은 불법입니다. | 대표이사: 박동원 | 사업자등록번호: 274-86-00231 | 등록기관명칭: 서울 영등포구청(담당부서: 일자리경제과, 02-2670-3420) | 소재지 : 서울 영등포구 여의대방로67길 11, 5층 517호 | 개인정보관리자메일: help@danbifund.co.kr무료상담",https://www.hankyung.com/article/202507035104a,2025.07.03 08:33
"셀트리온, 2분기 최대실적 기록...영업익 2425억원",,"셀트리온 2공장 / 사진=셀트리온

                셀트리온이 올해 2분기 연결기준 매출 9615억원, 영업이익 2425억원의 잠정실적을 기록했다.21일 셀트리온에 따르면 매출과 영업이익 모두 2분기 기준 역대 최대치로, 전년동기 대비 매출액은 9.9%, 영업이익은 234.5% 증가했으며, 영업이익률도 25%대로 개선됐다.이 같은 성과는 글로벌 시장에서 기존 제품의 선전과 수익성 높은 신규 제품 중심의 판매 확대에 따른 결과다. 특히, 램시마SC(미국 제품명: 짐펜트라), 유플라이마, 베그젤마, 스테키마 등 고마진 제품의 성장이 본격화되면서 매출과 영업이익 확대폭을 키웠다. 고마진 신규 제품 매출 비중은 53%로 전년동기 30% 대비 대폭 확대됐다.향후에도 신규 제품 중심의 성장세는 계속될 전망이다. 하반기에는 글로벌 주요국에서 옴리클로, 앱토즈마, 아이덴젤트, 스토보클로-오센벨트 등 4개의 신규 제품 순차적 출시를 앞두고 어, 실적 성장세는 전반기 대비 훨씬 가파를 것으로 기대된다.고마진 신규 제품의 비중 증가 외에도 지속적인 원가 개선 노력에 따른 수익성 확대도 꾸준히 이어지고 있다. 올해 2분기 원가율은 약 43% 수준으로 전년도 동기 58% 수준보다 약 15%p 감소했다. 직전 분기와 비교해도 한 분기 만에 4%p 원가율을 줄이며 빠르게 이익폭을 키웠다.특히, 셀트리온헬스케어와의 합병에 따라 일시적으로 상승했던 매출원가율은 △합병 전 고원가 재고 소진 △생산 수율 개선 △3공장 가동률 상승 및 원료의약품 외주생산 축소 △기존 제품 개발비 상각 종료 등에 따라 빠른 속도로 낮아지고 있다.셀트리온 관계자는 “2분기는 수익성이 높은 신규 제품 중심의 매출이 확대되며 당분기 사상 최대 매출과 영업이익을 달성했다”라며 “하반기에도 유럽, 미국 등 글로벌 주요 시장을 타깃으로 고마진 신제품 출시와 이에 따른 시장 확대 등 호재가 산적해 있는 만큼 성장을 위한 전사적 노력을 이어갈 방침”이라고 밝혔다. 오현아 기자 5hyun@hankyung.com",https://www.hankyung.com/article/202507211208i,2025.07.21 10:49
[마켓PRO] '좋은 일 온다' 현대로템은 사고 한화에어로는 파는 투자고수들,,"※한경 마켓PRO 텔레그램을 구독하시면 프리미엄 투자 콘텐츠를 보다 편리하게 볼 수 있습니다.고수들의 포트폴리오




K2 전차 사진=현대로템

                수익률 상위 1%인 투자고수들이 SK하이닉스와 한화오션을 집중적으로 사들이고 있다. 주가 약세를 보인 현대차와 기아, 알테오젠, 셀트리온 등도 많이 사들였다.  반면 HD현대중공업과 두산엔 매도세가 몰렸다. 13일 미래에셋엠클럽에 따르면 미래에셋증권 계좌로 주식을 매매한 수익률이 상위 1% 안에 든 고수들은 이날 오전 9시부터 개장 한 시간 동안 SK하이닉스를 가장 많이 사들였다. 최근 매출 구조가 부쩍 개선되고 있다는 평가가 나오면서 투심이 몰린 것으로 풀이된다. 글로벌 시장조사업체 카운터포인트리서치가 최근 발표한 '2025년 1분기 메모리 보고서'에 따르면 SK하이닉스의 D램 매출과 영업이익에서 HBM이 차지한 비중은 각각 44%, 54%인 것으로 집계됐다. 출하량 비중으로는 10%지만 고부가가치 제품이라 매출과 영업이익 비중이 컸다는 설명이다. SK하이닉스는 지난 4월 1분기 실적발표에서 올해 HBM 매출을 전년 대비 2배로 키우겠다고 공언했다. 
                    




                순매수 2위는 한화오션이었다. 이 기업은 이날 장 개장 한시간 동안 주가가 2.86% 내렸지만 매수세가 몰렸다. 투자 고수들은 미국과의 협업 증가 등에 따라 한화오션의 실적이 더욱 확장 될 것으로 보는 분위기다. 한국투자증권은 전날 이 기업에 대해 2028년까지 실적이 꾸준히 증가할 것이라고 전망했다. 순매수 3위는 지난 2월 유가증권시장에 상장한 LG CNS였다. 상장 이후 공모가를 내내 밑돌았지만 이날 주가가 공모가 이상으로 회복했다. 이 기업은 이날 장중  6만2600원까지 거래돼 상장 후 최고가를 경신했다. LG CNS 주가가 공모가(6만1900원)를 웃돈 것은 상장 이후 처음이다.투자 고수들은 최근 연일 고점을 경신하고 있는 현대로템(순매수 4위)도 많이 사들였다. 현대로템은 폴란드에 K2 전차 180대를 공급하는 계약을 이달 맺을 것이란 기대가 퍼지면서 주가가 연일 상승하고 있다. 방산업계 등에 따르면 이 계약은 180대 분량의 K2를 폴란드에 수출하는 내용으로, K-방산 단일 수출로는 사상 최대 규모가 될 전망이다. 110대는 현대로템이 국내 생산하고, 나머지는 폴란드 국영 방산업체 PGZ가 현지에서 생산하는 방식이다.
                    




                투자 고수들은 이날 관세 우려로 주가가 빠진 현대차(순매수 5위)와 기아(순매수 19위)도 많이 사들였다. LG전자(순매수 6위), 삼성중공업(순매수 7위), 하이브(순매수 8위) 등이 뒤를 이었다. 투자고수들은 이날 HD현대중공업을 가장 순매도했다. 이 종목은 올들어 주가 상승세가 약 49%에 달한다. 이날 투자고수들은 일부 차익실현에 나선 것으로 풀이된다. 투자고수들은 최근 상승세가 컸던 종목을 여럿 덜어냈다. 지난 한달간 지주사 재평가 기대감에 주가가 53% 오른 두산은 순매도 2위였다. 같은 기간 16% 오른 한국카본이 뒤를 이었다. 올들어 76% 뛴 파마리서치(순매도 4위), 같은기간 191% 뛴 현대건설(순매도 5위)도 많이 팔았다. 리가켐바이오(순매도 6위), 한화에어로스페이스(순매도 7위)가 뒤를 이었다. 선한결 기자 always@hankyung.com",https://www.hankyung.com/article/202506133208i,2025.06.13 13:18
수천억 배당수입에도 세금 0원…감액배당 폐지 수순,,"2023년 메리츠금융지주는 2조1500억원 규모의 감액배당을 실시했다. 당시 조정호 회장은 2307억원의 배당금을 수령했지만 세금은 한 푼도 내지 않았다. 정부가 ‘과세 사각지대’로 지적받아온 감액배당에 세금을 부과하는 방안을 검토하고 있다. 그동안 자본준비금을 감액해 이익잉여금으로 돌린 뒤 실시하는 감액배당은 메리츠금융지주 우리금융지주 셀트리온 엘앤에프 등이 실시해 주주들의 큰 호응을 얻었다. 하지만 일반배당과의 형평성 문제와 세수 공백 논란도 불거지면서 정부가 제도 정비에 나섰다.20일 관계부처에 따르면 기획재정부는 감액배당에 대한 과세 방안을 2025년 세법 개정안에 포함하는 방안을 검토 중이다. 주식 매입가를 초과하는 감액배당에 대해 배당소득세를 부과하거나, 감액배당 자체를 일반 배당과 동일하게 간주해 같은 세율을 적용하는 방안이 유력하게 논의되고 있다.구윤철 부총리 겸 기획재정부 장관 후보자도 최근 국회에 제출한 인사청문회 서면답변에서 감액배당 과세 필요성을 언급했다. 그는 “감액배당은 일반 배당과 경제적 실질이 다르지 않다”며 “경제활동을 왜곡하고 과세 회피 수단으로 악용된다는 지적이 있다”고 말했다.감액배당은 자본준비금을 줄여 이익잉여금으로 전입한 뒤 이를 재원으로 배당하는 구조다. 감액 배당의 법적 근거는 ‘자본준비금을 감액해 받는 배당은 과세 대상이 되지 않는다’고 규정한 소득세법 시행령 제26조의 3이다. 감액 배당을 통해 배당금을 받는 주주의 배당 수익은 일반 배당 대비 18.2% 높다. 일반 배당금으로 1만원을 받으면 세금을 뗀 8460원을 수령하는데, 감액 배당을 받으면 1만원을 그대로 손에 쥔다. 감액배당에 나선 기업도 급증했다. 자본준비금을 감액해 이익잉여금으로 전입한 기업 수는 2022년 26곳에서 2023년 36곳, 2024년에는 71곳으로 늘었다.하지만 수천억 원의 감액배당을 받는 주주까지 세금을 내지 않으면서 논란이 확산했다.야당도 입법에 나섰다. 차규근 조국혁신당 의원은 지난 17일 감액배당 과세를 골자로 한 소득세법 및 법인세법 개정안을 대표로 발의했다. 개정안은 감액배당 중 주식 취득가액을 초과하는 부분에만 과세하는 내용을 담고 있다.하지만 정부는 감액배당 과세가 자칫 투자자 반발을 초래할 수 있다는 점에서 고민이 깊다. 감액배당을 ‘밸류업’(기업가치 제고) 수단으로 활용하는 상장사들도 많다. 정부 관계자는 “감액배당 과세가 자본시장 활성화 기조와 충돌할 수 있다는 인식도 있다“며 ”세법 개정안에 담을지 여부를 신중히 검토하고 있다”고 말했다.김익환 기자 lovepen@hankyung.com",https://www.hankyung.com/article/202507175559i,2025.07.20 16:46
"셀트리온, 면역질환 치료제 유럽 허가",두번째 '스텔라라' 복제약 확보,"셀트리온은 유럽연합집행위원회(EC)에서 자가면역질환 치료제 ‘코이볼마’의 시판 허가를 받았다고 9일 밝혔다. 코이볼마는 미국 존슨앤드존슨의 자가면역질환 치료제 ‘스텔라라’(성분명 우스테키누맙)의 바이오시밀러다.셀트리온은 지난해 11월 첫 번째 스텔라라 바이오시밀러인 ‘스테키마’를 유럽에 출시했다. 스테키마로는 판상형 건선, 건선성 관절염, 크론병 환자를 치료할 수 있다.코이볼마는 이들 질환과 함께 궤양성 대장염 환자 치료에도 활용할 수 있다. 이번 품목허가로 유럽에서 두 종류의 스텔라라 바이오시밀러를 판매할 수 있게 된 것이다.셀트리온은 유럽 각국의 복잡한 특허 환경에 유연하게 대응하기 위해 두 가지 제품을 출시하는 전략을 택했다. 업체 관계자는 “유럽에서 스테키마 출시 후 매출이 가파르게 증가하는 데다 코이볼마까지 출시하면 추가 적응증을 확보할 수 있다”며 “스텔라라와 바이오시밀러 시장에서 경쟁력을 크게 높일 수 있을 것”이라고 말했다.스테키마는 독일과 스페인 영국 이탈리아 프랑스 네덜란드 등에 출시됐다. 올해 3월엔 미국에서도 품목허가를 받아 판매를 시작했다. 미국에선 상위 5개 처방약급여관리업체(PBM) 중 두 곳과 계약을 맺는 등 시장을 확대하고 있다. 의약품 시장조사업체 아이큐비아에 따르면 지난해 기준 스텔라라와 바이오시밀러 제품의 세계 시장 규모는 216억6060만달러(약 30조원)에 이른다.오현아 기자 5hyun@hankyung.com",https://www.hankyung.com/article/2025060934521,2025.06.09 17:50
"주식 매도 없이 신용이자 연 1,500만 원 줄이는 비법",,"전송종목 : 한국카본, 삼성에스디에스, 브이티, SK가스, 한온시스템최근 주식 투자자들 사이에서 주식대출(미수/신용융자 등)의 고금리에 대한 부담이 커지고 있다.특히 저금리를 적용 받고 싶어도, 기존 대출을 상환하고 다시 주식을 매수해야 하는 번거로운 절차와 자금 조달의 어려움이 발목을 잡고 있다.이런 현실적인 문제를 해결하고자, 무빙스탁이 ‘증권사 신용, 대환자금대출’ 서비스를 전격 출시했다.이 상품은 주식을 매도하지 않고도, 기존의 고금리의 주식대출(미수/신용융자 등)의 3%대의 혁신적인 저금리 증권사로 전환할 수 있도록 상환자금을 제공하는 것이 핵심이다.무빙스탁 관계자는 “현재 증권사 이벤트 금리는 연 3%대 수준으로, 기존 9~10%대 고금리를 적용받는 투자자라면 절감 효과가 상당하다”며, 금리를 5%만 낮추면 “1억원 신용대출 기준으로 연간 약 500만원, 3억원이라면 1,500만원까지도 절약할 수 있다”고 밝혔다.더 놀라운 점은, 현재는 이벤트 기간으로 대환자금대출 신청시 발생하는 이자 비용까지 ‘0원’이라는 사실이다. 대환자금에 대해서 하루의 대출이자도 부담하지 않고 기존 고금리 대출을 저금리로 전환할 수 있어, 고금리 부담에 시달리던 투자자들에게 큰 호응을 얻을 전망이다.이 서비스는 부동산 시장에서 흔히 이용되던 대환대출 개념을 증권시장에 도입한 혁신적인 시도로, 주식 투자자들의 자금 운용에 새로운 대안을 제시할 것으로 기대된다.무빙스탁 ‘증권사 신용, 대환자금대출’의 비용 무료 이벤트는 이벤트 기간 동안 한정적으로 제공되는 만큼, 신용융자를 이용 중인 투자자라면 지금 바로 확인해볼 필요가 있다.★ 장마감 시간이 가까워질수록 문의가 많아 상담이 지연될 수 있습니다.★ 7월 문의하신 고객들이 많이 보유하신 종목으로는 삼성전자, POSCO홀딩스, 셀트리온, 포스코퓨처엠, 에코프로비엠, NAVER, 에코프로, 삼성SDI, LG화학, SK하이닉스, 두산에너빌리티, 카카오, SK이노베이션, LG에너지솔루션, 엘앤에프, 삼천당제약, 현대차, 알테오젠, HPSP, LG전자 등이 있습니다.★ 안내사항과도한 빚은 당신에게 큰 불행을 안겨줄 수 있습니다. 대출 시 신용등급 하락으로 다른 금융거래가 제약받을 수 있습니다. 중개수수료를 요구하거나 받는 것은 불법입니다.상호명: ㈜단비대부 2021-서울영등포-2102(대부업) | TEL: 1544-4886 | 대출금리: 연 20%이내(연체금리는 약정금리+3%p이내, 최대 연 20%이내) | 단, 2021. 7. 7.부터 신규체결, 갱신, 연장되는 계약에 한함 | 채무의 조기상환 조건 및 부대비용 없음. (단, 신용조회비용 및 담보권설정비용 있음), 이자 외 별도로 중개수수료를 요구하거나 수취하는 것은 불법입니다. | 대표이사: 박동원 | 사업자등록번호: 274-86-00231 | 등록기관명칭: 서울 영등포구청(담당부서: 일자리경제과, 02-2670-3420) | 소재지 : 서울 영등포구 여의대방로67길 11, 5층 517호 | 개인정보관리자메일: help@danbifund.co.kr무료상담",https://www.hankyung.com/article/202507210602a,2025.07.21 14:23
목표가 넘은 '과열주' 대신 저렴한 유망주 담을까,"Cover Story
코스피 3000 시대 투자 전략

제약·바이오·게임 등
목표가와 실제 주가간
괴리율 커진 종목 관심

SK바이오팜·유한양행 등
목표가보다 50%이상 낮아

시프트업·크래프톤도 저렴
보로노이 괴리율 85% 달해

카카오페이·SK스퀘어는
목표가의 30% 이상 초과","증권사 애널리스트들이 내놓는 종목별 목표주가와 실제 주가 간 괴리율이 커지고 있다. 코스피지수가 지난 3개월 새 30%가량 급등하는 과정에서 롤러코스터를 탄 종목이 속출하면서다. 주가가 단기간 목표주가를 크게 뛰어넘은 종목에는 경계심을 갖되 목표가보다 저렴해진 유망주엔 관심을 둘 만하다는 게 증권가의 조언이다.
                    






이미지 크게보기


그래픽=전희성 기자

 목표주가보다 확 떨어진 바이오주29일 금융정보업체 에프앤가이드에 따르면 유가증권시장 대형주 가운데 증권가의 평균 목표주가(최근 3개월 기준) 대비 주가가 가장 낮은 종목은 SK바이오팜이었다. 지난 3개월간 평균 목표주가는 14만3333원으로 이달 26일 종가(9만1900원) 대비 괴리율이 55.97%에 달했다. SK바이오팜은 자체 개발한 성인 뇌전증 치료제 ‘세노바메이트’(제품명 엑스코프리)를 미국에서 출시하면서 주목받았다. 지난 2월 7일 연고점(12만7900원)을 찍었으나 현재 주가는 고점 대비 28.15% 하락한 상태다.유한양행과 셀트리온도 목표주가 대비 괴리율이 각각 55.64%, 37.13%에 육박했다. 미국발 관세 쇼크와 경기 불확실성에 대한 우려가 커지자 제약·바이오주 전반에 투자심리가 악화한 영향이다.코스닥시장에서는 신약 개발사 보로노이의 주가 괴리율이 85.69%로 가장 높았다. 증권사의 평균 목표주가는 20만3333원, 지난 26일 종가는 10만9500원이었다. 보로노이는 항암신약 후보물질인 VRN10·VRN11의 기술이전 기대 등으로 올 들어 40% 넘게 뛰었으나 여전히 목표주가 수준에는 못 미치고 있다.올 들어 국내뿐만 아니라 글로벌 시장에서 제약·바이오주는 하락세를 면치 못했다. 도널드 트럼프 미국 대통령이 제약, 바이오 품목에 10% 기본 관세를 부과한 데다 추가로 25% 관세를 매길 수 있다고 공언해 주가가 짓눌렸다. 세계 경기 둔화 우려도 악영향을 미쳤다.다만 일각에선 그동안 소외돼온 헬스케어 업종을 저가 매수할 시기라는 분석도 나온다. 증시가 급하게 상승한 만큼 순환매 장세 전환과 함께 그간 크게 오르지 못한 업종에 투자자금이 옮겨갈 수 있다는 얘기다. 투자자 예탁금이 70조원에 달하는 등 투자심리도 개선되고 있다. 염동찬 한국투자증권 연구원은 “6월 강세장에서도 헬스케어 업종의 밸류에이션(실적 대비 주가 수준)은 크게 오르지 못한 만큼 향후 외국인 매수세가 유입될 수 있다”며 “코스피지수에 투자하는 게 부담된다면 헬스케어 업종이 대안이 될 수 있다”고 말했다.시프트업과 크래프톤의 목표주가 대비 괴리율도 각각 47.48%, 37.49%로 높았다. 시프트업은 ‘승리의 여신: 니케’의 중국 진출 성과가 기대에 못 미친 영향이란 분석이 나온다. 크래프톤 주가는 신작 출시 지연 등으로 약세를 보여왔다.업황 침체가 지속되고 있는 철강 및 2차전지 관련주 역시 목표가를 따라가지 못하고 있다. POSCO홀딩스(53.07%), LG화학(43.63%), 삼성SDI(40.96%) 등이 대표적이다. 목표가 넘은 ‘과속 종목’ 주의보반면 증권사가 전망한 목표주가를 큰 폭으로 뛰어넘은 종목도 속출하고 있다. 대표적인 상장사는 카카오페이다. 26일 기준 카카오페이 종가는 9만3800원으로, 증권사들이 제시한 평균 목표주가(5만6700원)보다 39.55% 높다. 새 정부의 원화 스테이블코인 도입 기대로 이달 들어 122.46% 급등한 탓이다. 카카오도 마찬가지다. 이날 종가는 6만900원으로 평균 목표주가인 5만5450원 대비 9.84% 높은 수준이다.새 정부 출범 후 국내 증시에서 지주사가 주목받으며 급등한 SK스퀘어의 목표주가와 실제 주가 간 괴리율도 30.76%에 달한다. 증권사가 제시한 목표주가 평균치는 12만9750원이지만 26일 종가는 18만7400원이었다.미래에셋증권도 목표주가(1만5621원)와 이날 종가(2만1850원) 사이 괴리율이 28.51%에 달했다. 원화 스테이블코인 사업과 증시 활성화 정책 기대 등으로 이달 들어서만 40.97% 급등했다. 미국의 전력 인프라 투자 확대로 수주가 늘어날 것으로 점쳐지는 효성중공업의 평균 목표주가는 66만4167원이지만 26일 종가는 86만3000원이었다. 괴리율이 23.05%에 달했다. 이 밖에 한화시스템(18.23%), 두산에너빌리티(17.70%), 현대건설(15.02%), 한국금융지주(14.87%) 주가 역시 목표주가를 훌쩍 웃돌고 있다.목표주가는 기업이 미래에 달성할 실적과 시장의 투자 심리 등을 감안해 증권사 애널리스트가 추정한 적정 주가 수준이다. 이를 큰 폭으로 뛰어넘었다는 건 투자 심리가 과열됐다고 볼 수 있다는 게 증권가 지적이다.단기간 급등한 종목 중 일부는 최근 급락세를 보이기도 했다. 27일 카카오페이는 10.23% 하락 마감했다. SK스퀘어도 5.92% 내렸다. 미래에셋증권도 2.29% 떨어졌다.조아라 기자 rrang123@hankyung.com",https://www.hankyung.com/article/2025062969621,2025.06.29 18:14
"증권가, 하반기 코스피 상단 3550으로 상향… “금리 인하·수급 개선 기대”",,"증권가는 배당성향 개선, 자사주 소각, 정부의 증시 활성화 정책 등을 근거로 하반기 코스피 상단 전망치를 기존보다 높인 3550선으로 상향 조정했다. 특히 4분기에는 금리 인하와 수급 개선이 기대되면서 추가 상승 여지가 크다는 분석이다.일부 증권사들은 기존 ROE 기반 모델 대신 PER과 EPS를 활용한 상대가치 평가모형으로 지수 산정을 전환했으며, 심리 개선과 정책 효과를 반영하면 주가가 더 오를 수 있다고 판단하고 있다.한편, 코스피는 전날 3133.74로 마감하며 2021년 9월 이후 약 4년 만에 종가 기준 연고점을 경신했다.한편, 스탁론에 대한 관심이 날로높아지고 있다. 모처럼 잡은 투자기회를 놓치지 않으려는 투자자들이 주식매입을 위해 더 많은 자금을 활용할 수 있는 스탁론으로 눈길을 돌리고 있기 때문이다. 현 주가는 실적을 따라가지 못하고 있는 상황으로, 밸류에이션 리레이팅이 필요한 시기라는 평가도 나오고 있다.




 

◆ 올뉴스탁론, DSR 무관 상품에 연 4%대 최저금리 상품으로 다양한 선택지를!올뉴스탁론에서 투자자들 누구나 부담 없이 스탁론을 경험할 수 있도록 연 4%대 업계 최저금리로 이용 가능한 증권 연계신용 상품을 출시했다. 주식매입은 물론 증권사 미수/신용 대환 모두 가능하며 신용등급 차등 없이 자기 자본 포함 최대 4배까지 활용할 수 있다.이와 함께 DSR 한도 때문에 기존 스탁론 활용이 어려웠던 투자자들을 위한 DSR 무관 상품도 취급 중이다. 또한 장중 거래가 어려웠던 투자자를 위한 대체거래소(NXT) 거래도 가능해졌다.올뉴스탁론에 대해 자세히 알고 싶은 투자자는 고객상담센터(☎1599-8666)로 연락하면 대출 여부와 무관하게 언제든 전문상담원과 편리하게 상담할 수 있다.○ 보유하고 있는 대출액이나 소득 무관하게! (DSR 무관)○ 최대 4배 주식자금 활용 가능! (본인 자금 포함)○ 대체거래소(NXT) 거래 가능!○ 증권 신용/미수 당일 즉시 대환 가능!○ 기존 증권사 신용, 스탁론으로 매수가 어려웠던 종목도 OK!※ 올뉴스탁론 고객상담센터 : 1599-8666바로가기 : https://allnewstockloan.co.kr?agency=HTS◆ 현 시각 관심종목 Top 10 : 폴라리스AI파마, 한화솔루션, 셀트리온, 동양철관, SK텔레콤, 우리기술, iM금융지주, CJ대한통운, 비츠로셀, DSC인베스트먼트무료상담",https://www.hankyung.com/article/202507109552a,2025.07.11 09:50
9~10% 주식 관련 대출에서 3%대 대출로 교체,,"전송종목 : HD현대마린엔진, GS, LIG넥스원, 미스토홀딩스, 현대글로비스최근 주식 투자자들 사이에서 주식대출(미수/신용융자 등)의 고금리에 대한 부담이 커지고 있다.특히 저금리를 적용 받고 싶어도, 기존 대출을 상환하고 다시 주식을 매수해야 하는 번거로운 절차와 자금 조달의 어려움이 발목을 잡고 있다.이런 현실적인 문제를 해결하고자, 무빙스탁이 ‘증권사 신용, 대환자금대출’ 서비스를 전격 출시했다.이 상품은 주식을 매도하지 않고도, 기존의 고금리의 주식대출(미수/신용융자 등)의 3%대의 혁신적인 저금리 증권사로 전환할 수 있도록 상환자금을 제공하는 것이 핵심이다.무빙스탁 관계자는 “현재 증권사 이벤트 금리는 연 3%대 수준으로, 기존 9~10%대 고금리를 적용받는 투자자라면 절감 효과가 상당하다”며, 금리를 5%만 낮추면 “1억원 신용대출 기준으로 연간 약 500만원, 3억원이라면 1,500만원까지도 절약할 수 있다”고 밝혔다.더 놀라운 점은, 현재는 이벤트 기간으로 대환자금대출 신청시 발생하는 이자 비용까지 ‘0원’이라는 사실이다. 대환자금에 대해서 하루의 대출이자도 부담하지 않고 기존 고금리 대출을 저금리로 전환할 수 있어, 고금리 부담에 시달리던 투자자들에게 큰 호응을 얻을 전망이다.이 서비스는 부동산 시장에서 흔히 이용되던 대환대출 개념을 증권시장에 도입한 혁신적인 시도로, 주식 투자자들의 자금 운용에 새로운 대안을 제시할 것으로 기대된다.무빙스탁 ‘증권사 신용, 대환자금대출’의 비용 무료 이벤트는 이벤트 기간 동안 한정적으로 제공되는 만큼, 신용융자를 이용 중인 투자자라면 지금 바로 확인해볼 필요가 있다.★ 장마감 시간이 가까워질수록 문의가 많아 상담이 지연될 수 있습니다.★ 7월 문의하신 고객들이 많이 보유하신 종목으로는 삼성전자, POSCO홀딩스, 셀트리온, 포스코퓨처엠, 에코프로비엠, NAVER, 에코프로, 삼성SDI, LG화학, SK하이닉스, 두산에너빌리티, 카카오, SK이노베이션, LG에너지솔루션, 엘앤에프, 삼천당제약, 현대차, 알테오젠, HPSP, LG전자 등이 있습니다.★ 안내사항과도한 빚은 당신에게 큰 불행을 안겨줄 수 있습니다. 대출 시 신용등급 하락으로 다른 금융거래가 제약받을 수 있습니다. 중개수수료를 요구하거나 받는 것은 불법입니다.상호명: ㈜단비대부 2021-서울영등포-2102(대부업) | TEL: 1544-4886 | 대출금리: 연 20%이내(연체금리는 약정금리+3%p이내, 최대 연 20%이내) | 단, 2021. 7. 7.부터 신규체결, 갱신, 연장되는 계약에 한함 | 채무의 조기상환 조건 및 부대비용 없음. (단, 신용조회비용 및 담보권설정비용 있음), 이자 외 별도로 중개수수료를 요구하거나 수취하는 것은 불법입니다. | 대표이사: 박동원 | 사업자등록번호: 274-86-00231 | 등록기관명칭: 서울 영등포구청(담당부서: 일자리경제과, 02-2670-3420) | 소재지 : 서울 영등포구 여의대방로67길 11, 5층 517호 | 개인정보관리자메일: help@danbifund.co.kr무료상담",https://www.hankyung.com/article/202507083739a,2025.07.08 11:38
"국산신약 3총사, 年 매출 1조 눈앞…'K블록버스터 시대' 연다","새 역사 쓰는 K바이오
(2) '압도적 실적' 블록버스터 신약이 K바이오 미래

美서 대박난 '세노바메이트'
SK 뇌전증 치료제 현지서 호평

FDA 문턱 넘은 '렉라자'
'케이캡', 中 이어 美 공략","“이 약을 먹은 이후 처음으로 발작이 멈췄다. 24년 만에 운전도 할 수 있게 됐다.”SK바이오팜의 뇌전증 치료제 ‘세노바메이트’를 복용한 환자가 미국의 의약품 정보 포털에 올린 사용 후기다. 미국에서 ‘엑스코프리’라는 이름으로 판매 중인 이 약은 현지 의료진과 환자 사이에서 효능이 좋다는 입소문이 퍼지며 판매량이 빠르게 늘고 있다. 2020년 미국 출시 후 매출이 2022년 1692억원, 2023년 2708억원, 지난해 4387억원으로 수직 상승했다.
                    






이미지 크게보기



                국산 신약이 해외에서 효능을 인정받으며 블록버스터(연매출 1조원 이상 의약품)가 탄생할 것이란 기대를 높이고 있다. 세노바메이트를 비롯해 유한양행의 항암제 ‘렉라자’, HK이노엔의 위식도역류질환 치료제 ‘케이캡’ 등이 글로벌 시장 공략을 가속화하고 있다. ◇탁월한 효능 인정받은 K신약11일 업계에 따르면 SK바이오팜은 기존 미국 캐나다 유럽 시장 외에 중국 일본 등 아시아 시장에 세노바메이트를 진출시킬 계획이다. 지난해 12월 중국에서 품목허가를 신청한 데 이어 일본에서도 연내 승인 절차를 밟기로 했다. 세노바메이트는 ‘간질’로 불리던 뇌전증 환자의 주요 증상인 발작을 줄이는 치료제다. 지난해 공개한 임상 결과에 따르면 세노바메이트를 복용한 환자 중 절반 이상(55%)이 발작이 줄어들었다. 열 명 중 세 명은 발작이 완전히 사라졌다. 기존 치료법으로는 기대할 수 없던 효과다.SK바이오팜 관계자는 “회사가 참가한 미국의 한 바이오 행사에서 현지 의사가 찾아와 ‘이런 좋은 약을 개발해줘서 감사하다’고 인사한 사례도 있었다”고 전했다. 시장에서는 올해 세노바메이트 매출을 6600억~6900억원으로 전망하고 있다.유한양행이 지난해 국산 신약 최초로 미국 식품의약국(FDA) 허가를 받은 항암제인 렉라자도 유력한 블록버스터 후보다. 기존 치료법의 효능을 월등히 뛰어넘으면서 폐암 환자를 위한 표준치료제로 자리 잡을 가능성이 커서다. 2018년 유한양행으로부터 글로벌 상업화 권리를 이전받은 존슨앤드존슨(J&J)은 렉라자와 항체 신약 ‘리브리반트’ 병용요법이 향후 연 50억달러(약 7조원) 이상의 매출을 낼 것으로 보고 있다. 이 치료법은 폐암 환자의 생존기간을 기존 3년에서 4년으로 늘려 폐암 치료의 새 지평을 열 것으로 기대된다. ◇세계 위장약 시장에 ‘도전장’케이캡 역시 2027년께 미국 시장에 본격 진출하면 매출이 급격히 증가할 것으로 전망된다. 미국 위식도역류질환 치료제 시장은 3조7000억원 규모로 형성돼 있다. 케이캡은 4조원 이상 규모의 세계 최대 시장으로 평가되는 중국에도 2022년 진출했다.케이캡은 지금까지 미국 중국 동남아시아 남미 등 53개국과 계약을 맺고 15개 국가에서 출시됐다. HK이노엔은 2028년까지 100개국에 진출해 2030년까지 글로벌 매출 2조원을 달성하겠다는 목표를 세웠다. 올해 4분기 미국 FDA에 품목허가를 신청할 계획이다. ◇신약으로 실적 견인블록버스터 의약품은 제약사 실적을 견인한다. 국산 블록버스터는 지난해 1조2680억원 매출을 달성한 셀트리온의 자가면역질환 바이오시밀러(바이오의약품 복제약) ‘램시마’가 유일하다. 국산 신약 중에서는 아직 블록버스터가 나오지 않았다.국제학술지 네이처에 따르면 상위 20개 글로벌 제약사에서 개발한 블록버스터 의약품이 이들 제약사 총매출의 70%를 차지했다. 세계에서 가장 많이 판매되는 의약품인 미국 머크(MSD)의 항암제 키트루다 매출은 지난해 295억달러(약 43조원)로 회사 전체 매출(642억달러)의 46%를 차지했다. 유한양행도 렉라자의 미국 판매 확대에 힘입어 올해 1분기 영업이익(별도 기준)이 전년 동기 대비 40.8% 증가했다.김열홍 유한양행 연구개발(R&D) 총괄사장은 “압도적인 매출을 내는 블록버스터 약물은 R&D에 따른 제약사의 손실을 메우고 성공률이 낮은 신약 개발을 지속하도록 하는 원동력이 된다”고 말했다.이영애 기자 0ae@hankyung.com",https://www.hankyung.com/article/2025061187671,2025.06.11 18:02
"바이오의약품협회, 이재명 정부에 R&D투자 재설계 촉구",,"이정석 한국바이오의약품협회장

                삼성바이로직스 셀트리온 SK바이오사이언스 차바이오텍 등 국내 바이오의약품업계 대표 단체인 한국바이오의약품협회가 새 정부에 중장기적 관점의 국가 바이오산업 전략과 체계적인 연구개발(R&D) 투자를 재설계해달라고 촉구했다.바이오의약품협회는 4일 제21대 이재명 대통령 취임 축하 성명에서 ""코로나19 팬데믹 이후 글로벌 공급망 재편과 기술자립에 대한 시대적 요구가 높아지는 가운데, 제약·바이오산업은 국가 보건안보와 기술주권 확보의 전략적 기반으로 그 중요성이 더욱 부각되고 있다""고 강조했다. 그러면서 우리 산업은 단기적 수출 성과를 넘어서, 진정한 글로벌 경쟁력을 갖춘 혁신 생태계로 도약해야 할 중대한 전환점에 서 있다고 설명했다. 협회는 ""세계 최고 수준의 연구개발 역량 확보, 첨단기술과의 융합을 통한 신산업 창출, 그리고 예측 가능하고 혁신친화적인 규제 환경 조성이라는 과제가 우리 앞에 놓여 있다""고 밝혔다. 이를 위해 정부의 일관성 있는 정책 지원과 산학연관이 하나 되는 협력체계 구축이 무엇보다 절실한 상황이라는 설명이다.이를 위해 △중장기적 관점의 국가 바이오산업 전략과 체계적인 R&D 투자 재설계 △규제역량 강화를 통한 예측가능하고 선제적인 정책추진 환경 조성 △인공지능(AI)·디지털 기반의 규제 혁신과 인프라 고도화 △인재 양성과 글로벌 진출 기반 마련 등에 대한 정책 마련을 촉구했다. 아울러 협회는 ""국민 건강 증진과 산업 경쟁력 제고라는 양대 사명을 성실히 수행하며, 대한민국이 명실상부한 글로벌 바이오 강국으로 도약할 수 있도록 노력하겠다""며 ""대한민국 바이오헬스 산업이 인류의 건강한 삶을 이끄는 새로운 전성기를 맞게되길 기대한다""고 밝혔다.안대규 기자 powerzanic@hankyung.com",https://www.hankyung.com/article/202506045473i,2025.06.04 17:39
자금흐름을 알면 주가를 알 수 있다? 증시 자금 추적하기,,"5월 29일 기준 코스피는 전일대비 50.49p 상승한 2720.64p로 마감하였으며,코스닥은 전일대비 7.5p 상승한 736.29p로 마감하였습니다.




 

5월 28일 기준 신용거래융자는 18조 1,640억원으로 전일대비 114억원 감소하였습니다.투자자예탁금은 56조 4,029억원으로 전일대비 1조 975억원 감소하였습니다.CMA는 85조 1,875억원으로 전일대비 3조 1,049억원 감소하였습니다.주식형펀드 순자산은 150조 9,068억원으로 전일대비 2조 4,147억원 증가하였습니다.펀드 순자산은 1,153조 104억원으로 전일대비 8조 293억원 증가하였습니다.링크종목: 삼성전자, SK하이닉스, 셀트리온, 알테오젠, 두산에너빌리티무료상담",https://www.hankyung.com/article/202505305447a,2025.05.30 09:53
이자 폭탄 막자! 증권사 신용대출 3%대 전환으로 절약하는 법,,"전송종목 : 애경산업, 조일알미늄, 와이지-원, 한섬, 시공테크최근 주식 투자자들 사이에서 주식대출(미수/신용융자 등)의 고금리에 대한 부담이 커지고 있다.특히 저금리를 적용 받고 싶어도, 기존 대출을 상환하고 다시 주식을 매수해야 하는 번거로운 절차와 자금 조달의 어려움이 발목을 잡고 있다.이런 현실적인 문제를 해결하고자, 무빙스탁이 ‘증권사 신용, 대환자금대출’ 서비스를 전격 출시했다.이 상품은 주식을 매도하지 않고도, 기존의 고금리의 주식대출(미수/신용융자 등)의 3%대의 혁신적인 저금리 증권사로 전환할 수 있도록 상환자금을 제공하는 것이 핵심이다.무빙스탁 관계자는 “현재 증권사 이벤트 금리는 연 3%대 수준으로, 기존 9~10%대 고금리를 적용받는 투자자라면 절감 효과가 상당하다”며, 금리를 5%만 낮추면 “1억원 신용대출 기준으로 연간 약 500만원, 3억원이라면 1,500만원까지도 절약할 수 있다”고 밝혔다.더 놀라운 점은, 현재는 이벤트 기간으로 대환자금대출 신청시 발생하는 이자 비용까지 ‘0원’이라는 사실이다. 대환자금에 대해서 하루의 대출이자도 부담하지 않고 기존 고금리 대출을 저금리로 전환할 수 있어, 고금리 부담에 시달리던 투자자들에게 큰 호응을 얻을 전망이다.이 서비스는 부동산 시장에서 흔히 이용되던 대환대출 개념을 증권시장에 도입한 혁신적인 시도로, 주식 투자자들의 자금 운용에 새로운 대안을 제시할 것으로 기대된다.무빙스탁 ‘증권사 신용, 대환자금대출’의 비용 무료 이벤트는 이벤트 기간 동안 한정적으로 제공되는 만큼, 신용융자를 이용 중인 투자자라면 지금 바로 확인해볼 필요가 있다.★ 장마감 시간이 가까워질수록 문의가 많아 상담이 지연될 수 있습니다.★ 7월 문의하신 고객들이 많이 보유하신 종목으로는 삼성전자, POSCO홀딩스, 셀트리온, 포스코퓨처엠, 에코프로비엠, NAVER, 에코프로, 삼성SDI, LG화학, SK하이닉스, 두산에너빌리티, 카카오, SK이노베이션, LG에너지솔루션, 엘앤에프, 삼천당제약, 현대차, 알테오젠, HPSP, LG전자 등이 있습니다.★ 안내사항과도한 빚은 당신에게 큰 불행을 안겨줄 수 있습니다. 대출 시 신용등급 하락으로 다른 금융거래가 제약받을 수 있습니다. 중개수수료를 요구하거나 받는 것은 불법입니다.상호명: ㈜단비대부 2021-서울영등포-2102(대부업) | TEL: 1544-4886 | 대출금리: 연 20%이내(연체금리는 약정금리+3%p이내, 최대 연 20%이내) | 단, 2021. 7. 7.부터 신규체결, 갱신, 연장되는 계약에 한함 | 채무의 조기상환 조건 및 부대비용 없음. (단, 신용조회비용 및 담보권설정비용 있음), 이자 외 별도로 중개수수료를 요구하거나 수취하는 것은 불법입니다. | 대표이사: 박동원 | 사업자등록번호: 274-86-00231 | 등록기관명칭: 서울 영등포구청(담당부서: 일자리경제과, 02-2670-3420) | 소재지 : 서울 영등포구 여의대방로67길 11, 5층 517호 | 개인정보관리자메일: help@danbifund.co.kr무료상담",https://www.hankyung.com/article/202507111584a,2025.07.11 08:53
저가에 투자! 5년고정 연 4.9% 상품으로 본인자산포함 최대 4배로 한종목 100% 집중투자!,,"부자네스탁론이 봄맞이 이벤트로 5년고정 연 4.9%의 저금리 스탁론 상품을 출시하면서 투자자들에게 화제가 되고 있다.5년고정 연 4.9%의 저금리 스탁론은 주요 증권사의 신용 금리로 알려진 8~9%대의 금리보다 훨씬 금리가 낮은 상품이다.스탁론 상품들은 증권사 신용보다 레버리지는 더 높고 담보유지비율은 더 낮아 투자 고수들 사이에서 잘 알려진 상품이다.미수나 반대매도를 해결해주는 대환대출상품, 한 종목 100% 집중투자 상품신용등급, 매수불가종목, D.S.R 등 주식투자자들의 고민을 완벽하게 해결해주는 솔루션을 제공하는부자네스탁론은 고객마다 가장 최적의 대출방법으로 해결해준다.-스탁론 D.S.R<총부채원리금상환비율> 고강도 규제에도! 문제없는 부자네스탁론!– 소득 낮고 기존 대출금액 많아도 계좌평가금액에 비례해서 대출가능!▶머니투데이 부자네스탁론① 5년고정 연 4.9% 금리의 최저금리 스탁론② 자기자본포함 최대 4배까지 레버리지 투자 가능③ 매수가능종목 100% 집중투자가능 (코스닥, 시가총액, 포트폴리오비율상관없이)④ 스탁론 전종목 1:1 매수상담문의 → 수익극대화⑤ 반대매도 임박 / 추가입금이 힘들다면? → 1:1 로스컷 전문상담⑥ D.S.R과 신용등급 낮.아.도 문제없이 매입/대환까지 가능!★ D.S.R비율, 신용등급 무관 저금리 부자네스탁 AM8:00~PM4:00 ☎1577-5852★ AM 8:00 부터 선착순 예약접수 http://www.bujane.co.kr/5월 고객들의 문의가 많은 종목은 대한항공, LG화학, 기아, 아이씨티케이, 셀트리온 등이 있다.무료상담",https://www.hankyung.com/article/202505230818a,2025.05.23 14:38
니파 바이러스 확산 우려…제약·바이오·언택트株 동반 강세,,"최근 인도에서 발생한 니파 바이러스의 확산 우려가 커지면서 국내 주식시장도 민감하게 반응하고 있다. 치사율이 최대 75%에 달하는 니파 바이러스는 높은 전염성으로 인해 공포감을 키우고 있다. 이에 따라 관련주로 분류되는 제약·바이오 및 진단키트, 방역·위생 섹터가 급부상하고 있다.제약·바이오 섹터에서는 백신과 치료제 개발 능력을 갖춘 SK바이오사이언스, 셀트리온, GC녹십자 등이 대표적인 종목으로 투자자들의 관심을 모으고 있다. 또한 진단키트 기업으로는 바이러스 진단 기술이 뛰어난 씨젠, 휴마시스, 에스디바이오센서가 강세를 보이고 있다.바이러스 확산 시 위생 제품과 방역 물품의 수요가 늘 것으로 예상되면서 깨끗한나라, 모나리자, 웰크론 등 관련 기업의 수혜 기대감도 높아지는 추세다. 아울러 재택근무 증가에 따른 언택트 관련 종목인 네이버, 카카오, 쿠팡 등도 간접적인 수혜를 입을 전망이다.




 

한편 니파 바이러스 확산에 따라 단기적 투자 기회를 노리는 투자자들 사이에서는 스탁론(주식담보대출)에 대한 관심도 늘어나고 있다. 전문가들은 “변동성이 큰 시장 상황에서 투자금이 부족하다면 안정성과 편의성이 보장된 더머니 스탁론을 이용해 보는 것도 좋은 전략이 될 수 있다”며 “더머니 스탁론을 통해 추가적인 투자금 확보가 가능하고, 온라인으로 간편하게 신청할 수 있다는 장점이 있다”고 설명했다.다만 전문가들은 “니파 바이러스 확산은 초기 단계로 관련 테마주의 급등락 가능성을 유의해야 한다”며 “단기 테마에 매몰되지 말고 기업의 펀더멘털을 철저히 분석해 투자 판단을 내리는 것이 중요하다”고 조언했다.관심종목: SK바이오사이언스, GC녹십자, 휴마시스, 모나리자, 웰크론무료상담",https://www.hankyung.com/article/202505264687a,2025.05.26 08:40
이자 폭탄 막자! 증권사 신용대출 3%대 전환으로 절약하는 법,,"전송종목 : 에스디바이오센서, 메리츠금융지주, BNK금융지주, iM금융지주, 이마트최근 주식 투자자들 사이에서 주식대출(미수/신용융자 등)의 고금리에 대한 부담이 커지고 있다.특히 저금리를 적용 받고 싶어도, 기존 대출을 상환하고 다시 주식을 매수해야 하는 번거로운 절차와 자금 조달의 어려움이 발목을 잡고 있다.이런 현실적인 문제를 해결하고자, 무빙스탁이 ‘증권사 신용, 대환자금대출’ 서비스를 전격 출시했다.이 상품은 주식을 매도하지 않고도, 기존의 고금리의 주식대출(미수/신용융자 등)의 3%대의 혁신적인 저금리 증권사로 전환할 수 있도록 상환자금을 제공하는 것이 핵심이다.무빙스탁 관계자는 “현재 증권사 이벤트 금리는 연 3%대 수준으로, 기존 9~10%대 고금리를 적용받는 투자자라면 절감 효과가 상당하다”며, 금리를 5%만 낮추면 “1억원 신용대출 기준으로 연간 약 500만원, 3억원이라면 1,500만원까지도 절약할 수 있다”고 밝혔다.더 놀라운 점은, 현재는 이벤트 기간으로 대환자금대출 신청시 발생하는 이자 비용까지 ‘0원’이라는 사실이다. 대환자금에 대해서 하루의 대출이자도 부담하지 않고 기존 고금리 대출을 저금리로 전환할 수 있어, 고금리 부담에 시달리던 투자자들에게 큰 호응을 얻을 전망이다.이 서비스는 부동산 시장에서 흔히 이용되던 대환대출 개념을 증권시장에 도입한 혁신적인 시도로, 주식 투자자들의 자금 운용에 새로운 대안을 제시할 것으로 기대된다.무빙스탁 ‘증권사 신용, 대환자금대출’의 비용 무료 이벤트는 이벤트 기간 동안 한정적으로 제공되는 만큼, 신용융자를 이용 중인 투자자라면 지금 바로 확인해볼 필요가 있다.★ 장마감 시간이 가까워질수록 문의가 많아 상담이 지연될 수 있습니다.★ 7월 문의하신 고객들이 많이 보유하신 종목으로는 삼성전자, POSCO홀딩스, 셀트리온, 포스코퓨처엠, 에코프로비엠, NAVER, 에코프로, 삼성SDI, LG화학, SK하이닉스, 두산에너빌리티, 카카오, SK이노베이션, LG에너지솔루션, 엘앤에프, 삼천당제약, 현대차, 알테오젠, HPSP, LG전자 등이 있습니다.★ 안내사항과도한 빚은 당신에게 큰 불행을 안겨줄 수 있습니다. 대출 시 신용등급 하락으로 다른 금융거래가 제약받을 수 있습니다. 중개수수료를 요구하거나 받는 것은 불법입니다.상호명: ㈜단비대부 2021-서울영등포-2102(대부업) | TEL: 1544-4886 | 대출금리: 연 20%이내(연체금리는 약정금리+3%p이내, 최대 연 20%이내) | 단, 2021. 7. 7.부터 신규체결, 갱신, 연장되는 계약에 한함 | 채무의 조기상환 조건 및 부대비용 없음. (단, 신용조회비용 및 담보권설정비용 있음), 이자 외 별도로 중개수수료를 요구하거나 수취하는 것은 불법입니다. | 대표이사: 박동원 | 사업자등록번호: 274-86-00231 | 등록기관명칭: 서울 영등포구청(담당부서: 일자리경제과, 02-2670-3420) | 소재지 : 서울 영등포구 여의대방로67길 11, 5층 517호 | 개인정보관리자메일: help@danbifund.co.kr무료상담",https://www.hankyung.com/article/202507235741a,2025.07.23 10:28
R&D 늘리면 약가 혜택…'삼성바이오·한미약품' 기대감,,"영상 모듈 닫기




<앵커>이재명 대통령의 제약·바이오 산업 육성 공약의 핵심 중 하나가 바로 '기업의 연구개발(R&D) 촉진' 입니다.관련해 국가 차원에서 투자를 확대하는 것 외에 '제약기업에 대한 R&D 투자비율 연동형 약가보상체계 구축'이란 정책을 밝혔는데요.어떤 식으로 실현될 가능성이 높은지, 그렇다면 어떤 기업을 주목해야 하는지 산업부 김수진 기자와 함께 짚어봅니다.김 기자, 우선 이 R&D 투자 연동 약가보상체계가 의미하는 내용이 뭡니까?<기자>쉽게 말해 연구개발(R&D)에 많이 투자한 기업의 의약품 가격을 높게 쳐주겠다는 의미입니다.<앵커>약 가격을 올려준다는게 가능한건가요? WTO 등에서 제제가 있을 수도 있지 않습니까?<기자>결론부터 말하면 가능합니다. 단, 방법은 우회적일 수 있습니다.작접적으로 약 자체의 가격을 더하는 방법보다, 정부의 기준에 맞는 기업에게 혜택을 제공해 최종적으로 약가에서 손해를 덜 보게 한다는 방식이라면 자유롭습니다.우리 정부는 정기적으로 이미 나온 약의 가격을 인하하는 정책을 펼치고 있는데, 여기서 혜택을 주는 식으로 말이죠. 실제로 정부는 '혁신형 제약기업 인증'이란 정책을 통해 R&D 비중이 높고, 신약 개발 성과가 우수한 회사들에게 여러 혜택을 지원해왔고 이 중에는 약가와 관련된 정책도 있었습니다.이 방안들을 좀 더 쉽게 이해하려면 우리 정부가 평소에 펼치고 있는 '약가 인하 정책'에 대한 정보가 필요합니다.<앵커>많이 쓰는 의약품의 가격을 인하하는 제도가 그 중 하나죠?<기자>그렇습니다. 우리나라는 의약품 출시 이후, 정부를 통해 가격이 인하되는 정책이 6가지 정도입니다.대표 제도가 '사용량 약가 연동 협상' 제도죠.정부는 매년 특정 의약품이 얼마나 쓰일지 미리 예상하는데, 실제 사용량이 이보다 높아지면 가격을 내리자고 기업과 협상하는겁니다. 지난해 협상 기준을 살펴보면 2023년도 청구금액이 2022년도 대비 60%이상 증가했거나, 10%이상 증가하고 증가액이 50억원 이상일 때가 인하 대상이었습니다.이때 한미약품 ‘로수젯’, 셀트리온 ‘램시마’, 보령 ‘듀카브’등 162개 의약품 약가가 인하됐죠.아직 새 정부의 R&D 투자 약가보상 방안은 정확히 정해지지 않은 상태인데요.곧 국정기획위원회가 구성되면 세부 실행방안이 정해질 것으로 보입니다. 취재를 통해, 가능성이 큰 방안을 살펴봤는데요.전문가들은 R&D 투자 약가보상이 이뤄질 경우, 가격 자체를 갑자기 올리기보다 약가 인하폭을 줄여준다거나, 세제 혜택을 준다거나, 정부가 깎은 약가를 고스란히 R&D로 재투자하게 보전해주는 식의 방법으로 접근할 가능성이 높다고 보고 있습니다. <앵커>방법은 달라질 수 있어도 R&D에 많이 투자한 기업일수록 헤택을 볼 가능성은 분명해보입니다R&D 투자를 많이 하는 우리 제약·바이오 기업, 어디가 있습니까?<기자>올해 1분기 기준으로 가장 R&D 비용을 가장 많이 지출한 회사는 삼성바이오로직스입니다.전년 동기 대비 22.3% 증가한 1,073억원을 R&D에 썼죠.삼성바이오는 ADC 항암제, 희귀질환 유전자치료제 등을 개발하고 있는데 해당 분야가 특히 임상에서 비용이 많이 지출되는 편입니다.다음이 셀트리온인데, 전년 동기 대비 14% 증가한 1,031억원을 지출했습니다.셀트리온 역시 ADC 항암제 개발에 나선데다 ADC와 다중항체 분야에서 3년 내로 13개 후보물질을 개발하겠다는 목표가 있다보니 R&D 비중이 만만치 않습니다.그 다음이 한미약품 553억원, 대웅제약 518억원, 유한양행 517억원 순인데요.모두 신약을 개발하고 있다는 공통점이 있고, 막대한 R&D 비용 역시 대부분 이에 쓰입니다.그 외에도 일동제약(305.9%↑), JW중외제약(53%↑), 안국약품(62.9%), 유유제약(30.4%), 종근당(19.5%↑), 삼진제약(19.5%↑), 보령(17%↑) 등이 R&D 비용을 전년 동기 대비 대폭 늘려 주목할 만 합니다.<앵커>국내 제약·바이오 기업들의 R&D 비용이 글로벌 제약사들에 비해서는 규모가 적은 편이지만, 증가하는 편인데다 이 비용이 큰 기업에게 이득을 주겠다는 구조가 된다는데 의의가 있어 보입니다.<기자>R&D 비용 투자는 제약·바이오 업계 숙명과도 같은 과제입니다.기존의 약보다 효과 좋은 약을 계속 개발해야 하고, 이로 생긴 수익은 R&D에 투자해야 다시 신약을 개발할 수 있는 순환 구조라 그렇습니다.새 정부의 R&D 약가 연동 정책 역시 글로벌 제약바이오 강국이 되기 위해 R&D 비중을 높여 '본질에 충실한 기업'을 우대하겠다는 뜻으로 풀이됩니다.<앵커>네 잘 들었습니다.김수진기자 sjpen@wowtv.co.kr",https://www.hankyung.com/article/2025061184335,2025.06.11 16:02
"조선·방산·원전주, 조정 후 반등 조짐… “실적이 추가 상승 열쇠”",,"7월 들어 단기 조정을 받았던 조선, 방산, 원전 등 기존 주도주들이 다시 상승세를 보이고 있다. 시가총액 상위에서 밀렸던 종목들이 반등하며 시장의 관심이 재차 집중되고 있으며, 증권가는 실적 시즌을 계기로 이들 업종의 추가 상승 가능성에 주목하고 있다.과거 강세장에서 주도주가 조정 후에도 재차 상승 흐름을 이끌었던 사례들이 근거로 제시된다. 철강, 반도체, 2차전지 등도 조정을 거친 뒤 강한 상승을 이어간 바 있으며, 현재 조선·방산·원전 업종도 유사한 패턴을 보일 가능성이 있다는 분석이다.증권가는 실적 시즌에서 이익 증가가 확인된다면 높은 밸류에이션에 대한 우려도 해소될 수 있다고 보고 있다. 실적 기대치가 여전히 유지되고 있는 만큼, 현재 조정은 순환매 흐름 속 매수 기회로 해석되고 있다.한편, 스탁론에 대한 관심이 날로높아지고 있다. 모처럼 잡은 투자기회를 놓치지 않으려는 투자자들이 주식매입을 위해 더 많은 자금을 활용할 수 있는 스탁론으로 눈길을 돌리고 있기 때문이다. 현 주가는 실적을 따라가지 못하고 있는 상황으로, 밸류에이션 리레이팅이 필요한 시기라는 평가도 나오고 있다.




 

◆ 하이스탁론, 연 4%대 업계 최저금리로 추가 투자금은 물론 신용미수 대환까지!<하이스탁론>에서 누구나 부담 없이 스탁론을 경험할 수 있도록 연 4%대 최저금리 상품을 출시했다. 주식매입 용도는 물론 증권사 미수/신용 대환도 가능하며 신용등급 차등 없이 자기자본 포함 최대 4배까지 활용할 수 있다.이와 함께 DSR 한도 때문에 기존 스탁론 이용이 어려웠던 투자자들은 위한 DSR 무관 상품도 취급 중이다. 또한 장중 거래가 어려웠던 투자자를 위한 대체거래소(NXT) 거래도 가능해졌다.<하이스탁론>의 새로운 상품에 대해 자세히 알고 싶은 투자자는 고객상담센터(1599-0313)로 연락하면 대출 여부와 상관없이 24시간 언제든 전문상담원과 편리한 상담이 가능하다.○ 연 4%대 업계 최저금리 상품 출시○ 대체거래소(NXT) 거래 가능!○ 21년 연속 시장 점유율 1위, 16년 연속 대한민국퍼스트브랜드 대상○ 증권사 신용/미수 실시간 상환, 한종목 100% 집중 투자○ 믿을 수 있는 상담품질보증제※하이스탁론상담센터 : 1599-0313바로가기:https://www.hisl.co.kr/0313◆ 현 시각 관심종목 Top 10 : 폴라리스AI파마, 한화솔루션, 셀트리온, 동양철관, SK텔레콤, 우리기술, iM금융지주, CJ대한통운, 비츠로셀, DSC인베스트먼트무료상담",https://www.hankyung.com/article/202507084330a,2025.07.09 11:25
"셀트리온, 사상 최대 실적…'연매출 5조' 순항","2분기 잠정실적 발표

짐펜트라 등 판매 본격화
고마진 제품 비중 확대
매출 9615억원…9.9% 늘어
영업이익은 234.5% 증가","셀트리온이 2분기 기준 역대 최대 실적을 기록했다. 셀트리온의 효자 제품 ‘램시마SC’(미국명 짐펜트라)와 같이 마진율이 높은 제품의 판매 비중이 늘어나면서다. 하반기에는 바이오시밀러 신제품 출시로 더 가파른 성장세를 예고하고 나섰다. 셀트리온이 목표로 내건 ‘연매출 5조원 달성’에 청신호가 켜졌다는 분석이 나온다.
                    






이미지 크게보기



 ◇작년 대비 세 배로 뛴 영업이익셀트리온은 21일 잠정실적 공시를 통해 올 2분기 연결 기준 매출 9615억원, 영업이익 2425억원을 기록했다고 발표했다. 영업이익률도 약 25%를 기록했다. 전년 동기 대비 매출은 9.9%, 영업이익은 234.5% 증가한 수치다. 2분기 기준으로 역대 최대 실적이다. 상반기 매출을 기준으로 봐도 역대 최고 실적이다. 올해 상반기 매출은 1조8034억원으로 지난해 상반기 매출(1조 6117억원) 대비 약 11.9%가량 증가했다.특히 마진율이 높은 신규 제품의 비중이 크게 늘었다. 대표적인 고마진 제품으로는 셀트리온이 개발한 세계 유일의 피하주사(SC)형 자가면역질환제 바이오시밀러(바이오의약품 복제약) 램시마SC가 있다. 이 밖에 기타 자가면역질환제 바이오시밀러 제품인 유플라이마, 스테키마, 베그젤마 등도 고마진 제품에 해당한다. 이들의 2분기 매출은 전체 매출의 약 53%를 차지한다. 전년 동기 이들 제품의 매출 비중은 약 30%였으나 이번에 대폭 확대됐다. 셀트리온은 스테키마를 미국에 출시한 지 한 달 만에 시장의 90%를 차지하는 5대 처방약급여관리업체(PBM) 중 두 곳의 처방집에 등재하며 직판 경쟁력을 입증했다.지속적인 원가 개선 노력으로 수익성도 개선했다. 셀트리온헬스케어와 합병하면서 일시적으로 상승한 매출 원가율을 낮췄다. 합병 시점인 2023년 말 기준 63%이던 매출 원가율은 올 2분기 약 43%로 줄었다. 작년 동기(58%)보다 15%포인트 감소했다. 직전 분기와 비교해도 한 분기 만에 원가율을 4%포인트 줄이며 이익 폭을 키웠다. 셀트리온 관계자는 “합병 과정에서 발생한 고원가 재고를 소진하고 생산 수율을 개선했다”며 “작년 말부터 생산을 시작한 3공장의 가동률이 상승한 것도 원인으로 작용했다”고 부연했다. ◇“하반기 성장 더 가파를 것”셀트리온이 올해 목표로 제시한 연매출 5조원 달성에 대한 기대도 높아지고 있다. 회사는 올 하반기 신규 제품 출시를 통해 더욱 가파른 성장을 이어간다는 전략이다. 하반기에는 △알레르기 질환 치료제 옴리클로 △관절염 치료제 앱토즈마 △황반변성 치료제 아이덴젤트 △골질환 치료제 스토보클로-오센벨트 등이 미국과 유럽 시장에 순차적으로 진출한다. 셀트리온 관계자는 “옴리클로와 앱토즈마는 오리지널 의약품의 첫 바이오시밀러”라며 “새로 시장에 뛰어들게 돼 수익 잠재성이 높다”고 설명했다. 그는 “실적 성장세는 전반기 대비 훨씬 가파를 것으로 기대하고 있다”고 덧붙였다.셀트리온은 신성장동력 발굴에도 매진하고 있다. 2030년까지 총 34개의 바이오시밀러 포트폴리오를 완성한다는 계획이다.주가 부양에도 나서고 있다. 셀트리온은 이날 1000억원 규모로 자사주를 추가 매입한다고 공시했다. 회사는 올해 8차례에 걸쳐 7500억원 규모의 자사주 매입을 진행했다. 올해 소각한 자사주 규모도 9000억원에 달한다.오현아 기자 5hyun@hankyung.com",https://www.hankyung.com/article/2025072124931,2025.07.21 17:20
"밸류업 나선 셀트리온, 0.04주 무상증자","총 847만주…13년만에 처음
공매도로 주가 내리자 대응","셀트리온은 주주가치 제고를 위해 보통주 1주당 신주 0.04주를 배정하는 무상증자를 결정했다고 26일 밝혔다. 2012년 후 첫 무상증자다.신주 상장 예정일은 오는 7월 25일이며, 신주 배정 기준일(주주명부폐쇄일)은 6월 10일이다. 무상증자 규모는 847만7626주로, 신규 발행되는 주식 규모가 앞서 회사가 시장에서 사들인 자사주 수량을 고려해 결정된 만큼 유통주식에 대한 부담은 최소화될 전망이다. 신주 상장이 예정된 7월 25일쯤 셀트리온의 2분기 잠정 실적이 발표될 것으로 예상된다.무상주식 상장은 가치상승분에 대한 추가 이익을 주주와 공유할 수 있는 방안인 만큼 무상증자가 자사주 소각보다 주주환원에 더 적극적인 방법이란 평가다. 회사 측은 “무상증자를 통해 셀트리온 주주는 약 4%의 주식배당 효과를 기대할 수 있다”고 말했다.셀트리온은 올해 3월 발표한 ‘밸류업 프로그램’을 포함해 자사주 매입 및 소각, 최고경영진 주식 매입 등 주주가치 제고 활동을 지속하면서 주가 안정 및 장기 투자를 유도하는 책임경영을 강화하고 있다. 이와 더불어 주요 제품의 활약을 앞세워 세계 곳곳에서 꾸준한 성장세를 이어가며 매년 30% 이상 매출 성장을 지속하고 있다.올해는 고수익 바이오시밀러 제품 4개를 새로 출시하는 등 전년(3조5573억원) 대비 40% 이상의 매출 증가가 예상된다는 게 회사 측 설명이다.이번 무상증자는 이 같은 기업가치와 미래 성장성에 대한 셀트리온의 자신감 및 최근 저평가되고 있는 시장 상황을 종합적으로 고려해 내린 결정으로 평가된다. 특히 공매도 재개 이후 관세 이슈 등 외부 수급 요인에 따라 셀트리온의 기업가치와는 무관하게 내재 가치 이하로 평가되는 흐름이 지속되고 있는 만큼 시장의 신뢰 상승과 주주가치 제고를 모두 실현할 방안이 추진된 셈이다.셀트리온은 기업의 본질적 가치가 과도하게 저평가되는 흐름이 지속되면 추가적인 자사주 매입을 비롯해 최고경영진 등의 추가 매입을 병행한다는 계획이다.안대규 기자 powerzanic@hankyung.com",https://www.hankyung.com/article/2025052667291,2025.05.26 17:53
9~10% 주식 관련 대출에서 3%대 대출로 교체,,"전송종목 : 셀바스AI, 에스와이, 디아이티, 위메이드, 강원에너지




 

최근 주식 투자자들 사이에서 주식대출(미수/신용융자 등)의 고금리에 대한 부담이 커지고 있다.특히 저금리를 적용 받고 싶어도, 기존 대출을 상환하고 다시 주식을 매수해야 하는 번거로운 절차와 자금 조달의 어려움이 발목을 잡고 있다.이런 현실적인 문제를 해결하고자, 무빙스탁이 ‘증권사 신용, 대환자금대출’ 서비스를 전격 출시했다.이 상품은 주식을 매도하지 않고도, 기존의 고금리의 주식대출(미수/신용융자 등)의 3%대의 혁신적인 저금리 증권사로 전환할 수 있도록 상환자금을 제공하는 것이 핵심이다.무빙스탁 관계자는 “현재 증권사 이벤트 금리는 연 3%대 수준으로, 기존 9~10%대 고금리를 적용받는 투자자라면 절감 효과가 상당하다”며, 금리를 5%만 낮추면 “1억원 신용대출 기준으로 연간 약 500만원, 3억원이라면 1,500만원까지도 절약할 수 있다”고 밝혔다.더 놀라운 점은, 현재는 이벤트 기간으로 대환자금대출 신청시 발생하는 이자 비용까지 ‘0원’이라는 사실이다. 대환자금에 대해서 하루의 대출이자도 부담하지 않고 기존 고금리 대출을 저금리로 전환할 수 있어, 고금리 부담에 시달리던 투자자들에게 큰 호응을 얻을 전망이다.이 서비스는 부동산 시장에서 흔히 이용되던 대환대출 개념을 증권시장에 도입한 혁신적인 시도로, 주식 투자자들의 자금 운용에 새로운 대안을 제시할 것으로 기대된다.무빙스탁 ‘증권사 신용, 대환자금대출’의 비용 무료 이벤트는 이벤트 기간 동안 한정적으로 제공되는 만큼, 신용융자를 이용 중인 투자자라면 지금 바로 확인해볼 필요가 있다.★ 장마감 시간이 가까워질수록 문의가 많아 상담이 지연될 수 있습니다.★ 7월 문의하신 고객들이 많이 보유하신 종목으로는 삼성전자, POSCO홀딩스, 셀트리온, 포스코퓨처엠, 에코프로비엠, NAVER, 에코프로, 삼성SDI, LG화학, SK하이닉스, 두산에너빌리티, 카카오, SK이노베이션, LG에너지솔루션, 엘앤에프, 삼천당제약, 현대차, 알테오젠, HPSP, LG전자 등이 있습니다.★ 안내사항과도한 빚은 당신에게 큰 불행을 안겨줄 수 있습니다. 대출 시 신용등급 하락으로 다른 금융거래가 제약받을 수 있습니다. 중개수수료를 요구하거나 받는 것은 불법입니다.상호명: ㈜단비대부 2021-서울영등포-2102(대부업) | TEL: 1544-4886 | 대출금리: 연 20%이내(연체금리는 약정금리+3%p이내, 최대 연 20%이내) | 단, 2021. 7. 7.부터 신규체결, 갱신, 연장되는 계약에 한함 | 채무의 조기상환 조건 및 부대비용 없음. (단, 신용조회비용 및 담보권설정비용 있음), 이자 외 별도로 중개수수료를 요구하거나 수취하는 것은 불법입니다. | 대표이사: 박동원 | 사업자등록번호: 274-86-00231 | 등록기관명칭: 서울 영등포구청(담당부서: 일자리경제과, 02-2670-3420) | 소재지 : 서울 영등포구 여의대방로67길 11, 5층 517호 | 개인정보관리자메일: help@danbifund.co.kr무료상담",https://www.hankyung.com/article/202507173371a,2025.07.17 08:53
연 4%대 업계 최저 금리로 저렴하게! 반대매매 위기 당일 간편 해결!,,"DSR 한도가 ‘스탁론’에도 적용된 후 투자자들의 고민이 날로 깊어지고 있다. 기존 대출이 많거나 소득 증빙이 어려울 경우 예전처럼 손쉽게 스탁론을 활용하기가 어려워졌기 때문이다. 예전보다 높아진 금리로 스탁론 이용을 부담스럽게 만들고 있다.이런 상황에서 올뉴스탁론이 구원투수로 나섰다. DSR 무관 누구나 이용 가능한 스탁론 상품은 물론 연 4%대 업계 최저금리로 이용 가능한 상품을 함께 선보이며 투자자들의 선택지를 넓힌 것이다.




 

◆ 올뉴스탁론, DSR 무관 상품에 연 4%대 최저금리 상품으로 다양한 선택지를!올뉴스탁론에서 투자자들 누구나 부담 없이 스탁론을 경험할 수 있도록 연 4%대 업계 최저금리로 이용 가능한 증권 연계신용 상품을 출시했다. 주식매입은 물론 증권사 미수/신용 대환 모두 가능하며 신용등급 차등 없이 자기 자본 포함 최대 4배까지 활용할 수 있다.이와 함께 DSR 한도 때문에 기존 스탁론 활용이 어려웠던 투자자들을 위한 DSR 무관 상품도 취급 중이다. 이 상품도 투자자들의 깊은 관심을 받으며 업계 최초 5,000억원을 돌파한 바 있다.올뉴스탁론에 대해 자세히 알고 싶은 투자자는 고객상담센터(☎1599-8666)로 연락하면 대출 여부와 무관하게 언제든 전문상담원과 편리하게 상담할 수 있다.○ 보유하고 있는 대출액이나 소득 무관하게! (DSR 무관)○ 최대 4배 주식자금 활용 가능! (본인 자금 포함)○ 증권 신용/미수 당일 즉시 대환 가능!○ 기존 증권사 신용, 스탁론으로 매수가 어려웠던 종목도 OK!※ 올뉴스탁론 고객상담센터 : 1599-8666바로가기 : https://allnewstockloan.co.kr?agency=HTS◆ 현 시각 관심종목 Top 10 : 셀트리온, 알테오젠, 에이비엘바이오, 대명에너지, 레인보우로보틱스, 한화에어로스페이스, 콜마홀딩스, 샌즈랩, 삼륭물산, 엠에스씨무료상담",https://www.hankyung.com/article/202505265411a,2025.05.27 13:30
"추가 투자금, 신용미수 대환 자금을 신청 당일 즉시! DSR 무관!",,"DSR 한도가 ‘스탁론’에도 적용된 후 투자자들의 고민이 날로 깊어지고 있다. 기존 대출이 많거나 소득 증빙이 어려울 경우 예전처럼 손쉽게 스탁론을 활용하기가 어려워졌기 때문이다. 예전보다 높아진 금리로 스탁론 이용을 부담스럽게 만들고 있다.이런 상황에서 올뉴스탁론이 구원투수로 나섰다. DSR 무관 누구나 이용 가능한 스탁론 상품은 물론 연 4%대 업계 최저금리로 이용 가능한 상품을 함께 선보이며 투자자들의 선택지를 넓힌 것이다.




 

◆ 올뉴스탁론, DSR 무관 상품에 연 4%대 최저금리 상품으로 다양한 선택지를!올뉴스탁론에서 투자자들 누구나 부담 없이 스탁론을 경험할 수 있도록 연 4%대 업계 최저금리로 이용 가능한 증권 연계신용 상품을 출시했다. 주식매입은 물론 증권사 미수/신용 대환 모두 가능하며 신용등급 차등 없이 자기 자본 포함 최대 4배까지 활용할 수 있다.이와 함께 DSR 한도 때문에 기존 스탁론 활용이 어려웠던 투자자들을 위한 DSR 무관 상품도 취급 중이다. 이 상품도 투자자들의 깊은 관심을 받으며 업계 최초 5,000억원을 돌파한 바 있다.올뉴스탁론에 대해 자세히 알고 싶은 투자자는 고객상담센터(☎1599-8666)로 연락하면 대출 여부와 무관하게 언제든 전문상담원과 편리하게 상담할 수 있다.○ 보유하고 있는 대출액이나 소득 무관하게! (DSR 무관)○ 최대 4배 주식자금 활용 가능! (본인 자금 포함)○ 증권 신용/미수 당일 즉시 대환 가능!○ 기존 증권사 신용, 스탁론으로 매수가 어려웠던 종목도 OK!※ 올뉴스탁론 고객상담센터 : 1599-8666바로가기 : https://allnewstockloan.co.kr?agency=HTS◆ 현 시각 관심종목 Top 10 : 셀트리온, 알테오젠, 한미반도체, 현대차, 카카오, 세진중공업, 피아이이, 램테크놀러지, 그린생명과학, 케이씨티무료상담",https://www.hankyung.com/article/202505277885a,2025.05.28 10:25
이자 부담 최소화! 증권사 신용대출 3%대로 바꾸는 절호의 기회,,"전송종목 : 한솔아이원스, 아이패밀리에스씨, 대성에너지, 모트렉스, 골프존홀딩스




 

최근 주식 투자자들 사이에서 주식대출(미수/신용융자 등)의 고금리에 대한 부담이 커지고 있다.특히 저금리를 적용 받고 싶어도, 기존 대출을 상환하고 다시 주식을 매수해야 하는 번거로운 절차와 자금 조달의 어려움이 발목을 잡고 있다.이런 현실적인 문제를 해결하고자, 무빙스탁이 ‘증권사 신용, 대환자금대출’ 서비스를 전격 출시했다.이 상품은 주식을 매도하지 않고도, 기존의 고금리의 주식대출(미수/신용융자 등)의 3%대의 혁신적인 저금리 증권사로 전환할 수 있도록 상환자금을 제공하는 것이 핵심이다.무빙스탁 관계자는 “현재 증권사 이벤트 금리는 연 3%대 수준으로, 기존 9~10%대 고금리를 적용받는 투자자라면 절감 효과가 상당하다”며, 금리를 5%만 낮추면 “1억원 신용대출 기준으로 연간 약 500만원, 3억원이라면 1,500만원까지도 절약할 수 있다”고 밝혔다.더 놀라운 점은, 현재는 이벤트 기간으로 대환자금대출 신청시 발생하는 이자 비용까지 ‘0원’이라는 사실이다. 대환자금에 대해서 하루의 대출이자도 부담하지 않고 기존 고금리 대출을 저금리로 전환할 수 있어, 고금리 부담에 시달리던 투자자들에게 큰 호응을 얻을 전망이다.이 서비스는 부동산 시장에서 흔히 이용되던 대환대출 개념을 증권시장에 도입한 혁신적인 시도로, 주식 투자자들의 자금 운용에 새로운 대안을 제시할 것으로 기대된다.무빙스탁 ‘증권사 신용, 대환자금대출’의 비용 무료 이벤트는 이벤트 기간 동안 한정적으로 제공되는 만큼, 신용융자를 이용 중인 투자자라면 지금 바로 확인해볼 필요가 있다.★ 장마감 시간이 가까워질수록 문의가 많아 상담이 지연될 수 있습니다.★ 7월 문의하신 고객들이 많이 보유하신 종목으로는 삼성전자, POSCO홀딩스, 셀트리온, 포스코퓨처엠, 에코프로비엠, NAVER, 에코프로, 삼성SDI, LG화학, SK하이닉스, 두산에너빌리티, 카카오, SK이노베이션, LG에너지솔루션, 엘앤에프, 삼천당제약, 현대차, 알테오젠, HPSP, LG전자 등이 있습니다.★ 안내사항과도한 빚은 당신에게 큰 불행을 안겨줄 수 있습니다. 대출 시 신용등급 하락으로 다른 금융거래가 제약받을 수 있습니다. 중개수수료를 요구하거나 받는 것은 불법입니다.상호명: ㈜단비대부 2021-서울영등포-2102(대부업) | TEL: 1544-4886 | 대출금리: 연 20%이내(연체금리는 약정금리+3%p이내, 최대 연 20%이내) | 단, 2021. 7. 7.부터 신규체결, 갱신, 연장되는 계약에 한함 | 채무의 조기상환 조건 및 부대비용 없음. (단, 신용조회비용 및 담보권설정비용 있음), 이자 외 별도로 중개수수료를 요구하거나 수취하는 것은 불법입니다. | 대표이사: 박동원 | 사업자등록번호: 274-86-00231 | 등록기관명칭: 서울 영등포구청(담당부서: 일자리경제과, 02-2670-3420) | 소재지 : 서울 영등포구 여의대방로67길 11, 5층 517호 | 개인정보관리자메일: help@danbifund.co.kr무료상담",https://www.hankyung.com/article/202507173376a,2025.07.17 09:33
"셀트리온 1,000억원 규모 자사주 추가 매입 결정",기업가치 확대와 주주환원 병행 지속,"셀트리온은 이사회를 통해 약 1,000억원 규모의 추가 자사주 매입을 결정했다고 21일 밝혔다. 22일부터 장내매수 방식으로 진행할 예정이다.셀트리온은 기업 성장에 대한 굳건한 확신과 기업의 내재된 가치가 시장에서 과도하게 저평가되고 있다는 판단에 따라 자사주 매입을 지속하고 있다.특히 주주가치 극대화를 최우선 가치로 삼아 자사주 매입과 소각 등 주주친화 정책을 일관되게 이어가는 중이다. 이번 건을 포함하면 올해 8차례에 걸친 자사주 매입 규모는 약 7,500억원에 달하며, 올해 완료한 자사주 소각 규모는 약 9,000억원에 이른다.아울러 지난 4일 셀트리온그룹 지주회사 셀트리온홀딩스도 신규 재원을 확보, 기업가치 제고를 위해 두 차례에 걸쳐 총 5,000억원 규모로 셀트리온 주식을 매입키로 했다. 셀트리온홀딩스는 지난 4월에도 1,000억원 규모의 셀트리온 주식 취득을 결정하고, 셀트리온그룹 서정진 회장과 그룹내 계열사 셀트리온스킨큐어도 함께 각 500억원 규모의 주식 취득을 결정하며 주주가치 제고에 힘을 실은 바 있다. 나아가 전 임직원도 약 400억원 규모의 우리사주 매입에 동참, 회사 성장에 대한 자신감을 나타냈다.셀트리온은 주주환원과 더불어 기업가치 향상에도 힘을 쏟고 있다. 셀트리온은 지난해 역대 최대 규모인 3조 5,573억원 연매출을 달성하고, 올해 1분기 역대 최대 매출을 기록한 데 이어 이날 9,615억원 규모의 2분기 매출액과 2,425억원 규모의 영업이익을 잠정 공시하며 지속적인 성장세를 알렸다. 매출액과 영업이익 모두 2분기 역대 최대치다.또한 셀트리온은 미래 먹거리 확보를 위해 항체·약물접합체(ADC), 다중항체 등 차세대 신약개발에 매진하는 중이다. 오는 2028년까지 ADC 분야에서 9개, 다중항체 분야에서 4개 등 총 13개의 후보물질에 대한 임상시험계획(IND)을 제출한다는 목표다. 세계 최초의 항체 바이오시밀러 개발 등 항체 영역에서 축적한 노하우를 바탕으로 신약 포트폴리오를 빠르게 확장한다는 계획이다.셀트리온 관계자는 “이번 자사주 매입 결정은 회사의 미래가치에 대한 확신을 갖고 투자자분들과 함께 성장해 나가겠다는 의지를 보여주는 것”이라며 “적극적인 주주환원 정책과 함께 지속적인 혁신, 글로벌 시장 점유율 확대를 통해 ‘글로벌 빅파마’ 도약을 가속화하겠다”고 밝혔다.",https://www.hankyung.com/article/202507211400P,2025.07.21 11:11
"07일, 기관 거래소에서 KODEX 레버리지(+0.26%), KODEX 코스닥150레버리지(+1.4%) 등 순매수",,"기관 투자자는 07일 거래소에서 KODEX 레버리지, KODEX 코스닥150레버리지, 두산에너빌리티 등을 중점적으로 사들인 것으로 나타났다.기관 투자자의 순매수 상위 20개 종목은 KODEX 레버리지, KODEX 코스닥150레버리지, 두산에너빌리티, KB금융, HD한국조선해양, 현대제철, 카카오, 신한지주, 삼성중공업, LG화학등이다.이중에 화학 업종에 속한 종목이 3개 포함되어 있다.KODEX 레버리지, KODEX 코스닥150레버리지, 두산에너빌리티 등은 전일 대비 주가가 상승했고, LG화학, ACE 테슬라밸류체인액티브, 현대모비스 등은 주가가 하락했다.[07월07일]거래소 기관 순매수 상위 종목한경로보뉴스이 기사는 한국경제신문과 금융 AI 전문기업 씽크풀이 공동 개발한 기사 자동생성 알고리즘에 의해 실시간으로 작성된 것입니다.",https://www.hankyung.com/article/202507073350L,2025.07.07 18:35
"국내 증시, 정책 기대감과 수급 개선에 회복 국면",,"최근 국내 증시는 정부의 자본시장 강화 의지와 외국인·기관의 적극적 매수세에 힘입어 안정적인 회복 흐름을 보이고 있다.한 달간 코스피는 글로벌 주요 시장에서도 상위권 상승률을 기록하며 투자 분위기가 개선되는 모습이다.국내 주요 금융사와 증권가는 정책 환경 변화가 국내 증시의 긍정적 모멘텀으로 작용하고 있다고 평가한다.특히 기술주와 바이오 업종이 선전하며 시장 회복세를 주도했고, 통화정책과 환율 안정도 투자 심리를 뒷받침했다.달러 약세와 글로벌 금리 흐름 변화는 간접적으로 한국 증시에 긍정적 영향을 미친 것으로 분석된다.아울러 외국인과 기관의 순매수 전환은 시장의 구조적 안정성을 높였으며, 개인 투자자들도 포트폴리오를 조정하면서 투자 전략에 신중을 기하는 모습이다.전문가들은 “정책 기대와 수급 개선이라는 두 축이 함께 작용하며 종합적인 시장 회복 흐름이 이어지고 있다”며, “향후에도 글로벌 정책과 수급 동향을 면밀히 관찰하는 전략이 중요할 것”이라고 조언하고 있다.HD현대미포, 코나아이, 셀트리온, 한국석유, 삼성생명무료상담",https://www.hankyung.com/article/202506133238a,2025.06.13 14:33
"27일, 거래소 외국인 순매도상위에 운수장비 업종 6종목",,"외국인 투자자는 27일 거래소에서 SK하이닉스, NAVER, 한국전력 등을 중점적으로 매도한 것으로 나타났다.외국인 투자자의 순매도 상위 20개 종목은 SK하이닉스, NAVER, 한국전력, 현대차, 한화오션, 삼성SDI, 미래에셋증권, 한화에어로스페이스, 한화시스템, LG에너지솔루션등이다.이중에 운수장비 업종에 속한 종목이 6개 포함되어 있다.한화에어로스페이스, 한화시스템 등은 전일 대비 주가가 상승했고, SK하이닉스, NAVER, 한국전력 등은 주가가 하락했다.[06월27일]거래소 외국인 순매도 상위 종목한경로보뉴스이 기사는 한국경제신문과 금융 AI 전문기업 씽크풀이 공동 개발한 기사 자동생성 알고리즘에 의해 실시간으로 작성된 것입니다.",https://www.hankyung.com/article/202506275196L,2025.06.27 18:35
이자 폭탄 막자! 증권사 신용대출 3%대 전환으로 절약하는 법,,"전송종목 : 선진뷰티사이언스, 이수앱지스, 메디톡스, MDS테크, 켐트로닉스




 

최근 주식 투자자들 사이에서 주식대출(미수/신용융자 등)의 고금리에 대한 부담이 커지고 있다.특히 저금리를 적용 받고 싶어도, 기존 대출을 상환하고 다시 주식을 매수해야 하는 번거로운 절차와 자금 조달의 어려움이 발목을 잡고 있다.이런 현실적인 문제를 해결하고자, 무빙스탁이 ‘증권사 신용, 대환자금대출’ 서비스를 전격 출시했다.이 상품은 주식을 매도하지 않고도, 기존의 고금리의 주식대출(미수/신용융자 등)의 3%대의 혁신적인 저금리 증권사로 전환할 수 있도록 상환자금을 제공하는 것이 핵심이다.무빙스탁 관계자는 “현재 증권사 이벤트 금리는 연 3%대 수준으로, 기존 9~10%대 고금리를 적용받는 투자자라면 절감 효과가 상당하다”며, 금리를 5%만 낮추면 “1억원 신용대출 기준으로 연간 약 500만원, 3억원이라면 1,500만원까지도 절약할 수 있다”고 밝혔다.더 놀라운 점은, 현재는 이벤트 기간으로 대환자금대출 신청시 발생하는 이자 비용까지 ‘0원’이라는 사실이다. 대환자금에 대해서 하루의 대출이자도 부담하지 않고 기존 고금리 대출을 저금리로 전환할 수 있어, 고금리 부담에 시달리던 투자자들에게 큰 호응을 얻을 전망이다.이 서비스는 부동산 시장에서 흔히 이용되던 대환대출 개념을 증권시장에 도입한 혁신적인 시도로, 주식 투자자들의 자금 운용에 새로운 대안을 제시할 것으로 기대된다.무빙스탁 ‘증권사 신용, 대환자금대출’의 비용 무료 이벤트는 이벤트 기간 동안 한정적으로 제공되는 만큼, 신용융자를 이용 중인 투자자라면 지금 바로 확인해볼 필요가 있다.★ 장마감 시간이 가까워질수록 문의가 많아 상담이 지연될 수 있습니다.★ 7월 문의하신 고객들이 많이 보유하신 종목으로는 삼성전자, POSCO홀딩스, 셀트리온, 포스코퓨처엠, 에코프로비엠, NAVER, 에코프로, 삼성SDI, LG화학, SK하이닉스, 두산에너빌리티, 카카오, SK이노베이션, LG에너지솔루션, 엘앤에프, 삼천당제약, 현대차, 알테오젠, HPSP, LG전자 등이 있습니다.★ 안내사항과도한 빚은 당신에게 큰 불행을 안겨줄 수 있습니다. 대출 시 신용등급 하락으로 다른 금융거래가 제약받을 수 있습니다. 중개수수료를 요구하거나 받는 것은 불법입니다.상호명: ㈜단비대부 2021-서울영등포-2102(대부업) | TEL: 1544-4886 | 대출금리: 연 20%이내(연체금리는 약정금리+3%p이내, 최대 연 20%이내) | 단, 2021. 7. 7.부터 신규체결, 갱신, 연장되는 계약에 한함 | 채무의 조기상환 조건 및 부대비용 없음. (단, 신용조회비용 및 담보권설정비용 있음), 이자 외 별도로 중개수수료를 요구하거나 수취하는 것은 불법입니다. | 대표이사: 박동원 | 사업자등록번호: 274-86-00231 | 등록기관명칭: 서울 영등포구청(담당부서: 일자리경제과, 02-2670-3420) | 소재지 : 서울 영등포구 여의대방로67길 11, 5층 517호 | 개인정보관리자메일: help@danbifund.co.kr무료상담",https://www.hankyung.com/article/202507160701a,2025.07.16 08:53
이자 폭탄 막자! 증권사 신용대출 3%대 전환으로 절약하는 법,,"전송종목 : 한화에어로스페이스, LIG넥스원, SK하이닉스, 두산에너빌리티, 셀트리온최근 주식 투자자들 사이에서 주식대출(미수/신용융자 등)의 고금리에 대한 부담이 커지고 있다.특히 저금리를 적용 받고 싶어도, 기존 대출을 상환하고 다시 주식을 매수해야 하는 번거로운 절차와 자금 조달의 어려움이 발목을 잡고 있다.이런 현실적인 문제를 해결하고자, 무빙스탁이 ‘증권사 신용, 대환자금대출’ 서비스를 전격 출시했다.이 상품은 주식을 매도하지 않고도, 기존의 고금리의 주식대출(미수/신용융자 등)의 3%대의 혁신적인 저금리 증권사로 전환할 수 있도록 상환자금을 제공하는 것이 핵심이다.무빙스탁 관계자는 “현재 증권사 이벤트 금리는 연 3%대 수준으로, 기존 9~10%대 고금리를 적용받는 투자자라면 절감 효과가 상당하다”며, 금리를 5%만 낮추면 “1억원 신용대출 기준으로 연간 약 500만원, 3억원이라면 1,500만원까지도 절약할 수 있다”고 밝혔다.더 놀라운 점은, 현재는 이벤트 기간으로 대환자금대출 신청시 발생하는 이자 비용까지 ‘0원’이라는 사실이다. 대환자금에 대해서 하루의 대출이자도 부담하지 않고 기존 고금리 대출을 저금리로 전환할 수 있어, 고금리 부담에 시달리던 투자자들에게 큰 호응을 얻을 전망이다.이 서비스는 부동산 시장에서 흔히 이용되던 대환대출 개념을 증권시장에 도입한 혁신적인 시도로, 주식 투자자들의 자금 운용에 새로운 대안을 제시할 것으로 기대된다.무빙스탁 ‘증권사 신용, 대환자금대출’의 비용 무료 이벤트는 이벤트 기간 동안 한정적으로 제공되는 만큼, 신용융자를 이용 중인 투자자라면 지금 바로 확인해볼 필요가 있다.★ 장마감 시간이 가까워질수록 문의가 많아 상담이 지연될 수 있습니다.★ 6월 문의하신 고객들이 많이 보유하신 종목으로는 삼성전자, POSCO홀딩스, 셀트리온, 포스코퓨처엠, 에코프로비엠, NAVER, 에코프로, 삼성SDI, LG화학, SK하이닉스, 두산에너빌리티, 카카오, SK이노베이션, LG에너지솔루션, 엘앤에프, 삼천당제약, 현대차, 알테오젠, HPSP, LG전자 등이 있습니다.★ 안내사항과도한 빚은 당신에게 큰 불행을 안겨줄 수 있습니다. 대출 시 신용등급 하락으로 다른 금융거래가 제약받을 수 있습니다. 중개수수료를 요구하거나 받는 것은 불법입니다.상호명: ㈜단비대부 2021-서울영등포-2102(대부업) | TEL: 1544-4886 | 대출금리: 연 20%이내(연체금리는 약정금리+3%p이내, 최대 연 20%이내) | 단, 2021. 7. 7.부터 신규체결, 갱신, 연장되는 계약에 한함 | 채무의 조기상환 조건 및 부대비용 없음. (단, 신용조회비용 및 담보권설정비용 있음), 이자 외 별도로 중개수수료를 요구하거나 수취하는 것은 불법입니다. | 대표이사: 박동원 | 사업자등록번호: 274-86-00231 | 등록기관명칭: 서울 영등포구청(담당부서: 일자리경제과, 02-2670-3420) | 소재지 : 서울 영등포구 여의대방로67길 11, 5층 517호 | 개인정보관리자메일: help@danbifund.co.kr무료상담",https://www.hankyung.com/article/202506232203a,2025.06.23 14:18
[Monthly Figures] 숫자로 보는 제약·바이오산업 주요 이슈와 트렌드,,,https://www.hankyung.com/article/202506029801i,2025.06.05 08:22
"오가노이드사이언스, 임상·플랫폼 기술 부각에 강세…중장기 가치 재평가 기대",,"오가노이드사이언스가 최근 코스닥 시장에서 강한 상승 흐름을 보이며 투자자들의 관심이 집중되고 있다.이 회사는 환자 유래 장기 미니장기 ‘오가노이드’를 활용한 재생 치료제 ATORM-C의 임상이 가시화되며 주목받고 있다. 특히 베체트 장염 임상 초기 결과에서 궤양 치유율 75%, 임상 증상 호전률 100%, 중대한 이상반응 제로라는 성과를 공개하며, 임상 경쟁력을 입증했다.한편 플랫폼 사업인 신약·신소재 평가용 오가노이드 시스템도 활발한 확장세를 보이고 있다. 삼성서울병원 등과의 협업 세미나를 통해 “고차원 바이오 플랫폼 구축”이 강조되었으며, 대체 동물실험 평가 솔루션으로 사업화가 이뤄지고 있다.전문가들은 “오가노이드사이언스는 단순 바이오텍이 아닌, 재생의료와 동물 대체 평가 솔루션을 동시에 갖춘 기술 플랫폼 기업”이라며 “임상 데이터와 사업부 확장이 맞물리며 기업 가치가 본격적으로 재조명받는 국면”이라고 평가한다.다만, 아직 상용화 초기 단계인 임상 및 플랫폼 상용화의 실현 여부, 글로벌 규제 승인 및 기술확장 계획에 따라 주가 방향이 크게 달라질 수 있다는 조심스러운 시각도 존재한다. 대체 동물실험법 규제 강화 흐름은 우호적이지만, 실제 매출로 연결될지는 추이가 필요한 상황이다.이닉스, LG씨엔에스, HMM, 다날, 셀트리온무료상담",https://www.hankyung.com/article/202507158754a,2025.07.15 13:23
시총 톱10 지각변동…IT·배터리 지고 방산·바이오 뜨고,"코스피, 4년새 절반이 바뀌어 
네카오·삼성SDI 10위권 밖으로
한화에어로·KB금융 등 진입

코스닥, 10社 중 7곳이 바이오
알테오젠, 2021년 10위서 1위로
""시총 순위 급상승 기업 주목""","유가증권시장과 코스닥시장 시가총액 상위 10개 종목의 자리바꿈이 활발하게 일어나고 있다. 방위산업·조선·금융업종 대기업이 새로 진입하며 변화를 주도했다. 코로나19 팬데믹(대유행) 당시 주가 급등으로 간판을 올린 종목은 대부분 다시 10위 밖으로 밀려났다. ◇유가증권시장 톱10 절반이 새 이름







이미지 크게보기



                12일 한국거래소에 따르면 유가증권시장 시총 상위 10개 종목의 간판 절반이 2021년 6월과 달라졌다.시총 3, 5위였던 네이버와 카카오가 4년 만에 각각 13, 21위로 미끄러졌다. 코로나19 엔데믹(풍토병화)과 금리 상승으로 플랫폼주 투자심리가 위축된 탓이다. 2차전지 관련주인 삼성SDI는 같은 기간 시총 9위에서 43위로 떨어졌다. 전기차 캐즘(일시적 수요 정체)과 도널드 트럼프 미국 행정부의 전기차 보조금 축소 등 대형 악재를 버티지 못했다.꾸준히 톱10 간판을 유지한 종목은 부동의 시총 1위 삼성전자를 비롯해 SK하이닉스, 삼성바이오로직스, 삼성전자우, 현대차 등 다섯 곳이다.방산·조선·금융 대장주는 시총을 급격히 불리며 새로 이름을 올렸다. 이날 유가증권시장에선 한화에어로스페이스와 KB금융, HD현대중공업 등이 시총 10위 안에 들었다. 영위 사업 호황에 힘입어 뛰어난 실적을 내며 기존 강자와 자리바꿈을 주도했다. ◇코스닥은 3곳만 간판 유지코스닥시장은 더 변화가 컸다. 지난 4년 동안 에코프로비엠과 HLB, 알테오젠 등 세 곳만 시총 톱10을 유지했다.4년 전 시총 1위였던 셀트리온헬스케어는 셀트리온과의 합병으로 상장폐지됐고, 시총 2위와 3위였던 셀트리온제약과 카카오게임즈는 21위와 36위로 밀려났다. 코로나19 특수를 누리던 진단키트 업체 씨젠과 게임주인 펄어비스도 현재 10위 밖으로 밀려났다. 코로나19 특수가 사라지면서 실적 개선 기대도 꺾인 탓이다.새로 시총 10위 종목에 이름을 올린 기업은 레인보우로보틱스, 파마리서치, 휴젤, 펩트론, 리가켐바이오, 클래시스 등이다. 바이오테크·뷰티 관련 주식이 시총 상위권을 싹쓸이했다. 바이오주의 굵직한 기술수출 성과와 K뷰티 제품의 글로벌 소비 증가가 투자자들의 관심을 끈 결과다. 금융투자업계 관계자는 “유가증권시장 상장사와 비교해 산업 변화에 민감한 성장·기술형 기업이 많아 시총 상위 종목의 자리바꿈도 더 활발했다”고 설명했다. ◇“순위 변화, 주도 섹터에 대한 힌트”증권가에선 시총 순위가 상승세인 종목에 관심을 두라고 조언한다. 산업 지형의 변화를 주도하는 섹터일 가능성이 있고, 코스피200이나 코스닥150 등 지수 신규 편입으로 패시브 자금 유입 혜택까지 기대할 수 있기 때문이다.한국거래소는 13일부터 코스피200지수 구성 종목에 HD현대마린솔루션, 한국카본, 동원산업 등 여덟 곳을 편입한다. 성광벤드와 동성화인텍 등 9개 종목은 코스닥150지수에 신규로 포함된다. 새 편입 종목은 지난 1년 새 주가가 급등한 조선기자재나 플랜트 부품 관련주가 많다.일부 증시 전문가는 정기 변경일 약 한 달 전에 편입 종목을 미리 보유하는 투자 전략을 추천하고 있다. HD현대마린솔루션은 이달 들어 9% 넘게 주가가 급등했다. 동원산업(4.1%), 성광벤드(31.1%), 동성화인텍(5.9%) 역시 주가가 상승했다. 한 증권사 애널리스트는 “최근 수년간 시가총액 상위 종목들의 교체는 산업 지형의 변화를 그대로 보여준다”면 “순위 변화를 지켜보면 주도 섹터에 대한 힌트를 얻을 수 있을 것”이라고 귀띔했다.류은혁 기자 ehryu@hankyung.com",https://www.hankyung.com/article/2025061217591,2025.06.12 18:23
"코스피, 대선 앞둔 '눈치보기'에 강보합 마감",,"사진=연합뉴스

                코스피가 강보합으로 마감됐다. 2700선 회복에는 실패했다. 대선을 하루 앞두고 투자자들의 눈치보기에 따른 관망세가 짙었다.2일 코스피는 전일 대비 1.30포인트(0.05%) 오른 2698.97에 거래를 마쳤다.유가증권시장에서 외국인과 개인이 각각 1273억원어치와 987억원어치를 순매수했다. 기관은 2401억원어치를 팔았다. 다만 외국인은 코스피200선물을 4019억원어치를 순매도하면서 지수 상승을 제한했다.시가총액 상위 종목은 혼조세였다.삼성전자와 SK하이닉스는 각각 1%대 상승세를 기록했다.한화에어로스페이스와 HD현대중공업은 각각 2.96%와 5.55% 상승했다.반면 KB금융은 4.12% 빠졌다.삼성바이오로직스와 셀트리온은 보합권에 머물렀다.철강주들은 약세를 보였다. 지난 주말 도널드 트럼프 미국 대통령이 철강에 대한 관세율을 기존 25%에서 50%로 인상한다고 밝힌 여파다.코스닥은 전일 대비 5.94포인트(0.81%) 오른 740.29에 거래를 마쳤다. 이 시장에서는 외국인과 기관이 각각 1108억원어치와 143억원어치를 순매수한 반면, 개인은 1196억원어치를 팔았다.코스닥 시가총액 상위 종목들도 호조세였다.알테오젠과 파마리서치가 각각 6.06%와 4.99% 상승했다. 에이비엘바이오도 장중 약세를 보이야가 강보합세로 마감됐다.반면 HLB는 3.11% 빠졌다.에코프로비엠과 에코프로도 각각 0.78%와 1.64% 하락했다.서울외환시장에서 원·달러 환율은 전일 대비 10.19원(0.74%) 내린 달러당 1372.9원에 거래되고 있다.한경우 한경닷컴 기자 case@hankyung.com",https://www.hankyung.com/article/2025060209736,2025.06.02 15:41
"19일, 거래소 기관 순매도상위에 운수장비 업종 4종목",,"기관 투자자는 19일 거래소에서 삼성전자, 한화오션, 한화비전 등을 중점적으로 매도한 것으로 나타났다.기관 투자자의 순매도 상위 20개 종목은 삼성전자, 한화오션, 한화비전, SK하이닉스, KODEX 200, KB금융, 크래프톤, TIGER 200, 삼성바이오로직스, LG에너지솔루션등이다.이중에 운수장비 업종에 속한 종목이 4개 포함되어 있다.KODEX 200, TIGER 200, 두산 등은 전일 대비 주가가 상승했고, 삼성전자, 한화오션, 한화비전 등은 주가가 하락했다.[06월19일]거래소 기관 순매도 상위 종목한경로보뉴스이 기사는 한국경제신문과 금융 AI 전문기업 씽크풀이 공동 개발한 기사 자동생성 알고리즘에 의해 실시간으로 작성된 것입니다.",https://www.hankyung.com/article/202506197075L,2025.06.19 18:35
"셀트리온 램시마SC, 유럽 점유율 20% 돌파","투약 편의성·치료 효능 높아
美 오리지널 제약사 얀센 압도","셀트리온이 판매 중인 세계 유일한 피하주사(SC) 제형 자가면역질환 치료제 램시마SC(성분명 인플릭시맙)가 출시 4년 만에 유럽 시장 점유율 20%를 넘어섰다.





                28일 의약품 시장조사업체인 아이큐비아에 따르면 램시마SC는 2020년 유럽에 출시된 이후 판매 1년차인 2021년 4%에 불과하던 점유율이 지난해 말 22%를 기록했다. 이는 오리지널 의약품 제약사인 미국 얀센을 크게 앞선 것으로 램시마 점유율을 합산하면 71%에 달한다. 램시마는 세계 최초의 항체 바이오시밀러(바이오의약품 복제약)로 2013년 유럽에서 판매 허가를 받았다.셀트리온의 다른 제품들도 유럽에서 선두권에 들어 있다. 자가면역질환 치료제 휴미라의 바이오시밀러인 유플라이마는 지난해 말 기준 유럽에서 21%의 점유율을 기록했다. 2021년 후발주자로 유럽에 출시돼 다음 해인 2022년 1% 수준에 머물던 시장 점유율이 불과 2년 만에 급성장하며 처방 선두권에 올라선 것이다.전이성 직결장암(대장암)과 유방암 치료제인 베그젤마(성분명 베바시주맙)는 판매 2년차인 지난해 말 28%의 점유율을 달성했다. 오리지널 제약사인 스위스 로슈를 포함한 베바시주맙 시장에서 처방 1위다. 유방암 위암 치료제 허쥬마 역시 유럽에서 30%에 가까운 점유율로 미국 제약사 암젠과 스위스 제약사 산도스 등을 제치고 바이오시밀러업계 1위에 올랐다. 혈액암 치료제 트룩시마도 유럽에서 30%에 가까운 점유율을 기록했다. 셀트리온 매출(작년 3조5573억원)에서 유럽 비중은 50% 정도다. 셀트리온 관계자는 “유럽에서 투약 편의성과 치료 효능, 현지법인이 주도하는 맞춤형 판매 전략 등이 더해지며 램시마SC의 영향력이 빠르게 확대되고 있다”고 말했다.안대규 기자 powerzanic@hankyung.com",https://www.hankyung.com/article/2025052817471,2025.05.28 17:24
"21일, 외국인 거래소에서 유한양행(-4.62%), 셀트리온(+0.5%) 등 순매도",,"외국인 투자자는 21일 거래소에서 유한양행, 셀트리온, 삼성바이오로직스 등을 중점적으로 매도한 것으로 나타났다.외국인 투자자의 순매도 상위 20개 종목은 유한양행, 셀트리온, 삼성바이오로직스, 현대차, 카카오페이, HD한국조선해양, PI첨단소재, LIG넥스원, 현대차우, 엘앤에프등이다.이중에 운수장비 업종에 속한 종목이 4개 포함되어 있다.셀트리온, HD한국조선해양, PI첨단소재 등은 전일 대비 주가가 상승했고, 유한양행, 삼성바이오로직스, 현대차 등은 주가가 하락했다.[07월21일]거래소 외국인 순매도 상위 종목한경로보뉴스이 기사는 한국경제신문과 금융 AI 전문기업 씽크풀이 공동 개발한 기사 자동생성 알고리즘에 의해 실시간으로 작성된 것입니다.",https://www.hankyung.com/article/202507212794L,2025.07.21 18:35
"[박대석 칼럼] 코리아 헤게모니, 홍익인간 정신으로 쓰는 새로운 세계사","한경닷컴 더 라이프이스트

지구가 당면한 거의 모든 문제를 푸는 해법,
자유민주주의 업그레이드 대안","필자가 감마로 생성한 코리아 헤게모니 이미지

▲ 들어가며, 한반도를 넘어선 새로운 비전과 현실적 도전한국을 둘러싼 강대국들 사이에서 우리는 자신을 작은 나라로 여기는 경우가 많다. 하지만 이는 우리의 진정한 역량을 과소평가하는 것일 수 있다. 우리의 고대사가 보여주듯, 한반도는 결코 변방이 아니었다.만주와 중원을 아우르던 역동성, 끊임없이 대륙과 해양을 연결하던 개방성은 오늘날 한국을 세계 10위권 경제 대국으로 만든 원동력이 되었다.이제는 한반도라는 지리적 한계를 넘어 '코리아 헤게모니'라는 새로운 지평을 열어야 할 때이다. 여기서 말하는 헤게모니는 군사적 지배나 경제적 착취를 통한 서구식 패권과는 본질적으로 다르다. 우리가 추구하는 것은 강제가 아닌 모범을 통해, 지배가 아닌 협력을 통해 자연스럽게 국제사회의 존경과 신뢰를 얻는 '새로운 패러다임의 리더십'이다.이는 홍익인간 정신을 현대적으로 구현한 '상생 주도권'이라고 할 수 있다. 전통적인 헤게모니가 제로섬 게임의 논리라면, 코리아 헤게모니는 모든 참여자가 함께 승리하는 상생의 논리를 바탕으로 한다.그러나 이러한 비전의 실현은 결코 자동적이지 않으며, 서구 중심의 국제질서, 강대국들의 견제, 그리고 우리 내부의 정치적 한계라는 현실적 도전에 직면해 있다는 점을 냉정히 인식해야 한다. ▲ 위기의 시대, 홍익인간 사상의 절대적 필요성




필자 작성

                21세기 인류는 전례 없는 복합위기에 직면해 있다. 기후변화로 인한 생존 위기, 각국의 고립주의 회귀로 인한 국제협력 파괴, 권위주의의 확산과 민주주의 후퇴, 그리고 곳곳에서 벌어지는 전쟁과 갈등까지. 이 모든 문제는 근본적으로 인간이 자연을 정복 대상으로 보고, 타자를 경쟁과 지배의 대상으로 여기는 사고에서 비롯되었다.바로 여기서 홍익인간 사상의 절대적 필요성이 드러난다. 홍익인간은 단순한 한국의 건국이념이 아니다. 이는 인간과 자연, 그리고 모든 생명체가 조화롭게 공존하는 길을 제시하는 보편적 사상이다. 기후 위기든, 국제 갈등이든, 전체주의 위협이든, 그 모든 해결책의 핵심은 '나만 잘 살면 된다'는 이기주의를 버리고 '모두가 함께 잘 사는 길'을 추구하는 홍익인간 정신에 있다.그리고 이 홍익인간 사상을 실천할 수 있는 역량과 자격을 갖춘 나라가 바로 대한민국이다. 우리는 이미 기술혁신을 통해 기후 문제 해결의 열쇠를 쥐고 있고, 문화적 소프트 파워로 분열된 세계를 하나로 묶을 수 있으며, 민주주의의 성숙과 평화 지향의 경험으로 전체주의에 맞설 도덕적 권위를 확보했다. 이것이 바로 코리아 헤게모니가 단순한 국가적 야망이 아닌 인류를 위한 절실한 필요인 이유이다.▲ 한국의 핵심 역량, 4차 산업혁명의 선도자 기술혁신의 절대 강자, 그러나 지속성에 대한 냉정한 성찰 필요한국은 전 세계 메모리 반도체 시장의 70% 이상을 장악하고 있다. 삼성전자와 SK하이닉스는 3나노 공정 기술과 차세대 AI 반도체 개발에서 글로벌 리더십을 발휘하고 있다. 이는 단순한 제조업 경쟁력을 넘어서 4차 산업혁명 시대의 핵심 인프라를 제공하는 전략적 우위를 의미한다.기후변화라는 인류 공동의 위기 앞에서 한국의 배터리 기술은 희망의 등불이 되고 있다. LG에너지솔루션, 삼성 SDI, SK온은 전 세계 전기차 배터리 시장의 30% 이상을 점유하며, 전고체 배터리와 차세대 에너지 저장 기술에서 혁신을 주도하고 있다. 이는 탄소중립이라는 인류 공동의 목표 달성에 직접적으로 기여하는 홍익인간 정신의 현대적 실현이다.그러나 한국의 기술 우위는 영구불변이 아니다. 글로벌 공급망의 불안정성, 미중 기술 경쟁의 심화, 그리고 중국과 인도 등 후발 주자들의 빠른 추격은 우리의 독점적 지위를 위협하고 있다. 더욱이 기술 패권 경쟁이 심화하면서 핵심 기술에 대한 접근 제한과 공급망 분리 압력이 증가하고 있다.따라서 우리의 기술적 우위를 지속하기 위해서는 지속적인 연구·개발 투자 확대, 세계 최고 수준의 인재 양성, 그리고 선택적이고 전략적인 국제 협력 네트워크 구축이 필수적이다. 특히 양자컴퓨팅, 생명공학, 우주항공 등 차세대 기술 분야에서의 선제적 투자와 국제 표준 선점이 중요하다.AI 시대의 실 산업 활용 강국AI 기술 자체는 이미 상향 평준화되었다. 오픈 AI, 구글, 아마존이 제공하는 AI 모델들은 전 세계 누구나 접근할 수 있는 공통 자산이 되었다. 진정한 경쟁력은 이제 이러한 AI 기술을 실제 산업에 얼마나 효과적으로 활용하느냐에 달려 있다.바로 여기서 한국의 독보적 강점이 드러난다. 제조업과 IT 인프라의 결합, 빠른 의사결정 구조, 그리고 실험정신이 강한 국민성이 AI를 실 산업에 적용하는 데 최적화된 환경을 만들어낸다. 삼성전자의 스마트 팩토리, 현대자동차의 AI 기반 자율주행, 포스코의 AI 제강 시스템 등은 AI 기술을 실제 산업 현장에 성공적으로 접목한 세계적 사례들이다.네이버의 하이퍼 클로버 X와 카카오브레인의 KoGPT는 한국어 특화 AI로서 K-컬처와 결합하여 글로벌 AI 생태계에서 차별화된 위치를 확보하고 있다. 양자컴퓨팅 분야에서도 삼성전자의 양사닷 기술과 KIST의 양자컴퓨터 개발 성과는 이미 세계적 주목을 받고 있다.한강의 기적 2.0, 디지털 경제의 새로운 패러다임전쟁의 폐허 속에서 불과 반세기 만에 이룩한 경제 성장은 '한강의 기적'이라 불리며 전 세계 개발도상국에 희망을 주었다. 이제 우리는 '한강의 기적 2.0'을 통해 디지털 경제의 새로운 패러다임을 제시하고 있다.K-유니콘 기업들의 글로벌 성공(쿠팡, 크래프톤, 야놀자 등), 핀테크 혁신(토스, 카카오페이), 그리고 바이오 기술의 약진(셀트리온, 삼성바이오로직스)은 한국이 단순한 제조업 강국을 넘어 혁신 경제의 리더로 도약하고 있음을 보여준다. 이러한 성장의 경험과 노하우를 개발도상국과 공유하는 것은 모든 생명체를 이롭게 하는 홍익인간 정신의 실천이 될 것이다.▲ 문화적 소프트 파워, K-컬처를 통한 세계 정복K-Pop, K-Drama, K-Movie를 넘어 K-Food, K-Fashion, K-Beauty까지, 한국 문화는 이제 전 세계 젊은이들의 라이프스타일을 바꾸고 있다. BTS의 빌보드 석권, 오징어게임의 넷플릭스 신기록, 기생충의 아카데미 4관왕은 단순한 문화적 성취를 넘어 한국의 창의력과 문화적 역량을 세계에 증명했다.더 중요한 것은 이러한 문화적 매력이 정치·경제적 소프트 파워로 전환되고 있다는 점이다. 한류를 통해 한국에 관심을 갖게 된 전 세계 젊은이들이 한국어를 배우고, 한국 기업의 제품을 선호하며, 한국의 가치와 생활방식에 공감하고 있다. 이는 문화적 다양성을 존중하며 모두가 행복해지는 홍익인간 정신을 전파하는 강력한 통로이다.한국의 독특한 강점은 문화와 기술이 융합된 창조 생태계이다. 게임 산업에서 축적된 그래픽 기술과 스토리텔링 역량이 메타버스와 AI 기술과 결합하여 새로운 형태의 디지털 콘텐츠를 창조하고 있다. 이는 단순한 오락을 넘어서 교육, 의료, 도시계획 등 다양한 분야에 응용되며 기술을 통한 인간 삶의 질 향상이라는 홍익인간 정신을 구현하고 있다.▲ 민주주의의 새로운 모델, 자유민주주의 2.0우리는 독재를 이겨내고 민주주의를 꽃피웠다. 하지만 87년 민주화 운동에서 시작된 한국의 민주주의 경험은 단순히 서구 모델을 이식한 것이 아니다. 우리는 홍익인간 정신이 깃든 독특한 민주주의를 발전시켜 왔다.서구 민주주의가 개인의 권리와 자유에 중점을 둔다면, 한국의 민주주의는 여기에 공동체적 상생과 조화의 가치를 더했다. 촛불혁명에서 보여준 시민들의 질서 정연하고 평화로운 시위, 코로나19 위기 상황에서 보여준 개인의 자유와 공동체의 안전 사이의 절묘한 균형, 그리고 북한과의 평화 공존을 추구하는 끈질긴 노력 등은 모두 홍익인간 정신이 현대 민주주의와 결합한 결과이다.이는 '자유민주주의 2.0'이라고 할 수 있다. 기존 자유민주주의의 핵심 가치인 자유, 평등, 인권을 계승하면서도 개인주의의 폐해를 극복하고 지속이 가능한 공동번영을 추구하는 새로운 민주주의 모델이다.▲ 홍익인간 정신, 21세기 글로벌 리더십의 철학적 토대




필자 작성

생태 철학적 재해석: 기후 위기의 근본 해법21세기 인류가 직면한 최대 위기는 기후변화이다. 그 근본 원인은 인간이 자연의 정복자처럼 행동하며 지구 자원을 무분별하게 파헤쳐온 데 있다. 산업혁명 이후 서구의 인간 중심적 사고가 지배하면서 자연을 단순한 개발 대상으로 여겨온 결과이다.바로 여기서 홍익인간 사상의 현대적 의미가 인류 구원의 열쇠로 떠 오른다. 홍익인간은 단순히 '인간을 이롭게 한다'는 의미가 아니다. 고대 한민족의 세계관에서 '인간(人間)'은 하늘과 땅, 즉 자연과 조화를 이루는 존재를 의미했다. 따라서 홍익인간은 '자연과 인간이 함께 번영하는 길'을 추구하는 생태 철학적 이념이며, 이는 현재 인류가 직면한 모든 위기의 근본 해법이다.자유민주주의 업그레이드의 대안트럼프 재집권 이후 미국의 고립주의 회귀, 권위주의적 확산과 자유민주주의 가치에 대한 도전, 그리고 전 세계적으로 확산하는 배타적 민족주의는 자유민주주의 체제 자체의 한계를 노출하고 있다.현재 자유민주주의가 직면한 위기의 근본 원인은 개인의 자유만 강조하고 공동체적 책임을 소홀히 한 데서 비롯된 분열과 갈등이다. 포퓰리즘의 확산, 양극화의 심화, 사회적 연대의 약화 등은 모두 자유민주주의의 구조적 한계에서 나온 부작용들이다.이런 시대에 홍익인간 사상은 자유민주주의의 근본이념을 계승하면서도 그 한계를 극복할 수 있는 업그레이드된 민주주의 모델을 제시한다. 개인의 자유와 권리를 존중하되, 그것이 공동체 전체의 번영과 조화로 이어져야 한다는 '책임 있는 자유'의 개념을 제시한다.평화적 갈등 해결의 모델, 북한 문제와 현실적 제약우크라이나 전쟁, 중동 갈등, 대만 해협 위기 등 전 세계 곳곳에서 벌어지는 무력 충돌은 인류 문명을 후퇴시키고 있다. 이 모든 갈등의 근본에는 '힘의 논리'와 '제로섬 게임' 사고가 자리하고 있다.홍익인간 사상은 이와 정반대의 철학을 제시한다. '함께 살면 모두가 이기고, 혼자 살려 하면 모두가 진다'는 상생의 논리이다. 분단 상황에서도 평화통일을 지향하는 한국의 경험은 바로 이러한 홍익인간 정신의 실천이다.그러나 북한 문제는 홍익인간 정신 실현의 가장 큰 시험대이자 난제이다. 홍익인간 정신에 기반한 '평화통일 모델'은 국제사회에 큰 울림을 줄 수 있으나, 이를 위해서는 비핵화를 포함한 현실적이고 단계적인 북한과의 관계 개선 로드맵, 그리고 국제사회의 지지를 확보할 수 있는 설득력 있는 외교가 병행되어야 한다. 북한의 체제 특성상 일방적인 선의만으로는 한계가 있으며, 상호 이익에 기반한 실용적 접근과 국제적 다자 협력 체계 구축이 필요하다.▲ 코리아 헤게모니 실현 전략, 도전과 현실적 대응 홍익인간 사상의 국제적 수용성 확보, 체계적 공공외교 전략홍익인간 사상이 보편적 가치로 인정받기 위해서는 막대한 시간과 노력이 필요하다. 서구 중심의 국제 질서에서 동양 철학이 주류 담론으로 자리 잡기까지는 패권적 사고방식의 관성을 돌파해야 하는 어려움이 있다.이를 위해 다층적이고 정교한 공공외교 및 문화외교 전략이 필요하다. 먼저 문화권별 맞춤형 접근이 중요하다. 서구권에는 기후 위기와 민주주의 위기 해결이라는 실용적 가치를, 이슬람권에는 공동체 중심의 상생 가치를, 아프리카에는 지속이 가능한 발전 모델을 강조하는 차별화된 메시지 전략이 필요하다.구체적으로는 하버드, 옥스퍼드, 소르본, 카이로대학 등 세계 유수 대학과의 장기적 공동연구 프로그램을 통해 홍익인간 사상의 학술적 기반을 구축해야 한다. 또한 다보스 포럼, 뮌헨 안보 회의, 보아오 포럼 등 주요 국제회의에서 '홍익인간 세션'을 정례화하고, CNN, BBC, 알자지라 등 글로벌 미디어와의 전략적 파트너십을 통해 지속적인 담론 확산을 추진해야 한다.강대국 견제와 내부 저항에 대한 전략적 대응'코리아 상생 주도권'이 성공적일수록 기존 패권국들의 견제나 흡수 시도가 증가할 것이다. 이에 대비한 전략적 방어 및 우회 전략이 필요하다.첫째, 다자주의와 중견국 연대를 통한 국제적으로 지지 기반 확보이다. 멕시코, 인도네시아, 대한민국, 튀르키예, 호주로 구성된 믹타(MIKTA)를 넘어서 더 광범위한 중견국 네트워크를 구축하고, G20, OECD 등에서 '상생 경제 모델'을 지속해서 의제화해야 한다.둘째, 선택적 협력과 전략적 자율성의 균형이다. 미중 대립 구도에서 일방적으로 편을 들기보다는, 이슈별로 우리의 국익과 인류의 이익을 최우선으로 하는 실용적 접근이 필요하다.셋째, 내부 정치 개혁을 통한 추진 동력 확보이다. 중앙공천제 폐지와 오픈 프라이머리 도입은 기득권 세력의 강력한 저항에 부딪힐 것이다. 이를 돌파하기 위해서는 초당적 정치개혁위원회 구성, 시민사회 주도의 개혁 운동, 그리고 국민적 합의를 끌어낼 수 있는 강력한 정치 리더십이 필요하다.기술 표준화 주도권과 국제 네트워크 구축기술 패권 시대의 핵심은 표준화 주도권이다. 한국은 5G, 6G 통신 기술, 차세대 배터리, AI 반도체 등 핵심 분야에서 국제표준 제정을 주도하고 있다. IEEE, ITU, ISO 등 국제기구에서 한국 전문가들의 영향력을 더욱 확대하고, AI 윤리 가이드라인과 6G 기술 표준 제정에서 홍익인간 철학을 반영한 인간 중심적 기술 개발 원칙을 국제 표준으로 확립해야 한다.중견국 외교의 새로운 모델과 코리아 이니셔티브한국은 특정 강대국에 맹목적으로 의존하는 것을 넘어 국익을 최우선으로 하는 능동적인 균형 외교를 펼쳐야 한다. 동시에 중견국 연대의 구심점 역할을 통해 기후변화, 팬데믹, 디지털 격차 등 인류 공동의 문제 해결에 주도적인 역할을 해야 한다.구체적으로는 '홍익인간 국제협력체'를 2026년까지 출범시켜 베트남, 인도네시아, 필리핀 등 아세안 국가들과 기후변화 대응과 디지털 전환을 공동 추진하고, 이를 단계적으로 아프리카와 중남미로 확대해야 한다.또한 2030년까지 UN 안보리 비상임이사국 재진출, 2035년까지 UN 사무총장 배출을 목표로 하는 장기적 전략을 체계적으로 추진해야 한다. 이를 위해서는 개발도상국들과의 실질적 협력 성과를 축적하고, 평화 중재와 기후변화 대응에서 가시적인 리더십을 발휘해야 한다.▲ 정치혁신, 비전 실현의 전제조건 4류 정치의 근본 원인과 구조적 개혁한국의 정치 수준이 낮은 근본 원인은 중앙공천제에 있다. 정치인들이 국민이 아닌 당 지도부 눈치만 보며 줄 서기에 급급하고, 지역구 챙기기와 당파적 이익에만 매몰되는 모든 병폐가 바로 여기서 나온다. 이는 코리아 헤게모니라는 대국적 비전을 실현하는 데 치명적인 장애물이다.정치혁신 없이는 아무리 뛰어난 기술력과 문화적 역량이 있어도 진정한 글로벌 리더십을 발휘할 수 없다. 세계 10위 경제 대국, 기술 선도국의 위상에 걸맞지 않은 정치 수준이 국가 브랜드를 깎아내리고 있다.오픈 프라이머리와 시민사회 주도의 개혁정치권이 기득권을 내려놓고 중앙공천제를 정말 폐지해야 한다. 오픈 프라이머리 제도를 도입하여 유권자가 직접 후보를 선택할 수 있게 하면, 정치인들의 언행과 정책이 근본적으로 변화할 것이다.그러나 이러한 개혁은 기득권 세력의 강력한 저항에 부딪힐 것이다. 따라서 시민사회가 주도하는 정치개혁 운동, 여야를 아우르는 초당적 개혁위원회 구성, 그리고 국민적 합의를 바탕으로 한 단계적 추진 전략이 필요하다. 지방선거부터 시작하여 점진적으로 확대하는 방식으로 정치 문화의 변화를 끌어내야 한다.▲ 학술적 이론화와 글로벌 담론 형성 한국형 국제정치학의 정립이러한 '코리아 헤게모니'의 비전을 현실화하기 위해서는 우리 학자들이 이론적 배경과 전략적 틀을 제공해야 한다. 단순히 강대국의 시각을 답습하는 것이 아니라 한국의 역사와 특수성, 그리고 글로벌 경쟁력을 기반으로 한 **'한국형 국제정치 이론'**을 정립해야 한다.특히 도덕과 철학, 종교를 아우르는 홍익인간 정신을 현대 국제정치와 경제 체제에 적용할 수 있는 보편적 원리로 발전시켜야 한다. 이는 정책 입안자들에게 명확한 방향성을 제시하고, 우리의 비전을 국제사회에 설득력 있게 전달하는 데 필수적이다.체계적 소통 전략과 문화 간 대화홍익인간 기반의 새로운 패러다임을 국제사회에 효과적으로 제시하기 위해서는 문화권별 특성을 고려한 맞춤형 소통 전략이 필요하다.서구권에는 기후 위기 해결과 민주주의 혁신이라는 실용적 가치를 강조하고, 이슬람권에는 공동체 중심의 상생 철학과의 연결점을 찾으며, 아프리카에는 지속이 가능한 발전과 평화 구축의 모델을 제시해야 한다. 중국을 포함한 동아시아권에는 고대로부터 이어진 조화 사상의 현대적 계승이라는 관점에서 접근할 수 있다.이를 위해 전 세계 주요 대학과의 장기적 공동연구 프로그램, 국제학술지에서의 체계적인 논문 발표, 그리고 글로벌 미디어와의 전략적 파트너십을 통해 홍익인간 사상이 특정 국가의 이념이 아닌 인류 보편의 가치임을 입증해야 한다.▲ 현실적 도전과제에 대한 냉정한 인식 기술적 우위의 지속가능성과 경쟁 심화한국의 기술적 강점은 매우 강력하지만, 영구불변이 아니다. 글로벌 공급망의 불안정성, 미중 기술 경쟁의 심화, 그리고 후발 주자들의 빠른 추격은 우리의 독점적 지위를 위협하고 있다.미래의 끊임없는 혁신 요구에 대비하여 지속적인 연구·개발 투자 확대, 세계 최고 수준의 인재 양성, 그리고 선택적이고 전략적인 국제 협력 네트워크 구축이 필수적이다. 특히 양자컴퓨팅, 생명공학, 우주항공 등 차세대 기술 분야에서의 선제적 투자와 국제 표준 선점이 중요하다.K-컬처의 글로벌 성공은 놀랍지만, 문화 트렌드의 변화 속도는 매우 빠르다. 한류가 일시적 유행을 넘어 지속이 가능한 영향력으로 발전하려면, 보다 깊이 있는 철학적 토대와 구체적인 정책 연계가 필요하다. 단순한 엔터테인먼트를 넘어서 교육, 기술, 라이프스타일 전반에 걸친 종합적인 문화 생태계를 구축해야 한다.국내 정치적 분열과 사회적 갈등코리아 헤게모니라는 대국적 비전을 실현하기 위해서는 국내적으로 강력한 사회적 결속과 정치적 안정이 전제되어야 한다. 그러나 현재 한국 사회는 이념 갈등, 세대 갈등, 지역갈등 등 다양한 분열 요소를 안고 있다.이러한 내부 분열을 극복하고 국민적 합의를 끌어내기 위해서는 포용적 리더십과 함께 구체적이고 실현할 수 있는 미래 비전을 제시해야 한다. 홍익인간 정신이 추상적 이념에 머물지 않고 국민 개개인의 삶에 실질적인 개선을 가져다줄 수 있다는 점을 보여주어야 한다.▲ 나가며, 새로운 세계사의 첫 장을 위한 현실적 로드맵21세기는 기술이 상향 평준화되고, 문화가 마음을 움직이며, 무엇보다 자연과 인간의 조화라는 생태철학이 문명의 방향을 결정하는 시대이다. 동시에 기후 위기, 고립주의 회귀, 권위주의 확산, 전쟁과 갈등의 증폭 등 인류 실존을 위협하는 복합위기의 시대이기도 하다.이 모든 위기의 근본 해법은 이제 명확해졌다. 지구상에 홍익인간 사상을 실천하는 것이다. 그리고 한국은 이 모든 영역에서 세계적 경쟁력을 확보했을 뿐만 아니라, 홍익인간이라는 인류 구원의 사상적 토대를 보유하고 있다.하지만 이러한 비전의 실현은 결코 자동적이지 않으며, 수많은 현실적 도전에 직면해 있다. 서구 중심 국제질서의 관성, 강대국들의 견제, 기술 경쟁의 심화, 내부 정치적 분열, 그리고 홍익인간 사상의 국제적 수용성 확보라는 과제들이 우리를 기다리고 있다.따라서 단계적이고 현실적인 접근이 필요하다. 먼저 국내적으로는 정치 개혁과 사회적 결속을 통해 추진 동력을 확보하고, 대외적으로는 중견국 외교와 다자협력을 통해 점진적으로 영향력을 확대해야 한다. 홍익인간 사상도 한 번에 보편적 가치로 인정받기보다는, 문화권별 특성에 맞는 맞춤형 접근을 통해 서서히 뿌리내려가야 한다.인류 문명이 갈림길에 선 이 절체절명의 순간에, 우리에게는 홍익인간 정신으로 새로운 문명 패러다임을 제시할 역사적 소명이 있다. 그러나 이는 거창한 선언만으로는 실현될 수 없다. 냉철한 현실 인식과 치밀한 전략적 사고, 그리고 끈질긴 실행력이 함께해야 한다.이제는 우리가 쓰는 새로운 세계사의 첫 장을 열 때이다. 한반도라는 지리적 한계를 뛰어넘어 기후 위기의 해결사로서, 권위주의에 맞선 자유민주주의 수호자이자 혁신자로서, 분열된 세계를 하나로 묶는 상생의 중재자로서, 그리고 자연과 인간이 조화롭게 공존하는 홍익인간 문명의 전도사로서 인류의 지속이 가능한 미래를 만들어가는 것.이것이 21세기 대한민국의 소명이며, 인류 문명이 수천 년간 꿈꿔온 진정한 자유와 민주주의를 완성할 역사적 사명이다. 코리아 상생 주도권은 단순한 국가적 야망이 아닌, 자유민주주의의 본래 이상을 실현하기 위한 인류 공동의 과제이다.우리가 모두 함께 써나가야 할 웅장하면서도 현실적인 도전, 그리고 인류 역사상 가장 의미 있고 절실한 기회가 바로 여기에 있다. 그러나 이 기회를 현실로 만들기 위해서는 이상과 현실, 비전과 전략이 균형 잡힌 접근이 필요하다는 점을 결코 잊어서는 안 된다.<한경닷컴 The Lifeist> 박대석""외부 필진의 기고 내용은 본지의 편집 방향과 다를 수 있습니다.""독자 문의 : thepen@hankyung.com",https://www.hankyung.com/thepen/lifeist/article/202507071360Q,2025.07.23 17:18
대선 하루 앞둔 코스피 상승세…삼성전자·SK하닉 동반강세,,"사진=연합뉴스

                코스피가 상승세다. 대선을 하루 앞두고 외국인의 현물주식 매수세가 유입되고 있다.2일 오전 9시21분 현재 코스피는 전일 대비 19.98포인트(0.74%) 오른 2717.65에 거래되고 있다. 장중 하락과 상승을 오가고 있다.외국인이 유가증권시장에서 655억원어치 주식을 사고 있다. 반면 기관과 개인은 각각 645억원어치와 111억원어치를 파는 중이다.시가총액 상위 종목들은 대체로 상승세다.삼성전자와 SK하이닉스가 나란히 1% 넘게 오르고 있다.삼성바이오로직스는 0.78% 상승하지만, 셀트리온은 약보합세다.지난주 차익실현 매물이 나왔던 한화에어로스페이스와 HD현대중공업은 각각 2.84%와 3.82% 상승하고 있다.현대차와 기아는 보합권에서 등락 중이다.코스닥은 전일 대비 4.02포인트(0.55%) 내린 738.37에 거래되고 있다. 이 시장에서는 개인이 225억원어치 주식을 사는 반면, 기관은 207억원어치를 팔고 있다.코스닥 시가총액 상위 종목들은 혼조세다.알테오젠은 1.67% 상승하지만, HLB는 2.01% 하락하고 있다. 에이비엘바이오는 2.23% 빠지는 중이다.에코프비엠과 에코프로는 각각 0.89%와 3.39% 상승하고 있다.파마리서치는 3.66% 오르는 중이다.서울외환시장에서 원·달러 환율은 전일 대비 5.3원(0.38%) 내린 달러당 1377.8원에 거래되고 있다.지난 주말 뉴욕증시에서 주요지수는 혼조세로 마감됐다. 미국이 중국과의 ‘제네바 무역합의’의 이행에 대한 불만을 드러내면서 시장이 크게 출렁거렸다. 30일(현지시간) 뉴욕증권거래소(NYSE)에서 다우존스30산업평균지수는 전일 대비 54.34포인트(0.13%) 오른 42,270.07에, 스탠더드앤드푸어스(S&P)500지수는 0.48포인트(0.01%) 내린 5,911.69에, 나스닥종합지수는 62.11포인트(0.32%) 떨어진 19,113.77에 각각 마감됐다.한경우 한경닷컴 기자 case@hankyung.com",https://www.hankyung.com/article/2025060297066,2025.06.02 09:18
"금리 인하·수급 개선 기대...증권가, 하반기 코스피 상단 3550으로 상향",,"증권가는 배당성향 개선, 자사주 소각, 정부의 증시 활성화 정책 등을 근거로 하반기 코스피 상단 전망치를 기존보다 높인 3550선으로 상향 조정했다. 특히 4분기에는 금리 인하와 수급 개선이 기대되면서 추가 상승 여지가 크다는 분석이다.일부 증권사들은 기존 ROE 기반 모델 대신 PER과 EPS를 활용한 상대가치 평가모형으로 지수 산정을 전환했으며, 심리 개선과 정책 효과를 반영하면 주가가 더 오를 수 있다고 판단하고 있다.한편, 코스피는 전날 3133.74로 마감하며 2021년 9월 이후 약 4년 만에 종가 기준 연고점을 경신했다.한편, 스탁론에 대한 관심이 날로높아지고 있다. 모처럼 잡은 투자기회를 놓치지 않으려는 투자자들이 주식매입을 위해 더 많은 자금을 활용할 수 있는 스탁론으로 눈길을 돌리고 있기 때문이다. 현 주가는 실적을 따라가지 못하고 있는 상황으로, 밸류에이션 리레이팅이 필요한 시기라는 평가도 나오고 있다.




 

◆ 올뉴스탁론, DSR 무관 상품에 연 4%대 최저금리 상품으로 다양한 선택지를!올뉴스탁론에서 투자자들 누구나 부담 없이 스탁론을 경험할 수 있도록 연 4%대 업계 최저금리로 이용 가능한 증권 연계신용 상품을 출시했다. 주식매입은 물론 증권사 미수/신용 대환 모두 가능하며 신용등급 차등 없이 자기 자본 포함 최대 4배까지 활용할 수 있다.이와 함께 DSR 한도 때문에 기존 스탁론 활용이 어려웠던 투자자들을 위한 DSR 무관 상품도 취급 중이다. 또한 장중 거래가 어려웠던 투자자를 위한 대체거래소(NXT) 거래도 가능해졌다.올뉴스탁론에 대해 자세히 알고 싶은 투자자는 고객상담센터(☎1599-8666)로 연락하면 대출 여부와 무관하게 언제든 전문상담원과 편리하게 상담할 수 있다.○ 보유하고 있는 대출액이나 소득 무관하게! (DSR 무관)○ 최대 4배 주식자금 활용 가능! (본인 자금 포함)○ 대체거래소(NXT) 거래 가능!○ 증권 신용/미수 당일 즉시 대환 가능!○ 기존 증권사 신용, 스탁론으로 매수가 어려웠던 종목도 OK!※ 올뉴스탁론 고객상담센터 : 1599-8666바로가기 : https://allnewstockloan.co.kr?agency=HTS◆ 현 시각 관심종목 Top 10 : 폴라리스AI파마, 한화솔루션, 셀트리온, 동양철관, SK텔레콤, 우리기술, iM금융지주, CJ대한통운, 비츠로셀, DSC인베스트먼트무료상담",https://www.hankyung.com/article/202507112213a,2025.07.14 09:50
"국내 증시, 정책 기대감과 수급 개선에 회복 국면",,"최근 국내 증시는 정부의 자본시장 강화 의지와 외국인·기관의 적극적 매수세에 힘입어 안정적인 회복 흐름을 보이고 있다.한 달간 코스피는 글로벌 주요 시장에서도 상위권 상승률을 기록하며 투자 분위기가 개선되는 모습이다.국내 주요 금융사와 증권가는 정책 환경 변화가 국내 증시의 긍정적 모멘텀으로 작용하고 있다고 평가한다.특히 기술주와 바이오 업종이 선전하며 시장 회복세를 주도했고, 통화정책과 환율 안정도 투자 심리를 뒷받침했다.달러 약세와 글로벌 금리 흐름 변화는 간접적으로 한국 증시에 긍정적 영향을 미친 것으로 분석된다.아울러 외국인과 기관의 순매수 전환은 시장의 구조적 안정성을 높였으며, 개인 투자자들도 포트폴리오를 조정하면서 투자 전략에 신중을 기하는 모습이다.전문가들은 “정책 기대와 수급 개선이라는 두 축이 함께 작용하며 종합적인 시장 회복 흐름이 이어지고 있다”며, “향후에도 글로벌 정책과 수급 동향을 면밀히 관찰하는 전략이 중요할 것”이라고 조언하고 있다.신한지주, 셀트리온, 삼성전기, 지씨지놈, DSC인베스트먼트무료상담",https://www.hankyung.com/article/202506195879a,2025.06.19 14:33
"주식 매도 없이 신용이자 연 1,500만 원 줄이는 비법",,"전송종목 : 가온전선, 삼일제약, 동아쏘시오홀딩스, 한국주철관, JW중외제약최근 주식 투자자들 사이에서 주식대출(미수/신용융자 등)의 고금리에 대한 부담이 커지고 있다.특히 저금리를 적용 받고 싶어도, 기존 대출을 상환하고 다시 주식을 매수해야 하는 번거로운 절차와 자금 조달의 어려움이 발목을 잡고 있다.이런 현실적인 문제를 해결하고자, 무빙스탁이 ‘증권사 신용, 대환자금대출’ 서비스를 전격 출시했다.이 상품은 주식을 매도하지 않고도, 기존의 고금리의 주식대출(미수/신용융자 등)의 3%대의 혁신적인 저금리 증권사로 전환할 수 있도록 상환자금을 제공하는 것이 핵심이다.무빙스탁 관계자는 “현재 증권사 이벤트 금리는 연 3%대 수준으로, 기존 9~10%대 고금리를 적용받는 투자자라면 절감 효과가 상당하다”며, 금리를 5%만 낮추면 “1억원 신용대출 기준으로 연간 약 500만원, 3억원이라면 1,500만원까지도 절약할 수 있다”고 밝혔다.더 놀라운 점은, 현재는 이벤트 기간으로 대환자금대출 신청시 발생하는 이자 비용까지 ‘0원’이라는 사실이다. 대환자금에 대해서 하루의 대출이자도 부담하지 않고 기존 고금리 대출을 저금리로 전환할 수 있어, 고금리 부담에 시달리던 투자자들에게 큰 호응을 얻을 전망이다.이 서비스는 부동산 시장에서 흔히 이용되던 대환대출 개념을 증권시장에 도입한 혁신적인 시도로, 주식 투자자들의 자금 운용에 새로운 대안을 제시할 것으로 기대된다.무빙스탁 ‘증권사 신용, 대환자금대출’의 비용 무료 이벤트는 이벤트 기간 동안 한정적으로 제공되는 만큼, 신용융자를 이용 중인 투자자라면 지금 바로 확인해볼 필요가 있다.★ 장마감 시간이 가까워질수록 문의가 많아 상담이 지연될 수 있습니다.★ 7월 문의하신 고객들이 많이 보유하신 종목으로는 삼성전자, POSCO홀딩스, 셀트리온, 포스코퓨처엠, 에코프로비엠, NAVER, 에코프로, 삼성SDI, LG화학, SK하이닉스, 두산에너빌리티, 카카오, SK이노베이션, LG에너지솔루션, 엘앤에프, 삼천당제약, 현대차, 알테오젠, HPSP, LG전자 등이 있습니다.★ 안내사항과도한 빚은 당신에게 큰 불행을 안겨줄 수 있습니다. 대출 시 신용등급 하락으로 다른 금융거래가 제약받을 수 있습니다. 중개수수료를 요구하거나 받는 것은 불법입니다.상호명: ㈜단비대부 2021-서울영등포-2102(대부업) | TEL: 1544-4886 | 대출금리: 연 20%이내(연체금리는 약정금리+3%p이내, 최대 연 20%이내) | 단, 2021. 7. 7.부터 신규체결, 갱신, 연장되는 계약에 한함 | 채무의 조기상환 조건 및 부대비용 없음. (단, 신용조회비용 및 담보권설정비용 있음), 이자 외 별도로 중개수수료를 요구하거나 수취하는 것은 불법입니다. | 대표이사: 박동원 | 사업자등록번호: 274-86-00231 | 등록기관명칭: 서울 영등포구청(담당부서: 일자리경제과, 02-2670-3420) | 소재지 : 서울 영등포구 여의대방로67길 11, 5층 517호 | 개인정보관리자메일: help@danbifund.co.kr무료상담",https://www.hankyung.com/article/202507248243a,2025.07.24 13:08
"셀트리온, ‘앱토즈마’ 임상 3상 52주 결과 국제학술지 게재",유효성 및 안전성 확보하고 글로벌 시장 공략 박차,"셀트리온은 류마티스 관절염(Rheumatoid Arthritis, RA) 치료제 ‘악템라(ACTEMRA, 성분명: 토실리주맙)’ 바이오시밀러 ‘앱토즈마(AVTOZMA, 개발명: CT-P47)’의 글로벌 임상 3상 52주 결과가 국제학술지 ‘Clinical Drug Investigation’에 게재됐다고 16일 밝혔다.이번에 발표된 연구는 류마티스 관절염 환자 471명을 대상으로 진행된 CT-P47 정맥주사(IV) 제형의 유효성, 약동학, 안전성, 면역원성을 평가한 임상 3상의 52주 결과를 담고 있다.임상은 초기 CT-P47 투여군과 오리지널 의약품(RoActemra) 투여군으로 나눠 진행됐으며, 24주차부터 오리지널 의약품 투여군에 대해서는 유지 투여군과 CT-P47로 전환한 교체 투여군으로 무작위 배정해, 총 세 그룹으로 비교 평가를 진행했다.그 결과, CT-P47을 지속 투여한 군, 오리지널 의약품을 유지한 군, CT-P47로 전환한 교체 투여군 모두에서 유효성, 약동학, 안전성, 면역원성 등을 포함한 주요 지표가 유사한 수준으로 나타났다. 이로써 CT-P47이 장기 치료 및 스위칭 상황에서도 안정적인 치료 옵션이 될 수 있음을 확인했다.앱토즈마의 오리지널 의약품인 악템라는 체내 염증 유발에 관여하는 인터루킨(IL)-6 단백질을 억제해 염증을 감소시키는 인터루킨 억제제로 지난해 글로벌 매출 약 26억 4,500만 프랑(한화 약 4조원)[footnoteRef:1]을 기록했다. [1: Roche's 2024 Annual Report, 환율 기준: 1CHF(스위스 프랑)=1500원]아울러 셀트리온은 지난해 말 앱토즈마의 국내 허가를 획득한 데 이어, 올해 초 미국과 유럽에서도 연이어 품목 허가를 받으며 글로벌 시장 공략에 박차를 가하고 있다.셀트리온 관계자는 “이번 발표를 통해 장기간 치료와 스위칭 상황에도 앱토즈마의 유효성과 안전성이 모두 확인된다는 사실을 알릴 수 있어서 의미가 크다”며 “발표된 데이터를 바탕으로 글로벌 시장에서의 처방 및 점유율 확대에 박차를 가할 계획”이라고 밝혔다.",https://www.hankyung.com/article/202507160875P,2025.07.16 08:37
"'新 장타여왕' 이동은, 메이저 대회서 생애 첫 우승","한국여자오픈 정상 올라

루키 김시현 1타 차로 따돌려
42번 도전 끝에 챔피언 영예

약점으로 꼽혔던 퍼팅 살아나
고비마다 버디 잡으며 위기 극복
""퍼팅 그립 바꾼 게 효과 봤어요""","이동은이 15일 충북 음성 레인보우힐스에서 열린 DB그룹 제39회 한국여자오픈에서 우승한 뒤 트로피를 들고 환하게 웃고 있다.  대회조직위 제공

                이동은(21)이 루키 김시현의 추격을 뿌리치고 생애 첫 우승의 감격을 누렸다. 마지막 18번홀(파4)에서 파 세이브에 성공하며 우승을 확정한 그는 두 팔을 번쩍 들어 올렸다. 42번의 도전 끝에 꿈에 그리던 챔피언에 오른 순간이었다.이동은은 15일 충북 음성 레인보우힐스(파72)에서 열린 시즌 두 번째 메이저 대회이자 내셔널 타이틀인 DB그룹 제39회 한국여자오픈 골프선수권대회(총상금 12억원) 최종 4라운드에서 3언더파 69타를 쳤다. 최종 합계 13언더파 275타를 적어낸 이동은은 단독 2위(12언더파 276타) 김시현을 1타 차로 따돌리고 생애 첫 우승 트로피를 들어 올렸다.지난해 데뷔해 42번째 대회 출전 끝에 메이저 대회에서 첫 우승을 차지한 이동은은 상금 3억원을 챙겼다. 상금랭킹은 19위에서 무려 16계단 뛴 3위(4억9954만원), 대상 포인트 순위는 4위(221점)다. ◇새가슴 오명 씻은 장타자이동은은 데뷔 때부터 장타로 이름을 날렸다. 지난해 한국여자프로골프(KLPGA) 투어에서 방신실 윤이나에 이어 장타 부문 3위에 올랐다. 올해는 방신실을 밀어내고 장타 1위(평균 260.1야드)를 달리고 있다.‘장타 여왕’이라는 별명과 어울리지 않게 투어 내에선 대표적인 ‘새가슴’으로 유명하다. 마지막 중요한 순간마다 고비를 넘기지 못하고 문턱에서 미끄러졌기 때문이다. 최근 두 시즌 동안 41개 대회에서 준우승만 두 차례 했는데, 늘 마지막 날 중요한 퍼트를 놓치며 무너졌다.이번 대회에선 약점으로 꼽힌 퍼팅이 살아나며 메이저 대회에서 생애 첫 우승의 꿈을 이뤘다. 김시현과 함께 2타 차 공동 선두로 나선 마지막 날도 중요한 순간마다 퍼트가 쏙쏙 들어갔다. 전반 4번(파4)과 8번홀(파4)에서 기록한 버디 모두 3~4m의 까다로운 거리였다.위기도 침착하게 넘겼다. 후반 13번홀(파4)에서 이날 첫 보기를 범해 김시현과 노승희에게 공동 선두를 허용했으나 이어진 14번홀(파4) 버디로 바운스백에 성공했다. 무려 12.5m 거리의 버디퍼트를 떨어뜨렸다. 이후 16번홀(파5)에서 정확한 어프로치샷에 이은 버디로 2타 차로 달아난 이동은은 이후 실수 없이 경기를 마쳐 정상에 섰다. 우승 확정 후 눈물을 쏟은 이동은은 “퍼팅 그립을 조금 더 견고하게 잡는 법으로 바꾼 게 효과를 봤다”며 “현장에서, TV 중계를 통해 저를 응원해 주신 모든 분께 진심으로 감사드린다”고 소감을 밝혔다. ◇슈퍼 루키 김시현, 2연속 준우승올해 KLPGA 투어에 데뷔한 김시현은 2주 연속 준우승을 차지하며 신인왕 레이스에서 한 발 더 앞서겠다. 그는 지난주 셀트리온마스터즈에서도 연장전 끝에 준우승하며 존재감을 드러냈다.김시현은 지난해까지 국가대표로 뛰면서 굵직한 아마추어대회에서 여러 번 우승한 유망주로 평가됐다. 지난해 시드전 7위로 KLPGA 투어에 입성해 일찌감치 신인왕 후보로 꼽혔는데 올 시즌 준우승 2회를 포함해 톱10에 세 차례 들며 경쟁자들을 멀찌감치 따돌렸다.디펜딩 챔피언 노승희는 전반에 3타를 줄이며 대회 2연패 가능성을 키웠으나, 후반 막판 5개 홀에서 4타를 잃고 무너져 단독 4위(7언더파)로 대회를 마쳤다. 이날 2타를 줄인 황유민이 단독 3위(8언더파)에 올랐다.음성=서재원 기자 jwseo@hankyung.com",https://www.hankyung.com/article/2025061561331,2025.06.15 17:58
트럼프발 약가 쇼크 진정됐나…셀트리온·알테오젠 반등 '시동',"알테오젠 5거래일간 6% 상승
셀트리온 ""바이오시밀러 영향 미미""

한경에이셀 수출 데이터, 바이오 25%↑","사진 AP연합뉴스

                도널드 트럼프 미국 대통령의 약값 인하 압박 움직임에 급락했던 제약주들이 일제 반등하고 있다. 국내 주요 업체들에 대한 영향이 당초 예상에 비해 적을 것이란 전망이 퍼진 영향으로 풀이된다. 27일 코스닥시장에서 알테오젠은 전일대비 3.32% 오른 34만2500원에 장을 마감했다. 지난 16일 주당 31만원대까지 내린 이 기업 주가는 지난 5거래일간 6.37% 올랐다. 같은날 유가증권시장에서 셀트리온은 1.50% 상승한 15만5300원에 장을 마쳤다. 두 기업은 지난 12일 트럼프 대통령이 미국 내 처방약 가격을 다른 국가와 비슷한 수준으로 인하한다는 행정명령에 서명하자 주가가 한동안 내리막을 탔다. 이 행정명령으로 인해 미국 처방약 가격이 최대 80%까지 인하될 수 있어서다. 약값이 크게 내리면 제약사 입장에선 그만큼 수익 타격을 받는다. 주가가 단기간 급락하자 두 기업은 각각 자체 진화에 나서기도 했다. 각각 홈페이지에 행정명령이 자사에 미치는 영향을 분석해 공지했다. 셀트리온은 “이번 조치는 미국 내 고가 의약품이 대상”이라며 “상대적으로 낮은 가격인 바이오시밀러 제품은 애초에 조치의 목표 대상이 아니기 때문에 바이오시밀러 제조사인 셀트리온에 대한 영향은 크지 않을 것”이라고 공지했다. 지난 15일엔 서정진 셀트리온그룹 회장이 직접 온라인 간담회에 나서 “미국 내 약값 인하는 셀트리온에 오히려 기회가 된다”며 “트럼프 행정부가 중간 유통구조를 단순화하려는 조치이다보니 후발주자가 경쟁하기 좋은 환경이 되기 때문”이라고 했다. 알테오젠은 행정명령이 자사 기술을 적용한 피하주사(SC)제형 의약품에 큰 영향을 주지 않을 것으로 보고 있다. 기존 제품 대비 '임상적으로 유의미한 차이'가 없는 의약품이 약가 인하 협상 대상에 포함될 전망이라서다. 알테오젠은 “여러 제약사가 피하제향의 임상적 유익성에 관심을 보이고 있다”며 “이번 행정명령이 신규 기술이전 계약 체결에 미치는 영향은 크지 않을 것으로 본다”고 했다. 증권가도 이번 행정명령에 따라 두 기업이 실제로 받는 악영향이 크지 않을 것으로 보고 있다. 정이수 IBK투자증권 연구원은 “약가 인하 행정명령으로 미국 시장에서 바이오시밀러가 확장기를 누릴 수 있다”고 했다. 엄민용 신한투자증권 연구원은 “알테오젠의 피하주사(SC)는 임상적 이점이 다양한 만큼 약가 인하 대상에 포함될 가능성이 낮다”고 내다봤다. 대체데이터 플랫폼 한경에이셀에 따르면 이달들어 지난 20일까지 바이오의약품 수출은 전년대비 25.04% 늘었다. 최근 '황제주(주당 100만원 이상 종목)'가 나온 라면 섹터의 이달 기준 연간 수출 성장률(21.56%)보다 높다. 선한결 기자 always@hankyung.com",https://www.hankyung.com/article/202505278931i,2025.05.27 16:40
고금리 OUT! 증권사 신용대출 3%대로 전환하는 방법,,"전송종목 : SK바이오사이언스, 현대오토에버, 우리금융지주, 카카오뱅크, SK바이오팜최근 주식 투자자들 사이에서 주식대출(미수/신용융자 등)의 고금리에 대한 부담이 커지고 있다.특히 저금리를 적용 받고 싶어도, 기존 대출을 상환하고 다시 주식을 매수해야 하는 번거로운 절차와 자금 조달의 어려움이 발목을 잡고 있다.이런 현실적인 문제를 해결하고자, 무빙스탁이 ‘증권사 신용, 대환자금대출’ 서비스를 전격 출시했다.이 상품은 주식을 매도하지 않고도, 기존의 고금리의 주식대출(미수/신용융자 등)의 3%대의 혁신적인 저금리 증권사로 전환할 수 있도록 상환자금을 제공하는 것이 핵심이다.무빙스탁 관계자는 “현재 증권사 이벤트 금리는 연 3%대 수준으로, 기존 9~10%대 고금리를 적용받는 투자자라면 절감 효과가 상당하다”며, 금리를 5%만 낮추면 “1억원 신용대출 기준으로 연간 약 500만원, 3억원이라면 1,500만원까지도 절약할 수 있다”고 밝혔다.더 놀라운 점은, 현재는 이벤트 기간으로 대환자금대출 신청시 발생하는 이자 비용까지 ‘0원’이라는 사실이다. 대환자금에 대해서 하루의 대출이자도 부담하지 않고 기존 고금리 대출을 저금리로 전환할 수 있어, 고금리 부담에 시달리던 투자자들에게 큰 호응을 얻을 전망이다.이 서비스는 부동산 시장에서 흔히 이용되던 대환대출 개념을 증권시장에 도입한 혁신적인 시도로, 주식 투자자들의 자금 운용에 새로운 대안을 제시할 것으로 기대된다.무빙스탁 ‘증권사 신용, 대환자금대출’의 비용 무료 이벤트는 이벤트 기간 동안 한정적으로 제공되는 만큼, 신용융자를 이용 중인 투자자라면 지금 바로 확인해볼 필요가 있다.★ 장마감 시간이 가까워질수록 문의가 많아 상담이 지연될 수 있습니다.★ 7월 문의하신 고객들이 많이 보유하신 종목으로는 삼성전자, POSCO홀딩스, 셀트리온, 포스코퓨처엠, 에코프로비엠, NAVER, 에코프로, 삼성SDI, LG화학, SK하이닉스, 두산에너빌리티, 카카오, SK이노베이션, LG에너지솔루션, 엘앤에프, 삼천당제약, 현대차, 알테오젠, HPSP, LG전자 등이 있습니다.★ 안내사항과도한 빚은 당신에게 큰 불행을 안겨줄 수 있습니다. 대출 시 신용등급 하락으로 다른 금융거래가 제약받을 수 있습니다. 중개수수료를 요구하거나 받는 것은 불법입니다.상호명: ㈜단비대부 2021-서울영등포-2102(대부업) | TEL: 1544-4886 | 대출금리: 연 20%이내(연체금리는 약정금리+3%p이내, 최대 연 20%이내) | 단, 2021. 7. 7.부터 신규체결, 갱신, 연장되는 계약에 한함 | 채무의 조기상환 조건 및 부대비용 없음. (단, 신용조회비용 및 담보권설정비용 있음), 이자 외 별도로 중개수수료를 요구하거나 수취하는 것은 불법입니다. | 대표이사: 박동원 | 사업자등록번호: 274-86-00231 | 등록기관명칭: 서울 영등포구청(담당부서: 일자리경제과, 02-2670-3420) | 소재지 : 서울 영등포구 여의대방로67길 11, 5층 517호 | 개인정보관리자메일: help@danbifund.co.kr무료상담",https://www.hankyung.com/article/202507248234a,2025.07.24 08:53
"이자 부담은 최소로, 투자 효율은 최대로! 신용대출 3%대 활용법",,"전송종목 : 에스디바이오센서, 메리츠금융지주, BNK금융지주, iM금융지주, 이마트최근 주식 투자자들 사이에서 주식대출(미수/신용융자 등)의 고금리에 대한 부담이 커지고 있다.특히 저금리를 적용 받고 싶어도, 기존 대출을 상환하고 다시 주식을 매수해야 하는 번거로운 절차와 자금 조달의 어려움이 발목을 잡고 있다.이런 현실적인 문제를 해결하고자, 무빙스탁이 ‘증권사 신용, 대환자금대출’ 서비스를 전격 출시했다.이 상품은 주식을 매도하지 않고도, 기존의 고금리의 주식대출(미수/신용융자 등)의 3%대의 혁신적인 저금리 증권사로 전환할 수 있도록 상환자금을 제공하는 것이 핵심이다.무빙스탁 관계자는 “현재 증권사 이벤트 금리는 연 3%대 수준으로, 기존 9~10%대 고금리를 적용받는 투자자라면 절감 효과가 상당하다”며, 금리를 5%만 낮추면 “1억원 신용대출 기준으로 연간 약 500만원, 3억원이라면 1,500만원까지도 절약할 수 있다”고 밝혔다.더 놀라운 점은, 현재는 이벤트 기간으로 대환자금대출 신청시 발생하는 이자 비용까지 ‘0원’이라는 사실이다. 대환자금에 대해서 하루의 대출이자도 부담하지 않고 기존 고금리 대출을 저금리로 전환할 수 있어, 고금리 부담에 시달리던 투자자들에게 큰 호응을 얻을 전망이다.이 서비스는 부동산 시장에서 흔히 이용되던 대환대출 개념을 증권시장에 도입한 혁신적인 시도로, 주식 투자자들의 자금 운용에 새로운 대안을 제시할 것으로 기대된다.무빙스탁 ‘증권사 신용, 대환자금대출’의 비용 무료 이벤트는 이벤트 기간 동안 한정적으로 제공되는 만큼, 신용융자를 이용 중인 투자자라면 지금 바로 확인해볼 필요가 있다.★ 장마감 시간이 가까워질수록 문의가 많아 상담이 지연될 수 있습니다.★ 7월 문의하신 고객들이 많이 보유하신 종목으로는 삼성전자, POSCO홀딩스, 셀트리온, 포스코퓨처엠, 에코프로비엠, NAVER, 에코프로, 삼성SDI, LG화학, SK하이닉스, 두산에너빌리티, 카카오, SK이노베이션, LG에너지솔루션, 엘앤에프, 삼천당제약, 현대차, 알테오젠, HPSP, LG전자 등이 있습니다.★ 안내사항과도한 빚은 당신에게 큰 불행을 안겨줄 수 있습니다. 대출 시 신용등급 하락으로 다른 금융거래가 제약받을 수 있습니다. 중개수수료를 요구하거나 받는 것은 불법입니다.상호명: ㈜단비대부 2021-서울영등포-2102(대부업) | TEL: 1544-4886 | 대출금리: 연 20%이내(연체금리는 약정금리+3%p이내, 최대 연 20%이내) | 단, 2021. 7. 7.부터 신규체결, 갱신, 연장되는 계약에 한함 | 채무의 조기상환 조건 및 부대비용 없음. (단, 신용조회비용 및 담보권설정비용 있음), 이자 외 별도로 중개수수료를 요구하거나 수취하는 것은 불법입니다. | 대표이사: 박동원 | 사업자등록번호: 274-86-00231 | 등록기관명칭: 서울 영등포구청(담당부서: 일자리경제과, 02-2670-3420) | 소재지 : 서울 영등포구 여의대방로67길 11, 5층 517호 | 개인정보관리자메일: help@danbifund.co.kr무료상담",https://www.hankyung.com/article/202507083744a,2025.07.08 13:28
고금리·배당 매력 부각에 보험株 강세…방어주 재조명,,"최근 국내 증시에서 보험주들이 뚜렷한 상승 흐름을 보이고 있다. 지속적인 고금리 환경과 함께 안정적인 배당 수익률이 부각되면서, 보험업종 전반이 대표적 방어주 테마로 재조명되는 양상이다.특히 생명보험과 손해보험을 막론하고 대형 보험사 중심의 주가 상승이 두드러지고 있으며, 일부 중소형 보험사들도 뒤따르는 흐름을 나타내고 있다. 증권업계는 “보험업은 자산 운용 수익과 이자 마진에 기반한 업종 특성상 고금리 국면에서 수익성이 구조적으로 개선될 수 있는 대표 업종”이라며 최근 흐름을 설명한다.여기에 높은 배당 성향이 더해지면서 연말 배당 수익률을 노린 기관·개인 자금 유입도 감지되고 있다. 실제로 일부 보험사의 예상 배당수익률은 시장 평균을 크게 상회하는 수준으로 평가되며, 안정성을 중시하는 중장기 투자 수요와 맞닿아 있다.또한, 회계기준(IFRS17)과 지급여력제도(K-ICS) 도입이 정착 단계에 접어들며 재무 건전성에 대한 불확실성이 해소되고 있는 점도 테마 강세에 힘을 보태고 있다. 과거 대비 회계 투명성이 높아졌고, 수익 구조가 분기 단위로 드러나면서 투자자 신뢰도 또한 높아졌다는 분석이다.전문가들은 “보험주는 급등을 기대하기보다는 안정적인 현금흐름과 고배당을 기반으로 시장 변동성에 강한 구조”라며 “금리 고점 국면에서 수익 방어와 자산 배분 효과를 동시에 노릴 수 있는 대안 업종”이라고 진단했다.셀트리온, 우리기술투자, 삼성증권, SK, HD현대중공업무료상담",https://www.hankyung.com/article/202507161312a,2025.07.16 14:53
외국인 매도에 밀리는 코스피…SK하이닉스 7%↓,,"사진=연합뉴스

                코스피가 약보합세다. 장중 3150선을 위협받을 정도로 밀리기도 했지만, 낙폭을 줄였다. SK하이닉스가 부정적 전망 속에 7% 넘게 하락하고 있다.17일 오전 10시25분 현재 코스피는 전일 대비 11.40포인트(0.36%) 내린 3174.98에 거래되고 있다.3200선을 회복하면서 출발한 코스피는 곧바로 힘이 빠지며 3152.42까지 빠졌지만, 이를 저점으로 낙폭을 일부 줄인 뒤 등락을 거듭하고 있다.외국인이 유가증권시장에서 1563억원어치 주식과 코스피200선물 2494억원어치를 순매도하며 지수를 끌어 내리고 있다. 기관도 현물주식을 1941억원어치 파는 중이다. 개인이 홀로 3062억원어치 주식을 사고 있지만, 지수를 방어하는 데는 힘이 부친 모습이다.시가총액 상위 종목은 대체로 상승세다.하지만 SK하이닉스가 7.09% 하락하며 지수를 짓누르고 있다. 골드만삭스가 투자의견을 중립으로, 대신증권이 메모리반도체 가격 전망을 각각 하향하면서 투자심리가 악화됐다.반면 삼성전자는 1.7% 상승하고 있다.LG에너지솔루션도 1.13% 상승세다. 테슬라가 중국에서 출시할 예정인 6인용 모델Y에 LG에너지솔루션의 니켈·코발트·망간(NCM) 배터리가 사용될 것이라고 알려진 영향으로 보인다.삼성바이오로직스와 셀트리온도 각각 1.13%와 1.19% 상승 중이다.한화에어로스페이스는 3.63% 오르고 있다.코스닥은 전일 대비 0.42포인트(0.05%) 오른 812.65에 거래되고 있다. 이 시장에서는 개인이 1376억원어치 주식을 사는 반면, 외국인과 기관이 각각 1188억원어치와 217억원어치를 파는 중이다.코스닥 시가총액 상위 종목들도 대체로 오르고 있다.특히 펩트론이 14.14% 급등 중이다. 리가켐바이오와 삼천당제약도 각각 1.49%와 2.56% 강세다.반면 알테오젠은 0.41% 내리고 있다.서울외환시장에서 원·달러 환율은 전일 대비 3원(0.22%) 오른 달러당 1390원에 거래되고 있다.한경우 한경닷컴 기자 case@hankyung.com",https://www.hankyung.com/article/2025071740686,2025.07.17 10:36
"04일, 코스닥 외국인 순매도상위에 기계·장비 업종 8종목",,"외국인 투자자는 04일 코스닥에서 알테오젠, 에이비엘바이오, 레인보우로보틱스 등을 중점적으로 매도한 것으로 나타났다.외국인 투자자의 순매도 상위 20개 종목은 알테오젠, 에이비엘바이오, 레인보우로보틱스, 우리기술, 펩트론, 리가켐바이오, 고영, 셀트리온제약, 에코프로, 뉴엔AI등이다.이중에 기계·장비 업종에 속한 종목이 8개 포함되어 있다.셀트리온제약, 뉴엔AI, 필옵틱스 등은 전일 대비 주가가 상승했고, 알테오젠, 에이비엘바이오, 레인보우로보틱스 등은 주가가 하락했다.[07월04일]코스닥 외국인 순매도 상위 종목한경로보뉴스이 기사는 한국경제신문과 금융 AI 전문기업 씽크풀이 공동 개발한 기사 자동생성 알고리즘에 의해 실시간으로 작성된 것입니다.",https://www.hankyung.com/article/202507049370L,2025.07.04 18:35
"'천국의 여왕' 노승희 ""마음 비우고 버디만 노렸더니 우승 잡혔죠""","KLPGA투어 더헤븐 마스터즈 FR
노승희, 보기없이 6타 줄인 무결점 플레이
이다연과 연장 끝 짜릿한 역전승 
""지난달 US오픈, 컷탈락에도 귀한 경험
선수로 한층 더 성장하며 자신감 얻어""
시즌 3승에 메이저 우승 '정조준'","노승희가 22일 KLPGA투어 더헤븐 마스터즈 우승 뒤 더헤븐 리조트의 인피니티 풀에 뛰어들며 우승 세러머니를 하고 있다. KLPGA 제공

                기대하지 않았던 우승이었다. 행운처럼 주어진 연장전, 그래도 노승희는 기회를 놓치지 않았다. 실수 없는 샷으로 6.2m 버디 찬스를 만들어냈고, 완벽한 퍼트로 짜릿한 역전승을 만들어냈다. 22일 경기도 안산 더헤븐CC(파72)에서 열린 한국여자프로골프(KLPGA)투어 더헤븐 마스터즈(총상금 10억원)의 주인공 노승희는 우승이 확정된 순간에도 얼떨떨해보였다. 선두에 6타 뒤진 채로 시작한 최종라운드, ""최대한 버디를 많이 잡는데만 집중했다""는 그의 말처럼, 우승이 쉽지 않아보였기 때문이다. 하지만 한타 한타 버디를 잡는데 집중했고, 보기는 범하지 않는 무결점 플레이를 펼쳤다. 그리고 선물처럼 주어진 연장전에서 완벽하고 깔끔한 플레이로 우승컵을 거머쥐었다. 자신의 시즌 첫 승이자 투어 통산 세번째 우승이었다. 아버지와 캐디의 손을 잡고 더헤븐 리조트의 인피티니 풀로 뛰어드는 노승희의 표정에는 짜릿한 흥분이 가득했다. 이번 대회는 이변으로 가득했다. 대회 첫 이틀간 강한 비와 바람으로 지연이 거듭됐다. 결국 최종일인 이날, 오전에 2라운드 잔여경기를 치렀고 오후 12시께부터 세미샷건으로 최종라운드를 치렀다. 
                    



사진=KLPGA

                노승희는 선두 이다연에 6타 뒤진 공동 7위로 최종라운드를 시작했다. 이날 경기 내내 노승희가 계속 되뇌인 말은 ""마음을 비우자""였다고 한다. ""올 시즌에는 상반기에 1승을 올리는 것이 목표였는데 좋은 기회를 잡고도 마지막에 마음이 조급해져 기회를 놓치곤 했어요. 그래서 오늘 우승보다는 버디를 최대한 많이 잡아서 순위를 끌어올려보자고만 생각했습니다.""이날 노승희의 경기는 완벽했다. 보기 없이 버디만 6개, 6언더파를 치며 출전 선수 가운데 데일리 베스트를 기록했다. 하지만 선두와의 격차가 워낙에 컸다. 노승희가 경기를 마친 뒤에도 이다연은 1타 차 선두로 17·18번홀을 남겨두고 있었다. 그는 ""남은 2개 홀에서 다연 언니가 충분히 타수를 줄일 수 있을 것으로 생각해 우승은 기대하지 않았다""고 말했다. 그런데 이다연이 17번홀에서 티샷 미스가 나오면서 노승희에게 기회가 생겼다. 이다연의 티샷이 오른쪽으로 크게 밀리면서 언덕 러프에 빠졌고, 이 홀에서 결국 보기를 기록했다. 팬의 사인요청에 응하고 있던 노승희에게 연장전을 준비하라는 연락이 온 것도 이때다. 퍼팅 그린에서 몸을 풀면서도 그는 연장에 대한 기대는 거의 하지 않았다고 한다. 하지만 이다연이 18번홀 버디퍼트를 놓치면서 동타로 정규 라운드가 끝났고, 우승 세러머니를 위해 생수병을 들고 있던 노승희는 연장전을 위해 카트로 향했다. 그는 ""그순간 살짝 긴장이 됐다. 그래서 세러머니용 생수로 목을 살짝 축였다""며 미소지었다. 
                    



사진=KLPGA

                18번홀에서 열린 연장 1차전. 정확한 샷으로 페어웨이를 지킨 노승희와 달리, 이다연은 흔들렸다. 노승희는 세번째 샷만에 핀에서 6.2m 옆, 이다연은 네번째 샷만에 1.8m옆에 공을 보냈다. 버디를 잡기 쉽지 않은 거리, 보는 이들도 2차 연장을 기대하는 사람이 적지 않았다. 이번 대회에서 퍼트감이 썩 좋지 않았던 노승희였지만 이 순간만은 달랐다고 한다. 그는 ""이번 대회에서 얼토당토 않은 퍼트로 버디 기회를 놓친 적이 많았는데 이 퍼트에서는 달랐다""며 ""어드레스를 하는 순간 자신감이 있었고 들어가겠다는 확신이 들었다""고 했다. 그의 믿음처럼 공은 완벽한 궤적을 그리며 홀로 빨려 들어갔다. 6타차를 따라붙어 만들어낸 극적인 역전승의 순간이었다. 올 시즌 목표였던 '상반기 1승'을 달성한 비결 중 하나로 노승희는 지난달 경험한 US여자오픈을 꼽았다. 처음으로 밟아본 미국이자 처음 출전해본 미국여자프로골프(LPGA)투어, 그것도 메이저대회였다. 노승희는 선수로서 꼭 한번 나가보고 싶었던 대회였다""며 ""출전자격이 됐을 때 고민없이 출전을 결정했다""고 말했다. 결과에 상관없이 출전 자체로 도움이 될 것이라는 확신이 들었기 때문이다. 직접 경험한 세계무대는 역시 달랐다고 한다. 그는 ""코스 세팅도 달랐고, TV서만 보던 선수들을 가까이서 보는 것도 영광스러웠다""며 ""마지막 실수로 1타 차 커트 탈락을 하긴 했지만 다음날에도 거기 연습장에서 연습을 하고 왔다""고 털어놨다. 그는 연습을 하면서도 연신 ""커트탈락한 선수들 중에서 제가 가장 행복한 것 같다""고 말했다고 한다. 타이트한 양잔디에서 연습한 덕분인지 돌아오자마자 출전한 대회에서도 노승희는 좋은 흐름을 이어갔다. 귀국 직후 출전한 셀트리온 퀸즈 마스터즈에서 공동 25위로 준수한 성적을 거둔 그는 지난주 타이틀 방어에 나선 한국여자오픈에서 4위를 기록했다. 그리고 이어진 이번 대회에서 결국 우승컵까지 품에 안았다. 노승희는 ""제 꿈은 K10(KLPGA투어 통산 10승 보유자)""이라고 다부지게 말했다. ""또박또박, 꾸준히 잘 치는 선수로 기억되고 싶다""는 설명이다. 올 시즌 1차 목표였던 상반기 우승을 달성한 그는 이제 다승을 정조준한다. 그는 ""남은 대회에서 2승을 추가해서 3승을 목표로 하고, 또 하반기에 있는 메이저 대회에서도 정상에 서고 싶다""고 다짐했다. 안산=조수영 기자 delinews@hankyung.com",https://www.hankyung.com/article/202506221852i,2025.06.22 20:27
"코스피, 차익 실현 매물에 2900선 아래로…외인·기관 '팔자'",,"사진=연합뉴스

                13일 코스피지수가 외국인과 기관투자자의 동반 매도세에 장중 약세 흐름을 이어가고 있다. 새 정부 출범 이후 단기 급등한 데 따른 부담으로 차익 실현 매물이 대거 출회되면서 낙폭을 키우고 있다.이날 오전 11시7분 현재 코스피지수는 전날보다 20.2포인트(0.69%) 내린 2899.83을 나타내고 있다. 지수는 이날 0.36% 상승 출발 후 오전 9시9분께를 기점으로 하락 전환해 추세를 유지하고 있다. 유가증권시장에서 외국인과 기관이 각각 270억원과 4521억원 매도 우위인 반면 개인은 4785억원 매수 우위다. 이날 새벽 미국 증시는 강보합으로 마감했다. 지난 12일(현지시간) 다우지수는 0.24% 올랐고 S&P500지수와 나스닥종합지수도 각각 0.38%와 0.24% 상승했다.코스피 시가총액 상위 종목 중 삼성전자, 삼성바이오로직스, LG에너지솔루션, 한화에어로스페이스, 셀트리온 등이 내리는 반면 SK하이닉스, HD현대중공업, 두산에너빌리티, 네이버 등이 오르고 있다.풍산은 단기간 주가가 급등했음에도 여전히 저평가 상태라는 증권가 분석에 20%대 급등세다. 장중에는 52주 신고가를 기록하기도 했다. 현대차와 기아는 1%대 약세다. 도널드 트럼프 미국 대통령이 수입 자동차에 대한 관세를 상향 조정할 수 있다는 소식이 전해지면서다.같은 시각 코스닥지수는 전날보다 18.86포인트(2.39%) 내린 770.59를 나타내고 있다. 이날 지수는 0.41% 오름세로 출발 후 오전 9시5분께를 기점으로 하락 전환해 낙폭을 2% 이상 확대했다. 코스닥시장에서도 외국인과 기관이 각각 1735억원과 415억원 매도 우위인 반면 개인은 2253억원 매수 우위다.코스닥 시총 상위 종목은 대체로 하락세다. 알테오젠, 에코프로비엠, HLB, 에코프로, 레인보우로보틱스, 파마리서치, 휴젤, 펩트론, 리가켐바이오, 클래시스, 삼천당제약, 리노공업 등이 내리고 있다.이날 이스라엘의 이란 공습 소식에 흥구석유가 상한가를 기록했고, 중앙에너비스(27.91%) 극동유화(13.44%) S-Oil(4.9%) SK가스(3.7%) 등 석유주가 급등세다.이날 서울 외환시장에서 원·달러 환율은 전장보다 3.7원 내린 1355원으로 개장했다.고정삼 한경닷컴 기자 jsk@hankyung.com",https://www.hankyung.com/article/2025061329576,2025.06.13 11:21
고금리 OUT! 증권사 신용대출 3%대로 전환하는 방법,,"전송종목 : DB, 경동인베스트, 모나리자, 모베이스전자, 하이록코리아최근 주식 투자자들 사이에서 주식대출(미수/신용융자 등)의 고금리에 대한 부담이 커지고 있다.특히 저금리를 적용 받고 싶어도, 기존 대출을 상환하고 다시 주식을 매수해야 하는 번거로운 절차와 자금 조달의 어려움이 발목을 잡고 있다.이런 현실적인 문제를 해결하고자, 무빙스탁이 ‘증권사 신용, 대환자금대출’ 서비스를 전격 출시했다.이 상품은 주식을 매도하지 않고도, 기존의 고금리의 주식대출(미수/신용융자 등)의 3%대의 혁신적인 저금리 증권사로 전환할 수 있도록 상환자금을 제공하는 것이 핵심이다.무빙스탁 관계자는 “현재 증권사 이벤트 금리는 연 3%대 수준으로, 기존 9~10%대 고금리를 적용받는 투자자라면 절감 효과가 상당하다”며, 금리를 5%만 낮추면 “1억원 신용대출 기준으로 연간 약 500만원, 3억원이라면 1,500만원까지도 절약할 수 있다”고 밝혔다.더 놀라운 점은, 현재는 이벤트 기간으로 대환자금대출 신청시 발생하는 이자 비용까지 ‘0원’이라는 사실이다. 대환자금에 대해서 하루의 대출이자도 부담하지 않고 기존 고금리 대출을 저금리로 전환할 수 있어, 고금리 부담에 시달리던 투자자들에게 큰 호응을 얻을 전망이다.이 서비스는 부동산 시장에서 흔히 이용되던 대환대출 개념을 증권시장에 도입한 혁신적인 시도로, 주식 투자자들의 자금 운용에 새로운 대안을 제시할 것으로 기대된다.무빙스탁 ‘증권사 신용, 대환자금대출’의 비용 무료 이벤트는 이벤트 기간 동안 한정적으로 제공되는 만큼, 신용융자를 이용 중인 투자자라면 지금 바로 확인해볼 필요가 있다.★ 장마감 시간이 가까워질수록 문의가 많아 상담이 지연될 수 있습니다.★ 7월 문의하신 고객들이 많이 보유하신 종목으로는 삼성전자, POSCO홀딩스, 셀트리온, 포스코퓨처엠, 에코프로비엠, NAVER, 에코프로, 삼성SDI, LG화학, SK하이닉스, 두산에너빌리티, 카카오, SK이노베이션, LG에너지솔루션, 엘앤에프, 삼천당제약, 현대차, 알테오젠, HPSP, LG전자 등이 있습니다.★ 안내사항과도한 빚은 당신에게 큰 불행을 안겨줄 수 있습니다. 대출 시 신용등급 하락으로 다른 금융거래가 제약받을 수 있습니다. 중개수수료를 요구하거나 받는 것은 불법입니다.상호명: ㈜단비대부 2021-서울영등포-2102(대부업) | TEL: 1544-4886 | 대출금리: 연 20%이내(연체금리는 약정금리+3%p이내, 최대 연 20%이내) | 단, 2021. 7. 7.부터 신규체결, 갱신, 연장되는 계약에 한함 | 채무의 조기상환 조건 및 부대비용 없음. (단, 신용조회비용 및 담보권설정비용 있음), 이자 외 별도로 중개수수료를 요구하거나 수취하는 것은 불법입니다. | 대표이사: 박동원 | 사업자등록번호: 274-86-00231 | 등록기관명칭: 서울 영등포구청(담당부서: 일자리경제과, 02-2670-3420) | 소재지 : 서울 영등포구 여의대방로67길 11, 5층 517호 | 개인정보관리자메일: help@danbifund.co.kr무료상담",https://www.hankyung.com/article/202507108875a,2025.07.10 13:08
"미국 증시, 기술주 주도로 반등…무역 불확실성 속 신중한 낙관론",,"2025년 6월 초, 미국 증시는 기술주의 강세에 힘입어 반등세를 이어가고 있다. 나스닥은 연초 이후 처음으로 상승 전환하며, 엔비디아와 브로드컴 등 주요 반도체 기업이 상승세를 주도했다. S&P 500과 다우 지수도 동반 상승하며 시장 전반에 긍정적 분위기가 형성되었다.그러나 4월 초 도널드 트럼프 대통령의 대규모 관세 발표로 인한 급락 이후, 시장은 여전히 무역 정책에 대한 불확실성에 민감한 반응을 보이고 있다. OECD의 미국 성장률 하향 조정과 제조업 지표 부진 등 경기 둔화 우려도 투자자들의 신중한 태도를 유도하고 있다.전문가들은 기술주 중심의 상승세가 지속될 가능성을 언급하면서도, 향후 무역 협상과 경제 지표에 따라 변동성이 확대될 수 있음을 경고하고 있다. 따라서 투자자들은 단기적 반등에 안주하기보다는 중장기적 관점에서 신중한 대응이 필요하다는 조언이 나온다.하나금융지주, 셀트리온, POSCO홀딩스, HK이노엔, 아모레퍼시픽무료상담",https://www.hankyung.com/article/202506092415a,2025.06.09 14:53
"주식 매도 없이 신용이자 연 1,500만 원 줄이는 비법",,"전송종목 : 현대홈쇼핑, KNN, 포스코스틸리온, 리노공업, 에스피지최근 주식 투자자들 사이에서 주식대출(미수/신용융자 등)의 고금리에 대한 부담이 커지고 있다.특히 저금리를 적용 받고 싶어도, 기존 대출을 상환하고 다시 주식을 매수해야 하는 번거로운 절차와 자금 조달의 어려움이 발목을 잡고 있다.이런 현실적인 문제를 해결하고자, 무빙스탁이 ‘증권사 신용, 대환자금대출’ 서비스를 전격 출시했다.이 상품은 주식을 매도하지 않고도, 기존의 고금리의 주식대출(미수/신용융자 등)의 3%대의 혁신적인 저금리 증권사로 전환할 수 있도록 상환자금을 제공하는 것이 핵심이다.무빙스탁 관계자는 “현재 증권사 이벤트 금리는 연 3%대 수준으로, 기존 9~10%대 고금리를 적용받는 투자자라면 절감 효과가 상당하다”며, 금리를 5%만 낮추면 “1억원 신용대출 기준으로 연간 약 500만원, 3억원이라면 1,500만원까지도 절약할 수 있다”고 밝혔다.더 놀라운 점은, 현재는 이벤트 기간으로 대환자금대출 신청시 발생하는 이자 비용까지 ‘0원’이라는 사실이다. 대환자금에 대해서 하루의 대출이자도 부담하지 않고 기존 고금리 대출을 저금리로 전환할 수 있어, 고금리 부담에 시달리던 투자자들에게 큰 호응을 얻을 전망이다.이 서비스는 부동산 시장에서 흔히 이용되던 대환대출 개념을 증권시장에 도입한 혁신적인 시도로, 주식 투자자들의 자금 운용에 새로운 대안을 제시할 것으로 기대된다.무빙스탁 ‘증권사 신용, 대환자금대출’의 비용 무료 이벤트는 이벤트 기간 동안 한정적으로 제공되는 만큼, 신용융자를 이용 중인 투자자라면 지금 바로 확인해볼 필요가 있다.★ 장마감 시간이 가까워질수록 문의가 많아 상담이 지연될 수 있습니다.★ 7월 문의하신 고객들이 많이 보유하신 종목으로는 삼성전자, POSCO홀딩스, 셀트리온, 포스코퓨처엠, 에코프로비엠, NAVER, 에코프로, 삼성SDI, LG화학, SK하이닉스, 두산에너빌리티, 카카오, SK이노베이션, LG에너지솔루션, 엘앤에프, 삼천당제약, 현대차, 알테오젠, HPSP, LG전자 등이 있습니다.★ 안내사항과도한 빚은 당신에게 큰 불행을 안겨줄 수 있습니다. 대출 시 신용등급 하락으로 다른 금융거래가 제약받을 수 있습니다. 중개수수료를 요구하거나 받는 것은 불법입니다.상호명: ㈜단비대부 2021-서울영등포-2102(대부업) | TEL: 1544-4886 | 대출금리: 연 20%이내(연체금리는 약정금리+3%p이내, 최대 연 20%이내) | 단, 2021. 7. 7.부터 신규체결, 갱신, 연장되는 계약에 한함 | 채무의 조기상환 조건 및 부대비용 없음. (단, 신용조회비용 및 담보권설정비용 있음), 이자 외 별도로 중개수수료를 요구하거나 수취하는 것은 불법입니다. | 대표이사: 박동원 | 사업자등록번호: 274-86-00231 | 등록기관명칭: 서울 영등포구청(담당부서: 일자리경제과, 02-2670-3420) | 소재지 : 서울 영등포구 여의대방로67길 11, 5층 517호 | 개인정보관리자메일: help@danbifund.co.kr무료상담",https://www.hankyung.com/article/202507158086a,2025.07.15 08:33
저가에 투자! 5년고정 연 4.9% 상품으로 본인자산포함 최대 4배로 한종목 100% 집중투자!,,"부자네스탁론이 특별 이벤트로 5년고정 연 4.9%의 저금리 스탁론 상품을 출시하면서 투자자들에게 화제가 되고 있다.5년고정 연 4.9%의 저금리 스탁론은 주요 증권사의 신용 금리로 알려진 8~9%대의 금리보다 훨씬 금리가 낮은 상품이다.스탁론 상품들은 증권사 신용보다 레버리지는 더 높고 담보유지비율은 더 낮아 투자 고수들 사이에서 잘 알려진 상품이다.미수나 반대매도를 해결해주는 대환대출상품, 한 종목 100% 집중투자 상품신용등급, 매수불가종목, D.S.R 등 주식투자자들의 고민을 완벽하게 해결해주는 솔루션을 제공하는부자네스탁론은 고객마다 가장 최적의 대출방법으로 해결해준다.-스탁론 D.S.R<총부채원리금상환비율> 고강도 규제에도! 문제없는 부자네스탁론!– 소득 낮고 기존 대출금액 많아도 계좌평가금액에 비례해서 대출가능!▶머니투데이 부자네스탁론① 5년고정 연 4.9% 금리의 최저금리 스탁론② 자기자본포함 최대 4배까지 레버리지 투자 가능③ 매수가능종목 100% 집중투자가능 (코스닥, 시가총액, 포트폴리오비율상관없이)④ 스탁론 전종목 1:1 매수상담문의 → 수익극대화⑤ 반대매도 임박 / 추가입금이 힘들다면? → 1:1 로스컷 전문상담⑥ D.S.R과 신용등급 낮.아.도 문제없이 매입/대환까지 가능!★ D.S.R비율, 신용등급 무관 저금리 부자네스탁 AM8:00~PM4:00 ☎1577-5852★ AM 8:00 부터 선착순 예약접수 http://www.bujane.co.kr/6월 고객들의 문의가 많은 종목은 한화에어로스페이스, LIG넥스원, SK하이닉스, 두산에너빌리티, 셀트리온 등이 있다.무료상담",https://www.hankyung.com/article/202506273207a,2025.06.27 13:38
고금리 이자 폭탄 피하는 법! 증권사 대출 3%대로 줄이기,,"전송종목 : KCC, TCC스틸, 아모레퍼시픽홀딩스, 미원상사, 세아제강지주최근 주식 투자자들 사이에서 주식대출(미수/신용융자 등)의 고금리에 대한 부담이 커지고 있다.특히 저금리를 적용 받고 싶어도, 기존 대출을 상환하고 다시 주식을 매수해야 하는 번거로운 절차와 자금 조달의 어려움이 발목을 잡고 있다.이런 현실적인 문제를 해결하고자, 무빙스탁이 ‘증권사 신용, 대환자금대출’ 서비스를 전격 출시했다.이 상품은 주식을 매도하지 않고도, 기존의 고금리의 주식대출(미수/신용융자 등)의 3%대의 혁신적인 저금리 증권사로 전환할 수 있도록 상환자금을 제공하는 것이 핵심이다.무빙스탁 관계자는 “현재 증권사 이벤트 금리는 연 3%대 수준으로, 기존 9~10%대 고금리를 적용받는 투자자라면 절감 효과가 상당하다”며, 금리를 5%만 낮추면 “1억원 신용대출 기준으로 연간 약 500만원, 3억원이라면 1,500만원까지도 절약할 수 있다”고 밝혔다.더 놀라운 점은, 현재는 이벤트 기간으로 대환자금대출 신청시 발생하는 이자 비용까지 ‘0원’이라는 사실이다. 대환자금에 대해서 하루의 대출이자도 부담하지 않고 기존 고금리 대출을 저금리로 전환할 수 있어, 고금리 부담에 시달리던 투자자들에게 큰 호응을 얻을 전망이다.이 서비스는 부동산 시장에서 흔히 이용되던 대환대출 개념을 증권시장에 도입한 혁신적인 시도로, 주식 투자자들의 자금 운용에 새로운 대안을 제시할 것으로 기대된다.무빙스탁 ‘증권사 신용, 대환자금대출’의 비용 무료 이벤트는 이벤트 기간 동안 한정적으로 제공되는 만큼, 신용융자를 이용 중인 투자자라면 지금 바로 확인해볼 필요가 있다.★ 장마감 시간이 가까워질수록 문의가 많아 상담이 지연될 수 있습니다.★ 7월 문의하신 고객들이 많이 보유하신 종목으로는 삼성전자, POSCO홀딩스, 셀트리온, 포스코퓨처엠, 에코프로비엠, NAVER, 에코프로, 삼성SDI, LG화학, SK하이닉스, 두산에너빌리티, 카카오, SK이노베이션, LG에너지솔루션, 엘앤에프, 삼천당제약, 현대차, 알테오젠, HPSP, LG전자 등이 있습니다.★ 안내사항과도한 빚은 당신에게 큰 불행을 안겨줄 수 있습니다. 대출 시 신용등급 하락으로 다른 금융거래가 제약받을 수 있습니다. 중개수수료를 요구하거나 받는 것은 불법입니다.상호명: ㈜단비대부 2021-서울영등포-2102(대부업) | TEL: 1544-4886 | 대출금리: 연 20%이내(연체금리는 약정금리+3%p이내, 최대 연 20%이내) | 단, 2021. 7. 7.부터 신규체결, 갱신, 연장되는 계약에 한함 | 채무의 조기상환 조건 및 부대비용 없음. (단, 신용조회비용 및 담보권설정비용 있음), 이자 외 별도로 중개수수료를 요구하거나 수취하는 것은 불법입니다. | 대표이사: 박동원 | 사업자등록번호: 274-86-00231 | 등록기관명칭: 서울 영등포구청(담당부서: 일자리경제과, 02-2670-3420) | 소재지 : 서울 영등포구 여의대방로67길 11, 5층 517호 | 개인정보관리자메일: help@danbifund.co.kr무료상담",https://www.hankyung.com/article/202507185997a,2025.07.18 09:43
고금리 이자 폭탄 피하는 법! 증권사 대출 3%대로 줄이기,,"전송종목 : 아나패스, 한국자산신탁, 태웅로직스, 티씨머티리얼즈, 현대퓨처넷




 

최근 주식 투자자들 사이에서 주식대출(미수/신용융자 등)의 고금리에 대한 부담이 커지고 있다.특히 저금리를 적용 받고 싶어도, 기존 대출을 상환하고 다시 주식을 매수해야 하는 번거로운 절차와 자금 조달의 어려움이 발목을 잡고 있다.이런 현실적인 문제를 해결하고자, 무빙스탁이 ‘증권사 신용, 대환자금대출’ 서비스를 전격 출시했다.이 상품은 주식을 매도하지 않고도, 기존의 고금리의 주식대출(미수/신용융자 등)의 3%대의 혁신적인 저금리 증권사로 전환할 수 있도록 상환자금을 제공하는 것이 핵심이다.무빙스탁 관계자는 “현재 증권사 이벤트 금리는 연 3%대 수준으로, 기존 9~10%대 고금리를 적용받는 투자자라면 절감 효과가 상당하다”며, 금리를 5%만 낮추면 “1억원 신용대출 기준으로 연간 약 500만원, 3억원이라면 1,500만원까지도 절약할 수 있다”고 밝혔다.더 놀라운 점은, 현재는 이벤트 기간으로 대환자금대출 신청시 발생하는 이자 비용까지 ‘0원’이라는 사실이다. 대환자금에 대해서 하루의 대출이자도 부담하지 않고 기존 고금리 대출을 저금리로 전환할 수 있어, 고금리 부담에 시달리던 투자자들에게 큰 호응을 얻을 전망이다.이 서비스는 부동산 시장에서 흔히 이용되던 대환대출 개념을 증권시장에 도입한 혁신적인 시도로, 주식 투자자들의 자금 운용에 새로운 대안을 제시할 것으로 기대된다.무빙스탁 ‘증권사 신용, 대환자금대출’의 비용 무료 이벤트는 이벤트 기간 동안 한정적으로 제공되는 만큼, 신용융자를 이용 중인 투자자라면 지금 바로 확인해볼 필요가 있다.★ 장마감 시간이 가까워질수록 문의가 많아 상담이 지연될 수 있습니다.★ 7월 문의하신 고객들이 많이 보유하신 종목으로는 삼성전자, POSCO홀딩스, 셀트리온, 포스코퓨처엠, 에코프로비엠, NAVER, 에코프로, 삼성SDI, LG화학, SK하이닉스, 두산에너빌리티, 카카오, SK이노베이션, LG에너지솔루션, 엘앤에프, 삼천당제약, 현대차, 알테오젠, HPSP, LG전자 등이 있습니다.★ 안내사항과도한 빚은 당신에게 큰 불행을 안겨줄 수 있습니다. 대출 시 신용등급 하락으로 다른 금융거래가 제약받을 수 있습니다. 중개수수료를 요구하거나 받는 것은 불법입니다.상호명: ㈜단비대부 2021-서울영등포-2102(대부업) | TEL: 1544-4886 | 대출금리: 연 20%이내(연체금리는 약정금리+3%p이내, 최대 연 20%이내) | 단, 2021. 7. 7.부터 신규체결, 갱신, 연장되는 계약에 한함 | 채무의 조기상환 조건 및 부대비용 없음. (단, 신용조회비용 및 담보권설정비용 있음), 이자 외 별도로 중개수수료를 요구하거나 수취하는 것은 불법입니다. | 대표이사: 박동원 | 사업자등록번호: 274-86-00231 | 등록기관명칭: 서울 영등포구청(담당부서: 일자리경제과, 02-2670-3420) | 소재지 : 서울 영등포구 여의대방로67길 11, 5층 517호 | 개인정보관리자메일: help@danbifund.co.kr무료상담",https://www.hankyung.com/article/202507173380a,2025.07.17 10:28
"코스피, 새정부 정책 기대에 2800선 탈환…외인·기관 '사자'","외인·기관 1.2조 순매수
환율 1350원선…7개월 만
반도체·원전株 강세 마감","사진=한경DB

                코스피지수가 5일 외국인과 기관투자자의 동반 매수세에 힘입어 10개월여 만에 2800선 탈환에 성공했다. 새 정부의 내수·증시 부양 기대감이 반영되면서다. 다만 개인의 차익 실현 매물이 대거 출회되면서 상승분을 일부 반납했다.이날 코스피지수는 전날보다 41.21포인트(1.49%) 오른 2812.05로 거래를 마쳤다. 지수는 이날 0.7% 오름세로 출발 후 상승폭을 확대하며 오전 9시55분께 2800선을 돌파했다. 지수가 2800선을 넘어선 건 종가 기준으로 지난해 7월18일(2824.35) 이후 약 10개월여 만이다. 지수는 장중 한때 2.18%까지 뛰었지만 오후 들어 개인의 매도 규모가 확대되면서 상승분을 일부 반납했다.유가증권시장에서 외국인과 기관이 각각 9217억원과 2807억원어치를 사들이며 지수 상승을 이끌었다. 연기금도 이날 615억원어치를 담았다. 반면 개인만 1조1867억원어치를 팔아치웠다. 이날 새벽 미국 증시는 보합권에서 혼조로 마감했다. 지난 4일(현지시간) S&P500지수와 나스닥종합지수는 각각 0.01%와 0.32% 올랐지만 다우지수는 0.22% 내렸다. 아시아 증시에서도 이날 일본 닛케이225지수가 0.51% 약세로 마감했으며 상해종합지수는 0.18% 소폭 오르는 데 그쳤다. 박성철 유안타증권 연구원은 ""미국 증시가 보합세로 끝났고 닛케이의 경우 약세를 보였는데도 국내 증시가 어제에 이어 오늘까지 눈에 띄는 강세를 보인 건 대선 직후 정책 수혜 기대감이 반영된 결과""라며 ""다만 내일 휴장에 이어 주말 간 매크로(거시경제) 지표 발표를 앞두고 차익 실현 매물이 풀리면서 상승분을 일부 반납한 것으로 본다""고 분석했다.코스피 시총 상위 종목 중 기아(3.91%) 네이버(3.07%) 현대차(1.94%) 셀트리온(1.62%) LG에너지솔루션(0.87%) 등이 오른 반면 KB금융(-1.48%) 삼성바이오로직스(-1.45%) 신한지주(-1.17%) HD현대중공업(-0.7%) 등이 내렸다. 삼성전자(2.25%)와 SK하이닉스(3.22%)는 강세로 마감했다. 코스피 수급이 개선되는 과정에서 전기전자 대형주를 중심으로 외국인 매수세가 유입된 영향으로 분석된다. 카카오(6.49%)는 올 하반기 오픈AI와의 신규 플랫폼 출시 소식에 더해 정부의 인공지능(AI) 정책 수혜 기대가 맞물리면서 급등했다.한전기술(19.8%)을 비롯해 두산에너빌리티(7.62%)와 한전KPS(5.33%) 등 원전주도 급등했다. 한국수력원자력이 체코 전력공사 측과 원전 건설 사업 계약에 최종 서명하면서다.코스닥지수는 전날보다 6.02포인트(0.8%) 오른 756.23으로 거래를 마쳤다. 이날 지수는 0.18% 오름세로 출발한 후 장중 한때 1.46%까지 상승폭을 확대하기도 했다.코스닥시장에서도 외국인과 기관이 각각 379억원과 90억원어치를 사들인 반면 개인은 424억원어치를 팔아치웠다.코스닥 시총 상위 종목 중 리노공업(8.14%) 에코프로비엠(4.91%) 삼천당제약(4.75%) 에코프로(3.78%) HLB(1.75%) 레인보우로보틱스(0.52%) 등이 오른 반면 리가켐바이오(-3.76%) 알테오젠(-3.28%) 펩트론(-2.3%) 휴젤(-2.1%) 클래시스(-0.85%) 등은 내렸다.서울 외환시장에서 원·달러 환율은 전장 대비 11.1원 내린 1358.4원으로 주간 거래를 마쳤다. 지난해 10월 이후 약 7개월 만에 최저치다. 고정삼 한경닷컴 기자 jsk@hankyung.com",https://www.hankyung.com/article/2025060575316,2025.06.05 16:12
이자 폭탄 막자! 증권사 신용대출 3%대 전환으로 절약하는 법,,"전송종목 : 유라테크, SM C&C, 시너지이노베이션, 대원미디어, 인탑스최근 주식 투자자들 사이에서 주식대출(미수/신용융자 등)의 고금리에 대한 부담이 커지고 있다.특히 저금리를 적용 받고 싶어도, 기존 대출을 상환하고 다시 주식을 매수해야 하는 번거로운 절차와 자금 조달의 어려움이 발목을 잡고 있다.이런 현실적인 문제를 해결하고자, 무빙스탁이 ‘증권사 신용, 대환자금대출’ 서비스를 전격 출시했다.이 상품은 주식을 매도하지 않고도, 기존의 고금리의 주식대출(미수/신용융자 등)의 3%대의 혁신적인 저금리 증권사로 전환할 수 있도록 상환자금을 제공하는 것이 핵심이다.무빙스탁 관계자는 “현재 증권사 이벤트 금리는 연 3%대 수준으로, 기존 9~10%대 고금리를 적용받는 투자자라면 절감 효과가 상당하다”며, 금리를 5%만 낮추면 “1억원 신용대출 기준으로 연간 약 500만원, 3억원이라면 1,500만원까지도 절약할 수 있다”고 밝혔다.더 놀라운 점은, 현재는 이벤트 기간으로 대환자금대출 신청시 발생하는 이자 비용까지 ‘0원’이라는 사실이다. 대환자금에 대해서 하루의 대출이자도 부담하지 않고 기존 고금리 대출을 저금리로 전환할 수 있어, 고금리 부담에 시달리던 투자자들에게 큰 호응을 얻을 전망이다.이 서비스는 부동산 시장에서 흔히 이용되던 대환대출 개념을 증권시장에 도입한 혁신적인 시도로, 주식 투자자들의 자금 운용에 새로운 대안을 제시할 것으로 기대된다.무빙스탁 ‘증권사 신용, 대환자금대출’의 비용 무료 이벤트는 이벤트 기간 동안 한정적으로 제공되는 만큼, 신용융자를 이용 중인 투자자라면 지금 바로 확인해볼 필요가 있다.★ 장마감 시간이 가까워질수록 문의가 많아 상담이 지연될 수 있습니다.★ 7월 문의하신 고객들이 많이 보유하신 종목으로는 삼성전자, POSCO홀딩스, 셀트리온, 포스코퓨처엠, 에코프로비엠, NAVER, 에코프로, 삼성SDI, LG화학, SK하이닉스, 두산에너빌리티, 카카오, SK이노베이션, LG에너지솔루션, 엘앤에프, 삼천당제약, 현대차, 알테오젠, HPSP, LG전자 등이 있습니다.★ 안내사항과도한 빚은 당신에게 큰 불행을 안겨줄 수 있습니다. 대출 시 신용등급 하락으로 다른 금융거래가 제약받을 수 있습니다. 중개수수료를 요구하거나 받는 것은 불법입니다.상호명: ㈜단비대부 2021-서울영등포-2102(대부업) | TEL: 1544-4886 | 대출금리: 연 20%이내(연체금리는 약정금리+3%p이내, 최대 연 20%이내) | 단, 2021. 7. 7.부터 신규체결, 갱신, 연장되는 계약에 한함 | 채무의 조기상환 조건 및 부대비용 없음. (단, 신용조회비용 및 담보권설정비용 있음), 이자 외 별도로 중개수수료를 요구하거나 수취하는 것은 불법입니다. | 대표이사: 박동원 | 사업자등록번호: 274-86-00231 | 등록기관명칭: 서울 영등포구청(담당부서: 일자리경제과, 02-2670-3420) | 소재지 : 서울 영등포구 여의대방로67길 11, 5층 517호 | 개인정보관리자메일: help@danbifund.co.kr무료상담",https://www.hankyung.com/article/202507145609a,2025.07.14 10:28
"온코닉-셀트리온, 국산 신약·바이오시밀러 결합해 난소암 극복한다",네수파립·베그젤마 병용 요법 개발 계약,"온코닉테라퓨틱스, 셀트리온과 공동연구개발 협약 체결

제일약품의 자회사 온코닉테라퓨틱스와 셀트리온이 난소암 병용요법 개발을 위해 손을 잡았다. 온코닉테라퓨틱스의 '네수파립'과 셀트리온의 아바스틴 바이오시밀러 '베그젤마'를 활용해 난소암 병용 치료법을 개발할 계획이다.온코닉테라퓨틱스는 차세대 이중기전 합성치사 항암신약 후보물질 네수파립과 셀트리온의 베그젤마 병용 요법 공동연구 계약을 맺었다고 11일 밝혔다. 구체적인 계약 조건은 상호 비밀유지조항(NDA)에 따라 공개되지 않았다. 이들은 이를 활용해 난소암 재유지요법 분야 신약 개발에 나설 것으로 알려졌다.온코닉테라퓨틱스의 네수파립은 암세포의 DNA 손상복구에 관여하는 PARP와 암의 성장 및 진행에 영향을 미치는 턴키라제를 함께 저해하는 차세대 이중기전 합성치사 항암신약 후보물질이다.췌장암과 자궁내막암, 위암 등 여러 적응증 임상을 통해 항암 효과를 입증했다. 미국 식품의약국(FDA)은 이 약을 희귀의약품(Orphan drug)으로 지정했다. 말기 고형암 환자 대상 임상 1상 시험에선 5명의 고악성 난소암 환자의 객관적 반응률(ORR) 80%, 질병통제율(DCR) 100%로 조사됐다. ORR은 암이 사라지거나 줄어든 환자 비율을, DCR은 OR에 암이 더이상 자라지 않는 환자를 더한 비율을 의미한다.셀트리온의 베그젤마는 혈관내피세포성장인자(VEGF) 작용을 차단해 종양 혈관 생성과 성장을 억제하는 항체 바이오시밀러다. 오리지널 의약품은 로슈의 아바스틴이다. 유럽에선 베그젤마가 아바스틴과 바이오시밀러 항암제 시장에서 처방 1위를 차지하고 있다. 온코닉테라퓨틱스 관계자는 ""셀트리온과의 파트너십 체결은 국산 블록버스터 항암신약 창출의 모범 사례로 이어질 수 있을 것""이라며 ""베그젤마와 네수파립 공동 연구로 난소암 재유지요법이라는 미충족 영역에서 새 치료 옵션을 제시할 수 있을 것""이라고 했다.셀트리온 관계자는 ""바이오제약 산업 앵커 기업인 셀트리온이 온코닉테라퓨틱스와 신약 분야에서 공동 연구개발을 진행해 바이오생태계 구축에 이바지할 수 있게 됐다""고 했다. 이지현 기자 bluesky@hankyung.com",https://www.hankyung.com/article/202506117903i,2025.06.11 14:00
"K바이오시밀러, 캐나다·미국·유럽 품목허가 간소화에 반사이익",,,https://www.hankyung.com/article/202506245709i,2025.06.24 12:54
신용미수 반대매매 간편하게 당일 해결! 업계 최저 연 4%대 금리로 갈아타기!,,"투자자들 사이에서 ‘스탁론’에 대한 관심이 높아지고 있다. 스탁론은 자기자본 포함 최대 4배까지 활용 가능하며 증권사 신용/미수 대환 용도로도 활용 가능해 대표적인 레버리지 수단으로 자리잡은 상태다.그러나 DSR 한도가 스탁론에도 적용된 후 다른 대출, 소득 증빙 문제로 예전처럼 이용하기 어려워졌다. 이와 함께 높아진 금리도 스탁론 이용을 망설이게 만든 원인으로 꼽힌다.그러나 해결책은 있다. 21년 연속 스탁론 업계 1위를 지키고 있는 하이스탁론이 DSR 무관하게 이용할 수 있는 상품은 물론 연 4%대 최저금리로 이용 가능한 상품까지 취급하며 선택의 폭을 넓힌 것이다.




 

◆ 하이스탁론, 연 4%대 업계 최저금리로 추가 투자금은 물론 신용미수 대환까지!<하이스탁론>에서 누구나 부담 없이 스탁론을 경험할 수 있도록 연 4%대 최저금리 상품을 출시했다. 주식매입 용도는 물론 증권사 미수/신용 대환도 가능하며 신용등급 차등 없이 자기자본 포함 최대 4배까지 활용할 수 있다.이와 함께 DSR 한도 때문에 기존 스탁론 이용이 어려웠던 투자자들은 위한 DSR 무관 상품도 취급 중이다. 이 상품도 투자자들의 깊은 관심을 받으며 업계 최초로 5,000억원을 돌파했다.<하이스탁론>의 새로운 상품에 대해 자세히 알고 싶은 투자자는 고객상담센터(1599-0313)로 연락하면 대출 여부와 상관없이 24시간 언제든 전문상담원과 편리한 상담이 가능하다.○ 연 4%대 업계 최저금리 상품 출시○ DSR 무관 상품 취급 중 (업계 최초 5,000억 돌파)○ 21년 연속 시장 점유율 1위, 16년 연속 대한민국퍼스트브랜드 대상○ 증권사 신용/미수 실시간 상환, 한종목 100% 집중 투자○ 믿을 수 있는 상담품질보증제※하이스탁론상담센터 : 1599-0313바로가기:https://www.hisl.co.kr/0313◆ 현 시각 관심종목 Top 10 : 셀트리온, 알테오젠, 한미반도체, 현대차, 카카오, 세진중공업, 피아이이, 램테크놀러지, 그린생명과학, 온코크로스무료상담",https://www.hankyung.com/article/202506020522a,2025.06.04 13:05
합리적 투자 필수! 증권사 신용대출 3%대 전환으로 이자 절감,,"전송종목 : 신세계, 고려아연, 알테오젠, HD현대미포, 두산최근 주식 투자자들 사이에서 주식대출(미수/신용융자 등)의 고금리에 대한 부담이 커지고 있다.특히 저금리를 적용 받고 싶어도, 기존 대출을 상환하고 다시 주식을 매수해야 하는 번거로운 절차와 자금 조달의 어려움이 발목을 잡고 있다.이런 현실적인 문제를 해결하고자, 무빙스탁이 ‘증권사 신용, 대환자금대출’ 서비스를 전격 출시했다.이 상품은 주식을 매도하지 않고도, 기존의 고금리의 주식대출(미수/신용융자 등)의 3%대의 혁신적인 저금리 증권사로 전환할 수 있도록 상환자금을 제공하는 것이 핵심이다.무빙스탁 관계자는 “현재 증권사 이벤트 금리는 연 3%대 수준으로, 기존 9~10%대 고금리를 적용받는 투자자라면 절감 효과가 상당하다”며, 금리를 5%만 낮추면 “1억원 신용대출 기준으로 연간 약 500만원, 3억원이라면 1,500만원까지도 절약할 수 있다”고 밝혔다.더 놀라운 점은, 현재는 이벤트 기간으로 대환자금대출 신청시 발생하는 이자 비용까지 ‘0원’이라는 사실이다. 대환자금에 대해서 하루의 대출이자도 부담하지 않고 기존 고금리 대출을 저금리로 전환할 수 있어, 고금리 부담에 시달리던 투자자들에게 큰 호응을 얻을 전망이다.이 서비스는 부동산 시장에서 흔히 이용되던 대환대출 개념을 증권시장에 도입한 혁신적인 시도로, 주식 투자자들의 자금 운용에 새로운 대안을 제시할 것으로 기대된다.무빙스탁 ‘증권사 신용, 대환자금대출’의 비용 무료 이벤트는 이벤트 기간 동안 한정적으로 제공되는 만큼, 신용융자를 이용 중인 투자자라면 지금 바로 확인해볼 필요가 있다.★ 장마감 시간이 가까워질수록 문의가 많아 상담이 지연될 수 있습니다.★ 6월 문의하신 고객들이 많이 보유하신 종목으로는 삼성전자, POSCO홀딩스, 셀트리온, 포스코퓨처엠, 에코프로비엠, NAVER, 에코프로, 삼성SDI, LG화학, SK하이닉스, 두산에너빌리티, 카카오, SK이노베이션, LG에너지솔루션, 엘앤에프, 삼천당제약, 현대차, 알테오젠, HPSP, LG전자 등이 있습니다.★ 안내사항과도한 빚은 당신에게 큰 불행을 안겨줄 수 있습니다. 대출 시 신용등급 하락으로 다른 금융거래가 제약받을 수 있습니다. 중개수수료를 요구하거나 받는 것은 불법입니다.상호명: ㈜단비대부 2021-서울영등포-2102(대부업) | TEL: 1544-4886 | 대출금리: 연 20%이내(연체금리는 약정금리+3%p이내, 최대 연 20%이내) | 단, 2021. 7. 7.부터 신규체결, 갱신, 연장되는 계약에 한함 | 채무의 조기상환 조건 및 부대비용 없음. (단, 신용조회비용 및 담보권설정비용 있음), 이자 외 별도로 중개수수료를 요구하거나 수취하는 것은 불법입니다. | 대표이사: 박동원 | 사업자등록번호: 274-86-00231 | 등록기관명칭: 서울 영등포구청(담당부서: 일자리경제과, 02-2670-3420) | 소재지 : 서울 영등포구 여의대방로67길 11, 5층 517호 | 개인정보관리자메일: help@danbifund.co.kr무료상담",https://www.hankyung.com/article/202506194855a,2025.06.19 09:58
"증권사 신용대출, 3%대 금리로 바꾸는 가장 쉬운 방법",,"전송종목 : 롯데이노베이트, 디케이티, 엘앤씨바이오, 씨에스베어링, 슈어소프트테크최근 주식 투자자들 사이에서 주식대출(미수/신용융자 등)의 고금리에 대한 부담이 커지고 있다.특히 저금리를 적용 받고 싶어도, 기존 대출을 상환하고 다시 주식을 매수해야 하는 번거로운 절차와 자금 조달의 어려움이 발목을 잡고 있다.이런 현실적인 문제를 해결하고자, 무빙스탁이 ‘증권사 신용, 대환자금대출’ 서비스를 전격 출시했다.이 상품은 주식을 매도하지 않고도, 기존의 고금리의 주식대출(미수/신용융자 등)의 3%대의 혁신적인 저금리 증권사로 전환할 수 있도록 상환자금을 제공하는 것이 핵심이다.무빙스탁 관계자는 “현재 증권사 이벤트 금리는 연 3%대 수준으로, 기존 9~10%대 고금리를 적용받는 투자자라면 절감 효과가 상당하다”며, 금리를 5%만 낮추면 “1억원 신용대출 기준으로 연간 약 500만원, 3억원이라면 1,500만원까지도 절약할 수 있다”고 밝혔다.더 놀라운 점은, 현재는 이벤트 기간으로 대환자금대출 신청시 발생하는 이자 비용까지 ‘0원’이라는 사실이다. 대환자금에 대해서 하루의 대출이자도 부담하지 않고 기존 고금리 대출을 저금리로 전환할 수 있어, 고금리 부담에 시달리던 투자자들에게 큰 호응을 얻을 전망이다.이 서비스는 부동산 시장에서 흔히 이용되던 대환대출 개념을 증권시장에 도입한 혁신적인 시도로, 주식 투자자들의 자금 운용에 새로운 대안을 제시할 것으로 기대된다.무빙스탁 ‘증권사 신용, 대환자금대출’의 비용 무료 이벤트는 이벤트 기간 동안 한정적으로 제공되는 만큼, 신용융자를 이용 중인 투자자라면 지금 바로 확인해볼 필요가 있다.★ 장마감 시간이 가까워질수록 문의가 많아 상담이 지연될 수 있습니다.★ 7월 문의하신 고객들이 많이 보유하신 종목으로는 삼성전자, POSCO홀딩스, 셀트리온, 포스코퓨처엠, 에코프로비엠, NAVER, 에코프로, 삼성SDI, LG화학, SK하이닉스, 두산에너빌리티, 카카오, SK이노베이션, LG에너지솔루션, 엘앤에프, 삼천당제약, 현대차, 알테오젠, HPSP, LG전자 등이 있습니다.★ 안내사항과도한 빚은 당신에게 큰 불행을 안겨줄 수 있습니다. 대출 시 신용등급 하락으로 다른 금융거래가 제약받을 수 있습니다. 중개수수료를 요구하거나 받는 것은 불법입니다.상호명: ㈜단비대부 2021-서울영등포-2102(대부업) | TEL: 1544-4886 | 대출금리: 연 20%이내(연체금리는 약정금리+3%p이내, 최대 연 20%이내) | 단, 2021. 7. 7.부터 신규체결, 갱신, 연장되는 계약에 한함 | 채무의 조기상환 조건 및 부대비용 없음. (단, 신용조회비용 및 담보권설정비용 있음), 이자 외 별도로 중개수수료를 요구하거나 수취하는 것은 불법입니다. | 대표이사: 박동원 | 사업자등록번호: 274-86-00231 | 등록기관명칭: 서울 영등포구청(담당부서: 일자리경제과, 02-2670-3420) | 소재지 : 서울 영등포구 여의대방로67길 11, 5층 517호 | 개인정보관리자메일: help@danbifund.co.kr무료상담",https://www.hankyung.com/article/202507047515a,2025.07.04 09:33
"대웅제약, ‘스토보클로’로 골다공증 치료 패러다임 전환… ‘약가·제품력’ 모두 잡았다","약가·투여편의성 개선으로 환자 치료 접근성 높여… 한 달에 커피 한 잔 값으로 골절 치료

셀트리온제약과의 공동 판매 시너지 바탕으로 메가 블록버스터 성장 기대

전국 8개 도시서 심포지엄 성료… 의료진 720명 참가로 높은 관심 입증","대웅제약(대표 이창재·박성수)은 골다공증 치료 바이오시밀러 ‘스토보클로(STOBOCLO)’의 성공적인 론칭을 기념해 전국 8개 도시에서 개최한 ‘퍼펙트(PERFECT) 심포지엄’을 성료하고, 본격적인 시장 확대에 나섰다고 3일 밝혔다.‘퍼펙트(PERFECT) 심포지엄’은 서울을 시작으로 수원, 대구, 경주, 부산, 전북, 광주, 제주에서 총 11회에 걸쳐 개최됐으며, 720여 명의 의료진이 참석해 높은 관심을 입증했다. 심포지엄의 슬로건 퍼펙트(PERFECT)는 스토보클로의 핵심 가치인 ▲Providing ▲Economical ▲Reliable ▲First-in-class ▲Effective ▲Cure for ▲Treating Osteoporosis의 약자로, 경제적이면서도 효과적인 치료 옵션을 많은 환자에게 제공하고, 국내 최초의 데노수맙 바이오시밀러로서 높은 신뢰도를 바탕으로 지속 가능한 치료 솔루션을 제공하겠다는 스토보클로의 비전을 담고 있다.스토보클로는 국내 최초로 발매된 데노수맙 바이오시밀러로 글로벌 3상 연구를 통해 오리지널 제품과 동등한 유효성과 안전성을 입증했으며, 현재 미국과 호주, 유럽 등 주요 시장에서 허가를 획득하고 론칭을 준비하고 있다. 스토보클로는 의료진과 환자 모두의 입장을 고려한 디바이스 설계를 적용해, 넓어진 손가락 받침대와 주사 후 자동으로 주사침이 몸통 안에 숨겨지는 구조로 투여 편의성과 안전성을 높였으며 라텍스 프리(Latex-free) 재질을 사용해 알레르기 우려도 해소했다. 생산 전 과정을 국내에서 진행해 공급 안전성 또한 확보했다.현재는 자진 약가 인하로 인해 오리지널 제품 대비 약 13% 저렴한 연 20만 원 수준으로, 보험 급여 적용 시 환자 부담금은 월 5,400원에 불과하다. 한 달에 커피 한 잔 가격으로 골절 위험을 예방하고, 치료를 꾸준히 이어갈 수 있는 수준의 접근성을 확보한 것이다.이러한 치료 접근성 강화는 고령화가 가속되는 가운데, 낮은 진단율과 치료율이라는 국내 현실을 고려할 때 더욱 중요하다. 50세 이상 여성의 26%가 골다공증, 58%가 골감소증을 앓고 있으며, 70세 이상에서는 여성 3명 중 2명이 골다공증 환자다. 그럼에도 불구하고 골절 경험자 중 약물 치료를 받는 비율은 여성 46.9%, 남성 18.7%에 그친다. 골다공증은 자각 증상이 없어 늦게 발견되는 경우가 많은 만큼, 50세 이상이라면 골밀도 검사를 주기적으로 받는 것이 적극 권장된다.심포지엄의 좌장을 맡은 백기현 교수(가톨릭의대 내분비내과)는 “바이오시밀러에 대한 개발과 성과가 세계 각국에서 이루어지고 있는 가운데, 국내 제약산업을 선도하는 대웅제약에서 전 세계 최초로 데노수맙 바이오시밀러 제품인 스토보클로를 출시한 것은 의미가 깊다고 생각한다. 특히 국내 생산 제품인 만큼, 믿을 수 있는 원료와 기술로, 공급 이슈도 없이 골다공증 환자들에게 안정적인 치료 옵션으로 자리매김할 것으로 기대된다”는 메시지를 전했다.발표 연자인 홍승재 교수(경희의대 류마티스내과)는 “류마티스내과에서 널리 사용되고 있는 바이오시밀러가 골다공증 치료에도 도입되어 기쁘게 생각한다. 효과적이고 안전한 약물을 보다 경제적인 약가로 환자들에게 처방할 수 있게 되어, 많은 의료진과 환자들에게 있어 우선적인 치료 옵션으로 자리잡을 것으로 기대된다”고 밝혔다.이어 연자로 나선 김경민 교수(연세의대 내분비내과)는 “스토보클로는 글로벌 3상 연구를 통해 오리지널 제품과의 생물학적 동등성을 입증받았으며, 경제적인 약가를 통해 환자의 치료 접근성을 높여 골다공증 치료의 연속성을 확보하는 데 도움이 되는 제품”이라고 전했다.실제로 스토보클로는 발매 3개월 만에 회사 집계 기준으로 50억 원의 매출을 달성하며 시장의 판도를 바꾸는 ‘게임 체인저’로 자리매김하고 있다. 대웅제약은 셀트리온제약과의 시너지 효과를 바탕으로 연 매출 1천억 원 이상의 메가 블록버스터로의 성장을 예고하고 있다.유영호 셀트리온제약 대표는 “스토보클로는 국내외 임상과 허가를 모두 충족한 제품으로, 셀트리온제약의 전국 유통망과 병의원 영업력을 더해 빠르게 시장에 안착하고 있다”며 “대웅제약과의 전략적 협업을 통해 골절 치료 시장에 새로운 기준을 제시해 나가겠다”고 말했다.이창재 대웅제약 대표는 “골절은 삶의 질 저하와 사망 위험으로까지 이어질 수 있지만, 커피 한 잔 값이면 이를 예방할 수 있다”며 “이번 스토보클로 론칭을 계기로 환자와 의료진 모두에게 골다공증 치료의 접근성을 높이는 다양한 활동을 이어가겠다”고 밝혔다.",https://www.hankyung.com/article/202507035182P,2025.07.03 08:34
고금리 OUT! 증권사 신용대출 3%대로 전환하는 방법,,"전송종목 : 한화, DB하이텍, CJ, LX인터내셔널, 세아베스틸지주최근 주식 투자자들 사이에서 주식대출(미수/신용융자 등)의 고금리에 대한 부담이 커지고 있다.특히 저금리를 적용 받고 싶어도, 기존 대출을 상환하고 다시 주식을 매수해야 하는 번거로운 절차와 자금 조달의 어려움이 발목을 잡고 있다.이런 현실적인 문제를 해결하고자, 무빙스탁이 ‘증권사 신용, 대환자금대출’ 서비스를 전격 출시했다.이 상품은 주식을 매도하지 않고도, 기존의 고금리의 주식대출(미수/신용융자 등)의 3%대의 혁신적인 저금리 증권사로 전환할 수 있도록 상환자금을 제공하는 것이 핵심이다.무빙스탁 관계자는 “현재 증권사 이벤트 금리는 연 3%대 수준으로, 기존 9~10%대 고금리를 적용받는 투자자라면 절감 효과가 상당하다”며, 금리를 5%만 낮추면 “1억원 신용대출 기준으로 연간 약 500만원, 3억원이라면 1,500만원까지도 절약할 수 있다”고 밝혔다.더 놀라운 점은, 현재는 이벤트 기간으로 대환자금대출 신청시 발생하는 이자 비용까지 ‘0원’이라는 사실이다. 대환자금에 대해서 하루의 대출이자도 부담하지 않고 기존 고금리 대출을 저금리로 전환할 수 있어, 고금리 부담에 시달리던 투자자들에게 큰 호응을 얻을 전망이다.이 서비스는 부동산 시장에서 흔히 이용되던 대환대출 개념을 증권시장에 도입한 혁신적인 시도로, 주식 투자자들의 자금 운용에 새로운 대안을 제시할 것으로 기대된다.무빙스탁 ‘증권사 신용, 대환자금대출’의 비용 무료 이벤트는 이벤트 기간 동안 한정적으로 제공되는 만큼, 신용융자를 이용 중인 투자자라면 지금 바로 확인해볼 필요가 있다.★ 장마감 시간이 가까워질수록 문의가 많아 상담이 지연될 수 있습니다.★ 7월 문의하신 고객들이 많이 보유하신 종목으로는 삼성전자, POSCO홀딩스, 셀트리온, 포스코퓨처엠, 에코프로비엠, NAVER, 에코프로, 삼성SDI, LG화학, SK하이닉스, 두산에너빌리티, 카카오, SK이노베이션, LG에너지솔루션, 엘앤에프, 삼천당제약, 현대차, 알테오젠, HPSP, LG전자 등이 있습니다.★ 안내사항과도한 빚은 당신에게 큰 불행을 안겨줄 수 있습니다. 대출 시 신용등급 하락으로 다른 금융거래가 제약받을 수 있습니다. 중개수수료를 요구하거나 받는 것은 불법입니다.상호명: ㈜단비대부 2021-서울영등포-2102(대부업) | TEL: 1544-4886 | 대출금리: 연 20%이내(연체금리는 약정금리+3%p이내, 최대 연 20%이내) | 단, 2021. 7. 7.부터 신규체결, 갱신, 연장되는 계약에 한함 | 채무의 조기상환 조건 및 부대비용 없음. (단, 신용조회비용 및 담보권설정비용 있음), 이자 외 별도로 중개수수료를 요구하거나 수취하는 것은 불법입니다. | 대표이사: 박동원 | 사업자등록번호: 274-86-00231 | 등록기관명칭: 서울 영등포구청(담당부서: 일자리경제과, 02-2670-3420) | 소재지 : 서울 영등포구 여의대방로67길 11, 5층 517호 | 개인정보관리자메일: help@danbifund.co.kr무료상담",https://www.hankyung.com/article/202507185996a,2025.07.18 08:53
합리적 투자 필수! 증권사 신용대출 3%대 전환으로 이자 절감,,"전송종목 : 한국카본, 삼성에스디에스, 브이티, SK가스, 한온시스템최근 주식 투자자들 사이에서 주식대출(미수/신용융자 등)의 고금리에 대한 부담이 커지고 있다.특히 저금리를 적용 받고 싶어도, 기존 대출을 상환하고 다시 주식을 매수해야 하는 번거로운 절차와 자금 조달의 어려움이 발목을 잡고 있다.이런 현실적인 문제를 해결하고자, 무빙스탁이 ‘증권사 신용, 대환자금대출’ 서비스를 전격 출시했다.이 상품은 주식을 매도하지 않고도, 기존의 고금리의 주식대출(미수/신용융자 등)의 3%대의 혁신적인 저금리 증권사로 전환할 수 있도록 상환자금을 제공하는 것이 핵심이다.무빙스탁 관계자는 “현재 증권사 이벤트 금리는 연 3%대 수준으로, 기존 9~10%대 고금리를 적용받는 투자자라면 절감 효과가 상당하다”며, 금리를 5%만 낮추면 “1억원 신용대출 기준으로 연간 약 500만원, 3억원이라면 1,500만원까지도 절약할 수 있다”고 밝혔다.더 놀라운 점은, 현재는 이벤트 기간으로 대환자금대출 신청시 발생하는 이자 비용까지 ‘0원’이라는 사실이다. 대환자금에 대해서 하루의 대출이자도 부담하지 않고 기존 고금리 대출을 저금리로 전환할 수 있어, 고금리 부담에 시달리던 투자자들에게 큰 호응을 얻을 전망이다.이 서비스는 부동산 시장에서 흔히 이용되던 대환대출 개념을 증권시장에 도입한 혁신적인 시도로, 주식 투자자들의 자금 운용에 새로운 대안을 제시할 것으로 기대된다.무빙스탁 ‘증권사 신용, 대환자금대출’의 비용 무료 이벤트는 이벤트 기간 동안 한정적으로 제공되는 만큼, 신용융자를 이용 중인 투자자라면 지금 바로 확인해볼 필요가 있다.★ 장마감 시간이 가까워질수록 문의가 많아 상담이 지연될 수 있습니다.★ 7월 문의하신 고객들이 많이 보유하신 종목으로는 삼성전자, POSCO홀딩스, 셀트리온, 포스코퓨처엠, 에코프로비엠, NAVER, 에코프로, 삼성SDI, LG화학, SK하이닉스, 두산에너빌리티, 카카오, SK이노베이션, LG에너지솔루션, 엘앤에프, 삼천당제약, 현대차, 알테오젠, HPSP, LG전자 등이 있습니다.★ 안내사항과도한 빚은 당신에게 큰 불행을 안겨줄 수 있습니다. 대출 시 신용등급 하락으로 다른 금융거래가 제약받을 수 있습니다. 중개수수료를 요구하거나 받는 것은 불법입니다.상호명: ㈜단비대부 2021-서울영등포-2102(대부업) | TEL: 1544-4886 | 대출금리: 연 20%이내(연체금리는 약정금리+3%p이내, 최대 연 20%이내) | 단, 2021. 7. 7.부터 신규체결, 갱신, 연장되는 계약에 한함 | 채무의 조기상환 조건 및 부대비용 없음. (단, 신용조회비용 및 담보권설정비용 있음), 이자 외 별도로 중개수수료를 요구하거나 수취하는 것은 불법입니다. | 대표이사: 박동원 | 사업자등록번호: 274-86-00231 | 등록기관명칭: 서울 영등포구청(담당부서: 일자리경제과, 02-2670-3420) | 소재지 : 서울 영등포구 여의대방로67길 11, 5층 517호 | 개인정보관리자메일: help@danbifund.co.kr무료상담",https://www.hankyung.com/article/202507083727a,2025.07.08 08:43
"다날, 스테이블코인 제도화 기대·글로벌 결제 확장에 주가 급등세 지속",,"다날 주가가 최근 큰 폭의 상승 흐름을 보이며 투자자들의 이목을 끌고 있다. 이는 스테이블코인 관련 정책 기대와 글로벌 결제 인프라 확장 호재가 맞물린 결과로 해석된다.우선, 정부의 스테이블코인 제도화 추진은 다날의 핵심 사업과 직결된다. 다날은 ‘KRWD’, ‘KRWS’ 등 원화 기반 스테이블코인 상표권을 보유 중이며, 자회사 페이프로토콜을 통해 실물결제 시스템을 운영하며 상용화에 속도를 내고 있다. 해외에서도 마스터카드 연계 ‘PayCoin’ 결제 시스템을 확대하고 있어, 지불결제 생태계 확대에 따른 사업 확장 기대가 반영되고 있다.또한, 동남아·중국·유럽 등 신흥국 시장에서의 결제 네트워크 확장은 글로벌 매출 확대의 발판으로 작용 중이다. 알케미페이 및 리플과의 전략적 협력을 통해 베트남·필리핀은 물론 유럽에서의 인프라 구축이 진행되고 있으며, 이 과정이 주가 상승 모멘텀으로 작용하고 있다.실적 측면에서도 긍정 신호가 뚜렷하다. 2024년 다날은 영업이익 흑자 전환에 성공했으며, 1분기에도 소폭 매출 감소에도 불구하고 영업흑자를 달성해 체질 개선 흐름이 이어지고 있다. 이 같은 실적 개선은 시장 신뢰 회복과 밸류에이션 재평가로 이어지며, 주가 강세를 뒷받침 중이다.다만 PER 70배 수준으로 동일업종 대비 고평가 영역 진입했으며, 단기 조정 가능성도 존재하므로 투자자들의 전략적 대응이 필요한 시점이다.종합하면, 다날은 스테이블코인 정책 수혜, 글로벌 결제 인프라 확장, 실적 턴어라운드라는 3대 호재가 결합된 국면에 있으며, 주가 급등세는 해당 모멘텀이 반영된 결과로 분석된다. 다만 고평가 부담과 정책·규제 변수는 단기 리스크 요인으로 남아 있어, 향후 실적과 공시, 글로벌 진출 동력 등을 면밀히 모니터링할 필요가 있다.현대차, 셀트리온, 포스코퓨처엠, 하이브, 씨엑스아이무료상담",https://www.hankyung.com/article/202507071862a,2025.07.07 11:43
고금리 OUT! 증권사 신용대출 3%대로 전환하는 방법,,"전송종목 : 나노신소재, KX, 와이솔, 엠에스오토텍, 코리아에프티




 

최근 주식 투자자들 사이에서 주식대출(미수/신용융자 등)의 고금리에 대한 부담이 커지고 있다.특히 저금리를 적용 받고 싶어도, 기존 대출을 상환하고 다시 주식을 매수해야 하는 번거로운 절차와 자금 조달의 어려움이 발목을 잡고 있다.이런 현실적인 문제를 해결하고자, 무빙스탁이 ‘증권사 신용, 대환자금대출’ 서비스를 전격 출시했다.이 상품은 주식을 매도하지 않고도, 기존의 고금리의 주식대출(미수/신용융자 등)의 3%대의 혁신적인 저금리 증권사로 전환할 수 있도록 상환자금을 제공하는 것이 핵심이다.무빙스탁 관계자는 “현재 증권사 이벤트 금리는 연 3%대 수준으로, 기존 9~10%대 고금리를 적용받는 투자자라면 절감 효과가 상당하다”며, 금리를 5%만 낮추면 “1억원 신용대출 기준으로 연간 약 500만원, 3억원이라면 1,500만원까지도 절약할 수 있다”고 밝혔다.더 놀라운 점은, 현재는 이벤트 기간으로 대환자금대출 신청시 발생하는 이자 비용까지 ‘0원’이라는 사실이다. 대환자금에 대해서 하루의 대출이자도 부담하지 않고 기존 고금리 대출을 저금리로 전환할 수 있어, 고금리 부담에 시달리던 투자자들에게 큰 호응을 얻을 전망이다.이 서비스는 부동산 시장에서 흔히 이용되던 대환대출 개념을 증권시장에 도입한 혁신적인 시도로, 주식 투자자들의 자금 운용에 새로운 대안을 제시할 것으로 기대된다.무빙스탁 ‘증권사 신용, 대환자금대출’의 비용 무료 이벤트는 이벤트 기간 동안 한정적으로 제공되는 만큼, 신용융자를 이용 중인 투자자라면 지금 바로 확인해볼 필요가 있다.★ 장마감 시간이 가까워질수록 문의가 많아 상담이 지연될 수 있습니다.★ 7월 문의하신 고객들이 많이 보유하신 종목으로는 삼성전자, POSCO홀딩스, 셀트리온, 포스코퓨처엠, 에코프로비엠, NAVER, 에코프로, 삼성SDI, LG화학, SK하이닉스, 두산에너빌리티, 카카오, SK이노베이션, LG에너지솔루션, 엘앤에프, 삼천당제약, 현대차, 알테오젠, HPSP, LG전자 등이 있습니다.★ 안내사항과도한 빚은 당신에게 큰 불행을 안겨줄 수 있습니다. 대출 시 신용등급 하락으로 다른 금융거래가 제약받을 수 있습니다. 중개수수료를 요구하거나 받는 것은 불법입니다.상호명: ㈜단비대부 2021-서울영등포-2102(대부업) | TEL: 1544-4886 | 대출금리: 연 20%이내(연체금리는 약정금리+3%p이내, 최대 연 20%이내) | 단, 2021. 7. 7.부터 신규체결, 갱신, 연장되는 계약에 한함 | 채무의 조기상환 조건 및 부대비용 없음. (단, 신용조회비용 및 담보권설정비용 있음), 이자 외 별도로 중개수수료를 요구하거나 수취하는 것은 불법입니다. | 대표이사: 박동원 | 사업자등록번호: 274-86-00231 | 등록기관명칭: 서울 영등포구청(담당부서: 일자리경제과, 02-2670-3420) | 소재지 : 서울 영등포구 여의대방로67길 11, 5층 517호 | 개인정보관리자메일: help@danbifund.co.kr무료상담",https://www.hankyung.com/article/202507173377a,2025.07.17 09:43
고금리 이자 폭탄 피하는 법! 증권사 대출 3%대로 줄이기,,"전송종목 : AJ네트웍스, 네오위즈, 웅진씽크빅, 엠씨넥스, 한텍




 

최근 주식 투자자들 사이에서 주식대출(미수/신용융자 등)의 고금리에 대한 부담이 커지고 있다.특히 저금리를 적용 받고 싶어도, 기존 대출을 상환하고 다시 주식을 매수해야 하는 번거로운 절차와 자금 조달의 어려움이 발목을 잡고 있다.이런 현실적인 문제를 해결하고자, 무빙스탁이 ‘증권사 신용, 대환자금대출’ 서비스를 전격 출시했다.이 상품은 주식을 매도하지 않고도, 기존의 고금리의 주식대출(미수/신용융자 등)의 3%대의 혁신적인 저금리 증권사로 전환할 수 있도록 상환자금을 제공하는 것이 핵심이다.무빙스탁 관계자는 “현재 증권사 이벤트 금리는 연 3%대 수준으로, 기존 9~10%대 고금리를 적용받는 투자자라면 절감 효과가 상당하다”며, 금리를 5%만 낮추면 “1억원 신용대출 기준으로 연간 약 500만원, 3억원이라면 1,500만원까지도 절약할 수 있다”고 밝혔다.더 놀라운 점은, 현재는 이벤트 기간으로 대환자금대출 신청시 발생하는 이자 비용까지 ‘0원’이라는 사실이다. 대환자금에 대해서 하루의 대출이자도 부담하지 않고 기존 고금리 대출을 저금리로 전환할 수 있어, 고금리 부담에 시달리던 투자자들에게 큰 호응을 얻을 전망이다.이 서비스는 부동산 시장에서 흔히 이용되던 대환대출 개념을 증권시장에 도입한 혁신적인 시도로, 주식 투자자들의 자금 운용에 새로운 대안을 제시할 것으로 기대된다.무빙스탁 ‘증권사 신용, 대환자금대출’의 비용 무료 이벤트는 이벤트 기간 동안 한정적으로 제공되는 만큼, 신용융자를 이용 중인 투자자라면 지금 바로 확인해볼 필요가 있다.★ 장마감 시간이 가까워질수록 문의가 많아 상담이 지연될 수 있습니다.★ 7월 문의하신 고객들이 많이 보유하신 종목으로는 삼성전자, POSCO홀딩스, 셀트리온, 포스코퓨처엠, 에코프로비엠, NAVER, 에코프로, 삼성SDI, LG화학, SK하이닉스, 두산에너빌리티, 카카오, SK이노베이션, LG에너지솔루션, 엘앤에프, 삼천당제약, 현대차, 알테오젠, HPSP, LG전자 등이 있습니다.★ 안내사항과도한 빚은 당신에게 큰 불행을 안겨줄 수 있습니다. 대출 시 신용등급 하락으로 다른 금융거래가 제약받을 수 있습니다. 중개수수료를 요구하거나 받는 것은 불법입니다.상호명: ㈜단비대부 2021-서울영등포-2102(대부업) | TEL: 1544-4886 | 대출금리: 연 20%이내(연체금리는 약정금리+3%p이내, 최대 연 20%이내) | 단, 2021. 7. 7.부터 신규체결, 갱신, 연장되는 계약에 한함 | 채무의 조기상환 조건 및 부대비용 없음. (단, 신용조회비용 및 담보권설정비용 있음), 이자 외 별도로 중개수수료를 요구하거나 수취하는 것은 불법입니다. | 대표이사: 박동원 | 사업자등록번호: 274-86-00231 | 등록기관명칭: 서울 영등포구청(담당부서: 일자리경제과, 02-2670-3420) | 소재지 : 서울 영등포구 여의대방로67길 11, 5층 517호 | 개인정보관리자메일: help@danbifund.co.kr무료상담",https://www.hankyung.com/article/202507160711a,2025.07.16 11:38
,,,https://magazine.hankyung.com/business/article/202505292287b,
합리적 투자 필수! 증권사 신용대출 3%대 전환으로 이자 절감,,"전송종목 : 알테오젠, 두산, 한화시스템, 한국항공우주, 에코프로비엠최근 주식 투자자들 사이에서 주식대출(미수/신용융자 등)의 고금리에 대한 부담이 커지고 있다.특히 저금리를 적용 받고 싶어도, 기존 대출을 상환하고 다시 주식을 매수해야 하는 번거로운 절차와 자금 조달의 어려움이 발목을 잡고 있다.이런 현실적인 문제를 해결하고자, 무빙스탁이 ‘증권사 신용, 대환자금대출’ 서비스를 전격 출시했다.이 상품은 주식을 매도하지 않고도, 기존의 고금리의 주식대출(미수/신용융자 등)의 3%대의 혁신적인 저금리 증권사로 전환할 수 있도록 상환자금을 제공하는 것이 핵심이다.무빙스탁 관계자는 “현재 증권사 이벤트 금리는 연 3%대 수준으로, 기존 9~10%대 고금리를 적용받는 투자자라면 절감 효과가 상당하다”며, 금리를 5%만 낮추면 “1억원 신용대출 기준으로 연간 약 500만원, 3억원이라면 1,500만원까지도 절약할 수 있다”고 밝혔다.더 놀라운 점은, 현재는 이벤트 기간으로 대환자금대출 신청시 발생하는 이자 비용까지 ‘0원’이라는 사실이다. 대환자금에 대해서 하루의 대출이자도 부담하지 않고 기존 고금리 대출을 저금리로 전환할 수 있어, 고금리 부담에 시달리던 투자자들에게 큰 호응을 얻을 전망이다.이 서비스는 부동산 시장에서 흔히 이용되던 대환대출 개념을 증권시장에 도입한 혁신적인 시도로, 주식 투자자들의 자금 운용에 새로운 대안을 제시할 것으로 기대된다.무빙스탁 ‘증권사 신용, 대환자금대출’의 비용 무료 이벤트는 이벤트 기간 동안 한정적으로 제공되는 만큼, 신용융자를 이용 중인 투자자라면 지금 바로 확인해볼 필요가 있다.★ 장마감 시간이 가까워질수록 문의가 많아 상담이 지연될 수 있습니다.★ 6월 문의하신 고객들이 많이 보유하신 종목으로는 삼성전자, POSCO홀딩스, 셀트리온, 포스코퓨처엠, 에코프로비엠, NAVER, 에코프로, 삼성SDI, LG화학, SK하이닉스, 두산에너빌리티, 카카오, SK이노베이션, LG에너지솔루션, 엘앤에프, 삼천당제약, 현대차, 알테오젠, HPSP, LG전자 등이 있습니다.★ 안내사항과도한 빚은 당신에게 큰 불행을 안겨줄 수 있습니다. 대출 시 신용등급 하락으로 다른 금융거래가 제약받을 수 있습니다. 중개수수료를 요구하거나 받는 것은 불법입니다.상호명: ㈜단비대부 2021-서울영등포-2102(대부업) | TEL: 1544-4886 | 대출금리: 연 20%이내(연체금리는 약정금리+3%p이내, 최대 연 20%이내) | 단, 2021. 7. 7.부터 신규체결, 갱신, 연장되는 계약에 한함 | 채무의 조기상환 조건 및 부대비용 없음. (단, 신용조회비용 및 담보권설정비용 있음), 이자 외 별도로 중개수수료를 요구하거나 수취하는 것은 불법입니다. | 대표이사: 박동원 | 사업자등록번호: 274-86-00231 | 등록기관명칭: 서울 영등포구청(담당부서: 일자리경제과, 02-2670-3420) | 소재지 : 서울 영등포구 여의대방로67길 11, 5층 517호 | 개인정보관리자메일: help@danbifund.co.kr무료상담",https://www.hankyung.com/article/202506257883a,2025.06.25 09:58
[투자운세] 5월26일(오늘) 궁합이 맞는 종목은?,,"2025년 5월 26일 오늘 관심가질 종목입니다1.쥐띠 : 매는 맞기 직전이 가장 두렵다!60년생 (나노신소재, 한미반도체) 72년생 (이수페타시스, 솔루엠) 84년생 (주성엔지니어링, 에코프로머티)2.소띠 : 익은 감은 건드리기만 해도 떨어진다61년생 (SK하이닉스, 롯데에너지머티리얼즈) 73년생 (대주전자재료, ISC) 85년생 (HPSP, 하나마이크론)3.호랑이띠 : 제도가 변하면 새로운 유행주가 나타난다62년생 (알테오젠, 현대로템) 74년생 (이오테크닉스, 파크시스템스) 86년생 (SK스퀘어, 리노공업)4.토끼띠 : 우발심을 삼가하라63년생 (SOOP, 삼성전기) 75년생 (레인보우로보틱스, 한국항공우주) 87년생 (고영, 삼아알미늄)5.용띠 : 나누어서 사고 나누어서 팔아라64년생 (한솔케미칼, 루닛) 76년생 (KG모빌리티, 동진쎄미켐) 88년생 (에스원, 포스코퓨처엠)6.뱀띠 : 시세는 시세에 물어라65년생 (대덕전자, 삼성전기) 77년생 (두산로보틱스, LS머트리얼즈) 89년생 (LX세미콘, 케어젠)




 

7.말띠 : 새 술은 새 부대에 담아라66 년생 (삼성전자, 두산퓨얼셀) 78년생 (SK바이오팜, 카카오뱅크) 90년생 (SK아이이테크놀로지, 티씨케이)8.양띠 : 매도 종목의 움직임도 관찰하라67년생 (씨에스윈드, 솔브레인) 79년생 (하이브, OCI홀딩스) 91년생 (한국콜마, 카카오)9.원숭이띠 : 연 날릴 때는 연줄을 모두 풀지 않는다68년생 (F&F, SK이노베이션) 80년생 (레이크머티리얼즈, 롯데웰푸드) 92년생 (펄어비스, 메디톡스)10.닭띠 : 합창을 하면 주가는 반대로 움직인다69년생 (리가켐바이오, 더존비즈온) 81년생 (영원무역홀딩스, 포스코DX) 93년생 (셀트리온, LG이노텍)11.개띠 : 주식투자는 절대적 유연성이 필요하다70년생 (셀트리온제약, 삼성생명) 82년생 (한화오션, 삼성엔지니어링) 94년생 (DB하이텍, 삼성중공업)12.돼지띠 : 승부를 여유있게 즐기라71년생 (코스모화학, 삼성바이오로직스) 83년생 (덴티움, POSCO홀딩스) 95년생 (클래시스, 현대미포조선)링크종목 – 오리엔트정공, 오리엔트바이오, 네오이뮨텍, 우리기술, 비비안무료상담",https://www.hankyung.com/article/202505264704a,2025.05.26 09:58
"매커스, 대규모 자사주 소각·반도체 사업 성장 기대에 주가 급등",,"매커스가 최근 코스닥 시장에서 강한 상승세를 보이며 주목받고 있다. 시장은 이례적으로 대규모 주주환원과 반도체 솔루션 사업 성장 두 축이 조화를 이루며 주가에 긍정적 영향을 미쳤다고 분석한다.최근 발표된 자사주 소각 계획은 단연 눈에 띈다. 회사는 올해부터 향후 3년간 총 600만 주, 약 자사주 비중의 37%에 달하는 규모를 순차적으로 소각하겠다고 밝혔다. 첫 단계로 200만 주 소각을 공시하자마자, 주가는 즉각적인 반응을 보이며 상한가 수준의 강세 흐름을 기록했다. 이 같은 주주환원 정책은 시장의 신뢰를 높이고, 주당 가치를 제고하는 적극적 전략으로 평가되고 있다.사업 측면에서도 위치가 견고하다. 매커스는 비메모리 반도체—특히 FPGA와 아날로그 IC—유통과 설계 공급을 주력으로 하며, AMD·르네사스·메이컴 등 글로벌 반도체 기업들과 협력 구조를 구축해왔다. 최근 IT 산업의 설계 복잡화와 비메모리 반도체 수요 증가는 실적에 직접적인 긍정 효과를 낳고 있다. 1분기 매출과 영업이익은 전년 대비 두 자릿수 확대되어, 실질적 사업 모멘텀도 확실히 존재하고 있다.




 

수급 구도도 주목할 만하다. 자사주 소각 발표 이후 외국인과 기관 투자자들 사이에서 순매수 흐름이 지속되었다. 결과적으로 유동성이 동반 유입되며 상승세가 한층 강화된 셈이다. 반도체 업종 특성상 단기적 변동성은 있을 수 있으나, 기관·외국인 참여가 주가 안정성을 높인 주요 변수로 작용했다.일부 전망에서는 단순한 수급과 정책 기대만으로는 중장기 성장 지속이 어렵다는 의견도 있다. 급등 이후 주가 조정 가능성과 함께, 핵심 고객사 다변화와 원재료 가격 및 수급 이슈 등이 리스크로 지적된다. 반도체 시장의 사이클 변화에 따른 실적 변동성 역시 주의가 필요한 부분이다.매커스는 자사주 소각을 통해 주주환원을 적극 강화함과 동시에, 비메모리 반도체 유통·기술 솔루션으로 실적 기반 모멘텀을 확보하며 주가에 힘을 실었다. 앞으로 주목할 부분은 공급망 안정, 고객사 확대, 자사주 정책의 후속 진행 여부다. 특히 향후 실적 발표 시 주가 흐름이 어떻게 되느냐가 추가 상승의 분기점이 될 전망이다.셀트리온, 비에이치, 싸이닉솔루션, HD현대중공업, 효성중공업무료상담",https://www.hankyung.com/article/202507236091a,2025.07.23 10:43
고금리 OUT! 증권사 신용대출 3%대로 전환하는 방법,,"전송종목 : 바디텍메드, 유바이오로직스, 디와이파워, SK디앤디, AP위성최근 주식 투자자들 사이에서 주식대출(미수/신용융자 등)의 고금리에 대한 부담이 커지고 있다.특히 저금리를 적용 받고 싶어도, 기존 대출을 상환하고 다시 주식을 매수해야 하는 번거로운 절차와 자금 조달의 어려움이 발목을 잡고 있다.이런 현실적인 문제를 해결하고자, 무빙스탁이 ‘증권사 신용, 대환자금대출’ 서비스를 전격 출시했다.이 상품은 주식을 매도하지 않고도, 기존의 고금리의 주식대출(미수/신용융자 등)의 3%대의 혁신적인 저금리 증권사로 전환할 수 있도록 상환자금을 제공하는 것이 핵심이다.무빙스탁 관계자는 “현재 증권사 이벤트 금리는 연 3%대 수준으로, 기존 9~10%대 고금리를 적용받는 투자자라면 절감 효과가 상당하다”며, 금리를 5%만 낮추면 “1억원 신용대출 기준으로 연간 약 500만원, 3억원이라면 1,500만원까지도 절약할 수 있다”고 밝혔다.더 놀라운 점은, 현재는 이벤트 기간으로 대환자금대출 신청시 발생하는 이자 비용까지 ‘0원’이라는 사실이다. 대환자금에 대해서 하루의 대출이자도 부담하지 않고 기존 고금리 대출을 저금리로 전환할 수 있어, 고금리 부담에 시달리던 투자자들에게 큰 호응을 얻을 전망이다.이 서비스는 부동산 시장에서 흔히 이용되던 대환대출 개념을 증권시장에 도입한 혁신적인 시도로, 주식 투자자들의 자금 운용에 새로운 대안을 제시할 것으로 기대된다.무빙스탁 ‘증권사 신용, 대환자금대출’의 비용 무료 이벤트는 이벤트 기간 동안 한정적으로 제공되는 만큼, 신용융자를 이용 중인 투자자라면 지금 바로 확인해볼 필요가 있다.★ 장마감 시간이 가까워질수록 문의가 많아 상담이 지연될 수 있습니다.★ 7월 문의하신 고객들이 많이 보유하신 종목으로는 삼성전자, POSCO홀딩스, 셀트리온, 포스코퓨처엠, 에코프로비엠, NAVER, 에코프로, 삼성SDI, LG화학, SK하이닉스, 두산에너빌리티, 카카오, SK이노베이션, LG에너지솔루션, 엘앤에프, 삼천당제약, 현대차, 알테오젠, HPSP, LG전자 등이 있습니다.★ 안내사항과도한 빚은 당신에게 큰 불행을 안겨줄 수 있습니다. 대출 시 신용등급 하락으로 다른 금융거래가 제약받을 수 있습니다. 중개수수료를 요구하거나 받는 것은 불법입니다.상호명: ㈜단비대부 2021-서울영등포-2102(대부업) | TEL: 1544-4886 | 대출금리: 연 20%이내(연체금리는 약정금리+3%p이내, 최대 연 20%이내) | 단, 2021. 7. 7.부터 신규체결, 갱신, 연장되는 계약에 한함 | 채무의 조기상환 조건 및 부대비용 없음. (단, 신용조회비용 및 담보권설정비용 있음), 이자 외 별도로 중개수수료를 요구하거나 수취하는 것은 불법입니다. | 대표이사: 박동원 | 사업자등록번호: 274-86-00231 | 등록기관명칭: 서울 영등포구청(담당부서: 일자리경제과, 02-2670-3420) | 소재지 : 서울 영등포구 여의대방로67길 11, 5층 517호 | 개인정보관리자메일: help@danbifund.co.kr무료상담",https://www.hankyung.com/article/202507035125a,2025.07.03 15:03
"17일, 거래소 외국인 순매수상위에 전기,전자 업종 4종목",,"외국인 투자자는 17일 거래소에서 삼성전자, 한화에어로스페이스, 한화오션 등을 중점적으로 사들인 것으로 나타났다.외국인 투자자의 순매수 상위 20개 종목은 삼성전자, 한화에어로스페이스, 한화오션, 유한양행, 현대로템, 삼성중공업, 카카오, SK스퀘어, SK, 셀트리온등이다.이중에 전기,전자 업종에 속한 종목이 4개 포함되어 있다.삼성전자, 한화에어로스페이스, 한화오션 등은 전일 대비 주가가 상승했고, SK스퀘어, SK, KODEX 200선물인버스2X 등은 주가가 하락했다.[07월17일]거래소 외국인 순매수 상위 종목한경로보뉴스이 기사는 한국경제신문과 금융 AI 전문기업 씽크풀이 공동 개발한 기사 자동생성 알고리즘에 의해 실시간으로 작성된 것입니다.",https://www.hankyung.com/article/202507175593L,2025.07.17 18:35
"주식 신용담보 안 바꾸면 내년에 통장에 1,500만원이 없습니다",,"전송종목 : HD현대인프라코어, 신성델타테크, SK아이이테크놀로지, 오뚜기, 에스티팜매일 4만 원씩, 1년이면 약 1,500만 원, 이 돈은 누구의 통장으로 들어갈까요?당신이 가만히 있는 순간에도, 고금리 증권사는 웃고 있습니다.최근 주식 투자자들 사이에서는 신용융자, 미수 등 증권사의 고금리 대출의 이자 부담이 뜨거운 감자로 떠오르고 있다.많은 투자자들이 “금리를 낮추고 싶다”고 말하지만, 기존 대출 상환 후 재매수라는 번거로운 절차에 자금 마련까지 어려워 그냥 방치하고 마는 경우가 다반사이다.이러한 고금리의 증권사 신용 및 담보대출 이용자들의 악순환을 끊을 방법이 생겼다.바로 무빙스탁의 ‘증권사 신용, 대환자금대출’ 서비스가 출시된 것이다.이 서비스는 보유 주식을 매도하지 않고, 기존 고금리 주식대출(신용/미수 등)을 연 3%대의 저금리 상품으로 전환할 수 있도록 상환자금을 지원하는 것이 핵심이다.무빙스탁 관계자는 “금리를 5%만 낮춰도, 신용대출 3억 원 기준 무려 1,500만 원의 이자 절감 효과가 있습니다.” 라고 밝혔다.더 놀라운 사실은, 지금 이벤트 기간 중 신청하면 대환자금 이자까지 0원이라는 점이다. 단 하루의 이자 부담도 없이, 기존 고금리를 완전히 벗어날 수 있는 절호의 기회이다.무빙스탁 ‘증권사 신용, 대환자금대출’의 비용 무료 이벤트는 이벤트 기간 동안 한정적으로 제공되는 만큼, 고금리의 신용융자를 이용 중인 투자자라면 지금 바로 확인해볼 필요가 있다.★ 장마감 시간이 가까워질수록 문의가 많아 상담이 지연될 수 있습니다.★ 5월 문의하신 고객들이 많이 보유하신 종목으로는 삼성전자, POSCO홀딩스, 셀트리온, 포스코퓨처엠, 에코프로비엠, NAVER, 에코프로, 삼성SDI, LG화학, SK하이닉스, 두산에너빌리티, 카카오, SK이노베이션, LG에너지솔루션, 엘앤에프, 삼천당제약, 현대차, 알테오젠, HPSP, LG전자 등이 있습니다.★ 안내사항과도한 빚은 당신에게 큰 불행을 안겨줄 수 있습니다. 대출 시 신용등급 하락으로 다른 금융거래가 제약받을 수 있습니다. 중개수수료를 요구하거나 받는 것은 불법입니다.상호명: ㈜단비대부 2021-서울영등포-2102(대부업) | TEL: 1544-4886 | 대출금리: 연 20%이내(연체금리는 약정금리+3%p이내, 최대 연 20%이내) | 단, 2021. 7. 7.부터 신규체결, 갱신, 연장되는 계약에 한함 | 채무의 조기상환 조건 및 부대비용 없음. (단, 신용조회비용 및 담보권설정비용 있음), 이자 외 별도로 중개수수료를 요구하거나 수취하는 것은 불법입니다. | 대표이사: 박동원 | 사업자등록번호: 274-86-00231 | 등록기관명칭: 서울 영등포구청(담당부서: 일자리경제과, 02-2670-3420) | 소재지 : 서울 영등포구 여의대방로67길 11, 5층 517호 | 개인정보관리자메일: help@danbifund.co.kr무료상담",https://www.hankyung.com/article/202505277259a,2025.05.27 14:16
신용대출 이자 절감 꿀팁! 증권사 3%대 대출 전환법 공개,,"전송종목 : 일신석재, 벽산, 일양약품, 국도화학, 서연최근 주식 투자자들 사이에서 주식대출(미수/신용융자 등)의 고금리에 대한 부담이 커지고 있다.특히 저금리를 적용 받고 싶어도, 기존 대출을 상환하고 다시 주식을 매수해야 하는 번거로운 절차와 자금 조달의 어려움이 발목을 잡고 있다.이런 현실적인 문제를 해결하고자, 무빙스탁이 ‘증권사 신용, 대환자금대출’ 서비스를 전격 출시했다.이 상품은 주식을 매도하지 않고도, 기존의 고금리의 주식대출(미수/신용융자 등)의 3%대의 혁신적인 저금리 증권사로 전환할 수 있도록 상환자금을 제공하는 것이 핵심이다.무빙스탁 관계자는 “현재 증권사 이벤트 금리는 연 3%대 수준으로, 기존 9~10%대 고금리를 적용받는 투자자라면 절감 효과가 상당하다”며, 금리를 5%만 낮추면 “1억원 신용대출 기준으로 연간 약 500만원, 3억원이라면 1,500만원까지도 절약할 수 있다”고 밝혔다.더 놀라운 점은, 현재는 이벤트 기간으로 대환자금대출 신청시 발생하는 이자 비용까지 ‘0원’이라는 사실이다. 대환자금에 대해서 하루의 대출이자도 부담하지 않고 기존 고금리 대출을 저금리로 전환할 수 있어, 고금리 부담에 시달리던 투자자들에게 큰 호응을 얻을 전망이다.이 서비스는 부동산 시장에서 흔히 이용되던 대환대출 개념을 증권시장에 도입한 혁신적인 시도로, 주식 투자자들의 자금 운용에 새로운 대안을 제시할 것으로 기대된다.무빙스탁 ‘증권사 신용, 대환자금대출’의 비용 무료 이벤트는 이벤트 기간 동안 한정적으로 제공되는 만큼, 신용융자를 이용 중인 투자자라면 지금 바로 확인해볼 필요가 있다.★ 장마감 시간이 가까워질수록 문의가 많아 상담이 지연될 수 있습니다.★ 7월 문의하신 고객들이 많이 보유하신 종목으로는 삼성전자, POSCO홀딩스, 셀트리온, 포스코퓨처엠, 에코프로비엠, NAVER, 에코프로, 삼성SDI, LG화학, SK하이닉스, 두산에너빌리티, 카카오, SK이노베이션, LG에너지솔루션, 엘앤에프, 삼천당제약, 현대차, 알테오젠, HPSP, LG전자 등이 있습니다.★ 안내사항과도한 빚은 당신에게 큰 불행을 안겨줄 수 있습니다. 대출 시 신용등급 하락으로 다른 금융거래가 제약받을 수 있습니다. 중개수수료를 요구하거나 받는 것은 불법입니다.상호명: ㈜단비대부 2021-서울영등포-2102(대부업) | TEL: 1544-4886 | 대출금리: 연 20%이내(연체금리는 약정금리+3%p이내, 최대 연 20%이내) | 단, 2021. 7. 7.부터 신규체결, 갱신, 연장되는 계약에 한함 | 채무의 조기상환 조건 및 부대비용 없음. (단, 신용조회비용 및 담보권설정비용 있음), 이자 외 별도로 중개수수료를 요구하거나 수취하는 것은 불법입니다. | 대표이사: 박동원 | 사업자등록번호: 274-86-00231 | 등록기관명칭: 서울 영등포구청(담당부서: 일자리경제과, 02-2670-3420) | 소재지 : 서울 영등포구 여의대방로67길 11, 5층 517호 | 개인정보관리자메일: help@danbifund.co.kr무료상담",https://www.hankyung.com/article/202507108870a,2025.07.10 09:33
"에이피알, 국내 증시서 ‘글로벌 확장 모멘텀’ 기대",,"에이피알이 최근 국내 증시에서 상승 흐름을 이어가며 시장의 주목을 받고 있다. 핵심 브랜드인 메디큐브와 에이프릴스킨을 중심으로 해외 매출 확대세가 두드러지고 있으며, 유럽 주요 국가에서 판매망 확대가 지속적으로 확인되고 있다. 특히 영국과 프랑스 등 유통사와의 계약을 통해 유럽 내 채널 확보가 본격화되고 있다는 점이 투자자들의 관심을 끌고 있다.이와 함께 6월 18일에는 미래에셋증권이 목표주가를 기존 대비 크게 상향하며 ‘매수’ 의견을 유지했다. 글로벌 B2C·B2B 전략이 결합된 사업 구조와 마케팅 효율성 개선이 긍정적으로 평가되었고, 목표주가도 17만 원으로 상향 조정된 바 있다.업계에서는 “강력한 브랜드 인지도를 기반으로 해외 시장 영향력을 확장하고 있다”는 분석이 나오며, 향후 추가적인 유럽 채널 확장과 브랜드 인지도 상승이 중장기 성장의 핵심 요인으로 작용할 것으로 보고 있다. 다만, 글로벌 경기 환경 변화나 경쟁 심화 등 외부 변수는 여전히 유의해야 한다는 지적도 나오고 있다.에이피알, 삼양식품, LG에너지솔루션, 대한항공, 셀트리온무료상담",https://www.hankyung.com/article/202506233319a,2025.06.23 13:53
"주식 매도 없이 신용이자 연 1,500만 원 줄이는 비법",,"전송종목 : GS글로벌, PKC, KG케미칼, 알루코, 대한제당최근 주식 투자자들 사이에서 주식대출(미수/신용융자 등)의 고금리에 대한 부담이 커지고 있다.특히 저금리를 적용 받고 싶어도, 기존 대출을 상환하고 다시 주식을 매수해야 하는 번거로운 절차와 자금 조달의 어려움이 발목을 잡고 있다.이런 현실적인 문제를 해결하고자, 무빙스탁이 ‘증권사 신용, 대환자금대출’ 서비스를 전격 출시했다.이 상품은 주식을 매도하지 않고도, 기존의 고금리의 주식대출(미수/신용융자 등)의 3%대의 혁신적인 저금리 증권사로 전환할 수 있도록 상환자금을 제공하는 것이 핵심이다.무빙스탁 관계자는 “현재 증권사 이벤트 금리는 연 3%대 수준으로, 기존 9~10%대 고금리를 적용받는 투자자라면 절감 효과가 상당하다”며, 금리를 5%만 낮추면 “1억원 신용대출 기준으로 연간 약 500만원, 3억원이라면 1,500만원까지도 절약할 수 있다”고 밝혔다.더 놀라운 점은, 현재는 이벤트 기간으로 대환자금대출 신청시 발생하는 이자 비용까지 ‘0원’이라는 사실이다. 대환자금에 대해서 하루의 대출이자도 부담하지 않고 기존 고금리 대출을 저금리로 전환할 수 있어, 고금리 부담에 시달리던 투자자들에게 큰 호응을 얻을 전망이다.이 서비스는 부동산 시장에서 흔히 이용되던 대환대출 개념을 증권시장에 도입한 혁신적인 시도로, 주식 투자자들의 자금 운용에 새로운 대안을 제시할 것으로 기대된다.무빙스탁 ‘증권사 신용, 대환자금대출’의 비용 무료 이벤트는 이벤트 기간 동안 한정적으로 제공되는 만큼, 신용융자를 이용 중인 투자자라면 지금 바로 확인해볼 필요가 있다.★ 장마감 시간이 가까워질수록 문의가 많아 상담이 지연될 수 있습니다.★ 7월 문의하신 고객들이 많이 보유하신 종목으로는 삼성전자, POSCO홀딩스, 셀트리온, 포스코퓨처엠, 에코프로비엠, NAVER, 에코프로, 삼성SDI, LG화학, SK하이닉스, 두산에너빌리티, 카카오, SK이노베이션, LG에너지솔루션, 엘앤에프, 삼천당제약, 현대차, 알테오젠, HPSP, LG전자 등이 있습니다.★ 안내사항과도한 빚은 당신에게 큰 불행을 안겨줄 수 있습니다. 대출 시 신용등급 하락으로 다른 금융거래가 제약받을 수 있습니다. 중개수수료를 요구하거나 받는 것은 불법입니다.상호명: ㈜단비대부 2021-서울영등포-2102(대부업) | TEL: 1544-4886 | 대출금리: 연 20%이내(연체금리는 약정금리+3%p이내, 최대 연 20%이내) | 단, 2021. 7. 7.부터 신규체결, 갱신, 연장되는 계약에 한함 | 채무의 조기상환 조건 및 부대비용 없음. (단, 신용조회비용 및 담보권설정비용 있음), 이자 외 별도로 중개수수료를 요구하거나 수취하는 것은 불법입니다. | 대표이사: 박동원 | 사업자등록번호: 274-86-00231 | 등록기관명칭: 서울 영등포구청(담당부서: 일자리경제과, 02-2670-3420) | 소재지 : 서울 영등포구 여의대방로67길 11, 5층 517호 | 개인정보관리자메일: help@danbifund.co.kr무료상담",https://www.hankyung.com/article/202507096260a,2025.07.09 10:28
합리적 투자 필수! 증권사 신용대출 3%대 전환으로 이자 절감,,"전송종목 : 이오테크닉스, 하나투어, 키움증권, 에스엠, 한화오션최근 주식 투자자들 사이에서 주식대출(미수/신용융자 등)의 고금리에 대한 부담이 커지고 있다.특히 저금리를 적용 받고 싶어도, 기존 대출을 상환하고 다시 주식을 매수해야 하는 번거로운 절차와 자금 조달의 어려움이 발목을 잡고 있다.이런 현실적인 문제를 해결하고자, 무빙스탁이 ‘증권사 신용, 대환자금대출’ 서비스를 전격 출시했다.이 상품은 주식을 매도하지 않고도, 기존의 고금리의 주식대출(미수/신용융자 등)의 3%대의 혁신적인 저금리 증권사로 전환할 수 있도록 상환자금을 제공하는 것이 핵심이다.무빙스탁 관계자는 “현재 증권사 이벤트 금리는 연 3%대 수준으로, 기존 9~10%대 고금리를 적용받는 투자자라면 절감 효과가 상당하다”며, 금리를 5%만 낮추면 “1억원 신용대출 기준으로 연간 약 500만원, 3억원이라면 1,500만원까지도 절약할 수 있다”고 밝혔다.더 놀라운 점은, 현재는 이벤트 기간으로 대환자금대출 신청시 발생하는 이자 비용까지 ‘0원’이라는 사실이다. 대환자금에 대해서 하루의 대출이자도 부담하지 않고 기존 고금리 대출을 저금리로 전환할 수 있어, 고금리 부담에 시달리던 투자자들에게 큰 호응을 얻을 전망이다.이 서비스는 부동산 시장에서 흔히 이용되던 대환대출 개념을 증권시장에 도입한 혁신적인 시도로, 주식 투자자들의 자금 운용에 새로운 대안을 제시할 것으로 기대된다.무빙스탁 ‘증권사 신용, 대환자금대출’의 비용 무료 이벤트는 이벤트 기간 동안 한정적으로 제공되는 만큼, 신용융자를 이용 중인 투자자라면 지금 바로 확인해볼 필요가 있다.★ 장마감 시간이 가까워질수록 문의가 많아 상담이 지연될 수 있습니다.★ 7월 문의하신 고객들이 많이 보유하신 종목으로는 삼성전자, POSCO홀딩스, 셀트리온, 포스코퓨처엠, 에코프로비엠, NAVER, 에코프로, 삼성SDI, LG화학, SK하이닉스, 두산에너빌리티, 카카오, SK이노베이션, LG에너지솔루션, 엘앤에프, 삼천당제약, 현대차, 알테오젠, HPSP, LG전자 등이 있습니다.★ 안내사항과도한 빚은 당신에게 큰 불행을 안겨줄 수 있습니다. 대출 시 신용등급 하락으로 다른 금융거래가 제약받을 수 있습니다. 중개수수료를 요구하거나 받는 것은 불법입니다.상호명: ㈜단비대부 2021-서울영등포-2102(대부업) | TEL: 1544-4886 | 대출금리: 연 20%이내(연체금리는 약정금리+3%p이내, 최대 연 20%이내) | 단, 2021. 7. 7.부터 신규체결, 갱신, 연장되는 계약에 한함 | 채무의 조기상환 조건 및 부대비용 없음. (단, 신용조회비용 및 담보권설정비용 있음), 이자 외 별도로 중개수수료를 요구하거나 수취하는 것은 불법입니다. | 대표이사: 박동원 | 사업자등록번호: 274-86-00231 | 등록기관명칭: 서울 영등포구청(담당부서: 일자리경제과, 02-2670-3420) | 소재지 : 서울 영등포구 여의대방로67길 11, 5층 517호 | 개인정보관리자메일: help@danbifund.co.kr무료상담",https://www.hankyung.com/article/202507223174a,2025.07.22 10:48
"美 빅2와 '바이오시밀러 동맹'…삼성에피스, 10조원 시장 선점","대형 PBM 2곳과 첫 공급계약
연내 출시…1조원대 매출 확보","삼성바이오에피스가 자사 바이오시밀러(바이오의약품 복제약)를 미국에서 유통회사 자체 브랜드(PL) 방식으로 공급한다. 미국 처방약 시장 유통의 50% 이상을 점유한 대형 업체들과 바이오시밀러 동맹을 맺은 세계 첫 사례다. 삼성바이오에피스가 조 단위 신규 매출을 올릴 것이라는 전망이 나온다. 16일 외신과 업계에 따르면 삼성바이오에피스는 최근 미국 1위 처방약급여관리업체(PBM)인 익스프레스스크립츠, 2위 CVS케어마크와 각각 자가면역질환 치료제 ‘스텔라라’ 바이오시밀러의 PL 방식 제품 공급 계약을 체결했다.익스프레스스크립츠는 ‘쿠엘런트’, CVS케어마크는 ‘코다비스’라는 자체 브랜드로 연내 미국 전역에 출시한다. 바이오시밀러 회사가 PBM ‘빅3’ 업체 중 두 곳과 한꺼번에 PL 공급 계약을 맺은 것은 이번이 처음이다. 빅3 업체는 미국 처방약 시장 유통의 총 80%를 점유하고 있고, 이 중 익스프레스스크립츠와 CVS케어마크의 점유율은 두 회사를 합쳐 57%에 달한다. PBM은 의료보험이 민영화된 미국에서 의약품 유통구조의 최상단에 있다. 의약품의 진입과 퇴출, 가격 등을 결정한다.세계 10대 매출 의약품인 스텔라라는 개발사인 미국 존슨앤드존슨의 특허 만료로 올해 초 미국에서 바이오시밀러 시장이 열렸다. 삼성바이오에피스와 셀트리온, 미국 암젠, 독일 포미콘 등 세계 7개 바이오시밀러 기업이 이 시장에 뛰어들었다.전문가들은 미국 PBM이 수만 개 약국 네트워크 공급 물량의 90%가량을 PL 제품으로 채울 것으로 전망한다. 이 경우 삼성바이오에피스가 연간 10조원 규모 시장에서 수천억원에서 1조원 이상의 신규 매출을 올릴 것으로 추산하고 있다. 정유경 신영증권 연구위원은 “미국 스텔라라 바이오시밀러 시장 대전은 삼성바이오에피스 승리로 끝났다고 봐도 무방하다”고 말했다.안대규 기자 powerzanic@hankyung.com",https://www.hankyung.com/article/2025071627641,2025.07.16 17:27
금통위 앞둔 코스피…미 기술주 훈풍에 연고점 또 경신,"개인 '사자' 외인·기관 '팔자'
하반기 첫 금통위 '동결' 전망","사진=뉴스1

                코스피지수가 하반기 첫 금융통화위원회를 앞두고 미 기술주 훈풍에 연고점을 재차 경신하며 상승세를 이어가고 있다.10일 오전 9시7분 현재 코스피지수는 전일 대비 6.51포인트(0.21%) 오른 3140.25를 기록 중이다. 지수는 장 초반 한때 3147.06까지 상단을 높이면서 전날 기록했던 연고점(3137선)을 뛰어넘었다.앞서 간밤 뉴욕증시에선 S&P500과 나스닥종합지수가 사상 최고치를 돌파하는 등 주요 지수가 일제히 상승했다. 특히 엔비디아는 시가총액 4조달러(약 5500조원)를 넘어서는 세계 최초의 기업이 됐다.한국은행 금통위는 이날 하반기 첫 통화정책방향 회의에서 현재 연 2.50%인 기준금리를 조정할지 결정한다. 시장에선 가계대출 불안, 한미 금리차 등을 이유로 동결을 전망하고 있다.이 시각 현재 유가증권시장에서 개인이 2992억원 순매수다. 외국인과 기관은 각각 1611억원과 1023억원 매도우위다.시총 상위주들은 혼조세다. 삼성전자와 SK하이닉스가 각각 0.25%와 1.25% 상승하고 있는 가운데 삼성바이오로직스(2.75%), LG에너지솔루션(1.64%), 현대차(0.48%) 등이 오르고 있다.반면 KB금융(-0.76%), 두산에너빌리티(-2.8%), 네이버(-0.98%), 한화에어로스페이스(-1.41%), 셀트리온(-0.57%) 등은 떨어지고 있다.대신밸류리츠는 코스피 상장 첫날 공모가 대비 8%대 떨어지고 있다.코스닥지수도 오름세다. 이 시각 현재 코스닥지수는 0.37% 오른 793.29를 기록 중이다. 코스닥시장에서도 개인이 935억원 순매수를 기록하고 있는 반면 외국인과 기관은 각각 657억원과 178억원 매도우위다.코스닥 시총 상위주들은 파마리서치를 제외하곤 대부분 오르고 있다. 알테오젠(1.89%), 에코프로비엠(0.4%), HLB(0.4%), 에코프로(-.22%), 레인보우로보틱스(2.25%) 등이 빨간불을 켰다.우리기술투자는 가상자산 거래소 업비트 운영사두나무의 스테이블코인 상표권 출원 소식에 12%대 급등하고 있다. 우리기술투자는 두나무의 주요주주다.원·달러 환율은 소폭 하락했다. 이날 서울 외환시장에서 원·달러 환율은 전일 대비 2.0원 떨어진 1373.0원에 개장했다.노정동 한경닷컴 기자 dong2@hankyung.com",https://www.hankyung.com/article/2025071091156,2025.07.10 09:21
"G20서 “지속되는 불확실성, 일상화되면 안 된다",,"남아프리카공화국 더반에서 열린 G20 재무장관·중앙은행 총재 회의에서, 주요국 대표들은 세계 경제의 구조적 불확실성이 지속되는 데 대해 우려를 표하고, 글로벌 신뢰 회복이 시급하다는 데 의견을 모았다. 특히 캐나다의 프랑수아-필립 샴페인 재무장관은 “경제 불확실성이 새로운 표준이 되는 것을 경계해야 한다”며, 보호무역주의·지정학적 갈등·인플레이션 파급 등 복합 위기를 경고했다.이번 회의에서는 아프리카 개발과 인프라 투자가 주요 의제로 부상했다. 샴페인 장관은 “아프리카는 3조 4천억 달러 규모의 시장과 젊은 인구를 갖춘 차세대 경제 축”이라며, 글로벌 경제의 지속가능한 성장을 위해 법치와 예측 가능성을 전제로 한 투자 환경 조성이 필요하다고 강조했다.한편 미국 재무부 장관이 불참한 가운데 진행된 이번 회의는 공동성명 채택 여부가 주목되는 가운데, 다자간 무역의 회복과 공급망 재편, 개도국 금융 지원 확대를 주요 방향으로 제시했다. 참석국들은 “무역 다변화와 안정적 공급망 확보 없이는 세계 경제의 신뢰를 되살릴 수 없다”고 입을 모았다.이번 논의는 금리·물가 등 단기 지표를 넘어, 글로벌 투자 심리 회복과 신흥시장 진출 전략에 중요한 시사점을 제공한다. 특히 한국처럼 수출 의존도가 높은 국가에겐 아프리카와 같은 신규 시장 공략과 교역 네트워크 다변화가 향후 경기 반등의 핵심 변수로 작용할 가능성이 크다.애경케미칼, 현대로템, 셀트리온, POSCO홀딩스, 한화비전무료상담",https://www.hankyung.com/article/202507186147a,2025.07.18 09:33
"04일, 코스닥 기관 순매수상위에 일반전기전자 업종 4종목",,"기관 투자자는 04일 코스닥에서 지엔씨에너지, 리가켐바이오, 미투온 등을 중점적으로 사들인 것으로 나타났다.기관 투자자의 순매수 상위 20개 종목은 지엔씨에너지, 리가켐바이오, 미투온, 우리기술투자, 대주전자재료, 보로노이, 이오테크닉스, 셀트리온제약, 유진테크, 원익IPS등이다.이중에 일반전기전자 업종에 속한 종목이 4개 포함되어 있다.미투온, 우리기술투자, 셀트리온제약 등은 전일 대비 주가가 상승했고, 지엔씨에너지, 리가켐바이오, 보로노이 등은 주가가 하락했다.[07월04일]코스닥 기관 순매수 상위 종목한경로보뉴스이 기사는 한국경제신문과 금융 AI 전문기업 씽크풀이 공동 개발한 기사 자동생성 알고리즘에 의해 실시간으로 작성된 것입니다.",https://www.hankyung.com/article/202507049368L,2025.07.04 18:35
합리적 투자 필수! 증권사 신용대출 3%대 전환으로 이자 절감,,"전송종목 : 에스티아이, 화성밸브, 폴라리스오피스, 우리기술투자, 현대에버다임최근 주식 투자자들 사이에서 주식대출(미수/신용융자 등)의 고금리에 대한 부담이 커지고 있다.특히 저금리를 적용 받고 싶어도, 기존 대출을 상환하고 다시 주식을 매수해야 하는 번거로운 절차와 자금 조달의 어려움이 발목을 잡고 있다.이런 현실적인 문제를 해결하고자, 무빙스탁이 ‘증권사 신용, 대환자금대출’ 서비스를 전격 출시했다.이 상품은 주식을 매도하지 않고도, 기존의 고금리의 주식대출(미수/신용융자 등)의 3%대의 혁신적인 저금리 증권사로 전환할 수 있도록 상환자금을 제공하는 것이 핵심이다.무빙스탁 관계자는 “현재 증권사 이벤트 금리는 연 3%대 수준으로, 기존 9~10%대 고금리를 적용받는 투자자라면 절감 효과가 상당하다”며, 금리를 5%만 낮추면 “1억원 신용대출 기준으로 연간 약 500만원, 3억원이라면 1,500만원까지도 절약할 수 있다”고 밝혔다.더 놀라운 점은, 현재는 이벤트 기간으로 대환자금대출 신청시 발생하는 이자 비용까지 ‘0원’이라는 사실이다. 대환자금에 대해서 하루의 대출이자도 부담하지 않고 기존 고금리 대출을 저금리로 전환할 수 있어, 고금리 부담에 시달리던 투자자들에게 큰 호응을 얻을 전망이다.이 서비스는 부동산 시장에서 흔히 이용되던 대환대출 개념을 증권시장에 도입한 혁신적인 시도로, 주식 투자자들의 자금 운용에 새로운 대안을 제시할 것으로 기대된다.무빙스탁 ‘증권사 신용, 대환자금대출’의 비용 무료 이벤트는 이벤트 기간 동안 한정적으로 제공되는 만큼, 신용융자를 이용 중인 투자자라면 지금 바로 확인해볼 필요가 있다.★ 장마감 시간이 가까워질수록 문의가 많아 상담이 지연될 수 있습니다.★ 7월 문의하신 고객들이 많이 보유하신 종목으로는 삼성전자, POSCO홀딩스, 셀트리온, 포스코퓨처엠, 에코프로비엠, NAVER, 에코프로, 삼성SDI, LG화학, SK하이닉스, 두산에너빌리티, 카카오, SK이노베이션, LG에너지솔루션, 엘앤에프, 삼천당제약, 현대차, 알테오젠, HPSP, LG전자 등이 있습니다.★ 안내사항과도한 빚은 당신에게 큰 불행을 안겨줄 수 있습니다. 대출 시 신용등급 하락으로 다른 금융거래가 제약받을 수 있습니다. 중개수수료를 요구하거나 받는 것은 불법입니다.상호명: ㈜단비대부 2021-서울영등포-2102(대부업) | TEL: 1544-4886 | 대출금리: 연 20%이내(연체금리는 약정금리+3%p이내, 최대 연 20%이내) | 단, 2021. 7. 7.부터 신규체결, 갱신, 연장되는 계약에 한함 | 채무의 조기상환 조건 및 부대비용 없음. (단, 신용조회비용 및 담보권설정비용 있음), 이자 외 별도로 중개수수료를 요구하거나 수취하는 것은 불법입니다. | 대표이사: 박동원 | 사업자등록번호: 274-86-00231 | 등록기관명칭: 서울 영등포구청(담당부서: 일자리경제과, 02-2670-3420) | 소재지 : 서울 영등포구 여의대방로67길 11, 5층 517호 | 개인정보관리자메일: help@danbifund.co.kr무료상담",https://www.hankyung.com/article/202507145599a,2025.07.14 08:53
"동진쎄미켐, 반도체·국산화 모멘텀에 주가 상승세 지속",,"동진쎄미켐(005290)이 글로벌 반도체 업황 회복과 국내 국산화 흐름 속에서 주가 상승세를 이어가고 있다. 최근 기관 순매수세가 유입되며 반도체·재료 테마 강세 종목으로 부상했다.가장 주목되는 실적은 작년 4분기 실적이다. 매출 약 3,603억 원, 영업이익 493억 원으로 전년 동기 대비 각각 약 12%, 35% 증가하며 수익성이 크게 개선됐다. 특히 올해 1분기에도 매출과 영업이익이 두 자릿수 증가하며 호실적 흐름을 이어갔다는 점이 강조된다.동진쎄미켐은 반도체용 포토레지스트 등 주요 소재 분야에서 일본 의존도를 낮추고 국산화에 성공한 대표 기업이다. 일본의 수출 규제 이후 디스플레이는 물론 반도체 소재 수요가 크게 늘었고, 이에 더해 기관과 연기금이 대규모 매수를 지속했다. 최근 6월 말까지 상반기 기준 영업이익 또한 최대치를 기록한 것으로 전해졌다.아울러 창업주 별세 및 그에 따른 경영권 이슈가 부각되며, 회사 측이 상속세 재원 마련을 위한 주가 부양 의지를 보일 수 있다는 전망도 나온다. 특히 신영증권은 상속 구조 변화가 IR 강화 및 할인율 완화로 이어질 가능성이 있다는 분석을 내놨으며, 이는 투자심리 개선 요인으로 작용할 것으로 보인다.밸류에이션 측면에서도 매력적이다. PER 약 10.7배, PBR 약 1.6배 수준으로 업계 평균 대비 합리적이란 평가를 받고 있으며, 연간 배당수익률도 0.6% 수준으로 안정적이다.종합하면, 동진쎄미켐의 주가 상승 흐름은 반도체·디스플레이 소재 업황 회복, 실적 개선 모멘텀, 국산화 정책 수혜, 그리고 재무·경영구조 이슈가 결합된 결과다. 앞으로도 실적 지속 여부와 국산화 전략, 경영권 변화 대응 등이 주요 변수로 작용할 전망이다.리가켐바이오, 씨에스윈드, 셀트리온, SK이노베이션, 현대모비스무료상담",https://www.hankyung.com/article/202507035427a,2025.07.03 13:33
"[글로벌 현장을 가다] AACR, 검증된 메커니즘 + 정밀 플랫폼…스위트 스폿을 찾아서",글 윤나리 지아이이노베이션 임상부문장,,https://www.hankyung.com/article/202506021208i,2025.06.11 08:23
글로벌 수요 약화…경기 부양과 긴축 완화 신호에 주목,,"글로벌 주요국의 성장 모멘텀이 둔화되며, 세계 금융시장은 다시 ‘완화적 전환’ 가능성에 주목하고 있다. 미국은 2분기 소매판매 지표가 예상보다 부진하게 나오며, 소비 중심 성장에 경고등이 켜졌다. 높은 금리와 신용축소의 여파로 자동차·가전·의류 등 내구재 중심 소비가 주춤하고 있으며, 개인 저축률도 팬데믹 이전 수준으로 돌아가면서 추가 소비 여력이 약화되고 있다는 분석이 나온다.중국은 기대에 못 미치는 내수 회복세 속에서 대규모 유동성 투입과 부동산 규제 완화 등 본격적인 부양책에 나섰다. 인민은행은 최근 1년물 대출우대금리를 인하하고, 국유은행을 통해 지방정부 프로젝트에 자금을 공급하는 방식으로 경기 하방 압력을 방어 중이다. 하지만 시장은 여전히 민간 소비와 청년 실업률 문제 해결이 더딘 점을 우려하며, 구조적 개혁 없이 부양 효과가 단기에 그칠 수 있다고 지적한다.




 

유럽중앙은행(ECB)과 영란은행(BOE)도 잇달아 기준금리를 동결하거나 인하 시그널을 보이며 긴축 종료 국면에 들어섰다. 유로존의 물가 상승률이 2% 초반까지 낮아진 가운데, 독일·프랑스의 제조업 지표는 수개월 연속 위축세를 기록하고 있다.이처럼 미국 소비 둔화, 중국 부양 정책, 유럽의 금리 정체 등 다극화된 경기흐름 속에서 투자자들은 국가별 대응 차이에 따라 글로벌 자산 배분 전략을 재조정하는 흐름을 보이고 있다. 실물지표에 따라 금리 정책 방향이 달라질 수 있는 만큼, 중앙은행 발언과 거시경제 지표 발표에 대한 민감도가 높아지는 시점이다.SK, 셀트리온, 휴메딕스, 에이피알, 카카오무료상담",https://www.hankyung.com/article/202507235864a,2025.07.23 09:33
"15일, 거래소 외국인 순매수상위에 전기,전자 업종 6종목",,"외국인 투자자는 15일 거래소에서 삼성전자, 한화에어로스페이스, 두산에너빌리티 등을 중점적으로 사들인 것으로 나타났다.외국인 투자자의 순매수 상위 20개 종목은 삼성전자, 한화에어로스페이스, 두산에너빌리티, 풍산, 카카오, HD현대일렉트릭, 이수페타시스, 삼성중공업, 현대로템, 한화솔루션등이다.이중에 전기,전자 업종에 속한 종목이 6개 포함되어 있다.삼성전자, 한화에어로스페이스, 두산에너빌리티 등은 전일 대비 주가가 상승했고, 카카오, 달바글로벌 등은 주가가 하락했다.[07월15일]거래소 외국인 순매수 상위 종목한경로보뉴스이 기사는 한국경제신문과 금융 AI 전문기업 씽크풀이 공동 개발한 기사 자동생성 알고리즘에 의해 실시간으로 작성된 것입니다.",https://www.hankyung.com/article/202507150335L,2025.07.15 18:35
"美 상호관세 유예 마감 앞둔 코스피, 장초반 약세…환율 1360원대","실적 발표한 LG엔솔, 강세","4일 서울 중구 하나은행 딜링룸에서 딜러들이 대화하고 있다/사진=연합뉴스

                상호 관세 유예 종료를 앞두고, 코스피와 코스닥 지수가 장 초반 약세를 보이고 있다.7일 오전 9시6분 현재 코스피는 전 거래일 대비 5.17포인트(0.17%) 내린 3049.11을 가리키고 있다. 코스피는 9.5포인트(0.31%) 하락한 3044.78에 거래를 시작한 후 잠시 상승 전환했지만, 다시 하락세로 돌아섰다.유가증권시장에서 개인은 홀로 179억원을 순매도하는 중이다. 기관과 외국인은 각각 273억원, 42억원을 순매수하는 중이다.시가총액 상위주는 대부분 하락하고 있다. 삼성전자(-1.26%)를 필두로 SK하이닉스(-1.11%), 현대차(-0.71%), 한화에어로스페이스(-0.51%), 두산에너빌리티(-0.5%), 셀트리온(-0.39%), 삼성물산(-0.31%)이 파란불을 켰다. 다만 HD현대중공업(2.28%), 네이버(2.21%)는 강세를 보이고 있다.2분기 실적을 공시한 LG에너지솔루션(1.93%)도 2%가량 오르고 있다. 잠정 매출액은 매출액 5조5654억원, 영업이익 4922억원으로 집계됐다. 영업이익은 시장 기대치(3150억원)를 웃돌았다.같은 시각 코스닥 지수는 전 거래일 대비 3.25포인트(0.42%) 내린 772.55에 거래되고 있다. 코스닥 지수는 1.61포인트(0.21%) 하락한 774.19에 개장한 후 770선에 머무르고 있다.코스닥 시장에서 외국인과 기관은 각각 262억원, 237억원을 순매도하는 중이다. 개인은 603억원 매수 우위를 보이고 있다.코스닥 시총 상위주도 대부분 파란불을 켰다. 리가켐바이오(-1.82%), 레인보우로보틱스(-1.68%), 에코프로비엠(-1.44%), 펩트론(-1.11%), 에코프로(-1.07%), 휴젤(-0.83%), 알테오젠(-0.53%)이 하락 중이다.원·달러 환율은 1362원을 가리키고 있다.증권가는 상호관세 협상 여부에 따라 증시 방향이 결정될 것으로 봤다. 상호 관세 유예 기한은 8일 끝난다. 6일 도널드 트럼프 미국 대통령은 미국이 일방적으로 정한 국가별 관세율을 적시한 '관세 서한' 발송 대상이 12개국 또는 15개국이 될 수 있다고 밝혔다.트럼프 대통령은 '7월 9일이나 8월 1일이 되면 관세율이 바뀔 수 있느냐'는 질문엔 ""나는 우리가 대부분 국가(와 협상)를 7월 9일까지 마무리할 것이라고 생각한다. 서한 아니면 협상(a deal)""이라고 답했다.이와 관련해 하워드 러트닉 상무장관은 ""관세는 8월 1일부터 발효될 것""이라며 ""대통령은 지금 당장 관세율과 협상을 설정하고 있다""고 부연했다.4일(현지시간) 뉴욕증시는 미국의 독립기념일을 맞아 휴장했다.진영기 한경닷컴 기자 young71@hankyung.com",https://www.hankyung.com/article/2025070716016,2025.07.07 09:16
"""로직스는 CMO, 에피스는 R&D…삼성바이오 잘 헤어졌다""",,"출처:챗GPT 생성이미지

삼성바이오로직스의 인적분할로 이해충돌의 요소가 사라지며 기업가치가 상승할 것이라는 증권업계의 평가가 이어지고 있다. 삼성바이오에피스와의 분리가 각 사에게 더 이로울 것이란 분석이 지배적이다. 다만 재상장할 신설회사 '삼성에피스홀딩스'의 경우, 연구·개발(R&D)기업으로 기업가치 제고에 나서야한다는 지적도 나왔다.23일 각 증권사의 애널리포트는 삼성바이오로직스의 인적분할을 긍정적으로 봤다. 우선 고객사 확대에 도움이 될 것이라는 분석이다. 삼성바이오로직스는 글로벌 상위 20개 제약사 중 17곳을 고객사로 확보하고 있다. 다만 고객사의 주요 제품 특허 만료 이후에 삼성바이오에피스에서 기존 고객사의 바이오시밀러 의약품이 나올 수 있다는 우려가 항상 존재해왔기 때문이다. 특히 삼성바이오에피스가 글로벌 톱5수준의 바이오시밀러로 성장하면서 기술 유출에 대한 경계감은 더 커졌다. 정유경 신영증권 연구위원은 ""삼성바이오로직스는 IT시스템을 분리하거나, 프로젝트 담당 인력을 고정하는 등 파이어월을 구축하며 고객사 우려를 불식시키려 노력했으나 삼성바이오에피스의 바이오시밀러 사업이 성과를 내고 실적이 증가하는 모습을 보이며 신규 고객사 중심으로 이해상충 우려가 고조됐다""며 ""파이어월 구축에 따른 내부 조직 운영의 비효율성도 증가하며 에피스를 분리하는 결정을 내린 것으로 추정된다""고 말했다.영업이익률 개선도 긍정적인 요소로 평가했다. 삼성바이오에피스의 영업이익률은 삼성바이오로직스보다 낮다. 김선아 하나증권 연구원은 ""삼성바이오로직스는 삼성바이오에피스를 연결기업으로 두면서 겪은 외형적 매출 및 영업이익 감소 문제를 해결하게 된다""고 했다.다만 항체의약품 중심의 단순화된 CDMO 사업 모델에 대한 우려도 나왔다. 정유경 연구위원은 ""사업의 성장성이 '공장의 증설→수주→실적으로 단순화돼 어느 하나의 결과가 미진할 시 성장성 정체로 인식될 수 있다""며 ""생산 가능한 모달리티가 아직 다양하지 않은 상황에서 전방시장의 둔화나 정책 리스크에 따른 산업 패러다임의 변화에 노출될 시 밸류에이션 디레이팅으로 즉시 연결될 것""이라고 지적했다.신설회사 '삼성에피스홀딩스(가칭)'의 기업가치에 대한 의구심도 나왔다. 삼성바이오로직스는 22일 삼성에피스홀딩스와의 분할 비율을 약 65대 35라고 발표했다. 이에 따르면 삼성바이오로직스의 기업가치는 약 50조원, 삼성에피스홀딩스의 가치는 27조원이 된다. 이희영 대신증권 연구원은 ""이 경우 삼성에피스홀딩스의 지난 12개월간 EV/EBITDA(기업가치를 세전영업이익으로 나눈 값)은 65.6배가 된다""며 ""같은 바이오시밀러 기업인 산도즈의 EV/EBITDA는 15.9배, 셀트리온은 23.1배""라고 꼬집었다.  EV/EBITDA 값이 높다는 것은 기업가치가 고평가됐다는 것을 의미한다. 위해주 한국투자증권 연구원도 ""바이오시밀러 사업의 개발 진입장벽이 점차 낮아지고 가격 경쟁이 치열해지는 국면""이라며 ""관세와 약가 인하 리스크까지 불거지고 있어 삼성에피스홀딩스의 기업가치는 불확실하다""고 했다.반면 미래 성장 가치를 높게 보는 시각도 많았다. 김승민 미래에셋 연구위원은 '집중의 로직스, 진화의 에피스'라는 제목의 보고서를 통해 ""삼성에피스홀딩스는 기업가치 하락을 예상한다""면서도 “장기적으로는 바이오시밀러 사업 외에 (신약 개발 등) 신규사업의 가치가 추가될 것”이라고 덧붙였다.정유경 연구위원도 '서로 더 나은 미래를 위한 헤어짐'이라는 제목의 보고서에서 ""그동안 CDMO 사업에 가려 제대로 인식되고 평가받지 못했던 바이오시밀러 사업의 성과와 실적이 온전히 주목받을 수 있게 됐다""며 ""추진 중인 신약 프로젝트도 적극 공개가 가능해 R&D기업으로서 밸류에이션을 정당하게 받을 수 있을 것""이라고 했다. 또 ""신규사업 추진 및 사업회사 확장에 자율성이 높아져 삼성그룹 바이오사업 확장의 도구로 자리잡고 인식될 것""이라고 했다.이번 인적분할을 두고 삼성의 지배구조 개편을 위한 시도로 보는 시선도 여전하다. 엄민용 신한투자증권 연구원은 ""이번 분할을 삼성전자에 대한 지분 확보를 위한 포석으로 해석하는 시도도 있다""며 ""삼성물산이 보유하는 삼성바이오로직스 지분과 삼성생명 보유 삼성전자 지분의 스왑은 현행 보험업법상 현실화되기 어려운 방안이지만, 바이오 중간지주회사 설립은 합리적 접근”이라는 입장을 밝혔다. 그러면서 ""(삼성물산은) 삼성바이오로직스의 지분을 삼성에피스홀딩스에 현물 출자를 한 후 신주배정을 받을 수 있다""며 ""이후 외부매각을 통해 삼성전자 지분을 매입할 현금확보가 가능하다""고 의견을 밝혔다.오현아/안대규 기자 5hyun@hankyung.com",https://www.hankyung.com/article/202505231579i,2025.05.23 15:55
연4%대 금리로 본인자산 포함 최대 4배 자금 마련해서 저가에 매수!,,"부자네스탁론이 특별 이벤트로 5년고정 연 4.9%의 저금리 스탁론 상품을 출시하면서 투자자들에게 화제가 되고 있다.5년고정 연 4.9%의 저금리 스탁론은 주요 증권사의 신용 금리로 알려진 8~9%대의 금리보다 훨씬 금리가 낮은 상품이다.스탁론 상품들은 증권사 신용보다 레버리지는 더 높고 담보유지비율은 더 낮아 투자 고수들 사이에서 잘 알려진 상품이다.미수나 반대매도를 해결해주는 대환대출상품, 한 종목 100% 집중투자 상품신용등급, 매수불가종목, D.S.R 등 주식투자자들의 고민을 완벽하게 해결해주는 솔루션을 제공하는부자네스탁론은 고객마다 가장 최적의 대출방법으로 해결해준다.-스탁론 D.S.R<총부채원리금상환비율> 고강도 규제에도! 문제없는 부자네스탁론!– 소득 낮고 기존 대출금액 많아도 계좌평가금액에 비례해서 대출가능!▶머니투데이 부자네스탁론① 5년고정 연 4.9% 금리의 최저금리 스탁론② 자기자본포함 최대 4배까지 레버리지 투자 가능③ 매수가능종목 100% 집중투자가능 (코스닥, 시가총액, 포트폴리오비율상관없이)④ 스탁론 전종목 1:1 매수상담문의 → 수익극대화⑤ 반대매도 임박 / 추가입금이 힘들다면? → 1:1 로스컷 전문상담⑥ D.S.R과 신용등급 낮.아.도 문제없이 매입/대환까지 가능!★ D.S.R비율, 신용등급 무관 저금리 부자네스탁 AM8:00~PM4:00 ☎1577-5852★ AM 8:00 부터 선착순 예약접수 http://www.bujane.co.kr/6월 고객들의 문의가 많은 종목은 한화에어로스페이스, LIG넥스원, SK하이닉스, 두산에너빌리티, 셀트리온 등이 있다.무료상담",https://www.hankyung.com/article/202506260561a,2025.06.26 10:58
"이자 부담은 최소로, 투자 효율은 최대로! 신용대출 3%대 활용법",,"전송종목 : KG에코솔루션, 아톤, 제로투세븐, 싸이맥스, 애경케미칼




 

최근 주식 투자자들 사이에서 주식대출(미수/신용융자 등)의 고금리에 대한 부담이 커지고 있다.특히 저금리를 적용 받고 싶어도, 기존 대출을 상환하고 다시 주식을 매수해야 하는 번거로운 절차와 자금 조달의 어려움이 발목을 잡고 있다.이런 현실적인 문제를 해결하고자, 무빙스탁이 ‘증권사 신용, 대환자금대출’ 서비스를 전격 출시했다.이 상품은 주식을 매도하지 않고도, 기존의 고금리의 주식대출(미수/신용융자 등)의 3%대의 혁신적인 저금리 증권사로 전환할 수 있도록 상환자금을 제공하는 것이 핵심이다.무빙스탁 관계자는 “현재 증권사 이벤트 금리는 연 3%대 수준으로, 기존 9~10%대 고금리를 적용받는 투자자라면 절감 효과가 상당하다”며, 금리를 5%만 낮추면 “1억원 신용대출 기준으로 연간 약 500만원, 3억원이라면 1,500만원까지도 절약할 수 있다”고 밝혔다.더 놀라운 점은, 현재는 이벤트 기간으로 대환자금대출 신청시 발생하는 이자 비용까지 ‘0원’이라는 사실이다. 대환자금에 대해서 하루의 대출이자도 부담하지 않고 기존 고금리 대출을 저금리로 전환할 수 있어, 고금리 부담에 시달리던 투자자들에게 큰 호응을 얻을 전망이다.이 서비스는 부동산 시장에서 흔히 이용되던 대환대출 개념을 증권시장에 도입한 혁신적인 시도로, 주식 투자자들의 자금 운용에 새로운 대안을 제시할 것으로 기대된다.무빙스탁 ‘증권사 신용, 대환자금대출’의 비용 무료 이벤트는 이벤트 기간 동안 한정적으로 제공되는 만큼, 신용융자를 이용 중인 투자자라면 지금 바로 확인해볼 필요가 있다.★ 장마감 시간이 가까워질수록 문의가 많아 상담이 지연될 수 있습니다.★ 7월 문의하신 고객들이 많이 보유하신 종목으로는 삼성전자, POSCO홀딩스, 셀트리온, 포스코퓨처엠, 에코프로비엠, NAVER, 에코프로, 삼성SDI, LG화학, SK하이닉스, 두산에너빌리티, 카카오, SK이노베이션, LG에너지솔루션, 엘앤에프, 삼천당제약, 현대차, 알테오젠, HPSP, LG전자 등이 있습니다.★ 안내사항과도한 빚은 당신에게 큰 불행을 안겨줄 수 있습니다. 대출 시 신용등급 하락으로 다른 금융거래가 제약받을 수 있습니다. 중개수수료를 요구하거나 받는 것은 불법입니다.상호명: ㈜단비대부 2021-서울영등포-2102(대부업) | TEL: 1544-4886 | 대출금리: 연 20%이내(연체금리는 약정금리+3%p이내, 최대 연 20%이내) | 단, 2021. 7. 7.부터 신규체결, 갱신, 연장되는 계약에 한함 | 채무의 조기상환 조건 및 부대비용 없음. (단, 신용조회비용 및 담보권설정비용 있음), 이자 외 별도로 중개수수료를 요구하거나 수취하는 것은 불법입니다. | 대표이사: 박동원 | 사업자등록번호: 274-86-00231 | 등록기관명칭: 서울 영등포구청(담당부서: 일자리경제과, 02-2670-3420) | 소재지 : 서울 영등포구 여의대방로67길 11, 5층 517호 | 개인정보관리자메일: help@danbifund.co.kr무료상담",https://www.hankyung.com/article/202507173387a,2025.07.17 13:28
합리적 투자 필수! 증권사 신용대출 3%대 전환으로 이자 절감,,"전송종목 : 신세계 I&C, KG이니시스, 이지홀딩스, 서희건설, 유니셈최근 주식 투자자들 사이에서 주식대출(미수/신용융자 등)의 고금리에 대한 부담이 커지고 있다.특히 저금리를 적용 받고 싶어도, 기존 대출을 상환하고 다시 주식을 매수해야 하는 번거로운 절차와 자금 조달의 어려움이 발목을 잡고 있다.이런 현실적인 문제를 해결하고자, 무빙스탁이 ‘증권사 신용, 대환자금대출’ 서비스를 전격 출시했다.이 상품은 주식을 매도하지 않고도, 기존의 고금리의 주식대출(미수/신용융자 등)의 3%대의 혁신적인 저금리 증권사로 전환할 수 있도록 상환자금을 제공하는 것이 핵심이다.무빙스탁 관계자는 “현재 증권사 이벤트 금리는 연 3%대 수준으로, 기존 9~10%대 고금리를 적용받는 투자자라면 절감 효과가 상당하다”며, 금리를 5%만 낮추면 “1억원 신용대출 기준으로 연간 약 500만원, 3억원이라면 1,500만원까지도 절약할 수 있다”고 밝혔다.더 놀라운 점은, 현재는 이벤트 기간으로 대환자금대출 신청시 발생하는 이자 비용까지 ‘0원’이라는 사실이다. 대환자금에 대해서 하루의 대출이자도 부담하지 않고 기존 고금리 대출을 저금리로 전환할 수 있어, 고금리 부담에 시달리던 투자자들에게 큰 호응을 얻을 전망이다.이 서비스는 부동산 시장에서 흔히 이용되던 대환대출 개념을 증권시장에 도입한 혁신적인 시도로, 주식 투자자들의 자금 운용에 새로운 대안을 제시할 것으로 기대된다.무빙스탁 ‘증권사 신용, 대환자금대출’의 비용 무료 이벤트는 이벤트 기간 동안 한정적으로 제공되는 만큼, 신용융자를 이용 중인 투자자라면 지금 바로 확인해볼 필요가 있다.★ 장마감 시간이 가까워질수록 문의가 많아 상담이 지연될 수 있습니다.★ 7월 문의하신 고객들이 많이 보유하신 종목으로는 삼성전자, POSCO홀딩스, 셀트리온, 포스코퓨처엠, 에코프로비엠, NAVER, 에코프로, 삼성SDI, LG화학, SK하이닉스, 두산에너빌리티, 카카오, SK이노베이션, LG에너지솔루션, 엘앤에프, 삼천당제약, 현대차, 알테오젠, HPSP, LG전자 등이 있습니다.★ 안내사항과도한 빚은 당신에게 큰 불행을 안겨줄 수 있습니다. 대출 시 신용등급 하락으로 다른 금융거래가 제약받을 수 있습니다. 중개수수료를 요구하거나 받는 것은 불법입니다.상호명: ㈜단비대부 2021-서울영등포-2102(대부업) | TEL: 1544-4886 | 대출금리: 연 20%이내(연체금리는 약정금리+3%p이내, 최대 연 20%이내) | 단, 2021. 7. 7.부터 신규체결, 갱신, 연장되는 계약에 한함 | 채무의 조기상환 조건 및 부대비용 없음. (단, 신용조회비용 및 담보권설정비용 있음), 이자 외 별도로 중개수수료를 요구하거나 수취하는 것은 불법입니다. | 대표이사: 박동원 | 사업자등록번호: 274-86-00231 | 등록기관명칭: 서울 영등포구청(담당부서: 일자리경제과, 02-2670-3420) | 소재지 : 서울 영등포구 여의대방로67길 11, 5층 517호 | 개인정보관리자메일: help@danbifund.co.kr무료상담",https://www.hankyung.com/article/202507111598a,2025.07.11 13:28
"23일, 거래소 기관 순매도상위에 전기,전자 업종 4종목",,"기관 투자자는 23일 거래소에서 TIGER MSCI Korea TR, 한화솔루션, 삼성전자 등을 중점적으로 매도한 것으로 나타났다.기관 투자자의 순매도 상위 20개 종목은 TIGER MSCI Korea TR, 한화솔루션, 삼성전자, 두산에너빌리티, 시프트업, 기아, 삼성바이오로직스, SK하이닉스, ACE 미국30년국채액티브(H), LG에너지솔루션등이다.이중에 전기,전자 업종에 속한 종목이 4개 포함되어 있다.TIGER MSCI Korea TR, 두산에너빌리티, SK하이닉스 등은 전일 대비 주가가 상승했고, 한화솔루션, 삼성전자, 시프트업 등은 주가가 하락했다.[05월23일]거래소 기관 순매도 상위 종목한경로보뉴스이 기사는 한국경제신문과 금융 AI 전문기업 씽크풀이 공동 개발한 기사 자동생성 알고리즘에 의해 실시간으로 작성된 것입니다.",https://www.hankyung.com/article/202505232563L,2025.05.23 18:35
이자 부담 최소화! 증권사 신용대출 3%대로 바꾸는 절호의 기회,,"전송종목 : 삼성SDI, 대한유화, 미래에셋증권, GS리테일, 오뚜기최근 주식 투자자들 사이에서 주식대출(미수/신용융자 등)의 고금리에 대한 부담이 커지고 있다.특히 저금리를 적용 받고 싶어도, 기존 대출을 상환하고 다시 주식을 매수해야 하는 번거로운 절차와 자금 조달의 어려움이 발목을 잡고 있다.이런 현실적인 문제를 해결하고자, 무빙스탁이 ‘증권사 신용, 대환자금대출’ 서비스를 전격 출시했다.이 상품은 주식을 매도하지 않고도, 기존의 고금리의 주식대출(미수/신용융자 등)의 3%대의 혁신적인 저금리 증권사로 전환할 수 있도록 상환자금을 제공하는 것이 핵심이다.무빙스탁 관계자는 “현재 증권사 이벤트 금리는 연 3%대 수준으로, 기존 9~10%대 고금리를 적용받는 투자자라면 절감 효과가 상당하다”며, 금리를 5%만 낮추면 “1억원 신용대출 기준으로 연간 약 500만원, 3억원이라면 1,500만원까지도 절약할 수 있다”고 밝혔다.더 놀라운 점은, 현재는 이벤트 기간으로 대환자금대출 신청시 발생하는 이자 비용까지 ‘0원’이라는 사실이다. 대환자금에 대해서 하루의 대출이자도 부담하지 않고 기존 고금리 대출을 저금리로 전환할 수 있어, 고금리 부담에 시달리던 투자자들에게 큰 호응을 얻을 전망이다.이 서비스는 부동산 시장에서 흔히 이용되던 대환대출 개념을 증권시장에 도입한 혁신적인 시도로, 주식 투자자들의 자금 운용에 새로운 대안을 제시할 것으로 기대된다.무빙스탁 ‘증권사 신용, 대환자금대출’의 비용 무료 이벤트는 이벤트 기간 동안 한정적으로 제공되는 만큼, 신용융자를 이용 중인 투자자라면 지금 바로 확인해볼 필요가 있다.★ 장마감 시간이 가까워질수록 문의가 많아 상담이 지연될 수 있습니다.★ 7월 문의하신 고객들이 많이 보유하신 종목으로는 삼성전자, POSCO홀딩스, 셀트리온, 포스코퓨처엠, 에코프로비엠, NAVER, 에코프로, 삼성SDI, LG화학, SK하이닉스, 두산에너빌리티, 카카오, SK이노베이션, LG에너지솔루션, 엘앤에프, 삼천당제약, 현대차, 알테오젠, HPSP, LG전자 등이 있습니다.★ 안내사항과도한 빚은 당신에게 큰 불행을 안겨줄 수 있습니다. 대출 시 신용등급 하락으로 다른 금융거래가 제약받을 수 있습니다. 중개수수료를 요구하거나 받는 것은 불법입니다.상호명: ㈜단비대부 2021-서울영등포-2102(대부업) | TEL: 1544-4886 | 대출금리: 연 20%이내(연체금리는 약정금리+3%p이내, 최대 연 20%이내) | 단, 2021. 7. 7.부터 신규체결, 갱신, 연장되는 계약에 한함 | 채무의 조기상환 조건 및 부대비용 없음. (단, 신용조회비용 및 담보권설정비용 있음), 이자 외 별도로 중개수수료를 요구하거나 수취하는 것은 불법입니다. | 대표이사: 박동원 | 사업자등록번호: 274-86-00231 | 등록기관명칭: 서울 영등포구청(담당부서: 일자리경제과, 02-2670-3420) | 소재지 : 서울 영등포구 여의대방로67길 11, 5층 517호 | 개인정보관리자메일: help@danbifund.co.kr무료상담",https://www.hankyung.com/article/202507210589a,2025.07.21 08:43
"NAVER, 저작권 소송 리스크에도 AI·중소상공인 전략에 보합세",,"NAVER(035420)는 최근 뚜렷한 주가 모멘텀이 부재한 가운데, 한국신문협회의 저작권법 위반 관련 소송으로 리스크가 부각되며 보합권 흐름을 이어가고 있다. 이 소송은 생성형 AI 서비스 ‘하이퍼클로바’를 둘러싸고 이슈화되며 시장 신뢰도에 부담 요인으로 작용하고 있다.반면, AI 기술 개발과 중소상공인 지원 프로그램은 투자 심리의 긍정적 요소로 작용 중이다. NAVER는 ‘브랜드 부스터’와 ‘성장 마일리지’ 같은 플랫폼 상생 정책을 통해 중소 판매자를 지원하고 있으며, 이는 주가 하단 지지력으로 평가받고 있다.주가 흐름은 외국인 및 기관 투자자의 매도·매수 균형 속에 보합권을 형성하고 있다. 증권업계도 “법적 불확실성이 해소되지 않으면 강한 상승 동력으로 연결되기 어렵다”면서 신중한 접근을 권고하는 분위기다.향후 관건은 ▶저작권 소송 결과 ▶AI 인프라 및 글로벌 서비스 관련 추가 정책 ▶중소상공인 프로그램의 실효성 여부 등이다. 특히 법적 리스크 완화 여부에 따라 기술 중심 전략의 시장 반영 가능성이 결정될 전망이다.강원에너지, 강원랜드, 하이브, 효성중공업, 셀트리온무료상담",https://www.hankyung.com/article/202507047871a,2025.07.04 13:33
저가매수찬스! 5년고정 연 4.9% 상품으로 본인자산포함 최대 4배로 주식매수!,,"부자네스탁론이 특별 이벤트로 5년고정 연 4.9%의 저금리 스탁론 상품을 출시하면서 투자자들에게 화제가 되고 있다.5년고정 연 4.9%의 저금리 스탁론은 주요 증권사의 신용 금리로 알려진 8~9%대의 금리보다 훨씬 금리가 낮은 상품이다.스탁론 상품들은 증권사 신용보다 레버리지는 더 높고 담보유지비율은 더 낮아 투자 고수들 사이에서 잘 알려진 상품이다.미수나 반대매도를 해결해주는 대환대출상품, 한 종목 100% 집중투자 상품신용등급, 매수불가종목, D.S.R 등 주식투자자들의 고민을 완벽하게 해결해주는 솔루션을 제공하는부자네스탁론은 고객마다 가장 최적의 대출방법으로 해결해준다.-스탁론 D.S.R<총부채원리금상환비율> 고강도 규제에도! 문제없는 부자네스탁론!– 소득 낮고 기존 대출금액 많아도 계좌평가금액에 비례해서 대출가능!▶머니투데이 부자네스탁론① 5년고정 연 4.9% 금리의 최저금리 스탁론② 자기자본포함 최대 4배까지 레버리지 투자 가능③ 매수가능종목 100% 집중투자가능 (코스닥, 시가총액, 포트폴리오비율상관없이)④ 스탁론 전종목 1:1 매수상담문의 → 수익극대화⑤ 반대매도 임박 / 추가입금이 힘들다면? → 1:1 로스컷 전문상담⑥ D.S.R과 신용등급 낮.아.도 문제없이 매입/대환까지 가능!★ D.S.R비율, 신용등급 무관 저금리 부자네스탁 AM8:00~PM4:00 ☎1577-5852★ AM 8:00 부터 선착순 예약접수 http://www.bujane.co.kr/6월 고객들의 문의가 많은 종목은 한화에어로스페이스, LIG넥스원, 한화비전, 두산에너빌리티, 셀트리온 등이 있다.무료상담",https://www.hankyung.com/article/202506179316a,2025.06.17 09:38
9~10% 주식 관련 대출에서 3%대 대출로 교체,,"전송종목 : 극동유화, 원익피앤이, SH에너지화학, 풍산, 노루홀딩스최근 주식 투자자들 사이에서 주식대출(미수/신용융자 등)의 고금리에 대한 부담이 커지고 있다.특히 저금리를 적용 받고 싶어도, 기존 대출을 상환하고 다시 주식을 매수해야 하는 번거로운 절차와 자금 조달의 어려움이 발목을 잡고 있다.이런 현실적인 문제를 해결하고자, 무빙스탁이 ‘증권사 신용, 대환자금대출’ 서비스를 전격 출시했다.이 상품은 주식을 매도하지 않고도, 기존의 고금리의 주식대출(미수/신용융자 등)의 3%대의 혁신적인 저금리 증권사로 전환할 수 있도록 상환자금을 제공하는 것이 핵심이다.무빙스탁 관계자는 “현재 증권사 이벤트 금리는 연 3%대 수준으로, 기존 9~10%대 고금리를 적용받는 투자자라면 절감 효과가 상당하다”며, 금리를 5%만 낮추면 “1억원 신용대출 기준으로 연간 약 500만원, 3억원이라면 1,500만원까지도 절약할 수 있다”고 밝혔다.더 놀라운 점은, 현재는 이벤트 기간으로 대환자금대출 신청시 발생하는 이자 비용까지 ‘0원’이라는 사실이다. 대환자금에 대해서 하루의 대출이자도 부담하지 않고 기존 고금리 대출을 저금리로 전환할 수 있어, 고금리 부담에 시달리던 투자자들에게 큰 호응을 얻을 전망이다.이 서비스는 부동산 시장에서 흔히 이용되던 대환대출 개념을 증권시장에 도입한 혁신적인 시도로, 주식 투자자들의 자금 운용에 새로운 대안을 제시할 것으로 기대된다.무빙스탁 ‘증권사 신용, 대환자금대출’의 비용 무료 이벤트는 이벤트 기간 동안 한정적으로 제공되는 만큼, 신용융자를 이용 중인 투자자라면 지금 바로 확인해볼 필요가 있다.★ 장마감 시간이 가까워질수록 문의가 많아 상담이 지연될 수 있습니다.★ 6월 문의하신 고객들이 많이 보유하신 종목으로는 삼성전자, POSCO홀딩스, 셀트리온, 포스코퓨처엠, 에코프로비엠, NAVER, 에코프로, 삼성SDI, LG화학, SK하이닉스, 두산에너빌리티, 카카오, SK이노베이션, LG에너지솔루션, 엘앤에프, 삼천당제약, 현대차, 알테오젠, HPSP, LG전자 등이 있습니다.★ 안내사항과도한 빚은 당신에게 큰 불행을 안겨줄 수 있습니다. 대출 시 신용등급 하락으로 다른 금융거래가 제약받을 수 있습니다. 중개수수료를 요구하거나 받는 것은 불법입니다.상호명: ㈜단비대부 2021-서울영등포-2102(대부업) | TEL: 1544-4886 | 대출금리: 연 20%이내(연체금리는 약정금리+3%p이내, 최대 연 20%이내) | 단, 2021. 7. 7.부터 신규체결, 갱신, 연장되는 계약에 한함 | 채무의 조기상환 조건 및 부대비용 없음. (단, 신용조회비용 및 담보권설정비용 있음), 이자 외 별도로 중개수수료를 요구하거나 수취하는 것은 불법입니다. | 대표이사: 박동원 | 사업자등록번호: 274-86-00231 | 등록기관명칭: 서울 영등포구청(담당부서: 일자리경제과, 02-2670-3420) | 소재지 : 서울 영등포구 여의대방로67길 11, 5층 517호 | 개인정보관리자메일: help@danbifund.co.kr무료상담",https://www.hankyung.com/article/202506245026a,2025.06.24 09:58
"주식 매도 없이 신용이자 연 1,500만 원 줄이는 비법",,"전송종목 : 동양철관, KCTC, 신원, 포스코엠텍, 무림P&P최근 주식 투자자들 사이에서 주식대출(미수/신용융자 등)의 고금리에 대한 부담이 커지고 있다.특히 저금리를 적용 받고 싶어도, 기존 대출을 상환하고 다시 주식을 매수해야 하는 번거로운 절차와 자금 조달의 어려움이 발목을 잡고 있다.이런 현실적인 문제를 해결하고자, 무빙스탁이 ‘증권사 신용, 대환자금대출’ 서비스를 전격 출시했다.이 상품은 주식을 매도하지 않고도, 기존의 고금리의 주식대출(미수/신용융자 등)의 3%대의 혁신적인 저금리 증권사로 전환할 수 있도록 상환자금을 제공하는 것이 핵심이다.무빙스탁 관계자는 “현재 증권사 이벤트 금리는 연 3%대 수준으로, 기존 9~10%대 고금리를 적용받는 투자자라면 절감 효과가 상당하다”며, 금리를 5%만 낮추면 “1억원 신용대출 기준으로 연간 약 500만원, 3억원이라면 1,500만원까지도 절약할 수 있다”고 밝혔다.더 놀라운 점은, 현재는 이벤트 기간으로 대환자금대출 신청시 발생하는 이자 비용까지 ‘0원’이라는 사실이다. 대환자금에 대해서 하루의 대출이자도 부담하지 않고 기존 고금리 대출을 저금리로 전환할 수 있어, 고금리 부담에 시달리던 투자자들에게 큰 호응을 얻을 전망이다.이 서비스는 부동산 시장에서 흔히 이용되던 대환대출 개념을 증권시장에 도입한 혁신적인 시도로, 주식 투자자들의 자금 운용에 새로운 대안을 제시할 것으로 기대된다.무빙스탁 ‘증권사 신용, 대환자금대출’의 비용 무료 이벤트는 이벤트 기간 동안 한정적으로 제공되는 만큼, 신용융자를 이용 중인 투자자라면 지금 바로 확인해볼 필요가 있다.★ 장마감 시간이 가까워질수록 문의가 많아 상담이 지연될 수 있습니다.★ 7월 문의하신 고객들이 많이 보유하신 종목으로는 삼성전자, POSCO홀딩스, 셀트리온, 포스코퓨처엠, 에코프로비엠, NAVER, 에코프로, 삼성SDI, LG화학, SK하이닉스, 두산에너빌리티, 카카오, SK이노베이션, LG에너지솔루션, 엘앤에프, 삼천당제약, 현대차, 알테오젠, HPSP, LG전자 등이 있습니다.★ 안내사항과도한 빚은 당신에게 큰 불행을 안겨줄 수 있습니다. 대출 시 신용등급 하락으로 다른 금융거래가 제약받을 수 있습니다. 중개수수료를 요구하거나 받는 것은 불법입니다.상호명: ㈜단비대부 2021-서울영등포-2102(대부업) | TEL: 1544-4886 | 대출금리: 연 20%이내(연체금리는 약정금리+3%p이내, 최대 연 20%이내) | 단, 2021. 7. 7.부터 신규체결, 갱신, 연장되는 계약에 한함 | 채무의 조기상환 조건 및 부대비용 없음. (단, 신용조회비용 및 담보권설정비용 있음), 이자 외 별도로 중개수수료를 요구하거나 수취하는 것은 불법입니다. | 대표이사: 박동원 | 사업자등록번호: 274-86-00231 | 등록기관명칭: 서울 영등포구청(담당부서: 일자리경제과, 02-2670-3420) | 소재지 : 서울 영등포구 여의대방로67길 11, 5층 517호 | 개인정보관리자메일: help@danbifund.co.kr무료상담",https://www.hankyung.com/article/202507108872a,2025.07.10 10:28
,,,https://magazine.hankyung.com/business/article/202506043058b,
9~10% 주식 관련 대출에서 3%대 대출로 교체,,"전송종목 : 코웨이, 포스코DX, 롯데쇼핑, 기업은행, 동서최근 주식 투자자들 사이에서 주식대출(미수/신용융자 등)의 고금리에 대한 부담이 커지고 있다.특히 저금리를 적용 받고 싶어도, 기존 대출을 상환하고 다시 주식을 매수해야 하는 번거로운 절차와 자금 조달의 어려움이 발목을 잡고 있다.이런 현실적인 문제를 해결하고자, 무빙스탁이 ‘증권사 신용, 대환자금대출’ 서비스를 전격 출시했다.이 상품은 주식을 매도하지 않고도, 기존의 고금리의 주식대출(미수/신용융자 등)의 3%대의 혁신적인 저금리 증권사로 전환할 수 있도록 상환자금을 제공하는 것이 핵심이다.무빙스탁 관계자는 “현재 증권사 이벤트 금리는 연 3%대 수준으로, 기존 9~10%대 고금리를 적용받는 투자자라면 절감 효과가 상당하다”며, 금리를 5%만 낮추면 “1억원 신용대출 기준으로 연간 약 500만원, 3억원이라면 1,500만원까지도 절약할 수 있다”고 밝혔다.더 놀라운 점은, 현재는 이벤트 기간으로 대환자금대출 신청시 발생하는 이자 비용까지 ‘0원’이라는 사실이다. 대환자금에 대해서 하루의 대출이자도 부담하지 않고 기존 고금리 대출을 저금리로 전환할 수 있어, 고금리 부담에 시달리던 투자자들에게 큰 호응을 얻을 전망이다.이 서비스는 부동산 시장에서 흔히 이용되던 대환대출 개념을 증권시장에 도입한 혁신적인 시도로, 주식 투자자들의 자금 운용에 새로운 대안을 제시할 것으로 기대된다.무빙스탁 ‘증권사 신용, 대환자금대출’의 비용 무료 이벤트는 이벤트 기간 동안 한정적으로 제공되는 만큼, 신용융자를 이용 중인 투자자라면 지금 바로 확인해볼 필요가 있다.★ 장마감 시간이 가까워질수록 문의가 많아 상담이 지연될 수 있습니다.★ 7월 문의하신 고객들이 많이 보유하신 종목으로는 삼성전자, POSCO홀딩스, 셀트리온, 포스코퓨처엠, 에코프로비엠, NAVER, 에코프로, 삼성SDI, LG화학, SK하이닉스, 두산에너빌리티, 카카오, SK이노베이션, LG에너지솔루션, 엘앤에프, 삼천당제약, 현대차, 알테오젠, HPSP, LG전자 등이 있습니다.★ 안내사항과도한 빚은 당신에게 큰 불행을 안겨줄 수 있습니다. 대출 시 신용등급 하락으로 다른 금융거래가 제약받을 수 있습니다. 중개수수료를 요구하거나 받는 것은 불법입니다.상호명: ㈜단비대부 2021-서울영등포-2102(대부업) | TEL: 1544-4886 | 대출금리: 연 20%이내(연체금리는 약정금리+3%p이내, 최대 연 20%이내) | 단, 2021. 7. 7.부터 신규체결, 갱신, 연장되는 계약에 한함 | 채무의 조기상환 조건 및 부대비용 없음. (단, 신용조회비용 및 담보권설정비용 있음), 이자 외 별도로 중개수수료를 요구하거나 수취하는 것은 불법입니다. | 대표이사: 박동원 | 사업자등록번호: 274-86-00231 | 등록기관명칭: 서울 영등포구청(담당부서: 일자리경제과, 02-2670-3420) | 소재지 : 서울 영등포구 여의대방로67길 11, 5층 517호 | 개인정보관리자메일: help@danbifund.co.kr무료상담",https://www.hankyung.com/article/202507223165a,2025.07.22 08:33
고금리 이자 폭탄 피하는 법! 증권사 대출 3%대로 줄이기,,"전송종목 : 이구산업, 남해화학, 특수건설, 스틱인베스트먼트, 팜스토리최근 주식 투자자들 사이에서 주식대출(미수/신용융자 등)의 고금리에 대한 부담이 커지고 있다.특히 저금리를 적용 받고 싶어도, 기존 대출을 상환하고 다시 주식을 매수해야 하는 번거로운 절차와 자금 조달의 어려움이 발목을 잡고 있다.이런 현실적인 문제를 해결하고자, 무빙스탁이 ‘증권사 신용, 대환자금대출’ 서비스를 전격 출시했다.이 상품은 주식을 매도하지 않고도, 기존의 고금리의 주식대출(미수/신용융자 등)의 3%대의 혁신적인 저금리 증권사로 전환할 수 있도록 상환자금을 제공하는 것이 핵심이다.무빙스탁 관계자는 “현재 증권사 이벤트 금리는 연 3%대 수준으로, 기존 9~10%대 고금리를 적용받는 투자자라면 절감 효과가 상당하다”며, 금리를 5%만 낮추면 “1억원 신용대출 기준으로 연간 약 500만원, 3억원이라면 1,500만원까지도 절약할 수 있다”고 밝혔다.더 놀라운 점은, 현재는 이벤트 기간으로 대환자금대출 신청시 발생하는 이자 비용까지 ‘0원’이라는 사실이다. 대환자금에 대해서 하루의 대출이자도 부담하지 않고 기존 고금리 대출을 저금리로 전환할 수 있어, 고금리 부담에 시달리던 투자자들에게 큰 호응을 얻을 전망이다.이 서비스는 부동산 시장에서 흔히 이용되던 대환대출 개념을 증권시장에 도입한 혁신적인 시도로, 주식 투자자들의 자금 운용에 새로운 대안을 제시할 것으로 기대된다.무빙스탁 ‘증권사 신용, 대환자금대출’의 비용 무료 이벤트는 이벤트 기간 동안 한정적으로 제공되는 만큼, 신용융자를 이용 중인 투자자라면 지금 바로 확인해볼 필요가 있다.★ 장마감 시간이 가까워질수록 문의가 많아 상담이 지연될 수 있습니다.★ 7월 문의하신 고객들이 많이 보유하신 종목으로는 삼성전자, POSCO홀딩스, 셀트리온, 포스코퓨처엠, 에코프로비엠, NAVER, 에코프로, 삼성SDI, LG화학, SK하이닉스, 두산에너빌리티, 카카오, SK이노베이션, LG에너지솔루션, 엘앤에프, 삼천당제약, 현대차, 알테오젠, HPSP, LG전자 등이 있습니다.★ 안내사항과도한 빚은 당신에게 큰 불행을 안겨줄 수 있습니다. 대출 시 신용등급 하락으로 다른 금융거래가 제약받을 수 있습니다. 중개수수료를 요구하거나 받는 것은 불법입니다.상호명: ㈜단비대부 2021-서울영등포-2102(대부업) | TEL: 1544-4886 | 대출금리: 연 20%이내(연체금리는 약정금리+3%p이내, 최대 연 20%이내) | 단, 2021. 7. 7.부터 신규체결, 갱신, 연장되는 계약에 한함 | 채무의 조기상환 조건 및 부대비용 없음. (단, 신용조회비용 및 담보권설정비용 있음), 이자 외 별도로 중개수수료를 요구하거나 수취하는 것은 불법입니다. | 대표이사: 박동원 | 사업자등록번호: 274-86-00231 | 등록기관명칭: 서울 영등포구청(담당부서: 일자리경제과, 02-2670-3420) | 소재지 : 서울 영등포구 여의대방로67길 11, 5층 517호 | 개인정보관리자메일: help@danbifund.co.kr무료상담",https://www.hankyung.com/article/202507111589a,2025.07.11 09:43
신용미수 반대매매 간편하게 당일 해결! 업계 최저 연 4%대 금리로 갈아타기!,,"X투자자들 사이에서 ‘스탁론’에 대한 관심이 높아지고 있다. 스탁론은 자기자본 포함 최대 4배까지 활용 가능하며 증권사 신용/미수 대환 용도로도 활용 가능해 대표적인 레버리지 수단으로 자리잡은 상태다.그러나 DSR 한도가 스탁론에도 적용된 후 다른 대출, 소득 증빙 문제로 예전처럼 이용하기 어려워졌다. 이와 함께 높아진 금리도 스탁론 이용을 망설이게 만든 원인으로 꼽힌다.그러나 해결책은 있다. 21년 연속 스탁론 업계 1위를 지키고 있는 하이스탁론이 DSR 무관하게 이용할 수 있는 상품은 물론 연 4%대 최저금리로 이용 가능한 상품까지 취급하며 선택의 폭을 넓힌 것이다.




 

◆ 하이스탁론, 연 4%대 업계 최저금리로 추가 투자금은 물론 신용미수 대환까지!<하이스탁론>에서 누구나 부담 없이 스탁론을 경험할 수 있도록 연 4%대 최저금리 상품을 출시했다. 주식매입 용도는 물론 증권사 미수/신용 대환도 가능하며 신용등급 차등 없이 자기자본 포함 최대 4배까지 활용할 수 있다.이와 함께 DSR 한도 때문에 기존 스탁론 이용이 어려웠던 투자자들은 위한 DSR 무관 상품도 취급 중이다. 이 상품도 투자자들의 깊은 관심을 받으며 업계 최초로 5,000억원을 돌파했다.<하이스탁론>의 새로운 상품에 대해 자세히 알고 싶은 투자자는 고객상담센터(1599-0313)로 연락하면 대출 여부와 상관없이 24시간 언제든 전문상담원과 편리한 상담이 가능하다.○ 연 4%대 업계 최저금리 상품 출시○ DSR 무관 상품 취급 중 (업계 최초 5,000억 돌파)○ 21년 연속 시장 점유율 1위, 16년 연속 대한민국퍼스트브랜드 대상○ 증권사 신용/미수 실시간 상환, 한종목 100% 집중 투자○ 믿을 수 있는 상담품질보증제※하이스탁론상담센터 : 1599-0313바로가기:https://www.hisl.co.kr/0313◆ 현 시각 관심종목 Top 10 : 두산에너빌리티, SK하이닉스, 다날, LS마린솔루션, 셀트리온, 두산퓨얼셀, 한미약품, 컴투스홀딩스, 디앤디파마텍, 현대제철무료상담",https://www.hankyung.com/article/202506132339a,2025.06.16 13:05
"""주식 저평가 더 이상 안 돼""…셀트리온홀딩스 '1조 승부수'","셀트리온株 매입에 5000억 투입 
M&A로 사업구조 개편도 속도","셀트리온그룹 지주회사인 셀트리온홀딩스가 1조원 규모의 신규 재원을 확보해 자회사 셀트리온 주식 매입과 인수합병(M&A)에 활용하겠다고 4일 밝혔다. 자회사 기업가치와 지주사 수익성을 개선하고 M&A 등을 통한 사업구조 개편에 속도를 내겠다는 구상이다.





                셀트리온홀딩스는 마련한 재원으로 이른 시일 안에 2500억원 규모의 셀트리온 주식을 매입하겠다고 이날 발표했다. 재원 출처에 대해선 “추후 공개할 예정”이라고 했다. 서정진 셀트리온그룹 회장이 98.1% 지분을 소유한 셀트리온홀딩스는 셀트리온 지분 22.9%를 보유하고 있다. 회사 관계자는 “셀트리온 주식 매입은 연내 두 차례에 걸쳐 총 5000억원 규모로 진행할 계획”이라며 “전 물량은 장내에서 매수할 방침”이라고 말했다. 주식 매입은 8월 초부터 본격 진행할 예정이다. 셀트리온홀딩스는 셀트리온 지분 추가 확보를 통해 배당 확대 등으로 지주사 수익성이 개선되고 저평가된 셀트리온의 주주가치도 높아질 것으로 기대하고 있다. 국내 대표 바이오시밀러(바이오의약품 복제약) 회사인 셀트리온은 실적이 시장의 기대치를 밑돌자 주가가 떨어져 올해에만 일곱 차례에 걸쳐 6500억원 규모의 자사주 매입을 결정했다. 또 지난 5월에는 주주가치 제고를 위해 보통주 1주당 신주 0.04주를 배정하는 무상증자를 결정했다.셀트리온홀딩스는 연내 5000억원 규모의 신규 주식 매입이 완료되면 해당 주식을 최소 1년 이상 보유할 방침이다. 또한 주식 저평가가 지속되면 셀트리온 주주가치 제고를 위해 남은 5000억원을 추가 투입하는 방안도 검토하고 있다.셀트리온홀딩스는 국내외 기업과의 M&A를 포함해 순수 지주사에서 사업 지주사로 전환하는 방안도 모색하고 있다. 이명선 DB증권 연구위원은 “셀트리온이 M&A에 대해 진지하게 임하고 있고 신약 개발에서도 성과를 이어가고 있어 중장기적으로는 시장에서 가치를 인정해줄 것”이라고 말했다.안대규 기자 powerzanic@hankyung.com",https://www.hankyung.com/article/2025070491631,2025.07.04 17:24
"주식 신용 고금리 방치, 하루 4만원씩 사라지고 있습니다",,"전송종목 : 현대해상, 한미사이언스, 아시아나항공, 한전KPS, HPSP매일 4만 원씩, 1년이면 약 1,500만 원, 이 돈은 누구의 통장으로 들어갈까요?당신이 가만히 있는 순간에도, 고금리 증권사는 웃고 있습니다.최근 주식 투자자들 사이에서는 신용융자, 미수 등 증권사의 고금리 대출의 이자 부담이 뜨거운 감자로 떠오르고 있다.많은 투자자들이 “금리를 낮추고 싶다”고 말하지만, 기존 대출 상환 후 재매수라는 번거로운 절차에 자금 마련까지 어려워 그냥 방치하고 마는 경우가 다반사이다.이러한 고금리의 증권사 신용 및 담보대출 이용자들의 악순환을 끊을 방법이 생겼다.바로 무빙스탁의 ‘증권사 신용, 대환자금대출’ 서비스가 출시된 것이다.이 서비스는 보유 주식을 매도하지 않고, 기존 고금리 주식대출(신용/미수 등)을 연 3%대의 저금리 상품으로 전환할 수 있도록 상환자금을 지원하는 것이 핵심이다.무빙스탁 관계자는 “금리를 5%만 낮춰도, 신용대출 3억 원 기준 무려 1,500만 원의 이자 절감 효과가 있습니다.” 라고 밝혔다.더 놀라운 사실은, 지금 이벤트 기간 중 신청하면 대환자금 이자까지 0원이라는 점이다. 단 하루의 이자 부담도 없이, 기존 고금리를 완전히 벗어날 수 있는 절호의 기회이다.무빙스탁 ‘증권사 신용, 대환자금대출’의 비용 무료 이벤트는 이벤트 기간 동안 한정적으로 제공되는 만큼, 고금리의 신용융자를 이용 중인 투자자라면 지금 바로 확인해볼 필요가 있다.★ 장마감 시간이 가까워질수록 문의가 많아 상담이 지연될 수 있습니다.★ 5월 문의하신 고객들이 많이 보유하신 종목으로는 삼성전자, POSCO홀딩스, 셀트리온, 포스코퓨처엠, 에코프로비엠, NAVER, 에코프로, 삼성SDI, LG화학, SK하이닉스, 두산에너빌리티, 카카오, SK이노베이션, LG에너지솔루션, 엘앤에프, 삼천당제약, 현대차, 알테오젠, HPSP, LG전자 등이 있습니다.★ 안내사항과도한 빚은 당신에게 큰 불행을 안겨줄 수 있습니다. 대출 시 신용등급 하락으로 다른 금융거래가 제약받을 수 있습니다. 중개수수료를 요구하거나 받는 것은 불법입니다.상호명: ㈜단비대부 2021-서울영등포-2102(대부업) | TEL: 1544-4886 | 대출금리: 연 20%이내(연체금리는 약정금리+3%p이내, 최대 연 20%이내) | 단, 2021. 7. 7.부터 신규체결, 갱신, 연장되는 계약에 한함 | 채무의 조기상환 조건 및 부대비용 없음. (단, 신용조회비용 및 담보권설정비용 있음), 이자 외 별도로 중개수수료를 요구하거나 수취하는 것은 불법입니다. | 대표이사: 박동원 | 사업자등록번호: 274-86-00231 | 등록기관명칭: 서울 영등포구청(담당부서: 일자리경제과, 02-2670-3420) | 소재지 : 서울 영등포구 여의대방로67길 11, 5층 517호 | 개인정보관리자메일: help@danbifund.co.kr무료상담",https://www.hankyung.com/article/202505264721a,2025.05.26 14:16
합리적 투자 필수! 증권사 신용대출 3%대 전환으로 이자 절감,,"전송종목 : 산일전기, 티씨케이, SNT모티브, 우주일렉트로, 대화제약최근 주식 투자자들 사이에서 주식대출(미수/신용융자 등)의 고금리에 대한 부담이 커지고 있다.특히 저금리를 적용 받고 싶어도, 기존 대출을 상환하고 다시 주식을 매수해야 하는 번거로운 절차와 자금 조달의 어려움이 발목을 잡고 있다.이런 현실적인 문제를 해결하고자, 무빙스탁이 ‘증권사 신용, 대환자금대출’ 서비스를 전격 출시했다.이 상품은 주식을 매도하지 않고도, 기존의 고금리의 주식대출(미수/신용융자 등)의 3%대의 혁신적인 저금리 증권사로 전환할 수 있도록 상환자금을 제공하는 것이 핵심이다.무빙스탁 관계자는 “현재 증권사 이벤트 금리는 연 3%대 수준으로, 기존 9~10%대 고금리를 적용받는 투자자라면 절감 효과가 상당하다”며, 금리를 5%만 낮추면 “1억원 신용대출 기준으로 연간 약 500만원, 3억원이라면 1,500만원까지도 절약할 수 있다”고 밝혔다.더 놀라운 점은, 현재는 이벤트 기간으로 대환자금대출 신청시 발생하는 이자 비용까지 ‘0원’이라는 사실이다. 대환자금에 대해서 하루의 대출이자도 부담하지 않고 기존 고금리 대출을 저금리로 전환할 수 있어, 고금리 부담에 시달리던 투자자들에게 큰 호응을 얻을 전망이다.이 서비스는 부동산 시장에서 흔히 이용되던 대환대출 개념을 증권시장에 도입한 혁신적인 시도로, 주식 투자자들의 자금 운용에 새로운 대안을 제시할 것으로 기대된다.무빙스탁 ‘증권사 신용, 대환자금대출’의 비용 무료 이벤트는 이벤트 기간 동안 한정적으로 제공되는 만큼, 신용융자를 이용 중인 투자자라면 지금 바로 확인해볼 필요가 있다.★ 장마감 시간이 가까워질수록 문의가 많아 상담이 지연될 수 있습니다.★ 7월 문의하신 고객들이 많이 보유하신 종목으로는 삼성전자, POSCO홀딩스, 셀트리온, 포스코퓨처엠, 에코프로비엠, NAVER, 에코프로, 삼성SDI, LG화학, SK하이닉스, 두산에너빌리티, 카카오, SK이노베이션, LG에너지솔루션, 엘앤에프, 삼천당제약, 현대차, 알테오젠, HPSP, LG전자 등이 있습니다.★ 안내사항과도한 빚은 당신에게 큰 불행을 안겨줄 수 있습니다. 대출 시 신용등급 하락으로 다른 금융거래가 제약받을 수 있습니다. 중개수수료를 요구하거나 받는 것은 불법입니다.상호명: ㈜단비대부 2021-서울영등포-2102(대부업) | TEL: 1544-4886 | 대출금리: 연 20%이내(연체금리는 약정금리+3%p이내, 최대 연 20%이내) | 단, 2021. 7. 7.부터 신규체결, 갱신, 연장되는 계약에 한함 | 채무의 조기상환 조건 및 부대비용 없음. (단, 신용조회비용 및 담보권설정비용 있음), 이자 외 별도로 중개수수료를 요구하거나 수취하는 것은 불법입니다. | 대표이사: 박동원 | 사업자등록번호: 274-86-00231 | 등록기관명칭: 서울 영등포구청(담당부서: 일자리경제과, 02-2670-3420) | 소재지 : 서울 영등포구 여의대방로67길 11, 5층 517호 | 개인정보관리자메일: help@danbifund.co.kr무료상담",https://www.hankyung.com/article/202507158092a,2025.07.15 09:33
[Bio News Up-To-Date]국내에서 일어난 바이오산업 관련 소식 업데이트,,,https://www.hankyung.com/article/202506308368i,2025.07.01 09:51
이자 폭탄 막자! 증권사 신용대출 3%대 전환으로 절약하는 법,,"전송종목 : HMM, 현대위아, 금호석유화학, SKC, 현대모비스최근 주식 투자자들 사이에서 주식대출(미수/신용융자 등)의 고금리에 대한 부담이 커지고 있다.특히 저금리를 적용 받고 싶어도, 기존 대출을 상환하고 다시 주식을 매수해야 하는 번거로운 절차와 자금 조달의 어려움이 발목을 잡고 있다.이런 현실적인 문제를 해결하고자, 무빙스탁이 ‘증권사 신용, 대환자금대출’ 서비스를 전격 출시했다.이 상품은 주식을 매도하지 않고도, 기존의 고금리의 주식대출(미수/신용융자 등)의 3%대의 혁신적인 저금리 증권사로 전환할 수 있도록 상환자금을 제공하는 것이 핵심이다.무빙스탁 관계자는 “현재 증권사 이벤트 금리는 연 3%대 수준으로, 기존 9~10%대 고금리를 적용받는 투자자라면 절감 효과가 상당하다”며, 금리를 5%만 낮추면 “1억원 신용대출 기준으로 연간 약 500만원, 3억원이라면 1,500만원까지도 절약할 수 있다”고 밝혔다.더 놀라운 점은, 현재는 이벤트 기간으로 대환자금대출 신청시 발생하는 이자 비용까지 ‘0원’이라는 사실이다. 대환자금에 대해서 하루의 대출이자도 부담하지 않고 기존 고금리 대출을 저금리로 전환할 수 있어, 고금리 부담에 시달리던 투자자들에게 큰 호응을 얻을 전망이다.이 서비스는 부동산 시장에서 흔히 이용되던 대환대출 개념을 증권시장에 도입한 혁신적인 시도로, 주식 투자자들의 자금 운용에 새로운 대안을 제시할 것으로 기대된다.무빙스탁 ‘증권사 신용, 대환자금대출’의 비용 무료 이벤트는 이벤트 기간 동안 한정적으로 제공되는 만큼, 신용융자를 이용 중인 투자자라면 지금 바로 확인해볼 필요가 있다.★ 장마감 시간이 가까워질수록 문의가 많아 상담이 지연될 수 있습니다.★ 7월 문의하신 고객들이 많이 보유하신 종목으로는 삼성전자, POSCO홀딩스, 셀트리온, 포스코퓨처엠, 에코프로비엠, NAVER, 에코프로, 삼성SDI, LG화학, SK하이닉스, 두산에너빌리티, 카카오, SK이노베이션, LG에너지솔루션, 엘앤에프, 삼천당제약, 현대차, 알테오젠, HPSP, LG전자 등이 있습니다.★ 안내사항과도한 빚은 당신에게 큰 불행을 안겨줄 수 있습니다. 대출 시 신용등급 하락으로 다른 금융거래가 제약받을 수 있습니다. 중개수수료를 요구하거나 받는 것은 불법입니다.상호명: ㈜단비대부 2021-서울영등포-2102(대부업) | TEL: 1544-4886 | 대출금리: 연 20%이내(연체금리는 약정금리+3%p이내, 최대 연 20%이내) | 단, 2021. 7. 7.부터 신규체결, 갱신, 연장되는 계약에 한함 | 채무의 조기상환 조건 및 부대비용 없음. (단, 신용조회비용 및 담보권설정비용 있음), 이자 외 별도로 중개수수료를 요구하거나 수취하는 것은 불법입니다. | 대표이사: 박동원 | 사업자등록번호: 274-86-00231 | 등록기관명칭: 서울 영등포구청(담당부서: 일자리경제과, 02-2670-3420) | 소재지 : 서울 영등포구 여의대방로67길 11, 5층 517호 | 개인정보관리자메일: help@danbifund.co.kr무료상담",https://www.hankyung.com/article/202507210595a,2025.07.21 11:38
저가매수찬스! 5년고정 연 4.9% 상품으로 본인자산포함 최대 4배로 주식매수!,,"부자네스탁론이 봄맞이 이벤트로 5년고정 연 4.9%의 저금리 스탁론 상품을 출시하면서 투자자들에게 화제가 되고 있다.5년고정 연 4.9%의 저금리 스탁론은 주요 증권사의 신용 금리로 알려진 8~9%대의 금리보다 훨씬 금리가 낮은 상품이다.스탁론 상품들은 증권사 신용보다 레버리지는 더 높고 담보유지비율은 더 낮아 투자 고수들 사이에서 잘 알려진 상품이다.미수나 반대매도를 해결해주는 대환대출상품, 한 종목 100% 집중투자 상품신용등급, 매수불가종목, D.S.R 등 주식투자자들의 고민을 완벽하게 해결해주는 솔루션을 제공하는부자네스탁론은 고객마다 가장 최적의 대출방법으로 해결해준다.-스탁론 D.S.R<총부채원리금상환비율> 고강도 규제에도! 문제없는 부자네스탁론!– 소득 낮고 기존 대출금액 많아도 계좌평가금액에 비례해서 대출가능!▶머니투데이 부자네스탁론① 5년고정 연 4.9% 금리의 최저금리 스탁론② 자기자본포함 최대 4배까지 레버리지 투자 가능③ 매수가능종목 100% 집중투자가능 (코스닥, 시가총액, 포트폴리오비율상관없이)④ 스탁론 전종목 1:1 매수상담문의 → 수익극대화⑤ 반대매도 임박 / 추가입금이 힘들다면? → 1:1 로스컷 전문상담⑥ D.S.R과 신용등급 낮.아.도 문제없이 매입/대환까지 가능!★ D.S.R비율, 신용등급 무관 저금리 부자네스탁 AM8:00~PM4:00 ☎1577-5852★ AM 8:00 부터 선착순 예약접수 http://www.bujane.co.kr/5월 고객들의 문의가 많은 종목은 한화에어로스페이스, LIG넥스원, 한화비전, 두산에너빌리티, 셀트리온 등이 있다.무료상담",https://www.hankyung.com/article/202505289849a,2025.05.28 10:18
9~10% 주식 관련 대출에서 3%대 대출로 교체,,"전송종목 : 모토닉, 엠에스씨, 명신산업, 한국무브넥스, 화신최근 주식 투자자들 사이에서 주식대출(미수/신용융자 등)의 고금리에 대한 부담이 커지고 있다.특히 저금리를 적용 받고 싶어도, 기존 대출을 상환하고 다시 주식을 매수해야 하는 번거로운 절차와 자금 조달의 어려움이 발목을 잡고 있다.이런 현실적인 문제를 해결하고자, 무빙스탁이 ‘증권사 신용, 대환자금대출’ 서비스를 전격 출시했다.이 상품은 주식을 매도하지 않고도, 기존의 고금리의 주식대출(미수/신용융자 등)의 3%대의 혁신적인 저금리 증권사로 전환할 수 있도록 상환자금을 제공하는 것이 핵심이다.무빙스탁 관계자는 “현재 증권사 이벤트 금리는 연 3%대 수준으로, 기존 9~10%대 고금리를 적용받는 투자자라면 절감 효과가 상당하다”며, 금리를 5%만 낮추면 “1억원 신용대출 기준으로 연간 약 500만원, 3억원이라면 1,500만원까지도 절약할 수 있다”고 밝혔다.더 놀라운 점은, 현재는 이벤트 기간으로 대환자금대출 신청시 발생하는 이자 비용까지 ‘0원’이라는 사실이다. 대환자금에 대해서 하루의 대출이자도 부담하지 않고 기존 고금리 대출을 저금리로 전환할 수 있어, 고금리 부담에 시달리던 투자자들에게 큰 호응을 얻을 전망이다.이 서비스는 부동산 시장에서 흔히 이용되던 대환대출 개념을 증권시장에 도입한 혁신적인 시도로, 주식 투자자들의 자금 운용에 새로운 대안을 제시할 것으로 기대된다.무빙스탁 ‘증권사 신용, 대환자금대출’의 비용 무료 이벤트는 이벤트 기간 동안 한정적으로 제공되는 만큼, 신용융자를 이용 중인 투자자라면 지금 바로 확인해볼 필요가 있다.★ 장마감 시간이 가까워질수록 문의가 많아 상담이 지연될 수 있습니다.★ 7월 문의하신 고객들이 많이 보유하신 종목으로는 삼성전자, POSCO홀딩스, 셀트리온, 포스코퓨처엠, 에코프로비엠, NAVER, 에코프로, 삼성SDI, LG화학, SK하이닉스, 두산에너빌리티, 카카오, SK이노베이션, LG에너지솔루션, 엘앤에프, 삼천당제약, 현대차, 알테오젠, HPSP, LG전자 등이 있습니다.★ 안내사항과도한 빚은 당신에게 큰 불행을 안겨줄 수 있습니다. 대출 시 신용등급 하락으로 다른 금융거래가 제약받을 수 있습니다. 중개수수료를 요구하거나 받는 것은 불법입니다.상호명: ㈜단비대부 2021-서울영등포-2102(대부업) | TEL: 1544-4886 | 대출금리: 연 20%이내(연체금리는 약정금리+3%p이내, 최대 연 20%이내) | 단, 2021. 7. 7.부터 신규체결, 갱신, 연장되는 계약에 한함 | 채무의 조기상환 조건 및 부대비용 없음. (단, 신용조회비용 및 담보권설정비용 있음), 이자 외 별도로 중개수수료를 요구하거나 수취하는 것은 불법입니다. | 대표이사: 박동원 | 사업자등록번호: 274-86-00231 | 등록기관명칭: 서울 영등포구청(담당부서: 일자리경제과, 02-2670-3420) | 소재지 : 서울 영등포구 여의대방로67길 11, 5층 517호 | 개인정보관리자메일: help@danbifund.co.kr무료상담",https://www.hankyung.com/article/202507108873a,2025.07.10 10:48
식어버린 '조선·변압기' 저가 매수 괜찮을까,"관세에 흔들리는 시장…""차·가전보다 화장품·식품주 유리""","영상 모듈 닫기




<앵커>이번 주 투자 전략 세워보겠습니다. 마이트리투자자문 배윤정 대표와 함께합니다. 대표님 어서오세요.지금 관세 불확실성에 시장이 요동을 치고 있는데 우리 증시는 또 오늘 그나마 버텨주는 날인 것 같고요.지금 무엇에 우리가 주목할 때라고 보시는지 궁금해요.<배윤정 마이트리투자자문 대표>일단 7월은 실적에 가장 주목을 해야 될 것 같고요.<앵커>실적이요?<배윤정 마이트리투자자문 대표>네, 대신에 실적과 관세를 같이 봐야 할 것 같습니다. 일단 저희 실적 전망들은 대부분 다 좋을 것 같아요. 업종 전반에서요.조선이나 방산도 1분기에 좋은 흐름을 유지할 것 같고 반도체나 2차전진은 턴어라운드를 예상하는 국면입니다.오늘 실적 예상치들 보면 그렇고요. 그리고 지난주부터 해서 화장품, 필수 소비재 얘네들도 전반적으로 다 호실적이 나올 것 같은데 제가 관세를 좀 같이 보자고 말씀드리는 이유는 불가피하게 어쩔 수 없이 반도체라든지 2차전지 이런 것들은 관세에 더 영향을 받는 부침이 있을 수 있어서 실적만이 좋더라도 실적 모멘텀을 더 받을 수 있는 건 아마 관세의 영향을 덜 받을 섹터들인 것 같아요.그래서 뒤에서도 말씀드리겠지만 관세의 영향을 덜 받을 거라고 생각되는 화장품 그리고 식품, 엔터 이런 필수 소비재들과 소비재들 위주로 보시는 것이 더 좋을 것 같습니다.<앵커>지금 한국에 얼마나 관세가 부과될까를 놓고 지금 의견이 굉장히 분분한 상황인데요.상호관세 타격이 우리가 얼마나 미칠지는 모르겠습니다만 관련해서 영향을 미치는 건 주로 수출주들 아니겠습니까?주력 수출 섹터들 그러면 관세에 따라서 수출 섹터들을 바라보는 관점 같은 게 달라져야 된다고 보세요? 이번 주에?<배윤정 마이트리투자자문 대표>맞습니다. 그래서 일단 근데 우리의 관세도 어떤 방향으로 흘러갈까가 좀 중요한 것 같은데 지금 결국 관세가 타결된 게 영국이랑 베트남이잖아요.그래서 장표 약간 준비해봤는데 영국과 베트남이 뭘 얻었느냐를 한번 보면 영국은 기본 관세를 10%로 좀 유지를 하고 자동차 관세인하와 철강, 알루미늄 관세를 철폐를 했습니다. 여기서 좀 그러면 봐야 될 것, 그리고 반면에 베트남은 기본 관세를 좀 올리고 환적품은 40%로 올리고 나머지 미국의 전 제품에 대해서는 무관세로 가겠다 이런 모멘텀이 나와요. 영국과 베트남의 약간 기준과 다른 건 기본 관세를 올릴 것이냐 품목에 있어서 인하를 해줄 것이냐라는 건데요. 결론적으로 우리나라나 일본도 결국에는 기본 관세를 올리는 것보다는 품목에 대한 차별화가 좀 있을 것 같습니다.저희가 이 두 가지 협상에 또 보면서 어떤 거를 좀 함축적으로 파악을 하고 있냐면 결국에 무역 적자를 해소하기 위해서 트럼프는 어떻게 갈 거냐 약간 정량적인 지표에 좀 더 관철을 하려고 하는 것 같아요. 우리의 적자폭을 줄여주던가 우리의 흑자폭을 늘려줘라. 그러면 결국에 한국에서도 한국에서 지금 가장 큰 영향을 미치고 있는 게 자동차지 않습니까? 그래서 자동차의 수출률을 보면 저희가 지금 압도적이죠. 자동차 같은 경우는 3위 정도예요.일본과 한국이 합하면 거의 멕시코와 비슷한 수준인데요. 그래서 계속 일본과 한국은 관세를 협상하기가 쉽지가 않은 것 같습니다. 이거를 서로 내주기도 어렵고 그리고 트럼프 입장에서도 낮춰주기는 어려운 상황입니다. 그래서 품목별 차별화가 된다고 한다면 당분간 일부 어떤 협상을 하되 계속 전면적인 협상은 지연이 될 것이다. 그러면 우리나라에서 결국 자동차나 가전제품은 불가피하게 관세의 영향을 받을 수밖에 없다라고 파악이 되고요.다만 저희는 기본 관세에 대해서는 트럼프가 내어주는 모습을 보일 것 같아요. 자동차를 고수하기 위해서는 기본 관세를 좀 낮춰준다면 수출주 중에서도 나머지들은 영향을 덜 받을 수 있거든요. 그래서 아까 말씀드렸던 트럼프의 관심이 덜한 화장품, 식품, 엔터. 혹은 아직까지 관세 하겠다고 하지만 아직 얘기하지 않은 바이오들. 이런 것들은 관심을 가져볼 만할 것 같습니다.<앵커>지금 관세 불확실성이 워낙 심하다 보니까 차라리 내수주 쪽으로 가자 이런 시각도 있던데. 예를 들면 금융도 넓게 보면 내수주 쪽이니까요.금융이나 아니면 마트 이런 쪽들이 카지노 이런 쪽들이 지금 가고 있거든요. 그런 부분 쪽에 집중하는 전략은 어떠세요?<배윤정 마이트리투자자문 대표>내수주 전략도 괜찮습니다. 관광이라면 사실 저희가 역수출을 하는 것과 마찬가지잖아요. 내수의 활성화를 가진 건데 관광업 정도의 실적들도 괜찮고지금 기관들이 또 집중적으로 매수를 하고 있는 섹터이기 때문에 관광센터에 대해서도 관심을 계속 가져보는 건 괜찮을 것 같고 지금 이번 주, 지난주 단기 조정이 좀 있지만 어쨌든 국내 정책에 대한 수혜주는 결국 궁극적으로 계속 갈 거라고 보고 있습니다.그래서 수출주에 대한 부분을 조금 줄이신다면 국내 정책에 대한 수혜주나 말씀 주신 내수주 보시는 것도 괜찮을 것 같습니다.<앵커>이런 관세 불확실성이 해소된 국면에서는 수출주들도 다시 반등할 여력도 있을까요?<배윤정 마이트리투자자문 대표>관세가 해소의 시점이 사실 불확실한 것 같습니다.<앵커>그건 불확실하죠. 그런데 우리가 협상에 따라서 결과가 어느 정도 도출이 된다 그러면?<배윤정 마이트리투자자문 대표>네, 도출이 결국 된다고 하면 근데 궁극적으로 좋은 방향으로 되면 좋겠지만 사실 자동차나 이런 지금 현재 저희가 반도체 나는 큰 협상의 성과를 이뤄내기는 사실 어렵지 않을까 싶습니다. 저희는 지금 안보 패키지들을 하려고 하는데 결국적으로 보면 안보 패키지도 안보 그러면 국방비 얼마도 증액할 것이냐 우리에게 뭐 어떤 이런 숫자적인 데이터를 계속 트럼프한테 제시를 해야 되는 상황이라서 저희가 특정 산업군에 대해서는 일정 부분 손해를 감안해야 다른 얻어낼 수 있는 전략이 있을 것 같다고 생각합니다.<앵커>일단 대표님은 이번 관세협상에 대해서 조금 보수적으로 접근하는 쪽으로 결과에 대해서 마냥 낙관하기는 좀 어렵다는 관점이신 것 같습니다. 지금부터 최근에 한 몇 주 동안 심하게 조정을 받고 있는 섹터들에 대해서 재점검을 좀 해봐야 되는 시점이 아닌가 싶어서 하나씩 좀 여쭤보려고 하는데 첫 번째는 조선이에요. 지금 뭐 한화오션, HD현대중공업 전반적으로 석 달 만에 최저 수준까지 와 있습니다 수출 상황을 보면은 선박 수출 괜찮거든요. 근데 부진한 주가, 이게 이제 사이클이 거의 끝나간다 갑자기 이런 얘기도 나오는 것 같고 이런 상황에서 저가 매수 전략이 유효할까요? 어떻게 보십니까?<배윤정 마이트리투자자문 대표>일단 현재로의 조정은 밸류에이션에 대한 부담이 큰 것 같아요. 지금 저희가 계속 말하는 것처럼 코스피가 좀 더 상승을 해주고서 순매수세가 늘어나야 기존의 주가들이 유지하면서 다른 데 섹터로 자금이 흘러갈 수 있는데 지금 어떻게 보면 순환매 국면이기 때문에 기존에 많이 열렸던 조선, 방산 이런 업체들이 좀 조정을 받으면서 다른 섹터로의 자금 흐름이 흐르고 있어요. 그래서 당분간은 밸류에이션에 대한 부담으로 조정은 불가피하겠으나 말씀 주신 것처럼 실적이 견고합니다. 그러면 이 실적이 사이클이 끝날 것이라고 보느냐 저희는 좀 그렇게 보지는 않아요.그런데 우려스러운 부분은 제가 지난 방송에서 했던 것 같은데 글로벌 수준 현황은 좀 감소를 하고 있습니다.  발주량이 줄고 있기 때문에 한국의 수출 확대와 그리고 전체 시장의 감소 어떤 것이 더 우리한테 이익을 크게 가져다 줄 거냐 이거는 봐야 하는데 그래서 기업에 대한 선별은 좀 있을 것 같아요.그래서 어떻게 보면 기존에 지금 대형 선박주나 이런 걸 대신에 미국의 함정산업에 참여할 수 있는 기업들 그래서 MRO 비즈니스에 대한 수혜를 가져갈 것이 어떤 기업이냐 그리고 LNG 운반선을 누가 수주를 할 것이냐 이런 것들이 좀 영향을 미칠 것 같고요.지금 가장 또 거기서 다크호스로 떠오르는 건 한화그룹들이죠. 한화그룹의 조선 방산업체들이 시너지를 내면서 그런 조선에 있어서의 신사업을 가져갈 것이라고 보기 때문에 조선 섹터에서 지금 저가 매수 기회를 활용해서 그런 쪽으로 더 포커스를 두면 좋을 것 같습니다.<앵커>요즘 삼성중공업 얘기도 많이 거론이 되던데 오늘도 보니까 수주 소식도 있더라고요. 9천억 원 정도 아프리카에서 모잠비크 여기서 FLNG 부유식 천연가스 생산설비를 수주했다. 이게 아무나 할 수 있는 사업이 아니더라고요. 어느 정도 기술력이 있어야 되고 삼성중공업 같은 경우는 최근에 환율이 하락하다 보니까 환헷지를 해놓은 거의 유일한 조선사다 이래가지고 또 거론이 되는 것 같거든요. 삼성중공업은 좀 어떻게 보세요?<배윤정 마이트리투자자문 대표>삼성중공업은 밸류에이션 조정 국면에서 PR이 다른 조선들보다 좀 높아요. 예를 들어 HD 현대나 그런 애들보다는 조금 PER이 높아서 조정에 있어서는 조금 더 영향을 받을 수 있지 않을까. 조금 더 하락을 기다리신 다음에 그런 관심을 가져가시는 게 좋을 것 같습니다.<앵커>밸류에이션이 부담이군요. 두 번째는 전력 인프라 섹터입니다.지금 HD 현대 일렉트릭 50만 원 돌파하고 나서 단 일주일 만에 지금 20% 가까이 급락을 했단 말이죠.  대체 이거 바닥이 어디입니까?<배윤정 마이트리투자자문 대표>그러게요. 조정이라고 하기에는 20% 주는 게 너무 크죠. 그런데 오른 것도 사실 너무 많이 오르긴 했습니다. 하루에 10%, 20%씩 껑충껑충 뛰었으니까요. 그런데 이것도 좀 긍정적이고 먼저 말씀드리자면 실적은 계속 양호합니다. 그리고 이 실적들의 기반을 보면요.결국에 전력 인프라들이 가는 이유가 첫 번째 호재는 노후 인프라에 대한 재건축이 시작이었어요. 그 다음에 지금 뭐가 화두냐면 AI 데이터 센터에 대한 확산입니다. 그리고 탄소 중립 정책 때문에 전력을 계속 더 늘리는 거는 불가피한 그냥 구조적인 순환인 것 같아요.그래서 이런 구조적인 수혜를 받는 전력 인프라 산업이기 때문에 지금 단기 불가피한 조정을 거치고 나면 계속 산업에 있어 실적은 우상향하는 흐름을 보여줄 거라고 생각을 합니다.그리고 또 여기 전력 인프라에서 저희가 모멘텀을 받을 수 있는 시점은 지금 한국도 에너지 고속도로라든지 데이터 센터 구축을 하는 거 지금 이제 시작을 하고 있잖아요. 아직까지는 기대감뿐이긴 하지만 이게 실질적으로 정책으로 이어질 것이기 때문에 이거에 대한 수혜를 누가 입을 것이냐 어떤 것이 대장주가 될 것이냐에 따라 다시 주가는 모멘텀을 받을 것으로 봅니다.그래서 추가적인 조정은 불가피하다고 보여지지만 120일 이평선 부근에서는 적합해서 들어가셔도 되지 않을까 싶습니다.<앵커>그리고 다음은 대표님이 한번 다시 볼 필요가 있다고 강조해 주셨던 2차 전지 섹터 전반적으로 실적이 지금 좋아지고 이런 상황은 아닌 것 같은데 오늘 LG에너지솔루션 호실적이 나왔단 말이죠. AMPC 보조금 빼면 여전히 미약해도 흑자전환으로 어쨌든 성공을 했거든요. 이걸 좀 업황이 살아나고 있다고 봐야 될지 어떻게 보고 계세요?<배윤정 마이트리투자자문 대표>저는 업종 자체의 턴어라운드는 시작하고 있다고 보고 있습니다. 그래서 저희가 2분기 초에도 그런 것들에 대한 전망을 좋게 봤던 건데요. 그래서 LG에너지솔루션의 수익성에 대해서 한번 저희가 분석을 해보면요. 결국에는 두 가지였거든요. ESS의 견조한 수요가 계속 나오고 있고요. 저희가 어떻게 보면 ESS가 약간 좀 피상적으로 들렸어요. 이거 진짜 되는 거야 가시화 되고 있는 거야 아직 좀 먼 얘기라고 느껴졌는데 계속적으로 견조한 수요가 나타나고 있고 그 수요 자체가 미국과 유럽 중심에서 계속 일어나고 있습니다. 이거는 계속 성장성이 가져갈 수 있다고 보는 거고요.그리고 전기차에 대한 수요가 어떻게 될 것이냐 앞서 리포터님도 말씀해주셨지만 전년기 동기 대비해서 30% 이상 증가를 했거든요. 우리가 캐즘을 우려했지만 실질적으로 데이터가 보여주는 거는 시장의 성장이에요.그래서 플러스 또 아직 테슬라만의 얘기라고 할 수는 있지만 미국에서 실질적으로 로보택시에 대한 시장을 열기 시작을 했잖아요. 그러면 로보택시 역시 결국 전기차의 수요를 끌어낼 거거든요. 그러면 전기차의 수요와 ESS 이 두 개의 양축이 견인을 한다고 보면 이거는 시장에 대한 반등이 있을 수 있는 산업에 대한 반등이라고 보여지고요. 그리고 어떻게 또 한편으로 해석할 거는 저희가 LG에너지솔루션뿐만 아니라 기존의 2차전자 업체들이 리튬 가격이 하락을 하면서 예전에 앵커님도 말씀 주셨지만 역래깅 효과가 계속 나타났어요.계속 역마진으로 파는 거랑 똑같은 상황이죠. 그런데 이제 리튬이 70% 정도의 안정세를 보이고 있습니다. 그러면 이거는 기존에 내가 돈 벌었던 것보다 더 적게 번 것처럼 보였던 것이 이제는 내가 번 만큼은 보여진다고 한다고 하면 실적 자체는 개선이 되는 것처럼 보여질 수가 있습니다.<앵커>이거는 소재업체들한테 양극재 업체들한테.<배윤정 마이트리투자자문 대표>그렇죠. 그래서 2차전지 섹터 전반에 있어서 더 이상의 악재는 좀 피하지 않았나 그렇게 보고 있습니다.<앵커>그리고 오늘 나온 소식 중에 알테오젠이 지금 강세를 보이고 있단 말이죠. 알테오젠 산도스가 알테오젠의 바이오시밀러 SC 제형 개발 계획을 오늘 공개를 했다는 소식이 들려오고 있거든요. 이게 2024년에 둘이 기술 이전 계약을 맺었었던 것 같은데 오늘 개발 계획이 공개됐다. 그건 좀 어떤 의미라고 보세요?<배윤정 마이트리투자자문 대표>오늘 개발된 거에 대한, 오늘 발표가 됐던 의미는 사실 뭐 저희는 이렇게 해서 가고 있어요. 알테오젠 뿐만 아니라 지금 한국의 몇 가지 신약 R&D에 대한 기술들이 계속 호재가 나오고 있습니다. 그리고 실질적으로 그게 계약을 하고 생산에 관한 여러 가지들이 좀 겹쳐지고 있어요. 알테오젠도 그렇고 대형제약도 그렇고 그런 굵직굵직한 상징성 있는 기술 계약들이 나오고 있기 때문에 바이오에 대한 전망이 실질적으로 좀 좋아질 것이라고 보고 있고 이미 지금도 흐름이 좋지만요. 실질적인 수출이 나올 것이라고 봅니다.뿐만 아니라 오늘 알테오젠의 급등은 아마 2대주주의 코스피 이전 상장이 큰 것 같아요.<앵커>코스피 이전할 때가 됐다 이런 말을 했죠.<배윤정 마이트리투자자문 대표>이거는 주가에 큰 영향을 받을 수 있는 부분입니다. 코스닥에서 플레이어를 하는 것과 코스피에서는 다른 얘기고요. 이제는 셀트리온이라는 견질 수 있는 회사가 되어가는 것이라고 볼 수 있기 때문에 보고에 대한 반영이 더 클 것 같고 예전부터 계속 있었던 얘기이긴 합니다. 2대주주는 계속 그걸 원했었어요. 근데 아직까지 실현이 되고 있지 않은데 이번 타이밍은 괜찮을 것 같습니다.왜냐하면 이번 분기에 25년도 실적 최저치가요. 알테오젠이 영업이익이 1,600억인데 매출이 2,500억입니다.영업이익이 상당히 높죠. 이런 타이밍에서는 코스피 시장으로 이전하는 데 또 재무적으로 굉장히 탄탄하기 때문에 좋은 타이밍일 것 같습니다.<앵커>알테오젠마저 코스피를 가면 코스닥은 누가 지키나요? 갈수록 열악해져가는 코스닥을 볼 수가 있는데 어쨌거나 알테오젠에는 이전 가능성이 굉장히 높게 점쳐진다라는 평가를 주셨습니다. 이번 주 마이트리 투자자문의 주간 투자 전략을 한번 들어보고 싶은데요.<배윤정 마이트리투자자문 대표>첫 번째는 앞서 말씀드린 것처럼 일단 관세 영향을 덜 받는 수출 중심의 실적이 괜찮은 애들 이걸 하나 보시자라고 말씀을 드리고 싶고요.두 번째로 좀 또 약간 단기 테마성으로는 어떤 것들을 보면 좋을 거면 배당소득세가 이제 또 다시 본격적으로 논의를 시작하고 있습니다.그래서 오늘 KT&G 주가도 좀 급등을 했어요. 그래서 배당소득세의 영향을 받을 배당주들이 이번 주에는 조금 더 꿈틀꿈틀거리는 반응이 있지 않을까싶어서 봐주시면 좋을 것 같고<앵커>그냥 배당 많이 하는 종목들<배윤정 마이트리투자자문 대표>네. KT&G를 필두로 이런 종목들을 봐주시면 좋을 것 같고 그리고 이제 슬슬 또 나온 얘기가 상법 개정안 통과하면서 행동주의 펀드들이 본격적으로 액션을 취하려는 흐름을 좀 보이고 있습니다. 그럼 결국엔 지배구조에 대한 개선을 필요로 하는 기업들에 대해서 좀 이슈들이 나올 수 있거든요.그래서 이번 주 한 단기로 보자면 배당소득세 이슈와 그리고 상법 개정에 대한 지배구조의 이슈가 될 만한 기업들 한번 보시면 좋을 것 같습니다.<앵커>상법 개정안 통과 이후에 시장을 놓고 사실 좀 의견이 분분한 부분도 있거든요. 하반기에는 한국 증시가 무조건 좋다라고 많은 전문가분들이 말씀을 하시지만 지금 사실 사상 최고가를 기록하고 있는 것은 미국 증시란 말이죠 하반기에도 미국을 봐야 되느냐 아니면 한국장에 정말 이제는 희망이 있는 것이냐 미국은 갑자기 경기 둔화에 대한 우려도 있다 이런 지적도 있고 어느 쪽을 좀 더 유망하게 보세요?<배윤정 마이트리투자자문 대표>국장이 더 유망하다고 말씀드려야 되는데<앵커>그런 바이어스들을 다 빼시고 정말 객관적으로..<배윤정 마이트리투자자문 대표>네. 객관적으로 미국의 경기가 아직 둔화된다고 하나 한국의 경기보다 그러면 더 둔화되느냐? 그렇지는 않습니다. 미국 경기가 사실 아직도 좋기 때문에 금리 인하 못하겠다고 하는 거고요. 그래서 경기 자체는 미국이 더 좋을 수 있다. 그리고 한국의 경기는 지금 1% 성장률이 좀 어려운 상황이다.다만 주가에 대해서는 한국이 더 밀고 나가려면 국내에 있는 정책 수혜감이 굉장히 커져야 되고 그리고 그거에 대한 실질적인 반응들이 바로바로 나와줘야 합니다.그래야 미국보다 더 치고 나갈 수 있을 것 같고요. 미국이 뭔가 한국에 영향을 줄 만한 액션을 한다면 불가피한 붙임은 있을 수 있다고 생각합니다.뭔가 정책에 대한 기대감들이 실제 현실화되는 뭔가가 나와줘야만 우리도 더 성장할 수 있지 않나 이런 말씀을 마지막으로 들어보도록 하겠습니다.이근형기자 lgh04@wowtv.co.kr",https://www.hankyung.com/article/2025070727655,2025.07.07 15:22
"21일, 거래소 기관 순매도상위에 의약품 업종 3종목",,"기관 투자자는 21일 거래소에서 삼성전자, 유한양행, 현대차 등을 중점적으로 매도한 것으로 나타났다.기관 투자자의 순매도 상위 20개 종목은 삼성전자, 유한양행, 현대차, NAVER, KODEX 200선물인버스2X, 신한지주, SK, TIGER 미국S&P500, 두산, KODEX 인버스등이다.이중에 의약품 업종에 속한 종목이 3개 포함되어 있다.삼성전자, 신한지주, KB금융 등은 전일 대비 주가가 상승했고, 유한양행, 현대차, NAVER 등은 주가가 하락했다.[07월21일]거래소 기관 순매도 상위 종목한경로보뉴스이 기사는 한국경제신문과 금융 AI 전문기업 씽크풀이 공동 개발한 기사 자동생성 알고리즘에 의해 실시간으로 작성된 것입니다.",https://www.hankyung.com/article/202507212795L,2025.07.21 18:35
[핫 컴퍼니] 유전자편집부터 정제 필터까지… 가장 빠르게 성장한 다나허그룹과 싸이티바,,,https://www.hankyung.com/article/202506308550i,2025.07.03 09:05
"""드디어 우리 차례""…조·방·원 주춤하자 제약·바이오 들썩","셀트리온·알테오젠 5%대 상승
주도업종 조정에 저가매수 몰려
기준금리 인하 땐 재조명 기대","국내 증시의 강한 상승에도 상대적으로 관심을 받지 못하던 제약·바이오 업종이 기지개를 켜고 있다. 기존 주도 업종의 오름세가 주춤한 가운데 저가 매수 기회로 판단한 자금이 흘러든 덕분이다. 하반기 한국은행이 기준금리를 인하하면 저금리 환경에 강했던 제약·바이오주에 다시 관심이 쏠릴 것이라는 기대도 나온다.





                2일 유가증권시장에서 셀트리온은 전 거래일 대비 5.3% 뛴 16만8900원에 마감했다. 셀트리온의 5% 넘는 상승은 지난 4월 이후 약 3개월 만이다. 셀트리온제약도 이날 코스닥시장에서 8.18% 급등했다. 코스닥시장 시가총액 1위 알테오젠은 5.37% 올랐고 삼천당제약(7.06%), 리가켐바이오(6.3%), 보로노이(5.92%) 등도 크게 상승했다.증권가에서는 조선·방위산업·원전·인터넷 등 기존 주도 업종의 주가 조정 상황에서 매수 자금이 제약·바이오주로 이동했다고 해석했다. 그동안 증시 상승을 주도해 온 HD한국조선해양(-5.75%), 한국전력(-5.27%), 네이버(-3.82%), 한화에어로스페이스(-2.38%) 등은 이날 큰 폭의 하락세를 보였다.간밤에 미국 뉴욕증시에서도 헬스케어 업종에 자금이 몰리면서 한동안 ‘포모(FOMO·소외 공포증)’에 시달리던 투자자의 기대도 커지고 있다. 한국은행 기준금리 인하와 더불어 ‘키 맞추기’ 장세가 나타나면 바이오주가 다시 집중 조명을 받을 수 있어서다. 한국거래소 헬스케어지수는 최근 한 달간 KRX 증권(26.92%), 정보기술(17.71%), 기계장비(17.54%) 등 대부분 업종지수가 급등하는 동안 3.08% 오르는 데 그쳤다.김용구 유안타증권 연구원은 “7월 횡보장은 포트폴리오를 재정비하는 기회가 될 것”이라며 “바이오 등 업종을 중심으로 시장의 조정을 돌파할 필요가 있다”고 말했다.박한신 기자 phs@hankyung.com",https://www.hankyung.com/article/2025070244911,2025.07.02 17:40
"DSR 무관 스탁론 출시! 기존 대출 있어도, 최고한도 3억원까지! 주식담보대출 스탁론! 키움증권 전용 스탁론 키워드림론!",,"키워드림론 DSR 미적용 신규 스탁론 상품 출시!매입자금이 모자라 매수 기회를 놓치고 있는 고객들을 위해 키워드림론이 준비했다!▶키워드림론 – 3배 자금 – DSR 무관  – 100% 집중투자 가능(일부종목에 한함)◀키워드림론1644-6960




 

키움증권 전용 스탁론,  키워드림론에서만 최대 혜택 !■ 본인 자산 대비 최대 3배 자금으로 레버리지 투자 !■ 기존 대출, 소득 등 복잡한 DSR 심사는 이제 그만!■ 한종목 100% 집중투자 상품! (일부 종목에 한함)■ 증권사 신용 /미수 상환 가능■ PC 및 모바일 간편 신청!▷키워드림론 관심종목 : KCTC 온타이드 형지글로벌 자이글 셀트리온무료상담",https://www.hankyung.com/article/202507023065a,2025.07.02 09:30
"증권사 신용 이동만 했어도 1,500만원 손실 막을 수 있었습니다",,"전송종목 : 한화비전, 에스엠, 에이피알, 현대엘리베이터, 리노공업매일 4만 원씩, 1년이면 약 1,500만 원, 이 돈은 누구의 통장으로 들어갈까요?당신이 가만히 있는 순간에도, 고금리 증권사는 웃고 있습니다.최근 주식 투자자들 사이에서는 신용융자, 미수 등 증권사의 고금리 대출의 이자 부담이 뜨거운 감자로 떠오르고 있다.많은 투자자들이 “금리를 낮추고 싶다”고 말하지만, 기존 대출 상환 후 재매수라는 번거로운 절차에 자금 마련까지 어려워 그냥 방치하고 마는 경우가 다반사이다.이러한 고금리의 증권사 신용 및 담보대출 이용자들의 악순환을 끊을 방법이 생겼다.바로 무빙스탁의 ‘증권사 신용, 대환자금대출’ 서비스가 출시된 것이다.이 서비스는 보유 주식을 매도하지 않고, 기존 고금리 주식대출(신용/미수 등)을 연 3%대의 저금리 상품으로 전환할 수 있도록 상환자금을 지원하는 것이 핵심이다.무빙스탁 관계자는 “금리를 5%만 낮춰도, 신용대출 3억 원 기준 무려 1,500만 원의 이자 절감 효과가 있습니다.” 라고 밝혔다.더 놀라운 사실은, 지금 이벤트 기간 중 신청하면 대환자금 이자까지 0원이라는 점이다. 단 하루의 이자 부담도 없이, 기존 고금리를 완전히 벗어날 수 있는 절호의 기회이다.무빙스탁 ‘증권사 신용, 대환자금대출’의 비용 무료 이벤트는 이벤트 기간 동안 한정적으로 제공되는 만큼, 고금리의 신용융자를 이용 중인 투자자라면 지금 바로 확인해볼 필요가 있다.★ 장마감 시간이 가까워질수록 문의가 많아 상담이 지연될 수 있습니다.★ 5월 문의하신 고객들이 많이 보유하신 종목으로는 삼성전자, POSCO홀딩스, 셀트리온, 포스코퓨처엠, 에코프로비엠, NAVER, 에코프로, 삼성SDI, LG화학, SK하이닉스, 두산에너빌리티, 카카오, SK이노베이션, LG에너지솔루션, 엘앤에프, 삼천당제약, 현대차, 알테오젠, HPSP, LG전자 등이 있습니다.★ 안내사항과도한 빚은 당신에게 큰 불행을 안겨줄 수 있습니다. 대출 시 신용등급 하락으로 다른 금융거래가 제약받을 수 있습니다. 중개수수료를 요구하거나 받는 것은 불법입니다.상호명: ㈜단비대부 2021-서울영등포-2102(대부업) | TEL: 1544-4886 | 대출금리: 연 20%이내(연체금리는 약정금리+3%p이내, 최대 연 20%이내) | 단, 2021. 7. 7.부터 신규체결, 갱신, 연장되는 계약에 한함 | 채무의 조기상환 조건 및 부대비용 없음. (단, 신용조회비용 및 담보권설정비용 있음), 이자 외 별도로 중개수수료를 요구하거나 수취하는 것은 불법입니다. | 대표이사: 박동원 | 사업자등록번호: 274-86-00231 | 등록기관명칭: 서울 영등포구청(담당부서: 일자리경제과, 02-2670-3420) | 소재지 : 서울 영등포구 여의대방로67길 11, 5층 517호 | 개인정보관리자메일: help@danbifund.co.kr무료상담",https://www.hankyung.com/article/202505264719a,2025.05.26 10:16
"디어유, 중국 진출 기대감에 상승세",,"2025년 5월 28일, 팬덤 기반 커뮤니케이션 플랫폼 기업 디어유가 중국 시장 진출 기대감에 힘입어 상승세를 보이고 있다.디어유는 SM엔터테인먼트의 자회사로, 아티스트와 팬이 직접 소통할 수 있는 ‘버블’ 서비스를 제공하며 글로벌 팬덤 플랫폼 시장에서 입지를 다져왔다. 최근에는 중국 최대 음악 플랫폼인 텐센트 뮤직이 디어유의 모회사인 SM엔터테인먼트의 2대 주주로 등극하면서, 디어유의 중국 시장 진출에 대한 기대감이 높아지고 있다.증권가에서는 디어유의 중국 진출이 빠르면 6월 내에 이루어질 것으로 예상하고 있으며, 텐센트 뮤직과의 협업을 통해 현지화 전략을 강화하고 수익 모델을 다각화할 수 있을 것으로 전망하고 있다. 특히, 중국 내 케이팝 팬덤의 규모와 성장 잠재력을 고려할 때, 디어유의 플랫폼 확장은 실적 개선에 긍정적인 영향을 미칠 것으로 보인다.디어유, 셀트리온, HD한국조선해양, 한국항공우주, 비에이치아이무료상담",https://www.hankyung.com/article/202505293655a,2025.05.29 13:33
증설 지연·원자재 압박 딛고 반등 기대…천보 주가 모멘텀 재조명,,"최근 코스닥 소재기업 천보가 중장기적 투자 매력으로 재부각되고 있다. 주요 증권사는 1분기 실적 부진, 증설 지연, 가격 압박 등으로 단기 주가 상승 요인이 부족하다고 분석했다. 키움증권은 2분기에도 적자 지속 전망과 함께 “단기 상승 요인 제한적”이라며 목표주가를 하향 조정했다. 이와 함께 유진투자증권 역시 원재료 가격 급락과 재고평가손실로 대규모 손실을 기록했으나, 하반기 흑자 전환 기대가 살아있다고 평가했다.그럼에도 불구하고 중장기적 성장 기대는 여전하다. 천보는 전해질 첨가제 생산능력 확충을 통해 2024년 이후 실적 회복이 본격화될 것으로 전망된다. 특히 새만금 신공장에서 원가 절감 기술을 도입한 ‘저비용 고효율’ 라인이 순차적으로 가동되면서 수익성 개선 기대가 커지고 있다. 또한 IRA 등 정책 환경 변화로 중국산 전해질 수요 감소가 예상되며, 천보가 글로벌 시장 진출에서 수혜를 입을 가능성이 제기되고 있다.기관 및 외국인 투자자들은 이미 중장기 전략에 베팅하는 움직임을 보이고 있다. 전문가들은 “단기 실적보다 ‘턴어라운드 시점’에 포커스를 맞춰야 한다”며, “실제 증설 가동과 원자재 가격 안정이 맞물릴 때 본격적인 가치 회복이 가능할 것”이라고 조언한다.결국 천보의 주가는 단기 악재를 극복하고 제조·원가 경쟁력 확보 및 글로벌 수요 반등 시점에 실적 모멘텀을 확보할 수 있다는 전망 아래, 중장기 주목 종목으로 평가받고 있다.유한양행, 한화오션, 셀트리온제약, SGA, POSCO홀딩스무료상담",https://www.hankyung.com/article/202507210895a,2025.07.21 10:03
위기가 곧 기회! 본인자산포함 4배 집중투자를 원한다면 5년고정 연 4.9% 금리로 상품 이용하자,,"부자네스탁론이 특별 이벤트로 5년고정 연 4.9%의 저금리 스탁론 상품을 출시하면서 투자자들에게 화제가 되고 있다.5년고정 연 4.9%의 저금리 스탁론은 주요 증권사의 신용 금리로 알려진 8~9%대의 금리보다 훨씬 금리가 낮은 상품이다.스탁론 상품들은 증권사 신용보다 레버리지는 더 높고 담보유지비율은 더 낮아 투자 고수들 사이에서 잘 알려진 상품이다.미수나 반대매도를 해결해주는 대환대출상품, 한 종목 100% 집중투자 상품신용등급, 매수불가종목, D.S.R 등 주식투자자들의 고민을 완벽하게 해결해주는 솔루션을 제공하는부자네스탁론은 고객마다 가장 최적의 대출방법으로 해결해준다.-스탁론 D.S.R<총부채원리금상환비율> 고강도 규제에도! 문제없는 부자네스탁론!– 소득 낮고 기존 대출금액 많아도 계좌평가금액에 비례해서 대출가능!▶머니투데이 부자네스탁론① 5년고정 연 4.9% 금리의 최저금리 스탁론② 자기자본포함 최대 4배까지 레버리지 투자 가능③ 매수가능종목 100% 집중투자가능 (코스닥, 시가총액, 포트폴리오비율상관없이)④ 스탁론 전종목 1:1 매수상담문의 → 수익극대화⑤ 반대매도 임박 / 추가입금이 힘들다면? → 1:1 로스컷 전문상담⑥ D.S.R과 신용등급 낮.아.도 문제없이 매입/대환까지 가능!★ D.S.R비율, 신용등급 무관 저금리 부자네스탁 AM8:00~PM4:00 ☎1577-5852★ AM 8:00 부터 선착순 예약접수 http://www.bujane.co.kr/6월 고객들의 문의가 많은 종목은 한화에어로스페이스, LIG넥스원, 한화비전, 두산에너빌리티, 셀트리온 등이 있다.무료상담",https://www.hankyung.com/article/202506207528a,2025.06.20 13:58
"주식 매도 없이 신용이자 연 1,500만 원 줄이는 비법",,"전송종목 : 셀트리온, TKG휴켐스, 대웅제약, 현대백화점, 한국금융지주최근 주식 투자자들 사이에서 주식대출(미수/신용융자 등)의 고금리에 대한 부담이 커지고 있다.특히 저금리를 적용 받고 싶어도, 기존 대출을 상환하고 다시 주식을 매수해야 하는 번거로운 절차와 자금 조달의 어려움이 발목을 잡고 있다.이런 현실적인 문제를 해결하고자, 무빙스탁이 ‘증권사 신용, 대환자금대출’ 서비스를 전격 출시했다.이 상품은 주식을 매도하지 않고도, 기존의 고금리의 주식대출(미수/신용융자 등)의 3%대의 혁신적인 저금리 증권사로 전환할 수 있도록 상환자금을 제공하는 것이 핵심이다.무빙스탁 관계자는 “현재 증권사 이벤트 금리는 연 3%대 수준으로, 기존 9~10%대 고금리를 적용받는 투자자라면 절감 효과가 상당하다”며, 금리를 5%만 낮추면 “1억원 신용대출 기준으로 연간 약 500만원, 3억원이라면 1,500만원까지도 절약할 수 있다”고 밝혔다.더 놀라운 점은, 현재는 이벤트 기간으로 대환자금대출 신청시 발생하는 이자 비용까지 ‘0원’이라는 사실이다. 대환자금에 대해서 하루의 대출이자도 부담하지 않고 기존 고금리 대출을 저금리로 전환할 수 있어, 고금리 부담에 시달리던 투자자들에게 큰 호응을 얻을 전망이다.이 서비스는 부동산 시장에서 흔히 이용되던 대환대출 개념을 증권시장에 도입한 혁신적인 시도로, 주식 투자자들의 자금 운용에 새로운 대안을 제시할 것으로 기대된다.무빙스탁 ‘증권사 신용, 대환자금대출’의 비용 무료 이벤트는 이벤트 기간 동안 한정적으로 제공되는 만큼, 신용융자를 이용 중인 투자자라면 지금 바로 확인해볼 필요가 있다.★ 장마감 시간이 가까워질수록 문의가 많아 상담이 지연될 수 있습니다.★ 7월 문의하신 고객들이 많이 보유하신 종목으로는 삼성전자, POSCO홀딩스, 셀트리온, 포스코퓨처엠, 에코프로비엠, NAVER, 에코프로, 삼성SDI, LG화학, SK하이닉스, 두산에너빌리티, 카카오, SK이노베이션, LG에너지솔루션, 엘앤에프, 삼천당제약, 현대차, 알테오젠, HPSP, LG전자 등이 있습니다.★ 안내사항과도한 빚은 당신에게 큰 불행을 안겨줄 수 있습니다. 대출 시 신용등급 하락으로 다른 금융거래가 제약받을 수 있습니다. 중개수수료를 요구하거나 받는 것은 불법입니다.상호명: ㈜단비대부 2021-서울영등포-2102(대부업) | TEL: 1544-4886 | 대출금리: 연 20%이내(연체금리는 약정금리+3%p이내, 최대 연 20%이내) | 단, 2021. 7. 7.부터 신규체결, 갱신, 연장되는 계약에 한함 | 채무의 조기상환 조건 및 부대비용 없음. (단, 신용조회비용 및 담보권설정비용 있음), 이자 외 별도로 중개수수료를 요구하거나 수취하는 것은 불법입니다. | 대표이사: 박동원 | 사업자등록번호: 274-86-00231 | 등록기관명칭: 서울 영등포구청(담당부서: 일자리경제과, 02-2670-3420) | 소재지 : 서울 영등포구 여의대방로67길 11, 5층 517호 | 개인정보관리자메일: help@danbifund.co.kr무료상담",https://www.hankyung.com/article/202507223180a,2025.07.22 14:23
"글로벌 AI·로봇 휩쓰는 美·中…""첨단기업 리스트에 韓이 사라졌다""","국부의 원천, 기업이 흔들린다
(3) 캐나다 ICV탱크 '미래산업 경쟁력 지수' 보고서 분석

美·中선 매년 '스타기업' 등장
韓, 대기업 빼면 10위권 기업 '0'
""규제 풀어 스타기업 키워야""","“첨단 기업 리스트에 한국이 사라졌다.”첨단산업 전문 시장조사업체인 캐나다 ICV탱크가 최근 공개한 ‘2024 글로벌 미래 산업 경쟁력지수 보고서’를 접한 국내 굴지의 대기업 연구개발(R&D) 담당 고위 임원은 이렇게 탄식했다. 5~10년 전만 해도 메모리반도체, 디스플레이, 배터리 등 ‘뜨는 업종’마다 최강 기업 리스트에 한국이 빠지지 않았는데 최신 리포트에는 8개 분야별 톱10에 든 기업이 80개 중 단 두 곳뿐이어서다. 산업계에서는 대한민국의 첨단산업 경쟁력이 더 떨어지기 전에 정부와 기업, 학계가 머리를 맞대고 ‘한국식 첨단산업 육성 전략’을 짜야 한다고 강조한다.
                    






이미지 크게보기


Getty Images Bank

 ◇ AI, 휴머노이드는 미·중 간 전쟁ICV탱크의 글로벌 미래 산업 경쟁력지수 보고서는 전 세계 수많은 연구소가 내놓은 보고서와는 결이 다르다. 세계지식재산권기구(WIPO)와 경제협력개발기구(OECD) 등 공신력 있는 단체의 의뢰를 받아 매년 조사한다는 점에서 ‘믿을 만하다’는 평가를 받는다. 이런 ICV탱크가 내놓은 최신 보고서의 내용은 “글로벌 첨단산업은 미국과 중국 양강 체제로 재편됐다”로 요약된다.인공지능(AI)이 그랬다. 10개 상위 기업 중 7개(1위 오픈AI, 2위 구글, 3위 앤스로픽)가 미국에서 나왔다. 나머지 셋은 중국(6위 딥시크, 8위 바이트댄스, 10위 텐센트) 몫이었다. 보고서는 “AI 기술 트렌드가 텍스트와 이미지, 음성, 영상 등 다양한 형태의 데이터를 통합하는 멀티모달로 전환하면서 미·중을 중심으로 시장 질서가 정해지고 있다”고 썼다. 한국에선 LG, 삼성, 네이버가 16~18위를 차지하는 데 그쳤다.휴머노이드도 미국(톱10 중 5개)과 중국(3개) 천하였다. 보고서는 “휴머노이드 기술은 상용화 단계에 들어갔다”며 중국 유비테크의 ‘워커S’가 비야디(BYD) 자동차 생산라인에 투입된 것을 대표 사례로 들었다. 반면 국내 로봇업계는 여전히 똑같은 작업만 반복하는 산업용 로봇 개발에 머무르고 있다. ◇ 바이오도 갈 길 멀어바이오 분야도 마찬가지다. 삼성바이오로직스와 셀트리온은 위탁개발생산(CDMO)과 바이오시밀러(복제약)에선 세계 1위지만, 메인 무대인 바이오 신약에선 여전히 변방기업이다. 이 시장은 암젠 등 미국과 노보노디스크 등 유럽이 양분하고 있다. 중국도 10위권 회사(항서제약)를 배출했지만, 한국에선 19위인 삼성이 가장 높다.뇌과학 분야에서는 일론 머스크 테슬라 창업자가 최대주주로 있는 뉴럴링크 등 미국 기업이 5개나 이름을 올렸다. 우주·항공 1위도 머스크 창업주가 이끄는 스페이스X였다. 한국 기업은 리스트에서 찾아볼 수 없다.LG에너지솔루션은 친환경 에너지 분야에서 5위에 올랐다. 풍력과 태양광, 원자력발전 기업이 상위권에 오른 가운데 유일한 배터리 회사다. 다만 보고서는 “미래 에너지 시장은 배터리가 아니라 소형모듈원전(SMR)과 수소 발전 등이 중심이 될 것”이라고 했다. 첨단 네트워크 분야에선 삼성전자가 5위에 올랐다. 1위는 중국의 화웨이였다. ◇ 스타 기업 안 나오는 산업계보고서는 글로벌 미래 산업에서 한국이 사라진 현실을 적나라하게 보여준다. 미국과 중국은 오픈AI(AI), 아이온큐(양자컴퓨팅), 이항인텔리전트(우주·해양), 유비테크(휴머노이드) 등 여러 분야에서 스타 기업을 배출했지만, 한국은 기존 대기업을 뺀 스타트업이 하나도 없었다.전문가들은 2000년대 ‘정보기술(IT) 붐’ 때처럼 정부 주도의 규제 완화와 미래 산업 육성 정책이 필요하다고 강조한다. 정부는 2002~2005년 13조3300억원을 투입해 세계 최초로 전국 초고속 인터넷망을 설치하는 동시에 인터넷 콘텐츠 규제를 대부분 없앴다. 벤처투자 펀드를 지원하고 창업보육센터도 늘렸다. 이를 토대로 네이버와 카카오, 넥슨이 태어났다. 반면 최근 AI 분야는 삼성, LG, SK 등 대기업 중심으로 진행되고 있다.휴머노이드 분야 상황도 비슷하다. 자금도, 인력도 부족하다 보니 현대자동차 산하 미국 기업인 보스턴다이내믹스를 빼면 이렇다 할 휴머노이드 업체가 없다. 한재권 한양대 에리카 로봇공학과 교수는 “휴머노이드 분야에서 중국이 미국에 반 발짝 뒤에 있다면, 한국은 그런 중국에 몇 발짝 뒤처진 상태”라며 “대한민국 산업 생태계에 꼭 필요한 분야를 정부와 기업이 함께 선정한 뒤 전폭적인 지원을 해줘야 역전의 기회가 생길 것”이라고 말했다.김우섭/신정은/박의명 기자 duter@hankyung.com",https://www.hankyung.com/article/2025060213771,2025.06.02 17:54
이자 부담 최소화! 증권사 신용대출 3%대로 바꾸는 절호의 기회,,"전송종목 : 알테오젠, 두산, 한화시스템, 한국항공우주, 에코프로비엠최근 주식 투자자들 사이에서 주식대출(미수/신용융자 등)의 고금리에 대한 부담이 커지고 있다.특히 저금리를 적용 받고 싶어도, 기존 대출을 상환하고 다시 주식을 매수해야 하는 번거로운 절차와 자금 조달의 어려움이 발목을 잡고 있다.이런 현실적인 문제를 해결하고자, 무빙스탁이 ‘증권사 신용, 대환자금대출’ 서비스를 전격 출시했다.이 상품은 주식을 매도하지 않고도, 기존의 고금리의 주식대출(미수/신용융자 등)의 3%대의 혁신적인 저금리 증권사로 전환할 수 있도록 상환자금을 제공하는 것이 핵심이다.무빙스탁 관계자는 “현재 증권사 이벤트 금리는 연 3%대 수준으로, 기존 9~10%대 고금리를 적용받는 투자자라면 절감 효과가 상당하다”며, 금리를 5%만 낮추면 “1억원 신용대출 기준으로 연간 약 500만원, 3억원이라면 1,500만원까지도 절약할 수 있다”고 밝혔다.더 놀라운 점은, 현재는 이벤트 기간으로 대환자금대출 신청시 발생하는 이자 비용까지 ‘0원’이라는 사실이다. 대환자금에 대해서 하루의 대출이자도 부담하지 않고 기존 고금리 대출을 저금리로 전환할 수 있어, 고금리 부담에 시달리던 투자자들에게 큰 호응을 얻을 전망이다.이 서비스는 부동산 시장에서 흔히 이용되던 대환대출 개념을 증권시장에 도입한 혁신적인 시도로, 주식 투자자들의 자금 운용에 새로운 대안을 제시할 것으로 기대된다.무빙스탁 ‘증권사 신용, 대환자금대출’의 비용 무료 이벤트는 이벤트 기간 동안 한정적으로 제공되는 만큼, 신용융자를 이용 중인 투자자라면 지금 바로 확인해볼 필요가 있다.★ 장마감 시간이 가까워질수록 문의가 많아 상담이 지연될 수 있습니다.★ 6월 문의하신 고객들이 많이 보유하신 종목으로는 삼성전자, POSCO홀딩스, 셀트리온, 포스코퓨처엠, 에코프로비엠, NAVER, 에코프로, 삼성SDI, LG화학, SK하이닉스, 두산에너빌리티, 카카오, SK이노베이션, LG에너지솔루션, 엘앤에프, 삼천당제약, 현대차, 알테오젠, HPSP, LG전자 등이 있습니다.★ 안내사항과도한 빚은 당신에게 큰 불행을 안겨줄 수 있습니다. 대출 시 신용등급 하락으로 다른 금융거래가 제약받을 수 있습니다. 중개수수료를 요구하거나 받는 것은 불법입니다.상호명: ㈜단비대부 2021-서울영등포-2102(대부업) | TEL: 1544-4886 | 대출금리: 연 20%이내(연체금리는 약정금리+3%p이내, 최대 연 20%이내) | 단, 2021. 7. 7.부터 신규체결, 갱신, 연장되는 계약에 한함 | 채무의 조기상환 조건 및 부대비용 없음. (단, 신용조회비용 및 담보권설정비용 있음), 이자 외 별도로 중개수수료를 요구하거나 수취하는 것은 불법입니다. | 대표이사: 박동원 | 사업자등록번호: 274-86-00231 | 등록기관명칭: 서울 영등포구청(담당부서: 일자리경제과, 02-2670-3420) | 소재지 : 서울 영등포구 여의대방로67길 11, 5층 517호 | 개인정보관리자메일: help@danbifund.co.kr무료상담",https://www.hankyung.com/article/202506245041a,2025.06.24 14:18
승부사들의 선택! 5년고정 연 4.9% 금리로 자금 운용 시작하자!,,"부자네스탁론이 특별 이벤트로 5년고정 연 4.9%의 저금리 스탁론 상품을 출시하면서 투자자들에게 화제가 되고 있다.5년고정 연 4.9%의 저금리 스탁론은 주요 증권사의 신용 금리로 알려진 8~9%대의 금리보다 훨씬 금리가 낮은 상품이다.스탁론 상품들은 증권사 신용보다 레버리지는 더 높고 담보유지비율은 더 낮아 투자 고수들 사이에서 잘 알려진 상품이다.미수나 반대매도를 해결해주는 대환대출상품, 한 종목 100% 집중투자 상품신용등급, 매수불가종목, D.S.R 등 주식투자자들의 고민을 완벽하게 해결해주는 솔루션을 제공하는부자네스탁론은 고객마다 가장 최적의 대출방법으로 해결해준다.-스탁론 D.S.R<총부채원리금상환비율> 고강도 규제에도! 문제없는 부자네스탁론!– 소득 낮고 기존 대출금액 많아도 계좌평가금액에 비례해서 대출가능!▶머니투데이 부자네스탁론① 5년고정 연 4.9% 금리의 최저금리 스탁론② 자기자본포함 최대 4배까지 레버리지 투자 가능③ 매수가능종목 100% 집중투자가능 (코스닥, 시가총액, 포트폴리오비율상관없이)④ 스탁론 전종목 1:1 매수상담문의 → 수익극대화⑤ 반대매도 임박 / 추가입금이 힘들다면? → 1:1 로스컷 전문상담⑥ D.S.R과 신용등급 낮.아.도 문제없이 매입/대환까지 가능!★ D.S.R비율, 신용등급 무관 저금리 부자네스탁 AM8:00~PM4:00 ☎1577-5852★ AM 8:00 부터 선착순 예약접수 http://www.bujane.co.kr/6월 고객들의 문의가 많은 종목은 한화에어로스페이스, LIG넥스원, 한화비전, 두산에너빌리티, 셀트리온 등이 있다.무료상담",https://www.hankyung.com/article/202506194861a,2025.06.19 13:18
"삼성바이오, 창사 첫 분기 매출 1.3조 돌파 예상…셀트리온도 ‘역대 최대’ 실적 눈앞",,"삼성바이오로직스와 셀트리온이 2분기 실적 발표를 앞두고 나란히 사상 최대 수준의 실적 기대감을 높이고 있다. 금융정보업체 에프앤가이드가 집계한 증권사 전망치(컨센서스)에 따르면, 삼성바이오로직스의 2025년 2분기 실적은 매출 1조 3,509억 원, 영업이익 4,318억 원으로 예상된다. 이는 전년 동기 대비 각각 16.8% 증가, 0.6% 감소한 수치이며, 특히 매출은 분기 기준으로 사상 처음 1조 3천억 원을 돌파할 것으로 보인다.1분기에 이어 두 분기 연속 1조 3천억 원대 매출을 기록할 것으로 기대되는 삼성바이오로직스는 바이오의약품 위탁생산(CMO) 확대 및 제6공장의 본격 가동에 힘입어 성장세를 이어가는 모양새다.셀트리온 역시 에프앤가이드 기준 2025년 2분기 잠정실적으로 매출 9,615억 원, 영업이익 2,425억 원을 기록할 것으로 집계됐다. 이는 전년 동기 대비 각각 9.9%, 234.5% 증가한 수치로, 분기 기준 역대 최대 영업이익이다. 회사는 글로벌 수출 호조와 유럽 판매 통합 효과에 힘입어 실적이 대폭 개선됐다고 평가받는다.증시에서도 이 같은 실적 기대감이 주가 상승세로 반영되는 분위기다. 삼성바이오로직스는 최근 한 달간 8% 이상 상승하며 강세 흐름을 나타내고 있으며, 셀트리온 역시 연매출 5조 원 돌파 기대감이 커지며 주목을 받고 있다.이러한 흐름 속에 주식매입자금을 활용한 스탁론 전략도 투자자들 사이에서 다시 부각되고 있다. 스탁론은 보유 주식을 담보로 자금을 조달해 최대 400%까지 투자 규모를 확대할 수 있는 상품으로, 실적 개선 기대 종목을 중심으로 레버리지 효과를 누리고자 하는 투자자들 사이에서 활용도가 높아지고 있다. 전문가들은 “성장성과 실적이 동시에 입증되는 종목에 한해 스탁론 활용은 효과적인 전략이 될 수 있다”고 조언했다.▶ 더머니스탁론 신규 상품 전격 출시! (DSR 규제 X)▶ 최대 400% 레버리지 투자, 증권사 신용미수 대환 가능!▶ 한 종목 100% 집중 투자 가능!▶ 더머니스탁론 바로가기 (https://themoney.co.kr/ha)▶ 더머니스탁론 전화 상담 1600-7096▶ 더머니스탁론 카카오톡 상담 (http://pf.kakao.com/_cVfxbn/chat)관심종목: 셀트리온, 삼성바이오로직스, SK바이오사이언스, 에스티팜, 삼성물산무료상담",https://www.hankyung.com/article/202507235756a,2025.07.23 10:45
본인 자산 포함 최대 4배! 5년고정 연 4.9% 상품으로 저점매수용 자금 운용!,,"부자네스탁론이 특별 이벤트로 5년고정 연 4.9%의 저금리 스탁론 상품을 출시하면서 투자자들에게 화제가 되고 있다.5년고정 연 4.9%의 저금리 스탁론은 주요 증권사의 신용 금리로 알려진 8~9%대의 금리보다 훨씬 금리가 낮은 상품이다.스탁론 상품들은 증권사 신용보다 레버리지는 더 높고 담보유지비율은 더 낮아 투자 고수들 사이에서 잘 알려진 상품이다.미수나 반대매도를 해결해주는 대환대출상품, 한 종목 100% 집중투자 상품신용등급, 매수불가종목, D.S.R 등 주식투자자들의 고민을 완벽하게 해결해주는 솔루션을 제공하는부자네스탁론은 고객마다 가장 최적의 대출방법으로 해결해준다.-스탁론 D.S.R<총부채원리금상환비율> 고강도 규제에도! 문제없는 부자네스탁론!– 소득 낮고 기존 대출금액 많아도 계좌평가금액에 비례해서 대출가능!▶머니투데이 부자네스탁론① 5년고정 연 4.9% 금리의 최저금리 스탁론② 자기자본포함 최대 4배까지 레버리지 투자 가능③ 매수가능종목 100% 집중투자가능 (코스닥, 시가총액, 포트폴리오비율상관없이)④ 스탁론 전종목 1:1 매수상담문의 → 수익극대화⑤ 반대매도 임박 / 추가입금이 힘들다면? → 1:1 로스컷 전문상담⑥ D.S.R과 신용등급 낮.아.도 문제없이 매입/대환까지 가능!★ D.S.R비율, 신용등급 무관 저금리 부자네스탁 AM8:00~PM4:00 ☎1577-5852★ AM 8:00 부터 선착순 예약접수 http://www.bujane.co.kr/6월 고객들의 문의가 많은 종목은 한화에어로스페이스, LIG넥스원, 한화비전, 두산에너빌리티, 셀트리온 등이 있다.무료상담",https://www.hankyung.com/article/202506091361a,2025.06.09 14:08
"코스피, 새정부 정책 기대감에 2800선 눈앞…코스닥도 상승",,"사진=한경DB

                코스피지수가 5일 장 초반 강세를 보이면서 2800선 진입을 눈앞에 두고 있다. 상법 개정과 추가경정예산 집행 등 새 정부의 증시 부양 기대감에 전날 급등한 데 이어 이날도 '허니문 랠리'가 지속되는 모습이다.이날 오전 9시6분 현재 코스피지수는 전 거래일보다 21.19포인트(0.76%) 오른 2792.03을 나타내고 있다. 유가증권시장에서 개인과 외국인이 각각 430억원과 783억원 매수 우위인 반면 기관은 1199억원 매도 우위다.이날 새벽 미국 증시는 보합권에서 혼조로 마감했다. 지난 4일(현지시간) S&P500지수와 나스닥종합지수는 각각 0.01%와 0.32% 올랐지만 다우지수는 0.22% 내렸다. 지난달 미국의 민간 고용이 2년여 만에 최저치를 기록하자 경기 둔화 우려가 부각된 영향을 받았다.코스피 시가총액 상위 종목 중 삼성전자, SK하이닉스, LG에너지솔루션, 한화에어로스페이스, HD현대중공업, 현대차, 셀트리온 등이 오르는 반면 삼성바이오로직스, KB금융, 신한지주 등은 내리고 있다.코스닥지수는 같은 시각 2.1포인트(0.28%) 오른 752.31을 나타내고 있다.코스닥시장에서는 개인이 327억원 매수 우위인 반면 외국인과 기관은 각각 275억원과 26억원 매도 우위다.코스닥 시총 상위 종목 중 에코프로비엠, HLB, 에코프로, 파마리서치, 리가켐바이오, 클래시스, 에이비엘바이오, 삼천당제약 등이 오르는 반면 알테오젠, 레인보우로보틱스, 휴젤, 펩트론 등이 내리고 있다.서울 외환시장에서 원·달러 환율은 전장보다 6원 내린 1363.5원으로 개장했다.고정삼 한경닷컴 기자 jsk@hankyung.com",https://www.hankyung.com/article/2025060562936,2025.06.05 09:17
"증권사 신용대출, 3%대 금리로 바꾸는 가장 쉬운 방법",,"전송종목 : 유니트론텍, 사람인, 뉴파워프라즈마, 삼양사, 세경하이테크




 

최근 주식 투자자들 사이에서 주식대출(미수/신용융자 등)의 고금리에 대한 부담이 커지고 있다.특히 저금리를 적용 받고 싶어도, 기존 대출을 상환하고 다시 주식을 매수해야 하는 번거로운 절차와 자금 조달의 어려움이 발목을 잡고 있다.이런 현실적인 문제를 해결하고자, 무빙스탁이 ‘증권사 신용, 대환자금대출’ 서비스를 전격 출시했다.이 상품은 주식을 매도하지 않고도, 기존의 고금리의 주식대출(미수/신용융자 등)의 3%대의 혁신적인 저금리 증권사로 전환할 수 있도록 상환자금을 제공하는 것이 핵심이다.무빙스탁 관계자는 “현재 증권사 이벤트 금리는 연 3%대 수준으로, 기존 9~10%대 고금리를 적용받는 투자자라면 절감 효과가 상당하다”며, 금리를 5%만 낮추면 “1억원 신용대출 기준으로 연간 약 500만원, 3억원이라면 1,500만원까지도 절약할 수 있다”고 밝혔다.더 놀라운 점은, 현재는 이벤트 기간으로 대환자금대출 신청시 발생하는 이자 비용까지 ‘0원’이라는 사실이다. 대환자금에 대해서 하루의 대출이자도 부담하지 않고 기존 고금리 대출을 저금리로 전환할 수 있어, 고금리 부담에 시달리던 투자자들에게 큰 호응을 얻을 전망이다.이 서비스는 부동산 시장에서 흔히 이용되던 대환대출 개념을 증권시장에 도입한 혁신적인 시도로, 주식 투자자들의 자금 운용에 새로운 대안을 제시할 것으로 기대된다.무빙스탁 ‘증권사 신용, 대환자금대출’의 비용 무료 이벤트는 이벤트 기간 동안 한정적으로 제공되는 만큼, 신용융자를 이용 중인 투자자라면 지금 바로 확인해볼 필요가 있다.★ 장마감 시간이 가까워질수록 문의가 많아 상담이 지연될 수 있습니다.★ 7월 문의하신 고객들이 많이 보유하신 종목으로는 삼성전자, POSCO홀딩스, 셀트리온, 포스코퓨처엠, 에코프로비엠, NAVER, 에코프로, 삼성SDI, LG화학, SK하이닉스, 두산에너빌리티, 카카오, SK이노베이션, LG에너지솔루션, 엘앤에프, 삼천당제약, 현대차, 알테오젠, HPSP, LG전자 등이 있습니다.★ 안내사항과도한 빚은 당신에게 큰 불행을 안겨줄 수 있습니다. 대출 시 신용등급 하락으로 다른 금융거래가 제약받을 수 있습니다. 중개수수료를 요구하거나 받는 것은 불법입니다.상호명: ㈜단비대부 2021-서울영등포-2102(대부업) | TEL: 1544-4886 | 대출금리: 연 20%이내(연체금리는 약정금리+3%p이내, 최대 연 20%이내) | 단, 2021. 7. 7.부터 신규체결, 갱신, 연장되는 계약에 한함 | 채무의 조기상환 조건 및 부대비용 없음. (단, 신용조회비용 및 담보권설정비용 있음), 이자 외 별도로 중개수수료를 요구하거나 수취하는 것은 불법입니다. | 대표이사: 박동원 | 사업자등록번호: 274-86-00231 | 등록기관명칭: 서울 영등포구청(담당부서: 일자리경제과, 02-2670-3420) | 소재지 : 서울 영등포구 여의대방로67길 11, 5층 517호 | 개인정보관리자메일: help@danbifund.co.kr무료상담",https://www.hankyung.com/article/202507173386a,2025.07.17 13:08
"증권사 신용대출, 3%대 금리로 바꾸는 가장 쉬운 방법",,"전송종목 : SPC삼립, 파미셀, 대원산업, 풍산홀딩스, 한일사료최근 주식 투자자들 사이에서 주식대출(미수/신용융자 등)의 고금리에 대한 부담이 커지고 있다.특히 저금리를 적용 받고 싶어도, 기존 대출을 상환하고 다시 주식을 매수해야 하는 번거로운 절차와 자금 조달의 어려움이 발목을 잡고 있다.이런 현실적인 문제를 해결하고자, 무빙스탁이 ‘증권사 신용, 대환자금대출’ 서비스를 전격 출시했다.이 상품은 주식을 매도하지 않고도, 기존의 고금리의 주식대출(미수/신용융자 등)의 3%대의 혁신적인 저금리 증권사로 전환할 수 있도록 상환자금을 제공하는 것이 핵심이다.무빙스탁 관계자는 “현재 증권사 이벤트 금리는 연 3%대 수준으로, 기존 9~10%대 고금리를 적용받는 투자자라면 절감 효과가 상당하다”며, 금리를 5%만 낮추면 “1억원 신용대출 기준으로 연간 약 500만원, 3억원이라면 1,500만원까지도 절약할 수 있다”고 밝혔다.더 놀라운 점은, 현재는 이벤트 기간으로 대환자금대출 신청시 발생하는 이자 비용까지 ‘0원’이라는 사실이다. 대환자금에 대해서 하루의 대출이자도 부담하지 않고 기존 고금리 대출을 저금리로 전환할 수 있어, 고금리 부담에 시달리던 투자자들에게 큰 호응을 얻을 전망이다.이 서비스는 부동산 시장에서 흔히 이용되던 대환대출 개념을 증권시장에 도입한 혁신적인 시도로, 주식 투자자들의 자금 운용에 새로운 대안을 제시할 것으로 기대된다.무빙스탁 ‘증권사 신용, 대환자금대출’의 비용 무료 이벤트는 이벤트 기간 동안 한정적으로 제공되는 만큼, 신용융자를 이용 중인 투자자라면 지금 바로 확인해볼 필요가 있다.★ 장마감 시간이 가까워질수록 문의가 많아 상담이 지연될 수 있습니다.★ 7월 문의하신 고객들이 많이 보유하신 종목으로는 삼성전자, POSCO홀딩스, 셀트리온, 포스코퓨처엠, 에코프로비엠, NAVER, 에코프로, 삼성SDI, LG화학, SK하이닉스, 두산에너빌리티, 카카오, SK이노베이션, LG에너지솔루션, 엘앤에프, 삼천당제약, 현대차, 알테오젠, HPSP, LG전자 등이 있습니다.★ 안내사항과도한 빚은 당신에게 큰 불행을 안겨줄 수 있습니다. 대출 시 신용등급 하락으로 다른 금융거래가 제약받을 수 있습니다. 중개수수료를 요구하거나 받는 것은 불법입니다.상호명: ㈜단비대부 2021-서울영등포-2102(대부업) | TEL: 1544-4886 | 대출금리: 연 20%이내(연체금리는 약정금리+3%p이내, 최대 연 20%이내) | 단, 2021. 7. 7.부터 신규체결, 갱신, 연장되는 계약에 한함 | 채무의 조기상환 조건 및 부대비용 없음. (단, 신용조회비용 및 담보권설정비용 있음), 이자 외 별도로 중개수수료를 요구하거나 수취하는 것은 불법입니다. | 대표이사: 박동원 | 사업자등록번호: 274-86-00231 | 등록기관명칭: 서울 영등포구청(담당부서: 일자리경제과, 02-2670-3420) | 소재지 : 서울 영등포구 여의대방로67길 11, 5층 517호 | 개인정보관리자메일: help@danbifund.co.kr무료상담",https://www.hankyung.com/article/202507108865a,2025.07.10 08:33
합리적 투자 필수! 증권사 신용대출 3%대 전환으로 이자 절감,,"전송종목 : 동원시스템즈, 한국전력, 삼성증권, SK텔레콤, 현대엘리베이터최근 주식 투자자들 사이에서 주식대출(미수/신용융자 등)의 고금리에 대한 부담이 커지고 있다.특히 저금리를 적용 받고 싶어도, 기존 대출을 상환하고 다시 주식을 매수해야 하는 번거로운 절차와 자금 조달의 어려움이 발목을 잡고 있다.이런 현실적인 문제를 해결하고자, 무빙스탁이 ‘증권사 신용, 대환자금대출’ 서비스를 전격 출시했다.이 상품은 주식을 매도하지 않고도, 기존의 고금리의 주식대출(미수/신용융자 등)의 3%대의 혁신적인 저금리 증권사로 전환할 수 있도록 상환자금을 제공하는 것이 핵심이다.무빙스탁 관계자는 “현재 증권사 이벤트 금리는 연 3%대 수준으로, 기존 9~10%대 고금리를 적용받는 투자자라면 절감 효과가 상당하다”며, 금리를 5%만 낮추면 “1억원 신용대출 기준으로 연간 약 500만원, 3억원이라면 1,500만원까지도 절약할 수 있다”고 밝혔다.더 놀라운 점은, 현재는 이벤트 기간으로 대환자금대출 신청시 발생하는 이자 비용까지 ‘0원’이라는 사실이다. 대환자금에 대해서 하루의 대출이자도 부담하지 않고 기존 고금리 대출을 저금리로 전환할 수 있어, 고금리 부담에 시달리던 투자자들에게 큰 호응을 얻을 전망이다.이 서비스는 부동산 시장에서 흔히 이용되던 대환대출 개념을 증권시장에 도입한 혁신적인 시도로, 주식 투자자들의 자금 운용에 새로운 대안을 제시할 것으로 기대된다.무빙스탁 ‘증권사 신용, 대환자금대출’의 비용 무료 이벤트는 이벤트 기간 동안 한정적으로 제공되는 만큼, 신용융자를 이용 중인 투자자라면 지금 바로 확인해볼 필요가 있다.★ 장마감 시간이 가까워질수록 문의가 많아 상담이 지연될 수 있습니다.★ 7월 문의하신 고객들이 많이 보유하신 종목으로는 삼성전자, POSCO홀딩스, 셀트리온, 포스코퓨처엠, 에코프로비엠, NAVER, 에코프로, 삼성SDI, LG화학, SK하이닉스, 두산에너빌리티, 카카오, SK이노베이션, LG에너지솔루션, 엘앤에프, 삼천당제약, 현대차, 알테오젠, HPSP, LG전자 등이 있습니다.★ 안내사항과도한 빚은 당신에게 큰 불행을 안겨줄 수 있습니다. 대출 시 신용등급 하락으로 다른 금융거래가 제약받을 수 있습니다. 중개수수료를 요구하거나 받는 것은 불법입니다.상호명: ㈜단비대부 2021-서울영등포-2102(대부업) | TEL: 1544-4886 | 대출금리: 연 20%이내(연체금리는 약정금리+3%p이내, 최대 연 20%이내) | 단, 2021. 7. 7.부터 신규체결, 갱신, 연장되는 계약에 한함 | 채무의 조기상환 조건 및 부대비용 없음. (단, 신용조회비용 및 담보권설정비용 있음), 이자 외 별도로 중개수수료를 요구하거나 수취하는 것은 불법입니다. | 대표이사: 박동원 | 사업자등록번호: 274-86-00231 | 등록기관명칭: 서울 영등포구청(담당부서: 일자리경제과, 02-2670-3420) | 소재지 : 서울 영등포구 여의대방로67길 11, 5층 517호 | 개인정보관리자메일: help@danbifund.co.kr무료상담",https://www.hankyung.com/article/202507210601a,2025.07.21 13:28
"디어유, 중국 진출 기대감에 상승세",,"2025년 5월 28일, 팬덤 기반 커뮤니케이션 플랫폼 기업 디어유가 중국 시장 진출 기대감에 힘입어 상승세를 보이고 있다.디어유는 SM엔터테인먼트의 자회사로, 아티스트와 팬이 직접 소통할 수 있는 ‘버블’ 서비스를 제공하며 글로벌 팬덤 플랫폼 시장에서 입지를 다져왔다. 최근에는 중국 최대 음악 플랫폼인 텐센트 뮤직이 디어유의 모회사인 SM엔터테인먼트의 2대 주주로 등극하면서, 디어유의 중국 시장 진출에 대한 기대감이 높아지고 있다.증권가에서는 디어유의 중국 진출이 빠르면 6월 내에 이루어질 것으로 예상하고 있으며, 텐센트 뮤직과의 협업을 통해 현지화 전략을 강화하고 수익 모델을 다각화할 수 있을 것으로 전망하고 있다. 특히, 중국 내 케이팝 팬덤의 규모와 성장 잠재력을 고려할 때, 디어유의 플랫폼 확장은 실적 개선에 긍정적인 영향을 미칠 것으로 보인다.디어유, 셀트리온, HD한국조선해양, 한국항공우주, 비에이치아이무료상담",https://www.hankyung.com/article/202505280881a,2025.05.28 13:33
"'대내외 훈풍' 코스피, 3100선 회복…삼성전자 4%대 '급등'","외인·기관 1조1934억 순매수
美-베트남 무역 협상·상법 개정안 통과 등

삼전 9개월여 만에 '63층' 도달
2차전지 오르고 지주사 내리고","사진=한경DB

                코스피지수가 3일 외국인과 기관투자자의 대규모 매수세에 1% 넘게 뛰며 3110선을 회복했다. 미국과 베트남 간 무역 협상 타결로 글로벌 공급망을 둘러싼 불확실성이 일부 완화됐고 상법 개정안이 국회 본회의를 통과하면서 투자심리가 개선된 영향으로 풀이된다. 이날 코스피지수는 전날보다 41.21포인트(1.34%) 오른 3116.27로 거래를 마쳤다. 지수는 이날 0.82% 오름세로 출발 후 상승폭을 확대했다.외국인과 기관이 대규모로 물량을 담아내면서 지수 상승을 견인했다. 유가증권시장에서 외국인과 기관은 각각 6323억원과 5611억원어치를 사들였다. 외국인은 코스피200 선물도 4003억원어치 순매수했다. 개인만 1조2325억원어치를 팔아치웠다.미국이 베트남과 무역 협상을 타결하자 관세 불확실성이 일부 줄어든 데 따른 영향으로 풀이된다. 이에 간밤 미국 증시에서도 긍정적 흐름이 관찰됐다. S&P500지수는 0.47% 올라 사상 최고가를 경신했고 나스닥종합지수도 0.94% 상승했다.또 이날 열린 국회 본회의에서 여야가 합의한 상법 개정안이 가결된 점도 지수 상승을 뒷받침했다. 상법 개정안에는 이사의 충실의무 대상을 '회사'에서 '주주 및 회사'로 확대하는 내용을 비롯해 전자 주주총회 도입과 감사위원 선임 시 최대주주와 특수관계인의 의결권을 합산 3%로 제한하는 내용 등이 담겼다.이경민 대신증권 연구원은 ""미국과의 관세 협상에 난항을 겪고 있는 일본과 홍콩을 제외한 아시아 증시 전반에 훈풍이 유입됐다""며 ""베트남 공급망 불확실성이 해소된 삼성전자를 중심으로 코스피의 상승을 견인했다""고 분석했다.코스피 시가총액 상위 종목 중 삼성바이오로직스(3.47%) KB금융(3.0%) 셀트리온(2.01%) 두산에너빌리티(0.49%) 현대차(0.47%) 네이버(0.4%) 등이 오른 반면 HD현대중공업(-3.31%) 한화에어로스페이스(-0.24%) SK하이닉스(-0.18%) 등이 내렸다. 삼성전자(4.93%)는 사흘간 상승세를 이어가며 이날 6만3800원으로 마감했다. 삼성전자 주가가 6만3000원대를 나타낸 건 지난해 9월30일 이후 9개월여 만이다. 시장의 예상과 달리 미국에서 반도체 세액공제율을 기존 25%에서 35%로 높이는 방안이 통과됐고 미국과 베트남 간 무역 협상 타결로 공급망 우려도 완화되면서다.또 에코프로머티(11.67%)를 비롯해 엘앤에프(8.07%) LG에너지솔루션(5.29%) 삼성SDI(3.52%) 등 2차전지주가 급등했다. 전날 테슬라 주가가 5% 반등한 데다 낙폭 과대 인식이 맞물린 결과로 증권업계는 분석한다. 반면 한화(-5.43%) SK(-3.28%) CJ(-2.53%) 롯데지주(-1.69%) 등 지주사는 약세로 마감했다. 이날 상법 개정안이 통과됐음에도 차익 실현 매물이 출회되면서다.코스닥지수는 전날보다 11.16포인트(1.43%) 오른 793.33으로 거래를 마쳤다. 이날 지수는 0.46% 오름세로 출발 후 오후 장 들어 상승폭을 크게 확대했다.코스닥시장에서도 외국인과 기관이 각각 1096억원과 396억원어치를 사들였고 개인만 1497억원어치를 팔아치웠다.코스닥 시총 상위 종목 중 파마리서치(6.28%) 리가켐바이오(5.84%) 에코프로(5.37%) 펩트론(4.85%) 리노공업(4.67%) 휴젤(3.15%) 에코프로비엠(2.91%) 알테오젠(1.4%) 등이 올랐다.서울 외환시장에서 원·달러 환율은 전장 대비 0.7원 오른 1359.4원으로 주간 거래를 마쳤다. 고정삼 한경닷컴 기자 jsk@hankyung.com",https://www.hankyung.com/article/2025070365346,2025.07.03 16:07
,,,https://magazine.hankyung.com/business/article/202507211043b,
"코스피, 관세 리스크 완화에 3100선 회복…코스닥도 상승",,"사진=뉴스1

                코스피지수가 3일 장 초반 강세를 보이며 3100선을 회복했다. 미국이 영국에 이어 베트남과 무역 협상을 타결하자 관세 불확실성이 일부 줄어든 데 따른 영향으로 풀이된다. 이날 오전 9시9분 현재 코스피지수는 전 거래일보다 26.02포인트(0.85%) 오른 3101.08을 나타내고 있다. 지수는 이날 0.82% 상승 출발 후 추세를 유지하고 있다.유가증권시장에서 외국인이 888억원 매수 우위인 반면 개인과 기관은 각각 713억원과 184억원 매도 우위다.간밤 새벽 미국 증시는 혼조로 마쳤다. 2일(현지시간) 다우존스30산업지수는 0.02% 내렸지만 S&P500지수가 0.47% 오르며 사상 최고가를 경신했고 나스닥종합지수도 0.94% 상승했다.이날 도널드 트럼프 미국 대통령은 베트남과 무역 합의를 도출했다고 밝혔다. 트럼프 행정부는 지난 4월 베트남에 대해 46%의 상호관세율을 책정했는데, 베트남이 시장을 개방하는 대신 관세율을 20%로 대폭 인하하기로 했다. 이에 미국이 각국과 진행하는 관세 협상이 진전될 것이란 낙관론이 투자심리를 개선했다.코스피 시가총액 상위 종목 중 삼성전자, SK하이닉스, 삼성바이오로직스, LG에너지솔루션, 현대차, KB금융, 한화에어로스페이스, 기아, 네이버, 두산에너빌리티 등이 오르는 반면 셀트리온, HD현대중공업 등이 내리고 있다.코스닥지수는 같은 시각 5.2포인트(0.66%) 오른 787.37을 나타내고 있다. 코스닥시장에서는 개인이 122억원 매수 우위인 반면 외국인과 기관이 각각 76억원과 17억원 매도 우위다.코스닥 시총 상위 종목 중 에코프로비엠, HLB, 에코프로, 레인보우로보틱스, 파마리서치, 휴젤, 리가켐바이오, 클래시스, 리노공업 등이 오르는 반면 알테오젠, 펩트론, 삼천당제약 등이 내리고 있다.서울 외환시장에서 원·달러 환율은 전장보다 3.7원 내린 1355원으로 개장했다.고정삼 한경닷컴 기자 jsk@hankyung.com",https://www.hankyung.com/article/2025070352836,2025.07.03 09:23
신용대출 이자 절감 꿀팁! 증권사 3%대 대출 전환법 공개,,"전송종목 : 고영, 아이센스, 바이오플러스, SK오션플랜트, 뷰웍스




 

최근 주식 투자자들 사이에서 주식대출(미수/신용융자 등)의 고금리에 대한 부담이 커지고 있다.특히 저금리를 적용 받고 싶어도, 기존 대출을 상환하고 다시 주식을 매수해야 하는 번거로운 절차와 자금 조달의 어려움이 발목을 잡고 있다.이런 현실적인 문제를 해결하고자, 무빙스탁이 ‘증권사 신용, 대환자금대출’ 서비스를 전격 출시했다.이 상품은 주식을 매도하지 않고도, 기존의 고금리의 주식대출(미수/신용융자 등)의 3%대의 혁신적인 저금리 증권사로 전환할 수 있도록 상환자금을 제공하는 것이 핵심이다.무빙스탁 관계자는 “현재 증권사 이벤트 금리는 연 3%대 수준으로, 기존 9~10%대 고금리를 적용받는 투자자라면 절감 효과가 상당하다”며, 금리를 5%만 낮추면 “1억원 신용대출 기준으로 연간 약 500만원, 3억원이라면 1,500만원까지도 절약할 수 있다”고 밝혔다.더 놀라운 점은, 현재는 이벤트 기간으로 대환자금대출 신청시 발생하는 이자 비용까지 ‘0원’이라는 사실이다. 대환자금에 대해서 하루의 대출이자도 부담하지 않고 기존 고금리 대출을 저금리로 전환할 수 있어, 고금리 부담에 시달리던 투자자들에게 큰 호응을 얻을 전망이다.이 서비스는 부동산 시장에서 흔히 이용되던 대환대출 개념을 증권시장에 도입한 혁신적인 시도로, 주식 투자자들의 자금 운용에 새로운 대안을 제시할 것으로 기대된다.무빙스탁 ‘증권사 신용, 대환자금대출’의 비용 무료 이벤트는 이벤트 기간 동안 한정적으로 제공되는 만큼, 신용융자를 이용 중인 투자자라면 지금 바로 확인해볼 필요가 있다.★ 장마감 시간이 가까워질수록 문의가 많아 상담이 지연될 수 있습니다.★ 7월 문의하신 고객들이 많이 보유하신 종목으로는 삼성전자, POSCO홀딩스, 셀트리온, 포스코퓨처엠, 에코프로비엠, NAVER, 에코프로, 삼성SDI, LG화학, SK하이닉스, 두산에너빌리티, 카카오, SK이노베이션, LG에너지솔루션, 엘앤에프, 삼천당제약, 현대차, 알테오젠, HPSP, LG전자 등이 있습니다.★ 안내사항과도한 빚은 당신에게 큰 불행을 안겨줄 수 있습니다. 대출 시 신용등급 하락으로 다른 금융거래가 제약받을 수 있습니다. 중개수수료를 요구하거나 받는 것은 불법입니다.상호명: ㈜단비대부 2021-서울영등포-2102(대부업) | TEL: 1544-4886 | 대출금리: 연 20%이내(연체금리는 약정금리+3%p이내, 최대 연 20%이내) | 단, 2021. 7. 7.부터 신규체결, 갱신, 연장되는 계약에 한함 | 채무의 조기상환 조건 및 부대비용 없음. (단, 신용조회비용 및 담보권설정비용 있음), 이자 외 별도로 중개수수료를 요구하거나 수취하는 것은 불법입니다. | 대표이사: 박동원 | 사업자등록번호: 274-86-00231 | 등록기관명칭: 서울 영등포구청(담당부서: 일자리경제과, 02-2670-3420) | 소재지 : 서울 영등포구 여의대방로67길 11, 5층 517호 | 개인정보관리자메일: help@danbifund.co.kr무료상담",https://www.hankyung.com/article/202507160714a,2025.07.16 13:08
"“향후 10년 최고 수익률은 한국”… 글로벌 자금, 기술주·지배구조 개혁 주목",,"글로벌 투자기관들은 향후 10년간 한국 증시가 아시아는 물론 신흥국 가운데 가장 높은 수익률을 기록할 것이라고 전망하고 있다. 인공지능(AI) 관련 기술주의 성장성과 새 정부의 정치적 안정, 기업 지배구조 개선 노력이 투자 매력으로 작용하고 있다는 분석이다.모닝스타웰스는 한국의 기대 수익률이 연평균 11~12%에 이를 것으로 보고 중국·일본 주식을 줄이고 한국 투자 비중을 확대하고 있다. 코스피는 연초 대비 29.8% 상승하며 글로벌 주요 시장 대비 높은 수익률을 기록 중이며, 최근 글로벌 자금도 대규모로 유입되고 있다.다만 전문가들은 한국 증시의 장기 성장을 위해선 증시 개혁의 지속성과 실천이 중요하다고 지적한다. 트럼프발 관세 리스크 같은 대외 변수와 함께 대기업 지배구조 개편 등 구조적인 변화가 지속돼야 ‘코리아 디스카운트’ 해소가 본격화될 것이라는 평가다.한편, 스탁론에 대한 관심이 날로높아지고 있다. 모처럼 잡은 투자기회를 놓치지 않으려는 투자자들이 주식매입을 위해 더 많은 자금을 활용할 수 있는 스탁론으로 눈길을 돌리고 있기 때문이다. 현 주가는 실적을 따라가지 못하고 있는 상황으로, 밸류에이션 리레이팅이 필요한 시기라는 평가도 나오고 있다.




 

◆ 하이스탁론, 연 4%대 업계 최저금리로 추가 투자금은 물론 신용미수 대환까지!<하이스탁론>에서 누구나 부담 없이 스탁론을 경험할 수 있도록 연 4%대 최저금리 상품을 출시했다. 주식매입 용도는 물론 증권사 미수/신용 대환도 가능하며 신용등급 차등 없이 자기자본 포함 최대 4배까지 활용할 수 있다.이와 함께 DSR 한도 때문에 기존 스탁론 이용이 어려웠던 투자자들은 위한 DSR 무관 상품도 취급 중이다. 또한 장중 거래가 어려웠던 투자자를 위한 대체거래소(NXT) 거래도 가능해졌다.<하이스탁론>의 새로운 상품에 대해 자세히 알고 싶은 투자자는 고객상담센터(1599-0313)로 연락하면 대출 여부와 상관없이 24시간 언제든 전문상담원과 편리한 상담이 가능하다.○ 연 4%대 업계 최저금리 상품 출시○ 대체거래소(NXT) 거래 가능!○ 21년 연속 시장 점유율 1위, 16년 연속 대한민국퍼스트브랜드 대상○ 증권사 신용/미수 실시간 상환, 한종목 100% 집중 투자○ 믿을 수 있는 상담품질보증제※하이스탁론상담센터 : 1599-0313바로가기:https://www.hisl.co.kr/0313◆ 현 시각 관심종목 Top 10 : 폴라리스AI파마, 한화솔루션, 셀트리온, 동양철관, SK텔레콤, 우리기술, iM금융지주, CJ대한통운, 비츠로셀, DSC인베스트먼트무료상담",https://www.hankyung.com/article/202507109590a,2025.07.11 11:25
"코스피, 3년 9개월 만에 장중 3100선 돌파…'6만전자' 회복","유가증권시장서 외인·기관 '쌍끌이'
코스닥도 11개월 만에 800 웃돌아","코스피지수가 3년 9개월 만에 장중 3100선을 돌파했다. 중동 지정학적 위기 완화가 호재로 작용한 모습이다. 같은날 코스닥지수도 약 11개월 만에 800선을 회복했다.  24일 오후 12시31분 코스피는 전일 대비 86.42포인트(2.87%) 뛴 3100.89를 기록 중이다. 지수는 12시28분께 3101.83까지 치솟기도 했다. 3060선에서 거래를 시작한 코스피는 우상향하며 3100선을 돌파했다. 코스피가 장중 3100선 위에서 움직인 건 2021년 9월28일 이후 3년 9개월 만에 처음이다.유가증권시장에서 외국인과 기관이 각각 4291억원, 2310억원을 순매수하며 지수를 끌어올리고 있다. 개인은 홀로 5803억원을 순매도하는 중이다. 코스닥 시장에서도 외국인과 기관은 각각 1135억원, 708억원을 순매수하고 있다. 개인은 1502억원 매도 우위를 보이고 있다.도널드 트럼프 미국 대통령이 이스라엘과 이란이 완전하고 전면적인 휴전에 합의했다고 밝히자 매수세가 몰린 것으로 보인다. 23일(현지시간) 트럼프 대통령은 소셜네트워크서비스(SNS) 트루스소셜에 ""이스라엘과 이란 사이에 완전하고 전면전인 휴전을 하기로 하는 완전한 합의가 이뤄졌다""는 글을 올렸다.
                    



사진=연합뉴스

                시가총액 상위주도 대부분 상승 중이다. HD현대중공업(8.88%), SK하이닉스(8.67%)의 상승세가 두드러진 가운데 KB금융(4.46%), 카카오(3.7%), 신한지주(2.83%), LG에너지솔루션(2.04%), 현대차(1.74%), 셀트리온(1.57%), 기아(1.46%)는 급등하고 있다. 대장주 삼성전자(3.88%)는 6만원선을 회복했다. 중동 리스크가 완화하며 한화에어로스페이스는 2.5% 하락하고 있다. 네이버는 1.72% 조정받고 있다.코스닥 지수도 전일 대비 14.6포인트(1.86%) 오른 799.39를 가리키고 있다. 오전 한때 코스닥은 801.23까지 올랐다. 코스닥이 장중 800선 위에 오른 것은 지난해 8월 이후 약 11개월 만이다.원·달러 환율도 급락세다. 원·달러 환율은 전장 대비 15.9원 내린 1366.1원을 가리키고 있다.한지영 키움증권 연구원은 ""미국과 이란의 공방이 완전 휴전에 합의하면서 중동발 불확실성은 증시 불안의 수면 아래로 내려갔다고 보는 것이 적절하다""며 ""휴전 소식에 따른 국제 유가 급락, 테슬라를 중심으로 한 미국 증시 강세 효과 등에 힘입어 상승 흐름을 이어갈 것""이라고 말했다.진영기 한경닷컴 기자 young71@hankyung.com",https://www.hankyung.com/article/2025062461356,2025.06.24 12:55
고금리 OUT! 증권사 신용대출 3%대로 전환하는 방법,,"전송종목 : KCC, TCC스틸, 아모레퍼시픽홀딩스, 미원상사, 세아제강지주최근 주식 투자자들 사이에서 주식대출(미수/신용융자 등)의 고금리에 대한 부담이 커지고 있다.특히 저금리를 적용 받고 싶어도, 기존 대출을 상환하고 다시 주식을 매수해야 하는 번거로운 절차와 자금 조달의 어려움이 발목을 잡고 있다.이런 현실적인 문제를 해결하고자, 무빙스탁이 ‘증권사 신용, 대환자금대출’ 서비스를 전격 출시했다.이 상품은 주식을 매도하지 않고도, 기존의 고금리의 주식대출(미수/신용융자 등)의 3%대의 혁신적인 저금리 증권사로 전환할 수 있도록 상환자금을 제공하는 것이 핵심이다.무빙스탁 관계자는 “현재 증권사 이벤트 금리는 연 3%대 수준으로, 기존 9~10%대 고금리를 적용받는 투자자라면 절감 효과가 상당하다”며, 금리를 5%만 낮추면 “1억원 신용대출 기준으로 연간 약 500만원, 3억원이라면 1,500만원까지도 절약할 수 있다”고 밝혔다.더 놀라운 점은, 현재는 이벤트 기간으로 대환자금대출 신청시 발생하는 이자 비용까지 ‘0원’이라는 사실이다. 대환자금에 대해서 하루의 대출이자도 부담하지 않고 기존 고금리 대출을 저금리로 전환할 수 있어, 고금리 부담에 시달리던 투자자들에게 큰 호응을 얻을 전망이다.이 서비스는 부동산 시장에서 흔히 이용되던 대환대출 개념을 증권시장에 도입한 혁신적인 시도로, 주식 투자자들의 자금 운용에 새로운 대안을 제시할 것으로 기대된다.무빙스탁 ‘증권사 신용, 대환자금대출’의 비용 무료 이벤트는 이벤트 기간 동안 한정적으로 제공되는 만큼, 신용융자를 이용 중인 투자자라면 지금 바로 확인해볼 필요가 있다.★ 장마감 시간이 가까워질수록 문의가 많아 상담이 지연될 수 있습니다.★ 7월 문의하신 고객들이 많이 보유하신 종목으로는 삼성전자, POSCO홀딩스, 셀트리온, 포스코퓨처엠, 에코프로비엠, NAVER, 에코프로, 삼성SDI, LG화학, SK하이닉스, 두산에너빌리티, 카카오, SK이노베이션, LG에너지솔루션, 엘앤에프, 삼천당제약, 현대차, 알테오젠, HPSP, LG전자 등이 있습니다.★ 안내사항과도한 빚은 당신에게 큰 불행을 안겨줄 수 있습니다. 대출 시 신용등급 하락으로 다른 금융거래가 제약받을 수 있습니다. 중개수수료를 요구하거나 받는 것은 불법입니다.상호명: ㈜단비대부 2021-서울영등포-2102(대부업) | TEL: 1544-4886 | 대출금리: 연 20%이내(연체금리는 약정금리+3%p이내, 최대 연 20%이내) | 단, 2021. 7. 7.부터 신규체결, 갱신, 연장되는 계약에 한함 | 채무의 조기상환 조건 및 부대비용 없음. (단, 신용조회비용 및 담보권설정비용 있음), 이자 외 별도로 중개수수료를 요구하거나 수취하는 것은 불법입니다. | 대표이사: 박동원 | 사업자등록번호: 274-86-00231 | 등록기관명칭: 서울 영등포구청(담당부서: 일자리경제과, 02-2670-3420) | 소재지 : 서울 영등포구 여의대방로67길 11, 5층 517호 | 개인정보관리자메일: help@danbifund.co.kr무료상담",https://www.hankyung.com/article/202507071504a,2025.07.07 09:33
고금리 OUT! 증권사 신용대출 3%대로 전환하는 방법,,"전송종목 : LG에너지솔루션, DL이앤씨, F&F, SK스퀘어, 에코프로머티최근 주식 투자자들 사이에서 주식대출(미수/신용융자 등)의 고금리에 대한 부담이 커지고 있다.특히 저금리를 적용 받고 싶어도, 기존 대출을 상환하고 다시 주식을 매수해야 하는 번거로운 절차와 자금 조달의 어려움이 발목을 잡고 있다.이런 현실적인 문제를 해결하고자, 무빙스탁이 ‘증권사 신용, 대환자금대출’ 서비스를 전격 출시했다.이 상품은 주식을 매도하지 않고도, 기존의 고금리의 주식대출(미수/신용융자 등)의 3%대의 혁신적인 저금리 증권사로 전환할 수 있도록 상환자금을 제공하는 것이 핵심이다.무빙스탁 관계자는 “현재 증권사 이벤트 금리는 연 3%대 수준으로, 기존 9~10%대 고금리를 적용받는 투자자라면 절감 효과가 상당하다”며, 금리를 5%만 낮추면 “1억원 신용대출 기준으로 연간 약 500만원, 3억원이라면 1,500만원까지도 절약할 수 있다”고 밝혔다.더 놀라운 점은, 현재는 이벤트 기간으로 대환자금대출 신청시 발생하는 이자 비용까지 ‘0원’이라는 사실이다. 대환자금에 대해서 하루의 대출이자도 부담하지 않고 기존 고금리 대출을 저금리로 전환할 수 있어, 고금리 부담에 시달리던 투자자들에게 큰 호응을 얻을 전망이다.이 서비스는 부동산 시장에서 흔히 이용되던 대환대출 개념을 증권시장에 도입한 혁신적인 시도로, 주식 투자자들의 자금 운용에 새로운 대안을 제시할 것으로 기대된다.무빙스탁 ‘증권사 신용, 대환자금대출’의 비용 무료 이벤트는 이벤트 기간 동안 한정적으로 제공되는 만큼, 신용융자를 이용 중인 투자자라면 지금 바로 확인해볼 필요가 있다.★ 장마감 시간이 가까워질수록 문의가 많아 상담이 지연될 수 있습니다.★ 7월 문의하신 고객들이 많이 보유하신 종목으로는 삼성전자, POSCO홀딩스, 셀트리온, 포스코퓨처엠, 에코프로비엠, NAVER, 에코프로, 삼성SDI, LG화학, SK하이닉스, 두산에너빌리티, 카카오, SK이노베이션, LG에너지솔루션, 엘앤에프, 삼천당제약, 현대차, 알테오젠, HPSP, LG전자 등이 있습니다.★ 안내사항과도한 빚은 당신에게 큰 불행을 안겨줄 수 있습니다. 대출 시 신용등급 하락으로 다른 금융거래가 제약받을 수 있습니다. 중개수수료를 요구하거나 받는 것은 불법입니다.상호명: ㈜단비대부 2021-서울영등포-2102(대부업) | TEL: 1544-4886 | 대출금리: 연 20%이내(연체금리는 약정금리+3%p이내, 최대 연 20%이내) | 단, 2021. 7. 7.부터 신규체결, 갱신, 연장되는 계약에 한함 | 채무의 조기상환 조건 및 부대비용 없음. (단, 신용조회비용 및 담보권설정비용 있음), 이자 외 별도로 중개수수료를 요구하거나 수취하는 것은 불법입니다. | 대표이사: 박동원 | 사업자등록번호: 274-86-00231 | 등록기관명칭: 서울 영등포구청(담당부서: 일자리경제과, 02-2670-3420) | 소재지 : 서울 영등포구 여의대방로67길 11, 5층 517호 | 개인정보관리자메일: help@danbifund.co.kr무료상담",https://www.hankyung.com/article/202507096258a,2025.07.09 09:33
"코스피, 3년10개월 만에 3200선 돌파…'연고점 또 경신'",삼성전자·하이닉스 2%대 강세,"사진=연합뉴스

                코스피지수가 11일 개인투자자의 매수세에 힘입어 3년10개월 만에 3200선을 돌파하면서 연고점을 재차 경신했다.이날 오전 9시14분 현재 코스피지수는 전 거래일보다 28.56포인트(0.9%) 오른 3211.79를 나타내고 있다. 지수는 이날 0.1% 오름세로 출발 후 상승폭을 빠르게 키웠다. 지수가 3200선을 넘어선 건 장중 기준으로 2021년 9월7일(3201.76) 이후 3년10개월 만이다.유가증권시장에서 개인이 613억원 매수 우위인 반면 외국인과 기관은 각각 450억원과 146억원 매도 우위다.이날 새벽 미국 증시도 상승세로 마감했다. 지난 10일(현지시간) 다우존스30산업지수는 0.43% 올랐고 S&P500지수와 나스닥종합지수는 각각 0.27%와 0.09% 상승해 사상 최고치를 경신했다. 도널드 트럼프 미국 대통령이 브라질에 고율의 '관세 폭탄'을 투하한다는 소식에도 투자자들이 낙관적 태도를 유지하면서다.코스피 시가총액 상위 종목 중 LG에너지솔루션, KB금융, 현대차, 기아, 셀트리온 등이 오르는 반면 삼성바이오로직스, 네이버, 두산에너빌리티, 한화에어로스페이스, HD현대중공업 등이 내리고 있다. 삼성전자(2.79%)와 SK하이닉스(2.53%)는 강세를 보이고 있다. 전날 세계 최대 위탁생산(파운드리) 업체인 대만 TSMC의 올 4~6월 매출이 9338억대만달러(약 43조8000억원)로 사상 최대치를 경신했다는 소식이 투자심리에 긍정적 영향을 준 것으로 보인다. 같은 시각 코스닥지수는 전 거래일보다 7.37포인트(0.92%) 오른 805.07을 나타내고 있다. 코스닥지수는 역시 0.28% 오름세로 출발 후 장중 한때 1.03%까지 상승폭을 확대했다.코스닥시장에서는 외국인과 기관이 각각 338억원과 7억원 매수 우위인 반면 개인은 360억원 매도 우위다.코스닥 시총 상위 종목 중 에코프로비엠, HLB, 에코프로, 파마리서치, 휴젤, 클래시스, 리노공업 등이 오르는 반면 알테오젠, 리가켐바이오, 펩트론, 삼천당제약, 코오롱티슈진 등이 내리고 있다.서울 외환시장에서 원·달러 환율은 전장보다 2.3원 오른 1372.3원으로 개장했다.고정삼 한경닷컴 기자 jsk@hankyung.com",https://www.hankyung.com/article/2025071119236,2025.07.11 09:26
[바이오 CFO 길라잡이] 미국의 통상규제와 제약·바이오산업의 대응 전략,글 정민우 삼일회계법인 파트너,,https://www.hankyung.com/article/202506309873i,2025.07.08 08:48
"21일, 코스닥 외국인 순매도상위에 제약 업종 6종목",,"외국인 투자자는 21일 코스닥에서 HLB, 셀트리온제약, 디앤디파마텍 등을 중점적으로 매도한 것으로 나타났다.외국인 투자자의 순매도 상위 20개 종목은 HLB, 셀트리온제약, 디앤디파마텍, 메디톡스, 덕산네오룩스, 현대바이오, 에스티팜, 세경하이테크, 휴젤, 에코프로비엠등이다.이중에 제약 업종에 속한 종목이 6개 포함되어 있다.셀트리온제약, 덕산네오룩스, 세경하이테크 등은 전일 대비 주가가 상승했고, HLB, 디앤디파마텍, 메디톡스 등은 주가가 하락했다.[07월21일]코스닥 외국인 순매도 상위 종목한경로보뉴스이 기사는 한국경제신문과 금융 AI 전문기업 씽크풀이 공동 개발한 기사 자동생성 알고리즘에 의해 실시간으로 작성된 것입니다.",https://www.hankyung.com/article/202507212798L,2025.07.21 18:35
9~10% 주식 관련 대출에서 3%대 대출로 교체,,"전송종목 : GS글로벌, PKC, KG케미칼, 알루코, 대한제당최근 주식 투자자들 사이에서 주식대출(미수/신용융자 등)의 고금리에 대한 부담이 커지고 있다.특히 저금리를 적용 받고 싶어도, 기존 대출을 상환하고 다시 주식을 매수해야 하는 번거로운 절차와 자금 조달의 어려움이 발목을 잡고 있다.이런 현실적인 문제를 해결하고자, 무빙스탁이 ‘증권사 신용, 대환자금대출’ 서비스를 전격 출시했다.이 상품은 주식을 매도하지 않고도, 기존의 고금리의 주식대출(미수/신용융자 등)의 3%대의 혁신적인 저금리 증권사로 전환할 수 있도록 상환자금을 제공하는 것이 핵심이다.무빙스탁 관계자는 “현재 증권사 이벤트 금리는 연 3%대 수준으로, 기존 9~10%대 고금리를 적용받는 투자자라면 절감 효과가 상당하다”며, 금리를 5%만 낮추면 “1억원 신용대출 기준으로 연간 약 500만원, 3억원이라면 1,500만원까지도 절약할 수 있다”고 밝혔다.더 놀라운 점은, 현재는 이벤트 기간으로 대환자금대출 신청시 발생하는 이자 비용까지 ‘0원’이라는 사실이다. 대환자금에 대해서 하루의 대출이자도 부담하지 않고 기존 고금리 대출을 저금리로 전환할 수 있어, 고금리 부담에 시달리던 투자자들에게 큰 호응을 얻을 전망이다.이 서비스는 부동산 시장에서 흔히 이용되던 대환대출 개념을 증권시장에 도입한 혁신적인 시도로, 주식 투자자들의 자금 운용에 새로운 대안을 제시할 것으로 기대된다.무빙스탁 ‘증권사 신용, 대환자금대출’의 비용 무료 이벤트는 이벤트 기간 동안 한정적으로 제공되는 만큼, 신용융자를 이용 중인 투자자라면 지금 바로 확인해볼 필요가 있다.★ 장마감 시간이 가까워질수록 문의가 많아 상담이 지연될 수 있습니다.★ 7월 문의하신 고객들이 많이 보유하신 종목으로는 삼성전자, POSCO홀딩스, 셀트리온, 포스코퓨처엠, 에코프로비엠, NAVER, 에코프로, 삼성SDI, LG화학, SK하이닉스, 두산에너빌리티, 카카오, SK이노베이션, LG에너지솔루션, 엘앤에프, 삼천당제약, 현대차, 알테오젠, HPSP, LG전자 등이 있습니다.★ 안내사항과도한 빚은 당신에게 큰 불행을 안겨줄 수 있습니다. 대출 시 신용등급 하락으로 다른 금융거래가 제약받을 수 있습니다. 중개수수료를 요구하거나 받는 것은 불법입니다.상호명: ㈜단비대부 2021-서울영등포-2102(대부업) | TEL: 1544-4886 | 대출금리: 연 20%이내(연체금리는 약정금리+3%p이내, 최대 연 20%이내) | 단, 2021. 7. 7.부터 신규체결, 갱신, 연장되는 계약에 한함 | 채무의 조기상환 조건 및 부대비용 없음. (단, 신용조회비용 및 담보권설정비용 있음), 이자 외 별도로 중개수수료를 요구하거나 수취하는 것은 불법입니다. | 대표이사: 박동원 | 사업자등록번호: 274-86-00231 | 등록기관명칭: 서울 영등포구청(담당부서: 일자리경제과, 02-2670-3420) | 소재지 : 서울 영등포구 여의대방로67길 11, 5층 517호 | 개인정보관리자메일: help@danbifund.co.kr무료상담",https://www.hankyung.com/article/202507248244a,2025.07.24 13:28
[마켓PRO] 떨어질 때 '줍줍'…조선주 쓸어담는 투자 고수들,,"※한경 마켓PRO 텔레그램을 구독하시면 프리미엄 투자 콘텐츠를 보다 편리하게 볼 수 있습니다. 텔레그램에서 ‘마켓PRO’를 검색하면 가입할 수 있습니다.





                투자수익률 상위 1％의 고수들이 한화오션, HD한국조선해양 삼성중공업 등 조선주를 집중적으로 매수하고 있다.
                    




                2일 미래에셋엠클럽에 따르면 미래에셋증권 계좌로 주식을 거래하는 수익률 상위 1％ 고수들은 이날 개장부터 오전 10시까지 국내 증시에서 한화오션을 가장 많이 순매수했다. HD한국조선해양(2위) 삼성중공업(4위) 등 다른 조선주들도 순매수 상위에 이름을 올렸다. 이 날 오전장에서 조선주가 일제히 하락하면서 개인투자자들이 저가매수에 나섰다는 분석이 나온다. 오전 11시 기준 한화오션은 -3.43%, HD한국조선해양은 -6.44% 삼성중공업은 -2.8% 하락한 채 거래되고 있다. 액화천연가스운반선(LNGc) 가격이 앞으로 떨어질 수 있다는 보도가 주가에 영향을 미쳤다. 부진한 LNG업황으로 인해 개별 선주들이 장기 용선 계약이 보장되지 않는 이상 발주를 하기 꺼려하는 분위기라는 게 조선해운 전문업체 트레이드윈즈의 보도 내용이다. 오지훈 IBK투자증권 연구원은 ""한국은 여전히 글로벌 LNGC 시장을 과점하고 있어 한국 조선사의 선가 하락 가능성은 낮다""며 ""보수적으로 선가 하락을 가정한다고 해도 고선가 물량을 이미 많이 계약한 조선사를 중심으로 옥석가리기가 이어질 것""이라고 내다봤다. 
                    




                투자고수 순매도가 몰린 종목은 한국전력이었다. 한국전력은 이 날 장중 8%가까이 하락했다. 한미반도체 셀트리온 HD현대건설기계 등에도 순매도가 몰렸다. 나수지 기자 suji@hankyung.com",https://www.hankyung.com/article/202507023461i,2025.07.02 11:18
"중동발 악재에도 급등…이번주 3,000 돌파 전망도 [박해린의 마켓톡톡]",,"영상 모듈 닫기




오늘 증시 이슈 짚어보겠습니다.이스라엘과 이란의 충돌 확산에도 국내 증시는 2,940선으로 치솟았습니다.2022년 1월 이후 3년 5개월 만에 가장 높은 수치입니다.지정학적 갈등에 대한 부담은 존재하나 반도체, 방산, 원자력 등의 상승 모멘텀이 불안감을 상쇄한 것으로 풀이됩니다.
                    




                특히 SK하이닉스, 5% 급등했고, 두산에너빌리티 9% 오르며, 셀트리온을 꺾고 코스피 시총 10위권으로 진입했습니다.이제 코스피 3,000까지 단 54포인트만 남겨두고 있습니다.증권가에선 이 속도라면 이번주 코스피 3,000을 돌파할 가능성도 높다고 보고 있습니다.다만 우리 시장을 향한 외국인의 순매수 행진은 잠시 멈췄습니다.오늘 외국인은 코스닥은 담은 한편, 유가증권시장에서 이달 들어 처음으로 자금을 뺐고, 이 자리를 기관이 메웠습니다.이스라엘과 이란의 충돌로 급등하고 있는 국제 유가,시장에선 이스라엘과 이란 간 충돌이 제한적으로 이어질 것으로 보고 있습니다.따라서 증권가에선 국제 유가가 한동안 80달러대까지 상승할 가능성 열어두고 있고요.
                    




                만약 전세계 수요의 20%가 통과하는 호르무즈 해협 봉쇄 시에는 130달러 수준까지 열어둬야 한다는 분석 나오고요.이에 따라 에너지주도 힘받고 있습니다.안 그래도 연일 승승장구 하고 있는 방산주,
                    




                이스라엘과 이란의 충돌이 국내 방산주들에겐 수출 확대를 노릴 기회가 될 것이란 전망이 나옵니다.이스라엘은 주요 무기 수출국 가운데 하나로 한국과는 협력적 관계이기도 하지만 경쟁 관계이기도 한데요.이스라엘이 자국 방어를 위해 비축 무기나 신규 생산 무기의 해외 판매를 상당 기간 제한할 수밖에 없어 우리 방산주들에겐 기회가 될 수 있기 때문입니다.특히 방공미사일은 이란과의 전쟁이 종료되더라도 상당 기간 생산량을 자국에 비축해야 하고,이슬람 국가들이 이스라엘에 대한 반감이 커질 수 있어 수요와 공급이 제한적일 것이란 분석입니다.이에 방공미사일, 주력전차, 자주포 등 한국산 무기류들의 수출 기회가 증가할 것이란 전망이 제기됩니다.지금까지 마켓톡톡이었습니다.박해린기자 hlpark@wowtv.co.kr",https://www.hankyung.com/article/2025061686635,2025.06.16 17:32
"코스피, 중동發 긴장 고조에 2900선 반납…기관 6100억 '팔자' [영상]","이스라엘의 이란 공습 여파로
일본 등 아시아 증시 동반 하락
방산·해운株 수혜 기대로 강세","영상 모듈 닫기




코스피지수가 13일 기관투자자의 대규모 매도세에 밀리면서 2900선을 내줬다. 이스라엘의 이란 핵 시설 공습 여파로 지정학적 긴장이 고조된 가운데 새 정부 출범 후 단기 급등한 데 따른 부담으로 차익 실현 매물까지 출회된 영향이다.이날 코스피지수는 전날보다 25.41포인트(0.87%) 내린 2894.62로 거래를 마쳤다. 지수는 이날 0.36% 상승 출발했으나 약 10분 만에 하락 전환해 낙폭을 키워갔다. 이로써 새 정부의 내수·증시 부양 기대로 7거래일 연속 이어진 '허니문 랠리'에도 마침표가 찍혔다.
                    



사진=연합뉴스

                기관이 대규모로 물량을 비워내면서 지수 하락을 이끌었다. 유가증권시장에서 기관은 6109억원어치를 팔아치웠다. 외국인은 장중 매수 포지션으로 전환해 1219억원어치를 사들이면서 8거래일 연속 순매수 기조를 유지했다. 개인은 조정장을 기회로 삼아 4669억원어치를 담으면서 7거래일 만에 순매수로 전환했다.이날 이스라엘의 이란 공습 여파로 아시아 증시가 일제히 약세를 보였다. 일본 닛케이225지수와 중국 상해종합지수가 각각 0.95%와 0.63% 하락했다.이경민 대신증권 연구원은 ""지정학적 리스크는 일반적으로 일시적인 투자심리에 영향을 미칠 뿐 금융시장의 장기적 방향성을 바꾸지는 않는다""면서도 ""국내 증시의 경우 최근 급격한 상승 랠리를 이어온 데 따른 차익 실현 압력으로 글로벌 증시에서도 다소 큰 낙폭을 보였다""고 분석했다.코스피 시총 상위 종목 중 삼성전자(-2.02%) 셀트리온(-1.89%) 현대차(-1.24%) 삼성바이오로직스(-0.97%) 한화에어로스페이스(-0.84%) 등이 내린 반면 HD현대중공업(1.91%) 네이버(0.8%) 신한지주(0.68%) KB금융(0.09%) 등은 올랐다. SK하이닉스와 두산에너빌리티는 보합으로 마감했다. 도널드 트럼프 미 대통령이 캘리포니아주가 시행 예정이었던 전기차 의무화 규정을 폐지하는 법안에 서명했다는 소식에 SK이노베이션(-3.04%) LG에너지솔루션(-2.63%) 삼성SDI(-1.54%) 등 2차전지주가 약세로 마감했다. 반면 이스라엘의 이란 공습으로 지정학적 리스크가 부각되자 풍산(22.15%) LIG넥스원(14.35%) 한국항공우주(7.96%) 등 방산주가 강세를 보였다. 또 지정학적 분쟁에 따른 운임 상승 수혜가 예상되는 대한해운(8.91%)과 HMM(5.22%) 등 해운주가 급등했다.코스닥지수는 전날보다 20.59포인트(2.61%) 내린 768.86으로 거래를 마쳤다. 이날 코스닥지수 역시 0.41% 상승 출발했지만 5분 만에 하락 전환해 낙폭을 2% 이상 확대했다. 코스닥시장에서는 외국인과 기관이 각각 2350억원과 905억원어치를 팔아치웠다. 개인이 3364억원어치를 사들였지만 지수 하락을 방어하기엔 역부족이었다. 코스닥 시총 상위 종목 중 대체로 하락했다. 리가켐바이오(-7.24%) 알테오젠(-6.09%) 에코프로비엠(-5.64%) 휴젤(-5.44%) 삼천당제약(-4.5%) 에코프로(-4.35%) 레인보우로보틱스(-4.15%) 펩트론(-3.32%) 리노공업(-2.35%) 클래시스(-2.28%) 등이 내렸다. 파마리서치(-17.11%)는 지주사 체제 전환을 위한 인적분할을 단행한다고 발표한 이후 투자심리가 악화해 급락했다. 서울 외환시장에서 원·달러 환율은 전장 대비 10.9원 오른 1369.6원으로 주간 거래를 마쳤다. 중동의 지정학적 긴장이 고조되자 안전자산으로 분류되는 달러에 대한 수요가 늘어난 영향으로 풀이된다.고정삼 한경닷컴 기자 jsk@hankyung.com",https://www.hankyung.com/article/2025061336656,2025.06.13 16:17
신용대출 이자 절감 꿀팁! 증권사 3%대 대출 전환법 공개,,"전송종목 : 삼익THK, 송원산업, 삼천리, 효성, 성신양회최근 주식 투자자들 사이에서 주식대출(미수/신용융자 등)의 고금리에 대한 부담이 커지고 있다.특히 저금리를 적용 받고 싶어도, 기존 대출을 상환하고 다시 주식을 매수해야 하는 번거로운 절차와 자금 조달의 어려움이 발목을 잡고 있다.이런 현실적인 문제를 해결하고자, 무빙스탁이 ‘증권사 신용, 대환자금대출’ 서비스를 전격 출시했다.이 상품은 주식을 매도하지 않고도, 기존의 고금리의 주식대출(미수/신용융자 등)의 3%대의 혁신적인 저금리 증권사로 전환할 수 있도록 상환자금을 제공하는 것이 핵심이다.무빙스탁 관계자는 “현재 증권사 이벤트 금리는 연 3%대 수준으로, 기존 9~10%대 고금리를 적용받는 투자자라면 절감 효과가 상당하다”며, 금리를 5%만 낮추면 “1억원 신용대출 기준으로 연간 약 500만원, 3억원이라면 1,500만원까지도 절약할 수 있다”고 밝혔다.더 놀라운 점은, 현재는 이벤트 기간으로 대환자금대출 신청시 발생하는 이자 비용까지 ‘0원’이라는 사실이다. 대환자금에 대해서 하루의 대출이자도 부담하지 않고 기존 고금리 대출을 저금리로 전환할 수 있어, 고금리 부담에 시달리던 투자자들에게 큰 호응을 얻을 전망이다.이 서비스는 부동산 시장에서 흔히 이용되던 대환대출 개념을 증권시장에 도입한 혁신적인 시도로, 주식 투자자들의 자금 운용에 새로운 대안을 제시할 것으로 기대된다.무빙스탁 ‘증권사 신용, 대환자금대출’의 비용 무료 이벤트는 이벤트 기간 동안 한정적으로 제공되는 만큼, 신용융자를 이용 중인 투자자라면 지금 바로 확인해볼 필요가 있다.★ 장마감 시간이 가까워질수록 문의가 많아 상담이 지연될 수 있습니다.★ 7월 문의하신 고객들이 많이 보유하신 종목으로는 삼성전자, POSCO홀딩스, 셀트리온, 포스코퓨처엠, 에코프로비엠, NAVER, 에코프로, 삼성SDI, LG화학, SK하이닉스, 두산에너빌리티, 카카오, SK이노베이션, LG에너지솔루션, 엘앤에프, 삼천당제약, 현대차, 알테오젠, HPSP, LG전자 등이 있습니다.★ 안내사항과도한 빚은 당신에게 큰 불행을 안겨줄 수 있습니다. 대출 시 신용등급 하락으로 다른 금융거래가 제약받을 수 있습니다. 중개수수료를 요구하거나 받는 것은 불법입니다.상호명: ㈜단비대부 2021-서울영등포-2102(대부업) | TEL: 1544-4886 | 대출금리: 연 20%이내(연체금리는 약정금리+3%p이내, 최대 연 20%이내) | 단, 2021. 7. 7.부터 신규체결, 갱신, 연장되는 계약에 한함 | 채무의 조기상환 조건 및 부대비용 없음. (단, 신용조회비용 및 담보권설정비용 있음), 이자 외 별도로 중개수수료를 요구하거나 수취하는 것은 불법입니다. | 대표이사: 박동원 | 사업자등록번호: 274-86-00231 | 등록기관명칭: 서울 영등포구청(담당부서: 일자리경제과, 02-2670-3420) | 소재지 : 서울 영등포구 여의대방로67길 11, 5층 517호 | 개인정보관리자메일: help@danbifund.co.kr무료상담",https://www.hankyung.com/article/202507096263a,2025.07.09 13:08
"주식 매도 없이 신용이자 연 1,500만 원 줄이는 비법",,"전송종목 : 녹십자홀딩스, 동진쎄미켐, 롯데칠성, 현대차, 코스모화학최근 주식 투자자들 사이에서 주식대출(미수/신용융자 등)의 고금리에 대한 부담이 커지고 있다.특히 저금리를 적용 받고 싶어도, 기존 대출을 상환하고 다시 주식을 매수해야 하는 번거로운 절차와 자금 조달의 어려움이 발목을 잡고 있다.이런 현실적인 문제를 해결하고자, 무빙스탁이 ‘증권사 신용, 대환자금대출’ 서비스를 전격 출시했다.이 상품은 주식을 매도하지 않고도, 기존의 고금리의 주식대출(미수/신용융자 등)의 3%대의 혁신적인 저금리 증권사로 전환할 수 있도록 상환자금을 제공하는 것이 핵심이다.무빙스탁 관계자는 “현재 증권사 이벤트 금리는 연 3%대 수준으로, 기존 9~10%대 고금리를 적용받는 투자자라면 절감 효과가 상당하다”며, 금리를 5%만 낮추면 “1억원 신용대출 기준으로 연간 약 500만원, 3억원이라면 1,500만원까지도 절약할 수 있다”고 밝혔다.더 놀라운 점은, 현재는 이벤트 기간으로 대환자금대출 신청시 발생하는 이자 비용까지 ‘0원’이라는 사실이다. 대환자금에 대해서 하루의 대출이자도 부담하지 않고 기존 고금리 대출을 저금리로 전환할 수 있어, 고금리 부담에 시달리던 투자자들에게 큰 호응을 얻을 전망이다.이 서비스는 부동산 시장에서 흔히 이용되던 대환대출 개념을 증권시장에 도입한 혁신적인 시도로, 주식 투자자들의 자금 운용에 새로운 대안을 제시할 것으로 기대된다.무빙스탁 ‘증권사 신용, 대환자금대출’의 비용 무료 이벤트는 이벤트 기간 동안 한정적으로 제공되는 만큼, 신용융자를 이용 중인 투자자라면 지금 바로 확인해볼 필요가 있다.★ 장마감 시간이 가까워질수록 문의가 많아 상담이 지연될 수 있습니다.★ 7월 문의하신 고객들이 많이 보유하신 종목으로는 삼성전자, POSCO홀딩스, 셀트리온, 포스코퓨처엠, 에코프로비엠, NAVER, 에코프로, 삼성SDI, LG화학, SK하이닉스, 두산에너빌리티, 카카오, SK이노베이션, LG에너지솔루션, 엘앤에프, 삼천당제약, 현대차, 알테오젠, HPSP, LG전자 등이 있습니다.★ 안내사항과도한 빚은 당신에게 큰 불행을 안겨줄 수 있습니다. 대출 시 신용등급 하락으로 다른 금융거래가 제약받을 수 있습니다. 중개수수료를 요구하거나 받는 것은 불법입니다.상호명: ㈜단비대부 2021-서울영등포-2102(대부업) | TEL: 1544-4886 | 대출금리: 연 20%이내(연체금리는 약정금리+3%p이내, 최대 연 20%이내) | 단, 2021. 7. 7.부터 신규체결, 갱신, 연장되는 계약에 한함 | 채무의 조기상환 조건 및 부대비용 없음. (단, 신용조회비용 및 담보권설정비용 있음), 이자 외 별도로 중개수수료를 요구하거나 수취하는 것은 불법입니다. | 대표이사: 박동원 | 사업자등록번호: 274-86-00231 | 등록기관명칭: 서울 영등포구청(담당부서: 일자리경제과, 02-2670-3420) | 소재지 : 서울 영등포구 여의대방로67길 11, 5층 517호 | 개인정보관리자메일: help@danbifund.co.kr무료상담",https://www.hankyung.com/article/202507071509a,2025.07.07 10:28
고금리 이자 폭탄 피하는 법! 증권사 대출 3%대로 줄이기,,"전송종목 : 바이오포트, 수젠텍, 뱅크웨어글로벌, 한화투자증권, 한신기계최근 주식 투자자들 사이에서 주식대출(미수/신용융자 등)의 고금리에 대한 부담이 커지고 있다.특히 저금리를 적용 받고 싶어도, 기존 대출을 상환하고 다시 주식을 매수해야 하는 번거로운 절차와 자금 조달의 어려움이 발목을 잡고 있다.이런 현실적인 문제를 해결하고자, 무빙스탁이 ‘증권사 신용, 대환자금대출’ 서비스를 전격 출시했다.이 상품은 주식을 매도하지 않고도, 기존의 고금리의 주식대출(미수/신용융자 등)의 3%대의 혁신적인 저금리 증권사로 전환할 수 있도록 상환자금을 제공하는 것이 핵심이다.무빙스탁 관계자는 “현재 증권사 이벤트 금리는 연 3%대 수준으로, 기존 9~10%대 고금리를 적용받는 투자자라면 절감 효과가 상당하다”며, 금리를 5%만 낮추면 “1억원 신용대출 기준으로 연간 약 500만원, 3억원이라면 1,500만원까지도 절약할 수 있다”고 밝혔다.더 놀라운 점은, 현재는 이벤트 기간으로 대환자금대출 신청시 발생하는 이자 비용까지 ‘0원’이라는 사실이다. 대환자금에 대해서 하루의 대출이자도 부담하지 않고 기존 고금리 대출을 저금리로 전환할 수 있어, 고금리 부담에 시달리던 투자자들에게 큰 호응을 얻을 전망이다.이 서비스는 부동산 시장에서 흔히 이용되던 대환대출 개념을 증권시장에 도입한 혁신적인 시도로, 주식 투자자들의 자금 운용에 새로운 대안을 제시할 것으로 기대된다.무빙스탁 ‘증권사 신용, 대환자금대출’의 비용 무료 이벤트는 이벤트 기간 동안 한정적으로 제공되는 만큼, 신용융자를 이용 중인 투자자라면 지금 바로 확인해볼 필요가 있다.★ 장마감 시간이 가까워질수록 문의가 많아 상담이 지연될 수 있습니다.★ 6월 문의하신 고객들이 많이 보유하신 종목으로는 삼성전자, POSCO홀딩스, 셀트리온, 포스코퓨처엠, 에코프로비엠, NAVER, 에코프로, 삼성SDI, LG화학, SK하이닉스, 두산에너빌리티, 카카오, SK이노베이션, LG에너지솔루션, 엘앤에프, 삼천당제약, 현대차, 알테오젠, HPSP, LG전자 등이 있습니다.★ 안내사항과도한 빚은 당신에게 큰 불행을 안겨줄 수 있습니다. 대출 시 신용등급 하락으로 다른 금융거래가 제약받을 수 있습니다. 중개수수료를 요구하거나 받는 것은 불법입니다.상호명: ㈜단비대부 2021-서울영등포-2102(대부업) | TEL: 1544-4886 | 대출금리: 연 20%이내(연체금리는 약정금리+3%p이내, 최대 연 20%이내) | 단, 2021. 7. 7.부터 신규체결, 갱신, 연장되는 계약에 한함 | 채무의 조기상환 조건 및 부대비용 없음. (단, 신용조회비용 및 담보권설정비용 있음), 이자 외 별도로 중개수수료를 요구하거나 수취하는 것은 불법입니다. | 대표이사: 박동원 | 사업자등록번호: 274-86-00231 | 등록기관명칭: 서울 영등포구청(담당부서: 일자리경제과, 02-2670-3420) | 소재지 : 서울 영등포구 여의대방로67길 11, 5층 517호 | 개인정보관리자메일: help@danbifund.co.kr무료상담",https://www.hankyung.com/article/202506182153a,2025.06.18 09:58
"포바이포, 콘텐츠 AI 기대감에 완만한 상승세",,"포바이포가 최근 국내 증시에서 완만한 상승 흐름을 보이고 있다. 콘텐츠 AI 솔루션 기업으로서의 성장 가능성이 부각되며 투자자들의 관심을 끌고 있다.포바이포는 인공지능 기반 콘텐츠 제작 및 가상인간(Virtual Human) 기술을 활용한 사업을 전개하고 있다. 특히, 최근에는 AI 기술을 활용한 콘텐츠 제작 수요가 증가함에 따라 회사의 기술력과 시장 경쟁력이 주목받고 있다.또한, 국내 정치권의 AI 산업 육성 정책과 관련된 기대감도 주가 상승에 긍정적인 영향을 미치고 있다. 일각에서는 포바이포가 특정 정치인과의 연관성으로 인해 테마주로 부각되며 투자자들의 관심을 받고 있다는 분석도 나온다.시장 전문가들은 포바이포의 주가 상승이 단기적인 흐름에 그칠 수 있으므로, 투자자들은 기업의 실적과 기술력, 시장 동향 등을 종합적으로 고려한 신중한 접근이 필요하다고 조언하고 있다.




 

포바이포, 셀트리온, 필옵틱스, 일승, 카카오무료상담",https://www.hankyung.com/article/202505277602a,2025.05.27 11:03
K바이오 담는 외국인…하반기 반등에 베팅,"이달 알테오젠·펩트론 등 순매수
기술 이전·신약개발 이벤트 주목","최근 국내 증시를 주도하고 있는 외국인이 제약·바이오주를 대거 사들이고 있다. 증권가에선 기술 이전, 신약 개발 등 이벤트가 하반기 관련 업종의 주가 상승을 이끌 것으로 보고 있다.21일 한국거래소에 따르면 ‘KRX 바이오 TOP10’ 지수는 이달 들어 14.66% 올랐다. 이 기간 전체 34개 KRX 테마지수 중 최고 성적을 기록했다. 코스피지수 상승률도 세 배 이상 웃돌았다.KRX 바이오 TOP10 지수는 국내에 상장한 바이오 종목 중 시가총액 상위 10개의 주가를 추종한다. 이 기간 29.84% 급등한 알테오젠을 비롯해 삼성바이오로직스(4.74%), 셀트리온(13.53%) 등 대형 바이오주가 강세를 보였다.바이오주 상승을 이끈 것은 외국인 투자자였다. 외국인은 이달 국내 증시에서 1조2950억원어치를 순매수했는데, 순매수 톱10 목록에 알테오젠(2304억원), 펩트론(1205억원), 파마리서치(1158억원) 등 바이오주가 3개 포함됐다. 그동안 반도체, 조선, 방위산업주 위주로 편식하던 외국인이 바이오주로 눈을 돌린 것이다.전문가들은 외국인이 시장을 주도하는 만큼 그들이 사들이는 바이오주에 주목할 필요가 있다고 조언했다. 권해순 유진투자증권 연구원은 “2분기 실적이 개선됐을 것으로 추정되는 대웅제약, 녹십자, 에스티팜 등과 하반기 긍정적 이벤트가 예상되는 알테오젠, 리가켐바이오 등을 중심으로 상승세가 이어질 가능성이 높다”고 분석했다.바이오주를 담는 상장지수펀드(ETF)도 반등하고 있다. 이달 들어 ‘TIGER 바이오TOP10’은 14.39%, ‘KoAct 바이오헬스케어액티브’는 13.33% 올랐다.최만수 기자 bebop@hankyung.com",https://www.hankyung.com/article/2025072127051,2025.07.21 17:56
"증권사 신용대출, 3%대 금리로 바꾸는 가장 쉬운 방법",,"전송종목 : 대웅, 삼양식품, 태광산업, 대한항공, LG최근 주식 투자자들 사이에서 주식대출(미수/신용융자 등)의 고금리에 대한 부담이 커지고 있다.특히 저금리를 적용 받고 싶어도, 기존 대출을 상환하고 다시 주식을 매수해야 하는 번거로운 절차와 자금 조달의 어려움이 발목을 잡고 있다.이런 현실적인 문제를 해결하고자, 무빙스탁이 ‘증권사 신용, 대환자금대출’ 서비스를 전격 출시했다.이 상품은 주식을 매도하지 않고도, 기존의 고금리의 주식대출(미수/신용융자 등)의 3%대의 혁신적인 저금리 증권사로 전환할 수 있도록 상환자금을 제공하는 것이 핵심이다.무빙스탁 관계자는 “현재 증권사 이벤트 금리는 연 3%대 수준으로, 기존 9~10%대 고금리를 적용받는 투자자라면 절감 효과가 상당하다”며, 금리를 5%만 낮추면 “1억원 신용대출 기준으로 연간 약 500만원, 3억원이라면 1,500만원까지도 절약할 수 있다”고 밝혔다.더 놀라운 점은, 현재는 이벤트 기간으로 대환자금대출 신청시 발생하는 이자 비용까지 ‘0원’이라는 사실이다. 대환자금에 대해서 하루의 대출이자도 부담하지 않고 기존 고금리 대출을 저금리로 전환할 수 있어, 고금리 부담에 시달리던 투자자들에게 큰 호응을 얻을 전망이다.이 서비스는 부동산 시장에서 흔히 이용되던 대환대출 개념을 증권시장에 도입한 혁신적인 시도로, 주식 투자자들의 자금 운용에 새로운 대안을 제시할 것으로 기대된다.무빙스탁 ‘증권사 신용, 대환자금대출’의 비용 무료 이벤트는 이벤트 기간 동안 한정적으로 제공되는 만큼, 신용융자를 이용 중인 투자자라면 지금 바로 확인해볼 필요가 있다.★ 장마감 시간이 가까워질수록 문의가 많아 상담이 지연될 수 있습니다.★ 7월 문의하신 고객들이 많이 보유하신 종목으로는 삼성전자, POSCO홀딩스, 셀트리온, 포스코퓨처엠, 에코프로비엠, NAVER, 에코프로, 삼성SDI, LG화학, SK하이닉스, 두산에너빌리티, 카카오, SK이노베이션, LG에너지솔루션, 엘앤에프, 삼천당제약, 현대차, 알테오젠, HPSP, LG전자 등이 있습니다.★ 안내사항과도한 빚은 당신에게 큰 불행을 안겨줄 수 있습니다. 대출 시 신용등급 하락으로 다른 금융거래가 제약받을 수 있습니다. 중개수수료를 요구하거나 받는 것은 불법입니다.상호명: ㈜단비대부 2021-서울영등포-2102(대부업) | TEL: 1544-4886 | 대출금리: 연 20%이내(연체금리는 약정금리+3%p이내, 최대 연 20%이내) | 단, 2021. 7. 7.부터 신규체결, 갱신, 연장되는 계약에 한함 | 채무의 조기상환 조건 및 부대비용 없음. (단, 신용조회비용 및 담보권설정비용 있음), 이자 외 별도로 중개수수료를 요구하거나 수취하는 것은 불법입니다. | 대표이사: 박동원 | 사업자등록번호: 274-86-00231 | 등록기관명칭: 서울 영등포구청(담당부서: 일자리경제과, 02-2670-3420) | 소재지 : 서울 영등포구 여의대방로67길 11, 5층 517호 | 개인정보관리자메일: help@danbifund.co.kr무료상담",https://www.hankyung.com/article/202507185998a,2025.07.18 10:28
"이자 부담은 최소로, 투자 효율은 최대로! 신용대출 3%대 활용법",,"전송종목 : 바이오비쥬, 엘브이엠씨홀딩스, 크리스탈신소재, GRT, 잉글우드랩최근 주식 투자자들 사이에서 주식대출(미수/신용융자 등)의 고금리에 대한 부담이 커지고 있다.특히 저금리를 적용 받고 싶어도, 기존 대출을 상환하고 다시 주식을 매수해야 하는 번거로운 절차와 자금 조달의 어려움이 발목을 잡고 있다.이런 현실적인 문제를 해결하고자, 무빙스탁이 ‘증권사 신용, 대환자금대출’ 서비스를 전격 출시했다.이 상품은 주식을 매도하지 않고도, 기존의 고금리의 주식대출(미수/신용융자 등)의 3%대의 혁신적인 저금리 증권사로 전환할 수 있도록 상환자금을 제공하는 것이 핵심이다.무빙스탁 관계자는 “현재 증권사 이벤트 금리는 연 3%대 수준으로, 기존 9~10%대 고금리를 적용받는 투자자라면 절감 효과가 상당하다”며, 금리를 5%만 낮추면 “1억원 신용대출 기준으로 연간 약 500만원, 3억원이라면 1,500만원까지도 절약할 수 있다”고 밝혔다.더 놀라운 점은, 현재는 이벤트 기간으로 대환자금대출 신청시 발생하는 이자 비용까지 ‘0원’이라는 사실이다. 대환자금에 대해서 하루의 대출이자도 부담하지 않고 기존 고금리 대출을 저금리로 전환할 수 있어, 고금리 부담에 시달리던 투자자들에게 큰 호응을 얻을 전망이다.이 서비스는 부동산 시장에서 흔히 이용되던 대환대출 개념을 증권시장에 도입한 혁신적인 시도로, 주식 투자자들의 자금 운용에 새로운 대안을 제시할 것으로 기대된다.무빙스탁 ‘증권사 신용, 대환자금대출’의 비용 무료 이벤트는 이벤트 기간 동안 한정적으로 제공되는 만큼, 신용융자를 이용 중인 투자자라면 지금 바로 확인해볼 필요가 있다.★ 장마감 시간이 가까워질수록 문의가 많아 상담이 지연될 수 있습니다.★ 7월 문의하신 고객들이 많이 보유하신 종목으로는 삼성전자, POSCO홀딩스, 셀트리온, 포스코퓨처엠, 에코프로비엠, NAVER, 에코프로, 삼성SDI, LG화학, SK하이닉스, 두산에너빌리티, 카카오, SK이노베이션, LG에너지솔루션, 엘앤에프, 삼천당제약, 현대차, 알테오젠, HPSP, LG전자 등이 있습니다.★ 안내사항과도한 빚은 당신에게 큰 불행을 안겨줄 수 있습니다. 대출 시 신용등급 하락으로 다른 금융거래가 제약받을 수 있습니다. 중개수수료를 요구하거나 받는 것은 불법입니다.상호명: ㈜단비대부 2021-서울영등포-2102(대부업) | TEL: 1544-4886 | 대출금리: 연 20%이내(연체금리는 약정금리+3%p이내, 최대 연 20%이내) | 단, 2021. 7. 7.부터 신규체결, 갱신, 연장되는 계약에 한함 | 채무의 조기상환 조건 및 부대비용 없음. (단, 신용조회비용 및 담보권설정비용 있음), 이자 외 별도로 중개수수료를 요구하거나 수취하는 것은 불법입니다. | 대표이사: 박동원 | 사업자등록번호: 274-86-00231 | 등록기관명칭: 서울 영등포구청(담당부서: 일자리경제과, 02-2670-3420) | 소재지 : 서울 영등포구 여의대방로67길 11, 5층 517호 | 개인정보관리자메일: help@danbifund.co.kr무료상담",https://www.hankyung.com/article/202507071499a,2025.07.07 08:43
"'25% 레터' 하루 만에…트럼프, 구리에 50% 관세 폭탄","구리, 전기차·2차전지 필수 소재
韓 가전·배터리 업체 '발등의 불' 

美 ""의약품 200% 관세"" 위협에
셀트리온 ""미국 위탁생산 계약""
SK바이오팜은 美생산 전환 추진","도널드 트럼프 미국 대통령이 8일(현지시간) 백악관에서 열린 각료회의에서 구리 50% 관세를 비롯해 반도체, 의약품 등 다양한 품목에 관세를 부과하겠다고 말하고 있다.  /로이터연합뉴스

                미국·중국 간 관세 협상의 진전과 중동 사태로 한동안 잠잠하던 도널드 트럼프 미국 대통령의 ‘관세 폭주’가 재개됐다. 한국 등 14개국에 일방적으로 상호관세율을 적은 관세 서한을 보낸 지 하루 만에 구리에 50% 관세를 적용하겠다고 한 데 이어 반도체와 의약품의 관세 부과 계획까지 밝히면서다. 기업들엔 비상이 걸렸다.트럼프 대통령은 8일(현지시간) 백악관에서 각료회의 후 취재진에게 “우리는 의약품, 반도체, 다른 몇몇 품목의 관세를 발표할 것”이라고 밝혔다. 특히 의약품과 관련해 “200% 관세를 ‘매우 곧’ 도입할 것”이라며 “기업들이 공급망을 조정할 시간을 1년~1년 반 주겠다”고 했다. 또 트럼프 대통령은 “미국으로 수입되는 구리 관세를 발표할 것”이라며 “관세율은 50%가 될 것”이라고 밝혔다. 하워드 러트닉 미국 상무장관은 각료회의 후 CNBC 인터뷰에서 “구리 관세가 7월 말이나 8월 1일 발효될 가능성이 크다”고 말했다.





                트럼프 정부는 철강·알루미늄과 자동차·자동차부품에 품목별 관세를 부과했고, 반도체·구리·목재·의약품 등도 품목별 관세 도입을 위한 절차를 밟고 있다. 무역확장법에 따라 미국 국가 안보에 위협이 되면 수입품에 관세를 부과하겠다는 논리다.대기 중이던 품목관세 대상 가운데 이날 구리 관세율이 발표된 것은 미국 상무부의 ‘국가 안보에 미치는 영향’ 조사가 완료됐기 때문이다. 25%에서 50%로 높아진 철강·알루미늄 관세와 달리 구리 관세는 처음부터 50%로 시작한다. 특히 미국 정부가 수입 철강을 쓴 냉장고, 세탁기 등 가전제품 등에도 함유량에 비례해 50% 품목관세를 적용하기로 한 것처럼 구리 또한 ‘구리 파생상품’ 형태로 대상 품목이 늘어날 수 있다.구리는 모터가 사용되고 전선이 들어가는 모든 제품에 필요한 핵심 원자재다. 미국은 중국에 이어 세계 2위 구리 소비국이지만 전체 소비량(약 170억달러어치)의 55% 정도만 자체 생산하고 나머지는 수입한다. 국내 전자업계는 미국에서 구리를 조달하는 방안을 검토하고 있지만 값이 비싸고 공급도 충분하지 않다.구리 관세가 부담되기는 전기차와 배터리업계도 마찬가지다. 전기차에서는 충전모듈, 전장배선, 코일 등에, 배터리에서는 동박에 구리가 쓰인다. 구리값이 10% 오르면 생산비가 0.3~0.7% 상승한다. 관세로 케이블 가격이 오르면 수요가 줄어들 가능성이 있는 전선업계도 영향권에 들어 있다.트럼프 대통령이 200% 고율 관세를 거론한 의약품 분야도 긴장감이 커지고 있다. 지난해 미국이 한국에서 수입한 의약품은 39억7000만달러(약 5조4500억원)어치에 달한다. 국내 제약사들은 현지 기업을 인수하거나 미국 내 생산을 늘리는 방안을 검토하기 시작했다. 셀트리온은 이날 주주 서한에서 “단기 전략으로 2년분 재고 보유를 완료했고 미국 현지 위탁생산(CMO) 파트너와 계약을 마쳤다”고 했다. 또 장기적으로 미국 생산 시설을 갖춘 회사를 인수하는 것을 검토하겠다고 밝혔다. SK바이오팜은 “미국 내 생산 파트너를 확보하고 있어 관세가 확정되면 미국 생산으로 전환할 수 있다”고 설명했다.하지만 200% 관세를 매기면 미국 소비자가 반발할 가능성이 높다는 점에서 실제로 200%가 부과될지는 미지수다. 반도체도 당장 미국 내 생산을 늘릴 수 없는 상황에서 무작정 관세를 부과하면 미국 기업이 1차 피해를 볼 가능성이 있고, 스마트폰과 노트북 등 전자기기 가격이 인상될 수 있다.워싱턴=이상은 특파원/박의명/성상훈 기자 selee@hankyung.com",https://www.hankyung.com/article/2025070982801,2025.07.09 17:47
외국인 기관 움직임을 살펴보면 주가지수가 보인다?,,"외국인, 기관 투자자들은 개인 투자자들에 비해 막대한 자금을 보유하고 있으며, 시장을 주도하는 경우가 많다.그렇기 때문에 많은 투자자들이 궁금해하는 외국인, 기관이 전일 코스피, 코스닥,선물을 얼마나 순매수 하는지에 대해 알아보고자 한다.




 

코스피는 외국인이 1,656억원을 순매수 하였으며 기관은 2,304억원을 순매수 하였다코스닥은 외국인이 2,135억원을 순매수 하였으며 기관은 1,128억원을 순매수 하였다선물(코스피200)은 외국인이 -812억원을 순매수 하였으며 기관은 393억원을 순매수 하였다.(6월 11일 기준)링크종목 – LS ELECTRIC, 에코프로머티, 하이브, 셀트리온제약, 삼성전기무료상담",https://www.hankyung.com/article/202506129666a,2025.06.12 10:33
"셀트리온, 주당 신주 0.04주 배정하는 무상증자 결정","기업 신뢰 상승 및 주주가치 제고 기대
EBITDA-CAPEX 대비 30% 주주환원 원칙 지속","셀트리온은 주주가치 제고를 위해 보통주 1주당 신주 0.04주를 배정하는 무상증자를 결정했다고 26일 밝혔다. 셀트리온의 무상증자는 2012년 이후 두번째다.신주상장예정일은 올해 7월 25일이며, 신주배정기준일(주주명부폐쇄일)은 6월 10일이다. 무상증자 규모는 847만 7626주로 신규로 발행되는 주식 규모는 앞서 회사가 시장으로부터 사들인 자사주 수량을 고려해 결정된 만큼 유통주식에 대한 부담은 최소화될 전망이다. 신주 상장이 예정된 7월 25일 즈음 셀트리온의 2분기 잠정 실적이 발표될 것으로 예상된다. 무상증자는 자사주 소각에 비해 무상주식이 상장될 경우 가치상승분에 대한 추가 이익을 주주와 공유할 수 있는 방안인 만큼 주주환원에 있어 보다 적극적인 방법으로 평가된다. 이에 따라, 무상증자를 통해 셀트리온 주주는 약 4%의 주식배당 효과를 기대할 수 있다.셀트리온은 올해 3월 발표한 ‘밸류업 프로그램’을 포함해 자사주 매입 및 소각, 최고경영진 주식 매입 등 주주가치 제고 활동을 지속하면서 주가 안정 및 장기 투자를 유도하는 책임경영을 실천하고 있다. 이와 더불어 주요 제품의 활약을 앞세워 글로벌 전역에서 꾸준한 성장세를 이어가면서 매년 30% 이상 매출 성장을 지속하고 있다. 올해는 고수익 바이오시밀러 제품 4개를 새로 출시하는 등 전년 대비 40% 이상 매출 성장이 예상된다.이번 무상증자는 이러한 기업 가치와 미래 성장성에 대한 셀트리온의 자신감 및 최근 저평가되고 있는 시장 상황을 종합적으로 고려해 내린 결정으로 평가된다. 특히, 공매도 재개 이후 관세 이슈 등 외부 수급 요인에 따라 셀트리온의 기업 가치와는 무관하게 내재 가치 이하로 평가되는 흐름이 지속되고 있는 만큼, 시장의 신뢰 상승과 주주가치 제고를 모두 실현할 수 있는 방안이 추진된 셈이다. 셀트리온의 주주가치 제고 활동은 앞으로도 지속될 예정이다. 셀트리온은 기업의 본질적 가치가 시장에서 과도하게 저평가되는 흐름이 지속될 경우 추가적인 자사주 매입을 비롯해 최고경영진 등의 추가 매입을 병행한다는 계획이다. 이는 대주주 지분 강화로 회사 사업 전략의 연속성 및 안전성이 강화돼 지속적인 실적 성장이 이뤄질 토대를 마련함과 동시에 셀트리온에 대한 시장의 신뢰를 더욱 공고히 하는 역할을 하게 될 전망이다. 셀트리온 관계자는 “제품 포트폴리오 및 직판 지역 확대, 글로벌 유통망 안정화 등을 바탕으로 매년 30% 이상 매출 성장을 지속 중인 가운데, 이러한 회사의 본질적 가치와는 별개로 외부 요인에 따라 주가가 현저히 저평가돼 있다고 판단하고 있다”며 “셀트리온은 앞으로도 온전한 기업 가치가 실현될 수 있도록 시장 왜곡에 적극 대응하면서 중장기 실적 개선에 적극 나서는 한편, ‘설비투자비용 등을 제외한 상각전영업이익(EBITDA-CAPEX)의 30% 이상을 환원한다'는 원칙을 지키면서 주주가치 제고를 위한 책임경영을 다할 것”이라고 말했다.안대규 기자 powerzanic@hankyung.com",https://www.hankyung.com/article/202505266523i,2025.05.26 17:08
"이자 부담은 최소로, 투자 효율은 최대로! 신용대출 3%대 활용법",,"전송종목 : 휴니드, 대한해운, 화승인더, SK디스커버리, 대원전선최근 주식 투자자들 사이에서 주식대출(미수/신용융자 등)의 고금리에 대한 부담이 커지고 있다.특히 저금리를 적용 받고 싶어도, 기존 대출을 상환하고 다시 주식을 매수해야 하는 번거로운 절차와 자금 조달의 어려움이 발목을 잡고 있다.이런 현실적인 문제를 해결하고자, 무빙스탁이 ‘증권사 신용, 대환자금대출’ 서비스를 전격 출시했다.이 상품은 주식을 매도하지 않고도, 기존의 고금리의 주식대출(미수/신용융자 등)의 3%대의 혁신적인 저금리 증권사로 전환할 수 있도록 상환자금을 제공하는 것이 핵심이다.무빙스탁 관계자는 “현재 증권사 이벤트 금리는 연 3%대 수준으로, 기존 9~10%대 고금리를 적용받는 투자자라면 절감 효과가 상당하다”며, 금리를 5%만 낮추면 “1억원 신용대출 기준으로 연간 약 500만원, 3억원이라면 1,500만원까지도 절약할 수 있다”고 밝혔다.더 놀라운 점은, 현재는 이벤트 기간으로 대환자금대출 신청시 발생하는 이자 비용까지 ‘0원’이라는 사실이다. 대환자금에 대해서 하루의 대출이자도 부담하지 않고 기존 고금리 대출을 저금리로 전환할 수 있어, 고금리 부담에 시달리던 투자자들에게 큰 호응을 얻을 전망이다.이 서비스는 부동산 시장에서 흔히 이용되던 대환대출 개념을 증권시장에 도입한 혁신적인 시도로, 주식 투자자들의 자금 운용에 새로운 대안을 제시할 것으로 기대된다.무빙스탁 ‘증권사 신용, 대환자금대출’의 비용 무료 이벤트는 이벤트 기간 동안 한정적으로 제공되는 만큼, 신용융자를 이용 중인 투자자라면 지금 바로 확인해볼 필요가 있다.★ 장마감 시간이 가까워질수록 문의가 많아 상담이 지연될 수 있습니다.★ 7월 문의하신 고객들이 많이 보유하신 종목으로는 삼성전자, POSCO홀딩스, 셀트리온, 포스코퓨처엠, 에코프로비엠, NAVER, 에코프로, 삼성SDI, LG화학, SK하이닉스, 두산에너빌리티, 카카오, SK이노베이션, LG에너지솔루션, 엘앤에프, 삼천당제약, 현대차, 알테오젠, HPSP, LG전자 등이 있습니다.★ 안내사항과도한 빚은 당신에게 큰 불행을 안겨줄 수 있습니다. 대출 시 신용등급 하락으로 다른 금융거래가 제약받을 수 있습니다. 중개수수료를 요구하거나 받는 것은 불법입니다.상호명: ㈜단비대부 2021-서울영등포-2102(대부업) | TEL: 1544-4886 | 대출금리: 연 20%이내(연체금리는 약정금리+3%p이내, 최대 연 20%이내) | 단, 2021. 7. 7.부터 신규체결, 갱신, 연장되는 계약에 한함 | 채무의 조기상환 조건 및 부대비용 없음. (단, 신용조회비용 및 담보권설정비용 있음), 이자 외 별도로 중개수수료를 요구하거나 수취하는 것은 불법입니다. | 대표이사: 박동원 | 사업자등록번호: 274-86-00231 | 등록기관명칭: 서울 영등포구청(담당부서: 일자리경제과, 02-2670-3420) | 소재지 : 서울 영등포구 여의대방로67길 11, 5층 517호 | 개인정보관리자메일: help@danbifund.co.kr무료상담",https://www.hankyung.com/article/202507108866a,2025.07.10 08:43
"코스피, 외인 매수에 소폭 상승세…코스닥 보합권 등락",,"사진=연합뉴스

                코스피지수가 21일 외국인 투자자의 매수세에 소폭 상승세를 나타내고 있다. 다만 SK하이닉스 등 주요 기업의 실적 발표를 앞둔 경계감에 상승폭은 제한적인 모습이다. 이날 오전 9시7분 현재 코스피지수는 전 거래일보다 13.99포인트(0.44%) 오른 3202.06을 기록하고 있다. 지수는 이날 0.1% 오름세로 출발 후 상승폭을 소폭 확대해 3200선을 재진입하는 데 성공했다.유가증권시장에서 외국인과 기관이 각각 936억원과 31억원 매수 우위인 반면 개인은 978억원 매도 우위다.코스피 시가총액 상위 종목은 대체로 상승세다. 삼성전자, LG에너지솔루션, 한화에어로스페이스, KB금융, 기아, 네이버, HD현대중공업 등이 오르는 반면 삼성바이오로직스, 두산에너빌리티 등이 내리고 있다. 셀트리온은 올 2분기 역대 최대 실적을 기록했다는 소식에 장중 한때 4%대 강세를 보였다.같은 시각 코스닥지수는 전 거래일보다 1.59포인트(0.19%) 오른 822.26을 나타내고 있다. 지수는 이날 0.1% 하락 출발 후 약 2분 만에 상승 전환해 보합권에서 등락을 보이고 있다.코스닥시장에서는 개인과 기관이 각각 92억원과 23억원 매수 우위인 반면 외국인은 98억원 매도 우위다.코스닥 시총 상위 종목 중 펩트론, 에코프로, 삼천당제약, 클래시스 등이 오르는 반면 알테오젠, 에코프로비엠, HLB, 파마리서치, 레인보우로보틱스, 리가켐바이오, 휴젤 등이 내리고 있다.폰트 개발사 산돌은 100% 무상증자를 결정했다는 소식 이후 주가가 10%대 급등세다.서울 외환시장에서 원·달러 환율은 전장보다 0.9원 내린 1392.1원으로 개장했다.고정삼 한경닷컴 기자 jsk@hankyung.com",https://www.hankyung.com/article/2025072107926,2025.07.21 09:16
"'5연패 도전' 마무리 박민지 ""후배들이 내 기록 빨리 깨주길""",KLPGA투어 셀트리온 퀸즈 마스터즈,"박민지. KLPGA 제공

                ""성적에 너무 신경썼는지, 머리가 먼저 들리더라고요. 제 플레이를 못한 것이 아쉽습니다.""8일 강원도 원주 성문안(파72)에서 만난 박민지는 시원섭섭해보였다. 한국여자프로골프(KLPGA)투어 셀트리온 퀸즈 마스터즈(총상금 12억원)에서 사상 첫 단일 대회 5연패에 도전했다가 공동 39위로 마무리한 뒤였다. 이날 박민지는 대회 최종 3라운드에서 버디 2개, 보기 3개로 1오버파 73타를 쳐 최종합계 3언더파 213타, 공동 39위를 기록했다. 박민지는 이 대회에서 2021년부터 작년까지 4년 연속 우승을 차지하며 한국 여자골프에서 단일대회 4연패 기록을 세웠다. 올해는 5연패에 도전했지만 퍼트 난조로 대기록 도전을 아쉽게 마무리했다. 이번 대회를 앞두고 박민지에게는 큰 기대가 몰렸다. 단일 대회 5연패, 그리고 투어 최다 우승 타이(20승) 달성을 한번에 해낼 수 있는 대회였기 때문이다. 그는 ""부담이나 긴장은 없었는데, 저도 모르게 성적을 신경쓴 것 같다""고 털어놨다. ""머리를 들더라도 박인비 언니처럼 옆으로 들어야 하는데 공을 보고싶어서 머리를 들었다. 자꾸 이러는 나를 보고 '내가 너무 앞서가고 있구나'하고 생각했다""는 설명이다. 그래도 그의 자존심이 커트탈락만은 용납할 수 없었다. 2라운드에서 '집에 가지 않겠다'고 다짐하며 경기를 했고, 이날 하루 5타를 줄이며 5연패를 위한 불씨를 살렸다. 박민지는 ""그래도 디펜딩 챔피언인데 커트탈락을 해서는 안된다 싶었다""며 ""여기 성문안 주말 그린피가 39만원이라고 들었다. 이렇게 좋은 골프장에서 하루라도 더 쳐야 한다는 점도 동기부여가 됐다""고 말해 웃음을 자아냈다. 아쉽게 최종라운드를 마무리했지만 박민지에게는 퍼트감이라는 과제를 확인한 귀한 경기였다. 그는 ""샷감은 정말 좋은데 1~2미터 퍼트를 10개 이상 놓친 것 같다""며 ""그래도 샷이 좋아서 여전히 상승세를 이어가고 있다고 믿는다""고 자신감을 내보였다. 2017년 KLPGA투어에 데뷔한 박민지는 매해 우승을 더해 지금까지 통산 19승을 갖고 있다. 1승만 더하면 故 구옥희와 신지애가 보유한 역대 최다 우승(20승) 기록과 타이를 기록한다. 그리고 9년 연속 우승 기록도 달성할 수 있다. 그는 ""지금 흐름이 좋아지는 쪽으로 가고 있다. 9년 연속 우승 기록을 위해 계속 도전하겠다""고 밝혔다. 원주=조수영 기자 delinews@hankyung.com",https://www.hankyung.com/article/202506080715i,2025.06.08 16:54
[투자운세] 6월5일(내일) 궁합이 맞는 종목은?,,"2025년 6월 5일 내일 관심가질 종목입니다1.쥐띠 : 과거나 현재에 연연하지 말고 미래를 내다보라60년생 (한미반도체, 대덕전자) 72년생 (리노공업, 신성델타테크) 84년생 (씨에스윈드, 삼성에스디에스)2.소띠 : 우거진 나무로 새들이 모인다61년생 (OCI홀딩스, 이수페타시스) 73년생 (DB하이텍, 하나마이크론) 85년생 (삼성전기, 더존비즈온)3.호랑이띠 : 끼있는 주식이 가장 잘 올라간다62년생 (이수페타시스, 삼성전기) 74년생 (대한전선, 아모레퍼시픽) 86년생 (가온칩스, 현대로템)4.토끼띠 : 손을 주머니안에 꽂아두고는 이길 수 없다.63년생 (한화시스템, LG생활건강) 75년생 (SK하이닉스, 효성첨단소재) 87년생 (휴젤, 솔루엠)5.용띠 : 매입은 천천히 매도는 신속하게 하라64년생 (LS머트리얼즈, HPSP) 76년생 (코스맥스, 아모레퍼시픽) 88년생 (삼천당제약, 엔켐)6.뱀띠 : 독수리는 참새를 잡아 먹는다65년생 (LG이노텍, 티씨케이) 77년생 (SOOP, 에스엘) 89년생 (효성티앤씨, 케어젠)




 

7.말띠 : 성공과 실패의 원인을 분석하고 그것을 토대로 행동을 개선하라66 년생 (현대오토에버, 롯데케미칼) 78년생 (현대제철, 현대위아) 90년생 (메지온, 삼성화재)8.양띠 : 한판한판 진검승부를 하라67년생 (유한양행, 카카오페이) 79년생 (SK스퀘어, 종근당) 91년생 (신세계, 코웨이)9.원숭이띠 : 주식은 비관서 태어나 낙관서 성숙한다68년생 (강원랜드, 한온시스템) 80년생 (금호석유, 현대엘리베이) 92년생 (하이브, SK바이오팜)10.닭띠 : 충동매매는 후회의 근본이다69년생 (파라다이스, GS) 81년생 (덴티움, 루닛) 93년생 (에스티팜, 호텔신라)11.개띠 : 손해보고 있는 종목부터 팔아라70년생 (현대모비스, 넷마블) 82년생 (현대백화점, CJ대한통운) 94년생 (에코프로, 대우건설)12.돼지띠 : 새 술은 새 부대에 담아라71년생 (현대글로비스, NAVER) 83년생 (고려아연, LX세미콘) 95년생 (삼성물산, 에스원)링크종목 – 한화에어로스페이스, LIG넥스원, 한화비전, 두산에너빌리티, 셀트리온무료상담",https://www.hankyung.com/article/202506043567a,2025.06.04 14:18
9~10% 주식 관련 대출에서 3%대 대출로 교체,,"전송종목 : 삼성전자, SK하이닉스, 삼성전기, 한화시스템, 한화에어로스페이스최근 주식 투자자들 사이에서 주식대출(미수/신용융자 등)의 고금리에 대한 부담이 커지고 있다.특히 저금리를 적용 받고 싶어도, 기존 대출을 상환하고 다시 주식을 매수해야 하는 번거로운 절차와 자금 조달의 어려움이 발목을 잡고 있다.이런 현실적인 문제를 해결하고자, 무빙스탁이 ‘증권사 신용, 대환자금대출’ 서비스를 전격 출시했다.이 상품은 주식을 매도하지 않고도, 기존의 고금리의 주식대출(미수/신용융자 등)의 3%대의 혁신적인 저금리 증권사로 전환할 수 있도록 상환자금을 제공하는 것이 핵심이다.무빙스탁 관계자는 “현재 증권사 이벤트 금리는 연 3%대 수준으로, 기존 9~10%대 고금리를 적용받는 투자자라면 절감 효과가 상당하다”며, 금리를 5%만 낮추면 “1억원 신용대출 기준으로 연간 약 500만원, 3억원이라면 1,500만원까지도 절약할 수 있다”고 밝혔다.더 놀라운 점은, 현재는 이벤트 기간으로 대환자금대출 신청시 발생하는 이자 비용까지 ‘0원’이라는 사실이다. 대환자금에 대해서 하루의 대출이자도 부담하지 않고 기존 고금리 대출을 저금리로 전환할 수 있어, 고금리 부담에 시달리던 투자자들에게 큰 호응을 얻을 전망이다.이 서비스는 부동산 시장에서 흔히 이용되던 대환대출 개념을 증권시장에 도입한 혁신적인 시도로, 주식 투자자들의 자금 운용에 새로운 대안을 제시할 것으로 기대된다.무빙스탁 ‘증권사 신용, 대환자금대출’의 비용 무료 이벤트는 이벤트 기간 동안 한정적으로 제공되는 만큼, 신용융자를 이용 중인 투자자라면 지금 바로 확인해볼 필요가 있다.★ 장마감 시간이 가까워질수록 문의가 많아 상담이 지연될 수 있습니다.★ 6월 문의하신 고객들이 많이 보유하신 종목으로는 삼성전자, POSCO홀딩스, 셀트리온, 포스코퓨처엠, 에코프로비엠, NAVER, 에코프로, 삼성SDI, LG화학, SK하이닉스, 두산에너빌리티, 카카오, SK이노베이션, LG에너지솔루션, 엘앤에프, 삼천당제약, 현대차, 알테오젠, HPSP, LG전자 등이 있습니다.★ 안내사항과도한 빚은 당신에게 큰 불행을 안겨줄 수 있습니다. 대출 시 신용등급 하락으로 다른 금융거래가 제약받을 수 있습니다. 중개수수료를 요구하거나 받는 것은 불법입니다.상호명: ㈜단비대부 2021-서울영등포-2102(대부업) | TEL: 1544-4886 | 대출금리: 연 20%이내(연체금리는 약정금리+3%p이내, 최대 연 20%이내) | 단, 2021. 7. 7.부터 신규체결, 갱신, 연장되는 계약에 한함 | 채무의 조기상환 조건 및 부대비용 없음. (단, 신용조회비용 및 담보권설정비용 있음), 이자 외 별도로 중개수수료를 요구하거나 수취하는 것은 불법입니다. | 대표이사: 박동원 | 사업자등록번호: 274-86-00231 | 등록기관명칭: 서울 영등포구청(담당부서: 일자리경제과, 02-2670-3420) | 소재지 : 서울 영등포구 여의대방로67길 11, 5층 517호 | 개인정보관리자메일: help@danbifund.co.kr무료상담",https://www.hankyung.com/article/202506179317a,2025.06.17 09:58
이자 부담 최소화! 증권사 신용대출 3%대로 바꾸는 절호의 기회,,"전송종목 : 인선이엔티, NHN KCP, LS마린솔루션, KH바텍, HL홀딩스최근 주식 투자자들 사이에서 주식대출(미수/신용융자 등)의 고금리에 대한 부담이 커지고 있다.특히 저금리를 적용 받고 싶어도, 기존 대출을 상환하고 다시 주식을 매수해야 하는 번거로운 절차와 자금 조달의 어려움이 발목을 잡고 있다.이런 현실적인 문제를 해결하고자, 무빙스탁이 ‘증권사 신용, 대환자금대출’ 서비스를 전격 출시했다.이 상품은 주식을 매도하지 않고도, 기존의 고금리의 주식대출(미수/신용융자 등)의 3%대의 혁신적인 저금리 증권사로 전환할 수 있도록 상환자금을 제공하는 것이 핵심이다.무빙스탁 관계자는 “현재 증권사 이벤트 금리는 연 3%대 수준으로, 기존 9~10%대 고금리를 적용받는 투자자라면 절감 효과가 상당하다”며, 금리를 5%만 낮추면 “1억원 신용대출 기준으로 연간 약 500만원, 3억원이라면 1,500만원까지도 절약할 수 있다”고 밝혔다.더 놀라운 점은, 현재는 이벤트 기간으로 대환자금대출 신청시 발생하는 이자 비용까지 ‘0원’이라는 사실이다. 대환자금에 대해서 하루의 대출이자도 부담하지 않고 기존 고금리 대출을 저금리로 전환할 수 있어, 고금리 부담에 시달리던 투자자들에게 큰 호응을 얻을 전망이다.이 서비스는 부동산 시장에서 흔히 이용되던 대환대출 개념을 증권시장에 도입한 혁신적인 시도로, 주식 투자자들의 자금 운용에 새로운 대안을 제시할 것으로 기대된다.무빙스탁 ‘증권사 신용, 대환자금대출’의 비용 무료 이벤트는 이벤트 기간 동안 한정적으로 제공되는 만큼, 신용융자를 이용 중인 투자자라면 지금 바로 확인해볼 필요가 있다.★ 장마감 시간이 가까워질수록 문의가 많아 상담이 지연될 수 있습니다.★ 7월 문의하신 고객들이 많이 보유하신 종목으로는 삼성전자, POSCO홀딩스, 셀트리온, 포스코퓨처엠, 에코프로비엠, NAVER, 에코프로, 삼성SDI, LG화학, SK하이닉스, 두산에너빌리티, 카카오, SK이노베이션, LG에너지솔루션, 엘앤에프, 삼천당제약, 현대차, 알테오젠, HPSP, LG전자 등이 있습니다.★ 안내사항과도한 빚은 당신에게 큰 불행을 안겨줄 수 있습니다. 대출 시 신용등급 하락으로 다른 금융거래가 제약받을 수 있습니다. 중개수수료를 요구하거나 받는 것은 불법입니다.상호명: ㈜단비대부 2021-서울영등포-2102(대부업) | TEL: 1544-4886 | 대출금리: 연 20%이내(연체금리는 약정금리+3%p이내, 최대 연 20%이내) | 단, 2021. 7. 7.부터 신규체결, 갱신, 연장되는 계약에 한함 | 채무의 조기상환 조건 및 부대비용 없음. (단, 신용조회비용 및 담보권설정비용 있음), 이자 외 별도로 중개수수료를 요구하거나 수취하는 것은 불법입니다. | 대표이사: 박동원 | 사업자등록번호: 274-86-00231 | 등록기관명칭: 서울 영등포구청(담당부서: 일자리경제과, 02-2670-3420) | 소재지 : 서울 영등포구 여의대방로67길 11, 5층 517호 | 개인정보관리자메일: help@danbifund.co.kr무료상담",https://www.hankyung.com/article/202507158088a,2025.07.15 08:53
고금리 이자 폭탄 피하는 법! 증권사 대출 3%대로 줄이기,,"전송종목 : 아이비김영, 티앤엘, KCC글라스, 넥스틴, 씨앤씨인터내셔널최근 주식 투자자들 사이에서 주식대출(미수/신용융자 등)의 고금리에 대한 부담이 커지고 있다.특히 저금리를 적용 받고 싶어도, 기존 대출을 상환하고 다시 주식을 매수해야 하는 번거로운 절차와 자금 조달의 어려움이 발목을 잡고 있다.이런 현실적인 문제를 해결하고자, 무빙스탁이 ‘증권사 신용, 대환자금대출’ 서비스를 전격 출시했다.이 상품은 주식을 매도하지 않고도, 기존의 고금리의 주식대출(미수/신용융자 등)의 3%대의 혁신적인 저금리 증권사로 전환할 수 있도록 상환자금을 제공하는 것이 핵심이다.무빙스탁 관계자는 “현재 증권사 이벤트 금리는 연 3%대 수준으로, 기존 9~10%대 고금리를 적용받는 투자자라면 절감 효과가 상당하다”며, 금리를 5%만 낮추면 “1억원 신용대출 기준으로 연간 약 500만원, 3억원이라면 1,500만원까지도 절약할 수 있다”고 밝혔다.더 놀라운 점은, 현재는 이벤트 기간으로 대환자금대출 신청시 발생하는 이자 비용까지 ‘0원’이라는 사실이다. 대환자금에 대해서 하루의 대출이자도 부담하지 않고 기존 고금리 대출을 저금리로 전환할 수 있어, 고금리 부담에 시달리던 투자자들에게 큰 호응을 얻을 전망이다.이 서비스는 부동산 시장에서 흔히 이용되던 대환대출 개념을 증권시장에 도입한 혁신적인 시도로, 주식 투자자들의 자금 운용에 새로운 대안을 제시할 것으로 기대된다.무빙스탁 ‘증권사 신용, 대환자금대출’의 비용 무료 이벤트는 이벤트 기간 동안 한정적으로 제공되는 만큼, 신용융자를 이용 중인 투자자라면 지금 바로 확인해볼 필요가 있다.★ 장마감 시간이 가까워질수록 문의가 많아 상담이 지연될 수 있습니다.★ 7월 문의하신 고객들이 많이 보유하신 종목으로는 삼성전자, POSCO홀딩스, 셀트리온, 포스코퓨처엠, 에코프로비엠, NAVER, 에코프로, 삼성SDI, LG화학, SK하이닉스, 두산에너빌리티, 카카오, SK이노베이션, LG에너지솔루션, 엘앤에프, 삼천당제약, 현대차, 알테오젠, HPSP, LG전자 등이 있습니다.★ 안내사항과도한 빚은 당신에게 큰 불행을 안겨줄 수 있습니다. 대출 시 신용등급 하락으로 다른 금융거래가 제약받을 수 있습니다. 중개수수료를 요구하거나 받는 것은 불법입니다.상호명: ㈜단비대부 2021-서울영등포-2102(대부업) | TEL: 1544-4886 | 대출금리: 연 20%이내(연체금리는 약정금리+3%p이내, 최대 연 20%이내) | 단, 2021. 7. 7.부터 신규체결, 갱신, 연장되는 계약에 한함 | 채무의 조기상환 조건 및 부대비용 없음. (단, 신용조회비용 및 담보권설정비용 있음), 이자 외 별도로 중개수수료를 요구하거나 수취하는 것은 불법입니다. | 대표이사: 박동원 | 사업자등록번호: 274-86-00231 | 등록기관명칭: 서울 영등포구청(담당부서: 일자리경제과, 02-2670-3420) | 소재지 : 서울 영등포구 여의대방로67길 11, 5층 517호 | 개인정보관리자메일: help@danbifund.co.kr무료상담",https://www.hankyung.com/article/202507047520a,2025.07.04 10:28
신용대출 이자 절감 꿀팁! 증권사 3%대 대출 전환법 공개,,"전송종목 : YG PLUS, 삼지전자, 광주신세계, 레드캡투어, 삼표시멘트최근 주식 투자자들 사이에서 주식대출(미수/신용융자 등)의 고금리에 대한 부담이 커지고 있다.특히 저금리를 적용 받고 싶어도, 기존 대출을 상환하고 다시 주식을 매수해야 하는 번거로운 절차와 자금 조달의 어려움이 발목을 잡고 있다.이런 현실적인 문제를 해결하고자, 무빙스탁이 ‘증권사 신용, 대환자금대출’ 서비스를 전격 출시했다.이 상품은 주식을 매도하지 않고도, 기존의 고금리의 주식대출(미수/신용융자 등)의 3%대의 혁신적인 저금리 증권사로 전환할 수 있도록 상환자금을 제공하는 것이 핵심이다.무빙스탁 관계자는 “현재 증권사 이벤트 금리는 연 3%대 수준으로, 기존 9~10%대 고금리를 적용받는 투자자라면 절감 효과가 상당하다”며, 금리를 5%만 낮추면 “1억원 신용대출 기준으로 연간 약 500만원, 3억원이라면 1,500만원까지도 절약할 수 있다”고 밝혔다.더 놀라운 점은, 현재는 이벤트 기간으로 대환자금대출 신청시 발생하는 이자 비용까지 ‘0원’이라는 사실이다. 대환자금에 대해서 하루의 대출이자도 부담하지 않고 기존 고금리 대출을 저금리로 전환할 수 있어, 고금리 부담에 시달리던 투자자들에게 큰 호응을 얻을 전망이다.이 서비스는 부동산 시장에서 흔히 이용되던 대환대출 개념을 증권시장에 도입한 혁신적인 시도로, 주식 투자자들의 자금 운용에 새로운 대안을 제시할 것으로 기대된다.무빙스탁 ‘증권사 신용, 대환자금대출’의 비용 무료 이벤트는 이벤트 기간 동안 한정적으로 제공되는 만큼, 신용융자를 이용 중인 투자자라면 지금 바로 확인해볼 필요가 있다.★ 장마감 시간이 가까워질수록 문의가 많아 상담이 지연될 수 있습니다.★ 7월 문의하신 고객들이 많이 보유하신 종목으로는 삼성전자, POSCO홀딩스, 셀트리온, 포스코퓨처엠, 에코프로비엠, NAVER, 에코프로, 삼성SDI, LG화학, SK하이닉스, 두산에너빌리티, 카카오, SK이노베이션, LG에너지솔루션, 엘앤에프, 삼천당제약, 현대차, 알테오젠, HPSP, LG전자 등이 있습니다.★ 안내사항과도한 빚은 당신에게 큰 불행을 안겨줄 수 있습니다. 대출 시 신용등급 하락으로 다른 금융거래가 제약받을 수 있습니다. 중개수수료를 요구하거나 받는 것은 불법입니다.상호명: ㈜단비대부 2021-서울영등포-2102(대부업) | TEL: 1544-4886 | 대출금리: 연 20%이내(연체금리는 약정금리+3%p이내, 최대 연 20%이내) | 단, 2021. 7. 7.부터 신규체결, 갱신, 연장되는 계약에 한함 | 채무의 조기상환 조건 및 부대비용 없음. (단, 신용조회비용 및 담보권설정비용 있음), 이자 외 별도로 중개수수료를 요구하거나 수취하는 것은 불법입니다. | 대표이사: 박동원 | 사업자등록번호: 274-86-00231 | 등록기관명칭: 서울 영등포구청(담당부서: 일자리경제과, 02-2670-3420) | 소재지 : 서울 영등포구 여의대방로67길 11, 5층 517호 | 개인정보관리자메일: help@danbifund.co.kr무료상담",https://www.hankyung.com/article/202507145598a,2025.07.14 08:43
"셀트리온, 2분기 실적 역대 최대…매출 9615억·영업익 2425억",,"인천 송도 셀트리온 2공장 전경./사진=셀트리온

셀트리온은 올 2분기 연결기준 매출액 9615억원과 영업이익 2425억원의 잠정 실적을 기록했다고 21일 공시했다. 매출과 영업이익 모두 2분기 기준 역대 최대치다. 이들은 전년 동기 대비 각각 9.9%와 234.5% 증가했으며 영업이익률은 25%대로 개선됐다.글로벌 시장에서 기존 제품의 선전과 수익성 높은 신제품 중심의 판매 확대에 따른 결과라는 게 회사 측 설명이다. 특히 램시마SC, 유플라이마, 베그젤마, 스테키마 등 고마진 제품의 성장이 본격화한 영향이 컸다. 고마진 신제품 매출 비중은 53%로 전년 동기 대비 22%포인트 확대됐다.향후 신제품 중심의 실적 성장세가 이어질 것으로 전망된다. 올 하반기에는 글로벌 주요국에서 옴리클로, 앱토즈마, 아이덴젤트, 스토보클로-오센벨트 등 4개의 신제품이 순차적으로 출시될 예정이다.수익성도 개선되고 있다. 셀트리온헬스케어 합병에 따라 일시적으로 상승했던 매출원가율은 △합병 전 고원가 재고 소진 △생산 수율 개선 △3공장 가동률 상승 및 원료의약품 외주 생산 축소 △기존 제품 개발비 상각 종료 등에 따라 낮아지고 있다는 설명이다.셀트리온의 지난 2분기 원가율은 약 43%로 전년 동기보다 약 15%포인트 감소했다. 전분기 대비로도 4%포인트 하락해 이익폭이 빠르게 확대됐다.셀트리온 관계자는 ""올 2분기는 수익성이 높은 신제품 중심의 매출이 확대되며 당분기 사상 최대 매출과 영업이익을 달성했다""며 ""하반기에도 유럽과 미국 등 글로벌 주요 시장을 타깃으로 고마진 신제품 출시와 이에 따른 시장 확대 등 호재가 산적해 있는 만큼 성장을 위한 전사적 노력을 이어갈 방침""이라고 말했다.고정삼 한경닷컴 기자 jsk@hankyung.com",https://www.hankyung.com/article/2025072107456,2025.07.21 08:55
신용대출 이자 절감 꿀팁! 증권사 3%대 대출 전환법 공개,,"전송종목 : HD현대미포, 에너토크, 카카오페이, 신풍제약, 코나아이최근 주식 투자자들 사이에서 주식대출(미수/신용융자 등)의 고금리에 대한 부담이 커지고 있다.특히 저금리를 적용 받고 싶어도, 기존 대출을 상환하고 다시 주식을 매수해야 하는 번거로운 절차와 자금 조달의 어려움이 발목을 잡고 있다.이런 현실적인 문제를 해결하고자, 무빙스탁이 ‘증권사 신용, 대환자금대출’ 서비스를 전격 출시했다.이 상품은 주식을 매도하지 않고도, 기존의 고금리의 주식대출(미수/신용융자 등)의 3%대의 혁신적인 저금리 증권사로 전환할 수 있도록 상환자금을 제공하는 것이 핵심이다.무빙스탁 관계자는 “현재 증권사 이벤트 금리는 연 3%대 수준으로, 기존 9~10%대 고금리를 적용받는 투자자라면 절감 효과가 상당하다”며, 금리를 5%만 낮추면 “1억원 신용대출 기준으로 연간 약 500만원, 3억원이라면 1,500만원까지도 절약할 수 있다”고 밝혔다.더 놀라운 점은, 현재는 이벤트 기간으로 대환자금대출 신청시 발생하는 이자 비용까지 ‘0원’이라는 사실이다. 대환자금에 대해서 하루의 대출이자도 부담하지 않고 기존 고금리 대출을 저금리로 전환할 수 있어, 고금리 부담에 시달리던 투자자들에게 큰 호응을 얻을 전망이다.이 서비스는 부동산 시장에서 흔히 이용되던 대환대출 개념을 증권시장에 도입한 혁신적인 시도로, 주식 투자자들의 자금 운용에 새로운 대안을 제시할 것으로 기대된다.무빙스탁 ‘증권사 신용, 대환자금대출’의 비용 무료 이벤트는 이벤트 기간 동안 한정적으로 제공되는 만큼, 신용융자를 이용 중인 투자자라면 지금 바로 확인해볼 필요가 있다.★ 장마감 시간이 가까워질수록 문의가 많아 상담이 지연될 수 있습니다.★ 6월 문의하신 고객들이 많이 보유하신 종목으로는 삼성전자, POSCO홀딩스, 셀트리온, 포스코퓨처엠, 에코프로비엠, NAVER, 에코프로, 삼성SDI, LG화학, SK하이닉스, 두산에너빌리티, 카카오, SK이노베이션, LG에너지솔루션, 엘앤에프, 삼천당제약, 현대차, 알테오젠, HPSP, LG전자 등이 있습니다.★ 안내사항과도한 빚은 당신에게 큰 불행을 안겨줄 수 있습니다. 대출 시 신용등급 하락으로 다른 금융거래가 제약받을 수 있습니다. 중개수수료를 요구하거나 받는 것은 불법입니다.상호명: ㈜단비대부 2021-서울영등포-2102(대부업) | TEL: 1544-4886 | 대출금리: 연 20%이내(연체금리는 약정금리+3%p이내, 최대 연 20%이내) | 단, 2021. 7. 7.부터 신규체결, 갱신, 연장되는 계약에 한함 | 채무의 조기상환 조건 및 부대비용 없음. (단, 신용조회비용 및 담보권설정비용 있음), 이자 외 별도로 중개수수료를 요구하거나 수취하는 것은 불법입니다. | 대표이사: 박동원 | 사업자등록번호: 274-86-00231 | 등록기관명칭: 서울 영등포구청(담당부서: 일자리경제과, 02-2670-3420) | 소재지 : 서울 영등포구 여의대방로67길 11, 5층 517호 | 개인정보관리자메일: help@danbifund.co.kr무료상담",https://www.hankyung.com/article/202506182169a,2025.06.18 14:18
"DSR 무관 스탁론 업계 최초 5,000억원 달성! 지금 바로 상담!",,"투자자들 사이에서 ‘스탁론’에 대한 관심이 높아지고 있다. 스탁론은 자기자본 포함 최대 4배까지 활용 가능하며 증권사 신용/미수 대환 용도로도 활용 가능해 대표적인 레버리지 수단으로 자리잡은 상태다.그러나 DSR 한도가 스탁론에도 적용된 후 다른 대출, 소득 증빙 문제로 예전처럼 이용하기 어려워졌다. 이와 함께 높아진 금리도 스탁론 이용을 망설이게 만든 원인으로 꼽힌다.그러나 해결책은 있다. 21년 연속 스탁론 업계 1위를 지키고 있는 하이스탁론이 DSR 무관하게 이용할 수 있는 상품은 물론 연 4%대 최저금리로 이용 가능한 상품까지 취급하며 선택의 폭을 넓힌 것이다.




 

◆ 하이스탁론, 연 4%대 업계 최저금리로 추가 투자금은 물론 신용미수 대환까지!<하이스탁론>에서 누구나 부담 없이 스탁론을 경험할 수 있도록 연 4%대 최저금리 상품을 출시했다. 주식매입 용도는 물론 증권사 미수/신용 대환도 가능하며 신용등급 차등 없이 자기자본 포함 최대 4배까지 활용할 수 있다.이와 함께 DSR 한도 때문에 기존 스탁론 이용이 어려웠던 투자자들은 위한 DSR 무관 상품도 취급 중이다. 이 상품도 투자자들의 깊은 관심을 받으며 업계 최초로 5,000억원을 돌파했다.<하이스탁론>의 새로운 상품에 대해 자세히 알고 싶은 투자자는 고객상담센터(1599-0313)로 연락하면 대출 여부와 상관없이 24시간 언제든 전문상담원과 편리한 상담이 가능하다.○ 연 4%대 업계 최저금리 상품 출시○ DSR 무관 상품 취급 중 (업계 최초 5,000억 돌파)○ 21년 연속 시장 점유율 1위, 16년 연속 대한민국퍼스트브랜드 대상○ 증권사 신용/미수 실시간 상환, 한종목 100% 집중 투자○ 믿을 수 있는 상담품질보증제※하이스탁론상담센터 : 1599-0313바로가기:https://www.hisl.co.kr/0313◆ 현 시각 관심종목 Top 10 : 셀트리온, 알테오젠, 에이비엘바이오, 대명에너지, 레인보우로보틱스, 한화에어로스페이스, 콜마홀딩스, 샌즈랩, 삼륭물산, 엠에스씨무료상담",https://www.hankyung.com/article/202505265356a,2025.05.27 10:40
합리적 투자 필수! 증권사 신용대출 3%대 전환으로 이자 절감,,"전송종목 : 디어유, 로킷헬스케어, 리파인, 필에너지, 제닉스최근 주식 투자자들 사이에서 주식대출(미수/신용융자 등)의 고금리에 대한 부담이 커지고 있다.특히 저금리를 적용 받고 싶어도, 기존 대출을 상환하고 다시 주식을 매수해야 하는 번거로운 절차와 자금 조달의 어려움이 발목을 잡고 있다.이런 현실적인 문제를 해결하고자, 무빙스탁이 ‘증권사 신용, 대환자금대출’ 서비스를 전격 출시했다.이 상품은 주식을 매도하지 않고도, 기존의 고금리의 주식대출(미수/신용융자 등)의 3%대의 혁신적인 저금리 증권사로 전환할 수 있도록 상환자금을 제공하는 것이 핵심이다.무빙스탁 관계자는 “현재 증권사 이벤트 금리는 연 3%대 수준으로, 기존 9~10%대 고금리를 적용받는 투자자라면 절감 효과가 상당하다”며, 금리를 5%만 낮추면 “1억원 신용대출 기준으로 연간 약 500만원, 3억원이라면 1,500만원까지도 절약할 수 있다”고 밝혔다.더 놀라운 점은, 현재는 이벤트 기간으로 대환자금대출 신청시 발생하는 이자 비용까지 ‘0원’이라는 사실이다. 대환자금에 대해서 하루의 대출이자도 부담하지 않고 기존 고금리 대출을 저금리로 전환할 수 있어, 고금리 부담에 시달리던 투자자들에게 큰 호응을 얻을 전망이다.이 서비스는 부동산 시장에서 흔히 이용되던 대환대출 개념을 증권시장에 도입한 혁신적인 시도로, 주식 투자자들의 자금 운용에 새로운 대안을 제시할 것으로 기대된다.무빙스탁 ‘증권사 신용, 대환자금대출’의 비용 무료 이벤트는 이벤트 기간 동안 한정적으로 제공되는 만큼, 신용융자를 이용 중인 투자자라면 지금 바로 확인해볼 필요가 있다.★ 장마감 시간이 가까워질수록 문의가 많아 상담이 지연될 수 있습니다.★ 7월 문의하신 고객들이 많이 보유하신 종목으로는 삼성전자, POSCO홀딩스, 셀트리온, 포스코퓨처엠, 에코프로비엠, NAVER, 에코프로, 삼성SDI, LG화학, SK하이닉스, 두산에너빌리티, 카카오, SK이노베이션, LG에너지솔루션, 엘앤에프, 삼천당제약, 현대차, 알테오젠, HPSP, LG전자 등이 있습니다.★ 안내사항과도한 빚은 당신에게 큰 불행을 안겨줄 수 있습니다. 대출 시 신용등급 하락으로 다른 금융거래가 제약받을 수 있습니다. 중개수수료를 요구하거나 받는 것은 불법입니다.상호명: ㈜단비대부 2021-서울영등포-2102(대부업) | TEL: 1544-4886 | 대출금리: 연 20%이내(연체금리는 약정금리+3%p이내, 최대 연 20%이내) | 단, 2021. 7. 7.부터 신규체결, 갱신, 연장되는 계약에 한함 | 채무의 조기상환 조건 및 부대비용 없음. (단, 신용조회비용 및 담보권설정비용 있음), 이자 외 별도로 중개수수료를 요구하거나 수취하는 것은 불법입니다. | 대표이사: 박동원 | 사업자등록번호: 274-86-00231 | 등록기관명칭: 서울 영등포구청(담당부서: 일자리경제과, 02-2670-3420) | 소재지 : 서울 영등포구 여의대방로67길 11, 5층 517호 | 개인정보관리자메일: help@danbifund.co.kr무료상담",https://www.hankyung.com/article/202507047522a,2025.07.04 13:08
"04일, 기관 거래소에서 셀트리온(+3.31%), BNK금융지주(+1.82%) 등 순매수",,"기관 투자자는 04일 거래소에서 셀트리온, BNK금융지주, 신한지주 등을 중점적으로 사들인 것으로 나타났다.기관 투자자의 순매수 상위 20개 종목은 셀트리온, BNK금융지주, 신한지주, 한화솔루션, POSCO홀딩스, KODEX 200선물인버스2X, 한국전력, LG화학, 현대제철, KODEX 코스닥150선물인버스등이다.이중에 화학 업종에 속한 종목이 3개 포함되어 있다.셀트리온, BNK금융지주, 한화솔루션 등은 전일 대비 주가가 상승했고, 신한지주, 현대제철, PLUS K방산 등은 주가가 하락했다.[07월04일]거래소 기관 순매수 상위 종목한경로보뉴스이 기사는 한국경제신문과 금융 AI 전문기업 씽크풀이 공동 개발한 기사 자동생성 알고리즘에 의해 실시간으로 작성된 것입니다.",https://www.hankyung.com/article/202507049365L,2025.07.04 18:35
고금리 이자 폭탄 피하는 법! 증권사 대출 3%대로 줄이기,,"전송종목 : 이오테크닉스, 하나투어, 키움증권, 에스엠, 한화오션최근 주식 투자자들 사이에서 주식대출(미수/신용융자 등)의 고금리에 대한 부담이 커지고 있다.특히 저금리를 적용 받고 싶어도, 기존 대출을 상환하고 다시 주식을 매수해야 하는 번거로운 절차와 자금 조달의 어려움이 발목을 잡고 있다.이런 현실적인 문제를 해결하고자, 무빙스탁이 ‘증권사 신용, 대환자금대출’ 서비스를 전격 출시했다.이 상품은 주식을 매도하지 않고도, 기존의 고금리의 주식대출(미수/신용융자 등)의 3%대의 혁신적인 저금리 증권사로 전환할 수 있도록 상환자금을 제공하는 것이 핵심이다.무빙스탁 관계자는 “현재 증권사 이벤트 금리는 연 3%대 수준으로, 기존 9~10%대 고금리를 적용받는 투자자라면 절감 효과가 상당하다”며, 금리를 5%만 낮추면 “1억원 신용대출 기준으로 연간 약 500만원, 3억원이라면 1,500만원까지도 절약할 수 있다”고 밝혔다.더 놀라운 점은, 현재는 이벤트 기간으로 대환자금대출 신청시 발생하는 이자 비용까지 ‘0원’이라는 사실이다. 대환자금에 대해서 하루의 대출이자도 부담하지 않고 기존 고금리 대출을 저금리로 전환할 수 있어, 고금리 부담에 시달리던 투자자들에게 큰 호응을 얻을 전망이다.이 서비스는 부동산 시장에서 흔히 이용되던 대환대출 개념을 증권시장에 도입한 혁신적인 시도로, 주식 투자자들의 자금 운용에 새로운 대안을 제시할 것으로 기대된다.무빙스탁 ‘증권사 신용, 대환자금대출’의 비용 무료 이벤트는 이벤트 기간 동안 한정적으로 제공되는 만큼, 신용융자를 이용 중인 투자자라면 지금 바로 확인해볼 필요가 있다.★ 장마감 시간이 가까워질수록 문의가 많아 상담이 지연될 수 있습니다.★ 7월 문의하신 고객들이 많이 보유하신 종목으로는 삼성전자, POSCO홀딩스, 셀트리온, 포스코퓨처엠, 에코프로비엠, NAVER, 에코프로, 삼성SDI, LG화학, SK하이닉스, 두산에너빌리티, 카카오, SK이노베이션, LG에너지솔루션, 엘앤에프, 삼천당제약, 현대차, 알테오젠, HPSP, LG전자 등이 있습니다.★ 안내사항과도한 빚은 당신에게 큰 불행을 안겨줄 수 있습니다. 대출 시 신용등급 하락으로 다른 금융거래가 제약받을 수 있습니다. 중개수수료를 요구하거나 받는 것은 불법입니다.상호명: ㈜단비대부 2021-서울영등포-2102(대부업) | TEL: 1544-4886 | 대출금리: 연 20%이내(연체금리는 약정금리+3%p이내, 최대 연 20%이내) | 단, 2021. 7. 7.부터 신규체결, 갱신, 연장되는 계약에 한함 | 채무의 조기상환 조건 및 부대비용 없음. (단, 신용조회비용 및 담보권설정비용 있음), 이자 외 별도로 중개수수료를 요구하거나 수취하는 것은 불법입니다. | 대표이사: 박동원 | 사업자등록번호: 274-86-00231 | 등록기관명칭: 서울 영등포구청(담당부서: 일자리경제과, 02-2670-3420) | 소재지 : 서울 영등포구 여의대방로67길 11, 5층 517호 | 개인정보관리자메일: help@danbifund.co.kr무료상담",https://www.hankyung.com/article/202507083734a,2025.07.08 09:43
"추가 투자금, 신용미수 대환 자금을 신청 당일 즉시! DSR 무관!",,"DSR 한도가 ‘스탁론’에도 적용된 후 투자자들의 고민이 날로 깊어지고 있다. 기존 대출이 많거나 소득 증빙이 어려울 경우 예전처럼 손쉽게 스탁론을 활용하기가 어려워졌기 때문이다. 예전보다 높아진 금리로 스탁론 이용을 부담스럽게 만들고 있다.이런 상황에서 올뉴스탁론이 구원투수로 나섰다. DSR 무관 누구나 이용 가능한 스탁론 상품은 물론 연 4%대 업계 최저금리로 이용 가능한 상품을 함께 선보이며 투자자들의 선택지를 넓힌 것이다.




 

◆ 올뉴스탁론, DSR 무관 상품에 연 4%대 최저금리 상품으로 다양한 선택지를!올뉴스탁론에서 투자자들 누구나 부담 없이 스탁론을 경험할 수 있도록 연 4%대 업계 최저금리로 이용 가능한 증권 연계신용 상품을 출시했다. 주식매입은 물론 증권사 미수/신용 대환 모두 가능하며 신용등급 차등 없이 자기 자본 포함 최대 4배까지 활용할 수 있다.이와 함께 DSR 한도 때문에 기존 스탁론 활용이 어려웠던 투자자들을 위한 DSR 무관 상품도 취급 중이다. 이 상품도 투자자들의 깊은 관심을 받으며 업계 최초 5,000억원을 돌파한 바 있다.올뉴스탁론에 대해 자세히 알고 싶은 투자자는 고객상담센터(☎1599-8666)로 연락하면 대출 여부와 무관하게 언제든 전문상담원과 편리하게 상담할 수 있다.○ 보유하고 있는 대출액이나 소득 무관하게! (DSR 무관)○ 최대 4배 주식자금 활용 가능! (본인 자금 포함)○ 증권 신용/미수 당일 즉시 대환 가능!○ 기존 증권사 신용, 스탁론으로 매수가 어려웠던 종목도 OK!※ 올뉴스탁론 고객상담센터 : 1599-8666바로가기 : https://allnewstockloan.co.kr?agency=HTS◆ 현 시각 관심종목 Top 10 : 셀트리온, 알테오젠, 한미반도체, 현대차, 카카오, 세진중공업, 피아이이, 램테크놀러지, 그린생명과학, 포바이포무료상담",https://www.hankyung.com/article/202506057138a,2025.06.09 10:25
저가 매수는 증권사보다 레버리지가 높은 연 4%대 상품!,,"부자네스탁론이 봄맞이 이벤트로 5년고정 연 4.9%의 저금리 스탁론 상품을 출시하면서 투자자들에게 화제가 되고 있다.5년고정 연 4.9%의 저금리 스탁론은 주요 증권사의 신용 금리로 알려진 8~9%대의 금리보다 훨씬 금리가 낮은 상품이다.스탁론 상품들은 증권사 신용보다 레버리지는 더 높고 담보유지비율은 더 낮아 투자 고수들 사이에서 잘 알려진 상품이다.미수나 반대매도를 해결해주는 대환대출상품, 한 종목 100% 집중투자 상품신용등급, 매수불가종목, D.S.R 등 주식투자자들의 고민을 완벽하게 해결해주는 솔루션을 제공하는부자네스탁론은 고객마다 가장 최적의 대출방법으로 해결해준다.-스탁론 D.S.R<총부채원리금상환비율> 고강도 규제에도! 문제없는 부자네스탁론!– 소득 낮고 기존 대출금액 많아도 계좌평가금액에 비례해서 대출가능!▶머니투데이 부자네스탁론① 5년고정 연 4.9% 금리의 최저금리 스탁론② 자기자본포함 최대 4배까지 레버리지 투자 가능③ 매수가능종목 100% 집중투자가능 (코스닥, 시가총액, 포트폴리오비율상관없이)④ 스탁론 전종목 1:1 매수상담문의 → 수익극대화⑤ 반대매도 임박 / 추가입금이 힘들다면? → 1:1 로스컷 전문상담⑥ D.S.R과 신용등급 낮.아.도 문제없이 매입/대환까지 가능!★ D.S.R비율, 신용등급 무관 저금리 부자네스탁 AM8:00~PM4:00 ☎1577-5852★ AM 8:00 부터 선착순 예약접수 http://www.bujane.co.kr/5월 고객들의 문의가 많은 종목은 셀트리온, KB금융, 브이원텍, 포바이포, 카카오 등이 있다.무료상담",https://www.hankyung.com/article/202505289863a,2025.05.28 13:58
"이자 부담은 최소로, 투자 효율은 최대로! 신용대출 3%대 활용법",,"전송종목 : SNT다이내믹스, KG모빌리티, 포스코퓨처엠, 롯데정밀화학, 현대제철최근 주식 투자자들 사이에서 주식대출(미수/신용융자 등)의 고금리에 대한 부담이 커지고 있다.특히 저금리를 적용 받고 싶어도, 기존 대출을 상환하고 다시 주식을 매수해야 하는 번거로운 절차와 자금 조달의 어려움이 발목을 잡고 있다.이런 현실적인 문제를 해결하고자, 무빙스탁이 ‘증권사 신용, 대환자금대출’ 서비스를 전격 출시했다.이 상품은 주식을 매도하지 않고도, 기존의 고금리의 주식대출(미수/신용융자 등)의 3%대의 혁신적인 저금리 증권사로 전환할 수 있도록 상환자금을 제공하는 것이 핵심이다.무빙스탁 관계자는 “현재 증권사 이벤트 금리는 연 3%대 수준으로, 기존 9~10%대 고금리를 적용받는 투자자라면 절감 효과가 상당하다”며, 금리를 5%만 낮추면 “1억원 신용대출 기준으로 연간 약 500만원, 3억원이라면 1,500만원까지도 절약할 수 있다”고 밝혔다.더 놀라운 점은, 현재는 이벤트 기간으로 대환자금대출 신청시 발생하는 이자 비용까지 ‘0원’이라는 사실이다. 대환자금에 대해서 하루의 대출이자도 부담하지 않고 기존 고금리 대출을 저금리로 전환할 수 있어, 고금리 부담에 시달리던 투자자들에게 큰 호응을 얻을 전망이다.이 서비스는 부동산 시장에서 흔히 이용되던 대환대출 개념을 증권시장에 도입한 혁신적인 시도로, 주식 투자자들의 자금 운용에 새로운 대안을 제시할 것으로 기대된다.무빙스탁 ‘증권사 신용, 대환자금대출’의 비용 무료 이벤트는 이벤트 기간 동안 한정적으로 제공되는 만큼, 신용융자를 이용 중인 투자자라면 지금 바로 확인해볼 필요가 있다.★ 장마감 시간이 가까워질수록 문의가 많아 상담이 지연될 수 있습니다.★ 7월 문의하신 고객들이 많이 보유하신 종목으로는 삼성전자, POSCO홀딩스, 셀트리온, 포스코퓨처엠, 에코프로비엠, NAVER, 에코프로, 삼성SDI, LG화학, SK하이닉스, 두산에너빌리티, 카카오, SK이노베이션, LG에너지솔루션, 엘앤에프, 삼천당제약, 현대차, 알테오젠, HPSP, LG전자 등이 있습니다.★ 안내사항과도한 빚은 당신에게 큰 불행을 안겨줄 수 있습니다. 대출 시 신용등급 하락으로 다른 금융거래가 제약받을 수 있습니다. 중개수수료를 요구하거나 받는 것은 불법입니다.상호명: ㈜단비대부 2021-서울영등포-2102(대부업) | TEL: 1544-4886 | 대출금리: 연 20%이내(연체금리는 약정금리+3%p이내, 최대 연 20%이내) | 단, 2021. 7. 7.부터 신규체결, 갱신, 연장되는 계약에 한함 | 채무의 조기상환 조건 및 부대비용 없음. (단, 신용조회비용 및 담보권설정비용 있음), 이자 외 별도로 중개수수료를 요구하거나 수취하는 것은 불법입니다. | 대표이사: 박동원 | 사업자등록번호: 274-86-00231 | 등록기관명칭: 서울 영등포구청(담당부서: 일자리경제과, 02-2670-3420) | 소재지 : 서울 영등포구 여의대방로67길 11, 5층 517호 | 개인정보관리자메일: help@danbifund.co.kr무료상담",https://www.hankyung.com/article/202507185999a,2025.07.18 10:48
"주식 매도 없이 신용이자 연 1,500만 원 줄이는 비법",,"전송종목 : 하이텍팜, 톱텍, LX세미콘, 대양전기공업, LX하우시스




 

최근 주식 투자자들 사이에서 주식대출(미수/신용융자 등)의 고금리에 대한 부담이 커지고 있다.특히 저금리를 적용 받고 싶어도, 기존 대출을 상환하고 다시 주식을 매수해야 하는 번거로운 절차와 자금 조달의 어려움이 발목을 잡고 있다.이런 현실적인 문제를 해결하고자, 무빙스탁이 ‘증권사 신용, 대환자금대출’ 서비스를 전격 출시했다.이 상품은 주식을 매도하지 않고도, 기존의 고금리의 주식대출(미수/신용융자 등)의 3%대의 혁신적인 저금리 증권사로 전환할 수 있도록 상환자금을 제공하는 것이 핵심이다.무빙스탁 관계자는 “현재 증권사 이벤트 금리는 연 3%대 수준으로, 기존 9~10%대 고금리를 적용받는 투자자라면 절감 효과가 상당하다”며, 금리를 5%만 낮추면 “1억원 신용대출 기준으로 연간 약 500만원, 3억원이라면 1,500만원까지도 절약할 수 있다”고 밝혔다.더 놀라운 점은, 현재는 이벤트 기간으로 대환자금대출 신청시 발생하는 이자 비용까지 ‘0원’이라는 사실이다. 대환자금에 대해서 하루의 대출이자도 부담하지 않고 기존 고금리 대출을 저금리로 전환할 수 있어, 고금리 부담에 시달리던 투자자들에게 큰 호응을 얻을 전망이다.이 서비스는 부동산 시장에서 흔히 이용되던 대환대출 개념을 증권시장에 도입한 혁신적인 시도로, 주식 투자자들의 자금 운용에 새로운 대안을 제시할 것으로 기대된다.무빙스탁 ‘증권사 신용, 대환자금대출’의 비용 무료 이벤트는 이벤트 기간 동안 한정적으로 제공되는 만큼, 신용융자를 이용 중인 투자자라면 지금 바로 확인해볼 필요가 있다.★ 장마감 시간이 가까워질수록 문의가 많아 상담이 지연될 수 있습니다.★ 7월 문의하신 고객들이 많이 보유하신 종목으로는 삼성전자, POSCO홀딩스, 셀트리온, 포스코퓨처엠, 에코프로비엠, NAVER, 에코프로, 삼성SDI, LG화학, SK하이닉스, 두산에너빌리티, 카카오, SK이노베이션, LG에너지솔루션, 엘앤에프, 삼천당제약, 현대차, 알테오젠, HPSP, LG전자 등이 있습니다.★ 안내사항과도한 빚은 당신에게 큰 불행을 안겨줄 수 있습니다. 대출 시 신용등급 하락으로 다른 금융거래가 제약받을 수 있습니다. 중개수수료를 요구하거나 받는 것은 불법입니다.상호명: ㈜단비대부 2021-서울영등포-2102(대부업) | TEL: 1544-4886 | 대출금리: 연 20%이내(연체금리는 약정금리+3%p이내, 최대 연 20%이내) | 단, 2021. 7. 7.부터 신규체결, 갱신, 연장되는 계약에 한함 | 채무의 조기상환 조건 및 부대비용 없음. (단, 신용조회비용 및 담보권설정비용 있음), 이자 외 별도로 중개수수료를 요구하거나 수취하는 것은 불법입니다. | 대표이사: 박동원 | 사업자등록번호: 274-86-00231 | 등록기관명칭: 서울 영등포구청(담당부서: 일자리경제과, 02-2670-3420) | 소재지 : 서울 영등포구 여의대방로67길 11, 5층 517호 | 개인정보관리자메일: help@danbifund.co.kr무료상담",https://www.hankyung.com/article/202507173369a,2025.07.17 08:43
"주식 신용담보 지금 안 옮기면 남들보다 1,500만원 뒤처집니다",,"전송종목 : 엔켐, 동원산업, DL이앤씨, 풍산, HDC현대산업개발매일 4만 원씩, 1년이면 약 1,500만 원, 이 돈은 누구의 통장으로 들어갈까요?당신이 가만히 있는 순간에도, 고금리 증권사는 웃고 있습니다.최근 주식 투자자들 사이에서는 신용융자, 미수 등 증권사의 고금리 대출의 이자 부담이 뜨거운 감자로 떠오르고 있다.많은 투자자들이 “금리를 낮추고 싶다”고 말하지만, 기존 대출 상환 후 재매수라는 번거로운 절차에 자금 마련까지 어려워 그냥 방치하고 마는 경우가 다반사이다.이러한 고금리의 증권사 신용 및 담보대출 이용자들의 악순환을 끊을 방법이 생겼다.바로 무빙스탁의 ‘증권사 신용, 대환자금대출’ 서비스가 출시된 것이다.이 서비스는 보유 주식을 매도하지 않고, 기존 고금리 주식대출(신용/미수 등)을 연 3%대의 저금리 상품으로 전환할 수 있도록 상환자금을 지원하는 것이 핵심이다.무빙스탁 관계자는 “금리를 5%만 낮춰도, 신용대출 3억 원 기준 무려 1,500만 원의 이자 절감 효과가 있습니다.” 라고 밝혔다.더 놀라운 사실은, 지금 이벤트 기간 중 신청하면 대환자금 이자까지 0원이라는 점이다. 단 하루의 이자 부담도 없이, 기존 고금리를 완전히 벗어날 수 있는 절호의 기회이다.무빙스탁 ‘증권사 신용, 대환자금대출’의 비용 무료 이벤트는 이벤트 기간 동안 한정적으로 제공되는 만큼, 고금리의 신용융자를 이용 중인 투자자라면 지금 바로 확인해볼 필요가 있다.★ 장마감 시간이 가까워질수록 문의가 많아 상담이 지연될 수 있습니다.★ 5월 문의하신 고객들이 많이 보유하신 종목으로는 삼성전자, POSCO홀딩스, 셀트리온, 포스코퓨처엠, 에코프로비엠, NAVER, 에코프로, 삼성SDI, LG화학, SK하이닉스, 두산에너빌리티, 카카오, SK이노베이션, LG에너지솔루션, 엘앤에프, 삼천당제약, 현대차, 알테오젠, HPSP, LG전자 등이 있습니다.★ 안내사항과도한 빚은 당신에게 큰 불행을 안겨줄 수 있습니다. 대출 시 신용등급 하락으로 다른 금융거래가 제약받을 수 있습니다. 중개수수료를 요구하거나 받는 것은 불법입니다.상호명: ㈜단비대부 2021-서울영등포-2102(대부업) | TEL: 1544-4886 | 대출금리: 연 20%이내(연체금리는 약정금리+3%p이내, 최대 연 20%이내) | 단, 2021. 7. 7.부터 신규체결, 갱신, 연장되는 계약에 한함 | 채무의 조기상환 조건 및 부대비용 없음. (단, 신용조회비용 및 담보권설정비용 있음), 이자 외 별도로 중개수수료를 요구하거나 수취하는 것은 불법입니다. | 대표이사: 박동원 | 사업자등록번호: 274-86-00231 | 등록기관명칭: 서울 영등포구청(담당부서: 일자리경제과, 02-2670-3420) | 소재지 : 서울 영등포구 여의대방로67길 11, 5층 517호 | 개인정보관리자메일: help@danbifund.co.kr무료상담",https://www.hankyung.com/article/202505277258a,2025.05.27 13:16
"이자 부담은 최소로, 투자 효율은 최대로! 신용대출 3%대 활용법",,"전송종목 : 한화시스템, 에이피알, 롯데웰푸드, BGF리테일, SK케미칼최근 주식 투자자들 사이에서 주식대출(미수/신용융자 등)의 고금리에 대한 부담이 커지고 있다.특히 저금리를 적용 받고 싶어도, 기존 대출을 상환하고 다시 주식을 매수해야 하는 번거로운 절차와 자금 조달의 어려움이 발목을 잡고 있다.이런 현실적인 문제를 해결하고자, 무빙스탁이 ‘증권사 신용, 대환자금대출’ 서비스를 전격 출시했다.이 상품은 주식을 매도하지 않고도, 기존의 고금리의 주식대출(미수/신용융자 등)의 3%대의 혁신적인 저금리 증권사로 전환할 수 있도록 상환자금을 제공하는 것이 핵심이다.무빙스탁 관계자는 “현재 증권사 이벤트 금리는 연 3%대 수준으로, 기존 9~10%대 고금리를 적용받는 투자자라면 절감 효과가 상당하다”며, 금리를 5%만 낮추면 “1억원 신용대출 기준으로 연간 약 500만원, 3억원이라면 1,500만원까지도 절약할 수 있다”고 밝혔다.더 놀라운 점은, 현재는 이벤트 기간으로 대환자금대출 신청시 발생하는 이자 비용까지 ‘0원’이라는 사실이다. 대환자금에 대해서 하루의 대출이자도 부담하지 않고 기존 고금리 대출을 저금리로 전환할 수 있어, 고금리 부담에 시달리던 투자자들에게 큰 호응을 얻을 전망이다.이 서비스는 부동산 시장에서 흔히 이용되던 대환대출 개념을 증권시장에 도입한 혁신적인 시도로, 주식 투자자들의 자금 운용에 새로운 대안을 제시할 것으로 기대된다.무빙스탁 ‘증권사 신용, 대환자금대출’의 비용 무료 이벤트는 이벤트 기간 동안 한정적으로 제공되는 만큼, 신용융자를 이용 중인 투자자라면 지금 바로 확인해볼 필요가 있다.★ 장마감 시간이 가까워질수록 문의가 많아 상담이 지연될 수 있습니다.★ 7월 문의하신 고객들이 많이 보유하신 종목으로는 삼성전자, POSCO홀딩스, 셀트리온, 포스코퓨처엠, 에코프로비엠, NAVER, 에코프로, 삼성SDI, LG화학, SK하이닉스, 두산에너빌리티, 카카오, SK이노베이션, LG에너지솔루션, 엘앤에프, 삼천당제약, 현대차, 알테오젠, HPSP, LG전자 등이 있습니다.★ 안내사항과도한 빚은 당신에게 큰 불행을 안겨줄 수 있습니다. 대출 시 신용등급 하락으로 다른 금융거래가 제약받을 수 있습니다. 중개수수료를 요구하거나 받는 것은 불법입니다.상호명: ㈜단비대부 2021-서울영등포-2102(대부업) | TEL: 1544-4886 | 대출금리: 연 20%이내(연체금리는 약정금리+3%p이내, 최대 연 20%이내) | 단, 2021. 7. 7.부터 신규체결, 갱신, 연장되는 계약에 한함 | 채무의 조기상환 조건 및 부대비용 없음. (단, 신용조회비용 및 담보권설정비용 있음), 이자 외 별도로 중개수수료를 요구하거나 수취하는 것은 불법입니다. | 대표이사: 박동원 | 사업자등록번호: 274-86-00231 | 등록기관명칭: 서울 영등포구청(담당부서: 일자리경제과, 02-2670-3420) | 소재지 : 서울 영등포구 여의대방로67길 11, 5층 517호 | 개인정보관리자메일: help@danbifund.co.kr무료상담",https://www.hankyung.com/article/202507248232a,2025.07.24 08:33
신용대출 이자 절감 꿀팁! 증권사 3%대 대출 전환법 공개,,"전송종목 : 드림텍, 제이에스코퍼레이션, 노바렉스, 해성디에스, 알테오젠최근 주식 투자자들 사이에서 주식대출(미수/신용융자 등)의 고금리에 대한 부담이 커지고 있다.특히 저금리를 적용 받고 싶어도, 기존 대출을 상환하고 다시 주식을 매수해야 하는 번거로운 절차와 자금 조달의 어려움이 발목을 잡고 있다.이런 현실적인 문제를 해결하고자, 무빙스탁이 ‘증권사 신용, 대환자금대출’ 서비스를 전격 출시했다.이 상품은 주식을 매도하지 않고도, 기존의 고금리의 주식대출(미수/신용융자 등)의 3%대의 혁신적인 저금리 증권사로 전환할 수 있도록 상환자금을 제공하는 것이 핵심이다.무빙스탁 관계자는 “현재 증권사 이벤트 금리는 연 3%대 수준으로, 기존 9~10%대 고금리를 적용받는 투자자라면 절감 효과가 상당하다”며, 금리를 5%만 낮추면 “1억원 신용대출 기준으로 연간 약 500만원, 3억원이라면 1,500만원까지도 절약할 수 있다”고 밝혔다.더 놀라운 점은, 현재는 이벤트 기간으로 대환자금대출 신청시 발생하는 이자 비용까지 ‘0원’이라는 사실이다. 대환자금에 대해서 하루의 대출이자도 부담하지 않고 기존 고금리 대출을 저금리로 전환할 수 있어, 고금리 부담에 시달리던 투자자들에게 큰 호응을 얻을 전망이다.이 서비스는 부동산 시장에서 흔히 이용되던 대환대출 개념을 증권시장에 도입한 혁신적인 시도로, 주식 투자자들의 자금 운용에 새로운 대안을 제시할 것으로 기대된다.무빙스탁 ‘증권사 신용, 대환자금대출’의 비용 무료 이벤트는 이벤트 기간 동안 한정적으로 제공되는 만큼, 신용융자를 이용 중인 투자자라면 지금 바로 확인해볼 필요가 있다.★ 장마감 시간이 가까워질수록 문의가 많아 상담이 지연될 수 있습니다.★ 7월 문의하신 고객들이 많이 보유하신 종목으로는 삼성전자, POSCO홀딩스, 셀트리온, 포스코퓨처엠, 에코프로비엠, NAVER, 에코프로, 삼성SDI, LG화학, SK하이닉스, 두산에너빌리티, 카카오, SK이노베이션, LG에너지솔루션, 엘앤에프, 삼천당제약, 현대차, 알테오젠, HPSP, LG전자 등이 있습니다.★ 안내사항과도한 빚은 당신에게 큰 불행을 안겨줄 수 있습니다. 대출 시 신용등급 하락으로 다른 금융거래가 제약받을 수 있습니다. 중개수수료를 요구하거나 받는 것은 불법입니다.상호명: ㈜단비대부 2021-서울영등포-2102(대부업) | TEL: 1544-4886 | 대출금리: 연 20%이내(연체금리는 약정금리+3%p이내, 최대 연 20%이내) | 단, 2021. 7. 7.부터 신규체결, 갱신, 연장되는 계약에 한함 | 채무의 조기상환 조건 및 부대비용 없음. (단, 신용조회비용 및 담보권설정비용 있음), 이자 외 별도로 중개수수료를 요구하거나 수취하는 것은 불법입니다. | 대표이사: 박동원 | 사업자등록번호: 274-86-00231 | 등록기관명칭: 서울 영등포구청(담당부서: 일자리경제과, 02-2670-3420) | 소재지 : 서울 영등포구 여의대방로67길 11, 5층 517호 | 개인정보관리자메일: help@danbifund.co.kr무료상담",https://www.hankyung.com/article/202507035122a,2025.07.03 08:36
이번 달에만 2200억어치 샀다…외국인들 쓸어담은 종목,"'외국인 러브콜' 쏟아졌다
소외됐던 바이오株, 상승 곡선

셀트리온 이달 들어 13% 올라
알테오젠은 외국인 순매수 1위

구글 투자 등 비만 치료제 뜨고 
금리인하·실적 개선 기대 커져","제약·바이오 기업의 주가가 이달 들어 가파른 상승세를 나타내고 있다. 하반기 시장금리 하락에 속도가 붙을 수 있다는 전망과 함께 외국인 투자자금까지 유입되면서 주가를 밀어 올렸다.





                17일 한국거래소에 따르면 ‘KRX 바이오 TOP10’ 지수는 이달 들어 16% 넘게 상승했다. 국내 최상위 바이오 기업 주가를 추종하는 이 지수의 상승률은 이 기간 전체 34개 KRX 테마지수 중 최고를 기록했다. 셀트리온과 알테오젠은 같은 기간 각각 13%, 31% 올랐다.외국인의 제약·바이오 종목 ‘러브콜’이 뜨거웠다. 코스닥시장 대장주 알테오젠은 지난달에 이어 이달에도 코스닥 외국인 투자자의 순매수 1위를 차지했다. 이달 들어서만 2200억원어치 주식을 샀다. 뒤이어 파마리서치(1041억원), 펩트론(667억원), 휴젤(486억원) 등을 많이 사들였다.증권가는 주요 바이오 종목이 ‘상저하고’ 실적 계절성을 보이는 만큼 하반기로 갈수록 추가 상승할 가능성이 클 것으로 보고 있다. 기술수출 등 연구개발(R&D) 성과 재료보다는 좋은 실적을 낼 종목에 집중하는 게 유리하다는 뜻이다. 이달미 상상인증권 연구원은 “하반기에는 실적 개선 기대가 높은 바이오주가 오를 것”이라며 바이오 섹터 투자의견을 ‘비중 확대’로 제시했다. 최선호주로는 지난 2분기 실적이 컨센서스(증권가 추정치 평균)를 크게 웃돌 것으로 예상한 대웅제약을 꼽았다.한국은행의 기준금리 인하 전망도 긍정적이다. 금리는 성장주 밸류에이션(실적 대비 주가 수준)과 역의 상관관계를 보인다.비만 치료제에 관심이 확산하는 것 역시 바이오 분야 전반에 긍정적인 영향을 주고 있다. 외신들에 따르면 구글의 모회사 알파벳은 먹는 비만 치료제 개발사인 미국 멧세라에 1억3500만달러(약 1900억원)를 투자했다. 한승연 NH투자증권 연구원은 “최근 글로벌 주요 신약 트렌드는 비만과 항암, 알츠하이머”라며 “인간의 삶을 바꾸는 혁신 신약의 출시가 잇따르면서 투자자들이 바이오산업에 관심을 더 둘 것”으로 내다봤다.류은혁 기자 ehryu@hankyung.com",https://www.hankyung.com/article/2025071753881,2025.07.17 17:28
고금리 이자 폭탄 피하는 법! 증권사 대출 3%대로 줄이기,,"전송종목 : 삼성전기, 한샘, 한올바이오파마, 경동나비엔, HD한국조선해양최근 주식 투자자들 사이에서 주식대출(미수/신용융자 등)의 고금리에 대한 부담이 커지고 있다.특히 저금리를 적용 받고 싶어도, 기존 대출을 상환하고 다시 주식을 매수해야 하는 번거로운 절차와 자금 조달의 어려움이 발목을 잡고 있다.이런 현실적인 문제를 해결하고자, 무빙스탁이 ‘증권사 신용, 대환자금대출’ 서비스를 전격 출시했다.이 상품은 주식을 매도하지 않고도, 기존의 고금리의 주식대출(미수/신용융자 등)의 3%대의 혁신적인 저금리 증권사로 전환할 수 있도록 상환자금을 제공하는 것이 핵심이다.무빙스탁 관계자는 “현재 증권사 이벤트 금리는 연 3%대 수준으로, 기존 9~10%대 고금리를 적용받는 투자자라면 절감 효과가 상당하다”며, 금리를 5%만 낮추면 “1억원 신용대출 기준으로 연간 약 500만원, 3억원이라면 1,500만원까지도 절약할 수 있다”고 밝혔다.더 놀라운 점은, 현재는 이벤트 기간으로 대환자금대출 신청시 발생하는 이자 비용까지 ‘0원’이라는 사실이다. 대환자금에 대해서 하루의 대출이자도 부담하지 않고 기존 고금리 대출을 저금리로 전환할 수 있어, 고금리 부담에 시달리던 투자자들에게 큰 호응을 얻을 전망이다.이 서비스는 부동산 시장에서 흔히 이용되던 대환대출 개념을 증권시장에 도입한 혁신적인 시도로, 주식 투자자들의 자금 운용에 새로운 대안을 제시할 것으로 기대된다.무빙스탁 ‘증권사 신용, 대환자금대출’의 비용 무료 이벤트는 이벤트 기간 동안 한정적으로 제공되는 만큼, 신용융자를 이용 중인 투자자라면 지금 바로 확인해볼 필요가 있다.★ 장마감 시간이 가까워질수록 문의가 많아 상담이 지연될 수 있습니다.★ 7월 문의하신 고객들이 많이 보유하신 종목으로는 삼성전자, POSCO홀딩스, 셀트리온, 포스코퓨처엠, 에코프로비엠, NAVER, 에코프로, 삼성SDI, LG화학, SK하이닉스, 두산에너빌리티, 카카오, SK이노베이션, LG에너지솔루션, 엘앤에프, 삼천당제약, 현대차, 알테오젠, HPSP, LG전자 등이 있습니다.★ 안내사항과도한 빚은 당신에게 큰 불행을 안겨줄 수 있습니다. 대출 시 신용등급 하락으로 다른 금융거래가 제약받을 수 있습니다. 중개수수료를 요구하거나 받는 것은 불법입니다.상호명: ㈜단비대부 2021-서울영등포-2102(대부업) | TEL: 1544-4886 | 대출금리: 연 20%이내(연체금리는 약정금리+3%p이내, 최대 연 20%이내) | 단, 2021. 7. 7.부터 신규체결, 갱신, 연장되는 계약에 한함 | 채무의 조기상환 조건 및 부대비용 없음. (단, 신용조회비용 및 담보권설정비용 있음), 이자 외 별도로 중개수수료를 요구하거나 수취하는 것은 불법입니다. | 대표이사: 박동원 | 사업자등록번호: 274-86-00231 | 등록기관명칭: 서울 영등포구청(담당부서: 일자리경제과, 02-2670-3420) | 소재지 : 서울 영등포구 여의대방로67길 11, 5층 517호 | 개인정보관리자메일: help@danbifund.co.kr무료상담",https://www.hankyung.com/article/202507210590a,2025.07.21 09:43
"23일, 거래소 기관 순매도상위에 운수장비 업종 6종목",,"기관 투자자는 23일 거래소에서 삼성전자, SK하이닉스, 현대로템 등을 중점적으로 매도한 것으로 나타났다.기관 투자자의 순매도 상위 20개 종목은 삼성전자, SK하이닉스, 현대로템, 카카오페이, 현대차, 한화에어로스페이스, 카카오, 삼성바이오로직스, KODEX 코스닥150레버리지, 현대모비스등이다.이중에 운수장비 업종에 속한 종목이 6개 포함되어 있다.SK하이닉스, 현대로템, 카카오페이 등은 전일 대비 주가가 상승했고, 삼성전자, 현대차, 한화에어로스페이스 등은 주가가 하락했다.[06월23일]거래소 기관 순매도 상위 종목한경로보뉴스이 기사는 한국경제신문과 금융 AI 전문기업 씽크풀이 공동 개발한 기사 자동생성 알고리즘에 의해 실시간으로 작성된 것입니다.",https://www.hankyung.com/article/202506234571L,2025.06.23 18:35
"코스피, 관세 불안 및 삼성전자 '어닝 쇼크'에도 상승 출발",,"사진=연합뉴스

                코스피가 상승 출발했다. 미국으로부터 관세 서한을 받았고, 국내 대표 기업인 삼성전자는 예상을 크게 밑도는 2분기 잠정실적을 내놓는 등 개장 전 대형 악재가 잇따랐다. 하지만 미국과의 관세는 협상 여지가 있다는 점, 삼성전자는 ‘어닝 쇼크’에 이어 자사주 취득 결정을 공시했다는 점이 투자심리를 되살렸다.8일 오전 9시4분 현재 코스피는 전일 대비 10.89포인트(0.36%) 오른 3070.36에 거래되고 있다.외국인이 코스피200선물을 1003억원어치 순매수하며 지수를 방어하고 있다. 현물 주식은 230억원어치 순매도하고 있다. 기관은 365억원어치 주식을 사고 있다. 개인은 34억원어치를 파는 중이다.시가총액 상위 종목들은 혼조세다.삼성전자는 보합이다. 2분기 매출 74조원, 영업이익 4조6000억원의 잠정실적을 기록했다고 개장 전 밝히면서 프리마켓에서는 투자심리가 크게 악화된 바 있다. 영업이익이 에프앤가이드에 집계된 컨센서스(증권사 추정치 평균) 6조8133억원을 25%가량 밑돌았기 때문이다. 하지만 삼성전자는 잠정실적 발표에 이어 보통주 약 3조5000억원, 기타주식 약 4000억원 규모의 자사주 매입 결정을 개장 직전 공시하면서 투자심리를 되살렸다.SK하이닉스는 0.92% 하락하고 있다. 삼성바이오로직스, 현대차, 셀트리온, 기아도 약보합세다. 도널드 트럼프 미국 대통령이 한국과 일본을 비롯한 7개국에 보낸 관세 서한을 공개하면서 관세 관련 불확실성이 커지면서 수출주들이 영향을 받는 것이다. 다만 상호관세 부과 시기가 8월1일이라는 점, 협상 경과에 따라 유예기간이 연장될 수 있다는 점 등이 확인되면서 투자심리가 크게 악화되지는 않았다.KB금융은 2.19%, 두산에너빌리티는 1.11% 상승하고 있다. 관세 불확실성이 커진 가운데, ‘관세 무풍지대’로 꼽히는 종목으로 매수세가 유입된 영향이다.코스닥은 전일 대비 0.91포인트(0.12%) 내린 777.55에 거래되고 있다. 이 시장에서는 개인과 기관이 각각 115억원어치와 29억원어치 주식을 사는 반면, 외국인은 144억원어치를 팔고 있다.코스닥 시가총액 상위 종목들도 혼조세다. 알테오젠은 1.08% 내리고 있다.반면 에코프로비엠과 에코프로는 각각 1.79%와 1% 상승 중이다.서울외환시장에서 원·달러 환율은 전일 대비 5.3원(0.38%) 내린 달러당 1371.7원에 거래되고 있다.간밤 뉴욕증시에서 주요 지수는 도널드 트럼프 미국 대통령이 주요 교역국에 관세 서한을 보낸 데 따른 불확실성 확대로 하락 마감했다. 7일(현지시간) 뉴욕증권거래소(NYSE)에서 다우존스30산업평균지수는 전일 대비 422.17포인트(0.94%) 떨어진 44,406.36에, 스탠더드앤드푸어스(S&P)500지수는 49.37포인트(0.79%) 밀린 6,229.98에, 나스닥종합지수는 188.59포인트(0.92%) 하락한 20,412.52에 각각 거래를 마쳤다.한경우 한경닷컴 기자 case@hankyung.com",https://www.hankyung.com/article/2025070840266,2025.07.08 09:18
고금리 이자 폭탄 피하는 법! 증권사 대출 3%대로 줄이기,,"전송종목 : LG디스플레이, 파라다이스, SK, 강원랜드, NAVER최근 주식 투자자들 사이에서 주식대출(미수/신용융자 등)의 고금리에 대한 부담이 커지고 있다.특히 저금리를 적용 받고 싶어도, 기존 대출을 상환하고 다시 주식을 매수해야 하는 번거로운 절차와 자금 조달의 어려움이 발목을 잡고 있다.이런 현실적인 문제를 해결하고자, 무빙스탁이 ‘증권사 신용, 대환자금대출’ 서비스를 전격 출시했다.이 상품은 주식을 매도하지 않고도, 기존의 고금리의 주식대출(미수/신용융자 등)의 3%대의 혁신적인 저금리 증권사로 전환할 수 있도록 상환자금을 제공하는 것이 핵심이다.무빙스탁 관계자는 “현재 증권사 이벤트 금리는 연 3%대 수준으로, 기존 9~10%대 고금리를 적용받는 투자자라면 절감 효과가 상당하다”며, 금리를 5%만 낮추면 “1억원 신용대출 기준으로 연간 약 500만원, 3억원이라면 1,500만원까지도 절약할 수 있다”고 밝혔다.더 놀라운 점은, 현재는 이벤트 기간으로 대환자금대출 신청시 발생하는 이자 비용까지 ‘0원’이라는 사실이다. 대환자금에 대해서 하루의 대출이자도 부담하지 않고 기존 고금리 대출을 저금리로 전환할 수 있어, 고금리 부담에 시달리던 투자자들에게 큰 호응을 얻을 전망이다.이 서비스는 부동산 시장에서 흔히 이용되던 대환대출 개념을 증권시장에 도입한 혁신적인 시도로, 주식 투자자들의 자금 운용에 새로운 대안을 제시할 것으로 기대된다.무빙스탁 ‘증권사 신용, 대환자금대출’의 비용 무료 이벤트는 이벤트 기간 동안 한정적으로 제공되는 만큼, 신용융자를 이용 중인 투자자라면 지금 바로 확인해볼 필요가 있다.★ 장마감 시간이 가까워질수록 문의가 많아 상담이 지연될 수 있습니다.★ 7월 문의하신 고객들이 많이 보유하신 종목으로는 삼성전자, POSCO홀딩스, 셀트리온, 포스코퓨처엠, 에코프로비엠, NAVER, 에코프로, 삼성SDI, LG화학, SK하이닉스, 두산에너빌리티, 카카오, SK이노베이션, LG에너지솔루션, 엘앤에프, 삼천당제약, 현대차, 알테오젠, HPSP, LG전자 등이 있습니다.★ 안내사항과도한 빚은 당신에게 큰 불행을 안겨줄 수 있습니다. 대출 시 신용등급 하락으로 다른 금융거래가 제약받을 수 있습니다. 중개수수료를 요구하거나 받는 것은 불법입니다.상호명: ㈜단비대부 2021-서울영등포-2102(대부업) | TEL: 1544-4886 | 대출금리: 연 20%이내(연체금리는 약정금리+3%p이내, 최대 연 20%이내) | 단, 2021. 7. 7.부터 신규체결, 갱신, 연장되는 계약에 한함 | 채무의 조기상환 조건 및 부대비용 없음. (단, 신용조회비용 및 담보권설정비용 있음), 이자 외 별도로 중개수수료를 요구하거나 수취하는 것은 불법입니다. | 대표이사: 박동원 | 사업자등록번호: 274-86-00231 | 등록기관명칭: 서울 영등포구청(담당부서: 일자리경제과, 02-2670-3420) | 소재지 : 서울 영등포구 여의대방로67길 11, 5층 517호 | 개인정보관리자메일: help@danbifund.co.kr무료상담",https://www.hankyung.com/article/202507223168a,2025.07.22 09:43
"관세폭탄으로 '기어' 전환한 트럼프…""구리 50%, 의약품 200%""",,"도널드 트럼프 미국 대통령이 8일(현지시간) 백악관 내각회의에서 발언하고 있다. 오른쪽은 피트 헤그세스 미국 국방장관. /AP연합뉴스

                미·중 관세 협상의 진전과 중동 사태 등으로 한동안 잠잠했던 도널드 트럼프 미국 대통령의 ‘관세 폭주’가 재개됐다. 당초 4월2일에 발표했던 국가별 상호관세 유예기간이 종료될 예정이었던 8일(현지시간) 트럼프 대통령은 구리 관세 50%, 의약품 관세 200% 등을 거론하며 해외 기업과 정부를 압박하기 시작했다.그는 이날 백악관 내각회의에서 “미국에 생산설비를 갖춘 외국 업체들이 과거 행정부의 잘못된 정책으로 미국을 떠나갔다”면서 “나는 이를 허용하지 않는다. 우리는 주요 분야에 대한 (관세) 조치를 발표할 것”이라고 말했다.   ○구리관세, 韓 가전 등 영향 우려트럼프 정부는 출범 이후 철강·알루미늄과 자동차·자동차부품에 대한 품목별 관세를 도입했고, 반도체·구리·목재·의약품 등에 대해서는 품목별 관세 도입을 위한 안보 영향 조사를 상무부에 지시했다. 대기 중이던 품목관세 대상 중에서 구리가 가장 먼저 나온 것은 미 상무부의 조사가 완료됐기 때문이다. 하워드 러트닉 상무장관은 “구리 관련 조사를 마쳤다”면서 트럼프 대통령의 발표를 거쳐 7월말이나 8월1일에 관세가 발효될 것이라고 말했다.25%로 시작해서 50%로 높아진 철강·알루미늄 관세와 달리 구리 관세는 처음부터 50%로 시작한다. 특히 미국 정부가 수입 철강을 쓴 냉장고 세탁기 등 가전제품 등에도 함유량에 비례해 50% 품목관세를 적용하기로 한 것처럼, 구리도 ‘구리 파생상품’ 형태로 대상 품목이 고무줄처럼 늘어날 수 있다.구리는 모터가 사용되고 전선이 들어가는 모든 제품에 필요한 핵심 원자재다. 미국은 중국에 이어 세계 2위 구리 소비국가지만 전체 소비량(약 170억달러어치)의 55% 정도만 자체 생산하고 나머지는 수입한다. 일부 국내 전자업계는 미국에서 구리를 조달하는 방안 등을 검토하고 있으나, 값도 비싸고 공급도 충분하지 않다. 인공지능(AI)발 데이터센터 붐과 전기차 수요에 관세까지 가세한 탓이다. 뉴욕상품거래소(COMEX)에서 구리 선물 가격은 8~9일 상승분(13%)을 제외해도 올 들어 25% 올랐다. LG전자의 생활가전사업부는 지난해 구리 매입에만 5915억원을 썼다. 철강(매입액 1조7033억원), 레진(9256억원)에 이은 가전제품 원재료 부담 3위 품목이다.구리 관세가 부담이 되긴 전기차와 배터리 업계도 마찬가지다. 전기차에는 충전모듈, 전장배선, 코일 등에, 배터리는 동박에 구리가 쓰인다. 구리값이 10% 오르면 생산비가 0.3~0.7% 상승한다. 관세로 인해 케이블 가격이 오르면 수요가 줄어들 수 있는 전선업계도 영향권에 들어 있다.  ○의약품 관세 200% 거론트럼프 대통령이 200% 고율관세를 거론한 의약품 분야도 긴장감이 커지고 있다. 그는 “우리는 곧 제약산업에 대한 조치를 발표할 것”이라면서 “약 1년에서 1년 반의 시간을 주고 그 이후에는 매우 높은 관세율인 200%를 부과할 것”이라고 했다.지난해 미국이 한국에서 수입한 의약품 규모는 39억7000만달러(약 5조4500억원)어치에 달한다. 국내 제약사들은 현지 기업을 인수하거나 미국 내 생산을 늘리는 방안을 검토하기 시작했다. 셀트리온은 이날 주주서한에서 “단기 전략으로 2년분 재고보유를 완료했고 미국 현지 위탁생산(CMO) 파트너와 계약을 완료했다”고 소개했다. 또 장기적으로 미국 생산시설을 갖춘 회사를 인수하는 것도 검토하겠다고 밝혔다. SK바이오팜은 “미국 내 생산 파트너를 확보하고 있어 실제 관세가 확정되면 미국 생산으로 전환할 수 있다”고 했다. 그러나 반도체나 의약품에 대해 실제로 고율 관세를 부과할 것인지 여부가 확실하지 않다는 견해도 있다. 200% 관세를 부과할 경우 당장 미국 소비자가 반발할 가능성이 크다는 것이다. 반도체의 경우에도 당장 미국 내 생산을 급격히 늘릴 수 없는 상황에서 무작정 관세를 부과하면 미국 기업들이 1차 피해를 볼 수 있다. 또 트럼프 대통령이 앞서 스마트폰과 노트북 등 전자기기를 ‘반도체’로 분류해둔 탓에 소비자 가격이 즉각 뛰어오를 수 있다.   ○美재무 “관세로 3000억달러 수입”트럼프 정부는 관세 정책으로 예상됐던 물가상승과 경기침체 등 부작용은 즉각 나타나지 않고 있고 관세 수입은 늘어나고 있다는 점을 강조하는 중이다. 스콧 베선트 재무장관은 이날 내각회의에서 관세로 1000억달러를 벌었으며 올해 말까지 3000억달러 이상을 벌어들일 수 있을 것이라는 전망을 내놨다. 스티븐 미란 백악관 경제자문위원회(CEA) 위원장은 CNBC 인터뷰에서 관세로 물가가 오를 가능성을 ‘운석이 지구와 충돌할 확률’에 비유하며 일축했다.  한편 트럼프 대통령은 SNS에 “9일 아침에 최소 7개 국가를 공개하고 오후에 몇 개 국가를 추가로 공개할 것”이라고 적었다. ‘공개’가 관세율 통지 서한인지 무역협상 타결인지 여부는 명확히 하지 않았다. 그는 또 8월1일로 미뤄둔 상호관세 부과 시기를 더 늦추지는 않겠다고 SNS에 공언했다. 월스트리트저널(WSJ)에 따르면 트럼프 대통령은 관세를 즉각 부과하고 싶어했으나 베선트 장관 등이 인도와 유럽연합(EU) 등과의 협상이 조만간 타결될 것으로 예상해 부과 시기를 조금 늦추자고 대통령에게 조언해 받아들여진 것으로 알려졌다.워싱턴=이상은 특파원/박의명/성상훈 기자",https://www.hankyung.com/article/202507098029i,2025.07.09 16:48
"2차전지주 외국인, 기관 순매수 현황은?",,"국내 주식시장에서는 과거 크게 상승하였던 경험이 있는 2차전지 관련주에 관심이 높아지고 있다.2차전지 관련주로는 에코프로, 에코프로비엠, 엘앤에프, 포스코퓨처엠, LG에너지솔루션 등이 대표적인 종목으로 꼽히고 있다.2차전지 관련주의 최근 금액기준 외국인, 기관의 순매수 현황을 알아본 결과는 다음과 같다.




 

에코프로 – 외국인 31억원 순매수, 기관 8억원 순매수에코프로비엠 – 외국인 3억원 순매수, 기관 -23억원 순매수엘앤에프 – 외국인 -27억원 순매수, 기관 -75억원 순매수포스코퓨처엠 – 외국인 17억원 순매수, 기관 -97억원 순매수LG에너지솔루션 – 외국인 -15억원 순매수, 기관 8억원 순매수(6월 16일 기준)삼성전자, SK하이닉스, 셀트리온, 알테오젠, 두산에너빌리티무료상담",https://www.hankyung.com/article/202506179492a,2025.06.17 10:53
"셀트리온제약, 자가면역질환 치료제 ‘앱토즈마’ 국내 판매 개시","악템라 바이오시밀러 앱토즈마 ‘퍼스트무버’로 출시… 국내 자가면역질환 시장 공략 박차

SC 제형 우선 출시로 시장 선점 가속화… 차별화한 주사제로 투여 편의성·안전성 확대

1년 만에 바이오의약품 포트폴리오 두 배로 확대… 바이오시밀러 분야서 큰 성장 이룰 전망","셀트리온제약은 자가면역질환 치료제 악템라(성분명 토실리주맙) 바이오시밀러 ‘앱토즈마’의 국내 판매를 개시한다고 2일 밝혔다.앱토즈마는 체내 염증 유발에 관여하는 인터루킨(IL)-6 단백질을 억제해 염증을 감소시키는 인터루킨 억제제다. 류마티스 관절염(RA), 전신형 소아 특발성 관절염(sJIA), 다관절형 소아 특발성 관절염(pJIA) 등에 대한 적응증을 갖고 있으며, 국내 시장 규모는 약 200억원으로 추산된다.개발사인 셀트리온이 류마티스 관절염 환자 총 471명을 대상으로 진행한 앱토즈마(프로젝트: CT-P47) 글로벌 임상 3상 연구에 따르면, 앱토즈마는 오리지널 의약품 대비 사전에 정의한 동등성 기준에 부합해 유효성, 동등성, 약동학 및 안전성을 확인했다.이 같은 임상 결과 등을 토대로 셀트리온은 지난 1월과 2월 미국, 유럽에서 잇따라 앱토즈마의 품목허가를 획득하고, 국내에서도 지난해 12월 정맥주사(IV) 제형 ‘앱토즈마주’를 국내 최초의 토실리주맙 성분 바이오시밀러로 허가 받아 ‘퍼스트무버(First Mover)’ 지위를 확보한 바 있다.아울러 올해 2월에는 피하주사(SC) 제형인 ‘앱토즈마피하주사(162mg)’의 품목허가를 획득, 셀트리온제약이 24만 5,938원으로 약가 등재 과정을 거쳐 이달 국내에 출시하며 경쟁 바이오시밀러 대비 시장을 선점할 수 있게 됐다.특히 이번에 출시한 앱토즈마피하주사(Autoinjector, 자동주사제형)는 기존 제품 대비 한층 개선된 주사기 설계를 적용해 투여 편의성과 안전성을 강화한 것이 특징이다. 기존 경쟁제품의 경우 외부 투약 버튼을 눌러 약물을 주입하는 반면, 앱토즈마피하주사는 피부면에 주사기를 누르면 바로 약물 투여가 가능하다. 이를 통해 투여 과정에서 주사 각도가 틀어지는 등 문제로 약물이 손실될 수 있는 우려를 해소했다. 또한 별도의 안정성 시험을 거쳐 사용기한을 제조일부터 36개월까지 확대했다. 이는 경쟁 제품의 사용기간 24개월 대비 12개월가량 늘어난 수치다.셀트리온제약은 이번 SC 제형의 빠른 출시로 경쟁 우위를 확보하고 환자들의 치료 접근성을 높이기 위해 최선을 다하는 한편, 시장점유율 확대를 위해 의료진을 대상으로 설명회를 진행할 계획이다. 아울러 향후 의료진이 환자의 상태와 편의를 고려해 선택적으로 처방할 수 있도록 올해 안에 정맥주사(IV) 제형인 앱토즈마주(80mg, 200mg, 400mg)도 출시할 예정이다.이번 제품을 포함해 셀트리온제약이 국내에 판매 중인 바이오시밀러 제품군은 지난해 8월 비전2030 선포 당시 6개(램시마, 램시마SC, 트룩시마, 허쥬마, 유플라이마, 베그젤마)에서 최근 6개(스토보클로, 오센벨트, 아이덴젤트, 스테키마, 옴리클로, 앱토즈마)가 증가, 현재 총 12개 제품에 달하고 있다. 불과 일 년 만에 기존에 판매하던 제품의 두 배만큼 제품 포트폴리오를 확대함에 따라 향후 바이오시밀러 분야에서 높은 매출 성장이 이뤄질 전망이다.셀트리온제약 관계자는 “앱토즈마는 강화된 편의성과 퍼스트무버의 이점을 바탕으로 국내 시장을 빠르게 공략해 시장에 조속히 안착할 것”이라며 “올해 제품 포트폴리오를 대폭 확대하며 바이오시밀러 부문에서 큰 성장을 이룰 전망”이라고 말했다.",https://www.hankyung.com/article/202506029557P,2025.06.02 08:41
"이자 부담은 최소로, 투자 효율은 최대로! 신용대출 3%대 활용법",,"전송종목 : INVENI, 성우하이텍, KG스틸, 풀무원, DS단석최근 주식 투자자들 사이에서 주식대출(미수/신용융자 등)의 고금리에 대한 부담이 커지고 있다.특히 저금리를 적용 받고 싶어도, 기존 대출을 상환하고 다시 주식을 매수해야 하는 번거로운 절차와 자금 조달의 어려움이 발목을 잡고 있다.이런 현실적인 문제를 해결하고자, 무빙스탁이 ‘증권사 신용, 대환자금대출’ 서비스를 전격 출시했다.이 상품은 주식을 매도하지 않고도, 기존의 고금리의 주식대출(미수/신용융자 등)의 3%대의 혁신적인 저금리 증권사로 전환할 수 있도록 상환자금을 제공하는 것이 핵심이다.무빙스탁 관계자는 “현재 증권사 이벤트 금리는 연 3%대 수준으로, 기존 9~10%대 고금리를 적용받는 투자자라면 절감 효과가 상당하다”며, 금리를 5%만 낮추면 “1억원 신용대출 기준으로 연간 약 500만원, 3억원이라면 1,500만원까지도 절약할 수 있다”고 밝혔다.더 놀라운 점은, 현재는 이벤트 기간으로 대환자금대출 신청시 발생하는 이자 비용까지 ‘0원’이라는 사실이다. 대환자금에 대해서 하루의 대출이자도 부담하지 않고 기존 고금리 대출을 저금리로 전환할 수 있어, 고금리 부담에 시달리던 투자자들에게 큰 호응을 얻을 전망이다.이 서비스는 부동산 시장에서 흔히 이용되던 대환대출 개념을 증권시장에 도입한 혁신적인 시도로, 주식 투자자들의 자금 운용에 새로운 대안을 제시할 것으로 기대된다.무빙스탁 ‘증권사 신용, 대환자금대출’의 비용 무료 이벤트는 이벤트 기간 동안 한정적으로 제공되는 만큼, 신용융자를 이용 중인 투자자라면 지금 바로 확인해볼 필요가 있다.★ 장마감 시간이 가까워질수록 문의가 많아 상담이 지연될 수 있습니다.★ 7월 문의하신 고객들이 많이 보유하신 종목으로는 삼성전자, POSCO홀딩스, 셀트리온, 포스코퓨처엠, 에코프로비엠, NAVER, 에코프로, 삼성SDI, LG화학, SK하이닉스, 두산에너빌리티, 카카오, SK이노베이션, LG에너지솔루션, 엘앤에프, 삼천당제약, 현대차, 알테오젠, HPSP, LG전자 등이 있습니다.★ 안내사항과도한 빚은 당신에게 큰 불행을 안겨줄 수 있습니다. 대출 시 신용등급 하락으로 다른 금융거래가 제약받을 수 있습니다. 중개수수료를 요구하거나 받는 것은 불법입니다.상호명: ㈜단비대부 2021-서울영등포-2102(대부업) | TEL: 1544-4886 | 대출금리: 연 20%이내(연체금리는 약정금리+3%p이내, 최대 연 20%이내) | 단, 2021. 7. 7.부터 신규체결, 갱신, 연장되는 계약에 한함 | 채무의 조기상환 조건 및 부대비용 없음. (단, 신용조회비용 및 담보권설정비용 있음), 이자 외 별도로 중개수수료를 요구하거나 수취하는 것은 불법입니다. | 대표이사: 박동원 | 사업자등록번호: 274-86-00231 | 등록기관명칭: 서울 영등포구청(담당부서: 일자리경제과, 02-2670-3420) | 소재지 : 서울 영등포구 여의대방로67길 11, 5층 517호 | 개인정보관리자메일: help@danbifund.co.kr무료상담",https://www.hankyung.com/article/202507111583a,2025.07.11 08:43
"코스피, 외인·기관 '사자'에 3200선 회복…코스닥은 하락",,"사진=연합뉴스

                코스피지수가 21일 장중 외국인과 기관투자자의 매수세에 힘입어 심리적 저항선인 3200선을 회복했다. 다만 국내 주요 기업의 올 2분기 실적 발표를 앞둔 경계감에 상승폭은 다소 제한적인 모습이다.이날 오전 10시49분 현재 코스피지수는 전 거래일보다 17.68포인트(0.55%) 오른 3205.75를 나타내고 있다. 지수는 이날 0.1% 오름세로 출발 후 상승폭을 소폭 확대해 3200선을 재차 회복했다. 유가증권시장에서 외국인과 기관이 각각 4194억원과 1678억원 매수 우위인 반면 개인은 6121억원 매도 우위다. 외국인은 이날을 포함해 8거래일 연속 순매수 기조를 유지하고 있다.지난 주말 미국 증시는 보합권 혼조로 마감했다. 지난 18일(현지시간) 다우존스30산업지수와 S&P500지수는 각각 0.32%와 0.01% 내렸다. 나스닥종합지수는 0.05% 상승했다.코스피 시가총액 상위 종목은 대체로 상승세다. 삼성전자, SK하이닉스, LG에너지솔루션, 한화에어로스페이스, KB금융, 두산에너빌리티, 셀트리온, 네이버 등이 오르는 반면 삼성바이오로직스, 현대차, 기아 등이 내리고 있다.와이지엔터테인먼트(6.01%)와 자회사인 YG PLUS(12.52%)는 강세를 보이고 있다. 걸그룹 블랙핑크의 신곡 '뛰어'가 글로벌 음원 시장에서 인기몰이를 하고 있다는 소식이 영향을 준 것으로 보인다. 같은 시각 코스닥지수는 전 거래일보다 1.18포인트(0.14%) 내린 819.49를 나타내고 있다. 지수는 이날 0.1% 하락 출발 후 보합권에서 등락을 보이고 있다.코스닥시장에서는 외국인과 기관이 각각 169억원과 180억원 매도 우위인 반면 개인이 352억원 매수 우위다.코스닥 시총 상위 종목 중 알테오젠, HLB, 리가켐바이오, 휴젤, 삼천당제약, 리노공업, 코오롱티슈진 등이 내리는 반면 에코프로비엠, 펩트론, 에코프로, 파마리서치, 레인보우로보틱스, 클래시스 등이 오르고 있다.폰트(글꼴) 개발사 산돌은 보통주 1주에 신주 1주를 배정하는 100% 무상증자를 결정했다는 소식 이후 16%대 급등하고 있다.서울 외환시장에서 원·달러 환율은 전장보다 0.9원 내린 1392.1원으로 개장했다.고정삼 한경닷컴 기자 jsk@hankyung.com",https://www.hankyung.com/article/2025072112906,2025.07.21 11:16
위기는 곧 기회? 5년고정 연 4.9% 상품으로 자금 확보나 추가 매수가 가능하다?,,"부자네스탁론이 특별 이벤트로 5년고정 연 4.9%의 저금리 스탁론 상품을 출시하면서 투자자들에게 화제가 되고 있다.5년고정 연 4.9%의 저금리 스탁론은 주요 증권사의 신용 금리로 알려진 8~9%대의 금리보다 훨씬 금리가 낮은 상품이다.스탁론 상품들은 증권사 신용보다 레버리지는 더 높고 담보유지비율은 더 낮아 투자 고수들 사이에서 잘 알려진 상품이다.미수나 반대매도를 해결해주는 대환대출상품, 한 종목 100% 집중투자 상품신용등급, 매수불가종목, D.S.R 등 주식투자자들의 고민을 완벽하게 해결해주는 솔루션을 제공하는부자네스탁론은 고객마다 가장 최적의 대출방법으로 해결해준다.-스탁론 D.S.R<총부채원리금상환비율> 고강도 규제에도! 문제없는 부자네스탁론!– 소득 낮고 기존 대출금액 많아도 계좌평가금액에 비례해서 대출가능!▶머니투데이 부자네스탁론① 5년고정 연 4.9% 금리의 최저금리 스탁론② 자기자본포함 최대 4배까지 레버리지 투자 가능③ 매수가능종목 100% 집중투자가능 (코스닥, 시가총액, 포트폴리오비율상관없이)④ 스탁론 전종목 1:1 매수상담문의 → 수익극대화⑤ 반대매도 임박 / 추가입금이 힘들다면? → 1:1 로스컷 전문상담⑥ D.S.R과 신용등급 낮.아.도 문제없이 매입/대환까지 가능!★ D.S.R비율, 신용등급 무관 저금리 부자네스탁 AM8:00~PM4:00 ☎1577-5852★ AM 8:00 부터 선착순 예약접수 http://www.bujane.co.kr/6월 고객들의 문의가 많은 종목은 한화에어로스페이스, LIG넥스원, 한화비전, 두산에너빌리티, 셀트리온 등이 있다.무료상담",https://www.hankyung.com/article/202506056112a,2025.06.05 12:58
"셀트리온, 월드ADC 아시아서 ADC신약 CT-P73 전임상 결과 발표",우수한 효능과 안전성 확보로 신약개발 역량 입증,"셀트리온은 이달 10일부터 12일까지 인천 그랜드하얏트에서 개최되는 '월드 ADC 아시아 서밋'에 참가해 항체·약물 접합체(ADC) 신약 후보물질 ‘CT-P73’의 전임상 결과를 발표했다고 11일 밝혔다.월드ADC 아시아 서밋은 새로운 신약개발 모달리티(치료적접근법)로 주목받는 ADC 분야의 전문가들이 모여 최신 기술을 공유하고 개발 현황 등을 소개하는 자리다. 이번 행사에서 셀트리온은 자궁경부암, 두경부암, 대장암 등 고형암을 타깃으로 개발하고 있는 CT-P73의 전임상 결과를 포스터 형태로 처음 공개했다.CT-P73은 암세포에서 많이 발현되는 특정 조직인자(Tissue Factor)를 타깃하고, 항체와 링커(Linker)로 연결한 페이로드(Payload, 세포독성항암제)가 암세포를 공격하도록 유도하는 방식의 ADC 치료제다.셀트리온은 CT-P73에 오픈 이노베이션(개방형 혁신)을 통해 국내 피노바이오와 공동 개발한 캄토테신(Camptothecin) 유래 신규 토퍼이소머라아제(TOP1) 저해제 페이로드 ‘PBX-7016’을 적용했다. TOP1 저해제는 DNA를 손상시켜 암세포를 사멸하고 확산을 억제하는 방식의 약물이다. 페이로드 PBX-7016은 앞서 공개된 셀트리온의 ‘CT-P70’과 ‘CT-P71’에도 공통적으로 적용되고 있다.아울러 CT-P73은 전임상에서 낮은 독성 및 우월한 효능을 토대로 효능과 안전성을 종합적으로 평가하는 치료지수(Therapeutic Index) 측면에서 유의미한 수치를 도출했다. 또 검증된 링커의 안정성을 바탕으로 우월한 약동학적 특성을 확인했다. 이 밖에도 셀트리온은 CT-P73을 투여했을 때 목표 주변 암세포까지 파괴하는 방관자효과(Bystander Effect)와 더불어 우수한 종양 내 침투(Tumor Penetration)를 나타낼 것으로 기대하고 있다.이 같은 내용을 바탕으로 셀트리온은 빠르면 올해 국내외 규제기관에 CT-P73의 임상시험계획(IND)을 제출하는 등 임상시험 절차를 본격화하고, CT-P73을 같은 기전의 치료제 중 가장 뛰어난 경쟁력을 갖춘 계열 내 최고(Best in Class) 항암신약으로 개발한다는 계획이다.셀트리온 관계자는 “전임상을 통해 CT-P73의 효능과 안전성 측면에서 우수한 경쟁력을 확인한 만큼 베스트 인 클래스 신약으로 개발에 박차를 가할 계획”이라며 “앞으로도 혁신적인 치료제를 지속 개발해 환자들에게 새로운 치료 혜택을 제공하고 글로벌 신약 기업으로 도약할 수 있도록 최선을 다하겠다”고 말했다.한편 셀트리온은 오는 2028년까지 ADC 분야에서 9개, 다중항체 분야에서 4개 등 총 13개의 후보물질에 대한 IND를 제출한다는 목표다. 세계 최초의 항체 바이오시밀러 개발 등 항체 영역에서 축적한 노하우와 과감한 투자로 신약 포트폴리오를 빠르게 확장해 ‘항체신약 명가’로 도약한다는 방침이다.",https://www.hankyung.com/article/202506118130P,2025.06.11 14:43
"증권사 신용대출, 3%대 금리로 바꾸는 가장 쉬운 방법",,"전송종목 : SK이노베이션, 한국전력, 유라클, HD현대일렉트릭, 갤럭시아머니트리최근 주식 투자자들 사이에서 주식대출(미수/신용융자 등)의 고금리에 대한 부담이 커지고 있다.특히 저금리를 적용 받고 싶어도, 기존 대출을 상환하고 다시 주식을 매수해야 하는 번거로운 절차와 자금 조달의 어려움이 발목을 잡고 있다.이런 현실적인 문제를 해결하고자, 무빙스탁이 ‘증권사 신용, 대환자금대출’ 서비스를 전격 출시했다.이 상품은 주식을 매도하지 않고도, 기존의 고금리의 주식대출(미수/신용융자 등)의 3%대의 혁신적인 저금리 증권사로 전환할 수 있도록 상환자금을 제공하는 것이 핵심이다.무빙스탁 관계자는 “현재 증권사 이벤트 금리는 연 3%대 수준으로, 기존 9~10%대 고금리를 적용받는 투자자라면 절감 효과가 상당하다”며, 금리를 5%만 낮추면 “1억원 신용대출 기준으로 연간 약 500만원, 3억원이라면 1,500만원까지도 절약할 수 있다”고 밝혔다.더 놀라운 점은, 현재는 이벤트 기간으로 대환자금대출 신청시 발생하는 이자 비용까지 ‘0원’이라는 사실이다. 대환자금에 대해서 하루의 대출이자도 부담하지 않고 기존 고금리 대출을 저금리로 전환할 수 있어, 고금리 부담에 시달리던 투자자들에게 큰 호응을 얻을 전망이다.이 서비스는 부동산 시장에서 흔히 이용되던 대환대출 개념을 증권시장에 도입한 혁신적인 시도로, 주식 투자자들의 자금 운용에 새로운 대안을 제시할 것으로 기대된다.무빙스탁 ‘증권사 신용, 대환자금대출’의 비용 무료 이벤트는 이벤트 기간 동안 한정적으로 제공되는 만큼, 신용융자를 이용 중인 투자자라면 지금 바로 확인해볼 필요가 있다.★ 장마감 시간이 가까워질수록 문의가 많아 상담이 지연될 수 있습니다.★ 6월 문의하신 고객들이 많이 보유하신 종목으로는 삼성전자, POSCO홀딩스, 셀트리온, 포스코퓨처엠, 에코프로비엠, NAVER, 에코프로, 삼성SDI, LG화학, SK하이닉스, 두산에너빌리티, 카카오, SK이노베이션, LG에너지솔루션, 엘앤에프, 삼천당제약, 현대차, 알테오젠, HPSP, LG전자 등이 있습니다.★ 안내사항과도한 빚은 당신에게 큰 불행을 안겨줄 수 있습니다. 대출 시 신용등급 하락으로 다른 금융거래가 제약받을 수 있습니다. 중개수수료를 요구하거나 받는 것은 불법입니다.상호명: ㈜단비대부 2021-서울영등포-2102(대부업) | TEL: 1544-4886 | 대출금리: 연 20%이내(연체금리는 약정금리+3%p이내, 최대 연 20%이내) | 단, 2021. 7. 7.부터 신규체결, 갱신, 연장되는 계약에 한함 | 채무의 조기상환 조건 및 부대비용 없음. (단, 신용조회비용 및 담보권설정비용 있음), 이자 외 별도로 중개수수료를 요구하거나 수취하는 것은 불법입니다. | 대표이사: 박동원 | 사업자등록번호: 274-86-00231 | 등록기관명칭: 서울 영등포구청(담당부서: 일자리경제과, 02-2670-3420) | 소재지 : 서울 영등포구 여의대방로67길 11, 5층 517호 | 개인정보관리자메일: help@danbifund.co.kr무료상담",https://www.hankyung.com/article/202506194870a,2025.06.19 14:18
9~10% 주식 관련 대출에서 3%대 대출로 교체,,"전송종목 : 슈프리마, 에스티팜, 클리오, 동방메디컬, 화승엔터프라이즈최근 주식 투자자들 사이에서 주식대출(미수/신용융자 등)의 고금리에 대한 부담이 커지고 있다.특히 저금리를 적용 받고 싶어도, 기존 대출을 상환하고 다시 주식을 매수해야 하는 번거로운 절차와 자금 조달의 어려움이 발목을 잡고 있다.이런 현실적인 문제를 해결하고자, 무빙스탁이 ‘증권사 신용, 대환자금대출’ 서비스를 전격 출시했다.이 상품은 주식을 매도하지 않고도, 기존의 고금리의 주식대출(미수/신용융자 등)의 3%대의 혁신적인 저금리 증권사로 전환할 수 있도록 상환자금을 제공하는 것이 핵심이다.무빙스탁 관계자는 “현재 증권사 이벤트 금리는 연 3%대 수준으로, 기존 9~10%대 고금리를 적용받는 투자자라면 절감 효과가 상당하다”며, 금리를 5%만 낮추면 “1억원 신용대출 기준으로 연간 약 500만원, 3억원이라면 1,500만원까지도 절약할 수 있다”고 밝혔다.더 놀라운 점은, 현재는 이벤트 기간으로 대환자금대출 신청시 발생하는 이자 비용까지 ‘0원’이라는 사실이다. 대환자금에 대해서 하루의 대출이자도 부담하지 않고 기존 고금리 대출을 저금리로 전환할 수 있어, 고금리 부담에 시달리던 투자자들에게 큰 호응을 얻을 전망이다.이 서비스는 부동산 시장에서 흔히 이용되던 대환대출 개념을 증권시장에 도입한 혁신적인 시도로, 주식 투자자들의 자금 운용에 새로운 대안을 제시할 것으로 기대된다.무빙스탁 ‘증권사 신용, 대환자금대출’의 비용 무료 이벤트는 이벤트 기간 동안 한정적으로 제공되는 만큼, 신용융자를 이용 중인 투자자라면 지금 바로 확인해볼 필요가 있다.★ 장마감 시간이 가까워질수록 문의가 많아 상담이 지연될 수 있습니다.★ 7월 문의하신 고객들이 많이 보유하신 종목으로는 삼성전자, POSCO홀딩스, 셀트리온, 포스코퓨처엠, 에코프로비엠, NAVER, 에코프로, 삼성SDI, LG화학, SK하이닉스, 두산에너빌리티, 카카오, SK이노베이션, LG에너지솔루션, 엘앤에프, 삼천당제약, 현대차, 알테오젠, HPSP, LG전자 등이 있습니다.★ 안내사항과도한 빚은 당신에게 큰 불행을 안겨줄 수 있습니다. 대출 시 신용등급 하락으로 다른 금융거래가 제약받을 수 있습니다. 중개수수료를 요구하거나 받는 것은 불법입니다.상호명: ㈜단비대부 2021-서울영등포-2102(대부업) | TEL: 1544-4886 | 대출금리: 연 20%이내(연체금리는 약정금리+3%p이내, 최대 연 20%이내) | 단, 2021. 7. 7.부터 신규체결, 갱신, 연장되는 계약에 한함 | 채무의 조기상환 조건 및 부대비용 없음. (단, 신용조회비용 및 담보권설정비용 있음), 이자 외 별도로 중개수수료를 요구하거나 수취하는 것은 불법입니다. | 대표이사: 박동원 | 사업자등록번호: 274-86-00231 | 등록기관명칭: 서울 영등포구청(담당부서: 일자리경제과, 02-2670-3420) | 소재지 : 서울 영등포구 여의대방로67길 11, 5층 517호 | 개인정보관리자메일: help@danbifund.co.kr무료상담",https://www.hankyung.com/article/202507047509a,2025.07.04 08:33
[핫 컴퍼니] CDMO 틈새시장 노리는 팬젠 “휴온스와 시너지 기대”,,,https://www.hankyung.com/article/202506020447i,2025.06.16 10:03
저가로 살 기회! 5년고정 연 4.9% 본인자산포함 최대 4배로 주식 매수가 가능합니다,,"부자네스탁론이 특별 이벤트로 5년고정 연 4.9%의 저금리 스탁론 상품을 출시하면서 투자자들에게 화제가 되고 있다.5년고정 연 4.9%의 저금리 스탁론은 주요 증권사의 신용 금리로 알려진 8~9%대의 금리보다 훨씬 금리가 낮은 상품이다.스탁론 상품들은 증권사 신용보다 레버리지는 더 높고 담보유지비율은 더 낮아 투자 고수들 사이에서 잘 알려진 상품이다.미수나 반대매도를 해결해주는 대환대출상품, 한 종목 100% 집중투자 상품신용등급, 매수불가종목, D.S.R 등 주식투자자들의 고민을 완벽하게 해결해주는 솔루션을 제공하는부자네스탁론은 고객마다 가장 최적의 대출방법으로 해결해준다.-스탁론 D.S.R<총부채원리금상환비율> 고강도 규제에도! 문제없는 부자네스탁론!– 소득 낮고 기존 대출금액 많아도 계좌평가금액에 비례해서 대출가능!▶머니투데이 부자네스탁론① 5년고정 연 4.9% 금리의 최저금리 스탁론② 자기자본포함 최대 4배까지 레버리지 투자 가능③ 매수가능종목 100% 집중투자가능 (코스닥, 시가총액, 포트폴리오비율상관없이)④ 스탁론 전종목 1:1 매수상담문의 → 수익극대화⑤ 반대매도 임박 / 추가입금이 힘들다면? → 1:1 로스컷 전문상담⑥ D.S.R과 신용등급 낮.아.도 문제없이 매입/대환까지 가능!★ D.S.R비율, 신용등급 무관 저금리 부자네스탁 AM8:00~PM4:00 ☎1577-5852★ AM 8:00 부터 선착순 예약접수 http://www.bujane.co.kr/6월 고객들의 문의가 많은 종목은 한화에어로스페이스, LIG넥스원, 한화비전, 두산에너빌리티, 셀트리온 등이 있다.무료상담",https://www.hankyung.com/article/202506104055a,2025.06.10 09:38
"한전기술, 원전·전력 인프라 기대감에 ‘4거래일 연속 강세’…수급 흐름 주목",,"한전기술이 오늘 코스피 시장에서 오르는 강한 반등세를 보여줬다. 특히 최근 외국인과 기관의 연속 동반 순매수에 힘입어 투자 심리가 빠르게 회복되는 중이다.외국인은 최근 거래일 동안 수십만주를 누적 순매수했으며, 기관 역시 동기간 매수세를 이어가며 거래량 증가와 맞물린 안정적인 수급 우위가 형성되고 있다.이 같은 흐름은 원전 수출 기대와 전력 인프라 수요 확대에 기인한다. 최근 체코 두코바니 원전 수주 기대가 지속되는 가운데, 글로벌 원전 발주 모멘텀이 업종 전반으로 확산되고 있다는 분석이 나온다.기술적 분석가들은 “연속 수급이 안정적으로 유입된 것은 단기 반등을 넘어 저점 인식이 일부 해소됐다는 신호”라며, 차·환율·에너지 리스크를 벗어나 수급 주도 반등 흐름으로 이어질 가능성을 제시하고 있다.다만, 향후 주가 흐름의 관건은 수주 가시화 여부와 외부 변수다. 원전 해외 수주의 실질적 계약 체결 및 전력 인프라 투자 확정이 선행되지 않을 경우, 현재 수급 기반 상승은 한계에 부딪힐 수 있다.한국금융지주, 현대바이오, HMM, 셀트리온, LS ELECTRIC무료상담",https://www.hankyung.com/article/202507084196a,2025.07.08 12:13
"바이넥스, 셀트리온 임상물질 2종 위탁생산","""CMO 국산화 과정 결실 맺어""
송도·오송 공장서 생산해 공급","바이오의약품 위탁생산(CMO) 업체인 코스닥시장 상장사 바이넥스가 셀트리온의 바이오시밀러(바이오의약품 복제약) 원료의약품(DS) 임상물질 2종에 대한 생산 계약을 체결했다고 16일 밝혔다. 제품명 및 계약 내용은 공개되지 않았다.





                바이넥스는 셀트리온으로부터 바이오시밀러 두 개 제품의 CMO 생산 관련 기술 및 노하우를 이전받아 인천 송도와 충북 오송공장에서 각각 생산해 공급할 예정이다.셀트리온과 바이넥스는 2021년 바이오의약품 CMO 국산화 업무협약을 맺었다. 바이넥스는 지난 1월 미국 식품의약국(FDA)에서 셀트리온의 자가면역질환 치료제 엡토즈마에 대한 제조 허가를 받았다. 보통 자체 생산을 하거나 해외 CMO에 생산을 맡겨온 셀트리온이 자사 바이오시밀러를 국내 CMO 업체에 맡긴 것은 처음이었다. 1958년 순천당제약으로 출범한 바이넥스는 2011년 설립된 삼성바이오로직스보다 2년 앞선 2009년 국내 첫 CMO 사업을 시작했다.바이넥스 관계자는 “국내 바이오업계의 상생 및 발전을 위해 추진한 CMO 국산화 과정이 결실을 맺고 있다”며 “장기적으로 동반 성장할 수 있도록 협력 관계를 공고히 할 계획”이라고 말했다.안대규 기자 powerzanic@hankyung.com",https://www.hankyung.com/article/2025061685781,2025.06.16 17:26
"셀트리온, 바이오USA서 150건 기업미팅…""신약에 관심 집중""",,"지난 16일부터 19일까지 미국 보스턴에서 열린 2025 바이오 인터내셔널 컨벤션에서 참가자들이 셀트리온 부스를 둘러보고 있다. 셀트리온 제공

셀트리온이 지난 16일부터 19일까지 미국 보스턴에서 열린 세계 최대 규모 바이오 전시 행사인 ‘2025 바이오 인터내셔널 컨벤션(바이오USA)’에 참가해 150건 이상 기업 미팅을 진행하며 글로벌 파트너십 확대를 위한 발판을 마련했다고 20일 밝혔다.바이오USA는 전 세계 1800여개 이상의 제약·바이오 기업들이 참가하는 글로벌 최대 바이오 행사다. 셀트리온은 2010년부터 올해까지 16년 연속으로 바이오USA에 참가해 회사의 주력 제품인 바이오시밀러부터 신약 개발, 오픈 이노베이션(개방형 혁신), 위탁개발생산(CDMO) 등에 대한 파트너십 확대를 모색해 왔다.총 나흘간 진행된 이번 행사에서 셀트리온은 150건이 넘는 미팅을 진행하며 글로벌 제약·바이오 기업들과 협업 방안을 논의했다. 특히 셀트리온에서 올해 핵심 업무로 삼고 있는 신약 개발과 관련해 항체약물접합체(ADC), 다중항체, 항체 신약, 펩타이드 등 회사에서 개발 중인 파이프라인(신약후보물질)을 더욱 강화하기 위한 파트너십 협력 가능성을 확보하는데 주력했다.유통망 확대에 대한 협의도 폭넓게 이뤄졌다. 셀트리온은 현재 글로벌 주요시장에서 직판망을 통해 바이오시밀러 제품을 공급하고 있는 가운데, 다양한 기업으로부터 의약품 운송, 보관 등 유통 업무 관련 협업 요청을 제안 받았다. 간접 판매 방식을 유지하고 있는 일부 국가의 경우, 기존 유통망 강화를 목적으로 한 기업 미팅도 활발하게 진행됐다.회사의 주요 사업 내용 및 핵심 제품 등을 소개하는 홍보 브로셔(QR코드)를 부스 곳곳에 배치하고, 설문 참여 고객들을 위한 조립형 블록 열쇠고리 증정 이벤트 등 부스 방문객들을 상대로 다양한 홍보 활동도 벌였다. 나흘간 진행된 올해 바이오USA에서는 1800명 이상의 행사 참가자가 셀트리온 부스를 방문한 것으로 확인됐다.셀트리온 관계자는 “올해는 신약 기업으로 사업 영역을 확장한 것에 대해 방문객들의 큰 관심이 이어졌다”며 “회사에서 개발 중인 신약 포트폴리오를 발전시켜 나갈 수 있는 최적의 기술 및 잠재적 파트너십을 확보할 것이며, 이를 통해 글로벌 빅파마로 성장해 가고 있는 셀트리온의 역량이 한층 강화되는 계기를 마련할 것”이라고 말했다.안대규 기자 powerzanic@hankyung.com",https://www.hankyung.com/article/202506207722i,2025.06.20 09:19
이자 부담 최소화! 증권사 신용대출 3%대로 바꾸는 절호의 기회,,"전송종목 : 코스맥스, HK이노엔, HL만도, 삼성바이오로직스, LS에코에너지최근 주식 투자자들 사이에서 주식대출(미수/신용융자 등)의 고금리에 대한 부담이 커지고 있다.특히 저금리를 적용 받고 싶어도, 기존 대출을 상환하고 다시 주식을 매수해야 하는 번거로운 절차와 자금 조달의 어려움이 발목을 잡고 있다.이런 현실적인 문제를 해결하고자, 무빙스탁이 ‘증권사 신용, 대환자금대출’ 서비스를 전격 출시했다.이 상품은 주식을 매도하지 않고도, 기존의 고금리의 주식대출(미수/신용융자 등)의 3%대의 혁신적인 저금리 증권사로 전환할 수 있도록 상환자금을 제공하는 것이 핵심이다.무빙스탁 관계자는 “현재 증권사 이벤트 금리는 연 3%대 수준으로, 기존 9~10%대 고금리를 적용받는 투자자라면 절감 효과가 상당하다”며, 금리를 5%만 낮추면 “1억원 신용대출 기준으로 연간 약 500만원, 3억원이라면 1,500만원까지도 절약할 수 있다”고 밝혔다.더 놀라운 점은, 현재는 이벤트 기간으로 대환자금대출 신청시 발생하는 이자 비용까지 ‘0원’이라는 사실이다. 대환자금에 대해서 하루의 대출이자도 부담하지 않고 기존 고금리 대출을 저금리로 전환할 수 있어, 고금리 부담에 시달리던 투자자들에게 큰 호응을 얻을 전망이다.이 서비스는 부동산 시장에서 흔히 이용되던 대환대출 개념을 증권시장에 도입한 혁신적인 시도로, 주식 투자자들의 자금 운용에 새로운 대안을 제시할 것으로 기대된다.무빙스탁 ‘증권사 신용, 대환자금대출’의 비용 무료 이벤트는 이벤트 기간 동안 한정적으로 제공되는 만큼, 신용융자를 이용 중인 투자자라면 지금 바로 확인해볼 필요가 있다.★ 장마감 시간이 가까워질수록 문의가 많아 상담이 지연될 수 있습니다.★ 7월 문의하신 고객들이 많이 보유하신 종목으로는 삼성전자, POSCO홀딩스, 셀트리온, 포스코퓨처엠, 에코프로비엠, NAVER, 에코프로, 삼성SDI, LG화학, SK하이닉스, 두산에너빌리티, 카카오, SK이노베이션, LG에너지솔루션, 엘앤에프, 삼천당제약, 현대차, 알테오젠, HPSP, LG전자 등이 있습니다.★ 안내사항과도한 빚은 당신에게 큰 불행을 안겨줄 수 있습니다. 대출 시 신용등급 하락으로 다른 금융거래가 제약받을 수 있습니다. 중개수수료를 요구하거나 받는 것은 불법입니다.상호명: ㈜단비대부 2021-서울영등포-2102(대부업) | TEL: 1544-4886 | 대출금리: 연 20%이내(연체금리는 약정금리+3%p이내, 최대 연 20%이내) | 단, 2021. 7. 7.부터 신규체결, 갱신, 연장되는 계약에 한함 | 채무의 조기상환 조건 및 부대비용 없음. (단, 신용조회비용 및 담보권설정비용 있음), 이자 외 별도로 중개수수료를 요구하거나 수취하는 것은 불법입니다. | 대표이사: 박동원 | 사업자등록번호: 274-86-00231 | 등록기관명칭: 서울 영등포구청(담당부서: 일자리경제과, 02-2670-3420) | 소재지 : 서울 영등포구 여의대방로67길 11, 5층 517호 | 개인정보관리자메일: help@danbifund.co.kr무료상담",https://www.hankyung.com/article/202507235746a,2025.07.23 13:08
신용대출 이자 절감 꿀팁! 증권사 3%대 대출 전환법 공개,,"전송종목 : SOOP, 멀티캠퍼스, 하나마이크론, 다원시스, 셀트리온제약최근 주식 투자자들 사이에서 주식대출(미수/신용융자 등)의 고금리에 대한 부담이 커지고 있다.특히 저금리를 적용 받고 싶어도, 기존 대출을 상환하고 다시 주식을 매수해야 하는 번거로운 절차와 자금 조달의 어려움이 발목을 잡고 있다.이런 현실적인 문제를 해결하고자, 무빙스탁이 ‘증권사 신용, 대환자금대출’ 서비스를 전격 출시했다.이 상품은 주식을 매도하지 않고도, 기존의 고금리의 주식대출(미수/신용융자 등)의 3%대의 혁신적인 저금리 증권사로 전환할 수 있도록 상환자금을 제공하는 것이 핵심이다.무빙스탁 관계자는 “현재 증권사 이벤트 금리는 연 3%대 수준으로, 기존 9~10%대 고금리를 적용받는 투자자라면 절감 효과가 상당하다”며, 금리를 5%만 낮추면 “1억원 신용대출 기준으로 연간 약 500만원, 3억원이라면 1,500만원까지도 절약할 수 있다”고 밝혔다.더 놀라운 점은, 현재는 이벤트 기간으로 대환자금대출 신청시 발생하는 이자 비용까지 ‘0원’이라는 사실이다. 대환자금에 대해서 하루의 대출이자도 부담하지 않고 기존 고금리 대출을 저금리로 전환할 수 있어, 고금리 부담에 시달리던 투자자들에게 큰 호응을 얻을 전망이다.이 서비스는 부동산 시장에서 흔히 이용되던 대환대출 개념을 증권시장에 도입한 혁신적인 시도로, 주식 투자자들의 자금 운용에 새로운 대안을 제시할 것으로 기대된다.무빙스탁 ‘증권사 신용, 대환자금대출’의 비용 무료 이벤트는 이벤트 기간 동안 한정적으로 제공되는 만큼, 신용융자를 이용 중인 투자자라면 지금 바로 확인해볼 필요가 있다.★ 장마감 시간이 가까워질수록 문의가 많아 상담이 지연될 수 있습니다.★ 7월 문의하신 고객들이 많이 보유하신 종목으로는 삼성전자, POSCO홀딩스, 셀트리온, 포스코퓨처엠, 에코프로비엠, NAVER, 에코프로, 삼성SDI, LG화학, SK하이닉스, 두산에너빌리티, 카카오, SK이노베이션, LG에너지솔루션, 엘앤에프, 삼천당제약, 현대차, 알테오젠, HPSP, LG전자 등이 있습니다.★ 안내사항과도한 빚은 당신에게 큰 불행을 안겨줄 수 있습니다. 대출 시 신용등급 하락으로 다른 금융거래가 제약받을 수 있습니다. 중개수수료를 요구하거나 받는 것은 불법입니다.상호명: ㈜단비대부 2021-서울영등포-2102(대부업) | TEL: 1544-4886 | 대출금리: 연 20%이내(연체금리는 약정금리+3%p이내, 최대 연 20%이내) | 단, 2021. 7. 7.부터 신규체결, 갱신, 연장되는 계약에 한함 | 채무의 조기상환 조건 및 부대비용 없음. (단, 신용조회비용 및 담보권설정비용 있음), 이자 외 별도로 중개수수료를 요구하거나 수취하는 것은 불법입니다. | 대표이사: 박동원 | 사업자등록번호: 274-86-00231 | 등록기관명칭: 서울 영등포구청(담당부서: 일자리경제과, 02-2670-3420) | 소재지 : 서울 영등포구 여의대방로67길 11, 5층 517호 | 개인정보관리자메일: help@danbifund.co.kr무료상담",https://www.hankyung.com/article/202507158093a,2025.07.15 09:43
자금흐름을 알면 주가를 알 수 있다? 증시 자금 추적하기!,,"6월 25일 기준 코스피는 전일대비 4.61p 상승한 3108.25p로 마감하였으며,코스닥은 전일대비 2.72p 하락한 798.21p로 마감하였습니다.




 

6월 24일 기준 신용거래융자는 20조 1,393억원으로 전일대비 427억원 증가하였습니다.투자자예탁금은 66조 4,114억원으로 전일대비 1조 3,942억원 증가하였습니다.CMA는 85조 3,218억원으로 전일대비 1조 5,754억원 감소하였습니다.주식형펀드 순자산은 161조 9,306억원으로 전일대비 2조 383억원 증가하였습니다.펀드 순자산은 1,168조 8,462억원으로 전일대비 1조 5,085억원 감소하였습니다.링크종목: 삼성전자, SK하이닉스, 셀트리온, 알테오젠, 두산에너빌리티무료상담",https://www.hankyung.com/article/202506260685a,2025.06.26 09:53
전세계가 주목한 케데헌…콘텐츠·MD·중국 공연 기대에 엔터주 주목,,"넷플릭스 애니메이션 K-POP 데몬 헌터스가 인기를 끌며 K-POP의 글로벌 위상이 다시 한번 확인됐다. K-POP 아티스트들의 곡이 미국 빌보드 차트 상위권에 오르면서, K-POP이 하나의 장르로 인정받고 있다.이에 따라 삼성증권은 엔터테인먼트 업종에 대해 비중 확대 의견을 유지하며, 하반기 실적 개선과 중국 한한령 해제 가능성 등을 긍정적으로 평가했다. 블랙핑크, 트와이스, BTS 등 주요 아티스트의 복귀와 글로벌 협업, 공연 연계 굿즈(MD) 매출 확대도 기업 수익성에 기여하고 있다.특히 중국 시장 재개 가능성과 미국·라틴 시장에서의 현지화 아티스트 성장도 주목할 만하다. 삼성증권은 와이지엔터테인먼트와 디어유를 톱픽으로 제시했다.한편, 스탁론에 대한 관심이 날로높아지고 있다. 모처럼 잡은 투자기회를 놓치지 않으려는 투자자들이 주식매입을 위해 더 많은 자금을 활용할 수 있는 스탁론으로 눈길을 돌리고 있기 때문이다. 현 주가는 실적을 따라가지 못하고 있는 상황으로, 밸류에이션 리레이팅이 필요한 시기라는 평가도 나오고 있다.




 

◆ 하이스탁론, 연 4%대 업계 최저금리로 추가 투자금은 물론 신용미수 대환까지!<하이스탁론>에서 누구나 부담 없이 스탁론을 경험할 수 있도록 연 4%대 최저금리 상품을 출시했다. 주식매입 용도는 물론 증권사 미수/신용 대환도 가능하며 신용등급 차등 없이 자기자본 포함 최대 4배까지 활용할 수 있다.이와 함께 DSR 한도 때문에 기존 스탁론 이용이 어려웠던 투자자들은 위한 DSR 무관 상품도 취급 중이다. 또한 장중 거래가 어려웠던 투자자를 위한 대체거래소(NXT) 거래도 가능해졌다.<하이스탁론>의 새로운 상품에 대해 자세히 알고 싶은 투자자는 고객상담센터(1599-0313)로 연락하면 대출 여부와 상관없이 24시간 언제든 전문상담원과 편리한 상담이 가능하다.○ 연 4%대 업계 최저금리 상품 출시○ 대체거래소(NXT) 거래 가능!○ 21년 연속 시장 점유율 1위, 16년 연속 대한민국퍼스트브랜드 대상○ 증권사 신용/미수 실시간 상환, 한종목 100% 집중 투자○ 믿을 수 있는 상담품질보증제※하이스탁론상담센터 : 1599-0313바로가기:https://www.hisl.co.kr/0313◆ 현 시각 관심종목 Top 10 : 폴라리스AI파마, 셀트리온, 알테오젠, 포스코퓨처엠, HLB, 카카오페이, 콜마홀딩스, 한국화장품, 유니테스트, LS마린솔루션무료상담",https://www.hankyung.com/article/202507236267a,2025.07.24 11:25
"증권사 신용대출, 3%대 금리로 바꾸는 가장 쉬운 방법",,"전송종목 : M83, 씨케이솔루션, 삼양엔씨켐, 달바글로벌, 엠앤씨솔루션최근 주식 투자자들 사이에서 주식대출(미수/신용융자 등)의 고금리에 대한 부담이 커지고 있다.특히 저금리를 적용 받고 싶어도, 기존 대출을 상환하고 다시 주식을 매수해야 하는 번거로운 절차와 자금 조달의 어려움이 발목을 잡고 있다.이런 현실적인 문제를 해결하고자, 무빙스탁이 ‘증권사 신용, 대환자금대출’ 서비스를 전격 출시했다.이 상품은 주식을 매도하지 않고도, 기존의 고금리의 주식대출(미수/신용융자 등)의 3%대의 혁신적인 저금리 증권사로 전환할 수 있도록 상환자금을 제공하는 것이 핵심이다.무빙스탁 관계자는 “현재 증권사 이벤트 금리는 연 3%대 수준으로, 기존 9~10%대 고금리를 적용받는 투자자라면 절감 효과가 상당하다”며, 금리를 5%만 낮추면 “1억원 신용대출 기준으로 연간 약 500만원, 3억원이라면 1,500만원까지도 절약할 수 있다”고 밝혔다.더 놀라운 점은, 현재는 이벤트 기간으로 대환자금대출 신청시 발생하는 이자 비용까지 ‘0원’이라는 사실이다. 대환자금에 대해서 하루의 대출이자도 부담하지 않고 기존 고금리 대출을 저금리로 전환할 수 있어, 고금리 부담에 시달리던 투자자들에게 큰 호응을 얻을 전망이다.이 서비스는 부동산 시장에서 흔히 이용되던 대환대출 개념을 증권시장에 도입한 혁신적인 시도로, 주식 투자자들의 자금 운용에 새로운 대안을 제시할 것으로 기대된다.무빙스탁 ‘증권사 신용, 대환자금대출’의 비용 무료 이벤트는 이벤트 기간 동안 한정적으로 제공되는 만큼, 신용융자를 이용 중인 투자자라면 지금 바로 확인해볼 필요가 있다.★ 장마감 시간이 가까워질수록 문의가 많아 상담이 지연될 수 있습니다.★ 7월 문의하신 고객들이 많이 보유하신 종목으로는 삼성전자, POSCO홀딩스, 셀트리온, 포스코퓨처엠, 에코프로비엠, NAVER, 에코프로, 삼성SDI, LG화학, SK하이닉스, 두산에너빌리티, 카카오, SK이노베이션, LG에너지솔루션, 엘앤에프, 삼천당제약, 현대차, 알테오젠, HPSP, LG전자 등이 있습니다.★ 안내사항과도한 빚은 당신에게 큰 불행을 안겨줄 수 있습니다. 대출 시 신용등급 하락으로 다른 금융거래가 제약받을 수 있습니다. 중개수수료를 요구하거나 받는 것은 불법입니다.상호명: ㈜단비대부 2021-서울영등포-2102(대부업) | TEL: 1544-4886 | 대출금리: 연 20%이내(연체금리는 약정금리+3%p이내, 최대 연 20%이내) | 단, 2021. 7. 7.부터 신규체결, 갱신, 연장되는 계약에 한함 | 채무의 조기상환 조건 및 부대비용 없음. (단, 신용조회비용 및 담보권설정비용 있음), 이자 외 별도로 중개수수료를 요구하거나 수취하는 것은 불법입니다. | 대표이사: 박동원 | 사업자등록번호: 274-86-00231 | 등록기관명칭: 서울 영등포구청(담당부서: 일자리경제과, 02-2670-3420) | 소재지 : 서울 영등포구 여의대방로67길 11, 5층 517호 | 개인정보관리자메일: help@danbifund.co.kr무료상담",https://www.hankyung.com/article/202507071496a,2025.07.07 08:33
[투자운세] 6월9일(오늘) 궁합이 맞는 종목은?,,"2025년 6월 9일 오늘 관심가질 종목입니다1.쥐띠 : 횡보 끝에 찾아오는 방향에 몸을 실어라60년생 (포스코엠텍, 레이크머티리얼즈) 72년생 (고영, 에코프로머티) 84년생 (하이브, 크래프톤)2.소띠 : 주식을 사기 보다는 때를 사라61년생 (대덕전자, HLB) 73년생 (신성델타테크, 셀트리온제약) 85년생 (한화에어로스페이스, 씨젠)3.호랑이띠 : 매매기준은 대세흐름을 봐야 한다62년생 (리가켐바이오, 현대로템) 74년생 (한진칼, 알테오젠) 86년생 (아모레퍼시픽, 한국콜마)4.토끼띠 : 시장분위기에 취하지 마라63년생 (에스엠, HD현대일렉트릭) 75년생 (SK바이오팜, 한국항공우주) 87년생 (에스엘, 에스디바이오센서)5.용띠 : 손해보고 있는 종목부터 팔아라64년생 (미래에셋증권, 케어젠) 76년생 (넷마블, 한국앤컴퍼니) 88년생 (이마트, OCI홀딩스)6.뱀띠 : 우발심을 삼가하라65년생 (DB손해보험, LIG넥스원) 77년생 (에스티팜, 유한양행) 89년생 (카카오게임즈, SK바이오사이언스)




 

7.말띠 : 공이 크게 보일 때만 쳐라66 년생 (메리츠금융지주, 한미사이언스) 78년생 (삼성전자, 포스코인터내셔널) 90년생 (현대위아, 효성)8.양띠 : 장기간 움직이지 않던 주식이 오르기 시작하면 크게 오른다67년생 (포스코DX, 한전기술) 79년생 (종근당, 삼성카드) 91년생 (KCC, 기아)9. 원숭이띠 : 허둥대는 거지에겐 동냥도 적다68년생 (한화, 파두) 80년생 (삼성화재, NH투자증권) 92년생 (삼성전기, 두산에너빌리티)10.닭띠 : 남이 가는 뒷길에 꽃동산이 있다69년생 (아모레퍼시픽, 파라다이스) 81년생 (GS건설, HK이노엔) 93년생 (한국전력, 한샘)11.개띠 : 하루 종일 시세판을 쳐다보고 있어도 돈은 벌 수 없다.70년생 (펄어비스, 롯데에너지머티리얼즈) 82년생 (대웅, 금호석유) 94년생 (심텍, 대주전자재료)12.돼지띠 : 천둥이 잦아지면 소나기가 온다71년생 (셀트리온, 롯데웰푸드) 83년생 (엔씨소프트, 위메이드) 95년생 (호텔신라, 솔브레인)링크종목 – 노루홀딩스, 시선AI, 지엔코, 유니테스트, 블리츠웨이엔터테인먼트무료상담",https://www.hankyung.com/article/202506091345a,2025.06.09 09:58
"추가 투자금, 신용미수 대환 자금을 신청 당일 즉시! DSR 무관!",,"DSR 한도가 ‘스탁론’에도 적용된 후 투자자들의 고민이 날로 깊어지고 있다. 기존 대출이 많거나 소득 증빙이 어려울 경우 예전처럼 손쉽게 스탁론을 활용하기가 어려워졌기 때문이다. 예전보다 높아진 금리로 스탁론 이용을 부담스럽게 만들고 있다.이런 상황에서 올뉴스탁론이 구원투수로 나섰다. DSR 무관 누구나 이용 가능한 스탁론 상품은 물론 연 4%대 업계 최저금리로 이용 가능한 상품을 함께 선보이며 투자자들의 선택지를 넓힌 것이다.




 

◆ 올뉴스탁론, DSR 무관 상품에 연 4%대 최저금리 상품으로 다양한 선택지를!올뉴스탁론에서 투자자들 누구나 부담 없이 스탁론을 경험할 수 있도록 연 4%대 업계 최저금리로 이용 가능한 증권 연계신용 상품을 출시했다. 주식매입은 물론 증권사 미수/신용 대환 모두 가능하며 신용등급 차등 없이 자기 자본 포함 최대 4배까지 활용할 수 있다.이와 함께 DSR 한도 때문에 기존 스탁론 활용이 어려웠던 투자자들을 위한 DSR 무관 상품도 취급 중이다. 이 상품도 투자자들의 깊은 관심을 받으며 업계 최초 5,000억원을 돌파한 바 있다.올뉴스탁론에 대해 자세히 알고 싶은 투자자는 고객상담센터(☎1599-8666)로 연락하면 대출 여부와 무관하게 언제든 전문상담원과 편리하게 상담할 수 있다.○ 보유하고 있는 대출액이나 소득 무관하게! (DSR 무관)○ 최대 4배 주식자금 활용 가능! (본인 자금 포함)○ 증권 신용/미수 당일 즉시 대환 가능!○ 기존 증권사 신용, 스탁론으로 매수가 어려웠던 종목도 OK!※ 올뉴스탁론 고객상담센터 : 1599-8666바로가기 : https://allnewstockloan.co.kr?agency=HTS◆ 현 시각 관심종목 Top 10 : 두산에너빌리티, SK하이닉스, 다날, LS마린솔루션, 셀트리온, 두산퓨얼셀, 한미약품, 컴투스홀딩스, 디앤디파마텍, 현대제철무료상담",https://www.hankyung.com/article/202506117874a,2025.06.12 10:25
"계속 주식신용 전환 미루면 1,500만원 잃는 길로 갑니다",,"전송종목 : 호텔신라, DB하이텍, 네이처셀, iM금융지주, 대웅제약매일 4만 원씩, 1년이면 약 1,500만 원, 이 돈은 누구의 통장으로 들어갈까요?당신이 가만히 있는 순간에도, 고금리 증권사는 웃고 있습니다.최근 주식 투자자들 사이에서는 신용융자, 미수 등 증권사의 고금리 대출의 이자 부담이 뜨거운 감자로 떠오르고 있다.많은 투자자들이 “금리를 낮추고 싶다”고 말하지만, 기존 대출 상환 후 재매수라는 번거로운 절차에 자금 마련까지 어려워 그냥 방치하고 마는 경우가 다반사이다.이러한 고금리의 증권사 신용 및 담보대출 이용자들의 악순환을 끊을 방법이 생겼다.바로 무빙스탁의 ‘증권사 신용, 대환자금대출’ 서비스가 출시된 것이다.이 서비스는 보유 주식을 매도하지 않고, 기존 고금리 주식대출(신용/미수 등)을 연 3%대의 저금리 상품으로 전환할 수 있도록 상환자금을 지원하는 것이 핵심이다.무빙스탁 관계자는 “금리를 5%만 낮춰도, 신용대출 3억 원 기준 무려 1,500만 원의 이자 절감 효과가 있습니다.” 라고 밝혔다.더 놀라운 사실은, 지금 이벤트 기간 중 신청하면 대환자금 이자까지 0원이라는 점이다. 단 하루의 이자 부담도 없이, 기존 고금리를 완전히 벗어날 수 있는 절호의 기회이다.무빙스탁 ‘증권사 신용, 대환자금대출’의 비용 무료 이벤트는 이벤트 기간 동안 한정적으로 제공되는 만큼, 고금리의 신용융자를 이용 중인 투자자라면 지금 바로 확인해볼 필요가 있다.★ 장마감 시간이 가까워질수록 문의가 많아 상담이 지연될 수 있습니다.★ 5월 문의하신 고객들이 많이 보유하신 종목으로는 삼성전자, POSCO홀딩스, 셀트리온, 포스코퓨처엠, 에코프로비엠, NAVER, 에코프로, 삼성SDI, LG화학, SK하이닉스, 두산에너빌리티, 카카오, SK이노베이션, LG에너지솔루션, 엘앤에프, 삼천당제약, 현대차, 알테오젠, HPSP, LG전자 등이 있습니다.★ 안내사항과도한 빚은 당신에게 큰 불행을 안겨줄 수 있습니다. 대출 시 신용등급 하락으로 다른 금융거래가 제약받을 수 있습니다. 중개수수료를 요구하거나 받는 것은 불법입니다.상호명: ㈜단비대부 2021-서울영등포-2102(대부업) | TEL: 1544-4886 | 대출금리: 연 20%이내(연체금리는 약정금리+3%p이내, 최대 연 20%이내) | 단, 2021. 7. 7.부터 신규체결, 갱신, 연장되는 계약에 한함 | 채무의 조기상환 조건 및 부대비용 없음. (단, 신용조회비용 및 담보권설정비용 있음), 이자 외 별도로 중개수수료를 요구하거나 수취하는 것은 불법입니다. | 대표이사: 박동원 | 사업자등록번호: 274-86-00231 | 등록기관명칭: 서울 영등포구청(담당부서: 일자리경제과, 02-2670-3420) | 소재지 : 서울 영등포구 여의대방로67길 11, 5층 517호 | 개인정보관리자메일: help@danbifund.co.kr무료상담",https://www.hankyung.com/article/202505277257a,2025.05.27 10:16
"이자 부담은 최소로, 투자 효율은 최대로! 신용대출 3%대 활용법",,"전송종목 : 삼성중공업, HD현대미포, S-Oil, LG이노텍, 롯데케미칼최근 주식 투자자들 사이에서 주식대출(미수/신용융자 등)의 고금리에 대한 부담이 커지고 있다.특히 저금리를 적용 받고 싶어도, 기존 대출을 상환하고 다시 주식을 매수해야 하는 번거로운 절차와 자금 조달의 어려움이 발목을 잡고 있다.이런 현실적인 문제를 해결하고자, 무빙스탁이 ‘증권사 신용, 대환자금대출’ 서비스를 전격 출시했다.이 상품은 주식을 매도하지 않고도, 기존의 고금리의 주식대출(미수/신용융자 등)의 3%대의 혁신적인 저금리 증권사로 전환할 수 있도록 상환자금을 제공하는 것이 핵심이다.무빙스탁 관계자는 “현재 증권사 이벤트 금리는 연 3%대 수준으로, 기존 9~10%대 고금리를 적용받는 투자자라면 절감 효과가 상당하다”며, 금리를 5%만 낮추면 “1억원 신용대출 기준으로 연간 약 500만원, 3억원이라면 1,500만원까지도 절약할 수 있다”고 밝혔다.더 놀라운 점은, 현재는 이벤트 기간으로 대환자금대출 신청시 발생하는 이자 비용까지 ‘0원’이라는 사실이다. 대환자금에 대해서 하루의 대출이자도 부담하지 않고 기존 고금리 대출을 저금리로 전환할 수 있어, 고금리 부담에 시달리던 투자자들에게 큰 호응을 얻을 전망이다.이 서비스는 부동산 시장에서 흔히 이용되던 대환대출 개념을 증권시장에 도입한 혁신적인 시도로, 주식 투자자들의 자금 운용에 새로운 대안을 제시할 것으로 기대된다.무빙스탁 ‘증권사 신용, 대환자금대출’의 비용 무료 이벤트는 이벤트 기간 동안 한정적으로 제공되는 만큼, 신용융자를 이용 중인 투자자라면 지금 바로 확인해볼 필요가 있다.★ 장마감 시간이 가까워질수록 문의가 많아 상담이 지연될 수 있습니다.★ 7월 문의하신 고객들이 많이 보유하신 종목으로는 삼성전자, POSCO홀딩스, 셀트리온, 포스코퓨처엠, 에코프로비엠, NAVER, 에코프로, 삼성SDI, LG화학, SK하이닉스, 두산에너빌리티, 카카오, SK이노베이션, LG에너지솔루션, 엘앤에프, 삼천당제약, 현대차, 알테오젠, HPSP, LG전자 등이 있습니다.★ 안내사항과도한 빚은 당신에게 큰 불행을 안겨줄 수 있습니다. 대출 시 신용등급 하락으로 다른 금융거래가 제약받을 수 있습니다. 중개수수료를 요구하거나 받는 것은 불법입니다.상호명: ㈜단비대부 2021-서울영등포-2102(대부업) | TEL: 1544-4886 | 대출금리: 연 20%이내(연체금리는 약정금리+3%p이내, 최대 연 20%이내) | 단, 2021. 7. 7.부터 신규체결, 갱신, 연장되는 계약에 한함 | 채무의 조기상환 조건 및 부대비용 없음. (단, 신용조회비용 및 담보권설정비용 있음), 이자 외 별도로 중개수수료를 요구하거나 수취하는 것은 불법입니다. | 대표이사: 박동원 | 사업자등록번호: 274-86-00231 | 등록기관명칭: 서울 영등포구청(담당부서: 일자리경제과, 02-2670-3420) | 소재지 : 서울 영등포구 여의대방로67길 11, 5층 517호 | 개인정보관리자메일: help@danbifund.co.kr무료상담",https://www.hankyung.com/article/202507210594a,2025.07.21 10:48
신용미수 반대매매 간편하게 당일 해결! 업계 최저 연 4%대 금리로 갈아타기!,,"투자자들 사이에서 ‘스탁론’에 대한 관심이 높아지고 있다. 스탁론은 자기자본 포함 최대 4배까지 활용 가능하며 증권사 신용/미수 대환 용도로도 활용 가능해 대표적인 레버리지 수단으로 자리잡은 상태다.그러나 DSR 한도가 스탁론에도 적용된 후 다른 대출, 소득 증빙 문제로 예전처럼 이용하기 어려워졌다. 이와 함께 높아진 금리도 스탁론 이용을 망설이게 만든 원인으로 꼽힌다.그러나 해결책은 있다. 21년 연속 스탁론 업계 1위를 지키고 있는 하이스탁론이 DSR 무관하게 이용할 수 있는 상품은 물론 연 4%대 최저금리로 이용 가능한 상품까지 취급하며 선택의 폭을 넓힌 것이다.




 

◆ 하이스탁론, 연 4%대 업계 최저금리로 추가 투자금은 물론 신용미수 대환까지!<하이스탁론>에서 누구나 부담 없이 스탁론을 경험할 수 있도록 연 4%대 최저금리 상품을 출시했다. 주식매입 용도는 물론 증권사 미수/신용 대환도 가능하며 신용등급 차등 없이 자기자본 포함 최대 4배까지 활용할 수 있다.이와 함께 DSR 한도 때문에 기존 스탁론 이용이 어려웠던 투자자들은 위한 DSR 무관 상품도 취급 중이다. 이 상품도 투자자들의 깊은 관심을 받으며 업계 최초로 5,000억원을 돌파했다.<하이스탁론>의 새로운 상품에 대해 자세히 알고 싶은 투자자는 고객상담센터(1599-0313)로 연락하면 대출 여부와 상관없이 24시간 언제든 전문상담원과 편리한 상담이 가능하다.○ 연 4%대 업계 최저금리 상품 출시○ DSR 무관 상품 취급 중 (업계 최초 5,000억 돌파)○ 21년 연속 시장 점유율 1위, 16년 연속 대한민국퍼스트브랜드 대상○ 증권사 신용/미수 실시간 상환, 한종목 100% 집중 투자○ 믿을 수 있는 상담품질보증제※하이스탁론상담센터 : 1599-0313바로가기:https://www.hisl.co.kr/0313◆ 현 시각 관심종목 Top 10 : 셀트리온, 알테오젠, 한미반도체, 현대차, 카카오, 세진중공업, 피아이이, 램테크놀러지, 그린생명과학, 케이씨티무료상담",https://www.hankyung.com/article/202505280992a,2025.05.29 13:05
"26일, 거래소 외국인 순매도상위에 전기,전자 업종 5종목",,"외국인 투자자는 26일 거래소에서 NAVER, 삼성전자, 현대차 등을 중점적으로 매도한 것으로 나타났다.외국인 투자자의 순매도 상위 20개 종목은 NAVER, 삼성전자, 현대차, 미래에셋증권, 한국전력, 삼성SDI, 삼성전기, SK스퀘어, 신한지주, 현대건설등이다.이중에 전기,전자 업종에 속한 종목이 5개 포함되어 있다.한국전력, 한국항공우주, DL이앤씨 등은 전일 대비 주가가 상승했고, NAVER, 삼성전자, 현대차 등은 주가가 하락했다.[06월26일]거래소 외국인 순매도 상위 종목한경로보뉴스이 기사는 한국경제신문과 금융 AI 전문기업 씽크풀이 공동 개발한 기사 자동생성 알고리즘에 의해 실시간으로 작성된 것입니다.",https://www.hankyung.com/article/202506262813L,2025.06.26 18:35
합리적 투자 필수! 증권사 신용대출 3%대 전환으로 이자 절감,,"전송종목 : 미래에셋벤처투자, SNT에너지, 월덱스, 에스앤에스텍, 해태제과식품




 

최근 주식 투자자들 사이에서 주식대출(미수/신용융자 등)의 고금리에 대한 부담이 커지고 있다.특히 저금리를 적용 받고 싶어도, 기존 대출을 상환하고 다시 주식을 매수해야 하는 번거로운 절차와 자금 조달의 어려움이 발목을 잡고 있다.이런 현실적인 문제를 해결하고자, 무빙스탁이 ‘증권사 신용, 대환자금대출’ 서비스를 전격 출시했다.이 상품은 주식을 매도하지 않고도, 기존의 고금리의 주식대출(미수/신용융자 등)의 3%대의 혁신적인 저금리 증권사로 전환할 수 있도록 상환자금을 제공하는 것이 핵심이다.무빙스탁 관계자는 “현재 증권사 이벤트 금리는 연 3%대 수준으로, 기존 9~10%대 고금리를 적용받는 투자자라면 절감 효과가 상당하다”며, 금리를 5%만 낮추면 “1억원 신용대출 기준으로 연간 약 500만원, 3억원이라면 1,500만원까지도 절약할 수 있다”고 밝혔다.더 놀라운 점은, 현재는 이벤트 기간으로 대환자금대출 신청시 발생하는 이자 비용까지 ‘0원’이라는 사실이다. 대환자금에 대해서 하루의 대출이자도 부담하지 않고 기존 고금리 대출을 저금리로 전환할 수 있어, 고금리 부담에 시달리던 투자자들에게 큰 호응을 얻을 전망이다.이 서비스는 부동산 시장에서 흔히 이용되던 대환대출 개념을 증권시장에 도입한 혁신적인 시도로, 주식 투자자들의 자금 운용에 새로운 대안을 제시할 것으로 기대된다.무빙스탁 ‘증권사 신용, 대환자금대출’의 비용 무료 이벤트는 이벤트 기간 동안 한정적으로 제공되는 만큼, 신용융자를 이용 중인 투자자라면 지금 바로 확인해볼 필요가 있다.★ 장마감 시간이 가까워질수록 문의가 많아 상담이 지연될 수 있습니다.★ 7월 문의하신 고객들이 많이 보유하신 종목으로는 삼성전자, POSCO홀딩스, 셀트리온, 포스코퓨처엠, 에코프로비엠, NAVER, 에코프로, 삼성SDI, LG화학, SK하이닉스, 두산에너빌리티, 카카오, SK이노베이션, LG에너지솔루션, 엘앤에프, 삼천당제약, 현대차, 알테오젠, HPSP, LG전자 등이 있습니다.★ 안내사항과도한 빚은 당신에게 큰 불행을 안겨줄 수 있습니다. 대출 시 신용등급 하락으로 다른 금융거래가 제약받을 수 있습니다. 중개수수료를 요구하거나 받는 것은 불법입니다.상호명: ㈜단비대부 2021-서울영등포-2102(대부업) | TEL: 1544-4886 | 대출금리: 연 20%이내(연체금리는 약정금리+3%p이내, 최대 연 20%이내) | 단, 2021. 7. 7.부터 신규체결, 갱신, 연장되는 계약에 한함 | 채무의 조기상환 조건 및 부대비용 없음. (단, 신용조회비용 및 담보권설정비용 있음), 이자 외 별도로 중개수수료를 요구하거나 수취하는 것은 불법입니다. | 대표이사: 박동원 | 사업자등록번호: 274-86-00231 | 등록기관명칭: 서울 영등포구청(담당부서: 일자리경제과, 02-2670-3420) | 소재지 : 서울 영등포구 여의대방로67길 11, 5층 517호 | 개인정보관리자메일: help@danbifund.co.kr무료상담",https://www.hankyung.com/article/202507160715a,2025.07.16 13:28
승부사들의 선택! 5년고정 연 4.9% 금리로 자금 운용 시작하자!,,"부자네스탁론이 특별 이벤트로 5년고정 연 4.9%의 저금리 스탁론 상품을 출시하면서 투자자들에게 화제가 되고 있다.5년고정 연 4.9%의 저금리 스탁론은 주요 증권사의 신용 금리로 알려진 8~9%대의 금리보다 훨씬 금리가 낮은 상품이다.스탁론 상품들은 증권사 신용보다 레버리지는 더 높고 담보유지비율은 더 낮아 투자 고수들 사이에서 잘 알려진 상품이다.미수나 반대매도를 해결해주는 대환대출상품, 한 종목 100% 집중투자 상품신용등급, 매수불가종목, D.S.R 등 주식투자자들의 고민을 완벽하게 해결해주는 솔루션을 제공하는부자네스탁론은 고객마다 가장 최적의 대출방법으로 해결해준다.-스탁론 D.S.R<총부채원리금상환비율> 고강도 규제에도! 문제없는 부자네스탁론!– 소득 낮고 기존 대출금액 많아도 계좌평가금액에 비례해서 대출가능!▶머니투데이 부자네스탁론① 5년고정 연 4.9% 금리의 최저금리 스탁론② 자기자본포함 최대 4배까지 레버리지 투자 가능③ 매수가능종목 100% 집중투자가능 (코스닥, 시가총액, 포트폴리오비율상관없이)④ 스탁론 전종목 1:1 매수상담문의 → 수익극대화⑤ 반대매도 임박 / 추가입금이 힘들다면? → 1:1 로스컷 전문상담⑥ D.S.R과 신용등급 낮.아.도 문제없이 매입/대환까지 가능!★ D.S.R비율, 신용등급 무관 저금리 부자네스탁 AM8:00~PM4:00 ☎1577-5852★ AM 8:00 부터 선착순 예약접수 http://www.bujane.co.kr/6월 고객들의 문의가 많은 종목은 한국화장품제조, 셀트리온, 에스퓨얼셀, 휴림로봇, 한국화장품 등이 있다.무료상담",https://www.hankyung.com/article/202506232199a,2025.06.23 13:48
"이자 부담은 최소로, 투자 효율은 최대로! 신용대출 3%대 활용법",,"전송종목 : 한국정보통신, 삐아, 엔에프씨, 프리시젼바이오, 애경산업최근 주식 투자자들 사이에서 주식대출(미수/신용융자 등)의 고금리에 대한 부담이 커지고 있다.특히 저금리를 적용 받고 싶어도, 기존 대출을 상환하고 다시 주식을 매수해야 하는 번거로운 절차와 자금 조달의 어려움이 발목을 잡고 있다.이런 현실적인 문제를 해결하고자, 무빙스탁이 ‘증권사 신용, 대환자금대출’ 서비스를 전격 출시했다.이 상품은 주식을 매도하지 않고도, 기존의 고금리의 주식대출(미수/신용융자 등)의 3%대의 혁신적인 저금리 증권사로 전환할 수 있도록 상환자금을 제공하는 것이 핵심이다.무빙스탁 관계자는 “현재 증권사 이벤트 금리는 연 3%대 수준으로, 기존 9~10%대 고금리를 적용받는 투자자라면 절감 효과가 상당하다”며, 금리를 5%만 낮추면 “1억원 신용대출 기준으로 연간 약 500만원, 3억원이라면 1,500만원까지도 절약할 수 있다”고 밝혔다.더 놀라운 점은, 현재는 이벤트 기간으로 대환자금대출 신청시 발생하는 이자 비용까지 ‘0원’이라는 사실이다. 대환자금에 대해서 하루의 대출이자도 부담하지 않고 기존 고금리 대출을 저금리로 전환할 수 있어, 고금리 부담에 시달리던 투자자들에게 큰 호응을 얻을 전망이다.이 서비스는 부동산 시장에서 흔히 이용되던 대환대출 개념을 증권시장에 도입한 혁신적인 시도로, 주식 투자자들의 자금 운용에 새로운 대안을 제시할 것으로 기대된다.무빙스탁 ‘증권사 신용, 대환자금대출’의 비용 무료 이벤트는 이벤트 기간 동안 한정적으로 제공되는 만큼, 신용융자를 이용 중인 투자자라면 지금 바로 확인해볼 필요가 있다.★ 장마감 시간이 가까워질수록 문의가 많아 상담이 지연될 수 있습니다.★ 6월 문의하신 고객들이 많이 보유하신 종목으로는 삼성전자, POSCO홀딩스, 셀트리온, 포스코퓨처엠, 에코프로비엠, NAVER, 에코프로, 삼성SDI, LG화학, SK하이닉스, 두산에너빌리티, 카카오, SK이노베이션, LG에너지솔루션, 엘앤에프, 삼천당제약, 현대차, 알테오젠, HPSP, LG전자 등이 있습니다.★ 안내사항과도한 빚은 당신에게 큰 불행을 안겨줄 수 있습니다. 대출 시 신용등급 하락으로 다른 금융거래가 제약받을 수 있습니다. 중개수수료를 요구하거나 받는 것은 불법입니다.상호명: ㈜단비대부 2021-서울영등포-2102(대부업) | TEL: 1544-4886 | 대출금리: 연 20%이내(연체금리는 약정금리+3%p이내, 최대 연 20%이내) | 단, 2021. 7. 7.부터 신규체결, 갱신, 연장되는 계약에 한함 | 채무의 조기상환 조건 및 부대비용 없음. (단, 신용조회비용 및 담보권설정비용 있음), 이자 외 별도로 중개수수료를 요구하거나 수취하는 것은 불법입니다. | 대표이사: 박동원 | 사업자등록번호: 274-86-00231 | 등록기관명칭: 서울 영등포구청(담당부서: 일자리경제과, 02-2670-3420) | 소재지 : 서울 영등포구 여의대방로67길 11, 5층 517호 | 개인정보관리자메일: help@danbifund.co.kr무료상담",https://www.hankyung.com/article/202506232189a,2025.06.23 09:58
K-제약·바이오 업황 회복 기대…국내기업 실적 서프라이즈에 전방위 랠리 이어져,,"최근 국내 제약·바이오 업종은 글로벌 실적 회복 기대와 기술 수출 성과가 맞물리며 상승 분위기를 이어가고 있다. 지난 1분기 국내 상장 제약·바이오기업의 절반 이상이 매출 증가세를 달성했으며, 영업이익 증가율은 평균 58.6%에 달했다. 특히 매출과 이익 모두 두 자릿수 상승을 기록한 기업이 약 60%에 달해 전반적인 사업 체력이 회복되고 있다는 평가가 나온다.이러한 흐름의 중심에는 신약 파이프라인 경쟁 심화가 있다. 특히 GLP-1 기반 비만·당뇨 치료제, JAK 억제제 및 면역항암제 등 혁신 제품의 임상과 상용화가 본격화되며 관련 국내 기업들의 주가가 동반 강세를 보이고 있다. 여기에 미국 FDA 심사 지연과 가격 인하 리스크가 일부 해소된 점도 투자 심리 개선에 기여했다.또한 주요 상장사 7곳의 상반기 매출 합계는 약 8조 7,280억 원에 이르는 등, 업계 대표 종목들의 실적 견조함도 분위기 띄우기에 한몫하고 있다. 삼성바이오로직스, 셀트리온, 유한양행, 한미약품 등 주요 기업들이 고른 성장을 보였고, 특히 CDMO(위탁생산)와 기술수출을 통한 라이선스 수익 증가가 실질적인 성장 요인으로 작용했다.이로 인해 제약·바이오 업종은 구조적 반등 국면에 진입했다는 진단이 시장에서 확산되고 있다. 오죽하면 업계 전체가 “2분기 실적 훈풍 예고”라는 평가를 받을 정도로 기대감이 커졌다. 다만 전문가들은 글로벌 금리·관세, 약가 정책 리스크는 여전히 변수로 남아있으며, 특히 기술 수출 계약 실현, 파이프라인 성숙 여부, 글로벌 임상 결과 등에 따라 단기 변동성도 충분히 가능하다고 지적한다.결국 최근 제약·바이오 업종 랠리는 ▶매출·영업익 회복을 동반한 실적 서프라이즈 ▶혁신 신약 파이프라인 기반 기술수출 기대 ▶CDMO 등 구조적 사업 성장 흐름의 삼중 결합이 원동력이다. 투자자들은 향후 주요 빅파마 실적 발표, 국내 개발사 임상 성과, 글로벌 정책 변화 등을 중심으로 얽힌 실질 모멘텀의 지속 여부를 면밀히 관찰하는 전략이 유효할 것으로 보인다.신성에스티, 미트박스, 한국가스공사, 한국항공우주, 크래프톤무료상담",https://www.hankyung.com/article/202507174088a,2025.07.17 14:23
고금리 이자 폭탄 피하는 법! 증권사 대출 3%대로 줄이기,,"전송종목 : 원일티엔아이, 케이엔알시스템, 한화, 아미노로직스, 에르코스최근 주식 투자자들 사이에서 주식대출(미수/신용융자 등)의 고금리에 대한 부담이 커지고 있다.특히 저금리를 적용 받고 싶어도, 기존 대출을 상환하고 다시 주식을 매수해야 하는 번거로운 절차와 자금 조달의 어려움이 발목을 잡고 있다.이런 현실적인 문제를 해결하고자, 무빙스탁이 ‘증권사 신용, 대환자금대출’ 서비스를 전격 출시했다.이 상품은 주식을 매도하지 않고도, 기존의 고금리의 주식대출(미수/신용융자 등)의 3%대의 혁신적인 저금리 증권사로 전환할 수 있도록 상환자금을 제공하는 것이 핵심이다.무빙스탁 관계자는 “현재 증권사 이벤트 금리는 연 3%대 수준으로, 기존 9~10%대 고금리를 적용받는 투자자라면 절감 효과가 상당하다”며, 금리를 5%만 낮추면 “1억원 신용대출 기준으로 연간 약 500만원, 3억원이라면 1,500만원까지도 절약할 수 있다”고 밝혔다.더 놀라운 점은, 현재는 이벤트 기간으로 대환자금대출 신청시 발생하는 이자 비용까지 ‘0원’이라는 사실이다. 대환자금에 대해서 하루의 대출이자도 부담하지 않고 기존 고금리 대출을 저금리로 전환할 수 있어, 고금리 부담에 시달리던 투자자들에게 큰 호응을 얻을 전망이다.이 서비스는 부동산 시장에서 흔히 이용되던 대환대출 개념을 증권시장에 도입한 혁신적인 시도로, 주식 투자자들의 자금 운용에 새로운 대안을 제시할 것으로 기대된다.무빙스탁 ‘증권사 신용, 대환자금대출’의 비용 무료 이벤트는 이벤트 기간 동안 한정적으로 제공되는 만큼, 신용융자를 이용 중인 투자자라면 지금 바로 확인해볼 필요가 있다.★ 장마감 시간이 가까워질수록 문의가 많아 상담이 지연될 수 있습니다.★ 6월 문의하신 고객들이 많이 보유하신 종목으로는 삼성전자, POSCO홀딩스, 셀트리온, 포스코퓨처엠, 에코프로비엠, NAVER, 에코프로, 삼성SDI, LG화학, SK하이닉스, 두산에너빌리티, 카카오, SK이노베이션, LG에너지솔루션, 엘앤에프, 삼천당제약, 현대차, 알테오젠, HPSP, LG전자 등이 있습니다.★ 안내사항과도한 빚은 당신에게 큰 불행을 안겨줄 수 있습니다. 대출 시 신용등급 하락으로 다른 금융거래가 제약받을 수 있습니다. 중개수수료를 요구하거나 받는 것은 불법입니다.상호명: ㈜단비대부 2021-서울영등포-2102(대부업) | TEL: 1544-4886 | 대출금리: 연 20%이내(연체금리는 약정금리+3%p이내, 최대 연 20%이내) | 단, 2021. 7. 7.부터 신규체결, 갱신, 연장되는 계약에 한함 | 채무의 조기상환 조건 및 부대비용 없음. (단, 신용조회비용 및 담보권설정비용 있음), 이자 외 별도로 중개수수료를 요구하거나 수취하는 것은 불법입니다. | 대표이사: 박동원 | 사업자등록번호: 274-86-00231 | 등록기관명칭: 서울 영등포구청(담당부서: 일자리경제과, 02-2670-3420) | 소재지 : 서울 영등포구 여의대방로67길 11, 5층 517호 | 개인정보관리자메일: help@danbifund.co.kr무료상담",https://www.hankyung.com/article/202506307475a,2025.06.30 09:58
고금리 OUT! 증권사 신용대출 3%대로 전환하는 방법,,"전송종목 : 대주전자재료, 제우스, 전진건설로봇, 가비아, 동양이엔피최근 주식 투자자들 사이에서 주식대출(미수/신용융자 등)의 고금리에 대한 부담이 커지고 있다.특히 저금리를 적용 받고 싶어도, 기존 대출을 상환하고 다시 주식을 매수해야 하는 번거로운 절차와 자금 조달의 어려움이 발목을 잡고 있다.이런 현실적인 문제를 해결하고자, 무빙스탁이 ‘증권사 신용, 대환자금대출’ 서비스를 전격 출시했다.이 상품은 주식을 매도하지 않고도, 기존의 고금리의 주식대출(미수/신용융자 등)의 3%대의 혁신적인 저금리 증권사로 전환할 수 있도록 상환자금을 제공하는 것이 핵심이다.무빙스탁 관계자는 “현재 증권사 이벤트 금리는 연 3%대 수준으로, 기존 9~10%대 고금리를 적용받는 투자자라면 절감 효과가 상당하다”며, 금리를 5%만 낮추면 “1억원 신용대출 기준으로 연간 약 500만원, 3억원이라면 1,500만원까지도 절약할 수 있다”고 밝혔다.더 놀라운 점은, 현재는 이벤트 기간으로 대환자금대출 신청시 발생하는 이자 비용까지 ‘0원’이라는 사실이다. 대환자금에 대해서 하루의 대출이자도 부담하지 않고 기존 고금리 대출을 저금리로 전환할 수 있어, 고금리 부담에 시달리던 투자자들에게 큰 호응을 얻을 전망이다.이 서비스는 부동산 시장에서 흔히 이용되던 대환대출 개념을 증권시장에 도입한 혁신적인 시도로, 주식 투자자들의 자금 운용에 새로운 대안을 제시할 것으로 기대된다.무빙스탁 ‘증권사 신용, 대환자금대출’의 비용 무료 이벤트는 이벤트 기간 동안 한정적으로 제공되는 만큼, 신용융자를 이용 중인 투자자라면 지금 바로 확인해볼 필요가 있다.★ 장마감 시간이 가까워질수록 문의가 많아 상담이 지연될 수 있습니다.★ 7월 문의하신 고객들이 많이 보유하신 종목으로는 삼성전자, POSCO홀딩스, 셀트리온, 포스코퓨처엠, 에코프로비엠, NAVER, 에코프로, 삼성SDI, LG화학, SK하이닉스, 두산에너빌리티, 카카오, SK이노베이션, LG에너지솔루션, 엘앤에프, 삼천당제약, 현대차, 알테오젠, HPSP, LG전자 등이 있습니다.★ 안내사항과도한 빚은 당신에게 큰 불행을 안겨줄 수 있습니다. 대출 시 신용등급 하락으로 다른 금융거래가 제약받을 수 있습니다. 중개수수료를 요구하거나 받는 것은 불법입니다.상호명: ㈜단비대부 2021-서울영등포-2102(대부업) | TEL: 1544-4886 | 대출금리: 연 20%이내(연체금리는 약정금리+3%p이내, 최대 연 20%이내) | 단, 2021. 7. 7.부터 신규체결, 갱신, 연장되는 계약에 한함 | 채무의 조기상환 조건 및 부대비용 없음. (단, 신용조회비용 및 담보권설정비용 있음), 이자 외 별도로 중개수수료를 요구하거나 수취하는 것은 불법입니다. | 대표이사: 박동원 | 사업자등록번호: 274-86-00231 | 등록기관명칭: 서울 영등포구청(담당부서: 일자리경제과, 02-2670-3420) | 소재지 : 서울 영등포구 여의대방로67길 11, 5층 517호 | 개인정보관리자메일: help@danbifund.co.kr무료상담",https://www.hankyung.com/article/202507158104a,2025.07.15 13:08
"이자 부담은 최소로, 투자 효율은 최대로! 신용대출 3%대 활용법",,"전송종목 : HD현대, HD현대일렉트릭, HD현대건설기계, 오리온, 일진하이솔루스최근 주식 투자자들 사이에서 주식대출(미수/신용융자 등)의 고금리에 대한 부담이 커지고 있다.특히 저금리를 적용 받고 싶어도, 기존 대출을 상환하고 다시 주식을 매수해야 하는 번거로운 절차와 자금 조달의 어려움이 발목을 잡고 있다.이런 현실적인 문제를 해결하고자, 무빙스탁이 ‘증권사 신용, 대환자금대출’ 서비스를 전격 출시했다.이 상품은 주식을 매도하지 않고도, 기존의 고금리의 주식대출(미수/신용융자 등)의 3%대의 혁신적인 저금리 증권사로 전환할 수 있도록 상환자금을 제공하는 것이 핵심이다.무빙스탁 관계자는 “현재 증권사 이벤트 금리는 연 3%대 수준으로, 기존 9~10%대 고금리를 적용받는 투자자라면 절감 효과가 상당하다”며, 금리를 5%만 낮추면 “1억원 신용대출 기준으로 연간 약 500만원, 3억원이라면 1,500만원까지도 절약할 수 있다”고 밝혔다.더 놀라운 점은, 현재는 이벤트 기간으로 대환자금대출 신청시 발생하는 이자 비용까지 ‘0원’이라는 사실이다. 대환자금에 대해서 하루의 대출이자도 부담하지 않고 기존 고금리 대출을 저금리로 전환할 수 있어, 고금리 부담에 시달리던 투자자들에게 큰 호응을 얻을 전망이다.이 서비스는 부동산 시장에서 흔히 이용되던 대환대출 개념을 증권시장에 도입한 혁신적인 시도로, 주식 투자자들의 자금 운용에 새로운 대안을 제시할 것으로 기대된다.무빙스탁 ‘증권사 신용, 대환자금대출’의 비용 무료 이벤트는 이벤트 기간 동안 한정적으로 제공되는 만큼, 신용융자를 이용 중인 투자자라면 지금 바로 확인해볼 필요가 있다.★ 장마감 시간이 가까워질수록 문의가 많아 상담이 지연될 수 있습니다.★ 7월 문의하신 고객들이 많이 보유하신 종목으로는 삼성전자, POSCO홀딩스, 셀트리온, 포스코퓨처엠, 에코프로비엠, NAVER, 에코프로, 삼성SDI, LG화학, SK하이닉스, 두산에너빌리티, 카카오, SK이노베이션, LG에너지솔루션, 엘앤에프, 삼천당제약, 현대차, 알테오젠, HPSP, LG전자 등이 있습니다.★ 안내사항과도한 빚은 당신에게 큰 불행을 안겨줄 수 있습니다. 대출 시 신용등급 하락으로 다른 금융거래가 제약받을 수 있습니다. 중개수수료를 요구하거나 받는 것은 불법입니다.상호명: ㈜단비대부 2021-서울영등포-2102(대부업) | TEL: 1544-4886 | 대출금리: 연 20%이내(연체금리는 약정금리+3%p이내, 최대 연 20%이내) | 단, 2021. 7. 7.부터 신규체결, 갱신, 연장되는 계약에 한함 | 채무의 조기상환 조건 및 부대비용 없음. (단, 신용조회비용 및 담보권설정비용 있음), 이자 외 별도로 중개수수료를 요구하거나 수취하는 것은 불법입니다. | 대표이사: 박동원 | 사업자등록번호: 274-86-00231 | 등록기관명칭: 서울 영등포구청(담당부서: 일자리경제과, 02-2670-3420) | 소재지 : 서울 영등포구 여의대방로67길 11, 5층 517호 | 개인정보관리자메일: help@danbifund.co.kr무료상담",https://www.hankyung.com/article/202507096256a,2025.07.09 08:43
"주식 매도 없이 신용이자 연 1,500만 원 줄이는 비법",,"전송종목 : 동아지질, NICE평가정보, 한글과컴퓨터, 원익홀딩스, 서울보증보험최근 주식 투자자들 사이에서 주식대출(미수/신용융자 등)의 고금리에 대한 부담이 커지고 있다.특히 저금리를 적용 받고 싶어도, 기존 대출을 상환하고 다시 주식을 매수해야 하는 번거로운 절차와 자금 조달의 어려움이 발목을 잡고 있다.이런 현실적인 문제를 해결하고자, 무빙스탁이 ‘증권사 신용, 대환자금대출’ 서비스를 전격 출시했다.이 상품은 주식을 매도하지 않고도, 기존의 고금리의 주식대출(미수/신용융자 등)의 3%대의 혁신적인 저금리 증권사로 전환할 수 있도록 상환자금을 제공하는 것이 핵심이다.무빙스탁 관계자는 “현재 증권사 이벤트 금리는 연 3%대 수준으로, 기존 9~10%대 고금리를 적용받는 투자자라면 절감 효과가 상당하다”며, 금리를 5%만 낮추면 “1억원 신용대출 기준으로 연간 약 500만원, 3억원이라면 1,500만원까지도 절약할 수 있다”고 밝혔다.더 놀라운 점은, 현재는 이벤트 기간으로 대환자금대출 신청시 발생하는 이자 비용까지 ‘0원’이라는 사실이다. 대환자금에 대해서 하루의 대출이자도 부담하지 않고 기존 고금리 대출을 저금리로 전환할 수 있어, 고금리 부담에 시달리던 투자자들에게 큰 호응을 얻을 전망이다.이 서비스는 부동산 시장에서 흔히 이용되던 대환대출 개념을 증권시장에 도입한 혁신적인 시도로, 주식 투자자들의 자금 운용에 새로운 대안을 제시할 것으로 기대된다.무빙스탁 ‘증권사 신용, 대환자금대출’의 비용 무료 이벤트는 이벤트 기간 동안 한정적으로 제공되는 만큼, 신용융자를 이용 중인 투자자라면 지금 바로 확인해볼 필요가 있다.★ 장마감 시간이 가까워질수록 문의가 많아 상담이 지연될 수 있습니다.★ 7월 문의하신 고객들이 많이 보유하신 종목으로는 삼성전자, POSCO홀딩스, 셀트리온, 포스코퓨처엠, 에코프로비엠, NAVER, 에코프로, 삼성SDI, LG화학, SK하이닉스, 두산에너빌리티, 카카오, SK이노베이션, LG에너지솔루션, 엘앤에프, 삼천당제약, 현대차, 알테오젠, HPSP, LG전자 등이 있습니다.★ 안내사항과도한 빚은 당신에게 큰 불행을 안겨줄 수 있습니다. 대출 시 신용등급 하락으로 다른 금융거래가 제약받을 수 있습니다. 중개수수료를 요구하거나 받는 것은 불법입니다.상호명: ㈜단비대부 2021-서울영등포-2102(대부업) | TEL: 1544-4886 | 대출금리: 연 20%이내(연체금리는 약정금리+3%p이내, 최대 연 20%이내) | 단, 2021. 7. 7.부터 신규체결, 갱신, 연장되는 계약에 한함 | 채무의 조기상환 조건 및 부대비용 없음. (단, 신용조회비용 및 담보권설정비용 있음), 이자 외 별도로 중개수수료를 요구하거나 수취하는 것은 불법입니다. | 대표이사: 박동원 | 사업자등록번호: 274-86-00231 | 등록기관명칭: 서울 영등포구청(담당부서: 일자리경제과, 02-2670-3420) | 소재지 : 서울 영등포구 여의대방로67길 11, 5층 517호 | 개인정보관리자메일: help@danbifund.co.kr무료상담",https://www.hankyung.com/article/202507111592a,2025.07.11 10:28
"[속보] 코스피, 3년5개월 만에 장중 3000선 돌파",코스닥도 '상승',"코스피가 개인 매수세에 힘입어 3000선을 돌파한 20일 오전 서울 중구 하나은행 본점 딜링룸 전광판에 코스피 지수가 표시되고 있다. /사진=뉴스1

                코스피지수가 새 정부 증시 부양 기대감에 장중 3000선 탈환에 성공했다. 20일 오전 11시 현재 코스피는 전일 대비 25.65포인트(0.86%) 오른 3003.39를 가리키고 있다. 장 초반 2970선에 머무르던 코스피는 점차 우상향하더니 10시46분께 3000선을 돌파했다. 코스피지수가 장중 3000선을 웃돈 건 코로나19 팬데믹 기간이었던 2022년 1월3일(장중 3010.77) 이후 3년5개월여 만에 처음이다. 코스피지수는 대선 직후인 지난 4일부터 이날까지 하루를 제외하고 상승 흐름을 이어왔다. 코스피지수 전고점은 문재인 정부 당시였던 2021년 6월25일(장중 3316.08) 3300선이다.'큰손' 외국인과 기관의 매수세가 유입되고 있다. 11시 현재 이들은 유가증권시장에서 35억원, 77억원을 순매수하고 있다. 장 초반 매도 우위를 보였지만, 점차 매수량을 늘려가며 순매수 전환했다. 개인도 70억원 순매수 중이다. 시가총액 상위주도 대부분 강세를 보이고 있다. SK하이닉스(3.05%), LG에너지솔루션(2.92%), HD현대중공업(2.32%), 셀트리온(1.62%), 삼성바이오로직스(1.5%)가 모두 빨간불을 켰다.코스닥 지수도 동반 상승하고 있다. 같은 시각 코스닥 지수는 전일 대비 6.18포인트(0.79%) 오른 788.69를 가리키고 있다. 장 초반 잠시 하락 전환했던 코스닥은 우상향하는 흐름을 보이고 있다.코스닥 시장에서 개인과 기관은 각각 214억원, 145억원을 순매수하고 있다. 외국인은 242억원을 순매도하고 있다. 다만 장 초반에 비해 순매도 규모는 줄었다. 레인보우로보틱스(6.96%), 삼천당제약(5.21%), 에코프로비엠(3.85%), 파마리서치(2.43%) 등 코스닥 시총 상위주도 상승 곡선을 그리고 있다. 원·달러 환율은 1372.9원을 가리키고 있다.진영기 한경닷컴 기자 young71@hankyung.com",https://www.hankyung.com/article/2025062080006,2025.06.20 10:46
K바이오시밀러…1위 미국과 어깨,"작년 FDA서 승인된 복제약
美 이어 2번째로 많이 보유
셀트리온, 램시마 유럽서 1위","한국이 글로벌 바이오시밀러(바이오의약품 복제약) 시장에서 미국과 양강 구도를 형성하고 있다. 고난도 제조 기술과 글로벌 허가 경험, 탄탄한 공급망을 기반으로 세계 바이오시밀러 시장 지배력을 높이고 있다.16일 업계에 따르면 올해 1분기 미국식품의약국(FDA)이 승인한 바이오시밀러는 총 5개다. 이 중 4개가 한국 기업(셀트리온 3개, 삼성바이오에피스 1개) 제품으로 전체의 80%를 차지했다. 2024년 말 기준 누적 승인 건수는 한국이 14개로, 미국(26개)에 이어 세계 2위다. 스위스(6개), 독일·인도(각 5개), 일본·중국·대만(각 1개) 등 주요국과 비교해도 압도적인 수치다. 글로벌 바이오시밀러 시장에서 한국은 미국과 함께 개발부터 허가까지 주도하고 있다.시장 점유율에서도 성과가 뚜렷하다. 셀트리온은 유럽에서 램시마 제품군으로 오리지널 의약품 레미케이드를 대체하며 71%의 점유율로 1위를 유지하고 있다. 유플라이마는 출시 2년 만에 점유율 21%를 기록하며 선두권에 진입했고, 트룩시마와 허쥬마는 각각 약 30%, 베그젤마는 28%로 모두 시장 1위를 차지하고 있다. 삼성바이오에피스도 프랑스(70%)와 독일(52%)에서 자가면역질환 치료제 ‘에피스클리’를 앞세워 희소질환 치료제 시장을 주도하고 있다.이런 성과는 단기간에 이뤄진 것이 아니다. 세계 최초의 항체 바이오시밀러가 바로 한국산이다. 셀트리온은 자가면역질환 치료제 레미케이드의 바이오시밀러 램시마를 개발해 2012년 7월 식품의약품안전처로부터 처음으로 허가를 받았다. 이후 2013년 유럽의약품청(EMA), 2016년 FDA 승인을 잇따라 획득했다.램시마 성공 이후 글로벌 제약사도 속속 이 시장에 진입했다. 화이자, 암젠, 노바티스, 로슈 등이 잇따라 항체 바이오시밀러 개발에 나서며 시장이 본격 개화했다. 이 성공을 계기로 삼성그룹은 바이오산업을 차세대 성장동력으로 선언했고, 바이오시밀러는 국가 전략산업으로 격상됐다.김유림 기자 youforest@hankyung.com",https://www.hankyung.com/article/2025061686671,2025.06.16 18:06
"인천시·인하대 ""바이오 전문인력 육성 나선다""...국비 116억 확보",,"인하대

                인하대는 정부의 ‘첨단산업 특성화 대학 재정지원 사업’에 선정돼 국비 116억원을 확보했다.인천시는 매칭 예산을 투입해 인하대의 바이오 분야 전문인 양성교육사업에 힘을 보태기로 했다.16일 인천시와 인하대에 따르면, 올해 신설된 인하대 첨단바이오의약학과의 바이오 교육 프로그램을 강화해 4년 동안 총 280명의 바이오산업 전문 인력을 양성한다.인공지능(AI) 기반의 바이오공정 융합 전공을 운영해 바이오산업 현장에서 즉시 활용할 수 있는 융합형 전문 인재 육성이 목표다.교육과정은 산업계 수요를 반영한 실무 중심으로 구성될 것으로 전망된다. K-NIBRT(한국형 바이오공정연구소) 기반의 실습 프로그램과 글로벌 장비 기업과 연계한 비교과 교육과정도 함께 운영된다.바이오 공정 교육 전문 건물을 증축해 첨단 실습시설을 확충하고 실습 중심의 차세대 교육환경도 조성한다. 시와 인하대는 삼성바이오로직스와 셀트리온 등 지역의 바이오기업과 연계해 산·학·연·병 협력체계도 구축하기로 했다.시는 인천 바이오 국가첨단전략산업 특화단지에 있는 바이오 전문기업들과 협력하면 지역 바이오산업 생태계에 긍정적인 영향을 미칠 것으로 기대하고 있다.인천시 관계자는 ""지역 기업들이 필요로 하는 바이오 전문 인재를 안정적으로 공급할 수 있는 기반을 마련했다는 점에서 의미가 크다""고 말했다.인천=강준완 기자",https://www.hankyung.com/article/202506166994h,2025.06.16 10:12
"27일, 거래소 기관 순매도상위에 전기,전자 업종 6종목",,"기관 투자자는 27일 거래소에서 셀트리온, NAVER, LG에너지솔루션 등을 중점적으로 매도한 것으로 나타났다.기관 투자자의 순매도 상위 20개 종목은 셀트리온, NAVER, LG에너지솔루션, 한화오션, 현대차, LG전자, 삼성전기, TIGER 미국S&P500, 포스코퓨처엠, 한국항공우주등이다.이중에 전기,전자 업종에 속한 종목이 6개 포함되어 있다.셀트리온, TIGER 미국S&P500, 한국항공우주 등은 전일 대비 주가가 상승했고, NAVER, LG에너지솔루션, 한화오션 등은 주가가 하락했다.[05월27일]거래소 기관 순매도 상위 종목한경로보뉴스이 기사는 한국경제신문과 금융 AI 전문기업 씽크풀이 공동 개발한 기사 자동생성 알고리즘에 의해 실시간으로 작성된 것입니다.",https://www.hankyung.com/article/202505279337L,2025.05.27 18:35
"한화시스템, 기술 모멘텀 속 소폭 하락…중장기 기대는 유지",,"한화시스템이 최근 이어진 반등 흐름 이후, 11일 증시에서 장 초반 소폭 하락하며 숨 고르기 양상을 보였다. 시장에서는 단기 급등에 따른 차익 실현성 매물이 출회된 것으로 해석하고 있으며, 중장기 성장 모멘텀에 대한 기대는 여전히 유효하다는 분석이 나온다.방산과 ICT 부문에서 안정적인 실적 개선세가 이어지고 있는 가운데, 인공지능 기반의 전투관리체계, 전장플랫폼 등 첨단 방산 기술에 대한 시장의 주목도는 높아지고 있다. 특히 KAIST, SNU, 네이버클라우드와의 협업을 통해 AI 국산화 생태계 구축에 나서고 있는 점은 향후 기술 기반 성장 전략의 핵심으로 꼽힌다.최근 국내 방산업 전시회에서 선보인 AI 기반 차세대 전투 시스템은 업계의 긍정적인 반응을 얻은 바 있으며, 수출 가능성과 함께 관련 사업 확장에 대한 기대도 형성되고 있다. 이에 따라 일부 증권가는 한화시스템의 목표주가를 상향 조정하며, 밸류에이션 매력과 기술 모멘텀을 함께 언급하기도 했다.다만 단기적으로는 전일 대비 주가가 소폭 하락하면서 조정 국면에 진입한 모습이다. 이는 강세 흐름 이후 부담이 쌓인 기술적 매물 소화 과정으로, 뚜렷한 부정적 요인보다는 투자자들의 이익 실현 성격이 강한 것으로 분석된다.증권업계 관계자는 “한화시스템은 단기 조정 국면이지만, 방산·AI 분야에서의 전략적 포지셔닝과 실적 개선 가능성을 고려할 때 중장기적인 시각이 여전히 유효하다”며 “기술 상용화 진척도와 글로벌 수요 확대 여부가 향후 주가 흐름의 열쇠가 될 것”이라고 말했다.이번 조정은 일시적 숨 고르기로 해석되는 가운데, 시장은 여전히 한화시스템의 구조적 성장성에 주목하고 있다.HD현대일렉트릭, 셀트리온, 에코프로머티, 유한양행, LG에너지솔루션무료상담",https://www.hankyung.com/article/202507112045a,2025.07.11 13:53
조선업 관련주의 이것이 궁금하다?,,"조선업 관련주는 트럼프수혜주로 꼽히는 업종이다. 이에 따라 조선업 관련주에 투자자들이 주목하고 있다. 이에 따라 조선업의 신용융자현황의 궁금증도 크게 궁금해하는 모습이다.특히 주식 투자자들에게 신용융자현황은 시장이나 주식이 크게 변동할 때 참고해야 할 지표로 꼽히고 있다.조선업 주요종목들의 신용융자잔고 현황은 아래와 같다.공여율: 하루 거래량 중 신용융자거래가 차지하는 비중잔고비율: 상장된 총 주식 신용융자로 매수한 주식 수량의 비율




 

삼성중공업 신용융자잔고 11,923,704주, 잔고비율 1.35%, 공여비율 15.15%한화오션 신용융자잔고 4,101,677주, 잔고비율 1.33%, 공여비율 23.77%HD현대미포 신용융자잔고 402,222주, 잔고비율 1.00%, 공여비율 15.87%HD현대중공업 신용융자잔고 146,182주, 잔고비율 0.16%, 공여비율 %HD한국조선해양 신용융자잔고 235,606주, 잔고비율 0.33%, 공여비율 17.95%(5월 23일 기준)LS ELECTRIC, 에코프로머티, 하이브, 셀트리온제약, 삼성전기무료상담",https://www.hankyung.com/article/202505265002a,2025.05.26 10:13
합리적 투자 필수! 증권사 신용대출 3%대 전환으로 이자 절감,,"전송종목 : 하나금융지주, 한화생명, 아모레퍼시픽, 후성, SK이노베이션최근 주식 투자자들 사이에서 주식대출(미수/신용융자 등)의 고금리에 대한 부담이 커지고 있다.특히 저금리를 적용 받고 싶어도, 기존 대출을 상환하고 다시 주식을 매수해야 하는 번거로운 절차와 자금 조달의 어려움이 발목을 잡고 있다.이런 현실적인 문제를 해결하고자, 무빙스탁이 ‘증권사 신용, 대환자금대출’ 서비스를 전격 출시했다.이 상품은 주식을 매도하지 않고도, 기존의 고금리의 주식대출(미수/신용융자 등)의 3%대의 혁신적인 저금리 증권사로 전환할 수 있도록 상환자금을 제공하는 것이 핵심이다.무빙스탁 관계자는 “현재 증권사 이벤트 금리는 연 3%대 수준으로, 기존 9~10%대 고금리를 적용받는 투자자라면 절감 효과가 상당하다”며, 금리를 5%만 낮추면 “1억원 신용대출 기준으로 연간 약 500만원, 3억원이라면 1,500만원까지도 절약할 수 있다”고 밝혔다.더 놀라운 점은, 현재는 이벤트 기간으로 대환자금대출 신청시 발생하는 이자 비용까지 ‘0원’이라는 사실이다. 대환자금에 대해서 하루의 대출이자도 부담하지 않고 기존 고금리 대출을 저금리로 전환할 수 있어, 고금리 부담에 시달리던 투자자들에게 큰 호응을 얻을 전망이다.이 서비스는 부동산 시장에서 흔히 이용되던 대환대출 개념을 증권시장에 도입한 혁신적인 시도로, 주식 투자자들의 자금 운용에 새로운 대안을 제시할 것으로 기대된다.무빙스탁 ‘증권사 신용, 대환자금대출’의 비용 무료 이벤트는 이벤트 기간 동안 한정적으로 제공되는 만큼, 신용융자를 이용 중인 투자자라면 지금 바로 확인해볼 필요가 있다.★ 장마감 시간이 가까워질수록 문의가 많아 상담이 지연될 수 있습니다.★ 7월 문의하신 고객들이 많이 보유하신 종목으로는 삼성전자, POSCO홀딩스, 셀트리온, 포스코퓨처엠, 에코프로비엠, NAVER, 에코프로, 삼성SDI, LG화학, SK하이닉스, 두산에너빌리티, 카카오, SK이노베이션, LG에너지솔루션, 엘앤에프, 삼천당제약, 현대차, 알테오젠, HPSP, LG전자 등이 있습니다.★ 안내사항과도한 빚은 당신에게 큰 불행을 안겨줄 수 있습니다. 대출 시 신용등급 하락으로 다른 금융거래가 제약받을 수 있습니다. 중개수수료를 요구하거나 받는 것은 불법입니다.상호명: ㈜단비대부 2021-서울영등포-2102(대부업) | TEL: 1544-4886 | 대출금리: 연 20%이내(연체금리는 약정금리+3%p이내, 최대 연 20%이내) | 단, 2021. 7. 7.부터 신규체결, 갱신, 연장되는 계약에 한함 | 채무의 조기상환 조건 및 부대비용 없음. (단, 신용조회비용 및 담보권설정비용 있음), 이자 외 별도로 중개수수료를 요구하거나 수취하는 것은 불법입니다. | 대표이사: 박동원 | 사업자등록번호: 274-86-00231 | 등록기관명칭: 서울 영등포구청(담당부서: 일자리경제과, 02-2670-3420) | 소재지 : 서울 영등포구 여의대방로67길 11, 5층 517호 | 개인정보관리자메일: help@danbifund.co.kr무료상담",https://www.hankyung.com/article/202507235735a,2025.07.23 08:43
저가 매수의 기회를 수익금 4배로 불릴 기회는?,,"부자네스탁론이 새롭게 선보인 스탁론 상품이 투자자들 사이에서 화제를 모으고 있다. 해당 상품은 본인자산포함 4배로 투자 가능, 담보유지비율 120%의 유연한 조건과 다양한 투자 솔루션을 앞세워 증권사 신용, 담보대출 대비 높은 활용도를 자랑한다.일반적으로 증권사 신용융자에 비해 더 높은 레버리지와 더 낮은 담보유지비율을 제공하는 스탁론은, 투자 고수들 사이에서 이미 널리 알려진 수단이다. 부자네스탁론은 여기에 더해 미수금이나 반대매매 위험을 해결해주는 대환대출 상품, 투자 기회를 살리고 싶어하는 전략적 투자자들을 위한 다양한 서비스를 제공한다.또한 신용, 주식담보대출 이용불가 종목, 총부채원리금상환비율(D.S.R) 같은 규제 이슈로 제약을 받아온 투자자들에게도 계좌 평가금액 기준으로 맞춤형 대출이 가능하도록 설계되어 실질적인 해결책이 되고 있다.부자네스탁론은 “고객 한 명 한 명의 투자 상황에 맞춰 최적의 대출 방법을 제공하고 있다”며, “강화된 금융 규제 환경 속에서도 투자자들의 기회를 넓히는 데 최선을 다하겠다”고 밝혔다.-스탁론 D.S.R<총부채원리금상환비율> 고강도 규제에도! 문제없는 부자네스탁론!– 소득 낮고 기존 대출금액 많아도 계좌평가금액에 비례해서 대출가능!– 본인자산 포함 4배끼지 투자 가능!▶머니투데이 부자네스탁론① 5년 고정금리로 금리인상 걱정없이 운용 가능② 자기자본포함 최대 4배까지 레버리지 투자 가능③ 매수가능종목 100% 집중투자가능 (코스닥, 시가총액, 포트폴리오비율상관없이)④ 스탁론 전종목 1:1 매수상담문의 → 수익극대화⑤ 반대매도 임박 / 추가입금이 힘들다면? → 1:1 로스컷 전문상담⑥ D.S.R과 신용등급 낮.아.도 문제없이 매입/대환까지 가능!⑦ 위 혜택을 4%대의 저금리로 이용 가능!★ D.S.R비율, 신용등급 무관 저금리 부자네스탁 AM8:00~PM4:00 ☎1577-5852★ AM 8:00 부터 선착순 예약접수 http://www.bujane.co.kr/7월 고객들의 문의가 많은 종목은 기아, NAVER, 두산에너빌리티, 셀트리온, 한화에어로스페이스 등이 있다.무료상담",https://www.hankyung.com/article/202507145594a,2025.07.14 08:13
"“향후 10년 최고 수익률은 한국”… 글로벌 자금, 기술주·지배구조 개혁 주목",,"글로벌 투자기관들은 향후 10년간 한국 증시가 아시아는 물론 신흥국 가운데 가장 높은 수익률을 기록할 것이라고 전망하고 있다. 인공지능(AI) 관련 기술주의 성장성과 새 정부의 정치적 안정, 기업 지배구조 개선 노력이 투자 매력으로 작용하고 있다는 분석이다.모닝스타웰스는 한국의 기대 수익률이 연평균 11~12%에 이를 것으로 보고 중국·일본 주식을 줄이고 한국 투자 비중을 확대하고 있다. 코스피는 연초 대비 29.8% 상승하며 글로벌 주요 시장 대비 높은 수익률을 기록 중이며, 최근 글로벌 자금도 대규모로 유입되고 있다.다만 전문가들은 한국 증시의 장기 성장을 위해선 증시 개혁의 지속성과 실천이 중요하다고 지적한다. 트럼프발 관세 리스크 같은 대외 변수와 함께 대기업 지배구조 개편 등 구조적인 변화가 지속돼야 ‘코리아 디스카운트’ 해소가 본격화될 것이라는 평가다.한편, 스탁론에 대한 관심이 날로높아지고 있다. 모처럼 잡은 투자기회를 놓치지 않으려는 투자자들이 주식매입을 위해 더 많은 자금을 활용할 수 있는 스탁론으로 눈길을 돌리고 있기 때문이다. 현 주가는 실적을 따라가지 못하고 있는 상황으로, 밸류에이션 리레이팅이 필요한 시기라는 평가도 나오고 있다.




 

◆ 하이스탁론, 연 4%대 업계 최저금리로 추가 투자금은 물론 신용미수 대환까지!<하이스탁론>에서 누구나 부담 없이 스탁론을 경험할 수 있도록 연 4%대 최저금리 상품을 출시했다. 주식매입 용도는 물론 증권사 미수/신용 대환도 가능하며 신용등급 차등 없이 자기자본 포함 최대 4배까지 활용할 수 있다.이와 함께 DSR 한도 때문에 기존 스탁론 이용이 어려웠던 투자자들은 위한 DSR 무관 상품도 취급 중이다. 또한 장중 거래가 어려웠던 투자자를 위한 대체거래소(NXT) 거래도 가능해졌다.<하이스탁론>의 새로운 상품에 대해 자세히 알고 싶은 투자자는 고객상담센터(1599-0313)로 연락하면 대출 여부와 상관없이 24시간 언제든 전문상담원과 편리한 상담이 가능하다.○ 연 4%대 업계 최저금리 상품 출시○ 대체거래소(NXT) 거래 가능!○ 21년 연속 시장 점유율 1위, 16년 연속 대한민국퍼스트브랜드 대상○ 증권사 신용/미수 실시간 상환, 한종목 100% 집중 투자○ 믿을 수 있는 상담품질보증제※하이스탁론상담센터 : 1599-0313바로가기:https://www.hisl.co.kr/0313◆ 현 시각 관심종목 Top 10 : 폴라리스AI파마, 한화솔루션, 셀트리온, 동양철관, SK텔레콤, 우리기술, iM금융지주, CJ대한통운, 비츠로셀, DSC인베스트먼트무료상담",https://www.hankyung.com/article/202507112218a,2025.07.14 11:25
"윌비스, ‘일자리 테마’ 기대에 급등세 지속",,"윌비스(008600)가 6월 26일 장 초반 일자리 관련 기대감에 힘입어 급등하며 크게 상승했다. 급등 배경에는 최근 정부의 공무원 채용 확대 기대에 따른 시험 대비 교육 수요 증가가 꼽히며, 산학 연계 교육 콘텐츠 강화에 대한 시장의 기대감이 반영된 것으로 보인다.윌비스는 섬유 OEM 사업 기반 위에 공무원·전문직 시험 대비 교육 서비스로 사업을 확장 중이며, 온라인 학습 수요 확대가 실적 호전의 핵심 동력으로 평가된다. 다만, 재무구조 측면에서는 수익 구조 개선이 향후 과제로 지목된다. 워낙 단기 급등세가 두드러진 만큼 투자자들은 중장기 사업 모델 확대와 수익성 개선 여부에 주목할 필요가 있다.업계 관계자는 “윌비스의 최근 주가는 일자리 테마에 편승한 급등 흐름이지만, 지속적으로 가시적인 실적 개선이 동반된다면 중장기적으로 긍정적인 시각이 유지될 수 있다”고 언급했다. 앞으로 공무원 시험 일정과 같은 외부 이벤트뿐만 아니라 자체 교육 콘텐츠의 차별화 및 효율성 강화가 주가 흐름의 핵심 변수가 될 것으로 전망된다.LS ELECTRIC, 에코프로머티, 하이브, 셀트리온제약, 삼성전기",https://www.hankyung.com/article/202506261620a,2025.06.26 13:43
"증권사 신용대출, 3%대 금리로 바꾸는 가장 쉬운 방법",,"전송종목 : 로보티즈, 삼성중공업, SK이터닉스, HD한국조선해양, 삼성물산최근 주식 투자자들 사이에서 주식대출(미수/신용융자 등)의 고금리에 대한 부담이 커지고 있다.특히 저금리를 적용 받고 싶어도, 기존 대출을 상환하고 다시 주식을 매수해야 하는 번거로운 절차와 자금 조달의 어려움이 발목을 잡고 있다.이런 현실적인 문제를 해결하고자, 무빙스탁이 ‘증권사 신용, 대환자금대출’ 서비스를 전격 출시했다.이 상품은 주식을 매도하지 않고도, 기존의 고금리의 주식대출(미수/신용융자 등)의 3%대의 혁신적인 저금리 증권사로 전환할 수 있도록 상환자금을 제공하는 것이 핵심이다.무빙스탁 관계자는 “현재 증권사 이벤트 금리는 연 3%대 수준으로, 기존 9~10%대 고금리를 적용받는 투자자라면 절감 효과가 상당하다”며, 금리를 5%만 낮추면 “1억원 신용대출 기준으로 연간 약 500만원, 3억원이라면 1,500만원까지도 절약할 수 있다”고 밝혔다.더 놀라운 점은, 현재는 이벤트 기간으로 대환자금대출 신청시 발생하는 이자 비용까지 ‘0원’이라는 사실이다. 대환자금에 대해서 하루의 대출이자도 부담하지 않고 기존 고금리 대출을 저금리로 전환할 수 있어, 고금리 부담에 시달리던 투자자들에게 큰 호응을 얻을 전망이다.이 서비스는 부동산 시장에서 흔히 이용되던 대환대출 개념을 증권시장에 도입한 혁신적인 시도로, 주식 투자자들의 자금 운용에 새로운 대안을 제시할 것으로 기대된다.무빙스탁 ‘증권사 신용, 대환자금대출’의 비용 무료 이벤트는 이벤트 기간 동안 한정적으로 제공되는 만큼, 신용융자를 이용 중인 투자자라면 지금 바로 확인해볼 필요가 있다.★ 장마감 시간이 가까워질수록 문의가 많아 상담이 지연될 수 있습니다.★ 6월 문의하신 고객들이 많이 보유하신 종목으로는 삼성전자, POSCO홀딩스, 셀트리온, 포스코퓨처엠, 에코프로비엠, NAVER, 에코프로, 삼성SDI, LG화학, SK하이닉스, 두산에너빌리티, 카카오, SK이노베이션, LG에너지솔루션, 엘앤에프, 삼천당제약, 현대차, 알테오젠, HPSP, LG전자 등이 있습니다.★ 안내사항과도한 빚은 당신에게 큰 불행을 안겨줄 수 있습니다. 대출 시 신용등급 하락으로 다른 금융거래가 제약받을 수 있습니다. 중개수수료를 요구하거나 받는 것은 불법입니다.상호명: ㈜단비대부 2021-서울영등포-2102(대부업) | TEL: 1544-4886 | 대출금리: 연 20%이내(연체금리는 약정금리+3%p이내, 최대 연 20%이내) | 단, 2021. 7. 7.부터 신규체결, 갱신, 연장되는 계약에 한함 | 채무의 조기상환 조건 및 부대비용 없음. (단, 신용조회비용 및 담보권설정비용 있음), 이자 외 별도로 중개수수료를 요구하거나 수취하는 것은 불법입니다. | 대표이사: 박동원 | 사업자등록번호: 274-86-00231 | 등록기관명칭: 서울 영등포구청(담당부서: 일자리경제과, 02-2670-3420) | 소재지 : 서울 영등포구 여의대방로67길 11, 5층 517호 | 개인정보관리자메일: help@danbifund.co.kr무료상담",https://www.hankyung.com/article/202506260571a,2025.06.26 14:18
"[속보] 코스피, 3020선 돌파 마감…3년 6개월 만","코스닥도 1%대 '상승'
원·달러 환율 1365.6원에 주간 거래 마쳐","사진=연합뉴스

                코스피지수가 20일 ‘3000피’(코스피지수 3000)로 복귀해 장을 마쳤다. 코스닥 지수도 1% 넘게 오르며 800선을 바라보고 있다.20일 코스피는 전일 대비 44.1포인트(1.48%) 뛴 3021.84에 마감했다. 2970선에서 거래를 시작한 코스피는 장중 우상향하는 흐름을 보였다. 오전 10시46분께 3000선을 돌파했고, 마감 직전 3022.06으로 고점을 경신하기도 했다. 코스피는 이날까지 5거래일 연속 상승세를 이어갔다.'큰손' 외국인과 기관의 매수세가 지수를 끌어올렸다. 외국인과 기관은 각각 유가증권시장(한국거래소 기준)에서 5619억원, 380억원을 순매수했다. 장 초반에는 매도 우위를 보였지만, 장중 순매수 전환했다. 개인은 홀로 6021억원을 순매도했다.대선 후 코스피는 꾸준히 오르고 있다. 정치적 불확실성 완화, 증시 부양 정책 기대감이 반영된 것으로 해석된다. 새 정부는 불공정거래 원스트라이크 아웃, 상법 개정, 배당소득 분리 과세 등을 추진하고 있다. 코스피 전고점은 문재인 정부 당시였던 2021년 6월25일(장중 3316.08) 3300선이다.코스피 시가총액 상위주는 대부분 상승했다. 카카오(10.26%)는 10% 넘게 올랐으며 네이버(6.94%), LG에너지솔루션(4.81%), SK하이닉스(4.47%), HD현대중공업(2.9%), 삼성바이오로직스(1.7%), 현대차(1.45%), 셀트리온(1.25%), 삼성전자(0.51%)가 모두 빨간불을 켰다.중국 소비 회복·내수 부양 기대감에 화장품주도 일제히 급등했다. 바른손(29.95%), 한국화장품(29.95%), 코리아나(29.84%)는 상한가에 마감했다. 한국화장품제조(12.17%), 애경산업(9.62%), 아모레퍼시픽(9.15%), 코스맥스(8.97%)도 강세를 보였다.코스닥도 전일 대비 9.02포인트(1.15%) 오른 791.53에 거래를 마쳤다. 코스닥도 780선에서 거래를 시작했지만, 꾸준히 오르며 790선 위에서 마감했다. 코스닥 지수는 사흘 연속 상승 마감했다.코스닥 시장에서도 기관과 외국인은 각각 419억원, 302억원을 순매수했다. 개인은 670억원을 순매도하며 물량을 쏟아냈다.코스닥 시총 상위주도 불을 뿜었다. 에코프로비엠(12.21%)을 필두로 에코프로(7.14%), 레인보우로보틱스(6.23%), 삼천당제약(4.59%), 실리콘투(2.7%), 리노공업(1.98%), 파마리서치(1.11%), 알테오젠(0.78%)이 일제히 상승했다.원·달러 환율의 주간 거래 종가는 1365.6원이다. 전장 대비 14.6원 하락했다.이재원 신한투자증권 연구원은 ""정부가 대규모 추경을 의결했다. 잉여 유동성 증가 기대감이 주식시장 밸류에이션(실적 대비 주가 수준) 상승을 이끌었다""며 ""삼성전자의 반등이 시작된다면 지수가 추가 상승할 수 있다""고 했다.그러면서 ""삼성전자의 6세대 고대역폭메모리(HBM4) 품질 테스트 통과 여부를 확인해야 한다""며 ""2분기 실적과 7월 초 관세 협상이 주요 분기점이 될 전망""이라고 덧붙였다.진영기 한경닷컴 기자 young71@hankyung.com",https://www.hankyung.com/article/2025062089366,2025.06.20 15:32
상법 개정안 통과 후 지주사 주목… 중소형 지주사에 투자 기회,,"상법 개정안이 국회를 통과하면서 지주사에 대한 시장의 관심이 높아지고 있다. 대형 지주사는 그간 주가가 크게 오른 데 따른 차익 실현 매물로 조정을 받았지만, 중소형 지주사는 상승세를 이어가며 투자 대안으로 부각되고 있다.증권업계는 상법 개정 효과가 중소형 지주사에 더 긍정적으로 작용할 수 있다고 보고 있다. 특히 지배구조 개선 여지와 주주환원 정책 강화 가능성이 있는 기업들이 주목받고 있으며, 집중투표제나 감사위원 분리 선출 확대 등 추가 정책도 중소형 지주사에 탄력을 줄 요인으로 꼽힌다.다만 중소형 지주사 투자 시에는 자회사 중복 상장 여부, 매각 가능성, 자금 조달 필요성 등을 꼼꼼히 살펴야 한다는 조언이 나온다. 이는 자회사 상장이나 매각이 지주사 가치에 부정적 영향을 미칠 수 있기 때문이다.한편, 스탁론에 대한 관심이 날로높아지고 있다. 모처럼 잡은 투자기회를 놓치지 않으려는 투자자들이 주식매입을 위해 더 많은 자금을 활용할 수 있는 스탁론으로 눈길을 돌리고 있기 때문이다. 현 주가는 실적을 따라가지 못하고 있는 상황으로, 밸류에이션 리레이팅이 필요한 시기라는 평가도 나오고 있다.




 

◆ 하이스탁론, 연 4%대 업계 최저금리로 추가 투자금은 물론 신용미수 대환까지!<하이스탁론>에서 누구나 부담 없이 스탁론을 경험할 수 있도록 연 4%대 최저금리 상품을 출시했다. 주식매입 용도는 물론 증권사 미수/신용 대환도 가능하며 신용등급 차등 없이 자기자본 포함 최대 4배까지 활용할 수 있다.이와 함께 DSR 한도 때문에 기존 스탁론 이용이 어려웠던 투자자들은 위한 DSR 무관 상품도 취급 중이다. 또한 장중 거래가 어려웠던 투자자를 위한 대체거래소(NXT) 거래도 가능해졌다.<하이스탁론>의 새로운 상품에 대해 자세히 알고 싶은 투자자는 고객상담센터(1599-0313)로 연락하면 대출 여부와 상관없이 24시간 언제든 전문상담원과 편리한 상담이 가능하다.○ 연 4%대 업계 최저금리 상품 출시○ 대체거래소(NXT) 거래 가능!○ 21년 연속 시장 점유율 1위, 16년 연속 대한민국퍼스트브랜드 대상○ 증권사 신용/미수 실시간 상환, 한종목 100% 집중 투자○ 믿을 수 있는 상담품질보증제※하이스탁론상담센터 : 1599-0313바로가기:https://www.hisl.co.kr/0313◆ 현 시각 관심종목 Top 10 : 폴라리스AI파마, 한화솔루션, 셀트리온, 동양철관, SK텔레콤, 우리기술, iM금융지주, CJ대한통운, 비츠로셀, DSC인베스트먼트무료상담",https://www.hankyung.com/article/202507071659a,2025.07.08 11:25
"주식 매도 없이 신용이자 연 1,500만 원 줄이는 비법",,"전송종목 : 대명에너지, 대진첨단소재, 가온칩스, HPSP, 큐알티최근 주식 투자자들 사이에서 주식대출(미수/신용융자 등)의 고금리에 대한 부담이 커지고 있다.특히 저금리를 적용 받고 싶어도, 기존 대출을 상환하고 다시 주식을 매수해야 하는 번거로운 절차와 자금 조달의 어려움이 발목을 잡고 있다.이런 현실적인 문제를 해결하고자, 무빙스탁이 ‘증권사 신용, 대환자금대출’ 서비스를 전격 출시했다.이 상품은 주식을 매도하지 않고도, 기존의 고금리의 주식대출(미수/신용융자 등)의 3%대의 혁신적인 저금리 증권사로 전환할 수 있도록 상환자금을 제공하는 것이 핵심이다.무빙스탁 관계자는 “현재 증권사 이벤트 금리는 연 3%대 수준으로, 기존 9~10%대 고금리를 적용받는 투자자라면 절감 효과가 상당하다”며, 금리를 5%만 낮추면 “1억원 신용대출 기준으로 연간 약 500만원, 3억원이라면 1,500만원까지도 절약할 수 있다”고 밝혔다.더 놀라운 점은, 현재는 이벤트 기간으로 대환자금대출 신청시 발생하는 이자 비용까지 ‘0원’이라는 사실이다. 대환자금에 대해서 하루의 대출이자도 부담하지 않고 기존 고금리 대출을 저금리로 전환할 수 있어, 고금리 부담에 시달리던 투자자들에게 큰 호응을 얻을 전망이다.이 서비스는 부동산 시장에서 흔히 이용되던 대환대출 개념을 증권시장에 도입한 혁신적인 시도로, 주식 투자자들의 자금 운용에 새로운 대안을 제시할 것으로 기대된다.무빙스탁 ‘증권사 신용, 대환자금대출’의 비용 무료 이벤트는 이벤트 기간 동안 한정적으로 제공되는 만큼, 신용융자를 이용 중인 투자자라면 지금 바로 확인해볼 필요가 있다.★ 장마감 시간이 가까워질수록 문의가 많아 상담이 지연될 수 있습니다.★ 7월 문의하신 고객들이 많이 보유하신 종목으로는 삼성전자, POSCO홀딩스, 셀트리온, 포스코퓨처엠, 에코프로비엠, NAVER, 에코프로, 삼성SDI, LG화학, SK하이닉스, 두산에너빌리티, 카카오, SK이노베이션, LG에너지솔루션, 엘앤에프, 삼천당제약, 현대차, 알테오젠, HPSP, LG전자 등이 있습니다.★ 안내사항과도한 빚은 당신에게 큰 불행을 안겨줄 수 있습니다. 대출 시 신용등급 하락으로 다른 금융거래가 제약받을 수 있습니다. 중개수수료를 요구하거나 받는 것은 불법입니다.상호명: ㈜단비대부 2021-서울영등포-2102(대부업) | TEL: 1544-4886 | 대출금리: 연 20%이내(연체금리는 약정금리+3%p이내, 최대 연 20%이내) | 단, 2021. 7. 7.부터 신규체결, 갱신, 연장되는 계약에 한함 | 채무의 조기상환 조건 및 부대비용 없음. (단, 신용조회비용 및 담보권설정비용 있음), 이자 외 별도로 중개수수료를 요구하거나 수취하는 것은 불법입니다. | 대표이사: 박동원 | 사업자등록번호: 274-86-00231 | 등록기관명칭: 서울 영등포구청(담당부서: 일자리경제과, 02-2670-3420) | 소재지 : 서울 영등포구 여의대방로67길 11, 5층 517호 | 개인정보관리자메일: help@danbifund.co.kr무료상담",https://www.hankyung.com/article/202507047524a,2025.07.04 11:38
"셀트리온, 자궁경부암 대장암 등 대상 ADC신약 전임상 공개",,"셀트리온 송도 2공장 전경. 셀트리온 제공

셀트리온은 자궁경부암, 대장암 등 치료를 목표로 개발중인 항체약물 접합체(ADC) 신약 후보물질이 동물실험 단계에서 좋은 효능을 나타냈다고 밝혔다.셀트리온은 이달 10일부터 12일까지 인천 그랜드하얏트에서 개최되는 '월드 ADC 아시아 서밋'에 참가해 ADC 신약 후보물질 ‘CT-P73’의 전임상 결과를 발표했다고 11일 밝혔다.월드ADC 아시아 서밋은 새로운 신약개발 모달리티(치료적접근법)로 주목받는 ADC 분야의 전문가들이 모여 최신 기술을 공유하고 개발 현황 등을 소개하는 자리다. 이번 행사에서 셀트리온은 자궁경부암, 두경부암, 대장암 등 고형암을 타깃으로 개발하고 있는 CT-P73의 전임상 결과를 포스터 형태로 처음 공개했다.CT-P73은 암세포에서 많이 발현되는 특정 조직인자(Tissue Factor)를 타깃하고, 항체와 링커(Linker)로 연결한 페이로드(Payload, 세포독성항암제)가 암세포를 공격하도록 유도하는 방식의 ADC 치료제다.셀트리온은 CT-P73에 오픈 이노베이션(개방형 혁신)을 통해 국내 피노바이오와 공동 개발한 캄토테신(Camptothecin) 유래 신규 토포이소머라아제(TOP1) 저해제 페이로드 ‘PBX-7016’을 적용했다. TOP1 저해제는 DNA를 손상시켜 암세포를 사멸하고 확산을 억제하는 방식의 약물이다. 페이로드 PBX-7016은 앞서 공개된 셀트리온의 ‘CT-P70’과 ‘CT-P71’에도 공통적으로 적용되고 있다.아울러 CT-P73은 전임상에서 낮은 독성 및 우월한 효능을 토대로 효능과 안전성을 종합적으로 평가하는 치료지수 측면에서 유의미한 수치를 도출했다. 또 검증된 링커의 안정성을 바탕으로 우월한 약동학적 특성을 확인했다. 이 밖에도 셀트리온은 CT-P73을 투여했을 때 목표 주변 암세포까지 파괴하는 방관자효과(Bystander Effect)와 더불어 우수한 종양 내 침투(Tumor Penetration)를 나타낼 것으로 기대하고 있다.셀트리온은 이르면 올해 국내외 규제기관에 CT-P73의 임상시험계획(IND)을 제출하는 등 임상시험 절차를 본격화하고, CT-P73을 같은 기전의 치료제 중 가장 뛰어난 계열 내 최고(베스트인클래스) 항암신약으로 개발한다는 계획이다.셀트리온 관계자는 “전임상을 통해 CT-P73의 효능과 안전성 측면에서 우수한 경쟁력을 확인한 만큼 베스트 인 클래스 신약으로 개발에 박차를 가할 계획”이라며 “앞으로도 혁신적인 치료제를 지속 개발해 환자들에게 새로운 치료 혜택을 제공하고 글로벌 신약 기업으로 도약할 수 있도록 최선을 다하겠다”고 말했다.한편 셀트리온은 오는 2028년까지 ADC 분야에서 9개, 다중항체 분야에서 4개 등 총 13개의 후보물질에 대한 IND를 제출한다는 목표다.",https://www.hankyung.com/article/202506118148i,2025.06.11 15:01
"에이피알, K-뷰티 글로벌 확장 기대 속 상승세",,"K-뷰티 전문 기업 에이피알이 최근 국내 증시에서 상승세를 보이고 있다. 이는 유럽과 미국 등 해외 시장에서의 수출 확대와 뷰티 디바이스 판매 호조에 따른 기대감이 반영된 것으로 분석된다.에이피알은 메디큐브와 에이프릴스킨 등 대표 브랜드를 앞세워 유럽 시장에 본격 진출하고 있으며, 미국 시장에서도 아마존과 B2B 채널을 통한 매출 성장이 두드러지고 있다. 특히 메디큐브의 뷰티 디바이스 ‘에이지알’은 누적 판매량 100만대를 돌파하며 글로벌 시장에서의 입지를 강화하고 있다.이러한 글로벌 시장 확대와 제품 경쟁력은 에이피알의 실적 개선에 긍정적인 영향을 미치고 있으며, 투자자들은 향후 성장 가능성에 주목하고 있다.에이피알, 달바글로벌, 태웅, 셀트리온, NAVER무료상담",https://www.hankyung.com/article/202506020490a,2025.06.02 14:13
"코스피, 외인·기관 매수세에 2610 회복…환율 1360원 초반",코스닥도 1.1% 상승,"사진=연합뉴스

                코스피가 장중 1% 가까이 오르며 2610을 회복했다. 코스닥도 상승세다.26일 오전 11시 현재 코스피는 전 거래일 대비 22.98포인트(0.89%) 오른 2615.07에 거래되고 있다. 2590대에서 거래를 시작한 코스피는 우상향하며 2610을 돌파했다.유가증권시장에서 외국인과 기관은 각각 1015억원, 258억원을 순매수하며 지수를 끌어올리고 있다. 개인은 홀로 808억원을 순매도하는 중이다.코스피 시가총액 상위주는 대부분 상승하고 있다. 삼성물산(6.76%)의 상승세가 두드러진 가운데 HD현대중공업(5.27%), 두산에너빌리티(3.31%), LG에너지솔루션(2.61%), KB금융(1.52%), 네이버(1.15%), 신한지주(1.09%), 현대차(0.72%), 기아(0.23%)가 강세를 보이고 있다.반대로 셀트리온(-1.44%), 한화에어로스페이스(-1.08%), SK하이닉스(-0.35%), 삼성전자(-0.18%)는 하락 중이다.코스닥 지수는 전 거래일 대비 8.3포인트(1.16%) 뛴 724.28을 가리키고 있다. 장 초반 720선을 돌파한 후 720위에 머무르고 있다.코스닥 시장에서도 기관과 외국인은 각각 527억원, 460억원을 순매수하고 있다. 개인은 946억원을 순매도하며 물량을 내놓고 있다.코스닥 시총 상위주도 대부분 강세를 보이고 있다. 펩트론(3.41%), 에코프로비엠(3.35%), 삼천당제약(3.07%), 리노공업(3.04%), 레인보우로보틱스(1.89%), 알테오젠(1.55%), 클래시스(1.01%), 에이비엘바이오(0.93%), 휴젤(0.83%), HLB(0.75%), 에코프로(0.64%)가 빨간불을 켰다.11시 현재 원·달러 환율은 1362.7원까지 하락했다.진영기 한경닷컴 기자 young71@hankyung.com",https://www.hankyung.com/article/2025052654376,2025.05.26 11:09
조선업 관련주의 이것이 궁금하다?,,"조선업 관련주는 트럼프수혜주로 꼽히는 업종이다. 이에 따라 조선업 관련주에 투자자들이 주목하고 있다. 이에 따라 조선업의 신용융자현황의 궁금증도 크게 궁금해하는 모습이다.특히 주식 투자자들에게 신용융자현황은 시장이나 주식이 크게 변동할 때 참고해야 할 지표로 꼽히고 있다.조선업 주요종목들의 신용융자잔고 현황은 아래와 같다.공여율: 하루 거래량 중 신용융자거래가 차지하는 비중잔고비율: 상장된 총 주식 신용융자로 매수한 주식 수량의 비율




 

삼성중공업 신용융자잔고 11,582,858주, 잔고비율 1.3%, 공여비율 23.92%한화오션 신용융자잔고 4,205,496주, 잔고비율 1.36%, 공여비율 18.43%HD현대미포 신용융자잔고 419,771주, 잔고비율 1.04%, 공여비율 20.06%HD현대중공업 신용융자잔고 108,931주, 잔고비율 0.11%, 공여비율 %HD한국조선해양 신용융자잔고 250,178주, 잔고비율 0.35%, 공여비율 10.78%(6월 10일 기준)삼성전자, SK하이닉스, 셀트리온, 알테오젠, 두산에너빌리티무료상담",https://www.hankyung.com/article/202506116978a,2025.06.11 10:13
[데스크 칼럼] 깊어지는 투자자 불신,"후발국에도 뒤처질까 걱정
다시 고개드는 K바이오 위기론

박영태 바이오전문기자","국내 바이오벤처 대표주자였던 브릿지바이오의 추락이 남긴 화두는 결코 가볍지 않다. 대주주가 바뀌고, 암호화폐 기업으로 간판까지 바꿔 달았다. 임상 실패가 근본적인 원인이다. 이 회사가 개발하던 특발성 폐섬유증 치료제는 글로벌 블록버스터 후보로 지목받았지만 최근 글로벌 임상 2상에서 효능을 입증하지 못했다.임상 실패는 제약·바이오 업계에선 일상적인 일이다. 신약 개발 성공 확률이 통상 10%도 안 되는 탓이다. 글로벌 제약사들도 다반사로 임상 실패를 경험한다. 신약 개발사의 숙명이다. 그런데도 브릿지바이오가 파탄으로 내몰린 데는 제도적 요인이 한몫했다. 바로 코스닥시장 상장 유지 조건이다. 브릿지바이오 주식은 지난 3월 관리종목으로 지정됐다. 법인세비용차감전계속사업손실(법차손)이 2개 사업연도 연속으로 자기자본의 50%를 초과해서다. 자본 확충 등으로 법차손을 해소하지 못하면 1년 뒤 상장폐지될 수 있는 상황이다.브릿지바이오는 임상에 성공하면 이런 문제가 단번에 해결될 것으로 봤다. 하지만 그 기대는 빗나갔고 자본 확충 계획은 물거품이 됐다. 암호화폐에 특화된 미국 투자운용사에 경영권을 넘긴 배경이다.브릿지바이오 사태는 바이오업계에 숙제를 남겼다. 신약으로 돈을 벌기 전까지는 화장품이나 빵집 같은 사업을 병행해야만 살아남을 수 있다는 걸 확인시켜줬기 때문이다. 나스닥에 상장하고 10년 넘게 빌빌거리다가 신약 개발에 성공하고선 기적처럼 글로벌 제약사로 성장한 길리어드사이언스 같은 성공 사례를 코스닥시장에선 기대하기 어렵다는 얘기다.투자자들의 바이오 불신도 더 깊어지게 생겼다. 제2의 브릿지바이오가 될지도 모르는 바이오벤처에 투자하기가 꺼려질 수밖에 없어서다. 새 정부 출범 후 주가 흐름이 이를 방증해준다. 미국과의 무역 갈등, 이스라엘·이란 전쟁 등의 악재에도 코스피지수는 10% 이상 올랐지만 KRX 헬스케어지수는 2% 상승하는 데 그쳤다.최근 미국 보스턴에서 열린 세계 최대 바이오 박람회 ‘바이오 USA’에서도 한국의 바이오 경쟁력이 도마에 올랐다. 삼성, SK, 셀트리온 등 대기업들이 선전하고 있지만 바이오벤처들의 경쟁력은 예전만 못하다는 평가를 받았다. 신약 개발 경쟁력에서 한국이 중국에 뒤처진 지는 오래다. 이제는 후발국인 인도네시아 태국 등에도 추월당할 처지다. 우리가 주춤하는 사이 후발국들의 발전 속도가 눈에 띄게 빨라졌다는 게 전문가들의 전언이다.바이오업계가 보는 골든타임은 3~5년밖에 남지 않았다. 지금처럼 손 놓고 있다가는 바이오 후진국으로 추락할 수 있다는 위기감이 팽배해 있다. 정부가 지금이라도 산업 육성 액션플랜 마련을 서둘러야 한다는 목소리가 높다. 다만 바이오를 미래 성장 동력으로 키우겠다면서도 의견 수렴 수준의 논의만 거듭해온 과거 정권들의 전철을 되풀이해선 곤란하다. 분위기를 파악하느라 시간 낭비할 여유가 없다. 세부 계획을 짜고 실행에 나서야 한다. 연구개발비 증액부터 바이오산업 경쟁력을 높일 수 있는 다양한 전략이 나와야 한다. 불합리한 상장제도 개선은 말할 필요도 없다. 그래야 우리에게 미래가 있다",https://www.hankyung.com/article/2025062471571,2025.06.24 17:37
"'숨고르기' 코스피, 3100선 하락세…외인·기관 '팔자'",,"사진=한경DB

코스피지수가 4일 장 초반 하락세다. 도널드 트럼프 미국 대통령의 상호관세 관련 강경 발언과 전날 급등에 따른 부담감이 맞물려 투자자들의 관망 심리가 발동한 모습이다.이날 오전 9시14분 현재 코스피지수는 전 거래일보다 8.9포인트(0.29%) 내린 3107.37을 나타내고 있다. 지수는 이날 0.19% 상승 출발 후 보합권에서 등락을 거듭하다 오전 9시11분께를 기점으로 하락 전환해 추세를 이어가고 있다.유가증권시장에서 외국인과 기관이 각각 1011억원 552억원 매도 우위인 반면 개인은 1436억원 매수 우위다.이날 새벽 미국 증시는 강세로 마감했다. 지난 3일(현지시간) 다우존스30산업지수는 0.77% 올랐고 S&P500지수와 나스닥종합지수도 각각 0.83%와 1.02% 상승했다. 다만 트럼프 대통령이 뉴욕증시 장 마감 후 상호관세 유예 기간 만료일인 오는 8일 전부터 각국에 책정한 상호관세율을 통보하기 시작하겠다고 시사한 점이 투자심리를 위축시킨 모습이다.트럼프 대통령은 이날 미국 아이오와주로 떠나기 전 기자들과 만나 ""아마도 내일(4일)부터 일부 서한을 하루에 10개국씩 여러 나라에 보낼 것""이라고 말해 관세 우려를 자극했다.코스피 시가총액 상위 종목 중 삼성전자, 삼성바이오로직스, LG에너지솔루션, KB금융, 네이버, 한화에어로스페이스, 셀트리온, HD현대중공업 등이 내리는 반면 SK하이닉스, 기아, 두산에너빌리티 등이 오르고 있다.같은 시각 코스닥지수는 전 거래일보다 4.79포인트(0.6%) 내린 788.54를 나타내고 있다. 지수는 이날 0.09% 내림세로 출발 후 낙폭을 확대하고 있다.코스닥시장에서도 외국인과 기관이 각각 614억원과 371억원 매도 우위인 반면 개인이 991억원 매수 우위다.코스닥 시총 상위 종목 중 알테오젠, 에코프로비엠, 에코프로, 펩트론, 리가켐바이오, 휴젤, 리노공업, 삼천당제약 등이 내리는 반면 레인보우로보틱스, 파마리서치 등이 오르고 있다.서울 외환시장에서 원·달러 환율은 전장보다 2.6원 오른 1362원으로 개장했다.고정삼 한경닷컴 기자 jsk@hankyung.com",https://www.hankyung.com/article/2025070476856,2025.07.04 09:21
"코스피, 외국인 매도에 낙폭 커지지만…삼성전자는 강세",,"사진=연합뉴스

                코스피가 낙폭을 키우며 2710선을 내줬다. 외국인의 매도가 커지면서다.30일 오전 11시26분 현재 코스피는 전일 대비 13.39포인트(0.49%) 내린 2707.25에 거래되고 있다. 장중에는 2702.52까지 빠지기도 했다.외국인이 유가증권시장에서 3458억원어치 주식을 순매도하며 지수를 끌어 내리고 있다. 기관도 201억원어치를 파는 중이다. 반면 개인은 3482억원어치를 순매수하고 있다.시가총액 상위 종목은 대체로 내림세다.다만 삼성전자는 1.43% 상승하고 있다. 오전 11시10분 기준 외국인이 514억원어치를, 기관이 170억원어치를 각각 순매수하면서 주가를 끌어 올리는 중이다.반면 SK하이닉스는 3.48% 하락하고 있다.LG에너지솔루션은 0.69% 하락하고 있다. 현대차와 기아도 각각 2.3%와 3.11% 약세다.셀트리온은 0.95% 상승 중이다.코스닥은 전일 대비 0.05포인트(0.01%) 내린 736.24에 거래되고 있다. 이 시장에서는 개인과 기관이 가각 784억원어치와 7억원어치 주식을 사는 반면, 외국인은 747억원어치를 팔고 있다.코스닥 시가총액 상위 종목은 혼조세다.알테오젠은 강보합세이고, 펩트론(3.11%), 리가켐바이오(1.22%), 에이비엘바이오(3.08%) 등은 강한 모습이다. 미국임상종양학회(ASCO) 연례 학술대회 개막을 앞두고 투자심리가 자극된 모습이다.간밤 뉴욕증시에서 뷰티업체들이 강세를 보인 영향으로 파마리서치(0.23%)와 휴젤(2.44%)도 오르고 있다.서울외환시장에서 원·달러 환율은 전일 대비 4.3원(0.31%) 오른 달러당 1375.4원에 거래되고 있다.한경우 한경닷컴 기자 case@hankyung.com",https://www.hankyung.com/article/2025053061706,2025.05.30 11:35
"코스피, 외인·기관 차익 실현에 2630선 하락…한화 16% '급등'","코스닥, 외인 매수 전환에 상승 반전

방산·조선주 오르고 LS그룹주 동반 하락
카카오페이, 쓱페이 인수 소식에 '급등'","사진=연합뉴스

                27일 국내 증시가 혼조로 마감했다. 코스피지수는 외국인과 기관투자자의 차익 실현 매물이 출회되면서 소폭 하락해 2630선으로 후퇴했다. 반면 코스닥지수는 외국인의 매수 전환에 막판 뒷심을 발휘하며 상승 마감하는 데 성공했다.이날 코스피지수는 전날보다 7.18포인트(0.27%) 내린 2637.22로 거래를 마쳤다. 지수는 이날 0.53% 하락 출발 후 낙폭을 일부 축소한 채 마감했다.유가증권시장에서 외국인과 기관이 각각 759억원과 199억원어치를 팔아치우며 지수 하락을 이끌었다. 연기금도 이날 206억원어치를 순매도했다. 반면 개인은 534억원어치를 사들였다.이날 새벽 미국 증시가 '메모리얼 데이'(현충일)로 휴장하면서 국내 증시도 숨고르기 장세를 보였다. 이경민 대신증권 연구원은 ""전날 상승했던 2차전지·반도체·보험 등 시가총액 상위권의 주요 업종들에서 차익 실현 매물이 출회돼 코스피의 하락 압력으로 작용했다""고 분석했다.코스피 시총 상위 종목 중 LG에너지솔루션(-1.98%) 삼성바이오로직스(-1.63%) 삼성전자(-1.46%) SK하이닉스(-0.25%) HD현대중공업(-0.12%) KB금융(-0.1%) 등이 내린 반면 셀트리온(1.7%) 신한지주(0.36%) 기아(0.11%) 등은 올랐다. 한화(16.82%)를 비롯해 한화에어로스페이스(6.48%) 현대로템(3.37%) LIG넥스원(2.77%) 등 방산주가 급등했다. 호실적 전망에 더해 러시아·우크라이나 간 전쟁 등 지정학적 긴장이 지속된 영향으로 분석된다.삼성중공업(8.28%)은 미국·인도 등 선박 발주 기대감이 유입되면서 강세로 마감했다. 카카오페이(11.99%)는 쓱페이와 스마일페이 인수를 검토한다는 소식에 급등했다. 카카오(5%)도 오픈AI와의 협력 기대감까지 맞물리면서 강세로 마친 반면 경쟁사인 네이버(-2.23%)는 하락했다.코스닥지수는 전날보다 1.84포인트(0.25%) 오른 727.11로 거래를 마쳤다. 이날 지수는 0.24% 오름세로 출발한 후 보합권에서 등락을 거듭하다 장 막판 외국인의 매수 전환에 상승 전환했다.코스닥시장에서는 개인과 외국인이 각각 218억원과 14억원어치를 사들인 반면 기관은 127억원어치를 팔아치웠다.코스닥 시총 상위 종목 중 코오롱티슈진(10.6%) 리가켐바이오(4.22%) 알테오젠(3.77%) 삼천당제약(1.32%) 펩트론(1.32%) 클래시스(1.01%) 휴젤(0.7%) 파마리서치(0.67%) HLB(0.19%) 등이 오른 반면 에코프로비엠(-5.03%) 에코프로(-2.91%) 레인보우로보틱스(-0.93%) 등은 내렸다.LS마린솔루션(-7.93%)은 2800억원 규모의 유상증자를 결정했다는 소식에 지분가치 희석 우려가 불거지면서 급락했다. 이에 따라 그룹주인 LS에코에너지(-4.86%)와 LS(-3.3%) 등도 동반 하락했다.서울 외환시장에서 원·달러 환율은 전장 대비 5.1원 오른 1369.5원으로 주간 거래를 마쳤다.고정삼 한경닷컴 기자 jsk@hankyung.com",https://www.hankyung.com/article/2025052786866,2025.05.27 16:11
"주식 신용담보 전환하기 미루면 올해 1,500만원을 잃습니다",,"전송종목 : LG이노텍, BNK금융지주, 두산로보틱스, 현대제철, 시프트업매일 4만 원씩, 1년이면 약 1,500만 원, 이 돈은 누구의 통장으로 들어갈까요?당신이 가만히 있는 순간에도, 고금리 증권사는 웃고 있습니다.최근 주식 투자자들 사이에서는 신용융자, 미수 등 증권사의 고금리 대출의 이자 부담이 뜨거운 감자로 떠오르고 있다.많은 투자자들이 “금리를 낮추고 싶다”고 말하지만, 기존 대출 상환 후 재매수라는 번거로운 절차에 자금 마련까지 어려워 그냥 방치하고 마는 경우가 다반사이다.이러한 고금리의 증권사 신용 및 담보대출 이용자들의 악순환을 끊을 방법이 생겼다.바로 무빙스탁의 ‘증권사 신용, 대환자금대출’ 서비스가 출시된 것이다.이 서비스는 보유 주식을 매도하지 않고, 기존 고금리 주식대출(신용/미수 등)을 연 3%대의 저금리 상품으로 전환할 수 있도록 상환자금을 지원하는 것이 핵심이다.무빙스탁 관계자는 “금리를 5%만 낮춰도, 신용대출 3억 원 기준 무려 1,500만 원의 이자 절감 효과가 있습니다.” 라고 밝혔다.더 놀라운 사실은, 지금 이벤트 기간 중 신청하면 대환자금 이자까지 0원이라는 점이다. 단 하루의 이자 부담도 없이, 기존 고금리를 완전히 벗어날 수 있는 절호의 기회이다.무빙스탁 ‘증권사 신용, 대환자금대출’의 비용 무료 이벤트는 이벤트 기간 동안 한정적으로 제공되는 만큼, 고금리의 신용융자를 이용 중인 투자자라면 지금 바로 확인해볼 필요가 있다.★ 장마감 시간이 가까워질수록 문의가 많아 상담이 지연될 수 있습니다.★ 5월 문의하신 고객들이 많이 보유하신 종목으로는 삼성전자, POSCO홀딩스, 셀트리온, 포스코퓨처엠, 에코프로비엠, NAVER, 에코프로, 삼성SDI, LG화학, SK하이닉스, 두산에너빌리티, 카카오, SK이노베이션, LG에너지솔루션, 엘앤에프, 삼천당제약, 현대차, 알테오젠, HPSP, LG전자 등이 있습니다.★ 안내사항과도한 빚은 당신에게 큰 불행을 안겨줄 수 있습니다. 대출 시 신용등급 하락으로 다른 금융거래가 제약받을 수 있습니다. 중개수수료를 요구하거나 받는 것은 불법입니다.상호명: ㈜단비대부 2021-서울영등포-2102(대부업) | TEL: 1544-4886 | 대출금리: 연 20%이내(연체금리는 약정금리+3%p이내, 최대 연 20%이내) | 단, 2021. 7. 7.부터 신규체결, 갱신, 연장되는 계약에 한함 | 채무의 조기상환 조건 및 부대비용 없음. (단, 신용조회비용 및 담보권설정비용 있음), 이자 외 별도로 중개수수료를 요구하거나 수취하는 것은 불법입니다. | 대표이사: 박동원 | 사업자등록번호: 274-86-00231 | 등록기관명칭: 서울 영등포구청(담당부서: 일자리경제과, 02-2670-3420) | 소재지 : 서울 영등포구 여의대방로67길 11, 5층 517호 | 개인정보관리자메일: help@danbifund.co.kr무료상담",https://www.hankyung.com/article/202505264718a,2025.05.26 09:36
"02일, 외국인 거래소에서 두산(-5.29%), 셀트리온(+5.3%) 등 순매수",,"외국인 투자자는 02일 거래소에서 두산, 셀트리온, 한국전력 등을 중점적으로 사들인 것으로 나타났다.외국인 투자자의 순매수 상위 20개 종목은 두산, 셀트리온, 한국전력, HD현대인프라코어, POSCO홀딩스, LIG넥스원, LG에너지솔루션, 풍산, 이수페타시스, 한전기술등이다.이중에 화학 업종에 속한 종목이 5개 포함되어 있다.셀트리온, HD현대인프라코어, POSCO홀딩스 등은 전일 대비 주가가 상승했고, 두산, 한국전력, LIG넥스원 등은 주가가 하락했다.[07월02일]거래소 외국인 순매수 상위 종목한경로보뉴스이 기사는 한국경제신문과 금융 AI 전문기업 씽크풀이 공동 개발한 기사 자동생성 알고리즘에 의해 실시간으로 작성된 것입니다.",https://www.hankyung.com/article/202507024678L,2025.07.02 18:35
신용대출 이자 절감 꿀팁! 증권사 3%대 대출 전환법 공개,,"전송종목 : 하이비젼시스템, 수산인더스트리, 한전산업, 옵투스제약, 두산테스나




 

최근 주식 투자자들 사이에서 주식대출(미수/신용융자 등)의 고금리에 대한 부담이 커지고 있다.특히 저금리를 적용 받고 싶어도, 기존 대출을 상환하고 다시 주식을 매수해야 하는 번거로운 절차와 자금 조달의 어려움이 발목을 잡고 있다.이런 현실적인 문제를 해결하고자, 무빙스탁이 ‘증권사 신용, 대환자금대출’ 서비스를 전격 출시했다.이 상품은 주식을 매도하지 않고도, 기존의 고금리의 주식대출(미수/신용융자 등)의 3%대의 혁신적인 저금리 증권사로 전환할 수 있도록 상환자금을 제공하는 것이 핵심이다.무빙스탁 관계자는 “현재 증권사 이벤트 금리는 연 3%대 수준으로, 기존 9~10%대 고금리를 적용받는 투자자라면 절감 효과가 상당하다”며, 금리를 5%만 낮추면 “1억원 신용대출 기준으로 연간 약 500만원, 3억원이라면 1,500만원까지도 절약할 수 있다”고 밝혔다.더 놀라운 점은, 현재는 이벤트 기간으로 대환자금대출 신청시 발생하는 이자 비용까지 ‘0원’이라는 사실이다. 대환자금에 대해서 하루의 대출이자도 부담하지 않고 기존 고금리 대출을 저금리로 전환할 수 있어, 고금리 부담에 시달리던 투자자들에게 큰 호응을 얻을 전망이다.이 서비스는 부동산 시장에서 흔히 이용되던 대환대출 개념을 증권시장에 도입한 혁신적인 시도로, 주식 투자자들의 자금 운용에 새로운 대안을 제시할 것으로 기대된다.무빙스탁 ‘증권사 신용, 대환자금대출’의 비용 무료 이벤트는 이벤트 기간 동안 한정적으로 제공되는 만큼, 신용융자를 이용 중인 투자자라면 지금 바로 확인해볼 필요가 있다.★ 장마감 시간이 가까워질수록 문의가 많아 상담이 지연될 수 있습니다.★ 7월 문의하신 고객들이 많이 보유하신 종목으로는 삼성전자, POSCO홀딩스, 셀트리온, 포스코퓨처엠, 에코프로비엠, NAVER, 에코프로, 삼성SDI, LG화학, SK하이닉스, 두산에너빌리티, 카카오, SK이노베이션, LG에너지솔루션, 엘앤에프, 삼천당제약, 현대차, 알테오젠, HPSP, LG전자 등이 있습니다.★ 안내사항과도한 빚은 당신에게 큰 불행을 안겨줄 수 있습니다. 대출 시 신용등급 하락으로 다른 금융거래가 제약받을 수 있습니다. 중개수수료를 요구하거나 받는 것은 불법입니다.상호명: ㈜단비대부 2021-서울영등포-2102(대부업) | TEL: 1544-4886 | 대출금리: 연 20%이내(연체금리는 약정금리+3%p이내, 최대 연 20%이내) | 단, 2021. 7. 7.부터 신규체결, 갱신, 연장되는 계약에 한함 | 채무의 조기상환 조건 및 부대비용 없음. (단, 신용조회비용 및 담보권설정비용 있음), 이자 외 별도로 중개수수료를 요구하거나 수취하는 것은 불법입니다. | 대표이사: 박동원 | 사업자등록번호: 274-86-00231 | 등록기관명칭: 서울 영등포구청(담당부서: 일자리경제과, 02-2670-3420) | 소재지 : 서울 영등포구 여의대방로67길 11, 5층 517호 | 개인정보관리자메일: help@danbifund.co.kr무료상담",https://www.hankyung.com/article/202507173382a,2025.07.17 10:48
"16일, 거래소 기관 순매도상위에 전기,전자 업종 3종목",,"기관 투자자는 16일 거래소에서 SK하이닉스, KODEX 레버리지, 삼성전자 등을 중점적으로 매도한 것으로 나타났다.기관 투자자의 순매도 상위 20개 종목은 SK하이닉스, KODEX 레버리지, 삼성전자, 달바글로벌, KODEX 200, 현대차, KODEX 금융고배당TOP10타겟위클리커버드콜, SK스퀘어, 에이피알, SK이노베이션등이다.이중에 전기,전자 업종에 속한 종목이 3개 포함되어 있다.삼성전자, SK스퀘어, 효성중공업 등은 전일 대비 주가가 상승했고, SK하이닉스, KODEX 레버리지, 달바글로벌 등은 주가가 하락했다.[07월16일]거래소 기관 순매도 상위 종목한경로보뉴스이 기사는 한국경제신문과 금융 AI 전문기업 씽크풀이 공동 개발한 기사 자동생성 알고리즘에 의해 실시간으로 작성된 것입니다.",https://www.hankyung.com/article/202507162910L,2025.07.16 18:35
"코스피, 외국인 매도에 하루만에 2700선 내줘…한화에어로 5%↓",,"사진=연합뉴스

                코스피가 하루만에 2700선을 내줬다. 외국인이 현·선물을 합쳐 1조원 가까운 순매도 물량을 쏟아내면서다.30일 코스피는 전일 대비 22.97포인트(0.84%) 내린 2697.67에 거래를 마쳤다.오전까지만 해도 2700선을 지키며 숨고르기를 하는 모습이었지만, 오후들어 외국인이 매도량을 늘리면서 2700선이 무너졌다.외국인은 유가증권시장에서 6081억원어치 주식을 순매도했다. 코스피200선물도 3522억원어치를 팔아치웠다. 기관도 164억원어치를 팔았다. 개인이 6020억원어치를 샀지만 지수를 방어하는 데는 실패했다.시가총액 상위 종목은 혼조세였다.삼성전자는 강보합으로 마감됐지만, SK하이닉스는 3.54% 하락했다.한화에어로스페이스와 기아가 각각 5.37%와 4.08% 하락해 두드러지는 낙폭을 보였다.반면 KB금융과 셀트리온은 각각 1.56%와 1.45% 올랐다.코스닥은 전일 대비 1.94포인트(0.26%) 하락한 734.35에 마감됐다. 이 시장에서는 개인과 기관이 각각 1071억원어치와 48억원어치의 주식을 사들인 반면, 외국인은 1101억원어치를 팔았다.코스닥 시가총액 상위 종목들도 혼조세였다.알테오젠은 1.35% 하락했다.장중 크게 하락했던 에코프로비엠과 에코프로는 각각 낙폭을 0.33%와 0.58%로 줄였다.펩트론과 에이비엘바이오는 각각 3.33%와 3.6% 상승했다. 파마리서치도 1.81% 올랐다.서울외환시장에서 원·달러 환율은 전일 대비 8.19원(0.61%) 오른 달러당 1379.3원에 거래되고 있다.한경우 한경닷컴 기자 case@hankyung.com",https://www.hankyung.com/article/2025053067656,2025.05.30 15:39
이자 폭탄 막자! 증권사 신용대출 3%대 전환으로 절약하는 법,,"전송종목 : 현대로템, LG씨엔에스, 신성델타테크, LG전자, 엘앤에프최근 주식 투자자들 사이에서 주식대출(미수/신용융자 등)의 고금리에 대한 부담이 커지고 있다.특히 저금리를 적용 받고 싶어도, 기존 대출을 상환하고 다시 주식을 매수해야 하는 번거로운 절차와 자금 조달의 어려움이 발목을 잡고 있다.이런 현실적인 문제를 해결하고자, 무빙스탁이 ‘증권사 신용, 대환자금대출’ 서비스를 전격 출시했다.이 상품은 주식을 매도하지 않고도, 기존의 고금리의 주식대출(미수/신용융자 등)의 3%대의 혁신적인 저금리 증권사로 전환할 수 있도록 상환자금을 제공하는 것이 핵심이다.무빙스탁 관계자는 “현재 증권사 이벤트 금리는 연 3%대 수준으로, 기존 9~10%대 고금리를 적용받는 투자자라면 절감 효과가 상당하다”며, 금리를 5%만 낮추면 “1억원 신용대출 기준으로 연간 약 500만원, 3억원이라면 1,500만원까지도 절약할 수 있다”고 밝혔다.더 놀라운 점은, 현재는 이벤트 기간으로 대환자금대출 신청시 발생하는 이자 비용까지 ‘0원’이라는 사실이다. 대환자금에 대해서 하루의 대출이자도 부담하지 않고 기존 고금리 대출을 저금리로 전환할 수 있어, 고금리 부담에 시달리던 투자자들에게 큰 호응을 얻을 전망이다.이 서비스는 부동산 시장에서 흔히 이용되던 대환대출 개념을 증권시장에 도입한 혁신적인 시도로, 주식 투자자들의 자금 운용에 새로운 대안을 제시할 것으로 기대된다.무빙스탁 ‘증권사 신용, 대환자금대출’의 비용 무료 이벤트는 이벤트 기간 동안 한정적으로 제공되는 만큼, 신용융자를 이용 중인 투자자라면 지금 바로 확인해볼 필요가 있다.★ 장마감 시간이 가까워질수록 문의가 많아 상담이 지연될 수 있습니다.★ 7월 문의하신 고객들이 많이 보유하신 종목으로는 삼성전자, POSCO홀딩스, 셀트리온, 포스코퓨처엠, 에코프로비엠, NAVER, 에코프로, 삼성SDI, LG화학, SK하이닉스, 두산에너빌리티, 카카오, SK이노베이션, LG에너지솔루션, 엘앤에프, 삼천당제약, 현대차, 알테오젠, HPSP, LG전자 등이 있습니다.★ 안내사항과도한 빚은 당신에게 큰 불행을 안겨줄 수 있습니다. 대출 시 신용등급 하락으로 다른 금융거래가 제약받을 수 있습니다. 중개수수료를 요구하거나 받는 것은 불법입니다.상호명: ㈜단비대부 2021-서울영등포-2102(대부업) | TEL: 1544-4886 | 대출금리: 연 20%이내(연체금리는 약정금리+3%p이내, 최대 연 20%이내) | 단, 2021. 7. 7.부터 신규체결, 갱신, 연장되는 계약에 한함 | 채무의 조기상환 조건 및 부대비용 없음. (단, 신용조회비용 및 담보권설정비용 있음), 이자 외 별도로 중개수수료를 요구하거나 수취하는 것은 불법입니다. | 대표이사: 박동원 | 사업자등록번호: 274-86-00231 | 등록기관명칭: 서울 영등포구청(담당부서: 일자리경제과, 02-2670-3420) | 소재지 : 서울 영등포구 여의대방로67길 11, 5층 517호 | 개인정보관리자메일: help@danbifund.co.kr무료상담",https://www.hankyung.com/article/202507223179a,2025.07.22 13:28
"'하이원의 여왕' 한진선 ""이름도 정선으로 바꿔야 할까요?""","KLPGA투어 하이원리조트 여자오픈 1R
5언더파 67타 공동 2위…조혜림과 1타차
2022·2023년 대회 이어 3번째 우승 도전
“잘 맞는 코스에서 즐기면서 치겠다”","한진선이 10일 강원 정선 하이원CC에서 열린 한국여자프로골프(KLPGA)투어 하이원리조트 여자오픈 1라운드 7번홀에서 티샷을 하고 있다. KLPGA 제공

                한국여쟈프로골프(KLPGA)투어 통산 2승을 모두 하이원리조트 여자오픈(우승상금 1억8000만원·총상금 10억원)에서 달성한 한진선이 같은 대회 세 번째 우승을 향한 힘찬 발걸음을 내디뎠다.한진선은 10일 강원 정선의 하이원CC(파72)에서 열린 대회 1라운드에서 버디 6개와 보기 1개를 묶어 5언더파 67타를 쳤다. 홍정민과 함께 공동 2위에 이름을 올린 한진선은 단독 1위 조혜림(6언더파 66타)과 한 타 차로 첫날부터 우승 경쟁에 뛰어들었다.한진선은 2022년 이 대회에서 생애 첫 승을 거뒀고 이듬해 타이틀 방어에 성공하면서 2승을 쌓았다. 작년 이 대회에서도 7위에 오르는 등 하이원CC에서 유독 좋은 성적을 자랑했다. 한진선은 “주위에서 (한)정선으로 이름을 바꾸라는 농담도 한다”며 “어제까지는 못 느꼈는데 오늘 마지막 홀 위기 상황에서 파퍼트가 들어가는 것을 보고 ‘내가 이 코스와 잘 맞는구나’라는 생각이 들었다”고 웃었다.한진선은 올해 14개 대회에서 커트 탈락이 한 번뿐이다. 지난달 셀트리온 퀸즈 마스터즈 공동 2위 포함 최근 4개 대회에서 톱10만 세 차례 입상할 정도로 상승세다. 이번 대회에서 2년 만에 타이틀 탈환과 함께 통산 3승째에 도전하는 한진선은 “사실 부담보다는 잘해야 할 것 같다는 생각과 압박도 들었는데 작년 고지우가 우승하면서 마음이 조금 가벼워졌다”며 “이 대회에서 즐길 수 있을 것 같다”고 말했다.지난달 맥콜·용평 모나 오픈에서 시즌 첫 승을 달성한 디펜딩 챔피언 고지우는 ‘버디 폭격기’라는 별명과 어울리지 않게 버디는 2개밖에 기록하지 못했고 보기는 1개로 막으면서 한 타를 줄이는 데 만족해야 했다. 직전 대회인 롯데 오픈에서 생애 첫 우승을 달성한 박혜준은 3타를 잃고 하위권으로 미끄러졌다.정선=서재원 기자 jwseo@hankyung.com",https://www.hankyung.com/article/202507101075i,2025.07.10 17:41
반대매매 위기 당일 간편 해결! 연 4%대 업계 최저 금리로 저렴하게!,,"DSR 한도가 ‘스탁론’에도 적용된 후 투자자들의 고민이 날로 깊어지고 있다. 기존 대출이 많거나 소득 증빙이 어려울 경우 예전처럼 손쉽게 스탁론을 활용하기가 어려워졌기 때문이다. 예전보다 높아진 금리로 스탁론 이용을 부담스럽게 만들고 있다.이런 상황에서 올뉴스탁론이 구원투수로 나섰다. DSR 무관 누구나 이용 가능한 스탁론 상품은 물론 연 4%대 업계 최저금리로 이용 가능한 상품을 함께 선보이며 투자자들의 선택지를 넓힌 것이다.




 

◆ 올뉴스탁론, DSR 무관 상품에 연 4%대 최저금리 상품으로 다양한 선택지를!올뉴스탁론에서 투자자들 누구나 부담 없이 스탁론을 경험할 수 있도록 연 4%대 업계 최저금리로 이용 가능한 증권 연계신용 상품을 출시했다. 주식매입은 물론 증권사 미수/신용 대환 모두 가능하며 신용등급 차등 없이 자기 자본 포함 최대 4배까지 활용할 수 있다.이와 함께 DSR 한도 때문에 기존 스탁론 활용이 어려웠던 투자자들을 위한 DSR 무관 상품도 취급 중이다. 이 상품도 투자자들의 깊은 관심을 받으며 업계 최초 5,000억원을 돌파한 바 있다.올뉴스탁론에 대해 자세히 알고 싶은 투자자는 고객상담센터(☎1599-8666)로 연락하면 대출 여부와 무관하게 언제든 전문상담원과 편리하게 상담할 수 있다.○ 보유하고 있는 대출액이나 소득 무관하게! (DSR 무관)○ 최대 4배 주식자금 활용 가능! (본인 자금 포함)○ 증권 신용/미수 당일 즉시 대환 가능!○ 기존 증권사 신용, 스탁론으로 매수가 어려웠던 종목도 OK!※ 올뉴스탁론 고객상담센터 : 1599-8666바로가기 : https://allnewstockloan.co.kr?agency=HTS◆ 현 시각 관심종목 Top 10 : 셀트리온, 알테오젠, 에이비엘바이오, 대명에너지, 레인보우로보틱스, 한화에어로스페이스, 콜마홀딩스, 샌즈랩, 삼륭물산, 엠에스씨무료상담",https://www.hankyung.com/article/202505231810a,2025.05.26 13:30
"저가 매수기회다! 5년고정 연 4.9% 상품, 본인자산포함 최대 4배까지! 100%집중투자가능",,"부자네스탁론이 특별 이벤트로 5년고정 연 4.9%의 저금리 스탁론 상품을 출시하면서 투자자들에게 화제가 되고 있다.5년고정 연 4.9%의 저금리 스탁론은 주요 증권사의 신용 금리로 알려진 8~9%대의 금리보다 훨씬 금리가 낮은 상품이다.스탁론 상품들은 증권사 신용보다 레버리지는 더 높고 담보유지비율은 더 낮아 투자 고수들 사이에서 잘 알려진 상품이다.미수나 반대매도를 해결해주는 대환대출상품, 한 종목 100% 집중투자 상품신용등급, 매수불가종목, D.S.R 등 주식투자자들의 고민을 완벽하게 해결해주는 솔루션을 제공하는부자네스탁론은 고객마다 가장 최적의 대출방법으로 해결해준다.-스탁론 D.S.R<총부채원리금상환비율> 고강도 규제에도! 문제없는 부자네스탁론!– 소득 낮고 기존 대출금액 많아도 계좌평가금액에 비례해서 대출가능!▶머니투데이 부자네스탁론① 5년고정 연 4.9% 금리의 최저금리 스탁론② 자기자본포함 최대 4배까지 레버리지 투자 가능③ 매수가능종목 100% 집중투자가능 (코스닥, 시가총액, 포트폴리오비율상관없이)④ 스탁론 전종목 1:1 매수상담문의 → 수익극대화⑤ 반대매도 임박 / 추가입금이 힘들다면? → 1:1 로스컷 전문상담⑥ D.S.R과 신용등급 낮.아.도 문제없이 매입/대환까지 가능!★ D.S.R비율, 신용등급 무관 저금리 부자네스탁 AM8:00~PM4:00 ☎1577-5852★ AM 8:00 부터 선착순 예약접수 http://www.bujane.co.kr/6월 고객들의 문의가 많은 종목은 한화에어로스페이스, LIG넥스원, 한화비전, 두산에너빌리티, 셀트리온 등이 있다.무료상담",https://www.hankyung.com/article/202506116756a,2025.06.11 12:58
"美, 비만약 TV광고 할 때…韓, 병원에 게시물도 못 걸어","약사법에 막힌 환자 알 권리

美, 전문의약품 정보 전달 허용
위고비, 지난달 광고비만 550억 

전문의약품 광고 못하는 한국
환자에게 직접 정보 전달도 금지

""해묵은 약사법, 현실 반영 못해""","SK바이오팜이 미국에서 판매하는 뇌전증 신약 ‘엑스코프리’ 유튜브 광고가 현지에서 화제다. 이 광고는 공개 두 달 만에 조회 수 2000만 회를 넘겼다. 엑스코프리는 2020년 미국에서 출시됐으며 이르면 연내 한국에서도 허가를 받을 것으로 전망된다. 그러나 한국 환자는 제품이 나온 뒤에도 광고를 접할 수 없다. 국내에선 약을 처방·조제하는 의사와 약사가 아니라 환자에게 전문의약품 정보를 알리는 게 사실상 금지됐기 때문이다. 해묵은 약사법 때문에 환자의 알 권리만 해치고 있다는 지적이 나온다. ◇위고비, 美서 대중 광고 확대







이미지 크게보기



                23일 광고 분석 기업 아이스폿티브이에 따르면 지난달 미국 상위 의약품 10개 브랜드가 TV 광고에 지출한 비용 총액은 2억1940만달러에 달했다. 전년 동월 대비 45% 늘어난 수치다. 가장 많은 비용을 지출한 의약품은 덴마크 제약사 노보노디스크의 비만약 ‘위고비’였다. 광고 비용이 3990만달러(약 550억원)로 5월 광고비(2410만달러)보다 65.6% 늘었다. 체중 감량으로 삶에 활력을 얻고 심장 질환 위험에서 벗어난 사람들의 모습을 보여주는 이 광고는 “민간 보험 가입자는 ‘0달러’에 투여할 수 있다”는 문구로 마무리된다. 환자에게 약을 투여할 때 이점은 물론이고 투약 비용까지 상세히 안내하고 있다.애브비의 자가면역질환 치료제 ‘스카이리치’(3030만달러)와 ‘린보크’(2800만달러)도 지난달 미국에서 광고 비용을 많이 지출한 의약품으로 꼽혔다. 이들 제약사는 세계 스포츠 행사 중 하나인 미국프로농구(NBA) 중계에 초점을 맞춰 환자를 대상으로 약의 인지도를 높였다. 스포츠를 좋아하는 중장년 남성, 건강에 관심이 많은 사람 등을 타깃으로 삼았다.한국 제약·바이오 회사도 미국 소비자를 대상으로 한 전문의약품 광고에 나서고 있다. 셀트리온은 지난해 자가면역질환 치료제 ‘짐펜트라’ TV 광고를 시작했다. SK바이오팜은 엑스코프리의 TV 광고와 함께 유튜브, SNS 등 광고를 병행하고 있다. ◇한국 전문의약품 규제 지나치게 경직국내에선 이런 광고를 내는 것은 물론이고 의약품 정보를 환자에게 알리는 일조차 금지됐다. 약사법 68조에 따르면 전문의약품, 원료의약품, 전문의약품과 성분이 같은 일반의약품은 의·약학 전문가 대상 의약 전문 매체에만 광고할 수 있다.광고뿐만이 아니다. 식품의약품안전처에서 배포한 가이드라인에 따르면 환자들이 머무는 병원 대기실에 전문의약품 정보를 담은 게시물을 거는 것도 금지된다. 질병 정보를 안내할 때도 특정한 약이 연상된다면 약사법상 문제가 될 수 있다. 백신 등 감염병 예방용 의약품만 일반인을 대상으로 약 정보를 알릴 수 있다.약사법 68조가 신설돼 의약품 광고 규제가 마련된 것은 1991년이다. 30여 년 전 만들어진 해묵은 법이어서 현실을 반영하지 못한다는 지적이 나온다.모든 국가가 전문의약품 광고를 허용한 것은 아니다. 미국, 뉴질랜드 등에선 폭넓게 허용되지만 유럽, 일본에선 이를 금지한다. 이런 상황을 고려해도 한국의 전문의약품 규제는 지나치게 경직됐다는 평가를 받는다.업계 관계자는 “인터넷 블로그, 유튜브 등에 전문의약품에 관해 잘못된 정보가 쏟아지지만 수정 요청조차 하지 못한다”며 “약사법이 환자 건강에 피해를 주고 있다”고 주장했다.이지현 기자 bluesky@hankyung.com",https://www.hankyung.com/article/2025072375611,2025.07.23 17:26
9~10% 주식 관련 대출에서 3%대 대출로 교체,,"전송종목 : 삼화콘덴서, 아세아, 경농, 아세아제지, 넥센타이어최근 주식 투자자들 사이에서 주식대출(미수/신용융자 등)의 고금리에 대한 부담이 커지고 있다.특히 저금리를 적용 받고 싶어도, 기존 대출을 상환하고 다시 주식을 매수해야 하는 번거로운 절차와 자금 조달의 어려움이 발목을 잡고 있다.이런 현실적인 문제를 해결하고자, 무빙스탁이 ‘증권사 신용, 대환자금대출’ 서비스를 전격 출시했다.이 상품은 주식을 매도하지 않고도, 기존의 고금리의 주식대출(미수/신용융자 등)의 3%대의 혁신적인 저금리 증권사로 전환할 수 있도록 상환자금을 제공하는 것이 핵심이다.무빙스탁 관계자는 “현재 증권사 이벤트 금리는 연 3%대 수준으로, 기존 9~10%대 고금리를 적용받는 투자자라면 절감 효과가 상당하다”며, 금리를 5%만 낮추면 “1억원 신용대출 기준으로 연간 약 500만원, 3억원이라면 1,500만원까지도 절약할 수 있다”고 밝혔다.더 놀라운 점은, 현재는 이벤트 기간으로 대환자금대출 신청시 발생하는 이자 비용까지 ‘0원’이라는 사실이다. 대환자금에 대해서 하루의 대출이자도 부담하지 않고 기존 고금리 대출을 저금리로 전환할 수 있어, 고금리 부담에 시달리던 투자자들에게 큰 호응을 얻을 전망이다.이 서비스는 부동산 시장에서 흔히 이용되던 대환대출 개념을 증권시장에 도입한 혁신적인 시도로, 주식 투자자들의 자금 운용에 새로운 대안을 제시할 것으로 기대된다.무빙스탁 ‘증권사 신용, 대환자금대출’의 비용 무료 이벤트는 이벤트 기간 동안 한정적으로 제공되는 만큼, 신용융자를 이용 중인 투자자라면 지금 바로 확인해볼 필요가 있다.★ 장마감 시간이 가까워질수록 문의가 많아 상담이 지연될 수 있습니다.★ 7월 문의하신 고객들이 많이 보유하신 종목으로는 삼성전자, POSCO홀딩스, 셀트리온, 포스코퓨처엠, 에코프로비엠, NAVER, 에코프로, 삼성SDI, LG화학, SK하이닉스, 두산에너빌리티, 카카오, SK이노베이션, LG에너지솔루션, 엘앤에프, 삼천당제약, 현대차, 알테오젠, HPSP, LG전자 등이 있습니다.★ 안내사항과도한 빚은 당신에게 큰 불행을 안겨줄 수 있습니다. 대출 시 신용등급 하락으로 다른 금융거래가 제약받을 수 있습니다. 중개수수료를 요구하거나 받는 것은 불법입니다.상호명: ㈜단비대부 2021-서울영등포-2102(대부업) | TEL: 1544-4886 | 대출금리: 연 20%이내(연체금리는 약정금리+3%p이내, 최대 연 20%이내) | 단, 2021. 7. 7.부터 신규체결, 갱신, 연장되는 계약에 한함 | 채무의 조기상환 조건 및 부대비용 없음. (단, 신용조회비용 및 담보권설정비용 있음), 이자 외 별도로 중개수수료를 요구하거나 수취하는 것은 불법입니다. | 대표이사: 박동원 | 사업자등록번호: 274-86-00231 | 등록기관명칭: 서울 영등포구청(담당부서: 일자리경제과, 02-2670-3420) | 소재지 : 서울 영등포구 여의대방로67길 11, 5층 517호 | 개인정보관리자메일: help@danbifund.co.kr무료상담",https://www.hankyung.com/article/202507096261a,2025.07.09 10:48
[투자운세] 6월10일(오늘) 궁합이 맞는 종목은?,,"2025년 6월 10일 오늘 관심가질 종목입니다1.쥐띠 : 재료가 반영되지 않으면 팔아라60년생 (이수스페셜티케미컬, 한올바이오파마) 72년생 (셀트리온제약, 엔켐) 84년생 (종근당, 영원무역)2.소띠 : 비온 뒤에 땅이 굳는다.61년생 (HD현대일렉트릭, 셀트리온) 73년생 (삼성중공업, 더존비즈온) 85년생 (삼성바이오로직스, 고영)3.호랑이띠 : 기회가 왔을때는 과감하게 행동하라62년생 (이수페타시스, 키움증권) 74년생 (DB손해보험, 이오테크닉스) 86년생 (한미약품, CJ대한통운)4.토끼띠 : 끼있는 주식이 가장 잘 올라간다63년생 (HK이노엔, SK스퀘어) 75년생 (아모레퍼시픽, SK하이닉스) 87년생 (KB금융, 두산)5.용띠 : 시세는 주가보다 기간이 중요하다64년생 (강원랜드, 포스코DX) 76년생 (현대글로비스, 대웅제약) 88년생 (SK바이오사이언스, 에스엘)6.뱀띠 : 팔고나서 올라도 애통해 하지 마라65년생 (씨젠, 솔브레인) 77년생 (삼성생명, SK) 89년생 (HPSP, 한미반도체)




 

7.말띠 : 독립적으로 사고하라66 년생 (HDC현대산업개발, 한진칼) 78년생 (LIG넥스원, LX세미콘) 90년생 (하이브, 코웨이)8.양띠 : 손해보고 있는 종목부터 팔아라67년생 (한국앤컴퍼니, 한국콜마) 79년생 (넷마블, 미스토홀딩스) 91년생 (엔씨소프트, 우리금융지주)9.원숭이띠 : 이미는 아직이고, 아직은 이미이다68년생 (한화오션, 녹십자) 80년생 (대덕전자, LG이노텍) 92년생 (한미사이언스, 삼성전기)10.닭띠 : 도미를 사러 가서 정어리를 사지말라69년생 (에스원, 에스디바이오센서) 81년생 (유한양행, 롯데지주) 93년생 (코오롱인더, 신한지주)11.개띠 : 시장분위기에 취하지 마라70년생 (삼성엔지니어링, SK텔레콤) 82년생 (호텔신라, LG생활건강) 94년생 (삼천당제약, 한화에어로스페이스)12.돼지띠 : 신고가는 따라 붙어라71년생 (HD현대미포, 삼성전자) 83년생 (오뚜기, GS) 95년생 (한화시스템, 메리츠금융지주)링크종목 – 다날, 갤럭시아머니트리, 한국정보인증, 코나아이, 카카오페이무료상담",https://www.hankyung.com/article/202506104056a,2025.06.10 09:58
바이오에 꽂힌 SK·롯데…오너 3세가 해외수주 챙긴다,"세계 최대 바이오 전시회 '2025 바이오 USA'

신유열 롯데지주 부사장
CDMO 수주 기회 모색
최윤정 SK바이오팜 본부장
200여 기업에 신약 홍보

삼성바이오도 대규모 부스","신유열 롯데지주 미래성장실장(오른쪽 두 번째)이 16일(현지시간) 바이오 USA에서 한 바이오 기업의 전시 부스를 둘러보고 있다.  오현아 기자

                SK·롯데 오너 3세들이 미국 보스턴에서 열린 세계 최대 바이오 전시회 ‘2025 바이오 인터내셔널 컨벤션(바이오 USA)’에 참석했다. 신동빈 롯데그룹 회장의 장남인 신유열 롯데지주 미래성장실장(부사장)과 최태원 SK그룹 회장의 장녀인 최윤정 SK바이오팜 사업개발본부장이 현장을 진두지휘했다. 대기업들이 바이오 사업을 차세대 먹거리로 주목하면서 글로벌 시장 개척에 심혈을 기울이는 모습이다.◇ 전시회 누빈 오너 3세16일(현지시간) 신 부사장은 바이오 USA에 참석해 롯데바이오로직스 전시 부스에서 주요 해외 기업과 미팅을 직접 진행했다. 바이오 USA는 매년 세계 90여 개국에서 9000개 이상 기업과 2만 명 넘는 참가자가 모이는 행사다. 바이오 기업들이 기술 이전, 투자 유치 등 실질적 성과를 도출하는 자리다.신 부사장은 2023년부터 롯데바이오로직스 글로벌전략실장도 맡고 있다. 그는 이날 현장에서 고객사를 만나며 바이오의약품 위탁개발생산(CDMO) 수주 기회를 모색했다. 롯데바이오로직스는 2022년 바이오의약품 CDMO 사업에 진출했다. 그는 기자들과 만나 “재작년에 이어 올해 두 번째로 바이오 USA에 참가했다”며 “주요 기업과의 미팅에 참석할 예정”이라고 말했다. ‘이번 행사 기간 몇 건의 사업 미팅을 하느냐’는 질문에는 “매우 많다”면서 “계약 수주를 위해 노력하고 있다”고 답했다.신 부사장은 롯데바이오로직스 부스에서 파트너십 미팅을 마친 뒤 동아쏘시오그룹, 싸이티바, 셀트리온, SK팜테코, 써모피셔사이언티픽 등 국내외 주요 바이오 기업 부스를 차례로 방문했다. 그는 현장에서 만난 업계 관계자들과 산업 트렌드에 관한 대화를 나누고, 최신 기술과 사업 전략에 대한 설명을 들었다.최 본부장도 지난해에 이어 올해 바이오 USA에 참석했다. 최 본부장은 부스에 모습을 드러내진 않았지만 SK바이오팜이 행사 기간에 진행한 200여 개 기업과의 미팅을 진두지휘한 것으로 알려졌다. SK바이오팜은 이번 행사에서 처음으로 단독 부스를 열었다. 특히 뇌전증 신약 세노바메이트를 앞세워 글로벌 사업 확장 기회를 찾고 있다. 최 본부장은 “바이오 USA를 통해 혁신적인 신약 개발 역량과 글로벌 파트너십 확대 전략을 다시 한번 세계에 알리고자 한다”며 “올해는 더욱 구체적인 협력 기회를 도모하고, 세계 시장에서 SK바이오팜의 위상을 강화할 계획”이라고 말했다.◇ 신사업 홍보한 삼성바이오·셀트리온




신유열 롯데지주 미래성장실장(오른쪽 두 번째)이 16일(현지시간) 바이오 USA에서 한 바이오 기업의 전시 부스를 둘러보고 있다.  오현아 기자

                국내 CDMO업계의 양대산맥인 삼성바이오로직스와 셀트리온도 각각 대규모 부스를 꾸리고 관람객을 맞았다. 삼성바이오로직스는 올해 새롭게 선보인 항체약물접합체(ADC) CDMO 서비스와 오가노이드(인공 미니 장기)를 통한 약물 스크리닝 서비스를 전면에 내세웠다.제임스 최 삼성바이오로직스 부사장은 “항체, ADC, 재조합 단백질, 메신저리보핵산(mRNA) 등 다양한 바이오의약품 플랫폼 기술을 소개할 예정”이라며 “이와 동시에 임상시험수탁(CRO)사업부터 시작하는 전 주기 CDMO 서비스를 한눈에 볼 수 있도록 부스를 꾸렸다”고 설명했다. 삼성바이오로직스는 글로벌 기업과의 네트워킹을 늘리기 위해 부스 공간의 60~70%를 비즈니스 미팅룸으로 조성했다. 이를 바탕으로 전시회 기간 미팅을 100건 이상 할 예정이다.셀트리온은 신약 개발 기업으로서의 면모를 강조했다. 셀트리온은 지난 3월 미국 식품의약국(FDA)에서 차세대 ADC 신약으로 개발 중인 ‘CT-P70’의 임상 1상시험계획(IND)을 승인받으며 신약 개발을 본격화했다. 셀트리온 관계자는 “행사 기간 100건 이상의 미팅을 할 것”이라고 말했다.보스턴=오현아 기자 5hyun@hankyung.com",https://www.hankyung.com/article/2025061713861,2025.06.17 17:30
"추가 투자금, 신용미수 대환 자금을 신청 당일 즉시! DSR 무관!",,"DSR 한도가 ‘스탁론’에도 적용된 후 투자자들의 고민이 날로 깊어지고 있다. 기존 대출이 많거나 소득 증빙이 어려울 경우 예전처럼 손쉽게 스탁론을 활용하기가 어려워졌기 때문이다. 예전보다 높아진 금리로 스탁론 이용을 부담스럽게 만들고 있다.이런 상황에서 올뉴스탁론이 구원투수로 나섰다. DSR 무관 누구나 이용 가능한 스탁론 상품은 물론 연 4%대 업계 최저금리로 이용 가능한 상품을 함께 선보이며 투자자들의 선택지를 넓힌 것이다.




 

◆ 올뉴스탁론, DSR 무관 상품에 연 4%대 최저금리 상품으로 다양한 선택지를!올뉴스탁론에서 투자자들 누구나 부담 없이 스탁론을 경험할 수 있도록 연 4%대 업계 최저금리로 이용 가능한 증권 연계신용 상품을 출시했다. 주식매입은 물론 증권사 미수/신용 대환 모두 가능하며 신용등급 차등 없이 자기 자본 포함 최대 4배까지 활용할 수 있다.이와 함께 DSR 한도 때문에 기존 스탁론 활용이 어려웠던 투자자들을 위한 DSR 무관 상품도 취급 중이다. 이 상품도 투자자들의 깊은 관심을 받으며 업계 최초 5,000억원을 돌파한 바 있다.올뉴스탁론에 대해 자세히 알고 싶은 투자자는 고객상담센터(☎1599-8666)로 연락하면 대출 여부와 무관하게 언제든 전문상담원과 편리하게 상담할 수 있다.○ 보유하고 있는 대출액이나 소득 무관하게! (DSR 무관)○ 최대 4배 주식자금 활용 가능! (본인 자금 포함)○ 증권 신용/미수 당일 즉시 대환 가능!○ 기존 증권사 신용, 스탁론으로 매수가 어려웠던 종목도 OK!※ 올뉴스탁론 고객상담센터 : 1599-8666바로가기 : https://allnewstockloan.co.kr?agency=HTS◆ 현 시각 관심종목 Top 10 : 두산에너빌리티, SK하이닉스, 다날, LS마린솔루션, 셀트리온, 두산퓨얼셀, 한미약품, 컴투스홀딩스, 디앤디파마텍, 현대제철무료상담",https://www.hankyung.com/article/202506116732a,2025.06.11 10:25
합리적 투자 필수! 증권사 신용대출 3%대 전환으로 이자 절감,,"전송종목 : 제일일렉트릭, 콜마비앤에이치, 휴메딕스, 에이디테크놀로지, 서연이화최근 주식 투자자들 사이에서 주식대출(미수/신용융자 등)의 고금리에 대한 부담이 커지고 있다.특히 저금리를 적용 받고 싶어도, 기존 대출을 상환하고 다시 주식을 매수해야 하는 번거로운 절차와 자금 조달의 어려움이 발목을 잡고 있다.이런 현실적인 문제를 해결하고자, 무빙스탁이 ‘증권사 신용, 대환자금대출’ 서비스를 전격 출시했다.이 상품은 주식을 매도하지 않고도, 기존의 고금리의 주식대출(미수/신용융자 등)의 3%대의 혁신적인 저금리 증권사로 전환할 수 있도록 상환자금을 제공하는 것이 핵심이다.무빙스탁 관계자는 “현재 증권사 이벤트 금리는 연 3%대 수준으로, 기존 9~10%대 고금리를 적용받는 투자자라면 절감 효과가 상당하다”며, 금리를 5%만 낮추면 “1억원 신용대출 기준으로 연간 약 500만원, 3억원이라면 1,500만원까지도 절약할 수 있다”고 밝혔다.더 놀라운 점은, 현재는 이벤트 기간으로 대환자금대출 신청시 발생하는 이자 비용까지 ‘0원’이라는 사실이다. 대환자금에 대해서 하루의 대출이자도 부담하지 않고 기존 고금리 대출을 저금리로 전환할 수 있어, 고금리 부담에 시달리던 투자자들에게 큰 호응을 얻을 전망이다.이 서비스는 부동산 시장에서 흔히 이용되던 대환대출 개념을 증권시장에 도입한 혁신적인 시도로, 주식 투자자들의 자금 운용에 새로운 대안을 제시할 것으로 기대된다.무빙스탁 ‘증권사 신용, 대환자금대출’의 비용 무료 이벤트는 이벤트 기간 동안 한정적으로 제공되는 만큼, 신용융자를 이용 중인 투자자라면 지금 바로 확인해볼 필요가 있다.★ 장마감 시간이 가까워질수록 문의가 많아 상담이 지연될 수 있습니다.★ 7월 문의하신 고객들이 많이 보유하신 종목으로는 삼성전자, POSCO홀딩스, 셀트리온, 포스코퓨처엠, 에코프로비엠, NAVER, 에코프로, 삼성SDI, LG화학, SK하이닉스, 두산에너빌리티, 카카오, SK이노베이션, LG에너지솔루션, 엘앤에프, 삼천당제약, 현대차, 알테오젠, HPSP, LG전자 등이 있습니다.★ 안내사항과도한 빚은 당신에게 큰 불행을 안겨줄 수 있습니다. 대출 시 신용등급 하락으로 다른 금융거래가 제약받을 수 있습니다. 중개수수료를 요구하거나 받는 것은 불법입니다.상호명: ㈜단비대부 2021-서울영등포-2102(대부업) | TEL: 1544-4886 | 대출금리: 연 20%이내(연체금리는 약정금리+3%p이내, 최대 연 20%이내) | 단, 2021. 7. 7.부터 신규체결, 갱신, 연장되는 계약에 한함 | 채무의 조기상환 조건 및 부대비용 없음. (단, 신용조회비용 및 담보권설정비용 있음), 이자 외 별도로 중개수수료를 요구하거나 수취하는 것은 불법입니다. | 대표이사: 박동원 | 사업자등록번호: 274-86-00231 | 등록기관명칭: 서울 영등포구청(담당부서: 일자리경제과, 02-2670-3420) | 소재지 : 서울 영등포구 여의대방로67길 11, 5층 517호 | 개인정보관리자메일: help@danbifund.co.kr무료상담",https://www.hankyung.com/article/202507035123a,2025.07.03 13:08
이자 폭탄 막자! 증권사 신용대출 3%대 전환으로 절약하는 법,,"전송종목 : 동성케미컬, 이엔에프테크놀로지, 디와이피엔에프, 원익머트리얼즈, 우진




 

최근 주식 투자자들 사이에서 주식대출(미수/신용융자 등)의 고금리에 대한 부담이 커지고 있다.특히 저금리를 적용 받고 싶어도, 기존 대출을 상환하고 다시 주식을 매수해야 하는 번거로운 절차와 자금 조달의 어려움이 발목을 잡고 있다.이런 현실적인 문제를 해결하고자, 무빙스탁이 ‘증권사 신용, 대환자금대출’ 서비스를 전격 출시했다.이 상품은 주식을 매도하지 않고도, 기존의 고금리의 주식대출(미수/신용융자 등)의 3%대의 혁신적인 저금리 증권사로 전환할 수 있도록 상환자금을 제공하는 것이 핵심이다.무빙스탁 관계자는 “현재 증권사 이벤트 금리는 연 3%대 수준으로, 기존 9~10%대 고금리를 적용받는 투자자라면 절감 효과가 상당하다”며, 금리를 5%만 낮추면 “1억원 신용대출 기준으로 연간 약 500만원, 3억원이라면 1,500만원까지도 절약할 수 있다”고 밝혔다.더 놀라운 점은, 현재는 이벤트 기간으로 대환자금대출 신청시 발생하는 이자 비용까지 ‘0원’이라는 사실이다. 대환자금에 대해서 하루의 대출이자도 부담하지 않고 기존 고금리 대출을 저금리로 전환할 수 있어, 고금리 부담에 시달리던 투자자들에게 큰 호응을 얻을 전망이다.이 서비스는 부동산 시장에서 흔히 이용되던 대환대출 개념을 증권시장에 도입한 혁신적인 시도로, 주식 투자자들의 자금 운용에 새로운 대안을 제시할 것으로 기대된다.무빙스탁 ‘증권사 신용, 대환자금대출’의 비용 무료 이벤트는 이벤트 기간 동안 한정적으로 제공되는 만큼, 신용융자를 이용 중인 투자자라면 지금 바로 확인해볼 필요가 있다.★ 장마감 시간이 가까워질수록 문의가 많아 상담이 지연될 수 있습니다.★ 7월 문의하신 고객들이 많이 보유하신 종목으로는 삼성전자, POSCO홀딩스, 셀트리온, 포스코퓨처엠, 에코프로비엠, NAVER, 에코프로, 삼성SDI, LG화학, SK하이닉스, 두산에너빌리티, 카카오, SK이노베이션, LG에너지솔루션, 엘앤에프, 삼천당제약, 현대차, 알테오젠, HPSP, LG전자 등이 있습니다.★ 안내사항과도한 빚은 당신에게 큰 불행을 안겨줄 수 있습니다. 대출 시 신용등급 하락으로 다른 금융거래가 제약받을 수 있습니다. 중개수수료를 요구하거나 받는 것은 불법입니다.상호명: ㈜단비대부 2021-서울영등포-2102(대부업) | TEL: 1544-4886 | 대출금리: 연 20%이내(연체금리는 약정금리+3%p이내, 최대 연 20%이내) | 단, 2021. 7. 7.부터 신규체결, 갱신, 연장되는 계약에 한함 | 채무의 조기상환 조건 및 부대비용 없음. (단, 신용조회비용 및 담보권설정비용 있음), 이자 외 별도로 중개수수료를 요구하거나 수취하는 것은 불법입니다. | 대표이사: 박동원 | 사업자등록번호: 274-86-00231 | 등록기관명칭: 서울 영등포구청(담당부서: 일자리경제과, 02-2670-3420) | 소재지 : 서울 영등포구 여의대방로67길 11, 5층 517호 | 개인정보관리자메일: help@danbifund.co.kr무료상담",https://www.hankyung.com/article/202507173368a,2025.07.17 08:33
"08일, 기관 거래소에서 KODEX 200선물인버스2X(-3.71%), 삼성전자(-0.49%) 등 순매도",,"기관 투자자는 08일 거래소에서 KODEX 200선물인버스2X, 삼성전자, iM금융지주 등을 중점적으로 매도한 것으로 나타났다.기관 투자자의 순매도 상위 20개 종목은 KODEX 200선물인버스2X, 삼성전자, iM금융지주, LG에너지솔루션, 삼성SDI, LG전자, 하이브, 현대로템, 아모레퍼시픽, 현대차등이다.이중에 전기,전자 업종에 속한 종목이 5개 포함되어 있다.iM금융지주, 하이브, 현대차 등은 전일 대비 주가가 상승했고, KODEX 200선물인버스2X, 삼성전자, LG에너지솔루션 등은 주가가 하락했다.[07월08일]거래소 기관 순매도 상위 종목한경로보뉴스이 기사는 한국경제신문과 금융 AI 전문기업 씽크풀이 공동 개발한 기사 자동생성 알고리즘에 의해 실시간으로 작성된 것입니다.",https://www.hankyung.com/article/202507085833L,2025.07.08 18:35
주식 한 종목 100% 집중투자? 연 4%대로 해결하고 저가에 매수하자,,"부자네스탁론이 특별 이벤트로 5년고정 연 4.9%의 저금리 스탁론 상품을 출시하면서 투자자들에게 화제가 되고 있다.5년고정 연 4.9%의 저금리 스탁론은 주요 증권사의 신용 금리로 알려진 8~9%대의 금리보다 훨씬 금리가 낮은 상품이다.스탁론 상품들은 증권사 신용보다 레버리지는 더 높고 담보유지비율은 더 낮아 투자 고수들 사이에서 잘 알려진 상품이다.미수나 반대매도를 해결해주는 대환대출상품, 한 종목 100% 집중투자 상품신용등급, 매수불가종목, D.S.R 등 주식투자자들의 고민을 완벽하게 해결해주는 솔루션을 제공하는부자네스탁론은 고객마다 가장 최적의 대출방법으로 해결해준다.-스탁론 D.S.R<총부채원리금상환비율> 고강도 규제에도! 문제없는 부자네스탁론!– 소득 낮고 기존 대출금액 많아도 계좌평가금액에 비례해서 대출가능!▶머니투데이 부자네스탁론① 5년고정 연 4.9% 금리의 최저금리 스탁론② 자기자본포함 최대 4배까지 레버리지 투자 가능③ 매수가능종목 100% 집중투자가능 (코스닥, 시가총액, 포트폴리오비율상관없이)④ 스탁론 전종목 1:1 매수상담문의 → 수익극대화⑤ 반대매도 임박 / 추가입금이 힘들다면? → 1:1 로스컷 전문상담⑥ D.S.R과 신용등급 낮.아.도 문제없이 매입/대환까지 가능!★ D.S.R비율, 신용등급 무관 저금리 부자네스탁 AM8:00~PM4:00 ☎1577-5852★ AM 8:00 부터 선착순 예약접수 http://www.bujane.co.kr/6월 고객들의 문의가 많은 종목은 한화에어로스페이스, LIG넥스원, SK하이닉스, 두산에너빌리티, 셀트리온 등이 있다.무료상담",https://www.hankyung.com/article/202506257882a,2025.06.25 09:38
합리적 투자 필수! 증권사 신용대출 3%대 전환으로 이자 절감,,"전송종목 : 원익, 아이쓰리시스템, DL이앤씨, 동방, 세아베스틸지주최근 주식 투자자들 사이에서 주식대출(미수/신용융자 등)의 고금리에 대한 부담이 커지고 있다.특히 저금리를 적용 받고 싶어도, 기존 대출을 상환하고 다시 주식을 매수해야 하는 번거로운 절차와 자금 조달의 어려움이 발목을 잡고 있다.이런 현실적인 문제를 해결하고자, 무빙스탁이 ‘증권사 신용, 대환자금대출’ 서비스를 전격 출시했다.이 상품은 주식을 매도하지 않고도, 기존의 고금리의 주식대출(미수/신용융자 등)의 3%대의 혁신적인 저금리 증권사로 전환할 수 있도록 상환자금을 제공하는 것이 핵심이다.무빙스탁 관계자는 “현재 증권사 이벤트 금리는 연 3%대 수준으로, 기존 9~10%대 고금리를 적용받는 투자자라면 절감 효과가 상당하다”며, 금리를 5%만 낮추면 “1억원 신용대출 기준으로 연간 약 500만원, 3억원이라면 1,500만원까지도 절약할 수 있다”고 밝혔다.더 놀라운 점은, 현재는 이벤트 기간으로 대환자금대출 신청시 발생하는 이자 비용까지 ‘0원’이라는 사실이다. 대환자금에 대해서 하루의 대출이자도 부담하지 않고 기존 고금리 대출을 저금리로 전환할 수 있어, 고금리 부담에 시달리던 투자자들에게 큰 호응을 얻을 전망이다.이 서비스는 부동산 시장에서 흔히 이용되던 대환대출 개념을 증권시장에 도입한 혁신적인 시도로, 주식 투자자들의 자금 운용에 새로운 대안을 제시할 것으로 기대된다.무빙스탁 ‘증권사 신용, 대환자금대출’의 비용 무료 이벤트는 이벤트 기간 동안 한정적으로 제공되는 만큼, 신용융자를 이용 중인 투자자라면 지금 바로 확인해볼 필요가 있다.★ 장마감 시간이 가까워질수록 문의가 많아 상담이 지연될 수 있습니다.★ 6월 문의하신 고객들이 많이 보유하신 종목으로는 삼성전자, POSCO홀딩스, 셀트리온, 포스코퓨처엠, 에코프로비엠, NAVER, 에코프로, 삼성SDI, LG화학, SK하이닉스, 두산에너빌리티, 카카오, SK이노베이션, LG에너지솔루션, 엘앤에프, 삼천당제약, 현대차, 알테오젠, HPSP, LG전자 등이 있습니다.★ 안내사항과도한 빚은 당신에게 큰 불행을 안겨줄 수 있습니다. 대출 시 신용등급 하락으로 다른 금융거래가 제약받을 수 있습니다. 중개수수료를 요구하거나 받는 것은 불법입니다.상호명: ㈜단비대부 2021-서울영등포-2102(대부업) | TEL: 1544-4886 | 대출금리: 연 20%이내(연체금리는 약정금리+3%p이내, 최대 연 20%이내) | 단, 2021. 7. 7.부터 신규체결, 갱신, 연장되는 계약에 한함 | 채무의 조기상환 조건 및 부대비용 없음. (단, 신용조회비용 및 담보권설정비용 있음), 이자 외 별도로 중개수수료를 요구하거나 수취하는 것은 불법입니다. | 대표이사: 박동원 | 사업자등록번호: 274-86-00231 | 등록기관명칭: 서울 영등포구청(담당부서: 일자리경제과, 02-2670-3420) | 소재지 : 서울 영등포구 여의대방로67길 11, 5층 517호 | 개인정보관리자메일: help@danbifund.co.kr무료상담",https://www.hankyung.com/article/202506260556a,2025.06.26 09:58
"30일, 거래소 외국인 순매도상위에 운수장비 업종 3종목",,"외국인 투자자는 30일 거래소에서 한화에어로스페이스, 두산에너빌리티, 현대차 등을 중점적으로 매도한 것으로 나타났다.외국인 투자자의 순매도 상위 20개 종목은 한화에어로스페이스, 두산에너빌리티, 현대차, 기아, 삼성SDI, 메리츠금융지주, 엔씨소프트, 한화솔루션, 미래에셋증권, 한미반도체등이다.이중에 운수장비 업종에 속한 종목이 3개 포함되어 있다.한화솔루션, 한화, 셀트리온 등은 전일 대비 주가가 상승했고, 한화에어로스페이스, 두산에너빌리티, 현대차 등은 주가가 하락했다.[05월30일]거래소 외국인 순매도 상위 종목한경로보뉴스이 기사는 한국경제신문과 금융 AI 전문기업 씽크풀이 공동 개발한 기사 자동생성 알고리즘에 의해 실시간으로 작성된 것입니다.",https://www.hankyung.com/article/202505307306L,2025.05.30 18:35
"코스피, 장 초반 2600 회복…원·달러 환율 1370원 등락",코스닥도 소폭 상승,"지난 21일 서울 중구 하나은행 딜링룸./사진=연합뉴스

                코스피와 코스닥 지수가 장 초반 소폭 오르고 있다. 미국이 유럽연합(EU)에 부과하려던 관세를 유예하자 투자심리가 살아난 것으로 풀이된다.26일 오전 9시3분 현재 코스피는 전 거래일 대비 10.48포인트(0.4%) 오른 2602.57을 가리키고 있다. 지수는 전 거래일 대비 6.36포인트(0.25%) 오른 2598.45에 개장한 후 우상향하고 있다.유가증권시장에서 개인은 홀로 398억원을 순매수하는 중이다. 외국인과 기관은 각각 111억원, 92억원 매도 우위를 보이고 있다.코스피 시가총액 상위주는 혼조세를 보이고 있다. 삼성물산(3.03%), 두산에너빌리티(2.94%) 등 원전주가 강세를 보이는 가운데 LG에너지솔루션(2.61%), KB금융(1.11%), 신한지주(0.82%)도 오르고 있다. 한화에어로스페이스(-1.57%), 셀트리온(-0.92%), 기아(-0.92%), 삼성전자(-0.55%), SK하이닉스(-0.45%)는 하락 중이다.코스닥 지수는 전장 대비 4.56포인트(0.64%) 뛴 720.54에 거래되고 있다. 코스닥 지수는 2.5포인트(0.35%) 상승한 718.48에 거래를 시작했다.코스닥 시장에서 기관은 홀로 93억원을 순매수하며 지수를 끌어올리고 있다. 외국인과 개인은 각각 69억원, 15억원어치 현물을 순매도하는 중이다.코스닥 시총 상위주는 대부분 강세를 보이고 있다. 에코프로비엠(3.11%), 삼천당제약(2.59%), 에코프로(2.42%), 클래시스(2.03%), 펩트론(1.82%), 리노공업(1.39%), 휴젤(1.25%), 리가켐바이오(1.09%), HLB(0.94%)가 일제히 빨간불을 켰다.원·달러 환율은 6.6원 내린 1369.6원에 개장한 후 1370원선을 오르내리고 있다.23일(현지시간) 뉴욕증시 3대 지수는 모두 하락했다. EU에 50%의 관세를 부과하겠다는 도널드 트럼프 미국 대통령의 발언이 시장에 충격을 안겼다. 다우존스30산업평균지수는 전장보다 256.02포인트(0.61%) 떨어진 4만1603.07에 거래를 마감했다. 스탠더드앤드푸어스(S&P)500지수는 전장 대비 39.19포인트(0.67%) 떨어진 5802.82, 나스닥 지수는 188.53포인트(1%) 하락한 1만8737.21에 장을 마쳤다.다만 트럼프 대통령은 25일(현지시간) EU에 부과하려던 50% 관세를 7월 9일까지 유예한다고 발표했다. 발표 전 트럼프 대통령은 우르줄라 폰데어라이엔 EU 집행위원장과 전화 통화했다. 7월 9일은 트럼프 대통령이 애초 지난달 각국에 대해 발표한 상호관세 유예가 만료되는 시점이다.진영기 한경닷컴 기자 young71@hankyung.com",https://www.hankyung.com/article/2025052648276,2025.05.26 09:12
"코스피, 2% 오르며 2640 회복…코스닥도 1.3%↑","외인·기관 양대 시장서 순매수
원·달러 환율 1364.4원에 주간 거래 마감","사진=연합뉴스

                코스피가 기관과 외국인의 매수세에 힘입어 2% 오르며 마감했다. 코스닥도 1% 넘게 올랐다.26일 코스피는 전 거래일 대비 52.31포인트(2.02%) 뛴 2644.4에 마감했다. 장 초반 2590선에 머물렀던 코스피는 점차 우상향하다가 마감 직전 2640선을 돌파했다.유가증권시장에서 기관과 외국인은 각각 4214억원, 1289억원을 순매수하며 지수를 끌어올렸다. 개인은 홀로 5165억원을 순매도했다.미국이 유럽연합(EU)에 부과하려던 관세를 유예하자 투자심리가 살아난 것으로 풀이된다. 앞서 트럼프 행정부는 EU에 50% 관세를 부과하겠다고 밝혔다. 이후 뉴욕증시 3대 지수가 모두 하락했다. 그러자 도널드 트럼프 미국 대통령은 25일(현지시간) EU에 부과하려던 50% 관세를 7월 9일까지 유예하겠다고 밝혔다.삼성물산(7.11%), 두산에너빌리티(1.72%) 등 원전주의 상승세가 가팔랐다. 원전주도 불을 뿜었다. 도널드 트럼프 미국 대통령이 미국의 원자력 발전 용량을 2050년까지 네 배 늘리겠다고 밝히면서다. 전임 조 바이든 행정부 목표치(2050년 3배 확대)보다 높여 잡았다.LG에너지솔루션(3.73%), 삼성SDI(3.62%), LG화학(2.91%), 포스코퓨처엠(1.8%) 등 2차전지주도 반등했다. 국내 배터리 기업의 실적 버팀목 역할을 해온 미국 인플레이션감축법(IRA) 상 첨단세액공제(AMPC)가 일단 유지되면서다.그 외 HD현대중공업(6.04%), KB금융(3.03%) 네이버(2.68%), 삼성바이오로직스(2.66%), 신한지주(2.18%), SK하이닉스(1.5%), 기아(1.15%), 현대차(1.11%), 삼성전자(0.92%), 한화에어로스페이스(0.36%), 셀트리온(0.2%) 등 시가총액 상위주가 대부분 상승 마감했다.코스닥 지수는 전장 대비 9.29포인트(1.3%) 오른 725.27에 거래를 마쳤다. 710대에서 거래를 시작한 코스닥은 장 초반 720선을 돌파했다.코스닥 시장에서도 외국인과 기관은 각각 919억원, 895억원어치를 순매수했다. 개인은 1781억원 매도 우위를 보였다.코스닥 시총 상위주도 대부분 강세를 보였다. 에이비엘바이오(4.82%), 삼천당제약(3.62%), 리노공업(3.42%), 펩트론(3.18%), 알테오젠(2.63%), 에코프로비엠(2.27%), 레인보우로보틱스(1.51%), 리가켐바이오(0.82%), 에코프로(0.51%)가 모두 상승세로 거래를 마쳤다.오후 3시30분 현재 서울 외환시장에서 원·달러 환율은 1364.4원에 주간 거래를 마쳤다. 이날 시가는 1369원으로 7개월 만에 가장 낮았다.진영기 한경닷컴 기자 young71@hankyung.com",https://www.hankyung.com/article/2025052661636,2025.05.26 15:51
고금리 이자 폭탄 피하는 법! 증권사 대출 3%대로 줄이기,,"전송종목 : 대웅, 삼양식품, 태광산업, 대한항공, LG최근 주식 투자자들 사이에서 주식대출(미수/신용융자 등)의 고금리에 대한 부담이 커지고 있다.특히 저금리를 적용 받고 싶어도, 기존 대출을 상환하고 다시 주식을 매수해야 하는 번거로운 절차와 자금 조달의 어려움이 발목을 잡고 있다.이런 현실적인 문제를 해결하고자, 무빙스탁이 ‘증권사 신용, 대환자금대출’ 서비스를 전격 출시했다.이 상품은 주식을 매도하지 않고도, 기존의 고금리의 주식대출(미수/신용융자 등)의 3%대의 혁신적인 저금리 증권사로 전환할 수 있도록 상환자금을 제공하는 것이 핵심이다.무빙스탁 관계자는 “현재 증권사 이벤트 금리는 연 3%대 수준으로, 기존 9~10%대 고금리를 적용받는 투자자라면 절감 효과가 상당하다”며, 금리를 5%만 낮추면 “1억원 신용대출 기준으로 연간 약 500만원, 3억원이라면 1,500만원까지도 절약할 수 있다”고 밝혔다.더 놀라운 점은, 현재는 이벤트 기간으로 대환자금대출 신청시 발생하는 이자 비용까지 ‘0원’이라는 사실이다. 대환자금에 대해서 하루의 대출이자도 부담하지 않고 기존 고금리 대출을 저금리로 전환할 수 있어, 고금리 부담에 시달리던 투자자들에게 큰 호응을 얻을 전망이다.이 서비스는 부동산 시장에서 흔히 이용되던 대환대출 개념을 증권시장에 도입한 혁신적인 시도로, 주식 투자자들의 자금 운용에 새로운 대안을 제시할 것으로 기대된다.무빙스탁 ‘증권사 신용, 대환자금대출’의 비용 무료 이벤트는 이벤트 기간 동안 한정적으로 제공되는 만큼, 신용융자를 이용 중인 투자자라면 지금 바로 확인해볼 필요가 있다.★ 장마감 시간이 가까워질수록 문의가 많아 상담이 지연될 수 있습니다.★ 7월 문의하신 고객들이 많이 보유하신 종목으로는 삼성전자, POSCO홀딩스, 셀트리온, 포스코퓨처엠, 에코프로비엠, NAVER, 에코프로, 삼성SDI, LG화학, SK하이닉스, 두산에너빌리티, 카카오, SK이노베이션, LG에너지솔루션, 엘앤에프, 삼천당제약, 현대차, 알테오젠, HPSP, LG전자 등이 있습니다.★ 안내사항과도한 빚은 당신에게 큰 불행을 안겨줄 수 있습니다. 대출 시 신용등급 하락으로 다른 금융거래가 제약받을 수 있습니다. 중개수수료를 요구하거나 받는 것은 불법입니다.상호명: ㈜단비대부 2021-서울영등포-2102(대부업) | TEL: 1544-4886 | 대출금리: 연 20%이내(연체금리는 약정금리+3%p이내, 최대 연 20%이내) | 단, 2021. 7. 7.부터 신규체결, 갱신, 연장되는 계약에 한함 | 채무의 조기상환 조건 및 부대비용 없음. (단, 신용조회비용 및 담보권설정비용 있음), 이자 외 별도로 중개수수료를 요구하거나 수취하는 것은 불법입니다. | 대표이사: 박동원 | 사업자등록번호: 274-86-00231 | 등록기관명칭: 서울 영등포구청(담당부서: 일자리경제과, 02-2670-3420) | 소재지 : 서울 영등포구 여의대방로67길 11, 5층 517호 | 개인정보관리자메일: help@danbifund.co.kr무료상담",https://www.hankyung.com/article/202507071506a,2025.07.07 09:43
"트럼프 수혜주 외국인, 기관 순매수 현황은?",,"도널드 트럼프 전 대통령이 대통령에 재당선 되면서 국내 주식시장에서도 트럼프 수혜주에 대한 관심이 높아지고 있다.트럼프 수혜주로는 방산, 조선, 원전, 건설기계 등이 대표적인 수혜주로 꼽히고 있다.트럼프 수혜주의 최근 금액기준 외국인, 기관의 순매수 현황을 알아본 결과는 다음과 같다.




 

두산에너빌리티 – 외국인 -2,702억원 순매수, 기관 -904억원 순매수HD현대중공업 – 외국인 -197억원 순매수, 기관 -191억원 순매수삼성중공업 – 외국인 -210억원 순매수, 기관 -117억원 순매수한화오션 – 외국인 1,735억원 순매수, 기관 307억원 순매수한화시스템 – 외국인 -92억원 순매수, 기관 16억원 순매수(6월 17일 기준)LS ELECTRIC, 에코프로머티, 하이브, 셀트리온제약, 삼성전기무료상담",https://www.hankyung.com/article/202506183162a,2025.06.18 13:23
"저가 매수기회다! 5년고정 연 4.9% 상품, 본인자산포함 최대 4배까지! 100%집중투자가능",,"부자네스탁론이 특별 이벤트로 5년고정 연 4.9%의 저금리 스탁론 상품을 출시하면서 투자자들에게 화제가 되고 있다.5년고정 연 4.9%의 저금리 스탁론은 주요 증권사의 신용 금리로 알려진 8~9%대의 금리보다 훨씬 금리가 낮은 상품이다.스탁론 상품들은 증권사 신용보다 레버리지는 더 높고 담보유지비율은 더 낮아 투자 고수들 사이에서 잘 알려진 상품이다.미수나 반대매도를 해결해주는 대환대출상품, 한 종목 100% 집중투자 상품신용등급, 매수불가종목, D.S.R 등 주식투자자들의 고민을 완벽하게 해결해주는 솔루션을 제공하는부자네스탁론은 고객마다 가장 최적의 대출방법으로 해결해준다.-스탁론 D.S.R<총부채원리금상환비율> 고강도 규제에도! 문제없는 부자네스탁론!– 소득 낮고 기존 대출금액 많아도 계좌평가금액에 비례해서 대출가능!▶머니투데이 부자네스탁론① 5년고정 연 4.9% 금리의 최저금리 스탁론② 자기자본포함 최대 4배까지 레버리지 투자 가능③ 매수가능종목 100% 집중투자가능 (코스닥, 시가총액, 포트폴리오비율상관없이)④ 스탁론 전종목 1:1 매수상담문의 → 수익극대화⑤ 반대매도 임박 / 추가입금이 힘들다면? → 1:1 로스컷 전문상담⑥ D.S.R과 신용등급 낮.아.도 문제없이 매입/대환까지 가능!★ D.S.R비율, 신용등급 무관 저금리 부자네스탁 AM8:00~PM4:00 ☎1577-5852★ AM 8:00 부터 선착순 예약접수 http://www.bujane.co.kr/6월 고객들의 문의가 많은 종목은 한화에어로스페이스, LIG넥스원, 한화비전, 두산에너빌리티, 셀트리온 등이 있다.무료상담",https://www.hankyung.com/article/202506132222a,2025.06.13 13:48
"추가 투자금, 신용미수 대환 자금을 신청 당일 즉시! DSR 무관!",,"DSR 한도가 ‘스탁론’에도 적용된 후 투자자들의 고민이 날로 깊어지고 있다. 기존 대출이 많거나 소득 증빙이 어려울 경우 예전처럼 손쉽게 스탁론을 활용하기가 어려워졌기 때문이다. 예전보다 높아진 금리로 스탁론 이용을 부담스럽게 만들고 있다.이런 상황에서 올뉴스탁론이 구원투수로 나섰다. DSR 무관 누구나 이용 가능한 스탁론 상품은 물론 연 4%대 업계 최저금리로 이용 가능한 상품을 함께 선보이며 투자자들의 선택지를 넓힌 것이다.




 

◆ 올뉴스탁론, DSR 무관 상품에 연 4%대 최저금리 상품으로 다양한 선택지를!올뉴스탁론에서 투자자들 누구나 부담 없이 스탁론을 경험할 수 있도록 연 4%대 업계 최저금리로 이용 가능한 증권 연계신용 상품을 출시했다. 주식매입은 물론 증권사 미수/신용 대환 모두 가능하며 신용등급 차등 없이 자기 자본 포함 최대 4배까지 활용할 수 있다.이와 함께 DSR 한도 때문에 기존 스탁론 활용이 어려웠던 투자자들을 위한 DSR 무관 상품도 취급 중이다. 이 상품도 투자자들의 깊은 관심을 받으며 업계 최초 5,000억원을 돌파한 바 있다.올뉴스탁론에 대해 자세히 알고 싶은 투자자는 고객상담센터(☎1599-8666)로 연락하면 대출 여부와 무관하게 언제든 전문상담원과 편리하게 상담할 수 있다.○ 보유하고 있는 대출액이나 소득 무관하게! (DSR 무관)○ 최대 4배 주식자금 활용 가능! (본인 자금 포함)○ 증권 신용/미수 당일 즉시 대환 가능!○ 기존 증권사 신용, 스탁론으로 매수가 어려웠던 종목도 OK!※ 올뉴스탁론 고객상담센터 : 1599-8666바로가기 : https://allnewstockloan.co.kr?agency=HTS◆ 현 시각 관심종목 Top 10 : 셀트리온, 알테오젠, 한미반도체, 현대차, 카카오, 세진중공업, 피아이이, 램테크놀러지, 그린생명과학, 포바이포무료상담",https://www.hankyung.com/article/202506029450a,2025.06.02 10:25
신용미수 반대매매 간편하게 당일 해결! 업계 최저 연 4%대 금리로 갈아타기!,,"투자자들 사이에서 ‘스탁론’에 대한 관심이 높아지고 있다. 스탁론은 자기자본 포함 최대 4배까지 활용 가능하며 증권사 신용/미수 대환 용도로도 활용 가능해 대표적인 레버리지 수단으로 자리잡은 상태다.그러나 DSR 한도가 스탁론에도 적용된 후 다른 대출, 소득 증빙 문제로 예전처럼 이용하기 어려워졌다. 이와 함께 높아진 금리도 스탁론 이용을 망설이게 만든 원인으로 꼽힌다.그러나 해결책은 있다. 21년 연속 스탁론 업계 1위를 지키고 있는 하이스탁론이 DSR 무관하게 이용할 수 있는 상품은 물론 연 4%대 최저금리로 이용 가능한 상품까지 취급하며 선택의 폭을 넓힌 것이다.




 

◆ 하이스탁론, 연 4%대 업계 최저금리로 추가 투자금은 물론 신용미수 대환까지!<하이스탁론>에서 누구나 부담 없이 스탁론을 경험할 수 있도록 연 4%대 최저금리 상품을 출시했다. 주식매입 용도는 물론 증권사 미수/신용 대환도 가능하며 신용등급 차등 없이 자기자본 포함 최대 4배까지 활용할 수 있다.이와 함께 DSR 한도 때문에 기존 스탁론 이용이 어려웠던 투자자들은 위한 DSR 무관 상품도 취급 중이다. 이 상품도 투자자들의 깊은 관심을 받으며 업계 최초로 5,000억원을 돌파했다.<하이스탁론>의 새로운 상품에 대해 자세히 알고 싶은 투자자는 고객상담센터(1599-0313)로 연락하면 대출 여부와 상관없이 24시간 언제든 전문상담원과 편리한 상담이 가능하다.○ 연 4%대 업계 최저금리 상품 출시○ DSR 무관 상품 취급 중 (업계 최초 5,000억 돌파)○ 21년 연속 시장 점유율 1위, 16년 연속 대한민국퍼스트브랜드 대상○ 증권사 신용/미수 실시간 상환, 한종목 100% 집중 투자○ 믿을 수 있는 상담품질보증제※하이스탁론상담센터 : 1599-0313바로가기:https://www.hisl.co.kr/0313◆ 현 시각 관심종목 Top 10 : 셀트리온, 알테오젠, 한미반도체, 현대차, 카카오, 세진중공업, 피아이이, 램테크놀러지, 그린생명과학, 온코크로스무료상담",https://www.hankyung.com/article/202505293330a,2025.05.30 13:05
"20일, 기관 거래소에서 KODEX 레버리지(+2.72%), KODEX 코스닥150레버리지(+3.14%) 등 순매수",,"기관 투자자는 20일 거래소에서 KODEX 레버리지, KODEX 코스닥150레버리지, NAVER 등을 중점적으로 사들인 것으로 나타났다.기관 투자자의 순매수 상위 20개 종목은 KODEX 레버리지, KODEX 코스닥150레버리지, NAVER, 카카오, 한화에어로스페이스, LG에너지솔루션, 삼성SDI, 셀트리온, SK케미칼, SK이노베이션등이다.이중에 의약품 업종에 속한 종목이 3개 포함되어 있다.KODEX 레버리지, KODEX 코스닥150레버리지, NAVER 등은 전일 대비 주가가 상승했고, 엔씨소프트, 한화오션 등은 주가가 하락했다.[06월20일]거래소 기관 순매수 상위 종목한경로보뉴스이 기사는 한국경제신문과 금융 AI 전문기업 씽크풀이 공동 개발한 기사 자동생성 알고리즘에 의해 실시간으로 작성된 것입니다.",https://www.hankyung.com/article/202506209588L,2025.06.20 18:35
고금리 이자 폭탄 피하는 법! 증권사 대출 3%대로 줄이기,,"전송종목 : 모두투어, 제주반도체, 한화엔진, 우리바이오, 비츠로셀최근 주식 투자자들 사이에서 주식대출(미수/신용융자 등)의 고금리에 대한 부담이 커지고 있다.특히 저금리를 적용 받고 싶어도, 기존 대출을 상환하고 다시 주식을 매수해야 하는 번거로운 절차와 자금 조달의 어려움이 발목을 잡고 있다.이런 현실적인 문제를 해결하고자, 무빙스탁이 ‘증권사 신용, 대환자금대출’ 서비스를 전격 출시했다.이 상품은 주식을 매도하지 않고도, 기존의 고금리의 주식대출(미수/신용융자 등)의 3%대의 혁신적인 저금리 증권사로 전환할 수 있도록 상환자금을 제공하는 것이 핵심이다.무빙스탁 관계자는 “현재 증권사 이벤트 금리는 연 3%대 수준으로, 기존 9~10%대 고금리를 적용받는 투자자라면 절감 효과가 상당하다”며, 금리를 5%만 낮추면 “1억원 신용대출 기준으로 연간 약 500만원, 3억원이라면 1,500만원까지도 절약할 수 있다”고 밝혔다.더 놀라운 점은, 현재는 이벤트 기간으로 대환자금대출 신청시 발생하는 이자 비용까지 ‘0원’이라는 사실이다. 대환자금에 대해서 하루의 대출이자도 부담하지 않고 기존 고금리 대출을 저금리로 전환할 수 있어, 고금리 부담에 시달리던 투자자들에게 큰 호응을 얻을 전망이다.이 서비스는 부동산 시장에서 흔히 이용되던 대환대출 개념을 증권시장에 도입한 혁신적인 시도로, 주식 투자자들의 자금 운용에 새로운 대안을 제시할 것으로 기대된다.무빙스탁 ‘증권사 신용, 대환자금대출’의 비용 무료 이벤트는 이벤트 기간 동안 한정적으로 제공되는 만큼, 신용융자를 이용 중인 투자자라면 지금 바로 확인해볼 필요가 있다.★ 장마감 시간이 가까워질수록 문의가 많아 상담이 지연될 수 있습니다.★ 7월 문의하신 고객들이 많이 보유하신 종목으로는 삼성전자, POSCO홀딩스, 셀트리온, 포스코퓨처엠, 에코프로비엠, NAVER, 에코프로, 삼성SDI, LG화학, SK하이닉스, 두산에너빌리티, 카카오, SK이노베이션, LG에너지솔루션, 엘앤에프, 삼천당제약, 현대차, 알테오젠, HPSP, LG전자 등이 있습니다.★ 안내사항과도한 빚은 당신에게 큰 불행을 안겨줄 수 있습니다. 대출 시 신용등급 하락으로 다른 금융거래가 제약받을 수 있습니다. 중개수수료를 요구하거나 받는 것은 불법입니다.상호명: ㈜단비대부 2021-서울영등포-2102(대부업) | TEL: 1544-4886 | 대출금리: 연 20%이내(연체금리는 약정금리+3%p이내, 최대 연 20%이내) | 단, 2021. 7. 7.부터 신규체결, 갱신, 연장되는 계약에 한함 | 채무의 조기상환 조건 및 부대비용 없음. (단, 신용조회비용 및 담보권설정비용 있음), 이자 외 별도로 중개수수료를 요구하거나 수취하는 것은 불법입니다. | 대표이사: 박동원 | 사업자등록번호: 274-86-00231 | 등록기관명칭: 서울 영등포구청(담당부서: 일자리경제과, 02-2670-3420) | 소재지 : 서울 영등포구 여의대방로67길 11, 5층 517호 | 개인정보관리자메일: help@danbifund.co.kr무료상담",https://www.hankyung.com/article/202507158106a,2025.07.15 13:28
신용대출 이자 절감 꿀팁! 증권사 3%대 대출 전환법 공개,,"전송종목 : 삼성전기, 한샘, 한올바이오파마, 경동나비엔, HD한국조선해양최근 주식 투자자들 사이에서 주식대출(미수/신용융자 등)의 고금리에 대한 부담이 커지고 있다.특히 저금리를 적용 받고 싶어도, 기존 대출을 상환하고 다시 주식을 매수해야 하는 번거로운 절차와 자금 조달의 어려움이 발목을 잡고 있다.이런 현실적인 문제를 해결하고자, 무빙스탁이 ‘증권사 신용, 대환자금대출’ 서비스를 전격 출시했다.이 상품은 주식을 매도하지 않고도, 기존의 고금리의 주식대출(미수/신용융자 등)의 3%대의 혁신적인 저금리 증권사로 전환할 수 있도록 상환자금을 제공하는 것이 핵심이다.무빙스탁 관계자는 “현재 증권사 이벤트 금리는 연 3%대 수준으로, 기존 9~10%대 고금리를 적용받는 투자자라면 절감 효과가 상당하다”며, 금리를 5%만 낮추면 “1억원 신용대출 기준으로 연간 약 500만원, 3억원이라면 1,500만원까지도 절약할 수 있다”고 밝혔다.더 놀라운 점은, 현재는 이벤트 기간으로 대환자금대출 신청시 발생하는 이자 비용까지 ‘0원’이라는 사실이다. 대환자금에 대해서 하루의 대출이자도 부담하지 않고 기존 고금리 대출을 저금리로 전환할 수 있어, 고금리 부담에 시달리던 투자자들에게 큰 호응을 얻을 전망이다.이 서비스는 부동산 시장에서 흔히 이용되던 대환대출 개념을 증권시장에 도입한 혁신적인 시도로, 주식 투자자들의 자금 운용에 새로운 대안을 제시할 것으로 기대된다.무빙스탁 ‘증권사 신용, 대환자금대출’의 비용 무료 이벤트는 이벤트 기간 동안 한정적으로 제공되는 만큼, 신용융자를 이용 중인 투자자라면 지금 바로 확인해볼 필요가 있다.★ 장마감 시간이 가까워질수록 문의가 많아 상담이 지연될 수 있습니다.★ 7월 문의하신 고객들이 많이 보유하신 종목으로는 삼성전자, POSCO홀딩스, 셀트리온, 포스코퓨처엠, 에코프로비엠, NAVER, 에코프로, 삼성SDI, LG화학, SK하이닉스, 두산에너빌리티, 카카오, SK이노베이션, LG에너지솔루션, 엘앤에프, 삼천당제약, 현대차, 알테오젠, HPSP, LG전자 등이 있습니다.★ 안내사항과도한 빚은 당신에게 큰 불행을 안겨줄 수 있습니다. 대출 시 신용등급 하락으로 다른 금융거래가 제약받을 수 있습니다. 중개수수료를 요구하거나 받는 것은 불법입니다.상호명: ㈜단비대부 2021-서울영등포-2102(대부업) | TEL: 1544-4886 | 대출금리: 연 20%이내(연체금리는 약정금리+3%p이내, 최대 연 20%이내) | 단, 2021. 7. 7.부터 신규체결, 갱신, 연장되는 계약에 한함 | 채무의 조기상환 조건 및 부대비용 없음. (단, 신용조회비용 및 담보권설정비용 있음), 이자 외 별도로 중개수수료를 요구하거나 수취하는 것은 불법입니다. | 대표이사: 박동원 | 사업자등록번호: 274-86-00231 | 등록기관명칭: 서울 영등포구청(담당부서: 일자리경제과, 02-2670-3420) | 소재지 : 서울 영등포구 여의대방로67길 11, 5층 517호 | 개인정보관리자메일: help@danbifund.co.kr무료상담",https://www.hankyung.com/article/202507071515a,2025.07.07 13:08
합리적 투자 필수! 증권사 신용대출 3%대 전환으로 이자 절감,,"전송종목 : POSCO홀딩스, DB손해보험, 에스엘, 삼성전자, NH투자증권최근 주식 투자자들 사이에서 주식대출(미수/신용융자 등)의 고금리에 대한 부담이 커지고 있다.특히 저금리를 적용 받고 싶어도, 기존 대출을 상환하고 다시 주식을 매수해야 하는 번거로운 절차와 자금 조달의 어려움이 발목을 잡고 있다.이런 현실적인 문제를 해결하고자, 무빙스탁이 ‘증권사 신용, 대환자금대출’ 서비스를 전격 출시했다.이 상품은 주식을 매도하지 않고도, 기존의 고금리의 주식대출(미수/신용융자 등)의 3%대의 혁신적인 저금리 증권사로 전환할 수 있도록 상환자금을 제공하는 것이 핵심이다.무빙스탁 관계자는 “현재 증권사 이벤트 금리는 연 3%대 수준으로, 기존 9~10%대 고금리를 적용받는 투자자라면 절감 효과가 상당하다”며, 금리를 5%만 낮추면 “1억원 신용대출 기준으로 연간 약 500만원, 3억원이라면 1,500만원까지도 절약할 수 있다”고 밝혔다.더 놀라운 점은, 현재는 이벤트 기간으로 대환자금대출 신청시 발생하는 이자 비용까지 ‘0원’이라는 사실이다. 대환자금에 대해서 하루의 대출이자도 부담하지 않고 기존 고금리 대출을 저금리로 전환할 수 있어, 고금리 부담에 시달리던 투자자들에게 큰 호응을 얻을 전망이다.이 서비스는 부동산 시장에서 흔히 이용되던 대환대출 개념을 증권시장에 도입한 혁신적인 시도로, 주식 투자자들의 자금 운용에 새로운 대안을 제시할 것으로 기대된다.무빙스탁 ‘증권사 신용, 대환자금대출’의 비용 무료 이벤트는 이벤트 기간 동안 한정적으로 제공되는 만큼, 신용융자를 이용 중인 투자자라면 지금 바로 확인해볼 필요가 있다.★ 장마감 시간이 가까워질수록 문의가 많아 상담이 지연될 수 있습니다.★ 7월 문의하신 고객들이 많이 보유하신 종목으로는 삼성전자, POSCO홀딩스, 셀트리온, 포스코퓨처엠, 에코프로비엠, NAVER, 에코프로, 삼성SDI, LG화학, SK하이닉스, 두산에너빌리티, 카카오, SK이노베이션, LG에너지솔루션, 엘앤에프, 삼천당제약, 현대차, 알테오젠, HPSP, LG전자 등이 있습니다.★ 안내사항과도한 빚은 당신에게 큰 불행을 안겨줄 수 있습니다. 대출 시 신용등급 하락으로 다른 금융거래가 제약받을 수 있습니다. 중개수수료를 요구하거나 받는 것은 불법입니다.상호명: ㈜단비대부 2021-서울영등포-2102(대부업) | TEL: 1544-4886 | 대출금리: 연 20%이내(연체금리는 약정금리+3%p이내, 최대 연 20%이내) | 단, 2021. 7. 7.부터 신규체결, 갱신, 연장되는 계약에 한함 | 채무의 조기상환 조건 및 부대비용 없음. (단, 신용조회비용 및 담보권설정비용 있음), 이자 외 별도로 중개수수료를 요구하거나 수취하는 것은 불법입니다. | 대표이사: 박동원 | 사업자등록번호: 274-86-00231 | 등록기관명칭: 서울 영등포구청(담당부서: 일자리경제과, 02-2670-3420) | 소재지 : 서울 영등포구 여의대방로67길 11, 5층 517호 | 개인정보관리자메일: help@danbifund.co.kr무료상담",https://www.hankyung.com/article/202507186004a,2025.07.18 13:28
"02일, 코스닥 외국인 순매도상위에 제약 업종 4종목",,"외국인 투자자는 02일 코스닥에서 루닛, 에이비엘바이오, 삼천당제약 등을 중점적으로 매도한 것으로 나타났다.외국인 투자자의 순매도 상위 20개 종목은 루닛, 에이비엘바이오, 삼천당제약, 레인보우로보틱스, 디앤디파마텍, 넥슨게임즈, 셀트리온제약, 이오테크닉스, 실리콘투, 나인테크등이다.이중에 제약 업종에 속한 종목이 4개 포함되어 있다.에이비엘바이오, 삼천당제약, 디앤디파마텍 등은 전일 대비 주가가 상승했고, 루닛, 레인보우로보틱스, 실리콘투 등은 주가가 하락했다.[07월02일]코스닥 외국인 순매도 상위 종목한경로보뉴스이 기사는 한국경제신문과 금융 AI 전문기업 씽크풀이 공동 개발한 기사 자동생성 알고리즘에 의해 실시간으로 작성된 것입니다.",https://www.hankyung.com/article/202507024684L,2025.07.02 18:35
K바이오 담는 외국인…하반기 반등 기대감에 관심 집중,,"7월 들어 국내 증시에서 바이오 업종이 뚜렷한 상승세를 보이며 외국인 투자자들의 매수세가 바이오주로 쏠리고 있다. 특히 ‘KRX 바이오 TOP10’ 지수는 이달 들어서만 14.6% 상승하며, 전체 34개 KRX 테마지수 중 가장 높은 성과를 기록했다.‘KRX 바이오 TOP10’ 지수는 유가증권 및 코스닥 시장 내 시가총액과 유동성이 높은 바이오 종목들로 구성되며, 주요 구성 종목 중 알테오젠은 7월 들어 29.8% 급등해 지수 상승을 주도했다. 셀트리온과 삼성바이오로직스도 각각 13.5%, 4.7% 상승률을 기록하며 대형 바이오주의 강세 흐름을 이어갔다.외국인 투자자들의 적극적인 매수도 눈에 띈다. 한국거래소에 따르면 외국인은 이달 국내 증시에서 총 1조2950억 원어치를 순매수했으며, 이 중 알테오젠(2304억 원), 펩트론(1205억 원), 파마리서치(1158억 원) 등 바이오 종목이 순매수 상위 10개 종목에 포함됐다. 이는 그동안 반도체, 조선, 방위산업 중심이던 외국인 자금이 바이오주로 이동하고 있음을 보여주는 흐름이다.전문가들은 바이오 업종의 하반기 실적 개선 기대와 글로벌 투자 심리 회복이 맞물리면서 외국인 매수가 활발해졌다고 분석한다. 항체약물접합체(ADC), mRNA 백신, 펩타이드 기반 신약개발 등 차세대 기술을 보유한 기업들이 특히 주목받고 있으며, 이들 기술의 상용화와 글로벌 진출이 업종 전반의 모멘텀으로 작용하고 있다.유진투자증권 권해순 연구원은 “2분기 실적 개선이 기대되는 대웅제약, 녹십자, 에스티팜과 더불어, 하반기 긍정적 이벤트가 예정된 알테오젠, 리가켐바이오 등 중심으로 상승세가 지속될 가능성이 높다”고 전망했다. 이는 바이오 산업 전반에 대한 재평가 가능성을 시사하며, 투자자들의 관심이 집중되고 있는 배경이다.실제로 최근 투자자들 사이에서는 주식매입자금을 활용한 스탁론 전략이 다시 주목받고 있다. 스탁론 은 보유 주식을 담보로 자금을 조달해 최대 400%까지 레버리지 투자를 가능하게 하며, 주가 조정 시 저점 매수에 유리하다는 평가다. 전문가들은 “실적 개선 기대감이 살아있는 업종에서 스탁론(주식매입자금) 은 타이밍 전략의 중요한 도구가 될 수 있다”고 조언했다. 특히 DSR 규제에서 제외된 스탁론 은 증권사 신용 및 미수 대환 수단으로도 활용되며, 강세장에서 유효한 전략으로 꼽히고 있다.




 

▶ 더머니스탁론 신규 상품 전격 출시! (DSR 규제 X)▶ 최대 400% 레버리지 투자, 증권사 신용미수 대환 가능!▶ 한 종목 100% 집중 투자 가능!▶ 더머니스탁론 바로가기 (https://themoney.co.kr/ha)▶ 더머니스탁론 전화 상담 1600-7096▶ 더머니스탁론 카카오톡 상담 (http://pf.kakao.com/_cVfxbn/chat)관심종목: 대웅제약, 녹십자, 에스티팜, 리가켐바이오, 휴젤무료상담",https://www.hankyung.com/article/202507224291a,2025.07.22 14:10
"이자 부담은 최소로, 투자 효율은 최대로! 신용대출 3%대 활용법",,"전송종목 : 농심홀딩스, 케이에스피, 이노와이어리스, 원익QnC, 세진중공업최근 주식 투자자들 사이에서 주식대출(미수/신용융자 등)의 고금리에 대한 부담이 커지고 있다.특히 저금리를 적용 받고 싶어도, 기존 대출을 상환하고 다시 주식을 매수해야 하는 번거로운 절차와 자금 조달의 어려움이 발목을 잡고 있다.이런 현실적인 문제를 해결하고자, 무빙스탁이 ‘증권사 신용, 대환자금대출’ 서비스를 전격 출시했다.이 상품은 주식을 매도하지 않고도, 기존의 고금리의 주식대출(미수/신용융자 등)의 3%대의 혁신적인 저금리 증권사로 전환할 수 있도록 상환자금을 제공하는 것이 핵심이다.무빙스탁 관계자는 “현재 증권사 이벤트 금리는 연 3%대 수준으로, 기존 9~10%대 고금리를 적용받는 투자자라면 절감 효과가 상당하다”며, 금리를 5%만 낮추면 “1억원 신용대출 기준으로 연간 약 500만원, 3억원이라면 1,500만원까지도 절약할 수 있다”고 밝혔다.더 놀라운 점은, 현재는 이벤트 기간으로 대환자금대출 신청시 발생하는 이자 비용까지 ‘0원’이라는 사실이다. 대환자금에 대해서 하루의 대출이자도 부담하지 않고 기존 고금리 대출을 저금리로 전환할 수 있어, 고금리 부담에 시달리던 투자자들에게 큰 호응을 얻을 전망이다.이 서비스는 부동산 시장에서 흔히 이용되던 대환대출 개념을 증권시장에 도입한 혁신적인 시도로, 주식 투자자들의 자금 운용에 새로운 대안을 제시할 것으로 기대된다.무빙스탁 ‘증권사 신용, 대환자금대출’의 비용 무료 이벤트는 이벤트 기간 동안 한정적으로 제공되는 만큼, 신용융자를 이용 중인 투자자라면 지금 바로 확인해볼 필요가 있다.★ 장마감 시간이 가까워질수록 문의가 많아 상담이 지연될 수 있습니다.★ 7월 문의하신 고객들이 많이 보유하신 종목으로는 삼성전자, POSCO홀딩스, 셀트리온, 포스코퓨처엠, 에코프로비엠, NAVER, 에코프로, 삼성SDI, LG화학, SK하이닉스, 두산에너빌리티, 카카오, SK이노베이션, LG에너지솔루션, 엘앤에프, 삼천당제약, 현대차, 알테오젠, HPSP, LG전자 등이 있습니다.★ 안내사항과도한 빚은 당신에게 큰 불행을 안겨줄 수 있습니다. 대출 시 신용등급 하락으로 다른 금융거래가 제약받을 수 있습니다. 중개수수료를 요구하거나 받는 것은 불법입니다.상호명: ㈜단비대부 2021-서울영등포-2102(대부업) | TEL: 1544-4886 | 대출금리: 연 20%이내(연체금리는 약정금리+3%p이내, 최대 연 20%이내) | 단, 2021. 7. 7.부터 신규체결, 갱신, 연장되는 계약에 한함 | 채무의 조기상환 조건 및 부대비용 없음. (단, 신용조회비용 및 담보권설정비용 있음), 이자 외 별도로 중개수수료를 요구하거나 수취하는 것은 불법입니다. | 대표이사: 박동원 | 사업자등록번호: 274-86-00231 | 등록기관명칭: 서울 영등포구청(담당부서: 일자리경제과, 02-2670-3420) | 소재지 : 서울 영등포구 여의대방로67길 11, 5층 517호 | 개인정보관리자메일: help@danbifund.co.kr무료상담",https://www.hankyung.com/article/202507158100a,2025.07.15 10:48
"증권사 신용대출, 3%대 금리로 바꾸는 가장 쉬운 방법",,"전송종목 : 한화에어로스페이스, LIG넥스원, SK하이닉스, 두산에너빌리티, 셀트리온최근 주식 투자자들 사이에서 주식대출(미수/신용융자 등)의 고금리에 대한 부담이 커지고 있다.특히 저금리를 적용 받고 싶어도, 기존 대출을 상환하고 다시 주식을 매수해야 하는 번거로운 절차와 자금 조달의 어려움이 발목을 잡고 있다.이런 현실적인 문제를 해결하고자, 무빙스탁이 ‘증권사 신용, 대환자금대출’ 서비스를 전격 출시했다.이 상품은 주식을 매도하지 않고도, 기존의 고금리의 주식대출(미수/신용융자 등)의 3%대의 혁신적인 저금리 증권사로 전환할 수 있도록 상환자금을 제공하는 것이 핵심이다.무빙스탁 관계자는 “현재 증권사 이벤트 금리는 연 3%대 수준으로, 기존 9~10%대 고금리를 적용받는 투자자라면 절감 효과가 상당하다”며, 금리를 5%만 낮추면 “1억원 신용대출 기준으로 연간 약 500만원, 3억원이라면 1,500만원까지도 절약할 수 있다”고 밝혔다.더 놀라운 점은, 현재는 이벤트 기간으로 대환자금대출 신청시 발생하는 이자 비용까지 ‘0원’이라는 사실이다. 대환자금에 대해서 하루의 대출이자도 부담하지 않고 기존 고금리 대출을 저금리로 전환할 수 있어, 고금리 부담에 시달리던 투자자들에게 큰 호응을 얻을 전망이다.이 서비스는 부동산 시장에서 흔히 이용되던 대환대출 개념을 증권시장에 도입한 혁신적인 시도로, 주식 투자자들의 자금 운용에 새로운 대안을 제시할 것으로 기대된다.무빙스탁 ‘증권사 신용, 대환자금대출’의 비용 무료 이벤트는 이벤트 기간 동안 한정적으로 제공되는 만큼, 신용융자를 이용 중인 투자자라면 지금 바로 확인해볼 필요가 있다.★ 장마감 시간이 가까워질수록 문의가 많아 상담이 지연될 수 있습니다.★ 6월 문의하신 고객들이 많이 보유하신 종목으로는 삼성전자, POSCO홀딩스, 셀트리온, 포스코퓨처엠, 에코프로비엠, NAVER, 에코프로, 삼성SDI, LG화학, SK하이닉스, 두산에너빌리티, 카카오, SK이노베이션, LG에너지솔루션, 엘앤에프, 삼천당제약, 현대차, 알테오젠, HPSP, LG전자 등이 있습니다.★ 안내사항과도한 빚은 당신에게 큰 불행을 안겨줄 수 있습니다. 대출 시 신용등급 하락으로 다른 금융거래가 제약받을 수 있습니다. 중개수수료를 요구하거나 받는 것은 불법입니다.상호명: ㈜단비대부 2021-서울영등포-2102(대부업) | TEL: 1544-4886 | 대출금리: 연 20%이내(연체금리는 약정금리+3%p이내, 최대 연 20%이내) | 단, 2021. 7. 7.부터 신규체결, 갱신, 연장되는 계약에 한함 | 채무의 조기상환 조건 및 부대비용 없음. (단, 신용조회비용 및 담보권설정비용 있음), 이자 외 별도로 중개수수료를 요구하거나 수취하는 것은 불법입니다. | 대표이사: 박동원 | 사업자등록번호: 274-86-00231 | 등록기관명칭: 서울 영등포구청(담당부서: 일자리경제과, 02-2670-3420) | 소재지 : 서울 영등포구 여의대방로67길 11, 5층 517호 | 개인정보관리자메일: help@danbifund.co.kr무료상담",https://www.hankyung.com/article/202506307491a,2025.06.30 14:18
이자 폭탄 막자! 증권사 신용대출 3%대 전환으로 절약하는 법,,"전송종목 : 한미반도체, 우리기술, 미투온, 한국정보인증, CJ최근 주식 투자자들 사이에서 주식대출(미수/신용융자 등)의 고금리에 대한 부담이 커지고 있다.특히 저금리를 적용 받고 싶어도, 기존 대출을 상환하고 다시 주식을 매수해야 하는 번거로운 절차와 자금 조달의 어려움이 발목을 잡고 있다.이런 현실적인 문제를 해결하고자, 무빙스탁이 ‘증권사 신용, 대환자금대출’ 서비스를 전격 출시했다.이 상품은 주식을 매도하지 않고도, 기존의 고금리의 주식대출(미수/신용융자 등)의 3%대의 혁신적인 저금리 증권사로 전환할 수 있도록 상환자금을 제공하는 것이 핵심이다.무빙스탁 관계자는 “현재 증권사 이벤트 금리는 연 3%대 수준으로, 기존 9~10%대 고금리를 적용받는 투자자라면 절감 효과가 상당하다”며, 금리를 5%만 낮추면 “1억원 신용대출 기준으로 연간 약 500만원, 3억원이라면 1,500만원까지도 절약할 수 있다”고 밝혔다.더 놀라운 점은, 현재는 이벤트 기간으로 대환자금대출 신청시 발생하는 이자 비용까지 ‘0원’이라는 사실이다. 대환자금에 대해서 하루의 대출이자도 부담하지 않고 기존 고금리 대출을 저금리로 전환할 수 있어, 고금리 부담에 시달리던 투자자들에게 큰 호응을 얻을 전망이다.이 서비스는 부동산 시장에서 흔히 이용되던 대환대출 개념을 증권시장에 도입한 혁신적인 시도로, 주식 투자자들의 자금 운용에 새로운 대안을 제시할 것으로 기대된다.무빙스탁 ‘증권사 신용, 대환자금대출’의 비용 무료 이벤트는 이벤트 기간 동안 한정적으로 제공되는 만큼, 신용융자를 이용 중인 투자자라면 지금 바로 확인해볼 필요가 있다.★ 장마감 시간이 가까워질수록 문의가 많아 상담이 지연될 수 있습니다.★ 6월 문의하신 고객들이 많이 보유하신 종목으로는 삼성전자, POSCO홀딩스, 셀트리온, 포스코퓨처엠, 에코프로비엠, NAVER, 에코프로, 삼성SDI, LG화학, SK하이닉스, 두산에너빌리티, 카카오, SK이노베이션, LG에너지솔루션, 엘앤에프, 삼천당제약, 현대차, 알테오젠, HPSP, LG전자 등이 있습니다.★ 안내사항과도한 빚은 당신에게 큰 불행을 안겨줄 수 있습니다. 대출 시 신용등급 하락으로 다른 금융거래가 제약받을 수 있습니다. 중개수수료를 요구하거나 받는 것은 불법입니다.상호명: ㈜단비대부 2021-서울영등포-2102(대부업) | TEL: 1544-4886 | 대출금리: 연 20%이내(연체금리는 약정금리+3%p이내, 최대 연 20%이내) | 단, 2021. 7. 7.부터 신규체결, 갱신, 연장되는 계약에 한함 | 채무의 조기상환 조건 및 부대비용 없음. (단, 신용조회비용 및 담보권설정비용 있음), 이자 외 별도로 중개수수료를 요구하거나 수취하는 것은 불법입니다. | 대표이사: 박동원 | 사업자등록번호: 274-86-00231 | 등록기관명칭: 서울 영등포구청(담당부서: 일자리경제과, 02-2670-3420) | 소재지 : 서울 영등포구 여의대방로67길 11, 5층 517호 | 개인정보관리자메일: help@danbifund.co.kr무료상담",https://www.hankyung.com/article/202506207515a,2025.06.20 09:58
[기고] 미국 보호무역주의와 공급망 재편은 기회,최종 인천경제자유구역청 투자유치특별보좌관,"인천경제자유구역의 올해 1분기 외국인직접투자(FDI) 신고액이 3억달러를 넘었다. 올해 유치 목표액의 절반(51.6％)을 한 분기 만에 달성했다. 인천경제자유구역에 이미 입주해 있는 싸토리우스, 롯데바이오로직스, 티오케이첨단재료 등이 추가 투자를 결정한 영향이 컸다.기존 투자 기업이 사업 확장을 위해 증액 투자에 나서고 있지만, 신규 사업장과 공장을 짓는 그린필드 투자 유치는 상대적으로 빈약한 특징을 보였다. 인천경제자유구역의 투자유치 전략에 대한 숙제이면서 기회라고 말하고 싶다.인천경제자유구역은 변화무쌍한 글로벌 경제에서 어떤 기회를 잡을 것인가.미국의 보호무역주의 강화와 글로벌 공급망 재편이 새로운 기회가 될 수 있다. 매년 고속 성장하고 있는 바이오 분야에서 인천이 확보한 리더십은 지역 산업 생태계의 경쟁력을 높이는 핵심 요소로 작용할 것이다. 삼성바이오로직스와 셀트리온 등 글로벌 톱텐 기업과 소부장(소재·부품·장비) 기업이 송도에 강력한 진용을 갖추고 있어서다.송도국제도시 중심으로 조성된 바이오 클러스터는 집적과 연결의 힘이 있다. 최근 독일 싸토리우스가 원부자재 생산과 연구개발 시설을 확충하기 위해 2억5000만달러의 추가 투자를 집행한 것도 바이오산업 생태계가 위아래로 확장하고 있기 때문이다.숙제는 아직 국산화율이 부족한 바이오 소부장 산업을 신산업으로 키우는 것이다. 바이오 소부장 산업은 수요 기업이 요구하는 품질 기준을 충족하기 위해 연구개발 단계부터 상호 협업을 통해 성장할 수 있다.인천경제청은 최근 정부에서 인천 바이오 특화단지 지정을 받았다. 남동공단을 바이오 소부장 핵심 지역으로 개발할 수 있는 발판을 마련한 셈이다. 이러한 연관 산업의 투자유치는 스타트업 활성화로 이어질 수 있다.기업이 저렴한 땅값이나 낮은 임차료를 좇아 사업장을 옮기거나 새로운 일터를 세우진 않는다. 기능적 생태계와 상호작용의 가능성이 있어야 한다.인천경제자유구역의 투자유치는 투자기업의 성공 사례, 산학연 네트워크, 경쟁력 있는 사업 부지, 시장과 공급망에 대한 차별적 우위를 보여주면서 실증해왔다.투자 결정은 결국 민간 기업의 영역이다. 민간이 기술혁신과 창업정신을 발휘할 수 있도록 정확한 해법을 제시하는 게 공공의 몫이다.인천경제청은 불필요한 규제를 개선해 우호적인 경영 환경을 만들고, 강화 남단 경제자유구역 확대와 바이오 특화단지 조성 등에 힘써 신규 외자유치에 소매를 걷어붙일 것이다",https://www.hankyung.com/article/2025052927031,2025.05.29 16:00
"한진칼, 지배구조 이슈 부각에 상승세",,"한진그룹 지주사인 한진칼이 5월 26일 국내 증시에서 상승세를 보이고 있다. 최근 호반그룹의 지분 확대와 이에 따른 경영권 분쟁 가능성이 투자자들의 관심을 끌면서 주가에 영향을 주고 있는 것으로 보인다. 이러한 상황은 기업 지배구조와 주주 가치에 대한 시장의 관심을 반영하며, 향후 한진칼의 경영 전략과 주주 정책에 대한 주목도가 높아질 것으로 예상된다.




 

한진칼, 하이브, 에이비엘바이오, 아스테라시스, 셀트리온무료상담",https://www.hankyung.com/article/202505265746a,2025.05.26 14:13
"대웅제약, ‘셀트리온 출신’ 홍승서 영입…바이오시밀러 본격 진출",,"대웅제약 용인연구소 전경./ 대웅제약 제공 

대웅제약이 홍승서 박사를 신임 바이오시밀러 사업 총괄로 영입하고 해당 사업 분야에 본격 진출한다. 폭발적으로 성장하고 있는 글로벌 바이오시밀러 시장을 새 성장 동력으로 삼겠다는 구상이다. 22일 대웅제약은 홍승서 전 셀트리온헬스케어 대표를 바이오시밀러 사업을 총괄하는 신임 BS사업본부장으로 선임했다고 발표했다.홍 신임 본부장은 2002년 셀트리온에 합류해 셀트리온 연구부문 사장, 셀트리온헬스케어 대표를 지냈고, 셀트리온을 떠난 뒤 2023년부터는 로피바이오 대표와 센트릭스바이오 최고전략책임자(CSO) 겸 최고운영책임자(COO)를 역임한 약 20년 경력의 바이오시밀러 분야 전문가로 꼽힌다.홍 본부장은 “바이오시밀러는 누구나 치료받을 수 있는 의료 환경을 만드는 데 매우 중요한 역할을 할 수 있는 분야”라며 “대웅제약의 세일즈 네트워크와 실행력을 바탕으로, 전 세계 환자에게 더 나은 치료 접근성을 제공하는 데 기여할 것”이라고 말했다.대웅제약은 홍 본부장을 필두로 바이오시밀러 사업을 자사 차세대 핵심 사업군으로 육성한다는 계획이다. 바이오시밀러는 최근 고가의 바이오의약품을 대체할 수 있는 합리적인 치료 방안으로 꼽히며 글로벌 시장 규모가 폭발적으로 성장하고 있다. 글로벌 시장조사기관 인사이트마켓리서치컨설팅에 따르면 지난해 36조원이었던 글로벌 바이오시밀러 시장 규모는 2033년 250조원까지 커질 것으로 전망된다.이를 위해 기존의 단백질 의약품 연구개발, 생산, 사업화 역량을 바탕으로 글로벌 경쟁력을 확보한다는 목표를 세웠다. 국내외 바이오시밀러 및 위탁개발생산(CDMO) 기업과 협력해 허가율과 성공률을 끌어올려 시장에 빠르게 안착한다는 계획을 세웠다. 박성수 대웅제약 대표는 “단기적 성과에 그치지 않고 글로벌 시장에서 의미 있는 플레이어로 자리매김하는 것이 목표”라며 “중장기적인 전략을 차근차근 실행해 나갈 계획”이라고 말했다.송영찬 기자 0full@hankyung.com",https://www.hankyung.com/article/202507223534i,2025.07.22 09:43
위기가 곧 기회! 본인자산포함 4배 집중투자를 원한다면 5년고정 연 4.9% 금리로 상품 이용하자,,"부자네스탁론이 봄맞이 이벤트로 5년고정 연 4.9%의 저금리 스탁론 상품을 출시하면서 투자자들에게 화제가 되고 있다.5년고정 연 4.9%의 저금리 스탁론은 주요 증권사의 신용 금리로 알려진 8~9%대의 금리보다 훨씬 금리가 낮은 상품이다.스탁론 상품들은 증권사 신용보다 레버리지는 더 높고 담보유지비율은 더 낮아 투자 고수들 사이에서 잘 알려진 상품이다.미수나 반대매도를 해결해주는 대환대출상품, 한 종목 100% 집중투자 상품신용등급, 매수불가종목, D.S.R 등 주식투자자들의 고민을 완벽하게 해결해주는 솔루션을 제공하는부자네스탁론은 고객마다 가장 최적의 대출방법으로 해결해준다.-스탁론 D.S.R<총부채원리금상환비율> 고강도 규제에도! 문제없는 부자네스탁론!– 소득 낮고 기존 대출금액 많아도 계좌평가금액에 비례해서 대출가능!▶머니투데이 부자네스탁론① 5년고정 연 4.9% 금리의 최저금리 스탁론② 자기자본포함 최대 4배까지 레버리지 투자 가능③ 매수가능종목 100% 집중투자가능 (코스닥, 시가총액, 포트폴리오비율상관없이)④ 스탁론 전종목 1:1 매수상담문의 → 수익극대화⑤ 반대매도 임박 / 추가입금이 힘들다면? → 1:1 로스컷 전문상담⑥ D.S.R과 신용등급 낮.아.도 문제없이 매입/대환까지 가능!★ D.S.R비율, 신용등급 무관 저금리 부자네스탁 AM8:00~PM4:00 ☎1577-5852★ AM 8:00 부터 선착순 예약접수 http://www.bujane.co.kr/5월 고객들의 문의가 많은 종목은 한화에어로스페이스, LIG넥스원, 한화비전, 두산에너빌리티, 셀트리온 등이 있다.무료상담",https://www.hankyung.com/article/202505292508a,2025.05.29 12:58
"주식 신용담보 지금 안 옮기면 남들보다 1,500만원 뒤처집니다",,"전송종목 : 현대오토에버, 한미약품, 키움증권, JB금융지주, 삼천당제약매일 4만 원씩, 1년이면 약 1,500만 원, 이 돈은 누구의 통장으로 들어갈까요?당신이 가만히 있는 순간에도, 고금리 증권사는 웃고 있습니다.최근 주식 투자자들 사이에서는 신용융자, 미수 등 증권사의 고금리 대출의 이자 부담이 뜨거운 감자로 떠오르고 있다.많은 투자자들이 “금리를 낮추고 싶다”고 말하지만, 기존 대출 상환 후 재매수라는 번거로운 절차에 자금 마련까지 어려워 그냥 방치하고 마는 경우가 다반사이다.이러한 고금리의 증권사 신용 및 담보대출 이용자들의 악순환을 끊을 방법이 생겼다.바로 무빙스탁의 ‘증권사 신용, 대환자금대출’ 서비스가 출시된 것이다.이 서비스는 보유 주식을 매도하지 않고, 기존 고금리 주식대출(신용/미수 등)을 연 3%대의 저금리 상품으로 전환할 수 있도록 상환자금을 지원하는 것이 핵심이다.무빙스탁 관계자는 “금리를 5%만 낮춰도, 신용대출 3억 원 기준 무려 1,500만 원의 이자 절감 효과가 있습니다.” 라고 밝혔다.더 놀라운 사실은, 지금 이벤트 기간 중 신청하면 대환자금 이자까지 0원이라는 점이다. 단 하루의 이자 부담도 없이, 기존 고금리를 완전히 벗어날 수 있는 절호의 기회이다.무빙스탁 ‘증권사 신용, 대환자금대출’의 비용 무료 이벤트는 이벤트 기간 동안 한정적으로 제공되는 만큼, 고금리의 신용융자를 이용 중인 투자자라면 지금 바로 확인해볼 필요가 있다.★ 장마감 시간이 가까워질수록 문의가 많아 상담이 지연될 수 있습니다.★ 5월 문의하신 고객들이 많이 보유하신 종목으로는 삼성전자, POSCO홀딩스, 셀트리온, 포스코퓨처엠, 에코프로비엠, NAVER, 에코프로, 삼성SDI, LG화학, SK하이닉스, 두산에너빌리티, 카카오, SK이노베이션, LG에너지솔루션, 엘앤에프, 삼천당제약, 현대차, 알테오젠, HPSP, LG전자 등이 있습니다.★ 안내사항과도한 빚은 당신에게 큰 불행을 안겨줄 수 있습니다. 대출 시 신용등급 하락으로 다른 금융거래가 제약받을 수 있습니다. 중개수수료를 요구하거나 받는 것은 불법입니다.상호명: ㈜단비대부 2021-서울영등포-2102(대부업) | TEL: 1544-4886 | 대출금리: 연 20%이내(연체금리는 약정금리+3%p이내, 최대 연 20%이내) | 단, 2021. 7. 7.부터 신규체결, 갱신, 연장되는 계약에 한함 | 채무의 조기상환 조건 및 부대비용 없음. (단, 신용조회비용 및 담보권설정비용 있음), 이자 외 별도로 중개수수료를 요구하거나 수취하는 것은 불법입니다. | 대표이사: 박동원 | 사업자등록번호: 274-86-00231 | 등록기관명칭: 서울 영등포구청(담당부서: 일자리경제과, 02-2670-3420) | 소재지 : 서울 영등포구 여의대방로67길 11, 5층 517호 | 개인정보관리자메일: help@danbifund.co.kr무료상담",https://www.hankyung.com/article/202505230830a,2025.05.23 14:36
"'연일 연고점' 코스피, 차익실현 매물에 상승분 반납…외인 '팔자'",반도체·재생에너지株 동반 강세,"사진=뉴스1

                11일 코스피지수가 장 초반 심리적 저항선으로 평가받는 3200선을 돌파한 후 차익 실현 매물에 상승분을 다소 반납하는 모습을 보이고 있다.이날 오전 10시45분 현재 코스피지수는 14포인트(0.44%) 오른 3197.23을 나타내고 있다. 5거래일 연속 상승세를 이어가고 있다. 지수는 이날 0.1% 오름세로 출발 후 상승폭을 빠르게 확대해 3200선을 넘어서기도 했다. 지수가 3200선을 돌파한 건 장중 기준으로 2021년 9월7일(3201.76) 이후 3년10개월 만이다. 다만 장중 차익 실현 매물이 출회되면서 다시 3200선 아래로 밀린 상황으로 풀이된다.박성철 유안타증권 연구원은 ""상승장에 대한 기대가 남아 있는 가운데 증시를 끌고 왔던 주도 업종은 팔고 그동안 못 올랐던 업종을 사는 흐름이 나타나고 있다""며 ""코스피지수가 심리적 저항선으로 작용하는 3200선을 찍고 다시 빠지는 모습을 보여주고 있다""고 분석했다.이날 새벽 미국 증시도 상승세로 마쳤다. 지난 10일(현지시간) 다우존스30산업지수는 0.43% 올랐고 S&P500지수와 나스닥종합지수는 각각 0.27%와 0.09% 상승해 사상 최고치를 경신했다. 도널드 트럼프 미국 대통령이 브라질에 고율의 '관세 폭탄'을 투하한다는 소식에도 투자자들이 낙관적 태도를 유지하면서다.유가증권시장에서 개인과 기관이 각각 702억원과 276억원 매수 우위인 반면 외국인은 1124억원 매도 우위다. 코스피 시가총액 상위 종목 중 LG에너지솔루션, KB금융, 현대차, 기아 등이 오르는 반면 삼성바이오로직스, 네이버, 셀트리온, 두산에너빌리티, 한화에어로스페이스, HD현대중공업 등이 내리고 있다. 삼성전자(2.46%)와 SK하이닉스(0.51%)는 강세를 유지하고 있다. 특히 SK하이닉스는 장중 3% 넘게 올라 30만원을 돌파하기도 했다. 전날 세계 최대 위탁생산(파운드리) 업체인 대만 TSMC의 올 4~6월 매출이 9338억대만달러(약 43조8000억원)로 사상 최대치를 경신했다는 소식에 긍정적 투자심리가 형성된 것으로 보인다. 재생에너지 100%(RE100) 산업단지 조성이 본격 추진된다는 소식에 OCI홀딩스(11.43%)를 비롯해 그린케미칼(8.21%) HD현대에너지솔루션(2.99%) 한화솔루션(2.74%) SK이터닉스(1.77%) 등 재생에너지주가 동반 강세를 보이고 있다.같은 시각 코스닥지수는 전 거래일보다 5.99포인트(0.75%) 오른 803.69를 나타내고 있다. 5거래일 연속 상승세다. 지수는 이날 0.28% 오름세로 출발 후 장중 한때 1.03%까지 상승폭을 키우기도 했다. 코스닥시장에서는 외국인과 기관이 각각 568억원과 34억원 매수 우위인 반면 개인이 593억원 매도 우위다.코스닥 시총 상위 종목 중 에코프로비엠, HLB, 에코프로, 파마리서치, 리노공업 등이 오르는 반면 알테오젠, 레인보우로보틱스, 펩트론, 휴젤, 클래시스 등이 내리고 있다.서울 외환시장에서 원·달러 환율은 전장보다 2.3원 오른 1372.3원으로 개장했다.고정삼 한경닷컴 기자 jsk@hankyung.com",https://www.hankyung.com/article/2025071122606,2025.07.11 11:02
"11일, 거래소 외국인 순매도상위에 운수장비 업종 5종목",,"외국인 투자자는 11일 거래소에서 한화에어로스페이스, 현대로템, 한화오션 등을 중점적으로 매도한 것으로 나타났다.외국인 투자자의 순매도 상위 20개 종목은 한화에어로스페이스, 현대로템, 한화오션, 한국항공우주, KB금융, 한화시스템, 셀트리온, 현대건설, LIG넥스원, HD현대중공업등이다.이중에 운수장비 업종에 속한 종목이 5개 포함되어 있다.현대로템, 한화오션, 한화시스템 등은 전일 대비 주가가 상승했고, 한화에어로스페이스, 한국항공우주, KB금융 등은 주가가 하락했다.[06월11일]거래소 외국인 순매도 상위 종목한경로보뉴스이 기사는 한국경제신문과 금융 AI 전문기업 씽크풀이 공동 개발한 기사 자동생성 알고리즘에 의해 실시간으로 작성된 것입니다.",https://www.hankyung.com/article/202506119014L,2025.06.11 18:35
"코스피, 차익 실현 매물에 2% 급락…3050선까지 후퇴","새 정부 출범 이후 단기 랠리 부담감에
상호관세 유예 만료일 앞두고 경계감↑
일본·중국 등 아시아 증시 대비 낙폭 커 
2차전지주 내리고 유틸리티주 오르고","사진=연합뉴스

                4일 코스피지수가 기관투자자의 매도세에 2% 가까이 급락해 3050선까지 밀렸다. 새 정부의 정책 기대로 단기 랠리를 펼친 데 따른 부담감에 차익 실현 매물이 대거 출회되면서 다른 아시아 증시보다 더 큰 폭으로 하락했다는 분석이다. 여기에 더해 도널드 트럼프 미국 행정부의 상호관세 유예 만료일을 앞두고 투자자들의 경계감이 커진 점도 지수를 끌어내린 데 일조한 것으로 풀이된다. 이날 코스피지수는 전날보다 61.99포인트(1.99%) 내린 3054.28로 거래를 마쳤다. 일간 하락률로는 지난 2월4일(-2.52%) 이후 약 5개월 만에 가장 높은 수준이다. 지수는 이날 0.19% 오름세로 출발 후 오전 9시10분께를 기점으로 하락 전환해 낙폭을 확대했다. 유가증권시장에서 기관이 4440억원어치를 팔아치우며 지수를 주도적으로 끌어내렸다. 연기금도 이날 794억원어치를 비워내면서 10거래일 연속 순매도 기조를 이어갔다. 개인과 외국인이 각각 2570억원과 1622억원어치를 사들였지만 지수 하락을  방어하기엔 역부족이었다.이날 새벽 미국 증시가 강세로 마쳤으나 그 온기가 국내 증시로 전달되진 못했다. 지난 3일(현지시간) 뉴욕증시에서 다우존스30산업지수는 0.77% 올랐고 S&P500지수와 나스닥종합지수도 각각 0.83%와 1.02% 상승했다.국내 증시는 이날 아시아 주요 증시와 비교해도 유독 낙폭이 컸다. 일본 닛케이225지수(-0.02%), 홍콩 항셍지수(-0.82%), 대만 가권지수(-0.73%) 등 아시아 주요 증시가 1% 이내의 하락세를 보였고 중국 상하이종합지수는 오히려 0.25% 상승했다.박성철 유안타증권 연구원은 ""국내 증시에서는 차익 실현 매물이 출회돼 아시아 주요 증시 대비 하락폭이 컸다""며 ""다음주 트럼프 행정부의 상호관세 유예 만료일을 앞두고 그동안 많이 올랐던 조선, 방산, 전력기기, 원전 등 주도 업종들에서 매도 물량이 많이 나왔다""고 분석했다. 코스피 시가총액 상위 종목은 대체로 하락했다. HD현대중공업(-5.58%) KB금융(-4.11%) 두산에너빌리티(-3.07%) SK하이닉스(-2.87%) 현대차(-1.86%) 네이버(-1.58%) 기아(-1.0%) 등이 내렸고 셀트리온(3.31%)은 올랐다.청정에너지 사업에 대한 보조금 지급 혜택을 조기 폐지·축소키로 한 미국의 '하나의 크고 아름다운 법안'(OBBBA) 통과로 LG에너지솔루션(-2.51%)을 비롯해 엘앤에프(-2.73%)와 삼성SDI(-2.27%) 등 2차전지주가 약세로 마쳤다. 반면 한국가스공사(8.11%) 한국전력(2.79%) 지역난방공사(2.22%) 등 유틸리티주가 강세로 마감했다. 상법이 개정되면서 주주 이익을 위한 공공요금 인상 가능성이 제기되면서다.코스닥지수는 전날보다 17.53포인트(2.21%) 내린 775.8로 거래를 마쳤다. 이날 지수는 0.09% 오름세로 출발한 후 낙폭을 2% 넘게 확대했다. 코스닥시장에서는 외국인과 기관이 각각 3236억원과 792억원어치를 팔아치운 반면 개인이 3980억원어치를 사들였다.코스닥 시총 상위 종목 중 펩트론(-5.92%) 리가켐바이오(-5.75%) 알테오젠(-5.65%) 클래시스(-4.64%) 휴젤(-3.98%) 리노공업(-2.91%) 레인보우로보틱스(-2.9%) 에코프로(-2.6%) 에코프로비엠(-1.98%) 파마리서치(-1.4%) 등이 하락했다.이날 서울 외환시장에서 원·달러 환율은 전장 대비 2.9원 오른 1362.3원으로 주간 거래를 마쳤다. 고정삼 한경닷컴 기자 jsk@hankyung.com",https://www.hankyung.com/article/2025070488826,2025.07.04 16:06
"셀트리온, 일본 항암제 시장 석권",허쥬마∙베그젤마 시장 지배력 확대,"셀트리온에서 판매 중인 유방암, 위암 치료제 ‘허쥬마’(성분명: 트라스투주맙)와 전이성 직결장암, 유방암 치료제 ‘베그젤마’(성분명: 베바시주맙)가 일본 항암제 시장을 석권하며 영향력을 공고히 하고 있다.아이큐비아(IQVIA) 및 현지 시장 데이터에 따르면 허쥬마는 올해 4월 기준 일본에서 75%의 점유율을 기록하며 압도적인 선두를 달리고 있다. 2021년 2분기에 처음으로 오리지널 제품의 점유율을 넘어선 이후 4년 연속 처방 1위를 기록 중이다. 일본에서 판매 중인 트라스투주맙 치료제가 총 5개인 점을 고려할 때 경쟁 제품 대비 허쥬마의 독보적인 시장 지배력이 확인된다.후발주자로 출시된 베그젤마도 뚜렷한 성과를 나타내고 있다. 지난 2023년 1월 일본에 출시된 베그젤마는 올 4월 기준 29%의 점유율을 기록했다. 특히, 베그젤마는 일본에서 판매 중인 6개 베바시주맙 제품 가운데 가장 늦게 출시된 후발주자임에도 마케팅 역량과 제품 경쟁력을 앞세워 성과를 높이고 있다는 점에서 현지에서도 큰 주목을 받고 있다. 현재 처방 1위 제품과 2%p까지 점유율 차이를 좁힌 만큼 가까운 시일 내 처방 선두 자리를 차지할 수 있을 것으로 기대된다.이처럼 셀트리온 항암제가 아시아 대표 제약 시장인 일본에서 괄목할 만한 성과를 거둘 수 있었던 것은 일본 제약 시장 특성을 고려한 현지 법인과 파트너사의 맞춤형 영업 활동 및 바이오시밀러 우호 정책이 맞물린 결과로 분석된다.특히, 대표적인 항암 바이오시밀러 우호 정책으로 분류되는 ‘일본식 포괄수가제’(Diagnosis Procedure Combination, 이하 DPC 제도)를 마케팅에 적극 활용한 점이 주효했다. DPC 제도에선 암 질환에 쓰이는 의료비를 일본 정부가 결정하는데, 병원은 보다 저렴한 의약품을 처방함으로써 절감된 비용만큼 수익을 얻을 수 있다. 이와 함께 가격이 낮은 의약품 사용으로 정부 환급금 및 본인 부담금도 절감돼 DPC 제도는 통상 병원, 정부, 환자 모두에게 이익이 되는 정책으로 평가된다.항암제뿐 아니라 자가면역질환 제품도 일본에서 확고한 입지를 다지고 있다. 셀트리온의 대표 자가면역질환 치료제인 ‘램시마’(성분명: 인플릭시맙)는 올 4월 기준 일본에서 41%의 점유율로 바이오시밀러 처방 1위를 기록하고 있다. ‘유플라이마’(성분명: 아달리무맙)도 같은 기간 12%의 점유율을 달성하며 4개월 만에 8%에서 12%로 1.5배 이상 급성장하는 등 일본에서 판매 중인 셀트리온 전 제품 모두 뚜렷한 성과를 나타내고 있다.셀트리온 관계자는 “아시아 핵심 제약 시장인 일본에서 셀트리온 치료제 4종 모두 압도적인 처방 성과로 시장 지배력을 높이고 있는데, 이는 의약품 공급이 리테일(영업) 방식인 일본에서 현지 마케팅 인력을 중심으로 병원 곳곳을 누비는 영업 전략이 효과를 나타낸 결과”라며 “올해 우스테키누맙 자가면역질환 치료제 ‘스테키마’를 일본에 새로 출시할 계획인 만큼, 기존 제품을 판매하며 쌓은 경험과 노하우를 적극 활용해 신규 제품도 빠르게 성과를 이어갈 수 있도록 최선을 다할 것”이라고 말했다.",https://www.hankyung.com/article/202506132279P,2025.06.13 08:32
,,,https://magazine.hankyung.com/business/article/202505266605b,
저가 매수의 기회를 수익금 4배로 불릴 기회는?,,"부자네스탁론이 새롭게 선보인 스탁론 상품이 투자자들 사이에서 화제를 모으고 있다. 해당 상품은 본인자산포함 4배로 투자 가능, 담보유지비율 120%의 유연한 조건과 다양한 투자 솔루션을 앞세워 증권사 신용, 담보대출 대비 높은 활용도를 자랑한다.일반적으로 증권사 신용융자에 비해 더 높은 레버리지와 더 낮은 담보유지비율을 제공하는 스탁론은, 투자 고수들 사이에서 이미 널리 알려진 수단이다. 부자네스탁론은 여기에 더해 미수금이나 반대매매 위험을 해결해주는 대환대출 상품, 투자 기회를 살리고 싶어하는 전략적 투자자들을 위한 다양한 서비스를 제공한다.또한 신용, 주식담보대출 이용불가 종목, 총부채원리금상환비율(D.S.R) 같은 규제 이슈로 제약을 받아온 투자자들에게도 계좌 평가금액 기준으로 맞춤형 대출이 가능하도록 설계되어 실질적인 해결책이 되고 있다.부자네스탁론은 “고객 한 명 한 명의 투자 상황에 맞춰 최적의 대출 방법을 제공하고 있다”며, “강화된 금융 규제 환경 속에서도 투자자들의 기회를 넓히는 데 최선을 다하겠다”고 밝혔다.-스탁론 D.S.R<총부채원리금상환비율> 고강도 규제에도! 문제없는 부자네스탁론!– 소득 낮고 기존 대출금액 많아도 계좌평가금액에 비례해서 대출가능!– 본인자산 포함 4배끼지 투자 가능!▶머니투데이 부자네스탁론① 5년 고정금리로 금리인상 걱정없이 운용 가능② 자기자본포함 최대 4배까지 레버리지 투자 가능③ 매수가능종목 100% 집중투자가능 (코스닥, 시가총액, 포트폴리오비율상관없이)④ 스탁론 전종목 1:1 매수상담문의 → 수익극대화⑤ 반대매도 임박 / 추가입금이 힘들다면? → 1:1 로스컷 전문상담⑥ D.S.R과 신용등급 낮.아.도 문제없이 매입/대환까지 가능!⑦ 위 혜택을 4%대의 저금리로 이용 가능!★ D.S.R비율, 신용등급 무관 저금리 부자네스탁 AM8:00~PM4:00 ☎1577-5852★ AM 8:00 부터 선착순 예약접수 http://www.bujane.co.kr/7월 고객들의 문의가 많은 종목은 기아, NAVER, 두산에너빌리티, 셀트리온, 한화에어로스페이스 등이 있다.무료상담",https://www.hankyung.com/article/202507158108a,2025.07.15 10:13
밸류업지수 첫 정기변경…이수페타시스·고려아연 등 32개社 빠졌다,현대로템·삼성증권 등 27개 종목 편입,"/사진=신민경 기자

                한국거래소가 코리아밸류업지수 구성 종목에 현대로템과 크래프톤 등 27개 종목을 추가하고 이수페타시스와 고려아연 등 32개 종목을 편출하는 첫 정기 변경을 단행했다.거래소는 27일 주가지수운영위원회를 열고 이같이 심의했다고 밝혔다. 구성 종목 변경은 다음달 13일부터 반영될 예정이다.코리아밸류업지수의 정기 변경 결과 △피에스케이홀딩스 △솔루스첨단소재 △현대로템 △LS일렉트릭 △한화시스템 △효성중공업 △한전기술 △롯데렌탈△제룡전기 △강원랜드 △한샘 △더블유게임즈 △하나투어 △명신산업 △삼성증권 △JB금융지주 △크래프톤 △금호석유화학 △풍산 △미원상사 △아모레퍼시픽 △코스맥스 △빙그레 △HD현대 △SK가스 △한미사이언스 △원텍 등 27개 종목이 새로 편입됐다.거래소는 ""최근 방산과 전력인프라 산업의 호황으로 관련 섹터 내 주요 종목 주가와 이익이 크게 향상됐다""며 ""이들 요소를 기반으로 산출되는 주가순자산비율(PBR)과 자기자본이익률(ROE)의 개선세가 이어지며 지수 내 산업재 비중이 크게 증가했다""고 설명했다.반면 거래소는 △이수페타시스 △LX세미콘 △하나머티리얼즈 △심텍 △원익QnC △두산테스나 △비에이치 △해성디에스 △팬오션 △에스에프에이 △윤성에프앤씨 △미스토홀딩스 △에스엘 △한세실업 △쿠쿠홈시스 △골프존 △현대해상 △다우데이타 △엔씨소프트 △에스엠 △고려아연 △HS효성첨단소재 △나노신소재 △TKG휴켐스 △오뚜기 △콜마비앤에이치 △S-Oil △셀트리온 △씨젠 △케어젠 △메디톡스 △동국제약 등 32개 종목을 편출했다.거래소는 ""시장의 우려가 크고 밸류업 정책 취지에 반하는 '주주가치 훼손 행위'에 대한 객관적 심사 기준을 마련해 이에 해당하는 일부 종목을 편출했다""고 설명했다.앞서 코리아밸류업지수는 지난해 말 특별편입으로 구성 종목 수가 일시적으로 105개로 증가했지만 이번 정기 변경을 통해 100개 종목으로 재조정됐다. 정기 변경 후 유가증권·코스닥시장 시가총액 대비 코리아 밸류업 구성 종목의 비중은 약 45.8%다.또 거래소는 코스피200지수의 정기 변경을 단행해 8개 종목을 편입하고 8개 종목을 편출했다. 여기에는 △동원산업 △DN오토모티브 △HD현대마린솔루션 △HDC △영풍 △미원에스씨 △한국카본 △지역난반공사가 추가됐다. 반면 △일진하이솔루스 △한세실업 두산퓨얼셀 △LX인터내셔널 △SK네트웍스 △PI첨단소재 △삼아알미늄 △코스모신소재가 빠졌다.코스닥150지수 정기 변경으로는 9개 종목이 각각 편입·편출됐다. 여기에는 △동성화인텍 △하이젠알앤엠 △성광밴드 △한국기업평가 △태성 △제우스 △쏠리드 △필옵틱스 △위메이드맥스가 추가됐으며 △모트렉스 △다원시스 △제이오 △더블유씨피 △윤성에프앤씨 △KG이니시스 △네패스 △티이엠씨 △지씨셀이 빠졌다.KRX300지수에서는 28개 종목이 편입되고 27개가 편출됐다. 이 지수엔 △영풍 △태광산업 △HDC △SNT다이내믹스 △산일전기 △HD현대마린엔진 △롯데렌탈 △하이젠알앤엠 △HD현대마린솔루션 △DI동일 △영원무역홀딩스 △금호타이어 △대상 △오리온홀딩스 △빙그레 △보령 △네이처셀 △HLB테라퓨틱스 △한화투자증권 △대신증권 △카페24 △안랩 △엠로 △젬백스 △지역난방공사 △와이지엔터테인먼트 △디어유 △시프트업이 포함됐다.반면 △삼아알미늄 △대한유화 △포스코엠텍 △후성 △PI첨단소재 △OCI △효성 △씨아이에스 △성일하이텍 △에코프로에이치엔 △더블유씨피 △한세실업 △GS피앤엘 △현대바이오 △대웅 △씨앤씨인터내셔널 △바이오니아 △롯데손해보험 △미래에셋생명 △시노펙스 △SFA반도체 △원익QnC △하나머티리얼즈 △심텍 △덕산테코피아 △피에스케이 △SK이터넉스가 빠졌다.고정삼 한경닷컴 기자 jsk@hankyung.com",https://www.hankyung.com/article/2025052788796,2025.05.27 16:43
9~10% 주식 관련 대출에서 3%대 대출로 교체,,"전송종목 : 서진시스템, PI첨단소재, 한진칼, 종근당, 더블유게임즈최근 주식 투자자들 사이에서 주식대출(미수/신용융자 등)의 고금리에 대한 부담이 커지고 있다.특히 저금리를 적용 받고 싶어도, 기존 대출을 상환하고 다시 주식을 매수해야 하는 번거로운 절차와 자금 조달의 어려움이 발목을 잡고 있다.이런 현실적인 문제를 해결하고자, 무빙스탁이 ‘증권사 신용, 대환자금대출’ 서비스를 전격 출시했다.이 상품은 주식을 매도하지 않고도, 기존의 고금리의 주식대출(미수/신용융자 등)의 3%대의 혁신적인 저금리 증권사로 전환할 수 있도록 상환자금을 제공하는 것이 핵심이다.무빙스탁 관계자는 “현재 증권사 이벤트 금리는 연 3%대 수준으로, 기존 9~10%대 고금리를 적용받는 투자자라면 절감 효과가 상당하다”며, 금리를 5%만 낮추면 “1억원 신용대출 기준으로 연간 약 500만원, 3억원이라면 1,500만원까지도 절약할 수 있다”고 밝혔다.더 놀라운 점은, 현재는 이벤트 기간으로 대환자금대출 신청시 발생하는 이자 비용까지 ‘0원’이라는 사실이다. 대환자금에 대해서 하루의 대출이자도 부담하지 않고 기존 고금리 대출을 저금리로 전환할 수 있어, 고금리 부담에 시달리던 투자자들에게 큰 호응을 얻을 전망이다.이 서비스는 부동산 시장에서 흔히 이용되던 대환대출 개념을 증권시장에 도입한 혁신적인 시도로, 주식 투자자들의 자금 운용에 새로운 대안을 제시할 것으로 기대된다.무빙스탁 ‘증권사 신용, 대환자금대출’의 비용 무료 이벤트는 이벤트 기간 동안 한정적으로 제공되는 만큼, 신용융자를 이용 중인 투자자라면 지금 바로 확인해볼 필요가 있다.★ 장마감 시간이 가까워질수록 문의가 많아 상담이 지연될 수 있습니다.★ 7월 문의하신 고객들이 많이 보유하신 종목으로는 삼성전자, POSCO홀딩스, 셀트리온, 포스코퓨처엠, 에코프로비엠, NAVER, 에코프로, 삼성SDI, LG화학, SK하이닉스, 두산에너빌리티, 카카오, SK이노베이션, LG에너지솔루션, 엘앤에프, 삼천당제약, 현대차, 알테오젠, HPSP, LG전자 등이 있습니다.★ 안내사항과도한 빚은 당신에게 큰 불행을 안겨줄 수 있습니다. 대출 시 신용등급 하락으로 다른 금융거래가 제약받을 수 있습니다. 중개수수료를 요구하거나 받는 것은 불법입니다.상호명: ㈜단비대부 2021-서울영등포-2102(대부업) | TEL: 1544-4886 | 대출금리: 연 20%이내(연체금리는 약정금리+3%p이내, 최대 연 20%이내) | 단, 2021. 7. 7.부터 신규체결, 갱신, 연장되는 계약에 한함 | 채무의 조기상환 조건 및 부대비용 없음. (단, 신용조회비용 및 담보권설정비용 있음), 이자 외 별도로 중개수수료를 요구하거나 수취하는 것은 불법입니다. | 대표이사: 박동원 | 사업자등록번호: 274-86-00231 | 등록기관명칭: 서울 영등포구청(담당부서: 일자리경제과, 02-2670-3420) | 소재지 : 서울 영등포구 여의대방로67길 11, 5층 517호 | 개인정보관리자메일: help@danbifund.co.kr무료상담",https://www.hankyung.com/article/202507235743a,2025.07.23 11:38
실적 쾌속 개선·신제품 성장·기관·외국인 동반 유입…셀트리온제약 체질 강화 궤도,,"셀트리온제약이 최근 실적 개선과 전략적 수급 변화에 힘입어 중장기 성장 기대감을 키우고 있다. 우선 올해 1분기 매출은 역대 최대 분기치인 1,125억 원을 기록했으며, 영업이익은 전년 대비 191% 증가한 107억 원에 달했다. 특히 케미컬 의약품과 바이오시밀러 부문에서 모두 두 자릿수 매출 성장세를 보이며, 수익성까지 동시에 개선됐다.실적 개선 흐름은 2분기에도 이어질 전망이다. 최근 리포트에 따르면 고마진 신제품 판매 호조로 수익성이 더욱 강화되고, 영업이익률이 20% 수준으로 턴어라운드했다는 분석이다. 이에 따라 시장은 단순한 실적 회복이 아닌 ‘체질 전환’ 가능성에 주목하고 있다.수급 측면에서도 변화가 감지된다. 외국인 투자자는 7월 초 첫 유입 신호를 보였고, 이후 기관의 매수세도 동반되며 주식 시장의 관심이 덩달아 높아졌다. 기관과 외국인은 여전히 순매수를 이어가고 있어, 단순 모멘텀이 아닌 펀더멘털 기반의 구조적 변화로 해석되고 있다.여기에 자사주 매입 프로그램과 같은 주주환원 정책도 투자자의 신뢰를 견고히 하는 역할을 하고 있다. 회사는 실적 개선에 맞춰 자사주 매입을 강화하며 주주 가치 훼손 없이 성장 의지를 보여주고 있다는 평가다.글로벌 환경 측면에서도 긍정적 변화가 나타난다. 미국의 바이오시밀러·신약 규제 완화 기조와 약가 인하 정책에도 불구하고, 회사는 ‘램시마SC(진펜트라)’ 등 주력 품목의 보험 적용률 확대 및 시장 확대에 대응 중이다. 이는 향후 2분기 이후 매출 증가의 토대로 작용할 수 있다는 분석이다.종합하면 셀트리온제약은 실적·수익성 개선 → 구조적 펀더멘털 회복 → 수급 개선 → 주주환원 강화라는 선순환 구조를 형성하며 중장기 성장 국면에 진입한 것으로 보인다. 향후 관건은 신제품 지속 성장 여부, 외국인·기관 수급의 안정적 유지, 그리고 글로벌 제도 변화 대응이 될 전망이다.파인엠텍, 매커스, 엘앤씨바이오, 한화, SK이노베이션무료상담",https://www.hankyung.com/article/202507248853a,2025.07.24 13:13
"증권사 신용대출, 3%대 금리로 바꾸는 가장 쉬운 방법",,"전송종목 : CJ제일제당, 풍산, 일진전기, KB금융, 한세실업최근 주식 투자자들 사이에서 주식대출(미수/신용융자 등)의 고금리에 대한 부담이 커지고 있다.특히 저금리를 적용 받고 싶어도, 기존 대출을 상환하고 다시 주식을 매수해야 하는 번거로운 절차와 자금 조달의 어려움이 발목을 잡고 있다.이런 현실적인 문제를 해결하고자, 무빙스탁이 ‘증권사 신용, 대환자금대출’ 서비스를 전격 출시했다.이 상품은 주식을 매도하지 않고도, 기존의 고금리의 주식대출(미수/신용융자 등)의 3%대의 혁신적인 저금리 증권사로 전환할 수 있도록 상환자금을 제공하는 것이 핵심이다.무빙스탁 관계자는 “현재 증권사 이벤트 금리는 연 3%대 수준으로, 기존 9~10%대 고금리를 적용받는 투자자라면 절감 효과가 상당하다”며, 금리를 5%만 낮추면 “1억원 신용대출 기준으로 연간 약 500만원, 3억원이라면 1,500만원까지도 절약할 수 있다”고 밝혔다.더 놀라운 점은, 현재는 이벤트 기간으로 대환자금대출 신청시 발생하는 이자 비용까지 ‘0원’이라는 사실이다. 대환자금에 대해서 하루의 대출이자도 부담하지 않고 기존 고금리 대출을 저금리로 전환할 수 있어, 고금리 부담에 시달리던 투자자들에게 큰 호응을 얻을 전망이다.이 서비스는 부동산 시장에서 흔히 이용되던 대환대출 개념을 증권시장에 도입한 혁신적인 시도로, 주식 투자자들의 자금 운용에 새로운 대안을 제시할 것으로 기대된다.무빙스탁 ‘증권사 신용, 대환자금대출’의 비용 무료 이벤트는 이벤트 기간 동안 한정적으로 제공되는 만큼, 신용융자를 이용 중인 투자자라면 지금 바로 확인해볼 필요가 있다.★ 장마감 시간이 가까워질수록 문의가 많아 상담이 지연될 수 있습니다.★ 7월 문의하신 고객들이 많이 보유하신 종목으로는 삼성전자, POSCO홀딩스, 셀트리온, 포스코퓨처엠, 에코프로비엠, NAVER, 에코프로, 삼성SDI, LG화학, SK하이닉스, 두산에너빌리티, 카카오, SK이노베이션, LG에너지솔루션, 엘앤에프, 삼천당제약, 현대차, 알테오젠, HPSP, LG전자 등이 있습니다.★ 안내사항과도한 빚은 당신에게 큰 불행을 안겨줄 수 있습니다. 대출 시 신용등급 하락으로 다른 금융거래가 제약받을 수 있습니다. 중개수수료를 요구하거나 받는 것은 불법입니다.상호명: ㈜단비대부 2021-서울영등포-2102(대부업) | TEL: 1544-4886 | 대출금리: 연 20%이내(연체금리는 약정금리+3%p이내, 최대 연 20%이내) | 단, 2021. 7. 7.부터 신규체결, 갱신, 연장되는 계약에 한함 | 채무의 조기상환 조건 및 부대비용 없음. (단, 신용조회비용 및 담보권설정비용 있음), 이자 외 별도로 중개수수료를 요구하거나 수취하는 것은 불법입니다. | 대표이사: 박동원 | 사업자등록번호: 274-86-00231 | 등록기관명칭: 서울 영등포구청(담당부서: 일자리경제과, 02-2670-3420) | 소재지 : 서울 영등포구 여의대방로67길 11, 5층 517호 | 개인정보관리자메일: help@danbifund.co.kr무료상담",https://www.hankyung.com/article/202507235737a,2025.07.23 08:53
고금리 OUT! 증권사 신용대출 3%대로 전환하는 방법,,"전송종목 : 두산밥캣, 넷마블, 스튜디오드래곤, 실리콘투, 크래프톤최근 주식 투자자들 사이에서 주식대출(미수/신용융자 등)의 고금리에 대한 부담이 커지고 있다.특히 저금리를 적용 받고 싶어도, 기존 대출을 상환하고 다시 주식을 매수해야 하는 번거로운 절차와 자금 조달의 어려움이 발목을 잡고 있다.이런 현실적인 문제를 해결하고자, 무빙스탁이 ‘증권사 신용, 대환자금대출’ 서비스를 전격 출시했다.이 상품은 주식을 매도하지 않고도, 기존의 고금리의 주식대출(미수/신용융자 등)의 3%대의 혁신적인 저금리 증권사로 전환할 수 있도록 상환자금을 제공하는 것이 핵심이다.무빙스탁 관계자는 “현재 증권사 이벤트 금리는 연 3%대 수준으로, 기존 9~10%대 고금리를 적용받는 투자자라면 절감 효과가 상당하다”며, 금리를 5%만 낮추면 “1억원 신용대출 기준으로 연간 약 500만원, 3억원이라면 1,500만원까지도 절약할 수 있다”고 밝혔다.더 놀라운 점은, 현재는 이벤트 기간으로 대환자금대출 신청시 발생하는 이자 비용까지 ‘0원’이라는 사실이다. 대환자금에 대해서 하루의 대출이자도 부담하지 않고 기존 고금리 대출을 저금리로 전환할 수 있어, 고금리 부담에 시달리던 투자자들에게 큰 호응을 얻을 전망이다.이 서비스는 부동산 시장에서 흔히 이용되던 대환대출 개념을 증권시장에 도입한 혁신적인 시도로, 주식 투자자들의 자금 운용에 새로운 대안을 제시할 것으로 기대된다.무빙스탁 ‘증권사 신용, 대환자금대출’의 비용 무료 이벤트는 이벤트 기간 동안 한정적으로 제공되는 만큼, 신용융자를 이용 중인 투자자라면 지금 바로 확인해볼 필요가 있다.★ 장마감 시간이 가까워질수록 문의가 많아 상담이 지연될 수 있습니다.★ 7월 문의하신 고객들이 많이 보유하신 종목으로는 삼성전자, POSCO홀딩스, 셀트리온, 포스코퓨처엠, 에코프로비엠, NAVER, 에코프로, 삼성SDI, LG화학, SK하이닉스, 두산에너빌리티, 카카오, SK이노베이션, LG에너지솔루션, 엘앤에프, 삼천당제약, 현대차, 알테오젠, HPSP, LG전자 등이 있습니다.★ 안내사항과도한 빚은 당신에게 큰 불행을 안겨줄 수 있습니다. 대출 시 신용등급 하락으로 다른 금융거래가 제약받을 수 있습니다. 중개수수료를 요구하거나 받는 것은 불법입니다.상호명: ㈜단비대부 2021-서울영등포-2102(대부업) | TEL: 1544-4886 | 대출금리: 연 20%이내(연체금리는 약정금리+3%p이내, 최대 연 20%이내) | 단, 2021. 7. 7.부터 신규체결, 갱신, 연장되는 계약에 한함 | 채무의 조기상환 조건 및 부대비용 없음. (단, 신용조회비용 및 담보권설정비용 있음), 이자 외 별도로 중개수수료를 요구하거나 수취하는 것은 불법입니다. | 대표이사: 박동원 | 사업자등록번호: 274-86-00231 | 등록기관명칭: 서울 영등포구청(담당부서: 일자리경제과, 02-2670-3420) | 소재지 : 서울 영등포구 여의대방로67길 11, 5층 517호 | 개인정보관리자메일: help@danbifund.co.kr무료상담",https://www.hankyung.com/article/202507235749a,2025.07.23 13:28
"바이넥스, 셀트리온의 바이오시밀러 2종 임상물질 생산 수주",,"셀트리온 송도 본사에서 연구 중인 직원. 셀트리온 제공

                국내 최초 바이오의약품 위탁생산(CMO)업체인 코스닥상장사 바이넥스가 셀트리온의 바이오시밀러  원료의약품(DS) 임상물질 2종에 대한 생산 계약을 체결했다고 16일 밝혔다. 제품명 및 계약 내용은 비밀 유지 사유로 공개되지 않았다.이번 계약으로 바이넥스는 셀트리온으로부터 바이오시밀러 2개 제품에 대한 CMO 생산관련생산기술 및 노하우를 이전받아 송도와 오송공장에서 각각 생산해 셀트리온에 공급할예정이다. 셀트리온과 바이넥스는 2021년 국내 바이오 기업이 동반 성장하며, 상생할 수 있는 위탁생산 협력 관계를 구축하자는 골자로 바이오 의약품 위탁생산 국산화 업무협약을 체결한 바 있다. 첫 번째 성과로 바이넥스는 악템라 바이오시밀러인 앱토즈마의 상업용 의약품 생산 공급을 위해 FDA의 cGMP 승인을 단번에 획득하고 올해 초부터 본격적인 생산에 돌입했다.바이넥스는 셀트리온과 협력해 지난 1월 미국 식품의약국(FDA)으로부터 자가면역질환 치료제 악템라의 바이오시밀러(바이오의약품 복제약) 앱토즈마의 바이오의약품 생산시설에 대한 미국 의약품 우수제조관리 기준(cGMP) 승인을 받은 바 있다.악템라는 체내 염증 유발에 관여하는 인터루킨(IL)-6 단백질을 억제해 염증을 감소시키는 인터루킨 억제제로, 2023년 글로벌 매출 약 26억 3000만 스위스프랑(약 4조원)을 기록했다.제약업계에 따르면 셀트리온은 앱토즈마 생산을 전량 바이넥스에 맡긴 것으로 알려졌다. 보통 자체 생산이나 해외 CDMO에 생산을 맡겨온 셀트리온이 자사 바이오시밀러를 국내 CDMO업체에 맡긴 것은 이번이 처음이다. 1958년 순천당제약으로 출범한 바이넥스도 사상 처음으로 상업용 바이오의약품의 FDA 허가를 받게 됐다. 바이넥스는 2011년 설립된 삼성바이오로직스보다 2년 앞선 2009년 국내 첫 CDMO 사업을 시작했다.바이넥스 관계자는 “국내 바이오 업계의 상생 및 발전을 위해 추진한 CMO 국산화 과정이결실을 맺고 있다”며 ""양사가 장기적으로 동반 성장할 수 있도록 신뢰를 바탕으로 한 협력관계를 더욱 공고히 할 계획이다""고 말했다.안대규 기자 powerzanic@hankyung.com",https://www.hankyung.com/article/202506166698i,2025.06.16 08:59
"글로벌 직판 체제 강화하는 제약·바이오…""수익 증대 유리""","셀트리온·SK바이오팜 등
""제품 가격 경쟁력·현지 영업력 증대""","사진은 기사와 무관함. 사진=게티이미지뱅크 

                국내 제약·바이오 기업이 글로벌 시장에서 직접판매 체제를 강화하는 추세다. 현지 파트너사를 거치는 것보다 초기 비용은 더 많이 들 수 있지만, 장기적인 관점으로는 자사 의약품에 대한 통제력을 확보해 수익 증대에 더 유리하다는 판단에서다.1일 업계에 따르면 셀트리온은 지난달 스페인에 직판 체제를 구축했다. 기존 스페인 유통 파트너사 '컨파마'와 협의를 거쳐 현지법인 주도의 직판 체제로 전환한 것. 지난해 말에는 스위스 제약 유통사 '아이콘'을 인수하며 현지 직판에 들어갔다. 셀트리온은 2020년 '램시마'를 시작으로 유럽에서 전 제품에 대한 판매 방식을 직판으로 전환했다. 2023년에는 미국 시장 판매 구조도 직판 형태로 바꿨다.이 회사는 최근 분기 보고서에서 직판에 대해 ""각 국가 내 영업활동을 강화하고 다년간 쌓은 시장 경험 및 노하우를 바탕으로 가격 경쟁력을 유지하기 위한 목적""이라고 설명하기도 했다. 하태훈 셀트리온 유럽본부장도 최근 셀트리온 매출의 절반 이상을 차지하는 유럽 법인의 성장 배경으로 '직판을 통한 소통'을 지목한 바 있다.SK바이오팜도 미국 직판 플랫폼을 통해 꾸준한 성장세를 보이고 있다. 뇌전증 신약 '세노바메이트'(미국 제품명 엑스코프리)가 대표적이다. 올해 1분기 엑스코프리 미국 매출은 1333억원으로 전년 동기 대비 47% 증가했다. SK바이오팜은 ""미국 직판 체계를 토대로 더 정교하고 유기적인 환자 중심 접점 확대 전략을 실행하고 있다""고 짚었다. 이 회사는 미국 내 직판 인프라를 활용해 '제2의 세노바메이트' 도입도 연내 진행할 방침이다. 이미 구축된 현지 네트워크를 최대한 활용해 신속한 시장 진입을 추진하는 것이다.GC녹십자는 미국 법인 GC바이오파마USA를 통해 혈액제제 '알리글로'를 판매 중이다. 2023년 미국 식품의약품청(FDA) 허가를 획득한 알리글로는 현재 연 매출 1억달러(약 1300억원)를 목표로 두고 있다.삼성바이오에피스도 '솔라리스' 바이오시밀러(바이오의약품 복제약) '에피스클리'를 유럽에서 직판하고 있다. 솔라리스는 미국 알렉시온이 개발한 발작성 야간 혈색소뇨증 등 희귀질환 치료제다.이 같은 직판 체제는 장기적 수익성 확보를 위한 전략으로 꼽힌다. 파트너사 대상 수수료를 절감해 제품 가격 경쟁력을 확보하고 본사 마케팅 전략을 현지에서 시행함으로써 영업 효율을 올리는 효과가 있다. 즉 자사 의약품에 대한 통제력을 확보하는 것이다.다만 현지법인이나 의료계 네트워크 등 초기 인프라 구축에 큰 비용과 시간이 투입된다는 점은 진입장벽이다. 업계는 국가별 제약·바이오 관련 규제에 자체적으로 대응해야 한다는 점도 부담이 될 수 있다고 보고 있다.박수빈 한경닷컴 기자 waterbean@hankyung.com",https://www.hankyung.com/article/2025060188337,2025.06.01 16:10
"두산에너빌리티, 원자력 산업 기대감에 상승세",,"두산에너빌리티가 최근 국내 증시에서 상승세를 보이고 있다. 이는 원자력 산업에 대한 기대감과 함께 두산에너빌리티의 기술력과 사업 확장 전략이 투자자들의 관심을 끌고 있는 것으로 분석된다.두산에너빌리티는 원자력 발전소의 핵심 설비인 원자로와 터빈을 제작하는 국내 대표 기업으로, 국내외 원전 프로젝트에 참여하며 기술력을 입증해왔다. 특히, 해외 원전 수주 확대에 대한 기대감이 높아지면서 관련 기업들의 주가가 상승세를 보이고 있다.또한, 두산에너빌리티는 친환경 에너지 분야에서도 사업을 확장하고 있다. 풍력 발전 및 수소 에너지 등 신재생 에너지 분야에 대한 투자를 강화하며, 미래 성장 동력을 확보하고 있다. 이러한 사업 다각화는 장기적인 성장 가능성을 높이는 요인으로 작용하고 있다.이처럼 두산에너빌리티는 원자력 산업에 대한 기대감과 신재생 에너지 분야에서의 사업 확장을 바탕으로 주가 상승세를 이어가고 있다. 향후 이러한 전략들이 실질적인 성과로 이어질 경우, 지속적인 성장세를 기대할 수 있을 것으로 보인다.두산에너빌리티, 웹케시, 현대차, 셀트리온, 시선AI무료상담",https://www.hankyung.com/article/202506057113a,2025.06.05 13:33
'전쟁이 나도 코스피는 간다'…무섭게 쓸어 담는 동학개미들 [분석+],"코스피, 중동 사태에도 선방…""단기 부담에 무게

외인 8거래일 만에 '팔자' 전환
중동 긴장 고조에 방산주 강세

국제유가 치솟자 정유주 반등 
증권가 ""대형 악재 가능성 작아""","사진=연합뉴스

                국내 증시가 16일 중동의 지정학적 긴장 고조에도 선방하고 있다. 전문가들은 이스라엘·이란 충돌이 중동 전쟁으로 확전하지 않는다면 국내 증시도 단기 조정을 거친 후 재차 반등할 것으로 전망한다. 다만 일각에선 이달 줄곧 순매수 행진을 이어온 외국인 투자자가 순매도로 돌아서면서 단기 조정 국면에 진입할 것이란 우려도 나온다.이날 오전 11시2분 현재 코스피지수는 전 거래일보다 17.04포인트(0.59%) 오른 2911.66을 기록하고 있다. 이날 지수는 0.31% 오름세로 출발해 보합권에서 등락을 거듭하다 상승세로 방향을 굳힌 후 추세를 유지하고 있다.유가증권시장에서 개인이 1453억원어치를 사들이며 방어해내고 있다. 다만 외국인이 매도 강도를 높이고 있어 상승폭은 제한적인 모습이다. 외국인과 기관은 각각 1272억원과 184억원어치를 팔아치우고 있다. 외국인의 8거래일 연속 순매수 기조도 끝났다.지난 13일 이스라엘의 선공으로 촉발된 이란과의 군사적 충돌 격화로 지난 주말 미국 증시가 급락한 것과 비교하면 선방하고 있다는 평이다. 지난 13일(현지시간) 다우존스30산업평균지수와 S&P500지수는 각각 1.79%와 1.13% 하락했고 나스닥종합지수는 1.3% 떨어졌다.조준기 SK증권 연구원은 ""지정학적 리스크와 관련해 섣부르게 예측하는 건 바람직하지 않다""면서도 ""현재까지 시장의 입장에선 단기적으로 많이 올랐던 업종들을 조금 덜어내고 기술적 부담을 해소하는 기간으로 보고 있다""고 설명했다.코스피 시가총액 상위 종목 중 두산에너빌리티(5.4%) SK하이닉스(3.61%) 한화에어로스페이스(2.33%) HD현대중공업(2.16%) 네이버(2.0%) 현대차(0.5%) 셀트리온(0.12%) 등이 오르는 반면 삼성전자(-2.06%) LG에너지솔루션(-1.86%) 삼성바이오로직스(-0.79%) KB금융(-0.28%) 등이 내리고 있다. 중동의 지정학적 리스크로 인해 LIG넥스원(55만5000원)을 비롯해 현대로템(19만7500원)과 한국항공우주(10만1800원) 등 방산주가 장중 일제히 52주 신고가를 기록했다. 같은 시각 코스닥지수는 3.06포인트(0.4%) 오른 771.92를 나타내고 있다. 이날 지수는 0.18% 오름세로 출발 후 상승폭을 소폭 확대한 상태다. 외국인과 기관이 각각 494억원과 380억원을 순매수하고 있으며 개인만 864억원 순매도 중이다.코스닥 시총 상위 종목 중 알테오젠(5.06%) 리가켐바이오(3.67%) 파마리서치(3.0%) 휴젤(2.95%) 에이비엘바이오(0.54%) 등이 오르는 반면 HLB(-4.55%) 에코프로비엠(-2.07%) 에코프로(-1.75%) 펩트론(-1.56%) 레인보우로보틱스(-1.08%) 등이 내리고 있다. 중동 긴장 고조에 국제유가가 뛰자 흥구석유(19.3%) 한국석유(14.8%) 한국ANKOR유전(14.58%) 등 정유주가 급등세다. 증권가에선 중동 분쟁 이외에도 단기 급등에 따른 부담과 6월 미 연방공개시장위원회(FOMC) 대기 심리 등으로 조정장이 나타날 수 있다고 전망한다. 다만 이란과 이스라엘의 충돌이 확전하지 않는다면 단기 조정을 거친 후 재차 반등을 타진할 것이란 분석이다.한지영 키움증권 연구원은 ""이스라엘과 이란의 군사 충돌 사태가 조속히 마무리될 가능성은 크지 않다""면서도 ""기존의 증시 상승 추세를 훼손시키는 대형 악재로 격화할 여지도 제한적""이라고 판단했다.노동길 신한투자증권 연구원은 ""지정학적 리스크는 원유 생산 시설 타격 및 공급 충격 부재 시 추세를 반전시킬 재료로 보기 어렵다""면서 ""인플레이션 우려를 자극해 1개월여 관망 심리를 높일 변수""라고 진단했다.관건은 이란이 전 세계 원유 수송량의 약 20%를 차지하는 호르무즈 해협을 봉쇄하는 것으로 대응할지에 달렸다는 분석이다.한지영 연구원은 ""현실화할 경우 공급 차질에 따른 유가 폭등→인플레이션 급등→미 중앙은행(Fed) 금리 인하 기대 소멸→증시 급락 등의 흐름이 나타날 수 있다""고 분석했다.고정삼 한경닷컴 기자 jsk@hankyung.com",https://www.hankyung.com/article/2025061670366,2025.06.16 11:40
"셀트리온, 수해 복구 위해 성금 5억원 기부",피해지역 주민들의 빠른 일상 회복 기원,"셀트리온은 최근 기록적인 폭우로 큰 피해를 입은 수재민들을 돕기 위해 5억 원의 성금을 전국재해구호협회에 기부했다고 23일 밝혔다.이번 성금은 갑작스러운 재난으로 삶의 터전을 잃고 고통을 겪고 있는 전국 각지의 피해 주민들에게 작은 위로와 실질적인 도움을 주자는 취지에서 마련됐다. 기부된 성금은 긴급 구호 물품 지원, 임시 주거시설 설치, 피해 시설 복구, 생계 지원 등 다양한 분야의 구호활동에 쓰일 예정이다.셀트리온은 산불, 지진, 화재, 호우 등 국내외에서 크고 작은 재해가 발생할 때마다 재해민과 유가족들의 아픔을 나누며 빠른 일상 복귀를 위한 다양한 지원을 이어오고 있다.지난해 말 여객기 사고 당시에도 유가족들을 일일이 직접 찾아 위로하고 성금을 전달한 바 있으며, 올해에는 지역사회와의 상생을 위해 회사 인근 업소에서 사용할 수 있는 소비쿠폰을 전 임직원에게 지급해 지역내 소상공인들의 경제활동 회복에도 발벗고 나서는 등 선행을 이어가고 있다.셀트리온 관계자는 “갑작스러운 수해로 소중한 삶의 기반을 잃은 이웃들을 생각하면 마음이 아프다”면서 “비록 작은 정성이지만 이번 성금을 통해 피해주민들이 하루라도 빨리 일상을 되찾는 데 도움이 되기를 바라며, 앞으로도 도움이 필요한 곳에 관심과 지원을 이어갈 계획”이라고 전했다.",https://www.hankyung.com/article/202507236989P,2025.07.23 14:19
고금리 이자 폭탄 피하는 법! 증권사 대출 3%대로 줄이기,,"전송종목 : 넥써쓰, LG, 에코프로, 우리기술, 대한전선최근 주식 투자자들 사이에서 주식대출(미수/신용융자 등)의 고금리에 대한 부담이 커지고 있다.특히 저금리를 적용 받고 싶어도, 기존 대출을 상환하고 다시 주식을 매수해야 하는 번거로운 절차와 자금 조달의 어려움이 발목을 잡고 있다.이런 현실적인 문제를 해결하고자, 무빙스탁이 ‘증권사 신용, 대환자금대출’ 서비스를 전격 출시했다.이 상품은 주식을 매도하지 않고도, 기존의 고금리의 주식대출(미수/신용융자 등)의 3%대의 혁신적인 저금리 증권사로 전환할 수 있도록 상환자금을 제공하는 것이 핵심이다.무빙스탁 관계자는 “현재 증권사 이벤트 금리는 연 3%대 수준으로, 기존 9~10%대 고금리를 적용받는 투자자라면 절감 효과가 상당하다”며, 금리를 5%만 낮추면 “1억원 신용대출 기준으로 연간 약 500만원, 3억원이라면 1,500만원까지도 절약할 수 있다”고 밝혔다.더 놀라운 점은, 현재는 이벤트 기간으로 대환자금대출 신청시 발생하는 이자 비용까지 ‘0원’이라는 사실이다. 대환자금에 대해서 하루의 대출이자도 부담하지 않고 기존 고금리 대출을 저금리로 전환할 수 있어, 고금리 부담에 시달리던 투자자들에게 큰 호응을 얻을 전망이다.이 서비스는 부동산 시장에서 흔히 이용되던 대환대출 개념을 증권시장에 도입한 혁신적인 시도로, 주식 투자자들의 자금 운용에 새로운 대안을 제시할 것으로 기대된다.무빙스탁 ‘증권사 신용, 대환자금대출’의 비용 무료 이벤트는 이벤트 기간 동안 한정적으로 제공되는 만큼, 신용융자를 이용 중인 투자자라면 지금 바로 확인해볼 필요가 있다.★ 장마감 시간이 가까워질수록 문의가 많아 상담이 지연될 수 있습니다.★ 6월 문의하신 고객들이 많이 보유하신 종목으로는 삼성전자, POSCO홀딩스, 셀트리온, 포스코퓨처엠, 에코프로비엠, NAVER, 에코프로, 삼성SDI, LG화학, SK하이닉스, 두산에너빌리티, 카카오, SK이노베이션, LG에너지솔루션, 엘앤에프, 삼천당제약, 현대차, 알테오젠, HPSP, LG전자 등이 있습니다.★ 안내사항과도한 빚은 당신에게 큰 불행을 안겨줄 수 있습니다. 대출 시 신용등급 하락으로 다른 금융거래가 제약받을 수 있습니다. 중개수수료를 요구하거나 받는 것은 불법입니다.상호명: ㈜단비대부 2021-서울영등포-2102(대부업) | TEL: 1544-4886 | 대출금리: 연 20%이내(연체금리는 약정금리+3%p이내, 최대 연 20%이내) | 단, 2021. 7. 7.부터 신규체결, 갱신, 연장되는 계약에 한함 | 채무의 조기상환 조건 및 부대비용 없음. (단, 신용조회비용 및 담보권설정비용 있음), 이자 외 별도로 중개수수료를 요구하거나 수취하는 것은 불법입니다. | 대표이사: 박동원 | 사업자등록번호: 274-86-00231 | 등록기관명칭: 서울 영등포구청(담당부서: 일자리경제과, 02-2670-3420) | 소재지 : 서울 영등포구 여의대방로67길 11, 5층 517호 | 개인정보관리자메일: help@danbifund.co.kr무료상담",https://www.hankyung.com/article/202506257895a,2025.06.25 14:18
"트럼프 수혜주 외국인, 기관 순매수 현황은?",,"도널드 트럼프 전 대통령이 대통령에 재당선 되면서 국내 주식시장에서도 트럼프 수혜주에 대한 관심이 높아지고 있다.트럼프 수혜주로는 방산, 조선, 원전, 건설기계 등이 대표적인 수혜주로 꼽히고 있다.트럼프 수혜주의 최근 금액기준 외국인, 기관의 순매수 현황을 알아본 결과는 다음과 같다.




 

두산에너빌리티 – 외국인 783억원 순매수, 기관 -48억원 순매수HD현대중공업 – 외국인 -138억원 순매수, 기관 24억원 순매수삼성중공업 – 외국인 -13억원 순매수, 기관 6억원 순매수한화오션 – 외국인 -143억원 순매수, 기관 -112억원 순매수한화시스템 – 외국인 214억원 순매수, 기관 -27억원 순매수(6월 4일 기준)삼성전자, SK하이닉스, 셀트리온, 알테오젠, 두산에너빌리티무료상담",https://www.hankyung.com/article/202506057107a,2025.06.05 13:23
고금리 이자 폭탄 피하는 법! 증권사 대출 3%대로 줄이기,,"전송종목 : 아진산업, 계룡건설, 아가방컴퍼니, 대영포장, 금강공업최근 주식 투자자들 사이에서 주식대출(미수/신용융자 등)의 고금리에 대한 부담이 커지고 있다.특히 저금리를 적용 받고 싶어도, 기존 대출을 상환하고 다시 주식을 매수해야 하는 번거로운 절차와 자금 조달의 어려움이 발목을 잡고 있다.이런 현실적인 문제를 해결하고자, 무빙스탁이 ‘증권사 신용, 대환자금대출’ 서비스를 전격 출시했다.이 상품은 주식을 매도하지 않고도, 기존의 고금리의 주식대출(미수/신용융자 등)의 3%대의 혁신적인 저금리 증권사로 전환할 수 있도록 상환자금을 제공하는 것이 핵심이다.무빙스탁 관계자는 “현재 증권사 이벤트 금리는 연 3%대 수준으로, 기존 9~10%대 고금리를 적용받는 투자자라면 절감 효과가 상당하다”며, 금리를 5%만 낮추면 “1억원 신용대출 기준으로 연간 약 500만원, 3억원이라면 1,500만원까지도 절약할 수 있다”고 밝혔다.더 놀라운 점은, 현재는 이벤트 기간으로 대환자금대출 신청시 발생하는 이자 비용까지 ‘0원’이라는 사실이다. 대환자금에 대해서 하루의 대출이자도 부담하지 않고 기존 고금리 대출을 저금리로 전환할 수 있어, 고금리 부담에 시달리던 투자자들에게 큰 호응을 얻을 전망이다.이 서비스는 부동산 시장에서 흔히 이용되던 대환대출 개념을 증권시장에 도입한 혁신적인 시도로, 주식 투자자들의 자금 운용에 새로운 대안을 제시할 것으로 기대된다.무빙스탁 ‘증권사 신용, 대환자금대출’의 비용 무료 이벤트는 이벤트 기간 동안 한정적으로 제공되는 만큼, 신용융자를 이용 중인 투자자라면 지금 바로 확인해볼 필요가 있다.★ 장마감 시간이 가까워질수록 문의가 많아 상담이 지연될 수 있습니다.★ 7월 문의하신 고객들이 많이 보유하신 종목으로는 삼성전자, POSCO홀딩스, 셀트리온, 포스코퓨처엠, 에코프로비엠, NAVER, 에코프로, 삼성SDI, LG화학, SK하이닉스, 두산에너빌리티, 카카오, SK이노베이션, LG에너지솔루션, 엘앤에프, 삼천당제약, 현대차, 알테오젠, HPSP, LG전자 등이 있습니다.★ 안내사항과도한 빚은 당신에게 큰 불행을 안겨줄 수 있습니다. 대출 시 신용등급 하락으로 다른 금융거래가 제약받을 수 있습니다. 중개수수료를 요구하거나 받는 것은 불법입니다.상호명: ㈜단비대부 2021-서울영등포-2102(대부업) | TEL: 1544-4886 | 대출금리: 연 20%이내(연체금리는 약정금리+3%p이내, 최대 연 20%이내) | 단, 2021. 7. 7.부터 신규체결, 갱신, 연장되는 계약에 한함 | 채무의 조기상환 조건 및 부대비용 없음. (단, 신용조회비용 및 담보권설정비용 있음), 이자 외 별도로 중개수수료를 요구하거나 수취하는 것은 불법입니다. | 대표이사: 박동원 | 사업자등록번호: 274-86-00231 | 등록기관명칭: 서울 영등포구청(담당부서: 일자리경제과, 02-2670-3420) | 소재지 : 서울 영등포구 여의대방로67길 11, 5층 517호 | 개인정보관리자메일: help@danbifund.co.kr무료상담",https://www.hankyung.com/article/202507108876a,2025.07.10 13:28
"계속 주식신용 전환 미루면 1,500만원 잃는 길로 갑니다",,"전송종목 : 엘앤에프, 한온시스템, 롯데지주, 한화엔진, 한화생명매일 4만 원씩, 1년이면 약 1,500만 원, 이 돈은 누구의 통장으로 들어갈까요?당신이 가만히 있는 순간에도, 고금리 증권사는 웃고 있습니다.최근 주식 투자자들 사이에서는 신용융자, 미수 등 증권사의 고금리 대출의 이자 부담이 뜨거운 감자로 떠오르고 있다.많은 투자자들이 “금리를 낮추고 싶다”고 말하지만, 기존 대출 상환 후 재매수라는 번거로운 절차에 자금 마련까지 어려워 그냥 방치하고 마는 경우가 다반사이다.이러한 고금리의 증권사 신용 및 담보대출 이용자들의 악순환을 끊을 방법이 생겼다.바로 무빙스탁의 ‘증권사 신용, 대환자금대출’ 서비스가 출시된 것이다.이 서비스는 보유 주식을 매도하지 않고, 기존 고금리 주식대출(신용/미수 등)을 연 3%대의 저금리 상품으로 전환할 수 있도록 상환자금을 지원하는 것이 핵심이다.무빙스탁 관계자는 “금리를 5%만 낮춰도, 신용대출 3억 원 기준 무려 1,500만 원의 이자 절감 효과가 있습니다.” 라고 밝혔다.더 놀라운 사실은, 지금 이벤트 기간 중 신청하면 대환자금 이자까지 0원이라는 점이다. 단 하루의 이자 부담도 없이, 기존 고금리를 완전히 벗어날 수 있는 절호의 기회이다.무빙스탁 ‘증권사 신용, 대환자금대출’의 비용 무료 이벤트는 이벤트 기간 동안 한정적으로 제공되는 만큼, 고금리의 신용융자를 이용 중인 투자자라면 지금 바로 확인해볼 필요가 있다.★ 장마감 시간이 가까워질수록 문의가 많아 상담이 지연될 수 있습니다.★ 5월 문의하신 고객들이 많이 보유하신 종목으로는 삼성전자, POSCO홀딩스, 셀트리온, 포스코퓨처엠, 에코프로비엠, NAVER, 에코프로, 삼성SDI, LG화학, SK하이닉스, 두산에너빌리티, 카카오, SK이노베이션, LG에너지솔루션, 엘앤에프, 삼천당제약, 현대차, 알테오젠, HPSP, LG전자 등이 있습니다.★ 안내사항과도한 빚은 당신에게 큰 불행을 안겨줄 수 있습니다. 대출 시 신용등급 하락으로 다른 금융거래가 제약받을 수 있습니다. 중개수수료를 요구하거나 받는 것은 불법입니다.상호명: ㈜단비대부 2021-서울영등포-2102(대부업) | TEL: 1544-4886 | 대출금리: 연 20%이내(연체금리는 약정금리+3%p이내, 최대 연 20%이내) | 단, 2021. 7. 7.부터 신규체결, 갱신, 연장되는 계약에 한함 | 채무의 조기상환 조건 및 부대비용 없음. (단, 신용조회비용 및 담보권설정비용 있음), 이자 외 별도로 중개수수료를 요구하거나 수취하는 것은 불법입니다. | 대표이사: 박동원 | 사업자등록번호: 274-86-00231 | 등록기관명칭: 서울 영등포구청(담당부서: 일자리경제과, 02-2670-3420) | 소재지 : 서울 영등포구 여의대방로67길 11, 5층 517호 | 개인정보관리자메일: help@danbifund.co.kr무료상담",https://www.hankyung.com/article/202505264720a,2025.05.26 13:16
"'웨지의 여왕' 이가영, 정확한 샷으로 투어 3승 달성","KLPGA투어 셀트리온 퀸즈 마스터즈
이가영, 연장 끝에 한진선 꺾고 '통산 3승' 
완벽 웨지샷으로 연장 두번 모두 '버디'","사진=KLPGA

                그린을 공략하는 클럽 웨지의 또다른 이름은 '스코어링 클럽'이다. 그린을 정확하게 공략해야 좋은 스코어를 거둘 수 있다는 뜻을 담은 별명이다. 8일 한국여자프로골프(KLPGA)투어 셀트리온 퀸즈 마스터스(총상금 12억원)에서 연장 2차전까지 이어지는 접전끝에 우승한 이가영의 최종 병기 역시 웨지였다. 화려한 장타자는 아니지만 누구보다 날선 샷감을 앞세운 이가영이 연장 2차전까지 이어진 접전끝에 우승하며 자신의 투어 세번째 우승을 완성했다.  이날 강원 원주 성문안(파72)에서 열린 대회 최종 3라운드에서 이가영은 버디 4개, 보기 2개로 2언더파 70타를 쳤다. 최종합계 12언더파 204타로 한진선, 김시현과 연장전에 돌입한 이가영은 완벽한 웨지샷으로 두번의 연장에서 모두 버디를 잡으며 우승을 확정지었다. 이날 이가영은 한진선, 방신실 등과 공동선두로 최종라운드에 나섰다. 전반에는 버디와 보기를 각각 2개씩 치며 타수를 줄이지 못하는 답답한 흐름을 보였다. 후반에 2타를 줄이며 최종합계 12언더파로 경기를 마칠 때까지만 해도 이가영의 우승 가능성은 크지 않았다. 13언더파로 단독 선두였던 한진선이 마지막 18번홀(파5)에서 네번째 샷을 핀 1.5m 옆에 붙였기 때문이다. 하지만 한진선이 이 퍼트를 놓치면서 먼저 경기를 미친 김시현, 한진선과 동타로 내려왔고, 승부는 연장으로 이어졌다. 이가영은 완벽한 샷으로 승부수를 던졌다. 그는 1차 연장 두번째 샷에서 투온을 노리는 대신 아이언을 잡고 안전한 쓰리온을 택했다. 대신 가장 자신있는 웨지샷으로 공을 핀 1.5m 옆에 붙여 버디를 잡아냈다. 정규라운드 18번홀에서 1.5m 파 퍼트를 놓쳤던 한진선은 연장 1차전에서 10m 버디퍼트를 잡아내 다시 한번 승부를 원점으로 돌렸다. 연장 2차전에서도 이가영은 정확한 샷으로 1.8m 버디 찬스를 만들어냈고, 이를 놓치지 않았다. 반면 한진선은 세번째 웨지샷이 다시 한번 핀 10m 거리에 떨어지면서 준우승에 머물렀다. 경기를 마친 뒤 이가영은 ""정규플레이때 18번홀을 경기해보니 콘트롤샷으로 그린에 공을 세우기 쉽지 않았다""며 ""웨지로 풀샷을 할 수 있도록 충분한 거리를 남기자고 전략을 세웠고, 두번의 연장전에서 모두 아이언 세컨 샷으로 웨지를 위한 충분한 거리를 남겼다""고 설명했다. 그는 1차 연장에서는 두번째 샷으로 공을 핀에서 80m 거리에 떨군 뒤 58도 웨지를, 2차 연장전에서는 핀 95m 거리에서 52도 웨지를 잡아 버디 찬스를 만들어냈다. 이날 이가영은 어프로치샷에서 2.86타의 이득을 거두며 출전 선수 가운데 세번째로 높은 스트로크 게인드(SG)를 기록했다. 샷의 정확도를 보여주는 '티샷 투 그린'SG에서도 3.06으로 출전 선수 중 3위에 이름을 올렸다. 
                    



박민지. KLPGA 제공

                이번 대회에서 단일대회 5연패 기록에 도전했던 박민지는 최종합계 3언더파 213타를 쳐 공동 39위로 마무리했다. 1라운드에서 퍼트 난조로 커트 탈락 위기까지 몰렸지만 2라운드에서 5타를 줄이며 본선 진출에 성공했다. 28위로 순위를 크게 끌어올려 최종라운드에 진출했지만 이날 버디 2개에 보기 3개를 더하면서 대기록 달성에서 멀어졌다.경기를 마친 뒤 박민지는 ""5연패는 정말 어려운 일이었다. 앞서 4연패도 하늘이 내려준 것이라 생각한다""며 ""이 기록을 후배들이 얼른 깨주면 좋겠다""고 밝혔다. 원주=조수영 기자 delinews@hankyung.com",https://www.hankyung.com/article/202506080732i,2025.06.08 16:51
"추가 투자금, 신용미수 대환 자금을 신청 당일 즉시! DSR 무관!",,"DSR 한도가 ‘스탁론’에도 적용된 후 투자자들의 고민이 날로 깊어지고 있다. 기존 대출이 많거나 소득 증빙이 어려울 경우 예전처럼 손쉽게 스탁론을 활용하기가 어려워졌기 때문이다. 예전보다 높아진 금리로 스탁론 이용을 부담스럽게 만들고 있다.이런 상황에서 올뉴스탁론이 구원투수로 나섰다. DSR 무관 누구나 이용 가능한 스탁론 상품은 물론 연 4%대 업계 최저금리로 이용 가능한 상품을 함께 선보이며 투자자들의 선택지를 넓힌 것이다.




 

◆ 올뉴스탁론, DSR 무관 상품에 연 4%대 최저금리 상품으로 다양한 선택지를!올뉴스탁론에서 투자자들 누구나 부담 없이 스탁론을 경험할 수 있도록 연 4%대 업계 최저금리로 이용 가능한 증권 연계신용 상품을 출시했다. 주식매입은 물론 증권사 미수/신용 대환 모두 가능하며 신용등급 차등 없이 자기 자본 포함 최대 4배까지 활용할 수 있다.이와 함께 DSR 한도 때문에 기존 스탁론 활용이 어려웠던 투자자들을 위한 DSR 무관 상품도 취급 중이다. 이 상품도 투자자들의 깊은 관심을 받으며 업계 최초 5,000억원을 돌파한 바 있다.올뉴스탁론에 대해 자세히 알고 싶은 투자자는 고객상담센터(☎1599-8666)로 연락하면 대출 여부와 무관하게 언제든 전문상담원과 편리하게 상담할 수 있다.○ 보유하고 있는 대출액이나 소득 무관하게! (DSR 무관)○ 최대 4배 주식자금 활용 가능! (본인 자금 포함)○ 증권 신용/미수 당일 즉시 대환 가능!○ 기존 증권사 신용, 스탁론으로 매수가 어려웠던 종목도 OK!※ 올뉴스탁론 고객상담센터 : 1599-8666바로가기 : https://allnewstockloan.co.kr?agency=HTS◆ 현 시각 관심종목 Top 10 : 셀트리온, 알테오젠, 한미반도체, 현대차, 카카오, 세진중공업, 피아이이, 램테크놀러지, 그린생명과학, 포바이포무료상담",https://www.hankyung.com/article/202506020504a,2025.06.04 10:25
"주식 매도 없이 신용이자 연 1,500만 원 줄이는 비법",,"전송종목 : KT나스미디어, 유비벨록스, 상아프론테크, 노루페인트, 로보스타




 

최근 주식 투자자들 사이에서 주식대출(미수/신용융자 등)의 고금리에 대한 부담이 커지고 있다.특히 저금리를 적용 받고 싶어도, 기존 대출을 상환하고 다시 주식을 매수해야 하는 번거로운 절차와 자금 조달의 어려움이 발목을 잡고 있다.이런 현실적인 문제를 해결하고자, 무빙스탁이 ‘증권사 신용, 대환자금대출’ 서비스를 전격 출시했다.이 상품은 주식을 매도하지 않고도, 기존의 고금리의 주식대출(미수/신용융자 등)의 3%대의 혁신적인 저금리 증권사로 전환할 수 있도록 상환자금을 제공하는 것이 핵심이다.무빙스탁 관계자는 “현재 증권사 이벤트 금리는 연 3%대 수준으로, 기존 9~10%대 고금리를 적용받는 투자자라면 절감 효과가 상당하다”며, 금리를 5%만 낮추면 “1억원 신용대출 기준으로 연간 약 500만원, 3억원이라면 1,500만원까지도 절약할 수 있다”고 밝혔다.더 놀라운 점은, 현재는 이벤트 기간으로 대환자금대출 신청시 발생하는 이자 비용까지 ‘0원’이라는 사실이다. 대환자금에 대해서 하루의 대출이자도 부담하지 않고 기존 고금리 대출을 저금리로 전환할 수 있어, 고금리 부담에 시달리던 투자자들에게 큰 호응을 얻을 전망이다.이 서비스는 부동산 시장에서 흔히 이용되던 대환대출 개념을 증권시장에 도입한 혁신적인 시도로, 주식 투자자들의 자금 운용에 새로운 대안을 제시할 것으로 기대된다.무빙스탁 ‘증권사 신용, 대환자금대출’의 비용 무료 이벤트는 이벤트 기간 동안 한정적으로 제공되는 만큼, 신용융자를 이용 중인 투자자라면 지금 바로 확인해볼 필요가 있다.★ 장마감 시간이 가까워질수록 문의가 많아 상담이 지연될 수 있습니다.★ 7월 문의하신 고객들이 많이 보유하신 종목으로는 삼성전자, POSCO홀딩스, 셀트리온, 포스코퓨처엠, 에코프로비엠, NAVER, 에코프로, 삼성SDI, LG화학, SK하이닉스, 두산에너빌리티, 카카오, SK이노베이션, LG에너지솔루션, 엘앤에프, 삼천당제약, 현대차, 알테오젠, HPSP, LG전자 등이 있습니다.★ 안내사항과도한 빚은 당신에게 큰 불행을 안겨줄 수 있습니다. 대출 시 신용등급 하락으로 다른 금융거래가 제약받을 수 있습니다. 중개수수료를 요구하거나 받는 것은 불법입니다.상호명: ㈜단비대부 2021-서울영등포-2102(대부업) | TEL: 1544-4886 | 대출금리: 연 20%이내(연체금리는 약정금리+3%p이내, 최대 연 20%이내) | 단, 2021. 7. 7.부터 신규체결, 갱신, 연장되는 계약에 한함 | 채무의 조기상환 조건 및 부대비용 없음. (단, 신용조회비용 및 담보권설정비용 있음), 이자 외 별도로 중개수수료를 요구하거나 수취하는 것은 불법입니다. | 대표이사: 박동원 | 사업자등록번호: 274-86-00231 | 등록기관명칭: 서울 영등포구청(담당부서: 일자리경제과, 02-2670-3420) | 소재지 : 서울 영등포구 여의대방로67길 11, 5층 517호 | 개인정보관리자메일: help@danbifund.co.kr무료상담",https://www.hankyung.com/article/202507160705a,2025.07.16 09:33
타워팰리스 2배 오를때 삼성전자 6배 뛰었다 [코스피 5천 시대로],,"영상 모듈 닫기




<앵커>주식의 시대가 열리고 있습니다. 이재명 대통령은 ""주식을 부동산에 버금가는 투자수단으로 만들겠다""며 코스피 5000이란 새 이정표를 제시했죠.한국경제TV는 우리 증시의 현주소를 진단하는 특별 기획 시리즈를 준비했습니다.첫 순서, 증권부 조연 기자, 부동산부 방서후 기자와 함께 합니다.먼저 조 기자, 코스피하면 오랜시간 '박스피'에 갇혀있었다고 생각되는데, 오히려 장기 수익률을 비교해보면 부동산보다 수익률이 좋았다고요?<기자>그렇습니다. 흔히 '부동산 불패'와 '코리아 디스카운트'. 이 두 단어는 우리 주식시장과 부동산 투자의 대명사처럼 불려왔죠.하지만 성장성이 있는 주식을 잘 선별해 장기 투자한다면 부동산보다 나은 수익을 낼 수 있다는 분석입니다.지난 2008년 글로벌 금융위기 여파를 맞았던 코스피 지수는 938선까지 떨어졌습니다. 이를 기준으로 현재까지 상승률은 208%, 그러니까 3배 이상 늘었는데요.같은 기간 서울 아파트 매매가격 지수를 보면 126.6%, 약 2.2배 증가한 모습입니다.물론 주식은 언제 사고 파느냐에 따라 손실을 보았을 수도 있고, 시기마다 시장을 이끄는 주도주의 손바뀜도 활발하죠.'국민주'인 삼성전자를 대표적인 예로 보면, 글로벌 금융위기 이후 수익률은 513%, 20년간의 투자 수익률은 493% 였습니다.20년 전 1억원을 삼성전자에 투자했다면 단순 주가 상승률을 반영한 현재 가치는 약 6억원(5억9308만원)에 육박하며, 여기에 배당까지 더하면 실제 수익률은 더 늘어납니다.<앵커>그렇지만 서울 아파트 평균 가격으로 보기엔 강남권과 비강남권의 차이도 클 것 같습니다.방 기자. 소위 '대장'이라 불리는 강남 아파트 수익률은 어떻습니까?<기자>20년 전 서울 대장 아파트를 매수했다고 가정했을 때 서울 아파트 평균 수익률보다는 높았지만, 코스피 종목보다는 낮았습니다.현 시점 서울 아파트 대장은 재건축 대어이자 한강변 시세를 선도하는 압구정동일 겁니다. 그중에서도 또 대장을 꼽자면 3구역일 텐데요.최근 실거래가가 130억5천만원으로 압구정동 역대 최고가 거래를 기록한 현대7차 전용면적 245㎡ 1가구를 20년 전에 39억원을 주고 샀더라면 234.6%의 수익률을 거둘 수 있었고요.압구정동에서도 평당 가격이 가장 비싼 현대14차 전용 84㎡짜리도 같은 기간 12억원에 샀다가 52억원에 팔았을 때 수익률이 333%였습니다.이밖에 KB부동산이 랜드마크 단지로 뽑는 50개 단지에 속한 은마아파트도 20년 간 실거래가가 222% 이상 올랐고,잠실주공5단지와 타워팰리스도 각각 154%, 84% 올랐습니다.이미 20년 전에도 10억원이 훌쩍 넘는 고가 아파트였기 때문에 최근 연이어 터진 신고가 기록에도 불구하고 수익률 자체는 국내 주식 종목들보다 낮을 수밖에 없는 겁니다.<앵커>조 기자. 앞서 삼성전자를 예로 들었는데, 사실 삼성전자는 지난해 8만원대까지 올랐다가 내리 떨어져 5만원대에서 고전 중이지 않습니까.더 눈에 띄는, 장기 수익률이 높았던 종목은 어떤 것들이 있습니까.<기자>월가에서 10배 늘어나는 종목을 '텐 배거', 그리고 100배 수익률을 낸 주식을 '헌드레드 배거'라고 부르죠.지난 20년 사이 국내 증시에서 100배 이상으로 오른 주식은 두산 우선주였습니다.그리고 한화에어로스페이스와 포스코퓨처엠이 각각 8,000%가 넘는 상승률을 보였고, 뒤이어 미원상사, 삼양식품, 파미셀, 두산 등이 자리했습니다.시가총액 주요 상위주들의 상승률도 확인해볼까요. SK하이닉스가 1,360%, 메리츠금융지주가 1,590%, 셀트리온이 1,100%로 '텐배거·10배주(株)'로 꼽혔고,삼성바이오로직스와 기아, 한국금융지주, 한미반도체 등이 600% 이상의 수익률을 기록했습니다.하지만 모두가 상승의 20년을 보낸 것은 아닌데요. 유가증권시장에서 370개 종목은 마이너스 수익률을 나타냈고, -90%의 수익률로 사실상 원금이 거의 날아간 종목도 44개나 됐습니다.<앵커>20년 수익률이 주식보다도 낮은데 어째서 부동산이 '장투'의 대명사가 된 거죠?<기자>금융자산과 부동산의 차이 때문이라고 보시면 됩니다.주식은 휴대폰 MTS만 접속해도 금방 사고 팔 수 있지만 부동산은 그렇지 않죠. 돈이 급해 바로 손절하고 싶어도 안 되는 게 부동산입니다.그러다보니 주식에 비해 상대적으로 장기 투자를 할 수밖에 없지요.실제로 지난해 기준 주식 투자자들의 코스피 상장사 주식 평균 보유 기간은 6.5개월로 반년이 조금 넘었습니다.반면 자가 주택 보유 가구의 평균 거주 기간은 11.1년으로 집계됐습니다.따라서 수익률 측면에서 주식이 부동산을 앞서더라도, 20년 동안 6배 가까이 오른 삼성전자를 보유한 사람보다는 같은 기간 두 배 오른 서울 아파트를 가지고 있는 사람이 더 많을 수밖에 없는 겁니다.<앵커>기준금리 인하기를 맞아 당장 20조원 규모의 추경이 예고되면서 시중에 풍부한 유동성이 풀릴 전망입니다.당분간 이렇게 넘쳐나는 자금이 부동산으로 계속 쏠릴 것으로 보시는지?<기자>자금이 쏠린다는 건 가격이 더 오를 것이라는 기대감 때문이겠죠.그런 의미에서 지금도 비싼 서울 아파트 가격은 당분간 우상향할 전망입니다.다만 그 곡선을 그리는데 일조할 아파트는 강남 상급지로 좁혀질 가능성이 큽니다.다주택자 규제로 '똘똘한 한 채'를 선호하는 현상이 지속되면서 서울 안에서도 양극화가 심화되고 있습니다.특히 강남3구는 규제지역인데다 토지거래허가구역으로도 묶이면서 남의 돈으로는 진입할 수 없는 시장이 됐습니다.그런데도 연일 신고가 거래가 터진다는 건 진정한 실수요자들이 가격을 밀어올리고 있다는 뜻이죠.가지고 있는 집이나 다른 금융자산을 팔아서라도 강남 아파트를 마련해야 한다는 투자자들의 심리가 꺾이지 않는 한 코스피 지수가 5천이 되더라도 부동산은 블랙홀처럼 자금을 빨아들일 수밖에 없습니다. <앵커>궁극적으로 우리 증시가 목표하는 것도 장기 투자에 대한 신뢰, 꾸준한 수익률을 낼 수 있다는 믿음이 통하는 시장일 겁니다.부동산으로 쏠리거나 해외로 떠나갔던 자금을 주식시장으로 유인할 방법, 증권가에서는 독일과 일본에서 그 해법을 찾고 있다고요.<기자>네, 일본은 국내에서 벤치마킹했던 '기업 거버넌스 개혁' 정책을 통해 지난 5년간 닛케이 지수가 70% 뛰었고, 독일 DAX지수 역시 새 정부의 정책 드라이브 효과로 90% 상승했습니다. 코스피와 비교해보면 2022년을 기점으로 차이가 두드러지죠.특히 독일의 경우 한국과 GDP 성장률이나 물가, 수출 추이에서 큰 차이가 없음에도 DAX 지수가 3년 만에 저점 대비 2배 이상 급등했습니다.박상현 아이엠증권 연구원은 ""기준금리 인하를 통한 유동성 효과, 그리고 독일 새 정부의 방위산업 지출 확대 등 강력한 정책 기대감이 증시를 이끌었다""며 ""국내 증시도 일관성 있는 정책 추진과 강력한 제도 개선이 병행된다면 코스피 5000 달성이 불가능한 목표는 아니""라고 진단했습니다.상법 개정, 배당 촉진 세제개편, 부당한 합병 비율 개선 등의 공약이 현실화되고, 여기에 확장적 재정 정책과 신성장 산업에 대한 지원책이 맞물린다면 한국 증시 우상향을 이끌 수 있다는 것입니다.또 일본이 10년 넘게 기업 지배구조 개혁에 매진했던 것처럼, 주주자본주의로 기업 의사결정 구조의 전환을 꾀함과 동시에, 기업의 투자와 고용, 배당을 확대할 수 있는 유인책도 함께 필요하다고 강조했습니다.<앵커>잘 들었습니다.조연 기자·방서후 기자 ycho@wowtv.co.kr",https://www.hankyung.com/article/2025061687675,2025.06.16 17:46
"26일, 외국인 거래소에서 삼성전자(+0.92%), 삼성물산(+7.11%) 등 순매도",,"외국인 투자자는 26일 거래소에서 삼성전자, 삼성물산, 현대차 등을 중점적으로 매도한 것으로 나타났다.외국인 투자자의 순매도 상위 20개 종목은 삼성전자, 삼성물산, 현대차, 한화에어로스페이스, 아모레퍼시픽, 삼성전자우, 두산에너빌리티, 두산, KODEX 200선물인버스2X, 기아등이다.이중에 운수장비 업종에 속한 종목이 3개 포함되어 있다.삼성전자, 삼성물산, 현대차 등은 전일 대비 주가가 상승했고, 삼성전자우, KODEX 200선물인버스2X, 삼양식품 등은 주가가 하락했다.[05월26일]거래소 외국인 순매도 상위 종목한경로보뉴스이 기사는 한국경제신문과 금융 AI 전문기업 씽크풀이 공동 개발한 기사 자동생성 알고리즘에 의해 실시간으로 작성된 것입니다.",https://www.hankyung.com/article/202505266849L,2025.05.26 18:35
"'위대한 도전' 앞둔 박민지 ""최선을 다하고, 최대한 독하게 플레이하겠다""","6일 개막 셀트리온 퀸즈 마스터즈

4년째 디펜딩챔피언…'단일 대회 최다' 5연패 도전
통산 19승 강자… 1승 더하면 최다우승 '타이' 
""기록은 깨라고 있는 것… 변화된 코스도 자신""
서정진 회장, 5연패 달성시 장학금 2억원 약속
""최장님 약속 성사 위해 최선 다할 것""","박민지가 5일 KLPGA투어 셀트리온 퀸즈 마스터스를 앞두고 5연패를 뜻하는 손가락 5개를 펼쳐보이고 있다. KLPGA 제공

                ""최선을 다하고, 최대한 독하게 플레이하겠다.""한국 여자골프의 '기록제조기' 박민지가 또하나의 새로운 역사에 도전한다. 단일대회 5회 연속 우승, 그리고 투어 통산 최다 우승 타이기록(20승)을 한번에 노린다. 오는 6일 강원도 원주 성문안(파72)에서 열리는 한국여자프로골프(kLPGA)투어 셀트리온 퀸즈 마스터즈(총상금 12억원)가 무대다. 박민지는 이 대회에서 2021년부터 지난해까지 4년 연속 우승을 차지했다. 한국 여자골프에서 단일 대회 최다 연패 기록으로, 해외로 범위를 넓히면 안니카 소렌스탐(스웨덴)이 미국여자프로골프(LPGA)투어에서 2001년부터 2005년까지 5년 연속 미즈노 클래식을 제패한 바 있다. 박민지가 이번 대회에서 우승하면 소렌스탐과 어깨를 나란히 하는 기록을 갖게 되는 셈이다. 올 시즌 초에만 해도 박민지의  대기록 도전은 성사가 불투명했다. 셀트리온이 대회 주최 여부를 시즌 시작 이후까지도 확정하지 않았기 때문이다. 업계에서는 셀트리온 퀸드 마스터즈가 역사속으로 사라질 것이라는 전망이 압도적이었다. 박민지로서는 단일 대회 5연패 도전 기회조차 주어지지 않을 뻔 한 것이다. 지난 4월, 셀트리온 퀸즈 마스터즈가 극적으로 대회 개최를 확정하며내서 박민지의 위대한 도전도 가능해졌다. 대회를 앞두고 박민지는 도전에 대한 부담감보다는 긴장감을 즐기는 모습이었다. 그는 ""단일 대회 5연패 도전은 다시 오지 않을 소중하고 영광스러운 기회""라며 “기록은 깨라고 있는 것이라 믿는다. 이런 상황을 즐겁게 누리면서 최선을 다하고, 최대한 독하게 하겠다""고 다짐했다. 박민지는 KLPGA투어의 대표 강자였다. 2021년, 2022년 각각 6승씩 올리며 KLPGA투어의 '여왕'으로 우뚝 섰다. 이듬해에는 2승, 작년에는 1승을 더하며 투어에서 총 19승을 올렸다. 투어 통산 최다승인 20승을 기록한 故 구옥희, 신지애와 이름을 나란히 올리는데 단 1승만 앞둔 상황. 올 시즌 흐름도 좋은 편이다. 8개 대회에 출전해 3번의 톱10을 비롯해 6개 대회에서 상위  25위에 이름을 올렸다. 특히 최근 2주 연속 공동 9위와 공동 10위를 기록하며 상승세를 타고 있다. 이번 대회를 앞두고 박민지에 대한 기대가 커진 이유다.하지만 박민지는 ""20승 기록은 생각하지 말자고 다짐했다""고 털어놨다. 직전 대회였던 sh수협은행 mbn오픈 최종라운드에서 우승 경쟁에 나섰을 때, 기록 달성이 눈앞에 다가오자 오히려 우승에서 멀어졌던 경험 탓이다. 그는 ""지난주 경기를 끝내고 집으로 가면서 기록을 신경 쓰지 말자고 다짐했다. 골프를 계속하다 보면 언젠가는 20승과 21승도 하게 될 것""이라고 말했다. 
                    



사진=KLPGA

                대기록 달성에 가장 큰 변수는 코스다. 지난해 강원도 양양 설해원에서 열렸던 대회는 올해 원주 성문안으로 장소를 옮겼다. 그래도 박민지는 자신감을 보였다. 이 대회 첫 우승이 서서울CC였고, 이후 설해원으로 옮긴 뒤에도 우승했기 때문이다. 그는 ""코스에 대해 많이 고민하기 보다는 부담감을 어떻게 하면 잘 이겨내고 내 플레이를 할 수 있을지 고민하는 것이 중요하다""고 밝혔다. 성문안은 언듈레이션이 많고, 공략 포인트가 좁아서 대회마다 선수들을 애먹여온 코스다. 박민지는 ""이번 대회에서 아이언과 퍼트가 관건이 될 것""이라며 ""아이언샷과 퍼트를 최대한 날카롭게 가다듬고 있다""고 귀띔했다. 올 시즌 박민지는 코스 안팎에서 밝은 모습으로 팬들의 눈길을 끌고 있다. 그는 ""긍정적이고 밝은 친구들을 볼때마다 나도 저렇게 살고 싶다는 생각을 많이 하고, 그러려고 노력하고 있다""며 ""감사하는 마음을 가지려고 노력한다""고 말했다. 박민지의 위대한 도전에 서정진 셀트리온 회장도 힘을 실었다. 서 회장은 박민지가 5연패에 성공하면 장학금 2억원을 기부하겠다고 약속했다. 박민지는 ""서 회장님의 아름다운 기부가 실현될 수 있도록 최선을 다하겠다""고 밝혔다. 그는 작년 이 대회에서 4연패에 성공한 상금과 보너스를 모두 기부한 바 있다. 조수영 기자 delinews@hankyung.com",https://www.hankyung.com/article/202506057732i,2025.06.05 16:39
이자 부담 최소화! 증권사 신용대출 3%대로 바꾸는 절호의 기회,,"전송종목 : 삼성E&A, 삼성물산, 팬오션, 삼성카드, 제일기획최근 주식 투자자들 사이에서 주식대출(미수/신용융자 등)의 고금리에 대한 부담이 커지고 있다.특히 저금리를 적용 받고 싶어도, 기존 대출을 상환하고 다시 주식을 매수해야 하는 번거로운 절차와 자금 조달의 어려움이 발목을 잡고 있다.이런 현실적인 문제를 해결하고자, 무빙스탁이 ‘증권사 신용, 대환자금대출’ 서비스를 전격 출시했다.이 상품은 주식을 매도하지 않고도, 기존의 고금리의 주식대출(미수/신용융자 등)의 3%대의 혁신적인 저금리 증권사로 전환할 수 있도록 상환자금을 제공하는 것이 핵심이다.무빙스탁 관계자는 “현재 증권사 이벤트 금리는 연 3%대 수준으로, 기존 9~10%대 고금리를 적용받는 투자자라면 절감 효과가 상당하다”며, 금리를 5%만 낮추면 “1억원 신용대출 기준으로 연간 약 500만원, 3억원이라면 1,500만원까지도 절약할 수 있다”고 밝혔다.더 놀라운 점은, 현재는 이벤트 기간으로 대환자금대출 신청시 발생하는 이자 비용까지 ‘0원’이라는 사실이다. 대환자금에 대해서 하루의 대출이자도 부담하지 않고 기존 고금리 대출을 저금리로 전환할 수 있어, 고금리 부담에 시달리던 투자자들에게 큰 호응을 얻을 전망이다.이 서비스는 부동산 시장에서 흔히 이용되던 대환대출 개념을 증권시장에 도입한 혁신적인 시도로, 주식 투자자들의 자금 운용에 새로운 대안을 제시할 것으로 기대된다.무빙스탁 ‘증권사 신용, 대환자금대출’의 비용 무료 이벤트는 이벤트 기간 동안 한정적으로 제공되는 만큼, 신용융자를 이용 중인 투자자라면 지금 바로 확인해볼 필요가 있다.★ 장마감 시간이 가까워질수록 문의가 많아 상담이 지연될 수 있습니다.★ 7월 문의하신 고객들이 많이 보유하신 종목으로는 삼성전자, POSCO홀딩스, 셀트리온, 포스코퓨처엠, 에코프로비엠, NAVER, 에코프로, 삼성SDI, LG화학, SK하이닉스, 두산에너빌리티, 카카오, SK이노베이션, LG에너지솔루션, 엘앤에프, 삼천당제약, 현대차, 알테오젠, HPSP, LG전자 등이 있습니다.★ 안내사항과도한 빚은 당신에게 큰 불행을 안겨줄 수 있습니다. 대출 시 신용등급 하락으로 다른 금융거래가 제약받을 수 있습니다. 중개수수료를 요구하거나 받는 것은 불법입니다.상호명: ㈜단비대부 2021-서울영등포-2102(대부업) | TEL: 1544-4886 | 대출금리: 연 20%이내(연체금리는 약정금리+3%p이내, 최대 연 20%이내) | 단, 2021. 7. 7.부터 신규체결, 갱신, 연장되는 계약에 한함 | 채무의 조기상환 조건 및 부대비용 없음. (단, 신용조회비용 및 담보권설정비용 있음), 이자 외 별도로 중개수수료를 요구하거나 수취하는 것은 불법입니다. | 대표이사: 박동원 | 사업자등록번호: 274-86-00231 | 등록기관명칭: 서울 영등포구청(담당부서: 일자리경제과, 02-2670-3420) | 소재지 : 서울 영등포구 여의대방로67길 11, 5층 517호 | 개인정보관리자메일: help@danbifund.co.kr무료상담",https://www.hankyung.com/article/202507223166a,2025.07.22 08:43
이자 부담 최소화! 증권사 신용대출 3%대로 바꾸는 절호의 기회,,"전송종목 : CMG제약, 삼아알미늄, LS, 녹십자, GS건설최근 주식 투자자들 사이에서 주식대출(미수/신용융자 등)의 고금리에 대한 부담이 커지고 있다.특히 저금리를 적용 받고 싶어도, 기존 대출을 상환하고 다시 주식을 매수해야 하는 번거로운 절차와 자금 조달의 어려움이 발목을 잡고 있다.이런 현실적인 문제를 해결하고자, 무빙스탁이 ‘증권사 신용, 대환자금대출’ 서비스를 전격 출시했다.이 상품은 주식을 매도하지 않고도, 기존의 고금리의 주식대출(미수/신용융자 등)의 3%대의 혁신적인 저금리 증권사로 전환할 수 있도록 상환자금을 제공하는 것이 핵심이다.무빙스탁 관계자는 “현재 증권사 이벤트 금리는 연 3%대 수준으로, 기존 9~10%대 고금리를 적용받는 투자자라면 절감 효과가 상당하다”며, 금리를 5%만 낮추면 “1억원 신용대출 기준으로 연간 약 500만원, 3억원이라면 1,500만원까지도 절약할 수 있다”고 밝혔다.더 놀라운 점은, 현재는 이벤트 기간으로 대환자금대출 신청시 발생하는 이자 비용까지 ‘0원’이라는 사실이다. 대환자금에 대해서 하루의 대출이자도 부담하지 않고 기존 고금리 대출을 저금리로 전환할 수 있어, 고금리 부담에 시달리던 투자자들에게 큰 호응을 얻을 전망이다.이 서비스는 부동산 시장에서 흔히 이용되던 대환대출 개념을 증권시장에 도입한 혁신적인 시도로, 주식 투자자들의 자금 운용에 새로운 대안을 제시할 것으로 기대된다.무빙스탁 ‘증권사 신용, 대환자금대출’의 비용 무료 이벤트는 이벤트 기간 동안 한정적으로 제공되는 만큼, 신용융자를 이용 중인 투자자라면 지금 바로 확인해볼 필요가 있다.★ 장마감 시간이 가까워질수록 문의가 많아 상담이 지연될 수 있습니다.★ 7월 문의하신 고객들이 많이 보유하신 종목으로는 삼성전자, POSCO홀딩스, 셀트리온, 포스코퓨처엠, 에코프로비엠, NAVER, 에코프로, 삼성SDI, LG화학, SK하이닉스, 두산에너빌리티, 카카오, SK이노베이션, LG에너지솔루션, 엘앤에프, 삼천당제약, 현대차, 알테오젠, HPSP, LG전자 등이 있습니다.★ 안내사항과도한 빚은 당신에게 큰 불행을 안겨줄 수 있습니다. 대출 시 신용등급 하락으로 다른 금융거래가 제약받을 수 있습니다. 중개수수료를 요구하거나 받는 것은 불법입니다.상호명: ㈜단비대부 2021-서울영등포-2102(대부업) | TEL: 1544-4886 | 대출금리: 연 20%이내(연체금리는 약정금리+3%p이내, 최대 연 20%이내) | 단, 2021. 7. 7.부터 신규체결, 갱신, 연장되는 계약에 한함 | 채무의 조기상환 조건 및 부대비용 없음. (단, 신용조회비용 및 담보권설정비용 있음), 이자 외 별도로 중개수수료를 요구하거나 수취하는 것은 불법입니다. | 대표이사: 박동원 | 사업자등록번호: 274-86-00231 | 등록기관명칭: 서울 영등포구청(담당부서: 일자리경제과, 02-2670-3420) | 소재지 : 서울 영등포구 여의대방로67길 11, 5층 517호 | 개인정보관리자메일: help@danbifund.co.kr무료상담",https://www.hankyung.com/article/202507071511a,2025.07.07 11:38
"이자 부담은 최소로, 투자 효율은 최대로! 신용대출 3%대 활용법",,"전송종목 : 유진테크, 대상홀딩스, 팅크웨어, 뉴프렉스, 동국제약




 

최근 주식 투자자들 사이에서 주식대출(미수/신용융자 등)의 고금리에 대한 부담이 커지고 있다.특히 저금리를 적용 받고 싶어도, 기존 대출을 상환하고 다시 주식을 매수해야 하는 번거로운 절차와 자금 조달의 어려움이 발목을 잡고 있다.이런 현실적인 문제를 해결하고자, 무빙스탁이 ‘증권사 신용, 대환자금대출’ 서비스를 전격 출시했다.이 상품은 주식을 매도하지 않고도, 기존의 고금리의 주식대출(미수/신용융자 등)의 3%대의 혁신적인 저금리 증권사로 전환할 수 있도록 상환자금을 제공하는 것이 핵심이다.무빙스탁 관계자는 “현재 증권사 이벤트 금리는 연 3%대 수준으로, 기존 9~10%대 고금리를 적용받는 투자자라면 절감 효과가 상당하다”며, 금리를 5%만 낮추면 “1억원 신용대출 기준으로 연간 약 500만원, 3억원이라면 1,500만원까지도 절약할 수 있다”고 밝혔다.더 놀라운 점은, 현재는 이벤트 기간으로 대환자금대출 신청시 발생하는 이자 비용까지 ‘0원’이라는 사실이다. 대환자금에 대해서 하루의 대출이자도 부담하지 않고 기존 고금리 대출을 저금리로 전환할 수 있어, 고금리 부담에 시달리던 투자자들에게 큰 호응을 얻을 전망이다.이 서비스는 부동산 시장에서 흔히 이용되던 대환대출 개념을 증권시장에 도입한 혁신적인 시도로, 주식 투자자들의 자금 운용에 새로운 대안을 제시할 것으로 기대된다.무빙스탁 ‘증권사 신용, 대환자금대출’의 비용 무료 이벤트는 이벤트 기간 동안 한정적으로 제공되는 만큼, 신용융자를 이용 중인 투자자라면 지금 바로 확인해볼 필요가 있다.★ 장마감 시간이 가까워질수록 문의가 많아 상담이 지연될 수 있습니다.★ 7월 문의하신 고객들이 많이 보유하신 종목으로는 삼성전자, POSCO홀딩스, 셀트리온, 포스코퓨처엠, 에코프로비엠, NAVER, 에코프로, 삼성SDI, LG화학, SK하이닉스, 두산에너빌리티, 카카오, SK이노베이션, LG에너지솔루션, 엘앤에프, 삼천당제약, 현대차, 알테오젠, HPSP, LG전자 등이 있습니다.★ 안내사항과도한 빚은 당신에게 큰 불행을 안겨줄 수 있습니다. 대출 시 신용등급 하락으로 다른 금융거래가 제약받을 수 있습니다. 중개수수료를 요구하거나 받는 것은 불법입니다.상호명: ㈜단비대부 2021-서울영등포-2102(대부업) | TEL: 1544-4886 | 대출금리: 연 20%이내(연체금리는 약정금리+3%p이내, 최대 연 20%이내) | 단, 2021. 7. 7.부터 신규체결, 갱신, 연장되는 계약에 한함 | 채무의 조기상환 조건 및 부대비용 없음. (단, 신용조회비용 및 담보권설정비용 있음), 이자 외 별도로 중개수수료를 요구하거나 수취하는 것은 불법입니다. | 대표이사: 박동원 | 사업자등록번호: 274-86-00231 | 등록기관명칭: 서울 영등포구청(담당부서: 일자리경제과, 02-2670-3420) | 소재지 : 서울 영등포구 여의대방로67길 11, 5층 517호 | 개인정보관리자메일: help@danbifund.co.kr무료상담",https://www.hankyung.com/article/202507160700a,2025.07.16 08:43
"박정원 두산 회장, 자산 4900억 늘었다","2분기 총수 주식변동액 분석

2위 이웅열…99.8% 증가
정몽준·구자은·김홍국 順","국내 주요 그룹 총수 44명의 주식 평가액이 올해 2분기에만 16조원 넘게 불어난 것으로 나타났다.한국CXO연구소가 3일 주식평가액 1000억원 이상 그룹(공정거래위원회 관리 대기업 집단) 중 총수 44명의 주식평가액 변동분을 전수 조사한 결과다. 지난 3월 31일과 6월 30일의 종가를 비교했다. 총수들의 주식 평가액은 같은 기간 57조9152억원에서 73조9314억원으로 26.08% 늘었다. 주요 기업 주가가 급등한 덕이다.2분기 보유 주식 평가액이 가장 가파르게 증가한 총수는 박정원 두산그룹 회장(사진)이었다. 두산 보통주 가치가 뛰면서 3개월 새 평가액이 128.5% 급증했다. 주식 평가액은 3월 말 3822억원에서 6월 말 8734억원으로 4912억원 늘어났다.2위는 이웅열 코오롱 명예회장이었다. 같은 기간 평가액은 2054억원에서 4105억원으로 99.8% 늘었다. HD현대그룹 대주주인 정몽준 아산재단 이사장(78.6%), 구자은 LS그룹 회장(73.9%), 김홍국 하림그룹 회장(69.3%) 등이 뒤를 이었다.보유 자산 1위는 이재용 삼성전자 회장이었다. 지난달 말 기준 15조2537억원으로 집계됐다. 다음으로 서정진 셀트리온 회장(10조2345억원), 김범수 카카오 창업자(6조3275억원) 순이었다.박주연 기자 grumpy_cat@hankyung.com",https://www.hankyung.com/article/2025070369851,2025.07.03 17:36
“내수주 중심 저가 매수 기회”...트럼프發 관세 압박에 시장 조정,,"도널드 트럼프 미국 대통령이 한국 등 주요 교역국에 상호 관세 서한을 발송하면서 국내 증시에 단기적인 변동성이 우려되고 있다. 트럼프 대통령은 한국에 25%의 관세를 부과하겠다고 밝혔고, 제3국 우회 수출 제한과 맞대응 조치 등도 예고했다.증권가는 이번 조치가 협상 압박 수단의 성격이 강하고, 과거 대비 충격이 제한적일 것으로 보고 있다. 실제 고율의 관세보다는 협상 여지를 열어둔 만큼 과도한 우려보다는 저가 매수 기회로 활용하라는 조언이다.증권가는 무역 이슈에 덜 민감하고 실적 흐름이 개선 중인 내수주, 특히 금융, 유통, 화장품, 지주사 중심의 대응이 유효하다고 평가했다. 조선·방산업종도 협상 카드로 활용될 수 있는 만큼 추가 조정 시 저가 매수 접근이 가능하다고 분석했으며, 반면 반도체·자동차 등 수출주는 불확실성이 지속돼 보수적인 접근이 필요하다고 덧붙였다.한편, 스탁론에 대한 관심이 날로높아지고 있다. 모처럼 잡은 투자기회를 놓치지 않으려는 투자자들이 주식매입을 위해 더 많은 자금을 활용할 수 있는 스탁론으로 눈길을 돌리고 있기 때문이다. 현 주가는 실적을 따라가지 못하고 있는 상황으로, 밸류에이션 리레이팅이 필요한 시기라는 평가도 나오고 있다.




 

◆ 올뉴스탁론, DSR 무관 상품에 연 4%대 최저금리 상품으로 다양한 선택지를!올뉴스탁론에서 투자자들 누구나 부담 없이 스탁론을 경험할 수 있도록 연 4%대 업계 최저금리로 이용 가능한 증권 연계신용 상품을 출시했다. 주식매입은 물론 증권사 미수/신용 대환 모두 가능하며 신용등급 차등 없이 자기 자본 포함 최대 4배까지 활용할 수 있다.이와 함께 DSR 한도 때문에 기존 스탁론 활용이 어려웠던 투자자들을 위한 DSR 무관 상품도 취급 중이다. 또한 장중 거래가 어려웠던 투자자를 위한 대체거래소(NXT) 거래도 가능해졌다.올뉴스탁론에 대해 자세히 알고 싶은 투자자는 고객상담센터(☎1599-8666)로 연락하면 대출 여부와 무관하게 언제든 전문상담원과 편리하게 상담할 수 있다.○ 보유하고 있는 대출액이나 소득 무관하게! (DSR 무관)○ 최대 4배 주식자금 활용 가능! (본인 자금 포함)○ 대체거래소(NXT) 거래 가능!○ 증권 신용/미수 당일 즉시 대환 가능!○ 기존 증권사 신용, 스탁론으로 매수가 어려웠던 종목도 OK!※ 올뉴스탁론 고객상담센터 : 1599-8666바로가기 : https://allnewstockloan.co.kr?agency=HTS◆ 현 시각 관심종목 Top 10 : 폴라리스AI파마, 한화솔루션, 셀트리온, 동양철관, SK텔레콤, 우리기술, iM금융지주, CJ대한통운, 비츠로셀, DSC인베스트먼트무료상담",https://www.hankyung.com/article/202507096975a,2025.07.10 09:50
"추가 투자금, 신용미수 대환 자금을 신청 당일 즉시! DSR 무관!",,"DSR 한도가 ‘스탁론’에도 적용된 후 투자자들의 고민이 날로 깊어지고 있다. 기존 대출이 많거나 소득 증빙이 어려울 경우 예전처럼 손쉽게 스탁론을 활용하기가 어려워졌기 때문이다. 예전보다 높아진 금리로 스탁론 이용을 부담스럽게 만들고 있다.이런 상황에서 올뉴스탁론이 구원투수로 나섰다. DSR 무관 누구나 이용 가능한 스탁론 상품은 물론 연 4%대 업계 최저금리로 이용 가능한 상품을 함께 선보이며 투자자들의 선택지를 넓힌 것이다.




 

◆ 올뉴스탁론, DSR 무관 상품에 연 4%대 최저금리 상품으로 다양한 선택지를!올뉴스탁론에서 투자자들 누구나 부담 없이 스탁론을 경험할 수 있도록 연 4%대 업계 최저금리로 이용 가능한 증권 연계신용 상품을 출시했다. 주식매입은 물론 증권사 미수/신용 대환 모두 가능하며 신용등급 차등 없이 자기 자본 포함 최대 4배까지 활용할 수 있다.이와 함께 DSR 한도 때문에 기존 스탁론 활용이 어려웠던 투자자들을 위한 DSR 무관 상품도 취급 중이다. 이 상품도 투자자들의 깊은 관심을 받으며 업계 최초 5,000억원을 돌파한 바 있다.올뉴스탁론에 대해 자세히 알고 싶은 투자자는 고객상담센터(☎1599-8666)로 연락하면 대출 여부와 무관하게 언제든 전문상담원과 편리하게 상담할 수 있다.○ 보유하고 있는 대출액이나 소득 무관하게! (DSR 무관)○ 최대 4배 주식자금 활용 가능! (본인 자금 포함)○ 증권 신용/미수 당일 즉시 대환 가능!○ 기존 증권사 신용, 스탁론으로 매수가 어려웠던 종목도 OK!※ 올뉴스탁론 고객상담센터 : 1599-8666바로가기 : https://allnewstockloan.co.kr?agency=HTS◆ 현 시각 관심종목 Top 10 : 두산에너빌리티, SK하이닉스, 다날, LS마린솔루션, 셀트리온, 두산퓨얼셀, 한미약품, 컴투스홀딩스, 디앤디파마텍, 현대제철무료상담",https://www.hankyung.com/article/202506132342a,2025.06.16 10:25
9~10% 주식 관련 대출에서 3%대 대출로 교체,,"전송종목 : 비에이치, 현대이지웰, 파트론, 한라IMS, 네오팜




 

최근 주식 투자자들 사이에서 주식대출(미수/신용융자 등)의 고금리에 대한 부담이 커지고 있다.특히 저금리를 적용 받고 싶어도, 기존 대출을 상환하고 다시 주식을 매수해야 하는 번거로운 절차와 자금 조달의 어려움이 발목을 잡고 있다.이런 현실적인 문제를 해결하고자, 무빙스탁이 ‘증권사 신용, 대환자금대출’ 서비스를 전격 출시했다.이 상품은 주식을 매도하지 않고도, 기존의 고금리의 주식대출(미수/신용융자 등)의 3%대의 혁신적인 저금리 증권사로 전환할 수 있도록 상환자금을 제공하는 것이 핵심이다.무빙스탁 관계자는 “현재 증권사 이벤트 금리는 연 3%대 수준으로, 기존 9~10%대 고금리를 적용받는 투자자라면 절감 효과가 상당하다”며, 금리를 5%만 낮추면 “1억원 신용대출 기준으로 연간 약 500만원, 3억원이라면 1,500만원까지도 절약할 수 있다”고 밝혔다.더 놀라운 점은, 현재는 이벤트 기간으로 대환자금대출 신청시 발생하는 이자 비용까지 ‘0원’이라는 사실이다. 대환자금에 대해서 하루의 대출이자도 부담하지 않고 기존 고금리 대출을 저금리로 전환할 수 있어, 고금리 부담에 시달리던 투자자들에게 큰 호응을 얻을 전망이다.이 서비스는 부동산 시장에서 흔히 이용되던 대환대출 개념을 증권시장에 도입한 혁신적인 시도로, 주식 투자자들의 자금 운용에 새로운 대안을 제시할 것으로 기대된다.무빙스탁 ‘증권사 신용, 대환자금대출’의 비용 무료 이벤트는 이벤트 기간 동안 한정적으로 제공되는 만큼, 신용융자를 이용 중인 투자자라면 지금 바로 확인해볼 필요가 있다.★ 장마감 시간이 가까워질수록 문의가 많아 상담이 지연될 수 있습니다.★ 7월 문의하신 고객들이 많이 보유하신 종목으로는 삼성전자, POSCO홀딩스, 셀트리온, 포스코퓨처엠, 에코프로비엠, NAVER, 에코프로, 삼성SDI, LG화학, SK하이닉스, 두산에너빌리티, 카카오, SK이노베이션, LG에너지솔루션, 엘앤에프, 삼천당제약, 현대차, 알테오젠, HPSP, LG전자 등이 있습니다.★ 안내사항과도한 빚은 당신에게 큰 불행을 안겨줄 수 있습니다. 대출 시 신용등급 하락으로 다른 금융거래가 제약받을 수 있습니다. 중개수수료를 요구하거나 받는 것은 불법입니다.상호명: ㈜단비대부 2021-서울영등포-2102(대부업) | TEL: 1544-4886 | 대출금리: 연 20%이내(연체금리는 약정금리+3%p이내, 최대 연 20%이내) | 단, 2021. 7. 7.부터 신규체결, 갱신, 연장되는 계약에 한함 | 채무의 조기상환 조건 및 부대비용 없음. (단, 신용조회비용 및 담보권설정비용 있음), 이자 외 별도로 중개수수료를 요구하거나 수취하는 것은 불법입니다. | 대표이사: 박동원 | 사업자등록번호: 274-86-00231 | 등록기관명칭: 서울 영등포구청(담당부서: 일자리경제과, 02-2670-3420) | 소재지 : 서울 영등포구 여의대방로67길 11, 5층 517호 | 개인정보관리자메일: help@danbifund.co.kr무료상담",https://www.hankyung.com/article/202507160706a,2025.07.16 09:43
고금리 이자 폭탄 피하는 법! 증권사 대출 3%대로 줄이기,,"전송종목 : 두산로보틱스, OCI, 이수스페셜티케미컬, 한화비전, 경방최근 주식 투자자들 사이에서 주식대출(미수/신용융자 등)의 고금리에 대한 부담이 커지고 있다.특히 저금리를 적용 받고 싶어도, 기존 대출을 상환하고 다시 주식을 매수해야 하는 번거로운 절차와 자금 조달의 어려움이 발목을 잡고 있다.이런 현실적인 문제를 해결하고자, 무빙스탁이 ‘증권사 신용, 대환자금대출’ 서비스를 전격 출시했다.이 상품은 주식을 매도하지 않고도, 기존의 고금리의 주식대출(미수/신용융자 등)의 3%대의 혁신적인 저금리 증권사로 전환할 수 있도록 상환자금을 제공하는 것이 핵심이다.무빙스탁 관계자는 “현재 증권사 이벤트 금리는 연 3%대 수준으로, 기존 9~10%대 고금리를 적용받는 투자자라면 절감 효과가 상당하다”며, 금리를 5%만 낮추면 “1억원 신용대출 기준으로 연간 약 500만원, 3억원이라면 1,500만원까지도 절약할 수 있다”고 밝혔다.더 놀라운 점은, 현재는 이벤트 기간으로 대환자금대출 신청시 발생하는 이자 비용까지 ‘0원’이라는 사실이다. 대환자금에 대해서 하루의 대출이자도 부담하지 않고 기존 고금리 대출을 저금리로 전환할 수 있어, 고금리 부담에 시달리던 투자자들에게 큰 호응을 얻을 전망이다.이 서비스는 부동산 시장에서 흔히 이용되던 대환대출 개념을 증권시장에 도입한 혁신적인 시도로, 주식 투자자들의 자금 운용에 새로운 대안을 제시할 것으로 기대된다.무빙스탁 ‘증권사 신용, 대환자금대출’의 비용 무료 이벤트는 이벤트 기간 동안 한정적으로 제공되는 만큼, 신용융자를 이용 중인 투자자라면 지금 바로 확인해볼 필요가 있다.★ 장마감 시간이 가까워질수록 문의가 많아 상담이 지연될 수 있습니다.★ 7월 문의하신 고객들이 많이 보유하신 종목으로는 삼성전자, POSCO홀딩스, 셀트리온, 포스코퓨처엠, 에코프로비엠, NAVER, 에코프로, 삼성SDI, LG화학, SK하이닉스, 두산에너빌리티, 카카오, SK이노베이션, LG에너지솔루션, 엘앤에프, 삼천당제약, 현대차, 알테오젠, HPSP, LG전자 등이 있습니다.★ 안내사항과도한 빚은 당신에게 큰 불행을 안겨줄 수 있습니다. 대출 시 신용등급 하락으로 다른 금융거래가 제약받을 수 있습니다. 중개수수료를 요구하거나 받는 것은 불법입니다.상호명: ㈜단비대부 2021-서울영등포-2102(대부업) | TEL: 1544-4886 | 대출금리: 연 20%이내(연체금리는 약정금리+3%p이내, 최대 연 20%이내) | 단, 2021. 7. 7.부터 신규체결, 갱신, 연장되는 계약에 한함 | 채무의 조기상환 조건 및 부대비용 없음. (단, 신용조회비용 및 담보권설정비용 있음), 이자 외 별도로 중개수수료를 요구하거나 수취하는 것은 불법입니다. | 대표이사: 박동원 | 사업자등록번호: 274-86-00231 | 등록기관명칭: 서울 영등포구청(담당부서: 일자리경제과, 02-2670-3420) | 소재지 : 서울 영등포구 여의대방로67길 11, 5층 517호 | 개인정보관리자메일: help@danbifund.co.kr무료상담",https://www.hankyung.com/article/202507096259a,2025.07.09 09:43
"대웅, 항체·바이오시밀러 진출…미래 먹거리로 키운다","신성장동력 찾는 제약업계

로피바이오 연구 인력 영입
항체 개발 담당조직 새로 꾸려
합성의약품 시장은 '레드 오션'
항체가 글로벌 시장 트렌드로","대웅제약이 항체·바이오시밀러(바이오의약품 복제약) 사업 진출에 시동을 걸었다. 이 분야 연구개발(R&D) 핵심 인력을 영입하고 항체 담당 조직을 새롭게 구성하면서다. 디지털헬스케어에 이어 신성장동력을 찾기 위한 대웅제약의 움직임이 구체화하고 있다.
                    






이미지 크게보기



 ◇항체 바이오시밀러 핵심 인력 충원30일 제약업계에 따르면 대웅제약은 최근 아미코젠의 바이오시밀러 관계사인 로피바이오 연구 인력을 영입해 항체 개발 담당 부서를 새롭게 꾸리고 있다. 로피바이오는 황반변성 치료제 ‘아일리아’의 바이오시밀러 등을 개발해온 항체 전문 기업이다. 대웅제약 관계자는 “항체와 바이오시밀러에 초점을 맞춰 연구 분야를 확대하고 있다”며 “다만 아직 사업 확대 방안이 구체적으로 정해지진 않았다”고 말했다.역류성 식도염 신약 ‘펙수클루’와 당뇨 신약 ‘엔블로’ 등을 보유한 이 회사는 1세대 의약품 기술로 꼽히는 화학합성의약품(케미컬) 신약 개발에 집중해왔다. 그동안 신약 분야 ‘미래 먹거리’로 초점을 맞춘 것은 3세대 의약품으로 분류되는 세포·유전자 치료제다. 줄기세포, 세포 간 전달체인 엑소좀 등의 개발을 늘렸다. 보툴리눔톡신 ‘나보타’를 통해 바이오의약품 시장에 진출했지만 2세대 의약품 기술로 분류되는 항체 분야에선 이렇다 할 움직임이 없었다. ◇CDMO 사업 확대 관측도그동안 외부 바이오시밀러 제품 유통만 맡았던 이 회사가 새 바이오시밀러 개발 등에 뛰어들 수 있다는 관측이 나온다. 통상 제약사들은 외부 약을 도입해 유통망을 확대한 뒤 해당 시장에 직접 진출하는 방식으로 신사업 진입 위험을 분산한다.대웅제약이 국내 유통을 맡은 바이오시밀러는 셀트리온의 프롤리아 바이오시밀러 ‘스토보클로’, LG화학의 휴미라 바이오시밀러 ‘젤렌카’ 등이다. 각각 골다공증과 암을 치료하는 데 활용된다. 유통시장에서 쌓은 노하우를 활용해 추가 신사업 진출을 모색할 것이란 전망도 나온다. 업계 관계자는 “대웅제약은 최근 항체 분야 의약품 위탁개발생산(CDMO) 사업을 확대하기 위해 물밑에서 움직이고 있다”며 “당장 수익을 낸다는 관점에서 접근하면 결국 항체 외엔 이렇다 할 답이 없을 것”이라고 했다. ◇디지털헬스케어 분야 수익성 숙제대웅제약의 신사업은 오너 2세인 윤재승 대웅제약 최고비전책임자(CVO)가 직접 밑그림을 그리는 것으로 알려졌다. 신약 외에 디지털헬스케어 분야에서 보폭을 확대하고 있다. 지난해 디지털헬스케어 전담 조직을 꾸리고 씨어스테크놀로지의 스마트 병상 모니터링 시스템 ‘씽크’ 등을 유통하고 있다. 턱관절 진단 보조 의료기기를 개발하는 엠디스테이지, 치매 조기진단 서비스 개발 기업 실비아헬스케어 등 비상장 기업 신규 투자도 단행했다. 하지만 디지털헬스케어는 아직 수익 모델이 완성되지 않았다는 평가가 나온다. 기존 신약 외에 추가 ‘캐시카우’를 확보하기 위해선 당장 수익을 낼 수 있는 사업이 필요하다는 의미다.세계 의약품 시장 트렌드는 화학합성의약품에서 항체로 바뀌었다. 대웅제약은 펙수클루와 엔블로, 나보타로 각각 연매출 1조원을 달성하는 ‘1품 1조’ 목표를 세웠다. 이들을 잇는 ‘포스트 블록버스터’ 신약은 아직 개발되지 않았다. 항체 분야 진출은 또 다른 블록버스터를 만드는 데도 보탬이 될 것으로 평가된다. 자체 바이오시밀러를 보유하면 수익 다각화 면에서 도움이 된다.대웅제약은 서울 마곡에 2000억원을 투입해 연계·개발(C&D)센터를 조성하고 있다. 업계 관계자는 “항체·바이오시밀러 사업 진출은 마곡센터의 활용도를 높이는 데도 도움이 될 것”이라고 했다.이지현/이영애/김유림 기자 bluesky@hankyung.com",https://www.hankyung.com/article/2025063095471,2025.06.30 17:42
"02일, 외국인 거래소에서 삼성중공업(-0.65%), 한화시스템(-4.52%) 등 순매도",,"외국인 투자자는 02일 거래소에서 삼성중공업, 한화시스템, 삼성SDI 등을 중점적으로 매도한 것으로 나타났다.외국인 투자자의 순매도 상위 20개 종목은 삼성중공업, 한화시스템, 삼성SDI, 현대차, 기아, 셀트리온, HMM, 삼양식품, LG에너지솔루션, 한화오션등이다.이중에 운수장비 업종에 속한 종목이 4개 포함되어 있다.삼성SDI, HMM, SK텔레콤 등은 전일 대비 주가가 상승했고, 삼성중공업, 한화시스템, 현대차 등은 주가가 하락했다.[06월02일]거래소 외국인 순매도 상위 종목한경로보뉴스이 기사는 한국경제신문과 금융 AI 전문기업 씽크풀이 공동 개발한 기사 자동생성 알고리즘에 의해 실시간으로 작성된 것입니다.",https://www.hankyung.com/article/202506021493L,2025.06.02 18:35
위기가 곧 기회! 본인자산포함 4배 집중투자를 원한다면 5년고정 연 4.9% 금리로 상품 이용하자,,"부자네스탁론이 특별 이벤트로 5년고정 연 4.9%의 저금리 스탁론 상품을 출시하면서 투자자들에게 화제가 되고 있다.5년고정 연 4.9%의 저금리 스탁론은 주요 증권사의 신용 금리로 알려진 8~9%대의 금리보다 훨씬 금리가 낮은 상품이다.스탁론 상품들은 증권사 신용보다 레버리지는 더 높고 담보유지비율은 더 낮아 투자 고수들 사이에서 잘 알려진 상품이다.미수나 반대매도를 해결해주는 대환대출상품, 한 종목 100% 집중투자 상품신용등급, 매수불가종목, D.S.R 등 주식투자자들의 고민을 완벽하게 해결해주는 솔루션을 제공하는부자네스탁론은 고객마다 가장 최적의 대출방법으로 해결해준다.-스탁론 D.S.R<총부채원리금상환비율> 고강도 규제에도! 문제없는 부자네스탁론!– 소득 낮고 기존 대출금액 많아도 계좌평가금액에 비례해서 대출가능!▶머니투데이 부자네스탁론① 5년고정 연 4.9% 금리의 최저금리 스탁론② 자기자본포함 최대 4배까지 레버리지 투자 가능③ 매수가능종목 100% 집중투자가능 (코스닥, 시가총액, 포트폴리오비율상관없이)④ 스탁론 전종목 1:1 매수상담문의 → 수익극대화⑤ 반대매도 임박 / 추가입금이 힘들다면? → 1:1 로스컷 전문상담⑥ D.S.R과 신용등급 낮.아.도 문제없이 매입/대환까지 가능!★ D.S.R비율, 신용등급 무관 저금리 부자네스탁 AM8:00~PM4:00 ☎1577-5852★ AM 8:00 부터 선착순 예약접수 http://www.bujane.co.kr/6월 고객들의 문의가 많은 종목은 한화에어로스페이스, LIG넥스원, SK하이닉스, 두산에너빌리티, 셀트리온 등이 있다.무료상담",https://www.hankyung.com/article/202506245040a,2025.06.24 14:08
"12일, 외국인 거래소에서 한화에어로스페이스(+5.3%), 현대차(+0.25%) 등 순매수",,"외국인 투자자는 12일 거래소에서 한화에어로스페이스, 현대차, 현대건설 등을 중점적으로 사들인 것으로 나타났다.외국인 투자자의 순매수 상위 20개 종목은 한화에어로스페이스, 현대차, 현대건설, 기아, KB금융, 삼성중공업, 메리츠금융지주, NAVER, SK하이닉스, 삼성화재등이다.이중에 운수장비 업종에 속한 종목이 6개 포함되어 있다.한화에어로스페이스, 현대차, 현대건설 등은 전일 대비 주가가 상승했고, KB금융, 메리츠금융지주, NAVER 등은 주가가 하락했다.[06월12일]거래소 외국인 순매수 상위 종목한경로보뉴스이 기사는 한국경제신문과 금융 AI 전문기업 씽크풀이 공동 개발한 기사 자동생성 알고리즘에 의해 실시간으로 작성된 것입니다.",https://www.hankyung.com/article/202506121791L,2025.06.12 18:35
"주식 신용 고금리 방치, 하루 4만원씩 사라지고 있습니다",,"전송종목 : 씨에스윈드, 스튜디오드래곤, 주성엔지니어링, 코리안리, 젬백스매일 4만 원씩, 1년이면 약 1,500만 원, 이 돈은 누구의 통장으로 들어갈까요?당신이 가만히 있는 순간에도, 고금리 증권사는 웃고 있습니다.최근 주식 투자자들 사이에서는 신용융자, 미수 등 증권사의 고금리 대출의 이자 부담이 뜨거운 감자로 떠오르고 있다.많은 투자자들이 “금리를 낮추고 싶다”고 말하지만, 기존 대출 상환 후 재매수라는 번거로운 절차에 자금 마련까지 어려워 그냥 방치하고 마는 경우가 다반사이다.이러한 고금리의 증권사 신용 및 담보대출 이용자들의 악순환을 끊을 방법이 생겼다.바로 무빙스탁의 ‘증권사 신용, 대환자금대출’ 서비스가 출시된 것이다.이 서비스는 보유 주식을 매도하지 않고, 기존 고금리 주식대출(신용/미수 등)을 연 3%대의 저금리 상품으로 전환할 수 있도록 상환자금을 지원하는 것이 핵심이다.무빙스탁 관계자는 “금리를 5%만 낮춰도, 신용대출 3억 원 기준 무려 1,500만 원의 이자 절감 효과가 있습니다.” 라고 밝혔다.더 놀라운 사실은, 지금 이벤트 기간 중 신청하면 대환자금 이자까지 0원이라는 점이다. 단 하루의 이자 부담도 없이, 기존 고금리를 완전히 벗어날 수 있는 절호의 기회이다.무빙스탁 ‘증권사 신용, 대환자금대출’의 비용 무료 이벤트는 이벤트 기간 동안 한정적으로 제공되는 만큼, 고금리의 신용융자를 이용 중인 투자자라면 지금 바로 확인해볼 필요가 있다.★ 장마감 시간이 가까워질수록 문의가 많아 상담이 지연될 수 있습니다.★ 5월 문의하신 고객들이 많이 보유하신 종목으로는 삼성전자, POSCO홀딩스, 셀트리온, 포스코퓨처엠, 에코프로비엠, NAVER, 에코프로, 삼성SDI, LG화학, SK하이닉스, 두산에너빌리티, 카카오, SK이노베이션, LG에너지솔루션, 엘앤에프, 삼천당제약, 현대차, 알테오젠, HPSP, LG전자 등이 있습니다.★ 안내사항과도한 빚은 당신에게 큰 불행을 안겨줄 수 있습니다. 대출 시 신용등급 하락으로 다른 금융거래가 제약받을 수 있습니다. 중개수수료를 요구하거나 받는 것은 불법입니다.상호명: ㈜단비대부 2021-서울영등포-2102(대부업) | TEL: 1544-4886 | 대출금리: 연 20%이내(연체금리는 약정금리+3%p이내, 최대 연 20%이내) | 단, 2021. 7. 7.부터 신규체결, 갱신, 연장되는 계약에 한함 | 채무의 조기상환 조건 및 부대비용 없음. (단, 신용조회비용 및 담보권설정비용 있음), 이자 외 별도로 중개수수료를 요구하거나 수취하는 것은 불법입니다. | 대표이사: 박동원 | 사업자등록번호: 274-86-00231 | 등록기관명칭: 서울 영등포구청(담당부서: 일자리경제과, 02-2670-3420) | 소재지 : 서울 영등포구 여의대방로67길 11, 5층 517호 | 개인정보관리자메일: help@danbifund.co.kr무료상담",https://www.hankyung.com/article/202505289867a,2025.05.28 09:36
연4%대 금리로 본인자산 포함 최대 4배 자금 마련해서 저가에 매수!,,"부자네스탁론이 특별 이벤트로 5년고정 연 4.9%의 저금리 스탁론 상품을 출시하면서 투자자들에게 화제가 되고 있다.5년고정 연 4.9%의 저금리 스탁론은 주요 증권사의 신용 금리로 알려진 8~9%대의 금리보다 훨씬 금리가 낮은 상품이다.스탁론 상품들은 증권사 신용보다 레버리지는 더 높고 담보유지비율은 더 낮아 투자 고수들 사이에서 잘 알려진 상품이다.미수나 반대매도를 해결해주는 대환대출상품, 한 종목 100% 집중투자 상품신용등급, 매수불가종목, D.S.R 등 주식투자자들의 고민을 완벽하게 해결해주는 솔루션을 제공하는부자네스탁론은 고객마다 가장 최적의 대출방법으로 해결해준다.-스탁론 D.S.R<총부채원리금상환비율> 고강도 규제에도! 문제없는 부자네스탁론!– 소득 낮고 기존 대출금액 많아도 계좌평가금액에 비례해서 대출가능!▶머니투데이 부자네스탁론① 5년고정 연 4.9% 금리의 최저금리 스탁론② 자기자본포함 최대 4배까지 레버리지 투자 가능③ 매수가능종목 100% 집중투자가능 (코스닥, 시가총액, 포트폴리오비율상관없이)④ 스탁론 전종목 1:1 매수상담문의 → 수익극대화⑤ 반대매도 임박 / 추가입금이 힘들다면? → 1:1 로스컷 전문상담⑥ D.S.R과 신용등급 낮.아.도 문제없이 매입/대환까지 가능!★ D.S.R비율, 신용등급 무관 저금리 부자네스탁 AM8:00~PM4:00 ☎1577-5852★ AM 8:00 부터 선착순 예약접수 http://www.bujane.co.kr/6월 고객들의 문의가 많은 종목은 한화에어로스페이스, LIG넥스원, 한화비전, 두산에너빌리티, 셀트리온 등이 있다.무료상담",https://www.hankyung.com/article/202506029475a,2025.06.02 14:08
고금리 이자 폭탄 피하는 법! 증권사 대출 3%대로 줄이기,,"전송종목 : SNT홀딩스, KZ정밀, 감성코퍼레이션, 솔브레인홀딩스, 진성티이씨최근 주식 투자자들 사이에서 주식대출(미수/신용융자 등)의 고금리에 대한 부담이 커지고 있다.특히 저금리를 적용 받고 싶어도, 기존 대출을 상환하고 다시 주식을 매수해야 하는 번거로운 절차와 자금 조달의 어려움이 발목을 잡고 있다.이런 현실적인 문제를 해결하고자, 무빙스탁이 ‘증권사 신용, 대환자금대출’ 서비스를 전격 출시했다.이 상품은 주식을 매도하지 않고도, 기존의 고금리의 주식대출(미수/신용융자 등)의 3%대의 혁신적인 저금리 증권사로 전환할 수 있도록 상환자금을 제공하는 것이 핵심이다.무빙스탁 관계자는 “현재 증권사 이벤트 금리는 연 3%대 수준으로, 기존 9~10%대 고금리를 적용받는 투자자라면 절감 효과가 상당하다”며, 금리를 5%만 낮추면 “1억원 신용대출 기준으로 연간 약 500만원, 3억원이라면 1,500만원까지도 절약할 수 있다”고 밝혔다.더 놀라운 점은, 현재는 이벤트 기간으로 대환자금대출 신청시 발생하는 이자 비용까지 ‘0원’이라는 사실이다. 대환자금에 대해서 하루의 대출이자도 부담하지 않고 기존 고금리 대출을 저금리로 전환할 수 있어, 고금리 부담에 시달리던 투자자들에게 큰 호응을 얻을 전망이다.이 서비스는 부동산 시장에서 흔히 이용되던 대환대출 개념을 증권시장에 도입한 혁신적인 시도로, 주식 투자자들의 자금 운용에 새로운 대안을 제시할 것으로 기대된다.무빙스탁 ‘증권사 신용, 대환자금대출’의 비용 무료 이벤트는 이벤트 기간 동안 한정적으로 제공되는 만큼, 신용융자를 이용 중인 투자자라면 지금 바로 확인해볼 필요가 있다.★ 장마감 시간이 가까워질수록 문의가 많아 상담이 지연될 수 있습니다.★ 7월 문의하신 고객들이 많이 보유하신 종목으로는 삼성전자, POSCO홀딩스, 셀트리온, 포스코퓨처엠, 에코프로비엠, NAVER, 에코프로, 삼성SDI, LG화학, SK하이닉스, 두산에너빌리티, 카카오, SK이노베이션, LG에너지솔루션, 엘앤에프, 삼천당제약, 현대차, 알테오젠, HPSP, LG전자 등이 있습니다.★ 안내사항과도한 빚은 당신에게 큰 불행을 안겨줄 수 있습니다. 대출 시 신용등급 하락으로 다른 금융거래가 제약받을 수 있습니다. 중개수수료를 요구하거나 받는 것은 불법입니다.상호명: ㈜단비대부 2021-서울영등포-2102(대부업) | TEL: 1544-4886 | 대출금리: 연 20%이내(연체금리는 약정금리+3%p이내, 최대 연 20%이내) | 단, 2021. 7. 7.부터 신규체결, 갱신, 연장되는 계약에 한함 | 채무의 조기상환 조건 및 부대비용 없음. (단, 신용조회비용 및 담보권설정비용 있음), 이자 외 별도로 중개수수료를 요구하거나 수취하는 것은 불법입니다. | 대표이사: 박동원 | 사업자등록번호: 274-86-00231 | 등록기관명칭: 서울 영등포구청(담당부서: 일자리경제과, 02-2670-3420) | 소재지 : 서울 영등포구 여의대방로67길 11, 5층 517호 | 개인정보관리자메일: help@danbifund.co.kr무료상담",https://www.hankyung.com/article/202507145597a,2025.07.14 08:33
고금리 OUT! 증권사 신용대출 3%대로 전환하는 방법,,"전송종목 : 카카오, JYP Ent.",https://www.hankyung.com/article/202507083733a,2025.07.08 09:33
"02일, 거래소 기관 순매수상위에 운수장비 업종 3종목",,"기관 투자자는 02일 거래소에서 삼성전자, 셀트리온, KODEX 200선물인버스2X 등을 중점적으로 사들인 것으로 나타났다.기관 투자자의 순매수 상위 20개 종목은 삼성전자, 셀트리온, KODEX 200선물인버스2X, 현대차, 한화솔루션, 기아, LG화학, 현대모비스, 신한지주, LG에너지솔루션등이다.이중에 운수장비 업종에 속한 종목이 3개 포함되어 있다.삼성전자, 셀트리온, KODEX 200선물인버스2X 등은 전일 대비 주가가 상승했고, 신한지주, TIGER 코리아밸류업, 에이피알 등은 주가가 하락했다.[07월02일]거래소 기관 순매수 상위 종목한경로보뉴스이 기사는 한국경제신문과 금융 AI 전문기업 씽크풀이 공동 개발한 기사 자동생성 알고리즘에 의해 실시간으로 작성된 것입니다.",https://www.hankyung.com/article/202507024679L,2025.07.02 18:35
"삼성생명, 신계약 부진 딛고 반등세 뚜렷",,"삼성생명이 최근 종신보험 신계약 감소라는 어려움에도 불구하고 주가가 반등 흐름을 이어가며 시장의 관심을 받고 있다. 금융당국의 규제 강화와 인구 구조 변화로 인한 신계약 부진에도 불구하고, 삼성생명은 다양한 상품 개선과 신사업 전략으로 성장 동력을 확보해 가고 있다는 평가다.특히, 기존 사망보험 중심에서 생전 소득 보장형 상품으로의 전환 시도가 주목받고 있다. 금융당국 역시 사망보험금을 생전 유동화할 수 있도록 관련 제도 개선을 추진 중이며, 이는 삼성생명이 향후 신성장 동력을 마련하는 데 긍정적인 환경으로 작용할 전망이다.증권가에서는 “단기적인 신계약 감소가 주가에 부담이었으나, 시장 기대감이 회복되면서 투자 심리가 개선되고 있다”며 “상품 구조 개편과 신사업 진척 여부가 앞으로 주가 향방을 가를 주요 변수”라고 분석했다.삼성생명은 안정적인 자산운용과 배당 정책을 기반으로 중장기 성장 가능성을 갖추며 반등세를 강화하고 있다.씨티알모빌리티, 셀트리온, 두산로보틱스, LG에너지솔루션, 현대해상무료상담",https://www.hankyung.com/article/202507010686a,2025.07.01 13:18
고금리 OUT! 증권사 신용대출 3%대로 전환하는 방법,,"전송종목 : KT지니뮤직, KSS해운, 한양이엔지, 대아티아이, 파워로직스최근 주식 투자자들 사이에서 주식대출(미수/신용융자 등)의 고금리에 대한 부담이 커지고 있다.특히 저금리를 적용 받고 싶어도, 기존 대출을 상환하고 다시 주식을 매수해야 하는 번거로운 절차와 자금 조달의 어려움이 발목을 잡고 있다.이런 현실적인 문제를 해결하고자, 무빙스탁이 ‘증권사 신용, 대환자금대출’ 서비스를 전격 출시했다.이 상품은 주식을 매도하지 않고도, 기존의 고금리의 주식대출(미수/신용융자 등)의 3%대의 혁신적인 저금리 증권사로 전환할 수 있도록 상환자금을 제공하는 것이 핵심이다.무빙스탁 관계자는 “현재 증권사 이벤트 금리는 연 3%대 수준으로, 기존 9~10%대 고금리를 적용받는 투자자라면 절감 효과가 상당하다”며, 금리를 5%만 낮추면 “1억원 신용대출 기준으로 연간 약 500만원, 3억원이라면 1,500만원까지도 절약할 수 있다”고 밝혔다.더 놀라운 점은, 현재는 이벤트 기간으로 대환자금대출 신청시 발생하는 이자 비용까지 ‘0원’이라는 사실이다. 대환자금에 대해서 하루의 대출이자도 부담하지 않고 기존 고금리 대출을 저금리로 전환할 수 있어, 고금리 부담에 시달리던 투자자들에게 큰 호응을 얻을 전망이다.이 서비스는 부동산 시장에서 흔히 이용되던 대환대출 개념을 증권시장에 도입한 혁신적인 시도로, 주식 투자자들의 자금 운용에 새로운 대안을 제시할 것으로 기대된다.무빙스탁 ‘증권사 신용, 대환자금대출’의 비용 무료 이벤트는 이벤트 기간 동안 한정적으로 제공되는 만큼, 신용융자를 이용 중인 투자자라면 지금 바로 확인해볼 필요가 있다.★ 장마감 시간이 가까워질수록 문의가 많아 상담이 지연될 수 있습니다.★ 7월 문의하신 고객들이 많이 보유하신 종목으로는 삼성전자, POSCO홀딩스, 셀트리온, 포스코퓨처엠, 에코프로비엠, NAVER, 에코프로, 삼성SDI, LG화학, SK하이닉스, 두산에너빌리티, 카카오, SK이노베이션, LG에너지솔루션, 엘앤에프, 삼천당제약, 현대차, 알테오젠, HPSP, LG전자 등이 있습니다.★ 안내사항과도한 빚은 당신에게 큰 불행을 안겨줄 수 있습니다. 대출 시 신용등급 하락으로 다른 금융거래가 제약받을 수 있습니다. 중개수수료를 요구하거나 받는 것은 불법입니다.상호명: ㈜단비대부 2021-서울영등포-2102(대부업) | TEL: 1544-4886 | 대출금리: 연 20%이내(연체금리는 약정금리+3%p이내, 최대 연 20%이내) | 단, 2021. 7. 7.부터 신규체결, 갱신, 연장되는 계약에 한함 | 채무의 조기상환 조건 및 부대비용 없음. (단, 신용조회비용 및 담보권설정비용 있음), 이자 외 별도로 중개수수료를 요구하거나 수취하는 것은 불법입니다. | 대표이사: 박동원 | 사업자등록번호: 274-86-00231 | 등록기관명칭: 서울 영등포구청(담당부서: 일자리경제과, 02-2670-3420) | 소재지 : 서울 영등포구 여의대방로67길 11, 5층 517호 | 개인정보관리자메일: help@danbifund.co.kr무료상담",https://www.hankyung.com/article/202507145606a,2025.07.14 09:43
신용대출 이자 절감 꿀팁! 증권사 3%대 대출 전환법 공개,,"전송종목 : 대덕전자, 티엘비, 청담글로벌, 에스와이스틸텍, 윤성에프앤씨최근 주식 투자자들 사이에서 주식대출(미수/신용융자 등)의 고금리에 대한 부담이 커지고 있다.특히 저금리를 적용 받고 싶어도, 기존 대출을 상환하고 다시 주식을 매수해야 하는 번거로운 절차와 자금 조달의 어려움이 발목을 잡고 있다.이런 현실적인 문제를 해결하고자, 무빙스탁이 ‘증권사 신용, 대환자금대출’ 서비스를 전격 출시했다.이 상품은 주식을 매도하지 않고도, 기존의 고금리의 주식대출(미수/신용융자 등)의 3%대의 혁신적인 저금리 증권사로 전환할 수 있도록 상환자금을 제공하는 것이 핵심이다.무빙스탁 관계자는 “현재 증권사 이벤트 금리는 연 3%대 수준으로, 기존 9~10%대 고금리를 적용받는 투자자라면 절감 효과가 상당하다”며, 금리를 5%만 낮추면 “1억원 신용대출 기준으로 연간 약 500만원, 3억원이라면 1,500만원까지도 절약할 수 있다”고 밝혔다.더 놀라운 점은, 현재는 이벤트 기간으로 대환자금대출 신청시 발생하는 이자 비용까지 ‘0원’이라는 사실이다. 대환자금에 대해서 하루의 대출이자도 부담하지 않고 기존 고금리 대출을 저금리로 전환할 수 있어, 고금리 부담에 시달리던 투자자들에게 큰 호응을 얻을 전망이다.이 서비스는 부동산 시장에서 흔히 이용되던 대환대출 개념을 증권시장에 도입한 혁신적인 시도로, 주식 투자자들의 자금 운용에 새로운 대안을 제시할 것으로 기대된다.무빙스탁 ‘증권사 신용, 대환자금대출’의 비용 무료 이벤트는 이벤트 기간 동안 한정적으로 제공되는 만큼, 신용융자를 이용 중인 투자자라면 지금 바로 확인해볼 필요가 있다.★ 장마감 시간이 가까워질수록 문의가 많아 상담이 지연될 수 있습니다.★ 7월 문의하신 고객들이 많이 보유하신 종목으로는 삼성전자, POSCO홀딩스, 셀트리온, 포스코퓨처엠, 에코프로비엠, NAVER, 에코프로, 삼성SDI, LG화학, SK하이닉스, 두산에너빌리티, 카카오, SK이노베이션, LG에너지솔루션, 엘앤에프, 삼천당제약, 현대차, 알테오젠, HPSP, LG전자 등이 있습니다.★ 안내사항과도한 빚은 당신에게 큰 불행을 안겨줄 수 있습니다. 대출 시 신용등급 하락으로 다른 금융거래가 제약받을 수 있습니다. 중개수수료를 요구하거나 받는 것은 불법입니다.상호명: ㈜단비대부 2021-서울영등포-2102(대부업) | TEL: 1544-4886 | 대출금리: 연 20%이내(연체금리는 약정금리+3%p이내, 최대 연 20%이내) | 단, 2021. 7. 7.부터 신규체결, 갱신, 연장되는 계약에 한함 | 채무의 조기상환 조건 및 부대비용 없음. (단, 신용조회비용 및 담보권설정비용 있음), 이자 외 별도로 중개수수료를 요구하거나 수취하는 것은 불법입니다. | 대표이사: 박동원 | 사업자등록번호: 274-86-00231 | 등록기관명칭: 서울 영등포구청(담당부서: 일자리경제과, 02-2670-3420) | 소재지 : 서울 영등포구 여의대방로67길 11, 5층 517호 | 개인정보관리자메일: help@danbifund.co.kr무료상담",https://www.hankyung.com/article/202507047521a,2025.07.04 10:48
"한화솔루션, REC 실리콘 인수 추진에 따른 상승세",,"2025년 5월 30일, 한화솔루션이 노르웨이의 REC 실리콘 인수 추진 소식에 주가 상승세를 보이고 있다. 한화솔루션은 REC 실리콘의 최대 주주로서, 전량 현금으로 8,860만 달러 규모의 인수를 제안했다. 그러나 REC 실리콘의 주요 주주인 Water Street Capital은 해당 인수 가격이 자산 가치를 과소평가한 것이라며 반대 입장을 표명하고 있다.한화솔루션은 REC 실리콘을 통해 미국 내 저탄소 태양광 소재 공급망을 강화하고, 미국의 인플레이션 감축법(IRA) 등 친환경 정책에 따른 혜택을 누릴 수 있을 것으로 기대하고 있다. 또한, REC 실리콘의 기술력과 생산 능력을 활용하여 글로벌 태양광 시장에서의 경쟁력을 높일 수 있을 것으로 전망된다.이번 인수 추진은 한화솔루션의 재생에너지 사업 확대 전략의 일환으로, 향후 실적 개선과 주가 상승에 긍정적인 영향을 미칠 것으로 기대된다.HS효성, 달바글로벌, HD현대중공업, 셀트리온, 에코프로무료상담",https://www.hankyung.com/article/202505306302a,2025.05.30 14:13
"증권사 신용대출, 3%대 금리로 바꾸는 가장 쉬운 방법",,"전송종목 : 웹젠, 대호에이엘, 인피니트헬스케어, 로체시스템즈, 지역난방공사최근 주식 투자자들 사이에서 주식대출(미수/신용융자 등)의 고금리에 대한 부담이 커지고 있다.특히 저금리를 적용 받고 싶어도, 기존 대출을 상환하고 다시 주식을 매수해야 하는 번거로운 절차와 자금 조달의 어려움이 발목을 잡고 있다.이런 현실적인 문제를 해결하고자, 무빙스탁이 ‘증권사 신용, 대환자금대출’ 서비스를 전격 출시했다.이 상품은 주식을 매도하지 않고도, 기존의 고금리의 주식대출(미수/신용융자 등)의 3%대의 혁신적인 저금리 증권사로 전환할 수 있도록 상환자금을 제공하는 것이 핵심이다.무빙스탁 관계자는 “현재 증권사 이벤트 금리는 연 3%대 수준으로, 기존 9~10%대 고금리를 적용받는 투자자라면 절감 효과가 상당하다”며, 금리를 5%만 낮추면 “1억원 신용대출 기준으로 연간 약 500만원, 3억원이라면 1,500만원까지도 절약할 수 있다”고 밝혔다.더 놀라운 점은, 현재는 이벤트 기간으로 대환자금대출 신청시 발생하는 이자 비용까지 ‘0원’이라는 사실이다. 대환자금에 대해서 하루의 대출이자도 부담하지 않고 기존 고금리 대출을 저금리로 전환할 수 있어, 고금리 부담에 시달리던 투자자들에게 큰 호응을 얻을 전망이다.이 서비스는 부동산 시장에서 흔히 이용되던 대환대출 개념을 증권시장에 도입한 혁신적인 시도로, 주식 투자자들의 자금 운용에 새로운 대안을 제시할 것으로 기대된다.무빙스탁 ‘증권사 신용, 대환자금대출’의 비용 무료 이벤트는 이벤트 기간 동안 한정적으로 제공되는 만큼, 신용융자를 이용 중인 투자자라면 지금 바로 확인해볼 필요가 있다.★ 장마감 시간이 가까워질수록 문의가 많아 상담이 지연될 수 있습니다.★ 7월 문의하신 고객들이 많이 보유하신 종목으로는 삼성전자, POSCO홀딩스, 셀트리온, 포스코퓨처엠, 에코프로비엠, NAVER, 에코프로, 삼성SDI, LG화학, SK하이닉스, 두산에너빌리티, 카카오, SK이노베이션, LG에너지솔루션, 엘앤에프, 삼천당제약, 현대차, 알테오젠, HPSP, LG전자 등이 있습니다.★ 안내사항과도한 빚은 당신에게 큰 불행을 안겨줄 수 있습니다. 대출 시 신용등급 하락으로 다른 금융거래가 제약받을 수 있습니다. 중개수수료를 요구하거나 받는 것은 불법입니다.상호명: ㈜단비대부 2021-서울영등포-2102(대부업) | TEL: 1544-4886 | 대출금리: 연 20%이내(연체금리는 약정금리+3%p이내, 최대 연 20%이내) | 단, 2021. 7. 7.부터 신규체결, 갱신, 연장되는 계약에 한함 | 채무의 조기상환 조건 및 부대비용 없음. (단, 신용조회비용 및 담보권설정비용 있음), 이자 외 별도로 중개수수료를 요구하거나 수취하는 것은 불법입니다. | 대표이사: 박동원 | 사업자등록번호: 274-86-00231 | 등록기관명칭: 서울 영등포구청(담당부서: 일자리경제과, 02-2670-3420) | 소재지 : 서울 영등포구 여의대방로67길 11, 5층 517호 | 개인정보관리자메일: help@danbifund.co.kr무료상담",https://www.hankyung.com/article/202507158096a,2025.07.15 10:28
"데이터·페이먼트 신사업 기대에 쿠콘, 주가 ‘강세 모멘텀’ 지속",,"쿠콘(294570)이 최근 코스닥 시장에서 강세 흐름을 이어가고 있어 투자자들의 관심이 집중되고 있다.1분기 실적(연결 기준)에서 매출은 전년 대비 소폭 증가한 약 173억원, 영업이익은 27.8% 늘어난 44억원을 기록해 수익성이 눈에 띄게 회복됐다. 특히 페이먼트 부문의 고수익성 상품 비중 확대와 비용 효율화 덕분이다.증권사 유진투자증권은 2분기에도 데이터·페이먼트 신규 서비스 출시가 예정돼 있어 하반기 실적 개선 전환이 기대된다고 분석했다. 통신사 마이데이터 API, 비대면 서류 API, 선(先)지급 상품 등이 순차적으로 가동될 예정이다.밸류에이션 측면에서는 2025년 예상 PER이 약 14배 수준으로, 국내 동종업체 평균 대비 낮아 아직 밸류업 사이클이 열려 있다는 판단이 나온다.이런 실적 기반 기대감과 밸류에이션 매력으로 인해 최근 외국인 및 기관 수급이 개선되며 주가는 크게 오르는 흐름을 보이고 있다. 다만, 주요 신사업의 안정적인 론칭과 매출 확대 여부가 향후 모멘텀의 향방을 좌우할 것으로 보인다.LS ELECTRIC, 우리금융지주, HD현대중공업, 셀트리온, KCC무료상담",https://www.hankyung.com/article/202507096738a,2025.07.09 13:13
"국내 첫 바이오약품 필터공장…다나허, 인천 송도서 내년 가동","최준호 다나허코리아 회장

삼성·SK·셀트리온 등이 고객
주요 바이오 소부장 세계 1위
""끊임없는 개선이 성장 비결""","국내에서 처음으로 바이오의약품 생산을 위한 정제 필터 공장이 가동된다. 바이오·생명과학·진단 분야 강자인 미국 다나허그룹이 1000억원을 투자해 인천 송도에서 내년에 공장을 완공한다.다나허그룹 한국법인인 다나허코리아의 최준호 회장(사진)은 2일 인터뷰에서 “송도 공장이 내년에 가동되면 우선 내수 공급용 물량을 생산할 것”이라며 “향후 아시아·태평양지역으로 수출하는 물량도 맡게 될 것”이라고 말했다. 송도 공장에서 생산하는 필터는 바이오의약품 위탁개발생산(CDMO)뿐만 아니라 바이오시밀러(바이오의약품 복제약)·백신 생산의 핵심 장비다. 세포배양액에서 불순물을 제거하고, 단백질의 순도를 높여준다. 국내에서는 삼성바이오로직스, 셀트리온, SK바이오사이언스 등에 공급될 예정이다. 최 회장은 “다나허그룹은 미국 중국과 함께 바이오 소재·부품·장비 세계 3대 시장인 한국에 투자를 확대하고 있다”며 “국내 총 누적 투자 규모가 4000억원이 넘는다”고 했다.다나허그룹은 포천지 선정 500대 글로벌 기업이다. 2024년 말 기준 시가총액은 190조원, 매출은 34조원에 달했다. 2020년 제너럴일렉트릭(GE)으로부터 인수한 주력 계열사 싸이티바는 290년 넘는 역사를 지닌 세계적인 생물공학 소재기업이다. 바이오의약품 공정 중 표적 약물을 분리·정제하는 데 쓰이는 크로마토그래피 장비와 정제 소재인 레진 부문에서 압도적인 글로벌 시장점유율 1위를 점하고 있다.최근 다나허그룹은 자체 유전자편집 기술을 활용해 희소 유전질환을 앓는 아기를 치료하는 데 성공하면서 세계 과학계의 주목을 받았다. 여기엔 세계 최대 메신저리보핵산(mRNA) 전문기업 알데브론, 차세대 유전자분석기업 IDT 등 다나허 계열사의 기술이 적용됐다.최 회장은 다나허그룹의 핵심 기업문화로 ‘끊임없는 개선’을 꼽았다. 그는 “별도의 경영혁신 도구인 다나허비즈니스시스템을 개발해 납기 준수율을 크게 개선했다”고 했다. 업계가 추정한 다나허코리아의 지난해 매출은 약 7000억원이다. 최 회장은 “올해에도 지난해에 이어 두 자릿수 매출 성장률을 기록할 것”이라고 말했다.안대규 기자 powerzanic@hankyung.com",https://www.hankyung.com/article/2025060213381,2025.06.02 17:43
"셀트리온, 일주일 만에 11% 치솟았다…기관이 담은 이유 [종목+]","주도주 순환매 수혜…기관, 1주일간 1500억원 매집
셀트리온홀딩스 ""1조원 마련해 주식 매입 및 M&A""","인천 송도에 있는 셀트리온 본사 전경. 사진=강은구 기자

                셀트리온 주가가 지난주 11% 넘게 치솟았다. 6월 한 달 동안 코스피가 급등하며 3100선을 돌파하는 동안에는 답답한 흐름을 보이더니, 7월 들어선 연일 불을 뿜고 있다. 미국에서의 짐펜트라(피하주사 제형의 인플릭시맙) 판매량 증가가 하반기부터는 본격화될 전망인데다, 신약 연구·개발(R&D)에 대한 기대감도 주가에 반영되는 모습이다.7일 한국거래소에 따르면 셀트리온은 지난주(6월30일~7월4일) 한 주 동안에만 11.32% 상승해 17만8000원에 거래를 마쳤다. 같은 기간 코스피는 0.05% 하락했다.특히 기관이 셀트리온 주식을 적극적으로 쓸어 담았다. 한 주 동안 순매수 규모가 1535억원에 달한다. 그중에서도 국민연금으로 대표되는 연기금이 492억원어치를 사들여 가장 비중이 컸다. 증권사를 비롯한 금융회사들이 자체 자금으로 운용하는 수급인 금융투자(420억원)가 뒤를 이었다. 같은 기간 외국인도 셀트리온 주식을 112억원어치 순매수했다.주가지수 상승세가 주춤한 가운데 나타난 테마·종목별 순환매 흐름에서 셀트리온으로 투자심리가 쏠린 것으로 보인다. 코스피가 13.86%나 급등한 6월 셀트리온은 투자자들 관심에서 소외되며 2.92% 오르는 데 그쳤다. 하지만 6월 상승장을 이끌었던 조선, 방위산업(방산), 전력 인프라 등의 테마의 주가 수준이 부담스러울 정도로 오르자, 이달 들어선 투자자들이 대안을 찾아 나섰고 셀트리온을 비롯한 소외주들로 매수세가 옮겨갔다.특히 셀트리온그룹 지주사가 셀트리온 주식을 매입하고 성장 동력이 될 회사를 인수·합병(M&A)하기 위해 1조원의 재원을 확보하겠다고 지난 4일 장 초반 밝히면서 저평가 매력이 부각됐다. 셀트리온 주식 매입에는 5000억원을 올해 안에 투입하고 해당 주식을 최소 1년 이상 보유할 방침이다.앞서서도 셀트리온은 올해 들어서만 6500억원 규모의 자사주 매입을 공시했다. 5월에는 주주가치를 제고하겠다며 주당 0.04주를 배정하는 무상증자를 결정하기도 했다.이는 주가 부진이 이어졌기 때문이다. 셀트리온 주가는 2월26일 18만2336원으로 고점을 찍은 뒤 5월12일엔 14만6216원으로 약 두 달 반 만에 19.81% 급락했다. 1분기 잠정실적을 5월9일 발표하고, 바로 다음 거래일인 같은달 12일에 3.92% 급락했다. 1분기 영업이익은 1494억원으로, 실적 발표 직전 집계된 컨센서스보다 31%가량 적은 ‘어닝쇼크’였다. 외부 위탁생산(CMO)과 3공장 가동 개시에 따른 비용으로 인해 수익성이 악화된 탓이었다.2분기에는 수익성이 회복됐을 것으로 추정되고 있다. 위해주 한국투자증권 연구원은 “2분기에는 외부 CMO에서 생산한 물량 영향이 없어 매출총이익률(GPM) 개선이 나타날 것”이라고 분석했다. 한국투자증권은 셀트리온의 2분기 GPM 추정치로 직전분기 대비 2.5%포인트 확대된 55.1%를 제시했다.셀트리온의 2분기 실적 컨센서스(증권사 추정치 평균)는 매출 1조62억원, 영업이익 2500억원이다. 영업이익률이 24.85%를 기록할 것이란 공감대가 형성돼 있다. 1분기 영업이익률은 17.75%였다.기대보다 늦어지고 있는 짐펜트라의 판매 성과도 하반기부터 본격화될 전망이다. 짐펜트라는 유럽에선 램시마 피하주사(SC)라는 이름으로 먼저 판매가 개시됐으며, 점유율이 빠르게 확대됐다. 하지만 미국에서는 처방약 급여 관리 업체(PBM)를 통해야 하는 의료보험 제도로 인해 짐펜트라의 시장 진입이 지연됐다. 정재원 iM증권 연구원은 “올해 하반기부터는 미국에서도 짐펜트라의 성과가 나타날 것”이라고 말했다. 그는 작년엔 357억원에 그쳤던 짐펜트라의 매출이 올해는 3502억원으로 불어날 것으로 점쳤다.신약 개발 분야도 눈여겨봐야 한다는 조언이 나온다. 김혜민 KB증권 연구원은 “바이오시밀러에 초점이 맞춰져 셀트리온의 신약 연구·개발(R&D)에는 관심이 제한적일 수 있지만, 항체약물접합체(ADC) 신약 후보물질의 연구가 활발하게 진행되고 있다”고 말했다.특히 올해 하반기에 간세포 성장인자 수용체(c-MET)를 표적으로 하는 CT-P70는 임상 개시가, 방광·폐에 생긴 종양 표면에서 발견되는 단백질 넥틴-4를 표적으로 하는 CT-P71은 임상시험계획(IND) 승인이 각각 예정돼 있다.김혜민 연구원은 “본업(바이오시밀러)의 성장과 신약 R&D 모멘텀을 중장기적 호흡으로 보면 현재 주가 수준은 매력적인 구간”이라고 판단했다.한경우 한경닷컴 기자 case@hankyung.com",https://www.hankyung.com/article/2025070713326,2025.07.07 07:53
"셀트리온제약, 바이오시밀러 수출 확대와 신약 개발로 성장세 지속",,"셀트리온제약(068760)은 바이오시밀러 수출 확대와 신약 개발에 힘입어 최근 성장세를 이어가고 있다. 2025년 1분기 연결 기준 매출은 전년 동기 대비 증가하며, 특히 바이오시밀러 제품의 해외 매출이 두드러진 성과를 보였다. 셀트리온제약은 자가면역질환 치료제와 항암제 등 다양한 바이오시밀러 제품을 보유하고 있으며, 이를 통해 글로벌 시장에서의 입지를 확대하고 있다.또한, 셀트리온제약은 신약 개발에도 적극 투자하고 있다. 최근에는 항체 기반의 면역항암제와 자가면역질환 치료제의 임상 개발을 진행 중이며, 이를 통해 차세대 성장 동력을 확보하고 있다. 특히, 자가면역질환 치료제는 글로벌 시장에서의 수요 증가와 함께 높은 성장 잠재력을 보유하고 있어 주목받고 있다.셀트리온제약의 이러한 성장은 안정적인 실적과 함께 향후 지속적인 주가 상승을 이끌어낼 것으로 기대된다. 바이오시밀러와 신약 개발을 통한 사업 다각화와 글로벌 시장 확대는 중장기적인 성장 기반을 마련하는 데 중요한 역할을 하고 있다.전문가들은 셀트리온제약이 향후 바이오시밀러와 신약 분야에서의 경쟁력을 강화하고, 글로벌 시장에서의 입지를 더욱 확대해 나갈 것으로 전망하고 있다. 이를 통해 지속 가능한 성장을 이어갈 것으로 기대된다.DL이앤씨, 올릭스, 프레스티지바이오파마, 넥써쓰, 크라운해태홀딩스무료상담",https://www.hankyung.com/article/202507023236a,2025.07.02 13:28
합리적 투자 필수! 증권사 신용대출 3%대 전환으로 이자 절감,,"전송종목 : 원일티엔아이, 하림, 피엔티, 코오롱ENP, 파크시스템스




 

최근 주식 투자자들 사이에서 주식대출(미수/신용융자 등)의 고금리에 대한 부담이 커지고 있다.특히 저금리를 적용 받고 싶어도, 기존 대출을 상환하고 다시 주식을 매수해야 하는 번거로운 절차와 자금 조달의 어려움이 발목을 잡고 있다.이런 현실적인 문제를 해결하고자, 무빙스탁이 ‘증권사 신용, 대환자금대출’ 서비스를 전격 출시했다.이 상품은 주식을 매도하지 않고도, 기존의 고금리의 주식대출(미수/신용융자 등)의 3%대의 혁신적인 저금리 증권사로 전환할 수 있도록 상환자금을 제공하는 것이 핵심이다.무빙스탁 관계자는 “현재 증권사 이벤트 금리는 연 3%대 수준으로, 기존 9~10%대 고금리를 적용받는 투자자라면 절감 효과가 상당하다”며, 금리를 5%만 낮추면 “1억원 신용대출 기준으로 연간 약 500만원, 3억원이라면 1,500만원까지도 절약할 수 있다”고 밝혔다.더 놀라운 점은, 현재는 이벤트 기간으로 대환자금대출 신청시 발생하는 이자 비용까지 ‘0원’이라는 사실이다. 대환자금에 대해서 하루의 대출이자도 부담하지 않고 기존 고금리 대출을 저금리로 전환할 수 있어, 고금리 부담에 시달리던 투자자들에게 큰 호응을 얻을 전망이다.이 서비스는 부동산 시장에서 흔히 이용되던 대환대출 개념을 증권시장에 도입한 혁신적인 시도로, 주식 투자자들의 자금 운용에 새로운 대안을 제시할 것으로 기대된다.무빙스탁 ‘증권사 신용, 대환자금대출’의 비용 무료 이벤트는 이벤트 기간 동안 한정적으로 제공되는 만큼, 신용융자를 이용 중인 투자자라면 지금 바로 확인해볼 필요가 있다.★ 장마감 시간이 가까워질수록 문의가 많아 상담이 지연될 수 있습니다.★ 7월 문의하신 고객들이 많이 보유하신 종목으로는 삼성전자, POSCO홀딩스, 셀트리온, 포스코퓨처엠, 에코프로비엠, NAVER, 에코프로, 삼성SDI, LG화학, SK하이닉스, 두산에너빌리티, 카카오, SK이노베이션, LG에너지솔루션, 엘앤에프, 삼천당제약, 현대차, 알테오젠, HPSP, LG전자 등이 있습니다.★ 안내사항과도한 빚은 당신에게 큰 불행을 안겨줄 수 있습니다. 대출 시 신용등급 하락으로 다른 금융거래가 제약받을 수 있습니다. 중개수수료를 요구하거나 받는 것은 불법입니다.상호명: ㈜단비대부 2021-서울영등포-2102(대부업) | TEL: 1544-4886 | 대출금리: 연 20%이내(연체금리는 약정금리+3%p이내, 최대 연 20%이내) | 단, 2021. 7. 7.부터 신규체결, 갱신, 연장되는 계약에 한함 | 채무의 조기상환 조건 및 부대비용 없음. (단, 신용조회비용 및 담보권설정비용 있음), 이자 외 별도로 중개수수료를 요구하거나 수취하는 것은 불법입니다. | 대표이사: 박동원 | 사업자등록번호: 274-86-00231 | 등록기관명칭: 서울 영등포구청(담당부서: 일자리경제과, 02-2670-3420) | 소재지 : 서울 영등포구 여의대방로67길 11, 5층 517호 | 개인정보관리자메일: help@danbifund.co.kr무료상담",https://www.hankyung.com/article/202507173383a,2025.07.17 11:38
"주식 매도 없이 신용이자 연 1,500만 원 줄이는 비법",,"전송종목 : 유아이엘, 고려신용정보, 동원F&B, 쏠리드, 지어소프트최근 주식 투자자들 사이에서 주식대출(미수/신용융자 등)의 고금리에 대한 부담이 커지고 있다.특히 저금리를 적용 받고 싶어도, 기존 대출을 상환하고 다시 주식을 매수해야 하는 번거로운 절차와 자금 조달의 어려움이 발목을 잡고 있다.이런 현실적인 문제를 해결하고자, 무빙스탁이 ‘증권사 신용, 대환자금대출’ 서비스를 전격 출시했다.이 상품은 주식을 매도하지 않고도, 기존의 고금리의 주식대출(미수/신용융자 등)의 3%대의 혁신적인 저금리 증권사로 전환할 수 있도록 상환자금을 제공하는 것이 핵심이다.무빙스탁 관계자는 “현재 증권사 이벤트 금리는 연 3%대 수준으로, 기존 9~10%대 고금리를 적용받는 투자자라면 절감 효과가 상당하다”며, 금리를 5%만 낮추면 “1억원 신용대출 기준으로 연간 약 500만원, 3억원이라면 1,500만원까지도 절약할 수 있다”고 밝혔다.더 놀라운 점은, 현재는 이벤트 기간으로 대환자금대출 신청시 발생하는 이자 비용까지 ‘0원’이라는 사실이다. 대환자금에 대해서 하루의 대출이자도 부담하지 않고 기존 고금리 대출을 저금리로 전환할 수 있어, 고금리 부담에 시달리던 투자자들에게 큰 호응을 얻을 전망이다.이 서비스는 부동산 시장에서 흔히 이용되던 대환대출 개념을 증권시장에 도입한 혁신적인 시도로, 주식 투자자들의 자금 운용에 새로운 대안을 제시할 것으로 기대된다.무빙스탁 ‘증권사 신용, 대환자금대출’의 비용 무료 이벤트는 이벤트 기간 동안 한정적으로 제공되는 만큼, 신용융자를 이용 중인 투자자라면 지금 바로 확인해볼 필요가 있다.★ 장마감 시간이 가까워질수록 문의가 많아 상담이 지연될 수 있습니다.★ 7월 문의하신 고객들이 많이 보유하신 종목으로는 삼성전자, POSCO홀딩스, 셀트리온, 포스코퓨처엠, 에코프로비엠, NAVER, 에코프로, 삼성SDI, LG화학, SK하이닉스, 두산에너빌리티, 카카오, SK이노베이션, LG에너지솔루션, 엘앤에프, 삼천당제약, 현대차, 알테오젠, HPSP, LG전자 등이 있습니다.★ 안내사항과도한 빚은 당신에게 큰 불행을 안겨줄 수 있습니다. 대출 시 신용등급 하락으로 다른 금융거래가 제약받을 수 있습니다. 중개수수료를 요구하거나 받는 것은 불법입니다.상호명: ㈜단비대부 2021-서울영등포-2102(대부업) | TEL: 1544-4886 | 대출금리: 연 20%이내(연체금리는 약정금리+3%p이내, 최대 연 20%이내) | 단, 2021. 7. 7.부터 신규체결, 갱신, 연장되는 계약에 한함 | 채무의 조기상환 조건 및 부대비용 없음. (단, 신용조회비용 및 담보권설정비용 있음), 이자 외 별도로 중개수수료를 요구하거나 수취하는 것은 불법입니다. | 대표이사: 박동원 | 사업자등록번호: 274-86-00231 | 등록기관명칭: 서울 영등포구청(담당부서: 일자리경제과, 02-2670-3420) | 소재지 : 서울 영등포구 여의대방로67길 11, 5층 517호 | 개인정보관리자메일: help@danbifund.co.kr무료상담",https://www.hankyung.com/article/202507145610a,2025.07.14 10:48
고금리 이자 폭탄 피하는 법! 증권사 대출 3%대로 줄이기,,"전송종목 : 코미코, 바이오포트, 나무가, 쿠쿠홀딩스, 슈피겐코리아최근 주식 투자자들 사이에서 주식대출(미수/신용융자 등)의 고금리에 대한 부담이 커지고 있다.특히 저금리를 적용 받고 싶어도, 기존 대출을 상환하고 다시 주식을 매수해야 하는 번거로운 절차와 자금 조달의 어려움이 발목을 잡고 있다.이런 현실적인 문제를 해결하고자, 무빙스탁이 ‘증권사 신용, 대환자금대출’ 서비스를 전격 출시했다.이 상품은 주식을 매도하지 않고도, 기존의 고금리의 주식대출(미수/신용융자 등)의 3%대의 혁신적인 저금리 증권사로 전환할 수 있도록 상환자금을 제공하는 것이 핵심이다.무빙스탁 관계자는 “현재 증권사 이벤트 금리는 연 3%대 수준으로, 기존 9~10%대 고금리를 적용받는 투자자라면 절감 효과가 상당하다”며, 금리를 5%만 낮추면 “1억원 신용대출 기준으로 연간 약 500만원, 3억원이라면 1,500만원까지도 절약할 수 있다”고 밝혔다.더 놀라운 점은, 현재는 이벤트 기간으로 대환자금대출 신청시 발생하는 이자 비용까지 ‘0원’이라는 사실이다. 대환자금에 대해서 하루의 대출이자도 부담하지 않고 기존 고금리 대출을 저금리로 전환할 수 있어, 고금리 부담에 시달리던 투자자들에게 큰 호응을 얻을 전망이다.이 서비스는 부동산 시장에서 흔히 이용되던 대환대출 개념을 증권시장에 도입한 혁신적인 시도로, 주식 투자자들의 자금 운용에 새로운 대안을 제시할 것으로 기대된다.무빙스탁 ‘증권사 신용, 대환자금대출’의 비용 무료 이벤트는 이벤트 기간 동안 한정적으로 제공되는 만큼, 신용융자를 이용 중인 투자자라면 지금 바로 확인해볼 필요가 있다.★ 장마감 시간이 가까워질수록 문의가 많아 상담이 지연될 수 있습니다.★ 7월 문의하신 고객들이 많이 보유하신 종목으로는 삼성전자, POSCO홀딩스, 셀트리온, 포스코퓨처엠, 에코프로비엠, NAVER, 에코프로, 삼성SDI, LG화학, SK하이닉스, 두산에너빌리티, 카카오, SK이노베이션, LG에너지솔루션, 엘앤에프, 삼천당제약, 현대차, 알테오젠, HPSP, LG전자 등이 있습니다.★ 안내사항과도한 빚은 당신에게 큰 불행을 안겨줄 수 있습니다. 대출 시 신용등급 하락으로 다른 금융거래가 제약받을 수 있습니다. 중개수수료를 요구하거나 받는 것은 불법입니다.상호명: ㈜단비대부 2021-서울영등포-2102(대부업) | TEL: 1544-4886 | 대출금리: 연 20%이내(연체금리는 약정금리+3%p이내, 최대 연 20%이내) | 단, 2021. 7. 7.부터 신규체결, 갱신, 연장되는 계약에 한함 | 채무의 조기상환 조건 및 부대비용 없음. (단, 신용조회비용 및 담보권설정비용 있음), 이자 외 별도로 중개수수료를 요구하거나 수취하는 것은 불법입니다. | 대표이사: 박동원 | 사업자등록번호: 274-86-00231 | 등록기관명칭: 서울 영등포구청(담당부서: 일자리경제과, 02-2670-3420) | 소재지 : 서울 영등포구 여의대방로67길 11, 5층 517호 | 개인정보관리자메일: help@danbifund.co.kr무료상담",https://www.hankyung.com/article/202507035121a,2025.07.03 10:28
9~10% 주식 관련 대출에서 3%대 대출로 교체,,"전송종목 : 두산테스나, 원일티엔아이, 하림, 피엔티, 코오롱ENP최근 주식 투자자들 사이에서 주식대출(미수/신용융자 등)의 고금리에 대한 부담이 커지고 있다.특히 저금리를 적용 받고 싶어도, 기존 대출을 상환하고 다시 주식을 매수해야 하는 번거로운 절차와 자금 조달의 어려움이 발목을 잡고 있다.이런 현실적인 문제를 해결하고자, 무빙스탁이 ‘증권사 신용, 대환자금대출’ 서비스를 전격 출시했다.이 상품은 주식을 매도하지 않고도, 기존의 고금리의 주식대출(미수/신용융자 등)의 3%대의 혁신적인 저금리 증권사로 전환할 수 있도록 상환자금을 제공하는 것이 핵심이다.무빙스탁 관계자는 “현재 증권사 이벤트 금리는 연 3%대 수준으로, 기존 9~10%대 고금리를 적용받는 투자자라면 절감 효과가 상당하다”며, 금리를 5%만 낮추면 “1억원 신용대출 기준으로 연간 약 500만원, 3억원이라면 1,500만원까지도 절약할 수 있다”고 밝혔다.더 놀라운 점은, 현재는 이벤트 기간으로 대환자금대출 신청시 발생하는 이자 비용까지 ‘0원’이라는 사실이다. 대환자금에 대해서 하루의 대출이자도 부담하지 않고 기존 고금리 대출을 저금리로 전환할 수 있어, 고금리 부담에 시달리던 투자자들에게 큰 호응을 얻을 전망이다.이 서비스는 부동산 시장에서 흔히 이용되던 대환대출 개념을 증권시장에 도입한 혁신적인 시도로, 주식 투자자들의 자금 운용에 새로운 대안을 제시할 것으로 기대된다.무빙스탁 ‘증권사 신용, 대환자금대출’의 비용 무료 이벤트는 이벤트 기간 동안 한정적으로 제공되는 만큼, 신용융자를 이용 중인 투자자라면 지금 바로 확인해볼 필요가 있다.★ 장마감 시간이 가까워질수록 문의가 많아 상담이 지연될 수 있습니다.★ 7월 문의하신 고객들이 많이 보유하신 종목으로는 삼성전자, POSCO홀딩스, 셀트리온, 포스코퓨처엠, 에코프로비엠, NAVER, 에코프로, 삼성SDI, LG화학, SK하이닉스, 두산에너빌리티, 카카오, SK이노베이션, LG에너지솔루션, 엘앤에프, 삼천당제약, 현대차, 알테오젠, HPSP, LG전자 등이 있습니다.★ 안내사항과도한 빚은 당신에게 큰 불행을 안겨줄 수 있습니다. 대출 시 신용등급 하락으로 다른 금융거래가 제약받을 수 있습니다. 중개수수료를 요구하거나 받는 것은 불법입니다.상호명: ㈜단비대부 2021-서울영등포-2102(대부업) | TEL: 1544-4886 | 대출금리: 연 20%이내(연체금리는 약정금리+3%p이내, 최대 연 20%이내) | 단, 2021. 7. 7.부터 신규체결, 갱신, 연장되는 계약에 한함 | 채무의 조기상환 조건 및 부대비용 없음. (단, 신용조회비용 및 담보권설정비용 있음), 이자 외 별도로 중개수수료를 요구하거나 수취하는 것은 불법입니다. | 대표이사: 박동원 | 사업자등록번호: 274-86-00231 | 등록기관명칭: 서울 영등포구청(담당부서: 일자리경제과, 02-2670-3420) | 소재지 : 서울 영등포구 여의대방로67길 11, 5층 517호 | 개인정보관리자메일: help@danbifund.co.kr무료상담",https://www.hankyung.com/article/202507035112a,2025.07.03 09:33
저가로 살 기회! 5년고정 연 4.9% 본인자산포함 최대 4배로 주식 매수가 가능합니다,,"부자네스탁론이 특별 이벤트로 5년고정 연 4.9%의 저금리 스탁론 상품을 출시하면서 투자자들에게 화제가 되고 있다.5년고정 연 4.9%의 저금리 스탁론은 주요 증권사의 신용 금리로 알려진 8~9%대의 금리보다 훨씬 금리가 낮은 상품이다.스탁론 상품들은 증권사 신용보다 레버리지는 더 높고 담보유지비율은 더 낮아 투자 고수들 사이에서 잘 알려진 상품이다.미수나 반대매도를 해결해주는 대환대출상품, 한 종목 100% 집중투자 상품신용등급, 매수불가종목, D.S.R 등 주식투자자들의 고민을 완벽하게 해결해주는 솔루션을 제공하는부자네스탁론은 고객마다 가장 최적의 대출방법으로 해결해준다.-스탁론 D.S.R<총부채원리금상환비율> 고강도 규제에도! 문제없는 부자네스탁론!– 소득 낮고 기존 대출금액 많아도 계좌평가금액에 비례해서 대출가능!▶머니투데이 부자네스탁론① 5년고정 연 4.9% 금리의 최저금리 스탁론② 자기자본포함 최대 4배까지 레버리지 투자 가능③ 매수가능종목 100% 집중투자가능 (코스닥, 시가총액, 포트폴리오비율상관없이)④ 스탁론 전종목 1:1 매수상담문의 → 수익극대화⑤ 반대매도 임박 / 추가입금이 힘들다면? → 1:1 로스컷 전문상담⑥ D.S.R과 신용등급 낮.아.도 문제없이 매입/대환까지 가능!★ D.S.R비율, 신용등급 무관 저금리 부자네스탁 AM8:00~PM4:00 ☎1577-5852★ AM 8:00 부터 선착순 예약접수 http://www.bujane.co.kr/6월 고객들의 문의가 많은 종목은 한화에어로스페이스, LIG넥스원, 한화비전, 두산에너빌리티, 셀트리온 등이 있다.무료상담",https://www.hankyung.com/article/202506182156a,2025.06.18 10:38
신용대출 이자 절감 꿀팁! 증권사 3%대 대출 전환법 공개,,"전송종목 : 한화에어로스페이스, 더존비즈온, HDC, 에스원, 한솔케미칼최근 주식 투자자들 사이에서 주식대출(미수/신용융자 등)의 고금리에 대한 부담이 커지고 있다.특히 저금리를 적용 받고 싶어도, 기존 대출을 상환하고 다시 주식을 매수해야 하는 번거로운 절차와 자금 조달의 어려움이 발목을 잡고 있다.이런 현실적인 문제를 해결하고자, 무빙스탁이 ‘증권사 신용, 대환자금대출’ 서비스를 전격 출시했다.이 상품은 주식을 매도하지 않고도, 기존의 고금리의 주식대출(미수/신용융자 등)의 3%대의 혁신적인 저금리 증권사로 전환할 수 있도록 상환자금을 제공하는 것이 핵심이다.무빙스탁 관계자는 “현재 증권사 이벤트 금리는 연 3%대 수준으로, 기존 9~10%대 고금리를 적용받는 투자자라면 절감 효과가 상당하다”며, 금리를 5%만 낮추면 “1억원 신용대출 기준으로 연간 약 500만원, 3억원이라면 1,500만원까지도 절약할 수 있다”고 밝혔다.더 놀라운 점은, 현재는 이벤트 기간으로 대환자금대출 신청시 발생하는 이자 비용까지 ‘0원’이라는 사실이다. 대환자금에 대해서 하루의 대출이자도 부담하지 않고 기존 고금리 대출을 저금리로 전환할 수 있어, 고금리 부담에 시달리던 투자자들에게 큰 호응을 얻을 전망이다.이 서비스는 부동산 시장에서 흔히 이용되던 대환대출 개념을 증권시장에 도입한 혁신적인 시도로, 주식 투자자들의 자금 운용에 새로운 대안을 제시할 것으로 기대된다.무빙스탁 ‘증권사 신용, 대환자금대출’의 비용 무료 이벤트는 이벤트 기간 동안 한정적으로 제공되는 만큼, 신용융자를 이용 중인 투자자라면 지금 바로 확인해볼 필요가 있다.★ 장마감 시간이 가까워질수록 문의가 많아 상담이 지연될 수 있습니다.★ 7월 문의하신 고객들이 많이 보유하신 종목으로는 삼성전자, POSCO홀딩스, 셀트리온, 포스코퓨처엠, 에코프로비엠, NAVER, 에코프로, 삼성SDI, LG화학, SK하이닉스, 두산에너빌리티, 카카오, SK이노베이션, LG에너지솔루션, 엘앤에프, 삼천당제약, 현대차, 알테오젠, HPSP, LG전자 등이 있습니다.★ 안내사항과도한 빚은 당신에게 큰 불행을 안겨줄 수 있습니다. 대출 시 신용등급 하락으로 다른 금융거래가 제약받을 수 있습니다. 중개수수료를 요구하거나 받는 것은 불법입니다.상호명: ㈜단비대부 2021-서울영등포-2102(대부업) | TEL: 1544-4886 | 대출금리: 연 20%이내(연체금리는 약정금리+3%p이내, 최대 연 20%이내) | 단, 2021. 7. 7.부터 신규체결, 갱신, 연장되는 계약에 한함 | 채무의 조기상환 조건 및 부대비용 없음. (단, 신용조회비용 및 담보권설정비용 있음), 이자 외 별도로 중개수수료를 요구하거나 수취하는 것은 불법입니다. | 대표이사: 박동원 | 사업자등록번호: 274-86-00231 | 등록기관명칭: 서울 영등포구청(담당부서: 일자리경제과, 02-2670-3420) | 소재지 : 서울 영등포구 여의대방로67길 11, 5층 517호 | 개인정보관리자메일: help@danbifund.co.kr무료상담",https://www.hankyung.com/article/202507210600a,2025.07.21 13:08
"이자 부담은 최소로, 투자 효율은 최대로! 신용대출 3%대 활용법",,"전송종목 : 한전KPS, LG생활건강, LG화학, 한전기술, 신한지주최근 주식 투자자들 사이에서 주식대출(미수/신용융자 등)의 고금리에 대한 부담이 커지고 있다.특히 저금리를 적용 받고 싶어도, 기존 대출을 상환하고 다시 주식을 매수해야 하는 번거로운 절차와 자금 조달의 어려움이 발목을 잡고 있다.이런 현실적인 문제를 해결하고자, 무빙스탁이 ‘증권사 신용, 대환자금대출’ 서비스를 전격 출시했다.이 상품은 주식을 매도하지 않고도, 기존의 고금리의 주식대출(미수/신용융자 등)의 3%대의 혁신적인 저금리 증권사로 전환할 수 있도록 상환자금을 제공하는 것이 핵심이다.무빙스탁 관계자는 “현재 증권사 이벤트 금리는 연 3%대 수준으로, 기존 9~10%대 고금리를 적용받는 투자자라면 절감 효과가 상당하다”며, 금리를 5%만 낮추면 “1억원 신용대출 기준으로 연간 약 500만원, 3억원이라면 1,500만원까지도 절약할 수 있다”고 밝혔다.더 놀라운 점은, 현재는 이벤트 기간으로 대환자금대출 신청시 발생하는 이자 비용까지 ‘0원’이라는 사실이다. 대환자금에 대해서 하루의 대출이자도 부담하지 않고 기존 고금리 대출을 저금리로 전환할 수 있어, 고금리 부담에 시달리던 투자자들에게 큰 호응을 얻을 전망이다.이 서비스는 부동산 시장에서 흔히 이용되던 대환대출 개념을 증권시장에 도입한 혁신적인 시도로, 주식 투자자들의 자금 운용에 새로운 대안을 제시할 것으로 기대된다.무빙스탁 ‘증권사 신용, 대환자금대출’의 비용 무료 이벤트는 이벤트 기간 동안 한정적으로 제공되는 만큼, 신용융자를 이용 중인 투자자라면 지금 바로 확인해볼 필요가 있다.★ 장마감 시간이 가까워질수록 문의가 많아 상담이 지연될 수 있습니다.★ 7월 문의하신 고객들이 많이 보유하신 종목으로는 삼성전자, POSCO홀딩스, 셀트리온, 포스코퓨처엠, 에코프로비엠, NAVER, 에코프로, 삼성SDI, LG화학, SK하이닉스, 두산에너빌리티, 카카오, SK이노베이션, LG에너지솔루션, 엘앤에프, 삼천당제약, 현대차, 알테오젠, HPSP, LG전자 등이 있습니다.★ 안내사항과도한 빚은 당신에게 큰 불행을 안겨줄 수 있습니다. 대출 시 신용등급 하락으로 다른 금융거래가 제약받을 수 있습니다. 중개수수료를 요구하거나 받는 것은 불법입니다.상호명: ㈜단비대부 2021-서울영등포-2102(대부업) | TEL: 1544-4886 | 대출금리: 연 20%이내(연체금리는 약정금리+3%p이내, 최대 연 20%이내) | 단, 2021. 7. 7.부터 신규체결, 갱신, 연장되는 계약에 한함 | 채무의 조기상환 조건 및 부대비용 없음. (단, 신용조회비용 및 담보권설정비용 있음), 이자 외 별도로 중개수수료를 요구하거나 수취하는 것은 불법입니다. | 대표이사: 박동원 | 사업자등록번호: 274-86-00231 | 등록기관명칭: 서울 영등포구청(담당부서: 일자리경제과, 02-2670-3420) | 소재지 : 서울 영등포구 여의대방로67길 11, 5층 517호 | 개인정보관리자메일: help@danbifund.co.kr무료상담",https://www.hankyung.com/article/202507223178a,2025.07.22 13:08
고금리 OUT! 증권사 신용대출 3%대로 전환하는 방법,,"전송종목 : 태광, 유진기업, 콜마홀딩스, 시노펙스, 한국단자최근 주식 투자자들 사이에서 주식대출(미수/신용융자 등)의 고금리에 대한 부담이 커지고 있다.특히 저금리를 적용 받고 싶어도, 기존 대출을 상환하고 다시 주식을 매수해야 하는 번거로운 절차와 자금 조달의 어려움이 발목을 잡고 있다.이런 현실적인 문제를 해결하고자, 무빙스탁이 ‘증권사 신용, 대환자금대출’ 서비스를 전격 출시했다.이 상품은 주식을 매도하지 않고도, 기존의 고금리의 주식대출(미수/신용융자 등)의 3%대의 혁신적인 저금리 증권사로 전환할 수 있도록 상환자금을 제공하는 것이 핵심이다.무빙스탁 관계자는 “현재 증권사 이벤트 금리는 연 3%대 수준으로, 기존 9~10%대 고금리를 적용받는 투자자라면 절감 효과가 상당하다”며, 금리를 5%만 낮추면 “1억원 신용대출 기준으로 연간 약 500만원, 3억원이라면 1,500만원까지도 절약할 수 있다”고 밝혔다.더 놀라운 점은, 현재는 이벤트 기간으로 대환자금대출 신청시 발생하는 이자 비용까지 ‘0원’이라는 사실이다. 대환자금에 대해서 하루의 대출이자도 부담하지 않고 기존 고금리 대출을 저금리로 전환할 수 있어, 고금리 부담에 시달리던 투자자들에게 큰 호응을 얻을 전망이다.이 서비스는 부동산 시장에서 흔히 이용되던 대환대출 개념을 증권시장에 도입한 혁신적인 시도로, 주식 투자자들의 자금 운용에 새로운 대안을 제시할 것으로 기대된다.무빙스탁 ‘증권사 신용, 대환자금대출’의 비용 무료 이벤트는 이벤트 기간 동안 한정적으로 제공되는 만큼, 신용융자를 이용 중인 투자자라면 지금 바로 확인해볼 필요가 있다.★ 장마감 시간이 가까워질수록 문의가 많아 상담이 지연될 수 있습니다.★ 7월 문의하신 고객들이 많이 보유하신 종목으로는 삼성전자, POSCO홀딩스, 셀트리온, 포스코퓨처엠, 에코프로비엠, NAVER, 에코프로, 삼성SDI, LG화학, SK하이닉스, 두산에너빌리티, 카카오, SK이노베이션, LG에너지솔루션, 엘앤에프, 삼천당제약, 현대차, 알테오젠, HPSP, LG전자 등이 있습니다.★ 안내사항과도한 빚은 당신에게 큰 불행을 안겨줄 수 있습니다. 대출 시 신용등급 하락으로 다른 금융거래가 제약받을 수 있습니다. 중개수수료를 요구하거나 받는 것은 불법입니다.상호명: ㈜단비대부 2021-서울영등포-2102(대부업) | TEL: 1544-4886 | 대출금리: 연 20%이내(연체금리는 약정금리+3%p이내, 최대 연 20%이내) | 단, 2021. 7. 7.부터 신규체결, 갱신, 연장되는 계약에 한함 | 채무의 조기상환 조건 및 부대비용 없음. (단, 신용조회비용 및 담보권설정비용 있음), 이자 외 별도로 중개수수료를 요구하거나 수취하는 것은 불법입니다. | 대표이사: 박동원 | 사업자등록번호: 274-86-00231 | 등록기관명칭: 서울 영등포구청(담당부서: 일자리경제과, 02-2670-3420) | 소재지 : 서울 영등포구 여의대방로67길 11, 5층 517호 | 개인정보관리자메일: help@danbifund.co.kr무료상담",https://www.hankyung.com/article/202507111588a,2025.07.11 09:33
"이자 부담은 최소로, 투자 효율은 최대로! 신용대출 3%대 활용법",,"전송종목 : 동국생명과학, 세아제강, 네온테크, 애니플러스, 현대무벡스최근 주식 투자자들 사이에서 주식대출(미수/신용융자 등)의 고금리에 대한 부담이 커지고 있다.특히 저금리를 적용 받고 싶어도, 기존 대출을 상환하고 다시 주식을 매수해야 하는 번거로운 절차와 자금 조달의 어려움이 발목을 잡고 있다.이런 현실적인 문제를 해결하고자, 무빙스탁이 ‘증권사 신용, 대환자금대출’ 서비스를 전격 출시했다.이 상품은 주식을 매도하지 않고도, 기존의 고금리의 주식대출(미수/신용융자 등)의 3%대의 혁신적인 저금리 증권사로 전환할 수 있도록 상환자금을 제공하는 것이 핵심이다.무빙스탁 관계자는 “현재 증권사 이벤트 금리는 연 3%대 수준으로, 기존 9~10%대 고금리를 적용받는 투자자라면 절감 효과가 상당하다”며, 금리를 5%만 낮추면 “1억원 신용대출 기준으로 연간 약 500만원, 3억원이라면 1,500만원까지도 절약할 수 있다”고 밝혔다.더 놀라운 점은, 현재는 이벤트 기간으로 대환자금대출 신청시 발생하는 이자 비용까지 ‘0원’이라는 사실이다. 대환자금에 대해서 하루의 대출이자도 부담하지 않고 기존 고금리 대출을 저금리로 전환할 수 있어, 고금리 부담에 시달리던 투자자들에게 큰 호응을 얻을 전망이다.이 서비스는 부동산 시장에서 흔히 이용되던 대환대출 개념을 증권시장에 도입한 혁신적인 시도로, 주식 투자자들의 자금 운용에 새로운 대안을 제시할 것으로 기대된다.무빙스탁 ‘증권사 신용, 대환자금대출’의 비용 무료 이벤트는 이벤트 기간 동안 한정적으로 제공되는 만큼, 신용융자를 이용 중인 투자자라면 지금 바로 확인해볼 필요가 있다.★ 장마감 시간이 가까워질수록 문의가 많아 상담이 지연될 수 있습니다.★ 7월 문의하신 고객들이 많이 보유하신 종목으로는 삼성전자, POSCO홀딩스, 셀트리온, 포스코퓨처엠, 에코프로비엠, NAVER, 에코프로, 삼성SDI, LG화학, SK하이닉스, 두산에너빌리티, 카카오, SK이노베이션, LG에너지솔루션, 엘앤에프, 삼천당제약, 현대차, 알테오젠, HPSP, LG전자 등이 있습니다.★ 안내사항과도한 빚은 당신에게 큰 불행을 안겨줄 수 있습니다. 대출 시 신용등급 하락으로 다른 금융거래가 제약받을 수 있습니다. 중개수수료를 요구하거나 받는 것은 불법입니다.상호명: ㈜단비대부 2021-서울영등포-2102(대부업) | TEL: 1544-4886 | 대출금리: 연 20%이내(연체금리는 약정금리+3%p이내, 최대 연 20%이내) | 단, 2021. 7. 7.부터 신규체결, 갱신, 연장되는 계약에 한함 | 채무의 조기상환 조건 및 부대비용 없음. (단, 신용조회비용 및 담보권설정비용 있음), 이자 외 별도로 중개수수료를 요구하거나 수취하는 것은 불법입니다. | 대표이사: 박동원 | 사업자등록번호: 274-86-00231 | 등록기관명칭: 서울 영등포구청(담당부서: 일자리경제과, 02-2670-3420) | 소재지 : 서울 영등포구 여의대방로67길 11, 5층 517호 | 개인정보관리자메일: help@danbifund.co.kr무료상담",https://www.hankyung.com/article/202507047517a,2025.07.04 09:43
합리적 투자 필수! 증권사 신용대출 3%대 전환으로 이자 절감,,"전송종목 : 휴스틸, SGC에너지, 빙그레, 신성통상, 한국공항최근 주식 투자자들 사이에서 주식대출(미수/신용융자 등)의 고금리에 대한 부담이 커지고 있다.특히 저금리를 적용 받고 싶어도, 기존 대출을 상환하고 다시 주식을 매수해야 하는 번거로운 절차와 자금 조달의 어려움이 발목을 잡고 있다.이런 현실적인 문제를 해결하고자, 무빙스탁이 ‘증권사 신용, 대환자금대출’ 서비스를 전격 출시했다.이 상품은 주식을 매도하지 않고도, 기존의 고금리의 주식대출(미수/신용융자 등)의 3%대의 혁신적인 저금리 증권사로 전환할 수 있도록 상환자금을 제공하는 것이 핵심이다.무빙스탁 관계자는 “현재 증권사 이벤트 금리는 연 3%대 수준으로, 기존 9~10%대 고금리를 적용받는 투자자라면 절감 효과가 상당하다”며, 금리를 5%만 낮추면 “1억원 신용대출 기준으로 연간 약 500만원, 3억원이라면 1,500만원까지도 절약할 수 있다”고 밝혔다.더 놀라운 점은, 현재는 이벤트 기간으로 대환자금대출 신청시 발생하는 이자 비용까지 ‘0원’이라는 사실이다. 대환자금에 대해서 하루의 대출이자도 부담하지 않고 기존 고금리 대출을 저금리로 전환할 수 있어, 고금리 부담에 시달리던 투자자들에게 큰 호응을 얻을 전망이다.이 서비스는 부동산 시장에서 흔히 이용되던 대환대출 개념을 증권시장에 도입한 혁신적인 시도로, 주식 투자자들의 자금 운용에 새로운 대안을 제시할 것으로 기대된다.무빙스탁 ‘증권사 신용, 대환자금대출’의 비용 무료 이벤트는 이벤트 기간 동안 한정적으로 제공되는 만큼, 신용융자를 이용 중인 투자자라면 지금 바로 확인해볼 필요가 있다.★ 장마감 시간이 가까워질수록 문의가 많아 상담이 지연될 수 있습니다.★ 7월 문의하신 고객들이 많이 보유하신 종목으로는 삼성전자, POSCO홀딩스, 셀트리온, 포스코퓨처엠, 에코프로비엠, NAVER, 에코프로, 삼성SDI, LG화학, SK하이닉스, 두산에너빌리티, 카카오, SK이노베이션, LG에너지솔루션, 엘앤에프, 삼천당제약, 현대차, 알테오젠, HPSP, LG전자 등이 있습니다.★ 안내사항과도한 빚은 당신에게 큰 불행을 안겨줄 수 있습니다. 대출 시 신용등급 하락으로 다른 금융거래가 제약받을 수 있습니다. 중개수수료를 요구하거나 받는 것은 불법입니다.상호명: ㈜단비대부 2021-서울영등포-2102(대부업) | TEL: 1544-4886 | 대출금리: 연 20%이내(연체금리는 약정금리+3%p이내, 최대 연 20%이내) | 단, 2021. 7. 7.부터 신규체결, 갱신, 연장되는 계약에 한함 | 채무의 조기상환 조건 및 부대비용 없음. (단, 신용조회비용 및 담보권설정비용 있음), 이자 외 별도로 중개수수료를 요구하거나 수취하는 것은 불법입니다. | 대표이사: 박동원 | 사업자등록번호: 274-86-00231 | 등록기관명칭: 서울 영등포구청(담당부서: 일자리경제과, 02-2670-3420) | 소재지 : 서울 영등포구 여의대방로67길 11, 5층 517호 | 개인정보관리자메일: help@danbifund.co.kr무료상담",https://www.hankyung.com/article/202507096264a,2025.07.09 13:28
"추가 투자금, 신용미수 대환 자금을 신청 당일 즉시! DSR 무관!",,"DSR 한도가 ‘스탁론’에도 적용된 후 투자자들의 고민이 날로 깊어지고 있다. 기존 대출이 많거나 소득 증빙이 어려울 경우 예전처럼 손쉽게 스탁론을 활용하기가 어려워졌기 때문이다. 예전보다 높아진 금리로 스탁론 이용을 부담스럽게 만들고 있다.이런 상황에서 올뉴스탁론이 구원투수로 나섰다. DSR 무관 누구나 이용 가능한 스탁론 상품은 물론 연 4%대 업계 최저금리로 이용 가능한 상품을 함께 선보이며 투자자들의 선택지를 넓힌 것이다.




 

◆ 올뉴스탁론, DSR 무관 상품에 연 4%대 최저금리 상품으로 다양한 선택지를!올뉴스탁론에서 투자자들 누구나 부담 없이 스탁론을 경험할 수 있도록 연 4%대 업계 최저금리로 이용 가능한 증권 연계신용 상품을 출시했다. 주식매입은 물론 증권사 미수/신용 대환 모두 가능하며 신용등급 차등 없이 자기 자본 포함 최대 4배까지 활용할 수 있다.이와 함께 DSR 한도 때문에 기존 스탁론 활용이 어려웠던 투자자들을 위한 DSR 무관 상품도 취급 중이다. 이 상품도 투자자들의 깊은 관심을 받으며 업계 최초 5,000억원을 돌파한 바 있다.올뉴스탁론에 대해 자세히 알고 싶은 투자자는 고객상담센터(☎1599-8666)로 연락하면 대출 여부와 무관하게 언제든 전문상담원과 편리하게 상담할 수 있다.○ 보유하고 있는 대출액이나 소득 무관하게! (DSR 무관)○ 최대 4배 주식자금 활용 가능! (본인 자금 포함)○ 증권 신용/미수 당일 즉시 대환 가능!○ 기존 증권사 신용, 스탁론으로 매수가 어려웠던 종목도 OK!※ 올뉴스탁론 고객상담센터 : 1599-8666바로가기 : https://allnewstockloan.co.kr?agency=HTS◆ 현 시각 관심종목 Top 10 : 셀트리온, 알테오젠, 한미반도체, 현대차, 카카오, 세진중공업, 피아이이, 램테크놀러지, 그린생명과학, 포바이포무료상담",https://www.hankyung.com/article/202506092457a,2025.06.10 10:25
"03일, 기관 거래소에서 삼성전자(+4.93%), POSCO홀딩스(+8.33%) 등 순매수",,"기관 투자자는 03일 거래소에서 삼성전자, POSCO홀딩스, LG에너지솔루션 등을 중점적으로 사들인 것으로 나타났다.기관 투자자의 순매수 상위 20개 종목은 삼성전자, POSCO홀딩스, LG에너지솔루션, KODEX 레버리지, KODEX 코스닥150레버리지, 한화솔루션, 셀트리온, LG화학, 현대제철, 삼성바이오로직스등이다.이중에 전기,전자 업종에 속한 종목이 5개 포함되어 있다.이날 기관 투자자가 순매수한 종목들 중에 삼성전자, POSCO홀딩스, LG에너지솔루션 등은 전일 대비 주가가 상승했다.[07월03일]거래소 기관 순매수 상위 종목한경로보뉴스이 기사는 한국경제신문과 금융 AI 전문기업 씽크풀이 공동 개발한 기사 자동생성 알고리즘에 의해 실시간으로 작성된 것입니다.",https://www.hankyung.com/article/202507037135L,2025.07.03 18:35
"19일, 외국인 거래소에서 NAVER(+3.49%), 한화오션(-3.46%) 등 순매도",,"외국인 투자자는 19일 거래소에서 NAVER, 한화오션, 삼성전자 등을 중점적으로 매도한 것으로 나타났다.외국인 투자자의 순매도 상위 20개 종목은 NAVER, 한화오션, 삼성전자, 크래프톤, 두산에너빌리티, 삼성에스디에스, 삼성전자우, KODEX 200선물인버스2X, 삼성전기, 유한양행등이다.이중에 전기,전자 업종에 속한 종목이 5개 포함되어 있다.NAVER, 삼성에스디에스, 한전KPS 등은 전일 대비 주가가 상승했고, 한화오션, 삼성전자, 크래프톤 등은 주가가 하락했다.[06월19일]거래소 외국인 순매도 상위 종목한경로보뉴스이 기사는 한국경제신문과 금융 AI 전문기업 씽크풀이 공동 개발한 기사 자동생성 알고리즘에 의해 실시간으로 작성된 것입니다.",https://www.hankyung.com/article/202506197074L,2025.06.19 18:35
주식 담보로 추매찬스 살리자! 연 4%대! 추가 대출도 문제없습니다!,,"부자네스탁론이 특별 이벤트로 5년고정 연 4.9%의 저금리 스탁론 상품을 출시하면서 투자자들에게 화제가 되고 있다.5년고정 연 4.9%의 저금리 스탁론은 주요 증권사의 신용 금리로 알려진 8~9%대의 금리보다 훨씬 금리가 낮은 상품이다.스탁론 상품들은 증권사 신용보다 레버리지는 더 높고 담보유지비율은 더 낮아 투자 고수들 사이에서 잘 알려진 상품이다.미수나 반대매도를 해결해주는 대환대출상품, 한 종목 100% 집중투자 상품신용등급, 매수불가종목, D.S.R 등 주식투자자들의 고민을 완벽하게 해결해주는 솔루션을 제공하는부자네스탁론은 고객마다 가장 최적의 대출방법으로 해결해준다.-스탁론 D.S.R<총부채원리금상환비율> 고강도 규제에도! 문제없는 부자네스탁론!– 소득 낮고 기존 대출금액 많아도 계좌평가금액에 비례해서 대출가능!▶머니투데이 부자네스탁론① 5년고정 연 4.9% 금리의 최저금리 스탁론② 자기자본포함 최대 4배까지 레버리지 투자 가능③ 매수가능종목 100% 집중투자가능 (코스닥, 시가총액, 포트폴리오비율상관없이)④ 스탁론 전종목 1:1 매수상담문의 → 수익극대화⑤ 반대매도 임박 / 추가입금이 힘들다면? → 1:1 로스컷 전문상담⑥ D.S.R과 신용등급 낮.아.도 문제없이 매입/대환까지 가능!★ D.S.R비율, 신용등급 무관 저금리 부자네스탁 AM8:00~PM4:00 ☎1577-5852★ AM 8:00 부터 선착순 예약접수 http://www.bujane.co.kr/6월 고객들의 문의가 많은 종목은 한화에어로스페이스, LIG넥스원, 한화비전, 두산에너빌리티, 셀트리온 등이 있다.무료상담",https://www.hankyung.com/article/202506129498a,2025.06.12 10:18
,,,https://magazine.hankyung.com/business/article/202507224589b,
"증권사 신용대출, 3%대 금리로 바꾸는 가장 쉬운 방법",,"전송종목 : 케이엔솔, 예스24, 한국정보인증, 웹케시, 한미글로벌최근 주식 투자자들 사이에서 주식대출(미수/신용융자 등)의 고금리에 대한 부담이 커지고 있다.특히 저금리를 적용 받고 싶어도, 기존 대출을 상환하고 다시 주식을 매수해야 하는 번거로운 절차와 자금 조달의 어려움이 발목을 잡고 있다.이런 현실적인 문제를 해결하고자, 무빙스탁이 ‘증권사 신용, 대환자금대출’ 서비스를 전격 출시했다.이 상품은 주식을 매도하지 않고도, 기존의 고금리의 주식대출(미수/신용융자 등)의 3%대의 혁신적인 저금리 증권사로 전환할 수 있도록 상환자금을 제공하는 것이 핵심이다.무빙스탁 관계자는 “현재 증권사 이벤트 금리는 연 3%대 수준으로, 기존 9~10%대 고금리를 적용받는 투자자라면 절감 효과가 상당하다”며, 금리를 5%만 낮추면 “1억원 신용대출 기준으로 연간 약 500만원, 3억원이라면 1,500만원까지도 절약할 수 있다”고 밝혔다.더 놀라운 점은, 현재는 이벤트 기간으로 대환자금대출 신청시 발생하는 이자 비용까지 ‘0원’이라는 사실이다. 대환자금에 대해서 하루의 대출이자도 부담하지 않고 기존 고금리 대출을 저금리로 전환할 수 있어, 고금리 부담에 시달리던 투자자들에게 큰 호응을 얻을 전망이다.이 서비스는 부동산 시장에서 흔히 이용되던 대환대출 개념을 증권시장에 도입한 혁신적인 시도로, 주식 투자자들의 자금 운용에 새로운 대안을 제시할 것으로 기대된다.무빙스탁 ‘증권사 신용, 대환자금대출’의 비용 무료 이벤트는 이벤트 기간 동안 한정적으로 제공되는 만큼, 신용융자를 이용 중인 투자자라면 지금 바로 확인해볼 필요가 있다.★ 장마감 시간이 가까워질수록 문의가 많아 상담이 지연될 수 있습니다.★ 7월 문의하신 고객들이 많이 보유하신 종목으로는 삼성전자, POSCO홀딩스, 셀트리온, 포스코퓨처엠, 에코프로비엠, NAVER, 에코프로, 삼성SDI, LG화학, SK하이닉스, 두산에너빌리티, 카카오, SK이노베이션, LG에너지솔루션, 엘앤에프, 삼천당제약, 현대차, 알테오젠, HPSP, LG전자 등이 있습니다.★ 안내사항과도한 빚은 당신에게 큰 불행을 안겨줄 수 있습니다. 대출 시 신용등급 하락으로 다른 금융거래가 제약받을 수 있습니다. 중개수수료를 요구하거나 받는 것은 불법입니다.상호명: ㈜단비대부 2021-서울영등포-2102(대부업) | TEL: 1544-4886 | 대출금리: 연 20%이내(연체금리는 약정금리+3%p이내, 최대 연 20%이내) | 단, 2021. 7. 7.부터 신규체결, 갱신, 연장되는 계약에 한함 | 채무의 조기상환 조건 및 부대비용 없음. (단, 신용조회비용 및 담보권설정비용 있음), 이자 외 별도로 중개수수료를 요구하거나 수취하는 것은 불법입니다. | 대표이사: 박동원 | 사업자등록번호: 274-86-00231 | 등록기관명칭: 서울 영등포구청(담당부서: 일자리경제과, 02-2670-3420) | 소재지 : 서울 영등포구 여의대방로67길 11, 5층 517호 | 개인정보관리자메일: help@danbifund.co.kr무료상담",https://www.hankyung.com/article/202507145615a,2025.07.14 13:08
"증권사 신용대출, 3%대 금리로 바꾸는 가장 쉬운 방법",,"전송종목 : 드림시큐리티, 제이앤티씨, 티쓰리, 글로벌텍스프리, 엑셈최근 주식 투자자들 사이에서 주식대출(미수/신용융자 등)의 고금리에 대한 부담이 커지고 있다.특히 저금리를 적용 받고 싶어도, 기존 대출을 상환하고 다시 주식을 매수해야 하는 번거로운 절차와 자금 조달의 어려움이 발목을 잡고 있다.이런 현실적인 문제를 해결하고자, 무빙스탁이 ‘증권사 신용, 대환자금대출’ 서비스를 전격 출시했다.이 상품은 주식을 매도하지 않고도, 기존의 고금리의 주식대출(미수/신용융자 등)의 3%대의 혁신적인 저금리 증권사로 전환할 수 있도록 상환자금을 제공하는 것이 핵심이다.무빙스탁 관계자는 “현재 증권사 이벤트 금리는 연 3%대 수준으로, 기존 9~10%대 고금리를 적용받는 투자자라면 절감 효과가 상당하다”며, 금리를 5%만 낮추면 “1억원 신용대출 기준으로 연간 약 500만원, 3억원이라면 1,500만원까지도 절약할 수 있다”고 밝혔다.더 놀라운 점은, 현재는 이벤트 기간으로 대환자금대출 신청시 발생하는 이자 비용까지 ‘0원’이라는 사실이다. 대환자금에 대해서 하루의 대출이자도 부담하지 않고 기존 고금리 대출을 저금리로 전환할 수 있어, 고금리 부담에 시달리던 투자자들에게 큰 호응을 얻을 전망이다.이 서비스는 부동산 시장에서 흔히 이용되던 대환대출 개념을 증권시장에 도입한 혁신적인 시도로, 주식 투자자들의 자금 운용에 새로운 대안을 제시할 것으로 기대된다.무빙스탁 ‘증권사 신용, 대환자금대출’의 비용 무료 이벤트는 이벤트 기간 동안 한정적으로 제공되는 만큼, 신용융자를 이용 중인 투자자라면 지금 바로 확인해볼 필요가 있다.★ 장마감 시간이 가까워질수록 문의가 많아 상담이 지연될 수 있습니다.★ 7월 문의하신 고객들이 많이 보유하신 종목으로는 삼성전자, POSCO홀딩스, 셀트리온, 포스코퓨처엠, 에코프로비엠, NAVER, 에코프로, 삼성SDI, LG화학, SK하이닉스, 두산에너빌리티, 카카오, SK이노베이션, LG에너지솔루션, 엘앤에프, 삼천당제약, 현대차, 알테오젠, HPSP, LG전자 등이 있습니다.★ 안내사항과도한 빚은 당신에게 큰 불행을 안겨줄 수 있습니다. 대출 시 신용등급 하락으로 다른 금융거래가 제약받을 수 있습니다. 중개수수료를 요구하거나 받는 것은 불법입니다.상호명: ㈜단비대부 2021-서울영등포-2102(대부업) | TEL: 1544-4886 | 대출금리: 연 20%이내(연체금리는 약정금리+3%p이내, 최대 연 20%이내) | 단, 2021. 7. 7.부터 신규체결, 갱신, 연장되는 계약에 한함 | 채무의 조기상환 조건 및 부대비용 없음. (단, 신용조회비용 및 담보권설정비용 있음), 이자 외 별도로 중개수수료를 요구하거나 수취하는 것은 불법입니다. | 대표이사: 박동원 | 사업자등록번호: 274-86-00231 | 등록기관명칭: 서울 영등포구청(담당부서: 일자리경제과, 02-2670-3420) | 소재지 : 서울 영등포구 여의대방로67길 11, 5층 517호 | 개인정보관리자메일: help@danbifund.co.kr무료상담",https://www.hankyung.com/article/202507035124a,2025.07.03 13:28
"증권사 신용대출, 3%대 금리로 바꾸는 가장 쉬운 방법",,"전송종목 : HD현대인프라코어, 한미반도체, 대우건설, 포스코인터내셔널, 한국항공우주최근 주식 투자자들 사이에서 주식대출(미수/신용융자 등)의 고금리에 대한 부담이 커지고 있다.특히 저금리를 적용 받고 싶어도, 기존 대출을 상환하고 다시 주식을 매수해야 하는 번거로운 절차와 자금 조달의 어려움이 발목을 잡고 있다.이런 현실적인 문제를 해결하고자, 무빙스탁이 ‘증권사 신용, 대환자금대출’ 서비스를 전격 출시했다.이 상품은 주식을 매도하지 않고도, 기존의 고금리의 주식대출(미수/신용융자 등)의 3%대의 혁신적인 저금리 증권사로 전환할 수 있도록 상환자금을 제공하는 것이 핵심이다.무빙스탁 관계자는 “현재 증권사 이벤트 금리는 연 3%대 수준으로, 기존 9~10%대 고금리를 적용받는 투자자라면 절감 효과가 상당하다”며, 금리를 5%만 낮추면 “1억원 신용대출 기준으로 연간 약 500만원, 3억원이라면 1,500만원까지도 절약할 수 있다”고 밝혔다.더 놀라운 점은, 현재는 이벤트 기간으로 대환자금대출 신청시 발생하는 이자 비용까지 ‘0원’이라는 사실이다. 대환자금에 대해서 하루의 대출이자도 부담하지 않고 기존 고금리 대출을 저금리로 전환할 수 있어, 고금리 부담에 시달리던 투자자들에게 큰 호응을 얻을 전망이다.이 서비스는 부동산 시장에서 흔히 이용되던 대환대출 개념을 증권시장에 도입한 혁신적인 시도로, 주식 투자자들의 자금 운용에 새로운 대안을 제시할 것으로 기대된다.무빙스탁 ‘증권사 신용, 대환자금대출’의 비용 무료 이벤트는 이벤트 기간 동안 한정적으로 제공되는 만큼, 신용융자를 이용 중인 투자자라면 지금 바로 확인해볼 필요가 있다.★ 장마감 시간이 가까워질수록 문의가 많아 상담이 지연될 수 있습니다.★ 7월 문의하신 고객들이 많이 보유하신 종목으로는 삼성전자, POSCO홀딩스, 셀트리온, 포스코퓨처엠, 에코프로비엠, NAVER, 에코프로, 삼성SDI, LG화학, SK하이닉스, 두산에너빌리티, 카카오, SK이노베이션, LG에너지솔루션, 엘앤에프, 삼천당제약, 현대차, 알테오젠, HPSP, LG전자 등이 있습니다.★ 안내사항과도한 빚은 당신에게 큰 불행을 안겨줄 수 있습니다. 대출 시 신용등급 하락으로 다른 금융거래가 제약받을 수 있습니다. 중개수수료를 요구하거나 받는 것은 불법입니다.상호명: ㈜단비대부 2021-서울영등포-2102(대부업) | TEL: 1544-4886 | 대출금리: 연 20%이내(연체금리는 약정금리+3%p이내, 최대 연 20%이내) | 단, 2021. 7. 7.부터 신규체결, 갱신, 연장되는 계약에 한함 | 채무의 조기상환 조건 및 부대비용 없음. (단, 신용조회비용 및 담보권설정비용 있음), 이자 외 별도로 중개수수료를 요구하거나 수취하는 것은 불법입니다. | 대표이사: 박동원 | 사업자등록번호: 274-86-00231 | 등록기관명칭: 서울 영등포구청(담당부서: 일자리경제과, 02-2670-3420) | 소재지 : 서울 영등포구 여의대방로67길 11, 5층 517호 | 개인정보관리자메일: help@danbifund.co.kr무료상담",https://www.hankyung.com/article/202507223175a,2025.07.22 11:38
"이자 부담은 최소로, 투자 효율은 최대로! 신용대출 3%대 활용법",,"전송종목 : 영원무역, 씨에스윈드, GKL, 코오롱인더, 한미약품최근 주식 투자자들 사이에서 주식대출(미수/신용융자 등)의 고금리에 대한 부담이 커지고 있다.특히 저금리를 적용 받고 싶어도, 기존 대출을 상환하고 다시 주식을 매수해야 하는 번거로운 절차와 자금 조달의 어려움이 발목을 잡고 있다.이런 현실적인 문제를 해결하고자, 무빙스탁이 ‘증권사 신용, 대환자금대출’ 서비스를 전격 출시했다.이 상품은 주식을 매도하지 않고도, 기존의 고금리의 주식대출(미수/신용융자 등)의 3%대의 혁신적인 저금리 증권사로 전환할 수 있도록 상환자금을 제공하는 것이 핵심이다.무빙스탁 관계자는 “현재 증권사 이벤트 금리는 연 3%대 수준으로, 기존 9~10%대 고금리를 적용받는 투자자라면 절감 효과가 상당하다”며, 금리를 5%만 낮추면 “1억원 신용대출 기준으로 연간 약 500만원, 3억원이라면 1,500만원까지도 절약할 수 있다”고 밝혔다.더 놀라운 점은, 현재는 이벤트 기간으로 대환자금대출 신청시 발생하는 이자 비용까지 ‘0원’이라는 사실이다. 대환자금에 대해서 하루의 대출이자도 부담하지 않고 기존 고금리 대출을 저금리로 전환할 수 있어, 고금리 부담에 시달리던 투자자들에게 큰 호응을 얻을 전망이다.이 서비스는 부동산 시장에서 흔히 이용되던 대환대출 개념을 증권시장에 도입한 혁신적인 시도로, 주식 투자자들의 자금 운용에 새로운 대안을 제시할 것으로 기대된다.무빙스탁 ‘증권사 신용, 대환자금대출’의 비용 무료 이벤트는 이벤트 기간 동안 한정적으로 제공되는 만큼, 신용융자를 이용 중인 투자자라면 지금 바로 확인해볼 필요가 있다.★ 장마감 시간이 가까워질수록 문의가 많아 상담이 지연될 수 있습니다.★ 7월 문의하신 고객들이 많이 보유하신 종목으로는 삼성전자, POSCO홀딩스, 셀트리온, 포스코퓨처엠, 에코프로비엠, NAVER, 에코프로, 삼성SDI, LG화학, SK하이닉스, 두산에너빌리티, 카카오, SK이노베이션, LG에너지솔루션, 엘앤에프, 삼천당제약, 현대차, 알테오젠, HPSP, LG전자 등이 있습니다.★ 안내사항과도한 빚은 당신에게 큰 불행을 안겨줄 수 있습니다. 대출 시 신용등급 하락으로 다른 금융거래가 제약받을 수 있습니다. 중개수수료를 요구하거나 받는 것은 불법입니다.상호명: ㈜단비대부 2021-서울영등포-2102(대부업) | TEL: 1544-4886 | 대출금리: 연 20%이내(연체금리는 약정금리+3%p이내, 최대 연 20%이내) | 단, 2021. 7. 7.부터 신규체결, 갱신, 연장되는 계약에 한함 | 채무의 조기상환 조건 및 부대비용 없음. (단, 신용조회비용 및 담보권설정비용 있음), 이자 외 별도로 중개수수료를 요구하거나 수취하는 것은 불법입니다. | 대표이사: 박동원 | 사업자등록번호: 274-86-00231 | 등록기관명칭: 서울 영등포구청(담당부서: 일자리경제과, 02-2670-3420) | 소재지 : 서울 영등포구 여의대방로67길 11, 5층 517호 | 개인정보관리자메일: help@danbifund.co.kr무료상담",https://www.hankyung.com/article/202507235738a,2025.07.23 09:43
[투자운세] 5월30일(오늘) 궁합이 맞는 종목은?,,"2025년 5월 30일 오늘 관심가질 종목입니다1.쥐띠 : 어설픈 상담자가 투자를 망친다60년생 (HL만도, 에이피알) 72년생 (풍산, CJ) 84년생 (파마리서치, LS)2.소띠 : 움직이지 않는 주식에는 손을 대지 마라61년생 (한전기술, 효성첨단소재) 73년생 (LS머트리얼즈, 레이크머티리얼즈) 85년생 (두산, 효성중공업)3.호랑이띠 : 과거나 현재에 연연하지 말고 미래를 내다보라62년생 (두산퓨얼셀, 한화솔루션) 74년생 (엔켐, LG화학) 86년생 (에이비엘바이오, 이오테크닉스)4.토끼띠 : 알고 행하지 않는 것은 모르는 것과 같다63년생 (롯데케미칼, 효성티앤씨) 75년생 (LS ELECTRIC, 두산에너빌리티) 87년생 (위메이드, SKC)5.용띠 : 사슴을 쫓는 자는 토끼를 쳐다보지 마라64년생 (금호석유, 효성) 76년생 (HPSP, 한온시스템) 88년생 (HMM, 테크윙)6.뱀띠 : 도미를 사러 가서 정어리를 사지말라65년생 (SK, 스튜디오드래곤) 77년생 (SK이노베이션, F&F) 89년생 (한화, 케어젠)




 

7.말띠 : 방심은 가까운 곳의 최대 적이다66 년생 (유진테크, 셀트리온) 78년생 (엔씨소프트, 금호타이어) 90년생 (크래프톤, 삼성카드)8.양띠 : 시세는 시세에 물어라67년생 (대한전선, 에스티팜) 79년생 (아모레퍼시픽, HD현대) 91년생 (SK바이오팜, 휴젤)9.원숭이띠 : 매매기준은 대세흐름을 봐야 한다68년생 (리가켐바이오, 한샘) 80년생 (한전KPS, DL이앤씨) 92년생 (한진칼, 호텔신라)10.닭띠 : 모두가 비관할 때 바보처럼 사 두라69년생 (삼성전기, LG생활건강) 81년생 (클래시스, 와이씨) 93년생 (현대백화점, LG디스플레이)11.개띠 : 최후시세가 가장 크다.70년생 (대덕전자, 한국콜마) 82년생 (삼성SDI, 팬오션) 94년생 (신세계, KCC)12.돼지띠 : 성공과 실패의 원인을 분석하고 그것을 토대로 행동을 개선하라71년생 (씨에스윈드, LG) 83년생 (한올바이오파마, 에스디바이오센서) 95년생 (LX세미콘, 셀트리온제약)링크종목 – 삼륭물산, 나이벡, HS효성, 세림B&G, 상지건설무료상담",https://www.hankyung.com/article/202505305301a,2025.05.30 09:58
"코스피, 장중 3200선 탈환 시도…원·달러 환율 1387원대",외인·기관 코스피·코스닥 시장서 순매도,"사진=연합뉴스

                코스피가 장중 3200선 회복을 시도하고 있다. 코스닥 지수도 낙폭을 줄이며 보합권까지 올라온 모습이다.16일 오전 11시 현재 코스피는 전일 대비 15.82포인트(0.49%) 하락한 3199.46을 가리키고 있다. 코스피는 장 초반 3178.42까지 밀리며 약세를 보였다. 하지만 점차 우상향하며 3200선 턱밑까지 다시 다가섰다.유가증권시장에서 외국인과 기관은 각각 3998억원 2979억원을 순매도하고 있다. 개인은 홀로 6716억원을 순매수하는 중이다.시가총액 상위주는 대부분 하락하고 있다. KB금융(-3.68%)의 하락세가 두드러진 가운데 두산에너빌리티(-1.68%), 신한지주(-1.27%), 셀트리온(-1.18%), SK하이닉스(-1.09%), LG에너지솔루션(-1.03%), 현대차(-0.71%), 기아(-0.4%)가 파란불을 켰다. 다만 HD현대중공업(1.9%), 네이버(1.6%), 삼성전자(0.86%)는 강세를 보이고 있다.코스닥 지수는 전일 대비 0.33포인트(0.04%) 밀린 812.55를 가리키고 있다. 코스닥 지수도 장 초반 805.13까지 밀리며 부진한 모습을 보였지만, 낙폭을 만회하며 810선을 회복했다.코스닥 시장에서도 외국인과 기관은 각각 1290억원, 158억원을 순매도하는 중이다. 개인은 1647억원을 순매수하며 물량을 받아내고 있다.코스닥 시가총액 상위주도 약세를 보이고 있다. 에이비엘바이오(-4.44%), 리가켐바이오(-2.2%), 파마리서치(-2.03%), 코오롱티슈진(-1.94%), 에코프로(-1.17%), HLB(-1.15%), 에코프로비엠(-0.86%)이 모두 하락 중이다. 반면 대장주 알테오젠(0.64%)은 소폭 오르고 있으며 클래시스(2.38%), 펩트론(1.49%)도 강세를 띠고 있다.스테이블코인 관련주는 약세를 보이고 있다. 미국의 가상화폐 3법이 하원에서 제동이 걸리면서다. 미국 하원에서 15일(현지시간) 가상자산 3대 법안을 심사하기 위한 절차 표결(procedural floor vote)을 했지만 196대223으로 부결됐다.원·달러 환율은 전날 야간장 대비 1.1원 내린 1387.1원을 가리키고 있다.미국 물가에 대한 우려는 커지고 있다. 미국 6월 소비자물가지수(CPI)는 전년 동기 대비 2.7% 올랐다. 2월(2.8%) 후 최대 상승폭으로 5월(2.4%)보다 오름폭이 확대됐다. 시장 추정치(2.6%)도 소폭 웃돌았다. 관세 영향이 물가에 본격적으로 반영되고 있다는 분석이 나온다.진영기 한경닷컴 기자 young71@hankyung.com",https://www.hankyung.com/article/2025071615716,2025.07.16 11:13
"코스피, 차익 실현 매물에 2630선 후퇴…외인·기관 '팔자'",,"사진=연합뉴스

                코스피지수가 27일 외국인과 기관투자자의 동반 매도세에 소폭 하락해 2630선으로 밀렸다. 전날 급등에 따른 부담으로 차익 실현 매물이 출회된 영향으로 풀이된다.이날 오전 10시58분 현재 코스피지수는 전날보다 11.61포인트(0.44%) 내린 2632.79를 기록하고 있다.  유가증권시장에서 외국인과 기관이 각각 88억원과 507억원 매도 우위인 반면 개인은 401억원 매수 우위다.이날 새벽 미국 증시는 '메모리얼 데이'(현충일)로 휴장했다.코스피 시가총액 상위 종목 중 삼성전자, SK하이닉스, 삼성바이오로직스, LG에너지솔루션, KB금융, 현대차, HD현대중공업, 기아, 네이버 등이 내리는 반면 한화에어로스페이스와 셀트리온 등은 오르고 있다.S-Oil은 5년 주기의 저점을 찍고 반등할 것이란 증권사 분석에 7%대 급등세를 보이고 있다.코스닥지수는 같은 시각 0.65포인트(0.09%) 내린 724.62를 나타내고 있다. 이날 지수는 0.24% 오름세로 출발 후 보합권에서 등락을 거듭하다 오전 10시38분께부터 하락세를 유지하는 모습이다. 코스닥시장에서도 외국인과 기관이 각각 434억원과 74억원 매도 우위인 반면 개인은 603억원 매수 우위다.코스닥 시총 상위 종목 중 에코프로비엠, HLB, 에코프로, 레인보우로보틱스, 파마리서치 등이 내리는 반면 알테오젠, 휴젤, 리가켐바이오, 클래시스, 에이비엘바이오, 삼천당제약 등이 오르고 있다.해양 케이블 업체 LS마린솔루션은 2800억원 규모의 유상증자를 단행하기로 결정했다는 소식에 6%대 급락세다. 장중 한때 12%대까지 밀리기도 했다.이날 서울 외환시장에서 원·달러 환율은 전장보다 3.6원 오른 1368원으로 개장했다.고정삼 한경닷컴 기자 jsk@hankyung.com",https://www.hankyung.com/article/2025052779936,2025.05.27 11:08
"역대 최대 2분기 실적·PER 저평가 해소·자사주 환원 강화…셀트리온, 구조적 재평가 시동",,"셀트리온은 최근 역대급 2분기 실적 발표와 낮은 시장밸류에이션, 주주환원 정책 강화가 맞물리며 구조적인 주가 재평가 구간에 진입했다는 평가를 받고 있다.가장 주목되는 요인은 2분기 실적이다. 연결 기준 매출은 약 9조6150억원, 영업이익은 전년 대비 약 235% 급증하며 사상 최고치를 기록했다. 특히 고마진 신제품들의 판매 비중이 전년 대비 크게 늘면서 수익성 기반이 확연히 강화된 것이 주가에 긍정적으로 반영되고 있다.그러나 셀트리온은 과거 저평가 논란에서 자유롭지 않았다. 2분기 기준 PER는 낮은 수준에 머물러 동종업계 평균의 절반 수준에 그쳤으며, 이는 실적 수준에 비해 주가가 낮게 평가되고 있다는 지적의 근거가 되었다. 이에 따라 이번 실적 발표는 밸류에이션 리레이팅(재평가) 계기를 제공했다는 분석이 나온다.




 

또한 자사주 환원 정책도 강화되고 있다. 6월부터 자사주 매입이 본격화됐고, 추가로 약 550~620만주 규모의 매입 계획이 발표되며 기업의 책임 있는 주주환원 의지가 분명해졌다. 이사회는 또한 1주당 0.04주의 무상증자(배당 성격)를 결정, 회사의 저평가 해소 및 주주 만족을 위한 적극적 조치를 취했다.외국인과 기관투자자의 매수세 유입도 모멘텀 강화를 이끌었다. 글로벌 시장에서의 고마진 신제품 성장과 CDMO(위탁생산) 확대 기대가 포착되며, 이에 대한 신뢰가 자금 유입으로 이어졌다.현재 셀트리온의 주가 흐름은 단순한 실적 모멘텀을 넘어 ‘실적 → 밸류 재평가 → 환원 강화 → 수급 동반 흐름’의 구조적 순환이 형성된 것으로 보인다. 향후 관전 포인트는 신제품들의 글로벌 시장 확대 실적, CDMO 수주 및 생산능력 확대, 자사주 환원과 배당 정책의 지속성 여부 등이 될 전망이다.현대글로비스, 현대제철, 태경비케이, HD현대미포, TKG휴켐스무료상담",https://www.hankyung.com/article/202507223723a,2025.07.22 12:43
"공매도 상위 종목, 실적 장세에 '숏커버링' 효과",,"영상 모듈 닫기




<앵커>정부의 자본시장 정상화 정책에 힘입어 증시가 꾸준히 상승하고 있습니다. 하지만 그 이면에는 단기 조정에 대한 우려도 커지고 있습니다. 증시가 단기적으로 조정을 받을 것이라는 데 베팅한 자금이 적지 않기 때문입니다. 자세한 내용, 증권부 김원규 기자와 알아보겠습니다. 김 기자, 공매도 잔액이 급증했다고요?<기자>공매도 순보유 잔액이 최근 12조 3,200억 원으로 집계됐습니다. 지난 3월 4일 공매도 전면 재개 직전의 5조 2,800억 원에 비해 약 2.3배 증가한 수치입니다. 지수별로 보면 코스피는 8조 6,700억 원, 코스닥은 3조 6,500억 원으로 나타났습니다. 공매도 순보유 잔액은 주식을 빌려 판 뒤 아직 갚지 않은 주식의 규모를 의미합니다. 이 수치가 급증하면 조정장이 올 수 있다는 경고 신호로 받아들여집니다.<앵커>최근 증시 상승에 따른 단기 조정 우려가 있었는데, 그에 따른 시장 반응이라고 볼 수 있을까요?<기자>새 정부 출범 이후 코스피가 빠르게 오르면서 부담감이 커졌다는 분석입니다. 실제 올 들어서만 코스피는 30% 가까이 오르며, 주요국 증시 가운데 상승률이 가장 높습니다. 다만 증시 상승이 단순 호재가 아닌 체질 개선 기대감에 따른 것이라는 점에서 조정장이 올 것이란 우려는 과도하다는 시각도 있습니다. 오히려 공매도 잔액이 늘어난 뒤 주가가 오르면 ‘숏커버링’ 덕을 볼 수 있다는 분석도 나옵니다.<앵커>하락을 예상하고 공매도를 했는데, 증시가 예상과 달리 움직이면서 상승 폭이 더 커질 수 있다는 거죠?<기자>숏커버링은 공매도 투자자가 빌린 주식을 다시 사서 갚는 과정을 말합니다. 공매도는 주가 하락에 베팅하는 투자 방식으로, 투자자는 주식을 빌려 먼저 팔고, 나중에 주가가 떨어지면 싼 값에 사서 되갚아 차익을 남깁니다. 하지만 주가가 오르면 상황이 달라집니다. 예컨대 10만 원짜리 주식이 떨어질 줄 알고 공매도했는데, 예상을 벗어나 12만 원으로 오르면 손실을 줄이기 위해 비싸게라도 다시 사서 갚아야 합니다. 이렇게 어쩔 수 없이 매수에 나서는 것이 바로 숏커버링입니다. 이 과정에서 매수세가 몰리면 주가가 추가로 오르는 현상이 발생할 수 있습니다. DS투자증권은 “하락장에서는 반대매매로 주가가 떨어질 수 있지만, 상승장에서는 숏커버링에 따른 오버슈팅이 발생한다”고 분석했습니다. 삼성증권도 “주가 상승이 본격화되면 공매도 압력이 높은 종목들이 숏커버링으로 인해 더 큰 상승세를 보일 수 있다”고 진단했습니다.<앵커>그렇다면 어떤 종목에서 공매도가 늘었고, 해당 종목의 주가는 어떤가요?<기자>최근 3개월간 공매도 잔고 상위 종목으로는 LG에너지솔루션(7,900억 원), 셀트리온(6,200억 원), 한미반도체(4,500억 원), SK이노베이션(2,800억 원)이 있습니다. 이들 모두 공매도 잔고가 최소 2천억 원 이상인 종목들입니다. 이 기간 LG에너지솔루션을 제외하고, 셀트리온과 SK이노베이션은 각각 1~2% 상승했고, 한미반도체는 28%나 뛰었습니다. 주가가 오른 배경은 실적입니다. 셀트리온의 2분기 영업이익 추정치는 전년 동기 대비 약 245%, 한미반도체는 85% 증가할 것으로 예상됩니다. 주가가 주춤했던 LG에너지솔루션도 2분기 잠정 실적을 발표했는데, 영업이익이 152% 증가한 만큼 숏커버링에 따른 매수세가 기대됩니다. 반면 SK이노베이션은 국제 유가와 원·달러 환율 하락으로 약 4,500억 원의 손실이 2분기 회계장부에 반영될 것이라는 전망이 나오고, 공매도 잔고도 적지 않아 주가에 부담이 될 것으로 보입니다.<앵커>잘 들었습니다. 지금까지 증권부 김원규 기자였습니다.김원규기자 wkkim@wowtv.co.kr",https://www.hankyung.com/article/2025070856055,2025.07.08 17:26
부자네스탁론으로 증권사보다 더 큰 4배 레버리지 투자 가능!,,"부자네스탁론이 새롭게 선보인 스탁론 상품이 투자자들 사이에서 화제를 모으고 있다. 해당 상품은 본인자산포함 4배로 투자 가능, 담보유지비율 120%의 유연한 조건과 다양한 투자 솔루션을 앞세워 증권사 신용, 담보대출 대비 높은 활용도를 자랑한다.일반적으로 증권사 신용융자에 비해 더 높은 레버리지와 더 낮은 담보유지비율을 제공하는 스탁론은, 투자 고수들 사이에서 이미 널리 알려진 수단이다. 부자네스탁론은 여기에 더해 미수금이나 반대매매 위험을 해결해주는 대환대출 상품, 투자 기회를 살리고 싶어하는 전략적 투자자들을 위한 다양한 서비스를 제공한다.또한 신용, 주식담보대출 이용불가 종목, 총부채원리금상환비율(D.S.R) 같은 규제 이슈로 제약을 받아온 투자자들에게도 계좌 평가금액 기준으로 맞춤형 대출이 가능하도록 설계되어 실질적인 해결책이 되고 있다.부자네스탁론은 “고객 한 명 한 명의 투자 상황에 맞춰 최적의 대출 방법을 제공하고 있다”며, “강화된 금융 규제 환경 속에서도 투자자들의 기회를 넓히는 데 최선을 다하겠다”고 밝혔다.-스탁론 D.S.R<총부채원리금상환비율> 고강도 규제에도! 문제없는 부자네스탁론!– 소득 낮고 기존 대출금액 많아도 계좌평가금액에 비례해서 대출가능!– 본인자산 포함 4배끼지 투자 가능!▶머니투데이 부자네스탁론① 5년 고정금리로 금리인상 걱정없이 운용 가능② 자기자본포함 최대 4배까지 레버리지 투자 가능③ 매수가능종목 100% 집중투자가능 (코스닥, 시가총액, 포트폴리오비율상관없이)④ 스탁론 전종목 1:1 매수상담문의 → 수익극대화⑤ 반대매도 임박 / 추가입금이 힘들다면? → 1:1 로스컷 전문상담⑥ D.S.R과 신용등급 낮.아.도 문제없이 매입/대환까지 가능!⑦ 위 혜택을 4%대의 저금리로 이용 가능!★ D.S.R비율, 신용등급 무관 저금리 부자네스탁 AM8:00~PM4:00 ☎1577-5852★ AM 8:00 부터 선착순 예약접수 http://www.bujane.co.kr/7월 고객들의 문의가 많은 종목은 기아, NAVER, 두산에너빌리티, 셀트리온, 한화에어로스페이스 등이 있다.무료상담",https://www.hankyung.com/article/202507160702a,2025.07.16 09:03
니파 바이러스 확산 우려…제약·바이오·언택트株 동반 강세,,"최근 인도에서 발생한 니파 바이러스의 확산 우려가 커지면서 국내 주식시장도 민감하게 반응하고 있다. 치사율이 최대 75%에 달하는 니파 바이러스는 높은 전염성으로 인해 공포감을 키우고 있다. 이에 따라 관련주로 분류되는 제약·바이오 및 진단키트, 방역·위생 섹터가 급부상하고 있다.제약·바이오 섹터에서는 백신과 치료제 개발 능력을 갖춘 SK바이오사이언스, 셀트리온, GC녹십자 등이 대표적인 종목으로 투자자들의 관심을 모으고 있다. 또한 진단키트 기업으로는 바이러스 진단 기술이 뛰어난 씨젠, 휴마시스, 에스디바이오센서가 강세를 보이고 있다.바이러스 확산 시 위생 제품과 방역 물품의 수요가 늘 것으로 예상되면서 깨끗한나라, 모나리자, 웰크론 등 관련 기업의 수혜 기대감도 높아지는 추세다. 아울러 재택근무 증가에 따른 언택트 관련 종목인 네이버, 카카오, 쿠팡 등도 간접적인 수혜를 입을 전망이다.한편 니파 바이러스 확산에 따라 단기적 투자 기회를 노리는 투자자들 사이에서는 스탁론(주식담보대출)에 대한 관심도 늘어나고 있다. 전문가들은 “변동성이 큰 시장 상황에서 투자금이 부족하다면 안정성과 편의성이 보장된 더머니 스탁론을 이용해 보는 것도 좋은 전략이 될 수 있다”며 “더머니 스탁론을 통해 추가적인 투자금 확보가 가능하고, 온라인으로 간편하게 신청할 수 있다는 장점이 있다”고 설명했다.다만 전문가들은 “니파 바이러스 확산은 초기 단계로 관련 테마주의 급등락 가능성을 유의해야 한다”며 “단기 테마에 매몰되지 말고 기업의 펀더멘털을 철저히 분석해 투자 판단을 내리는 것이 중요하다”고 조언했다.




 

관심종목: SK바이오사이언스, GC녹십자, 휴마시스, 모나리자, 웰크론무료상담",https://www.hankyung.com/article/202505264696a,2025.05.28 09:42
[한경유레카] 일동제약 상한가...유레카 전일 매수의견 제시,,"한경유레카는 한국경제신문의 디지털 미디어인 한경닷컴에서 개발한 개별 종목에대한인공지능(AI) 알고리즘 업체의 투자 의견을 종합한 'AI 컨센서스'를 제공하는 서비스입니다. '한경유레카' 앱은 구글 플레이 스토어 혹은 앱스토어에서 내려받을 수 있습니다.





4일 일동제약이 강세다.일동제약은 오전 11시 25분 전일대비 1.79% 오른 13,650원에 거래되고 있다.AI 알고리즘들의 투자의견을 종합한 한경유레카는 일동제약에 대해 전일 매수의견을 제시했다.한경유레카에서 관심종목을 검색하면 AI 알고리즘들의 종합의견을 무료로 확인할 수있다.한경닷컴은 한경유레카 출시를 기념해 ‘1개월 무료체험 이벤트’ 를 진행하고있다. 원하는 AI 알고리즘업체 한 곳을 1개월 간 무료로 구독할 수 있다. 한경유레카 앱은 구글플레이스토어 혹은 앱스토어에서 내려받으면 된다.





일동제약 동국제약 셀트리온 바이넥스 신신제약 본 글은 투자 참고용입니다.",https://www.hankyung.com/article/202507048372a,2025.07.04 11:26
"증권사 신용대출, 3%대 금리로 바꾸는 가장 쉬운 방법",,"전송종목 : 그린케미칼, GST, 아바코, 대한제강, 휴온스글로벌




 

최근 주식 투자자들 사이에서 주식대출(미수/신용융자 등)의 고금리에 대한 부담이 커지고 있다.특히 저금리를 적용 받고 싶어도, 기존 대출을 상환하고 다시 주식을 매수해야 하는 번거로운 절차와 자금 조달의 어려움이 발목을 잡고 있다.이런 현실적인 문제를 해결하고자, 무빙스탁이 ‘증권사 신용, 대환자금대출’ 서비스를 전격 출시했다.이 상품은 주식을 매도하지 않고도, 기존의 고금리의 주식대출(미수/신용융자 등)의 3%대의 혁신적인 저금리 증권사로 전환할 수 있도록 상환자금을 제공하는 것이 핵심이다.무빙스탁 관계자는 “현재 증권사 이벤트 금리는 연 3%대 수준으로, 기존 9~10%대 고금리를 적용받는 투자자라면 절감 효과가 상당하다”며, 금리를 5%만 낮추면 “1억원 신용대출 기준으로 연간 약 500만원, 3억원이라면 1,500만원까지도 절약할 수 있다”고 밝혔다.더 놀라운 점은, 현재는 이벤트 기간으로 대환자금대출 신청시 발생하는 이자 비용까지 ‘0원’이라는 사실이다. 대환자금에 대해서 하루의 대출이자도 부담하지 않고 기존 고금리 대출을 저금리로 전환할 수 있어, 고금리 부담에 시달리던 투자자들에게 큰 호응을 얻을 전망이다.이 서비스는 부동산 시장에서 흔히 이용되던 대환대출 개념을 증권시장에 도입한 혁신적인 시도로, 주식 투자자들의 자금 운용에 새로운 대안을 제시할 것으로 기대된다.무빙스탁 ‘증권사 신용, 대환자금대출’의 비용 무료 이벤트는 이벤트 기간 동안 한정적으로 제공되는 만큼, 신용융자를 이용 중인 투자자라면 지금 바로 확인해볼 필요가 있다.★ 장마감 시간이 가까워질수록 문의가 많아 상담이 지연될 수 있습니다.★ 7월 문의하신 고객들이 많이 보유하신 종목으로는 삼성전자, POSCO홀딩스, 셀트리온, 포스코퓨처엠, 에코프로비엠, NAVER, 에코프로, 삼성SDI, LG화학, SK하이닉스, 두산에너빌리티, 카카오, SK이노베이션, LG에너지솔루션, 엘앤에프, 삼천당제약, 현대차, 알테오젠, HPSP, LG전자 등이 있습니다.★ 안내사항과도한 빚은 당신에게 큰 불행을 안겨줄 수 있습니다. 대출 시 신용등급 하락으로 다른 금융거래가 제약받을 수 있습니다. 중개수수료를 요구하거나 받는 것은 불법입니다.상호명: ㈜단비대부 2021-서울영등포-2102(대부업) | TEL: 1544-4886 | 대출금리: 연 20%이내(연체금리는 약정금리+3%p이내, 최대 연 20%이내) | 단, 2021. 7. 7.부터 신규체결, 갱신, 연장되는 계약에 한함 | 채무의 조기상환 조건 및 부대비용 없음. (단, 신용조회비용 및 담보권설정비용 있음), 이자 외 별도로 중개수수료를 요구하거나 수취하는 것은 불법입니다. | 대표이사: 박동원 | 사업자등록번호: 274-86-00231 | 등록기관명칭: 서울 영등포구청(담당부서: 일자리경제과, 02-2670-3420) | 소재지 : 서울 영등포구 여의대방로67길 11, 5층 517호 | 개인정보관리자메일: help@danbifund.co.kr무료상담",https://www.hankyung.com/article/202507160699a,2025.07.16 08:33
"조선·방산·원전주, 조정 후 반등 조짐… “실적이 추가 상승 열쇠”",,"7월 들어 단기 조정을 받았던 조선, 방산, 원전 등 기존 주도주들이 다시 상승세를 보이고 있다. 시가총액 상위에서 밀렸던 종목들이 반등하며 시장의 관심이 재차 집중되고 있으며, 증권가는 실적 시즌을 계기로 이들 업종의 추가 상승 가능성에 주목하고 있다.과거 강세장에서 주도주가 조정 후에도 재차 상승 흐름을 이끌었던 사례들이 근거로 제시된다. 철강, 반도체, 2차전지 등도 조정을 거친 뒤 강한 상승을 이어간 바 있으며, 현재 조선·방산·원전 업종도 유사한 패턴을 보일 가능성이 있다는 분석이다.증권가는 실적 시즌에서 이익 증가가 확인된다면 높은 밸류에이션에 대한 우려도 해소될 수 있다고 보고 있다. 실적 기대치가 여전히 유지되고 있는 만큼, 현재 조정은 순환매 흐름 속 매수 기회로 해석되고 있다.한편, 스탁론에 대한 관심이 날로높아지고 있다. 모처럼 잡은 투자기회를 놓치지 않으려는 투자자들이 주식매입을 위해 더 많은 자금을 활용할 수 있는 스탁론으로 눈길을 돌리고 있기 때문이다. 현 주가는 실적을 따라가지 못하고 있는 상황으로, 밸류에이션 리레이팅이 필요한 시기라는 평가도 나오고 있다.




 

◆ 하이스탁론, 연 4%대 업계 최저금리로 추가 투자금은 물론 신용미수 대환까지!<하이스탁론>에서 누구나 부담 없이 스탁론을 경험할 수 있도록 연 4%대 최저금리 상품을 출시했다. 주식매입 용도는 물론 증권사 미수/신용 대환도 가능하며 신용등급 차등 없이 자기자본 포함 최대 4배까지 활용할 수 있다.이와 함께 DSR 한도 때문에 기존 스탁론 이용이 어려웠던 투자자들은 위한 DSR 무관 상품도 취급 중이다. 또한 장중 거래가 어려웠던 투자자를 위한 대체거래소(NXT) 거래도 가능해졌다.<하이스탁론>의 새로운 상품에 대해 자세히 알고 싶은 투자자는 고객상담센터(1599-0313)로 연락하면 대출 여부와 상관없이 24시간 언제든 전문상담원과 편리한 상담이 가능하다.○ 연 4%대 업계 최저금리 상품 출시○ 대체거래소(NXT) 거래 가능!○ 21년 연속 시장 점유율 1위, 16년 연속 대한민국퍼스트브랜드 대상○ 증권사 신용/미수 실시간 상환, 한종목 100% 집중 투자○ 믿을 수 있는 상담품질보증제※하이스탁론상담센터 : 1599-0313바로가기:https://www.hisl.co.kr/0313◆ 현 시각 관심종목 Top 10 : 폴라리스AI파마, 한화솔루션, 셀트리온, 동양철관, SK텔레콤, 우리기술, iM금융지주, CJ대한통운, 비츠로셀, DSC인베스트먼트무료상담",https://www.hankyung.com/article/202507097011a,2025.07.10 11:25
고금리 OUT! 증권사 신용대출 3%대로 전환하는 방법,,"전송종목 : KT, LG유플러스, 삼성생명, KT&G, 두산에너빌리티최근 주식 투자자들 사이에서 주식대출(미수/신용융자 등)의 고금리에 대한 부담이 커지고 있다.특히 저금리를 적용 받고 싶어도, 기존 대출을 상환하고 다시 주식을 매수해야 하는 번거로운 절차와 자금 조달의 어려움이 발목을 잡고 있다.이런 현실적인 문제를 해결하고자, 무빙스탁이 ‘증권사 신용, 대환자금대출’ 서비스를 전격 출시했다.이 상품은 주식을 매도하지 않고도, 기존의 고금리의 주식대출(미수/신용융자 등)의 3%대의 혁신적인 저금리 증권사로 전환할 수 있도록 상환자금을 제공하는 것이 핵심이다.무빙스탁 관계자는 “현재 증권사 이벤트 금리는 연 3%대 수준으로, 기존 9~10%대 고금리를 적용받는 투자자라면 절감 효과가 상당하다”며, 금리를 5%만 낮추면 “1억원 신용대출 기준으로 연간 약 500만원, 3억원이라면 1,500만원까지도 절약할 수 있다”고 밝혔다.더 놀라운 점은, 현재는 이벤트 기간으로 대환자금대출 신청시 발생하는 이자 비용까지 ‘0원’이라는 사실이다. 대환자금에 대해서 하루의 대출이자도 부담하지 않고 기존 고금리 대출을 저금리로 전환할 수 있어, 고금리 부담에 시달리던 투자자들에게 큰 호응을 얻을 전망이다.이 서비스는 부동산 시장에서 흔히 이용되던 대환대출 개념을 증권시장에 도입한 혁신적인 시도로, 주식 투자자들의 자금 운용에 새로운 대안을 제시할 것으로 기대된다.무빙스탁 ‘증권사 신용, 대환자금대출’의 비용 무료 이벤트는 이벤트 기간 동안 한정적으로 제공되는 만큼, 신용융자를 이용 중인 투자자라면 지금 바로 확인해볼 필요가 있다.★ 장마감 시간이 가까워질수록 문의가 많아 상담이 지연될 수 있습니다.★ 7월 문의하신 고객들이 많이 보유하신 종목으로는 삼성전자, POSCO홀딩스, 셀트리온, 포스코퓨처엠, 에코프로비엠, NAVER, 에코프로, 삼성SDI, LG화학, SK하이닉스, 두산에너빌리티, 카카오, SK이노베이션, LG에너지솔루션, 엘앤에프, 삼천당제약, 현대차, 알테오젠, HPSP, LG전자 등이 있습니다.★ 안내사항과도한 빚은 당신에게 큰 불행을 안겨줄 수 있습니다. 대출 시 신용등급 하락으로 다른 금융거래가 제약받을 수 있습니다. 중개수수료를 요구하거나 받는 것은 불법입니다.상호명: ㈜단비대부 2021-서울영등포-2102(대부업) | TEL: 1544-4886 | 대출금리: 연 20%이내(연체금리는 약정금리+3%p이내, 최대 연 20%이내) | 단, 2021. 7. 7.부터 신규체결, 갱신, 연장되는 계약에 한함 | 채무의 조기상환 조건 및 부대비용 없음. (단, 신용조회비용 및 담보권설정비용 있음), 이자 외 별도로 중개수수료를 요구하거나 수취하는 것은 불법입니다. | 대표이사: 박동원 | 사업자등록번호: 274-86-00231 | 등록기관명칭: 서울 영등포구청(담당부서: 일자리경제과, 02-2670-3420) | 소재지 : 서울 영등포구 여의대방로67길 11, 5층 517호 | 개인정보관리자메일: help@danbifund.co.kr무료상담",https://www.hankyung.com/article/202507223167a,2025.07.22 08:53
"트럼프 압박에 울던 제약주, 나란히 반등","알테오젠·셀트리온 상승세
'기술이전' 에이비엘 22% 급등",도널드 트럼프 미국 대통령의 약값 인하 행정명령 이후 급락한 제약주들이 반등하고 있다. 우려가 과하다는 증권가 분석이 힘을 얻었다는 평가다.27일 코스닥시장에서 알테오젠은 3.32% 오른 34만2500원에 장을 마감했다. 지난 16일 주당 31만원대까지 내린 이 기업 주가는 지난 5거래일간 6.37% 올랐다. 같은 날 유가증권시장에서 셀트리온은 1.50% 상승한 15만5300원에 장을 마쳤다.두 기업은 지난 12일 트럼프 대통령이 미국 내 처방약 가격을 다른 국가와 비슷한 수준으로 인하한다는 행정명령에 서명한 뒤 주가가 급락했다. 이 행정명령으로 미국 처방약 가격이 최대 80% 내릴 수 있다는 우려가 제기됐다. 약값 인하는 제약사 실적 악화로 이어질 수 있다.주가가 단기간 급락하자 두 기업은 각각 자체 진화에 나섰다. 셀트리온은 15일 서정진 회장이 직접 온라인 간담회에 나서 “미국 내 약값 인하는 셀트리온에 오히려 기회가 된다”며 “중간 유통 구조를 단순화하려는 조치여서 후발 주자가 경쟁하기 좋은 환경이 되기 때문”이라고 주장했다. 에이비엘바이오도 이날 22.55% 급등해 사상 최고가인 8만2600원에 거래를 마쳤다. 올 들어 주가 상승률은 177.65%에 달한다. 최근 영국 제약사 GSK와의 기술이전 계약 등에 힘입어 올해 흑자전환 기대가 커진 덕분이다.증권가도 이번 행정명령의 파장이 크지 않을 것으로 보고 있다. 정이수 IBK투자증권 연구원은 “약가 인하 행정명령으로 미국 시장에서 바이오시밀러가 확장기를 누릴 수 있다”고 했다. 엄민용 신한투자증권 연구원은 “알테오젠의 피하주사(SC)는 임상적 이점이 다양한 만큼 약가 인하 대상에 포함될 가능성이 낮다”고 내다봤다.선한결/조아라 기자 always@hankyung.com,https://www.hankyung.com/article/2025052792651,2025.05.27 17:53
9~10% 주식 관련 대출에서 3%대 대출로 교체,,"전송종목 : 토비스, 인터플렉스, CJ프레시웨이, 현대바이오랜드, 코텍최근 주식 투자자들 사이에서 주식대출(미수/신용융자 등)의 고금리에 대한 부담이 커지고 있다.특히 저금리를 적용 받고 싶어도, 기존 대출을 상환하고 다시 주식을 매수해야 하는 번거로운 절차와 자금 조달의 어려움이 발목을 잡고 있다.이런 현실적인 문제를 해결하고자, 무빙스탁이 ‘증권사 신용, 대환자금대출’ 서비스를 전격 출시했다.이 상품은 주식을 매도하지 않고도, 기존의 고금리의 주식대출(미수/신용융자 등)의 3%대의 혁신적인 저금리 증권사로 전환할 수 있도록 상환자금을 제공하는 것이 핵심이다.무빙스탁 관계자는 “현재 증권사 이벤트 금리는 연 3%대 수준으로, 기존 9~10%대 고금리를 적용받는 투자자라면 절감 효과가 상당하다”며, 금리를 5%만 낮추면 “1억원 신용대출 기준으로 연간 약 500만원, 3억원이라면 1,500만원까지도 절약할 수 있다”고 밝혔다.더 놀라운 점은, 현재는 이벤트 기간으로 대환자금대출 신청시 발생하는 이자 비용까지 ‘0원’이라는 사실이다. 대환자금에 대해서 하루의 대출이자도 부담하지 않고 기존 고금리 대출을 저금리로 전환할 수 있어, 고금리 부담에 시달리던 투자자들에게 큰 호응을 얻을 전망이다.이 서비스는 부동산 시장에서 흔히 이용되던 대환대출 개념을 증권시장에 도입한 혁신적인 시도로, 주식 투자자들의 자금 운용에 새로운 대안을 제시할 것으로 기대된다.무빙스탁 ‘증권사 신용, 대환자금대출’의 비용 무료 이벤트는 이벤트 기간 동안 한정적으로 제공되는 만큼, 신용융자를 이용 중인 투자자라면 지금 바로 확인해볼 필요가 있다.★ 장마감 시간이 가까워질수록 문의가 많아 상담이 지연될 수 있습니다.★ 7월 문의하신 고객들이 많이 보유하신 종목으로는 삼성전자, POSCO홀딩스, 셀트리온, 포스코퓨처엠, 에코프로비엠, NAVER, 에코프로, 삼성SDI, LG화학, SK하이닉스, 두산에너빌리티, 카카오, SK이노베이션, LG에너지솔루션, 엘앤에프, 삼천당제약, 현대차, 알테오젠, HPSP, LG전자 등이 있습니다.★ 안내사항과도한 빚은 당신에게 큰 불행을 안겨줄 수 있습니다. 대출 시 신용등급 하락으로 다른 금융거래가 제약받을 수 있습니다. 중개수수료를 요구하거나 받는 것은 불법입니다.상호명: ㈜단비대부 2021-서울영등포-2102(대부업) | TEL: 1544-4886 | 대출금리: 연 20%이내(연체금리는 약정금리+3%p이내, 최대 연 20%이내) | 단, 2021. 7. 7.부터 신규체결, 갱신, 연장되는 계약에 한함 | 채무의 조기상환 조건 및 부대비용 없음. (단, 신용조회비용 및 담보권설정비용 있음), 이자 외 별도로 중개수수료를 요구하거나 수취하는 것은 불법입니다. | 대표이사: 박동원 | 사업자등록번호: 274-86-00231 | 등록기관명칭: 서울 영등포구청(담당부서: 일자리경제과, 02-2670-3420) | 소재지 : 서울 영등포구 여의대방로67길 11, 5층 517호 | 개인정보관리자메일: help@danbifund.co.kr무료상담",https://www.hankyung.com/article/202507145611a,2025.07.14 11:38
9~10% 주식 관련 대출에서 3%대 대출로 교체,,"전송종목 : POSCO홀딩스, DB손해보험, 에스엘, 삼성전자, NH투자증권최근 주식 투자자들 사이에서 주식대출(미수/신용융자 등)의 고금리에 대한 부담이 커지고 있다.특히 저금리를 적용 받고 싶어도, 기존 대출을 상환하고 다시 주식을 매수해야 하는 번거로운 절차와 자금 조달의 어려움이 발목을 잡고 있다.이런 현실적인 문제를 해결하고자, 무빙스탁이 ‘증권사 신용, 대환자금대출’ 서비스를 전격 출시했다.이 상품은 주식을 매도하지 않고도, 기존의 고금리의 주식대출(미수/신용융자 등)의 3%대의 혁신적인 저금리 증권사로 전환할 수 있도록 상환자금을 제공하는 것이 핵심이다.무빙스탁 관계자는 “현재 증권사 이벤트 금리는 연 3%대 수준으로, 기존 9~10%대 고금리를 적용받는 투자자라면 절감 효과가 상당하다”며, 금리를 5%만 낮추면 “1억원 신용대출 기준으로 연간 약 500만원, 3억원이라면 1,500만원까지도 절약할 수 있다”고 밝혔다.더 놀라운 점은, 현재는 이벤트 기간으로 대환자금대출 신청시 발생하는 이자 비용까지 ‘0원’이라는 사실이다. 대환자금에 대해서 하루의 대출이자도 부담하지 않고 기존 고금리 대출을 저금리로 전환할 수 있어, 고금리 부담에 시달리던 투자자들에게 큰 호응을 얻을 전망이다.이 서비스는 부동산 시장에서 흔히 이용되던 대환대출 개념을 증권시장에 도입한 혁신적인 시도로, 주식 투자자들의 자금 운용에 새로운 대안을 제시할 것으로 기대된다.무빙스탁 ‘증권사 신용, 대환자금대출’의 비용 무료 이벤트는 이벤트 기간 동안 한정적으로 제공되는 만큼, 신용융자를 이용 중인 투자자라면 지금 바로 확인해볼 필요가 있다.★ 장마감 시간이 가까워질수록 문의가 많아 상담이 지연될 수 있습니다.★ 7월 문의하신 고객들이 많이 보유하신 종목으로는 삼성전자, POSCO홀딩스, 셀트리온, 포스코퓨처엠, 에코프로비엠, NAVER, 에코프로, 삼성SDI, LG화학, SK하이닉스, 두산에너빌리티, 카카오, SK이노베이션, LG에너지솔루션, 엘앤에프, 삼천당제약, 현대차, 알테오젠, HPSP, LG전자 등이 있습니다.★ 안내사항과도한 빚은 당신에게 큰 불행을 안겨줄 수 있습니다. 대출 시 신용등급 하락으로 다른 금융거래가 제약받을 수 있습니다. 중개수수료를 요구하거나 받는 것은 불법입니다.상호명: ㈜단비대부 2021-서울영등포-2102(대부업) | TEL: 1544-4886 | 대출금리: 연 20%이내(연체금리는 약정금리+3%p이내, 최대 연 20%이내) | 단, 2021. 7. 7.부터 신규체결, 갱신, 연장되는 계약에 한함 | 채무의 조기상환 조건 및 부대비용 없음. (단, 신용조회비용 및 담보권설정비용 있음), 이자 외 별도로 중개수수료를 요구하거나 수취하는 것은 불법입니다. | 대표이사: 박동원 | 사업자등록번호: 274-86-00231 | 등록기관명칭: 서울 영등포구청(담당부서: 일자리경제과, 02-2670-3420) | 소재지 : 서울 영등포구 여의대방로67길 11, 5층 517호 | 개인정보관리자메일: help@danbifund.co.kr무료상담",https://www.hankyung.com/article/202507071510a,2025.07.07 10:48
이자 폭탄 막자! 증권사 신용대출 3%대 전환으로 절약하는 법,,"전송종목 : 유니퀘스트, STX엔진, 대봉엘에스, 한양디지텍, 에이블씨엔씨최근 주식 투자자들 사이에서 주식대출(미수/신용융자 등)의 고금리에 대한 부담이 커지고 있다.특히 저금리를 적용 받고 싶어도, 기존 대출을 상환하고 다시 주식을 매수해야 하는 번거로운 절차와 자금 조달의 어려움이 발목을 잡고 있다.이런 현실적인 문제를 해결하고자, 무빙스탁이 ‘증권사 신용, 대환자금대출’ 서비스를 전격 출시했다.이 상품은 주식을 매도하지 않고도, 기존의 고금리의 주식대출(미수/신용융자 등)의 3%대의 혁신적인 저금리 증권사로 전환할 수 있도록 상환자금을 제공하는 것이 핵심이다.무빙스탁 관계자는 “현재 증권사 이벤트 금리는 연 3%대 수준으로, 기존 9~10%대 고금리를 적용받는 투자자라면 절감 효과가 상당하다”며, 금리를 5%만 낮추면 “1억원 신용대출 기준으로 연간 약 500만원, 3억원이라면 1,500만원까지도 절약할 수 있다”고 밝혔다.더 놀라운 점은, 현재는 이벤트 기간으로 대환자금대출 신청시 발생하는 이자 비용까지 ‘0원’이라는 사실이다. 대환자금에 대해서 하루의 대출이자도 부담하지 않고 기존 고금리 대출을 저금리로 전환할 수 있어, 고금리 부담에 시달리던 투자자들에게 큰 호응을 얻을 전망이다.이 서비스는 부동산 시장에서 흔히 이용되던 대환대출 개념을 증권시장에 도입한 혁신적인 시도로, 주식 투자자들의 자금 운용에 새로운 대안을 제시할 것으로 기대된다.무빙스탁 ‘증권사 신용, 대환자금대출’의 비용 무료 이벤트는 이벤트 기간 동안 한정적으로 제공되는 만큼, 신용융자를 이용 중인 투자자라면 지금 바로 확인해볼 필요가 있다.★ 장마감 시간이 가까워질수록 문의가 많아 상담이 지연될 수 있습니다.★ 7월 문의하신 고객들이 많이 보유하신 종목으로는 삼성전자, POSCO홀딩스, 셀트리온, 포스코퓨처엠, 에코프로비엠, NAVER, 에코프로, 삼성SDI, LG화학, SK하이닉스, 두산에너빌리티, 카카오, SK이노베이션, LG에너지솔루션, 엘앤에프, 삼천당제약, 현대차, 알테오젠, HPSP, LG전자 등이 있습니다.★ 안내사항과도한 빚은 당신에게 큰 불행을 안겨줄 수 있습니다. 대출 시 신용등급 하락으로 다른 금융거래가 제약받을 수 있습니다. 중개수수료를 요구하거나 받는 것은 불법입니다.상호명: ㈜단비대부 2021-서울영등포-2102(대부업) | TEL: 1544-4886 | 대출금리: 연 20%이내(연체금리는 약정금리+3%p이내, 최대 연 20%이내) | 단, 2021. 7. 7.부터 신규체결, 갱신, 연장되는 계약에 한함 | 채무의 조기상환 조건 및 부대비용 없음. (단, 신용조회비용 및 담보권설정비용 있음), 이자 외 별도로 중개수수료를 요구하거나 수취하는 것은 불법입니다. | 대표이사: 박동원 | 사업자등록번호: 274-86-00231 | 등록기관명칭: 서울 영등포구청(담당부서: 일자리경제과, 02-2670-3420) | 소재지 : 서울 영등포구 여의대방로67길 11, 5층 517호 | 개인정보관리자메일: help@danbifund.co.kr무료상담",https://www.hankyung.com/article/202507158101a,2025.07.15 11:38
"14일, 기관 거래소에서 SK하이닉스(+1.87%), NAVER(-1.58%) 등 순매도",,"기관 투자자는 14일 거래소에서 SK하이닉스, NAVER, 카카오 등을 중점적으로 매도한 것으로 나타났다.기관 투자자의 순매도 상위 20개 종목은 SK하이닉스, NAVER, 카카오, KODEX 200선물인버스2X, 카카오페이, 한미반도체, 두산에너빌리티, KODEX 200, PLUS 고배당주, 셀트리온등이다.이중에 전기,전자 업종에 속한 종목이 3개 포함되어 있다.SK하이닉스, KODEX 200, PLUS 고배당주 등은 전일 대비 주가가 상승했고, NAVER, 카카오, KODEX 200선물인버스2X 등은 주가가 하락했다.[07월14일]거래소 기관 순매도 상위 종목한경로보뉴스이 기사는 한국경제신문과 금융 AI 전문기업 씽크풀이 공동 개발한 기사 자동생성 알고리즘에 의해 실시간으로 작성된 것입니다.",https://www.hankyung.com/article/202507147739L,2025.07.14 18:35
고금리 이자 폭탄 피하는 법! 증권사 대출 3%대로 줄이기,,"전송종목 : HDC현대산업개발, 효성티앤씨, 효성중공업, HS효성첨단소재, 한일시멘트최근 주식 투자자들 사이에서 주식대출(미수/신용융자 등)의 고금리에 대한 부담이 커지고 있다.특히 저금리를 적용 받고 싶어도, 기존 대출을 상환하고 다시 주식을 매수해야 하는 번거로운 절차와 자금 조달의 어려움이 발목을 잡고 있다.이런 현실적인 문제를 해결하고자, 무빙스탁이 ‘증권사 신용, 대환자금대출’ 서비스를 전격 출시했다.이 상품은 주식을 매도하지 않고도, 기존의 고금리의 주식대출(미수/신용융자 등)의 3%대의 혁신적인 저금리 증권사로 전환할 수 있도록 상환자금을 제공하는 것이 핵심이다.무빙스탁 관계자는 “현재 증권사 이벤트 금리는 연 3%대 수준으로, 기존 9~10%대 고금리를 적용받는 투자자라면 절감 효과가 상당하다”며, 금리를 5%만 낮추면 “1억원 신용대출 기준으로 연간 약 500만원, 3억원이라면 1,500만원까지도 절약할 수 있다”고 밝혔다.더 놀라운 점은, 현재는 이벤트 기간으로 대환자금대출 신청시 발생하는 이자 비용까지 ‘0원’이라는 사실이다. 대환자금에 대해서 하루의 대출이자도 부담하지 않고 기존 고금리 대출을 저금리로 전환할 수 있어, 고금리 부담에 시달리던 투자자들에게 큰 호응을 얻을 전망이다.이 서비스는 부동산 시장에서 흔히 이용되던 대환대출 개념을 증권시장에 도입한 혁신적인 시도로, 주식 투자자들의 자금 운용에 새로운 대안을 제시할 것으로 기대된다.무빙스탁 ‘증권사 신용, 대환자금대출’의 비용 무료 이벤트는 이벤트 기간 동안 한정적으로 제공되는 만큼, 신용융자를 이용 중인 투자자라면 지금 바로 확인해볼 필요가 있다.★ 장마감 시간이 가까워질수록 문의가 많아 상담이 지연될 수 있습니다.★ 7월 문의하신 고객들이 많이 보유하신 종목으로는 삼성전자, POSCO홀딩스, 셀트리온, 포스코퓨처엠, 에코프로비엠, NAVER, 에코프로, 삼성SDI, LG화학, SK하이닉스, 두산에너빌리티, 카카오, SK이노베이션, LG에너지솔루션, 엘앤에프, 삼천당제약, 현대차, 알테오젠, HPSP, LG전자 등이 있습니다.★ 안내사항과도한 빚은 당신에게 큰 불행을 안겨줄 수 있습니다. 대출 시 신용등급 하락으로 다른 금융거래가 제약받을 수 있습니다. 중개수수료를 요구하거나 받는 것은 불법입니다.상호명: ㈜단비대부 2021-서울영등포-2102(대부업) | TEL: 1544-4886 | 대출금리: 연 20%이내(연체금리는 약정금리+3%p이내, 최대 연 20%이내) | 단, 2021. 7. 7.부터 신규체결, 갱신, 연장되는 계약에 한함 | 채무의 조기상환 조건 및 부대비용 없음. (단, 신용조회비용 및 담보권설정비용 있음), 이자 외 별도로 중개수수료를 요구하거나 수취하는 것은 불법입니다. | 대표이사: 박동원 | 사업자등록번호: 274-86-00231 | 등록기관명칭: 서울 영등포구청(담당부서: 일자리경제과, 02-2670-3420) | 소재지 : 서울 영등포구 여의대방로67길 11, 5층 517호 | 개인정보관리자메일: help@danbifund.co.kr",https://www.hankyung.com/article/202507248233a,2025.07.24 08:43
신용대출 이자 절감 꿀팁! 증권사 3%대 대출 전환법 공개,,"전송종목 : HD현대마린엔진, GS, LIG넥스원, 미스토홀딩스, 현대글로비스최근 주식 투자자들 사이에서 주식대출(미수/신용융자 등)의 고금리에 대한 부담이 커지고 있다.특히 저금리를 적용 받고 싶어도, 기존 대출을 상환하고 다시 주식을 매수해야 하는 번거로운 절차와 자금 조달의 어려움이 발목을 잡고 있다.이런 현실적인 문제를 해결하고자, 무빙스탁이 ‘증권사 신용, 대환자금대출’ 서비스를 전격 출시했다.이 상품은 주식을 매도하지 않고도, 기존의 고금리의 주식대출(미수/신용융자 등)의 3%대의 혁신적인 저금리 증권사로 전환할 수 있도록 상환자금을 제공하는 것이 핵심이다.무빙스탁 관계자는 “현재 증권사 이벤트 금리는 연 3%대 수준으로, 기존 9~10%대 고금리를 적용받는 투자자라면 절감 효과가 상당하다”며, 금리를 5%만 낮추면 “1억원 신용대출 기준으로 연간 약 500만원, 3억원이라면 1,500만원까지도 절약할 수 있다”고 밝혔다.더 놀라운 점은, 현재는 이벤트 기간으로 대환자금대출 신청시 발생하는 이자 비용까지 ‘0원’이라는 사실이다. 대환자금에 대해서 하루의 대출이자도 부담하지 않고 기존 고금리 대출을 저금리로 전환할 수 있어, 고금리 부담에 시달리던 투자자들에게 큰 호응을 얻을 전망이다.이 서비스는 부동산 시장에서 흔히 이용되던 대환대출 개념을 증권시장에 도입한 혁신적인 시도로, 주식 투자자들의 자금 운용에 새로운 대안을 제시할 것으로 기대된다.무빙스탁 ‘증권사 신용, 대환자금대출’의 비용 무료 이벤트는 이벤트 기간 동안 한정적으로 제공되는 만큼, 신용융자를 이용 중인 투자자라면 지금 바로 확인해볼 필요가 있다.★ 장마감 시간이 가까워질수록 문의가 많아 상담이 지연될 수 있습니다.★ 7월 문의하신 고객들이 많이 보유하신 종목으로는 삼성전자, POSCO홀딩스, 셀트리온, 포스코퓨처엠, 에코프로비엠, NAVER, 에코프로, 삼성SDI, LG화학, SK하이닉스, 두산에너빌리티, 카카오, SK이노베이션, LG에너지솔루션, 엘앤에프, 삼천당제약, 현대차, 알테오젠, HPSP, LG전자 등이 있습니다.★ 안내사항과도한 빚은 당신에게 큰 불행을 안겨줄 수 있습니다. 대출 시 신용등급 하락으로 다른 금융거래가 제약받을 수 있습니다. 중개수수료를 요구하거나 받는 것은 불법입니다.상호명: ㈜단비대부 2021-서울영등포-2102(대부업) | TEL: 1544-4886 | 대출금리: 연 20%이내(연체금리는 약정금리+3%p이내, 최대 연 20%이내) | 단, 2021. 7. 7.부터 신규체결, 갱신, 연장되는 계약에 한함 | 채무의 조기상환 조건 및 부대비용 없음. (단, 신용조회비용 및 담보권설정비용 있음), 이자 외 별도로 중개수수료를 요구하거나 수취하는 것은 불법입니다. | 대표이사: 박동원 | 사업자등록번호: 274-86-00231 | 등록기관명칭: 서울 영등포구청(담당부서: 일자리경제과, 02-2670-3420) | 소재지 : 서울 영등포구 여의대방로67길 11, 5층 517호 | 개인정보관리자메일: help@danbifund.co.kr무료상담",https://www.hankyung.com/article/202507235734a,2025.07.23 08:33
"단기 반등일까, 추세 전환일까...리튬 가격 반등에 부진하던 이차전지주 급등",,"이차전지 관련주가 리튬 가격 급등 소식에 강세를 보이고 있다. 공급 과잉으로 폭락했던 리튬 가격은 최근 중국의 감산 움직임으로 반등하며 주가 상승을 견인했다.리튬 관련주인 리튬포어스와 하이드로리튬은 연이은 상한가를 기록했고, 포스코엠텍 등 소재 기업들도 동반 상승세를 보였다. 미국의 중국산 흑연 관세 부과도 국내 기업들에 반사이익이 될 것으로 기대된다.다만 증권가에서는 리튬 가격 반등이 일시적인 흐름일 가능성에 주의할 필요가 있다고 조언한다. 실적을 좌우할 전기차 수요 회복 여부와 리튬 가격이 73위안을 넘길 수 있는지 여부가 향후 관전 포인트로 꼽힌다.한편, 스탁론에 대한 관심이 날로높아지고 있다. 모처럼 잡은 투자기회를 놓치지 않으려는 투자자들이 주식매입을 위해 더 많은 자금을 활용할 수 있는 스탁론으로 눈길을 돌리고 있기 때문이다. 현 주가는 실적을 따라가지 못하고 있는 상황으로, 밸류에이션 리레이팅이 필요한 시기라는 평가도 나오고 있다.




 

◆ 올뉴스탁론, DSR 무관 상품에 연 4%대 최저금리 상품으로 다양한 선택지를!올뉴스탁론에서 투자자들 누구나 부담 없이 스탁론을 경험할 수 있도록 연 4%대 업계 최저금리로 이용 가능한 증권 연계신용 상품을 출시했다. 주식매입은 물론 증권사 미수/신용 대환 모두 가능하며 신용등급 차등 없이 자기 자본 포함 최대 4배까지 활용할 수 있다.이와 함께 DSR 한도 때문에 기존 스탁론 활용이 어려웠던 투자자들을 위한 DSR 무관 상품도 취급 중이다. 또한 장중 거래가 어려웠던 투자자를 위한 대체거래소(NXT) 거래도 가능해졌다.올뉴스탁론에 대해 자세히 알고 싶은 투자자는 고객상담센터(☎1599-8666)로 연락하면 대출 여부와 무관하게 언제든 전문상담원과 편리하게 상담할 수 있다.○ 보유하고 있는 대출액이나 소득 무관하게! (DSR 무관)○ 최대 4배 주식자금 활용 가능! (본인 자금 포함)○ 대체거래소(NXT) 거래 가능!○ 증권 신용/미수 당일 즉시 대환 가능!○ 기존 증권사 신용, 스탁론으로 매수가 어려웠던 종목도 OK!※ 올뉴스탁론 고객상담센터 : 1599-8666바로가기 : https://allnewstockloan.co.kr?agency=HTS◆ 현 시각 관심종목 Top 10 : 폴라리스AI파마, 셀트리온, 알테오젠, 포스코퓨처엠, HLB, 카카오페이, 콜마홀딩스, 한국화장품, 유니테스트, LS마린솔루션무료상담",https://www.hankyung.com/article/202507236253a,2025.07.24 09:50
"주식 매도 없이 신용이자 연 1,500만 원 줄이는 비법",,"전송종목 : 강원에너지, 한솔아이원스, 아이패밀리에스씨, 대성에너지, 모트렉스최근 주식 투자자들 사이에서 주식대출(미수/신용융자 등)의 고금리에 대한 부담이 커지고 있다.특히 저금리를 적용 받고 싶어도, 기존 대출을 상환하고 다시 주식을 매수해야 하는 번거로운 절차와 자금 조달의 어려움이 발목을 잡고 있다.이런 현실적인 문제를 해결하고자, 무빙스탁이 ‘증권사 신용, 대환자금대출’ 서비스를 전격 출시했다.이 상품은 주식을 매도하지 않고도, 기존의 고금리의 주식대출(미수/신용융자 등)의 3%대의 혁신적인 저금리 증권사로 전환할 수 있도록 상환자금을 제공하는 것이 핵심이다.무빙스탁 관계자는 “현재 증권사 이벤트 금리는 연 3%대 수준으로, 기존 9~10%대 고금리를 적용받는 투자자라면 절감 효과가 상당하다”며, 금리를 5%만 낮추면 “1억원 신용대출 기준으로 연간 약 500만원, 3억원이라면 1,500만원까지도 절약할 수 있다”고 밝혔다.더 놀라운 점은, 현재는 이벤트 기간으로 대환자금대출 신청시 발생하는 이자 비용까지 ‘0원’이라는 사실이다. 대환자금에 대해서 하루의 대출이자도 부담하지 않고 기존 고금리 대출을 저금리로 전환할 수 있어, 고금리 부담에 시달리던 투자자들에게 큰 호응을 얻을 전망이다.이 서비스는 부동산 시장에서 흔히 이용되던 대환대출 개념을 증권시장에 도입한 혁신적인 시도로, 주식 투자자들의 자금 운용에 새로운 대안을 제시할 것으로 기대된다.무빙스탁 ‘증권사 신용, 대환자금대출’의 비용 무료 이벤트는 이벤트 기간 동안 한정적으로 제공되는 만큼, 신용융자를 이용 중인 투자자라면 지금 바로 확인해볼 필요가 있다.★ 장마감 시간이 가까워질수록 문의가 많아 상담이 지연될 수 있습니다.★ 7월 문의하신 고객들이 많이 보유하신 종목으로는 삼성전자, POSCO홀딩스, 셀트리온, 포스코퓨처엠, 에코프로비엠, NAVER, 에코프로, 삼성SDI, LG화학, SK하이닉스, 두산에너빌리티, 카카오, SK이노베이션, LG에너지솔루션, 엘앤에프, 삼천당제약, 현대차, 알테오젠, HPSP, LG전자 등이 있습니다.★ 안내사항과도한 빚은 당신에게 큰 불행을 안겨줄 수 있습니다. 대출 시 신용등급 하락으로 다른 금융거래가 제약받을 수 있습니다. 중개수수료를 요구하거나 받는 것은 불법입니다.상호명: ㈜단비대부 2021-서울영등포-2102(대부업) | TEL: 1544-4886 | 대출금리: 연 20%이내(연체금리는 약정금리+3%p이내, 최대 연 20%이내) | 단, 2021. 7. 7.부터 신규체결, 갱신, 연장되는 계약에 한함 | 채무의 조기상환 조건 및 부대비용 없음. (단, 신용조회비용 및 담보권설정비용 있음), 이자 외 별도로 중개수수료를 요구하거나 수취하는 것은 불법입니다. | 대표이사: 박동원 | 사업자등록번호: 274-86-00231 | 등록기관명칭: 서울 영등포구청(담당부서: 일자리경제과, 02-2670-3420) | 소재지 : 서울 영등포구 여의대방로67길 11, 5층 517호 | 개인정보관리자메일: help@danbifund.co.kr무료상담",https://www.hankyung.com/article/202507035106a,2025.07.03 08:53
신용미수 반대매매 간편하게 당일 해결! 업계 최저 연 4%대 금리로 갈아타기!,,"투자자들 사이에서 ‘스탁론’에 대한 관심이 높아지고 있다. 스탁론은 자기자본 포함 최대 4배까지 활용 가능하며 증권사 신용/미수 대환 용도로도 활용 가능해 대표적인 레버리지 수단으로 자리잡은 상태다.그러나 DSR 한도가 스탁론에도 적용된 후 다른 대출, 소득 증빙 문제로 예전처럼 이용하기 어려워졌다. 이와 함께 높아진 금리도 스탁론 이용을 망설이게 만든 원인으로 꼽힌다.그러나 해결책은 있다. 21년 연속 스탁론 업계 1위를 지키고 있는 하이스탁론이 DSR 무관하게 이용할 수 있는 상품은 물론 연 4%대 최저금리로 이용 가능한 상품까지 취급하며 선택의 폭을 넓힌 것이다.




 

◆ 하이스탁론, 연 4%대 업계 최저금리로 추가 투자금은 물론 신용미수 대환까지!<하이스탁론>에서 누구나 부담 없이 스탁론을 경험할 수 있도록 연 4%대 최저금리 상품을 출시했다. 주식매입 용도는 물론 증권사 미수/신용 대환도 가능하며 신용등급 차등 없이 자기자본 포함 최대 4배까지 활용할 수 있다.이와 함께 DSR 한도 때문에 기존 스탁론 이용이 어려웠던 투자자들은 위한 DSR 무관 상품도 취급 중이다. 이 상품도 투자자들의 깊은 관심을 받으며 업계 최초로 5,000억원을 돌파했다.<하이스탁론>의 새로운 상품에 대해 자세히 알고 싶은 투자자는 고객상담센터(1599-0313)로 연락하면 대출 여부와 상관없이 24시간 언제든 전문상담원과 편리한 상담이 가능하다.○ 연 4%대 업계 최저금리 상품 출시○ DSR 무관 상품 취급 중 (업계 최초 5,000억 돌파)○ 21년 연속 시장 점유율 1위, 16년 연속 대한민국퍼스트브랜드 대상○ 증권사 신용/미수 실시간 상환, 한종목 100% 집중 투자○ 믿을 수 있는 상담품질보증제※하이스탁론상담센터 : 1599-0313바로가기:https://www.hisl.co.kr/0313◆ 현 시각 관심종목 Top 10 : 두산에너빌리티, SK하이닉스, 다날, LS마린솔루션, 셀트리온, 두산퓨얼셀, 한미약품, 컴투스홀딩스, 디앤디파마텍, 현대제철무료상담",https://www.hankyung.com/article/202506117885a,2025.06.12 13:05
9~10% 주식 관련 대출에서 3%대 대출로 교체,,"전송종목 : 엠게임, CMG제약, KTcs, 엠로, 메타바이오메드최근 주식 투자자들 사이에서 주식대출(미수/신용융자 등)의 고금리에 대한 부담이 커지고 있다.특히 저금리를 적용 받고 싶어도, 기존 대출을 상환하고 다시 주식을 매수해야 하는 번거로운 절차와 자금 조달의 어려움이 발목을 잡고 있다.이런 현실적인 문제를 해결하고자, 무빙스탁이 ‘증권사 신용, 대환자금대출’ 서비스를 전격 출시했다.이 상품은 주식을 매도하지 않고도, 기존의 고금리의 주식대출(미수/신용융자 등)의 3%대의 혁신적인 저금리 증권사로 전환할 수 있도록 상환자금을 제공하는 것이 핵심이다.무빙스탁 관계자는 “현재 증권사 이벤트 금리는 연 3%대 수준으로, 기존 9~10%대 고금리를 적용받는 투자자라면 절감 효과가 상당하다”며, 금리를 5%만 낮추면 “1억원 신용대출 기준으로 연간 약 500만원, 3억원이라면 1,500만원까지도 절약할 수 있다”고 밝혔다.더 놀라운 점은, 현재는 이벤트 기간으로 대환자금대출 신청시 발생하는 이자 비용까지 ‘0원’이라는 사실이다. 대환자금에 대해서 하루의 대출이자도 부담하지 않고 기존 고금리 대출을 저금리로 전환할 수 있어, 고금리 부담에 시달리던 투자자들에게 큰 호응을 얻을 전망이다.이 서비스는 부동산 시장에서 흔히 이용되던 대환대출 개념을 증권시장에 도입한 혁신적인 시도로, 주식 투자자들의 자금 운용에 새로운 대안을 제시할 것으로 기대된다.무빙스탁 ‘증권사 신용, 대환자금대출’의 비용 무료 이벤트는 이벤트 기간 동안 한정적으로 제공되는 만큼, 신용융자를 이용 중인 투자자라면 지금 바로 확인해볼 필요가 있다.★ 장마감 시간이 가까워질수록 문의가 많아 상담이 지연될 수 있습니다.★ 7월 문의하신 고객들이 많이 보유하신 종목으로는 삼성전자, POSCO홀딩스, 셀트리온, 포스코퓨처엠, 에코프로비엠, NAVER, 에코프로, 삼성SDI, LG화학, SK하이닉스, 두산에너빌리티, 카카오, SK이노베이션, LG에너지솔루션, 엘앤에프, 삼천당제약, 현대차, 알테오젠, HPSP, LG전자 등이 있습니다.★ 안내사항과도한 빚은 당신에게 큰 불행을 안겨줄 수 있습니다. 대출 시 신용등급 하락으로 다른 금융거래가 제약받을 수 있습니다. 중개수수료를 요구하거나 받는 것은 불법입니다.상호명: ㈜단비대부 2021-서울영등포-2102(대부업) | TEL: 1544-4886 | 대출금리: 연 20%이내(연체금리는 약정금리+3%p이내, 최대 연 20%이내) | 단, 2021. 7. 7.부터 신규체결, 갱신, 연장되는 계약에 한함 | 채무의 조기상환 조건 및 부대비용 없음. (단, 신용조회비용 및 담보권설정비용 있음), 이자 외 별도로 중개수수료를 요구하거나 수취하는 것은 불법입니다. | 대표이사: 박동원 | 사업자등록번호: 274-86-00231 | 등록기관명칭: 서울 영등포구청(담당부서: 일자리경제과, 02-2670-3420) | 소재지 : 서울 영등포구 여의대방로67길 11, 5층 517호 | 개인정보관리자메일: help@danbifund.co.kr무료상담",https://www.hankyung.com/article/202507158087a,2025.07.15 08:43
"증권사 신용대출, 3%대 금리로 바꾸는 가장 쉬운 방법",,"전송종목 : 영원무역, 씨에스윈드, GKL, 코오롱인더, 한미약품최근 주식 투자자들 사이에서 주식대출(미수/신용융자 등)의 고금리에 대한 부담이 커지고 있다.특히 저금리를 적용 받고 싶어도, 기존 대출을 상환하고 다시 주식을 매수해야 하는 번거로운 절차와 자금 조달의 어려움이 발목을 잡고 있다.이런 현실적인 문제를 해결하고자, 무빙스탁이 ‘증권사 신용, 대환자금대출’ 서비스를 전격 출시했다.이 상품은 주식을 매도하지 않고도, 기존의 고금리의 주식대출(미수/신용융자 등)의 3%대의 혁신적인 저금리 증권사로 전환할 수 있도록 상환자금을 제공하는 것이 핵심이다.무빙스탁 관계자는 “현재 증권사 이벤트 금리는 연 3%대 수준으로, 기존 9~10%대 고금리를 적용받는 투자자라면 절감 효과가 상당하다”며, 금리를 5%만 낮추면 “1억원 신용대출 기준으로 연간 약 500만원, 3억원이라면 1,500만원까지도 절약할 수 있다”고 밝혔다.더 놀라운 점은, 현재는 이벤트 기간으로 대환자금대출 신청시 발생하는 이자 비용까지 ‘0원’이라는 사실이다. 대환자금에 대해서 하루의 대출이자도 부담하지 않고 기존 고금리 대출을 저금리로 전환할 수 있어, 고금리 부담에 시달리던 투자자들에게 큰 호응을 얻을 전망이다.이 서비스는 부동산 시장에서 흔히 이용되던 대환대출 개념을 증권시장에 도입한 혁신적인 시도로, 주식 투자자들의 자금 운용에 새로운 대안을 제시할 것으로 기대된다.무빙스탁 ‘증권사 신용, 대환자금대출’의 비용 무료 이벤트는 이벤트 기간 동안 한정적으로 제공되는 만큼, 신용융자를 이용 중인 투자자라면 지금 바로 확인해볼 필요가 있다.★ 장마감 시간이 가까워질수록 문의가 많아 상담이 지연될 수 있습니다.★ 7월 문의하신 고객들이 많이 보유하신 종목으로는 삼성전자, POSCO홀딩스, 셀트리온, 포스코퓨처엠, 에코프로비엠, NAVER, 에코프로, 삼성SDI, LG화학, SK하이닉스, 두산에너빌리티, 카카오, SK이노베이션, LG에너지솔루션, 엘앤에프, 삼천당제약, 현대차, 알테오젠, HPSP, LG전자 등이 있습니다.★ 안내사항과도한 빚은 당신에게 큰 불행을 안겨줄 수 있습니다. 대출 시 신용등급 하락으로 다른 금융거래가 제약받을 수 있습니다. 중개수수료를 요구하거나 받는 것은 불법입니다.상호명: ㈜단비대부 2021-서울영등포-2102(대부업) | TEL: 1544-4886 | 대출금리: 연 20%이내(연체금리는 약정금리+3%p이내, 최대 연 20%이내) | 단, 2021. 7. 7.부터 신규체결, 갱신, 연장되는 계약에 한함 | 채무의 조기상환 조건 및 부대비용 없음. (단, 신용조회비용 및 담보권설정비용 있음), 이자 외 별도로 중개수수료를 요구하거나 수취하는 것은 불법입니다. | 대표이사: 박동원 | 사업자등록번호: 274-86-00231 | 등록기관명칭: 서울 영등포구청(담당부서: 일자리경제과, 02-2670-3420) | 소재지 : 서울 영등포구 여의대방로67길 11, 5층 517호 | 개인정보관리자메일: help@danbifund.co.kr무료상담",https://www.hankyung.com/article/202507083743a,2025.07.08 13:08
중동 긴장 완화에 불붙은 투심…코스피 3070선 돌파 [영상],원·달러 환율 1360원대,"영상 모듈 닫기




코스피지수가 24일 2% 가까이 오르며 거래를 시작했다. 중동 긴장 완화 기대감이 반영된 것으로 보인다. 개장 전 도널드 트럼프 미국 대통령이 이란과 이스라엘이 완전한 휴전에 합의했다고 밝혔다.이날 오전 9시7분 현재 코스피는 전일 대비 63.02포인트(2.09%) 뛴 3077.49를 가리키고 있다. 코스피는 전장 대비 46.67포인트(1.55%) 오른 3061.14에 거래를 시작한 후 우상향하는 흐름을 보이고 있다. 같은 시각 코스닥도 전일 대비 13.39포인트(1.71%) 오른 798.18에 거래되고 있다. 
                    



사진=연합뉴스

                이스라엘과 이란의 휴전 기대감에 투자심리가 개선된 것으로 풀이된다. 23일(현지시간) 트럼프 대통령은 SNS를 통해 ""이스라엘과 이란은 전면적이고 완전한 휴전에 전적으로 합의했다""고 밝혔다.이어진 미 NBC 방송과의 전화 인터뷰에선 휴전이 얼마나 지속될 것인지 묻는 말에 ""무기한(unlimited)이라고 생각한다""고 답했다. 그러면서 ""두 나라가 다시 서로를 향해 총을 쏘는 일이 일어날 것이라고 믿지 않는다""고 강조했다.'큰손' 투자자의 매수 행렬도 이어지고 있다. 유가증권시장에서 외국인과 기관은 각각 782억원, 20억원을 순매수하고 있다. 개장 직후엔 순매도세를 보였지만, 장중 순매수로 전환했다. 개인은 홀로 359억원을 순매도하고 있다. 코스닥 시장에서도 기관은 136억원을 순매수하고 있다. 외국인과 개인은 각각 26억원, 6억원을 순매도하고 있다.시가총액 상위주도 강세를 보이고 있다. SK하이닉스(4.82%)를 필두로 삼성전자(2.76%), 현대차(2.48%), LG에너지솔루션(2.38%), HD현대중공업(2.31%), 기아(1.88%), 신한지주(1.83%), KB금융(1.67%), 셀트리온(1.64%), 두산에너빌리티(1.6%), 삼성바이오로직스(1.21%)가 모두 1% 넘게 오르고 있다. 다만 휴전이 가시화하자 한화에어로스페이스는 1.52% 하락 중이다. 코스닥 시총 상위주도 대부분 빨간불을 켰다. 펩트론(9.07%), 에코프로비엠(6.65%), 에코프로(5.48%), 레인보우로보틱스(3.76%), 리가켐바이오(3.07%), 알테오젠(3.03%), 클래시스(2.97%), 삼천당제약(2.88%), 리노공업(2.18%), 코오롱티슈진(1.64%)가 상승 곡선을 그리고 있다.원·달러 환율은 전장 대비 16.6원 하락한 1365.4원을 가리키고 있다.진영기 한경닷컴 기자 young71@hankyung.com",https://www.hankyung.com/article/2025062452056,2025.06.24 09:02
9~10% 주식 관련 대출에서 3%대 대출로 교체,,"전송종목 : CMG제약, 삼아알미늄, LS, 녹십자, GS건설최근 주식 투자자들 사이에서 주식대출(미수/신용융자 등)의 고금리에 대한 부담이 커지고 있다.특히 저금리를 적용 받고 싶어도, 기존 대출을 상환하고 다시 주식을 매수해야 하는 번거로운 절차와 자금 조달의 어려움이 발목을 잡고 있다.이런 현실적인 문제를 해결하고자, 무빙스탁이 ‘증권사 신용, 대환자금대출’ 서비스를 전격 출시했다.이 상품은 주식을 매도하지 않고도, 기존의 고금리의 주식대출(미수/신용융자 등)의 3%대의 혁신적인 저금리 증권사로 전환할 수 있도록 상환자금을 제공하는 것이 핵심이다.무빙스탁 관계자는 “현재 증권사 이벤트 금리는 연 3%대 수준으로, 기존 9~10%대 고금리를 적용받는 투자자라면 절감 효과가 상당하다”며, 금리를 5%만 낮추면 “1억원 신용대출 기준으로 연간 약 500만원, 3억원이라면 1,500만원까지도 절약할 수 있다”고 밝혔다.더 놀라운 점은, 현재는 이벤트 기간으로 대환자금대출 신청시 발생하는 이자 비용까지 ‘0원’이라는 사실이다. 대환자금에 대해서 하루의 대출이자도 부담하지 않고 기존 고금리 대출을 저금리로 전환할 수 있어, 고금리 부담에 시달리던 투자자들에게 큰 호응을 얻을 전망이다.이 서비스는 부동산 시장에서 흔히 이용되던 대환대출 개념을 증권시장에 도입한 혁신적인 시도로, 주식 투자자들의 자금 운용에 새로운 대안을 제시할 것으로 기대된다.무빙스탁 ‘증권사 신용, 대환자금대출’의 비용 무료 이벤트는 이벤트 기간 동안 한정적으로 제공되는 만큼, 신용융자를 이용 중인 투자자라면 지금 바로 확인해볼 필요가 있다.★ 장마감 시간이 가까워질수록 문의가 많아 상담이 지연될 수 있습니다.★ 7월 문의하신 고객들이 많이 보유하신 종목으로는 삼성전자, POSCO홀딩스, 셀트리온, 포스코퓨처엠, 에코프로비엠, NAVER, 에코프로, 삼성SDI, LG화학, SK하이닉스, 두산에너빌리티, 카카오, SK이노베이션, LG에너지솔루션, 엘앤에프, 삼천당제약, 현대차, 알테오젠, HPSP, LG전자 등이 있습니다.★ 안내사항과도한 빚은 당신에게 큰 불행을 안겨줄 수 있습니다. 대출 시 신용등급 하락으로 다른 금융거래가 제약받을 수 있습니다. 중개수수료를 요구하거나 받는 것은 불법입니다.상호명: ㈜단비대부 2021-서울영등포-2102(대부업) | TEL: 1544-4886 | 대출금리: 연 20%이내(연체금리는 약정금리+3%p이내, 최대 연 20%이내) | 단, 2021. 7. 7.부터 신규체결, 갱신, 연장되는 계약에 한함 | 채무의 조기상환 조건 및 부대비용 없음. (단, 신용조회비용 및 담보권설정비용 있음), 이자 외 별도로 중개수수료를 요구하거나 수취하는 것은 불법입니다. | 대표이사: 박동원 | 사업자등록번호: 274-86-00231 | 등록기관명칭: 서울 영등포구청(담당부서: 일자리경제과, 02-2670-3420) | 소재지 : 서울 영등포구 여의대방로67길 11, 5층 517호 | 개인정보관리자메일: help@danbifund.co.kr무료상담",https://www.hankyung.com/article/202507210588a,2025.07.21 08:33
9~10% 주식 관련 대출에서 3%대 대출로 교체,,"전송종목 : 하이트진로, 유한양행, CJ대한통운, 두산, DL최근 주식 투자자들 사이에서 주식대출(미수/신용융자 등)의 고금리에 대한 부담이 커지고 있다.특히 저금리를 적용 받고 싶어도, 기존 대출을 상환하고 다시 주식을 매수해야 하는 번거로운 절차와 자금 조달의 어려움이 발목을 잡고 있다.이런 현실적인 문제를 해결하고자, 무빙스탁이 ‘증권사 신용, 대환자금대출’ 서비스를 전격 출시했다.이 상품은 주식을 매도하지 않고도, 기존의 고금리의 주식대출(미수/신용융자 등)의 3%대의 혁신적인 저금리 증권사로 전환할 수 있도록 상환자금을 제공하는 것이 핵심이다.무빙스탁 관계자는 “현재 증권사 이벤트 금리는 연 3%대 수준으로, 기존 9~10%대 고금리를 적용받는 투자자라면 절감 효과가 상당하다”며, 금리를 5%만 낮추면 “1억원 신용대출 기준으로 연간 약 500만원, 3억원이라면 1,500만원까지도 절약할 수 있다”고 밝혔다.더 놀라운 점은, 현재는 이벤트 기간으로 대환자금대출 신청시 발생하는 이자 비용까지 ‘0원’이라는 사실이다. 대환자금에 대해서 하루의 대출이자도 부담하지 않고 기존 고금리 대출을 저금리로 전환할 수 있어, 고금리 부담에 시달리던 투자자들에게 큰 호응을 얻을 전망이다.이 서비스는 부동산 시장에서 흔히 이용되던 대환대출 개념을 증권시장에 도입한 혁신적인 시도로, 주식 투자자들의 자금 운용에 새로운 대안을 제시할 것으로 기대된다.무빙스탁 ‘증권사 신용, 대환자금대출’의 비용 무료 이벤트는 이벤트 기간 동안 한정적으로 제공되는 만큼, 신용융자를 이용 중인 투자자라면 지금 바로 확인해볼 필요가 있다.★ 장마감 시간이 가까워질수록 문의가 많아 상담이 지연될 수 있습니다.★ 7월 문의하신 고객들이 많이 보유하신 종목으로는 삼성전자, POSCO홀딩스, 셀트리온, 포스코퓨처엠, 에코프로비엠, NAVER, 에코프로, 삼성SDI, LG화학, SK하이닉스, 두산에너빌리티, 카카오, SK이노베이션, LG에너지솔루션, 엘앤에프, 삼천당제약, 현대차, 알테오젠, HPSP, LG전자 등이 있습니다.★ 안내사항과도한 빚은 당신에게 큰 불행을 안겨줄 수 있습니다. 대출 시 신용등급 하락으로 다른 금융거래가 제약받을 수 있습니다. 중개수수료를 요구하거나 받는 것은 불법입니다.상호명: ㈜단비대부 2021-서울영등포-2102(대부업) | TEL: 1544-4886 | 대출금리: 연 20%이내(연체금리는 약정금리+3%p이내, 최대 연 20%이내) | 단, 2021. 7. 7.부터 신규체결, 갱신, 연장되는 계약에 한함 | 채무의 조기상환 조건 및 부대비용 없음. (단, 신용조회비용 및 담보권설정비용 있음), 이자 외 별도로 중개수수료를 요구하거나 수취하는 것은 불법입니다. | 대표이사: 박동원 | 사업자등록번호: 274-86-00231 | 등록기관명칭: 서울 영등포구청(담당부서: 일자리경제과, 02-2670-3420) | 소재지 : 서울 영등포구 여의대방로67길 11, 5층 517호 | 개인정보관리자메일: help@danbifund.co.kr무료상담",https://www.hankyung.com/article/202507185994a,2025.07.18 08:33
[투자운세] 6월9일(월요일) 궁합이 맞는 종목은?,,"2025년 6월 9일 월요일 관심가질 종목입니다1.쥐띠 : 횡보 끝에 찾아오는 방향에 몸을 실어라60년생 (포스코엠텍, 레이크머티리얼즈) 72년생 (고영, 에코프로머티) 84년생 (하이브, 크래프톤)2.소띠 : 주식을 사기 보다는 때를 사라61년생 (대덕전자, HLB) 73년생 (신성델타테크, 셀트리온제약) 85년생 (한화에어로스페이스, 씨젠)3.호랑이띠 : 매매기준은 대세흐름을 봐야 한다62년생 (리가켐바이오, 현대로템) 74년생 (한진칼, 알테오젠) 86년생 (아모레퍼시픽, 한국콜마)4.토끼띠 : 시장분위기에 취하지 마라63년생 (에스엠, HD현대일렉트릭) 75년생 (SK바이오팜, 한국항공우주) 87년생 (에스엘, 에스디바이오센서)5.용띠 : 손해보고 있는 종목부터 팔아라64년생 (미래에셋증권, 케어젠) 76년생 (넷마블, 한국앤컴퍼니) 88년생 (이마트, OCI홀딩스)6.뱀띠 : 우발심을 삼가하라65년생 (DB손해보험, LIG넥스원) 77년생 (에스티팜, 유한양행) 89년생 (카카오게임즈, SK바이오사이언스)




 

7.말띠 : 공이 크게 보일 때만 쳐라66 년생 (메리츠금융지주, 한미사이언스) 78년생 (삼성전자, 포스코인터내셔널) 90년생 (현대위아, 효성)8.양띠 : 장기간 움직이지 않던 주식이 오르기 시작하면 크게 오른다67년생 (포스코DX, 한전기술) 79년생 (종근당, 삼성카드) 91년생 (KCC, 기아)9. 원숭이띠 : 허둥대는 거지에겐 동냥도 적다68년생 (한화, 파두) 80년생 (삼성화재, NH투자증권) 92년생 (삼성전기, 두산에너빌리티)10.닭띠 : 남이 가는 뒷길에 꽃동산이 있다69년생 (아모레퍼시픽, 파라다이스) 81년생 (GS건설, HK이노엔) 93년생 (한국전력, 한샘)11.개띠 : 하루 종일 시세판을 쳐다보고 있어도 돈은 벌 수 없다.70년생 (펄어비스, 롯데에너지머티리얼즈) 82년생 (대웅, 금호석유) 94년생 (심텍, 대주전자재료)12.돼지띠 : 천둥이 잦아지면 소나기가 온다71년생 (셀트리온, 롯데웰푸드) 83년생 (엔씨소프트, 위메이드) 95년생 (호텔신라, 솔브레인)링크종목 – 시선AI, 전진바이오팜, 비비안, 부국증권, 코나아이무료상담",https://www.hankyung.com/article/202506056122a,2025.06.05 14:18
"코스피, 차익실현 매물에 1%대 내림세…코스닥도 하락",,"사진=연합뉴스

                4일 코스피지수가 장중 1% 넘게 하락해 3080선까지 밀렸다. 전날 급등한 데 따른 부담감에 차익 실현 매물이 출회된 영향을 일부 받는 것으로 보인다. 이날 오전 11시1분 현재 코스피지수는 전 거래일보다 34.83포인트(1.12%) 내린 3081.44를 나타내고 있다. 지수는 이날 0.19% 상승 출발했으나 오전 9시10분께를 기점으로 하락 전환해 낙폭을 1% 넘게 확대하고 있다.이날 새벽 미국 증시가 강세로 마쳤음에도 온기가 전달되지 않는 모습이다. 지난 3일(현지시간) 뉴욕증시에서 다우존스30산업지수는 0.77% 올랐고 S&P500지수와 나스닥종합지수도 각각 0.83%와 1.02% 상승했다.유가증권시장에서 외국인과 기관이 각각 417억원과 571억원 매도 우위인 반면 개인이 931억원 매수 우위다.코스피 시가총액 상위 종목 중 SK하이닉스, LG에너지솔루션, 현대차, KB금융, 네이버, 기아, 두산에너빌리티, 한화에어로스페이스, HD현대중공업 등이 내리는 반면 삼성바이오로직스, 셀트리온 등이 오르고 있다.청정에너지 사업에 대한 보조금 지급 혜택을 조기 폐지·축소키로 한 미국의 '하나의 크고 아름다운 법안'(OBBBA) 통과로 LG에너지솔루션(-2.51%) 엘앤에프(-2.37%) 삼성SDI(-2.21%) 등 2차전지주가 약세다.같은 시각 코스닥지수는 전 거래일보다 12.32포인트(1.55%) 내린 781.01을 나타내고 있다. 지수는 이날 0.09% 내림세로 출발 후 낙폭을 확대하고 있다. 코스닥시장에서도 외국인과 기관이 각각 1943억원과 473억원 매도 우위인 반면 개인은 2401억원 매수 우위다.코스닥 시총 상위 종목은 대체로 하락세다. 알테오젠, 에코프로비엠, HLB, 에코프로, 레인보우로보틱스, 휴젤, 리가켐바이오, 펩트론, 클래시스, 리노공업, 삼천당제약, 코오롱티슈진, 에이비엘바이오 등이 내리고 있다. 이날 코스닥시장에 입성한 뉴엔AI는 이 시각 현재 공모가 대비 171% 급등하고 있다.서울 외환시장에서 원·달러 환율은 전장보다 2.6원 오른 1362원으로 개장했다.고정삼 한경닷컴 기자 jsk@hankyung.com",https://www.hankyung.com/article/2025070482536,2025.07.04 11:11
"코스피, 장 초반 2980 돌파…원·달러 환율 1370원대",코스닥도 소폭 상승,"19일 오후 서울 중구 하나은행 본점 딜링룸 현황판에 코스피, 원/달러 환율, 코스닥 지수가 표시돼 있다. /사진=연합뉴스

                코스피가 3000선에 차츰 다가서고 있다. 코스닥 지수도 소폭 오르는 중이다.20일 오전 9시4분 현재 코스피는 전일 대비 4.61포인트(0.15%) 오른 2982.35를 가리키고 있다. 코스피는 전일 대비 8.78포인트(0.29%) 오른 2986.52에 거래를 시작했다. 3000까지 20포인트가량 남겨두고 있다.유가증권시장에서 개인은 홀로 1779억원을 순매수하는 중이다. 외국인과 기관은 각각 1328억원, 248억원을 순매도하고 있다.코스피 시가총액 상위주는 혼조세를 보이고 있다. KB금융(1.12%), SK하이닉스(1.02%), 삼성바이오로직스(0.8%), HD현대중공업(0.58%), 셀트리온(0.37%)은 상승 곡선을 그리고 있다. 반면 두산에너빌리티(-1.8%), 삼성물산(-1.21%), 한화에어로스페이스(-1.18%), 네이버(-0.79%), 현대차(-0.48%), 기아(-0.31%), LG에너지솔루션(-0.17%)은 하락 중이다. 삼성전자는 보합세를 보이고 있다.코스닥은 전일 대비 0.46포인트(0.06%) 오른 782.97을 가리키고 있다. 코스닥은 1.12포인트(0.14%) 상승한 783.63에 개장한 후 잠시 하락 전환했지만, 다시 상승세로 돌아섰다.코스닥 시장에서도 개인은 홀로 520억원 매수 우위를 보이고 있다. 외국인과 기관은 각각 417억원, 32억원을 순매도하며 매물을 내놓고 있다.코스닥 시총 상위주 흐름도 엇갈리고 있다. 실리콘투(3.96%), 레인보우로보틱스(2.56%), 파마리서치(2.1%), 삼천당제약(1.24%), 에코프로비엠(0.44%), 휴젤(0.27%) 주가는 오르고있다. 반면 리노공업(-1.38%), HLB(-1.13%), 리가켐바이오(-1.03%), 펩트론(-0.4%), 알테오젠(-0.39%)은 하락 중이다.원·달러 환율은 전일 대비 4.8원 내린 1375.4원에 개장했다19일(현지시간) 미국 뉴욕증시는 노예 해방 기념일인 '준틴스데이'를 맞아 하루 휴장했다. '6월'(June)과 '19일'(Nineteenth)의 합성어인 이날은 지난 1863년 에이브러햄 링컨 전 미국 대통령이 노예해방형을 내리고 2년 후 1865년 6월 19일 텍사스에서 마지막으로 노예가 해방된 날을 기념하는 공휴일이다.진영기 한경닷컴 기자 young71@hankyung.com",https://www.hankyung.com/article/2025062076566,2025.06.20 09:15
이자 폭탄 막자! 증권사 신용대출 3%대 전환으로 절약하는 법,,"전송종목 : 한화시스템, 에이피알, 롯데웰푸드, BGF리테일, SK케미칼최근 주식 투자자들 사이에서 주식대출(미수/신용융자 등)의 고금리에 대한 부담이 커지고 있다.특히 저금리를 적용 받고 싶어도, 기존 대출을 상환하고 다시 주식을 매수해야 하는 번거로운 절차와 자금 조달의 어려움이 발목을 잡고 있다.이런 현실적인 문제를 해결하고자, 무빙스탁이 ‘증권사 신용, 대환자금대출’ 서비스를 전격 출시했다.이 상품은 주식을 매도하지 않고도, 기존의 고금리의 주식대출(미수/신용융자 등)의 3%대의 혁신적인 저금리 증권사로 전환할 수 있도록 상환자금을 제공하는 것이 핵심이다.무빙스탁 관계자는 “현재 증권사 이벤트 금리는 연 3%대 수준으로, 기존 9~10%대 고금리를 적용받는 투자자라면 절감 효과가 상당하다”며, 금리를 5%만 낮추면 “1억원 신용대출 기준으로 연간 약 500만원, 3억원이라면 1,500만원까지도 절약할 수 있다”고 밝혔다.더 놀라운 점은, 현재는 이벤트 기간으로 대환자금대출 신청시 발생하는 이자 비용까지 ‘0원’이라는 사실이다. 대환자금에 대해서 하루의 대출이자도 부담하지 않고 기존 고금리 대출을 저금리로 전환할 수 있어, 고금리 부담에 시달리던 투자자들에게 큰 호응을 얻을 전망이다.이 서비스는 부동산 시장에서 흔히 이용되던 대환대출 개념을 증권시장에 도입한 혁신적인 시도로, 주식 투자자들의 자금 운용에 새로운 대안을 제시할 것으로 기대된다.무빙스탁 ‘증권사 신용, 대환자금대출’의 비용 무료 이벤트는 이벤트 기간 동안 한정적으로 제공되는 만큼, 신용융자를 이용 중인 투자자라면 지금 바로 확인해볼 필요가 있다.★ 장마감 시간이 가까워질수록 문의가 많아 상담이 지연될 수 있습니다.★ 7월 문의하신 고객들이 많이 보유하신 종목으로는 삼성전자, POSCO홀딩스, 셀트리온, 포스코퓨처엠, 에코프로비엠, NAVER, 에코프로, 삼성SDI, LG화학, SK하이닉스, 두산에너빌리티, 카카오, SK이노베이션, LG에너지솔루션, 엘앤에프, 삼천당제약, 현대차, 알테오젠, HPSP, LG전자 등이 있습니다.★ 안내사항과도한 빚은 당신에게 큰 불행을 안겨줄 수 있습니다. 대출 시 신용등급 하락으로 다른 금융거래가 제약받을 수 있습니다. 중개수수료를 요구하거나 받는 것은 불법입니다.상호명: ㈜단비대부 2021-서울영등포-2102(대부업) | TEL: 1544-4886 | 대출금리: 연 20%이내(연체금리는 약정금리+3%p이내, 최대 연 20%이내) | 단, 2021. 7. 7.부터 신규체결, 갱신, 연장되는 계약에 한함 | 채무의 조기상환 조건 및 부대비용 없음. (단, 신용조회비용 및 담보권설정비용 있음), 이자 외 별도로 중개수수료를 요구하거나 수취하는 것은 불법입니다. | 대표이사: 박동원 | 사업자등록번호: 274-86-00231 | 등록기관명칭: 서울 영등포구청(담당부서: 일자리경제과, 02-2670-3420) | 소재지 : 서울 영등포구 여의대방로67길 11, 5층 517호 | 개인정보관리자메일: help@danbifund.co.kr무료상담",https://www.hankyung.com/article/202507096257a,2025.07.09 08:53
"04일, 기관 거래소에서 KODEX 200선물인버스2X(-5.64%), KODEX 인버스(-2.86%) 등 순매도",,"기관 투자자는 04일 거래소에서 KODEX 200선물인버스2X, KODEX 인버스, 한국전력 등을 중점적으로 매도한 것으로 나타났다.기관 투자자의 순매도 상위 20개 종목은 KODEX 200선물인버스2X, KODEX 인버스, 한국전력, 삼성바이오로직스, KB금융, NAVER, TIGER 지주회사, 삼성전기, 한화오션, 키움증권등이다.이중에 의약품 업종에 속한 종목이 3개 포함되어 있다.삼성바이오로직스, KB금융, TIGER 지주회사 등은 전일 대비 주가가 상승했고, KODEX 200선물인버스2X, KODEX 인버스, 한국전력 등은 주가가 하락했다.[06월04일]거래소 기관 순매도 상위 종목한경로보뉴스이 기사는 한국경제신문과 금융 AI 전문기업 씽크풀이 공동 개발한 기사 자동생성 알고리즘에 의해 실시간으로 작성된 것입니다.",https://www.hankyung.com/article/202506045712L,2025.06.04 18:35
"""당뇨 심하면 실명""…셀트리온·큐라클, 15조 치료제 속도[바이탈]",,"영상 모듈 닫기




<앵커>전세계적으로 당뇨 환자가 빠르게 늘어나면서 당뇨 합병증 치료제 시장도 급격히 성장하고 있습니다.특히 국내 기업들은 당뇨병성 망막병증을 치료하는 바이오시밀러로 도전장을 내밀었습니다.산업부 이서후 기자와 자세히 살펴보겠습니다.이 기자, 당뇨 합병증이 심하면 실명 위험이 있다구요?<기자>망막병증은 3대 당뇨 합병증 중 하나로, 당뇨병 환자의 약 20~30%가 이를 앓고 있는 것으로 알려집니다.우리 눈의 망막 가운데 위치한 황반이 중심시력을 담당하는데, 황반부종 등 이상이 생기면 시력저하를 유발해 심한 경우 실명까지 이를 수 있습니다.글로벌 황반부종 치료제 시장은 미국 리제네론의 '아일리아'가 1위를 차지하고 있는데요. 지난해 매출 13조원을 넘긴 블록버스터 의약품입니다.아일리아의 특허가 지난해 1월 국내에서 만료되면서 삼성바이오에피스는 '아필리부', 셀트리온은 '아이덴젤트' 라는 제품명으로 바이오시밀러를 각각 출시했습니다.매출은 공개되지 않지만, 삼성바이오에피스 아필리부는 지난해 약 90억원, 더 늦게 출시된 셀트리온 아이덴젤트는 그에 못 미쳤을 것으로 관측됩니다.다만 아직 출시한지 1년 정도에 불과한데다 당뇨병 유병률이 계속 높아지고 있는만큼 앞으로의 매출도 빠르게 늘어날 것으로 예상됩니다.시장조사기관 '글로벌 데이터'에 따르면, 전세계 당뇨병성 황반부종 치료제 시장은 오는 2031년 약 15조원 규모가 될 것으로 전망됩니다.<앵커>최대 시장인 유럽과 미국 진출은 오리지널사인 리제네론과의 특허 분쟁으로 인해 지연되고 있는데, 계속 출시가 미뤄지는 건가요?<기자>통상 제약사는 오리지널 제품의 특허 만료 후에도 독점기간을 연장하고, 바이오시밀러를 차단하기 위해 개량 특허를 추가하는 전략을 취합니다.미국 내 아일리아의 물질 특허는 지난 5월 이미 만료됐지만, 제형 특허는 오는 2027년 6월까지 유지될 예정입니다.실제로 삼성바이오에피스는 지난해 5월 아일리아 시밀러 제품의 미국 식품의약국(FDA) 승인을 받았는데요.오리지널사인 리제네론이 판매를 막기 위해 걸었던 소송 과정에서 출시금지예비명령이 결정돼 진출이 늦어지고 있습니다.FDA 품목허가 신청을 완료하고 결과를 기다리고 있는 셀트리온도 같은 이유로 출시가 불투명한 상태입니다.업계에서는 결국 셀트리온 등 국내 기업들은 리제네론과 합의해 미국 출시를 추진할 것으로 보고 있습니다.현재 미국에 아일리아 시밀러를 출시한 건 암젠이 유일한 상황이라, 다음 시장 진입을 빠르게 하는 것이 가장 중요하기 때문입니다.한편 유럽에서는 아일리아의 독점권이 오는 11월 만료를 앞두고 있어 에피스와 셀트리온 모두 이에 맞춰 출시를 준비하고 있는 것으로 알려집니다.<앵커>바이오시밀러 등 복제약을 넘어 전에 없던 제형의 신약을 개발하고 있는 국내 기업도 있다구요. <기자>그렇습니다. 아일리아를 비롯해 현재 상용화된 황반부종 표준 치료제는 안구에 찌르는 식의 주사제 뿐입니다.눈에 직접적으로 주사해야한다는 공포감에 통증이나 염증 등 부작용 위험도 한계로 꼽혀왔습니다. 때문에 많은 기업들이 안구 내 주사제 외의 다른 모달리티(치료법)로 신약을 개발하기 위해 막대한 투자를 하고 있는데요.국내에서는 큐라클이 간편하게 먹어 복용하는 신약 '리바스테랏'(CU06)을 개발 중으로, 글로벌 경쟁사 중 임상 속도가 가장 앞서있습니다.미국에서 완료한 임상 2a상 결과, 시력 개선 효과와 안전성을 모두 입증한 것으로 나타났습니다.업계에서는 경구약이 상용화된다면, 환자들의 편의성을 높여줄 뿐만 아니라 고통까지 덜어줄 수 있을 것이라고 내다보고 있습니다.[우세준 / 분당서울대병원 안과 교수: 환자들이 정기적으로 보통 한 달, 두 달, 길게는 석 달에 걸쳐서 계속 병원에 와서 고통스럽게 눈에 주사를 맞아야 되는데요. 주사를 맞지 않고 먹는 약으로 치료하거나 재발을 방지할 수 있다고 하면 주사에 따른 공포나 부담감을 덜어주는 데 가장 큰 효과가 있겠습니다.]큐라클은 ""지난 2월 미국 FDA와 후속임상과 관련된 미팅을 마쳤으며, 내년 상반기에는 임상2b상을 시작할 수 있을 것""이라고 밝혔습니다.<앵커>국내 바이오텍에서 반영구적인 차세대 치료제도 개발하고 있다면서요.<기자>내년 코스닥 상장을 앞둔 국내 바이오텍 뉴라클제네틱스는 습성 노인성 황반변성 치료 신약 'NG101'을 미국 FDA 패스트트랙으로 지정받았습니다.아일리아의 성분을 망막 안의 세포에 주사로 직접 전달해, 단 1회 투여만으로 수년간 치료 효과를 내는 차세대 유전자치료제를 최초로 만들겠단건데요.뉴라클제네틱스는 자체개발한 구조를 통해 매우 낮은 용량으로도 높은 치료효과를 낼 수 있도록 유전자 발현 효율을 3배 더 높였다고 설명했습니다.현재 북미 지역에서 임상 1/2a상 중인데, 오늘 국가신약개발사업 임상과제에도 최종 선정되면서 후속 임상에 필요한 자금 확보에 나섰습니다.특히 다수 글로벌 제약사와 적극 논의하고 있다며, 내년까지 대규모 기술수출을 체결하겠다는 목표를 밝혔습니다.이서후기자 after@wowtv.co.kr",https://www.hankyung.com/article/2025061841685,2025.06.18 17:36
"추가 투자금, 신용미수 대환 자금을 신청 당일 즉시! DSR 무관!",,"DSR 한도가 ‘스탁론’에도 적용된 후 투자자들의 고민이 날로 깊어지고 있다. 기존 대출이 많거나 소득 증빙이 어려울 경우 예전처럼 손쉽게 스탁론을 활용하기가 어려워졌기 때문이다. 예전보다 높아진 금리로 스탁론 이용을 부담스럽게 만들고 있다.이런 상황에서 올뉴스탁론이 구원투수로 나섰다. DSR 무관 누구나 이용 가능한 스탁론 상품은 물론 연 4%대 업계 최저금리로 이용 가능한 상품을 함께 선보이며 투자자들의 선택지를 넓힌 것이다.




 

◆ 올뉴스탁론, DSR 무관 상품에 연 4%대 최저금리 상품으로 다양한 선택지를!올뉴스탁론에서 투자자들 누구나 부담 없이 스탁론을 경험할 수 있도록 연 4%대 업계 최저금리로 이용 가능한 증권 연계신용 상품을 출시했다. 주식매입은 물론 증권사 미수/신용 대환 모두 가능하며 신용등급 차등 없이 자기 자본 포함 최대 4배까지 활용할 수 있다.이와 함께 DSR 한도 때문에 기존 스탁론 활용이 어려웠던 투자자들을 위한 DSR 무관 상품도 취급 중이다. 이 상품도 투자자들의 깊은 관심을 받으며 업계 최초 5,000억원을 돌파한 바 있다.올뉴스탁론에 대해 자세히 알고 싶은 투자자는 고객상담센터(☎1599-8666)로 연락하면 대출 여부와 무관하게 언제든 전문상담원과 편리하게 상담할 수 있다.○ 보유하고 있는 대출액이나 소득 무관하게! (DSR 무관)○ 최대 4배 주식자금 활용 가능! (본인 자금 포함)○ 증권 신용/미수 당일 즉시 대환 가능!○ 기존 증권사 신용, 스탁론으로 매수가 어려웠던 종목도 OK!※ 올뉴스탁론 고객상담센터 : 1599-8666바로가기 : https://allnewstockloan.co.kr?agency=HTS◆ 현 시각 관심종목 Top 10 : 셀트리온, 알테오젠, 한미반도체, 현대차, 카카오, 세진중공업, 피아이이, 램테크놀러지, 그린생명과학, 포바이포무료상담",https://www.hankyung.com/article/202506044700a,2025.06.05 10:25
[투자운세] 6월11일(오늘) 궁합이 맞는 종목은?,,"2025년 6월 11일 오늘 관심가질 종목입니다1.쥐띠 : 횡보 끝에 찾아오는 방향에 몸을 실어라60년생 (포스코엠텍, 레이크머티리얼즈) 72년생 (고영, 에코프로머티) 84년생 (하이브, 크래프톤)2.소띠 : 주식을 사기 보다는 때를 사라61년생 (대덕전자, HLB) 73년생 (신성델타테크, 셀트리온제약) 85년생 (한화에어로스페이스, 씨젠)3.호랑이띠 : 매매기준은 대세흐름을 봐야 한다62년생 (리가켐바이오, 현대로템) 74년생 (한진칼, 알테오젠) 86년생 (아모레퍼시픽, 한국콜마)4.토끼띠 : 시장분위기에 취하지 마라63년생 (에스엠, HD현대일렉트릭) 75년생 (SK바이오팜, 한국항공우주) 87년생 (에스엘, 에스디바이오센서)5.용띠 : 손해보고 있는 종목부터 팔아라64년생 (미래에셋증권, 케어젠) 76년생 (넷마블, 한국앤컴퍼니) 88년생 (이마트, OCI홀딩스)6.뱀띠 : 우발심을 삼가하라65년생 (DB손해보험, LIG넥스원) 77년생 (에스티팜, 유한양행) 89년생 (카카오게임즈, SK바이오사이언스)




 

7.말띠 : 공이 크게 보일 때만 쳐라66 년생 (메리츠금융지주, 한미사이언스) 78년생 (삼성전자, 포스코인터내셔널) 90년생 (현대위아, 효성)8.양띠 : 장기간 움직이지 않던 주식이 오르기 시작하면 크게 오른다67년생 (포스코DX, 한전기술) 79년생 (종근당, 삼성카드) 91년생 (KCC, 기아)9. 원숭이띠 : 허둥대는 거지에겐 동냥도 적다68년생 (한화, 파두) 80년생 (삼성화재, NH투자증권) 92년생 (삼성전기, 두산에너빌리티)10.닭띠 : 남이 가는 뒷길에 꽃동산이 있다69년생 (아모레퍼시픽, 파라다이스) 81년생 (GS건설, HK이노엔) 93년생 (한국전력, 한샘)11.개띠 : 하루 종일 시세판을 쳐다보고 있어도 돈은 벌 수 없다.70년생 (펄어비스, 롯데에너지머티리얼즈) 82년생 (대웅, 금호석유) 94년생 (심텍, 대주전자재료)12.돼지띠 : 천둥이 잦아지면 소나기가 온다71년생 (셀트리온, 롯데웰푸드) 83년생 (엔씨소프트, 위메이드) 95년생 (호텔신라, 솔브레인)링크종목 – 소룩스, 핑거스토리, 와이투솔루션, 키다리스튜디오, 지니틱스무료상담",https://www.hankyung.com/article/202506116747a,2025.06.11 09:58
"유전자편집부터 정제필터까지…다나허, 한국 투자 강화","내년 4분기 국내 첫 바이오의약품 필터공장 가동
최준호 韓법인 대표 ""한국은 세계 3대 바이오 소부장 시장""
'끊임없는 개선'강조한 다나허…시총 190조원으로 성장","최준호 다나허코리아 회장이 한국경제신문과 인터뷰를 하고 있다. 다나허코리아 제공

                ""한국은 미국 중국과 함께 바이오 소재·부품·장비 세계 3대 시장으로 투자를 확대하고 있습니다.""글로벌 바이오·생명과학·진단 분야 강자인 미국 다나허그룹의 한국법인인 다나허코리아 최준호 회장은 30일 인터뷰에서 ""한국 바이오 소부장 시장은 아시아에서 일본보다 크고 중요하다""며 이같이 말했다. 한국이 바이오의약품 위탁개발생산(CDMO) 뿐만 아니라 바이오시밀러(바이오의약품 복제약), 올리고 핵산, 백신 등의 강국으로 위상이 높아지자 글로벌 주요 바이오소부장 시장으로 급부상하고 있는 것이다. 다나허그룹은 1000억원을 인천 송도에 투자해 내년 4분기 바이오의약품용 정제 필터 생산 및 연구개발(R&D) 복합시설인 '싸이티바 이노베이션 허브'를 가동하기로 했다. 글로벌 바이오 소부장 기업 중 국내 처음 가동되는 공장이 될 전망이다. 최 회장은 ""당장은 내수 공급용 물량만 생산하지만 향후 아시아태평양지역으로 수출도 가능할 것""이라고 했다. 다나허그룹은 법인 설립(2020년 계열사 싸이티바) 후 현재까지 한국에 4000억원가량을 투자했다.다나허그룹은 미국 경제전문지 포춘이 선정한 500대 글로벌 기업으로 2024년말 기준 시가총액 190조원, 연매출 34조원의 세계 선두권 글로벌 바이오·생명과학·진단 전문기업이다. 2020년 GE로부터 인수한 주력 계열사 싸이티바는 1733년 설립돼 290년 넘는 역사를 가진 근대 생물공학 소재 발전사의 한 획을 그은 기업이다. 바이오의약품 공정 중 표적 약물을 분리·정제하는 데 쓰이는 크로마토그래피 장비와 정제 소재인 레진 부문에서 압도적인 글로벌 시장점유율 1위다. 바이오의약품용 세포먹이(배지)와 정제 필터 시장에서도 주요 공급사로 우리나라 삼성바이오로직스, 셀트리온, SK바이오사이언스 등에 공급하고 있다.면역진단 자동화시스템업체인 벡크만쿨터, 암 진단 및 이미징업체인 라이카바이오시스템즈, 질량분석기 제조업체인 싸이엑스, 혈액가스분석기 제조업체인 라디오미터 등 계열사도 모두 전세계 시장점유율 1위 기업들로 대부분 국내 빅5 병원과 대학 연구실에도 공급하고 있다. 반도체공정용 필터를 만드는 계열사 폴의 경우 삼성전자와 SK하이닉스, 동진쎄미켐 등이 주 고객사다.최근 다나허그룹은 자체 유전자편집 기술을 활용해 희귀 유전질환 아기를 치료하는 데 성공하면서 전세계 과학계의 주목을 받았다. 지난 5월 15일 국제 학술지 뉴잉글랜드저널오브메디슨에 소개된 세계 최초 유전자편집 기술을 활용한 유전질환 치료 사례엔 세계 최대 mRNA전문기업인 알데브론과 차세대 유전자분석기업 IDT의 가이드RNA 기술이 적용됐다. 최 회장은 ""다나허그룹 계열사 대부분은 업종 내 최고 혹은 유일한 기술을 가진 하이테크기업들""이라며 ""다나허의 기술력을 드러낸 역사적 사건""이라고 말했다.이러한 다나허그룹의 기술경쟁력은 발빠른 사업구조 개편과 남다른 기업문화에 있었다는 게 최 회장의 분석이다. 그는 ""2018년 다나허그룹은 임플란트와 환경솔루션 등 상대적으로 저성장 분야의 기업이었다""며 ""6년에 걸쳐 과감한 M&A와 분사로 사업구조를 개편해 지금은 바이오 헬스케어 등 고성장 기업이 됐다""고 소개했다. 다나허그룹의 핵심 기업문화는 '끊임없는 개선'이다. 그는 ""별도의 경영혁신 도구인 다나허비즈니스시스템을 개발해 고객의 납기 준수율을 크게 개선했다""고 소개했다.최준호 회장은 코로나19 사태 당시 국내 원부자재 공급난 해소에도 크게 기여해 2021년 '약의 날'에 대통령 표창을 받기도 했다. 글로벌 바이오 소부장 기업 중 유일한 수상이다. 최 회장은 ""당시 한국 우선 공급을 위해 별도의 테스크포스(TF)팀을 구성했고 코로나19 백신과 치료제 등을 생산하는 삼성바이오로직스, 셀트리온, SK바이오사이언스 등에 소부장 등을 최우선 공급했다""고 회상했다.다나허그룹은 국내 매출을 공개하지 않고 있지만 업계에선 약 7000억원 규모로 추산하고 있다. 최 회장은 삼성전기 공채 출신으로 존슨앤드존슨 매니저, 릴리 국내 영업 총괄, 보스턴 사이언티픽 한국지사장 등 제약과 의료기기 분야에서 다양한 경력을 쌓았다. 최 회장은 ""550여명의 국내 임직원과 함께 지속적으로 시장을 선도해 두 자릿수의 성장을 일궈 나갈 것""이라고 말했다.안대규 기자 powerzanic@hankyung.com",https://www.hankyung.com/article/202505305477i,2025.05.31 09:23
"셀트리온, 1000억 규모 자사주 매입 결정 [주목 e공시]",,"사진=셀트리온 

셀트리온은 주주가치 제고를 위해 1000억원 규모의 자사주를 매입할 예정이라고 21일 공시했다. 자사주 취득은 장내 매수 방식으로 오는 22일부터 10월21일까지 3개월간 이뤄진다.고정삼 한경닷컴 기자 jsk@hankyung.com",https://www.hankyung.com/article/2025072114726,2025.07.21 11:31
"이자 부담은 최소로, 투자 효율은 최대로! 신용대출 3%대 활용법",,"전송종목 : 안랩, 농우바이오, 이랜텍, 텔레칩스, 제이브이엠최근 주식 투자자들 사이에서 주식대출(미수/신용융자 등)의 고금리에 대한 부담이 커지고 있다.특히 저금리를 적용 받고 싶어도, 기존 대출을 상환하고 다시 주식을 매수해야 하는 번거로운 절차와 자금 조달의 어려움이 발목을 잡고 있다.이런 현실적인 문제를 해결하고자, 무빙스탁이 ‘증권사 신용, 대환자금대출’ 서비스를 전격 출시했다.이 상품은 주식을 매도하지 않고도, 기존의 고금리의 주식대출(미수/신용융자 등)의 3%대의 혁신적인 저금리 증권사로 전환할 수 있도록 상환자금을 제공하는 것이 핵심이다.무빙스탁 관계자는 “현재 증권사 이벤트 금리는 연 3%대 수준으로, 기존 9~10%대 고금리를 적용받는 투자자라면 절감 효과가 상당하다”며, 금리를 5%만 낮추면 “1억원 신용대출 기준으로 연간 약 500만원, 3억원이라면 1,500만원까지도 절약할 수 있다”고 밝혔다.더 놀라운 점은, 현재는 이벤트 기간으로 대환자금대출 신청시 발생하는 이자 비용까지 ‘0원’이라는 사실이다. 대환자금에 대해서 하루의 대출이자도 부담하지 않고 기존 고금리 대출을 저금리로 전환할 수 있어, 고금리 부담에 시달리던 투자자들에게 큰 호응을 얻을 전망이다.이 서비스는 부동산 시장에서 흔히 이용되던 대환대출 개념을 증권시장에 도입한 혁신적인 시도로, 주식 투자자들의 자금 운용에 새로운 대안을 제시할 것으로 기대된다.무빙스탁 ‘증권사 신용, 대환자금대출’의 비용 무료 이벤트는 이벤트 기간 동안 한정적으로 제공되는 만큼, 신용융자를 이용 중인 투자자라면 지금 바로 확인해볼 필요가 있다.★ 장마감 시간이 가까워질수록 문의가 많아 상담이 지연될 수 있습니다.★ 7월 문의하신 고객들이 많이 보유하신 종목으로는 삼성전자, POSCO홀딩스, 셀트리온, 포스코퓨처엠, 에코프로비엠, NAVER, 에코프로, 삼성SDI, LG화학, SK하이닉스, 두산에너빌리티, 카카오, SK이노베이션, LG에너지솔루션, 엘앤에프, 삼천당제약, 현대차, 알테오젠, HPSP, LG전자 등이 있습니다.★ 안내사항과도한 빚은 당신에게 큰 불행을 안겨줄 수 있습니다. 대출 시 신용등급 하락으로 다른 금융거래가 제약받을 수 있습니다. 중개수수료를 요구하거나 받는 것은 불법입니다.상호명: ㈜단비대부 2021-서울영등포-2102(대부업) | TEL: 1544-4886 | 대출금리: 연 20%이내(연체금리는 약정금리+3%p이내, 최대 연 20%이내) | 단, 2021. 7. 7.부터 신규체결, 갱신, 연장되는 계약에 한함 | 채무의 조기상환 조건 및 부대비용 없음. (단, 신용조회비용 및 담보권설정비용 있음), 이자 외 별도로 중개수수료를 요구하거나 수취하는 것은 불법입니다. | 대표이사: 박동원 | 사업자등록번호: 274-86-00231 | 등록기관명칭: 서울 영등포구청(담당부서: 일자리경제과, 02-2670-3420) | 소재지 : 서울 영등포구 여의대방로67길 11, 5층 517호 | 개인정보관리자메일: help@danbifund.co.kr무료상담",https://www.hankyung.com/article/202507145616a,2025.07.14 13:28
"코스피, 차익 실현 매물에 0.9%↓…은행·증권주 '털썩'","코스닥은 약보합
원·달러 환율 1385.7원에 주간 거래 마감","사진=뉴스1

                코스피가 사흘 만에 하락 마감하며 3200선을 내줬다. 코스닥 지수도 약보합세를 보였다. 차익실현 매물이 나오며 하방 압력을 받은 것으로 풀이된다.16일 코스피는 전일 대비 28.9포인트(0.9%) 하락한 3186.38에 마감했다. 장 초반 3178.42까지 밀렸던 코스피는 장중 3200선 턱밑까지 다시 오르기도 했지만, 오후 들어 상승 동력을 잃고 우하향하는 흐름을 보였다.유가증권시장에서 기관과 외국인은 각각 6336억원, 764억원어치를 순매도했다. 외국인은 장 막판 순매도 규모를 줄였다. 개인은 홀로 6246억원을 순매수했다.시가총액 상위주는 대부분 하락했다. 두산에너빌리티(-2.6%), LG에너지솔루션(-1.74%), 현대차(-1.66%), 셀트리온(-1.01%), SK하이닉스(-0.84%), 기아(-0.5%)의 주가는 전날보다 낮았다. 다만 HD현대중공업(1.77%), 삼성전자(1.57%), 한화에어로스페이스(0.71%)는 강세 마감했다.차익실현 움직임에 우리금융지주(-6.73%), KB금융(-5.02%), 기업은행(-5.91%), 미래에셋증권(-7.1%), 신영증권(-6.56%), 삼성증권(-5.52%) 등 은행·증권주는 일제히 하락했다. 전날 정부는 국무회의를 열고 상법 일부개정 법률 공포안을 의결했다. 주요 내용 가운데 이사의 충실 의무 대상 확대는 공포 후 즉시 시행되며, 3% 제한 규정은 공포 1년 뒤부터 시행된다.실적 개선 기대감에 청담글로벌(27.41%), 한국화장품(8.94%) 등 일부 화장품주는 강세를 보였다. 국내 화장품 기업들은 2분기 실적 시즌을 앞두고 견조한 수출 성장세를 보이고 있다. 식품의약품안전처에 따르면 올해 상반기 국내 화장품 수출액은 55억달러(약 7조원)로, 지난해 상반기보다 14.8% 증가했다.코스닥 지수는 전일 대비 0.65포인트(0.08%) 밀린 812.23에 거래를 마쳤다. 보합권에 머무르던 코스닥 지수는 오후 들어 상승 전환하기도 했지만, 상승세를 오래 유지하지 못했다.코스닥 시장에서도 외국인과 기관은 각각 1140억원, 675억원을 순매도했다. 개인은 2033억원을 순매수하며 물량을 받아냈다.코스닥 시가총액 상위주도 약세를 보였다. 파마리서치(-3.04%), 에이비엘바이오(-2.77%), 에코프로(-2.33%), 에코프로비엠(-2.19%), 코오롱티슈진(-1.71%), 리가켐바이오(-1.61%), 삼천당제약(-1.33%)이 파란불을 켰다. 다만 코스닥 대장주 알테오젠(3.62%)과 리노공업(2.71%)은 강세 마감했다.원·달러 환율은 전장 대비 5.5원 오른 1385.7원에 마감했다. 미국 소비자물가 상승폭이 가팔라지며 달러가 힘을 받고 있는 것으로 풀이된다. 미국 노동부는 6월 소비자물가지수(CPI)가 전년 동월 대비 2.7% 상승했다고 밝혔다. 2월(2.8%) 후 최대 상승폭이다.이재원 신한투자증권 연구원은 ""관세 우려에 미국 국채 금리가 올랐다""며 ""연고점을 계속 경신해왔기 때문에 차익 실현 매물이 나온 모습""이라고 설명했다.진영기 한경닷컴 기자 young71@hankyung.com",https://www.hankyung.com/article/2025071622986,2025.07.16 15:51
"'속도조절' 코스피, 외인·기관 '팔자'에 2900선 아래로…코스닥도 하락",,"사진=연합뉴스

                코스피지수가 13일 장 초반 낙폭을 확대하며 2900선을 내줬다. 그동안 새 정부의 내수·증시 부양 기대로 단기 랠리를 펼친 데 따른 부담감에 차익 실현 매물이 출회되면서 숨 고르기 장세가 연출되고 있다.이날 오전 9시21분 현재 코스피지수는 전 거래일보다 25.1포인트(0.86%) 내린 2894.93을 나타내고 있다. 지수는 이날 0.36% 상승 출발 후 오전 9시9분께를 기점으로 하락 전환했다. 이로써 7거래일 연속 이어진 상승세가 멈춰섰다.외국인과 기관투자자의 동반 매도세가 지수를 끌어내렸다. 유가증권시장에서 외국인과 기관은 각각 266억원과 3064억원어치를 팔아치우는 반면 개인은 3246원어치를 사들이고 있다.이날 새벽 미국 증시는 강보합으로 마감했다. 지난 12일(현지시간) 다우존스30산업지수는 0.24% 올랐고 S&P500지수와 나스닥종합지수도 각각 0.38%와 0.24% 상승했다. 코스피 시가총액 상위 종목 중 삼성전자, 삼성바이오로직스, LG에너지솔루션, 한화에어로스페이스, 현대차, KB금융, 기아, 셀트리온 등이 내리는 반면 SK하이닉스, HD현대중공업, 두산에너빌리티, 네이버 등이 오르고 있다.코스닥지수는 같은 시각 5.58포인트(0.71%) 내린 783.87을 나타내고 있다. 코스닥지수 역시 0.41% 상승 출발했으나 오전 9시5분께 하락 전환해 보합권에서 등락을 거듭하다 낙폭을 확대했다.코스닥시장에서도 외국인과 기관이 각각 1437억원과 195억원어치를 팔아치우는 반면 개인이 1646억원어치를 사들이고 있다.코스닥 시총 상위 종목 중 알테오젠, 에코프로비엠, HLB, 에코프로, 레인보우로보틱스, 리가켐바이오, 클래시스, 삼천당제약 등이 내리는 반면 펩트론, 실리콘투 등이 오르고 있다.서울 외환시장에서 원·달러 환율은 전장보다 3.7원 내린 1355원으로 개장했다.고정삼 한경닷컴 기자 jsk@hankyung.com",https://www.hankyung.com/article/2025061323946,2025.06.13 09:25
"주식 신용담보 전환하기 미루면 올해 1,500만원을 잃습니다",,"전송종목 : 동진쎄미켐, 대우건설, 신영증권, 녹십자, 한올바이오파마매일 4만 원씩, 1년이면 약 1,500만 원, 이 돈은 누구의 통장으로 들어갈까요?당신이 가만히 있는 순간에도, 고금리 증권사는 웃고 있습니다.최근 주식 투자자들 사이에서는 신용융자, 미수 등 증권사의 고금리 대출의 이자 부담이 뜨거운 감자로 떠오르고 있다.많은 투자자들이 “금리를 낮추고 싶다”고 말하지만, 기존 대출 상환 후 재매수라는 번거로운 절차에 자금 마련까지 어려워 그냥 방치하고 마는 경우가 다반사이다.이러한 고금리의 증권사 신용 및 담보대출 이용자들의 악순환을 끊을 방법이 생겼다.바로 무빙스탁의 ‘증권사 신용, 대환자금대출’ 서비스가 출시된 것이다.이 서비스는 보유 주식을 매도하지 않고, 기존 고금리 주식대출(신용/미수 등)을 연 3%대의 저금리 상품으로 전환할 수 있도록 상환자금을 지원하는 것이 핵심이다.무빙스탁 관계자는 “금리를 5%만 낮춰도, 신용대출 3억 원 기준 무려 1,500만 원의 이자 절감 효과가 있습니다.” 라고 밝혔다.더 놀라운 사실은, 지금 이벤트 기간 중 신청하면 대환자금 이자까지 0원이라는 점이다. 단 하루의 이자 부담도 없이, 기존 고금리를 완전히 벗어날 수 있는 절호의 기회이다.무빙스탁 ‘증권사 신용, 대환자금대출’의 비용 무료 이벤트는 이벤트 기간 동안 한정적으로 제공되는 만큼, 고금리의 신용융자를 이용 중인 투자자라면 지금 바로 확인해볼 필요가 있다.★ 장마감 시간이 가까워질수록 문의가 많아 상담이 지연될 수 있습니다.★ 5월 문의하신 고객들이 많이 보유하신 종목으로는 삼성전자, POSCO홀딩스, 셀트리온, 포스코퓨처엠, 에코프로비엠, NAVER, 에코프로, 삼성SDI, LG화학, SK하이닉스, 두산에너빌리티, 카카오, SK이노베이션, LG에너지솔루션, 엘앤에프, 삼천당제약, 현대차, 알테오젠, HPSP, LG전자 등이 있습니다.★ 안내사항과도한 빚은 당신에게 큰 불행을 안겨줄 수 있습니다. 대출 시 신용등급 하락으로 다른 금융거래가 제약받을 수 있습니다. 중개수수료를 요구하거나 받는 것은 불법입니다.상호명: ㈜단비대부 2021-서울영등포-2102(대부업) | TEL: 1544-4886 | 대출금리: 연 20%이내(연체금리는 약정금리+3%p이내, 최대 연 20%이내) | 단, 2021. 7. 7.부터 신규체결, 갱신, 연장되는 계약에 한함 | 채무의 조기상환 조건 및 부대비용 없음. (단, 신용조회비용 및 담보권설정비용 있음), 이자 외 별도로 중개수수료를 요구하거나 수취하는 것은 불법입니다. | 대표이사: 박동원 | 사업자등록번호: 274-86-00231 | 등록기관명칭: 서울 영등포구청(담당부서: 일자리경제과, 02-2670-3420) | 소재지 : 서울 영등포구 여의대방로67길 11, 5층 517호 | 개인정보관리자메일: help@danbifund.co.kr무료상담",https://www.hankyung.com/article/202505289869a,2025.05.28 13:16
신용미수 반대매매 간편하게 당일 해결! 업계 최저 연 4%대 금리로 갈아타기!,,"투자자들 사이에서 ‘스탁론’에 대한 관심이 높아지고 있다. 스탁론은 자기자본 포함 최대 4배까지 활용 가능하며 증권사 신용/미수 대환 용도로도 활용 가능해 대표적인 레버리지 수단으로 자리잡은 상태다.그러나 DSR 한도가 스탁론에도 적용된 후 다른 대출, 소득 증빙 문제로 예전처럼 이용하기 어려워졌다. 이와 함께 높아진 금리도 스탁론 이용을 망설이게 만든 원인으로 꼽힌다.그러나 해결책은 있다. 21년 연속 스탁론 업계 1위를 지키고 있는 하이스탁론이 DSR 무관하게 이용할 수 있는 상품은 물론 연 4%대 최저금리로 이용 가능한 상품까지 취급하며 선택의 폭을 넓힌 것이다.




 

◆ 하이스탁론, 연 4%대 업계 최저금리로 추가 투자금은 물론 신용미수 대환까지!<하이스탁론>에서 누구나 부담 없이 스탁론을 경험할 수 있도록 연 4%대 최저금리 상품을 출시했다. 주식매입 용도는 물론 증권사 미수/신용 대환도 가능하며 신용등급 차등 없이 자기자본 포함 최대 4배까지 활용할 수 있다.이와 함께 DSR 한도 때문에 기존 스탁론 이용이 어려웠던 투자자들은 위한 DSR 무관 상품도 취급 중이다. 이 상품도 투자자들의 깊은 관심을 받으며 업계 최초로 5,000억원을 돌파했다.<하이스탁론>의 새로운 상품에 대해 자세히 알고 싶은 투자자는 고객상담센터(1599-0313)로 연락하면 대출 여부와 상관없이 24시간 언제든 전문상담원과 편리한 상담이 가능하다.○ 연 4%대 업계 최저금리 상품 출시○ DSR 무관 상품 취급 중 (업계 최초 5,000억 돌파)○ 21년 연속 시장 점유율 1위, 16년 연속 대한민국퍼스트브랜드 대상○ 증권사 신용/미수 실시간 상환, 한종목 100% 집중 투자○ 믿을 수 있는 상담품질보증제※하이스탁론상담센터 : 1599-0313바로가기:https://www.hisl.co.kr/0313◆ 현 시각 관심종목 Top 10 : 두산에너빌리티, SK하이닉스, 다날, LS마린솔루션, 셀트리온, 두산퓨얼셀, 한미약품, 컴투스홀딩스, 디앤디파마텍, 현대제철무료상담",https://www.hankyung.com/article/202506116737a,2025.06.11 13:05
"주식 매도 없이 신용이자 연 1,500만 원 줄이는 비법",,"전송종목 : 휴젤, 덴티움, 한국타이어앤테크놀로지, 한국콜마, JB금융지주최근 주식 투자자들 사이에서 주식대출(미수/신용융자 등)의 고금리에 대한 부담이 커지고 있다.특히 저금리를 적용 받고 싶어도, 기존 대출을 상환하고 다시 주식을 매수해야 하는 번거로운 절차와 자금 조달의 어려움이 발목을 잡고 있다.이런 현실적인 문제를 해결하고자, 무빙스탁이 ‘증권사 신용, 대환자금대출’ 서비스를 전격 출시했다.이 상품은 주식을 매도하지 않고도, 기존의 고금리의 주식대출(미수/신용융자 등)의 3%대의 혁신적인 저금리 증권사로 전환할 수 있도록 상환자금을 제공하는 것이 핵심이다.무빙스탁 관계자는 “현재 증권사 이벤트 금리는 연 3%대 수준으로, 기존 9~10%대 고금리를 적용받는 투자자라면 절감 효과가 상당하다”며, 금리를 5%만 낮추면 “1억원 신용대출 기준으로 연간 약 500만원, 3억원이라면 1,500만원까지도 절약할 수 있다”고 밝혔다.더 놀라운 점은, 현재는 이벤트 기간으로 대환자금대출 신청시 발생하는 이자 비용까지 ‘0원’이라는 사실이다. 대환자금에 대해서 하루의 대출이자도 부담하지 않고 기존 고금리 대출을 저금리로 전환할 수 있어, 고금리 부담에 시달리던 투자자들에게 큰 호응을 얻을 전망이다.이 서비스는 부동산 시장에서 흔히 이용되던 대환대출 개념을 증권시장에 도입한 혁신적인 시도로, 주식 투자자들의 자금 운용에 새로운 대안을 제시할 것으로 기대된다.무빙스탁 ‘증권사 신용, 대환자금대출’의 비용 무료 이벤트는 이벤트 기간 동안 한정적으로 제공되는 만큼, 신용융자를 이용 중인 투자자라면 지금 바로 확인해볼 필요가 있다.★ 장마감 시간이 가까워질수록 문의가 많아 상담이 지연될 수 있습니다.★ 7월 문의하신 고객들이 많이 보유하신 종목으로는 삼성전자, POSCO홀딩스, 셀트리온, 포스코퓨처엠, 에코프로비엠, NAVER, 에코프로, 삼성SDI, LG화학, SK하이닉스, 두산에너빌리티, 카카오, SK이노베이션, LG에너지솔루션, 엘앤에프, 삼천당제약, 현대차, 알테오젠, HPSP, LG전자 등이 있습니다.★ 안내사항과도한 빚은 당신에게 큰 불행을 안겨줄 수 있습니다. 대출 시 신용등급 하락으로 다른 금융거래가 제약받을 수 있습니다. 중개수수료를 요구하거나 받는 것은 불법입니다.상호명: ㈜단비대부 2021-서울영등포-2102(대부업) | TEL: 1544-4886 | 대출금리: 연 20%이내(연체금리는 약정금리+3%p이내, 최대 연 20%이내) | 단, 2021. 7. 7.부터 신규체결, 갱신, 연장되는 계약에 한함 | 채무의 조기상환 조건 및 부대비용 없음. (단, 신용조회비용 및 담보권설정비용 있음), 이자 외 별도로 중개수수료를 요구하거나 수취하는 것은 불법입니다. | 대표이사: 박동원 | 사업자등록번호: 274-86-00231 | 등록기관명칭: 서울 영등포구청(담당부서: 일자리경제과, 02-2670-3420) | 소재지 : 서울 영등포구 여의대방로67길 11, 5층 517호 | 개인정보관리자메일: help@danbifund.co.kr무료상담",https://www.hankyung.com/article/202507235742a,2025.07.23 10:48
주식 담보로 추매찬스 살리자! 연 4%대! 추가 대출도 문제없습니다!,,"부자네스탁론이 봄맞이 이벤트로 5년고정 연 4.9%의 저금리 스탁론 상품을 출시하면서 투자자들에게 화제가 되고 있다.5년고정 연 4.9%의 저금리 스탁론은 주요 증권사의 신용 금리로 알려진 8~9%대의 금리보다 훨씬 금리가 낮은 상품이다.스탁론 상품들은 증권사 신용보다 레버리지는 더 높고 담보유지비율은 더 낮아 투자 고수들 사이에서 잘 알려진 상품이다.미수나 반대매도를 해결해주는 대환대출상품, 한 종목 100% 집중투자 상품신용등급, 매수불가종목, D.S.R 등 주식투자자들의 고민을 완벽하게 해결해주는 솔루션을 제공하는부자네스탁론은 고객마다 가장 최적의 대출방법으로 해결해준다.-스탁론 D.S.R<총부채원리금상환비율> 고강도 규제에도! 문제없는 부자네스탁론!– 소득 낮고 기존 대출금액 많아도 계좌평가금액에 비례해서 대출가능!▶머니투데이 부자네스탁론① 5년고정 연 4.9% 금리의 최저금리 스탁론② 자기자본포함 최대 4배까지 레버리지 투자 가능③ 매수가능종목 100% 집중투자가능 (코스닥, 시가총액, 포트폴리오비율상관없이)④ 스탁론 전종목 1:1 매수상담문의 → 수익극대화⑤ 반대매도 임박 / 추가입금이 힘들다면? → 1:1 로스컷 전문상담⑥ D.S.R과 신용등급 낮.아.도 문제없이 매입/대환까지 가능!★ D.S.R비율, 신용등급 무관 저금리 부자네스탁 AM8:00~PM4:00 ☎1577-5852★ AM 8:00 부터 선착순 예약접수 http://www.bujane.co.kr/5월 고객들의 문의가 많은 종목은 한화에어로스페이스, LIG넥스원, 한화비전, 두산에너빌리티, 셀트리온 등이 있다.무료상담",https://www.hankyung.com/article/202505305311a,2025.05.30 13:48
"셀트리온지주사 1조 확보 ""5000억 셀트 주식 매입에 쓰고 M&A 투입도 검토""","순수 지주사에서 사업 지주사로 전환하는 셀트리온홀딩스
지주사 수익성 개선 차원서 셀트리온 주식 매입
나머지 5000억 M&A 등 구조 개편에 투입도 추진","셀트리온그룹 지주회사인 셀트리온홀딩스가 1조원의 신규 재원 한도를 확보해 셀트리온 주식 매입과 인수합병(M&A)에 활용하겠다고 4일 밝혔다. 이를 통해 자회사 기업가치와 지주사 수익성을 개선하고 M&A 등으로 사업구조 개편에도 속도를 내겠다는 전략이다.셀트리온홀딩스는 우선 1차로 수익성 개선 및 자회사 기업가치 제고를 위해 대규모의 셀트리온 주식 매입을 진행할 계획이다. 추가 지분 확보를 통해 예상되는 배당 확대 등 수익 향상은 물론, 내재 가치보다 과도하게 저평가된 자회사 주주가치 고에 지주사도 힘을 보탠다는 전략이다. 주식 매입은 두 차례에 걸쳐 총 5000억원 규모로 진행될 예정이며, 전 물량은 장내에서 매수할 방침이다.우선 가능한 가장 빠른 시일 내에 약 2500억원 규모의 셀트리온 주식을 매입한다. 주식 매입은 지난 4월 공시를 통해 밝힌 최고경영진과 대주주의 셀트리온 주식 매입 기간을 고려해 8월 초부터 본격 진행할 방침이며 연내 총 5000억원 규모의 매입을 마무리할 예정이다.홀딩스는 연내 5000억원 규모의 신규 주식 매입이 완료되면 해당 주식분을 최소 1년 이상 보유할 방침이다. 또한 주식 저평가가 지속될 경우, 자회사 주주가치 제고를 위해 남은 5000억원을 추가 투입하는 방안도 검토할 방침이다.셀트리온은 기업가치 저평가가 완화되고 대외 불확실성이 해소됐다고 판단되면, 지주사의 사업구조 개편 가속화와 자본 효율성 제고를 위해 이번 신규 매입분의 매각을 추진해 유동성 확보에 나설 예정이다. 셀트리온 관계자는 ""해당 매각 작업은 시장에 부담을 최소화하는 방식으로 진행될 예정이며, 이번 신규 매입분 외 홀딩스가 기존 보유한 주식은 매각하지 않고 장기보유를 이어갈 예정""이라고 말했다.남은 5000억원의 용도는 셀트리온 사업구조 개편에도 활용될 수 있다. 가치가 높은 국내외 기업과의 M&A를 포함해 순수 지주사에서 사업 지주사로 전환할 수 있는 방안을 전방위로 모색할 방침이다. 셀트리온그룹 관계자는 “1조원 규모의 대규모 재원이 마련된 만큼 지주사의 사업구조 개편 및 수익성 개선은 물론 주요 계열사인 셀트리온의 주주가치 제고까지 고려한 효율적 자금 운용과 투자가 진행될 것”이라며, “특히 주식 매입 관련, 셀트리온은 추가 성장 여력이 많은데다 배당 성향까지 꾸준히 확대되고 있어 지분 확대에 따른 홀딩스 수익구조 개선에 상당한 도움이 될 것으로 판단한다”고 설명했다.안대규 기자 powerzanic@hankyung.com",https://www.hankyung.com/article/202507047893i,2025.07.04 10:01
"셀트리온, 소폭 조정세… 수급 재편 신호도 포착",,"셀트리온이 장 초반 소폭 하락하는 모습을 보이고 있어 투자자들의 관심이 집중되고 있다.수급 측면에서 기관의 매도 전환이 눈에 띈다. 최근 연초 이후 외국인과 기관이 동반 매수 흐름을 보였지만, 오늘은 기관이 일부 이익 실현에 나선 것으로 보인다. 반면 외국인과 개인은 매도와 매수를 균형 있게 유지하며 저가 매수 기회를 노리는 움직임을 보이고 있다.그간 셀트리온은 박스권 돌파 시 추가 급등 가능성이 점쳐졌으며, 외국인·기관 동반 순매수 흐름이 이어졌다. 또한, 최근 미국 시장에서 짐펜트라 등 항체치료제 처방 확대 기대가 주가에 긍정적 영향을 미치며 분위기를 끌어올렸지만, 오늘은 약세에 동조한 형태다.기술적으로는 조정 국면이지만, 박스권 상단을 향한 기대도 여전하다. 이후 파이프라인 실적 발표가 이어질 경우 중장기 반등 모멘텀이 여전하다는 평가가 많다.전문가들은 “단기 급등 이후 조정은 자연스러운 흐름이며, 핵심은 외국인·기관 수급이 유지되느냐”라고 분석한다. 만약 기관의 추가 매수 전환과 밸류업 프로그램, 임상·수주 관련 실적 모멘텀이 남는다면 보합 구간에서의 저가 매수 기회로 작용할 수 있다.산일전기, 삼성화재, 포스코퓨처엠, 이스트아시아홀딩스, 스튜디오미르무료상담",https://www.hankyung.com/article/202507084303a,2025.07.08 13:03
"04일, 외국인 거래소에서 NAVER(-0.54%), 셀트리온(-0.31%) 등 순매도",,"외국인 투자자는 04일 거래소에서 NAVER, 셀트리온, 현대차 등을 중점적으로 매도한 것으로 나타났다.외국인 투자자의 순매도 상위 20개 종목은 NAVER, 셀트리온, 현대차, 카카오, 삼성SDI, 한화, HMM, 유한양행, 한화솔루션, 한화오션등이다.이중에 화학 업종에 속한 종목이 4개 포함되어 있다.현대차, 한화, HMM 등은 전일 대비 주가가 상승했고, NAVER, 셀트리온, 카카오 등은 주가가 하락했다.[06월04일]거래소 외국인 순매도 상위 종목한경로보뉴스이 기사는 한국경제신문과 금융 AI 전문기업 씽크풀이 공동 개발한 기사 자동생성 알고리즘에 의해 실시간으로 작성된 것입니다.",https://www.hankyung.com/article/202506045711L,2025.06.04 18:35
"DSR 무관 스탁론 업계 최초 5,000억원 달성! 지금 바로 상담!",,"투자자들 사이에서 ‘스탁론’에 대한 관심이 높아지고 있다. 스탁론은 자기자본 포함 최대 4배까지 활용 가능하며 증권사 신용/미수 대환 용도로도 활용 가능해 대표적인 레버리지 수단으로 자리잡은 상태다.그러나 DSR 한도가 스탁론에도 적용된 후 다른 대출, 소득 증빙 문제로 예전처럼 이용하기 어려워졌다. 이와 함께 높아진 금리도 스탁론 이용을 망설이게 만든 원인으로 꼽힌다.그러나 해결책은 있다. 21년 연속 스탁론 업계 1위를 지키고 있는 하이스탁론이 DSR 무관하게 이용할 수 있는 상품은 물론 연 4%대 최저금리로 이용 가능한 상품까지 취급하며 선택의 폭을 넓힌 것이다.




 

◆ 하이스탁론, 연 4%대 업계 최저금리로 추가 투자금은 물론 신용미수 대환까지!<하이스탁론>에서 누구나 부담 없이 스탁론을 경험할 수 있도록 연 4%대 최저금리 상품을 출시했다. 주식매입 용도는 물론 증권사 미수/신용 대환도 가능하며 신용등급 차등 없이 자기자본 포함 최대 4배까지 활용할 수 있다.이와 함께 DSR 한도 때문에 기존 스탁론 이용이 어려웠던 투자자들은 위한 DSR 무관 상품도 취급 중이다. 이 상품도 투자자들의 깊은 관심을 받으며 업계 최초로 5,000억원을 돌파했다.<하이스탁론>의 새로운 상품에 대해 자세히 알고 싶은 투자자는 고객상담센터(1599-0313)로 연락하면 대출 여부와 상관없이 24시간 언제든 전문상담원과 편리한 상담이 가능하다.○ 연 4%대 업계 최저금리 상품 출시○ DSR 무관 상품 취급 중 (업계 최초 5,000억 돌파)○ 21년 연속 시장 점유율 1위, 16년 연속 대한민국퍼스트브랜드 대상○ 증권사 신용/미수 실시간 상환, 한종목 100% 집중 투자○ 믿을 수 있는 상담품질보증제※하이스탁론상담센터 : 1599-0313바로가기:https://www.hisl.co.kr/0313◆ 현 시각 관심종목 Top 10 : 셀트리온, 알테오젠, 에이비엘바이오, 대명에너지, 레인보우로보틱스, 한화에어로스페이스, 콜마홀딩스, 샌즈랩, 삼륭물산, 엠에스씨무료상담",https://www.hankyung.com/article/202505231805a,2025.05.26 10:40
고금리 OUT! 증권사 신용대출 3%대로 전환하는 방법,,"전송종목 : 샘표식품, 와이엠티, 펌텍코리아, 샘씨엔에스, 미래반도체최근 주식 투자자들 사이에서 주식대출(미수/신용융자 등)의 고금리에 대한 부담이 커지고 있다.특히 저금리를 적용 받고 싶어도, 기존 대출을 상환하고 다시 주식을 매수해야 하는 번거로운 절차와 자금 조달의 어려움이 발목을 잡고 있다.이런 현실적인 문제를 해결하고자, 무빙스탁이 ‘증권사 신용, 대환자금대출’ 서비스를 전격 출시했다.이 상품은 주식을 매도하지 않고도, 기존의 고금리의 주식대출(미수/신용융자 등)의 3%대의 혁신적인 저금리 증권사로 전환할 수 있도록 상환자금을 제공하는 것이 핵심이다.무빙스탁 관계자는 “현재 증권사 이벤트 금리는 연 3%대 수준으로, 기존 9~10%대 고금리를 적용받는 투자자라면 절감 효과가 상당하다”며, 금리를 5%만 낮추면 “1억원 신용대출 기준으로 연간 약 500만원, 3억원이라면 1,500만원까지도 절약할 수 있다”고 밝혔다.더 놀라운 점은, 현재는 이벤트 기간으로 대환자금대출 신청시 발생하는 이자 비용까지 ‘0원’이라는 사실이다. 대환자금에 대해서 하루의 대출이자도 부담하지 않고 기존 고금리 대출을 저금리로 전환할 수 있어, 고금리 부담에 시달리던 투자자들에게 큰 호응을 얻을 전망이다.이 서비스는 부동산 시장에서 흔히 이용되던 대환대출 개념을 증권시장에 도입한 혁신적인 시도로, 주식 투자자들의 자금 운용에 새로운 대안을 제시할 것으로 기대된다.무빙스탁 ‘증권사 신용, 대환자금대출’의 비용 무료 이벤트는 이벤트 기간 동안 한정적으로 제공되는 만큼, 신용융자를 이용 중인 투자자라면 지금 바로 확인해볼 필요가 있다.★ 장마감 시간이 가까워질수록 문의가 많아 상담이 지연될 수 있습니다.★ 7월 문의하신 고객들이 많이 보유하신 종목으로는 삼성전자, POSCO홀딩스, 셀트리온, 포스코퓨처엠, 에코프로비엠, NAVER, 에코프로, 삼성SDI, LG화학, SK하이닉스, 두산에너빌리티, 카카오, SK이노베이션, LG에너지솔루션, 엘앤에프, 삼천당제약, 현대차, 알테오젠, HPSP, LG전자 등이 있습니다.★ 안내사항과도한 빚은 당신에게 큰 불행을 안겨줄 수 있습니다. 대출 시 신용등급 하락으로 다른 금융거래가 제약받을 수 있습니다. 중개수수료를 요구하거나 받는 것은 불법입니다.상호명: ㈜단비대부 2021-서울영등포-2102(대부업) | TEL: 1544-4886 | 대출금리: 연 20%이내(연체금리는 약정금리+3%p이내, 최대 연 20%이내) | 단, 2021. 7. 7.부터 신규체결, 갱신, 연장되는 계약에 한함 | 채무의 조기상환 조건 및 부대비용 없음. (단, 신용조회비용 및 담보권설정비용 있음), 이자 외 별도로 중개수수료를 요구하거나 수취하는 것은 불법입니다. | 대표이사: 박동원 | 사업자등록번호: 274-86-00231 | 등록기관명칭: 서울 영등포구청(담당부서: 일자리경제과, 02-2670-3420) | 소재지 : 서울 영등포구 여의대방로67길 11, 5층 517호 | 개인정보관리자메일: help@danbifund.co.kr무료상담",https://www.hankyung.com/article/202507047511a,2025.07.04 08:53
합리적 투자 필수! 증권사 신용대출 3%대 전환으로 이자 절감,,"전송종목 : 두산로보틱스, OCI, 이수스페셜티케미컬, 한화비전, 경방최근 주식 투자자들 사이에서 주식대출(미수/신용융자 등)의 고금리에 대한 부담이 커지고 있다.특히 저금리를 적용 받고 싶어도, 기존 대출을 상환하고 다시 주식을 매수해야 하는 번거로운 절차와 자금 조달의 어려움이 발목을 잡고 있다.이런 현실적인 문제를 해결하고자, 무빙스탁이 ‘증권사 신용, 대환자금대출’ 서비스를 전격 출시했다.이 상품은 주식을 매도하지 않고도, 기존의 고금리의 주식대출(미수/신용융자 등)의 3%대의 혁신적인 저금리 증권사로 전환할 수 있도록 상환자금을 제공하는 것이 핵심이다.무빙스탁 관계자는 “현재 증권사 이벤트 금리는 연 3%대 수준으로, 기존 9~10%대 고금리를 적용받는 투자자라면 절감 효과가 상당하다”며, 금리를 5%만 낮추면 “1억원 신용대출 기준으로 연간 약 500만원, 3억원이라면 1,500만원까지도 절약할 수 있다”고 밝혔다.더 놀라운 점은, 현재는 이벤트 기간으로 대환자금대출 신청시 발생하는 이자 비용까지 ‘0원’이라는 사실이다. 대환자금에 대해서 하루의 대출이자도 부담하지 않고 기존 고금리 대출을 저금리로 전환할 수 있어, 고금리 부담에 시달리던 투자자들에게 큰 호응을 얻을 전망이다.이 서비스는 부동산 시장에서 흔히 이용되던 대환대출 개념을 증권시장에 도입한 혁신적인 시도로, 주식 투자자들의 자금 운용에 새로운 대안을 제시할 것으로 기대된다.무빙스탁 ‘증권사 신용, 대환자금대출’의 비용 무료 이벤트는 이벤트 기간 동안 한정적으로 제공되는 만큼, 신용융자를 이용 중인 투자자라면 지금 바로 확인해볼 필요가 있다.★ 장마감 시간이 가까워질수록 문의가 많아 상담이 지연될 수 있습니다.★ 7월 문의하신 고객들이 많이 보유하신 종목으로는 삼성전자, POSCO홀딩스, 셀트리온, 포스코퓨처엠, 에코프로비엠, NAVER, 에코프로, 삼성SDI, LG화학, SK하이닉스, 두산에너빌리티, 카카오, SK이노베이션, LG에너지솔루션, 엘앤에프, 삼천당제약, 현대차, 알테오젠, HPSP, LG전자 등이 있습니다.★ 안내사항과도한 빚은 당신에게 큰 불행을 안겨줄 수 있습니다. 대출 시 신용등급 하락으로 다른 금융거래가 제약받을 수 있습니다. 중개수수료를 요구하거나 받는 것은 불법입니다.상호명: ㈜단비대부 2021-서울영등포-2102(대부업) | TEL: 1544-4886 | 대출금리: 연 20%이내(연체금리는 약정금리+3%p이내, 최대 연 20%이내) | 단, 2021. 7. 7.부터 신규체결, 갱신, 연장되는 계약에 한함 | 채무의 조기상환 조건 및 부대비용 없음. (단, 신용조회비용 및 담보권설정비용 있음), 이자 외 별도로 중개수수료를 요구하거나 수취하는 것은 불법입니다. | 대표이사: 박동원 | 사업자등록번호: 274-86-00231 | 등록기관명칭: 서울 영등포구청(담당부서: 일자리경제과, 02-2670-3420) | 소재지 : 서울 영등포구 여의대방로67길 11, 5층 517호 | 개인정보관리자메일: help@danbifund.co.kr무료상담",https://www.hankyung.com/article/202507248239a,2025.07.24 10:48
신용미수 반대매매 간편하게 당일 해결! 업계 최저 연 4%대 금리로 갈아타기!,,"투자자들 사이에서 ‘스탁론’에 대한 관심이 높아지고 있다. 스탁론은 자기자본 포함 최대 4배까지 활용 가능하며 증권사 신용/미수 대환 용도로도 활용 가능해 대표적인 레버리지 수단으로 자리잡은 상태다.그러나 DSR 한도가 스탁론에도 적용된 후 다른 대출, 소득 증빙 문제로 예전처럼 이용하기 어려워졌다. 이와 함께 높아진 금리도 스탁론 이용을 망설이게 만든 원인으로 꼽힌다.그러나 해결책은 있다. 21년 연속 스탁론 업계 1위를 지키고 있는 하이스탁론이 DSR 무관하게 이용할 수 있는 상품은 물론 연 4%대 최저금리로 이용 가능한 상품까지 취급하며 선택의 폭을 넓힌 것이다.




 

◆ 하이스탁론, 연 4%대 업계 최저금리로 추가 투자금은 물론 신용미수 대환까지!<하이스탁론>에서 누구나 부담 없이 스탁론을 경험할 수 있도록 연 4%대 최저금리 상품을 출시했다. 주식매입 용도는 물론 증권사 미수/신용 대환도 가능하며 신용등급 차등 없이 자기자본 포함 최대 4배까지 활용할 수 있다.이와 함께 DSR 한도 때문에 기존 스탁론 이용이 어려웠던 투자자들은 위한 DSR 무관 상품도 취급 중이다. 이 상품도 투자자들의 깊은 관심을 받으며 업계 최초로 5,000억원을 돌파했다.<하이스탁론>의 새로운 상품에 대해 자세히 알고 싶은 투자자는 고객상담센터(1599-0313)로 연락하면 대출 여부와 상관없이 24시간 언제든 전문상담원과 편리한 상담이 가능하다.○ 연 4%대 업계 최저금리 상품 출시○ DSR 무관 상품 취급 중 (업계 최초 5,000억 돌파)○ 21년 연속 시장 점유율 1위, 16년 연속 대한민국퍼스트브랜드 대상○ 증권사 신용/미수 실시간 상환, 한종목 100% 집중 투자○ 믿을 수 있는 상담품질보증제※하이스탁론상담센터 : 1599-0313바로가기:https://www.hisl.co.kr/0313◆ 현 시각 관심종목 Top 10 : 셀트리온, 알테오젠, 한미반도체, 현대차, 카카오, 세진중공업, 피아이이, 램테크놀러지, 그린생명과학, 온코크로스무료상담",https://www.hankyung.com/article/202506029455a,2025.06.02 13:15
"주식 매도 없이 신용이자 연 1,500만 원 줄이는 비법",,"전송종목 : 셀트리온, TKG휴켐스, 대웅제약, 현대백화점, 한국금융지주최근 주식 투자자들 사이에서 주식대출(미수/신용융자 등)의 고금리에 대한 부담이 커지고 있다.특히 저금리를 적용 받고 싶어도, 기존 대출을 상환하고 다시 주식을 매수해야 하는 번거로운 절차와 자금 조달의 어려움이 발목을 잡고 있다.이런 현실적인 문제를 해결하고자, 무빙스탁이 ‘증권사 신용, 대환자금대출’ 서비스를 전격 출시했다.이 상품은 주식을 매도하지 않고도, 기존의 고금리의 주식대출(미수/신용융자 등)의 3%대의 혁신적인 저금리 증권사로 전환할 수 있도록 상환자금을 제공하는 것이 핵심이다.무빙스탁 관계자는 “현재 증권사 이벤트 금리는 연 3%대 수준으로, 기존 9~10%대 고금리를 적용받는 투자자라면 절감 효과가 상당하다”며, 금리를 5%만 낮추면 “1억원 신용대출 기준으로 연간 약 500만원, 3억원이라면 1,500만원까지도 절약할 수 있다”고 밝혔다.더 놀라운 점은, 현재는 이벤트 기간으로 대환자금대출 신청시 발생하는 이자 비용까지 ‘0원’이라는 사실이다. 대환자금에 대해서 하루의 대출이자도 부담하지 않고 기존 고금리 대출을 저금리로 전환할 수 있어, 고금리 부담에 시달리던 투자자들에게 큰 호응을 얻을 전망이다.이 서비스는 부동산 시장에서 흔히 이용되던 대환대출 개념을 증권시장에 도입한 혁신적인 시도로, 주식 투자자들의 자금 운용에 새로운 대안을 제시할 것으로 기대된다.무빙스탁 ‘증권사 신용, 대환자금대출’의 비용 무료 이벤트는 이벤트 기간 동안 한정적으로 제공되는 만큼, 신용융자를 이용 중인 투자자라면 지금 바로 확인해볼 필요가 있다.★ 장마감 시간이 가까워질수록 문의가 많아 상담이 지연될 수 있습니다.★ 7월 문의하신 고객들이 많이 보유하신 종목으로는 삼성전자, POSCO홀딩스, 셀트리온, 포스코퓨처엠, 에코프로비엠, NAVER, 에코프로, 삼성SDI, LG화학, SK하이닉스, 두산에너빌리티, 카카오, SK이노베이션, LG에너지솔루션, 엘앤에프, 삼천당제약, 현대차, 알테오젠, HPSP, LG전자 등이 있습니다.★ 안내사항과도한 빚은 당신에게 큰 불행을 안겨줄 수 있습니다. 대출 시 신용등급 하락으로 다른 금융거래가 제약받을 수 있습니다. 중개수수료를 요구하거나 받는 것은 불법입니다.상호명: ㈜단비대부 2021-서울영등포-2102(대부업) | TEL: 1544-4886 | 대출금리: 연 20%이내(연체금리는 약정금리+3%p이내, 최대 연 20%이내) | 단, 2021. 7. 7.부터 신규체결, 갱신, 연장되는 계약에 한함 | 채무의 조기상환 조건 및 부대비용 없음. (단, 신용조회비용 및 담보권설정비용 있음), 이자 외 별도로 중개수수료를 요구하거나 수취하는 것은 불법입니다. | 대표이사: 박동원 | 사업자등록번호: 274-86-00231 | 등록기관명칭: 서울 영등포구청(담당부서: 일자리경제과, 02-2670-3420) | 소재지 : 서울 영등포구 여의대방로67길 11, 5층 517호 | 개인정보관리자메일: help@danbifund.co.kr무료상담",https://www.hankyung.com/article/202507083738a,2025.07.08 10:48
이자 폭탄 막자! 증권사 신용대출 3%대 전환으로 절약하는 법,,"전송종목 : 하이트진로, 유한양행, CJ대한통운, 두산, DL최근 주식 투자자들 사이에서 주식대출(미수/신용융자 등)의 고금리에 대한 부담이 커지고 있다.특히 저금리를 적용 받고 싶어도, 기존 대출을 상환하고 다시 주식을 매수해야 하는 번거로운 절차와 자금 조달의 어려움이 발목을 잡고 있다.이런 현실적인 문제를 해결하고자, 무빙스탁이 ‘증권사 신용, 대환자금대출’ 서비스를 전격 출시했다.이 상품은 주식을 매도하지 않고도, 기존의 고금리의 주식대출(미수/신용융자 등)의 3%대의 혁신적인 저금리 증권사로 전환할 수 있도록 상환자금을 제공하는 것이 핵심이다.무빙스탁 관계자는 “현재 증권사 이벤트 금리는 연 3%대 수준으로, 기존 9~10%대 고금리를 적용받는 투자자라면 절감 효과가 상당하다”며, 금리를 5%만 낮추면 “1억원 신용대출 기준으로 연간 약 500만원, 3억원이라면 1,500만원까지도 절약할 수 있다”고 밝혔다.더 놀라운 점은, 현재는 이벤트 기간으로 대환자금대출 신청시 발생하는 이자 비용까지 ‘0원’이라는 사실이다. 대환자금에 대해서 하루의 대출이자도 부담하지 않고 기존 고금리 대출을 저금리로 전환할 수 있어, 고금리 부담에 시달리던 투자자들에게 큰 호응을 얻을 전망이다.이 서비스는 부동산 시장에서 흔히 이용되던 대환대출 개념을 증권시장에 도입한 혁신적인 시도로, 주식 투자자들의 자금 운용에 새로운 대안을 제시할 것으로 기대된다.무빙스탁 ‘증권사 신용, 대환자금대출’의 비용 무료 이벤트는 이벤트 기간 동안 한정적으로 제공되는 만큼, 신용융자를 이용 중인 투자자라면 지금 바로 확인해볼 필요가 있다.★ 장마감 시간이 가까워질수록 문의가 많아 상담이 지연될 수 있습니다.★ 7월 문의하신 고객들이 많이 보유하신 종목으로는 삼성전자, POSCO홀딩스, 셀트리온, 포스코퓨처엠, 에코프로비엠, NAVER, 에코프로, 삼성SDI, LG화학, SK하이닉스, 두산에너빌리티, 카카오, SK이노베이션, LG에너지솔루션, 엘앤에프, 삼천당제약, 현대차, 알테오젠, HPSP, LG전자 등이 있습니다.★ 안내사항과도한 빚은 당신에게 큰 불행을 안겨줄 수 있습니다. 대출 시 신용등급 하락으로 다른 금융거래가 제약받을 수 있습니다. 중개수수료를 요구하거나 받는 것은 불법입니다.상호명: ㈜단비대부 2021-서울영등포-2102(대부업) | TEL: 1544-4886 | 대출금리: 연 20%이내(연체금리는 약정금리+3%p이내, 최대 연 20%이내) | 단, 2021. 7. 7.부터 신규체결, 갱신, 연장되는 계약에 한함 | 채무의 조기상환 조건 및 부대비용 없음. (단, 신용조회비용 및 담보권설정비용 있음), 이자 외 별도로 중개수수료를 요구하거나 수취하는 것은 불법입니다. | 대표이사: 박동원 | 사업자등록번호: 274-86-00231 | 등록기관명칭: 서울 영등포구청(담당부서: 일자리경제과, 02-2670-3420) | 소재지 : 서울 영등포구 여의대방로67길 11, 5층 517호 | 개인정보관리자메일: help@danbifund.co.kr무료상담",https://www.hankyung.com/article/202507071500a,2025.07.07 08:53
[투자운세] 5월28일(내일) 궁합이 맞는 종목은?,,"2025년 5월 28일 내일 관심가질 종목입니다1.쥐띠 : 시장분위기에 취하지 마라60년생 (엔켐, HPSP) 72년생 (에코프로머티, 에코프로) 84년생 (케어젠, 크래프톤)2.소띠 : 매도 종목의 움직임도 관찰하라61년생 (한진칼, 현대위아) 73년생 (이수페타시스, SOOP) 85년생 (씨에스윈드, SK하이닉스)3.호랑이띠 : 1%가 소문을 만들고 99%가 뒤를 쫓는다62년생 (키움증권, 현대차) 74년생 (대우건설, 삼성카드) 86년생 (LIG넥스원, 에스엘)4.토끼띠 : 모든 재료가 곧 바로 주가에 반영되지는 않는다63년생 (SK네트웍스, KB금융) 75년생 (신한지주, 대한전선) 87년생 (한화생명, 한화솔루션)5.용띠 : 대세는 오래가도 개별 종목시세는 짧다64년생 (고영, 한국금융지주) 76년생 (한국전력, CJ제일제당) 88년생 (기아, HL만도)6.뱀띠 : 오늘의 패자만이 내일의 승자가 될 수 있다65년생 (주성엔지니어링, 현대제철) 77년생 (현대엘리베이, 기업은행) 89년생 (현대건설, 휠라홀딩스)




 

7.말띠 : 밀물이 있으면 썰물이 있다66 년생 (오리온, 대웅) 78년생 (삼성생명, 한미반도체) 90년생 (한화에어로스페이스, GS건설)8.양띠 : 고독이 성공을 불러온다67년생 (한화시스템, JB금융지주) 79년생 (셀트리온, 한화오션) 91년생 (한미사이언스, 코리안리)9.원숭이띠 : 시세는 시세에 물어라68년생 (삼성바이오로직스, 삼성에스디에스) 80년생 (HD현대, 엘앤에프) 92년생 (한국항공우주, 한온시스템)10.닭띠 : 사슴을 쫓는 자는 토끼를 쳐다보지 마라69년생 (한샘, 메리츠금융지주) 81년생 (현대오토에버, LG전자) 93년생 (두산퓨얼셀, 넷마블)11.개띠 : 시세에 졸업이란 없다70년생 (카카오뱅크, 카카오페이) 82년생 (KT, 카카오) 94년생 (유한양행, 파크시스템스)12.돼지띠 : 사고싶은 약세. 팔고싶은 강세71년생 (BNK금융지주, NH투자증권) 83년생 (GS리테일, DB손해보험) 95년생 (에스원, 금호타이어)링크종목 – 한화에어로스페이스, LIG넥스원, 한화비전, 두산에너빌리티, 셀트리온무료상담",https://www.hankyung.com/article/202505277253a,2025.05.27 14:18
이자 부담 최소화! 증권사 신용대출 3%대로 바꾸는 절호의 기회,,"전송종목 : 한국앤컴퍼니, 기아, SK하이닉스, 현대건설, 삼성화재최근 주식 투자자들 사이에서 주식대출(미수/신용융자 등)의 고금리에 대한 부담이 커지고 있다.특히 저금리를 적용 받고 싶어도, 기존 대출을 상환하고 다시 주식을 매수해야 하는 번거로운 절차와 자금 조달의 어려움이 발목을 잡고 있다.이런 현실적인 문제를 해결하고자, 무빙스탁이 ‘증권사 신용, 대환자금대출’ 서비스를 전격 출시했다.이 상품은 주식을 매도하지 않고도, 기존의 고금리의 주식대출(미수/신용융자 등)의 3%대의 혁신적인 저금리 증권사로 전환할 수 있도록 상환자금을 제공하는 것이 핵심이다.무빙스탁 관계자는 “현재 증권사 이벤트 금리는 연 3%대 수준으로, 기존 9~10%대 고금리를 적용받는 투자자라면 절감 효과가 상당하다”며, 금리를 5%만 낮추면 “1억원 신용대출 기준으로 연간 약 500만원, 3억원이라면 1,500만원까지도 절약할 수 있다”고 밝혔다.더 놀라운 점은, 현재는 이벤트 기간으로 대환자금대출 신청시 발생하는 이자 비용까지 ‘0원’이라는 사실이다. 대환자금에 대해서 하루의 대출이자도 부담하지 않고 기존 고금리 대출을 저금리로 전환할 수 있어, 고금리 부담에 시달리던 투자자들에게 큰 호응을 얻을 전망이다.이 서비스는 부동산 시장에서 흔히 이용되던 대환대출 개념을 증권시장에 도입한 혁신적인 시도로, 주식 투자자들의 자금 운용에 새로운 대안을 제시할 것으로 기대된다.무빙스탁 ‘증권사 신용, 대환자금대출’의 비용 무료 이벤트는 이벤트 기간 동안 한정적으로 제공되는 만큼, 신용융자를 이용 중인 투자자라면 지금 바로 확인해볼 필요가 있다.★ 장마감 시간이 가까워질수록 문의가 많아 상담이 지연될 수 있습니다.★ 7월 문의하신 고객들이 많이 보유하신 종목으로는 삼성전자, POSCO홀딩스, 셀트리온, 포스코퓨처엠, 에코프로비엠, NAVER, 에코프로, 삼성SDI, LG화학, SK하이닉스, 두산에너빌리티, 카카오, SK이노베이션, LG에너지솔루션, 엘앤에프, 삼천당제약, 현대차, 알테오젠, HPSP, LG전자 등이 있습니다.★ 안내사항과도한 빚은 당신에게 큰 불행을 안겨줄 수 있습니다. 대출 시 신용등급 하락으로 다른 금융거래가 제약받을 수 있습니다. 중개수수료를 요구하거나 받는 것은 불법입니다.상호명: ㈜단비대부 2021-서울영등포-2102(대부업) | TEL: 1544-4886 | 대출금리: 연 20%이내(연체금리는 약정금리+3%p이내, 최대 연 20%이내) | 단, 2021. 7. 7.부터 신규체결, 갱신, 연장되는 계약에 한함 | 채무의 조기상환 조건 및 부대비용 없음. (단, 신용조회비용 및 담보권설정비용 있음), 이자 외 별도로 중개수수료를 요구하거나 수취하는 것은 불법입니다. | 대표이사: 박동원 | 사업자등록번호: 274-86-00231 | 등록기관명칭: 서울 영등포구청(담당부서: 일자리경제과, 02-2670-3420) | 소재지 : 서울 영등포구 여의대방로67길 11, 5층 517호 | 개인정보관리자메일: help@danbifund.co.kr무료상담",https://www.hankyung.com/article/202507185995a,2025.07.18 08:43
[투자운세] 5월27일(오늘) 궁합이 맞는 종목은?,,"2025년 5월 27일 오늘 관심가질 종목입니다1.쥐띠 : 모두가 비관할 때 바보처럼 사 두라60년생 (알테오젠, 메리츠금융지주) 72년생 (삼천당제약, 리가켐바이오) 84년생 (가온칩스, SK하이닉스)2.소띠 : 부피가 크다고 좋은 것은 아니다61년생 (삼성화재, 삼성생명) 73년생 (이수페타시스, 한올바이오파마) 85년생 (삼성증권, HLB)3.호랑이띠 : 주가는 옛집으로 간다62년생 (삼성물산, 하나금융지주) 74년생 (미래에셋증권, 한국금융지주) 86년생 (솔루엠, SK바이오팜)4.토끼띠 : 눈으로 강세를 보고 귀로 약세를 들어라63년생 (두산, 셀트리온제약) 75년생 (한화생명, 에스디바이오센서) 87년생 (NH투자증권, 키움증권)5.용띠 : 바닥은 깊고 천정은 짧다64년생 (LG, HLB생명과학) 76년생 (ISC, 유한양행) 88년생 (HD현대일렉트릭, SOOP)6.뱀띠 : 사고싶은 약세. 팔고싶은 강세65년생 (셀트리온, 포스코퓨처엠) 77년생 (한미반도체, 두산에너빌리티) 89년생 (JB금융지주, 클래시스)




 

7.말띠 : 머리와 손은 함께 움직여라66 년생 (한전KPS, 현대해상) 78년생 (iM금융지주, SK바이오사이언스) 90년생 (종근당, 케어젠)8.양띠 : 손해 본 후에는 쉬는 것이 상책67년생 (크래프톤, HD현대인프라코어) 79년생 (한미사이언스, 한전기술) 91년생 (신한지주, 우리금융지주)9.원숭이띠 : 장미를 원하는 사람은 가시를 염두에 두어야 한다68년생 (S-Oil, 에스티팜) 80년생 (휴젤, 대웅제약) 92년생 (SK, HMM)10.닭띠 : 성공과 실패의 원인을 분석하고 그것을 토대로 행동을 개선하라69년생 (KCC. LG전자) 81년생 (하이브, HPSP) 93년생 (한화, 대웅)11.개띠 : 사슴을 쫓는 자는 토끼를 쳐다보지 마라70년생 (BNK금융지주, 덴티움) 82년생 (티씨케이, GS건설) 94년생 (SK아이이테크놀로지, 현대백화점)12.돼지띠 : 조금만 더 조금만 더 하는 마음은 결국 손실의 연결고리가 된다71년생 (기업은행, 한국가스공사) 83년생 (영원무역, CJ제일제당) 95년생 (현대위아, POSCO홀딩스)링크종목 – 삼성중공업, 한화오션, 카카오, HD현대중공업, 현대로템무료상담",https://www.hankyung.com/article/202505277237a,2025.05.27 09:58
한경바이오인사이트 Vol.56 - 2025년 5월호,,"한경바이오인사이트 Vol.56 - 2025년 5월호 [MONTHLY FIGURES] 숫자로 보는 제약·바이오산업 주요 이슈와 트렌드 [BIO NEWS UP-TO-DATE] 국내 바이오산업 관련 소식 업데이트OPINION [김선진의 바이오 뷰] 제궤의혈(堤潰蟻穴)BIO INSIDE [김정현의 월드 인사이트] 특허만료 이후 기로에 선 자가면역질환 치료제 시장, 승자는 누구인가COVER STORY [COVER STORY - Intro] Gotcha! 암세포 저격수, T세포 인게이저 [COVER STORY - WHY] ‘항암 면역의 새 방향’ T세포 인게이저는 왜 필요한가? [COVER STORY - HOW TO] T세포 인게이저의 항암 작용기전 [COVER STORY - PLATFORM] 다양한 T세포 인게이저 플랫폼 [COVER STORY - STRATEGY] T세포 인게이저 효능 강화 전략 [COVER STORY - MARKET] 차세대 항암제 모달리티로 떠오른 T세포 인게이저 [COVER STORY - COMPANY ❶] 에이비엘바이오 “독성 이슈 잡은 4-1BB 이중항체로 암 정복… BBB 셔틀은 추가 기술이전 기대” [COVER STORY - COMPANY ❷] 와이바이오로직스 “T세포 인게이저에서 찾은 새로운 성장동력” [COVER STORY - COMPANY ❸] 셀트리온 투자받은 싸이런테라퓨틱스의 경쟁력은?COMPANY [애널리스트가 만난 CEO] 한올바이오파마 “10초 자가투여 주사제로 200조원 자가면역질환 시장 공략” 인벤티지랩, 큐라티스 공장 인수로 퀀텀점프 노린다 [핫 컴퍼니] 큐리옥스 “세포 ‘세척’부터 ‘배양’도 자동화, 글로벌 시장 확대 가속화” [핫 컴퍼니] 미국 이어 인도에서 일감 확보한 마이크로디지탈 [유망 기업] 리가켐 창업자가 차린 인투셀 “시젠보다 우수한 기술력으로 ADC 독성 문제 해결” [스타트업] AI가 위암 침습 깊이까지 판별… 웨이센 “내시경 AI 소프트웨어 글로벌 리더 될 것” [스타트업] 필드큐어 “전기장으로 암 치료 혁신… 전자약 판도 바꾸겠다” [스타트업] 에비드넷 ""병원마다 쌓인 의료 빅데이터 플랫폼 구축…신약개발·의료 패러다임 바꾼다"" [파이프라인 집중분석] 프로젠, 차세대 비만 치료제 PG-102 “월 1회 주사제와 주 1회 경구용 모두 가능” [K바이오 뉴프런티어] 뉴로벤티 “자폐 신약 세계 최초 개발 도전… 사회성 질환 치료제 시장 주도할 것”ISSUE & PEOPLE [이달의 논문 리뷰] ADC 연구의 최신 동향 [임상명의를 찾아서] 이지영 서울시보라매병원 신경과 교수 “다양한 임상 경험이 국내 제약·바이오 산업 발전 밑거름 될 것”INVESTMENT [이달의 추천종목] 삼성바이오로직스, 아스테라시스, 그리고 에스티팜 [종목 분석] 킵스파마, 5년 만에 완성된 성장의 큰 그림 [이달의 IPO] 이뮨온시아, GC지놈 [투자 라운지] 써미트 “韓 제약·중견기업, 美 바이오 지분 투자로 신성장 동력 확보해야” [투자 라운지] 美 최대 바이오 VC 아치벤처파트너스 ""유행 따라 투자 안 해…상장 후 끝까지 지원""GLOBAL [해외 바이오 기업] 중국의 글로벌 빅파마 ‘베이진’, 미국을 뚫은 블록버스터 탄생 [글로벌 현장을 가다] AI로 의사 편의성 확대, 中기업 공격 마케팅 눈에 띈 유럽소화기내시경학회 [구영권의 글로벌 바이오헬스케어 투자 브리핑] 의료기기 분야 투자 제약·바이오 추월, 유럽과 아시아 헬스케어 기업 ‘약진’ [해외 통신원 리포트] 美 관세 정책이 중국 제약·생명공학 산업에 미치는 영향 [해외 통신원 리포트] 암 간질 표적의 새로운 암 치료, 일본서 최초의 임상시험 시작 [한상춘의 세계경제 읽기] 트럼프식 고립주의, ‘돈로(DonRoe) 독트린’… 관세 전쟁, 환율 전쟁으로 번지나?CONSULTING [이여원 변호사의 법률 스터디] 성과조건부주식 제도의 도입과 활용- 바이오텍을 위한 전략적 접근 [바이오 CFO 길라잡이] 제약·바이오 기업의 개발비 회계처리 현황 및 시사점",https://www.hankyung.com/article/202506195428i,2025.06.19 15:27
"추가 투자금, 신용미수 대환 자금을 신청 당일 즉시! DSR 무관!",,"DSR 한도가 ‘스탁론’에도 적용된 후 투자자들의 고민이 날로 깊어지고 있다. 기존 대출이 많거나 소득 증빙이 어려울 경우 예전처럼 손쉽게 스탁론을 활용하기가 어려워졌기 때문이다. 예전보다 높아진 금리로 스탁론 이용을 부담스럽게 만들고 있다.이런 상황에서 올뉴스탁론이 구원투수로 나섰다. DSR 무관 누구나 이용 가능한 스탁론 상품은 물론 연 4%대 업계 최저금리로 이용 가능한 상품을 함께 선보이며 투자자들의 선택지를 넓힌 것이다.




 

◆ 올뉴스탁론, DSR 무관 상품에 연 4%대 최저금리 상품으로 다양한 선택지를!올뉴스탁론에서 투자자들 누구나 부담 없이 스탁론을 경험할 수 있도록 연 4%대 업계 최저금리로 이용 가능한 증권 연계신용 상품을 출시했다. 주식매입은 물론 증권사 미수/신용 대환 모두 가능하며 신용등급 차등 없이 자기 자본 포함 최대 4배까지 활용할 수 있다.이와 함께 DSR 한도 때문에 기존 스탁론 활용이 어려웠던 투자자들을 위한 DSR 무관 상품도 취급 중이다. 이 상품도 투자자들의 깊은 관심을 받으며 업계 최초 5,000억원을 돌파한 바 있다.올뉴스탁론에 대해 자세히 알고 싶은 투자자는 고객상담센터(☎1599-8666)로 연락하면 대출 여부와 무관하게 언제든 전문상담원과 편리하게 상담할 수 있다.○ 보유하고 있는 대출액이나 소득 무관하게! (DSR 무관)○ 최대 4배 주식자금 활용 가능! (본인 자금 포함)○ 증권 신용/미수 당일 즉시 대환 가능!○ 기존 증권사 신용, 스탁론으로 매수가 어려웠던 종목도 OK!※ 올뉴스탁론 고객상담센터 : 1599-8666바로가기 : https://allnewstockloan.co.kr?agency=HTS◆ 현 시각 관심종목 Top 10 : 셀트리온, 알테오젠, 한미반도체, 현대차, 카카오, 세진중공업, 피아이이, 램테크놀러지, 그린생명과학, 케이씨티무료상담",https://www.hankyung.com/article/202505280985a,2025.05.29 10:25
부자네스탁론으로 증권사보다 더 큰 4배 레버리지 투자 가능!,,"부자네스탁론이 새롭게 선보인 스탁론 상품이 투자자들 사이에서 화제를 모으고 있다. 해당 상품은 본인자산포함 4배로 투자 가능, 담보유지비율 120%의 유연한 조건과 다양한 투자 솔루션을 앞세워 증권사 신용, 담보대출 대비 높은 활용도를 자랑한다.일반적으로 증권사 신용융자에 비해 더 높은 레버리지와 더 낮은 담보유지비율을 제공하는 스탁론은, 투자 고수들 사이에서 이미 널리 알려진 수단이다. 부자네스탁론은 여기에 더해 미수금이나 반대매매 위험을 해결해주는 대환대출 상품, 투자 기회를 살리고 싶어하는 전략적 투자자들을 위한 다양한 서비스를 제공한다.또한 신용, 주식담보대출 이용불가 종목, 총부채원리금상환비율(D.S.R) 같은 규제 이슈로 제약을 받아온 투자자들에게도 계좌 평가금액 기준으로 맞춤형 대출이 가능하도록 설계되어 실질적인 해결책이 되고 있다.부자네스탁론은 “고객 한 명 한 명의 투자 상황에 맞춰 최적의 대출 방법을 제공하고 있다”며, “강화된 금융 규제 환경 속에서도 투자자들의 기회를 넓히는 데 최선을 다하겠다”고 밝혔다.-스탁론 D.S.R<총부채원리금상환비율> 고강도 규제에도! 문제없는 부자네스탁론!– 소득 낮고 기존 대출금액 많아도 계좌평가금액에 비례해서 대출가능!– 본인자산 포함 4배끼지 투자 가능!▶머니투데이 부자네스탁론① 5년 고정금리로 금리인상 걱정없이 운용 가능② 자기자본포함 최대 4배까지 레버리지 투자 가능③ 매수가능종목 100% 집중투자가능 (코스닥, 시가총액, 포트폴리오비율상관없이)④ 스탁론 전종목 1:1 매수상담문의 → 수익극대화⑤ 반대매도 임박 / 추가입금이 힘들다면? → 1:1 로스컷 전문상담⑥ D.S.R과 신용등급 낮.아.도 문제없이 매입/대환까지 가능!⑦ 위 혜택을 4%대의 저금리로 이용 가능!★ D.S.R비율, 신용등급 무관 저금리 부자네스탁 AM8:00~PM4:00 ☎1577-5852★ AM 8:00 부터 선착순 예약접수 http://www.bujane.co.kr/7월 고객들의 문의가 많은 종목은 기아, NAVER, 두산에너빌리티, 셀트리온, 한화에어로스페이스 등이 있다.무료상담",https://www.hankyung.com/article/202507173374a,2025.07.17 09:23
"[글로벌 현장을 가다] 돌아온 中, 미국은 ‘바이오 생태계’개선 나서",,,https://www.hankyung.com/article/202506309824i,2025.07.01 09:57
"증권사 신용대출, 3%대 금리로 바꾸는 가장 쉬운 방법",,"전송종목 : 태경비케이, 성광벤드, 유니드, 오리엔탈정공, 대창단조최근 주식 투자자들 사이에서 주식대출(미수/신용융자 등)의 고금리에 대한 부담이 커지고 있다.특히 저금리를 적용 받고 싶어도, 기존 대출을 상환하고 다시 주식을 매수해야 하는 번거로운 절차와 자금 조달의 어려움이 발목을 잡고 있다.이런 현실적인 문제를 해결하고자, 무빙스탁이 ‘증권사 신용, 대환자금대출’ 서비스를 전격 출시했다.이 상품은 주식을 매도하지 않고도, 기존의 고금리의 주식대출(미수/신용융자 등)의 3%대의 혁신적인 저금리 증권사로 전환할 수 있도록 상환자금을 제공하는 것이 핵심이다.무빙스탁 관계자는 “현재 증권사 이벤트 금리는 연 3%대 수준으로, 기존 9~10%대 고금리를 적용받는 투자자라면 절감 효과가 상당하다”며, 금리를 5%만 낮추면 “1억원 신용대출 기준으로 연간 약 500만원, 3억원이라면 1,500만원까지도 절약할 수 있다”고 밝혔다.더 놀라운 점은, 현재는 이벤트 기간으로 대환자금대출 신청시 발생하는 이자 비용까지 ‘0원’이라는 사실이다. 대환자금에 대해서 하루의 대출이자도 부담하지 않고 기존 고금리 대출을 저금리로 전환할 수 있어, 고금리 부담에 시달리던 투자자들에게 큰 호응을 얻을 전망이다.이 서비스는 부동산 시장에서 흔히 이용되던 대환대출 개념을 증권시장에 도입한 혁신적인 시도로, 주식 투자자들의 자금 운용에 새로운 대안을 제시할 것으로 기대된다.무빙스탁 ‘증권사 신용, 대환자금대출’의 비용 무료 이벤트는 이벤트 기간 동안 한정적으로 제공되는 만큼, 신용융자를 이용 중인 투자자라면 지금 바로 확인해볼 필요가 있다.★ 장마감 시간이 가까워질수록 문의가 많아 상담이 지연될 수 있습니다.★ 7월 문의하신 고객들이 많이 보유하신 종목으로는 삼성전자, POSCO홀딩스, 셀트리온, 포스코퓨처엠, 에코프로비엠, NAVER, 에코프로, 삼성SDI, LG화학, SK하이닉스, 두산에너빌리티, 카카오, SK이노베이션, LG에너지솔루션, 엘앤에프, 삼천당제약, 현대차, 알테오젠, HPSP, LG전자 등이 있습니다.★ 안내사항과도한 빚은 당신에게 큰 불행을 안겨줄 수 있습니다. 대출 시 신용등급 하락으로 다른 금융거래가 제약받을 수 있습니다. 중개수수료를 요구하거나 받는 것은 불법입니다.상호명: ㈜단비대부 2021-서울영등포-2102(대부업) | TEL: 1544-4886 | 대출금리: 연 20%이내(연체금리는 약정금리+3%p이내, 최대 연 20%이내) | 단, 2021. 7. 7.부터 신규체결, 갱신, 연장되는 계약에 한함 | 채무의 조기상환 조건 및 부대비용 없음. (단, 신용조회비용 및 담보권설정비용 있음), 이자 외 별도로 중개수수료를 요구하거나 수취하는 것은 불법입니다. | 대표이사: 박동원 | 사업자등록번호: 274-86-00231 | 등록기관명칭: 서울 영등포구청(담당부서: 일자리경제과, 02-2670-3420) | 소재지 : 서울 영등포구 여의대방로67길 11, 5층 517호 | 개인정보관리자메일: help@danbifund.co.kr무료상담",https://www.hankyung.com/article/202507111582a,2025.07.11 08:33
[투자운세] 5월27일(내일) 궁합이 맞는 종목은?,,"2025년 5월 27일 내일 관심가질 종목입니다1.쥐띠 : 모두가 비관할 때 바보처럼 사 두라60년생 (알테오젠, 메리츠금융지주) 72년생 (삼천당제약, 리가켐바이오) 84년생 (가온칩스, SK하이닉스)2.소띠 : 부피가 크다고 좋은 것은 아니다61년생 (삼성화재, 삼성생명) 73년생 (이수페타시스, 한올바이오파마) 85년생 (삼성증권, HLB)3.호랑이띠 : 주가는 옛집으로 간다62년생 (삼성물산, 하나금융지주) 74년생 (미래에셋증권, 한국금융지주) 86년생 (솔루엠, SK바이오팜)4.토끼띠 : 눈으로 강세를 보고 귀로 약세를 들어라63년생 (두산, 셀트리온제약) 75년생 (한화생명, 에스디바이오센서) 87년생 (NH투자증권, 키움증권)5.용띠 : 바닥은 깊고 천정은 짧다64년생 (LG, HLB생명과학) 76년생 (ISC, 유한양행) 88년생 (HD현대일렉트릭, SOOP)6.뱀띠 : 사고싶은 약세. 팔고싶은 강세65년생 (셀트리온, 포스코퓨처엠) 77년생 (한미반도체, 두산에너빌리티) 89년생 (JB금융지주, 클래시스)




 

7.말띠 : 머리와 손은 함께 움직여라66 년생 (한전KPS, 현대해상) 78년생 (iM금융지주, SK바이오사이언스) 90년생 (종근당, 케어젠)8.양띠 : 손해 본 후에는 쉬는 것이 상책67년생 (크래프톤, HD현대인프라코어) 79년생 (한미사이언스, 한전기술) 91년생 (신한지주, 우리금융지주)9.원숭이띠 : 장미를 원하는 사람은 가시를 염두에 두어야 한다68년생 (S-Oil, 에스티팜) 80년생 (휴젤, 대웅제약) 92년생 (SK, HMM)10.닭띠 : 성공과 실패의 원인을 분석하고 그것을 토대로 행동을 개선하라69년생 (KCC. LG전자) 81년생 (하이브, HPSP) 93년생 (한화, 대웅)11.개띠 : 사슴을 쫓는 자는 토끼를 쳐다보지 마라70년생 (BNK금융지주, 덴티움) 82년생 (티씨케이, GS건설) 94년생 (SK아이이테크놀로지, 현대백화점)12.돼지띠 : 조금만 더 조금만 더 하는 마음은 결국 손실의 연결고리가 된다71년생 (기업은행, 한국가스공사) 83년생 (영원무역, CJ제일제당) 95년생 (현대위아, POSCO홀딩스)링크종목 – 인투셀, 형지I&C, 형지글로벌, 형지엘리트, 위더스제약무료상담",https://www.hankyung.com/article/202505264716a,2025.05.26 14:18
고금리 이자 폭탄 피하는 법! 증권사 대출 3%대로 줄이기,,"전송종목 : HD현대, HD현대일렉트릭, HD현대건설기계, 오리온, 일진하이솔루스최근 주식 투자자들 사이에서 주식대출(미수/신용융자 등)의 고금리에 대한 부담이 커지고 있다.특히 저금리를 적용 받고 싶어도, 기존 대출을 상환하고 다시 주식을 매수해야 하는 번거로운 절차와 자금 조달의 어려움이 발목을 잡고 있다.이런 현실적인 문제를 해결하고자, 무빙스탁이 ‘증권사 신용, 대환자금대출’ 서비스를 전격 출시했다.이 상품은 주식을 매도하지 않고도, 기존의 고금리의 주식대출(미수/신용융자 등)의 3%대의 혁신적인 저금리 증권사로 전환할 수 있도록 상환자금을 제공하는 것이 핵심이다.무빙스탁 관계자는 “현재 증권사 이벤트 금리는 연 3%대 수준으로, 기존 9~10%대 고금리를 적용받는 투자자라면 절감 효과가 상당하다”며, 금리를 5%만 낮추면 “1억원 신용대출 기준으로 연간 약 500만원, 3억원이라면 1,500만원까지도 절약할 수 있다”고 밝혔다.더 놀라운 점은, 현재는 이벤트 기간으로 대환자금대출 신청시 발생하는 이자 비용까지 ‘0원’이라는 사실이다. 대환자금에 대해서 하루의 대출이자도 부담하지 않고 기존 고금리 대출을 저금리로 전환할 수 있어, 고금리 부담에 시달리던 투자자들에게 큰 호응을 얻을 전망이다.이 서비스는 부동산 시장에서 흔히 이용되던 대환대출 개념을 증권시장에 도입한 혁신적인 시도로, 주식 투자자들의 자금 운용에 새로운 대안을 제시할 것으로 기대된다.무빙스탁 ‘증권사 신용, 대환자금대출’의 비용 무료 이벤트는 이벤트 기간 동안 한정적으로 제공되는 만큼, 신용융자를 이용 중인 투자자라면 지금 바로 확인해볼 필요가 있다.★ 장마감 시간이 가까워질수록 문의가 많아 상담이 지연될 수 있습니다.★ 7월 문의하신 고객들이 많이 보유하신 종목으로는 삼성전자, POSCO홀딩스, 셀트리온, 포스코퓨처엠, 에코프로비엠, NAVER, 에코프로, 삼성SDI, LG화학, SK하이닉스, 두산에너빌리티, 카카오, SK이노베이션, LG에너지솔루션, 엘앤에프, 삼천당제약, 현대차, 알테오젠, HPSP, LG전자 등이 있습니다.★ 안내사항과도한 빚은 당신에게 큰 불행을 안겨줄 수 있습니다. 대출 시 신용등급 하락으로 다른 금융거래가 제약받을 수 있습니다. 중개수수료를 요구하거나 받는 것은 불법입니다.상호명: ㈜단비대부 2021-서울영등포-2102(대부업) | TEL: 1544-4886 | 대출금리: 연 20%이내(연체금리는 약정금리+3%p이내, 최대 연 20%이내) | 단, 2021. 7. 7.부터 신규체결, 갱신, 연장되는 계약에 한함 | 채무의 조기상환 조건 및 부대비용 없음. (단, 신용조회비용 및 담보권설정비용 있음), 이자 외 별도로 중개수수료를 요구하거나 수취하는 것은 불법입니다. | 대표이사: 박동원 | 사업자등록번호: 274-86-00231 | 등록기관명칭: 서울 영등포구청(담당부서: 일자리경제과, 02-2670-3420) | 소재지 : 서울 영등포구 여의대방로67길 11, 5층 517호 | 개인정보관리자메일: help@danbifund.co.kr무료상담",https://www.hankyung.com/article/202507235750a,2025.07.23 14:23
미국 통상 리스크에 휘청이는 글로벌 채권시장…韓 채권은 견조,,"전 세계적으로 채권시장에 변화의 바람이 불고 있다. 2025년 6월, 아시아 지역 비(非)한국 채권에서 외국인 자금이 순유출 전환했으며, 이는 지정학적 긴장과 미국의 추가 관세 예고 탓으로 분석된다. 특히 인도네시아·말레이시아·태국·인도 등에서 대규모 자금이 빠져나갔지만, 그 와중에도 한국 채권은 5개월 연속 외국인 자금 유입(2025년 6월 26억8천만 달러 유입)이라는 이례적 흐름을 유지했다.한편, 미국발 관세 리스크가 글로벌 금융심리를 흔들고 있다. 도이체방크는 최근 “시장이 미국 연준의 정책 스탠스를 반복적으로 오판해 왔으며, 올해는 네 번째”라며, “8월로 예정된 관세 부과가 미·중 간 가격 압력과 공급망 혼란을 야기할 수 있다”고 경고했다. 실제로 미 의류·기술금속 등에 대한 관세 가능성은 미국 소비자물가 지수가 올해 들어 가장 가파르게 상승한 배경으로 작용했다.이처럼 글로벌 금리·무역·인플레 리스크가 겹치는 가운데, 최근 인도네시아 중앙은행은 기준금리를 25bp 인하하며 내수 부진과 무역 완화에 대응했으며 한국 중앙은행 역시 7월 10일 기준금리를 2.50%로 동결하면서 “미·중 관세 불확실성과 가계부채 부담 등 복합 리스크”를 고려하고 있다고 밝혔다.또한 FT는 “한국은행은 미국 관세 리스크와 서울 집값 급등이라는 이중 압박을 받고 있다”며, 정부의 230억 달러 규모 경기부양책과 함께 통화·재정·부동산 정책의 정교한 조합이 필요하다고 지적했다애경케미칼, 현대로템, 셀트리온, POSCO홀딩스, 한화비전무료상담",https://www.hankyung.com/article/202507173676a,2025.07.17 10:23
이것이 궁금하다! 신용융자비율 상위종목은?,,"아래와 같은 순으로 신용비율 상위를 형성하고 있다.




 

순위 종목명 신용비율1 지투파워 9.44%2 랩지노믹스 9.05%3 일신석재 8.48%4 핑거 8.44%5 에이텍 8.42%<6월 5일 기준 종목(ETF 제외)>LS ELECTRIC, 에코프로머티, 하이브, 셀트리온제약, 삼성전기무료상담",https://www.hankyung.com/article/202506092407a,2025.06.09 14:03
[한경유레카] 피플바이오 오전 강세...유레카 수익률 11% 달성,,"한경유레카는 한국경제신문의 디지털 미디어인 한경닷컴에서 개발한 개별 종목에대한인공지능(AI) 알고리즘 업체의 투자 의견을 종합한 'AI 컨센서스'를 제공하는 서비스입니다. '한경유레카' 앱은 구글 플레이 스토어 혹은 앱스토어에서 내려받을 수 있습니다.





21일 피플바이오가 강세다. 피플바이오는 오전 11시 25분 전일대비 2.88% 오른 2,675원에 거래되고 있다.피플바이오는 최근 1주일간 외국인은 94,809주를 순매수했으며, 기관은 21,175주를 순매수 했다.AI 알고리즘들의 투자의견을 종합한 한경유레카는 피플바이오에 대해 6월 26일 매수의견을 제시했다. 오늘까지 보유했다면 수익률은 11% 이다.한경유레카에서 관심종목을 검색하면 AI 알고리즘들의 종합의견을 무료로 확인할 수있다.한경닷컴은 한경유레카 출시를 기념해 ‘1개월 무료체험 이벤트’ 를 진행하고있다. 원하는 AI 알고리즘업체 한 곳을 1개월 간 무료로 구독할 수 있다. 한경유레카 앱은 구글플레이스토어 혹은 앱스토어에서 내려받으면 된다.





피플바이오 듀켐바이오 셀트리온 올리패스 파멥신 본 글은 투자 참고용입니다.",https://www.hankyung.com/article/202507211455a,2025.07.21 11:26
"23일, 거래소 외국인 순매도상위에 전기,전자 업종 4종목",,"외국인 투자자는 23일 거래소에서 삼성전자, 현대차, HD현대마린솔루션 등을 중점적으로 매도한 것으로 나타났다.외국인 투자자의 순매도 상위 20개 종목은 삼성전자, 현대차, HD현대마린솔루션, 삼성바이오로직스, 삼성물산, 한화에어로스페이스, 삼성전자우, 삼성중공업, 셀트리온, 시프트업등이다.이중에 전기,전자 업종에 속한 종목이 4개 포함되어 있다.삼성물산, 두산우, 코웨이 등은 전일 대비 주가가 상승했고, 삼성전자, 현대차, HD현대마린솔루션 등은 주가가 하락했다.[05월23일]거래소 외국인 순매도 상위 종목한경로보뉴스이 기사는 한국경제신문과 금융 AI 전문기업 씽크풀이 공동 개발한 기사 자동생성 알고리즘에 의해 실시간으로 작성된 것입니다.",https://www.hankyung.com/article/202505232562L,2025.05.23 18:35
이자 부담 최소화! 증권사 신용대출 3%대로 바꾸는 절호의 기회,,"전송종목 : 삼화콘덴서, 아세아, 경농, 아세아제지, 넥센타이어최근 주식 투자자들 사이에서 주식대출(미수/신용융자 등)의 고금리에 대한 부담이 커지고 있다.특히 저금리를 적용 받고 싶어도, 기존 대출을 상환하고 다시 주식을 매수해야 하는 번거로운 절차와 자금 조달의 어려움이 발목을 잡고 있다.이런 현실적인 문제를 해결하고자, 무빙스탁이 ‘증권사 신용, 대환자금대출’ 서비스를 전격 출시했다.이 상품은 주식을 매도하지 않고도, 기존의 고금리의 주식대출(미수/신용융자 등)의 3%대의 혁신적인 저금리 증권사로 전환할 수 있도록 상환자금을 제공하는 것이 핵심이다.무빙스탁 관계자는 “현재 증권사 이벤트 금리는 연 3%대 수준으로, 기존 9~10%대 고금리를 적용받는 투자자라면 절감 효과가 상당하다”며, 금리를 5%만 낮추면 “1억원 신용대출 기준으로 연간 약 500만원, 3억원이라면 1,500만원까지도 절약할 수 있다”고 밝혔다.더 놀라운 점은, 현재는 이벤트 기간으로 대환자금대출 신청시 발생하는 이자 비용까지 ‘0원’이라는 사실이다. 대환자금에 대해서 하루의 대출이자도 부담하지 않고 기존 고금리 대출을 저금리로 전환할 수 있어, 고금리 부담에 시달리던 투자자들에게 큰 호응을 얻을 전망이다.이 서비스는 부동산 시장에서 흔히 이용되던 대환대출 개념을 증권시장에 도입한 혁신적인 시도로, 주식 투자자들의 자금 운용에 새로운 대안을 제시할 것으로 기대된다.무빙스탁 ‘증권사 신용, 대환자금대출’의 비용 무료 이벤트는 이벤트 기간 동안 한정적으로 제공되는 만큼, 신용융자를 이용 중인 투자자라면 지금 바로 확인해볼 필요가 있다.★ 장마감 시간이 가까워질수록 문의가 많아 상담이 지연될 수 있습니다.★ 7월 문의하신 고객들이 많이 보유하신 종목으로는 삼성전자, POSCO홀딩스, 셀트리온, 포스코퓨처엠, 에코프로비엠, NAVER, 에코프로, 삼성SDI, LG화학, SK하이닉스, 두산에너빌리티, 카카오, SK이노베이션, LG에너지솔루션, 엘앤에프, 삼천당제약, 현대차, 알테오젠, HPSP, LG전자 등이 있습니다.★ 안내사항과도한 빚은 당신에게 큰 불행을 안겨줄 수 있습니다. 대출 시 신용등급 하락으로 다른 금융거래가 제약받을 수 있습니다. 중개수수료를 요구하거나 받는 것은 불법입니다.상호명: ㈜단비대부 2021-서울영등포-2102(대부업) | TEL: 1544-4886 | 대출금리: 연 20%이내(연체금리는 약정금리+3%p이내, 최대 연 20%이내) | 단, 2021. 7. 7.부터 신규체결, 갱신, 연장되는 계약에 한함 | 채무의 조기상환 조건 및 부대비용 없음. (단, 신용조회비용 및 담보권설정비용 있음), 이자 외 별도로 중개수수료를 요구하거나 수취하는 것은 불법입니다. | 대표이사: 박동원 | 사업자등록번호: 274-86-00231 | 등록기관명칭: 서울 영등포구청(담당부서: 일자리경제과, 02-2670-3420) | 소재지 : 서울 영등포구 여의대방로67길 11, 5층 517호 | 개인정보관리자메일: help@danbifund.co.kr무료상담",https://www.hankyung.com/article/202507248245a,2025.07.24 14:23
고금리 OUT! 증권사 신용대출 3%대로 전환하는 방법,,"전송종목 : 동운아나텍, 갤럭시아머니트리, 일진파워, ISC, 미래나노텍




 

최근 주식 투자자들 사이에서 주식대출(미수/신용융자 등)의 고금리에 대한 부담이 커지고 있다.특히 저금리를 적용 받고 싶어도, 기존 대출을 상환하고 다시 주식을 매수해야 하는 번거로운 절차와 자금 조달의 어려움이 발목을 잡고 있다.이런 현실적인 문제를 해결하고자, 무빙스탁이 ‘증권사 신용, 대환자금대출’ 서비스를 전격 출시했다.이 상품은 주식을 매도하지 않고도, 기존의 고금리의 주식대출(미수/신용융자 등)의 3%대의 혁신적인 저금리 증권사로 전환할 수 있도록 상환자금을 제공하는 것이 핵심이다.무빙스탁 관계자는 “현재 증권사 이벤트 금리는 연 3%대 수준으로, 기존 9~10%대 고금리를 적용받는 투자자라면 절감 효과가 상당하다”며, 금리를 5%만 낮추면 “1억원 신용대출 기준으로 연간 약 500만원, 3억원이라면 1,500만원까지도 절약할 수 있다”고 밝혔다.더 놀라운 점은, 현재는 이벤트 기간으로 대환자금대출 신청시 발생하는 이자 비용까지 ‘0원’이라는 사실이다. 대환자금에 대해서 하루의 대출이자도 부담하지 않고 기존 고금리 대출을 저금리로 전환할 수 있어, 고금리 부담에 시달리던 투자자들에게 큰 호응을 얻을 전망이다.이 서비스는 부동산 시장에서 흔히 이용되던 대환대출 개념을 증권시장에 도입한 혁신적인 시도로, 주식 투자자들의 자금 운용에 새로운 대안을 제시할 것으로 기대된다.무빙스탁 ‘증권사 신용, 대환자금대출’의 비용 무료 이벤트는 이벤트 기간 동안 한정적으로 제공되는 만큼, 신용융자를 이용 중인 투자자라면 지금 바로 확인해볼 필요가 있다.★ 장마감 시간이 가까워질수록 문의가 많아 상담이 지연될 수 있습니다.★ 7월 문의하신 고객들이 많이 보유하신 종목으로는 삼성전자, POSCO홀딩스, 셀트리온, 포스코퓨처엠, 에코프로비엠, NAVER, 에코프로, 삼성SDI, LG화학, SK하이닉스, 두산에너빌리티, 카카오, SK이노베이션, LG에너지솔루션, 엘앤에프, 삼천당제약, 현대차, 알테오젠, HPSP, LG전자 등이 있습니다.★ 안내사항과도한 빚은 당신에게 큰 불행을 안겨줄 수 있습니다. 대출 시 신용등급 하락으로 다른 금융거래가 제약받을 수 있습니다. 중개수수료를 요구하거나 받는 것은 불법입니다.상호명: ㈜단비대부 2021-서울영등포-2102(대부업) | TEL: 1544-4886 | 대출금리: 연 20%이내(연체금리는 약정금리+3%p이내, 최대 연 20%이내) | 단, 2021. 7. 7.부터 신규체결, 갱신, 연장되는 계약에 한함 | 채무의 조기상환 조건 및 부대비용 없음. (단, 신용조회비용 및 담보권설정비용 있음), 이자 외 별도로 중개수수료를 요구하거나 수취하는 것은 불법입니다. | 대표이사: 박동원 | 사업자등록번호: 274-86-00231 | 등록기관명칭: 서울 영등포구청(담당부서: 일자리경제과, 02-2670-3420) | 소재지 : 서울 영등포구 여의대방로67길 11, 5층 517호 | 개인정보관리자메일: help@danbifund.co.kr무료상담",https://www.hankyung.com/article/202507160710a,2025.07.16 10:48
이자 부담 최소화! 증권사 신용대출 3%대로 바꾸는 절호의 기회,,"전송종목 : 넥스틸, LF, 형지엘리트, 케이아이엔엑스, 매커스




 

최근 주식 투자자들 사이에서 주식대출(미수/신용융자 등)의 고금리에 대한 부담이 커지고 있다.특히 저금리를 적용 받고 싶어도, 기존 대출을 상환하고 다시 주식을 매수해야 하는 번거로운 절차와 자금 조달의 어려움이 발목을 잡고 있다.이런 현실적인 문제를 해결하고자, 무빙스탁이 ‘증권사 신용, 대환자금대출’ 서비스를 전격 출시했다.이 상품은 주식을 매도하지 않고도, 기존의 고금리의 주식대출(미수/신용융자 등)의 3%대의 혁신적인 저금리 증권사로 전환할 수 있도록 상환자금을 제공하는 것이 핵심이다.무빙스탁 관계자는 “현재 증권사 이벤트 금리는 연 3%대 수준으로, 기존 9~10%대 고금리를 적용받는 투자자라면 절감 효과가 상당하다”며, 금리를 5%만 낮추면 “1억원 신용대출 기준으로 연간 약 500만원, 3억원이라면 1,500만원까지도 절약할 수 있다”고 밝혔다.더 놀라운 점은, 현재는 이벤트 기간으로 대환자금대출 신청시 발생하는 이자 비용까지 ‘0원’이라는 사실이다. 대환자금에 대해서 하루의 대출이자도 부담하지 않고 기존 고금리 대출을 저금리로 전환할 수 있어, 고금리 부담에 시달리던 투자자들에게 큰 호응을 얻을 전망이다.이 서비스는 부동산 시장에서 흔히 이용되던 대환대출 개념을 증권시장에 도입한 혁신적인 시도로, 주식 투자자들의 자금 운용에 새로운 대안을 제시할 것으로 기대된다.무빙스탁 ‘증권사 신용, 대환자금대출’의 비용 무료 이벤트는 이벤트 기간 동안 한정적으로 제공되는 만큼, 신용융자를 이용 중인 투자자라면 지금 바로 확인해볼 필요가 있다.★ 장마감 시간이 가까워질수록 문의가 많아 상담이 지연될 수 있습니다.★ 7월 문의하신 고객들이 많이 보유하신 종목으로는 삼성전자, POSCO홀딩스, 셀트리온, 포스코퓨처엠, 에코프로비엠, NAVER, 에코프로, 삼성SDI, LG화학, SK하이닉스, 두산에너빌리티, 카카오, SK이노베이션, LG에너지솔루션, 엘앤에프, 삼천당제약, 현대차, 알테오젠, HPSP, LG전자 등이 있습니다.★ 안내사항과도한 빚은 당신에게 큰 불행을 안겨줄 수 있습니다. 대출 시 신용등급 하락으로 다른 금융거래가 제약받을 수 있습니다. 중개수수료를 요구하거나 받는 것은 불법입니다.상호명: ㈜단비대부 2021-서울영등포-2102(대부업) | TEL: 1544-4886 | 대출금리: 연 20%이내(연체금리는 약정금리+3%p이내, 최대 연 20%이내) | 단, 2021. 7. 7.부터 신규체결, 갱신, 연장되는 계약에 한함 | 채무의 조기상환 조건 및 부대비용 없음. (단, 신용조회비용 및 담보권설정비용 있음), 이자 외 별도로 중개수수료를 요구하거나 수취하는 것은 불법입니다. | 대표이사: 박동원 | 사업자등록번호: 274-86-00231 | 등록기관명칭: 서울 영등포구청(담당부서: 일자리경제과, 02-2670-3420) | 소재지 : 서울 영등포구 여의대방로67길 11, 5층 517호 | 개인정보관리자메일: help@danbifund.co.kr무료상담",https://www.hankyung.com/article/202507160709a,2025.07.16 10:28
이자 부담 최소화! 증권사 신용대출 3%대로 바꾸는 절호의 기회,,"전송종목 : 코스메카코리아, 휴온스, 신흥에스이씨, 에이플러스에셋, 솔루엠최근 주식 투자자들 사이에서 주식대출(미수/신용융자 등)의 고금리에 대한 부담이 커지고 있다.특히 저금리를 적용 받고 싶어도, 기존 대출을 상환하고 다시 주식을 매수해야 하는 번거로운 절차와 자금 조달의 어려움이 발목을 잡고 있다.이런 현실적인 문제를 해결하고자, 무빙스탁이 ‘증권사 신용, 대환자금대출’ 서비스를 전격 출시했다.이 상품은 주식을 매도하지 않고도, 기존의 고금리의 주식대출(미수/신용융자 등)의 3%대의 혁신적인 저금리 증권사로 전환할 수 있도록 상환자금을 제공하는 것이 핵심이다.무빙스탁 관계자는 “현재 증권사 이벤트 금리는 연 3%대 수준으로, 기존 9~10%대 고금리를 적용받는 투자자라면 절감 효과가 상당하다”며, 금리를 5%만 낮추면 “1억원 신용대출 기준으로 연간 약 500만원, 3억원이라면 1,500만원까지도 절약할 수 있다”고 밝혔다.더 놀라운 점은, 현재는 이벤트 기간으로 대환자금대출 신청시 발생하는 이자 비용까지 ‘0원’이라는 사실이다. 대환자금에 대해서 하루의 대출이자도 부담하지 않고 기존 고금리 대출을 저금리로 전환할 수 있어, 고금리 부담에 시달리던 투자자들에게 큰 호응을 얻을 전망이다.이 서비스는 부동산 시장에서 흔히 이용되던 대환대출 개념을 증권시장에 도입한 혁신적인 시도로, 주식 투자자들의 자금 운용에 새로운 대안을 제시할 것으로 기대된다.무빙스탁 ‘증권사 신용, 대환자금대출’의 비용 무료 이벤트는 이벤트 기간 동안 한정적으로 제공되는 만큼, 신용융자를 이용 중인 투자자라면 지금 바로 확인해볼 필요가 있다.★ 장마감 시간이 가까워질수록 문의가 많아 상담이 지연될 수 있습니다.★ 7월 문의하신 고객들이 많이 보유하신 종목으로는 삼성전자, POSCO홀딩스, 셀트리온, 포스코퓨처엠, 에코프로비엠, NAVER, 에코프로, 삼성SDI, LG화학, SK하이닉스, 두산에너빌리티, 카카오, SK이노베이션, LG에너지솔루션, 엘앤에프, 삼천당제약, 현대차, 알테오젠, HPSP, LG전자 등이 있습니다.★ 안내사항과도한 빚은 당신에게 큰 불행을 안겨줄 수 있습니다. 대출 시 신용등급 하락으로 다른 금융거래가 제약받을 수 있습니다. 중개수수료를 요구하거나 받는 것은 불법입니다.상호명: ㈜단비대부 2021-서울영등포-2102(대부업) | TEL: 1544-4886 | 대출금리: 연 20%이내(연체금리는 약정금리+3%p이내, 최대 연 20%이내) | 단, 2021. 7. 7.부터 신규체결, 갱신, 연장되는 계약에 한함 | 채무의 조기상환 조건 및 부대비용 없음. (단, 신용조회비용 및 담보권설정비용 있음), 이자 외 별도로 중개수수료를 요구하거나 수취하는 것은 불법입니다. | 대표이사: 박동원 | 사업자등록번호: 274-86-00231 | 등록기관명칭: 서울 영등포구청(담당부서: 일자리경제과, 02-2670-3420) | 소재지 : 서울 영등포구 여의대방로67길 11, 5층 517호 | 개인정보관리자메일: help@danbifund.co.kr무료상담",https://www.hankyung.com/article/202507047510a,2025.07.04 08:43
"증권사 신용대출, 3%대 금리로 바꾸는 가장 쉬운 방법",,"전송종목 : 코웨이, 포스코DX, 롯데쇼핑, 기업은행, 동서최근 주식 투자자들 사이에서 주식대출(미수/신용융자 등)의 고금리에 대한 부담이 커지고 있다.특히 저금리를 적용 받고 싶어도, 기존 대출을 상환하고 다시 주식을 매수해야 하는 번거로운 절차와 자금 조달의 어려움이 발목을 잡고 있다.이런 현실적인 문제를 해결하고자, 무빙스탁이 ‘증권사 신용, 대환자금대출’ 서비스를 전격 출시했다.이 상품은 주식을 매도하지 않고도, 기존의 고금리의 주식대출(미수/신용융자 등)의 3%대의 혁신적인 저금리 증권사로 전환할 수 있도록 상환자금을 제공하는 것이 핵심이다.무빙스탁 관계자는 “현재 증권사 이벤트 금리는 연 3%대 수준으로, 기존 9~10%대 고금리를 적용받는 투자자라면 절감 효과가 상당하다”며, 금리를 5%만 낮추면 “1억원 신용대출 기준으로 연간 약 500만원, 3억원이라면 1,500만원까지도 절약할 수 있다”고 밝혔다.더 놀라운 점은, 현재는 이벤트 기간으로 대환자금대출 신청시 발생하는 이자 비용까지 ‘0원’이라는 사실이다. 대환자금에 대해서 하루의 대출이자도 부담하지 않고 기존 고금리 대출을 저금리로 전환할 수 있어, 고금리 부담에 시달리던 투자자들에게 큰 호응을 얻을 전망이다.이 서비스는 부동산 시장에서 흔히 이용되던 대환대출 개념을 증권시장에 도입한 혁신적인 시도로, 주식 투자자들의 자금 운용에 새로운 대안을 제시할 것으로 기대된다.무빙스탁 ‘증권사 신용, 대환자금대출’의 비용 무료 이벤트는 이벤트 기간 동안 한정적으로 제공되는 만큼, 신용융자를 이용 중인 투자자라면 지금 바로 확인해볼 필요가 있다.★ 장마감 시간이 가까워질수록 문의가 많아 상담이 지연될 수 있습니다.★ 7월 문의하신 고객들이 많이 보유하신 종목으로는 삼성전자, POSCO홀딩스, 셀트리온, 포스코퓨처엠, 에코프로비엠, NAVER, 에코프로, 삼성SDI, LG화학, SK하이닉스, 두산에너빌리티, 카카오, SK이노베이션, LG에너지솔루션, 엘앤에프, 삼천당제약, 현대차, 알테오젠, HPSP, LG전자 등이 있습니다.★ 안내사항과도한 빚은 당신에게 큰 불행을 안겨줄 수 있습니다. 대출 시 신용등급 하락으로 다른 금융거래가 제약받을 수 있습니다. 중개수수료를 요구하거나 받는 것은 불법입니다.상호명: ㈜단비대부 2021-서울영등포-2102(대부업) | TEL: 1544-4886 | 대출금리: 연 20%이내(연체금리는 약정금리+3%p이내, 최대 연 20%이내) | 단, 2021. 7. 7.부터 신규체결, 갱신, 연장되는 계약에 한함 | 채무의 조기상환 조건 및 부대비용 없음. (단, 신용조회비용 및 담보권설정비용 있음), 이자 외 별도로 중개수수료를 요구하거나 수취하는 것은 불법입니다. | 대표이사: 박동원 | 사업자등록번호: 274-86-00231 | 등록기관명칭: 서울 영등포구청(담당부서: 일자리경제과, 02-2670-3420) | 소재지 : 서울 영등포구 여의대방로67길 11, 5층 517호 | 개인정보관리자메일: help@danbifund.co.kr무료상담",https://www.hankyung.com/article/202507083728a,2025.07.08 08:53
[투자운세] 5월28일(오늘) 궁합이 맞는 종목은?,,"2025년 5월 28일 오늘 관심가질 종목입니다1.쥐띠 : 시장분위기에 취하지 마라60년생 (엔켐, HPSP) 72년생 (에코프로머티, 에코프로) 84년생 (케어젠, 크래프톤)2.소띠 : 매도 종목의 움직임도 관찰하라61년생 (한진칼, 현대위아) 73년생 (이수페타시스, SOOP) 85년생 (씨에스윈드, SK하이닉스)3.호랑이띠 : 1%가 소문을 만들고 99%가 뒤를 쫓는다62년생 (키움증권, 현대차) 74년생 (대우건설, 삼성카드) 86년생 (LIG넥스원, 에스엘)4.토끼띠 : 모든 재료가 곧 바로 주가에 반영되지는 않는다63년생 (SK네트웍스, KB금융) 75년생 (신한지주, 대한전선) 87년생 (한화생명, 한화솔루션)5.용띠 : 대세는 오래가도 개별 종목시세는 짧다64년생 (고영, 한국금융지주) 76년생 (한국전력, CJ제일제당) 88년생 (기아, HL만도)6.뱀띠 : 오늘의 패자만이 내일의 승자가 될 수 있다65년생 (주성엔지니어링, 현대제철) 77년생 (현대엘리베이, 기업은행) 89년생 (현대건설, 휠라홀딩스)




 

7.말띠 : 밀물이 있으면 썰물이 있다66 년생 (오리온, 대웅) 78년생 (삼성생명, 한미반도체) 90년생 (한화에어로스페이스, GS건설)8.양띠 : 고독이 성공을 불러온다67년생 (한화시스템, JB금융지주) 79년생 (셀트리온, 한화오션) 91년생 (한미사이언스, 코리안리)9.원숭이띠 : 시세는 시세에 물어라68년생 (삼성바이오로직스, 삼성에스디에스) 80년생 (HD현대, 엘앤에프) 92년생 (한국항공우주, 한온시스템)10.닭띠 : 사슴을 쫓는 자는 토끼를 쳐다보지 마라69년생 (한샘, 메리츠금융지주) 81년생 (현대오토에버, LG전자) 93년생 (두산퓨얼셀, 넷마블)11.개띠 : 시세에 졸업이란 없다70년생 (카카오뱅크, 카카오페이) 82년생 (KT, 카카오) 94년생 (유한양행, 파크시스템스)12.돼지띠 : 사고싶은 약세. 팔고싶은 강세71년생 (BNK금융지주, NH투자증권) 83년생 (GS리테일, DB손해보험) 95년생 (에스원, 금호타이어)링크종목 – 파인메딕스, 라닉스, 플루토스, 화인베스틸, 한텍무료상담",https://www.hankyung.com/article/202505289847a,2025.05.28 09:58
"코스피, 중동發 위기에 보합권서 '눈치보기'…외인 '팔자' 전환",,"사진=뉴스1

                코스피지수가 16일 장 초반 보합권에서 등락을 거듭하며 눈치보기 장세를 보이고 있다. 외국인 투자자는 중동 분쟁에 따른 지정학적 위험으로 9거래일 만에 순매도로 돌아섰다.이날 오전 9시27분 현재 코스피지수는 전 거래일보다 3.43포인트(0.12%) 내린 2891.19를 나타내고 있다. 지수는 이날 0.31% 오름세로 출발 후 오전 9시24분께 하락 전환해 추세를 유지하고 있다.유가증권시장에서 외국인이 925억원 매도 우위다. 이로써 외국인은 이달 들어 지난 13일까지 8거래일 연속 이어온 순매수 기조를 멈췄다. 반면 개인과 기관은 각각 782억원과 186억원 매수 우위다.지난 주말 미국 증시는 이란과 이스라엘의 분쟁 여파로 급락했다. 지난 13일(현지시간) 다우존스30산업지수는 1.79% 내렸고 S&P500지수와 나스닥종합지수도 각각 1.13%와 1.30% 하락했다.코스피 시가총액 상위 종목 중 삼성전자, 삼성바이오로직스, LG에너지솔루션, 현대차, KB금융, 기아 등이 내리는 반면 SK하이닉스, 한화에어로스페이스, HD현대중공업, 두산에너빌리티 등이 오르고 있다.같은 시각 코스닥지수는 전 거래일보다 3.71포인트(0.48%) 내린 765.15를 나타내고 있다. 지수는 이날 0.16% 내림세로 출발해 곧바로 상승 전환했지만 추세를 유지하지 못하고 오전 9시18분께 하락세로 돌아섰다.코스닥시장에서는 개인이 325억원 매도 우위인 반면 외국인과 기관이 각각 5억원과 328억원 매수 우위다.코스닥 시총 상위 종목 중 에코프로비엠, HLB, 에코프로, 레인보우로보틱스, 펩트론, 클래시스, 삼천당제약 등이 내리는 반면 알테오젠, 파마리서치, 휴젤, 리가켐바이오 등이 오르고 있다.중동의 지정학적 위기가 고조되면서 국제유가가 급등하자 에너지 관련주는 급등세다. 흥구석유(16.85%)를 비롯해 한국석유(15.03%) 대성에너지(7.77%) 중앙에너비스(5.96%) 등이 뛰고 있다.서울 외환시장에서 원·달러 환율은 전장보다 1.6원 내린 1368원으로 개장했다.고정삼 한경닷컴 기자 jsk@hankyung.com",https://www.hankyung.com/article/2025061667796,2025.06.16 09:35
"코스피, 외인·기관 동반 매도에 약세…코스닥 보합권 등락",,"사진=연합뉴스

                코스피지수가 27일 장 초반 외국인과 기관투자자의 동반 매도세에 약세를 보이고 있다. 전날 급등분에 대한 차익 실현 매물이 출회된 영향으로 풀이된다.이날 오전 9시7분 현재 코스피지수는 9.27포인트(0.35%) 내린 2635.13을 나타내고 있다. 지수는 이날 0.53% 하락 출발 후 낙폭을 일부 축소한 상태다. 유가증권시장에서 외국인과 기관이 각각 89억원과 582억원 매도 우위인 반면 개인은 645억원 매수 우위다.이날 미국 증시는 '메모리얼 데이'(현충일)로 휴장했다.코스피 시가총액 상위 종목 중 삼성전자, SK하이닉스, 삼성바이오로직스, LG에너지솔루션, KB금융, 현대차, 기아, 네이버, 신한지주 등이 내리는 반면 한화에어로스페이스, HD현대중공업, 셀트리온 등이 오르고 있다.에스디바이오센서는 3380억원 규모의 국세 환급금을 수령한다는 소식에 18%대 급등하고 있다.코스닥지수는 보합권에서 등락을 거듭하고 있다. 같은 시각 코스닥지수는 전 거래일보다 0.47포인트(0.06%) 오른 725.74를 기록 중이다.코스닥시장에서도 외국인과 기관이 각각 320억원과 44억원 매도 우위인 반면 개인은 373억원 매수 우위다.코스닥 시총 상위 종목 중 알테오젠, 파마리서치, 휴젤, 리가켐바이오, 클래시스, 삼천당제약, 에이비엘바이오 등이 오르는 반면 에코프로비엠, HLB, 에코프로, 펩트론, 레인보우로보틱스 등이 내리고 있다.서울 외환시장에서 원·달러 환율은 전장보다 3.6원 오른 1368원으로 개장했다.고정삼 한경닷컴 기자 jsk@hankyung.com",https://www.hankyung.com/article/2025052774356,2025.05.27 09:16
공매도 금지 연장설에 ‘개미 천국’…단기 급등주 어디?,,"이번에도 또 맞췄다. 개인투자자들 사이에서 김동화 대표에 대한 신뢰가 빠르게 확산되고 있다. 최근 애경케미칼과 콜마홀딩스 등 추천종목의 높은 수익률을 기록하며 다시 한 번 존재감을 증명했기 때문이다.




 

👉 애경케미칼, 콜마홀딩스 적중의 비밀 확인! (클릭)김 대표는 단순한 ‘운 좋은 전문가’가 아니다.매일 아침, 시장 시황부터 테마 전망, 유망 종목 분석까지 체계적인 정보를 제공하며, ‘분석력으로 승부하는 진짜 실력자’라는 평을 듣고 있다.📌 [ 김동화 대표의 평생 무료채널 지금 입장 !! ]무엇보다 놀라운 건, 이 모든 정보가 100% 무료라는 점이다.유료 서비스도 따라오기 힘든 수준의 퀄리티와 적중률을 자랑하면서도, 단 한 푼도 받지 않는다. 그의 텔레그램 채널에 입장만 하면, 내일 급등이 예상되는 종목 정보부터 당일 대응 전략까지 모두 받아볼 수 있다.김 대표의 채널은 이제 ‘단순한 종목 추천방’을 넘어, 매일 증시를 해석하고 대응 전략을 정리하는 무료 리서치 센터로 불릴 정도다.👉 내일의 상한가 종목, 입장만 하면 바로 확인 가능!ㅤ-최근 핫이슈 종목sk하이닉스, 한국전력, POSCO홀딩스, 상지건설, 셀트리온무료상담",https://www.hankyung.com/article/202507035118a,2025.07.04 08:10
"흔들림 없는 이가영, 두번의 '연장 혈투' 웨지로 끝냈다","셀트리온 퀸즈 마스터즈 우승…통산 3번째

최종라운드 선두권 대혼전
한진선·김시현과 연장서 접전
이가영, 칼같은 웨지샷으로 버디
웨지샷 정확도 출전선수 중 3위

박민지 대회 5연패 도전했지만
퍼트 난조 등으로 39위 그쳐","< 우승의 미소 > 이가영이 8일 KLPGA투어 셀트리온 퀸즈 마스터즈 최종라운드 연장 2차전에서 버디퍼트를 성공한 뒤 ﻿기뻐하고 있다.  KLPGA 제공

                그린을 공략하는 클럽 웨지의 또다른 이름은 ‘스코어링 클럽’이다. 그린을 정확하게 공략해야 좋은 스코어를 거둘 수 있다는 뜻을 담은 별명이다. 8일 한국여자프로골프(KLPGA)투어 셀트리온 퀸즈 마스터즈(총상금 12억원)에서 연장 2차전까지 이어지는 접전끝에 우승한 이가영의 최종 병기 역시 웨지였다. 화려한 장타는 없지만 누구보다 날선 샷감을 앞세운 이가영이 연장 2차전까지 이어진 접전끝에 우승하며 자신의 투어 세번째 우승을 완성했다.이날 강원 원주 성문안(파72)에서 열린 대회 최종 3라운드에서 이가영은 버디 4개, 보기 2개로 2언더파 70타를 쳤다. 최종합계 12언더파 204타로 한진선, 김시현과 연장전에 돌입한 이가영은 완벽한 웨지샷으로 두번의 연장에서 모두 버디를 잡으며 우승을 확정지었다.이날 이가영은 한진선, 방신실 등과 공동선두로 최종라운드에 나섰다. 전반에는 버디와 보기를 각각 2개씩 치며 타수를 줄이지 못하는 답답한 흐름을 보였다. 후반에 2타를 줄이며 최종합계 12언더파로 경기를 마칠 때까지만 해도 이가영의 우승 가능성은 크지 않았다. 13언더파로 단독 선두였던 한진선이 마지막 18번홀(파5)에서 네번째 샷을 핀 1.5m 옆에 붙였기 때문이다. 하지만 한진선이 이 퍼트를 놓치면서 먼저 경기를 미친 김시현, 한진선과 동타로 내려왔고, 승부는 연장으로 이어졌다.이가영은 완벽한 샷으로 승부수를 던졌다. 그는 1차 연장 두번째 샷에서 투온을 노리는 대신 아이언을 잡고 안전한 쓰리온을 택했다. 대신 가장 자신있는 웨지샷으로 공을 핀 1.5m 옆에 붙여 버디를 잡아냈다. 정규라운드 18번홀에서 1.5m 파 퍼트를 놓쳤던 한진선은 연장 1차전에서 10m 버디퍼트를 잡아내 다시 한번 승부를 원점으로 돌렸다.연장 2차전에서도 이가영은 정확한 샷으로 1.8m 버디 찬스를 만들어냈고, 이를 놓치지 않았다. 반면 한진선은 세번째 웨지샷이 다시 한번 핀 10m 거리에 떨어지면서 준우승에 머물렀다.이날 이가영은 어프로치샷에서 2.86타의 이득을 거두며 출전 선수 가운데 세번째로 높은 스트로크 게인드(SG)를 기록했다. 샷의 정확도를 보여주는 ‘티샷 투 그린’SG에서도 3.06으로 출전 선수 중 3위에 이름을 올렸다.이번 대회에서 단일대회 5연패 기록에 도전했던 박민지는 최종합계 3언더파 213타를 쳐 공동 39위로 마무리했다. 1라운드에서 퍼트 난조로 커트 탈락 위기까지 몰렸지만 2라운드에서 5타를 줄이며 본선 진출에 성공했다. 28위로 순위를 크게 끌어올려 최종라운드에 진출했지만 이날 버디 2개에 보기 3개를 더하면서 대기록 달성에서 멀어졌다. 경기를 마친 뒤 박민지는 “5연패는 정말 어려운 일이었다. 앞서 4연패도 하늘이 내려준 것이라 생각한다”며 “이 기록을 후배들이 얼른 깨주면 좋겠다”고 밝혔다.원주=조수영 기자 delinews@hankyung.com",https://www.hankyung.com/article/2025060809201,2025.06.08 18:18
이자 부담 최소화! 증권사 신용대출 3%대로 바꾸는 절호의 기,,"전송종목 : 파크시스템스, 유니트론텍, 사람인, 뉴파워프라즈마, 삼양사최근 주식 투자자들 사이에서 주식대출(미수/신용융자 등)의 고금리에 대한 부담이 커지고 있다.특히 저금리를 적용 받고 싶어도, 기존 대출을 상환하고 다시 주식을 매수해야 하는 번거로운 절차와 자금 조달의 어려움이 발목을 잡고 있다.이런 현실적인 문제를 해결하고자, 무빙스탁이 ‘증권사 신용, 대환자금대출’ 서비스를 전격 출시했다.이 상품은 주식을 매도하지 않고도, 기존의 고금리의 주식대출(미수/신용융자 등)의 3%대의 혁신적인 저금리 증권사로 전환할 수 있도록 상환자금을 제공하는 것이 핵심이다.무빙스탁 관계자는 “현재 증권사 이벤트 금리는 연 3%대 수준으로, 기존 9~10%대 고금리를 적용받는 투자자라면 절감 효과가 상당하다”며, 금리를 5%만 낮추면 “1억원 신용대출 기준으로 연간 약 500만원, 3억원이라면 1,500만원까지도 절약할 수 있다”고 밝혔다.더 놀라운 점은, 현재는 이벤트 기간으로 대환자금대출 신청시 발생하는 이자 비용까지 ‘0원’이라는 사실이다. 대환자금에 대해서 하루의 대출이자도 부담하지 않고 기존 고금리 대출을 저금리로 전환할 수 있어, 고금리 부담에 시달리던 투자자들에게 큰 호응을 얻을 전망이다.이 서비스는 부동산 시장에서 흔히 이용되던 대환대출 개념을 증권시장에 도입한 혁신적인 시도로, 주식 투자자들의 자금 운용에 새로운 대안을 제시할 것으로 기대된다.무빙스탁 ‘증권사 신용, 대환자금대출’의 비용 무료 이벤트는 이벤트 기간 동안 한정적으로 제공되는 만큼, 신용융자를 이용 중인 투자자라면 지금 바로 확인해볼 필요가 있다.★ 장마감 시간이 가까워질수록 문의가 많아 상담이 지연될 수 있습니다.★ 7월 문의하신 고객들이 많이 보유하신 종목으로는 삼성전자, POSCO홀딩스, 셀트리온, 포스코퓨처엠, 에코프로비엠, NAVER, 에코프로, 삼성SDI, LG화학, SK하이닉스, 두산에너빌리티, 카카오, SK이노베이션, LG에너지솔루션, 엘앤에프, 삼천당제약, 현대차, 알테오젠, HPSP, LG전자 등이 있습니다.★ 안내사항과도한 빚은 당신에게 큰 불행을 안겨줄 수 있습니다. 대출 시 신용등급 하락으로 다른 금융거래가 제약받을 수 있습니다. 중개수수료를 요구하거나 받는 것은 불법입니다.상호명: ㈜단비대부 2021-서울영등포-2102(대부업) | TEL: 1544-4886 | 대출금리: 연 20%이내(연체금리는 약정금리+3%p이내, 최대 연 20%이내) | 단, 2021. 7. 7.부터 신규체결, 갱신, 연장되는 계약에 한함 | 채무의 조기상환 조건 및 부대비용 없음. (단, 신용조회비용 및 담보권설정비용 있음), 이자 외 별도로 중개수수료를 요구하거나 수취하는 것은 불법입니다. | 대표이사: 박동원 | 사업자등록번호: 274-86-00231 | 등록기관명칭: 서울 영등포구청(담당부서: 일자리경제과, 02-2670-3420) | 소재지 : 서울 영등포구 여의대방로67길 11, 5층 517호 | 개인정보관리자메일: help@danbifund.co.kr무료상담",https://www.hankyung.com/article/202507035113a,2025.07.03 09:43
"대웅제약, 글로벌 바이오시밀러 시장 진출… 공동 개발･유통 ‘전주기’ 협력","공동 개발부터 생산･마케팅･유통까지 파트너와 상업화 전주기 협력 모색

글로벌 바이오시밀러 시장 규모, 24년 36조 원 → 33년까지 250조 원 성장 전망

바이오시밀러 최고 전문가 홍승서 박사, 대웅제약 BS사업본부장으로 선임","대웅제약이 바이오시밀러 사업을 새 성장 동력으로 삼고, 국내외 파트너사들과 협력을 본격적으로 강화해 나갈 계획이다.대웅제약(대표 박성수·이창재)은 바이오시밀러 사업에 진출하며, 해당 부문을 총괄할 BS사업본부장으로 홍승서 박사를 선임했다고 22일 밝혔다.◆글로벌 바이오시밀러 시장에서 전방위 협력 모색대웅제약은 항체의약품 바이오시밀러 사업을 위한 국내외 파트너십을 적극 모색할 계획이며, 개발 품목을 확대하고 장기적으로 유럽·미국 등 메이저 시장에 진출해 글로벌 바이오 기업으로의 도약을 준비하고 있다.바이오시밀러는 고가의 바이오의약품을 대체할 수 있는 합리적인 치료 옵션으로, 특허 만료 품목과 의료비 절감 수요를 중심으로 빠르게 시장이 확대되고 있다. 글로벌 시장조사기관 인사이트마켓리서치컨설팅 그룹(IMARC Group)에 따르면, 글로벌 바이오시밀러 시장 규모는 지난해 36조 원(265억 달러)으로 2033년에는 250조 원(1851억 달러)에 이를 것으로 전망된다.특히, 바이오시밀러는 신약 대비 개발 기간이 짧고 개발･허가 성공률이 높은 편이다. 또한 임상 3상 없이도 품질 자료 및 임상 1상만으로 허가가 가능한 유럽의약품청(EMA)의 새로운 가이드라인(Reflection paper)이 올해 3월 발표됨에 따라, 개발 리스크는 줄이고 원가 경쟁력은 높이는 전략이 가능해졌다는 분석이다.대웅제약은 이러한 흐름 속에서 바이오시밀러를 차세대 핵심 사업군으로 육성하고 있으며, 기존의 단백질의약품 연구개발, 생산, 사업화 역량을 바탕으로 글로벌 경쟁력을 빠르게 확보해나갈 방침이다. 자체 개발 역량 뿐 아니라 국내외 바이오시밀러 및 CDMO 기업과의 긴밀한 전략적 협력을 통해 경쟁사 대비 높은 허가 및 론칭 성공률, 빠른 시장 안착과 판매 확대를 추진할 계획이다.◆바이오시밀러 최고 전문가 홍승서 박사 영입바이오시밀러 사업 진출과 함께, 대웅제약은 시장을 선도할 수 있는 경쟁력을 갖추기 위해 글로벌 경험이 풍부한 전문가를 영입했다. 최근 바이오시밀러 분야에서 20년 가까이 경력을 쌓아온 홍승서 박사를 BS사업본부장으로 선임한 것.홍본부장은 2002년부터 2019년까지 셀트리온 및 셀트리온헬스케어에서 바이오시밀러의 연구개발부터 글로벌 상용화까지 전주기를 직접 이끈 인물이다. 셀트리온 연구부문 사장, 셀트리온헬스케어 대표, 로피바이오 대표 등을 역임하며 글로벌 시장에서 실행력과 리더십을 입증해왔다. 현재 대웅제약의 바이오시밀러 사업을 총괄하고 있다.홍본부장은 “지난 80년간 한국인의 건강 증진에 기여해 온 대웅제약이 바이오시밀러 시장에 도전하는 것은 매우 의미 있는 일”이라며, “바이오시밀러는 누구나 치료받을 수 있는 의료 환경을 만드는 데 매우 중요한 역할을 할 수 있는 분야다. 대웅제약의 세일즈 네트워크와 실행력을 바탕으로, 전 세계 환자에게 더 나은 치료 접근성을 제공하는 데 기여하겠다”고 밝혔다.박성수 대웅제약 대표는 “대웅제약은 다양한 제제 개발과 사업화를 통해 축적한 경험과 글로벌 파트너십 역량을 갖추고 있는 만큼, 바이오시밀러 시장에서도 자체 개발뿐만 아니라 공동 개발을 통해 차별화된 실행력을 보여줄 수 있을 것”이라며, “단기적 성과에 그치지 않고, 글로벌 시장에서 의미 있는 플레이어로 자리매김하는 것을 목표로 중장기적인 전략을 차근차근 실행해 나갈 계획”이라고 말했다.",https://www.hankyung.com/article/202507223235P,2025.07.22 08:07
신용대출 이자 절감 꿀팁! 증권사 3%대 대출 전환법 공개,,"전송종목 : 네패스, 무학, NICE, 한국기업평가, 백산최근 주식 투자자들 사이에서 주식대출(미수/신용융자 등)의 고금리에 대한 부담이 커지고 있다.특히 저금리를 적용 받고 싶어도, 기존 대출을 상환하고 다시 주식을 매수해야 하는 번거로운 절차와 자금 조달의 어려움이 발목을 잡고 있다.이런 현실적인 문제를 해결하고자, 무빙스탁이 ‘증권사 신용, 대환자금대출’ 서비스를 전격 출시했다.이 상품은 주식을 매도하지 않고도, 기존의 고금리의 주식대출(미수/신용융자 등)의 3%대의 혁신적인 저금리 증권사로 전환할 수 있도록 상환자금을 제공하는 것이 핵심이다.무빙스탁 관계자는 “현재 증권사 이벤트 금리는 연 3%대 수준으로, 기존 9~10%대 고금리를 적용받는 투자자라면 절감 효과가 상당하다”며, 금리를 5%만 낮추면 “1억원 신용대출 기준으로 연간 약 500만원, 3억원이라면 1,500만원까지도 절약할 수 있다”고 밝혔다.더 놀라운 점은, 현재는 이벤트 기간으로 대환자금대출 신청시 발생하는 이자 비용까지 ‘0원’이라는 사실이다. 대환자금에 대해서 하루의 대출이자도 부담하지 않고 기존 고금리 대출을 저금리로 전환할 수 있어, 고금리 부담에 시달리던 투자자들에게 큰 호응을 얻을 전망이다.이 서비스는 부동산 시장에서 흔히 이용되던 대환대출 개념을 증권시장에 도입한 혁신적인 시도로, 주식 투자자들의 자금 운용에 새로운 대안을 제시할 것으로 기대된다.무빙스탁 ‘증권사 신용, 대환자금대출’의 비용 무료 이벤트는 이벤트 기간 동안 한정적으로 제공되는 만큼, 신용융자를 이용 중인 투자자라면 지금 바로 확인해볼 필요가 있다.★ 장마감 시간이 가까워질수록 문의가 많아 상담이 지연될 수 있습니다.★ 7월 문의하신 고객들이 많이 보유하신 종목으로는 삼성전자, POSCO홀딩스, 셀트리온, 포스코퓨처엠, 에코프로비엠, NAVER, 에코프로, 삼성SDI, LG화학, SK하이닉스, 두산에너빌리티, 카카오, SK이노베이션, LG에너지솔루션, 엘앤에프, 삼천당제약, 현대차, 알테오젠, HPSP, LG전자 등이 있습니다.★ 안내사항과도한 빚은 당신에게 큰 불행을 안겨줄 수 있습니다. 대출 시 신용등급 하락으로 다른 금융거래가 제약받을 수 있습니다. 중개수수료를 요구하거나 받는 것은 불법입니다.상호명: ㈜단비대부 2021-서울영등포-2102(대부업) | TEL: 1544-4886 | 대출금리: 연 20%이내(연체금리는 약정금리+3%p이내, 최대 연 20%이내) | 단, 2021. 7. 7.부터 신규체결, 갱신, 연장되는 계약에 한함 | 채무의 조기상환 조건 및 부대비용 없음. (단, 신용조회비용 및 담보권설정비용 있음), 이자 외 별도로 중개수수료를 요구하거나 수취하는 것은 불법입니다. | 대표이사: 박동원 | 사업자등록번호: 274-86-00231 | 등록기관명칭: 서울 영등포구청(담당부서: 일자리경제과, 02-2670-3420) | 소재지 : 서울 영등포구 여의대방로67길 11, 5층 517호 | 개인정보관리자메일: help@danbifund.co.kr무료상담",https://www.hankyung.com/article/202507111597a,2025.07.11 13:08
"美의료유통 '슈퍼갑' 뚫은 삼성…""세계 최대 시장 확보""","美 빅2와 '바이오시밀러 동맹'
삼성에피스, 10조원 시장 선점

대형 PBM 2곳과 첫 공급계약
연내 출시…1조원대 매출 확보","삼성바이오에피스가 자사 바이오시밀러(바이오의약품 복제약)를 미국에서 유통회사 자체 브랜드(PL·프라이빗 라벨) 방식으로 공급한다. 미국 처방약 시장 유통의 50% 이상을 점유한 대형 업체들과 바이오시밀러 동맹을 맺은 세계 첫 사례다. 삼성바이오에피스가 조 단위 신규 매출을 올릴 것이라는 전망이 나온다. 
                    






이미지 크게보기



                16일 외신과 업계에 따르면 삼성바이오에피스는 최근 미국 1위 처방약급여관리업체(PBM)인 익스프레스스크립츠, 2위 CVS케어마크와 각각 자가면역질환 치료제 ‘스텔라라’ 바이오시밀러의 PL 방식 제품 공급 계약을 체결했다.익스프레스스크립츠는 ‘쿠엘런트’, CVS케어마크는 ‘코다비스’라는 자체 브랜드로 연내 미국 전역에 출시한다. 바이오시밀러 회사가 PBM ‘빅3’ 업체 중 두 곳과 한꺼번에 PL 공급 계약을 맺은 것은 이번이 처음이다. 빅3 업체는 미국 처방약 시장 유통의 총 80%를 점유하고 있고, 이 중 익스프레스스크립츠와 CVS케어마크의 점유율은 두 회사를 합쳐 57%에 달한다. PBM은 의료보험이 민영화된 미국에서 의약품 유통구조의 최상단에 있다. 의약품의 진입과 퇴출, 가격 등을 결정한다. 삼성바이오에피스 관계자는 “미국 시장에서 환자들의 접근성을 높이기 위한 방안을 다각도로 모색중”이라며, “PBM 계약은 당사가 공개할 수 없는 사항이라 확인해 드릴 수 없다”고 말했다.세계 10대 매출 의약품인 스텔라라는 개발사인 미국 존슨앤드존슨의 특허 만료로 올해 초 미국에서 바이오시밀러 시장이 열렸다. 삼성바이오에피스와 셀트리온, 미국 암젠, 독일 포미콘, 인도 바이오콘, 아이슬란드 알보텍 등 세계 7개 바이오시밀러 기업이 이 시장에 뛰어들었다.전문가들은 미국 PBM이 수만 개 약국 네트워크 공급 물량의 90%가량을 PL 제품으로 채울 것으로 전망한다. 이 경우 삼성바이오에피스가 연간 10조원 규모 시장에서 수천억원에서 1조원 이상의 신규 매출을 올릴 것으로 추산하고 있다. 정유경 신영증권 연구위원은 “미국 스텔라라 바이오시밀러 시장 대전은 삼성바이오에피스 승리로 끝났다고 봐도 무방하다”고 말했다.2024년 산도스에 계약 빼앗겨 최고위층 접촉하면서 신뢰 쌓아약국 네트워크 7만여개 확보…""유럽 이어 美서도 1위 할 것""삼성바이오에피스가 연간 10조원 규모인 미국 자가면역질환 치료제 스텔라라 바이오시밀러(바이오의약품 복제약) 시장에서 승기를 잡았다. 경쟁사들을 제치고 현지 대형 처방약급여관리업체(PBM) 두 곳과 유통사 자체브랜드(PL) 방식의 공급 계약을 맺으며 조단위 신규 매출 창출을 예고했다. 유럽에 이어 미국 시장도 평정할 것이란 기대가 커지고 있다. ◇美 시장 57% 움켜쥔 ‘빅2’와 계약16일 업계에 따르면 PBM은 미국 민영 의료보험 체계에서 제약사, 보험사, 약국, 병원, 환자를 연결하는 유통망의 중심축이다. 삼성이 판로를 뚫은 미국 1위 PBM 익스프레스스크립츠는 전역에 6만2000여 개 약국 네트워크를 보유하고 있다. 2위인 CVS케어마크 역시 9000개 이상의 직영 약국과 1000여 개 클리닉을 운영하고 있다. 두 회사가 관리하는 환자만 2억 명으로, 미국 전체 처방약 유통 시장의 57%를 차지한다. 두 회사의 연간 관련 사업 매출은 350조원에 달한다.익스프레스스크립츠 등은 임상의학적 효능과 안전성, 공급 안정성, 가격 등의 요인을 평가해 자사 PL 제품으로 삼성바이오에피스의 스텔라라(성분명 우스테키누맙) 바이오시밀러를 선정한 것으로 알려졌다. 스텔라라는 미국 제약사 얀센(존슨앤드존슨 자회사)이 개발한 판상 건선, 건선성 관절염, 크론병, 궤양성 대장염 등 자가면역질환 치료제다. ◇23조원 시장 판도 바꿔PL 제품은 세계 최대 매출 의약품인 자가면역질환 치료제 휴미라의 연 23조원 규모 미국 시장 판도부터 바꿨다. 2023년 당시 아홉 곳의 세계 바이오시밀러 업체가 이 시장에 경쟁적으로 진출했지만 초기 시장점유율은 다 합쳐도 2%에 불과했다. 오리지널 의약품 회사인 미국 대형 제약사 애브비의 철통 방어 때문이었다. 하지만 CVS케어마크가 스위스 제약사 산도스와 손잡고 지난해 1월 사상 첫 PL 바이오시밀러 제품을 출시하자 시장이 뒤집어졌다. 출시 3개월 만에 시장점유율 15%를 장악하며 애브비의 아성을 흔들었다. 시장 관계자는 “PBM이 PL 제품을 통해 제조·처방·유통을 통합 관리하면서 중간 유통 비용이 절감돼 환자에게 더 저렴한 가격에 바이오시밀러 공급이 가능해졌다”고 말했다. 삼성바이오에피스는 휴미라 바이오시밀러 출시 당시 CVS케어마크와 협상을 통해 세계 최초 PL 제품 출시를 준비했으나 아깝게 산도스에 자리를 내준 것으로 알려졌다.휴미라 시장에서 PL의 위력을 목격한 바이오시밀러 회사들은 앞다퉈 PBM과 손잡고자 했지만 4년 전부터 준비한 삼성바이오에피스가 빅3 PBM 중 두 곳을 잡아 최종 승자가 됐다. 삼성바이오에피스는 PBM의 신뢰를 얻기 위해 전임 고한승 사장(현 삼성전자 미래사업기획단 사장) 시절부터 현 김경아 사장까지 4년간 연간 수십 차례 미국을 방문해 PBM 최고위층을 설득한 것으로 알려졌다. 업계 관계자는 “PBM들은 미국 대형 제약사(빅파마) 실적도 좌우하는 ‘초갑’ 위치기 때문에 제아무리 ‘삼성’ 브랜드로 접근해도 초기엔 만나주지도 않았다”며 “삼성바이오에피스 임원들이 PBM 최고위층의 별장까지 찾아가는 끈질긴 노력 끝에 신뢰를 얻었다”고 소개했다. ◇유럽 이어 美도 1위 기대시장에선 10조원 규모 미국 시장에서 삼성바이오에피스가 최소 10% 이상을 확보할 것으로 기대하고 있다. 업계 관계자는 “바이오시밀러 출시로 가격이 40~80%가량 내려가기 때문에 시장 규모가 기존 대비 줄어들 것”이라면서도 “장기적으로 신규 매출을 수조원까지 기대할 수 있을 것”이라고 말했다.삼성바이오에피스는 이미 유럽에선 스텔라라 바이오시밀러 시장 점유율 43%로 1위다. 독일 이탈리아 스웨덴 핀란드 포르투갈 등 유럽 8개국에서 1위를 달리고 있다. 또 다른 자가면역질환 치료제인 엔브렐 바이오시밀러 시장과 희귀 혈액질환 치료제 솔리리스 바이오시밀러 시장에서도 유럽 1위를 차지하고 있다.삼성바이오에피스는 삼성바이오로직스 인적 분할로 오는 10월 투자지주회사인 삼성에피스홀딩스 아래로 편입될 예정이다.안대규 기자 powerzanic@hankyung.com",https://www.hankyung.com/article/2025071627151,2025.07.16 17:28
[투자운세] 5월30일(내일) 궁합이 맞는 종목은?,,"2025년 5월 30일 내일 관심가질 종목입니다1.쥐띠 : 어설픈 상담자가 투자를 망친다60년생 (HL만도, 에이피알) 72년생 (풍산, CJ) 84년생 (파마리서치, LS)2.소띠 : 움직이지 않는 주식에는 손을 대지 마라61년생 (한전기술, 효성첨단소재) 73년생 (LS머트리얼즈, 레이크머티리얼즈) 85년생 (두산, 효성중공업)3.호랑이띠 : 과거나 현재에 연연하지 말고 미래를 내다보라62년생 (두산퓨얼셀, 한화솔루션) 74년생 (엔켐, LG화학) 86년생 (에이비엘바이오, 이오테크닉스)4.토끼띠 : 알고 행하지 않는 것은 모르는 것과 같다63년생 (롯데케미칼, 효성티앤씨) 75년생 (LS ELECTRIC, 두산에너빌리티) 87년생 (위메이드, SKC)5.용띠 : 사슴을 쫓는 자는 토끼를 쳐다보지 마라64년생 (금호석유, 효성) 76년생 (HPSP, 한온시스템) 88년생 (HMM, 테크윙)6.뱀띠 : 도미를 사러 가서 정어리를 사지말라65년생 (SK, 스튜디오드래곤) 77년생 (SK이노베이션, F&F) 89년생 (한화, 케어젠)




 

7.말띠 : 방심은 가까운 곳의 최대 적이다66 년생 (유진테크, 셀트리온) 78년생 (엔씨소프트, 금호타이어) 90년생 (크래프톤, 삼성카드)8.양띠 : 시세는 시세에 물어라67년생 (대한전선, 에스티팜) 79년생 (아모레퍼시픽, HD현대) 91년생 (SK바이오팜, 휴젤)9.원숭이띠 : 매매기준은 대세흐름을 봐야 한다68년생 (리가켐바이오, 한샘) 80년생 (한전KPS, DL이앤씨) 92년생 (한진칼, 호텔신라)10.닭띠 : 모두가 비관할 때 바보처럼 사 두라69년생 (삼성전기, LG생활건강) 81년생 (클래시스, 와이씨) 93년생 (현대백화점, LG디스플레이)11.개띠 : 최후시세가 가장 크다.70년생 (대덕전자, 한국콜마) 82년생 (삼성SDI, 팬오션) 94년생 (신세계, KCC)12.돼지띠 : 성공과 실패의 원인을 분석하고 그것을 토대로 행동을 개선하라71년생 (씨에스윈드, LG) 83년생 (한올바이오파마, 에스디바이오센서) 95년생 (LX세미콘, 셀트리온제약)링크종목 – 메가터치, 위더스제약, 나우로보틱스, 플루토스, 탑머티리얼무료상담",https://www.hankyung.com/article/202505292520a,2025.05.29 14:18
합리적 투자 필수! 증권사 신용대출 3%대 전환으로 이자 절감,,"전송종목 : 한화솔루션, 영원무역홀딩스, OCI홀딩스, LS ELECTRIC, 고려아연최근 주식 투자자들 사이에서 주식대출(미수/신용융자 등)의 고금리에 대한 부담이 커지고 있다.특히 저금리를 적용 받고 싶어도, 기존 대출을 상환하고 다시 주식을 매수해야 하는 번거로운 절차와 자금 조달의 어려움이 발목을 잡고 있다.이런 현실적인 문제를 해결하고자, 무빙스탁이 ‘증권사 신용, 대환자금대출’ 서비스를 전격 출시했다.이 상품은 주식을 매도하지 않고도, 기존의 고금리의 주식대출(미수/신용융자 등)의 3%대의 혁신적인 저금리 증권사로 전환할 수 있도록 상환자금을 제공하는 것이 핵심이다.무빙스탁 관계자는 “현재 증권사 이벤트 금리는 연 3%대 수준으로, 기존 9~10%대 고금리를 적용받는 투자자라면 절감 효과가 상당하다”며, 금리를 5%만 낮추면 “1억원 신용대출 기준으로 연간 약 500만원, 3억원이라면 1,500만원까지도 절약할 수 있다”고 밝혔다.더 놀라운 점은, 현재는 이벤트 기간으로 대환자금대출 신청시 발생하는 이자 비용까지 ‘0원’이라는 사실이다. 대환자금에 대해서 하루의 대출이자도 부담하지 않고 기존 고금리 대출을 저금리로 전환할 수 있어, 고금리 부담에 시달리던 투자자들에게 큰 호응을 얻을 전망이다.이 서비스는 부동산 시장에서 흔히 이용되던 대환대출 개념을 증권시장에 도입한 혁신적인 시도로, 주식 투자자들의 자금 운용에 새로운 대안을 제시할 것으로 기대된다.무빙스탁 ‘증권사 신용, 대환자금대출’의 비용 무료 이벤트는 이벤트 기간 동안 한정적으로 제공되는 만큼, 신용융자를 이용 중인 투자자라면 지금 바로 확인해볼 필요가 있다.★ 장마감 시간이 가까워질수록 문의가 많아 상담이 지연될 수 있습니다.★ 7월 문의하신 고객들이 많이 보유하신 종목으로는 삼성전자, POSCO홀딩스, 셀트리온, 포스코퓨처엠, 에코프로비엠, NAVER, 에코프로, 삼성SDI, LG화학, SK하이닉스, 두산에너빌리티, 카카오, SK이노베이션, LG에너지솔루션, 엘앤에프, 삼천당제약, 현대차, 알테오젠, HPSP, LG전자 등이 있습니다.★ 안내사항과도한 빚은 당신에게 큰 불행을 안겨줄 수 있습니다. 대출 시 신용등급 하락으로 다른 금융거래가 제약받을 수 있습니다. 중개수수료를 요구하거나 받는 것은 불법입니다.상호명: ㈜단비대부 2021-서울영등포-2102(대부업) | TEL: 1544-4886 | 대출금리: 연 20%이내(연체금리는 약정금리+3%p이내, 최대 연 20%이내) | 단, 2021. 7. 7.부터 신규체결, 갱신, 연장되는 계약에 한함 | 채무의 조기상환 조건 및 부대비용 없음. (단, 신용조회비용 및 담보권설정비용 있음), 이자 외 별도로 중개수수료를 요구하거나 수취하는 것은 불법입니다. | 대표이사: 박동원 | 사업자등록번호: 274-86-00231 | 등록기관명칭: 서울 영등포구청(담당부서: 일자리경제과, 02-2670-3420) | 소재지 : 서울 영등포구 여의대방로67길 11, 5층 517호 | 개인정보관리자메일: help@danbifund.co.kr무료상담",https://www.hankyung.com/article/202507071516a,2025.07.07 13:28
"오전 이슈 [나트륨배터리] : 자이글, 애경케미칼, 메가터치, 대보마그네틱, 나인테크",,"라씨 매매비서 (주식AI앱) 매일 장전부터 장마감까지 시간별로 업데이트되는 오늘의 이슈 오전 이슈 : 나트륨배터리 이슈 버블 차트 




 

 7/2 오전 10:16 기준 버블 차트 클릭시 앱을 쉽게 다운 받을 수 있습니다.  다운이 안될 경우, 구글플레이 또는 앱스토어에서 라씨 매매비서를 검색하세요. 오전 핫이슈 : 나트륨배터리 




 

  나트륨배터리 연관 종목    연관종목 등락률 AI매매신호상태   #자이글 17.53% [관망중]   #애경케미칼 15.95% [관망중]   #메가터치 13.95% [오늘매도]   #대보마그네틱 6.63% [관망중]   #나인테크 1.59% [관망중]   ▶ 종목별 AI매매신호 매매내역 자세히 보기  ▶ 오전 핫 이슈 및 오늘의 이슈 전체 보기  




 

차트 클릭시 앱을 쉽게 다운 받으실 수 있습니다.  나트륨배터리 이슈 내용 요약 : 中, 韓 독무대 삼원계로… 핵심 내용:  • 한국은 고에너지 밀도의 삼원계 배터리(NCM·NCA), 중국은 저렴한 LFP 배터리 전략 • 최근 한국도 LFP 개발, 중국은 삼원계 배터리 확대 추세 • CATL, 헝가리 공장에서 LFP와 삼원계 모두 생산 계획 • BMW 전기차에 CATL 삼원계 배터리 채택률 70% • 전고체 배터리 개발은 한중 비슷하지만, 중국 정부 지원이 10배 • 나트륨 배터리는 중국이 개발 완료·양산 예정, 한국은 상용화 계획 미정 요약 내용: 한국과 중국은 배터리 전략에서 상반된 길을 걸어왔지만 최근엔 서로의 영역으로 확장 중이다. CATL은 삼원계로, 한국은 LFP로 진출하며 경쟁 중이다. 미래 기술인 전고체·나트륨 배터리에서도 중국이 정부 지원을 등에 업고 한국을 추월할 조짐을 보이고 있다.  ▶ 이슈 내용 자세히 보기※ [나트륨배터리] 이슈 관련 종목 : 자이글, 애경케미칼, 메가터치, 대보마그네틱, 나인테크※ AI 관심 종목 : HD현대건설기계, 한화솔루션, 셀트리온, 크라운제과, 애경산업 [ ▶ AI 관심 종목 매매내역 자세히 보기 ]




 

안녕하세요? 주식AI 라씨 매매비서 입니다.자본시장법 개정으로 인해 주식투자자들의 피해가 많았던 주식리딩방, 유튜브, 증권방송에 대해 규제가 강화 되었다.때문에 요즘 주식투자의 트렌드로 주식AI매매 이용이 주식 투자자들에게 필수앱으로 올라섰다.여의도 증권가에서는 주식AI앱인 라씨 매매비서를 투자 정보로 적극 활용 하고 있다. 라씨매매비서는 ETF까지코스피, 코스닥은 물론 ETF까지 전 종목에 대해 AI매매신호를 실시간 발생한다.라씨매매비서를 이용하는 사람들은 한번에 최대 500종목까지 발생 신호를 실시간으로 받아 볼 수 있다.또한 개별 종목에서 나의 보유 매수가를 입력하면, 나만의 매도신호도 개별적으로 받을 수 있다.라씨매매비서는 무료로 AI매매신호 내역을1초 회원가입으로 암호화된 아이디외 다른 정보를 수집하지도 않아, 내 개인정보도 지킬 수 있다.로그인 후에는 매일 5종목에 대해서 무료로 AI매매내역을 100% 볼 수 있으니, 종목 정보 활용도가 매우 좋다.라씨매매비서는 SBS방송 출연을SBS 세기의대결 주식투자 AI VS 인간 대결에 출연한 바로 그 AI가 탑재 되어 있다.현재는 더욱 학습되어 고도화된 AI매매신호를 발생하고 있어, 이용자들의 호응이 아주 크다.
                    



 

QR코드를 카메라로 찍으면 앱을 쉽게 다운로드 할 수 있습니다.  라씨매매비서앱은 구글플레이, 애플 앱스토어에서 무료로 다운로드 됩니다. 




 

프리미엄 서비스 22% 상시 할인 행사중!! ( 최대 500종목 AI매매신호 실시간 받기 가능 )




 

 이미지 클릭시 앱을 쉽게 다운 받을 수 있습니다.무료상담",https://www.hankyung.com/article/202507023589a,2025.07.02 12:33
"더존비즈온, AI·클라우드 기반 성장 모멘텀으로 주가 상승세 지속",,"더존비즈온(012510)이 최근 주식시장에서 상승세를 이어가며 주목받고 있다.회사는 최근 제주은행과의 디지털뱅킹 사업 협력을 발표하며 주가 상승에 긍정적인 영향을 미쳤다. 또한, 정부의 AI 산업 육성 정책에 따른 수혜 기대감과 자회사인 ONE.AI의 매출 성장 전망도 주가 상승의 주요 요인으로 작용하고 있다.더존비즈온은 기업용 소프트웨어 전문 기업으로, ERP 시스템, 클라우드 기반 플랫폼, 모바일 솔루션, 전자금융서비스 등 다양한 서비스를 제공하고 있다. 특히, ‘WEHAGO’ 플랫폼을 통해 기업의 디지털 전환을 지원하며 시장에서의 입지를 강화하고 있다.증권사들은 더존비즈온의 성장성을 높게 평가하고 있다. 삼성증권은 ‘HOLD’ 의견을 유지하며 목표주가를 68,000원으로 상향 조정했으며, 키움증권은 ‘BUY’ 의견을 유지하며 목표주가를 88,000원으로 제시했다.회사는 또한 지난해 사상 첫 연 매출 4,000억 원을 돌파하며 실적 성장을 보여주었다. 2024년 연결 기준 매출액은 4,023.32억 원으로 전년 대비 13.45% 증가했으며, 영업이익은 880.64억 원으로 21.69% 증가했다.더존비즈온은 향후 AI 기술을 기반으로 한 서비스 확장과 글로벌 시장 진출을 통해 지속적인 성장이 기대된다. 특히, 디지털뱅킹 사업과 AI 기반 솔루션의 확대는 회사의 미래 성장 동력으로 작용할 것으로 보인다.하나금융지주, 셀트리온, 리가켐바이오, 동양철관, HD현대일렉트릭무료상담",https://www.hankyung.com/article/202507023114a,2025.07.02 14:23
이자 폭탄 막자! 증권사 신용대출 3%대 전환으로 절약하는 법,,"전송종목 : 동구바이오제약, 삼성공조, 서부T&D, 태경케미컬, 보성파워텍최근 주식 투자자들 사이에서 주식대출(미수/신용융자 등)의 고금리에 대한 부담이 커지고 있다.특히 저금리를 적용 받고 싶어도, 기존 대출을 상환하고 다시 주식을 매수해야 하는 번거로운 절차와 자금 조달의 어려움이 발목을 잡고 있다.이런 현실적인 문제를 해결하고자, 무빙스탁이 ‘증권사 신용, 대환자금대출’ 서비스를 전격 출시했다.이 상품은 주식을 매도하지 않고도, 기존의 고금리의 주식대출(미수/신용융자 등)의 3%대의 혁신적인 저금리 증권사로 전환할 수 있도록 상환자금을 제공하는 것이 핵심이다.무빙스탁 관계자는 “현재 증권사 이벤트 금리는 연 3%대 수준으로, 기존 9~10%대 고금리를 적용받는 투자자라면 절감 효과가 상당하다”며, 금리를 5%만 낮추면 “1억원 신용대출 기준으로 연간 약 500만원, 3억원이라면 1,500만원까지도 절약할 수 있다”고 밝혔다.더 놀라운 점은, 현재는 이벤트 기간으로 대환자금대출 신청시 발생하는 이자 비용까지 ‘0원’이라는 사실이다. 대환자금에 대해서 하루의 대출이자도 부담하지 않고 기존 고금리 대출을 저금리로 전환할 수 있어, 고금리 부담에 시달리던 투자자들에게 큰 호응을 얻을 전망이다.이 서비스는 부동산 시장에서 흔히 이용되던 대환대출 개념을 증권시장에 도입한 혁신적인 시도로, 주식 투자자들의 자금 운용에 새로운 대안을 제시할 것으로 기대된다.무빙스탁 ‘증권사 신용, 대환자금대출’의 비용 무료 이벤트는 이벤트 기간 동안 한정적으로 제공되는 만큼, 신용융자를 이용 중인 투자자라면 지금 바로 확인해볼 필요가 있다.★ 장마감 시간이 가까워질수록 문의가 많아 상담이 지연될 수 있습니다.★ 7월 문의하신 고객들이 많이 보유하신 종목으로는 삼성전자, POSCO홀딩스, 셀트리온, 포스코퓨처엠, 에코프로비엠, NAVER, 에코프로, 삼성SDI, LG화학, SK하이닉스, 두산에너빌리티, 카카오, SK이노베이션, LG에너지솔루션, 엘앤에프, 삼천당제약, 현대차, 알테오젠, HPSP, LG전자 등이 있습니다.★ 안내사항과도한 빚은 당신에게 큰 불행을 안겨줄 수 있습니다. 대출 시 신용등급 하락으로 다른 금융거래가 제약받을 수 있습니다. 중개수수료를 요구하거나 받는 것은 불법입니다.상호명: ㈜단비대부 2021-서울영등포-2102(대부업) | TEL: 1544-4886 | 대출금리: 연 20%이내(연체금리는 약정금리+3%p이내, 최대 연 20%이내) | 단, 2021. 7. 7.부터 신규체결, 갱신, 연장되는 계약에 한함 | 채무의 조기상환 조건 및 부대비용 없음. (단, 신용조회비용 및 담보권설정비용 있음), 이자 외 별도로 중개수수료를 요구하거나 수취하는 것은 불법입니다. | 대표이사: 박동원 | 사업자등록번호: 274-86-00231 | 등록기관명칭: 서울 영등포구청(담당부서: 일자리경제과, 02-2670-3420) | 소재지 : 서울 영등포구 여의대방로67길 11, 5층 517호 | 개인정보관리자메일: help@danbifund.co.kr무료상담",https://www.hankyung.com/article/202507108867a,2025.07.10 08:53
이자 부담 최소화! 증권사 신용대출 3%대로 바꾸는 절호의 기회,,"전송종목 : 유비케어, 엠케이전자, 유나이티드제약, 동성화인텍, SJG세종최근 주식 투자자들 사이에서 주식대출(미수/신용융자 등)의 고금리에 대한 부담이 커지고 있다.특히 저금리를 적용 받고 싶어도, 기존 대출을 상환하고 다시 주식을 매수해야 하는 번거로운 절차와 자금 조달의 어려움이 발목을 잡고 있다.이런 현실적인 문제를 해결하고자, 무빙스탁이 ‘증권사 신용, 대환자금대출’ 서비스를 전격 출시했다.이 상품은 주식을 매도하지 않고도, 기존의 고금리의 주식대출(미수/신용융자 등)의 3%대의 혁신적인 저금리 증권사로 전환할 수 있도록 상환자금을 제공하는 것이 핵심이다.무빙스탁 관계자는 “현재 증권사 이벤트 금리는 연 3%대 수준으로, 기존 9~10%대 고금리를 적용받는 투자자라면 절감 효과가 상당하다”며, 금리를 5%만 낮추면 “1억원 신용대출 기준으로 연간 약 500만원, 3억원이라면 1,500만원까지도 절약할 수 있다”고 밝혔다.더 놀라운 점은, 현재는 이벤트 기간으로 대환자금대출 신청시 발생하는 이자 비용까지 ‘0원’이라는 사실이다. 대환자금에 대해서 하루의 대출이자도 부담하지 않고 기존 고금리 대출을 저금리로 전환할 수 있어, 고금리 부담에 시달리던 투자자들에게 큰 호응을 얻을 전망이다.이 서비스는 부동산 시장에서 흔히 이용되던 대환대출 개념을 증권시장에 도입한 혁신적인 시도로, 주식 투자자들의 자금 운용에 새로운 대안을 제시할 것으로 기대된다.무빙스탁 ‘증권사 신용, 대환자금대출’의 비용 무료 이벤트는 이벤트 기간 동안 한정적으로 제공되는 만큼, 신용융자를 이용 중인 투자자라면 지금 바로 확인해볼 필요가 있다.★ 장마감 시간이 가까워질수록 문의가 많아 상담이 지연될 수 있습니다.★ 7월 문의하신 고객들이 많이 보유하신 종목으로는 삼성전자, POSCO홀딩스, 셀트리온, 포스코퓨처엠, 에코프로비엠, NAVER, 에코프로, 삼성SDI, LG화학, SK하이닉스, 두산에너빌리티, 카카오, SK이노베이션, LG에너지솔루션, 엘앤에프, 삼천당제약, 현대차, 알테오젠, HPSP, LG전자 등이 있습니다.★ 안내사항과도한 빚은 당신에게 큰 불행을 안겨줄 수 있습니다. 대출 시 신용등급 하락으로 다른 금융거래가 제약받을 수 있습니다. 중개수수료를 요구하거나 받는 것은 불법입니다.상호명: ㈜단비대부 2021-서울영등포-2102(대부업) | TEL: 1544-4886 | 대출금리: 연 20%이내(연체금리는 약정금리+3%p이내, 최대 연 20%이내) | 단, 2021. 7. 7.부터 신규체결, 갱신, 연장되는 계약에 한함 | 채무의 조기상환 조건 및 부대비용 없음. (단, 신용조회비용 및 담보권설정비용 있음), 이자 외 별도로 중개수수료를 요구하거나 수취하는 것은 불법입니다. | 대표이사: 박동원 | 사업자등록번호: 274-86-00231 | 등록기관명칭: 서울 영등포구청(담당부서: 일자리경제과, 02-2670-3420) | 소재지 : 서울 영등포구 여의대방로67길 11, 5층 517호 | 개인정보관리자메일: help@danbifund.co.kr무료상담",https://www.hankyung.com/article/202507111594a,2025.07.11 11:38
고금리 이자 폭탄 피하는 법! 증권사 대출 3%대로 줄이기,,"전송종목 : HD현대중공업, 두산퓨얼셀, 하이브, 솔브레인, SK아이이테크놀로지최근 주식 투자자들 사이에서 주식대출(미수/신용융자 등)의 고금리에 대한 부담이 커지고 있다.특히 저금리를 적용 받고 싶어도, 기존 대출을 상환하고 다시 주식을 매수해야 하는 번거로운 절차와 자금 조달의 어려움이 발목을 잡고 있다.이런 현실적인 문제를 해결하고자, 무빙스탁이 ‘증권사 신용, 대환자금대출’ 서비스를 전격 출시했다.이 상품은 주식을 매도하지 않고도, 기존의 고금리의 주식대출(미수/신용융자 등)의 3%대의 혁신적인 저금리 증권사로 전환할 수 있도록 상환자금을 제공하는 것이 핵심이다.무빙스탁 관계자는 “현재 증권사 이벤트 금리는 연 3%대 수준으로, 기존 9~10%대 고금리를 적용받는 투자자라면 절감 효과가 상당하다”며, 금리를 5%만 낮추면 “1억원 신용대출 기준으로 연간 약 500만원, 3억원이라면 1,500만원까지도 절약할 수 있다”고 밝혔다.더 놀라운 점은, 현재는 이벤트 기간으로 대환자금대출 신청시 발생하는 이자 비용까지 ‘0원’이라는 사실이다. 대환자금에 대해서 하루의 대출이자도 부담하지 않고 기존 고금리 대출을 저금리로 전환할 수 있어, 고금리 부담에 시달리던 투자자들에게 큰 호응을 얻을 전망이다.이 서비스는 부동산 시장에서 흔히 이용되던 대환대출 개념을 증권시장에 도입한 혁신적인 시도로, 주식 투자자들의 자금 운용에 새로운 대안을 제시할 것으로 기대된다.무빙스탁 ‘증권사 신용, 대환자금대출’의 비용 무료 이벤트는 이벤트 기간 동안 한정적으로 제공되는 만큼, 신용융자를 이용 중인 투자자라면 지금 바로 확인해볼 필요가 있다.★ 장마감 시간이 가까워질수록 문의가 많아 상담이 지연될 수 있습니다.★ 7월 문의하신 고객들이 많이 보유하신 종목으로는 삼성전자, POSCO홀딩스, 셀트리온, 포스코퓨처엠, 에코프로비엠, NAVER, 에코프로, 삼성SDI, LG화학, SK하이닉스, 두산에너빌리티, 카카오, SK이노베이션, LG에너지솔루션, 엘앤에프, 삼천당제약, 현대차, 알테오젠, HPSP, LG전자 등이 있습니다.★ 안내사항과도한 빚은 당신에게 큰 불행을 안겨줄 수 있습니다. 대출 시 신용등급 하락으로 다른 금융거래가 제약받을 수 있습니다. 중개수수료를 요구하거나 받는 것은 불법입니다.상호명: ㈜단비대부 2021-서울영등포-2102(대부업) | TEL: 1544-4886 | 대출금리: 연 20%이내(연체금리는 약정금리+3%p이내, 최대 연 20%이내) | 단, 2021. 7. 7.부터 신규체결, 갱신, 연장되는 계약에 한함 | 채무의 조기상환 조건 및 부대비용 없음. (단, 신용조회비용 및 담보권설정비용 있음), 이자 외 별도로 중개수수료를 요구하거나 수취하는 것은 불법입니다. | 대표이사: 박동원 | 사업자등록번호: 274-86-00231 | 등록기관명칭: 서울 영등포구청(담당부서: 일자리경제과, 02-2670-3420) | 소재지 : 서울 영등포구 여의대방로67길 11, 5층 517호 | 개인정보관리자메일: help@danbifund.co.kr무료상담",https://www.hankyung.com/article/202507248235a,2025.07.24 09:43
이자 부담 최소화! 증권사 신용대출 3%대로 바꾸는 절호의 기회,,"전송종목 : 아이티센글로벌, KB금융, 메가터치, 대보마그네틱, HD한국조선해양최근 주식 투자자들 사이에서 주식대출(미수/신용융자 등)의 고금리에 대한 부담이 커지고 있다.특히 저금리를 적용 받고 싶어도, 기존 대출을 상환하고 다시 주식을 매수해야 하는 번거로운 절차와 자금 조달의 어려움이 발목을 잡고 있다.이런 현실적인 문제를 해결하고자, 무빙스탁이 ‘증권사 신용, 대환자금대출’ 서비스를 전격 출시했다.이 상품은 주식을 매도하지 않고도, 기존의 고금리의 주식대출(미수/신용융자 등)의 3%대의 혁신적인 저금리 증권사로 전환할 수 있도록 상환자금을 제공하는 것이 핵심이다.무빙스탁 관계자는 “현재 증권사 이벤트 금리는 연 3%대 수준으로, 기존 9~10%대 고금리를 적용받는 투자자라면 절감 효과가 상당하다”며, 금리를 5%만 낮추면 “1억원 신용대출 기준으로 연간 약 500만원, 3억원이라면 1,500만원까지도 절약할 수 있다”고 밝혔다.더 놀라운 점은, 현재는 이벤트 기간으로 대환자금대출 신청시 발생하는 이자 비용까지 ‘0원’이라는 사실이다. 대환자금에 대해서 하루의 대출이자도 부담하지 않고 기존 고금리 대출을 저금리로 전환할 수 있어, 고금리 부담에 시달리던 투자자들에게 큰 호응을 얻을 전망이다.이 서비스는 부동산 시장에서 흔히 이용되던 대환대출 개념을 증권시장에 도입한 혁신적인 시도로, 주식 투자자들의 자금 운용에 새로운 대안을 제시할 것으로 기대된다.무빙스탁 ‘증권사 신용, 대환자금대출’의 비용 무료 이벤트는 이벤트 기간 동안 한정적으로 제공되는 만큼, 신용융자를 이용 중인 투자자라면 지금 바로 확인해볼 필요가 있다.★ 장마감 시간이 가까워질수록 문의가 많아 상담이 지연될 수 있습니다.★ 6월 문의하신 고객들이 많이 보유하신 종목으로는 삼성전자, POSCO홀딩스, 셀트리온, 포스코퓨처엠, 에코프로비엠, NAVER, 에코프로, 삼성SDI, LG화학, SK하이닉스, 두산에너빌리티, 카카오, SK이노베이션, LG에너지솔루션, 엘앤에프, 삼천당제약, 현대차, 알테오젠, HPSP, LG전자 등이 있습니다.★ 안내사항과도한 빚은 당신에게 큰 불행을 안겨줄 수 있습니다. 대출 시 신용등급 하락으로 다른 금융거래가 제약받을 수 있습니다. 중개수수료를 요구하거나 받는 것은 불법입니다.상호명: ㈜단비대부 2021-서울영등포-2102(대부업) | TEL: 1544-4886 | 대출금리: 연 20%이내(연체금리는 약정금리+3%p이내, 최대 연 20%이내) | 단, 2021. 7. 7.부터 신규체결, 갱신, 연장되는 계약에 한함 | 채무의 조기상환 조건 및 부대비용 없음. (단, 신용조회비용 및 담보권설정비용 있음), 이자 외 별도로 중개수수료를 요구하거나 수취하는 것은 불법입니다. | 대표이사: 박동원 | 사업자등록번호: 274-86-00231 | 등록기관명칭: 서울 영등포구청(담당부서: 일자리경제과, 02-2670-3420) | 소재지 : 서울 영등포구 여의대방로67길 11, 5층 517호 | 개인정보관리자메일: help@danbifund.co.kr무료상담",https://www.hankyung.com/article/202506273212a,2025.06.27 14:18
"주식신용 고금리 방치, 1년 뒤 통장에 1,500만원이 없습니다",,"전송종목 : 이오테크닉스, 한국앤컴퍼니, 파크시스템스, 솔브레인, 금호타이어매일 4만 원씩, 1년이면 약 1,500만 원, 이 돈은 누구의 통장으로 들어갈까요?당신이 가만히 있는 순간에도, 고금리 증권사는 웃고 있습니다.최근 주식 투자자들 사이에서는 신용융자, 미수 등 증권사의 고금리 대출의 이자 부담이 뜨거운 감자로 떠오르고 있다.많은 투자자들이 “금리를 낮추고 싶다”고 말하지만, 기존 대출 상환 후 재매수라는 번거로운 절차에 자금 마련까지 어려워 그냥 방치하고 마는 경우가 다반사이다.이러한 고금리의 증권사 신용 및 담보대출 이용자들의 악순환을 끊을 방법이 생겼다.바로 무빙스탁의 ‘증권사 신용, 대환자금대출’ 서비스가 출시된 것이다.이 서비스는 보유 주식을 매도하지 않고, 기존 고금리 주식대출(신용/미수 등)을 연 3%대의 저금리 상품으로 전환할 수 있도록 상환자금을 지원하는 것이 핵심이다.무빙스탁 관계자는 “금리를 5%만 낮춰도, 신용대출 3억 원 기준 무려 1,500만 원의 이자 절감 효과가 있습니다.” 라고 밝혔다.더 놀라운 사실은, 지금 이벤트 기간 중 신청하면 대환자금 이자까지 0원이라는 점이다. 단 하루의 이자 부담도 없이, 기존 고금리를 완전히 벗어날 수 있는 절호의 기회이다.무빙스탁 ‘증권사 신용, 대환자금대출’의 비용 무료 이벤트는 이벤트 기간 동안 한정적으로 제공되는 만큼, 고금리의 신용융자를 이용 중인 투자자라면 지금 바로 확인해볼 필요가 있다.★ 장마감 시간이 가까워질수록 문의가 많아 상담이 지연될 수 있습니다.★ 5월 문의하신 고객들이 많이 보유하신 종목으로는 삼성전자, POSCO홀딩스, 셀트리온, 포스코퓨처엠, 에코프로비엠, NAVER, 에코프로, 삼성SDI, LG화학, SK하이닉스, 두산에너빌리티, 카카오, SK이노베이션, LG에너지솔루션, 엘앤에프, 삼천당제약, 현대차, 알테오젠, HPSP, LG전자 등이 있습니다.★ 안내사항과도한 빚은 당신에게 큰 불행을 안겨줄 수 있습니다. 대출 시 신용등급 하락으로 다른 금융거래가 제약받을 수 있습니다. 중개수수료를 요구하거나 받는 것은 불법입니다.상호명: ㈜단비대부 2021-서울영등포-2102(대부업) | TEL: 1544-4886 | 대출금리: 연 20%이내(연체금리는 약정금리+3%p이내, 최대 연 20%이내) | 단, 2021. 7. 7.부터 신규체결, 갱신, 연장되는 계약에 한함 | 채무의 조기상환 조건 및 부대비용 없음. (단, 신용조회비용 및 담보권설정비용 있음), 이자 외 별도로 중개수수료를 요구하거나 수취하는 것은 불법입니다. | 대표이사: 박동원 | 사업자등록번호: 274-86-00231 | 등록기관명칭: 서울 영등포구청(담당부서: 일자리경제과, 02-2670-3420) | 소재지 : 서울 영등포구 여의대방로67길 11, 5층 517호 | 개인정보관리자메일: help@danbifund.co.kr무료상담",https://www.hankyung.com/article/202505289870a,2025.05.28 14:16
"[마켓PRO] 고수들, '실적 기대' 일진전기 집중매수…삼성重 이익실현",,"※한경 마켓PRO 텔레그램을 구독하시면 프리미엄 투자 콘텐츠를 보다 편리하게 볼 수 있습니다. 텔레그램에서 ‘마켓PRO’를 검색하면 가입할 수 있습니다.투자수익률 상위 1％ 고수들이 8일 오전 일진전기를 집중 매수했다. 반면 삼성중공업은 가장 많이 팔았다.이날 미래에셋엠클럽에 따르면 미래에셋증권 계좌로 주식을 거래하는 수익률 상위 1％ 고수들은 개장 직후부터 오전 10시까지 국내 증시에서 일진전기, SK하이닉스, 셀트리온 등을 많이 순매수했다. 일진전기는 북미 전력 인프라 수요 급증으로 관심을 받고 있다. SK하이닉스는 AI용 HBM(고대역폭메모리) 분야에서의 압도적인 경쟁력으로 삼성전자와의 시가총액 격차를 좁히는 중이다. 셀트리온은 연이은 자사주 소각으로 주주가치 제고에 나서고 있다.
                    




                이 시각 고수들이 가장 많이 순매도하고 있는 종목은 삼성중공업, 태웅, 삼성전자 등으로 나타났다. 삼성중공업은 이날 오후 2시 현재 7% 넘게 상승하며 이익실현을 자극했다. 최근 두 달 동안 주가가 가파르게 오른 단조 부품업체 태웅도 4.0% 상승세다.
                    




                이태호 기자 thlee@hankyung.com",https://www.hankyung.com/article/202507084982i,2025.07.08 14:33
"삼천피 돌파 타진…코스피, 중동發 위기 딛고 2960선 상승 흐름","코스피 3000선 돌파 눈앞
중동 긴장감에 눈치보기

SK하이닉스, 장중 26만원 사상 최고가
증권주 '강세'·대왕고래 관련주 '와르르'","코스피가 3000선에 다가선 17일 서울 하나은행 본점 딜링룸에서 딜러들이 업무를 보고 있다. 사진=연합뉴스

                17일 코스피지수가 중동 발(發) 지정학적 리스크를 딛고 상승 흐름을 이어가면서 코로나19 팬데믹 기간 이후 3000선 돌파를 시도하고 있다.이날 오전 11시29분 현재 코스피지수는 전일 대비 0.55% 오른 2962.91을 기록 중이다. 2950선에서 상승 출발한 코스피지수는 장중 한때 상단을 2998.62포인트까지 높이면서 3000선을 넘보기도 했지만 중동 긴장감이 계속되면서 상단이 제한되고 있는 모습이다.앞서 미국 증시는 이날 이란의 휴전 협상 신호에 긍정적으로 반응하면서 주요 지수가 동반 상승했다. 로이터통신은 이란이 도널드 트럼프 미국 대통령에게 이스라엘과의 휴전과 함께 핵 협상 재개를 바란다는 뜻을 전했다고 보도했다.이 시각 유가증권시장에서 개인은 2363억원 순매수를 기록 중이다. 외국인과 기관은 각각 1920억원과 364억원 매도우위다.코스피 시가총액 상위종목들은 대부분 상승하고 있다. 삼성전자와 SK하이닉스가 각각 2.27%와 2.82% 오름세다. 특히 SK하이닉스는 장중 26만원대를 돌파하면서 신고가를 갈아치웠다.LG에너지솔루션(0.17%), 현대차(1.49%), KB금융(0.19%), 기아(1.74%), 두산에너빌리티(2.01%), 셀트리온(0.37%) 등도 상승하고 있다.반면 삼성바이오로직스(-0.1%), 한화에어로스페이스(-1.34%), HD현대중공업(-2.12%), 네이버(-0.48%) 등은 하락하고 있다.새 정부 증시 부양 기대감에 상상인증권, 미래에셋증권, 한국금융지주 등이 강세다. 동해 가스전 탐사 예산 삭감 가능성 소식 이후 동양철관(-10.5%), 포스코인터내셔널(-6.96%), 하이스틸(-6.25%) 등이 떨어지고 있다.코스닥지수도 상승하고 있다. 이 시각 현재 코스닥지수는 전일 대비 0.42% 오른 780.42를 기록 중이다. 코스닥시장에서도 개인이 610억원 순매수인 반면 외국인과 기관은 각각 330억원과 100억원 매도우위다.코스닥 시총 상위주들은 혼조세다. 알테오젠, 에코프로비엠, HLB, 클래시스, 삼천당제약은 상승하고 있는 반면 에코프로, 레인보우로보틱스, 파마리서치, 휴젤, 펩트론은 하락하고 있다.한지영 키움증권 연구원은 ""이스라엘-이란의 군사 충돌이 조속히 마무리 될 가능성은 크지 않으나 기존 증시 상승 추세를 훼손시키는 대형 악재로 격화될 여지는 제한적""이라며 ""2022년 러시아-우크라이나 전쟁 등 전면전 수준의 위기 사례를 제외하면 지정학적 쇼크는 단기 주가 이벤트에 그쳤다""고 분석했다.노정동 한경닷컴 기자 dong2@hankyung.com",https://www.hankyung.com/article/2025061701276,2025.06.17 11:30
"증권사 신용대출, 3%대 금리로 바꾸는 가장 쉬운 방법",,"전송종목 : 두산밥캣, 넷마블, 스튜디오드래곤, 실리콘투, 크래프톤최근 주식 투자자들 사이에서 주식대출(미수/신용융자 등)의 고금리에 대한 부담이 커지고 있다.특히 저금리를 적용 받고 싶어도, 기존 대출을 상환하고 다시 주식을 매수해야 하는 번거로운 절차와 자금 조달의 어려움이 발목을 잡고 있다.이런 현실적인 문제를 해결하고자, 무빙스탁이 ‘증권사 신용, 대환자금대출’ 서비스를 전격 출시했다.이 상품은 주식을 매도하지 않고도, 기존의 고금리의 주식대출(미수/신용융자 등)의 3%대의 혁신적인 저금리 증권사로 전환할 수 있도록 상환자금을 제공하는 것이 핵심이다.무빙스탁 관계자는 “현재 증권사 이벤트 금리는 연 3%대 수준으로, 기존 9~10%대 고금리를 적용받는 투자자라면 절감 효과가 상당하다”며, 금리를 5%만 낮추면 “1억원 신용대출 기준으로 연간 약 500만원, 3억원이라면 1,500만원까지도 절약할 수 있다”고 밝혔다.더 놀라운 점은, 현재는 이벤트 기간으로 대환자금대출 신청시 발생하는 이자 비용까지 ‘0원’이라는 사실이다. 대환자금에 대해서 하루의 대출이자도 부담하지 않고 기존 고금리 대출을 저금리로 전환할 수 있어, 고금리 부담에 시달리던 투자자들에게 큰 호응을 얻을 전망이다.이 서비스는 부동산 시장에서 흔히 이용되던 대환대출 개념을 증권시장에 도입한 혁신적인 시도로, 주식 투자자들의 자금 운용에 새로운 대안을 제시할 것으로 기대된다.무빙스탁 ‘증권사 신용, 대환자금대출’의 비용 무료 이벤트는 이벤트 기간 동안 한정적으로 제공되는 만큼, 신용융자를 이용 중인 투자자라면 지금 바로 확인해볼 필요가 있다.★ 장마감 시간이 가까워질수록 문의가 많아 상담이 지연될 수 있습니다.★ 7월 문의하신 고객들이 많이 보유하신 종목으로는 삼성전자, POSCO홀딩스, 셀트리온, 포스코퓨처엠, 에코프로비엠, NAVER, 에코프로, 삼성SDI, LG화학, SK하이닉스, 두산에너빌리티, 카카오, SK이노베이션, LG에너지솔루션, 엘앤에프, 삼천당제약, 현대차, 알테오젠, HPSP, LG전자 등이 있습니다.★ 안내사항과도한 빚은 당신에게 큰 불행을 안겨줄 수 있습니다. 대출 시 신용등급 하락으로 다른 금융거래가 제약받을 수 있습니다. 중개수수료를 요구하거나 받는 것은 불법입니다.상호명: ㈜단비대부 2021-서울영등포-2102(대부업) | TEL: 1544-4886 | 대출금리: 연 20%이내(연체금리는 약정금리+3%p이내, 최대 연 20%이내) | 단, 2021. 7. 7.부터 신규체결, 갱신, 연장되는 계약에 한함 | 채무의 조기상환 조건 및 부대비용 없음. (단, 신용조회비용 및 담보권설정비용 있음), 이자 외 별도로 중개수수료를 요구하거나 수취하는 것은 불법입니다. | 대표이사: 박동원 | 사업자등록번호: 274-86-00231 | 등록기관명칭: 서울 영등포구청(담당부서: 일자리경제과, 02-2670-3420) | 소재지 : 서울 영등포구 여의대방로67길 11, 5층 517호 | 개인정보관리자메일: help@danbifund.co.kr무료상담",https://www.hankyung.com/article/202507096253a,2025.07.09 08:33
"02일, 기관 거래소에서 KB금융(-4.12%), SK하이닉스(+1.47%) 등 순매도",,"기관 투자자는 02일 거래소에서 KB금융, SK하이닉스, 삼성전자 등을 중점적으로 매도한 것으로 나타났다.기관 투자자의 순매도 상위 20개 종목은 KB금융, SK하이닉스, 삼성전자, KODEX 레버리지, 신한지주, 현대차, KODEX 200, 하나금융지주, KT, 한화시스템등이다.이중에 운수장비 업종에 속한 종목이 5개 포함되어 있다.SK하이닉스, 삼성전자, KODEX 레버리지 등은 전일 대비 주가가 상승했고, KB금융, 신한지주, 현대차 등은 주가가 하락했다.[06월02일]거래소 기관 순매도 상위 종목한경로보뉴스이 기사는 한국경제신문과 금융 AI 전문기업 씽크풀이 공동 개발한 기사 자동생성 알고리즘에 의해 실시간으로 작성된 것입니다.",https://www.hankyung.com/article/202506021494L,2025.06.02 18:35
"증권사 신용대출, 3%대 금리로 바꾸는 가장 쉬운 방법",,"전송종목 : 한화솔루션, 영원무역홀딩스, OCI홀딩스, LS ELECTRIC, 고려아연최근 주식 투자자들 사이에서 주식대출(미수/신용융자 등)의 고금리에 대한 부담이 커지고 있다.특히 저금리를 적용 받고 싶어도, 기존 대출을 상환하고 다시 주식을 매수해야 하는 번거로운 절차와 자금 조달의 어려움이 발목을 잡고 있다.이런 현실적인 문제를 해결하고자, 무빙스탁이 ‘증권사 신용, 대환자금대출’ 서비스를 전격 출시했다.이 상품은 주식을 매도하지 않고도, 기존의 고금리의 주식대출(미수/신용융자 등)의 3%대의 혁신적인 저금리 증권사로 전환할 수 있도록 상환자금을 제공하는 것이 핵심이다.무빙스탁 관계자는 “현재 증권사 이벤트 금리는 연 3%대 수준으로, 기존 9~10%대 고금리를 적용받는 투자자라면 절감 효과가 상당하다”며, 금리를 5%만 낮추면 “1억원 신용대출 기준으로 연간 약 500만원, 3억원이라면 1,500만원까지도 절약할 수 있다”고 밝혔다.더 놀라운 점은, 현재는 이벤트 기간으로 대환자금대출 신청시 발생하는 이자 비용까지 ‘0원’이라는 사실이다. 대환자금에 대해서 하루의 대출이자도 부담하지 않고 기존 고금리 대출을 저금리로 전환할 수 있어, 고금리 부담에 시달리던 투자자들에게 큰 호응을 얻을 전망이다.이 서비스는 부동산 시장에서 흔히 이용되던 대환대출 개념을 증권시장에 도입한 혁신적인 시도로, 주식 투자자들의 자금 운용에 새로운 대안을 제시할 것으로 기대된다.무빙스탁 ‘증권사 신용, 대환자금대출’의 비용 무료 이벤트는 이벤트 기간 동안 한정적으로 제공되는 만큼, 신용융자를 이용 중인 투자자라면 지금 바로 확인해볼 필요가 있다.★ 장마감 시간이 가까워질수록 문의가 많아 상담이 지연될 수 있습니다.★ 7월 문의하신 고객들이 많이 보유하신 종목으로는 삼성전자, POSCO홀딩스, 셀트리온, 포스코퓨처엠, 에코프로비엠, NAVER, 에코프로, 삼성SDI, LG화학, SK하이닉스, 두산에너빌리티, 카카오, SK이노베이션, LG에너지솔루션, 엘앤에프, 삼천당제약, 현대차, 알테오젠, HPSP, LG전자 등이 있습니다.★ 안내사항과도한 빚은 당신에게 큰 불행을 안겨줄 수 있습니다. 대출 시 신용등급 하락으로 다른 금융거래가 제약받을 수 있습니다. 중개수수료를 요구하거나 받는 것은 불법입니다.상호명: ㈜단비대부 2021-서울영등포-2102(대부업) | TEL: 1544-4886 | 대출금리: 연 20%이내(연체금리는 약정금리+3%p이내, 최대 연 20%이내) | 단, 2021. 7. 7.부터 신규체결, 갱신, 연장되는 계약에 한함 | 채무의 조기상환 조건 및 부대비용 없음. (단, 신용조회비용 및 담보권설정비용 있음), 이자 외 별도로 중개수수료를 요구하거나 수취하는 것은 불법입니다. | 대표이사: 박동원 | 사업자등록번호: 274-86-00231 | 등록기관명칭: 서울 영등포구청(담당부서: 일자리경제과, 02-2670-3420) | 소재지 : 서울 영등포구 여의대방로67길 11, 5층 517호 | 개인정보관리자메일: help@danbifund.co.kr무료상담",https://www.hankyung.com/article/202507210593a,2025.07.21 10:28
트럼프發 관세 압박에 시장 조정… “내수주 중심 저가 매수 기회”,,"도널드 트럼프 미국 대통령이 한국 등 주요 교역국에 상호 관세 서한을 발송하면서 국내 증시에 단기적인 변동성이 우려되고 있다. 트럼프 대통령은 한국에 25%의 관세를 부과하겠다고 밝혔고, 제3국 우회 수출 제한과 맞대응 조치 등도 예고했다.한국투자증권은 이번 조치가 협상 압박 수단의 성격이 강하고, 과거 대비 충격이 제한적일 것으로 보고 있다. 실제 고율의 관세보다는 협상 여지를 열어둔 만큼 과도한 우려보다는 저가 매수 기회로 활용하라는 조언이다.증권가는 무역 이슈에 덜 민감하고 실적 흐름이 개선 중인 내수주, 특히 금융, 유통, 화장품, 지주사 중심의 대응이 유효하다고 평가했다. 조선·방산업종도 협상 카드로 활용될 수 있는 만큼 추가 조정 시 저가 매수 접근이 가능하다고 분석했으며, 반면 반도체·자동차 등 수출주는 불확실성이 지속돼 보수적인 접근이 필요하다고 덧붙였다.한편, 스탁론에 대한 관심이 날로높아지고 있다. 모처럼 잡은 투자기회를 놓치지 않으려는 투자자들이 주식매입을 위해 더 많은 자금을 활용할 수 있는 스탁론으로 눈길을 돌리고 있기 때문이다. 현 주가는 실적을 따라가지 못하고 있는 상황으로, 밸류에이션 리레이팅이 필요한 시기라는 평가도 나오고 있다.




 

◆ 올뉴스탁론, DSR 무관 상품에 연 4%대 최저금리 상품으로 다양한 선택지를!올뉴스탁론에서 투자자들 누구나 부담 없이 스탁론을 경험할 수 있도록 연 4%대 업계 최저금리로 이용 가능한 증권 연계신용 상품을 출시했다. 주식매입은 물론 증권사 미수/신용 대환 모두 가능하며 신용등급 차등 없이 자기 자본 포함 최대 4배까지 활용할 수 있다.이와 함께 DSR 한도 때문에 기존 스탁론 활용이 어려웠던 투자자들을 위한 DSR 무관 상품도 취급 중이다. 또한 장중 거래가 어려웠던 투자자를 위한 대체거래소(NXT) 거래도 가능해졌다.올뉴스탁론에 대해 자세히 알고 싶은 투자자는 고객상담센터(☎1599-8666)로 연락하면 대출 여부와 무관하게 언제든 전문상담원과 편리하게 상담할 수 있다.○ 보유하고 있는 대출액이나 소득 무관하게! (DSR 무관)○ 최대 4배 주식자금 활용 가능! (본인 자금 포함)○ 대체거래소(NXT) 거래 가능!○ 증권 신용/미수 당일 즉시 대환 가능!○ 기존 증권사 신용, 스탁론으로 매수가 어려웠던 종목도 OK!※ 올뉴스탁론 고객상담센터 : 1599-8666바로가기 : https://allnewstockloan.co.kr?agency=HTS◆ 현 시각 관심종목 Top 10 : 폴라리스AI파마, 한화솔루션, 셀트리온, 동양철관, SK텔레콤, 우리기술, iM금융지주, CJ대한통운, 비츠로셀, DSC인베스트먼트무료상담",https://www.hankyung.com/article/202507084282a,2025.07.09 09:50
위기는 곧 기회? 5년고정 연 4.9% 상품으로 자금 확보나 추가 매수가 가능하다?,,"부자네스탁론이 특별 이벤트로 5년고정 연 4.9%의 저금리 스탁론 상품을 출시하면서 투자자들에게 화제가 되고 있다.5년고정 연 4.9%의 저금리 스탁론은 주요 증권사의 신용 금리로 알려진 8~9%대의 금리보다 훨씬 금리가 낮은 상품이다.스탁론 상품들은 증권사 신용보다 레버리지는 더 높고 담보유지비율은 더 낮아 투자 고수들 사이에서 잘 알려진 상품이다.미수나 반대매도를 해결해주는 대환대출상품, 한 종목 100% 집중투자 상품신용등급, 매수불가종목, D.S.R 등 주식투자자들의 고민을 완벽하게 해결해주는 솔루션을 제공하는부자네스탁론은 고객마다 가장 최적의 대출방법으로 해결해준다.-스탁론 D.S.R<총부채원리금상환비율> 고강도 규제에도! 문제없는 부자네스탁론!– 소득 낮고 기존 대출금액 많아도 계좌평가금액에 비례해서 대출가능!▶머니투데이 부자네스탁론① 5년고정 연 4.9% 금리의 최저금리 스탁론② 자기자본포함 최대 4배까지 레버리지 투자 가능③ 매수가능종목 100% 집중투자가능 (코스닥, 시가총액, 포트폴리오비율상관없이)④ 스탁론 전종목 1:1 매수상담문의 → 수익극대화⑤ 반대매도 임박 / 추가입금이 힘들다면? → 1:1 로스컷 전문상담⑥ D.S.R과 신용등급 낮.아.도 문제없이 매입/대환까지 가능!★ D.S.R비율, 신용등급 무관 저금리 부자네스탁 AM8:00~PM4:00 ☎1577-5852★ AM 8:00 부터 선착순 예약접수 http://www.bujane.co.kr/6월 고객들의 문의가 많은 종목은 한화에어로스페이스, LIG넥스원, 한화비전, 두산에너빌리티, 셀트리온 등이 있다.무료상담",https://www.hankyung.com/article/202506166579a,2025.06.16 14:08
"프레스티지바이오, 허셉틴 '5조 시장' 조준","바이오시밀러 '투즈뉴' 개발
테바 손잡고 유럽 판매 나서","프레스티지바이오파마가 이스라엘 제약사 테바파마슈티컬과 함께 로슈 항암제 허셉틴의 바이오시밀러(바이오의약품 복제약) 유럽 판매에 나선다.프레스티지바이오파마는 테바 판매유통 자회사와 유럽 31개국에 허셉틴 바이오시밀러 투즈뉴를 공급하는 계약을 했다고 26일 밝혔다. 투즈뉴는 셀트리온, 삼성바이오에피스에 이어 프레스티지바이오가 국내 세 번째로 개발한 허셉틴 바이오시밀러다. 인간표피성장인자수용체 2형(HER2) 양성 유방암과 전이성 위암 환자 치료에 쓸 수 있다. 프레스티지바이오는 지난해 9월 유럽집행위원회(EC)로부터 투즈뉴 시판 허가를 받았다.이번 계약에 따라 테바는 영국 독일 프랑스 이탈리아 등 유럽 31개국에서 투즈뉴 유통·판매를 전담한다. 테바가 보유한 자체 판매 네트워크와 바이오시밀러 전문성을 토대로 매출을 확대할 것으로 업체 측은 내다봤다. 테바는 셀트리온이 자체 판매망을 구축하기 전까지 셀트리온의 허셉틴 바이오시밀러 허쥬마의 미국 판권을 확보해 현지 판매를 담당했다.글로벌데이터리서치에 따르면 허셉틴의 세계 시장 규모는 오리지널 의약품과 바이오시밀러를 더해 5조5000억원 정도다. 유럽 시장은 1조원 정도로 알려졌다. 셀트리온의 허쥬마와 삼성바이오에피스의 온트루잔트 등 7종류의 허셉틴 바이오시밀러가 유럽에서 허가를 받았다.이영애 기자 0ae@hankyung.com",https://www.hankyung.com/article/2025052665571,2025.05.26 17:21
저가매수찬스! 5년고정 연 4.9% 상품으로 본인자산포함 최대 4배로 주식매수!,,"부자네스탁론이 봄맞이 이벤트로 5년고정 연 4.9%의 저금리 스탁론 상품을 출시하면서 투자자들에게 화제가 되고 있다.5년고정 연 4.9%의 저금리 스탁론은 주요 증권사의 신용 금리로 알려진 8~9%대의 금리보다 훨씬 금리가 낮은 상품이다.스탁론 상품들은 증권사 신용보다 레버리지는 더 높고 담보유지비율은 더 낮아 투자 고수들 사이에서 잘 알려진 상품이다.미수나 반대매도를 해결해주는 대환대출상품, 한 종목 100% 집중투자 상품신용등급, 매수불가종목, D.S.R 등 주식투자자들의 고민을 완벽하게 해결해주는 솔루션을 제공하는부자네스탁론은 고객마다 가장 최적의 대출방법으로 해결해준다.-스탁론 D.S.R<총부채원리금상환비율> 고강도 규제에도! 문제없는 부자네스탁론!– 소득 낮고 기존 대출금액 많아도 계좌평가금액에 비례해서 대출가능!▶머니투데이 부자네스탁론① 5년고정 연 4.9% 금리의 최저금리 스탁론② 자기자본포함 최대 4배까지 레버리지 투자 가능③ 매수가능종목 100% 집중투자가능 (코스닥, 시가총액, 포트폴리오비율상관없이)④ 스탁론 전종목 1:1 매수상담문의 → 수익극대화⑤ 반대매도 임박 / 추가입금이 힘들다면? → 1:1 로스컷 전문상담⑥ D.S.R과 신용등급 낮.아.도 문제없이 매입/대환까지 가능!★ DSR비율, 신용등급 무관 저금리 부자네스탁 AM8:00~PM4:00 ☎1577-5852★ AM 8:00 부터 선착순 예약접수 http://www.bujane.co.kr/5월 고객들의 문의가 많은 종목은 한화에어로스페이스, LIG넥스원, 한화비전, 두산에너빌리티, 셀트리온 등이 있다.무료상담",https://www.hankyung.com/article/202505264715a,2025.05.26 14:08
"추가 투자금, 신용미수 대환 자금을 신청 당일 즉시! DSR 무관!",,"DSR 한도가 ‘스탁론’에도 적용된 후 투자자들의 고민이 날로 깊어지고 있다. 기존 대출이 많거나 소득 증빙이 어려울 경우 예전처럼 손쉽게 스탁론을 활용하기가 어려워졌기 때문이다. 예전보다 높아진 금리로 스탁론 이용을 부담스럽게 만들고 있다.이런 상황에서 올뉴스탁론이 구원투수로 나섰다. DSR 무관 누구나 이용 가능한 스탁론 상품은 물론 연 4%대 업계 최저금리로 이용 가능한 상품을 함께 선보이며 투자자들의 선택지를 넓힌 것이다.




 

◆ 올뉴스탁론, DSR 무관 상품에 연 4%대 최저금리 상품으로 다양한 선택지를!올뉴스탁론에서 투자자들 누구나 부담 없이 스탁론을 경험할 수 있도록 연 4%대 업계 최저금리로 이용 가능한 증권 연계신용 상품을 출시했다. 주식매입은 물론 증권사 미수/신용 대환 모두 가능하며 신용등급 차등 없이 자기 자본 포함 최대 4배까지 활용할 수 있다.이와 함께 DSR 한도 때문에 기존 스탁론 활용이 어려웠던 투자자들을 위한 DSR 무관 상품도 취급 중이다. 이 상품도 투자자들의 깊은 관심을 받으며 업계 최초 5,000억원을 돌파한 바 있다.올뉴스탁론에 대해 자세히 알고 싶은 투자자는 고객상담센터(☎1599-8666)로 연락하면 대출 여부와 무관하게 언제든 전문상담원과 편리하게 상담할 수 있다.○ 보유하고 있는 대출액이나 소득 무관하게! (DSR 무관)○ 최대 4배 주식자금 활용 가능! (본인 자금 포함)○ 증권 신용/미수 당일 즉시 대환 가능!○ 기존 증권사 신용, 스탁론으로 매수가 어려웠던 종목도 OK!※ 올뉴스탁론 고객상담센터 : 1599-8666바로가기 : https://allnewstockloan.co.kr?agency=HTS◆ 현 시각 관심종목 Top 10 : 두산에너빌리티, SK하이닉스, 다날, LS마린솔루션, 셀트리온, 두산퓨얼셀, 한미약품, 컴투스홀딩스, 디앤디파마텍, 현대제철무료상담",https://www.hankyung.com/article/202506120679a,2025.06.13 10:25
신용미수 반대매매 간편하게 당일 해결! 업계 최저 연 4%대 금리로 갈아타기!,,"투자자들 사이에서 ‘스탁론’에 대한 관심이 높아지고 있다. 스탁론은 자기자본 포함 최대 4배까지 활용 가능하며 증권사 신용/미수 대환 용도로도 활용 가능해 대표적인 레버리지 수단으로 자리잡은 상태다.그러나 DSR 한도가 스탁론에도 적용된 후 다른 대출, 소득 증빙 문제로 예전처럼 이용하기 어려워졌다. 이와 함께 높아진 금리도 스탁론 이용을 망설이게 만든 원인으로 꼽힌다.그러나 해결책은 있다. 21년 연속 스탁론 업계 1위를 지키고 있는 하이스탁론이 DSR 무관하게 이용할 수 있는 상품은 물론 연 4%대 최저금리로 이용 가능한 상품까지 취급하며 선택의 폭을 넓힌 것이다.




 

◆ 하이스탁론, 연 4%대 업계 최저금리로 추가 투자금은 물론 신용미수 대환까지!<하이스탁론>에서 누구나 부담 없이 스탁론을 경험할 수 있도록 연 4%대 최저금리 상품을 출시했다. 주식매입 용도는 물론 증권사 미수/신용 대환도 가능하며 신용등급 차등 없이 자기자본 포함 최대 4배까지 활용할 수 있다.이와 함께 DSR 한도 때문에 기존 스탁론 이용이 어려웠던 투자자들은 위한 DSR 무관 상품도 취급 중이다. 이 상품도 투자자들의 깊은 관심을 받으며 업계 최초로 5,000억원을 돌파했다.<하이스탁론>의 새로운 상품에 대해 자세히 알고 싶은 투자자는 고객상담센터(1599-0313)로 연락하면 대출 여부와 상관없이 24시간 언제든 전문상담원과 편리한 상담이 가능하다.○ 연 4%대 업계 최저금리 상품 출시○ DSR 무관 상품 취급 중 (업계 최초 5,000억 돌파)○ 21년 연속 시장 점유율 1위, 16년 연속 대한민국퍼스트브랜드 대상○ 증권사 신용/미수 실시간 상환, 한종목 100% 집중 투자○ 믿을 수 있는 상담품질보증제※하이스탁론상담센터 : 1599-0313바로가기:https://www.hisl.co.kr/0313◆ 현 시각 관심종목 Top 10 : 셀트리온, 알테오젠, 한미반도체, 현대차, 카카오, 세진중공업, 피아이이, 램테크놀러지, 그린생명과학, 케이씨티무료상담",https://www.hankyung.com/article/202505277893a,2025.05.28 13:05
美 바이오시밀러 PBM發 격변...세계 첫 '빅2' 계약 따낸 삼성에피스,,,https://www.hankyung.com/article/202507150346i,2025.07.16 17:14
"'중동 리스크' 완화에…코스피, 3년9개월 만에 3100선 탈환","코스닥도 800선 회복

이스라엘-이란 휴전 합의에 투자심리 회복
원·달러 환율 1360원대로 하락","영상 모듈 닫기




                    코스피지수와 코스닥지수가 24일 동반 2% 이상 상승하며 마감했다. 이스라엘과 이란이 휴전에 합의하며 중동 지정학적 위기가 완화한 덕이다.이날 코스피는 전일 대비 89.17포인트(2.96%) 뛴 3103.64에 거래를 마감했다. 코스피가 3100선 위에서 거래를 마친 건 종가 기준 2021년 9월 27일 이후 처음이다. 올해 들어 이날까지 코스피는 28.99% 급등했다.  
                    



사진=뉴스1

                코스닥지수도 전일 대비 16.14포인트(2.06%) 오른 800.93에 장을 마쳤다. 코스닥도 11개월여 만에 800선을 회복했다. 코스닥 지수도 연초 대비 20.21% 상승했다.'큰손'의 매수세가 눈에 띄었다. 한국거래소 기준 외국인과 기관은 유가증권시장에서 각각 4415억원, 2589억원을 순매수하며 지수를 끌어올렸다. 코스닥시장에서도 외국인과 기관은 각각 1741억원, 647억원 매수 우위를 보였다. 개인은 유가증권시장에서 6425억원, 2078억원을 순매도하며 차익실현 매물을 내놨다.이날 지수 상승은 중동 위기가 완화하며 위험자산 투자심리에 온기를 불어넣었기 때문으로 풀이된다. 도널드 트럼프 미국 대통령은 23일(현지시간) 사회관계망서비스(SNS)를 통해 ""이스라엘과 이란이 완전하고 총체적인 휴전(complete and total ceasefire)을 실시하기로 합의했다""고 밝혔다.앞서 이란 국영방송도 ""이스라엘을 겨냥한 4차례의 공격 이후 휴전을 시작했다""고 보도했다. 같은 날 이란의 준국영 통신사 타스님도 휴전이 '집행 단계'에 들어갔다고 전했다. 베냐민 네타냐후 이스라엘 총리도 이란과의 포괄적인 휴전 합의에 도달했다고 발표했다.시가총액 상위주는 불을 뿜었다. '대장주' 삼성전자는 4.31% 오르며 6만500원에 마감했다. 삼성전자가 6만원 위에서 마감한 것은 지난 3월 28일 이후 3개월 만이다. SK하이닉스도 7.32% 급등했다. 종가 기준 시가총액은 202조7487억원이다. 상장 이후 처음으로 200조원을 돌파했다.그 외 HD현대중공업(6.92%), KB금융(4.37%), 카카오(4.14%), 현대차(2.23%), LG에너지솔루션(2.21%), 신한지주(1.5%), 셀트리온(1.38%), 삼성바이오로직스(1.21%), 기아(1.04%)도 올랐다. 다만 지정학적 위기가 완화한 영향으로 방산주인 한화에어로스페이스는 2.61% 하락했다.코스닥 시총 상위주도 대부분 급등했다. 에코프로(14.12%)의 상승세가 두드러진 가운데 펩트론(7.5%), 클래시스(6.46%), 에코프로비엠(6.05%), 레인보우로보틱스(3.11%), 리가켐바이오(3.07%), 알테오젠(2.63%), 휴젤(1.66%), 리노공업(1.19%)도 상승 마감했다.원·달러 환율은 전날 주간장 종가 대비 24원10전 급락한 1360원20전에 마감했다. 중동 사태가 봉합 수순을 밟으며 외환시장도 안정을 되찾는 분위기다.이재원 신한투자증권 연구원은 ""지정학적 갈등 봉합, 삼성전자·SK하이닉스 상승폭 확대, 외국인 순매수에 힘입어 코스피는 고점을 재경신했다""며 ""신용융자잔고와 고객예탁금 모두 2023년 이후 최고 수준이다. 동학개미 복귀가 기대되는 상황""이라고 평가했다.진영기 한경닷컴 기자 young71@hankyung.com",https://www.hankyung.com/article/2025062465916,2025.06.24 15:34
