header,summary,content,url,datetime
"코스피, 개인 매수세 상승출발…SK하이닉스 3%대 강세",,"사진=뉴스1

                코스피가 개인 매수에 힘입어 상승출발했다. 미·중 무역 협상에 대한 기대감으로 반도체주와 자동차주가 강세를 보이는 중이다.11일 오전 9시5분 현재 코스피는 전일 대비 13.25포인트(0.46%) 오른 2885.10에 거래되고 있다.개인이 유가증권시장에서 618억원어치 주식을 순매수하며 지수 상승을 이끌고 있다. 외국인의 현물주식 매수 규모는 15억원에 불과하지만, 코스피200선물은 819억원어치를 쓸어 담고 있다. 반면 기관은 현물주식을 586억우너어치 순매도 중이다.시가총액 상위 종목들은 혼조세다.삼성전자와 SK하이닉스는 각각 1.18%와 3.15% 상승 중이다. 간밤 뉴욕증시에서 필라델피아반도체지수가 2% 넘게 오른 영향이다. 반도체 섹터는 미·중 무역협상에서 미국이 중국에 대한 판매 제한 제재를 완화할 가능성이 점쳐지면서 투자심리가 개선됐다.LG에너지솔루션은 2.08% 오르고 있다.현대차와 기아도 각각 1.78%와 1.8% 상승 중이다. 자동차주는 대표적인 미국의 관세 정책 피해주였다.한화에어로스페이스는 2.35% 하락하고 있다. HD현대중공업도 1.52% 내리는 중이다.KB금융도 1.98% 빠지고 있다.삼성바이오로직스는 약보합세이지만, 셀트리온은 0.92% 하락하고 있다.코스닥은 전일 대비 4.98포인트(0.65%) 오른 776.18에거래되고 있다. 이 시장에서는 개인이 476억원어치 주식을 사는 반면, 외국인과 기관은 각각 187억원어치와 276억원어치를 팔고 있다.코스닥 시가총액 상위 종목들은 대체로 상승세다.에코프로비엠이 3.8% 상승해 가장 두드러진다. 에코프로는 1.81% 오르고 있다.알테오젠(1.4%), HLB(0.57%), 파마리서치(1.15%), 펩트론(1.87%), 휴젤(0.96%) 등도 바이오주들도 강세다.서울외환시장에서 원·달러 환율은 전일 대비 3.2원(0.23%) 내린 달러당 1364.8원에 거래되고 있다.뉴욕증시에서 주요지수는 등락을 거듭하다가 결국 상승 마감했다. 영국 런던에서 이틀째 진행 중인 미국과 중국의 무역협상의 결과가 아직 나오지 않았지만, 협상에 대한 하워드 러트닉 미구 상무부 장관의 긍정적인 발언이 증시를 들어 올렸다. 10일(현지시간) 뉴욕증권거래소(NYSE)에서 다우존스30산업평균지수는 전일 대비 105.11포인트(0.25%) 오른 42,866.87에, 스탠더드앤드푸어스(S&P)500지수는 32.93포인트(0.55%) 상승한 6,038.81에, 나스닥종합지수는 123.75포인트(0.63%) 오른 19,714.99에 각각 거래를 마쳤다.한경우 한경닷컴 기자 case@hankyung.com",https://www.hankyung.com/article/2025061170186,2025.06.11 09:15
"글로벌 '빅4' 바이오 소부장, 韓 매출 60%↑","삼성바이오, 年 1조원대 구입 
국산화 7%뿐…그들만의 리그","삼성바이오로직스 덕분에 글로벌 바이오 소재·부품·장비 업체의 한국 시장 매출이 4년간 60.7% 급등했다. 이들 업체의 한국 매출은 중국 매출을 추월한 사례도 있는 것으로 나타났다.





                26일 한국평가데이터에 따르면 미국 써모피셔사이언티픽, 독일 머크·싸토리우스, 미국 싸이티바 등 글로벌 ‘빅4’ 바이오 소부장 기업의 지난해 한국법인 매출은 전년 대비 9.1% 증가한 1조6277억원이었다. 2020년 1조123억원을 기록한 이후 4년 만에 60.7% 증가했다. 빅4 가운데 매출 1위는 써모피셔로 5979억원을 기록했다. 바이오 분석·진단 장비 및 소모품과 시약 등을 제조하는 써모피셔는 항암제, 자가면역질환 치료제 등 바이오의약품 생산에 필요한 세포의 먹이인 배지 분야에서 국내 시장 선두다. 매출 2위 머크는 배양, 정제, 제품화 등 바이오의약품 생산 공정 중 정제에 필요한 필터 분야에서 국내 1위다. 2896억원의 매출을 기록한 싸이티바는 전년 대비 46.6%, 4년 전 대비 134.7%의 매출 증가율을 기록해 가장 빠르게 성장하고 있다. 싸이티바는 정제 과정에서 목표 단백질을 추출하는 데 쓰이는 배지 분야에서 국내 선두다.빅4의 급성장은 국산화율이 7%에 불과한 빈약한 국내 바이오 소부장 시장 여건과 삼성바이오로직스의 수주 영향이 복합적으로 작용한 결과다. 산업통상자원부에 따르면 글로벌 바이오 소부장 시장은 연평균 10.3% 성장해 2029년 96조5000억원에 달할 전망이다. 업계에 따르면 빅4 한국법인 매출의 80%가량은 삼성바이오로직스에서 나온다. 나머지 20%는 셀트리온 SK바이오사이언스 등에서 비롯된다.삼성바이오로직스는 지난해 위탁개발생산(CDMO) 사업과 바이오의약품 개발 및 상업화에 필요한 레진 필터 등 원재료 구입에만 1조1150억원을 썼다. 지난해 매출(4조5473억원)의 24.5%에 달한다. 삼성바이오로직스 공시에 따르면 원재료 매입처는 싸이티바 싱가포르, 씨그마알드리치코리아, 써모피셔사이언티픽솔루션스, 머크, 싸토리우스코리아바이오텍 등이다. 국내 기업은 거의 없다. 매출의 4분의 1 가량을 외국계 기업이 차지하고 있다는 얘기다.업계 관계자는 “삼성이 반도체사업을 일으키며 관련 국내 소부장 생태계를 키웠듯, 국가 대표 CDMO업체로서 바이오 소부장 생태계 조성에도 힘을 써야 한다”고 지적했다. 삼성바이오로직스는 글로벌 고객사 눈높이에 맞춰 해외 소부장 업체 제품을 사용할 수밖에 없다는 입장이다. 회사 관계자는 “국내 소부장 업체와의 협력 강화도 지속적으로 검토하며 중장기적 목표로 추진하고 있다”고 했다.안대규 기자 powerzanic@hankyung.com",https://www.hankyung.com/article/2025052665521,2025.05.26 17:22
"16일, 거래소 외국인 순매도상위에 전기,전자 업종 8종목",,"외국인 투자자는 16일 거래소에서 삼성전자, SK하이닉스, 현대차 등을 중점적으로 매도한 것으로 나타났다.외국인 투자자의 순매도 상위 20개 종목은 삼성전자, SK하이닉스, 현대차, 삼성전기, 카카오, 삼성SDI, HD현대일렉트릭, 한국항공우주, LS ELECTRIC, 현대로템등이다.이중에 전기,전자 업종에 속한 종목이 8개 포함되어 있다.삼성전기, 한국항공우주, 현대로템 등은 전일 대비 주가가 상승했고, 삼성전자, SK하이닉스, 현대차 등은 주가가 하락했다.[04월16일]거래소 외국인 순매도 상위 종목한경로보뉴스이 기사는 한국경제신문과 금융 AI 전문기업 씽크풀이 공동 개발한 기사 자동생성 알고리즘에 의해 실시간으로 작성된 것입니다.",https://www.hankyung.com/article/202504166394L,2025.04.16 18:35
"27일, 거래소 기관 순매도상위에 전기,전자 업종 4종목",,"기관 투자자는 27일 거래소에서 SK하이닉스, LG에너지솔루션, 카카오 등을 중점적으로 매도한 것으로 나타났다.기관 투자자의 순매도 상위 20개 종목은 SK하이닉스, LG에너지솔루션, 카카오, KODEX 200, KODEX 200선물인버스2X, PLUS 고배당주, 삼성SDI, 하이브, LG생활건강, NAVER등이다.이중에 전기,전자 업종에 속한 종목이 4개 포함되어 있다.KODEX 200선물인버스2X, 삼성 인버스 2X 코스닥150 선물 ETN 등은 전일 대비 주가가 상승했고, SK하이닉스, LG에너지솔루션, 카카오 등은 주가가 하락했다.[06월27일]거래소 기관 순매도 상위 종목한경로보뉴스이 기사는 한국경제신문과 금융 AI 전문기업 씽크풀이 공동 개발한 기사 자동생성 알고리즘에 의해 실시간으로 작성된 것입니다.",https://www.hankyung.com/article/202506275197L,2025.06.27 18:35
"삼성바이오, 우시 빈자리 노린다…""미국 고객사 선점""",,"영상 모듈 닫기




<앵커>글로벌 바이오의약품 위탁개발생산(CDMO) 3위인 삼성바이오로직스가 중국 우시바이오로직스 등 경쟁사와의 격차를 벌리는 데 집중하고 있습니다.산업부 이서후 기자와 살펴봅니다. 이 기자, 삼성바이오가 역대급 실적을 써내려가고 있잖습니까. 오늘 이재용 삼성전자 회장이 방문하기도 했구요.이번 '바이오 USA 2025'에서는 우시의 공백을 틈타 고객사들을 확대하는 게 목표라면서요.<기자>이재용 삼성전자 회장은 오늘 인천 송도에 있는 삼성바이오로직스를 찾아 최근 가동을 시작한 5공장 등을 살펴봤습니다.지난해 매출 4.5조원으로 사상 최대 실적을 써낸만큼 직접 사업장을 방문해 격려하기 위한 행보로 풀이됩니다.이날 현장에는 정현호 삼성전자 부회장, 존림 삼성바이오로직스 대표이사 등 주요 경영진이 함께 한 것으로 알려집니다.삼성바이오는 오는 16일 미국 보스턴에서 개최되는 바이오 USA에서 기존 고객사 뿐만 아니라 신규 고객사와의 접점을 늘리겠다고 밝혔습니다.지난 2023년 바이오 USA 기간 삼성바이오는 글로벌 제약사 화이자로부터 당시 역대 단일 계약으로는 최대 규모 수주를 따내기도 했습니다.특히 경쟁사인 중국 우시바이오가 지난해에 이어 이번에도 불참하면서, 우시의 기존 고객사를 뺏어올 수 있는 기회가 될 수 있다는 관측이 나옵니다.현재 미국 바이오 기업의 약 80%가 중국 CDMO 기업에 의존하고 있고, 우시바이오로직스의 매출의 50%가 미국에서 발생하는 것으로 알려졌습니다.전세계 CDMO 시장을 살펴보면, 북미 매출이 전체의 약 48%를 차지할 정도로 CDMO 기업 입장에선 미국 시장을 잡는 게 중요한 상황입니다.삼성바이오의 고객사 절반 정도가 미국 고객사인 것도 이때문이구요.미국 정부가 중국 바이오 기업들에 대한 규제를 강화할 경우, 이를 우려하는 고객사들을 삼성바이오가 선점할 수 있을 것이란 기대가 나오는 겁니다.실제 생물보안법이 추진된 지난해 글로벌 매출 순위는 1위 론자(11조 원), 2위 캐털런트(6조 원), 3위 삼성바이오(4조5천억 원), 우시바이오로직스(3조6천억 원) 순으로 추정되는데요.삼성바이오가 재작년 2위였던 우시바이오를 제치고 3위로 등극한 데에는 미국 정부의 중국 견제 등 영향이 반영된 것이란 분석이 나옵니다.<앵커>미국이 중국 CDMO 기업을 견제할 수 밖에 없는 상황인데, 특히 한동안 주춤했던 생물보안법 입법도 다시 추진되고 있다면서요?<기자>중국은 저렴한 인건비 등을 무기로 바이오의약품 제조국 중에 가격경쟁력이 가장 높은 나라 중 하나입니다.미국에서 만든 바이오의약품과 비교하면 중국에서 만든 제품이 약 5% 더 저렴합니다.비용이 낮을 뿐만 아니라 개발부터 생산까지 고객사 맞춤용 서비스가 잘 구축되어 있기 때문에 그동안 글로벌 제약사들의 수요가 높았던 건데요.그런데 최근 미국 의회에서 생물보안법을 다시 도입할 것으로 예상되면서 이에 제동이 걸릴 것이란 전망이 나오는 겁니다.우시바이오, 우시앱택, BGI, MGI 등 중국 기업들을 안보 위협 대상으로 지정한 해당 법안은 지난해 미국 하원 본회의에서 통과했지만, 상원에서 부결된 바 있습니다.그런데 최근 미국 국토안보·정무위원회 소속 게리 피터스 상원의원이 법안의 재도입에 대한 가능성을 시사하면서 우리 기업의 반사수혜에 대한 기대감이 다시 높아지고 있습니다.<앵커>삼성바이오, 올해 수주 신기록을 경신했잖습니까. 생산역량도 글로벌 1위 수준에 등극했구요.이제 남은 과제는 항체-약물접합체(ADC) 포트폴리오 확보일텐데, 상황이 어떤가요?<기자>삼성바이오로직스는 글로벌 상위 제약사 20곳 중 17곳을 고객사로 보유하는 데 성공했습니다.올해에만 공시 기준 총 4건의 신규 수주를 확보하면서 5개월만에 연누적 수주 3조원 돌파했구요.이는 지난해 연간수주 금액 (5조4천억 원)의 60% 이상에 해당하는 규모입니다.생산역량 측면에서도 최근 가동된 5공장을 포함해 총 78만4천L를 확보, 기존 1위였던 론자(78만L)와 어깨를 나란히 하고 있습니다.다만 각광받는 차세대 치료제 기전(모달리티)인 항체·약물접합체(ADC)에서 아직까지 큰 성과를 못 내고 있습니다.삼성바이오는 그간 수주했던 품목은 대부분 항체치료제로, ADC 치료제로는 이렇다할 수주를 확보하지 못했기 때문입니다.ADC는 항체치료제보다 개발이나 생산에서 보다 고도화된 기술이 필요한데요.삼성바이오는 올해부터 ADC전용 시설을 가동한만큼 아직 경험과 노하우가 부족한 실정입니다.반면 론자나 우시바이오는 일찍이 관련 고객사를 확보해 생산 레코드를 늘리고 있구요.삼성바이오는 ADC의 위탁생산(CMO) 뿐만 아니라 위탁개발(CDO)까지 아우르는 서비스를 내세워 신규 고객사를 확보한다는 계획입니다.이서후기자 after@wowtv.co.kr",https://www.hankyung.com/article/2025060928265,2025.06.09 15:00
"""창동차량기지, 한국판 랩센트럴로 만들 것""","'직주근접 도시' 내건 오승록 서울 노원구청장

노원역·창동역 낀 '노른자 땅' 
바이오·메디컬 창업허브 탈바꿈
선제적 입주할 국내외 기업접촉 

노원아트뮤지엄서 잭슨폴록展
베드타운 넘어 문화도시로 변신","13일 서울 노원구 상계동 창동차량기지와 도봉운전면허시험장 모습. 총 25만㎡에 달하는 이곳에는 미국 보스턴 랩센트럴과 비슷한 바이오·메디컬 클러스터가 조성될 전망이다.  이솔 기자

                “창동차량기지를 미국 보스턴 ‘랩센트럴’과 같은 바이오·메디컬 허브로 만들겠습니다.”오승록 서울 노원구청장(사진)은 13일 한국경제신문과의 인터뷰에서 “그동안 서울의 ‘베드타운’으로 기능해온 노원구를 앞으로 직주근접의 자족도시로 탈바꿈시키겠다”며 이같이 말했다. 랩센트럴은 매사추세츠공대(MIT), 하버드대, 보스턴대 등 인근 대학에서 개발한 기술이 상용화될 수 있도록 돕는 세계적인 바이오 창업 클러스터다. 세계 최초로 코로나19 바이러스 백신을 만든 모더나를 배출한 것으로도 잘 알려져 있다. ◇옛 창동차량기지가 ‘바이오 허브’로





                축구장 23개(17만9578㎡) 규모인 창동차량기지 부지는 지하철 4호선 노원역·창동역을 끼고 있는 서울 동북권의 핵심 노른자위 땅으로 손꼽힌다. 창동차량기지가 지하철 4호선 연장과 함께 경기 남양주시 진접으로 이전해 내년 2월을 목표로 새 차량기지 공사가 진행 중이다. 이전 작업이 완료되는 대로 기존 시설물 철거와 함께 선도기업 협약, 실시계획고시, 토지 공급 등 후속 절차를 밟을 예정이다. 창동차량기지 바로 옆에 있는 도봉운전면허시험장(6만7420㎡)도 의정부시 장암동으로 옮겨 간 뒤 함께 바이오·메디컬 복합단지로 개발된다.오 구청장은 일찌감치 입주 기업 물색에 나섰다. 오 구청장은 “삼성바이오로직스, 셀트리온 등 대기업은 서울시가, 나머지 중소 바이오 기업은 노원구가 맡아 접촉하고 있다”며 “모더나와 같은 해외 바이오 기업 한 곳만 들어와도 사업에 확 속도가 붙을 것”이라고 기대했다.그는 이미 잘 갖춰져 있는 주거 및 교육 인프라를 최대 강점으로 꼽았다. 오 구청장은 “요즘 젊은 연구원들이 경기도조차 가지 않으려고 한다는 얘기가 많다”며 “노원구는 상대적으로 주거 비용이 저렴하고 중계동 학원가 등 교육 인프라가 잘돼 있어 청년 인재를 잡길 원하는 기업들에 메리트가 적지 않을 것”이라고 말했다.다만 준공 30년을 넘긴 노후 단지가 73곳(8만3000가구)에 달하는 등 재건축을 통한 주거 환경 개선이 필요하다고 했다. 오 구청장은 “창동차량기지 사업에 맞춰 인근 아파트 단지들이 재건축에 나설 수 있도록 용도지역 상향 등 사업성을 높이는 방안을 추진하고 있다”고 전했다. ◇“노후 베드타운 아닌 힐링·문화도시”오 구청장은 기존 ‘노후 베드타운’ 이미지를 바꾸기 위한 키워드로 문화를 제시했다. 그가 2020년 설립한 노원문화재단이 대표적이다. 재단이 매년 주최하는 ‘경춘선 공릉숲길 커피 축제’와 ‘수제맥주 축제’는 지난해 각각 4만3000여 명, 8만여 명이 다녀가는 ‘초대박’을 터뜨렸다. ‘당현천 벚꽃음악회’ ‘수락산 선셋 음악회’ ‘경춘선 가을음악회’ 등 3대 음악회도 지역민에게 사랑받는 콘텐츠로 꼽힌다. 올해 새로 단장한 노원문화예술회관과 노원아트뮤지엄에선 소프라노 조수미 공연과 ‘뉴욕의 거장들: 잭슨 폴록과 마크 로스코의 친구들’ 미술전 등 수준 높은 문화 행사가 열리고 있다. 암벽·집라인 등을 탈 수 있는 실내 이색 레포츠 체험시설 ‘점프’, 작은 기차마을을 볼 수 있는 ‘노원 기차마을 이탈리아관’ 등 이색 명소도 개관을 앞두고 있다. 오 구청장은 “수준 높은 문화 콘텐츠를 즐기기 위해 지역민뿐만 아니라 외지인이 몰려들면서 노원구의 이미지가 ‘힐링·문화 도시’로 조금씩 바뀌고 있는 것 같다”고 했다.오 구청장은 남은 임기 동안 노원의 성장 기반을 구축하는 데 집중하겠다는 각오를 다졌다. 그는 “창동차량기지 개발이 진행되는 향후 5년이 노원구가 명품도시로 도약하는 골든타임이 될 것”이라며 “임기를 다하는 그날까지 이를 위한 초석을 하나라도 더 놓겠다”고 다짐했다.오유림 기자 our@hankyung.com",https://www.hankyung.com/article/2025051304491,2025.05.13 17:52
"코스피, 美 증시 훈풍에도 하락세…방산株 동반 강세","고리 1호기 해체 승인 소식에 
원전 해체 관련株 동반 '급등'","사진=연합뉴스

                코스피지수가 27일 장중 소폭 하락세를 보이고 있다. 간밤 미국 증시가 도널드 트럼프 행정부의 상호관세 유예 기대감에 강세로 마감했음에도 외국인 투자자의 순매도세가 지수를 끌어내리고 있다.이날 오전 11시1분 현재 코스피지수는 전 거래일보다 10.26포인트(0.33%) 내린 3069.3을 나타내고 있다. 지수는 이날 0.05% 내림세로 출발 후 보합권에서 등락을 거듭하다 오전 9시48분께를 기점으로 하락세를 이어가고 있다.이날 새벽 미국 증시는 중동 지역의 지정학적 위험이 완화되고 백악관이 관세 협상 기한 연장을 시사하자 강세로 마쳤다. 지난 26일(현지시간) 다우존스30산업지수는 0.94% 올랐고 S&P500지수와 나스닥종합지수도 각각 0.8%와 0.97% 상승했다.다만 국내 증시에서는 외국인의 순매도 물량이 나오면서 지수가 하락세다. 유가증권시장에서 외국인이 4046억원 매도 우위인 반면 개인과 기관은 각각 2462억원 1411억원 매수 우위다.코스피 시가총액 상위 종목 중 SK하이닉스, 삼성바이오로직스, LG에너지솔루션, 현대차, 네이버, 기아, 셀트리온 등이 내리는 반면 삼성전자, KB금융, 두산에너빌리티, HD현대중공업 등이 오르고 있다.방산주는 북대서양조약기구(NATO·나토)의 방위비 증액 소식과 중동 분쟁 재점화 가능성에 동반 강세다. 한화에어로스페이스(3.08%)를 비롯해 풍산(3.73%) 현대로템(3.97%) LIG넥스원(3.63%) 한화시스템(1.02%) 등이 일제히 오르고 있다. 카카오페이는 이달에만 두 번째인 매매거래 정지가 해제된 첫날 15% 넘게 빠지고 있다.같은 시각 코스닥지수는 전 거래일보다 2.35포인트(0.3%) 내린 785.6을 나타내고 있다. 지수는 이날 0.25% 상승 출발했으나 보합권에서 등락을 거듭하다 오전 9시44분께를 기점으로 하락세를 이어가고 있다.코스닥시장에서도 외국인이 928억원 매도 우위인 반면 개인과 기관은 각각 939억원과 125억원 매수 우위다.코스닥 시총 상위 종목 중 에코프로비엠, 에코프로, 파마리서치, 펩트론, 휴젤, 클래시스 등이 내리는 반면 알테오젠, HLB, 레인보우로보틱스, 리가켐바이오, 리노공업, 삼천당제약 등이 오르고 있다.국내 최초 원자력발전소인 부산 기장 고리 원자력발전소 1호기 해체가 승인되면서 위드텍(29.06%)을 비롯해 비츠로테크(19.88%) 원일티엔아이(10.63%) 오르비텍(5.45%) 우진엔텍(4.92%) 등 원전 해체 관련주가 동반 급등세다. 이날 서울 외환시장에서 원·달러 환율은 전장보다 0.9원 내린 1356원으로 개장했다.고정삼 한경닷컴 기자 jsk@hankyung.com",https://www.hankyung.com/article/2025062739286,2025.06.27 11:20
"22일, 거래소 외국인 순매도상위에 전기,전자 업종 6종목",,"외국인 투자자는 22일 거래소에서 삼성전자, SK하이닉스, HD현대일렉트릭 등을 중점적으로 매도한 것으로 나타났다.외국인 투자자의 순매도 상위 20개 종목은 삼성전자, SK하이닉스, HD현대일렉트릭, 한미반도체, 한화솔루션, 기아, 현대차, 신한지주, 대한항공, 삼성SDI등이다.이중에 전기,전자 업종에 속한 종목이 6개 포함되어 있다.한화솔루션, 셀트리온, 전진건설로봇 등은 전일 대비 주가가 상승했고, 삼성전자, SK하이닉스, HD현대일렉트릭 등은 주가가 하락했다.[04월22일]거래소 외국인 순매도 상위 종목한경로보뉴스이 기사는 한국경제신문과 금융 AI 전문기업 씽크풀이 공동 개발한 기사 자동생성 알고리즘에 의해 실시간으로 작성된 것입니다.",https://www.hankyung.com/article/202504228757L,2025.04.22 18:35
"코스피, 장 초반 방향성 없는 흐름…하닉, 호실적에도 약보합",,"전날인 23일 서울 중구 하나은행 본점 딜링룸 전광판. /사진=뉴스1

                코스피지수가 보합권에서 출발했다.한국거래소에 따르면 24일 오전 9시10분 현재 전날보다 0.26포인트(0.01%) 내린 2525.3에 거래되고 있다. 지수는 전날 대비 0.22포인트(0.01%) 내린 2525.34에 개장해 방향성 없이 움직이고 있다.외국인과 기관이 각각 804억원, 387억원 매도 우위다. 개인만 1141억원 매수 우위다.한지영 키움증권 연구원은 ""오늘 국내 증시는 2거래일 연속 급등한 미국 증시에 힘을 받아 장중 긍정적인 주가 흐름을 보일 전망""이라고 짚었다.다만 개별 종목간 상승 동력(모멘텀)은 차별화할 것이라고 내다봤다. 이날 SK하이닉스, HD현대중공업, HD한국조선해양, 현대차, KB금융 등 주도주를 포함한 굵직한 기업들의 실적이 나왔거나 예정돼 있어서다.한 연구원은 ""이번 1분기 실적은 어차피 관세로 인해 선수요를 당긴 착시효과가 나올 것이기에, 1분기 실적은 큰 기대하지 말고 넘어가자는게 시장의 중론""이라면서도 ""2분기 이후 관세발 수요 공백이 우려 만큼은 크지 않을 것이라 보고 있다""고 말했다.SK하이닉스가 개장 직전 발표한 호실적에도 약보합세다. 주가는 0.44% 내린 18만200원에 거래 중이다.이날 SK하이닉스는 연결 기준 올해 1분기 영업이익이 7조4405억원으로 지난해 동기 대비 157.8% 증가한 것으로 잠정 집계됐다고 공시했다. 지난해 4분기에 이어 삼성전자의 전사 영업이익(6조6000억원)도 훌쩍 뛰어넘었다. 계절적 비수기에도 고부가 제품인 고대역폭 메모리(HBM) 5세대 HBM3E 12단의 판매 확대 등으로 시장 기대를 웃도는 '어닝 서프라이즈'(깜짝 실적)를 기록했다.SK하이닉스를 비롯한 유가증권시장 상위 5종목은 모두 약세다. 삼성바이오로직스(-1.69%)를 제외하면 낙폭은 모두 1% 미만이다. 같은시각 코스닥지수는 1.55포인트(0.21%) 상승한 727.63에 거래 중이다. 지수는 전날보다 0.87포인트(0.12%) 오른 726.95에 출발했다.개인이 369억원 매수 우위다. 외국인과 기관이 각각 244억원, 119억원 매도 우위다.코스닥시장 시총 상위주들도 1% 안팎의 변동률로 오르내리고 있다.서울 외환시장에서 원·달러 환율은 6.4원 오른 1427원에 출발했다.신민경 한경닷컴 기자 radio@hankyung.com",https://www.hankyung.com/article/2025042421436,2025.04.24 09:17
"'삼천피' 앞두고 중동發 리스크에 발목…코스피, 하락 전환 [영상]","트럼프 ""즉시 테헤란 떠나라"" 공습 예고","영상 모듈 닫기




                     '삼천피'를 눈앞에 뒀던 코스피지수가 중동발(發) 리스크 부각에 17일 장중 하락 전환했다.이날 오후 1시20분 현재 코스피지수는 전일 대비 0.16% 내린 2942.01을 기록 중이다. 2950선에서 상승 출발한 지수는 장중 한때 2998선까지 오르며 3000선 돌파를 시도했지만 이스라엘-이란 간 추가 공습 가능성에 상단이 제한되면서 지수를 끌어내렸다.
                    



사진=연합뉴스

                도널드 트럼프 미국 대통령은 이날 SNS 트루스소셜에 ""이란은 내가 서명하라고 했던 합의에 서명해야 했다. 이란은 하나의 핵무기도 가질 수 없다고 누차 말했다""며 ""모두 즉시 테헤란을 떠나라""고 썼다.앞서 이스라엘군은 이날 엑스(X·옛 트위터)에 ""이스라엘군은 최근 테헤란 전역에 걸쳐 그랬듯 앞으로 몇 시간 내로 테헤란 3구 지역에서 이란의 군사시설을 공격하는 작전을 펼 것""이라며 현지 주민 등에게 대피하라고 경고했다.이에 G7 정상회의를 계기로 열릴 전망이던 이재명 대통령과 트럼프 대통령 간 한미정상회담도 무산됐다.이 시각 유가증권시장에서 외국인과 기관이 각각 1713억원과 933억원 순매도 중이다. 개인은 2779억원 매수우위다. 코스피 시가총액 상위종목들은 등락이 엇갈리고 있다. 삼성전자와 SK하이닉스가 각각 2.45%와 1.01% 오르고 있는 반면 삼성바이오로직스, 한화에어로스페이스, KB금융은 내림세다.코스닥지수도 장중 하락 전환했다. 이 시각 현재 코스닥지수는 전일 대비 0.83% 내린 770.82를 기록 중이다.노정동 한경닷컴 기자 dong2@hankyung.com",https://www.hankyung.com/article/2025061704926,2025.06.17 13:28
"16일, 거래소 기관 순매수상위에 운수장비 업종 2종목",,"기관 투자자는 16일 거래소에서 한화에어로스페이스, 현대로템, KODEX 코스닥150선물인버스 등을 중점적으로 사들인 것으로 나타났다.기관 투자자의 순매수 상위 20개 종목은 한화에어로스페이스, 현대로템, KODEX 코스닥150선물인버스, 신한지주, HD현대일렉트릭, 한국항공우주, KT&G, 한국전력, SK텔레콤, LG유플러스등이다.이중에 운수장비 업종에 속한 종목이 4개 포함되어 있다.한화에어로스페이스, 현대로템, KODEX 코스닥150선물인버스 등은 전일 대비 주가가 상승했고, HD현대일렉트릭, 삼성바이오로직스, 한화시스템 등은 주가가 하락했다.[04월16일]거래소 기관 순매수 상위 종목한경로보뉴스이 기사는 한국경제신문과 금융 AI 전문기업 씽크풀이 공동 개발한 기사 자동생성 알고리즘에 의해 실시간으로 작성된 것입니다.",https://www.hankyung.com/article/202504166392L,2025.04.16 18:35
"코스피, 대내외 훈풍에 3100선 안착 시도…외인·기관 '사자'","李, 탈플라스틱 로드맵 연내 마련 소식에
삼륭물산·에코플라스틱 등 관련株 '급등'","사진=연합뉴스

                코스피지수가 3일 외국인과 기관투자자의 쌍끌이 매수에 힘입어 강세 흐름을 이어가고 있다. 미국과 베트남 간 무역 합의에 더해 상법 개정안 처리 기대가 긍정적 투자심리를 형성한 것으로 풀이된다.이날 오전 10시59분 현재 코스피지수는 전 거래일보다 22.84포인트(0.74%) 오른 3097.9를 나타내고 있다. 장중 1.17%까지 상승폭을 확대해 3100선을 회복하기도 했다.간밤 미국 증시에서도 S&P500지수가 0.47% 올라 사상 최고가를 경신했고 나스닥종합지수도 0.94% 상승하는 등 긍정적 흐름이 관찰됐다. 미국이 베트남과 무역 협상을 타결하자 관세 불확실성이 일부 줄어든 데 따른 영향으로 풀이된다.유가증권시장에서 외국인과 기관이 각각 2694억원과 1563억원어치를 사들이며 지수 상승을 이끌고 있다. 반면 개인만 4566억원어치를 팔아치우고 있다.코스피 시가총액 상위 종목 중 삼성전자, LG에너지솔루션, 삼성바이오로직스, KB금융, 두산에너빌리티, 네이버, 한화에어로스페이스 등이 오르는 반면 SK하이닉스, 기아, 셀트리온, HD현대중공업 등이 내리고 있다.같은 시각 코스닥지수는 전 거래일보다 8.27포인트(1.06%) 오른 790.44를 나타내고 있다. 코스닥시장에서도 외국인과 기관이 각각 452억원과 117억원어치를 사들이는 반면 개인이 530억원어치를 팔아치우고 있다.코스닥 시총 상위 종목 중 에코프로비엠, 에코프로, 파마리서치, 리가켐바이오, 휴젤, 펩트론, 클래시스, 리노공업 등이 오르는 반면 알테오젠, HLB 등은 내리고 있다.이재명 대통령이 이날 탈플라스틱 로드맵을 올해 안에 마련하겠다고 밝히자 상한가를 달성한 삼륭물산을 비롯해 에코플라스틱(18.93%) 세림B&G(12.47%) 한국팩키지(11.25%) 등 관련주가 급등세다. 고정삼 한경닷컴 기자 jsk@hankyung.com",https://www.hankyung.com/article/2025070357706,2025.07.03 11:14
"[마켓PRO] Today's Pick : ""관세 영향 자유로운 롯데쇼핑…목표가↑""",,"※Today's Pick은 매일 아침 여의도 애널리스트들이 발간한 종목분석 보고서 중 투자의견 및 목표주가가 변경된 종목을 위주로 한국경제 기자들이 핵심 내용을 간추려 전달합니다.




사진=김영우 기자

👀주목할 만한 보고서  롯데쇼핑 - 목표주가 상향  📈목표주가 : 7만원→8만원(상향) / 현재주가 : 6만2600원   투자의견 : 매수(유지) / LS증권[체크 포인트]-1분기 매출액은 전년동기대비 1.3% 감소한 4조8,908억원, 영업이익은 전년동기대비 18.3% 증가한 1,358억원을 예상해 컨센서스에 부합하는 실적 기록할 것으로 추정.-관세에서 상대적으로 자유로운 내수 업종에 대한 기대감. 백화점 사업 또한 조기 대선 전후로 새 정부의 내수 부양책에 대한 기대감이 유효하고, 해외 출점 확대 등이 긍정적. 할인점은 경쟁사의 기업회생 돌입에 따른 바잉파워 및 시장 점유율 확대 예상.-2025년 연간 순매출액은 전년대비 0.3% 증가한 14조 240억원, 영업이익은 전년대비 22.4% 증가한 5,791억원 전망. -자산 재평가를 통한 재무구조 개선 긍정적. 단기적으로는 새 정부 기대감이 유효. 중장기적으로는 해외 사업 확장에 따른 성장 스토리도 지속적으로 지켜볼 필요. 삼성바이오로직스 - 1Q25 Preview📈목표주가 :  120만원→135만원(상향) / 현재주가 :103만8000원   투자의견 : 매수(유지) / LS증권[체크 포인트]- 1Q25 연결 매출액 1조 2,204억원 (+28.9% YoY), 영업이익 3,680억원 (+66.3% YoY, OPM 30.2%) 전망. 올해 연결 매출액 5조 6,860억원 (+25.1% YoY), 영업이익 1조 6,923억원 (+28.2% YoY, OPM 29.8%)로 연초 제시한 가이던스 상단 달성 가능할 것으로 예상.- 5공장 4월부터 가동 예정. 4/5 공장의 매출 기여도 점차 상승하여 상저하고의 실적 전망. 4/5 공장의 DS 매출 기여도는 2024년 20~25%에서, 2025년 35~40% 수준까지 증가할 것. 1분기 유럽 소재 글로벌 제약사와 약 14억 달러 규모의 신규 계약을 체결하며 전년 대비 빠른 증가세-NSCEB 권고안에서 드러나듯이 미국의 중국 견제가 재개될 불씨는 여전히 남아 있는 것으로 판단. 미국의 대중국 정책 변화가 본격화 될 경우 미국과 동맹국 중심의 장기적인 공급망 재편 가능성 존재. 이러한 환경 변화는 글로벌 GMP 역량과 트랙레코드, 대규모 생산설비를 갖춘 동사에 중장기적으로 전략적 우위를 제공할 것으로 기대. KT - 산뜻한 출발📈목표주가 :  5만5000원→6만원(상향) / 현재주가 : 4만7300원   투자의견 : 매수(유지) / 흥국증권[체크 포인트]-KT의 1분기 예상 매출액은 7조 244억원(+5.6% YoY), 예상 영업이익은 6,952억원(+37.3% YoY)을 기록할 것으로 추정. 유무선 본업에서의 기조적인 성장세는 지속되고 있음. 1Q 부동산 일회성 이익 반영 시작. 무선 매출은 1% 수준 성장세를 보일 것으로 예상. 클라우드, AICC 등 성장세도 이어갈 것으로 보임. 일반 B2B 부문의 저수익 사업 합리화 기조 또한 지속.-KT의 25년 실적은 부동산 일회성 이익을 제외하고도 상당히 양호한 모습을 보일 것으로 전망. 25년 매출액은 27.9조원(+5.6%), 영업이익은 2.47조원(+204.9%)을 기록할 것으로 전망.- 이익 성장 기조는 주주환원 확대로 연결될 것. 이미 2500억원 규모 자사주 매입 소각 결정. 밸류업 공시 당시 28년까지 1조원 규모의 자사주 매입 및 소각 예고. 신세계인터내셔날 - 회복을기다리며📈목표주가 :  1만3000원→1만500원(하향) / 현재주가 : 9340원   투자의견 : 매수→홀드(하향) / NH투자증권 [체크 포인트]-1분기 실적 컨센 하회 예상.고환율과 내수 소비위축으로 고가수입 브랜드 포트폴리오 보유한 동사 실적에 불리하게 작용. 어뮤즈 연결 편입에도 뚜렷한 실적 반등까지 시일소요 판단.-해외 브랜드의 한국 직진출, 국내외 명품 수요 둔화, 강달러 기조 장기화로 인한 수입 브랜드 매입가 상승이 매출총이익률 하락의 원인으로 분석. 2025년과 2026년 영업이익 추정치가 각각 -21%, -13% 하향 조정.-2025년 하반기부터 비용 감축 및 기저 효과로 이익 성장이 예상되지만, 전사 영업이익률이 3% 내외로 실질적인 수익성 향상까지는 시간이 걸릴 것으로 판단.-목표 주가와의 괴리율을 고려해 투자의견은 홀드(Hold)로 하향 조정.조아라 기자 rrang123@hankyung.com",https://www.hankyung.com/article/202504151482i,2025.04.15 08:53
"22일, 거래소 외국인 순매도상위에 전기,전자 업종 5종목",,"외국인 투자자는 22일 거래소에서 두산에너빌리티, 삼성전자, 현대차 등을 중점적으로 매도한 것으로 나타났다.외국인 투자자의 순매도 상위 20개 종목은 두산에너빌리티, 삼성전자, 현대차, 현대로템, 삼성바이오로직스, 기아, POSCO홀딩스, 포스코퓨처엠, 롯데지주, LG이노텍등이다.이중에 전기,전자 업종에 속한 종목이 5개 포함되어 있다.삼성바이오로직스, 롯데지주, 에이피알 등은 전일 대비 주가가 상승했고, 두산에너빌리티, 삼성전자, 현대차 등은 주가가 하락했다.[07월22일]거래소 외국인 순매도 상위 종목한경로보뉴스이 기사는 한국경제신문과 금융 AI 전문기업 씽크풀이 공동 개발한 기사 자동생성 알고리즘에 의해 실시간으로 작성된 것입니다.",https://www.hankyung.com/article/202507225345L,2025.07.22 18:35
치열한 코스피 시총 5위 경쟁…5종목 '엎치락뒤치락',"KB금융·현대차·네이버
한화에어로·두산에너빌
시총 격차 1조원대 불과

AI·원전·방산·밸류업…
테마주 붐 따라 급등락","유가증권시장에서 ‘시가총액 5위 경쟁’이 치열하다.





                한국거래소에 따르면 최근 2주일간 KB금융과 현대자동차, 네이버, 한화에어로스페이스, 두산에너빌리티 등 다섯 개 종목이 시총 5위 자리를 놓고 엎치락뒤치락하고 있다. 코스피 5위는 올들어 지난 4월까지 현대차가 굳건히 지켜온 자리다. 시총은 40조원 안팎이다. 1~4위는 삼성전자, SK하이닉스, 삼성바이오로직스, LG에너지솔루션이다.이달 들어 한화에어로스페이스가 시총 40조원을 돌파하며 현대차를 제쳤고, 이후 네이버, KB금융이 순차적으로 추월했다. 지난 23일엔 네이버와 두산에너빌리티, 한화에어로스페이스 등 세 개 종목이 각각 장중 5위를 찍기도 했다.특히 두산에너빌리티 급등세가 돋보인다는 평가다. 올 들어서만 주가가 264.34% 뛰었다. 인공지능(AI) 서비스와 전기차 확산 등 세계적인 에너지 수요 증가로 각국이 원전 활성화 정책을 본격화한 영향이다. 한화에어로스페이스는 글로벌 방산사업 확대 기대로 올해 주가가 148.11% 올랐다. 네이버의 올해 주가 상승률은 32.61%다. 새 정부의 AI 육성 정책과 원화 스테이블코인 법제화 기대 덕분이다. 다만 ‘전통의 강자’ 현대차 주가는 미국과의 관세 협상 추이에 따라 크게 출렁이는 모습을 보이고 있다.당분간 시총 5위 경쟁이 가열될 것이란 게 증권가 진단이다. 4위인 LG에너지솔루션과 ‘5위 그룹’ 간 격차가 25조원가량인 반면 5~9위의 시총 차이는 워낙 촘촘해서다. 예컨대 27일 기준 5위 KB금융(42조1897억원)과 9위 네이버(40조7975억원)의 시총 차이는 1조3922억원에 불과하다.이들 기업이 AI, 원전, 방산, 밸류업 등 서로 다른 ‘메가 테마’를 타고 있어 상위권 시총 경쟁이 계속될 것이란 게 대체적인 분석이다. 한 자산운용사 관계자는 “시총 5~9위가 돌아가며 바뀌는 건 증시 내 자금이 특정 섹터에 몰리지 않고 순환매하고 있다는 의미”라며 “특정 종목이 단기간 내 시총 상위 경쟁에서 이탈할 가능성은 크지 않다”고 진단했다.선한결 기자 always@hankyung.com",https://www.hankyung.com/article/2025062970071,2025.06.29 17:52
美서 '바이오 큰장'…한국기업들 총출동,"이달 16일 '바이오 USA' 개막
코오롱·에이비엘 등 수출 모색","한국 바이오기업이 이달 개막하는 ‘2025 바이오 인터내셔널컨벤션(바이오 USA)’에 총출동한다. 세계 최대 바이오 전시회인 이 행사에서 신약 기술력을 대대적으로 선보일 예정이다.11일 업계에 따르면 오는 16일부터 19일까지 미국 보스턴에서 열리는 바이오 USA에는 총 550여 개 한국 기업이 참가한다. 바이오 USA는 세계 90여 개국에서 9000개 이상 기업과 2만 명이 넘는 참가자가 모이는 행사다. 바이오 기업들이 기술 이전, 투자 유치 등 실질적 성과를 도출하는 자리다.바이오 USA에선 주로 삼성바이오로직스와 셀트리온 등 국내 위탁개발생산(CDMO) 업체들이 두각을 드러내왔다. 올해는 신약 기술력을 입증하기 위해 나선 국내 기업이 유독 많다. 코오롱생명과학은 신경병증성 통증 유전자 치료제 ‘KLS-2031’과 항암 유전자 치료제 ‘KLS-3021’을 선보이고 글로벌 제약사들과 기술 수출 협의를 진행할 예정이라고 밝혔다.인공지능(AI) 기반 신약 개발 전문 기업 파로스아이바이오도 차세대 급성 골수성 백혈병(AML) 치료제 ‘PHI-101’과 난치성 고형암 치료제 ‘PHI-501’의 연구 성과를 글로벌 기업과 공유할 계획이다.이미 신약 기술력을 인증받은 에이비엘바이오도 참가해 추가적인 파트너십 기회를 모색한다. 에이비엘바이오는 지난 4월 글락소스미스클라인(GSK)과 최대 4조1000억원 규모 기술 이전 계약을 맺었다. 국산 항암제로는 처음으로 미국 식품의약국(FDA)에서 허가받은 ‘렉라자’를 제조한 유한양행과 비만치료제를 개발 중인 한미약품은 별도 부스 없이 실무진을 파견한다. 이를 통해 글로벌 기업들과 비즈니스 미팅을 할 예정이다.황주리 한국바이오협회 교류협력본부장은 “글로벌 제약사들이 한국 기업의 신약 기술력을 눈여겨보고 있어 올해가 특히 중요한 행사가 될 것”이라고 전망했다.오현아 기자 5hyun@hankyung.com",https://www.hankyung.com/article/2025061187691,2025.06.11 17:29
[속보] 삼성바이오 분할…'R&D 전담' 삼성에피스홀딩스 설립,,"사진=한경DB

                삼성바이오로직스가 단순·인적 분할 방식으로 '삼성에피스홀딩스'를 설립한다고 공시했다. 바이오의약품 위탁 개발·생산(CDMO) 사업과 바이오시밀러(복제약) 사업을 완전 분리하기 위함이다.22일 삼성바이오로직스에 따르면 순수 지주회사로 신설되는 삼성에피스홀딩스는 향후 바이오시밀러 기업인 삼성바이오에피스를 완전 자회사로 편입할 예정이다. 이번 분할을 통해 삼성바이오로직스는 순수 CDMO 회사로 거듭나게 된다.삼성에피스홀딩스는 그동안 삼성바이오로직스에서 자회사 관리 및 신규 투자를 맡아 온 사업 부문이 분할돼 설립된다. 김경아 삼성바이오에피스 대표이사가 삼성에피스홀딩스 대표이사를 겸임할 예정이다.분할은 오는 7월 29일 증권신고서 제출 및 9월 16일 분할 승인을 위한 주주총회 개최 등 절차를 거쳐 최종 결정된다. 삼성에피스홀딩스 창립 예정일은 10월 1일이다. 삼성바이오에피스를 100% 자회사로 편입해 분할을 완료한다. 이어 10월 29일 존속회사인 삼성바이오로직스의 변경 상장 및 신설회사인 삼성에피스홀딩스의 재상장이 진행될 예정이다.기업 분할은 주주가 기존법인과 신설법인의 주식을 지분율에 비례해 나눠 갖게 되는 인적 분할 방식으로 진행된다. 이에 삼성바이오로직스의 기존 주주는 삼성바이오로직스 주식과 삼성에피스홀딩스 주식을 0.6503913 대 0.3496087의 비율로 받는다. 분할 비율은 현재 순자산 장부가액을 기준으로 정해졌다.삼성바이오로직스는 사업 분할에 대해 CDMO 사업과 바이오시밀러 사업을 완전히 분리해 CDMO 고객사와 경쟁 사업 운영에 대한 고객사의 잠재적 우려를 해소하고, 수익 창출 방식이 다른 두 사업에 동시에 투자해야 하는 투자자들의 고민도 해소해주기 위한 조치라고 설명했다.순수 CDMO(Pure-play CDMO) 회사로 거듭난 삼성바이오로직스는 '생산 능력·포트폴리오 다각화·글로벌 거점 확대'의 '3대 축 성장 전략'을 토대로 CDMO 역량 강화와 항체·약물접합체(ADC), 아데노연관바이러스(AAV), 사전충전형 주사기(PFS) 등 신사업 분야에 대한 투자를 확대할 예정이다.존 림 삼성바이오로직스 대표는 ""급격한 글로벌 환경 변화에 선제적으로 민첩하게 대응하고, 선택과 집중을 통해 양사가 각 사업에서 초격차 경쟁력을 확보할 수 있도록 이번 분할을 결정했다""며 ""양사 모두가 성장을 가속해 글로벌 톱티어 바이오 기업으로 도약하는 계기가 될 것""이라고 말했다.이민형 한경닷컴 기자 meaning@hankyung.com",https://www.hankyung.com/article/2025052283307,2025.05.22 07:55
"코스피, 외국인 매수에도 강보합 그쳐…바이오주 강세",,"사진=뉴스1

                코스피가 강보합세를 보이고 있다. 외국인이 현물주식과 코스피200선물을 모두 사들이고 있지만, 개인과 기관이 동반 매도 중이다.13일 오전 11시1분 현재 코스피는 전일 대비 9.24포인트(0.35%) 오른 2616.57에 거래되고 있다.외국인이 유가증권시장에서 1009억원어치 주식을 사고 있다. 외국인은 코스피200선물도 1333억원어치 순매수 중이다. 반면 개인과 기관은 현물주식을 각각 726억원과 441억원 규모로 팔고 있다.시가총액 상위 종목들은 혼조세다.삼성전자는 강보합세이고 SK하이닉스는 2.82% 상승하며 20만원 이상에서 거래되고 있다.삼성바이오로직스와 셀트리온은 각각 1.92%와 2.04% 상승하고 있다. 도널드 트럼프 미국 대통령이 서명한 약가인하에 대한 행정명령으로 바이오시밀러 사용이 확대될 수 있다는 기대가 반영되는 모습이다.현대차와 기아도 각각 0.66%와 1.41% 상승세다.반면 한화에어로스페이스와 HD현대중공업은 각각 1.59%와 0.37% 하락하고 있다.LG에너지솔루션도 1.4% 내리는 중이다. 미국 공화당이 전기차 보조금을 축소하는 내용이 포함된 미국 인플레이션 감축법(IRA) 수정법안을 발의했다는 소식이 전해진 영향이다.코스닥은 전일 대비 9.38포인트(1.29%) 오른 734.78에 거래되고 있다. 이 시장에서는 기관과 외국인이 각각 566억우너어치와 119억원어치 주식을 사는 반면, 개인은 589억원어치를 팔고 있다.코스닥 시가총액 상위 종목은 대체로 상승하고 있다.특히 알테오젠(4.61%), HLB(1.41%), 펩트론(8.77%), 리가켐바이오(4.43%), 삼천당제약(8.58%) 등 바이오주들이 강세를 보이고 있다.반면 에코프로비엠은 1.47% 내리고 있다.서울외환시장에서 원·달러 환율은 전일 대비 7.8원(0.55%) 내린 달러당 1409.2원에 거래되고 있다.한경우 한경닷컴 기자 case@hankyung.com",https://www.hankyung.com/article/2025051393006,2025.05.13 11:10
자금흐름을 알면 주가를 알 수 있다? 증시 자금 추적하기!,,"5월 8일 기준 코스피는 전일대비 5.68p 상승한 2579.48p로 마감하였으며,코스닥은 전일대비 6.78p 상승한 729.59p로 마감하였습니다.




 

5월 7일 기준 신용거래융자는 17조 6,156억원으로 전일대비 826억원 증가하였습니다.투자자예탁금은 56조 4,494억원으로 전일대비 814억원 감소하였습니다.CMA는 88조 1,406억원으로 전일대비 1,079억원 증가하였습니다.주식형펀드 순자산은 144조 3,219억원으로 전일대비 4,357억원 증가하였습니다.펀드 순자산은 1,128조 7,479억원으로 전일대비 4조 4,171억원 증가하였습니다.링크종목: 한미약품, 삼성바이오로직스, 카페24, LG디스플레이, 고영무료상담",https://www.hankyung.com/article/202505091736a,2025.05.09 09:53
"""12.2조 추경에 반응했나""…코스피, 기관 매수에 상승 마감",,"사진=연합뉴스

                코스피가 기관의 매수세에 힘입어 상승 마감했다. 외국인도 코스피200 선물을 사들이며 지수 상승을 거들었다.18일 코스피는 전일 대비 13.01포인트(0.53%) 오른 2483.42에 거래를 마쳤다.기관이 유가증권시장에서 813억원어치의 주식을 샀다. 오전까지는 순매도 상태였지만 점심시간 이후 순매수로 전환됐다. 정부가 국무회의에서 12조2000억원 규모의 추경안을 심의·의결한다는 소식이 전해진 전후로 순매도량 감소가 시작됐다. 특히 연기금이 783억원어치를 순매수했다. 개인과 외국인은 각각 318억원어치와 1039억원어치의 주식을 팔았다. 다만 외국인은 코스피200선물을 3499억원어치 순매수했다.시가총액 상위 종목은 혼조세였다.삼성전자는 강보합세로 마감했고, 장중 약세를 보였던 SK하이닉스는 보합으로 거래를 마쳤다.현대차와 기아는 각각 3.03%와 2.71% 상승했다. 한화에어로스페이스도 1.47% 올랐다.반면 HD현대중공업은 1.78% 하락했다. 미국의 중국산 선박 및 중국 선사에 대한 제재가 예상보다 약하다는 일각의 평가가 나온 탓이다. 장 초반 급등세를 보였던 해운주들도 현대글로비스(5.44%)를 제외하고는 상승분을 상당 부분 반납했다.삼성바이오로직스와 셀트리온은 각각 0.94%와 1.13% 빠졌다. LG에너지솔루션도 1.31% 하락했다.코스닥은 전일 대비 6.02포인트(0.85%) 오른 717.77에 거래를 마쳤다. 이 시장에서는 개인과 외국인이 각각 322억원어치와 121억원어치의 주식을 샀고, 외국인은 212억원어치를 팔았다.코스닥 시가총액상위 종목은 대체로 하락세였다.에코프로비엠(-1.03%), HLB(-1.96%), 에코프로(-0.83%), 레인보우로보틱스(-0.71%), 휴젤(-0.73%) 등이 하락했다. 다만 낙폭이 크지는 않았다.반면 알테오젠과 펩트론은 각각 4.52%와 11.04% 상승했다.서울외환시장에서 원·달러 환율은 전일 대비 6.4원(0.45%) 오른 달러당 1423원에 거래되고 있다.한경우 한경닷컴 기자 case@hankyung.com",https://www.hankyung.com/article/2025041809776,2025.04.18 15:51
"코스피, 트럼프 고율 관세 경계감…3180선 강보합 등락",시진핑 방한 기대감에 화장품株 '급등',"사진=연합뉴스

                코스피지수가 트럼프 행정부의 고율 관세 경계감에 보합권에서 등락하고 있다.14일 오전 9시15분 현재 코스피지수는 전 거래일  대비 7.15포인트(0.23%) 오른 3182.92를 기록 중이다. 지수는 이날 0.01% 하락 출발한 뒤 강보합권에서 오르락 내리락 하고 있다.이는 지난 주말 도널드 트럼프 미국 대통령이 고율 관세를 본격화하는 발언 등을 내놓은 영향으로 풀이된다.트럼프 대통령은 지난 11일(현지시간) 자신의 SNS 계정에 캐나다에 보내는 관세 서한을 공개하면서 관세율을 35%로 책정했다고 밝혔다. 유럽연합(EU)에 보내는 관세 서한도 곧 공개될 예정이다.이에 앞서 트럼프 대통령은 미국 NBC 방송과의 전화 인터뷰에서 ""나머지 모든 국가에 15%든 20%든 관세를 부과할 것이고 우리는 지금 그 비율을정하고 있다""며 전방위적인 '관세 살포'를 예고했다.장 초반 유가증권시장에서 외국인과 기관이 각각 2억원과 870억원 순매도하고 있다. 개인은 794억원 매수우위다.시총 상위주들은 등락이 엇갈리고 있다. 삼성전자(-0.8%), 삼성바이오로직스(-0.47%), LG에너지솔루션(-0.7%), 네이버(-0.79%), 기아(-0.79%), 셀트리온(-0.28%) 등이 떨어지고 있는 반면 SK하이닉스(1.36%), KB금융(1.02%), 현대차(0.48%) 등은 오름세다.시진핑 중국 국가주석이 올 가을 경주에서 열리는 아시아태평양경제협력체(APEC) 정상회의에 참석할 것이라는 기대감이 나오면서 한국화장품(25.99%), 토니모리(9.57%), 한국화장품제조(6.53%) 등이 급등하고 있다.코스닥지수는 소폭 오름세다. 이 시각 현재 코스닥지수는 0.17% 오른 801.85를 기록 중이다. 코스닥시장에선 개인이 886억원 순매수 중이다. 외국인과 기관은 각각 688억원과 93억원 매도우위다.코스닥 시총 상위주들은 대부분 오르고 있다. 알테오젠(0.8%), 에코프로비엠(0.67%), HLB(2.73%), 에코프로(0.53%), 파마리서치(1.43%) 등이 상승하고 있다.원·달러 환율은 소폭 올랐다. 이날 서울 외환시장에서 원·달러 환율은 전 거래일 대비 2.6원 오른 1378.0원에 개장했다.노정동 한경닷컴 기자 dong2@hankyung.com",https://www.hankyung.com/article/2025071458046,2025.07.14 09:19
"'삼성물산' 52주 신고가 경신, 외국인 3일 연속 순매수(11.9만주)",,"◆ 주체별 매매동향- 외국인 3일 연속 순매수(11.9만주)지난 한달을 기준으로 보면 기관이 126.8만주를 순매수한 반면, 외국인은 89.0만주를 순매도했고, 개인들도 33.4만주를 순매도했다. 같은 기간 이 종목의 거래 비중은 외국인과 개인이 각각 41.4%, 32.0%로 비중이 높다.한편 외국인은 이 종목에 대해서 최근 3일 연속 11.9만주 순매수를 하고 있다.[그래프]삼성물산 외국인/기관 매매동향











◆ 최근 애널리스트 분석의견- 바이오/반도체/SMR, 미래 산업의 실소유주 - DS투자증권, BUY05월 29일 DS투자증권의 김수현 애널리스트는 삼성물산에 대해 ""삼성바이오로직스 인적 분할의 핵심 수혜: 삼성바이오로직스와 삼성에피스의 실적 성장에 따른 기업 가치 상승의 직접적 수혜. CDMO와 신약개발 분리를 통해 바이오로직스와 에피스의 경쟁력 제고 수혜. 그룹 바이오 / 반도체 지배구조의 정점으로 부상: 자금 확보를 기반으로 중장기적으로 삼성전자에 대한 지배력 강화 예상. 삼성전자가 보유한 바이오부문 지분을 추가 매입하여 바이오 부문의 지배력도 확대 가능. 모멘텀 발생으로 보유자산 대비 현저히 저평가 된 점 부각될 것""이라고 분석하며, 투자의견 'BUY', 목표주가 '190,000원'을 제시했다.한경로보뉴스이 기사는 한국경제신문과 금융 AI 전문기업 씽크풀이 공동 개발한 기사 자동생성 알고리즘에 의해 실시간으로 작성된 것입니다.",https://www.hankyung.com/article/202506056362L,2025.06.05 09:15
美알츠하이머 혈액진단 첫 승인…삼성물산도 투자 뛰어들어,"美 푸지레비오진단의 '루미펄스G'
MRI·PET 없이도 알츠하이머 진단",,https://www.hankyung.com/article/202505192589i,2025.05.20 09:11
"코스피, 개인 매수에 강보합 출발…2600선 회복 놓고 공방",,"사진=연합뉴스

                코스피가 장 초반 강보합세를 보이고 있다. 개인이 매수세에도 기관이 주식을 팔며 지수가 답답한 흐름을 보이고 있다.23일 오전 9시5분 현재 코스피는 전일 대비 4.36포인트(0.17%) 오른 2598.03에 거래되고 있다. 개장 직후 2600선을 회복했지만, 곧바로 내주는 등 공방을 보이고 있다.개인이 유가증권시장에서 640억원어치 주식을 사고 있다. 반면 기관과 외국인은 각각 497억원어치와 168억원어치를 파는 중이다. 다만 외국인은 코스피200선물을 2004억원어치 순매수하고 있다.시가총액 상위 종목들은 혼조세다.삼성전자는 0.55%, SK하이닉스는 1.47% 상스앟고 있다. KB금융도 0.62% 강세다.반면 삼성바이오로직스는 0.74% 하락하고 있다. 셀트리온은 강보합세다.LG에너지솔루션(-0.36%), 현대차(-0.52%), 기아(-0.22%)도 약세다.한화에어로스페이스와 HD현대중공업도 각각 0.96%와 1.02% 하락하고 있다.코스닥은 전일 대비 0.61포인트0.08%) 내린 717.06에 거래되고 있다. 이 시장에서도 개인이 517억원어치의 주식을 사는 반면, 외국인과 기고나은 각각 212억원어치와 188억원어치를 팔고 있다.코스닥 시가총액 상위 종목은 대체로 하락세다. 알테오젠은 강보합세를 보이지만, HLB와 펩트론은 각각 0.56%와 1.19% 하락하고 있다. 에코프로비엠과 에코프로도 각각 0.91%와 1.09% 빠지는 중이다.서울외환시장에서 원·달러 환율은 전일 대비 1.8원(0.13%) 오른 달러당 1384.5원에 거래되고 있다.간밤 뉴욕증시에서 주요지수는 혼조세로 마감됐다. 미 공화당의 감세안이 하원을 통과하면서 불확실성이 일부 해소됐고 미 국채금리도 내림세를 보였지만, 시장의 불안을 완전히 해소하지는 못했다. 22일(현지시간) 뉴욕증권거래소(NYSE)에서 다우존스30산업평균지수는 전일 대비 1.35포인트(0.00%) 내린 41,859.09에, 스탠더드앤드푸어스(S&P)500지수는 2.60포인트(0.04%) 떨어진 5,842.01에, 나스닥종합지수는 53.09포인트(0.28%) 오른 18,925.73에 각각 장을 마쳤다.한경우 한경닷컴 기자 case@hankyung.com",https://www.hankyung.com/article/2025052310176,2025.05.23 09:13
"09일, 기관 거래소에서 KODEX 200선물인버스2X(+3.43%), SK하이닉스(-2.65%) 등 순매수",,"기관 투자자는 09일 거래소에서 KODEX 200선물인버스2X, SK하이닉스, LG에너지솔루션 등을 중점적으로 사들인 것으로 나타났다.기관 투자자의 순매수 상위 20개 종목은 KODEX 200선물인버스2X, SK하이닉스, LG에너지솔루션, HD현대중공업, 한화에어로스페이스, 한화오션, 한국전력, KODEX CD금리액티브(합성), 삼성 인버스 2X 천연가스 선물 ETN C, 신한지주등이다.이중에 운수장비 업종에 속한 종목이 4개 포함되어 있다.KODEX 200선물인버스2X, 한화오션, 한국전력 등은 전일 대비 주가가 상승했고, SK하이닉스, LG에너지솔루션, HD현대중공업 등은 주가가 하락했다.[04월09일]거래소 기관 순매수 상위 종목한경로보뉴스이 기사는 한국경제신문과 금융 AI 전문기업 씽크풀이 공동 개발한 기사 자동생성 알고리즘에 의해 실시간으로 작성된 것입니다.",https://www.hankyung.com/article/202504091571L,2025.04.09 18:35
"22일, 외국인 거래소에서 삼성전자(-1.8%), 현대차(-2.98%) 등 순매도",,"외국인 투자자는 22일 거래소에서 삼성전자, 현대차, 삼성바이오로직스 등을 중점적으로 매도한 것으로 나타났다.외국인 투자자의 순매도 상위 20개 종목은 삼성전자, 현대차, 삼성바이오로직스, 유한양행, 두산에너빌리티, 삼성물산, SK텔레콤, 한화오션, 셀트리온, 삼성중공업등이다.이중에 운수장비 업종에 속한 종목이 5개 포함되어 있다.한진칼, LS 등은 전일 대비 주가가 상승했고, 삼성전자, 현대차, 삼성바이오로직스 등은 주가가 하락했다.[05월22일]거래소 외국인 순매도 상위 종목한경로보뉴스이 기사는 한국경제신문과 금융 AI 전문기업 씽크풀이 공동 개발한 기사 자동생성 알고리즘에 의해 실시간으로 작성된 것입니다.",https://www.hankyung.com/article/202505220436L,2025.05.22 18:35
"에르코스, 출산율 회복 기대감에 힘입어 소폭 강세",,"에르코스(435570)가 최근 코스닥 시장에서 상승세를 보이며 투자자들의 관심을 끌고 있다. 6월 중순부터 이어진 출생아 수 증가 소식이 저출산 정책 수혜 기대를 높이자, 금일 주가가 소폭 올랐다. 특히 영유아 이유식 브랜드 ‘루솔’을 중심으로 영유아식·고령자식·대체식품 등 사업 다각화 전략이 긍정적 평가를 받고 있다.이 회사는 올해 초 스팩 합병을 통해 코스닥에 상장한 이후 줄곧 안정적 성장세를 이어왔다. 최근에는 ‘이재명표 인구 전담 조직’ 신설 보도가 나오며 시간외에서도 주가가 상한가를 기록하기도 했다. 업계 관계자들은 에르코스가 ‘푸드테크’ 기업으로 발돋움하기 위한 푸드 솔루션 확대와 최근 흑자 전환 이력을 주목하고 있다.다만, 영유아 식품 시장의 구조적 축소 우려와 함께, 향후 실적 발표 및 정책 리스크가 변수로 작용할 전망이다. 투자자들은 이를 분수령으로 추가 모멘텀 여부를 주시하고 있다.한미약품, 삼성바이오로직스, 카페24, LG디스플레이, 고영무료상담",https://www.hankyung.com/article/202506273464a,2025.06.27 10:13
[투자운세] 6월10일(내일) 궁합이 맞는 종목은?,,"2025년 6월 10일 내일 관심가질 종목입니다1.쥐띠 : 재료가 반영되지 않으면 팔아라60년생 (이수스페셜티케미컬, 한올바이오파마) 72년생 (셀트리온제약, 엔켐) 84년생 (종근당, 영원무역)2.소띠 : 비온 뒤에 땅이 굳는다.61년생 (HD현대일렉트릭, 셀트리온) 73년생 (삼성중공업, 더존비즈온) 85년생 (삼성바이오로직스, 고영)3.호랑이띠 : 기회가 왔을때는 과감하게 행동하라62년생 (이수페타시스, 키움증권) 74년생 (DB손해보험, 이오테크닉스) 86년생 (한미약품, CJ대한통운)4.토끼띠 : 끼있는 주식이 가장 잘 올라간다63년생 (HK이노엔, SK스퀘어) 75년생 (아모레퍼시픽, SK하이닉스) 87년생 (KB금융, 두산)5.용띠 : 시세는 주가보다 기간이 중요하다64년생 (강원랜드, 포스코DX) 76년생 (현대글로비스, 대웅제약) 88년생 (SK바이오사이언스, 에스엘)6.뱀띠 : 팔고나서 올라도 애통해 하지 마라65년생 (씨젠, 솔브레인) 77년생 (삼성생명, SK) 89년생 (HPSP, 한미반도체)




 

7.말띠 : 독립적으로 사고하라66 년생 (HDC현대산업개발, 한진칼) 78년생 (LIG넥스원, LX세미콘) 90년생 (하이브, 코웨이)8.양띠 : 손해보고 있는 종목부터 팔아라67년생 (한국앤컴퍼니, 한국콜마) 79년생 (넷마블, 미스토홀딩스) 91년생 (엔씨소프트, 우리금융지주)9.원숭이띠 : 이미는 아직이고, 아직은 이미이다68년생 (한화오션, 녹십자) 80년생 (대덕전자, LG이노텍) 92년생 (한미사이언스, 삼성전기)10.닭띠 : 도미를 사러 가서 정어리를 사지말라69년생 (에스원, 에스디바이오센서) 81년생 (유한양행, 롯데지주) 93년생 (코오롱인더, 신한지주)11.개띠 : 시장분위기에 취하지 마라70년생 (삼성엔지니어링, SK텔레콤) 82년생 (호텔신라, LG생활건강) 94년생 (삼천당제약, 한화에어로스페이스)12.돼지띠 : 신고가는 따라 붙어라71년생 (HD현대미포, 삼성전자) 83년생 (오뚜기, GS) 95년생 (한화시스템, 메리츠금융지주)링크종목 – 한전산업, 한신기계, 미래에셋생명, 코난테크놀로지, 한빛레이저무료상담",https://www.hankyung.com/article/202506091362a,2025.06.09 14:18
美증시 반등에 코스피 1%대 상승세…환율 20원 급락,,"사진=연합뉴스

                미국발(發) 훈풍에 코스피·코스닥지수가 14일 장 초반 1% 넘게 오르고 있다. 지난 주말 미국 증시는 글로벌 관세 전쟁 완화 기대로 반등에 성공했다. 원·달러 환율은 20원 넘게 급락세를 나타내고 있다.이날 오전 9시10분 현재 코스피지수는 전 거래일보다 26.89포인트(1.11%) 오른 2459.61을 기록하고 있다. 지수는 0.63% 오름세로 출발한 후 상승폭을 확대하고 있다.유가증권시장에서 개인이 1439억원 매수 우위인 반면 외국인과 기관이 각각 683억원과 791억원 매도 우위를 나타내고 있다.시가총액 상위 종목은 대체로 상승세다. 삼성전자, SK하이닉스, LG에너지솔루션, 현대차, 한화에어로스페이스, 셀트리온, 기아, HD현대중공업, KB금융, 네이버, 한화오션, 신한지주 등이 오르는 반면 삼성바이오로직스는 소폭 내리고 있다.지난 주말 뉴욕증시의 주요 3대 지수는 일제히 반등했다. 11일(현지시간) 우량주 30개를 묶은 다우지수는 전장 대비 1.56% 올랐으며 나스닥종합지수와 S&P500지수도 각각 2.06%와 1.81% 뛰었다.코스닥지수는 같은 시각 7.2포인트(1.04%) 오른 702.79를 기록하고 있다. 지수가 700선을 넘은 건 장중 기준으로 지난달 28일 이후 11거래일 만이다.코스닥시장에서도 개인이 504억원 매수 우위인 반면 외국인과 기관이 각각 373억원과 118억원 매도 우위를 보이고 있다.코스닥 시총 상위 종목 중 알테오젠, 에코프로비엠, 에코프로, 레인보우로보틱스, 리가켐바이오, 펩트론, 파마리서치, 코오롱티슈진 등이 오르는 반면 HLB, 삼천당제약 등이 내리고 있다. 서울 외환시장에서 원·달러 환율은 전장보다 21.9원 내린 1428원으로 개장했다. 이는 장중 최저가 기준으로 12·3 비상계엄 사흘 후인 지난해 12월6일(1414.7원) 이후 넉 달여 만에 가장 낮은 수준이다.고정삼 한경닷컴 기자 jsk@hankyung.com",https://www.hankyung.com/article/2025041489216,2025.04.14 09:22
[바이오 CFO 길라잡이] 제약·바이오 기업의 개발비 회계처리 현황 및 시사점,글 김영순 삼일회계법인 파트너,,https://www.hankyung.com/article/202504305860i,2025.05.16 08:48
"코스피, 장중 상승폭 확대…한은, 기준금리 연 2.75% 동결",태양광 소재 미 관세 면제에 OCI홀딩스 15%↑,"이창용 한국은행 총재가 17일 서울 중구 한국은행 본관에서 열린 금융통화위원회 본회의에서 의사봉을 두드리며 개회 선언을 하고 있다. 사진=연합뉴스

                17일 코스피지수가 금융통화위원회 기준금리 '동결' 결정 이후 장중 상단을 소폭 올리고 있다.이날 오전 10시3분 현재 코스피지수는 전일 대비 13.33포인트(0.54%) 오른 2460.76을 기록 중이다. 0.17% 상승으로 출발한 코스피지수는 장 초반 뉴욕증시 급락과 금통위 경계감에 하락 전환하기도 했으나 금통위 결정 이후 2460선까지 상단을 높였다.한국은행 금통위는 이날 오전 통화정책방향회의를 열고 현재 연 2.75%인 기준금리를 유지하기로 결정했다. 미국 트럼프 행정부의 관세 정책으로 국내외 경기침체 우려가 확산하고 있지만 여전히 높은 환율 레벨과 가계부채 증가 우려 등을 고려한 조치로 풀이된다.이 시각 현재 유가증권시장에서 기관이 1163억원 순매수 중이다. 외국인과 개인은 각각 1130억원과 123억원 매도우위다.코스피 시가총액 상위기업들은 혼조세다. 엔비디아 대중 수출 규제 우려 여파에도 삼성전자와 SK하이닉스는 소폭 오르고 있다. 삼성바이오로직스, 현대차, 한화에어로스페이스, 셀트리온, 기아 , HD현대중공업도 상승하고 있다. 반면 LG에너지솔루션, KB금융, 네이버는 하락하고 있다.OCI홀딩스는 태양광 소재인 폴리실리콘과 웨이퍼가 미국 상호관세 면제 품목에 포함됐다는 소식에 16% 가까이 뛰고 있다. 한화솔루션도 12%대 급등세다. 코스닥지수도 장중 상단을 높여 1% 가까이 오르고 있다. 이 시각 현재 코스닥지수는 전일 대비 0.97% 뛴 705.86을 기록 중이다.노정동 한경닷컴 기자 dong2@hankyung.com",https://www.hankyung.com/article/2025041773586,2025.04.17 10:12
코스피 3000선 돌파 시도했지만 '멈칫'…네이버는 이틀째 '급등',,"사진=연합뉴스

                코스피가 19일 개장 직후 3000선 돌파를 시도했지만, 힘이 부치는 모습이다. 반도체 대형주들이 강세를 이어가지 못한 탓이다.19일 오전 9시10분 현재 코스피는 전일 대비 6.37포인트(0.21%) 오른 2978.56에 거래되고 있다. 개장 직후엔 2996.04까지 오르며 3000선 돌파를 시도하기도 했다가 숨을 고르는 모습이다.반도체 대형주의 힘이 빠진 탓이다. 개장 전 프리마켓에 이어 장 초반까지 삼성전자는 1%대 상승세를 보였지만, 현재는 보합으로 밀렸다. SK하이닉스는 하락전환했다.외국인의 코스피200선물 매매가 순매도로 전환된 탓이다. 개장 직후에는 순매수금액이 500억원대에 이르렀지만, 현재는 567억원 순매도를 기록 중이다. 외국인은 현물 주식도 983억원어치 팔고 있다. 기관도 395억원어치 순매도하고 있다. 개인만 1459억원어치를 사고 있다.반도체 대형주 이외의 시가총액 상위 종목 중에서는 NAVER가 돋보인다. 전일 18% 넘게 급등한 데 이어 이날도 4.72% 상승하고 있다.현대차와 기아는 각각 1.46%와 0.71% 상승하는 중이다.반면 삼성바이오로직스는 약보합세이고, 한화에어로스페이스와 두산에너빌리티는 각각 0.76%와 1.64% 상승하고 있다.코스닥은 전일 대비 1.28초인트(0.16%) 오른 781.01에 거래되고 있다. 이 시장에서도 외국인과 기관이 각각 605억원어치와 31억원어치의 주식을 파는 반면, 개인은 645억원어치를 사고 있다.코스닥 시가총액 상위 종목들은 혼조세다.알테오젠은 약보합세이며, HLB는 2.78% 빠지고 있다. 휴젤과 파마리서치도 각각 1.95%와 0.46% 하락 중이다.반면 에코프로비엠은 0.66% 상승하고 있고, 에코프로는 강보합세다.레인보우로보틱스는 3.31% 오르고 있다.서울외환시장에서 원·달러 환율은 전일 대비 2원(0.15%) 오른 달러당 1374.2원에 거래되고 있다.간밤 뉴욕증시에서 주요지수는 혼조세로 마감됐다. 미국 중앙은행(Fed)의 연방공개시장위원회(FOMC)에서 기준금리는 예상대로 동결됐지만, 제롬 파월 Fed 의장이 향후 정책에 대해 명확한 방향성을 제시하지 못하면서 불확실성이 커졌다. 중동 지역의 불확실성도 여전하다. 18일(현지시간) 뉴욕증권거래소(NYSE)에서 장 마감 무렵 다우존스30산업평균지수는 전일 대비 44.14포인트(0.10%) 내린 42,171.66에, 스탠더드앤드푸어스(S&P)500지수는 1.85포인트(0.03%) 내린 5,980.87에, 나스닥종합지수는 25.18포인트(0.13%) 오른 19,546.27에 각각 거래를 마쳤다.한경우 한경닷컴 기자 case@hankyung.com",https://www.hankyung.com/article/2025061949916,2025.06.19 09:18
"주식 신용담보 전환하기 미루면 올해 1,500만원을 잃습니다",,"전송종목 : 삼성전자, SK하이닉스, LG에너지솔루션, 삼성바이오로직스, 현대차매일 4만 원씩, 1년이면 약 1,500만 원, 이 돈은 누구의 통장으로 들어갈까요?당신이 가만히 있는 순간에도, 고금리 증권사는 웃고 있습니다.최근 주식 투자자들 사이에서는 신용융자, 미수 등 증권사의 고금리 대출의 이자 부담이 뜨거운 감자로 떠오르고 있다.많은 투자자들이 “금리를 낮추고 싶다”고 말하지만, 기존 대출 상환 후 재매수라는 번거로운 절차에 자금 마련까지 어려워 그냥 방치하고 마는 경우가 다반사이다.이러한 고금리의 증권사 신용 및 담보대출 이용자들의 악순환을 끊을 방법이 생겼다.바로 무빙스탁의 ‘증권사 신용, 대환자금대출’ 서비스가 출시된 것이다.이 서비스는 보유 주식을 매도하지 않고, 기존 고금리 주식대출(신용/미수 등)을 연 3%대의 저금리 상품으로 전환할 수 있도록 상환자금을 지원하는 것이 핵심이다.무빙스탁 관계자는 “금리를 5%만 낮춰도, 신용대출 3억 원 기준 무려 1,500만 원의 이자 절감 효과가 있습니다.” 라고 밝혔다.더 놀라운 사실은, 지금 이벤트 기간 중 신청하면 대환자금 이자까지 0원이라는 점이다. 단 하루의 이자 부담도 없이, 기존 고금리를 완전히 벗어날 수 있는 절호의 기회이다.무빙스탁 ‘증권사 신용, 대환자금대출’의 비용 무료 이벤트는 이벤트 기간 동안 한정적으로 제공되는 만큼, 고금리의 신용융자를 이용 중인 투자자라면 지금 바로 확인해볼 필요가 있다.★ 장마감 시간이 가까워질수록 문의가 많아 상담이 지연될 수 있습니다.★ 5월 문의하신 고객들이 많이 보유하신 종목으로는 삼성전자, POSCO홀딩스, 셀트리온, 포스코퓨처엠, 에코프로비엠, NAVER, 에코프로, 삼성SDI, LG화학, SK하이닉스, 두산에너빌리티, 카카오, SK이노베이션, LG에너지솔루션, 엘앤에프, 삼천당제약, 현대차, 알테오젠, HPSP, LG전자 등이 있습니다.★ 안내사항과도한 빚은 당신에게 큰 불행을 안겨줄 수 있습니다. 대출 시 신용등급 하락으로 다른 금융거래가 제약받을 수 있습니다. 중개수수료를 요구하거나 받는 것은 불법입니다.상호명: ㈜단비대부 2021-서울영등포-2102(대부업) | TEL: 1544-4886 | 대출금리: 연 20%이내(연체금리는 약정금리+3%p이내, 최대 연 20%이내) | 단, 2021. 7. 7.부터 신규체결, 갱신, 연장되는 계약에 한함 | 채무의 조기상환 조건 및 부대비용 없음. (단, 신용조회비용 및 담보권설정비용 있음), 이자 외 별도로 중개수수료를 요구하거나 수취하는 것은 불법입니다. | 대표이사: 박동원 | 사업자등록번호: 274-86-00231 | 등록기관명칭: 서울 영등포구청(담당부서: 일자리경제과, 02-2670-3420) | 소재지 : 서울 영등포구 여의대방로67길 11, 5층 517호 | 개인정보관리자메일: help@danbifund.co.kr무료상담",https://www.hankyung.com/article/202505153759a,2025.05.15 09:36
"오가노이드사이언스, 임상·플랫폼 기술 부각에 강세…중장기 가치 재평가 기대",,"오가노이드사이언스가 최근 코스닥 시장에서 강한 상승 흐름을 보이며 투자자들의 관심이 집중되고 있다.이 회사는 환자 유래 장기 미니장기 ‘오가노이드’를 활용한 재생 치료제 ATORM-C의 임상이 가시화되며 주목받고 있다. 특히 베체트 장염 임상 초기 결과에서 궤양 치유율 75%, 임상 증상 호전률 100%, 중대한 이상반응 제로라는 성과를 공개하며, 임상 경쟁력을 입증했다.한편 플랫폼 사업인 신약·신소재 평가용 오가노이드 시스템도 활발한 확장세를 보이고 있다. 삼성서울병원 등과의 협업 세미나를 통해 “고차원 바이오 플랫폼 구축”이 강조되었으며, 대체 동물실험 평가 솔루션으로 사업화가 이뤄지고 있다.전문가들은 “오가노이드사이언스는 단순 바이오텍이 아닌, 재생의료와 동물 대체 평가 솔루션을 동시에 갖춘 기술 플랫폼 기업”이라며 “임상 데이터와 사업부 확장이 맞물리며 기업 가치가 본격적으로 재조명받는 국면”이라고 평가한다.다만, 아직 상용화 초기 단계인 임상 및 플랫폼 상용화의 실현 여부, 글로벌 규제 승인 및 기술확장 계획에 따라 주가 방향이 크게 달라질 수 있다는 조심스러운 시각도 존재한다. 대체 동물실험법 규제 강화 흐름은 우호적이지만, 실제 매출로 연결될지는 추이가 필요한 상황이다.삼성바이오로직스, 신성이엔지, 현대모비스, SK, 에코프로비엠무료상담",https://www.hankyung.com/article/202507111981a,2025.07.11 13:23
,,,https://magazine.hankyung.com/money/article/202504165166c,
소외됐던 제약·바이오株 반등…업종 순환매에 재평가 기대,,"관세 유예기간 만료 불확실성과 단기 증시 상승 피로감이 겹치며 국내 증시가 약세를 보인 가운데, 그동안 소외됐던 제약·바이오주가 모처럼 강세를 기록했다. 셀트리온, 종근당, 삼성바이오로직스 등 주요 바이오 종목들이 상승했고 관련 ETF도 일제히 반등하며 투자심리가 개선되는 모습이었다.제약·바이오 업종은 올해 코스피의 강한 상승 랠리 속에서도 상대적으로 부진했던 섹터로, 글로벌 의약품 정책 불확실성과 약가 인하 압박 등으로 투자심리가 위축된 상태였다. 그러나 증시 내 순환매 흐름이 이어지며 가격 매력이 부각되자 투자자들의 관심이 다시 집중되는 모습이다.전문가들은 단기적으로 업종 순환매 수혜가 기대되지만, 중장기적으로는 개별 기업의 실적과 이벤트 중심으로 선별적 접근이 필요하다고 조언하고 있다. 특히 파이프라인, 안정적 성장, 정책 수혜 가능성이 있는 기업이 주목받을 것으로 전망된다.한편, 스탁론에 대한 관심이 날로높아지고 있다. 모처럼 잡은 투자기회를 놓치지 않으려는 투자자들이 주식매입을 위해 더 많은 자금을 활용할 수 있는 스탁론으로 눈길을 돌리고 있기 때문이다. 현 주가는 실적을 따라가지 못하고 있는 상황으로, 밸류에이션 리레이팅이 필요한 시기라는 평가도 나오고 있다.




 

◆ 하이스탁론, 연 4%대 업계 최저금리로 추가 투자금은 물론 신용미수 대환까지!<하이스탁론>에서 누구나 부담 없이 스탁론을 경험할 수 있도록 연 4%대 최저금리 상품을 출시했다. 주식매입 용도는 물론 증권사 미수/신용 대환도 가능하며 신용등급 차등 없이 자기자본 포함 최대 4배까지 활용할 수 있다.이와 함께 DSR 한도 때문에 기존 스탁론 이용이 어려웠던 투자자들은 위한 DSR 무관 상품도 취급 중이다. 또한 장중 거래가 어려웠던 투자자를 위한 대체거래소(NXT) 거래도 가능해졌다.<하이스탁론>의 새로운 상품에 대해 자세히 알고 싶은 투자자는 고객상담센터(1599-0313)로 연락하면 대출 여부와 상관없이 24시간 언제든 전문상담원과 편리한 상담이 가능하다.○ 연 4%대 업계 최저금리 상품 출시○ 대체거래소(NXT) 거래 가능!○ 21년 연속 시장 점유율 1위, 16년 연속 대한민국퍼스트브랜드 대상○ 증권사 신용/미수 실시간 상환, 한종목 100% 집중 투자○ 믿을 수 있는 상담품질보증제※하이스탁론상담센터 : 1599-0313바로가기:https://www.hisl.co.kr/0313◆ 현 시각 관심종목 Top 10 : 두산에너빌리티, SK하이닉스, 한화오션, LG씨엔에스, 우리기술, 실리콘투, 이구산업, 형지엘리트, 미래반도체, 대보마그네틱무료상담",https://www.hankyung.com/article/202507035314a,2025.07.04 10:10
한미 통상협의 앞두고 '관망모드'…코스피 약보합,,"24일 오전 서울 중구 하나은행 본점 딜링룸에서 딜러가 업무를 보고 있다. /사진=연합뉴스

                코스피지수가 이렇다 할 방향성이 없는 흐름을 보이다가 끝내 약보합권에서 마감했다. 한국시간 기준 이날 밤 열릴 한미 간 통상협의를 앞두고 관망심리가 작용한 것으로 풀이된다.한국거래소에 따르면 이날 코스피지수는 전일 대비 3.23포인트(0.13%) 내린 2522.33를 기록했다. 지수는 전날보다 0.22포인트(0.01%) 내린 2525.34로 출발했다. 2530선을 터치한 장 초반을 제외하고는 장중 약세를 거듭했다.외국인과 기관이 각각 78억원, 1984억원 매도 우위다. 개인만 1349억원 매수 우위다.대장주인 삼성전자는 전날과 같은 5만57700원에 마감했다. 이날 개장 전 호실적을 발표한 SK하이닉스가 1.49% 하락한 가운데 LG에너지솔루션(-2.15%), 삼성바이오로직스(-1.88%) 등도 약세를 기록했다.이날 SK하이닉스는 연결 기준 올해 1분기 영업이익이 7조4405억원으로 지난해 동기 대비 157.8% 증가한 것으로 잠정 집계됐다고 공시했다. 지난해 4분기에 이어 삼성전자의 전사 영업이익(6조6000억원)도 훌쩍 뛰어넘었다. 계절적 비수기에도 고부가 제품인 고대역폭 메모리(HBM) 5세대 HBM3E 12단의 판매 확대 등으로 시장 기대를 웃도는 '어닝 서프라이즈'(깜짝 실적)를 기록했다.한편 코스닥 지수는 전 거래일과 같은 726.08에 마감했다. 장중 최고와 최저의 폭이 6포인트에 불과할 정도로 변동폭이 작았다.기관 홀로 315억원 매도 우위다. 개인과 외국인이 각각 298억원, 52억원 매수 우위다.코스닥시장에서 대장주 알테오젠은 약보합세였다. HLB는 1.25% 밀렸다. 휴젤과 클래시스는 2%대, 파마리서치는 4%대 올랐다.오후 3시30분 기준 서울 외환시장에서 원·달러 환율은 14.4원 오른 1435원을 기록했다.신민경 한경닷컴 기자 radio@hankyung.com",https://www.hankyung.com/article/2025042436036,2025.04.24 15:47
"한미반도체, 단기 조정 속 여전한 기술력…투심 변수로 부상",,"한미반도체가 최근 단기 주가 하락 국면에 진입하며 투자자들의 관심이 집중되고 있다. 반도체 장비주 전반의 조정 흐름 속에서 상당한 하락 장면도 나타나 업종 내 대표주의 조정 신호로 받아들여지고 있다.조정의 주요 배경 중 하나는 글로벌 메모리 장비 수요에 대한 일시적 불확실성이다. 미국 엔비디아의 신용등급 하락 발표 이후 관련 반도체주의 하락 압력이 확대됐고, 이는 한미반도체에도 영향을 미쳤다. 여기에 SK하이닉스와 공급 계약 구도에 대한 검토가 겹치며 단기적으로 투자심리가 위축된 분위기다.또한, 최근 공매도 비중 증가도 주가에 부담으로 작용 중이다. 일부 기관과 외국인 투자자가 하락 베팅에 가담하며 단기 변동성을 키우는 모습이다. 기술적 분석에서도 고점 대비 일부 이익 실현 매물이 출회되는 흐름이 감지됐다.그러나 전문가들은 여전히 한미반도체의 기술 경쟁력과 HBM 장비 수요 중장기 성장 동력을 긍정적으로 평가한다. TC 본더 기술력과 국산 micro SAW 모듈 개발 등 기술 자립 기반이 견고하며, 하반기 신제품 출시에 대한 기대도 유지된다는 분석이다.단기 주가 조정은 흔한 현상이라는 시각도 존재한다. 업계 관계자는 “조정이 과도하게 보이지만, 펀더멘털 기반이 견고해 중장기 관점의 접근이 유효하다”며 “글로벌 메모리 수요 회복시 빠른 반등도 가능하다”고 진단했다.삼성바이오로직스, 미래에셋증권, SK스퀘어, 현대건설, 에스앤디무료상담",https://www.hankyung.com/article/202507146133a,2025.07.14 13:13
"23일, 외국인 거래소에서 삼성전자(+0.61%), SK하이닉스(+0.19%) 등 순매도",,"외국인 투자자는 23일 거래소에서 삼성전자, SK하이닉스, 두산에너빌리티 등을 중점적으로 매도한 것으로 나타났다.외국인 투자자의 순매도 상위 20개 종목은 삼성전자, SK하이닉스, 두산에너빌리티, 한화솔루션, 삼성SDI, NAVER, 한화오션, 삼성바이오로직스, 코웨이, 삼성중공업등이다.이중에 전기,전자 업종에 속한 종목이 5개 포함되어 있다.삼성전자, SK하이닉스, 두산에너빌리티 등은 전일 대비 주가가 상승했고, NAVER, 한화오션, 삼성중공업 등은 주가가 하락했다.[07월23일]거래소 외국인 순매도 상위 종목한경로보뉴스이 기사는 한국경제신문과 금융 AI 전문기업 씽크풀이 공동 개발한 기사 자동생성 알고리즘에 의해 실시간으로 작성된 것입니다.",https://www.hankyung.com/article/202507237816L,2025.07.23 18:35
"""12억 넘었는데 이젠 6억도 안된다""…집값 반토막 난 동네","송도 8공구 등 외곽 '울상'…1·3공구 등 최선호 지역은 선방
향후 수천가구 입주 물량 대기…""당분간 회복 어려워""","인천 송도국제도시 일대 아파트 전경. 사진=한경DB

                한때 '인천의 강남'으로 꼽혔던 송도국제도시 집값이 침체의 늪에서 벗어나지 못하고 있다. 선호도 높은 일부 지역을 제외하면 여전히 신고가 대비 반값 수준에 거래되는 단지가 속출하고 있다. 수요가 회복하지 못하고 있는 가운데 입주 물량까지 겹치면서다.23일 국토교통부 실거래가 공개시스템에 따르면 연수구 송도동 8공구 '더샵송도 마리나베이' 전용 84㎡는 지난달 말 5억9500만원에 손바뀜했다. 이 면적대는 2022년 2월 12억4500만원에 거래됐던 면적대다. 최고가와 비교하면 반토막도 되지 않는 수준에 거래가 된 셈이다.바로 옆에 있는 'e편한세상송도' 전용 84㎡는 지난 11일 6억3500만원에 새로운 주인을 찾았는데 이 면적대 역시 2021년 10억7500만원(8월)으로 10억원을 넘겼던 면적대다. 현재 가격은 최고가의 59% 수준이다.송도동 B 공인 중개 관계자는 ""8공구에 있는 단지 전반적으로 가격을 살펴보면 이전 최고가의 50~60% 수준으로 거래되는 경우가 많다""며 ""집값 상승과 함께 외곽 지역에 많은 아파트가 공급됐는데 이를 받아줄 수요는 많지 않은 상황""이라고 설명했다.당분간 가격 회복은 요원해 보인다. 송도에 공급될 아파트가 아직 쌓여 있어서다. 부동산 정보제공 앱(응용프로그램) 아파트 실거래가에 따르면 송도에 올해 공급될 아파트는 3774가구다. 적정수요인 2021가구를 넘어선다. 2026년엔 공급 물량이 없지만 2027년엔 2041가구, 2028년엔 3958가구로 '공급 폭탄'이 떨어질 예정이다.송도에 있는 C 공인 중개 관계자는 ""송도 자체가 계획도시이지 않으냐""며 ""앞으로 들어올 아파트도 많아 당장은 뚜렷한 가격 회복이 어려울 것으로 본다""고 설명했다.
                    



사진=유채영 한경닷컴 기자

                송도 내 선호도가 높은 지역 소재 아파트는 그나마 형편이 낫다.송도동에 있는 '송도더샵하버뷰(D14)' 전용면적 116㎡는 지난 2일 11억4000만원에 새 주인을 찾았다. 이 면적대는 집값이 폭등했던 2021년 13억원(7월)까지 올랐던 면적대인데, 2023년 1월 8억9500만원까지 하락했다가 현재 최고가의 87%까지 가격이 올라왔다.같은 동 '송도더샵마스터뷰21BL' 전용 125㎡도 지난 5일 11억8000만원에 매매 계약을 체결했다. 마찬가지 2021년 13억3000만원(4월)까지 올랐던 면적대다. 현재 가격은 최고가의 88% 수준이다.이들 아파트는 상대적으로 선호도가 높은 1공구, 3공구 등 지역에 자리잡고 있다. 1공구는 채드윅국제학교를 비롯해 포스코 자사고 등 학군지로 꼽히는 지역인데다 한때 '김연아 상가'로 명성을 얻었던 '커넬워크'도 근방에 있다. 3공구는 수도권광역급행철도(GTX) B노선이 예정된 곳이다.송도동에 있는 A 공인 중개 대표는 ""과거 최고가와 비교하면 아직 회복하지 못하긴 했다. 그러나 송도 내에서도 선호도가 높은 1공구나 3공구 등에 있는 집값은 일부 조정이 있긴 했지만 어느 정도 수요가 회복되는 상황""이라고 설명했다.
                    



송도국제도시에 있는 부동산 전경. 사진=연합뉴스

                한편 국토연구원 분석에 따르면 앞선 부동산 상승기 강남 3구에서 시작한 집값 상승은 크게 3개 패턴을 보이며 수도권 전역으로 확산했다. 해당 경로는 △강남 3구-성남 분당구(판교)-용인시 수지구-용인시 기흥구 △강남 3구-과천시-안양시 동안구(평촌·인덕원)-군포시(산본) △강남 3구-양천구 목동-광명시·인천 송도-시흥 등이다. 강남 3구부터 시작된 집값 상승세는 양천구 목동까지는 확산했지만 경기 광명시나 인천 송도, 시흥까지는 아직 확산하지 않았다.과거 송도 집값이 크게 뛴 이유는 크게 두 가지다. GTX-B노선 신설에 따른 서울 접근성 개선 기대감이다. GTX가 개통되면 서울역까지 30분 이내에 도착이 가능하다. 민자 구간 사업에 새로운 투자사가 참여할 것으로 알려지면서 사업에 속도가 붙을 전망이다. 또 다른 하나는 인구 유입 기대감이다. 송도는 K-바이오 전초기지라는 평가받기도 했었다. 삼성바이오로직스 등 국내 대표 바이오 기업 본사가 들어가 있기도 하다.한 부동산 시장 전문가는 ""송도에 있는 호재가 사라진 것은 아니지만 어느 정도 집값에 반영이 됐다고 생각한다""며 ""시간을 두고 지켜봐야 할 것""이라고 설명했다.이송렬 한경닷컴 기자 yisr0203@hankyung.com",https://www.hankyung.com/article/2025062081816,2025.06.23 06:30
"저점매수기회! 한 종목에서만 승부를 보는 승부사를 위한 상품, 5년고정 연 4.9%로 이용가능",,"부자네스탁론이 봄맞이 이벤트로 5년고정 연 4.9%의 저금리 스탁론 상품을 출시하면서 투자자들에게 화제가 되고 있다.5년고정 연 4.9%의 저금리 스탁론은 주요 증권사의 신용 금리로 알려진 8~9%대의 금리보다 훨씬 금리가 낮은 상품이다.스탁론 상품들은 증권사 신용보다 레버리지는 더 높고 담보유지비율은 더 낮아 투자 고수들 사이에서 잘 알려진 상품이다.미수나 반대매도를 해결해주는 대환대출상품, 한 종목 100% 집중투자 상품신용등급, 매수불가종목, D.S.R 등 주식투자자들의 고민을 완벽하게 해결해주는 솔루션을 제공하는부자네스탁론은 고객마다 가장 최적의 대출방법으로 해결해준다.-스탁론 D.S.R<총부채원리금상환비율> 고강도 규제에도! 문제없는 부자네스탁론!– 소득 낮고 기존 대출금액 많아도 계좌평가금액에 비례해서 대출가능!▶머니투데이 부자네스탁론① 5년고정 연 4.9% 금리의 최저금리 스탁론② 자기자본포함 최대 4배까지 레버리지 투자 가능③ 매수가능종목 100% 집중투자가능 (코스닥, 시가총액, 포트폴리오비율상관없이)④ 스탁론 전종목 1:1 매수상담문의 → 수익극대화⑤ 반대매도 임박 / 추가입금이 힘들다면? → 1:1 로스컷 전문상담⑥ D.S.R과 신용등급 낮.아.도 문제없이 매입/대환까지 가능!★ D.S.R비율, 신용등급 무관 저금리 부자네스탁 AM8:00~PM4:00 ☎1577-5852★ AM 8:00 부터 선착순 예약접수 http://www.bujane.co.kr/4월 고객들의 문의가 많은 종목은 한화오션, 온코닉테라퓨틱스, 위너스, 세명전기, 삼성바이오로직스 등이 있다.무료상담",https://www.hankyung.com/article/202504254862a,2025.04.25 11:18
'200% 관세 폭탄'…삼성바이오·셀트리온 엇갈린 이유,,"영상 모듈 닫기




<앵커>트럼프 대통령이 미국이 아닌 곳에서 생산되는 의약품에 대한 관세를 200% 수준으로 예고했습니다.국내 대형 바이오 기업들의 반응은 엇갈리고 있습니다.관련해 산업부 김수진 기자와 이야기 나눠봅니다.김 기자, 지금 셀트리온이 굉장히 적극적으로 대응하고 있죠.<기자>지금 셀트리온 홈페이지 첫 화면이 '주주님께 드리는 글' 입니다.미국 트럼프 행정부 의약품 관세 부과 계획에 관한 대응 전략이 담겨있습니다.현재 2년분 재고가 미국에 있고, 미국 판매 제품은 미국내에서 생산할 수 있게 현지 파트너와 이미 계약을 완료했다는 내용이었죠.또 미국 생산시설 보유 회사 인수도 검토하고 있다고 덧붙였습니다.과거에도 셀트리온은 미국 의약품 관세 관련 발표 때마다 입장을 곧바로 밝혀왔습니다.<앵커>일종의 주주 친화 정책에서 이렇게 적극 대응하는 건 이해가 가는데, 그에 비해 삼성바이오로직스는 비교적 조용한 모습입니다.왜 그런건가요?<기자> 실제로 삼성바이오로직스는 비교적 단순한데요.따로 홈페이지에 공지를 올리거나 자료를 내지 않고 ""미국 발표 내용을 분석하고 있다, 다양한 방안을 검토 중이다""는 입장만 알려왔습니다.  이런 온도차에는 앞서 말씀주신 주주 친화 정책의 방향이나, 회사 자체 특성이 분명 존재합니다.그런데 업계에서는 미국 시장 비중과 주력 사업 품목 차이도 이유로 꼽습니다.미국 시장 비중부터 살펴볼까요.두 회사 모두 유럽 매출이 미국보다 크지만, 비중에서 차이가 납니다.2024년 기준 삼성바이오의 유럽 매출 비중은 65%에 달하는 반면 미국은 25% 수준입니다.셀트리온을 살펴보면 2024년 유럽 매출 비중이 49.7%, 북미가 약 33.6%라 삼성바이오에 비해 상대적으로 미국 매출 비중이 더 큽니다. 게다가 셀트리온은 그간 미국에서 짐펜트라와 스테키마 등 주력 치료제 공급을 위해, 미국에서 의약품 판매에 필수 조건으로 불리는 PBM(약국급여관리자)등재를 위해 많은 투자를 해 왔거든요.짐펜트라와 스테키마 같은 경우 미국 3대 PBM 처방집에 등재가 완료됐고, 본격 공급하면 되는 상황에서 관세 문제가 터진겁니다.<앵커>삼성바이오와 셀트리온의 주력 사업은 각각 CDMO(위탁생산개발)와 바이오시밀러 완제의약품으로 다르단 것도 차이가 있다면서요?<기자>CDMO는 고객사 위탁 의약품을 계약 내용대로만 만들어서 납품하면 됩니다.그 과정에서 고객사가 관세를 부담하는게 일반적이라, 완제의약품을 한국에서 생산해서 미국에 가져다 파는 것보다 타격이 덜합니다.물론 고객사가 관세로 마진이 줄어드는 걸 고려해 기업에게 비용 분담을 시킬 방안을 찾을 수 있습니다.삼성바이오가 고객사와 협상하기 나름인데, 삼성의 강점인 기술력·대규모 생산 능력 등의 패를 얼마나 활용할 수 있는지에 따라 결과는 달라질 것 같습니다.그리고 현재 트럼프가 밝힌 의약품 관세 내용을 보면 의약품이라고 통틀어서만 이야기하고, 자세한 사항은 언급하지 않았거든요.CDMO를 구분해 별도로 언급한다면 삼성바이오도 직접적인 영향을 받을 수 있는겁니다.그 외에 지금 주목해서 볼 부분은 '미국 내 생산' 입니다.트럼프 대통령은 1기 행정부 시절에도 정부 조달시장에 참가하려면 미국 내 생산시설이 필수인 정책을 언급한 바 있습니다.기조 자체가 미국 내에서 생산해야 불이익을 덜 주겠다는 입장입니다.셀트리온이 회사 인수를 통한 현지 생산 전환을 추진하는 것도 이 때문입니다.미국 내 생산 공장을 새롭게 만드려면 4~6년 넘게 걸리니, 현지 기업 인수를 검토하는게 이득입니다.<앵커>당장은 셀트리온처럼 완제의약품을 국내에서 생산, 미국으로 공급하는 기업이 더 불리하다는 결론이 나오는데, 실제로 관세 부과가 현실화되면 어떻게 될까요?<기자>당장은 그렇지만, 미국 정부가 '유예 기간'을 언급한데서 희망적인 시각을 가질 수 있습니다.1년 반 사이에 한미정상회담 등을 통해 관세를 협상할 수도 있고요.셀트리온을 예로 들었을때 당장 관세가 부과된다면 짐펜트라(램시마SC)같은 미국 주력 제품이 타격을 받을 수 있습니다.하지만 셀트리온은 2년치 재고를 미국에 쌓아놨다고 밝힌 바 있습니다.때문에 계획대로 2년 안에 현지 생산시설을 확보한다면 큰 문제가 없다고 봅니다.<앵커>네, 여기까지 듣겠습니다.김수진기자 sjpen@wowtv.co.kr",https://www.hankyung.com/article/2025071003825,2025.07.10 14:43
"증권사 신용담보 이동, 미루면 하루에 4만원씩 없어집니다.",,"전송종목 : 삼성전자, SK하이닉스, LG에너지솔루션, 삼성바이오로직스, 현대차매일 4만 원씩, 1년이면 약 1,500만 원, 이 돈은 누구의 통장으로 들어갈까요?당신이 가만히 있는 순간에도, 고금리 증권사는 웃고 있습니다.최근 주식 투자자들 사이에서는 신용융자, 미수 등 증권사의 고금리 대출의 이자 부담이 뜨거운 감자로 떠오르고 있다.많은 투자자들이 “금리를 낮추고 싶다”고 말하지만, 기존 대출 상환 후 재매수라는 번거로운 절차에 자금 마련까지 어려워 그냥 방치하고 마는 경우가 다반사이다.이러한 고금리의 증권사 신용 및 담보대출 이용자들의 악순환을 끊을 방법이 생겼다.바로 무빙스탁의 ‘증권사 신용, 대환자금대출’ 서비스가 출시된 것이다.이 서비스는 보유 주식을 매도하지 않고, 기존 고금리 주식대출(신용/미수 등)을 연 3%대의 저금리 상품으로 전환할 수 있도록 상환자금을 지원하는 것이 핵심이다.무빙스탁 관계자는 “금리를 5%만 낮춰도, 신용대출 3억 원 기준 무려 1,500만 원의 이자 절감 효과가 있습니다.” 라고 밝혔다.더 놀라운 사실은, 지금 이벤트 기간 중 신청하면 대환자금 이자까지 0원이라는 점이다. 단 하루의 이자 부담도 없이, 기존 고금리를 완전히 벗어날 수 있는 절호의 기회이다.무빙스탁 ‘증권사 신용, 대환자금대출’의 비용 무료 이벤트는 이벤트 기간 동안 한정적으로 제공되는 만큼, 고금리의 신용융자를 이용 중인 투자자라면 지금 바로 확인해볼 필요가 있다.★ 장마감 시간이 가까워질수록 문의가 많아 상담이 지연될 수 있습니다.★ 5월 문의하신 고객들이 많이 보유하신 종목으로는 삼성전자, POSCO홀딩스, 셀트리온, 포스코퓨처엠, 에코프로비엠, NAVER, 에코프로, 삼성SDI, LG화학, SK하이닉스, 두산에너빌리티, 카카오, SK이노베이션, LG에너지솔루션, 엘앤에프, 삼천당제약, 현대차, 알테오젠, HPSP, LG전자 등이 있습니다.★ 안내사항과도한 빚은 당신에게 큰 불행을 안겨줄 수 있습니다. 대출 시 신용등급 하락으로 다른 금융거래가 제약받을 수 있습니다. 중개수수료를 요구하거나 받는 것은 불법입니다.상호명: ㈜단비대부 2021-서울영등포-2102(대부업) | TEL: 1544-4886 | 대출금리: 연 20%이내(연체금리는 약정금리+3%p이내, 최대 연 20%이내) | 단, 2021. 7. 7.부터 신규체결, 갱신, 연장되는 계약에 한함 | 채무의 조기상환 조건 및 부대비용 없음. (단, 신용조회비용 및 담보권설정비용 있음), 이자 외 별도로 중개수수료를 요구하거나 수취하는 것은 불법입니다. | 대표이사: 박동원 | 사업자등록번호: 274-86-00231 | 등록기관명칭: 서울 영등포구청(담당부서: 일자리경제과, 02-2670-3420) | 소재지 : 서울 영등포구 여의대방로67길 11, 5층 517호 | 개인정보관리자메일: help@danbifund.co.kr무료상담",https://www.hankyung.com/article/202505125817a,2025.05.12 14:16
호재만 '3겹'…삼성물산 주가 어디까지 오를까,,"영상 모듈 닫기




<앵커>최근 상승장은 몸이 무겁다고 알려진 지주사들의 주가도 띄웠습니다.특히 삼성물산은 더욱 강력해진 상법 개정안 추진과 함께 높아진 기업 가치 재평가 기대감과 본업에서의 경쟁력이 부각되고 있습니다.취재기자와 자세한 이야기 나눠봅니다. 부동산부 방서후 기자 나와 있습니다.방 기자. 대선을 앞두고 주택 공급 확대 공약이 쏟아지면서 건설주들 힘 받지 않았습니까? 삼성물산도 그래서 오른 거 아닌가요?<기자>물론 그 영향도 없지는 않습니다. 하지만 삼성물산은 이재용 회장이 최대주주로서 삼성전자를 비롯한 계열사들을 지배하는, 사실상 그룹의 지주사 역할을 하는 회사입니다.통상 지주사는 오너 중심의 불투명한 지배구조와 낮은 주주환원 정책, 자회사 가치가 주가에 제대로 반영되지 않는 구조 등을 이유로 시장에서 저평가 받고 있는 종목들입니다.그런데 새 정부가 상법 개정안을 재추진하면서 주가에 힘을 받기 시작한 겁니다.해당 법안에는 이사의 충실의무 대상을 주주로 확대하고 자사주 소각을 의무화하는 내용 등이 담겨 있는데요.일반주주 보호를 강화하면 그동안 지주사 가치 할인의 주요 원인이었던 지배주주와 일반주주의 이해 상충 문제를 해소할 수 있습니다.따라서 현재 배당수익률 2% 수준인 삼성물산의 주주환원 강도도 지금보다는 강화될 가능성이 높습니다.<앵커>최근 진행된 삼성바이오로직스의 인적 분할 역시 단순 위탁 생산과 복제약 사업 분리를 넘어서,삼성물산을 중심으로 이재용 회장의 그룹 지배력을 강화하기 위한 포석이라는 분석이 나오는데요.<기자>삼성 지배구조 개편 관련해선 많은 시나리오가 나오고 있습니다만 핵심은 이재용 회장의 삼성전자 지배력을 확보하는 것입니다.이 회장이 삼성전자 지분을 1.65%, 삼성물산 지분은 약 20%를 가지고 있기 때문에 삼성물산을 빼놓고선 그룹 지배구조 이야기를 할 수가 없기 때문입니다.삼성물산이 삼성바이오로직스 지분 43%를 가지고 있는 최대주주이기도 한 만큼 이번 인적 분할로 삼성바이오로직스는 물론, 새로 신설된 삼성에피스홀딩스도 지배할 수 있게 됐습니다.기존에 복제약 사업을 하는 삼성바이오에피스의 가치가 삼성바이오로직스를 거쳐 삼성물산에 반영되던 것이 이제는 직접적으로 반영되면서 기업 가치 제고에 도움이 될 수 있고요.여기서 상법 개정안과 함께 삼성 지배구조 개편의 키를 쥔 또 다른 법안 통과 가능성을 함께 살펴보셔야 되는데요.바로 삼성생명법이라고도 불리는 보험업법 개정안입니다.이 법이 통과되면 현재 삼성전자 지분 8.5%를 보유한 삼성생명이 약 5.7%의 지분을 팔아야 합니다. 거의 20조원 정도 되는데요.삼성물산이 향후 삼성에피스홀딩스 지분을 매각하면 최대 29조6천억원의 현금이 생기는데, 이 돈으로 삼성생명의 삼성전자 지분을 받아줄 수 있다는 계산이 나옵니다.매각하지 않고 지분을 교환하는 방법도 거론되고 있는데, 어쨌든 삼성물산이 삼성전자 지분을 가져가는 방향이라는 점에는 변함이 없습니다.이렇게 되면 그동안 삼성그룹의 발목을 잡았던 금산분리 이슈도 해결하고 이재용 회장 중심의 지배구조를 공고하게 만드는 효과가 있습니다.<앵커>지주사로서는 그렇고, 건설사로서 본업은 잘하고 있나요?<기자>다른 건설사들과 마찬가지로 주택 공급 확대 공약과 신사업 성과로 인한 실적 개선 기대감이 높은 상황입니다.우선 주택사업 관련해선 '래미안' 브랜드를 앞세우며 도시정비사업 강자로 군림하는 중입니다.연초부터 한남4구역을 시작으로 신반포4차, 송파구 한양3차 등 한강변 알짜 사업지의 시공권을 줄줄이 확보하면서 현재까지 5조213억원의 수주고를 쌓았습니다.역대 최고 실적이고요. 지난 2023년(2조951억원)과 2024년(3조6,398억원)의 연간 수주 실적을 상반기 실적만으로 넘어선 것이기도 합니다.게다가 올해 정비사업 최대어인 압구정2구역까지 노리고 있습니다. 이달 중 시공사 입찰 공고가 나오면 9월쯤 시공사 선정이 예상되는데요.공사비만 2조4천억원에 달하기 때문에 삼성물산이 여기까지 수주한다면 6년 연속 도시정비사업 수주 1위였던 현대건설의 독주를 막을 수도 있습니다.<앵커>신사업은 역시 원전이겠죠?<기자>그렇습니다. 경쟁사인 현대건설이 기존 대형원전에서 두각을 나타내고 있다면 삼성물산은 소형모듈원전, SMR에서 존재감을 드러내고 있습니다.삼성물산은 현재 미국 뉴스케일파워와 협업 중인데요. 이 뉴스케일파워가 설계한 SMR 원자로가 가장 먼저 표준 설계 인증을 받았습니다.SMR은 전에 없던 기술이기 때문에 상용화 여부가 가장 중요한데요.뉴스케일파워가 표준 설계 인증을 받으면서 삼성물산은 전세계에서 SMR 개발 속도가 가장 빠른 기업과 손을 잡게 된 셈입니다.루마니아를 비롯한 유럽 시장에선 이미 성과가 가시화되고 있고요.최근에는 해외 건설사들의 진입이 어려운 일본에도 법인을 설립하기로 하면서 에너지 인프라 사업에서도 적극적 행보를 보이고 있습니다.<앵커>리스크는 없나요?<기자>주요 매출처인 삼성전자가 지난해부터 국내에 신규 반도체 공장을 건설하지 않으면서 하이테크 수주가 사실상 멈춘 상태입니다.이로 인해 당장 올해 1분기부터 건설 부문 매출이 1년 전보다 40% 감소하는 등 타격을 받고 있는 상황입니다.또 가설이 많은 만큼 무엇 하나 확실하지 않은 지배구조 개편 시나리오도 장기적으로는 불확실성을 더할 수 있다는 우려가 나옵니다.방서후기자 shbang@wowtv.co.kr",https://www.hankyung.com/article/2025060927255,2025.06.09 14:34
"10일, 외국인 거래소에서 SK하이닉스(+5.69%), 삼성바이오로직스(+6.09%) 등 순매수",,"외국인 투자자는 10일 거래소에서 SK하이닉스, 삼성바이오로직스, 카카오 등을 중점적으로 사들인 것으로 나타났다.외국인 투자자의 순매수 상위 20개 종목은 SK하이닉스, 삼성바이오로직스, 카카오, 삼성전자, 기아, SK, 삼성중공업, 현대건설, 하이브, 한화오션등이다.이중에 운수장비 업종에 속한 종목이 5개 포함되어 있다.SK하이닉스, 삼성바이오로직스, 카카오 등은 전일 대비 주가가 상승했고, 현대건설, 하이브, 에이피알 등은 주가가 하락했다.[07월10일]거래소 외국인 순매수 상위 종목한경로보뉴스이 기사는 한국경제신문과 금융 AI 전문기업 씽크풀이 공동 개발한 기사 자동생성 알고리즘에 의해 실시간으로 작성된 것입니다.",https://www.hankyung.com/article/202507101188L,2025.07.10 18:35
"15일, 거래소 외국인 순매도상위에 보험 업종 3종목",,"외국인 투자자는 15일 거래소에서 현대차, 삼성화재, 기아 등을 중점적으로 매도한 것으로 나타났다.외국인 투자자의 순매도 상위 20개 종목은 현대차, 삼성화재, 기아, 기업은행, SK텔레콤, NAVER, 신한지주, 우리금융지주, 삼성SDI, DB손해보험등이다.이중에 보험 업종에 속한 종목이 3개 포함되어 있다.기업은행, NAVER, 우리금융지주 등은 전일 대비 주가가 상승했고, 현대차, 삼성화재, 기아 등은 주가가 하락했다.[07월15일]거래소 외국인 순매도 상위 종목한경로보뉴스이 기사는 한국경제신문과 금융 AI 전문기업 씽크풀이 공동 개발한 기사 자동생성 알고리즘에 의해 실시간으로 작성된 것입니다.",https://www.hankyung.com/article/202507150337L,2025.07.15 18:35
미국의 중동 갈등 개입에…하루만에 3000선 내준 코스피,,"사진=연합뉴스

                코스피가 3000선을 밑돌고 있다. 지난 20일 ‘삼천피’를 회복한지 하루만이다. 미국이 중동 갈등에 직접 개입해 이란을 공격했고, 이란도 이에 대응해 호르무즈해협 봉쇄 카드를 꺼내든 탓이다.23일 오전 9시5분 현재 코스피는 전일 대비 27.77포인트(0.92%) 내린 2994.07에 거래되고 있다.유가증권시장에서 외국인과 기관이 각각 988억원어치와 195억원어치의 주식을 팔며 지수를 끌어 내리고 있다.지난 21일(현지시간) 미국이 B-2 폭격기를 동원해 이란의 핵시설 세 곳을 직접 공격했고, 이에 이란 의회가 호르무즈해협 봉쇄를 의결하는 등 중동 지역 군사적 갈등이 격화된 탓에 투자심리가 악화된 모습이다.개인이 외국인과 기관의 매도를 받아내며 1359억원어치를 사는 중이다.시가총액 상위 종목은 혼조세다.삼성전자와 SK하이닉스는 각각 2.44%와 1.95% 하락하고 있다. 삼성바이오로직스(-1.67%), LG에너지솔루션(-2.62%), 현대차(-3.57%), HD현대중공업(-1.92%)도 약세다. 수출을 통해 매출을 올리는 기업들이다.반면 내수 서비스 시반으로 수익을 올리는 NAVER는 3.34% 오르며 지난주의 상승세를 이어가고 있다.방산기업인 한화에어로스페이스도 1.17% 상승하는 중이다.코스닥은 전일 대비 15.46포인트(1.95%) 내린 776.07에 거래되고 있다. 이 시장에서도 외국인과 기관이 각각 109억원어치와 35억원어치를 팔고 있고, 개인은 169억원어치를 매수하는 중이다.코스닥 시가총액 상위 종목들은 대체로 하락세다.특히 에코프로비엠이 4.31% 하락하며 낙폭이 두드러진다. 에코프로도 3.39% 빠지는 중이다.알테오젠(-2.69%), HLB(-3.36%), 펩트론(-2.86%) 등 바이오 종목의 낙폭도 작지 않다.서울외환시장에서 원·달러 환율은 전일 대비 1원(0.07%) 오른 달러당 1375원에 거래되고 있다.한경우 한경닷컴 기자 case@hankyung.com",https://www.hankyung.com/article/2025062323496,2025.06.23 09:04
"코스피, 선물옵션 만기일에도 선방…7거래일째 상승 랠리",,"사진=연합뉴스

                선물옵션 동시 만기일에도 코스피지수가 상승했다. 7거래일 연속 상승 랠리를 편 것이다.지수는 장중 한때 2930선을 넘겼지만 오후 들어 오름폭을 줄여갔다. 개인이 차익실현을 나선 가운데 선물옵션 동시 만기일의 영향으로 지수 상단이 다소 제한된 것으로 풀이된다. 다만 수급 측면에서 연기금의 매수세가 뒷받침되며 지수는 강세로 마감했다.한국거래소에 따르면 12일 코스피지수는 전날 대비 12.99포인트(0.45%) 상승한 2920.03에 장을 끝냈다.외국인이 4057억원 매수 우위이고 개인과 기관이 각각 1751억원, 2397억원 매도 우위다. 특히 연기금이 1900억원 매수 우위를 보이는 등 연기금 매수세가 기관 전체 매도 압력을 일부 상쇄하면서 지수 안정에 기여한 것으로 풀이된다.유가증권시장에서 대장주인 삼성전자(-0.67%)를 비롯해 SK하이닉스(-1.87%), 삼성바이오로직스(-1.34%), KB금융(-1.21%) 등이 내렸다. LG에너지솔루션(3.93%)과 한화에어로스페이스(5.3%), 두산에너빌리티(6.85%) 등은 강세를 기록했다.달바글로벌은 11.59% 상승했다. 글로벌 아마존에서 달바글로벌 제품의 순위가 양호하다는 분석이 나오면서 투자심리가 크게 개선된 것으로 풀이된다. 특히 스페인과 독일 등지에서 양호한 흐름을 보이고 있는 것으로 나타났다.코스닥지수는 3.16포인트(0.4%) 오른 789.45에 거래를 마쳤다.개인이 홀로 391억원 매수 우위다. 외국인과 기관이 각각 91억원, 89억원 매도 우위다.도널드 트럼프 대통령이 대북 관계 개선 의지를 언급한 영향으로 남북 경협주가 강세다. 좋은사람들이 7.28% 급등했다.전날 사상 최고가를 썼던 실리콘투는 10.03% 급락했다. 화장품 수출 데이터 호조가 수치로 확인된 가운데, 실리콘투의 기여도에 대한 시장이 판단이 달라진 영향으로 풀이된다.한편 오후 3시30분 기준 서울 외환시장에서 원달러 환율은 16.3원 내린 1358.7원을 기록했다.신민경 한경닷컴 기자 radio@hankyung.com",https://www.hankyung.com/article/2025061210696,2025.06.12 15:58
합병 모멘텀·글로벌 수요 회복 겹호재에 HD현대인프라코어 주가 강세,,"HD현대인프라코어가 최근 강세를 보이는 배경에는 HD현대건설기계와의 합병 추진과 글로벌 시장 수요 회복, 그리고 기관·외국인의 수급 변화가 복합적으로 작용하고 있다. 지난 7월 초, 두 회사는 흡수합병안을 이사회에서 승인했으며, 인프라코어가 해산해 건설기계사가 존속법인이 되는 방식이다. 합병 비율에 따른 신주 배정 계획이 발표되자 투자심리가 개선되며 주가에 호재로 작용했다.더해 하반기 실적 기대감도 상승 요인으로 작용했다. HD현대인프라코어는 2분기 매출과 영업이익이 전년 대비 각각 증가하며, 특히 북미·유럽의 건설기계 수요 회복 흐름이 실적에 반영됐다. 이에 더해 증권사들은 실적 호조와 합병 시너지 등을 근거로 목표주가를 상향하며 투자의견을 ‘매수’로 유지하고 있다.수급 측면에서도 긍정 신호가 포착됐다. 최근 기관이 관련 테마주를 중심으로 매수세를 보이며, 외국인 및 개인 순매도에도 불구하고 가격 상승 흐름이 유지되고 있다. 특히 최근 3개월간 저평가 구간에서 벗어나며 밸류에이션 재평가 국면에 진입했다는 분석이 나온다.결론적으로, HD현대인프라코어는 합병 기대, 글로벌 수요 회복 기반 실적 개선, 기관 수요 유입이라는 호재가 맞물려 주가의 상승 모멘텀을 확보했다. 시장에서는 향후 합병 절차 진행 경과와 글로벌 인프라 수요 추세, 그리고 수급 변화 여부를 중심으로 추가 상승 여지를 전망하고 있다.한화오션, 삼성바이오로직스, SNT에너지, 기아, 현대차무료상담",https://www.hankyung.com/article/202507248612a,2025.07.24 10:03
"13일, 기관 거래소에서 삼성전자(-2.02%), SK하이닉스(0.00%) 등 순매도",,"기관 투자자는 13일 거래소에서 삼성전자, SK하이닉스, 한화 등을 중점적으로 매도한 것으로 나타났다.기관 투자자의 순매도 상위 20개 종목은 삼성전자, SK하이닉스, 한화, KODEX 코스닥150레버리지, SK이노베이션, HD현대미포, 현대로템, HD한국조선해양, 한국전력, 신한지주등이다.이중에 전기,전자 업종에 속한 종목이 4개 포함되어 있다.HD현대미포, 현대로템, HD한국조선해양 등은 전일 대비 주가가 상승했고, 삼성전자, 한화, KODEX 코스닥150레버리지 등은 주가가 하락했다.[06월13일]거래소 기관 순매도 상위 종목한경로보뉴스이 기사는 한국경제신문과 금융 AI 전문기업 씽크풀이 공동 개발한 기사 자동생성 알고리즘에 의해 실시간으로 작성된 것입니다.",https://www.hankyung.com/article/202506134238L,2025.06.13 18:35
"코스피, 중동發 위기 딛고 1%대 상승…2970선 등락","개인 '사자'·외인 '팔자'
국제유가 하락에 정유주 '급락'","사진=게티이미지뱅크

                17일 코스피지수가 중동 지정학적 상황을 지켜보면서 장 초반 상승 흐름을 나타내고 있다.이날 오전 9시18분 현재 코스피지수는 전일 대비 33.53포인트(1.14%) 오른 2980.19를 기록 중이다.간밤 이란이 이스라엘에 휴전 협상 신호를 보내는 등 중동 긴장감이 다소 완화되는 모습을 보이면서 미국 증시가 상승한 것이 투자심리에 긍정적인 영향을 준 것으로 풀이된다.이 시각 현재 유가증권시장에서 개인이 4769억원 순매수하고 있다. 외국인과 기관은 각각 2070억원과 2282억원 매도우위다.코스피 시가총액 상위기업들은 대부분 오름세다. 삼성전자와 SK하이닉스가 각각 2.1%와 2.62% 상승하고 있다. 삼성바이오로직스, LG에너지솔루션, 현대차, HD현대중공업, 두산에너빌리티도 빨간불을 켰다.국제유가 반락 소식 이후 대성에너지(-8.74%), 한국석유(-7.44%), S-Oil(-4.93%), 극동유화(-4.16%) 등 석유에너지 관련주들이 급락하고 있다.코스닥지수도 오름세다. 이 시각 현재 코스닥지수는 전일 대비 1.62포인트(0.21%) 상승한 778.88을 기록 중이다.코스닥시장에서도 개인이 1330억원 순매수다. 외국인과 기관은 각각 957억원과 260억원 매도우위다.코스닥 시총 상위주들은 혼조세다. 에코프로비엠, 삼천당제약, 리노공업, 코오롱티슈진이 오르고 있는 반면 알테오젠, HLB, 레인보우로보틱스, 휴젤 등은 내림세다. 인적분할을 결정한 파마리서치는 7%대 급락세다.원달러 환율은 소폭 내림세다. 이날 서울 외환시장에서 원달러 환율은 전일 대비 3.8원 떨어진 1360원에 개장했다.노정동 한경닷컴 기자 dong2@hankyung.com",https://www.hankyung.com/article/2025061795786,2025.06.17 09:20
조선업 관련주의 이것이 궁금하다?,,"조선업 관련주는 트럼프수혜주로 꼽히는 업종이다. 이에 따라 조선업 관련주에 투자자들이 주목하고 있다. 이에 따라 조선업의 신용융자현황의 궁금증도 크게 궁금해하는 모습이다.특히 주식 투자자들에게 신용융자현황은 시장이나 주식이 크게 변동할 때 참고해야 할 지표로 꼽히고 있다.조선업 주요종목들의 신용융자잔고 현황은 아래와 같다.공여율: 하루 거래량 중 신용융자거래가 차지하는 비중잔고비율: 상장된 총 주식 신용융자로 매수한 주식 수량의 비율




 

삼성중공업 신용융자잔고 12,241,234주, 잔고비율 1.38%, 공여비율 20.53%한화오션 신용융자잔고 4,114,888주, 잔고비율 1.33%, 공여비율 17.04%HD현대미포 신용융자잔고 397,421주, 잔고비율 0.98%, 공여비율 16.81%HD현대중공업 신용융자잔고 139,999주, 잔고비율 0.15%, 공여비율 %HD한국조선해양 신용융자잔고 236,867주, 잔고비율 0.33%, 공여비율 9.33%(5월 26일 기준)한미약품, 삼성바이오로직스, 카페24, LG디스플레이, 고영무료상담",https://www.hankyung.com/article/202505277340a,2025.05.27 10:13
외국인·기관 매도에 '삼천피' 목전서 숨고르기…한한령 해제 테마 '들썩',,"사진=연합뉴스

                코스피지수가 3000선 회복에 또 고배를 마셨다. 외국인과 기관의 매물 출회가 지수 발목을 잡았다.19일 코스피는 전일 대비 5.55포인트(0.19%) 오른 2977.74에 거래를 마쳤다.개장 직후에는 2996.04까지 올라 3000선 회복에 대한 기대감을 키웠지만, 이내 힘이 빠져 하락 전환했다. 2950선 중반까지 밀렸던 지수는 오후 들어 회복세를 보였고, 강보합권에서 마감됐다.개인이 유가증권시장에서 3510억원어치 주식을 사들이며 지수를 회복시켰다. 기관과 외국인은 각각 3016억원어치와 873억원어치의 주식을 팔았다. 외국인은 코스피200선물을 2491억원어치 순매도했다.시가총액 상위 종목들은 혼조세였다.삼성전자는 1% 하락했다. 개장 직후에는 강세를 보이며 6만400원까지 올라 지수 상승을 견인했지만, 결국 힘이 빠졌다.SK하이닉스도 낙폭을 키우기도 했지만, 약보합권까지 회복해 마감됐다.삼성바이오로직스도 0.5% 하락했다.반면 NAVER는 3.49% 올랐다. 전일 급등세가 이날까지 이어진 모습이다.한화에어로스페이스와 현대차는 각각 0.76%와 0.49% 올랐다.한중 관계 개선에 따른 한한령 해제 수혜 테마의 강세도 두드러졌다. 코스피 시장에서는 카지노 관련 종목인 롯데관광개발과 파라다이스가 각각 9.29%와 3.69% 올랐다.코스닥은 전일 대비 2.78포인트(0.36%) 오른 782.51에 마감됐다. 이 시장에서는 개인과 기관이 각각 1264억원어치와 165억원어치 주식을 샀고, 외국인은 1365억원어치를 팔았다.코스닥 시가총액 상위 종목들은 대체로 상승했다.특히 파마리서치와 펩트론이 각각 4.63%와 7.95% 상승해 가장 두드러졌다. 같은 미용의료 테마에 속하는 클래시스도 1.81% 올랐다. 다만 휴젤은 3.13% 내렸다.알테오젠은 2.03% 약세였다. 반면 HLB는 5.77% 올랐다.에코프로비엠은 0.55% 올랐지만, 에코프로는 1.2% 내렸다.코스닥 시장에서는 여행 관련 종목들이 한한령 해제 기대감에 강하게 올랐다. 참좋은여행이 8.71%, 노랑풍선이 11.83%, 모두투어가 4.58% 상승했다.서울외환시장에서 원·달러 환율은 전일 대비 9원(0.66%) 오른 달러당 1381.3원에 거래되고 있다. 한경우 한경닷컴 기자 case@hankyung.com",https://www.hankyung.com/article/2025061964476,2025.06.19 15:49
"17일, 기관 거래소에서 삼성전자(+3.09%), 한화에어로스페이스(+4.92%) 등 순매수",,"기관 투자자는 17일 거래소에서 삼성전자, 한화에어로스페이스, 유한양행 등을 중점적으로 사들인 것으로 나타났다.기관 투자자의 순매수 상위 20개 종목은 삼성전자, 한화에어로스페이스, 유한양행, KODEX 코스닥150레버리지, 삼성중공업, 한화오션, 삼성에스디에스, 삼성바이오로직스, HD현대미포, SK바이오팜등이다.이중에 운수장비 업종에 속한 종목이 5개 포함되어 있다.삼성전자, 한화에어로스페이스, 유한양행 등은 전일 대비 주가가 상승했고, 삼성에스디에스, KODEX 200선물인버스2X, KODEX 인버스 등은 주가가 하락했다.[07월17일]거래소 기관 순매수 상위 종목한경로보뉴스이 기사는 한국경제신문과 금융 AI 전문기업 씽크풀이 공동 개발한 기사 자동생성 알고리즘에 의해 실시간으로 작성된 것입니다.",https://www.hankyung.com/article/202507175594L,2025.07.17 18:35
"코스피, 2550선에서 마감…원·달러 환율 1400원대 중반으로","코스닥 0.6% '상승'
이재명 테마주 내리고, 한덕수 테마주 오르고","30일 서울 하나은행 본점 딜링룸./사진=연합뉴스

                코스피와 코스닥 지수가 소폭 오르며 거래를 마쳤다. 정치판이 요동치며 정치 테마주는 급등락했다.2일 코스피는 전 거래일 대비 3.18포인트(0.12%) 오른 2559.79에 마감했다. 장 초반 약세를 보였던 코스피는 장중 상승 전환하며 2567.04까지 치솟기도 했지만, 상승분을 대부분 반납하며 마감했다.유가증권시장에서 기관은 홀로 2930억원을 순매수하며 지수를 끌어올렸다. 개인과 외국인은 각각 2140억원, 1608억원을 순매도했다.시가총액 상위주 흐름은 엇갈렸다. SK하이닉스는 외국인 순매수세에 힘입어 4.79% 뛴 18만600원에 마감했다. KB금융(3.33%), 삼성바이오로직스(3.14%), 한화에어로스페이스(2.63%), HD현대중공업(1.62%), 셀트리온(0.68%)도 올랐다. 반면 현대모비스(-4.11%), 삼성전자(-2.16%), 네이버(-1.55%), LG에너지솔루션(-1.11%), 현대차(-0.63%)는 하락했다.코스닥 지수는 전장 대비 4.62포인트(0.64%) 오른 721.86에 거래를 마쳤다. 코스닥 지수도 개장 초반 약세를 보였지만, 반등에 성공했다.코스닥 시장에선 외국인과 기관이 각각 940억원, 675억원을 순매수하며 강세장을 이끌었다. 개인은 1604억원어치를 순매도했다.코스닥 시총 상위주는 대부분 올랐다. 펩트론(4.29%)이 4% 넘게 오른 가운데 에이비엘바이오(3.99%), 파마리서치(3.45%), 리가켐바이오(3.05%), 에코프로비엠(2.96%), 에스엠(2.91%), 휴젤(1.78%), 알테오젠(1.57%), 삼천당제약(0.92%)가 일제히 빨간불을 켰다.정치 뉴스가 쏟아지며 이재명 테마주와 한덕수 테마주는 엇갈린 흐름을 보였다. 대법원이 이재명 후보 공직선거법위반 건을 유죄 취지 파기 환송하면서 오리엔트바이오(-16.29%), 상지건설(-15.32%), 형지글로벌(-9.47%) 등은 하락했다. 일정실업(30%), 아이스크림에듀(21.02% 등 한덕수 테마주는 한덕수 전 대통령 권한대행의 출마 선언에 따라 강세를 보였다.산일전기(5.69%), HD현대일렉트릭(5.04%), 일진전기(4.76%), 효성중공업(3.58%), LS 일렉트릭(3.44%) 등 전력 설비주도 급등했다. 변압기 수출이 늘어났다는 소식이 전해지면서다. 4월 1~20일 초고압 변압기 수출액은 8200만달러(잠정)로 3월(7400만달러)을 이미 넘어섰다.원·달러 환율은 오후 들어 약세(원화 강세)로 돌아섰다. 환율은 15.7원 내린 1405.3원에 주간 거래를 마쳤다.진영기 한경닷컴 기자 young71@hankyung.com",https://www.hankyung.com/article/2025050207236,2025.05.02 15:46
"코스피, 외국인 매수에 3210선 회복…'호실적' SK하닉·삼바 2%대↑",,"사진=연합뉴스

                코스피가 외국인 매수세에 힘입어 장 초반 3210선을 넘어섰다. 호실적을 내놓은 SK하이닉스와 삼성바이오로직스는 2%대 강세를 보이는 중이다.24일 오전 9시5분 현재 코스피는 전일 대비 29.56포인트(0.93%) 오른 3213.33에 거래되고 있다.외국인이 유가증권시장에서 1709억원어치 주식을 사며 지수를 끌어 올리고 있다. 반면 개인과 기관은 각각 1621억원어치와 84억원어치를 팔고 있다.시가총액 상위 종목들은 대부분 강세다. 삼성전자만 강보합권에서 등락 중이다.SK하이닉스는 2.6% 상승 중이다. 2분기 영업이익이 9조2129억원에 달했다고 개장 전 공시한 영향이다. SK하이닉스의 분기 영업이익이 9조원을 웃돈 건 이번이 처음이다.삼성바이오로직스는 2.91% 상승 중이다. 이 회사는 전일 장마감 직후 영업이익이 컨센서스를 10%가량 웃돈 2분기 실적을 발표했다.LG에너지솔루션도 2.23% 상승하고 있다. 특허 라이선스 및 소송의 대행을 맡긴 튤립이노베이션이 신왕다와의 특허 침해 소송에서 승소했다는 소식을 전한 영향으로 보인다.두산에너빌리티도 4.57% 강세다.코스닥은 전일 대비 5.46포인트(0.67%) 오른 819.02에 거래되고 있다. 이 시장에서는 외국인과 기관이 각각 192억원어치와 5억원어치의 주식을 순매수하는 반면, 개인은 180억원어치를 팔고 있다.코스닥 시가총액 상위 종목들도 대체로 상승세다.삼천당제약이 6.32% 급등하며 가장 두드러지고 있다. 알테오젠도 1.36% 상승 중이다.반면 펩트론은 0.84% 하락하고 있고, 파마리서치도 약보합세를 보이는 중이다.서울외환시장에서 원·달러 환율은 전일 대비 0.9원(0.7%) 내린 달라덩 1375원에 거래되고 있다.간밤 뉴욕증시에서 주요지수는 미·일 무역 합의에 이어 미·EU 무역협상도 타결될 가능성이 기대되며 3대지수가 모두 상승했다. 23일(현지시간) 뉴욕증권거래소(NYSE)에서 장 마감 무렵 다우존스30산업평균지수는 전일 대비 507.85포인트(1.14%) 뛴 45,010.29에, 스탠더드앤드푸어스(S&P)500지수는 49.29포인트(0.78%) 뛴 6,358.91에, 나스닥종합지수는 127.33포인트(0.61%) 상승한 21,020.02에 각각 마감됐다.한경우 한경닷컴 기자 case@hankyung.com",https://www.hankyung.com/article/2025072485416,2025.07.24 09:15
"코스피, 장 초반 0.5% 상승…개인·외국인 '사자'",,"/사진=게티이미지뱅크

                간밤 뉴욕증시가 약보합세를 나타낸 가운데 코스피지수도 방향성을 찾아가고 있다. 보합권으로 개장해 장 초반은 강세로 방향을 잡은 상태다.최근의 가파른 상승에 따른 부담으로 숨고르기에 들어간 것으로 풀이된다. 대외적으로는 미국과 중국 두 국가가 제2차 무역협상에서 합의안을 끌어냈지만, 중동 지역에서 지정학적 위험이 고조되면서 우려를 키운 것으로 보인다.12일 오전 9시20분 현재 코스피지수는 전날 대비 15.08포인트(0.52%) 오른 2922.12에 거래 중이다, 이날 지수는 2.95포인트(0.1%) 오른 2909.99에 개장해 조금씩 오름폭을 키우고 있다.개인과 외국인이 '사자'를 보이고 있다. 각각 537억원, 200억원 매수 우위이고 기관만 691억원 매도 우위다.유가증권시장에서 SK하이닉스는 2%대 강세다. 한화에어로스페이스와 현대차는 1%대, 두산에너빌리티와 한화오션 5%대 오르고 있다. 삼성바이오로직스는 1%대 약세다.코스닥지수는 1.75포인트(0.22%) 오른 788.04에 거래되고 있다. 지수는 0.02포인트(0.00%) 내린 786.27에 개장했다.개인과 기관이 각각 353억원, 49억원 매수 우위다. 외국인만 391억원 매도 우위다.코스닥시장에서 대장주인 알테오젠은 0.49% 약세다. 에코프로비엠과 파마리서치, 휴젤, 펩트론 등은 1%대 강세다. 반면 실리콘투는 3% 넘게 내리고 있다.서울 외환시장에서 원·달러 환율은 6원 내린 1369원에 개장했다.신민경 한경닷컴 기자 radio@hankyung.com",https://www.hankyung.com/article/2025061296836,2025.06.12 09:25
"원전 수출 기대·실적 개선·기관 순매수 유입…한국전력, 구조적 상승 구간 진입",,"한국전력이 최근 글로벌 원전 수출 확대 기대와 실적 턴어라운드, 기관 수급 개선이라는 삼중 모멘텀을 기반으로 상승 흐름을 보이고 있다.먼저 원전 수출 기대는 가장 강력한 상승 동력으로 꼽힌다. 유럽 체코, 중동, 동남아 등지에서 한국형 원전을 중심으로 한 수출 프로젝트 논의가 활발해지면서 관련 실사·협상 진전 기대감이 형성됐다. 이 같은 분위기는 한수원 및 한전기술 등 원전 관련 계열사 주가의 동반 강세로 이어지며 한국전력의 중장기 밸류에이션 개선에도 긍정적 영향을 주고 있다.실적 측면에서도 호재가 이어지고 있다. 유연탄·가스 등 연료비가 안정화되고 산업용 전기요금 인상 기조가 유지되면서, 1분기 영업이익이 전년 대비 큰 폭으로 개선된 것으로 평가됐다. 특히 산업용 요금 상승 효과와 원가 부담 완화가 맞물리며 수익성 측면에서 확실한 개선 신호가 감지되고 있다.




 

이와 함께 기관 수급 개선도 눈에 띈다. 특정 기간 동안 기관 투자자들이 대규모 순매수에 나서며 주가 반등의 촉매 역할을 했던 것이 확인됐다. 3거래일 만에 주가가 급등한 흐름이 단순 개인 중심이 아니라 수급 기반이 견고한 움직임이라는 점에서 향후 상승 지속 가능성에 대한 기대감이 높다.여기에 글로벌 에너지 시황의 안정화 흐름도 긍정적 재료로 작용했다. 유가 및 연료비 안정은 원가 부담 축소 효과를 주는 동시에 전기요금 동결에도 불구하고 수익성 개선 여지를 확보하는 데 기여했다는 분석이 나온다.전문가들은 “한국전력은 단순히 주가가 반등한 게 아니라, 원전 수출 기반 강화와 수익성 개선, 기관 수급 전환이라는 구조적 변화가 맞물린 결과”라며, “향후 탄탄한 실적과 글로벌 원전 수주 실체화 여부가 모멘텀의 지속성을 좌우할 것”이라고 평가했다.현대차, 동양철관, 삼성바이오로직스, 풍산, 컴퍼니케이무료상담",https://www.hankyung.com/article/202507223604a,2025.07.22 11:43
코스피 상승 출발 '2620선'…조선주 강세,,"21일 서울 중구 하나은행 본점 딜링룸 스크린에 코스피와 원/달러 환율이 표시돼 있다. 사진=연합뉴스

                코스피지수가 상승 출발했다.21일 한국거래소에 따르면 오전 9시12분 현재 19.87포인트(0.76%) 오른 2621.67을 기록 중이다. 코스피지수는 전날 대비 14.1포인트(0.54%) 오른 2615.9에 개장했다.개인과 외국인이 각각 47억원, 82억원 매수 우위이고 기관만 89억원 매도 우위다.유가증권시장에서 삼성전자와 SK하이닉스는 1% 미만으로 오름세다. 삼성바이오로직스는 3% 넘게 오르고 있다. 현대차(-0.32%)는 시총 10위 종목 중 유일하게 약세다. 특히 조선주가 강세다. HD한국조선해양(5.38%)과 삼성중공업(3.17%), HD현대미포(3.05%), HD현대중공업(2.52%), HJ중공업(2.24%) 등이 오르고 있다.코스닥지수도 상승세다. 지수는 현재 7.73포인트*1.0%) 오른 723.28에 거래 중이다. 이날 지수는 5.09포인트(0.71%) 오른 720.64에 개장했다.개인과 기관이 각각 148억원, 31억원 매수 우위이고 외국인만 154억원 매도 우위다.코스닥시장에서 알테오젠이 약 4% 강세다. 휴젤은 5%대 오르고 있다. 에스엠과 JYP Ent.",https://www.hankyung.com/article/2025052159666,2025.05.21 09:16
"22일, 기관 거래소에서 한화에어로스페이스(+0.33%), LG에너지솔루션(+0.76%) 등 순매수",,"기관 투자자는 22일 거래소에서 한화에어로스페이스, LG에너지솔루션, KODEX 200선물인버스2X 등을 중점적으로 사들인 것으로 나타났다.기관 투자자의 순매수 상위 20개 종목은 한화에어로스페이스, LG에너지솔루션, KODEX 200선물인버스2X, SK텔레콤, 한화오션, HD현대마린솔루션, 삼성중공업, 비에이치, HD현대마린엔진, KODEX 코스닥150레버리지등이다.이중에 운수장비 업종에 속한 종목이 3개 포함되어 있다.한화에어로스페이스, LG에너지솔루션, KODEX 200선물인버스2X 등은 전일 대비 주가가 상승했고, KODEX 코스닥150레버리지, 코웨이, POSCO홀딩스 등은 주가가 하락했다.[07월22일]거래소 기관 순매수 상위 종목한경로보뉴스이 기사는 한국경제신문과 금융 AI 전문기업 씽크풀이 공동 개발한 기사 자동생성 알고리즘에 의해 실시간으로 작성된 것입니다.",https://www.hankyung.com/article/202507225344L,2025.07.22 18:35
외국인 기관 순매수 종목을 살펴보면 달릴 종목이 보인다?,,"외국인, 기관 투자자들은 개인 투자자들에 비해 막대한 자금을 보유하고 있으며, 시장을 주도하는 경우가 많다.그렇기 때문에 많은 투자자들이 궁금해하는 외국인, 기관이 전일 코스피, 코스닥,선물을 얼마나 순매수 하는지에 대해 알아보고자 한다.




 

코스피는 외국인이 2억원을 순매수 하였으며 기관은 3,429억원을 순매수 하였다코스닥은 외국인이 937억원을 순매수 하였으며 기관은 56억원을 순매수 하였다선물(코스피200)은 외국인이 1,869억원을 순매수 하였으며 기관은 477억원을 순매수 하였다.(5월 12일 기준)링크종목 – 한미약품, 삼성바이오로직스, 카페24, LG디스플레이, 고영무료상담",https://www.hankyung.com/article/202505138859a,2025.05.13 14:23
"코스피, 미 관세 우려 완화 기대에 상승…코스닥 1%대 상승",,"사진=연합뉴스

                미 관세 우려 완화 기대에 14일 코스피지수가 장중 1% 가까운 상승세를 유지하고 있다. 지난 주말 미국 증시도 이에 힘입어 반등에 성공했다.이날 오전 10시50분 현재 코스피지수는 전 거래일보다 20.72포인트(0.85%) 오른 2453.44를 기록하고 있다. 이날 지수는 0.89% 상승 출발한 후 추세를 유지하고 있다.코스피지수는 도널드 트럼프 미국 행정부의 관세 조치 완화 기대에 힘입어 강세 흐름을 이어가고 있는 것으로 풀이된다. 지난 주말 뉴욕증시의 주요 3대 지수도 일제히 반등했다. 11일(현지시간) 우량주 30개를 묶은 다우지수는 전장 대비 1.56% 올랐고 나스닥종합지수와 S&P500지수도 각각 2.06%와 1.81% 뛰었다.현재 유가증권시장에서 개인이 2077억원어치를 사들이는 반면 외국인과 기관은 각각 1550억원과 773억원어치를 팔아치우고 있다.시가총액 상위 종목은 대체로 상승세다. 삼성전자, LG에너지솔루션, 현대차, 한화에어로스페이스, 셀트리온, 기아, HD현대중공업, KB금융, 네이버, 한화오션, 신한지주 등이 오르는 반면 SK하이닉스와 삼성바이오로직스는 소폭 내리고 있다.코스닥지수는 같은 시각 9.76포인트(1.4%) 오른 705.35로 3거래일 연속 상승세를 이어가고 있다. 이날 지수는 0.63% 오름세로 출발한 후 상승폭을 확대하고 있다.코스닥시장에서도 개인이 513억원어치를 사들이는 반면 외국인과 기관이 각각 368억원과 99억원어치를 팔아치우고 있다.코스닥 시총 상위 종목은 대체로 오름세다. 알테오젠, 에코프로비엠, HLB, 에코프로, 레인보우로보틱스, 휴젤, 리가켐바이오, 펩트론 등이 오르는 반면 파마리서치와 삼천당제약 등은 소폭 내리고 있다.LG이노텍(7.115)을 비롯해 이녹스첨단소재(6.65%), 덕산네오룩스(6.12%), 비에이치(5.12%) 등 아이폰 부품업체가 동반 급등세다. 트럼프 행정부가 스마트폰·컴퓨터·반도체 제조장비 등을 상호관세 부과 대상에서 제외하기로 한 데 따른 것으로 풀이된다.원·달러 환율은 급락하고 있다. 이날 서울 외환시장에서 원·달러 환율은 전장보다 21.9원 내린 1428원으로 개장했다. 이는 장중 최저가 기준으로 12·3 비상계엄 사흘 후인 지난해 12월6일(1414.7원) 이후 넉 달여 만에 가장 낮은 수준이다.고정삼 한경닷컴 기자 jsk@hankyung.com",https://www.hankyung.com/article/2025041494406,2025.04.14 11:03
바이오·뷰티 급등 뒤엔 이것…펀더멘탈 기반 장세 진입 [진짜 주식 2부],"지수 조정, 추세 무너지는 하락 아냐…과열권 조정 해석
SK하이닉스·삼성전자 주도, 시장 질적으로 긍정
오가노이드 산업 주목…""신사업 선언 기업 줄이어""","영상 모듈 닫기




지난 30일(월) 방송된 한국경제TV '진짜 주식 2부'에 나현후 대표(와우넷 전문가)가 출연해 최근 음봉이 이어진 시장 상황을 '7월을 위한 긍정적 숨 고르기'로 해석하며 투자 전략을 제시했다.
                    




                나 대표는 ""지수 급등에 따른 이격조정이 진행 중일 뿐 추세가 꺾인 하락은 아니다""라고 진단했다. 그는 ""기술적 과열 구간을 조정하며 지수가 안정적인 흐름을 보여주는 것은 오히려 강세장의 특징""이라고 덧붙였다.
                    




                특히 SK하이닉스가 30만 원을 터치한 점을 언급하며 이는 단순한 테마가 아닌 '펀더멘탈 기반의 상징적 돌파'로 평가했다. ""삼성전자 또한 저항 돌파 시 추가 상승 가능성이 열려 있는 상황""이라며 ""시장 질적으로 긍정적인 흐름이 형성되고 있다""고 설명했다.
                    




                이날 방송에서 나 대표는 '오가노이드' 관련 산업에 주목해야 한다고 강조했다. 그는 ""동물 실험 폐지를 중심으로 한 글로벌 규제 변화 속에 오가노이드가 미래 핵심 먹거리로 부상하고 있다""며 ""삼성바이오로직스를 비롯해 유한양행, 대웅제약 등 주요 제약사들이 신사업으로 오가노이드를 채택하고 있다""고 밝혔다. 대표 종목으로는 '오가노이드사이언스'를 제시하며 ""추세가 살아 있는 중장기 유망 종목""이라고 분석했다.
                    




                뷰티 업종에 대해서도 강한 신뢰를 드러냈다. 그는 ""달바글로벌, 에이피알, 아모레퍼시픽 등은 유럽·중동 시장 개척과 실적 성장을 동시에 이뤄내고 있다""며 ""실적과 해외 매출 성장이 동시에 확인되는 종목들은 시장에서 프리미엄을 받을 수밖에 없다""고 설명했다.
                    




                이외에도 나 대표는 '넥스트바이오메디컬'을 주목 종목으로 제시했다. ""메드트로닉을 통해 내시경용 지혈제를 전 세계 수출하고 있으며 실적 기반이 안정된 종목""이라며 ""4월 30일 진짜 주식에서 소개한 이후 5만 원 돌파에 성공했고 눌림 후 추가 상승 여력도 충분하다""고 평가했다.박원석증권에디터 pws@wowtv.co.kr",https://www.hankyung.com/article/2025070112155,2025.07.01 13:19
"코스피, 장중 보합권서 등락…'깜짝 실적' LG엔솔 3.5%↑",원·달러 환율 1367원대,"사진=뉴스1

                코스피가 장중 보합권에서 등락을 반복하고 있다.7일 오전 11시9분 현재 코스피는 전 거래일 대비 1포인트(0.03%) 오른 3055.28을 가리키고 있다. 3030대에서 거래를 시작한 코스피는 장중 상승 전환하며 3068.41까지 오르기도 했다. 하지만 현재는 상승분을 대부분 반납하고 보합권에 머무르고 있다.유가증권시장에서 개인과 기관은 각각 937억원, 476억원을 순매수하고 있다. 외국인은 1385억원 매도 우위를 보이고 있다.코스피 시가총액 상위주는 혼조세를 보이고 있다. 5000억원 규모의 자사주 소각 전망에 신한지주는 4.13% 오르고 있다. 네이버도 4% 넘게 상승하고 있다. KB금융(1.16%), HD현대중공업(0.94%), 한화에어로스페이스(0.77%)도 오르고 있다.개장 전 2분기 실적을 발표한 LG에너지솔루션도 3.54% 상승 중이다. LG에너지솔루션은 2분기 매출 5조5654억원, 영업이익 4922억원을 기록했다고 밝혔다. 미국 인플레이션감축법(IRA)에 따른 보조금을 제외한 영업이익은 6개 분기 만에 흑자를 냈다.반대로 SK하이닉스(-1.85%), 삼성전자(-1.26%), 현대차(-1.19%), 삼성물산(-0.92%), 두산에너빌리티(-0.5%), 삼성바이오로직스(-0.48%)는 하락 중이다.LG전자도 장중 2분기 연결 기준 영업이익이 6391억원으로 집계됐다고 공시했다. 전년 동기 대비 46.6% 줄었다. 같은 기간 매출액은 20조7400억원으로 4.4% 감소했다. LG전자 주가도 장중 3% 넘게 하락했다.코스닥 지수도 전장 대비 0.14포인트(0.02%) 오른 775.94를 가리키고 있다. 코스닥 지수는 개장 후 줄곧 770선에서 거래 중이다.코스닥 시장에서 개인은 홀로 582억원을 순매수하는 중이다. 기관과 외국인은 각각 412억원, 76억원을 순매도하는 중이다.코스닥 시가총액 상위주 흐름도 엇갈리고 있다. 알테오젠(4.79%), 파마리서치(4.16%), 실리콘투(3.71%), 클래시스(1.34%)는 오르는 중이다. 반면 에코프로(-1.92%), 레인보우로보틱스(-1.87%), 에코프로비엠(-1.83%), 코오롱티슈진(-1.56%), 휴젤(-0.41%), 리노공업(-0.4%)이 파란불을 켰다.원·달러 환율은 지난 야간장 종가 대비 5.4원 오른 1367.9원을 가리키고 있다.상호관세 유예 만료 기한이 다가온 가운데 시장은 관세 협상에 촉각을 곤두세우고 있다. 도널드 트럼프 미국 대통령은 특정 국가 및 관세율을 밝히지 않았으나, 12개국 대상으로 7일에 관세 서한을 발송할 것이라고 밝혔다.진영기 한경닷컴 기자 young71@hankyung.com",https://www.hankyung.com/article/2025070721566,2025.07.07 11:23
R&D 늘리면 약가 혜택…'삼성바이오·한미약품' 기대감,,"영상 모듈 닫기




<앵커>이재명 대통령의 제약·바이오 산업 육성 공약의 핵심 중 하나가 바로 '기업의 연구개발(R&D) 촉진' 입니다.관련해 국가 차원에서 투자를 확대하는 것 외에 '제약기업에 대한 R&D 투자비율 연동형 약가보상체계 구축'이란 정책을 밝혔는데요.어떤 식으로 실현될 가능성이 높은지, 그렇다면 어떤 기업을 주목해야 하는지 산업부 김수진 기자와 함께 짚어봅니다.김 기자, 우선 이 R&D 투자 연동 약가보상체계가 의미하는 내용이 뭡니까?<기자>쉽게 말해 연구개발(R&D)에 많이 투자한 기업의 의약품 가격을 높게 쳐주겠다는 의미입니다.<앵커>약 가격을 올려준다는게 가능한건가요? WTO 등에서 제제가 있을 수도 있지 않습니까?<기자>결론부터 말하면 가능합니다. 단, 방법은 우회적일 수 있습니다.작접적으로 약 자체의 가격을 더하는 방법보다, 정부의 기준에 맞는 기업에게 혜택을 제공해 최종적으로 약가에서 손해를 덜 보게 한다는 방식이라면 자유롭습니다.우리 정부는 정기적으로 이미 나온 약의 가격을 인하하는 정책을 펼치고 있는데, 여기서 혜택을 주는 식으로 말이죠. 실제로 정부는 '혁신형 제약기업 인증'이란 정책을 통해 R&D 비중이 높고, 신약 개발 성과가 우수한 회사들에게 여러 혜택을 지원해왔고 이 중에는 약가와 관련된 정책도 있었습니다.이 방안들을 좀 더 쉽게 이해하려면 우리 정부가 평소에 펼치고 있는 '약가 인하 정책'에 대한 정보가 필요합니다.<앵커>많이 쓰는 의약품의 가격을 인하하는 제도가 그 중 하나죠?<기자>그렇습니다. 우리나라는 의약품 출시 이후, 정부를 통해 가격이 인하되는 정책이 6가지 정도입니다.대표 제도가 '사용량 약가 연동 협상' 제도죠.정부는 매년 특정 의약품이 얼마나 쓰일지 미리 예상하는데, 실제 사용량이 이보다 높아지면 가격을 내리자고 기업과 협상하는겁니다. 지난해 협상 기준을 살펴보면 2023년도 청구금액이 2022년도 대비 60%이상 증가했거나, 10%이상 증가하고 증가액이 50억원 이상일 때가 인하 대상이었습니다.이때 한미약품 ‘로수젯’, 셀트리온 ‘램시마’, 보령 ‘듀카브’등 162개 의약품 약가가 인하됐죠.아직 새 정부의 R&D 투자 약가보상 방안은 정확히 정해지지 않은 상태인데요.곧 국정기획위원회가 구성되면 세부 실행방안이 정해질 것으로 보입니다. 취재를 통해, 가능성이 큰 방안을 살펴봤는데요.전문가들은 R&D 투자 약가보상이 이뤄질 경우, 가격 자체를 갑자기 올리기보다 약가 인하폭을 줄여준다거나, 세제 혜택을 준다거나, 정부가 깎은 약가를 고스란히 R&D로 재투자하게 보전해주는 식의 방법으로 접근할 가능성이 높다고 보고 있습니다. <앵커>방법은 달라질 수 있어도 R&D에 많이 투자한 기업일수록 헤택을 볼 가능성은 분명해보입니다R&D 투자를 많이 하는 우리 제약·바이오 기업, 어디가 있습니까?<기자>올해 1분기 기준으로 가장 R&D 비용을 가장 많이 지출한 회사는 삼성바이오로직스입니다.전년 동기 대비 22.3% 증가한 1,073억원을 R&D에 썼죠.삼성바이오는 ADC 항암제, 희귀질환 유전자치료제 등을 개발하고 있는데 해당 분야가 특히 임상에서 비용이 많이 지출되는 편입니다.다음이 셀트리온인데, 전년 동기 대비 14% 증가한 1,031억원을 지출했습니다.셀트리온 역시 ADC 항암제 개발에 나선데다 ADC와 다중항체 분야에서 3년 내로 13개 후보물질을 개발하겠다는 목표가 있다보니 R&D 비중이 만만치 않습니다.그 다음이 한미약품 553억원, 대웅제약 518억원, 유한양행 517억원 순인데요.모두 신약을 개발하고 있다는 공통점이 있고, 막대한 R&D 비용 역시 대부분 이에 쓰입니다.그 외에도 일동제약(305.9%↑), JW중외제약(53%↑), 안국약품(62.9%), 유유제약(30.4%), 종근당(19.5%↑), 삼진제약(19.5%↑), 보령(17%↑) 등이 R&D 비용을 전년 동기 대비 대폭 늘려 주목할 만 합니다.<앵커>국내 제약·바이오 기업들의 R&D 비용이 글로벌 제약사들에 비해서는 규모가 적은 편이지만, 증가하는 편인데다 이 비용이 큰 기업에게 이득을 주겠다는 구조가 된다는데 의의가 있어 보입니다.<기자>R&D 비용 투자는 제약·바이오 업계 숙명과도 같은 과제입니다.기존의 약보다 효과 좋은 약을 계속 개발해야 하고, 이로 생긴 수익은 R&D에 투자해야 다시 신약을 개발할 수 있는 순환 구조라 그렇습니다.새 정부의 R&D 약가 연동 정책 역시 글로벌 제약바이오 강국이 되기 위해 R&D 비중을 높여 '본질에 충실한 기업'을 우대하겠다는 뜻으로 풀이됩니다.<앵커>네 잘 들었습니다.김수진기자 sjpen@wowtv.co.kr",https://www.hankyung.com/article/2025061184335,2025.06.11 16:02
"24일, 외국인 거래소에서 한화오션(+6.35%), SK하이닉스(+0.19%) 등 순매수",,"외국인 투자자는 24일 거래소에서 한화오션, SK하이닉스, 두산에너빌리티 등을 중점적으로 사들인 것으로 나타났다.외국인 투자자의 순매수 상위 20개 종목은 한화오션, SK하이닉스, 두산에너빌리티, LG에너지솔루션, 기아, 한화비전, 한화에어로스페이스, 삼성전자, 삼성바이오로직스, LG화학등이다.이중에 전기,전자 업종에 속한 종목이 6개 포함되어 있다.한화오션, SK하이닉스, 두산에너빌리티 등은 전일 대비 주가가 상승했고, 기아, 삼성전자, 현대차 등은 주가가 하락했다.[07월24일]거래소 외국인 순매수 상위 종목한경로보뉴스이 기사는 한국경제신문과 금융 AI 전문기업 씽크풀이 공동 개발한 기사 자동생성 알고리즘에 의해 실시간으로 작성된 것입니다.",https://www.hankyung.com/article/202507240571L,2025.07.24 18:35
美 지수 선물 '급등'…코스피 반등 신호탄 [박해린의 마켓톡톡],,"영상 모듈 닫기




오늘 증시 이슈 짚어보는 마켓톡톡 시간입니다.미·중 협상 기대감에 한 달 반 만에 2600선 위에서 마감한 우리 코스피, 조금 전 미국과 중국의 공동성명이 발표되며, 내일 장 증시에 대한 기대감은 더욱 증폭되고 있습니다.
                    




                현재 다우선물과 S&P 500 선물 지수는 각각 2%대, 나스닥 선물은 3%대 급등하고, 아시아증시에선 항셍 지수가 막판에 3% 가까이 상승 마감했습니다.관세 리스크가 크게 완화되면서 반도체주의 투심 급격히 개선되고 있고요.해운주, 그간 관세 리스크로 글로벌 물동량이 감소해 해상 운임이 줄어드는 상황에 놓여있었는데 양국이 큰 폭의 협상을 이뤄내며, 해운주에 대한 투심도 긍정적으로 변화하고 있습니다.제약주는 먹구름시장이 급반전한 한편, 현재 가장 울상인 업종은 제약주로 꼽힙니다.트럼프 행정부가 의약품 관세 부과 카드를 최근 꺼내든데 이어 약가 인하, 해외 의약품 제조시설 '불시점검' 강화 소식까지 전해졌기 때문입니다.먼저 지난 5일 트럼프 대통령은 2주내 의약품에 대한 관세를 발표하겠다고 밝혔죠. 이 기한까지 1주일밖에 남지 않았고요.이보다 앞서 트럼프 대통령은 오늘 밤 10시, 처방약 가격을 최대 80%까지 인하하는 내용의 행정명령에도 서명할 계획입니다.현지 제약 업계에서는 행정명령이 시행될 경우 1조 달러의 손실이 10년 간 발생할 것으로 우려하고 있고, 시장에선 국내 제약사의 타격도 불가피할 것이라 전망합니다.아울러 트럼프 행정부가 해외 의약품 제조시설에 대한 불시점검도 확대하기로 하면서 당장 미국 매출 비중이 높은 삼성바이오로직스와 셀트리온 등이 영향을 받을 수 있다는 우려가 나오고 있습니다.증권가 증시 전망내일 장 기대되시죠. 증권가에선 그간 관세에 눌려있던 대부분의 업종이 내일 증시에서 힘을 받을 것으로 전망합니다.다만 전문가들은 추후 추가 논의가 진행이 되는 가운데 차질과 재진전이 반복되면서 단기적으로 증시가 흔들릴 여지도 남겨둬야 한다고 조언하고요.
                    




                앞으로 발표될 각종 경제 지표에도 촉각을 기울이라고 말합니다.내일 밤에는 미국의 4월 소비자물가지수 발표가 예정돼 있습니다. 미국이 지난달 2일 상호관세를 발표한 뒤 처음으로 공개되는 수치인 만큼 주목하셔야겠고요.보시는 것처럼잇따라 여러 지표들이 발표될 예정입니다.예상보다 부진한 경제 지표 결과가 미중 협상의 흥분을 가라앉힐 수 있다는 평가도 나옵니다.지금까지 마켓톡톡이었습니다.박해린기자 hlpark@wowtv.co.kr",https://www.hankyung.com/article/2025051278085,2025.05.12 17:31
"24일, 거래소 기관 순매도상위에 전기,전자 업종 6종목",,"기관 투자자는 24일 거래소에서 SK하이닉스, 삼성전자, 현대로템 등을 중점적으로 매도한 것으로 나타났다.기관 투자자의 순매도 상위 20개 종목은 SK하이닉스, 삼성전자, 현대로템, 삼성바이오로직스, LG에너지솔루션, KB금융, 크래프톤, 현대차, 셀트리온, 포스코인터내셔널등이다.이중에 전기,전자 업종에 속한 종목이 6개 포함되어 있다.크래프톤, TIGER 머니마켓액티브, 삼양식품 등은 전일 대비 주가가 상승했고, SK하이닉스, 현대로템, 삼성바이오로직스 등은 주가가 하락했다.[04월24일]거래소 기관 순매도 상위 종목한경로보뉴스이 기사는 한국경제신문과 금융 AI 전문기업 씽크풀이 공동 개발한 기사 자동생성 알고리즘에 의해 실시간으로 작성된 것입니다.",https://www.hankyung.com/article/202504244373L,2025.04.24 18:35
"코스피, 4거래일 연속 상승에 2860선 껑충…'6만전자' 복귀",지역화폐 관련주 일제히 급등,"사진=게티이미지뱅크 

                코스피지수가 미 고용지표 호조와 새 정부 정책 기대감에 9일 장 초반 상승하고 있다.이날 오전 9시17분 현재 코스피지수는 전 거래일 대비 50.55포인트(1.8%) 오른 2862.6을 기록 중이다. 코스피지수는 이달 들어 4거래일 연속 상승세다.이날 상승은 미국 5월 고용지표가 예상보다 양호하게 나타나면서 경기둔화 우려가 완화된 영향으로 풀이된다.미 노동부에 따르면 5월 비농업 부문 신규 고용은 13만9000명 증가해 시장 예상치(13만명)를 웃돌았다. 실업률은 4.2%로 전월과 동일했다.유가증권시장에서 외국인과 개인이 각각 728억원과 87억원 순매수하고 있다. 기관은 660억원 매도우위다.코스피 시가총액 상위기업들은 대부분 오르고 있다. 삼성전자가 1.69% 오르면서 두 달 여 만에 장중 6만원대로 올라섰다. SK하이닉스도 3.56% 상승한 23만2500원을 기록 중이다.반면 삼성바이오로직스, LG에너지솔루션, 한화에어로스페이스, HD현대중공업은 하락하고 있다.신성통상은 자발적 상장폐지를 위한 공개매수 재추진에 주가가 상한가로 치솟았다. 새 정부 증시 부양 기대감에 신영증권(14.55%), 한화투자증권(9.26%), 미래에셋증권(7.3%), 키움증권(7.25%) 등이 뛰고 있다.엘앤에프, 에코프로머티, 코스모신소재 등 2차전지 관련주들은 업황 부진 우려가 지속되면서 이날도 약세를 나타내고 있다.코스닥지수도 4거래일째 오름세다. 이 시각 코스닥지수는 전 거래일 대비 0.68% 오른 761.35를 기록 중이다.코스닥시장에선 기관과 개인이 각각 82억원과 112억원 순매수하고 있다. 외국인은 3억원 매도우위다.코스닥 시총 상위주들은 혼조세다. 알테오젠, 파마리서치, 휴젤, 리가켐바이오 등 바이오주가 강세다. 반면 에코프로비엠, 에코프로, 레인보우로보틱스는 내리고 있다.새 정부 지역화폐 정책 기대감에 헥토파이낸셜, 다날, 한국정보인증, 갤럭시아머니트리, 코나아이, 쿠콘 등이 급등하고 있다.원·달러 환율은 소폭 오름세로 출발했다. 이날 서울 외환시장에서 원·달러 환율은 전 거래일 대비 2.6원 오른 1361원에 개장했다.노정동 한경닷컴 기자 dong2@hankyung.com",https://www.hankyung.com/article/2025060915036,2025.06.09 09:20
"코스피, 미 금리동결 소화하며 2570선 강보합 마감…네이버 5%↓","파월 부정적 경제 전망에 상단 제한
에이피알·LIG넥스원 호실적에 '급등'
""AI가 검색엔진 대체할 것"" 발언에 네이버 약세","사진=연합뉴스

                8일 코스피지수가 미국 중앙은행(Fed) 금리동결을 소화하며 강보합 마감했다.이날 코스피지수는 전 거래일 대비 5.68포인트(0.22%) 오른 2579.48에 장을 마쳤다.미 Fed는 이날 새벽 연방공개시장위원회(FOMC)를 열고 기준금리를 동결했다. 이로써 금리는 연 4.25~4.50%를 유지했다.제롬 파월 미 Fed 의장은 FOMC 직후 기자회견에서 ""경제 전망에 대한 불확실성이 더욱 커졌다""며 금리 동결 이유를 밝혔다.미중 관세 협상에 대한 기대감과 인공지능(AI) 칩 수출 규제 완화 등 호재에도 불구하고 파월 의장의 경제에 대한 부정적 전망이 증시 상단을 제한한 것으로 풀이된다.유가증권시장에서 외국인과 개인이 각각 1159억원과 57억원 순매수했다. 기관은 1849억원 매도우위였다.코스피 시가총액 상위기업들은 등락이 엇갈렸다. SK하이닉스, LG에너지솔루션, 현대차, HD현대중공업 등이 오른반면 삼성바이오로직스, 한화에어로스페이스 등은 내렸다. 삼성전자는 보합으로 마쳤다.1분기 호실적 소식 이후 에이피알과 LIG넥스원이 각각 20%대와 10%대 급등했다. 1분기 부진한 실적을 낸 카카오는 3%대 하락했다. 네이버는 애플-구글 간 소송에서 AI가 검색엔진을 대체할 것이라는 증언이 나오면서 5%대 약세를 나타냈다.코스닥지수는 3거래일 연속 올랐다. 이날 지수는 0.94% 오른 729.59에 장을 마쳤다. 코스닥시장에선 외국인이 907억원 순매수했다. 기관과 개인은 각각 399억원과 212억원 매도우위였다.코스닥 시총 상위기업들은 대부분 상승했다. 에코프로비엠, 에코프로, 레인보우로보틱스, 클래시스, 파마리서치 등이 빨간불을 켰다. 알테오젠, HLB, 휴젤은 떨어졌다.CJ ENM은 1분기 어닝쇼크 소식에 7%대 급락했다. 나우로보틱스는 코스닥 상장 첫날 공모가 대비 126% 오른 채 장을 마치면서 성공적으로 증시에 입성했다.원달러 환율은 소폭 하락했다. 이날 오후 3시30분 기준 서울 외환시장에서 원달러 환율은 전 거래일 대비 1.4원 내린 1396.6원에 주간거래를 마쳤다.노정동 한경닷컴 기자 dong2@hankyung.com",https://www.hankyung.com/article/2025050802036,2025.05.08 15:51
"삼성바이오로직스, 2025 바이오 인터내셔널 컨벤션 참가","창사 이래 13년 연속 단독부스 마련 참가

5공장·ADC·CDMO·AI 등 
글로벌 톱티어 CDMO 수주 경쟁력 알려","삼성바이오로직스, 2025 바이오 인터내셔널 컨벤션 참가 / 사진=삼성바이오로직스 제공

                삼성바이오로직스는 세계 최대 바이오·제약 박람회인 '2025 바이오 인터내셔널 컨벤션(바이오 USA)'에 참가한다고 9일 밝혔다.바이오 인터내셔널 컨벤션은 미국 바이오협회 주관으로 매년 6월 미국 내 주요 바이오클러스터를 순회하며 열리는 행사로, 전 세계 바이오·제약 업계 관계자가 모여 파트너십을 논의하는 교류의 장으로 꼽힌다.올해 행사는 오는 16~19일(현지시간) 나흘간 미국 매사추세츠주 보스턴 컨벤션&엑시비션 센터(Boston Convention & Exhibition Center)에서 '더 월드 캔트 웨이트(The World Can't Wait)'를 주제로 열린다. 전 세계 업계 관계자 2만명 이상이 행사장을 찾을 것으로 전망된다.삼성바이오로직스는 2011년 창사 이래 국내 기업 중 유일하게 13년 연속 단독 부스를 마련해 참가하며 높은 글로벌 수주 경쟁력을 알려오고 있다. 이번 행사 역시 유동인구가 가장 많은 전시장 초입에 167㎡ 규모 부스를 마련해 참가자들의 시선을 사로잡을 예정이다. 특히 지속적으로 확장하고 있는 회사의 위탁개발생산(CDMO) 경쟁력과 신규 시설 및 서비스 홍보를 위해 'LED 월(Wall)'과 인터랙티브 터치 스크린 등 첨단 전시물을 설치해 다양한 콘텐츠를 생생하게 전달할 예정이다. 이를 통해 최근 바이오·제약 업계의 화두로 떠오르고 있는 디지털 기술 활용을 강조함으로써 미래혁신적인 브랜드 이미지를 제고한다는 구상이다.부스에서는 최근 가동을 시작한 5공장을 필두로 한 78만4000L의 세계 최고 수준의 바이오의약품 생산능력을 비롯해 고객사들의 신규 수요에 신속히 대응하기 위한 다중특이적 항체 개발 및 생산 역량을 비롯해, 올해 새롭게 론칭한 항체·약물접합체(ADC) 서비스 등 CDMO 포트폴리오 확장, 인공지능(AI) 기반 운영 등 디지털 트랜스포메이션(DT)까지 '글로벌 톱티어 CDMO'로의 도약을 위한 삼성바이오로직스의 최근 변화상 및 비전을 한 데 담아 소개해 회사의 경쟁력을 알리고 다양한 분야에서 협업을 적극 추진할 계획이다.이외에도 전시장 입구에서 전면으로 보이는 스카이브릿지와 메인 행사장으로 입장하는 계단 등 행사 참가 인원들이 어디서나 볼 수 있도록 전시장 주요 위치에 단독으로 홍보 배너를 배치하는 등 다양한 콘텐츠를 통해 기존 글로벌 고객사뿐만 아니라 신규 고객사들과의 접점을 넓혀 미국 등 글로벌 위탁개발생산(CDMO) 시장 내 인지도 및 점유율 확대를 목표로 한다는 구상이다.오현아 기자 5hyun@hankyung.com",https://www.hankyung.com/article/202506091832i,2025.06.09 10:12
K의약품 수출 100억달러…M7이 선봉,"한경Aicel 데이터는 말한다

獨·伊 등 바이오시밀러 인기
1~4월 36억弗…사상 최대
올 기술수출 7兆 넘어 '청신호'","한국 의약품 수출액이 올해 100억달러(약 14조원)를 돌파할 전망이다. 삼성바이오로직스와 셀트리온 등을 중심으로 한 제약·바이오산업의 글로벌 경쟁력 강화가 꾸준한 수출 증대로 이어진 결과다.





                4일 산업통상자원부에 따르면 올해 1~4월 국내 의약품 수출액은 36억1500만달러였다. 지난해 같은 기간 대비 17.7% 늘어났다. 1분기 실적을 토대로 분석한 올해 연간 수출 총액은 108억달러에 이를 전망이다. 의약품이 단일 품목으로 분류된 이후 처음으로 100억달러를 넘어서는 것이다. 특히 바이오의약품(바이오시밀러)의 유럽 수출이 크게 늘어 전체 의약품 수출 증가를 견인했다. 대체 데이터 플랫폼 한경에이셀(Aicel)에 따르면 바이오의약품 수출액은 지난달 잠정 6억1208만달러로 전년 동월 대비 24.5% 급증했다. 대(對)독일 수출이 1억7537만달러로 89.7% 크게 뛰었고, 대이탈리아 수출도 2917만달러로 77.0% 늘었다. 삼성바이오로직스, 셀트리온, SK바이오팜, GC녹십자, 유한양행, 대웅제약, 동화약품 등이 수출 증가를 주도했다.한국제약바이오협회에 따르면 국내 기업들은 지난해 총 15건 8조원 규모의 기술수출 계약을 체결했고, 올해 들어서도 4개월 만에 5건 7조원대 기술수출 실적을 올렸다. 이들 기업을 미국 빅테크를 일컫는 ‘매그니피센트 7’에 빗대 ‘K-M(medicine·메디신)7’으로 부르는 조어도 증권가에 등장했다.한국보건산업진흥원 집계에 따르면 한국 의약품 수출액은 2024년 92억6700만달러로 역대 최대였다. 올해 100억달러를 달성하면 2016년 정부 지정 ‘5대 유망 소비재’(농수산식품, 화장품, 패션·의류, 생활·유아용품, 의약품) 가운데 농수산식품(2021년)과 화장품(2024년)에 이어 세 번째 기록을 쓴다. 의약품업계 관계자는 “국내 의약품 제조사들의 글로벌 경쟁력 강화가 수출 지역 다변화로 이어져 전체 수출 물량을 끌어올리고 있다”며 “글로벌 경쟁이 격화하는 가운데 나타난 실적 호조로 더욱 주목된다”고 말했다.이태호/김대훈 기자 thlee@hankyung.com",https://www.hankyung.com/article/2025050429101,2025.05.04 17:57
"27일, 외국인 거래소에서 삼성전자(-1.46%), 삼성SDI(-3.49%) 등 순매도",,"외국인 투자자는 27일 거래소에서 삼성전자, 삼성SDI, NAVER 등을 중점적으로 매도한 것으로 나타났다.외국인 투자자의 순매도 상위 20개 종목은 삼성전자, 삼성SDI, NAVER, 삼성전자우, LG전자, 삼성물산, 한미반도체, HD현대마린솔루션, 삼성바이오로직스, 아모레퍼시픽등이다.이중에 전기,전자 업종에 속한 종목이 4개 포함되어 있다.HD현대마린솔루션, 아모레퍼시픽, TIGER 미국나스닥100 등은 전일 대비 주가가 상승했고, 삼성전자, 삼성SDI, NAVER 등은 주가가 하락했다.[05월27일]거래소 외국인 순매도 상위 종목한경로보뉴스이 기사는 한국경제신문과 금융 AI 전문기업 씽크풀이 공동 개발한 기사 자동생성 알고리즘에 의해 실시간으로 작성된 것입니다.",https://www.hankyung.com/article/202505279336L,2025.05.27 18:35
"“알테오젠, 코스피로 간다?”…2대주주 이전상장 압박에 주가 급등·스탁론 매수세도 유입",,"‘바이오시밀러 개발사 알테오젠(196170)’이 코스피 이전 상장 가능성에 다시 한번 시장의 주목을 받고 있다. 코스닥 시장에 상장된 알테오젠은 8일, 전일 대비 11.17% 상승한 417,000원에 거래를 마감했다. 이 같은 주가 급등의 배경에는 2대 주주이자 형인우 스마트앤그로스 대표의 공개 발언과 주식 추가 매입 소식이 있다.형 대표는 최근 보도자료를 통해 “알테오젠이 코스피로 이전 상장해야 할 이유가 명확하다”면서 “좀 더 적극적으로 코스피 이전을 회사에 요청할 계획”이라고 밝혔다. 그는 이어 “이전 상장이 성사될 경우, MSCI·FTSE 등 주요 지수 편입에 따라 대규모 패시브 자금이 유입될 가능성도 높다”고 강조했다.이 같은 발언에 힘입어 알테오젠 주가는 단숨에 40만 원대를 회복하며 단기 반등세를 보였고, 일부 투자자들은 더머니스탁론을 활용해 공격적인 매수세에 동참하는 모습도 나타났다.스탁론은 보유 주식을 담보로 추가 자금을 조달해 레버리지 투자를 가능케 하는 금융 수단으로, 기대감이 큰 테마주나 이슈 종목을 단기 집중 매수할 때 활용된다. 증권업계 관계자는 “알테오젠은 이미 코스피 상장 요건을 충분히 충족한 회사로, 이전상장이 현실화될 경우 기업가치 및 유동성 측면 모두에서 긍정적 변화가 기대된다”고 전했다.시장에서는 이전 상장 이슈 외에도 알테오젠이 자체 개발한 바이오베터 플랫폼과 SC제형(피하주사) 기술에 대한 글로벌 제약사의 관심이 높다는 점도 긍정적 요인으로 작용하고 있다.특히 기술이전(L/O) 이슈, 글로벌 제휴 확대, FDA 관련 기대감 등이 동시에 작용할 경우, 주가 탄력은 한층 커질 수 있다는 게 전문가들의 분석이다.▶ 더머니스탁론 신규 상품 전격 출시! (DSR 규제 X)▶ 최대 400% 레버리지 투자, 증권사 신용미수 대환 가능!▶ 한 종목 100% 집중 투자 가능!▶ 더머니스탁론 바로가기 (https://themoney.co.kr/ha)▶ 더머니스탁론 전화 상담 1600-7096▶ 더머니스탁론 카카오톡 상담 (http://pf.kakao.com/_cVfxbn/chat)관심종목: 알테오젠, 삼성바이오로직스, 에이비엘바이오, 레고켐바이오, 메디톡스무료상담",https://www.hankyung.com/article/202507083746a,2025.07.08 09:30
"12일, 거래소 기관 순매도상위에 전기,전자 업종 3종목",,"기관 투자자는 12일 거래소에서 삼성전자, 현대차, SK하이닉스 등을 중점적으로 매도한 것으로 나타났다.기관 투자자의 순매도 상위 20개 종목은 삼성전자, 현대차, SK하이닉스, KB금융, KODEX 200선물인버스2X, NAVER, 메리츠금융지주, 삼성바이오로직스, KODEX 200, 대한항공등이다.이중에 전기,전자 업종에 속한 종목이 3개 포함되어 있다.현대차, KODEX 200, 두산에너빌리티 등은 전일 대비 주가가 상승했고, 삼성전자, SK하이닉스, KB금융 등은 주가가 하락했다.[06월12일]거래소 기관 순매도 상위 종목한경로보뉴스이 기사는 한국경제신문과 금융 AI 전문기업 씽크풀이 공동 개발한 기사 자동생성 알고리즘에 의해 실시간으로 작성된 것입니다.",https://www.hankyung.com/article/202506121794L,2025.06.12 18:35
[마켓칼럼] 코스피 웃돈 건설업…반등 시작하나,,"※한경 마켓PRO 텔레그램을 구독하시면 프리미엄 투자 콘텐츠를 보다 편리하게 볼 수 있습니다. 텔레그램에서 ‘마켓PRO’를 검색하면 가입할 수 있습니다. 





조정현 IBK투자증권 연구원  건설업 반등, 진짜일까?연초 이후 코스피지수를 조용히 크게 아웃퍼폼한 업종이 있다. 바로 건설업이다. 4월 14일 기준 건설업 지수는 올 초 이후(YTD) 수익률이 13.1%를 기록했으며, 같은 기간 코스피지수 수익률(2.9%) 대비 10.2%포인트 초과 성과를 보였다. 건설업 주가 상승은 △수익성 회복 기대감 △PF 부실 리스크 완화에 따른 투자심리 개선이 작용한 결과로 해석된다. 수익성 반등의 변곡점에 선 건설업2024년은 건설업 수익성의 구조적 전환점이 될 가능성이 높다. 특히 대형 건설사들을 중심으로 수익성 개선 흐름이 본격화되는 양상이다. 그 배경으로는 아래 세 가지 요소가 복합적으로 작용하고 있다.1. 저수익성 정리, 고수익성 매출 반영2020~2022년 사이 수주된 현장은 자재비·인건비 급등 전 체결된 계약으로 인해 원가 반영이 부족했고, 이로 인해 전반적인 수익성이 악화됐다. 그러나 해당 현장들이 올해 상반기 대거 준공되며 실적에서 제거되고 있다. 반면, 공사비 인상 이후 수주된 정상 현장들은 본격적으로 기성률이 반영되며 실적에 기여 중이다. 즉, ‘저수익성 이탈 + 정상 수익 유입’이 동시에 나타나며 매출의 질이 구조적으로 개선되고 있는 구간이다.
                    




2. 도급 단가 상승에 따른 외형 성장공사비가 증가했다는 것은 기수주된 프로젝트의 원가 부담도 증가하였지만, 발주처가 신규 프로젝트에 대해서 지불해야 되는 비용이 증가하였다는 뜻으로도 이어진다. 대표적인 예시로, 도시정비사업을 중심으로 단가 상승이 뚜렷하다. 서울시 평균 도급단가는 2020년 3.3㎡당 528.7만원에서 2024년 842.7만 원으로 59.4% 상승했다. 고척4구역은 447만 원에서 700만 원, 잠실진주는 660만 원에서 811.5만 원으로 인상됐다. 비주거 부문도 마찬가지다. 삼성바이오로직스 5공장의 경우, 동일 용량 기준 3공장 대비 공사비가 약 97.6% 증가했다. 단가 상승은 수주 물량이 같더라도 수주 금액 확대를 통해 탑라인을 견인하며, 향후 원가율이 정상화되면 수익성 레벨업이 가능한 구조를 만들어낼 것으로 판단한다.
                    




3. 원가 안정화 흐름 본격화공사비 상승을 이끌었던 원자재와 인건비가 안정 구간에 진입했다. 착공 부진에 따른 자재 수요 둔화로 수도권 레미콘 가격은 2024년 9만3700원에서 2025년 9만1400원으로 2.5% 하락했고, 건축공종 평균 노임단가 상승률도 2025년 상반기 기준 2.3%에 그쳤다. 일부 직종은 오히려 전기 대비 하락세다. 외주비 역시 지난 3년간의 급등세에서 벗어나 정체 구간에 진입했다. 이는 수익성 회복의 핵심 조건이었던 원가 부담 해소의 한 축으로 작용할 것으로 판단한다. 
                    




 대형사와 중소형사, 뚜렷한 양극화그러나 모든 건설사가 반등하는 것은 아니다. 대형 건설사는 수익성 개선과 외형 성장의 쌍두마차를 확보했지만, 중소형사는 여전히 유동성 리스크와 착공 지연에 시달리는 중이다. 대형사는 신규 착공을 유지하며 정상 수익성 비중을 확대한 반면, 중소형사는 미착공 프로젝트 누적과 지방 미분양 등으로 정상화에 어려움을 겪고 있다. 향후 건설업 내에서도 실적 차별화가 뚜렷해질 가능성이 높으며, 투자 판단 시 기업별 착공 추이와 매출 믹스를 정밀히 점검할 필요가 있다고 판단한다.",https://www.hankyung.com/article/202504152187i,2025.04.15 13:30
"코스피, 외인·기관 순매도에 3200선 내줘…코스닥도 '하락'",원·달러 환율 1380원대,"15일 오전 서울 중구 하나은행 딜링룸에서 직원들이 업무를 보고 있다. /사진=연합뉴스

                코스피가 장 초반 하락하며 3200선을 내줬다. 코스닥도 약세를 보이고 있다.16일 오전 9시3분 현재 코스피는 전일 대비 22.71포인트(0.71%) 하락한 3192.57을 가리키고 있다. 3207.48에 개장한 코스피는 우하향하며 3200선을 밑돌고 있다.외국인과 기관의 매도세가 거세다. 유가증권시장에서 외국인은 1509억원, 기관은 1170억원을 순매도하고 있다. 개인은 2806억원을 순매수하는 중이다.네이버(1.4%)를 제외한 코스피 시가총액 상위주는 대부분 하락하고 있다. KB금융(-2.93%), 두산에너빌리티(-2.14%), 한화에어로스페이스(-1.06%), 신한지주(-0.85%), HD현대중공업(-0.76%), 삼성전자(-0.71%), SK하이닉스(-0.67%), LG에너지솔루션(-0.63%), 현대차(-0.47%), 삼성바이오로직스(-0.28%)가 파란불을 켰다.같은 시각 코스닥 지수는 전일 대비 5.94포인트(0.73%) 밀린 806.94에 거래되고 있다. 810.9에 개장한 코스닥 지수도 장중 내리막길을 걷고 있다.코스닥 시장에서도 외국인은 692억원, 기관은 39억원을 순매도하며 지수를 끌어내리고 있다. 개인은 홀로 898억원을 순매수하고 있다.코스닥 시가총액 상위주도 약세를 보이고 있다. 리가켐바이오(-2.56%), 코오롱티슈진(-2.06%), 알테오젠(-2.03%), 삼천당제약(-1.69%), HLB(-1.54%), 레인보우로보틱스(-1.09%), 에코프로(-0.95%)가 하락중이다.원·달러 환율은 전날 야간장 대비 1.5원 내린 1386.7원을 가리키고 있다.뉴욕증권거래소(NYSE)에서 15일(현지시간) 다우존스30산업평균 지수는 전일 대비 436.36포인트(0.98%) 내린 4만4023.29에 마감했다. 스탠더드앤드푸어스(S&P)500 지수는 24.80포인트(0.4%) 하락한 6243.76을 기록했다. 반면 기술주 중심의 나스닥 지수는 37.47포인트(0.18%) 오른 2만677.8로 장을 마쳤다. 나스닥은 사상 최고치를 경신했다.이날 6월 소비자물가지수(CPI)가 발표됐다. 6월 CPI는 전월 대비 0.3% 올라 5월의 0.1%보다 상승 폭이 확대됐다. 전년 동기 대비로는 2.7% 상승해 5월의 2.4%보다 높아졌다. 전문가 추정치(2.6%)도 소폭 웃돌았다.진영기 한경닷컴 기자 young71@hankyung.com",https://www.hankyung.com/article/2025071609376,2025.07.16 09:12
"코스피, 뉴욕증시 급락·외국인 매도에도 보합으로 버텨",,"사진=연합뉴스

                코스피가 약보합세로 마감됐다. 간밤 뉴욕증시가 급락하고 외국인이 8거래일 연속 현물주식 순매도를 이어가는 가운데서도 선방하고 있다.22일 코스피는 전일 대비 1.78포인트(0.07%) 내린 2486.64에 마감됐다. 장중 한때 낙폭을 0.49%까지 키우기도 했지만, 대부분 보합권에서 등락했다.유가증권시장에서 개인과 기관이 각각 1664억원어치와 103억원어치 주식을 순매수하며 지수를 방어했다. 외국인은 2420억원어치 주식을 팔았다. 외국인은 지난 11일부터 8거래일째 코스피 현물주식을 순매도했다. 다만 이날 코스피200선물은 1088억원어치를 순매수했다.이날 외국인 매도세는 간밤 뉴욕증시의 급락에서 비롯된 것으로 보인다. 도널드 트럼프 미국 대통령이 제롬 파월 미국 중앙은행(Fed) 의장에게 기준금리 인하를 요구하며 원색적인 비난을 가하면서 3대지수가 일제히 2%대 급락세를 보였다. 중앙은행의 독립성을 흔드는 트럼프 대통령의 행태에 불안감을 느낀 투자자들이 미국 자산에 대해 투매로 대응하며 미 국채 가격과 달러화 가치도 내리막을 탔다.코스피 시가총액 상위 종목들은 혼조세였다.삼성전자는 0.72%, SK하이닉스는 1.59% 하락했다.LG에너지솔루션은 약보합세였고, 삼성바이오로직스와 셀트리온은 강보합세로 거래를 마쳤다.현대차와 기아는 각각 0.91%와 1.36% 하락했다.반면 HD현대중공업은 3.27% 상승했다. 네이버도 3.31% 올랐다.코스닥은 전일 대비 0.67포인트(0.09%) 오른 716.12에 마감됐다. 이 시장에서는 개인이 319억원어치 주식을 샀고, 외국인은 112억원어치를 팔았다.코스닥 시가총액 상위 종목도 혼조세였다.리가켐바이오와 코오롱티슈진은 각각 5.44%와 7.59% 상승해 돋보였다.하락 종목들의 낙폭은 크지 않았다. 휴젤의 1.55% 하락이 제일 컸다. 에코프로비엠, 에코프로, 레인보우로보틱스는 약보합세였다.서울외환시장에서 원·달러 환율은 전일 대비 0.2원(0.01%) 내린 달러당 1421.3원에 거래되고 있다.한경우 한경닷컴 기자 case@hankyung.com",https://www.hankyung.com/article/2025042281266,2025.04.22 15:44
"코스피, 연고점 경신 후 3160선으로 '후퇴'…코스닥도 약세 마감","外人, 코스피 현·선물 1조 순매도
코스닥지수도 4거래일 만에 '하락'
리튬·인공지능(AI) 등 일부 테마주 '급등'","사진=게티이미지뱅크 

                코스피지수가 22일 연고점 돌파 이후 차익실현 매물이 나오면서 3160선으로 주저앉았다.이날 코스피지수는 전일 대비 40.87포인트(1.27%) 내린 3169.94에 장을 마감했다. 지수는 이날 장중 한때 상단을 3220.27까지 높이면서 연고점을 경신했지만 곧바로 매수세가 꺾이면서 3200선을 내줬다.2분기 글로벌 기업들의 호실적 전망에도 불구하고 다음달 1일 트럼프 행정부의 상호관세 부과 시점이 다가오는 데다 최근 '서머랠리'에 따른 차익실현 욕구가 나타난 것으로 풀이된다.외국인과 기관이 매물을 던지면서 지수를 끌어내렸다. 외국인은 이날 코스피 현물시장에서 2659억원, 코스피200 선물시장에서 7950억원 등 총 1조609억원어치의 매물을 쏟아냈다. 기관도 4608억원 순매도했다. 반면 개인은 7132억원어치 매수우위였다.시가총액 상위주들은 대부분 하락했다. 삼성전자(-2.65%), SK하이닉스(-1.47%), KB금융(-0.35%), 두산에너빌리티(-8.48%) 등이 떨어졌다. LG에너지솔루션(0.76%), 삼성바이오로직스(0.29%), 한화에어로스페이스(0.33%) 등은 상승했다.LIG넥스원은 증권가의 밸류에이션 부담 평가에 6.19% 급락했다. LG유플러스는 자사주 소각 결정 소식에 1.34% 상승 마감하며 신고가를 경신했다. 비에이치는 폴더블 아이폰 부품 공급 기대감에 19.34%, YG PLUS는 넷플릭스 협업 소식에 14.1% 급등했다.코스닥지수도 4거래일 만에 하락 전환했다. 이날 코스닥지수는 전일 대비 1.06% 떨어진 812.97에 장을 마쳤다. 코스닥시장에서도 개인이 2018억원 순매수한 반면 외국인과 기관은 각각 474억원과 1496억원 순매도했다.코스닥 시총 상위주들은 대부분 떨어졌다. 알테오젠(-1.45%), 에코프로비엠(-3.79%), 펩트론(-0.66%), HLB(-0.99%), 에코프로(-3.83%), 파마리서치(-0.35%) 등이 하락했다.리튬 가격 강세 소식 이후 리튬포어스(29.99%), 하이드로리튬(17.12%) 등 관련주들이 이날도 폭등했다. AI 정책 기대감에 포바이포(29.95%), 산돌(19.7%), 크라우드웍스(9.76%) 등이 뛰었다.원·달러 환율은 소폭 내렸다. 이날 오후 3시30분 기준 서울 외환시장에서 원·달러 환율은 전일 대비 0.4원 하락한 1387.8원에 주간 거래를 마쳤다.노정동 한경닷컴 기자 dong2@hankyung.com",https://www.hankyung.com/article/2025072247656,2025.07.22 15:43
[마켓칼럼] 한국 기업 지배구조의 대전환이 시작됐다,,"※한경 마켓PRO 텔레그램을 구독하시면 프리미엄 투자 콘텐츠를 보다 편리하게 볼 수 있습니다. 텔레그렘에서 ‘마켓PRO’를 검색하면 가입할 수 있습니다.










홍성관 라이프자산운용 부사장[한국 기업 지배구조의 대전환: 주인이 바뀐다]기업에 진정한 '주인'이 있을까? 단순히 지분율만으로 그 답을 정의할 수는 없다. 몇 달 전 한 배우가 본인이 100% 지분을 보유한 법인의 자금을 암호화폐에 투자했다가 횡령 혐의로 조사를 받은 사건은, ‘소유(Ownership)’와 ‘지배(Control)’의 간극을 극명하게 보여준다. 법과 제도는 지분율과 무관하게 법인을 '공적 주체'로 간주하며, 사적 소유의 한계를 명확히 규정한다.그럼에도 우리는 하물며 거래소에 상장돼 다수의 주주로 구성된 기업에 대해서조차 '오너', '오너가'라는 표현을 거리낌 없이 사용한다. 최대주주 및 특수관계자 중에는 여전히 기업을 개인이나 가족의 전유물처럼 인식하는 이들도 있다. 그러나 이는 법적으로도, 시대정신으로도 더 이상 부합하지 않는다. 이러한 모순을 바로잡는 변화는 이미 시작되었다. 지금 우리는, ‘기업은 누구의 것인가’라는 근본적인 질문을 되묻는 시대적 전환점 앞에 서 있다.미국 다우지수: 기관 중심의 자본이 지배하는 시장1928년 10월 1일부터 발표되기 시작한 미국의 다우존스 산업평균지수(Dow Jones Industrial Average)는 각 산업별 블루칩 30개 종목으로 구성되어 있다.
                    



출처 : 블룸버그

                다우지수에 포함된 30개 기업의 주주 구성을 살펴보면 흥미로운 사실 하나를 발견할 수 있다. 대부분의 기업에서 뱅가드, 블랙록, 웰링턴, 스테이트 스트리트, 모건스탠리, JP모건, 골드만삭스, UBS 등 글로벌 대형 금융기관들이 최상위 주주의 자리를 차지하고 있다는 것이다. 이들 대부분은 펀드 형태 구조를 기반으로 한다.반면 창업자 개인이 여전히 상위 주주로 남아있는 경우가 매우 제한적이다. 블룸버그 자료에 따르면, 세일즈포스의 마크 베니오프(2.30%), 아마존의 제프 베이조스(8.53%), 엔비디아의 젠슨 황(3.52%) 등이 그 몇 안 되는 예외적인 사례다.참고로 다우지수에는 포함이 되어 있지 않지만, 테슬라의 일런 머스크도 약 12.75%의 지분을 보유한 최대주주로서 강한 영향력을 행사하고 있다. 개인이 간접적으로 기업을 지배하는 드문 경우도 있다. 대표적으로 월마트는 창업자 샘 월튼의 자녀들이 별도의 가족법인과 신탁을 통해 약 45%의 지분을 보유하며 지배력을 유지하고 있다. 미국 역시 한때는 개인 자본가들이 기업을 창업하고 지배하던 시기가 있었다. 19세기 후반 ‘도금시대(The Guilded Age)’에는 철도의 코넬리어스 밴더빌트, 철강의 앤드류 카네기, 석유의 존 D. 록펠러, 금융의 J.P. 모건, 전기의 토머스 에디슨 등이 대표적이다. 그러나 100여년에 걸쳐 여러 세대를 지나오면서, 특히 20세기 중후반부터는 기업 지배 구조가 펀드 중심의 기관 투자자 체계로 전환되어 왔다. 이러한 변화는 우연이 아니다. 반독점법 강화, 상속세 확대, 그리고 무엇보다 자본시장의 성장이 자연스럽게 소유와 경영의 분리를 견인해 왔다. 수조 원 규모의 기업을 한 개인이 독점적으로 통제하는 것보다, 한 기업에 여러 기관들이 주요 주주로 참여하고, 전문경영인이 기업을 운영하는 구조가 더 효율적이고 생산적이라는 시장의 판단이 오랜 시간 작동해온 결과다. 마이크로소프트의 공동창업자 빌 게이츠조차도 1986년 IPO 당시 약 49%의 지분을 보유했으나, 현재는 재단을 통해 약 0.38%만을 보유하고 있다.테크 기업의 이중 의결권 구조물론 예외도 존재한다. 테크 기업 중에서는 창업자의 장기 비전과 기술적 통찰력이 기업 경쟁력의 핵심이 되는 경우, 창업자가 상장 이후에도 실질적인 지배력을 유지할 수 있도록 ‘이중 의결권 구조(dual-class share structure)’를 채택하는 사례들이 있다.알파벳은 Class A, B, C 주식을 발행한다. Class A는 1주당 1표의 의결권이 있고, Class B는 창업자인 래리 페이지와 세르게이 브린이 보유하며 1주당 10표의 의결권을 가진다. Class C는 의결권이 없으며 배당 권리는 동일하다. 덕분에 두 창업자는 전체 주식의 12% 미만을 보유하면서도 전체 의결권의 51% 이상을 행사할 수 있다.메타도 비슷한 구조다. 마크 저커버그는 Class B 주식을 통해 1주당 10표의 의결권을 갖고 있으며, 전체 지분의 13% 정도만으로도 과반의 의결권을 확보하고 있다.이러한 구조는 외부 자본을 유치하면서도 창업자의 비전과 경영권을 유지할 수 있는 수단으로 활용되고 있으며, 특히 테크 기업의 경우 장기 혁신과 민첩한 의사결정 측면에서 긍정적으로 평가받는다.한국: 복잡한 지배구조의 미로우리나라 상장기업들의 복잡한 지배구조는 한국 자본주의의 독특한 발전 경로를 여실히 보여준다. 1960년대 이후 국가 주도의 산업화 전략 속에서 대기업 집단, 이른바 '재벌'은 외형 성장을 중심으로 급속히 확장되었고, 이는 곧 기업 지배권을 둘러싼 복잡한 순환출자 및 내부 간접지배 구조로 이어졌다. 개발도상국 단계에서 자본 축적과 경영 안정성을 동시에 추구하기 위한 불가피한 선택이기도 했지만, 선진 경제로 진입한 오늘날에는 기업 지배구조의 투명성과 시장 신뢰를 저해하는 구조로 지적 받고 있다.실제 주요 기업들의 지배구조를 들여다보면 이러한 특징이 선명하게 드러난다. 시가총액 1위인 삼성전자의 경우, 삼성생명이 7.56%를 보유한 최대주주이고, 삼성물산(4.44%)과 삼성화재(1.31%)가 그 뒤를 잇는다. 삼성전자의 최대주주인 삼성생명은 삼성물산(19.34%)이 최대주주이며, 삼성물산은 이재용 회장이19.76%의 지분을 보유한 최대주주이다.이 회장은 직접적으로도 삼성전자의 지분을 1.45% 보유하고 있기는 하지만, 삼성물산을 통해 삼성생명을, 다시 삼성생명을 통해 삼성전자를 간접 지배하고 있다. 시가총액 3위인 삼성바이오로직스도 삼성물산이 43.06%, 삼성전자가 31.22%를 보유해 사실상 삼성 내부 계열사 간 지분 연결망을 통해 지배되고 있다.시가총액 2위인 SK하이닉스의 경우도 유사한 구조다. SK하이닉스의 최대주주는 SK스퀘어(20.07%), SK스퀘어의 최대주주는 SK㈜(31.50%), 그리고 SK㈜의 최대주주는 최태원 회장(17.76%)이다. 이처럼 지주회사 체계를 활용한 수직적 지배구조가 고착화되어 있다.LG에너지솔루션(시가총액 4위)은 LG화학이 81.84%를 보유하고 있고, LG화학의 최대주주는 LG(31.52%), LG의 최대주주는 구광모 회장(15.95%)이다. 구광모 회장의 특수관계인으로 등록된 24명의 친인척 역시 지분을 나눠 보유하며 가문 중심의 경영권 방어 체계를 구축하고 있다.시가총액 5위인 현대자동차는 순환출자 구조를 유지하고 있는 유일한 10대 그룹이다. 현대차는 현대모비스(21.86%)의 지분을 보유하고 있으며, 현대모비스의 최대주주는 기아(17.66%), 기아의 최대주주는 다시 현대자동차(34.53%)로 이어진다.결국, 한국 자본시장에서 상장기업의 실질적인 경영권은 종종 시장에서 파악 가능한 단순한 지분율이 아니라, 복잡하게 얽힌 지배구조 사슬의 이해를 통해서만 해석될 수 있는 구조다.서울 부동산에서 먼저 벌어진 변화흥미롭게도, 우리나라 기업지배구조의 변화는 더뎠지만, 서울의 주요 부동산 소유구조는 이미 리츠와 펀드를 비롯한 기관 투자자 중심으로 바뀌었다. 광화문 일대의 트로피 에셋(상징성 있는 자산)으로 꼽히는 서울파이낸스센터(SFC)는 싱가포르 국부펀드인 싱가포르투자청(GIC)이 보유하고 있다. 실질적 지배구조를 둘러싼 논란의 여지가 있긴 하지만, 중구의 초대형빌딩인 센터원은 맵스리얼티1이라는 상장된 공모펀드와 사모펀드인 맵스프론티어가 보유하고 있다.여의도의 IFC는 캐나다 최대의 대체투자운용사인 브룩필드자산운용의 펀드가 보유하고 있다. 코람코자산신탁이 운용하는 코크렙제51호리츠는 영등포 타임스퀘어 빌딩을 소유하고 있고, KB강남오피스제1호리츠는 강남의 N타워를 갖고 있다. 이외에도 서울의 주요 대형 건물들이 리츠, 펀드 등의 기관투자자들 소유 비중이 높아지고 있다. 한국의 상장기업의 지배구조 역시 시간이 지남에 따라 자연스럽게 변화할 것이라는 실마리를 찾을 수 있다. 제도적 압력과 세대 교체: 변화의 물꼬를 트다한국의 상속세 최고세율은 OECD국가 중 가장 높은 수준이다. 삼성 이건희 회장의 유산에 대한 상속세가 약 12조 원이었고, 넥슨 김정주 회장의 유족들이 물납한 상속세 가치가 4조 7천억원이었다. 이런 상속과 증여의 과정에서 대주주의 지분 희석은 불가피하다. 중견기업들의 경우에는 후계 세대의 가치관 변화를 더욱 주목할 필요가 있다. 과거처럼 대를 이어 제조업 경영을 맡기보다는, 현금을 받아 자신만의 길을 가려는 사례들이 늘고 있다. 특히 해외 유학을 다녀온 2-3세들은 지방에서 남색 공장 점퍼를 입고 근무하기보다는 홍콩이나 싱가포르 등지에서 IT, 바이오, 핀테크와 같은 새로운 산업에 투자하는 일에 더 흥미를 갖는다. M&A 자문사나 사모펀드(PE) 매니저들이 이렇게 기업을 매각하려는 니즈를 가진 제조업체들을 주요 타깃으로 하는 경우도 늘고 있다. 이런 변화는 상속세라는 제도적 압력과 세대 교체라는 자연스러운 흐름이 맞물려 발생한다.기술과 시장이 만든 새로운 감시 체계모바일 기술의 발전과 정보 비대칭의 해소는 수많은 개인 투자자들을 실질적인 기업 감시자로 변화시키고 있다. 스마트폰 하나로 공시, 뉴스, 주주총회 안건까지 실시간으로 파악할 수 있고, SNS는 불공정 행위를 순식간에 전세계에 퍼뜨린다.특히 MZ세대 직장인들은 이전 세대처럼 불의에 침묵하지 않는다. 블라인드와 같은 익명 플랫폼을 통한 내부 고발 리스크는 과거보다 훨씬 커졌고, 기업은 법보다 빠른 '공론장의 심판'을 피하기 위해서라도 스스로 더 투명해지기를 강요받고 있다. 액트(ACT)와 같이 소액주주들의 의결권 행사를 군집시키는 플랫폼들도 더욱 늘어날 전망이다. 이러한 변화는 제도적 차원에서도 뒷받침되고 있다. 개정되는 상법은 이사의 충실의무에 주주의 이익을 명시적으로 추가하고, 최대주주 및 특수관계자의 감사위원 선임 의결권을 3%로 제한한다. 이는 그동안 소위 '오너 중심'으로 운영되던 기업 지배구조에 제도적 견제장치를 마련한 것으로, 시장의 요구가 법제도로 구현되는 상징적 변화다.한국 기업의 지배구조는 상속세, 세대교체, 기술혁명, 투자문화의 진화, 글로벌 경쟁 심화라는 복합적 변화 속에서 빠르게 재편되고 있다. 결론: 미래를 향한 지배구조의 진화미국 기업들은 성장 단계에 따라 차별화된 지배구조를 보여준다. 성숙기에 접어든 전통 기업들은 전문경영인 중심의 투명한 구조로 바뀌었고, 성장기의 테크 기업들은 이중 의결권 등을 통해 창업자가 경영권을 유지하는 모델을 택하고 있다.두 모델 모두 다양한 기관투자자의 참여로 투명성이 제고되어 견제와 감시 시스템이 작동한다는 공통점이 있다. 물론 기관투자자의 참여가 반드시 지배구조의 투명성을 담보하는 것은 아니다. 실제로 미국 내에서도 일부 초대형 자산운용사들의 불투명한 의결권 행사 프로세스에 대한 비판이 제기되기도 한다.그럼에도 불구하고, 기관투자자의 적극적인 참여는 바람직한 지배구조에 대한 최소한의 기준을 제시해줄 수 있다는 차원에서 의미가 있다.한국 기업들의 지배구조는 현재 전환의 중간 단계쯤에 있다. 상장된 대기업들 대부분에 기관투자자들이 참여하고 있지만, 아직은 지분율도 낮고 기업을 실질적이고 효과적으로 견제하는 기능을 하고 있지 못한다. 하지만 앞서 살펴봤듯이, 시장의 요구와 시간의 흐름에 따라 빠르게 변화하고 있고, 더욱 가속화될 전망이다. 중요한 것은 개별 기업들의 발전 단계와 상황에 맞는 유연한 지배구조 설계다. 성장 단계에서는 창업자 비전 실현 구조를, 성숙 단계에서는 전문경영인 중심 구조를 선택할 수 있어야 한다. 그리고 어떤 구조든 기업의 지속적인 성장 가능성과 투명한 의사결정을 기본으로 전제해야 한다.변화가 완료되는 시기에는 한국의 대기업들은 지금과는 완전히 다른 모습을 하고 있을 것이다. 더 투명하고, 더 전문적이며, 더 글로벌한 기업들로 진화해 있을 것이다. 그리고 그때의 대부분 기업들의 '주인'은 최대주주 및 특수관계자 개인들이 아닌, ‘다양한 이해관계자들’일 것이다.",https://www.hankyung.com/article/202507085782i,2025.07.09 07:00
"삼성바이오, 최대 실적...""첫 5조 매출 유력""",,"영상 모듈 닫기




<앵커>삼성바이오로직스의 지난 1분기 매출과 영업이익이 분기 기준으로 역대 최대 수준을 기록했습니다.영업이익률이 40%에 육박할 정도인데, 제약·바이오업계 첫 연 매출 5조원 달성도 유력합니다.취재기자 연결해 자세히 듣겠습니다.김수진 기자, 삼성바이오 실적이 시장 예상치를 훌쩍 넘어섰는데, 이유가 뭠니까?<기자>삼성바이오로직스의 연결 기준 1분기 매출은 1조 2,983억원, 영업이익은 4,867억원입니다.지난해 같은 기간과 비교해 매출은 37.1%, 영업이익은 119.9% 늘어났습니다.분기 기준으로 매출과 영업익 모두 역대 최대 수준입니다.특히 1분기 영업이익률은 37.5%에 달했는데, 지난해 같은 기간 23.4%와 비교해 크게 개선된 수치입니다.삼성바이오의 1분기 깜짝 실적은 4공장 가동률 확대와 고환율 효과 등의 영향이 컸습니다.현재 삼성바이오는 1에서 3공장 전부 가동하고 있고 4공장의 경우 지난 2023년에 완공돼 75% 수준의 가동률로 운영됐습니다.올해 1분기 가동률은 아직 공개되지 않았지만, 일감이 몰려들면서 더욱 높아진 것으로 알려졌습니다.실제로 삼성바이오의 수주 실적은 계속 증가하고 있습니다.최근에도 유럽 소재 제약사와 14억 달러 규모(약 2조원)의 수주 계약을 체결했는데요.이는 지난해 전체 수주 금액인 5조 4,035억원의 40% 수준입니다.이번달로 예정된 5공장 가동이 시작되면 생산능력은 78만 4천 리터까지 늘어나며, 그만큼 실적도 좋아질 전망입니다.업계에서는 삼성바이오의 올해 연간 매출이 제약·바이오 업계에서 처음으로 5조원을 넘어설 것으로 예상하고 있습니다.지금까지 보도국에서 한국경제TV 김수진입니다.김수진기자 sjpen@wowtv.co.kr",https://www.hankyung.com/article/2025042314225,2025.04.23 17:55
"29일, 기관 거래소에서 KODEX 200선물인버스2X(-3.9%), 효성중공업(+4.71%) 등 순매도",,"기관 투자자는 29일 거래소에서 KODEX 200선물인버스2X, 효성중공업, 두산 등을 중점적으로 매도한 것으로 나타났다.기관 투자자의 순매도 상위 20개 종목은 KODEX 200선물인버스2X, 효성중공업, 두산, KODEX 인버스, 삼성바이오로직스, TIGER 미국테크TOP10 INDXX, KODEX 친환경조선해운액티브, 삼양식품, 한국전력, 한화비전등이다.이중에 전기,전자 업종에 속한 종목이 2개 포함되어 있다.효성중공업, 두산, TIGER 미국테크TOP10 INDXX 등은 전일 대비 주가가 상승했고, KODEX 200선물인버스2X, KODEX 인버스, 삼성바이오로직스 등은 주가가 하락했다.[05월29일]거래소 기관 순매도 상위 종목한경로보뉴스이 기사는 한국경제신문과 금융 AI 전문기업 씽크풀이 공동 개발한 기사 자동생성 알고리즘에 의해 실시간으로 작성된 것입니다.",https://www.hankyung.com/article/202505294828L,2025.05.29 18:35
삼성바이오 분할…'신약개발 자회사' 세운다,"로직스서 바이오시밀러 떼내고
에피스 자회사 둔 지주사 신설",삼성바이오로직스가 인적분할을 통해 신약 개발에 집중할 별도 회사를 설립한다. 삼성바이오로직스는 삼성에피스홀딩스(가칭)를 신설하는 회사 분할을 결정했다고 22일 공시했다. 분할 기일은 오는 10월 1일이다. 삼성에피스홀딩스는 삼성바이오로직스가 100% 보유하고 있는 바이오시밀러(바이오의약품 복제약) 자회사 삼성바이오에피스 지분을 전량 넘겨받아 ‘바이오 투자지주회사’ 역할을 수행한다. 신약 개발 등 신사업을 담당할 자회사도 신설한다. 존속회사인 삼성바이오로직스는 바이오의약품 위탁개발생산(CDMO)을 전담한다. 존 림 삼성바이오로직스 대표는 “선택과 집중을 통해 양사가 초격차 경쟁력을 확보할 수 있을 것”이라고 밝혔다.삼성바이오로직스는 바이오시밀러 사업을 떼어내면 CDMO 고객사의 신약 기술 유출 우려를 불식할 것으로 기대하고 있다. 유승호 삼성바이오로직스 최고재무책임자(CFO·부사장)는 “수주의 최대 걸림돌인 신약 개발 사업과의 이해상충 문제를 이번 분할로 해소하게 됐다”고 말했다.안대규 기자 powerzanic@hankyung.com,https://www.hankyung.com/article/2025052203561,2025.05.22 18:10
[부고] 김애리(SK온 PR팀 PM)씨 시부상,,"▲ 김석준(전 한국기계연구원 부원장)씨 별세, 박경숙씨 배우자상, 황범(삼성바이오로직스 바이오연구소 그룹장)·황연(한국과학기술연구원 학생연구원)씨 부친상, 이지현(셀트리온 RDQA팀 차장)씨·김애리(SK온 PR팀 PM)씨 시부상 = 8일, 대전 유성선병원장례식장 VIP 2호실, 발인 10일 오전 6시 40분. ☎ 042-825-9494 /연합뉴스",https://www.hankyung.com/article/202505081037Y,2025.05.08 18:36
,,,https://magazine.hankyung.com/business/article/202507147367b,
"코스피, 美 관세 우려 완화에 2540선 회복…외인 11일 만에 '사자'","외인·기관 7236억 '쌍끌이 매수'

美 해군장관 방한 소식 조선주 강세","사진=뉴스1

                코스피지수가 25일 외국인과 기관투자자의 '쌍끌이 매수'에 힘입어 1% 가까이 오르면서 2540선을 회복했다. 미국발(發) 훈풍에 더해 한·미 통상 협의가 긍정적으로 진행되면서 투자심리가 전반적으로 개선된 영향으로 분석된다. 외국인은 전날까지 10거래일 이어진 '팔자' 기조 멈추고 '사자'로 돌아섰다.이날 코스피지수는 전날보다 23.97포인트(0.95%) 오른 2546.3에 거래를 마쳤다. 이날 지수는 0.88%로 상승 출발 후 장 마감때까지 강세 흐름을 유지했다.유가증권시장에서 외국인은 2247억원어치를 사들이면서 11거래일 만에 순매수로 전환했다. 기관도 4989억원어치를 순매수하면서 외국인과 함께 지수 상승을 이끌었다. 반면 개인은 나홀로 7726억원어치를 팔아치웠다.이날 새벽 미국 증시가 강세로 마감해 국내 증시 투자심리 개선에 일조했다. 미국과 주요국의 협상이 시작돼 관세 완화 기대가 반영되면서다. 도널드 트럼프 미 대통령이 자동차 부품에 대한 관세 일부를 면제할 것이라고 발언한 점도 투자심리를 자극했다. 우량주 30개를 묶은 다우존스30산업평균지수는 전장 대비 1.23% 올랐고, 나스닥종합지수와 스탠더드앤드푸어스(S&P)500지수도 각각 2.74%와 2.03% 상승했다.이경민 대신증권 연구원은 ""트럼프 대통령이 관세와 관련해 중국과 협상이 진행 중이라고 재차 강조하면서 관세 리스크 완화 기대가 커지는 중""이라고 분석했다.코스피 시가총액 상위 종목 중 SK하이닉스(3.42%) KB금융(2.72%) 신한지주(2.05%) 네이버(1.04%) LG에너지솔루션(0.59%) 등이 오른 반면 삼성바이오로직스(-1.05%) 현대모비스(-0.99%) 기아(-0.68%) 현대차(-0.05%) 등은 내렸다. 한화에어로스페이스는 보합으로 마감했다. 조선주가 존 펠란 미 해군성 장관의 방한 소식에 강세로 마감했다. 한화오션(11.12%)을 비롯해 HD현대중공업(7.18%) HD한국조선해양(6.41%) HJ중공업(3.23%) HD현대미포(3.15%) 등이 일제히 뛰었다.LS일렉트릭(7.19%)과 효성중공업(4.79%) 등 전력설비주도 급등했다. 아마존과 엔비디아가 인공지능(AI) 데이터센터 수요 둔화 조짐이 없다고 밝힌 데 따른 영향이다. 반면 카카오(-3.8%)는 약세로 거래를 마쳤다. SK텔레콤이 보유하고 있는 카카오 지분 전량(1081만8510주)을 블록딜(시간외 대량매매) 방식으로 처분한다는 소식이 영향을 줬다.코스닥지수는 이날 3.61포인트(0.5%) 오른 729.69로 거래를 마쳤다. 지수는 장중 0.93%까지 오르기도 했지만 장 마감 무렵 상승폭을 소폭 축소했다.코스닥시장에서는 외국인이 783억원어치를 사들인 반면 개인과 기관은 각각 54억원과 641억원어치를 팔아치웠다.코스닥 시총 상위 종목 중 에코프로비엠(2.68%) 에코프로(1.8%) 삼천당제약(1.56%) 에이비엘바이오(0.73%) 펩트론(0.11%) 등이 오른 반면 코오롱티슈진(-4.32%) 리가켐바이오(-1.68%) 클래시스(-0.94%) 레인보우로보틱스(-0.35%) 휴젤(-0.28%) 등이 내렸다. 반도체 장비 기업 리노공업(11.3%)은 5대 1 액면분할을 단행한 후 첫 거래일을 맞은 이날 급등했다. 반면 알테오젠(-5.02%)은 파트너사인 미국머크(MSD)와 할로자임의 특허 분쟁이 본격화했다는 소식에 약세로 마감했다. 서울 외환시장에서 원·달러 환율은 전장 대비 1원50전 내린 1436원50전으로 주간 거래를 마쳤다.고정삼 한경닷컴 기자 jsk@hankyung.com",https://www.hankyung.com/article/2025042563486,2025.04.25 16:19
기존 대출금 많아도 가능! 주식으로 본인자산포함 최대 4배 레버리지! 저가매수는 연 5.14% !!,,"부자네스탁론이 봄맞이 이벤트로 연 5.14%의 저금리 스탁론 상품을 출시하면서 투자자들에게 화제가 되고 있다.연 5.14%의 저금리 스탁론은 주요 증권사의 신용 금리로 알려진 8~9%대의 금리보다 훨씬 금리가 낮은 상품이다.스탁론 상품들은 증권사 신용보다 레버리지는 더 높고 담보유지비율은 더 낮아 투자 고수들 사이에서 잘 알려진 상품이다.미수나 반대매도를 해결해주는 대환대출상품, 한 종목 100% 집중투자 상품신용등급, 매수불가종목, D.S.R 등 주식투자자들의 고민을 완벽하게 해결해주는 솔루션을 제공하는부자네스탁론은 고객마다 가장 최적의 대출방법으로 해결해준다.-스탁론 D.S.R<총부채원리금상환비율> 고강도 규제에도! 문제없는 부자네스탁론!– 소득 낮고 기존 대출금액 많아도 계좌평가금액에 비례해서 대출가능!▶머니투데이 부자네스탁론① 연 5.14% 금리의 최저금리 스탁론② 자기자본포함 최대 4배까지 레버리지 투자 가능③ 매수가능종목 100% 집중투자가능 (코스닥, 시가총액, 포트폴리오비율상관없이)④ 스탁론 전종목 1:1 매수상담문의 → 수익극대화⑤ 반대매도 임박 / 추가입금이 힘들다면? → 1:1 로스컷 전문상담⑥ D.S.R과 신용등급 낮.아.도 문제없이 매입/대환까지 가능!★ D.S.R비율, 신용등급 무관 저금리 부자네스탁 AM8:00~PM4:00 ☎1577-5852★ AM 8:00 부터 선착순 예약접수 http://www.bujane.co.kr/4월 고객들의 문의가 많은 종목은 삼성중공업, 삼성바이오로직스, LG에너지솔루션, 삼천당제약, 두산에너빌리티 등이 있다.무료상담",https://www.hankyung.com/article/202504102079a,2025.04.10 13:58
"23일, 거래소 기관 순매수상위에 운수장비 업종 3종목",,"기관 투자자는 23일 거래소에서 현대차, KODEX 레버리지, 기아 등을 중점적으로 사들인 것으로 나타났다.기관 투자자의 순매수 상위 20개 종목은 현대차, KODEX 레버리지, 기아, HD현대건설기계, 두산에너빌리티, 포스코인터내셔널, POSCO홀딩스, 현대모비스, LG전자, LG에너지솔루션등이다.이중에 운수장비 업종에 속한 종목이 5개 포함되어 있다.현대차, KODEX 레버리지, 기아 등은 전일 대비 주가가 상승했고, HD한국조선해양, HD현대중공업 등은 주가가 하락했다.[07월23일]거래소 기관 순매수 상위 종목한경로보뉴스이 기사는 한국경제신문과 금융 AI 전문기업 씽크풀이 공동 개발한 기사 자동생성 알고리즘에 의해 실시간으로 작성된 것입니다.",https://www.hankyung.com/article/202507237815L,2025.07.23 18:35
"코스피, FOMC 결과 대기하며 상승…코스닥은 강보합","한화에어로, 현대차 제치고 시총 5위로","7일 서울 중구 하나은행 딜링룸 현황판에 코스피 지수 등이 표시되고 있다. /사진=연합뉴스

                코스피가 미국 연방공개시장위원회(FOMC) 정례회의 결과를 앞둔 가운데 0.5%대 상승해 2570대에서 장을 끝냈다.7일 한국거래소에 따르면 코스피는 전 거래일보다 14.01포인트(0.55%) 오른 2573.80에 장을 마쳤다.지수는 17.25포인트(0.67%) 오른 2577.04로 출발했지만 곧바로 상승폭을 줄이며 한때 2560선을 내줬다. 하지만 이내 다시 상승폭을 키웠다.외국인과 기관이 각각 3487억원, 870억원 매수 우위다. 반면 개인만 4645억원 매도 우위다.유가증권시장에서 유럽 방위비 증가 수혜 기대가 쏠린 한화에어로스페이스의 주가가 8.8% 급등했다. 한화에어로스페이스의 시총은 40조5672억원으로 현대차(39조2865억원)를 제치고 시총 5위에 올랐다.  SK하이닉스는 2.58% 상승해 19만800원에 마감했다. 삼성바이오로직스는 트럼프 미국 정부가 의약품에 대한 품목별 관세 부과를 예고한 영향으로 4.06% 밀렸다. 코스닥지수는 전장보다 0.95포인트(0.13%) 오른 722.810에 거래를 마쳤다.외국인이 265억원 매수 우위, 기관이 32억원 매도 우위다.코스닥시장에서 에코프로비엠과 에코프로는 3% 넘게 하락했다. 리가켐바이오와 에이비엘바이오가 각각 6%, 8%대 급락했다. 반면 HLB와 레인보우로보틱스, 클래시스는 3% 안팎으로 올랐다.서울 외환시장에서 원·달러 환율은 오후 3시30분 기준 7.3원 내린 1398원을 기록했다.신민경 한경닷컴 기자 radio@hankyung.com",https://www.hankyung.com/article/2025050772926,2025.05.07 15:54
"21일, 외국인 거래소에서 한화에어로스페이스(+4.29%), 삼성중공업(+4.93%) 등 순매수",,"외국인 투자자는 21일 거래소에서 한화에어로스페이스, 삼성중공업, 삼성바이오로직스 등을 중점적으로 사들인 것으로 나타났다.외국인 투자자의 순매수 상위 20개 종목은 한화에어로스페이스, 삼성중공업, 삼성바이오로직스, 두산에너빌리티, 현대로템, HD한국조선해양, 한화오션, 한화시스템, 기아, 크래프톤등이다.이중에 운수장비 업종에 속한 종목이 6개 포함되어 있다.한화에어로스페이스, 삼성중공업, 삼성바이오로직스 등은 전일 대비 주가가 상승했고, LG에너지솔루션, KODEX 인버스 등은 주가가 하락했다.[05월21일]거래소 외국인 순매수 상위 종목한경로보뉴스이 기사는 한국경제신문과 금융 AI 전문기업 씽크풀이 공동 개발한 기사 자동생성 알고리즘에 의해 실시간으로 작성된 것입니다.",https://www.hankyung.com/article/202505217908L,2025.05.21 18:35
"저점매수기회! 한 종목에서만 승부를 보는 승부사를 위한 상품, 5년고정 연 4.9%로 이용가능",,"부자네스탁론이 봄맞이 이벤트로 5년고정 연 4.9%의 저금리 스탁론 상품을 출시하면서 투자자들에게 화제가 되고 있다.5년고정 연 4.9%의 저금리 스탁론은 주요 증권사의 신용 금리로 알려진 8~9%대의 금리보다 훨씬 금리가 낮은 상품이다.스탁론 상품들은 증권사 신용보다 레버리지는 더 높고 담보유지비율은 더 낮아 투자 고수들 사이에서 잘 알려진 상품이다.미수나 반대매도를 해결해주는 대환대출상품, 한 종목 100% 집중투자 상품신용등급, 매수불가종목, D.S.R 등 주식투자자들의 고민을 완벽하게 해결해주는 솔루션을 제공하는부자네스탁론은 고객마다 가장 최적의 대출방법으로 해결해준다.-스탁론 D.S.R<총부채원리금상환비율> 고강도 규제에도! 문제없는 부자네스탁론!– 소득 낮고 기존 대출금액 많아도 계좌평가금액에 비례해서 대출가능!▶머니투데이 부자네스탁론① 5년고정 연 4.9% 금리의 최저금리 스탁론② 자기자본포함 최대 4배까지 레버리지 투자 가능③ 매수가능종목 100% 집중투자가능 (코스닥, 시가총액, 포트폴리오비율상관없이)④ 스탁론 전종목 1:1 매수상담문의 → 수익극대화⑤ 반대매도 임박 / 추가입금이 힘들다면? → 1:1 로스컷 전문상담⑥ D.S.R과 신용등급 낮.아.도 문제없이 매입/대환까지 가능!★ D.S.R비율, 신용등급 무관 저금리 부자네스탁 AM8:00~PM4:00 ☎1577-5852★ AM 8:00 부터 선착순 예약접수 http://www.bujane.co.kr/5월 고객들의 문의가 많은 종목은 씨젠, 평화홀딩스, 삼성바이오로직스, LG에너지솔루션, 아이씨티케이 등이 있다.무료상담",https://www.hankyung.com/article/202505228382a,2025.05.22 13:48
[한경유레카] 삼천당제약 오전 상한가...유레카 수익률 30% 달성,,"한경유레카는 한국경제신문의 디지털 미디어인 한경닷컴에서 개발한 개별 종목에대한인공지능(AI) 알고리즘 업체의 투자 의견을 종합한 'AI 컨센서스'를 제공하는 서비스입니다. '한경유레카' 앱은 구글 플레이 스토어 혹은 앱스토어에서 내려받을 수 있습니다.





23일 삼천당제약이 강세다. 삼천당제약은 오전 9시 28분 전일대비 24.54% 오른 205,500원에 거래되고 있다.삼천당제약은 최근 1주일간 외국인은 41,615주를 순매수했으며, 기관은 60주를 순매수 했다.AI 알고리즘들의 투자의견을 종합한 한경유레카는 삼천당제약에 대해 7월 8일 매수의견을 제시했다. 오늘까지 보유했다면 수익률은 30% 이다.한경유레카에서 관심종목을 검색하면 AI 알고리즘들의 종합의견을 무료로 확인할 수있다.한경닷컴은 한경유레카 출시를 기념해 ‘1개월 무료체험 이벤트’ 를 진행하고있다. 원하는 AI 알고리즘업체 한 곳을 1개월 간 무료로 구독할 수 있다. 한경유레카 앱은 구글플레이스토어 혹은 앱스토어에서 내려받으면 된다.





삼천당제약 삼성바이오로직스 옵투스제약 한미사이언스 동국제약본 글은 투자 참고용입니다.",https://www.hankyung.com/article/202507236070a,2025.07.23 09:29
시총 톱10 지각변동…IT·배터리 지고 방산·바이오 뜨고,"코스피, 4년새 절반이 바뀌어 
네카오·삼성SDI 10위권 밖으로
한화에어로·KB금융 등 진입

코스닥, 10社 중 7곳이 바이오
알테오젠, 2021년 10위서 1위로
""시총 순위 급상승 기업 주목""","유가증권시장과 코스닥시장 시가총액 상위 10개 종목의 자리바꿈이 활발하게 일어나고 있다. 방위산업·조선·금융업종 대기업이 새로 진입하며 변화를 주도했다. 코로나19 팬데믹(대유행) 당시 주가 급등으로 간판을 올린 종목은 대부분 다시 10위 밖으로 밀려났다. ◇유가증권시장 톱10 절반이 새 이름







이미지 크게보기



                12일 한국거래소에 따르면 유가증권시장 시총 상위 10개 종목의 간판 절반이 2021년 6월과 달라졌다.시총 3, 5위였던 네이버와 카카오가 4년 만에 각각 13, 21위로 미끄러졌다. 코로나19 엔데믹(풍토병화)과 금리 상승으로 플랫폼주 투자심리가 위축된 탓이다. 2차전지 관련주인 삼성SDI는 같은 기간 시총 9위에서 43위로 떨어졌다. 전기차 캐즘(일시적 수요 정체)과 도널드 트럼프 미국 행정부의 전기차 보조금 축소 등 대형 악재를 버티지 못했다.꾸준히 톱10 간판을 유지한 종목은 부동의 시총 1위 삼성전자를 비롯해 SK하이닉스, 삼성바이오로직스, 삼성전자우, 현대차 등 다섯 곳이다.방산·조선·금융 대장주는 시총을 급격히 불리며 새로 이름을 올렸다. 이날 유가증권시장에선 한화에어로스페이스와 KB금융, HD현대중공업 등이 시총 10위 안에 들었다. 영위 사업 호황에 힘입어 뛰어난 실적을 내며 기존 강자와 자리바꿈을 주도했다. ◇코스닥은 3곳만 간판 유지코스닥시장은 더 변화가 컸다. 지난 4년 동안 에코프로비엠과 HLB, 알테오젠 등 세 곳만 시총 톱10을 유지했다.4년 전 시총 1위였던 셀트리온헬스케어는 셀트리온과의 합병으로 상장폐지됐고, 시총 2위와 3위였던 셀트리온제약과 카카오게임즈는 21위와 36위로 밀려났다. 코로나19 특수를 누리던 진단키트 업체 씨젠과 게임주인 펄어비스도 현재 10위 밖으로 밀려났다. 코로나19 특수가 사라지면서 실적 개선 기대도 꺾인 탓이다.새로 시총 10위 종목에 이름을 올린 기업은 레인보우로보틱스, 파마리서치, 휴젤, 펩트론, 리가켐바이오, 클래시스 등이다. 바이오테크·뷰티 관련 주식이 시총 상위권을 싹쓸이했다. 바이오주의 굵직한 기술수출 성과와 K뷰티 제품의 글로벌 소비 증가가 투자자들의 관심을 끈 결과다. 금융투자업계 관계자는 “유가증권시장 상장사와 비교해 산업 변화에 민감한 성장·기술형 기업이 많아 시총 상위 종목의 자리바꿈도 더 활발했다”고 설명했다. ◇“순위 변화, 주도 섹터에 대한 힌트”증권가에선 시총 순위가 상승세인 종목에 관심을 두라고 조언한다. 산업 지형의 변화를 주도하는 섹터일 가능성이 있고, 코스피200이나 코스닥150 등 지수 신규 편입으로 패시브 자금 유입 혜택까지 기대할 수 있기 때문이다.한국거래소는 13일부터 코스피200지수 구성 종목에 HD현대마린솔루션, 한국카본, 동원산업 등 여덟 곳을 편입한다. 성광벤드와 동성화인텍 등 9개 종목은 코스닥150지수에 신규로 포함된다. 새 편입 종목은 지난 1년 새 주가가 급등한 조선기자재나 플랜트 부품 관련주가 많다.일부 증시 전문가는 정기 변경일 약 한 달 전에 편입 종목을 미리 보유하는 투자 전략을 추천하고 있다. HD현대마린솔루션은 이달 들어 9% 넘게 주가가 급등했다. 동원산업(4.1%), 성광벤드(31.1%), 동성화인텍(5.9%) 역시 주가가 상승했다. 한 증권사 애널리스트는 “최근 수년간 시가총액 상위 종목들의 교체는 산업 지형의 변화를 그대로 보여준다”면 “순위 변화를 지켜보면 주도 섹터에 대한 힌트를 얻을 수 있을 것”이라고 귀띔했다.류은혁 기자 ehryu@hankyung.com",https://www.hankyung.com/article/2025061217591,2025.06.12 18:23
"코스피, 대선 앞둔 '눈치보기'에 강보합 마감",,"사진=연합뉴스

                코스피가 강보합으로 마감됐다. 2700선 회복에는 실패했다. 대선을 하루 앞두고 투자자들의 눈치보기에 따른 관망세가 짙었다.2일 코스피는 전일 대비 1.30포인트(0.05%) 오른 2698.97에 거래를 마쳤다.유가증권시장에서 외국인과 개인이 각각 1273억원어치와 987억원어치를 순매수했다. 기관은 2401억원어치를 팔았다. 다만 외국인은 코스피200선물을 4019억원어치를 순매도하면서 지수 상승을 제한했다.시가총액 상위 종목은 혼조세였다.삼성전자와 SK하이닉스는 각각 1%대 상승세를 기록했다.한화에어로스페이스와 HD현대중공업은 각각 2.96%와 5.55% 상승했다.반면 KB금융은 4.12% 빠졌다.삼성바이오로직스와 셀트리온은 보합권에 머물렀다.철강주들은 약세를 보였다. 지난 주말 도널드 트럼프 미국 대통령이 철강에 대한 관세율을 기존 25%에서 50%로 인상한다고 밝힌 여파다.코스닥은 전일 대비 5.94포인트(0.81%) 오른 740.29에 거래를 마쳤다. 이 시장에서는 외국인과 기관이 각각 1108억원어치와 143억원어치를 순매수한 반면, 개인은 1196억원어치를 팔았다.코스닥 시가총액 상위 종목들도 호조세였다.알테오젠과 파마리서치가 각각 6.06%와 4.99% 상승했다. 에이비엘바이오도 장중 약세를 보이야가 강보합세로 마감됐다.반면 HLB는 3.11% 빠졌다.에코프로비엠과 에코프로도 각각 0.78%와 1.64% 하락했다.서울외환시장에서 원·달러 환율은 전일 대비 10.19원(0.74%) 내린 달러당 1372.9원에 거래되고 있다.한경우 한경닷컴 기자 case@hankyung.com",https://www.hankyung.com/article/2025060209736,2025.06.02 15:41
"노균 삼성바이오 부사장, 고용노동부 장관 표창 수상 ""안전 경영 공로 인정""",,"삼성바이오로직스는 최근 고용노동부 주최 산재 예방 유공자 포상에서 최고안전책임자(CSO)인 노균 부사장이 고용노동부 장관 표창을 수상했다고 24일 밝혔다.삼성바이오로직스는 지난 9일 고용노동부·한국산업안전보건공단이 개최한 '산업안전보건의 달' 맞이 '2025년 대·중소기업 안전보건 상생협력 우수사례 발표대회'에서도 최우수상을 받았다.삼성바이오로직스는 '안전은 예방이 핵심'이라는 철학 아래, 첨단 기술을 활용해 사전적 위험 관리 시스템을 구축한 점을 높이 평가받아 수상했다.대표 사례가 자체 개발한 무선 화재감지기와 인공지능(AI) 폐쇄회로(CCTV) 기반의 보호구 착용 모니터링 시스템 그리고 비상상황 발생 시 신속하고 정확하게 대피인원 집계가 가능한 피난대피 전산시스템 구축이다. 이처럼 삼성바이오로직스는 제조 현장에서 발생할 수 있는 위험을 사전에 조기 감지하고 빠르게 대응할 수 있는 기술을 도입하며 사고 사전 예방을 위해 노력해오고 있다.삼성바이오로직스는 '사람 중심의 상생 안전'을 강조하며 협력업체와의 상생안전 체계도 강조해오고 있다. 협력업체 임직원에 대한 차별 없이 본사 임직원과 동일한 사무실과 휴게시설을 지원하고, 협력사 전용 포탈을 구축해 체계적인 안전관리를 가능케 했다.또한 안전·보건·환경(SHE) 전담 조직 구성 및 협력사를 위한 위험성 평가 컨설팅, 작업중지권 보장, 멘토-멘티 프로그램과 건강증진 프로그램까지 운영하며 협력사와의 동반성장을 넘어 현장의 자율안전문화 확산에까지 추구해 나가고 있다.삼성바이오로직스는 이 같은 노력을 인정받아 2024년에도 산업안전보건 우수사업장, 건강친화기업 장관상, 연구실 안전 최우수 기관 선정 등 다양한 분야에서 수상하며 사회 전반에 대한 파급 효과를 만들어가고 있다.또한 삼성바이오로직스는 올해 이른 장마 종료로 인한 강한 폭염에 대비해 온열질환 예방을 통한 안전문화 확산에도 노력하고 있다. 지난 14일에는 중부지방고용노동청 및 협력업체와 함께 온열질환 예방 및 대·중소기업 안전문화 확산 캠페인을 개최했다.이날 삼성바이오로직스는 자체적으로 실시하고 있는 온열질환 예방 대책을 공유하고 세부 방안을 논의하는 한편 협력업체에 온열질환 예방키트를 전달하는 시간을 가졌다.노균 삼성바이오로직스 부사장은 ""안전은 함께 지켜야 할 최우선 가치""라며 ""생명과 안전을 최우선으로 하는 조직문화를 구축하기 위해 전사 차원의 안전보건 활동을 지속해서 확대해나가겠다""고 말했다.오현아 기자 5hyun@hankyung.com",https://www.hankyung.com/article/202507248938i,2025.07.24 10:22
"코스피, 미중 긴장 완화에도 강보합 그쳐…2차전지주 약세",,"사진=뉴스1

                코스피가 강보합세로 마감했다. 미국과 중국이 관세 전쟁에서 한발씩 물러서면서 우려가 완화됐지만, 힘을 내지 못했다. 외국인은 5거래일째 순매수를 이어갔고, 개인과 기관은 주식을 팔았다.13일 코스피는 전일 대비 1.09포인트(0.04%) 오른 2608.42에 거래를 마쳤다. 개장 후 보합권에서 등락을 거듭하다가 그대로 마감됐다.외국인이 유가증권시장에서 1733억원어치 주식을 사들였다. 코스피200선물도 663억원어치를 순매수했다. 반면 개인과 기관은 각각 1368억원어치와 909억원어치의 주식을 순매도했다.시가총액 상위 종목 중에서는 상승세가 우세했다. 삼성전자는 1.22% 하락했지만, SK하이닉스는 1.79% 올랐다.삼성바이오로직스와 셀트리온은 각각 0.91%와 1.65% 올랐다. 도널드 트럼프 미국 대통령이 약가 인하에 대한 행정명령에 서명해 바이오시밀러 사용이 확대될 가능성이 기대된 영향이다.현대차와 기아는 각각 0.46%와 1.41% 상승했다.한화에어로스페이스는 1.95% 하락했다. 관세 우려가 완화되자, 관세 우려 확대 국면에서 주가가 많이 오른 이 종목에 대한 차익실현 매물이 나왔다.LG에너지솔루션은 미국 공화당이 전기차 보조금과 2차전지에 대한 첨단제조세액공제(AMPC)를 축소하는 내용의 미국인플레이션감축법(IRA) 수정법안을 발의했다는 소식에 2.95% 하락했다.다만 HD현대중공업은 장중 약세를 보이다가 상승전환해 1.24% 올랐다.코스닥은 전일 대비 6.48포인트(0.89%) 오른 731.88에 거래를 마쳤다. 이 시장에서는 기관과 외국인이 각각 594억원어치와 409억원어치 주식을 순매수한 반면, 개인은 872억원어치를 팔았다.코스닥 시가총액 상위 종목은 대체로 올랐다.특히 바이오주들의 강세가 두드러졌다. 펩트론은 13.8% 급등했다. 알테오젠(3.57%), 클래시스(1.55%), 리가켐바이오(2.78%) 등도 상승했다.반면 에코프로비엠과 에코프로는 각각 3.42%와 1.57% 하락했다.서울외환시장에서 원·달러 환율은 전일 대비 0.6원(0.04%) 오른 달러당 1417.6원에 거래되고 있다.한경우 한경닷컴 기자 case@hankyung.com",https://www.hankyung.com/article/2025051300666,2025.05.13 15:46
"코스피, 미 관세 우려 완화에 강보합…코스닥은 하락 전환","외국인 '팔자' 지속
유심 해킹사고 SKT 5% 하락","사진=연합뉴스

                28일 코스피지수가 미 관세 불확실성이 차츰 걷히면서 상승세를 나타내고 있다. 다만 기업들의 실적 발표를 앞두고 경계감에 상단은 제한되는 모습이다. 코스닥지수는 장중 하락으로 전환했다.이날 오전 11시6분 현재 코스피지수는 전 거래일 대비 6.71포인트(0.26%) 오른 2553.01을 기록 중이다.미 관세 전쟁에 대한 불안감이 서서히 잦아들면서 투자심리가 개선되고 있는 데 따른 것으로 풀이된다. 지난주 마지막 거래일 뉴욕증시도 관세 갈등이 최악을 지났다는 인식에 4거래일 연속 상승세를 이어갔다.다만 외국인 매도세는 이어지고 있다. 이 시각 현재 유가증권시장에서 외국인은 971억원 순매도하고 있다. 기관과 개인은 각각 779억원과 10억원 매수우위다.코스피 시가총액 상위기업들은 혼조세다. 삼성전자, LG에너지솔루션, 삼성바이오로직스, 한화에어로스페이스, 셀트리온, 기아, 네이버, 한화오션이 오름세다.반면 SK하이닉스, HD현대중공업은 하락하고 있다. 현대차, KB금융, 현대모비스는 보합권에서 움직이고 있다.유심 해킹사고가 발생한 SK텔레콤은 장중 5% 넘게 떨어지고 있다. 호텔신라는 실적 턴어라운드 기대감에 11%대 뛰고 있다. 고려아연도 10% 급등하고 있다.코스닥지수는 하락으로 방향을 잡았다. 이 시각 현재 코스닥지수는 0.83% 떨어진 723.65를 기록 중이다.노정동 한경닷컴 기자 dong2@hankyung.com",https://www.hankyung.com/article/2025042800236,2025.04.28 11:12
"19일, 거래소 기관 순매도상위에 운수장비 업종 4종목",,"기관 투자자는 19일 거래소에서 삼성전자, 한화오션, 한화비전 등을 중점적으로 매도한 것으로 나타났다.기관 투자자의 순매도 상위 20개 종목은 삼성전자, 한화오션, 한화비전, SK하이닉스, KODEX 200, KB금융, 크래프톤, TIGER 200, 삼성바이오로직스, LG에너지솔루션등이다.이중에 운수장비 업종에 속한 종목이 4개 포함되어 있다.KODEX 200, TIGER 200, 두산 등은 전일 대비 주가가 상승했고, 삼성전자, 한화오션, 한화비전 등은 주가가 하락했다.[06월19일]거래소 기관 순매도 상위 종목한경로보뉴스이 기사는 한국경제신문과 금융 AI 전문기업 씽크풀이 공동 개발한 기사 자동생성 알고리즘에 의해 실시간으로 작성된 것입니다.",https://www.hankyung.com/article/202506197075L,2025.06.19 18:35
"21일, 외국인 거래소에서 유한양행(-4.62%), 셀트리온(+0.5%) 등 순매도",,"외국인 투자자는 21일 거래소에서 유한양행, 셀트리온, 삼성바이오로직스 등을 중점적으로 매도한 것으로 나타났다.외국인 투자자의 순매도 상위 20개 종목은 유한양행, 셀트리온, 삼성바이오로직스, 현대차, 카카오페이, HD한국조선해양, PI첨단소재, LIG넥스원, 현대차우, 엘앤에프등이다.이중에 운수장비 업종에 속한 종목이 4개 포함되어 있다.셀트리온, HD한국조선해양, PI첨단소재 등은 전일 대비 주가가 상승했고, 유한양행, 삼성바이오로직스, 현대차 등은 주가가 하락했다.[07월21일]거래소 외국인 순매도 상위 종목한경로보뉴스이 기사는 한국경제신문과 금융 AI 전문기업 씽크풀이 공동 개발한 기사 자동생성 알고리즘에 의해 실시간으로 작성된 것입니다.",https://www.hankyung.com/article/202507212794L,2025.07.21 18:35
"[구영권의 글로벌 바이오헬스케어 투자 브리핑] 中 항서제약 홍콩 이중 상장으로 12.6억달러, 美 근골격 질환 특화 ‘힌지 헬스’ 4.3억달러 조달",글 구영권 스마일게이트인베스트먼트 대표,,https://www.hankyung.com/article/202506309832i,2025.07.08 08:48
제2 삼양식품 찾아라…K온수기·변압기·보톡스 수출 '훨훨',"한경Aicel 분석

1일 통계 확인 후 주가 치솟아
소비재 수출 성장에 주목","‘삼양식품을 이을 대박 종목은?’K푸드와 K뷰티, K바이오 등 소비재 업종의 수출 통계에 주목하는 투자자가 늘고 있다. ‘불닭볶음면’을 생산하는 삼양식품 경남 밀양공장의 수출 물량 확대가 시차를 두고 삼양식품 주가에 반영되는 등 수출 통계가 주가의 선행 지표로 자리잡고 있어서다. 특히 최근 글로벌 시장에서 소비재 업종의 경쟁력 강화가 두드러지면서 열흘마다 나오는 수출 실적 통계에 따라 주가가 급등락하는 사례도 잦아졌다.
                    






이미지 크게보기



 ◇ 수출 실적 따라 주가도 웃어한국거래소에 따르면 투자자는 지난 2일 바이오와 화장품, 식품업종 주식을 집중 매수했다. 증시가 휴장한 1일 발표된 4월 수출 통계에서 낙관적 실적 흐름을 확인했기 때문이다.우선 ‘KRX 300 헬스케어’ 지수가 30여 KRX 주가지수 가운데 가장 높은 1.26%의 상승률을 나타냈다. 개별주에선 K바이오 수출을 주도하는 삼성바이오로직스가 108만5000원으로 3.14% 뛰었고, 코스닥 대장주 알테오젠은 1.57% 올랐다. 펩트론(4.29%), 에이비엘바이오(3.99%), 대웅제약(3.55%) 역시 오름폭이 컸다.K뷰티와 K푸드 주식도 강세를 보였다. ‘HANARO K-뷰티’ 상장지수펀드(ETF)가 1.00% 올랐고, ‘HANARO Fn K-푸드’ ETF는 1.07% 상승했다. K뷰티 글로벌 유통 플랫폼 기업 실리콘투가 3.36% 올랐고, 삼양식품이 1.86% 상승했다.대체 데이터 플랫폼 한경에이셀(Aicel)에 따르면 한국의 바이오의약품 잠정 수출금액은 지난달 6억1208만달러(약 8600억원)로 전년 동월 대비 24.5% 급증했다. 화장품과 가공식품 수출도 전년 동월 대비 각각 17.4%, 20.1% 증가한 것으로 나타났다. 한 자산운용사 펀드매니저는 “바이오헬스와 화장품, 농수산식품 등 유망 수출 품목의 성장세가 두드러지고 있다”며 “매달 1, 11, 21일 정부가 발표하는 수출 통계가 관련주에 미치는 영향력도 함께 커지는 분위기”라고 말했다. ◇ 온수기·변압기 수출도 관심미국 시장 의존도가 높은 가스온수기와 변압기 관련주도 크게 올랐다. ‘관세 충격’ 우려와 달리 탄탄한 수출 실적을 이어간 덕분이다. 전체 매출의 60% 이상을 북미에서 올리는 경동나비엔이 지난 2일 5.24% 급등했다. 경동나비엔의 지난 1년 주가 상승률은 39.23%다. HD현대일렉트릭은 변압기 수출 급증 소식에 5.04% 뛰었다. 효성중공업과 LS일렉트릭도 각각 3.58%, 3.44% 상승했다. 한경에이셀에 따르면 가스온수기의 지난달 잠정 수출금액은 전년 동월 대비 29.0% 급증했다. 해당 수출의 90% 안팎은 경동나비엔 공장이 있는 경기 평택에서 이뤄진다. 중대형 변압기 수출은 4월에 91.6% 급증했다.투자자는 최근 라이신(동물용 영양제) 수출에도 주목하고 있다. 유럽연합(EU)이 지난 1월부터 중국산 저가 라이신에 반덤핑 관세를 매기기 시작하면서 국내 업체의 반사이익 기대가 커졌기 때문이다. 지난달 라이신 수출은 162% 늘었고, 라이신을 수출하는 대상의 주가는 지난 2일 2.30% 올랐다. ◇ 역대 최대 수출 지속 기대정부는 미국의 관세 조치 등 불확실성에도 K소비재 수출은 계속 증가할 것으로 낙관하고 있다.산업통상자원부에 따르면 한국의 농수산식품 4월 잠정 수출금액은 전년 동월 대비 8.6% 늘어난 11억달러로 역대 최대를 기록했다. 변압기를 포함하는 전기기기 수출도 4월에 역대 최대였다. 화장품은 20.8% 늘어난 10억달러로 역대 4월 가운데 최대를 경신했다. 안덕근 산업부 장관은 “4월에 농수산식품, 화장품, 전기기기가 역대 4월 중 최대 수출 실적을 경신했다”며 “대외 환경의 불확실성 속에서 우리 기업의 수출 경쟁력 유지를 위해 가용한 모든 자원을 집중할 것”이라고 말했다.이태호 기자 thlee@hankyung.com",https://www.hankyung.com/article/2025050428491,2025.05.04 18:00
"[박대석 칼럼] 코리아 헤게모니, 홍익인간 정신으로 쓰는 새로운 세계사","한경닷컴 더 라이프이스트

지구가 당면한 거의 모든 문제를 푸는 해법,
자유민주주의 업그레이드 대안","필자가 감마로 생성한 코리아 헤게모니 이미지

▲ 들어가며, 한반도를 넘어선 새로운 비전과 현실적 도전한국을 둘러싼 강대국들 사이에서 우리는 자신을 작은 나라로 여기는 경우가 많다. 하지만 이는 우리의 진정한 역량을 과소평가하는 것일 수 있다. 우리의 고대사가 보여주듯, 한반도는 결코 변방이 아니었다.만주와 중원을 아우르던 역동성, 끊임없이 대륙과 해양을 연결하던 개방성은 오늘날 한국을 세계 10위권 경제 대국으로 만든 원동력이 되었다.이제는 한반도라는 지리적 한계를 넘어 '코리아 헤게모니'라는 새로운 지평을 열어야 할 때이다. 여기서 말하는 헤게모니는 군사적 지배나 경제적 착취를 통한 서구식 패권과는 본질적으로 다르다. 우리가 추구하는 것은 강제가 아닌 모범을 통해, 지배가 아닌 협력을 통해 자연스럽게 국제사회의 존경과 신뢰를 얻는 '새로운 패러다임의 리더십'이다.이는 홍익인간 정신을 현대적으로 구현한 '상생 주도권'이라고 할 수 있다. 전통적인 헤게모니가 제로섬 게임의 논리라면, 코리아 헤게모니는 모든 참여자가 함께 승리하는 상생의 논리를 바탕으로 한다.그러나 이러한 비전의 실현은 결코 자동적이지 않으며, 서구 중심의 국제질서, 강대국들의 견제, 그리고 우리 내부의 정치적 한계라는 현실적 도전에 직면해 있다는 점을 냉정히 인식해야 한다. ▲ 위기의 시대, 홍익인간 사상의 절대적 필요성




필자 작성

                21세기 인류는 전례 없는 복합위기에 직면해 있다. 기후변화로 인한 생존 위기, 각국의 고립주의 회귀로 인한 국제협력 파괴, 권위주의의 확산과 민주주의 후퇴, 그리고 곳곳에서 벌어지는 전쟁과 갈등까지. 이 모든 문제는 근본적으로 인간이 자연을 정복 대상으로 보고, 타자를 경쟁과 지배의 대상으로 여기는 사고에서 비롯되었다.바로 여기서 홍익인간 사상의 절대적 필요성이 드러난다. 홍익인간은 단순한 한국의 건국이념이 아니다. 이는 인간과 자연, 그리고 모든 생명체가 조화롭게 공존하는 길을 제시하는 보편적 사상이다. 기후 위기든, 국제 갈등이든, 전체주의 위협이든, 그 모든 해결책의 핵심은 '나만 잘 살면 된다'는 이기주의를 버리고 '모두가 함께 잘 사는 길'을 추구하는 홍익인간 정신에 있다.그리고 이 홍익인간 사상을 실천할 수 있는 역량과 자격을 갖춘 나라가 바로 대한민국이다. 우리는 이미 기술혁신을 통해 기후 문제 해결의 열쇠를 쥐고 있고, 문화적 소프트 파워로 분열된 세계를 하나로 묶을 수 있으며, 민주주의의 성숙과 평화 지향의 경험으로 전체주의에 맞설 도덕적 권위를 확보했다. 이것이 바로 코리아 헤게모니가 단순한 국가적 야망이 아닌 인류를 위한 절실한 필요인 이유이다.▲ 한국의 핵심 역량, 4차 산업혁명의 선도자 기술혁신의 절대 강자, 그러나 지속성에 대한 냉정한 성찰 필요한국은 전 세계 메모리 반도체 시장의 70% 이상을 장악하고 있다. 삼성전자와 SK하이닉스는 3나노 공정 기술과 차세대 AI 반도체 개발에서 글로벌 리더십을 발휘하고 있다. 이는 단순한 제조업 경쟁력을 넘어서 4차 산업혁명 시대의 핵심 인프라를 제공하는 전략적 우위를 의미한다.기후변화라는 인류 공동의 위기 앞에서 한국의 배터리 기술은 희망의 등불이 되고 있다. LG에너지솔루션, 삼성 SDI, SK온은 전 세계 전기차 배터리 시장의 30% 이상을 점유하며, 전고체 배터리와 차세대 에너지 저장 기술에서 혁신을 주도하고 있다. 이는 탄소중립이라는 인류 공동의 목표 달성에 직접적으로 기여하는 홍익인간 정신의 현대적 실현이다.그러나 한국의 기술 우위는 영구불변이 아니다. 글로벌 공급망의 불안정성, 미중 기술 경쟁의 심화, 그리고 중국과 인도 등 후발 주자들의 빠른 추격은 우리의 독점적 지위를 위협하고 있다. 더욱이 기술 패권 경쟁이 심화하면서 핵심 기술에 대한 접근 제한과 공급망 분리 압력이 증가하고 있다.따라서 우리의 기술적 우위를 지속하기 위해서는 지속적인 연구·개발 투자 확대, 세계 최고 수준의 인재 양성, 그리고 선택적이고 전략적인 국제 협력 네트워크 구축이 필수적이다. 특히 양자컴퓨팅, 생명공학, 우주항공 등 차세대 기술 분야에서의 선제적 투자와 국제 표준 선점이 중요하다.AI 시대의 실 산업 활용 강국AI 기술 자체는 이미 상향 평준화되었다. 오픈 AI, 구글, 아마존이 제공하는 AI 모델들은 전 세계 누구나 접근할 수 있는 공통 자산이 되었다. 진정한 경쟁력은 이제 이러한 AI 기술을 실제 산업에 얼마나 효과적으로 활용하느냐에 달려 있다.바로 여기서 한국의 독보적 강점이 드러난다. 제조업과 IT 인프라의 결합, 빠른 의사결정 구조, 그리고 실험정신이 강한 국민성이 AI를 실 산업에 적용하는 데 최적화된 환경을 만들어낸다. 삼성전자의 스마트 팩토리, 현대자동차의 AI 기반 자율주행, 포스코의 AI 제강 시스템 등은 AI 기술을 실제 산업 현장에 성공적으로 접목한 세계적 사례들이다.네이버의 하이퍼 클로버 X와 카카오브레인의 KoGPT는 한국어 특화 AI로서 K-컬처와 결합하여 글로벌 AI 생태계에서 차별화된 위치를 확보하고 있다. 양자컴퓨팅 분야에서도 삼성전자의 양사닷 기술과 KIST의 양자컴퓨터 개발 성과는 이미 세계적 주목을 받고 있다.한강의 기적 2.0, 디지털 경제의 새로운 패러다임전쟁의 폐허 속에서 불과 반세기 만에 이룩한 경제 성장은 '한강의 기적'이라 불리며 전 세계 개발도상국에 희망을 주었다. 이제 우리는 '한강의 기적 2.0'을 통해 디지털 경제의 새로운 패러다임을 제시하고 있다.K-유니콘 기업들의 글로벌 성공(쿠팡, 크래프톤, 야놀자 등), 핀테크 혁신(토스, 카카오페이), 그리고 바이오 기술의 약진(셀트리온, 삼성바이오로직스)은 한국이 단순한 제조업 강국을 넘어 혁신 경제의 리더로 도약하고 있음을 보여준다. 이러한 성장의 경험과 노하우를 개발도상국과 공유하는 것은 모든 생명체를 이롭게 하는 홍익인간 정신의 실천이 될 것이다.▲ 문화적 소프트 파워, K-컬처를 통한 세계 정복K-Pop, K-Drama, K-Movie를 넘어 K-Food, K-Fashion, K-Beauty까지, 한국 문화는 이제 전 세계 젊은이들의 라이프스타일을 바꾸고 있다. BTS의 빌보드 석권, 오징어게임의 넷플릭스 신기록, 기생충의 아카데미 4관왕은 단순한 문화적 성취를 넘어 한국의 창의력과 문화적 역량을 세계에 증명했다.더 중요한 것은 이러한 문화적 매력이 정치·경제적 소프트 파워로 전환되고 있다는 점이다. 한류를 통해 한국에 관심을 갖게 된 전 세계 젊은이들이 한국어를 배우고, 한국 기업의 제품을 선호하며, 한국의 가치와 생활방식에 공감하고 있다. 이는 문화적 다양성을 존중하며 모두가 행복해지는 홍익인간 정신을 전파하는 강력한 통로이다.한국의 독특한 강점은 문화와 기술이 융합된 창조 생태계이다. 게임 산업에서 축적된 그래픽 기술과 스토리텔링 역량이 메타버스와 AI 기술과 결합하여 새로운 형태의 디지털 콘텐츠를 창조하고 있다. 이는 단순한 오락을 넘어서 교육, 의료, 도시계획 등 다양한 분야에 응용되며 기술을 통한 인간 삶의 질 향상이라는 홍익인간 정신을 구현하고 있다.▲ 민주주의의 새로운 모델, 자유민주주의 2.0우리는 독재를 이겨내고 민주주의를 꽃피웠다. 하지만 87년 민주화 운동에서 시작된 한국의 민주주의 경험은 단순히 서구 모델을 이식한 것이 아니다. 우리는 홍익인간 정신이 깃든 독특한 민주주의를 발전시켜 왔다.서구 민주주의가 개인의 권리와 자유에 중점을 둔다면, 한국의 민주주의는 여기에 공동체적 상생과 조화의 가치를 더했다. 촛불혁명에서 보여준 시민들의 질서 정연하고 평화로운 시위, 코로나19 위기 상황에서 보여준 개인의 자유와 공동체의 안전 사이의 절묘한 균형, 그리고 북한과의 평화 공존을 추구하는 끈질긴 노력 등은 모두 홍익인간 정신이 현대 민주주의와 결합한 결과이다.이는 '자유민주주의 2.0'이라고 할 수 있다. 기존 자유민주주의의 핵심 가치인 자유, 평등, 인권을 계승하면서도 개인주의의 폐해를 극복하고 지속이 가능한 공동번영을 추구하는 새로운 민주주의 모델이다.▲ 홍익인간 정신, 21세기 글로벌 리더십의 철학적 토대




필자 작성

생태 철학적 재해석: 기후 위기의 근본 해법21세기 인류가 직면한 최대 위기는 기후변화이다. 그 근본 원인은 인간이 자연의 정복자처럼 행동하며 지구 자원을 무분별하게 파헤쳐온 데 있다. 산업혁명 이후 서구의 인간 중심적 사고가 지배하면서 자연을 단순한 개발 대상으로 여겨온 결과이다.바로 여기서 홍익인간 사상의 현대적 의미가 인류 구원의 열쇠로 떠 오른다. 홍익인간은 단순히 '인간을 이롭게 한다'는 의미가 아니다. 고대 한민족의 세계관에서 '인간(人間)'은 하늘과 땅, 즉 자연과 조화를 이루는 존재를 의미했다. 따라서 홍익인간은 '자연과 인간이 함께 번영하는 길'을 추구하는 생태 철학적 이념이며, 이는 현재 인류가 직면한 모든 위기의 근본 해법이다.자유민주주의 업그레이드의 대안트럼프 재집권 이후 미국의 고립주의 회귀, 권위주의적 확산과 자유민주주의 가치에 대한 도전, 그리고 전 세계적으로 확산하는 배타적 민족주의는 자유민주주의 체제 자체의 한계를 노출하고 있다.현재 자유민주주의가 직면한 위기의 근본 원인은 개인의 자유만 강조하고 공동체적 책임을 소홀히 한 데서 비롯된 분열과 갈등이다. 포퓰리즘의 확산, 양극화의 심화, 사회적 연대의 약화 등은 모두 자유민주주의의 구조적 한계에서 나온 부작용들이다.이런 시대에 홍익인간 사상은 자유민주주의의 근본이념을 계승하면서도 그 한계를 극복할 수 있는 업그레이드된 민주주의 모델을 제시한다. 개인의 자유와 권리를 존중하되, 그것이 공동체 전체의 번영과 조화로 이어져야 한다는 '책임 있는 자유'의 개념을 제시한다.평화적 갈등 해결의 모델, 북한 문제와 현실적 제약우크라이나 전쟁, 중동 갈등, 대만 해협 위기 등 전 세계 곳곳에서 벌어지는 무력 충돌은 인류 문명을 후퇴시키고 있다. 이 모든 갈등의 근본에는 '힘의 논리'와 '제로섬 게임' 사고가 자리하고 있다.홍익인간 사상은 이와 정반대의 철학을 제시한다. '함께 살면 모두가 이기고, 혼자 살려 하면 모두가 진다'는 상생의 논리이다. 분단 상황에서도 평화통일을 지향하는 한국의 경험은 바로 이러한 홍익인간 정신의 실천이다.그러나 북한 문제는 홍익인간 정신 실현의 가장 큰 시험대이자 난제이다. 홍익인간 정신에 기반한 '평화통일 모델'은 국제사회에 큰 울림을 줄 수 있으나, 이를 위해서는 비핵화를 포함한 현실적이고 단계적인 북한과의 관계 개선 로드맵, 그리고 국제사회의 지지를 확보할 수 있는 설득력 있는 외교가 병행되어야 한다. 북한의 체제 특성상 일방적인 선의만으로는 한계가 있으며, 상호 이익에 기반한 실용적 접근과 국제적 다자 협력 체계 구축이 필요하다.▲ 코리아 헤게모니 실현 전략, 도전과 현실적 대응 홍익인간 사상의 국제적 수용성 확보, 체계적 공공외교 전략홍익인간 사상이 보편적 가치로 인정받기 위해서는 막대한 시간과 노력이 필요하다. 서구 중심의 국제 질서에서 동양 철학이 주류 담론으로 자리 잡기까지는 패권적 사고방식의 관성을 돌파해야 하는 어려움이 있다.이를 위해 다층적이고 정교한 공공외교 및 문화외교 전략이 필요하다. 먼저 문화권별 맞춤형 접근이 중요하다. 서구권에는 기후 위기와 민주주의 위기 해결이라는 실용적 가치를, 이슬람권에는 공동체 중심의 상생 가치를, 아프리카에는 지속이 가능한 발전 모델을 강조하는 차별화된 메시지 전략이 필요하다.구체적으로는 하버드, 옥스퍼드, 소르본, 카이로대학 등 세계 유수 대학과의 장기적 공동연구 프로그램을 통해 홍익인간 사상의 학술적 기반을 구축해야 한다. 또한 다보스 포럼, 뮌헨 안보 회의, 보아오 포럼 등 주요 국제회의에서 '홍익인간 세션'을 정례화하고, CNN, BBC, 알자지라 등 글로벌 미디어와의 전략적 파트너십을 통해 지속적인 담론 확산을 추진해야 한다.강대국 견제와 내부 저항에 대한 전략적 대응'코리아 상생 주도권'이 성공적일수록 기존 패권국들의 견제나 흡수 시도가 증가할 것이다. 이에 대비한 전략적 방어 및 우회 전략이 필요하다.첫째, 다자주의와 중견국 연대를 통한 국제적으로 지지 기반 확보이다. 멕시코, 인도네시아, 대한민국, 튀르키예, 호주로 구성된 믹타(MIKTA)를 넘어서 더 광범위한 중견국 네트워크를 구축하고, G20, OECD 등에서 '상생 경제 모델'을 지속해서 의제화해야 한다.둘째, 선택적 협력과 전략적 자율성의 균형이다. 미중 대립 구도에서 일방적으로 편을 들기보다는, 이슈별로 우리의 국익과 인류의 이익을 최우선으로 하는 실용적 접근이 필요하다.셋째, 내부 정치 개혁을 통한 추진 동력 확보이다. 중앙공천제 폐지와 오픈 프라이머리 도입은 기득권 세력의 강력한 저항에 부딪힐 것이다. 이를 돌파하기 위해서는 초당적 정치개혁위원회 구성, 시민사회 주도의 개혁 운동, 그리고 국민적 합의를 끌어낼 수 있는 강력한 정치 리더십이 필요하다.기술 표준화 주도권과 국제 네트워크 구축기술 패권 시대의 핵심은 표준화 주도권이다. 한국은 5G, 6G 통신 기술, 차세대 배터리, AI 반도체 등 핵심 분야에서 국제표준 제정을 주도하고 있다. IEEE, ITU, ISO 등 국제기구에서 한국 전문가들의 영향력을 더욱 확대하고, AI 윤리 가이드라인과 6G 기술 표준 제정에서 홍익인간 철학을 반영한 인간 중심적 기술 개발 원칙을 국제 표준으로 확립해야 한다.중견국 외교의 새로운 모델과 코리아 이니셔티브한국은 특정 강대국에 맹목적으로 의존하는 것을 넘어 국익을 최우선으로 하는 능동적인 균형 외교를 펼쳐야 한다. 동시에 중견국 연대의 구심점 역할을 통해 기후변화, 팬데믹, 디지털 격차 등 인류 공동의 문제 해결에 주도적인 역할을 해야 한다.구체적으로는 '홍익인간 국제협력체'를 2026년까지 출범시켜 베트남, 인도네시아, 필리핀 등 아세안 국가들과 기후변화 대응과 디지털 전환을 공동 추진하고, 이를 단계적으로 아프리카와 중남미로 확대해야 한다.또한 2030년까지 UN 안보리 비상임이사국 재진출, 2035년까지 UN 사무총장 배출을 목표로 하는 장기적 전략을 체계적으로 추진해야 한다. 이를 위해서는 개발도상국들과의 실질적 협력 성과를 축적하고, 평화 중재와 기후변화 대응에서 가시적인 리더십을 발휘해야 한다.▲ 정치혁신, 비전 실현의 전제조건 4류 정치의 근본 원인과 구조적 개혁한국의 정치 수준이 낮은 근본 원인은 중앙공천제에 있다. 정치인들이 국민이 아닌 당 지도부 눈치만 보며 줄 서기에 급급하고, 지역구 챙기기와 당파적 이익에만 매몰되는 모든 병폐가 바로 여기서 나온다. 이는 코리아 헤게모니라는 대국적 비전을 실현하는 데 치명적인 장애물이다.정치혁신 없이는 아무리 뛰어난 기술력과 문화적 역량이 있어도 진정한 글로벌 리더십을 발휘할 수 없다. 세계 10위 경제 대국, 기술 선도국의 위상에 걸맞지 않은 정치 수준이 국가 브랜드를 깎아내리고 있다.오픈 프라이머리와 시민사회 주도의 개혁정치권이 기득권을 내려놓고 중앙공천제를 정말 폐지해야 한다. 오픈 프라이머리 제도를 도입하여 유권자가 직접 후보를 선택할 수 있게 하면, 정치인들의 언행과 정책이 근본적으로 변화할 것이다.그러나 이러한 개혁은 기득권 세력의 강력한 저항에 부딪힐 것이다. 따라서 시민사회가 주도하는 정치개혁 운동, 여야를 아우르는 초당적 개혁위원회 구성, 그리고 국민적 합의를 바탕으로 한 단계적 추진 전략이 필요하다. 지방선거부터 시작하여 점진적으로 확대하는 방식으로 정치 문화의 변화를 끌어내야 한다.▲ 학술적 이론화와 글로벌 담론 형성 한국형 국제정치학의 정립이러한 '코리아 헤게모니'의 비전을 현실화하기 위해서는 우리 학자들이 이론적 배경과 전략적 틀을 제공해야 한다. 단순히 강대국의 시각을 답습하는 것이 아니라 한국의 역사와 특수성, 그리고 글로벌 경쟁력을 기반으로 한 **'한국형 국제정치 이론'**을 정립해야 한다.특히 도덕과 철학, 종교를 아우르는 홍익인간 정신을 현대 국제정치와 경제 체제에 적용할 수 있는 보편적 원리로 발전시켜야 한다. 이는 정책 입안자들에게 명확한 방향성을 제시하고, 우리의 비전을 국제사회에 설득력 있게 전달하는 데 필수적이다.체계적 소통 전략과 문화 간 대화홍익인간 기반의 새로운 패러다임을 국제사회에 효과적으로 제시하기 위해서는 문화권별 특성을 고려한 맞춤형 소통 전략이 필요하다.서구권에는 기후 위기 해결과 민주주의 혁신이라는 실용적 가치를 강조하고, 이슬람권에는 공동체 중심의 상생 철학과의 연결점을 찾으며, 아프리카에는 지속이 가능한 발전과 평화 구축의 모델을 제시해야 한다. 중국을 포함한 동아시아권에는 고대로부터 이어진 조화 사상의 현대적 계승이라는 관점에서 접근할 수 있다.이를 위해 전 세계 주요 대학과의 장기적 공동연구 프로그램, 국제학술지에서의 체계적인 논문 발표, 그리고 글로벌 미디어와의 전략적 파트너십을 통해 홍익인간 사상이 특정 국가의 이념이 아닌 인류 보편의 가치임을 입증해야 한다.▲ 현실적 도전과제에 대한 냉정한 인식 기술적 우위의 지속가능성과 경쟁 심화한국의 기술적 강점은 매우 강력하지만, 영구불변이 아니다. 글로벌 공급망의 불안정성, 미중 기술 경쟁의 심화, 그리고 후발 주자들의 빠른 추격은 우리의 독점적 지위를 위협하고 있다.미래의 끊임없는 혁신 요구에 대비하여 지속적인 연구·개발 투자 확대, 세계 최고 수준의 인재 양성, 그리고 선택적이고 전략적인 국제 협력 네트워크 구축이 필수적이다. 특히 양자컴퓨팅, 생명공학, 우주항공 등 차세대 기술 분야에서의 선제적 투자와 국제 표준 선점이 중요하다.K-컬처의 글로벌 성공은 놀랍지만, 문화 트렌드의 변화 속도는 매우 빠르다. 한류가 일시적 유행을 넘어 지속이 가능한 영향력으로 발전하려면, 보다 깊이 있는 철학적 토대와 구체적인 정책 연계가 필요하다. 단순한 엔터테인먼트를 넘어서 교육, 기술, 라이프스타일 전반에 걸친 종합적인 문화 생태계를 구축해야 한다.국내 정치적 분열과 사회적 갈등코리아 헤게모니라는 대국적 비전을 실현하기 위해서는 국내적으로 강력한 사회적 결속과 정치적 안정이 전제되어야 한다. 그러나 현재 한국 사회는 이념 갈등, 세대 갈등, 지역갈등 등 다양한 분열 요소를 안고 있다.이러한 내부 분열을 극복하고 국민적 합의를 끌어내기 위해서는 포용적 리더십과 함께 구체적이고 실현할 수 있는 미래 비전을 제시해야 한다. 홍익인간 정신이 추상적 이념에 머물지 않고 국민 개개인의 삶에 실질적인 개선을 가져다줄 수 있다는 점을 보여주어야 한다.▲ 나가며, 새로운 세계사의 첫 장을 위한 현실적 로드맵21세기는 기술이 상향 평준화되고, 문화가 마음을 움직이며, 무엇보다 자연과 인간의 조화라는 생태철학이 문명의 방향을 결정하는 시대이다. 동시에 기후 위기, 고립주의 회귀, 권위주의 확산, 전쟁과 갈등의 증폭 등 인류 실존을 위협하는 복합위기의 시대이기도 하다.이 모든 위기의 근본 해법은 이제 명확해졌다. 지구상에 홍익인간 사상을 실천하는 것이다. 그리고 한국은 이 모든 영역에서 세계적 경쟁력을 확보했을 뿐만 아니라, 홍익인간이라는 인류 구원의 사상적 토대를 보유하고 있다.하지만 이러한 비전의 실현은 결코 자동적이지 않으며, 수많은 현실적 도전에 직면해 있다. 서구 중심 국제질서의 관성, 강대국들의 견제, 기술 경쟁의 심화, 내부 정치적 분열, 그리고 홍익인간 사상의 국제적 수용성 확보라는 과제들이 우리를 기다리고 있다.따라서 단계적이고 현실적인 접근이 필요하다. 먼저 국내적으로는 정치 개혁과 사회적 결속을 통해 추진 동력을 확보하고, 대외적으로는 중견국 외교와 다자협력을 통해 점진적으로 영향력을 확대해야 한다. 홍익인간 사상도 한 번에 보편적 가치로 인정받기보다는, 문화권별 특성에 맞는 맞춤형 접근을 통해 서서히 뿌리내려가야 한다.인류 문명이 갈림길에 선 이 절체절명의 순간에, 우리에게는 홍익인간 정신으로 새로운 문명 패러다임을 제시할 역사적 소명이 있다. 그러나 이는 거창한 선언만으로는 실현될 수 없다. 냉철한 현실 인식과 치밀한 전략적 사고, 그리고 끈질긴 실행력이 함께해야 한다.이제는 우리가 쓰는 새로운 세계사의 첫 장을 열 때이다. 한반도라는 지리적 한계를 뛰어넘어 기후 위기의 해결사로서, 권위주의에 맞선 자유민주주의 수호자이자 혁신자로서, 분열된 세계를 하나로 묶는 상생의 중재자로서, 그리고 자연과 인간이 조화롭게 공존하는 홍익인간 문명의 전도사로서 인류의 지속이 가능한 미래를 만들어가는 것.이것이 21세기 대한민국의 소명이며, 인류 문명이 수천 년간 꿈꿔온 진정한 자유와 민주주의를 완성할 역사적 사명이다. 코리아 상생 주도권은 단순한 국가적 야망이 아닌, 자유민주주의의 본래 이상을 실현하기 위한 인류 공동의 과제이다.우리가 모두 함께 써나가야 할 웅장하면서도 현실적인 도전, 그리고 인류 역사상 가장 의미 있고 절실한 기회가 바로 여기에 있다. 그러나 이 기회를 현실로 만들기 위해서는 이상과 현실, 비전과 전략이 균형 잡힌 접근이 필요하다는 점을 결코 잊어서는 안 된다.<한경닷컴 The Lifeist> 박대석""외부 필진의 기고 내용은 본지의 편집 방향과 다를 수 있습니다.""독자 문의 : thepen@hankyung.com",https://www.hankyung.com/thepen/lifeist/article/202507071360Q,2025.07.23 17:18
"수급 개선에 반도체 기대감 겹쳐…미래반도체, 투자자 시선 집중",,"미래반도체가 최근 주식시장에서 강세 흐름을 이어가며 투자자들의 주목을 받고 있다. 반도체 전방 산업에 대한 기대감과 함께, 전일 대비 거래량이 눈에 띄게 증가하며 기술적 지지선 상향 돌파 흐름을 나타냈다. 특히 외국인과 기관의 동반 순매수세가 유입되며 수급 구조에도 긍정적인 변화가 감지되고 있다.투자자들 사이에선 “2차 전지와 인공지능(AI) 기반의 고부가 반도체 수요 증가가 중소형 반도체 설계·제조사에까지 반영되고 있다”는 분석이 제기된다. 미래반도체는 비교적 소형 종목이지만, 안정적인 고객 기반과 일부 특화된 부품 라인업을 보유한 것으로 평가된다.기술적으로는 지난 몇 달간 횡보하던 주가가 최근 박스권 상단을 돌파한 이후, 단기 이동평균선을 상회하는 흐름을 보이고 있다. 이에 따라 단기 추세 전환 여부에 대한 관심도 높아졌다. 일부 시장 전문가들은 “수급 개선과 기술적 반등이 맞물린 구간”이라며 신중하지만 긍정적인 시각을 제시하고 있다.재무적으로는 아직 실적 모멘텀이 뚜렷하지 않다는 의견도 있으나, 반도체 업황 회복에 따른 기저 효과가 반영될 가능성을 염두에 둔 저가 매수 수요도 적지 않다는 분석이다.또한, 최근 국내 반도체 업종 전반에 대한 긍정적인 산업 전망이 지속되면서 중소형 반도체 관련주 전반에 관심이 쏠리고 있는 흐름도 주가에 반영된 것으로 보인다.한 증권업계 관계자는 “변동성이 존재하는 구간이지만, 저평가 매력과 향후 실적 반등 기대를 겸비한 종목에 대해 시장이 재평가하는 흐름이 나타나고 있다”고 설명했다.뉴엔AI, 알테오젠, NAVER, 삼성바이오로직스, 한화에어로스페이스무료상담",https://www.hankyung.com/article/202507109348a,2025.07.10 11:03
"트럼프, 중국과 협상 시사…파월에는 사퇴 압박 [마켓인사이트]",,"영상 모듈 닫기




간밤 뉴욕증시는 도널드 트럼프 미국 대통령의 발언에 오락가락하며 결국 혼조로 마감했습니다. 어닝시즌인만큼 실적에 반응하는 모습도 보였습니다.지난밤 트럼프 대통령은 파월 의장의 해임을 운운하며 금리 인하를 압박하기도 했고, 한편으로는 관세 협상 진전 기대감을 갖게 하는 발언도 했습니다.관세 악재가 걷혀갈지 지켜봐야겠습니다.*주요 이벤트 (한국시간)-LS일렉트릭·한화엔진 실적 (21일)-美 3월 경기선행지수 (21일 밤)-HD현대일렉트릭·한미반도체 실적 (22일)-테슬라 실적 (23일 새벽)-최상목 경제부총리 방미 (23일)-삼성바이오로직스 실적 (23일)-美 연준 베이지북 공개 (24일 새벽)-한국 1분기 성장률 속보치 (24일 오전)-현대차·SK하이닉스·HD한국조선해양 실적 (24일)-美 알파벳·인텔 실적 (25일 새벽)● ""中과 3~4주 내 타결 기대""간밤 트럼프 대통령은 시간대별로 여러 발언을 쏟아냈습니다.먼저 소셜미디어(트루스소셜)를 통해 멕시코 대통령과의 통화, 일본과의 무역협상을 전했는데요, 말미에 또 ‘중국’을 언급한 점에 언론들은 주목했습니다. 중국을 포함해 모든 나라가 만나고 싶어한다고 전한 겁니다.
                    




                이후 이탈리아 총리와의 회담 자리에서 취재진이 중국과의 협상에 대해 묻자 트럼프 대통령은 “우리는 중국과 매우 좋은 협정을 맺을 것”이라고 답했습니다. 나아가 행정명령 서명식에서는 중국과의 협상 타결을 “앞으로 3~4주 정도로 생각한다” 좀 더 구체화했습니다.시진핑 주석과의 대화가 있느냐는 질문에 즉답을 피했지만, 물밑대화가 오고가고 있다는 점을 암시한 것입니다.
                    




                뉴욕증시 3대 지수 지난밤 엇갈렸지만 장중 이런 기대감들이 반영됐습니다. 다만, 중국이 어떤 반응도 내놓지 않고 있기 때문에 트럼프 대통령의 말, 100% 신뢰를 할 수는 없는 상황으로 봐야겠습니다.
                    




● 트럼프, 파월에 사퇴 압박어제 한국은행은 기준금리를 동결한 반면, 지난밤 유럽중앙은행, ECB는 주요 정책금리를 25bp씩 인하했습니다.지난해 6월 통화정책 방향을 전환한 뒤 7번째 금리 인하이고, 작년 9월부터 이번까지 6차례 연속 정책금리를 내렸습니다. 트럼프 관세 불확실성에 따른 하방 위험을 우려하며 경기 방어 의지를 분명히 한 것입니다.
                    




                파월 의장은 전날 트럼프 관세 정책의 불확실성을 좀 더 지켜볼 필요가 있다면서 연준풋에 대한 기대를 소멸시키기도 했는데요, ECB의 금리 인하를 앞두고 트럼프 대통령은 역시 소셜미디어로 제롬 파월 연준 의장의 사퇴를 압박하기도 했습니다.트럼프 대통령은 매번 늦고 틀리는' 파월 의장이 어제도 전형적이고 완벽하게 엉망진창인 보고서를 발표했다고 비난했습니다. 파월 의장의 임기가 내년 5월까지인데 아슬아슬한 동거는 계속될 것으로 보입니다.
                    




<한국경제TV 마켓인사이트>는 증시가 열리는 매일 오전 11시 생방송으로 진행됩니다. 투자에 대한 조언일 뿐 판단은 여러분들의 몫입니다. 전체 방송 내용은 마켓인사이트 홈페이지 또는 유튜브를 통해 확인할 수 있습니다.





                정원우기자 bkjung@wowtv.co.kr",https://www.hankyung.com/article/2025041808445,2025.04.18 15:04
대선 하루 앞둔 코스피 상승세…삼성전자·SK하닉 동반강세,,"사진=연합뉴스

                코스피가 상승세다. 대선을 하루 앞두고 외국인의 현물주식 매수세가 유입되고 있다.2일 오전 9시21분 현재 코스피는 전일 대비 19.98포인트(0.74%) 오른 2717.65에 거래되고 있다. 장중 하락과 상승을 오가고 있다.외국인이 유가증권시장에서 655억원어치 주식을 사고 있다. 반면 기관과 개인은 각각 645억원어치와 111억원어치를 파는 중이다.시가총액 상위 종목들은 대체로 상승세다.삼성전자와 SK하이닉스가 나란히 1% 넘게 오르고 있다.삼성바이오로직스는 0.78% 상승하지만, 셀트리온은 약보합세다.지난주 차익실현 매물이 나왔던 한화에어로스페이스와 HD현대중공업은 각각 2.84%와 3.82% 상승하고 있다.현대차와 기아는 보합권에서 등락 중이다.코스닥은 전일 대비 4.02포인트(0.55%) 내린 738.37에 거래되고 있다. 이 시장에서는 개인이 225억원어치 주식을 사는 반면, 기관은 207억원어치를 팔고 있다.코스닥 시가총액 상위 종목들은 혼조세다.알테오젠은 1.67% 상승하지만, HLB는 2.01% 하락하고 있다. 에이비엘바이오는 2.23% 빠지는 중이다.에코프비엠과 에코프로는 각각 0.89%와 3.39% 상승하고 있다.파마리서치는 3.66% 오르는 중이다.서울외환시장에서 원·달러 환율은 전일 대비 5.3원(0.38%) 내린 달러당 1377.8원에 거래되고 있다.지난 주말 뉴욕증시에서 주요지수는 혼조세로 마감됐다. 미국이 중국과의 ‘제네바 무역합의’의 이행에 대한 불만을 드러내면서 시장이 크게 출렁거렸다. 30일(현지시간) 뉴욕증권거래소(NYSE)에서 다우존스30산업평균지수는 전일 대비 54.34포인트(0.13%) 오른 42,270.07에, 스탠더드앤드푸어스(S&P)500지수는 0.48포인트(0.01%) 내린 5,911.69에, 나스닥종합지수는 62.11포인트(0.32%) 떨어진 19,113.77에 각각 마감됐다.한경우 한경닷컴 기자 case@hankyung.com",https://www.hankyung.com/article/2025060297066,2025.06.02 09:18
[Monthly Figures] 숫자로 보는 제약·바이오산업 주요 이슈와 트렌드,,,https://www.hankyung.com/article/202504292868i,2025.05.07 08:40
"08일, 거래소 외국인 순매도상위에 전기,전자 업종 4종목",,"외국인 투자자는 08일 거래소에서 카카오, NAVER, LG에너지솔루션 등을 중점적으로 매도한 것으로 나타났다.외국인 투자자의 순매도 상위 20개 종목은 카카오, NAVER, LG에너지솔루션, 현대로템, 한미반도체, KT&G, 한미약품, 이수페타시스, 두산, 삼성전자우등이다.이중에 전기,전자 업종에 속한 종목이 4개 포함되어 있다.LG에너지솔루션, 한미반도체, KT&G 등은 전일 대비 주가가 상승했고, 카카오, NAVER, 현대로템 등은 주가가 하락했다.[05월08일]거래소 외국인 순매도 상위 종목한경로보뉴스이 기사는 한국경제신문과 금융 AI 전문기업 씽크풀이 공동 개발한 기사 자동생성 알고리즘에 의해 실시간으로 작성된 것입니다.",https://www.hankyung.com/article/202505081028L,2025.05.08 18:35
"""거래정지 전에 사세요""…증권가 '깜짝 전망' 나온 이 주식 [종목+]","성장 이어간 삼성바이오로직스
거래정지 전 매수 권장 이유 

2분기 실적 호평
하나증권 목표가 상향","사진=게티이미지뱅크 

                삼성바이오로직스가 호실적을 내놓고 가이던스(자체 전망치)도 상향 조정했다. 증권가에서도 호평이 이어진다. 하반기 예정된 인적분할에 따른 거래 정지 기간에 모멘텀이 발생할 수 있다는 관측이 나와 눈길을 끈다.24일 관련 업계에 따르면 삼성바이오로직스는 2분기 연결 기준 매출 1조2899억원, 영업이익 4756억원의 실적을 기록했다. 전년 동기 대비 매출과 영업이익이 각각 11.5%와 9.5% 늘었다. 실적 발표 직전 집계된 컨센서스(증권사 추정치 평균)와 비교하면 매출은 4.5% 못 미쳤지만, 영업이익은 10.1% 웃돌았다.
                    



인천시 연수구 송도국제도시 삼성바이오로직스 전경. 사진=연합뉴스

                김혜민 KB증권 연구원은 “1년 전과 비교해 매출액은 삼성바이오에피스의 바이오시밀러 품목허가에 따른 마일스톤(단계적 기술료)이 없었던 데 따른 기저효과에도 불구하고, 신규 공장들의 가동률 상승으로 탄탄한 성장세를 보였다”고 설명했다.특히 4공장의 가동률 상승이 예상보다 빠르게 진행되는 데 따라 삼성바이오로직스는 올해 매출액 성장률 가이던스를 기존 20~25%에서 25~30%로 올렸다. 이에 따라 증권사 리서치센터들은 삼성바이오로직스의 4공장이 풀가동할 것으로 예상되는 시점을 앞당기며 추정치를 상향했다.김선아 하나증권 연구원은 “2분기 실적에서 원가율 및 판관비의 상승이 예상보다 크지 않았음을 확인했고, 이번 가이던스 상향으로 2027년 차감 전 순이익(EBITDA)를 변경했다”며 삼성바이오로직스에 대한 목표주가를 기존 131만원에서 145만원으로 올렸다.다만 하반기에는 수익성이 악화될 가능성도 지적됐다. 김민정 DS투자증권 연구원은 “18만L 규모의 5공장이 지난 4월부터 가동된 데 따른 감가상각비 반영으로 하반기 수익성은 다소 하향될 가능성이 있다”며 “도널드 트럼프 미국 대통령의 약가 인하 제도는 오리지넉의약품의 약가를 인하해 바이오시밀러의 가격 경쟁력을 약화시킬 가능성이 있다”고 우려했다.이에 따라 주가도 횡보할 가능성이 점쳐졌다. 허혜민 키움증권 연구원은 “주가를 급격히 반전시킬 만한 모멘텀이 부재해 분할 전까지 박스권 흐름이 예상된다”고 말했다.인적분할 이벤트 전 미리 삼성바이오로직스 주식 매수를 권장하는 듯한 분석도 눈길을 끌었다. 김선아 연구원은 “분할 후 또는 거래정지 기간 동안 삼성바이오로직스의 6공장 착공 및 미국 설비 투자 계획, 삼성바이오에피스의 신약 개발 전략 등이 발표될 것으로 전망된다”고 했다. 삼성바이오로직스 주식은 오는 9월29일부터 거래가 정지되며, 10월29일에 재상장된다.한경우 한경닷컴 기자 case@hankyung.com",https://www.hankyung.com/article/2025072481976,2025.07.24 07:58
"'허니문 랠리' 코스피, 4거래일째 상승에 2850선 껑충…코스닥도 1%대↑","외국인, 코스피 순매수 기조 흐름
카카오그룹·지역화폐 관련株 동반 급등","사진=연합뉴스

                새 정부 증시 부양 기대감에 '허니문 랠리'를 펼치고 있는 코스피지수가 4거래일 연속 오르면서 2850선까지 뛰어올랐다. 외국인 투자자는 순매수 기조를 이어갔다.9일 코스피지수는 전 거래일 대비 43.72포인트(1.55%) 오른 2855.77에 거래를 마감했다. 1.05% 상승으로 출발한 코스피지수는 이날 장중 내내 오름폭을 유지하면서 매수 흐름을 이어갔다.코스피지수는 지난 2일 이후 4거래일 연속 상승하면서 2690선에서 2850선으로 뛰어올랐다. 미 고용지표가 호조를 보인데다 새 정부 정책 기대감이 투자심리에 온기를 불어넣고 있는 것으로 풀이된다.코스피에서 외국인 투자자의 순매수세가 이어졌다. 외국인은 이날 유가증권시장에서 9467억원 매수우위였다. 외국인은 4거래일째 순매수세를 나타냈다. 반면 기관과 개인은 각각 7706억원과 1458억원 매도우위였다.코스피 시가총액 상위기업들은 대부분 상승했다. 삼성전자(1.18%), SK하이닉스(2%), 삼성바이오로직스(1.37%), KB금융(4.14%), 현대차(4.32%), 네이버(3.82%) 등이 올랐다. 반면 LG에너지솔루션(-2.06%), 한화에어로스페이스(-2.76%) 등이 하락했다.신성통상은 상장폐지를 위한 공개매수 재추진 소식에 가격제한폭까지 뛰었다. 카카오(16.03%), 카카오뱅크(20.21%), 카카오페이(29.92%) 등 카카오그룹주는 새 정부 정책 기대감에 동반 급등했다. 엘앤에프는 증권가 매도 의견 리포트에 9.51% 급락했다.코스닥지수도 4거래일 연속 상승했다. 이날 코스닥지수는 전 거래일 대비 1.06% 뛴 764.21을 기록했다. 코스닥시장에서도 외국인이 1570억원 순매수였다. 기관과 개인은 각각 420억원과 934억원 매도우위였다.코스닥 시총 상위주들은 등락이 엇갈렸다. 알테오젠(5.16%), 파마리서치(4.59%), 휴젤(5.35%), 리가켐바이오(1.68%), 에이비엘바이오(5.01%) 등이 오른 반면 에코프로비엠(-3.95%), HLB(-1.72%), 에코프로(-2.32%) 등이 하락했다.여당인 더불어민주당이 전국민 재난지원금과 지역화폐 관련 정책을 검토한다는 소식에 헥토파이낸셜(29.97%), 갤럭시아머니트리(29.95%), 다날(29.87%) 등이 상한가로 치솟았다.원·달러 환율은 소폭 떨어졌다. 이날 오후 3시30분 기준 서울 외환시장에서 원·달러 환율은 전 거래일 대비 2원 내린 1356.4원에 주간거래를 마쳤다.노정동 한경닷컴 기자 dong2@hankyung.com",https://www.hankyung.com/article/2025060929816,2025.06.09 15:48
"15일, 거래소 기관 순매수상위에 전기,전자 업종 3종목",,"기관 투자자는 15일 거래소에서 KODEX 레버리지, SK하이닉스, HD현대일렉트릭 등을 중점적으로 사들인 것으로 나타났다.기관 투자자의 순매수 상위 20개 종목은 KODEX 레버리지, SK하이닉스, HD현대일렉트릭, 현대차, LS, KODEX 200, 한국전력, 기아, KODEX 코스닥150레버리지, 신한지주등이다.이중에 전기,전자 업종에 속한 종목이 5개 포함되어 있다.KODEX 레버리지, SK하이닉스, HD현대일렉트릭 등은 전일 대비 주가가 상승했고, 삼성바이오로직스 등은 주가가 하락했다.[04월15일]거래소 기관 순매수 상위 종목한경로보뉴스이 기사는 한국경제신문과 금융 AI 전문기업 씽크풀이 공동 개발한 기사 자동생성 알고리즘에 의해 실시간으로 작성된 것입니다.",https://www.hankyung.com/article/202504153672L,2025.04.15 18:35
"[마켓PRO] '바닥 쳤나'…네이버 집중 매수한 고수들, 삼성重은 순매도",,"※한경 마켓PRO 텔레그램을 구독하시면 프리미엄 투자 콘텐츠를 보다 편리하게 볼 수 있습니다. 텔레그램에서 ‘마켓PRO’를 검색하면 가입할 수 있습니다.





                국내 투자수익률 상위 1％ 고수들이 네이버를 집중 매수하고 있다. 원전주와 건설주 등 새로운 주도주 또한 매수에 나선 모습이다.
                    




                27일 미래에셋엠클럽에 따르면 미래에셋증권 계좌로 주식을 거래하는 수익률 상위 1％의 고수들은 이날 오전 10시까지 네이버를 가장 많이 사들였다. 20만원 안팎을 오르내리다가 18만원대까지 떨어진 네이버를 저가 매수한 것으로 풀이된다. 네이버는 최근 인공지능 관련 사업에 속도를 내고 있다.최근 주도주로 떠오른 원전주도 대거 매수했다. 삼성물산이 순매수 2위, 두산에너빌리티는 4위였다. 삼성물산은 원전 시공 경험이 많은데다 뉴스케일파워 주식까지 대거 갖고 있어 원전 관련주로 떠오르고 있다. 최근 지주사 저 PBR 테마로도 엮여 있다.삼성전자와 삼성전기 등 정보기술(IT) 종목도 각각 순매수 7위와 9위에 올랐다.
                    




                고수들의 순매도 종목 1위는 이틀 연속 삼성중공업이었다. 삼성중공업은 1분기 ‘어닝 쇼크’(실적 충격)를 내면서 상승세가 둔화됐지만 최근 신고가를 찍으며 반등했다. 이에 차익실현 매물이 나온 것으로 풀이된다. 올릭스 이뮨온시아 등 급등한 바이오 종목도 차익실현 매물이 나왔다. 박한신 기자 phs@hankyung.com",https://www.hankyung.com/article/202505278445i,2025.05.27 14:24
,,,https://magazine.hankyung.com/business/article/202506117533b,
외국인 매도에 밀리는 코스피…SK하이닉스 7%↓,,"사진=연합뉴스

                코스피가 약보합세다. 장중 3150선을 위협받을 정도로 밀리기도 했지만, 낙폭을 줄였다. SK하이닉스가 부정적 전망 속에 7% 넘게 하락하고 있다.17일 오전 10시25분 현재 코스피는 전일 대비 11.40포인트(0.36%) 내린 3174.98에 거래되고 있다.3200선을 회복하면서 출발한 코스피는 곧바로 힘이 빠지며 3152.42까지 빠졌지만, 이를 저점으로 낙폭을 일부 줄인 뒤 등락을 거듭하고 있다.외국인이 유가증권시장에서 1563억원어치 주식과 코스피200선물 2494억원어치를 순매도하며 지수를 끌어 내리고 있다. 기관도 현물주식을 1941억원어치 파는 중이다. 개인이 홀로 3062억원어치 주식을 사고 있지만, 지수를 방어하는 데는 힘이 부친 모습이다.시가총액 상위 종목은 대체로 상승세다.하지만 SK하이닉스가 7.09% 하락하며 지수를 짓누르고 있다. 골드만삭스가 투자의견을 중립으로, 대신증권이 메모리반도체 가격 전망을 각각 하향하면서 투자심리가 악화됐다.반면 삼성전자는 1.7% 상승하고 있다.LG에너지솔루션도 1.13% 상승세다. 테슬라가 중국에서 출시할 예정인 6인용 모델Y에 LG에너지솔루션의 니켈·코발트·망간(NCM) 배터리가 사용될 것이라고 알려진 영향으로 보인다.삼성바이오로직스와 셀트리온도 각각 1.13%와 1.19% 상승 중이다.한화에어로스페이스는 3.63% 오르고 있다.코스닥은 전일 대비 0.42포인트(0.05%) 오른 812.65에 거래되고 있다. 이 시장에서는 개인이 1376억원어치 주식을 사는 반면, 외국인과 기관이 각각 1188억원어치와 217억원어치를 파는 중이다.코스닥 시가총액 상위 종목들도 대체로 오르고 있다.특히 펩트론이 14.14% 급등 중이다. 리가켐바이오와 삼천당제약도 각각 1.49%와 2.56% 강세다.반면 알테오젠은 0.41% 내리고 있다.서울외환시장에서 원·달러 환율은 전일 대비 3원(0.22%) 오른 달러당 1390원에 거래되고 있다.한경우 한경닷컴 기자 case@hankyung.com",https://www.hankyung.com/article/2025071740686,2025.07.17 10:36
"21일, 거래소 기관 순매수상위에 화학 업종 2종목",,"기관 투자자는 21일 거래소에서 한국전력, KODEX 레버리지, 삼성바이오로직스 등을 중점적으로 사들인 것으로 나타났다.기관 투자자의 순매수 상위 20개 종목은 한국전력, KODEX 레버리지, 삼성바이오로직스, 신한지주, 한미반도체, KB금융, TIGER 미국테크TOP10 INDXX, 한화솔루션, LS ELECTRIC, LG유플러스등이다.이중에 화학 업종에 속한 종목이 2개 포함되어 있다.한국전력, KODEX 레버리지, 삼성바이오로직스 등은 전일 대비 주가가 상승했고, TIGER 미국테크TOP10 INDXX, LS ELECTRIC, 한화오션 등은 주가가 하락했다.[04월21일]거래소 기관 순매수 상위 종목한경로보뉴스이 기사는 한국경제신문과 금융 AI 전문기업 씽크풀이 공동 개발한 기사 자동생성 알고리즘에 의해 실시간으로 작성된 것입니다.",https://www.hankyung.com/article/202504215937L,2025.04.21 18:35
"코스피, 차익 실현 매물에 2900선 아래로…외인·기관 '팔자'",,"사진=연합뉴스

                13일 코스피지수가 외국인과 기관투자자의 동반 매도세에 장중 약세 흐름을 이어가고 있다. 새 정부 출범 이후 단기 급등한 데 따른 부담으로 차익 실현 매물이 대거 출회되면서 낙폭을 키우고 있다.이날 오전 11시7분 현재 코스피지수는 전날보다 20.2포인트(0.69%) 내린 2899.83을 나타내고 있다. 지수는 이날 0.36% 상승 출발 후 오전 9시9분께를 기점으로 하락 전환해 추세를 유지하고 있다. 유가증권시장에서 외국인과 기관이 각각 270억원과 4521억원 매도 우위인 반면 개인은 4785억원 매수 우위다. 이날 새벽 미국 증시는 강보합으로 마감했다. 지난 12일(현지시간) 다우지수는 0.24% 올랐고 S&P500지수와 나스닥종합지수도 각각 0.38%와 0.24% 상승했다.코스피 시가총액 상위 종목 중 삼성전자, 삼성바이오로직스, LG에너지솔루션, 한화에어로스페이스, 셀트리온 등이 내리는 반면 SK하이닉스, HD현대중공업, 두산에너빌리티, 네이버 등이 오르고 있다.풍산은 단기간 주가가 급등했음에도 여전히 저평가 상태라는 증권가 분석에 20%대 급등세다. 장중에는 52주 신고가를 기록하기도 했다. 현대차와 기아는 1%대 약세다. 도널드 트럼프 미국 대통령이 수입 자동차에 대한 관세를 상향 조정할 수 있다는 소식이 전해지면서다.같은 시각 코스닥지수는 전날보다 18.86포인트(2.39%) 내린 770.59를 나타내고 있다. 이날 지수는 0.41% 오름세로 출발 후 오전 9시5분께를 기점으로 하락 전환해 낙폭을 2% 이상 확대했다. 코스닥시장에서도 외국인과 기관이 각각 1735억원과 415억원 매도 우위인 반면 개인은 2253억원 매수 우위다.코스닥 시총 상위 종목은 대체로 하락세다. 알테오젠, 에코프로비엠, HLB, 에코프로, 레인보우로보틱스, 파마리서치, 휴젤, 펩트론, 리가켐바이오, 클래시스, 삼천당제약, 리노공업 등이 내리고 있다.이날 이스라엘의 이란 공습 소식에 흥구석유가 상한가를 기록했고, 중앙에너비스(27.91%) 극동유화(13.44%) S-Oil(4.9%) SK가스(3.7%) 등 석유주가 급등세다.이날 서울 외환시장에서 원·달러 환율은 전장보다 3.7원 내린 1355원으로 개장했다.고정삼 한경닷컴 기자 jsk@hankyung.com",https://www.hankyung.com/article/2025061329576,2025.06.13 11:21
"코스피, 장중 낙폭 확대로 2550선 후퇴…코스닥 1%대 하락",,"사진=뉴스1

                코스피지수가 30일 외국인과 기관투자자의 동반 매도세에 낙폭을 확대해 2550선에서 움직이고 있다. 5월 황금연휴에 따른 휴장을 앞두고 투자자들의 경계감이 짙어진 모습이다. 이날 오전 10시59분 현재 코스피지수는 전 거래일보다 13.22포인트(0.52%) 내린 2552.2를 기록하고 있다. 지수는 이날 0.17% 하락 출발 후 보합권에서 등락을 거듭하다 오전 9시47분께를 기점으로 낙폭을 확대하고 있다.유가증권시장(코스피)에서 외국인과 기관이 각각 1303억원과 1615억원어치를 팔아치우고 있다. 개인이 나홀로 2632억원어치를 사들이고 있지만 지수 하락을 막기엔 역부족인 모습이다.이날 새벽 뉴욕증시 주요 3대 지수는 동반 강세로 마쳤다. 우량주 30개를 묶은 다우지수는 전장 대비 0.75% 올랐고, S&P500지수와 나스닥종합지수도 각각 0.58%와 0.55% 상승했다. 미국이 주요국과의 무역 협상을 순조롭게 진행할 것이란 기대감에 매수세가 유입된 영향으로 분석된다. 코스피 시가총액 상위 종목 중 SK하이닉스, LG에너지솔루션, 삼성바이오로직스, 현대차, 셀트리온, 기아, HD현대중공업 등이 내리는 반면 한화에어로스페이스, KB금융, 네이버, 신한지주 등이 오르고 있다. 삼성전자는 올 1분기 증권사 전망치를 웃도는 확정 실적을 발표했음에도 약세를 보이고 있다. 삼성전자는 지난 1분기 연결기준 매출액 79조1400억원과 영업이익 6조7000억원을 기록했다고 공시했다. 분기 기준 최대 매출이며 영업이익의 경우 5조원대를 예상한 증권가 추정치를 웃돌았다.웅진은 상조업계 1위인 프리드라이프를 인수했다는 소식에 상한가를 기록했다.코스닥지수는 같은 시각 7.84포인트(1.08%) 내린 718.62를 나타내고 있다. 지수는 0.04% 하락 출발 후 1%대까지 낙폭을 확대했다.코스닥시장에서도 외국인과 기관이 각각 968억원과 552억원어치를 팔아치우는 반면 개인은 1572억원어치를 사들이고 있다.코스닥 시총 상위 종목은 대체로 하락세다. 알테오젠, 에코프로비엠, 에코프로, 레인보우로보틱스, 휴젤, 파마리서치, 펩트론, 리가켐바이오, 삼천당제약, 코오롱티슈진 등이 내리는 반면 HLB와 클래시스 등은 오르고 있다.넵튠은 크래프톤이 카카오게임즈가 보유한 회사 지분 전량(1838만739주)을 1650억원에 사들이면서 최대주주 자리에 오른다는 소식 이후 14%대 급락세다.이날 서울 외환시장에서 원·달러 환율은 전장보다 3.9원 내린 1433.4원으로 개장했다.고정삼 한경닷컴 기자 jsk@hankyung.com",https://www.hankyung.com/article/2025043055096,2025.04.30 11:12
"회사 기밀 3700장 빼돌리려던 삼바 前직원, 법정 구속 ‘철퇴’","국가핵심기술 포함된 자료 반출 시도
검찰, 5년 구형…법원은 징역 3년 선고","삼성바이오로직스의 영업 비밀을 빼돌리려다 적발된 전 직원이 실형을 선고받고 법정에서 구속됐다. 반도체, 디스플레이 등에 이어 제약·바이오 산업에서도 기술 유출 범죄를 엄단한 사례로, 유사 사건 재판에 영향을 줄 가능성이 제기된다.11일 법조계에 따르면 인천지방법원 형사5단독 홍준서 판사는 이날 부정경쟁방지법·산업기술보호법 위반 등 혐의로 기소된 A씨에게 징역 3년을 선고하고 법정에서 구속했다. 재판부는 A씨가 무단으로 반출하려던 자료에 “생명공학 분야 국가 핵심 기술이 포함돼 있어 실형이 불가피하다”고 밝혔다.





                A씨는 삼성바이오로직스에서 근무하던 2022년 12월 본사에서 내부 문서 300여 장을 옷 속에 감춰 챙겨 나오려다 보안 직원에 의해 발각됐다. 해당 문서에는 규제기관 대응 관련 영업 비밀 38건이 담겨 있었다. 삼성바이오로직스는 A씨를 즉각 관할 경찰서에 인계하고 형사 고발했다.A씨 자택에 대한 압수수색 등 경찰 수사 결과 A씨는 같은 해 12월 초부터 약 열흘간 정보기술 표준작업지침서(IT SOP) 등 영업 비밀 175건을 외부에 유출한 것으로 확인됐다. 총 3700여장의 문서에 해당하는 방대한 양이다.삼성바이오로직스에 따르면 A씨가 유출한 IT SOP, 규제기관 가이드라인 분석 자료 등에는 국가 핵심 기술 2종이 포함돼 있다. IT SOP에는 표준화된 공정 프로세스를 통해 품질 기준을 충족하는 의약품을 일관되게 대량으로 일관되게 생산하는 기술이 담겨 있다. 의약품의 품질 일관성과 생산성, 안전성, 비용 등에 직접적인 영향을 미친다. 또 규제기관 가이드라인 분석 자료에는 배양 정제 공정의 품질 경쟁력을 유지하고 개선하기 위한 핵심 기술이 포함돼 있다.검찰은 2024년 12월 A씨를 부정경쟁방지법·산업기술보호법 위반, 업무상 배임 혐의 등으로 불구속기소했다. 올해 6월 결심 공판에선 징역 5년을 구형했다.삼성바이오로직스 관계자는 “해당 자료엔 국가 핵심 기술 2종이 포함돼 있고, 의약품 공정 품질 및 생산성과 직결된다”며 “회사의 중요한 경쟁력이자 자산인 영업 비밀 유출·침해 행위에 대해선 강력한 법적 대응을 이어갈 방침”이라고 밝혔다.삼성바이오로직스는 롯데바이오로직스로 이직한 전 직원에 대해서도 형사 고소를 진행해 재판이 진행 중이다. A씨와 마찬가지로 SOP 관련 문건을 유출해 고소된 B씨에 대해서도 연내 선고가 나올 것으로 예상된다. 최근 반도체 분야에서 기술 유출 범죄를 저지른 엔지니어에게 역대 최대 형량인 징역 7년 및 벌금 7억원이 선고되는 등 사법부의 엄단 기조가 강화되는 추세다. 정부도 기술 유출 범죄에 대한 벌금형 상한을 현행 최대 15억원에서 65억원으로 대폭 높여 오는 22일부터 시행할 예정이다.장서우 기자 suwu@hankyung.com",https://www.hankyung.com/article/202507113106i,2025.07.11 16:25
"4일 만에 70% 급등…""이 종목부터 다시 봐야 합니다"" [진짜 주식 1부]","단기 급등 성과 잇따라…""반전율 전략, 불안한 장에서도 통했다"" 
관세·변동성 이겨낸 종목…삼성바이오·코웨이·퓨처캠 주목","영상 모듈 닫기




지난 9일(화) 방송된 한국경제TV '진짜 주식 1부'에 출연한 칠종칠금투자연구소 박완필 대표(와우넷 전문가)는 변동성이 큰 장세일수록 기초에 충실한 대응 전략이 필요하다고 강조하며 '반전율' 분석 기법을 기반으로 한 유망 종목들을 소개했다. 박 대표는 이동평균선이나 보조지표에 의존하기보다 명확한 기술적 맥점을 중심으로 매수 타이밍을 포착하는 전략이 현 시장에서 효과적이라고 분석했다.
                    




                이어 반전율 전략의 실전 적용 사례로 에이비엘바이오와 펩트론을 언급했다. 에이비엘바이오는 제시 이후 4일 만에 70% 이상 상승했고 펩트론도 9만 원대 구간에서 추천한 이후 약 30% 상승세를 보이며 반전율 전략의 효과를 보여줬다. 한화에어로스페이스의 경우에도 61만 원 초반에서 공략한 뒤 15% 이상 오르는 등 불안정한 시장에서도 안정적인 흐름을 유지하고 있다는 평가다.
                    




                이날 방송에서는 ▲삼성바이오로직스 ▲코웨이 ▲퓨쳐켐 총 3종목이 소개됐다.이 중 삼성바이오로직스(207940)는 글로벌 CDMO 산업에서 수혜가 기대되는 종목으로 제시됐다. 최근 미국 상원이 중국 제약사에 대한 규제 가능성을 시사하면서 삼성바이오로직스의 수주 확대 가능성이 부각된다는 해석이다. 박 대표는 99만원 부근이 기술적 공략 지점으로 판단된다고 덧붙였다.
                    




                코웨이(021240)는 안정적인 렌탈 사업 기반과 함께 해외 매출의 꾸준한 성장세, 주주환원 정책 등이 긍정적 요소로 꼽혔다. 주가 측면에서는 6만 8,800원 수준이 기술적 조정 구간으로 해석된다고 분석했다.
                    




                방사성 의약품 관련주 퓨쳐켐(220100)은 루도타다이펩(FC705) 임상 2상 결과에서 객관적 반응률 60% 이상을 기록하며 경쟁 약물 대비 우위를 보였고 식약처에 3상 신청까지 진행된 점이 부각됐다. 단기 급등 이후 19,500원 수준의 조정 구간에서 매수 접근이 가능할 것으로 평가했다.박원석증권에디터 pws@wowtv.co.kr",https://www.hankyung.com/article/2025041029695,2025.04.10 11:36
"쪼개진 삼성바이오, 첫 작품 '미사일 항암제' 유력",,"영상 모듈 닫기




<앵커>삼성바이오로직스가 오는 10월을 목표로 위탁개발생산(CDMO)과 바이오시밀러 사업의 분리를 추진하고 있습니다.분할 이후 첫 성과는 삼성바이오에피스가 개발하고 있는 항체약물접합체(ADC) 신약이 유력한 것으로 전해졌습니다.산업부 이서후 기자와 자세히 살펴봅니다.이 기자, 이젠 삼성바이오가 시밀러를 넘어 자체 신약까지 확보할 수 있는 겁니까. <기자>업계에서는 삼성바이오에피스가 지난 2023년부터 국내 ADC 바이오텍 인투셀과 하고있는 공동연구 성과가 올해 가시화될 것으로 예상하고 있습니다.ADC는 암 세포를 찾아가는 ‘항체’에 암 세포를 공격하는 '약물’을 연결물질 '링커'를 통해 결합한 구조인데요. 이른바 '미사일 항암제로' 불립니다.그간 삼성바이오에피스는 여기서 여러가지 항체에 인투셀의 링커를 붙여보는 식으로 연구를 진행해왔는데요.이중 최소 한개의 후보물질이 효능을 나타내면서 인투셀의 기술을 이전받아 임상 등 개발 속도를 가속화할 것이란 기대가 나오는 겁니다.특히 글로벌 1위 ADC 신약인 아스트라제네카와 다이이찌산쿄의 '엔허투'와 동일하게 'HER2'를 타깃하고 있다는 분석입니다.당시 삼성바이오에피스가 맺은 공동연구 계약 내용에 따르면, 최대 5개의 항암 목표 물질에 대한 ADC를 제조할 계획이었습니다.이에 따라 향후에는 다수의 유망한 후보물질들이 라인업에 추가될 것으로 예상됩니다.<앵커>삼성바이오로직스도 신성장동력으로 ADC의 위탁개발 역량을 키우고 있잖습니까.ADC 시장을 선점해야 하는 이유가 있다구요<기자>삼성라이프사이언스펀드의 투자 현황만 봐도 삼성그룹이 ADC에 사활을 걸었다는 것을 알 수 있습니다.현재까지 총 8개 기업에 투자했는데, 이중 3곳이 ADC 전문 기업입니다.삼성이 과감하게 투자를 이어가는 이유는 글로벌 제약사들이 잇따라 ADC 개발에 나서면서 시장이 빠르게 성장하고 있기 때문입니다.기존 항암제의 정상세포 공격 등 부작용을 개선하면서 각광을 받았고, 앞서 말슴드린 엔허투가 임상에서 탁월한 데이터를 입증해가고 있습니다.실제 엔허투는 지난해에만 무려 약 5조5천억원의 매출을 달성했고, 올해는 6조원이 넘길 것으로 예상되구요.삼성바이오로직스가 지난달부터 ADC 전용 생산시설을 가동한 것도 ADC 신약의 대량생산에 대한 수요가 높아질 것이란 판단에섭니다.글로벌 ADC 시장 전체로 보면 2023년 약 14조원에서 2028년 약 38조원까지 커질 것이란 전망이 나옵니다.<앵커>삼성바이오에피스는 바이오시밀러 매출 덕분에 최근 실적도 꾸준히 증가했는데, 신약 개발로 사업을 확대하려는 배경이 있다면서요.<기자>삼성바이오에피스는 지난해 바이오시밀러 관련 사업만으로 연매출 1조5천억원을 넘기며 역대 최고 실적을 경신했습니다.다만 바이오시밀러 시장은 커지는 데 한계가 있다는 점에서 자체 신약으로 신성장동력을 확보하겠다는 전략입니다.바이오시밀러는 일종의 복제약이기 때문에 오리지널약보다 가격은 저렴할 수 밖에 없고, 개발 가능한 제품도 한정적일 수 밖에 없는거죠.경쟁도 심해졌습니다. ‘휴미라’라는 오리지널약의 바이오시밀러만 보더라도, 현재 글로벌 제약사 8개사가 참전한 상황일 정도니까요.즉, 연구개발 측면에서는 신약보다 시간과 비용이 덜 들지만, 시장 진입이나 이후 가격 경쟁에 드는 시간과 비용은 더 드는 겁니다.삼성바이오는 최근 간담회에서 ""바이오시밀러가 산업 내 전체 시장에서 차지하는 비중은 3% 수준에 불과할 것으로 전망된다""며""이에 다양한 모달리티로의 확장하는 사업 포트폴리오 다각화가 필요하다는 판단""이라고 밝힌 바 있습니다.<앵커>ADC 관련 기업과의 인수합병(M&A)나 신규 자회사 설립 가능성도 있다구요.<기자>신설되는 삼성바이오에피스홀딩스 산하에 자체적인 바이오 플랫폼을 가진 자회사를 두거나, M&A나 벤처투자를 적극적으로 검토하겠다는 계획입니다.지난해 삼성바이오에피스가 그간 연구개발을 책임져온 김경아 사장을 대표이사로 선임한 것도 기존 바이오시밀러 중심에서 신약중심으로 체질을 바꾸기 위한 초석이라는 시각도 있습니다.김 대표는 서울대 약학과와 미국 존스홉킨스대 독성학 박사 출신으로, 삼성전자종합기술원에서 신약 개발을 맡았던 이력이 있습니다.이에 바이오시밀러보다 더 고도화된 임상 설계가 필요한 신약개발을 주도적으로 이끌 수 있는 역량을 가진 인물을 영입했다는 분석입니다.김 대표는 이번에 신설되는 삼성바이오에피스홀딩스 단독 대표를 맡을 예정입니다.삼성바이오에피스는 연구개발 조직을 신약 중심으로 전환하고, 글로벌 파트너십을 확대하겠다는 계획입니다.이서후기자 after@wowtv.co.kr",https://www.hankyung.com/article/2025052811355,2025.05.28 14:31
,,,https://magazine.hankyung.com/business/article/202505153477b,
"코스피, 새정부 정책 기대에 2800선 탈환…외인·기관 '사자'","외인·기관 1.2조 순매수
환율 1350원선…7개월 만
반도체·원전株 강세 마감","사진=한경DB

                코스피지수가 5일 외국인과 기관투자자의 동반 매수세에 힘입어 10개월여 만에 2800선 탈환에 성공했다. 새 정부의 내수·증시 부양 기대감이 반영되면서다. 다만 개인의 차익 실현 매물이 대거 출회되면서 상승분을 일부 반납했다.이날 코스피지수는 전날보다 41.21포인트(1.49%) 오른 2812.05로 거래를 마쳤다. 지수는 이날 0.7% 오름세로 출발 후 상승폭을 확대하며 오전 9시55분께 2800선을 돌파했다. 지수가 2800선을 넘어선 건 종가 기준으로 지난해 7월18일(2824.35) 이후 약 10개월여 만이다. 지수는 장중 한때 2.18%까지 뛰었지만 오후 들어 개인의 매도 규모가 확대되면서 상승분을 일부 반납했다.유가증권시장에서 외국인과 기관이 각각 9217억원과 2807억원어치를 사들이며 지수 상승을 이끌었다. 연기금도 이날 615억원어치를 담았다. 반면 개인만 1조1867억원어치를 팔아치웠다. 이날 새벽 미국 증시는 보합권에서 혼조로 마감했다. 지난 4일(현지시간) S&P500지수와 나스닥종합지수는 각각 0.01%와 0.32% 올랐지만 다우지수는 0.22% 내렸다. 아시아 증시에서도 이날 일본 닛케이225지수가 0.51% 약세로 마감했으며 상해종합지수는 0.18% 소폭 오르는 데 그쳤다. 박성철 유안타증권 연구원은 ""미국 증시가 보합세로 끝났고 닛케이의 경우 약세를 보였는데도 국내 증시가 어제에 이어 오늘까지 눈에 띄는 강세를 보인 건 대선 직후 정책 수혜 기대감이 반영된 결과""라며 ""다만 내일 휴장에 이어 주말 간 매크로(거시경제) 지표 발표를 앞두고 차익 실현 매물이 풀리면서 상승분을 일부 반납한 것으로 본다""고 분석했다.코스피 시총 상위 종목 중 기아(3.91%) 네이버(3.07%) 현대차(1.94%) 셀트리온(1.62%) LG에너지솔루션(0.87%) 등이 오른 반면 KB금융(-1.48%) 삼성바이오로직스(-1.45%) 신한지주(-1.17%) HD현대중공업(-0.7%) 등이 내렸다. 삼성전자(2.25%)와 SK하이닉스(3.22%)는 강세로 마감했다. 코스피 수급이 개선되는 과정에서 전기전자 대형주를 중심으로 외국인 매수세가 유입된 영향으로 분석된다. 카카오(6.49%)는 올 하반기 오픈AI와의 신규 플랫폼 출시 소식에 더해 정부의 인공지능(AI) 정책 수혜 기대가 맞물리면서 급등했다.한전기술(19.8%)을 비롯해 두산에너빌리티(7.62%)와 한전KPS(5.33%) 등 원전주도 급등했다. 한국수력원자력이 체코 전력공사 측과 원전 건설 사업 계약에 최종 서명하면서다.코스닥지수는 전날보다 6.02포인트(0.8%) 오른 756.23으로 거래를 마쳤다. 이날 지수는 0.18% 오름세로 출발한 후 장중 한때 1.46%까지 상승폭을 확대하기도 했다.코스닥시장에서도 외국인과 기관이 각각 379억원과 90억원어치를 사들인 반면 개인은 424억원어치를 팔아치웠다.코스닥 시총 상위 종목 중 리노공업(8.14%) 에코프로비엠(4.91%) 삼천당제약(4.75%) 에코프로(3.78%) HLB(1.75%) 레인보우로보틱스(0.52%) 등이 오른 반면 리가켐바이오(-3.76%) 알테오젠(-3.28%) 펩트론(-2.3%) 휴젤(-2.1%) 클래시스(-0.85%) 등은 내렸다.서울 외환시장에서 원·달러 환율은 전장 대비 11.1원 내린 1358.4원으로 주간 거래를 마쳤다. 지난해 10월 이후 약 7개월 만에 최저치다. 고정삼 한경닷컴 기자 jsk@hankyung.com",https://www.hankyung.com/article/2025060575316,2025.06.05 16:12
,,,https://magazine.hankyung.com/business/article/202506194758b,
사법리스크 끝났다…삼성그룹 ETF의 반격 [투자토크],,"영상 모듈 닫기




<앵커>이재용 삼성전자 회장의 사법 리스크 해소를 기점 삼아 삼성전자를 중심으로 삼성그룹주 ETF에 관심이 늘고 있습니다. 올해 압도적인 상승세를 보인 한화그룹주 ETF에 비하면 다소 저조했던 삼성그룹주 ETF가 반등의 기회를 맞았다는 분석이 나옵니다. 증권부 김원규 기자와 함께 알아보겠습니다. 김 기자, 먼저 올해 그룹주 ETF 전반적인 현황을 짚어주시죠.<기자>올해 그룹주 ETF 시장의 승자는 단연 한화그룹이었습니다. 대표 상품인 PLUS 한화그룹주 ETF는 연초 이후 무려 110%대의 상승률을 기록하며 1위를 차지했습니다. 이 ETF는 주가가 급등한 지주사를 비롯해 조선, 방산, 석유화학, 금융 계열사 등 11개 상장사를 담고 있습니다. 특히 구성 종목 중 한화시스템(123%), 한화에어로스페이스(122%), 한화솔루션(115%) 등 개별 종목들이 크게 오르면서 해당 ETF의 누적 수익률을 끌어올렸습니다. 뒤이어 ACE 삼성그룹동일가중(34%), TIGER 현대차그룹+펀더멘털(30%)이 30% 넘게, ACE 포스코그룹포커스(23%), TIGER LG그룹+펀더멘털(17%)이 20% 내외의 수익률을 기록했습니다.<앵커>한화그룹 주가 단연 선두인 가운데 2위의 약진이 두드러 집니다. 하지만 여전히 기대한 만큼의 성적은 아니군요.<기자>맞습니다. 같은 기간 코스피가 30% 넘게 오른 것과 비교하면 아쉬운 수치입니다. 하지만 증권업계에서는 그간 한화 관련 ETF가 오를 대로 오른 만큼 다음 그룹주 ETF 시장을 주도할 곳으로 삼성을 주목하고 있습니다. 우선 이재용 회장의 무죄 선고로 인한 사법 리스크 완화는 M&A 전략 재개에 대한 기대를 높이고 있습니다. 또 고대역폭 메모리(HBM) 납품 가능성이 제기되면서 삼성전자와 계열사들의 밸류에이션 재평가에 대한 기대감도 커지고 있습니다. 실제로 이달 상황은 확연히 다릅니다. 외국인 투자자들이 삼성전자 주식을 대거 순매수하고 있습니다. 이달 1일부터 18일까지 외국인은 삼성전자 주식을 1조 8,700억원어치 순매수하며 국내 주식 순매수 1위를 기록했습니다. 이로 인해 삼성전자 외국인 지분율은 50.08%로, 지난 4월말(25일) 이후 첫 50%를 넘었습니다. 이는 삼성전자 주가가 더 오를 여지가 충분하다는 해석이 가능합니다. 정리하면 삼성 그룹주 ETF에 삼성전자 비중이 대체로 크다는 점을 고려하면 추가 상승도 기대되는 대목입니다. <앵커>하지만 2분기 삼성전자의 실적은 어닝 쇼크 수준이었습니다. 전망도 녹록지 않은 걸로 알고 있는데, 이에 대해 증권가에선 어떻게 평가하고 있나요?<기자>2분기 저조한 실적과 관련해 시장에서는 삼성전자가 '실적 바닥'을 지나고 있다고 분석합니다. 최근 미국이 중국에 대한 AI GPU 수출 재개를 허가한 것이 삼성전자에게 기회가 될 수 있다는 전망도 나오고 있어서입니다. 미국 정부는 최근 엔비디아의 H20칩 중국 수출을 허가한 바 있습니다. H20은 엔비디아가 미국의 반도체 수출 규제를 우회하기 위해 사양을 낮춰 만든 AI 칩입니다. 삼성전자는 지난해부터 엔비디아 H20 제품에 4세대 HBM인 HBM3를 공급해왔습니다. 따라서 엔비디아의 H20 중국 수출이 재개되면 삼성전자의 HBM 매출도 그만큼 늘어날 수 있다는 진단입니다. 때문에 이달 중 삼성전자에 대한 투자의견을 낸 22개 증권사의 평균 목표주가는 7만 5,800원 선입니다. 현재 6만7천원 선인 걸 감안하면 앞으로 약 13% 추가 상승할 여력이 있다는 겁니다.<앵커>그럼  삼성그룹 ETF와 관련해 어떤 상품을 주목해야 할까요?<기자>삼성그룹 ETF 가운데서도 앞으로의 성장성을 감안한다면 삼성전자 비중을 많이 담고 있는 상품을 주목할 필요가 있습니다. 현재 전문가들은 KODEX 삼성그룹(26.09%), TIGER 삼성그룹펀더멘털(25.7%), 한국투자 ACE 삼성그룹SW(24.1%) 등에 관심을 가질 필요가 있다고 말합니다. 이들 상품이 삼성전자를 담고 있는 비중이 약 25%입니다. ACE 삼성그룹동일가중도 대표 삼성 그룹 상품으로 분류되지만, 삼성전자 비중이 6%대에 불과합니다. 우선 TIGER 삼성그룹펀더멘털은 삼성그룹의 핵심 계열사들 중 실적이 견조한 기업들을 담고, 올해 33%의 수익률을 보였습니다. 또 다른 상품인 KODEX 삼성그룹은 시총 1조 원 이상인 삼성전자(약 24.9%), 삼성바이오로직스(약 16.5%) 등을 중심으로 구성, 수익률은 28%입니다. 이 밖에 한국투자 ACE 삼성그룹SW는 상장사 중 시총과 유동성이 높은 종목을 중심으로 편입돼 있고, 27%대의 수익률을 기록하고 있습니다. 이재용 회장의 사법 리스크 해소와 함께 삼성전자 실적 바닥론에 힘입어 삼성그룹 ETF가 하반기 또 다른 투자 대안으로 떠오르고 있습니다.<앵커>잘 들었습니다. 증권부 김원규 기자였습니다.김원규기자 wkkim@wowtv.co.kr",https://www.hankyung.com/article/2025072127275,2025.07.21 17:58
"02일, 외국인 거래소에서 SK하이닉스(+4.79%), 두산(+9.88%) 등 순매수",,"외국인 투자자는 02일 거래소에서 SK하이닉스, 두산, 한화시스템 등을 중점적으로 사들인 것으로 나타났다.외국인 투자자의 순매수 상위 20개 종목은 SK하이닉스, 두산, 한화시스템, KB금융, 삼성바이오로직스, HD현대일렉트릭, HD현대중공업, SK텔레콤, 한화에어로스페이스, 이수페타시스등이다.이중에 전기,전자 업종에 속한 종목이 5개 포함되어 있다.SK하이닉스, 두산, 한화시스템 등은 전일 대비 주가가 상승했고, SK텔레콤, 한화비전, 한국전력 등은 주가가 하락했다.[05월02일]거래소 외국인 순매수 상위 종목한경로보뉴스이 기사는 한국경제신문과 금융 AI 전문기업 씽크풀이 공동 개발한 기사 자동생성 알고리즘에 의해 실시간으로 작성된 것입니다.",https://www.hankyung.com/article/202505021321L,2025.05.02 18:35
코스피 보합권…현대차·기아는 동반 6%대 강세,코스닥 삼천당제약 상한가,"사진=연합뉴스

                코스피지수가 약보합세다.한국거래소에 따르면 23일 오전 11시31분 기준 코스피지수는 전날 대비 7.48포인트(0.24%) 내린 3162.4을 기록 중이다.지수는 이날 19.71포인트(0.62%) 오른 3189.65에 개장했다. 직후 3199.86까지 오르는 등 3200선 회복을 타진했지만 이내 약세 전환했다.기관과 외국인이 각각 3249억원, 288억원 매수 우위다. 개인만 3763억원 매도 우위다.유가증권시장에서 대장주인 삼성전자와 SK하이닉스는 약보합세다. LG에너지솔루션과 삼성바이오로직스는 약 1% 오름세다.현대차와 기아가 모두 6%대 강세다. 도널드 트럼프 미국 대통령이 일본과의 무역 협상을 마쳤다고 밝힌 영향으로 풀이된다. 한·미 무역협상 타결에 대한 기대감도 덩달아 커진 것이다.지수는 4.37포인트(0.54%) 내린 808.6에 거래되고 있다. 지수는 2.91포인트(0.36%) 오른 815.88에 개장했지만 이내 방향을 틀었다.외국인과 기관이 각각 754억원, 866억원 매도 우위다. 개인만 1718억원 매수 우위다,코스닥시장에서 알테오젠과 에코프로비엠이 강보합세다. 펩트론은 3%대 내리고 있다. 펩트론과 리노공업은 각각 약 3%, 6% 하락 중이다.삼천당제약은 상한가를 기록했다. 개발 중인 경구용 GLP-1 제네릭이 오리지널 약물인 노보 노디스크의 '리벨서스'와 생물학적 동등성 시험을 성공적으로 마쳤단 소식이 매수세를 집중시킨 것으로 풀이된다.신민경 한경닷컴 기자 radio@hankyung.com대",https://www.hankyung.com/article/2025072365606,2025.07.23 11:39
"[글로벌 현장을 가다] AI로 의사 편의성 확대, 中기업 공격 마케팅 눈에 띈 유럽소화기내시경학회",,,https://www.hankyung.com/article/202504305755i,2025.05.08 08:16
"트럼프 ""2주 내 의약품 관세 발표""…영화관세는 하루 만에 후퇴",,"도널드 트럼프 미국 대통령이 5일(현지시간) 백악관에서 의약품 관련 행정명령에 서명한 후 기자들의 질문에 답하고 있다. /AFP연합뉴스

                도널드 트럼프 미국 대통령이 의약품 관세를 2주 내로 발표하겠다고 밝혔다. 외국산 영화 수입에 100% 관세를 부과하겠다는 구상은 하루 만에 철회했다.  트럼프 대통령은 5일(현지시간) 백악관에서 국내 제약산업 강화를 위한 행정명령에 서명 후 기자들에게 의약품 관세 일정에 관한 질문을 받고 ""앞으로 2주 이내에 발표할 것""이라고 말했다. 그는 또 ""의약품 가격과 관련해 다음 주에 큰 발표를 할 것""이라면서 ""다른 나라와 비교해 우리는 매우 불공정하게 갈취를 당하고 있다""고 말했다.   트럼프 대통령은 지난달 의약품 수입이 국가 안보에 미치는 영향을 조사하도록 상무부에 지시했다. 국가안보에 미치는 영향 조사절차는 트럼프 대통령이 품목별 관세 부과를 위해 이용하는 무역확장법 232조 적용을 위해 필수적인 절차다. 철강 등 지난 1기에 미리 조사해 둔 내용이 있는 경우에는 이를 생략할 수 있었지만, 의약품이나 구리 목재 반도체 등에 대해서는 관련 조사가 아직 진행 중이다. 미국 상부무는 이와 관련해 지난달 16일부터 오는 7일까지 의견을 수렴하는 절차를 밟고 있다. 우리 정부는 지난 4일 한국산 의약품에 대해 관세 조치가 필요하지 않다는 의견을 상무부에 제출했다고 밝혔다. 조규홍 보건복지부 장관은 ""의약품을 비롯해 의료기기와 화장품 등 바이오헬스 산업 영향을 최소화하기 위해 범 정부 차원의 대응을 강화하겠다""고 말했다. 한국바이오협회에 따르면 지난해 한국이 미국에 수출한 의약품 규모는 39억7000만달러(약 5조5100억원) 어치에 달한다. 특히 바이오 의약품이 94.2%로 대부분을 차지하고 있다. 셀트리온은 이와 관련해 미국 내 생산 확대를, SK바이오팜은 미국 내 생산시설 확보를 각각 추진하는 것으로 알려졌다. 보건복지부와 한국보건산업진흥원은 지난달 25일부터 바이오헬스산업 관세피해 지원 센터를 운영 중이다.  트럼프 대통령은 또 이날 행정명령에서 미국에 제약시설을 빠르게 지을 수 있도록 관련 규정을 간소화하고 허가를 빨리 내주라고 식품의약국(FDA), 환경보호청(EPA), 육군 공병대 등 관련 기관에 지시했다. 또 중국 등에서 바이러스의 전염력을 높이거나 치명적으로 만들기 위해 진행하는 '기능강화' 연구에 연방정부 자금이 투입되지 않아야 한다고 밝혔다. 그러면서 그는 코로나19가 중국 우한 실험실에서 유출됐다는 기존 주장을 반복했다. 코로나19의 기원에 대해서는 박쥐 등 동물 유래설과 실험실 유출설이 아직 엇갈리고 있다.  지난달 초 상호관세 발표 후 시장이 관세 정책 확대에 민감하게 반응하면서 한동안 '속도조절'에 무게를 두어 온 트럼프 대통령이 다시 '2주 내'라는 구체적인 시기를 언급하면서 의약품 관세 카드를 꺼내 든 것에 대해 시장은 촉각을 곤두세우고 있다. 한편 트럼프 대통령은 전날 트루스소셜에 공개했던 수입영화에 100% 관세 조치와 관련해 ""영화 산업 관계자들을 만나 의견을 들어보겠다""며 한 발짝 물러섰다. 영화 제작비용이 오르면서 관련 업계는 캐나다, 영국, 동유럽 등으로 촬영지역을 옮기는 추세인데, 트럼프 대통령은 관세로 이를 돌려놓을 수 있을 것으로 기대했다. 하지만 엔터테인먼트 업계가 크게 당혹스러워하고 디즈니, 넷플릭스, 영화관업체들의 주가가 급락하자 생각을 바꾼 것으로 해석된다. 월스트리트저널(WSJ)은 이날 ""할리우드에서는 트럼프 대통령이 영화 제작산업을 미국으로 가져오길 원했지만, 이런 방식은 아니었다""고 보도했다. 세금 인센티브 등 긍정적인 방식의 지원을 바랐는데 다른 나라에서 역풍을 맞을 수 있는 관세 부과를 희망한 것은 아니었다는 얘기다. 워싱턴=이상은 특파원 selee@hankyung.com",https://www.hankyung.com/article/202505064897i,2025.05.06 16:09
삼바 분할 '3대 키워드'…이해충돌·성장성·기업가치 [분석+],"삼바, 인적분할해 삼성에피스홀딩스 신설

CDMO 수주 걸림돌 제거 등
다양한 이유로 전격 실행","삼성바이오로직스 인천 송도 4공장 전경. / 사진=삼성바이오로직스 제공

삼성바이오로직스가 바이오의약품 위탁개발생산(CDMO)과 바이오시밀러(바이오의약품 복제약)·신약 개발 사업으로 분할한다. 지배구조 개편을 통해 사업간 이해충돌을 해소하고 미래 성장성이 높은 신약개발 사업에 힘을 주겠다는 의도다. 현재 시가총액이 80조원에 육박하는 삼성바이오로직스를 쪼개면 그 자회사인 삼성바이오에피스와 모회사인 삼성물산이 기업 가치가 모두 올라 삼성그룹 전체적으로도 재무적으로 유리해진다.삼성에피스홀딩스 신설회사로 인적분할 




출처-삼성바이오로직스

                삼성바이오로직스는 CDMO사업을 담당한 기존 회사를 존속법인으로 바이오시밀러와 신약개발 자회사인 삼성바이오에피스를 지배하는 삼성에피스홀딩스 주식회사(가칭)를 신설회사로 인적분할한다고 22일 공시했다. 인적분할은 기업이 '수평적'으로 분할되는 것으로, 분할신설법인의 주식을 기존회사(존속법인) 주주들이 보유한 지분율대로 배정하는 방식이다. 이번 분할을 통해 삼성바이오로직스는 순수 CDMO 회사로 남게 되며, 순수 지주회사로 신설되는 삼성에피스홀딩스는 향후 바이오시밀러 기업인 삼성바이오에피스를 완전 자회사로 편입할 예정이다. 삼성에피스홀딩스는 그동안 삼성바이오로직스에서 자회사 관리 및 신규 투자를 맡아 온 사업부문이 분할돼 설립된다. 김경아 삼성바이오에피스 대표이사가 삼성에피스홀딩스 대표이사직을 겸임할 예정이다.현재 삼성바이로로직스의 최대주주는 삼성물산으로 43.06%의 지분을 보유하고 있다. 삼성바이로직스가 지분율 100% 자회사인 삼성바이오에피스를 지배하는 신설회사와 인적분할을 하면, 삼성물산은 삼성바이오로직스와 삼성바이오에피스를 지배하는 신설회사를 수평적으로 모두 지배하게 된다.분할은 오는 7월 29일 증권신고서 제출, 9월 16일 분할 승인을 위한 주주총회 개최 등의 절차를 거쳐 최종 결정된다. 삼성에피스홀딩스 창립 예정일은 10월 1일이며, 삼성바이오에피스를 100% 자회사로 편입해 분할을 완료한다. 이어 10월 29일에 존속회사인 삼성바이오로직스의 변경 상장 및 신설회사인 삼성에피스홀딩스의 재상장이 진행될 예정이다. 삼성바이오로직스의 기존 주주는 삼성바이오로직스 주식과 삼성에피스홀딩스 주식을 0.6503913 대 0.3496087의 비율로 교부 받게 된다. 분할 비율은 현재 순자산 장부가액을 기준으로 정해졌다. 신주 배정 기준일 전날인 9월 29일부터 변경상장 및 재상장일 전날인 10월 28일까지 삼성바이오로직스 주식거래는 일시 정지된다. 삼성바이오로직스 관계자는 ""순수 CDMO 회사로 거듭난 삼성바이오로직스는 '생산 능력·포트폴리오 다각화·글로벌 거점 확대'의 '3대축 성장 전략'을 토대로 CDMO 역량 강화와 함께 항체·약물접합체(ADC), 아데노연관바이러스(AAV), 사전충전형 주사기(PFS) 등 신사업 분야에 대한 투자도 더욱 확대할 예정""이라고 말했다. 삼성에피스홀딩스는 삼성바이오에피스를 '세계 1위 바이오시밀러 기업'으로 육성하기 위해 20종 이상의 바이오시밀러 제품군을 확보하고 신약사업도 속도를 낼 전망이다. 존 림 삼성바이오로직스 대표는 ""급격한 글로벌 환경 변화에 선제적으로 민첩하게 대응하고, 선택과 집중을 통해 양사가 각 사업에서 초격차 경쟁력을 확보할 수 있도록 이번 분할을 결정했다""며 ""양사 모두가 성장을 가속화해 글로벌 톱티어 바이오 기업으로 도약하는 계기가 될 것""이라고 말했다.글로벌 빅파마 CDMO수주와 신약개발 이해상충 사라져 인적분할을 하게 되면 삼성바이오로직스의 CDMO 수주의 최대 걸림돌인 신약개발과의 이해상충 문제를 해소하게 된다. 삼성바이오로직스에 의약품 생산을 맡기는 주요 고객은 화이자, MSD(머크), 로슈, 아스트라제네카, 노바티스, GSK, 일라이릴리 등 글로벌 대형 제약사다. 이들이 삼성에 일감을 맡길 때 가장 큰 걸림돌은 바이오시밀러를 개발하는 삼성바이오에피스였다. 신약개발 노하우와 제조기술이 유출될 우려 때문이다. 특히 삼성바이오에피스가 최근 바이오시밀러를 넘어 신약개발에 드라이브를 걸자 삼성바이오로직스가 고객사들을 설득하는 데 어려움을 겪은 것으로 알려졌다. 삼성바이오에피스는 희소질환을 표적한 다수의 유전자치료제 신약과 항체약물접합체(ADC) 항암제 후보물질을 발굴해 올해부터 임상단계에 들어간 것으로 알려졌다.기업가치 높아진 삼성에피스... 신약개발, 공격적 M&A도 탄력 삼성바이오에피스의 기업공개(IPO)를 검토해온 삼성 입장에서 CDMO사업에 가려져 있는 바이오시밀러·신약개발사업을 분할하는 것은 기업가치 제고에 필수 절차다. 업계에선 CDMO의 영업이익률이 30%대라면 신약 사업은 그보다 높은 50%대로 알려져 있다. 신약이 바이오기업의 ‘꽃’으로 불리는 이유다. 삼성은 기존 CDMO와 바이오시밀러 사업만으로는 성장에 한계가 있다고 보고 신약 개발에 오래전부터 투자해왔다. 삼성바이오에피스 입장에서는 상장 시 인수합병(M&A) 등 적극적인 사업 확장도 가능해질 전망이다.삼성물산 가치 높아져, 그룹 차원에서도 이득 분할은 모회사 삼성물산 뿐만 아니라 삼성그룹 전체적으로도 이득이다.한 증권사 애널리스트는 ""CDMO사업과 바이오시밀러·신약개발사업을 분리하는 것이 각사별 기업가치과 모회사인 삼성물산 기업가치 제고에 훨씬 이롭다""며 ""최근 반도체사업도 기대만큼 좋지 않은 상황에서 삼성 그룹내 이만큼 좋은 재원이 없기 때문에 삼성바이오로직스 인적분할은 오래전부터 검토해온 사안일 것""이라고 말했다. 삼성바이오로직스의 지난 21일 기준 시총은 78조2914억원으로 모회사인 삼성물산(23조6267억원)의 3.3배에 달한다. 주가를 주당 순자산가치로 나눈 주가순자산비율(PBR)은 7.18배로 삼성물산(0.73배)와 비교가 안된다. 삼성그룹 지배구조 최상단에 위치한 삼성물산은 이재용 삼성전자 회장이 최대주주로 19.76% 지분을 보유했다.안대규 기자 powerzanic@hankyung.com",https://www.hankyung.com/article/202505228359i,2025.05.22 08:12
트럼프 '처방 약 값 강제 인하'…글로벌 제약 주가 하락,"""최대 80% 인하"", 메디케어등 공보험에 적용 예상
""대대적 시행시 업계 소송, 공화당 내 반발도 예상""","사진=REUTERS

                트럼프 미국 대통령이 미국의 처방약 가격을 다른 나라와 동일하게 강제 인하하겠다고 밝힌 후 전 세계 제약 회사 주가가 일제히 하락했다. 트럼프 대통령은 지난 주에는 2~3주안에 의약품 관세도 발표하겠다고 밝혔다.12일(현지시간) 블룸버그에 따르면, 이 날 유럽 주식 시장에서 노보 노디스크, 아스트라 제네카, 로슈 등 유럽 제약사들은 전반적인 주식 시장 상승세속에 유일하게 하락을 기록했다. 아시아에서는 일본 토픽스 지수의 제약 부문이 8월 이후 최대 일일 낙폭을 기록했다.  한국 증시에서는  삼성바이오로직스, 셀트리온 등 미국 수출 규모가 큰 회사들이 주가가 하락했다. 미국 수출 실적이 없는 중국과 인도의 제약 업체들까지도 주가가 떨어졌다. 뉴욕증시 개장전 거래에서 일라이 릴리, 화이자, 브리스톨 마이어스 스퀴브, 머크 모두 하락했다. 트럼프 대통령은 이 날 오전 9시 워싱턴에서 처방약 가격 인하를 위한 행정명령에 서명할 계획이라고 소셜 미디어에서 밝혔다. 뱅크 폰토벨의 분석가 슈테판 슈나이더는 보고서에서 이 계획이 모든 의약품 유통 시장에 적용되지 않고 ""메디케어, 메디케이드와 일부 병원을 대상으로 할 가능성이 높다”고 밝혔다. 또 정부의 시장 가격 통제 권한이 없는 연방법상 “제약 업계가 소송에 나설 가능성도 있다고 밝혔다. 메디케어는 미국의 65세 이상 노인에게 건강 보험을 제공하는 정부 지원 프로그램이며 메디케이드는 저소득층에게 적용되는 정부 지원 프로그램이다. 메디케어와 메디케이드는 미국 전체 의약품 시장의 약 40%를 차지하고 있다. 미국 정부가 2024년 발표한 보고서에 따르면, 미국 소비자들은 다른 나라 소비자보다 처방약을 3배 이상 비싸게 구입하는 것으로 나타났다. 씨티그룹 글로벌 마켓 재팬의 헬스케어 부문 분석가인 히데마루 야마구치는 보고서에서 일본의 다케다 제약과 아스텔라스 제약, 오츠카 홀딩스 등 매출의 상당 부분을 미국에 의존하는 회사들이 취약하다고 밝혔다. 유럽 제약사의 경우 노보 노디스크, 아스트라 제네카, 로슈, 노바티스, GSK, 사노피 같은 회사들은 매출의 약 40%~60%를 미국에서 창출하고 있다. 노보 노디스크 주가는 유럽 시장에서 장 초반에 8.6% 급락했다. 일라이 릴리의 비만 치료제 젭바운드가 노보의 위고비보다 체중 감량에 좀 더 효과가 있다는 연구결과도 노보의 하락을 부추겼다. 트럼프 대통령은 첫번째 임기 때도 메디케어 약가 상한제를 도입하려고 시도한 적이 있다. 그러나 제약 회사들이 정부가 규정 제정 절차를 위반했다며 이의를 제기해 시행되지 못했다. 그럼에도 불구하고, 약가 인하를 위한 새로운 움직임은 제약업계 매출에 ""막대한"" 영향을 미칠 전망이다. BMO 캐피털 마켓의 헬스케어 리서치 책임자인 에반 세이거먼은 트럼프 대통령의 계획은 IRA(국세청)의 약가 협상 대상 약물에만 영향을 미칠 가능성이 높다고 말했다. 분석가는 ""정부가 상업 시장에서 가격을 정할 권한이 없다”며 행정명령을 통해 이를 강제하는 법안을 시도할 경우 하원 공화당 의원들조차 반발할 것”이라고 덧붙였다. 한편 트럼프 대통령은 지난 5일, 미국내 약값 강제 인하에 이어 2,3주내에 의약품 관세를 발표할 것이라고 밝혔다. 약값 강제 인하에 이어 의약품 관세로 글로벌 제약회사들은 이중 타격을 받을 것으로 예상된다.김정아 객원기자 kja@hankyung.com",https://www.hankyung.com/article/202505128165i,2025.05.12 20:18
"10일, 거래소 기관 순매수상위에 전기,전자 업종 3종목",,"기관 투자자는 10일 거래소에서 KODEX 코스닥150레버리지, KODEX 레버리지, 삼성물산 등을 중점적으로 사들인 것으로 나타났다.기관 투자자의 순매수 상위 20개 종목은 KODEX 코스닥150레버리지, KODEX 레버리지, 삼성물산, LG에너지솔루션, KODEX 코스닥150, LG화학, LIG넥스원, 삼성바이오로직스, SK하이닉스, 삼성에스디에스등이다.이중에 전기,전자 업종에 속한 종목이 4개 포함되어 있다.KODEX 코스닥150레버리지, KODEX 레버리지, 삼성물산 등은 전일 대비 주가가 상승했고, 하나금융지주 등은 주가가 하락했다.[07월10일]거래소 기관 순매수 상위 종목한경로보뉴스이 기사는 한국경제신문과 금융 AI 전문기업 씽크풀이 공동 개발한 기사 자동생성 알고리즘에 의해 실시간으로 작성된 것입니다.",https://www.hankyung.com/article/202507101189L,2025.07.10 18:35
"미 FDA, 삼성바이오 실사...""기습 아닌 제품 관련""",,"영상 모듈 닫기




<앵커>최근 트럼프 행정부의 제약·바이오 관련 정책이 잇따라 발표되면서 국내 업계도 술렁이고 있습니다.특히 미국 FDA가 삼성바이오로직스의 생산시설에 대한 실사에 들어간 사실이 알려지면서 그 배경에 관심이 모아지고 있습니다.취재기자 연결해 들어보겠습니다.김수진 기자, FDA가 삼성바이오 송도 공장 실사에 들어간 이유가 뭡니까?<기자>삼성바이오에 대한 이번 미국 FDA 실사는 지난 19일부터 시작됐습니다.최근 FDA는 해외 의료제품·식품 제조시설에 대해 '미국 내 기업과 동일한 수준으로 규제·조사하겠다'고 공표한 바 있는데요,인도와 중국에서는 시범적으로 '불시 점검' 프로그램을 파일럿 형태로 운영하고 있습니다.시기가 맞물리다보니, 글로벌 상위 CDMO 기업인 삼성바이오에도 점검을 나온 게 아니냐는 의문이 나온겁니다.삼성바이오는 즉각 부인에 나서며 고객, 제품과 관련된 내용이라고만 밝혔습니다.취재 결과, 이번 FDA 실사는 기습적인게 아니라 예정된 일정이었습니다. 불시가 아닌 예정된 FDA 실사는 제약·바이오 기업에겐 갑작스러운 일은 아닙니다.미국 시장에 바이오시밀러 등 의약품을 수출하려면 FDA 허가를 받아야 하는데, 이 과정에서 실사를 거쳐야 하기 때문입니다. 실제로 삼성바이오는 FDA를 포함해 각국 규제기관에게 1년에 최소 10회 이상 실사를 받고 있습니다. 일각에서는 삼성바이오가 새로운 고객사나 신규 CDMO 제품을 찾았고, 이에 대한 실사가 이뤄지는게 아니냐는 관측도 나옵니다.다만 전문가들은 이번 건과 무관하게 FDA의 불시 점검이 우리 기업들을 향한 압박 수단이 될 가능성은 남아있다고 지적합니다.<앵커> 삼성바이오 뿐 아니라 셀트리온도 트럼프 정부의 행정 명령에 민감하게 반응하는 기업이죠.간밤에 미국 보건복지부가 약가 인하 행정명령의 후속 조치를 발표했는데, 영향은 어떤가요?<기자>셀트리온의 미국 주력 품목은 제네릭인 바이오시밀러입니다.바이오시밀러는 오리지널 의약품보다 10~30% 저렴한데요,미국 병원에서는 가격이 높은 의약품을 처방할수록 수익을 얻어, 바이오시밀러가 처방에 불리한 구조입니다.그런데 약가 인하 정책으로 오리지널 의약품 가격이 바이오시밀러와 비슷해지면, 바이오시밀러 사용이 확대될 가능성이 있는겁니다.코트라 역시 ""국내 바이오시밀러 제품의 미국 출시가 가속화되고 수출 기회가 확대될 것으로 예상된다""고 밝혔습니다.다만 미국 정부는 아직 어떤 약이 약가 인하 대상인지 공개하지 않고 있습니다.고가인 신약, 즉 오리지널 의약품이 대상이 될 가능성이 높지만, 바이오시밀러도 인하 대상이 된다면 상황이 달라집니다.또 약가 인하로 마진이 줄어든 병원과 기업 입장에서 제네릭에게 비용 분담을 시킬 방안을 찾을 수도 있습니다.우리 기업들에게 직·간접적인 영향을 줄 수 밖에 없는겁니다.현재 의약품은 상호관세 품목에서 빠져있지만 트럼프 대통령은 이번달 중 의약품에 대한 관세 조치를 발표할 계획입니다.적극적인 약가 인하가 이뤄지면서 품목별 관세까지 부과된다면 국내 제약·바이오 기업들도 수익성 타격을 피하기 어려울 전망입니다.지금까지 보도국에서 한국경제TV 김수진입니다.김수진기자 sjpen@wowtv.co.kr",https://www.hankyung.com/article/2025052170005,2025.05.21 14:17
"코스피, 관세 완화 기대에 이틀째 상승…2470선 회복","기관 1829억원어치 순매수
연기금, 13거래일째 '사자'

트럼프 車관세 면제 기대에
현대차 4%·기아 3%대 강세
반도체 소부장 지원 소식에
코미코·에스앤에스텍 '급등'","사진=뉴스1

                15일 코스피지수가 미 관세 우려 완화 기대감에 이틀째 상승했다. 달러화 약세는 지속되면서 원·달러 환율은 이틀 연속 1420원대를 이어갔다.이날 코스피지수는 전일보다 21.52포인트(0.88%) 오른 2477.41에 거래를 마쳤다. 이날 지수는 0.35% 오름세로 출발한 후 장중 1% 넘게 상승폭을 확대하기도 했다.도널드 트럼프 미국 행정부의 관세 정책 우려도 정점을 통과하고 있다는 분석이 나온다. 이날 새벽 미국 증시의 주요 3대 지수도 강세로 마감했다. 우량주 30개를 묶은 다우지수는 전장 대비 0.78% 올랐으며 나스닥종합지수와 S&P500지수도 각각 0.79%와 0.64% 상승했다. 이경민 대신증권 연구원은 ""그동안 트럼프 대통령은 관세 정책에 대해 강건한 모습을 보여왔지만 지난 주말 스마트폰 면세 발언에 이어 자국 기업의 피해가 예상되자 꼬리를 내리는 모습이 반복됐다""며 ""강경한 관세 정책도 정점을 통과한 것으로 판단된다""고 말했다.유가증권시장에서 기관이 1829억원어치를 사들이면서 지수 상승을 주도했다. 개인과 외국인은 각각 1490억원과 1182억원어치를 팔아치웠다. 연기금은 이날도 944억원어치를 담으면서 13거래일 연속 순매수 기조를 유지했다.시가총액 상위 종목들은 대체로 상승했다. KB금융(2.5%) HD현대중공업(1.73%) 삼성전자(0.71%) 네이버(0.66%) LG에너지솔루션(0.58%) SK하이닉스(0.22%) 등이 오른 반면 한화에어로스페이스(-2.65%) 셀트리온(-2.26%) 한화오션(-0.87%) 삼성바이오로직스(-0.39%) 등이 내렸다. 트럼프 대통령이 자동차 부품에 대한 관세 면제 가능성을 시사하면서 현대차(4.29%)와 기아(3.37%)가 강세로 마감했다. HL만도(6.23%)와 에스엘(5.94%) 등 자동차 부품주도 급등했다.코스닥지수는 2.94포인트(0.41%) 오른 711.92로 4거래일 연속 상승세를 이어갔다. 지수는 이날 0.07% 오름세로 출발한 후 등락을 거듭하다 오후 12시14분께를 기점으로 상승 전환한 후 추세를 굳혔다.코스닥시장에서는 개인이 1191억원어치를 사들인 반면 외국인과 기관이 각각 698억원과 411억원어치를 팔아치웠다.코스닥 시총 상위 종목 중 코오롱티슈진(3.03%) HLB(2.46%) 삼천당제약(1.49%) 레인보우로보틱스(0.18%) 파마리서치(0.14%) 등이 오른 반면 휴젤(-4.62%) 펩트론(-4.46%) 에코프로(-2.73%) 알테오젠(-1.81%) 에코프로비엠(-1.77%) 리가켐바이오(-1.26%) 등이 내렸다.정부가 소재·부품·장비 중소·중견기업에 투자 보조금을 신설해 최대 50%를 지원한다는 소식에 코미코(14.26%) 에스앤에스텍(12.2%) 테스(6.98%) 등 반도체 소부장주가 급등했다.서울 외환시장에서 원·달러 환율은 전장 대비 1.4원 내린 1425.5원으로 주간 거래를 마쳤다. 고정삼 한경닷컴 기자 jsk@hankyung.com",https://www.hankyung.com/article/2025041530506,2025.04.15 16:05
삼성이 찍은 '혈액 진단'…바이오텍 3사 도전장 [바이탈],,"영상 모듈 닫기




<앵커>최근 삼성이 미국의 혈액 진단 기업에 1천만달러를 투자하면서 관련 산업에 대한 관심도 높아지고 있습니다.시장성이 높아 국내 바이오텍들도 잇따라 사업에 뛰어들고 있지만 갈 길이 멀다는 지적도 나옵니다.산업부 김수진 기자 나와있습니다.김 기자, 혈액 진단이라고 하니 '실리콘벨리 최대 사기극'을 벌인 미국의 테라노스 사태가 떠오르는데, 최근의 혈액 진단 기술은 믿을 만 한가요?<기자>테라노스가 '혈액 한 방울로 모든 질병 진단이 가능하다'며 1조원이 넘는 투자금을 받아냈던 사건이 있었죠.관련 기술 연구자들 말에 따르면, 그 당시에도 국내에서는 불가능하거나 사기라는 의견이 팽배했다고 합니다.혈액 진단 기술은 우리 몸속에 돌아다니는 특정 '바이오마커'를 찾는 작업입니다.암을 예로 들어보겠습니다. 정상 세포가 아니기 때문에 암세포에서는 특정한 단백질 조각들이 나올 수 있는데요.혈액에서 이런 조각들이 나오면 특정 암을 의심할 수 있겠죠.그런데 혈액 한 방울에 이런 바이오마커가 많이 들어가 있을 가능성은 매우 낮습니다.60kg의 성인 남성이라고 가정하면 몸 속 혈액이 약 4,800mL가 있는데, 한 방울은 0.1mL도 안 됩니다.현재 개발 중이거나, 상용화 된 혈액 진단 기술은 대부분 건강검진할 때 뽑는 양인 2~10ml이 필요합니다.  당시 사기성이 짙었던 테라노스에 투자금이 몰린 이유는 혈액 진단 기술에 대한 필요성이 컸기 때문입니다.해외에서는 지금도 관심이 많고, 기술도 발전하고 있습니다.삼성이 투자한 미국의 'C2N 다이그노스틱스'는 혈액 내 바이오마커 분석을 통해 알츠하이머를 진단하는 기술을 개발했고, 올해 중 FDA 신청을 완료할 예정입니다.<앵커>삼성이 C2N에 투자한 것은 결국 혈액을 통한 알츠하이머 진단이 유망한 기술이라고 판단했다는 분석이 나오는데요. 어떻습니까?<기자>맞습니다.삼성의 투자는 삼성물산, 삼성바이오로직스, 삼성바이오에피스가 2,400억원을 출자해 만든 라이프사이언스 펀드를 활용했습니다.이번 C2N에는 1천만달러 자금을 투입한 거죠.라이프사이언스펀드는 차세대 항암 기술로 불리는 ADC 개발사, AI 기반 신약 개발 기업에도 투자한 바 있습니다.삼성이 ADC 기술과 AI 신약 처럼 유망하다고 점찍은 분야가 혈액 진단이라고 볼 수 있는 셈입니다.바이오마커를 통한 혈액 진단 분야 기업에 주목해야 하는 이유기도 합니다.<앵커>삼성이 투자했다는 C2N은 미국 기업인데, CN2처럼 난치병을 혈액으로 진단하는 국내 기업들 중 눈여겨 볼 만한 곳은 어디가 있습니까?<기자>대표적으로 퀀타매트릭스, 피플바이오, 베르티스 등이 꼽힙니다.퀀타매트릭스와 피플바이오는 상장사입니다. 두 회사 모두 혈액을 통한 알츠하이머 조기진단 기술을 보유하고 있습니다.피플바이오는 지난 2022년 '알츠온'이란 이름으로, 퀀타는 '알츠플러스'란 이름으로 지난해 12월 시장에 첫 선을 보였죠.피플바이오의 경우 최근에는 치매와 루게릭병의 원인 바이오마커를 혈액에서 검출할 수 있는 신규 기술을 학회에서 발표해 투자자들의 관심을 받기도 했습니다.베르티스는 '마스토체크'라는 유방암 조기진단검사 기술을 가지고 있습니다.혈액으로 췌장암을 조기진단하는 기술 또한 가지고 있는데, 아직 상용화는 되지 않았고 식약처 허가를 위한 임상 중에 있습니다.  <앵커>두 상장사를 살펴보면 대표 기업인데도 매출 상황이 좋지 않습니다.국내 기업들 성공 가능성이 있는건가요? <기자>지난해 피플바이오의 매출은 37억원, 영업손실은 115억원입니다.퀀타매트릭스도 상황이 크게 다르지 않습니다. 지난해 기준 매출 25억원, 영업손실 133억원 수준입니다.혈액 진단 영세 바이오텍 중에서는 문을 닫는 곳도 나오고 있습니다.기업 자체의 기술력 문제가 아니라, 현재 국내에서 혈액 진단 사업의 한계가 명확하다는 게 더 큰 이유입니다.다양한 갯수의 바이오마커를 진단하는데는 십만원에서 몇십만원 선으로 적지 않은 비용이 들어가는데요,병원 입장에서는 비슷한 돈이면 MRI·CT 같은 익숙한 영상검사를 선택하는 게 더 쉬운 길입니다.국내 의료 구조상 영상검사에 대한 접근성이 뛰어난 점도 한 몫 합니다.미국만 살펴봐도 MRI·CT 검사를 받으려면 배 이상의 비용과 긴 대기시간을 가져야 하고, 검사를 할 수 있는 동네병원도 많지 않거든요.국내 혈액 진단 기업들이 해외에서 활로를 찾아야 한다는 지적이 나오는 이유입니다.체외 진단 전문가에게 취재를 해 봤는데요.민준홍 중앙대 융합공학부 교수는 해외 진출 확대를 위한 해외임상지원 사업 확대, 규제 혁신을 위한 국가부처간 협업 확대, 기존 기술 상업화 지원 등 국산화 사업 확대 등이 필요하다고 밝혔습니다.  기업들 선에선 한계가 있으니, 활성화 대책 등을 통해 우리 기업들이 경쟁력을 가질 수 있게 지원해줘야 한다는 겁니다.글로벌 혈액 진단 시장은 오는 2032년 2천조원에 달할 것으로 전망됩니다.국내 기술 발전, 시장성을 감안하더라도 혈액 진단 분야 생태계 활성화가 시급하다는 목소리가 나옵니다.<앵커>네, 여기까지 듣겠습니다.김수진기자 sjpen@wowtv.co.kr",https://www.hankyung.com/article/2025041535195,2025.04.15 17:39
[투자운세] 5월26일(오늘) 궁합이 맞는 종목은?,,"2025년 5월 26일 오늘 관심가질 종목입니다1.쥐띠 : 매는 맞기 직전이 가장 두렵다!60년생 (나노신소재, 한미반도체) 72년생 (이수페타시스, 솔루엠) 84년생 (주성엔지니어링, 에코프로머티)2.소띠 : 익은 감은 건드리기만 해도 떨어진다61년생 (SK하이닉스, 롯데에너지머티리얼즈) 73년생 (대주전자재료, ISC) 85년생 (HPSP, 하나마이크론)3.호랑이띠 : 제도가 변하면 새로운 유행주가 나타난다62년생 (알테오젠, 현대로템) 74년생 (이오테크닉스, 파크시스템스) 86년생 (SK스퀘어, 리노공업)4.토끼띠 : 우발심을 삼가하라63년생 (SOOP, 삼성전기) 75년생 (레인보우로보틱스, 한국항공우주) 87년생 (고영, 삼아알미늄)5.용띠 : 나누어서 사고 나누어서 팔아라64년생 (한솔케미칼, 루닛) 76년생 (KG모빌리티, 동진쎄미켐) 88년생 (에스원, 포스코퓨처엠)6.뱀띠 : 시세는 시세에 물어라65년생 (대덕전자, 삼성전기) 77년생 (두산로보틱스, LS머트리얼즈) 89년생 (LX세미콘, 케어젠)




 

7.말띠 : 새 술은 새 부대에 담아라66 년생 (삼성전자, 두산퓨얼셀) 78년생 (SK바이오팜, 카카오뱅크) 90년생 (SK아이이테크놀로지, 티씨케이)8.양띠 : 매도 종목의 움직임도 관찰하라67년생 (씨에스윈드, 솔브레인) 79년생 (하이브, OCI홀딩스) 91년생 (한국콜마, 카카오)9.원숭이띠 : 연 날릴 때는 연줄을 모두 풀지 않는다68년생 (F&F, SK이노베이션) 80년생 (레이크머티리얼즈, 롯데웰푸드) 92년생 (펄어비스, 메디톡스)10.닭띠 : 합창을 하면 주가는 반대로 움직인다69년생 (리가켐바이오, 더존비즈온) 81년생 (영원무역홀딩스, 포스코DX) 93년생 (셀트리온, LG이노텍)11.개띠 : 주식투자는 절대적 유연성이 필요하다70년생 (셀트리온제약, 삼성생명) 82년생 (한화오션, 삼성엔지니어링) 94년생 (DB하이텍, 삼성중공업)12.돼지띠 : 승부를 여유있게 즐기라71년생 (코스모화학, 삼성바이오로직스) 83년생 (덴티움, POSCO홀딩스) 95년생 (클래시스, 현대미포조선)링크종목 – 오리엔트정공, 오리엔트바이오, 네오이뮨텍, 우리기술, 비비안무료상담",https://www.hankyung.com/article/202505264704a,2025.05.26 09:58
,,,https://magazine.hankyung.com/business/article/202507098423b,
"삼성바이오로직스, 5개월 만에 연 누적 수주액 3조원 돌파","유럽 및 아시아 제약사와 2건 수주 공시…각각 2420억원, 1985억원 규모

올해 美·亞·유럽 전역서 신규 계약 4건 확보, 전년 수주 금액 60% 달성

생산능력, 품질, 트랙레코드 등 경쟁력 입증…글로벌 수주 활동 박차","삼성바이오로직스가 글로벌 제약사들과 잇따라 대형 계약을 체결하며, 5개월 만에 연간 누적 수주 금액 3조원을 돌파했다. 삼성바이오로직스(대표이사: 존 림)는 26일(월) 공시를 통해 유럽 및 아시아 소재 제약사와 총 4,405억원(3억 1,957만 달러) 규모의 위탁생산(CMO) 계약 2건을 체결했다고 밝혔다. 이번 계약은 각각 유럽 제약사와 2,420억원(1억 7,555만 달러), 아시아 제약사와 1,985억원(1억 4,403만 달러) 규모이며, 계약 기간은 각각 2030년 12월 31일, 2033년 12월 31일까지다. 고객사 및 제품명은 비밀유지 조항에 따라 공개되지 않았다. 삼성바이오로직스는 올해에만 공시기준 총 4건의 신규 계약을 체결하며 글로벌 수주 경쟁력을 입증했다. 1월 첫 계약을 시작으로 미국, 아시아, 유럽 등 글로벌 전역에서 신규 수주를 이어가며, 5개월 만에 전년도 연간 수주 금액(5조 4,035억원)의 60%를 넘어서는 3조 2,525억원의 수주 실적을 기록했다. 삼성바이오로직스는 현재 글로벌 상위 제약사 20곳 중 17곳을 고객사로 확보하고 있다. 압도적 생산능력과 품질, 다수의 트랙레코드를 기반으로 한 핵심 경쟁력을 통해 창사 이래 누적 수주 총액은 약 182억 달러를 넘어섰다. 삼성바이오로직스는 증가하는 바이오의약품 수요에 선제적으로 대비하기 위해 생산능력을 확대에도 속도를 내고 있다. 5공장은 1~4공장의 최적 사례를 집약한 18만L 규모의 생산공장으로 지난 4월 본격 가동에 들어갔다. 이를 통해 삼성바이오로직스는 총 78.4만L의 세계 최대 생산능력을 확보하게 됐다. 품질 경쟁력 측면에서도 우수한 성과를 이어가고 있다. 지난해 99%의 배치(Batch) 성공률을 기록했으며, 2025년 4월 기준 미국, 유럽, 일본 등 주요 글로벌 규제기관으로부터 총 356건의 제조 승인을 획득했다. 승인건수는 생산능력 확대에 따라 지속 증가하고 있으며, 규제기관 실사 통과율도 업계 최고 수준을 유지 중이다. 한편 삼성바이오로직스는 올해 글로벌 고객과의 접점 확대를 위해 다양한 콘퍼런스에 지속 참여하고 있다. 지난 1월 JP모건 헬스케어 콘퍼런스(JPMHC)를 시작으로 3월에는 디캣 위크(DCAT Week), 5월에는 PEGS 보스턴 등에서 주요 고객 및 잠재 고객과 미팅을 진행했다. 오는 6월에는 미국 보스턴에서 열리는 세계 최대 제약·바이오 박람회인 '2025 바이오 인터내셔널 컨벤션(BIO International Convention·바이오 USA)'에 참가해 수주 활동을 더욱 강화할 예정이다.",https://www.hankyung.com/article/202505264722P,2025.05.26 08:11
"삼성바이오로직스, 1분기 영업익 4867억…분기 역대 최대","""4공장 가동 확대·환율 효과 등""","삼성바이오로직스 인천 송도 제1바이오캠퍼스 전경. 삼성바이오로직스 제공

삼성바이오로직스가 올 1분기 역대 최대 분기 매출액과 영업이익을 기록했다.삼성바이오로직스는 올 1분기 연결기준 매출액 1조2983억원, 영업이익 4867억원을 기록하며 전년 동기 대비 각각 37%와 120% 증가했다고 23일 발표했다.4공장 가동 확대와 바이오시밀러 판매 호조, 우호적인 환율 효과 등이 실적 상승을 이끌었다고 회사 측은 설명했다.별도 기준으로는 기존 1~3공장 풀가동과 4공장의 안정적 램프업(가동 확대)에 힘입어 매출 9995억원, 영업이익 4301억원을 달성했다. 자회사 삼성바이오에피스는 바이오시밀러 제품의 유럽·미국 시장 확대에 따라 매출 4006억원, 영업이익 1280억원을 기록했다.삼성바이오로직스는 연초 제시한 연간 매출 20~25% 증가 전망을 유지했다. 회사는 글로벌 경제 불확실성과 환율 변동 가능성을 감안하면서도 생산 능력 확대 및 글로벌 진출 전략을 기반으로 안정적 실적 개선을 이어갈 방침이다.이달부터는 18만L 규모의 5공장이 가동을 시작해 전체 생산능력이 78만4000L로 확대됐다. 삼성바이오로직스는 오는 2032년까지 제2바이오캠퍼스에 총 3개 공장을 추가로 건설해 생산능력을 132만4000L까지 끌어올릴 계획이다.삼성바이오에피스는 '엔브렐'과 '스텔라라' 등 주요 제품의 유럽 매출 증가와 함께 미국 시장에선 '스텔라라' 바이오시밀러 '피즈치바'와 '솔리리스', 바이오시밀러 '에피스클리'를 각각 2월과 4월 출시하며 상업화 성과를 확대하고 있다. 특히 마일스톤 수익 없이도 높은 수익성을 달성하며 자체 경쟁력을 입증했다는 평가다.연구개발 측면에서도 골질환 치료제 '프롤리아·엑스지바' 바이오시밀러의 미국·유럽 품목 허가를 완료, 임상시험을 마친 모든 파이프라인을 상용화하는 데 성공했다. 삼성바이오에피스는 향후에도 글로벌 제약사와의 협력을 기반으로 적기 출시를 통한 시장 점유율 확대를 노리고 있다.노정동 한경닷컴 기자 dong2@hankyung.com",https://www.hankyung.com/article/2025042310896,2025.04.23 17:06
"한화솔루션, 태양광 모멘텀에 힘입어 주가 상승",,"최근 한화솔루션의 주가가 강한 상승 흐름을 지속하며 국내 증시를 대표하는 태양광 종목으로 재차 주목받고 있다. 연초 이후 높은 누적 상승률을 기록하며 코스피 시가총액 상위권으로 자리매김한 가운데, 상승 배경에는 국내외 정책과 업황 회복 기대가 복합적으로 작용한 결과라는 평가다.국내에서는 RE100(기업의 100% 재생에너지 사용) 산업단지 조성 기조가 강화되면서, 태양광 기반 인프라 수요가 구조적으로 확대될 것이라는 기대가 커지고 있다. 정부의 탄소중립 정책과 맞물려 산업체 중심의 재생에너지 투자가 늘어나고, 한화솔루션은 이 같은 흐름의 직접적 수혜 기업으로 부상하고 있다.해외에서도 호재가 겹쳤다. 미국 연방의회는 가정용 태양광 설치에 대한 세액 공제 연장 등을 포함한 태양광 지원법안을 통과시켜, OBBB(One Big Beautiful Bill Act) 관련 법안 종결로 제도 불확실성이 크게 완화됐다. 이에 따라 미국 내 태양광 수요가 다시 회복되면서 글로벌 사업 확장 기대가 주가에 반영된 모습이다.




 

또한, 중국 정부의 태양광 산업 구조조정 움직임도 현지 공급 과잉 억제에 긍정적으로 작용할 전망이다. 중국 내 대형 공급자들의 생산 조절 신호가 전해지며 글로벌 가격 안정을 기대하게 만들고 있다. 이는 한국 태양광 업체에 경쟁 우위로 연결되어, 한화솔루션 등 국내 제조사의 제품 경쟁력이 강화되는 계기로 작용한다.결과적으로 한화솔루션은 △RE100 산업단지 확대 △미국 태양광 세금 지원 연장 △중국 공급 과잉 억제 움직임이라는 국내외 정책 환경 변화가 맞물리며, 글로벌 태양광 업황 회복 기대감을 선도적으로 반영하고 있다. 투자자들은 향후 미국 태양광 세제 유지 여부, 중국 구조조정 강도, 글로벌 모듈 가격 흐름을 점검하며 주가 향방을 주시할 필요가 있다는 의견이다.삼성바이오로직스, SK, 에코프로, 네오이뮨텍, 한국금융지주무료상담",https://www.hankyung.com/article/202507210949a,2025.07.21 11:03
"프레스티지바이오로직스, 수주 300억 돌파 주가 강세 지속",,"바이오의약품 C(D)MO 전문기업 **프레스티지바이오로직스(코스닥 334970)**가 최근 누적 수주잔고 300억원을 넘어섰다는 공시를 발표했다. 6월 말 기준 글로벌 제약사 및 모회사 프레스티지바이오파마로부터 총 5건의 위탁생산 계약을 체결해 수주액이 320억원을 기록했다. 이는 지난해 연 매출(약 21억원) 대비 1500% 이상 급성장한 수치로, 본격적인 생산 확장과 매출 기반 강화를 의미한다.공시 이후 주가는 강한 반응을 보였다. 외국인 및 기관의 순매수 흐름이 꾸준히 관찰되고 있으며, 최근 개인이 매도한 물량을 외국인이 상당 부분 받아내 주가 상승을 뒷받침하는 모습이다.기업 가까운 시일 내 공장 가동률을 70% 이상 끌어올릴 것으로 보이며, 이미 1공장은 최대 생산능력의 70%를 넘어섰다. 2·4공장도 수주 물량으로 가동 중이어서 연내 실질 수익 반영이 가시화될 전망이다.재무 측면에서는 1분기 매출이 전년 동기 대비 197% 증가했으며, 영업손실은 축소, 순손실도 감소했다. 단기적으로는 ‘수주→가동률 증가→실적 개선’의 선순환 국면에 진입한 것으로 평가되며, 이 같은 흐름이 주가 강세의 동력이 되고 있다.업계 한 관계자는 “300억 규모 수주잔고 돌파와 생산 능력 확대가 동시에 이뤄지면서, 프레스티지바이오로직스가 본격적인 실적 궤도에 올라섰다고 볼 수 있다”고 분석했다. 과열 우려보다는 기업 성장성에 기반한 체계적 밸류에이션 재평가 측면에서 주가 상승 국면이 지속될 가능성이 높다는 진단이다.더즌, HD현대일렉트릭, 에이피알, 삼성중공업, 현대건설무료상담",https://www.hankyung.com/article/202507071799a,2025.07.07 11:23
"우리기술, 원전 테마에 올라타며 상승세 지속",,"원자력발전소 테마가 최근 주식시장에서 재조명되며 관련 종목들의 상승 흐름이 나타나고 있다. 특히 우리기술(032820)은 이 같은 테마와 맞물리며 강한 상승세를 보이고 있어 투자자들의 시선을 사로잡고 있다. 원전 테마 전반이 상승을 시작하는 가운데, 우리기술은 단연 주목받는 종목이다.이에 대해 업계에서는 우리기술이 보유한 원자력발전소 감시·제어 시스템 역량이 이번 상승 흐름의 핵심 요인으로 꼽힌다고 분석한다. 최근 테마 전반에 투자가 대거 유입되었으며, 일부 전문가들은 “관련 인프라 트렌드와 정책 변화가 결합돼 수급의 선순환이 형성 중”이라고 평가한다.다만, 테마주의 특성상 수급 변화나 정책 모멘텀의 방향에 따라 주가의 등락 폭이 확대될 수 있다는 점에는 유의해야 한다. 향후 원전 해체 관련 정부 정책 발표나 기업 수주 상황에 따라 우리기술의 주가 흐름이 추가적으로 주목받을 가능성이 있다. 종합하면, 우리기술은 원전 해체라는 명확한 테마에 편입되며 현재 증시에서 의미 있는 흐름을 보이고 있다고 할 수 있다.우리기술, POSCO홀딩스, 삼성물산, S-Oil, 삼성바이오로직스무료상담",https://www.hankyung.com/article/202506170461a,2025.06.17 14:03
"[사설] '10년 사법 족쇄' 벗어난 삼성, 대담한 혁신으로 역동성 회복해야",,"이재용 삼성전자 회장을 10년간 옭아맨 ‘사법 족쇄’가 마침내 풀렸다. 대법원은 어제 삼성물산·제일모직 합병 및 삼성바이오로직스 회계 처리와 관련해 자본시장법 위반 등 19개 혐의로 기소된 이 회장 상고심에서 무죄를 선고한 원심을 확정했다. 1, 2심 법원에 이어 대법원까지 경영 승계를 위해 삼성물산과 제일모직 합병 과정에서 각종 부정거래와 회계 부정을 저질렀다는 검찰 주장을 하나도 받아들이지 않았다. 이 회장과 함께 재판에 넘겨진 삼성 및 회계법인 관계자 13명도 모두 무죄를 확정받았다.2016년 참여연대 등의 의혹 제기로 시작된 이 사건은 2020년 6월 외부 전문가로 구성된 검찰수사심의위원회가 이 회장 불기소와 수사 중단을 권고했다. 그런데도 검찰은 수사와 기소를 강행했고, 이 회장과 삼성은 속절없이 고통을 감내해야만 했다. 신성식 전 서울중앙지검 3차장은 언론 인터뷰에서 “아무리 들여다봐도 허점이 너무 많았는데 정해진 방향이 있어 돌이키지 못한 것”이라고 말한 바 있다. 윤석열 서울중앙지검장 시절 한동훈 3차장이 수사에 착수했고 이복현 경제범죄형사부장이 기소를 담당했다는 점도 여러 가지 생각을 하게 한다. 특수수사 경력을 인정받아 승승장구한 이들이지만, 잘못된 수사와 기소에 누구도 책임지지 않는다. 검찰을 비롯한 수사당국의 강한 자성이 필요한 대목이다.이 회장이 지난 10년 동안 재판에 출석한 횟수만 185회에 달한다고 한다. 이런 상황이라면 누구라도 경영에 전념하기 힘들 수밖에 없다. 지금 삼성이 마주한 위기는 이런 외부적 불확실성이 총체적으로 겹친 결과로 봐도 이상한 것이 없다. 삼성전자는 고대역폭메모리(HBM)에서 실기하면서 인공지능(AI) 붐에 편승하지 못했고 야심 차게 추진한 파운드리(반도체 수탁생산) 사업에서도 성과를 내지 못하고 있다. D램 메모리 시장 1위 자리까지 SK하이닉스에 내준 상태다. 이 회장은 최종 무죄를 계기로 그룹 안팎의 묵은 때를 훌훌 떨쳐내고 삼성을 21세기 세계적 기업으로 발돋움하게 한 야성과 도전정신을 회복해야 한다. 다시 글로벌 선도기업으로 재도약하기 위한 대담한 청사진과 실행 로드맵을 정립해야 한다. 삼성의 쇄신과 역동성 회복은 우리 경제의 활력 제고를 위해서도 꼭 필요하다.",https://www.hankyung.com/article/2025071753211,2025.07.17 17:10
"공모가보다 싸진 LG엔솔, 2차전지 대장주도 '휘청'","상장 후 처음으로 30만원 붕괴 
삼성바이오에 밀려 시총 4위로
업황 악화 우려에 매도 쏟아져","LG에너지솔루션 주가가 상장 이후 처음 공모가 아래로 내려갔다. 중국과의 힘겨운 경쟁에 더해 미국의 전기자동차 보조금 혜택이 조기 종료될 것이란 우려까지 겹쳐 투자 심리가 위축됐다.
                    






이미지 크게보기



                국내 최대 전기차용 배터리 생산업체인 LG에너지솔루션은 16일 유가증권시장에서 전날보다 5.37% 하락한 29만500원에 거래를 마쳤다. 2022년 1월 상장 당시 공모가인 30만원을 밑도는 가격이다. 주가의 공모가 하회는 상장 이후 3년4개월 만에 처음이다.시가총액은 67조9770억원으로 이날 하루에만 4조원 넘게 증발했다. LG에너지솔루션 시총은 상장 이후 최고 주가인 2022년 11월 11일의 62만4000원 기준 146조160억원에서 이날까지 78조390억원(53.4%) 감소했다. 국내 증시 시총 3위 자리도 이날 삼성바이오로직스에 내줬다.업황 악화를 우려한 기관투자가(611억원)와 외국인(533억원) 매물이 쏟아졌다. 지난 12일 미국 공화당은 전기차 구매자에게 제공하던 최대 7500달러의 세액공제 혜택을 조기 종료하는 내용을 담은 인플레이션 감축법(IRA) 개정안을 발의했다. 기존 혜택 기한인 2032년을 내년까지로 대폭 단축하는 게 골자다. 법안이 통과되면 주요 시장인 미국 내 전기차 수요가 줄어 배터리 업황 회복이 더욱 어려워질 수 있다. LG에너지솔루션 영업이익의 큰 부분을 차지하는 미국 첨단제조생산세액공제(AMPC) 축소 우려도 여전하다. 이 회사는 올 1분기 3747억원의 영업이익을 냈지만 AMPC 금액을 제외하면 830억원 적자로 바뀐다.이경민 대신증권 연구원은 “최근 2차전지 기업들의 유상증자 움직임에 더해 미국 IRA 전기차 세액공제 조기 종료 추진 등으로 업황 우려가 지속되고 있다”고 말했다.모회사인 LG화학의 사모 교환사채(EB) 발행도 투자 심리를 악화시켰다. LG에너지솔루션 지분을 기초자산으로 발행하는 이 10억달러(약 1조4000억원) 규모 EB의 교환 기준가액은 33만7700원으로 현재 주가와 큰 차이가 없다. 해당 물량이 시장에 나오면 주가 상승을 어렵게 할 수 있다. LG화학은 이 EB를 다음달 16일에 3년 만기로 발행한다고 15일 공시했다. 교환권은 오는 7월 27일부터 2028년 6월 9일까지 행사할 수 있다.박한신 기자 phs@hankyung.com",https://www.hankyung.com/article/2025051683111,2025.05.16 17:38
"삼성전자, 실적 불확실성과 수급 부담에 주가 조정세…단기 숨고르기 국면",,"삼성전자가 최근 단기 급등 피로감과 함께 2분기 실적 불확실성이 부각되며 주가 조정세에 들어섰다. 7월 초 기준, 외국인과 기관의 동반 매도세가 이어지며 단기 숨고르기 흐름이 형성됐다.가장 큰 부담은 2분기 실적 컨센서스 하회 우려다. 주요 증권사들은 D램 단가 상승에도 불구하고 파운드리 수익성 부진과 HBM 인증 지연, 원화 강세 등이 복합 작용해 영업이익이 기대치를 밑돌 수 있다고 분석하고 있다. 실제 일부 기관은 2분기 영업이익을 전분기보다 낮은 5조 원대로 하향 조정했다.수급도 매도 우위 흐름이 뚜렷하다. 외국인과 기관도 차익 실현에 나서며 하락 압력을 키우고 있다.다만 하반기 전망은 여전히 긍정적이라는 평가다. D램 가격 반등과 AI 서버용 고대역폭 메모리(HBM) 수요 확장은 지속되고 있으며, 3분기부터는 실적 개선이 본격화될 가능성이 높다는 분석도 존재한다. 한 증권사 연구원은 “이번 조정은 실적 발표를 앞둔 재료 노출에 따른 자연스러운 흐름”이라며 “중장기적으론 AI 반도체 경쟁력 회복과 수급 안정이 주가를 다시 끌어올릴 가능성이 있다”고 밝혔다.프레스티지바이오로직스, 에이비엘바이오, 일진전기, 한미반도체, 로킷헬스케어무료상담",https://www.hankyung.com/article/202507071910a,2025.07.07 12:33
"30일, 기관 거래소에서 LG씨엔에스(-11.12%), 두산에너빌리티(+3.95%) 등 순매도",,"기관 투자자는 30일 거래소에서 LG씨엔에스, 두산에너빌리티, 카카오페이 등을 중점적으로 매도한 것으로 나타났다.기관 투자자의 순매도 상위 20개 종목은 LG씨엔에스, 두산에너빌리티, 카카오페이, KODEX 200선물인버스2X, 카카오, KODEX 200, KODEX 200타겟위클리커버드콜, HDC현대산업개발, 현대오토에버, TIGER 미국S&P500등이다.이중에 의약품 업종에 속한 종목이 2개 포함되어 있다.두산에너빌리티, KODEX 200, KODEX 200타겟위클리커버드콜 등은 전일 대비 주가가 상승했고, LG씨엔에스, 카카오페이, KODEX 200선물인버스2X 등은 주가가 하락했다.[06월30일]거래소 기관 순매도 상위 종목한경로보뉴스이 기사는 한국경제신문과 금융 AI 전문기업 씽크풀이 공동 개발한 기사 자동생성 알고리즘에 의해 실시간으로 작성된 것입니다.",https://www.hankyung.com/article/202506309694L,2025.06.30 18:35
한도 초과 걱정 없이 연 4%대 금리로 저점 집중투자 시작하기!,,"부자네스탁론이 봄맞이 이벤트로 5년고정 연 4.9%의 저금리 스탁론 상품을 출시하면서 투자자들에게 화제가 되고 있다.5년고정 연 4.9%의 저금리 스탁론은 주요 증권사의 신용 금리로 알려진 8~9%대의 금리보다 훨씬 금리가 낮은 상품이다.스탁론 상품들은 증권사 신용보다 레버리지는 더 높고 담보유지비율은 더 낮아 투자 고수들 사이에서 잘 알려진 상품이다.미수나 반대매도를 해결해주는 대환대출상품, 한 종목 100% 집중투자 상품신용등급, 매수불가종목, D.S.R 등 주식투자자들의 고민을 완벽하게 해결해주는 솔루션을 제공하는부자네스탁론은 고객마다 가장 최적의 대출방법으로 해결해준다.-스탁론 D.S.R<총부채원리금상환비율> 고강도 규제에도! 문제없는 부자네스탁론!– 소득 낮고 기존 대출금액 많아도 계좌평가금액에 비례해서 대출가능!▶머니투데이 부자네스탁론① 5년고정 연 4.9% 금리의 최저금리 스탁론② 자기자본포함 최대 4배까지 레버리지 투자 가능③ 매수가능종목 100% 집중투자가능 (코스닥, 시가총액, 포트폴리오비율상관없이)④ 스탁론 전종목 1:1 매수상담문의 → 수익극대화⑤ 반대매도 임박 / 추가입금이 힘들다면? → 1:1 로스컷 전문상담⑥ D.S.R과 신용등급 낮.아.도 문제없이 매입/대환까지 가능!★ D.S.R비율, 신용등급 무관 저금리 부자네스탁 AM8:00~PM4:00 ☎1577-5852★ AM 8:00 부터 선착순 예약접수 http://www.bujane.co.kr/5월 고객들의 문의가 많은 종목은 알테오젠, 삼성바이오로직스, 에르코스, 한국항공우주, 삼성중공업 등이 있다.무료상담",https://www.hankyung.com/article/202505138545a,2025.05.13 13:28
금통위 앞둔 코스피…미 기술주 훈풍에 연고점 또 경신,"개인 '사자' 외인·기관 '팔자'
하반기 첫 금통위 '동결' 전망","사진=뉴스1

                코스피지수가 하반기 첫 금융통화위원회를 앞두고 미 기술주 훈풍에 연고점을 재차 경신하며 상승세를 이어가고 있다.10일 오전 9시7분 현재 코스피지수는 전일 대비 6.51포인트(0.21%) 오른 3140.25를 기록 중이다. 지수는 장 초반 한때 3147.06까지 상단을 높이면서 전날 기록했던 연고점(3137선)을 뛰어넘었다.앞서 간밤 뉴욕증시에선 S&P500과 나스닥종합지수가 사상 최고치를 돌파하는 등 주요 지수가 일제히 상승했다. 특히 엔비디아는 시가총액 4조달러(약 5500조원)를 넘어서는 세계 최초의 기업이 됐다.한국은행 금통위는 이날 하반기 첫 통화정책방향 회의에서 현재 연 2.50%인 기준금리를 조정할지 결정한다. 시장에선 가계대출 불안, 한미 금리차 등을 이유로 동결을 전망하고 있다.이 시각 현재 유가증권시장에서 개인이 2992억원 순매수다. 외국인과 기관은 각각 1611억원과 1023억원 매도우위다.시총 상위주들은 혼조세다. 삼성전자와 SK하이닉스가 각각 0.25%와 1.25% 상승하고 있는 가운데 삼성바이오로직스(2.75%), LG에너지솔루션(1.64%), 현대차(0.48%) 등이 오르고 있다.반면 KB금융(-0.76%), 두산에너빌리티(-2.8%), 네이버(-0.98%), 한화에어로스페이스(-1.41%), 셀트리온(-0.57%) 등은 떨어지고 있다.대신밸류리츠는 코스피 상장 첫날 공모가 대비 8%대 떨어지고 있다.코스닥지수도 오름세다. 이 시각 현재 코스닥지수는 0.37% 오른 793.29를 기록 중이다. 코스닥시장에서도 개인이 935억원 순매수를 기록하고 있는 반면 외국인과 기관은 각각 657억원과 178억원 매도우위다.코스닥 시총 상위주들은 파마리서치를 제외하곤 대부분 오르고 있다. 알테오젠(1.89%), 에코프로비엠(0.4%), HLB(0.4%), 에코프로(-.22%), 레인보우로보틱스(2.25%) 등이 빨간불을 켰다.우리기술투자는 가상자산 거래소 업비트 운영사두나무의 스테이블코인 상표권 출원 소식에 12%대 급등하고 있다. 우리기술투자는 두나무의 주요주주다.원·달러 환율은 소폭 하락했다. 이날 서울 외환시장에서 원·달러 환율은 전일 대비 2.0원 떨어진 1373.0원에 개장했다.노정동 한경닷컴 기자 dong2@hankyung.com",https://www.hankyung.com/article/2025071091156,2025.07.10 09:21
"코스피, 미 관세 우려 완화에 상승 출발…'해킹사고' SKT 약세","외인·기관 '팔자'
미 조선업 재건 수혜 기대감에 조선株 강세","사진=연합뉴스

                28일 코스피지수가 미 관세 불확실성이 차츰 걷히면서 상승으로 방향을 잡았다.이날 오전 9시9분 현재 코스피지수는 전 거래일 대비 8.48포인트(0.33%) 오른 2554.78을 기록 중이다.미 관세 전쟁에 대한 불안감이 서서히 잦아들면서 투자심리가 개선되고 있는 데 따른 것으로 풀이된다. 지난주 마지막 거래일 뉴욕증시도 관세 갈등이 최악을 지났다는 인식에 4거래일 연속 상승세를 이어갔다.다만 외국인 매도세는 이어지고 있다. 이 시각 현재 유가증권시장에서 외국인과 기관 투자자는 각각 914억원과 473억원 순매도를 기록하고 있다. 개인은 1454억원 매수우위다.코스피 시가총액 상위종목들은 혼조세다. 삼성전자, LG에너지솔루션, 삼성바이오로직스가 상승하고 있는 반면 SK하이닉스, 현대차, 한화에어로스페이스는 내리고 있다.미 조선업 재건 기대감에 STX엔진, 한화엔진, 한화오션, 효성중공업, HD현대마린엔진 등이 강세를 나타내고 있다. 호텔신라는 면세업 실적 턴어라운드 기대감에 5%대 오르고 있다.'해킹사고'가 발생한 SK텔레콤 주가는 장 초반 4.5% 약세다.코스닥지수는 보합권에서 등락하고 있다. 이 시각 현재 코스닥지수는 0.08% 오른 730.24를 기록 중이다. 코스닥시장에서도 외국인과 기관이 각각 335억원과 228억원 순매도하고 있다. 개인은 616억원 매수우위다.코스닥시장에선 에코프로, 에코프로비엠이 각각 4~6%대 오르고 있다.원·달러 환율은 상승으로 출발했다. 이날 서울 외환시장에서 원·달러 환율은 전 거래일 대비 2원 오른 1438.5원에 개장했다.노정동 한경닷컴 기자 dong2@hankyung.com",https://www.hankyung.com/article/2025042893616,2025.04.28 09:21
"설립 140주년 인천상공회의소, 올해의 상공대상 발표",,"인천상공회의소. 

                인천상공회의소가 제43회 상공대상 수상자를 선정해 발표했다.4일 인천상의에 따르면, 올해 상공대상 수상자는 △기술개발부문 강은식 흥아기연 대표이사 △노사협조부문 김상고 모아저축은행 회장 △사회복리부문 김동중 삼성바이오로직스 부사장 △환경경영부문 이창원 인천화학 대표이사 △지식재산경영부문 이용복 부성 대표이사를 각각 선정했다.인천상공회의소 상공대상은 1983년부터 지역 상공인의 긍지를 높이고 사기 진작을 위해 매년 기업인을 선정해 수여하고 있다.시상식은 7월 3일 오전 11시 송도컨벤시아 프리미어볼룸에서 열리는 ‘인천상공회의소 창립 제140주년 기념식'에서 진행된다.이상범 심사위원장(인천상의 상근부회장)은 “수상업체들은 지역 사회와의 동반 성장에 책임을 다하고 지속적인 혁신과 성장을 꾀하는 기업""이라고 말했다.인천=강준완 기자",https://www.hankyung.com/article/202506045207h,2025.06.04 16:42
외국인 기관 움직임을 살펴보면 주가지수가 보인다?,,"외국인, 기관 투자자들은 개인 투자자들에 비해 막대한 자금을 보유하고 있으며, 시장을 주도하는 경우가 많다.그렇기 때문에 많은 투자자들이 궁금해하는 외국인, 기관이 전일 코스피, 코스닥,선물을 얼마나 순매수 하는지에 대해 알아보고자 한다.




 

코스피는 외국인이 6,146억원을 순매수 하였으며 기관은 5,072억원을 순매수 하였다코스닥은 외국인이 783억원을 순매수 하였으며 기관은 -641억원을 순매수 하였다선물(코스피200)은 외국인이 4,514억원을 순매수 하였으며 기관은 -4,226억원을 순매수 하였다.(4월 25일 기준)링크종목 – 한미약품, 삼성바이오로직스, 카페24, LG디스플레이, 고영무료상담",https://www.hankyung.com/article/202504289508a,2025.04.28 10:33
"[마켓PRO] ""관세 영향 없는 경기방어주""…한국전력에 투자고수 자금 몰려",,"※한경 마켓PRO 텔레그램을 구독하시면 프리미엄 투자 콘텐츠를 보다 편리하게 볼 수 있습니다. 텔레그램에서 ‘마켓PRO’를 검색하면 가입할 수 있습니다.




사진=뉴스1

                투자수익률 상위 1％의 고수들이 한국전력을 집중적으로 매수했다.23일 미래에셋엠클럽에 따르면 미래에셋증권 계좌로 주식을 거래하는 수익률 상위 1％ 고수들은 이날 개장부터 오전 10시까지 국내 증시에서 한국전력을 가장 많이 순매수했다. LIG넥스원 네이처셀 삼성중공업 등이 뒤를 이었다.
                    




                한국전력은 지난 21일 최근 1년 신고가를 경신하며 상승세를 이어가고 있다. 최근 한 달동안 주가가 12.11%올랐다. 실적개선 기대가 주가를 밀어올렸다. 한국전력은 2021년 2분기부터 2023년 2분기까지 영업적자를 이어왔다. 이후 2023년 3분기부터 흑자전환에 성공해 실적 개선세가 뚜렷하다. 올 1분기 한국전력의 증권가 추정치 평균 매출은 24조7090억원, 영업이익은 3조7547억원이다. 한국전력이 대표적인 경기방어주여서 직접적인 관세 영향을 받지 않는다는 점도 투자심리를 자극하고 있다. 
                    




SK하이닉스와 삼성바이오로직스는 순매도 상위에 이름을 올렸다. SK하이닉스는 이 날 시장 예상치를 웃도는 1분기 실적을 발표했다. 매출은 17조 6391억원으로 작년 동기대비 41.9% 늘었고, 순이익은 8조1082억원으로 323% 급증했다. 1분기 기준으로는 역대 최대 실적이다. 전체 분기 중에서도 지난해 4분기에 이어 역대 두번째로 좋은 실적이다. 영업이익률도 전 분기대비 1%포인트 개선된 42%를 기록했다. 8개 분기 연속 개선 추세를 이어갔다.  삼성바이오로직스 역시 전일 사상 최대 매출과 영업이익을 발표했다. 1분기 연결기준 전년동기대비 매출이 37.1%늘어난 1조2983억원, 영업이익은 119.9% 증가한 4867억원을 기록했다. 양사 모두 호실적에도 불구하고 주가가 하락한 것에 대해 시장에서는 실적 확인 이후 관세 등 정책 불확실성의 영향을 더 크게 보고있는 것 아니냐는 분석이 나온다.나수지 기자 suji@hankyung.com",https://www.hankyung.com/article/202504242705i,2025.04.24 13:41
"""삼성바이오로직스, 의약품 관세 불확실성 해소 기대""-키움",,"사진=연합뉴스

                키움증권은 4일 삼성바이오로직스에 대해 미국의 의약품 관세 관련 불확실성이 해소되면 주가 상승을 기대할 수 있다며 투자의견 ‘매수’, 목표주가 130만원을 유지했다.허혜민 키움증권 연구원은 “의약품 관세 불확실성 지속이 주가 상승을 막고 있어, 오히려 관세 발표가 불확실성 해소로 작용할 것”이라며 “6공장 착공도 하반기에 발표될 수 있다”고 말했다.삼성바이오로직스는 2분기 매출 1조2942억원, 영업이익 4656억원의 실적을 기록했을 것이라고 키움증권은 추정했다. 직전 분기 대비 매출은 비슷하고 영업이익은 4%가량 감소할 것이란 추정치다. 영업이익 추정치는 현재 집계된 컨센서스(증권사 추정치 평균) 4240억원 대비 10%가량 많은 수준이다.허 연구원은 “2분기 평균 환율은 달러당 1404원으로, 직전분기 대비 3%가량 하락했다. 이에 따른 (부정적) 영향이 있었을 것”이라며 “환율 외에 예상되는 일회성 및 기타 대규모 비용 지출은 없다”고 설명했다.한경우 한경닷컴 기자 case@hankyung.com",https://www.hankyung.com/article/2025070474596,2025.07.04 07:16
"코스피, 2550선 되찾아…SKT 신규가입 중단에 알뜰폰株 '급등'",코스닥도 상승 전환,"사진=연합뉴스

                코스피가 장중 낙폭을 줄이며 보합권에 머무르고 있다. 코스닥은 상승 전환했다.2일 오전 11시 현재 코스피는 전 거래일 대비 2.18포인트(0.09%) 하락한 2554.43을 가리키고 있다. 장 초반 2540.57까지 밀렸던 코스피는 낙폭을 줄이며 보합권까지 올라왔다. 장중에는 상승 전환하며 2560선을 웃돌기도 했다.유가증권시장에서 외국인은 1434억원을 순매도하고 있다. 기관과 개인은 각각 877억원, 133억원을 순매수하며 물량을 받아내고 있다.코스피 시가총액 상위주는 엇갈린 흐름을 보이고 있다. 현대모비스(-3.39%)의 낙폭이 두드러진 가운데 기아(-1.99%), 삼성전자(-1.44%), 네이버(-1.25%), 현대차(-1.15%), 신한지주(-0.97%)가 약세를 띠고 있다.반면 호실적을 발표한 한화에어로스페이스(2.51%)를 필두로 SK하이닉스(2.37%), KB금융(1.77%), 한화오션(1.53%), 삼성바이오로직스(1.52%)는 상승세다. 해킹 사건 후 SK텔레콤은 약세를 보이고 있으며 경쟁사인 KT와 LG유플러스는 강세를 보이고 있다. 알뜰폰 업체인 LG헬로비전, 세종텔레콤은 10% 이상 급등 중이다.코스닥 지수는 전 거래일 대비 4.9포인트(0.68%) 오른 722.49에 거래되고 있다. 코스닥 지수도 장 초반 714.07까지 하락했지만, 우상향하며 720선을 되찾았다.코스닥 시장에서 외국인과 기관은 각각 462억원, 210억원을 순매수하며 지수를 끌어올리고 있다. 개인은 619억원을 순매도하고 있다.코스닥 시총 상위주도 대부분 강세를 띠고 있다. 중국의 한한령(한류제한령 해제) 기대감에 에스엠(2.91%)은 3%가량 상승 중이다. 펩트론(2.02%), 에코프로비엠(1.87%), 알테오젠(1.57%), 휴젤(1.37%), 파마리서치(1.33%), 리가켐바이오(0.95%), HLB(0.53%)은 오르고 있다.원·달러 환율은 1433.9원을 가리키고 있다.진영기 한경닷컴 기자 young71@hankyung.com",https://www.hankyung.com/article/2025050200256,2025.05.02 11:13
주가 하락 속에서는 기회 선점 위한 여유자금이 중요?,,"국내외 증시가 하락세를 보이며 불확실성이 커지는 가운데, 일부 투자자들은 현금 보유의 중요성을 다시 인식하고 있다. 몇몇 투자자들은 여유자금이 없어 저가매수를 하고 싶어도 하지 못하는 상활이 발생하기 때문이다.불확실성 등으로 인한 시장이 흔들리는 상황에서 여유자금은 오히려 기회를 선점할 수 있는 수단이 될 수 있다. 전문가들 역시 유동성을 확보해 두고, 향후 반등 시점에 신속히 대응할 수 있는 투자 전략을 조언하고 있다.




 

한편, 부자네에서는 고객들에게 여려 면에서 차원이 다른 혜택을 제공하고 있다는 것으로 알려졌다.부자네는 앞으로도 고객들의 성공 투자를 위해 혁신적인 솔루션을 아낌없이 제공할 예정이다.송출종목: 이수페타시스, 펩트론, CJ, 삼성바이오로직스, HD한국조선해양무료상담",https://www.hankyung.com/article/202504214702a,2025.04.21 14:35
[마켓PRO]투자고수와 고액자산가가 동시에 '픽'한 네이버,"수익률 상위 1% 투자자 순매수 2위
고액자산가 순매수 1위 차지한 네이버","이해진 네이버 의장 /사진=네이버

                수익률 상위 1% 투자고수와 고액자산가들이 지난주 네이버를 집중적으로 사들인 것으로 나타났다. 미래에셋증권에 따르면 이 증권사를 이용하는 수익률 상위 1% 투자 고수가 지난 20~27일 가장 많이 사들인 종목 2위는 네이버였다. 정부의 추가경정예산안 편성 등 내수 회복 정책으로 하반기 국내 경기가 회복되면 네이버 광고와 전자상거래 매출 증가율도 반등할 가능성이 높다는 분석이 힘을 받은 데 따른 것으로 풀이된다. 오동환 삼성증권 연구원은 “하반기 소비 진작 쿠폰이 발행되면 네이버 커머스 매출도 10%가량 증가할 수 있다”고 말했다. 
                    




                네이버클라우드 AI 혁신 센터장을 지낸 하정우 AI미래기획 수석이 정부의 AI 정책을 총괄하게 되면서 네이버의 ‘소버린 AI’ 전략도 다시 힘을 받을 것으로 전망된다. 오 연구원은 “경기 회복세와 정부의 AI 지원 정책에 따른 수혜를 받으며 실적과 밸류에이션(실적 대비 주가)이 상승하는 구간에 진입했다”고 말했다. 순매수 1위는 삼성중공업이 차지했다. 최근 삼성중공업의 수주 확대 동력이 강해지고 있다는 분석이 힘을 받고 있는 데 따른 것으로 풀이된다. 최근 양현모 DS투자증권 연구원은 ""실적에 악영향을 주는 컨테이너선은 작년 26척, 올해 4척 인도되는 반면, 마진을 확보한 8척은 내년 인도된다""고 분석했다. 이에 따라 TEU(20피트 컨테이너 1개 단위)당 평균 단가가 지난해 1만904달러, 올해 1만965달러에서 내년 1만2천125달러로 대폭 상승할 것으로 예상했다.이 외에도 보로노이와 한화오션, 에스피지 등이 그 뒤를 이었다. 고액자산가는 네이버와 카카오 등 정보기술(IT) 관련주를 집중적으로 매집한 것으로 나타났다. 한국투자증권의 계좌 평균 잔액이 10억원 이상인 고액자산가 투자자는 지난 20~27일 네이버를 가장 많이 사들였다. 총 149억1000만원어치를 순매수했다. 카카오(49억1000만원)가 그 뒤를 이었다.
                    




                고액자산가들은 국내 증시의 시가총액 상위주도 집중 매수했다. 순매수 4위에 삼성전자(45억1000만원), 5위에 현대차(39억1000만원), 7위에 삼성바이오로직스(36억3000만)가 각각 올랐다. 국내 증시의 추가 상승세를 점치며 바스켓 매수를 시도한 것으로 풀이된다.심성미 기자 smshim@hankyung.com",https://www.hankyung.com/article/202506296692i,2025.06.29 14:46
"22일, 기관 거래소에서 한화오션(+1.41%), 현대로템(+3.36%) 등 순매수",,"기관 투자자는 22일 거래소에서 한화오션, 현대로템, NAVER 등을 중점적으로 사들인 것으로 나타났다.기관 투자자의 순매수 상위 20개 종목은 한화오션, 현대로템, NAVER, LIG넥스원, 삼성 인버스 2X 천연가스 선물 ETN C, 삼성바이오로직스, 한화엔진, 신한지주, 하나금융지주, KODEX 코스닥150레버리지등이다.이중에 운수장비 업종에 속한 종목이 5개 포함되어 있다.한화오션, 현대로템, NAVER 등은 전일 대비 주가가 상승했고, 신한지주, KODEX 코스닥150레버리지, 한미반도체 등은 주가가 하락했다.[04월22일]거래소 기관 순매수 상위 종목한경로보뉴스이 기사는 한국경제신문과 금융 AI 전문기업 씽크풀이 공동 개발한 기사 자동생성 알고리즘에 의해 실시간으로 작성된 것입니다.",https://www.hankyung.com/article/202504228756L,2025.04.22 18:35
"카카오페이, 디지털 금융 플랫폼 강화로 주가 상승세 지속",,"카카오페이(377300)가 최근 디지털 금융 플랫폼 강화와 실적 개선에 힘입어 주가 상승세를 이어가고 있다. 2025년 1분기 연결 기준 매출은 전년 동기 대비 증가하며, 특히 금융 서비스 부문에서의 성장이 두드러졌다. 카카오페이는 최근 다양한 금융 상품과 서비스를 출시하며, 디지털 금융 시장에서의 입지를 확대하고 있다.또한, 카카오페이는 최근 인공지능(AI) 기반의 금융 서비스 개발에 적극 투자하고 있으며, 이를 통해 사용자 맞춤형 서비스 제공과 운영 효율성 향상을 목표로 하고 있다. AI 기술을 활용한 리스크 관리와 데이터 분석 강화로 수익성 개선에도 긍정적인 영향을 미치고 있다.증권가에서는 카카오페이의 향후 성장 가능성을 높게 평가하고 있으며, 디지털 금융 시장의 확대와 함께 지속적인 실적 성장이 기대된다는 분석이 나오고 있다. 특히, 카카오 그룹과의 시너지 효과를 통해 다양한 사업 영역에서의 확장이 가능할 것으로 전망된다.카카오페이는 향후 금융 플랫폼의 경쟁력을 강화하고, 다양한 디지털 금융 서비스를 통해 시장 점유율 확대를 목표로 하고 있다. 이를 통해 장기적인 성장 기반을 마련하고, 주가 상승세를 지속할 것으로 기대된다.삼성바이오로직스, 대보마그네틱, 이스트아시아홀딩스, 대한항공, 삼양식품무료상담",https://www.hankyung.com/article/202507023191a,2025.07.02 10:58
,,,https://magazine.hankyung.com/business/article/202507174828b,
"삼성바이오로직스, 인적분할해 '삼성에피스홀딩스' 설립",CDMO·바이오시밀러 사업 분할로 경쟁력 강화,"삼성바이오로직스(대표이사: 존 림)는 단순·인적분할 방식으로 '삼성에피스홀딩스'를 설립해 바이오 의약품 위탁 개발/생산(CDMO)사업과 바이오시밀러 사업을 완전히 분리한다고 22일(목) 공시했다.이번 분할을 통해 삼성바이오로직스는 순수 CDMO 회사로 거듭나게 되며, 순수 지주회사로 신설되는 삼성에피스홀딩스는 향후 바이오시밀러 기업인 삼성바이오에피스를 완전 자회사로 편입할 예정이다.삼성바이오로직스가 사업 분할에 나선 것은 CMO사업과 바이오시밀러 사업을 완전히 분리해 CDMO 고객사와 경쟁 사업을 운영하고 있다는 고객사의 잠재적 우려를 해소하고, 수익 창출 방식이 다른 두 사업에 동시에 투자해야하는 투자자들의 고민도 해소해주기 위해서다.삼성바이오로직스와 삼성에피스홀딩스는 이번 분할을 통해 독립 의사결정 체계를 더욱 더 공고히 함으로써 각각 사업 경쟁력을 강화하고 기업가치·주주가치 제고에 나설 방침이다.삼성바이오로직스는 최근 국제 통상 환경 변화, 약가 인하 등 대외 정책 불확실성이 급격히 증가하는 상황에서, 바이오CDMO와 바이오시밀러 사업이 혼재되어 있는 근원적 리스크 요인을 사전에 제거하기 위해 분할을 결정했다.삼성에피스홀딩스는 그동안 삼성바이오로직스에서 자회사 관리 및 신규 투자를 맡아 온 사업부문이 분할되어 설립된다. 김경아 삼성바이오에피스 대표이사가 삼성에피스홀딩스 대표이사직을 겸임할 예정이다.분할은 오는 7월 29일 증권신고서 제출, 9월 16일 분할 승인을 위한 주주총회 개최 등의 절차를 거쳐 최종 결정된다. 삼성에피스홀딩스 창립 예정일은 10월 1일이며, 삼성바이오에피스를 100% 자회사로 편입해 분할을 완료한다. 이어 10월 29일에 존속회사인 삼성바이오로직스의 변경 상장 및 신설회사인 삼성에피스홀딩스의 재상장이 진행될 예정이다.이번 기업 분할은 주주가 기존법인과 신설법인의 주식을 지분율에 비례해 나눠 갖게 되는 인적분할 방식으로 진행되며, 삼성바이오로직스의 기존 주주는 삼성바이오로직스 주식과 삼성에피스홀딩스 주식을 0.6503913 대 0.3496087의 비율로 교부 받게 된다. 분할 비율은 현재 순자산 장부가액을 기준으로 정해졌다.신주 배정 기준일 전날인 9월 29일부터 변경상장 및 재상장일 전날인 10월 28일까지 삼성바이오로직스 주식거래는 일시 정지된다.이번 분할을 통해 삼성바이오로직스와 삼성에피스홀딩스는 각 사업부문별 특성과 전략에 적합한 신속하고 전문적인 의사결정이 가능해졌으며, 이를 바탕으로 더욱 빠르고 유연하게 사업추진을 할 수 있게 됐다.순수 CDMO(Pure-play CDMO) 회사로 거듭난 삼성바이오로직스는 '글로벌 톱티어 CDMO'를 목표로 한 성장 전략을 이어나갈 계획이다. '생산 능력·포트폴리오 다각화·글로벌 거점 확대'의 '3대축 성장 전략'을 토대로 CDMO 역량 강화와 함께 항체·약물접합체(ADC), 아데노연관바이러스(AAV), 사전충전형 주사기(PFS) 등 신사업 분야에 대한 투자도 더욱 확대할 예정이다.삼성에피스홀딩스는 삼성바이오에피스를 '세계 1위 바이오시밀러 기업'으로 육성하기 위해 20종 이상의 바이오시밀러 제품군을 확보한다는 성장 전략을 제시했다. 또한 신규 모달리티 개발 플랫폼 구축 등 미래 성장을 위한 차세대 기술 분야에 대한 발굴 및 투자도 지속할 계획이다.존 림 삼성바이오로직스 대표는 ""급격한 글로벌 환경 변화에 선제적으로 민첩하게 대응하고, 선택과 집중을 통해 양사가 각 사업에서 초격차 경쟁력을 확보할 수 있도록 이번 분할을 결정했다""며 ""양사 모두가 성장을 가속화해 글로벌 톱티어 바이오 기업으로 도약하는 계기가 될 것""이라고 말했다.",https://www.hankyung.com/article/202505228312P,2025.05.22 07:50
"콜드체인(저온 유통) 테마주, 백신·식품·바이오 수요 회복에 동반 강세",,"최근 국내 증시에서 콜드체인(저온 유통) 테마가 주목받고 있다. 특히 미국 FDA가 삼성바이오로직스 송도 생산시설에 대한 실사를 진행하면서 관련 바이오 시밀러 및 콜드체인 인프라 관련주들이 강세를 보이는 중이다. 이는 코로나19 이후 의료·백신 유통 체인의 중요성이 재차 부각된 데 따른 것으로 분석된다.또한, 국내 고병원성 조류인플루엔자(AI) 발생 우려가 확산하면서 육계·식품 신선물류 분야에서 콜드체인 수요가 늘고 있다는 점도 관련주에 호재로 작용하고 있다. 이러한 외부 변수들이 결합하며, 이들 기업의 주가는 전반적으로 큰 폭의 강세를 보이는 흐름이다.시장 전문가는 “의약품·백신의 온도 관리 수요 증가와 함께 신선식품 유통에도 콜드체인 시스템은 더 이상 선택이 아닌 필수가 됐다”며, “특히 바이오헬스 및 농축산 분야 투자자들이 동시에 관심을 두는 복합 테마로 자리 잡고 있다”고 평가했다.한편, 산업통계에 따르면 한국의 콜드체인 시장은 2024년 기준 약 6조 2천억 원 수준이며, 향후 연평균 20% 이상 성장할 것으로 전망되고 있다. 테마 전반의 구조적 성장 기반이 견고해지고 있다는 분석도 나온다. 정부·기업의 설비 투자 확대, 시스템 자동화·디지털화 추진이 더해지면서 내년 이후에도 주요 수익 테마로 자리할 가능성이 높다.결론적으로, 최근 콜드체인 테마주는 의료·바이오 인프라 중요성 재확인, 식품·육계 수요 증가 등 다중 요인에 힘입어 동반 강세를 보이고 있으며, 중장기적으로도 확장 모멘텀이 지속될 것으로 기대된다.동양철관, 알테오젠, 미래에셋증권, HD한국조선해양, HD현대일렉트릭무료상담",https://www.hankyung.com/article/202506307804a,2025.06.30 11:23
"""로직스는 CMO, 에피스는 R&D…삼성바이오 잘 헤어졌다""",,"출처:챗GPT 생성이미지

삼성바이오로직스의 인적분할로 이해충돌의 요소가 사라지며 기업가치가 상승할 것이라는 증권업계의 평가가 이어지고 있다. 삼성바이오에피스와의 분리가 각 사에게 더 이로울 것이란 분석이 지배적이다. 다만 재상장할 신설회사 '삼성에피스홀딩스'의 경우, 연구·개발(R&D)기업으로 기업가치 제고에 나서야한다는 지적도 나왔다.23일 각 증권사의 애널리포트는 삼성바이오로직스의 인적분할을 긍정적으로 봤다. 우선 고객사 확대에 도움이 될 것이라는 분석이다. 삼성바이오로직스는 글로벌 상위 20개 제약사 중 17곳을 고객사로 확보하고 있다. 다만 고객사의 주요 제품 특허 만료 이후에 삼성바이오에피스에서 기존 고객사의 바이오시밀러 의약품이 나올 수 있다는 우려가 항상 존재해왔기 때문이다. 특히 삼성바이오에피스가 글로벌 톱5수준의 바이오시밀러로 성장하면서 기술 유출에 대한 경계감은 더 커졌다. 정유경 신영증권 연구위원은 ""삼성바이오로직스는 IT시스템을 분리하거나, 프로젝트 담당 인력을 고정하는 등 파이어월을 구축하며 고객사 우려를 불식시키려 노력했으나 삼성바이오에피스의 바이오시밀러 사업이 성과를 내고 실적이 증가하는 모습을 보이며 신규 고객사 중심으로 이해상충 우려가 고조됐다""며 ""파이어월 구축에 따른 내부 조직 운영의 비효율성도 증가하며 에피스를 분리하는 결정을 내린 것으로 추정된다""고 말했다.영업이익률 개선도 긍정적인 요소로 평가했다. 삼성바이오에피스의 영업이익률은 삼성바이오로직스보다 낮다. 김선아 하나증권 연구원은 ""삼성바이오로직스는 삼성바이오에피스를 연결기업으로 두면서 겪은 외형적 매출 및 영업이익 감소 문제를 해결하게 된다""고 했다.다만 항체의약품 중심의 단순화된 CDMO 사업 모델에 대한 우려도 나왔다. 정유경 연구위원은 ""사업의 성장성이 '공장의 증설→수주→실적으로 단순화돼 어느 하나의 결과가 미진할 시 성장성 정체로 인식될 수 있다""며 ""생산 가능한 모달리티가 아직 다양하지 않은 상황에서 전방시장의 둔화나 정책 리스크에 따른 산업 패러다임의 변화에 노출될 시 밸류에이션 디레이팅으로 즉시 연결될 것""이라고 지적했다.신설회사 '삼성에피스홀딩스(가칭)'의 기업가치에 대한 의구심도 나왔다. 삼성바이오로직스는 22일 삼성에피스홀딩스와의 분할 비율을 약 65대 35라고 발표했다. 이에 따르면 삼성바이오로직스의 기업가치는 약 50조원, 삼성에피스홀딩스의 가치는 27조원이 된다. 이희영 대신증권 연구원은 ""이 경우 삼성에피스홀딩스의 지난 12개월간 EV/EBITDA(기업가치를 세전영업이익으로 나눈 값)은 65.6배가 된다""며 ""같은 바이오시밀러 기업인 산도즈의 EV/EBITDA는 15.9배, 셀트리온은 23.1배""라고 꼬집었다.  EV/EBITDA 값이 높다는 것은 기업가치가 고평가됐다는 것을 의미한다. 위해주 한국투자증권 연구원도 ""바이오시밀러 사업의 개발 진입장벽이 점차 낮아지고 가격 경쟁이 치열해지는 국면""이라며 ""관세와 약가 인하 리스크까지 불거지고 있어 삼성에피스홀딩스의 기업가치는 불확실하다""고 했다.반면 미래 성장 가치를 높게 보는 시각도 많았다. 김승민 미래에셋 연구위원은 '집중의 로직스, 진화의 에피스'라는 제목의 보고서를 통해 ""삼성에피스홀딩스는 기업가치 하락을 예상한다""면서도 “장기적으로는 바이오시밀러 사업 외에 (신약 개발 등) 신규사업의 가치가 추가될 것”이라고 덧붙였다.정유경 연구위원도 '서로 더 나은 미래를 위한 헤어짐'이라는 제목의 보고서에서 ""그동안 CDMO 사업에 가려 제대로 인식되고 평가받지 못했던 바이오시밀러 사업의 성과와 실적이 온전히 주목받을 수 있게 됐다""며 ""추진 중인 신약 프로젝트도 적극 공개가 가능해 R&D기업으로서 밸류에이션을 정당하게 받을 수 있을 것""이라고 했다. 또 ""신규사업 추진 및 사업회사 확장에 자율성이 높아져 삼성그룹 바이오사업 확장의 도구로 자리잡고 인식될 것""이라고 했다.이번 인적분할을 두고 삼성의 지배구조 개편을 위한 시도로 보는 시선도 여전하다. 엄민용 신한투자증권 연구원은 ""이번 분할을 삼성전자에 대한 지분 확보를 위한 포석으로 해석하는 시도도 있다""며 ""삼성물산이 보유하는 삼성바이오로직스 지분과 삼성생명 보유 삼성전자 지분의 스왑은 현행 보험업법상 현실화되기 어려운 방안이지만, 바이오 중간지주회사 설립은 합리적 접근”이라는 입장을 밝혔다. 그러면서 ""(삼성물산은) 삼성바이오로직스의 지분을 삼성에피스홀딩스에 현물 출자를 한 후 신주배정을 받을 수 있다""며 ""이후 외부매각을 통해 삼성전자 지분을 매입할 현금확보가 가능하다""고 의견을 밝혔다.오현아/안대규 기자 5hyun@hankyung.com",https://www.hankyung.com/article/202505231579i,2025.05.23 15:55
"코스피, 3200선 회복 후 차익실현 매물에 하락 마감…코스닥은 상승","장중 심리적 저항선 3200선 돌파…연고점 재경신
주도 업종서 차익 실현 매물 출회
원전·전력기기·방산株 약세 마감
반도체·2차전지·재생에너지株 강세","사진=뉴스1

                코스피지수가 11일 장중 3200선을 회복하며 연고점을 경신했으나 차익실현 매물에 하락 마감했다. 3년10개월 만에 심리적 저항선인 3200선을 돌파했으나 그간 시장을 주도한 방산·원전 업종 등을 중심으로 차익 실현 압력이 확대되며 상승분을 반납했다.이날 코스피지수는 전날보다 7.46포인트(0.23%) 내린 3175.77로 장을 마쳤다. 지수는 이날 0.1% 오름세로 출발 후 빠르게 상승폭을 확대해 3216.69까지 올라 연고점을 재차 경신했다. 코스피지수가 3200선을 넘어선 건 종가 기준으로 2021년 9월6일(3203.33) 이후 3년10개월 만이다. 하지만 얼마 못 가 상승분을 점차 반납하다 보합권에서 등락을 이어갔고, 오후 2시7분께를 기점으로 하락세를 굳혔다. 이로써 4거래일 연속 이어졌던 상승세가 끝났다.유가증권시장에서 외국인과 기관이 각각 1267억원과 664억원어치를 팔아치웠다. 반면 개인만 1466억원어치를 사들였다. 연기금은 이날 33억원어치를 담아 3거래일 연속 순매수 기조를 유지했다. 이날 새벽 미국 증시를 비롯해 아시아 주요 증시가 상승세로 마쳤다. 간밤 다우존스30산업지수는 0.43% 올랐고 스탠더드앤드푸어스(S&P)500지수와 나스닥종합지수는 각각 0.27%와 0.09% 상승해 사상 최고치를 경신했다. 홍콩 항셍지수는 1.72% 올랐고 중국 상하이종합지수와 대만 가권지수도 각각 0.54%와 0.25% 상승했다. 코스피지수가 하락 마감한 건 차익 실현 압력이 커졌기 때문으로 분석된다.이경민 대신증권 연구원은 ""코스피지수는 장중 3200선을 터치한 뒤 저항에 부딪히며 상승폭을 반납했다""고 말했다.코스피 시가총액 상위 종목 중 HD현대중공업(-3.12%) 네이버(-2.5%) 삼성바이오로직스(-2.13%) SK하이닉스(-0.84%) 등이 내렸고 LG에너지솔루션(1.1%) 기아(0.7%) KB금융(0.43%) 등이 올랐다. 이날 LS일렉트릭(-4.5%) 두산에너빌리티(-4.12%) 비에이치아이(-3.77%) 등 원전·전력설비주와 한화에어로스페이스(-5.51%) 한화시스템(-3.56%) LIG넥스원(-3.55%) 등 방산주가 급락했다. 순환매 장세가 나타난 가운데 그동안 시장을 주도한 업종에서 차익 실현 매물이 풀렸다는 게 증권업계 분석이다.반면 삼성전자(2.62%)를 비롯해 한솔케미칼(5.59%)과 원익IPS(4.8%) 등 반도체주는 강세로 마감했다. 엔비디아 시총이 4조달러를 처음 넘어선 가운데 세계 최대 위탁생산(파운드리) 업체인 대만 TSMC의 올 4~6월 매출이 사상 최대치를 경신하면서 투자심리를 개선한 것으로 풀이된다.또 재생에너지 100%(RE100) 산업단지 조성이 본격 추진된다는 소식에 OCI홀딩스(11.9%)를 비롯해 그린케미칼(3.41%) HD현대에너지솔루션(2.99%) 한화솔루션(2.02%) 씨에스윈드(2.0%) 등 재생에너지주가 강세로 마감했다.엘앤에프(11.32%)를 비롯해 포스코퓨처엠(7.34%)과 삼성SDI(5.34%) 등 2차전지주가 급등했다. 간밤 테슬라가 로보택시 지역 확장과 인공지능(AI) 서비스 탑재 기대감에 반등하면서 국내 2차전지주에도 훈풍이 분 것으로 보인다.코스닥지수는 전날보다 2.77포인트(0.35%) 오른 800.47로 거래를 마쳐 5거래일 연속 상승세를 보였다. 종가 기준으로 지난달 24일(800.93) 이후 13거래일 만에 800선을 회복했다. 코스닥시장에서는 외국인과 기관이 각각 563억원과 96억원어치를 사들인 반면 개인이 638억원어치를 팔아치웠다.코스닥 시총 상위 종목 중 에코프로(4.19%) 에코프로비엠(3.65%) HLB(1.19%) 리노공업(0.9%) 등이 오른 반면 리가켐바이오(-3.6%) 펩트론(-2.64%) 알테오젠(-2.23%) 삼천당제약(-1.83%) 휴젤(-1.7%) 레인보우로보틱스(-0.55%) 등이 내렸다.이날 서울 외환시장에서 원·달러 환율은 전장 대비 5.4원 오른 1375.4원으로 주간 거래를 마쳤다. 고정삼 한경닷컴 기자 jsk@hankyung.com",https://www.hankyung.com/article/2025071129386,2025.07.11 16:04
"14일, 거래소 외국인 순매도상위에 운수장비 업종 7종목",,"외국인 투자자는 14일 거래소에서 SK하이닉스, HD현대일렉트릭, 한미반도체 등을 중점적으로 매도한 것으로 나타났다.외국인 투자자의 순매도 상위 20개 종목은 SK하이닉스, HD현대일렉트릭, 한미반도체, 한화에어로스페이스, 두산에너빌리티, 한국항공우주, 삼성바이오로직스, 두산, 신한지주, LS등이다.이중에 운수장비 업종에 속한 종목이 7개 포함되어 있다.한화에어로스페이스, 한국항공우주, 신한지주 등은 전일 대비 주가가 상승했고, SK하이닉스, HD현대일렉트릭, 한미반도체 등은 주가가 하락했다.[04월14일]거래소 외국인 순매도 상위 종목한경로보뉴스이 기사는 한국경제신문과 금융 AI 전문기업 씽크풀이 공동 개발한 기사 자동생성 알고리즘에 의해 실시간으로 작성된 것입니다.",https://www.hankyung.com/article/202504141003L,2025.04.14 18:35
"23일, 거래소 기관 순매도상위에 전기,전자 업종 4종목",,"기관 투자자는 23일 거래소에서 TIGER MSCI Korea TR, 한화솔루션, 삼성전자 등을 중점적으로 매도한 것으로 나타났다.기관 투자자의 순매도 상위 20개 종목은 TIGER MSCI Korea TR, 한화솔루션, 삼성전자, 두산에너빌리티, 시프트업, 기아, 삼성바이오로직스, SK하이닉스, ACE 미국30년국채액티브(H), LG에너지솔루션등이다.이중에 전기,전자 업종에 속한 종목이 4개 포함되어 있다.TIGER MSCI Korea TR, 두산에너빌리티, SK하이닉스 등은 전일 대비 주가가 상승했고, 한화솔루션, 삼성전자, 시프트업 등은 주가가 하락했다.[05월23일]거래소 기관 순매도 상위 종목한경로보뉴스이 기사는 한국경제신문과 금융 AI 전문기업 씽크풀이 공동 개발한 기사 자동생성 알고리즘에 의해 실시간으로 작성된 것입니다.",https://www.hankyung.com/article/202505232563L,2025.05.23 18:35
삼성바이오로직스 분할 소식에…'최대주주' 삼성물산 7%↑,,"사진=한경DB

삼성물산이 7%대 급등하고 있다. 지분 43.06%를 보유한 삼성바이오로직스의 분할 소식이 전해진 영향이다.22일 오전 9시18분 현재 삼성물산은 전일 대비 1만300원(7.41%) 오른 14만9300원에 거래되고 있다. 삼성물산우B도 6.89% 상승 중이다.삼성바이오로직스가 의약품 위탁 개발·생산(CDMO) 부문을 제외한 부문을 인적분할해 순수지주회사인 삼성에피스홀딩스를 설립한다고 이날 개장 전 공시한 영향이다. 바이오시밀러사업을 하고 있는 삼성바이오에피스는 삼성에피스홀딩스의 완전자회사로 편입될 예정이다.그동안 CDMO 사업과 바이오시밀러 사업을 함께 영위하는 데 대해 ‘이해충돌’이 발생하지 않겠느냐는 지적이 제기돼왔다. 바이오의약품의 복제약 격인 바이오시밀러를 개발해 판매하면 오리지널약 개발사와 경쟁하게 되는데, 오리지널약을 개발한 다국적제약사는 CDMO 사업의 고객이 될 수 있어서다.삼성바이오로직스와 삼성에피스홀딩스가 분할돼 이해충돌 우려가 사라지면 각 회사의 가치가 더욱 높아질 수 있다. 이에 따라 두 회사 주식을 모두 보유하게 되는 삼성물산의 자산가치도 높아질 것이라는 기대가 삼성물산의 주가를 밀어 올리는 것으로 보인다.한경우 한경닷컴 기자 case@hankyung.com",https://www.hankyung.com/article/2025052286786,2025.05.22 09:26
,,,https://magazine.hankyung.com/business/article/202506043058b,
1·2위 빼곤 엎치락뒤치락…시총 톱10 각축전,"LG엔솔·삼성바이오 3위 경쟁
KB금융·한화에어로 약진 주목","시가총액 상위 3~10위 종목의 순위 다툼이 이달 들어 치열하게 펼쳐지고 있다. 방위산업·조선·금융 대장주 몸값이 치솟으며 전통 제조 대기업과의 자리 바뀜이 활발하다.
                    






이미지 크게보기



                26일 한국거래소에 따르면 이달 시총 상위 10대 종목 가운데 이달 들어 제자리를 꾸준히 지킨 종목은 삼성전자(1위)와 SK하이닉스(2위)뿐이다. 이날 기준 두 회사 시총은 각각 323조8042억원, 147조7845억원이다. 국내 상장사 중 시총 100조원을 웃도는 회사도 두 곳뿐이다.3위 자리는 기존 LG에너지솔루션과 ‘황제주’(주당 100만원이 넘는 주식)에 오른 삼성바이오로직스의 쟁탈전이 벌어지고 있다. LG에너지솔루션은 지난 7일 4위에서 3위로 올라섰다가 16일부터 다시 삼성바이오로직스에 자리를 내줬다. 전기자동차 수요 둔화로 주가가 최근 공모가(30만원) 밑으로 떨어진 영향이다. 이날 기준 시총은 삼성바이오로직스가 74조2345억원, LG에너지솔루션이 65조520억원이다. 두 종목의 몸값 격차는 21일 한때 13조3564억원까지 벌어지기도 했다.5위부터 10위까지는 각축전이 치열하다. 대부분 시총 규모가 30조원대로 큰 차이가 없는 회사들이다. 방산 대장주인 한화에어로스페이스(6위)의 약진이 두드러진다. 미국발 관세 충격으로 휘청인 현대차(7위)를 제치고 이달 들어 한동안 5위까지 올랐다. 지난 3월 처음 10위에 진입한 뒤 유럽과 중동을 중심으로 수주 파이프라인이 늘며 몸값이 지속적으로 뛴 결과다. 이날은 KB금융(5위)에 밀려 6위로 한 계단 내려왔다. KB금융은 6·3 대선을 앞두고 주요 후보들이 잇달아 주주환원을 강조하면서 가치투자자의 관심을 끌고 있다.김윤서 솔루션퀀트 대표는 “고점 부담과 정책 불확실성이 있지만 미국발 호재와 대선 등으로 방산·조선·금융 업종의 주가 전망이 당분간 밝다”면서도 “반도체·자동차 업종 주가가 악재보다 호재에 민감하게 반응할 정도로 내린 상황이어서 시총 순위는 계속 격변할 것”이라고 말했다.이시은 기자 see@hankyung.com",https://www.hankyung.com/article/2025052667301,2025.05.26 17:51
,,,https://magazine.hankyung.com/business/article/202505167258b,
"[이달의 추천종목] 삼성바이오로직스, 아스테라시스, 그리고 에스티팜","국내 증권사 애널리스트들이 삼성바이오로직스와 아스테라시스, 에스티팜을 이달의 추천종목으로 꼽았다. 아스테라시스와 에스티팜은 각각 미용의료기기 제품 매출과 생산 물량의 증가로 올해 실적이 성장할 전망이다. 삼성바이오로직스는 5공장에 대한 추가 수주를 이어가며 관세로 인한 수주 공백이 없을 것으로 예상된다.",,https://www.hankyung.com/article/202504305636i,2025.05.07 08:44
"05일, 외국인 거래소에서 HD한국조선해양(-2.6%), HMM(-4.21%) 등 순매도",,"외국인 투자자는 05일 거래소에서 HD한국조선해양, HMM, KB금융 등을 중점적으로 매도한 것으로 나타났다.외국인 투자자의 순매도 상위 20개 종목은 HD한국조선해양, HMM, KB금융, 두산, 현대건설, SK스퀘어, 현대로템, LIG넥스원, 메리츠금융지주, KODEX 200선물인버스2X등이다.이중에 운수장비 업종에 속한 종목이 1개 포함되어 있다.두산, SK스퀘어, 미래에셋증권 등은 전일 대비 주가가 상승했고, HD한국조선해양, HMM, KB금융 등은 주가가 하락했다.[06월05일]거래소 외국인 순매도 상위 종목한경로보뉴스이 기사는 한국경제신문과 금융 AI 전문기업 씽크풀이 공동 개발한 기사 자동생성 알고리즘에 의해 실시간으로 작성된 것입니다.",https://www.hankyung.com/article/202506058149L,2025.06.05 18:35
삼성 이재용 '부당합병·불법승계 의혹' 대법원서 무죄 최종 확정 [HK영상],,"영상 모듈 닫기




영상=로이터, KTV / 편집=윤신애PD대법원 3부(주심 오석준 대법관)는 17일 오전, 자본시장과 금융투자업에 관한 법률 위반 등 혐의로 기소된 이재용 회장의 상고심 선고기일에서 이 회장 등에게 무죄를 선고한 원심 판결을 확정했다.이 회장은 삼성그룹 부회장을 맡았던 당시 경영권 승계와 그룹 지배력 강화를 위해 지난 2015년 진행된 삼성물산과 제일모직 합병 과정에 위법하게 관여한 혐의 등으로 2020년 9월 재판에 넘겨졌다.1심에선 이 회장 등 삼성전자 전·현직 임직원과 삼정회계법인에게 무죄를 선고했다.1심 재판부는 이 회장의 경영권 승계나 지배력 강화가 합병의 유일한 목적이 아니었으며,합병비율이 불공정했거나 주주에게 손해를 끼쳤다고 인정할만한 증거가 없다고 판단했다.2심에선 삼성바이오로직스(삼성바이오)의 분식회계 혐의 입증이 쟁점으로 떠올랐다.그러나 2심도 이 회장에게 무죄를 선고했다. 함께 기소된 삼성그룹 전·현직 임직원과 12명과 삼정회계법인도 무죄를 선고받았다.2심 재판부는 부당합병 관련 혐의에 대해 합병 이사회 이후 합병 주주총회에 이르기까지피고인들이 합병 성사를 위해 수립한 계획은 경영권 분쟁 과정에서의 통상적이고 적법한 대응방안 이라고 판단했다.이에 검찰은 2심 결과에 대해 상고하면서 대법원 판단을 받게 됐다.대법원에선 원심 판결에 필요한 심리를 다하지 않은 채 논리와 경험의 법칙을 위반해자유심증주의의 한계를 벗어나거나 자본시장법, 외부감사법 등에 관한 법리를 오해한 잘못이 없다며 최종적으로 검찰의 상고를 기각했다.이재용 측은 이번 대법원에 결과에 삼성물산의 합병이 적법했음을 확인했다며, 법원의 판단에 감사하다는 소감을 밝혔다.이 회장은 이날 판결로 10년 가까이 털어내지 못했던 사법 리스크를 해소하게 됐다.윤신애 PD dramaniac@hankyung.com
                    



사진=연합뉴스",https://www.hankyung.com/article/202507174494i,2025.07.17 12:49
"코스피, 개인 매수 속 2600선 공방…원전주 강세",,"사진=연합뉴스

                코스피가 강보합권에서 2600선을 놓고 공방을 벌이고 있다.23일 오전 10시34분 현재 코스피는 전일 대비 6.87포인트(0.26%) 오른 2600.54에 거래되고 있다. 장 초반부터 2600선을 중간에 놓고 등락을 거듭하고 있다.개인이 유가증권시장에서 730억원어치 주식을 사는 반면, 외국인과 기관은 각각 406억원어치와 272억원어치를 팔고 있다. 다만 외국인은 코스피200선물을 3530억원어치 순매수 중이다.시가총액 상위 종목은 대체로 하락하고 있다.삼성전자는 보합이고, SK하이닉스는 1.7% 상승 중이다. KB금융도 1.96% 오르고 있다.반면 삼성바이오로직스와 LG에너지솔루션이 2%대 낙폭을 보이고 있다. 현대차와 기아도 각각 1.26%와 1.46% 하락 중이다. 한화에어로스페이스도 0.96% 약세다.주요 테마 중에서는 원전 관련 종목들이 두드러지는 상승세를 보이고 있다. 도널드 트럼프 미국 대통령이 원자력 확대를 위한 행정명령에 서명할 예정이 전해지면서 두산에너빌리티가 3.53% 오르고 있다.코스닥은 전일 대비 1.02포인트(0.14%) 오른 718.69에 거래되고 있다. 이 시장에서는 개인이 805억원어치 주식을 사는 반면, 외국인과 기관은 각각 273억원어치와 188억원어치를 팔고 있다.코스닥 시가총액 상위 종목들은 혼조세다.특히 에코프로비엠과 에코프로가 각각 3.31%와 3.03% 하락하고 있다.반면 휴젤은 2.25%, 펩트론은 1.91%, 클래시스는 1.71% 상승하고 있다.서울외환시장에서 원·달러 환율은 전일 대비 3.9원(0.28%) 내린 달러당 1378.8원에 거래되고 있다.한경우 한경닷컴 기자 case@hankyung.com",https://www.hankyung.com/article/2025052314216,2025.05.23 10:40
"17일, 거래소 기관 순매수상위에 운수장비 업종 3종목",,"기관 투자자는 17일 거래소에서 삼성전자, 한화에어로스페이스, KODEX 코스닥150레버리지 등을 중점적으로 사들인 것으로 나타났다.기관 투자자의 순매수 상위 20개 종목은 삼성전자, 한화에어로스페이스, KODEX 코스닥150레버리지, KODEX 레버리지, 다올투자증권, HD현대중공업, 두산에너빌리티, 아모레퍼시픽, 삼성바이오로직스, SK하이닉스등이다.이중에 운수장비 업종에 속한 종목이 6개 포함되어 있다.삼성전자, 한화에어로스페이스, KODEX 코스닥150레버리지 등은 전일 대비 주가가 상승했고, 신한지주 등은 주가가 하락했다.[04월17일]거래소 기관 순매수 상위 종목한경로보뉴스이 기사는 한국경제신문과 금융 AI 전문기업 씽크풀이 공동 개발한 기사 자동생성 알고리즘에 의해 실시간으로 작성된 것입니다.",https://www.hankyung.com/article/202504179176L,2025.04.17 18:35
[Bio News Up-To-Date]국내에서 일어난 바이오산업 관련 소식 업데이트,,,https://www.hankyung.com/article/202506308368i,2025.07.01 09:51
이것이 궁금하다! 신용융자비율 상위종목은?,,"아래와 같은 순으로 신용비율 상위를 형성하고 있다.




 

순위 종목명 신용비율1 지투파워 9.42%2 랩지노믹스 9.07%3 에이텍 8.9%4 핑거 8.51%5 세명전기 8.21%<6월 9일 기준 종목(ETF 제외)>한미약품, 삼성바이오로직스, 카페24, LG디스플레이, 고영무료상담",https://www.hankyung.com/article/202506105162a,2025.06.10 14:03
"""삼성물산, 삼성바이오 분할로 낮은 밸류 매력 부각""-유진",,"송도 삼성바이오로직스 1&2캠퍼스 전경./사진=삼성바이오로직스

                유진투자증권은 23일 삼성물산에 대해 ""삼성바이오로직스 분할로 낮은 밸류에이션 주목도가 높아질 수 있다""고 내다봤다. 투자의견 '매수'와 목표주가 19만원은 유지했다.이 증권사 한병화 연구원은 ""삼성바이오로직스의 삼성바이오에피스 분할로 1대주주인 삼성물산 바이오 사업가치가 재발견되고 있다""며 ""삼성물산 주주들은 분할 상장 후 삼성바이오에피스홀딩스 지분 이용에 대한 기대감이 생기고 있다""고 분석했다.앞서 삼성바이오로직스는 전날 단순·인적분할 방식으로 '삼성에피스홀딩스'를 설립해 위탁개발생산(CDMO) 사업과 바이오시밀러 사업을 완전히 분리한다고 발표했다.삼성에피스홀딩스는 그동안 삼성바이오로직스에서 자회사 관리와 신규 투자를 맡아 온 사업부문이 분할돼 설립된다. 순수 지주회사로 신설되는 삼성에피스홀딩스는 바이오시밀러 기업인 삼성바이오에피스를 완전 자회사로 편입한다. 또 바이오 관련 신사업을 추진하는 '신설 자회사'도 설립돼 삼성에피스홀딩스가 100% 소유하게 된다.이번 삼성바이오로직스 분할은 주주가 기존법인과 신설법인의 주식을 지분율에 비례해 나눠 갖게 되는 인적분할 방식으로 진행되며, 삼성바이오로직스의 기존 주주는 삼성바이오로직스 주식과 삼성에피스홀딩스 주식을 0.6503913대 0.3496087의 비율로 받게 된다. 분할 비율은 현재 순자산 장부가액을 기준으로 정해졌다.삼성물산은 삼성바이오로직스의 최대주주로 지분 약 43.06%를 보유하고 있다. 재상장을 통해 그간 삼성바이오에피스의 시장가치가 재평가 받을 가능성도 높다. 이 과정에서 삼성에피스홀딩스의 기업가치 상승과 삼성물산의 자산가치도 함께 상승될 수 있다는 평가다.한 연구원은 ""CDMO와 바이오시밀러의 성장 경로가 달라서 분할 상장 후 합산 가치가 분할 전 가치 대비 높을 것으로 판단한다""며 ""삼성물산의 대형원전과 소형모듈원전(SMR) 건설 능력에 이어 바이오 가치까지 부각되면서 낮은 밸류에이션 주목도가 높아질 것""이라고 예상했다.노정동 한경닷컴 기자 dong2@hankyung.com",https://www.hankyung.com/article/2025052307536,2025.05.23 08:06
"21일, 거래소 기관 순매도상위에 의약품 업종 3종목",,"기관 투자자는 21일 거래소에서 삼성전자, 유한양행, 현대차 등을 중점적으로 매도한 것으로 나타났다.기관 투자자의 순매도 상위 20개 종목은 삼성전자, 유한양행, 현대차, NAVER, KODEX 200선물인버스2X, 신한지주, SK, TIGER 미국S&P500, 두산, KODEX 인버스등이다.이중에 의약품 업종에 속한 종목이 3개 포함되어 있다.삼성전자, 신한지주, KB금융 등은 전일 대비 주가가 상승했고, 유한양행, 현대차, NAVER 등은 주가가 하락했다.[07월21일]거래소 기관 순매도 상위 종목한경로보뉴스이 기사는 한국경제신문과 금융 AI 전문기업 씽크풀이 공동 개발한 기사 자동생성 알고리즘에 의해 실시간으로 작성된 것입니다.",https://www.hankyung.com/article/202507212795L,2025.07.21 18:35
[핫 컴퍼니] 유전자편집부터 정제 필터까지… 가장 빠르게 성장한 다나허그룹과 싸이티바,,,https://www.hankyung.com/article/202506308550i,2025.07.03 09:05
"[단독] 셀트리온, '불법파견' 2심 승소…노동분쟁 판 뒤집혔다","제약·바이오까지 번진 불법파견 전선
1심 직고용 판결 뒤집혀…""파견 아냐""
""SOP는 지시 아냐, 하청 재량 인정돼""","인천 연수구 셀트리온 2공장 전경. 사진=셀트리온 제공

                국내 최대 제약사 중 하나인 셀트리온이 하청업체 직원과의 불법파견 소송에서 승소했다. 업체 직원을 직고용해야 한다는 1심 판결이 뒤집힌 것이다. 불법파견 소송이 제약·바이오 업계로도 확산하는 상황에서 기업들이 추후 관련 분쟁에서 유리한 고지를 점할 수 있다는 평가가 나온다.2일 법조계에 따르면 서울고법 인천원외 민사2부(재판장 신종오 부장판사)는 셀트리온 하청업체 프리죤 직원 2명이 셀트리온을 상대로 낸 근로에 관한 소송 2심에서 전날 원고 패소 판결을 내렸다. 1심에서 근로자 측 승소 판단이 나온 지 약 1년 7개월 만이다.셀트리온 하청업체 근로자, ""직고용하라""며 소송전2005년 설립된 프리죤은 셀트리온에 청소·소독·경비업 등을 제공하는 회사다. 프리죤 직원 2명은 각각 2009, 2011년부터 프리죤 소속으로 셀트리온 공장에서 야간클리닝 업무를 수행했다. 야간클리닝이란 공장 근로자들이 퇴근하면 공장 무균실의 벽·바닥·천장을 청소하고 소독하는 업무다.직원들은 2019년 셀트리온이 이들을 직고용해야 한다고 주장하며 소송을 냈다. 셀트리온이 프리죤과 형식적으로는 도급 계약을 맺었지만, 실제로는 근로자를 파견받은 구조라는 것이다. 파견 근로자가 동일 사업장에서 2년을 넘겨 일하는 경우 사업주는 근로자를 직접 고용해야 한다. 셀트리온 측은 ""야간클리닝 업무는 프리죤이 독자적으로 지휘했다""고 반박했다.
                    



사진은 기사 내용과 관련이 없음. / 사진=게티이미지

                2023년 1심 법원은 셀트리온이 표준작업지침서(SOP)를 통해 이들 업무를 실질적으로 지휘·명령했다고 보고 근로자 측 승소 판결을 내렸다. SOP는 미국 식품의약국(FDA)이 설정한 제조품질 관리기준(GMP) 준수 항목 중 하나다. 법원은 ""SOP에는 야간클리닝 용액 종류와 용도, 희석비율과 살균 주기가 지정됐다""며 ""직원들은 SOP에 구속돼 작업을 했다""고 판단했다.1심 재판부는 프리죤이 야간클리닝 업무에 전문성이 있다거나, 독립적인 기업조직이라 볼 수도 없다고 봤다. 사실상 셀트리온에 종속된 회사라는 것이다. 재판부는 ""셀트리온과 프리죤이 맺은 계약서에는 프리죤의 업무 전문성이나 기술력에 대해 언급이 없다""며 ""업무용 의복, 장비, 살균용액도 모두 셀트리온으로부터 받았다""고 했다. 2심 ""SOP, 지휘·명령 아냐... 업무도 원청과 달라""2심 판단은 완전히 달랐다. SOP는 FDA 기준에 따라 업무 범위를 특정할 뿐 구속력 있는 지시는 아니라는 지적이다. 항소심 재판부는 ""SOP는 GMP를 준수할 수 있는 객관적인 정보를 제공하는 것이고, 야간클리닝 팀도 GMP를 준수할 의무가 있다""며 ""SOP에 따라 업무를 수행한다는 이유만으로는 업무상 지휘·명령이라 볼 수 없다""고 했다.재판부 판단에는 'SOP만으로는 업무를 할 수 없다'는 프리죤 직원의 법정 증언이 주효하게 작용했다. 프리죤 직원들의 재량이 필요한 업무란 것이다. 한 증인은 ""(SOP에) 디테일하게 나오지 않은 부분은 반장이나 소장이 의논해 재량껏 한다""며 ""가령 SOP는 '출입구에서 가까운 쪽으로 클리닝하라'고 하지만, 실제로는 구조물을 피해서 하는 법을 알아야 한다""고 했다.
                    



 사진=연합뉴스

                프리죤(서비스업)과 셀트리온(제조업)의 업종이 상이하다는 셀트리온 측 주장도 받아들여졌다. 재판부는 ""야간클리닝 업무는 청정도 유지라는 서비스인 반면, 셀트리온이 영위하는 사업은 바이오의약품 제조 및 생산""이라며 ""각 사 근로자들이 수행하는 업무 내용이나 목적은 본질적으로 차이가 있고, 대체할 수 있는 업무라고 볼 수도 없다""고 설명했다.2심은 야간클리닝 업무의 전문성도 인정하는 동시에 프리죤이 독립적인 기업이라는 점도 확인했다. 재판부는 ""특수 세척·살균 절차와 제품이 사용되는 만큼 전문성 없이 단순 업무를 반복한 것이라 볼 수 없다""고 했다. 또 ""미화관리·보안관리·의전관리팀으로 조직을 갖춰 독자적으로 직원을 채용했다""며 ""2019년에는 자체 스테인리스 특수 카트를 개발하기도 했다""고 말했다.제약·바이오 노무 분쟁 판도 바뀌나법조계에서는 전통적인 제조업에서 불거지던 불법파견 소송 전선이 제약·바이오까지 확산하는 점에 주목한다. 기존에는 자동차나 제철, 화학 등 중후장대 업종 협력업체 소속 근로자들이 제기하는 경우가 많았다. 반면 제약·바이오는 제조 공정의 자동화·표준화 정도가 비교적 뚜렷해 불법파견 소송이 벌어지는 경우는 많지 않았다.다만 직고용을 인정한 셀트리온 1심 판결이 뒤집힌 만큼 제약 기업들로서는 다소 안도할 만하다는 평가가 나온다. 업계에서는 셀트리온 사건이 대법원에서 어떻게 확정되느냐에 따라 관련 분쟁 흐름 변화가 불가피할 것으로 본다.한 대형로펌 노동 담당 변호사는 ""삼성바이오로직스 등 주요 대형 제약기업도 방역업체를 하청으로 두는 경우가 많다""며 ""2심에서 하청과 원청의 업무 내용에 대해 인정한 사실관계가 대폭 넓어졌다는 점을 주목해야 한다""고 했다.박시온 기자 ushire908@hankyung.com",https://www.hankyung.com/article/202505029584i,2025.05.02 13:00
[부고] 고정자 씨 별세 外,,"▶고정자씨 별세, 이상엽 서진전자 대표·이상용 前 SK에코엔지니어링 프로·이상윤 현대차·기아 커뮤니케이션센터 디지털저널PR팀장 모친상, 김성림·김수영씨 시모상=7일 서울아산병원 발인 10일 오전 8시20분 02-3010-2000▶김석준 前 한국기계연구원 부원장 별세, 박경숙씨 배우자상, 황범 삼성바이오로직스 바이오연구소 그룹장·황연 한국과학기술연구원 학생연구원 부친상, 이지현 셀트리온 RDQA팀 차장·김애리 SK온 PR팀 PM 시부상=8일 대전유성선병원 발인 10일 오전 6시40분 042-825-9494▶변재옥 영남대 법학전문대학원 명예교수 별세, 이춘자씨 남편상, 변성원·변성혜씨 부친상, 유해용 김앤장법률사무소 변호사 장인상=8일 영남대병원 발인 10일 오전 10시 053-620-4647",https://www.hankyung.com/article/2025050807291,2025.05.08 17:27
[마켓PRO] ‘복제약 성공 기대’ 삼천당제약 추격매수 나선 고수들,,"※한경 마켓PRO 텔레그램을 구독하시면 프리미엄 투자 콘텐츠를 보다 편리하게 볼 수 있습니다. 텔레그램에서 ‘마켓PRO’를 검색하면 가입할 수 있습니다.





                투자수익률 상위 1％ 고수들이 23일 오전 삼천당제약을 집중 매수하고 있다. 반면 한화오션은 가장 많이 팔았다.미래에셋엠클럽에 따르면 투자 고수들은 이날 개장 직후부터 오전 10시까지 국내 증시에서 삼천당제약, 삼성바이오로직스, 한국전력 등을 많이 순매수했다. 미래에셋증권 계좌로 주식을 거래하면서 최근 한 달 수익률 상위 1％ 투자자의 매매동향을 취합한 결과다.삼천당제약은 개발 중인 경구용 GLP-1 제네릭(복제약) 관련, 오리지널 약물인 ‘리벨서스(Rybelsus)’와의 생물학적 동등성 시험을 성공적으로 마쳤다고 이날 밝혔다. 덕분에 오전 10시 현재 삼천당제약이 21만3500원으로 이전 거래일보다 29.71% 치솟았다.이날 2분기 결산실적 공시를 앞둔 삼성바이오로직스는 실적 개선 기대감에 106만5500원으로 2.26% 상승했다. 한국전력은 0.13% 약세다.
                    




                같은 시간 고수들이 가장 많이 순매도하고 있는 종목은 한화오션, 디앤디파마텍, 도우인시스 순이다. 주가는 각각 직전 거래일 대비 -2.9%, -1.37%, 0% 변동했다.
                    




                이태호 기자 thlee@hankyung.com",https://www.hankyung.com/article/202507236543i,2025.07.23 11:21
연고점 넘어섰던 코스피…통상협의 연기에 '제자리',"개장 후 3237까지 치솟았지만
韓美협상 밀리자 3190에 마감

외국인·기관은 8700억 순매수
개미는 9500억 차익실현 나서","/게티이미지뱅크 

                미국과의 관세 협상을 앞두고 국내 증시가 크게 출렁였다. 코스피지수는 기업 실적 개선과 한·미 관세 협상의 진전 기대로 개장 초 연고점을 경신했으나 예기치 않은 협상 일정 연기 소식에 상승 폭을 대부분 반납했다.24일 코스피지수는 0.21% 상승한 3190.45에 거래를 마쳤다. 개장 직후 코스피지수는 3237.97까지 오르며 지난 22일 기록한 연중 최고점(3220.27)을 넘겼다. 개장 전 SK하이닉스 등 대형주가 탄탄한 2분기 실적을 공시하고, 한·미 관세 협상이 일본처럼 우려한 것보다 좋은 결과를 도출할 수 있을 것이란 기대가 지수를 끌어올렸다.
                    




                그러나 25일로 예정된 한·미 통상협의가 갑작스럽게 연기됐다는 소식이 전해지자 상승 폭이 빠르게 축소됐다. 코스피200 선물 시장에서 오전부터 매수 포지션을 쌓던 외국인 투자자도 순매도로 돌아섰다. 22일 일본과 같은 자동차 품목 관세 조정(25%→12.5%)을 기대한 자동차주의 낙폭이 컸다. 현대차가 2.03%, 기아가 1.04% 하락했다.이경민 대신증권 연구원은 “무난하게 흐를 것이라고 본 관세 협상 관련 기대가 무너지며 투자자들이 차익 실현 매물을 던졌다”고 설명했다. 개인투자자는 이날 유가증권시장에서 9511억원어치 주식을 순매도하며 실망감을 드러냈다. 외국인은 7415억원, 기관은 1289억원을 순매수했다.외국인은 이날 사상 최대 분기 실적을 발표한 SK하이닉스를 1070억원어치 순매수했다. SK하이닉스는 지난 2분기에 9조원이 넘는 분기 영업이익을 달성했다. SK하이닉스는 한때 상승 폭을 3.7%까지 키웠다가 0.19% 오른 26만9500원에 마감했다.업종별로는 2차전지와 바이오 관련주의 상승세가 두드러졌다. LG에너지솔루션은 9.36% 급등한 36만8000원에 거래를 마쳤다. 중국 배터리 제조업체 신왕다를 상대로 제기한 배터리 구조 특허침해 소송에서 승소했다는 소식이 전해진 덕이다. 최근 중국의 리튬 생산 제한에 따른 탄산리튬 선물 가격의 상승도 2차전지 관련주에 긍정적인 영향을 미쳤다. 전날 2분기 호실적을 발표한 삼성바이오로직스는 2.26% 올랐다. 반도체 관련주도 전날 알파벳의 자본지출 계획 상향 소식에 강세를 보였다.이재원 신한투자증권 연구원은 “주가가 더 오르려면 미국과의 관세 협상이 일본에 부과된 관세 수준으로 마무리될 수 있을지 확인할 필요가 있다”고 말했다.심성미 기자 smshim@hankyung.com",https://www.hankyung.com/article/2025072404131,2025.07.24 17:49
"글로벌 AI·로봇 휩쓰는 美·中…""첨단기업 리스트에 韓이 사라졌다""","국부의 원천, 기업이 흔들린다
(3) 캐나다 ICV탱크 '미래산업 경쟁력 지수' 보고서 분석

美·中선 매년 '스타기업' 등장
韓, 대기업 빼면 10위권 기업 '0'
""규제 풀어 스타기업 키워야""","“첨단 기업 리스트에 한국이 사라졌다.”첨단산업 전문 시장조사업체인 캐나다 ICV탱크가 최근 공개한 ‘2024 글로벌 미래 산업 경쟁력지수 보고서’를 접한 국내 굴지의 대기업 연구개발(R&D) 담당 고위 임원은 이렇게 탄식했다. 5~10년 전만 해도 메모리반도체, 디스플레이, 배터리 등 ‘뜨는 업종’마다 최강 기업 리스트에 한국이 빠지지 않았는데 최신 리포트에는 8개 분야별 톱10에 든 기업이 80개 중 단 두 곳뿐이어서다. 산업계에서는 대한민국의 첨단산업 경쟁력이 더 떨어지기 전에 정부와 기업, 학계가 머리를 맞대고 ‘한국식 첨단산업 육성 전략’을 짜야 한다고 강조한다.
                    






이미지 크게보기


Getty Images Bank

 ◇ AI, 휴머노이드는 미·중 간 전쟁ICV탱크의 글로벌 미래 산업 경쟁력지수 보고서는 전 세계 수많은 연구소가 내놓은 보고서와는 결이 다르다. 세계지식재산권기구(WIPO)와 경제협력개발기구(OECD) 등 공신력 있는 단체의 의뢰를 받아 매년 조사한다는 점에서 ‘믿을 만하다’는 평가를 받는다. 이런 ICV탱크가 내놓은 최신 보고서의 내용은 “글로벌 첨단산업은 미국과 중국 양강 체제로 재편됐다”로 요약된다.인공지능(AI)이 그랬다. 10개 상위 기업 중 7개(1위 오픈AI, 2위 구글, 3위 앤스로픽)가 미국에서 나왔다. 나머지 셋은 중국(6위 딥시크, 8위 바이트댄스, 10위 텐센트) 몫이었다. 보고서는 “AI 기술 트렌드가 텍스트와 이미지, 음성, 영상 등 다양한 형태의 데이터를 통합하는 멀티모달로 전환하면서 미·중을 중심으로 시장 질서가 정해지고 있다”고 썼다. 한국에선 LG, 삼성, 네이버가 16~18위를 차지하는 데 그쳤다.휴머노이드도 미국(톱10 중 5개)과 중국(3개) 천하였다. 보고서는 “휴머노이드 기술은 상용화 단계에 들어갔다”며 중국 유비테크의 ‘워커S’가 비야디(BYD) 자동차 생산라인에 투입된 것을 대표 사례로 들었다. 반면 국내 로봇업계는 여전히 똑같은 작업만 반복하는 산업용 로봇 개발에 머무르고 있다. ◇ 바이오도 갈 길 멀어바이오 분야도 마찬가지다. 삼성바이오로직스와 셀트리온은 위탁개발생산(CDMO)과 바이오시밀러(복제약)에선 세계 1위지만, 메인 무대인 바이오 신약에선 여전히 변방기업이다. 이 시장은 암젠 등 미국과 노보노디스크 등 유럽이 양분하고 있다. 중국도 10위권 회사(항서제약)를 배출했지만, 한국에선 19위인 삼성이 가장 높다.뇌과학 분야에서는 일론 머스크 테슬라 창업자가 최대주주로 있는 뉴럴링크 등 미국 기업이 5개나 이름을 올렸다. 우주·항공 1위도 머스크 창업주가 이끄는 스페이스X였다. 한국 기업은 리스트에서 찾아볼 수 없다.LG에너지솔루션은 친환경 에너지 분야에서 5위에 올랐다. 풍력과 태양광, 원자력발전 기업이 상위권에 오른 가운데 유일한 배터리 회사다. 다만 보고서는 “미래 에너지 시장은 배터리가 아니라 소형모듈원전(SMR)과 수소 발전 등이 중심이 될 것”이라고 했다. 첨단 네트워크 분야에선 삼성전자가 5위에 올랐다. 1위는 중국의 화웨이였다. ◇ 스타 기업 안 나오는 산업계보고서는 글로벌 미래 산업에서 한국이 사라진 현실을 적나라하게 보여준다. 미국과 중국은 오픈AI(AI), 아이온큐(양자컴퓨팅), 이항인텔리전트(우주·해양), 유비테크(휴머노이드) 등 여러 분야에서 스타 기업을 배출했지만, 한국은 기존 대기업을 뺀 스타트업이 하나도 없었다.전문가들은 2000년대 ‘정보기술(IT) 붐’ 때처럼 정부 주도의 규제 완화와 미래 산업 육성 정책이 필요하다고 강조한다. 정부는 2002~2005년 13조3300억원을 투입해 세계 최초로 전국 초고속 인터넷망을 설치하는 동시에 인터넷 콘텐츠 규제를 대부분 없앴다. 벤처투자 펀드를 지원하고 창업보육센터도 늘렸다. 이를 토대로 네이버와 카카오, 넥슨이 태어났다. 반면 최근 AI 분야는 삼성, LG, SK 등 대기업 중심으로 진행되고 있다.휴머노이드 분야 상황도 비슷하다. 자금도, 인력도 부족하다 보니 현대자동차 산하 미국 기업인 보스턴다이내믹스를 빼면 이렇다 할 휴머노이드 업체가 없다. 한재권 한양대 에리카 로봇공학과 교수는 “휴머노이드 분야에서 중국이 미국에 반 발짝 뒤에 있다면, 한국은 그런 중국에 몇 발짝 뒤처진 상태”라며 “대한민국 산업 생태계에 꼭 필요한 분야를 정부와 기업이 함께 선정한 뒤 전폭적인 지원을 해줘야 역전의 기회가 생길 것”이라고 말했다.김우섭/신정은/박의명 기자 duter@hankyung.com",https://www.hankyung.com/article/2025060213771,2025.06.02 17:54
[투자운세] 5월8일(내일) 궁합이 맞는 종목은?,,"2025년 5월 8일 내일 관심가질 종목입니다1.쥐띠 : 움직이지 않는 주식에는 손을 대지 마라60년생 (리가켐바이오, 에이비엘바이오) 72년생 (LIG넥스원, 대주전자재료) 84년생 (한화시스템, 에스티팜)2.소띠 : 모두가 좋다는 종목은 피하는 것이 좋다.61년생 (가온칩스, 한화에어로스페이스) 73년생 (엔켐, 메지온) 85년생 (LG생활건강, 신한지주)3.호랑이띠 : 뉴스를 과신 말고 기사는 행간을 읽어라62년생 (삼성엔지니어링, 한솔케미칼) 74년생 (KCC, OCI홀딩스) 86년생 (루닛, 세방전지)4.토끼띠 : 충동매매는 후회의 근본이다63년생 (유한양행, 솔브레인홀딩스) 75년생 (삼양식품, 더블유씨피) 87년생 (아모레G, 한전KPS)5.용띠 : 머리와 귀를 이용하지 말고 눈을 이용하라64년생 (SK케미칼, 솔브레인) 76년생 (녹십자, 한미반도체) 88년생 (풍산, 현대로템)6.뱀띠 : 연 날릴 때는 연줄을 모두 풀지 않는다65년생 (두산로보틱스, 한미약품) 77년생 (삼천당제약, HPSP) 89년생 (한국항공우주, 오리온)




 

7.말띠 : 주식과 결혼하지 마라66 년생 (에코프로머티, 원익IPS) 78년생 (한전기술, SKC) 90년생 (농심, 한온시스템)8.양띠 : 머리와 손은 함께 움직여라67년생 (LG, 삼성전자) 79년생 (한국앤컴퍼니, 동진쎄미켐) 91년생 (휴젤, 한화)9.원숭이띠 : 우발심을 삼가하라68년생 (NAVER, SK스퀘어) 80년생 (대웅제약, 한화오션) 92년생 (코스모신소재, 카카오뱅크)10.닭띠 : 막연한 예측은 빗나가는 화살과 같다69년생 (두산밥캣, 이수스페셜티케미컬) 81년생 (삼성바이오로직스, HD한국조선해양) 93년생 (이수페타시스, 레인보우로보틱스)11.개띠 : 승부를 여유있게 즐기라70년생 (두산, 펄어비스) 82년생 (BGF리테일, 대덕전자) 94년생 (SK아이이테크놀로지, 에코프로)12.돼지띠 : 엎질러진 우유를 보고 울지말고 다른 젖소를 찾아라71년생 (LS머트리얼즈, BNK금융지주) 83년생 (삼성중공업, 더존비즈온) 95년생 (한미사이언스, 에스엘)링크종목 – 일정실업, 오늘이엔엠, 아이즈비전, 세종텔레콤, 아이스크림에듀무료상담",https://www.hankyung.com/article/202505075822a,2025.05.07 14:18
"삼성바이오, 창사 첫 분기 매출 1.3조 돌파 예상…셀트리온도 ‘역대 최대’ 실적 눈앞",,"삼성바이오로직스와 셀트리온이 2분기 실적 발표를 앞두고 나란히 사상 최대 수준의 실적 기대감을 높이고 있다. 금융정보업체 에프앤가이드가 집계한 증권사 전망치(컨센서스)에 따르면, 삼성바이오로직스의 2025년 2분기 실적은 매출 1조 3,509억 원, 영업이익 4,318억 원으로 예상된다. 이는 전년 동기 대비 각각 16.8% 증가, 0.6% 감소한 수치이며, 특히 매출은 분기 기준으로 사상 처음 1조 3천억 원을 돌파할 것으로 보인다.1분기에 이어 두 분기 연속 1조 3천억 원대 매출을 기록할 것으로 기대되는 삼성바이오로직스는 바이오의약품 위탁생산(CMO) 확대 및 제6공장의 본격 가동에 힘입어 성장세를 이어가는 모양새다.셀트리온 역시 에프앤가이드 기준 2025년 2분기 잠정실적으로 매출 9,615억 원, 영업이익 2,425억 원을 기록할 것으로 집계됐다. 이는 전년 동기 대비 각각 9.9%, 234.5% 증가한 수치로, 분기 기준 역대 최대 영업이익이다. 회사는 글로벌 수출 호조와 유럽 판매 통합 효과에 힘입어 실적이 대폭 개선됐다고 평가받는다.증시에서도 이 같은 실적 기대감이 주가 상승세로 반영되는 분위기다. 삼성바이오로직스는 최근 한 달간 8% 이상 상승하며 강세 흐름을 나타내고 있으며, 셀트리온 역시 연매출 5조 원 돌파 기대감이 커지며 주목을 받고 있다.이러한 흐름 속에 주식매입자금을 활용한 스탁론 전략도 투자자들 사이에서 다시 부각되고 있다. 스탁론은 보유 주식을 담보로 자금을 조달해 최대 400%까지 투자 규모를 확대할 수 있는 상품으로, 실적 개선 기대 종목을 중심으로 레버리지 효과를 누리고자 하는 투자자들 사이에서 활용도가 높아지고 있다. 전문가들은 “성장성과 실적이 동시에 입증되는 종목에 한해 스탁론 활용은 효과적인 전략이 될 수 있다”고 조언했다.▶ 더머니스탁론 신규 상품 전격 출시! (DSR 규제 X)▶ 최대 400% 레버리지 투자, 증권사 신용미수 대환 가능!▶ 한 종목 100% 집중 투자 가능!▶ 더머니스탁론 바로가기 (https://themoney.co.kr/ha)▶ 더머니스탁론 전화 상담 1600-7096▶ 더머니스탁론 카카오톡 상담 (http://pf.kakao.com/_cVfxbn/chat)관심종목: 셀트리온, 삼성바이오로직스, SK바이오사이언스, 에스티팜, 삼성물산무료상담",https://www.hankyung.com/article/202507235756a,2025.07.23 10:45
관세 불안에도 버티는 코스피…'관세 무풍' 은행주 급등,,"사진=연합뉴스

                코스피가 관세 서한에서 비롯된 불확실성 확대에도 상승하고 있다. 관세와 무관한 종목들로 매수세가 유입되는 가운데, 은행주들의 상승세가 두드러지는 모습이다.8일 오전 11시4분 현재 코스피는 전일 대비 23.66포인트(0.77%) 오른 3083.13에 거래되고 있다. 장중에는 3100선을 넘어서기도 했다.기관이 유가증권시장에서 1269억원어치 주식을 사며 지수 상승을 이끌고 있다. 외국인은 현물주식은 152억원어치를 팔고 있지만, 코스피200선물을 6147억원어치 순매수 중이다. 개인은 현물주식을 768억원어치 순매도하고 있다.시가총액 상위 종목은 혼조세다.삼성전자는 0.65% 하락하고 있다. 개장 전 기대에 못 미치는 2분기 실적과 약 3조9000억원 규모의 자사주 취득 결정을 잇따라 공시하면서 변동성이 커지고 있다.SK하이닉스는 2.95% 상승 중이다.관세로 인한 피해가 우려되는 삼성바이오로직스(-1.94%), 현대차(-0.72%), 기아(-0.3%) 등 수출주들은 약세를 보이고 있다.도널드 트럼프 미국 대통령은 자신의 SNS를 통해 한국과 일본을 비롯한 7개국에 보낸 관세 서한을 공개했다. 이에 따르면 한국은 8월1일부터 25%의 관세를 부과받는다. 다만 협상 경과에 따라 관세 부과 유예 기간 연장도 시사된 만큼 협상 여지가 충분하다는 평가 속에 수출주들의 낙폭이 급격히 커지지는 않고 있다.수출주와 반대로 관세에 큰 영향을 받지 않는 종목들은 강세다. 두산에너빌리티는 3.97% 상승하고 있다. KB금융(4.46%), 신한지주(7.58%) 등 은행주들도 강세다.코스닥은 전일 대비 2.29포인트(0.29%) 내린 776.17에 거래되고 있다. 이 시장에서는 개인이 743억원어치 주식을 사는 반면, 외국인과 기관은 각각 649억원어치와 132억원어치를 팔고 있다.코스닥 시가총액 상위 종목들은 거의 내리고 있다.파마리서치만 인적분할 계획을 철회한 영향으로 6.38% 상승 중이다. 에코프로비엠은 보합이다.알테오젠은 1.8%, HLB는 1.43%, 펩트론은 2.3% 휴젤은 2.79% 하락하고 있다.서울외환시장에서 원·달러 환율은 전일 대비 7.1원(0.52%) 내린 달러당 1369.9원에 거래되고 있다.한경우 한경닷컴 기자 case@hankyung.com",https://www.hankyung.com/article/2025070846006,2025.07.08 11:22
"코스피, 새정부 정책 기대감에 2800선 눈앞…코스닥도 상승",,"사진=한경DB

                코스피지수가 5일 장 초반 강세를 보이면서 2800선 진입을 눈앞에 두고 있다. 상법 개정과 추가경정예산 집행 등 새 정부의 증시 부양 기대감에 전날 급등한 데 이어 이날도 '허니문 랠리'가 지속되는 모습이다.이날 오전 9시6분 현재 코스피지수는 전 거래일보다 21.19포인트(0.76%) 오른 2792.03을 나타내고 있다. 유가증권시장에서 개인과 외국인이 각각 430억원과 783억원 매수 우위인 반면 기관은 1199억원 매도 우위다.이날 새벽 미국 증시는 보합권에서 혼조로 마감했다. 지난 4일(현지시간) S&P500지수와 나스닥종합지수는 각각 0.01%와 0.32% 올랐지만 다우지수는 0.22% 내렸다. 지난달 미국의 민간 고용이 2년여 만에 최저치를 기록하자 경기 둔화 우려가 부각된 영향을 받았다.코스피 시가총액 상위 종목 중 삼성전자, SK하이닉스, LG에너지솔루션, 한화에어로스페이스, HD현대중공업, 현대차, 셀트리온 등이 오르는 반면 삼성바이오로직스, KB금융, 신한지주 등은 내리고 있다.코스닥지수는 같은 시각 2.1포인트(0.28%) 오른 752.31을 나타내고 있다.코스닥시장에서는 개인이 327억원 매수 우위인 반면 외국인과 기관은 각각 275억원과 26억원 매도 우위다.코스닥 시총 상위 종목 중 에코프로비엠, HLB, 에코프로, 파마리서치, 리가켐바이오, 클래시스, 에이비엘바이오, 삼천당제약 등이 오르는 반면 알테오젠, 레인보우로보틱스, 휴젤, 펩트론 등이 내리고 있다.서울 외환시장에서 원·달러 환율은 전장보다 6원 내린 1363.5원으로 개장했다.고정삼 한경닷컴 기자 jsk@hankyung.com",https://www.hankyung.com/article/2025060562936,2025.06.05 09:17
"[마켓칼럼] 반도체 필수재 '초순수', 국산화 기업에 주목",,"※한경 마켓PRO 텔레그램을 구독하시면 프리미엄 투자 콘텐츠를 보다 편리하게 볼 수 있습니다. 텔레그램에서 ‘마켓PRO’를 검색하면 가입할 수 있습니다.










  이충헌 밸류파인더 대표    주식투자자라면 일상에서 투자 아이디어를 얻는 경우가 많다. 피터 린치도 그랬다. 피터 린치는 “당신이 약간의 신경만 쓰면 동네 쇼핑상가 등에서 월스트리트 전문가들보다 훨씬 앞서 굉장한 종목들을 골라 가질 수 있다”고 했다. 우리나라 대표 산업 중 하나인 반도체 산업, 엔비디아를 필두로 인공지능(AI), 고대역폭 메모리(HBM) 등 산업 개화가 목전에 있다. 그런데 우리는 당연하게도 반도체를 생각하면 장비, 소재 등만 생각한다. 여기에 많은 사람들이 간과한 것이 있다. 바로 ‘물’이다. 반도체에서 가장 중요한 것은 물 중에서도 ‘초순수’다. 이미 국산화를 시도하고 있는 기업이 있는데, 오늘은 한성크린텍이라는 기업에 대해 알아보겠다. HBM 핵심 ‘초순水’, ‘한성크린텍’에 주목한성크린텍은 1998년 설립해 2003년 코스닥 시장에 상장했다. 2023년 10월 이엔코퍼레이션에서 한성크린텍을 흡수합병하며 사명을 변경한 초순수 및 수처리설비 EPC 전문업체다. 동사는 반도체, 디스플레이 등 첨단산업의 플랜트에 산업용수를 공급하는 수처리설비 EPC부터 액상폐기물을 처리 및 재활용, 폐수의 최종 방류까지 수직계열화를 구축해 낸 상태다.
                    




                동사는 2020년부터 2023년까지 꾸준한 영업이익 흑자를 기록해왔으나, 지난해에는 전방산업 침체 및 투자축소 등 공사 중단에 따라 대규모 손실이 발생했다. 코로나19의 장기화 및 러·우 전쟁에 기인한 글로벌 원자재 가격 급등, 노무비 및 인건비 등의 공사원가가 크게 증가했기 때문이다. 그러나 동사는 기초체력이 있던 회사였고, 최근 영업과 수주 상황을 반영 및 추정한다면 올해 다시 실적 턴 어라운드가 전망된다. SK하이닉스 M15x의 ph-3 WWT 시스템 수처리설비 공사, 삼성전자 P4 수처리설비 공사가 진행되고, 상반기 내로 용인 반도체 클러스터 입찰이 예상되며, 자회사의 안정적인 실적이 뒷받침되는 가운데 2Q25부터 리사이 클링 사업 매출 발생이 시작되면서 수익성 개선에 기여할 예정이기 때문이다. 또한 초순수 국산화를 위한 2차 국책과제 참여기업 선정이 1H26에 이뤄질 것으로 예상되는 가운데 동사는 과제 참여를 계획중인 것으로 파악된다. 초순수 국산화에 가장 앞선 기업 이 기업은 2021년 6월부터 2025년 12월까지 약 4.5년 간 진행되는 초순수 국산화 국책과제 수행기업에 선정돼 초순수 국산화 국책과제의 설계와 시공업무를 수행하고 있다. 초순수(Ultra Pure Water)란, 매우 복잡한 공정을 거쳐 물의 전기전도도(EC), 입자수, 생균수 등을 극히 낮은 수준으로 억제한 고순도의 용수를 뜻한다. 초순수는 반도체, 디스플레이, 제약, 화학, 발전 플랜트 등 다양한 분야에서 사용된다. 반도체 제조공정에서는 식각 및 연마 등의 공정 전후로 웨이퍼를 세정하는 데 사용, 디스플레이에서는 글라스를 세정하는 데 주로 활용된다. 초순수 플랜트는 용도에 따라 20~30여 개의 수처리 공정 조합으로 구성돼 있다. 산업별로 요구하는 공업용수의 수질은 그림4와 같으며, 가장 높은 등급의 순수를 요하는 산업은 바로 반도체다.글로벌 물산업 조사기관 GWI에 따르면 글로벌 초순수 시장규모는 2022년 약 29.7조원에서 2024년까지 47.6조원으로 연평균 2.7% 성장할 것으로 전망했다. 글로벌 시장에선 발전 산업이 42.5%로 가장 큰 비중을 차지하며 정유·석유화학, 미세전자가 그 뒤를 따른다. 2024년 국내 초순수 시장규모는 약 2.4조원 수준으로 추정되며 미세전자 산업이 65.5%로 가장 큰 비중을 차지하고 발전 산업이 그 뒤를 잇는다. 글로벌 시장과 달리 국내 시장에서 미세전자 부문 비중이 압도적으로 큰 것은 글로벌 종합 반도체 기업인 삼성전자와 SK하이닉스가 있기 때문이다. 
                    




글로벌 초순수 시장은 일본이 높은 점유율 차지하나, 장기적으로 국산화 유인 높아글로벌 초순수 시장에서는 일본이 높은 점유율을 차지한다. 특허로만 보더라도 일본 3대 수처 리 기업인 쿠리타(Kurita)와 오르가노(Organo), 노무라(Nomura)가 각각 200건, 69건, 73건으 로 전 세계 66%를 차지하고 있다. 세 기업 매출은 2024년 기준 3,848억엔(3.9조원), 1,504 억엔(1.52조원), 960억엔(9,600억원)으로 고성장을 지속하고 있다. 이 중 노무라와 쿠리타는 국내 반도체 기업 삼성전자, SK하이닉스에 수처리 EPC 사업을 전개하고 있다. 이들은 설계와 조달을 담당하고 있으며 한국에 100% 자회사 ‘노무라마이크로사이언스코리아’와 ‘쿠리타 한수’를 통해 시공 및 유지보수 사업까지 진행 중이다. 그러나 수처리 산업 역시 장기적으로 국산화 유인이 크다. 과거 한일 무역분쟁 발발로 일본에 전적으로 의존하던 반도체 공정 핵심소재 수급이 어려워져 국내 반도체 기업들이 타격을 입었던 적이 있기 때문이다. 해당 사건을 기점으로 우리나라는 소재 국산화 필요성을 절실히 느끼게 됐다. 일본은 2019년 7월 반도체 및 디스플레이 생산에 필요한 핵심 소재인 불화수소 (에칭가스), 포토 레지스트, 플루오린 폴리이미드 수출을 제한하는 보복 조치를 취했고, 8월에는 한국을 화이트리스트(수출심사 우대국)에서 배제하기에 이른다. 이에 따라 첨단산업의 소재 국산화 필요성을 절감하였으며, 결국 수처리 산업도 장기적으로 봤을 때 국산화는 필수 불가결하게 될 것이라 판단한다.
                    




과거 초순수 수처리 설비 구축 이력 및 2차 국산화 국책과제 참여 위한 노력동사는 초순수 국산화 국책과제를 수행하면서 반도체 웨이퍼를 생산하는 SK실트론에 836억원 규모 대용량 초순수 EPC 사업을 수주해 시간당 420t(톤)(일평균 약 1만t)의 초순수를 생산할 수 있는 시설에 대한 설계, 시공 및 시운전 업무를 수행했다. 뿐만 아니라 삼성E&A에 약 2100억원 규모 초순수 설비 수주, 솔브레인 미국공장에 반도체용 초순수 설비 수주, 반도체 산업 이외에도 LG디스플레이 및 롯데바이오로직스 등에 고순도의 초순수 설비를 수주한 바 있다. 더불어 폐수를 재이용해 초순수 원수로 활용하는 기술 확대 및 수주에 박차를 가하고 있는 것으로 파악된다.국책과제를 통해 동사와 일본 업체 간 기술격차가 상당 부분 줄어들기는 했으나 조달 영역에 서는 아직 일본 기업의 수준에 못 미치는 것으로 추정된다. 그러나 정부의 초순수 국산화 기조 에 따라 국내 초순수 선두기업인 동사도 초순수 공정확대 진입을 목표로 하고 있다. 업계에서 는 2026년 초 2차 초순수 국책과제가 시작될 것으로 예상되는 가운데 1차 초순수 국책과제를 성공적으로 수행하고 있는 동사 역시 참여를 계획하고 있다. 이를 통해 동사는 초순수 플랜트 구축 능력을 더욱 고도화 할 전망이다.
                    




대주주 지분 매입 계획 공시는 최대주주의 주가 부양 의지를 의미지난 4월 9일 동사의 대주주들이 일제히 지분매입 계획을 공시했다. 최대주주인 제이에스아 이컴퍼니를 비롯해 이에셋글로벌, 아이즈비전까지 5월 9일부터 6월 7일까지 약 한 달간 총 2%의 지분을 매입하겠다는 공시다. 이는 지난해 일시적 대량 손실 인식 후 실적 턴 어라운드 가 기대되는 상황에서 대주주들이 현 주가 상황에 대해서는 메리트가 있다고 판단한 것이라 해석할 수 있다. 이들은 앞서 지난 4월에도 장내매수를 통해 지분을 확대했다. 동사 최대주주 및 특수관계인은 다수의 상장사로 구성돼 있으며, 동사 지분을 약 40% 보유하고 있다.
                    




 전방산업 HBM 등 시설투자 확대에 따른 수혜 예상현재 가장 기대되는 모멘텀은 용인 반도체 클러스터다. 반도체 양대 산맥인 삼성전자와 SK하이닉스는 여기에 각각 360조원, 122조원을 투자하겠다는 계획을 밝혔다. HBM 업계 1위인 SK하이닉스는 1분기 1기 팹 착공을 이미 시작했다. 계획대로라면 2027년 2분기에 준공될 예정이다. 레거시 메모리 중심의 삼성전자는 2026년부터 본격적인 대규모 투자 집행을 시작할 것으로 예상된다.반도체 산업단지 인프라의 핵심은 전력과 산업용수가 얼마나 안정적으로 공급될 수 있는가 이다. 2021년 기준 일평균 산업용수 사용량은 삼성전자 39.5만t, SK하이닉스 28.5만t이다. 용인 반도체 클러스터는 하루 80만t의 산업용수 공급이 필요할 것으로 추정돼 수처리설비 업계에 큰 수혜가 될 전망이다. 용인 반도체 클러스터 대규모 건설이 시작되는 올해부터 수 년간 수주가 이어질 것으로 예상되며 초순수 뿐만 아니라 순수, 폐수 재이용 등 산업용수 공급에 특화된 동사가 가장 큰 수혜를 입을 것으로 추정된다.전방산업(반도체)의 투자 회복 및 원자재와 인건비 등 원가 요소의 안정화, 동사의 구조조정을 통한 사업체질 개선에 힘입어 올해는 실적개선 흐름을 보일 것으로 전망된다. ①하이닉스 M15x 폐수처리 설비 공사의 매출이 온기 반영될 예정 ②지난해 잠시 멈춰졌던 삼성전자 평택 P4 공장 증설이 작년 말부터 재개되며 이 역시 올해 반영될 전망이다. ③또한 올 1분기 용인 반도체 클러스터 내 폐수설비 입찰이 예정돼 있어 현재 입찰 참여를 준비 중이다. 동사가 수주할 경우 대규모의 수처리설비 공사를 추가로 진행할 것으로 예상된다. 여기에 안정적인 수익을 시현하는 자회사 실적과 2분기부터 황산암모늄의 리사이클링 매출이 추가되기 시작하면 동사 올해 연결기준 매출과 수익성은 크게 개선될 것으로 기대된다.",https://www.hankyung.com/article/202505154812i,2025.05.16 14:11
"우양, HMR 수출 연착륙·플랜트 사업 확대에 주가 강세",,"우양이 최근 주식시장에서 뚜렷한 강세를 띄며 투자자들의 관심을 끌고 있다. 단순 테마주 상승이 아닌, 사업 체질 개선 기대가 주가에 반영된 것으로 평가된다.우선 기존 주력인 냉동 HMR(가정간편식) 사업이 해외 시장, 특히 북미 대형마트 진출 소식이 전해지며 주가 상승을 견인했다. 냉동 김밥, 핫도그 등 주요 제품의 수출 비중이 크게 확대되고 있고, 이에 따라 해외 매출 비중이 과거 대비 눈에 띄게 증가했다는 분석이다. 점진적인 공급처 확대와 수출 채널 확대로, 비상장 대비 글로벌 진출 기대감이 고조되고 있다는 평이다.플랜트 자회사인 우양에이치씨 역시 미국 LNG 설비 증설 수혜와 SMR(소형 모듈 원자로) 분야 진출 기대를 발판 삼아 긍정적 투자 심리를 이끌어냈다. KB증권은 해당 자회사의 사업 확장을 긍정적으로 평가했다. 특히 미국의 에너지 정책 변화 시 수요 증가가 예상되며 중기적 성장 모멘텀으로 작용할 것으로 전망됐다.이와 맞물려 재무 안정성도 투자자 관심을 받는 요소다. 우양에이치씨는 순현금 보유와 EBIT(이자·세전이익) 개선을 통해 재무 건전성이 강화되고 있다는 진단이다. 수익성을 기반으로 플랜트 부문 확대 여력이 확보되며 투자자로부터 신뢰를 얻고 있다는 점도 주목된다.다만, 2분기 실적 부진 우려와 함께 주가 조정기에 대한 경고도 제기되고 있다. 실제 일부 약세 흐름이 관찰되며, 실적 발표 이후 단기 조정 가능성은 여전하다매커스, 한화솔루션, 한화오션, LG화학, 삼성바이오로직스무료상담",https://www.hankyung.com/article/202507236046a,2025.07.23 10:03
"12일, 거래소 기관 순매도상위에 운수장비 업종 5종목",,"기관 투자자는 12일 거래소에서 셀트리온, 한화오션, 삼성바이오로직스 등을 중점적으로 매도한 것으로 나타났다.기관 투자자의 순매도 상위 20개 종목은 셀트리온, 한화오션, 삼성바이오로직스, 한화시스템, 현대로템, KODEX 200선물인버스2X, HD현대미포, HD한국조선해양, SK바이오팜, 삼양식품등이다.이중에 운수장비 업종에 속한 종목이 5개 포함되어 있다.KODEX 코스닥150레버리지, KODEX 200타겟위클리커버드콜, TIGER 미국S&P500 등은 전일 대비 주가가 상승했고, 셀트리온, 한화오션, 삼성바이오로직스 등은 주가가 하락했다.[05월12일]거래소 기관 순매도 상위 종목한경로보뉴스이 기사는 한국경제신문과 금융 AI 전문기업 씽크풀이 공동 개발한 기사 자동생성 알고리즘에 의해 실시간으로 작성된 것입니다.",https://www.hankyung.com/article/202505128054L,2025.05.12 18:35
"코스피, 연고점 경신 후 3210선 줄다리기…코스닥 나흘째↑","코스피, 장중 한때 연고점 경신
""차익실현 욕구가 상단 제한""","사진=연합뉴스

                22일 코스피지수가 미 실적 훈풍과 차익실현 욕구가 힘겨루기 하며 장 초반 보합권에서 등락하고 있다.이날 오전 9시14분 현재 코스피지수는 전일 대비 0.67포인트(0.02%) 오른 3211.48을 기록 중이다. 코스피지수는 장중 한때 상단을 3220.27까지 높이면서 연고점을 다시 한번 경신했다. 다만 곧바로 매수세가 꺾이면서 3210선에서 오르락 내리락 하고 있다.고점 부담에 따른 차익실현 욕구에도 불구하고 미국 기업들의 호실적 전망이 투자심리를 뒷받침하고 있는 것으로 풀이된다.시장조사업체 팩트셋은 이날까지 2분기 실적을 발표한 스탠더드앤드푸어스(S&P)500지수 구성 기업 62곳 중 85% 이상이 전문가 예상치를 웃도는 실적을 낼 것으로 추산했다.이 시각 현재 유가증권시장에서 개인이 3600억원 순매수하고 있다. 외국인과 기관은 각각 1750억원과 1640억원 매도우위다.시가총액 상위주들은 등락이 엇갈리고 있다. 삼성전자(0.74%), LG에너지솔루션(1.36%), 삼성바이오로직스(0.67%), KB금융(0.17%)은 오르고 있는 반면 SK하이닉스(-0.73%), 한화에어로스페이스(-0.33%), 현대차(-0.24%), 두산에너빌리티(-3.36%) 등은 하락하고 있다.LIG넥스원은 증권가의 밸류에이션 부담 평가에 장 초반 약세다.코스닥지수는 4거래일 연속 상승세다. 이 시각 현재 코스닥지수는 0.68% 오른 827.14를 기록 중이다. 코스닥시장에서도 개인이 615억원 순매수하고 있다. 외국인과 기관은 각각 299억원과 186억원 매도우위다.코스닥 시총 상위주들은 대부분 상승하고 있다. 알테오젠(2.74%), 펩트론(1.58%), 파마리서치(1.39%), 리가켐바이오(4.53%), 휴젤(1.14%) 등이 오름세다.원·달러 환율은 1380원대로 내려왔다. 이날 서울 외환시장에서 원·달러 환율은 전일 대비 5.2원 내린 1383.0원에 개장했다.노정동 한경닷컴 기자 dong2@hankyung.com",https://www.hankyung.com/article/2025072233696,2025.07.22 09:22
"'대내외 훈풍' 코스피, 3100선 회복…삼성전자 4%대 '급등'","외인·기관 1조1934억 순매수
美-베트남 무역 협상·상법 개정안 통과 등

삼전 9개월여 만에 '63층' 도달
2차전지 오르고 지주사 내리고","사진=한경DB

                코스피지수가 3일 외국인과 기관투자자의 대규모 매수세에 1% 넘게 뛰며 3110선을 회복했다. 미국과 베트남 간 무역 협상 타결로 글로벌 공급망을 둘러싼 불확실성이 일부 완화됐고 상법 개정안이 국회 본회의를 통과하면서 투자심리가 개선된 영향으로 풀이된다. 이날 코스피지수는 전날보다 41.21포인트(1.34%) 오른 3116.27로 거래를 마쳤다. 지수는 이날 0.82% 오름세로 출발 후 상승폭을 확대했다.외국인과 기관이 대규모로 물량을 담아내면서 지수 상승을 견인했다. 유가증권시장에서 외국인과 기관은 각각 6323억원과 5611억원어치를 사들였다. 외국인은 코스피200 선물도 4003억원어치 순매수했다. 개인만 1조2325억원어치를 팔아치웠다.미국이 베트남과 무역 협상을 타결하자 관세 불확실성이 일부 줄어든 데 따른 영향으로 풀이된다. 이에 간밤 미국 증시에서도 긍정적 흐름이 관찰됐다. S&P500지수는 0.47% 올라 사상 최고가를 경신했고 나스닥종합지수도 0.94% 상승했다.또 이날 열린 국회 본회의에서 여야가 합의한 상법 개정안이 가결된 점도 지수 상승을 뒷받침했다. 상법 개정안에는 이사의 충실의무 대상을 '회사'에서 '주주 및 회사'로 확대하는 내용을 비롯해 전자 주주총회 도입과 감사위원 선임 시 최대주주와 특수관계인의 의결권을 합산 3%로 제한하는 내용 등이 담겼다.이경민 대신증권 연구원은 ""미국과의 관세 협상에 난항을 겪고 있는 일본과 홍콩을 제외한 아시아 증시 전반에 훈풍이 유입됐다""며 ""베트남 공급망 불확실성이 해소된 삼성전자를 중심으로 코스피의 상승을 견인했다""고 분석했다.코스피 시가총액 상위 종목 중 삼성바이오로직스(3.47%) KB금융(3.0%) 셀트리온(2.01%) 두산에너빌리티(0.49%) 현대차(0.47%) 네이버(0.4%) 등이 오른 반면 HD현대중공업(-3.31%) 한화에어로스페이스(-0.24%) SK하이닉스(-0.18%) 등이 내렸다. 삼성전자(4.93%)는 사흘간 상승세를 이어가며 이날 6만3800원으로 마감했다. 삼성전자 주가가 6만3000원대를 나타낸 건 지난해 9월30일 이후 9개월여 만이다. 시장의 예상과 달리 미국에서 반도체 세액공제율을 기존 25%에서 35%로 높이는 방안이 통과됐고 미국과 베트남 간 무역 협상 타결로 공급망 우려도 완화되면서다.또 에코프로머티(11.67%)를 비롯해 엘앤에프(8.07%) LG에너지솔루션(5.29%) 삼성SDI(3.52%) 등 2차전지주가 급등했다. 전날 테슬라 주가가 5% 반등한 데다 낙폭 과대 인식이 맞물린 결과로 증권업계는 분석한다. 반면 한화(-5.43%) SK(-3.28%) CJ(-2.53%) 롯데지주(-1.69%) 등 지주사는 약세로 마감했다. 이날 상법 개정안이 통과됐음에도 차익 실현 매물이 출회되면서다.코스닥지수는 전날보다 11.16포인트(1.43%) 오른 793.33으로 거래를 마쳤다. 이날 지수는 0.46% 오름세로 출발 후 오후 장 들어 상승폭을 크게 확대했다.코스닥시장에서도 외국인과 기관이 각각 1096억원과 396억원어치를 사들였고 개인만 1497억원어치를 팔아치웠다.코스닥 시총 상위 종목 중 파마리서치(6.28%) 리가켐바이오(5.84%) 에코프로(5.37%) 펩트론(4.85%) 리노공업(4.67%) 휴젤(3.15%) 에코프로비엠(2.91%) 알테오젠(1.4%) 등이 올랐다.서울 외환시장에서 원·달러 환율은 전장 대비 0.7원 오른 1359.4원으로 주간 거래를 마쳤다. 고정삼 한경닷컴 기자 jsk@hankyung.com",https://www.hankyung.com/article/2025070365346,2025.07.03 16:07
"삼성바이오로직스, 美서 7300억 신규 수주","바이오의약품 위탁생산 계약
1월 유럽 이어 올 두번째 수주","삼성바이오로직스가 미국 소재 제약사로부터 7300억여원 규모의 바이오의약품 위탁생산(CMO) 계약을 따냈다. 올 들어 두 번째 대규모 수주로, 증권업계에서는 올해 회사 매출이 작년보다 30% 가까이 오른 5조8784억원에 이를 것으로 전망했다.삼성바이오로직스는 28일 공시를 통해 미국의 한 제약사와 7373억원 규모의 CMO 계약을 맺었다고 밝혔다. 지난 1월 유럽 소재 제약사와 역대 최대 규모인 2조747억원의 CMO 계약을 체결한 데 이은 올해 두 번째 계약이다. 누적 수주액은 2조8120억원으로 올 들어 4개월 만에 작년 연간 수주액(5조4035억원)의 절반 이상을 달성했다.업계에선 세계 1위의 생산능력과 높은 품질, 발 빠르고 유연한 대응력을 삼성바이오로직스의 수주 경쟁력으로 꼽았다. 이달 18만L 규모의 인천 송도 5공장이 가동되면서 삼성바이오로직스 총생산능력은 78만4000L로 세계 1위를 굳건히 유지하고 있다. 삼성바이오로직스의 배치(바이오의약품 1회분을 생산하는 단위) 생산 성공률은 99%로 업계 평균(90~95%)을 뛰어넘는다. 생산한 100배치 중 불량이 1배치에 불과하다는 의미다. 지난 3월 말 기준 누적 규제기관 승인 건수도 356건으로 업계 최고 수준이다. 삼성바이오로직스는 최근 항체약물접합체(ADC) 전용 생산시설 가동을 시작으로 다양한 바이오의약품을 생산할 수 있는 역량을 구비했다. 또한 자율주행 운송로봇(AMR) 등 물류 자동화 시스템, 실시간으로 초기 데이터를 한데 모은 ‘데이터 레이크’ 등을 구축해 생산 효율을 극대화하고 있다.SK증권은 이날 보고서에서 기존 4공장의 가동률 증가 등 요인으로 올해 삼성바이오로직스 매출 전망치를 5조8784억원으로 상향 조정했다. 작년 매출보다 29.3% 증가한 수치다. 정유경 신영증권 연구위원은 “미국 수출 비중이 25%이고 유럽 비중은 65%여서 미국 관세 영향은 제한적”이라며 “관세 부과 시 미국 내 CMO 공장들이 수출 대신 내수용으로 물량을 전환할 가능성이 커 삼성바이오로직스에 대한 유럽 등의 수요는 더 확대될 수 있다”고 말했다.안대규 기자 powerzanic@hankyung.com",https://www.hankyung.com/article/2025042812551,2025.04.28 17:48
"코스피, 관세 리스크 완화에 3100선 회복…코스닥도 상승",,"사진=뉴스1

                코스피지수가 3일 장 초반 강세를 보이며 3100선을 회복했다. 미국이 영국에 이어 베트남과 무역 협상을 타결하자 관세 불확실성이 일부 줄어든 데 따른 영향으로 풀이된다. 이날 오전 9시9분 현재 코스피지수는 전 거래일보다 26.02포인트(0.85%) 오른 3101.08을 나타내고 있다. 지수는 이날 0.82% 상승 출발 후 추세를 유지하고 있다.유가증권시장에서 외국인이 888억원 매수 우위인 반면 개인과 기관은 각각 713억원과 184억원 매도 우위다.간밤 새벽 미국 증시는 혼조로 마쳤다. 2일(현지시간) 다우존스30산업지수는 0.02% 내렸지만 S&P500지수가 0.47% 오르며 사상 최고가를 경신했고 나스닥종합지수도 0.94% 상승했다.이날 도널드 트럼프 미국 대통령은 베트남과 무역 합의를 도출했다고 밝혔다. 트럼프 행정부는 지난 4월 베트남에 대해 46%의 상호관세율을 책정했는데, 베트남이 시장을 개방하는 대신 관세율을 20%로 대폭 인하하기로 했다. 이에 미국이 각국과 진행하는 관세 협상이 진전될 것이란 낙관론이 투자심리를 개선했다.코스피 시가총액 상위 종목 중 삼성전자, SK하이닉스, 삼성바이오로직스, LG에너지솔루션, 현대차, KB금융, 한화에어로스페이스, 기아, 네이버, 두산에너빌리티 등이 오르는 반면 셀트리온, HD현대중공업 등이 내리고 있다.코스닥지수는 같은 시각 5.2포인트(0.66%) 오른 787.37을 나타내고 있다. 코스닥시장에서는 개인이 122억원 매수 우위인 반면 외국인과 기관이 각각 76억원과 17억원 매도 우위다.코스닥 시총 상위 종목 중 에코프로비엠, HLB, 에코프로, 레인보우로보틱스, 파마리서치, 휴젤, 리가켐바이오, 클래시스, 리노공업 등이 오르는 반면 알테오젠, 펩트론, 삼천당제약 등이 내리고 있다.서울 외환시장에서 원·달러 환율은 전장보다 3.7원 내린 1355원으로 개장했다.고정삼 한경닷컴 기자 jsk@hankyung.com",https://www.hankyung.com/article/2025070352836,2025.07.03 09:23
"트럼프 ""의약품 관세 부과"" 예고에…바이오株 동반 약세",,"도널드 트럼프 미국 대통령./사진=AP 

                바이오주가 장 초반 동반 약세다. 도널드 트럼프 미국 대통령이 의약품에 대한 품목별 관세 발표를 예고한 데 따른 영향으로 풀이된다.7일 오전 9시42분 현재 삼성바이오로직스는 전 거래일보다 3만2000원(2.95%) 내린 105만3000원을 기록하고 있다. 장중 4.7%까지 낙폭을 확대하기도 했다.이밖에 에이비엘바이오(-5.6%) 삼천당제약(-5.14%) 펩트론(-3.82%) 알테오젠(-2.52%) 셀트리온(-2.09%) 등 바이오주가 일제히 하락세다.트럼프 대통령은 지난 5일(현지시간) 의약품에 대한 품목별 관세를 2주 내 발표하겠다고 예고했다. 앞서 트럼프 대통령은 지난달 무역확장법 232조에 따라 의약품 수입이 국가 안보에 미치는 영향을 조사할 것을 상무부 등에 지시한 바 있다.고정삼 한경닷컴 기자 jsk@hankyung.com",https://www.hankyung.com/article/2025050761726,2025.05.07 09:49
,,,https://magazine.hankyung.com/business/article/202504306386b,
"ISC, 신제품 기대 속 숨고르기",,"ISC(아이에스시)가 반도체 장비 업종 전반의 관망세 속에서 보합 흐름을 이어가고 있다. 뚜렷한 외부 악재나 호재 없이, 전반적인 반도체 투자 사이클 회복 기대 속에서 신제품 모멘텀에 대한 시장의 관심이 이어지는 분위기다.ISC는 고성능 반도체 테스트용 소켓 분야에서 경쟁력을 갖춘 기업으로, 최근 차량용 반도체·AI 고성능 칩 대응 제품을 다수 선보이며 기술 고도화에 집중해왔다. 특히 고객사 다변화와 해외 매출 확대가 중장기 성장 요인으로 꼽힌다.외국인과 기관의 수급은 중립적 흐름을 보이고 있으며, 거래량도 평이한 수준이다. 실적은 계절성 영향을 받으며 일부 조정을 거쳤으나, 하반기에는 주요 고객사 투자 재개에 따라 실적 회복 가능성도 제기된다.업계 관계자는 “ISC는 테크 업사이클 초입에서 관심을 받을 수 있는 대표적인 테스트 부품 기업”이라며, “다만 최근에는 뚜렷한 모멘텀이 부재해 주가가 숨고르기 국면에 접어든 것”이라고 평가했다.삼성바이오로직스, 현대차, 현대건설, 고영, 로킷헬스케어무료상담",https://www.hankyung.com/article/202507047849a,2025.07.04 10:43
위기는 곧 기회? 5년고정 연 4.9% 상품으로 자금 확보나 추가 매수가 가능하다?,,"부자네스탁론이 봄맞이 이벤트로 5년고정 연 4.9%의 저금리 스탁론 상품을 출시하면서 투자자들에게 화제가 되고 있다.5년고정 연 4.9%의 저금리 스탁론은 주요 증권사의 신용 금리로 알려진 8~9%대의 금리보다 훨씬 금리가 낮은 상품이다.스탁론 상품들은 증권사 신용보다 레버리지는 더 높고 담보유지비율은 더 낮아 투자 고수들 사이에서 잘 알려진 상품이다.미수나 반대매도를 해결해주는 대환대출상품, 한 종목 100% 집중투자 상품신용등급, 매수불가종목, D.S.R 등 주식투자자들의 고민을 완벽하게 해결해주는 솔루션을 제공하는부자네스탁론은 고객마다 가장 최적의 대출방법으로 해결해준다.-스탁론 D.S.R<총부채원리금상환비율> 고강도 규제에도! 문제없는 부자네스탁론!– 소득 낮고 기존 대출금액 많아도 계좌평가금액에 비례해서 대출가능!▶머니투데이 부자네스탁론① 5년고정 연 4.9% 금리의 최저금리 스탁론② 자기자본포함 최대 4배까지 레버리지 투자 가능③ 매수가능종목 100% 집중투자가능 (코스닥, 시가총액, 포트폴리오비율상관없이)④ 스탁론 전종목 1:1 매수상담문의 → 수익극대화⑤ 반대매도 임박 / 추가입금이 힘들다면? → 1:1 로스컷 전문상담⑥ D.S.R과 신용등급 낮.아.도 문제없이 매입/대환까지 가능!★ D.S.R비율, 신용등급 무관 저금리 부자네스탁 AM8:00~PM4:00 ☎1577-5852★ AM 8:00 부터 선착순 예약접수 http://www.bujane.co.kr/4월 고객들의 문의가 많은 종목은 자연과환경, 시공테크, 두산, 삼성바이오로직스, 펩트론 등이 있다.무료상담",https://www.hankyung.com/article/202504289201a,2025.04.28 13:48
,,,https://magazine.hankyung.com/business/article/202504239507b,
"10일, 거래소 기관 순매수상위에 전기,전자 업종 2종목",,"기관 투자자는 10일 거래소에서 KODEX 레버리지, KODEX 코스닥150레버리지, LG에너지솔루션 등을 중점적으로 사들인 것으로 나타났다.기관 투자자의 순매수 상위 20개 종목은 KODEX 레버리지, KODEX 코스닥150레버리지, LG에너지솔루션, 삼성전자, SK하이닉스, KODEX 200, 한화에어로스페이스, 포스코퓨처엠, TIGER 200, 한화비전등이다.이중에 전기,전자 업종에 속한 종목이 5개 포함되어 있다.이날 기관 투자자가 순매수한 종목들 중에 KODEX 레버리지, KODEX 코스닥150레버리지, LG에너지솔루션 등은 전일 대비 주가가 상승했다.[04월10일]거래소 기관 순매수 상위 종목한경로보뉴스이 기사는 한국경제신문과 금융 AI 전문기업 씽크풀이 공동 개발한 기사 자동생성 알고리즘에 의해 실시간으로 작성된 것입니다.",https://www.hankyung.com/article/202504104229L,2025.04.10 18:35
"코스피, 차익 실현 매물에 3050선으로 밀려…외인 사흘째 순매도","구리값 t당 1만달러 돌파 전망에
일진전기 등 전선株 일제히 급등
카카오페이 거래 재개 첫날 급락
엘앤에프 등 2차전지주도 약세","사진=뉴스1

                코스피지수가 27일 외국인 투자자의 대규모 매도세에 약세를 면치 못하고 3050선으로 밀렸다. 그동안 단기 랠리를 펼친 데 따른 부담감에 차익 실현 매물이 출회되면서다.이날 코스피지수는 전날보다 23.62포인트(0.77%) 내린 3055.94로 거래를 마쳤다. 지수는 이날 0.05% 내림세로 출발 후 보합권에서 등락을 거듭하다 장중 낙폭을 1% 넘게 확대하기도 했다. 외국인이 대규모 물량을 쏟아내면서 지수 하락을 이끌었다. 유가증권시장에서 외국인은 8551억원어치를 팔아치우며 3거래일 연속 순매도 기조를 유지했다. 개인과 기관이 각각 4849억원과 3201억원어치를 사들였지만 지수 하락을 방어하기엔 역부족이었다. 이날 연기금도 177억원어치를 덜어내며 5거래일 연속 순매도세를 이어갔다.이날 새벽 미국 증시가 상호관세 협상 기한 연장 기대에 강세로 마쳤으나 그 온기가 국내 증시로 전달되진 못했다. 지난 26일(현지시간) 다우존스30산업지수는 0.94% 상승했고 S&P500지수와 나스닥종합지수도 각각 0.8%와 0.97% 올랐다.이경민 대신증권 연구원은 ""최근 최고가 랠리를 이어오던 SK하이닉스가 30만원선 고지를 앞두고 저항을 받으며 6거래일 만에 하락 전환했다""며 ""이외에도 카카오페이와 카카오, 한국전력, SK스퀘어 등 기대감으로 상승했던 종목들에서 차익 실현 매물이 출회돼 코스피지수 하락을 주도했다""고 분석했다.코스피 시총 상위 종목 중 SK하이닉스(-3.07%) 현대차(-2.15%) 기아(-1.41%) 네이버(-1.34%) HD현대중공업(-0.35%) 삼성바이오로직스(-0.3%) 등이 내린 반면 두산에너빌리티(1.7%) 한화에어로스페이스(1.37%) 삼성전자(1%) KB금융(0.64%) 등이 올랐다.카카오페이(-10.23%)는 이달에만 두 번째인 매매거래 정지가 해제된 첫날 급락했다. 원화 스테이블코인 도입 기대가 약해지면서다. 또 엘앤에프(-5.36%) 포스코퓨처엠(-4.11%) LG에너지솔루션(-3.03%) 삼성SDI(-2.81%) 등 2차전지주가 약세로 마쳤다. 테슬라의 유럽 판매 부진과 로보택시 출시 이후 기대 소멸 등의 영향으로 분석된다.반면 일진전기(13.42%)와 LS마린솔루션(9.93%) 등 전선주는 급등했다. 미국 투자은행(IB) 골드만삭스가 오는 8월 구리 가격이 t당 1만50달러로 올해 정점을 기록할 것이란 전망을 내놓으면서다.코스닥지수는 전날보다 6.39포인트(0.81%) 내린 781.56으로 거래를 마감했다. 이날 지수는 0.25% 상승 출발했지만 장 초반 등락을 거듭하다 오전 9시44분께를 기점으로 하락 전환해 추세를 굳혔다.코스닥시장에서도 외국인이 2251억원어치를 팔아치우며 지수를 끌어내렸다. 반면 개인과 기관은 각각 1869억원과 478억원어치를 사들였다.코스닥 시총 상위 종목 중 에코프로비엠(-5.11%) 에코프로(-5.07%) 파마리서치(-2.8%) 휴젤(-2.25%) 알테오젠(-1.17%) 펩트론(-0.97%) 클래시스(-0.96%) 등이 내린 반면 리가켐바이오(5.6%) 리노공업(0.6%) 삼천당제약(0.2%) 등은 올랐다. 레인보우로보틱스는 보합으로 마쳤다. 서울 외환시장에서 원·달러 환율은 전장 대비 0.5원 오른 1357.4원으로 주간 거래를 마쳤다. 고정삼 한경닷컴 기자 jsk@hankyung.com",https://www.hankyung.com/article/2025062745856,2025.06.27 16:08
"코스피, 외인·기관 동반 매수에 상승…조선 관련주 '웃음'",,"21일 서울 중구 하나은행 본점 딜링룸 스크린에 코스피와 원/달러 환율이 표시돼 있다. 사진=연합뉴스

                코스피지수가 외국인과 기관의 동반 매수에 약 1% 상승했다.21일 코스피지수는 전날 대비 23.78포인트(0.91%) 오른 2625.58에 장을 끝냈다.외국인과 기관이 각각 2058억원, 929억원 매수 우위이고 개인만 3303억원 매도 우위다.유가증권시장에서 대장주인 삼성전자와 SK하이닉스는 1% 미만으로 약세를 기록했다. 반면 삼성바이오로직스와 한화에어로스페이스는 각각 7%, 4%대 상승했다.코스닥지수는 전날보다 8.07포인트(1.13%) 상승한 723.62에 거래를 마쳤다.외국인과 기관이 각각 415억원, 852억원 매수 우위이고 개인만 1184억원 매도 우위다.코스닥시장에서 알테오젠(2.68%)과 펩트론(3.75%), 휴젤(6.4%) 등은 올랏꼬, 코오롱티슈진(-2.58%)과 실리콘투(-3.4%) 등은 밀렸다.양대 시장을 통틀어 코로나 치료제, 백신 개발, 진단키트 관련주가 강세를 보였다. CHLRMS 아시아국가를 중심으로 신종 코로나바이러스 감염증(코로나19)의 재확산 조짐이 일고 있어서다.그린생명과학과 더바이오메드는 상한가를 기록했다. 셀레믹스(9.63%), 진매트릭스(9.61%), 샤페론(9.27%), 서울제약(8.03%), 파미셀(5.38%), 제일약품(4.33%) 등의 주가가 뛰었다.조선 기자재 관련주들의 주가도 동반 강세를 보였다. 세진중공업은 조선 업황 호황 속 1분기 깜짝 호실적이 맞물려 상한가를 기록했다. ""조선 밸류체인 상장사 중 가장 높은 수익성을 보였다""는 증권사 평도 한 몫 한 것으로 풀이된다.이날 세진중공업 외에도 오리엔탈정공(11.91%), 일승(11.23%), 동방선기(9.19%), 케이프(9%) 등도 급등 마감했다.HJ중공업과 HD현대미포, 삼성중공업 등 조선주들도 5% 안팎으로 상승했다.서울 외환시장에서 오후 3시30분 기준 원·달러 환율은 5.2원 내린 1387.2원을 기록했다.신민경 한경닷컴 기자 radio@hankyung.com",https://www.hankyung.com/article/2025052172576,2025.05.21 15:48
"코스피, 3년10개월 만에 3200선 돌파…'연고점 또 경신'",삼성전자·하이닉스 2%대 강세,"사진=연합뉴스

                코스피지수가 11일 개인투자자의 매수세에 힘입어 3년10개월 만에 3200선을 돌파하면서 연고점을 재차 경신했다.이날 오전 9시14분 현재 코스피지수는 전 거래일보다 28.56포인트(0.9%) 오른 3211.79를 나타내고 있다. 지수는 이날 0.1% 오름세로 출발 후 상승폭을 빠르게 키웠다. 지수가 3200선을 넘어선 건 장중 기준으로 2021년 9월7일(3201.76) 이후 3년10개월 만이다.유가증권시장에서 개인이 613억원 매수 우위인 반면 외국인과 기관은 각각 450억원과 146억원 매도 우위다.이날 새벽 미국 증시도 상승세로 마감했다. 지난 10일(현지시간) 다우존스30산업지수는 0.43% 올랐고 S&P500지수와 나스닥종합지수는 각각 0.27%와 0.09% 상승해 사상 최고치를 경신했다. 도널드 트럼프 미국 대통령이 브라질에 고율의 '관세 폭탄'을 투하한다는 소식에도 투자자들이 낙관적 태도를 유지하면서다.코스피 시가총액 상위 종목 중 LG에너지솔루션, KB금융, 현대차, 기아, 셀트리온 등이 오르는 반면 삼성바이오로직스, 네이버, 두산에너빌리티, 한화에어로스페이스, HD현대중공업 등이 내리고 있다. 삼성전자(2.79%)와 SK하이닉스(2.53%)는 강세를 보이고 있다. 전날 세계 최대 위탁생산(파운드리) 업체인 대만 TSMC의 올 4~6월 매출이 9338억대만달러(약 43조8000억원)로 사상 최대치를 경신했다는 소식이 투자심리에 긍정적 영향을 준 것으로 보인다. 같은 시각 코스닥지수는 전 거래일보다 7.37포인트(0.92%) 오른 805.07을 나타내고 있다. 코스닥지수는 역시 0.28% 오름세로 출발 후 장중 한때 1.03%까지 상승폭을 확대했다.코스닥시장에서는 외국인과 기관이 각각 338억원과 7억원 매수 우위인 반면 개인은 360억원 매도 우위다.코스닥 시총 상위 종목 중 에코프로비엠, HLB, 에코프로, 파마리서치, 휴젤, 클래시스, 리노공업 등이 오르는 반면 알테오젠, 리가켐바이오, 펩트론, 삼천당제약, 코오롱티슈진 등이 내리고 있다.서울 외환시장에서 원·달러 환율은 전장보다 2.3원 오른 1372.3원으로 개장했다.고정삼 한경닷컴 기자 jsk@hankyung.com",https://www.hankyung.com/article/2025071119236,2025.07.11 09:26
,,,https://magazine.hankyung.com/business/article/202507174407b,
[바이오 CFO 길라잡이] 미국의 통상규제와 제약·바이오산업의 대응 전략,글 정민우 삼일회계법인 파트너,,https://www.hankyung.com/article/202506309873i,2025.07.08 08:48
"코스피, '위태로운 휴전'에 3100선 공방…카카오페이 또 급등","이스라엘-이란, 휴전 합의했지만
여전히 불씨 남아
한국전력 10% 급등","사진=게티이미지뱅크

                코스피지수가 중동 지역의 '위태로운 휴전'에 3100선에서 공방전을 펼치고 있다.25일 오전 9시12분 현재 코스피지수는 전일 대비 6.09포인트(0.2%) 하락한 3097.55를 기록 중이다. 이날 지수는 이스라엘-이란 간 휴전 합의로 고조되던 중동 지역의 갈등이 일부 완화된 영향에 상승으로 출발했지만 여전히 불씨가 남았다는 국제사회의 평가에 상단은 제한된 모습이다.도널드 트럼프 미국 대통령은 24일(현지시간) SNS를 통해 ""휴전은 이제 발효됐다. 위반하지 마라""라고 썼고, 이후 이스라엘을 향해 ""폭탄들을 (이란에) 떨어뜨리지 말라. 당신들이 그렇게 하면 중대한 (휴전 합의) 위반이다""라고 경고했다.장 초반 유가증권시장에서 개인 투자자는 3700억원 순매수 중이다. 외국인과 기관 투자자는 각각 1397억원과 1916억원 매도우위다.시가총액 상위주들은 혼조세다. 삼성전자와 SK하이닉스가 각각 0.66%와 3.05% 오르고 있다. 현대차, HD현대중공업, 삼성전자우, 기아도 상승하고 있다.반면 삼성바이오로직스, LG에너지솔루션, 네이버(NAVER), 두산에너빌리티는 떨어지고 있다.투자경고종목 지정으로 하루 거래정지가 풀린 카카오페이는 원화 스테이블코인 제도화 수혜 기대감에 이날도 21.2% 뛰면서 급등세를 이어가고 있다. 한국전력은 원자력발전 사업 부문이 부각되면서 10.7% 오르고 있다.코스닥지수는 하락하고 있다. 이 시각 현재 코스닥지수는 전일 대비 4.6포인트(0.57%) 내린 796.33을 기록 중이다. 코스닥시장에서도 외국인과 기관이 각각 1025억원과 19억원 순매도인 반면 개인은 1214억원 매수우위다.코스닥 시총 상위주들은 대부분 하락하고 있다. 알테오젠, 에코프로비엠, 에코프로, HLB, 레인보우로보틱스 등이 파란불을 켰다.원달러 환율은 중동 지역 긴장 완화에 소폭 내림세다. 이날 0.8원 오른 1361원으로 개장한 원달러 환율은 장 초반 2.9원 떨어진 1357.3원으로 하락했다.노정동 한경닷컴 기자 dong2@hankyung.com",https://www.hankyung.com/article/2025062580426,2025.06.25 09:24
"코스피, 중동發 긴장 고조에 2900선 반납…기관 6100억 '팔자' [영상]","이스라엘의 이란 공습 여파로
일본 등 아시아 증시 동반 하락
방산·해운株 수혜 기대로 강세","영상 모듈 닫기




코스피지수가 13일 기관투자자의 대규모 매도세에 밀리면서 2900선을 내줬다. 이스라엘의 이란 핵 시설 공습 여파로 지정학적 긴장이 고조된 가운데 새 정부 출범 후 단기 급등한 데 따른 부담으로 차익 실현 매물까지 출회된 영향이다.이날 코스피지수는 전날보다 25.41포인트(0.87%) 내린 2894.62로 거래를 마쳤다. 지수는 이날 0.36% 상승 출발했으나 약 10분 만에 하락 전환해 낙폭을 키워갔다. 이로써 새 정부의 내수·증시 부양 기대로 7거래일 연속 이어진 '허니문 랠리'에도 마침표가 찍혔다.
                    



사진=연합뉴스

                기관이 대규모로 물량을 비워내면서 지수 하락을 이끌었다. 유가증권시장에서 기관은 6109억원어치를 팔아치웠다. 외국인은 장중 매수 포지션으로 전환해 1219억원어치를 사들이면서 8거래일 연속 순매수 기조를 유지했다. 개인은 조정장을 기회로 삼아 4669억원어치를 담으면서 7거래일 만에 순매수로 전환했다.이날 이스라엘의 이란 공습 여파로 아시아 증시가 일제히 약세를 보였다. 일본 닛케이225지수와 중국 상해종합지수가 각각 0.95%와 0.63% 하락했다.이경민 대신증권 연구원은 ""지정학적 리스크는 일반적으로 일시적인 투자심리에 영향을 미칠 뿐 금융시장의 장기적 방향성을 바꾸지는 않는다""면서도 ""국내 증시의 경우 최근 급격한 상승 랠리를 이어온 데 따른 차익 실현 압력으로 글로벌 증시에서도 다소 큰 낙폭을 보였다""고 분석했다.코스피 시총 상위 종목 중 삼성전자(-2.02%) 셀트리온(-1.89%) 현대차(-1.24%) 삼성바이오로직스(-0.97%) 한화에어로스페이스(-0.84%) 등이 내린 반면 HD현대중공업(1.91%) 네이버(0.8%) 신한지주(0.68%) KB금융(0.09%) 등은 올랐다. SK하이닉스와 두산에너빌리티는 보합으로 마감했다. 도널드 트럼프 미 대통령이 캘리포니아주가 시행 예정이었던 전기차 의무화 규정을 폐지하는 법안에 서명했다는 소식에 SK이노베이션(-3.04%) LG에너지솔루션(-2.63%) 삼성SDI(-1.54%) 등 2차전지주가 약세로 마감했다. 반면 이스라엘의 이란 공습으로 지정학적 리스크가 부각되자 풍산(22.15%) LIG넥스원(14.35%) 한국항공우주(7.96%) 등 방산주가 강세를 보였다. 또 지정학적 분쟁에 따른 운임 상승 수혜가 예상되는 대한해운(8.91%)과 HMM(5.22%) 등 해운주가 급등했다.코스닥지수는 전날보다 20.59포인트(2.61%) 내린 768.86으로 거래를 마쳤다. 이날 코스닥지수 역시 0.41% 상승 출발했지만 5분 만에 하락 전환해 낙폭을 2% 이상 확대했다. 코스닥시장에서는 외국인과 기관이 각각 2350억원과 905억원어치를 팔아치웠다. 개인이 3364억원어치를 사들였지만 지수 하락을 방어하기엔 역부족이었다. 코스닥 시총 상위 종목 중 대체로 하락했다. 리가켐바이오(-7.24%) 알테오젠(-6.09%) 에코프로비엠(-5.64%) 휴젤(-5.44%) 삼천당제약(-4.5%) 에코프로(-4.35%) 레인보우로보틱스(-4.15%) 펩트론(-3.32%) 리노공업(-2.35%) 클래시스(-2.28%) 등이 내렸다. 파마리서치(-17.11%)는 지주사 체제 전환을 위한 인적분할을 단행한다고 발표한 이후 투자심리가 악화해 급락했다. 서울 외환시장에서 원·달러 환율은 전장 대비 10.9원 오른 1369.6원으로 주간 거래를 마쳤다. 중동의 지정학적 긴장이 고조되자 안전자산으로 분류되는 달러에 대한 수요가 늘어난 영향으로 풀이된다.고정삼 한경닷컴 기자 jsk@hankyung.com",https://www.hankyung.com/article/2025061336656,2025.06.13 16:17
"""새 정부 랠리 올라타자""…주식 계좌·예탁금 급증",,"국내 주식거래 계좌 수가 사상 최대를 기록했다. 이재명 대통령 취임 이후 국내 증시가 랠리를 이어가자 수익을 낼 수 기회라고 판단한 투자자들이 몰린 영향이다.12일 금융투자협회에 따르면 국내 주식거래 활동계좌는 지난 11일 기준 9059만622개로 집계돼 신기록을 세웠다. 전년 동일(2024년 6월 11일·8239만3370개) 대비 약 10% 증가했다. 주식거래 활동계좌는 10만원 이상의 금액이 들어 있으면서 최근 6개월 동안 한 번 이상 거래가 이뤄진 계좌를 의미한다. 거래가 없는 계좌가 제외돼 실제 투자자 수를 가늠할 수 있다. 주식거래 활동계좌는 한동안(2022년 6월~2024년 2월) 7000만 개 수준에 머물렀다. 해외 주식 열풍에 힘입어 지난해 2월 8000만 개로 불어난 뒤 지난 5월 중순 대선 정국 본격화 때 처음 9000만 개를 돌파했다.대선 이후 코스피지수가 7.94% 뛰면서 주식 투자에 관심이 높아진 것으로 풀이된다. 증시 대기성 자금으로 여겨지는 투자자예탁금은 10일 62조원을 넘어섰다. 코로나19 시기인 2022년 3월 이후 3년여 만의 최대다.한국거래소에 따르면 4~12일 개인투자자는 유가증권시장에서 대한항공(590억원)을 가장 많이 샀다. 이어 삼성SDI(550억원), 삼성바이오로직스(510억원) 순으로 많이 담았다. 대한항공과 삼성SDI는 올해 각각 5.31%, 25.31% 하락한 종목이다.조아라 기자 rrang123@hankyung.com",https://www.hankyung.com/article/2025061217561,2025.06.12 18:23
"코스피, 상승폭 축소 2600선 보합권 등락…2차전지株↓",코스닥도 상승폭 줄여,"사진=게티이미지뱅크 

                20일 코스피지수가 장중 상승폭을 줄이면서 보합권에서 오르락 내리락 하고 있다.이날 오전 10시25분 현재 코스피지수는 전일 대비 0.09포인트(0.0%) 오른 2603.51을 기록 중이다. 지수는 이날 0.74% 상승 출발했지만 장중 한때 0.01% 하락 전환하기도 했다.유가증권시장에서 외국인 투자자가 86억원 순매도하고 있다. 개인과 기관은 각각 146억원과 46억원 매수우위다.코스피 시가총액 상위기업들은 혼조세다. 삼성전자, SK하이닉스, KB금융, 셀트리온이 상승하고 있는 반면 삼성바이오로직스, 현대차, 한화에어로스페이스는 떨어지고 있다.미 인플레이션감축법(IRA) 조기 폐지 가능성에 2차전지와 태양광 관련주들이 약세다. LG에너지솔루션, 삼성SDI, 포스코퓨처엠이 각각 3.95%, 4.49%, 5.39%씩 내리고 있다. 한화솔루션은 7.68% 급락하고 있다.LS ELECTRIC, HD현대일렉트릭, 효성중공업 등 전력주들은 동반 급등세다.코스닥지수도 상승폭을 줄였다. 이 시각 현재 코스닥지수는 0.57% 오른 717.84를 기록 중이다.노정동 한경닷컴 기자 dong2@hankyung.com",https://www.hankyung.com/article/2025052038736,2025.05.20 10:37
K바이오 담는 외국인…하반기 반등에 베팅,"이달 알테오젠·펩트론 등 순매수
기술 이전·신약개발 이벤트 주목","최근 국내 증시를 주도하고 있는 외국인이 제약·바이오주를 대거 사들이고 있다. 증권가에선 기술 이전, 신약 개발 등 이벤트가 하반기 관련 업종의 주가 상승을 이끌 것으로 보고 있다.21일 한국거래소에 따르면 ‘KRX 바이오 TOP10’ 지수는 이달 들어 14.66% 올랐다. 이 기간 전체 34개 KRX 테마지수 중 최고 성적을 기록했다. 코스피지수 상승률도 세 배 이상 웃돌았다.KRX 바이오 TOP10 지수는 국내에 상장한 바이오 종목 중 시가총액 상위 10개의 주가를 추종한다. 이 기간 29.84% 급등한 알테오젠을 비롯해 삼성바이오로직스(4.74%), 셀트리온(13.53%) 등 대형 바이오주가 강세를 보였다.바이오주 상승을 이끈 것은 외국인 투자자였다. 외국인은 이달 국내 증시에서 1조2950억원어치를 순매수했는데, 순매수 톱10 목록에 알테오젠(2304억원), 펩트론(1205억원), 파마리서치(1158억원) 등 바이오주가 3개 포함됐다. 그동안 반도체, 조선, 방위산업주 위주로 편식하던 외국인이 바이오주로 눈을 돌린 것이다.전문가들은 외국인이 시장을 주도하는 만큼 그들이 사들이는 바이오주에 주목할 필요가 있다고 조언했다. 권해순 유진투자증권 연구원은 “2분기 실적이 개선됐을 것으로 추정되는 대웅제약, 녹십자, 에스티팜 등과 하반기 긍정적 이벤트가 예상되는 알테오젠, 리가켐바이오 등을 중심으로 상승세가 이어질 가능성이 높다”고 분석했다.바이오주를 담는 상장지수펀드(ETF)도 반등하고 있다. 이달 들어 ‘TIGER 바이오TOP10’은 14.39%, ‘KoAct 바이오헬스케어액티브’는 13.33% 올랐다.최만수 기자 bebop@hankyung.com",https://www.hankyung.com/article/2025072127051,2025.07.21 17:56
연고점 돌파했다 제자리…美 관세 따라 출렁이는 코스피 [영상],,"영상 모듈 닫기




미국과의 관세 협상을 앞두고 국내 증시가 크게 출렁였다. SK하이닉스 등 일부 기업의 2분기 호실적, 한·미 관세 협상에 대한 기대감으로 개장 초반 연고점을 경신했던 코스피지수는 협상 일정이 연기됐다는 소식에 상승폭을 그대로 반납했다.24일 코스피지수는 0.21% 상승한 3190.45에 거래를 마쳤다. 개장 직후 코스피지수는 3237.97까지 올라서며 지난 22일 기록했던 연중 최고점(3220.27)을 넘겼다. SK하이닉스 등 굵직한 대형주가 2분기 호실적을 발표할 것이라는 기대감과 한·미 관세 협상이 일본처럼 무난하게 끝날 수 있으리라는 전망이 지수를 끌어올렸다.
                    



사진=연합뉴스

                그러나 25일로 예정됐던 한미 통상협의가 급작스럽게 연기되자 코스지지수 상승폭도 빠르게 축소됐다. 오전부터 코스피200 선물을 사들이던 외국인 투자자는 선물 순매도로 전환했다. 이경민 대신증권 연구원은 “무난하게 흐를 것이라고 봤던 관세 협상에 대한 기대가 무너지며 투자자들이 차익실현 매물을 던졌다”고 설명했다. 다만 외국인과 기관 투자가의 동시 매수세는 지속됐다. 이날 외국인은 유가증권시장에서 7415억원, 기관은 1289억원을 순매수했다. 개인 투자자는 9511억원어치를 순매도했다.외국인은 이날 호실적을 발표한 SK하이닉스를 1070억원어치 순매수했다. SK하이닉스는 2분기 9조원이 넘는 분기 영업이익을 달성하며 사상 최대 분기 실적을 갈아치웠다. 전날 알파벳이 올해 자본지출 규모를 750억달러에서 850억달러로 상향한 것도 반도체 관련주에 긍정적 영향을 미쳤다.2차전지와 바이오 관련주의 상승세도 컸다. LG에너지솔루션은 9.36% 상승한 36만8000원에 거래를 마쳤다. LG에너지솔루션이 중국 배터리 제조업체 신왕다를 상대로 한 배터리 구조 관련 특허침해 소송에서 승소했다는 소식이 전해지면서다. 최근 중국에서 리튬 과잉생산을 중단하며 탄산리튬 선물 가격이 올라가고 있는 것도 2차전지 관련주에 긍정적인 영향을 미쳤다. 2분기 호실적을 발표한 삼성바이오로직스도 2.26% 올랐다. 이재원 신한투자증권 연구원은 “대주주 양도세 기준 원상 복귀, 증권거래세 상향 등에 대한 우려가 커지고 있는 가운데 미국과의 관세 협상이 빠르게 재개돼 일본에 부과된 관세 수준으로 마무리될 수 있을지 확인할 필요가 있다”고 말했다. 심성미 기자 smshim@hankyung.com",https://www.hankyung.com/article/202507240172i,2025.07.24 16:39
"오가노이드, '삼성도 주목한' 신약개발 게임체인저","암 유전적 다양성까지 모사 가능
AI 기술 더해 신약 약효평가에 활용",,https://www.hankyung.com/article/202506208970i,2025.06.21 09:36
"코스피, 외인 매수에 소폭 상승세…코스닥 보합권 등락",,"사진=연합뉴스

                코스피지수가 21일 외국인 투자자의 매수세에 소폭 상승세를 나타내고 있다. 다만 SK하이닉스 등 주요 기업의 실적 발표를 앞둔 경계감에 상승폭은 제한적인 모습이다. 이날 오전 9시7분 현재 코스피지수는 전 거래일보다 13.99포인트(0.44%) 오른 3202.06을 기록하고 있다. 지수는 이날 0.1% 오름세로 출발 후 상승폭을 소폭 확대해 3200선을 재진입하는 데 성공했다.유가증권시장에서 외국인과 기관이 각각 936억원과 31억원 매수 우위인 반면 개인은 978억원 매도 우위다.코스피 시가총액 상위 종목은 대체로 상승세다. 삼성전자, LG에너지솔루션, 한화에어로스페이스, KB금융, 기아, 네이버, HD현대중공업 등이 오르는 반면 삼성바이오로직스, 두산에너빌리티 등이 내리고 있다. 셀트리온은 올 2분기 역대 최대 실적을 기록했다는 소식에 장중 한때 4%대 강세를 보였다.같은 시각 코스닥지수는 전 거래일보다 1.59포인트(0.19%) 오른 822.26을 나타내고 있다. 지수는 이날 0.1% 하락 출발 후 약 2분 만에 상승 전환해 보합권에서 등락을 보이고 있다.코스닥시장에서는 개인과 기관이 각각 92억원과 23억원 매수 우위인 반면 외국인은 98억원 매도 우위다.코스닥 시총 상위 종목 중 펩트론, 에코프로, 삼천당제약, 클래시스 등이 오르는 반면 알테오젠, 에코프로비엠, HLB, 파마리서치, 레인보우로보틱스, 리가켐바이오, 휴젤 등이 내리고 있다.폰트 개발사 산돌은 100% 무상증자를 결정했다는 소식 이후 주가가 10%대 급등세다.서울 외환시장에서 원·달러 환율은 전장보다 0.9원 내린 1392.1원으로 개장했다.고정삼 한경닷컴 기자 jsk@hankyung.com",https://www.hankyung.com/article/2025072107926,2025.07.21 09:16
"19일, 거래소 기관 순매수상위에 전기,전자 업종 1종목",,"기관 투자자는 19일 거래소에서 한국전력, 한미반도체, 삼성바이오로직스 등을 중점적으로 사들인 것으로 나타났다.기관 투자자의 순매수 상위 20개 종목은 한국전력, 한미반도체, 삼성바이오로직스, KODEX 미국나스닥100, 삼성생명, KODEX 미국S&P500, 호텔신라, TIGER 미국S&P500, SK텔레콤, 삼성에스디에스등이다.이중에 전기,전자 업종에 속한 종목이 2개 포함되어 있다.한국전력, 삼성바이오로직스, 삼성생명 등은 전일 대비 주가가 상승했고, 한미반도체, KODEX 미국나스닥100, SK텔레콤 등은 주가가 하락했다.[05월19일]거래소 기관 순매수 상위 종목한경로보뉴스이 기사는 한국경제신문과 금융 AI 전문기업 씽크풀이 공동 개발한 기사 자동생성 알고리즘에 의해 실시간으로 작성된 것입니다.",https://www.hankyung.com/article/202505192894L,2025.05.19 18:35
저가 매수는 증권사보다 레버리지가 높은 연 4%대 상품!,,"부자네스탁론이 봄맞이 이벤트로 5년고정 연 4.9%의 저금리 스탁론 상품을 출시하면서 투자자들에게 화제가 되고 있다.5년고정 연 4.9%의 저금리 스탁론은 주요 증권사의 신용 금리로 알려진 8~9%대의 금리보다 훨씬 금리가 낮은 상품이다.스탁론 상품들은 증권사 신용보다 레버리지는 더 높고 담보유지비율은 더 낮아 투자 고수들 사이에서 잘 알려진 상품이다.미수나 반대매도를 해결해주는 대환대출상품, 한 종목 100% 집중투자 상품신용등급, 매수불가종목, D.S.R 등 주식투자자들의 고민을 완벽하게 해결해주는 솔루션을 제공하는부자네스탁론은 고객마다 가장 최적의 대출방법으로 해결해준다.-스탁론 D.S.R<총부채원리금상환비율> 고강도 규제에도! 문제없는 부자네스탁론!– 소득 낮고 기존 대출금액 많아도 계좌평가금액에 비례해서 대출가능!▶머니투데이 부자네스탁론① 5년고정 연 4.9% 금리의 최저금리 스탁론② 자기자본포함 최대 4배까지 레버리지 투자 가능③ 매수가능종목 100% 집중투자가능 (코스닥, 시가총액, 포트폴리오비율상관없이)④ 스탁론 전종목 1:1 매수상담문의 → 수익극대화⑤ 반대매도 임박 / 추가입금이 힘들다면? → 1:1 로스컷 전문상담⑥ D.S.R과 신용등급 낮.아.도 문제없이 매입/대환까지 가능!★ D.S.R비율, 신용등급 무관 저금리 부자네스탁 AM8:00~PM4:00 ☎1577-5852★ AM 8:00 부터 선착순 예약접수 http://www.bujane.co.kr/5월 고객들의 문의가 많은 종목은 HD현대일렉트릭, 알테오젠, 삼성바이오로직스, KB금융, 한화시스템 등이 있다.무료상담",https://www.hankyung.com/article/202505088529a,2025.05.08 13:28
"코스피, 호실적 낸 종목 급등했지만…기관 매도가 발목 잡아",,"사진=연합뉴스

                코스피가 약보합세로 마감됐다. 호실적을 내놓은 종목을 중심으로 급등세가 나타나기도 했지만, 기관이 주식을 팔며 지수의 발목을 잡았다.9일 코스피는 전일 대비 2.21포인트(0.09%) 내린 2577.27에 거래를 마쳤다.기관이 1896억원어치 주식을 팔며 지수를 짓눌렀다. 반면 개인과 외국인은 각각 630억원어치와 680억원어치의 주식을 샀다. 외국인은 코스피200선물도 1491억원어치 순매수했다.시가총액 상위 종목은 혼조세였다.삼성전자는 강보합, SK하이닉스는 약보합세를 보였다.현대차와 기아는 각각 1.5%와 1.71% 상승했다. 미국이 영국과의 무역협상을 합의하며 자동차 품목관세 25%를 철회하고 연간 10만대에 대해서만 10%의 기본관세를 부과하기로 했다는 소식이 전해지면서 투자심리가 자극됐다.한화에어로스페이스는 이날 0.57% 하락했는데도, 약 2600억원 차이로 유가증권시장 시가총액 5위 자리를 지켜냈다.LG에너지솔루션은 2.9%, HD현대중공업은 2.02%, KB금융은 2.65% 하락했다.삼성바이오로직스는 강보합이었지만, 셀트리온은 0.88% 빠졌다.1분기 실적에 따라 개별 종목들의 희비가 엇갈렸다.예상을 밑돈 실적을 내놔 증권가 혹평이 쏟아진 BGF리테일은 9.68% 하락했다.반면 호실적을 내놓은 한국콜마, SK케미칼, 고려아연은 각각 5.4%, 14.22%, 7.71% 상승했다.코스닥은 전일 대비 7.07포인트(0.97%) 내린 722.52에 거래를 마쳤다. 이 시장에서는 개인이 3770억원어치 주식을 순매수한 반면, 외국인과 기관은 각각 2659억원어치와 819억원어치를 팔았다.코스닥 시가총액 상위 종목들은 대체로 하락했다. HLB와 파마리서치가 각각 1.4%와 2.03% 상승한 걸 제외하면 모두 빠졌다.특히 에코프로비엠의 낙폭이 5.78%로 두드려졌다. 에코프로도 3.08% 하락했다.바이오 종목 중에서는 펩트론이 3.88%, 휴젤이 2.72%, 알테오젠이 2.13% 하락했다.서울외환시장에서 원·달러 환율은 전일 대비 6.2원(0.44%) 내린 달러당 1400.7원에 거래되고 있다.한경우 한경닷컴 기자 case@hankyung.com",https://www.hankyung.com/article/2025050929106,2025.05.09 15:44
"04일, 외국인 거래소에서 두산(-3.65%), HD현대중공업(-5.58%) 등 순매수",,"외국인 투자자는 04일 거래소에서 두산, HD현대중공업, POSCO홀딩스 등을 중점적으로 사들인 것으로 나타났다.외국인 투자자의 순매수 상위 20개 종목은 두산, HD현대중공업, POSCO홀딩스, LIG넥스원, 현대건설, KODEX 200선물인버스2X, 한화에어로스페이스, 키움증권, 미래에셋증권, 두산에너빌리티등이다.이중에 운수장비 업종에 속한 종목이 3개 포함되어 있다.POSCO홀딩스, KODEX 200선물인버스2X, 이수페타시스 등은 전일 대비 주가가 상승했고, 두산, HD현대중공업, LIG넥스원 등은 주가가 하락했다.[07월04일]거래소 외국인 순매수 상위 종목한경로보뉴스이 기사는 한국경제신문과 금융 AI 전문기업 씽크풀이 공동 개발한 기사 자동생성 알고리즘에 의해 실시간으로 작성된 것입니다.",https://www.hankyung.com/article/202507049364L,2025.07.04 18:35
"""삼성바이오로직스, 관세 우려 불식시킨 실적…목표가↑""-신한",,"삼성바이오로직스 인천 송도 4공장 전경. 삼성바이오로직스 제공

                신한투자증권은 24일 삼성바이오로직스에 대해 예상을 크게 웃도는 1분기 실적을 내놔 미국 관세 정책 우려를 불식시켰다며 목표주가를 기존 130만원에서 135만원으로 올렸다. 투자의견은 ‘매수’를 유지했다.삼성바이오로직스는 1분기 연결 기준 매출 1조2983억원, 영업이익 4867억원의 실적을 기록했다. 전년 동기 대비 매출과 영업이익이 각각 37%와 120% 증가했다. 영업이익은 실적 발표 직전 집계된 컨센서스(증권사 추정치 평균)을 크게 웃돌았다.엄민용 신한투자증권 연구원은 “삼성바이오로직스의 내부 거래 감소와 4공장의 안정적 가동률 상승에 기반한 매출 증가, 삼성바이오에피스의 바이어시밀러 판매 호조와 높은 환율 등으로 우호적 상황이 지속됐다”며 호실적의 배경을 설명했다.이 같은 호실적이 미국의 관세 정책으로 인한 악영향 우려를 불식시킬 수 있을 것이란 분석도 눈길을 끈다. 엄 연구원은 “최근 미국 관세 영향에 대한 우려로 미국 내 제조시설을 보유한 의약품 위탁 개발·생산(CDMO) 계약이 증가하는 추세”라면서도 “삼성바이오로직스는 미국 내 제조시설 없이도 지난 1월 유럽 소재 제약사와 2조원 수준의 역대 최대 규모의 수주 계약을 체결했다”고 전했다.한경우 한경닷컴 기자 case@hankyung.com",https://www.hankyung.com/article/2025042419686,2025.04.24 07:54
[마켓PRO] 미중 관세전쟁 완화 기대감에...SK하이닉스·삼성전자 담은 주식 고수,,"※한경 마켓PRO 텔레그램을 구독하시면 프리미엄 투자 콘텐츠를 보다 편리하게 볼 수 있습니다. 텔레그램에서 ‘마켓PRO’를 검색하면 가입할 수 있습니다.





                투자수익률 상위 1％의 고수들이 SK하이닉스를 집중적으로 매수했다.23일 미래에셋엠클럽에 따르면 미래에셋증권 계좌로 주식을 거래하는 수익률 상위 1％ 고수들은 이날 개장부터 오전 10시까지 국내 증시에서 SK하이닉스를 가장 많이 순매수했다. 하이닉스는 이날 오전 10시 기준으로 전날 종가보다 2.88% 상승한 17만8800원에 거래되고 있다. 그 뒤를 이은 건 삼성전자다. 전날보다 1.45% 오른 5만5800원에 거래 중이다.
                    




                국내 반도체를 중심으로 매수세가 몰린 건 지난밤 미국 증시에서 엔비디아 등 기술주가 상세를 보인 영향으로 풀이된다. 도널드 트럼프 미국 대통령은 22일(현지시간) 중국 관세에 대해 “(현재의 145%는 매우 높다”고 말했고, 중국과의 관세 협상에 진전이 있는지 묻는 질문에는 “우리는 중국과 잘하고 있다”고 언급했다.삼성바이오로직스를 주식 계좌에 담는 주식 초고수도 많다. 전날 대비 2% 넘게 하락한 105만2000원에 거래되고 있는데, 주가가 소폭 조정되면서 저가 매수 수요가 붙었다는 분석이다. 삼성바이오로직스는 고환율 영향으로 올 1분기 호실적이 예상된다.
                    




                이 시각 고수들이 가장 많이 순매도하고 있는 종목은 바이오스마트다. 코스닥 상장사인 바이오스마트는 변압기나 케이블 등에 사용되는 핵심 소재를 생산하는 업체다. 전날 종가 대비 29.87% 오른 만큼 차익을 실현하기 위해 매도하는 투자자들이 많았다는 분석이다.양지윤 기자 yang@hankyung.com",https://www.hankyung.com/article/202504239209i,2025.04.23 11:00
"[마켓PRO] Today's Pick : ""KT&G, 성장하는 배당주""",,"※Today's Pick은 매일 아침 여의도 애널리스트들이 발간한 종목분석 보고서 중 투자의견 및 목표주가가 변경된 종목을 위주로 한국경제 기자들이 핵심 내용을 간추려 전달합니다.




KT&G 사옥 전경 연합뉴스

👀주목할 만한 보고서 KT&G - 성장하는 배당주📈목표주가 : 11만원→17만5000원(상향) / 현재주가 : 13만4900원투자의견 : 매수(유지) / LS증권[체크 포인트]=KT&G의 2분기 연결 매출액은 1조5381억원(전년 동기 대비 +8.0%), 영업이익은 3479억원 (+8.0%) 전망.=국내 궐련 부문의 경우 시장 수요 감소세를 따라가면서 매출액 소폭 감소. 해외 궐련의 경우 높은 기저에도 불구하고 판매량과 ASP 모두 두 자릿수 증가하면서 전체 매출 성장을 견인.=NGP의 경우 베트남 디바이스 공급 차질 이슈가 영향을 미치며 1분기와 비슷한 수준의 역성장 예상. 일부 원가 부담은 연결 실적에 큰 영향을 미치지 않는 수준이며, 담배 사업 부문의 영업이익은 +6.5% 전망.=건강·기능식 사업 부문의 경우 높은 기저 및 국내 사업에서의 수익성 중심 영업 전략으로 매출액 소폭 역성장, 영업이익 흑자전환을 예상. 부동산사업 부문은 중소형 개발사업의 매출 및 손익 인식 규모 확대로 우호적인 실적 분위기 지속.=이르면 올해 연말 해외 NGP 신규 디바이스의 출시 예상. 출시 이후 ASP 상승 및 디바이스 교체 수요 감안 시 2026년부터 NGP사업은 새로운 성장 동력이 될 전망. 해외 궐련의 경우 신규 공장 가동을 기점으로 구조적 성장 궤도에 진입. 올해 3월 가동된 카자흐스탄 공장과 26년 가동 예정인 인도네시아 공장을 기반으로 CIS 및 아시아 지역 내 공급 여력 확대 및 원가 경쟁력 향상 효과 기대.=KT&G의 2025년의 총 주주환원 규모는 약 1조1540억원, 총주주환원율은 104%에 달할 것으로 전망. 총배당액은 6000억원을 상회, 자사주 매입 규모는 전년도 수준과 비슷한 약 5500억원을 가정. 최근 기업들에게 강력한 주주환원 정책을 요구하는 정부의 요구와 맞물려 동사의 높은 주주환원율은 경쟁력 있는 투자포인트로 부각될 것 삼성바이오로직스 - 가이던스 상향, 빠른 Ramp-up 효과📈목표주가 : 131만원→145만원(상향) / 현재주가 : 106만4000원투자의견 : 매수(유지) / 하나증권[체크 포인트]=2분기 실적은 로직스 별도 매출액 1조142억원(전년동기 대비 +25.2%), 영업이익 4770억원 (+44.9%), 에피스는 매출액 4010억원(-24.3%), 영업이익 898억원 (-65.1%)로 또 서프라이즈를 달성=지난 분기 로직스의 현저히 낮아진 원가율이 이번 분기에도 유사한 수준이었고, 4월 5공장 가동에도 불구하고 4공장 램프업(Ramp-up, 생산량의 점진적 증가) 속도가 증가한 고정비를 상당 부분 분산해 직전 분기보다 더 낮은 판관비율(11.2% → 8.8%)을 달성.=에피스의 분기 실적이 크게 감소하는 것처럼 보이나 작년 2분기에 2200억원의 마일스톤을 수령했기 때문이고, 제품 매출 실적은 전년 동기 대비 약 28% 성장. 전 분기 대비 성장세를 확인하긴 어려우나, 스텔라라BS가 유럽과 미국에 출시됐고, 솔리리스BS도 미국에 출시돼 바이오시밀러 시장이 격화되는 중에도 대형 마일스톤이 있었던 작년 매출 수준은 유지. 올해 가이던스는 달성할 수 있을 것으로 보임. 한국전력 - 한걸음 두걸음 나아가는 리레이팅📈목표주가 : 4만2000원→4만7000원(상향) / 현재주가 : 3만7800원투자의견 : 매수(유지) / LS증권[체크 포인트]=2분기 연결 영업실적은 매출 21조7615억원(전년동기 대비 +6%), 영업이익 2조3101억원(+85%)으로서 전년동기 대비 매출은 견조하게 증가하고 영업이익은 대폭 증가하는 등 호조세. 컨센서스 전망치 부합 전망.=원재료 가격 급등으로 2021년 2분기부터 2023년 2분기까지 9개 분기 동안 영업적자가 지속되는 암흑기를 지나 2023년 3분기부터 영업손익 흑자구조를 회복한 후 간헐적이나 꾸준한 요금 인상을 통한 안정적 매출 증가. 에너지 가격 안정화 및 발전 믹스 개선이 지속되면서 영업비용 안정화. LG씨엔에스 - 클라우드 성장이 핵심📈목표주가 : 7만8000원→8만4000원(상향) / 현재주가 : 6만9800원투자의견 : 매수(유지) / 신한투자증권[체크 포인트]=2분기 실적 성장 성공. 클라우드 실적이 전체 성장을 견인. 상반기 호실적 기록 이후 기대되는 하반기.=산업 특성상 계단식 실적 성장 기대가 확대됨. 클라우드 성장 가속화 구간으로 판단. 국내 대표 IT서비스 업체로서 클라우드 성장을 증명할 경우 밸류에이션 재평가도 충분히 가능.=매출액 1%(이하 전년 대비), 영업이익 2% 증가 기록. 신한 추정치 기준 매출액은 5% 하회, 영업이익은 11% 상회. 영업이익률 9.6%(+0.1%p) 기록. 사업부별로 클라우드&AI 매출액 8% 증가하며 성장 견인. 이번 실적 포인트는 클라우드&AI 실적 성장, 수익성 개선 등.=고객사 확대 및 논 캡티브 시장 진입이 긍정적. 스마트 엔지니어링 매출액은 11% 감소. 디지털 비즈니스의 경우 매출액 7% 감소. 공공 대형 프로젝트 종료 영향 추정.양지윤 기자 yang@hankyung.com",https://www.hankyung.com/article/202507248221i,2025.07.24 08:30
"코스피, 기관 매수 전환에 2620선 사수…'황제주' 삼양식품 19% '급등'","코스닥, 외인·기관 매도에 1% 하락

원전주 오르고 2차전지주 내리고 
LG엔솔, 공모가 30만원도 무너져","사진=임형택 기자

                16일 국내 증시가 혼조로 마감했다. 코스피지수는 기관투자자의 매수 전환에 막판 뒷심을 발휘하며 소폭 상승해 2620선을 사수했다. 반면 코스닥지수는 외국인과 기관의 동반 매도세에 1% 넘게 밀렸다. 최근 미·중 무역 긴장 완화로 단기 랠리가 이어진데 따른 부담감이 상승 탄력을 제한했다는 분석이 나온다.이날 코스피지수는 전날보다 5.51포인트(0.21%) 오른 2626.87로 거래를 마쳤다. 지수는 이날 0.35% 오름세로 출발 후 오전 9시56분께를 기점으로 하락 전환해 보합권에서 등락을 보였다. 이후 오후 들어 기관의 매수세가 확대되면서 상승 추세를 굳혔다.유가증권시장에서 외국인과 기관이 각각 1701억원과 1344억원어치를 사들이며 지수 상승을 이끌었다. 연기금도 이날 156억원어치를 담으며 3거래일 연속 순매수 기조를 유지했다. 반면 개인은 나홀로 3038억원어치를 팔아치웠다.이날 새벽 미국 증시 역시 혼조로 마감했다. 우량주 30개를 묶은 다우지수와 S&P500지수는 전장보다 각각 0.65%와 0.41% 상승했고 나스닥종합지수는 0.18% 하락했다.이경민 대신증권 연구원은 ""미·중 무역 긴장 완화에 대한 안도감과 낙관론이 현실로 바뀌면서 금융시장이 혼조세를 보이고 있다""며 ""최근 교역 갈등 완화로 증시가 조정 없이 브이자(V) 반등을 이어온 데 따른 부담과 피로감이 지속된 건 차익 실현 압력을 확대하고 증시의 추가 상승 탄력을 약화시키는 요인""이라고 분석했다.코스피 시가총액 상위 종목은 대체로 상승 마감했다. 한화에어로스페이스(2.31%) SK하이닉스(2.0%) 기아(0.88%) 한화오션(0.87%) HD현대중공업(0.72%) 현대차(0.47%) 삼성바이오로직스(0.4%) 셀트리온(0.33%) 등이 오른 반면 삼성전자(-0.87%)와 네이버(-0.74%) 등은 내렸다. KB금융은 보합으로 마감했다.LG에너지솔루션(-5.37%)은 이날 공모가인 30만원을 밑돌면서 삼성바이오로직스에 시가총액 3위 자리를 내줬다. 글로벌 전기차 시장 침체 우려와 정책 불확실성이 겹친 영향이다.삼양식품(19.07%)은 올 1분기 사상 최대 실적을 거두면서 급등했다. 농심(9.4%) 역시 2분기 호실적을 기록할 것이란 전망에 강세로 마감했다.두산에너빌리티(7.36%)를 비롯해 한전기술(8.32%)과 한전KPS(4.63%) 등 원전주도 급등했다. 벨기에 의회가 22년 만에 '탈원전 공약'을 폐기했다는 소식이 전해지면서다.코스닥지수는 전장보다 8.16포인트(1.11%) 내린 725.07로 거래를 마쳤다. 지수는 이날 0.16% 오름세로 출발했으나 곧바로 하락 전환해 낙폭을 확대했다.코스닥시장에서는 외국인과 기관이 각각 1790억원과 432억원어치를 팔아치운 반면 개인이 2358억원어치를 사들였다.코스닥 시총 상위 종목 중 클래시스(-6.92%) 알테오젠(-4.08%) 삼천당제약(-1.99%) HLB(-1.58%) 레인보우로보틱스(-1.5%) 등이 내린 반면 펩트론(5.1%) 리노공업(3.33%) 파마리서치(1.46%) 리가켐바이오(0.78%) 등이 올랐다.에코프로(-3.5%)와 에코프로비엠(-2.98%) 등 2차전지주는 약세로 마감했다. 미 의회가 인플레이션감축법(IRA) 전기차 세액공제를 조기 폐지하는 등 업황 악화 우려가 확대되면서다.서울 외환시장에서 원·달러 환율은 전장 대비 4.9원 오른 1389.6원으로 주간 거래를 마쳤다.고정삼 한경닷컴 기자 jsk@hankyung.com",https://www.hankyung.com/article/2025051679306,2025.05.16 16:06
"09일, 외국인 거래소에서 SK하이닉스(-2.65%), 삼성전자(-0.93%) 등 순매도",,"외국인 투자자는 09일 거래소에서 SK하이닉스, 삼성전자, 한화오션 등을 중점적으로 매도한 것으로 나타났다.외국인 투자자의 순매도 상위 20개 종목은 SK하이닉스, 삼성전자, 한화오션, 한화에어로스페이스, HD현대중공업, LG에너지솔루션, LG화학, 삼성바이오로직스, 하나금융지주, 한화시스템등이다.이중에 운수장비 업종에 속한 종목이 6개 포함되어 있다.한화오션, KODEX 200선물인버스2X, 넥스틸 등은 전일 대비 주가가 상승했고, SK하이닉스, 삼성전자, 한화에어로스페이스 등은 주가가 하락했다.[04월09일]거래소 외국인 순매도 상위 종목한경로보뉴스이 기사는 한국경제신문과 금융 AI 전문기업 씽크풀이 공동 개발한 기사 자동생성 알고리즘에 의해 실시간으로 작성된 것입니다.",https://www.hankyung.com/article/202504091572L,2025.04.09 18:35
"04일, 기관 거래소에서 셀트리온(+3.31%), BNK금융지주(+1.82%) 등 순매수",,"기관 투자자는 04일 거래소에서 셀트리온, BNK금융지주, 신한지주 등을 중점적으로 사들인 것으로 나타났다.기관 투자자의 순매수 상위 20개 종목은 셀트리온, BNK금융지주, 신한지주, 한화솔루션, POSCO홀딩스, KODEX 200선물인버스2X, 한국전력, LG화학, 현대제철, KODEX 코스닥150선물인버스등이다.이중에 화학 업종에 속한 종목이 3개 포함되어 있다.셀트리온, BNK금융지주, 한화솔루션 등은 전일 대비 주가가 상승했고, 신한지주, 현대제철, PLUS K방산 등은 주가가 하락했다.[07월04일]거래소 기관 순매수 상위 종목한경로보뉴스이 기사는 한국경제신문과 금융 AI 전문기업 씽크풀이 공동 개발한 기사 자동생성 알고리즘에 의해 실시간으로 작성된 것입니다.",https://www.hankyung.com/article/202507049365L,2025.07.04 18:35
"17일, 거래소 외국인 순매도상위에 전기,전자 업종 5종목",,"외국인 투자자는 17일 거래소에서 SK하이닉스, 삼성전자, 현대차 등을 중점적으로 매도한 것으로 나타났다.외국인 투자자의 순매도 상위 20개 종목은 SK하이닉스, 삼성전자, 현대차, 셀트리온, 신한지주, 한국항공우주, KODEX 200선물인버스2X, 기아, SK이노베이션, LG에너지솔루션등이다.이중에 전기,전자 업종에 속한 종목이 5개 포함되어 있다.SK하이닉스, 삼성전자, 셀트리온 등은 전일 대비 주가가 상승했고, 신한지주, KODEX 200선물인버스2X, SK이노베이션 등은 주가가 하락했다.[04월17일]거래소 외국인 순매도 상위 종목한경로보뉴스이 기사는 한국경제신문과 금융 AI 전문기업 씽크풀이 공동 개발한 기사 자동생성 알고리즘에 의해 실시간으로 작성된 것입니다.",https://www.hankyung.com/article/202504179177L,2025.04.17 18:35
"[마켓칼럼] 반도체 필수재 '초순수', 국산화 기업에 주목",,"※한경 마켓PRO 텔레그램을 구독하시면 프리미엄 투자 콘텐츠를 보다 편리하게 볼 수 있습니다. 텔레그램에서 ‘마켓PRO’를 검색하면 가입할 수 있습니다.










 이충헌 밸류파인더 대표   반도체 HBM에서 중요한 ‘초순水’, ‘한성크린텍’에 주목주식투자자라면 일상에서 투자 아이디어를 얻는 경우가 많다. 피터 린치도 그랬다. 피터 린치는 “당신이 약간의 신경만 쓰면 동네 쇼핑상가 등에서 월스트리트 전문가들보다 훨씬 앞서 굉장한 종목들을 골라 가질 수 있다”고 했다. 우리나라 대표 산업 중 하나인 반도체 산업, 엔비디아를 필두로 인공지능(AI), 고대역폭 메모리(HBM) 등 산업 개화가 목전에 있다. 그런데 우리는 당연하게도 반도체를 생각하면 장비, 소재 등만 생각한다. 여기에 많은 사람들이 간과한 것이 있다. 바로 ‘물’이다. 반도체에서 가장 중요한 것은 물 중에서도 ‘초순수’다. 이미 국산화를 시도하고 있는 기업이 있는데, 오늘은 한성크린텍이라는 기업에 대해 알아보겠다. 국내기업 : 한성크린텍 주목 한성크린텍은 1998년 설립해 2003년 코스닥 시장에 상장했다. 2023년 10월 이엔코퍼레이션에서 한성크린텍을 흡수합병하며 사명을 변경한 초순수 및 수처리설비 EPC 전문업체다. 동사는 반도체, 디스플레이 등 첨단산업의 플랜트에 산업용수를 공급하는 수처리설비 EPC부터 액상폐기물을 처리 및 재활용, 폐수의 최종 방류까지 수직계열화를 구축해 낸 상태다.
                    




                동사는 2020년부터 2023년까지 꾸준한 영업이익 흑자를 기록해왔으나, 지난해에는 전방산업 침체 및 투자축소 등 공사 중단에 따라 대규모 손실이 발생했다. 코로나19의 장기화 및 러·우 전쟁에 기인한 글로벌 원자재 가격 급등, 노무비 및 인건비 등의 공사원가가 크게 증가했기 때문이다. 그러나 동사는 기초체력이 있던 회사였고, 최근 영업과 수주 상황을 반영 및 추정한다면 올해 다시 실적 턴 어라운드가 전망된다. SK하이닉스 M15x의 ph-3 WWT 시스템 수처리설비 공사, 삼성전자 P4 수처리설비 공사가 진행되고, 상반기 내로 용인 반도체 클러스터 입찰이 예상되며, 자회사의 안정적인 실적이 뒷받침되는 가운데 2Q25부터 리사이 클링 사업 매출 발생이 시작되면서 수익성 개선에 기여할 예정이기 때문이다. 또한 초순수 국산화를 위한 2차 국책과제 참여기업 선정이 1H26에 이뤄질 것으로 예상되는 가운데 동사는 과제 참여를 계획중인 것으로 파악된다.  초순수 국산화에 가장 앞선 기업 이 기업은 2021년 6월부터 2025년 12월까지 약 4.5년 간 진행되는 초순수 국산화 국책과제 수행기업에 선정돼 초순수 국산화 국책과제의 설계와 시공업무를 수행하고 있다. 초순수(Ultra Pure Water)란, 매우 복잡한 공정을 거쳐 물의 전기전도도(EC), 입자수, 생균수 등을 극히 낮은 수준으로 억제한 고순도의 용수를 뜻한다. 초순수는 반도체, 디스플레이, 제약, 화학, 발전 플랜트 등 다양한 분야에서 사용된다. 반도체 제조공정에서는 식각 및 연마 등의 공정 전후로 웨이퍼를 세정하는 데 사용, 디스플레이에서는 글라스를 세정하는 데 주로 활용된다. 초순수 플랜트는 용도에 따라 20~30여 개의 수처리 공정 조합으로 구성돼 있다. 산업별로 요구하는 공업용수의 수질은 그림4와 같으며, 가장 높은 등급의 순수를 요하는 산업은 바로 반도체다.글로벌 물산업 조사기관 GWI에 따르면 글로벌 초순수 시장규모는 2022년 약 29.7조원에서 2024년까지 47.6조원으로 연평균 2.7% 성장할 것으로 전망했다. 글로벌 시장에선 발전 산업이 42.5%로 가장 큰 비중을 차지하며 정유·석유화학, 미세전자가 그 뒤를 따른다. 2024년 국내 초순수 시장규모는 약 2.4조원 수준으로 추정되며 미세전자 산업이 65.5%로 가장 큰 비중을 차지하고 발전 산업이 그 뒤를 잇는다. 글로벌 시장과 달리 국내 시장에서 미세전자 부문 비중이 압도적으로 큰 것은 글로벌 종합 반도체 기업인 삼성전자와 SK하이닉스가 있기 때문이다. 
                    




글로벌 초순수 시장은 일본이 높은 점유율 차지하나, 장기적으로 국산화 유인 높아글로벌 초순수 시장에서는 일본이 높은 점유율을 차지한다. 특허로만 보더라도 일본 3대 수처 리 기업인 쿠리타(Kurita)와 오르가노(Organo), 노무라(Nomura)가 각각 200건, 69건, 73건으 로 전 세계 66%를 차지하고 있다. 세 기업 매출은 2024년 기준 3,848억엔(3.9조원), 1,504 억엔(1.52조원), 960억엔(9,600억원)으로 고성장을 지속하고 있다. 이 중 노무라와 쿠리타는 국내 반도체 기업 삼성전자, SK하이닉스에 수처리 EPC 사업을 전개하고 있다. 이들은 설계와 조달을 담당하고 있으며 한국에 100% 자회사 ‘노무라마이크로사이언스코리아’와 ‘쿠리타 한수’를 통해 시공 및 유지보수 사업까지 진행 중이다. 그러나 수처리 산업 역시 장기적으로 국산화 유인이 크다. 과거 한일 무역분쟁 발발로 일본에 전적으로 의존하던 반도체 공정 핵심소재 수급이 어려워져 국내 반도체 기업들이 타격을 입었던 적이 있기 때문이다. 해당 사건을 기점으로 우리나라는 소재 국산화 필요성을 절실히 느끼게 됐다. 일본은 2019년 7월 반도체 및 디스플레이 생산에 필요한 핵심 소재인 불화수소 (에칭가스), 포토 레지스트, 플루오린 폴리이미드 수출을 제한하는 보복 조치를 취했고, 8월에는 한국을 화이트리스트(수출심사 우대국)에서 배제하기에 이른다. 이에 따라 첨단산업의 소재 국산화 필요성을 절감하였으며, 결국 수처리 산업도 장기적으로 봤을 때 국산화는 필수 불가결하게 될 것이라 판단한다.
                    




과거 초순수 수처리 설비 구축 이력 및 2차 국산화 국책과제 참여 위한 노력동사는 초순수 국산화 국책과제를 수행하면서 반도체 웨이퍼를 생산하는 SK실트론에 836억원 규모 대용량 초순수 EPC 사업을 수주해 시간당 420t(톤)(일평균 약 1만t)의 초순수를 생산할 수 있는 시설에 대한 설계, 시공 및 시운전 업무를 수행했다. 뿐만 아니라 삼성E&A에 약 2100억원 규모 초순수 설비 수주, 솔브레인 미국공장에 반도체용 초순수 설비 수주, 반도체 산업 이외에도 LG디스플레이 및 롯데바이오로직스 등에 고순도의 초순수 설비를 수주한 바 있다. 더불어 폐수를 재이용해 초순수 원수로 활용하는 기술 확대 및 수주에 박차를 가하고 있는 것으로 파악된다.국책과제를 통해 동사와 일본 업체 간 기술격차가 상당 부분 줄어들기는 했으나 조달 영역에 서는 아직 일본 기업의 수준에 못 미치는 것으로 추정된다. 그러나 정부의 초순수 국산화 기조 에 따라 국내 초순수 선두기업인 동사도 초순수 공정확대 진입을 목표로 하고 있다. 업계에서 는 2026년 초 2차 초순수 국책과제가 시작될 것으로 예상되는 가운데 1차 초순수 국책과제를 성공적으로 수행하고 있는 동사 역시 참여를 계획하고 있다. 이를 통해 동사는 초순수 플랜트 구축 능력을 더욱 고도화 할 전망이다.
                    




대주주 지분 매입 계획 공시는 최대주주의 주가 부양 의지를 의미지난 4월 9일 동사의 대주주들이 일제히 지분매입 계획을 공시했다. 최대주주인 제이에스아 이컴퍼니를 비롯해 이에셋글로벌, 아이즈비전까지 5월 9일부터 6월 7일까지 약 한 달간 총 2%의 지분을 매입하겠다는 공시다. 이는 지난해 일시적 대량 손실 인식 후 실적 턴 어라운드 가 기대되는 상황에서 대주주들이 현 주가 상황에 대해서는 메리트가 있다고 판단한 것이라 해석할 수 있다. 이들은 앞서 지난 4월에도 장내매수를 통해 지분을 확대했다. 동사 최대주주 및 특수관계인은 다수의 상장사로 구성돼 있으며, 동사 지분을 약 40% 보유하고 있다.
                    




전방산업 HBM 등 시설투자 확대에 따른 수혜 예상현재 가장 기대되는 모멘텀은 용인 반도체 클러스터다. 반도체 양대 산맥인 삼성전자와 SK하이닉스는 여기에 각각 360조원, 122조원을 투자하겠다는 계획을 밝혔다. HBM 업계 1위인 SK하이닉스는 1분기 1기 팹 착공을 이미 시작했다. 계획대로라면 2027년 2분기에 준공될 예정이다. 레거시 메모리 중심의 삼성전자는 2026년부터 본격적인 대규모 투자 집행을 시작할 것으로 예상된다.반도체 산업단지 인프라의 핵심은 전력과 산업용수가 얼마나 안정적으로 공급될 수 있는가 이다. 2021년 기준 일평균 산업용수 사용량은 삼성전자 39.5만t, SK하이닉스 28.5만t이다. 용인 반도체 클러스터는 하루 80만t의 산업용수 공급이 필요할 것으로 추정돼 수처리설비 업계에 큰 수혜가 될 전망이다. 용인 반도체 클러스터 대규모 건설이 시작되는 올해부터 수 년간 수주가 이어질 것으로 예상되며 초순수 뿐만 아니라 순수, 폐수 재이용 등 산업용수 공급에 특화된 동사가 가장 큰 수혜를 입을 것으로 추정된다.전방산업(반도체)의 투자 회복 및 원자재와 인건비 등 원가 요소의 안정화, 동사의 구조조정을 통한 사업체질 개선에 힘입어 올해는 실적개선 흐름을 보일 것으로 전망된다. ①하이닉스 M15x 폐수처리 설비 공사의 매출이 온기 반영될 예정 ②지난해 잠시 멈춰졌던 삼성전자 평택 P4 공장 증설이 작년 말부터 재개되며 이 역시 올해 반영될 전망이다. ③또한 올 1분기 용인 반도체 클러스터 내 폐수설비 입찰이 예정돼 있어 현재 입찰 참여를 준비 중이다. 동사가 수주할 경우 대규모의 수처리설비 공사를 추가로 진행할 것으로 예상된다. 여기에 안정적인 수익을 시현하는 자회사 실적과 2분기부터 황산암모늄의 리사이클링 매출이 추가되기 시작하면 동사 올해 연결기준 매출과 수익성은 크게 개선될 것으로 기대된다.",https://www.hankyung.com/article/202505154591i,2025.05.16 09:37
,,,https://magazine.hankyung.com/business/article/202505141784b,
"18일, 기관 거래소에서 포스코퓨처엠(+19.59%), 한화에어로스페이스(0.00%) 등 순매수",,"기관 투자자는 18일 거래소에서 포스코퓨처엠, 한화에어로스페이스, KODEX 코스닥150레버리지 등을 중점적으로 사들인 것으로 나타났다.기관 투자자의 순매수 상위 20개 종목은 포스코퓨처엠, 한화에어로스페이스, KODEX 코스닥150레버리지, POSCO홀딩스, LG에너지솔루션, 엘앤에프, LG화학, 크래프톤, 두산에너빌리티, 녹십자등이다.이중에 전기,전자 업종에 속한 종목이 5개 포함되어 있다.포스코퓨처엠, KODEX 코스닥150레버리지, POSCO홀딩스 등은 전일 대비 주가가 상승했고, 메리츠금융지주, 삼성바이오로직스, KT&G 등은 주가가 하락했다.[07월18일]거래소 기관 순매수 상위 종목한경로보뉴스이 기사는 한국경제신문과 금융 AI 전문기업 씽크풀이 공동 개발한 기사 자동생성 알고리즘에 의해 실시간으로 작성된 것입니다.",https://www.hankyung.com/article/202507187935L,2025.07.18 18:35
"ESG 펀드, 성과와 수익률 비례…손실 위험은 '뚝'",,"[한경ESG] - ESG 단신 





                국내 주식형 ESG(환경·사회·지배구조) 펀드는 ESG 성과가 좋으면 위험 대비 수익률이 높아지고 자산 손실률은 적어지는 것으로 나타났다. ESG 평가 및 투자자문기관 서스틴베스트는 2024년 하반기 ESG 펀드 분석 보고서를 통해 이 같은 내용을 발표했다. ESG 펀드는 기업의 재무적 요인 외 기업의 지속가능성, 사회적책임, 지배구조 개선 등 비재무적 요소를 투자 판단에 반영하는 금융상품이다.서스틴베스트는 국내 주식형 ESG 펀드 54개를 ESG 성과 기준으로 상위·중위·하위 그룹으로 나눠 분석했으며, 이 중 상위 그룹 펀드가 가장 높은 ‘위험조정수익률’을 기록하고 ‘하방 위험’은 가장 낮은 것으로 나타났다. 위험조정수익률은 동일한 위험 아래 어느 정도 수익을 냈는지 나타내는 지표이며, 하방 위험은 자산이 최고점에서 최저점까지 떨어질 수 있는 손실 폭을 의미한다.국내 주식형 ESG 펀드의 3년 기간 성과는 액티브형 -10.67%, 패시브형 -7.09%로, 같은 기간 코스피(-19.42%)와 비교할 때 손실이 적어 시장 평균보다 양호한 결과를 나타냈다. 중장기 하방 위험 측면에서 ESG 펀드와 비(非)ESG 펀드를 비교한 결과 ESG 펀드가 다른 상품보다 위험을 더 잘 관리하는 것으로 파악됐다.최보경 선임연구원과 장명주 연구원은  “ESG 요소를 고려한 투자전략은 중·장기적으로 하방 리스크를 효과적으로 관리한다”며 “수익률 측면에서도 ESG 전략의 실효성이 확인됐다”고 전했다.ESG 성과 점수도 지속적으로 상승세를 보이고 있다. 2024년 하반기 국내 ESG 펀드의 평균 ESG 점수 중앙값은 82.01점으로, 상반기 대비 0.51점 상승했다. 같은 기간 코스피와 비ESG펀드의 평균 점수는 각각 81.66점, 80.54점에 머물렀다. 특히 액티브형 펀드와 ESG 통합(integration) 전략을 사용하는 펀드의 성과가 상대적으로 우수했다.자산 규모도 빠르게 성장 중이다. 국내 ESG 펀드의 전체 순자산은 2023년 말 기준 6조8411억 원으로, 전년 대비 약 19% 증가했다. 특히 하반기에는 1조2501억 원이 순유입되며 상반기의 자금 유출 흐름을 반전시켰다. 보고서는 순유입 펀드 중 3개가 ESG 통합 전략을 활용하고 있다고 밝혔다.지난해 하반기에는 국내 증시가 큰 변동성을 보였지만, 국내 주식형 ESG 펀드 중 4개가 50억 원 이상 순유입을 기록했다. 이 중 테마 펀드 1개를 제외한 나머지 3개는 다양한 ESG 전략을 통합해 운용하는 펀드였다. 류영재 서스틴베스트 대표는 “ESG 성과를 활용한 투자전략의 실효성을 높이려면 기업 ESG 정보의 신뢰성과 비교가능성 제고가 필수”라며 “앞으로 지속가능성 공시기준이 도입되면 ESG 전략도 더욱 정교하게 발전할 것”으로 전망했다.(E)
                    




                KB국민은행, ‘KB바다숲 프로젝트’ 추진…해양생태계 복원KB국민은행이 해양생태계 복원과 탄소중립 실현을 위한 ‘KB 바다숲 프로젝트’를 본격적으로 추진한다고 밝혔다. 이는 제13회 바다식목일(5월 10일)을 맞아 발표한 것으로, 2027년까지 총 3만m2 규모의 바다숲을 조성하는 것을 목표로 한다.KB바다숲 프로젝트는 경남 남해안에 잘피 군락지인 바다숲을 조성해 해양생태계를 되살리고 탄소중립 실현에 기여하는 ESG 활동이다. 잘피 군락지는 탄소흡수 능력이 뛰어난 데다 해양생물에게 산란처와 서식지를 제공하며, 바다 환경 정화 및 적조현상 방지 등 해양생태계를 보전하는 데 핵심 역할을 한다. KB국민은행은 2022년부터 해양생태기술연구소, 한국수산자원공단, 에코피스아시아와 함께 프로젝트를 진행해왔으며, 경남 남해군 및 사천시 연안의 바다숲 복원 사업을 지속하고 있다. 2022년에 시작된 ‘1차 바다숲 사업’은 경남 남해군에 1만m2 규모의 바다숲을 조성해 바다숲에 있는 잘피의 생육 밀도와 생존율이 평균 6배 이상 증가하는 등 생태적 성과를 달성했다. 1차 사업에 이어 KB국민은행은 경남 사천시에서 ‘2차 바다숲 사업’을 추진 중이며, 2027년까지 총 3만m2의 바다숲 조성을 목표로 진행하고 있다.KB국민은행 관계자는 “기후 위기 극복을 위해 2022년부터 바다 사막화로 사라져가는 연안생태계 보전을 위해 잘피 숲을 지속적으로 조성하는 등 해양생태계 복원을 위해 앞장서고 있다”며 “앞으로도 탄소중립과 기후변화 대응에 기여하는 다양한 활동을 추진하겠다”고 밝혔다.(S)




마리 안토니아 폰 쉔부르크 KGCCI 대표(왼쪽)와 송영희 (주)엔비전스 대표가 업무협약 체결 후 기념촬영을 하고 있다/주한독일상공회의소 제공

주한독일상의, ‘어둠 속의 대화’와 DEI 증진 협약…장애 인식 개선 주한독일상공회의소(KGCCI, 대표 마리 안토니아 폰 쉔부르크)가 체험형 전시 <어둠 속의 대화(Dialogue in the Dark)>를 운영하는 주식회사 엔비전스와 손잡고 다양성·형평성·포용성(DEI) 가치 확산에 나선다. 두 기관은 지난 5월 2일 KGCCI 서울 본사에서 업무협약(MOU)을 맺고, 기업과 사회 전반의 포용 문화 확산을 위한 협력 방안을 모색하기로 했다. 이날 협약식에는 양측 대표와 주요 관계자가 참석했다.‘어둠 속의 대화’는 1988년 독일에서 시작돼 지금까지 전 세계 약 1200만 명이 체험한 글로벌 전시 콘텐츠다. 빛이 완전히 차단된 공간에서 참가자들이 시각이 아닌 청각·촉각·후각 등 감각을 사용해 새로운 방식으로 세상을 체험하는 참여형 프로그램이다. 이번 협약을 통해 주한독일상의는 6월과 7월, 회원사를 대상으로 ‘어둠 속의 대화’ 특별 워크숍을 운영한다.이 워크숍은 오는 9월 개최 예정인 ‘제11회 시각장애인과 함께하는 어울림 마라톤’ 사전 행사로, 참가자들은 시각장애인의 길동무인 ‘걷기 도우미(Guide Walker)’ 역할을 사전에 체험하며 보다 깊은 공감의 기회를 얻게 된다. 특히 이번 프로그램은 기업 임직원이 DEI 가치 실천을 위한 교육적 계기로 삼을 수 있도록 기획했으며, 포용적 조직문화 조성과 장애인 인식 개선에 긍정적 파급효과가 있을 것으로 기대된다.KGCCI 폰 쉔부르크 대표는 “협력은 변화를 이끄는 강력한 동력”이라며 “이번 파트너십을 통해 한독 비즈니스 커뮤니티를 넘어 사회 전반에서 진정성 있는 포용의 실천이 확산되길 바란다”고 전했다. 엔비전스 송영희 대표는 “비즈니스와 사회적가치가 조화를 이룰 수 있다는 점에서 이번 협약은 중요한 이정표”라며 “기업에 의미 있는 체험을 제공하는 동시에 시각장애인에 대한 사회적 인식 개선으로 이어지길 바란다”고 밝혔다.KGCCI는 그간 다양한 CSR 및 DEI 활동을 전개해왔다. 지난해 한독 수교 140주년을 맞아 회원사 임직원 280여 명이 시각장애인 ‘걷기 도우미’로 참여해 총 450여 명의 참여자와 함께 큰 호응을 얻기도 했다. 또 지난 4월에는 서울특별시시각장애인연합회와 장애인 대상 공동 사회공헌 프로젝트를 위한 협약을 체결하는 등 포용적 사회를 위한 행보를 지속하고 있다.(G) 
                    




                삼성바이오로직스 지배구조 개편, 지주사 신설삼성바이오로직스가 바이오시밀러 사업 부문을 떼어내 지주회사 ‘삼성에피스홀딩스(가칭)’를 신설한다. 이는 위탁개발생산(CDMO)과 바이오시밀러 사업 간 이해 상충 문제를 해소하고, 각 사업의 독립성과 경쟁력을 강화하기 위한 조치라는 설명이다.삼성바이오로직스는 지난 5월 22일 인적분할 계획을 공시하고, 오는 9월 16일 임시주주총회를 열어 분할 승인을 받을 예정이라고 밝혔다. 분할 기일은 10월 1일, 변경 상장 및 신설회사 재상장은 10월 29일로 예정돼 있다. 현재 삼성바이오로직스는 삼성물산이 약 43%의 지분을 보유한 최대주주이며, 삼성바이오로직스 아메리카와 삼성바이오에피스를 100% 자회사로 두고 있다. 이번 분할 이후에는 기존 주주 구성이 그대로 유지되며, 신설되는 삼성에피스홀딩스가 삼성바이오에피스의 지분 100%를 승계하게 된다.분할은 순자산가액 기준 약 65 대 35 비율로 진행되며, CDMO 중심의 삼성바이오로직스와 바이오시밀러 중심의 삼성에피스홀딩스가 각각 독립 회사로 재편된다. 삼성바이오로직스는 이번 분할이 삼성그룹 지배구조 개편과 무관하다는 입장을 분명히 하며, 순수하게 사업 효율성과 수주 경쟁력 확보를 위한 전략적 결정이라고 강조했다.유승호 삼성바이오로직스 경영지원센터장(부사장)은 “지금까지 철저한 파이어월 운영에도 불구하고 고객사의 우려는 지속돼왔다”며 “이는 CDMO 사업의 글로벌 수주 확대에 리스크로 작용할 수 있다고 판단했다”고 밝혔다. 그는 이어 “미국의 관세 부과, 바이오의약품 약가 인하 등 대외 환경이 급변하는 가운데 CDMO 사업의 지속적 성장 모멘텀을 확보하려면 사업 간 이해 충돌 같은 구조적 리스크를 선제적으로 해소해야 한다”고 설명했다.이번 인적분할을 통해 삼성바이오로직스는 글로벌 CDMO 시장에서 수주 경쟁력 강화는 물론, 투자자에게 보다 명확한 사업 구조와 성장 로드맵을 제공할 것으로 기대하고 있다.이미경 한경ESG 기자 esit917@hankyung.com",https://www.hankyung.com/article/202505243366i,2025.06.03 06:00
[마켓칼럼] 한국 기업 지배구조의 대전환이 시작됐다,,"※한경 마켓PRO 텔레그램을 구독하시면 프리미엄 투자 콘텐츠를 보다 편리하게 볼 수 있습니다. 텔레그렘에서 ‘마켓PRO’를 검색하면 가입할 수 있습니다.










홍성관 라이프자산운용 부사장[한국 기업 지배구조의 대전환: 주인이 바뀐다]기업에 진정한 '주인'이 있을까? 단순히 지분율만으로 그 답을 정의할 수는 없다. 몇 달 전 한 배우가 본인이 100% 지분을 보유한 법인의 자금을 암호화폐에 투자했다가 횡령 혐의로 조사를 받은 사건은, ‘소유(Ownership)’와 ‘지배(Control)’의 간극을 극명하게 보여준다. 법과 제도는 지분율과 무관하게 법인을 '공적 주체'로 간주하며, 사적 소유의 한계를 명확히 규정한다.그럼에도 우리는 하물며 거래소에 상장돼 다수의 주주로 구성된 기업에 대해서조차 '오너', '오너가'라는 표현을 거리낌 없이 사용한다. 최대주주 및 특수관계자 중에는 여전히 기업을 개인이나 가족의 전유물처럼 인식하는 이들도 있다. 그러나 이는 법적으로도, 시대정신으로도 더 이상 부합하지 않는다. 이러한 모순을 바로잡는 변화는 이미 시작되었다. 지금 우리는, ‘기업은 누구의 것인가’라는 근본적인 질문을 되묻는 시대적 전환점 앞에 서 있다.미국 다우지수: 기관 중심의 자본이 지배하는 시장1928년 10월 1일부터 발표되기 시작한 미국의 다우존스 산업평균지수(Dow Jones Industrial Average)는 각 산업별 블루칩 30개 종목으로 구성되어 있다.
                    



출처 : 블룸버그

                다우지수에 포함된 30개 기업의 주주 구성을 살펴보면 흥미로운 사실 하나를 발견할 수 있다. 대부분의 기업에서 뱅가드, 블랙록, 웰링턴, 스테이트 스트리트, 모건스탠리, JP모건, 골드만삭스, UBS 등 글로벌 대형 금융기관들이 최상위 주주의 자리를 차지하고 있다는 것이다. 이들 대부분은 펀드 형태 구조를 기반으로 한다.반면 창업자 개인이 여전히 상위 주주로 남아있는 경우가 매우 제한적이다. 블룸버그 자료에 따르면, 세일즈포스의 마크 베니오프(2.30%), 아마존의 제프 베이조스(8.53%), 엔비디아의 젠슨 황(3.52%) 등이 그 몇 안 되는 예외적인 사례다.참고로 다우지수에는 포함이 되어 있지 않지만, 테슬라의 일런 머스크도 약 12.75%의 지분을 보유한 최대주주로서 강한 영향력을 행사하고 있다. 개인이 간접적으로 기업을 지배하는 드문 경우도 있다. 대표적으로 월마트는 창업자 샘 월튼의 자녀들이 별도의 가족법인과 신탁을 통해 약 45%의 지분을 보유하며 지배력을 유지하고 있다. 미국 역시 한때는 개인 자본가들이 기업을 창업하고 지배하던 시기가 있었다. 19세기 후반 ‘도금시대(The Guilded Age)’에는 철도의 코넬리어스 밴더빌트, 철강의 앤드류 카네기, 석유의 존 D. 록펠러, 금융의 J.P. 모건, 전기의 토머스 에디슨 등이 대표적이다. 그러나 100여년에 걸쳐 여러 세대를 지나오면서, 특히 20세기 중후반부터는 기업 지배 구조가 펀드 중심의 기관 투자자 체계로 전환되어 왔다. 이러한 변화는 우연이 아니다. 반독점법 강화, 상속세 확대, 그리고 무엇보다 자본시장의 성장이 자연스럽게 소유와 경영의 분리를 견인해 왔다. 수조 원 규모의 기업을 한 개인이 독점적으로 통제하는 것보다, 한 기업에 여러 기관들이 주요 주주로 참여하고, 전문경영인이 기업을 운영하는 구조가 더 효율적이고 생산적이라는 시장의 판단이 오랜 시간 작동해온 결과다. 마이크로소프트의 공동창업자 빌 게이츠조차도 1986년 IPO 당시 약 49%의 지분을 보유했으나, 현재는 재단을 통해 약 0.38%만을 보유하고 있다.테크 기업의 이중 의결권 구조물론 예외도 존재한다. 테크 기업 중에서는 창업자의 장기 비전과 기술적 통찰력이 기업 경쟁력의 핵심이 되는 경우, 창업자가 상장 이후에도 실질적인 지배력을 유지할 수 있도록 ‘이중 의결권 구조(dual-class share structure)’를 채택하는 사례들이 있다.알파벳은 Class A, B, C 주식을 발행한다. Class A는 1주당 1표의 의결권이 있고, Class B는 창업자인 래리 페이지와 세르게이 브린이 보유하며 1주당 10표의 의결권을 가진다. Class C는 의결권이 없으며 배당 권리는 동일하다. 덕분에 두 창업자는 전체 주식의 12% 미만을 보유하면서도 전체 의결권의 51% 이상을 행사할 수 있다.메타도 비슷한 구조다. 마크 저커버그는 Class B 주식을 통해 1주당 10표의 의결권을 갖고 있으며, 전체 지분의 13% 정도만으로도 과반의 의결권을 확보하고 있다.이러한 구조는 외부 자본을 유치하면서도 창업자의 비전과 경영권을 유지할 수 있는 수단으로 활용되고 있으며, 특히 테크 기업의 경우 장기 혁신과 민첩한 의사결정 측면에서 긍정적으로 평가받는다.한국: 복잡한 지배구조의 미로우리나라 상장기업들의 복잡한 지배구조는 한국 자본주의의 독특한 발전 경로를 여실히 보여준다. 1960년대 이후 국가 주도의 산업화 전략 속에서 대기업 집단, 이른바 '재벌'은 외형 성장을 중심으로 급속히 확장되었고, 이는 곧 기업 지배권을 둘러싼 복잡한 순환출자 및 내부 간접지배 구조로 이어졌다. 개발도상국 단계에서 자본 축적과 경영 안정성을 동시에 추구하기 위한 불가피한 선택이기도 했지만, 선진 경제로 진입한 오늘날에는 기업 지배구조의 투명성과 시장 신뢰를 저해하는 구조로 지적 받고 있다.실제 주요 기업들의 지배구조를 들여다보면 이러한 특징이 선명하게 드러난다. 시가총액 1위인 삼성전자의 경우, 삼성생명이 7.56%를 보유한 최대주주이고, 삼성물산(4.44%)과 삼성화재(1.31%)가 그 뒤를 잇는다. 삼성전자의 최대주주인 삼성생명은 삼성물산(19.34%)이 최대주주이며, 삼성물산은 이재용 회장이19.76%의 지분을 보유한 최대주주이다.이 회장은 직접적으로도 삼성전자의 지분을 1.45% 보유하고 있기는 하지만, 삼성물산을 통해 삼성생명을, 다시 삼성생명을 통해 삼성전자를 간접 지배하고 있다. 시가총액 3위인 삼성바이오로직스도 삼성물산이 43.06%, 삼성전자가 31.22%를 보유해 사실상 삼성 내부 계열사 간 지분 연결망을 통해 지배되고 있다.시가총액 2위인 SK하이닉스의 경우도 유사한 구조다. SK하이닉스의 최대주주는 SK스퀘어(20.07%), SK스퀘어의 최대주주는 SK㈜(31.50%), 그리고 SK㈜의 최대주주는 최태원 회장(17.76%)이다. 이처럼 지주회사 체계를 활용한 수직적 지배구조가 고착화되어 있다.LG에너지솔루션(시가총액 4위)은 LG화학이 81.84%를 보유하고 있고, LG화학의 최대주주는 LG(31.52%), LG의 최대주주는 구광모 회장(15.95%)이다. 구광모 회장의 특수관계인으로 등록된 24명의 친인척 역시 지분을 나눠 보유하며 가문 중심의 경영권 방어 체계를 구축하고 있다.시가총액 5위인 현대자동차는 순환출자 구조를 유지하고 있는 유일한 10대 그룹이다. 현대차는 현대모비스(21.86%)의 지분을 보유하고 있으며, 현대모비스의 최대주주는 기아(17.66%), 기아의 최대주주는 다시 현대자동차(34.53%)로 이어진다.결국, 한국 자본시장에서 상장기업의 실질적인 경영권은 종종 시장에서 파악 가능한 단순한 지분율이 아니라, 복잡하게 얽힌 지배구조 사슬의 이해를 통해서만 해석될 수 있는 구조다.서울 부동산에서 먼저 벌어진 변화흥미롭게도, 우리나라 기업지배구조의 변화는 더뎠지만, 서울의 주요 부동산 소유구조는 이미 리츠와 펀드를 비롯한 기관 투자자 중심으로 바뀌었다. 광화문 일대의 트로피 에셋(상징성 있는 자산)으로 꼽히는 서울파이낸스센터(SFC)는 싱가포르 국부펀드인 싱가포르투자청(GIC)이 보유하고 있다. 실질적 지배구조를 둘러싼 논란의 여지가 있긴 하지만, 중구의 초대형빌딩인 센터원은 맵스리얼티1이라는 상장된 공모펀드와 사모펀드인 맵스프론티어가 보유하고 있다.여의도의 IFC는 캐나다 최대의 대체투자운용사인 브룩필드자산운용의 펀드가 보유하고 있다. 코람코자산신탁이 운용하는 코크렙제51호리츠는 영등포 타임스퀘어 빌딩을 소유하고 있고, KB강남오피스제1호리츠는 강남의 N타워를 갖고 있다. 이외에도 서울의 주요 대형 건물들이 리츠, 펀드 등의 기관투자자들 소유 비중이 높아지고 있다. 한국의 상장기업의 지배구조 역시 시간이 지남에 따라 자연스럽게 변화할 것이라는 실마리를 찾을 수 있다. 제도적 압력과 세대 교체: 변화의 물꼬를 트다한국의 상속세 최고세율은 OECD국가 중 가장 높은 수준이다. 삼성 이건희 회장의 유산에 대한 상속세가 약 12조 원이었고, 넥슨 김정주 회장의 유족들이 물납한 상속세 가치가 4조 7천억원이었다. 이런 상속과 증여의 과정에서 대주주의 지분 희석은 불가피하다. 중견기업들의 경우에는 후계 세대의 가치관 변화를 더욱 주목할 필요가 있다. 과거처럼 대를 이어 제조업 경영을 맡기보다는, 현금을 받아 자신만의 길을 가려는 사례들이 늘고 있다. 특히 해외 유학을 다녀온 2-3세들은 지방에서 남색 공장 점퍼를 입고 근무하기보다는 홍콩이나 싱가포르 등지에서 IT, 바이오, 핀테크와 같은 새로운 산업에 투자하는 일에 더 흥미를 갖는다. M&A 자문사나 사모펀드(PE) 매니저들이 이렇게 기업을 매각하려는 니즈를 가진 제조업체들을 주요 타깃으로 하는 경우도 늘고 있다. 이런 변화는 상속세라는 제도적 압력과 세대 교체라는 자연스러운 흐름이 맞물려 발생한다.기술과 시장이 만든 새로운 감시 체계모바일 기술의 발전과 정보 비대칭의 해소는 수많은 개인 투자자들을 실질적인 기업 감시자로 변화시키고 있다. 스마트폰 하나로 공시, 뉴스, 주주총회 안건까지 실시간으로 파악할 수 있고, SNS는 불공정 행위를 순식간에 전세계에 퍼뜨린다.특히 MZ세대 직장인들은 이전 세대처럼 불의에 침묵하지 않는다. 블라인드와 같은 익명 플랫폼을 통한 내부 고발 리스크는 과거보다 훨씬 커졌고, 기업은 법보다 빠른 '공론장의 심판'을 피하기 위해서라도 스스로 더 투명해지기를 강요받고 있다. 액트(ACT)와 같이 소액주주들의 의결권 행사를 군집시키는 플랫폼들도 더욱 늘어날 전망이다. 이러한 변화는 제도적 차원에서도 뒷받침되고 있다. 개정되는 상법은 이사의 충실의무에 주주의 이익을 명시적으로 추가하고, 최대주주 및 특수관계자의 감사위원 선임 의결권을 3%로 제한한다. 이는 그동안 소위 '오너 중심'으로 운영되던 기업 지배구조에 제도적 견제장치를 마련한 것으로, 시장의 요구가 법제도로 구현되는 상징적 변화다.한국 기업의 지배구조는 상속세, 세대교체, 기술혁명, 투자문화의 진화, 글로벌 경쟁 심화라는 복합적 변화 속에서 빠르게 재편되고 있다. 결론: 미래를 향한 지배구조의 진화미국 기업들은 성장 단계에 따라 차별화된 지배구조를 보여준다. 성숙기에 접어든 전통 기업들은 전문경영인 중심의 투명한 구조로 바뀌었고, 성장기의 테크 기업들은 이중 의결권 등을 통해 창업자가 경영권을 유지하는 모델을 택하고 있다.두 모델 모두 다양한 기관투자자의 참여로 투명성이 제고되어 견제와 감시 시스템이 작동한다는 공통점이 있다. 물론 기관투자자의 참여가 반드시 지배구조의 투명성을 담보하는 것은 아니다. 실제로 미국 내에서도 일부 초대형 자산운용사들의 불투명한 의결권 행사 프로세스에 대한 비판이 제기되기도 한다.그럼에도 불구하고, 기관투자자의 적극적인 참여는 바람직한 지배구조에 대한 최소한의 기준을 제시해줄 수 있다는 차원에서 의미가 있다.한국 기업들의 지배구조는 현재 전환의 중간 단계쯤에 있다. 상장된 대기업들 대부분에 기관투자자들이 참여하고 있지만, 아직은 지분율도 낮고 기업을 실질적이고 효과적으로 견제하는 기능을 하고 있지 못한다. 하지만 앞서 살펴봤듯이, 시장의 요구와 시간의 흐름에 따라 빠르게 변화하고 있고, 더욱 가속화될 전망이다. 중요한 것은 개별 기업들의 발전 단계와 상황에 맞는 유연한 지배구조 설계다. 성장 단계에서는 창업자 비전 실현 구조를, 성숙 단계에서는 전문경영인 중심 구조를 선택할 수 있어야 한다. 그리고 어떤 구조든 기업의 지속적인 성장 가능성과 투명한 의사결정을 기본으로 전제해야 한다.변화가 완료되는 시기에는 한국의 대기업들은 지금과는 완전히 다른 모습을 하고 있을 것이다. 더 투명하고, 더 전문적이며, 더 글로벌한 기업들로 진화해 있을 것이다. 그리고 그때의 대부분 기업들의 '주인'은 최대주주 및 특수관계자 개인들이 아닌, ‘다양한 이해관계자들’일 것이다.",https://www.hankyung.com/article/202507085757i,2025.07.08 17:54
"01일, 거래소 외국인 순매수상위에 전기,전자 업종 4종목",,"외국인 투자자는 01일 거래소에서 POSCO홀딩스, LG화학, 한국전력 등을 중점적으로 사들인 것으로 나타났다.외국인 투자자의 순매수 상위 20개 종목은 POSCO홀딩스, LG화학, 한국전력, 이마트, 삼성SDI, 한화솔루션, 현대로템, LG씨엔에스, 한전기술, 두산등이다.이중에 전기,전자 업종에 속한 종목이 4개 포함되어 있다.POSCO홀딩스, LG화학, 이마트 등은 전일 대비 주가가 상승했고, 한국전력, 한전기술, 두산 등은 주가가 하락했다.[07월01일]거래소 외국인 순매수 상위 종목한경로보뉴스이 기사는 한국경제신문과 금융 AI 전문기업 씽크풀이 공동 개발한 기사 자동생성 알고리즘에 의해 실시간으로 작성된 것입니다.",https://www.hankyung.com/article/202507012320L,2025.07.01 18:35
"""오늘밤 잠은 다 잤네요""…절망한 2차전지 개미들 '비명' [종목+]","LG엔솔, 상장 후 첫 공모가 하회

LG에너지솔루션 주가 장중 30만원 하회
시총 3위 자리 삼성바이오로직스에 내줘
""설비투자 최대한 줄이고 버티기 돌입""","/게티이미지뱅크 

                2차전지 대장주 LG에너지솔루션 주가가 상장 후 처음으로 공모가를 밑돌았다. 글로벌 전기차 시장 침체 우려와 정책 불확실성이 겹치면서 투자 심리가 크게 위축된 영향으로 풀이된다.16일 오후 1시30분 현재 LG에너지솔루션은 전 거래일 대비 1만4000원(4.56%) 내린 29만3000원을 기록 중이다. 주가는 장중 한때 29만2500원까지 밀리기도 했다. LG에너지솔루션 주가가 2022년 1월27일 상장 당시 공모가였던 30만원을 밑돈 것은 이번이 처음이다.
                    



LG에너지솔루션 미국 미시간 홀랜드 공장 /사진=연합뉴스

                LG에너지솔루션은 2022년 1월 상장 당시 기업공개(IPO) 역사상 최고경쟁률(2223대 1)과 최대 주문 규모(1경5203조원)를 기록하며 화려하게 증시에 데뷔했다. 상장 첫날 '따상'(공모가 2배에 시초가 형성 후 상한가)에는 실패했지만, 장중 59만8000원까지 오르며 시장의 뜨거운 관심을 받았다. 2022년 11월에는 주가가 62만9000원까지 뛰기도 했다.줄곧 유가증권시장 시가총액 3위를 지키며 LG그룹의 '맏형'으로 자리매김했으나, 이날 주가 하락으로 시총 3위 자리를 삼성바이오로직스에 내줬다.최근의 주가 부진은 글로벌 전기차 시장 성장 둔화가 이어지고 있는 탓이다. LG에너지솔루션의 올 상반기 영업이익은 3527억원으로 전년 대비 68% 감소했다. 미 인플레이션감축법(IRA)에 따른 생산세액공제(AMPC)가 없었으면 적자였다.LG에너지솔루션은 2023~2024년에 걸쳐 총 2조원대의 AMPC 혜택을 받았고, 지난 1분기에도 4577억원을 수령했다. 지금도 판매량이 지지부진한 상황에서 IRA 혜택이 사라지면 전기차 전방 수요 증가세가 추가로 꺾일 수 있다.이창실 LG에너지솔루션 최고재무책임자(CFO)는 지난달 25일 실적 발표 후 컨퍼런스콜(전화회의)에서 ""올해 글로벌 전기차 시장 성장률은 20% 초반 수준으로, 기대(20% 중반 성장)를 밑돌 것""이라며 ""북미 시장은 30% 중반에서 20% 초반 수준으로 변화 폭이 가장 클 것이고 유럽 역시 20% 초반에서 10% 중반으로 성장률이 낮아질 것""이라고 설명했다.그러면서 ""신규 공장 확장 속도를 조절하고, 증설 규모 축소를 검토하는 등 과잉투자를 방지할 것""이라며 ""필수적 부분에 한해서만 투자를 진행해 나가겠다""고 밝혔다.앞서 지난 1분기 올해 설비투자(CAPEX) 목표를 10조원에서 하향 조정하겠다고 한 것의 연장선이다. 북미·한국·중국·폴란드에서 진행되는 증설 프로젝트에 대한 재검토가 이뤄질 게 유력하다.LG에너지솔루션 외에도 2차전지 업체들은 최근 계속되는 적자에 자금난을 겪으면서 현금 확보에 몰두하고 있을 정도로 재무적 어려움에 빠져있다.앞서 삼성SDI가 지난 3월 1조7000억원 규모의 유상증자를 결정했고, 포스코퓨처엠은 최근 1조1000억원 규모의 증자 단행을 발표했다. SK온은 이미 지난해 10~11월에 걸쳐 1조5000억원 규모의 유상증자를 진행했다. 금양은 4500억원 규모의 증자 계획을 밝혔다가 올 1월 철회하는 바람에 불성실공시법인으로 지정된 뒤 현재는 상장폐지 위기에 내몰려있다.그나마 실적을 뒷받침해주던 미 세액공제가 암초를 만난 것도 투심을 꺾는 요인이다.지난 12일(현지시간) 미 하원 세입위원장인 제이슨 스미스 의원(공화당)이 IRA에 따른 세액공제 폐지를 담은 세제 개편안을 발의했다. 이 법안이 통과되면 전기차 구매시 최대 7500달러를 공제해주던 세제혜택이 올해 대부분 끝나게 된다. 2010~2025년 누적 판매가 20만대 미만인 제조사의 전기차에만 내년까지 혜택이 유지된다. IRA 세제혜택 종료 시점이 기존 2032년에서 6~7년 앞당겨지는 것이다.주민우 NH투자증권 연구원은 ""주요 완성차 기업들의 경우 대부분 누적 20만대 이상을 판매했으므로 사실상 전기차 구매 보조금은 올해 말까지 유효한 것""이라며 ""보조금 폐지로 실구매 가격이 올라가게 되면 미국 전기차 시장은 내년에도 역성장이 불가피할 것""이라고 설명했다.노정동 한경닷컴 기자 dong2@hankyung.com",https://www.hankyung.com/article/2025051673666,2025.05.16 14:00
"23일, 거래소 기관 순매도상위에 운수장비 업종 6종목",,"기관 투자자는 23일 거래소에서 삼성전자, SK하이닉스, 현대로템 등을 중점적으로 매도한 것으로 나타났다.기관 투자자의 순매도 상위 20개 종목은 삼성전자, SK하이닉스, 현대로템, 카카오페이, 현대차, 한화에어로스페이스, 카카오, 삼성바이오로직스, KODEX 코스닥150레버리지, 현대모비스등이다.이중에 운수장비 업종에 속한 종목이 6개 포함되어 있다.SK하이닉스, 현대로템, 카카오페이 등은 전일 대비 주가가 상승했고, 삼성전자, 현대차, 한화에어로스페이스 등은 주가가 하락했다.[06월23일]거래소 기관 순매도 상위 종목한경로보뉴스이 기사는 한국경제신문과 금융 AI 전문기업 씽크풀이 공동 개발한 기사 자동생성 알고리즘에 의해 실시간으로 작성된 것입니다.",https://www.hankyung.com/article/202506234571L,2025.06.23 18:35
"타이밍이 중요한 국내주식 매수 전략, 본인자산포함 4배 집중투자로 해결가능",,"부자네스탁론이 특별 이벤트로 5년고정 연 4.9%의 저금리 스탁론 상품을 출시하면서 투자자들에게 화제가 되고 있다.5년고정 연 4.9%의 저금리 스탁론은 주요 증권사의 신용 금리로 알려진 8~9%대의 금리보다 훨씬 금리가 낮은 상품이다.스탁론 상품들은 증권사 신용보다 레버리지는 더 높고 담보유지비율은 더 낮아 투자 고수들 사이에서 잘 알려진 상품이다.미수나 반대매도를 해결해주는 대환대출상품, 한 종목 100% 집중투자 상품신용등급, 매수불가종목, D.S.R 등 주식투자자들의 고민을 완벽하게 해결해주는 솔루션을 제공하는부자네스탁론은 고객마다 가장 최적의 대출방법으로 해결해준다.-스탁론 D.S.R<총부채원리금상환비율> 고강도 규제에도! 문제없는 부자네스탁론!– 소득 낮고 기존 대출금액 많아도 계좌평가금액에 비례해서 대출가능!▶머니투데이 부자네스탁론① 5년고정 연 4.9% 금리의 최저금리 스탁론② 자기자본포함 최대 4배까지 레버리지 투자 가능③ 매수가능종목 100% 집중투자가능 (코스닥, 시가총액, 포트폴리오비율상관없이)④ 스탁론 전종목 1:1 매수상담문의 → 수익극대화⑤ 반대매도 임박 / 추가입금이 힘들다면? → 1:1 로스컷 전문상담⑥ D.S.R과 신용등급 낮.아.도 문제없이 매입/대환까지 가능!★ D.S.R비율, 신용등급 무관 저금리 부자네스탁 AM8:00~PM4:00 ☎1577-5852★ AM 8:00 부터 선착순 예약접수 http://www.bujane.co.kr/7월 고객들의 문의가 많은 종목은 코스맥스, HK이노엔, HL만도, 삼성바이오로직스, LS에코에너지 등이 있다.무료상담",https://www.hankyung.com/article/202507096268a,2025.07.09 08:23
'세계 임상 수도'로 뜨는 서울,"새 역사 쓰는 K바이오

삼성바이오 '임상대행' 서비스
CMO 넘어 사업영역 지속 확장",한국이 글로벌 신약 개발의 핵심 허브로 떠올랐다. 우수한 병원 인프라와 급부상하는 임상시험대행(CRO) 산업을 기반으로 대형 제약사의 연구개발(R&D)에서 중요한 축으로 자리 잡고 있다는 평가가 나온다. 삼성바이오로직스는 글로벌 대형 제약사의 신약 후보물질 약효를 검증하는 약물 스크리닝 서비스를 시작한다고 16일 밝혔다. 기존 바이오의약품 위탁생산(CMO)에서 글로벌 CRO로 사업영역을 확장하는 수순이다. 삼성바이오로직스는 암 환자에게서 유래한 오가노이드(인공 미니 장기)를 통한 항암 신약 후보물질 스크리닝에 주력할 계획이다. 업계에 따르면 2023년 국내 CRO 업체는 총매출 5463억원을 기록해 외국계 한국지사 CRO 매출(4338억원)을 제쳤다.한국의 임상시험 수행 능력은 세계 최고 수준으로 평가받는다. 국가임상시험지원재단에 따르면 2024년 글로벌 제약사 주도 의약품 임상시험에서 서울 지역 의료기관 점유율은 1.32%로 중국 베이징(1.4%)에 이어 2위를 기록했다.김유림/안대규 기자 youforest@hankyung.com,https://www.hankyung.com/article/2025061687601,2025.06.16 17:48
"코스피, 미중 협상 기대에 2600선 눈앞...삼양식품 황제주 등극",,"사진=연합뉴스

                코스피지수가 12일 장 초반 강세를 보이며 2600선 진입을 눈앞에 두고 있다. 주말 사이 진행된 미국과 중국 간 무역 협상이 상당한 진전을 이뤘다는 소식에 안도감이 형성된 것으로 풀이된다. 이날 오전 9시11분 현재 코스피지수는 전 거래일보다 16.78포인트(0.65%) 오른 2594.05를 기록하고 있다. 유가증권시장에서 외국인과 기관이 각각 110억원과 63억원 매수 우위인 반면 개인은 160억원 매도 우위다.코스피는 미·중 간 무역 협상 진전 소식에 힘입어 상승세를 보이는 것으로 풀이된다. 11일(현지시간) 블룸버그통신 등에 따르면 전날부터 이틀간 스위스 제네바에서 무역 협상을 진행한 스콧 베선트 미 재무장관은 협상 종료 후 취재진과 만나 ""매우 중요한 분야에서 상당한 진전을 이뤘다는 점을 기쁘게 말씀드린다""고 밝혔다.코스피 시가총액 상위 종목은 대체로 상승세다. 삼성전자, SK하이닉스, 현대차, HD현대중공업, KB금융, 기아, 네이버, 신한지주, 한화오션 등이 오르는 반면 삼성바이오로직스, 한화에어로스페이스, 셀트리온 등이 내리고 있다.불닭볶음면 열풍에 힘입어 실적 성장을 이어가고 있는 삼양식품은 이날 장 초반 100만원을 기록하면서 '황제주(1주당 주가 100만원 이상)'에 등극하기도 했다.코스닥지수는 같은 시각 1.15포인트(0.16%) 내린 721.37을 나타내고 있다. 이날 지수는 0.27% 오름세로 출발 후 0.44%까지 상승폭을 확대하기도 했지만 오전 9시9분께를 기점으로 하락 전환해 추세를 유지하고 있다. 코스닥시장에서는 외국인과 기관이 각각 91억원씩 매도 우위인 반면 개인은 272억원 매수 우위다.코스닥 시총 상위 종목은 혼조세다. 알테오젠, HLB, 휴젤, 펩트론, 리가켐바이오, 삼천당제약 등이 내리는 반면 에코프로비엠, 에코프로, 레인보우로보틱스, 클래시스, 파마리서치 등은 오르고 있다.서울 외환시장에서 원·달러 환율은 전장보다 5원 내린 1395원으로 개장했다.고정삼 한경닷컴 기자 jsk@hankyung.com",https://www.hankyung.com/article/2025051259916,2025.05.12 09:21
"'경영권 불법승계 의혹' 이재용, 5년 만에 무죄 확정 [영상]","대법원, 檢 상고 기각…무죄 선고한 원심판결 확정
삼성 측 ""삼성물산 합병 적법 확인…충실 심리 감사""","영상 모듈 닫기




불법 경영권 승계 의혹으로 재판에 넘겨진 이재용 삼성전자 회장이 17일 무죄를 확정받았다.대법원 3부(주심 오석준 대법관)는 17일 자본시장법상 부정거래행위·시세조종, 업무상 배임 등 혐의로 기소된 이 회장에게 전부 무죄를 선고한 원심판결을 확정했다.2020년 9월 검찰이 이 회장을 기소한 지 4년 10개월 만에 나온 결론이다. 함께 재판에 넘겨진 최지성 전 삼성그룹 미래전략실(미전실) 실장, 김종중 전 미전실 전략팀장, 장충기 전 미전실 차장 등 나머지 피고인 13명에 대해서도 무죄가 확정됐다.대법원은 “원심판결에 필요한 심리를 다하지 않은 채 논리와 경험의 법칙을 위반해 자유심증주의의 한계를 벗어나거나 자본시장법, 외부감사법 등에 관한 법리를 오해하거나 판단을 누락한 잘못이 없다”면서 검찰의 상고를 기각했다.검찰이 확보한 백업 서버, 장충기 전 사장의 휴대전화에서 추출된 문자메시지, 외장하드 등 주요 증거에 증거능력이 없다고 본 2심 판단에 대해서도 “논리와 경험의 법칙을 위반해 자유심증주의의 한계를 벗어나거나 전자정보에 대한 압수수색의 적법성, 재전문증거의 증거능력, 위법수집증거 배제법칙의 예외 등에 관한 법리를 오해한 잘못이 없다”고 판시했다.
                    



일본 출장을 마친 이재용 삼성전자 회장이 지난 4월 9일 강서구 서울김포비즈니스항공센터(SGBAC)를 통해 귀국하고 있는 모습. 연합뉴스

                이 회장은 2015년 삼성물산-제일모직 합병 과정에서 최소 비용으로 경영권을 안정적으로 승계하고, 지배력을 강화할 목적으로 미전실이 추진한 부정거래와 시세조종, 회계 부정 등에 관여한 혐의로 기소됐다. 지난해 2월 1심은 이 회장에게 적용된 19개 혐의 전부에 무죄를 선고했고, 올해 2월 2심은 추가된 공소 사실을 포함한 23개 혐의에 대해 같은 판단을 내렸다.검찰은 항소심 단계에서 회계 기준 위반 혐의 등을 추가하는 등 공소 유지에 총력을 기울였지만, 법원에서 받아들여지지 않았다. 기소 단계에서부터 검찰수사심의위원회는 불기소를 권고했으나 검찰은 이를 무시하고 기소를 강행했다. 다만 2심 판결 이후 형사상고심의위원회에선 과반수가 상고 제기 의견을 냈다.선고 직후 삼성 변호인단은 “대법원의 최종 판단을 통해 삼성물산 합병과 삼성바이오로직스 회계 처리가 적법했다는 점이 분명히 확인됐다”며 “5년에 걸친 충실한 심리를 통해 현명하게 판단해 주신 법원에 진심으로 감사드린다”는 입장을 밝혔다.장서우 기자 suwu@hankyung.com",https://www.hankyung.com/article/202507174459i,2025.07.17 12:10
"코스피, 미중 관세 우려 덜며 2600선 회복…삼성전자 5% '급등'","기관, 나홀로 3427억원 순매수
반도체·자동차·2차전지株 강세","사진=뉴스1

                12일 코스피지수가 기관투자자의 매수세에 힘입어 1% 넘게 뛰며 2600선을 회복했다. 지난 주말 진행된 미국과 중국 간 무역 협상이 긍정적 분위기로 마무리되면서 '관세 전쟁'에 대한 투자자들의 불안 심리가 완화된 영향으로 분석된다.이날 코스피지수는 전날보다 30.06포인트(1.17%) 오른 2607.33에 거래를 마쳤다. 지수는 이날 0.65% 오름세로 출발 후 상승폭을 확대했다. 유가증권시장에서 기관이 3427억원어치를 사들이며 지수 상승을 이끌었다. 반면 개인과 외국인은 각각 3900억원과 2억원어치를 팔아치웠다.  미·중 간 무역 협상 진전 소식이 전해지자 투자자들이 안도한 것으로 보인다. 앞서 미국과 중국은 10일과 11일(현지시간) 이틀간 스위스 제네바에서 관세 협상을 벌였다. 도널드 트럼프 미국 대통령은 협상 직후 ""큰 진전을 이뤘다""고 밝혔다. 코스피 시가총액 상위 종목 중 그동안 관세 우려에 약세를 보였던 한미반도체(7.24%) 삼성전자(5.11%) SK하이닉스(2.58%) 등 반도체주가 급등했다. 기아(3.47%)와 현대차(3.11%) 등 자동차주도 강세로 마감했다.이밖에 현대모비스(2.15%) 신한지주(1.97%) LG에너지솔루션(1.1%) KB금융(0.22%) 등이 오른 반면 한화에어로스페이스(-6.61%) 삼성바이오로직스(-4.71%) 한화오션(-4.51%) 셀트리온(-3.92%) 등은 내렸다.증권주도 호실적과 정책 수혜 기대에 힘입어 급등했다. 신영증권(9.04%)을 비롯해 미래에셋증권(5.81%) 키움증권(3.3%) 삼성증권(3.02%) NH투자증권(3.0%) 대신증권(2.16%) 키움증권(2.04%) 등이 강세로 마쳤다.이날 코스닥지수는 2.88포인트(0.4%) 오른 725.4로 거래를 마쳤다. 지수는 이날 0.27% 오름세로 출발한 후 장중 등락을 거듭하다 오후 12시37분께를 기점으로 상승 추세를 굳혔다.코스닥시장에서는 외국인과 기관이 각각 931억원과 50억원어치를 사들인 반면 개인이 729억원어치를 팔아치웠다.코스닥 시총 상위 종목 중 에코프로비엠(4.6%) 리노공업(4.53%) 펩트론(2.89%) 에코프로(1.17%) 레인보우로보틱스(0.74%) 등이 오른 반면 클래시스(-8.78%) 휴젤(-4.06%) 알테오젠(-2.61%) 에이비엘바이오(-2.45%) 삼천당제약(-2.22%) HLB(-1.56%) 등이 내렸다.서울 외환시장에서 원·달러 환율은 전장 대비 2.4원 오른 1402.4원으로 주간 거래를 마쳤다.고정삼 한경닷컴 기자 jsk@hankyung.com",https://www.hankyung.com/article/2025051272786,2025.05.12 16:05
"코스피, 관세 불안 및 삼성전자 '어닝 쇼크'에도 상승 출발",,"사진=연합뉴스

                코스피가 상승 출발했다. 미국으로부터 관세 서한을 받았고, 국내 대표 기업인 삼성전자는 예상을 크게 밑도는 2분기 잠정실적을 내놓는 등 개장 전 대형 악재가 잇따랐다. 하지만 미국과의 관세는 협상 여지가 있다는 점, 삼성전자는 ‘어닝 쇼크’에 이어 자사주 취득 결정을 공시했다는 점이 투자심리를 되살렸다.8일 오전 9시4분 현재 코스피는 전일 대비 10.89포인트(0.36%) 오른 3070.36에 거래되고 있다.외국인이 코스피200선물을 1003억원어치 순매수하며 지수를 방어하고 있다. 현물 주식은 230억원어치 순매도하고 있다. 기관은 365억원어치 주식을 사고 있다. 개인은 34억원어치를 파는 중이다.시가총액 상위 종목들은 혼조세다.삼성전자는 보합이다. 2분기 매출 74조원, 영업이익 4조6000억원의 잠정실적을 기록했다고 개장 전 밝히면서 프리마켓에서는 투자심리가 크게 악화된 바 있다. 영업이익이 에프앤가이드에 집계된 컨센서스(증권사 추정치 평균) 6조8133억원을 25%가량 밑돌았기 때문이다. 하지만 삼성전자는 잠정실적 발표에 이어 보통주 약 3조5000억원, 기타주식 약 4000억원 규모의 자사주 매입 결정을 개장 직전 공시하면서 투자심리를 되살렸다.SK하이닉스는 0.92% 하락하고 있다. 삼성바이오로직스, 현대차, 셀트리온, 기아도 약보합세다. 도널드 트럼프 미국 대통령이 한국과 일본을 비롯한 7개국에 보낸 관세 서한을 공개하면서 관세 관련 불확실성이 커지면서 수출주들이 영향을 받는 것이다. 다만 상호관세 부과 시기가 8월1일이라는 점, 협상 경과에 따라 유예기간이 연장될 수 있다는 점 등이 확인되면서 투자심리가 크게 악화되지는 않았다.KB금융은 2.19%, 두산에너빌리티는 1.11% 상승하고 있다. 관세 불확실성이 커진 가운데, ‘관세 무풍지대’로 꼽히는 종목으로 매수세가 유입된 영향이다.코스닥은 전일 대비 0.91포인트(0.12%) 내린 777.55에 거래되고 있다. 이 시장에서는 개인과 기관이 각각 115억원어치와 29억원어치 주식을 사는 반면, 외국인은 144억원어치를 팔고 있다.코스닥 시가총액 상위 종목들도 혼조세다. 알테오젠은 1.08% 내리고 있다.반면 에코프로비엠과 에코프로는 각각 1.79%와 1% 상승 중이다.서울외환시장에서 원·달러 환율은 전일 대비 5.3원(0.38%) 내린 달러당 1371.7원에 거래되고 있다.간밤 뉴욕증시에서 주요 지수는 도널드 트럼프 미국 대통령이 주요 교역국에 관세 서한을 보낸 데 따른 불확실성 확대로 하락 마감했다. 7일(현지시간) 뉴욕증권거래소(NYSE)에서 다우존스30산업평균지수는 전일 대비 422.17포인트(0.94%) 떨어진 44,406.36에, 스탠더드앤드푸어스(S&P)500지수는 49.37포인트(0.79%) 밀린 6,229.98에, 나스닥종합지수는 188.59포인트(0.92%) 하락한 20,412.52에 각각 거래를 마쳤다.한경우 한경닷컴 기자 case@hankyung.com",https://www.hankyung.com/article/2025070840266,2025.07.08 09:18
"코스피, 개인 '팔자' 속 약세…한때 3160선 후퇴",,"18일 서울 중구 하나은행 본점 딜링룸. /사진=연합뉴스

                코스피지수가 장중 약세다. 외국인은 장중 매수 우위로 돌아섰지만 개인은 순매도 중이다.오후 2시1분 현재 코스피지수는 전날 대비 13.22포인트(0.41%) 내린 3179.07에 거래 중이다. 지수는 한때 3169.69까지 밀렸다.개인이 1204억원 매도 우위다. 반면 외국인과 기관은 각각 347억원, 186억원 매수 우위다.대장주인 삼성전자가 0.45% 오르고 있다. 외국인의 순매수세 유입과 전날 이재용 회장에 대한 대법원의 최종 무죄 판결 등이 투자심리를 개선한 것으로 풀이된다. 오후 1시20분 기준 투자자별 매매상위 잠정치에 따르면 외국인은 삼성전자를 608억원어치 사들였다. 외국인 순매수 1위다.LG에너지솔루션(1.42%)과 두산에너빌리티(1.58%), HD현대중공업(1.37%) 등도 강세다. 반면 삼성바이오로직스는 약 1.9% 내림세다. 삼성물산과 삼성생명도 각각 5%, 3%대 내림세다. 외국인이 이날 집중 순매도(잠정 467억원) 중인 SK하이닉스는 0.37% 하락 중이다.코스닥지수는 약보합세다. 지수는 0.49포인트(0.06%) 내린 817.78에 거래되고 있다. 개장 초반 한때 822선까지 올랐다가 이내 약세로 틀어서 810선 위에서 거래 중이다.외국인이 248억원 매도 우위다. 개인과 기관이 각각 186억원, 122억원 매수 우위다.에코프로비엠이 외국인의 강한 순매수 속에서 8%대 강세다. 이날 오후 1시20분 기준 외국인은 삼성전자 다음으로 에코프로비엠(368억원)을 많이 샀다. 에코프로도 3% 넘게 오르고 있다. 반면 HLB와 파마리서치 등은 2%대 약세다.신민경 한경닷컴 기자 radio@hankyung.com",https://www.hankyung.com/article/2025071871156,2025.07.18 14:14
"하이브, BTS 완전체 컴백 기대감·내년 공연 수요 전망에 상승세",,"엔터테인먼트 기업 하이브(HYBE)가 최근 시장의 관심을 받고 있다. 그룹 방탄소년단(BTS)의 경우 대체 복무를 마친 멤버들이 오는 21일 모두 군 전역할 예정이며, RM·뷔는 이미 전역 절차를 마쳤다. 이에 따라 BTS 완전체 활동 재개에 대한 기대가 커지며 공연·콘텐츠 중심의 사업적 기대가 부각되고 있다.더불어 대신증권은 17일 보고서를 통해 내년 하이브의 공연 매출과 MD(머천다이징) 부문에 대한 수요가 내년까지 이어질 것으로 전망했다. 이러한 분석은 BTS 컴백과 연계해 공연·굿즈 등 팬덤 비즈니스 성과가 지속적으로 이어질 수 있다는 평가를 반영한 것이다.또한, 하이브는 북미 법인 16곳과 함께 LA 인근 전진 기지 구축을 통해 글로벌 팬덤을 겨냥한 서비스를 확장 중인 점도 주목받고 있다. 콘서트·팬미팅·굿즈 판매 등 핵심 사업 중심의 시너지 강화가 기업 전략의 중심에 자리하고 있다는 관측이다.이처럼 BTS 완전체 활동 기대, 내년 공연 행사 기획, 북미 기반 사업 확대와 같은 주요 축이 맞물리면서, 하이브는 엔터테인먼트 업계 내에서 전략적 움직임이 돋보이는 상태다.하이브, 카카오페이, 뱅크웨어글로벌, 삼성바이오로직스, 기아무료상담",https://www.hankyung.com/article/202506183170a,2025.06.18 13:53
"03일, 거래소 외국인 순매수상위에 전기,전자 업종 8종목",,"외국인 투자자는 03일 거래소에서 삼성전자, 삼성전자우, POSCO홀딩스 등을 중점적으로 사들인 것으로 나타났다.외국인 투자자의 순매수 상위 20개 종목은 삼성전자, 삼성전자우, POSCO홀딩스, 삼성전기, 이수페타시스, HD한국조선해양, 한화에어로스페이스, 한국전력, 삼성바이오로직스, HD현대등이다.이중에 전기,전자 업종에 속한 종목이 8개 포함되어 있다.삼성전자, 삼성전자우, POSCO홀딩스 등은 전일 대비 주가가 상승했고, HD한국조선해양, 한화에어로스페이스, 한국전력 등은 주가가 하락했다.[07월03일]거래소 외국인 순매수 상위 종목한경로보뉴스이 기사는 한국경제신문과 금융 AI 전문기업 씽크풀이 공동 개발한 기사 자동생성 알고리즘에 의해 실시간으로 작성된 것입니다.",https://www.hankyung.com/article/202507037134L,2025.07.03 18:35
"코스피, 외인·기관 '사자'에 3200선 회복…코스닥은 하락",,"사진=연합뉴스

                코스피지수가 21일 장중 외국인과 기관투자자의 매수세에 힘입어 심리적 저항선인 3200선을 회복했다. 다만 국내 주요 기업의 올 2분기 실적 발표를 앞둔 경계감에 상승폭은 다소 제한적인 모습이다.이날 오전 10시49분 현재 코스피지수는 전 거래일보다 17.68포인트(0.55%) 오른 3205.75를 나타내고 있다. 지수는 이날 0.1% 오름세로 출발 후 상승폭을 소폭 확대해 3200선을 재차 회복했다. 유가증권시장에서 외국인과 기관이 각각 4194억원과 1678억원 매수 우위인 반면 개인은 6121억원 매도 우위다. 외국인은 이날을 포함해 8거래일 연속 순매수 기조를 유지하고 있다.지난 주말 미국 증시는 보합권 혼조로 마감했다. 지난 18일(현지시간) 다우존스30산업지수와 S&P500지수는 각각 0.32%와 0.01% 내렸다. 나스닥종합지수는 0.05% 상승했다.코스피 시가총액 상위 종목은 대체로 상승세다. 삼성전자, SK하이닉스, LG에너지솔루션, 한화에어로스페이스, KB금융, 두산에너빌리티, 셀트리온, 네이버 등이 오르는 반면 삼성바이오로직스, 현대차, 기아 등이 내리고 있다.와이지엔터테인먼트(6.01%)와 자회사인 YG PLUS(12.52%)는 강세를 보이고 있다. 걸그룹 블랙핑크의 신곡 '뛰어'가 글로벌 음원 시장에서 인기몰이를 하고 있다는 소식이 영향을 준 것으로 보인다. 같은 시각 코스닥지수는 전 거래일보다 1.18포인트(0.14%) 내린 819.49를 나타내고 있다. 지수는 이날 0.1% 하락 출발 후 보합권에서 등락을 보이고 있다.코스닥시장에서는 외국인과 기관이 각각 169억원과 180억원 매도 우위인 반면 개인이 352억원 매수 우위다.코스닥 시총 상위 종목 중 알테오젠, HLB, 리가켐바이오, 휴젤, 삼천당제약, 리노공업, 코오롱티슈진 등이 내리는 반면 에코프로비엠, 펩트론, 에코프로, 파마리서치, 레인보우로보틱스, 클래시스 등이 오르고 있다.폰트(글꼴) 개발사 산돌은 보통주 1주에 신주 1주를 배정하는 100% 무상증자를 결정했다는 소식 이후 16%대 급등하고 있다.서울 외환시장에서 원·달러 환율은 전장보다 0.9원 내린 1392.1원으로 개장했다.고정삼 한경닷컴 기자 jsk@hankyung.com",https://www.hankyung.com/article/2025072112906,2025.07.21 11:16
"코스피, 2630선 소폭 상승세...'황제주' 삼양식품 20% 급등",,"사진=연합뉴스

                코스피지수가 16일 장 초반 뚜렷한 방향성을 잡지 못한 채 2630선에서 소폭 상승세를 보이고 있다. 간밤 뉴욕증시도 미·중 무역 긴장 완화에 따른 랠리를 멈추고 숨 고르기에 들어갔다. 이날 오전 9시9분 현재 코스피지수는 전 거래일보다 9.31포인트(0.36%) 오른 2630.67을 나타내고 있다. 유가증권시장에서 외국인이 244억원 매수 우위인 반면 개인과 기관은 각각 141억원과 47억원 매도 우위다.이날 새벽 미국 증시는 혼조로 마감했다. 우량주 30개를 묶은 다우지수와 S&P500지수는 전장보다 각각 0.65%와 0.41% 상승했지만 나스닥종합지수는 0.18% 하락했다. 미·중 무역 긴장이 완화되고 미국의 4월 경제 지표가 둔화세를 보였음에도 별다른 영향을 받지 않았다.코스피 시가총액 상위 종목 중 SK하이닉스, 삼성바이오로직스, 현대차, 한화에어로스페이스, HD현대중공업, 기아, 신한지주 등이 오르는 반면 삼성전자, LG에너지솔루션, KB금융, 셀트리온, 네이버 등이 내리고 있다.삼양식품은 20%대 급등세다. 올 1분기 '어닝 서프라이즈'(깜짝 실적)를 달성한 가운데 증권가에서 향후 실적에 대한 긍정적 전망을 쏟아내자 투자심리가 빠르게 개선된 영향으로 보인다.코스닥지수는 같은 시각 3.03포인트(0.41%) 내린 730.2를 기록 중이다. 이날 지수는 0.16% 상승 출발 후 곧바로 하락 전환해 추세를 유지하고 있다.코스닥시장에서는 외국인과 기관이 각각 232억원과 60억원 매도 우위인 반면 개인은 318억원 매수 우위다.코스닥 시총 상위 종목 중 알테오젠, 에코프로비엠, HLB, 에코프로, 레인보우로보틱스, 휴젤, 펩트론 등이 내리는 반면 파마리서치, 리가켐바이오, 리노공업, 에이비엘바이오 등이 오르고 있다.서울 외환시장에서 원·달러 환율은 전장보다 2.5원 오른 1397원으로 개장했다.고정삼 한경닷컴 기자 jsk@hankyung.com",https://www.hankyung.com/article/2025051666486,2025.05.16 09:23
"SK하이닉스, AI 시대 주역으로 주목받는 반도체 리더",,"SK하이닉스가 인공지능(AI) 시대의 핵심 동력인 고성능 메모리 반도체 시장을 선도하며 업계와 투자자들의 뜨거운 주목을 받고 있습니다. 차세대 기술 개발과 생산 능력 강화를 통해 AI 산업 성장의 필수적인 파트너로 자리매김하고 있다는 평가입니다.SK하이닉스의 가장 큰 강점은 고대역폭 메모리(HBM) 분야에서의 압도적인 기술 리더십입니다. AI 학습 및 추론에 필수적인 HBM은 기존 D램 대비 훨씬 빠른 데이터 처리 속도를 자랑하며, AI 반도체 시장의 폭발적인 성장을 견인하고 있습니다. SK하이닉스는 HBM 시장을 선점하며 기술 및 양산 능력에서 경쟁 우위를 확보했고, 이는 글로벌 AI 기업들의 러브콜로 이어지고 있습니다.또한, SK하이닉스는 HBM뿐만 아니라 차세대 D램, 낸드플래시 등 다양한 메모리 솔루션 분야에서도 기술 혁신을 이어가고 있습니다. 스마트폰, 서버, 클라우드 등 광범위한 산업 분야의 수요 변화에 선제적으로 대응하며 안정적인 포트폴리오를 구축하고 있습니다.최근 전반적인 반도체 업황의 회복세와 AI 반도체 수요 증가는 SK하이닉스의 실적 개선에 긍정적인 영향을 미치고 있습니다. 기술 리더십을 바탕으로 고부가 제품 판매를 확대하며 수익성을 극대화하려는 전략이 성공적으로 작동하고 있다는 분석입니다.물론, 글로벌 경기 변동성과 경쟁사들의 추격은 SK하이닉스가 지속적으로 관리해야 할 부분입니다. 그러나 AI 산업의 가파른 성장세와 함께 SK하이닉스의 독보적인 HBM 기술력은 앞으로도 기업 가치를 높이는 핵심 동력으로 작용할 것으로 보입니다. SK하이닉스가 AI 시대를 이끄는 반도체 리더로서 어떤 새로운 혁신을 선보일지, 업계와 시장의 시선이 집중되고 있습니다.삼성바이오로직스, 한화투자증권, 더즌, SKC, 한국금융지주무료상담",https://www.hankyung.com/article/202507010589a,2025.07.01 10:58
코스피 '눈치보기 장세' 2460선 제한적 상승…코스닥은 하락,,"사진=연합뉴스

                코스피지수가 15일 장 초반 2460선에서 제한적인 상승세를 보이고 있다. 이날 새벽 미국 증시가 강세로 마감했지만 도널드 트럼프 대통령의 관세 소식에 따라 등락을 거듭하는 등 높은 변동성을 보인 가운데 국내 증시에서 투자자들의 관망 심리가 발동한 모습이다.이날 오전 9시11분 현재 코스피지수는 전 거래일보다 8.64포인트(0.35%) 오른 2464.53을 기록하고 있다.유가증권시장에서 개인이 403억원 매수 우위인 반면 외국인과 기관은 각각 181억원과 285억원 매도 우위를 보이고 있다.이날 새벽 뉴욕증시의 주요 3대 지수는 강세로 마감했다. 14일(현지시간) 우량주 30개를 묶은 다우지수는 전장 대비 0.78% 올랐으며 나스닥종합지수와 S&P500지수도 각각 0.79%와 0.64% 상승했다. 다만 트럼프 대통령의 관세 소식에 따라 장중 등락을 거듭하기도 했다.코스피 시가총액 상위 종목 중 삼성전자, SK하이닉스, HD현대중공업, KB금융, 네이버, 신한지주 등이 오르는 반면 LG에너지솔루션, 삼성바이오로직스, 한화에어로스페이스, 셀트리온, 한화오션 등이 내리고 있다.트럼프 대통령이 자동차 부품에 대한 관세 예외 가능성을 시사한 가운데 현대차와 기아가 2%대 강세를 보이고 있다.코스닥지수는 같은 시각 2.3포인트(0.32%) 내린 706.68을 기록하고 있다. 이날 지수는 0.07% 오름세로 출발한 후 9시2분께를 기점으로 하락 전환해 추세가 유지되고 있다.코스닥시장에서도 외국인과 기관이 각각 449억원과 140억원 매도 우위인 반면 개인은 581억원 매수 우위다.코스닥 시총 상위 종목 중 알테오젠, 에코프로비엠, 에코프로, 휴젤, 클래시스, 리가켐바이오, 코오롱티슈진, 삼천당제약 등이 내리는 반면 HLB, 레인보우로보틱스, 펩트론, 파마리서치 등이 오르고 있다.서울 외환시장에서 원·달러 환율은 전장보다 2.1원 내린 1422원으로 개장했다.고정삼 한경닷컴 기자 jsk@hankyung.com",https://www.hankyung.com/article/2025041516326,2025.04.15 09:23
"당일 증권사 관심 종목 - LG이노텍 , 삼성바이오로직스 등",,"빅데이터를 기반으로 투자 이슈를 분석하는 한경라씨로에 따르면 04월 24일 2시 30분 기준으로 LG이노텍, 삼성바이오로직스, 유니드 등과 관련해 많은 리포트가 발생한 것으로 나타났다. 




LG이노텍,삼성바이오로직스,유니드,엔씨소프트,팬오션

오늘 증권사 목표가 상향 조정한 종목 (->확인하기)  




LG이노텍,삼성바이오로직스,유니드,엔씨소프트,팬오션

 오늘 가장 많은 리포트가 발생한 LG이노텍에 대해 하이투자증권은 """"아이폰 패닉바잉과 LG이노텍 패닉셀링""""이라며 투자의견 """"BUY""""의 리포트를 발표했다.  해당 리포트에 따르면 """"장기적으로 2026년을 바라보면, 신모델 메인 카메라에 기능적 변화가 수반될 것으로 보이므로 동사 카메라 사업의 경쟁력 회복을 기대함. 이외로, FC-BGA 사업의 본궤도 진입과, 조명 및 통신 모듈을 중심으로 한 전장부품 사업의 제품 믹스 개선 등이 확인되고 있음도 긍정적인 변화로 볼 수 있음."""" 이라고 분석했다.        [오늘 투자 주요종목]    LG이노텍,삼성바이오로직스,유니드,엔씨소프트,팬오션 ※ 본 글은 투자 참고용입니다.",https://www.hankyung.com/article/202504243397L,2025.04.24 14:30
이재용 무죄 확정…10년 사법리스크 종지부,,"영상 모듈 닫기




<앵커>부당합병·회계부정 혐의로 기소된 이재용 삼성전자 회장에게 최종 무죄가 확정됐습니다.지난 10년간 이어진 사법리스크에 종지부를 찍게 됐는데, 경제계도 일제히 환영의 뜻을 밝혔습니다.대법원에 나가있는 취재기자 연결해 들어보겠습니다.성낙윤 기자!<기자>대법원 3부는 오늘(17일) 자본시장법 위반 등 혐의로 기소된 이재용 삼성전자 회장에 대한 상고심에서 무죄를 선고한 원심을 확정했습니다.이 회장이 경영권 승계를 위해 삼성물산과 제일모직 합병 과정에서 각종 부정거래와 회계부정을 저질렀다는 검찰 주장을 받아들이지 않은 겁니다.재판에 넘겨진 지 4년10개월, 2심 선고 5개월 만에 나온 최종 결론입니다.지난해 2월 1심과 올해 2월 2심에서도 재판부는 이 회장에게 무죄를 선고한 바 있습니다.대법원은 ""무죄로 판단한 원심판결에 필요한 심리를 다하지 않은 채 논리와 경험의 법칙을 위반하거나, 자본시장법 등에 관한 법리를 오해한 잘못이 없다""고 판시했습니다.이 회장 변호인단은 입장문을 통해 ""삼성물산 합병과 삼성바이오로직스 회계처리가 적법하다는 점이 분명히 확인됐다""며 ""충실한 심리를 통해 현명하게 판단해 주신 법원에 감사하다""고 밝혔습니다.이 회장은 지난 2016년 박근혜 정부의 '국정농단' 사건에 이어 이번 '불법승계' 의혹까지 총 10년에 걸친 사법리스크에서 완전히 벗어나게 됐습니다.경제계도 일제히 환영의 뜻을 밝혔습니다.대한상공회의소는 논평을 통해 ""첨단산업 글로벌 경쟁이 치열한 상황에서 경영 리스크 해소뿐만 아니라 한국경제 전반에 긍정적인 파급 효과를 가져올 것""이라고 밝혔습니다.한국경제인협회와 한국경영자총협회도 ""한국기업을 대표하는 삼성전자의 역할은 어느 때보다 중요하다""며 ""우리 경제가 당면한 어려움을 극복하는 데 중요한 발판이 될 것""이라고 강조했습니다.<앵커>사법리스크에서 완전히 벗어난 만큼 이재용 회장의 행보에 관심이 모아지는데, 삼성에 어떤 변화가 일어날까요?<기자>이른바 '뉴삼성' 구축을 위한 경영 행보에 탄력이 붙을 전망입니다.이 회장이 반도체 경쟁력 회복, 미래 먹거리 발굴에 집중할 것이란 의미입니다.특히 주력사업인 반도체 부문의 부진을 탈피하는 데 역량을 모을 것으로 보입니다.현재 삼성전자의 메모리 사업은 2분기 기준 D램과 낸드를 포함한 전체 시장에서 SK하이닉스와 1위 자리를 놓고 경쟁 중입니다.파운드리(반도체 위탁생산) 시장에서는 대만 TSMC와의 격차가 더욱 확대되고 있는 실정입니다.2심 선고 이후부터 M&A를 이어온 디지털 헬스케어(젤스), 공조(플랙트), 오디오·전장(마시모 오디오 사업부) 등 분야에서도 시장 선점을 위한 전략을 내놓을 것으로 예상됩니다.또, 트럼프 행정부의 관세 이슈와 글로벌 공급망 재편 등 대외 변수에 대해서도 더욱 유연하게 대처할 수 있을 것이란 기대가 나옵니다.지금까지 대법원에서, 한국경제TV 성낙윤입니다.영상취재 김성오, 영상편집 최연경, CG 김찬주'성낙윤기자 nyseong@wowtv.co.kr",https://www.hankyung.com/article/2025071747625,2025.07.17 14:29
"저점매수기회! 한 종목에서만 승부를 보는 승부사를 위한 상품, 5년고정 연 4.9%로 이용가능",,"부자네스탁론이 봄맞이 이벤트로 5년고정 연 4.9%의 저금리 스탁론 상품을 출시하면서 투자자들에게 화제가 되고 있다.5년고정 연 4.9%의 저금리 스탁론은 주요 증권사의 신용 금리로 알려진 8~9%대의 금리보다 훨씬 금리가 낮은 상품이다.스탁론 상품들은 증권사 신용보다 레버리지는 더 높고 담보유지비율은 더 낮아 투자 고수들 사이에서 잘 알려진 상품이다.미수나 반대매도를 해결해주는 대환대출상품, 한 종목 100% 집중투자 상품신용등급, 매수불가종목, D.S.R 등 주식투자자들의 고민을 완벽하게 해결해주는 솔루션을 제공하는부자네스탁론은 고객마다 가장 최적의 대출방법으로 해결해준다.-스탁론 D.S.R<총부채원리금상환비율> 고강도 규제에도! 문제없는 부자네스탁론!– 소득 낮고 기존 대출금액 많아도 계좌평가금액에 비례해서 대출가능!▶머니투데이 부자네스탁론① 5년고정 연 4.9% 금리의 최저금리 스탁론② 자기자본포함 최대 4배까지 레버리지 투자 가능③ 매수가능종목 100% 집중투자가능 (코스닥, 시가총액, 포트폴리오비율상관없이)④ 스탁론 전종목 1:1 매수상담문의 → 수익극대화⑤ 반대매도 임박 / 추가입금이 힘들다면? → 1:1 로스컷 전문상담⑥ D.S.R과 신용등급 낮.아.도 문제없이 매입/대환까지 가능!★ D.S.R비율, 신용등급 무관 저금리 부자네스탁 AM8:00~PM4:00 ☎1577-5852★ AM 8:00 부터 선착순 예약접수 http://www.bujane.co.kr/5월 고객들의 문의가 많은 종목은 KB금융, 한화에어로스페이스, 오가노이드사이언스, 한국항공우주, 삼성바이오로직스 등이 있다.무료상담",https://www.hankyung.com/article/202505203326a,2025.05.20 13:28
[핫 컴퍼니] CDMO 틈새시장 노리는 팬젠 “휴온스와 시너지 기대”,,,https://www.hankyung.com/article/202506020447i,2025.06.16 10:03
"21일, 거래소 외국인 순매도상위에 운수장비 업종 8종목",,"외국인 투자자는 21일 거래소에서 한화에어로스페이스, 삼성중공업, 한화오션 등을 중점적으로 매도한 것으로 나타났다.외국인 투자자의 순매도 상위 20개 종목은 한화에어로스페이스, 삼성중공업, 한화오션, 한미반도체, 두산에너빌리티, LS ELECTRIC, 현대로템, 기아, CJ, 삼성바이오로직스등이다.이중에 운수장비 업종에 속한 종목이 8개 포함되어 있다.한화에어로스페이스, 한미반도체, 두산에너빌리티 등은 전일 대비 주가가 상승했고, 삼성중공업, 한화오션, LS ELECTRIC 등은 주가가 하락했다.[04월21일]거래소 외국인 순매도 상위 종목한경로보뉴스이 기사는 한국경제신문과 금융 AI 전문기업 씽크풀이 공동 개발한 기사 자동생성 알고리즘에 의해 실시간으로 작성된 것입니다.",https://www.hankyung.com/article/202504215938L,2025.04.21 18:35
관세 충격 털어낼 '실적 맑음' BBC 뜬다,"낙폭과대 '유망株' 살펴보니 
하이닉스·삼성전자 등 반도체
2분기 영업이익 컨센서스 상향

포스코퓨처엠·삼성바이오 등
2차전지·바이오도 전망 밝아","올해 상반기 실적이 좋아질 것으로 예상되는 기업에 주목하라는 조언이 증권가에서 나온다. 매서운 글로벌 관세 폭풍이 잠시 수그러들면서다. 미국 경기 침체 우려로 코스피지수가 주가순자산비율(PBR) 0.86배 수준으로 내려앉은 만큼 호실적 예상 종목을 선매수할 기회라는 분석도 있다. ◇실적 추정치 높아진 반도체주







이미지 크게보기



                18일 금융정보업체 에프앤가이드에 따르면 3월 이후 지난 16일까지 주가가 10% 이상 빠졌지만 1분기 혹은 2분기 영업이익 컨센서스(추정치 평균)가 1개월 전 대비 3% 이상 증가한 주요 업종은 반도체와 2차전지 등인 것으로 나타났다.특히 반도체 업종의 실적이 눈에 띄게 좋아질 것으로 예상됐다. SK하이닉스의 1분기와 2분기 영업이익 컨센서스는 각각 6조5590억원, 7조8892억원이었다. 1개월 전 대비 각각 1.7%, 4.3% 올랐다. 3월 이후 이달 16일까지 SK하이닉스 주가는 12.65% 빠졌다. 미국이 반도체 업종에 25%의 품목관세를 매길 것이라고 엄포를 놓아 주가가 눌렸다.최근 증권가에선 SK하이닉스의 목표주가를 잇달아 상향하고 있다. 고대역폭메모리(HBM) 관련 매출이 증가하는 가운데 D램 등 범용 메모리 업황도 기지개를 켜고 있어서다. KB증권은 SK하이닉스가 1분기부터 HBM3E 12단 제품을 판매하기 시작하며 올해 분기별 D램 평균 영업이익률이 52%에 육박할 것으로 전망했다. 김동원 KB증권 리서치센터장은 “스마트폰과 PC 업체가 반도체 재고를 거의 소진하면서 2분기부터 메모리 반도체 가격이 상승하기 시작할 것”이라고 말했다. 김록호 하나증권 연구원도 “단기적으로 주가가 급락한 지금이 매수 기회”라고 말했다.메모리 반도체 가격이 상승하기 시작하며 삼성전자의 실적 추정치도 올라가고 있다. 삼성전자의 2분기 영업이익 컨센서스는 6조6437억원으로, 1개월 전 대비 5.9% 높아졌다.반도체 공정에 원자 현미경을 납품하는 파크시스템스 주가도 같은 기간 12.75% 빠졌지만 2분기 영업이익 컨센서스(154억원)는 1개월 전 대비 10.4% 늘었다. 기존 장비의 해상도로는 따라잡을 수 없을 정도로 반도체 공정이 미세화해 원자 현미경 수요가 급증하고 있기 때문이다. 박상욱 신영증권 연구원은 “올해 중 반도체 전공정에도 장비를 납품할 수 있을 것”이라고 말했다.서버, 통신 장비 등에 적용되는 고다층 인쇄회로기판(MLB)이 주력 제품인 이수페타시스의 1분기와 2분기 영업이익 컨센서스도 1개월 전 대비 각각 4.8%, 2.8% 높아졌다. 반면 지난달 이후 주가는 23.93% 급락했다. 박형우 SK증권 연구원은 “경쟁사의 주요 생산 거점이 대부분 중국인 만큼 미·중 무역전쟁 국면에서 수혜를 볼 수 있다”고 말했다. ◇“낙폭과대 2차전지 실적도 반등”미국 트럼프 행정부의 관세 정책이 공개된 후 급락한 2차전지 업종의 실적 추정치도 나아지는 추세다. 지난달 이후 주가가 15.33% 하락한 양극재기업 포스코퓨처엠의 1분기 영업이익 컨센서스는 23억원으로, 1개월 전보다 373.8% 급증했다. 2분기 컨센서스도 6.7% 상향됐다. 에코프로비엠의 1분기 영업이익 컨센서스는 같은 기간 97.9% 증가했다. 지난달 이후 에코프로비엠 주가는 27.31% 하락했다.올 들어 유럽과 미국의 전기차 판매량이 늘고 있기 때문이란 분석이 나온다. 1~2월 독일과 영국 전기차 판매량은 작년 동기 대비 각각 37%, 31% 증가했다. 에코프로비엠의 유럽 판매 비중은 60% 내외다. 최근 JP모간도 국내 2차전지 업종의 투자의견을 ‘비중 축소’에서 ‘중립’으로 상향했다. 다만 유럽 시장에서 중국 업체가 약진하면서 국내 2차전지업계가 누릴 낙수 효과가 제한적일 것이라는 전망도 있다.바이오 업종의 품목관세 우려로 주가가 급락한 삼성바이오로직스의 실적 컨센서스도 오르고 있다. 1분기 실적 컨센서스는 1개월 전보다 11.9%, 2분기는 5.9% 높아졌다. 신지훈 LS증권 연구원은 “5공장이 이달 가동하기 시작하면 실적이 더 좋아질 것”이라고 말했다.심성미 기자 smshim@hankyung.com",https://www.hankyung.com/article/2025041812851,2025.04.18 17:46
"바이넥스, 셀트리온 임상물질 2종 위탁생산","""CMO 국산화 과정 결실 맺어""
송도·오송 공장서 생산해 공급","바이오의약품 위탁생산(CMO) 업체인 코스닥시장 상장사 바이넥스가 셀트리온의 바이오시밀러(바이오의약품 복제약) 원료의약품(DS) 임상물질 2종에 대한 생산 계약을 체결했다고 16일 밝혔다. 제품명 및 계약 내용은 공개되지 않았다.





                바이넥스는 셀트리온으로부터 바이오시밀러 두 개 제품의 CMO 생산 관련 기술 및 노하우를 이전받아 인천 송도와 충북 오송공장에서 각각 생산해 공급할 예정이다.셀트리온과 바이넥스는 2021년 바이오의약품 CMO 국산화 업무협약을 맺었다. 바이넥스는 지난 1월 미국 식품의약국(FDA)에서 셀트리온의 자가면역질환 치료제 엡토즈마에 대한 제조 허가를 받았다. 보통 자체 생산을 하거나 해외 CMO에 생산을 맡겨온 셀트리온이 자사 바이오시밀러를 국내 CMO 업체에 맡긴 것은 처음이었다. 1958년 순천당제약으로 출범한 바이넥스는 2011년 설립된 삼성바이오로직스보다 2년 앞선 2009년 국내 첫 CMO 사업을 시작했다.바이넥스 관계자는 “국내 바이오업계의 상생 및 발전을 위해 추진한 CMO 국산화 과정이 결실을 맺고 있다”며 “장기적으로 동반 성장할 수 있도록 협력 관계를 공고히 할 계획”이라고 말했다.안대규 기자 powerzanic@hankyung.com",https://www.hankyung.com/article/2025061685781,2025.06.16 17:26
삼성생명법 통과 前 지배구조 개편 속도,,"삼성바이오로직스가 22일 발표한 인적분할을 삼성그룹 지배구조 개편과 연관 짓는 시각도 있다. ‘삼성생명법’ 입법 드라이브를 대비한 것이란 분석이다.삼성생명법은 보험사가 보유한 계열사의 주식을 취득원가가 아니라 시가로 평가하도록 하는 법이다. 삼성생명법 통과 시 삼성생명은 보유 중인 삼성전자 지분을 대거 정리해야 한다. 22대 국회에선 차규근 조국혁신당 의원 등이 발의해 정무위원회에 계류돼 있다. 다음달 대통령선거에서 이재명 더불어민주당 후보가 정권을 거머쥔다면 삼성생명법 입법 논의는 본격 궤도에 오를 가능성이 크다. 이 경우 삼성그룹으로선 ‘이재용 회장→삼성물산→삼성생명→삼성전자’로 이어지는 지배구조가 취약해진다.이때 삼성물산이 보유한 삼성에피스홀딩스 지분이 활용될 수 있다. 삼성생명이 처분하는 삼성전자 지분을 삼성물산이 받아주고, 삼성물산은 보유한 삼성에피스홀딩스 지분을 팔아 삼성전자 주식 취득 자금을 마련하는 것이다. 삼성물산과 삼성전자가 분할 신설법인 삼성에피스홀딩스 지분을 각각 43.06%, 31.22% 갖게 되는데, 삼성물산이 삼성에피스홀딩스 지분을 전부 처분해도 삼성전자 보유 지분은 남아 있기 때문에 지배력 유지엔 문제가 없다는 게 전문가들의 견해다. 최종적으로는 ‘이재용 회장→삼성물산→삼성전자→삼성바이오로직스’ 구조로 재편된다.한 기업지배구조 전문 변호사는 “삼성에피스홀딩스의 주가가 오를수록 이재용 삼성전자 회장의 지배력을 유지하기 쉬워진다”고 말했다.송은경/박종관 기자 norae@hankyung.com",https://www.hankyung.com/article/2025052202821,2025.05.22 18:15
이자 부담 최소화! 증권사 신용대출 3%대로 바꾸는 절호의 기회,,"전송종목 : 코스맥스, HK이노엔, HL만도, 삼성바이오로직스, LS에코에너지최근 주식 투자자들 사이에서 주식대출(미수/신용융자 등)의 고금리에 대한 부담이 커지고 있다.특히 저금리를 적용 받고 싶어도, 기존 대출을 상환하고 다시 주식을 매수해야 하는 번거로운 절차와 자금 조달의 어려움이 발목을 잡고 있다.이런 현실적인 문제를 해결하고자, 무빙스탁이 ‘증권사 신용, 대환자금대출’ 서비스를 전격 출시했다.이 상품은 주식을 매도하지 않고도, 기존의 고금리의 주식대출(미수/신용융자 등)의 3%대의 혁신적인 저금리 증권사로 전환할 수 있도록 상환자금을 제공하는 것이 핵심이다.무빙스탁 관계자는 “현재 증권사 이벤트 금리는 연 3%대 수준으로, 기존 9~10%대 고금리를 적용받는 투자자라면 절감 효과가 상당하다”며, 금리를 5%만 낮추면 “1억원 신용대출 기준으로 연간 약 500만원, 3억원이라면 1,500만원까지도 절약할 수 있다”고 밝혔다.더 놀라운 점은, 현재는 이벤트 기간으로 대환자금대출 신청시 발생하는 이자 비용까지 ‘0원’이라는 사실이다. 대환자금에 대해서 하루의 대출이자도 부담하지 않고 기존 고금리 대출을 저금리로 전환할 수 있어, 고금리 부담에 시달리던 투자자들에게 큰 호응을 얻을 전망이다.이 서비스는 부동산 시장에서 흔히 이용되던 대환대출 개념을 증권시장에 도입한 혁신적인 시도로, 주식 투자자들의 자금 운용에 새로운 대안을 제시할 것으로 기대된다.무빙스탁 ‘증권사 신용, 대환자금대출’의 비용 무료 이벤트는 이벤트 기간 동안 한정적으로 제공되는 만큼, 신용융자를 이용 중인 투자자라면 지금 바로 확인해볼 필요가 있다.★ 장마감 시간이 가까워질수록 문의가 많아 상담이 지연될 수 있습니다.★ 7월 문의하신 고객들이 많이 보유하신 종목으로는 삼성전자, POSCO홀딩스, 셀트리온, 포스코퓨처엠, 에코프로비엠, NAVER, 에코프로, 삼성SDI, LG화학, SK하이닉스, 두산에너빌리티, 카카오, SK이노베이션, LG에너지솔루션, 엘앤에프, 삼천당제약, 현대차, 알테오젠, HPSP, LG전자 등이 있습니다.★ 안내사항과도한 빚은 당신에게 큰 불행을 안겨줄 수 있습니다. 대출 시 신용등급 하락으로 다른 금융거래가 제약받을 수 있습니다. 중개수수료를 요구하거나 받는 것은 불법입니다.상호명: ㈜단비대부 2021-서울영등포-2102(대부업) | TEL: 1544-4886 | 대출금리: 연 20%이내(연체금리는 약정금리+3%p이내, 최대 연 20%이내) | 단, 2021. 7. 7.부터 신규체결, 갱신, 연장되는 계약에 한함 | 채무의 조기상환 조건 및 부대비용 없음. (단, 신용조회비용 및 담보권설정비용 있음), 이자 외 별도로 중개수수료를 요구하거나 수취하는 것은 불법입니다. | 대표이사: 박동원 | 사업자등록번호: 274-86-00231 | 등록기관명칭: 서울 영등포구청(담당부서: 일자리경제과, 02-2670-3420) | 소재지 : 서울 영등포구 여의대방로67길 11, 5층 517호 | 개인정보관리자메일: help@danbifund.co.kr무료상담",https://www.hankyung.com/article/202507235746a,2025.07.23 13:08
[ESG 투자 읽어주는 남자] 당신의 투자는 자연자본 리스크에 안전한가,,"[한경ESG]- 마켓 데이터 





                ‘물 부족으로 반도체 공장이 멈춘다면…’은 이제 더 이상 가정으로 끝나지 않는다.대만 TSMC가 2021년 가뭄으로 하루 15만 톤의 물을 트럭으로 운송하며 공장을 가동한 사례는 자연자본 리스크가 얼마나 직접적으로 기업 운영을 위협하는지 보여준다. 지난 5~6월 자연 관련 재무정보공개 협의체(TNFD) 채택 기업이 500개를 돌파하며 57% 급증한 배경에는 이러한 절박함이 있다. 숫자로 보는 충격은 더 크다.세계경제포럼(WEF)은 글로벌 GDP의 55%인 44조 달러가 자연에 중대하게 의존한다고 분석했다. 더 직접적인 증거도 있다. 생물다양성 리스크가 높은 기업의 대출 부도율이 30% 더 높고, 유럽중앙은행 분석에 따르면 단 10개 은행이 유로존 생물다양성 손실의 40%를 좌우한다. 쿤밍 생물다양성 선언 직후 관련 기업 주가가 즉각 하락한 것은 시장이 이미 자연 리스크를 가격에 반영하기 시작했다는 신호다.선도 기업의 대응도 주목할 만하다. 볼보 그룹은 2024년 6월 TNFD를 채택하고 원자재 공급망의 생물다양성 의존도를 정량화하기 시작했다. 더 인상적인 것은 호주 포리코의 사례다. 포리코는 파산한 전통 임업 자산을 인수한 후 50%를 생물다양성 보전에 할당하면서도 수익성을 입증했다. 세계 최초로 기후변화 관련 재무정보공개 협의체(TCFD)와 TNFD 통합 보고서를 발간하며 ‘자연 긍정적 접근이 곧 비즈니스모델’임을 증명했다.일본 리코는 쿤밍-몬트리올 글로벌 생물다양성 프레임워크에 맞춰 2050년까지 자연 긍정 달성과 산림벌채 제로를 목표로 설정했다. 제조업의 물 리스크는 특히 심각하다. 반도체 공장 한 곳에서 하루 1000만 갤런(약 3800만 리터)의 초순수가 필요한데, 1000갤런의 초순수를 생산하려면 1400~1600갤런의 일반 용수를 사용해야 한다. 소니 반도체 나가사키 공장이 제조 폐수의 80%를 재활용하는 것은 단순히 환경을 보호하겠다는 구호가 아닌 비즈니스 연속성 확보 차원이다. 독일의 한 화학·제약 기업이 TNFD 파일럿을 통해 108개 생산시설 중 10개가 핵심 생물다양성 지역 1km 안에 있다는 것을 발견한 사례는 위치 기반 리스크 분석의 중요성을 보여준다.한국의 현실은 우려스럽다. 940개가 넘는 글로벌 TNFD 포럼 멤버 중 한국 기업은 5개에 불과하다. 상장사 178개 중 TNFD를 언급한 곳은 32개(18%), LEAP 접근법 사용을 선언한 곳은 24개(13.5%)뿐이다. 그나마 삼성바이오로직스가 물, 폐기물, 생물다양성을 주요 리스크로 식별하고 2025년 시나리오 분석을 계획한 것이 돋보인다. 한국의 ‘오버슈트 데이(Overshoot day, 지구가 한 해 동안 소비할 수 있는 자원을 인류가 모두 소진하는 날)’가 4월 4일로 세계에서 가장 빠르게 자원을 소진하는 것으로 분석되고 있어 제조업이 GDP의 28%를 차지하는 상황에서 이는 심각한 경쟁력 격차로 이어질 수 있다. 투자자들의 대응은 양극화되고 있다. 114개 금융기관이 15조9000억 달러를 운용하며 TNFD를 채택했지만, 2024년 생물다양성 관련 주주제안 18개는 모두 부결됐다. 블랙록, 뱅가드, 스테이트 스트리트가 80~100% 반대표를 던진 것이다. 하지만 이는 오히려 기회다. 시장이 그린워싱과 실질적 자연자본 관리를 구분하기 시작했다는 의미다. 순수 생물다양성 펀드는 15개에 10억 달러로 미미하지만, 관련 환경 펀드 134개가 600억 달러를 운용 중이다.투자 기회는 명확하다. 첫째, 순환경제가 4조5000억 달러 시장을 열고 있다. 전기로 철강 재활용이 온실가스 86%, 물 사용 40%, 수질오염 76%를 줄이는 것처럼 제조업 패러다임이 바뀌고 있다는 점에 주목해야 한다. 둘째, TNFD의 적극적인 기업을 찾아야 한다. 위치 기반으로 자연 의존도를 정량화하고 리스크를 관리하는 기업이 결국 살아남는다. 셋째, 데이터 솔루션에 주목해야 한다. 생물다양성 방법론의 어려움으로 인해 측정 시장 역시 급성장할 것으로 예상된다. 2025년은 분수령이 될 것이다. EU 기업지속가능성 보고지침(CSRD)이 TNFD 14개 권고 사항을 모두 포함시켰고, 네이처 포지티브 이니셔티브가 자연 상태 측정 표준을 확정할 예정이다. 한국 기업에 남은 시간은 많지 않다. 생물다양성 재원 갭 16억 달러를 메우려면 민간투자가 필수다. 물 한 방울이 반도체 공장을 멈추고, 공급망 단절이 제조업을 마비시키는 시대에 TNFD는 더 이상 선택이 아닌 생존의 문제다. 투자 포트폴리오가 자연자본 리스크에 준비되어 있는지 고민해야 할 시점이다. 김준섭 KB증권 ESG리서치팀장",https://www.hankyung.com/article/202506233688i,2025.07.03 06:02
"코스피, 기관 매도에 2600선 탈환 실패…'인적분할' 삼바 6%↓",,"사진=연합뉴스

                코스피가 2600선 회복에 실패했다. 기관의 순매도 때문이다. 대형주 중에서는 삼성바이오로직스가 6% 가까이 급락했다.23일 코스피는 전일 대비 1.58포인트(0.06%) 내린 2592.09에 마감됐다.개인이 유가증권시장에서 1339억원어치 주식을 샀지만, 기관과 외국인이 각각 1039억원어치와 565억원어치를 팔았다. 다만 외국인은 코스피200선물을 4190억원어치 순매수했다.시가총액 상위 종목들은 대체로 하락했다.특히 삼성바이오로직스가 5.93%나 빠졌다. 전날 인적분할 계획을 공시한 영향으로 보인다.미국 인플레이션감축법(IRA) 상의 보조금을 축소하는 내용을 담은 공화당의 감세안이 하원을 통과한 영향으로 LG에너지솔루션(-2.37%), 현대차(-1.37%), 기아(-2.35%)도 크게 하락했다.삼성전자는 0.91% 빠졌지만, SK하이닉스는 1.57% 올랐다.트럼프 대통령이 원자력 확대를 위한 행정명령에 서명할 것이란 소식이 전해지면서 두산에너빌리티는 6.67% 상승했다.코스닥은 전일 대비 1.69포인트(0.24%) 내린 715.98에 마감됐다. 이 시장에서는 개인과 기관이 각각 408억원어치와 237억원어치를 사들였고, 외국인은 269억원어치를 팔았다.코스닥 시가총액 상위 종목은 혼조세였다.미 감세안의 하원 통과 영향으로 에코프로비엠과 에코프로는 각각 4.57%와 4.84% 빠졌다.반면 펩트론은 5.01% 올랐다. 파마리서치(2.16%), 휴젤(0.98%), 클래시스(1.37%) 등 미용의료 관련 종목들도 강세였다.서울외환시장에서 원·달러 환율은 전일 대비 8.6원(0.62%) 내린 달러당 1374.1원에 거래되고 있다.한경우 한경닷컴 기자 case@hankyung.com",https://www.hankyung.com/article/2025052321126,2025.05.23 15:42
"08일, 기관 거래소에서 삼성전자(0.00%), NAVER(-5.22%) 등 순매도",,"기관 투자자는 08일 거래소에서 삼성전자, NAVER, 기아 등을 중점적으로 매도한 것으로 나타났다.기관 투자자의 순매도 상위 20개 종목은 삼성전자, NAVER, 기아, KODEX 200선물인버스2X, 카카오, 삼성SDI, 한화에어로스페이스, HD현대중공업, LG화학, SK등이다.이중에 운수장비 업종에 속한 종목이 5개 포함되어 있다.HD현대중공업, LG화학, SK 등은 전일 대비 주가가 상승했고, NAVER, 기아, KODEX 200선물인버스2X 등은 주가가 하락했다.[05월08일]거래소 기관 순매도 상위 종목한경로보뉴스이 기사는 한국경제신문과 금융 AI 전문기업 씽크풀이 공동 개발한 기사 자동생성 알고리즘에 의해 실시간으로 작성된 것입니다.",https://www.hankyung.com/article/202505081030L,2025.05.08 18:35
트럼프 관세 유예에 코스피 5%대 급등…'매수 사이드카' 발동,SK하이닉스 13% ↑,"사진=연합뉴스

                코스피가 10일 장 초반 5%대 급등세를 보이고 있다. 도널드 트럼프 미국 대통령이 중국을 제외한 모든 국가에 대한 상호과세를 90일간 유예한다고 발표한 영향이다.이날 오전 9시16분 현재 코스피는 전일 대비 118.37포인트(5.16%) 오른 2412.07에 거래되고 있다. 개장 직후 코스피200지수가 5% 넘게 치솟으면서 프로그램매매 매수 호가 효력이 정지되는 '매수 사이드카'가 발동되기도 했다.  외국인이 유가증권시장에서 1070억원어치 현물주식과 코스피200 선물 4594억원어치를 순매수하고 있다. 기관은 269억원어치를 사고 있다. 반면 개인은 1324억원어치를 파는 중이다.미국의 관세가 유예되자 외국인의 위험자산 선호 심리가 급격하게 되돌아온 것으로 보인다.시가총액 상위 종목 중에선 삼성바이오로직스를 제외하면 모두 급등세다. 특히 미국의 관세로 증시가 충격을 받는 동안 낙폭이 컸던 SK하이닉스가 12.73%나 오르고 있다. 삼성전자도 5.85% 상승 중이다. 현대차와 기아는 각각 7.3%와 5.25% 오르고 있다.LG에너지솔루션(5.89%), 셀트리온(5.76%), 한화에어로스페이스(3.91%), KB금융(4.94%) 등도 상승 중이다.코스닥은 전일 대비 30.10포인트(4.68%) 오른 673.49에 거래되고 있다. 이 시장에서는 개인이 110억원어치 주식을 사고, 외국인과 기관은 각각 63억원어치와 18억원어치를 팔고 있다.코스닥 시가총액 상위 종목도 대부분 급등세다. 알테오젠은 6.91%, 에코프로비엠은 7.39%, 에코프로는 7.74%, 레인보우로보틱스는 6.4%, 휴젤은 6.3%, 클래시스는 8.08% 상승 중이다.환율도 빠르게 안정되고 있다. 서울외환시장에서 원·달러 환율은 전일 대비 14.5원(0.99%) 내린 달러당 1457.5원에 거래되고 있다.뉴욕증시에서 주요 지수는 도널드 트럼프 미국 대통령이 중국을 제외한 모든 국가에 대한 상호관세를 90일간 유예하겠다고 밝힌 영향으로 폭등했다.9일(현지시간) 뉴욕증시에 다우존스30 산업평균지수는 전일 대비 2,962.86포인트(7.87%) 오른 40,608.45에, 스탠더드앤드푸어스(S&P) 500 지수는 474.13포인트(9.52%) 급등한 5,456.90에, 기술주 중심의 나스닥 지수는 1,857.06포인트(12.16%) 급등한 17,124.97에 각각 거래를 마쳤다.트럼프 대통령이 전 세계를 상대로 한 관세 전쟁에서 한 발 물러난 게 증시를 치솟게 했다. 트럼프 대통령은 이날 점심시간 직후에 자신의 SNS를 통해 중국을 제외한 모든 국가에 대해 90일간 상호관세를 유예하고 10%의 기본관세만 부과하겠다는 글을 올렸다.한경우 한경닷컴 기자 case@hankyung.com",https://www.hankyung.com/article/2025041023266,2025.04.10 09:24
,,,https://magazine.hankyung.com/business/article/202507158148b,
시리즈A 투자로 수백 배 성과…아치벤처파트너스의 남다른 투자원칙은,"세계 최대 바이오·헬스케어 시장인 미국에서 관련 투자 생태계를 주도하는 아치벤처파트너스는 세계 1위 유전자 분석업체 일루미나를 비롯해 빅파마에 거액에 매각된 주노, 리셉토스, 카루나 등 신약 스타기업에 초기부터 투자해 수십 배에서 수백 배에 달하는 수익률을 거둔 것으로 알려졌다.",,https://www.hankyung.com/article/202504305728i,2025.05.02 08:15
K-제약·바이오 업황 회복 기대…국내기업 실적 서프라이즈에 전방위 랠리 이어져,,"최근 국내 제약·바이오 업종은 글로벌 실적 회복 기대와 기술 수출 성과가 맞물리며 상승 분위기를 이어가고 있다. 지난 1분기 국내 상장 제약·바이오기업의 절반 이상이 매출 증가세를 달성했으며, 영업이익 증가율은 평균 58.6%에 달했다. 특히 매출과 이익 모두 두 자릿수 상승을 기록한 기업이 약 60%에 달해 전반적인 사업 체력이 회복되고 있다는 평가가 나온다.이러한 흐름의 중심에는 신약 파이프라인 경쟁 심화가 있다. 특히 GLP-1 기반 비만·당뇨 치료제, JAK 억제제 및 면역항암제 등 혁신 제품의 임상과 상용화가 본격화되며 관련 국내 기업들의 주가가 동반 강세를 보이고 있다. 여기에 미국 FDA 심사 지연과 가격 인하 리스크가 일부 해소된 점도 투자 심리 개선에 기여했다.또한 주요 상장사 7곳의 상반기 매출 합계는 약 8조 7,280억 원에 이르는 등, 업계 대표 종목들의 실적 견조함도 분위기 띄우기에 한몫하고 있다. 삼성바이오로직스, 셀트리온, 유한양행, 한미약품 등 주요 기업들이 고른 성장을 보였고, 특히 CDMO(위탁생산)와 기술수출을 통한 라이선스 수익 증가가 실질적인 성장 요인으로 작용했다.이로 인해 제약·바이오 업종은 구조적 반등 국면에 진입했다는 진단이 시장에서 확산되고 있다. 오죽하면 업계 전체가 “2분기 실적 훈풍 예고”라는 평가를 받을 정도로 기대감이 커졌다. 다만 전문가들은 글로벌 금리·관세, 약가 정책 리스크는 여전히 변수로 남아있으며, 특히 기술 수출 계약 실현, 파이프라인 성숙 여부, 글로벌 임상 결과 등에 따라 단기 변동성도 충분히 가능하다고 지적한다.결국 최근 제약·바이오 업종 랠리는 ▶매출·영업익 회복을 동반한 실적 서프라이즈 ▶혁신 신약 파이프라인 기반 기술수출 기대 ▶CDMO 등 구조적 사업 성장 흐름의 삼중 결합이 원동력이다. 투자자들은 향후 주요 빅파마 실적 발표, 국내 개발사 임상 성과, 글로벌 정책 변화 등을 중심으로 얽힌 실질 모멘텀의 지속 여부를 면밀히 관찰하는 전략이 유효할 것으로 보인다.신성에스티, 미트박스, 한국가스공사, 한국항공우주, 크래프톤무료상담",https://www.hankyung.com/article/202507174088a,2025.07.17 14:23
,,,https://magazine.hankyung.com/business/article/202505265967b,
조선업 관련주의 이것이 궁금하다?,,"조선업 관련주는 트럼프수혜주로 꼽히는 업종이다. 이에 따라 조선업 관련주에 투자자들이 주목하고 있다. 이에 따라 조선업의 신용융자현황의 궁금증도 크게 궁금해하는 모습이다.특히 주식 투자자들에게 신용융자현황은 시장이나 주식이 크게 변동할 때 참고해야 할 지표로 꼽히고 있다.조선업 주요종목들의 신용융자잔고 현황은 아래와 같다.공여율: 하루 거래량 중 신용융자거래가 차지하는 비중잔고비율: 상장된 총 주식 신용융자로 매수한 주식 수량의 비율




 

삼성중공업 신용융자잔고 11,121,144주, 잔고비율 1.26%, 공여비율 25.25%한화오션 신용융자잔고 4,174,747주, 잔고비율 1.35%, 공여비율 18.37%HD현대미포 신용융자잔고 453,249주, 잔고비율 1.13%, 공여비율 15.11%HD현대중공업 신용융자잔고 130,904주, 잔고비율 0.14%, 공여비율 8.66%HD한국조선해양 신용융자잔고 259,441주, 잔고비율 0.36%, 공여비율 4.96%(6월 19일 기준)한미약품, 삼성바이오로직스, 카페24, LG디스플레이, 고영무료상담",https://www.hankyung.com/article/202506207609a,2025.06.20 10:13
삼성바이오 '깜짝 실적'…올 매출 목표 6조원으로 상향,"상반기 매출 2.6조…23% 늘어
영업이익은 1조원 고지 '눈앞'
글로벌 CDMO 수주물량 급증","삼성바이오로직스가 올해 상반기 또다시 실적 신기록을 달성했다. 자회사 삼성바이오에피스를 제외하고도 창사 이후 최초로 2조원이 넘는 매출을 올렸으며 영업이익은 1조원에 육박했다. 회사는 연간 매출 목표를 약 6조원으로 상향 조정했다.





                삼성바이오로직스는 올 상반기 연결기준 매출 2조5882억원, 영업이익 9623억원을 냈다고 23일 공시했다. 전년 상반기 대비 매출은 23.0%, 영업이익은 46.7% 증가했다. 2분기 연결기준으로는 매출 1조2899억원, 영업이익 4756억원을 기록했다.연간 매출 증가율 전망치도 25~30%로 높였다. 지난 1월 회사는 올해 매출 전망치로 전년(4조5473억원) 대비 20~25% 성장을 제시한 바 있다. 변경된 목표치에 따르면 올해 예상 최대 매출은 5조9115억원이다.위탁개발생산(CDMO) 사업이 매출 상승을 이끌고 있다. 삼성바이오로직스는 자회사를 제외한 별도기준으로 상반기 매출 2조138억원, 영업이익 9071억원을 기록했다. 창사 이후 최초로 별도기준 상반기 매출이 2조원을 돌파했다. 삼성바이오로직스 관계자는 “견조한 사업 기반, 글로벌 고객사와의 지속적인 관계를 바탕으로 글로벌 수주 물량이 늘어나고 있다”며 “최근 성장세는 2023년 6월 가동을 시작한 4공장이 빠르게 가동을 확대(램프업)한 영향”이라고 설명했다. 삼성바이오로직스는 올해 1월 유럽 제약사와 역대 최대인 2조747억원 규모 위탁생산 계약을 체결했다. 올해 상반기 누적 수주액만 3조3550억원으로, 지난해 수주액(5조4035억원)의 62%에 달했다.바이오시밀러(바이오의약품 복제약) 개발사 삼성바이오에피스의 2분기 실적은 전년 동기 대비 하락했다. 2분기 매출은 4010억원, 영업이익은 898억원으로 전년 같은 기간보다 각각 24.3%, 65.0% 줄었다. 삼성바이오로직스 관계자는 “지난해 2분기 마일스톤(단계적 기술료) 2205억원이 수익에 잡혀서 생긴 기저효과”라며 “마일스톤을 제외한 매출은 전년 동기 대비 28% 늘었다”고 말했다.오현아 기자 5hyun@hankyung.com",https://www.hankyung.com/article/2025072375631,2025.07.23 17:27
"코스피, 장중 상승폭 축소해 2530선 후퇴…조선株 강세",,"사진=연합뉴스

                코스피지수가 25일 미국발(發) 훈풍과 긍정적 한·미 관세 협상 분위기에 힘입어 강세로 출발한 후 오름폭을 소폭 축소해 2530선에서 움직이고 있다.이날 오전 10시59분 현재 코스피지수는 전 거래일보다 15.65포인트(0.62%) 오른 2537.98을 기록하고 있다. 이날 지수는 0.88% 오름세로 출발한 후 한때 1.22%까지 상승폭을 확대하기도 했다. 유가증권시장에서 외국인과 기관이 각각 741억원과 2287억원어치를 사들이고 있다. 반면 개인은 2993억원어치를 팔아치우고 있다.  이날 새벽 뉴욕증시는 미국과 주요국의 협상이 시작된 가운데 관세 완화 기대가 반영되면서 사흘 연속 강세로 마감했다. 도널드 트럼프 미 대통령이 자동차 부품에 대한 관세 일부를 면제할 것이라고 발언한 점도 투자심리를 개선하는 데 일조했다. 우량주 30개를 묶은 다우지수는 전장 대비 1.23% 올랐고, 나스닥종합지수와 S&P500지수도 각각 2.74%와 2.03% 상승했다.코스피 시가총액 상위 종목 중 삼성전자, SK하이닉스, 현대차, 셀트리온, KB금융, 네이버, 신한지주 등이 올랐다. 반면 삼성바이오로직스, 한화에어로스페이스, 기아 등은 내리고 있다.조선주는 존 펠란 미 해군성 장관의 방한 소식에 동반 강세다. 한화오션(8.03%)을 비롯해 HD현대중공업(4.79%), HD한국조선해양(4.01%), HJ중공업(2.2%), HD현대미포(1.83%) 등이 일제히 오르고 있다.반면 카카오는 4%대 약세를 나타내고 있다. 이날 SK텔레콤이 보유하고 있는 카카오 지분 전량(1081만8510주)을 블록딜(시간외 대량매매) 방식으로 처분한다는 소식이 영향을 준 것으로 풀이된다.코스닥지수는 3.11포인트(0.43%) 오른 729.19를 나타내고 있다. 코스닥시장에서는 개인과 외국인이 각각 218억원과 88억원어치를 사들이는 반면 기관이 248억원어치를 팔아치우고 있다.코스닥 시총 상위 종목 중 에코프로비엠, 펩트론, 삼천당제약 등이 오르는 반면 알테오젠, HLB, 레인보우로보틱스, 휴젤, 리가켐바이오, 파마리서치, 코오롱티슈진 등이 내리고 있다.반도체 장비 기업 리노공업은 5대 1 액면분할을 단행한 후 첫 거래일을 맞은 이날 현재 6%대 강세를 보이고 있다.이날 서울 외환시장에서 원·달러 환율은 전장보다 3원 내린 1432원으로 개장했다.고정삼 한경닷컴 기자 jsk@hankyung.com",https://www.hankyung.com/article/2025042555846,2025.04.25 11:16
삼성바이오로직스 CRO로 사업 확장…오가노이드 신규 서비스,,"삼성바이오로직스, 신규 서비스 삼성 오가노이드 론칭

삼성바이오로직스가 위탁개발생산(CDMO)을 넘어 임상시험수탁(CRO) 서비스까지 사업 포트폴리오 확장한다.삼성바이오로직스는 오가노이드를 통한 약물 스크리닝 서비스인 '삼성 오가노이드(Samsung Organoids)'를 론칭했다고 16일 밝혔다. 고객사의 신약 후보물질 발굴 단계부터 협업을 시작함으로써 향후 신약 생산 단계까지 고객을 묶어두는 ‘조기 락인(lock-in)’효과를 거둔다는 구상이다. 특히 미국 식품의약국(FDA), 유럽의약품청(EMA) 등 글로벌 주요 규제기관으로부터 359건의 제조승인을 획득한 바 있는 우수한 제조관리 기준(GMP) 운영 경험을 토대로 고품질의 샘플 처리, 완전무결한 데이터 관리 등의 역량으로 한 차원 높은 고품질의 오가노이드 서비스를 선보인다는 계획이다.삼성바이오로직스는 오가노이드 사업 분야 중 우선 '암 환자 유래 오가노이드(Cancer-derived-Organoid)'를 통한 항암 신약 후보물질 스크리닝에 주력한다. 이를 통해 낮은 환자 유사성, 비용 부담, 윤리적 문제 등의 단점을 안고 있었던 기존의 세포 또는 동물 모델을 활용한 후보물질 스크리닝을 대체해나간다는 구상이다. '장기(organ)'와 '유사함'을 뜻하는 접미사 '-oid'가 결합돼 명명된 오가노이드는 줄기세포 또는 조직 유래 세포를 3차원으로 응집해 배양한 '미니 장기 모델'을 뜻한다. 기존 실험방식보다 비용 부담은 적으면서도 85%에 달하는 높은 환자 유사성을 통해 후보물질의 효능과 독성을 보다 면밀하면서도 빠르게 확인할 수 있어 최근 시장의 주목을 받고 있다.  시장조사기관 리서치앤드마켓에 따르면 글로벌 오가노이드 시장 규모는 2024년 10억달러(약 1조3678억원)에서 연평균 22% 성장해 2030년 33억달러(약 4조5137억원)로 성장할 것으로 추산된다. 특히 지난 4월 FDA가 동물실험을 축소하고, 그 대체 방안으로 오가노이드 등을 장려한다는 계획을 내놓으면서 산업의 성장세가 더 가팔라질 것이라는 기대도 나온다.삼성바이오로직스는 이번 오가노이드 서비스 출시를 계기로 '글로벌 톱티어 CDMO'를 목표로 한 성장 전략에 속도를 낼 예정이다. '생산 능력·포트폴리오 다각화·글로벌 거점 확대'의 '3대축 성장 전략'을 토대로 오가노이드 외에도 항체·약물접합체(ADC), 아데노연관바이러스(AAV) 등 포트폴리오 확장을 위한 투자를 이어나갈 계획이다.존 림 삼성바이오로직스 대표는 “초기 개발 단계부터 신속하고 정확한 스크리닝 서비스를 제공함으로써 고객사의 개발 리스크는 줄이고 개발 속도는 높이는데 큰 도움이 될 것으로 기대한다”며 “고객 만족을 위해 고객사의 다양한 니즈를 충족할 수 있는 혁신적인 기술과 서비스의 개발에 더욱 매진해나가겠다”고 말했다.안대규 기자 powerzanic@hankyung.com",https://www.hankyung.com/article/202506166676i,2025.06.16 08:37
"K-제약·바이오 현장 인재, 실전으로 키운다","K-바이오, 세계를 선도하다","K-제약·바이오 산업은 최근 기술력과 생산능력 모두 세계적인 수준으로 급부상했다. 삼성바이오로직스는 단일공장 기준 세계 최대 생산규모를 자랑하며, 셀트리온과 SK바이오사이언스, 한미약품, 종근당 등 국내 대표 기업들이 글로벌 시장을 석권하며 위탁생산(CMO), 위탁개발생산(CDMO), 바이오신약 개발 분야에서 혁신적 성과를 창출하고 있다.하지만 이처럼 폭발적으로 성장하는 산업을 뒷받침할 '현장 실무형 인재'는 여전히 부족한 실정이다. K-제약·바이오 기업 현장에서는 기본적인 실험 기기 조작 능력과 GMP(우수제조관리기준)에 대한 이해, 정확한 데이터 작성 및 문서화 능력을 갖춘 인재를 찾기 어렵다는 절박한 목소리가 커지고 있다.이러한 간극을 해소하기 위해 '실전 몰입형' 교육이 절실하다. 한국폴리텍대학 분당융합기술교육원 생명의료시스템과는 기초부터 특화 과정까지 1,000시간의 집중 커리큘럼으로 구성된 하이테크 과정을 통해, K-제약·바이오 산업 현장에 즉시 투입 가능한 핵심 인력을 전략적으로 양성하고 있다.특히 실험 중심 교육과 개인 맞춤형 실습, 직무 포트폴리오 작성은 기업이 갈망하는 인재 역량을 완성시킨다. 학부에서 접하기 어려운 고가 장비(HPLC, LC-MS/MS 등)를 능숙하게 다루며, 실제 시료 분석과 시험법 밸리데이션까지 현장 수준으로 수행한다. 분자생물학 실습에서는 대장균을 이용한 클로닝과 단백질 발현·정제를 직접 주도하고, 동물세포 배양부터 항체 정제 및 면역진단까지 전 과정을 독립적으로 완수하며 실무 역량을 극대화한다.수료생들의 생생한 후기는 이 교육 방식의 압도적인 효과를 증명한다. 제일약품 QC 부서에 취업한 한 졸업생은 ""학부 시절 면접에서 HPLC 경험이 없다는 이유로 탈락한 뒤, 실무 경험의 절대적 필요성을 깨달았다. 교육 수료 후에는 자소서에 쓸 차별화된 경험이 넘쳐났다""고 강조한다. 삼성바이오로직스 공정엔지니어링 직무에 성공적으로 입사한 또 다른 졸업생은 ""정제, 연질, 경질 제형에 대한 HPLC 밸리데이션을 포트폴리오로 체계화해 면접에서 결정적인 호응을 얻었다""고 밝혔다. 그는 10개의 실험 포트폴리오를 전략적으로 구성해 지원할 때마다 첨부했고, 서류합격률이 획기적으로 향상되었다고 덧붙였다.이러한 교육은 '현장 역량 강화를 통한 절대적 자신감'을 핵심 경쟁력으로 만든다. 졸업생들은 자소서 첨삭과 실전 면접 훈련, 실제 기업의 면접 문항 분석 등 체계적인 취업지원 시스템을 통해, 자신만의 독보적인 실험 스토리와 포트폴리오를 구축한다. 면접에서 ""실무 경험이 있습니까?""라는 질문에 구체적 사례와 함께 단호히 답할 수 있는 결정적 우위를 확보하게 된다.K-제약·바이오 산업이 갈망하는 인재는 이론에만 강한 연구자도, 단기 경험만 있는 인턴도 아니다. 실험실에서 발생하는 오염 문제를 완벽히 해결하고, 첨단 분석 기기를 정밀하게 운용하며, 데이터를 철저하게 문서화할 수 있는 ""검증된 실전형 전문가""이다.한국폴리텍대학 분당융합기술교육원 생명의료시스템과는 산업이 절실히 원하는 이 인재상에 정확히 맞춰, 학생 한 명 한 명을 1:1 맞춤형 실험과 철저한 피드백을 통해 탁월하게 육성하고 있다. 교육은 실험실을 넘어 산업 현장까지 확장된다. 2019년부터 K-제약·바이오 기업의 현직 전문가를 초빙하여 GMP 집중 교육을 전개하고 있으며, 현장에서 즉시 필요한 문서작성, 공정관리, 오염관리 등의 핵심 내용을 실시간으로 반영하고 있다. 이를 통해 취업 후에도 신입사원이 GMP 환경에서 완벽하게 업무를 시작할 수 있도록, 교육 내용을 지속적으로 혁신하고 있다.K-제약·바이오 산업의 글로벌 경쟁력은 결국 사람에서 비롯된다. 첨단 기술을 완벽히 이해하는 손, 현장의 문제를 신속히 해결하는 두 발, 그리고 다양한 직무와 유기적으로 협업할 줄 아는 열린 사고를 가진 인재가 절실하다. 한국폴리텍대학 분당융합기술교육원 생명의료시스템과는 이러한 실전형 인재를 전략적으로 양성함으로써, K-제약·바이오 산업의 글로벌 리더십 강화에 결정적으로 기여하고 있다.",https://www.hankyung.com/article/202504165944P,2025.04.16 16:33
"[속보] 코스피, 3년5개월 만에 장중 3000선 돌파",코스닥도 '상승',"코스피가 개인 매수세에 힘입어 3000선을 돌파한 20일 오전 서울 중구 하나은행 본점 딜링룸 전광판에 코스피 지수가 표시되고 있다. /사진=뉴스1

                코스피지수가 새 정부 증시 부양 기대감에 장중 3000선 탈환에 성공했다. 20일 오전 11시 현재 코스피는 전일 대비 25.65포인트(0.86%) 오른 3003.39를 가리키고 있다. 장 초반 2970선에 머무르던 코스피는 점차 우상향하더니 10시46분께 3000선을 돌파했다. 코스피지수가 장중 3000선을 웃돈 건 코로나19 팬데믹 기간이었던 2022년 1월3일(장중 3010.77) 이후 3년5개월여 만에 처음이다. 코스피지수는 대선 직후인 지난 4일부터 이날까지 하루를 제외하고 상승 흐름을 이어왔다. 코스피지수 전고점은 문재인 정부 당시였던 2021년 6월25일(장중 3316.08) 3300선이다.'큰손' 외국인과 기관의 매수세가 유입되고 있다. 11시 현재 이들은 유가증권시장에서 35억원, 77억원을 순매수하고 있다. 장 초반 매도 우위를 보였지만, 점차 매수량을 늘려가며 순매수 전환했다. 개인도 70억원 순매수 중이다. 시가총액 상위주도 대부분 강세를 보이고 있다. SK하이닉스(3.05%), LG에너지솔루션(2.92%), HD현대중공업(2.32%), 셀트리온(1.62%), 삼성바이오로직스(1.5%)가 모두 빨간불을 켰다.코스닥 지수도 동반 상승하고 있다. 같은 시각 코스닥 지수는 전일 대비 6.18포인트(0.79%) 오른 788.69를 가리키고 있다. 장 초반 잠시 하락 전환했던 코스닥은 우상향하는 흐름을 보이고 있다.코스닥 시장에서 개인과 기관은 각각 214억원, 145억원을 순매수하고 있다. 외국인은 242억원을 순매도하고 있다. 다만 장 초반에 비해 순매도 규모는 줄었다. 레인보우로보틱스(6.96%), 삼천당제약(5.21%), 에코프로비엠(3.85%), 파마리서치(2.43%) 등 코스닥 시총 상위주도 상승 곡선을 그리고 있다. 원·달러 환율은 1372.9원을 가리키고 있다.진영기 한경닷컴 기자 young71@hankyung.com",https://www.hankyung.com/article/2025062080006,2025.06.20 10:46
"삼성, '파운드리 교훈' 바이오에 심었다",,"영상 모듈 닫기




<앵커>삼성그룹이 미래 먹거리인 바이오 사업을 그룹의 대표주자로 키워 반도체 신화를 재현하기로 했습니다.과거 파운드리 사례에서 얻은 교훈을 삼성바이오에 적용해 초격차 행보를 이어가겠다는 겁니다.자세한 내용 산업부 홍헌표 기자와 알아보겠습니다. 먼저 삼성바이오로직스의 분할 내용 살펴볼까요?<기자>삼성바이오로직스가 인적분할 방식으로 '삼성에피스홀딩스'를 설립해 100% 자회사인 삼성바이오에피스를 떼어냅니다.삼성에피스홀딩스는 바이오시밀러 기업인 삼성바이오에피스를 완전 자회사로 편입할 예정입니다.바이오 의약품 위탁개발생산(CDMO) 사업과 바이오시밀러 사업을 완전 분리하기로 한겁니다.앞으로 삼성바이오로직스는 위탁생산에만 집중하고, 에피스는 신약개발에 집중하는 바이오시밀러 회사로 키운다는 전략입니다.반도체 분야로 비유하면 기존 삼성바이오로직스가 삼성전자와 같은 종합반도체 회사였다면 이제 바이오로직스는 TSMC처럼 위탁생산만 하고, 에피스는 새로운 것을 개발하는 엔비디아 같은 회사로 이해하면 됩니다.<앵커>삼성그룹 차원에서 보면 그룹 대표사업을 반도체 뿐 아니라 바이오로도 확장하겠다는 의도로 보이는군요?<기자>삼성그룹은 故 이건희 회장 시절부터 바이오를 미래 먹거리로 삼았습니다.지난 2010년 당시 이건희 회장은 ""삼성의 주력상품인 스마트폰, LCD 등도 10년 내에 따라잡힐 수 있다""면서 ""새로운 먹거리를 발굴해야 한다""고 말했습니다.이때 과거 미래전략실에서 꼽은 5대 사업 중 하나가 제약바이오였습니다.삼성바이오로직스는 2011년 설립됐고, CDMO 회사로 출발했습니다.제약바이오 분야는 신약을 개발하는데 오랜시간과 천문학적인 비용이 들기 때문에 성과를 빠르게 낼 수 있는 위탁생산에 집중하는 전략이었습니다.회사 설립 5년만인 2016년부터 흑자를 내기 시작했고, 2020년에는 매출 1조원을 처음으로 넘었고, 지난해에는 4조5천억원을 기록했습니다.특히 CDMO에서 빠른 추격자를 넘어 초격차를 실현하기 위해 생산능력을 빠르게 키웠습니다.1~4공장에 이어 올해 가동을 시작한 5공장까지 더하면 생산능력은 총 78만4천리터로 세계 최대 CDMO회사인 론자(78리터)를 뛰어넘게 됩니다.또 오는 2032년에 8공장까지 완성되면 생산능력은 132만리터에 달하게 됩니다.<앵커>이번 분할의 목적이 위탁생산을 맡기는 고객사의 우려를 잠재우기 위한 목적도 있는데, 삼성 파운드리 사례에서 교훈을 얻은 것 같군요?<기자>삼성바이오로직스는 이번 사업 분할 결정에 대해 고객의 잠재적인 우려를 불식시키겠다는 의도가 있다고 밝혔습니다.삼성바이오는 위탁생산과 바이오시밀러 개발을 함께했기 때문에 위탁을 맡기는 회사 입장에서는 바이오시밀러 경쟁자를 키워주는 것 아니냐는 지적이 있었기 때문입니다.과거 삼성 파운드리가 겪었던 고객과의 신뢰문제를 반복하지 않겠다는 겁니다.세계 최대 파운드리 기업인 대만의 TSMC는 ""고객과 경쟁하지 않는다""는 원칙으로 잘 알려져 있습니다.그런데 삼성전자는 반도체 사업부 안에 개발을 담당하는 시스템 LSI와 파운드리가 함께 있어 혹시 기술이 유출되는 것 아니냐는 우려가 존재합니다.또 과거 삼성 파운드리의 주고객사였던 애플이 '삼성전자가 아이폰 출시시점을 미리 알고, 갤럭시 출시를 준비한다'는 의심을 해 이후 거래가 끊기는 일도 있었습니다.삼성바이오로직스는 글로벌 고객사와의 신뢰를 강화하기 위해 분할 결정을 내렸다고 밝혔습니다.이번 분할로 바이오에피스는 독립적인 의사결정 체계를 갖춘 바이오시밀러 회사로 거듭나게 됩니다.온전히 개발에 집중해 바이오시밀러 뿐 아니라 오리지널 바이오의약품 개발 성공을 위해 공격적인 투자에 나선다는 방침입니다.<앵커>잘 들었습니다.홍헌표기자 hphong@wowtv.co.kr",https://www.hankyung.com/article/2025052201455,2025.05.22 17:16
"인천시·인하대 ""바이오 전문인력 육성 나선다""...국비 116억 확보",,"인하대

                인하대는 정부의 ‘첨단산업 특성화 대학 재정지원 사업’에 선정돼 국비 116억원을 확보했다.인천시는 매칭 예산을 투입해 인하대의 바이오 분야 전문인 양성교육사업에 힘을 보태기로 했다.16일 인천시와 인하대에 따르면, 올해 신설된 인하대 첨단바이오의약학과의 바이오 교육 프로그램을 강화해 4년 동안 총 280명의 바이오산업 전문 인력을 양성한다.인공지능(AI) 기반의 바이오공정 융합 전공을 운영해 바이오산업 현장에서 즉시 활용할 수 있는 융합형 전문 인재 육성이 목표다.교육과정은 산업계 수요를 반영한 실무 중심으로 구성될 것으로 전망된다. K-NIBRT(한국형 바이오공정연구소) 기반의 실습 프로그램과 글로벌 장비 기업과 연계한 비교과 교육과정도 함께 운영된다.바이오 공정 교육 전문 건물을 증축해 첨단 실습시설을 확충하고 실습 중심의 차세대 교육환경도 조성한다. 시와 인하대는 삼성바이오로직스와 셀트리온 등 지역의 바이오기업과 연계해 산·학·연·병 협력체계도 구축하기로 했다.시는 인천 바이오 국가첨단전략산업 특화단지에 있는 바이오 전문기업들과 협력하면 지역 바이오산업 생태계에 긍정적인 영향을 미칠 것으로 기대하고 있다.인천시 관계자는 ""지역 기업들이 필요로 하는 바이오 전문 인재를 안정적으로 공급할 수 있는 기반을 마련했다는 점에서 의미가 크다""고 말했다.인천=강준완 기자",https://www.hankyung.com/article/202506166994h,2025.06.16 10:12
"코스피, 3거래일 만에 반등…3070선 회복","코스닥은 약보합
원·달러 환율 1350원까지 '하락'","사진=연합뉴스

                코스피가 3거래일 만에 반등하며 3070선을 회복했다. 코스닥 지수는 소폭 하락하며 마감했다.30일 코스피는 전 거래일 대비 15.76포인트(0.52%) 오른 3071.7에 마감했다. 지수는 장중 3086까지 올랐지만, 상승분을 일부 반납하며 3070선 초반에서 거래를 마쳤다. 코스피는 3일 만에 반등에 성공했다.코스닥 지수는 전장 대비 0.06포인트(0.01%) 하락한 781.5에 거래를 마쳤다. 장중 784.65까지 상승했지만, 오후 들어 우하향하며 보합권까지 밀렸다.유가증권시장에서 기관과 개인은 각각 4527억원, 2572억원을 순매수했다. 외국인은 6880억원을 순매도했다.코스닥 시장에서도 기관은 홀로 544억원을 순매수했다. 개인과 외국인은 각각 237억원, 30억원 매도 우위를 보였다.시가총액 상위주는 혼조세를 보였다. 두산에너빌리티는 3.95% 올랐다. 이재명 대통령이 김정관 두산에너빌리티 사장을 신임 산업통상자원부 장관 후보자로 지명한 영향으로 보인다. 그 외 LG에너지솔루션(3.13%), SK하이닉스(2.82%), 네이버(1.94%), 삼성물산(1.64%), HD현대중공업(1.54%), 신한지주(1.49%)도 상승 마감했다.반대로 한화에어로스페이스(-4.72%), 삼성전자(-1.64%), 기아(-0.82%), 현대차(-0.73%), 삼성바이오로직스(-0.4%)는 하락했다.코스닥 시총 상위주의 흐름도 엇갈렸다. 펩트론(-8.15%)이 급락한 가운데 삼천당제약(-3.22%), 알테오젠(-2.23%), 리가 켐바이오(-1.88%)는 하락 마감했다. 반면 휴젤(5.15%), HLB(2.72%), 파마리서치(1.65%), 클래시스(1.13%)는 상승 마감했다.실리콘투(10.57%)를 비롯한 한국화장품(10.06%), 한국콜마(8.83%) 등 화장품주는 호실적 전망에 상승 곡선을 그렸다. 3분기 화장품 업종의 기업경기전망지수(BSI)는 113을 기록했다. 기준치(100)를 크게 웃돌았다. 올해 1월부터 5월까지의 화장품 수출액 증가율은 유럽 40.7%, 중동 65.6%에 달한다.강관 관련주도 상승했다. 미국이 한국의 알래스카 액화천연가스(LNG) 프로젝트에 참여 여부에 관심을 보인다는 소식이 전해지면서다. 동양철관(29.94%)은 상한가에 마감했고, 넥스틸(18.2%), 하이스틸(12.17%), 휴스틸(5.52%)도 급등세를 보였다.카카오페이(-8.91%), 더즌(-7.74%), 헥토파이낸셜(-4.71%) 등 스테이블코인 관련주도 급락했다. 스테이블코인 발행사인 서클의 주가가 급락하자 투자심리가 위축된 것으로 보인다. 27일(현지시간) 서클은 전일 대비 15.54% 급락했다.서울 외환시장에서 원·달러 환율은 전장 대비 7.4원 내린 1350원에 주간 거래를 마쳤다.이재원 신한투자증권 연구원은 ""2거래일 연속 쉬어갔던 코스피가 미국 증시 고점 경신 소식과 함께 반등했다. 코스닥 지수는 주도주가 없어 코스피에 비해 성과가 저조했다""며 ""코스피가 계속 오르기 위해선 관세, 실적 관련 우려가 해소될 필요가 있다""고 설명했다.진영기 한경닷컴 기자 young71@hankyung.com",https://www.hankyung.com/article/2025063089856,2025.06.30 15:46
"[속보] 코스피, 3020선 돌파 마감…3년 6개월 만","코스닥도 1%대 '상승'
원·달러 환율 1365.6원에 주간 거래 마쳐","사진=연합뉴스

                코스피지수가 20일 ‘3000피’(코스피지수 3000)로 복귀해 장을 마쳤다. 코스닥 지수도 1% 넘게 오르며 800선을 바라보고 있다.20일 코스피는 전일 대비 44.1포인트(1.48%) 뛴 3021.84에 마감했다. 2970선에서 거래를 시작한 코스피는 장중 우상향하는 흐름을 보였다. 오전 10시46분께 3000선을 돌파했고, 마감 직전 3022.06으로 고점을 경신하기도 했다. 코스피는 이날까지 5거래일 연속 상승세를 이어갔다.'큰손' 외국인과 기관의 매수세가 지수를 끌어올렸다. 외국인과 기관은 각각 유가증권시장(한국거래소 기준)에서 5619억원, 380억원을 순매수했다. 장 초반에는 매도 우위를 보였지만, 장중 순매수 전환했다. 개인은 홀로 6021억원을 순매도했다.대선 후 코스피는 꾸준히 오르고 있다. 정치적 불확실성 완화, 증시 부양 정책 기대감이 반영된 것으로 해석된다. 새 정부는 불공정거래 원스트라이크 아웃, 상법 개정, 배당소득 분리 과세 등을 추진하고 있다. 코스피 전고점은 문재인 정부 당시였던 2021년 6월25일(장중 3316.08) 3300선이다.코스피 시가총액 상위주는 대부분 상승했다. 카카오(10.26%)는 10% 넘게 올랐으며 네이버(6.94%), LG에너지솔루션(4.81%), SK하이닉스(4.47%), HD현대중공업(2.9%), 삼성바이오로직스(1.7%), 현대차(1.45%), 셀트리온(1.25%), 삼성전자(0.51%)가 모두 빨간불을 켰다.중국 소비 회복·내수 부양 기대감에 화장품주도 일제히 급등했다. 바른손(29.95%), 한국화장품(29.95%), 코리아나(29.84%)는 상한가에 마감했다. 한국화장품제조(12.17%), 애경산업(9.62%), 아모레퍼시픽(9.15%), 코스맥스(8.97%)도 강세를 보였다.코스닥도 전일 대비 9.02포인트(1.15%) 오른 791.53에 거래를 마쳤다. 코스닥도 780선에서 거래를 시작했지만, 꾸준히 오르며 790선 위에서 마감했다. 코스닥 지수는 사흘 연속 상승 마감했다.코스닥 시장에서도 기관과 외국인은 각각 419억원, 302억원을 순매수했다. 개인은 670억원을 순매도하며 물량을 쏟아냈다.코스닥 시총 상위주도 불을 뿜었다. 에코프로비엠(12.21%)을 필두로 에코프로(7.14%), 레인보우로보틱스(6.23%), 삼천당제약(4.59%), 실리콘투(2.7%), 리노공업(1.98%), 파마리서치(1.11%), 알테오젠(0.78%)이 일제히 상승했다.원·달러 환율의 주간 거래 종가는 1365.6원이다. 전장 대비 14.6원 하락했다.이재원 신한투자증권 연구원은 ""정부가 대규모 추경을 의결했다. 잉여 유동성 증가 기대감이 주식시장 밸류에이션(실적 대비 주가 수준) 상승을 이끌었다""며 ""삼성전자의 반등이 시작된다면 지수가 추가 상승할 수 있다""고 했다.그러면서 ""삼성전자의 6세대 고대역폭메모리(HBM4) 품질 테스트 통과 여부를 확인해야 한다""며 ""2분기 실적과 7월 초 관세 협상이 주요 분기점이 될 전망""이라고 덧붙였다.진영기 한경닷컴 기자 young71@hankyung.com",https://www.hankyung.com/article/2025062089366,2025.06.20 15:32
"무빙스탁 이용하지 않으면 1년에 1,500만원 이자손해 봅니다",,"전송종목 : 삼성전자, SK하이닉스, LG에너지솔루션, 삼성바이오로직스, 현대차매일 4만 원씩, 1년이면 약 1,500만 원, 이 돈은 누구의 통장으로 들어갈까요?당신이 가만히 있는 순간에도, 고금리 증권사는 웃고 있습니다.최근 주식 투자자들 사이에서는 신용융자, 미수 등 증권사의 고금리 대출의 이자 부담이 뜨거운 감자로 떠오르고 있다.많은 투자자들이 “금리를 낮추고 싶다”고 말하지만, 기존 대출 상환 후 재매수라는 번거로운 절차에 자금 마련까지 어려워 그냥 방치하고 마는 경우가 다반사이다.이러한 고금리의 증권사 신용 및 담보대출 이용자들의 악순환을 끊을 방법이 생겼다.바로 무빙스탁의 ‘증권사 신용, 대환자금대출’ 서비스가 출시된 것이다.이 서비스는 보유 주식을 매도하지 않고, 기존 고금리 주식대출(신용/미수 등)을 연 3%대의 저금리 상품으로 전환할 수 있도록 상환자금을 지원하는 것이 핵심이다.무빙스탁 관계자는 “금리를 5%만 낮춰도, 신용대출 3억 원 기준 무려 1,500만 원의 이자 절감 효과가 있습니다.” 라고 밝혔다.더 놀라운 사실은, 지금 이벤트 기간 중 신청하면 대환자금 이자까지 0원이라는 점이다. 단 하루의 이자 부담도 없이, 기존 고금리를 완전히 벗어날 수 있는 절호의 기회이다.무빙스탁 ‘증권사 신용, 대환자금대출’의 비용 무료 이벤트는 이벤트 기간 동안 한정적으로 제공되는 만큼, 고금리의 신용융자를 이용 중인 투자자라면 지금 바로 확인해볼 필요가 있다.★ 장마감 시간이 가까워질수록 문의가 많아 상담이 지연될 수 있습니다.★ 5월 문의하신 고객들이 많이 보유하신 종목으로는 삼성전자, POSCO홀딩스, 셀트리온, 포스코퓨처엠, 에코프로비엠, NAVER, 에코프로, 삼성SDI, LG화학, SK하이닉스, 두산에너빌리티, 카카오, SK이노베이션, LG에너지솔루션, 엘앤에프, 삼천당제약, 현대차, 알테오젠, HPSP, LG전자 등이 있습니다.★ 안내사항과도한 빚은 당신에게 큰 불행을 안겨줄 수 있습니다. 대출 시 신용등급 하락으로 다른 금융거래가 제약받을 수 있습니다. 중개수수료를 요구하거나 받는 것은 불법입니다.상호명: ㈜단비대부 2021-서울영등포-2102(대부업) | TEL: 1544-4886 | 대출금리: 연 20%이내(연체금리는 약정금리+3%p이내, 최대 연 20%이내) | 단, 2021. 7. 7.부터 신규체결, 갱신, 연장되는 계약에 한함 | 채무의 조기상환 조건 및 부대비용 없음. (단, 신용조회비용 및 담보권설정비용 있음), 이자 외 별도로 중개수수료를 요구하거나 수취하는 것은 불법입니다. | 대표이사: 박동원 | 사업자등록번호: 274-86-00231 | 등록기관명칭: 서울 영등포구청(담당부서: 일자리경제과, 02-2670-3420) | 소재지 : 서울 영등포구 여의대방로67길 11, 5층 517호 | 개인정보관리자메일: help@danbifund.co.kr무료상담",https://www.hankyung.com/article/202505029951a,2025.05.02 13:06
"'파죽지세' 코스피, 한 박자 쉬어갈까…실적시즌 관망 심리 확산 [주간전망]","""이번주 코스피 예상 범위 3000~3250P""","사진=연합뉴스

                증권가는 이번주(21~25일) 코스피지수가 3200선 부근에서 박스권을 형성하면서 한 템포 쉬어가는 장세를 나타낼 것으로 예상했다. 미국 금융기업들을 중심으로 2분기 실적 시즌이 시작되는 가운데 각국 상호관세 협상도 지켜볼 가능성이 높다는 이유에서다.나정환 NH투자증권은 20일 이번주 코스피 예상 등락 범위를 3000~3250포인트로 제시하면서 ""풍부한 증시 대기자금이 있지만 미 중앙은행(Fed)의 금리인하 기대감이 축소된 데다 시장이 미국 상호관세 협상을 지켜볼 여지가 있다""고 분석했다.지난주 마지막 거래일 코스피지수는 미 물가 상승 우려가 증시 전반에 드리우면서 3200선 밑에서(3188.07포인트) 거래를 마감했다. 마땅한 재료 없이 새 정부 정책 기대감에 상단을 조금씩 높이면서 직전주 대비로는 0.38% 올랐다.이번주는 대외 요인에 촉각을 곤두세워야 할 것으로 보인다. 다음달 1일 상호관세 발효 시한이 가까워질수록 글로벌 증시가 경제지표 결과만큼 관세 협상의 결과에 영향을 받을 수 있기 때문이다. 앞서 도널드 트럼프 미국 대통령은 오는 8월1일부터 한국에 25% 상호 관세를 부과하겠다고 통보한 바 있다.이에 더해 미 정가에서는 한국이 미국과의 상호관세 협상을 아무리 잘해도 '두 자릿수 관세율'을 피하기는 쉽지 않을 것이라는 전망이 나오면서 시장 참여자들을 불안케 하고 있다.마이클 비먼 전 미국무역대표부(USTR) 대표보는 지난 17일(이하 현지시간) 공개된 한미경제연구소(KEI)의 인터넷 팟캐스트 방송에서 ""한국이 미국과 성공적으로 합의한다면 한국의 관세가 15~18% 정도가 될 가능성이 크다""며 ""이건 그냥 평균 관세율""이라고 밝혔다. 그는 트럼프 1기 행정부 당시 한국과 무역 협상을 직접 담당한 인물이다.그는 ""한국이 자동차, 철강과 다른 (품목별) 관세는 일부 조건을 완화할 수도 있을 것으로 생각하지만 그렇다고 해도 여전히 매우 큰 관세가 될 것""이라고 덧붙였다.이경민 대신증권 연구원은 ""투자자들의 기대를 넘어서는 관세 협상 결과가 발표되지 않는다면 트럼프 대통령의 강압적인 발언과 함께 선반영된 협상 기대감이 약화될 가능성이 있다""고 짚었다.미국을 시작으로 2분기 실적 시즌도 본격화한다. 오는 21일 버라이즌을 시작으로 제너럴모터스, 코카콜라, 텍사스인스트루먼트(22일), AT&T, IBM(23일), 인텔(24일) 등이 실적 발표를 준비하고 있다. 특히 23일 진행되는 알파벳과 테슬라의 실적 발표에선 빅테크 실적과 가이던스 조정 여부가 주목될 전망이다.국내에선 삼성바이오로직스(23일), SK하이닉스, 현대차, KB금융, HD현대중공업, 삼성중공업, LG생활건강(24일), 기아, LG에너지솔루션, 두산에너빌리티, 신한지주, 하나금융지주(25일) 등의 기업이 실적 발표를 대기하고 있다.나 연구원은 ""기업의 실적 가이던스가 하향 조정된다면 밸류에이션 논란을 부각시킬 수 있다""며 ""미국 내 기업들이 관세에 따른 비용 상승을 소비자에게 전가시켰는지 여부도 이번 실적에서 확인할 수 있을 것""이라고 설명했다.전문가들은 최근 코스피지수가 강세장을 나타낸 만큼 당분간 국내 증시가 저평가 종목의 키 맞추기로 순환매 장세를 연출할 것으로 내다봤다.이 연구원은 ""강세 업종을 추격 매수하는 것보다 리스크 관리와 순환매 차원에서 대응하는 것이 유효할 전망""이라며 ""소외 업종이었던 디스플레이, 2차전지, 건강관리 업종에 주목할 필요가 있다""고 말했다.나 연구원도 ""관세 우려에도 불구하고 현재 국내 증시 매수 자금은 풍부한 상황""이라며 ""실적 시즌 동안엔 주가가 많이 오른 업종 중 실적이 뒷받침되는 종목 중심으로 옥석 가리기가 나올 수 있다""고 덧붙였다.노정동 한경닷컴 기자 dong2@hankyung.com",https://www.hankyung.com/article/2025071866916,2025.07.20 08:00
"23일, 거래소 외국인 순매도상위에 운수장비 업종 7종목",,"외국인 투자자는 23일 거래소에서 삼성전자, SK하이닉스, 한화에어로스페이스 등을 중점적으로 매도한 것으로 나타났다.외국인 투자자의 순매도 상위 20개 종목은 삼성전자, SK하이닉스, 한화에어로스페이스, 현대로템, 삼성바이오로직스, 한국항공우주, 기아, HD현대일렉트릭, NAVER, 신한지주등이다.이중에 운수장비 업종에 속한 종목이 7개 포함되어 있다.삼성전자, SK하이닉스, 기아 등은 전일 대비 주가가 상승했고, 한화에어로스페이스, 현대로템, 삼성바이오로직스 등은 주가가 하락했다.[04월23일]거래소 외국인 순매도 상위 종목한경로보뉴스이 기사는 한국경제신문과 금융 AI 전문기업 씽크풀이 공동 개발한 기사 자동생성 알고리즘에 의해 실시간으로 작성된 것입니다.",https://www.hankyung.com/article/202504231507L,2025.04.23 18:35
"코스피, 외인 '사자'에 3210선 회복…개인은 1조 '차익 실현'","美 증시 혼조에도 상승
외인 8거래일째 순매수","사진=연합뉴스

                코스피지수가 21일 외국인 투자자의 매수세에 막판 뒷심을 발휘하면서 3210선을 회복하는 데 성공했다. 다만 개인투자자들이 차익 실현에 나서면서 지수의 상승폭은 제한적인 수준을 나타냈다.이날 코스피지수는 전날보다 22.74포인트(0.71%) 오른 3210.81로 거래를 마쳤다. 지수는 이날 0.1% 오름세로 출발 후 점차 상승폭을 확대했다.외국인이 대규모 물량을 담아내면서 지수 상승을 이끌었다. 유가증권시장에서 외국인과 기관이 각각 8960억원과 1013원어치를 사들였다. 외국인은 8거래일 연속 순매수 기조를 유지했다. 반면 차익 실현에 나선 개인이 1조596억원어치를 팔아치웠다. 지난 주말 미국 증시가 혼조로 마감했음에도 국내 증시는 상승세를 보였다. 지난 18일(현지시간) 다우존스30산업지수와 S&P500지수는 각각 0.32%와 0.01% 내렸다. 나스닥종합지수는 0.05% 상승했다.이경민 대신증권 연구원은 ""코스피에서는 최근 주가 상승에 대한 부담에도 불구하고 외국인이 8거래일 연속 매수세를 이어갔다""며 ""JP모건 등 외국계 투자은행의 2년 내 코스피 5000선 전망 등 지배구조 개혁에 대한 긍정적 의견들이 나오면서 상승 부담이 ""비싸다""는 인식으로 이어지지는 않은 모습""이라고 분석했다.코스피 시가총액 상위 종목 중 두산에너빌리티(5.56%) HD현대중공업(4.81%) LG에너지솔루션(2.64%) 한화에어로스페이스(2.57%) KB금융(1.41%) SK하이닉스(1.3%) 삼성전자(1.04%) 등이 오른 반면 삼성바이오로직스(-1.14%) 네이버(-0.83%) 현대차(-0.71%) 기아(-0.5%) 등이 내렸다.한화솔루션(7.37%)은 중국의 태양광 패널 감산 소식에 더해 흑자 전환 전망이 맞물리면서 강세로 마감했다. 씨에스윈드(10.9%)는 미국으로의 824억원 규모 윈드타워 공급 계약 소식이 투자심리를 일부 개선해 급등했다. 코스닥지수는 전날보다 1.02포인트(0.12%) 오른 821.69로 거래를 마쳐 3거래일 연속 상승세를 이어갔다. 코스닥시장에서는 개인과 기관이 각각 101억원과 111억원을 사들인 반면 외국인은 191억원을 팔아치웠다.코스닥 시총 상위 종목 중 에코프로(2.37%) 펩트론(2.21%) 파마리서치(1.23%) 에코프로비엠(1.07%) 레인보우로보틱스(0.91%) 클래시스(0.34%) 등이 오른 반면 HLB(-4.91%) 리가켐바이오(-2.71%) 휴젤(-2.36%) 알테오젠(-1.43%) 삼천당제약(-0.82%) 등이 내렸다.이날 서울 외환시장에서 원·달러 환율은 전장 대비 4.8원 내린 1388.2원으로 주간 거래를 마쳤다. 고정삼 한경닷컴 기자 jsk@hankyung.com",https://www.hankyung.com/article/2025072121606,2025.07.21 16:02
"코스피, 2560선 강보합권 등락…환율 6개월만에 1380원선 [영상]",,"영상 모듈 닫기








사진=연합뉴스

                코스피지수가 7일 장 초반 강보합권을 나타내고 있다. 국내 증시가 어린이날·석가탄신일 연휴로 휴장한 기간 동안 약세를 보인 미국 증시의 여파를 반영하는 모습이다. 원·달러 환율은 이날 25원 넘게 하락해 6개월 만에 1380원으로 거래를 시작했다.이날 오전 9시13분 현재 코스피지수는 전 거래일보다 3.8포인트(0.15%) 오른 2563.59를 기록하고 있다. 이날 지수는 0.67% 오름세로 출발한 후 빠르게 상승폭을 반납하고 있다. 유가증권시장에서 외국인과 기관이 각각 205억원과 759억원 매수 우위인 반면 개인이 842억원 매도 우위다. 이날 새벽 뉴욕증시의 주요 3대 지수는 일제히 약세로 마감했다. 우량주 30개를 묶은 다우지수는 전장 대비 0.95% 하락했고 나스닥종합지수와 S&P500지수도 각각 0.87%와 0.77% 내렸다. 미 중앙은행(Fed)의 기준금리 발표를 하루 앞두고 트럼프 대통령의 관세 불확실성이 지속된 영향으로 풀이된다.  코스피 시가총액 상위 종목 중 삼성전자, SK하이닉스, LG에너지솔루션, 한화에어로스페이스, HD현대중공업, KB금융, 네이버, 신한지주, 한화오션 등이 오르는 반면 삼성바이오로직스, 현대차, 기아, 셀트리온 등이 내리고 있다. 코스닥지수는 같은 시각 5.18포인트(0.72%) 내린 716.68을 기록하고 있다. 지수는 이날 0.08% 상승 출발 후 곧바로 하락 전환해 추세를 유지하고 있다.코스닥시장에서는 외국인이 250억원 매도 우위인 반면 개인과 기관이 각각 265억원과 37억원 매수 우위다.코스닥 시총 상위 종목은 대체로 하락세다. 알테오젠, 에코프로비엠, HLB, 에코프로, 레인보우로보틱스, 휴젤, 펩트론, 리가켐바이오, 삼천당제약 등이 내리고 있다.서울 외환시장에서 원·달러 환율은 전장보다 25.3원 내린 1380원으로 개장했다. 원·달러 환율이 1380원대에서 출발한 건 지난해 11월8일(1386원) 이후 6개월 만이다. 미국과 중국의 관세 협상 가능성이 커지자 달러화가 약세를 보인 것으로 풀이된다.고정삼 한경닷컴 기자 jsk@hankyung.com",https://www.hankyung.com/article/2025050759886,2025.05.07 09:29
[투자운세] 5월26일(월요일) 궁합이 맞는 종목은?,,"2025년 5월 26일 월요일 관심가질 종목입니다1.쥐띠 : 매는 맞기 직전이 가장 두렵다!60년생 (나노신소재, 한미반도체) 72년생 (이수페타시스, 솔루엠) 84년생 (주성엔지니어링, 에코프로머티)2.소띠 : 익은 감은 건드리기만 해도 떨어진다61년생 (SK하이닉스, 롯데에너지머티리얼즈) 73년생 (대주전자재료, ISC) 85년생 (HPSP, 하나마이크론)3.호랑이띠 : 제도가 변하면 새로운 유행주가 나타난다62년생 (알테오젠, 현대로템) 74년생 (이오테크닉스, 파크시스템스) 86년생 (SK스퀘어, 리노공업)4.토끼띠 : 우발심을 삼가하라63년생 (SOOP, 삼성전기) 75년생 (레인보우로보틱스, 한국항공우주) 87년생 (고영, 삼아알미늄)5.용띠 : 나누어서 사고 나누어서 팔아라64년생 (한솔케미칼, 루닛) 76년생 (KG모빌리티, 동진쎄미켐) 88년생 (에스원, 포스코퓨처엠)6.뱀띠 : 시세는 시세에 물어라65년생 (대덕전자, 삼성전기) 77년생 (두산로보틱스, LS머트리얼즈) 89년생 (LX세미콘, 케어젠)




 

7.말띠 : 새 술은 새 부대에 담아라66 년생 (삼성전자, 두산퓨얼셀) 78년생 (SK바이오팜, 카카오뱅크) 90년생 (SK아이이테크놀로지, 티씨케이)8.양띠 : 매도 종목의 움직임도 관찰하라67년생 (씨에스윈드, 솔브레인) 79년생 (하이브, OCI홀딩스) 91년생 (한국콜마, 카카오)9.원숭이띠 : 연 날릴 때는 연줄을 모두 풀지 않는다68년생 (F&F, SK이노베이션) 80년생 (레이크머티리얼즈, 롯데웰푸드) 92년생 (펄어비스, 메디톡스)10.닭띠 : 합창을 하면 주가는 반대로 움직인다69년생 (리가켐바이오, 더존비즈온) 81년생 (영원무역홀딩스, 포스코DX) 93년생 (셀트리온, LG이노텍)11.개띠 : 주식투자는 절대적 유연성이 필요하다70년생 (셀트리온제약, 삼성생명) 82년생 (한화오션, 삼성엔지니어링) 94년생 (DB하이텍, 삼성중공업)12.돼지띠 : 승부를 여유있게 즐기라71년생 (코스모화학, 삼성바이오로직스) 83년생 (덴티움, POSCO홀딩스) 95년생 (클래시스, 현대미포조선)링크종목 – 바이넥스, 엑세스바이오, 드림어스컴퍼니, 휴마시스, 서린바이오무료상담",https://www.hankyung.com/article/202505230817a,2025.05.23 14:18
"코스피, 중동發 악재에도 2940선 돌파…코스닥도 1% 반등 [영상]","코스피, 3년5개월 만에 2940선 마감
중동 분쟁 위험 단기성 악재로 소화
외인은 9거래일 만에 순매도로 전환

중동 분쟁 격화에 방산株 강세
AI수석 네이버 출신 발탁 소식에
삼성SDS·네이버 등 IT주 '급등'","영상 모듈 닫기




코스피지수가 16일 개인과 기관투자자의 동반 매수세에 2% 가까이 뛰며 2940선을 회복했다. 중동 분쟁을 단기성 악재로 받아들인 모습이다.이날 코스피지수는 전날보다 52.04포인트(1.8%) 상승한 2946.66으로 거래를 마쳤다. 지수가 2440선까지 오른 건 종가 기준으로 지난 2022년 1월13일(2962.09) 이후 약 3년5개월 만이다. 이스라엘의 이란 공습으로 촉발된 지정학적 리스크를 단기성 악재로 소화한 것으로 풀이된다.
                    



사진=연합뉴스

                유가증권시장에서 개인과 기관이 각각 453억원과 2528억원어치를 사들이며 지수 상승을 주도했다. 반면 외국인은 3223억원어치를 비워내 8거래일 연속 이어온 순매수 기조를 끝냈다.이경민 대신증권 연구원은 ""코스피지수가 하루 만에 하락을 멈추고 반등했다""며 ""중동 분쟁으로 단기적 불확실성이 높아진 것은 사실이지만 중장기적으로 증시에 미치는 영향을 제한적으로 본 것""이라고 분석했다.코스피 시총 상위 종목 중 두산에너빌리티(9.16%) SK하이닉스(5.31%) HD현대중공업(5.03%) 네이버(4.49%) 신한지주(2.71%) KB금융(1.7%) 현대차(1.26%) 등이 오른 반면 삼성전자(-1.89%) LG에너지솔루션(-1.01%) 삼성바이오로직스(-0.39%) 등이 내렸다.이스라엘과 이란의 분쟁으로 한화시스템(18.01%) 현대로템(6.32%) LIG넥스원(5.32%) 한화에어로스페이스(2.65%) 등 방산주가 급등했다. 새 정부가 대통령실 인공지능(AI) 미래기획수석에 하정우 네이버클라우드 센터장을 발탁했다는 소식에 삼성에스디에스(21.65%)를 비롯해 네이버(4.49%)와 카카오(3.3%) 등 정보기술(IT)주가 강세를 보였다. 이날 코스닥지수는 전날보다 8.4포인트(1.09%) 오른 777.26으로 거래를 마쳤다. 지수는 이날 0.16% 하락 출발 후 장중 한때 0.66%까지 밀렸지만 투자자들이 매수 강도를 높이면서 오후 장 들어 상승폭을 1% 이상 확대했다.코스닥시장에서 외국인과 기관이 각각 1156억원과 418억원어치를 사들인 반면 개인은 1491억원어치를 팔아치웠다. 코스닥 시총 상위 종목 중 파마리서치(5.65%) 알테오젠(5.19%) 리가켐바이오(5.14%) 휴젤(3.23%) 클래시스(1%) 리노고업(0.73%) 펩트론(0.7%) 삼천당제약(0.37%) 등이 오른 반면 HLB(-3.23%) 에코프로비엠(-2.17%) 에코프로(-1.75%) 에이비엘바이오(-0.4%) 레인보우로보틱스(-0.18%) 등이 내렸다.서울 외환시장에서 원·달러 환율은 전장 대비 5.8원 내린 1363.8원으로 주간 거래를 마쳤다. 고정삼 한경닷컴 기자 jsk@hankyung.com",https://www.hankyung.com/article/2025061681606,2025.06.16 16:08
"20일, 거래소 외국인 순매도상위에 전기,전자 업종 5종목",,"외국인 투자자는 20일 거래소에서 삼성전자, LG에너지솔루션, 한화에어로스페이스 등을 중점적으로 매도한 것으로 나타났다.외국인 투자자의 순매도 상위 20개 종목은 삼성전자, LG에너지솔루션, 한화에어로스페이스, 삼성SDI, HD현대중공업, LG화학, 한미반도체, 씨에스윈드, 삼성바이오로직스, 한화오션등이다.이중에 전기,전자 업종에 속한 종목이 5개 포함되어 있다.삼성전자, 씨에스윈드, 셀트리온 등은 전일 대비 주가가 상승했고, LG에너지솔루션, 한화에어로스페이스, 삼성SDI 등은 주가가 하락했다.[05월20일]거래소 외국인 순매도 상위 종목한경로보뉴스이 기사는 한국경제신문과 금융 AI 전문기업 씽크풀이 공동 개발한 기사 자동생성 알고리즘에 의해 실시간으로 작성된 것입니다.",https://www.hankyung.com/article/202505205405L,2025.05.20 18:35
[마켓PRO] 급락한 한화솔루션 줍줍한 고수들…조선·원전주는 차익실현,,"※한경 마켓PRO 텔레그램을 구독하시면 프리미엄 투자 콘텐츠를 보다 편리하게 볼 수 있습니다. 텔레그램에서 ‘마켓PRO’를 검색하면 가입할 수 있습니다.




한화큐셀의 미국 텍사스주 168MW급 태양광 발전소. 사진=한화솔루션 제공

                국내 투자수익률 상위 1％ 고수들이 한화솔루션을 집중 매수하고 있다. 조선주와 원전주 등은 차익 실현에 나섰다.
                    




                26일 미래에셋엠클럽에 따르면 미래에셋증권 계좌로 주식을 거래하는 수익률 상위 1％의 고수들은 이날 오전 10시까지 한화솔루션을 가장 많이 사들였다. 한화솔루션은 미국 인플레이션감축법(IRA)에서 태양광 발전사업자가 받을 수 있는 투자세액공제(ITC) 옵션이 폐지되면서 주가가 내리막길을 걷고 있다. 지난 22~23일에는 연이틀 10% 넘게 급락했다. 이에 고수들이 저가 매수에 나선 것으로 풀이된다. 조현렬 삼성증권 연구원은 ""IRA 수정안이 실제로 발효될 경우 한화솔루션 주택용 에너지 사업의 이익은 대부분 소멸할 수 있다""고 예상했다.삼성바이오로직스가 순매수 2위에 올랐다. 삼성바이오로직스 주가가 바이오의약품 위탁개발생산(CDMO) 사업과 바이오시밀러(복제약)·신약개발 사업으로 회사를 쪼개는 인적분할 계획을 공시한 후 급락했다. 김선아 하나증권 연구원은 “삼성에피스홀딩스가 인적분할된 초기에는 연구·개발(R&D)와 기술이전, 기업 인수·합병(M&A)에 다소 비용을 소진할 수밖에 없고, 부채 규모도 늘어날 것”으로 예상했다. 그는 삼성바이오로직스의 인적분할 결정을 두고 “결국 삼성에피스홀딩스가 중장기적으로 성장하기 위해 자체적인 외부 자본 조달이 용이한 구조를 만들어야 했다”고도 평가했다.
                    




                고수들의 순매도 종목 1위는 삼성중공업이었다. 삼성중공업은 올 들어 20% 이상 올랐지만 다른 조선주에 비해 주가 상승폭이 크지 않다는 평가가 나온다. 1분기 ‘어닝 쇼크’(실적 충격) 영향이다. 삼성중공업은 올 1분기 컨센서스(1506억원)보다 18.3% 낮은 1231억원의 영업이익을 냈다. 일회성 비용(특별상여금)이 290억원 반영됐지만 HD현대그룹 조선사와 비교하면 실망스러운 수치다. 이날 주가가 상승하자 고수들이 차익 실현에 나선 것으로 보인다.맹진규 기자 maeng@hankyung.com",https://www.hankyung.com/article/202505265376i,2025.05.26 10:56
,,,https://magazine.hankyung.com/business/article/202505228766b,
같은 인적분할인데…삼양 뛰고 하나마이크론은 급락,"상장사 분할, 엇갈린 희비

하나마이크론, 임시주총 개최 
지주사 세우고 현물출자 유증
개미 ""지배력 강화 꼼수"" 비판
1월 공시 이후 주가 10% 떨어져

삼양홀딩스, 분할에도 30% 뛰어
파마리서치는 철회 결정 후 반등
업계 ""투자자 우려 불식이 관건""","반도체 후공정 기업 하나마이크론이 다음달 인적분할을 통해 두 개 회사로 쪼개진다. 소액주주들이 강력 반발했으나 임시 주주총회를 열어 정면 돌파하는 데 성공했다. 하나마이크론 측은 사업 경쟁력을 강화하기 위한 선택이라고 강조하지만 개정 상법 시행 전 승계를 서두르려는 ‘꼼수’라는 게 소액주주들의 주장이다.◇하나마이크론 “배당 늘리겠다”







이미지 크게보기



                하나마이크론은 16일 임시 주총을 열고 존속회사인 하나반도체홀딩스(가칭)와 신설법인 하나마이크론을 나누는 인적분할 안건을 통과시켰다. 분할 비율은 존속법인 32.5%, 신설회사 67.5%다. 존속법인은 지주회사, 신설회사는 반도체 제품 패키징·테스트 사업 부문을 각각 담당한다. 소액주주들이 주주 행동 플랫폼 액트를 통해 인적분할 저지에 나섰지만 판을 뒤집기엔 역부족이었다. 분할 기일은 다음달 1일, 변경 상장 및 재상장일은 9월 8일이다.소액주주들은 하나마이크론의 인적분할에 대해 ‘최대주주의 지배력을 강화하기 위한 수단’이라며 반발하고 있다. 지주회사 체제로 전환하면 최대주주만 혜택을 볼 것이란 주장이다. 하나마이크론은 인적분할 후 현물출자 유상증자를 추진할 계획이다. 공정거래법상 상장 자회사 지분을 30% 이상 보유해야 하는 지주사 요건 때문이다. 이 과정에서 최대주주 지배권이 확대될 것이란 분석이 나온다. 지배주주가 따로 자금을 들이지 않고도 지주사 지분을 늘려 계열사에 대한 지배력을 키우리란 예상이다.하나마이크론은 최창호 회장에서 아들인 최한수 하나머티리얼즈 부사장으로의 세대교체를 앞두고 있다. 이날 임시 주총에서 최 부사장의 지주사 사내이사 선임 안건도 가결됐다. 금융투자업계 관계자는 “인적분할을 통해 지주회사로 개편한 뒤 현물출자 유상증자를 하는 건 대표적인 승계 방식 중 하나”라고 설명했다.당분간 하나마이크론의 주가 변동성이 커질 것이란 게 증권가 전망이다. 김동관 메리츠증권 연구원은 “인적분할 후 하나마이크론의 단기 수익성 감소는 불가피하다”며 “일시적이나마 주가 변동폭이 커질 수 있다”고 말했다.◇분할 기업마다 주가 반응 제각각인적분할 기업에 투자하는 개인들은 어떻게 대응해야 할까. 인적분할을 실시하는 목적에 따라 주가 희비가 크게 엇갈리는 만큼 종목별로 다르게 접근해야 한다는 게 증권업계의 설명이다.올 들어 인적분할을 결정하거나 철회한 상장사는 총 5곳이다. 지난달 기습 인적분할을 공시했다가 이달 8일 철회한 파마리서치 주가는 롤러코스터를 탔다. 인적분할 소식이 전해지자 하루 동안 17% 넘게 급락했으나 철회 후 제자리를 찾았다.하나마이크론은 주주 반발을 의식해 배당 확대 등 주주가치 제고 계획까지 꺼내 들었지만 주가는 되레 떨어졌다. 지난 1월 인적분할 결정 공시 후 이날까지 10% 가까이 밀렸다. 코스닥지수가 연초 대비 18% 넘게 뛴 것과 대조적이다. 삼성바이오로직스는 인적분할 공시 후 6% 넘게 떨어졌다.반면 삼양홀딩스의 주가 흐름은 달랐다. 삼양바이오팜그룹이 분할을 공식화한 후 주가는 급등했다. 5월 말 인적분할을 결정한 뒤 이날까지의 주가 상승률은 30.7%에 달한다. 인적분할이 승계보다 사업 강화에 초점을 맞추고 있다는 업계 평가가 나오면서다.한 증권사 애널리스트는 “소액주주 입장에선 인적분할이든 물적분할이든 자신들에게 불리한 결정이 내려질 것이란 의심을 할 가능성이 높다”며 “특히 인적분할에 나서는 기업이라면 적극적인 기업설명회(IR) 등을 통해 주주와의 소통을 강화할 필요가 있다”고 말했다.▶인적분할기존 주주들이 신설법인 주식을 지분율에 비례해 받는 방식의 기업분할. 지주회사 전환 때 흔히 사용된다. 반면 물적분할 땐 신설회사 주식을 받을 수 없다.류은혁 기자 ehryu@hankyung.com",https://www.hankyung.com/article/2025071627491,2025.07.16 17:32
중동 군사갈등 격화에도 '삼천피' 지킬까…두산에너빌 9% 급등,,"사진=뉴스1

                코스피가 장중 3000선 아래로 내려갔다가 회복했다. 미국이 이란 핵시설을 직접 공격해 중동지역의 군사적 갈등이 격화돼 주가가 급락했지만, 이내 저가 매수세가 유입되는 모습이다.23일 오전 10시46분 현재 코스피는 전일 대비 20.58포인트(0.68%) 내린 3001.26에 거래되고 있다.장 초반에는 2971.36까지 하락했지만, 이후 낙폭을 줄이며 ‘삼천피’를 회복했다.이날 증시 하락 배경은 국제정세다. 미국이 지난 21일(현지시간) B-2 폭격기를 동원해 이란 핵시설 세 곳에 벙커버스터를 투하해 공격했고, 이에 이란이 호르무즈해협 봉쇄로 대응할 가능성이 커졌다. 호르무즈해협은 전세계 원유의 20%가 지나는 원유 운송의 요충지다.국제정세 불안에 외국인의 매도세가 거세지고 있다. 외국인은 유가증권시장에서 현물주식 3273억원어치와 코스피200선물 6075억원어치를 순매도하고 있다. 기관의 현물주식 매도 규모도 5354억원에 달한다. 반면 개인이 현물주식 8950억원어치를 사들이며 지수를 방어하고 있다.시가총액 상위 종목은 대체로 하락하고 있다.삼성전자는 2.69%, SK하이닉스는 0.97% 하락 중이다. 삼성바이오로직스와 LS에너지솔루션도 각각 2.17%와 3.77% 내리고 있다. 장초반 강세를 보이던 한화에어로스페이스도 1.92% 약세로 전환했다. 현대차(-3.57%), 기아(-2.94%)까지 수출주들이 타격을 받고 있다.반면 두산에너빌리티는 9.47%나 급등하며 시가총액 7위에 올랐다. 수출주들에서 빠져 나온 수급이 원전 테마로 몰리고 있다.NAVER(3.25%)와 KB금융(1.13%)도 강세다.코스닥은 전일 대비 14.15포인트(1.79%) 내린 777.38에 거래되고 있다. 이 시장에서도 외국인과 기관이 각각 682억원어치와 310억원어치를 순매도하는 반면, 개인은 1236억원어치를 사고 있다.코스닥 시가총액 상위 종목들도 대체로 내리고 있다.파마리서치만 4.38% 상승 중이다.하락 종목 중에서는 펩트론의 낙폭이 5.51%로 가장 두드러진다.서울외환시장에서 원·달러 환율은 전일 대비 9.9원(0.72%) 오른 달러당 1383.9원에 거래되고 있다.한경우 한경닷컴 기자 case@hankyung.com",https://www.hankyung.com/article/2025062329206,2025.06.23 10:51
"07일, 거래소 기관 순매도상위에 운수장비 업종 4종목",,"기관 투자자는 07일 거래소에서 TIGER MSCI Korea TR, HD현대중공업, 기아 등을 중점적으로 매도한 것으로 나타났다.기관 투자자의 순매도 상위 20개 종목은 TIGER MSCI Korea TR, HD현대중공업, 기아, 한화오션, KODEX 코스닥150레버리지, TIGER 미국S&P500, 현대글로비스, 삼성바이오로직스, 현대차, 크래프톤등이다.이중에 운수장비 업종에 속한 종목이 4개 포함되어 있다.TIGER MSCI Korea TR, HD현대중공업, 한화오션 등은 전일 대비 주가가 상승했고, 기아, KODEX 코스닥150레버리지, TIGER 미국S&P500 등은 주가가 하락했다.[05월07일]거래소 기관 순매도 상위 종목한경로보뉴스이 기사는 한국경제신문과 금융 AI 전문기업 씽크풀이 공동 개발한 기사 자동생성 알고리즘에 의해 실시간으로 작성된 것입니다.",https://www.hankyung.com/article/202505077990L,2025.05.07 18:35
"'숨고르기' 코스피, 3100선 하락세…외인·기관 '팔자'",,"사진=한경DB

코스피지수가 4일 장 초반 하락세다. 도널드 트럼프 미국 대통령의 상호관세 관련 강경 발언과 전날 급등에 따른 부담감이 맞물려 투자자들의 관망 심리가 발동한 모습이다.이날 오전 9시14분 현재 코스피지수는 전 거래일보다 8.9포인트(0.29%) 내린 3107.37을 나타내고 있다. 지수는 이날 0.19% 상승 출발 후 보합권에서 등락을 거듭하다 오전 9시11분께를 기점으로 하락 전환해 추세를 이어가고 있다.유가증권시장에서 외국인과 기관이 각각 1011억원 552억원 매도 우위인 반면 개인은 1436억원 매수 우위다.이날 새벽 미국 증시는 강세로 마감했다. 지난 3일(현지시간) 다우존스30산업지수는 0.77% 올랐고 S&P500지수와 나스닥종합지수도 각각 0.83%와 1.02% 상승했다. 다만 트럼프 대통령이 뉴욕증시 장 마감 후 상호관세 유예 기간 만료일인 오는 8일 전부터 각국에 책정한 상호관세율을 통보하기 시작하겠다고 시사한 점이 투자심리를 위축시킨 모습이다.트럼프 대통령은 이날 미국 아이오와주로 떠나기 전 기자들과 만나 ""아마도 내일(4일)부터 일부 서한을 하루에 10개국씩 여러 나라에 보낼 것""이라고 말해 관세 우려를 자극했다.코스피 시가총액 상위 종목 중 삼성전자, 삼성바이오로직스, LG에너지솔루션, KB금융, 네이버, 한화에어로스페이스, 셀트리온, HD현대중공업 등이 내리는 반면 SK하이닉스, 기아, 두산에너빌리티 등이 오르고 있다.같은 시각 코스닥지수는 전 거래일보다 4.79포인트(0.6%) 내린 788.54를 나타내고 있다. 지수는 이날 0.09% 내림세로 출발 후 낙폭을 확대하고 있다.코스닥시장에서도 외국인과 기관이 각각 614억원과 371억원 매도 우위인 반면 개인이 991억원 매수 우위다.코스닥 시총 상위 종목 중 알테오젠, 에코프로비엠, 에코프로, 펩트론, 리가켐바이오, 휴젤, 리노공업, 삼천당제약 등이 내리는 반면 레인보우로보틱스, 파마리서치 등이 오르고 있다.서울 외환시장에서 원·달러 환율은 전장보다 2.6원 오른 1362원으로 개장했다.고정삼 한경닷컴 기자 jsk@hankyung.com",https://www.hankyung.com/article/2025070476856,2025.07.04 09:21
"코스피, 외인·기관 차익 실현에 2630선 하락…한화 16% '급등'","코스닥, 외인 매수 전환에 상승 반전

방산·조선주 오르고 LS그룹주 동반 하락
카카오페이, 쓱페이 인수 소식에 '급등'","사진=연합뉴스

                27일 국내 증시가 혼조로 마감했다. 코스피지수는 외국인과 기관투자자의 차익 실현 매물이 출회되면서 소폭 하락해 2630선으로 후퇴했다. 반면 코스닥지수는 외국인의 매수 전환에 막판 뒷심을 발휘하며 상승 마감하는 데 성공했다.이날 코스피지수는 전날보다 7.18포인트(0.27%) 내린 2637.22로 거래를 마쳤다. 지수는 이날 0.53% 하락 출발 후 낙폭을 일부 축소한 채 마감했다.유가증권시장에서 외국인과 기관이 각각 759억원과 199억원어치를 팔아치우며 지수 하락을 이끌었다. 연기금도 이날 206억원어치를 순매도했다. 반면 개인은 534억원어치를 사들였다.이날 새벽 미국 증시가 '메모리얼 데이'(현충일)로 휴장하면서 국내 증시도 숨고르기 장세를 보였다. 이경민 대신증권 연구원은 ""전날 상승했던 2차전지·반도체·보험 등 시가총액 상위권의 주요 업종들에서 차익 실현 매물이 출회돼 코스피의 하락 압력으로 작용했다""고 분석했다.코스피 시총 상위 종목 중 LG에너지솔루션(-1.98%) 삼성바이오로직스(-1.63%) 삼성전자(-1.46%) SK하이닉스(-0.25%) HD현대중공업(-0.12%) KB금융(-0.1%) 등이 내린 반면 셀트리온(1.7%) 신한지주(0.36%) 기아(0.11%) 등은 올랐다. 한화(16.82%)를 비롯해 한화에어로스페이스(6.48%) 현대로템(3.37%) LIG넥스원(2.77%) 등 방산주가 급등했다. 호실적 전망에 더해 러시아·우크라이나 간 전쟁 등 지정학적 긴장이 지속된 영향으로 분석된다.삼성중공업(8.28%)은 미국·인도 등 선박 발주 기대감이 유입되면서 강세로 마감했다. 카카오페이(11.99%)는 쓱페이와 스마일페이 인수를 검토한다는 소식에 급등했다. 카카오(5%)도 오픈AI와의 협력 기대감까지 맞물리면서 강세로 마친 반면 경쟁사인 네이버(-2.23%)는 하락했다.코스닥지수는 전날보다 1.84포인트(0.25%) 오른 727.11로 거래를 마쳤다. 이날 지수는 0.24% 오름세로 출발한 후 보합권에서 등락을 거듭하다 장 막판 외국인의 매수 전환에 상승 전환했다.코스닥시장에서는 개인과 외국인이 각각 218억원과 14억원어치를 사들인 반면 기관은 127억원어치를 팔아치웠다.코스닥 시총 상위 종목 중 코오롱티슈진(10.6%) 리가켐바이오(4.22%) 알테오젠(3.77%) 삼천당제약(1.32%) 펩트론(1.32%) 클래시스(1.01%) 휴젤(0.7%) 파마리서치(0.67%) HLB(0.19%) 등이 오른 반면 에코프로비엠(-5.03%) 에코프로(-2.91%) 레인보우로보틱스(-0.93%) 등은 내렸다.LS마린솔루션(-7.93%)은 2800억원 규모의 유상증자를 결정했다는 소식에 지분가치 희석 우려가 불거지면서 급락했다. 이에 따라 그룹주인 LS에코에너지(-4.86%)와 LS(-3.3%) 등도 동반 하락했다.서울 외환시장에서 원·달러 환율은 전장 대비 5.1원 오른 1369.5원으로 주간 거래를 마쳤다.고정삼 한경닷컴 기자 jsk@hankyung.com",https://www.hankyung.com/article/2025052786866,2025.05.27 16:11
"삼성바이오, 시밀러 사업 분리...""에피스 상장 없다""",,"영상 모듈 닫기




<앵커>삼성바이오로직스가 위탁개발생산(CDMO) 사업과 시밀러 사업을 인적분할 방식으로 완전 분리합니다.오는 10월에 지주사인 삼성에피스홀딩스가 출범할 예정인데, 기존 삼성바이오에피스는 따로 상장하지 않기로 했습니다.산업부 이서후 기자와 이번 분할의 배경과 내용 그리고 전망에 대해 살펴봅니다.이 기자, 그동안 자회사인 삼성바이오에피스는 미국 나스닥 상장 가능성도 제기되어왔잖습니까.<기자>결론부터 말씀드리면 앞으로 5년간 삼성바이오에피스의 국내외 추가상장은 없다는 게 회사의 입장입니다.이번 분할의 가장 큰 목적은 이해충돌 지적이 있었던 CDMO 사업과 바이오시밀러 사업을 완전히 분리하는 건데요,인적분할 방식을 통해 기업 구조를 명확히 함으로써 주주가치를 극대화하겠다는 겁니다.삼성바이오에피스는 새롭게 설립되는 삼성에피스홀딩스의 자회사로 편입되기 때문에 삼성바이오로직스의 자회사가 아닌 관계사가 됩니다.다만 지주사와 더불어 자회사인 에피스를 별도로 상장하게 되면 모회사와 자회사간의 가치 훼손이나 주가 할인에 대한 우려가 나올 수 밖에 없죠.이같은 논란을 완전히 불식시키기 위해 중복상장은 하지 않겠다고 못 박은 겁니다.삼성바이오로직스는 오늘(22일) 간담회를 통해 ""회사 가치를 온전히 평가받을 수 있도록 사업을 분리하고, 주주가치를 극대화하려는 취지""라면서 ""분할 후 주주친화 경영과 선진 거버넌스 체계를 구축할 계획""이라고 설명했습니다.<앵커>분할을 결정하는 시점이 지금이 된 배경이 있다면서요.<기자>삼성바이오에피스는 지난 2012년 삼성바이오로직스와 미국 바이오젠의 합작법인으로 설립됐습니다.이후 2022년 삼성바이오로직스가 바이오젠의 지분 전량을 인수하며 에피스를 100 % 자회사로 편입했습니다.당시에는 삼성바이오에피스의 바이오 시밀러 사업이 초기였지만 지금은 위상이 완전히 달라졌습니다.현재 삼성바이오에피스가 보유하고 있는 바이오 시밀러 제품은 국내 기업중 가장 많은 제품을 허가받았을 정도로 급성장했거든요.여기에 시밀러 뿐만 아니라 신약까지 사업 영역을 넓히면서, 삼성바이오로직스에 생산을 맡기는 고객사들이 기술유출 등 우려를 제기해왔던 거구요.수주 사업에 주력하는 삼성바이오로직스에겐 고객사지만, 개발 사업에 주력하는 삼성바이오에피스에겐 경쟁사인 구조였던 겁니다.삼성바이오로직스는 ""모회사와 자회사로 묶여있어 동일한 회사로 보는 고객사들이 많았다""며 ""그간 고객사들을 설득하기 위해 시간과 비용을 많이 투자했고, 고객사 수주에 일부 영향이 있었던 것도 사실""이라고 설명했습니다. <앵커>이번 분할이 삼성 그룹 지배구조 개편의 일환이라는 시각도 있습니다.<기자>삼성바이오로직스는 간담회에서 삼성물산의 지주사 전환이나 그룹 지배구조 재편을 염두에 둔 결정이 아니라고 선을 그었습니다.다만 삼성그룹 지배구조에서 핵심 계열사인 삼성물산의 기업가치 상승에는 분명한 영향이 있을 것으로 보입니다.현재 삼성바이오로직스의 최대주주는 삼성물산으로 43.06%의 지분을 보유하고 있습니다.삼성물산은 삼성바이오로직스와 삼성바이오에피스를 지배하는 신설 회사를 함께 수평적으로 지배하게 됩니다.삼성물산은 이재용 회장이 약 19%의 지분을 보유하고 있기 때문에 이번 분할이 중장기적인 지배구조 개편에 영향이 있을 수 있다는 분석이 나오는 겁니다.<앵커>현재로썬 여러가지 시나리오가 가능하다구요.<기자>핵심은 삼성에피스홀딩스의 최대주주가 누가 될 것이냐입니다.삼성물산이 보유하고 있는 삼성바이오로직스 지분을 삼성에피스홀딩스에 현물출자하고, 신주로 추가 지분을 받는다면 지배력은 더 커집니다.지분을 늘리지 않거나, 일부를 매각하는 시나리오도 가능합니다. 이런 경우 다른 투자자들이 들어오면서 반대로 지배력이 희석될 수 있구요.다만 삼성물산은 저희와의 인터뷰에서 ""지분 매각 등은 전혀 고려하고 있지 않다""고 선을 그었습니다.그룹 차원에서 바이오 사업과의 연결고리를 보다 강화하려는 의도는 분명해보입니다.실제 지난 1년간 삼성바이오로직스의 기업가치는 그룹에서 가장 큰 상승률을 보였고 실적 증가세도 가장 컸습니다.단순히 주가만 봐도 같은 기간 삼성바이오로직스는 30% 이상 뛴 반면 삼성물산은 약 4% 하락했거든요.일각에서는 새 정부 출범 이후 지배구조 개편이 어려워지기 전에 서두른 것으로 보는 시각도 있습니다.<앵커>인적분할 이후 신사업에 대한 가능성도 거론됐다구요?<기자>삼성바이오로직스는 이번 분할로 바이오시밀러 사업을 떼내면서 순수 CDMO 기업으로 거듭나겠다는 방침입니다.CDMO 생산 역량을 더 강화하고, 항체약물접합체(ADC) 등 차세대 모달리티 투자도 더 늘리구요.삼성바이오에피스는 20개 이상의 바이오시밀러 제품을 글로벌 시장에 출시하겠다는 목표인데요.특히 삼성에피스홀딩스 산하에 삼성바이오에피스 외에도 추가적으로 회사를 설립할 수 있다고 밝혔습니다.미래성장동력을 확보하기 위해 차세대 바이오 기술 플랫폼을 개발하는 신규 자회사를 만들겠다는 계획입니다.삼성바이오로직스는 신사업 계획 또한 오는 10월 홀딩스 설립 이후 구체적으로 밝히겠다고 예고했습니다.이번 분할로 삼성바이오로직스의 기존 주주는 삼성바이오로직스 주식과 삼성에피스홀딩스 주식을 0.65 대 0.35 비율로 받게 됩니다.오는 9월 16일 분할 승인을 위한 주주총회가 개최되며, 홀딩스 설립일은 오는 10월 1일로 예상됩니다.이서후기자 after@wowtv.co.kr",https://www.hankyung.com/article/2025052296735,2025.05.22 14:55
"09일, 거래소 외국인 순매수상위에 운수장비 업종 6종목",,"외국인 투자자는 09일 거래소에서 삼성전자, 현대차, SK하이닉스 등을 중점적으로 사들인 것으로 나타났다.외국인 투자자의 순매수 상위 20개 종목은 삼성전자, 현대차, SK하이닉스, HD현대일렉트릭, 현대건설, LS, KB금융, 하나금융지주, HD한국조선해양, 하이브등이다.이중에 운수장비 업종에 속한 종목이 6개 포함되어 있다.삼성전자, 현대차, SK하이닉스 등은 전일 대비 주가가 상승했고, LS, HD현대중공업, HD현대미포 등은 주가가 하락했다.[06월09일]거래소 외국인 순매수 상위 종목한경로보뉴스이 기사는 한국경제신문과 금융 AI 전문기업 씽크풀이 공동 개발한 기사 자동생성 알고리즘에 의해 실시간으로 작성된 것입니다.",https://www.hankyung.com/article/202506093589L,2025.06.09 18:35
"18일, 외국인 거래소에서 SK하이닉스(-0.19%), 삼양식품(-5.53%) 등 순매도",,"외국인 투자자는 18일 거래소에서 SK하이닉스, 삼양식품, POSCO홀딩스 등을 중점적으로 매도한 것으로 나타났다.외국인 투자자의 순매도 상위 20개 종목은 SK하이닉스, 삼양식품, POSCO홀딩스, 한화오션, 현대로템, 삼성전자우, 유한양행, 삼성바이오로직스, 현대차, 한국콜마등이다.이중에 전기,전자 업종에 속한 종목이 3개 포함되어 있다.POSCO홀딩스, 현대차, 카카오페이 등은 전일 대비 주가가 상승했고, SK하이닉스, 삼양식품, 한화오션 등은 주가가 하락했다.[07월18일]거래소 외국인 순매도 상위 종목한경로보뉴스이 기사는 한국경제신문과 금융 AI 전문기업 씽크풀이 공동 개발한 기사 자동생성 알고리즘에 의해 실시간으로 작성된 것입니다.",https://www.hankyung.com/article/202507187936L,2025.07.18 18:35
"국장 매수 기회가 왔을 때, 자금 걱정 없이 4배로 투자하세요!",,"부자네스탁론이 새롭게 선보인 스탁론 상품이 투자자들 사이에서 화제를 모으고 있다. 해당 상품은 본인자산포함 4배로 투자 가능, 담보유지비율 120%의 유연한 조건과 다양한 투자 솔루션을 앞세워 증권사 신용, 담보대출 대비 높은 활용도를 자랑한다.일반적으로 증권사 신용융자에 비해 더 높은 레버리지와 더 낮은 담보유지비율을 제공하는 스탁론은, 투자 고수들 사이에서 이미 널리 알려진 수단이다. 부자네스탁론은 여기에 더해 미수금이나 반대매매 위험을 해결해주는 대환대출 상품, 투자 기회를 살리고 싶어하는 전략적 투자자들을 위한 다양한 서비스를 제공한다.또한 신용, 주식담보대출 이용불가 종목, 총부채원리금상환비율(D.S.R) 같은 규제 이슈로 제약을 받아온 투자자들에게도 계좌 평가금액 기준으로 맞춤형 대출이 가능하도록 설계되어 실질적인 해결책이 되고 있다.부자네스탁론은 “고객 한 명 한 명의 투자 상황에 맞춰 최적의 대출 방법을 제공하고 있다”며, “강화된 금융 규제 환경 속에서도 투자자들의 기회를 넓히는 데 최선을 다하겠다”고 밝혔다.-스탁론 D.S.R<총부채원리금상환비율> 고강도 규제에도! 문제없는 부자네스탁론!– 소득 낮고 기존 대출금액 많아도 계좌평가금액에 비례해서 대출가능!– 본인자산 포함 4배끼지 투자 가능!▶머니투데이 부자네스탁론① 5년 고정금리로 금리인상 걱정없이 운용 가능② 자기자본포함 최대 4배까지 레버리지 투자 가능③ 매수가능종목 100% 집중투자가능 (코스닥, 시가총액, 포트폴리오비율상관없이)④ 스탁론 전종목 1:1 매수상담문의 → 수익극대화⑤ 반대매도 임박 / 추가입금이 힘들다면? → 1:1 로스컷 전문상담⑥ D.S.R과 신용등급 낮.아.도 문제없이 매입/대환까지 가능!⑦ 위 혜택을 4%대의 저금리로 이용 가능!★ D.S.R비율, 신용등급 무관 저금리 부자네스탁 AM8:00~PM4:00 ☎1577-5852★ AM 8:00 부터 선착순 예약접수 http://www.bujane.co.kr/7월 고객들의 문의가 많은 종목은 국보디자인, 삼성바이오로직스, 롯데손해보험, 신성이엔지, 두산퓨얼셀 등이 있다.무료상담",https://www.hankyung.com/article/202507111603a,2025.07.11 10:53
"트럼프 ""약값 80% 내린다""…바이오시밀러 사정권",,"영상 모듈 닫기




<앵커>도널드 트럼프 미국 대통령이 의약품의 가격을 최대 80%까지 인하할 계획이라고 밝혔습니다.국내 기업들이 주력하는 바이오 의약품도 대상에 포함될 것으로 예상되면서 긴장감이 커지고 있습니다.취재기자 연결해 자세히 살펴보겠습니다.이서후 기자, 트럼프 대통령이 우리시간으로 오늘밤 10시 발표를 예고했죠. 미국 약값을 전 세계 최하 수준으로 낮추겠다는 게 핵심이라구요.<기자>이번 행정명령은 미국에서 판매되는 처방약 등 의약품의 가격을 30%에서 80%까지 즉각 낮추겠다는 게 핵심입니다.트럼프 대통령은 자신의 소셜미디어를 통해 ""제약사들이 동일한 제품을 미국에서는 최소 5배 더 비싸게 팔고 있다""고 지적했습니다.실제 전세계 약가를 보면 미국은 다른 선진국보다 약 2.6배 더 높은 수준으로, 국내와 비교했을 때 많게는 11배까지 더 비쌉니다.문제는 합성의약품 뿐만 아니라 항체치료제 등 바이오의약품 또한 약가인하 대상이 될 가능성이 높다는 겁니다.셀트리온과 삼성바이오에피스의 주력 제품인 바이오시밀러 제품들은 일반적으로 오리지널 대비 2~30% 더 저렴하게 팔리고 있습니다.그런데 미국 정부에서 오리지널의 가격을 대폭 낮춘다면, 결국 바이오시밀러 또한 가격 인하 압박을 받을 수 밖에 없다는 분석입니다.<앵커>구체적인 내용이 나와봐야겠지만, 그렇게 악재만은 아닐 것이란 기대도 나온다구요.<기자>규제의 대상이 사보험이냐 공보험이냐에 따라 바이오시밀러 기업들에 미칠 영향도 달라질 것으로 보입니다.미 처방 시장의 70% 이상을 차지하는 사보험에서는 약가가 천차만별이지만, 정부가 지원하는 공보험에서는 비교적 저렴하게 정해져있습니다.이번 행정명령이 공보험에만 국한된다면, 이미 싼 바이오시밀러가 아닌 비싼 오리지널약만을 노릴 것이란 설명입니다.셀트리온은 오늘 입장문을 통해 ""이번 약가인하는 높은 가격이 형성된 오리지널 의약품을 주로 타깃할 것으로 예상된다""고 밝혔습니다.이어 ""가격 경쟁 등으로 인해 낮게 형성되어 있는 바이오시밀러에 직접적인 영향을 주기는 어려울 것""이라고 강조했습니다.특히 약가인하 기조 속에 바이오시밀러가 고가인 오리지널약을 대체하는 속도가 더 빨라질 수 있다는 분석입니다.또 저렴한 바이오시밀러에 대한 수요가 높아짐에 따라, 생산 물량도 더 늘어날 수 있습니다.현재 글로벌 1위 수준의 생산역량을 가진 삼성바이오로직스가 추가 수주 등 수혜를 입을 것이란 전망도 나옵니다.<앵커>약가인하는 일찍이 예고했던 의약품 관세와는 정반대되는 정책이잖습니까.<기자>업계에서는 미국 정부가 약가인하와 의약품 관세 두 가지 정책을 병행할 것으로 예상하고 있습니다.의약품에 관세가 부과되면 우리 기업들의 수익성 악화는 불가피할 것으로 관측됩니다.미국에서 직접판매 체계를 구축한 셀트리온의 경우, 관세를 온전히 부담해야하고,파트너사를 끼고 판매하는 삼성바이오에피스의 경우, 관세를 부담하는 파트너사로부터 단가를 낮춰달라는 요구를 받을 수 있어서입니다.결국 제품의 마진을 기존보다 적게 남기고 팔 수 밖에 없는 상황인 겁니다.중장기적으로는 결국 미국 현지 생산을 고려해야할 것이란 지적도 나옵니다.앞서 트럼프 대통령은 의약품 미국 내 생산을 촉진하는 행정명령에 서명했고, 최근 FDA는 해외 제조시설에 대한 불시검사를 확대하겠다고 밝혔습니다.결국 우리 기업들이 현지 업체에 맡기는 위탁생산의 비중을 높이거나, 자체적으로 공장을 확보할 수 밖에 없을 것으로 보입니다.지금까지 보도국에서 한국경제TV 이서후입니다.이서후기자 after@wowtv.co.kr",https://www.hankyung.com/article/2025051270385,2025.05.12 14:20
[투자운세] 6월10일(오늘) 궁합이 맞는 종목은?,,"2025년 6월 10일 오늘 관심가질 종목입니다1.쥐띠 : 재료가 반영되지 않으면 팔아라60년생 (이수스페셜티케미컬, 한올바이오파마) 72년생 (셀트리온제약, 엔켐) 84년생 (종근당, 영원무역)2.소띠 : 비온 뒤에 땅이 굳는다.61년생 (HD현대일렉트릭, 셀트리온) 73년생 (삼성중공업, 더존비즈온) 85년생 (삼성바이오로직스, 고영)3.호랑이띠 : 기회가 왔을때는 과감하게 행동하라62년생 (이수페타시스, 키움증권) 74년생 (DB손해보험, 이오테크닉스) 86년생 (한미약품, CJ대한통운)4.토끼띠 : 끼있는 주식이 가장 잘 올라간다63년생 (HK이노엔, SK스퀘어) 75년생 (아모레퍼시픽, SK하이닉스) 87년생 (KB금융, 두산)5.용띠 : 시세는 주가보다 기간이 중요하다64년생 (강원랜드, 포스코DX) 76년생 (현대글로비스, 대웅제약) 88년생 (SK바이오사이언스, 에스엘)6.뱀띠 : 팔고나서 올라도 애통해 하지 마라65년생 (씨젠, 솔브레인) 77년생 (삼성생명, SK) 89년생 (HPSP, 한미반도체)




 

7.말띠 : 독립적으로 사고하라66 년생 (HDC현대산업개발, 한진칼) 78년생 (LIG넥스원, LX세미콘) 90년생 (하이브, 코웨이)8.양띠 : 손해보고 있는 종목부터 팔아라67년생 (한국앤컴퍼니, 한국콜마) 79년생 (넷마블, 미스토홀딩스) 91년생 (엔씨소프트, 우리금융지주)9.원숭이띠 : 이미는 아직이고, 아직은 이미이다68년생 (한화오션, 녹십자) 80년생 (대덕전자, LG이노텍) 92년생 (한미사이언스, 삼성전기)10.닭띠 : 도미를 사러 가서 정어리를 사지말라69년생 (에스원, 에스디바이오센서) 81년생 (유한양행, 롯데지주) 93년생 (코오롱인더, 신한지주)11.개띠 : 시장분위기에 취하지 마라70년생 (삼성엔지니어링, SK텔레콤) 82년생 (호텔신라, LG생활건강) 94년생 (삼천당제약, 한화에어로스페이스)12.돼지띠 : 신고가는 따라 붙어라71년생 (HD현대미포, 삼성전자) 83년생 (오뚜기, GS) 95년생 (한화시스템, 메리츠금융지주)링크종목 – 다날, 갤럭시아머니트리, 한국정보인증, 코나아이, 카카오페이무료상담",https://www.hankyung.com/article/202506104056a,2025.06.10 09:58
"코스피, 엔비디아 호실적·트럼프 관세 제동에 2700선 회복",,"이틀째 올라 연고점 재경신…외인·기관 '사자'SK하이닉스·자동차주 강세…한은 금통위 주목코스피가 29일 장 초반 엔비디아 호실적과 트럼프 대통령의 상호관세 부과에 미국 연방법원이 제동을 걸었다는 소식에 9개월 만에 2,700선을 회복했다.이날 오전 9시 32분 기준 코스피는 전장보다 30.28포인트(1.13%) 오른 2,700.43이다.코스피가 장중 2,700선을 회복한 것은 지난해 8월 27일 이후 9개월 만이다.이로써 전날 기록한 연고점(2,692.47)도 갈아치웠다.지수는 전장보다 20.91포인트(0.78%) 오른 2,691.06으로 출발해 오름폭을 키웠다.서울 외환시장에서 달러 대비 원화 환율은 전날보다 3.5원 오른 1,380.0원에 거래를 시작했다.유가증권시장에서 외국인과 기관이 각각 159억원, 772억원 순매수하고 있으며, 개인은 1천29억원 매도 우위를 보이고 있다.외국인은 코스피200선물시장에서는 2천567억원 '팔자'를 나타내고 있다.간밤 뉴욕증시는 5월 연방공개시장위원회(FOMC) 의사록에서 스태그플레이션(물가 상승 속 경기 침체) 위험이 부각되면서 3대 지수가 일제히 내렸다.미국 5년물 국채 입찰률이 양호했지만 일본 국채 금리 상승 부담에 미국 10년물 국채 금리는 3.30bp(1bp=0.01%포인트) 오른 4.4810%를 나타냈다.다만 정규장 마감 후 엔비디아가 시장 예상치를 웃도는 분기(2~4월) 실적을 공개하면서 엔비디아 주가는 시간 외 거래에서 4.8% 넘게 급등했다.국내 증시는 엔비디아 호실적에 관련 밸류체인 종목 중심으로 상승 압력을 받고 있다.다만 전날 엔비디아 실적 개선 기대감이 선반영돼 이날 반도체주의 상승 탄력은 일부 둔화된 상태다.이날 국내 증시 개장 직전 미국 연방법원이 트럼프 대통령이 지난 달 발표한 상호관세의 발효를 차단하는 결정을 내렸다는 소식이 전해진 점도 투자심리를 개선시키는 분위기다.한지영 키움증권 연구원은 ""엔비디아 실적 호재로 HBM(고대역폭메모리), 소부장 업체들의 주가가 상승할 것""이라며 ""미국 연방 대법원이 트럼프 대통령의 상호관세에 제동을 건 점도 시장에서는 반길만한 일""이라고 밝혔다.한편 이날 오전 예정된 한국은행의 금융통화위원회에서 기준금리 인하가 전망되는 가운데 올해 국내총생산(GDP) 성장률 전망치 및 이창용 총재의 경제 진단 등에 투자자들의 이목이 쏠리고 있다.시가총액 상위 종목 중 삼성전자(0.18%), SK하이닉스(1.68%) 등 반도체주가 오르고 있다.아울러 한화에어로스페이스(2.04%), 현대차(0.38%), 기아(1.24%), HD현대중공업(2.89%) 등도 강세다.반면 삼성바이오로직스(-0.10%), LG에너지솔루션(-1.56%), KB금융(-0.10%) 등은 내리고 있다.업종별로 보면 건설(2.71%), 금융(1.82%), 의료정밀(0.65%) 등이 오르고 있으며 전기가스(-1.37%), 통신(-0.16%) 등은 내리고 있다.같은 시각 코스닥지수는 전장보다 3.51포인트(0.48%) 오른 732.30이다.지수는 전장보다 4.43포인트(0.61%) 오른 733.22로 출발해 상승 중이다.코스닥시장에서 개인과 기관이 각각 338억원, 63억원 순매수하고 있으며, 외국인은 396억원 매도 우위를 보이고 있다.알테오젠(1.65%), HLB(4.08%), 펩트론(1.34%), 레인보우로보틱스(1.69%) 등이 오르고 있다.에코프로비엠(-2.36%), 에코프로(-1.71%), 에이비엘바이오(-0.38%), 삼천당제약(-1.88%) 등은 하락 중이다./연합뉴스",https://www.hankyung.com/article/202505292893Y,2025.05.29 09:43
[Cover Story - COMPANY ❶] ‘시밀러 강자’ 삼성바이오에피스 자가면역질환 치료제 4종 승인,,,https://www.hankyung.com/article/202503319896i,2025.04.14 08:30
AI 내시경으로 맞붙은 日 올림푸스-후지필름,"2025 유럽소화기내시경학회

올림푸스, AI 플랫폼 선보여
병변 심각한 부위 별도 표시
후지필름, AI로 출혈 원인 탐지","일본 후지필름 직원이 ‘ESGE 2025’에서 내시경의 인공지능 기능을 설명하고 있다.﻿ /안대규 기자

                글로벌 내시경 시장 선두 주자인 일본 올림푸스와 후지필름이 인공지능(AI) 기술로 맞붙었다. 병변(병의 원인이 되는 생체 변화)을 감지하고 진단하는 기능을 넘어 의사를 도와 치료를 적극 지원하는 ‘제2의 의사’ 역할로 AI 기술을 확장하고 있다. 한때 세계 카메라시장을 호령하던 이들 일본 기업은 미래 신수종 사업인 의료기기 분야에서 또다시 기술력을 자랑하고 있다. ◇AI가 병변 심각한 부위 알려줘





                지난 3일부터 5일까지 스페인 바르셀로나에서 열린 유럽소화기내시경학회(ESGE 2025)에서 내시경업계 1위인 올림푸스는 클라우드 기반 AI 플랫폼인 올리센스를 선보였다. 기존 AI 기술이 병변 부위를 표시하는 데 그쳤다면 이 장비는 병변과 정상조직 간 경계를 명확히 구분하고 가장 심각해 보이는 부위를 별도로 표시해 의료진이 빠르고 정확한 판단을 하도록 돕는다. 가장 큰 개선점은 업계 첫 클라우드 시스템 도입이다. 지능형 내시경 생태계를 조성해 장비와 소프트웨어를 연결하고 빅데이터를 실시간으로 수집·분석한다. 이를 통해 의료진의 진단 정확도를 높이고 업무 부담을 줄일 수 있다.업계 2위인 후지필름은 신제품 ELUXEO 8000을 선보였다. 의료진이 출혈의 원인을 제대로 탐지해 시술할 수 있도록 소화기 계통의 점막, 점막하층, 근육층 등의 주요 조직을 선명하게 보여주는 ‘ACI 모드’ 기능이 추가됐다. 특히 노이즈 감소 기능이 더해져 더 정확한 영상을 볼 수 있다. 후지필름은 ‘캐드아이’라는 AI기술을 통해 대장내 용종이 암으로 발전할 수 있는 신생물성 용종인지 여부를 구분해준다. 후지필름 관계자는 “영상 노이즈 감소 기술은 경쟁사에 없는 독자적인 기술”이라며 “병변 분석능력도 내시경업계에서 가장 뛰어나다”고 강조했다.올림푸스가 인수합병(M&A)으로 AI 관련 기술을 도입한 반면, 후지필름은 자체 기술력을 축적한 것이 특징이다. 이 관계자는 “AI는 마치 ‘제2의 의사’역할을 한다“며 “의사들이 하루에 여러건 시술을 하다 보면 아무리 숙련자라도 피곤해서 놓치는 부분이 생길 수 있는데, 마치 자율주행차처럼 인간의 실수를 줄여준다”고 설명했다.두 회사 모두 ‘AI리포팅’기능을 갖춰 의사의 서류작업을 줄였고, 2D(2차원) 이미지를 3D(3차원) 영상으로 생성해주는 기능을 갖춰 진단 및 수술 시뮬레이션에 도움을 주고 있다.
                    



펜탁스의 AI모니터에 대해 설명하고 있는 직원. 안대규 기자

                업계 3위인 펜탁스는 AI 기능이 장착된 일체형 대형 터치스크린을 도입해 의료진이 조작하기 편리하게 했다. 펜탁스 관계자는 “대장암으로 바뀔 가능성이 30%인 비종양성 용종(SSl)을 육안보다 11% 더 잘 탐지한다”고 말했다. ◇사업 전환 성공한 日 3社…韓은 걸음마세계 내시경 시장의 90%를 점유하는 이들 일본 기업은 공교롭게도 한때 카메라 관련 사업이 주력 매출처였다는 공통점이 있다. 2007년 스마트폰 대중화로 카메라사업이 사양길에 접어들자 기존 광학기술을 무기로 발 빠르게 사업을 전환했다. 펜탁스는 2011년, 올림푸스는 2020년 카메라사업을 매각했다. 후지필름은 카메라사업을 축소하고 2021년 히타치 의료영상사업부를 인수하며 바이오·헬스케어기업으로 탈바꿈했다. 후지필름은 바이오 위탁개발생산(CDMO) 분야에서도 스위스 론자, 삼성바이오로직스 등과 경쟁하는 글로벌 선두기업이 됐다.국내 기업 중에선 유일하게 메디인테크가 세계 최초로 전동식 AI 내시경을 개발해 이 시장에 도전장을 내밀었다. AI가 영상을 분석해 의사에게 진입 방향을 자동으로 잡아주며 손떨림 방지 등으로 조작을 돕는다. 내시경 수술로봇을 만드는 엔도로보틱스, 소화기 내시경 장비를 제작하는 코스닥상장사 파인메딕스 등도 국내 주요 내시경 장비업체다. 글로벌 내시경 시장은 인구 고령화와 만성질환 증가 등으로 2034년 53조6000억원 규모로 커질 전망이다.바르셀로나=안대규 기자 powerzanic@hankyung.com",https://www.hankyung.com/article/2025040913571,2025.04.09 17:37
바이오에 꽂힌 SK·롯데…오너 3세가 해외수주 챙긴다,"세계 최대 바이오 전시회 '2025 바이오 USA'

신유열 롯데지주 부사장
CDMO 수주 기회 모색
최윤정 SK바이오팜 본부장
200여 기업에 신약 홍보

삼성바이오도 대규모 부스","신유열 롯데지주 미래성장실장(오른쪽 두 번째)이 16일(현지시간) 바이오 USA에서 한 바이오 기업의 전시 부스를 둘러보고 있다.  오현아 기자

                SK·롯데 오너 3세들이 미국 보스턴에서 열린 세계 최대 바이오 전시회 ‘2025 바이오 인터내셔널 컨벤션(바이오 USA)’에 참석했다. 신동빈 롯데그룹 회장의 장남인 신유열 롯데지주 미래성장실장(부사장)과 최태원 SK그룹 회장의 장녀인 최윤정 SK바이오팜 사업개발본부장이 현장을 진두지휘했다. 대기업들이 바이오 사업을 차세대 먹거리로 주목하면서 글로벌 시장 개척에 심혈을 기울이는 모습이다.◇ 전시회 누빈 오너 3세16일(현지시간) 신 부사장은 바이오 USA에 참석해 롯데바이오로직스 전시 부스에서 주요 해외 기업과 미팅을 직접 진행했다. 바이오 USA는 매년 세계 90여 개국에서 9000개 이상 기업과 2만 명 넘는 참가자가 모이는 행사다. 바이오 기업들이 기술 이전, 투자 유치 등 실질적 성과를 도출하는 자리다.신 부사장은 2023년부터 롯데바이오로직스 글로벌전략실장도 맡고 있다. 그는 이날 현장에서 고객사를 만나며 바이오의약품 위탁개발생산(CDMO) 수주 기회를 모색했다. 롯데바이오로직스는 2022년 바이오의약품 CDMO 사업에 진출했다. 그는 기자들과 만나 “재작년에 이어 올해 두 번째로 바이오 USA에 참가했다”며 “주요 기업과의 미팅에 참석할 예정”이라고 말했다. ‘이번 행사 기간 몇 건의 사업 미팅을 하느냐’는 질문에는 “매우 많다”면서 “계약 수주를 위해 노력하고 있다”고 답했다.신 부사장은 롯데바이오로직스 부스에서 파트너십 미팅을 마친 뒤 동아쏘시오그룹, 싸이티바, 셀트리온, SK팜테코, 써모피셔사이언티픽 등 국내외 주요 바이오 기업 부스를 차례로 방문했다. 그는 현장에서 만난 업계 관계자들과 산업 트렌드에 관한 대화를 나누고, 최신 기술과 사업 전략에 대한 설명을 들었다.최 본부장도 지난해에 이어 올해 바이오 USA에 참석했다. 최 본부장은 부스에 모습을 드러내진 않았지만 SK바이오팜이 행사 기간에 진행한 200여 개 기업과의 미팅을 진두지휘한 것으로 알려졌다. SK바이오팜은 이번 행사에서 처음으로 단독 부스를 열었다. 특히 뇌전증 신약 세노바메이트를 앞세워 글로벌 사업 확장 기회를 찾고 있다. 최 본부장은 “바이오 USA를 통해 혁신적인 신약 개발 역량과 글로벌 파트너십 확대 전략을 다시 한번 세계에 알리고자 한다”며 “올해는 더욱 구체적인 협력 기회를 도모하고, 세계 시장에서 SK바이오팜의 위상을 강화할 계획”이라고 말했다.◇ 신사업 홍보한 삼성바이오·셀트리온




신유열 롯데지주 미래성장실장(오른쪽 두 번째)이 16일(현지시간) 바이오 USA에서 한 바이오 기업의 전시 부스를 둘러보고 있다.  오현아 기자

                국내 CDMO업계의 양대산맥인 삼성바이오로직스와 셀트리온도 각각 대규모 부스를 꾸리고 관람객을 맞았다. 삼성바이오로직스는 올해 새롭게 선보인 항체약물접합체(ADC) CDMO 서비스와 오가노이드(인공 미니 장기)를 통한 약물 스크리닝 서비스를 전면에 내세웠다.제임스 최 삼성바이오로직스 부사장은 “항체, ADC, 재조합 단백질, 메신저리보핵산(mRNA) 등 다양한 바이오의약품 플랫폼 기술을 소개할 예정”이라며 “이와 동시에 임상시험수탁(CRO)사업부터 시작하는 전 주기 CDMO 서비스를 한눈에 볼 수 있도록 부스를 꾸렸다”고 설명했다. 삼성바이오로직스는 글로벌 기업과의 네트워킹을 늘리기 위해 부스 공간의 60~70%를 비즈니스 미팅룸으로 조성했다. 이를 바탕으로 전시회 기간 미팅을 100건 이상 할 예정이다.셀트리온은 신약 개발 기업으로서의 면모를 강조했다. 셀트리온은 지난 3월 미국 식품의약국(FDA)에서 차세대 ADC 신약으로 개발 중인 ‘CT-P70’의 임상 1상시험계획(IND)을 승인받으며 신약 개발을 본격화했다. 셀트리온 관계자는 “행사 기간 100건 이상의 미팅을 할 것”이라고 말했다.보스턴=오현아 기자 5hyun@hankyung.com",https://www.hankyung.com/article/2025061713861,2025.06.17 17:30
,,,https://magazine.hankyung.com/business/article/202505088320b,
"글로벌 빅파마 줄서자…삼성바이오, 1분기 날았다","매출 1.3조·영업익 4867억 최대
영업익 로직스 2배, 에피스 3배
글로벌 수주 물량 대거 확보
생산능력 1위…이달 5공장 가동
ADC 강화 등 포트폴리오 다각화","삼성의 바이오의약품 위탁개발생산(CDMO) 기업인 삼성바이오로직스가 지난 1분기 역대 최대 규모의 분기 실적을 기록했다. 세계 최대 생산능력을 기반으로 글로벌 수주 물량을 대거 확보한 결과다. 1분기 영업이익은 삼성바이오로직스가 전년 동기 대비 2배, 삼성바이오에피스는 3배를 기록했다.
                    






이미지 크게보기



5공장 가동에 따른 대규모 수주 기대삼성바이오로직스는 올 1분기 연결 기준 매출 1조2983억원, 영업이익 4867억원의 실적을 냈다고 23일 공시했다. 전년 동기 대비 매출은 37.1%, 영업이익은 119.9% 증가한 역대 최대 분기 실적이다. 삼성바이오로직스 관계자는 “글로벌 수주 물량이 많아 1분기 인천 송도 1~3공장은 풀가동됐고 2023년 6월 가동이 시작된 4공장도 안정적으로 가동 확대(램프업)에 성공해 매출을 이끌었다”고 말했다. 수출 물량이 대부분이어서 원·달러 환율 강세도 실적에 긍정적으로 작용했다. 삼성바이오로직스는 창사 이후 처음으로 작년 연간 수주 5조원을 넘어선 데 이어 지난 1월 유럽 소재 제약사와 역대 최대인 2조747억원 규모의 위탁생산 수주를 따냈다. 현재까지 글로벌 대형 제약사 상위 20곳 중 17곳을 고객사로 확보했다. 2011년 4월 창사이래 누적 수주 규모는 약 23조1400억원에 달한다.삼성바이오로직스는 올초 밝힌대로 올해 연간 매출 가이던스(추정치)를 전년 대비 20~25% 성장률로 유지했다. 하지만 증권업계에선 삼성바이오로직스의 올해 매출이 연간 가이던스 최상단(5조6841억원)을 넘어설 것이란 전망이 많다. 삼성바이오로직스는 2022년 제약·바이오업계 최초 연매출 3조원 돌파를 시작으로 2023년 첫 연간 영업이익 1조원, 2024년 첫 연매출 4조원을 넘어서는 등 매년 신기록을 경신해왔다.삼성바이오로직스는 생산능력·포트폴리오·글로벌 거점 등 3대 축 확장으로 성장세를 유지한다는 전략이다. 이달 5공장을 완공해 총생산능력은 78만4000L로 글로벌 1위를 굳건히 유지했다. 정유경 신영증권 연구위원은 ""삼성바이오로직스 5공장 수주율은 50% 전후로 추정되며, 본격적인 생산에 1년 전후의 시일이 소요되므로 내년 1분기부터는 초기 수주품목의 매출 발생이 예상된다""며 ""5공장 가동이 시작됨에 따라 연내 다수의 수주 계약체결도 가능할 것으로 기대된다""고 밝혔다.CDMO 경쟁사인 스위스 론자와 일본 후지필름도 해외 공장 인수와 증설로 무섭게 추격하고 있어 안심할 수는 없다. 삼성바이오로직스는 2032년까지 3개 공장을 더 추가해 총 132만4000L의 생산능력을 확보함으로써 글로벌 생산능력 ‘초격차’를 유지한다는 전략이다. 위해주 한국투자증권 연구원은 ""배이상 빠른 공장건설 속도도 삼성의 경쟁력""이라며 ""삼성의 5공장은 착공 2년 만에 가동하는 것으로 경쟁사(후지필름)는 착공부터 가동까지 4년 6개월이 걸렸다""고 말했다.항체 바이오의약품 중심의 제품 포트폴리오를 다변화해 1분기 항체·약물접합체(ADC) 전용 생산시설도 가동하기 시작했다. 위탁생산(CMO) 이전 개발 단계부터 고객을 선점하기 위해 위탁개발(CDO) 사업 수주도 확대하고 있다. 미국 뉴저지, 보스턴에 이어 일본 도쿄에도 세일즈 오피스를 마련해 아시아 제약사 수주도 늘린다는 계획이다. 美 유럽서 바이오시밀러 판매 호조바이오시밀러(바이오의약품 복제약) 개발회사인 자회사 삼성바이오에피스도 실적에 크게 기여했다. 삼성바이오에피스의 1분기 매출은 43.0% 증가한 4006억원, 영업이익은 235.9% 늘어난 1280억원을 기록했다. 자가면역질환 치료제 ‘엔브렐’ 바이오시밀러와 작년 하반기 출시한 ‘스텔라라’ 바이오시밀러의 유럽 판매 호조가 매출을 견인한 것으로 나타났다. 삼성바이오에피스는 글로벌 시장에서 총 11종의 바이오시밀러 품목 허가를 획득했다. 미국과 유럽에선 품목 허가 개수 기준 세계 1위 바이오시밀러 기업이다.삼성바이오에피스는 미국 제약사 암젠에 이어 두 번째로 스텔라라 바이오시밀러의 미국 현지 판로를 뚫으며 10조원 규모 시장 경쟁에서 선두권으로 치고 나가고 있다. 미국 관세 영향은 제한적일 전망이다. 정유경 신영증권 연구위원은 ""미국 수출 비중이 25%이고 유럽 수출 비중은 65%라 미국 관세 영향은 제한적""이라며 ""오히려 미국 내 CDMO공장이 수출 대신 내수용으로 물량을 전환할 가능성이 커, 비 미국지역에서 삼성바이오로직스에 대한 수요는 더 커질 가능성이 있다""고 말했다.안대규 기자 powerzanic@hankyung.com",https://www.hankyung.com/article/2025042313961,2025.04.23 17:52
저점 노릴 기회! 주식만 있으면 최대 4배 레버리지가 가능합니다. 5년고정 연 4.9%로 이용!,,"부자네스탁론이 봄맞이 이벤트로 5년고정 연 4.9%의 저금리 스탁론 상품을 출시하면서 투자자들에게 화제가 되고 있다.5년고정 연 4.9%의 저금리 스탁론은 주요 증권사의 신용 금리로 알려진 8~9%대의 금리보다 훨씬 금리가 낮은 상품이다.스탁론 상품들은 증권사 신용보다 레버리지는 더 높고 담보유지비율은 더 낮아 투자 고수들 사이에서 잘 알려진 상품이다.미수나 반대매도를 해결해주는 대환대출상품, 한 종목 100% 집중투자 상품신용등급, 매수불가종목, D.S.R 등 주식투자자들의 고민을 완벽하게 해결해주는 솔루션을 제공하는부자네스탁론은 고객마다 가장 최적의 대출방법으로 해결해준다.-스탁론 D.S.R<총부채원리금상환비율> 고강도 규제에도! 문제없는 부자네스탁론!– 소득 낮고 기존 대출금액 많아도 계좌평가금액에 비례해서 대출가능!▶머니투데이 부자네스탁론① 5년고정 연 4.9% 금리의 최저금리 스탁론② 자기자본포함 최대 4배까지 레버리지 투자 가능③ 매수가능종목 100% 집중투자가능 (코스닥, 시가총액, 포트폴리오비율상관없이)④ 스탁론 전종목 1:1 매수상담문의 → 수익극대화⑤ 반대매도 임박 / 추가입금이 힘들다면? → 1:1 로스컷 전문상담⑥ D.S.R과 신용등급 낮.아.도 문제없이 매입/대환까지 가능!★ D.S.R비율, 신용등급 무관 저금리 부자네스탁 AM8:00~PM4:00 ☎1577-5852★ AM 8:00 부터 선착순 예약접수 http://www.bujane.co.kr/5월 고객들의 문의가 많은 종목은 현대로템, 로보티즈, 바이오비쥬, 형지I&C, 삼성바이오로직스 등이 있다.무료상담",https://www.hankyung.com/article/202505264711a,2025.05.26 13:28
[Cover Story - TARGET] 자가면역질환의 치료법을 찾아-자가면역질환 치료제의 주요 타깃,글 문수진 가톨릭대학교 여의도성모병원 류마티스내과 교수,,https://www.hankyung.com/article/202503319827i,2025.04.15 08:53
,,,https://magazine.hankyung.com/business/article/202506170760b,
"미국 증시, 5월 변동성 속 회복세…기술주와 금융주 주목",,"2025년 5월 미국 증시는 변동성 장세를 겪으면서도 점차 회복세를 보이고 있다. 4월 초 도널드 트럼프 대통령의 대규모 관세 발표로 급락했던 시장은 5월 들어 일부 회복 조짐을 나타냈다. 특히, 기술주와 금융주가 주목받으며 투자자들의 관심을 끌고 있다.‘매그니피센트 7(Magnificent Seven)’으로 불리는 대형 기술주들은 연초 부진을 딛고 반등세를 보이고 있다. 골드만삭스는 이들 기업의 견고한 실적 성장과 낮아진 밸류에이션을 바탕으로 향후 시장을 주도할 것으로 전망했다. 특히, 엔비디아의 AI 칩 수요에 대한 기대감이 높아지고 있다.전문가들은 미국 증시가 단기적으로는 변동성을 지속하겠지만, 기술주와 금융주를 중심으로 중장기적인 회복 가능성이 있다고 전망하고 있다. 다만, 무역 정책과 금리 변동 등 외부 요인에 대한 지속적인 모니터링이 필요하다는 지적이다.신풍제약, 삼성바이오로직스, HD현대미포, 인벤티지랩, 한화비전무료상담",https://www.hankyung.com/article/202505278294a,2025.05.27 14:53
"17일, 거래소 기관 순매도상위에 운수장비 업종 4종목",,"기관 투자자는 17일 거래소에서 두산에너빌리티, 한화솔루션, HD현대 등을 중점적으로 매도한 것으로 나타났다.기관 투자자의 순매도 상위 20개 종목은 두산에너빌리티, 한화솔루션, HD현대, KODEX 200, 우리금융지주, GS건설, HD현대중공업, KODEX 레버리지, 롯데지주, LG씨엔에스등이다.이중에 운수장비 업종에 속한 종목이 4개 포함되어 있다.KODEX 200, KODEX 레버리지, LG씨엔에스 등은 전일 대비 주가가 상승했고, 두산에너빌리티, 한화솔루션, HD현대 등은 주가가 하락했다.[06월17일]거래소 기관 순매도 상위 종목한경로보뉴스이 기사는 한국경제신문과 금융 AI 전문기업 씽크풀이 공동 개발한 기사 자동생성 알고리즘에 의해 실시간으로 작성된 것입니다.",https://www.hankyung.com/article/202506171631L,2025.06.17 18:35
"08일, 기관 거래소에서 KODEX 200선물인버스2X(-3.71%), 삼성전자(-0.49%) 등 순매도",,"기관 투자자는 08일 거래소에서 KODEX 200선물인버스2X, 삼성전자, iM금융지주 등을 중점적으로 매도한 것으로 나타났다.기관 투자자의 순매도 상위 20개 종목은 KODEX 200선물인버스2X, 삼성전자, iM금융지주, LG에너지솔루션, 삼성SDI, LG전자, 하이브, 현대로템, 아모레퍼시픽, 현대차등이다.이중에 전기,전자 업종에 속한 종목이 5개 포함되어 있다.iM금융지주, 하이브, 현대차 등은 전일 대비 주가가 상승했고, KODEX 200선물인버스2X, 삼성전자, LG에너지솔루션 등은 주가가 하락했다.[07월08일]거래소 기관 순매도 상위 종목한경로보뉴스이 기사는 한국경제신문과 금융 AI 전문기업 씽크풀이 공동 개발한 기사 자동생성 알고리즘에 의해 실시간으로 작성된 것입니다.",https://www.hankyung.com/article/202507085833L,2025.07.08 18:35
"05일, 거래소 기관 순매도상위에 운수장비 업종 4종목",,"기관 투자자는 05일 거래소에서 KODEX 200선물인버스2X, 우리금융지주, HD현대중공업 등을 중점적으로 매도한 것으로 나타났다.기관 투자자의 순매도 상위 20개 종목은 KODEX 200선물인버스2X, 우리금융지주, HD현대중공업, 삼성바이오로직스, 두산에너빌리티, 삼성중공업, HD현대미포, TIGER 200, 현대건설, KODEX 200등이다.이중에 운수장비 업종에 속한 종목이 4개 포함되어 있다.두산에너빌리티, TIGER 200, KODEX 200 등은 전일 대비 주가가 상승했고, KODEX 200선물인버스2X, 우리금융지주, HD현대중공업 등은 주가가 하락했다.[06월05일]거래소 기관 순매도 상위 종목한경로보뉴스이 기사는 한국경제신문과 금융 AI 전문기업 씽크풀이 공동 개발한 기사 자동생성 알고리즘에 의해 실시간으로 작성된 것입니다.",https://www.hankyung.com/article/202506058153L,2025.06.05 18:35
"코스피, 미국발 훈풍에 1%대 강세…2540선 회복",,"사진=연합뉴스

                코스피지수가 25일 미국발(發) 훈풍에 장 초반 1% 넘게 오르며 2540선을 회복했다. 도널드 트럼프 미 대통령이 국가별 관세 협상 행보를 보이자 투자자들의 불안 심리가 완화되면서 이날 새벽 뉴욕증시가 강세로 마감한 영향을 받는 것으로 풀이된다. 이날 오전 9시7분 현재 코스피지수는 전 거래일보다 25.84포인트(1.02%) 오른 2548.17을 기록하고 있다. 지수는 이날 0.88% 오름세로 출발 후 상승폭을 확대하고 있다.유가증권시장에서 외국인과 기관이 각각 281억원과 460억원 매수 우위를 보이는 반면 개인은 697억원 매도 우위다.이날 새벽 뉴욕증시 주요 3대 지수는 사흘 연속 강세로 마감했다. 우량주 30개를 묶은 다우지수는 전장 대비 1.23% 올랐고, 나스닥종합지수와 S&P500지수도 각각 2.74%와 2.03% 상승했다. 코스피 시가총액 상위 종목은 대부분 상승세다. 삼성전자, SK하이닉스, LG에너지솔루션, 삼성바이오로직스, 현대차, 한화에어로스페이스, 셀트리온, 기아, KB금융, 네이버, 한화오션, 신한지주 등이 오르고 있다. 기아는 보합권을 나타내고 있다.카카오는 5%대 약세다. SK텔레콤이 보유하고 있는 카카오 지분을 처분한다는 소식이 영향을 준 것으로 풀이된다. 이날 SK텔레콤은 4133억원 규모의 카카오 지분 전량(1081만8510주)을 블록딜(시간외 대량매매) 방식으로 처분한다고 공시했다.HD현대중공업은 지난 1분기 '어닝 서프라이즈'(깜짝 실적)를 기록한 후 증권가 호평이 쏟아지면서 7%대 강세를 보이고 있다.코스닥지수는 4.45포인트(0.61%) 오른 730.53을 기록하고 있다.코스닥시장에서는 개인과 외국인이 각각 50억원과 36억원 매수 우위인 반면 기관은 69억원 매도 우위다.코스닥 시총 상위 종목은 혼조세다. 에코프로비엠, 에코프로, 레인보우로보틱스, 휴젤, 펩트론, 삼천당제약 등이 오름세다. 반면 알테오젠, HLB, 클래시스, 리가켐바이오, 파마리서치, 코오롱티슈진 등은 내리고 있다.리노공업은 5대 1 액면분할 후 주식 거래 첫날인 이날 12% 넘게 급등하고 있다.서울 외환시장에서 원·달러 환율은 전장보다 3원 내린 1432원으로 개장했다.고정삼 한경닷컴 기자 jsk@hankyung.com",https://www.hankyung.com/article/2025042550186,2025.04.25 09:26
"10일, 외국인 거래소에서 삼성바이오로직스(+2.72%), 한미반도체(+10.59%) 등 순매도",,"외국인 투자자는 10일 거래소에서 삼성바이오로직스, 한미반도체, POSCO홀딩스 등을 중점적으로 매도한 것으로 나타났다.외국인 투자자의 순매도 상위 20개 종목은 삼성바이오로직스, 한미반도체, POSCO홀딩스, 두산에너빌리티, KODEX 200선물인버스2X, SK이노베이션, 삼성전자, 한화오션, 신한지주, SK스퀘어등이다.이중에 기계 업종에 속한 종목이 2개 포함되어 있다.삼성바이오로직스, 한미반도체, POSCO홀딩스 등은 전일 대비 주가가 상승했고, KODEX 200선물인버스2X 등은 주가가 하락했다.[04월10일]거래소 외국인 순매도 상위 종목한경로보뉴스이 기사는 한국경제신문과 금융 AI 전문기업 씽크풀이 공동 개발한 기사 자동생성 알고리즘에 의해 실시간으로 작성된 것입니다.",https://www.hankyung.com/article/202504104230L,2025.04.10 18:35
"기준금리 동결·경기 ‘상저하고’ 흐름 속, 정부·한은 조합정책 시동",,"한국은행 금융통화위원회는 7월 10일 기준금리를 연 2.50%로 동결하면서, 집값 안정과 가계부채 증가 부담을 최우선 고려했다고 밝혔다. 이번 금리 동결은 지난해 10월 이후 네 번째 통화정책 방향 회의에서도 확인되었으며, 특히 가계대출 증가세가 금리 인하 여력에 제약을 가했다고 분석된다.한편 한국경제연구원(KERI)은 올해 성장률을 1.0%로 전망하면서, 상반기 0.2%에 그쳤던 경제가 하반기 1.8%까지 반등할 것으로 내다봤다. 다만, 통상 외교 성과와 정부의 경기부양책, 한·미 통상협상의 결과가 반등의 관건이 될 것으로 지적했다.OECD 경제단체들의 조사에서도 하반기 글로벌 경기 환경의 불확실성이 심화되고 있으며, 기업 체감 경기와 투자심리가 위축된 것으로 나타났다. 이는 수출 의존도가 높은 한국에도 부정적 영향을 미칠 전망이다.이처럼 내수·수출 회복 기대와 동시에 가계부채·부동산 리스크가 복합적으로 얽힌 가운데, 한은과 정부는 통화·재정·금융·부동산 정책을 유기적으로 연계해 대응해야 한다는 필요성이 커지고 있다. 투자자 입장에서는 정책의 방향성과 속도, 글로벌 리스크 변수(미·중 갈등, 미국 통상정책 등)에 따라 경기 반등 속도가 엇갈릴 수 있으므로, 신중한 태도가 요구된다.일승, 한화에어로스페이스, SK, 삼성바이오로직스, 모니터랩무료상담",https://www.hankyung.com/article/202507173663a,2025.07.17 09:53
"20일, 거래소 기관 순매수상위에 의약품 업종 1종목",,"기관 투자자는 20일 거래소에서 한국전력, 하이브, 삼성바이오로직스 등을 중점적으로 사들인 것으로 나타났다.기관 투자자의 순매수 상위 20개 종목은 한국전력, 하이브, 삼성바이오로직스, 호텔신라, 현대건설, 하나금융지주, KB금융, LS ELECTRIC, TIGER 미국나스닥100, 한국금융지주등이다.이중에 의약품 업종에 속한 종목이 1개 포함되어 있다.한국전력, 하이브, 호텔신라 등은 전일 대비 주가가 상승했고, 삼성바이오로직스, KODEX 인버스, 메리츠금융지주 등은 주가가 하락했다.[05월20일]거래소 기관 순매수 상위 종목한경로보뉴스이 기사는 한국경제신문과 금융 AI 전문기업 씽크풀이 공동 개발한 기사 자동생성 알고리즘에 의해 실시간으로 작성된 것입니다.",https://www.hankyung.com/article/202505205404L,2025.05.20 18:35
"코스피, 장중 3150선까지 후퇴…두산에너빌리티 7%↓","차익실현 매물에 1%대 하락
코스닥도 장중 약세 전환","사진=게티이미지뱅크 

                코스피지수가 22일 장중 연고점 돌파 이후 차익실현 매물이 나오면서 3150선까지 후퇴했다.이날 오후 1시40분 현재 코스피지수는 전일 대비 50.96포인트(1.59%) 내린 3159.85를 기록 중이다. 코스피지수는 장중 한때 상단을 3220.27까지 높이면서 연고점을 또 경신했지만 곧바로 매수세가 꺾이면서 3200선을 내줬다.2분기 글로벌 기업들의 호실적 전망에도 불구하고 다음달 1일 트럼프 행정부의 상호관세 부과 시점이 다가오는 데다 최근 '서머랠리'에 따른 차익실현 욕구가 나타난 것으로 풀이된다.이 시각 현재 유가증권시장에서 개인이 7300억원 순매수하고 있다. 외국인과 기관은 각각 3180억원과 4270억원 매도우위다.시가총액 상위주들은 대부분 하락하고 있다. 삼성전자(-2.88%), SK하이닉스(-1.65%), 한화에어로스페이스(-0.98%), KB금융(-0.52%), 두산에너빌리티(-7.75%) 등이 내림세다. LG에너지솔루션(0.3%), 삼성바이오로직스(0.19%) 등은 오르고 있다.LIG넥스원은 증권가의 밸류에이션 부담 평가에 7% 급락하고 있다. LG유플러스는 자사주 소각 결정 소식에 장중 신고가를 경신했다. 비에이치는 폴더블 아이폰 부품 공급 기대감에 18%대 급등하고 있다.코스닥지수도 장중 급락세로 전환했다. 이 시각 현재 코스닥지수는 135% 내린 811.03을 기록 중이다. 코스닥시장에서도 개인이 2260억원 순매수하고 있다. 외국인과 기관은 각각 1180억원과 990억원 매도우위다.노정동 한경닷컴 기자 dong2@hankyung.com",https://www.hankyung.com/article/2025072243606,2025.07.22 13:44
"신약설계·생산 원스톱…서울의 임상역량, 美·中보다 우위","새 역사 쓰는 K바이오
(3) 글로벌 신약 개발 허브로 자리매김

최초 폐암신약 승인 뒤엔 'K임상'
삼성·세브란스 등 연구중심병원
항암제 등 고난도 분야 최고 수준
복잡한 임상 규제 대응 전폭 지원
""韓, 후발주자 아닌 임상 리더 도약""","“한국에서 시작된 임상시험이 세계 최초의 폐암 신약 승인으로 이어졌습니다.”(조병철 연세암병원 폐암센터장·세브란스병원 종양내과 교수)세계 1위 제약사 존슨앤드존슨(J&J)이 개발한 ‘리브리반트’는 2021년 미국 식품의약국(FDA)으로부터 특정 돌연변이(엑손20 삽입 변이) 폐암 치료제로 첫 승인을 받으며 항암제의 새로운 이정표를 세웠다. 임상을 맡은 한국 의료진의 통찰력과 과학적 실행력이 신약 탄생으로 이어진 결과라는 게 글로벌 제약·바이오업계의 평가다. 한국이 임상시험 설계부터 의약품 생산까지 전 주기를 아우르는 역량을 기반으로 세계 의약품 시장에서 존재감을 키우고 있다.
                    






이미지 크게보기



 ◇신약 효과 알아본 한국 의료진16일 국가임상시험지원재단에 따르면 한국은 지난해 글로벌 임상시험에서 점유율 3.46%를 나타내며 미국(21.15%), 중국(14.59%), 호주(4.24%) 등에 이어 6위를 기록했다. 다국가 임상시험을 제외한 단일국가 임상시험에서는 점유율 3.99%로 3위를 차지했다.서울의 임상시험 실적은 더욱 두드러진다. 2017년부터 2023년까지 연속 1위를 기록했다. 지난해에는 의정 갈등 여파로 중국 베이징에 1위를 내줬지만 상하이, 미국 휴스턴 등을 제치고 2위에 올랐다. 의정 갈등이 완화되면 이른 시일 내에 선두를 재탈환할 것이란 전망이 나온다. 국가임상시험지원재단은 “우수한 한국 병원의 진료 역량이 양질의 임상시험으로 이어지는 기반으로 작용한다”고 분석했다.서울대병원, 삼성서울병원, 서울아산병원, 연세세브란스병원 등은 보건복지부로부터 ‘연구중심병원’으로 지정돼 임상시험 전담 인력과 연구개발(R&D) 인프라를 갖췄다. 특히 항암제와 희소질환 등 고난도 분야에서 최고 수준 역량을 갖춘 것으로 평가받는다.이는 글로벌 신약 개발을 촉진하는 요인이 되고 있다. 조병철 교수팀은 2015년 세계 최초로 임상시험에서 특정 돌연변이를 지닌 비소세포폐암 환자에게 리브리반트를 투여했다. 당시 개발사인 J&J는 이 약물이 어느 암종에서 효과를 보일지조차 확정하지 못한 상태여서 다양한 고형암 환자를 대상으로 임상 1상을 진행 중이었다. 조 교수는 리브리반트의 효능을 확인한 뒤 곧바로 J&J 본사와 적응증을 논의했다. 조 교수는 “임상시험에서 신약의 약효가 확인돼도 의료진이 대수롭지 않게 넘길 때가 많다”며 “우리 연구팀은 ‘이 약이 될 수 있다’는 확신이 강하게 들었다”고 말했다. ◇글로벌 임상개발 파트너로 성장국내 임상시험대행(CRO) 업체들은 한국의 선진 의료 인프라와 연계해 빠르게 존재감을 키우고 있다. 단순 임상시험 운영을 넘어 초기 설계부터 인허가 대응, 데이터 관리, 병원 네트워크 연계까지 전 주기를 아우르는 서비스 역량을 확보했다. CRO는 신약 개발의 시간과 비용을 줄이고, 복잡한 임상시험과 규제 대응을 전문적으로 지원하는 핵심 인프라다.국가임상시험지원재단에 따르면 국내 CRO 총매출은 2014년 1023억원에서 2023년 5463억원으로 늘었다. 같은 기간 외국계 한국지사 CRO의 매출은 1917억원에서 4338억원으로 증가하는 데 그쳤다. 씨엔알리서치 관계자는 “예전에는 글로벌 CRO만 가능하다고 여겨지던 일들을 이제는 국내 회사도 충분히 소화할 수 있다”고 말했다.신약 개발의 최종 종착지인 생산 능력도 앞선다. 삼성바이오로직스는 단일 기업 기준 세계 1위 CDMO(바이오의약품 위탁개발생산) 생산 능력을 확보하고 있다. 인천 송도에 총 78만4000L 규모의 생산 설비를 가동 중이며, 건설 중인 6공장이 완공되면 2027년 생산 능력은 96만4000L가 될 전망이다.서정선 마크로젠 회장은 “임상부터 정밀의학 기반 개발, 생산까지 모든 영역에서 한국의 경쟁력은 이제 단순한 ‘후발주자 추격’이 아니라 ‘글로벌 선도’ 수준에 올라섰다”며 “앞으로도 글로벌 신약 개발에서 한국의 허브 역할은 더욱 커질 것”이라고 말했다.김유림 기자 youforest@hankyung.com",https://www.hankyung.com/article/2025061686651,2025.06.16 18:08
"코스피, 2% 오르며 2640 회복…코스닥도 1.3%↑","외인·기관 양대 시장서 순매수
원·달러 환율 1364.4원에 주간 거래 마감","사진=연합뉴스

                코스피가 기관과 외국인의 매수세에 힘입어 2% 오르며 마감했다. 코스닥도 1% 넘게 올랐다.26일 코스피는 전 거래일 대비 52.31포인트(2.02%) 뛴 2644.4에 마감했다. 장 초반 2590선에 머물렀던 코스피는 점차 우상향하다가 마감 직전 2640선을 돌파했다.유가증권시장에서 기관과 외국인은 각각 4214억원, 1289억원을 순매수하며 지수를 끌어올렸다. 개인은 홀로 5165억원을 순매도했다.미국이 유럽연합(EU)에 부과하려던 관세를 유예하자 투자심리가 살아난 것으로 풀이된다. 앞서 트럼프 행정부는 EU에 50% 관세를 부과하겠다고 밝혔다. 이후 뉴욕증시 3대 지수가 모두 하락했다. 그러자 도널드 트럼프 미국 대통령은 25일(현지시간) EU에 부과하려던 50% 관세를 7월 9일까지 유예하겠다고 밝혔다.삼성물산(7.11%), 두산에너빌리티(1.72%) 등 원전주의 상승세가 가팔랐다. 원전주도 불을 뿜었다. 도널드 트럼프 미국 대통령이 미국의 원자력 발전 용량을 2050년까지 네 배 늘리겠다고 밝히면서다. 전임 조 바이든 행정부 목표치(2050년 3배 확대)보다 높여 잡았다.LG에너지솔루션(3.73%), 삼성SDI(3.62%), LG화학(2.91%), 포스코퓨처엠(1.8%) 등 2차전지주도 반등했다. 국내 배터리 기업의 실적 버팀목 역할을 해온 미국 인플레이션감축법(IRA) 상 첨단세액공제(AMPC)가 일단 유지되면서다.그 외 HD현대중공업(6.04%), KB금융(3.03%) 네이버(2.68%), 삼성바이오로직스(2.66%), 신한지주(2.18%), SK하이닉스(1.5%), 기아(1.15%), 현대차(1.11%), 삼성전자(0.92%), 한화에어로스페이스(0.36%), 셀트리온(0.2%) 등 시가총액 상위주가 대부분 상승 마감했다.코스닥 지수는 전장 대비 9.29포인트(1.3%) 오른 725.27에 거래를 마쳤다. 710대에서 거래를 시작한 코스닥은 장 초반 720선을 돌파했다.코스닥 시장에서도 외국인과 기관은 각각 919억원, 895억원어치를 순매수했다. 개인은 1781억원 매도 우위를 보였다.코스닥 시총 상위주도 대부분 강세를 보였다. 에이비엘바이오(4.82%), 삼천당제약(3.62%), 리노공업(3.42%), 펩트론(3.18%), 알테오젠(2.63%), 에코프로비엠(2.27%), 레인보우로보틱스(1.51%), 리가켐바이오(0.82%), 에코프로(0.51%)가 모두 상승세로 거래를 마쳤다.오후 3시30분 현재 서울 외환시장에서 원·달러 환율은 1364.4원에 주간 거래를 마쳤다. 이날 시가는 1369원으로 7개월 만에 가장 낮았다.진영기 한경닷컴 기자 young71@hankyung.com",https://www.hankyung.com/article/2025052661636,2025.05.26 15:51
"코스피, 외인·기관 순매수에 2620선 올라…SK하이닉스 4%↑",코스닥은 0.2% 하락중,"13일 서울 중구 하나은행 본점 딜링룸에서 직원들이 증시 및 환율을 지켜보고 있다. /사진=연합뉴스

                코스피가 장 초반 강세를 보이고 있다. 뉴욕 증시에서 기술주가 강세를 보인 영향으로 풀이된다. 코스닥 지수는 소폭 하락중이다.14일 오전 9시4분 현재 코스피는 전일 대비 20.89포인트(0.8%) 오른 2629.31을 가리키고 있다. 코스피는 전일 대비 16.94포인트(0.65%) 오른 2625.36에 개장한 후 우상향하는 흐름을 보이고 있다.유가증권시장에서 외국인은 1073억원을 순매수하며 코스피를 끌어올리고 있다. 기관도 46억원 매수 우위를 보이고 있다. 반면 개인은 1184억원을 순매도하는 중이다.시가총액 상위주는 대체로 강세를 띠고 있다. SK하이닉스(4.03%)의 상승세가 두드러진 가운데 한화에어로스페이스(1.74%), 삼성전자(1.23%), HD현대중공업(0.98%), 네이버(0.85%), 한화오션(0.64%)의 주가가 오르고 있다. 반면 셀트리온(-1.04%), 삼성바이오로직스(-0.9%)는 하락세다.코스닥 지수는 전일 대비 1.67포인트(0.23%) 밀린 730.21에 거래되고 있다. 코스닥 지수는 0.32포인트(0.04%) 상승한 732.2에 거래를 시작했지만, 하락 전환했다.코스닥 시장에서 외국인과 기관은 각각 340억원, 90억원을 순매도하고 있다. 개인은 493억원을 순매수하며 물량을 받아내는 모습이다.코스닥 시총 상위주는 대부분 하락 중이다. 알테오젠(-6.61%), 펩트론(-5.81%), 에이비엘바이오(-4.7%), 리가켐바이오(-2.81%), 삼천당제약(-2.09%), 휴젤(-1.89%), 에코프로비엠(-0.51%)이 파란불을 켰다.원·달러 환율은 1415.7원으로 보합권에 머무르고 있다.뉴욕증시의 3대 주가지수는 혼조세를 보였다. 다만 엔비디아의 대규모 납품 소식에 기술주는 강세 마감했다.13일(현지시간) 뉴욕증권거래소(NYSE)에서 다우존스30산업평균지수는 전장보다 269.67포인트(0.64%) 밀린 4만2140.43에 거래를 마감했다. 스탠더드앤드푸어스(S&P)500지수는 전장보다 42.36포인트(0.72%) 오른 5886.55를 기록했다. S&P500의 연간 수익률은 플러스 전환했다. 기술주 중심의 나스닥 지수는 301.74포인트(1.61%) 뛴 1만9010.08에 거래를 마쳤다.이날 기술주는 강세를 보였다. 엔비디아발(發) 훈풍이 투자심리를 자극한 모습이다. 엔비디아는 사우디에 자사의 최신 인공지능(AI) 칩 'GB300 블랙웰'을 사우디 기업 휴메인에 1만8000개 이상 판매할 예정이라고 발표했다. 엔비디아 주가는 5.63% 뛰었다. 메타(2.92%)·아마존(1.37%)도 강세를 보였다.진영기 한경닷컴 기자 young71@hankyung.com",https://www.hankyung.com/article/2025051412976,2025.05.14 09:13
"미 증시에 안도…코스피, 장 초반 2620선 낙폭 만회",미 신용등급 강등 속 환율 1390원대 초반 등락,"사진=게티이미지뱅크 

                20일 코스피지수가 미국 국가신용등급 강등에도 무덤덤한 모습을 나타낸 미 국채금리에 안도하면서 전날 하락분 만회에 나섰다.이날 오전 9시5분 현재 코스피지수는 전 거래일 대비 18.29포인트(0.7%) 오른 2621.71을 기록 중이다. 지수는 이날 0.74% 상승 출발했다.간밤 뉴욕증시가 미 국가신용등급 하락 소식에도 강보합으로 마감한데다 미 국채금리도 별다른 움직임을 보이지 않으면서 투자심리가 회복된 것으로 풀이된다.다만 거래는 제한된 모습이다. 유가증권시장에서 이 시각 현재 외국인과 기관은 각각 92억원과 55억원 순매수하고 있다. 기관은 89억원 매도우위다.코스피 시가총액 상위기업들은 대부분 오르고 있다. 삼성전자와 SK하이닉스가 각각 0.99%와 1.93% 상승하고 있다. 현대차, 한화에어로스페이스, KB금융, 기아, 셀트리온, 신한지주, 한호오션도 빨간불을 켰다. 반면 삼성바이오로직스와 LG에너지솔루션, HD현대중공업, 네이버는 내림세다.콜마홀딩스는 경영권 분쟁 가능성이 부각되면서 9.89% 뛰고 있다.코스닥지수는 1%대 상승하고 있다. 이 시각 현재 코스닥지수는 전일 대비 7.27포인트(1.02%) 오른 721.02를 기록 중이다. 코스닥시장에선 외국인과 개인이 각각 158억원과 134억원 순매수하고 있다. 기관은 137억원 매도우위다.코스닥 시가총액 상위주들은 혼조세다. 알테오젠, HLB, 레인보우로보틱스, 펩트론, 파마리서치가 오르는 반면 에코프로비엠, 에코프로, 클래시스, 삼천당제약은 떨어지고 있다.바이오비쥬는 코스닥시장 상장 첫날 장 초반 공모가 대비 180% 가까이 뛰고 있다.원·달러 환율은 하락하고 있다. 이날 서울 외환시장에서 원·달러 환율은 전 거래일 대비 7.8원 내린 1390원에 개장했다. 노정동 한경닷컴 기자 dong2@hankyung.com",https://www.hankyung.com/article/2025052034566,2025.05.20 09:20
"'급한 불' 껐지만…""국민연금, 매수여력 바닥""","연기금 올들어 5.5조 순매수
폭락장서 '증시 소방수' 역할
반도체·조선·방산 등 저가매수

국민연금 국내주식 비중 12.7%
장기 목표치 13%에 이미 근접","미국발 관세 전쟁으로 시장 변동성이 커진 가운데 국민연금의 ‘증시 소방수’ 역할이 두드러지고 있다. 반도체, 방위산업, 식음료 업종을 중심으로 저점 매수에 나서며 주력 업종의 회복 탄력성을 키우고 있다는 평가가 나온다. 다만 국민연금의 매수 여력이 갈수록 줄어들 것이란 관측이 일각에서 제기된다.
                    






이미지 크게보기



 ◇ 연기금도 포기 못한 반도체·방산14일 한국거래소에 따르면 연기금은 올 들어 국내 증시에서 총 5조5535억원어치를 순매수한 것으로 집계됐다. 코스피지수가 반짝 상승한 지난 3월(2002억원)을 빼면 1월(1조8762억원)과 2월(1조8013억원), 이달 1~14일(1조6756억원) 모두 조 단위로 사들였다.최근 폭락장에선 기록적인 매수세로 대응한 날이 많았다. 지수가 5.57% 급락한 이달 7일 ‘블랙먼데이’ 때는 하루에 4253억원어치를 순매수했다. 최근 5년 사이 두 번째로 큰 규모다. 3일엔 지수 2500선이 깨지자 2737억원어치를 사들였다.연기금 흐름을 좌우하는 곳은 국민연금이란 게 증권업계의 설명이다. 운용자산 규모가 다른 기금을 압도할뿐더러 주식 비중도 높아서다. 국민연금은 특히 증시 하락기에 미리 설정한 포트폴리오에 따라 매수 규모를 확대하는 경우가 많다.이달 들어 연기금이 추가로 담은 종목을 살펴보면 시가총액 상위 반도체주와 바이오, 조선, 방산 위주였다. 삼성전자(2658억원어치)와 SK하이닉스(786억원어치)는 각각 순매수 1위, 4위였다. 반도체 업황이 회복세를 보였는데도 관세 리스크가 불거져 단기 변동성이 커진 기업들이다.삼성바이오로직스(1355억원어치)는 연기금 순매수 2위였다. 이 회사는 관세 타격이 큰 미국보다 유럽 매출 비중이 높다. 조선과 방산 대표주인 HD현대중공업(1209억원어치), 한화오션(698억원어치), 한화에어로스페이스(660억원어치) 등도 많이 담았다. 반면 에이비엘바이오(-625억원어치), 두산에너빌리티(-262억원어치) 등은 순매도 우위였다.홍춘욱 프리즘투자자문 대표는 “거래량이 많고 장기 투자 가치가 높다고 판단되는 종목이 국민연금 포트폴리오의 중심”이라며 “국민연금의 투자 일임을 맡은 운용사들 역시 관세 영향이 작은 곳을 노려 저가 매수에 나섰을 것”이라고 말했다. ◇ “국민연금 매수 여력 작을 수도”금융감독원 전자공시시스템에 따르면 국민연금은 올 1분기 5% 이상 보유한 일부 종목의 투자 비중을 높인 것으로 나타났다. 이마트(10.01%→12.58%), 현대백화점(10.03%→11.45%), 오리온(10.53%→10.63%) 등 유통 및 식음료 관련주가 대표적이다. 수십조원 규모 추가경정예산이 확정되면 수혜를 기대할 수 있다는 게 증권업계 시각이다. 국민연금은 BNK금융지주(8.61%→9.63%), 한국금융지주(9.51%→10.95%) 등 금융·증권주 지분도 늘렸다. 영업이익 개선과 주주환원 확대로 주목받은 업종이다. 조선·방산주 중에선 LIG넥스원(10%)과 STX엔진(8.35%)을 신규 매수했다.다만 국민연금 매수세가 계속되기 어려울 것이란 시각도 있다. 국내 주식 비중이 지난 11일 기준 12.7%(독립 리서치 리서치알음 추정)인데, 2029년까지의 장기 목표치 역시 13%에 불과해서다. 추가 매수 여력이 별로 없는 셈이다. 국내 증시를 방어하는 ‘큰손’이 추가 매수에 나서지 않으면 대형주의 회복 탄력성이 기대에 못 미칠 것이란 우려가 커질 수 있다. 최성환 리서치알음 대표는 “국민연금의 포트폴리오 조정이 마무리 단계”라며 “외국인 매도세를 감안할 때 국민연금이란 버팀목이 사라지면 국내 증시의 민낯이 드러날 수 있다”고 경고했다.이시은 기자 see@hankyung.com",https://www.hankyung.com/article/2025041408241,2025.04.14 17:42
"코스피, 상호관세 유예 만료 앞두고 '숨고르기'…외인 '팔자'",'합병 발표' HD현대건설기계·인프라코어 '급등',"사진=게티이미지뱅크 

                코스피지수가 트럼프 행정부가 지정한 상호관세 유예 만료 기한을 앞두고 투자심리가 위축되며 숨고르기에 나섰다.2일 오전 9시8분 현재 코스피지수는 전일 대비 20.87포인트(0.68%) 하락한 3068.78을 기록 중이다.간밤 뉴욕증시는 도널드 트럼프 미국 대통령의 상호관세 발언, 트럼프 대통령과 일론 머스크 테슬라 최고경영자(CEO) 간의 갈등 등을 주시하며 혼조세를 나타냈다.트럼프 대통령은 이날 플로리다주를 방문한 뒤 워싱턴DC로 돌아오는 전용기 안에서 상호관세 유예 시한을 연장할 수 있냐는 취재진 질문에 ""아니다. 유예에 대해서는 생각하지 않고 있다""고 말했다.상호관세 유예 만료 시한은 오는 8일(현지시간)까지로 일주일 남은 상황이다. 트럼프 행정부는 상호관세 유예기간 각국과 무역 협상을 벌여왔는데 아직 영국 외에는 협상을 타결한 국가가 없다.이 시각 유가증권시장에서 개인이 3600억원 순매수하고 있다. 외국인과 기관은 각각 2185억원과 1089억원 매도우위다.코스피 시가총액 상위주들은 등락이 엇갈리고 있다. 삼성전자(-0.5%), SK하이닉스(-2.63%), 삼성바이오로직스(-0.3%), LG에너지솔루션(-1.01%) 등이 하락하고 있다. 반면 현대차(0.95%), KB금융(1.17%), 기아(0.41%) 등은 상승하고 있다.합병을 발표한 HD현대건설기계와 HD현대인프라코어는 장 초반 15.5%와 4.72%씩 오르고 있다. 최근 단기 급등세를 보였던 한화(-8.36%), LS(-7.06%), 노루홀딩스(-5.1%) 등 지주사들의 주가는 약세다.코스닥지수도 하락하고 있다. 이 시각 현재 코스닥지수는 0.18% 내린 782.24를 기록 중이다. 코스닥시장에선 외국인이 818억원 순매도를 나타내고 있다. 개인과 기관은 각각 889억원과 21억원 매수우위다.코스닥 시총 상위주들은 혼조세다. 알테오젠이 5%대 급등하고 있는 가운데 에코프로비엠, 에코프로, HLB, 레인보우로보틱스, 파마리서치 등은 하락하고 있다.원·달러 환율은 하락세다. 이날 서울 외환시장에서 원·달러 환율은 전일 대비 0.9원 내린 1355원에 개장했다.노정동 한경닷컴 기자 dong2@hankyung.com",https://www.hankyung.com/article/2025070229506,2025.07.02 09:20
2분기 실적 기대에도 NAVER 주가 숨 고르기…AI·커머스 성장성은 여전,,"NAVER가 2분기 실적 개선 기대 속에서도 주가가 단기 조정 흐름을 보이며 숨 고르기에 들어갔다. 2분기 매출과 영업이익 모두 시장 기대치를 충족할 것이란 전망이 우세하지만, 최근 외국인 매도세와 기술적 부담이 맞물리며 주가의 상승 탄력은 다소 둔화되는 모습이다.금융정보업체 에프앤가이드는 NAVER의 2분기 연결 매출을 약 2조 9,000억 원, 영업이익을 약 5,300억 원 수준으로 예상하고 있다. 이는 전년 동기 대비 각각 두 자릿수 증가세로, 커머스·광고 부문의 회복이 주된 요인으로 분석된다.특히 스마트스토어와 서치 플랫폼 광고는 각각 10% 이상 성장한 것으로 추정되며, 플랫폼 사업의 안정성과 AI 기술 기반의 고도화가 실적 회복을 이끌고 있다는 평가다.다만, 최근 주가는 외국인 매도와 차익 실현 물량 출회로 일시적 조정을 받는 모습이다. 연초 이후 이어진 상승세 속에서 일부 기관은 투자의견 ‘중립’을 유지하며 신중한 접근을 권고하고 있다. 밸류에이션 측면에서도 NAVER의 현재 주가수익비율(PER)은 과거 평균 대비 다소 높은 수준에 머물고 있어 추가 상승에는 실적 외의 새로운 모멘텀이 필요하다는 의견도 나온다.그럼에도 증권가에서는 하반기 AI 광고·커머스의 본격화, 글로벌 서비스 확대 등을 통해 NAVER의 중장기 성장 가능성은 여전히 유효하다고 보고 있다. 업계 관계자는 “단기 조정은 오히려 추세 전환을 위한 건강한 흐름”이라며 “2분기 실적 발표와 AI 성과 구체화 여부가 향후 주가 방향을 결정할 핵심 변수”라고 밝혔다.대성산업, 한국항공우주, 부국증권, 소룩스, 삼성바이오로직스무료상담",https://www.hankyung.com/article/202507096786a,2025.07.09 14:03
기관·외인 쌍끌이 매수에 코스피 2640 마감…코스닥도 '상승',원·달러 환율 1420원선,"사진=연합뉴스

                코스피와 코스닥 지수가 외인·기관의 매수세에 힘입어 동반 상승했다. 관세 우려가 완화해 투자심리가 회복된 것으로 보인다. 미국 증시에서 기술주가 강세를 보인 점도 긍정적인 영향을 줬다.14일 코스피는 전일 대비 32.15포인트(1.23%) 오른 2640.57에 마감했다. 2620선에 개장한 코스피는 오전 10시께부터 우상향하며 2640선을 돌파했다.유가증권시장에서 기관과 외국인은 각각 5526억원, 5099억원을 순매수하며 지수를 끌어올렸다. 개인은 1조530억원을 순매도하며 매물을 쏟아냈다.시가총액 상위주의 주가는 대부분 올랐다. SK하이닉스(3.78%)의 상승세가 두드러졌다. 엔비디아가 사우디아라비아에 인공지능(AI) 칩을 공급한다는 소식이 전해지면서다. 그 외 한화오션(2.32%), 한화에어로스페이스(1.99%), 네이버(1.59%), HD현대중공업(1.59%), 삼성전자(0.88%), 삼성바이오로직스(0.5%), LG에너지솔루션(0.48%)이 모두 올랐다.HD현대에너지솔루션(29.94%), 씨에스윈드(14.78%), 한화솔루션(10.83%), OCI홀딩스(6.9%), SK오션플랜트(24.78%) 등 태양광·풍력 발전주도 일제히 급등했다. 이재명 더불어민주당 대선 후보가 재생에너지 공약을 재차 강조한 영향으로 보인다. 경영권 분쟁 가능성이 제기된 한진칼(29.94%)도 연일 상한가까지 치솟았다. 1조1000억원 규모의 주주배정 유상증자를 추진하는 포스코퓨처엠은 4% 하락했다. 코스닥 지수도 전일 대비 7.17포인트(0.98%) 상승한 739.05에 거래를 마쳤다. 지수는 장 초반 726.51까지 밀리기도 했지만, 상승 전환하며 740선 턱밑까지 올랐다.코스닥 시장에서도 기관과 외국인은 각각 670억원, 436억원을 순매수했다. 개인은 800억원을 순매도했다. 코스닥 시총 상위주는 혼조세를 보였다. 레인보우로보틱스(10.91%)가 10% 이상 급등한 가운데 파마리서치(6.41%), 에스엠(2.73%), 삼천당제약(1.35%)은 올랐다. 반면 펩트론(-4.73%), 알테오젠(-3.74%), 리가켐바이오(-1.4%), 에이비엘바이오(-1.13%), 리노공업(-1.11%)은 하락했다.오후 3시30분 기준 원·달러 환율은 4.2원 오른 1420.2원을 기록했다.이재원 신한투자증권 연구원은 ""미국 4월 소비자물가지수(CPI)가 예상치를 밑돌았고, 반도체 업종에 대한 기대감도 살아났다. 외국인 순매수세도 이어지며 대형주 위주의 상승세가 나타났다""고 설명했다. 이어 ""실적 시즌이 마무리 국면에 진입했다. 주요 기업의 실적을 확인하고, 대선후보별 정책 발표에 따른 테마주 등락을 확인할 필요가 있다""고 덧붙였다.진영기 한경닷컴 기자 young71@hankyung.com",https://www.hankyung.com/article/2025051425616,2025.05.14 15:47
"코스피, 美 반도체 규제에도 2470선 회복…한화에어로 '사상 최고가'","태양광 소재 미 관세 면제…OCI홀딩스 15%↑
환율, 넉 달 만에 1410원대로 내려와","사진=뉴스1

                17일 코스피지수가 트럼프 행정부의 대(對)중국 반도체 수출 규제 강화와 미 중앙은행(Fed) 의장의 인플레이션 우려 언급에도 저가 매수세 유입에 1% 가까이 상승했다.이날 코스피지수는 전일 대비 22.98포인트(0.94%) 오른 2470.41에 장을 마감했다. 0.17% 상승 출발한 코스피지수는 이날 오전 한국은행 기준금리 결정을 앞두고 경계감이 발동하며 장중 하락 전환하기도 했으나 연 2.75% 금리 동결 소식 이후 불확실성 재료가 소멸되면서 상단을 높였다.앞서 뉴욕증시는 트럼프 행정부의 대중(對中) 반도체 수출 제한 수위 강화 여파로 반도체·인공지능(AI)주 매도세가 나오면서 주요 지수가 일제히 급락했다. 여기에 제롬 파월 미 Fed 의장의 인플레이션 우려 발언까지 나오면서 시장에 찬물을 끼얹었다.이날 코스피 상승은 기관 투자자가 이끌었다. 유가증권시장에서 기관은 3630억원 순매수했다. 외국인과 개인은 각각 3515억원과 1003억원 매도우위였다.코스피 시가총액 상위종목들은 혼조세였다. 엔비디아의 대중 반도체 수출 규제 소식에도 불구하고 삼성전자와 SK하이닉스는 각각 0.91%와 0.57% 오르면서 선방했다. 삼성바이오로직스, 현대차, 기아, HD현대중공업도 상승했다.태양광 소재 미 관세 면제 소식에 OCI홀딩스와 한화솔루션은 각각 15%대와 10%대 뛰었다. 태양광 업계에 따르면 태양광 밸류체인 기초소재인 폴리실리콘과 웨이퍼는 미국 정부가 직접 발표한 1039개 관세 면제 품목(HTSUS)에 포함됐다. 해당 리스트는 미국이 직접 생산하기 어려운 품목들로 구성됐고, 금액으로 따지면 약 945조원에 달한다.한화에어로스페이스는 3.43% 오른 81만5000원으로 마감하면서 사상 최고가를 갈아치웠다. 금융당국은 이날 한화에어로스페이스 유상증자 증권신고서에 다시 한번 정정요구를 했다.코스닥지수는 2% 가까이 강세를 나타내면서 전날 하락분을 만회했다. 이날 코스닥지수는 전일 대비 1.81% 오른 711.75포인트로 장을 마쳤다. 코스닥시장에선 외국인과 기관이 각각 1047억원과 473억원 매수우위였다. 개인은 1502억원 팔았다.코스닥 시총 상위주들은 대부분 올랐다. 알테오젠, 에코프로비엠, HLB, 에코프로, 레인보우로보틱스 등이 강세였다. 펩트론은 5%대 뛰었다.이재명 더불어민주당 대선 경선 후보가 오는 18일 대구 웹툰도서관을 방문한다는 소식이 전해지면서 콘텐츠 플랫폼 기업인 핑거스토리와 와이랩 등이 급등했다.원·달러 환율은 넉 달 만에 1410원대로 내려왔다. 이날 오후 3시30분 기준 서울외환시장에서 원·달러 환율은 전일 대비 7.8원 떨어진 1418.9원에 주간거래를 마쳤다.노정동 한경닷컴 기자 dong2@hankyung.com",https://www.hankyung.com/article/2025041784726,2025.04.17 15:53
미 증시 충격파 코스피로도…2610선 후퇴,,"사진=연합뉴스

                간밤 미국 증시에서 3대 주가지수가 미 20년물 국채 입찰 수요 부진 충격파로 급락한 가운데, 우리나라 코스피지수도 하락 출발했다.22일 한국거래소에 따르면 오전 9시10분 현재 코스피지수는 전날보다 15.32포인트(0.58%) 내린 2610.26에 거래되고 있다. 지수는 전날 대비 10.92포인트(0.42%) 오른 2614.66에 개장했다.외국인과 기관은 각각 409억원, 797억원 매도 우위이고 개인만 1436억원 매수 우위다.유가증권시장에서 대장주 삼성전자는 0.7% 하락, SK하이닉스는 0.2% 상승 중이다. 개장 전 인적분할로써 CDMO 부문과 바이오 시밀러 부문을 완전 분리하겠다고 발표한 삼성바이오로직스는 보합가격이다. 그 밖에 한화에어로스페이스, KB금융, 현대차, 기아 등이 1%대 약세다.코스닥지수는 5.54포인트(0.77%) 내린 718.08에 거래 중이다. 지수는 전날보다 2.66포인트(0.37%) 하락한 720.96에 개장했다.외국인과 기관이 각각 207억원, 4억원 매도 우위이고 개인만 220억원 매수 우위다.코스닥시장에서 시총 상위주 대부분이 파란불을 켰다. HLB만이 1% 미만 오름세를 보이고 있고 대장주 알테오젠(-0.31%)을 비롯해 에코프로비엠(-1.48%), 레인보우로보틱스(-2.68%) 등이 약세다. 코오롱티슈진과 씨젠은 4%대 강세다.유가증권시장과 코스닥시장을 통틀어 코로나19 관련주가 강세다. 그린생명과학이 상한가를 기록했고 더바이오메드(19.79%), 엑세스바이오(15.38%), 휴마시스(12.33%), 랩지노믹스(7.81%), 녹십자엠에스(7.66%), 서울제약(5.19%) 등이 동반 상승세다.유가증권시장에서 삼성물산은 7%대 강세다. 삼성바이오로직스가 인적 분할을 추진하기로 한 가운데 최대주주인 삼성물산의 주가가 급등 중이다. 삼성물산우B도 7% 넘 오르고 있다.서울 외환시장에서 원·달러 환율은 10.2원 내린 1377원에 개장했다.신민경 한경닷컴 기자 radio@hankyung.com",https://www.hankyung.com/article/2025052285116,2025.05.22 09:17
소문에 주가 뛰더니 돌연 '급락'…삼성바이오에 무슨 일이 [종목+],"삼성바이오로직스, 인적분할 발표 후 급락

주식시장에 분할 계획 미리 알려지며 변동성 커져
삼성바이오에피스 중복 상장 의혹도 이어져 

CDMO·바이오시밀러 사업 '이해충돌' 문제 해소
삼성그룹이 신약 개발 추진한다는 기대감 부상","사진=한경DB

                삼성바이오로직스 주가가 바이오의약품 위탁개발생산(CDMO) 사업과 바이오시밀러(복제약)·신약개발 사업으로 회사를 쪼개는 인적분할 계획을 공시한 후 급락했다. 물적분할과 비교해 주주가치 훼손 가능성이 적은 인적분할을 추진했지만 주가가 하락한 점이 증권가의 눈길을 끈다. 전문가들은 공시에 앞서 주가가 급등한 데 따른 차익실현, 신설회사로 편입될 삼성바이오에피스를 중복 상장하는 것 아니냐는 의혹 등의 영향으로 풀이한다.26일 한국거래소에 따르면 지난 23일 삼성바이오로직스는 5.93% 하락한 101만6000원에 거래를 마쳤다. 직전 거래일인 22일 장중엔 8.18% 오른 119만원까지 치솟았다가, 하락 전환해 1.82% 빠진 108만원으로 마감됐다. 장중 고점과 비교하면 2거래일 동안 14.62%나 급락했다.공시 전 삼성바이오로직스가 회사를 분할할 것이란 이야기가 퍼지며 미리 주가가 상승해 공시 이후 차익실현 매물이 쏟아진 것으로 보인다. 지난 21일 삼성바이오로직스 주가는 7.11%나 급등했다. 장중 8.96% 상승한 111만9000원까지 치솟자 한국거래소는 회사를 분할한다는 풍문에 대한 조회공시를 요구하기도 했다.삼성바이오로직스는 22일 개장 직전 인적분할 계획을 공시했다. CDMO 사업을 하는 삼성바이오로직스를 존속회사로 남기고, 삼성바이오에피스를 포함한 자회사 관리 및 신규투자 등을 사업 목적으로 하는 ‘삼성에피스홀딩스’(가칭)를 신설회사로 설립한다는 내용이다.인적분할은 물적분할과 비교해 주주가치 훼손이 적다는 인식이 지배적이다. 현재 주주들이 존속회사와 신설회사의 주식을 지분율대로 나눠 갖기 때문이다. 반면 물적분할은 신설회사의 주식 전부를 존속회사가 소유한다. 존속회사가 신설회사를 기업공개(IPO)해 외부에서 자금을 조달하면, 기존 주주들은 손해를 보는 경우가 많다. 시장에서 존속회사 주식 가치에 지주사 할인이 적용되기 때문이다.미래의 물적분할 추진 가능성에 대한 우려도 주가를 끌어 내린 요인 중 하나로 꼽힌다. 삼성바이오로직스도 이 논란을 예상한 것으로 보인다. 향후 5년 동안 삼성바이오에피스의 상장을 추진하지 않겠다는 내용을 삼성에피스홀딩스의 정관에 넣겠다고 처음부터 밝혔다. 하지만 일각에서는 ‘5년 뒤에 삼성바이오에피스를 상장하는 것 아니냐’는 의혹이 재차 제기됐다.김선아 하나증권 연구원은 “삼성에피스홀딩스가 인적분할된 초기에는 연구·개발(R&D)와 기술이전, 기업 인수·합병(M&A)에 다소 비용을 소진할 수밖에 없고, 부채 규모도 늘어날 것”으로 예상했다. 그는 삼성바이오로직스의 인적분할 결정을 두고 “결국 삼성에피스홀딩스가 중장기적으로 성장하기 위해 자체적인 외부 자본 조달이 용이한 구조를 만들어야 했다”고도 평가했다.분할 비율이 시장에서 인식하는 부문별 가치와 다르다는 지적도 나왔다. 김승민 미래에셋증권 연구원은 “미래에셋증권이 제시한 목표주가 135만원은 CDMO 사업 가치 88조원과 삼성바이오에피스의 바이오시밀러 사업 가치 9조원의 합산으로, 9대 1의 비율”이라고 말했다. 삼성바이오로직스가 분할을 마치고 재상장된 뒤 법인별 주가 변동성이 커질 가능성이 있다는 진단이다.다만 주가 흐름과 달리 삼성바이오로직스의 분할에 대한 증권가의 평가는 대체로 호평 쪽으로 크게 기운다.우선 이전부터 제기된 의약품 위탁 개발·생산(CDMO) 사업과 바이오시밀러 개발·판매 사업 사이에 이해충돌 문제가 해소된다. 정유경 신영증권 연구원은 “CDMO 사업 특성상 생산을 위탁하게 되는 품목의 공정 등 생산 관련 기술 대부분을 고객사가 CDMO 회사에 이전하게 된다”며 “CDMO 고객사 입장에선 위탁품목의 제반 기술이 삼성바이오에피스로 유출되는 데 대한 우려가 지속돼왔을 것”이라고 설명했다.신약 개발 모멘텀이 생길 가능성도 기대된다. 허혜민 키움증권 연구원은 이번 삼성바이오로직스의 분할 결정을 두고 “삼성(그룹)에서 본격적으로 신약 개발을 시작한다는 의미”라고 해석했다. 그는 “국내 바이오텍 업체들에게도 오픈이노베이션의 기회가 열려 (바이오섹터 전체의) 호재로 작용할 것”이라고 전망했다.한경우 한경닷컴 기자 case@hankyung.com",https://www.hankyung.com/article/2025052542716,2025.05.26 07:30
'삼바 국가핵심기술 유출' 직원 법정구속,영업비밀 175건 빼내 징역 3년,"삼성바이오로직스의 영업 비밀을 빼돌리려다 적발된 전 직원이 실형을 선고받고 법정에서 구속됐다.법조계에 따르면 홍준서 인천지방법원 형사5단독 판사는 11일 부정경쟁방지법·산업기술보호법 위반 등 혐의로 기소된 A씨에게 징역 3년을 선고하고 구속했다. 재판부는 A씨가 무단 반출하려던 자료에 “생명공학 분야 국가 핵심 기술이 포함돼 있어 실형이 불가피하다”고 밝혔다.A씨는 삼성바이오로직스에서 근무하던 2022년 12월 본사에서 규제기관 대응 관련 내용이 담긴 문서 300여 장을 옷 속에 감춰 챙겨 나오려다 보안 직원에게 발각됐다.경찰 수사 결과 A씨는 12월 초부터 약 열흘간 정보기술 표준작업지침서(IT SOP) 등 영업 비밀 175건을 외부에 유출한 것으로 확인됐다. 회사는 A씨를 형사 고발했고, 검찰은 2024년 12월 그를 불구속 상태로 재판에 넘겼다.삼성바이오로직스 관계자는 “이 자료엔 국가 핵심 기술 2종이 포함돼 있고, 의약품 공정 품질 및 생산성과 직결된다”며 “회사의 중요한 경쟁력이자 자산인 영업 비밀 유출·침해 행위에 대해 강력한 법적 대응을 이어갈 방침”이라고 밝혔다.장서우 기자 suwu@hankyung.com",https://www.hankyung.com/article/2025071134271,2025.07.11 17:51
"콜드체인(저온 유통) 테마주, 백신·식품·바이오 수요 회복에 동반 강세",,"최근 국내 증시에서 콜드체인(저온 유통) 테마가 주목받고 있다. 특히 미국 FDA가 삼성바이오로직스 송도 생산시설에 대한 실사를 진행하면서 관련 바이오 시밀러 및 콜드체인 인프라 관련주들이 강세를 보이는 중이다. 이는 코로나19 이후 의료·백신 유통 체인의 중요성이 재차 부각된 데 따른 것으로 분석된다.또한, 국내 고병원성 조류인플루엔자(AI) 발생 우려가 확산하면서 육계·식품 신선물류 분야에서 콜드체인 수요가 늘고 있다는 점도 관련주에 호재로 작용하고 있다. 이러한 외부 변수들이 결합하며, 이들 기업의 주가는 전반적으로 큰 폭의 강세를 보이는 흐름이다.시장 전문가는 “의약품·백신의 온도 관리 수요 증가와 함께 신선식품 유통에도 콜드체인 시스템은 더 이상 선택이 아닌 필수가 됐다”며, “특히 바이오헬스 및 농축산 분야 투자자들이 동시에 관심을 두는 복합 테마로 자리 잡고 있다”고 평가했다.한편, 산업통계에 따르면 한국의 콜드체인 시장은 2024년 기준 약 6조 2천억 원 수준이며, 향후 연평균 20% 이상 성장할 것으로 전망되고 있다. 테마 전반의 구조적 성장 기반이 견고해지고 있다는 분석도 나온다. 정부·기업의 설비 투자 확대, 시스템 자동화·디지털화 추진이 더해지면서 내년 이후에도 주요 수익 테마로 자리할 가능성이 높다.결론적으로, 최근 콜드체인 테마주는 의료·바이오 인프라 중요성 재확인, 식품·육계 수요 증가 등 다중 요인에 힘입어 동반 강세를 보이고 있으며, 중장기적으로도 확장 모멘텀이 지속될 것으로 기대된다.가온전선, 삼일제약, 동아쏘시오홀딩스, 한국주철관, JW중외제약무료상담",https://www.hankyung.com/article/202507010105a,2025.07.01 09:38
"24일, 거래소 기관 순매도상위에 전기,전자 업종 2종목",,"기관 투자자는 24일 거래소에서 SK하이닉스, 현대로템, LIG넥스원 등을 중점적으로 매도한 것으로 나타났다.기관 투자자의 순매도 상위 20개 종목은 SK하이닉스, 현대로템, LIG넥스원, 두산에너빌리티, KODEX 200선물인버스2X, 풍산, 현대차, KODEX 증권, TIGER 토탈월드스탁액티브, LG씨엔에스등이다.이중에 전기,전자 업종에 속한 종목이 2개 포함되어 있다.SK하이닉스, 두산에너빌리티, 현대차 등은 전일 대비 주가가 상승했고, 현대로템, LIG넥스원, KODEX 200선물인버스2X 등은 주가가 하락했다.[06월24일]거래소 기관 순매도 상위 종목한경로보뉴스이 기사는 한국경제신문과 금융 AI 전문기업 씽크풀이 공동 개발한 기사 자동생성 알고리즘에 의해 실시간으로 작성된 것입니다.",https://www.hankyung.com/article/202506247418L,2025.06.24 18:35
파월이 물러난다면...지난밤 금융시장의 경고 [마켓인사이트],,"영상 모듈 닫기









                이번주 첫 거래일이었던 지난밤 뉴욕증시는 다소 큰 폭으로 하락했습니다.도널드 트럼프 미국 대통령의 제롬 파월 연준 의장 사퇴 압박이 투심을 위축시켰고, 미국의 경기 둔화 우려도 서서히 지표로 반영되며 금융시장에 충격을 줬습니다.다행히 우리 시장의 충격은 제한적이었습니다.*주요 이벤트 (한국시간)-테슬라 실적 (23일 새벽)-삼성바이오로직스 실적 (23일)-美 연준 베이지북 공개 (24일 새벽)-한국 1분기 성장률 속보치 (24일 오전)-현대차·SK하이닉스·HD한국조선해양 실적 (24일)-美 알파벳·인텔 실적 (25일 새벽)● 파월에 원색적 비난""미스터 투 레이트(Mr. Too Late), 메이저 루저(a major loser)""지난밤 도널드 트럼프 미국 대통령이 제롬 파월 연준 의장을 향해 쏟아낸 원색적 비난입니다.트럼프 대통령, 기존에는 금리 인하 압박을 에둘러 표현하기도 했었는데 점점 노골적입니다. 자신의 정책 부작용의 희생양을 찾는 모양입니다.우리나라도 그렇지만 중앙은행의 금리 결정은 독립적으로 보장이 됩니다. 그래서 중앙은행 수장의 임기도 보장을 합니다.파월 의장의 임기는 내년 5월까지이지만, 이미 후임 얘기까지 나오고 있습니다. 듣기 거북한, 조롱 섞인 비난으로 파월 의장이 스스로 물러나길 바라는 것으로 볼 수도 있겠습니다.
                    




● 연준마저 흔들린다면...연준은 미국의 경제 위기 때마다 구원투수 역할을 했습니다. 파월이 압박을 못견디고 물러난다면 어떤 일들이 일어날까. 지난밤 시장은 그 힌트를 줬습니다.지난밤 뉴욕증시 3대 지수 모두 2%대 하락을 보였고, 미국 10년 국채금리는 9bp 오르며 4.4%대로 올랐습니다.달러가치를 보여주는 달러인덱스는 장중 97.9포인트까지 떨어지며 3년래 가장 낮은 수준을 기록했습니다. 연준이 흔들리면 미국 자산들에서 돈이 빠져나갈 것을 시장은 경고한 것입니다.
                    




● 美 경기 경고음 지속파월 이슈에 다소 가려졌지만, 지난밤 뉴욕증시의 하락에는 미국의 경기 둔화 우려도 있었습니다.3월 미국의 컨퍼런스보드 경기선행지수가 나왔는데요, 100.5를 기록하며 전달보다 0.7% 하락했습니다.전달 -0.2%보다 낙폭이 컸고, 시장 예상치(-0.5%)보다도 부진하며 경기 둔화를 예고했습니다.연준의 금리 인하 필요성을 뒷받침하는 내용이지만, 역시 트럼프 대통령의 관세에 따른 인플레이션 재발 우려가 연준의 발목을 잡고 있습니다.
                    




● 트럼프 지지율 연일 하락이제 트럼프 대통령의 집권 2기 허니문 기간(취임 후 100일)도 마무리가 되고 있는데 트럼프 대통령의 지지율은 연일 떨어지고 있습니다.조급한 것인지 트럼프 대통령은 지난밤 월마트, 타깃 등 소매업체 CEO들과 예정에 없던 만남 갖기도 했습니다.트럼프의 입장을 간파한 일본 이시바 총리는 협상에서 일방적으로 양보하지 않을 것이라고 강조했습니다. 이번주 우리나라와 통상 협의도 주목해봐야겠습니다.
                    




<한국경제TV 마켓인사이트>는 증시가 열리는 매일 오전 11시 생방송으로 진행됩니다. 투자에 대한 조언일 뿐 판단은 여러분들의 몫입니다. 전체 방송 내용은 마켓인사이트 홈페이지 또는 유튜브를 통해 확인할 수 있습니다.





                정원우기자 bkjung@wowtv.co.kr",https://www.hankyung.com/article/2025042280895,2025.04.22 15:32
"코스피, 미 관세 부과 유예에 2660선 회복…에스엠 '급등'","EU 관세 부과 유예에…미 증시 훈풍
삼성전자·SK하이닉스 '상승'","사진=게티이미지뱅크 

                28일 코스피지수가 미 관세 리스크 완화 기대감에 장 초반 상승하고 있다.이날 오전 9시17분 현재 코스피지수는 전일 대비 23.21포인트(0.88%) 오른 2660.3을 기록 중이다. 이날 지수는 0.44% 상승으로 출발했다.이날 도널드 트럼프 미국 대통령이 유럽연합(EU)에 대한 '50％ 관세' 부과를 한 달간 유예하기로 하면서 위축됐던 증시 투자심리가 일부 완화된 것으로 풀이된다.유가증권시장에서 개인이 1716억원 순매수하고 있다. 외국인과 기관은 각각 538억원과 1136억원 매도우위다.코스피 시가총액 상위기업들은 대부분 오르고 있다. 미 기술주 상승 영향에 삼성전자와 SK하이닉스가 각각 1.11%와 2.35% 오름세다. 삼성바이오로직스, LG에너지솔루션, 현대차, HD현대중공업도 상승하고 있다.현대건설은 원자력발전 사업이 재차 부각되면서 52주 신고가를 다시 한번 경신했다. 두산의 실적 개선 기대감에 우선주인 두산우가 6%대 오르고 있다.코스닥지수도 사흘째 상승으로 방향을 잡았다. 이 시각 현재 코스닥지수는 0.53% 오른 730.96을 기록 중이다.코스닥시장에서도 개인이 408억원어치 순매수하고 있다. 외국인과 기관은 각각 331억원과 19억원 매도우위다.코스닥 시총 상위주들은 혼조세다. 에코프로비엠, HLB, 레인보우로보틱스, 에코프로, 파마리서치 등이 오름세다. 알테오젠, 펩트론, 휴젤, 리가켐바이오는 떨어지고 있다.하이브가 지분 전량을 매각한 에스엠은 중국 텐센트 뮤직이 2대주주로 오르면서 장 초반 5%대 급등하고 있다. 와이지엔터테인먼트, 디어유, CJ ENM, 스튜디오드래곤 등 엔터·콘텐츠주 전반의 주가도 활기를 나타내고 있다.원·달러 환율은 상승으로 출발했다. 이날 서울 외환시장에서 원·달러 환율은 전 거래일 대비 6원 오른 1375.5원에 개장했다.노정동 한경닷컴 기자 dong2@hankyung.com",https://www.hankyung.com/article/2025052800186,2025.05.28 09:19
"15일, 외국인 거래소에서 한화에어로스페이스(-2.65%), KODEX 200선물인버스2X(-1.91%) 등 순매도",,"외국인 투자자는 15일 거래소에서 한화에어로스페이스, KODEX 200선물인버스2X, 삼성바이오로직스 등을 중점적으로 매도한 것으로 나타났다.외국인 투자자의 순매도 상위 20개 종목은 한화에어로스페이스, KODEX 200선물인버스2X, 삼성바이오로직스, 두산에너빌리티, 대한항공, 신한지주, 카카오, 셀트리온, 두산로보틱스, 현대글로비스등이다.이중에 운수장비 업종에 속한 종목이 5개 포함되어 있다.두산에너빌리티, 신한지주, 두산로보틱스 등은 전일 대비 주가가 상승했고, 한화에어로스페이스, KODEX 200선물인버스2X, 삼성바이오로직스 등은 주가가 하락했다.[04월15일]거래소 외국인 순매도 상위 종목한경로보뉴스이 기사는 한국경제신문과 금융 AI 전문기업 씽크풀이 공동 개발한 기사 자동생성 알고리즘에 의해 실시간으로 작성된 것입니다.",https://www.hankyung.com/article/202504153673L,2025.04.15 18:35
[투자운세] 5월9일(오늘) 궁합이 맞는 종목은?,,"2025년 5월 9일 오늘 관심가질 종목입니다1.쥐띠 : 천둥이 잦아지면 소나기가 온다60년생 (파두, 두산로보틱스) 72년생 (신성델타테크, LG디스플레이) 84년생 (현대오토에버, HLB)2.소띠 : 장기간 움직이지 않던 주식이 오르기 시작하면 크게 오른다61년생 (한올바이오파마, 카카오) 73년생 (농심, 오뚜기) 85년생 (NAVER, 에스엘)3.호랑이띠 : 가지많은 나무 바람 잘 날 없다62년생 (이수페타시스, 한미사이언스) 74년생 (대웅, 코웨이) 86년생 (삼양식품, KB금융)4.토끼띠 : 부피가 크다고 좋은 것은 아니다63년생 (코스모신소재, 카카오페이) 75년생 (넷마블, 에코프로머티) 87년생 (삼성에스디에스, OCI홀딩스)5.용띠 : 대중은 항상 틀리고 있다64년생 (F&F, 삼천당제약) 76년생 (SK가스, 한국타이어앤테크놀로지) 88년생 (LG, 동화기업)6.뱀띠 : 새 술은 새 부대에 담아라65년생 (롯데케미칼, 씨젠) 77년생 (LG화학, 한미약품) 89년생 (셀트리온제약, 카카오게임즈)




 

7.말띠 : 매도 종목의 움직임도 관찰하라66 년생 (카카오뱅크, 삼성전자) 78년생 (금호석유, 신한지주) 90년생 (HD한국조선해양, SK바이오사이언스)8.양띠 : 매수가는 잊어버려라67년생 (KG모빌리티, 팬오션) 79년생 (HL만도, 유한양행) 91년생 (BGF리테일, S-Oil)9. 원숭이띠 : 사람이 가는 속에 길이 있고 꽃의 산이 있다68년생 (롯데정밀화학, 고려아연) 80년생 (롯데웰푸드, LG전자) 92년생 (한화솔루션, 영원무역)10.닭띠 : 소문에 사고 뉴스에 팔아라69년생 (LS ELECTRIC, SK오션플랜트) 81년생 (삼성전기, SK바이오팜) 93년생 (SK이노베이션, 엔켐)11.개띠 : 큰 성공 후에 충분한 휴식을 취하라70년생 (한국앤컴퍼니, 대한전선) 82년생 (효성티앤씨, DB하이텍) 94년생 (레이크머티리얼즈, 삼성전기)12.돼지띠 : 막연한 예측은 빗나가는 화살과 같다71년생 (펄어비스, 삼성바이오로직스) 83년생 (효성첨단소재, 대웅제약) 95년생 (삼성전자, 루닛)링크종목 – 나우로보틱스, 에코아이, 대호특수강, 블루엠텍, 평화홀딩스무료상담",https://www.hankyung.com/article/202505091536a,2025.05.09 09:58
홀수 해에서는 상승한 코스피? 25년은 상승기대 가능할까,,"증권가에서는 홀수인 해에 국내 증시가 강세를 보이고 짝수인 해에는 약세를 보인다는 말이 있다.실제로 2000년 이후부터 코스피가 홀수 해에 하락한 해는 2011년을 제외하고 모두 짝수 해로 나타났다. 12번의 홀수 해 중에 2011년을 제외하고 11번이나 상승한 것이다.반대로 짝수 해에는 12번중 7번이나 하락하였으며 2000년에는 50%가 넘는 하락, 2008년에는 40%가 넘는 하락, 22년에도 약 25%가 하락하는 등 하락의 크기도 컸다.




 

한편, 부자네에서는 고객들에게 여려 면에서 차원이 다른 혜택을 제공하고 있다는 것으로 알려졌다.부자네는 앞으로도 고객들의 성공 투자를 위해 혁신적인 솔루션을 아낌없이 제공할 예정이다.송출종목: 한미약품, 삼성바이오로직스, 카페24, LG디스플레이, 고영무료상담",https://www.hankyung.com/article/202505216831a,2025.05.21 14:35
K바이오 담는 외국인…하반기 반등 기대감에 관심 집중,,"7월 들어 국내 증시에서 바이오 업종이 뚜렷한 상승세를 보이며 외국인 투자자들의 매수세가 바이오주로 쏠리고 있다. 특히 ‘KRX 바이오 TOP10’ 지수는 이달 들어서만 14.6% 상승하며, 전체 34개 KRX 테마지수 중 가장 높은 성과를 기록했다.‘KRX 바이오 TOP10’ 지수는 유가증권 및 코스닥 시장 내 시가총액과 유동성이 높은 바이오 종목들로 구성되며, 주요 구성 종목 중 알테오젠은 7월 들어 29.8% 급등해 지수 상승을 주도했다. 셀트리온과 삼성바이오로직스도 각각 13.5%, 4.7% 상승률을 기록하며 대형 바이오주의 강세 흐름을 이어갔다.외국인 투자자들의 적극적인 매수도 눈에 띈다. 한국거래소에 따르면 외국인은 이달 국내 증시에서 총 1조2950억 원어치를 순매수했으며, 이 중 알테오젠(2304억 원), 펩트론(1205억 원), 파마리서치(1158억 원) 등 바이오 종목이 순매수 상위 10개 종목에 포함됐다. 이는 그동안 반도체, 조선, 방위산업 중심이던 외국인 자금이 바이오주로 이동하고 있음을 보여주는 흐름이다.전문가들은 바이오 업종의 하반기 실적 개선 기대와 글로벌 투자 심리 회복이 맞물리면서 외국인 매수가 활발해졌다고 분석한다. 항체약물접합체(ADC), mRNA 백신, 펩타이드 기반 신약개발 등 차세대 기술을 보유한 기업들이 특히 주목받고 있으며, 이들 기술의 상용화와 글로벌 진출이 업종 전반의 모멘텀으로 작용하고 있다.유진투자증권 권해순 연구원은 “2분기 실적 개선이 기대되는 대웅제약, 녹십자, 에스티팜과 더불어, 하반기 긍정적 이벤트가 예정된 알테오젠, 리가켐바이오 등 중심으로 상승세가 지속될 가능성이 높다”고 전망했다. 이는 바이오 산업 전반에 대한 재평가 가능성을 시사하며, 투자자들의 관심이 집중되고 있는 배경이다.실제로 최근 투자자들 사이에서는 주식매입자금을 활용한 스탁론 전략이 다시 주목받고 있다. 스탁론 은 보유 주식을 담보로 자금을 조달해 최대 400%까지 레버리지 투자를 가능하게 하며, 주가 조정 시 저점 매수에 유리하다는 평가다. 전문가들은 “실적 개선 기대감이 살아있는 업종에서 스탁론(주식매입자금) 은 타이밍 전략의 중요한 도구가 될 수 있다”고 조언했다. 특히 DSR 규제에서 제외된 스탁론 은 증권사 신용 및 미수 대환 수단으로도 활용되며, 강세장에서 유효한 전략으로 꼽히고 있다.




 

▶ 더머니스탁론 신규 상품 전격 출시! (DSR 규제 X)▶ 최대 400% 레버리지 투자, 증권사 신용미수 대환 가능!▶ 한 종목 100% 집중 투자 가능!▶ 더머니스탁론 바로가기 (https://themoney.co.kr/ha)▶ 더머니스탁론 전화 상담 1600-7096▶ 더머니스탁론 카카오톡 상담 (http://pf.kakao.com/_cVfxbn/chat)관심종목: 대웅제약, 녹십자, 에스티팜, 리가켐바이오, 휴젤무료상담",https://www.hankyung.com/article/202507224291a,2025.07.22 14:10
[사설] 삼바 인적 분할…바이오업계 TSMC로 성장해 가길,,"삼성바이오로직스가 바이오의약품 위탁개발생산(CDMO) 사업과 바이오시밀러(복제약)·신약개발 사업으로 쪼개는 인적분할을 전격 결정했다. ‘제2의 반도체’로 바이오산업을 육성하려는 삼성의 강한 의지를 보여주는 동시에 글로벌 바이오 시장의 선두 주자로 도약하려는 전략적 포석으로 풀이된다.이번 분할로 기존 삼성바이오로직스는 순수 CDMO 기업으로 거듭난다. 그동안 한 회사 내에서 여러 제약사의 의약품을 수탁생산하고 신약까지 개발하면서 사업 간 이해충돌의 소지가 있던 게 사실이다. 기술 유출 우려로 거래를 망설이던 글로벌 대형 제약사에서 수주가 늘어나면 ‘바이오업계 TSMC’로 성장하는 전환점이 될 수 있다. 한국바이오협회에 따르면 2029년 글로벌 CDMO 시장은 438억5000만달러(약 60조원)로, 연평균 14.3% 성장할 전망이다.동시에 분할·신설되는 ‘삼성에피스홀딩스’(가칭)는 삼성바이오에피스를 100% 자회사로 편입하고 별도의 신약 개발 자회사도 둘 예정이다. 바이오시밀러 사업을 통해 안정적인 수익 기반을 마련하고 이를 바탕으로 고위험·고수익 신약 개발에 도전하는 ‘투 트랙’ 전략이다. 분할되는 사업들이 각자 전문성을 극대화한다면 도널드 트럼프발 관세 전쟁 속에서도 시장 지배력을 더욱 공고히 할 수 있을 것이다.삼성바이오로직스는 설립 14년 만에 생산능력 세계 1위, 매출 기준 세계 2위 기업으로 자리매김했다. 올해 매출은 처음으로 5조원을 돌파할 전망이다. 이번 분할이 삼성바이오로직스와 삼성에피스홀딩스가 각 사업 영역에서 글로벌 톱으로 도약하는 계기가 되기를 기대한다.",https://www.hankyung.com/article/2025052201861,2025.05.22 17:26
"코스피, 보합권 등락…'개인 매수 vs 외국인·기관 매도' 힘겨루기",,"지난 18일 서울 중구 하나은행 본점 딜링룸 현황판에 코스피 지수 등이 표시되고 있다. /사진=연합뉴스

                코스피가 보합권에서 등락하고 있다. 개인의 매수세와 외국인과 기관의 매도세가 힘겨루기를 하는 모습이다.21일 오전 9시5분 현재 코스피는 전일 대비 2.06포인트(0.08%) 오른 2485.48에 거래되고 있다.개인이 유가증권시장에서 681억원어치 주식을 사는 반면, 외국인과 기관은 각각 591억원어치와 110억원어치를 팔고 있다.시가총액 상위 종목들은 혼조세다.삼성전자와 SK하이닉스는 강보합세다. LG에너지솔루션은 보합, 현대차와 셀트리온은 약보합, 기아는 강보합에 머무르고 있다.삼성바이오로직스는 0.67%, 한화에어로스페이스는 0.97% 상승 중이다.HD현대중공업은 2.23% 하락하고 있다.코스닥은 전일 대비 0.79포인트(0.11%) 내린 716.98에 거래되고 있다.이 시장에서도 개인이 470억원어치 주식을 사는 반면, 외국인과 기관은 각각 297억원어치와 101억원어치를 팔고 있다.코스닥 시가총액 상위 종목은 에코프로비엠이 강보합세인 걸 제외하면 모두 내리고 있다. 다만 내릭폭이 크지는 않다. 파마리서치가 1.63% 하락해 가장 낙폭이 크다. HLB(-1.45%), 펩트론(-1.11%), 리가켐바이오(-1.01%) 등도 1%대 약세다.서울외환시장에서 원·달러 환율은 전일 대비 4.59원(0.32%) 내린 달러당 1419원에 거래되고 있다.지난 18일(현지시간) 뉴욕증시는 성금요일로 휴장했다.한경우 한경닷컴 기자 case@hankyung.com",https://www.hankyung.com/article/2025042138456,2025.04.21 09:13
"삼성바이오로직스 수주공시 - 의약품 위탁생산계약 1,985.3억원 (매출액대비  4.37 %)",,"05월 26일 삼성바이오로직스(207940)는 수주공시를 발표했다.◆삼성바이오로직스 수주공시 개요- 의약품 위탁생산계약 1,985.3억원 (매출액대비  4.37 %)삼성바이오로직스(207940)는 의약품 위탁생산계약에 관한 단일판매ㆍ공급계약체결              을 26일에 공시했다.계약 상대방은 아시아소재제약사이고, 계약금액은 1,985.3억원 규모로 최근 삼성바이오로직스 매출액 4.55조 대비 약  4.37 % 수준이다. 이번 계약의 기간은 2025년 05월 23일 부터 2033년 12월 31일까지로 약 8년 7개월이다.한편 이번 계약수주는 2025년 05월 23일에 체결된 것으로 보고되었다.
                    



차트

                수주 공시는 향후 기업의 실적에 직접적인 영향을 미치기 때문에 계약의 규모, 계약 기간 등에 대해서 주의 깊게 살펴볼 필요가 있다. 특히 수주 공시가 늘어나는데 주가는 움직이지 않는다면 매수 관점에서 접근해 볼 수도 있다.한경로보뉴스이 기사는 한국경제신문과 금융 AI 전문기업 씽크풀이 공동 개발한 기사 자동생성 알고리즘에 의해 실시간으로 작성된 것입니다.",https://www.hankyung.com/article/202505264638L,2025.05.26 07:55
[기고] 미국 보호무역주의와 공급망 재편은 기회,최종 인천경제자유구역청 투자유치특별보좌관,"인천경제자유구역의 올해 1분기 외국인직접투자(FDI) 신고액이 3억달러를 넘었다. 올해 유치 목표액의 절반(51.6％)을 한 분기 만에 달성했다. 인천경제자유구역에 이미 입주해 있는 싸토리우스, 롯데바이오로직스, 티오케이첨단재료 등이 추가 투자를 결정한 영향이 컸다.기존 투자 기업이 사업 확장을 위해 증액 투자에 나서고 있지만, 신규 사업장과 공장을 짓는 그린필드 투자 유치는 상대적으로 빈약한 특징을 보였다. 인천경제자유구역의 투자유치 전략에 대한 숙제이면서 기회라고 말하고 싶다.인천경제자유구역은 변화무쌍한 글로벌 경제에서 어떤 기회를 잡을 것인가.미국의 보호무역주의 강화와 글로벌 공급망 재편이 새로운 기회가 될 수 있다. 매년 고속 성장하고 있는 바이오 분야에서 인천이 확보한 리더십은 지역 산업 생태계의 경쟁력을 높이는 핵심 요소로 작용할 것이다. 삼성바이오로직스와 셀트리온 등 글로벌 톱텐 기업과 소부장(소재·부품·장비) 기업이 송도에 강력한 진용을 갖추고 있어서다.송도국제도시 중심으로 조성된 바이오 클러스터는 집적과 연결의 힘이 있다. 최근 독일 싸토리우스가 원부자재 생산과 연구개발 시설을 확충하기 위해 2억5000만달러의 추가 투자를 집행한 것도 바이오산업 생태계가 위아래로 확장하고 있기 때문이다.숙제는 아직 국산화율이 부족한 바이오 소부장 산업을 신산업으로 키우는 것이다. 바이오 소부장 산업은 수요 기업이 요구하는 품질 기준을 충족하기 위해 연구개발 단계부터 상호 협업을 통해 성장할 수 있다.인천경제청은 최근 정부에서 인천 바이오 특화단지 지정을 받았다. 남동공단을 바이오 소부장 핵심 지역으로 개발할 수 있는 발판을 마련한 셈이다. 이러한 연관 산업의 투자유치는 스타트업 활성화로 이어질 수 있다.기업이 저렴한 땅값이나 낮은 임차료를 좇아 사업장을 옮기거나 새로운 일터를 세우진 않는다. 기능적 생태계와 상호작용의 가능성이 있어야 한다.인천경제자유구역의 투자유치는 투자기업의 성공 사례, 산학연 네트워크, 경쟁력 있는 사업 부지, 시장과 공급망에 대한 차별적 우위를 보여주면서 실증해왔다.투자 결정은 결국 민간 기업의 영역이다. 민간이 기술혁신과 창업정신을 발휘할 수 있도록 정확한 해법을 제시하는 게 공공의 몫이다.인천경제청은 불필요한 규제를 개선해 우호적인 경영 환경을 만들고, 강화 남단 경제자유구역 확대와 바이오 특화단지 조성 등에 힘써 신규 외자유치에 소매를 걷어붙일 것이다",https://www.hankyung.com/article/2025052927031,2025.05.29 16:00
"24일, 기관 거래소에서 LG에너지솔루션(+9.36%), 한화오션(+6.35%) 등 순매수",,"기관 투자자는 24일 거래소에서 LG에너지솔루션, 한화오션, 두산에너빌리티 등을 중점적으로 사들인 것으로 나타났다.기관 투자자의 순매수 상위 20개 종목은 LG에너지솔루션, 한화오션, 두산에너빌리티, 한화에어로스페이스, KB금융, HD현대건설기계, HD현대인프라코어, 삼성바이오로직스, LS ELECTRIC, 한화비전등이다.이중에 전기,전자 업종에 속한 종목이 5개 포함되어 있다.이날 기관 투자자가 순매수한 종목들 중에 LG에너지솔루션, 한화오션, 두산에너빌리티 등은 전일 대비 주가가 상승했다.[07월24일]거래소 기관 순매수 상위 종목한경로보뉴스이 기사는 한국경제신문과 금융 AI 전문기업 씽크풀이 공동 개발한 기사 자동생성 알고리즘에 의해 실시간으로 작성된 것입니다.",https://www.hankyung.com/article/202507240572L,2025.07.24 18:35
"삼성바이오로직스, 2025년 상반기 매출 2조5882억원 달성","- 로직스, 4공장 가동 확대로 2분기 매출 1조142억원·영업이익 4770억원

- 에피스, 바이오시밀러 판매 확대로 2분기 매출 4010억원·영업이익 898억원

- 연간 매출 성장 전망치 25~30%로 상향 조정… 4공장 램프업 영향 등","삼성바이오로직스(대표이사 존 림)는 23일(수) 공시를 통해 4공장의 매출 기여 증대와 바이오시밀러 판매 호조 등에 힘입어 2025년 상반기 연결 기준 매출 2조5882억원, 영업이익 9623억원을 기록했다고 밝혔다. 전년 동기 대비 매출은 4844억원, 영업이익은 3065억원이 각각 증가했다.삼성바이오로직스의 연결 기준 2분기 매출은 1조2899억원, 영업이익 4756억원으로 각각 전년 동기 대비 1330억원, 411억원 증가했다.이날 삼성바이오로직스는 공정공시를 통해 올해 연결 기준 연간 매출 성장 전망치를 직전 20~25%에서 25~30%로 상향 조정했다. 1~3공장 운영 효율 개선과 4공장 램프업(Ramp-up, 가동 확대) 등에 따른 영향이다.삼성바이오로직스는 견조한 사업 기반과 글로벌 고객사들의 지속적인 신뢰를 바탕으로 창립 이래 최초로 별도 기준 상반기 매출 2조원을 돌파했다. 상반기 별도 기준 매출액은 2조138억원, 영업이익은 9071억원을 기록했다. 이는 각각 전년 동기 대비 5341억원, 3451억원 증가한 수치다.삼성바이오로직스의 2분기 별도 기준 매출은 1조142억원, 영업이익은 4770억원으로 각각 전년 동기 대비 2040억원, 1478억원 증가했다. 이는 1~3공장과 2022년 10월 부분 가동을 실시했던 4공장 6만L 규모 설비의 안정적인 풀가동 및 4공장 18만L 규모 설비의 조기 램프업 영향이다.삼성바이오에피스는 상반기 미국서 신규 제품 2종을 출시하는 등 글로벌 시장에서의 바이오시밀러 제품 판매 확대를 통해 매출액 8016억원, 영업이익 2178억원을 기록했다.삼성바이오에피스의 2분기 매출은 4010억원, 영업이익은 898억원으로 각각 전년 동기 대비 1289억원, 1673억원 감소했다. 이는 지난 해 2분기 2205억원의 마일스톤(연구개발 성과에 대한 대가) 수익 인식에 따른 것으로, 마일스톤을 제외한 매출은 전년 동기 대비 28% 증가하며 순수 제품 판매 확대를 통한 실적은 지속적인 성장세를 나타내고 있다.삼성바이오로직스는 2025년 2분기말 연결 기준 자산 17조7736억원, 자본 11조6028억원, 부채 6조1709억원을 기록했다. 재무상태도 부채비율 53.2%, 차입금 비율 11.6% 로 안정적 상태를 유지하고 있다.삼성바이오로직스는 고객 중심의 가치와 탁월한 실행력을 기반으로 2025년에도 뚜렷한 수주 성장세를 이어가고 있다. 올해 1월 체결한 2조원이 넘는 역대 최대 규모의 수주 계약을 시작으로 글로벌 제약사들과 잇따라 대형 계약을 체결하며 전년도 연간 누적 수주 금액의 60%를 돌파했다. 창립 이래 누적 수주 총액은 약 187억 달러에 달한다.글로벌 CDMO 수주 경쟁력도 지속적으로 강화하고 있다. 삼성바이오로직스는 올해 5월, 바이오의약품 CDMO 사업과 바이오시밀러 사업을 완전히 분리하는 인적분할 계획을 발표했다. 이번 분할을 통해 순수 CDMO 기업으로서의 정체성을 확립하고, 고객과의 신뢰 및 파트너십을 한층 더 공고히 해나갈 계획이다. 또한 각기 다른 사업 성격을 가진 두 기업의 가치를 독립적으로 평가받을 수 있어, 주주가치 제고에도 긍정적인 효과가 기대된다.CDMO에 대한 글로벌 수요가 증가함에 따라, 생산능력 확대에도 발 빠르게 대응하고 있다. 지난 4월에는 자동화와 디지털화를 기반으로 운영 효율성과 품질 기준을 높인 18만L 규모의 5공장을 본격 가동했다. 이를 통해 삼성바이오로직스는 총 78만4000L의 생산능력을 확보했으며, 2032년까지 제2바이오캠퍼스에 3개 공장을 추가해 총 132만4000L 규모의 '초격차' 생산능력을 확보한다는 구상이다.포트폴리오 확대를 위한 투자도 이어지고 있다. 임상시험수탁(CRO) 서비스 영역으로 사업을 확장하기 위해 '삼성 오가노이드(Samsung Organoids)' 서비스를 선보였다. 이를 통해 신약 후보물질 발굴 초기부터 고객사와 협업하며 조기 록인(Lock-in)과 장기적 파트너십을 구축할 계획이다. 아울러 항체·약물접합체(ADC), 다중항체, 아데노부속바이러스(AAV) 등 유전자 치료제를 포함한 다양한 첨단 기술을 기반으로 모달리티도 다각화하고 있다.글로벌 수주 기반 강화를 위한 거점 확대에도 적극 나서고 있다. 기존 미국 뉴저지와 보스턴에 이어, 올해 초 일본 도쿄에 영업 사무소를 추가 개소하며 아시아 지역 고객과의 접점을 넓혔다. 삼성바이오로직스는 뛰어난 CDMO 경쟁력을 토대로 글로벌 톱40위권 제약사를 대상으로 수주 활동을 더욱 강화해 나갈 예정이다.삼성바이오에피스는 마일스톤 효과 없이도 제품 판매 확대를 통해 지속적인 성장세를 나타내며 글로벌 바이오시밀러 업계 선도 기업의 입지를 더욱 강화해 나가고 있다.특히 8종의 제품을 판매 중인 유럽을 중심으로 한 견고한 매출 기반과 더불어 상반기에 미국 시장에서 글로벌 제약사 산도스(Sandoz)社, 테바(Teva)社와의 파트너십으로 출시한 신제품 2종(스텔라라∙솔리리스 바이오시밀러)이 실적을 견인하고 있다. 하반기에도 스텔라라 바이오시밀러 미국 공급 본격화 등을 통해 높은 성장세를 지속할 것으로 전망된다.또한 지난 6월에는 일본 시장 진출을 위해 니프로(Nipro)社와 파트너십 계약을 체결했고, 지난 주에는 미국 안과질환 치료제 판매를 위해 안과 전문 기업 해로우(Harrow)社와 파트너십을 체결하는 등 글로벌 시장 진출 행보를 가속화하고 있다.국내에서는 이번 달 프롤리아 바이오시밀러 '오보덴스'를 오리지널 의약품 대비 약 13% 인하한 약가로 출시했다. 이로써 국내 시장 진출 10년 만에 면역학, 종양학, 안과학, 혈액 및 신장학, 내분비학 분야에서 직접 판매 및 전문 판매사와의 협업을 통해 총 10종의 바이오시밀러를 출시하게 됐다.한편, 삼성바이오에피스는 최근 국제 표준화기구(ISO)로부터 준법경영 시스템 국제 인증(ISO 37301)을 획득했다. 이를 통해 정보보호, 안전보건, 환경 및 에너지 분야에 이어 준법경영까지 ESG(환경, 사회, 거버넌스) 전 영역에서 글로벌 수준의 경영 시스템을 고도화하고 있으며, 앞으로도 이에 기반한 이해관계자의 신뢰를 바탕으로 지속가능한 성장을 이어갈 방침이다.",https://www.hankyung.com/article/202507237273P,2025.07.23 15:46
"'연일 연고점' 코스피, 차익실현 매물에 상승분 반납…외인 '팔자'",반도체·재생에너지株 동반 강세,"사진=뉴스1

                11일 코스피지수가 장 초반 심리적 저항선으로 평가받는 3200선을 돌파한 후 차익 실현 매물에 상승분을 다소 반납하는 모습을 보이고 있다.이날 오전 10시45분 현재 코스피지수는 14포인트(0.44%) 오른 3197.23을 나타내고 있다. 5거래일 연속 상승세를 이어가고 있다. 지수는 이날 0.1% 오름세로 출발 후 상승폭을 빠르게 확대해 3200선을 넘어서기도 했다. 지수가 3200선을 돌파한 건 장중 기준으로 2021년 9월7일(3201.76) 이후 3년10개월 만이다. 다만 장중 차익 실현 매물이 출회되면서 다시 3200선 아래로 밀린 상황으로 풀이된다.박성철 유안타증권 연구원은 ""상승장에 대한 기대가 남아 있는 가운데 증시를 끌고 왔던 주도 업종은 팔고 그동안 못 올랐던 업종을 사는 흐름이 나타나고 있다""며 ""코스피지수가 심리적 저항선으로 작용하는 3200선을 찍고 다시 빠지는 모습을 보여주고 있다""고 분석했다.이날 새벽 미국 증시도 상승세로 마쳤다. 지난 10일(현지시간) 다우존스30산업지수는 0.43% 올랐고 S&P500지수와 나스닥종합지수는 각각 0.27%와 0.09% 상승해 사상 최고치를 경신했다. 도널드 트럼프 미국 대통령이 브라질에 고율의 '관세 폭탄'을 투하한다는 소식에도 투자자들이 낙관적 태도를 유지하면서다.유가증권시장에서 개인과 기관이 각각 702억원과 276억원 매수 우위인 반면 외국인은 1124억원 매도 우위다. 코스피 시가총액 상위 종목 중 LG에너지솔루션, KB금융, 현대차, 기아 등이 오르는 반면 삼성바이오로직스, 네이버, 셀트리온, 두산에너빌리티, 한화에어로스페이스, HD현대중공업 등이 내리고 있다. 삼성전자(2.46%)와 SK하이닉스(0.51%)는 강세를 유지하고 있다. 특히 SK하이닉스는 장중 3% 넘게 올라 30만원을 돌파하기도 했다. 전날 세계 최대 위탁생산(파운드리) 업체인 대만 TSMC의 올 4~6월 매출이 9338억대만달러(약 43조8000억원)로 사상 최대치를 경신했다는 소식에 긍정적 투자심리가 형성된 것으로 보인다. 재생에너지 100%(RE100) 산업단지 조성이 본격 추진된다는 소식에 OCI홀딩스(11.43%)를 비롯해 그린케미칼(8.21%) HD현대에너지솔루션(2.99%) 한화솔루션(2.74%) SK이터닉스(1.77%) 등 재생에너지주가 동반 강세를 보이고 있다.같은 시각 코스닥지수는 전 거래일보다 5.99포인트(0.75%) 오른 803.69를 나타내고 있다. 5거래일 연속 상승세다. 지수는 이날 0.28% 오름세로 출발 후 장중 한때 1.03%까지 상승폭을 키우기도 했다. 코스닥시장에서는 외국인과 기관이 각각 568억원과 34억원 매수 우위인 반면 개인이 593억원 매도 우위다.코스닥 시총 상위 종목 중 에코프로비엠, HLB, 에코프로, 파마리서치, 리노공업 등이 오르는 반면 알테오젠, 레인보우로보틱스, 펩트론, 휴젤, 클래시스 등이 내리고 있다.서울 외환시장에서 원·달러 환율은 전장보다 2.3원 오른 1372.3원으로 개장했다.고정삼 한경닷컴 기자 jsk@hankyung.com",https://www.hankyung.com/article/2025071122606,2025.07.11 11:02
"'눈치보기 장세' 코스피, 2560선 보합권…외인 '팔자' 전환",,"사진=연합뉴스

                코스피지수가 30일 장 초반 보합권에서 움직이고 있다. 5월 황금연휴로 휴장하는 기간 동안 미국 주요 기업들의 실적 발표가 예정돼 있는 만큼 관망 심리가 발동한 것으로 풀이된다.이날 오전 9시13분 현재 코스피지수는 전 거래일보다 1.03포인트(0.04%) 오른 2566.45를 기록하고 있다. 이날 지수는 0.17% 하락 출발 후 보합권에서 등락을 거듭하고 있다.  유가증권시장에서 개인이 1577억원 매수 우위인 반면 외국인과 기관은 각각 506억원과 1178억원 매도 우위다. 전날 '사자'세를 보였던 외국인은 이날 '팔자'세로 돌아섰고 기관은 2거래일 연속 순매도 기조를 유지하고 있다.이날 새벽 뉴욕증시 주요 3대 지수는 동반 강세로 마감했다. 우량주 30개를 묶은 다우지수는 전장 대비 0.75% 올랐고, 나스닥종합지수와 S&P500지수도 각각 0.55%와 0.58% 상승했다. 미국이 주요국과 무역 협상을 순조롭게 진행할 것이란 기대가 반영된 것으로 풀이된다.코스피 시가총액 상위 종목 중 현대차, 기아, KB금융, 네이버, 신한지주, 한화오션 등이 오르는 반면 SK하이닉스, LG에너지솔루션, 삼성바이오로직스, 한화에어로스페이스, 셀트리온, HD현대중공업 등이 내리고 있다.삼성전자는 올 1분기 증권사 전망치를 웃도는 확정 실적을 발표했지만 주가는 보합권을 나타내고 있다. 삼성전자는 지난 1분기 연결기준 매출액 79조1400억원과 영업이익 6조7000억원을 기록했다고 공시했다. 분기 기준 최대 매출을 올렸으며 영업이익도 5조원대를 예상한 증권가 추정치를 웃돌았다.웅진은 국내 1위 상조업체 프리드라이프를 인수한다는 소식 이후 주가가 16%대 급등세다.코스닥지수는 같은 시각 0.07포인트(0.01%) 내린 726.39를 기록하고 있다. 코스닥지수 역시 0.04% 하락 출발 후 보합권에서 등락을 보이고 있다.코스닥시장에서도 외국인과 기관이 각각 392억원과 222억원 매도 우위인 반면 개인은 632억원 매수 우위다.코스닥 시총 상위 종목은 혼조세다. 에코프로비엠, 에코프로, 레인보우로보틱스, 휴젤, 파마리서치, 리가켐바이오, 펩트론 등이 내리는 반면 알테오젠, HLB, 클래시스, 삼천당제약 등이 오르고 있다.서울 외환시장에서 원·달러 환율은 전장보다 3.9원 내린 1433.4원으로 개장했다.고정삼 한경닷컴 기자 jsk@hankyung.com",https://www.hankyung.com/article/2025043049906,2025.04.30 09:28
"16일, 거래소 기관 순매도상위에 전기,전자 업종 5종목",,"기관 투자자는 16일 거래소에서 KODEX 200선물인버스2X, 한미약품, 한화시스템 등을 중점적으로 매도한 것으로 나타났다.기관 투자자의 순매도 상위 20개 종목은 KODEX 200선물인버스2X, 한미약품, 한화시스템, SK이노베이션, KODEX CD금리액티브(합성), PLUS K방산, SOL 조선TOP3플러스, HD현대일렉트릭, TIGER 미국필라델피아반도체나스닥, TIGER K방산&우주등이다.이중에 전기,전자 업종에 속한 종목이 5개 포함되어 있다.한화시스템, KODEX CD금리액티브(합성), PLUS K방산 등은 전일 대비 주가가 상승했고, KODEX 200선물인버스2X, 한미약품, SK이노베이션 등은 주가가 하락했다.[06월16일]거래소 기관 순매도 상위 종목한경로보뉴스이 기사는 한국경제신문과 금융 AI 전문기업 씽크풀이 공동 개발한 기사 자동생성 알고리즘에 의해 실시간으로 작성된 것입니다.",https://www.hankyung.com/article/202506168867L,2025.06.16 18:35
외국인 기관 순매수 종목을 살펴보면 달릴 종목이 보인다?,,"외국인, 기관 투자자들은 개인 투자자들에 비해 많은 자금을 보유하고 있으며, 시장을 주도하는 경우가 많다.그렇기 때문에 많은 투자자들이 궁금해하는 외국인, 기관이 어떤 종목을 얼마나 순매수 하는지에 대해 알아보고자 한다.최근 금액기준 외국인, 기관 동시 순매수 상위 종목을 알아본 결과




 

외국인과 기관이 동시에 순매수한 종목은 삼성중공업(409억), 달바글로벌(260억),한국전력(124억), HD한국조선해양(91억), 파마리서치(81억)가 상위 5종목이다.(5월 30일 기준)한미약품, 삼성바이오로직스, 카페24, LG디스플레이, 고영무료상담",https://www.hankyung.com/article/202506020484a,2025.06.02 14:23
"[단독] '이재용 무죄' 이끈 최창영 해광 변호사, 세종 합류","해광 설립 4년만에 대형로펌 이동
송무 힘싣는 세종, 또 한번 전력보강","이재용 삼성전자 회장의 부당 합병·회계 부정에 관한 재판에서 무죄 판결을 이끈 걸로 유명한 최창영 법무법인 해광 대표변호사(사법연수원 24기·사진)가 법무법인 세종에 합류했다. 세종은 형사재판 분야 스타변호사인 최 대표변호사 영입을 통해 송무 경쟁력을 강화할 계획이다.17일 법조계에 따르면 최 대표변호사는 최근 해광을 떠나 세종으로 자리를 옮겼다. 세종에서 굵직한 형사사건을 다룰 것으로 예상된다. 





                최 대표변호사는 대구 능인고, 고려대 법학과를 졸업한 뒤 1992년 제34회 사법시험에 합격했다. 1998년 서울지방법원 서부지원 판사로 법조계에 발을 들였다. 20여년 간 법관 생활을 하며 대법원 법원행정처 형사정책심의관, 국회파견판사, 울산지방법원 부장판사(영장전담·형사), 서울중앙지방법원 부장판사(형사합의), 대전고등법원 부장판사(민사·행정) 등을 지냈다. 2019년 법원을 떠나 개인 법률사무소를 운영하다가 2021년 3월 판사 출신인 이동근·서민석 대표변호사 등과 함께 해광을 세웠다.그는 해광을 설립한 지 얼마 안 돼 이재용 삼성전자 회장의 변호인단에 합류, 이 회장이 삼성물산·제일모직을 부당 합병하고 삼성바이오로직스 분식회계를 저질렀다고 주장하는 검찰과 법리 다툼을 벌였다. 이 회장이 1·2심에서 모든 혐의에 대해 무죄 판결을 받은 데 기여했다.세종은 최 대표변호사 영입을 통해 형사그룹의 송무 전문성 강화에 더욱 힘을 실을 예정이다. 이 로펌은 올 들어 김세종 전 서울고등법원 고법판사(30기), 조주연 전 서울중앙지검 반부패수사2부장(33기), 손정현 전 서울중앙지검 형사2부장(식품의료전담부·34기) 등 형사사건 경험이 많은 판·검사들을 연이어 새 식구로 맞았다.  김진성/박시온 기자 jskim1028@hankyung.com",https://www.hankyung.com/article/202504176723i,2025.04.17 09:35
"[마켓PRO] Today's Pick : ""삼성물산 지배구조 체크포인트""",,"※Today's Pick은 매일 아침 여의도 애널리스트들이 발간한 종목분석 보고서 중 투자의견 및 목표주가가 변경된 종목을 위주로 한국경제 기자들이 핵심 내용을 간추려 전달합니다.





👀주목할 만한 보고서  삼성물산 - 지분가치, 그리고 배당재원 증가 주목. 지배구조 체크포인트📈목표주가 : 18만원→20만원(상향) / 현재주가 : 12만2600원    투자의견 : 매수(유지) / 현대차증권[체크 포인트]=삼성물산이 지분 43.1%를 보유하며 현 NAV 기여도가 51%로 가장 높은 관계사 삼성바이오로직스, 전일 인적분할 발표. 1개월 거래정지 거쳐 10/29 신설회사 삼성에피스홀딩스(이하 홀딩스)와 함께 재상장 예정.=지배구조 관점에서 눈여겨볼 사항들은, 1) 인적분할 이후 지분구조. 삼성물산이 43%, 전자가 31% 소유하는 삼바로와 주주구성 동일한 홀딩스 신설. 공시에 따르면 홀딩스는 분 할기일인 10/1 이후 재상장신청일 이전까지 신사업 영위하는 신규 자회사 설립 진행하고자 함. 출자규모 등은 확정 시 공시 예정. 더불어 삼성바이오에피스는 5년간 국내외 증시에 상장 않도록 할 예정.=거래정지 이전인 9/28까지는 재상장 후 합산시총 증가 여력에 따라 삼성물산 상장지분가치 좌우될 것. 분할비율은 0.65(삼바로) : 0.35(홀딩스) 이나, 양사 시가총액이 아닌 주식수가 분할비율대로 나뉘게 될 뿐 양사 시가총액은 각 기업가치에 따라 재평가되어 형성됨을 주목해야=삼성물산 주가 향방은 상장지분가치, 즉 분할재상장 이후 양사 합산시총의 증가 여력이 좌우할 것. 삼성물산은 삼바로 시총 1조원 증가분에 대해 0.36조원, 약 1.5%의 시총 증가 여력 있는 셈(현 할인율 64% 유지 가정시). NAV 중 사업가치의 기여도가 10% 수준인 특성상 시가총액이 기여도 84%에 달하는 상장지분가치 추이에 동행.=정해진 사실에 기반한 접근 추천. 법안 및 규제 변화, 추가 의사결정이 수반되어야 하는 지분구조 변동 시나리오들은 단기 발생 가능성을 ‘예측’하기 어렵고, 발표된 분할 재상장의 마무리도 5개월 이후인 10/29  BGF - 주주환원 확대를 기대📈목표주가 : 4300원→4700원(상향) / 현재주가 : 3745원    투자의견 : 매수(유지) / 흥국증권[체크 포인트]=BGF리테일의 부진한 실적과 BGF에코머트리얼즈 등 종속법인의 더딘 실적 개선으로 올해도 EBIT 증익은 제한적일 전망. 기업 밸류업 프로그램에 발맞춰 주주환원 강화에 대한 노력이 추가된다면 추가적인 주가 재평가가 가능할 것으로 판단함.=당초 예상보다 부진한 1분기 실적과 함께 올해 매분기별 실적 모멘텀은 다소 둔화될 전망임. BGF리테일의 실적 부진으로 지분법이익의 감소가 불가피한 가운데, 연결 자회사인 BGF에코머트리얼즈의 경우도 외형 증가에도 불구하고 영업이익 증가는 더디게 진행될 것이기 때문임.=수익예상 하향에도 불구하고, 순현금 증가와 NAV 대비 할인율 축소로 목표주가를 상향 조정함.=실적 모멘텀과 주주환원, 히든 밸류 등을 감안해 NAV 대비 할인율은 63.0%를 적용했음. 12개월 Forward 기준 P/E, P/B는 각각 7.1배, 0.2배로 valuation 매력은 우수함. 제주항공 - 시간이 필요한 구간📉목표주가 : 1만1000원→7000원(하향) / 현재주가 : 6830원    투자의견 : 보유(유지) / 한화투자증권[체크 포인트]=지난 1분기 동사의 국제선 여객 공급은 전년 대비 약 11%, ‘19년 1분기 대비로도 약 11% 감소. 지난 연말 사고 이후 발표한 일시적 공급 축소 계획에 따른 것으로, 2분기부터는 점진적인 공급 회복이 이뤄질 것으로 예상=지난 1분기 국제선 수송 실적은 전년 대비 약 -24%, ‘19년 1분기 대비 약 -22% 감소했는데 공급 축 소폭 대비 강한 수요 위축을 확인. 소비자 심리 회복까지 다소 시간이 필요할 것.=지난해 4분기 동사의 정비비는 1천억원 수준을 상회했는데, 사고 외에도 환율 영향이 컸던 것으로 해석. 연말 사고 이후 정부 차원에서 동사를 포함한 국내 LCC 사업체들에게 정비 강화를 요구하고 있음. 높아진 환율 수준까지 고려하면 연간 정비비는 과거보다 다소 부담되는 수준일 것으로 예상.=실적 추정치와 적용 멀티플을 모두 하향 조정. 이에 따라 목표 주가도 7000원으로 하향. 하이브, QQQ와 BIG CYCLE📈목표주가 : 30만원→33만원(상향) / 현재주가 : 27만9000원    투자의견 : 매수(유지) / 신한투자증권[체크 포인트]=낮지 않은 멀티플 및 빠르게 반영한 주가로 투자자들의 고민이 깊어지는 것은 부정할 수 없는 사실. 그러나 ‘26F 실적 상향 여지는 충분히 존재한다고 판단.=① 다양한 IP 활동(Quantity)이 전개되는 가운데, ② 슈퍼 IP 컴백 이후 희소가치 높은 공연의 티켓가격 인상, 리뉴얼 이후 굿즈 소비액 증가 = 팬덤 의 지불 의향 가격(Quality) 상승, ③ 전 IP의 venue 확장이 핵심. ‘26년까지 엔터업종의 BIG CYCLE도 가장 적극적으로 견인해갈 대장주=현재 추정치에는 [360만명(60회x회당 6만) x 티켓가격 20만원] + 굿즈 = 약 1조원의 외형을 반영했으나, 가격은 방탄소년단 완전체 희소가치/인플레이션/최근 슈퍼 IP들의 티켓가격 고려 시 30만원 수준까지도 확대 가능.=공연 매출액은 최소 1.0조~최대 1.6조원의 범위로 실적 기여도를 높여갈 것. 그 외 ② 음원의 구조적 성장, ③ 게임 사업부의 마진 개선(고정비 vs. 신작), ④ 글로벌 레이블의 IP 성과(투자 회수기)까지 고려시 기대해볼 만.나수지 기자 suji@hankyung.com",https://www.hankyung.com/article/202505230900i,2025.05.23 08:56
"삼성물산, 지배구조 개편 기대감에 상승세",,"삼성물산이 5월 26일 국내 증시에서 상승세를 보이고 있다. 최근 삼성바이오로직스의 인적분할 발표로 인해 삼성물산의 자산가치와 지배구조 변화 가능성에 대한 기대감이 커진 것으로 보인다. 삼성물산은 삼성바이오로직스의 최대주주로서, 이번 분할로 인해 바이오 사업 부문의 가치가 재평가될 수 있다는 전망이 제기되고 있다. 또한, 그룹 차원의 지배구조 개편 가능성이 부각되면서 투자자들의 관심이 집중되고 있다. 시장에서는 이러한 흐름이 지속될지 주목하고 있다.




 

삼성물산, 에코프로비엠, 삼양식품, 지투파워, 휴마시스무료상담",https://www.hankyung.com/article/202505265748a,2025.05.26 14:53
[마켓PRO] '네카오' 투자심리 돌아왔다…고수들 순매수 1위,,"※한경 마켓PRO 텔레그램을 구독하시면 프리미엄 투자 콘텐츠를 보다 편리하게 볼 수 있습니다. 텔레그램에서 ‘마켓PRO’를 검색하면 가입할 수 있습니다.





                국내 투자수익률 상위 1%의 초고수들이 정보기술(IT) 관련 종목을 집중 매수하고 있다. 삼성바이오로직스 인적분할로 주가가 오른 삼성물산은 차익실현에 나섰다. 
                    




                22일 미래에셋엠클럽에 따르면 미래에셋증권계좌를 보유한 투자수익률 상위 1%의 초고수들은 이날 오전 10시까지 네이버를 가장 많이 사들였다. 네이버 올해 1분기 매출 2조7800억원을 기록해 전년동기대비 10.3%늘었다. 영업이익은 15% 증가한 5053억원이었다. 정호윤 한국투자증권 연구원은 “기업가치 대비 주가(밸류에이션)에 대한 부담이 낮은 상황""이라며 ""불안한 대내외 여건에서도 실적이 개션되며 하반기부터 이익 성장이 기대된다”고 내다봤다. 카카오도 순매수 3위에 오르며 그간 시장에서 소외됐던 IT업종에 대한 관심이 집중됐다. 이 날 상장한 화장품기업 달바글로벌도 순매수 8위에 이름을 올렸다. 달바글로벌은 이 날 장중 공모가대비 85%까지 급등했다. 미스트 선크림 등 화장품을 판매하는 기업이다. 
                    




                순매도 1위는 삼성물산이 이름을 올렸다. 이 날 삼성바이오로직스는 인적분할을 통해 삼성에피스홀딩스를 설립한다고 공시했다. 바이오 의약품 위탁·개발사업과 바이오시밀러 사업을 분리하는 것이다. 삼성바이오로직스는 바이오 의약품 위탁·대발사업에 집중하고 순수 지주회사인 삼성바이오에피스홀딩스가 자회사로 삼성바이오에피스를 거느리는 구조다. 삼성그룹 지배개조 개편이 이뤄지면 사실상 지주사 역할을 하는 삼성물산이 재평가받을 것이라는 기대 때문에 삼성물산 주가는 장 초반 7%이상 상승했다. 전일에도 11%이상 주가가 올랐다. 오후들어 차익실현 매물이 몰리면서 주가는 보합권까지 하락한 상태다.나수지 기자 suji@hankyung.com",https://www.hankyung.com/article/202505229001i,2025.05.22 14:18
"코스피, 방향성 탐색에 2540선 강보합 마감…외인 '팔자' 지속","호텔신라, 턴어라운드 기대감 12%↑
'유심 해킹사고' SK텔레콤, 6%대 급락","사진=뉴스1

                28일 코스피지수가 미 관세 우려가 다소 진정세로 들어가면서 강보합 마감했다. 다만 기업들의 실적 발표 본격화에 경계감을 나타내면서 상단은 제한됐다.이날 코스피지수는 전 거래일 대비 2.56포인트(0.1%) 오른 2548.86으로 장을 마쳤다. 지수는 장중 2558선까지 상단을 높이기도 했으나 개별 기업들의 실적 발표 등을 지켜보며 방향성을 탐색하느라 힘을 받지 못했다.외국인 투자자들은 '팔자'를 이어갔다. 이날 유가증권시장에서 외국인은 1533억원 순매도였다. 기관과 개인은 각각 891억원과 36억원 매수우위였다.코스피 시가총액 상위기업들은 혼조세였다. 삼성전자, LG에너지솔루션, 삼성바이오로직스, 현대차, 한화에어로스페이스 등이 오른 반면 SK하이닉스, HD현대중공업, 셀트리온, KB금융은 내렸다.호텔신라는 면세사업 실적 턴어라운드 기대감에 12%대 급등했다. STX엔진, 효성중공업, 한화엔진 등 선박엔진 관련주들도 미 조선업 수혜 기대감에 강세를 나타냈다. 유심 해킹사고 발생한 SK텔레콤은 6.75% 떨어졌다.코스닥지수는 1% 넘게 하락했다. 이날 코스닥지수는 전 거래일 대비 10.28포인트(1.41%) 내린 719.41을 기록했다. 코스닥시장에선 외국인과 기관이 각각 657억원과 1132억원 순매도였다. 개인은 1938억원 매수우위였다.코스닥 시총 상위기업들은 등락이 엇갈렸다. 알테오젠, 레인보우로보틱스, 휴젤, 클래시스 등이 떨어졌다. 에코프로비엠, 에코프로 등은 소폭 상승했다. 리가켐바이오, 코오롱티슈진, 삼천당제약, 에이비엘바이오 등 바이오주들이 동반 약세를 보였다.오름테라퓨틱은 임상 자진 중단 소식에 하한가로 직행했다. 쎄크는 코스닥 신규상장 첫날 공모가 대비 8.8% 하락 마감했다.원·달러 환율은 다시 1440원대로 올라섰다. 이날 오후 3시30분 기준 서울 외환시장에서 원·달러 환율은 전 거래일 대비 6.1원 오른 1442.6원에 주간거래를 마쳤다.노정동 한경닷컴 기자 dong2@hankyung.com",https://www.hankyung.com/article/2025042808186,2025.04.28 15:55
"바이넥스, 셀트리온의 바이오시밀러 2종 임상물질 생산 수주",,"셀트리온 송도 본사에서 연구 중인 직원. 셀트리온 제공

                국내 최초 바이오의약품 위탁생산(CMO)업체인 코스닥상장사 바이넥스가 셀트리온의 바이오시밀러  원료의약품(DS) 임상물질 2종에 대한 생산 계약을 체결했다고 16일 밝혔다. 제품명 및 계약 내용은 비밀 유지 사유로 공개되지 않았다.이번 계약으로 바이넥스는 셀트리온으로부터 바이오시밀러 2개 제품에 대한 CMO 생산관련생산기술 및 노하우를 이전받아 송도와 오송공장에서 각각 생산해 셀트리온에 공급할예정이다. 셀트리온과 바이넥스는 2021년 국내 바이오 기업이 동반 성장하며, 상생할 수 있는 위탁생산 협력 관계를 구축하자는 골자로 바이오 의약품 위탁생산 국산화 업무협약을 체결한 바 있다. 첫 번째 성과로 바이넥스는 악템라 바이오시밀러인 앱토즈마의 상업용 의약품 생산 공급을 위해 FDA의 cGMP 승인을 단번에 획득하고 올해 초부터 본격적인 생산에 돌입했다.바이넥스는 셀트리온과 협력해 지난 1월 미국 식품의약국(FDA)으로부터 자가면역질환 치료제 악템라의 바이오시밀러(바이오의약품 복제약) 앱토즈마의 바이오의약품 생산시설에 대한 미국 의약품 우수제조관리 기준(cGMP) 승인을 받은 바 있다.악템라는 체내 염증 유발에 관여하는 인터루킨(IL)-6 단백질을 억제해 염증을 감소시키는 인터루킨 억제제로, 2023년 글로벌 매출 약 26억 3000만 스위스프랑(약 4조원)을 기록했다.제약업계에 따르면 셀트리온은 앱토즈마 생산을 전량 바이넥스에 맡긴 것으로 알려졌다. 보통 자체 생산이나 해외 CDMO에 생산을 맡겨온 셀트리온이 자사 바이오시밀러를 국내 CDMO업체에 맡긴 것은 이번이 처음이다. 1958년 순천당제약으로 출범한 바이넥스도 사상 처음으로 상업용 바이오의약품의 FDA 허가를 받게 됐다. 바이넥스는 2011년 설립된 삼성바이오로직스보다 2년 앞선 2009년 국내 첫 CDMO 사업을 시작했다.바이넥스 관계자는 “국내 바이오 업계의 상생 및 발전을 위해 추진한 CMO 국산화 과정이결실을 맺고 있다”며 ""양사가 장기적으로 동반 성장할 수 있도록 신뢰를 바탕으로 한 협력관계를 더욱 공고히 할 계획이다""고 말했다.안대규 기자 powerzanic@hankyung.com",https://www.hankyung.com/article/202506166698i,2025.06.16 08:59
'전쟁이 나도 코스피는 간다'…무섭게 쓸어 담는 동학개미들 [분석+],"코스피, 중동 사태에도 선방…""단기 부담에 무게

외인 8거래일 만에 '팔자' 전환
중동 긴장 고조에 방산주 강세

국제유가 치솟자 정유주 반등 
증권가 ""대형 악재 가능성 작아""","사진=연합뉴스

                국내 증시가 16일 중동의 지정학적 긴장 고조에도 선방하고 있다. 전문가들은 이스라엘·이란 충돌이 중동 전쟁으로 확전하지 않는다면 국내 증시도 단기 조정을 거친 후 재차 반등할 것으로 전망한다. 다만 일각에선 이달 줄곧 순매수 행진을 이어온 외국인 투자자가 순매도로 돌아서면서 단기 조정 국면에 진입할 것이란 우려도 나온다.이날 오전 11시2분 현재 코스피지수는 전 거래일보다 17.04포인트(0.59%) 오른 2911.66을 기록하고 있다. 이날 지수는 0.31% 오름세로 출발해 보합권에서 등락을 거듭하다 상승세로 방향을 굳힌 후 추세를 유지하고 있다.유가증권시장에서 개인이 1453억원어치를 사들이며 방어해내고 있다. 다만 외국인이 매도 강도를 높이고 있어 상승폭은 제한적인 모습이다. 외국인과 기관은 각각 1272억원과 184억원어치를 팔아치우고 있다. 외국인의 8거래일 연속 순매수 기조도 끝났다.지난 13일 이스라엘의 선공으로 촉발된 이란과의 군사적 충돌 격화로 지난 주말 미국 증시가 급락한 것과 비교하면 선방하고 있다는 평이다. 지난 13일(현지시간) 다우존스30산업평균지수와 S&P500지수는 각각 1.79%와 1.13% 하락했고 나스닥종합지수는 1.3% 떨어졌다.조준기 SK증권 연구원은 ""지정학적 리스크와 관련해 섣부르게 예측하는 건 바람직하지 않다""면서도 ""현재까지 시장의 입장에선 단기적으로 많이 올랐던 업종들을 조금 덜어내고 기술적 부담을 해소하는 기간으로 보고 있다""고 설명했다.코스피 시가총액 상위 종목 중 두산에너빌리티(5.4%) SK하이닉스(3.61%) 한화에어로스페이스(2.33%) HD현대중공업(2.16%) 네이버(2.0%) 현대차(0.5%) 셀트리온(0.12%) 등이 오르는 반면 삼성전자(-2.06%) LG에너지솔루션(-1.86%) 삼성바이오로직스(-0.79%) KB금융(-0.28%) 등이 내리고 있다. 중동의 지정학적 리스크로 인해 LIG넥스원(55만5000원)을 비롯해 현대로템(19만7500원)과 한국항공우주(10만1800원) 등 방산주가 장중 일제히 52주 신고가를 기록했다. 같은 시각 코스닥지수는 3.06포인트(0.4%) 오른 771.92를 나타내고 있다. 이날 지수는 0.18% 오름세로 출발 후 상승폭을 소폭 확대한 상태다. 외국인과 기관이 각각 494억원과 380억원을 순매수하고 있으며 개인만 864억원 순매도 중이다.코스닥 시총 상위 종목 중 알테오젠(5.06%) 리가켐바이오(3.67%) 파마리서치(3.0%) 휴젤(2.95%) 에이비엘바이오(0.54%) 등이 오르는 반면 HLB(-4.55%) 에코프로비엠(-2.07%) 에코프로(-1.75%) 펩트론(-1.56%) 레인보우로보틱스(-1.08%) 등이 내리고 있다. 중동 긴장 고조에 국제유가가 뛰자 흥구석유(19.3%) 한국석유(14.8%) 한국ANKOR유전(14.58%) 등 정유주가 급등세다. 증권가에선 중동 분쟁 이외에도 단기 급등에 따른 부담과 6월 미 연방공개시장위원회(FOMC) 대기 심리 등으로 조정장이 나타날 수 있다고 전망한다. 다만 이란과 이스라엘의 충돌이 확전하지 않는다면 단기 조정을 거친 후 재차 반등을 타진할 것이란 분석이다.한지영 키움증권 연구원은 ""이스라엘과 이란의 군사 충돌 사태가 조속히 마무리될 가능성은 크지 않다""면서도 ""기존의 증시 상승 추세를 훼손시키는 대형 악재로 격화할 여지도 제한적""이라고 판단했다.노동길 신한투자증권 연구원은 ""지정학적 리스크는 원유 생산 시설 타격 및 공급 충격 부재 시 추세를 반전시킬 재료로 보기 어렵다""면서 ""인플레이션 우려를 자극해 1개월여 관망 심리를 높일 변수""라고 진단했다.관건은 이란이 전 세계 원유 수송량의 약 20%를 차지하는 호르무즈 해협을 봉쇄하는 것으로 대응할지에 달렸다는 분석이다.한지영 연구원은 ""현실화할 경우 공급 차질에 따른 유가 폭등→인플레이션 급등→미 중앙은행(Fed) 금리 인하 기대 소멸→증시 급락 등의 흐름이 나타날 수 있다""고 분석했다.고정삼 한경닷컴 기자 jsk@hankyung.com",https://www.hankyung.com/article/2025061670366,2025.06.16 11:40
"코스피, 개인·외국인 매수에 강세 출발…현대차·기아 2%대↑",,"사진=연합뉴스

                코스피가 9일 장 초반 강보합세를 보이고 있다. 개인의 현물주식 매수와 외국인의 코스피200 선물 매수에도 숨고르기를 하는 모습이다.이날 오전 9시5분 현재 코스피는 전일 대비 6.36포인트(0.25%) 오른 2585.84에 거래되고 있다.개인이 391억원어치 주식을 사들이고 있다. 외국인도 65억원어치 현물주식과 코스피200선물 1937억원어치를 순매수 중이다. 기관이 현물주식 448억원어치를 팔며 지수의 발목을 잡고 있다.시가총액 상위 종목은 혼조세다.가장 눈에 띄는 상승세를 보이는 종목은 현대차와 기아로, 각각 2.3%와 2.39% 상승 중이다. 간밤 도널드 트럼프 미국 대통령이 발표한 영국과의 무역협상 결과에 자동차 품목관세 25%를 없애고 연간 10만대에 대해서만 기본관세 10%를 부과하기로 했다는 내용이 포함된 영향으로 보인다.SK하이닉스는 0.98% 상승하고 있지만, 삼성전자는 보합이다. 삼성바이오로직스와 한화에어로스페이스는 각각 0.48%와 0.79% 오르는 중이다.반면 KB금융은 2.65% 하락하고 있다. LG에너지솔루션도 1.22% 약세다.코스닥은 전일 대비 1.58포인트(0.22%) 내린 728.01에 거래되고 있다. 이 시장에서는 개인이 512억원어치 주식을 사는 반면, 외국인과 기관은 각각 268억원어치와 196억원어치를 팔고 있다.코스닥 시가총액 상위 종목들은 대체로 하락세다.최근 강세를 보이던 클래시스와 휴젤이 차익실현 매물이 나온 영향으로 각각 3.39%와 3.95% 하락하고 있다. 알테오젠도 0.57% 약세다.에코프로비엠(-1.93%), 에코프로(-0.82%) 등 2차전지주도 약세다.간밤 뉴욕증시에서 주요지수가 강세로 마감됐다. 미국이 영국과의 무역협상을 타결한 데 더해, 중국과의 협상에 대한 기대감도 부상하면서다. 8일(현지시간) 뉴욕증권거래소(NYSE)에서 다우존스30산업평균지수는 전일 대비 254.48포인트(0.62%) 오른 41,368.45에, 스탠더드앤드푸어스(S&P)500지수는 32.66포인트(0.58%) 상승한 5,663.94에, 나스닥종합지수는 189.98포인트(1.07%) 뛴 17,928.14에 각각 거래를 마쳤다.한경우 한경닷컴 기자 case@hankyung.com",https://www.hankyung.com/article/2025050917576,2025.05.09 09:16
삼성바이오로직스 유럽과 亞서 4400억 수주…수주 3조 돌파,,"삼성바이오로직스 직원이 4공장 배양기를 점검하고 있는 모습. 삼성바이오로직스 제공

삼성바이오로직스가 글로벌 제약사들과 잇따라 대형 계약을 체결하며, 5개월 만에 연간 누적 수주 금액 3조원을 돌파했다.삼성바이오로직스(대표이사 존림)는 26일(월) 공시를 통해 유럽 및 아시아 소재 제약사와 총 4405억원(3억 1957만 달러) 규모의 위탁생산(CMO) 계약 2건을 체결했다고 밝혔다. 이번 계약은 각각 유럽 제약사와 2,420억원(1억 7555만 달러), 아시아 제약사와 1,985억원(1억 4403만 달러) 규모이며, 계약 기간은 각각 2030년 12월 31일, 2033년 12월 31일까지다. 고객사 및 제품명은 비밀유지 조항에 따라 공개되지 않았다. 삼성바이오로직스는 올해에만 공시기준 총 4건의 신규 계약을 체결했다. 1월 첫 계약을 시작으로 미국, 아시아, 유럽 등 글로벌 전역에서 신규 수주를 이어가며, 5개월 만에 전년도 연간 수주 금액(5조 4,035억원)의 60%를 넘어서는 3조 2525억원의 수주 실적을 기록했다. 삼성바이오로직스는 현재 글로벌 상위 제약사 20곳 중 17곳을 고객사로 확보하고 있다. 압도적 생산능력과 품질, 다수의 트랙레코드를 기반으로 한 핵심 경쟁력을 통해 창사 이래 누적 수주 총액은 약 182억 달러를 넘어섰다. 삼성바이오로직스는 증가하는 바이오의약품 수요에 선제적으로 대비하기 위해 생산능력을 확대에도 속도를 내고 있다. 5공장은 1~4공장의 최적 사례를 집약한 18만L 규모의 생산공장으로 지난 4월 본격 가동에 들어갔다. 이를 통해 삼성바이오로직스는 총 78만4000L의 세계 최대 생산능력을 확보하게 됐다. 품질 경쟁력 측면에서도 우수한 성과를 이어가고 있다. 지난해 99%의 배치 성공률을 기록했으며, 2025년 4월 기준 미국, 유럽, 일본 등 주요 글로벌 규제기관으로부터 총 356건의 제조 승인을 획득했다. 승인건수는 생산능력 확대에 따라 지속 증가하고 있으며, 규제기관 실사 통과율도 업계 최고 수준을 유지 중이다.안대규 기자 powerzanic@hankyung.com",https://www.hankyung.com/article/202505264785i,2025.05.26 08:41
2차전지주 공매도 현황이 궁금하다?,,"공매도가 3월 31일부터 재개되면서 공매도가 주로 이루어지는 종목에 대해서도 관심이 쏠리고 있다.공매도가 주로 이루어지는 2차전지 주요종목들의 최근 공매도 현황은 아래와 같다.




 

에코프로 공매도 순보유 잔고수량 5,127,232주에코프로비엠 공매도 순보유 잔고수량 3,812,494주포스코퓨처엠 공매도 순보유 잔고수량 2,111,794주LG에너지솔루션 공매도 순보유 잔고수량 2,733,375주엘앤에프 공매도 순보유 잔고수량 549,383주(5월 16일 기준)두산에너빌리티, 삼성물산, 삼성바이오로직스, 현대로템, 삼성중공업무료상담",https://www.hankyung.com/article/202505216834a,2025.05.21 14:43
이재용 '사법 족쇄' 풀렸다...등기이사 복귀 유력,,"영상 모듈 닫기




<앵커>이재용 삼성전자 회장의 부당합병·회계부정 혐의가 최종 무죄로 확정되면서 사법리스크도 10년만에 모두 해소됐습니다.'뉴삼성'을 위한 본격적인 행보에 들어가게 되면서 등기이사 복귀와 굵직한 M&A 등에도 한층 힘이 실릴 전망입니다.자세한 내용 산업부 홍헌표 기자와 알아보겠습니다. 이 회장의 발목을 잡았던 사법 족쇄가 완전히 풀린건가요?<기자>이재용 삼성전자 회장이 약 10년간 따라다니던 '사법 리스크'를 모두 털어냈습니다.오늘 (17일) 대법원은 부당합병·회계부정 혐의로 재판에 넘겨진 이 회장에게 검찰 측 상고를 기각하고 1·2심과 마찬가지로 무죄 판단을 유지했습니다.이 회장은 지난 2015년 경영권 승계와 그룹 지배력 강화를 목적으로 사내 미래전략실 주도아래 삼성물산·제일모직 합병에 부당하게 관여한 혐의를 받아왔습니다.검찰은 이 회장이 자본시장법을 위반했다고 보고 2020년 9월 재판에 넘겼습니다.하지만 1심과 2심은 이 회장을 비롯해 최지성 전 삼성그룹 미전실 실장 등 14명에게 무죄를 선고한 바 있는데, 오늘 대법원도 1심과 2심의 판단을 유지했습니다.이재용 회장 변호인단은 대법원 판결에 대해 ""삼성물산 합병과 삼성바이오로직스 회계처리가 적법하다는 점이 분명히 확인됐다""면서 ""현명하게 판단해 준 법원에 감사드린다""는 입장을 밝혔습니다.이재용 회장이나 삼성그룹 차원의 입장은 따로 나오지 않았습니다.<앵커>이재용 회장이 사법리스크를 털어냈기 때문에 보다 적극적인 경영 활동에 나설 것으로 예상됩니다.삼성전자 이사회에 복귀해야한다는 의견이 나오고 있는데 등기이사 복귀 가능성은 어떻습니까?<기자>삼성그룹 내부나 산업계 전반에서는 이재용 회장이 삼성전자의 등기이사에 복귀해 더 책임있는 경영에 나서야한다는 목소리가 높습니다.이 회장은 사법리스크가 본격화 된 지난 2019년 등기이사직을 내려놓은 이후 현재 4대그룹 총수 중 유일하게 이사회에서 빠져있습니다.올해 초 2심 무죄 선고 이후, 3월 열린 삼성전자 정기 주주총회에서 등기이사 복귀가 예상됐지만 안건이 올라가지 않았습니다.대법원 최종 판단까지 조심스러운 행보를 이어간 겁니다.삼성 준법감시위원회 위원장을 맡고 있는 이찬희 위원장은 지난 2월 ""이재용 회장의 등기이사 복귀가 필요하다""고 말하기도 했습니다.속도감 있는 경영을 위해서는 등기이사에 복귀해 이사회에 참석하는 것이 중요하다는 조언이었습니다.이런 상황에서 다음주 수요일인 23일, 삼성 준감위 정기회의가 열립니다.이찬희 위원장은 다시 한 번 이재용 회장의 등기이사 복귀를 촉구할 것으로 보입니다.삼성전자의 정기주총은 내년 3월이지만 임시주총을 열어서 이른 이사회 복귀도 가능합니다.주요 경제단체에서도 잇따라 환영의 메시지를 내면서 이 회장의 강력한 리더십을 기대하고 있습니다.한국경영자총협회는 ""이 회장의 강력한 리더십을 중심으로 적극적인 투자와 기술혁신을 통해 신성장동력 발굴과 일자리 창출로 우리 경제 재도약의 기틀을 마련해달라""고 전했습니다.한국경제인협회도 ""글로벌 통상갈등, 패권경쟁 등 불확실성이 고조되는 상황에서, 기업의 신속한 의사결정은 우리 경제가 당면한 어려움을 극복하는 데 중요한 발판이 될 것""이라고 밝혔습니다.<앵커>당장 삼성전자는 반도체 사업에서 돌파구를 찾지 못하고 있습니다. 이 회장이 특단의 조치를 내릴 것이라는 예상도 나오는데, 삼성 그룹 전체에 메시지를 내거나 깜짝 인수합병 소식도 가능할까요?<기자>사법리스크가 사라진 이재용 회장은 새로운 삼성 구축에 나설 것으로 보입니다.이 회장은 지난 3월 임원 세미나에서 “삼성은 죽느냐 사느냐 하는 생존의 문제에 직면했다. 당장의 이익을 희생하더라도 미래를 위해 투자해야 한다”고 강조했습니다.삼성전자는 지난해 말 로봇기업인 레인보우로보틱스를 인수했고, 올해는 마시모 오디오사업부와 공조회사 플랙트, 헬스케어 회사 젤스 등을 잇따라 인수했습니다.이 회장이 미래 먹거리로 꼽고 있는 바이오, AI, 전장, 5G 등 신성장산업에 사업을 확장하고 있는 겁니다.삼성은 지난달 하반기 경영전략회의를 갖기도 했는데, 이 회장이 하반기 경영방향에 대한 새로운 메시지도 내놓을 것으로 보입니다.당장 삼성은 반도체사업부(DS)의 실적이 부진한데, HBM과 파운드리 체질개선을 위한 특단의 조치가 나올 수도 있습니다.특히 반도체 분야에서 조직개편이나 인수합병도 조심스럽게 점쳐집니다.이 회장은 글로벌 행보도 다시 활발하게 할 것으로 예상됩니다.지난 주 이재용 회장은 글로벌 빅테크 CEO들의 모임인 ‘선 밸리 콘퍼런스’에 무려 10년만에 참석했습니다.그동안 사법리스크 때문에 이 콘퍼런스에 참석을 꺼렸는데, 올해부터 참석하기로 결정한 겁니다.이 콘퍼런스에서는 빅테크 CEO들간의 굵직한 의사결정이 이루어지는 만큼 삼성의 메가톤급 투자소식도 기대해볼만 합니다.또 이 회장은 이달 말 열리는 구글 캠프에도 초청받은 것으로 알려졌습니다.이탈리아에서 열리는 구글 캠프는 글로벌 CEO 사교 모임인데 시간과 장소외에는 철저히 베일에 싸여 있습니다.이 회장은 당분간 국내외를 오가면서 경영을 진두지휘 할 것으로 보입니다.<앵커>잘 들었습니다.홍헌표기자 hphong@wowtv.co.kr",https://www.hankyung.com/article/2025071753775,2025.07.17 17:18
"""탄소감축의 핵심은 공급망…단순 공시 넘어 실행력 중요""",셰리 마데라 탄소정보공개 프로젝트(CDP) CEO는 한국 기업에 보고를 넘어 스코프 3까지 아우르는 공급망 관리를 주문했다. 지금 스코프 3를 관리하지 않으면 향후 실제 기후변화로 인한 공급망 리스크에 대응하는 비용은 현재의 3배에 달할 것이라고 경고했다.,"[한경ESG] 글로벌 - 셰리 마데라 탄소정보공개 프로젝트(CDP) CEO




셰리 마데라 CDP 최고경영자. 사진=CDP 제공

                “탄소감축의 승부처는 공급망입니다. 정보공개만으론 부족합니다. 행동이 필요합니다.”글로벌 탄소정보공개 이니셔티브인 탄소정보공개 프로젝트(CDP) 셰리 마데라 최고경영자(CEO)는 〈한경ESG〉와의 서면 인터뷰에서 “스코프 3 배출은 전체 기업 배출량의 90% 이상을 차지하며, 이제는 단순 공시를 넘어 실질적 공급망 전환 전략이 요구된다”고 강조했다.글로벌 환경규제 강화와 ESG 투자 흐름 속에서 ‘공급망 탈탄소’가 기업의 핵심 경쟁력으로 떠오르고 있다. CDP에 따르면 한국 기업은 아시아에서 가장 적극적으로 환경정보를 공개하지만, 공급망 전반에 걸친 구체적 감축 실행은 여전히 미흡한 수준으로 평가받았다. 마데라 CEO는 “한국 기업은 보고를 잘하고 있지만, 거버넌스와 전략 내재화 측면에서 아쉬운 부분이 있다”며 “CDP 보고를 넘어 실제 행동으로 전환할 시점”이라고 진단했다.CDP는 기후변화, 수자원, 삼림을 포함한 환경영향을 관리하는 글로벌 정보공개 시스템이자 이니셔티브다. CDP는 142조 달러 이상 자산을 운용하는 글로벌 금융기관, 330여 개 대형 글로벌 기업과 협력하고 있어 CDP 공개는 투자 유치와 글로벌 공급망의 핵심 요건으로 자리 잡았다고 마데라 CEO는 강조했다. 다음은 마데라 CEO와의 일문일답. - CDP 보고에 참여하는 기업이 늘어났다.“2024년 기준 전 세계 2만4800여 개 기업이 CDP를 통해 환경정보를 공개했으며, 이 중 약 9000개는 아시아 기업이다. CDP 가입 기업은 미국과 아시아에서 뚜렷한 증가세를 보이고 있으며, 특히 배출 감축 등 실질적 성과로 연결되고 있다.한국은 총 865개 기관이 참여해 기후 데이터 공개에서 두각을 나타냈으며, 이 중 500곳 이상은 기후 외 환경 이슈까지 보고해 아시아 내에서 선도적 위치를 차지한다. CDP 정보공개 참여가 급증하고 있는 것은 기업의 환경 이슈에 대한 책임 의식이 실제 행동으로 이어지고 있음을 보여준다. 정보공개는 단순한 형식적 요구가 아니라 전략적 필수사항이다. 기업이 환경문제에 진지하게 대응하고 있다는 것을 입증하는 수단이자 구체적 행동으로 이어지는 기초가 된다.”- 기업의 탄소배출 감축 수준은 어떻게 평가하고 있나. “기업의 탄소배출 평가 기준은 한층 엄격해지고 있다. 스코프 1·2·3 배출량 전반에 걸친 정밀하고 포괄적인 정보공개가 요구되며, 특히 스코프 3(공급망 전반의 탄소배출량) 감축에 대한 관심이 집중되고 있다. CDP 데이터에 따르면, 기업의 평균 공급망 배출은 자사 운영 배출량의 26배에 달한다. 이는 공급망 전반의 투명성 확보와 적극적인 기후 대응이 절실하다는 점을 방증한다. 현재 CDP는 전 세계 700여 개 금융기관(운용자산 142조 달러) 및 약 330개 대기업(구매력 총합 6.4조 달러)과 협력해 공급망 프로그램을 통해 협력사에 탄소감축을 요구하고 있다.”- 많은 기업이 스코프 3 배출량 측정 및 감축에 어려움을 겪고 있다.“‘측정할 수 없으면 관리할 수도 없다’는 원칙은 CDP의 스코프 3 접근법의 핵심이다. 공급망 환경정보 공개는 선택이 아닌 필수다. 기후 리스크 대응의 경제적 효율성도 부각되고 있다. CDP 분석에 따르면, 기후변화로 인한 공급망 리스크에 대응하는 비용은 이를 사전에 예방하는 비용의 3배에 이른다. 즉 미리 준비하지 않으면 나중에 현재 대비 3배의 비용을 지불해야 한다. CDP의 공급망 프로그램은 기업이 1차 협력업체로부터 배출량 데이터를 직접 수집할 수 있도록 지원한다. 이를 통해 기업은 배출이 집중된 활동을 식별하고, 핵심성과지표(KPI)를 활용해 공급업체의 기후 대응 역량을 평가할 수 있다.”- 한국 기업은 스코프 3를 어떻게 관리하고 있다고 보나. “2024년 CDP에 보고한 한국 기업 234곳의 데이터를 보면 스코프 3 배출량이 전체 배출량의 약 90%를 차지하며, 스코프 1·2 합산 배출량보다 9배 이상 많다. 스코프 3 배출량이 21.7억tCO₂e에 달한 반면, 스코프 1·2는 2.4억tCO₂e에 불과했다. 이처럼 실질적 기후 대응은 공급망 전반을 포괄하지 않으면 불가능하다. SK하이닉스, 현대차, 기아, 삼성바이오로직스 등 한국 대표 기업이 CDP의 공급망 프로그램에 참여하며, 공급업체에 연간 환경 데이터 공개를 요청하고 있다. 이들은 데이터 품질 향상, 재생에너지 사용 확대, 배출 저감 목표 설정 등 구체적 수단을 통해 공급망 탈탄소화를 주도하고 있다.”- 현재 아시아 기업은 어느 정도 수준이라고 평가하나. “전 세계적으로 가장 높은 수준의 행동을 보이는 기업은 전체의 10%다. 아시아 기업의 경우 모든 항목에서 진전을 보인 비율은 5%로, 글로벌 평균보다 적다. 다만 목표 설정 분야에서는 아시아 기업이 선도적인 모습을 보이고 있으며, 50% 이상이 다수 목표를 설정했다. 하지만 개선해야 할 과제도 있다. 아시아 기업 중 기후 및 자연 목표를 모두 설정한 곳은 12%에 불과하며, 가치사슬을 포함한 목표를 설정한 기업 비율은 22%로, 글로벌 평균(33%)보다 낮은 수준이다.”- 어떻게 하면 수준을 끌어올릴 수 있을까. “이런 상황에서 기업의 전략적 대응 수단으로는 임원 보수를 목표 달성에 연계(아시아 74%)하거나, 1.5℃ 목표에 부합하는 전환 계획 수립, 내부 탄소가격 책정, 가치사슬 전반의 참여 확대 등이 있다. 지금이야말로 결정적 리더십이 필요한 시점이다. 정보공개는 출발점일 뿐, 이를 핵심 경영 의사결정에 통합해야 비로소 행동으로 이어질 수 있다.”
                    



셰리 마데라 CDP CEO가 국제 무대에서 발언하고 있다. 사진=CDP 제공





셰리 마데라 CEO가 국제무대에서 발언하고 있다. 사진=CDP 제공 

- CDP의 A 등급에 포함된 기업은 어떤 특징이 있나. “CDP의 A 리스트에 포함된다는 것은 단순한 ‘점수’ 이상의 의미를 지닌다. 이는 환경영향에 대한 고품질 데이터를 기반으로 기업이 전반적 리스크와 기회를 인식하고, 전환 계획 수립 및 실행 능력을 보유하고 있다는 것을 의미한다. 하지만 여전히 소수 기업만 이 기준을 충족한다. 투명성과 책임성, 그리고 즉각적인 행동 없이는 지속가능성 주장은 공허할 수밖에 없다. FTSE100 지수에 포함된 거의 모든 기업이 CDP를 통해 정보를 공개하고 있으며, 이 중 59%는 자사 기후 목표 달성 궤도에 있다. 이는 대기업 평균을 훨씬 웃도는 수치다.”- 최근 기업 건강진단을 처음 도입했다. 내용을 설명해달라. “많은 기업이 정보공개를 행동으로 전환하는 데 어려움을 겪고 있기에 CDP는 올 초 다보스포럼에서 ‘기업 건강진단(Corporate Health Check)’을 처음 도입했다. 이는 공개, 목표 설정, 거버넌스, 전략, 성과 등 5개 핵심 영역을 기준으로 기업의 기후 대응 수준을 종합 평가하며, 다음 4단계로 분류된다. 1단계는 뒤처짐(Falling Behind), 2단계는 최소 기준 충족(Meeting the Minimum), 3단계는 의지 표명(Showing Ambition), 4단계는 변화 주도(Charting Change)로 나눠진다. CDP의 첫 ‘기업 건강진단’에 따르면, 전 세계 기업 중 10% 미만이 이러한 투명성·목표 설정·거버넌스·전략 통합을 실제로 실행하고 있는 것으로 나타났다. 보다 근본적 행동 없이는 지속가능한 미래는 불가능하다.”- CDP 보고에 참여하면 기업이 얻는 혜택은 무엇인가. “기업 입장에서 CDP를 통한 정보공개는 3가지 측면에서 중대한 효과를 가져온다. 첫 번째, 자본 유치다. 투자자들은 지속가능성을 중요한 평가 기준으로 삼고 있으며, CDP 정보공개는 필수 요소로 자리 잡고 있다. 두 번째는 경쟁력 강화다. 다국적기업 340여 곳이 CDP 공급망 프로그램을 통해 협력사와 데이터 공유를 강화하고 있다. 세 번째는 규제 대응이다. 전 세계적으로 환경정보 공개 의무화가 가속화되는 가운데 CDP는 다양한 공시기준과 모범 사례를 통합한 질문지를 통해 기업의 대응을 단순화하고 있다. 궁극적으로 정보공개는 환경 리스크를 식별하고 대응하며, 장기적 지속가능성과 기업 회복력을 강화하는 수단이다. CDP는 이러한 데이터 생태계를 통해 기업이 환경과 재무적 성과를 동시에 추구할 수 있도록 지원하고 있다.”- CDP는 금융기관과는 어떻게 협력하고 있나. “은행, 보험사, 자산운용사, 연기금 등 금융기관은 막대한 자산과 영향력을 지닌 만큼 지속가능한 전환을 견인하는 핵심 행위자다. CDP는 매년 700개 이상 금융기관과 협력해 수천 개 기업에 환경정보 공개 요청을 보낸다. 2024년에는 총 700여 개 자본시장 기관(총 운용자산 142조 달러 이상)이 수천 개 기업에 환경 리스크 공개를 요청했다. CDP는 이와 함께 투자 포트폴리오 구성부터 정책 설정, 기업 참여, 리서치까지 전 단계에 걸쳐 환경 데이터를 통합하는 작업을 지원한다. 금융기관도 기후, 산림, 수자원 관련 핵심 이슈에 대한 질문에 답변하도록 요구받는다. 이 과정은 글로벌 넷제로 금융연합(GFANZ), 투자자 어젠다(ICAPS) 등과 연계된 약속 이행을 추적하고 입증하는 핵심 수단으로 작용한다.” - CDP는 다른 ESG 규제와 어떻게 상호운영성을 높이고 있나.\“CDP의 철학은 ‘더 적은 부담, 더 큰 이익’이다. 단순한 보고를 넘어 실행 가능한 통찰을 제공하는 것이 목적이다. CDP는 2018년 기후변화 관련 재무정보공개 협의체(TCFD)를 따르면서 전 세계적으로 TCFD 기반 공시의 대중화를 주도했다. CDP는 20년 이상 GHG 프로토콜, CEO 수자원 관리 책무, 책임 프레임워크 이니셔티브(AFi) 등과 협업해 공시기준의 통합을 이끌어왔다. 2024년부터는 국제지속가능성기준위원회(ISSB) 기후 관련 공시(IFRS S2), EU 지속가능성 공시기준(ESRS), 자연 관련 재무공개 협의체(TNFD)의 권고안과도 궤를 같이한다. 이를 통해 CDP의 단일 설문지를 통해 기업은 다양한 시장과 규제 요구를 한 번에 충족할 수 있게 되었다.”- 한국의 독자에게 하고 싶은 말은. “기후 위기는 경제적 현실로 다가오고 있다. CDP에 정보를 공개한 기업은 기후 및 자연 관련 기회만 해도 16조 달러 이상으로 추산되며, 이는 지속가능성이 성장동력으로 작용할 수 있음을 보여준다. 공급망 배출 저감을 통해 이미 130억 달러 이상을 절감한 사례도 확인됐다. 하지만 인식만으로는 부족하다. 전 세계 배출량은 여전히 증가 중이며, 생물다양성 손실도 빠르게 진행되고 있다. 지금 행동하지 않으면 2050년까지 연간 38조 달러 규모의 손실과 전 세계 소득 20% 감소라는 파국을 맞이할 수 있다. 투명성은 행동을 유도한다. 과학 기반 감축목표(SBTi)를 설정하려는 기업에 정보공개는 첫걸음이다. 이는 형식적 절차가 아닌 전략적 의사결정과 실질적 변화를 이끄는 핵심 도구다.”- 앞으로 CDP는 어떤 노력을 하고자 하나. “우리는 2030년이라는 글로벌 지속가능 목표 달성을 위한 여정에서 중대한 반환점을 지나고 있다. 지난 25년간 환경 공시 개척자로서 CDP는 투명성과 데이터의 힘이 세상을 바꾼다고 믿는다. CDP는 ISSB와 TNFD 등 국제 공시기준을 단일 설문지로 통합해 기업이 규제 대응을 간소화하고 핵심 데이터를 효과적으로 보고할 수 있도록 돕고 있다. CDP는 기업이 중복 없이 단 한 번의 보고로 다양한 목적에 활용 가능한 고품질 데이터를 제출할 수 있도록 시스템을 발전시킬 계획이다. 이는 기업의 부담을 줄이고, 실질적 탈탄소 행동에 더 많은 자원을 집중할 수 있도록 한다. 하지만 데이터만으로는 부족하다. 중요한 것은 기업이 그 데이터를 바탕으로 무엇을 하느냐다. 향후 10년의 성공은 자본이 ‘지구를 해치는 활동’에서 ‘지구에 긍정적 활동’으로 얼마나 빠르게 전환되는지에 달려 있다. 이 전환은 투명성에서 행동으로 나아가는 데서 시작된다.” 구현화 기자 kuh@hankyung.com",https://www.hankyung.com/article/202504116420i,2025.05.03 06:01
"코스피, 장중 오름폭 확대에 2470선…코스닥 상승 전환","車부품 관세 예외 가능성에 현대차·기아 3%대↑
두산로보틱스, 지능형 로봇 출시 기대에 8%대↑","사진=연합뉴스

                코스피지수가 15일 장중 2470선까지 올라섰다. 도널드 트럼프 미국 대통령이 스마트폰에 이어 자동차 부품에 대해 관세 면제 조치를 검토한다는 소식에 힘입어 제한적이나마 상승세를 유지하는 모습이다.이날 오전 11시 현재 코스피지수는 전 거래일보다 16.46포인트(0.67%) 오른 2472.35를 기록하고 있다. 이날 지수는 0.35% 오름세로 출발한 후 상승폭을 소폭 확대하고 있다.트럼프 대통령의 관세 조치 완화 기대에 힘입어 상승세가 유지되는 것으로 풀이된다. 이날 새벽 뉴욕증시의 주요 3대 지수도 동반 강세로 마감했다. 14일(현지시간) 우량주 30개를 묶은 다우지수는 전장 대비 0.78% 올랐으며 나스닥종합지수와 S&P500지수도 각각 0.79%와 0.64% 상승했다. 현재 유가증권시장에서 개인이 140억원어치를 사들이는 반면 외국인과 기관은 각각 486억원과 7억원어치를 팔아치우고 있다.시가총액 상위 종목 중 삼성전자, SK하이닉스, LG에너지솔루션, KB금융, 네이버, 신한지주 등이 오르는 반면 삼성바이오로직스, 한화에어로스페이스, 셀트리온, HD현대중공업 등이 내리고 있다.트럼프 대통령이 자동차 부품에 대한 관세 면제 조치를 검토하고 있다는 소식에 현대차와 기아가 3%대 강세를 보이고 있다. 두산로보틱스는 올해 지능형 로봇 솔루션을 출시한다는 소식에 8%대 급등하고 있다.코스닥지수는 같은 시각 0.67포인트(0.09%) 오른 709.65를 기록하고 있다. 이날 지수는 0.07% 오름세로 출발한 후 9시2분께를 기점으로 하락 전환했지만 9시50분께  재차 상승세로 돌아섰다. 코스닥시장에서도 개인이 1241억원어치를 사들이는 반면 외국인과 기관이 각각 853억원과 303억원어치를 팔아치우고 있다.코스닥 시총 상위 종목 중 HLB, 레인보우로보틱스, 삼천당제약 등이 오르는 반면 알테오젠, 에코프로비엠, 에코프로, 휴젤, 리가켐바이오, 클래시스, 파마리서치, 펩트론, 코오롱티슈진 등이 내리고 있다.이날 서울 외환시장에서 원·달러 환율은 전장보다 2.1원 내린 1422원으로 개장했다.고정삼 한경닷컴 기자 jsk@hankyung.com",https://www.hankyung.com/article/2025041522036,2025.04.15 11:12
관세 협상과 어닝시즌…어수선한 시장 흐름 [마켓인사이트],,"영상 모듈 닫기




도널드 트럼프 미국 대통령의 관세 강경 모드가 누그러지고 협상의 시간에 돌입하면서 지난주를 기점으로 글로벌 증시에는 대체로 반등 흐름이 나와줬습니다.이번주 뉴욕증시 빅테크들을 비롯해 우리나라 업종 대표 기업들 실적 발표도 이어집니다. 관세 이슈와 실적도 함께 챙겨보셔야겠습니다.*주요 이벤트 (한국시간)-美 3월 경기선행지수 (21일 밤)-HD현대일렉트릭·한미반도체 실적 (22일)-테슬라 실적 (23일 새벽)-최상목 경제부총리 방미 (23일)-삼성바이오로직스 실적 (23일)-美 연준 베이지북 공개 (24일 새벽)-한국 1분기 성장률 속보치 (24일 오전)-현대차·SK하이닉스·HD한국조선해양 실적 (24일)-美 알파벳·인텔 실적 (25일 새벽)● 최악은 지났는가지난주 주요국 증시 대표 지수들은 대체로 반등 흐름을 보였습니다.우리나라나 일본, 유럽과 같이 미국과 협상에 나서는 나라들이나, 강대강 대치를 보이는 중국이나 지수들은 주간단위로 상승 흐름을 보였습니다.뉴욕증시는 연준풋에 대한 기대 소멸로 거꾸로 갔지만, 그래도 최악의 상황은 벗어나는 모습이기도 합니다.
                    




● 혼탁한 수출 전선오늘 우리나라의 4월 20일까지 수출입 동향이 나왔는데요, 이달들어 20일까지 수출은 339억달러로 지난해 같은 기간보다 5.2% 줄었습니다. 작년 시점과 조업일수가 같아서 일평균 수출액도 똑같이 줄었다고 보면 되겠습니다.세부적으로 보면 미국으로의 수출이 14.3% 줄어 감소세가 두드러졌고, 품목별로는 반도체만 증가하고 승용차, 석유제품 등 주요 10개 품목 가운데 9개 품목이 모두 감소했습니다.
                    




                전달인 3월 수출과 묶어서 흐름을 복기해보겠는데요, 3월에는 일평균 수출액이 전년 대비 5.5% 증가했었는데요, 4월 들어 20일, 지금까지는 마이너스로 돌아선 것입니다. 작년 수치에 따라 기저효과도 감안해야겠지만 이제 트럼프 대통령의 관세 여파가 지표들에 서서히 반영되고 있다고 봐야겠습니다.
                    




● 이번주 이벤트들이번주에는 최상목 경제부총리와 안덕근 산업통상자원부 장관이 미국을 찾아 통상 협의를 시작합니다. 이번주 후반 일정이 유력한 상황입니다.통상협상에 관심이 집중되지만, 이번주에는 실적 발표도 많습니다. 뉴욕증시에는 테슬라와 알파벳, 우리 시장 현대차와 SK하이닉스, HD한국조선해양과 같은 업종 대표기업들 실적 발표도 몰려있습니다.한편으로는 우리나라의 1분기 성장률도 주목해야겠습니다.<한국경제TV 마켓인사이트>는 증시가 열리는 매일 오전 11시 생방송으로 진행됩니다. 투자에 대한 조언일 뿐 판단은 여러분들의 몫입니다. 전체 방송 내용은 마켓인사이트 홈페이지 또는 유튜브를 통해 확인할 수 있습니다.





                정원우기자 bkjung@wowtv.co.kr",https://www.hankyung.com/article/2025042152595,2025.04.21 15:49
"한국 경제, ‘1%대 성장’ 구조 둔화 진입",,"OECD(경제협력개발기구)가 최근 발표한 전망에 따르면, 한국의 내년 잠재 GDP 성장률이 2.02%에서 1.98%로 낮아지며 사실상 ‘2% 벽’이 붕괴됐다. 이는 2017년 이후 10년 만의 최저 수준으로, 장기적인 성장 기반이 약화되고 있음을 시사한다.이와 유사하게 KDI(한국개발연구원)도 상반기 중 우리 경제가 2025년 0.8%, 2026년 1.6% 성장에 그칠 것으로 진단하면서 건설 부문과 글로벌 통상 환경이 부담 요인으로 작용하고 있음을 지적했다.금융연구원 역시 기존 2.0%에서 0.8%로 경제성장률 전망을 대폭 하향 조정하면서, 소비·수출·투자 전반에서 흐름이 둔화되고 가계의 소비 심리 회복이 지연되고 있다고 분석했다.이와 맞물려 한국은행은 올해 성장률이 1%대에 미치지 못할 가능성이 크다고 판단해 기준금리를 동결 또는 인하할 여지를 열어둔 상태다.이에 대해 경제 전반에 대해 전문가들은 “단순한 경기 조정이 아닌 구조적 둔화 단계로 접어들었다”고 경고한다. 고령화로 인한 생산 가능 인구 감소, 투자 감소, 기술혁신 둔화 등의 복합 요인이 맞물려 성장 엔진의 동력을 상실하고 있다는 분석이다.하지만 최근 국제금융센터에 따르면 주요 외국계 투자은행(IB) 8곳의 올해 한국 성장률 전망치는 5월 평균 0.8%에서 6월 0.9%로 소폭 상향됐다. 이는 “하반기 금리 인하와 수출 회복 기대”에 따른 희망적 전망일 수 있다일승, 한화에어로스페이스, SK, 삼성바이오로직스, 모니터랩무료상담",https://www.hankyung.com/article/202507186144a,2025.07.18 09:03
"국내 증시, 정책 기대감과 수급 개선에 회복 국면",,"최근 국내 증시는 정부의 자본시장 강화 의지와 외국인·기관의 적극적 매수세에 힘입어 안정적인 회복 흐름을 보이고 있다.한 달간 코스피는 글로벌 주요 시장에서도 상위권 상승률을 기록하며 투자 분위기가 개선되는 모습이다.국내 주요 금융사와 증권가는 정책 환경 변화가 국내 증시의 긍정적 모멘텀으로 작용하고 있다고 평가한다.특히 기술주와 바이오 업종이 선전하며 시장 회복세를 주도했고, 통화정책과 환율 안정도 투자 심리를 뒷받침했다.달러 약세와 글로벌 금리 흐름 변화는 간접적으로 한국 증시에 긍정적 영향을 미친 것으로 분석된다.아울러 외국인과 기관의 순매수 전환은 시장의 구조적 안정성을 높였으며, 개인 투자자들도 포트폴리오를 조정하면서 투자 전략에 신중을 기하는 모습이다.전문가들은 “정책 기대와 수급 개선이라는 두 축이 함께 작용하며 종합적인 시장 회복 흐름이 이어지고 있다”며, “향후에도 글로벌 정책과 수급 동향을 면밀히 관찰하는 전략이 중요할 것”이라고 조언하고 있다.코나아이, SK스퀘어, 삼양식품, 나인테크, 삼성바이오로직스무료상담",https://www.hankyung.com/article/202506120629a,2025.06.12 14:33
"[파이프라인 집중분석] 프로젠, 차세대 비만 치료제 PG-102 “월 1회 주사제와 주 1회 경구용 모두 가능”",,,https://www.hankyung.com/article/202504293443i,2025.05.06 06:30
"""국장 답 없다"" 탈출하더니…'삼천피'에 개미들 '환호' [이슈+]","""'국장 탈출'은 옛말""","사진=게티이미지뱅크 

                코스피가 급등세를 이어가며 3000을 돌파했다. 자본시장 활성화 정책이 투자심리에 불을 붙인 모습이다. 개인들은 종목 토론방에 모여 환호하고 있다.20일 오후 1시50분 현재 코스피는 전일 대비 32.46포인트(1.09%) 오른 3010.2에 거래되고 있다. 2970에 거래를 시작한 코스피는 우상향하더니 오전 10시46분께 3000선을 돌파했다. 이후 3010선까지 웃돌며 상승세를 이어가고 있다. 코스닥도 0.88% 오르며 790선을 바라보고 있다.코스피가 장중 3000선을 웃돈 건 코로나19 팬데믹 기간이었던 2022년 1월3일(장중 3010.77) 이후 3년5개월여 만이다. 코스피 전고점은 문재인 정부 당시였던 2021년 6월25일(장중 3316.08) 3300선이다.이란과 이스라엘 분쟁 소식이 전해진 지난 13일을 제외하고, 이달 내내 지수는 상승세를 이어갔다. 월초부터 전날까지 코스피는 10.38% 올랐다. 같은 기간 스탠더드앤드푸어스(S&P)500와 닛케이225 지수의 상승률을 크게 앞질렀다. 두 지수는 각각 1.17%, 1.38% 오르는 데 그쳤다.지수가 불을 뿜자 투자자들은 환호하고 있다. 한 투자자는 주식 커뮤니티에 ""이제야 코스피가 정상적인 수준으로 돌아온 것 같다""는 반응을 보였다. 다른 투자자는 ""'국장 탈출은 지능순'이라는 말이 나오던 게 엊그제 같은데, 이제 코스피가 전 세계에서 가장 강한 모습을 보이고 있다""며 기뻐했다.
                    



사진=뉴스1

                지수 상승의 배경엔 증시 부양책이 있다. 이재명 대통령은 대선을 치르며 증시 부양과 지배구조 개선을 약속했다. 지난 11일 이 대통령은 한국거래소를 방문해 ""자본시장 활성화를 위한 여러 개선책을 적극 추진하겠다""며 ""불공정거래를 조속히 적발하도록 시스템을 개선하고 신속한 조사를 위해 관련 조직 인력을 확충하는 방안을 적극 검토하라""고 지시했다.상법 개정, 배당 확대 필요성도 강조했다. 이 대통령은 ""지배주주들, 소수 대주주들의 횡포나 경영권 남용을 억제하는 것(이 필요하다). 상법 개정이 그에 속한다""며 ""다른 나라는 우량주를 사서 중간 배당도 받고 (배당으로) 생활비도 쓰고, 내수에도 도움이 되게 하는데 우리나라는 배당을 하지 않는다. 그래서 배당 촉진을 위해 세제 개편이나 제도 개편을 준비 중""이라고 했다.다만 지수가 단기간에 급등해 조정 가능성에 무게를 두는 투자자도 많아졌다. 개인 투자자는 이달 들어 전날까지 'KODEX 200선물인버스2X 상장지수펀드(ETF)'를 3425억원 순매수했다. 이 기간 개인 순매수 2위다. '곱버스'로 불리는 이 상품은 코스피200 지수가 떨어질 때 두 배씩 수익을 내는 상품이다.그 외 개인투자자는 두산에너빌리티(7511억원), 한화솔루션(1612억원), 삼성바이오로직스(1544억원), KODEX 200(1543억원), HMM(1457억원), 삼성SDI(1352억원), 대한항공(1333억원)을 순매수했다.진영기 한경닷컴 기자 young71@hankyung.com",https://www.hankyung.com/article/2025062086656,2025.06.20 14:06
"코스피, 3년10개월 만 3200선 위에서 마감…보험·화장품↑ [영상]","트럼프 고율 관세 압박 딛고 상승세 이어가
한한령 해제 기대감에 화장품株 강세

SK하이닉스, 종가 기준 첫 30만원대 마감
스테이블코인 사업 관련주 줄줄이 하락","영상 모듈 닫기




코스피지수가 3년10개월 만에 3200선 위에서 마감했다.14일 코스피지수는 전 거래일 대비 26.26포인트(0.83%) 오른 3202.03으로 거래를 마쳤다. 지수가 3200선 위에서 장을 마친 건 코로나19 팬데믹 기간이었던 2021년 9월6일(종가 3203.33) 이후 처음이다.트럼프 행정부의 고율 관세 엄포에 약보합권에서 경계감을 갖고 출발한 코스피지수는 장중 외국인 투자자의 순매수 전환에 탄력을 받아 지속적으로 상단을 높였다.이날 유가증권시장에서 외국인 투자자는 3972억원 순매수를 나타냈다. 반면 개인과 기관 투자자는 각각 3428억원과 1270억원 매도우위를 보였다.
                    



사진=뉴스1

                시가총액 상위주들은 등락이 엇갈렸다. SK하이닉스(1.87%), KB금융(1.02%), 현대차(4.33%), 기아(2.18%) 등이 오른 반면 삼성전자(-0.16%), 삼성바이오로직스(-1.42%), LG에너지솔루션(-2.02%) 등은 떨어졌다. SK하이닉스는 이날 상승으로 사상 첫 종가 기준 30만원대(30만원)에서 장을 마쳤다.시진핑 중국 국가주석의 방한 기대감에 한국화장품이 20.39% 치솟는 등 한한령 해제 수혜주들이 강세를 보였다. 상법 추가 개정안 통과 기대감에 삼성화재(9.51%), 삼성생명(6.91%), 현대해상(6.7%) 등 보험주가 동반 급등했다.효성중공업은 100만8000원으로 거래를 마치면서 '황제주'(주당 100만원) 자리에 올랐다. 유가증권시장에서 주당 가격이 100만원을 넘는 곳은 삼양식품, 태광산업, 삼성바이오로직스를 포함 4곳이다.반면 원화 기반 스테이블코인 사업 기대감에 최근 줄줄이 급등했던 카카오페이(-12.44%), LG씨엔에스(-6.36%) 등은 떨어졌다.코스닥지수는 소폭 하락했다. 이날 코스닥지수는 전 거래일 대비 1.1포인트(0.14%) 내린 799.37에 거래를 마쳤다. 코스닥시장에선 외국인과 기관이 각각 1668억원과 454억원 순매도였다. 개인은 2312억원 매수우위를 나타냈다.코스닥 시총 상위주들은 혼조세를 보였다. 알테오젠, HLB, 에코프로, 파마리서치 등이 오른 반면 에코프로비엠, 레인보우로보틱스, 리가켐바이오 등이 내렸다.원·달러 환율은 소폭 올랐다. 이날 오후 3시30분 기준 서울 외환시장에서 원·달러 환율은 전 거래일 대비 5.8원 상승한 1381.2원에 주간 거래를 마쳤다.노정동 한경닷컴 기자 dong2@hankyung.com",https://www.hankyung.com/article/2025071471696,2025.07.14 15:51
[시론] 회계감독도 기업 자율성 존중해야,"삼성바이오 무죄로 본 제도 허점
사후 제재보다 예방에 중점 둬야

안태준 한양대 법학전문대학원 교수","지난 10여 년간 법학과 행정학 분야에서 유행처럼 번진 용어가 하나 있다. 바로 ‘원칙 중심 규제’다. 기존 ‘규정 중심 규제’는 구체적인 상황별로 세분화한 요건과 절차를 명시하고, 이를 위반하면 제재하는 방식이다. 그러나 기술과 산업의 변화 속도가 빨라지면서 세부 규정으로 일일이 통제하는 기존 방식이 비효율적이라는 인식이 확산했다. 이에 회계, 금융 등 다양한 분야에서 원칙 중심 규제 도입의 필요성이 강조됐고, 회계 분야에서는 2007년 원칙 중심 회계기준으로의 전환을 선언했다. 이후 불과 4년 만인 2011년 국제회계기준(IFRS)을 채택하며 본격적인 도입이 이뤄졌다.그러나 그동안 우리 사회에 깊이 뿌리내린 규정 중심 규제 문화에 익숙한 규제당국과 사법당국은 하나의 정답을 전제로, 이를 위반하면 곧바로 제재하는 관행을 규제의 본질로 인식해 왔다. 회계 분야에서도 기존 규정 중심 체제에서는 세부 규정이 정한 특정 회계처리 방식을 따르지 않으면 곧바로 제재가 뒤따랐다.반면 원칙 중심 회계기준은 하나의 정답을 전제하지 않는다. 회계처리의 기본 원칙만을 제시하고, 회계 담당자가 전문가적 판단에 따라 기업의 경제적 실질을 가장 잘 반영할 수 있는 방식을 선택하도록 한다. 이런 변화를 이해하지 못한 감독기관이나 수사기관이 자신들이 생각하는 하나의 정답만을 기준 삼아 기업의 회계처리를 일일이 검증하려 들 경우, 다양한 부작용이 발생할 수밖에 없다.이는 ‘원칙 중심 회계기준’과 ‘규정 중심 법률문화’의 충돌에서 비롯된 위험이며, 이런 위험이 현실화한 대표적 사례가 지난주 대법원의 무죄 확정 판결로 종결된 삼성바이오로직스 사건이다. 일부 언론과 단체는 이 사건을 ‘회계 부정’ ‘회계 사기’로 규정하며, 마치 중대한 비리와 부패가 얽힌 사건인 것처럼 포장했다.그러나 판결문에 따르면 삼성 측은 참고할 선례조차 없는 상황에서 난해한 회계 이슈를 해결하기 위해 감독기관에 문의하고, 국내 최고 수준 회계 및 법률 전문가의 자문을 받아 고심 끝에 회계처리 방식을 선택했다. 다수의 회계학 교수와 공인회계사 역시 해당 회계처리가 회계기준 위반이 아니라는 의견을 제시한 것으로 보인다.이처럼 회계 담당자가 최종 선택에 이르기까지 감독기관과 회계 전문가의 자문을 구하는 절차를 거쳤고, 그 결론의 이유와 근거가 전체적으로 보아 불합리하지 않다면 해당 회계처리 결과는 존중하는 것이 타당하다. 사후에 드러난 정보를 바탕으로 ‘다른 회계처리 방식이 더 적절했을 것’이라는 식으로 문제를 삼기 시작하면 원칙 중심 회계기준은 결코 제대로 정착할 수 없다.최근 삼성생명의 삼성화재 지분 회계처리를 둘러싼 논란도 같은 맥락에서 이해할 수 있다. 쟁점은 삼성생명이 삼성화재에 ‘유의적인 영향력’을 행사하는지에 대한 견해 차이다. 그러나 회계기준의 문구 해석을 두고 사후에 의견이 엇갈린다고 해서 기업과 담당 임원을 제재하려는 것은 삼성바이오로직스 사건에서 감독기관이 저지른 과오를 되풀이하는 것이다.원칙 중심 회계기준을 도입한 이상, 이를 적용하고 집행하는 규제 환경 역시 획기적으로 변화해야 한다. 원칙 중심 회계기준을 운용하는 해외 주요 국가의 회계감독 시스템은 사후 제재보다 사전 예방에 초점을 맞추고, 기업과 감독당국, 전문가 간의 대화와 토론을 통해 올바른 회계처리를 유도하는 데 목적을 두고 있다. 우리 역시 그동안 지나치게 처벌과 제재에만 몰두한 것은 아닌지 되돌아봐야 할 시점이다.",https://www.hankyung.com/article/2025072001001,2025.07.20 17:33
타워팰리스 2배 오를때 삼성전자 6배 뛰었다 [코스피 5천 시대로],,"영상 모듈 닫기




<앵커>주식의 시대가 열리고 있습니다. 이재명 대통령은 ""주식을 부동산에 버금가는 투자수단으로 만들겠다""며 코스피 5000이란 새 이정표를 제시했죠.한국경제TV는 우리 증시의 현주소를 진단하는 특별 기획 시리즈를 준비했습니다.첫 순서, 증권부 조연 기자, 부동산부 방서후 기자와 함께 합니다.먼저 조 기자, 코스피하면 오랜시간 '박스피'에 갇혀있었다고 생각되는데, 오히려 장기 수익률을 비교해보면 부동산보다 수익률이 좋았다고요?<기자>그렇습니다. 흔히 '부동산 불패'와 '코리아 디스카운트'. 이 두 단어는 우리 주식시장과 부동산 투자의 대명사처럼 불려왔죠.하지만 성장성이 있는 주식을 잘 선별해 장기 투자한다면 부동산보다 나은 수익을 낼 수 있다는 분석입니다.지난 2008년 글로벌 금융위기 여파를 맞았던 코스피 지수는 938선까지 떨어졌습니다. 이를 기준으로 현재까지 상승률은 208%, 그러니까 3배 이상 늘었는데요.같은 기간 서울 아파트 매매가격 지수를 보면 126.6%, 약 2.2배 증가한 모습입니다.물론 주식은 언제 사고 파느냐에 따라 손실을 보았을 수도 있고, 시기마다 시장을 이끄는 주도주의 손바뀜도 활발하죠.'국민주'인 삼성전자를 대표적인 예로 보면, 글로벌 금융위기 이후 수익률은 513%, 20년간의 투자 수익률은 493% 였습니다.20년 전 1억원을 삼성전자에 투자했다면 단순 주가 상승률을 반영한 현재 가치는 약 6억원(5억9308만원)에 육박하며, 여기에 배당까지 더하면 실제 수익률은 더 늘어납니다.<앵커>그렇지만 서울 아파트 평균 가격으로 보기엔 강남권과 비강남권의 차이도 클 것 같습니다.방 기자. 소위 '대장'이라 불리는 강남 아파트 수익률은 어떻습니까?<기자>20년 전 서울 대장 아파트를 매수했다고 가정했을 때 서울 아파트 평균 수익률보다는 높았지만, 코스피 종목보다는 낮았습니다.현 시점 서울 아파트 대장은 재건축 대어이자 한강변 시세를 선도하는 압구정동일 겁니다. 그중에서도 또 대장을 꼽자면 3구역일 텐데요.최근 실거래가가 130억5천만원으로 압구정동 역대 최고가 거래를 기록한 현대7차 전용면적 245㎡ 1가구를 20년 전에 39억원을 주고 샀더라면 234.6%의 수익률을 거둘 수 있었고요.압구정동에서도 평당 가격이 가장 비싼 현대14차 전용 84㎡짜리도 같은 기간 12억원에 샀다가 52억원에 팔았을 때 수익률이 333%였습니다.이밖에 KB부동산이 랜드마크 단지로 뽑는 50개 단지에 속한 은마아파트도 20년 간 실거래가가 222% 이상 올랐고,잠실주공5단지와 타워팰리스도 각각 154%, 84% 올랐습니다.이미 20년 전에도 10억원이 훌쩍 넘는 고가 아파트였기 때문에 최근 연이어 터진 신고가 기록에도 불구하고 수익률 자체는 국내 주식 종목들보다 낮을 수밖에 없는 겁니다.<앵커>조 기자. 앞서 삼성전자를 예로 들었는데, 사실 삼성전자는 지난해 8만원대까지 올랐다가 내리 떨어져 5만원대에서 고전 중이지 않습니까.더 눈에 띄는, 장기 수익률이 높았던 종목은 어떤 것들이 있습니까.<기자>월가에서 10배 늘어나는 종목을 '텐 배거', 그리고 100배 수익률을 낸 주식을 '헌드레드 배거'라고 부르죠.지난 20년 사이 국내 증시에서 100배 이상으로 오른 주식은 두산 우선주였습니다.그리고 한화에어로스페이스와 포스코퓨처엠이 각각 8,000%가 넘는 상승률을 보였고, 뒤이어 미원상사, 삼양식품, 파미셀, 두산 등이 자리했습니다.시가총액 주요 상위주들의 상승률도 확인해볼까요. SK하이닉스가 1,360%, 메리츠금융지주가 1,590%, 셀트리온이 1,100%로 '텐배거·10배주(株)'로 꼽혔고,삼성바이오로직스와 기아, 한국금융지주, 한미반도체 등이 600% 이상의 수익률을 기록했습니다.하지만 모두가 상승의 20년을 보낸 것은 아닌데요. 유가증권시장에서 370개 종목은 마이너스 수익률을 나타냈고, -90%의 수익률로 사실상 원금이 거의 날아간 종목도 44개나 됐습니다.<앵커>20년 수익률이 주식보다도 낮은데 어째서 부동산이 '장투'의 대명사가 된 거죠?<기자>금융자산과 부동산의 차이 때문이라고 보시면 됩니다.주식은 휴대폰 MTS만 접속해도 금방 사고 팔 수 있지만 부동산은 그렇지 않죠. 돈이 급해 바로 손절하고 싶어도 안 되는 게 부동산입니다.그러다보니 주식에 비해 상대적으로 장기 투자를 할 수밖에 없지요.실제로 지난해 기준 주식 투자자들의 코스피 상장사 주식 평균 보유 기간은 6.5개월로 반년이 조금 넘었습니다.반면 자가 주택 보유 가구의 평균 거주 기간은 11.1년으로 집계됐습니다.따라서 수익률 측면에서 주식이 부동산을 앞서더라도, 20년 동안 6배 가까이 오른 삼성전자를 보유한 사람보다는 같은 기간 두 배 오른 서울 아파트를 가지고 있는 사람이 더 많을 수밖에 없는 겁니다.<앵커>기준금리 인하기를 맞아 당장 20조원 규모의 추경이 예고되면서 시중에 풍부한 유동성이 풀릴 전망입니다.당분간 이렇게 넘쳐나는 자금이 부동산으로 계속 쏠릴 것으로 보시는지?<기자>자금이 쏠린다는 건 가격이 더 오를 것이라는 기대감 때문이겠죠.그런 의미에서 지금도 비싼 서울 아파트 가격은 당분간 우상향할 전망입니다.다만 그 곡선을 그리는데 일조할 아파트는 강남 상급지로 좁혀질 가능성이 큽니다.다주택자 규제로 '똘똘한 한 채'를 선호하는 현상이 지속되면서 서울 안에서도 양극화가 심화되고 있습니다.특히 강남3구는 규제지역인데다 토지거래허가구역으로도 묶이면서 남의 돈으로는 진입할 수 없는 시장이 됐습니다.그런데도 연일 신고가 거래가 터진다는 건 진정한 실수요자들이 가격을 밀어올리고 있다는 뜻이죠.가지고 있는 집이나 다른 금융자산을 팔아서라도 강남 아파트를 마련해야 한다는 투자자들의 심리가 꺾이지 않는 한 코스피 지수가 5천이 되더라도 부동산은 블랙홀처럼 자금을 빨아들일 수밖에 없습니다. <앵커>궁극적으로 우리 증시가 목표하는 것도 장기 투자에 대한 신뢰, 꾸준한 수익률을 낼 수 있다는 믿음이 통하는 시장일 겁니다.부동산으로 쏠리거나 해외로 떠나갔던 자금을 주식시장으로 유인할 방법, 증권가에서는 독일과 일본에서 그 해법을 찾고 있다고요.<기자>네, 일본은 국내에서 벤치마킹했던 '기업 거버넌스 개혁' 정책을 통해 지난 5년간 닛케이 지수가 70% 뛰었고, 독일 DAX지수 역시 새 정부의 정책 드라이브 효과로 90% 상승했습니다. 코스피와 비교해보면 2022년을 기점으로 차이가 두드러지죠.특히 독일의 경우 한국과 GDP 성장률이나 물가, 수출 추이에서 큰 차이가 없음에도 DAX 지수가 3년 만에 저점 대비 2배 이상 급등했습니다.박상현 아이엠증권 연구원은 ""기준금리 인하를 통한 유동성 효과, 그리고 독일 새 정부의 방위산업 지출 확대 등 강력한 정책 기대감이 증시를 이끌었다""며 ""국내 증시도 일관성 있는 정책 추진과 강력한 제도 개선이 병행된다면 코스피 5000 달성이 불가능한 목표는 아니""라고 진단했습니다.상법 개정, 배당 촉진 세제개편, 부당한 합병 비율 개선 등의 공약이 현실화되고, 여기에 확장적 재정 정책과 신성장 산업에 대한 지원책이 맞물린다면 한국 증시 우상향을 이끌 수 있다는 것입니다.또 일본이 10년 넘게 기업 지배구조 개혁에 매진했던 것처럼, 주주자본주의로 기업 의사결정 구조의 전환을 꾀함과 동시에, 기업의 투자와 고용, 배당을 확대할 수 있는 유인책도 함께 필요하다고 강조했습니다.<앵커>잘 들었습니다.조연 기자·방서후 기자 ycho@wowtv.co.kr",https://www.hankyung.com/article/2025061687675,2025.06.16 17:46
"26일, 외국인 거래소에서 삼성전자(+0.92%), 삼성물산(+7.11%) 등 순매도",,"외국인 투자자는 26일 거래소에서 삼성전자, 삼성물산, 현대차 등을 중점적으로 매도한 것으로 나타났다.외국인 투자자의 순매도 상위 20개 종목은 삼성전자, 삼성물산, 현대차, 한화에어로스페이스, 아모레퍼시픽, 삼성전자우, 두산에너빌리티, 두산, KODEX 200선물인버스2X, 기아등이다.이중에 운수장비 업종에 속한 종목이 3개 포함되어 있다.삼성전자, 삼성물산, 현대차 등은 전일 대비 주가가 상승했고, 삼성전자우, KODEX 200선물인버스2X, 삼양식품 등은 주가가 하락했다.[05월26일]거래소 외국인 순매도 상위 종목한경로보뉴스이 기사는 한국경제신문과 금융 AI 전문기업 씽크풀이 공동 개발한 기사 자동생성 알고리즘에 의해 실시간으로 작성된 것입니다.",https://www.hankyung.com/article/202505266849L,2025.05.26 18:35
코스피·코스닥 동반 하락…원·달러 환율 1395.1원 개장,,"사진=뉴스1

                코스피와 코스닥 지수가 장 초반 일제히 하락하고 있다. 원·달러 환율은 1400원을 밑돌고 있다.오전 9시4분 현재 코스피는 전 거래일 대비 10.66포인트(0.41%) 하락한 2616.21을 가리키고 있다. 코스피는 13.17포인트(0.5%) 내린 2613.7에 거래를 시작한 후 2610선에 머무르고 있다.기관과 외국인의 매도세가 지수를 끌어내리고 있다. 유가증권시장에서 기관과 외국인은 각각 150억원, 128억원을 순매도하는 중이다. 개인은 325억원을 순매수하고 있다.시가총액 상위주는 혼조세를 보이고 있다. SK하이닉스(-1.96%)가 2%가량 하락하고 있으며 현대모비스(-1.37%), 현대차(-1.24%), 삼성전자(-1.23%), 기아(-0.98%), 셀트리온(-0.45%)이 파란불을 켰다. 삼성바이오로직스(1.4%), KB금융(1.07%), LG에너지솔루션(0.69%), 신한지주(0.58%), 한화오션(0.37%), HD현대중공업(0.24%)은 상승세다.코스닥 지수는 전장 대비 5.57포인트(0.77%) 하락한 719.5에 거래되고 있다. 지수는 전장 대비 3.8포인트(0.52%) 하락한 721.27에 개장한 후 720선을 내줬다.코스닥 시장에서도 기관과 외국인의 매도세가 거센 모습이다. 이들은 각각 521억원, 285억원을 순매도하고 있다. 개인은 홀로 844억원을 순매수하며 물량을 받아내고 있다.코스닥 시총 상위주는 대부분 하락 중이다. 레인보우로보틱스(-3.04%), HLB(-2.68%), 리노공업(-2.36%), 리가켐바이오(-2.13%), 삼천당제약(-1.49%), 파마리서치(-0.24%)는 약세다. 반면 펩트론(2.38%), 에코프로비엠(1.17%), 알테오젠(1.1%)은 상승세다.원·달러 환율은 1395.2원을 가리키고 있다.16일(현지시간) 뉴욕증권거래소(NYSE)에서 장 마감 무렵 다우존스30산업평균지수는 전장보다 331.99포인트(0.78%) 상승한 4만2654.74에 거래를 마감했다. 스탠더드앤드푸어스(S&P)500지수는 전장보다 41.45포인트(0.7%) 뛴 5958.38, 나스닥지수는 98.78포인트(0.52%) 상승한 1만9211.1에 장을 마쳤다.미국 5월 소비자심리지수는 또다시 하락했고 단기 기대 인플레이션은 거듭 비정상적 상승폭을 보였으나 투자자들은 개의치 않은 모습이다. 미시간대에 따르면 5월 소비자심리지수 예비치는 50.8로 집계됐다. 4월 확정치 52.2에서 1.4포인트 하락한 수치다. 시장 예상치 53.4였다. 1년 기대 인플레이션 또한 4월의 6.5%에서 7.3%까지 뛰었다. 1981년 이후 최고치다.진영기 한경닷컴 기자 young71@hankyung.com",https://www.hankyung.com/article/2025051909146,2025.05.19 09:14
"더즌, 정책 기대·실적·수급 동반 매수에 주가 급등",,"더즌 주가가 최근 단기 급등 흐름을 보이며 시장의 주목을 받고 있다. 배경에는 정책 수혜 기대, 실적 성장, 그리고 기관·외국인 수급 변화가 복합적으로 작용했다. 가장 먼저 눈에 띄는 요인은 정부의 디지털 자산 및 스테이블코인 관련 정책 기대감이다.금융 당국이 스테이블코인 등 디지털 결제 인프라 활성화를 위한 입법 움직임을 보이면서, 펌뱅킹 기반 인프라를 보유한 더즌이 정책 수혜주로 부상했다. 실제 관련 이슈가 불거진 기간 동안 주가는 급등해 투자 심리를 자극했고, 시장에서는 단기 모멘텀으로 작용했다.두 번째로는 실적 성장세다. 더즌은 2023년 매출과 영업이익이 각각 421억 원과 107억 원을 기록하며, 연평균 90%대 매출 성장과 117%대 영업이익 증가세를 이어가고 있다. 2025년 1분기에도 전년 대비 매출 1.9% 증가를 기록하며 안정적 성장 흐름을 유지하였고, 이 같은 실적 기반이 주가를 뒷받침했다.세 번째로, 수급 측면에서도 긍정적 변화가 감지된다. 최근 외국인과 기관 투자자들이 매수세를 강화하면서 일평균 거래량이 늘었고, 이는 주가 반등 흐름에 힘을 실어주었다. 일부 차익매매세력의 공매도 축소와 동반한 수급 유입이 기술적 반등을 촉진했다는 분석도 나온다.이런 정책 기대·실적·수급이라는 세 축이 맞물리면서, 주가 상승 여력을 인정받는 상황이다. 다만, 정책 불확실성과 유통 가능 물량 해제 같은 리스크도 존재하며 단기 변동성은 여전할 전망이다.현대로템, 삼성바이오로직스, 더즌, 싸이닉솔루션, 에코프로머티무료상담",https://www.hankyung.com/article/202507186320a,2025.07.18 10:23
,,,https://magazine.hankyung.com/business/article/202507175153b,
"16일, 거래소 외국인 순매도상위에 전기,전자 업종 2종목",,"외국인 투자자는 16일 거래소에서 삼성전자, 두산에너빌리티, 한국항공우주 등을 중점적으로 매도한 것으로 나타났다.외국인 투자자의 순매도 상위 20개 종목은 삼성전자, 두산에너빌리티, 한국항공우주, 한화오션, NAVER, 한전기술, 삼성SDI, HMM, 카카오페이, SK스퀘어등이다.이중에 전기,전자 업종에 속한 종목이 2개 포함되어 있다.두산에너빌리티, 한국항공우주, 한화오션 등은 전일 대비 주가가 상승했고, 삼성전자, 삼성SDI, 삼성바이오로직스 등은 주가가 하락했다.[06월16일]거래소 외국인 순매도 상위 종목한경로보뉴스이 기사는 한국경제신문과 금융 AI 전문기업 씽크풀이 공동 개발한 기사 자동생성 알고리즘에 의해 실시간으로 작성된 것입니다.",https://www.hankyung.com/article/202506168866L,2025.06.16 18:35
유가증권·코스닥 상장사 2025년 1분기 결산 실적,,"유가증권시장 12월 결산 상장사 2025년 1분기 실적현황(연결)*금융업은 매출 관련 지표와 부채비율을, 자본전액잠식 기업의 경우 부채비율을 표시 안함                                                    <연결기준 679개사>                            (단위 : 백만원, %)                           종목코드 회사명 매출액 영업이익 순이익     금액  증감률 금액 증감률 금액 증감률     095570 AJ네트웍스 261,122 14.01 15,948 -16.35  5,183 -1.89    006840 AK홀딩스 950,949 -20.32  -24,406  적자전환 -5,047  적자전환   027410 BGF 105,947 9.23 5,152 -41.68  4,505 -60.84    282330 BGF리테일 2,016,470 3.21 22,626 -30.65  13,361 -42.91    001460 BYC 35,341 -8.60  4,202 -18.37  3,201 -19.36    001040 CJ 10,600,439 1.58 534,965 -7.15  136,436 -9.55    079160 CJ CGV 533,591 35.79 3,201 -29.51  -38,091  적자지속   000120 CJ대한통운 2,992,586 2.44 85,367 -21.94  40,977 -26.08    011150 CJ씨푸드 52,528 0.06 -1,000  적자전환 231 -83.82    097950 CJ제일제당 7,208,471 -0.10  333,168 -11.38  57,389 -62.89    000590 CS홀딩스 32,837 -16.57  5,254 25.53 6,922 -3.98    012030 DB 141,904 19.36 17,357 123.75 21,250 187.23   000990 DB하이텍 297,381 13.72 52,501 27.92 45,900 4.53   000210 DL 1,386,571 -1.25  105,353 -38.87  -19,466  적자전환   375500 DL이앤씨 1,808,165 -4.36  80,971 32.98 30,245 16.38   004840 DRB동일 184,693 2.73 4,976 -39.66  4,574 -1.54    155660 DSR 74,085 8.75 5,728 11.94 4,201 -8.83    069730 DSR제강 52,360 7.24 6,050 30.05 6,124 2.99   017860 DS단석 248,116 13.53 8,991 19.53 6,307 190.37   092780 DYP 106,441 -3.91  1,758 -56.32  1,073 -72.05    017940 E1 2,765,825 12.56 105,230 -10.00  63,614 196.88   383220 F&F 505,616 -0.28  123,616 -5.06  82,569 -14.28    007700 F&F 홀딩스 505,723 -0.48  115,599 -7.50  75,638 -17.47    114090 GKL 109,863 12.17 20,170 45.63 16,105 57.87   078930 GS 6,238,785 -0.80  800,160 -21.27  291,451 -38.77    006360 GS건설 3,062,935 -0.26  70,377 -0.20  13,735 -90.15    001250 GS글로벌 1,021,740 6.19 15,957 -6.75  8,822 -26.04    012630 HDC 1,565,685 14.22 154,847 104.79 109,477 173.62   039570 HDC랩스 162,555 21.69 2,968 2379.46 2,621 48.62   089470 HDC현대EP 253,979 4.23 11,651 -1.20  7,091 -6.91    294870 HDC현대산업개발 905,748 -5.20  53,999 29.82 54,186 77.83   009540 HD한국조선해양 6,771,706 22.77 859,154 436.43 611,625 216.34   267250 HD현대 17,086,949 3.47 1,286,397 62.09 777,405 52.94   267270 HD현대건설기계 906,840 -7.38  41,651 -22.32  25,652 -44.01    443060 HD현대마린솔루션 485,598 26.80 83,007 61.24 63,318 42.85   071970 HD현대마린엔진 83,019 35.30 10,272 64.43 13,863 106.75   010620 HD현대미포 1,183,823 18.32 68,484 흑자전환 51,697 2319.64   322000 HD현대에너지솔루션 85,252 -12.64  -3,034  적자지속 -1,084  적자지속   042670 HD현대인프라코어 1,018,501 -12.00  67,822 -26.92  39,893 -40.95    267260 HD현대일렉트릭 1,014,668 26.68 218,178 69.42 153,417 64.23   329180 HD현대중공업 3,822,516 27.94 433,734 1939.77 284,230 892.99   097230 HJ중공업 410,066 -12.30  5,454 -54.16  5,556 -60.69    014790 HL D&I 324,900 -18.47  14,172 -22.68  3,374 -71.67    003580 HLB글로벌 25,174 -13.98  -4,207  적자전환 -5,028  적자전환   204320 HL만도 2,271,045 7.77 79,183 4.72 34,635 -76.23    060980 HL홀딩스 330,350 -8.91  17,364 -74.11  6,673 -86.24    011200 HMM 2,854,682 22.53 613,899 50.83 739,729 52.50   035000 HS애드 80,768 -6.41  -9,519  적자지속 -7,799  적자지속   002460 HS화성 151,095 -19.76  10,575 -28.23  6,880 -37.79    298050 HS효성첨단소재 853,558 2.00 49,110 -23.39  10,066 -61.66    015360 INVENI 532,641 9.69 24,201 -10.56  19,780 16.24   234080 JW생명과학 76,183 37.68 9,205 7.02 6,107 18.98   001060 JW중외제약 185,236 2.57 22,007 -16.15  17,471 -13.03    096760 JW홀딩스 239,530 7.42 41,760 2.24 29,445 7.90   092220 KEC 63,626 4.48 -3,080  적자지속 -2,280  적자지속   003620 KG모빌리티 916,586 -8.50  5,682 -62.41  3,000 -94.43    016380 KG스틸 812,571 -0.73  65,167 25.02 46,519 1306.83   001390 KG케미칼 2,121,689 -6.39  106,567 -0.84  73,447 10.59   015590 KIB플러그에너지 37,148 5.64 3,517 397.45 3,492 56.81   001940 KISCO홀딩스 190,603 -26.16  -19,648  적자전환 -6,607  적자전환   025000 KPX케미칼 221,262 0.12 10,302 -31.22  3,534 -80.13    092230 KPX홀딩스 295,706 1.61 13,254 -26.63  -14,325  적자전환   000040 KR모터스 2,943 53.84 -773  적자지속 -1,626  적자지속   044450 KSS해운 137,667 22.11 29,728 42.12 11,578 -2.08    058850 KTcs 235,235 -11.38  6,631 -15.37  5,295 -15.45    093050 LF 430,250 -3.67  30,099 22.26 22,869 8.86   003550 LG 1,936,098 19.23 638,042 50.97 608,471 65.19   034220 LG디스플레이 6,065,298 15.46 33,464 흑자전환 -237,032  적자지속   051900 LG생활건강 1,697,877 -1.78  142,369 -5.74  103,459 -8.50    064400 LG씨엔에스 1,211,381 13.17 78,895 144.34 57,288 350.83   373220 LG에너지솔루션 6,264,995 2.22 374,673 138.13 226,573 6.85   032640 LG유플러스 3,748,090 4.78 255,427 15.61 162,472 24.57   011070 LG이노텍 4,982,840 14.98 125,116 -28.93  85,613 -38.17    066570 LG전자 22,739,812 7.79 1,259,059 -5.70  875,618 49.57   037560 LG헬로비전 313,517 17.34 7,115 73.12 2,976 93.44   051910 LG화학 12,171,015 4.84 446,971 68.90 260,370 -23.80    079550 LIG넥스원 907,623 18.87 113,597 69.57 82,832 36.74   006260 LS 6,913,573 16.29 304,505 24.97 141,111 56.44   000680 LS네트웍스 444,191 15.71 18,028 0.19 1,791 -70.28    229640 LS에코에너지 228,342 26.94 15,337 58.12 12,743 59.90   108320 LX세미콘 476,233 3.91 59,691 29.10 45,357 13.18   001120 LX인터내셔널 4,048,340 7.21 116,876 5.57 110,443 12.68   108670 LX하우시스 781,390 -8.01  7,062 -78.19  -2,442  적자전환   383800 LX홀딩스 79,695 44.90 71,375 46.79 70,469 45.69   023150 MH에탄올 21,642 3.74 829 -44.85  5,125 흑자전환   035420 NAVER 2,786,783 10.32 505,301 15.03 423,661 -23.77    034310 NICE 744,991 9.00 30,598 19.45 15,172 -4.10    030190 NICE평가정보 142,178 15.78 24,972 43.24 19,492 10.58   456040 OCI 538,788 -0.28  10,245 -73.62  -17,350  적자전환   010060 OCI홀딩스 948,133 9.64 48,711 -50.93  -14,941  적자전환   001340 PKC 64,563 8.09 3,317 9.28 1,839 42.58   005490 POSCO홀딩스 17,436,776 -3.41  568,441 -2.50  344,235 -43.37    034120 SBS 206,259 -1.57  -6,884  적자지속 -6,898  적자전환   003080 SB성보 44,925 10.54 7,556 -3.90  5,253 -16.05    005090 SGC에너지 618,478 10.69 17,550 -65.70  -2,308  적자전환   001380 SG글로벌 23,077 -8.62  1,916 -5.89  1,321 -62.70    004060 SG세계물산 33,745 -7.50  -821  적자지속 229 흑자전환   002360 SH에너지화학 26,367 -7.61  -3,353  적자지속 -2,688  적자지속   009160 SIMPAC 230,243 69.17 7,605 흑자전환 3,861 흑자전환   033530 SJG세종 453,587 -2.42  22,194 41.42 23,244 50.43   034730 SK 31,229,933 -3.71  399,781 -72.79  3,590,712 395.10   011790 SKC 438,464 9.94 -74,477  적자지속 -117,827  적자지속   018670 SK가스 1,827,031 5.86 112,910 51.31 87,305 330.27   001740 SK네트웍스 1,636,685 -21.15  16,476 -15.64  -5,383  적자전환   006120 SK디스커버리 2,406,122 11.47 110,687 180.44 73,473 흑자전환   302440 SK바이오사이언스 154,558 594.00 -15,126  적자지속 -4,071  적자지속   402340 SK스퀘어 2,117,820 133.61 1,652,323 410.31 1,612,259 383.75   361610 SK아이이테크놀로지 58,235 26.17 -69,636  적자지속 -21,653  적자지속   100090 SK오션플랜트 257,136 102.34 11,041 23.43 4,287 -1.07    285130 SK케미칼 536,624 40.86 24,282 흑자전환 21,137 흑자전환   017670 SK텔레콤 4,453,717 -0.47  567,384 13.82 361,575 -0.10    000660 SK하이닉스 17,639,141 41.91 7,440,504 157.81 8,108,195 322.95   003570 SNT다이내믹스 150,136 31.63 17,703 60.43 17,769 37.96   064960 SNT모티브 226,185 1.89 23,018 4.59 21,279 -21.01    100840 SNT에너지 115,256 87.00 12,880 327.97 8,369 0.45   036530 SNT홀딩스 466,634 20.83 53,077 46.22 46,154 -3.43    010950 S-Oil 8,990,533 -3.42  -21,541  적자전환 -44,558  적자전환   005610 SPC삼립 814,849 -1.90  16,061 -7.20  9,711 4.91   011810 STX 179,751 1.10 -2,925  적자지속 -5,211  적자지속   465770 STX그린로지스 47,873 261.38 -470  적자전환 -910  적자전환   077970 STX엔진 139,139 20.46 15,452 126.79 10,547 339.05   002820 SUN&L 70,971 -18.62  -2,005  적자지속 -3,737  적자지속   002710 TCC스틸 155,650 18.01 1,824 23.44 -72  적자지속   007980 TP 257,199 13.48 15,247 30.97 8,646 189.94   002900 TYM 225,746 1.16 15,140 41.08 10,326 -30.09    024070 WISCOM 25,618 -5.73  -754  적자지속 -308  적자지속   037270 YG PLUS 59,010 42.33 8,718 흑자전환 6,958 흑자전환   000500 가온전선 639,297 58.96 21,884 71.26 15,337 71.79   000860 강남제비스코 141,022 -5.33  699 -84.92  -57  적자전환   035250 강원랜드 366,311 -0.56  74,263 -2.03  74,619 -19.62    002100 경농 136,708 -0.01  33,607 -8.35  26,326 -4.84    009450 경동나비엔 365,181 12.97 39,450 21.23 37,706 20.10   267290 경동도시가스 687,461 10.15 17,888 7.71 15,705 1.36   012320 경동인베스트 66,479 -12.24  2,198 37.50 4,071 흑자전환   000050 경방 102,273 4.42 10,829 -16.91  4,312 159.89   012610 경인양행 99,436 10.49 5,324 3.58 2,725 -23.36    009140 경인전자 7,530 35.26 53 흑자전환 -616  적자전환   013580 계룡건설산업 668,586 -16.77  31,119 -8.66  16,528 -16.18    012200 계양전기 93,877 -4.22  -2,736  적자지속 205 흑자전환   002140 고려산업 78,425 -0.86  3,610 37.65 2,444 320.13   010130 고려아연 3,832,785 61.36 271,106 46.93 162,475 44.56   002240 고려제강 442,692 1.98 8,268 -49.11  6,064 -76.67    009290 광동제약 377,604 -8.46  3,309 -80.57  4,061 -77.88    017900 광전자 35,456 15.37 1,863 403.96 2,349 -28.47    339770 교촌에프앤비 124,588 10.00 10,711 -10.36  6,588 -15.84    007690 국도화학 319,114 7.76 12,902 642.93 5,752 흑자전환   002720 국제약품 41,504 10.58 2,303 -32.19  1,858 -32.54    014530 극동유화 245,855 -9.05  5,237 -16.33  1,775 -49.27    014280 금강공업 197,871 -5.46  7,062 -48.23  2,350 -71.70    002990 금호건설 468,048 -5.35  5,738 280.94 780 흑자전환   011780 금호석유화학 1,908,229 14.44 120,608 53.43 124,833 21.70   214330 금호에이치티 102,885 -12.98  2,638 -33.40  1,563 -64.79    001210 금호전기 11,630 -23.28  58 흑자전환 -325  적자지속   073240 금호타이어 1,206,213 15.48 146,551 0.63 103,001 13.21   000270 기아 28,017,510 6.88 3,008,588 -12.18  2,392,590 -14.83    013700 까뮤이앤씨 55,957 -7.71  3,651 흑자전환 2,474 흑자전환   004540 깨끗한나라 130,759 -1.52  -3,863  적자전환 -8,316  적자지속   001260 남광토건 81,436 -42.90  2,550 -50.41  2,176 -55.15    008350 남선알미늄 63,683 -12.98  542 -74.48  6,565 3083.70   004270 남성 19,892 13.92 1,582 190.96 46 -83.77    003920 남양유업 215,610 -7.94  78 흑자전환 1,216 흑자전환   025860 남해화학 437,663 5.59 20,701 3.18 13,643 -1.03    005720 넥센 867,367 13.58 48,875 -7.21  46,214 -6.40    002350 넥센타이어 771,186 13.73 40,718 -2.00  39,920 -2.59    092790 넥스틸 156,770 24.53 22,952 2306.74 20,016 11046.61   251270 넷마블 623,877 6.58 49,710 1246.06 80,248 흑자전환   090350 노루페인트 172,118 -0.14  4,665 -47.66  3,391 -57.05    000320 노루홀딩스 288,914 3.20 12,262 -26.46  11,723 -22.77    006280 녹십자 383,779 7.56 7,960 흑자전환 22,276 흑자전환   005250 녹십자홀딩스 494,577 5.23 -4,753  적자지속 18,161 흑자전환   004370 농심 893,036 2.35 56,052 -8.68  52,159 -1.85    072710 농심홀딩스 191,082 -14.61  25,263 -29.36  23,328 -27.57    058730 다스코 49,960 -31.24  -2,646  적자지속 -2,393  적자지속   023590 다우기술 3,747,562 37.63 344,439 -4.13  237,473 -6.86    019680 대교 165,653 0.12 918 흑자전환 200 -98.51    006370 대구백화점 14,136 -12.26  -3,819  적자지속 -8,302  적자지속   008060 대덕 300,769 -7.64  -17,591  적자전환 -11,154  적자전환   353200 대덕전자 215,376 0.28 -6,202  적자지속 -5,701  적자전환   000490 대동 386,795 6.72 21,716 87.69 9,095 738.31   005750 대림바스 74,201 17.71 4,037 93.23 2,989 141.72   006570 대림통상 28,819 -20.26  -1,241  적자지속 -2,613  적자지속   001680 대상 1,130,424 8.22 57,276 20.09 28,428 37.51   084690 대상홀딩스 1,409,186 7.15 52,747 -2.27  17,864 -10.99    128820 대성산업 416,472 5.11 14,220 7.28 11,857 25.60   117580 대성에너지 424,172 7.77 26,529 14.42 20,906 14.27   016710 대성홀딩스 494,570 6.79 29,505 10.49 24,663 -7.96    047040 대우건설 2,076,669 -16.51  151,326 31.83 57,958 -36.65    003090 대웅 481,435 8.47 61,139 26.11 34,512 38.17   069620 대웅제약 356,488 6.17 38,697 30.46 19,779 149.83   000430 대원강업 381,959 34.32 18,385 9.20 15,475 17.19   006340 대원전선 151,267 15.90 8,326 175.05 8,452 276.20   003220 대원제약 157,832 -0.30  9,406 -37.20  4,899 -45.51    024890 대원화성 35,324 37.99 400 흑자전환 -745  적자지속   002880 대유에이텍 147,391 -1.88  10,796 -18.72  1,525 -82.24    012800 대창 372,448 6.99 14,566 172.57 3,880 흑자전환   015230 대창단조 87,224 6.69 11,263 19.08 9,134 -4.21    001070 대한방직 30,785 10.52 -510  적자지속 -897  적자지속   006650 대한유화 741,634 11.76 -9,875  적자지속 2,971 흑자전환   001440 대한전선 855,456 8.49 27,105 -5.78  29,379 39.54   084010 대한제강 289,594 3.80 1,868 -68.84  6,798 -18.04    001790 대한제당 329,373 1.29 8,276 52.17 38,711 385.81   001130 대한제분 340,746 0.33 15,662 -19.53  11,332 -22.55    003490 대한항공 6,491,862 51.27 431,046 -19.81  349,860 -13.94    005880 대한해운 330,519 -35.85  63,907 -49.58  62,115 -24.61    069460 대호에이엘 52,059 27.48 4,589 169.62 4,064 898.93   475560 더본코리아 110,715 2.56 6,196 6.58 6,328 28.43   192080 더블유게임즈 161,980 0.93 54,754 -11.24  45,798 -24.22    004830 덕성 38,516 34.93 2,858 87.36 2,246 51.05   145720 덴티움 76,834 -7.13  9,584 -50.15  12,682 -23.24    002150 도화엔지니어링 157,508 27.04 3,474 284.03 3,791 42.51   460850 동국씨엠 746,011 34.06 4,867 -79.58  -11,021  적자전환   001230 동국홀딩스 465,564 5.85 14,958 14.15 2,185 -87.53    004140 동방 205,078 -2.60  8,714 -8.16  6,195 -40.96    007590 동방아그로 104,058 6.75 19,177 -5.06  15,245 -0.21    005960 동부건설 416,202 -0.84  15,028 흑자전환 16,747 흑자전환   026960 동서 128,790 7.36 11,767 3.20 44,253 -16.78    102260 동성케미컬 285,417 12.68 21,154 5.45 13,735 -16.26    000640 동아쏘시오홀딩스 328,401 7.70 20,350 30.88 17,969 134.20   170900 동아에스티 182,087 17.20 -4,808  적자지속 -12,343  적자지속   028100 동아지질 103,883 13.88 3,518 61.45 2,865 -19.35    001520 동양 156,315 -18.73  -6,016  적자전환 -10,417  적자전환   084670 동양고속 29,228 -1.32  -286  적자지속 -807  적자지속   008970 동양철관 43,658 -36.04  -29  적자전환 -1,207  적자전환   049770 동원F&B 1,194,814 6.77 53,992 8.24 36,834 -19.29    006040 동원산업 2,319,312 3.45 124,843 13.48 74,783 -9.24    030720 동원수산 45,098 0.28 2,211 -12.53  1,812 -10.98    014820 동원시스템즈 336,786 8.96 12,547 -21.89  10,628 -31.49    111380 동인기연 57,622 21.80 4,197 -19.69  1,236 -71.80    163560 동일고무벨트 87,424 1.83 2,817 -38.80  1,848 -59.39    004890 동일산업 90,863 -21.65  1,436 흑자전환 814 338.37   000020 동화약품 125,674 5.71 2,269 -65.29  -800  적자전환   000150 두산 4,298,676 -3.67  198,460 -42.95  11,290 -95.00    454910 두산로보틱스 5,280 -51.48  -12,106  적자지속 -9,418  적자지속   241560 두산밥캣 2,098,158 -10.48  200,043 -37.30  113,368 -46.58    034020 두산에너빌리티 3,748,574 -8.52  142,475 -60.21  -21,157  적자전환   336260 두산퓨얼셀 99,749 214.75 -11,550  적자전환 -10,118  적자지속   016740 두올 202,061 11.20 17,084 53.54 12,672 72.05   192650 드림텍 341,185 20.09 9,940 -16.84  5,571 -51.59    003160 디아이 110,045 216.83 9,925 흑자전환 7,315 흑자전환   001530 디아이동일 162,515 -2.21  1,559 -65.38  -1,485  적자전환   092200 디아이씨 193,106 11.09 8,311 71.35 2,645 6.60   013570 디와이 312,202 5.80 16,562 51.07 13,409 49.88   024900 디와이덕양 434,953 -6.81  3,081 81.80 3,275 15.75   210540 디와이파워 93,631 -9.97  9,849 3.39 8,853 17.40   032350 롯데관광개발 121,948 14.80 13,025 48.16 -23,685  적자지속   089860 롯데렌탈 685,640 4.38 66,991 17.76 29,829 83.73   023530 롯데쇼핑 3,456,771 -1.61  148,236 29.05 18,118 -75.13    020150 롯데에너지머티리얼즈 157,975 -34.64  -46,022  적자전환 -54,836  적자지속   280360 롯데웰푸드 975,126 2.53 16,386 -56.11  22,747 13.31   286940 롯데이노베이트 284,811 3.00 6,958 -22.25  3,410 -36.32    004000 롯데정밀화학 445,590 11.55 18,779 74.32 28,386 -65.97    004990 롯데지주 3,585,252 -4.08  17,955 -74.11  -91,865  적자지속   005300 롯데칠성음료 910,343 -2.83  25,032 -31.90  5,426 -66.37    011170 롯데케미칼 4,901,761 -3.62  -126,600  적자지속 -246,315  적자지속   027740 마니커 76,558 -4.27  -3,392  적자지속 -3,874  적자지속   090370 메타랩스 8,446 -1.19  -798  적자지속 -72  적자지속   118000 메타케어 5,994 22.67 533 49.06 -8  적자전환   017180 명문제약 45,875 3.72 -912  적자지속 -2,173  적자지속   009900 명신산업 359,637 -10.46  30,064 -31.81  16,738 -56.38    005360 모나미 33,487 -13.16  -729  적자전환 -2,428  적자전환   070960 모나용평 70,662 26.29 13,320 33.46 7,877 35.89   009680 모토닉 71,388 -0.95  4,572 -8.80  7,215 -0.45    009580 무림P&P 172,965 -8.36  -8,943  적자전환 -8,731  적자지속   009200 무림페이퍼 319,075 -3.54  5,129 -80.35  -1,537  적자전환   033920 무학 37,391 -2.45  3,001 -42.40  11,164 -31.34    025560 미래산업 4,749 -8.02  292 -85.68  94 -96.72    081660 미스토홀딩스 1,237,499 4.64 162,675 -0.36  151,456 22.81   002840 미원상사 108,231 4.13 13,487 -15.46  13,076 53.29   268280 미원에스씨 137,866 10.77 17,991 43.25 16,400 19.45   107590 미원홀딩스 128,402 5.03 6,789 -19.67  10,764 -6.73    377740 바이오노트 28,446 12.39 4,694 35.17 4,028 -76.18    035150 백산 134,180 12.73 19,004 -5.98  13,108 -27.04    007210 벽산 134,839 -10.84  1,699 -64.91  -1,092  적자전환   003850 보령 240,550 2.97 10,913 -33.24  349 -98.51    000890 보해양조 20,521 -7.28  974 -10.36  759 -34.65    003000 부광약품 47,806 39.00 3,014 흑자전환 -111  적자지속   011390 부산산업 30,859 20.90 656 11.62 -1,029  적자전환   002070 비비안 57,160 12.25 1,685 흑자전환 -1,960  적자지속   100220 비상교육 87,485 33.46 19,108 275.37 22,663 489.40   090460 비에이치 332,426 11.23 -25,361  적자전환 -25,532  적자전환   005180 빙그레 308,502 2.54 13,452 -36.11  11,578 -36.80    003960 사조대림 853,731 43.57 15,252 -65.41  8,644 -74.63    007160 사조산업 155,039 7.14 10,897 2221.20 14,428 -1.34    014710 사조씨푸드 47,395 12.01 4,067 34.31 4,061 -12.21    028050 삼성E&A 2,097,955 -12.03  157,304 -24.86  157,212 -4.21    006400 삼성SDI 3,176,818 -34.04  -434,069  적자전환 -215,955  적자전환   006660 삼성공조 29,442 -0.05  1,315 -24.07  804 -79.22    028260 삼성물산 9,736,781 -9.81  724,421 1.70 937,243 14.00   207940 삼성바이오로직스 1,298,273 37.11 486,689 119.92 375,554 109.38   018260 삼성에스디에스 3,489,764 7.47 268,545 18.90 217,669 0.35   009150 삼성전기 2,738,649 4.77 200,550 9.20 141,602 -24.05    005930 삼성전자 79,140,503 10.05 6,685,272 1.20 8,222,878 21.74   010140 삼성중공업 2,494,286 6.24 123,077 58.06 90,114 1049.28   006110 삼아알미늄 66,096 4.39 -2,502  적자지속 -3,909  적자지속   145990 삼양사 619,981 -6.04  24,081 -16.22  33,721 -18.26    003230 삼양식품 529,013 37.14 133,988 67.24 98,959 48.86   002170 삼양통상 48,406 -1.24  5,012 -6.63  3,209 60.19   272550 삼양패키징 92,029 -11.64  -1,553  적자전환 -3,742  적자전환   000070 삼양홀딩스 865,936 -0.60  31,486 -9.34  38,569 -12.75    003720 삼영 31,347 5.33 2,264 38.43 2,469 76.41   002810 삼영무역 115,976 -1.57  5,266 3.82 18,082 6.82   005680 삼영전자공업 40,378 -2.18  3,324 246.89 4,600 31.97   004380 삼익THK 59,373 -28.03  -6,216  적자전환 -6,830  적자전환   002450 삼익악기 75,338 -3.59  6,208 -36.86  4,828 -54.82    000520 삼일제약 52,288 -3.70  -5,378  적자전환 -9,081  적자지속   004690 삼천리 1,814,087 3.33 96,886 10.10 89,580 5.69   010960 삼호개발 95,034 1.11 4,668 -14.76  5,698 -26.41    004450 삼화왕관 41,801 10.75 1,647 -28.27  1,954 -9.83    009470 삼화전기 61,704 5.78 5,738 -25.44  1,154 -81.06    011230 삼화전자공업 8,125 -7.30  -2,071  적자지속 -2,305  적자지속   001820 삼화콘덴서공업 72,426 -1.64  4,815 -32.38  4,051 -46.28    000390 삼화페인트공업 133,269 -5.08  -3,568  적자전환 -1,458  적자전환   041650 상신브레이크 143,991 0.25 2,803 -42.34  -453  적자전환   075180 새론오토모티브 31,881 -6.34  198 흑자전환 1,778 -60.11    007540 샘표 100,587 1.93 1,204 -65.34  1,494 -67.11    248170 샘표식품 100,373 1.88 1,397 -61.33  1,631 -63.13    007860 서연 1,166,474 11.44 53,623 -12.23  25,241 -61.82    200880 서연이화 1,055,157 12.40 38,629 -12.95  16,865 -61.50    017390 서울도시가스 788,892 9.09 24,851 15.83 25,351 -7.87    021050 서원 439,768 638.10 15,166 3831.23 3,544 -87.47    008490 서흥 180,841 9.38 11,554 -4.41  6,633 3.53   007610 선도전기 7,336 49.83 -1,171  적자지속 -3,012  적자전환   136490 선진 456,193 6.01 56,153 68.15 45,571 흑자전환   014910 성문전자 13,472 18.18 757 53.85 870 41.97   004980 성신양회 228,602 -19.15  -6,261  적자전환 -9,423  적자전환   011300 성안머티리얼스 4,342 -48.78  1,164 흑자전환 -622  적자지속   000180 성창기업지주 32,452 -14.53  -2,269  적자지속 -1,544  적자지속   004360 세방 325,443 -2.78  10,665 -0.99  27,993 -27.61    004490 세방전지 527,133 12.97 50,568 9.78 48,467 12.67   001430 세아베스틸지주 899,902 -5.58  18,103 -14.91  6,004 -62.61    306200 세아제강 378,861 -16.87  25,581 -19.46  18,832 -29.79    003030 세아제강지주 947,008 7.30 65,023 -4.92  59,702 -1.29    019440 세아특수강 243,533 -3.09  8,366 20.63 5,306 44.87   058650 세아홀딩스 1,530,406 0.80 38,865 8.22 21,263 -10.84    075580 세진중공업 98,496 14.43 17,801 317.92 13,181 406.32   068270 셀트리온 841,912 14.24 149,421 867.92 108,333 421.64   336370 솔루스첨단소재 157,604 29.92 -15,275  적자지속 -31,929  적자지속   248070 솔루엠 397,394 3.26 11,471 -43.46  2,473 -78.73    004430 송원산업 275,753 7.82 10,937 -9.84  4,857 -27.09    017550 수산세보틱스 48,299 6.30 3,470 56.59 3,193 30.94   126720 수산인더스트리 79,267 9.86 10,545 12.38 9,412 -0.97    134790 시디즈 55,002 -5.03  -320  적자전환 624 -63.79    000480 시알홀딩스 203,230 3.34 6,704 -33.79  -2,767  적자전환   016590 신대양제지 157,280 0.57 5,894 -42.29  6,494 -53.45    029530 신도리코 79,042 -16.03  3,426 -56.59  13,043 -37.76    004970 신라교역 117,706 -14.78  2,369 -81.70  1,288 -94.54    011930 신성이엔지 116,301 -13.27  -5,239  적자전환 -6,918  적자전환   004170 신세계 1,665,840 3.81 132,334 -18.81  77,096 -40.52    035510 신세계I&C 172,108 9.55 10,664 49.32 9,394 36.24   031430 신세계인터내셔날 304,192 -1.70  4,668 -58.28  4,509 -64.20    031440 신세계푸드 358,620 -6.08  7,881 69.68 5,379 14.35   006880 신송홀딩스 43,105 5.33 2,470 114.78 892 -62.14    005800 신영와코루 46,198 -4.71  1,976 39.05 1,994 4.66   009270 신원 259,545 20.49 6,203 -33.55  -1,573  적자전환   002870 신풍 5,785 14.44 -882  적자지속 701 -70.14    019170 신풍제약 55,410 2.60 -1,763  적자지속 -1,257  적자지속   004080 신흥 23,616 -10.04  728 -48.71  279 -77.22    102280 쌍방울 18,640 -7.70  -1,684  적자지속 -1,648  적자지속   403550 쏘카 131,505 45.19 1,414 흑자전환 -3,513  적자지속   004920 씨아이테크 13,393 29.42 -73  적자지속 282 흑자전환   112610 씨에스윈드 901,887 22.42 125,208 흑자전환 95,446 흑자전환   480370 씨케이솔루션 78,952 36.90 -7,990  적자전환 -6,902  적자전환   308170 씨티알모빌리티 115,410 2.93 982 2119.89 -1,088  적자지속   008700 아남전자 51,565 -10.59  1,969 106.52 2,067 240.53   090430 아모레퍼시픽 1,067,512 17.12 117,730 61.99 118,953 48.48   002790 아모레퍼시픽홀딩스 1,164,751 15.69 128,863 55.19 140,008 43.20   002030 아세아 433,122 -10.22  25,597 -47.73  14,973 -53.71    183190 아세아시멘트 220,455 -16.12  10,007 -69.33  1,061 -93.75    002310 아세아제지 211,065 -3.24  13,252 -8.59  11,999 -11.68    012170 아센디오 594 -68.82  -1,129  적자지속 -2,182  적자지속   020560 아시아나항공 2,074,369 3.26 55,422 -11.08  144,179 흑자전환   122900 아이마켓코리아 747,505 -17.14  9,727 -20.74  3,761 -50.40    010780 아이에스동서 299,145 -27.59  32,350 -59.41  320 -99.06    031820 아이티센씨티에스 201,045 16.72 -7,691  적자지속 -5,977  적자전환   139990 아주스틸 284,683 13.78 -6,756  적자전환 -18,083  적자지속   009320 아진전자부품 33,418 13.39 608 99.29 588 흑자전환   001780 알루코 168,889 12.70 16,123 12.24 11,385 -9.08    018250 애경산업 151,078 -10.66  6,044 -63.31  5,031 -62.97    161000 애경케미칼 370,015 -9.01  3,483 279.31 -1,441  적자지속   011090 에넥스 60,314 -4.78  1,620 -5.58  1,520 34.57   137310 에스디바이오센서 185,326 5.07 -14,563  적자지속 -18,800  적자지속   005850 에스엘 1,233,720 -0.97  119,306 -14.05  104,014 -14.27    012750 에스원 674,118 1.70 55,051 12.82 42,025 3.37   123700 에스제이엠 53,233 4.32 3,613 -12.86  4,728 -6.25    025530 에스제이엠홀딩스 54,523 4.49 3,950 -14.18  6,141 0.14   326030 에스케이바이오팜 144,377 26.67 25,672 149.34 19,623 102.34   023960 에쓰씨엔지니어링 36,051 64.12 -1,346  적자지속 -1,474  적자지속   078520 에이블씨엔씨 60,284 -9.81  5,240 2.61 4,549 12.62   015260 에이엔피 30,548 -0.45  -2,172  적자지속 -3,876  적자지속   007460 에이프로젠 26,727 -29.82  -22,476  적자지속 -30,133  적자지속   003060 에이프로젠바이오로직스 16,848 7.96 -15,738  적자지속 -43,055  적자지속   278470 에이피알 266,033 78.63 54,568 96.53 49,941 107.28   019490 엑시큐어하이트론 1,155 18.73 -5,888  적자지속 -6,894  적자지속   036570 엔씨소프트 360,278 -9.46  5,220 -79.71  37,507 -34.34    181710 엔에이치엔 600,129 -0.71  27,646 1.31 -238  적자지속   085310 엔케이 23,945 -6.21  -962  적자지속 -356  적자전환   004250 엔피씨 99,863 -9.05  3,679 -40.66  2,046 -60.36    066970 엘앤에프 364,782 -42.61  -140,253  적자지속 -111,235  적자지속   010120 엘에스일렉트릭 1,032,084 -0.63  87,310 -6.86  67,351 -15.51    097520 엠씨넥스 347,917 20.87 20,918 37.57 20,068 25.98   014440 영보화학 26,360 0.04 3,424 -26.38  3,533 -42.94    111770 영원무역 811,348 14.32 82,322 15.88 70,226 -11.38    009970 영원무역홀딩스 1,005,673 12.70 132,497 12.41 108,690 -13.62    000670 영풍 571,862 -22.87  -56,269  적자지속 287,259 흑자전환   006740 영풍제지 21,323 2.33 -3,730  적자지속 -4,909  적자지속   012160 영흥 110,985 -8.50  -1,581  적자전환 585 -76.91    007310 오뚜기 920,765 4.21 57,494 -21.46  33,233 -31.50    271560 오리온 801,773 7.13 131,376 4.99 106,132 6.37   001800 오리온홀딩스 812,998 0.25 116,387 -10.73  96,731 -13.80    005320 온타이드 61,692 14.01 3,571 흑자전환 285 흑자전환   006980 우성 139,253 -8.25  3,455 27.94 845 흑자전환   017370 우신시스템 102,473 78.32 9,128 348.19 5,357 63.95   105840 우진 27,179 -24.01  -690  적자전환 -1,052  적자전환   010400 우진아이엔에스 30,162 20.74 -4,007  적자지속 -3,080  적자지속   049800 우진플라임 38,069 -11.79  -2,530  적자지속 -2,915  적자지속   016880 웅진 233,693 -5.17  -9,159  적자전환 74,957 흑자전환   095720 웅진씽크빅 196,960 -8.90  -10,703  적자지속 -11,165  적자지속   005820 원림 20,950 2.37 1,558 132.22 1,340 -53.41    008600 윌비스 48,696 6.41 -602  적자지속 -3,611  적자지속   014830 유니드 322,506 26.62 28,659 4.22 22,301 2.96   000910 유니온 50,419 -7.70  1,043 흑자전환 3,500 흑자전환   047400 유니온머티리얼 27,524 -2.40  1,363 흑자전환 318 흑자전환   077500 유니퀘스트 176,864 2.72 9,856 15.77 6,445 18.00   002920 유성기업 78,237 -0.60  -479  적자전환 2,998 -45.70    000700 유수홀딩스 107,679 10.92 6,504 21.59 3,936 -48.23    072130 유엔젤 17,912 30.99 698 흑자전환 1,516 흑자전환   000220 유유제약 32,907 -1.49  3,917 -16.04  3,001 -46.19    000100 유한양행 491,564 10.56 6,420 1012.33 10,009 -7.43    008730 율촌화학 132,831 16.23 10,209 흑자전환 8,620 -59.57    008250 이건산업 77,537 2.39 881 -47.55  -1,154  적자지속   214320 이노션 503,391 3.26 29,842 -2.08  16,890 -42.62    139480 이마트 7,218,927 0.17 159,319 238.23 83,613 184.61   007660 이수페타시스 252,490 26.49 47,684 107.43 38,304 118.35   005950 이수화학 400,628 -20.92  16 흑자전환 -13,816  적자지속   102460 이연제약 36,758 -0.69  -3,807  적자전환 216 -33.75    000760 이화산업 11,550 -1.64  624 -29.24  356 -36.66    014990 인디에프 24,880 -7.49  -1,068  적자지속 -1,794  적자지속   006490 인스코비 24,307 0.85 -208  적자지속 -19,895  적자지속   023800 인지컨트롤스 181,309 15.88 9,743 46.22 12,827 172.23   129260 인터지스 173,878 10.68 8,297 128.77 6,044 119.21   023810 인팩 146,079 6.77 7,167 -11.69  3,971 -21.90    249420 일동제약 135,977 -10.01  4,195 4274.79 500 흑자전환   000230 일동홀딩스 149,763 -7.47  4,088 흑자전환 -5,224  적자지속   013360 일성건설 114,090 -22.67  3,003 39.18 728 -63.62    003200 일신방직 136,430 0.44 2,811 -1.33  18,955 460.68   007570 일양약품 61,983 5.55 3,384 64.45 3,777 78.72   008500 일정실업 10,005 -12.73  1,152 91.65 12,122 1793.88   081000 일진다이아 30,056 4.78 -2,248  적자지속 1,205 -62.63    020760 일진디스플 21,816 -4.94  -726  적자전환 -1,274  적자전환   103590 일진전기 457,428 34.04 34,043 86.43 22,874 81.22   015860 일진홀딩스 505,598 30.96 32,357 76.88 25,146 59.26   226320 잇츠한불 36,323 6.81 5,581 -20.87  6,322 -48.65    317400 자이에스앤디 312,684 -21.92  -10,602  적자전환 -8,069  적자전환   033240 자화전자 161,203 -12.19  5,040 -71.65  5,131 -55.58    000950 전방 12,827 -18.26  -1,112  적자지속 33,079 10226.96   079900 전진건설로봇 48,877 17.21 8,663 8.25 7,748 -3.00    194370 제이에스코퍼레이션 293,694 41.58 28,343 47.05 14,204 30.15   025620 제이준코스메틱 1,751 -67.07  -1,904  적자지속 -2,362  적자지속   030000 제일기획 1,039,417 2.10 58,492 7.24 28,033 -35.47    271980 제일약품 163,024 -4.34  5,656 흑자전환 3,629 흑자전환   001560 제일연마 18,976 -4.68  925 -55.70  855 -59.22    002620 제일파마홀딩스 182,043 -3.59  7,119 2729.25 4,611 흑자전환   089590 제주항공 384,684 -30.80  -32,570  적자전환 -32,740  적자전환   004910 조광페인트 49,051 -16.29  -3,026  적자지속 1,119 -71.39    462520 조선내화 130,787 3.80 5,808 -25.85  -1,883  적자전환   002600 조흥 114,967 14.57 3,728 -36.14  -453  적자전환   185750 종근당 400,956 10.91 12,453 -59.61  11,874 -55.47    001630 종근당홀딩스 246,621 -1.35  11,902 -4.98  7,842 -36.24    109070 주성코퍼레이션 19,799 87.59 978 76.53 1,266 16.59   044380 주연테크 15,929 14.10 -360  적자지속 -407  적자지속   013890 지누스 249,928 64.16 27,502 흑자전환 18,651 흑자전환   013870 지엠비코리아 179,718 1.16 1,389 -73.90  2,627 -42.18    071320 지역난방공사 1,576,835 14.71 323,778 55.25 233,486 63.91   003780 진양산업 22,552 11.57 2,160 17.26 1,615 0.79   100250 진양홀딩스 70,621 7.04 2,221 5.51 -9,563  적자지속   011000 진원생명과학 8,504 20.93 -9,066  적자지속 -8,837  적자지속   009310 참엔지니어링 10,071 -48.70  -8,768  적자지속 -7,227  적자전환   012600 청호ICT 9,046 57.66 -154  적자전환 182 -70.84    033250 체시스 24,435 12.91 2,452 83.78 2,393 50.48   035720 카카오 1,863,731 -6.27  105,401 -12.38  200,334 196.03   001620 케이비아이동국실업 171,160 3.94 -6,472  적자전환 -5,453  적자전환   029460 케이씨 236,738 16.52 25,543 139.49 26,545 60.08   002380 케이씨씨 1,599,305 0.69 103,444 -3.24  44,050 -90.39    344820 케이씨씨글라스 448,678 15.31 -5,625  적자전환 -11,226  적자전환   009070 케이씨티시 221,908 8.63 6,667 -42.03  3,631 -60.10    030200 케이티 6,845,117 2.86 688,771 35.99 566,799 44.22   053210 케이티스카이라이프 242,881 -4.53  5,107 77.97 1,624 28.26   033780 케이티앤지 1,491,108 15.39 285,560 20.71 257,929 -9.69    007810 코리아써키트 354,588 -0.08  -1,667  적자지속 -2,178  적자지속   192820 코스맥스 588,574 11.73 51,346 12.97 10,629 -45.82    044820 코스맥스비티아이 154,316 10.04 6,538 204.01 -1,445  적자지속   005420 코스모화학 161,598 1.17 953 흑자전환 -634  적자지속   071950 코아스 20,326 -13.92  48 -94.23  -1,048  적자전환   002020 코오롱 1,448,148 3.99 39,652 55.31 -28,871  적자지속   138490 코오롱ENP 123,872 0.65 12,842 22.31 12,145 26.11   003070 코오롱글로벌 644,028 -7.82  9,592 5377.71 -36,874  적자지속   450140 코오롱모빌리티그룹 546,338 7.96 6,763 223.33 2,542 흑자전환   120110 코오롱인더 1,231,583 7.78 26,932 -13.48  19,774 -2.66    021240 코웨이 1,174,919 17.28 211,245 9.03 138,830 8.76   036420 콘텐트리중앙 225,161 1.91 -12,119  적자지속 -37,410  적자지속   024720 콜마홀딩스 152,411 -13.58  3,139 -64.43  1,088 -87.17    192400 쿠쿠홀딩스 224,242 7.84 27,573 7.27 33,289 1.21   284740 쿠쿠홈시스 271,109 10.84 42,548 23.60 31,665 -5.48    005740 크라운해태홀딩스 263,779 1.68 20,423 -5.15  12,494 -13.02    259960 크래프톤 874,184 31.28 457,276 47.27 371,460 6.55   020120 키다리스튜디오 48,245 -2.27  510 -0.02  2,043 흑자전환   014580 태경비케이 69,556 -1.02  7,185 -27.61  7,751 -1.53    015890 태경산업 169,262 7.96 12,004 16.57 6,876 57.65   006890 태경케미컬 15,770 -4.36  1,052 -69.08  2,242 -42.95    003240 태광산업 507,501 -8.46  2,708 흑자전환 75,836 91.01   011280 태림포장 185,036 9.27 -2,328  적자전환 -3,953  적자지속   004100 태양금속공업 154,516 -4.24  7,577 34.10 3,450 -37.60    009410 태영건설 635,416 -11.88  15,516 -58.73  -38,538  적자지속   055490 테이팩스 31,082 -11.31  -543  적자지속 -1,145  적자전환   078000 텔코웨어 6,373 -9.23  -1,816  적자지속 -1,109  적자지속   214420 토니모리 48,937 17.10 3,650 58.54 1,746 6.88   084870 티비에이치글로벌 40,448 -0.60  -2,784  적자지속 -2,677  적자지속   019180 티에이치엔 170,386 19.24 3,383 -55.54  3,994 -49.17    363280 티와이홀딩스 10,998 -19.08  -5,132  적자지속 -11,688  적자지속   091810 티웨이항공 446,607 5.61 -35,467  적자전환 -44,776  적자전환   069260 티케이지휴켐스 269,267 -10.49  12,619 -59.99  13,969 -54.03    034230 파라다이스 283,305 7.00 57,276 18.33 43,104 16.56   036580 팜스코 374,501 -7.66  20,030 -14.05  1,342 흑자전환   004720 팜젠사이언스 42,877 0.87 2,044 -32.15  -710  적자전환   028670 팬오션 1,393,446 42.84 113,293 15.40 72,023 19.16   016800 퍼시스 103,742 -3.33  5,093 -63.39  4,650 -75.87    001020 페이퍼코리아 66,304 -4.27  451 -77.35  -1,876  적자지속   090080 평화산업 150,297 5.11 2,136 -33.66  1,444 43.43   010770 평화홀딩스 211,858 4.92 7,769 9.87 5,902 112.76   022100 포스코DX 296,780 -32.57  22,864 -35.01  21,667 -15.81    058430 포스코스틸리온 277,227 -11.23  11,870 -4.69  10,099 15.69   047050 포스코인터내셔널 8,153,705 5.07 270,166 1.79 203,776 11.45   003670 포스코퓨처엠 845,394 -25.74  17,150 -54.75  48,930 -14.17    017810 풀무원 793,491 3.15 11,263 -28.07  -3,027  적자전환   103140 풍산 1,155,945 19.97 69,714 28.55 41,559 12.65   005810 풍산홀딩스 97,860 6.10 17,019 10.32 16,406 14.88   009810 플레이그램 67,289 9.60 -1,448  적자지속 453 흑자전환   039130 하나투어 168,451 -8.12  12,282 -43.22  14,365 -40.54    352820 하이브 500,613 38.71 21,623 50.33 54,390 390.08   071090 하이스틸 70,523 0.45 421 280.47 586 138.39   000080 하이트진로 612,777 -1.35  62,725 29.73 37,995 45.23   000140 하이트진로홀딩스 609,643 -1.41  64,608 25.71 32,149 39.89   036460 한국가스공사 12,732,709 -0.61  833,935 -9.51  367,174 -9.77    005430 한국공항 156,868 4.62 14,527 -2.98  11,446 -12.07    010040 한국내화 104,393 11.83 -1,393  적자전환 -974  적자전환   025540 한국단자공업 357,548 1.55 28,674 -17.47  27,104 -20.37    010100 한국무브넥스 429,983 13.61 17,737 45.59 13,172 2.04   004090 한국석유공업 158,696 -4.35  589 -71.52  -563  적자전환   002200 한국수출포장공업 70,952 -3.41  -829  적자전환 -180  적자전환   000240 한국앤컴퍼니 388,686 11.48 126,893 1.08 115,439 1.21   015760 한국전력공사 24,223,984 4.00 3,753,607 188.88 2,361,708 296.30   006200 한국전자홀딩스 75,304 3.96 -313  적자전환 689 -51.50    027970 한국제지 199,079 1.02 4,170 -66.09  3,093 -45.17    000970 한국주철관공업 91,325 -1.99  3,746 31.76 3,882 4.65   017960 한국카본 224,562 22.88 31,107 1092.76 21,856 108441.23   161890 한국콜마 653,086 13.62 59,940 84.83 23,179 91.99   161390 한국타이어앤테크놀로지 4,963,667 133.34 354,644 -11.06  312,208 -13.39    047810 한국항공우주 699,257 -5.50  46,813 -2.50  29,164 -17.21    123690 한국화장품 24,610 3.52 1,717 -29.05  2,014 -22.95    002390 한독 119,873 -6.92  -1,653  적자전환 -7,724  적자지속   053690 한미글로벌 122,522 20.30 9,772 16.52 6,650 -5.02    042700 한미반도체 147,392 90.63 69,632 142.57 54,749 -21.34    008930 한미사이언스 332,150 3.75 27,067 -27.44  24,450 -21.36    128940 한미약품 390,948 -3.16  59,020 -23.00  44,654 -29.34    009240 한샘 443,446 -8.74  6,440 -50.45  9,595 -80.22    020000 한섬 380,324 -3.37  21,781 -32.88  18,355 -22.45    105630 한세실업 467,269 13.48 20,281 -46.76  9,440 -47.83    069640 한세엠케이 61,543 -8.61  -8,119  적자지속 -10,778  적자지속   016450 한세예스24홀딩스 853,105 26.78 20,732 -50.42  -5  적자전환   009180 한솔로지스틱스 174,127 3.63 5,694 -16.50  4,322 -25.15    213500 한솔제지 575,596 7.77 20,338 -40.13  6,712 -71.67    014680 한솔케미칼 209,573 5.91 41,696 21.96 35,543 11.95   004710 한솔테크닉스 337,753 25.98 19,301 54.47 16,317 40.67   010420 한솔피엔에스 72,073 0.80 386 흑자전환 785 흑자전환   004150 한솔홀딩스 276,620 164.66 8,324 흑자전환 6,732 80.63   025750 한솔홈데코 74,330 -6.84  1,182 -58.15  638 흑자전환   004960 한신공영 304,475 5.25 16,458 93.50 4,029 285.44   011700 한신기계공업 8,982 -23.73  -530  적자전환 240 -82.46    018880 한온시스템 2,617,326 8.84 21,075 -67.74  -22,592  적자전환   009420 한올바이오파마 36,150 6.03 -394  적자전환 -208  적자지속   014130 한익스프레스 156,132 -10.12  -2,569  적자지속 -5,859  적자지속   300720 한일시멘트 298,176 -27.57  16,959 -69.48  10,581 -80.84    002220 한일철강 49,758 -0.47  189 -50.45  -141  적자지속   003300 한일홀딩스 410,492 -20.05  12,655 -76.87  10,343 -80.41    051600 한전KPS 288,014 -15.99  7,800 -85.07  11,231 -74.21    052690 한전기술 96,419 -24.45  1,190 -86.96  65,903 662.17   130660 한전산업 90,424 2.84 7,451 -1.97  5,936 -2.20    002320 한진 729,112 2.38 27,318 16.81 503 흑자전환   003480 한진중공업홀딩스 493,247 10.47 38,421 98.32 28,020 38.13   180640 한진칼 62,668 -10.16  6,753 -47.52  73,095 -34.22    372910 한컴라이프케어 6,644 -51.28  -3,443  적자지속 -2,813  적자지속   000880 한화 16,642,591 33.83 1,072,563 354.92 465,740 흑자전환   452260 한화갤러리아 129,253 5.84 1,832 -75.21  -4,453  적자전환   009830 한화솔루션 3,094,476 31.49 30,314 흑자전환 -30,195  적자지속   272210 한화시스템 690,101 26.82 58,164 27.90 40,970 -18.59    042660 한화오션 3,143,090 37.64 258,608 388.53 215,726 322.82   195870 해성디에스 137,478 -11.25  355 -98.30  581 -97.02    101530 해태제과식품 158,966 1.53 13,466 -5.83  7,548 -18.28    143210 핸즈코퍼레이션 211,755 8.09 248 흑자전환 -3,590  적자지속   000720 현대건설 7,455,579 -12.75  213,697 -14.83  166,742 -19.98    453340 현대그린푸드 570,573 1.98 32,232 3.36 26,447 8.35   086280 현대글로비스 7,223,390 9.67 501,884 30.44 398,229 30.07   064350 현대로템 1,176,141 57.28 202,853 353.98 157,146 182.47   079430 현대리바트 437,760 -13.28  9,512 39.90 6,556 39.97   012330 현대모비스 14,752,034 6.37 776,683 43.13 1,031,748 19.64   069960 현대백화점 1,098,096 15.38 112,463 63.31 88,279 24.76   004560 현대비앤지스틸 187,469 -2.16  2,475 흑자전환 1,020 -48.65    017800 현대엘리베이터 594,382 -10.11  48,394 21.47 34,869 216.51   307950 현대오토에버 833,010 13.91 26,710 -13.11  19,904 -23.73    011210 현대위아 2,061,791 0.48 48,548 -15.92  101,963 177.95   005380 현대자동차 44,407,761 9.22 3,633,609 2.14 3,382,174 0.18   004020 현대제철 5,563,465 -6.46  -19,028  적자전환 -54,393  적자전환   005440 현대지에프홀딩스 2,072,112 77.36 95,569 159.84 203,832 183.61   011760 현대코퍼레이션 1,856,857 15.10 36,884 31.50 23,758 -31.50    227840 현대코퍼레이션홀딩스 62,081 20.16 4,950 11.28 9,861 -12.82    126560 현대퓨처넷 66,661 57.92 3,767 20.26 -3,983  적자전환   057050 현대홈쇼핑 959,913 -3.54  48,064 -18.60  33,837 -71.74    111110 호전실업 104,759 30.22 4,400 흑자전환 968 흑자전환   008770 호텔신라 971,789 -0.92  -2,470  적자전환 -6,180  적자지속   378850 화승알앤에이 173,229 2.00 7,813 -3.65  5,064 -42.94    241590 화승엔터프라이즈 423,428 22.60 13,420 151.91 1,020 흑자전환   006060 화승인더스트리 485,530 17.59 23,733 97.07 5,672 414.87   013520 화승코퍼레이션 455,912 15.03 30,865 22.64 25,574 -12.22    010690 화신 473,451 13.91 30,473 44.65 29,113 -0.80    133820 화인베스틸 36,646 30.10 -5,452  적자지속 -6,587  적자지속   000850 화천기공 46,313 -1.77  143 -88.95  1,554 -44.40    016580 환인제약 60,199 -2.29  5,279 -36.53  5,120 -43.56    032560 황금에스티 72,583 -2.33  5,111 184.40 6,340 128.97   094280 효성 ITX 122,076 -3.65  3,710 -18.61  3,223 -5.73    298040 효성중공업 1,076,135 9.31 102,387 82.30 103,629 295.09   298020 효성티앤씨 1,952,704 3.89 77,386 1.75 24,463 -56.39    298000 효성화학 615,032 -7.36  -59,682  적자지속 374,151 흑자전환   093370 후성 107,117 -1.34  -105  적자지속 -1,939  적자지속   079980 휴비스 240,103 7.16 6,364 흑자전환 3,317 흑자전환   005010 휴스틸 154,010 -9.39  -467  적자전환 -2,407  적자전환   003280 흥아해운 45,771 5.18 4,665 -17.88  3,116 -30.15    138930 BNK금융지주     205,841 -33.91  171,832 -32.52    005830 DB손해보험     619,784 -18.36  431,364 -25.69    016610 DB증권     24,206 -6.07  20,561 -5.79    139130 iM금융지주     209,092 31.91 158,663 40.47   175330 JB금융지주     217,472 -4.60  166,894 -5.20    105560 KB금융     2,293,028 -2.24  1,699,122 60.89   005940 NH투자증권     289,044 4.40 208,172 -7.66    001510 SK증권     535 흑자전환 2,662 흑자전환   030610 교보증권     67,179 67.46 51,710 61.73   024110 기업은행     1,024,027 -0.55  814,175 3.79   030210 다올투자증권     6,015 -7.50  9,490 41.57   003540 대신증권     38,788 -46.89  76,867 44.82   082640 동양생명     58,665 -33.24  46,194 -37.22    138040 메리츠금융지주     721,743 -6.36  620,833 5.00   085620 미래에셋생명     39,354 -17.61  24,783 -32.13    006800 미래에셋증권     346,185 27.99 258,225 53.10   001270 부국증권     22,338 12.82 18,315 6.84   032830 삼성생명     753,958 1.02 677,496 2.14   016360 삼성증권     334,642 0.91 248,414 -1.87    029780 삼성카드     244,918 1.55 184,440 3.69   000810 삼성화재해상보험     792,356 -11.67  609,031 -13.24    001290 상상인증권     21 흑자전환 188 흑자전환   031210 서울보증보험     27,271 -30.44  19,374 -36.18    026890 스틱인베스트먼트     -5,666  적자전환 -4,566  적자전환   055550 신한지주     1,944,214 -6.00  1,517,046 12.55   244920 에이플러스에셋     7,403 25.72 6,612 35.97   316140 우리금융지주     869,263 -24.46  654,556 -21.98    003470 유안타증권     12,908 -69.24  9,149 -73.20    001200 유진증권     5,876 -66.77  6,023 -61.53    006220 제주은행     1,267 -76.05  2,904 -33.23    377300 카카오페이     4,411 흑자전환 14,369 8479.06   003690 코리안리     123,459 62.47 95,192 64.12   039490 키움증권     325,456 -3.62  235,600 -3.77    086790 하나금융지주     1,488,926 -4.75  1,138,429 9.30   071050 한국금융지주     529,612 38.82 459,329 33.97   123890 한국자산신탁     17,700 -39.96  14,172 -36.43    034830 한국토지신탁     -4,619  적자전환 8,447 흑자전환   001750 한양증권     29,378 49.53 21,079 57.70   088350 한화생명     371,359 -7.37  295,728 -19.71    000370 한화손해보험     172,870 10.90 127,517 17.55   003530 한화투자증권     47,151 81.62 37,156 -51.50    001500 현대차증권     27,100 106.24 19,286 89.34   001450 현대해상     283,698 -49.17  203,879 -45.38                     유가증권시장 12월 결산 상장사 2025년 1분기 실적현황(개별)   * 금융업은 매출 관련 지표와 부채비율을, 자본전액잠식 기업의 경우 부채비율을 표시 안함                                                    <개별기준 102개사>                            (단위 : 백만원, %)                           종목코드 회사명 매출액 영업이익 순이익     금액  증감률 금액 증감률 금액 증감률     058860 KTis 153,299 5.48 6,473 51.89 4,549 35.07   008260 NI스틸 53,889 -29.75  6,690 -50.22  3,925 -59.65    178920 PI첨단소재 64,096 23.72 8,902 260.38 6,055 307.54   001360 삼성제약 11,357 -6.67  -4,496  적자지속 37,248 흑자전환   011420 갤럭시아에스엠 5,183 -22.67  11 -96.79  468 33.06   214390 경보제약 60,588 -3.21  121 -96.03  -695  적자전환   017040 광명전기 16,508 -53.80  -3,270  적자전환 -3,606  적자지속   037710 광주신세계 45,468 3.04 12,893 -1.62  11,290 -12.99    083420 그린케미칼 86,077 5.67 1,930 -1.67  1,279 -34.76    009190 대양금속 54,468 3.40 -374  적자전환 -1,849  적자지속   014160 대영포장 70,385 2.70 -272  적자전환 -116  적자전환   005690 파미셀 27,030 146.32 8,380 흑자전환 8,456 흑자전환   003830 대한화섬 28,724 -15.67  -172  적자전환 7,836 73.24   016090 대현 63,089 -14.55  1,059 -78.16  2,381 -53.63    460860 동국제강 725,549 -21.75  4,255 -91.90  2,451 -91.59    023450 동남합성 52,842 13.69 2,993 -5.80  2,320 -4.85    002210 동성제약 26,345 16.01 743 604.43 -1,307  적자지속   024090 디씨엠 65,160 4.22 6,117 26.15 6,673 -9.41    457190 이수스페셜티케미컬 98,898 89.53 6,097 338.40 3,767 흑자전환   071840 롯데하이마트 529,016 0.75 -11,064  적자지속 -13,796  적자지속   012690 모나리자 31,659 -2.59  -382  적자전환 -161  적자전환   008420 문배철강 33,165 -7.89  -528  적자전환 442 -90.03    007120 미래아이앤지 2,320 -20.34  -74  적자전환 -427  적자전환   134380 미원화학 64,191 2.69 6,980 -15.73  5,832 -21.93    003650 미창석유공업 101,036 -2.07  10,933 -15.62  3,117 -81.49    002760 보락 13,048 14.76 305 -18.16  240 -30.49    026940 부국철강 44,747 -5.20  534 -4.58  855 -7.91    005030 부산주공 54,874 -1.41  250 -73.48  -1,607  적자전환   008040 사조동아원 160,369 -2.60  10,210 -30.44  7,455 -20.36    006090 사조오양 102,962 6.26 3,745 -50.47  253 -96.09    062040 산일전기 98,829 39.90 37,521 61.38 31,246 89.74   068290 삼성출판사 10,268 -1.29  -85  적자지속 1,618 -25.71    023000 삼원강재 87,783 -0.69  1,577 -45.88  2,404 -37.66    004440 삼일씨엔에스 57,427 13.31 -1,294  적자전환 -1,434  적자전환   009770 삼정펄프 39,729 0.42 417 -70.10  7,178 -59.29    005500 삼진제약 70,859 -2.34  4,839 -12.05  3,722 20.11   004410 서울식품공업 16,310 8.96 -477  적자지속 -805  적자지속   002420 세기상사 6,921 -16.98  -722  적자지속 -878  적자지속   013000 세우글로벌 8,233 -6.58  523 -10.36  673 -27.31    067830 세이브존I&C 29,394 -3.34  1,415 -49.68  2,423 -31.01    462870 시프트업 42,235 13.00 26,251 1.22 26,846 8.69   002700 신일전자 31,723 8.45 -754  적자지속 -835  적자지속   004770 써니전자 3,156 5.13 611 33.63 1,331 -2.21    267850 아시아나IDT 57,174 22.34 3,045 70.94 2,586 -34.04    010580 에스엠벡셀 42,184 5.84 840 -3.01  793 -10.51    298690 에어부산 249,576 -8.33  40,154 -43.40  32,187 41.59   450080 에코프로머티 136,081 71.85 -14,784  적자지속 -7,326  적자지속   484870 엠앤씨솔루션 75,106 51.67 9,508 413.18 7,896 424.18   003520 영진약품 64,074 -1.34  2,615 -43.17  976 -76.15    012280 영화금속 84,256 19.83 3,193 60.34 2,611 50.42   011690 와이투솔루션 38,068 -6.25  933 1.69 782 -77.15    033270 유나이티드 71,348 -2.49  13,776 -18.32  12,656 -34.04    446070 유니드비티플러스 45,093 -11.74  -672  적자지속 495 -54.57    003120 일성아이에스 16,621 3.97 -1,020  적자지속 1,539 흑자전환   025820 이구산업 128,932 21.19 7,656 159.92 4,193 582.05   015020 이스타코 3,051 25.38 -553  적자지속 -935  적자지속   084680 이월드 18,881 -34.65  -2,434  적자전환 -5,198  적자지속   101140 인바이오젠 1,639 19.77 -1,322  적자지속 2,032 -76.36    034590 인천도시가스 350,534 10.84 3,875 -57.72  4,131 -50.36    007110 일신석재 15,284 -2.76  180 흑자전환 -414  적자지속   271940 일진하이솔루스 10,907 14.30 -3,017  적자지속 -487  적자전환   011330 유니켐 21,659 33.02 1,194 2655.56 1,091 흑자전환   004700 조광피혁 25,750 2.67 2,475 -17.46  3,090 -23.84    001550 조비 25,264 -5.78  1,829 -15.02  1,287 43.28   120030 조선선재 11,761 10.39 1,563 41.22 2,753 -13.52    018470 조일알미늄 137,266 7.29 11,951 158.68 8,464 222.41   063160 종근당바이오 42,521 -6.62  2,087 -34.51  900 -68.21    088790 진도 15,627 1.68 903 42.21 978 46.57   010640 진양폴리우레탄 11,744 -16.03  320 -74.75  621 -41.28    051630 진양화학 5,090 -25.11  -175  적자지속 -1,264  적자지속   272450 진에어 417,845 -2.90  58,273 -40.84  45,704 -33.06    002780 진흥기업 95,364 -44.29  1,186 -87.69  3,401 -61.89    000650 천일고속 10,785 0.23 -2,065  적자지속 -2,093  적자지속   006380 카프로 2,335 -7.65  -6,089  적자지속 -8,616  적자지속   281820 케이씨텍 77,663 -15.22  7,835 -21.77  7,828 -33.26    381970 케이카 604,654 0.04 21,464 21.79 14,439 22.50   005070 코스모신소재 113,877 -6.74  1,044 -80.26  1,923 -58.36    264900 크라운제과 109,527 0.53 6,272 -20.78  4,989 -23.28    001420 태원물산 2,706 -18.54  -318  적자지속 212 -98.72    004870 티웨이홀딩스 1,096 59.04 -1,446  적자지속 -14,071  적자전환   001770 SHD 29,194 17.03 746 흑자전환 665 흑자전환   002690 동일제강 40,781 -4.97  -151  적자지속 415 흑자전환   010820 퍼스텍 53,590 49.58 1,425 6262.23 2,186 793.11   293480 하나제약 57,481 0.73 5,629 -27.39  4,241 -30.19    002960 한국쉘석유 89,987 10.59 14,519 17.33 12,311 15.97   023350 한국종합기술 86,317 1.12 -2,449  적자전환 -1,520  적자전환   104700 한국철강 116,187 -21.50  -10,603  적자전환 -3,760  적자전환   007280 한국특강 186,257 -1.12  2,265 61.98 -1,700  적자지속   003350 한국화장품제조 37,998 8.15 6,001 37.62 5,235 26.68   011500 한농화성 62,404 -4.71  632 -59.71  3,084 137.55   003680 한성기업 81,067 -4.30  2,684 -29.61  1,064 -56.94    006390 한일현대시멘트 101,109 -7.42  10,922 90.79 7,904 1.93   009460 한창제지 65,618 -11.26  -1,743  적자전환 -3,143  적자전환   082740 한화엔진 318,182 8.46 22,312 14.85 19,409 30.52   003010 혜인 66,746 51.76 1,094 -74.72  323 -80.94    010660 화천기계 45,817 -1.46  -992  적자전환 -726  적자전환   005870 휴니드테크놀러지스 35,164 19.06 -3,606  적자지속 -4,427  적자전환   000400 롯데손해보험     13,010 -69.17  11,279 -66.81    025890 한국주강 9,424 -19.25  74 19.95 98 흑자전환   003460 유화증권     5,832 -32.44  6,988 -24.49    323410 카카오뱅크     183,039 23.34 137,416 23.58   000540 흥국화재     144,680 135.11 119,580 204.96  ①연결실적은 연결재무제표를 제출한 유가증권시장 12월 결산 상장법인 679개사 기준. 보고서 미제출, 상장폐지, 제출유예 및 감사의견 비적정법인 등은 제외. 개별실적은 종속회사가 없어 연결재무제표 작성 필요 없는 102개사 기준. 가나다 순.②증감률은 2024년 1분기 대비. 결산기 변경, 분할합병 법인은 손익증감률 등 표시 안함. 금융회사는 매출, 증감률 표시 안함.③흑자전환=흑전, 적자전환=적전, 적자지속=적지.*자료 : 한국거래소, 한국상장사협의회 코스닥시장 12월 결산 상장사 2025년 1분기 실적현황(연결)   * 금융업은 매출 관련 지표와 부채비율을, 자본전액잠식 기업의 경우 부채비율을 표시 안함                                                    <연결기준 1212개사>                            (단위 : 백만원, %)                           종목코드 회사명 매출액 영업이익 순이익     금액  증감률 금액 증감률 금액 증감률     265520 AP시스템 121,923 32.83 7,641 5.56 5,767 -50.64    109960 AP헬스케어 3,342 -1.74  194 9,297.37 -1,203 적자전환   126600 BGF에코머티리얼즈 99,032 13.53 4,815 -14.60  2,789 -48.94    013720 CBI 6,379 -4.86  284 -4.36  -1,342 적자지속   083790 CG인바이츠 3,081 334.46 -5,179 적자지속 -5,384 적자지속   035760 CJ ENM 1,138,278 -1.37  705 -94.29  -82,169 적자지속   311690 CJ 바이오사이언스 913 -9.11  -6,597 적자지속 -6,129 적자지속   051500 CJ프레시웨이 798,639 9.19 10,631 0.83 1,599 21.05   058820 CMG제약 20,625 -9.59  -1,330 적자전환 -1,582 적자전환   065770 CS 2,742 -80.76  -772 적자전환 -641 적자전환   083660 CSA 코스믹 7,644 -0.64  -923 적자지속 -976 적자지속   099520 DGI 2,762 -36.53  -1,760 적자지속 -1,245 적자전환   060900 DGP 6,008 141.83 -1,345 적자지속 -1,878 적자지속   290120 DH오토리드 83,260 30.17 4,691 8.78 3,639 3.71   025440 DH오토웨어 91,056 -3.18  -1,402 적자전환 1,419 483.57   180400 DXVX 7,529 -27.13  -6,684 적자지속 -7,475 적자지속   037370 EG 14,917 -4.64  -1,020 적자지속 -2,667 적자지속   050120 ES큐브 4,101 -47.77  -711 적자전환 -1,540 적자지속   214270 FSN 86,282 124.84 4,072 흑자전환 3,729 흑자전환   130500 GH신소재 21,613 14.49 1,949 162.89 1,660 196.98   083450 GST 74,758 -1.26  9,596 12.24 7,918 0.50   297890 HB솔루션 20,128 72.21 2,884 흑자전환 2,933 -86.64    078150 HB테크놀러지 30,012 3.02 -3,066 적자지속 -567 적자전환   028300 HLB 17,664 58.37 -28,757 적자지속 -68,925 적자전환   278650 HLB바이오스텝 13,578 17.39 -2,547 적자지속 -1,835 적자지속   067630 HLB생명과학 27,477 14.99 -5,939 적자지속 -57,243 적자전환   024850 HLB이노베이션 7,550 23.11 -9,825 적자지속 -9,420 적자전환   187420 HLB제넥스 10,692 50.32 815 흑자전환 -1,179 적자지속   115450 HLB테라퓨틱스 15,047 17.97 -1,581 적자지속 -4,549 적자지속   046210 HLB파나진 3,539 3.87 -733 적자전환 -584 적자전환   036640 HRS 18,828 -8.02  3,150 -23.75  3,219 -17.09    052220 iMBC 10,248 -10.95  -533 적자지속 -62 적자전환   095340 ISC 31,683 -9.66  6,992 -18.30  6,834 -56.75    067290 JW신약 19,658 -17.37  667 -76.43  8,576 414.51   035900 JYP Ent. 140,759 3.12 19,628 -41.60  69,280 120.19   318000 KBG 6,085 -6.89  521 -57.52  493 -59.78    024840 KBI메탈 184,381 0.24 5,138 20.40 -88 적자지속   024120 KB오토시스 51,262 7.07 785 흑자전환 70 흑자전환   044180 KD 10,686 -73.69  222 -90.80  -2,268 적자전환   046440 KG모빌리언스 61,245 -25.39  7,707 -19.97  6,010 -32.80    035600 KG이니시스 328,562 -10.66  24,319 -18.76  17,524 -23.62    060720 KH바텍 61,517 12.04 3,716 16.47 5,219 44.45   058400 KNN 11,564 0.74 203 92.64 600 -39.97    101000 KS인더스트리 9,021 79.34 -1,756 적자전환 -1,946 적자지속   089600 KT나스미디어 23,511 3.27 2,420 27.65 2,966 -9.52    043610 KT지니뮤직 69,318 -6.08  4,035 30.27 2,308 -16.07    122450 KX 63,107 -17.72  -805 적자전환 -4,220 적자지속   052900 KX하이텍 26,314 -18.42  1,659 -31.62  753 -30.39    225190 LK삼양 4,291 -55.21  -3,338 적자전환 -3,444 적자전환   060370 LS마린솔루션 44,480 225.25 3,019 흑자전환 2,681 흑자전환   417200 LS머트리얼즈 35,326 8.28 -1,083 적자전환 -1,129 적자전환   322180 LS티라유텍 12,123 -15.97  -2,906 적자지속 -3,166 적자지속   476080 M83 10,826 0.08 -2,988 적자전환 -2,602 적자전환   086960 MDS테크 50,653 19.46 930 -60.36  165 -93.60    160550 NEW 30,585 74.91 871 흑자전환 -644 적자지속   063570 NICE인프라 84,090 37.27 4,555 -2.52  117 -74.07    024940 PN풍년 15,305 9.19 783 11.36 838 10.35   332570 PS일렉트로닉스 36,012 14.36 1,948 -68.37  3,036 126.93   218410 RFHIC 31,874 24.69 3,735 829.01 4,325 -80.38    327260 RF머트리얼즈 11,806 12.15 837 흑자전환 564 흑자전환   091340 S&K폴리텍 76,937 0.94 5,196 50.20 3,743 9.18   419530 SAMG엔터 35,698 41.04 6,286 흑자전환 5,669 흑자전환   246960 SCL사이언스 2,267 100.03 -1,348 적자지속 -1,618 적자지속   099220 SDN 14,859 -7.61  -1,212 적자지속 -525 적자지속   036540 SFA반도체 75,259 -38.34  -6,014 적자전환 -5,857 적자전환   255220 SG 14,274 -6.72  -2,431 적자지속 1,624 흑자전환   040610 SG&G 11,482 -14.52  987 -55.18  6,912 8.11   184230 SGA솔루션즈 8,038 -7.06  -2,287 적자지속 -2,900 적자지속   016250 SGC E&C 329,958 20.23 11,572 854.40 598 흑자전환   357880 SKAI 2,057 -61.71  -3,017 적자지속 -3,555 적자지속   048550 SM C&C 17,697 -26.10  -2,935 적자지속 -1,809 적자지속   063440 SM Life Design 7,206 -32.29  685 -19.37  798 -26.97    067160 SOOP 107,652 14.08 32,744 14.75 27,100 9.54   089230 THE E&M 4,525 -29.59  -1,741 적자지속 -3,755 적자지속   032540 TJ미디어 21,380 -8.74  663 -37.71  488 -33.29    022220 TKG애강 11,179 -30.01  -2,044 적자전환 -1,531 적자전환   048770 TPC 20,035 -7.99  -1,625 적자전환 -1,727 적자지속   317240 TS트릴리온 7,160 -7.82  395 2.68 -119 적자지속   057030 YBM넷 13,516 -8.58  534 -37.97  819 -18.09    051390 YW 5,778 -4.34  1,346 -23.48  984 -27.68    079940 가비아 76,963 24.06 5,776 -19.82  3,816 -2.08    078890 가온그룹 127,279 9.38 443 흑자전환 3,260 흑자전환   399720 가온칩스 15,201 -15.24  -6,426 적자지속 -5,628 적자지속   114190 강원에너지 53,558 -34.83  1,296 -35.40  -670 적자지속   094480 갤럭시아머니트리 31,237 -8.92  4,570 62.66 2,161 146.13   053950 경남제약 13,094 -26.03  106 흑자전환 -1,568 적자지속   011040 경동제약 45,813 1.61 1,530 흑자전환 1,626 26.29   024910 경창산업 168,127 7.80 3,504 -34.63  1,692 -31.41    049720 고려신용정보 42,647 2.75 3,325 5.27 2,744 5.89   348150 고바이오랩 17,298 16.02 -3,466 적자지속 -3,057 적자지속   098460 고영 51,125 -3.59  3,187 46.23 3,209 -55.94    215000 골프존 129,837 -28.71  26,757 -15.38  18,902 -0.71    121440 골프존홀딩스 70,086 -16.05  2,545 -57.87  8,453 160.14   366030 공구우먼 8,843 -11.61  1,188 -32.82  1,279 -26.61    029480 광무 1,452 -10.30  -1,110 적자지속 -40,582 적자전환   026910 광진실업 14,131 7.45 -1,551 적자지속 -1,658 적자지속   053270 구영테크 103,323 10.30 7,559 2.06 4,772 -7.98    066620 국보디자인 101,949 0.48 17,104 103.94 7,613 -30.22    043650 국순당 17,204 -1.89  101 -89.57  1,476 -82.09    078130 국일제지 18,680 74.98 136 흑자전환 276 흑자전환   307750 국전약품 38,284 -2.61  113 -92.94  648 -25.26    035080 그래디언트 748,939 -16.95  -2,298 적자전환 -7,140 적자전환   453450 그리드위즈 22,138 -15.48  -3,372 적자지속 -2,992 적자지속   204020 그리티 41,049 0.66 1,256 -41.71  1,001 -40.79    186230 그린플러스 22,077 23.58 301 -12.79  -773 적자전환   053260 금강철강 47,172 -11.31  1,100 42.01 1,234 -6.94    282720 금양그린파워 46,798 -35.74  -8,456 적자지속 -8,329 적자지속   036190 금화피에스시 86,967 30.15 6,246 15.54 3,970 -49.62    049080 기가레인 6,809 -43.35  -2,974 적자지속 -2,925 적자지속   035460 기산텔레콤 18,175 60.10 378 흑자전환 260 흑자전환   407400 꿈비 11,945 31.41 -241 적자지속 -779 적자지속   187790 나노 13,662 -27.16  -264 적자전환 3,379 308.43   121600 나노신소재 22,345 -0.10  294 -83.25  760 -33.76    286750 나노실리칸첨단소재 1,022 -72.94  -796 적자전환 -1,306 적자전환   039860 나노엔텍 7,964 20.92 82 흑자전환 374 -33.51    091970 나노캠텍 8,504 -27.41  -1,106 적자지속 -1,683 적자지속   417010 나노팀 9,046 -11.15  86 -83.40  -458 적자전환   405920 나라셀라 20,926 -12.35  81 흑자전환 320 흑자전환   051490 나라엠앤디 42,342 -14.38  1,332 -40.37  641 -69.41    137080 나래나노텍 8,327 196.94 -4,314 적자지속 -4,025 적자지속   190510 나무가 140,498 20.96 9,416 24.79 9,333 -4.18    242040 나무기술 17,016 6.23 -664 적자지속 -1,347 적자지속   130580 나이스디앤비 17,691 -0.02  624 -48.70  625 -56.76    036800 나이스정보통신 257,407 9.82 9,650 19.14 8,790 -27.27    267320 나인테크 15,892 -64.46  -1,405 적자전환 -2,493 적자전환   091590 남화토건 13,750 -17.14  -120 적자지속 47 -95.75    168330 내츄럴엔도텍 6,238 19.20 -726 적자지속 -700 적자지속   094860 네오리진 9,977 26.89 -456 적자지속 -358 적자지속   253590 네오셈 14,875 -47.72  1,524 -41.32  1,760 -50.48    095660 네오위즈 89,030 -8.28  10,229 -31.09  6,109 -57.40    042420 네오위즈홀딩스 89,304 -8.37  8,471 -32.84  3,699 -72.20    311390 네오크레마 20,798 286.19 2,765 908.80 2,892 흑자전환   085910 네오티스 17,307 21.74 1,681 79.39 1,442 -9.96    092730 네오팜 31,609 12.03 7,780 14.55 7,137 16.77   290660 네오펙트 4,519 -0.02  -1,401 적자지속 -2,285 적자지속   306620 네온테크 7,594 -83.29  -3,162 적자전환 -3,271 적자전환   007390 네이처셀 4,078 -55.13  -1,706 적자전환 -1,240 적자전환   033640 네패스 129,370 6.65 3,636 -43.55  8,482 흑자전환   351320 넥사다이내믹스 9,084 213.44 -1,881 적자지속 -2,991 적자지속   089140 넥스턴바이오 6,392 -0.43  -653 적자지속 -1,480 적자전환   137940 넥스트아이 5,767 -19.56  -1,776 적자지속 1,798 흑자전환   348210 넥스틴 17,084 -50.03  3,412 -81.97  2,873 -80.46    225570 넥슨게임즈 51,306 -2.52  -4,893 적자전환 -334 적자지속   205500 넥써쓰 6,600 396.28 252 흑자전환 793 흑자전환   217270 넵튠 31,587 28.57 2,374 228.34 7,259 -67.12    104620 노랑풍선 31,417 -18.08  355 -91.13  -113 적자전환   473980 노머스 19,144 79.75 4,596 385.32 4,754 169.83   194700 노바렉스 90,706 60.40 8,419 136.28 7,225 86.64   285490 노바텍 17,118 9.61 3,461 -13.85  3,806 -39.05    145170 노브랜드 163,204 9.01 9,885 -12.49  4,649 -41.94    376930 노을 1,393 4,717.48 -4,445 적자지속 -4,324 적자지속   142280 녹십자엠에스 26,482 11.75 495 539.54 -727 적자전환   234690 녹십자웰빙 34,756 5.29 4,987 81.55 5,098 311.80   054050 농우바이오 37,382 11.72 7,558 56.63 6,454 22.97   069140 누리플랜 23,445 -25.71  449 -83.45  -354 적자전환   040160 누리플렉스 18,733 27.28 300 흑자전환 -393 적자지속   332290 누보 20,202 -3.79  167 -63.44  -340 적자지속   348340 뉴로메카 3,172 -12.82  -4,017 적자지속 -7,313 적자지속   060260 뉴보텍 11,860 4.01 222 -63.79  79 -87.83    012340 뉴인텍 20,606 4.75 -563 적자지속 -915 적자지속   270870 뉴트리 25,584 -30.33  787 -88.36  611 -84.80    144960 뉴파워프라즈마 108,160 2.53 3,446 -34.16  185 -85.13    085670 뉴프렉스 36,630 -28.09  672 -86.10  749 -86.73    064260 다날 56,668 -17.49  2,300 -14.22  -2,526 적자지속   039560 다산네트웍스 114,959 262.10 8,078 1,695.82 8,546 흑자전환   032190 다우데이타 3,876,536 36.00 349,834 -5.06  240,344 -13.09    068240 다원시스 43,975 -18.80  -14,216 적자전환 -19,431 적자전환   017650 대림제지 41,964 2.17 3,812 -20.37  3,475 -34.13    389260 대명에너지 19,162 29.11 5,682 55.64 8,404 93.25   317850 대모 8,933 -18.42  471 546.99 564 776.45   290670 대보마그네틱 13,744 22.17 -1,224 적자전환 -535 적자전환   078140 대봉엘에스 25,933 12.82 3,613 76.65 3,697 143.11   065150 대산F&B 24,862 -0.21  508 흑자전환 -126 적자지속   129920 대성하이텍 18,318 4.09 -207 적자지속 -513 적자지속   045390 대아티아이 39,460 51.57 1,585 59.39 4,452 159.16   108380 대양전기공업 55,640 34.54 5,711 140.15 5,742 55.48   007680 대원 36,595 -57.12  1,359 2,802.17 453 흑자전환   048910 대원미디어 58,694 -13.46  1,200 -29.89  90 흑자전환   005710 대원산업 259,796 33.72 20,663 327.53 25,048 181.14   003310 대주산업 25,549 -2.99  2,575 60.31 2,044 4.44   078600 대주전자재료 54,033 16.71 4,779 -4.72  6,743 21.91   393970 대진첨단소재 20,220 78.96 1,445 흑자전환 -239 적자지속   096350 대창솔루션 10,329 -38.30  -1,167 적자전환 -1,786 적자전환   140520 대창스틸 95,995 -9.41  751 -50.28  1,234 23.34   131220 대한과학 15,700 12.89 928 9.24 824 8.05   010170 대한광통신 25,394 -22.65  -6,920 적자지속 -7,034 적자지속   021040 대호특수강 68,335 -11.05  635 -71.12  -635 적자전환   067080 대화제약 36,668 5.69 1,129 흑자전환 -297 적자지속   298540 더네이쳐홀딩스 128,794 1.25 9,510 35.17 8,557 10.38   214610 더바이오메드 2,426 -1.92  -2,188 적자지속 -2,679 적자지속   393890 더블유씨피 16,309 -86.68  -30,433 적자전환 -33,373 적자전환   299170 더블유에스아이 12,824 64.08 1,049 3.90 823 87.77   224060 더코디 8,775 18.07 -1,833 적자지속 -2,815 적자지속   043090 더테크놀로지 2,012 -15.41  -1,189 적자지속 -2,213 적자지속   213420 덕산네오룩스 37,944 -27.70  9,898 -3.62  8,196 -4.91    317330 덕산테코피아 24,249 -18.54  -9,730 적자지속 -14,902 적자지속   077360 덕산하이메탈 44,151 -27.39  -1,393 적자전환 -1,761 적자전환   090410 덕신이피씨 25,100 -38.48  2,108 -57.21  2,233 -43.68    263600 덕우전자 39,618 29.98 1,361 흑자전환 853 흑자전환   194480 데브시스터즈 89,083 49.72 9,408 15.59 10,158 6.51   373160 데이원컴퍼니 27,095 -22.70  -1,284 적자지속 -1,186 적자지속   206560 덱스터 14,968 34.78 -3,573 적자지속 -4,183 적자지속   261200 덴티스 32,481 13.68 1,024 -28.16  -528 적자전환   067990 도이치모터스 578,211 21.46 7,940 52.87 -1,722 적자지속   006620 동구바이오제약 58,676 -8.62  2,334 -50.16  -721 적자전환   100130 동국S&C 45,088 123.77 6,324 흑자전환 3,988 흑자전환   005160 동국산업 204,574 16.02 9,742 161.72 528 -87.39    075970 동국알앤에스 26,937 -3.42  411 -7.02  -469 적자전환   086450 동국제약 223,736 13.67 25,317 20.48 17,967 -10.09    033500 동성화인텍 172,366 25.57 12,533 23.76 9,025 3.82   088130 동아엘텍 26,510 -21.90  -3,131 적자지속 -4,821 적자지속   041930 동아화성 103,016 10.97 5,919 16.54 9,413 84.09   060380 동양에스텍 43,285 -7.87  490 -58.65  868 45.57   079960 동양이엔피 163,435 30.10 15,901 44.71 15,140 -17.05    088910 동우팜투테이블 71,169 -0.23  264 흑자전환 2,159 흑자전환   013120 동원개발 90,869 -47.39  4,509 -81.74  5,776 -73.18    109860 동일금속 21,822 -18.43  181 -85.04  1,800 -29.79    032960 동일기연 6,097 -4.51  55 -86.66  553 -52.63    005290 동진쎄미켐 368,108 10.54 58,461 24.23 36,113 -1.25    025900 동화기업 202,301 -4.08  -1,785 적자지속 -21,733 적자지속   176750 듀켐바이오 8,459 0.65 670 -15.33  378 -50.45    203650 드림시큐리티 74,177 14.01 5,934 -8.46  686 -73.72    223250 드림씨아이에스 14,170 18.76 1,327 316.83 966 103.78   060570 드림어스컴퍼니 53,847 -5.49  -403 적자지속 5,235 흑자전환   362990 드림인사이트 5,069 17.77 -436 적자전환 -293 적자지속   016670 디모아 6,674 15.77 2,389 39.57 138 -83.75    187870 디바이스 8,638 8.44 -779 적자전환 -307 적자전환   110990 디아이티 21,644 7.20 5,276 57.64 6,046 27.99   263690 디알젬 23,338 -19.10  1,821 -43.95  1,152 -69.45    214680 디알텍 25,371 46.85 -3,521 적자지속 -4,391 적자지속   347850 디앤디파마텍 1,413 -32.76  -9,313 적자지속 -10,051 적자지속   263720 디앤씨미디어 18,108 -9.12  1,408 -44.05  1,826 -13.61    376300 디어유 17,546 -13.48  5,481 -23.37  5,213 -41.73    109740 디에스케이 3,097 -33.51  -5,648 적자지속 -4,688 적자지속   031860 디에이치엑스컴퍼니 3,771 39.39 -1,974 적자지속 -2,665 적자지속   066900 디에이피 146,241 19.97 -1,449 적자전환 -3,192 적자지속   039840 디오 35,805 2.41 1,518 -73.10  116 -97.24    310870 디와이씨 26,077 -6.84  2,451 16.77 2,141 322.22   104460 디와이피엔에프 93,818 123.61 12,227 156.69 10,235 205.05   079810 디이엔티 16,043 -62.78  1,241 -13.46  1,501 -71.57    113810 디젠스 20,576 0.66 1,487 -10.70  1,493 -10.76    068930 디지털대성 60,391 28.01 5,186 323.73 2,325 531.25   033130 디지틀조선 8,217 -3.17  -1,013 적자지속 -404 적자전환   105740 디케이락 21,084 -11.61  1,412 600.58 1,316 54.19   263020 디케이앤디 33,494 31.92 1,768 -31.89  1,414 -44.89    290550 디케이티 86,424 -25.34  2,458 -67.99  4,165 -60.30    066670 디티씨 51,004 1,864.93 1,807 153.36 1,688 26.97   187220 디티앤씨 28,906 -1.28  -614 적자지속 -2,751 적자지속   223310 딥마인드 4,335 18.92 -2,125 적자지속 -2,793 적자지속   317120 라닉스 2,074 12.29 -1,443 적자지속 -1,779 적자지속   042510 라온시큐어 10,888 -3.94  -3,107 적자지속 -2,841 적자지속   232680 라온테크 12,183 43.43 6 -91.17  -78 적자전환   300120 라온피플 44,927 32.02 -7,832 적자지속 -8,603 적자지속   171120 라이온켐텍 25,100 -5.05  -2,020 적자전환 -1,773 적자전환   214260 라파스 7,064 13.16 -685 적자지속 -1,177 적자지속   171010 램테크놀러지 10,519 -9.92  161 흑자전환 -205 적자지속   084650 랩지노믹스 21,899 10.06 -5,716 적자지속 -5,375 적자지속   217500 러셀 1,514 -66.01  -1,565 적자지속 -1,442 적자전환   038390 레드캡투어 105,253 11.75 17,859 37.06 10,566 67.81   443250 레뷰코퍼레이션 12,056 25.52 1,201 97.78 1,311 흑자전환   228670 레이 24,464 40.86 214 흑자전환 2,450 흑자전환   228850 레이언스 27,247 -23.73  -1,731 적자전환 224 -94.78    412350 레이저쎌 1,162 151.50 -2,432 적자지속 -2,825 적자지속   199550 레이저옵텍 5,267 -35.60  -2,278 적자전환 -2,725 적자지속   281740 레이크머티리얼즈 31,982 3.73 2,763 -43.90  1,692 -59.43    277810 레인보우로보틱스 4,185 37.28 -1,403 적자지속 -726 적자전환   215100 로보로보 3,149 -2.93  -384 적자지속 -164 적자지속   090360 로보스타 14,150 -32.29  -2,381 적자지속 -2,208 적자전환   108490 로보티즈 10,223 22.61 826 흑자전환 1,203 흑자전환   071280 로체시스템즈 30,243 48.60 5,069 61.35 3,802 105.11   328130 루닛 19,203 273.57 -20,666 적자지속 2,027 흑자전환   038060 루멘스 47,904 22.24 845 -32.34  695 -78.02    141080 리가켐바이오 51,576 66.07 11,378 297.62 26,473 181.19   016100 리더스코스메틱 18,358 1.34 -1,882 적자지속 -1,992 적자지속   012700 리드코프 82,872 -29.20  3,634 -5.52  -4,400 적자지속   302550 리메드 6,443 21.20 377 흑자전환 218 흑자전환   042500 링네트 25,815 -30.94  960 -65.40  1,685 -42.64    193250 링크드 2,526 -46.24  -1,634 적자지속 204 흑자전환   219420 링크제니시스 3,052 -24.69  -310 적자지속 91 1,485.53   439090 마녀공장 26,869 -13.35  1,419 -65.06  2,780 -5.87    377480 마음AI 2,048 8.97 -1,897 적자지속 -4,259 적자지속   098120 마이크로컨텍솔 25,320 76.97 4,983 149.99 4,455 108.14   038290 마크로젠 40,960 29.46 -3,046 적자지속 -3,175 적자지속   267980 매일유업 458,806 3.27 12,998 -33.30  10,450 -33.64    005990 매일홀딩스 534,864 0.13 11,811 -46.95  9,891 -49.84    093520 매커스 66,235 69.74 9,678 71.62 7,635 68.83   100590 머큐리 21,518 -39.15  -2,290 적자전환 -2,175 적자전환   067280 멀티캠퍼스 75,918 -7.79  4,700 -34.29  4,388 -27.25    072870 메가스터디 28,808 -0.22  1,666 -68.10  2,954 -49.88    215200 메가스터디교육 237,670 -4.70  26,201 29.28 20,825 27.02   133750 메가엠디 8,379 -3.78  -492 적자전환 -194 적자전환   235980 메드팩토 430 N/A -3,795 적자지속 -3,359 적자지속   041920 메디아나 15,027 1.94 1,257 14.99 1,548 -45.08    014100 메디앙스 12,209 8.19 -293 적자지속 -5,394 적자전환   054180 메디콕스 6,820 -8.66  -2,023 적자지속 -2,883 적자지속   086900 메디톡스 63,957 17.16 5,476 흑자전환 3,343 흑자전환   078160 메디포스트 19,225 6.62 -13,666 적자지속 -16,521 적자지속   408920 메쎄이상 13,174 10.29 3,291 4.14 2,775 4.85   140410 메지온 1,953 -9.48  -3,518 적자지속 -3,309 적자전환   241770 메카로 21,507 72.96 3,311 흑자전환 4,061 흑자전환   059210 메타바이오메드 27,700 23.10 5,615 16.41 5,649 -0.58    058110 멕아이씨에스 2,909 -0.29  -1,063 적자지속 -1,123 적자지속   434480 모니터랩 3,430 12.93 -464 적자지속 -299 적자지속   080420 모다이노칩 95,549 -3.41  8,026 -37.83  1,945 -70.84    417970 모델솔루션 16,413 5.37 512 557.50 605 17.12   080160 모두투어 65,578 -17.27  7,897 37.57 6,771 -11.01    087260 모바일어플라이언스 8,392 25.02 -30 적자지속 381 흑자전환   101330 모베이스 350,246 8.94 8,346 -47.96  6,388 -62.01    012860 모베이스전자 264,377 18.84 8,084 2.38 5,476 -27.92    363260 모비데이즈 11,110 64.36 670 흑자전환 672 흑자전환   348030 모비릭스 9,894 -41.04  -3,057 적자지속 -2,940 적자지속   288980 모아데이타 6,053 29.82 -431 적자지속 -1,868 적자지속   142760 모아라이프플러스 3,095 -37.32  -1,075 적자지속 -1,350 적자지속   118990 모트렉스 190,093 72.36 19,685 80.14 11,085 2.97   006920 모헨즈 15,946 -26.58  -1,372 적자전환 -1,363 적자전환   001810 무림SP 46,765 5.90 524 흑자전환 -132 적자전환   095500 미래나노텍 168,431 10.72 11,285 77.35 9,489 480.64   218150 미래생명자원 14,704 1.77 155 흑자전환 570 156.33   049950 미래컴퍼니 12,630 80.09 -6,617 적자지속 -5,055 적자지속   207760 미스터블루 17,054 8.54 -436 적자지속 6,152 흑자전환   059090 미코 214,911 74.13 35,299 52.06 25,297 85.61   201490 미투온 23,009 -9.48  3,326 -24.56  4,257 -3.27    475460 미트박스 28,329 6.92 219 -77.24  287 -68.97    206640 바디텍메드 39,101 18.14 8,080 36.95 7,259 10.97   018700 바른손 16,978 18.50 754 흑자전환 1,601 흑자전환   035620 바른손이앤에이 4,435 131.54 225 -47.35  519 흑자전환   053030 바이넥스 39,787 33.92 541 흑자전환 0 적자지속   301300 바이브컴퍼니 3,481 -36.84  -2,480 적자지속 -4,166 적자지속   064550 바이오니아 73,909 -6.70  4,344 56.39 1,133 51.89   038460 바이오스마트 112,288 -5.40  5,617 29.72 2,835 -41.83    086040 바이오톡스텍 11,246 25.14 -1,420 적자지속 -2,057 적자지속   099430 바이오플러스 22,982 139.08 7,101 193.67 8,521 221.54   032980 바이온 9,182 172.98 81 흑자전환 -636 적자지속   308080 바이젠셀 0 N/A -2,686 적자지속 -2,574 적자지속   043150 바텍 101,316 7.52 13,206 -8.17  11,674 -32.30    267790 배럴 11,340 -2.47  1,214 2.80 381 -31.54    046310 백금T&A 35,520 9.18 2,688 -5.37  2,723 -15.96    331520 밸로프 8,579 -1.75  -408 적자전환 -449 적자전환   199480 뱅크웨어글로벌 14,232 26.73 -2,034 적자지속 -1,878 적자지속   438700 버넥트 926 -3.21  -2,936 적자지속 -2,669 적자지속   066410 버킷스튜디오 3,875 -9.04  -1,755 적자지속 426 -1.49    382900 범한퓨얼셀 10,446 55.46 680 흑자전환 -73 적자지속   206400 베노티앤알 1,205 -69.82  -2,287 적자지속 -15,999 적자지속   019010 베뉴지 9,088 11.28 2,140 19.65 11,317 5,716.15   177350 베셀 4,116 -42.02  -1,142 적자지속 -1,380 적자지속   457600 벡트 20,325 -11.58  253 -82.52  -39 적자전환   225530 보광산업 8,241 -46.04  -1,683 적자전환 -1,836 적자전환   250000 보라티알 22,924 17.72 2,175 -31.96  -509 적자전환   310210 보로노이 0 N/A -14,485 적자지속 -14,108 적자지속   226340 본느 13,087 -37.00  -1,458 적자전환 -2,758 적자전환   014470 부방 85,040 -4.05  1,054 -54.39  265 -90.40    008470 부스타 28,845 45.36 -57 적자지속 415 흑자전환   338220 뷰노 7,538 36.10 -3,428 적자지속 -3,286 적자지속   100120 뷰웍스 54,397 -10.16  2,059 -71.09  2,122 -73.69    406820 뷰티스킨 18,696 -4.97  -777 적자전환 -1,456 적자전환   099390 브레인즈컴퍼니 3,660 -17.67  -1,937 적자지속 -1,232 적자지속   288330 브릿지바이오 9 N/A -4,979 적자지속 -4,926 적자지속   365900 브이씨 10,503 17.43 -1,143 적자지속 -1,453 적자지속   089970 브이엠 17,908 117.62 1,880 흑자전환 1,565 흑자전환   251630 브이원텍 5,249 -71.09  -3,572 적자지속 -3,476 적자지속   018290 브이티 100,450 -1.33  29,017 21.08 23,339 27.10   478560 블랙야크아이앤씨 6,936 12.09 1,105 -12.01  -2,273 적자전환   439580 블루엠텍 34,175 23.69 -1,030 적자지속 -1,609 적자지속   033560 블루콤 581 -87.97  -1,322 적자지속 13,465 1,922.59   126340 비나텍 15,739 16.79 -2,409 적자전환 -2,579 적자전환   121800 비덴트 2,067 -14.20  -1,391 적자지속 9,347 -66.51    082800 비보존 제약 18,585 -6.39  -2,503 적자전환 -3,772 적자지속   318410 비비씨 13,565 -19.39  3,052 782.68 3,087 1,180.44   146320 비씨엔씨 19,845 11.89 -65 적자전환 -1,197 적자전환   200780 비씨월드제약 15,823 -2.95  -695 적자지속 -1,876 적자지속   141000 비아트론 26,132 1,488.74 8,379 흑자전환 7,296 416.43   083650 비에이치아이 135,275 85.07 12,443 253.39 8,680 44.91   065170 비엘팜텍 2,986 -13.65  -605 적자지속 -1,065 적자지속   086670 비엠티 36,598 16.98 2,777 0.52 3,588 40.61   082920 비츠로셀 53,941 43.57 15,074 49.14 12,995 8.65   054220 비츠로시스 9,192 24.36 54 흑자전환 -18 적자지속   148780 비큐AI 3,699 -9.50  -753 적자지속 -654 적자전환   377030 비트맥스 7,675 -29.15  -3,416 적자지속 -4,353 적자지속   032850 비트컴퓨터 8,595 -9.20  1,490 -7.51  1,587 -20.21    238200 비피도 4,948 55.98 79 흑자전환 186 흑자전환   093190 빅솔론 27,679 9.22 1,137 31.67 1,659 16.67   065450 빅텍 14,974 -9.08  78 흑자전환 -472 적자전환   044480 빌리언스 4,793 -54.76  -599 적자지속 -1,687 적자지속   069540 빛과전자 8,460 122.17 -2,261 적자지속 -1,987 적자지속   072950 빛샘전자 28,066 82.51 1,541 128.04 1,336 107.81   451250 삐아 15,459 24.91 1,260 -27.76  1,808 27.48   143240 사람인 28,053 -8.87  1,964 -62.78  1,406 -65.44    419120 산돌 5,168 59.55 1,830 1,511.01 1,565 176.79   122350 삼기 134,742 1.48 3,712 144.36 -1,475 적자전환   419050 삼기에너지솔루션즈 29,548 52.27 2,082 흑자전환 -560 적자지속   014970 삼륭물산 22,146 -4.47  1,109 5.18 999 46.12   018310 삼목에스폼 78,306 -30.04  6,974 -78.04  2,209 -92.20    053700 삼보모터스 412,154 11.25 23,339 16.39 19,702 54.00   009620 삼보산업 67,168 -31.03  3,459 283.17 896 흑자전환   023600 삼보판지 127,823 -5.26  7,129 -46.50  8,015 -38.89    009300 삼아제약 24,500 -18.21  7,437 -35.09  6,283 -32.89    361670 삼영에스앤씨 3,058 14.10 -461 적자지속 -251 적자지속   054540 삼영엠텍 26,341 -0.68  2,868 6.38 2,660 89.86   037460 삼지전자 891,841 13.51 24,935 21.27 17,384 18.10   032750 삼진 40,636 1.65 2,614 52.53 2,615 57.38   054090 삼진엘앤디 39,773 -29.60  -3,019 적자지속 -4,141 적자지속   000250 삼천당제약 50,618 4.46 688 -63.10  1,275 -45.09    024950 삼천리자전거 47,296 11.18 1,306 6.40 1,974 39.14   038500 삼표시멘트 151,549 -19.63  2,109 -88.07  -5,782 적자전환   437730 삼현 24,327 3.04 1,902 -2.05  2,537 22.72   046390 삼화네트웍스 654 -96.50  -1,394 적자전환 -1,257 적자전환   027580 상보 12,138 -8.21  -1,671 적자지속 -2,441 적자지속   038540 상상인 180,349 -21.08  3,114 흑자전환 2,892 -84.07    091580 상신이디피 58,316 -22.10  -3,888 적자전환 -2,944 적자전환   263810 상신전자 34,492 12.17 900 41.77 642 -18.19    089980 상아프론테크 40,699 -7.04  1,082 -46.54  278 -78.68    042940 상지건설 2,282 -78.71  -1,100 적자지속 -1,705 적자지속   042600 새로닉스 50,934 8.62 -138 적자지속 -16,778 적자지속   411080 샌즈랩 714 -26.72  -1,447 적자지속 -1,537 적자지속   378800 샤페론 12 N/A -3,633 적자지속 -3,528 적자지속   038070 서린바이오 18,034 -4.44  97 -87.84  291 -47.49    006730 서부T&D 46,132 11.49 12,925 19.96 -513 적자지속   079650 서산 7,865 -19.47  -1,987 적자지속 -1,629 적자지속   043710 서울리거 4,894 12.79 -1,283 적자지속 -1,503 적자전환   092190 서울바이오시스 167,807 13.59 -13,149 적자지속 -17,335 적자지속   046890 서울반도체 239,227 -0.99  -20,659 적자지속 -25,755 적자지속   063170 서울옥션 3,734 -57.88  -2,106 적자전환 -3,444 적자지속   027040 서울전자통신 8,819 17.77 -187 적자지속 -4,146 적자지속   036120 서울평가정보 8,569 5.97 242 흑자전환 312 흑자전환   093920 서원인텍 54,789 -8.96  1,245 -46.52  2,182 -45.17    178320 서진시스템 281,267 -13.63  20,865 -51.78  1,132 -96.97    122690 서진오토모티브 691,090 7.01 22,251 5.11 22,000 125.79   140070 서플러스글로벌 51,894 28.67 -2,974 적자전환 -2,997 적자지속   011370 서한 153,101 -19.18  16,366 31.76 8,145 36.38   065710 서호전기 33,981 306.95 9,941 744.01 8,063 89.69   035890 서희건설 286,979 -21.33  50,908 4.43 16,600 -75.23    357550 석경에이티 4,950 -64.17  2,049 1.51 1,724 548.02   003100 선광 45,947 3.88 9,892 16.90 8,898 29.79   171090 선익시스템 15,894 -8.28  -1,795 적자지속 -3,428 적자지속   086710 선진뷰티사이언스 22,488 8.15 3,735 -2.16  3,330 -7.61    014620 성광벤드 63,699 11.42 10,745 8.64 9,182 -18.86    037350 성도이엔지 200,331 5.44 8,015 17.12 6,684 13.81   458650 성우 24,002 -33.72  809 -75.43  1,639 -61.08    081580 성우전자 46,040 42.19 1,442 흑자전환 2,179 흑자전환   045300 성우테크론 11,544 1.86 503 -32.16  1,052 2.00   015750 성우하이텍 1,048,934 1.76 58,250 35.59 42,783 40.19   365340 성일하이텍 33,371 -0.88  -15,479 적자지속 -17,154 적자지속   080470 성창오토텍 57,417 32.26 2,560 214.60 2,799 173.58   043260 성호전자 59,266 -5.96  1,599 -81.87  -22 적자전환   148150 세경하이테크 53,946 -25.63  -3,149 적자전환 9,883 -8.86    053060 세동 41,951 -3.21  2,076 -30.20  3,069 2.15   011560 세보엠이씨 174,498 -30.83  10,142 -14.91  9,120 -30.09    100700 세운메디칼 14,562 -1.87  2,755 -24.38  2,798 -27.97    258830 세종메디칼 4,442 -12.24  -293 적자지속 2,146 흑자전환   036630 세종텔레콤 77,132 -15.38  -2,274 적자지속 -359 적자전환   067770 세진티에스 3,275 -9.70  57 -84.37  215 -75.69    053450 세코닉스 118,834 -2.59  2,407 -42.23  3,430 50.95   321370 센서뷰 5,469 34.46 -3,140 적자지속 -3,030 적자지속   347000 센코 6,495 -11.65  402 흑자전환 207 흑자전환   331920 셀레믹스 1,723 -6.41  -447 적자지속 -2,247 적자지속   049180 셀루메드 39,250 49.40 -1,623 적자지속 -1,380 적자지속   108860 셀바스AI 26,431 -2.97  -409 적자지속 22 -98.57    208370 셀바스헬스케어 7,216 6.60 349 1,176.05 194 -70.05    318160 셀바이오휴먼텍 8,288 39.15 1,467 111.85 1,378 113.00   007720 소노스퀘어 29,974 5.24 -1,181 적자지속 -1,605 적자지속   060230 소니드 11,403 -2.58  -1,643 적자지속 -3,209 적자지속   032680 소프트센 9,566 -5.83  682 흑자전환 77 흑자전환   258790 소프트캠프 4,011 28.55 -603 적자지속 -231 적자지속   066910 손오공 4,820 -42.33  -1,154 적자지속 -3,857 적자지속   035610 솔본 24,821 -2.89  -5,966 적자전환 -9,243 적자전환   357780 솔브레인 209,470 -0.59  36,049 -21.71  32,992 -28.55    036830 솔브레인홀딩스 148,570 9.04 23,175 -10.94  12,635 -40.35    304100 솔트룩스 5,765 -13.81  -5,925 적자지속 -6,053 적자지속   328380 솔트웨어 16,592 38.22 134 흑자전환 77 흑자전환   086980 쇼박스 11,734 -81.44  -1,412 적자전환 -1,450 적자전환   084180 수성웹툰 30,875 96.76 2,883 390.28 -1,078 적자지속   253840 수젠텍 1,889 -3.63  -3,970 적자지속 -3,136 적자지속   298830 슈어소프트테크 16,917 3.08 -2,089 적자지속 -2,153 적자지속   236200 슈프리마 28,799 40.74 5,688 156.45 8,086 25.88   094840 슈프리마에이치큐 5,869 19.15 1,286 57.93 4,838 199.76   192440 슈피겐코리아 108,950 0.71 9,250 19.07 8,177 -8.65    424960 스마트레이더시스템 2,045 3.60 -2,467 적자지속 -2,604 적자지속   099440 스맥 42,379 -0.67  4,288 -15.89  3,965 -39.57    276040 스코넥 788 92.13 -2,266 적자지속 -2,161 적자지속   159910 스킨앤스킨 4,676 10.95 -882 적자지속 -1,154 적자지속   060240 스타코링크 5,560 429.04 -1,683 적자지속 -1,958 적자지속   115570 스타플렉스 22,986 25.87 1,146 흑자전환 793 2,382.64   352090 스톰테크 15,007 9.78 1,784 -28.78  1,729 -31.50    253450 스튜디오드래곤 133,800 -30.34  4,274 -80.15  2,366 -88.28    408900 스튜디오미르 3,797 -21.78  -759 적자지속 -741 적자지속   013810 스페코 7,394 318.49 -134 적자지속 -31 적자지속   347700 스피어 21,853 5.86 4,311 -25.74  3,164 -44.38    020710 시공테크 50,462 85.32 3,339 흑자전환 1,772 흑자전환   033170 시그네틱스 25,057 -27.39  -13,010 적자지속 -11,078 적자지속   048870 시너지이노베이션 27,242 19.81 4,788 -8.63  2,551 -74.31    025320 시노펙스 67,252 -5.50  6,777 -16.31  5,711 -26.89    340810 시선AI 1,265 -57.84  -2,990 적자지속 -3,446 적자지속   056090 시지메드텍 11,758 40.81 594 흑자전환 519 흑자전환   290520 신도기연 636 -67.74  -1,122 적자지속 -975 적자전환   025870 신라에스지 16,450 -30.79  -540 적자전환 -752 적자지속   215600 신라젠 1,157 282.86 -5,104 적자지속 -4,969 적자지속   065350 신성델타테크 259,475 16.46 10,374 65.39 6,264 1.13   416180 신성에스티 29,421 -4.17  2,954 -6.27  2,201 -10.69    162300 신스틸 95,230 6.19 1,966 -40.47  2,194 26.25   002800 신신제약 25,310 2.43 1,273 104.53 994 187.71   138070 신진에스엠 13,213 -9.08  398 -17.19  264 -14.26    226330 신테카바이오 869 13,881.68 -2,958 적자지속 -7,293 적자지속   056700 신화인터텍 66,094 15.21 4,419 427.10 2,506 2,343.56   187270 신화콘텍 13,157 -3.82  2,093 -7.99  3,663 92.88   243840 신흥에스이씨 103,500 -30.02  -4,294 적자전환 -4,823 적자전환   257720 실리콘투 245,677 63.86 47,729 62.07 38,785 51.89   222800 심텍 303,597 3.31 -16,324 적자지속 -35,800 적자지속   036710 심텍홀딩스 324,355 7.65 -36,836 적자지속 -54,865 적자지속   160980 싸이맥스 45,818 6.51 7,393 80.85 5,558 11.43   356890 싸이버원 7,232 4.21 -545 적자전환 -217 적자전환   217330 싸이토젠 5,593 605.77 -2,366 적자지속 -2,430 적자지속   208640 썸에이지 1,967 -66.46  -2,378 적자지속 -2,211 적자지속   037760 쎄니트 28,711 -6.84  -1,500 적자전환 -1,902 적자지속   099320 쎄트렉아이 40,041 26.23 1,742 흑자전환 1,272 흑자전환   049960 쎌바이오텍 11,229 -13.87  1,362 27.14 2,070 -36.53    050890 쏠리드 55,751 -25.61  261 -96.60  3,051 -83.53    475400 씨메스 872 -7.92  -5,311 적자지속 -5,224 적자지속   109670 씨싸이트 42,405 -4.48  -15 적자전환 -128 적자전환   066790 씨씨에스 4,352 -3.27  -758 적자지속 -612 적자지속   222080 씨아이에스 107,822 13.95 17,006 -7.33  14,665 10.92   352480 씨앤씨인터내셔널 65,982 -8.55  5,555 -44.22  4,060 -64.17    264660 씨앤지하이테크 80,890 129.33 4,456 4,505.58 4,429 204.57   352700 씨앤투스 19,416 -4.39  320 -78.24  1,375 -37.48    297090 씨에스베어링 28,348 81.22 1,238 흑자전환 1,017 흑자전환   359090 씨엔알리서치 17,044 15.73 -215 적자전환 -354 적자전환   115530 씨엔플러스 10,998 22.16 -374 적자지속 -703 적자지속   115480 씨유메디칼 8,810 -19.95  1,145 -41.05  628 -55.81    376290 씨유테크 51,687 -29.21  356 -89.85  116 -97.46    189330 씨이랩 784 -65.75  -1,070 적자지속 -841 적자지속   096530 씨젠 115,997 28.96 14,847 흑자전환 28,928 흑자전환   060590 씨티씨바이오 34,097 2.72 916 흑자전환 635 흑자전환   260930 씨티케이 19,664 7.02 369 흑자전환 -177 적자지속   013990 아가방컴퍼니 44,371 -1.36  1,355 -33.37  863 -28.90    025980 아난티 57,256 -0.10  -3,225 적자지속 -5,775 적자지속   125210 아모그린텍 34,529 13.26 1,854 114.79 1,561 553.51   052710 아모텍 84,046 28.12 3,907 1,426.39 2,504 146.33   074430 아미노로직스 4,728 -4.24  512 416.94 2,330 80.54   092040 아미코젠 10,821 -68.34  -4,330 적자지속 -5,798 적자지속   083930 아바코 26,083 -43.69  -3,382 적자전환 -1,050 적자전환   036010 아비코전자 31,422 6.16 935 흑자전환 920 흑자전환   136410 아셈스 16,733 29.18 4,202 109.82 2,806 89.25   450950 아스테라시스 6,690 90.10 591 흑자전환 524 흑자전환   067390 아스트 64,311 75.61 5,961 흑자전환 1,767 흑자전환   159010 아스플로 26,000 -0.13  -1,451 적자전환 -1,844 적자전환   127710 아시아경제 14,655 -13.30  -980 적자지속 784 흑자전환   227610 아우딘퓨쳐스 10,423 45.62 38 흑자전환 -347 적자지속   143160 아이디스 80,686 3.83 4,417 -1.50  4,909 -17.36    054800 아이디스홀딩스 202,868 10.32 18,846 74.08 17,045 11.19   332370 아이디피 9,817 7.30 1,746 17.78 1,801 -2.87    339950 아이비김영 22,774 16.87 -337 적자지속 -148 적자지속   099190 아이센스 76,269 11.50 3,235 299.52 2,210 흑자전환   289010 아이스크림에듀 24,387 -11.41  -3,569 적자지속 -3,888 적자지속   040910 아이씨디 17,452 3.08 -6,959 적자지속 -6,956 적자지속   368600 아이씨에이치 10,540 -42.73  -4,425 적자전환 -6,641 적자전환   456010 아이씨티케이 414 -20.60  -2,608 적자지속 -2,158 적자지속   052860 아이앤씨 9,409 96.83 563 흑자전환 495 흑자전환   464500 아이언디바이스 1,063 -57.00  -1,143 적자지속 -941 적자지속   212710 아이에스티이 10,329 113.91 307 흑자전환 167 흑자전환   038880 아이에이 13,300 5.15 -1,693 적자지속 -5,723 적자지속   307180 아이엘 25,486 26.90 1,934 -1.97  45 -97.80    451220 아이엠티 5,653 227.37 -1,032 적자지속 -1,195 적자지속   090150 아이윈 29,752 5.95 1,444 -39.13  1,493 11.44   123010 아이윈플러스 10,783 8.00 116 흑자전환 19 흑자전환   031310 아이즈비전 36,040 -19.78  -915 적자전환 -482 적자전환   185490 아이진 818 56.26 -2,497 적자지속 -3,059 적자지속   262840 아이퀘스트 9,782 4.66 1,027 흑자전환 2,408 1,138.25   175250 아이큐어 22,131 38.86 -2,444 적자지속 -2,481 적자지속   052460 아이크래프트 40,294 10.98 -1,637 적자전환 -1,139 적자전환   119830 아이텍 13,888 -3.46  -1,597 적자지속 -1,777 적자전환   052770 아이톡시 2,589 -25.02  -2,741 적자지속 -2,758 적자지속   124500 아이티센글로벌 1,636,570 79.70 33,837 772.18 26,195 1,400.18   010280 아이티센엔텍 111,851 64.63 -536 적자지속 653 흑자전환   232830 아이티센피엔에스 55,867 1,275.95 -1,128 적자지속 -2,084 적자지속   372800 아이티아이즈 21,295 28.31 -1,092 적자전환 -2,838 적자전환   084850 아이티엠반도체 138,169 -0.30  -5,749 적자지속 -10,575 적자지속   114840 아이패밀리에스씨 54,394 -5.26  7,145 -39.25  6,014 -38.08    013310 아진산업 242,907 40.35 7,068 -15.50  -323 적자전환   158430 아톤 17,013 18.96 2,096 -29.51  5,547 104.25   200350 아티스트스튜디오 2,182 -59.86  -688 적자지속 -340 적자지속   321820 아티스트컴퍼니 6,505 64.02 -1,976 적자지속 -2,054 적자지속   001540 안국약품 75,752 15.23 5,856 91.15 3,504 -54.41    053800 안랩 57,187 15.45 1,045 1,860.08 2,738 168.80   354320 알멕 50,584 44.41 1,745 흑자전환 -205 적자지속   361570 알비더블유 10,609 -30.06  -9 적자지속 68 흑자전환   131370 알서포트 10,943 7.99 401 -31.72  86 -91.90    140670 알에스오토메이션 13,109 -19.07  -1,106 적자지속 -1,254 적자지속   061040 알에프텍 65,113 -14.18  -5,521 적자전환 -8,325 적자전환   148250 알엔투테크놀로지 4,555 10.27 -214 적자지속 -1,232 적자지속   347860 알체라 851 -61.00  -5,206 적자지속 -5,242 적자지속   196170 알테오젠 83,696 139.81 61,018 253.54 83,038 297.52   123750 알톤 7,905 -3.67  -386 적자지속 -368 적자지속   085810 알티캐스트 1,619 37.13 -501 적자지속 -187 적자지속   043100 알파녹스 6,683 -3.17  -551 적자지속 -691 적자지속   117670 알파칩스 20,100 -9.73  -1,375 적자지속 -448 적자지속   293780 압타바이오 383 -39.94  -2,631 적자지속 -2,579 적자지속   310200 애니플러스 29,369 14.17 5,245 1.81 4,195 61.57   179530 애드바이오텍 3,454 17.88 -200 적자지속 -601 적자지속   052790 액토즈소프트 13,506 59.41 -1,898 적자지속 118 -97.32    290740 액트로 53,043 -3.84  -930 적자전환 -501 적자전환   238090 앤디포스 14,849 26.25 2,585 흑자전환 3,885 흑자전환   092600 앤씨앤 26,401 44.88 -5,448 적자지속 -6,274 적자지속   270520 앱트뉴로사이언스 6,568 34.87 -2,495 적자지속 9,373 흑자전환   255440 야스 4,031 -40.04  -4,708 적자지속 -5,069 적자지속   102120 어보브반도체 61,746 0.56 4,169 흑자전환 4,364 흑자전환   238120 얼라인드 3,923 22.92 531 164.11 554 -11.63    019990 에너토크 4,138 -33.56  -106 적자지속 -123 적자전환   435570 에르코스 8,163 -11.18  398 -68.37  -2,728 적자전환   270660 에브리봇 4,001 -39.83  -2,088 적자지속 -896 적자지속   038680 에스넷 79,392 6.62 -765 적자지속 -2,854 적자지속   217480 에스디생명공학 9,053 -9.78  -1,154 적자지속 -1,281 적자지속   304360 에스바이오메딕스 4,462 71.18 -1,691 적자지속 -1,833 적자지속   042110 에스씨디 59,535 9.25 2,776 -19.21  2,696 -5.56    101490 에스앤에스텍 57,862 38.52 11,876 61.15 11,908 55.49   095910 에스에너지 22,621 -27.08  -6,874 적자지속 -6,917 적자지속   275630 에스에스알 2,358 5.81 -728 적자지속 -526 적자전환   031330 에스에이엠티 764,365 10.79 19,538 -9.09  11,909 -25.39    060540 에스에이티 35,488 -9.62  -920 적자전환 -1,543 적자전환   056190 에스에프에이 398,385 -30.47  29,048 -46.89  21,508 -55.97    041510 에스엠 231,427 5.16 32,586 109.60 252,723 1,931.32   007820 에스엠코어 48,107 88.85 1,985 64.81 1,865 -35.47    109610 에스와이 116,302 -15.71  -2,009 적자전환 -3,703 적자전환   306040 에스제이그룹 44,281 -7.84  -3,072 적자전환 -4,026 적자전환   096630 에스코넥 83,671 1.14 4,579 3.97 14,276 162.06   069510 에스텍 119,358 17.92 12,033 38.43 10,756 18.07   234300 에스트래픽 36,729 52.19 2,410 흑자전환 986 흑자전환   039440 에스티아이 84,074 28.36 5,241 163.93 3,032 -25.07    098660 에스티오 15,989 0.02 -665 적자지속 -1,093 적자지속   052020 에스티큐브 1,808 -30.61  -5,166 적자지속 -4,570 적자지속   237690 에스티팜 52,420 1.35 1,025 -45.46  709 -86.93    050760 에스폴리텍 15,879 -11.08  -1,918 적자지속 -1,374 적자전환   288620 에스퓨얼셀 3,741 -64.90  -1,432 적자전환 -1,848 적자전환   443670 에스피소프트 13,506 59.52 643 2.99 479 흑자전환   317830 에스피시스템스 15,444 -9.23  -1,513 적자지속 -1,441 적자지속   058610 에스피지 93,295 -4.63  4,089 33.08 3,118 19.78   200710 에이디테크놀로지 32,641 6.71 -1,552 적자지속 -1,742 적자전환   475580 에이럭스 11,182 17.91 -1,681 적자전환 -1,602 적자지속   096690 에이루트 11,139 -50.23  -3,968 적자지속 -3,978 적자지속   298380 에이비엘바이오 2,165 -72.73  -29,034 적자지속 -28,148 적자지속   203400 에이비온 439 115.91 -4,987 적자지속 -10,438 적자지속   195990 에이비프로바이오 8,872 45.31 -3,264 적자지속 -3,261 적자지속   003800 에이스침대 81,387 -2.77  12,101 -18.00  9,512 -31.36    241840 에이스토리 1,262 -89.16  -645 적자전환 -1,030 적자전환   172670 에이엘티 10,074 11.87 -3,139 적자지속 -4,022 적자지속   445090 에이직랜드 15,767 -27.20  -7,936 적자전환 -8,269 적자전환   072990 에이치시티 25,671 28.94 1,438 -18.81  715 -44.96    044990 에이치엔에스하이텍 20,268 13.17 4,263 47.47 3,644 -4.50    239610 에이치엘사이언스 5,079 -1.03  -2,956 적자지속 -2,470 적자지속   148930 에이치와이티씨 6,591 -14.84  -398 적자전환 194 -79.50    044780 에이치케이 8,792 -31.52  -1,215 적자지속 -614 적자전환   357230 에이치피오 55,493 -5.16  1,543 -56.88  1,193 -63.07    071670 에이테크솔루션 74,087 -3.88  694 -3.64  139 -32.15    045660 에이텍 24,569 2,111.16 3,610 1,378.74 16,575 538.85   224110 에이텍모빌리티 12,786 -63.63  884 -74.09  1,292 -79.78    262260 에이프로 68,144 23.41 3,997 18.36 1,650 -46.26    230240 에치에프알 26,804 -14.41  -3,004 적자지속 262 흑자전환   230360 에코마케팅 72,904 17.11 2,382 -53.00  1,821 -63.09    038870 에코바이오 4,087 0.69 -1,179 적자지속 -513 적자지속   097780 에코볼트 56,785 -4.92  -3,713 적자지속 -433 적자지속   448280 에코아이 3,549 -30.98  -2,268 적자전환 -1,876 적자전환   101360 에코앤드림 30,084 57.54 392 흑자전환 494 흑자전환   128540 에코캡 37,107 25.35 2,473 흑자전환 -3,365 적자지속   247540 에코프로비엠 629,789 -35.10  2,270 -66.04  -9,969 적자지속   383310 에코프로에이치엔 34,433 -33.15  3,405 -53.55  3,686 -43.89    038110 에코플라스틱 605,937 7.69 19,724 3.70 12,617 32.15   073540 에프알텍 9,193 58.28 644 흑자전환 1,529 흑자전환   064850 에프앤가이드 9,887 29.51 2,090 45.36 1,682 39.85   036810 에프에스티 68,494 38.05 2,754 흑자전환 -235 적자지속   173940 에프엔씨엔터 11,340 -36.45  -3,746 적자지속 -4,023 적자지속   083500 에프엔에스테크 13,057 131.61 1,177 흑자전환 1,388 흑자전환   054940 엑사이엔씨 40,405 -2.93  -1,016 적자전환 -1,206 적자전환   373110 엑셀세라퓨틱스 330 -36.79  -2,558 적자지속 -2,550 적자지속   205100 엑셈 11,666 27.59 -2,467 적자지속 -2,419 적자지속   317770 엑스페릭스 4,993 146.18 -473 적자지속 -2,470 적자지속   373200 엑스플러스 1,145 -61.66  -455 적자지속 -912 적자지속   069920 엑시온그룹 1,108 6.47 -1,931 적자지속 -2,789 적자지속   092870 엑시콘 1,916 -73.19  -5,707 적자지속 -1,561 적자지속   317870 엔바이오니아 3,282 -30.40  -1,266 적자전환 -1,348 적자전환   067570 엔브이에이치코리아 414,126 18.77 15,228 47.93 19,587 2,198.79   236810 엔비티 22,063 -4.95  -1,876 적자지속 -2,305 적자지속   333620 엔시스 12,475 -5.95  1,210 -43.63  1,523 -49.51    101400 엔시트론 8,989 10.72 -568 적자지속 -636 적자전환   078860 엔에스이엔엠 3,808 5.03 -2,141 적자지속 -4,629 적자지속   354200 엔젠바이오 2,036 133.05 -2,859 적자지속 -3,028 적자지속   183490 엔지켐생명과학 20,783 -6.57  -2,561 적자지속 -1,828 적자지속   348370 엔켐 68,224 -12.68  -19,162 적자지속 57,569 흑자전환   069410 엔텔스 14,616 87.10 420 흑자전환 746 흑자전환   227950 엔투텍 5,680 110.06 190 흑자전환 11,478 흑자전환   291230 엔피 5,238 -12.65  -1,649 적자지속 -1,705 적자지속   198080 엔피디 72,865 0.61 7,222 41.27 5,870 33.35   048830 엔피케이 19,941 26.06 -82 적자지속 -197 적자지속   290650 엘앤씨바이오 17,756 7.41 -433 적자전환 -642 적자전환   156100 엘앤케이바이오 8,893 -2.55  -145 적자전환 -734 적자전환   073110 엘엠에스 14,733 -37.49  -1,450 적자전환 -1,590 적자전환   083310 엘오티베큠 55,587 -23.41  -5,992 적자전환 -6,355 적자전환   037950 엘컴텍 9,780 -20.21  633 37.98 613 -34.26    489500 엘케이켐 3,374 -36.85  480 -76.59  434 -75.12    170920 엘티씨 75,871 52.72 9,425 461.58 6,676 766.79   058630 엠게임 27,050 39.84 6,486 61.85 5,672 70.23   058970 엠로 20,627 41.04 963 2,998.63 1,037 67.36   009780 엠에스씨 48,217 5.77 8,125 68.51 6,447 57.75   123040 엠에스오토텍 402,332 -13.05  22,705 -38.04  -2,679 적자전환   413390 엠오티 16,351 -43.71  611 -41.61  210 -69.18    032790 엠젠솔루션 10,308 98.80 -1,345 적자지속 -2,511 적자지속   033160 엠케이전자 283,652 4.28 -1,148 적자전환 5,463 흑자전환   033310 엠투엔 21,577 -7.42  768 -38.83  -1,604 적자지속   259630 엠플러스 23,214 7.62 2,380 -17.61  3,585 -3.05    105550 엣지파운드리 9,582 1.16 -2,188 적자지속 14,160 흑자전환   060850 영림원소프트랩 16,572 36.61 73 흑자전환 147 흑자전환   143540 영우디에스피 8,119 43.64 -170 적자지속 -518 적자지속   265560 영화테크 26,770 44.16 3,583 38.19 2,883 -1.42    036000 예림당 2,742 -12.01  -144 적자전환 -13,948 적자전환   250930 예선테크 10,131 -3.45  -479 적자지속 -801 적자지속   053280 예스24 181,497 5.00 6,335 816.58 6,131 흑자전환   122640 예스티 25,085 8.27 2,218 -10.99  1,312 2.47   045060 오공 38,285 -1.72  798 -65.62  807 -60.05    192410 오늘이엔엠 3,027 -23.12  -1,081 적자지속 -6,067 적자지속   080520 오디텍 10,027 26.52 -572 적자지속 391 -96.82    039830 오로라 79,747 31.15 9,726 40.22 3,948 38.18   322310 오로스테크놀로지 16,878 342.64 -304 적자지속 -369 적자지속   046120 오르비텍 13,749 -19.32  -3,107 적자전환 6,882 1,194.27   475830 오름테라퓨틱 3 -80.88  -9,570 적자지속 -8,602 적자지속   014940 오리엔탈정공 51,043 18.39 8,197 95.27 6,912 69.52   065500 오리엔트정공 41,415 3.29 461 -14.64  198 -78.60    010470 오리콤 45,955 6.26 -660 적자지속 -440 적자지속   352910 오비고 3,714 4.59 -336 적자지속 -131 적자지속   053980 오상자이엘 28,656 14.33 2,747 89.15 3,235 33.02   036220 오상헬스케어 32,129 55.33 4,070 흑자전환 3,945 199.45   052420 오성첨단소재 41,336 18.60 8,443 58.30 8,038 19.59   052300 오션인더블유 1,385 -33.28  -604 적자지속 956 -96.49    039200 오스코텍 1,936 82.34 -8,323 적자지속 -7,767 적자지속   226400 오스테오닉 9,529 23.85 1,496 28.48 762 1,739.99   031510 오스템 24,267 -39.19  -2,659 적자전환 -2,512 적자지속   368970 오에스피 6,421 -36.56  -480 적자전환 -392 적자전환   138080 오이솔루션 14,069 73.72 -5,687 적자지속 -5,876 적자지속   080580 오킨스전자 18,882 21.17 1,654 642.25 665 흑자전환   067170 오텍 177,031 -6.85  208 -60.56  -1,328 적자지속   353590 오토앤 12,853 -12.26  -634 적자지속 -902 적자지속   173130 오파스넷 44,366 33.84 565 422.58 470 244.39   440320 오픈놀 25,378 295.16 524 333.17 575 187.88   049480 오픈베이스 39,875 3.66 -1,785 적자지속 -1,366 적자전환   394280 오픈엣지테크놀로지 4,801 93.32 -6,610 적자지속 -6,367 적자지속   382150 온코크로스 63 3.43 -2,386 적자지속 -2,254 적자지속   226950 올릭스 977 27.09 -8,243 적자지속 -13,265 적자지속   057540 옴니시스템 27,227 18.54 -259 적자전환 -478 적자전환   082210 옵트론텍 47,303 -38.43  658 -88.09  -2,000 적자전환   380540 옵티코어 3,126 -28.53  -1,103 적자지속 -1,114 적자지속   432430 와이랩 14,263 124.44 -2,459 적자지속 -2,432 적자지속   122990 와이솔 85,393 -22.96  -11,509 적자전환 -7,235 적자전환   232140 와이씨 38,961 14.75 -1,505 적자전환 -707 적자전환   065530 와이어블 12,435 -28.35  313 -50.05  54 -93.27    067900 와이엔텍 27,046 -1.72  4,427 -30.06  3,637 -45.95    007530 와이엠 43,667 1.91 990 -60.72  668 -57.48    155650 와이엠씨 41,092 12.17 21 -98.81  -434 적자전환   251370 와이엠티 34,960 18.46 1,541 5,893.05 1,269 흑자전환   209640 와이제이링크 7,559 -25.80  -1,281 적자지속 -1,791 적자전환   096250 와이즈넛 5,395 -25.80  -4,075 적자지속 -3,580 적자지속   273060 와이즈버즈 8,461 111.67 642 흑자전환 -698 적자지속   122870 와이지엔터테인먼트 100,156 14.67 9,525 흑자전환 10,228 2,324.45   019210 와이지-원 141,616 6.84 9,079 -39.90  4,240 -43.81    403490 우듬지팜 14,618 -10.08  56 -94.21  -144 적자전환   032820 우리기술 18,536 19.81 -2,998 적자지속 -5,477 적자지속   115440 우리넷 15,184 -63.65  -929 적자전환 -652 적자전환   046970 우리로 8,886 -12.00  -1,085 적자지속 -1,842 적자지속   082850 우리바이오 298,303 2.10 775 -73.53  -528 적자전환   215360 우리산업 129,721 6.00 3,107 17.90 1,754 -45.98    072470 우리산업홀딩스 174,334 11.18 5,443 49.95 2,687 -37.46    073560 우리손에프앤지 69,562 7.06 734 -67.21  -1,020 적자전환   037400 우리엔터프라이즈 303,514 1.66 772 -78.65  -605 적자전환   153490 우리이앤엘 32,112 -6.65  602 -53.84  81 -96.87    101170 우림피티에스 13,718 -34.99  202 -85.64  635 -61.55    066590 우수AMS 88,162 0.27 702 -73.64  -1,280 적자전환   046940 우원개발 89,080 35.81 945 181.62 957 1.59   065680 우주일렉트로 49,526 8.81 6,713 66.23 5,883 39.40   018620 우진비앤지 14,321 -10.87  424 -37.80  148 -72.54    396470 워트 4,596 20.13 1,026 1,076.91 1,297 98.20   307280 원바이오젠 8,255 16.74 1,533 29.83 1,252 20.19   032940 원익 36,591 7.32 2,639 -26.24  3,268 흑자전환   240810 원익IPS 124,198 9.11 -7,381 적자지속 -4,715 적자지속   074600 원익QnC 231,373 6.94 19,076 -41.31  15,361 -31.94    104830 원익머트리얼즈 77,996 3.58 14,763 30.03 12,140 31.76   014190 원익큐브 73,076 17.32 636 -49.33  622 -43.62    217820 원익피앤이 154,723 111.62 9,035 흑자전환 9,278 흑자전환   030530 원익홀딩스 171,019 46.41 10,233 흑자전환 11,553 흑자전환   012620 원일특강 89,242 -2.37  3,122 -11.21  2,121 -2.42    382840 원준 97,202 105.16 2,607 -63.87  782 -67.36    336570 원텍 37,415 65.81 14,552 119.35 11,899 100.88   376980 원티드랩 7,939 -10.83  -1,209 적자지속 -1,151 적자지속   008370 원풍 23,788 10.63 3,074 35.97 2,744 2.68   101160 월덱스 74,099 11.56 14,767 2.86 12,171 -18.80    336060 웨이버스 15,116 56.47 -1,573 적자지속 -990 적자지속   095270 웨이브일렉트로 17,210 -11.17  -1,002 적자전환 -849 적자전환   065950 웰크론 74,326 -23.85  -964 적자전환 -2,697 적자전환   076080 웰크론한텍 56,904 -33.76  945 -58.73  -17 적자전환   043590 웰킵스하이텍 5,513 -43.21  58 흑자전환 646 흑자전환   196700 웹스 8,097 -10.90  504 71.14 210 36.33   069080 웹젠 41,554 -32.40  8,903 -50.51  1,268 -93.86    053580 웹케시 19,652 19.65 3,369 1.38 1,780 56.18   044340 위닉스 93,103 -1.57  -5,355 적자전환 48,649 2,982.58   348350 위드텍 8,508 -0.51  -726 적자전환 -1,248 적자전환   112040 위메이드 141,833 -12.07  -11,337 적자지속 -20,621 적자지속   101730 위메이드맥스 47,112 172.50 -2,395 적자지속 -686 적자지속   123420 위메이드플레이 32,397 6.72 1,758 흑자전환 4,090 흑자전환   065370 위세아이텍 6,110 0.83 -1,073 적자지속 -1,532 적자전환   038620 위즈코프 25,151 9.55 518 -38.86  561 21.62   299900 위지윅스튜디오 20,792 22.01 -3,454 적자지속 -6,542 적자지속   036090 위지트 114,129 81.42 4,582 37.02 3,212 -56.43    459100 위츠 32,169 32.82 770 11.80 122 -73.86    136540 윈스테크넷 18,300 -22.93  2,447 -50.63  2,831 -41.80    192390 윈하이텍 19,350 -39.39  -425 적자전환 -1,040 적자전환   036200 유니셈 60,512 9.65 4,777 4.77 4,130 -31.55    018000 유니슨 6,105 11.25 -1,813 적자지속 -3,417 적자지속   203450 유니온바이오메트릭스 12,841 31.78 822 흑자전환 917 흑자전환   011320 유니크 102,430 16.52 3,282 7.76 2,212 18.10   086390 유니테스트 22,397 148.58 -3,989 적자지속 -4,702 적자지속   241690 유니테크노 25,099 9.38 1,084 21.66 453 -49.77    142210 유니트론텍 172,562 -2.37  9,983 19.35 5,737 7.70   088340 유라클 11,635 5.46 -981 적자전환 -859 적자전환   048430 유라테크 49,954 -2.41  1,359 -45.65  2,651 -1.80    089850 유비벨록스 173,965 41.14 314 -95.23  -1,880 적자전환   032620 유비케어 45,306 -0.42  430 353.81 2,314 흑자전환   264450 유비쿼스 21,478 -20.84  2,883 5.51 3,369 -49.85    024800 유성티엔에스 22,797 -56.23  287 -56.80  11,025 -65.21    069330 유아이디 12,168 -17.99  -192 적자전환 -208 적자전환   049520 유아이엘 115,577 -6.46  7,518 -7.49  7,413 -9.04    340930 유일에너테크 9,295 18.19 384 흑자전환 -898 적자지속   023410 유진기업 283,417 -15.39  -8,966 적자전환 8,204 -40.17    084370 유진테크 83,154 21.56 9,203 131.74 8,123 26.24   240600 유진테크놀로지 4,563 -59.85  -2,465 적자전환 -2,081 적자전환   179900 유티아이 4,706 -15.38  -9,674 적자지속 -11,007 적자지속   263050 유틸렉스 2,040 544.96 -4,821 적자지속 -4,823 적자지속   191410 육일씨엔에쓰 19,527 178.43 775 -5.54  21 -98.11    372170 윤성에프앤씨 29,796 -67.01  -591 적자전환 571 -95.59    146060 율촌 19,821 3.47 2,051 314.06 2,083 594.21   072770 율호 15,951 72.67 -1,124 적자지속 -1,468 적자지속   039020 이건홀딩스 123,379 11.49 4,119 흑자전환 863 흑자전환   067920 이글루 23,487 9.65 -899 적자지속 -888 적자지속   296640 이노룰스 5,736 19.52 465 32.10 697 21.22   302430 이노메트리 8,669 -39.18  -2,189 적자전환 -1,902 적자전환   462350 이노스페이스 240 N/A -12,159 적자지속 -12,233 적자지속   073490 이노와이어리스 37,891 -6.28  -4,753 적자지속 -4,450 적자지속   215790 이노인스트루먼트 10,837 5.33 -5,213 적자지속 -4,042 적자지속   088390 이녹스 15,361 0.81 3,353 640.21 3,023 1,348.20   272290 이녹스첨단소재 113,116 10.68 26,371 67.33 20,021 34.25   452400 이닉스 28,999 17.41 140 흑자전환 336 흑자전환   264850 이랜시스 18,702 5.20 1,392 -18.32  1,452 11.90   054210 이랜텍 121,119 -25.88  -595 적자지속 -5,807 적자지속   065440 이루온 10,412 -18.67  216 -75.01  629 -39.77    131400 이브이첨단소재 19,333 7.05 865 -6.22  -4,714 적자전환   351330 이삭엔지니어링 15,472 15.43 -2,328 적자지속 -3,225 적자지속   080010 이상네트웍스 20,572 4.98 4,067 5.18 4,397 20.62   047560 이스트소프트 25,197 -1.89  -4,372 적자지속 -4,681 적자지속   239340 이스트에이드 4,836 6.68 -1,874 적자전환 -1,817 적자전환   418620 이에이트 731 72.21 -3,082 적자지속 -3,197 적자지속   102710 이엔에프테크놀로지 157,791 18.73 21,460 210.56 14,131 175.35   041520 이엘씨 7,950 37.49 -836 적자지속 221 흑자전환   063760 이엘피 2,092 -55.56  -2,013 적자지속 -1,902 적자지속   123570 이엠넷 7,748 -10.10  -322 적자전환 670 -40.92    091120 이엠텍 53,405 -13.82  -3,950 적자전환 -2,974 적자전환   039030 이오테크닉스 84,825 16.45 14,482 150.65 14,461 38.14   353810 이지바이오 116,931 96.84 9,105 44.59 5,770 22.84   377330 이지트로닉스 4,228 -60.83  1,142 흑자전환 1,217 흑자전환   035810 이지홀딩스 845,697 8.07 17,408 -24.05  7,749 -26.78    092130 이크레더블 7,747 15.29 629 154.98 566 28.77   041830 인바디 55,584 14.77 7,002 -29.98  6,845 -21.73    079950 인베니아 2,435 -24.33  -2,619 적자지속 -3,464 적자전환   277410 인산가 7,582 3.30 -251 적자지속 -265 적자지속   060150 인선이엔티 43,369 -12.46  3,207 -33.67  -2,131 적자전환   033230 인성정보 60,990 -17.38  -3,633 적자지속 -3,785 적자지속   450520 인스웨이브 7,112 1.82 -3,390 적자지속 -2,846 적자지속   037330 인지디스플레 193,002 7.95 6,064 150.66 3,485 47.11   100030 인지소프트 4,263 -10.13  340 흑자전환 1,658 -25.10    064090 인크레더블버즈 1,588 268.84 -1,376 적자지속 -8,922 적자전환   216050 인크로스 10,170 20.17 2,008 155.61 2,366 86.65   049070 인탑스 161,680 -9.40  256 -95.82  2,669 -82.69    119610 인터로조 23,126 -31.24  2,178 -60.62  1,410 -62.41    051370 인터플렉스 131,747 -1.01  8,575 -3.35  8,343 -38.44    064290 인텍플러스 14,407 -23.76  -4,476 적자지속 -5,004 적자지속   189300 인텔리안테크 43,350 -7.17  -12,039 적자지속 -14,132 적자지속   048530 인트론바이오 1,186 -37.88  -1,839 적자지속 -2,034 적자지속   115310 인포바인 7,121 13.71 2,289 -0.02  2,504 -3.74    039290 인포뱅크 31,239 -8.12  -1,542 적자지속 -161 적자지속   071200 인피니트헬스케어 24,516 17.10 2,846 흑자전환 -1,026 적자전환   101930 인화정공 28,521 31.02 2,659 131.01 -2,330 적자전환   333430 일승 10,029 1.17 702 흑자전환 1,011 115.88   178780 일월지엠엘 4,540 27.36 -163 적자지속 32 흑자전환   019540 일지테크 205,367 8.33 11,891 50.61 8,403 21.63   094820 일진파워 41,053 -4.86  2,294 -22.78  660 -93.12    049550 잉크테크 17,726 4.08 455 -69.99  -135 적자전환   254120 자비스 4,880 -56.95  -483 적자전환 -465 적자전환   043910 자연과환경 11,129 -43.64  300 -77.28  -100 적자전환   289220 자이언트스텝 10,065 -12.61  -4,244 적자지속 -3,793 적자지속   049630 재영솔루텍 38,411 23.61 1,380 -64.29  -512 적자전환   417840 저스템 10,617 161.27 1,646 흑자전환 1,538 흑자전환   208140 정다운 37,883 -11.96  1,078 -68.12  1,325 -56.50    040420 정상제이엘에스 26,807 -5.32  2,980 -20.37  2,614 -15.72    045510 정원엔시스 40,102 12.09 -208 적자전환 2 -99.32    217190 제너셈 8,433 -29.58  -1,316 적자전환 -1,256 적자전환   122310 제노레이 25,158 0.45 78 -96.72  93 -95.58    225220 제놀루션 2,069 63.85 -2,485 적자지속 -2,254 적자지속   123330 제닉 17,828 180.16 3,761 흑자전환 3,516 흑자전환   159580 제로투세븐 18,165 13.80 1,279 70.79 999 408.63   079370 제우스 81,563 -7.55  -395 적자전환 1,323 -74.64    054950 제이브이엠 42,819 6.62 8,865 21.13 7,777 -5.86    023440 제이스코홀딩스 7,860 3.62 -2,620 적자지속 -3,418 적자지속   090470 제이스텍 2,657 -84.79  -5,620 적자지속 -5,064 적자전환   137950 제이씨케미칼 78,298 -9.05  2,294 61.63 -2,878 적자전환   033320 제이씨현시스템 70,585 -0.55  3,933 57.98 3,632 82.59   417500 제이아이테크 12,663 -5.23  2,507 22.23 2,353 41.15   204270 제이앤티씨 48,049 -62.18  -14,168 적자전환 -18,016 적자전환   127120 제이에스링크 1,427 -53.39  -4,818 적자지속 -4,479 적자지속   452160 제이엔비 4,398 9.47 1,138 63.98 996 105.37   126880 제이엔케이글로벌 36,613 32.89 -170 적자지속 1,156 흑자전환   322510 제이엘케이 485 255.82 -3,342 적자지속 -3,214 적자지속   033050 제이엠아이 19,831 11.44 985 137.19 494 -3.16    094970 제이엠티 38,385 25.18 -1,429 적자지속 -652 적자전환   420570 제이투케이바이오 7,268 -6.93  332 -66.56  239 흑자전환   089790 제이티 2,867 -64.89  -1,823 적자지속 -736 적자전환   038010 제일테크노스 34,570 -33.22  1,960 -76.82  1,360 -77.77    080220 제주반도체 48,440 13.74 3,700 -22.40  4,328 -40.66    216080 제테마 15,833 -8.09  -144 적자전환 -4,088 적자지속   337930 젝시믹스 50,757 -4.51  790 -76.71  878 -66.94    082270 젬백스 12,373 -16.01  -2,956 적자지속 -8,883 적자지속   034940 조아제약 14,375 -5.04  -2,106 적자지속 -2,204 적자지속   067000 조이시티 32,662 -15.32  2,181 -52.24  853 -76.42    033340 좋은사람들 15,987 -19.76  -2,242 적자전환 -2,305 적자전환   036930 주성엔지니어링 120,846 113.62 33,908 382.34 27,716 72.32   000440 중앙에너비스 12,573 14.86 -291 적자지속 -203 적자지속   051980 중앙첨단소재 3,341 -9.95  -1,626 적자지속 -2,007 적자지속   228760 지노믹트리 316 11.17 -3,728 적자지속 -2,950 적자지속   314130 지놈앤컴퍼니 6,354 49.11 -6,705 적자지속 -7,125 적자지속   389030 지니너스 2,628 49.44 -2,382 적자지속 -2,366 적자지속   263860 지니언스 9,354 33.89 37 흑자전환 808 142.91   208350 지란지교시큐리티 7,350 9.34 -743 적자지속 -294 적자지속   144510 지씨셀 39,549 -3.74  -5,695 적자지속 -17,899 적자지속   382480 지아이텍 5,744 -28.25  -1,351 적자전환 -791 적자전환   051160 지어소프트 139,979 2.44 7,789 15.14 7,927 28.24   119850 지엔씨에너지 66,275 64.61 14,987 529.83 13,088 288.27   065060 지엔코 24,964 -17.03  -165 적자지속 -3,058 적자지속   204840 지엘팜텍 7,839 34.36 128 흑자전환 24 흑자전환   311320 지오엘리먼트 13,202 85.72 762 -43.82  1,617 29.20   388050 지투파워 9,971 3.15 -317 적자전환 -296 적자전환   018120 진로발효 26,460 4.72 4,329 62.49 4,041 60.44   086060 진바이오텍 22,846 13.37 749 -30.08  765 9.33   036890 진성티이씨 106,563 -0.39  9,067 59.87 6,600 32.08   363250 진시스템 63 -53.10  -1,985 적자지속 -1,945 적자지속   085660 차바이오텍 304,140 30.87 -12,509 적자지속 -26,976 적자지속   004650 창해에탄올 30,019 3.10 4,139 4.48 3,497 26.37   278280 천보 35,556 -10.55  2,816 흑자전환 489 흑자전환   362320 청담글로벌 54,281 -0.94  3,602 47.93 2,859 1.22   066360 체리부로 91,106 -8.36  3,266 59.38 1,783 흑자전환   047820 초록뱀미디어 50,364 10.01 2,384 흑자전환 1,300 -95.34    094360 칩스앤미디어 5,370 9.39 203 2,065.77 -686 적자전환   016920 카스 38,947 0.84 584 36.09 120 -73.29    284620 카이노스메드 369 165.89 -1,690 적자지속 -2,168 적자지속   293490 카카오게임즈 122,854 -31.11  -12,440 적자전환 -33,428 적자전환   042000 카페24 71,249 8.90 5,959 82.14 5,265 615.76   313760 캐리 2,163 4.17 -1,390 적자지속 -887 적자지속   317530 캐리소프트 970 -20.67  -842 적자지속 -843 적자지속   071850 캐스텍코리아 37,819 -8.24  -2,116 적자지속 -2,673 적자지속   050110 캠시스 161,197 39.98 3,601 77.30 1,628 -12.17    451760 컨텍 18,783 105.30 -5,170 적자지속 -4,819 적자지속   078340 컴투스 168,005 6.49 1,674 44.31 2,048 -49.42    063080 컴투스홀딩스 24,318 -46.94  -3,196 적자전환 -6,566 적자전환   079190 케스피온 10,162 46.24 -1,300 적자지속 -1,347 적자지속   263700 케어랩스 23,065 3.14 841 163.39 25,454 852.63   214370 케어젠 21,292 4.12 10,166 9.89 8,430 -11.47    221980 케이디켐 15,040 -1.49  1,842 -2.04  1,573 -16.42    038530 케이바이오 20,542 28.03 341 흑자전환 48 -77.61    192250 케이사인 6,753 -7.51  -940 적자지속 -1,185 적자지속   431190 케이쓰리아이 3,590 2.39 -1,456 적자전환 -1,212 적자전환   025880 케이씨피드 25,380 -4.33  2,172 -18.92  2,142 -8.80    093320 케이아이엔엑스 39,404 28.44 4,938 -16.22  3,326 48.09   093640 케이알엠 2,207 -28.58  -2,560 적자지속 -2,351 적자지속   073010 케이에스피 21,745 1.66 2,809 -28.21  2,024 -47.31    105330 케이엔더블유 19,596 9.70 -1,069 적자전환 -1,404 적자전환   053080 케이엔솔 129,481 10.85 3,536 -36.87  4,567 99.93   199430 케이엔알시스템 2,357 25.12 -2,039 적자지속 -2,136 적자지속   432470 케이엔에스 13,587 43.66 1,092 55.49 960 6.60   272110 케이엔제이 19,290 58.55 5,539 98.08 4,558 48.05   039420 케이엘넷 11,415 5.00 2,437 32.03 2,837 34.71   083550 케이엠 31,281 0.31 -1,544 적자지속 -1,303 적자지속   032500 케이엠더블유 26,131 32.39 -7,014 적자지속 -5,743 적자지속   102370 케이옥션 4,299 10.29 -657 적자지속 -1,337 적자지속   068100 케이웨더 3,424 47.23 -928 적자지속 -900 적자지속   106080 케이이엠텍 3,238 -24.07  -1,312 적자지속 -3,036 적자지속   064820 케이프 128,219 -4.75  4,318 -56.95  1,262 -84.80    024880 케이피에프 206,714 2.08 13,818 14.48 9,250 -1.68    042040 케이피엠테크 14,280 117.63 -6,822 적자지속 -12,695 적자전환   258610 케일럼 31,203 -7.69  1,299 흑자전환 749 흑자전환   274090 켄코아에어로스페이스 16,884 -17.45  106 흑자전환 -382 적자지속   089010 켐트로닉스 149,284 1.22 7,139 -42.81  8,157 -7.02    052400 코나아이 58,315 7.43 12,683 243.17 9,013 71.33   047770 코데즈컴바인 8,338 -8.21  440 -23.26  1,563 65.99   080530 코디 23,215 28.96 2,023 1,222.72 1,600 흑자전환   104540 코렌텍 22,627 18.82 1,043 3,711.92 2,704 흑자전환   027050 코리아나 19,071 -9.76  -934 적자전환 -316 적자지속   123410 코리아에프티 195,652 10.37 11,539 45.47 12,813 36.53   036690 코맥스 23,259 -21.29  -2,216 적자전환 -2,674 적자전환   049430 코메론 17,844 -4.23  3,889 1.22 4,565 -14.01    183300 코미코 134,961 14.36 31,258 12.58 20,667 3.32   041960 코미팜 14,410 11.70 509 -47.26  -126 적자전환   222040 코스맥스엔비티 72,177 1.67 871 49.15 -2,287 적자지속   241710 코스메카코리아 118,366 -5.75  12,290 -10.49  9,220 -26.55    166480 코아스템켐온 6,118 -27.12  -3,863 적자지속 -1,786 적자지속   045970 코아시아 103,961 -0.02  1,827 흑자전환 148 흑자전환   196450 코아시아씨엠 77,710 -4.10  908 흑자전환 586 흑자전환   384470 코어라인소프트 874 22.62 -3,699 적자지속 -3,950 적자지속   102940 코오롱생명과학 44,831 16.27 74 흑자전환 10,481 흑자전환   033290 코웰패션 191,077 -3.49  8,347 -14.24  3,796 -33.60    056360 코위버 8,758 54.49 -1,859 적자지속 -1,958 적자지속   282880 코윈테크 26,385 -50.64  -2,535 적자지속 240 -91.57    121850 코이즈 4,129 -19.81  -1,512 적자지속 -1,560 적자지속   126730 코칩 8,555 -13.70  448 -49.71  517 -27.13    052330 코텍 84,334 17.34 10,673 208.99 8,956 45.77   322780 코퍼스코리아 3,986 -52.55  -1,046 적자지속 -1,143 적자지속   200130 콜마비앤에이치 136,729 -14.66  3,581 -62.45  1,441 -78.27    317690 퀀타매트릭스 1,018 29.06 -3,784 적자지속 -4,129 적자지속   060280 큐렉소 19,709 41.37 843 흑자전환 1,093 흑자전환   372320 큐로셀 0 N/A -6,243 적자지속 -6,779 적자지속   051780 큐로홀딩스 16,406 8.34 330 흑자전환 -2,394 적자지속   115180 큐리언트 1,920 -9.10  -6,723 적자지속 -6,229 적자지속   445680 큐리옥스바이오시스템즈 922 -41.93  -3,024 적자지속 -3,618 적자지속   182360 큐브엔터 41,320 -16.62  -942 적자전환 1,004 -76.85    405100 큐알티 15,381 11.92 567 2,465.98 304 20.67   066310 큐에스아이 5,633 13.46 -33 적자전환 193 -88.28    355390 크라우드웍스 1,900 -28.48  -2,773 적자지속 -3,421 적자지속   096240 크레버스 60,209 -1.57  2,815 -44.16  1,186 -44.94    040350 크레오에스지 2,017 6.59 -2,007 적자지속 -3,016 적자지속   110790 크리스에프앤씨 122,209 74.45 -1,376 적자전환 15,141 흑자전환   045520 크린앤사이언스 26,344 9.62 1,132 -15.02  1,033 -25.17    214150 클래시스 77,113 53.06 38,782 46.30 29,724 13.93   466100 클로봇 4,923 37.46 -3,383 적자지속 -2,964 적자지속   237880 클리오 82,336 -11.44  1,149 -86.49  2,658 -73.13    139670 키네마스터 3,150 -3.80  281 451.32 1,817 73.44   256940 킵스파마 40,646 28.19 89 -97.40  -1,406 적자전환   336680 탑런토탈솔루션 126,823 -0.02  1,599 -79.46  1,872 -72.31    065130 탑엔지니어링 203,551 -0.29  -15,319 적자지속 -11,816 적자지속   134580 탑코미디어 5,590 1.33 -2,292 적자지속 -1,824 적자지속   023160 태광 62,635 -14.63  7,404 -42.40  10,238 -38.57    323280 태성 7,549 -57.46  -1,563 적자전환 -1,296 적자전환   053620 태양 35,561 -6.74  431 -32.45  2,441 70.00   124560 태웅로직스 272,658 34.77 8,132 84.79 2,775 -21.30    191420 테고사이언스 1,312 3.02 -888 적자지속 -658 적자지속   066700 테라젠이텍스 67,187 14.28 4,502 34.07 -2,472 적자전환   095610 테스 84,496 100.37 16,270 582.61 15,861 129.88   064520 테크엘 4,887 -41.95  -1,026 적자전환 -601 적자전환   089030 테크윙 34,587 -14.26  1,783 -68.00  -1,587 적자지속   054450 텔레칩스 45,204 -0.39  -2,599 적자전환 -3,484 적자지속   200230 텔콘RF제약 9,984 24.23 -1,502 적자지속 -14,603 적자지속   475960 토모큐브 653 -45.99  -3,012 적자지속 -2,786 적자지속   215480 토박스코리아 9,267 -9.21  -223 적자전환 -462 적자전환   051360 토비스 153,758 10.46 12,064 19.23 9,140 -25.21    108230 톱텍 45,324 -80.67  -483 적자전환 -339 적자전환   199800 툴젠 129 6.62 -4,610 적자지속 -4,443 적자지속   290090 트윔 3,123 -15.46  -860 적자지속 -660 적자지속   026150 특수건설 45,860 -19.94  653 -29.54  16,720 2,145.72   117730 티로보틱스 12,692 -17.65  293 흑자전환 -4,727 적자지속   033830 티비씨 9,675 2.29 189 흑자전환 811 67.35   057680 티사이언티픽 7,046 -23.73  -888 적자지속 -3,548 적자전환   204610 티쓰리 16,030 27.31 3,439 35.24 3,796 56.92   340570 티앤엘 51,317 106.81 20,224 179.95 15,853 123.30   277880 티에스아이 64,478 -0.64  2,023 -16.75  1,704 -72.70    131290 티에스이 83,031 42.64 3,118 흑자전환 1,792 1,054.23   425420 티에프이 22,012 26.81 2,976 122.20 2,624 56.02   356860 티엘비 52,990 19.76 1,874 흑자전환 881 286.95   321550 티움바이오 2,106 5.76 -5,346 적자지속 -8,389 적자지속   425040 티이엠씨 63,027 -41.98  6,746 -22.22  4,433 -53.45    241790 티이엠씨씨엔에스 32,761 -57.89  2,857 -42.54  1,873 -66.04    130740 티피씨글로벌 17,421 -6.90  -1,228 적자지속 -919 적자지속   084730 팅크웨어 142,491 47.98 412 -91.67  -1,336 적자전환   440110 파두 19,219 724.19 -11,986 적자지속 -12,136 적자지속   033540 파라텍 47,672 -31.34  -1,829 적자전환 -2,424 적자전환   388870 파로스아이바이오 0 N/A -3,148 적자지속 -3,032 적자지속   043200 파루 6,927 -37.97  -1,143 적자전환 -1,467 적자지속   214450 파마리서치 116,910 56.47 44,734 67.74 36,027 96.81   177830 파버나인 35,333 22.20 1,085 -42.58  534 -71.84    150900 파수 8,433 3.60 -2,715 적자지속 -2,661 적자지속   037030 파워넷 105,993 97.85 4,419 70.00 3,414 -48.03    047310 파워로직스 178,350 -8.10  -4,103 적자전환 -2,083 적자전환   368770 파이버프로 7,116 21.21 1,242 25.87 1,361 11.77   170790 파이오링크 11,993 23.88 -1,487 적자지속 -650 적자지속   049120 파인디앤씨 28,904 80.02 626 6.21 -505 적자전환   038950 파인디지털 16,182 2.95 -2,011 적자지속 -1,219 적자지속   387570 파인메딕스 1,899 7.08 -851 적자지속 -846 적자지속   441270 파인엠텍 43,576 -37.34  -2,945 적자전환 -3,839 적자전환   106240 파인테크닉스 11,390 -26.02  -805 적자전환 -2,046 적자전환   131760 파인텍 11,077 -26.11  -607 적자전환 -1,095 적자전환   065690 파커스 13,480 -20.12  -9,721 적자지속 8,415 흑자전환   140860 파크시스템스 50,910 98.37 13,150 2,480.62 14,954 448.43   091700 파트론 328,097 -11.51  6,315 -60.90  6,664 -53.91    318010 팜스빌 3,338 -30.35  89 -83.24  1,105 33.57   027710 팜스토리 356,387 -1.42  3,684 -75.70  4,059 27.88   225590 패션플랫폼 23,175 -6.26  1,617 75.51 1,159 35.67   068050 팬엔터테인먼트 10,070 -22.91  -616 적자전환 -1,093 적자전환   271830 팸텍 3,127 -60.31  -3,227 적자지속 -3,306 적자지속   263750 펄어비스 83,685 -2.05  -5,242 적자전환 499 -96.10    251970 펌텍코리아 91,735 19.32 13,433 31.34 11,490 37.02   168360 펨트론 11,093 -13.63  -3,019 적자지속 -2,289 적자지속   064800 포니링크 10,651 -46.46  -3,730 적자지속 45,250 흑자전환   389140 포바이포 6,779 -31.90  -2,603 적자지속 -2,993 적자지속   105760 포스뱅크 21,158 47.33 531 흑자전환 931 흑자전환   318020 포인트모바일 12,629 -24.65  -1,276 적자전환 -2,671 적자전환   256630 포인트엔지니어링 8,399 44.69 88 흑자전환 196 흑자전환   208710 포톤 26,998 -35.08  -1,457 적자지속 -2,350 적자지속   234100 폴라리스세원 55,007 39.99 779 -36.43  1,001 -74.31    041020 폴라리스오피스 74,399 59.70 2,015 15.15 2,397 -49.65    114630 폴라리스우노 22,565 10.47 1,010 78.13 557 -65.11    290720 푸드나무 23,418 -35.02  -2,135 적자지속 -2,890 적자지속   005670 푸드웰 69,816 7.76 3,409 9.10 2,002 -46.11    094940 푸른기술 3,312 -56.50  -842 적자전환 -374 적자전환   023900 풍국주정 40,621 3.36 3,921 62.13 3,656 64.05   371950 풍원정밀 4,569 -64.31  -5,011 적자지속 -5,872 적자지속   220100 퓨쳐켐 5,078 47.74 -1,900 적자지속 -2,440 적자지속   035200 프럼파스트 6,577 2.72 70 -77.87  139 -64.72    321260 프로이천 9,135 28.43 1,555 흑자전환 1,853 41.09   053610 프로텍 30,403 20.16 2,918 흑자전환 2,416 흑자전환   377220 프롬바이오 18,500 -4.76  -2,308 적자지속 -2,943 적자지속   335810 프리시젼바이오 4,620 10.89 -1,504 적자지속 -2,016 적자지속   053160 프리엠스 5,090 -3.02  27 흑자전환 535 흑자전환   405000 플라즈맵 1,042 -74.44  -2,171 적자지속 -2,662 적자지속   041590 플래스크 2,312 -40.12  -2,192 적자지속 -1,680 적자지속   075130 플랜티넷 13,245 75.59 3,360 흑자전환 2,566 -43.13    300080 플리토 4,609 10.49 174 흑자전환 212 -4.28    241820 피씨엘 2,039 345.19 59 흑자전환 -146 적자지속   452450 피아이이 16,635 -36.88  -3,581 적자전환 -3,558 적자전환   319660 피에스케이 101,959 31.15 22,634 6.05 19,958 -3.33    031980 피에스케이홀딩스 31,151 -18.23  9,539 -38.14  15,629 -17.62    002230 피에스텍 25,745 49.90 1,752 236.78 897 -53.32    043370 피에이치에이 298,947 3.18 16,349 -0.26  15,138 -22.58    347740 피엔케이피부임상연구센타 6,460 54.34 1,911 192.20 2,327 82.08   137400 피엔티 151,819 -25.75  14,155 -62.83  10,314 -69.37    128660 피제이메탈 84,235 62.62 4,729 326.06 3,070 흑자전환   304840 피플바이오 780 4.71 -2,593 적자지속 -3,321 적자지속   378340 필에너지 958 -98.33  -6,025 적자전환 -5,381 적자전환   161580 필옵틱스 32,674 -53.42  -3,221 적자지속 -4,673 적자지속   347770 핌스 15,700 10.92 -1,268 적자지속 -1,401 적자지속   163730 핑거 20,614 26.71 201 흑자전환 528 220.50   299030 하나기술 14,344 -55.62  -1,535 적자지속 -1,905 적자지속   067310 하나마이크론 311,773 15.92 11,741 8.45 574 흑자전환   166090 하나머티리얼즈 58,634 1.54 8,717 33.05 6,135 12.47   136480 하림 322,479 5.47 6,948 -32.92  2,857 흑자전환   013030 하이록코리아 49,035 -1.48  12,703 -17.47  11,544 -24.29    126700 하이비젼시스템 22,823 -52.67  -2,348 적자전환 3,271 -73.21    221840 하이즈항공 18,866 -16.46  1,618 흑자전환 1,013 흑자전환   065650 하이퍼코퍼레이션 18,934 30.06 -2,338 적자지속 478 흑자전환   004590 한국가구 34,690 28.26 5,829 127.48 4,621 111.64   039340 한국경제TV 17,488 -15.48  -896 적자전환 -244 적자전환   034950 한국기업평가 22,056 6.94 4,781 35.13 4,294 23.40   222980 한국맥널티 24,551 10.30 456 135.94 -109 적자지속   256840 한국비엔씨 25,420 47.61 3,795 234.92 5,089 88.97   025550 한국선재 53,367 0.72 254 -86.28  -518 적자전환   017890 한국알콜 108,322 6.64 6,555 -3.77  9,577 35.92   041460 한국전자인증 9,486 -0.88  2,076 83.25 1,610 158.98   039740 한국정보공학 46,294 67.44 212 5.46 -363 적자지속   053300 한국정보인증 33,645 23.73 6,276 51.73 12,607 -5.45    025770 한국정보통신 192,399 -1.21  10,091 10.62 8,560 18.38   054040 한국컴퓨터 67,843 -10.72  1,015 흑자전환 1,342 74.09   021650 한국큐빅 60,058 0.38 3,073 7.31 2,440 6.60   030520 한글과컴퓨터 60,916 11.54 8,386 31.74 6,518 8.57   092460 한라IMS 26,556 14.95 5,129 31.08 5,677 32.96   452190 한빛레이저 800 -74.93  -1,229 적자지속 -1,248 적자전환   047080 한빛소프트 8,369 39.58 -188 적자지속 514 흑자전환   066980 한성크린텍 46,904 -34.27  1,872 -36.61  1,742 -20.12    114810 한솔아이원스 48,851 30.84 11,906 143.30 10,635 27.62   070590 한솔인티큐브 16,883 79.05 765 흑자전환 611 흑자전환   430690 한싹 4,199 23.13 -1,003 적자지속 -971 적자지속   078350 한양디지텍 149,448 -10.79  4,726 -57.63  3,685 -51.02    045100 한양이엔지 268,999 -12.69  11,806 -52.11  9,155 -59.94    091440 한울소재과학 2,977 43.73 -6,738 적자지속 -9,255 적자지속   276730 한울앤제주 3,401 -32.37  -532 적자지속 -969 적자지속   024740 한일단조 29,901 -26.71  820 -73.92  1,230 -24.31    005860 한일사료 108,360 -1.87  423 -71.75  642 -17.31    007770 한일화학 32,120 12.56 -2,372 적자지속 -1,792 적자전환   198940 한주라이트메탈 62,199 3.02 1,853 656.78 469 흑자전환   058450 한주에이알티 1,382 -48.16  -2,698 적자지속 -3,203 적자지속   107640 한중엔시에스 33,104 8.09 -627 적자지속 -956 적자지속   054920 한컴위드 159,736 106.21 2,001 487.87 3,916 219.09   002680 한탑 20,274 0.95 676 -27.84  582 흑자전환   098070 한텍 33,741 -15.93  2,134 479.19 1,825 -14.41    076610 해성옵틱스 30,878 -3.42  -3,237 적자전환 -6,415 적자전환   220180 핸디소프트 5,205 18.05 -732 적자지속 -460 적자지속   214180 헥토이노베이션 89,560 21.32 11,729 19.19 9,504 20.87   234340 헥토파이낸셜 45,990 24.04 3,657 -9.44  3,231 2.61   084990 헬릭스미스 930 13.80 -2,858 적자지속 -1,535 적자지속   170030 현대공업 84,155 2.70 794 -84.01  1,410 -67.40    319400 현대무벡스 77,712 27.80 5,178 24.19 993 -82.74    048410 현대바이오 709 -85.96  -4,283 적자전환 -6,139 적자전환   052260 현대바이오랜드 33,699 16.99 4,971 0.81 -7,017 적자전환   041440 현대에버다임 62,105 -11.42  -1,089 적자지속 -999 적자지속   090850 현대이지웰 42,943 14.60 8,515 12.49 7,439 11.40   460930 현대힘스 58,358 5.91 7,240 22.29 5,498 28.35   092300 현우산업 50,599 -10.30  967 -73.88  84 -97.63    011080 형지I&C 11,932 -16.53  -1,714 적자지속 -2,107 적자지속   308100 형지글로벌 8,576 -35.58  1,112 283.51 668 142.95   060560 홈센타홀딩스 69,168 -23.00  -4,976 적자전환 939 -70.23    064240 홈캐스트 8,600 -57.56  -3,143 적자지속 -2,455 적자지속   039610 화성밸브 18,868 -14.81  995 -55.24  746 -57.23    127980 화인써키트 25,907 19.77 417 -56.78  -2,912 적자전환   290270 휴네시온 4,670 -14.23  -1,406 적자지속 -1,576 적자지속   353190 휴럼 25,204 -5.27  302 -57.09  -4 적자전환   090710 휴림로봇 50,628 144.68 775 흑자전환 -486 적자지속   205470 휴마시스 6,165 229.81 -2,731 적자지속 -2,969 적자전환   115160 휴맥스 97,945 -46.22  -6,803 적자전환 -18,625 적자지속   028080 휴맥스홀딩스 99,399 -45.88  -7,083 적자전환 -19,134 적자지속   175140 휴먼테크놀로지 12,689 89.92 -1,993 적자지속 -1,689 적자지속   065510 휴비츠 29,887 11.07 3,263 -4.75  2,737 -26.17    263920 휴엠앤씨 12,545 4.44 512 -49.58  302 -76.38    084110 휴온스글로벌 199,105 -1.38  25,551 -1.54  26,091 13.15   145020 휴젤 89,820 20.88 38,954 62.61 30,887 35.91   010240 흥국 33,298 -5.69  3,614 11.23 3,160 -8.38    189980 흥국에프엔비 24,273 7.85 2,191 18.69 1,410 68.41   037440 희림 57,308 1.87 2,412 35.06 956 -69.81                     코스닥시장 12월 결산 상장사 2025년 1분기 실적현황(개별) * 금융업은 매출 관련 지표와 부채비율을, 자본전액잠식 기업의 경우 부채비율을 표시 안함                                                    <개별기준 329개사>                            (단위 : 백만원, %)     종목코드 회사명 매출액 영업이익 순이익     금액  증감률 금액 증감률 금액 증감률     211270 AP위성 10,215 -27.88  -779 적자전환 -138 적자전환   056730 CNT85 6,135 -66.06  -1,016 적자지속 -729 적자지속   195940 HK이노엔 247,359 16.34 25,370 46.99 17,427 66.19   047920 HLB제약 34,646 3.57 1,986 63.41 1,568 흑자전환   196300 HLB펩 1,089 -56.52  -1,487 적자지속 -1,571 적자지속   403870 HPSP 36,895 -2.27  18,707 -6.35  15,201 -28.76    021320 KCC건설 449,516 3.47 28,887 64.66 13,575 1,221.72   418470 KT밀리의서재 20,003 18.92 3,719 29.63 3,258 21.89   036560 KZ정밀 21,715 -31.80  1,909 -73.59  2,648 -69.68    053290 NE능률 16,317 -7.43  358 흑자전환 430 3,330.92   104200 NHN벅스 11,073 -14.13  -626 적자지속 -524 적자지속   474610 RF시스템즈 6,654 -11.66  291 8.92 411 -6.31    049470 SGA 3,994 -19.42  -1,055 적자지속 -1,256 적자지속   040300 YTN 25,813 2.49 -9,773 적자지속 -6,877 적자지속   036620 감성코퍼레이션 46,677 25.54 6,847 48.17 5,708 11.67   198440 강동씨앤엘 11,555 187.20 -816 적자지속 -1,916 적자지속   217730 강스템바이오텍 954 -25.67  -4,745 적자지속 -4,903 적자지속   039240 경남스틸 92,669 -4.22  1,479 9.61 1,005 -29.22    014570 고려제약 13,086 -32.24  805 -78.69  802 -76.07    035290 골드앤에스 2,205 -23.52  -590 적자지속 -465 적자지속   006050 국영지앤엠 13,601 -24.29  176 흑자전환 318 흑자전환   060480 국일신동 9,425 -1.17  -4 적자지속 110 흑자전환   114450 그린생명과학 4,872 -25.52  -1,135 적자전환 -1,146 적자전환   019660 글로본 2,243 -62.70  -498 적자지속 -432 적자지속   420770 기가비스 4,608 -26.16  -1,928 적자지속 -293 적자전환   247660 나노씨엠에스 1,490 -33.21  -408 적자전환 -533 적자전환   138610 나이벡 5,616 -12.62  -1,222 적자전환 -1,507 적자전환   111710 남화산업 2,176 -28.80  -315 적자전환 -254 적자전환   212560 네오오토 57,263 7.66 3,399 9.47 3,684 -5.79    153460 네이블 2,998 53.30 -474 적자지속 -277 적자지속   330860 네패스아크 28,986 -12.43  -824 적자전환 -1,194 적자지속   389650 넥스트바이오메디컬 3,774 59.16 -668 적자지속 -421 적자지속   396270 넥스트칩 8,660 43.43 -4,672 적자지속 -5,952 적자지속   340360 다보링크 12,565 -21.92  -1,517 적자전환 -1,740 적자지속   154040 다산솔루에타 7,915 4.67 1,470 1,666.20 2,452 흑자전환   323350 다원넥스뷰 2,743 -22.41  102 -76.72  105 -75.63    464580 닷밀 5,423 68.44 -1,283 적자지속 -1,252 적자지속   020400 대동금속 24,059 -6.77  -1,064 적자지속 -1,081 적자지속   008830 대동기어 60,667 -15.97  520 -80.09  -2,520 적자전환   048470 대동스틸 28,854 -10.52  68 -67.46  311 -57.22    004780 대륙제관 66,395 -0.24  1,323 -60.76  1,302 -43.08    036480 대성미생물 5,202 -7.01  -334 적자지속 -264 적자지속   104040 대성파인텍 8,040 -0.57  -433 적자전환 -483 적자전환   120240 대정화금 23,643 4.71 1,937 -10.90  2,662 -12.75    054670 대한뉴팜 51,855 7.45 4,243 -5.47  2,578 -50.59    023910 대한약품 49,889 1.78 9,232 -8.67  7,646 -7.50    032860 더라미 13,399 -40.60  -776 적자전환 418 -71.41    263800 데이타솔루션 15,775 -8.68  -3,094 적자지속 -2,900 적자지속   303810 동국생명과학 35,050 4.42 3,103 8.13 2,250 224.98   099410 동방선기 8,469 49.71 422 흑자전환 309 3,457.65   025950 동신건설 5,968 -54.63  -1,285 적자전환 -968 적자전환   228340 동양파일 11,941 -24.63  -2,632 적자전환 -1,494 적자지속   094170 동운아나텍 30,097 -11.66  -701 적자전환 -3,629 적자전환   023790 동일스틸럭스 7,797 76.44 -921 적자지속 -1,746 적자지속   131970 두산테스나 59,296 -35.39  -19,133 적자전환 -16,388 적자전환   073190 듀오백 5,419 -19.13  -765 적자지속 -657 적자지속   092070 디엔에프 17,280 -11.22  -534 적자전환 -443 적자전환   219550 디와이디 8,900 -5.32  -547 적자전환 -6,123 적자지속   043360 디지아이 4,835 -26.56  -313 적자지속 -234 적자지속   197140 디지캡 15,260 275.38 -1,100 적자지속 -748 적자전환   383930 디티앤씨알오 10,107 53.62 -3,486 적자지속 -4,273 적자지속   131180 딜리 7,502 -6.28  157 -71.79  338 -62.79    315640 딥노이드 961 168.50 -3,569 적자지속 -3,500 적자지속   462510 라메디텍 1,925 96.65 -2,869 적자지속 -2,756 적자지속   418420 라온텍 739 -73.11  -2,606 적자지속 -2,631 적자지속   388790 라이콤 3,703 31.09 -432 적자지속 -168 적자지속   294140 레몬 947 -67.78  -1,537 적자지속 -1,480 적자전환   067730 로지시스 12,419 21.08 1,088 82.71 964 81.97   474170 루미르 1,413 -44.86  -811 적자지속 -562 적자지속   058470 리노공업 78,410 42.95 34,938 49.93 29,344 42.43   073570 리튬포어스 2,339 -26.52  -1,160 적자지속 -789 적자지속   377450 리파인 15,572 -13.25  4,512 -29.36  4,235 -36.84    195500 마니커에프앤지 25,443 5.80 -130 적자전환 -30 적자전환   305090 마이크로디지탈 3,156 17.51 3 -92.83  -1,203 적자전환   424980 마이크로투나노 5,471 776.07 542 흑자전환 533 흑자전환   446540 메가터치 9,354 -13.89  -4,727 적자전환 -3,608 적자전환   250060 모비스 1,245 74.38 -601 적자지속 -164 적자지속   333050 모코엠시스 7,192 0.12 766 169.73 777 95.30   279600 미디어젠 8,088 247.57 -719 적자지속 -749 적자지속   254490 미래반도체 159,315 34.79 5,392 67.04 4,313 91.62   452200 민테크 990 2.22 -4,176 적자지속 -4,400 적자지속   314930 바이오다인 917 -17.13  -808 적자지속 -435 적자지속   086820 바이오솔루션 3,139 21.80 -1,377 적자지속 -2,420 적자지속   251120 바이오에프디엔씨 4,323 13.78 1,440 49.13 1,630 50.87   199730 바이오인프라 5,441 8.34 -2,207 적자지속 -1,740 적자지속   323990 박셀바이오 1,719 6,355.03 -4,305 적자지속 -2,616 적자지속   424760 벨로크 3,579 12.62 -955 적자지속 -915 적자지속   006910 보성파워텍 17,455 2.70 1,547 72.16 1,121 -3.81    064480 브리지텍 13,472 2.77 -879 적자전환 -805 적자전환   419540 비스토스 3,712 -36.19  -578 적자전환 -546 적자전환   413640 비아이매트릭스 7,002 37.44 -688 적자지속 -449 적자지속   335890 비올 16,680 48.35 10,406 59.47 9,010 39.32   050090 비케이홀딩스 772 -5.67  -1,144 적자지속 -1,141 적자지속   466410 사이냅소프트 2,832 -19.94  900 -47.15  1,190 -31.84    452430 사피엔반도체 1,648 1,911.95 -1,603 적자지속 -1,699 적자지속   482630 삼양엔씨켐 30,613 15.33 4,479 116.12 3,775 122.04   036670 삼양케이씨아이 28,299 0.80 4,087 23.02 3,412 7.71   032280 삼일 24,443 -8.90  562 -10.19  638 42.43   002290 삼일기업공사 21,672 26.47 2,254 207.65 1,859 122.79   017480 삼현철강 52,287 -9.83  138 -78.62  721 -33.55    107600 새빗켐 9,894 59.26 -2,058 적자지속 -2,279 적자지속   252990 샘씨엔에스 15,755 44.51 1,430 137.99 1,183 63.90   294630 서남 728 75.40 -817 적자지속 -833 적자지속   100660 서암기계공업 9,777 -6.48  -766 적자지속 -420 적자지속   019770 서연탑메탈 58,589 25.58 3,196 30.01 2,635 -20.10    018680 서울제약 12,888 -4.04  -115 적자전환 -164 적자전환   189860 서전기전 4,403 -16.14  -4,627 적자지속 -4,693 적자지속   067370 선바이오 3,024 60.45 1,189 흑자전환 616 흑자전환   188260 세니젠 7,676 62.24 -891 적자지속 -904 적자지속   340440 세림B&G 12,199 -19.41  161 -85.70  204 -79.84    017510 세명전기 5,023 61.51 2,950 309.77 2,363 158.17   396300 세아메카닉스 19,602 -16.79  -607 적자전환 -434 적자전환   024830 세원물산 45,458 8.09 -1,622 적자지속 2,151 11.29   039310 세중 14,488 -3.63  -296 적자전환 633 -62.77    252500 세화피앤씨 8,690 -9.13  -357 적자지속 -171 적자전환   299660 셀리드 1,573 399.40 -2,705 적자지속 -2,681 적자지속   308430 셀비온 480 138.31 -1,652 적자지속 -1,427 적자지속   068760 셀트리온제약 112,524 16.04 10,737 191.01 7,322 287.23   290690 소룩스 5,134 -51.09  -1,820 적자지속 -4,872 적자지속   215090 솔디펜스 5,790 21.42 247 -48.47  435 -80.86    050960 수산아이앤티 7,076 10.22 1,732 22.02 1,700 546.35   415380 스튜디오삼익 27,805 0.45 1,176 3.64 1,029 11.89   049830 승일 35,637 -2.69  1,019 93.92 1,657 217.10   429270 시지트로닉스 2,609 -13.93  -1,527 적자지속 -1,584 적자지속   131090 시큐브 2,670 44.05 272 흑자전환 503 230.39   001000 신라섬유 947 0.64 317 2.41 151 35.20   290560 신시웨이 1,984 10.06 -322 적자지속 -222 적자지속   017000 신원종합개발 42,221 -35.43  2,425 -13.01  2,228 -54.53    012790 신일제약 19,249 -15.46  1,968 -46.89  2,016 -44.96    444530 심플랫폼 102 -81.16  -1,094 적자지속 -1,116 적자지속   222420 쎄노텍 7,474 13.07 157 흑자전환 -629 적자지속   088280 쏘닉스 4,592 -4.83  -1,608 적자지속 -1,635 적자지속   394800 쓰리빌리언 2,004 115.62 -1,966 적자지속 -1,706 적자지속   177900 쓰리에이로직스 4,033 -3.22  104 -27.85  -163 적자지속   458870 씨어스테크놀로지 4,068 445.08 -588 적자지속 -593 적자지속   101240 씨큐브 14,700 4.75 2,806 54.70 2,033 9.46   123860 아나패스 22,229 -39.79  3,570 107.40 3,694 11.21   149950 아바텍 17,971 -22.65  -1,162 적자전환 -514 적자전환   246720 아스타 412 13.17 -1,638 적자지속 -1,532 적자지속   469750 아이비젼웍스 5,328 -47.79  -635 적자전환 -520 적자전환   460470 아이빔테크놀로지 150 51.07 -1,520 적자지속 -1,408 적자지속   461300 아이스크림미디어 13,348 6.40 -9,524 적자지속 -7,415 적자지속   214430 아이쓰리시스템 38,107 20.20 5,789 42.19 5,013 25.05   461030 아이엠비디엑스 1,003 11.17 -2,007 적자지속 -1,771 적자지속   059100 아이컴포넌트 8,744 6.31 914 935.39 966 161.16   032080 아즈텍WB 6,204 -27.46  -189 적자전환 415 92.62   059120 아진엑스텍 5,201 -29.08  -1,101 적자전환 -1,093 적자전환   065660 안트로젠 1,603 4.56 -1,096 적자지속 -699 적자지속   297570 알로이스 8,207 24.73 1,718 43.05 1,260 22.76   260660 알리코제약 50,380 13.58 1,008 흑자전환 399 흑자전환   314140 알피바이오 33,992 4.63 1,805 흑자전환 1,696 흑자전환   291650 압타머사이언스 594 1,056.56 -2,230 적자지속 -2,182 적자지속   129890 앱코 22,998 4.33 2,007 -22.97  2,129 -14.20    174900 앱클론 413 -5.63  -5,760 적자지속 -5,978 적자지속   121890 에스디시스템 6,658 31.86 94 흑자전환 213 흑자전환   389500 에스비비테크 1,177 2.86 -1,896 적자지속 -1,866 적자지속   298060 에스씨엠생명과학 574 152.09 -1,510 적자지속 -1,540 적자지속   065420 에스아이리소스 1,118 -50.67  -932 적자지속 -419 적자지속   103230 에스앤더블류 12,539 17.31 -76 적자전환 1,846 60.07   260970 에스앤디 35,714 49.92 5,379 53.08 4,391 54.88   246250 에스엘에스바이오 1,755 -14.33  -220 적자전환 -199 적자전환   460870 에스엠씨지 13,166 21.45 1,001 20.10 -1,619 적자전환   464080 에스오에스랩 821 -63.29  -4,376 적자지속 -4,272 적자지속   365330 에스와이스틸텍 26,520 7.62 278 -86.74  396 -78.49    475660 에스켐 5,133 -24.58  438 흑자전환 465 흑자전환   043340 에쎈테크 13,899 7.87 536 흑자전환 360 흑자전환   163280 에어레인 6,007 57.76 1,155 603.64 1,023 105.59   453860 에이에스텍 6,204 -60.45  1,008 -70.59  1,180 -60.69    312610 에이에프더블류 2,808 -40.18  -2,032 적자지속 -1,990 적자지속   295310 에이치브이엠 12,973 58.80 1,126 71.20 586 36.65   036170 에이치엠넥스 3,818 6.17 31 흑자전환 1,808 -30.94    200470 에이팩트 23,377 7.41 -3,393 적자지속 -3,833 적자지속   397030 에이프릴바이오 2,172 N/A -110 적자지속 594 흑자전환   356680 엑스게이트 7,351 -4.65  -929 적자전환 -927 적자전환   070300 엑스큐어 2,903 -15.38  -70 적자전환 2,282 555.54   265740 엔에프씨 11,310 0.23 1,408 흑자전환 1,089 흑자전환   455900 엔젤로보틱스 1,072 3.89 -2,489 적자지속 -2,431 적자지속   208860 엔지스테크널러지 2,217 26.67 -401 적자전환 690 280.31   096870 엘디티 1,900 -16.55  -376 적자지속 -356 적자지속   226590 엠디바이스 20,084 36.08 2,125 126.69 1,600 207.48   373170 엠아이큐브솔루션 6,050 -18.79  -618 적자전환 -494 적자전환   179290 엠아이텍 17,249 30.00 6,665 22.62 5,807 3.21   432980 엠에프씨 5,867 11.20 107 -84.46  32 -88.44    347890 엠투아이 9,062 -3.23  1,140 -10.26  1,539 13.87   417860 오브젠 5,007 74.21 69 흑자전환 4 흑자전환   476060 온코닉테라퓨틱스 9,169 594.91 1,578 흑자전환 1,878 흑자전환   131030 옵투스제약 18,729 0.27 920 -58.83  1,175 -51.11    109080 옵티시스 6,737 43.32 1,583 흑자전환 1,995 445.70   153710 옵티팜 4,918 14.37 -1,134 적자지속 -1,138 적자지속   338840 와이바이오로직스 407 -64.36  -2,258 적자지속 -1,881 적자지속   112290 와이씨켐 18,937 19.13 -1,283 적자지속 -1,806 적자지속   273640 와이엠텍 8,181 11.94 1,452 165.32 1,369 65.69   066430 와이오엠 8,491 -1.72  -228 적자지속 -234 적자지속   079000 와토스코리아 3,735 -15.21  -789 적자지속 208 -56.45    103840 우양 39,996 -7.01  1,032 185.59 69 흑자전환   101970 우양에이치씨 30,037 -41.54  3,359 -72.82  -1,973 적자전환   215380 우정바이오 8,312 -18.16  -1,405 적자지속 -2,080 적자지속   457550 우진엔텍 8,742 -15.38  192 -84.89  432 -63.10    008290 원풍물산 5,262 -27.36  -926 적자전환 -1,110 적자지속   289930 웨이비스 6,493 -9.62  -2,387 적자지속 -2,275 적자지속   479960 위너스 6,422 1.30 593 -2.68  617 20.01   330350 위더스제약 25,769 -0.83  2,079 -28.33  1,647 -18.45    097800 윈팩 14,637 -35.35  -4,779 적자지속 -2,737 적자지속   335870 윙스풋 7,072 -0.86  -825 적자지속 -7,071 적자지속   389680 유디엠텍 631 -61.99  -1,109 적자지속 -1,058 적자지속   206650 유바이오로직스 39,511 160.12 16,910 611.71 15,696 흑자전환   054930 유신 88,631 6.64 1,615 68.21 2,480 45.82   263770 유에스티 14,199 -29.20  830 -42.52  855 -29.45    388720 유일로보틱스 10,073 27.51 435 흑자전환 -193 적자지속   056080 유진로봇 1,430 -80.60  -2,519 적자지속 -2,333 적자지속   221800 유투바이오 5,624 0.74 -710 적자지속 -249 적자지속   044960 이글벳 10,728 1.33 1,267 -14.60  1,060 -26.96    274400 이노시뮬레이션 2,210 13.58 -1,200 적자지속 -1,333 적자지속   344860 이노진 1,767 -13.35  -27 적자전환 45 -80.71    053350 이니텍 7,725 -14.59  -228 적자전환 614 16.73   009730 이렘 26,662 -5.11  -2,886 적자전환 -3,929 적자지속   115610 이미지스 3,276 -25.79  -630 적자지속 -93 적자전환   086890 이수앱지스 7,183 -56.50  -463 적자전환 -8,762 적자지속   456070 이엔셀 1,094 -38.91  -4,767 적자지속 -4,648 적자지속   083470 이엠앤아이 6,018 -22.23  -487 적자전환 -647 적자전환   095190 이엠코리아 33,164 19.07 177 -68.69  -1,960 적자지속   088290 이원컴포텍 14,324 32.05 1,118 흑자전환 -4,912 적자지속   134060 이퓨쳐 2,854 -1.22  311 -37.75  409 -58.51    352940 인바이오 13,830 -11.41  3,155 -5.72  2,416 -11.50    465480 인스피언 3,687 37.36 32 흑자전환 827 흑자전환   083640 인콘 13,579 46.84 739 흑자전환 423 -42.37    068330 일신바이오 1,886 22.12 443 274.83 662 15.92   389020 자람테크놀로지 3,098 -48.01  -1,309 적자전환 -1,640 적자전환   234920 자이글 2,331 22.97 -1,345 적자지속 -1,861 적자지속   110020 전진바이오팜 2,158 -51.06  -476 적자전환 -383 적자지속   095700 제넥신 320 -84.59  -8,477 적자지속 -18,924 적자지속   361390 제노코 10,537 -19.41  -872 적자지속 -1,018 적자지속   381620 제닉스 5,500 -69.05  -1,542 적자전환 -370 적자전환   147830 제룡산업 7,611 24.61 2,519 358.77 2,681 103.85   033100 제룡전기 50,203 -22.72  16,068 -37.60  14,731 -32.26    026040 제이에스티나 17,522 -7.16  647 흑자전환 672 흑자전환   418550 제이오 10,996 -59.78  170 -85.93  392 -75.17    229000 젠큐릭스 1,706 109.09 -1,571 적자지속 -1,998 적자지속   072020 중앙백신 13,242 16.77 2,287 57.87 2,114 26.66   303030 지니틱스 9,615 -39.73  -256 적자지속 -143 적자지속   358570 지아이이노베이션 212 774.19 -11,835 적자지속 -12,818 적자지속   053050 지에스이 73,968 20.82 5,618 26.75 4,706 38.33   109820 진매트릭스 2,496 38.23 -288 적자지속 -786 적자지속   007370 진양제약 30,940 13.34 3,845 74.29 2,267 21.43   261780 차백신연구소 0 N/A -2,401 적자지속 -2,574 적자지속   094850 참좋은여행 24,176 4.66 337 -71.61  847 -51.73    140430 카티스 7,041 267.22 -895 적자지속 -932 적자지속   210120 캔버스엔 521 70.26 -463 적자지속 -991 적자전환   115500 케이씨에스 4,005 -5.63  229 36.04 199 46.02   089150 케이씨티 2,200 1.83 157 -48.47  26 -86.30    225430 케이엠제약 4,078 -8.66  -542 적자지속 -824 적자지속   036030 케이티알파 96,547 -0.74  12,242 32.57 10,817 31.36   054410 케이피티유 9,592 26.54 278 104.92 2,125 4.94   220260 켐트로스 12,212 -16.85  248 -88.21  446 -80.16    402030 코난테크놀로지 4,066 58.03 -3,989 적자지속 -3,942 적자지속   391710 코닉오토메이션 3,911 86.65 -1,625 적자지속 -1,518 적자지속   355150 코스텍시스 3,312 -15.74  -386 적자전환 -353 적자전환   029960 코엔텍 19,844 -7.72  9,083 -2.08  7,720 1.33   448710 코츠테크놀로지 13,594 48.79 1,946 83.50 1,711 81.81   015710 코콤 26,362 31.85 2,013 458.94 2,121 1,869.75   294570 쿠콘 17,305 1.73 4,388 28.10 4,745 111.17   432720 퀄리타스반도체 1,880 152.98 -5,043 적자지속 -4,733 적자지속   365270 큐라클 0 N/A -3,649 적자지속 -4,123 적자지속   348080 큐라티스 1,211 1,668.21 -2,705 적자지속 -2,561 적자지속   054780 키이스트 4,498 -82.28  -1,072 적자전환 -520 적자지속   219130 타이거일렉 17,016 29.09 1,002 2,413.12 797 29.17   360070 탑머티리얼 4,376 -82.26  -3,746 적자지속 -989 적자전환   044490 태웅 85,649 -4.95  943 -85.36  1,501 -77.55    045340 토탈소프트 5,324 20.50 1,423 341.59 1,335 38.93   417790 트루엔 9,891 7.09 2,455 8.14 2,446 6.72   464280 티디에스팜 5,277 -28.32  189 -79.87  366 -54.71    064760 티씨케이 78,362 32.86 23,474 35.14 19,519 25.18   484810 티엑스알로보틱스 7,175 -15.05  -1,408 적자전환 -1,194 적자지속   131100 티엔엔터테인먼트 34,404 4.45 2,042 21.94 1,437 64.61   104480 티케이케미칼 87,025 -3.18  -1,576 적자지속 61,467 563.33   081150 티플랙스 50,602 -4.57  825 293.17 508 흑자전환   037070 파세코 34,297 19.13 -2,288 적자지속 -2,067 적자지속   222110 팬젠 3,441 -0.96  701 771.19 736 1,003.55   087010 펩트론 1,620 239.48 -4,353 적자지속 -3,322 적자지속   119500 포메탈 16,075 -2.28  482 25.92 584 57.27   009520 포스코엠텍 86,308 5.06 -796 적자전환 -765 적자전환   331380 포커스에이아이 9,675 -13.99  -2,378 적자지속 -3,061 적자지속   039980 폴라리스AI 11,099 -10.56  -428 적자지속 105 흑자전환   041910 폴라리스AI파마 12,768 -10.00  736 흑자전환 985 흑자전환   370090 퓨런티어 1,968 -79.97  -2,076 적자전환 -1,382 적자전환   445180 퓨릿 33,831 20.12 3,336 18.82 3,236 27.55   303360 프로티아 2,696 24.47 412 흑자전환 714 650.20   367000 플래티어 7,814 0.73 -1,955 적자지속 -1,776 적자지속   237820 플레이디 7,656 -17.78  46 -92.83  368 -52.09    023770 플레이위드 7,527 -40.84  -2,355 적자전환 -921 적자전환   033790 피노 55,431 1,181.90 53 -80.16  -2,173 적자전환   032580 피델릭스 10,880 12.56 -624 적자지속 -767 적자지속   051380 피씨디렉트 93,673 12.42 1,499 80.34 893 389.72   237750 피앤씨테크 6,406 -7.96  -518 적자전환 -195 적자전환   460940 피앤에스미캐닉스 2,089 116.26 281 흑자전환 468 1,837.38   239890 피엔에이치테크 7,004 -33.41  465 -74.37  561 -63.48    257370 피엔티엠에스 4,175 -9.87  123 196.42 139 14.54   147760 피엠티 6,217 -12.28  -3,675 적자지속 -3,976 적자지속   006140 피제이전자 44,867 6.27 4,273 39.64 3,446 33.43   376180 피코그램 8,459 12.60 206 -56.33  -4,039 적자전환   087600 픽셀플러스 10,646 -24.72  -886 적자전환 -836 적자전환   291810 핀텔 1,161 -69.57  -1,111 적자지속 -819 적자지속   417180 핑거스토리 4,334 -5.37  274 -16.23  534 흑자전환   101670 하이드로리튬 1,833 -18.27  -4,463 적자지속 -4,689 적자지속   365590 하이딥 1,019 -50.44  -2,209 적자지속 -2,222 적자지속   106190 하이텍팜 15,259 -20.50  2,561 -32.20  2,184 -33.16    066130 하츠 40,861 -0.10  1,889 -24.62  1,561 -19.09    219750 한국비티비 10,023 61.82 345 22.42 279 -14.99    101680 한국정밀기계 6,890 -26.59  -2,566 적자지속 -2,546 적자지속   062970 한국첨단소재 1,009 -29.52  -988 적자지속 -8,888 적자지속   032300 한국파마 20,786 2.49 831 -50.61  515 -60.91    037230 한국팩키지 56,058 -1.59  2,306 28.74 1,080 133.22   052600 한네트 6,331 -0.96  1,048 -3.84  800 -7.64    256150 한독크린텍 16,392 -8.56  849 -5.46  797 -22.28    452280 한선엔지니어링 13,111 10.42 1,682 22.35 1,790 15.86   320000 한울반도체 2,203 -9.23  -1,664 적자지속 -2,377 적자지속   079170 한창산업 21,755 25.73 833 -8.67  738 80.55   457370 한켐 7,940 -11.13  1,304 -14.36  1,260 -2.24    059270 해성에어로보틱스 3,065 -10.34  -377 적자지속 -228 적자지속   187660 현대ADM 2,213 -24.55  -2,718 적자지속 -3,657 적자지속   016790 현대사료 27,829 -20.97  3,079 1,525.22 2,844 흑자전환   039010 현대에이치티 40,363 -1.11  2,386 -5.74  1,907 -32.19    138360 협진 1,089 22.04 -1,092 적자지속 3,038 흑자전환   126640 화신정공 88,329 11.29 1,849 72.22 2,071 62.38   061250 화일약품 29,984 -5.96  -1,200 적자전환 -657 적자전환   078590 휴림에이텍 16,601 -6.87  683 -48.77  1,304 -0.88    200670 휴메딕스 40,139 -2.51  11,423 7.28 13,436 45.04   024060 흥구석유 29,369 -3.96  -188 적자지속 169 33.57   238490 힘스 1,234 -94.76  -4,014 적자전환 -2,954 적자전환  ①연결실적은 연결재무제표를 제출한 코스닥시장 12월 결산 상장법인 1212개사 기준. 보고서 미제출, 상장폐지, 분할/합병 등은 제외. 개별실적은 종속회사가 없어 연결 재무제표 작성 필요가 없는 329개사 기준. 가나다 순.②증감률은 2024년 1분기 대비. 결산기 변경, 분할합병 법인은 손익증감률 등 표시 안함.③흑자전환=흑전, 적자전환=적전, 적자지속=적지*자료 : 한국거래소, 코스닥협회▶유가증권시장(연결+개별) 2025년 1분기 실적 파일 다운로드▶코스닥시장 (연결+개별) 2025년 1분기 실적 파일 다운로드",https://www.hankyung.com/article/2025051920027,2025.05.19 14:34
지정학적 불안 재고조…코스피 하락 출발 '2940선',,"전날인 17일 서울 중구 하나은행 본점 딜링룸 전광판의 모습. /사진=뉴스1

                코스피지수가 하락 출발했다.18일 오전 9시7분 현재 코스피지수는 전날 대비 8.67포인트(0.29%) 내린 2941.63에 거래되고 있다. 지수는 16.67포인트(0.57%) 내린 2933.63에 개장했다.외국인과 기관이 각각 503억원, 575억원 매도 우위다. 개인만 1068억원 매수 우위다.한지영 키움증권 연구원은 ""오늘도 FOMC 대기심리가 퍼진 가운데 미국의 군사 대응 소식에 영향을 받아, 지수 전반적으로 정체된 흐름을 보일 것""이라며 ""지수가 강한 흐름을 보이기보다는 개별 업종과 종목 장세로 전환할 가능성이 크다""고 했다.유가증권시장에서 삼성전자는 소폭 강세로 5만8000원선에서 거래 중이다. SK하이닉스는 0.4% 하락 중이다. 삼성바이오로직스와 현대차, 기아, HD현대중공업 등은 1%대 약세다.전날 조정을 받았던 방산주가 지정학적 불안이 다시 고조된 가운데 강세다. 현대로템은 1.26% 오른 20만500워네 거래되고 있는데, 장중 20만3000원까지 올라 52주 신고가를 썼다. LIG넥스원도 1.6% 오름세다.코스닥지수는 0.98포인트(0.13%) 하락한 774.67를 기록하고 있다. 지수는 3.05포인트(0.39%) 하락한 7726에 개장했다.외국인이 268억원 매도 우위다. 개인과 기관이 각각 167억원, 105억원 매수 우위다.코스닥시장에서 대장주인 알테오젠은 1% 미만 약세다. 에코프로와 에코프로비엠은 2% 안팎으로 강세다.이날 오전 미국 상원에서 '지니어스 스테이블코인 법안'이 통과했단 소식이 전해진 가운데 관련주들도 강세다. 유라클(8.6%)과 아이티센글로벌(5.49%), 핑거(4.04%), 갤럭시아머니트리(3.27%) 등이 오르고 있다.서울 외환시장에서 원·환율은 전날 대비 17.2원 오른 1379.9원에 개장했다.신민경 한경닷컴 기자 radio@hankyung.com",https://www.hankyung.com/article/2025061822766,2025.06.18 09:15
"25일, 거래소 기관 순매도상위에 전기,전자 업종 3종목",,"기관 투자자는 25일 거래소에서 KODEX 200선물인버스2X, TIGER 미국테크TOP10 INDXX, TIGER 머니마켓액티브 등을 중점적으로 매도한 것으로 나타났다.기관 투자자의 순매도 상위 20개 종목은 KODEX 200선물인버스2X, TIGER 미국테크TOP10 INDXX, TIGER 머니마켓액티브, HD현대중공업, 기아, HD현대마린솔루션, 크래프톤, 포스코퓨처엠, 삼성바이오로직스, 포스코인터내셔널등이다.이중에 전기,전자 업종에 속한 종목이 3개 포함되어 있다.TIGER 미국테크TOP10 INDXX, TIGER 머니마켓액티브, HD현대중공업 등은 전일 대비 주가가 상승했고, KODEX 200선물인버스2X, 기아, 크래프톤 등은 주가가 하락했다.[04월25일]거래소 기관 순매도 상위 종목한경로보뉴스이 기사는 한국경제신문과 금융 AI 전문기업 씽크풀이 공동 개발한 기사 자동생성 알고리즘에 의해 실시간으로 작성된 것입니다.",https://www.hankyung.com/article/202504256919L,2025.04.25 18:35
위기가 곧 기회! 본인자산포함 4배 집중투자를 원한다면 5년고정 연 4.9% 금리로 상품 이용하자,,"부자네스탁론이 봄맞이 이벤트로 5년고정 연 4.9%의 저금리 스탁론 상품을 출시하면서 투자자들에게 화제가 되고 있다.5년고정 연 4.9%의 저금리 스탁론은 주요 증권사의 신용 금리로 알려진 8~9%대의 금리보다 훨씬 금리가 낮은 상품이다.스탁론 상품들은 증권사 신용보다 레버리지는 더 높고 담보유지비율은 더 낮아 투자 고수들 사이에서 잘 알려진 상품이다.미수나 반대매도를 해결해주는 대환대출상품, 한 종목 100% 집중투자 상품신용등급, 매수불가종목, D.S.R 등 주식투자자들의 고민을 완벽하게 해결해주는 솔루션을 제공하는부자네스탁론은 고객마다 가장 최적의 대출방법으로 해결해준다.-스탁론 D.S.R<총부채원리금상환비율> 고강도 규제에도! 문제없는 부자네스탁론!– 소득 낮고 기존 대출금액 많아도 계좌평가금액에 비례해서 대출가능!▶머니투데이 부자네스탁론① 5년고정 연 4.9% 금리의 최저금리 스탁론② 자기자본포함 최대 4배까지 레버리지 투자 가능③ 매수가능종목 100% 집중투자가능 (코스닥, 시가총액, 포트폴리오비율상관없이)④ 스탁론 전종목 1:1 매수상담문의 → 수익극대화⑤ 반대매도 임박 / 추가입금이 힘들다면? → 1:1 로스컷 전문상담⑥ D.S.R과 신용등급 낮.아.도 문제없이 매입/대환까지 가능!★ D.S.R비율, 신용등급 무관 저금리 부자네스탁 AM8:00~PM4:00 ☎1577-5852★ AM 8:00 부터 선착순 예약접수 http://www.bujane.co.kr/4월 고객들의 문의가 많은 종목은 SK이터닉스, 엑스페릭스, 현대차, 범한퓨얼셀, 삼성바이오로직스 등이 있다.무료상담",https://www.hankyung.com/article/202504242037a,2025.04.24 13:48
"이 ""재정지출 늘려야""...김 'AI 3대 강국'",,"영상 모듈 닫기




<앵커>이재명 더불어민주당 대선 후보가 수도권 집중유세의 일환으로 자신의 홈그라운드인 인천광역시를 찾았습니다.지지자들을 만난 그는 이른바 '호텔경제론'을 둘러싼 비판에 내수경기 활성화를 위해 재정지출을 대폭 늘려야 한다고 주장했습니다.자세한 내용, 국회에 나가있는 취재기자 연결해 알아보겠습니다.전범진 기자, 이재명 후보가 인천을 찾았습니다?<기자>이재명 더불어민주당 대선후보는 자신의 지역구인 인천을 재정지출을 대폭 늘려 내수 경기를 살려야 한다고 주장했습니다.대선 TV 토론 후 불거진 이른바 '호텔경제론' 공세에 맞서 경기 활성화를 강조하는 전략으로 풀이되는데요.이 후보의 발언, 직접 들어보겠습니다.""지금 이럴 때는 돈이 먹고 죽으래도 없지 않습니까? 이럴 때 정부가 하는 건 재정 지출을 늘려서 동네에 돈이 돌게 하는 거에요. 이럴 때 정부가 돈을 안 쓰면 언제 돈을 쓸 겁니까 대체? ""이 후보는 또한 자신을 '인천 사람'으로 소개하며 ""팔은 안으로 굽는다""며 지원을 약속했습니다.민주당은 인천을 바이오 산업의 중심지로 보고 이곳에 세계 최대의 바이오 클러스터를 조상하겠다는 구상입니다.삼성바이오로직스와 셀트리온 등 국내 주력 바이오 기업들이 집중된 송도에는 신규 공장 설립과 전력 확보를 지원하고,영종도는 바이오 스타트업 창업과 투자의 메카로, 시흥은 연구개발의 중심지로 삼겠다는 계획입니다.<앵커>이번에는 국민의힘 소식 다뤄보겠습니다.김문수 후보 측에서 오늘 우리나라를 'AI 3대 강국'으로 키워내겠다는 공약을 발표했다고요?<기자>네 국민의힘이 오늘 공개한 'AI G3 구상'은 사실상 AI와 반도체 공약의 결합이라고 볼 수 있습니다.발표를 맡은 양향자 공동선거대책위원장은 ""3년 내 국산 거대언어모델을 개발하겠다""며 ""이를 위해 국산 AI칩이 세계적인 언어모델에 쓰일 수 있도록 경쟁력을 확보하겠다""고 말했습니다.국민의힘은 민관 공동 출자로 연간 2조원 규모의 AI 반도체 혁신펀드를 조성하고, 팹리스 스타트업엔 연구개발 및 설비투자 인센티브를 제공하겠다고 약속했습니다.용인 반도체 클러스터의 완공 시점을 2030년에서 2028년으로 2년 당기고, 대통령 직속 K-반도체 컨트롤타워를 설치한다는 공약도 나왔습니다.이렇게 확보한 AI반도체 역량을 바탕으로 국내 기업과 정부가 결합한 민관 컨소시엄에서 국산 언어모델을 개발한다는 구상입니다.한편 김문수 후보는 이날 고양시와 파주, 동두천 등 경기 북부를 순회하며 지지층 결집에 매진하고 있습니다.<앵커>그리고 전 기자, 오늘 양당이 각각 반려동물 공약을 발표했다고요?오늘이 동물의 날 같은 기념일도 아닐텐데, 이건 어떤 내용인가요?<기자>네 오늘 이재명 후보와 김문수 후보는 각각 자신의 SNS를 통해 반려동물 공약을 발표했습니다.먼저 이재명 후보는 동물병원 표준 수가제와 진료비 부가세 면제를 도입해 진료비 부담을 낮추고 보험제도를 활설화하겠다고 약속했습니다.동물대체시험 활성화법을 통과시켜 동물 실험을 인체세포와 인공장기, 시험관 또는 컴퓨터 프로그램으로 일부 대체하겠다는 공약도 등장했습니다.김문수 국민의힘도 동물병원의 비용공개 의무화, 보험 상품 다양화 등 유사한 공약을 내놓았습니다.여기에 길고양이 중성화 사업 국비 지원 강화, 맹견 사육허가제 등도 약속했습니다.반려동물 양육 인구가 1,500만명에 육박하고, 이른바 '펫코노미'라고 불리는 반료동물 산업의 시장 규모도 8조원을 넘어선 것으로 파악되는데요.이들이 하나의 유권자층으로 부상하며 정치권도 공약 개발에 이들의 목소리에 귀를 기울이게 됐다는 설명이 나옵니다.지금까지 국회에서 한국경제TV 전범진입니다.전범진기자 forward@wowtv.co.kr",https://www.hankyung.com/article/2025052177345,2025.05.21 17:38
"존림 ""삼성바이오 인적분할에 해외 고객사 긍정적 평가""","존림 사장 기자간담회

분할 목적은 오직 밸류업
임상시험수탁 사업 확대","존림 삼성바이오로직스 사장(사진)이 17일(현지시간) 미국 보스턴에서 열린 ‘2025 바이오 USA’에서 기자들과 만나 “삼성바이오로직스 인적분할의 목적은 오직 ‘밸류업’에 있었다”고 강조했다. ‘인적분할을 직접 제안했느냐’는 질문에도 “그렇다”고 답했다.삼성바이오로직스는 시가총액 기준 빅파마 상위 20곳 중 17곳을 고객사로 뒀다. 나머지 세 곳과 계약을 맺지 못한 데 대해 존림 사장은 “이해 상충 이슈 때문에 추가 고객사를 확보하기 어려웠다”고 설명했다. 삼성바이오로직스가 바이오시밀러(바이오의약품 복제약) 회사인 ‘삼성바이오에피스’를 자회사로 두고 있어 기술 유출을 우려한 업체가 많았다는 것이다. 그는 “아무리 두 회사 간 방화벽이 있다고 설명해도 이해하지 못하는 업체가 많았다”며 “이번 바이오 USA에서 만난 해외 업체는 대부분 인적분할에 긍정적 평가를 남겼다”고 말했다.존림 사장은 지난 16일 신사업으로 내건 ‘삼성 오가노이드’에 관해 “작년부터 준비해 올해 서비스를 론칭했다”며 “임상시험수탁(CRO)을 계속 확장해나갈 것으로 전망된다”고 밝혔다. 오가노이드는 줄기세포 또는 조직 유래 세포를 3차원으로 응집해 배양한 ‘미니 장기 모델’을 뜻한다. 임상시험 전에 약의 효능과 안전성을 확인해볼 수 있어 동물실험의 대체재로 부상하고 있다. 또 그는 “좋은 매물이 있으면 인수합병(M&A)도 할 계획”이라고 말했다.이상명 삼성바이오로직스 상무는 이날 열린 사업부 간담회에서 “삼성서울병원과 협력해 위, 대장, 췌장 등 10대 암 관련 오가노이드를 일부 확보했다”며 “고객사의 항암 신약 후보물질 효능을 5주 만에 확인하고 데이터를 제공할 것”이라고 설명했다. 그러면서 “삼성서울병원과 협업해 다양한 암종 오가노이드를 안정적으로 공급할 수 있다”고 덧붙였다.또 그는 “삼성 오가노이드는 단순히 약물 스크리닝 실험 결과를 보여주는 것을 넘어서는 서비스”라며 “환자의 치료 예후를 살피는 데 도움이 되는 병리학 정보와 유전자 정보를 함께 제공해 경쟁사 대비 차별화할 것”이라고 말했다.보스턴=오현아 기자 5hyun@hankyung.com",https://www.hankyung.com/article/2025061841341,2025.06.18 17:37
"02일, 거래소 기관 순매수상위에 운수장비 업종 3종목",,"기관 투자자는 02일 거래소에서 삼성전자, 셀트리온, KODEX 200선물인버스2X 등을 중점적으로 사들인 것으로 나타났다.기관 투자자의 순매수 상위 20개 종목은 삼성전자, 셀트리온, KODEX 200선물인버스2X, 현대차, 한화솔루션, 기아, LG화학, 현대모비스, 신한지주, LG에너지솔루션등이다.이중에 운수장비 업종에 속한 종목이 3개 포함되어 있다.삼성전자, 셀트리온, KODEX 200선물인버스2X 등은 전일 대비 주가가 상승했고, 신한지주, TIGER 코리아밸류업, 에이피알 등은 주가가 하락했다.[07월02일]거래소 기관 순매수 상위 종목한경로보뉴스이 기사는 한국경제신문과 금융 AI 전문기업 씽크풀이 공동 개발한 기사 자동생성 알고리즘에 의해 실시간으로 작성된 것입니다.",https://www.hankyung.com/article/202507024679L,2025.07.02 18:35
연 5.14% 저렴한 금리! 한도만큼 저점위한 레버리지 활용 가능!,,"부자네스탁론이 봄맞이 이벤트로 연 5.14%의 저금리 스탁론 상품을 출시하면서 투자자들에게 화제가 되고 있다.연 5.14%의 저금리 스탁론은 주요 증권사의 신용 금리로 알려진 8~9%대의 금리보다 훨씬 금리가 낮은 상품이다.스탁론 상품들은 증권사 신용보다 레버리지는 더 높고 담보유지비율은 더 낮아 투자 고수들 사이에서 잘 알려진 상품이다.미수나 반대매도를 해결해주는 대환대출상품, 한 종목 100% 집중투자 상품신용등급, 매수불가종목, D.S.R 등 주식투자자들의 고민을 완벽하게 해결해주는 솔루션을 제공하는부자네스탁론은 고객마다 가장 최적의 대출방법으로 해결해준다.-스탁론 D.S.R<총부채원리금상환비율> 고강도 규제에도! 문제없는 부자네스탁론!– 소득 낮고 기존 대출금액 많아도 계좌평가금액에 비례해서 대출가능!▶머니투데이 부자네스탁론① 연 5.14% 금리의 최저금리 스탁론② 자기자본포함 최대 4배까지 레버리지 투자 가능③ 매수가능종목 100% 집중투자가능 (코스닥, 시가총액, 포트폴리오비율상관없이)④ 스탁론 전종목 1:1 매수상담문의 → 수익극대화⑤ 반대매도 임박 / 추가입금이 힘들다면? → 1:1 로스컷 전문상담⑥ D.S.R과 신용등급 낮.아.도 문제없이 매입/대환까지 가능!★ D.S.R비율, 신용등급 무관 저금리 부자네스탁 AM8:00~PM4:00 ☎1577-5852★ AM 8:00 부터 선착순 예약접수 http://www.bujane.co.kr/4월 고객들의 문의가 많은 종목은 현대로템, 한화비전, 알테오젠, 삼성바이오로직스, 계룡건설 등이 있다.무료상담",https://www.hankyung.com/article/202504114741a,2025.04.11 11:18
삼성도 오가노이드 참전…제약·바이오 공동 전선 [바이탈],,"영상 모듈 닫기




<앵커>미국 FDA가 약물 개발 과정에서 '동물실험 폐지' 정책을 발표하면서 대체 시장에 대한 관심이 높아지고 있습니다.미니 장기로 불리는 '오가노이드'가 대세로 떠오르고 있는데, 삼성바이오로직스가 뛰어들면서 업계 경쟁도 치열해지는 모습입니다.산업부 김수진 기자와 함께 이야기 나눠봅니다.김 기자, 우선 미 FDA가 동물실험을 폐지하겠다고 밝힌 이유부터 짚어주시죠.<기자>윤리적 부담부터 떠올리시는 분들 많을겁니다.그런데 산업 시각으로 바라보면, 더 많은 이유가 있습니다.신약개발에는 사람을 대상으로 하는 임상 이전에, 최소 두 종 이상의 동물로 실험하는 과정이 필요합니다.여기에 사용되는 대표 동물 중 하나가 비인간 영장류, 즉 원숭이입니다.실험용 원숭이 한 마리 가격이 어느정도 될 거라고 보십니까?<앵커>실험에 쓰여야 한다면 건강한 개체임이 증명돼야 하기 때문에, 일반적인 원숭이 가격보다 비쌀 듯 한데요.<기자>국내에서 비인간 영장류로 실험 중인 바이오텍들에게 최근의 실험용 원숭이 가격을 물어봤습니다.기업마다 조금 차이는 있었지만 1마리에 4천만원에서 5천만원이라는 답을 들었습니다. '부르는 게 값'이라고 하네요. 2023년 미국 기준 2만~2만 5천달러(약 2,700만원~3,400만원)로 알려졌는데, 공급보다 수요가 커지면서 그 사이 가격이 더 뛴겁니다.실험에 필요한 개체 수는 일반적으로 40마리~100마리 정도인데, 많이 잡으면 기업은 50억원 수준을 실험동물에 지출하는 거죠.그런데 이를 인공 장기, 즉 오가노이드나 AI로 대체하면 어떨까요.윤리적 부담을 덜 수 있을 뿐 아니라, 약 개발에 따른 비용과 시간이 줄어들어 최종적으로는 소비자가 지출하는 약 가격까지 줄일 수 있습니다.FDA는 동물실험을 이런 방식으로 대체하는게 더 유효하며, 비용·시간을 줄일 수 있다고 봤습니다.<앵커>대표적인 대체 방식이 '미니 장기', '바이오 인공장기' 등으로 불리는 오가노이드인거죠.<기자>네, 오가노이드는 실험실에서 사람의 체세포나 줄기세포를 이용해 만들어진 3차원 구조체입니다.장이나 피부 등 특정 장기나 조직을 흉내 낼 수 있어, 쓰임이 다양합니다.크게 대체시험 모델, 인공장기, 약물 개발 등 다양한 분야에 사용 가능합니다.인체 조직과 비슷하니 신약 후보물질 효과를 동물실험 대신 확인할 수 있고, 더 고도화되면 인공장기 제작을 통해 사람에게 이식하는 것도 가능한 기술인거죠.<앵커>최근 삼성바이오로직스가 오가노이드 사업에 뛰어들어 화제가 됐었는데, 국내 기업들 상황은 어떻습니까?<기자>로슈 등 글로벌 제약사들이 오가노이드 기술 투자에 들어간만큼, 국내 제약·바이오 업계의 움직임도 활발해지는 상황입니다.최근 삼성바이오로직스가 '삼성 오가노이드'를 론칭하면서 포문을 열었습니다.'삼성 오가노이드'는 암 환자 유래 오가노이드를 통해, 항암 신약 후보물질 스크리닝을 대행해주는겁니다.막대한 임상 데이터를 보유한 삼성서울병원이 제작한 오가노이드를 활용합니다.글로벌 톱 20개 제약사는 후보물질 발굴 단계에서 75% 수준으로 오가노이드를 활용한다는 결과가 있습니다.삼성바이오는 17곳이 넘는 글로벌 제약사를 고객으로 가지고 있는데, 이런 서비스를 제공하게 되면 수주 경쟁력도 강화되겠죠.그 외에도 대웅제약, JW중외제약, GC셀, 오가노이드사이언스 등이 오가노이드 분야 투자 혹은 개발중입니다.아무래도 새로운 분야인만큼, 대형 제약사가 오가노이드 생산이 가능한 바이오텍과 협업하는 형태가 많습니다.JW중외제약이 활발한 편인데 국내 1호 초격차 기술특례상장사인 오가노이드사이언스와 지난 2022년부터 신약개발 플랫폼 구축 공동연구를 진행해왔습니다.지난해 발표한 탈모약 후보물질(JW0061) 전임상도 오가노이드사이언스의 모델을 사용했다는 게 업계 관계자 증언입니다.정밀의료 기업 엠비디와는 오가노이드 진단 플랫폼을 개발 중인 표적항암제에 활용하고 있죠.최근에는 미국 AI 의료기업인 템퍼스AI와 협약을 맺고, 템퍼스AI가 제공해주는 오가노이드를 신약 후보물질에 활용하겠다고 밝히기도 했습니다.GC셀은 넥스트앤바이오와 협업하고 있습니다.넥스트앤바이오가 오가노이드, 그러니까 환자의 암 특성을 반영한 모델을 제공하고 GC셀은 이를 활용해 치료제(CAR-NK 세포치료제) 효능을 검증하는 식입니다.오가노이드를 직접 제작하는 곳도 있는데요, 대웅제약이 그렇습니다.오가노이드 재생 치료제 대량 생산을 위한 정부 과제를 수행하면서 대량 생산과 관련된 자동화·표준화 공정을 개발하고 있습니다. <앵커>현재 기술력은 어느정도 수준까지 왔나요? 시장성은 충분합니까?<기자>현재 기술력으로는 인체 장기 대부분을 오가노이드로 만드는 게 가능한 것으로 알려졌습니다.정부의 목표는 오는 2027년까지 주요 장기의 인체 유사도 90%을 달성하고, 2028년까지 오가노이드를 통한 동물실험대체평가시스템을 완성하는 겁니다.이재명 대통령도 대선 후보 시절 공약으로 동물대체시험법 개발 및 표준화를 적극 지원하겠다고 밝힌 바 있고요.글로벌 상황을 살펴보면 시장성도 상당히 높습니다.시장 규모는 약 1조 4천억원으로 태동하는 수준이지만, 연평균 약 23% 성장해 2030년까지 약 5조원으로 커질 전망입니다.<앵커>네, 여기까지 듣겠습니다. 김수진기자 sjpen@wowtv.co.kr",https://www.hankyung.com/article/2025070122965,2025.07.01 18:12
,,,https://magazine.hankyung.com/business/article/202507098665b,
"국내 첫 바이오약품 필터공장…다나허, 인천 송도서 내년 가동","최준호 다나허코리아 회장

삼성·SK·셀트리온 등이 고객
주요 바이오 소부장 세계 1위
""끊임없는 개선이 성장 비결""","국내에서 처음으로 바이오의약품 생산을 위한 정제 필터 공장이 가동된다. 바이오·생명과학·진단 분야 강자인 미국 다나허그룹이 1000억원을 투자해 인천 송도에서 내년에 공장을 완공한다.다나허그룹 한국법인인 다나허코리아의 최준호 회장(사진)은 2일 인터뷰에서 “송도 공장이 내년에 가동되면 우선 내수 공급용 물량을 생산할 것”이라며 “향후 아시아·태평양지역으로 수출하는 물량도 맡게 될 것”이라고 말했다. 송도 공장에서 생산하는 필터는 바이오의약품 위탁개발생산(CDMO)뿐만 아니라 바이오시밀러(바이오의약품 복제약)·백신 생산의 핵심 장비다. 세포배양액에서 불순물을 제거하고, 단백질의 순도를 높여준다. 국내에서는 삼성바이오로직스, 셀트리온, SK바이오사이언스 등에 공급될 예정이다. 최 회장은 “다나허그룹은 미국 중국과 함께 바이오 소재·부품·장비 세계 3대 시장인 한국에 투자를 확대하고 있다”며 “국내 총 누적 투자 규모가 4000억원이 넘는다”고 했다.다나허그룹은 포천지 선정 500대 글로벌 기업이다. 2024년 말 기준 시가총액은 190조원, 매출은 34조원에 달했다. 2020년 제너럴일렉트릭(GE)으로부터 인수한 주력 계열사 싸이티바는 290년 넘는 역사를 지닌 세계적인 생물공학 소재기업이다. 바이오의약품 공정 중 표적 약물을 분리·정제하는 데 쓰이는 크로마토그래피 장비와 정제 소재인 레진 부문에서 압도적인 글로벌 시장점유율 1위를 점하고 있다.최근 다나허그룹은 자체 유전자편집 기술을 활용해 희소 유전질환을 앓는 아기를 치료하는 데 성공하면서 세계 과학계의 주목을 받았다. 여기엔 세계 최대 메신저리보핵산(mRNA) 전문기업 알데브론, 차세대 유전자분석기업 IDT 등 다나허 계열사의 기술이 적용됐다.최 회장은 다나허그룹의 핵심 기업문화로 ‘끊임없는 개선’을 꼽았다. 그는 “별도의 경영혁신 도구인 다나허비즈니스시스템을 개발해 납기 준수율을 크게 개선했다”고 했다. 업계가 추정한 다나허코리아의 지난해 매출은 약 7000억원이다. 최 회장은 “올해에도 지난해에 이어 두 자릿수 매출 성장률을 기록할 것”이라고 말했다.안대규 기자 powerzanic@hankyung.com",https://www.hankyung.com/article/2025060213381,2025.06.02 17:43
"'트럼프 폭주' 불안감 전이된 코스피, 외국인 매수에도 약보합",,"사진=연합뉴스

                코스피가 22일 장초반 약보합세를 보이고 있다. 외국인 매수세가 유입되고 있지만, 도널드 트럼프 미국 대통령이 미국 중앙은행(Fed)를 흔드는 데 따른 불안감이 한국 증시도 짓누르는 모양새다.이날 오전 9시6분 현재 코스피는 전일 대비 9.96포인트(0.4%) 내린 2478.47에 거래되고 있다.외국인이 오랜만에 주식을 사고 있다. 유가증권시장에서 225억원어치 현물주식과 470억원어치 코스피200선물을 순매수 중이다. 기관도 362억원어치 주식을 사고 있다. 반면 개인은 591억원어치를 순매도 중이다.외국인과 기관이 동반 매수하는데도 지수가 상승하지 못하는 배경은 뉴욕증시 급락에 있다. 트럼프 대통령이 미국 기준금리를 인하하라며 제롬 파월 Fed 의장을 향해 원색적인 비난을 가하면서 뉴욕증시의 주요지수가 모두 급락 마감했다.21일(현지시간) 뉴욕증권거래소(NYSE)에서 다우존스30산업평균지수는 전일 대비 971.82포인트(2.48%) 급락한 38,170.41에, 스탠더드앤드푸어스(S&P)500지수는 124.50포인트(2.36%) 내려앉은 5,158.20에, 나스닥종합지수는 415.55포인트(2.55%) 밀린 15,870.90에 각각 거래를 마쳤다.이에 더해 미 국채와 달러화 가치까지 급락했다. 미 국채 금리가 치솟으면서 2년물과 30년물 사이의 스프레드(격차)는 60bp 이상으로 벌어졌고, 주요 6개국 통화 대비 달러화 가치를 나타내는 달러인덱스는 3년여만에 99선이 무너졌다. 중앙은행의 독립성을 흔드는 트럼프 대통령의 행태에 불안감을 느낀 투자자들이 미국 자산을 투매한 것이다.코스피 시가총액 상위 종목은 대체로 하락하고 있다.삼성전자는 0.72%, SK하이닉스는 1.19% 내리고 있다.LG에너지솔루션(-0.3%), 현대차(-0.43%), 기아(-0.58%)도 약한 모습이다.삼성바이오로직스(-3.07%)와 셀트리온(0.13%)는 보합권에서 등락하고 있다.HD현대중공업은 0.71% 오르고 있다.코스닥은 전일 대비 1.23포인트(0.17%) 내린 714.22에 거래되고 있다. 이 시장에서도 외국인과 기관이 각각 255억원어치와 40억원어치 주식을 순매수하는 반면, 개인은 228억원어치를 팔고 있다.코스닥 시가총액 상위 종목은 혼조세다. 알테오젠은 약보합세이고, HLB는 1.12% 하락하고 있다. 에코프로비엠과 에코프로도 각각 0.42%와 0.95% 빠지는 중이다.반면 휴젤과 리가켐바이오는 각각 1.69%와 1.5% 상승하고 있다. 클래시스(0.47%), 파마리서치(0.69%) 등도 강세다.서울외환시장에서 원·달러 환율은 전일 대비 0.8원(0.06%) 오른 달러당 1422.3원에 거래되고 있다.한경우 한경닷컴 기자 case@hankyung.com",https://www.hankyung.com/article/2025042267496,2025.04.22 09:19
"삼바, 인적분할해 삼성에피스홀딩스 신설…CDMO·시밀러 완전 분리",10월 삼성에피스홀딩스 설립…재상장 추진,"삼성바이오로직스 본사 전경. /사진=한경DB

                삼성바이오로직스가 바이오의약품 위탁 개발생산(CDMO) 사업과 바이오시밀러(복제약) 사업을 완전 분리하기 위해 분할을 통해 '삼성에피스홀딩스'를 설립하기로 했다.삼성바이오로직스는 22일 단순·인적분할 방식으로 삼성에피스홀딩스를 설립한다고 공시했다. 이로써 삼성바이오로직스는 CDMO 사업에만 집중하게 된다.순수 지주회사로 신설되는 삼성에피스홀딩스는 향후 바이오시밀러 기업인 삼성바이오에피스를 완전 자회사로 편입할 예정이다.그간 삼성바이오로직스에서 자회사 관리, 신규 투자를 전담해 온 사업부문이 분할돼 삼성에피스홀딩스로 신설된다. 김경아 삼성바이오에피스 대표이사가 삼성에피스홀딩스 대표이사를 겸임할 예정이다.분할은 오는 7월 29일 증권신고서 제출, 9월16일 분할 승인을 위한 주주총회 개최 등 절차를 거쳐 최종 결정된다.삼성에피스홀딩스 분할 기일은 오는 10월1일이다. 삼성바이오에피스를 100% 자회사로 편입해 분할을 완료한다.이어서 10월 29일 존속회사인 삼성바이오로직스의 변경 상장이 추진된다. 분할신설회사인 삼성에피스홀딩스도 지주회사 요건을 충족해 재상장을 추진할 예정이다.이번 분할은 주주가 기존법인과 신설법인의 주식을 지분율에 비례해 나눠 갖게 되는 인적분할 방식으로 진행된다. 삼성바이오로직스의 기존 주주는 삼성바이오로직스 주식과 삼성에피스홀딩스 주식을 0.6503913 대 0.3496087의 비율로 교부 받는다. 현재 순자산 장부가액을 분할 비율 기준으로 삼았다.신주 배정 기준일 전날인 9월 29일부터 변경상장 및 재상장일 전날인 10월 28일까지 삼성바이오로직스 주식거래는 일시 정지된다.삼성바이오로직스는 사업 분할에 대해 ""CDMO 사업과 바이오시밀러 사업을 완전히 분리해 현재 영위 중인 사업 간의 독립성을 확보해 근원적 경쟁력을 높이고, 전문화된 사업영역에 역량을 쏟아 성장 잠재력을 키우고자 한 조치""라고 설명했다.이어 ""CDMO 사업에 집중하게 될 삼성바이오로직스는 일부 고객사들의 이해상충 관련 우려를 완전히 불식할 수 있다""며 ""신설되는 삼성에피스홀딩스는 바이오시밀러 전문 기업을 자회사로 직접 관리함으로써 시밀러 사업의 정체성을 명확히 하고, 새 성장동력을 발굴할 수 있다""고 부연했다.이로써 순수 CDMO(Pure-play CDMO) 회사로 거듭난 삼성바이오로직스는 '생산 능력·포트폴리오 다각화·글로벌 거점 확대'의 '3대축 성장 전략'을 토대로 CDMO 역량 강화와 항체·약물접합체(ADC), 아데노연관바이러스(AAV), 사전충전형 주사기(PFS) 등 신사업 분야에 대한 투자를 더욱 확대하겠단 방침이다.삼성에피스홀딩스는 삼성바이오에피스를 '세계 1위 바이오시밀러 기업'으로 육성하기 위해 20종 이상의 바이오시밀러 제품군을 확보한다는 계획이다.신민경 한경닷컴 기자 radio@hankyung.com",https://www.hankyung.com/article/2025052283576,2025.05.22 08:35
"코스피, 실적 시즌 본격화 앞두고 관망세…강보합 마감",,"사진=연합뉴스

                코스피가 강보합세로 마감됐다. 오전 한때를 제외하고 장중 내내 보합권에서 등락했다. 본격적인 실적 발표가 시작되기 전 관망세가 짙은 모습이다.21일 코스피는 전일 대비 5.00포인트(0.2%) 오른 2488.42에 거래를 마쳤다. 약보합으로 출발한 지수는 오전 한때 상승세를 타며 2500선 회복을 시도하기도 했지만, 도로 보합권으로 밀렸다.이날 거래대금은 5조1798억원으로, 이달 들어 가장 적은 수준이다. 오는 23일 삼성바이오로직스와 LG이노텍, 24일엔 SK하이닉스를 비롯한 다수의 대형주의 실적 발표가 예정된 영향으로 투자자들이 적극적으로 매매에 나서지 않은 모습이다.외국인 매도가 지수를 짓눌렀다. 유가증권시장에서 현물주식을 2883억원어치 순매도했고, 코스피200 선물도 장중 1000억원어치 넘게 순매수하다가 결국 169억원어치의 순매도로 전환했다. 반면 개인과 기관은 각각 현물주식을 1855억원어치와 237억원어치 순매수했다.시가총액 상위 종목은 대체로 상승했다.삼성전자는 강보합세로 거래를 마쳤고, SK하이닉스는 0.91% 상승했다.삼성바이오로직스도 2.19% 올랐다.반면 LG에너지솔루션과 HD현대중공업은 각각 1.63%와 2.09% 하락했다.코스닥은 전일 대비 2.32포인트(0.32%) 내린 715.45에 거래를 마쳤다. 이 시장에서는 개인이 1961억원어치 주식을 순매수한 반면 외국인과 기관은 각각 1157억원어치와 634억원어치를 순매도했다.코스닥 시가총액 상위종목은 대체로 하락했다. 레인보우로보틱스(1.43%)와 휴젤(4.56%), 클래시스(0.32%)만 상승했다.하락 종목 중에서는 코오롱티슈진(-4.29%), 펩트론(-3.11%), HLB(-2.73%), 리가켐바이오(-2.29%) 순으로 낙폭이 컸다.서울외환시장에서 원·달러 환율은 전일 대비 5.6원(0.39%) 내린 달러당 1418원에 거래되고 있다.한경우 한경닷컴 기자 case@hankyung.com",https://www.hankyung.com/article/2025042152546,2025.04.21 15:47
"21일, 기관 거래소에서 삼성물산(+11.74%), 삼성바이오로직스(+7.11%) 등 순매수",,"기관 투자자는 21일 거래소에서 삼성물산, 삼성바이오로직스, KODEX 코스닥150레버리지 등을 중점적으로 사들인 것으로 나타났다.기관 투자자의 순매수 상위 20개 종목은 삼성물산, 삼성바이오로직스, KODEX 코스닥150레버리지, KODEX 레버리지, 현대로템, 한화에어로스페이스, 남양유업우, 한국전력, 하나금융지주, 현대건설등이다.이중에 운수장비 업종에 속한 종목이 3개 포함되어 있다.삼성물산, 삼성바이오로직스, KODEX 코스닥150레버리지 등은 전일 대비 주가가 상승했고, 하나금융지주 등은 주가가 하락했다.[05월21일]거래소 기관 순매수 상위 종목한경로보뉴스이 기사는 한국경제신문과 금융 AI 전문기업 씽크풀이 공동 개발한 기사 자동생성 알고리즘에 의해 실시간으로 작성된 것입니다.",https://www.hankyung.com/article/202505217909L,2025.05.21 18:35
"14일, 기관 거래소에서 KODEX 200선물인버스2X(-2.67%), TIGER 차이나테크TOP10(+0.84%) 등 순매도",,"기관 투자자는 14일 거래소에서 KODEX 200선물인버스2X, TIGER 차이나테크TOP10, KODEX 인버스 등을 중점적으로 매도한 것으로 나타났다.기관 투자자의 순매도 상위 20개 종목은 KODEX 200선물인버스2X, TIGER 차이나테크TOP10, KODEX 인버스, ACE 미국30년국채액티브(H), 한국가스공사, TIGER 미국S&P500, 한진칼, TIGER 미국테크TOP10 INDXX(H), 한화시스템, 롯데케미칼등이다.이중에 전기,전자 업종에 속한 종목이 1개 포함되어 있다.TIGER 차이나테크TOP10, TIGER 미국S&P500, 한진칼 등은 전일 대비 주가가 상승했고, KODEX 200선물인버스2X, KODEX 인버스, ACE 미국30년국채액티브(H) 등은 주가가 하락했다.[05월14일]거래소 기관 순매도 상위 종목한경로보뉴스이 기사는 한국경제신문과 금융 AI 전문기업 씽크풀이 공동 개발한 기사 자동생성 알고리즘에 의해 실시간으로 작성된 것입니다.",https://www.hankyung.com/article/202505143267L,2025.05.14 18:35
"증권사 신용 이동만 했어도 1,500만원 손실 막을 수 있었습니다",,"전송종목 : 삼성전자, SK하이닉스, LG에너지솔루션, 삼성바이오로직스, 현대차매일 4만 원씩, 1년이면 약 1,500만 원, 이 돈은 누구의 통장으로 들어갈까요?당신이 가만히 있는 순간에도, 고금리 증권사는 웃고 있습니다.최근 주식 투자자들 사이에서는 신용융자, 미수 등 증권사의 고금리 대출의 이자 부담이 뜨거운 감자로 떠오르고 있다.많은 투자자들이 “금리를 낮추고 싶다”고 말하지만, 기존 대출 상환 후 재매수라는 번거로운 절차에 자금 마련까지 어려워 그냥 방치하고 마는 경우가 다반사이다.이러한 고금리의 증권사 신용 및 담보대출 이용자들의 악순환을 끊을 방법이 생겼다.바로 무빙스탁의 ‘증권사 신용, 대환자금대출’ 서비스가 출시된 것이다.이 서비스는 보유 주식을 매도하지 않고, 기존 고금리 주식대출(신용/미수 등)을 연 3%대의 저금리 상품으로 전환할 수 있도록 상환자금을 지원하는 것이 핵심이다.무빙스탁 관계자는 “금리를 5%만 낮춰도, 신용대출 3억 원 기준 무려 1,500만 원의 이자 절감 효과가 있습니다.” 라고 밝혔다.더 놀라운 사실은, 지금 이벤트 기간 중 신청하면 대환자금 이자까지 0원이라는 점이다. 단 하루의 이자 부담도 없이, 기존 고금리를 완전히 벗어날 수 있는 절호의 기회이다.무빙스탁 ‘증권사 신용, 대환자금대출’의 비용 무료 이벤트는 이벤트 기간 동안 한정적으로 제공되는 만큼, 고금리의 신용융자를 이용 중인 투자자라면 지금 바로 확인해볼 필요가 있다.★ 장마감 시간이 가까워질수록 문의가 많아 상담이 지연될 수 있습니다.★ 5월 문의하신 고객들이 많이 보유하신 종목으로는 삼성전자, POSCO홀딩스, 셀트리온, 포스코퓨처엠, 에코프로비엠, NAVER, 에코프로, 삼성SDI, LG화학, SK하이닉스, 두산에너빌리티, 카카오, SK이노베이션, LG에너지솔루션, 엘앤에프, 삼천당제약, 현대차, 알테오젠, HPSP, LG전자 등이 있습니다.★ 안내사항과도한 빚은 당신에게 큰 불행을 안겨줄 수 있습니다. 대출 시 신용등급 하락으로 다른 금융거래가 제약받을 수 있습니다. 중개수수료를 요구하거나 받는 것은 불법입니다.상호명: ㈜단비대부 2021-서울영등포-2102(대부업) | TEL: 1544-4886 | 대출금리: 연 20%이내(연체금리는 약정금리+3%p이내, 최대 연 20%이내) | 단, 2021. 7. 7.부터 신규체결, 갱신, 연장되는 계약에 한함 | 채무의 조기상환 조건 및 부대비용 없음. (단, 신용조회비용 및 담보권설정비용 있음), 이자 외 별도로 중개수수료를 요구하거나 수취하는 것은 불법입니다. | 대표이사: 박동원 | 사업자등록번호: 274-86-00231 | 등록기관명칭: 서울 영등포구청(담당부서: 일자리경제과, 02-2670-3420) | 소재지 : 서울 영등포구 여의대방로67길 11, 5층 517호 | 개인정보관리자메일: help@danbifund.co.kr무료상담",https://www.hankyung.com/article/202505215865a,2025.05.21 14:16
"삼성바이오로직스, 상반기 매출 첫 2조원 돌파","상반기 별도 기준 매출 2조원, 연결 기준 2.5조원","영상 모듈 닫기




<앵커>삼성바이오로직스가 창립 이후 처음으로 반기 매출 2조원을 돌파했습니다.수주가 밀려들어오면서 올해 전체 매출도 30% 성장할 것으로 전망했습니다.취재기자 연결해 자세히 듣겠습니다. 김수진 기자.<기자>삼성바이오로직스는 조금 전 공시를 통해 상반기 별도 기준 매출 2조 138억원, 영업이익 9,071억원을 기록했다고 밝혔습니다.자회사인 삼성바이오에피스를 제외하고도 처음으로 반기 매출 2조원을 넘긴겁니다.매출은 전년 동기 대비 5,341억원, 영업이익은 3,451억원 늘어난 수칩니다.2분기만 살펴보면 매출은 1조 142억원, 영업이익은 4,770억원으로 각각 전년비 2,040억원, 1,478억원 증가했습니다.삼성바이오는 수주에 기반한 1~3공장 풀가동과 부분 가동 중인 4공장의 영향이 크다고 밝혔습니다.또한 공장 운영 효율 개선 등을 이유로 연간 매출 성장 전망치를 20~25%에서 25~30%로 상향 조정했습니다.현재 4공장의 경우 6만 리터 규모 설비는 모두 안정적으로 가동 중이며, 18만 리터 규모 설비는 가동 확대 중입니다.올해 상반기까지 삼성바이오의 누적 수주액은 3조 3,550억원에 달합니다.지난해 전체 수주액 5조 4,035억원의 60%를 이미 넘겼습니다.기존 고객사 수주 외에, 신규 고객사가 생길 가능성도 높습니다.현재 고객은 상위 20위권 글로벌 제약사가 대부분이지만, 케빈 샤프 부사장은 40위권으로 범주를 확대하겠다며 신규 고객 유치를 선언한 바 있습니다.삼성바이오는 올해 3월 바이오 업계 대세로 불리는 ADC(항체-약물접합체) 전용 CDMO 설비를 구축하기도 했습니다.ADC 약물은 고도의 기술과 특수 설비가 필요한데다, 대량 생산 시설을 갖춘곳이 드물어 추가 수주도 기대되고 있습니다.지금까지 보도국에서 한국경제TV 김수진입니다.편집:김정은, CG:홍향기김수진기자 sjpen@wowtv.co.kr",https://www.hankyung.com/article/2025072375445,2025.07.23 17:19
"12일, 거래소 외국인 순매도상위에 운수장비 업종 5종목",,"외국인 투자자는 12일 거래소에서 셀트리온, 현대로템, 한화에어로스페이스 등을 중점적으로 매도한 것으로 나타났다.외국인 투자자의 순매도 상위 20개 종목은 셀트리온, 현대로템, 한화에어로스페이스, 삼성바이오로직스, 한화오션, 삼성중공업, 한국항공우주, SK텔레콤, 한화시스템, 이마트등이다.이중에 운수장비 업종에 속한 종목이 5개 포함되어 있다.HD현대일렉트릭, 두산우, HMM 등은 전일 대비 주가가 상승했고, 셀트리온, 현대로템, 한화에어로스페이스 등은 주가가 하락했다.[05월12일]거래소 외국인 순매도 상위 종목한경로보뉴스이 기사는 한국경제신문과 금융 AI 전문기업 씽크풀이 공동 개발한 기사 자동생성 알고리즘에 의해 실시간으로 작성된 것입니다.",https://www.hankyung.com/article/202505128053L,2025.05.12 18:35
"11일, 거래소 기관 순매수상위에 운수장비 업종 3종목",,"기관 투자자는 11일 거래소에서 KODEX 코스닥150레버리지, 한화오션, KODEX 200선물인버스2X 등을 중점적으로 사들인 것으로 나타났다.기관 투자자의 순매수 상위 20개 종목은 KODEX 코스닥150레버리지, 한화오션, KODEX 200선물인버스2X, HD현대중공업, 한화에어로스페이스, 한화비전, SK하이닉스, HD현대미포, 한화시스템, 삼성바이오로직스등이다.이중에 운수장비 업종에 속한 종목이 6개 포함되어 있다.KODEX 코스닥150레버리지, 한화오션, KODEX 200선물인버스2X 등은 전일 대비 주가가 상승했고, SK하이닉스, 삼성전자 등은 주가가 하락했다.[04월11일]거래소 기관 순매수 상위 종목한경로보뉴스이 기사는 한국경제신문과 금융 AI 전문기업 씽크풀이 공동 개발한 기사 자동생성 알고리즘에 의해 실시간으로 작성된 것입니다.",https://www.hankyung.com/article/202504116607L,2025.04.11 18:35
"29일, 기관 거래소에서 삼성전자(0.00%), KODEX 레버리지(+1.3%) 등 순매수",,"기관 투자자는 29일 거래소에서 삼성전자, KODEX 레버리지, SK하이닉스 등을 중점적으로 사들인 것으로 나타났다.기관 투자자의 순매수 상위 20개 종목은 삼성전자, KODEX 레버리지, SK하이닉스, 한화솔루션, LG에너지솔루션, HD현대일렉트릭, KB금융, 하이브, 아모레퍼시픽, KODEX 코스닥150레버리지등이다.이중에 전기,전자 업종에 속한 종목이 4개 포함되어 있다.KODEX 레버리지, 한화솔루션, LG에너지솔루션 등은 전일 대비 주가가 상승했고, SK하이닉스 등은 주가가 하락했다.[04월29일]거래소 기관 순매수 상위 종목한경로보뉴스이 기사는 한국경제신문과 금융 AI 전문기업 씽크풀이 공동 개발한 기사 자동생성 알고리즘에 의해 실시간으로 작성된 것입니다.",https://www.hankyung.com/article/202504294300L,2025.04.29 18:35
이것이 궁금하다! 신용융자비율 상위종목은?,,"핑거, 갤럭시아에스엠, 에이텍, 세명전기, 티엘비 순으로 신용비율 상위를 형성하고 있다.




 

순위 종목명 신용비율1 핑거 9.7%2 갤럭시아에스엠 9.64%3 에이텍 9.31%4 세명전기 9.28%5 티엘비 8.82%<4월 30일 기준 종목(ETF 제외)>한미약품, 삼성바이오로직스, 카페24, LG디스플레이, 고영무료상담",https://www.hankyung.com/article/202505020297a,2025.05.02 14:03
코스피 외인·기관 쌍끌이...시장 불안 완화 [박해린의 마켓톡톡],,"영상 모듈 닫기




오늘 증시 이슈 짚어보는 마켓톡톡 시간입니다.코스피가 외인과 기관의 동반 순매수에 힘입어 2,640선까지 성큼 올라왔습니다.도널드 트럼프 미국 대통령이 유럽연합(EU)과의 무역협상 기한을 기존 6월 1일에서 7월 9일로 연장한다고 밝힌 점이 시장의 불안감을 일부 완화한 것으로 풀이됩니다.원·달러 환율은 11.2원 내린 1,364.4원에 마감했습니다.7개월 만에 최저치로 최근 미국의 재정 건전성에 대한 우려가 커지고 있단 점이 환율 급락의 배경인 것으로 해석됩니다.오늘 대부분의 종목들이 긍정적이었던 가운데 특히 원전 관련 기업들이 크게 주목받았습니다.트럼프 대통령이 2,050년까지 미국의 원전 용량을 4배 늘리겠다고 선언한 데다, EU에서도 원전 산업 재건 움직임이 커지면서 기대감이 증폭되고 있는 겁니다.
                    




                K-원전에 러브콜이 이어질 것을 기대되는 시기, 증권가에선 특히 한전기술과 두산에너빌리티에 주목하고 있습니다.대형 K-원전의 미국 진출 성공 시 그동안 주가가 소외받았던 원자력 설계회사 한전기술의 주가 도약이 기대된다는 분석입니다.또 국내 유일의 원전 핵심 기기 제조사인 두산에너빌리티,그간 주가가 많이 오르긴 했으나 전문가들은 다수의 미국 소형모듈원자로(SMR) 설계 회사와 웨스팅하우스에 원자로 기자재를 공급하며, K-원전이 미국에 진출할 때 동시 수혜가 기대된다는 분석이 나옵니다.글로벌 원전 르네상스가 예상되는 시기, 국내 건설회사의 원전 시공 능력이 부각되며 주요 건설주도 오늘 큰 폭의 상승세를 보였는데요.증권가에선 특히 원전에 더해 지배구조 개편 이슈까지 더해진 삼성물산에 주목하고 있습니다.오늘도 주가가 7%대 급등했죠.루마니아 소형모듈원자로 사업과 에스토니아, 스웨덴 등 유럽 SMR 사업을 통해 성장세가 가속화하는 한편,삼성바이오로직스의 인적분할로 최대주주인 삼성물산의 보유 지분 가치가 부각되고 있는 겁니다.
                    




                한편, 삼성물산의 2대주주인 KCC, 삼성물산의 주가 급등으로 2분기 금융수익이 4천억원 이상 증가할 것으로 전망됩니다.2분기 순이익에서 어닝서프라이즈가 예상되며, KCC를 향한 눈높이도 높아지고 있단 점까지 확인하시기 바랍니다.지금까지 마켓톡톡이었습니다.박해린기자 hlpark@wowtv.co.kr",https://www.hankyung.com/article/2025052665835,2025.05.26 17:25
"삼성바이오, 美서 7300억 '잭팟'…작년 수주 절반이상 달성",,"삼성바이오로직스가 미국 소재 제약사와 7300억원 규모의 바이오의약품 위탁생산 계약을 따냈다. 올들어 두번째 대규모 수주로 증권업계에선 올해 매출이 작년보다 30%가까이 오른 5조8784억원에 이를 것이란 전망도 나왔다.삼성바이오로직스는 28일 공시를 통해 미국 소재 제약사와 7373억원 규모의 위탁생산 계약을 체결했다고 밝혔다. 지난 1월 유럽 소재 제약사와 역대 최대 규모인 2조747억원의 바이오의약품 CMO 계약을 체결한 데 이은 올해 두 번째 계약이다. 올해 누적 수주액은 2조8120억원으로 4개월 만에 작년 연간 수주(5조4035억원)의 절반 이상을 달성했다.업계에선 세계 1위의 생산능력과 높은 품질, 발빠르고 유연한 대응을 삼성의 수주 경쟁력으로 꼽는다. 이달 18만L규모의 인천 송도 5공장이 가동되면서 삼성바이오로직스의 총 생산능력은 78만4000L로 세계 1위를 굳건히 유지하고 있다. 5공장은 기존 1~4공장의 최적 사례를 집약한 최첨단 스마트 공장으로 건설됐다. 
                    



삼성바이오로직스 직원이 인천 송도 4공장 배양기를 점검하고 있는 모습. 삼성바이오로직스 제공

                삼성바이오로직스의 배치 성공률은 99%로 업계 평균(90~95%)을 뛰어넘는다. 100배치 중 불량이 1배치에 불과하다는 의미다. 지난 3월말 기준 누적 규제기관 승인 건수도 356건으로 업계 최고 수준이다. 삼성바이오로직스는 기존 항체, 메신저 리보핵산(mRNA) 의약품에 이어 최근 항체약물접합체(ADC) 전용 생산시설 가동을 시작으로 다양한 바이오의약품 생산 역량을 구비했다. 또한 자율주행 운송로봇(AMR), 자동 창고 등 물류 자동화 시스템, 실시간으로 초기 데이터를 한 데 모은 '데이터 레이크' 등 구축으로 운영 효율을 극대화하고 있다.SK증권은 이날 보고서에서 기존 4공장의 가동률 증가 등 요인으로 올해 매출 전망치를 5조8784억원으로 상향 조정했다. 작년보다 29.3%증가한 수치다. 영업이익은 46.2% 증가한 1 조 9300억원으로 예상했다. 이선경 SK증권 연구원은 ""시장 우려와는 달리, 2분기 실적은 견조할 것""이라며 ""부정적 요인을 상쇄할 만큼 4공장 가동이 올라오고 있다""고 말했다. 미국 관세 영향도 제한적일 전망이다. 정유경 신영증권 연구위원은 “미국 수출 비중이 25%이고 유럽 비중은 65%라 미국 관세 영향은 제한적”이라며 “오히려 미국 내 CMO공장이 수출 대신 내수용으로 물량을 전환할 가능성이 커, 삼성바이오로직스에 대한 수요는 더 커질 가능성이 있다”고 말했다.안대규 기자 powerzanic@hankyung.com",https://www.hankyung.com/article/202504280413i,2025.04.28 14:50
"03일, 기관 거래소에서 삼성전자(+4.93%), POSCO홀딩스(+8.33%) 등 순매수",,"기관 투자자는 03일 거래소에서 삼성전자, POSCO홀딩스, LG에너지솔루션 등을 중점적으로 사들인 것으로 나타났다.기관 투자자의 순매수 상위 20개 종목은 삼성전자, POSCO홀딩스, LG에너지솔루션, KODEX 레버리지, KODEX 코스닥150레버리지, 한화솔루션, 셀트리온, LG화학, 현대제철, 삼성바이오로직스등이다.이중에 전기,전자 업종에 속한 종목이 5개 포함되어 있다.이날 기관 투자자가 순매수한 종목들 중에 삼성전자, POSCO홀딩스, LG에너지솔루션 등은 전일 대비 주가가 상승했다.[07월03일]거래소 기관 순매수 상위 종목한경로보뉴스이 기사는 한국경제신문과 금융 AI 전문기업 씽크풀이 공동 개발한 기사 자동생성 알고리즘에 의해 실시간으로 작성된 것입니다.",https://www.hankyung.com/article/202507037135L,2025.07.03 18:35
중동發 격랑에 '삼천피' 코앞에서 스톱…코스피 2950선 마감,"코스피 3000 눈앞에 두고 매수세 꺾여
트럼프 ""즉시 테헤란 떠나라"" 공습 예고

SK하이닉스 장중 26만원 사상 최고가
코스닥지수, 하루 만에 하락 전환","사진=뉴스1

                코스피지수가 중동발(發) 지정학적 리스크에 발목이 잡히면서 '삼천피'(코스피 3000선) 탈환을 다음으로 미뤘다.17일 코스피지수는 전일 대비 3.64포인트(0.12%) 오른 2950.3에 장을 마감했다. 2950선에서 출발한 코스피지수는 개인 투자자의 활발한 매수세가 유입되면서 상단을 2998선까지 높였으나 장중 이스라엘-이란 간 추가 공습 가능성이 제기되면서 하락 전환하기도 했다.도널드 트럼프 미국 대통령은 이날 사회관계망서비스(SNS)에 ""이란은 내가 서명하라고 했던 합의에 서명해야 했다. 이란은 하나의 핵무기도 가질 수 없다고 누차 말했다""며 ""모두 즉시 테헤란을 떠나라""고 썼다.앞서 이스라엘군도 SNS인 엑스(X·옛 트위터)에 ""이스라엘군은 최근 테헤란 전역에 걸쳐 그랬듯 앞으로 몇 시간 내로 테헤란 3구 지역에서 이란의 군사시설을 공격하는 작전을 펼 것""이라며 현지 주민 등에게 대피하라고 경고했다.트럼프 대통령이 중동 위기에 조기 귀국하면서 G7 정상회의를 계기로 열릴 전망이던 이재명 대통령과 트럼프 대통령 간 한미정상회담도 불발됐다.이날 유가증권시장에선 개인이 4061억원 순매수를 나타냈다. 반면 외국인과 기관은 각각 2446억원과 1614억원 매도우위를 보였다.코스피 시가총액 상위주들은 혼조세를 나타냈다. 삼성전자와 SK하이닉스는 각각 1.57%와 0.4% 상승했다. 특히 SK하이닉스는 장중 26만원까지 주가가 오르면서 사상 최고가를 갈아치웠다.삼성바이오로직스(-0.49%), 한화에어로스페이스(-1.65%), KB금융(-0.65%), HD현대중공업(-2.78%), 두산에너빌리티(-0.34%) 등은 떨어졌다.신풍제약은 코로나19 관련 유럽 특허 획득에 상한가로 치솟았다. 증시 부양 기대감에 한화투자증권, 교보증권, 상상인증권 등이 강세를 나타냈다. 반면 동해 가스전 탐사 관련 예산 삭감 가능성 소식에 동양철관, 포스코인터내셔널, 하이스틸, 넥스틸 등이 하락했다.코스닥지수는 하루 만에 하락했다. 이날 코스닥지수는 전일 대비 1.61포인트(0.21%) 내린 775.65에 장을 마쳤다. 코스닥시장에서도 개인이 1167억원 순매수였다. 외국인과 기관은 각각 97억원과 833억원 매도우위였다.코스닥 시총 상위주들은 등락이 엇갈렸다. 알테오젠(-1.85%), 에코프로비엠(-0.33%), HLB(-0.2%), 에코프로(-1.31%), 레인보우로보틱스(-1.99%) 등이 하락했다. 인적분할 결정 이후 투자심리가 악화된 파마리서치는 이날 8.08% 급락했다. 넥스트칩은 500억원 규모 유상증자 결정에 24.39% 폭락했다.원·달러 환율은 소폭 내렸다. 이날 오후 3시30분 기준 서울 외환시장에서 원·달러 환율은 전일 대비 1.1원 떨어진 1362.7원에 주간거래를 마쳤다.노정동 한경닷컴 기자 dong2@hankyung.com",https://www.hankyung.com/article/2025061709686,2025.06.17 15:51
미국 금융시장 불안에 국내 증시도 위축.…코스피 1%대 하락,,"코스피지수가 1% 넘게 하락했다. 미국 금융시장 우려가 국내 증시로도 번진 것으로 풀이된다.한국거래소에 따르면 22일 코스피지수는 전날보다 31.91포인트(1.22%) 하락한 2593.67에 거래를 끝냈다.종가 기준으로 코스피지수가 2600선을 밑돈 것은 지난 9일(2577.27) 이후 9거래일 만이다.서상영 미래에셋증권 연구원은 ""금융시장은 무디스의 신용등급 강등 이후 미국의 재정 건전성에 대한 불안이 커진 가운데 국채금리가 급등하자 '셀 아메리카'(미국을 팔아라) 현상이 부각됐다""며 ""주식시장은 그간 평가가치(밸류에이션)이 높았기에 채권시장 대비 더 큰 타격을 받은 모습""이라고 분석했다.외국인이 4832억원, 4321억원 매도 우위이고 개인만 9454억원 매수 우위다.유가증권시장에서 삼성바이오로직스는 개장 이후 강세를 보이다가 이내 방향을 틀어 1.82% 하락했다. 삼성바이오로직스는 이날 개장 전 인적분할 결정 공시를 했다. 바이오의약품 위탁개발생산(CDMO) 사업과 바이오시밀러(복제약) 사업을 완전 분리하는 게 골자다. 삼성바이오로직스의 최대주주로 지분 43.1%를 보유하고 있는 삼성물산% 올랐따.이날 유가증권시장에 처음 상장한 달바글로벌은 66%대 강세인 1만100원에 마감했다.코스닥지수는 5.95포인트(0.82%) 내린 717.67에 장을 끝냈다.외국인과 기관이 각각 550억원, 575억원 매도 우위이고 개인만 1167억원 매수 우위이다.중화권을 중심으로 코로나19가 재확산 조짐을 보이는 가운데, 관련주들이 일제 상한가를 기록했다. 더바이오메드, 위더스제약, 셀리드, 진원생명과학 등이다.서울 외환시장에서 원·달러 환율은 오후 3시30분 기준 전날 대비 5.9원 내린 1381.3원을 기록했다.신민경 한경닷컴 기자 radio@hankyung.com",https://www.hankyung.com/article/2025052297906,2025.05.22 15:59
"원·달러 환율 7개월 만에 최저치…1,360원대로 하락",,"최근 원·달러 환율이 1,360원대로 하락하며 7개월여 만에 최저치를 기록했다. 이는 미국 달러의 약세와 국내 정치 불확실성 완화, 수출 회복 기대감 등이 복합적으로 작용한 결과로 분석된다특히 미국의 금리 인하 가능성과 함께 달러 강세가 주춤하면서 원화가 상대적으로 강세를 보이고 있다. 또한, 국내 정치 상황의 안정과 수출 회복에 대한 기대감이 환율 하락에 긍정적인 영향을 미쳤다.전문가들은 이러한 추세가 지속될 경우 연말까지 환율이 1,300원 초반대까지 하락할 가능성도 있다고 전망하고 있다. 다만, 글로벌 경제의 불확실성과 미국의 통화정책 변화 등 외부 요인에 따라 환율 변동성이 여전히 존재하므로 지속적인 모니터링이 필요하다.환율 하락은 수입 원자재 가격 안정과 물가 상승 압력 완화 등 긍정적인 효과를 가져올 수 있으나, 수출 경쟁력 약화 우려도 함께 제기되고 있다. 이에 따라 정부와 기업들은 환율 변동에 따른 영향을 면밀히 분석하고 대응 전략을 마련해야 할 것으로 보인다.이번 환율 하락이 일시적인 현상인지, 장기적인 추세 전환의 신호인지에 대한 관심이 높아지고 있다. 향후 글로벌 경제 동향과 국내외 정책 변화에 따라 환율의 방향성이 결정될 것으로 예상된다.로보티즈, 우리기술, 세진중공업, 삼성바이오로직스, 엘앤씨바이오무료상담",https://www.hankyung.com/article/202505278293a,2025.05.27 14:33
"19일, 외국인 거래소에서 NAVER(+3.49%), 한화오션(-3.46%) 등 순매도",,"외국인 투자자는 19일 거래소에서 NAVER, 한화오션, 삼성전자 등을 중점적으로 매도한 것으로 나타났다.외국인 투자자의 순매도 상위 20개 종목은 NAVER, 한화오션, 삼성전자, 크래프톤, 두산에너빌리티, 삼성에스디에스, 삼성전자우, KODEX 200선물인버스2X, 삼성전기, 유한양행등이다.이중에 전기,전자 업종에 속한 종목이 5개 포함되어 있다.NAVER, 삼성에스디에스, 한전KPS 등은 전일 대비 주가가 상승했고, 한화오션, 삼성전자, 크래프톤 등은 주가가 하락했다.[06월19일]거래소 외국인 순매도 상위 종목한경로보뉴스이 기사는 한국경제신문과 금융 AI 전문기업 씽크풀이 공동 개발한 기사 자동생성 알고리즘에 의해 실시간으로 작성된 것입니다.",https://www.hankyung.com/article/202506197074L,2025.06.19 18:35
외국인 기관 순매수 종목을 살펴보면 달릴 종목이 보인다?,,"외국인, 기관 투자자들은 개인 투자자들에 비해 많은 자금을 보유하고 있으며, 시장을 주도하는 경우가 많다.그렇기 때문에 많은 투자자들이 궁금해하는 외국인, 기관이 어떤 종목을 얼마나 순매수 하는지에 대해 알아보고자 한다.최근 금액기준 외국인, 기관 동시 순매수 상위 종목을 알아본 결과




 

외국인과 기관이 동시에 순매수한 종목은 삼성바이오로직스(1,026억), 한화에어로스페이스(848억), 삼성중공업(740억), 현대로템(505억), HD한국조선해양(223억)이 상위 5종목이다.(5월 21일 기준)켐트로닉스, 더존비즈온, DB하이텍, 한글과컴퓨터, 시노펙스무료상담",https://www.hankyung.com/article/202505229357a,2025.05.22 14:23
"코스피, 美 기준금리 동결 이후 2580선 강보합…반도체株↑","""미, AI칩 수출 규제 완화""
코스닥, 3거래일 연속 상승","사진=뉴스1

                8일 코스피지수가 미 기준금리 동결 결정 이후 상승으로 출발했다. 원·달러 환율은 1400원 아래에서 보합으로 개장했다.이날 오전 9시2분 현재 코스피지수는 전 거래일 대비 8.26포인트(0.32%) 오른 2582.06을 기록 중이다. 지수는 이날 0.29% 상승으로 출발했다.미 Fed는 이날 새벽 연방공개시장위원회(FOMC)를 열고 기준금리를 동결했다. 이로써 금리는 연 4.25~4.50%를 유지했다. 제롬 파월 미 Fed 의장은 FOMC 직후 기자회견에서 ""경제 전망에 대한 불확실성이 더욱 커졌다""며 금리 동결 이유를 밝혔다.이 시각 현재 유가증권시장에서 외국인과 기관 투자자는 각각 325억원과 411억원 매도우위다. 개인은 746억원 순매수 중이다.코스피 시가총액 상위기업들은 혼조세다. 트럼프 행정부가 인공지능(AI) 반도체 수출 규제를 완화할 수 있다는 소식에 삼성전자와 SK하이닉스가 장 초반 각각 1.1%와 1.83% 오르고 있다.LG에너지솔루션, 삼성바이오로직스, 현대차, KB금융, 셀트리온 기아도 상승하고 있다. 반면 한화에어로스페이스, HD현대중공업, 네이버, 신한지주, 한화오션 등은 내림세다.카카오는 1.96% 떨어지고 있다. 카카오는 이날 개장 전 1분기 실적을 발표하고 영업이익이 전년 동기 대비 12% 줄어든 1054억원으로 집계됐다고 밝혔다.정치 테마주는 또 요동치고 있다. 김문수 국민의힘 대선 후보 테마주로 분류되는 평화홀딩스(21.33%), 평화산업(14%) 등이 장 초반 급등세다. 반면 한덕수 무소속 후보 테마주로 분류되는 티와이홀딩스(-20.5%), 태영건설우(-12.92%) 등은 급락하고 있다.코스닥지수는 3거래일 연속 오름세다. 이 시각 현재 코스닥지수는 전 거래일 대비 0.72% 뛴 728.04를 기록 중이다. 코스닥시장에선 개인이 387억원 순매수하고 있다. 외국인과 기관은 각각 108억원과 194억원 매도우위다.코스닥 시총 상위주들은 대부분 상승하고 있다. 알테오젠, 에코프로비엠, HLB, 에코프로, 레인보우로보틱스 등이 0.1~1.8%대 오르고 있다. 파크시스템스는 1분기 호실적 소식 이후 8%대 급등세다. 나우로보틱스는 코스닥 상장 첫날 장 초반 공모가 대비 150% 넘는 상승률을 나타내고 있다.원·달러 환율은 방향을 잡지 못했다. 이날 서울 외환시장에서 원·달러 환율은 전 거래일 대비 보합인 1398원으로 출발했다.노정동 한경닷컴 기자 dong2@hankyung.com",https://www.hankyung.com/article/2025050888276,2025.05.08 09:19
"'숨 고르기' 코스피, 2630선 약보합 등락…코스닥도 하락","HMM, 자사주 매입 발표·본사 이전 이슈에 '급등'","사진=연합뉴스

                15일 코스피지수가 미·중 무역협상을 소화하며 숨 고르기에 돌입했다.이날 오전 9시9분 현재 코스피지수는 전 거래일 대비 7.6포인트(0.29%) 내린 2632.97을 기록 중이다. 간밤 뉴욕증시는 미·중 관세 협상의 긍정적인 분위기를 이어갔지만 마땅한 상승 재료가 없어 주요 지수가 혼조세로 마감했다.이 시각 현재 유가증권시장에서 외국인과 기관 투자자는 각각 393억원과 1099억원 순매도를 나타내고 있다. 개인은 1432억원 매수우위다.코스피 시가총액 상위기업들은 대부분 하락하고 있다. 삼성전자가 보합권에서 움직이고 있는 가운데 SK하이닉스는 0.24% 소폭 내림세다. 미 엔비디아가 사우디아라비아에 대규모 인공지능(AI) 칩을 공급하기로 했다는 재료를 반영하지 못하고 있다.삼성바이오로직스, 현대차, 한화에어로스페이스, HD현대중공업, 기아, 셀트리온, 네이버, 한화오션, 현대모비스도 일제히 파란불을 켰다. 반면 LG에너지솔루션, 삼성전자우, KB금융, 신한지주는 오름세다.HMM은 자사주 매입 발표와 이재명 더불어민주당 대선 후보가 본사 부산 이전, 북극항로 시대를 준비하겠다고 언급하면서 주가가 장 초반 7%대 급등하고 있다. 한국금융지주는 사상 최대 실적 발표에 신고가를 경신했다. 정용진 신세계그룹 회장이 도널드 트럼프 미국 대통령의 중동 순방에 동행한다는 소식 이후 신세계 I&C 주가가 6%대 오르고 있다.코스닥지수도 4거래일 만에 하락하고 있다. 이 시각 현재 코스닥지수는 전 거래일 대비 0.37% 떨어진 736.35를 기록 중이다. 코스닥시장에선 외국인이 633억원 순매도하고 있다. 기관과 개인은 각각 21억원과 712억원 매수우위다.코스닥 시총 상위주들은 등락이 엇갈리고 있다. 알테오젠, 에코프로비엠, HLB, 에코프로, 레인보우로보틱스가 하락하고 있는 반면 파마리서치, 펩트론, 클래시스는 오르고 있다.SAM엔터는 1분기 흑자전환 소식에 장 초반 주가가 25%대 급등하고 있다. JYP Ent.",https://www.hankyung.com/article/2025051538996,2025.05.15 09:28
SK하이닉스 급락에 코스피 '출렁'…삼성전자가 살렸다,,"사진=뉴스1

                코스피가 강보합세로 마감됐다. 장 초반엔 1% 넘게 하락하며 3150선을 위협받기도 했지만, 분위기를 돌리는 데 성공했다. SK하이닉스가 부정적 전망에 급락했지만, 삼성전자가 3% 넘게 상승했다.17일 코스피는 전일 대비 5.91포인트(0.19%) 오른 3192.29에 거래를 마쳤다.지수는 3200선을 회복하며 시작했지만, 곧바로 힘이 빠지며 3152.42까지 하락했다. 이후 낙폭을 줄여가다가 결국 상승전환했다.장 초반엔 주식을 팔던 외국인과 기관이 돌아선 영향이다. 각각 유가증권시장에서 480억원어치와 1598억원어치 주식을 샀다. 외국인의 코스피200선물 매도금액은 장 초반 3771억원까지 커졌다가, 1001억원으로 줄었다. 장 초반 주식을 사던 개인은 3356억원어치를 순매도하며 거래를 마쳤다.시가총액 상위 종목은 대체로 올랐다.다만 SK하이닉스가 8.95%나 급락했다. 골드만삭스와 국내 증권가에서 부정적 전망을 담을 리포트를 내놓으면서 차익실현 매물이 쏟아졌다.삼성전자가 오름폭을 3.09%까지 키우며 SK하이닉스 급락에 따른 지수 하락을 방어했다. 삼성바이오로직스도 3.58% 상승했다. 제일모직과 삼성물산의 합병 과정 중 부당합병·회계부정 의혹으로 기소된 이재용 삼성전자 회장이 대법원에서 무죄를 확정받은 영향으로 보인다.LG에너지솔루션은 1.93% 올랐다. 테슬라가 중국에서 출시할 6인용 모델YL에 LG에너지솔루션의 니켈·코발트·망간(NCM) 배터리가 탑재된다는 소식이 전해지면서다.한화에어로스페이스도 유럽의 방위비 증가 기대감에 4.92% 치솟았다.코스닥은 전일 대비 6.04포인트(0.74%) 오른 818.27에 거래를 마쳤다. 이 시장에서는 개인이 625억원어치 주식을 샀고, 외국인은 707억원어치를 팔았다.코스닥 시가총액 상위 종목 중에서는 펩트론이 19.62% 급등하며 가장 돋보였다.알테오젠과 HLB, 리가켐바이오도 각각 0.51%와 3.65%, 3.27% 올랐다.반면 레인보우로보틱스는 1.09% 하락했다.서울외환시장에서 원·달러 환율은 전일 대비 5.2원(0.37%) 오른 달러당 1392.2원에 거래되고 있다.한경우 한경닷컴 기자 case@hankyung.com",https://www.hankyung.com/article/2025071750416,2025.07.17 15:47
"코스피, 차익 실현 매물에 2630선 후퇴…외인·기관 '팔자'",,"사진=연합뉴스

                코스피지수가 27일 외국인과 기관투자자의 동반 매도세에 소폭 하락해 2630선으로 밀렸다. 전날 급등에 따른 부담으로 차익 실현 매물이 출회된 영향으로 풀이된다.이날 오전 10시58분 현재 코스피지수는 전날보다 11.61포인트(0.44%) 내린 2632.79를 기록하고 있다.  유가증권시장에서 외국인과 기관이 각각 88억원과 507억원 매도 우위인 반면 개인은 401억원 매수 우위다.이날 새벽 미국 증시는 '메모리얼 데이'(현충일)로 휴장했다.코스피 시가총액 상위 종목 중 삼성전자, SK하이닉스, 삼성바이오로직스, LG에너지솔루션, KB금융, 현대차, HD현대중공업, 기아, 네이버 등이 내리는 반면 한화에어로스페이스와 셀트리온 등은 오르고 있다.S-Oil은 5년 주기의 저점을 찍고 반등할 것이란 증권사 분석에 7%대 급등세를 보이고 있다.코스닥지수는 같은 시각 0.65포인트(0.09%) 내린 724.62를 나타내고 있다. 이날 지수는 0.24% 오름세로 출발 후 보합권에서 등락을 거듭하다 오전 10시38분께부터 하락세를 유지하는 모습이다. 코스닥시장에서도 외국인과 기관이 각각 434억원과 74억원 매도 우위인 반면 개인은 603억원 매수 우위다.코스닥 시총 상위 종목 중 에코프로비엠, HLB, 에코프로, 레인보우로보틱스, 파마리서치 등이 내리는 반면 알테오젠, 휴젤, 리가켐바이오, 클래시스, 에이비엘바이오, 삼천당제약 등이 오르고 있다.해양 케이블 업체 LS마린솔루션은 2800억원 규모의 유상증자를 단행하기로 결정했다는 소식에 6%대 급락세다. 장중 한때 12%대까지 밀리기도 했다.이날 서울 외환시장에서 원·달러 환율은 전장보다 3.6원 오른 1368원으로 개장했다.고정삼 한경닷컴 기자 jsk@hankyung.com",https://www.hankyung.com/article/2025052779936,2025.05.27 11:08
"""삼성바이오로직스 분할, 신약 개발 본격화를 의미""-키움",,"사진=한경DB

                키움증권은 23일 삼성바이오로직스에 대해 인적분할을 추진하는 건 본격적인 신약 개발에 나서겠다는 의미하고 해석했다.삼성바이오로직스는 인적분할을 통해 의약품 위탁 개발·생산(CDMO) 부문은 존속법인에 남기고, 신설법인인 삼성에피스홀딩스에 삼성바이오에피스 지분 100%를 승계하도록 하는 방안을 추진하겠다고 공시했다.이에 대해 허혜민 키움증권 연구원은 “삼성그룹이 (삼성에피스홀딩스를 통해) 본격적으로 신약 개발을 시작한다는 의미로 해석된다”고 말했다. 이어 “삼성바이오로직스는 글로벌 파트너십 확대를 위한 영업활동이 수월해질 것”이라며 “분할된 신설법인은 투자지주회사로 신성장 동력 발굴과 연구·개발(R&D) 및 기업 인수·합병(M&A)를 통해 적극적인 성장을 추진할 것”이라고 내다봤다.이번 분할 추진이 단기적으로 펀더멘털에 미치는 영향은 미미할 것으로 분석됐다.다만 허 연구원은 “최근 인적분할 업체들의 분할상장 전 주가 수익률이 대체로 상승 흐름을 나타냈다”며 “이후 각 사의 펀더멘털, 수급, 모멘텀에 따라 변동했다”고 전했다.한경우 한경닷컴 기자 case@hankyung.com",https://www.hankyung.com/article/2025052307436,2025.05.23 07:45
미·중 무역분쟁 우려…프리마켓서 대형주 줄줄이 '하락',"SK하이닉스 3%대 하락
조선주는 강세","사진=게티이미지뱅크 

                넥스트레이드 프리마켓(오전 8시~8시 50분)에서 시가총액 상위주가 대부분 하락하고 있다. 미·중 무역 갈등이 격화하며 미국 주요 지수가 약세를 보이자 투자심리가 위축된 모습이다.11일 오전 8시38분 현재 삼성전자는 1.95% 하락 중이다. SK하이닉스(-3.28%), LG에너지솔루션(-3.72%)은 3% 넘게 하락하고 있다. 기아(-2.15%), 현대차(-2.14%), 네이버(-1.96%), 셀트리온(-1.95%), KB금융(-1.71%), 한화에어로스페이스(-1.49%), 삼성바이오로직스(-1.08%) 등 코스피 시가총액 상위 10개 종목이 모두 파란불을 켰다.미국 정부가 중국에 대한 미국의 관세율이 총 145%라며 기존 도널드 트럼프 미국 대통령의 발표 내용(125%)을 정정한 영향으로 풀이된다. 해당 관세의 발효 시점은 10일 오전 0시 1분부터다. 미국과 중국의 무역갈등이 심화할 것으로 예상되면서 이날 미국 3대 지수는 모두 하락 마감했다.다만 HD현대중공업(3.24%), 한화오션(2.19%) 등 조선주는 강세를 보이고 있다. 트럼프 대통령이 미국 조선업 재건 의지를 재확인하며 다른 나라로부터 선박을 구매할 수 있다고 밝히면서다.진영기 한경닷컴 기자 young71@hankyung.com",https://www.hankyung.com/article/2025041148266,2025.04.11 08:46
"SK스퀘어, AI·반도체 투자 확대와 주주환원 정책에 상승세",,"SK스퀘어가 최근 주가 상승세를 보이며 투자자들의 주목을 받고 있다. 이는 인공지능(AI) 및 반도체 분야에 대한 적극적인 투자 확대와 함께, 자사주 매입 및 소각 등 주주환원 정책을 추진한 결과로 분석된다. 특히, SK하이닉스의 실적 개선과 연계된 수익성 향상이 긍정적인 영향을 미쳤다.또한, SK스퀘어는 비핵심 자산의 매각을 통해 포트폴리오를 재편하고 있으며, 이를 통해 핵심 사업에 집중하고 있다. 이러한 전략은 기업가치 제고와 함께 시장의 신뢰를 얻고 있다. 전문가들은 SK스퀘어의 지속적인 성장 가능성과 주주 친화적인 정책이 주가 상승의 주요 요인으로 작용하고 있다고 평가한다.SK스퀘어, 에코프로, DSC인베스트먼트, 기아, 삼성바이오로직스무료상담",https://www.hankyung.com/article/202506044625a,2025.06.04 14:13
"외국인 대량매수·테마 강세에 힘입은 오로라, 52주 신고가 경신하며 주목",,"최근 캐릭터 완구업체 오로라가 외국인과 기관 투자자의 강한 매수세에 힘입어 52주 신고가를 경신하며 증시를 주도하고 있다.이같은 수급 변화는 캐릭터상품 테마 전반의 강세 흐름과도 맞물려 있다. 이는 퀀트 재무분석에서도 오로라가 캐릭터상품 업계 내 수익성과 성장성에서 최상위권으로 평가받은 결과이기도 하다.그럼에도 오로라에 대한 시장 감시는 이어지고 있다. 코스닥 상장이래 급격한 상승으로 인해 한국거래소는 한때 투자경고 종목으로 지정한 적이 있다. 이러한 조치는 단기 차익 매매 흐름이 과열되지 않도록 시장을 안정시키려는 조치로 해석된다.




 

전문가들은 “캐릭터 상품 업계의 회복세와 매출·수익성 기대감이 외국인·기관 자금을 다시 오로라로 집중시키는 구조”라며, “다만 단기 급등 시점에는 투자경고 장치가 리스크 관리의 신호로 활용될 수 있어 주의가 필요하다”고 설명한다. 실제로 시장 참여자들은 테마 모멘텀과 실적 흐름에 따른 조정 국면 여부를 예의주시하는 중이다.요약하면, 오로라는 캐릭터 콘텐츠 강세 속에서 외국인과 기관의 꾸준한 매수세로 52주 신고가를 경신하며 주가 모멘텀을 이어가고 있다. 하지만 과열 부담에 따른 거래소의 경고 조치도 병행되고 있어, 중장기 관점의 실적 검증과 단기 시장 흐름 관리가 중요한 투자 포인트로 떠오르고 있다.현대로템, 삼성바이오로직스, 더즌, 싸이닉솔루션, 에코프로머티무료상담",https://www.hankyung.com/article/202507210899a,2025.07.21 10:23
바이오 투자회사 신설한 삼성…신약개발·M&A 나선다,"바이오사업 지배구조 개편

위탁생산·시밀러 '양날개' 분리
바이오 지주사 삼성에피스홀딩스
10월 출범 후 로직스 재상장 진행","사진=한경DB

                삼성이 바이오사업 지배구조 개편에 나선 건 바이오의약품 위탁개발생산(CDMO) 수주의 걸림돌을 제거하고 차세대 성장동력을 마련하기 위해서다. CDMO 사업과 바이오시밀러(바이오의약품 복제약) 사업을 병행하는 현행 체제로는 고객사와의 이해 충돌 문제를 피하기 어렵고 ‘선택과 집중’도 쉽지 않다는 이유에서다. 특히 지주회사인 삼성에피스홀딩스(가칭)를 통해 신약 개발을 지원하기로 한 것은 기존 사업만으로는 성장에 한계가 있다고 판단한 영향이 크다.◇10월 신설 지주사 상장







이미지 크게보기



                삼성바이오로직스는 단순·인적분할 방식으로 삼성에피스홀딩스를 신설해 바이오의약품 CDMO 사업과 바이오시밀러 사업을 완전히 분리한다고 22일 공시했다. 유승호 삼성바이오로직스 부사장은 이날 온라인 설명회에서 “바이오의약품 CDMO와 개발을 한 회사에서 담당해 발생하는 이해 상충 문제가 사라져 각 회사가 시장에서 더 높은 가치를 인정받을 것”이라고 말했다.삼성바이오에피스를 100% 자회사로 둔 삼성에피스홀딩스는 오는 10월 1일 출범한다. 같은 달 29일에는 존속회사인 삼성바이오로직스가 변경 상장하고, 삼성에피스홀딩스는 재상장한다. 김경아 삼성바이오에피스 대표가 삼성에피스홀딩스 대표직을 겸임할 예정이다. 삼성바이오에피스 상장 가능성에 대해 회사 측은 “현재 국내외 상장 계획이 없다”고 밝혔다. ‘중복 상장’ 논란을 피하기 위해서다. 삼성바이오로직스의 기존 주주는 존속 삼성바이오로직스 주식과 신설 삼성에피스홀딩스 주식을 0.6503913 대 0.3496087의 비율로 교부받게 된다. 삼성바이오로직스 주식 거래는 9월 29일부터 10월 28일까지 일시 정지된다.◇신약 개발 및 M&A 탄력삼성바이오에피스는 국내 바이오기업 인투셀로부터 핵심 링커 기술을 이전받아 ‘유도탄 항암제’로 불리는 항체약물접합체(ADC) 항암제를 개발 중이다. 환자 모집이 어렵고 개발 난도가 높아 글로벌 제약사들이 개발을 꺼리는 희소질환 유전자 치료제도 개발하고 있다. 현재 동물실험 중으로 이르면 연내 임상에 들어갈 전망이다.업계 관계자는 “CDMO와 바이오시밀러 사업 모두 장기적으로는 경쟁이 치열해져 수익성 악화가 불가피할 것”이라며 “삼성이 이번 분할을 통해 신약 사업을 강화할 것”이라고 전망했다.삼성에피스홀딩스 지주회사 설립 전략은 미국 진단 의료기기 강자인 애보트가 2013년 신약개발부문을 애브비로 분사한 것을 벤치마킹한 것으로 알려졌다. 분사 후 애브비는 블록버스터 의약품인 자가면역질환 치료제 휴미라를 출시해 2020년 연매출 23조원의 세계 1위 의약품으로 키웠다. 현재 애보트와 애브비의 시가총액은 각각 350조원, 420조원에 달한다. 삼성에피스홀딩스는 스위스 제약사 로슈의 지주사 로슈홀딩스와도 닮은꼴이다. 삼성바이오에피스 관계자는 “로슈홀딩스처럼 기술 도입, 인수합병(M&A), 오픈이노베이션(개방형 혁신) 등 다양한 방식의 투자가 가능해질 것”이라고 말했다.◇CDMO 고객사 우려 해소이번 분할로 삼성바이오로직스는 바이오의약품 생산과 개발이라는 이해 상충 문제를 해소하게 된다. 삼성에 바이오의약품 생산을 맡기는 주요 고객은 화이자, MSD(머크), 로슈, 아스트라제네카, 노바티스, 글락소스미스클라인(GSK), 일라이릴리 등 글로벌 대형 제약사다. 이들이 삼성에 일감을 맡길 때 가장 큰 걸림돌은 바이오시밀러를 개발하는 자회사 삼성바이오에피스였다. 신약 개발 노하우와 제조기술이 유출될 수 있다는 우려 때문이다. 암젠, 베링거인겔하임 등 바이오시밀러 경쟁사들은 삼성에 발주하지 않았다. 다른 오리지널 의약품 제조사도 최근 삼성바이오에피스의 위상이 글로벌 바이오시밀러 ‘톱5’ 수준으로 오르자 발주에 부담을 느낀 것으로 알려졌다. 유 부사장은 “이해 상충 문제가 수주에도 적지 않은 영향을 줬다”며 “고객사의 우려를 불식하기 위해 많은 비용과 시간을 들여야 했다”고 설명했다.삼성바이오로직스는 이번에 순수 CDMO 회사로 다시 출발하면서 기존 역량을 강화하는 한편 ADC, 아데노연관바이러스(AAV), 사전충전형 주사기(PFS) 등 신사업 분야 투자도 더욱 확대할 계획이다.안대규/오현아 기자 powerzanic@hankyung.com",https://www.hankyung.com/article/2025052202811,2025.05.22 18:12
[투자운세] 4월28일(오늘) 궁합이 맞는 종목은?,,"2025년 4월 28일 오늘 관심가질 종목입니다1.쥐띠 : 매는 맞기 직전이 가장 두렵다!60년생 (나노신소재, 한미반도체) 72년생 (이수페타시스, 솔루엠) 84년생 (주성엔지니어링, 에코프로머티)2.소띠 : 익은 감은 건드리기만 해도 떨어진다61년생 (SK하이닉스, 롯데에너지머티리얼즈) 73년생 (대주전자재료, ISC) 85년생 (HPSP, 하나마이크론)3.호랑이띠 : 제도가 변하면 새로운 유행주가 나타난다62년생 (알테오젠, 현대로템) 74년생 (이오테크닉스, 파크시스템스) 86년생 (SK스퀘어, 리노공업)4.토끼띠 : 우발심을 삼가하라63년생 (아프리카TV, 삼성전기) 75년생 (레인보우로보틱스, 한국항공우주) 87년생 (고영, 삼아알미늄)5.용띠 : 나누어서 사고 나누어서 팔아라64년생 (한솔케미칼, 루닛) 76년생 (KG모빌리티, 동진쎄미켐) 88년생 (에스원, 포스코퓨처엠)6.뱀띠 : 시세는 시세에 물어라65년생 (대덕전자, 삼성전자) 77년생 (두산로보틱스, LS머트리얼즈) 89년생 (LX세미콘, 케어젠)




 

7.말띠 : 새 술은 새 부대에 담아라66 년생 (삼성전자, 두산퓨얼셀) 78년생 (SK바이오팜, 카카오뱅크) 90년생 (SK아이이테크놀로지, 티씨케이)8.양띠 : 매도 종목의 움직임도 관찰하라67년생 (씨에스윈드, 솔브레인) 79년생 (하이브, OCI홀딩스) 91년생 (한국콜마, 카카오)9.원숭이띠 : 연 날릴 때는 연줄을 모두 풀지 않는다68년생 (F&F, SK이노베이션) 80년생 (레이크머티리얼즈, 롯데웰푸드) 92년생 (펄어비스, 메디톡스)10.닭띠 : 합창을 하면 주가는 반대로 움직인다69년생 (레고켐바이오, 더존비즈온) 81년생 (영원무역홀딩스, 포스코DX) 93년생 (셀트리온, LG이노텍)11.개띠 : 주식투자는 절대적 유연성이 필요하다70년생 (셀트리온제약, 삼성생명) 82년생 (한화오션, 삼성엔지니어링) 94년생 (DB하이텍, 삼성중공업)12.돼지띠 : 승부를 여유있게 즐기라71년생 (코스모화학, 삼성바이오로직스) 83년생 (덴티움, POSCO홀딩스) 95년생 (클래시스, 현대미포조선)링크종목 – 현대힘스, HD현대일렉트릭, 현대로템, KB금융, 경남스틸무료상담",https://www.hankyung.com/article/202504289207a,2025.04.28 09:58
외국인 기관 움직임을 살펴보면 주가지수가 보인다?,,"외국인, 기관 투자자들은 개인 투자자들에 비해 막대한 자금을 보유하고 있으며, 시장을 주도하는 경우가 많다.그렇기 때문에 많은 투자자들이 궁금해하는 외국인, 기관이 전일 코스피, 코스닥,선물을 얼마나 순매수 하는지에 대해 알아보고자 한다.




 

코스피는 외국인이 2,737억원을 순매수 하였으며 기관은 -3,680억원을 순매수 하였다코스닥은 외국인이 -1,200억원을 순매수 하였으며 기관은 152억원을 순매수 하였다선물(코스피200)은 외국인이 -1,420억원을 순매수 하였으며 기관은 740억원을 순매수 하였다.(5월 15일 기준)링크종목 – 한미약품, 삼성바이오로직스, 카페24, LG디스플레이, 고영무료상담",https://www.hankyung.com/article/202505166736a,2025.05.16 10:33
"코스피, 상호관세 유예 만료 앞두고 '숨고르기'…외인 '팔자'","트럼프 ""유예 연장 생각 안 해""
상법개정안 상정 앞두고 지주사 매물 출회","사진=뉴스1

                코스피지수가 상호관세 리스크 재부각에 투자심리가 위축되며 숨고르기에 들어갔다.2일 코스피지수는 전일 대비 0.47% 내린 3075.06에 장을 마쳤다.이날 하락은 도널드 트럼프 행정부가 지정한 상호관세 유예 만료 기한이 일주일 앞으로 다가오면서 관련 리스크가 불거졌기 때문으로 풀이된다.트럼프 대통령은 이날 플로리다주를 방문한 뒤 워싱턴DC로 돌아오는 전용기 안에서 상호관세 유예 시한을 연장할 수 있냐는 취재진 질문에 ""아니다. 유예에 대해서는 생각하지 않고 있다""고 말했다.상호관세 유예 만료 시한은 오는 8일(현지시간)까지로 일주일 남은 상황이다. 트럼프 행정부는 상호관세 유예기간 각국과 무역 협상을 벌여왔는데 아직 영국 외에는 협상을 타결한 국가가 없다.이날 유가증권시장에서 외국인은 4144억원을 순매도했다. 반면 개인과 기관은 각각 3915억원과 552억원 매수우위였다.코스피 시가총액 상위주들은 등락이 엇갈렸다. 삼성전자(1%), 삼성바이오로직스(0.6%), LG에너지솔루션(1.68%), 현대차(1.67%), KB금융(2.44%) 등이 오른 반면 SK하이닉스(-2.28%), 네이버(-3.82%), 두산에너빌리티(-1.44%), 한화에어로스페이스(-2.38%) 등이 하락했다.상법 개정 이후 수혜를 얻을 것으로 기대감을 모아 최근 급등세를 나타냈던 한화(-11.86%), LS(-11.52%), 두산(-5.45%) 등 지주사 주가는 이날 차익실현 매물이 출회되면서 일제히 급락했다. 합병을 발표한 HD현대건설기계(15.36%)와 HD현대인프라코어(5.44%)는 동반 급등했다.코스닥지수도 하락했다. 이날 코스닥지수는 0.19% 내린 782.17에 장을 마감했다. 코스닥시장에서도 외국인이 2053억원 순매도를 보였다. 개인과 기관은 각각 1892억원과 222억원 매수우위였다.코스닥 시총 1위 기업인 알테오젠은 해외 항암제 치료방법에 알테오젠의 제형 변경 기술이 적용된다는 소식에 매수세가 유입됐다. 실리콘투는 김성운 대표가 지분을 줄였다는 소식 이후 10% 넘게 급락했다.원달러 환율은 소폭 상승했다. 이날 오후 3시30분 기준 서울 외환시장에서 원달러 환율은 전일 대비 2.8원 오른 1358.7원에 주간거래를 마감했다.노정동 한경닷컴 기자 dong2@hankyung.com",https://www.hankyung.com/article/2025070241446,2025.07.02 15:55
'1조 잭팟' 환호…이 불황에 성과급 '기본급 100%' 쏜 회사,"삼성바이오로직스, 호실적에 성과급 '기본급 100%' 지급","삼성바이오로직스 본사 전경. /사진=한경DB

                올해 1분기 역대 최대 분기 실적을 기록한 삼성바이오로직스가 상반기 성과급을 월 기본급 100%로 책정한 것으로 알려졌다.8일 관련 업계에 따르면 삼성바이오로직스는 상반기 TAI(목표달성장려금)를 최대치인 월 기본급의 100%로 확정했다. TAI는 이 회사 성과급 제도 중 하나다. 매년 상·하반기 한 차례씩 실적을 토대로 소속 사업 부문과 사업부 평가 등을 합쳐 최대 월 기본급의 100%까지 지급하게 돼 있다.앞서 삼성바이오로직스는 지난 1월에도 초과이익성과급(OPI)을 지급 최대치인 연봉의 50%로 책정했다. OPI는 직전년도 경영실적을 기준으로 초과 이익 20% 한도 내에서 연봉의 최대 50%까지 지급한다.지난해부터 삼성바이오로직스는 사상 최대 실적을 달성하고 있다. 연결기준 작년 한 해 영업이익은 1조3201억원으로 전년보다 18.53% 증가한 것으로 잠정 집계됐다. 매출은 4조5473억원으로 23.08% 늘었다.국내 제약·바이오 기업 가운데 연간 매출 4조원을 넘어선 건 삼성바이오로직스가 최초다. 올해 1분기에도 연결기준 영업이익 4867억원, 매출 1조2983억원을 기록, 역대 최대 분기 실적을 기록했다.홍민성 한경닷컴 기자 mshong@hankyung.com",https://www.hankyung.com/article/2025070838617,2025.07.08 08:44
외국인·기관 동반 매수에도…관세협상 지연에 3200선 탈환 실패,,"사진=연합뉴스

                코스피가 3200선 탈환에 실패했다. 외국인과 기관의 동반 순매수 속에 장중 신고가 기록을 갈아치웠지만, 관세 협상 지연 소식에 상승분을 대부분 반납했다.24일 코스피는 전일 대비 6.68포인트(0.21%) 오른 3190.45에 거래를 마쳤다. 개장 후 30분만에 3237.97까지 올라 52주 신고가를 다시 썼지만, 이후 내리막을 탔다.미국 워싱턴DC에서 오는 25일(현지시간) 열릴 예정이던 한·미 재무·통상 수장 간 ‘2+2 통상 협의’가 연기되면서 투자심리가 악화된 탓으로 보인다. 기획재정부는 이번 회의 무산이 스콧 베센트 미 재무장관의 긴급 일정 때문이라며 빠른 시일 내에 일정을 잡을 계획이라고 밝혔다.이날 외국인과 기관이 유가증권시장에서 각각 7413억원어치와 1288억원어치의 주식을 순매수했지만, 개인이 9509억원어치를 팔아치웠다.시가총액 상위 종목들은 대체로 상승했다.특히 LG에너지솔루션이 중국 기업을 상대로 독일 법원에 제기한 특허소송에서 승소하면서 9.36%나 급등했다.전날 장마감 이후 호실적을 내놓은 삼성바이오로직스도 2.26% 올랐다.SK하이닉스는 사상 처음으로 9조원 넘는 분기 영업이익을 기록해 장중엔 3%대 상승세를 보였지만, 상승분을 반납하고 강보합세로 마감됐다.한화에어로스페이스는 3.41% 올랐다.반면 현대차는 관세협상 지연 소식에 2.03% 하락했다. 기아도 1.04% 빠졌다.코스닥은 전일 대비 3.67포인트(0.45%) 내린 809.89에 마감됐다. 이 시장에선 외국인이 343억원어치 주식을 샀고, 개인과 기관은 각각 200억원어치와 165억원어치를 팔았다.코스닥 시가총액 상위 종목들은 혼조세였다.삼천당제약은 5.62% 급등했고, 에코프로비엠과 에코프로도 각각 2.47%와 1.56% 올랐다.반면 펩트론은 4.05% 급락했다. 알테오젠과 HLB도 0.42%와 0.9% 빠졌다.서울외환시장에서 원·달러 환율은 전일 대비 7.1원(0.52%) 내린 달러당 1368.7원에 거래되고 있다.한경우 한경닷컴 기자 case@hankyung.com",https://www.hankyung.com/article/2025072400126,2025.07.24 15:50
코스피 상승 출발…3200선 회복 시도,,"전날인 22일 서울 중구 하나은행 딜링룸에서 딜러들이 대화하고 있다. /사진=김범준 기자

                코스피지수가 상승 출발했다.23일 오전 9시17분 현재 코스피지수는 전날 대비 7.23포인트(0.23%) 오른 3177.17에 거래되고 있다. 지수는 19.71포인트(0.62%) 오른 3189.65에 개장했다.지수는 개장 직후 3199.86까지 오르는 등 3200선 회복을 타진하고 있다.장 초반 외국인과 기관의 매수세가 두드러진다. 외국인과 기관이 각 549억원, 638억원 매수 우위다. 개인만 1226억원 매도 우위다.유가증권시장에서 삼성전자(0.08%)와 LG에너지솔루션(0.75%), 삼성바이오로직스(2.3%), KB금융(2.01%), 현대차(3.63%), 기아(3.27%), POSCO홀딩스(4.8%) 등이 상승하고 있다. 반면 SK하이닉스(-0.93%)와 한화에어로스페이스(-0.11%) 등이 약세다.코스닥지수는 약보합세다. 지수는 전날보다 2.47포인트(0.3%) 내린 810.5에 거래 중이다. 지수는 2.91포인트(0.36%) 오른 815.88에 개장했다.외국인과 기관이 각각 351억원, 363억원 매도 우위이고 개인만 784억원 매수 우위다.코스닥시장에서 대장주 알테오젠(0.42%)은 오르고 있다. HLB와 에코프로, 파마리서치, 리가켐바이오도 1%대 오름세다. 삼천당제약은 15% 넘게 급등세다. 펩트론은 2%대, 리노공업은 4%대 약세다.서울 외환시장에서 원·달러 환율은 6.7원 내린 1381.1원에 출발했다.신민경 한경닷컴 기자 radio@hankyung.com",https://www.hankyung.com/article/2025072359216,2025.07.23 09:19
"24일, 외국인 거래소에서 SK하이닉스(-1.49%), 한미반도체(-2.69%) 등 순매도",,"외국인 투자자는 24일 거래소에서 SK하이닉스, 한미반도체, HD현대중공업 등을 중점적으로 매도한 것으로 나타났다.외국인 투자자의 순매도 상위 20개 종목은 SK하이닉스, 한미반도체, HD현대중공업, 셀트리온, 삼성SDI, HD현대일렉트릭, KODEX 200, POSCO홀딩스, LG이노텍, KODEX 200선물인버스2X등이다.이중에 전기,전자 업종에 속한 종목이 6개 포함되어 있다.HD현대중공업, KODEX 200선물인버스2X, HD현대마린엔진 등은 전일 대비 주가가 상승했고, SK하이닉스, 한미반도체, 셀트리온 등은 주가가 하락했다.[04월24일]거래소 외국인 순매도 상위 종목한경로보뉴스이 기사는 한국경제신문과 금융 AI 전문기업 씽크풀이 공동 개발한 기사 자동생성 알고리즘에 의해 실시간으로 작성된 것입니다.",https://www.hankyung.com/article/202504244372L,2025.04.24 18:35
"11일, 외국인 거래소에서 삼성전자(-2.13%), SK하이닉스(-1.31%) 등 순매도",,"외국인 투자자는 11일 거래소에서 삼성전자, SK하이닉스, 현대차 등을 중점적으로 매도한 것으로 나타났다.외국인 투자자의 순매도 상위 20개 종목은 삼성전자, SK하이닉스, 현대차, 기아, HD현대일렉트릭, SK이노베이션, 한화비전, LG에너지솔루션, 신한지주, POSCO홀딩스등이다.이중에 전기,전자 업종에 속한 종목이 7개 포함되어 있다.한화비전, 신한지주, 한국항공우주 등은 전일 대비 주가가 상승했고, 삼성전자, SK하이닉스, 현대차 등은 주가가 하락했다.[04월11일]거래소 외국인 순매도 상위 종목한경로보뉴스이 기사는 한국경제신문과 금융 AI 전문기업 씽크풀이 공동 개발한 기사 자동생성 알고리즘에 의해 실시간으로 작성된 것입니다.",https://www.hankyung.com/article/202504116609L,2025.04.11 18:35
"한화솔루션, 외국인·기관 ‘연속 순매수’에도 소폭 조정… 밸류 재점검 국면",,"한화솔루션이 8일 장 초반 소폭 하락는 모습이 나타나고 있다. 이러한 조정은 최근 강한 상승 흐름 후 단기 이익 실현 매물이 일부 나오며 자연스러운 숨 고르기 국면으로 해석된다.그럼에도 수급 측면은 여전히 우호적이다. 외국인은 연속 순매수를 이어가며, 기관도 동반 매수 흐름을 보이는 등 구조적 수급 강세가 여전하다. 실제로 7월 1일에는 외국인이 약 56만 주, 기관이 약 62만 주를 순매수해 주요 수급 기반이 유지됐다.기술적 지표도 아직은 긍정적 시그널을 유지하고 있다. RSI는 중립 수준을, MACD는 매수 신호를 나타내는 가운데, 과매입 구간에서는 일부 조정 시그널이 포착되어 조정 후 재상승 가능성이 점쳐진다.밸류에이션 및 모멘텀 측면에서도 강점은 여전하다. 태양광·화학·산업용 소재 포트폴리오는 글로벌 친환경 정책 수혜에 직결되고 있으며, 현대차증권 등 주요 증권사들은 “Downstream 가치 상승 및 FEoC(가정용 태양광) 규제 강화 기대”를 들어 목표주가를 40,000~51,000원으로 상향 조정했다.단기 조정에도 불구하고 기본 모멘텀은 유지되고 있다는 점이 핵심이다. 그러나 향후 상승 흐름 지속 여부는 정책 수혜 가시화, 목표주가 상방 확인, 그리고 외국인·기관 수급 유지 여부에 달려 있다.삼성바이오로직스, 삼성증권, 삼성물산, 에코프로머티, 대한항공무료상담",https://www.hankyung.com/article/202507084302a,2025.07.08 12:53
"코스피, 외국인 매도에 2500 탈환 실패…환율 1420.3원",,"사진=연합뉴스

                코스피가 21일 장중 2500선 회복을 시도했지만 좌절됐다. 외국인의 매도 때문이다.이날 오전 10시37분 현재 코스피는 전일 대비 1.70포인트(0.07%) 오른 2485.12에 거래되고 있다.보합권에서 시작한 지수는 장중 2498.84까지 올랐지만, 다시 보합권으로 밀렸다.외국인이 유가증권시장에서 1640억원어치 주식을 팔며 지수를 짓눌렀다. 오전 한때 1000억원 이상이던 코스피200선물 매수 금액도 147억원으로 쪼그라들었다. 기관도 5억원어치 현물주식을 팔고 있다. 개인이 홀로 1405억원어치를 사고 있지만, 지수를 끌어 올리기엔 힘에 부치는 모습이다.시가총액 상위 종목은 혼조세다.삼성전자는 보합이지만, SK하이닉스는 1.43% 상승 중이다. 삼성바이오로직스는 2.48% 오르고 있다.반면 HD현대중공업은 2.64% 하락하고 있다. 중국 선박에 대한 미국의 규제가 생각보다 약하다는 평가가 나온 탓이다.LG에너지솔루션(-0.3%)과 현대차(-0.27%) 약보합이다.코스닥은 전일 대비 0.17포인트(0.02%) 내린 717.60에 거래되고 있다. 이 시장에서는 개인이 957억원어치 주식을 사는 반면, 외국인과 기관은 각각 680억원어치와 181억원어치를 팔고 있다.코스닥 시가총액 상위 종목은 대체로 내리고 있다.레인보우로보틱스와 휴젤만 각각 1%대 상승세를 보인다.하락 종목 중에서는 펩트론(-2.22%)과 파마리서치(-2.04%)의 낙폭이 큰 편이다. HLB도 1.82% 하락하고 있다.서울외환시장에서 원·달러 환율은 전일 대비 3.3원(0.23%) 내린 달러당 1420.3원에 거래되고 있다.한경우 한경닷컴 기자 case@hankyung.com",https://www.hankyung.com/article/2025042139836,2025.04.21 10:46
[마켓PRO] 금융·제약 '뜨고' 전기·전자 '주춤'…체질 바뀌는 국장,,"※한경 마켓PRO 텔레그램을 구독하시면 프리미엄 투자 콘텐츠를 보다 편리하게 볼 수 있습니다. 텔레그램에서 ‘마켓PRO’를 검색하면 가입할 수 있습니다.




사진=게티이미지뱅크

                최근 국내 증시의 체질이 변화하고 있다. 국내 정책 도입에 따른 반사이익, 해외수출 호조 등으로 '금융'과 '제약' 업종의 덩치가 커지고 있는 반면, 2차 전지와 일부 반도체 종목의 약세로 '전기·전자' 비중은 갈수록 줄어들고 있다. ○ 전기전자 비중 10%P '뚝'





                9일 한국거래소에 따르면 전날 유가증권시장에서 전기·전자 업종의 시가총액 비중은 32.17%로 1위를 기록했다. 이어 '기타금융'(13.79%)과 '운송장비·부품'(11.04%)이 각각 2, 3위로 집계됐다. 이들 순위는 1년 전과 비교해 같았지만 전기·전자 업종 비중은 해당 기간 무려 10.36%포인트 급감했다. 구성 종목 가운데 가장 큰 비중을 차지하고 있는 삼성전자의 주가가 부진한 영향이다. 삼성전자는 전날 6만1400원에 마감했다. 실적 부진 등으로 일년 사이 30%에 가까운 내림세를 보이고 있다. 삼성전자우(-24.93%) 역시 약세다. 이 업종에 포함돼 있는 2차 전지 관련주인 삼성SDI(-53.05%)와 LG에너지솔루션(-14.37%) 등도 1년 사이에 하락하며 업종 비중을 끌어내렸다.금융 업종은 1년 새 비중이 3.73%포인트 높아졌다. HD현대의 조선 부문 중간지주사인 HD한국조선해양(100.31%), 우리금융지주(72.32%), SK스퀘어(67.86%), 하나금융지주(47.43%), SK(34.58%) 등 지주사 관련주가 가파르게 올라서다. 이들 종목은 상법 개정에 따른 반사이익 기대가 커지면서 투자자들 사이에서 관심을 모았다. 운송장비·부품 업종에선 시총 비중이 가장 높은 현대차(-25.44%)와 기아(-20.21%)의 주가가 내림세를 보였으나 방산과 조선주가 고공행진하면서 업종 비중이 확대됐다. 지난 1년 사이 현대로템(374.04%)과 한화에어로스페이스(195.64%), 한화오션(152.30%), 현대중공업(156.25%), 삼성중공업(76.73%), 한국항공우주(72.55%) 등이 오름폭을 확대했다.이밖에 대웅제약(34.53%)과 삼성바이오로직스(27.90%), 유한양행(21.74%) 등이 오르면서 '제약' 업종이 상위권(4위)에 입성했다. ○ 코스닥 '제약' 업종 강세





                코스닥에선 지난해 2위를 기록했던 제약 업종이 최근 시총 비중 1위(16.20%)에 올라섰다. 지난해 가장 많은 비중을 차지하던 전기·전자 업종은 2위(16.11%)로 한 계단 떨어졌다. 코스닥 제약 업종에 포함된 파마리서치(298.10%)가 1년 사이에 4배가까이 뛰고 펩트론(170.29%)과 에이비엘바이오(118.97%), 휴젤(56.33%) 등이 강세를 보이면서 전반적으로 비중이 높아졌다. 파마리서치는 대표 의료기기인 리쥬란의 해외 수출 호조 등으로 실적 눈높이가 높아지면서 주가가 뛰었다. 지난 7일 인적분할 철회 소식 등도 주가를 밀어올리고 있다.이 시장에서도 2차 전지주가 약세를 보이며 전기·전자 업종 비중을 낮췄다. 코스닥 전체 시총 2위인 2차전지 양극재 제조사 에코프로비엠이 1년 사이에 50%가까이 떨어졌다. 전기차 배터리 부품을 공급하는 서진시스템(-30.57%), 2차전지용 실리콘 음극재를 생산하는 대주전자재료(-49.09%) 등이 같은 기간 부진했다.'일반서비스'는 디앤디파마텍(219.07%), 지아이이노베이션(99.63%), 보로노이(76.33%), 알테오젠(53.76%), 리가켐바이오(48.21%) 등이 뛰면서 비중이 1.31%포인트 늘어났다. '기계장비' 업종은 젬백스(360.91%)와 레인보우로보틱스(66.46%)이 오르면서 4위권에 올랐다.김선아 하나증권 연구원은 ""유가증권보다 코스닥 시장에서 헬스케어 업종이 더 강세를 보인 이유는 관세 이슈에서 자유로운 기술이전 이벤트가 잇따랐기 때문""이라며 ""코스피 대형 제약사의 경우 기술이전과 마일스톤 수령 기대가 상대적으로 높지 않아 주가 상승이 제한된 측면이 있다""고 말했다.조아라 기자 rrang123@hankyung.com",https://www.hankyung.com/article/202507085981i,2025.07.09 08:49
"이재용 삼성전자 회장, 대법원 무죄 확정…삼성 미래사업 본격 시동",,"이재용 삼성전자 회장이 경영권 승계와 관련된 부당합병·회계부정 혐의에 대해 대법원에서 최종 무죄를 선고받았다. 대법원은 18일 상고심에서 1·2심의 무죄 판결을 그대로 확정하며, 수년간 이어졌던 법적 공방에 종지부를 찍었다.이번 판결로 이 회장은 그룹 경영에 있어 가장 큰 사법 리스크를 해소하게 됐고, 삼성의 중장기 성장 전략에도 탄력이 붙을 것으로 전망된다. 재계는 이번 판결을 기점으로 삼성의 미래 투자 계획이 본격화될 것으로 기대하고 있다.특히 업계는 삼성의 바이오 산업에 주목하고 있다. 삼성바이오에피스가 오는 10월을 목표로 분할을 준비 중이며, 해당 작업은 바이오시밀러 사업에 집중하기 위한 전략으로 해석된다. 삼성바이오로직스를 중심으로 한 바이오사업군은 이미 글로벌 제약사들과의 협업을 통해 꾸준한 성장세를 보이고 있는 상황이다.이외에도 반도체·디지털 헬스케어·AI 등 삼성의 신성장 동력 분야에서도 적극적인 투자가 이뤄질 것으로 관측된다. 파운드리와 AI 반도체 설계 역량을 강화하고, 국내외 AI 스타트업 투자도 확대할 것으로 보인다.한편 주식시장에서는 이번 판결을 긍정적으로 해석하는 분위기다. 사법 리스크 해소는 불확실성 완화로 이어져 기관 및 외국인 수급 유입의 계기가 될 수 있다는 분석이다. 이러한 기대감에 따라 투자자들은 전략적 접근을 시도하고 있으며, 특히 스탁론 또는 스탁론(주식매입자금)을 활용해 주가 반등에 대응하려는 사례도 늘고 있다. 전문가들은 “실적과 성장성이 뚜렷한 종목을 중심으로 레버리지 운용을 검토할 시기”라고 조언했다.




 

▶ 더머니스탁론 신규 상품 전격 출시! (DSR 규제 X)▶ 최대 400% 레버리지 투자, 증권사 신용미수 대환 가능!▶ 한 종목 100% 집중 투자 가능!▶ 더머니스탁론 바로가기 (https://themoney.co.kr/ha)▶ 더머니스탁론 전화 상담 1600-7096▶ 더머니스탁론 카카오톡 상담 (http://pf.kakao.com/_cVfxbn/chat)관심종목: 삼성바이오로직스, 삼성전자, 피에스케이, 알테오젠, 루닛무료상담",https://www.hankyung.com/article/202507186017a,2025.07.18 08:45
"코스피, 외국인·기관 매도에 보합세…SK하이닉스 4.9%↓",,"사진=뉴스1

                코스피가 보합권에서 지지부진한 흐름을 보이고 있다. 외국인의 현·선물 매도세에, 기관까지 현물주식을 팔아치우면서다. 특히 SK하이닉스가 5% 가깝게 하락하고 있다.17일 오전 9시5분 현재 코스피는 전일 대비 1.55포인트(0.05%) 오른 3187.93에 거래되고 있다. 3200선을 회복하면서 시작한 증시는 곧바로 힘이 빠졌고, 보합권으로 밀렸다.외국인이 유가증권시장에서 607억원어치 주식과 코스피200 선물 940억원어치를 순매도하며 지수를 끌어 내리고 있다. 기관도 254억원어치 주식을 파는 중이다. 개인은 768억원어치 주식을 순매수하고 있다.시가총액 상위 종목들은 대체로 상승하고 있지만, SK하이닉스가 4.9% 하락하며 지수를 짓누르고 있다. 삼성전자는 1.85% 상승하고 있다.삼성바이오로직스와 LG에너지솔루션도 각각 1.16%와 1.13% 오르는 중이다.KB금융과 현대차는 강보합세다.NAVER도 1% 강세다.반면 한화에어로스페이스는 0.82% 내리고 있다.코스닥은 전일 대비 1.80포인트(0.22%) 오른 814.03에 거래되고 있다. 이 시장에서도 개인이 453억원어치 주식을 사는 반면, 외국인과 기관은 각각 435억원어치와 24억원어치를 팔고 있다.코스닥 시가총액 상위 종목 중에서는 펩트론이 6.33%나 올라 가장 돋보인다. 반면 알테오젠은 0.51% 하락하고 있다.에코프로비엠과 에코프로는 각각 1.17%와 3.15% 상승 중이다.서울외환시장에서 원·달러 환율은 전일 대비 0.6원(0.04%) 오른 달러당 1387.6원에 거래되고 있다.간밤 뉴욕증시에서 주요 지수는 요동쳤다. 도널드 트럼프 미국 대통령이 제롬 파월 미 중앙은행(Fed) 의장을 해임할 가능성 부상하자 하락했다가, 트럼프 대통령이 부인하자 증시는 상승전환해 강세로 마감됐다. 16일(현지시간) 뉴욕증권거래소(NYSE)에서 장 마감 무렵 다우존스30산업평균지수는 전일 대비 231.49포인트(0.53%) 오른 44,254.78에, 스탠더드앤드푸어스(S&P)500지수는 19.94포인트(0.32%) 상승한 6,263.70에, 나스닥종합지수는 52.69포인트(0.25%) 오른 20,730.49에 각각 거래를 마쳤다.한경우 한경닷컴 기자 case@hankyung.com",https://www.hankyung.com/article/2025071736296,2025.07.17 09:14
"""삼성바이오로직스, 환율 하락에도 성장 이어질 전망""-메리츠",,"메리츠증권은 7일 삼성바이오로직스에 대해 원·달러 환율 하락과 5공장 가동에 따른 일시적인 비용 증가에도 이익 성장이 이어질 것이라며 투자의견 ‘매수’, 목표주가 130만원을 유지했다.김준영 메리츠증권 연구원은 “4공장 가동률 상승(램프업)을 바탕으로 (비용 상승 요인들이) 2분기 영업이익에 미치는 영향은 제한적일 것”이라며 “4공장은 4부닉에 풀가동될 것으로 예상하고, 계속적인 수주 계약을 바탕으로 연내 6공장 착공 가능성이 높다”고 분석했다.삼성바이오로직스는 2분기 매출 1조3759억원, 영업이익 4403억원의 실적을 기록했을 것이라고 메리츠증권은 추정했다. 전년 동기 대비 매출과 영업이익이 각각 18.9%와 1.3% 증가할 것이란 추정치다. 현재 집계된 컨센서스(증권사 추정치 평균)와 비슷한 수준이다.김 연구원은 “삼성바이오로직스 주가는 상반기에 미국의 관세 및 약가 인하 정책 등 여러 이슈로 인해 조정받은 상황”이라면서도 “최근 개리 피터스 상원의원이 생물보안법 재발의 추진을 언급하는 등 관련 수혜 기대감이 다시 반영될 여지가 있어 대외 변수 리스크로 인한 하방 압력은 제한적”이라고 판단했다.한경우 한경닷컴 기자 case@hankyung.com",https://www.hankyung.com/article/2025070714326,2025.07.07 07:38
"코스피, 미중 협상 소식에 2570선 제한적 상승…코스닥은 하락",,"사진=연합뉴스

코스피지수가 7일 미·중 무역 협상 진행 소식에도 2570선에서 제한적인 상승세를 보이고 있다. 도널드 트럼프 미국 행정부의 관세 정책과 연방공개시장위원회(FOMC) 회의를 앞두고 투자자들의 경계감이 커진 데 따른 영향으로 보인다. 간밤 미국 증시가 약세를 보인 점도 코스피 상단을 제한하는 요인으로 지목된다.원·달러 환율은 이날 아시아 통화 강세 흐름에 발맞춰 25원 넘게 급락해 1380원으로 거래를 시작했다.이날 오전 11시1분 현재 코스피지수는 전 거래일보다 10.4포인트(0.41%) 오른 2570.19를 기록하고 있다. 지수는 이날 0.67% 오름세로 출발 후 오전 9시16분께 하락 전환을 시도했지만 곧바로 상승세로 돌아선 뒤 추세를 유지하고 있다.유가증권시장에서 외국인과 기관이 각각 669억원과 1804억원어치를 사들이고 있다. 반면 개인은 나홀로 2331억원어치를 팔아치우고 있다. 이날 새벽 뉴욕증시의 주요 3대 지수는 동반 약세로 마쳤다. 우량주 30개를 묶은 다우지수는 전장 대비 0.95% 내렸고 나스닥종합지수와 S&P500지수도 각각 0.87%와 0.77% 하락했다. 미 중앙은행(Fed)의 기준금리 발표를 하루 앞두고 트럼프발(發) 관세 불확실성이 지속된 영향이다.코스피 시가총액 상위 종목 중 삼성전자, SK하이닉스, LG에너지솔루션, 한화에어로스페이스, HD현대중공업, KB금융, 네이버, 신한지주, 한화오션 등이 오르는 반면 현대차, 기아 등은 내리고 있다.트럼프 대통령이 의약품에 대한 품목별 관세 부과를 예고하자 삼성바이오로직스(-3.32%)와 셀트리온(-2.46%) 등 바이오주가 약세를 나타내고 있다. 또 체코 법원이 프랑스 측 반발에 한국수력원자력과 체코 간 원전 신규 건설을 위한 최종 계약 서명에 제동을 걸자 한전산업(-7.25%), 한전기술(-5.15%), 두산에너빌리티(-3.79%) 등 원전주도 동반 급락세다.코스닥지수는 같은 시각 2.59포인트(0.36%) 내린 719.27을 나타내고 있다. 지수는 0.08% 하락 출발해 장중 한때 0.98%까지 밀린 후 낙폭을 일부 축소한 상태다.코스닥시장에서는 외국인이 356억원어치를 팔아치우는 반면 개인과 기관이 각각 416억원과 29억원어치를 사들이고 있다.코스닥 시총 상위 종목은 대체로 하락세다. 알테오젠, 에코프로비엠, 에코프로, 휴젤, 파마리서치, 펩트론, 리가켐바이오, 삼천당제약, 에이비엘바이오, 에스엠 등이 내리는 반면 HLB, 레인보우로보틱스, 클래시스 등은 오르고 있다.서울 외환시장에서 원·달러 환율은 전장보다 25.3원 내린 1380원으로 거래를 시작했다. 이날 시초가는 지난해 11월6일(1374원) 이후 6개월여 만에 가장 낮았다. 원화 강세는 국내 연휴 기간 위안화·대만달러화 등 아시아 통화가 강세를 보인 데다 미중 관세 협상 낙관론도 부상한 영향으로 풀이된다. 미국이 대만과의 관세 협상 중 절상 압박을 했다는 소식이 전해지자 대만달러 가치가 크게 올랐다. 대만 정부가 통화 강세를 용인할 것이란 전망에 달러·대만달러 환율은 3년 만에 가장 낮은 수준을 보였다.또 미국과 중국이 관세 협상에 돌입했다는 소식도 원화 등 아시아 통화의 동반 강세 요인으로 작용했다는 분석이다. 스콧 베선트 미 재무부 장관·제이미슨 그리어 미국무역대표부(USTR) 대표가 이번주 스위스에서 중국과 만나 관세와 관련해 첫 공식 대화에 나설 것으로 전해졌다.고정삼 한경닷컴 기자 jsk@hankyung.com",https://www.hankyung.com/article/2025050764876,2025.05.07 11:21
"코스피, 소폭 오르며 3059.47 마감…'코스닥 대장' 알테오젠 11%↑",원·달러 환율 1367.8원에 주간장 마감,"사진=연합뉴스

                코스피와 코스닥 지수가 소폭 오르며 마감했다. 관세 우려에 장 초반 약세를 보였지만, 직전 거래일 급락한 탓에 저가 매수세가 유입되며 반등에 성공했다.7일 코스피는 전일 대비 5.19포인트(0.17%) 오른 3059.47에 거래를 마쳤다. 3030대에서 거래를 시작한 코스피는 장 초반 하락세를 보였다. 오후 12시20분께 상승 전환하며 3068.43까지 올랐다. 하지만 장 막판 상승분을 반납하며 마감했다.유가증권시장에서 개인은 홀로 1526억원을 순매수했다. 외국인과 기관은 각각 891억원, 835억원을 순매도하며 물량을 쏟아냈다.시가총액 상위주는 대부분 상승했다. 두산에너빌리티(4.83%)의 상승세가 두드러진 가운데 신한지주도 4.76% 올랐다. 자사주 소각 전망이 나오면서다. 한화에어로스페이스도 3.34% 올랐으며 네이버(2.81%), KB금융(2.05%), HD현대중공업(1.48%)도 올랐다.'깜짝 실적'에 3% 넘게 올랐던 LG에너지솔루션(1.45%)은 상승분을 대부분 반납한 채 마감했다. 개장 전 LG에너지솔루션은 2분기 매출액은 5조5654억원, 영업이익은 4922억원을 기록했다고 밝혔다. 영업이익은 컨센서스(증권사 전망치 평균)를 56%가량 웃돌았다.현대바이오(17.99%), 달바글로벌(10.29%), 에이피알(8.49%) 등 화장주도 강세를 보였다. 2분기 호실적 기대감이 반영된 모습이다. 이날 교보증권은 에이피알의 2분기 연결기준 매출액과 영업이익을 각각 전년 동기 대비 91%와 128% 늘어난 2964억원, 637억원으로 추정했다.LG전자는 3.89% 하락 마감했다. LG전자의 2분기 잠정 영업이익은 6391억원으로 집계됐다. 전년 동기 대비 46.6% 감소했다. 증권가 컨센서스(8470억원)를 25% 가까이 밑돈 '어닝 쇼크' 수준이다.그 외 삼성전자(-2.53%), 현대차(-0.95%), 삼성바이오로직스(-0.87%), 기아(-0.5%)의 주가도 하락했다.코스닥 지수는 전일 대비 2.66포인트(0.34%) 오른 778.46에 마감했다. 코스닥 지수는 줄곧 770선에서 거래됐다.코스닥 시장에서 외국인은 홀로 1359억원을 순매수했다. 기관과 개인은 각각 723억원, 558억원을 순매도했다.코스닥 시가총액 상위주는 대부분 상승했다. 코스닥 대장주 알테오젠은 11.05% 급등한 41만7000원에 거래를 마쳤다. 2대주주인 형인우 스마트앤그로스 대표가 대규모 주식 매입 소식을 전하며 코스피 이전 필요성을 강조한 데 따른 것으로 해석된다.파마리서치(4.97%), 실리콘투(3.71%), 펩트론(3.6%), 삼천당제약(2.25%), 코오롱티슈진(0.72%)도 강세를 보였다. 반면 에코프로비엠(-3.65%), 에코프로(-3.52%), 레인보우로보틱스(-1.87%) 등은 하락했다.원·달러 환율은 전장 대비 5.5원 오른 1367.8원에 주간 거래를 마쳤다. 관세 불확실성에 대한 경계감이 반영되며 장중 1370원 목전까지 오르기도 했다.이재원 신한투자증권 연구원은 ""8일 삼성전자 2분기 잠정 실적이 발표된다. 최근 이익 추정치는 하향 조정되고 있지만, 고대역폭메모리(HBM)4 일정 등 컨퍼런스콜 내용으로 시선이 움직이고 있다""며 ""9일은 관세 협상 유예 만료 시한이다. 유의미한 협상 결과가 발표될지 주목해야 한다""고 설명했다.진영기 한경닷컴 기자 young71@hankyung.com",https://www.hankyung.com/article/2025070727686,2025.07.07 15:50
"23일, 기관 거래소에서 SK하이닉스(+4.14%), 삼성전자(+1.27%) 등 순매수",,"기관 투자자는 23일 거래소에서 SK하이닉스, 삼성전자, KODEX 레버리지 등을 중점적으로 사들인 것으로 나타났다.기관 투자자의 순매수 상위 20개 종목은 SK하이닉스, 삼성전자, KODEX 레버리지, KODEX 코스닥150레버리지, 기아, 한화오션, KODEX 200, LG에너지솔루션, 현대차, POSCO홀딩스등이다.이중에 전기,전자 업종에 속한 종목이 6개 포함되어 있다.SK하이닉스, 삼성전자, KODEX 레버리지 등은 전일 대비 주가가 상승했고, 삼성바이오로직스 등은 주가가 하락했다.[04월23일]거래소 기관 순매수 상위 종목한경로보뉴스이 기사는 한국경제신문과 금융 AI 전문기업 씽크풀이 공동 개발한 기사 자동생성 알고리즘에 의해 실시간으로 작성된 것입니다.",https://www.hankyung.com/article/202504231506L,2025.04.23 18:35
"코스피, 외인 매도에 2600선 턱걸이 마감…2차전지 동반 급락","'원전 부각' 두산에너빌리티 사상 최고가
원달러 환율, 1390원대 초반 하락 마감","사진=뉴스1

                20일 코스피지수가 미국 국가신용등급 강등 여파에 발목이 잡히면서 전날 낙폭을 만회하는데 실패했다.이날 코스피지수는 전일 대비 1.62포인트(0.06%) 내린 2601.8에 장을 마감했다. 0.74% 상승으로 출발한 코스피지수는 장중 내내 상승폭을 줄이면서 2600선에 턱걸이했다.미국 신용등급 강등 이후 첫 거래일이었던 이날 새벽 뉴욕증시는 미 국채금리가 예상 밖 안정세를 보이자 주요 지수가 일제히 강보합 마감하는 등 무덤덤한 반응을 나타냈으나 국내 증시를 밀어올리는 데는 역부족이었다.유가증권시장에서 외국인 투자자가 1019억원 순매도를 보이면서 지수를 끌어내렸다. 반면 기관과 개인은 각각 667억원과 114억원 매수우위였다.코스피 시가총액 상위기업들은 등락이 엇갈렸다. 삼성전자와 SK하이닉스는 각각 0.18%와 1.55% 상승했고, KB금융, 셀트리온, 신한지주도 올랐다. 반면 삼성바이오로직스, 현대차, 한화에어로스페이스, 기아, 네이버는 떨어졌다.유럽에서 원자력발전을 활용한 에너지 생산을 강화하려는 움직임에 국내 증시에서 두산에너빌리티가 7.51% 급등했다. 두산에너빌리티는 장중 주가가 3만7300원까지 뛰면서 사상 최고가를 갈아치웠다. LS ELECTRIC과 HD현대일렉트릭 등 전력주들도 동반 급등했다.미국에서 인플레이션감축법(IRA)이 조기 폐지될 수 있다는 가능성이 제기되면서 LG에너지솔루션(-4.12%), 삼성SDI(-4.66%), 포스코퓨처엠(-6.35%) 등 2차전지 관련주와 한화솔루션(-6.66%) 등 태양광주가 급락했다.코스닥지수는 상승했다. 이날 코스닥지수는 전일 대비 1.8포인트(0.25%) 오른 715.55에 장을 마감했다. 코스닥시장에선 외국인과 기관이 각각 630억원과 608억원 순매수였다. 개인만 793억원 매도우위였다.코스닥 시총 상위주들은 혼조세를 보였다. 알테오젠, HLB, 클래시스 등이 하락했다. 에코프로비엠과 에코프로는 각각 5%대와 6%대 약세를 나타냈다. 엔켐도 6.22% 급락했다. 펩트론, 파마리서치, 휴젤 등은 상승했고, 리가켐바이오는 7%대 급등했다. 실리콘투는 2분기 호실적 전망에 11%대 올랐다.이날 코스닥시장에 상장한 바이오비쥬는 공모가 대비 101.98% 상승으로 첫 거래일을 마쳤다.원·달러 환율은 하락했다. 이날 오후 3시30분 기준 서울 외환시장에서 원·달러 환율은 전일 대비 5.4원 떨어진 1392.4원에 주간거래를 마감했다.노정동 한경닷컴 기자 dong2@hankyung.com",https://www.hankyung.com/article/2025052047476,2025.05.20 15:56
"15일, 기관 거래소에서 SK하이닉스(-2.67%), 삼성전자(-0.17%) 등 순매도",,"기관 투자자는 15일 거래소에서 SK하이닉스, 삼성전자, 현대차 등을 중점적으로 매도한 것으로 나타났다.기관 투자자의 순매도 상위 20개 종목은 SK하이닉스, 삼성전자, 현대차, 기아, LG에너지솔루션, 셀트리온, ACE 미국30년국채액티브(H), NAVER, 한미반도체, 효성중공업등이다.이중에 전기,전자 업종에 속한 종목이 4개 포함되어 있다.효성중공업, 현대로템 등은 전일 대비 주가가 상승했고, SK하이닉스, 삼성전자, 현대차 등은 주가가 하락했다.[05월15일]거래소 기관 순매도 상위 종목한경로보뉴스이 기사는 한국경제신문과 금융 AI 전문기업 씽크풀이 공동 개발한 기사 자동생성 알고리즘에 의해 실시간으로 작성된 것입니다.",https://www.hankyung.com/article/202505156060L,2025.05.15 18:35
방산 관련주의 이것이 궁금하다?,,"방산 관련주는 트럼프 수혜주로 꼽히는 업종이다. 이에 따라 투자자들은 방산 관련주의 신용융자현황의 궁금증도 크게 늘어나는 모습이다.특히 주식 투자자들에게 신용융자의 현황은 시장이나 주식이 크게 변동할 때 참고해야 할 지표로 꼽히고 있다.방산 주요종목들의 신용융자현황은 아래와 같다.공여율: 하루 거래량 중 신용융자거래가 차지하는 비중잔고비율: 상장된 총 주식 중 신용융자로 매수한 주식 수량의 비율




 

한화에어로스페이스 신용융자잔고 204,638주, 잔고비율 0.43%, 공여비율 14.25%현대로템 신용융자잔고 944,542주, 잔고비율 0.85%, 공여비율 17.07%한화시스템 신용융자잔고 3,251,111주, 잔고비율 1.71%, 공여비율 28.88%LIG넥스원 신용융자잔고 168,177주, 잔고비율 0.76%, 공여비율 19.02%한국항공우주 신용융자잔고 1,242,568주, 잔고비율 1.27%, 공여비율 20.0%(6월 12일 기준)한미약품, 삼성바이오로직스, 카페24, LG디스플레이, 고영무료상담",https://www.hankyung.com/article/202506133229a,2025.06.13 13:43
"이재용, 삼바 송도사업장 방문…호실적 '바이오' 챙기기","건설 중인 5공장 방문해 사업 전략 검토
바이오에피스도 찾을 예정","사진=연합뉴스

                이재용 삼성전자 회장이 호실적을 내고 있는 바이오 사업 점검을 위해 삼성바이오로직스 사업장을 찾아 현장 경영에 나섰다.9일 재계에 따르면 이 회장은 이날 인천 송도에 있는 삼성바이오로직스 사업장을 찾아 현재 건설 중인 5공장 등을 살펴보고 사업 전략을 점검한 것으로 알려졌다.이날 현장에는 정현호 삼성전자 부회장, 존림 삼성바이오로직스 대표이사 등이 참석한 것으로 전해졌다.삼성바이오로직스는 4월 가동을 목표로 18만리터 규모의 5공장을 짓고 있다. 5공장 완공 시 이 회사의 총생산 능력은 78만4000리터가 된다.이번 이 회장의 사업장 방문은 작년 사상 최대 실적을 낸 삼성바이오로직스의 직원들을 격려하기 위한 것으로 풀이된다.삼성바이오로직스는 지난해 국내 제약·바이오 기업 최초로 연결 기준 매출 4조원을 넘어섰다. 이 회장은 이날 삼성바이오로직스 방문 후 삼성바이오에피스 사업장도 찾을 것으로 알려졌다.박수림 한경닷컴 기자 paksr365@hankyung.com",https://www.hankyung.com/article/2025060924907,2025.06.09 14:05
중동 긴장 완화에 불붙은 투심…코스피 3070선 돌파 [영상],원·달러 환율 1360원대,"영상 모듈 닫기




코스피지수가 24일 2% 가까이 오르며 거래를 시작했다. 중동 긴장 완화 기대감이 반영된 것으로 보인다. 개장 전 도널드 트럼프 미국 대통령이 이란과 이스라엘이 완전한 휴전에 합의했다고 밝혔다.이날 오전 9시7분 현재 코스피는 전일 대비 63.02포인트(2.09%) 뛴 3077.49를 가리키고 있다. 코스피는 전장 대비 46.67포인트(1.55%) 오른 3061.14에 거래를 시작한 후 우상향하는 흐름을 보이고 있다. 같은 시각 코스닥도 전일 대비 13.39포인트(1.71%) 오른 798.18에 거래되고 있다. 
                    



사진=연합뉴스

                이스라엘과 이란의 휴전 기대감에 투자심리가 개선된 것으로 풀이된다. 23일(현지시간) 트럼프 대통령은 SNS를 통해 ""이스라엘과 이란은 전면적이고 완전한 휴전에 전적으로 합의했다""고 밝혔다.이어진 미 NBC 방송과의 전화 인터뷰에선 휴전이 얼마나 지속될 것인지 묻는 말에 ""무기한(unlimited)이라고 생각한다""고 답했다. 그러면서 ""두 나라가 다시 서로를 향해 총을 쏘는 일이 일어날 것이라고 믿지 않는다""고 강조했다.'큰손' 투자자의 매수 행렬도 이어지고 있다. 유가증권시장에서 외국인과 기관은 각각 782억원, 20억원을 순매수하고 있다. 개장 직후엔 순매도세를 보였지만, 장중 순매수로 전환했다. 개인은 홀로 359억원을 순매도하고 있다. 코스닥 시장에서도 기관은 136억원을 순매수하고 있다. 외국인과 개인은 각각 26억원, 6억원을 순매도하고 있다.시가총액 상위주도 강세를 보이고 있다. SK하이닉스(4.82%)를 필두로 삼성전자(2.76%), 현대차(2.48%), LG에너지솔루션(2.38%), HD현대중공업(2.31%), 기아(1.88%), 신한지주(1.83%), KB금융(1.67%), 셀트리온(1.64%), 두산에너빌리티(1.6%), 삼성바이오로직스(1.21%)가 모두 1% 넘게 오르고 있다. 다만 휴전이 가시화하자 한화에어로스페이스는 1.52% 하락 중이다. 코스닥 시총 상위주도 대부분 빨간불을 켰다. 펩트론(9.07%), 에코프로비엠(6.65%), 에코프로(5.48%), 레인보우로보틱스(3.76%), 리가켐바이오(3.07%), 알테오젠(3.03%), 클래시스(2.97%), 삼천당제약(2.88%), 리노공업(2.18%), 코오롱티슈진(1.64%)가 상승 곡선을 그리고 있다.원·달러 환율은 전장 대비 16.6원 하락한 1365.4원을 가리키고 있다.진영기 한경닷컴 기자 young71@hankyung.com",https://www.hankyung.com/article/2025062452056,2025.06.24 09:02
멀어지는 '삼천피'…외국인 매도에 하락 전환 후 2960선 하회,,"사진=뉴스1

                코스피가 기관 매도에 하락 전환했다. 장 초반 상승세를 나타내며 3000선 돌파를 타진하기도 했지만, 이내 돌아서 2960선 아래로 밀렸다.19일 오전 10시46분 현재 코스피는 전일 대비 13.12포인트(0.44%) 내린 2959.07에 거래되고 있다. 개장 직후에는 2996.04까지 오르며 3000선 돌파를 시도하기도 했다가 숨을 고르는 모습이다.장 초반 코스피200선물을 순매수하던 외국인이 매도로 전환했고, 현·선물 매도량을 늘려가며 지수를 짓누르고 있다. 외국인은 유가증권시장에서 2092억원어치 주식을 팔고 있다. 코스피200 선물 매도액도 2390억원에 달한다. 기관도 현물주식을 1643억원어치 순매도 중이다. 개인이 홀로 3734억원어치를 사고 있지만, 지수를 끌어 올리기엔 힘이 부치는 모습이다.시가총액 상위 종목 중에서는 대체로 하락하고 있다.삼성전자가 0.92% 내리고 있고, SK하이닉스는 약보합세다.삼성바이오로직스도 0.7% 빠지는 중이다.한화에어로스페이스, 두산에너빌리티도 각각 0.97%와 2.13% 내리는 중이다.NAVER만 4.11% 오르고 있다.코스닥은 전일 대비 1.07포인트(0.14%) 내린 778.66에 거래되고 있다. 이 시장에서는 개인이 1428억원어치 주식을 사는 반면, 외국인과 기관은 각각 1362억원어치와 25억원어치를 팔고 있다.코스닥 시가총액 상위 종목들은 혼조세다.펩트론은 6.92%, 파마리서치는 4.17% 상승하고 있다.반면 알테오젠과 HLB는 각각 1.27%와 2.88% 내리는 중이다.서울외환시장에서 원·달러 환율은 전일 대비 9.69원(0.71%) 오른 달러당 1382원에 거래되고 있다.한경우 한경닷컴 기자 case@hankyung.com",https://www.hankyung.com/article/2025061955776,2025.06.19 10:54
"22일, 기관 거래소에서 삼성바이오로직스(-1.82%), 삼성물산(-0.36%) 등 순매수",,"기관 투자자는 22일 거래소에서 삼성바이오로직스, 삼성물산, 한국전력 등을 중점적으로 사들인 것으로 나타났다.기관 투자자의 순매수 상위 20개 종목은 삼성바이오로직스, 삼성물산, 한국전력, KODEX 200선물인버스2X, 삼성생명, TIGER 미국S&P500선물(H), KODEX CD금리액티브(합성), 호텔신라, 달바글로벌, 하이브등이다.이중에 화학 업종에 속한 종목이 2개 포함되어 있다.한국전력, KODEX 200선물인버스2X, KODEX CD금리액티브(합성) 등은 전일 대비 주가가 상승했고, 삼성바이오로직스, 삼성물산, 삼성생명 등은 주가가 하락했다.[05월22일]거래소 기관 순매수 상위 종목한경로보뉴스이 기사는 한국경제신문과 금융 AI 전문기업 씽크풀이 공동 개발한 기사 자동생성 알고리즘에 의해 실시간으로 작성된 것입니다.",https://www.hankyung.com/article/202505220435L,2025.05.22 18:35
"코스피, 차익실현 매물에 1%대 내림세…코스닥도 하락",,"사진=연합뉴스

                4일 코스피지수가 장중 1% 넘게 하락해 3080선까지 밀렸다. 전날 급등한 데 따른 부담감에 차익 실현 매물이 출회된 영향을 일부 받는 것으로 보인다. 이날 오전 11시1분 현재 코스피지수는 전 거래일보다 34.83포인트(1.12%) 내린 3081.44를 나타내고 있다. 지수는 이날 0.19% 상승 출발했으나 오전 9시10분께를 기점으로 하락 전환해 낙폭을 1% 넘게 확대하고 있다.이날 새벽 미국 증시가 강세로 마쳤음에도 온기가 전달되지 않는 모습이다. 지난 3일(현지시간) 뉴욕증시에서 다우존스30산업지수는 0.77% 올랐고 S&P500지수와 나스닥종합지수도 각각 0.83%와 1.02% 상승했다.유가증권시장에서 외국인과 기관이 각각 417억원과 571억원 매도 우위인 반면 개인이 931억원 매수 우위다.코스피 시가총액 상위 종목 중 SK하이닉스, LG에너지솔루션, 현대차, KB금융, 네이버, 기아, 두산에너빌리티, 한화에어로스페이스, HD현대중공업 등이 내리는 반면 삼성바이오로직스, 셀트리온 등이 오르고 있다.청정에너지 사업에 대한 보조금 지급 혜택을 조기 폐지·축소키로 한 미국의 '하나의 크고 아름다운 법안'(OBBBA) 통과로 LG에너지솔루션(-2.51%) 엘앤에프(-2.37%) 삼성SDI(-2.21%) 등 2차전지주가 약세다.같은 시각 코스닥지수는 전 거래일보다 12.32포인트(1.55%) 내린 781.01을 나타내고 있다. 지수는 이날 0.09% 내림세로 출발 후 낙폭을 확대하고 있다. 코스닥시장에서도 외국인과 기관이 각각 1943억원과 473억원 매도 우위인 반면 개인은 2401억원 매수 우위다.코스닥 시총 상위 종목은 대체로 하락세다. 알테오젠, 에코프로비엠, HLB, 에코프로, 레인보우로보틱스, 휴젤, 리가켐바이오, 펩트론, 클래시스, 리노공업, 삼천당제약, 코오롱티슈진, 에이비엘바이오 등이 내리고 있다. 이날 코스닥시장에 입성한 뉴엔AI는 이 시각 현재 공모가 대비 171% 급등하고 있다.서울 외환시장에서 원·달러 환율은 전장보다 2.6원 오른 1362원으로 개장했다.고정삼 한경닷컴 기자 jsk@hankyung.com",https://www.hankyung.com/article/2025070482536,2025.07.04 11:11
"코스피, 장 초반 2980 돌파…원·달러 환율 1370원대",코스닥도 소폭 상승,"19일 오후 서울 중구 하나은행 본점 딜링룸 현황판에 코스피, 원/달러 환율, 코스닥 지수가 표시돼 있다. /사진=연합뉴스

                코스피가 3000선에 차츰 다가서고 있다. 코스닥 지수도 소폭 오르는 중이다.20일 오전 9시4분 현재 코스피는 전일 대비 4.61포인트(0.15%) 오른 2982.35를 가리키고 있다. 코스피는 전일 대비 8.78포인트(0.29%) 오른 2986.52에 거래를 시작했다. 3000까지 20포인트가량 남겨두고 있다.유가증권시장에서 개인은 홀로 1779억원을 순매수하는 중이다. 외국인과 기관은 각각 1328억원, 248억원을 순매도하고 있다.코스피 시가총액 상위주는 혼조세를 보이고 있다. KB금융(1.12%), SK하이닉스(1.02%), 삼성바이오로직스(0.8%), HD현대중공업(0.58%), 셀트리온(0.37%)은 상승 곡선을 그리고 있다. 반면 두산에너빌리티(-1.8%), 삼성물산(-1.21%), 한화에어로스페이스(-1.18%), 네이버(-0.79%), 현대차(-0.48%), 기아(-0.31%), LG에너지솔루션(-0.17%)은 하락 중이다. 삼성전자는 보합세를 보이고 있다.코스닥은 전일 대비 0.46포인트(0.06%) 오른 782.97을 가리키고 있다. 코스닥은 1.12포인트(0.14%) 상승한 783.63에 개장한 후 잠시 하락 전환했지만, 다시 상승세로 돌아섰다.코스닥 시장에서도 개인은 홀로 520억원 매수 우위를 보이고 있다. 외국인과 기관은 각각 417억원, 32억원을 순매도하며 매물을 내놓고 있다.코스닥 시총 상위주 흐름도 엇갈리고 있다. 실리콘투(3.96%), 레인보우로보틱스(2.56%), 파마리서치(2.1%), 삼천당제약(1.24%), 에코프로비엠(0.44%), 휴젤(0.27%) 주가는 오르고있다. 반면 리노공업(-1.38%), HLB(-1.13%), 리가켐바이오(-1.03%), 펩트론(-0.4%), 알테오젠(-0.39%)은 하락 중이다.원·달러 환율은 전일 대비 4.8원 내린 1375.4원에 개장했다19일(현지시간) 미국 뉴욕증시는 노예 해방 기념일인 '준틴스데이'를 맞아 하루 휴장했다. '6월'(June)과 '19일'(Nineteenth)의 합성어인 이날은 지난 1863년 에이브러햄 링컨 전 미국 대통령이 노예해방형을 내리고 2년 후 1865년 6월 19일 텍사스에서 마지막으로 노예가 해방된 날을 기념하는 공휴일이다.진영기 한경닷컴 기자 young71@hankyung.com",https://www.hankyung.com/article/2025062076566,2025.06.20 09:15
"코스피, 장중 2600선에서 등락…외인·기관 순매도",원·달러 환율 1390원대 후반 머물러,"사진=게티이미지뱅크 

                미국 신용등급 강등 여파에 장중 코스피와 코스닥은 약세를 보이고 있다.19일 오전 11시25분 현재 코스피는 전 거래일 대비 20.01포인트(0.76%) 하락한 2606.86을 가리키고 있다. 장중 2594.51까지 밀렸지만, 낙폭을 다소 줄인 모습이다.유가증권시장에서 외국인과 기관은 각각 1298억원, 869억원을 순매도하며 약세장을 주도하고 있다. 개인은 홀로 2315억원을 순매수하며 물량을 받아내고 있다.시가총액 상위주는 대부분 하락하는 중이다. SK하이닉스(-2.2%)의 하락세가 두드러진 가운데 한화오션(-1.85%), HMM(-1.53%), 현대차(-1.5%), 삼성전자(-1.41%), 네이버(-1.38%), 한화에어로스페이스(-0.71%)가 파란불을 켰다. 삼성바이오로직스(1.8%), KB금융(1.5%), LG에너지솔루션(1.38%)은 상승세다.코스닥 지수는 전장 대비 9.88포인트(1.36%) 내린 715.19에 거래되고 있다. 코스닥은 장 초반 720선 위에서 거래됐지만, 현재 710대 초반까지 밀린 상황이다.코스닥 시장에서도 기관과 외국인은 1304억원, 769억원을 순매도하는 중이다. 개인은 홀로 2297억원을 순매수했다.코스닥 시총 상위주도 대부분 하락세다. 레인보우로보틱스(-6.91%), 삼천당제약(-5.74%), HLB(-4.83%), 리노공업(-3.85%), 리가켐바이오(-2.52%), 에스엠(-1.34%), 휴젤(-1.15%)이 약세를 띠고 있다.원·달러 환율은 1395.1원에 개장한 후 1390원 후반에 머무르고 있다.지난 16일 무디스는 미국의 국가신용등급을 최고등급인 'Aaa'에서 한 단계 낮은 'Aa1'으로 강등했다. 무디스는 ""지난 10여년간 지속된 재정적자와 감세 정책이 재정 건전성에 부담을 줬다""고 지적했다.진영기 한경닷컴 기자 young71@hankyung.com",https://www.hankyung.com/article/2025051915896,2025.05.19 11:34
"04일, 기관 거래소에서 KODEX 200선물인버스2X(-5.64%), KODEX 인버스(-2.86%) 등 순매도",,"기관 투자자는 04일 거래소에서 KODEX 200선물인버스2X, KODEX 인버스, 한국전력 등을 중점적으로 매도한 것으로 나타났다.기관 투자자의 순매도 상위 20개 종목은 KODEX 200선물인버스2X, KODEX 인버스, 한국전력, 삼성바이오로직스, KB금융, NAVER, TIGER 지주회사, 삼성전기, 한화오션, 키움증권등이다.이중에 의약품 업종에 속한 종목이 3개 포함되어 있다.삼성바이오로직스, KB금융, TIGER 지주회사 등은 전일 대비 주가가 상승했고, KODEX 200선물인버스2X, KODEX 인버스, 한국전력 등은 주가가 하락했다.[06월04일]거래소 기관 순매도 상위 종목한경로보뉴스이 기사는 한국경제신문과 금융 AI 전문기업 씽크풀이 공동 개발한 기사 자동생성 알고리즘에 의해 실시간으로 작성된 것입니다.",https://www.hankyung.com/article/202506045712L,2025.06.04 18:35
美 신용등급 강등에 코스피 2600 턱걸이…환율 1397.8원,기관·외인 양대 시장서 순매도,"사진=연합뉴스

                코스피가 2600선을 겨우 지켜냈다. 미국 신용등급 강등 여파에 외국인 투자자가 빠져나가면서다. 코스닥도 1% 넘게 하락했다.19일 코스피는 전 거래일 대비 23.45포인트(0.89%) 하락한 2603.42에 마감했다. 장중 2593.44까지 밀렸지만, 낙폭을 줄이며 마감했다.유가증권시장에서 기관과 외국인은 각각 2031억원, 1695억원을 순매도하며 지수를 끌어내렸다. 개인은 홀로 3646억원을 순매수했다.이재원 신한투자증권 연구원은 ""외국인은 지난 8일부터 8거래일 연속 순매수했지만, 미국 신용등급 강등 여파에 순매도로 전환했다""며 ""아시아 주식 시장이 동반 약세를 보였다""고 설명했다.지난 16일 무디스는 미국의 국가신용등급을 최고등급인 'Aaa'에서 한 단계 낮은 'Aa1'으로 강등했다. 무디스는 ""지난 10여년간 지속된 재정적자와 감세 정책이 재정 건전성에 부담을 줬다""고 지적했다.시가총액 상위주는 대부분 하락했다. 한화오션(-2.83%), SK하이닉스(-2.49%), 현대모비스(-2.16%), 삼성전자(-1.76%), 현대차(-1.44%), 네이버(-1.28%)가 모두 파란불을 켰다. 삼성바이오로직스(2.59%), KB금융(1.5%), HD현대중공업(0.95%)은 주가가 올랐다.코스닥 지수는 전 장 대비 11.32포인트(1.56%) 하락한 713.75에 마감했다. 720 위에서 거래를 시작한 코스닥 지수는 장중 710.47까지 밀리기도 했다.코스닥 시장에서도 기관과 외국인은 각각 1845억원, 496억원을 순매도했다. 개인은 2553억원을 순매수했다.레인보우로보틱스(-8.43%), 삼천당제약(-5.88%), HLB(-4.47%), 리노공업(-3.6%), 리가켐바이오(-3.01%), 펩트론(-2.12%), 휴젤(-1.73%) 등 대부분의 코스닥 시총 상위주가 약세를 보였다.반면 마니커(29.98%), 체리부로(29.96%), 하림(25.21%), 동우팜투테이블(12.7%) 등 육계 관련주는 급등했다. 브라질산 닭고기 수입이 중단되며 닭고깃값이 오를 것이란 기대감이 반영되면서다.니파바이러스 확산 우려에 진단키트 관련주도 급등했다. 수젠텍(29.95%)은 상한가에 마감했으며 진원생명과학(20.09%), 랩지노믹스(18.88%), 진매트릭스(9.55%), 엑세스바이오(7.27%)도 강세를 보였다. 질병관리청에 따르면 니파바이러스 감염증은 이르면 오는 7월 새 1급 법정감염병으로 지정될 예정이다.원·달러 환율의 주간 거래 종가(오후 3시30분 기준)는 전 거래일보다 8.2원 오른 1397.8원이다.진영기 한경닷컴 기자 young71@hankyung.com",https://www.hankyung.com/article/2025051922746,2025.05.19 15:47
"삼성바이오로직스, 잇따른 대외 수상으로 안전 경영 노력 인정받아","예방 중심의 구조적 안전 관리 시스템 구축 통한 안전 경영 지속

산재 예방 유공 표창 및 안전보건 상생협력 우수사례 발표대회 수상

협력업체와의 상생안전 강화…연이은 폭염 속 '온열질환' 예방 강조","삼성바이오로직스가 예방 중심의 안전 관리 시스템 구축으로 안전 경영을 이어온 공로를 인정받아 고용노동부 주관 행사에서 연이어 수상했다.삼성바이오로직스는 최근 고용노동부 주최 산재 예방 유공자 포상에서 최고안전책임자(CSO)인 노균 부사장이 고용노동부 장관 표창을 수상했다고 24일(목) 밝혔다. 또한 삼성바이오로직스는 지난 9일 고용노동부·한국산업안전보건공단이 개최한 '산업안전보건의 달' 맞이 '2025년 대·중소기업 안전보건 상생협력 우수사례 발표대회'에서도 최우수상을 받았다.삼성바이오로직스는 '안전은 예방이 핵심'이라는 철학 아래, 첨단 기술을 활용해 사전적 위험 관리 시스템을 구축한 점을 높이 평가받아 수상했다. 대표적인 사례가 자체 개발한 무선 화재감지기와 인공지능(AI) 폐쇄회로(CCTV) 기반의 보호구 착용 모니터링 시스템 그리고 비상상황 발생 시 신속하고 정확하게 대피인원 집계가 가능한 피난대피 전산시스템 구축이다.이처럼 삼성바이오로직스는 제조 현장에서 발생할 수 있는 위험을 사전에 조기 감지하고 빠르게 대응할 수 있는 기술을 도입하며 사고 사전 예방을 위해 노력해오고 있다.삼성바이오로직스는 '사람 중심의 상생 안전'을 강조하며 협력업체와의 상생안전 체계도 강조해오고 있다. 협력업체 임직원에 대한 차별 없이 본사 임직원과 동일한 사무실과 휴게시설을 지원하고, 협력사 전용 포탈을 구축해 체계적인 안전관리를 가능케 했다. 또한 안전·보건·환경(SHE) 전담 조직 구성 및 협력사를 위한 위험성 평가 컨설팅, 작업중지권 보장, 멘토-멘티 프로그램과 건강증진 프로그램까지 운영하며 협력사와의 동반성장을 넘어 현장의 자율안전문화 확산에까지 추구해 나가고 있다.삼성바이오로직스는 이 같은 노력을 인정받아 2024년에도 산업안전보건 우수사업장, 건강친화기업 장관상, 연구실 안전 최우수 기관 선정 등 다양한 분야에서 수상하며 사회 전반에 대한 파급 효과를 만들어가고 있다.또한 삼성바이오로직스는 올해 이른 장마 종료로 인한 강한 폭염에 대비해 온열질환 예방을 통한 안전문화 확산에도 노력하고 있다. 지난 14일에는 중부지방고용노동청 및 협력업체와 함께 온열질환 예방 및 대·중소기업 안전문화 확산 캠페인을 개최했다. 이날 삼성바이오로직스는 자체적으로 실시하고 있는 온열질환 예방 대책을 공유하고 세부 방안을 논의하는 한편 협력업체에 온열질환 예방키트를 전달하는 시간을 가졌다.",https://www.hankyung.com/article/202507248363P,2025.07.24 08:33
"'숨고르기' 코스피, 보합권서 등락…외인 사흘째 '팔자'",,"사진=연합뉴스

                코스피지수가 27일 장 초반 보합권에서 등락을 보이고 있다. 그동안 단기 급등한 데 따른 부담감에 숨고르기 장세가 연출된 모습이다.이날 오전 9시20분 현재 코스피지수는 전 거래일보다 4.66포인트(0.15%) 오른 3084.22를 나타내고 있다. 지수는 이날 0.05% 하락 출발 후 보합권에서 등락을 거듭하고 있다.  유가증권시장에서 외국인이 1375억원어치를 팔아치우고 있다. 3거래일 연속 순매도 기조다. 반면 개인과 기관은 각각 418억원과 785억원어치를 사들이고 있다.이날 새벽 미국 증시는 강세로 마감했다. 지난 26일(현지시간) 다우존스30산업지수는 0.94% 올랐고 S&P500지수와 나스닥종합지수도 각각 0.8%와 0.97% 상승했다. 코스피 시가총액 상위 종목 중 삼성전자, 삼성바이오로직스, 한화에어로스페이스, KB금융, HD현대중공업 등이 오르는 반면 SK하이닉스, LG에너지솔루션, 현대차, 두산에너빌리티, 네이버 등이 내리고 있다.코스닥지수는 같은 시각 1.28포인트(0.16%) 오른 789.23을 나타내고 있다. 코스닥지수도 이날 0.25% 오름세로 출발한 이후 보합권에서 등락을 거듭하고 있다.코스닥시장에서는 개인이 646억원어치를 사들이는 반면 외국인과 기관이 각각 576억원과 36억원어치를 팔아치우고 있다.코스닥 시총 상위 종목 중 알테오젠, 레인보우로보틱스, 펩트론, 리가켐바이오, 클래시스 등이 오르는 반면 에코프로비엠, 에코프로, HLB, 파마리서치, 휴젤 등이 내리고 있다.서울 외환시장에서 원·달러 환율은 전장보다 0.9원 내린 1356원으로 개장했다.고정삼 한경닷컴 기자 jsk@hankyung.com",https://www.hankyung.com/article/2025062734376,2025.06.27 09:26
"코스피, 기관 매수 힘입어 2560선 올라…한화오션 12%↓","코스닥도 1% '상승'
원·달러 환율 1430원대","사진=연합뉴스

                코스피가 기관 투자자의 매수세에 힘입어 2560선을 되찾았다. 코스닥도 1% 가까이 오르며 마감했다.29일 코스피는 전일 대비 16.56포인트(0.65%) 오른 2565.42에 마감했다. 장 초반 2540선까지 밀렸지만, 기관 매수세가 꾸준히 유입되며 2560선을 회복했다.유가증권시장에서 기관은 홀로 3650억원을 순매수했다. 외국인과 개인은 각각 2277억원, 1785억원을 순매도했다.코스닥 지수는 전일 대비 7.05포인트(0.98%) 상승한 726.46에 거래를 마쳤다. 코스닥 시장에선 외국인이 1477억원, 기관이 412억원을 매수하며 상승세를 이끌었다. 개인은 1738억원을 순매도했다.시가총액 상위주는 대부분 강세를 보였다. 셀트리온(3.8%), 현대모비스(2.19%), 기아(2.14%), 신한지주(2.13%), 현대차(2.01%), 삼성바이오로직스(1.54%), KB금융(1.39%), LG에너지솔루션(1.16%), HD현대중공업(1%), 네이버(0.51%)가 빨간불을 켰다.휴젤(4.23%), 파마리서치(3.72%), 리가켐바이오(3.71%), 삼천당제약(3.38%), 에이비엘바이오(2.91%), 알테오젠(1.68%), 레인보우로보틱스(1.44%), 클래시스(1.1%), HLB(1.08%) 등 코스닥 시가총액 상위주도 강세로 마감했다.알체라(10.61%), 시선에이아이(7.09%) 등 생체인식 관련주는 급등했다. SK텔레콤 해킹 사건 후 금융기관에서 '얼굴인증' 등 생체인식 절차를 강화했기 때문이다. KB국민은행은 전날부터 SK텔레콤 이용자가 인증서를 발급할 때 '얼굴 인증' 절차를 거치도록 했다.한한령(한류 제한령) 해제 기대감에 JYP엔터(5.21%), 와이지엔터테인먼트(4.04%), 하이브(1.81%), 에스엠(1.51%) 등 엔터주도 줄줄이 상승했다. C9엔터테인먼트는 소속 아티스트인 이펙스가 다음 달 중국 푸저우에서 단독 공연을 연다고 밝혔다. 멤버 전원이 한국 국적인 K팝 그룹이 중국 현지에서 단독 콘서트를 여는 것은 한한령 이후 처음이다.다만 한화오션은 12.09% 급락했다. 산업은행이 한화오션 지분 4.3%를 블록딜(시간외 대량매매)로 매각하면서다. 남은 보유 지분은 15% 수준이다. 산업은행은 장기적으로 나머지 지분도 전량 매각할 방침이다.이른바 '홍준표 테마주'도 약세를 보였다. 홍준표 후보가 국민의힘 대선 경선에서 탈락하고, 정계 은퇴를 선언한 영향으로 풀이된다. 경남스틸은 하한가에 거래를 마쳤으며 한국선재(-15.68%), 휴맥스홀딩스(-13.49%)도 10% 넘게 밀렸다.원·달러 환율은 5.3원 내린 1437.3원에 주간 거래를 마쳤다.진영기 한경닷컴 기자 young71@hankyung.com",https://www.hankyung.com/article/2025042936796,2025.04.29 15:48
"코스피, 금통위 앞두고 눈치보기…2450선 소폭 상승","원·달러 환율 1410원대 하락 흐름
태양광 소재 관세 면제 소식에 OCI홀딩스↑","사진=연합뉴스

                17일 코스피지수가 금융통화위원회 기준금리 결정을 앞에 두고 장 초반 눈치보기 흐름을 나타내고 있다.이날 오전 9시2분 현재 코스피지수는 전일 대비 5.34포인트(0.22%) 오른 2452.77을 기록 중이다. 코스피지수는 간밤 뉴욕증시 급락에도 불구하고 미 관세 우려 완화 기대감, 저가 매수세 유입 등에 상승 흐름을 나타내고 있다. 다만 금통위를 앞두고 경계감이 발동되며 상단은 제한되고 있다.한국은행 금통위는 이날 오전 통화정책방향회의를 열고 현재 연 2.75%인 기준금리를 조정할지 결정할 예정이다. 다수의 시장 전문가들은 금리 '동결'을 유력하게 점치고 있다. 트럼프 행정부의 정책 불확실성에 외환 시장 불안이 지속되면서 인하 여력을 남길 것이란 분석이 지배적이다.이 시각 현재 유가증권시장에서 기관이 457억원 순매수 중이다. 외국인과 개인은 각각 132억원과 322억원 매도우위다.코스피 시가총액 상위기업들은 혼조세다. 엔비디아 대중 수출 규제 우려 여파에 SK하이닉스가 0.69% 하락하고 있다. LG에너지솔루션, 현대차, 한화에어로스페이스, 기아 등도 떨어지고 있다. 반면 삼성전자는 0.55% 오름세다. 삼성바이오로직스, 셀트리온, HD현대중공업도 오르고 있다.OCI홀딩스는 태양광 소재인 폴리실리콘과 웨이퍼가 미국 상호관세 면제 품목에 포함됐다는 소식에 10% 가까이 뛰고 있다. 한화솔루션도 6%대 오르고 있다.코스닥지수도 오르고 있다. 이 시각 현재 코스닥지수는 전일 대비 0.51% 뛴 702.69를 기록 중이다. 코스닥시장에선 외국인과 기관이 각각 212억원과 5억원 순매수 중이다. 개인은 193억원 매도우위다.코스닥 시총 상위주들은 대부분 빨간불을 켰다. 알테오젠, 에코프로비엠, HLB, 에코프로, 레인보우로보틱스 등이 상승하고 있다. 반면 코오롱티슈진, 펩트론 등은 내림세다.원·달러 환율은 하락으로 출발했다. 이날 서울 외환시장에서 원·달러 환율은 전일 대비 10.7원 내린 1416.0원에 개장했다.노정동 한경닷컴 기자 dong2@hankyung.com",https://www.hankyung.com/article/2025041770296,2025.04.17 09:21
[마켓칼럼] 코스피 웃돈 건설업…반등 시작하나,,"※한경 마켓PRO 텔레그램을 구독하시면 프리미엄 투자 콘텐츠를 보다 편리하게 볼 수 있습니다. 텔레그램에서 ‘마켓PRO’를 검색하면 가입할 수 있습니다. 





조정현 IBK투자증권 연구원  건설업 반등, 진짜일까?연초 이후 코스피지수를 조용히 크게 아웃퍼폼한 업종이 있다. 바로 건설업이다. 4월 14일 기준 건설업 지수는 올 초 이후(YTD) 수익률이 13.1%를 기록했으며, 같은 기간 코스피지수 수익률(2.9%) 대비 10.2%포인트 초과 성과를 보였다. 건설업 주가 상승은 △수익성 회복 기대감 △PF 부실 리스크 완화에 따른 투자심리 개선이 작용한 결과로 해석된다. 수익성 반등의 변곡점에 선 건설업2024년은 건설업 수익성의 구조적 전환점이 될 가능성이 높다. 특히 대형 건설사들을 중심으로 수익성 개선 흐름이 본격화되는 양상이다. 그 배경으로는 아래 세 가지 요소가 복합적으로 작용하고 있다.1. 저수익성 정리, 고수익성 매출 반영2020~2022년 사이 수주된 현장은 자재비·인건비 급등 전 체결된 계약으로 인해 원가 반영이 부족했고, 이로 인해 전반적인 수익성이 악화됐다. 그러나 해당 현장들이 올해 상반기 대거 준공되며 실적에서 제거되고 있다. 반면, 공사비 인상 이후 수주된 정상 현장들은 본격적으로 기성률이 반영되며 실적에 기여 중이다. 즉, ‘저수익성 이탈 + 정상 수익 유입’이 동시에 나타나며 매출의 질이 구조적으로 개선되고 있는 구간이다.
                    




2. 도급 단가 상승에 따른 외형 성장공사비가 증가했다는 것은 기수주된 프로젝트의 원가 부담도 증가하였지만, 발주처가 신규 프로젝트에 대해서 지불해야 되는 비용이 증가하였다는 뜻으로도 이어진다. 대표적인 예시로, 도시정비사업을 중심으로 단가 상승이 뚜렷하다. 서울시 평균 도급단가는 2020년 3.3㎡당 528.7만원에서 2024년 842.7만 원으로 59.4% 상승했다. 고척4구역은 447만 원에서 700만 원, 잠실진주는 660만 원에서 811.5만 원으로 인상됐다. 비주거 부문도 마찬가지다. 삼성바이오로직스 5공장의 경우, 동일 용량 기준 3공장 대비 공사비가 약 97.6% 증가했다. 단가 상승은 수주 물량이 같더라도 수주 금액 확대를 통해 탑라인을 견인하며, 향후 원가율이 정상화되면 수익성 레벨업이 가능한 구조를 만들어낼 것으로 판단한다.
                    




3. 원가 안정화 흐름 본격화공사비 상승을 이끌었던 원자재와 인건비가 안정 구간에 진입했다. 착공 부진에 따른 자재 수요 둔화로 수도권 레미콘 가격은 2024년 9만3700원에서 2025년 9만1400원으로 2.5% 하락했고, 건축공종 평균 노임단가 상승률도 2025년 상반기 기준 2.3%에 그쳤다. 일부 직종은 오히려 전기 대비 하락세다. 외주비 역시 지난 3년간의 급등세에서 벗어나 정체 구간에 진입했다. 이는 수익성 회복의 핵심 조건이었던 원가 부담 해소의 한 축으로 작용할 것으로 판단한다. 
                    




 대형사와 중소형사, 뚜렷한 양극화그러나 모든 건설사가 반등하는 것은 아니다. 대형 건설사는 수익성 개선과 외형 성장의 쌍두마차를 확보했지만, 중소형사는 여전히 유동성 리스크와 착공 지연에 시달리는 중이다. 대형사는 신규 착공을 유지하며 정상 수익성 비중을 확대한 반면, 중소형사는 미착공 프로젝트 누적과 지방 미분양 등으로 정상화에 어려움을 겪고 있다. 향후 건설업 내에서도 실적 차별화가 뚜렷해질 가능성이 높으며, 투자 판단 시 기업별 착공 추이와 매출 믹스를 정밀히 점검할 필요가 있다고 판단한다.",https://www.hankyung.com/article/202504164466i,2025.04.16 09:19
美 '상호 관세' 발효되는 날…코스피 2300 무너졌다 [영상],"코스피, 1년5개월 만에 2300선 아래로
외국인, 코스피 현·선물 1조6000억 투매
원·달러 환율 1484원…1500원대 '가시권'","영상 모듈 닫기




도널드 트럼프 미국 대통령이 한국을 포함해 '최악의 침해국'(대미 무역 흑자국)으로 규정한 57개국에 대한 상호관세가 발효된 9일 코스피지수가 급락해 1년5개월 만에 2300선이 붕괴됐다. 관세 여파로 인해 기업들의 감익 우려가 부각되면서 증시 투자심리가 악화된 것으로 풀이된다.이날 코스피지수는 전일 대비 40.53포인트(1.74%) 하락한 2293.7로 장을 마감했다. 0.18% 하락세로 출발한 코스피지수는 장중 한때 강보합권에서 상승을 타진하기도 했지만 발효 시간이 다가오면서 매도세가 강해지자 2300선을 지켜내지 못했다. 코스피지수가 2300선을 밑돈 것은 종가 기준 2023년 10월31일(2273.97) 이후 처음이다.
                    



서울 중구 하나은행 딜링룸. /사진=김범준 기자

                트럼프 행정부의 상호관세는 9일 오전 0시1분(현지시간, 한국시간 9일 오후 1시1분)을 기해 발효됐다. 한국은 2007년 미국과 자유무역협정(FTA)을 체결해 그동안 사실상 무관세로 대부분의 상품을 교역해왔지만, 이번 조치로 미국에 수입되는 한국산 제품엔 25%의 관세가 매겨지게 됐다. 트럼프 행정부는 중국에 대해선 상호 관세율을 기존 34%에서 84%로 50%포인트 상향 조정하면서 본격적인 무역 전쟁의 길로 들어섰다.외국인 투자자들의 매도세가 특히 거셌다. 이날 유가증권시장에서 외국인은 코스피 현물 1조90억원, 코스피200 선물 5932억원을 팔아치웠다. 기관 투자자도 785원 매도우위였다. 개인만 9460억원 순매수였다.코스피 시가총액 상위기업들은 KB금융을 제외하곤 일제히 하락했다. 삼성전자와 SK하이닉스가 각각 0.93%와 2.65% 떨어졌다. LG에너지솔루션, 삼성바이오로직스, 현대차, 기아, 한화에어로스페이스도 0.67~1.26% 내렸다. 미국 정부가 의약품에 대한 품목관세를 곧 부과할 것이란 예고에 셀트리온이 5.27% 급락했다.미 알래스카 액화천연가스(LNG) 개발과 관련해 한국과 미국 정부가 논의를 시작했다는 소식 이후 동양철관, 넥스틸이 가격제한폭까지 치솟았다. 포스코인터내셔널, 휴스틸, 하이스틸, 한국가스공사 등도 급등했다. 간밤 한덕수 대통령 권한대행 국무총리와 트럼프 대통령의 통화에서 협력 업종으로 조선이 언급되면서 HD한국조선해양, 한화오션 등이 상승했다.코스닥지수는 2% 넘게 떨어졌다. 이날 코스닥지수는 전일 대비 15.06포인트(2.29%) 하락한 643.39를 기록했다. 코스닥시장에선 외국인이 966억원 순매도였다. 개인과 기관은 각각 806억원과 219억원 매도우위였다.코스닥 시가총액 상위주들은 혼조세를 나타냈다. 알테오젠, 에코프로비엠, HLB, 에코프로, 휴젤, 클래시스 등이 약세를 기록했다. 삼천당제약은 의약품 관세 부담이 부각되면서 12% 넘게 떨어졌다.원·달러 환율은 급등했다. 이날 오후 3시30분 기준 서울 외환시장에서 원·달러 환율은 전일 대비 10.9원 오른 1484.1원에 주간 거래를 마쳤다. 관세 전쟁이 본격화되면서 안전자산 선호심리가 강해진 영향으로 풀이된다.노정동 한경닷컴 기자 dong2@hankyung.com",https://www.hankyung.com/article/2025040908956,2025.04.09 15:50
"유전자편집부터 정제필터까지…다나허, 한국 투자 강화","내년 4분기 국내 첫 바이오의약품 필터공장 가동
최준호 韓법인 대표 ""한국은 세계 3대 바이오 소부장 시장""
'끊임없는 개선'강조한 다나허…시총 190조원으로 성장","최준호 다나허코리아 회장이 한국경제신문과 인터뷰를 하고 있다. 다나허코리아 제공

                ""한국은 미국 중국과 함께 바이오 소재·부품·장비 세계 3대 시장으로 투자를 확대하고 있습니다.""글로벌 바이오·생명과학·진단 분야 강자인 미국 다나허그룹의 한국법인인 다나허코리아 최준호 회장은 30일 인터뷰에서 ""한국 바이오 소부장 시장은 아시아에서 일본보다 크고 중요하다""며 이같이 말했다. 한국이 바이오의약품 위탁개발생산(CDMO) 뿐만 아니라 바이오시밀러(바이오의약품 복제약), 올리고 핵산, 백신 등의 강국으로 위상이 높아지자 글로벌 주요 바이오소부장 시장으로 급부상하고 있는 것이다. 다나허그룹은 1000억원을 인천 송도에 투자해 내년 4분기 바이오의약품용 정제 필터 생산 및 연구개발(R&D) 복합시설인 '싸이티바 이노베이션 허브'를 가동하기로 했다. 글로벌 바이오 소부장 기업 중 국내 처음 가동되는 공장이 될 전망이다. 최 회장은 ""당장은 내수 공급용 물량만 생산하지만 향후 아시아태평양지역으로 수출도 가능할 것""이라고 했다. 다나허그룹은 법인 설립(2020년 계열사 싸이티바) 후 현재까지 한국에 4000억원가량을 투자했다.다나허그룹은 미국 경제전문지 포춘이 선정한 500대 글로벌 기업으로 2024년말 기준 시가총액 190조원, 연매출 34조원의 세계 선두권 글로벌 바이오·생명과학·진단 전문기업이다. 2020년 GE로부터 인수한 주력 계열사 싸이티바는 1733년 설립돼 290년 넘는 역사를 가진 근대 생물공학 소재 발전사의 한 획을 그은 기업이다. 바이오의약품 공정 중 표적 약물을 분리·정제하는 데 쓰이는 크로마토그래피 장비와 정제 소재인 레진 부문에서 압도적인 글로벌 시장점유율 1위다. 바이오의약품용 세포먹이(배지)와 정제 필터 시장에서도 주요 공급사로 우리나라 삼성바이오로직스, 셀트리온, SK바이오사이언스 등에 공급하고 있다.면역진단 자동화시스템업체인 벡크만쿨터, 암 진단 및 이미징업체인 라이카바이오시스템즈, 질량분석기 제조업체인 싸이엑스, 혈액가스분석기 제조업체인 라디오미터 등 계열사도 모두 전세계 시장점유율 1위 기업들로 대부분 국내 빅5 병원과 대학 연구실에도 공급하고 있다. 반도체공정용 필터를 만드는 계열사 폴의 경우 삼성전자와 SK하이닉스, 동진쎄미켐 등이 주 고객사다.최근 다나허그룹은 자체 유전자편집 기술을 활용해 희귀 유전질환 아기를 치료하는 데 성공하면서 전세계 과학계의 주목을 받았다. 지난 5월 15일 국제 학술지 뉴잉글랜드저널오브메디슨에 소개된 세계 최초 유전자편집 기술을 활용한 유전질환 치료 사례엔 세계 최대 mRNA전문기업인 알데브론과 차세대 유전자분석기업 IDT의 가이드RNA 기술이 적용됐다. 최 회장은 ""다나허그룹 계열사 대부분은 업종 내 최고 혹은 유일한 기술을 가진 하이테크기업들""이라며 ""다나허의 기술력을 드러낸 역사적 사건""이라고 말했다.이러한 다나허그룹의 기술경쟁력은 발빠른 사업구조 개편과 남다른 기업문화에 있었다는 게 최 회장의 분석이다. 그는 ""2018년 다나허그룹은 임플란트와 환경솔루션 등 상대적으로 저성장 분야의 기업이었다""며 ""6년에 걸쳐 과감한 M&A와 분사로 사업구조를 개편해 지금은 바이오 헬스케어 등 고성장 기업이 됐다""고 소개했다. 다나허그룹의 핵심 기업문화는 '끊임없는 개선'이다. 그는 ""별도의 경영혁신 도구인 다나허비즈니스시스템을 개발해 고객의 납기 준수율을 크게 개선했다""고 소개했다.최준호 회장은 코로나19 사태 당시 국내 원부자재 공급난 해소에도 크게 기여해 2021년 '약의 날'에 대통령 표창을 받기도 했다. 글로벌 바이오 소부장 기업 중 유일한 수상이다. 최 회장은 ""당시 한국 우선 공급을 위해 별도의 테스크포스(TF)팀을 구성했고 코로나19 백신과 치료제 등을 생산하는 삼성바이오로직스, 셀트리온, SK바이오사이언스 등에 소부장 등을 최우선 공급했다""고 회상했다.다나허그룹은 국내 매출을 공개하지 않고 있지만 업계에선 약 7000억원 규모로 추산하고 있다. 최 회장은 삼성전기 공채 출신으로 존슨앤드존슨 매니저, 릴리 국내 영업 총괄, 보스턴 사이언티픽 한국지사장 등 제약과 의료기기 분야에서 다양한 경력을 쌓았다. 최 회장은 ""550여명의 국내 임직원과 함께 지속적으로 시장을 선도해 두 자릿수의 성장을 일궈 나갈 것""이라고 말했다.안대규 기자 powerzanic@hankyung.com",https://www.hankyung.com/article/202505305477i,2025.05.31 09:23
"'속도조절' 코스피, 외인·기관 '팔자'에 2900선 아래로…코스닥도 하락",,"사진=연합뉴스

                코스피지수가 13일 장 초반 낙폭을 확대하며 2900선을 내줬다. 그동안 새 정부의 내수·증시 부양 기대로 단기 랠리를 펼친 데 따른 부담감에 차익 실현 매물이 출회되면서 숨 고르기 장세가 연출되고 있다.이날 오전 9시21분 현재 코스피지수는 전 거래일보다 25.1포인트(0.86%) 내린 2894.93을 나타내고 있다. 지수는 이날 0.36% 상승 출발 후 오전 9시9분께를 기점으로 하락 전환했다. 이로써 7거래일 연속 이어진 상승세가 멈춰섰다.외국인과 기관투자자의 동반 매도세가 지수를 끌어내렸다. 유가증권시장에서 외국인과 기관은 각각 266억원과 3064억원어치를 팔아치우는 반면 개인은 3246원어치를 사들이고 있다.이날 새벽 미국 증시는 강보합으로 마감했다. 지난 12일(현지시간) 다우존스30산업지수는 0.24% 올랐고 S&P500지수와 나스닥종합지수도 각각 0.38%와 0.24% 상승했다. 코스피 시가총액 상위 종목 중 삼성전자, 삼성바이오로직스, LG에너지솔루션, 한화에어로스페이스, 현대차, KB금융, 기아, 셀트리온 등이 내리는 반면 SK하이닉스, HD현대중공업, 두산에너빌리티, 네이버 등이 오르고 있다.코스닥지수는 같은 시각 5.58포인트(0.71%) 내린 783.87을 나타내고 있다. 코스닥지수 역시 0.41% 상승 출발했으나 오전 9시5분께 하락 전환해 보합권에서 등락을 거듭하다 낙폭을 확대했다.코스닥시장에서도 외국인과 기관이 각각 1437억원과 195억원어치를 팔아치우는 반면 개인이 1646억원어치를 사들이고 있다.코스닥 시총 상위 종목 중 알테오젠, 에코프로비엠, HLB, 에코프로, 레인보우로보틱스, 리가켐바이오, 클래시스, 삼천당제약 등이 내리는 반면 펩트론, 실리콘투 등이 오르고 있다.서울 외환시장에서 원·달러 환율은 전장보다 3.7원 내린 1355원으로 개장했다.고정삼 한경닷컴 기자 jsk@hankyung.com",https://www.hankyung.com/article/2025061323946,2025.06.13 09:25
"대법, 오늘 이재용 회장 ‘부당합병·회계부정’ 최종 판결…삼성 미래사업 분수령",,"이재용 삼성전자 회장의 ‘부당합병·회계부정’ 사건에 대한 대법원 최종 판단이 18일 내려진다. 이 사건은 그룹 경영권 승계를 둘러싸고 지난 수년간 이어져온 법적 공방의 결말로, 재계와 투자자들의 이목이 집중되고 있다.해당 사건은 2015년 삼성물산과 제일모직 합병 과정에서 이 회장이 부당하게 경영권을 확보하려 했다는 혐의에서 비롯됐다. 검찰은 이 과정에서의 회계처리 방식이 고의적 분식회계에 해당하며, 주주 이익을 침해했다고 주장해 왔다. 그러나 1심과 2심 재판부는 “합병 과정에 불법성이 없다”며 이 회장에게 무죄를 선고했다.대법원이 오늘 무죄 판결을 확정할 경우, 이 회장은 경영권 승계 관련 법적 리스크를 완전히 털어내게 된다. 재계는 이를 계기로 삼성이 향후 미래사업 추진에 더욱 속도를 낼 수 있을 것으로 보고 있다. 특히 바이오, 반도체 후공정, 인공지능 등 신성장 산업에 대한 대규모 투자가 본격화될 수 있다는 기대감이 반영되고 있다.삼성전자 주가는 이날 장 초반 강보합세를 보이며, 대법 판결 결과를 주시하고 있다. 전문가들은 “법적 불확실성 해소는 기업 가치에 긍정적인 요소로 작용할 수 있다”며 “대형 수급이 유입될 경우, 반등 가능성도 높다”고 평가했다.이처럼 대형 이슈에 따라 주가의 변동성이 확대되는 구간에서, 일부 투자자들은 스탁론 또는 스탁론(주식매입자금)을 활용한 전략적 레버리지 투자에 나서고 있다. 최근엔 증권사 신용·미수 대환 목적뿐만 아니라, 단기 매수 타이밍 확보를 위한 유연한 자금 운용 수단으로 주목받고 있다.




 

▶ 더머니스탁론 신규 상품 전격 출시! (DSR 규제 X)▶ 최대 400% 레버리지 투자, 증권사 신용미수 대환 가능!▶ 한 종목 100% 집중 투자 가능!▶ 더머니스탁론 바로가기 (https://themoney.co.kr/ha)▶ 더머니스탁론 전화 상담 1600-7096▶ 더머니스탁론 카카오톡 상담 (http://pf.kakao.com/_cVfxbn/chat)관심종목: 삼성전자, 삼성바이오로직스, 삼성물산, 에스디바이오센서, 피에스케이무료상담",https://www.hankyung.com/article/202507174093a,2025.07.17 14:10
강보합권 횡보하는 코스피…방산·조선 '희비교차',,"사진=연합뉴스

                코스피가 강보합권에서 횡보하고 있다. 개인이 현물 주식을, 외국인이 선물을 각각 순매수하는 중이다. 미국 관세 이슈의 힘이 약화된 가운데 개별 종목 장세가 나타나고 있다.18일 오전 11시6분 현재 코스핀느 전일 대비 6.65포인트(0.27%) 오른 2477.06에 거래되고 있다.개인이 유가증권시장에서 1261억원어치 현물주식을 순매수하는 반면, 외국인과 기관은 각각 1108억원어치와 294억원어치를 팔고 있다. 다만 외국인은 코스피200 선물을 2238억원어치 사고 있다.시가총액 상위 종목들은 혼조세다.삼성전자는 장 초반 약보합세에서 강보합세로 전환됐다. SK하이닉스도 1% 이상이던 낙폭을 0.69%로 줄였다.보합권에 있던 LG에너지솔루션은 1.17% 하락하고 있고, 현대차와 기아는 각각 1.71%와 1.76% 상승 중이다.삼성바이오로직스와 셀트리온은 각각 0.38%와 1.19% 하락하고 있다.장 초반 동반 강세를 보이던 한화에어로스페이스와 HD현대중공업은 희비가 엇갈렸다. 한화에어로스페이스는 오름폭을 4.17%까지 키우며 현대차를 제치고 코스피 시총 5위에 올랐다. 반면 HD현대중공업은 중국 선사에 대한 미국의 제재가 기대보다 약하다는 평가가 일각에서 제기된 탓에 2.46% 하락하고 있다. 해운주들도 오름폭을 상당 부분 반납했다. 코스닥은 전일 대비 1.23포인트(0.17%) 오른 712.98에 거래되고 있다. 이 시장에서도 개인이 1129억원어치 주식을 사는 반면, 외국인과 기관은 각각 793억원어치와 162억원어치를 팔고 있다.코스닥 시가총액 상위 종목들도 혼조세다.알테오젠과 리가켐바이오는 각각 4.52%와 2.45% 상승하고 있다. 펩트론도 간밤 일라이릴 리가 급등한 영향으로 5.36% 강세다.반면 HLB(-2.14%), 휴젤(-1.02%), 클래시스(-0.79%) 등은 약세다.에코프로와 에코프로비엠도 각각 1.44%와 1.14% 하락하고 있다.서울외환시장에서 원·달러 환율은 전일 대비 4.59원(0.32%) 오른 달러당 1421.2원에 거래되고 있다.한경우 한경닷컴 기자 case@hankyung.com",https://www.hankyung.com/article/2025041803406,2025.04.18 11:17
"18일, 외국인 거래소에서 SK하이닉스(0.00%), 한미반도체(+7.65%) 등 순매도",,"외국인 투자자는 18일 거래소에서 SK하이닉스, 한미반도체, 삼성중공업 등을 중점적으로 매도한 것으로 나타났다.외국인 투자자의 순매도 상위 20개 종목은 SK하이닉스, 한미반도체, 삼성중공업, 한국항공우주, HD현대중공업, HMM, HD현대일렉트릭, LS ELECTRIC, 두산에너빌리티, 삼성전자우등이다.이중에 전기,전자 업종에 속한 종목이 7개 포함되어 있다.한미반도체, HMM, HD현대일렉트릭 등은 전일 대비 주가가 상승했고, 삼성중공업, 한국항공우주, HD현대중공업 등은 주가가 하락했다.[04월18일]거래소 외국인 순매도 상위 종목한경로보뉴스이 기사는 한국경제신문과 금융 AI 전문기업 씽크풀이 공동 개발한 기사 자동생성 알고리즘에 의해 실시간으로 작성된 것입니다.",https://www.hankyung.com/article/202504181460L,2025.04.18 18:35
[투자운세] 5월9일(내일) 궁합이 맞는 종목은?,,"2025년 5월 9일 내일 관심가질 종목입니다1.쥐띠 : 천둥이 잦아지면 소나기가 온다60년생 (파두, 두산로보틱스) 72년생 (신성델타테크, LG디스플레이) 84년생 (현대오토에버, HLB)2.소띠 : 장기간 움직이지 않던 주식이 오르기 시작하면 크게 오른다61년생 (한올바이오파마, 카카오) 73년생 (농심, 오뚜기) 85년생 (NAVER, 에스엘)3.호랑이띠 : 가지많은 나무 바람 잘 날 없다62년생 (이수페타시스, 한미사이언스) 74년생 (대웅, 코웨이) 86년생 (삼양식품, KB금융)4.토끼띠 : 부피가 크다고 좋은 것은 아니다63년생 (코스모신소재, 카카오페이) 75년생 (넷마블, 에코프로머티) 87년생 (삼성에스디에스, OCI홀딩스)5.용띠 : 대중은 항상 틀리고 있다64년생 (F&F, 삼천당제약) 76년생 (SK가스, 한국타이어앤테크놀로지) 88년생 (LG, 동화기업)6.뱀띠 : 새 술은 새 부대에 담아라65년생 (롯데케미칼, 씨젠) 77년생 (LG화학, 한미약품) 89년생 (셀트리온제약, 카카오게임즈)




 

7.말띠 : 매도 종목의 움직임도 관찰하라66 년생 (카카오뱅크, 삼성전자) 78년생 (금호석유, 신한지주) 90년생 (HD한국조선해양, SK바이오사이언스)8.양띠 : 매수가는 잊어버려라67년생 (KG모빌리티, 팬오션) 79년생 (HL만도, 유한양행) 91년생 (BGF리테일, S-Oil)9. 원숭이띠 : 사람이 가는 속에 길이 있고 꽃의 산이 있다68년생 (롯데정밀화학, 고려아연) 80년생 (롯데웰푸드, LG전자) 92년생 (한화솔루션, 영원무역)10.닭띠 : 소문에 사고 뉴스에 팔아라69년생 (LS ELECTRIC, SK오션플랜트) 81년생 (삼성전기, SK바이오팜) 93년생 (SK이노베이션, 엔켐)11.개띠 : 큰 성공 후에 충분한 휴식을 취하라70년생 (한국앤컴퍼니, 대한전선) 82년생 (효성티앤씨, DB하이텍) 94년생 (레이크머티리얼즈, 삼성전기)12.돼지띠 : 막연한 예측은 빗나가는 화살과 같다71년생 (펄어비스, 삼성바이오로직스) 83년생 (효성첨단소재, 대웅제약) 95년생 (삼성전자, 루닛)링크종목 – 한화에어로스페이스, 레인보우로보틱스, 에코프로비엠, 두산에너빌리티, 셀트리온무료상담",https://www.hankyung.com/article/202505088536a,2025.05.08 14:18
"18일, 기관 거래소에서 한화에어로스페이스(-2.83%), SK하이닉스(-1%) 등 순매도",,"기관 투자자는 18일 거래소에서 한화에어로스페이스, SK하이닉스, 삼성바이오로직스 등을 중점적으로 매도한 것으로 나타났다.기관 투자자의 순매도 상위 20개 종목은 한화에어로스페이스, SK하이닉스, 삼성바이오로직스, LG에너지솔루션, KB금융, 오리온, PLUS K방산, 현대건설, 우리금융지주, 삼성물산등이다.이중에 전기,전자 업종에 속한 종목이 3개 포함되어 있다.TIGER 200, 케이카, 시프트업 등은 전일 대비 주가가 상승했고, 한화에어로스페이스, SK하이닉스, 삼성바이오로직스 등은 주가가 하락했다.[06월18일]거래소 기관 순매도 상위 종목한경로보뉴스이 기사는 한국경제신문과 금융 AI 전문기업 씽크풀이 공동 개발한 기사 자동생성 알고리즘에 의해 실시간으로 작성된 것입니다.",https://www.hankyung.com/article/202506184346L,2025.06.18 18:35
,,,https://magazine.hankyung.com/business/article/202506129238b,
中 넘보는 韓 바이오 소부장 시장…글로벌 '빅4' 희비 엇갈려,,,https://www.hankyung.com/article/202505139379i,2025.05.13 11:33
"기술수출·정책지원 겹호재…""제약·바이오, 코스닥 이끈다""","수출주 부진 속 주가 불기둥
삼성바이오·알테오젠 등 강세

정부, 관세 피해산업에 자금 투입
에이비엘바이오 등은 兆단위 잭팟

""글로벌 제약사 핵심 파트너 도약
제약·바이오가 시장 주도할 것""","제약·바이오 업종이 오랜 부진을 딛고 반등하고 있다. 잇단 기술수출 성과와 실적 개선, 정책 지원 덕에 매수세가 몰리고 있다는 분석이 나온다. 2차전지의 고전으로 침체된 코스닥시장에 활력을 불어넣을 것이란 기대가 커지고 있다. ◇7% 급등한 삼바…외국인 매수세







이미지 크게보기



                21일 국내 증시에서 제약·바이오 종목이 일제히 상승세를 보였다. 유가증권시장 시가총액 3위인 삼성바이오로직스는 7.11% 급등한 110만원에 거래를 마쳤다. 외국인은 이날 이 종목을 545억원어치 순매수(3위)하며 상승을 이끌었다. 이날 화이자와의 특허분쟁 소송에서 최종 승소한 SK바이오사이언스는 5.78% 올랐고, 유한양행(2.84%)과 한미약품(2.28%) 등도 상승세를 보였다.코스닥시장에도 강한 매수세가 유입됐다. 시총 1위 알테오젠(2.68%)을 비롯해 젬백스(10.06%), 삼천당제약(5.12%), 보로노이(3.84%), 펩트론(3.75%) 등 시총 상위 종목이 힘을 냈다. 이날 상한가를 기록한 셀리드, 더바이오메드, 그린생명과학도 모두 바이오주다. 외국인은 이날 코스닥시장에서 삼천당제약(111억원어치)을 가장 많이 사들였다.제약·바이오 업종 주가 움직임은 최근까지 크게 부진했다. 도널드 트럼프 미국 행정부의 약가 인하 정책 등이 투자심리를 눌렀다. 글로벌 제약사의 수익성이 악화하면 삼성바이오로직스와 SK바이오사이언스 등 위탁개발생산(CDMO) 업체도 영향을 받을 수밖에 없다. 기술수출 위주의 바이오 기업 또한 협상력과 수익성이 줄어든다. 지난 2월 미국이 예고한 의약품 관세와 계속되는 고금리, 공매도 재개도 불확실성을 가중했다. 이 영향으로 3월 한 달 동안 코스닥 150 헬스케어지수는 12.41% 빠졌다.하지만 최근 투자심리가 빠르게 회복하고 있다. 이날은 정부가 바이오 등 관세 피해 산업에 자금을 투입하겠다는 계획을 밝히며 기대가 커졌다. 4월 에이비엘바이오가 글락소스미스클라인(GSK)과 4조원 규모로 기술을 수출하는 등 글로벌 빅파마와의 계약도 계속 나오고 있다. 이에 따라 실적까지 개선될 수 있다는 기대가 높아졌다. 리가켐바이오는 3월 신약후보물질 관련 마일스톤(단계별 기술료)을 받으며 올 1분기 매출 516억원, 영업이익 114억원의 호실적을 기록했다. ◇“바이오 반등세 당분간 이어질 것”제약·바이오 업종 반등은 당분간 이어질 것이란 전망이 나온다. 펩트론, 리가켐바이오 등 주요 업체의 기술수출을 비롯해 다수 파이프라인의 임상 결과가 예정돼 있어 기대가 커지고 있다. 엄민용 신한투자증권 연구원은 “중요한 이벤트가 계속 나오는 올 하반기는 국내 바이오 업체들이 글로벌 제약사의 핵심 개발 파트너로 발돋움하는 시기가 될 것”이라며 “국내 바이오 업종이 전반적으로 재평가받을 수 있다”고 말했다.미국의 의약품 관세 불확실성도 점차 해소될 가능성이 높다. 한승연 NH투자증권 연구원은 “미국의 주안점이 중국 바이오 규제로 넘어갈 것으로 본다”며 “국내 바이오산업의 반사 이익도 기대할 수 있다”고 분석했다.바이오 종목이 상승세를 타면 코스닥시장도 활기를 되찾을 전망이다. 연초 크게 뛰어오른 코스닥지수는 양대 축인 2차전지와 제약·바이오가 모두 하락세를 보인 영향으로 부진한 흐름을 보였다. 한 자산운용사 관계자는 “정책 불확실성 해소를 계기로 그동안 소외된 바이오 종목이 키 맞추기에 나설 가능성이 있다”며 “이 경우 코스닥 시총 10위권에 바이오·의료기기 종목이 7개나 자리한 만큼 시장 전체가 활력을 보일 것”이라고 전망했다.박한신 기자 phs@hankyung.com",https://www.hankyung.com/article/2025052176971,2025.05.21 17:39
"코스피, 미 기술주 훈풍에 또 연고점 경신…3180선 마감","외인 '사자' 개인 '팔자'
엔비디아 상승에 반도체株↑","10일 오후 서울 중구 하나은행 본점 딜링룸 전광판에 증시가 표시되고 있다. 사진=뉴스1

                코스피지수가 미 기술주 훈풍에 힘입어 또 연고점을 경신했다.10일 코스피지수는 전일 대비 49.49포인트(1.58%) 오른 3183.23을 기록했다. 전날 연고점 경신 이후 이날 소폭 상승세로 출발한 코스피지수는 반도체와 제약바이오 등 대형주에 매수세가 몰리면서 장중 상단을 지속적으로 높였다.앞서 간밤 뉴욕증시에선 S&P500지수와 나스닥종합지수가 사상 최고치를 돌파하는 등 주요 지수가 일제히 상승했다. 특히 엔비디아는 시가총액 4조달러(약 5500조원)를 넘어서는 세계 최초의 기업이 됐다.한국은행 금융통화위원회는 이날 통화정책방향 결정회의에서 예상대로 기준금리를 연 2.50%로 동결하면서 증시에 큰 영향을 주지 않았다.이날 유가증권시장에서 외국인과 기관이 각각 4899억원과 408억원 순매수였다. 개인은 5842억원 매도우위였다. 장 초반 매도세를 보였던 외국인이 반도체주를 중심으로 매수세에 나서자 개인이 차익실현 물량을 내놨다.시총 상위주들은 대부분 올랐다. 엔비디아가 상승에 힘입어 삼성전자, SK하이닉스가 강세였다. 특히 SK하이닉스는 5.69% 오른 29만7000원에 장을 마감해 30만원을 눈앞에 뒀다. 삼성바이오로직스와 SK바이오팜은 의약품에 대한 미 관세 부과 시점 연장에 각각 6.09%와 5.54% 급등했다.대신밸류리츠는 코스피 상장 첫날 공모가(5000원) 대비 9.6% 떨어지면서 다소 부진했다.코스닥지수도 상승했다. 이날 코스닥지수는 전일 대비 7.34포인트(0.93%) 오른 797.7에 거래를 마감했다. 코스닥시장에선 외국인이 1706억원 순매수했다. 기관과 개인은 각각 1474억원과 397억원 매도우위였다.코스피 시총 상위주들은 혼조세였다. 알테오젠(5.67%), HLB(2.43%), 리가켐바이오(16.49%) 등이 강세였다. 반면 파마리서치(-5.56%), 휴젤(-1.66%) 등은 떨어졌다.이창용 한국은행 총재가 은행권 중심의 스테이블코인 발행을 언급하면서 뱅크웨어글로벌이 급등했다. 50% 무상증자를 결정한 헥토파이낸셜은 10.24% 뛰었다. 인투셀은 기술이전 계약 해지 소식 이후 26%대 급락했다.원·달러 환율은 하락했다. 이날 오후 3시30분 기준 서울 외환시장에서 원·달러 환율은 전일 대비 5.0원 내린 1370.0원에 주간거래를 마쳤다.노정동 한경닷컴 기자 dong2@hankyung.com",https://www.hankyung.com/article/2025071005746,2025.07.10 15:54
"삼성바이오로직스 수주공시 - 의약품 위탁생산계약 7,373.3억원 (매출액대비  16.21 %)",,"04월 28일 삼성바이오로직스(207940)는 수주공시를 발표했다.◆삼성바이오로직스 수주공시 개요- 의약품 위탁생산계약 7,373.3억원 (매출액대비  16.21 %)삼성바이오로직스(207940)는 의약품 위탁생산계약에 관한 단일판매ㆍ공급계약체결              을 28일에 공시했다.계약 상대방은 미국소재제약사이고, 계약금액은 7,373.3억원 규모로 최근 삼성바이오로직스 매출액 4.55조 대비 약  16.21 % 수준이다. 이번 계약의 기간은 2025년 04월 28일 부터 2031년 12월 31일까지로 약 6년 8개월이다.한편 이번 계약수주는 2025년 04월 28일에 체결된 것으로 보고되었다.
                    



차트

                한편, 오늘 분석한 삼성바이오로직스는 삼성그룹의 바이오 사업 지주사로 알려져 있다.한경로보뉴스이 기사는 한국경제신문과 금융 AI 전문기업 씽크풀이 공동 개발한 기사 자동생성 알고리즘에 의해 실시간으로 작성된 것입니다.",https://www.hankyung.com/article/202504289319L,2025.04.28 08:50
"23일, 거래소 외국인 순매도상위에 전기,전자 업종 3종목",,"외국인 투자자는 23일 거래소에서 NAVER, 카카오, 삼성전자 등을 중점적으로 매도한 것으로 나타났다.외국인 투자자의 순매도 상위 20개 종목은 NAVER, 카카오, 삼성전자, 한화에어로스페이스, 삼성SDI, 풍산, HMM, 현대차, SK이노베이션, 한국전력등이다.이중에 전기,전자 업종에 속한 종목이 3개 포함되어 있다.NAVER, 카카오, 풍산 등은 전일 대비 주가가 상승했고, 삼성전자, 한화에어로스페이스, 삼성SDI 등은 주가가 하락했다.[06월23일]거래소 외국인 순매도 상위 종목한경로보뉴스이 기사는 한국경제신문과 금융 AI 전문기업 씽크풀이 공동 개발한 기사 자동생성 알고리즘에 의해 실시간으로 작성된 것입니다.",https://www.hankyung.com/article/202506234570L,2025.06.23 18:35
[분석+] 황반변성 치료제 시장 재편…국내 바이오 복제약·이중항체 투 트랙 러시,"아일리아 특허 만료, 황반변성 시장 재편
바이오시밀러 개발사, 합의 가속화

바비스모 등장, 이중항체의 판도 변화
국내 이중항체 신약 개발 본격화","사진=게티이미지뱅크

                아일리아 바이오시밀러 출시를 앞두고 황반변성 치료제 시장을 둘러싼 주도권 경쟁이 본격화됐다. 셀트리온, 삼성바이오에피스를 비롯한 바이오시밀러 개발사들은 소송과 합의를 넘나들며 시장 공략에 나서고 있다. 로슈의 이중항체 신약 바비스모는 급성장하며 판도 변화를 이끌고 있다. 국내 기업들도 이중항체 신약 개발에 속도를 내며 황반변성 시장 재편에 뛰어들고 있다.26일 제약업계에 따르면 최근 인도 바이오콘은 오는 7월 캐나다에서 아일리아 바이오시밀러를 출시가 결정됐다. 미국 시장도 2026년 판매를 개시할 것으로 전망한다. 이는 아일리아 원개발사 리제네론과 합의에 따른 결과다. 아일리아는 황반변성 치료제다. 2011년 출시한 이후 10년 넘게 황반변성 치료제 글로벌 1위 자리를 지키고 있다. 지난해 이미 물질특허가 만료됐지만, 리제네론은 제형특허 전략으로 바이오시밀러 출시를 막고 있다. 아일리아는 미국에서 1회 투약비용이 약 2000달러에 이르는 고가 의약품이다. 바이오시밀러가 출시되면 시장에 미치는 파급력이 상당할 것으로 예상된다.하지만 암젠은 리제네론의 제형특허를 회피해 2023년 7월 미국에 아일리아 바이오시밀러 파블루를 출시했다. 파블루 출시 직후 리제네론은 암젠에 특허 침해 소송과 판매 중지 가처분 신청을 제기했다. 법원은 파블루에 대한 판매 중지 가처분 신청을 기각했고, 양사의 소송은 현재진행형이다. 국내 바이오시밀러 개발사 셀트리온과 삼성바이오피스도 아일리아 바이오시밀러 출시에 속도를 내고 있다. 셀트리온은 아일리아 바이오시밀러 CT-P42를 2024년 5월 미국식품의약국(FDA) 허가를 받았다. 삼성바이오로직스 자회사 삼성바이오에피스도 SB15로 같은 시기 FDA 승인을 획득했으며, 한국에서는 2024년 5월 아필리부를 출시해 판매를 시작했다. 다만 양사 모두 리제네론과의 합의 등 절차를 거친 이후 미국 시장 출시를 추진할 것으로 보인다. 바이오시밀러 개발사들이 리제네론과 합의를 서두르는 가운데, 기존 황반변성 치료제를 위협하는 신약의 부상도 시장 판도에 변화를 예고하고 있다. 로슈가 개발한 이중항체 신약 바비스모는 가파른 성장세를 보이며 글로벌 안과질환 치료제 시장의 지형을 뒤흔들고 있다.바비스모는 2022년 1월 FDA 승인을 받고 시장에 진입했다. Ang-2와 VEGF를 이중으로 억제하는 차별화된 기전을 앞세워 빠르게 점유율을 확대 중이다. 바비스모는 2022년 출시 1년 만인 2023년 매출 약 24억300만프랑, 2024년에는 약 38억6400만프랑(약 6조7800억원)을 달성했다. 출시 초반 매출 성장만 놓고 보면, 아일리아가 출시 다음해인 2012년 약 8억 달러, 2013년 14억 달러(2조100억원)에 그쳤던 것과 비교해 바비스모는 2배 이상의 빠른 성장 속도를 보이고 있다.현재 아일리아는 바비스모의 등장으로 성장 정체 국면에 진입했다. 아일리아는 2022년 글로벌 매출 96억 달러로 정점을 찍었지만, 2023년 93억8000만 달러로 소폭 감소했다. 2024년은 95억5000만 달러로 반등했으나, 성장률은 2%에 그쳤다. 항체 기반 치료제는 대부분 평생 사용하기 어렵다. 시간이 지남에 따라 치료 효과가 점차 감소하고, 주사 간격은 다시 짧아진다. 항체에 대한 내성이 생기기 때문이다. 실제로 자가면역질환 치료 분야에서는 이러한 이유로 다양한 기전의 항체가 끊임없이 개발되고 있으며, 망막질환 치료제도 예외는 아니다.바비스모는 기존 단일기전 약물 대비 향상된 치료 효과와 아일리아 내성에 대한 효과 때문에 높은 수요를 얻고 있다. 국내 바이오기업들도 이중항체 신약 개발에 속속 뛰어들고 있다. 맵틱스와 큐라클은 공동으로 ‘MT-103’을 개발 중이며, 알테오젠의 자회사 알토스바이오로직스는 ‘ALTS-OP1’를 개발하고 있다. 이들 파이프라인 모두 VEGF 억제와 함께 Tie2 수용체를 직접 활성화시키는 이중 타깃 구조로 제작했다. Tie2 수용체는 혈관을 안정적으로 유지하는 데 중요한 역할을 하는 신호 전달 체계다. 이 경로는 주로 ‘Ang-1’이라는 단백질이 Tie2 수용체에 결합하면서 활성화된다. Tie2 신호전달경로가 활성화되면 혈관 내피에서 누수가 줄고, 염증 반응도 억제돼 혈관이 건강한 상태를 유지할 수 있다.바비스모는 Ang-2를 억제해 Tie2 경로를 간접적으로 활성화시키는 방식이라면, 국내 기업들이 개발 중인 이중항체는 Ang-1의 역할을 대신해 Tie2 수용체에 직접 결합해 신호를 유도한다. 이처럼 Tie2 경로를 보다 강력하게 활성화함으로써 혈관의 누수와 염증을 효과적으로 억제할 수 있다. 특히 Ang-1 발현이 낮은 환자에게서 더 큰 치료 효과를 기대할 수 있다.맵틱스와 큐라클의 MT-103은 서울아산병원 안과 연구팀이 수행한 동물모델 전임상 시험 결과 기존 치료제인 아일리아 대비 망막 혈관 누수 억제 및 시력 보호 효과에서 우수한 결과를 보였다. 지난해 국가신약개발사업 과제로 선정돼 개발에 속도를 내고 있다. 알토스바이오로직스의 ALTS-OP1은 세포 기반 실험에서 혈관내피세포(HUVEC) 단일층의 누수 억제 효과가 바비스모보다 우수했다는 평가를 받았다. 김유림 기자 youforest@hankyung.com**이 기사는 한경닷컴 바이오 전문 채널 <한경바이오인사이트>에 2025년 4월 26일 12시53분 게재됐습니다.",https://www.hankyung.com/article/202504267490i,2025.04.26 12:53
"코스피, 개인 매수에 강보합 출발…조선·방산은 여전히 강세",,"사진=연합뉴스

                코스피가 18일 장 초반 강보합세를 보이고 있다. 간밤 뉴욕증시가 특별한 움직임을 나타내지 않은 채 개별 종목 장세를 연출한 흐름이 어이지는 모습이다.이날 오전 9시5분 현재 코스피는 전일 대비 3.73포인트(0.15%) 오른 2474.14에 거래되고 있다.개인이 유가증권시장에서 649억원어치 주식을 사고 있다. 반면 외국인과 기관은 각각 412억원어치와 236억원어치를 파는 중이다. 다만 외국인은 코스피200 선물을 883억원어치 순매수하고 있다.시가총액 상위 종목은 혼조세다.삼성전자는 약보합세를 보이고, SK하이닉스는 엔비디아의 약세에 또 1.14% 빠지는 중이다.LG에너지솔루션과 현대차, 기아는 강보합세다.최근 증시 주도주 역할을 하는 방산 섹터의 한화에어로스페이스는 2.45%, 조선 섹터의 HD현대중공업은 1.23% 각각 상승하고 있다.삼성바이오로직스와 셀트리온은 각각 0.28%와 0.69% 하락하고 있다.코스닥은 전일 대비 0.92포인트(0.13%) 내린 710.83을 기록 중이다. 이 시장에서도 개인이 631억원어치 주식을 파는 반면, 외국인과 기관은 각각 446억원어치와 153억원어치를 순매도하고 있다.코스닥 시가총액 상위 종목은 대체로 하락하고 있다.펩트론이 5.67% 상승해 가장 돋보인다. 알테오젠도 0.8% 상승하고 있다.반면 에코프로비엠은 1.44%, HLB는 1.07%, 에코프로는 0.72%, 레인보우로보틱스는 0.89%, 휴젤은 1.02%, 클래시스는 1.73% 하락하고 있다.서울외환시장에서 원·달러 환율은 전일 대비 3.7원(0.26%) 오른 달러당 1420.3원에 거래되고 있다.간밤 뉴욕증시에서 주요지수는 관세 이슈에 대한 피로감을 드러내며 혼조세로 마감했다. ‘성금요일’ 휴장을 하루 앞두고 상대적으로 거래도 활발하지 않았다. 미 행정부가 무역협상이 긍정적으로 진행되고 있다는 주장을 내놓은 것도, 도널드 트럼프 미국 대통령이 제롬 파월 미국 중앙은행(Fed) 의장에게 해임 압박을 가한 것도 시장을 크게 움직이지는 못했다.17일(현지시간) 뉴욕증권거래소(NYSE)에서 다우존스30산업평균지수는 전일 대비 527.16포인트(1.33%) 하락한 39,142.23에, 스탠더드앤드푸어스(S&P)500지수는 7.00포인트(0.13%) 오른 5,282.70에, 나스닥종합지수는 20.71포인트(0.13%) 내린 16,286.45에 각각 거래를 마쳤다.한경우 한경닷컴 기자 case@hankyung.com",https://www.hankyung.com/article/2025041897486,2025.04.18 09:13
"삼성바이오로직스, 2025 바이오 인터내셔널 컨벤션 참가",2만명 찾는 세계 최대 박람회…창사 이래 13년 연속 단독부스 마련 참가,"삼성바이오로직스(대표이사 존 림)는 세계 최대 바이오·제약 박람회인 '2025 바이오 인터내셔널 컨벤션(BIO International Convention·바이오 USA)'에 참가한다고 9일(월) 밝혔다.바이오 인터내셔널 컨벤션은 미국 바이오협회(BIO·Biotechnology Innovation Organization) 주관으로 매년 6월 미국 내 주요 바이오클러스터를 순회하며 열리는 행사로, 전 세계 바이오·제약 업계 관계자가 모여 파트너십을 논의하는 교류의 장으로 꼽힌다.올해 행사는 오는 16~19일(현지시간) 나흘간 미국 매사추세츠주 보스턴 컨벤션&엑시비션 센터(Boston Convention & Exhibition Center)에서 '더 월드 캔트 웨이트(The World Can't Wait)'를 주제로 열린다. 전 세계 업계 관계자 2만명 이상이 행사장을 찾을 것으로 전망된다.삼성바이오로직스는 2011년 창사 이래 국내 기업 중 유일하게 13년 연속 단독 부스를 마련해 참가하며 높은 글로벌 수주 경쟁력을 알려오고 있다. 이번 행사 역시 유동인구가 가장 많은 전시장 초입에 167㎡ 규모 부스를 마련해 참가자들의 시선을 사로잡을 예정이다. 특히 지속적으로 확장하고 있는 회사의 위탁개발생산(CDMO) 경쟁력과 신규 시설 및 서비스 홍보를 위해 'LED 월(Wall)'과 인터랙티브 터치 스크린 등 첨단 전시물을 설치해 다양한 콘텐츠를 생생하게 전달할 예정이다. 이를 통해 최근 바이오·제약 업계의 화두로 떠오르고 있는 디지털 기술 활용을 강조함으로써 미래혁신적인 브랜드 이미지를 제고한다는 구상이다.부스에서는 최근 가동을 시작한 5공장을 필두로 한 78만4000L의 세계 최고 수준의 바이오의약품 생산능력을 비롯해 고객사들의 신규 수요에 신속히 대응하기 위한 다중특이적 항체 개발 및 생산 역량을 비롯해, 올해 새롭게 론칭한 항체·약물접합체(ADC) 서비스 등 CDMO 포트폴리오 확장, 인공지능(AI) 기반 운영 등 디지털 트랜스포메이션(DT)까지 '글로벌 톱티어 CDMO'로의 도약을 위한 삼성바이오로직스의 최근 변화상 및 비전을 한 데 담아 소개해 회사의 경쟁력을 알리고 다양한 분야에서 협업을 적극 추진할 계획이다.이외에도 전시장 입구에서 전면으로 보이는 스카이브릿지와 메인 행사장으로 입장하는 계단 등 행사 참가 인원들이 어디서나 볼 수 있도록 전시장 주요 위치에 단독으로 홍보 배너를 배치하는 등 다양한 콘텐츠를 통해 기존 글로벌 고객사뿐만 아니라 신규 고객사들과의 접점을 넓혀 미국 등 글로벌 위탁개발생산(CDMO) 시장 내 인지도 및 점유율 확대를 목표로 한다는 구상이다.",https://www.hankyung.com/article/202506091432P,2025.06.09 08:35
[투자운세] 5월28일(내일) 궁합이 맞는 종목은?,,"2025년 5월 28일 내일 관심가질 종목입니다1.쥐띠 : 시장분위기에 취하지 마라60년생 (엔켐, HPSP) 72년생 (에코프로머티, 에코프로) 84년생 (케어젠, 크래프톤)2.소띠 : 매도 종목의 움직임도 관찰하라61년생 (한진칼, 현대위아) 73년생 (이수페타시스, SOOP) 85년생 (씨에스윈드, SK하이닉스)3.호랑이띠 : 1%가 소문을 만들고 99%가 뒤를 쫓는다62년생 (키움증권, 현대차) 74년생 (대우건설, 삼성카드) 86년생 (LIG넥스원, 에스엘)4.토끼띠 : 모든 재료가 곧 바로 주가에 반영되지는 않는다63년생 (SK네트웍스, KB금융) 75년생 (신한지주, 대한전선) 87년생 (한화생명, 한화솔루션)5.용띠 : 대세는 오래가도 개별 종목시세는 짧다64년생 (고영, 한국금융지주) 76년생 (한국전력, CJ제일제당) 88년생 (기아, HL만도)6.뱀띠 : 오늘의 패자만이 내일의 승자가 될 수 있다65년생 (주성엔지니어링, 현대제철) 77년생 (현대엘리베이, 기업은행) 89년생 (현대건설, 휠라홀딩스)




 

7.말띠 : 밀물이 있으면 썰물이 있다66 년생 (오리온, 대웅) 78년생 (삼성생명, 한미반도체) 90년생 (한화에어로스페이스, GS건설)8.양띠 : 고독이 성공을 불러온다67년생 (한화시스템, JB금융지주) 79년생 (셀트리온, 한화오션) 91년생 (한미사이언스, 코리안리)9.원숭이띠 : 시세는 시세에 물어라68년생 (삼성바이오로직스, 삼성에스디에스) 80년생 (HD현대, 엘앤에프) 92년생 (한국항공우주, 한온시스템)10.닭띠 : 사슴을 쫓는 자는 토끼를 쳐다보지 마라69년생 (한샘, 메리츠금융지주) 81년생 (현대오토에버, LG전자) 93년생 (두산퓨얼셀, 넷마블)11.개띠 : 시세에 졸업이란 없다70년생 (카카오뱅크, 카카오페이) 82년생 (KT, 카카오) 94년생 (유한양행, 파크시스템스)12.돼지띠 : 사고싶은 약세. 팔고싶은 강세71년생 (BNK금융지주, NH투자증권) 83년생 (GS리테일, DB손해보험) 95년생 (에스원, 금호타이어)링크종목 – 한화에어로스페이스, LIG넥스원, 한화비전, 두산에너빌리티, 셀트리온무료상담",https://www.hankyung.com/article/202505277253a,2025.05.27 14:18
[투자운세] 5월8일(오늘) 궁합이 맞는 종목은?,,"2025년 5월 8일 오늘 관심가질 종목입니다1.쥐띠 : 움직이지 않는 주식에는 손을 대지 마라60년생 (리가켐바이오, 에이비엘바이오) 72년생 (LIG넥스원, 대주전자재료) 84년생 (한화시스템, 에스티팜)2.소띠 : 모두가 좋다는 종목은 피하는 것이 좋다.61년생 (가온칩스, 한화에어로스페이스) 73년생 (엔켐, 메지온) 85년생 (LG생활건강, 신한지주)3.호랑이띠 : 뉴스를 과신 말고 기사는 행간을 읽어라62년생 (삼성엔지니어링, 한솔케미칼) 74년생 (KCC, OCI홀딩스) 86년생 (루닛, 세방전지)4.토끼띠 : 충동매매는 후회의 근본이다63년생 (유한양행, 솔브레인홀딩스) 75년생 (삼양식품, 더블유씨피) 87년생 (아모레G, 한전KPS)5.용띠 : 머리와 귀를 이용하지 말고 눈을 이용하라64년생 (SK케미칼, 솔브레인) 76년생 (녹십자, 한미반도체) 88년생 (풍산, 현대로템)6.뱀띠 : 연 날릴 때는 연줄을 모두 풀지 않는다65년생 (두산로보틱스, 한미약품) 77년생 (삼천당제약, HPSP) 89년생 (한국항공우주, 오리온)




 

7.말띠 : 주식과 결혼하지 마라66 년생 (에코프로머티, 원익IPS) 78년생 (한전기술, SKC) 90년생 (농심, 한온시스템)8.양띠 : 머리와 손은 함께 움직여라67년생 (LG, 삼성전자) 79년생 (한국앤컴퍼니, 동진쎄미켐) 91년생 (휴젤, 한화)9.원숭이띠 : 우발심을 삼가하라68년생 (NAVER, SK스퀘어) 80년생 (대웅제약, 한화오션) 92년생 (코스모신소재, 카카오뱅크)10.닭띠 : 막연한 예측은 빗나가는 화살과 같다69년생 (두산밥캣, 이수스페셜티케미컬) 81년생 (삼성바이오로직스, HD한국조선해양) 93년생 (이수페타시스, 레인보우로보틱스)11.개띠 : 승부를 여유있게 즐기라70년생 (두산, 펄어비스) 82년생 (BGF리테일, 대덕전자) 94년생 (SK아이이테크놀로지, 에코프로)12.돼지띠 : 엎질러진 우유를 보고 울지말고 다른 젖소를 찾아라71년생 (LS머트리얼즈, BNK금융지주) 83년생 (삼성중공업, 더존비즈온) 95년생 (한미사이언스, 에스엘)링크종목 – 삼성중공업, 한화오션, 카카오, HD현대중공업, 현대로템무료상담",https://www.hankyung.com/article/202505088520a,2025.05.08 09:58
한경바이오인사이트 Vol.56 - 2025년 5월호,,"한경바이오인사이트 Vol.56 - 2025년 5월호 [MONTHLY FIGURES] 숫자로 보는 제약·바이오산업 주요 이슈와 트렌드 [BIO NEWS UP-TO-DATE] 국내 바이오산업 관련 소식 업데이트OPINION [김선진의 바이오 뷰] 제궤의혈(堤潰蟻穴)BIO INSIDE [김정현의 월드 인사이트] 특허만료 이후 기로에 선 자가면역질환 치료제 시장, 승자는 누구인가COVER STORY [COVER STORY - Intro] Gotcha! 암세포 저격수, T세포 인게이저 [COVER STORY - WHY] ‘항암 면역의 새 방향’ T세포 인게이저는 왜 필요한가? [COVER STORY - HOW TO] T세포 인게이저의 항암 작용기전 [COVER STORY - PLATFORM] 다양한 T세포 인게이저 플랫폼 [COVER STORY - STRATEGY] T세포 인게이저 효능 강화 전략 [COVER STORY - MARKET] 차세대 항암제 모달리티로 떠오른 T세포 인게이저 [COVER STORY - COMPANY ❶] 에이비엘바이오 “독성 이슈 잡은 4-1BB 이중항체로 암 정복… BBB 셔틀은 추가 기술이전 기대” [COVER STORY - COMPANY ❷] 와이바이오로직스 “T세포 인게이저에서 찾은 새로운 성장동력” [COVER STORY - COMPANY ❸] 셀트리온 투자받은 싸이런테라퓨틱스의 경쟁력은?COMPANY [애널리스트가 만난 CEO] 한올바이오파마 “10초 자가투여 주사제로 200조원 자가면역질환 시장 공략” 인벤티지랩, 큐라티스 공장 인수로 퀀텀점프 노린다 [핫 컴퍼니] 큐리옥스 “세포 ‘세척’부터 ‘배양’도 자동화, 글로벌 시장 확대 가속화” [핫 컴퍼니] 미국 이어 인도에서 일감 확보한 마이크로디지탈 [유망 기업] 리가켐 창업자가 차린 인투셀 “시젠보다 우수한 기술력으로 ADC 독성 문제 해결” [스타트업] AI가 위암 침습 깊이까지 판별… 웨이센 “내시경 AI 소프트웨어 글로벌 리더 될 것” [스타트업] 필드큐어 “전기장으로 암 치료 혁신… 전자약 판도 바꾸겠다” [스타트업] 에비드넷 ""병원마다 쌓인 의료 빅데이터 플랫폼 구축…신약개발·의료 패러다임 바꾼다"" [파이프라인 집중분석] 프로젠, 차세대 비만 치료제 PG-102 “월 1회 주사제와 주 1회 경구용 모두 가능” [K바이오 뉴프런티어] 뉴로벤티 “자폐 신약 세계 최초 개발 도전… 사회성 질환 치료제 시장 주도할 것”ISSUE & PEOPLE [이달의 논문 리뷰] ADC 연구의 최신 동향 [임상명의를 찾아서] 이지영 서울시보라매병원 신경과 교수 “다양한 임상 경험이 국내 제약·바이오 산업 발전 밑거름 될 것”INVESTMENT [이달의 추천종목] 삼성바이오로직스, 아스테라시스, 그리고 에스티팜 [종목 분석] 킵스파마, 5년 만에 완성된 성장의 큰 그림 [이달의 IPO] 이뮨온시아, GC지놈 [투자 라운지] 써미트 “韓 제약·중견기업, 美 바이오 지분 투자로 신성장 동력 확보해야” [투자 라운지] 美 최대 바이오 VC 아치벤처파트너스 ""유행 따라 투자 안 해…상장 후 끝까지 지원""GLOBAL [해외 바이오 기업] 중국의 글로벌 빅파마 ‘베이진’, 미국을 뚫은 블록버스터 탄생 [글로벌 현장을 가다] AI로 의사 편의성 확대, 中기업 공격 마케팅 눈에 띈 유럽소화기내시경학회 [구영권의 글로벌 바이오헬스케어 투자 브리핑] 의료기기 분야 투자 제약·바이오 추월, 유럽과 아시아 헬스케어 기업 ‘약진’ [해외 통신원 리포트] 美 관세 정책이 중국 제약·생명공학 산업에 미치는 영향 [해외 통신원 리포트] 암 간질 표적의 새로운 암 치료, 일본서 최초의 임상시험 시작 [한상춘의 세계경제 읽기] 트럼프식 고립주의, ‘돈로(DonRoe) 독트린’… 관세 전쟁, 환율 전쟁으로 번지나?CONSULTING [이여원 변호사의 법률 스터디] 성과조건부주식 제도의 도입과 활용- 바이오텍을 위한 전략적 접근 [바이오 CFO 길라잡이] 제약·바이오 기업의 개발비 회계처리 현황 및 시사점",https://www.hankyung.com/article/202506195428i,2025.06.19 15:27
"26일, 외국인 거래소에서 삼성전자우(0.00%), SK하이닉스(+2.45%) 등 순매수",,"외국인 투자자는 26일 거래소에서 삼성전자우, SK하이닉스, 한전기술 등을 중점적으로 사들인 것으로 나타났다.외국인 투자자의 순매수 상위 20개 종목은 삼성전자우, SK하이닉스, 한전기술, HD한국조선해양, 삼성에스디에스, 풍산, 기아, 하이브, 한화비전, 키움증권등이다.이중에 전기,전자 업종에 속한 종목이 4개 포함되어 있다.SK하이닉스, 풍산, 한화비전 등은 전일 대비 주가가 상승했고, 한전기술, HD한국조선해양, 삼성에스디에스 등은 주가가 하락했다.[06월26일]거래소 외국인 순매수 상위 종목한경로보뉴스이 기사는 한국경제신문과 금융 AI 전문기업 씽크풀이 공동 개발한 기사 자동생성 알고리즘에 의해 실시간으로 작성된 것입니다.",https://www.hankyung.com/article/202506262811L,2025.06.26 18:35
"[글로벌 현장을 가다] 돌아온 中, 미국은 ‘바이오 생태계’개선 나서",,,https://www.hankyung.com/article/202506309824i,2025.07.01 09:57
반도체·전력 등 관세 충격 털어낼 '실적 개선주'에 주목하라,"저평가된 실적개선주 매수 기회
SK하이닉스·원익 등 반도체주
주가 하락 속 2분기 실적 호조

삼성바이오·2차전지·전력주도
2분기부터 실적 상향 기대","Getty Images Bank

                불확실성이 큰 장세가 이어지는 가운데 실적이 좋아질 것으로 예상되는 기업에 주목하라는 조언이 증권가에서 나오고 있다. 코스피지수가 주가순자산비율(PBR) 0.86배 수준으로 저평가돼 있는 만큼 호실적 예상 종목을 매수할 기회라는 분석도 있다. ◇ 2분기 반도체 주가 기지개 켤까7일 금융정보업체 에프앤가이드에 따르면 올 3월 이후 지난달 말까지 주가가 5% 이상 빠졌지만 2분기 영업이익 컨센서스(증권사 추정치 평균)가 1개월 전 대비 3% 이상 증가한 주요 업종은 반도체와 전력기기, 2차전지 등인 것으로 나타났다.3월 이후 지난달 말까지 SK하이닉스 주가는 6.68% 빠졌다. 미국이 반도체 업종에 25%의 품목관세를 매길 것이라고 엄포를 놓으며 주가가 눌렸다. 반면 2분기 영업이익 컨센서스는 8조7184억원으로 1개월 전 대비 13.2% 올랐다. 고대역폭메모리(HBM) 관련 매출이 증가하는 가운데 D램 등 범용 메모리 업황도 기지개를 켜고 있어서다. KB증권은 SK하이닉스가 1분기부터 HBM3E 12단 제품을 판매하기 시작하며 올해 분기별 D램 평균 영업이익률이 52%에 육박할 것으로 전망했다. 김동원 KB증권 리서치센터장은 “스마트폰과 PC 업체가 반도체 재고를 거의 소진하면서 2분기부터 메모리 반도체 가격이 상승하기 시작할 것”이라고 말했다.
                    






이미지 크게보기



                다만 반도체 업종에 대한 관세 부과 여부가 변수다. 김영건 미래에셋증권 연구원은 “관세라는 대외적 불확실성은 밸류에이션(실적 대비 주가)에 영향을 줄 수 있는 요소”라면서 “하반기 중 HBM 경쟁사도 진입할 수 있다”며 SK하이닉스의 목표주가를 하향했다.원익IPS의 2분기 영업이익 컨센서스도 1개월 전 대비 17.2% 늘었다. 반면 지난 3월 이후 주가는 10.45% 하락한 상태다. 이민희 BNK투자증권 연구원은 “반도체 제조사의 D램과 낸드 공정 고도화를 위한 투자에 따라 올해 실적 개선이 예상된다”며 “2분기부터는 수익성이 개선될 수 있다”고 말했다. ◇ 2분기 실적 기대되는 삼바바이오 업종의 품목관세 우려로 주가가 급락한 삼성바이오로직스의 실적 컨센서스도 오르고 있다. 2분기 실적 컨센서스는 1개월 전보다 15.8% 높아졌다. 반면 3월 이후 주가는 5.73% 하락했다. 신지훈 LS증권 연구원은 “5공장이 이달 가동하기 시작하면 실적이 더 좋아질 것”이라고 말했다. 이선경 SK증권 연구원은 “5공장에 대한 감가상각비 등 2분기 각종 비용은 증가할 수 있지만 4공장에서 발생하는 매출이 이를 상쇄할 것”이라며 “오는 6월까지 4공장 가동률이 80%로 올라가면서 관련 매출이 크게 늘어날 것”이라고 말했다.미국 도널드 트럼프 행정부의 관세 정책이 공개된 후 급락한 2차전지 업종 중 일부 기업의 실적 추정치도 개선되는 추세다. 3월 이후 주가가 11.61% 하락한 양극재기업 포스코퓨처엠의 2분기 영업이익 컨센서스는 165억원으로, 1개월 전보다 18.2% 급증했다. 1분기도 흑자 전환에 성공했다. 다만 향후 관세 영향으로 전기차 가격이 상승하면 전기차 판매가 예상보다 부진할 수 있다는 게 변수다.3월 이후 주가가 15.21% 급락한 LS일렉트릭의 2분기 영업이익 컨센서스도 1개월 전 대비 4.9% 상향됐다. 일각에선 1분기 실적은 컨센서스를 밑돌았지만 2분기부터는 이익 개선세가 뚜렷하게 나타날 수 있다는 분석이 나온다. 조연주 미래에셋증권 연구원은 “미국 빅테크로부터 수주한 물량이 2분기 실적에 본격적으로 반영될 것”이라고 말했다.심성미 기자 smshim@hankyung.com",https://www.hankyung.com/article/2025050759831,2025.05.07 15:44
"코스피, 장중 낙폭 확대 3040선 등락…외인·기관 '팔자'",이른 무더위 시작에 파세코·위닉스 '급등',"2일 서울 중구 하나은행 본점 딜링룸. 사진=연합뉴스

                코스피지수가 트럼프 행정부의 상호관세 유예 만료 기한을 앞두고 투자심리가 위축되며 숨고르기 흐름을 나타내고 있다.2일 오전 11시 현재 코스피지수는 전일 대비 46.64포인트(1.51%) 하락한 3043.01을 기록 중이다.간밤 뉴욕증시는 도널드 트럼프 미국 대통령의 상호관세 발언, 트럼프 대통령과 일론 머스크 테슬라 최고경영자(CEO) 간의 갈등을 주시하며 혼조세를 나타냈다.트럼프 대통령은 이날 플로리다주를 방문한 뒤 워싱턴DC로 돌아오는 전용기 안에서 상호관세 유예 시한을 연장할 수 있냐는 취재진 질문에 ""아니다. 유예에 대해서는 생각하지 않고 있다""고 말했다.상호관세 유예 만료 시한은 오는 8일(현지시간)까지로 일주일 남은 상황이다. 트럼프 행정부는 상호관세 유예기간 각국과 무역 협상을 벌여왔는데 아직 영국 외에는 협상을 타결한 국가가 없다.이 시각 유가증권시장에서 외국인과 기관이 각각 3621억원과 30억원 매도우위다. 개인은 4270억원 순매수를 나타내고 있다.코스피 시가총액 상위주들은 등락이 엇갈리고 있다. 삼성전자(0.33%), 삼성바이오로직스(0.7%), LG에너지솔루션(0.34%), 현대차(0.95%), KB금융(0.18%) 등은 오르고 있다. 반면 SK하이닉스(-3.15%), 네이버(-4.01%), 두산에너빌리티(-3.84%) 등은 떨어지고 있다.코스닥지수도 1% 넘게 하락하고 있다. 이 시각 현재 코스닥지수는 1.44% 내린 772.37을 기록 중이다.이른 무더위 시작에 냉방가전, 제습기 제조기업인 파세코(19.7%), 위닉스(14.08%) 등이 뛰고 있다.노정동 한경닷컴 기자 dong2@hankyung.com",https://www.hankyung.com/article/2025070235046,2025.07.02 11:09
"23일, 거래소 외국인 순매도상위에 전기,전자 업종 4종목",,"외국인 투자자는 23일 거래소에서 삼성전자, 현대차, HD현대마린솔루션 등을 중점적으로 매도한 것으로 나타났다.외국인 투자자의 순매도 상위 20개 종목은 삼성전자, 현대차, HD현대마린솔루션, 삼성바이오로직스, 삼성물산, 한화에어로스페이스, 삼성전자우, 삼성중공업, 셀트리온, 시프트업등이다.이중에 전기,전자 업종에 속한 종목이 4개 포함되어 있다.삼성물산, 두산우, 코웨이 등은 전일 대비 주가가 상승했고, 삼성전자, 현대차, HD현대마린솔루션 등은 주가가 하락했다.[05월23일]거래소 외국인 순매도 상위 종목한경로보뉴스이 기사는 한국경제신문과 금융 AI 전문기업 씽크풀이 공동 개발한 기사 자동생성 알고리즘에 의해 실시간으로 작성된 것입니다.",https://www.hankyung.com/article/202505232562L,2025.05.23 18:35
"코스피, 미중 협상 기대에 강세 유지…코스닥 상승 전환","삼양식품 장중 한때 황제주 등극
증권株 호실적에 무더기 신고가
김문수, 대선 후보 확정 소식에
평화홀딩스 등 관련주 '상한가'","사진=뉴스1

                코스피지수가 12일 기관투자자의 매수세에 힘입어 강세 흐름을 유지하고 있다. 코스닥지수는 외국인의 매수 전환에 장중 상승세로 돌아선 후 추세를 굳히고 있다.지난 주말 진행된 미국과 중국 간 무역 협상이 상당한 진전을 이뤘다는 소식에 관세 전쟁에 대한 투자자들의 불안 심리가 다소 완화된 영향으로 풀이된다.이날 오전 11시3분 현재 코스피지수는 전 거래일보다 16.51포인트(0.64%) 오른 2593.78을 기록하고 있다.유가증권시장에서 기관이 1074억원 매수 우위인 반면 개인과 외국인은 각각 1144억원과 55억원 매도 우위다. 미·중 간 무역 협상 진전 소식이 시장에 긍정적 재료로 작용한 모습이다. 11일(현지시간) 블룸버그통신 등에 따르면 스위스 제네바에서 무역 협상을 진행한 스콧 베선트 미 재무장관은 협상 종료 후 취재진과 만나 ""매우 중요한 분야에서 상당한 진전을 이뤘다는 점을 기쁘게 말씀드린다""고 밝혔다.코스피 시가총액 상위 종목 중 삼성전자, SK하이닉스, LG에너지솔루션, 현대차, 기아, 네이버, 신한지주 등이 오르는 반면 삼성바이오로직스, 한화에어로스페이스, HD현대중공업, KB금융, 셀트리온 등이 내리고 있다.'불닭볶음면 열풍'에 힘입어 실적 성장을 이어가고 있는 삼양식품은 장중 한때 100만원을 기록하면서 '황제주(1주당 주가 100만원 이상)'에 등극하기도 했다.국민의힘 지도부가 추진한 대선 후보 교체 시도가 무산되고 김문수 후보가 확정되면서 관련 테마주가 급등세다. 김 후보 관련주인 평화홀딩스 평화산업 대영포장 한솔홈데코 등이 줄줄이 상한가를 기록했다.증권주도 호실적과 정책 수혜 기대에 힘입어 급등세다. 미래에셋증권(6.73%)을 비롯해 신영증권(6.4%) 삼성증권(3.4%) NH투자증권(3.3%) 대신증권(2.74%) 키움증권(2.04%) 등이 무더기로 52주 신고가를 경신했다.코스닥지수는 같은 시각 4.5포인트(0.62%) 오른 727.02를 나타내고 있다. 지수는 이날 0.27% 오름세로 출발 후 오전 9시9분께 하락 전환했지만 30분 후 상승세로 돌아선 후 추세를 유지하고 있다.코스닥시장에서는 외국인과 기관이 각가 421억원과 15억원 매수 우위인 반면 개인은 227억원 매도 우위다.코스닥 시총 상위 종목 혼조세다. 에코프로비엠, 에코프로, 레인보우로보틱스, 파마리서치, 펩트론 등이 오르는 반면 알테오젠, HLB, 휴젤, 리가켐바이오, 삼천당제약, 에이비엘바이오 등이 내리고 있다.이날 코스닥시장에 상장한 바이오 의료업체 로킷헬스케어는 76%대 상승세다.서울 외환시장에서 원·달러 환율은 전장보다 5원 내린 1395원으로 개장했다.고정삼 한경닷컴 기자 jsk@hankyung.com",https://www.hankyung.com/article/2025051265196,2025.05.12 11:18
코스피지수 또 연고점 경신…반도체·바이오·2차전지 견인,증시 시총 첫 3000조 돌파,"코스피지수가 4거래일 연속 상승하며 연고점을 갈아치웠다. 외국인이 대규모 순매수에 나선 반도체, 2차전지, 바이오 대형주가 상승세를 이끌었다. 코스닥지수도 1% 가까이 오르면서 코넥스를 합친 국내 3개 시장의 시가총액은 사상 처음으로 3000조원을 돌파했다.10일 코스피지수는 1.58% 오른 3183.23에 마감했다. 전날 기록한 연중 최고점을 재차 넘어섰다. 역대 최고치(2021년 6월)인 3316.08에 4% 차이로 근접했다. 코스닥지수도 0.93% 오른 797.70에 거래를 마치며 800선을 다시 눈앞에 뒀다. 상승세는 외국인이 이끌었다. 유가증권시장에서 개인과 기관이 각각 3415억원, 2141억원어치 순매도한 반면 외국인은 4928억원어치 순매수에 나섰다. 외국인은 코스닥시장에서도 1432억원어치를 사들였다.반도체와 바이오, 2차전지 대형주가 지수를 견인했다. SK하이닉스는 5.69% 급등한 29만7000원에 거래를 마치며 ‘30만닉스’에 근접했다. 전날 뉴욕증시에서 엔비디아가 장중 시총 4조달러를 넘어선 데 힘입어 외국인 매수세가 몰렸다.시총 3·4위 삼성바이오로직스와 LG에너지솔루션도 각각 6.09%, 4.26% 급등했다. 바이오 업종은 도널드 트럼프 대통령이 의약품 관세 유예를 언급하며 단기 불확실성이 해소됐다는 분석이 나온다. 지난 7일 전망치를 크게 웃도는 2분기 실적을 발표한 LG에너지솔루션의 투자심리도 개선됐다. JP모간이 투자의견을 중립에서 비중 확대로 올리면서다. 이들 3개 종목은 이날 코스피지수 전체 상승분(49.49포인트) 중 43.5%(21.55포인트)를 책임졌다.이날 두 시장이 모두 강세를 보이자 코넥스를 합친 국내 증시 시총은 3020조7694억원에 달했다. 유가증권시장 시총은 2603조7392억원, 코스닥은 413조8598억원으로 집계됐다. 지난해 말 1963조3288억원으로 2000조원 아래였던 유가증권시장 시총은 올 들어 32.6% 불어났다.증권가는 연일 코스피지수 상단을 상향 조정하고 있다. 주로 보수적 의견을 내온 IBK투자증권은 지수 상단을 기존 3100에서 3400으로 바꿨다. 한국투자증권도 3150에서 3550으로 재차 올려 잡았다.박한신 기자 phs@hankyung.com",https://www.hankyung.com/article/2025071010451,2025.07.10 18:00
"코스피, 장중 연고점 돌파 후 하락…3200선 지지 시도","코스닥, 강보합권 등락","사진=게티이미지뱅크 

                22일 코스피지수가 장중 연고점 돌파 후 상단이 제한되면서 3200선 지키기에 나섰다.이날 오전 10시30분 현재 코스피지수는 전일 대비 13.04포인트(0.41%) 내린 3197.77을 기록 중이다. 코스피지수는 장중 한때 상단을 3220.27까지 높이면서 연고점을 다시 한번 경신했다. 다만 곧바로 매수세가 꺾이면서 3200선을 두고 줄다리기 하고 있다.2분기 글로벌 기업들의 호실적 전망에도 불구하고 다음달 1일 트럼프 행정부의 상호관세 부과 시점이 다가오는 데다 최근 '서머랠리'에 따른 차익실현 욕구가 나타난 것으로 풀이된다.이 시각 현재 유가증권시장에서 개인이 5100억원 순매수하고 있다. 외국인과 기관은 각각 2800억원과 2100억원 매도우위다.시가총액 상위주들은 대부분 하락하고 있다. 삼성전자(-0.74%), SK하이닉스(-1.28%), 한화에어로스페이스(-0.33%), KB금융(-0.17%) 등이 내림세다. LG에너지솔루션(1.81%), 삼성바이오로직스(0.48%) 등은 오르고 있다.LIG넥스원은 증권가의 밸류에이션 부담 평가에 5% 급락하고 있다. LG유플러스는 자사주 소각 결정 소식에 장중 신고가를 경신했다.코스닥지수는 강보합권에서 등락 중이다. 이 시각 현재 코스닥지수는 0.05% 오른 822.06을 기록 중이다. 코스닥시장에서도 개인이 1050억원 순매수하고 있다. 외국인과 기관은 각각 610억원과 370억원 매도우위다.노정동 한경닷컴 기자 dong2@hankyung.com",https://www.hankyung.com/article/2025072238456,2025.07.22 10:30
‘모두가 함께 달렸다’ 키움런 성료,"지난 19일, 여의도 한강공원에서 장애인-비장애인 단축마라톤 2025명 참가, 총 참가비 동액만큼 키움증권이 추가 후원 ··· 전액 기부","키움증권이 장애인과 비장애인이 함께 하는 단축마라톤 대회 ‘키움런’ 행사를 성황리에 마쳤다고 20일 밝혔다. 키움런은 장애인의 날을 하루 앞둔 지난 19일 오전 서울 여의도 한강공원 물빛무대 일원에서 열렸다. 이른 아침부터 옅은 봄비가 내리는 가운데 출발 전에 함께 스트레칭으로 몸을 푸는 참가자들의 표정은 비로 인한 걱정보다 설렘으로 가득했다. 키움증권 전속 모델 고민시 배우가 힘차게 외치는 “레디 큠”의 구령에 맞춰 10Km 3조, 5Km 1조, 총 4개 조로 나누어 순차적으로 출발했다. ‘기록’보다는 ‘함께’에 방점을 둔 이번 단축마라톤 행사는 그 취지에 걸맞게 곳곳에 이색적인 광경들을 연출했다. ‘가이드러너’의 손을 잡고 앞으로 힘차게 한발 한발 내딛는 시각장애인 참가자, 휠체어를 밀어주며 달리는 참가자, 유아차를 밀며 산책하듯 레이스를 즐기는 젊은 부부 등 여느 대회들과는 다른 풍경을 보였다. 가이드러너와 함께 10Km 코스를 완주한 시각장애인 이민규씨는 “비가 조금 내렸지만 이내 그쳐 달리기를 하기에 너무 좋은 날씨였고, 달리면서 느껴지는 꽃 향기도 너무 좋았다”며 “무엇보다 가이드러너와 함께 해 큰 어려움 없이 뛸 수 있었다”고 말했다. 일상에서 러닝을 즐긴다는 신정모씨는 “상반기에 단축 마라톤 대회를 못 나가 아쉬웠던 참에 키움런이 열린다는 소식을 듣고 참가하게 됐다”며 “평소에도 키움증권으로 거래하고 있는데 이번 키움런을 통해 소중한 추억을 쌓게 돼 더욱 좋았다”고 말했다. 다채로운 문화공연과 이벤트도 참가자는 물론 일반시민들의 눈길을 끌었다. 2부 행사에서는 밴드 크라잉넛의 축하 무대가 펼쳐졌다. ‘밤이 깊었네’, ‘룩셈부르크’ 등 신나는 인기곡들로 관객들의 호응을 이끌어 냈고, 마지막 곡인 ‘말달리자’가 끝나자 관객들은 앵콜 요청과 환호로 화답했다. 프로야구 키움히어로즈 구단의 공식 마스코트인 ‘턱돌이’도 이번 행사에 나타나 참가자 및 시민들과 기념촬영을 하며 추억을 선사했다. 키움히어로즈는 부스 내 투수 체험존을 마련해 구속을 측정할 수 있는 이벤트도 열었다. 이외에도 ▲룰렛 이벤트 ▲타투 스티커 체험 ▲스포츠 테이핑 등 다양한 프로그램이 운영되어 한강 공원을 찾은 시민들에게도 큰 호응을 얻었다. 국내주식 위탁매매 시장점유율 1위 키움증권이 메인 후원사로 나서는 만큼, 참가자 대상으로 추첨 등을 통해 총 2000만원 상당의 국내 주식과 미국 주식을 증정하는 이벤트도 열렸다. 특히 삼성바이오로직스나 한화에어로스페이스 및 버크셔해서웨이 classB 등 고액 종목 추첨 번호가 발표될 때는 기대감과 긴장감이 최고조에 이르렀다. 참가자는 물론 일반 시민들을 대상으로 절세 계좌 2종(중개형ISA 또는 연금저축)을 신규 개설하면 스포츠 양말과 투자 지원금 1만원도 추가로 지급하는 이벤트도 함께 진행했다. 키움런 취지에 공감하는 기업들의 후원도 잇따랐다. KGC인삼공사는 정관장 에브리타임 맥스를 후원했다. 롯데칠성음료는 스포츠 음료 ‘게토레이’와 생수 ‘아이시스’를 후원했다. 해태제과식품은 에너지바 충전시간을 후원했다. 스포츠 뉴트리션 브랜드 요헤미티는 시각장애인 러닝 크루 VMK에 요헤미티 제품을 할인가로 제공했다. ㈜두산은 행사 비용 일부를 현금 지원했다. 롯데웰푸드는 컴포트잇츠이너프 베이크드 베이크드 쿠키와 골든츄이바를 후원했다. 일부 기업은 현장에서 부스를 운영했다. 닥터피엘은 샤워필터를 포함한 자사 제품을 후원했다. 헬리녹스는 자사 텐트로 홍보 부스를 마련해 참석자에게 캠핑 용품을 후원했다. 미니창고 다락은 자사 공간 대여 서비스를 이용할 수 있는 쿠폰을 지급했다. 카카오모빌리티는 장애인 이동 지원 차량인 ‘서대문 희망차’를 지원했다. 국내 최대 시력교정 및 안질환 전문 ‘하늘안과의원’은 눈 수술비 지원 상품권을 후원했다. 장애인의 날에 맞춰 관련 단체들도 함께 했다. 시각장애인 러닝 크루인 VMK에서 40인의 시각장애인이 가이드러너와 함께 참여했다. 행사 당일 모든 무대 운영은 한국농아인협회 지원을 받아 수어 통역을 제공했다. 참가 신청 페이지는 시각장애인을 위한 웹 접근성을 고려해 제작했고 모든 문구는 사회적 기업 ‘소소한 소통’의 언어 감수를 받아 성인 발달장애인이 이해 가능한 수준으로 만들었다. 완주 후 제공되는 기념품은 발달장애인의 자립을 위한 사회적 기업인 스프링샤인에서 제작한 반다나가 제공됐다. ‘장애인-비장애인 단축마라톤 ‘키움런’이 지난 19일 2025명이 참가한 가운데 성료됐다. 참가자들이 출발 신호와 함께 힘찬 레이스를 시작하고 있다. 장애인-비장애인 단축마라톤 ‘키움런’이 지난 19일 2025명이 참가한 가운데 성료됐다. 1인당 참가비 2만 5천원에 동액만큼 키움증권이 추가 기부해 마련된 1억 125만원을 사단법인 무의에 전달했다.",https://www.hankyung.com/article/202504202796P,2025.04.20 12:24
"안전은 예방이 핵심 삼성바이오로직스, 잇따른 대외 수상으로 안전 경영 노력 인정받아","예방 중심의 구조적 안전 관리 시스템 구축 통한 안전 경영 지속

산재 예방 유공 표창 및 안전보건 상생협력 우수사례 발표대회 수상

협력업체와의 상생안전 강화…연이은 폭염 속 '온열질환' 예방 강조","삼성바이오로직스가 예방 중심의 안전 관리 시스템 구축으로 안전 경영을 이어온 공로를 인정받아 고용노동부 주관 행사에서 연이어 수상했다.삼성바이오로직스는 최근 고용노동부 주최 산재 예방 유공자 포상에서 최고안전책임자(CSO)인 노균 부사장이 고용노동부 장관 표창을 수상했다고 24일(목) 밝혔다. 또한 삼성바이오로직스는 지난 9일 고용노동부·한국산업안전보건공단이 개최한 '산업안전보건의 달' 맞이 '2025년 대·중소기업 안전보건 상생협력 우수사례 발표대회'에서도 최우수상을 받았다.삼성바이오로직스는 '안전은 예방이 핵심'이라는 철학 아래, 첨단 기술을 활용해 사전적 위험 관리 시스템을 구축한 점을 높이 평가받아 수상했다. 대표적인 사례가 자체 개발한 무선 화재감지기와 인공지능(AI) 폐쇄회로(CCTV) 기반의 보호구 착용 모니터링 시스템 그리고 비상상황 발생 시 신속하고 정확하게 대피인원 집계가 가능한 피난대피 전산시스템 구축이다.이처럼 삼성바이오로직스는 제조 현장에서 발생할 수 있는 위험을 사전에 조기 감지하고 빠르게 대응할 수 있는 기술을 도입하며 사고 사전 예방을 위해 노력해오고 있다.삼성바이오로직스는 '사람 중심의 상생 안전'을 강조하며 협력업체와의 상생안전 체계도 강조해오고 있다. 협력업체 임직원에 대한 차별 없이 본사 임직원과 동일한 사무실과 휴게시설을 지원하고, 협력사 전용 포탈을 구축해 체계적인 안전관리를 가능케 했다. 또한 안전·보건·환경(SHE) 전담 조직 구성 및 협력사를 위한 위험성 평가 컨설팅, 작업중지권 보장, 멘토-멘티 프로그램과 건강증진 프로그램까지 운영하며 협력사와의 동반성장을 넘어 현장의 자율안전문화 확산에까지 추구해 나가고 있다.삼성바이오로직스는 이 같은 노력을 인정받아 2024년에도 산업안전보건 우수사업장, 건강친화기업 장관상, 연구실 안전 최우수 기관 선정 등 다양한 분야에서 수상하며 사회 전반에 대한 파급 효과를 만들어가고 있다.또한 삼성바이오로직스는 올해 이른 장마 종료로 인한 강한 폭염에 대비해 온열질환 예방을 통한 안전문화 확산에도 노력하고 있다. 지난 14일에는 중부지방고용노동청 및 협력업체와 함께 온열질환 예방 및 대·중소기업 안전문화 확산 캠페인을 개최했다. 이날 삼성바이오로직스는 자체적으로 실시하고 있는 온열질환 예방 대책을 공유하고 세부 방안을 논의하는 한편 협력업체에 온열질환 예방키트를 전달하는 시간을 가졌다.",https://www.hankyung.com/article/202507248361P,2025.07.24 08:32
[투자운세] 5월28일(오늘) 궁합이 맞는 종목은?,,"2025년 5월 28일 오늘 관심가질 종목입니다1.쥐띠 : 시장분위기에 취하지 마라60년생 (엔켐, HPSP) 72년생 (에코프로머티, 에코프로) 84년생 (케어젠, 크래프톤)2.소띠 : 매도 종목의 움직임도 관찰하라61년생 (한진칼, 현대위아) 73년생 (이수페타시스, SOOP) 85년생 (씨에스윈드, SK하이닉스)3.호랑이띠 : 1%가 소문을 만들고 99%가 뒤를 쫓는다62년생 (키움증권, 현대차) 74년생 (대우건설, 삼성카드) 86년생 (LIG넥스원, 에스엘)4.토끼띠 : 모든 재료가 곧 바로 주가에 반영되지는 않는다63년생 (SK네트웍스, KB금융) 75년생 (신한지주, 대한전선) 87년생 (한화생명, 한화솔루션)5.용띠 : 대세는 오래가도 개별 종목시세는 짧다64년생 (고영, 한국금융지주) 76년생 (한국전력, CJ제일제당) 88년생 (기아, HL만도)6.뱀띠 : 오늘의 패자만이 내일의 승자가 될 수 있다65년생 (주성엔지니어링, 현대제철) 77년생 (현대엘리베이, 기업은행) 89년생 (현대건설, 휠라홀딩스)




 

7.말띠 : 밀물이 있으면 썰물이 있다66 년생 (오리온, 대웅) 78년생 (삼성생명, 한미반도체) 90년생 (한화에어로스페이스, GS건설)8.양띠 : 고독이 성공을 불러온다67년생 (한화시스템, JB금융지주) 79년생 (셀트리온, 한화오션) 91년생 (한미사이언스, 코리안리)9.원숭이띠 : 시세는 시세에 물어라68년생 (삼성바이오로직스, 삼성에스디에스) 80년생 (HD현대, 엘앤에프) 92년생 (한국항공우주, 한온시스템)10.닭띠 : 사슴을 쫓는 자는 토끼를 쳐다보지 마라69년생 (한샘, 메리츠금융지주) 81년생 (현대오토에버, LG전자) 93년생 (두산퓨얼셀, 넷마블)11.개띠 : 시세에 졸업이란 없다70년생 (카카오뱅크, 카카오페이) 82년생 (KT, 카카오) 94년생 (유한양행, 파크시스템스)12.돼지띠 : 사고싶은 약세. 팔고싶은 강세71년생 (BNK금융지주, NH투자증권) 83년생 (GS리테일, DB손해보험) 95년생 (에스원, 금호타이어)링크종목 – 파인메딕스, 라닉스, 플루토스, 화인베스틸, 한텍무료상담",https://www.hankyung.com/article/202505289847a,2025.05.28 09:58
"""삼성바이오, 4공장 램프업으로 2분기 실적도 견조할 듯""-SK",,"삼성바이오로직스 인천 송도 제1바이오캠퍼스 전경. 삼성바이오로직스 제공

                SK증권은 28일 삼성바이오로직스에 대해 ""4공장 램프업(가동확대)으로 올 2분기 실적도 견조할 것으로 기대된다""고 내다봤다. 투자의견 '매수'와 목표주가 130만원은 유지했다.이 증권사 이선경 연구원은 ""2분기 매출 감소 요인인 에피스의 매출 감소와 내부거래 매출 증가, 수익성 감소 요인인 PPA 상각 등 연결 조정 비용 증가, 판관비, 원가율 상승 등의 시장 우려가 있다""면서도 ""부정적 요인을 모두 상쇄할 만큼 4공장 램프업에 따른 매출 증가가 기대된다""고 분석했다.이어 ""4공장은 6월 80%, 하반기 100% 가동율을 목표로 램프업되고 있는 중""이라며 ""매출을 견인하고 있는 삼성바이오로직스 별도 매출은 올해 분기별 성장이 가능하다""고 예상했다.앞서 삼성바이오로직스는 올 1분기 연결기준 매출액 1조2983억원, 영업이익 4867억원을 기록하며 전년 동기 대비 각각 37%와 120% 증가했다고 23일 발표했다. 역대 최대 분기 매출액과 영업이익이다.4공장 가동 확대와 바이오시밀러 판매 호조, 우호적인 환율 효과 등이 실적 상승을 이끌었다고 회사 측은 설명했다.이 연구원은 ""올 하반기는 4공장 램프업 속도와 삼성바이오에피스의 신제품 매출 증가를 고려해 연결기준 5조8784억원, 영업이익은 1조9300억원으로 전망한다""며 ""환율에 민감한 특성을 고려해 보수적으로 추정한 규모""라고 덧붙였다.노정동 한경닷컴 기자 dong2@hankyung.com",https://www.hankyung.com/article/2025042892696,2025.04.28 08:34
"코스피, 중동發 위기에 보합권서 '눈치보기'…외인 '팔자' 전환",,"사진=뉴스1

                코스피지수가 16일 장 초반 보합권에서 등락을 거듭하며 눈치보기 장세를 보이고 있다. 외국인 투자자는 중동 분쟁에 따른 지정학적 위험으로 9거래일 만에 순매도로 돌아섰다.이날 오전 9시27분 현재 코스피지수는 전 거래일보다 3.43포인트(0.12%) 내린 2891.19를 나타내고 있다. 지수는 이날 0.31% 오름세로 출발 후 오전 9시24분께 하락 전환해 추세를 유지하고 있다.유가증권시장에서 외국인이 925억원 매도 우위다. 이로써 외국인은 이달 들어 지난 13일까지 8거래일 연속 이어온 순매수 기조를 멈췄다. 반면 개인과 기관은 각각 782억원과 186억원 매수 우위다.지난 주말 미국 증시는 이란과 이스라엘의 분쟁 여파로 급락했다. 지난 13일(현지시간) 다우존스30산업지수는 1.79% 내렸고 S&P500지수와 나스닥종합지수도 각각 1.13%와 1.30% 하락했다.코스피 시가총액 상위 종목 중 삼성전자, 삼성바이오로직스, LG에너지솔루션, 현대차, KB금융, 기아 등이 내리는 반면 SK하이닉스, 한화에어로스페이스, HD현대중공업, 두산에너빌리티 등이 오르고 있다.같은 시각 코스닥지수는 전 거래일보다 3.71포인트(0.48%) 내린 765.15를 나타내고 있다. 지수는 이날 0.16% 내림세로 출발해 곧바로 상승 전환했지만 추세를 유지하지 못하고 오전 9시18분께 하락세로 돌아섰다.코스닥시장에서는 개인이 325억원 매도 우위인 반면 외국인과 기관이 각각 5억원과 328억원 매수 우위다.코스닥 시총 상위 종목 중 에코프로비엠, HLB, 에코프로, 레인보우로보틱스, 펩트론, 클래시스, 삼천당제약 등이 내리는 반면 알테오젠, 파마리서치, 휴젤, 리가켐바이오 등이 오르고 있다.중동의 지정학적 위기가 고조되면서 국제유가가 급등하자 에너지 관련주는 급등세다. 흥구석유(16.85%)를 비롯해 한국석유(15.03%) 대성에너지(7.77%) 중앙에너비스(5.96%) 등이 뛰고 있다.서울 외환시장에서 원·달러 환율은 전장보다 1.6원 내린 1368원으로 개장했다.고정삼 한경닷컴 기자 jsk@hankyung.com",https://www.hankyung.com/article/2025061667796,2025.06.16 09:35
"27일, 기관 거래소에서 카카오(+5%), 삼성전자(-1.46%) 등 순매수",,"기관 투자자는 27일 거래소에서 카카오, 삼성전자, SK하이닉스 등을 중점적으로 사들인 것으로 나타났다.기관 투자자의 순매수 상위 20개 종목은 카카오, 삼성전자, SK하이닉스, S-Oil, 달바글로벌, PLUS K방산, KODEX 코스닥150레버리지, 한화에어로스페이스, KB금융, 카카오페이등이다.이중에 전기,전자 업종에 속한 종목이 2개 포함되어 있다.카카오, S-Oil, 달바글로벌 등은 전일 대비 주가가 상승했고, 삼성전자, SK하이닉스, KB금융 등은 주가가 하락했다.[05월27일]거래소 기관 순매수 상위 종목한경로보뉴스이 기사는 한국경제신문과 금융 AI 전문기업 씽크풀이 공동 개발한 기사 자동생성 알고리즘에 의해 실시간으로 작성된 것입니다.",https://www.hankyung.com/article/202505279335L,2025.05.27 18:35
저점 노릴 기회! 주식만 있으면 최대 4배 레버리지가 가능합니다. 5년고정 연 4.9%로 이용!,,"부자네스탁론이 특별 이벤트로 5년고정 연 4.9%의 저금리 스탁론 상품을 출시하면서 투자자들에게 화제가 되고 있다.5년고정 연 4.9%의 저금리 스탁론은 주요 증권사의 신용 금리로 알려진 8~9%대의 금리보다 훨씬 금리가 낮은 상품이다.스탁론 상품들은 증권사 신용보다 레버리지는 더 높고 담보유지비율은 더 낮아 투자 고수들 사이에서 잘 알려진 상품이다.미수나 반대매도를 해결해주는 대환대출상품, 한 종목 100% 집중투자 상품신용등급, 매수불가종목, D.S.R 등 주식투자자들의 고민을 완벽하게 해결해주는 솔루션을 제공하는부자네스탁론은 고객마다 가장 최적의 대출방법으로 해결해준다.-스탁론 D.S.R<총부채원리금상환비율> 고강도 규제에도! 문제없는 부자네스탁론!– 소득 낮고 기존 대출금액 많아도 계좌평가금액에 비례해서 대출가능!▶머니투데이 부자네스탁론① 5년고정 연 4.9% 금리의 최저금리 스탁론② 자기자본포함 최대 4배까지 레버리지 투자 가능③ 매수가능종목 100% 집중투자가능 (코스닥, 시가총액, 포트폴리오비율상관없이)④ 스탁론 전종목 1:1 매수상담문의 → 수익극대화⑤ 반대매도 임박 / 추가입금이 힘들다면? → 1:1 로스컷 전문상담⑥ D.S.R과 신용등급 낮.아.도 문제없이 매입/대환까지 가능!★ D.S.R비율, 신용등급 무관 저금리 부자네스탁 AM8:00~PM4:00 ☎1577-5852★ AM 8:00 부터 선착순 예약접수 http://www.bujane.co.kr/6월 고객들의 문의가 많은 종목은 지씨지놈, 삼성SDI, 알테오젠, 삼성바이오로직스, HD현대일렉트릭 등이 있다.무료상담",https://www.hankyung.com/article/202506132220a,2025.06.13 13:28
"저가 매수기회다! 5년고정 연 4.9% 상품, 본인자산포함 최대 4배까지! 100%집중투자가능",,"부자네스탁론이 봄맞이 이벤트로 5년고정 연 4.9%의 저금리 스탁론 상품을 출시하면서 투자자들에게 화제가 되고 있다.5년고정 연 4.9%의 저금리 스탁론은 주요 증권사의 신용 금리로 알려진 8~9%대의 금리보다 훨씬 금리가 낮은 상품이다.스탁론 상품들은 증권사 신용보다 레버리지는 더 높고 담보유지비율은 더 낮아 투자 고수들 사이에서 잘 알려진 상품이다.미수나 반대매도를 해결해주는 대환대출상품, 한 종목 100% 집중투자 상품신용등급, 매수불가종목, D.S.R 등 주식투자자들의 고민을 완벽하게 해결해주는 솔루션을 제공하는부자네스탁론은 고객마다 가장 최적의 대출방법으로 해결해준다.-스탁론 D.S.R<총부채원리금상환비율> 고강도 규제에도! 문제없는 부자네스탁론!– 소득 낮고 기존 대출금액 많아도 계좌평가금액에 비례해서 대출가능!▶머니투데이 부자네스탁론① 5년고정 연 4.9% 금리의 최저금리 스탁론② 자기자본포함 최대 4배까지 레버리지 투자 가능③ 매수가능종목 100% 집중투자가능 (코스닥, 시가총액, 포트폴리오비율상관없이)④ 스탁론 전종목 1:1 매수상담문의 → 수익극대화⑤ 반대매도 임박 / 추가입금이 힘들다면? → 1:1 로스컷 전문상담⑥ D.S.R과 신용등급 낮.아.도 문제없이 매입/대환까지 가능!★ D.S.R비율, 신용등급 무관 저금리 부자네스탁 AM8:00~PM4:00 ☎1577-5852★ AM 8:00 부터 선착순 예약접수 http://www.bujane.co.kr/5월 고객들의 문의가 많은 종목은 형지I&C, HD현대중공업, 삼성바이오로직스, 아이스크림에듀, 기아 등이 있다.무료상담",https://www.hankyung.com/article/202505091553a,2025.05.09 14:38
"코스피, 외인·기관 동반 매도에 약세…코스닥 보합권 등락",,"사진=연합뉴스

                코스피지수가 27일 장 초반 외국인과 기관투자자의 동반 매도세에 약세를 보이고 있다. 전날 급등분에 대한 차익 실현 매물이 출회된 영향으로 풀이된다.이날 오전 9시7분 현재 코스피지수는 9.27포인트(0.35%) 내린 2635.13을 나타내고 있다. 지수는 이날 0.53% 하락 출발 후 낙폭을 일부 축소한 상태다. 유가증권시장에서 외국인과 기관이 각각 89억원과 582억원 매도 우위인 반면 개인은 645억원 매수 우위다.이날 미국 증시는 '메모리얼 데이'(현충일)로 휴장했다.코스피 시가총액 상위 종목 중 삼성전자, SK하이닉스, 삼성바이오로직스, LG에너지솔루션, KB금융, 현대차, 기아, 네이버, 신한지주 등이 내리는 반면 한화에어로스페이스, HD현대중공업, 셀트리온 등이 오르고 있다.에스디바이오센서는 3380억원 규모의 국세 환급금을 수령한다는 소식에 18%대 급등하고 있다.코스닥지수는 보합권에서 등락을 거듭하고 있다. 같은 시각 코스닥지수는 전 거래일보다 0.47포인트(0.06%) 오른 725.74를 기록 중이다.코스닥시장에서도 외국인과 기관이 각각 320억원과 44억원 매도 우위인 반면 개인은 373억원 매수 우위다.코스닥 시총 상위 종목 중 알테오젠, 파마리서치, 휴젤, 리가켐바이오, 클래시스, 삼천당제약, 에이비엘바이오 등이 오르는 반면 에코프로비엠, HLB, 에코프로, 펩트론, 레인보우로보틱스 등이 내리고 있다.서울 외환시장에서 원·달러 환율은 전장보다 3.6원 오른 1368원으로 개장했다.고정삼 한경닷컴 기자 jsk@hankyung.com",https://www.hankyung.com/article/2025052774356,2025.05.27 09:16
[투자운세] 4월28일(월요일) 궁합이 맞는 종목은?,,"2025년 4월 28일 월요일 관심가질 종목입니다1.쥐띠 : 매는 맞기 직전이 가장 두렵다!60년생 (나노신소재, 한미반도체) 72년생 (이수페타시스, 솔루엠) 84년생 (주성엔지니어링, 에코프로머티)2.소띠 : 익은 감은 건드리기만 해도 떨어진다61년생 (SK하이닉스, 롯데에너지머티리얼즈) 73년생 (대주전자재료, ISC) 85년생 (HPSP, 하나마이크론)3.호랑이띠 : 제도가 변하면 새로운 유행주가 나타난다62년생 (알테오젠, 현대로템) 74년생 (이오테크닉스, 파크시스템스) 86년생 (SK스퀘어, 리노공업)4.토끼띠 : 우발심을 삼가하라63년생 (아프리카TV, 삼성전기) 75년생 (레인보우로보틱스, 한국항공우주) 87년생 (고영, 삼아알미늄)5.용띠 : 나누어서 사고 나누어서 팔아라64년생 (한솔케미칼, 루닛) 76년생 (KG모빌리티, 동진쎄미켐) 88년생 (에스원, 포스코퓨처엠)6.뱀띠 : 시세는 시세에 물어라65년생 (대덕전자, 삼성전자) 77년생 (두산로보틱스, LS머트리얼즈) 89년생 (LX세미콘, 케어젠)




 

7.말띠 : 새 술은 새 부대에 담아라66 년생 (삼성전자, 두산퓨얼셀) 78년생 (SK바이오팜, 카카오뱅크) 90년생 (SK아이이테크놀로지, 티씨케이)8.양띠 : 매도 종목의 움직임도 관찰하라67년생 (씨에스윈드, 솔브레인) 79년생 (하이브, OCI홀딩스) 91년생 (한국콜마, 카카오)9.원숭이띠 : 연 날릴 때는 연줄을 모두 풀지 않는다68년생 (F&F, SK이노베이션) 80년생 (레이크머티리얼즈, 롯데웰푸드) 92년생 (펄어비스, 메디톡스)10.닭띠 : 합창을 하면 주가는 반대로 움직인다69년생 (레고켐바이오, 더존비즈온) 81년생 (영원무역홀딩스, 포스코DX) 93년생 (셀트리온, LG이노텍)11.개띠 : 주식투자는 절대적 유연성이 필요하다70년생 (셀트리온제약, 삼성생명) 82년생 (한화오션, 삼성엔지니어링) 94년생 (DB하이텍, 삼성중공업)12.돼지띠 : 승부를 여유있게 즐기라71년생 (코스모화학, 삼성바이오로직스) 83년생 (덴티움, POSCO홀딩스) 95년생 (클래시스, 현대미포조선)링크종목 – 신라젠, HK이노엔, 지엘팜텍, 현대로템, 인성정보무료상담",https://www.hankyung.com/article/202504254872a,2025.04.25 14:18
"""고객사 신약 개발 전방위 지원…5년 내 생산역량 두 배로 확대""","다이엔 레버 론자 수석부사장

M&A로 혁신 기술 조기 도입","“론자는 신약의 개발 가능성부터 성공 여부까지 판단할 수 있습니다.”다이엔 레버 론자 수석부사장(사진)은 지난 19일 미국 보스턴에서 열린 ‘바이오 USA’에서 한국경제신문과 만나 “극초기 신약 개발 단계 기업도 지원할 수 있다”며 이같이 말했다. 론자는 스위스 바젤에 본사를 둔 글로벌 1위 위탁개발생산(CDMO) 기업이다.레버 부사장이 꼽은 론자의 최대 강점은 고객사의 연구개발(R&D) 지원이다. 그는 “신약 개발 초기 단계부터 신약 투여 환자군은 얼마나 되는지, 적응증을 늘릴 수 있을지 등을 함께 평가해 개발 지원에 주력한다”며 “후보물질 선정부터 임상 진입까지 전방위 지원을 제공한다”고 설명했다.론자는 신약 개발 지원을 위한 신규 기술 도입에도 빠르게 나서고 있다. 레버 부사장은 “론자는 CDMO업체 가운데 항체약물접합체(ADC) 플랫폼을 가장 먼저 도입해 고객사의 신약 개발을 도왔다”며 “활발한 인수합병(M&A)을 통해 시장에 소개된 혁신 기술을 조기에 도입할 것”이라고 말했다.론자는 글로벌 생산기지 확보에도 적극 나서고 있다. 레버 부사장은 “미국 스위스 스페인 싱가포르 등에 생산시설을 갖췄다”며 “주요 고객사인 미국 업체들과 협력하기 위해 미국 동·서부 모든 지역에서 대량 생산이 가능한 인프라를 갖추고 있다”고 말했다. “5년 내 생산 역량을 두 배로 늘릴 것”이라고 덧붙였다.그는 주요 경쟁사를 묻는 질문에 “초기 개발 분야는 중국 우시바이오로직스가, 대규모 생산 분야는 삼성바이오로직스가 가장 주목할 만한 경쟁사”라고 했다. 그러면서 “미국 생물보안법 제정 논의에도 불구하고 우시바이오로직스는 여전히 중요한 경쟁사”라고 했다. 삼성바이오로직스의 오가노이드(인공 미니 장기) 사업 진출에 대해서는 “삼성바이오로직스는 지금까지 대규모 생산에 집중하다가 갑자기 초기 임상시험수탁(CRO) 사업에 뛰어든 것”이라며 “흥미로운 전략이고, 어떻게 전개될지 관심을 가지고 지켜보고 있다”고 말했다.보스턴=오현아 기자 5hyun@hankyung.com",https://www.hankyung.com/article/2025062342861,2025.06.23 17:26
"'CMO 최강자' 삼성바이오, '임상대행 시장' 도전장","위탁생산보다 수익성은 낮지만
고객 선점해 대규모 수주 가능","삼성바이오로직스는 글로벌 상위 대형 제약사 20곳 중 미국 화이자, MSD(머크), 스위스 로슈, 노바티스 등 17곳을 고객사로 확보한 바이오의약품 위탁생산(CMO) ‘최강자’다. 하지만 스위스 론자, 중국 우시 등 경쟁사와 달리 ‘위탁개발(CDO)-임상시험대행(CRO)-CMO’로 이어지는 서비스 주기에서 고객이 CMO에만 몰렸다는 한계가 있었다. 삼성바이오로직스가 첨단 바이오 기술인 오가노이드(인공 미니 장기)를 통해 CRO 사업에 도전장을 내민 이유다.삼성바이오로직스 관계자는 16일 ‘삼성 오가노이드’ 서비스에 대해 “고객사와 신약 후보물질 발굴 단계부터 협업하기 시작함으로써 향후 생산 단계까지 고객을 묶어두는 ‘조기 록인(lock-in)’ 효과를 거둔다는 구상”이라고 밝혔다. 보통 바이오의약품은 후보물질 발굴, 전임상(동물실험), 임상 1·2·3상, 인허가, 생산공정 개발, 시장 출시 등의 단계로 상업화된다. CDO와 CRO는 CMO에 비해 수익성은 낮지만 고객 선점 효과가 크다는 평가다. CDO와 CRO 단계에서 한번 거래가 시작되면 CMO 단계에서 대규모 수주로 이어지기 때문이다.삼성은 고품질의 약물 스크리닝 서비스를 선보인다는 계획이다. 면역항암제 신약 후보물질을 검증하기 위해 환자 유래 오가노이드를 만들어 약물에 대한 환자 반응을 예측할 수 있도록 하겠다는 것이다. 삼성바이오로직스는 항체약물접합체(ADC) 시설 내 오가노이드 전용 실험실을 운영하면서 오가노이드 배양부터 약물 반응 분석까지 서비스할 예정이다. 이 사업은 최근 뉴스위크로부터 암 분야 아시아·태평양 지역 최고 병원으로 선정된 삼성서울병원과의 협업을 통해 진행되고 있다.지난 4월 미국 식품의약국(FDA)이 신약 개발 과정에서 100년 가까이 유지해온 동물실험 의무 규정을 단계적으로 폐지하겠다고 밝힌 것도 삼성바이오로직스에 호재로 작용할 전망이다. 그동안 항체치료제를 개발하려면 면역 반응 등 복잡한 생리적 작용을 보기 위해 설치류, 원숭이, 강아지, 토끼 등 동물을 이용한 평가가 의무였다. 그러나 원숭이 한 마리에 수억원이 드는 등 고비용이 걸림돌이 됐고, 동물을 희생시키는 것에 대한 윤리적인 비판도 컸다.안대규 기자 powerzanic@hankyung.com",https://www.hankyung.com/article/2025061686661,2025.06.16 18:19
"코스피, 미·일 무역협상 타결에 상승…현대차·기아 날았다","외국인, 현대차·기아 4100억치 순매수","사진=연합뉴스

                코스피지수가 좁은 범위의 등락 끝에 강세로 마감했다. 미국과 일본 간 무역협상 타결 소식이 전해지면서 우리 증시에도 기대감이 반영됐기 때문으로 풀이된다.한국거래소에 따르면 23일 코스피지수는 전날 대비 13.83포인트(0.44%) 오른 3183.77에 장을 마쳤다. 개장 직후 3199.86를 기록하며 3200선을 회복하는가 싶었지만 이내 한때 3141.93까지 밀리는 등 지수는 뚜렷한 방향성 없이 오르내렸다.유가증권시장에서 외국인과 기관이 각각 3169억원, 2923억원 매수 우위다. 개인만 6828억원 매도 우위다.삼성전자(0.61%)와 SK하이닉스(0.19%)는 강세 마감했다. 삼성바이오로직스는 2%대 올랐다.현대차(7.51%)와 기아(8.49%)는 급등했다. 이날 도널드 트럼프 미국 대통령이 일본과의 무역 협상을 마쳤다고 밝힌 영향으로 풀이된다. 내달 1일 미국의 상호관세 부과를 앞두고 두 국가가 전격적으로 무역 협상을 타결하면서, 한·미 무역협상 타결에 대한 기대감도 덩달아 커진 것이다.한편 이날 일본 시가총액 1위사인 도요타를 포함해 자동차주가 일제 급등했다. 도요타 주가는 14% 넘게 상승했고, 닛케이지수도 장중 3.9% 넘게 오르며 최근 1년래 최고치를 기록했다.외국인의 순매수세도 현대차와 기아에 집중됐다. 외국인은 이날 현대차와 기아를 각각 2692억원, 1444억원 순매수했다. 반면 외국인 순매도 상위 두 종목에는 삼성전자(-731억원)와 SK하이닉스(589억원)가 나란히 이름을 올렸다.코스닥지수는 0.59포인트(0.07%) 오른 813.56에 거래를 끝냈다. 코스닥시장에서 개인이 1469억원 매수 우위다. 외국인과 기관은 각각 327억원, 1072억원 매도 우위다.시총 상위주가 1% 안팎으로 오르내린 가운데 삼천당제약이 상한가를 기록했다. 개발 중인 경구용 GLP-1 제네릭이 오리지널 약물인 노보 노디스크의 '리벨서스'와 생물학적 동등성 시험을 성공적으로 마쳤단 소식이 매수세를 집중시킨 것으로 풀이된다.원·달러 환율은 오후 3시30분 기준 전장 대비 8원 내린 1379.8원을 기록했다.신민경 한경닷컴 기자 radio@hankyung.com",https://www.hankyung.com/article/2025072371836,2025.07.23 15:56
"美의료유통 '슈퍼갑' 뚫은 삼성…""세계 최대 시장 확보""","美 빅2와 '바이오시밀러 동맹'
삼성에피스, 10조원 시장 선점

대형 PBM 2곳과 첫 공급계약
연내 출시…1조원대 매출 확보","삼성바이오에피스가 자사 바이오시밀러(바이오의약품 복제약)를 미국에서 유통회사 자체 브랜드(PL·프라이빗 라벨) 방식으로 공급한다. 미국 처방약 시장 유통의 50% 이상을 점유한 대형 업체들과 바이오시밀러 동맹을 맺은 세계 첫 사례다. 삼성바이오에피스가 조 단위 신규 매출을 올릴 것이라는 전망이 나온다. 
                    






이미지 크게보기



                16일 외신과 업계에 따르면 삼성바이오에피스는 최근 미국 1위 처방약급여관리업체(PBM)인 익스프레스스크립츠, 2위 CVS케어마크와 각각 자가면역질환 치료제 ‘스텔라라’ 바이오시밀러의 PL 방식 제품 공급 계약을 체결했다.익스프레스스크립츠는 ‘쿠엘런트’, CVS케어마크는 ‘코다비스’라는 자체 브랜드로 연내 미국 전역에 출시한다. 바이오시밀러 회사가 PBM ‘빅3’ 업체 중 두 곳과 한꺼번에 PL 공급 계약을 맺은 것은 이번이 처음이다. 빅3 업체는 미국 처방약 시장 유통의 총 80%를 점유하고 있고, 이 중 익스프레스스크립츠와 CVS케어마크의 점유율은 두 회사를 합쳐 57%에 달한다. PBM은 의료보험이 민영화된 미국에서 의약품 유통구조의 최상단에 있다. 의약품의 진입과 퇴출, 가격 등을 결정한다. 삼성바이오에피스 관계자는 “미국 시장에서 환자들의 접근성을 높이기 위한 방안을 다각도로 모색중”이라며, “PBM 계약은 당사가 공개할 수 없는 사항이라 확인해 드릴 수 없다”고 말했다.세계 10대 매출 의약품인 스텔라라는 개발사인 미국 존슨앤드존슨의 특허 만료로 올해 초 미국에서 바이오시밀러 시장이 열렸다. 삼성바이오에피스와 셀트리온, 미국 암젠, 독일 포미콘, 인도 바이오콘, 아이슬란드 알보텍 등 세계 7개 바이오시밀러 기업이 이 시장에 뛰어들었다.전문가들은 미국 PBM이 수만 개 약국 네트워크 공급 물량의 90%가량을 PL 제품으로 채울 것으로 전망한다. 이 경우 삼성바이오에피스가 연간 10조원 규모 시장에서 수천억원에서 1조원 이상의 신규 매출을 올릴 것으로 추산하고 있다. 정유경 신영증권 연구위원은 “미국 스텔라라 바이오시밀러 시장 대전은 삼성바이오에피스 승리로 끝났다고 봐도 무방하다”고 말했다.2024년 산도스에 계약 빼앗겨 최고위층 접촉하면서 신뢰 쌓아약국 네트워크 7만여개 확보…""유럽 이어 美서도 1위 할 것""삼성바이오에피스가 연간 10조원 규모인 미국 자가면역질환 치료제 스텔라라 바이오시밀러(바이오의약품 복제약) 시장에서 승기를 잡았다. 경쟁사들을 제치고 현지 대형 처방약급여관리업체(PBM) 두 곳과 유통사 자체브랜드(PL) 방식의 공급 계약을 맺으며 조단위 신규 매출 창출을 예고했다. 유럽에 이어 미국 시장도 평정할 것이란 기대가 커지고 있다. ◇美 시장 57% 움켜쥔 ‘빅2’와 계약16일 업계에 따르면 PBM은 미국 민영 의료보험 체계에서 제약사, 보험사, 약국, 병원, 환자를 연결하는 유통망의 중심축이다. 삼성이 판로를 뚫은 미국 1위 PBM 익스프레스스크립츠는 전역에 6만2000여 개 약국 네트워크를 보유하고 있다. 2위인 CVS케어마크 역시 9000개 이상의 직영 약국과 1000여 개 클리닉을 운영하고 있다. 두 회사가 관리하는 환자만 2억 명으로, 미국 전체 처방약 유통 시장의 57%를 차지한다. 두 회사의 연간 관련 사업 매출은 350조원에 달한다.익스프레스스크립츠 등은 임상의학적 효능과 안전성, 공급 안정성, 가격 등의 요인을 평가해 자사 PL 제품으로 삼성바이오에피스의 스텔라라(성분명 우스테키누맙) 바이오시밀러를 선정한 것으로 알려졌다. 스텔라라는 미국 제약사 얀센(존슨앤드존슨 자회사)이 개발한 판상 건선, 건선성 관절염, 크론병, 궤양성 대장염 등 자가면역질환 치료제다. ◇23조원 시장 판도 바꿔PL 제품은 세계 최대 매출 의약품인 자가면역질환 치료제 휴미라의 연 23조원 규모 미국 시장 판도부터 바꿨다. 2023년 당시 아홉 곳의 세계 바이오시밀러 업체가 이 시장에 경쟁적으로 진출했지만 초기 시장점유율은 다 합쳐도 2%에 불과했다. 오리지널 의약품 회사인 미국 대형 제약사 애브비의 철통 방어 때문이었다. 하지만 CVS케어마크가 스위스 제약사 산도스와 손잡고 지난해 1월 사상 첫 PL 바이오시밀러 제품을 출시하자 시장이 뒤집어졌다. 출시 3개월 만에 시장점유율 15%를 장악하며 애브비의 아성을 흔들었다. 시장 관계자는 “PBM이 PL 제품을 통해 제조·처방·유통을 통합 관리하면서 중간 유통 비용이 절감돼 환자에게 더 저렴한 가격에 바이오시밀러 공급이 가능해졌다”고 말했다. 삼성바이오에피스는 휴미라 바이오시밀러 출시 당시 CVS케어마크와 협상을 통해 세계 최초 PL 제품 출시를 준비했으나 아깝게 산도스에 자리를 내준 것으로 알려졌다.휴미라 시장에서 PL의 위력을 목격한 바이오시밀러 회사들은 앞다퉈 PBM과 손잡고자 했지만 4년 전부터 준비한 삼성바이오에피스가 빅3 PBM 중 두 곳을 잡아 최종 승자가 됐다. 삼성바이오에피스는 PBM의 신뢰를 얻기 위해 전임 고한승 사장(현 삼성전자 미래사업기획단 사장) 시절부터 현 김경아 사장까지 4년간 연간 수십 차례 미국을 방문해 PBM 최고위층을 설득한 것으로 알려졌다. 업계 관계자는 “PBM들은 미국 대형 제약사(빅파마) 실적도 좌우하는 ‘초갑’ 위치기 때문에 제아무리 ‘삼성’ 브랜드로 접근해도 초기엔 만나주지도 않았다”며 “삼성바이오에피스 임원들이 PBM 최고위층의 별장까지 찾아가는 끈질긴 노력 끝에 신뢰를 얻었다”고 소개했다. ◇유럽 이어 美도 1위 기대시장에선 10조원 규모 미국 시장에서 삼성바이오에피스가 최소 10% 이상을 확보할 것으로 기대하고 있다. 업계 관계자는 “바이오시밀러 출시로 가격이 40~80%가량 내려가기 때문에 시장 규모가 기존 대비 줄어들 것”이라면서도 “장기적으로 신규 매출을 수조원까지 기대할 수 있을 것”이라고 말했다.삼성바이오에피스는 이미 유럽에선 스텔라라 바이오시밀러 시장 점유율 43%로 1위다. 독일 이탈리아 스웨덴 핀란드 포르투갈 등 유럽 8개국에서 1위를 달리고 있다. 또 다른 자가면역질환 치료제인 엔브렐 바이오시밀러 시장과 희귀 혈액질환 치료제 솔리리스 바이오시밀러 시장에서도 유럽 1위를 차지하고 있다.삼성바이오에피스는 삼성바이오로직스 인적 분할로 오는 10월 투자지주회사인 삼성에피스홀딩스 아래로 편입될 예정이다.안대규 기자 powerzanic@hankyung.com",https://www.hankyung.com/article/2025071627151,2025.07.16 17:28
"'생명의 언어' 해석하는 AI, 세상에 없는 '다목적 맞춤형 단백질' 설계하다","박광현 생명硏 선임연구원

자연계에 없던 단백질 제작 
LLM이 아미노산 서열 해석 
암·자가면역질환 치료에 사용 
韓·글로벌 제약사들도 '눈독'","인공지능(AI)과 생명과학의 융합으로 탄생한 ‘인공 단백질’이 질병 치료의 패러다임을 근본적으로 변화시키고 있다. 인류는 이제 단백질을 ‘발견’하고 ‘활용’하는 시대를 넘어, ‘창조’하는 단계로 진입했다.인공 단백질이란 자연계에 존재하지 않는 단백질을 처음부터 설계하거나, 기존 단백질 구조를 목표에 맞게 정밀하게 재설계한 분자를 의미한다. 과거에는 단백질 공학이라 해도 주로 자연에서 발견된 단백질에 약간의 변형을 주는 수준에 그쳤다. 그러나 최근 방대한 생물학적 데이터베이스와 AI 알고리즘의 결합으로 아미노산 서열과 3차원 구조를 원하는 대로 ‘맞춤 제작’하는 단계로 발전했다. 마치 기성복을 약간 수선하던 방식에서, 고객의 체형과 목적에 맞춤 의상을 디자인하는 것과 같은 근본적 차이다.구글 딥마인드의 알파폴드는 이 혁명의 중요한 전환점이었다. 수십 년간 생물학계의 난제로 여겨졌던 ‘단백질 접힘 문제’를 AI로 해결함으로써, 단백질 구조 규명에 소요되던 시간과 비용을 획기적으로 단축했다. 과거에는 X선 결정학이나 극저온전자현미경(Cryo-EM) 분석에 의존해 단백질 한 개의 구조를 밝히는 데만 수개월에서 수년이 걸렸지만, 이제는 단 몇 시간 만에 정확도 높은 구조 예측이 가능해졌다.여기서 한 발 더 나아가 구글, 메타, 오픈AI 등 글로벌 기술 기업들은 거대 언어 모델(LLM)의 원리를 단백질 설계에 적용하고 있다. 놀랍게도 언어를 이해하고 생성하는 AI가 아미노산 서열이라는 ‘생명의 언어’도 해석하고 창조할 수 있게 된 것이다. 이들 기업이 개발한 모델은 자연계에 존재하지 않는 특수한 기능과 안정성을 갖춘 단백질을 며칠 만에 설계해내는 성과를 보이고 있다.이러한 기술적 진보는 기존 재조합 단백질 치료제의 한계를 극복할 새로운 가능성을 열었다. 특정 질환 표적과 결합하는 핵심 부위를 유지하면서도 반감기 연장, 투과력 강화, 생산 공정 최적화까지 고려한 ‘다목적 맞춤형 단백질’의 설계가 현실화되고 있다. 특히 암 치료 분야에서는 조직 침투력이 뛰어난 소형화된 항체 모방 단백질을 설계해 치료 효과를 극대화하는 혁신적 시도가 이루어지고 있다. 현재의 항체 치료제는 크기가 커서 종양 내부 깊숙이 침투하기 어려운 한계가 있는데, 인공 단백질 기술은 이러한 제약을 극복할 수 있는 가능성을 제시한다. 자가면역질환, 희귀질환 등 다양한 영역으로 확장되고 있다. 자가면역질환의 경우, 면역 반응의 특정 경로만을 선택적으로 차단함으로써 전체 면역 기능은 보존하면서도 병적인 자가면역 반응만을 억제하는 정교한 접근이 가능해진다. 개발 기간과 비용을 크게 단축함으로써 경제적 장벽을 낮추고 더 많은 희귀질환 환자들에게 치료 옵션을 제공할 가능성을 높인다.모더나, 화이자, 로슈 등 이러한 잠재력을 확인한 다국적 제약사들은 AI 바이오 스타트업에 대규모 투자를 단행하거나 전략적 제휴를 맺고 있다. 삼성바이오로직스, LG화학을 비롯한 국내 기업들 역시 이 흐름에 동참하고 있다. 해외 AI 기술 벤처에 전략적으로 투자하거나 자체 연구개발 역량을 강화하는 움직임이 활발하다.인공 단백질 기술은 아직 가야 할 길이 남아있다. 전례가 부족한 만큼 예상치 못한 면역 반응이나 생산 공정상의 문제가 발생할 가능성이 있다. 새로운 구조의 단백질이 인체 내에서 장기적으로 안전한지에 대한 철저한 검증과 함께, 이를 대량 생산할 수 있는 효율적인 공정 개발도 중요한 과제로 남아있다. 윤리적, 규제적 기준 마련도 시급하다.",https://www.hankyung.com/article/2025041643871,2025.04.16 15:56
"코스피, 미 관세 우려 덜며 1% 가까이 상승…코스닥 700선 회복","연기금, 12거래일 연속 순매수
LG이노텍 등 애플 부품주 강세","사진=연합뉴스

                코스피지수가 14일 개인투자자의 매수세에 힘입어 1% 가까이 상승 마감했다. 미중 간 관세 전쟁이 정점을 통과했다는 기대가 반영된 결과로 풀이된다. 원·달러 환율은 25원 넘게 급락했다. 이날 코스피지수는 전일보다 23.17포인트(0.95%) 오른 2455.89로 거래를 마쳤다. 지수는 0.89% 오름세로 출발한 후 장중 1.35%까지 상승폭을 확대하기도 했다.도널드 트럼프 미국 대통령이 촉발한 관세 전쟁에 대한 우려가 정점을 통과했다는 기대가 매수 심리를 자극한 것으로 보인다. 이에 지난 주말 미국 증시도 반등에 성공했다. 지난 11일(현지시간) 우량주 30개를 묶은 다우지수는 전장 대비 1.56% 올랐고 나스닥종합지수와 S&P500지수도 각각 2.06%와 1.81% 상승했다.이날 유가증권시장에서 개인이 1925억원어치를 사들인 반면 외국인과 기관은 각각 2573억원과 91억원어치를 팔아치웠다. 연기금은 이날 1119억원어치를 담으면서 12거래일 연속 순매수 기조를 유지했다.시가총액 상위 종목들은 대체로 상승했다. 한화오션(3.22%) LG에너지솔루션(2.24%) 삼성전자(1.81%) 한화에어로스페이스(1.67%) 셀트리온(1.49%) HD현대중공업(1.46%) 기아(1.22%) KB금융(1.2%) 현대차(1.01%) 등이 오른 반면 삼성바이오로직스(-0.67%) SK하이닉스(-0.33%) 네이버(-0.16%) 등은 소폭 내렸다.이날 코스닥지수는 13.39포인트(1.92%) 오른 708.98로 3거래일 연속 상승세를 이어갔다. 이날 지수는 0.63% 오름세로 출발한 후 상승폭을 확대했다. 지수가 700선을 넘어선 건 종가 기준으로 지난달 27일(707.49) 이후 12거래일 만이다.코스닥시장에서는 개인과 기관이 각각 44억원과 223억원어치를 사들인 반면 외국인이 249억원어치를 팔아치웠다.코스닥 시총 상위 종목 중 알테오젠(3.34%) 리가켐바이오(2.78%) 레인보우로보틱스(2.53%) 펩트론(2.19%) 코오롱티슈진(1.88%) 휴젤(1.61%) 에코프로비엠(1.5%) HLB(0.96%) 에코프로(0.59%) 등이 오른 반면 삼천당제약(-2.04%)과 클래시스(-0.16%) 등은 내렸다. 파마리서치는 보합으로 마감했다.이날 LG이노텍(5.81%)을 비롯해 이녹스첨단소재(6.87%) 덕산네오룩스(6.12%) 비에이치(4.45%) 등 애플에 부품을 납품하는 종목들이 일제히 뛰었다. 이는 트럼프 행정부가 스마트폰·컴퓨터·반도체 제조장비 등을 상호관세 부과 대상에서 제외하기로 밝힌 데 따른 영향으로 풀이된다.원·달러 환율은 하락세로 마감했다. 이날 서울 외환시장에서 원·달러 환율은 전장 대비 25.8원 내린 1424.1원으로 주간 거래를 마쳤다. 장중엔 1420원선까지 밀렸는데 이는 12·3 비상계엄 사흘 후인 지난해 12월6일(1414.7원·장중 기준) 이후 넉 달여 만에 가장 낮은 수준이다.고정삼 한경닷컴 기자 jsk@hankyung.com",https://www.hankyung.com/article/2025041403296,2025.04.14 15:59
"삼성전자, 자사주 매입·헬스케어 기업 인수 ‘투트랙’ 전략…주가 방어+성장 동력 동시에",,"삼성전자, 자사주 매입·헬스케어 기업 인수 동시 발표반도체 부진에도 주주환원·신사업 확장 행보…스탁론 활용한 매수세도 기대 삼성전자가 2025년 2분기 실적 발표와 함께 3조 9천억 원 규모의 자사주 매입과 미국 헬스케어 기업 인수 소식을 동시에 전하며 시장의 이목을 집중시켰다.2분기 연결 기준 실적은 매출 74조 원, 영업이익 4조 6천억 원을 기록했다. 매출은 전년 동기 대비 소폭 감소(–0.1%)했으며, 영업이익은 55.9% 감소하며 예상치(6.2조 원)를 하회했다. 반도체 부문의 수익성 악화와 AI 칩 수출 제한 이슈가 실적 부진의 주요 원인으로 지목됐다.그러나 동시에 발표된 자사주 매입 및 소각 계획이 시장에 긍정적 신호를 줬다. 삼성전자는 3조 9천억 원 규모의 자사주를 매입할 예정이며, 이 중 70%는 소각해 주주가치 제고에 나선다는 방침이다. 이는 향후 EPS(주당순이익) 개선과 주가 안정성 강화로 이어질 것으로 기대된다.또한 삼성전자는 미국 디지털 헬스케어 플랫폼 ‘젤스(Xealth)’ 인수를 공식 발표했다. 젤스는 환자 맞춤형 디지털 처방 및 원격의료 기술을 보유한 기업으로, 삼성전자는 이를 통해 웨어러블 기기 기반 커넥티드 헬스케어 생태계를 본격적으로 확장할 계획이다.업계는 이번 발표를 단기 주주환원 강화와 중장기 신사업 투자 확대를 동시에 내놓은 이중 전략으로 해석하고 있으며, 3분기 이후 반도체 업황 회복과 AI 수요 확대에 따라 실적 반등 가능성도 점쳐지고 있다.




 

이와 동시에, 스탁론(주식담보대출)을 활용한 개인 투자자의 전략적 매수 진입도 일부 나타나고 있다. 자사주 매입 발표에 따른 안정성 기대감과 소각 이슈로 인한 주가 탄력성이 예측되면서, 삼성전자와 관련 ETF를 담보로 스탁론을 활용하는 투자 수요가 점진적으로 증가하고 있다는 분석이다.전문가들은 “자사주 매입·소각과 성장 신사업은 긍정적 모멘텀이나, 스탁론 활용 시에는 금리 및 변동성 리스크를 감안한 분할 매수 전략이 중요하다”고 조언했다.▶ 더머니스탁론 신규 상품 전격 출시! (DSR 규제 X)▶ 최대 400% 레버리지 투자, 증권사 신용미수 대환 가능!▶ 한 종목 100% 집중 투자 가능!▶ 더머니스탁론 바로가기 (https://themoney.co.kr/ha)▶ 더머니스탁론 전화 상담 1600-7096▶ 더머니스탁론 카카오톡 상담 (http://pf.kakao.com/_cVfxbn/chat)관심종목: 삼성전자, 삼성바이오로직스, 삼성에스디에스, 에스디바이오센서, 덴티움무료상담",https://www.hankyung.com/article/202507096803a,2025.07.09 13:40
“글로벌 바이오 강국을 위한 10대 과제… 차기 정부에 바란다”,,,https://www.hankyung.com/article/202506020691i,2025.06.04 08:49
"삼성바이오로직스, 미 제약사와 7373억 의약품 위탁생산 계약",,"삼성바이오로직스 인천 송도 제1바이오캠퍼스 전경. 삼성바이오로직스 제공

삼성바이오로직스는 미국 소재 제약사와 7373억원 규모 의약품 위탁생산(CMO) 계약을 체결했다고 28일 공시했다.이는 지난해 전체 매출액의 16.21% 규모다. 계약 기간은 이날부터 오는 2031년 12월31일까지다. 회사 측은 계약 상대방을 비밀유지 조항에 따라 공개하지 않았다.노정동 한경닷컴 기자 dong2@hankyung.com",https://www.hankyung.com/article/2025042807506,2025.04.28 15:28
삼성바이오에피스의 새로운 미래와 도약,2025.05.22(목),"22일 삼성바이오로직스의 공시에 따라, 오는 10월
바이오 사업 관련 지주 회사 삼성에피스홀딩스가 출범한다. 삼성에피스홀딩스는 삼성바이오로직스에서 인적 분할돼 증시에
신규 상장될 예정이며, 삼성바이오에피스 및 향후 바이오 신사업
수행을 위해 설립될 신규 자회사들을 산하에 두게 된다. 삼성에피스홀딩스는 독자적 의사결정 체계로 삼성바이오에피스 등
자회사의 사업 역량을 극대화하면서, 삼성 바이오 사업의 새로운
성장 비전을 제시할 예정이다. 삼성바이오에피스는 바이오의약품 개발 및 상용화를 목적으로
2012년 설립된 바이오 기업으로, 글로벌 시장에서 총 11종의
블록버스터 바이오시밀러 개발에 성공하며 지속 성장해 왔다. 지난해 매출 1조 5,377억원과 영업이익 4,354억원의 창사 최대
실적을 달성했으며, 올해 1분기에도 매출 4,006억원과 영업이익
1,280억원을 기록하며 글로벌 바이오시밀러 업계 선도 기업으로
거듭나고 있다. 삼성바이오에피스는 이번 회사 분할로 차세대 바이오 기술 분야의
사업 확대 및 경쟁력 강화를 위한 교두보를 마련할 수 있게 됐으며,
앞으로도 지주사 체제 하에서 바이오 사업의 혁신과 지속가능경영
실천을 위해 적극 노력해 나갈 계획이다.",https://www.hankyung.com/article/202505228429P,2025.05.22 08:25
"넵튠, 콘텐츠 강화와 전략적 투자 기대 속 주가 안정 흐름",,"게임 콘텐츠 및 미디어 플랫폼 기업 넵튠(217270)이 최근 주가 변동성이 크지 않은 가운데, 콘텐츠 강화 및 주요 주주와의 협력 기대감 속에서 상승 흐름을 이어가고 있다.넵튠은 게임 개발뿐 아니라, 방송 콘텐츠, 메타버스, 애드테크(광고기술) 등으로 사업을 다각화해 왔으며, 중장기적으로 플랫폼 경쟁력을 높이기 위한 노력을 지속 중이다. 특히 대주주인 크래프톤과의 전략적 관계는 안정적인 운영 기반을 제공하는 요인으로 평가된다.재무적으로도 넵튠은 최근 몇 년간 구조조정과 선택과 집중 전략을 통해 손익 구조를 개선해왔으며, 주요 자회사들의 실적 안정과 함께 연간 흑자 기조를 유지하고 있다. 이는 시장에서 일정 수준의 신뢰를 형성하는 데 긍정적인 배경이 되고 있다.현재 주가는 안정 흐름 속에서도 상승하는 움직임을 보이고 있으며, 단기 이벤트보다는 중장기 콘텐츠 출시 일정과 외부 협력 확대 여부에 따라 점진적인 방향성이 결정될 가능성이 크다.삼성화재, 삼성바이오로직스, 현대제철, 한국콜마, 다우데이타무료상담",https://www.hankyung.com/article/202507035627a,2025.07.03 13:23
"인천상의 창립 140주년...""인천이 살아야 대한민국이 산다""",,"박주봉 인천상의 회장의 창립 140주년 기념식사. 인천상의

                인천상공회의소는 3일 송도컨벤시아 그랜드볼룸에서 '창립 제140주년 기념식 및 제43회 상공대상 시상식'을 개최했다고 밝혔다.이날 행사는 유정복 인천시장을 비롯한 인천지역 각계 인사 및 인천상의 제25대 의원, 기업인, 상공대상 및 장기근속 모범직원 수상자 등 350여 명이 참석했다.인천상의는 1885년 인천객주회를 모태로 한다. 지역 경제인을 대변하고, 정책과 기업 사이를 잇는 대표적 경제단체다.당시 외국 상인들이 상권을 잠식하자 내국 상인들이 자율적 단체를 구성했다. 설립 초기 인천객주회는 청국과 일본 등 외세 상권 확장을 억제하고 상인 권익을 보호하는 데 앞장섰다.1896년 인천항신상협회로 개칭한 뒤에는 국내 상권 보고뿐만 아니라 민족 계몽, 교육 등 자주 의식을 고취하는 데도 힘썼다. 처음 회원은 50명이었다.인천항신상협회는 일본 상인의 비위 행위를 규탄하고, 상업 정보를 수집해 민족계 상인들에게 제공하기도 했다.1946년 임의단체로 다시 출발한 인천상의는 1952년 현행 상공회의소법이 제정·공포됨에 따라 법정 경제단체로서 자리매김했다.1990년대 이후에는 인천국제공항, 송도·청라·영종국제도시 등의 대형 프로젝트가 진행되며 역할도 확장됐다.산업 다변화와 글로벌 시장 대응이 지역의 주요 화두가 되면서 인천상의는 무역 진흥, 글로벌 네트워크 연결, 국제대회 유치 등 전략적 사업을 강화했다.인천상의는 앞으로 경인고속도로 지하화, GTX 사업 등 인천 교통 인프라 개선, 글로벌 중고차 허브 인천을 위한 스마트 오토밸리 사업 등을 관계 당국과 정치권에 지속 요구하기로 했다.한편, 인천상의는 이날 창립 기념식과 함께 상공대상 시상식도 진행했다.기술개발 부문 ㈜흥아기연 강은식 대표이사, 노사협조 부문 ㈜모아저축은행 김상고 회장, 사회복리 부문 삼성바이오로직스㈜ 김동중 부사장, 환경경영 부문 인천화학㈜ 이창원 대표이사, 지식재산경영 부문은 ㈜부성 이용복 대표이사가 각각 수상했다.박주봉 인천상의 회장은 “인천상의 140주년은 새로운 100년을 향한 출발점”이라며 “기업이 살아야 인천이 살고, 인천이 살아야 대한민국이 산다는 신념으로 신뢰받는 경제 파트너로서 기업과 함께할 것”이라고 강조했다.인천=강준완 기자",https://www.hankyung.com/article/202507036480h,2025.07.03 16:41
[속보] 삼바 분할…삼성에피스홀딩스 설립,,[속보] 삼바 분할…삼성에피스홀딩스 설립신민경 한경닷컴 기자 radio@hankyung.com,https://www.hankyung.com/article/2025052283256,2025.05.22 07:57
"삼천피 돌파 타진…코스피, 중동發 위기 딛고 2960선 상승 흐름","코스피 3000선 돌파 눈앞
중동 긴장감에 눈치보기

SK하이닉스, 장중 26만원 사상 최고가
증권주 '강세'·대왕고래 관련주 '와르르'","코스피가 3000선에 다가선 17일 서울 하나은행 본점 딜링룸에서 딜러들이 업무를 보고 있다. 사진=연합뉴스

                17일 코스피지수가 중동 발(發) 지정학적 리스크를 딛고 상승 흐름을 이어가면서 코로나19 팬데믹 기간 이후 3000선 돌파를 시도하고 있다.이날 오전 11시29분 현재 코스피지수는 전일 대비 0.55% 오른 2962.91을 기록 중이다. 2950선에서 상승 출발한 코스피지수는 장중 한때 상단을 2998.62포인트까지 높이면서 3000선을 넘보기도 했지만 중동 긴장감이 계속되면서 상단이 제한되고 있는 모습이다.앞서 미국 증시는 이날 이란의 휴전 협상 신호에 긍정적으로 반응하면서 주요 지수가 동반 상승했다. 로이터통신은 이란이 도널드 트럼프 미국 대통령에게 이스라엘과의 휴전과 함께 핵 협상 재개를 바란다는 뜻을 전했다고 보도했다.이 시각 유가증권시장에서 개인은 2363억원 순매수를 기록 중이다. 외국인과 기관은 각각 1920억원과 364억원 매도우위다.코스피 시가총액 상위종목들은 대부분 상승하고 있다. 삼성전자와 SK하이닉스가 각각 2.27%와 2.82% 오름세다. 특히 SK하이닉스는 장중 26만원대를 돌파하면서 신고가를 갈아치웠다.LG에너지솔루션(0.17%), 현대차(1.49%), KB금융(0.19%), 기아(1.74%), 두산에너빌리티(2.01%), 셀트리온(0.37%) 등도 상승하고 있다.반면 삼성바이오로직스(-0.1%), 한화에어로스페이스(-1.34%), HD현대중공업(-2.12%), 네이버(-0.48%) 등은 하락하고 있다.새 정부 증시 부양 기대감에 상상인증권, 미래에셋증권, 한국금융지주 등이 강세다. 동해 가스전 탐사 예산 삭감 가능성 소식 이후 동양철관(-10.5%), 포스코인터내셔널(-6.96%), 하이스틸(-6.25%) 등이 떨어지고 있다.코스닥지수도 상승하고 있다. 이 시각 현재 코스닥지수는 전일 대비 0.42% 오른 780.42를 기록 중이다. 코스닥시장에서도 개인이 610억원 순매수인 반면 외국인과 기관은 각각 330억원과 100억원 매도우위다.코스닥 시총 상위주들은 혼조세다. 알테오젠, 에코프로비엠, HLB, 클래시스, 삼천당제약은 상승하고 있는 반면 에코프로, 레인보우로보틱스, 파마리서치, 휴젤, 펩트론은 하락하고 있다.한지영 키움증권 연구원은 ""이스라엘-이란의 군사 충돌이 조속히 마무리 될 가능성은 크지 않으나 기존 증시 상승 추세를 훼손시키는 대형 악재로 격화될 여지는 제한적""이라며 ""2022년 러시아-우크라이나 전쟁 등 전면전 수준의 위기 사례를 제외하면 지정학적 쇼크는 단기 주가 이벤트에 그쳤다""고 분석했다.노정동 한경닷컴 기자 dong2@hankyung.com",https://www.hankyung.com/article/2025061701276,2025.06.17 11:30
"25일, 외국인 거래소에서 삼성전자(0.00%), 한화에어로스페이스(0.00%) 등 순매도",,"외국인 투자자는 25일 거래소에서 삼성전자, 한화에어로스페이스, 현대차 등을 중점적으로 매도한 것으로 나타났다.외국인 투자자의 순매도 상위 20개 종목은 삼성전자, 한화에어로스페이스, 현대차, 한미반도체, 삼성중공업, 기아, 삼성E&A, KODEX 200, 셀트리온, 삼성바이오로직스등이다.이중에 운수장비 업종에 속한 종목이 6개 포함되어 있다.삼성중공업, KODEX 200, TIGER 200 등은 전일 대비 주가가 상승했고, 현대차, 한미반도체, 기아 등은 주가가 하락했다.[04월25일]거래소 외국인 순매도 상위 종목한경로보뉴스이 기사는 한국경제신문과 금융 AI 전문기업 씽크풀이 공동 개발한 기사 자동생성 알고리즘에 의해 실시간으로 작성된 것입니다.",https://www.hankyung.com/article/202504256918L,2025.04.25 18:35
"위축되는 투심…""이번주가 고비"" [박해린의 마켓톡톡]",,"영상 모듈 닫기




오늘 증시 이슈 짚어보는 마켓톡톡 시간입니다.임박한 한·미 관세 협상과 '셀 아메리카'에 따른 투심 위축으로 우리 증시, 오늘 부진한 모습이었습니다.미국의 정체성인 달러 가치가 훼손되면서 미국 증시가 급락하자 우리도 그 영향을 받고 있는 겁니다.중앙은행 독립성에 대한 우려로 앞서 보셨듯 달러화 가치는 3년 만에 가장 낮은 수준으로 떨어졌고,
                    




                안전자산 선호 현상으로 금은 사상 처음 온스당 3,400달러를 돌파한 데 이어 4,000달러를 찍을 가능성까지 제기됩니다.달러가 다시 신뢰를 찾을 때까지 금융시장이 급격히 변동할 것이란 우려가 나오는 상황, 일각에선 당장 이번주 미국채 입찰에서 분위기 반전의 기회를 엿보고 있습니다.미국채 수요가 늘어 입찰이 원활히 종료된다면 달러 약세로 위축됐던 심리가 회복되면서 미국 증시에 이어 우리 증시도 순차적으로 회복될 가능성이 있다는 분석입니다.다만 기대와 다른 결과가 나올 수도 있기에 일단은 수익성이 양호한 방산과 유틸리티 등의 업종으로 대응하는 것이 현명하다는 조언이 나옵니다.무역 협상·실적 주목한·미 무역 협상이 이틀 앞으로 다가왔습니다.우리는 미국이 발표한 25% 상호 관세를 철폐하거나 줄이는 게 최대 관심사죠.한국의 주력 수출 분야인 자동차와 반도체의 품목 관세도 최소화해야 합니다.미국은 관세율 인하 대가로 무역 수지 흑자를 최소화하는 방안을 요구할 것으로 전망되는 가운데, 우리 정부는 LNG와 항공기 구매 확대, 알래스카 개발 등의 카드를 제시할 것으로 예상되는 만큼 관련주들 주목됩니다.전문가들은 한·미 협상이 원만하게 진행된다면 국내 증시를 이탈했던 외국인 투자자들이 다시 유입될 것으로 봅니다.만약 한·미 협상이 원활하게 진행되지 않는다 해도 이미 국내 증시는 관세 리스크에 대한 우려로 지나치게 저평가 돼 있다며, 당분간 변동성은 확대되겠지만 하방 압력이 지나치지는 않을 것이라는 평가가 나옵니다.한편, 시장에선 결국 관세 공포가 향한 곳은 실적 전망의 불확실성이었기 때문에 1분기 실적과 향후 실적 전망에 더욱 주목해야 한다고 조언합니다.당장 내일 삼성바이오로직스, 모레에는 SK하이닉스와 현대차, 사흘 뒤에는 기아 등이 1분기 실적을 공개합니다.이들의 1분기 실적 증감률 전망, 간단히 정리했습니다.
                    




                가장 두드러지는 SK하이닉스, 지난해 1분기 대비 영업이익이 128% 증가할 것으로 전망되고, 현대차와 기아는 전년보다 소폭 줄어들 것으로 예상됩니다.이번 컨퍼런스콜에서 기업들이 업황 전망과 관세로 인한 실적 추정치를 얼마나 보수적으로 전망할지에 따라 주가도 영향을 받을 것으로 예상되는 만큼 컨퍼런스콜까지 꼭 확인하시기 바랍니다.지금까지 마켓톡톡이었습니다.박해린기자 hlpark@wowtv.co.kr",https://www.hankyung.com/article/2025042284985,2025.04.22 17:27
'국가핵심기술' 포함 사내자료 유출한 삼성바이오 전 직원 법정구속,,"사진=한경DB

                국가 핵심기술이 포함된 삼성바이오로직스 사내 자료를 무단으로 반출한 40대 전 직원이 법정구속됐다.11일 연합뉴스에 따르면 인천지법 형사5단독 홍준서 판사는 이날 선고 공판에서 산업기술의 유출방지 및 보호에 관한 법률 위반 등 혐의로 불구속 기소된 삼성바이오 전 직원 A(46)씨에게 징역 3년을 선고하고 법정에서 구속했다.A씨는 2022년 12월초부터 열흘에 걸쳐 인천 연수구 삼성바이오 본사 등에서 A4용치 3700장 분량의 표준작업지침서(SOP) 등 회사의 영업비밀 175건을 외부로 유출한 혐의로 재판에 넘겨졌다. 같은달 13일에도 영업비밀을 반출하다가 보안요원에게 적발돼 경찰로 인계됐다.A씨가 반출하려 한 자료에는 IT SOP(정보기술 표준작업지침서)와 다양한 국가의 규제기관 가이드라인을 분석한 자료 등 국가 핵심기술 2종이 포함된 것으로 알려졌다.홍 판사는 “피고인은 피해 회사의 산업기술과 영업비밀을 유출·절취하거나 절취 미수 범행을 했다”며 “절취한 양이 많고, 생명공학 분야 국가 핵심기술이 포함돼 있어 실형을 선고할 수밖에 없다”고 말했다.이외에도 삼성바이오에서는 경쟁업체로 이직하는 직원들이 영업비밀을 빼돌리려 한 정황이 잇따라 포착되고 있다. 2022년 6월 삼성바이오에서 롯데바이오로직스로 이직하면서 영업비밀을 유출한 혐의를 받는 직원에 대한 재판도 진행되고 있다.한경우 한경닷컴 기자 case@hankyung.com",https://www.hankyung.com/article/2025071126507,2025.07.11 13:35
"삼성바이오로직스 수주공시 - 의약품 위탁생산계약 2,419.7억원 (매출액대비  5.32 %)",,"05월 26일 삼성바이오로직스(207940)는 수주공시를 발표했다.◆삼성바이오로직스 수주공시 개요- 의약품 위탁생산계약 2,419.7억원 (매출액대비  5.32 %)삼성바이오로직스(207940)는 의약품 위탁생산계약에 관한 단일판매ㆍ공급계약체결              을 26일에 공시했다.계약 상대방은 유럽소재제약사이고, 계약금액은 2,419.7억원 규모로 최근 삼성바이오로직스 매출액 4.55조 대비 약  5.32 % 수준이다. 이번 계약의 기간은 2025년 05월 23일 부터 2030년 12월 31일까지로 약 5년 7개월이다.한편 이번 계약수주는 2025년 05월 23일에 체결된 것으로 보고되었다.
                    



차트

                한편, 오늘 분석한 삼성바이오로직스는 삼성그룹의 바이오 사업 지주사로 알려져 있다.한경로보뉴스이 기사는 한국경제신문과 금융 AI 전문기업 씽크풀이 공동 개발한 기사 자동생성 알고리즘에 의해 실시간으로 작성된 것입니다.",https://www.hankyung.com/article/202505264639L,2025.05.26 07:55
"19일, 거래소 외국인 순매도상위에 전기,전자 업종 4종목",,"외국인 투자자는 19일 거래소에서 한미반도체, 두산에너빌리티, 삼성전자 등을 중점적으로 매도한 것으로 나타났다.외국인 투자자의 순매도 상위 20개 종목은 한미반도체, 두산에너빌리티, 삼성전자, SK텔레콤, 한화오션, 셀트리온, 카카오, 삼성중공업, 한국타이어앤테크놀로지, LS등이다.이중에 전기,전자 업종에 속한 종목이 4개 포함되어 있다.두산에너빌리티, 한화솔루션, 삼성바이오로직스 등은 전일 대비 주가가 상승했고, 한미반도체, 삼성전자, SK텔레콤 등은 주가가 하락했다.[05월19일]거래소 외국인 순매도 상위 종목한경로보뉴스이 기사는 한국경제신문과 금융 AI 전문기업 씽크풀이 공동 개발한 기사 자동생성 알고리즘에 의해 실시간으로 작성된 것입니다.",https://www.hankyung.com/article/202505192895L,2025.05.19 18:35
이것이 궁금하다! 신용융자비율 상위종목은?,,"갤럭시아에스엠, 하이스틸, 에이텍, 화성밸브, 이스트소프트 순으로 신용비율 상위를 형성하고 있다.




 

순위 종목명 신용비율1 갤럭시아에스엠 9.93%2 하이스틸 9.47%3 에이텍 9.11%4 화성밸브 8.43%5 이스트소프트 8.41%<4월 22일 기준 종목(ETF 제외)>한미약품, 삼성바이오로직스, 카페24, LG디스플레이, 고영무료상담",https://www.hankyung.com/article/202504230336a,2025.04.23 14:03
美 바이오시밀러 PBM發 격변...세계 첫 '빅2' 계약 따낸 삼성에피스,,,https://www.hankyung.com/article/202507150346i,2025.07.16 17:14
"코스피, '중동 위태로운 휴전' 눈치보기…3100선 강보합 마감","개인투자자 9700억 순매수로 지수 견인
한국전력, 원전 사업 기대감에 10% 급등","사진=뉴스1

                코스피지수가 중동 지역 긴장 완화에 상승 랠리를 이어가는데 성공했다. 다만 이스라엘-이란 간 군사적 충돌 불씨가 남은 상황 탓에 상승폭은 제한됐다.25일 코스피지수는 전일 대비 4.61포인트(0.15%) 오른 3108.25에 거래를 마감했다. 0.78% 상승 출발한 코스피지수는 중동 지역의 '위태로운 휴전' 평가 속에 장중 3100선을 두고 상승과 하락을 반복하며 공방을 벌였다.도널드 트럼프 미국 대통령은 24일(현지시간) SNS를 통해 ""휴전은 이제 발효됐다. 위반하지 마라""라고 썼고, 이후 이스라엘을 향해 ""폭탄들을 (이란에) 떨어뜨리지 말라. 당신들이 그렇게 하면 중대한 (휴전 합의) 위반이다""라고 경고했다.지수 상승은 개인 투자자들이 이끌었다. 개인은 이날 유가증권시장에서 9736억원을 순매수했다. 반면 외국인과 기관은 각각 3215억원과 5599억원 매도우위였다.시가총액 상위주들은 혼조세를 나타냈다. 삼성전자와 SK하이닉스는 각각 1.32%와 2.69% 상승했다. 현대차와 기아는 각각 5%대와 4%대 강세를 보였다. 반면 LG에너지솔루션, 네이버, 두산에너빌리티 등은 하락했다. 삼성바이오로직스는 보합으로 장을 마쳤다.한국전력은 원자력사업 수혜 기대감이 계속되며 이날도 10.7% 뛰었다. 제주은행은 원화 스테이블코인 관련 사업에 모회사 신한은행이 참여한다는 소식 이후 10.69% 급등했다. 에이피알은 2분기 호실적 전망에 7.08% 올랐다.코스닥지수는 하락했다. 이날 코스닥지수는 전일 대비 2.72포인트(0.34%) 내린 798.21에 장을 마감했다. 코스닥시장에서도 개인이 2548억원 순매수를 나타낸 반면 외국인과 기관은 각각 1826억원과 442억원 매도우위였다.코스닥 시총 상위주들은 등락이 엇갈렸다. 알테오젠, 에코프로, 레인보우로보틱스 등이 떨어진 반면 에코프로비엠, 파마리서치, 리가켐바이오는 올랐다. HLB는 보합으로 장을 마쳤다.원·달러 환율은 소폭 상승했다. 이날 오후 3시30분 기준 서울 외환시장에서 원·달러 환율은 전일 대비 2.2원 오른 1362.4원에 주간거래를 마쳤다.노정동 한경닷컴 기자 dong2@hankyung.com",https://www.hankyung.com/article/2025062594246,2025.06.25 15:54
"'중동 리스크' 완화에…코스피, 3년9개월 만에 3100선 탈환","코스닥도 800선 회복

이스라엘-이란 휴전 합의에 투자심리 회복
원·달러 환율 1360원대로 하락","영상 모듈 닫기




                    코스피지수와 코스닥지수가 24일 동반 2% 이상 상승하며 마감했다. 이스라엘과 이란이 휴전에 합의하며 중동 지정학적 위기가 완화한 덕이다.이날 코스피는 전일 대비 89.17포인트(2.96%) 뛴 3103.64에 거래를 마감했다. 코스피가 3100선 위에서 거래를 마친 건 종가 기준 2021년 9월 27일 이후 처음이다. 올해 들어 이날까지 코스피는 28.99% 급등했다.  
                    



사진=뉴스1

                코스닥지수도 전일 대비 16.14포인트(2.06%) 오른 800.93에 장을 마쳤다. 코스닥도 11개월여 만에 800선을 회복했다. 코스닥 지수도 연초 대비 20.21% 상승했다.'큰손'의 매수세가 눈에 띄었다. 한국거래소 기준 외국인과 기관은 유가증권시장에서 각각 4415억원, 2589억원을 순매수하며 지수를 끌어올렸다. 코스닥시장에서도 외국인과 기관은 각각 1741억원, 647억원 매수 우위를 보였다. 개인은 유가증권시장에서 6425억원, 2078억원을 순매도하며 차익실현 매물을 내놨다.이날 지수 상승은 중동 위기가 완화하며 위험자산 투자심리에 온기를 불어넣었기 때문으로 풀이된다. 도널드 트럼프 미국 대통령은 23일(현지시간) 사회관계망서비스(SNS)를 통해 ""이스라엘과 이란이 완전하고 총체적인 휴전(complete and total ceasefire)을 실시하기로 합의했다""고 밝혔다.앞서 이란 국영방송도 ""이스라엘을 겨냥한 4차례의 공격 이후 휴전을 시작했다""고 보도했다. 같은 날 이란의 준국영 통신사 타스님도 휴전이 '집행 단계'에 들어갔다고 전했다. 베냐민 네타냐후 이스라엘 총리도 이란과의 포괄적인 휴전 합의에 도달했다고 발표했다.시가총액 상위주는 불을 뿜었다. '대장주' 삼성전자는 4.31% 오르며 6만500원에 마감했다. 삼성전자가 6만원 위에서 마감한 것은 지난 3월 28일 이후 3개월 만이다. SK하이닉스도 7.32% 급등했다. 종가 기준 시가총액은 202조7487억원이다. 상장 이후 처음으로 200조원을 돌파했다.그 외 HD현대중공업(6.92%), KB금융(4.37%), 카카오(4.14%), 현대차(2.23%), LG에너지솔루션(2.21%), 신한지주(1.5%), 셀트리온(1.38%), 삼성바이오로직스(1.21%), 기아(1.04%)도 올랐다. 다만 지정학적 위기가 완화한 영향으로 방산주인 한화에어로스페이스는 2.61% 하락했다.코스닥 시총 상위주도 대부분 급등했다. 에코프로(14.12%)의 상승세가 두드러진 가운데 펩트론(7.5%), 클래시스(6.46%), 에코프로비엠(6.05%), 레인보우로보틱스(3.11%), 리가켐바이오(3.07%), 알테오젠(2.63%), 휴젤(1.66%), 리노공업(1.19%)도 상승 마감했다.원·달러 환율은 전날 주간장 종가 대비 24원10전 급락한 1360원20전에 마감했다. 중동 사태가 봉합 수순을 밟으며 외환시장도 안정을 되찾는 분위기다.이재원 신한투자증권 연구원은 ""지정학적 갈등 봉합, 삼성전자·SK하이닉스 상승폭 확대, 외국인 순매수에 힘입어 코스피는 고점을 재경신했다""며 ""신용융자잔고와 고객예탁금 모두 2023년 이후 최고 수준이다. 동학개미 복귀가 기대되는 상황""이라고 평가했다.진영기 한경닷컴 기자 young71@hankyung.com",https://www.hankyung.com/article/2025062465916,2025.06.24 15:34
