header,summary,content,url,datetime
내수·수출 동반 부진에…한국경제 ‘절대 수요 부족’ 경고,,"한국개발연구원(KDI)이 2025년 7월 경제동향을 발표했다. 최근 건설업 부진이 이어지는 가운데, 대외 여건도 악화하며 경기가 전월과 비슷한 수준에서 정체되고 있다. 이로 인해 소비·투자·건설이 동반 침체 양상을 띠고 있으며, 경기 회복의 뚜렷한 모멘텀도 보이지 않는다는 분석이다.특히 현대경제연구원은 2025년 한국 연간 경제성장률 전망치를 기존 1.7%에서 0.7%로 1.0%포인트나 하향 조정했다. 수정 전망의 주요 원인은 내수부진 장기화와 수출경기 둔화다. 고금리·고물가에 따른 소비심리 위축, 건설투자 침체가 민간 회복력을 약화시키고 있다. 수출환경 개선이 없이는 내수 회복 동력 확보도 어렵다는 점이 우려를 키운다.이처럼 내수와 수출 모두 뚜렷한 반등이 없는 상황에서 한국 경제는 당분간 ‘절대 수요 부족’ 국면을 벗어나기 어려울 것으로 보인다. KDI 등은 내수회복, 수출환경 개선, 정책 대응 없이는 상반기형 경기둔화가 장기화할 가능성을 경고했다.이에 따라 경제 정책 당국은 민간 소비와 투자 회복을 위한 적극적 재정․금융 지원, 건설·설비투자 활성화책 등에 보다 집중할 필요가 있다. 단지 인위적 경기 부양이 아닌, 내수와 수출을 동시 강화할 수 있는 전략적 대응이 중요한 시점이다.아우토크립트, SK하이닉스, 삼성전자, 두산에너빌리티, 한국전력무료상담",https://www.hankyung.com/article/202507158441a,2025.07.15 10:03
,,,https://magazine.hankyung.com/business/article/202507098412b,
[포토] K브랜드 대표 기업 한자리에…프리미엄브랜드지수 시상식,,"한국표준협회는 지난 11일 서울 소공동 롯데호텔에서 ‘2025 프리미엄 브랜드지수(KS-PBI) 1위’ 시상식을 열었다. 앞줄 왼쪽부터 김덕경 삼성서울병원 교수, 양홍걸 시원스쿨 대표, 김승곤 에몬스가구 부사장, 김도한 더케이예다함 대표, 김남용 형지엘리트 본부장, 김영훈 한국도미노피자 대표, 문동민 표준협회장, 김용철 가톨릭대 교수, 박용권 신한은행 본부장, 강원규 에쓰오일 토탈에너지스윤활유 부사장, 홍석기 LG전자 실장, 박해창 신한카드 그룹장, 최진욱 현대건설 팀장, 김종현 신한은행 실장.  한국표준협회 제공",https://www.hankyung.com/article/2025071352081,2025.07.13 18:07
"네이버, 차세대 격전 준비…""XR 콘텐츠 생태계 구축""","미디어 플랫폼 테크 포럼

웹, 모바일 변화 살아남은 저력
5년 전부터 차세대 플랫폼 대비
스트리밍 실험 통해 경험 쌓아

신형 XR 내놓는 삼성과 협업
""홀로그램 등 신기술도 개발 중""","네이버의 가상 콘텐츠 제작 스튜디오 비전·모션스테이지에서 광학식 슈트를 착용한 직원이 3차원(3D) 애니메이션 구현을 시연하고 있다. 스튜디오에 설치된 적외선 카메라와 슈트에 장착된 전자 센서가 손가락 움직임과 얼굴 표정까지 정밀하게 포착해 캐릭터를 실시간으로 만들어낸다. ﻿ /네이버 제공

                네이버가 확장현실(XR) 콘텐츠 시장에 본격 참전한다. 삼성전자가 연내 선보일 첫 XR 기기 ‘프로젝트 무한’에 담을 콘텐츠를 생산하는 것이 우선 목표다. 웹(컴퓨터)에서 모바일(스마트폰)로의 전환 과정에서 성공적으로 살아남은 네이버가 차세대 하드웨어 시장에서도 소프트웨어와 콘텐츠를 중심으로 생존력을 증명하려는 시도로 풀이된다.네이버는 경기 성남시 네이버 사옥에서 지난 16일 ‘이머시브 미디어 플랫폼 테크 포럼’을 열었다. 언론을 대상으로 XR 플랫폼 전략과 차세대 미디어 기술을 공개하기 위한 자리다. 17일 네이버 관계자는 “생성형 인공지능(AI)과 실시간 3차원(3D) 렌더링 기술을 기반으로 가상현실(VR), 증강현실(AR), 혼합현실(MR)을 아우르는 XR 콘텐츠 생태계를 구축하는 것이 최종 목표”라고 설명했다.





                스마트글라스와 VR 헤드셋으로 대표되는 XR 기기는 스마트폰을 잇는 새로운 하드웨어 플랫폼으로 부상하고 있다. 메타는 2019년 첫 VR 헤드셋 ‘퀘스트’를 출시했다. 당시 마크 저커버그 메타 최고경영자(CEO)는 VR 헤드셋을 ‘차세대 컴퓨팅 플랫폼’이라고 선언했다. 지난해 10월에는 AI 기능을 적용한 ‘퀘스트3S’를 선보였다.구글은 삼성전자, 젠틀몬스터와 협업해 안드로이드 기반 XR 기기를 내놓을 예정이다. 삼성은 구글, 퀄컴과 협업한 또 다른 XR 제품도 준비 중이다. 노태문 삼성전자 사장은 9일 뉴욕에서 열린 기자간담회에서 “연내 XR 헤드셋 출시를 목표로 완성도를 높이고 있다”고 밝혔다.네이버는 삼성의 신제품 출시에 발맞춰 XR 기반의 콘텐츠 플랫폼을 구축할 계획이다. 오한기 네이버 리얼타임 엔진 스튜디오 리더는 “네이버 스트리밍 플랫폼 ‘치지직’을 중심으로 다양한 콘텐츠를 제공할 것”이라며 “네이버가 보유한 고품질 콘텐츠가 원활히 구현될 수 있도록 현재 여러 글로벌 기업과 협업 방안을 논의하고 있다”고 말했다. XR 콘텐츠 시장엔 메타, 구글 등 하드웨어 제조사뿐만 아니라 유니티 같은 게임 엔진 개발사도 앞다퉈 뛰어들고 있다. 시장조사업체 포천비즈니스인사이트는 글로벌 XR 시장 규모가 2024년 1840억달러에서 2032년 1조6250억달러로 커질 것으로 전망했다.네이버는 영상 소비와 제작의 패러다임이 빠르게 바뀌고 있다는 판단 아래 새로운 방식의 콘텐츠 제작을 준비해왔다. 2020년부터 몰입형 미디어 기술 개발에 착수해 2022년 ‘이머시브 미디어 랩’을 설립했다. 지난 3월엔 XR 콘텐츠 제작 전용 스튜디오 ‘비전·모션 스테이지’를 선보였다. 이 같은 인프라 구축을 바탕으로 치지직의 다양한 창작자와 협업해 XR 콘텐츠 생태계를 만들어가고 있다.네이버 관계자는 “몰입형 오디오 등을 결합해 홀로그램처럼 실감 나는 콘텐츠 경험을 구현할 수 있도록 기술을 개발 중”이라고 말했다. 오 리더는 “실제 인물에서 가상 캐릭터로, 일방향 콘텐츠에서 상호 몰입형 콘텐츠로, 평면 영상에서 XR로 미디어 경험이 빠르게 진화하고 있다”고 덧붙였다.최영총 기자 youngchoi@hankyung.com",https://www.hankyung.com/article/2025071753581,2025.07.17 17:19
"22일, 거래소 외국인 순매도상위에 전기,전자 업종 5종목",,"외국인 투자자는 22일 거래소에서 두산에너빌리티, 삼성전자, 현대차 등을 중점적으로 매도한 것으로 나타났다.외국인 투자자의 순매도 상위 20개 종목은 두산에너빌리티, 삼성전자, 현대차, 현대로템, 삼성바이오로직스, 기아, POSCO홀딩스, 포스코퓨처엠, 롯데지주, LG이노텍등이다.이중에 전기,전자 업종에 속한 종목이 5개 포함되어 있다.삼성바이오로직스, 롯데지주, 에이피알 등은 전일 대비 주가가 상승했고, 두산에너빌리티, 삼성전자, 현대차 등은 주가가 하락했다.[07월22일]거래소 외국인 순매도 상위 종목한경로보뉴스이 기사는 한국경제신문과 금융 AI 전문기업 씽크풀이 공동 개발한 기사 자동생성 알고리즘에 의해 실시간으로 작성된 것입니다.",https://www.hankyung.com/article/202507225345L,2025.07.22 18:35
자기자본 포함 4배 투자금을 DSR 무관으로 신청 당일 즉시?,,"투자자들 사이에서 ‘스탁론’에 대한 관심이 높아지고 있다. 스탁론은 자기자본 포함 최대 4배까지 활용 가능하며 증권사 신용/미수 대환 용도로도 활용 가능해 대표적인 레버리지 수단으로 자리잡은 상태다.그러나 DSR 한도가 스탁론에도 적용된 후 다른 대출, 소득 증빙 문제로 예전처럼 이용하기 어려워졌다. 이와 함께 높아진 금리도 스탁론 이용을 망설이게 만든 원인으로 꼽힌다.그러나 해결책은 있다. 21년 연속 스탁론 업계 1위를 지키고 있는 하이스탁론이 DSR 무관하게 이용할 수 있는 상품은 물론 연 4%대 최저금리로 이용 가능한 상품까지 취급하며 선택의 폭을 넓힌 것이다.




 

◆ 하이스탁론, 연 4%대 업계 최저금리로 추가 투자금은 물론 신용미수 대환까지!<하이스탁론>에서 누구나 부담 없이 스탁론을 경험할 수 있도록 연 4%대 최저금리 상품을 출시했다. 주식매입 용도는 물론 증권사 미수/신용 대환도 가능하며 신용등급 차등 없이 자기자본 포함 최대 4배까지 활용할 수 있다.이와 함께 DSR 한도 때문에 기존 스탁론 이용이 어려웠던 투자자들은 위한 DSR 무관 상품도 취급 중이다. 또한 장중 거래가 어려웠던 투자자를 위한 대체거래소(NXT) 거래도 가능해졌다.<하이스탁론>의 새로운 상품에 대해 자세히 알고 싶은 투자자는 고객상담센터(1599-0313)로 연락하면 대출 여부와 상관없이 24시간 언제든 전문상담원과 편리한 상담이 가능하다.○ 연 4%대 업계 최저금리 상품 출시○ 대체거래소(NXT) 거래 가능!○ 21년 연속 시장 점유율 1위, 16년 연속 대한민국퍼스트브랜드 대상○ 증권사 신용/미수 실시간 상환, 한종목 100% 집중 투자○ 믿을 수 있는 상담품질보증제※하이스탁론상담센터 : 1599-0313바로가기:https://www.hisl.co.kr/0313◆ 현 시각 관심종목 Top 10 : 삼성전자, HLB, 카카오, 한화오션, 포스코퓨처엠, 알테오젠, 코리아나, MDS테크, 클로봇, 싸이닉솔루션무료상담",https://www.hankyung.com/article/202507224399a,2025.07.23 09:30
"'슬림'해지더니 이정도일 줄은…""벽돌폰"" 갤럭시Z폴드의 반전","갤Z폴드·플립7 사전 판매 '6대 4'
갤Z폴드·플립5는 '3대 7' 비중
얇은 두께가 폴드 모델 인기 견인","모델이 서울 종로구 KT플라자에서 갤럭시 Z 폴드7·Z 플립7을 체험하고 있다. 사진=KT

삼성전자가 갤럭시Z 시리즈를 선보인 이래 처음으로 폴드 모델이 플립보다 높은 판매량을 기록하는 '역전' 현상이 일어났다. 좌우로 접고 펼쳐 대화면을 구현하는 폴드 모델은 위아래로 접고 펼쳐 콤팩트한 사이즈의 플립 모델보다 판매량이 뒤졌는데, 이번 갤럭시Z 7시리즈부터 두께가 확연히 얇아지면서 양상이 달라진 것이다.  22일 업계에 따르면 전체 사전 판매량 중 Z폴드7가 차지하는 비중이 갤럭시Z플립7보다 큰 것으로 집계됐다. SK텔레콤은 Z폴드7가 자사 공식 온라인몰 T 다이렉트샵을 통한 전체 사전 판매량 가운데 66%를 차지했다고 밝혔다. LG유플러스도 Z폴드7과 Z플립7이 약 6대 4 비중을 나타냈다고 했다. KT 사전 판매에서도 Z폴드7가 판매량 절반 이상을 차지했다.지난해까지만 해도 플립의 인기가 폴드를 앞섰다. 삼성전자에 따르면 Z폴드6와 Z플립6의 사전 판매 비중은 4대 6을 기록했다. Z폴드5, Z플립5는 3대 7이었다.폴드 시리즈의 최대 단점이었던 묵직한 두께를 해결하면서 선호도가 높아진 것으로 풀이된다. 기존 갤럭시Z 폴드 모델 두께는 투박한 느낌이 강해 '아재폰' 이미지가 있었다. 하지만 이번 Z폴드7은 두께를 8.9㎜로 줄이면서 바(Bar)형 스마트폰과 비슷한 수준이다. 펼쳤을 때는 4.2㎜에 불과하다.폴드 모델의 경우 남성 고객이 주를 이뤘다. SK텔레콤의 경우 Z폴드·플립7 시리즈 사전 구매자 60% 이상이 30~40대 고객으로 나타났다. 이 가운데 Z폴드7은 남성이 전체 사전 구매자의 약 83%를 차지했다. 반면 Z플립7은 여성 고객이 59%를 차지했다.색상은 두 제품 모두 블루 쉐도우가 인기를 끌었다. SK텔레콤 사전 판매에서는 제트블랙이 Z폴드·플립7 시리즈에서 가장 인기가 높았다.이동통신3사(SK텔레콤·KT·LG유플러스)는 이날부터 갤럭시Z폴드·플립7의 사전개통을 시작한다. 이통3사 모두 고객의 단말 부담을 줄이기 위한 제휴카드 할인이나 출고가 50% 보상 혜택을 준비했다. 특히 SK텔레콤이 10년 만에 시장 점유율 40%가 무너져 이통3사의 고객 유치 경쟁은 더 치열해질 것으로 전망된다.과학기술정보통신부가 발표한 '무선통신서비스 가입자 통계'에 따르면 지난 5월 기준 SK텔레콤의 가입자 수는 2213만8806명으로 전체 이동통신 가입자의 39.2%를 기록했다. 반면 KT는 1341만2662명(23.7%), LG유플러스는 1097만7531명(19.4%)의 가입자를 기록하면서 전달보다 점유율이 각각 0.3%포인트, 0.2%포인트 상승했다.박수빈 한경닷컴 기자 waterbean@hankyung.com",https://www.hankyung.com/article/202507223416g,2025.07.22 14:33
"""협력사 수리기사도 삼성전자서비스 직원""","12년 만에 '정규직 지위' 확정 
대법 ""직접고용 인정 원심 타당""","삼성전자서비스 협력업체에서 근무한 수리기사의 근로자 지위가 대법원에서 확정됐다. 원청인 삼성전자서비스의 지휘·감독 아래 일해온 만큼 직접 고용 의무가 있다는 판단이다. 2013년 1335명의 수리기사가 제기한 근로자 지위 확인 소송 가운데 유일하게 소송을 이어간 1명이 정규직 지위를 인정받으며 12년 만에 최종 승소 판결을 받았다.대법원 3부(주심 이숙연 대법관)는 수리기사 A씨가 삼성전자서비스를 상대로 제기한 근로자 지위 확인 소송에서 원고 일부 승소 판결한 원심을 지난달 12일 확정했다고 21일 밝혔다.A씨는 삼성전자서비스 협력업체 소속으로 2004년 6월부터 삼성전자 제품 수리를 담당했다. 2013년 A씨를 비롯한 1335명의 수리기사는 파견근로자보호 등에 관한 법률을 근거로 정규직 전환과 정규직과의 임금 차액 지급을 요구했다. 이들은 협력업체 소속이더라도 실질적으로는 삼성전자서비스의 지휘와 감독을 받으며 근무해와 묵시적 근로계약 관계가 성립됐다고 주장했다.1심은 원청인 삼성전자서비스의 책임을 인정하지 않았다. 하지만 2심은 수리기사들의 손을 들어줬다. 2심 재판부는 “수리기사들이 일을 시작한 2004년 6월부터 양자 간 파견 관계에 있었고, 파견 기간이 2년을 초과한 2006년 6월부터는 직접 고용된 것으로 봐야 한다”고 판단했다.대법원은 “원심에는 구 파견법상 직접고용 간주 규정에 관한 법리를 오해하는 등으로 판결에 영향을 미친 잘못이 없다”며 판결을 확정했다.황동진 기자 radhwang@hankyung.com",https://www.hankyung.com/article/2025072126781,2025.07.21 17:48
"中에 밀린 LGD, 아이폰이 살린다…3분기 실적 반등 '기대'","LGD, 3분기 OLED 패널 출하량↑
애플향 OLED 패널 출하량 '증가'
중국 BOE 제치고 2위 역전 전망","아이폰16 시리즈. 사진=애플 제공

LG디스플레이 실적이 올 3분기에 들어서면서 개선될 것으로 전망됐다. 아이폰·아이패드 신제품 양산이 시작되면서 애플향 유기발광다이오드(OLED) 패널 출하량이 증가한다는 관측이다. 21일 시장조사업체 유비리서치에 따르면 애플의 신제품 아이폰17 시리즈와 아이패드 프로 모델이 이달 본격 양산에 돌입했다. 이에 따라 LG디스플레이의 3분기 OLED 패널 출하량도 직전 분기보다 대폭 증가할 것으로 예상된다. 2분기만 해도 LG디스플레이의 아이폰용 패널 출하 비중은 21.3%에 그쳤다. 22.7%를 차지한 중국 BOE에 처음으로 밀린 것이다. 이 기간 삼성디스플레이의 아이폰향 패널 출하량 점유율은 56%로 선두를 달렸다. LG디스플레이는 애플에만 중소형 OLED 패널을 공급하고 있다. 주력 제품은 아이폰 프로 제품군에 적용되는 LTPO 패널이다. 이 패널은 BOE가 공급하는 일반 아이폰용 LTPS 패널보다 단가가 높다. 이 때문에 출하량 기준으로는 BOE보다 점유율이 낮았지만 매출만 놓고 보면 여전히 LG디스플레이가 큰 폭으로 우위를 점하고 있다. LG디스플레이는 3분기 아이폰용 패널 출하량이 약 1850만대를 기록할 것으로 보인다. 직전 분기보다 70% 늘어나는 셈이다. 4분기엔 2500만대 이상으로 예상된다. 아이패드용 패널 출하량도 3분기 반등이 시작될 전망이다. 지난해 높은 세트 가격 영향으로 판매량이 저조했던 아이패드 프로 시리즈 신규 모델이 이달 생산되면서 패널 출하량도 2분기보다 2배 늘어난 160만대를 기록할 것으로 보인다. 3분기 애플향 패널 출하량 점유율은 삼성전자 53.3%, LG디스플레이 30.3%, BOE 16.4%로 전망된다.한창욱 유비리서치 부사장은 ""아이폰17 시리즈와 함께 아이패드 프로 신규 OLED 모델도 이달부터 양산에 돌입하고 있어 LG디스플레이 실적이 3분기부터 뚜렷한 반등세를 보일 것""이라며 ""올해 연간 기준으로는 LG디스플레이가 전체 아이폰용 OLED 패널 출하량에서 30% 이상의 점유율을 기록할 것으로 예상된다""고 했다.김대영 한경닷컴 기자 kdy@hankyung.com",https://www.hankyung.com/article/202507211054g,2025.07.21 09:57
이자 폭탄 막자! 증권사 신용대출 3%대 전환으로 절약하는 법,,"전송종목 : 신세계, 농심, 세방전지, 롯데지주, 코스모신소재최근 주식 투자자들 사이에서 주식대출(미수/신용융자 등)의 고금리에 대한 부담이 커지고 있다.특히 저금리를 적용 받고 싶어도, 기존 대출을 상환하고 다시 주식을 매수해야 하는 번거로운 절차와 자금 조달의 어려움이 발목을 잡고 있다.이런 현실적인 문제를 해결하고자, 무빙스탁이 ‘증권사 신용, 대환자금대출’ 서비스를 전격 출시했다.이 상품은 주식을 매도하지 않고도, 기존의 고금리의 주식대출(미수/신용융자 등)의 3%대의 혁신적인 저금리 증권사로 전환할 수 있도록 상환자금을 제공하는 것이 핵심이다.무빙스탁 관계자는 “현재 증권사 이벤트 금리는 연 3%대 수준으로, 기존 9~10%대 고금리를 적용받는 투자자라면 절감 효과가 상당하다”며, 금리를 5%만 낮추면 “1억원 신용대출 기준으로 연간 약 500만원, 3억원이라면 1,500만원까지도 절약할 수 있다”고 밝혔다.더 놀라운 점은, 현재는 이벤트 기간으로 대환자금대출 신청시 발생하는 이자 비용까지 ‘0원’이라는 사실이다. 대환자금에 대해서 하루의 대출이자도 부담하지 않고 기존 고금리 대출을 저금리로 전환할 수 있어, 고금리 부담에 시달리던 투자자들에게 큰 호응을 얻을 전망이다.이 서비스는 부동산 시장에서 흔히 이용되던 대환대출 개념을 증권시장에 도입한 혁신적인 시도로, 주식 투자자들의 자금 운용에 새로운 대안을 제시할 것으로 기대된다.무빙스탁 ‘증권사 신용, 대환자금대출’의 비용 무료 이벤트는 이벤트 기간 동안 한정적으로 제공되는 만큼, 신용융자를 이용 중인 투자자라면 지금 바로 확인해볼 필요가 있다.★ 장마감 시간이 가까워질수록 문의가 많아 상담이 지연될 수 있습니다.★ 7월 문의하신 고객들이 많이 보유하신 종목으로는 삼성전자, POSCO홀딩스, 셀트리온, 포스코퓨처엠, 에코프로비엠, NAVER, 에코프로, 삼성SDI, LG화학, SK하이닉스, 두산에너빌리티, 카카오, SK이노베이션, LG에너지솔루션, 엘앤에프, 삼천당제약, 현대차, 알테오젠, HPSP, LG전자 등이 있습니다.★ 안내사항과도한 빚은 당신에게 큰 불행을 안겨줄 수 있습니다. 대출 시 신용등급 하락으로 다른 금융거래가 제약받을 수 있습니다. 중개수수료를 요구하거나 받는 것은 불법입니다.상호명: ㈜단비대부 2021-서울영등포-2102(대부업) | TEL: 1544-4886 | 대출금리: 연 20%이내(연체금리는 약정금리+3%p이내, 최대 연 20%이내) | 단, 2021. 7. 7.부터 신규체결, 갱신, 연장되는 계약에 한함 | 채무의 조기상환 조건 및 부대비용 없음. (단, 신용조회비용 및 담보권설정비용 있음), 이자 외 별도로 중개수수료를 요구하거나 수취하는 것은 불법입니다. | 대표이사: 박동원 | 사업자등록번호: 274-86-00231 | 등록기관명칭: 서울 영등포구청(담당부서: 일자리경제과, 02-2670-3420) | 소재지 : 서울 영등포구 여의대방로67길 11, 5층 517호 | 개인정보관리자메일: help@danbifund.co.kr무료상담",https://www.hankyung.com/article/202507186000a,2025.07.18 11:38
실적·주주친화 정책에 셀트리온제약 상승세 탄력,,"최근 셀트리온제약 주가가 기관과 외국인 투자자의 매수세에 힘입어 반등에 속도를 내고 있다. 이는 실적 개선 기대와 주주가치 제고 전략이 맞물린 결과라는 평가다.우선, 셀트리온제약은 상반기 실적 발표에서 매출 및 영업이익 모두 전년 동기 대비 큰 폭의 증가세를 보이며 시장 기대치를 상회했다. 주요 신제품의 매출과 증설된 생산 능력이 실적 개선을 견인하면서, 투자자들의 수익성 기대가 높아졌다. 이에 따라 기관 투자자들은 매수 기회를 적극적으로 활용하고 있으며, 외국인 자금 역시 다시 유입되는 흐름을 보이고 있다.이와 함께 회사는 대규모 자사주 매입을 통해 주주환원에 나서고 있다. 올해 들어 여러 차례에 걸쳐 수천억 원 규모의 자사주를 매입했으며, 최근에는 임원과 대주주까지 동참하는 등 강력한 주가 안정 의지를 표명했다. 이 같은 조치는 주가 하단을 지지하고, 투자자 신뢰 회복에도 긍정적 신호로 작용하고 있다.시장은 또 미국의 고관세 및 규제 리스크에도 불구하고, 셀트리온제약이 선제적으로 대응하고 있다는 점도 긍정 요인으로 보고 있다. 회사는 미국 내 생산능력 확대와 재고비축 등에 나서며 의약품 수출 불확실성에 대비하고 있다. 이는 글로벌 시장에서의 안정적인 성장 기반이 여전히 유지되고 있음을 시사한다.한편, 일부 투자자는 공매도 세력 증가 우려를 제기하지만, 자사주 매입과 실적 모멘텀이 이를 상쇄할 수준이라고 평가한다. 시장 전문가들은 “실적과 주주친화 정책이 동시 효과를 낼 경우 중장기 투자 관점에서 주가 회복 가능성이 확대된다”고 분석한다.삼성전자, 두산에너빌리티, 한화솔루션, SK하이닉스, 셀트리온무료상담",https://www.hankyung.com/article/202507210894a,2025.07.21 09:53
"코스피, 트럼프 고율 관세 경계감…3180선 강보합 등락",시진핑 방한 기대감에 화장품株 '급등',"사진=연합뉴스

                코스피지수가 트럼프 행정부의 고율 관세 경계감에 보합권에서 등락하고 있다.14일 오전 9시15분 현재 코스피지수는 전 거래일  대비 7.15포인트(0.23%) 오른 3182.92를 기록 중이다. 지수는 이날 0.01% 하락 출발한 뒤 강보합권에서 오르락 내리락 하고 있다.이는 지난 주말 도널드 트럼프 미국 대통령이 고율 관세를 본격화하는 발언 등을 내놓은 영향으로 풀이된다.트럼프 대통령은 지난 11일(현지시간) 자신의 SNS 계정에 캐나다에 보내는 관세 서한을 공개하면서 관세율을 35%로 책정했다고 밝혔다. 유럽연합(EU)에 보내는 관세 서한도 곧 공개될 예정이다.이에 앞서 트럼프 대통령은 미국 NBC 방송과의 전화 인터뷰에서 ""나머지 모든 국가에 15%든 20%든 관세를 부과할 것이고 우리는 지금 그 비율을정하고 있다""며 전방위적인 '관세 살포'를 예고했다.장 초반 유가증권시장에서 외국인과 기관이 각각 2억원과 870억원 순매도하고 있다. 개인은 794억원 매수우위다.시총 상위주들은 등락이 엇갈리고 있다. 삼성전자(-0.8%), 삼성바이오로직스(-0.47%), LG에너지솔루션(-0.7%), 네이버(-0.79%), 기아(-0.79%), 셀트리온(-0.28%) 등이 떨어지고 있는 반면 SK하이닉스(1.36%), KB금융(1.02%), 현대차(0.48%) 등은 오름세다.시진핑 중국 국가주석이 올 가을 경주에서 열리는 아시아태평양경제협력체(APEC) 정상회의에 참석할 것이라는 기대감이 나오면서 한국화장품(25.99%), 토니모리(9.57%), 한국화장품제조(6.53%) 등이 급등하고 있다.코스닥지수는 소폭 오름세다. 이 시각 현재 코스닥지수는 0.17% 오른 801.85를 기록 중이다. 코스닥시장에선 개인이 886억원 순매수 중이다. 외국인과 기관은 각각 688억원과 93억원 매도우위다.코스닥 시총 상위주들은 대부분 오르고 있다. 알테오젠(0.8%), 에코프로비엠(0.67%), HLB(2.73%), 에코프로(0.53%), 파마리서치(1.43%) 등이 상승하고 있다.원·달러 환율은 소폭 올랐다. 이날 서울 외환시장에서 원·달러 환율은 전 거래일 대비 2.6원 오른 1378.0원에 개장했다.노정동 한경닷컴 기자 dong2@hankyung.com",https://www.hankyung.com/article/2025071458046,2025.07.14 09:19
"10일, 거래소 기관 순매도상위에 운수장비 업종 3종목",,"기관 투자자는 10일 거래소에서 삼성전자, KODEX 200선물인버스2X, 하이브 등을 중점적으로 매도한 것으로 나타났다.기관 투자자의 순매도 상위 20개 종목은 삼성전자, KODEX 200선물인버스2X, 하이브, 두산에너빌리티, 카카오, 현대차, NAVER, 현대건설, KODEX 인버스, 크래프톤등이다.이중에 운수장비 업종에 속한 종목이 3개 포함되어 있다.삼성전자, 카카오, NAVER 등은 전일 대비 주가가 상승했고, KODEX 200선물인버스2X, 하이브, 두산에너빌리티 등은 주가가 하락했다.[07월10일]거래소 기관 순매도 상위 종목한경로보뉴스이 기사는 한국경제신문과 금융 AI 전문기업 씽크풀이 공동 개발한 기사 자동생성 알고리즘에 의해 실시간으로 작성된 것입니다.",https://www.hankyung.com/article/202507101191L,2025.07.10 18:35
"도우인시스 ""폴더블폰 강화유리 사업 강화""",23일 코스닥시장 상장,"초박형 강화유리 제조사 도우인시스가 21일 한국거래소의 코스닥시장 신규상장 승인을 받았다. 도우인시스 액면가는 500원, 공모가격은 3만2000원이다. 거래는 23일부터 시작한다.옥경석 도우인시스 대표는 지난 10일 열린 기자간담회에서 “애플이 내년 폴더블 기기 시장에 뛰어들면서 초박형 강화유리(UTG) 시장 규모가 2028년 7857억원으로 크게 증가할 것”이라며 “사실상 독점적인 양산 기술력을 바탕으로 플렉시블 디스플레이 커버 시장 지배력을 강화하겠다”고 말했다.이 회사는 2019년 세계 최초로 삼성전자 갤럭시 Z플립을 통해 폴더블 6~8인치급 스마트폰용 UTG 상용화에 성공했다. UTG는 디스플레이를 접는 폴더블을 넘어 슬라이더블(두루마리처럼 말아 쓰는 디스플레이), 웨어러블 디바이스(스마트 안경)로까지 범위가 확장되고 있다. 옥 대표는 “도우인시스의 유리원장은 25~100㎛ 두께까지 얇게 가공한 뒤 화학 강화 작업을 거쳐 접히거나 휘는 성질로 변화시키는 독보적 공정 기술을 바탕으로 한다”고 설명했다.도우인시스 UTG는 삼성의 디스플레이 패널에 붙어 글로벌 폴더블 스마트폰 브랜드사에 공급된다. 삼성전자의 ‘Z플립·Z폴드’ 전 시리즈와 구글의 ‘픽셀폴드’ 등에 들어간다.은정진 기자 silver@hankyung.com",https://www.hankyung.com/article/2025072125181,2025.07.21 17:20
"'7만전자' 눈앞…외인 ""하이닉스 팔고 삼성 담았다"" 왜?","이달 삼성전자 1.4조 순매수
엔비디아 등에 HBM 공급 기대 
증권가 ""저점 매수 아직도 유효""","증시 활황세에도 나 홀로 지지부진하던 삼성전자 주가가 기지개를 켜고 있다. 이재용 회장의 사법 리스크 해소와 고대역폭메모리(HBM) 공급 기대, 저평가 매력 등이 부각된 영향이다. 외국인 투자자의 집중 매수에 힘입어 ‘7만전자’ 탈환을 눈앞에 뒀다는 분석이 많다.





                18일 유가증권시장에서 삼성전자는 0.6% 오른 6만7100원에 마감했다. 장중 6만7800원까지 뛰며 올 들어 최고가를 기록하기도 했다. 최근 한 달 동안에만 11.7% 상승해 지난해 9월 이후 10개월 만에 주가가 7만원대에 안착할 것이라는 기대가 커지고 있다.국내 증시 상승장을 이끄는 외국인의 강력한 순매수세가 주가를 밀어 올리는 일등 공신이다. 외국인은 이달 들어서만 전날까지 삼성전자를 1조4787억원어치 순매수했다. 이 기간 압도적인 외국인 순매수 1위다. 올해 1~5월 삼성전자를 4조5613억원어치 팔아치웠으나 매수세로 돌아선 것이다. 반면 기존 ‘톱픽’으로 꼽아온 SK하이닉스는 이달 들어 1658억원어치 매도했다.증권가에서는 삼성전자의 실적과 주가가 바닥을 찍은 가운데 HBM 수혜 기대가 커져 매수세가 몰린다는 분석을 내놓고 있다. 최근 글로벌 금융사 씨티그룹은 파운드리(반도체 수탁생산) 가동률 회복과 HBM3E 12단 제품의 고객사 품질 통과 기대 등을 근거로 삼성전자 목표주가를 8만3000원에서 9만원으로 올려 잡았다. 도널드 트럼프 미국 행정부가 엔비디아의 인공지능(AI) 반도체 H20 중국 수출을 허가한 것도 호재다. 삼성전자는 엔비디아에 H20 등 저사양 AI 반도체용 HBM 제품을 공급하고 있다.노근창 현대차증권 리서치센터장은 “삼성전자 주가는 조정의 마무리 구간”이라며 “올 2분기가 실적 바닥일 것으로 예상되는 만큼 저점 매수가 유효하다”고 했다. SK하이닉스와 달리 HBM 수혜를 충분히 누리지 못한 만큼 저평가 매력이 커 주가 상승 가능성이 높다는 것이다.전날 대법원 무죄 판결로 이 회장의 사법 리스크가 해소된 점도 긍정적이다. 대법원은 부당 합병 및 회계 부정 상고심에서 무죄를 선고한 원심을 확정했다. 앞으로 인수합병(M&A), 조직 개편 등을 통해 삼성전자의 경쟁력이 회복될 것이란 전망이 적지 않다.맹진규 기자 maeng@hankyung.com",https://www.hankyung.com/article/2025071877901,2025.07.18 17:30
"증권사 신용대출, 3%대 금리로 바꾸는 가장 쉬운 방법",,"전송종목 : 삼양홀딩스, 삼천당제약, 삼화페인트, 대원강업, 대동최근 주식 투자자들 사이에서 주식대출(미수/신용융자 등)의 고금리에 대한 부담이 커지고 있다.특히 저금리를 적용 받고 싶어도, 기존 대출을 상환하고 다시 주식을 매수해야 하는 번거로운 절차와 자금 조달의 어려움이 발목을 잡고 있다.이런 현실적인 문제를 해결하고자, 무빙스탁이 ‘증권사 신용, 대환자금대출’ 서비스를 전격 출시했다.이 상품은 주식을 매도하지 않고도, 기존의 고금리의 주식대출(미수/신용융자 등)의 3%대의 혁신적인 저금리 증권사로 전환할 수 있도록 상환자금을 제공하는 것이 핵심이다.무빙스탁 관계자는 “현재 증권사 이벤트 금리는 연 3%대 수준으로, 기존 9~10%대 고금리를 적용받는 투자자라면 절감 효과가 상당하다”며, 금리를 5%만 낮추면 “1억원 신용대출 기준으로 연간 약 500만원, 3억원이라면 1,500만원까지도 절약할 수 있다”고 밝혔다.더 놀라운 점은, 현재는 이벤트 기간으로 대환자금대출 신청시 발생하는 이자 비용까지 ‘0원’이라는 사실이다. 대환자금에 대해서 하루의 대출이자도 부담하지 않고 기존 고금리 대출을 저금리로 전환할 수 있어, 고금리 부담에 시달리던 투자자들에게 큰 호응을 얻을 전망이다.이 서비스는 부동산 시장에서 흔히 이용되던 대환대출 개념을 증권시장에 도입한 혁신적인 시도로, 주식 투자자들의 자금 운용에 새로운 대안을 제시할 것으로 기대된다.무빙스탁 ‘증권사 신용, 대환자금대출’의 비용 무료 이벤트는 이벤트 기간 동안 한정적으로 제공되는 만큼, 신용융자를 이용 중인 투자자라면 지금 바로 확인해볼 필요가 있다.★ 장마감 시간이 가까워질수록 문의가 많아 상담이 지연될 수 있습니다.★ 7월 문의하신 고객들이 많이 보유하신 종목으로는 삼성전자, POSCO홀딩스, 셀트리온, 포스코퓨처엠, 에코프로비엠, NAVER, 에코프로, 삼성SDI, LG화학, SK하이닉스, 두산에너빌리티, 카카오, SK이노베이션, LG에너지솔루션, 엘앤에프, 삼천당제약, 현대차, 알테오젠, HPSP, LG전자 등이 있습니다.★ 안내사항과도한 빚은 당신에게 큰 불행을 안겨줄 수 있습니다. 대출 시 신용등급 하락으로 다른 금융거래가 제약받을 수 있습니다. 중개수수료를 요구하거나 받는 것은 불법입니다.상호명: ㈜단비대부 2021-서울영등포-2102(대부업) | TEL: 1544-4886 | 대출금리: 연 20%이내(연체금리는 약정금리+3%p이내, 최대 연 20%이내) | 단, 2021. 7. 7.부터 신규체결, 갱신, 연장되는 계약에 한함 | 채무의 조기상환 조건 및 부대비용 없음. (단, 신용조회비용 및 담보권설정비용 있음), 이자 외 별도로 중개수수료를 요구하거나 수취하는 것은 불법입니다. | 대표이사: 박동원 | 사업자등록번호: 274-86-00231 | 등록기관명칭: 서울 영등포구청(담당부서: 일자리경제과, 02-2670-3420) | 소재지 : 서울 영등포구 여의대방로67길 11, 5층 517호 | 개인정보관리자메일: help@danbifund.co.kr무료상담",https://www.hankyung.com/article/202507248240a,2025.07.24 11:38
"주식 매도 없이 신용이자 연 1,500만 원 줄이는 비법",,"전송종목 : 대한전선, 현대해상, 대상, SK네트웍스, 오리온홀딩스최근 주식 투자자들 사이에서 주식대출(미수/신용융자 등)의 고금리에 대한 부담이 커지고 있다.특히 저금리를 적용 받고 싶어도, 기존 대출을 상환하고 다시 주식을 매수해야 하는 번거로운 절차와 자금 조달의 어려움이 발목을 잡고 있다.이런 현실적인 문제를 해결하고자, 무빙스탁이 ‘증권사 신용, 대환자금대출’ 서비스를 전격 출시했다.이 상품은 주식을 매도하지 않고도, 기존의 고금리의 주식대출(미수/신용융자 등)의 3%대의 혁신적인 저금리 증권사로 전환할 수 있도록 상환자금을 제공하는 것이 핵심이다.무빙스탁 관계자는 “현재 증권사 이벤트 금리는 연 3%대 수준으로, 기존 9~10%대 고금리를 적용받는 투자자라면 절감 효과가 상당하다”며, 금리를 5%만 낮추면 “1억원 신용대출 기준으로 연간 약 500만원, 3억원이라면 1,500만원까지도 절약할 수 있다”고 밝혔다.더 놀라운 점은, 현재는 이벤트 기간으로 대환자금대출 신청시 발생하는 이자 비용까지 ‘0원’이라는 사실이다. 대환자금에 대해서 하루의 대출이자도 부담하지 않고 기존 고금리 대출을 저금리로 전환할 수 있어, 고금리 부담에 시달리던 투자자들에게 큰 호응을 얻을 전망이다.이 서비스는 부동산 시장에서 흔히 이용되던 대환대출 개념을 증권시장에 도입한 혁신적인 시도로, 주식 투자자들의 자금 운용에 새로운 대안을 제시할 것으로 기대된다.무빙스탁 ‘증권사 신용, 대환자금대출’의 비용 무료 이벤트는 이벤트 기간 동안 한정적으로 제공되는 만큼, 신용융자를 이용 중인 투자자라면 지금 바로 확인해볼 필요가 있다.★ 장마감 시간이 가까워질수록 문의가 많아 상담이 지연될 수 있습니다.★ 7월 문의하신 고객들이 많이 보유하신 종목으로는 삼성전자, POSCO홀딩스, 셀트리온, 포스코퓨처엠, 에코프로비엠, NAVER, 에코프로, 삼성SDI, LG화학, SK하이닉스, 두산에너빌리티, 카카오, SK이노베이션, LG에너지솔루션, 엘앤에프, 삼천당제약, 현대차, 알테오젠, HPSP, LG전자 등이 있습니다.★ 안내사항과도한 빚은 당신에게 큰 불행을 안겨줄 수 있습니다. 대출 시 신용등급 하락으로 다른 금융거래가 제약받을 수 있습니다. 중개수수료를 요구하거나 받는 것은 불법입니다.상호명: ㈜단비대부 2021-서울영등포-2102(대부업) | TEL: 1544-4886 | 대출금리: 연 20%이내(연체금리는 약정금리+3%p이내, 최대 연 20%이내) | 단, 2021. 7. 7.부터 신규체결, 갱신, 연장되는 계약에 한함 | 채무의 조기상환 조건 및 부대비용 없음. (단, 신용조회비용 및 담보권설정비용 있음), 이자 외 별도로 중개수수료를 요구하거나 수취하는 것은 불법입니다. | 대표이사: 박동원 | 사업자등록번호: 274-86-00231 | 등록기관명칭: 서울 영등포구청(담당부서: 일자리경제과, 02-2670-3420) | 소재지 : 서울 영등포구 여의대방로67길 11, 5층 517호 | 개인정보관리자메일: help@danbifund.co.kr무료상담",https://www.hankyung.com/article/202507186005a,2025.07.18 14:23
"효도계약, 어떻게 준비해야 하나 [조웅규의 상속인사이트]",갑작스러운 사별과 재산 증여의 딜레마,"한경 로앤비즈의 'Law Street' 칼럼은 기업과 개인에게 실용적인 법률 지식을 제공합니다. 전문 변호사들이 조세, 상속, 노동, 공정거래, M&A, 금융 등 다양한 분야의 법률 이슈를 다루며, 주요 판결 분석도 제공합니다.




사진=게티이미지뱅크

                A와 B는 금슬 좋기로 소문난 70대 부부였다. 슬하에 혼인한 자녀 한 명을 두고 있었던 이들에게 불행이 닥쳤다. A가 불의의 사고로 먼저 세상을 떠난 것이다. B는 갑작스러운 배우자의 사망에 큰 충격을 받았다. 평소 앓고 있던 지병까지 악화되어 혼자서는 거동이 어려운 상황에서, 다른 사람의 도움이 절실했다.B에게는 A로부터 유증받은 반포 아파트 한 채가 전 재산이었다. 이에 자녀와 사위는 ""추후 상속 시 막대한 세금이 발생할 수 있으니 지금 미리 증여하면, 간병비·병원비·생활비 등을 책임지겠다""고 제안했다. B는 이 말을 믿고 아파트를 증여해도 될까?  25년 전 세율, 지금도 그대로서울 강남 아파트 15채를 상속해야 50%의 최고세율이 적용되던 시절에 정해진 상속세율과 누진 과표 구간은 25년이 지난 지금도 그대로다. 이제는 서울 중심부 아파트 한 채만으로도 상속세 최고세율이 적용되는 시대가 됐다. 누구에게나 상속은 언젠가 닥칠 일이고, 평생 이룬 재산에 대한 상속세 부담은 결코 작지 않다. 특히 부동산은 시간이 지날수록 가치가 오르기에, '미리 증여하지 않으면 더 많은 세금이 부과될 수 있다'는 생각은 충분히 타당하다.그렇다고 무턱대고 자녀에게 재산을 증여하는 것이 능사는 아니다. 부모의 재산을 증여받은 뒤 약속을 지키지 않거나 오히려 관계가 멀어지는 사례가 빈번하기 때문이다. 두 달 넘게 이어지고 있는 콜마그룹 부자 간의 증여주식 반환 소송이 대표적이다. 창업주 윤 회장은 여전히 그룹 회장의 지위를 유지하고 있지만, 콜마홀딩스 주식을 자녀들에게 증여한 이후 경영에 대한 영향력은 크게 줄어들었다. 이러한 사례를 접하며, 많은 부모들은 '재산은 마지막까지 직접 소유해야 한다'는 생각을 갖게 된다.  법적 안전장치가 핵심그럼에도 불구하고, 대부분의 자녀들은 부모와의 약속을 성실히 지키며, 생전 증여는 절세와 분쟁 방지를 위해 실질적인 장점이 있다. 다만 자산을 이전하기 전, 법적 안전장치를 마련하는 것이 핵심이다.민법상 증여계약은 서면으로 증여의 의사가 표시되지 않은 경우 언제든지 해제할 수 있다. 수증자가 증여자 또는 그 배우자나 직계혈족에 대한 범죄행위를 하거나 부양의무를 이행하지 않는 경우, 증여계약 후 증여자의 재산상태가 변경되어 생계에 중대한 영향을 미칠 경우에도 증여자는 증여를 해제할 수 있다. 증여계약에는 이처럼 일정한 사유가 있으면 증여자가 일방적으로 계약을 해제할 수 있는 특수한 해제권이 인정된다. 다만, 위와 같은 해제권을 행사하더라도 이미 이행된 부분은 되돌릴 수 없다는 점에서 한계가 있다.이와 달리, 부담부증여의 경우 상대방에게 일정한 급부의무를 부담하도록 하기에 쌍무계약에 관한 법리가 준용되어 계약을 해제하면 이미 이행된 부분도 되돌릴 수 있다. 대법원도 같은 취지에서, ""부담부증여에 있어서는 쌍무계약에 관한 규정이 준용되어 부담의무 있는 상대방이 자신의 의무를 이행하지 아니할 때에는 비록 증여계약이 이행되어 있다 하더라도 그 계약을 해제할 수 있다(대법원 1996. 1. 26. 선고 95다43358 판결)""고 판시하고 있다.  '효도계약'의 실체위 사례에서 자녀가 간병비·병원비·생활비를 책임지겠다는 약속을 '부담'으로 설정하고, B가 이를 조건으로 아파트를 증여했다면, 자녀가 그 약속을 지키지 않을 경우 B는 증여계약을 해제하고 아파트 소유권을 되돌려 받을 수 있다. 이러한 형태의 증여를 소위 '효도계약'이라 한다.효도계약을 잘 설계하면, 부모는 생전에 자녀로부터 돌봄을 받으며 여생을 보낼 수 있고, 상속세를 절세하면서 미리 재산을 이전할 수 있는 방법이 될 수 있다. 콜마그룹 사태에서도 핵심은, 윤 회장과 자녀들 사이에 있었던 회사 경영에 관한 합의가 콜마홀딩스 주식 증여의 '부담'에 해당하는지 여부다. 만약, 그 합의가 부담으로 인정되고, 그러한 부담이 증여계약의 목적 달성에 중요한 내용임에도 자녀가 이를 위반했다면, 윤회장은 이를 이유로 증여계약을 해제하고 그 반환을 구할 수 있을 것이다.실무에서는 효도계약 위반을 이유로 소가 제기되어도, 부모가 패소하는 경우가 많다. 효도계약서에 자녀들의 의무가 구체적으로 명시되지 않았거나, 그 의무가 증여계약의 목적 달성에 중요한 반대급부라는 점을 입증하지 못하는 경우가 많기 때문이다. 따라서 효도계약을 준비할 때는 전문가의 도움을 받아 향후 분쟁에 철저히 대비할 필요가 있다.  신탁제도, 더 안전한 대안보다 안전하고 신속한 자산 승계 방식으로 신탁제도를 활용할 수 있다. 신탁은 수탁자를 통해 수익자의 의무 이행 여부를 점검한 뒤 재산을 이전할 수 있으므로, 효도계약의 목적을 보다 안전하게 실현할 수 있다. 예컨대, 부담부증여는 자녀가 부담을 이행하지 않아 증여계약을 해제하더라도 자녀가 재산반환을 거부하면 소송을 해야만 재산을 회복할 수 있는데, 신탁은 수탁자가 자녀의 부담 불이행을 판단해서 재산 이전 자체를 차단할 수 있다. 특히, 신탁선언 방식을 활용하면, 부모가 스스로 수탁자가 되므로 신탁보수도 대폭 절감할 수 있다.재산 증여는 단순히 세금을 줄이는 것만이 목적이 아니다. 부모와 자녀 간의 신뢰와 책임이 바탕이 되어야 한다. 효도계약이든 신탁제도든, 법적 안전장치를 철저히 마련하되 무엇보다 가족 간의 소통과 이해가 우선되어야 할 것이다. 





조웅규 법무법인(유한) 바른 파트너 변호사 l 서울대 법학대학 학사, 동 대학원 석사(민법/신탁법 전공)를 졸업하고 University of California Los Angeles에서 1년간 연수했다. 상속자문·상속분쟁·기업승계 등 자산관리와 자산승계 분야 전문 변호사로 대기업 및 중견·중소기업 오너 일가의 상속재산분할, 유류분 반환청구 등 다수의 상속분쟁 및 상속자문을 성공적으로 수행했다. 국내 최초로 로펌 내 종합자산관리센터인 'Estate Planning Center'의 설립을 주도하여 현재 자산승계본부 본부장을 맡고 있다. 중견기업연합회, 중소기업중앙회, 삼성전자, 삼성생명, 서울대 법학전문대학원, 성균관대, 부산외국어대 최고국제경영자과정(AMP), 전미한인공인회계사협회, 어바인 한인상공회의소 등에서 많은 강의 경력을 가지고 있다.",https://www.hankyung.com/article/202507186618i,2025.07.18 10:35
수급과 기술적 지표 모두 양호한 종목은?,,"경유레카는 한국경제신문의 디지털 미디어인 한경닷컴에서 개발한 개별 종목에대한인공지능(AI) 알고리즘 업체의 투자 의견을 종합한 'AI 컨센서스'를 제공하는 서비스입니다. '한경유레카' 앱은 구글 플레이 스토어 혹은 앱스토어에서 내려받을 수 있습니다.





종목추천 서비스 종합 플랫폼 한경유레카에 입점한 파봇랭크가 전거래일(18일) 태경비케이를 추천하여 수익률 12.8%를 기록했다.파봇랭크는 10년간의 증권사리포트 데이터 기반으로 모멘텀 및 펀더멘탈 데이터를 추가해 자체적으로 만든 파봇점수로 종목을 분석하는 알고리즘이다.파봇랭크는 태경비케이에 대해 외국인의 수급이 증가하는 추세이고 기술적 지표로 보아도 상승추세를 보이고 있어 해당 종목을 추천했다고 전했다.한경유레카에서 신규가입을 하고 파봇랭크를 구독하면 1개월간 무료로 추천종목을 문자로 받아볼 수 있다.  본 글은 투자 참고용입니다.두산에너빌리티 유한양행 NHN KCP 포스코퓨처엠 삼성전자",https://www.hankyung.com/article/202507210768a,2025.07.21 09:51
신용대출 이자 절감 꿀팁! 증권사 3%대 대출 전환법 공개,,"전송종목 : 카카오, JYP Ent.",https://www.hankyung.com/article/202507223173a,2025.07.22 10:28
"""삼성 감 다 살아났네""…'11초 숏폼 광고'에 열광하는 까닭","갤Z폴드7 숏폼 광고에 누리꾼들 '호응'
역대급 두께 광고 통해 연이어 강조","영상=삼성전자 유튜브 계정 갈무리 

삼성전자가 소셜미디어(SNS)를 통해 공개한 숏폼 광고영상이 누리꾼들 사이에서 호응을 끌어내고 있다. 갤럭시Z폴드7의 얇은 두께를 직관적으로 드러낸 점이 긍정적인 평가를 받고 있는 것이다.14일 업계에 따르면 삼성전자는 지난 11일 공식 유튜브 계정에 신제품의 얇기를 보여주는 영상을 올렸다. 이 영상을 보면 파란 스트라이프 티셔츠를 입은 여성의 상체가 3초간 비춰진다. 이후 천천히 줌아웃되며 갤럭시Z폴드7를 들고있는 여성의 손이 드러난다. 갤럭시Z폴드7가 옷 줄무늬에 가려질만큼 얇다는 것을 강조했다.
                    



삼성전자가 갤럭시Z폴드7의 얇기는 자랑하는 숏폼 광고를 선보였다. 영상=삼성전자 유튜브 계정 갈무리 

                이 영상을 본 누리꾼들은 ""백만년 만에 잘 뽑은 광고""라거나 ""삼성 이번엔 감다살(감이 다 살았다)이다"", ""광고는 이렇게 만들어야 한다""는 등의 반응을 보였다.
                    



삼성전자가 갤럭시Z폴드7의 얇기는 자랑하는 숏폼 광고를 선보였다. 영상=삼성전자 유튜브 계정 갈무리 

                삼성전자는 이 외에도 두께를 강조한 숏폼 영상을 연이어 공개했다. LP판 여러 장이 꽂혀있는 책장에서 위화감 없이 갤럭시Z폴드7를 꺼내거나 파란 형광펜으로 길게 세로 줄을 그은 자리에 갤럭시Z폴드7가 나타나는 모습을 영상으로 담았다. 신제품 두께가 LP판, 형광펜 펜촉만큼 얇다는 점을 강조한 것이다.
                    



삼성전자가 갤럭시Z폴드7의 얇기는 자랑하는 숏폼 광고를 선보였다. 영상=삼성전자 유튜브 계정 갈무리 

                반면 삼성전자만큼 얇은 폴더블폰을 선보인 중국 기업 오포는 두께보다 무게와 내구성을 강조하는 광고를 선보였다. 예컨대 바람이 나오는 송풍기 위에 오포 파인드 N5를 올려 '날으는 휴대폰을 본 적이 있나요?'라고 물어보거나 전면을 펼친 오포 파인드 N5의 힌지 부분에 20kg 바벨을 올려두고 '누가 폴더블은 깨지기 쉽다고 했나요?'라고 질문을 던지는 내용을 담았다. 두께만을 강조하는 삼성전자 숏폼 영상과는 차이가 있다. 
                    



오포가 폴더블폰 파인드 N5의 무게와 내구성을 강조하는 숏폼 광고를 선보였다. 사진=오포 유튜브 계정 갈무리 

                Z폴드7은 역대 갤럭시Z폴드 시리즈 중 가장 얇고 가볍다. 두께는 접었을 때 8.9㎜, 펼쳤을 때 4.2㎜다. Z폴드6보다 각각 3.2㎜, 1.4㎜씩 얇아진 셈이다. 오포 파인드 N5와 같은 두께를 자랑한다. 가장 얇은 초슬림 폴더블폰으로 알려진 매직 V5보다는 0.1㎜ 두꺼운 정도다.외신은 갤럭시Z폴드7에 대해 두께와 무게를 줄이며 폰드폰의 한계를 극복했다고 평가한다. 로이터 통신은 ""Z폴드7의 경우 전작보다 무게가 10% 줄고 두께는 26% 얇아졌는데 분석가들은 신제품이 폴더블폰의 단점이던 부피와 무게 문제를 일부 해결했다고 평가한다""고 했다.IT 매체 더버지도 ""Z폴드7은 Z폴드6와 비교하면 하늘과 땅 차이""라며 ""Z폴드7은 훨씬 얇으면서 가벼워졌고 Z폴드6는 크고 뚱뚱한 돌덩이처럼 보인다""고 평가했다. 안드로이드헤드라인은 ""마침내 오포 파인드 N5나 매직 V5와 같은 중국산 폴더블폰과 경쟁할 수 있는 경쟁력을 확보하게 됐다""고 봤다.삼성전자는 갤럭시Z폴드·플립7을 오는 15일부터 21일까지 사전 예약을 받고 이달 25일 공식 출시된다.박수빈 한경닷컴 기자 waterbean@hankyung.com",https://www.hankyung.com/article/202507145982g,2025.07.14 13:42
[특파원 칼럼] 관세전쟁으로 기업·정부 밀착,이상은 워싱턴 특파원,"어떤 단어가 갑자기 낯설어질 때가 있다. 이전엔 흔히 쓰이던 ‘다국적기업’이란 표현이 그중 하나다. 본사가 있는 나라를 넘어 다른 나라에서 사업하기 위해 법인을 세우고, 물건이나 서비스를 파는 것은 자연스러운 기업의 확장 경로다.다국적기업이라는 말에 새삼 거리감이 느껴지는 것은 관세전쟁 때문이다. 인공지능(AI)에 다국적기업의 대표적 사례를 들어보라고 하면 제너럴모터스(GM)나 코카콜라 등을 첫손에 꼽는다. 이들 회사가 스스로를 세계인의 사랑을 받는 다국적기업, 글로벌 기업으로 포지셔닝하던 시절은 갔다. 도널드 트럼프 미국 대통령 치하의 워싱턴DC에서 기업을 분류하는 첫 번째 기준은 미국 기업이냐, 아니냐다. 기업의 국적 따지는 시대기업들도 더 이상 국적을 넘어선 존재가 되려 하지 않는다. 이 전쟁에서 불리한 위치를 최대한 피하고, 유리한 위치를 점하려면 정부와 밀착해야 한다. 관세전쟁 국면에서 미국 기업은 저마다 트럼프 정부에 ‘이 나라를 손봐달라’ ‘저 나라의 규제를 없애달라’는 민원을 넣기 바쁘다. 관세협상 초기 미국 측이 한국에 통지한 협상안 중에는 ‘한국 근로자의 소득이 미국보다 낮은 만큼 양국 산업의 경쟁력에 차이가 발생하기 때문에 이를 보정하기 위해 관세를 부과해야 한다’는 요지의 내용까지 있었다고 한다.2차 세계대전 후 세계는 자유무역을 신봉했다. 글로벌 기업은 이 바람을 타고 각국을 누볐다. 구글 애플 등 미국 기업이 선두에 섰고, 한국의 삼성전자 LG전자 현대자동차 등도 그 대열에 합류했다. 매출과 이익이 발생하는 장소를 유연하게 결정할 수 있었고 법인세 인하 경쟁이 벌어졌다.기세가 꺾인 것은 글로벌 금융위기 때부터다. 유엔무역개발회의(UNCTAD) 자료에 따르면 2010년부터 2022년까지 전 세계 외국인직접투자(FDI)는 연평균 1% 미만 증가(기저추이 기준)하는 데 그쳤다. 지난해 전 세계 FDI 총액(1조4000억달러)은 전년 대비 11% 늘었지만, 유럽 지역의 중개경제를 통한 금융 흐름을 제외하면 8% 감소했다. 특히 신규 프로젝트 투자는 금액 기준으로 7% 줄어들었다. 미·중 갈등으로 시장이 분절되고 보호무역이 심화되면 기업이 공격적으로 해외 투자를 늘리기는 점점 더 힘들어질 것이다. 시장 중심 사고방식 후퇴 우려시장을 중심에 두는 사고도 한 발짝 후퇴하고 있다. 정부와 기업이 ‘한 팀’이 돼야 한다는 주문이 자연스러워졌다. 기업의 투자 내용을 취합해 협상 전략을 마련하는 과정에서 정부가 기업을 독려하거나 압박하는 것, 반대로 기업의 이익을 위해 정부가 다른 분야에 희생을 감내하도록 요구하는 것이 모두 허용되는 분위기다. 신속하게, 비공개로 결정이 이뤄져야 하다 보니 기존 절차는 모두 요식행위로 전락했다. 최고경영자와 함께 판단의 책임을 져야 할 이사회나 주주들은 들러리 신세다. ‘미국을 다시 위대하게’(MAGA) ‘유럽을 다시 위대하게’(MEGA) 등 제각기 자기 공동체를 우선하자면서 기업에 애국심을 요구하는 목소리가 커지고 있다. 정치가 경제를 쥐고 흔드는 형국이다.한국은 아직 주주 자본주의가 뿌리내렸다고 하기 어려운 상태에서 세계의 시곗바늘이 거꾸로 돌아가고 있다. 아무리 정치의 목소리가 커져도 시장경제의 원리는 그대로다. 본질이 잊히지 않았으면 한다.",https://www.hankyung.com/article/2025072125771,2025.07.21 17:32
"[속보] '경영권 불법승계' 이재용, 무죄 확정…대법, 檢 상고 기각",,"[속보] '경영권 불법승계' 이재용, 무죄 확정…대법, 檢 상고 기각장서우 기자",https://www.hankyung.com/article/202507174345i,2025.07.17 11:31
AI 호황 타고 반도체 소부장 '불꽃'…HBM·DDR5 수요에 실적 기대↑,,"엔비디아가 글로벌 상장사 최초로 시가총액 4조달러를 돌파하며 인공지능(AI) 반도체 열풍을 이끄는 가운데, 국내 반도체 소재·부품·장비(소부장) 종목들도 뜨거운 상승세를 보이고 있다. SK하이닉스가 고대역폭메모리(HBM) 시장에서 독보적 지위를 강화하며 사상 최고가를 기록하고, 삼성전자 역시 레거시 반도체 회복 기대감 속 반등 가능성이 제기되면서 반도체 전반에 대한 투자심리가 살아나고 있는 모습이다.국내 반도체주 53개 종목의 시가총액은 한 달 새 5조원 이상 증가했으며, 이오테크닉스·해성디에스를 포함한 다수 소부장 종목들이 20~40%대 주가 상승률을 기록했다. 특히 AI 반도체 수요와 DDR5 전환 흐름, 전통적 성수기 진입 등이 맞물리면서 HBM 관련 장비, D램 패키지 기판 공급 기업 등에 대한 관심이 집중되고 있다. 여기에 외국인과 기관의 순매수세가 강하게 유입되며 상승세에 힘을 더했다.전문가들은 국내 메모리 반도체 산업의 업황 회복세와 더불어 중국 등 글로벌 수요 확대, 주문형 반도체(ASIC) 시장 성장 등을 반도체 소부장 강세의 주요 요인으로 꼽는다. 국내 기업들의 기술력과 고객 다변화 전략이 강화되면서 구조적 성장 기반이 만들어지고 있다는 분석이다. 이와 함께 투자자들은 TSMC와 협력 중인 설계 전문 기업, 중국향 공급 비중이 높은 업체 등으로 포트폴리오를 확대해 나가고 있다.한편, 스탁론에 대한 관심이 날로높아지고 있다. 모처럼 잡은 투자기회를 놓치지 않으려는 투자자들이 주식매입을 위해 더 많은 자금을 활용할 수 있는 스탁론으로 눈길을 돌리고 있기 때문이다. 현 주가는 실적을 따라가지 못하고 있는 상황으로, 밸류에이션 리레이팅이 필요한 시기라는 평가도 나오고 있다.




 

◆ 올뉴스탁론, DSR 무관 상품에 연 4%대 최저금리 상품으로 다양한 선택지를!올뉴스탁론에서 투자자들 누구나 부담 없이 스탁론을 경험할 수 있도록 연 4%대 업계 최저금리로 이용 가능한 증권 연계신용 상품을 출시했다. 주식매입은 물론 증권사 미수/신용 대환 모두 가능하며 신용등급 차등 없이 자기 자본 포함 최대 4배까지 활용할 수 있다.이와 함께 DSR 한도 때문에 기존 스탁론 활용이 어려웠던 투자자들을 위한 DSR 무관 상품도 취급 중이다. 또한 장중 거래가 어려웠던 투자자를 위한 대체거래소(NXT) 거래도 가능해졌다.올뉴스탁론에 대해 자세히 알고 싶은 투자자는 고객상담센터(☎1599-8666)로 연락하면 대출 여부와 무관하게 언제든 전문상담원과 편리하게 상담할 수 있다.○ 보유하고 있는 대출액이나 소득 무관하게! (DSR 무관)○ 최대 4배 주식자금 활용 가능! (본인 자금 포함)○ 대체거래소(NXT) 거래 가능!○ 증권 신용/미수 당일 즉시 대환 가능!○ 기존 증권사 신용, 스탁론으로 매수가 어려웠던 종목도 OK!※ 올뉴스탁론 고객상담센터 : 1599-8666바로가기 : https://allnewstockloan.co.kr?agency=HTS◆ 현 시각 관심종목 Top 10 : 삼성전자, HLB, 카카오, 한화오션, 포스코퓨처엠, 알테오젠, 코리아나, MDS테크, 클로봇, 싸이닉솔루션무료상담",https://www.hankyung.com/article/202507174546a,2025.07.18 11:00
이자 부담 최소화! 증권사 신용대출 3%대로 바꾸는 절호의 기회,,"전송종목 : 아이에스동서, CJ씨푸드, 부산산업, 현대코퍼레이션, 신성이엔지최근 주식 투자자들 사이에서 주식대출(미수/신용융자 등)의 고금리에 대한 부담이 커지고 있다.특히 저금리를 적용 받고 싶어도, 기존 대출을 상환하고 다시 주식을 매수해야 하는 번거로운 절차와 자금 조달의 어려움이 발목을 잡고 있다.이런 현실적인 문제를 해결하고자, 무빙스탁이 ‘증권사 신용, 대환자금대출’ 서비스를 전격 출시했다.이 상품은 주식을 매도하지 않고도, 기존의 고금리의 주식대출(미수/신용융자 등)의 3%대의 혁신적인 저금리 증권사로 전환할 수 있도록 상환자금을 제공하는 것이 핵심이다.무빙스탁 관계자는 “현재 증권사 이벤트 금리는 연 3%대 수준으로, 기존 9~10%대 고금리를 적용받는 투자자라면 절감 효과가 상당하다”며, 금리를 5%만 낮추면 “1억원 신용대출 기준으로 연간 약 500만원, 3억원이라면 1,500만원까지도 절약할 수 있다”고 밝혔다.더 놀라운 점은, 현재는 이벤트 기간으로 대환자금대출 신청시 발생하는 이자 비용까지 ‘0원’이라는 사실이다. 대환자금에 대해서 하루의 대출이자도 부담하지 않고 기존 고금리 대출을 저금리로 전환할 수 있어, 고금리 부담에 시달리던 투자자들에게 큰 호응을 얻을 전망이다.이 서비스는 부동산 시장에서 흔히 이용되던 대환대출 개념을 증권시장에 도입한 혁신적인 시도로, 주식 투자자들의 자금 운용에 새로운 대안을 제시할 것으로 기대된다.무빙스탁 ‘증권사 신용, 대환자금대출’의 비용 무료 이벤트는 이벤트 기간 동안 한정적으로 제공되는 만큼, 신용융자를 이용 중인 투자자라면 지금 바로 확인해볼 필요가 있다.★ 장마감 시간이 가까워질수록 문의가 많아 상담이 지연될 수 있습니다.★ 7월 문의하신 고객들이 많이 보유하신 종목으로는 삼성전자, POSCO홀딩스, 셀트리온, 포스코퓨처엠, 에코프로비엠, NAVER, 에코프로, 삼성SDI, LG화학, SK하이닉스, 두산에너빌리티, 카카오, SK이노베이션, LG에너지솔루션, 엘앤에프, 삼천당제약, 현대차, 알테오젠, HPSP, LG전자 등이 있습니다.★ 안내사항과도한 빚은 당신에게 큰 불행을 안겨줄 수 있습니다. 대출 시 신용등급 하락으로 다른 금융거래가 제약받을 수 있습니다. 중개수수료를 요구하거나 받는 것은 불법입니다.상호명: ㈜단비대부 2021-서울영등포-2102(대부업) | TEL: 1544-4886 | 대출금리: 연 20%이내(연체금리는 약정금리+3%p이내, 최대 연 20%이내) | 단, 2021. 7. 7.부터 신규체결, 갱신, 연장되는 계약에 한함 | 채무의 조기상환 조건 및 부대비용 없음. (단, 신용조회비용 및 담보권설정비용 있음), 이자 외 별도로 중개수수료를 요구하거나 수취하는 것은 불법입니다. | 대표이사: 박동원 | 사업자등록번호: 274-86-00231 | 등록기관명칭: 서울 영등포구청(담당부서: 일자리경제과, 02-2670-3420) | 소재지 : 서울 영등포구 여의대방로67길 11, 5층 517호 | 개인정보관리자메일: help@danbifund.co.kr무료상담",https://www.hankyung.com/article/202507108874a,2025.07.10 11:38
"LG전자, HBM 본더 개발…공급망 경쟁 참전",,"영상 모듈 닫기




<앵커>LG전자가 고대역폭메모리(HBM) 생산에 필수적인 장비인 하이브리드 본더 개발에 착수했습니다.한미반도체가 사실상 독점했던 시장에 후발주자로 나서면서 공급망 경쟁도 한층 치열해질 전망입니다.취재기자와 자세히 살펴보겠습니다. 산업부 김대연 기자 나와 있습니다.김 기자, LG전자가 HBM 본더 시장에 뛰어든 이유가 무엇입니까?<기자>'AI'와 '기업간거래(B2B)', 크게 2가지 때문입니다.우선 글로벌 빅테크를 중심으로 HBM 수요가 급증하고 있죠.AI 열풍이 HBM 시장의 성장 동력으로 작용하고 있습니다.당연히 반도체를 만들 때 필요한 장비의 수요도 많아졌는데요.LG전자가 미래 성장 사업으로 하이브리드 본더를 점찍은 겁니다.특히 LG전자의 B2B 사업 전략과도 맞아떨어집니다.최근 LG전자는 전장과 냉난방공조(HVAC) 등 B2B 사업을 강화 중인데요.B2B 사업 비중을 오는 2030년 45%로, 지난해보다 10%p 확대할 계획입니다.하이브리드 본더 장비 개발은 LG전자 생산기술원(PRI)이 맡았는데요.이곳에선 반도체 기판 패키징과 검증용 장비를 개발해 판매하고 있습니다.하지만 연구 개발 단계인 만큼 구체적인 양산 시점은 밝히지 않았고요.LG전자 관계자는 ""하이브리드 본더 사업화 여부는 검토 중""이라고 전했습니다.<앵커>하이브리드 본더가 어떤 제품이길래 주목받는 거죠?<기자>차세대 HBM 제조에 핵심이 될 장비입니다.기존 HBM 생산 공정에서는 주로 TC본더가 활용되는데요.D램을 수직으로 쌓아 올릴 때 열과 압력을 가해 고정하는 역할입니다.칩과 칩을 연결하는 정밀한 작업인 만큼 TC본더 성능은 HBM 수율과도 직결됩니다.그런데 하이브리드 본더는 TC본더보다 업그레이드 된 제품이고요.'꿈의 장비'라고도 불립니다.현재는 D램과 D램 사이에 '범프'를 넣어 결합하거든요.하이브리드 본더는 범프 없이 D램을 직접 포개어 붙일 수 있습니다.그래서 칩의 두께도 한층 얇아지고, 발열까지 감소하는 게 장점으로 꼽힙니다.하이브리드 본더 시장의 성장성도 높게 평가받는데요.베리파이드마켓리서치에 따르면 지난해 7조 2,600억 원에서 오는 2033년 19조 3,400억 원 규모로 커질 전망입니다.<앵커>본더 시장은 사실상 한미반도체가 독점하고 있는데, LG전자가 그 틈을 노리고 사업을 키울 수 있다고 보는 겁니까?<기자>TC본더 시장에선 한미반도체가 독주하고 있죠.실제로 HBM3E 12단 생산용 TC본더 시장에서 점유율이 90%가 넘습니다.하지만 하이브리드 본더 시장은 개화하기 전입니다.한미반도체뿐만 아니라 한화세미텍, 세메스 등도 개발 중인 상태이고요.LG전자도 후발주자이지만, 동일한 출발선상에 놓인 셈입니다.특히 HBM 시장은 SK하이닉스가 지난해 점유율 52.5%로 압도적인 1위인데요.한미반도체가 지난 8년 동안 SK하이닉스에 TC본더를 독점 공급해왔습니다.그런데 올해부터 SK하이닉스가 한화세미텍에도 TC본더를 요청하기 시작했죠.공급망을 다변화하고 있는데, LG전자에는 당연히 호재입니다.하이브리드 본더 개발에만 성공한다면, 충분히 기회가 있다는 평가가 나오는데요.한미반도체는 오는 2029년 양산이 목표입니다. 다만, 고객사의 요청에 따라 출시 일정은 빨라질 수 있고요.한화세미텍도 올해 말이나 내년 초에 하이브리드 본더 테스트용 제품을 우선 출시할 예정입니다.SK하이닉스와 미국 마이크론, 삼성전자 등 대형 고객사를 확보하기 위한 수주 경쟁이 본격화할 것으로 보입니다.<앵커>잘 들었습니다. 산업부 김대연 기자였습니다.김대연기자 bigkite@wowtv.co.kr",https://www.hankyung.com/article/2025071476035,2025.07.14 17:35
"23일, 외국인 거래소에서 삼성전자(+0.61%), SK하이닉스(+0.19%) 등 순매도",,"외국인 투자자는 23일 거래소에서 삼성전자, SK하이닉스, 두산에너빌리티 등을 중점적으로 매도한 것으로 나타났다.외국인 투자자의 순매도 상위 20개 종목은 삼성전자, SK하이닉스, 두산에너빌리티, 한화솔루션, 삼성SDI, NAVER, 한화오션, 삼성바이오로직스, 코웨이, 삼성중공업등이다.이중에 전기,전자 업종에 속한 종목이 5개 포함되어 있다.삼성전자, SK하이닉스, 두산에너빌리티 등은 전일 대비 주가가 상승했고, NAVER, 한화오션, 삼성중공업 등은 주가가 하락했다.[07월23일]거래소 외국인 순매도 상위 종목한경로보뉴스이 기사는 한국경제신문과 금융 AI 전문기업 씽크풀이 공동 개발한 기사 자동생성 알고리즘에 의해 실시간으로 작성된 것입니다.",https://www.hankyung.com/article/202507237816L,2025.07.23 18:35
본업의 회복과 수급 모두 양호한 종목은?,,"경유레카는 한국경제신문의 디지털 미디어인 한경닷컴에서 개발한 개별 종목에대한인공지능(AI) 알고리즘 업체의 투자 의견을 종합한 'AI 컨센서스'를 제공하는 서비스입니다. '한경유레카' 앱은 구글 플레이 스토어 혹은 앱스토어에서 내려받을 수 있습니다.





종목추천 서비스 종합 플랫폼 한경유레카에 입점한 뉴지랭크가 전거래일(21일) 청담글로벌을 추천하여 수익률 3.9%를 기록했다.뉴지랭크는 IM그룹 계열사인 뉴지스탁에서 만든 알고리즘으로 모멘텀 및 펀더멘탈을 중심으로 종목을 분석하고 추천한다.뉴지랭크는 청담글로벌에 대해 1분기 영업이익이 대폭 증가하면서 본업의 회복세가 나타나고 있고 최근 외국인 및 기관의 순매수 유입이 증가했다며 해당 종목을 추천했다.한경유레카에서 신규가입을 하고 뉴지랭크를 구독하면 1개월간 무료로 추천종목을 실시간으로 문자로 받아볼 수 있다.  본 글은 투자 참고용입니다.두산에너빌리티 한화솔루션 태웅 세경하이테크 삼성전자",https://www.hankyung.com/article/202507223267a,2025.07.22 09:19
9~10% 주식 관련 대출에서 3%대 대출로 교체,,"전송종목 : 에스에이엠티, 신세계인터내셔날, 신세계푸드, 피에스케이홀딩스, 한국파마최근 주식 투자자들 사이에서 주식대출(미수/신용융자 등)의 고금리에 대한 부담이 커지고 있다.특히 저금리를 적용 받고 싶어도, 기존 대출을 상환하고 다시 주식을 매수해야 하는 번거로운 절차와 자금 조달의 어려움이 발목을 잡고 있다.이런 현실적인 문제를 해결하고자, 무빙스탁이 ‘증권사 신용, 대환자금대출’ 서비스를 전격 출시했다.이 상품은 주식을 매도하지 않고도, 기존의 고금리의 주식대출(미수/신용융자 등)의 3%대의 혁신적인 저금리 증권사로 전환할 수 있도록 상환자금을 제공하는 것이 핵심이다.무빙스탁 관계자는 “현재 증권사 이벤트 금리는 연 3%대 수준으로, 기존 9~10%대 고금리를 적용받는 투자자라면 절감 효과가 상당하다”며, 금리를 5%만 낮추면 “1억원 신용대출 기준으로 연간 약 500만원, 3억원이라면 1,500만원까지도 절약할 수 있다”고 밝혔다.더 놀라운 점은, 현재는 이벤트 기간으로 대환자금대출 신청시 발생하는 이자 비용까지 ‘0원’이라는 사실이다. 대환자금에 대해서 하루의 대출이자도 부담하지 않고 기존 고금리 대출을 저금리로 전환할 수 있어, 고금리 부담에 시달리던 투자자들에게 큰 호응을 얻을 전망이다.이 서비스는 부동산 시장에서 흔히 이용되던 대환대출 개념을 증권시장에 도입한 혁신적인 시도로, 주식 투자자들의 자금 운용에 새로운 대안을 제시할 것으로 기대된다.무빙스탁 ‘증권사 신용, 대환자금대출’의 비용 무료 이벤트는 이벤트 기간 동안 한정적으로 제공되는 만큼, 신용융자를 이용 중인 투자자라면 지금 바로 확인해볼 필요가 있다.★ 장마감 시간이 가까워질수록 문의가 많아 상담이 지연될 수 있습니다.★ 7월 문의하신 고객들이 많이 보유하신 종목으로는 삼성전자, POSCO홀딩스, 셀트리온, 포스코퓨처엠, 에코프로비엠, NAVER, 에코프로, 삼성SDI, LG화학, SK하이닉스, 두산에너빌리티, 카카오, SK이노베이션, LG에너지솔루션, 엘앤에프, 삼천당제약, 현대차, 알테오젠, HPSP, LG전자 등이 있습니다.★ 안내사항과도한 빚은 당신에게 큰 불행을 안겨줄 수 있습니다. 대출 시 신용등급 하락으로 다른 금융거래가 제약받을 수 있습니다. 중개수수료를 요구하거나 받는 것은 불법입니다.상호명: ㈜단비대부 2021-서울영등포-2102(대부업) | TEL: 1544-4886 | 대출금리: 연 20%이내(연체금리는 약정금리+3%p이내, 최대 연 20%이내) | 단, 2021. 7. 7.부터 신규체결, 갱신, 연장되는 계약에 한함 | 채무의 조기상환 조건 및 부대비용 없음. (단, 신용조회비용 및 담보권설정비용 있음), 이자 외 별도로 중개수수료를 요구하거나 수취하는 것은 불법입니다. | 대표이사: 박동원 | 사업자등록번호: 274-86-00231 | 등록기관명칭: 서울 영등포구청(담당부서: 일자리경제과, 02-2670-3420) | 소재지 : 서울 영등포구 여의대방로67길 11, 5층 517호 | 개인정보관리자메일: help@danbifund.co.kr무료상담",https://www.hankyung.com/article/202507111593a,2025.07.11 10:48
충남 시간당 100㎜ 폭우…국회 인사청문 '슈퍼위크' 나흘째[모닝브리핑],,"◆ 충남에 시간당 100㎜ 폭우…당진천 범람밤사이 충남 서해안 일대에 시간당 100㎜가 넘는 폭우가 쏟아지면서 곳곳이 침수됐습니다. 17일 대전지방기상청에 따르면 전날 오후 6시부터 이날 오전 5시까지 서산에 344㎜의 강수량이 기록됐고 서천 춘장대 266㎜, 태안 238㎜의 폭우가 쏟아지는 등 밤사이에 200∼300㎜가 넘는 많은 비가 내렸습니다. 서산엔 시간당 107.1㎜의 극한 호우가 쏟아졌다고 기상청은 밝혔습니다. 당진 지역 당진천이 현재 범람 중이며, 초대천도 홍수 심각 단계에 접어들어 범람이 우려되고 있습니다. 많은 비로 지반이 약해지면서 당진, 홍성, 태안, 서산, 천안 등지엔 산사태 주의보도 발령됐습니다. 폭우의 영향으로 경부선 서울역∼대전역 구간, 장항선 천안역∼익산역 구간, 서해선 홍성역∼서화성역 구간 일반열차 운행이 일시 중지됐습니다. 충남 소방본부에 따르면 전날 오후 9시부터 이날 오전 4시까지 모두 302건의 폭우 관련 신고가 접수됐으며, 인명피해는 아직 확인되지 않은 것으로 전해졌습니다.◆전국 흐리고 비…경기 남부·충남 등 시간당 50∼80㎜ '폭우'목요일인 17일 전국이 대체로 흐리고 비가 내리겠습니다. 비는 좁은 지역에 매우 강하고 많이 내리겠습니다. 지역에 따라 강수 강도와 강수량의 차이가 크겠고 강약을 반복하면서 소강상태를 보이는 곳도 있겠습니다. 예상 강수량은 서울·인천·경기 50∼120㎜(많은 곳 경기 남부 180㎜ 이상), 서해5도 5∼40㎜, 강원 내륙·산지 50∼100㎜(많은 곳 강원 중·남부 내륙 150㎜ 이상), 강원 동해안 5∼40㎜입니다. 대전·세종·충남·충북은 50∼150㎜(많은 곳 (충북 제외) 180㎜ 이상), 전북 30∼100㎜(많은 곳 전북 서부 150㎜ 이상), 광주·전남 20∼80㎜(많은 곳 전남 북부 서해안 100㎜ 이상)의 비가 내리겠습니다. 부산·울산·경남·경북 북부 내륙 30∼80㎜(많은 곳 지리산 부근 100㎜ 이상), 대구·경북(경북 북부 내륙 제외) 10∼60㎜, 제주도 산지·중산간 30∼80㎜(많은 곳 산지 100㎜ 이상), 제주도(북부·산지·중산간 제외) 20∼60㎜, 제주도 북부 5∼30㎜, 울릉도·독도는 5∼20㎜가 내릴 것으로 예보됐습니다. 경기 남부는 18일 오전까지, 충남권과 충북 등은 18일 오후까지 시간당 50∼80㎜의 매우 강하고 많은 비가 쏟아지겠고, 이 밖의 지역에서도 18일을 전후해 시간당 30㎜ 안팎의 강한 비가 내리겠습니다. 비가 내리는 지역에서는 돌풍과 천둥·번개가 치는 곳이 있겠으니 안전사고에 각별히 유의해야 합니다. 바다의 물결은 동해 앞바다에서 1.0∼2.0m, 서해 앞바다에서 0.5∼3.0m, 남해 앞바다에서 0.5∼2.0m로 일겠습니다. 안쪽 먼바다(해안선에서 약 200㎞ 내의 먼바다)의 파고는 동해 0.5∼3.5m, 서해 1.5∼3.5m, 남해 1.0∼2.5m로 예측됩니다.◆국회 인사청문 나흘째…외교부 장관 청문회 공방 예고여야는 17일 이재명 정부 초대 장관 후보자들에 대한 국회 인사청문회를 나흘째 이어갑니다. 이날은 조현 외교부 장관 후보자, 구윤철 경제부총리 겸 기획재정부 장관 후보자, 김정관 산업통상자원부 장관 후보자에 대한 인사청문회가 실시됩니다. 조 후보자를 '무자격 5적'으로 규정해온 국민의힘은 조 후보자 배우자의 땅 투기 의혹, 아들의 갭투자 의혹 등을 문제 삼으며 공세를 펼칠 것으로 보입니다. 여당인 더불어민주당은 그동안 제기된 조 후보자 관련 의혹 중 '결정타'는 없다고 보고, 의혹 해소에 집중할 전망입니다. 구 후보자에 대해서는 2022∼2024년 서울대·방송통신대·목포해양대·경북문화재단·대한체육회 등에서 2억6천여만원의 보수를 수령해 '겹치기 보수 수령' 의혹이 국민의힘 등을 중심으로 제기된 바 있습니다. 김 후보자에 대해서는 2022년 두산경영연구원 대표 퇴직 이후 3년에 걸쳐 2억8천여만원 상당의 상여금을 받은 경위에 대한 질의가 집중될 것으로 보입니다.◆이재용 '부당 합병·회계 부정' 오늘 대법원 선고…1·2심 무죄부당 합병·회계 부정 의혹으로 기소돼 1·2심에서 무죄가 선고된 이재용 삼성전자 회장에 대한 대법원 최종 판단이 17일 나옵니다. 대법원 3부는 이날 오전 11시 15분 이 회장 사건 상고심 선고기일을 엽니다. 재판에 넘겨진 지 4년 10개월 만입이다. 이 회장은 2015년 제일모직-삼성물산 합병 과정에서 최소 비용으로 경영권을 안정적으로 승계하고, 지배력을 강화할 목적으로 사내 미래전략실이 추진한 부정거래와 시세조종, 회계 부정 등에 관여한 혐의로 2020년 9월 기소됐습니다. 지난해 2월 1심이 19개 혐의 전부에 무죄를 선고한 데 이어 올해 2월 3일 항소심을 맡은 서울고법 형사13부도 이 회장에게 모두 무죄를 선고했습니다. 함께 기소된 최지성 전 삼성그룹 미래전략실 실장, 김종중 전 미래전략실 전략팀장, 장충기 전 미래전략실 차장 등 나머지 피고인 13명도 1심과 같이 모두 무죄가 선고됐습니다.◆뉴욕증시, 연준의장 해임설로 롤러코스터제롬 파월 미 연방준비제도 의장이 조만간 해임될 것이란 관측이 나오면서 현지시간 16일 뉴욕증시가 크게 출렁였다가 도널드 트럼프 미 대통령이 해임 계획을 부인하면서 반등 마감했습니다. 이날 뉴욕증시에서 다우존스30 산업평균지수는 전장 대비 0.53% 오른 4만4254.78에 거래를 마쳤습니다. 스탠더드앤드푸어스500지수는 전장보다 0.32% 오른 6263.70, 기술주 중심의 나스닥 종합지수는 전장보다 0.25% 오른 2만0730.49에 각각 마감했습니다. 이날 상승으로 나스닥 종합지수는 최고치 기록을 다시 경신했습니다.최수진 한경닷컴 기자 naive@hankyung.com",https://www.hankyung.com/article/2025071732627,2025.07.17 06:46
LNG·원전 구조적 수요에 외국인·기관 매수세…SNT에너지 중장기 체감 상승,,"SNT에너지가 최근 글로벌 에너지 흐름 변화와 투자 심리 변화에 힘입어 주목받고 있다. 핵심 모멘텀은 단연 액화천연가스(LNG) 및 원자력발전 관련 구조적 수요 확대다. 미국과 중동을 중심으로 LNG 복합화력발전소 및 에너지 인프라 투자가 본격화되면서 SNT에너지의 에어쿨러 등 발전기자재 수주잔고가 가파르게 증가하고 있다.최근 리포트에 따르면 수주잔고는 전년 대비 두 자릿수 증가율을 기록 중이며, 미국 루이지애나 등 주요 프로젝트에서 추가 계약이 이어지는 등 성장 피로감 없이 실적 기대가 탄탄하다.이 같은 실질 수주 기반 위에 외국인과 기관의 매수세 유입이 더해지며 투자심리가 개선됐다. 단기 지표보다 성장 기대에 초점을 맞춘 펀더멘털 중심 투자 스타일이 주가 상승에 기여한 것으로 보인다. 더불어, SNT에너지는 원전 플랜트 기자재 시장에서도 기술 경쟁력을 확보해 LNG·원자력 부문 모두에서 구조적 수혜 가능성이 입증됐다.SNT·SNT홀딩스 등 그룹 전체의 주가 흐름도 상승 랠리를 이어가고 있다. SNT홀딩스는 올해 평균 두 자릿수 상승률을 기록하면서 투자자의 관심이 계열사 전반으로 확산되는 긍정적 분위기를 조성했다. 이러한 모멘텀은 단순 일회성 수요가 아니라 글로벌 에너지 정책 변화 속에서의 중장기 밸류에이션 재평가로 해석된다.결론적으로, SNT에너지는 수주잔고 증가, 외국인·기관 순매수, 에너지 인프라 성장 모멘텀이 맞물리면서 최근 주가 상승 흐름을 이어가고 있다. 시장에서는 단기 실적보다 LNG와 원자력 부문에서의 구조적 수혜에 무게를 두며, 향후 추가적 수주와 실적 반영 여부에 따라 밸류에이션 강세가 지속될 가능성이 있다는 평가가 나온다. 투자자 입장에서는 펀더멘털 강화와 정책 흐름 대응력을 동시에 고려한 포지셔닝이 필요한 시점이다.SK하이닉스, 두산에너빌리티, 삼성전자, 삼천당제약, HD현대인프라코어무료상담",https://www.hankyung.com/article/202507248611a,2025.07.24 09:53
"사이버 보안 수요 확대에 샌즈랩, 상승세 이어가며 ‘테마 강자’ 입지 강화",,"최근 샌즈랩이 사이버 위협 인텔리전스(CTI) 전문 기업으로서 시장의 주목을 받고 있다. 6월 중순부터 3거래일 연속으로 주가가 상승하면서 사이버 보안 테마 내에서 ‘강자’로 자리 잡는 분위기를 연출했다.이는 글로벌과 국내를 막론한 사이버 공격 이슈가 빈번해지며 CTI 솔루션 수요가 꾸준히 증가한 영향으로 풀이된다. 한편, 투자자 매매 동향을 살펴보면 개인과 기관의 동시 매수세가 형성되어, 외국인 매도에도 불구하고 주가 상승을 견인했다.샌즈랩은 자체 CTI 플랫폼 ‘CTX’를 중심으로 다양한 보안 솔루션(CYBER Threat X 등)을 제공해 왔다. 최근 전 세계적으로 랜섬웨어 및 AI 기반 해킹 시도가 증가함에 따라 CTI 기술 고도화 기업에 대한 투자자들의 관심이 집중되고 있다. 여기에 샌즈랩이 내놓은 AI·딥러닝 보안 솔루션이 실제 서비스 준비 단계에 있는 것으로 알려지며, 한 차례 상승 모멘텀이 만들어졌다.또한, 퀀트 투자자들 사이에서는 사이버 보안 업종 중 샌즈랩의 펀더멘털이 상대적으로 우수하다는 평가가 나오는 상황이다. 기술 안정성과 성장성 측면에서 긍정적인 시그널을 받은 결과, 테마를 타고 주가를 끌어올리는 구조가 반복되고 있다는 분석이다.다만 최근 랠리는 단순 테마 기대감에 기반한 것이기에, 향후 실적·수주 소식이나 정책 변화 등 실질적 모멘텀이 동반되지 않으면 조정 가능성도 상존한다는 점은 유의해야 한다. 향후 주요 관전 포인트는 ▶국내외 사이버 공격 추이 ▶CTX 플랫폼 및 솔루션의 고객 확산 여부 ▶2분기 및 하반기 실적 발표 등 구체적인 펀더멘털 지표다.결국 샌즈랩의 최근 주가 상승은 사이버 보안 업종의 수요 확대 분위기 속에서 개인·기관이 동반 매수하며 이뤄낸 결과로, 향후 기술 상용화와 실적 판단에 따라 투자심리가 더욱 강화될지 주목된다.SK하이닉스, 삼성전자, 카카오, 두산에너빌리티, 카카오페이무료상담",https://www.hankyung.com/article/202507173698a,2025.07.17 10:33
[책마을] 트럼프가 때릴수록 더 강해진다…거침없는 화웨이의 질주,"화웨이 쇼크

에바 더우 지음 / 이경남 옮김
생각의힘 / 584쪽│3만2000원

개인정보 탈취 등 악명에도
순이익의 3배 R&D에 투자
러시아 등 해외서 인재 영입

美 기자 눈으로 본 '中 테크 공룡'","지난달 중국 상하이에서 열린 ‘2025 모바일월드콩그레스(MWC) 상하이’에서 수많은 인파가 화웨이 부스에 모여 있다.  AFP연합뉴스

                화웨이는 지난해 매출 8621억위안(약 175조원)을 기록하며 역대 두 번째로 큰 매출을 달성했다. 중국 스마트폰 시장에서는 애플을 제치고 2위에 올랐다. 이보다 놀라운 점은 매출의 20%(약 35조원)를 연구개발(R&D)비에 쏟아부었다는 것이다. 무려 순이익의 세 배에 가까운 액수다. 순이익이 전년 대비 28% 감소했음에도 연구개발비는 9.1% 증액했다. 중국 공산당과의 관계, 지배구조, 이동통신 설비의 백도어(비밀접근 통로) 의혹까지 각종 의심의 눈초리를 받는 와중에도 기술 인재와 R&D에 집착적이기까지 한 모습을 보이며 난관을 뚫어 나가고 있다.





                최근 국내에 번역 출간된 <화웨이 쇼크>는 미국 워싱턴포스트의 테크 전문 기자가 쓴 화웨이 해부서다. 통신 장비 세계 1위에 오른 화웨이는 첨단 인공지능(AI) 반도체 1위 기업 엔비디아까지 위협하며 중국 기술 굴기의 상징과 같은 기업이 됐다. 엔비디아는 올 2월 발간한 연례보고서에서 5개 부문 중 4개 부문에서 화웨이를 경쟁자로 지목했다.미국 정부는 각종 제재를 통해 화웨이를 고사시키려고 했지만 화웨이는 반도체와 5세대(5G) 스마트폰을 생산하며 건재를 과시하고 있다. 폴더블폰 분야에서도 세계 1위인 삼성전자의 뒤를 바짝 추격하고 있다. 하지만 중국 기업, 비상장 회사, 종업원 지주제도라는 특성상 베일에 싸여 있다. 이 책에선 화웨이 창업자 런정페이의 생애부터 창업 과정과 발전사, 최근 동향까지 담으며 미스터리한 테크 제국 화웨이를 입체적으로 분석했다.미국의 제재와 그로 인한 갈등, 활로 모색이 구체적으로 드러난다. 도널드 트럼프 미국 대통령은 집권 1기 때 화웨이를 ‘재앙’으로 규정하고 중국발(發) 안보 위협을 제기한 바 있다. 이는 미·중 무역 전쟁과 외교 갈등, 기술 냉전을 불렀다. 화웨이 미국 법인 대표 찰스 딩의 미 하원 청문회와 런 회장의 딸이자 현 순환회장인 멍완저우의 캐나다 구금 사건이 대표적이다. 화웨이는 미국 하원 정보청문회의 집요한 추궁에도 백도어, 중국 공산당과의 관계를 부인했다. 멍완저우는 미국의 개입으로 캐나다에서 재판을 받았는데 쇼핑과 외출을 자유로이 하며 구금 기간을 보내 눈길을 끌었다. 중국은 이에 맞서 캐나다인 두 명을 억류하고 고문함으로써 사실상 ‘인질 외교’가 벌어졌다.이 책에는 멍완저우의 구금으로 화웨이에 대한 중국 내 ‘애국 소비’가 증가하고, 가족이 기업을 물려받지 않을 것이라는 런 회장의 말과 달리 멍완저우가 순환회장에 오르는 일화가 상세히 기술돼 있다. 미국과 관련한 흥미로운 에피소드 중 하나는 미국이 어떻게 화웨이의 백도어를 확신했는가 하는 점이다. 미국이 도청을 하고 있었기 때문에 이런 사실을 알게 됐다고 책은 설명한다.화웨이가 얼마나 R&D에 공을 들이는지도 상세히 서술했다. 창업 초기 밤낮없이 일하다가 사무실 간이침대에서 눈을 붙이던 ‘매트리스 문화’와 그런 R&D팀을 격려하던 런 회장의 이야기, R&D센터인 둥관 옥스혼 캠퍼스의 장대한 전경 등은 한국 테크산업에 시사하는 바가 크다. 작은 전화교환기 회사에서 반도체 자회사 하이실리콘을 설립해 중국의 기술 자립 토대를 마련한 화웨이의 족적이 세세히 나와 있다.화웨이는 인재 영입을 위해 홍콩에 AI를 담당하는 ‘노아의 방주 연구소’도 설립했다. 프랑스 파리, 러시아 모스크바, 캐나다 몬트리올에 지사를 둬 엔지니어뿐 아니라 수학자와 양자물리학자 등 세계 최고의 인재를 끌어왔다. 기술 플랫폼을 지향하면서도 기본에 충실한 기업이라는 점이 드러난다. 5G에서 패권을 차지한 뒤에는 기술의 이론적 기반을 제공한 폴라코드의 아버지 에르달 아리칸 교수를 축하 행사에 초빙했다. 화웨이의 인재와 연구개발에 대한 성의를 잘 보여주는 대목이다.화웨이의 장점만 담은 것은 아니다. 경쟁사 제품 베끼기, 과도한 접대와 개인 생활이 없는 근무 환경 등 문제점도 가감 없이 풀어냈다. 주요 에피소드를 화웨이 내부 자료를 바탕으로 묘사해 한 기업을 총체적으로 파악하는 데 중요한 자료가 될 수 있는 책이다.설지연 기자 sjy@hankyung.com",https://www.hankyung.com/article/2025071132611,2025.07.11 18:08
AI 서버 수요 타고 HBM 테마 ‘견고한 상승 흐름’ 지속,,"글로벌 AI 서버 확산에 필수 부품인 HBM(고대역폭 메모리) 시장이 반등 흐름을 보이며, 관련 종목들의 주가도 안정적인 상승 구간에 진입했다. 올해 메모리 업계 실적 개선 기대 속에 HBM 테마가 시장 자금의 주목을 받고 있는 모습이다.시장조사기관 옴디아에 따르면 글로벌 HBM 시장 규모는 2024년 약 80억 달러에서 2026년 약 190억 달러로 성장할 것이란 전망이 나왔다. 이 같은 고성장 수요 배경은 HBM 제품을 생산하는 국내 메모리 기업들의 업황 회복 기대와 맞물려 투자 심리를 지지하고 있다.특히 SK하이닉스는 글로벌 HBM 시장 점유율 50~70%로 독보적 위치를 유지하고 있으며, 최근 AMD·엔비디아 등에 대한 공급 성과가 주가 모멘텀으로 작용하고 있다. 이와 함께 삼성전자도 HBM3E 12단 제품 개발과 HBM4 양산 준비를 통해 HBM 관련 경쟁이 본격화되는 양상을 보이고 있다.국내 증시에서 HBM 테마주는 최근 장중 상승 흐름이 포착되는 등 견조한 움직임을 보였으며, 업계는 “AI 서버 구축에 따른 HBM 수요가 지속되는 한 HBM 관련 수익성 개선 기대는 유지될 것”이라고 내다보고 있다.다만, 과거 메모리 반도체의 급격한 공급 확대가 실적 부진으로 돌아왔던 사례(DRAM 2022~23년)도 상기해야 한다는 지적이 있다. AI 수요 급증에 따른 과잉 공급 리스크가 여전히 존재하기 때문이다.SK바이오팜, LG전자, 셀트리온, SK스퀘어, 레인보우로보틱스무료상담",https://www.hankyung.com/article/202507109539a,2025.07.10 14:53
"삼성 ""맞춤형 정보 주는 갤럭시 인공지능 만들 것""",사용자 의도 이해하는 AI 개발,"“갤럭시 AI(인공지능)를 사용자에게 필요한 걸 알아서 해주는 똑똑한 AI로 발전시킬 겁니다.”박지선 삼성전자 모바일경험(MX)사업부 랭귀지 AI팀 부사장은 지난 9일 미국 뉴욕에서 기자들과 만나 “멀티모달 AI(텍스트·음성·영상 등 다양한 정보를 통합 인식하는 AI)는 물론 사용자 의도를 이해하는 AI가 앞으로 사용자 경험의 새로운 표준이 될 것”이라며 이같이 말했다. 예컨대 스마트폰 카메라로 옷장을 찍으면서 “오늘 날씨에 맞는 옷 추천해줘”라고 요청하면, AI가 날씨 정보와 옷을 함께 분석해 알려주겠다는 얘기다.삼성전자는 나아가 사용자가 일일이 명령하지 않아도 사용자의 의도와 사용 패턴을 파악해 먼저 제안하는 개인화된 AI를 개발 중이다. 갤럭시 S25에서 선보인 ‘나우 브리프’ 기능이 이런 AI의 초기 단계다. 나우 브리프는 사용자의 생활 패턴을 학습해 운동 계획, 여행 일정 등에 맞는 정보를 알려준다. 박 부사장은 “AI 기능을 스마트폰뿐 아니라 워치, 링, 가전제품으로 확장해 사용자별 맞춤형 서비스를 제공할 계획”이라고 말했다.뉴욕=박신영 특파원 nyusos@hankyung.com",https://www.hankyung.com/article/2025071352381,2025.07.13 18:14
"10일, 외국인 거래소에서 SK하이닉스(+5.69%), 삼성바이오로직스(+6.09%) 등 순매수",,"외국인 투자자는 10일 거래소에서 SK하이닉스, 삼성바이오로직스, 카카오 등을 중점적으로 사들인 것으로 나타났다.외국인 투자자의 순매수 상위 20개 종목은 SK하이닉스, 삼성바이오로직스, 카카오, 삼성전자, 기아, SK, 삼성중공업, 현대건설, 하이브, 한화오션등이다.이중에 운수장비 업종에 속한 종목이 5개 포함되어 있다.SK하이닉스, 삼성바이오로직스, 카카오 등은 전일 대비 주가가 상승했고, 현대건설, 하이브, 에이피알 등은 주가가 하락했다.[07월10일]거래소 외국인 순매수 상위 종목한경로보뉴스이 기사는 한국경제신문과 금융 AI 전문기업 씽크풀이 공동 개발한 기사 자동생성 알고리즘에 의해 실시간으로 작성된 것입니다.",https://www.hankyung.com/article/202507101188L,2025.07.10 18:35
자기자본 포함 4배 투자금을 DSR 무관으로 신청 당일 즉시?,,"투자자들 사이에서 ‘스탁론’에 대한 관심이 높아지고 있다. 스탁론은 자기자본 포함 최대 4배까지 활용 가능하며 증권사 신용/미수 대환 용도로도 활용 가능해 대표적인 레버리지 수단으로 자리잡은 상태다.그러나 DSR 한도가 스탁론에도 적용된 후 다른 대출, 소득 증빙 문제로 예전처럼 이용하기 어려워졌다. 이와 함께 높아진 금리도 스탁론 이용을 망설이게 만든 원인으로 꼽힌다.그러나 해결책은 있다. 21년 연속 스탁론 업계 1위를 지키고 있는 하이스탁론이 DSR 무관하게 이용할 수 있는 상품은 물론 연 4%대 최저금리로 이용 가능한 상품까지 취급하며 선택의 폭을 넓힌 것이다.




 

◆ 하이스탁론, 연 4%대 업계 최저금리로 추가 투자금은 물론 신용미수 대환까지!<하이스탁론>에서 누구나 부담 없이 스탁론을 경험할 수 있도록 연 4%대 최저금리 상품을 출시했다. 주식매입 용도는 물론 증권사 미수/신용 대환도 가능하며 신용등급 차등 없이 자기자본 포함 최대 4배까지 활용할 수 있다.이와 함께 DSR 한도 때문에 기존 스탁론 이용이 어려웠던 투자자들은 위한 DSR 무관 상품도 취급 중이다. 또한 장중 거래가 어려웠던 투자자를 위한 대체거래소(NXT) 거래도 가능해졌다.<하이스탁론>의 새로운 상품에 대해 자세히 알고 싶은 투자자는 고객상담센터(1599-0313)로 연락하면 대출 여부와 상관없이 24시간 언제든 전문상담원과 편리한 상담이 가능하다.○ 연 4%대 업계 최저금리 상품 출시○ 대체거래소(NXT) 거래 가능!○ 21년 연속 시장 점유율 1위, 16년 연속 대한민국퍼스트브랜드 대상○ 증권사 신용/미수 실시간 상환, 한종목 100% 집중 투자○ 믿을 수 있는 상담품질보증제※하이스탁론상담센터 : 1599-0313바로가기:https://www.hisl.co.kr/0313◆ 현 시각 관심종목 Top 10 : 삼성전자, 한화솔루션, 카카오, 삼성중공업, 현대로템, 에코프로비엠, 포스코엠텍, 케어젠, 샌즈랩, 제일일렉트릭무료상담",https://www.hankyung.com/article/202507236243a,2025.07.24 09:30
"HBM4에 '하이브리드 본더' 도입?…곽동신 한미반도체 회장 ""우도할계""","""HBM4·5, 기존 TC본더로 충분
가격 2배 넘는데 쓸 이유 없어
HBM6부턴 하이브리드 본더로""","한미반도체가 2027년께 시장에 나올 8세대 고대역폭메모리(HBM5)까지 현재 주력 제품인 열압착(TC) 본더를 활용해 제조할 수 있다고 주장했다. TC 본더는 HBM용 D램을 쌓을 때 칩과 칩 사이에 범프(단자)를 넣고 열과 압력을 가해 결합하는 장비다. 반도체업계에서는 이르면 올해 말 나올 6세대 고대역폭메모리(HBM4) 16단 제품부턴 D램 적층의 난도가 높아지기 때문에 칩과 칩을 직접 붙일 수 있는 하이브리드 본더가 쓰일 것이란 전망이 나오고 있다.곽동신 한미반도체 회장(사진)은 15일 “HBM4와 HBM5 생산에 하이브리드 본더를 도입하는 건 우도할계(牛刀割鷄)”라고 밝혔다. 우도할계는 ‘소 잡는 칼로 닭을 잡는다’는 뜻으로 작은 일에 필요 이상의 큰 도구를 사용할 때 쓴다. 최근 업계 일각에서 HBM4 생산에 기존 TC 본더 대신 하이브리드 본더를 적용해야 한다는 얘기가 나오자 이런 말을 한 것이다.일부 반도체업체는 D램을 16단 이상 쌓으면 신호가 늦게 전달되거나 휠 수 있는 점을 감안해 HBM을 얇고 튼튼하게 만들 수 있는 하이브리드 본더 도입을 검토 중이다. 네덜란드 베시(BESI), 미국 어플라이드머티어리얼즈가 하이브리드 본더 선두 업체로 꼽히고 한국에선 세메스(삼성전자 자회사), 한화세미텍, LG전자 등이 개발하고 있다.한미반도체는 올초 착공한 인천 7공장을 통해 2027년 말부터 하이브리드 본더를 생산할 계획이다. HBM6부터 적용한다. 곽 회장의 이날 발언은 “한미반도체의 하이브리드 본더 시장 진출 시기가 너무 늦다”는 반도체업계 일각의 지적에 대한 반박이기도 하다.곽 회장은 “하이브리드 본더는 대당 100억원 이상으로 TC 본더의 두 배가 넘는 만큼 고객이 선택하지 않을 것”이라며 “HBM4, HBM5용 장비 시장에서도 (TC 본더로) 95% 점유율을 목표로 하고 있다”고 강조했다.박의명 기자 uimyung@hankyung.com",https://www.hankyung.com/article/2025071502881,2025.07.15 18:19
이재용 무죄…삼성의 '잃어버린 10년',"대법 '불법승계' 상고기각
사법족쇄 풀려

2016년부터 수사·재판
결국 모든 혐의 무죄

경영리스크 완전히 해소돼 
'뉴삼성' 다시 시동","딱 10년 전인 2015년 7월 17일, 삼성물산과 제일모직은 각각 주주총회를 열고 두 회사 합병을 승인했다. 미래 먹거리로 꼽은 바이오 사업을 강화하는 동시에 경영 효율성을 끌어올리기 위해서였다. 이때만 해도 정상적으로 진행된 이 합병 결정으로 삼성이 ‘잃어버린 10년’에 짓눌릴 것이라고 생각한 이는 아무도 없었다. 1년 뒤 불거진 국정농단 사태는 삼성과 이재용 삼성전자 회장을 ‘적폐’로 몰아세웠고, 검찰은 여기에 더해 삼성물산과 제일모직 합병에 ‘불법 경영권 승계’ 프레임을 씌웠다. 이 회장이 법정에 185차례나 불려 다닌 지난 10년간 삼성은 ‘스마트폰 세계 1위’(출하량 기준), ‘D램 세계 1위’를 차례차례 경쟁사에 내줬다.이 회장과 삼성을 햇수로 10년이나 옭아맨 ‘사법 족쇄’가 완전히 풀렸다. 대법원은 17일 이 회장의 부당 합병 및 회계 부정 상고심에서 무죄를 선고한 원심을 확정했다. 삼성 변호인단은 “합병 과정의 회계 처리가 적법하다는 점이 분명히 확인됐다”고 밝혔다.검찰의 ‘무리한 수사’는 삼성에 큰 상처를 안겼다. 2020년 6월 검찰 기소의 적정성을 심의하는 수사심의위원회가 이 회장에 대해 불기소 및 수사 중단을 권고했는데도 “범죄 혐의가 충분하다”며 밀어붙였기 때문이다. 2024년 2월 1심 재판부가 19개 혐의에 모두 무죄를 선고해 완패 판정을 받았는데도 검찰은 항소했다. 2025년 2월 2심 결과도 똑같이 나왔지만 검찰은 거둬들이지 않았다.그 10년간 삼성의 경쟁력은 추락했다. 30년 넘게 지켜온 D램 1위 자리를 지난 1분기 SK하이닉스에 내줬고, 신사업으로 육성한 파운드리(반도체 수탁생산)에서는 대만 TSMC와의 격차가 갈수록 벌어졌다. 스마트폰, 디스플레이, 가전 등 주력 산업은 중국에 치이고, 인공지능(AI)과 로봇 등 미래 산업은 미국에 멀찌감치 밀리고 있다.산업계에서는 이 회장의 사법 리스크가 일단락된 만큼 삼성의 주력 사업이 다시 궤도에 오를 것이라는 기대를 내놓고 있다. 박진섭 한양대 융합전자공학부 교수는 “총수가 경영에 전념할 수 있게 된 만큼 지난 10년간 수비에만 치중했던 삼성의 경영 전략에 상당한 변화가 있을 것”이라고 말했다.황정수/김채연 기자 hjs@hankyung.com",https://www.hankyung.com/article/2025071754581,2025.07.17 17:36
"JP모건, 코스피 ‘비중확대’ 전환…2년 내 5,000p 기대",,"글로벌 투자은행 JP모건이 한국 주식시장에 대한 투자의견을 ‘중립(Neutral)’에서 ‘비중확대(Overweight, 매수)’로 상향 조정했다. 최근 보고서에서 JP모건은 코스피가 향후 2년 내 5,000포인트를 돌파할 가능성이 있다고 전망하며, “개혁이 순조롭게 진행되면 변동성이 나타날 때마다 추가 매수를 권한다”고 강조했다.JP모건은 “올 하반기 코스피는 3,200~3,500선에서 횡보할 것”이라면서도, 대통령 이재명 정부의 기업지배구조 개혁 의지와 공정거래법 개편이 본격화될 경우 지수 재평가가 가능하다고 평가했다 .또한 최근 외국인 순매수세가 2024년 초보다 다소 약해진 것은 “더 나은 진입 타이밍을 찾기 위한 기다림”으로 해석될 수 있다고 분석했다 . 이는 외국인이 신중하게 시장을 지켜보면서도 대형 우량주 중심의 매수 여력을 유지하고 있음을 시사한다.




 

이 같은 JP모건의 강경한 매수 권고는 국내 투자자들 사이에서도 스탁론(주식담보대출) 활용 저가 분할매수 전략을 부각시키고 있다.스탁론은 보유 종목을 담보로 레버리지를 활용해 유동성을 확대할 수 있는 수단으로, 지수 횡보 구간에 대한 단기 포지셔닝 도구로 활용도가 높다.증권업계 관계자는 “코스피 지수가 3,200~3,500선에서 등락을 반복하면, 실적 기반 우량주를 중심으로 스탁론 유입이 증가할 수 있다”고 말했다.JP모건이 지목한 수혜 업종은 반도체, 금융, 방산·우주, 화학, 소비재 등 구조 개혁 및 정책 기대에 민감한 영역들이다.전문가들은 “국내 증시의 중장기 흐름은 지배구조 개선 추진 속도와 외국인 자금 유입 수준에 따라 결정될 것”이라며, 변동성 구간에서는 분할매수 및 실적 기반 종목 위주의 투자전략이 유효하다고 조언했다.▶ 더머니스탁론 신규 상품 전격 출시! (DSR 규제 X)▶ 최대 400% 레버리지 투자, 증권사 신용미수 대환 가능!▶ 한 종목 100% 집중 투자 가능!▶ 더머니스탁론 바로가기 (https://themoney.co.kr/ha)▶ 더머니스탁론 전화 상담 1600-7096▶ 더머니스탁론 카카오톡 상담 (http://pf.kakao.com/_cVfxbn/chat)관심종목: 삼성전자, 현대차, 한화에어로스페이스, LG화학, 이마트무료상담",https://www.hankyung.com/article/202507158097a,2025.07.15 08:45
"李, 이재용과 만찬 회동…관세협상 '원팀 전략' 논의","정의선·구광모 이어 릴레이 만남
경제 위기 돌파구 찾기 머리 맞대","사진=연합뉴스

                이재명 대통령이 24일 이재용 삼성전자 회장과 만찬을 하고 관세 협상과 국내외 투자 등 현안을 논의했다. 이 대통령은 앞서 정의선 현대자동차그룹 회장과 구광모 LG그룹 회장 등을 만났다.강유정 대통령실 대변인은 이날 “이 대통령이 이 회장과 만나 별도의 의제 없이 자유롭게 폭넓은 의견을 나눴다”고 밝혔다. 여권에 따르면 김용범 정책실장이 배석한 가운데 인공지능(AI) 투자 확대 방안, 신산업 규제 철폐 등 여러 주제에 관해 두루 논의했다. 정치권 관계자는 “기업인과의 진솔한 대화를 통해 경제 위기 극복의 실마리를 찾자는 차원에서 비공개 회동을 제안한 것”이라고 설명했다.이번 회동에선 미국과의 관세 협상 과정에서 정부와 기업이 ‘원팀’으로 돌파할 수 있는 전략이 집중적으로 논의됐다고 한다. 기업이 보유한 미국 네트워크를 동원하는 등 미국 정부와의 협상을 원활하게 풀 방안도 얘기됐을 것으로 추측된다. 도널드 트럼프 정부의 상호관세 부과가 다음달 1일로 다가오면서 정부는 비공식 채널까지 총동원해 돌파구를 마련하겠다는 계획이다. 삼성전자가 국내외에 투자할 때 걸림돌이 되는 규제 등을 두고 논의가 이뤄졌을 것이라는 관측도 있다.이 대통령은 지난달 13일 5대 그룹, 5개 경제단체 수장과 상견례를 했다. 이후 주요 그룹 총수들과 개별적으로 비공개 회동을 하고 있다. 국가 경제의 주체인 기업에 힘을 실어주고 경영 관련 애로 사항을 청취하기 위한 취지로 풀이된다. 지난 14일엔 정 회장을, 15일엔 구 회장을 만났다. 이후 21일 김동관 한화그룹 부회장, 22일 최태원 SK그룹 회장과 비공개로 만찬을 했다. 신동빈 롯데그룹 회장 등 다른 그룹 총수도 조만간 만날 것으로 알려졌다.여권 관계자는 “이 대통령은 기업이 잘돼야 국가 경제가 살아나고, 국민의 삶도 나아질 것이라고 강조하고 있다”며 “친기업 행보를 이어갈 것”이라고 말했다.김형규/황정수 기자 khk@hankyung.com",https://www.hankyung.com/article/2025072406631,2025.07.24 21:00
"DSR 무관 스탁론 출시! 기존 대출 있어도, 최고한도 3억원까지! 주식담보대출 스탁론! 키움증권 전용 스탁론 키워드림론!",,"키워드림론 DSR 미적용 신규 스탁론 상품 출시!매입자금이 모자라 매수 기회를 놓치고 있는 고객들을 위해 키워드림론이 준비했다!▶키워드림론 – 3배 자금 – DSR 무관  – 100% 집중투자 가능(일부종목에 한함)◀키워드림론1644-6960




 

키움증권 전용 스탁론,  키워드림론에서만 최대 혜택 !■ 본인 자산 대비 최대 3배 자금으로 레버리지 투자 !■ 기존 대출, 소득 등 복잡한 DSR 심사는 이제 그만!■ 한종목 100% 집중투자 상품! (일부 종목에 한함)■ 증권사 신용 /미수 상환 가능■ PC 및 모바일 간편 신청!▷키워드림론 관심종목 : 삼성전자 다이나믹디자인 한화솔루션 셀트리온 세아메카닉스무료상담",https://www.hankyung.com/article/202507210840a,2025.07.21 09:10
"""젊은 과학자에 파격 연구비…뭘해도 간섭 말아야 노벨상 나올 것""","월요인터뷰 
'퀀텀닷'으로 노벨상 받은  문지 바웬디 MIT 화학과 교수

바웬디 교수 ""韓과학계, 과거 돌아보라""
30년 前 20대 조교수에 100만弗 주고
한 문단짜리 계획서만으로도 연구 지원
파격적 美 연구시스템이 노벨상 씨앗 돼

퀀텀닷 연구 덕에 QLED TV 나왔지만
노벨상은 결국 삼성서 생산했기에 가능
기술은 사회에 어떤 영향 주느냐가 중요","문지 바웬디 미국 매사추세츠공과대(MIT) 화학과 교수(왼쪽)는 서울대 관악캠퍼스 제2공학관 실험실에서 “세상의 수많은 기술은 결국 사물의 본질을 이해하려는 과학자의 호기심에서 시작됐다”고 말했다. 바웬디 교수와 현택환 서울대 화학생물공학부 석좌교수가 시료가 담긴 병을 들어 보이고 있다.  김범준 기자

                “자연의 색을 TV에 그대로 옮길 수 없을까.”TV 제조업체들의 ‘기술혁명’은 이런 고민에서 시작됐다. 삼성전자는 입자 크기에 따라 다른 색깔의 빛을 내는 아주 작은 반도체 결정에 주목했다. 그 색깔이 순도가 높고 선명했기 때문이다. 바로 ‘양자점(퀀텀닷)’이다. 양자점이 처음 발견된 것은 1981년이다. 하지만 양자점이 산업 영역에 들어선 것은 문지 바웬디 미국 매사추세츠공과대(MIT) 화학과 교수가 1993년 양자점을 균일하게 생산할 수 있는 합성법을 개발하면서부터다. 이후 양자점 기술은 삼성전자 QLED TV뿐만 아니라 태양전지, 바이오 이미징에 이르기까지 응용 분야를 크게 확장했다. 바웬디 교수는 양자점 합성법을 개발한 공로를 인정받아 2023년 노벨화학상을 수상했다. 호암재단 초청으로 한국을 방문한 바웬디 교수와 그의 20년 지기 동료인 현택환 서울대 화학생물공학부 석좌교수를 관악캠퍼스에서 함께 만났다.▷연구를 시작한 배경은 무엇이었나요.바웬디 교수=주변 사물에 대한 순수한 호기심이었어요. 얼마나 많은 원자가 모였을 때 그 물체 고유의 성질이 드러나기 시작하는가. 예를 들어 얼마나 많은 원자가 모이면 여기 이 젓가락처럼 전기를 전도하는 속성이 나타나는지 이런 의문 말이죠.▷하나의 기술이 상용화되기까지 오래 걸렸습니다.바웬디 교수=양자점의 개념이 1981년 처음 나왔고 제 연구가 소개된 것은 1993년인데, 삼성이 QLED TV를 출시한 게 2017년이니까 20~30년 걸린 셈이네요.▷교수님의 연구가 없었다면 QLED TV도 빛을 볼 수 없었겠군요.바웬디 교수=삼성이 QLED TV를 만드는 데 성공했기에 제가 노벨상을 받을 수 있었습니다. 노벨위원회는 기술이 사회에 어떤 영향을 미쳤는지를 중요하게 평가하기 때문입니다.▷노벨상이 가능했던 환경적 요인을 꼽아주십시오.바웬디 교수=전 세계 연구자들이 부러워하는 미국의 연구 시스템 중 하나는 젊은 조교수에게 파격적인 혜택을 준다는 점입니다. 이른바 ‘스타트업 패키지’입니다. 제가 1990년 MIT에서 조교수를 시작했을 때가 스물아홉 살이었습니다. 당시 MIT에서만 37만5000달러(현재 가치 약 92만달러)를 받았습니다. 패커드재단과 국립과학재단(NFS)에서 받은 금액을 더하면 100만달러(약 246만달러)가 들어왔죠.▷돈을 주는 ‘조건’은 무엇입니까.바웬디 교수=좋은 아이디어만 있다면 조건이 거의 붙지 않습니다. 초임 교수가 처음부터 멋진 제안서를 쓰기는 어려우니까요. 당시 그런 지원이 없었다면 균질한 양자점을 생산할 수 있는 합성법을 개발해보겠다는 아이디어도 그냥 사장됐을지 모릅니다.▷노벨상 공동 수상자 3명 중 2명이 벨연구소 출신입니다.바웬디 교수=벨연구소는 특별한 곳이었습니다. 연구자에게 막대한 연구비를 지원하는데 그럼에도 연구의 자유도는 높았습니다. 절차도 간소했습니다. 제가 하고 싶은 연구에 대해 ‘한 문단’만 적어서 제출하면 되더군요.▷박사 학위를 갓 마친 시기 아니었습니까.바웬디 교수=세계적 연구소 중 하나인 독일 막스플랑크연구소 같은 곳은 피라미드 구조입니다. 석학들이 단장을 맡고, 그들에게 예산을 줍니다. 반면 벨연구소는 초임 박사후연구원에게도 권한과 연구비를 부여하는 수평적 구조가 특징이었어요.▷과감한 투자네요.바웬디 교수=예산과 함께 전권을 준 결과가 어땠을까요. 지금까지 벨연구소에서 진행한 연구를 통해 노벨상을 받은 수상자만 11명입니다.▷한국은 어떻습니까.현 교수=한국에선 예산을 준 만큼 ‘감 놔라 배 놔라’ 합니다. 단장에게 자율권을 줘야 하는데, 관료 입장에선 사고가 터지면 책임져야 하니 그걸 피하려고 여러 규정을 만드는 식입니다.▷그래서 한국 과학계에서 노벨상 수상자가 나오지 못하는 걸까요.바웬디 교수=무엇을 발견하고, 그것이 노벨상으로 연결되기까지 최소 30년의 시간이 걸립니다. 저도 1993년 논문으로 2023년 노벨상을 받았습니다. 다시 질문해볼까요. 30년 전 한국의 과학계는 어땠습니까.▷비교 불가능한 수준이었습니까.현 교수=바웬디 교수가 1993년 100만달러의 연구비를 받았을 때, 우리는 1만달러도 받지 못했을 겁니다.▷30년 뒤에는 우리도 가능할까요.현 교수=‘출발점’과 ‘도착점’이라는 측면에서 모두 아직 미국의 30년 전조차 따라가지 못하고 있는 것 같습니다. 한국도 포스텍, KAIST 정도가 스타트업 패키지를 늘리고 있지만 아직 충분치 않습니다. 또 다른 문제는 이미 석학이 된 이들이 연구를 지속할 수 없는 환경이라는 점입니다.▷‘도착점’이 다르다는 건 어떤 의미일까요.현 교수=30년 이상 꾸준히 쌓아온 연구 결과들은 또 다른 유산이 됩니다. 최고 수준의 과학자에게는 ‘은퇴’가 없어야 하죠. 하지만 미국의 테뉴어와 한국의 테뉴어는 다릅니다. 미국은 종신교수지만, 한국에선 65세가 되면 정년으로 연구를 멈춰야 합니다.▷국내 석학들의 중국행이 문제가 되고 있습니다.현 교수=중국은 정년을 앞둔 과학자에게 적극적으로 ‘러브콜’을 보냅니다. 석학 한 사람이 퇴직하면서 연구소 자체가 문을 닫는 경우도 많습니다. 큰 국가적 손실입니다.▷기초과학이 중요한 이유를 설명해 주십시오.바웬디 교수=기초과학 연구 없이 응용만 하는 것은 불가능합니다. 더 나은 디스플레이를 개발하기 위해 양자점이 필요하다는 생각이 들었다고 칩시다. 그렇다고 해서 갑자기 양자점을 ‘발명’할 수는 없습니다.▷기초가 있어야 응용도 가능하다는 의미군요.바웬디 교수=mRNA 백신을 볼까요. 누군가가 ‘백신을 만들어야지’ 하고 뚝딱 만든 게 아닙니다. ‘mRNA는 세포 안에서 어떤 역할을 하는가’라는 질문에서 연구가 시작된 겁니다. 이런 연구가 축적되면서 mRNA를 이용한 백신 개발로 이어진 거죠.▷과학자의 호기심이 인류에게 기여한 사례입니다.바웬디 교수=거의 모든 기술은 그 뿌리를 따라 올라가 보면 세상을 이해하려는 기초과학의 호기심에서 출발했다는 걸 알 수 있습니다.▷요즘은 모두가 인공지능(AI)만 얘기합니다.바웬디 교수=AI보다는 머신러닝이라는 표현을 선호합니다. 아직 진짜 ‘지능’이라고 생각하지 않거든요. AI는 과거의 빅데이터가 있어야 학습이 가능합니다. 우리가 앞서 얘기한 ‘처음의 불꽃’, 호기심에서 출발하는 과학과는 완전히 다른 개념입니다. 최소한 제가 1993년 내놓은 연구 결과 같은 것은 AI가 절대 해낼 수 없을 것이라고 확신합니다.▷AI가 대체할 수 없는 인간만의 무언가가 있군요.바웬디 교수=인간의 뇌는 매우 효율적입니다. 20와트(W)의 전력만 사용하죠. 반면 데이터센터는 어떤가요. 빅테크 기업이 전기료를 내느라 수익을 내지 못할 정도로 많은 에너지를 잡아먹죠. 전구를 켜는 데 필요한 에너지 수준으로 우리의 뇌는 AI보다 더 창의적인 생각을 하는 겁니다. 머신러닝이 인간의 뇌를 따라잡기까지 꽤 시간이 걸릴 것이라고 생각하는 이유입니다. 바웬디 교수는…QLED TV에 쓰는 '양자점'…합성법 개발해 상용화 기여2023년 노벨화학상의 주인공은 ‘양자점(퀀텀닷)’이었다. 양자점을 발견하고, 합성법을 개발한 세 명의 과학자가 공동 수상자로 이름을 올렸다.양자점은 수백~수천 개의 원자로 이뤄진 나노미터(10억분의 1m) 단위의 반도체 결정체다. 알렉세이 에키모프 나노크리스탈테크놀로지 대표는 1981년 러시아 학술지에 입자 크기가 작아질수록 광학적 성질이 달라지는 ‘양자점 효과’를 처음으로 발표했다. 루이스 브루스 미국 컬럼비아대 명예교수는 나노 크기와 광학적 성질의 관계를 이론적으로 정립했다. 브루스 교수의 제자인 문지 바웬디 매사추세츠공과대(MIT) 교수가 1993년 균일한 크기로 고품질 양자점을 생산할 수 있는 합성법을 발견하면서 본격적인 상용화가 시작됐다. 양자점이 디스플레이 재료 등으로 활용되려면 정확하게 동일한 색을 내야 하는데 그러기 위해서는 양자점의 크기가 균일해야 한다.현택환 서울대 석좌교수는 2001년 온도를 서서히 올리며 화학반응 하는 방법으로 균일한 크기의 나노 입자 합성에 성공했다. 현 교수의 연구를 계기로 다양한 크기의 양자점을 대량 생산할 수 있는 길이 열렸다고재연 기자 yeon@hankyung.com",https://www.hankyung.com/article/2025072001261,2025.07.20 17:40
AI 호황 타고 반도체 소부장 '불꽃'…HBM·DDR5 수요에 실적 기대↑,,"엔비디아가 글로벌 상장사 최초로 시가총액 4조달러를 돌파하며 인공지능(AI) 반도체 열풍을 이끄는 가운데, 국내 반도체 소재·부품·장비(소부장) 종목들도 뜨거운 상승세를 보이고 있다. SK하이닉스가 고대역폭메모리(HBM) 시장에서 독보적 지위를 강화하며 사상 최고가를 기록하고, 삼성전자 역시 레거시 반도체 회복 기대감 속 반등 가능성이 제기되면서 반도체 전반에 대한 투자심리가 살아나고 있는 모습이다.국내 반도체주 53개 종목의 시가총액은 한 달 새 5조원 이상 증가했으며, 이오테크닉스·해성디에스를 포함한 다수 소부장 종목들이 20~40%대 주가 상승률을 기록했다. 특히 AI 반도체 수요와 DDR5 전환 흐름, 전통적 성수기 진입 등이 맞물리면서 HBM 관련 장비, D램 패키지 기판 공급 기업 등에 대한 관심이 집중되고 있다. 여기에 외국인과 기관의 순매수세가 강하게 유입되며 상승세에 힘을 더했다.전문가들은 국내 메모리 반도체 산업의 업황 회복세와 더불어 중국 등 글로벌 수요 확대, 주문형 반도체(ASIC) 시장 성장 등을 반도체 소부장 강세의 주요 요인으로 꼽는다. 국내 기업들의 기술력과 고객 다변화 전략이 강화되면서 구조적 성장 기반이 만들어지고 있다는 분석이다. 이와 함께 투자자들은 TSMC와 협력 중인 설계 전문 기업, 중국향 공급 비중이 높은 업체 등으로 포트폴리오를 확대해 나가고 있다.한편, 스탁론에 대한 관심이 날로높아지고 있다. 모처럼 잡은 투자기회를 놓치지 않으려는 투자자들이 주식매입을 위해 더 많은 자금을 활용할 수 있는 스탁론으로 눈길을 돌리고 있기 때문이다. 현 주가는 실적을 따라가지 못하고 있는 상황으로, 밸류에이션 리레이팅이 필요한 시기라는 평가도 나오고 있다.




 

◆ 올뉴스탁론, DSR 무관 상품에 연 4%대 최저금리 상품으로 다양한 선택지를!올뉴스탁론에서 투자자들 누구나 부담 없이 스탁론을 경험할 수 있도록 연 4%대 업계 최저금리로 이용 가능한 증권 연계신용 상품을 출시했다. 주식매입은 물론 증권사 미수/신용 대환 모두 가능하며 신용등급 차등 없이 자기 자본 포함 최대 4배까지 활용할 수 있다.이와 함께 DSR 한도 때문에 기존 스탁론 활용이 어려웠던 투자자들을 위한 DSR 무관 상품도 취급 중이다. 또한 장중 거래가 어려웠던 투자자를 위한 대체거래소(NXT) 거래도 가능해졌다.올뉴스탁론에 대해 자세히 알고 싶은 투자자는 고객상담센터(☎1599-8666)로 연락하면 대출 여부와 무관하게 언제든 전문상담원과 편리하게 상담할 수 있다.○ 보유하고 있는 대출액이나 소득 무관하게! (DSR 무관)○ 최대 4배 주식자금 활용 가능! (본인 자금 포함)○ 대체거래소(NXT) 거래 가능!○ 증권 신용/미수 당일 즉시 대환 가능!○ 기존 증권사 신용, 스탁론으로 매수가 어려웠던 종목도 OK!※ 올뉴스탁론 고객상담센터 : 1599-8666바로가기 : https://allnewstockloan.co.kr?agency=HTS◆ 현 시각 관심종목 Top 10 : 삼성전자, HLB, 카카오, 한화오션, 포스코퓨처엠, 알테오젠, 코리아나, MDS테크, 클로봇, 싸이닉솔루션무료상담",https://www.hankyung.com/article/202507159382a,2025.07.16 11:00
[천자칼럼] 두 번 접는 폰,,"‘접는 폰’의 시초는 2000년대 초반 모토로라의 ‘스타텍’과 삼성전자의 ‘애니콜’이다. 당시 폴더폰은 콤팩트한 디자인과 액정을 보호하는 실용성, 그리고 전화를 끊을 때 ‘탁’하고 닫는 특유의 감성으로 큰 인기를 끌었다. 더 넓은 화면에 대한 갈망으로 탄생한 요즘 폴더블폰과는 개념이 조금 다르지만 ‘접는다’는 행위를 통해 휴대성과 편의성을 동시에 추구했다는 점에서는 맥을 같이한다.삼성전자는 2019년 첫 ‘갤럭시 폴드’를 출시하며 폴더블폰 시장을 개척했다. 고사양 카메라, 고화질 디스플레이 등 스마트폰 사양이 상향 평준화하자 폼팩터(외형) 혁신으로 차별화를 꾀한 것이다. 하지만 첫 제품은 접었을 때 두께가 17.1㎜, 무게는 276g으로 묵직했다. 지금의 두 배 정도로, 일부 소비자 사이에선 ‘벽돌’이라는 조롱을 듣기도 했다.지난 9일 미국 뉴욕에서 공개된 갤럭시 Z폴드7의 두께는 8.9㎜, 무게는 215g에 불과하다. 작년에 나온 폴드6보다 각각 3.2㎜, 24g 줄었다. 두께 0.1㎜를 줄이기 위해 들어가는 노력과 투자를 감안하면 ‘하드웨어 분야의 혁신’이라는 평가가 나올 만하다.삼성전자는 연내 두 번 접는 ‘트라이폴드폰’도 선보일 예정이다. 이미 제품 개발은 끝났고 폰 이름을 짓는 중이라고 한다. 지난해 3월 미국에서 트리플 폴더블·롤러블 디스플레이 특허를 취득한 게 알려지면서 제품 출시 시기가 모두의 관심이었다.앞서 중국 화웨이는 지난해 9월 트라이폴드폰 ‘메이트 XT’를 선보였다. 세계 최초라는 타이틀이 붙긴 했지만 두께가 12.8㎜로 두껍다. 샤오미 아너 등 중국 업체에 이어 애플도 내년 폴더블폰을 내놓는다고 한다. IDC에 따르면 지난해 세계 폴더블폰 시장 점유율은 삼성전자(33%) 화웨이(23%) 모토로라(17%) 아너(10.4%) 등 순이다.세계 폴더블폰 출하량은 전체 스마트폰 출하량의 2% 정도로 아직 크지 않다. 하지만 이를 놓고 글로벌 업체 간 패권 경쟁은 그 어느 때보다 치열하게 전개되고 있다. 지난 6년간 이 시장을 선도해 온 삼성전자가 트라이폴드폰 출시를 통해 더욱더 치고 나가길 기대해 본다.서정환 논설위원 ceoseo@hankyung.com",https://www.hankyung.com/article/2025071010611,2025.07.10 17:37
"17일, 기관 거래소에서 삼성전자(+3.09%), 한화에어로스페이스(+4.92%) 등 순매수",,"기관 투자자는 17일 거래소에서 삼성전자, 한화에어로스페이스, 유한양행 등을 중점적으로 사들인 것으로 나타났다.기관 투자자의 순매수 상위 20개 종목은 삼성전자, 한화에어로스페이스, 유한양행, KODEX 코스닥150레버리지, 삼성중공업, 한화오션, 삼성에스디에스, 삼성바이오로직스, HD현대미포, SK바이오팜등이다.이중에 운수장비 업종에 속한 종목이 5개 포함되어 있다.삼성전자, 한화에어로스페이스, 유한양행 등은 전일 대비 주가가 상승했고, 삼성에스디에스, KODEX 200선물인버스2X, KODEX 인버스 등은 주가가 하락했다.[07월17일]거래소 기관 순매수 상위 종목한경로보뉴스이 기사는 한국경제신문과 금융 AI 전문기업 씽크풀이 공동 개발한 기사 자동생성 알고리즘에 의해 실시간으로 작성된 것입니다.",https://www.hankyung.com/article/202507175594L,2025.07.17 18:35
방산·바이오·전력 인프라까지…7월 시장을 움직인 진짜 주도주 [진짜 주식 2부],"두산에너빌리티·펩트론·LS ELECTRIC…분야별 대표주 쏟아져
스테이블코인·M&A·폴더블 이슈…핵심 테마별 주목 종목 공개
“흔들림 속 통찰이 수익을 만든다”…박완필 전문가의 전략","영상 모듈 닫기




지난 7월 16일(수) 방송된 한국경제TV ‘진짜 주식 2부’에서는, 와우넷에서 활동 중인 박완필 전문가(칠종칠금투자연구소)가 출연해 흔들리는 지수 속에서도 급등세를 보인 주도주의 공통점과, 하반기 구조개혁 시대에 주목해야 할 투자전략을 제시했다.박완필 전문가는 “지수 등락에 일희일비하기보다 구조 변화에 기반한 주도주를 선별하는 통찰이 필요하다”며, “최근 100% 이상 상승한 종목만 10개에 달하며, 30% 이상 상승한 종목은 40여 개가 넘는다. 이는 단순 흐름이 아닌 성장 동력과 정책 변화에 기인한 결과”라고 설명했다.
                    




                그는 특히 “▲두산에너빌리티 ▲LIG넥스원 ▲펩트론 ▲에이비엘바이오 등 방산·바이오 대표 종목은 물론, ▲LS ELECTRIC ▲효성중공업 등 전력 인프라 섹터까지 다양한 분야의 주도주가 연달아 부각되고 있다”고 진단하며, “이는 ‘K성장동력의 변화’와 상법·자본시장법 개정 등 제도개선 흐름에 시장이 반응하고 있다는 신호”라고 분석했다.이날 박 전문가는 시장 주요 이슈로 ▲스테이블코인 관련주 쿠콘의 상승 배경, ▲SNT그룹의 스맥 인수 가능성, ▲삼성전자의 GPU·디스플레이 부문 글로벌 협업 확대 등도 언급했다. 또한 “최근 풍산·우리기술투자·리가켐바이오 등의 추천 종목 역시 15~30%대의 탄탄한 수익률을 기록 중”이라며 추천 성과도 강조했다.
                    




                끝으로 그는 “외국인 매도와 경기 변수에 흔들리는 장에서도 구조적 변화에 올라탄 진짜 주도주는 독립적인 상승 흐름을 보일 수 있다”며, “통찰력 있는 종목 선별이 그 어느 때보다 중요한 시점”이라고 조언했다.박권민증권에디터 reice@wowtv.co.kr",https://www.hankyung.com/article/2025071741155,2025.07.17 10:47
신용대출 이자 절감 꿀팁! 증권사 3%대 대출 전환법 공개,,"전송종목 : 녹십자홀딩스, 동진쎄미켐, 롯데칠성, 현대차, 코스모화학최근 주식 투자자들 사이에서 주식대출(미수/신용융자 등)의 고금리에 대한 부담이 커지고 있다.특히 저금리를 적용 받고 싶어도, 기존 대출을 상환하고 다시 주식을 매수해야 하는 번거로운 절차와 자금 조달의 어려움이 발목을 잡고 있다.이런 현실적인 문제를 해결하고자, 무빙스탁이 ‘증권사 신용, 대환자금대출’ 서비스를 전격 출시했다.이 상품은 주식을 매도하지 않고도, 기존의 고금리의 주식대출(미수/신용융자 등)의 3%대의 혁신적인 저금리 증권사로 전환할 수 있도록 상환자금을 제공하는 것이 핵심이다.무빙스탁 관계자는 “현재 증권사 이벤트 금리는 연 3%대 수준으로, 기존 9~10%대 고금리를 적용받는 투자자라면 절감 효과가 상당하다”며, 금리를 5%만 낮추면 “1억원 신용대출 기준으로 연간 약 500만원, 3억원이라면 1,500만원까지도 절약할 수 있다”고 밝혔다.더 놀라운 점은, 현재는 이벤트 기간으로 대환자금대출 신청시 발생하는 이자 비용까지 ‘0원’이라는 사실이다. 대환자금에 대해서 하루의 대출이자도 부담하지 않고 기존 고금리 대출을 저금리로 전환할 수 있어, 고금리 부담에 시달리던 투자자들에게 큰 호응을 얻을 전망이다.이 서비스는 부동산 시장에서 흔히 이용되던 대환대출 개념을 증권시장에 도입한 혁신적인 시도로, 주식 투자자들의 자금 운용에 새로운 대안을 제시할 것으로 기대된다.무빙스탁 ‘증권사 신용, 대환자금대출’의 비용 무료 이벤트는 이벤트 기간 동안 한정적으로 제공되는 만큼, 신용융자를 이용 중인 투자자라면 지금 바로 확인해볼 필요가 있다.★ 장마감 시간이 가까워질수록 문의가 많아 상담이 지연될 수 있습니다.★ 7월 문의하신 고객들이 많이 보유하신 종목으로는 삼성전자, POSCO홀딩스, 셀트리온, 포스코퓨처엠, 에코프로비엠, NAVER, 에코프로, 삼성SDI, LG화학, SK하이닉스, 두산에너빌리티, 카카오, SK이노베이션, LG에너지솔루션, 엘앤에프, 삼천당제약, 현대차, 알테오젠, HPSP, LG전자 등이 있습니다.★ 안내사항과도한 빚은 당신에게 큰 불행을 안겨줄 수 있습니다. 대출 시 신용등급 하락으로 다른 금융거래가 제약받을 수 있습니다. 중개수수료를 요구하거나 받는 것은 불법입니다.상호명: ㈜단비대부 2021-서울영등포-2102(대부업) | TEL: 1544-4886 | 대출금리: 연 20%이내(연체금리는 약정금리+3%p이내, 최대 연 20%이내) | 단, 2021. 7. 7.부터 신규체결, 갱신, 연장되는 계약에 한함 | 채무의 조기상환 조건 및 부대비용 없음. (단, 신용조회비용 및 담보권설정비용 있음), 이자 외 별도로 중개수수료를 요구하거나 수취하는 것은 불법입니다. | 대표이사: 박동원 | 사업자등록번호: 274-86-00231 | 등록기관명칭: 서울 영등포구청(담당부서: 일자리경제과, 02-2670-3420) | 소재지 : 서울 영등포구 여의대방로67길 11, 5층 517호 | 개인정보관리자메일: help@danbifund.co.kr무료상담",https://www.hankyung.com/article/202507186003a,2025.07.18 13:08
"코스피, 외국인 매수에 3210선 회복…'호실적' SK하닉·삼바 2%대↑",,"사진=연합뉴스

                코스피가 외국인 매수세에 힘입어 장 초반 3210선을 넘어섰다. 호실적을 내놓은 SK하이닉스와 삼성바이오로직스는 2%대 강세를 보이는 중이다.24일 오전 9시5분 현재 코스피는 전일 대비 29.56포인트(0.93%) 오른 3213.33에 거래되고 있다.외국인이 유가증권시장에서 1709억원어치 주식을 사며 지수를 끌어 올리고 있다. 반면 개인과 기관은 각각 1621억원어치와 84억원어치를 팔고 있다.시가총액 상위 종목들은 대부분 강세다. 삼성전자만 강보합권에서 등락 중이다.SK하이닉스는 2.6% 상승 중이다. 2분기 영업이익이 9조2129억원에 달했다고 개장 전 공시한 영향이다. SK하이닉스의 분기 영업이익이 9조원을 웃돈 건 이번이 처음이다.삼성바이오로직스는 2.91% 상승 중이다. 이 회사는 전일 장마감 직후 영업이익이 컨센서스를 10%가량 웃돈 2분기 실적을 발표했다.LG에너지솔루션도 2.23% 상승하고 있다. 특허 라이선스 및 소송의 대행을 맡긴 튤립이노베이션이 신왕다와의 특허 침해 소송에서 승소했다는 소식을 전한 영향으로 보인다.두산에너빌리티도 4.57% 강세다.코스닥은 전일 대비 5.46포인트(0.67%) 오른 819.02에 거래되고 있다. 이 시장에서는 외국인과 기관이 각각 192억원어치와 5억원어치의 주식을 순매수하는 반면, 개인은 180억원어치를 팔고 있다.코스닥 시가총액 상위 종목들도 대체로 상승세다.삼천당제약이 6.32% 급등하며 가장 두드러지고 있다. 알테오젠도 1.36% 상승 중이다.반면 펩트론은 0.84% 하락하고 있고, 파마리서치도 약보합세를 보이는 중이다.서울외환시장에서 원·달러 환율은 전일 대비 0.9원(0.7%) 내린 달라덩 1375원에 거래되고 있다.간밤 뉴욕증시에서 주요지수는 미·일 무역 합의에 이어 미·EU 무역협상도 타결될 가능성이 기대되며 3대지수가 모두 상승했다. 23일(현지시간) 뉴욕증권거래소(NYSE)에서 장 마감 무렵 다우존스30산업평균지수는 전일 대비 507.85포인트(1.14%) 뛴 45,010.29에, 스탠더드앤드푸어스(S&P)500지수는 49.29포인트(0.78%) 뛴 6,358.91에, 나스닥종합지수는 127.33포인트(0.61%) 상승한 21,020.02에 각각 마감됐다.한경우 한경닷컴 기자 case@hankyung.com",https://www.hankyung.com/article/2025072485416,2025.07.24 09:15
신용대출 이자 절감 꿀팁! 증권사 3%대 대출 전환법 공개,,"전송종목 : LG에너지솔루션, DL이앤씨, F&F, SK스퀘어, 에코프로머티최근 주식 투자자들 사이에서 주식대출(미수/신용융자 등)의 고금리에 대한 부담이 커지고 있다.특히 저금리를 적용 받고 싶어도, 기존 대출을 상환하고 다시 주식을 매수해야 하는 번거로운 절차와 자금 조달의 어려움이 발목을 잡고 있다.이런 현실적인 문제를 해결하고자, 무빙스탁이 ‘증권사 신용, 대환자금대출’ 서비스를 전격 출시했다.이 상품은 주식을 매도하지 않고도, 기존의 고금리의 주식대출(미수/신용융자 등)의 3%대의 혁신적인 저금리 증권사로 전환할 수 있도록 상환자금을 제공하는 것이 핵심이다.무빙스탁 관계자는 “현재 증권사 이벤트 금리는 연 3%대 수준으로, 기존 9~10%대 고금리를 적용받는 투자자라면 절감 효과가 상당하다”며, 금리를 5%만 낮추면 “1억원 신용대출 기준으로 연간 약 500만원, 3억원이라면 1,500만원까지도 절약할 수 있다”고 밝혔다.더 놀라운 점은, 현재는 이벤트 기간으로 대환자금대출 신청시 발생하는 이자 비용까지 ‘0원’이라는 사실이다. 대환자금에 대해서 하루의 대출이자도 부담하지 않고 기존 고금리 대출을 저금리로 전환할 수 있어, 고금리 부담에 시달리던 투자자들에게 큰 호응을 얻을 전망이다.이 서비스는 부동산 시장에서 흔히 이용되던 대환대출 개념을 증권시장에 도입한 혁신적인 시도로, 주식 투자자들의 자금 운용에 새로운 대안을 제시할 것으로 기대된다.무빙스탁 ‘증권사 신용, 대환자금대출’의 비용 무료 이벤트는 이벤트 기간 동안 한정적으로 제공되는 만큼, 신용융자를 이용 중인 투자자라면 지금 바로 확인해볼 필요가 있다.★ 장마감 시간이 가까워질수록 문의가 많아 상담이 지연될 수 있습니다.★ 7월 문의하신 고객들이 많이 보유하신 종목으로는 삼성전자, POSCO홀딩스, 셀트리온, 포스코퓨처엠, 에코프로비엠, NAVER, 에코프로, 삼성SDI, LG화학, SK하이닉스, 두산에너빌리티, 카카오, SK이노베이션, LG에너지솔루션, 엘앤에프, 삼천당제약, 현대차, 알테오젠, HPSP, LG전자 등이 있습니다.★ 안내사항과도한 빚은 당신에게 큰 불행을 안겨줄 수 있습니다. 대출 시 신용등급 하락으로 다른 금융거래가 제약받을 수 있습니다. 중개수수료를 요구하거나 받는 것은 불법입니다.상호명: ㈜단비대부 2021-서울영등포-2102(대부업) | TEL: 1544-4886 | 대출금리: 연 20%이내(연체금리는 약정금리+3%p이내, 최대 연 20%이내) | 단, 2021. 7. 7.부터 신규체결, 갱신, 연장되는 계약에 한함 | 채무의 조기상환 조건 및 부대비용 없음. (단, 신용조회비용 및 담보권설정비용 있음), 이자 외 별도로 중개수수료를 요구하거나 수취하는 것은 불법입니다. | 대표이사: 박동원 | 사업자등록번호: 274-86-00231 | 등록기관명칭: 서울 영등포구청(담당부서: 일자리경제과, 02-2670-3420) | 소재지 : 서울 영등포구 여의대방로67길 11, 5층 517호 | 개인정보관리자메일: help@danbifund.co.kr무료상담",https://www.hankyung.com/article/202507248238a,2025.07.24 10:28
이자 부담 최소화! 증권사 신용대출 3%대로 바꾸는 절호의 기회,,"전송종목 : 인바디, 메디아나, 카페24, 비츠로테크, 바텍최근 주식 투자자들 사이에서 주식대출(미수/신용융자 등)의 고금리에 대한 부담이 커지고 있다.특히 저금리를 적용 받고 싶어도, 기존 대출을 상환하고 다시 주식을 매수해야 하는 번거로운 절차와 자금 조달의 어려움이 발목을 잡고 있다.이런 현실적인 문제를 해결하고자, 무빙스탁이 ‘증권사 신용, 대환자금대출’ 서비스를 전격 출시했다.이 상품은 주식을 매도하지 않고도, 기존의 고금리의 주식대출(미수/신용융자 등)의 3%대의 혁신적인 저금리 증권사로 전환할 수 있도록 상환자금을 제공하는 것이 핵심이다.무빙스탁 관계자는 “현재 증권사 이벤트 금리는 연 3%대 수준으로, 기존 9~10%대 고금리를 적용받는 투자자라면 절감 효과가 상당하다”며, 금리를 5%만 낮추면 “1억원 신용대출 기준으로 연간 약 500만원, 3억원이라면 1,500만원까지도 절약할 수 있다”고 밝혔다.더 놀라운 점은, 현재는 이벤트 기간으로 대환자금대출 신청시 발생하는 이자 비용까지 ‘0원’이라는 사실이다. 대환자금에 대해서 하루의 대출이자도 부담하지 않고 기존 고금리 대출을 저금리로 전환할 수 있어, 고금리 부담에 시달리던 투자자들에게 큰 호응을 얻을 전망이다.이 서비스는 부동산 시장에서 흔히 이용되던 대환대출 개념을 증권시장에 도입한 혁신적인 시도로, 주식 투자자들의 자금 운용에 새로운 대안을 제시할 것으로 기대된다.무빙스탁 ‘증권사 신용, 대환자금대출’의 비용 무료 이벤트는 이벤트 기간 동안 한정적으로 제공되는 만큼, 신용융자를 이용 중인 투자자라면 지금 바로 확인해볼 필요가 있다.★ 장마감 시간이 가까워질수록 문의가 많아 상담이 지연될 수 있습니다.★ 7월 문의하신 고객들이 많이 보유하신 종목으로는 삼성전자, POSCO홀딩스, 셀트리온, 포스코퓨처엠, 에코프로비엠, NAVER, 에코프로, 삼성SDI, LG화학, SK하이닉스, 두산에너빌리티, 카카오, SK이노베이션, LG에너지솔루션, 엘앤에프, 삼천당제약, 현대차, 알테오젠, HPSP, LG전자 등이 있습니다.★ 안내사항과도한 빚은 당신에게 큰 불행을 안겨줄 수 있습니다. 대출 시 신용등급 하락으로 다른 금융거래가 제약받을 수 있습니다. 중개수수료를 요구하거나 받는 것은 불법입니다.상호명: ㈜단비대부 2021-서울영등포-2102(대부업) | TEL: 1544-4886 | 대출금리: 연 20%이내(연체금리는 약정금리+3%p이내, 최대 연 20%이내) | 단, 2021. 7. 7.부터 신규체결, 갱신, 연장되는 계약에 한함 | 채무의 조기상환 조건 및 부대비용 없음. (단, 신용조회비용 및 담보권설정비용 있음), 이자 외 별도로 중개수수료를 요구하거나 수취하는 것은 불법입니다. | 대표이사: 박동원 | 사업자등록번호: 274-86-00231 | 등록기관명칭: 서울 영등포구청(담당부서: 일자리경제과, 02-2670-3420) | 소재지 : 서울 영등포구 여의대방로67길 11, 5층 517호 | 개인정보관리자메일: help@danbifund.co.kr무료상담",https://www.hankyung.com/article/202507145603a,2025.07.14 09:33
제1181회 로또 1등 당첨번호 ‘8·10·14·20·33·41’… 1인 8장 당첨 ‘화제’,,"19일 발표된 제1181회 로또 복권 추첨 결과, 1등 당첨 번호는 ‘8·10·14·20·33·41’로 결정됐다. 보너스 번호는 ‘28’이다.1등 당첨자는 총 17명으로, 이들은 각각 15억 9364만 3500원의 당첨금을 받게 된다. 2등은 당첨 번호 5개와 보너스 번호를 맞힌 86명이 당첨됐으며, 각자 5250만 3759원을 수령한다. 3등은 3109명으로, 1인당 145만 2340원이 지급된다.고정 당첨금이 지급되는 4등(번호 4개 일치)은 15만 5498건으로, 1인당 5만 원이 지급된다. 5등(번호 3개 일치)은 259만 6371건으로, 당첨금은 5000원이다.이번 회차에서 1등을 배출한 판매점은 총 10곳이며, 자동 선택으로 당첨된 곳은 7곳이다. 자동 당첨점은 다음과 같다.△고고GOGO로또(서울 광진구)△잠실매점(서울 송파구)△화신상사(부산 동래구)△빅세일복권방(부산 부산진구)△로터리복권방(부산 서구)△금집복권(광주 북구)△행운로또(충북 진천군)




 

수동 선택으로 당첨된 곳은 3곳이다. 특히 부산 기장군에 위치한 ‘뉴빅마트’에서 8건의 1등 당첨이 한꺼번에 나와 눈길을 끌었다. 동일인이 같은 번호로 8장을 구입해 모두 당첨된 것으로 추정되며, 이 경우 총 당첨금은 약 127억 490만 8000원에 이른다. 나머지 수동 당첨점은 △로또복권방(경기 의왕시), △봉서산로또토토(충남 천안시)다.당첨금 지급 기한은 지급 개시일로부터 1년이며, 기한 내에 수령하지 않으면 무효가 되므로 주의가 필요하다.삼성전자, SK하이닉스, 현대로템, 두산에너빌리티, 한국전력무료상담",https://www.hankyung.com/article/202507210709a,2025.07.21 08:53
내수·수출 동반 부진에…한국경제 ‘절대 수요 부족’ 경고,,"한국개발연구원(KDI)이 2025년 7월 경제동향을 발표했다. 최근 건설업 부진이 이어지는 가운데, 대외 여건도 악화하며 경기가 전월과 비슷한 수준에서 정체되고 있다. 이로 인해 소비·투자·건설이 동반 침체 양상을 띠고 있으며, 경기 회복의 뚜렷한 모멘텀도 보이지 않는다는 분석이다.특히 현대경제연구원은 2025년 한국 연간 경제성장률 전망치를 기존 1.7%에서 0.7%로 1.0%포인트나 하향 조정했다. 수정 전망의 주요 원인은 내수부진 장기화와 수출경기 둔화다. 고금리·고물가에 따른 소비심리 위축, 건설투자 침체가 민간 회복력을 약화시키고 있다. 수출환경 개선이 없이는 내수 회복 동력 확보도 어렵다는 점이 우려를 키운다.이처럼 내수와 수출 모두 뚜렷한 반등이 없는 상황에서 한국 경제는 당분간 ‘절대 수요 부족’ 국면을 벗어나기 어려울 것으로 보인다. KDI 등은 내수회복, 수출환경 개선, 정책 대응 없이는 상반기형 경기둔화가 장기화할 가능성을 경고했다.이에 따라 경제 정책 당국은 민간 소비와 투자 회복을 위한 적극적 재정․금융 지원, 건설·설비투자 활성화책 등에 보다 집중할 필요가 있다. 단지 인위적 경기 부양이 아닌, 내수와 수출을 동시 강화할 수 있는 전략적 대응이 중요한 시점이다.삼성전자, SK하이닉스, 두산에너빌리티, 아우토크립트, 동양철관무료상담",https://www.hankyung.com/article/202507161211a,2025.07.16 10:03
"코스피, 3200선 안팎 등락…코스닥은 바이오주 강세",,"사진=뉴스1

                하락 출발한 코스피가 장중 상승 전환했다가 이내 보합권에 머무는 등 방향성 잃은 움직임이다.15일 오전 11시 기준 코스피지수는 전날 대비 9.89포인트(0.31%) 오른 3211.92에 거래 중이다. 지수는 7.21포인트(0.23%) 오른 3194.82에 개장해 3183선까지 밀리기도 했다.유가증권시장에서 외국인만 81억원 매수 우위다. 개인과 기관이 각각 189억원, 391억원 매도 우위다.대장주 삼성전자는 약 1% 상승 중이다. SK하이닉스는 2.33% 내린 29만3000원에 거래 중이다. 전날 SK하이닉스는 30만원선에 마감, 2011년 SK그룹 편입 이후 최고가를 기록했는데 하루 만에 약세 전환했다.현대차와 기아는 2% 넘게 빠지고 있다. 두산에너빌리티는 5%대 강세다.일명 '집사 게이트'와 관련해 특별검사팀의 소환 통보를 받은 키움증권과 HS효성, 카카오도 약세다. HS효성(-3.43%), 카카오(-2.74%), 키움증권(-0.63%) 순으로 낙폭이 크다.업종별로는 방산주가 증권사 낙관에 강세다. 풍산이 약 13% 급등세이고 LIG넥스원과 풍산홀딩스도 각각 4%, 3%대 오름세다.이날 풍산에 대해 유진투자증권 리서치센터는 보고서를 내고 ""내년과 2027년부터 본격적으로 폴란드 2차 물량 납품이 개시되면서, 풍산을 비롯해 다른 한국 방산업체들의 추가 수주 파이프라인도 기대된다""고 짚었다.같은 시각 코스닥지수 5.79포인트(0.72%) 상승한 805.1에 거래되고 있다. 이날 지수는 0.87포인트(0.11%) 오른 800.24에 개장했다.개인이 467억원 매수 우위이고 외국인과 기관이 각각 4억원, 284억원 매도 우위다.코스닥시장에서 파마리서치(2.83%)와 휴젤(3.47%), 실리콘투(4.43%), 에이비엘바이오(9.19%) 등이 강세다. 케어젠은 16% 넘게 급등세다.신민경 한경닷컴 기자 radio@hankyung.com",https://www.hankyung.com/article/2025071588766,2025.07.15 11:15
"이오테크닉스, 구조적 상승 국면 돌입",,"이오테크닉스는 최근 반도체 장비 수요 회복, 기관 집중 매수, 실적 개선 기대, 그리고 증권사들의 목표가 상향으로 구조적 상승 흐름에 진입한 것으로 평가된다.우선 반도체 공정에서의 레이저 기술 채택이 가속화되고 있다. 삼성전자 등 주요 고객의 DRAM 1c 및 HBM, NAND 공정에 레이저 어닐링과 스텔스 다이싱 장비 도입이 확대되면서, 해당 장비의 매출 증가가 본격화될 조짐이다. 신한투자증권은 2분기 매출과 영업이익이 전분기 대비 각각 약 6.7%, 11.1% 증가하며 컨센서스를 20% 이상 초과할 전망이라고 분석했다.수급 측면에서는 기관 매수세가 두드러진다. 최근 한 달간 기관이 약 31만 주를 순매수하며 중장기적인 매수축이 형성된 가운데, 연속 52주 신고가 행진도 기관 중심 수급의 신뢰를 반영하고 있다.




 

증권사들의 분석도 긍정적이다. 흥국증권은 “물 들어오는 시기”라며 신규 매수 의견을 제시했고, 신한투자증권은 반도체 공정 미세화에 따른 레이저 장비 수요 확대를 근거로 투자의견을 매수로 개시하면서 목표주가를 상향 조정했다.펀더멘털도 개선되고 있다. 1분기 연결 실적은 전년 대비 매출과 영업이익이 각각 16.5%, 150% 증가하며 고성장 기반을 구축했다. 레이저 응용장비 전반의 점유율 확대가 실적 개선과 맞물린다는 점이 중요한 요인으로 꼽힌다.이 같은 흐름은 단순한 수급 이벤트가 아닌, 기술 구조 전환, 기관의 신뢰 축적, 실적·애널리스트 모멘텀 강화가 동시에 이루어진 ‘확인된 상승 모멘텀’으로 평가된다. 다만 향후 실적과 수주 지속 여부, 반도체 업황 회복 속도가 다음 흐름의 핵심 변수가 될 전망이다.휴림로봇, 레인보우로보틱스, 삼성전기, 케이옥션, 로보티즈무료상담",https://www.hankyung.com/article/202507223771a,2025.07.22 13:33
"파인엠텍, 폴더블 힌지·신사업 확장·투자 기대에 주가 급등",,"파인엠텍의 주가는 최근 가파른 상승세를 보이며 투자자의 이목을 끌고 있다. 먼저, 핵심 모멘텀은 폴더블 디스플레이용 내장 힌지 수요 급증이다. 1분기 매출은 전년 대비 약 36% 증가했으며, 특히 중화권 향 힌지 수요와 더불어 전기차 부품(EV Module Housing) 수주 확대가 실적으로 확인되었다.시장 관계자는 “삼성디스플레이의 폴더블 공급망에서 파인엠텍이 핵심 지위를 차지하고 있다”며, 최근 애플의 폴더블 아이폰 협력 소식이 실적 기대감을 키웠다고 설명했다.이와 함께, 회사는 폴더블 생산 대응을 위한 신규 시설 투자를 발표했다. 175억 원 규모의 초정밀 레이저 설비를 2027년 초까지 구축하겠다는 공시가 나오며, 향후 생산능력(CAPA) 확대 기대가 주가에 긍정적으로 반영됐다.




 

다만, 일시적 실적 정체와 연구개발(R&D) 비용 증가로 영업이익률은 다소 둔화됐다. 1분기 영업이익은 전년 대비 소폭 감소했고, R&D 투자가 확대되며 단기 수익성 압박 우려도 존재한다. 이에 따라 향후 실적 추이와 투자 효과가 주가의 추가 상승 여부를 결정할 핵심 변수로 꼽힌다.종합하면, 파인엠텍의 최근 주가 상승은 폴더블 힌지 중심의 수익 회복 → 시설 투자 기대 확대 → 수급 강세 → 기술적 반등 구도 완성이라는 상승 구조가 맞물리며 나타난 결과로 해석된다. 향후 관건은 폴더블 신제품 출시, 투자 효과 반영 시점, 수익성 회복 여부다.KCTC, 대주전자재료, 이수페타시스, 우리기술투자, 한일현대시멘트무료상담",https://www.hankyung.com/article/202507186579a,2025.07.18 11:43
"주식 매도 없이 신용이자 연 1,500만 원 줄이는 비법",,"전송종목 : 한국카본, 삼성에스디에스, 브이티, SK가스, 한온시스템최근 주식 투자자들 사이에서 주식대출(미수/신용융자 등)의 고금리에 대한 부담이 커지고 있다.특히 저금리를 적용 받고 싶어도, 기존 대출을 상환하고 다시 주식을 매수해야 하는 번거로운 절차와 자금 조달의 어려움이 발목을 잡고 있다.이런 현실적인 문제를 해결하고자, 무빙스탁이 ‘증권사 신용, 대환자금대출’ 서비스를 전격 출시했다.이 상품은 주식을 매도하지 않고도, 기존의 고금리의 주식대출(미수/신용융자 등)의 3%대의 혁신적인 저금리 증권사로 전환할 수 있도록 상환자금을 제공하는 것이 핵심이다.무빙스탁 관계자는 “현재 증권사 이벤트 금리는 연 3%대 수준으로, 기존 9~10%대 고금리를 적용받는 투자자라면 절감 효과가 상당하다”며, 금리를 5%만 낮추면 “1억원 신용대출 기준으로 연간 약 500만원, 3억원이라면 1,500만원까지도 절약할 수 있다”고 밝혔다.더 놀라운 점은, 현재는 이벤트 기간으로 대환자금대출 신청시 발생하는 이자 비용까지 ‘0원’이라는 사실이다. 대환자금에 대해서 하루의 대출이자도 부담하지 않고 기존 고금리 대출을 저금리로 전환할 수 있어, 고금리 부담에 시달리던 투자자들에게 큰 호응을 얻을 전망이다.이 서비스는 부동산 시장에서 흔히 이용되던 대환대출 개념을 증권시장에 도입한 혁신적인 시도로, 주식 투자자들의 자금 운용에 새로운 대안을 제시할 것으로 기대된다.무빙스탁 ‘증권사 신용, 대환자금대출’의 비용 무료 이벤트는 이벤트 기간 동안 한정적으로 제공되는 만큼, 신용융자를 이용 중인 투자자라면 지금 바로 확인해볼 필요가 있다.★ 장마감 시간이 가까워질수록 문의가 많아 상담이 지연될 수 있습니다.★ 7월 문의하신 고객들이 많이 보유하신 종목으로는 삼성전자, POSCO홀딩스, 셀트리온, 포스코퓨처엠, 에코프로비엠, NAVER, 에코프로, 삼성SDI, LG화학, SK하이닉스, 두산에너빌리티, 카카오, SK이노베이션, LG에너지솔루션, 엘앤에프, 삼천당제약, 현대차, 알테오젠, HPSP, LG전자 등이 있습니다.★ 안내사항과도한 빚은 당신에게 큰 불행을 안겨줄 수 있습니다. 대출 시 신용등급 하락으로 다른 금융거래가 제약받을 수 있습니다. 중개수수료를 요구하거나 받는 것은 불법입니다.상호명: ㈜단비대부 2021-서울영등포-2102(대부업) | TEL: 1544-4886 | 대출금리: 연 20%이내(연체금리는 약정금리+3%p이내, 최대 연 20%이내) | 단, 2021. 7. 7.부터 신규체결, 갱신, 연장되는 계약에 한함 | 채무의 조기상환 조건 및 부대비용 없음. (단, 신용조회비용 및 담보권설정비용 있음), 이자 외 별도로 중개수수료를 요구하거나 수취하는 것은 불법입니다. | 대표이사: 박동원 | 사업자등록번호: 274-86-00231 | 등록기관명칭: 서울 영등포구청(담당부서: 일자리경제과, 02-2670-3420) | 소재지 : 서울 영등포구 여의대방로67길 11, 5층 517호 | 개인정보관리자메일: help@danbifund.co.kr무료상담",https://www.hankyung.com/article/202507210602a,2025.07.21 14:23
尹 신병 확보 후 김건희 영장도?…'코바나콘텐츠·삼부토건' 수사 분수령,,"사진=뉴스1

                윤석열 전 대통령이 구속되면서 부인 김건희 여사에 대한 구속영장 청구 여부도 주목받고 있다. 김 여사 관련 의혹을 수사 중인 민중기 특별검사팀은 코바나콘텐츠의 대가성 협찬 의혹과 삼부토건 주가조작 의혹을 집중적으로 들여다보며 혐의 입증에 주력할 것으로 보인다.  2021년 '무혐의' 사건 재검토...""철저희 수사하겠다"" 오정희 특검보는 10일 정례 브리핑에서  “코바나콘텐츠 전시회에 기업들이 대가성 협찬을 했다는 의혹과 관련해 준비 기간부터 과거 수사기록을 전면 재검토했다”며 “이 과정에서 드러난 정황들을 바탕으로 남은 의혹이 없도록 철저히 수사하겠다”고 말했다. 해당 '코바나콘텐츠 대가성 협찬 의혹'은 2021년 서울중앙지검 반부패수사2부가 수사한 뒤 같은 해 12월 ‘혐의 없음’ 처분을 내렸지만 특검은 당시 수사기록을 전면 재검토하며 김 여사의 직접 관여 여부를 중심으로 재검토에 나선다는 방침이다.특검은 특히 윤석열 전 대통령이 서울중앙지검장으로 재직하던 시기(2017~2019년) 열린 전시에 다수의 대기업이 협찬한 배경에 주목하고 있다. 다수의 대기업들이 검찰 권한을 의식해 '대가성 협찬'을 했다고 판단될 경우, 김 여사에 대한 소환조사나 구속영장 청구 등 강제수사에도 영향을 미칠 수 있다는 것이 특검의 판단이다.실제로 2015년 ‘마크 로스코전’, 2016년 ‘르 코르뷔지에전’, 2018년 ‘자코메티전’, 2019년 ‘야수파 걸작전’ 등 코바나콘텐츠가 주관한 전시에는 삼성전자, 현대자동차, LG전자, 포스코, GS칼텍스 등 주요 기업들이 협찬에 나섰다.
                    



출근하는 민중기 특검  /사진=뉴스1

                특검은 특히 이른바 ‘집사 게이트’로 불리는 렌터카 투자 의혹도 같은 맥락에서 들여다보고 있다. 김 여사의 측근으로 알려진 김모 씨(47)가 2023년 설립에 참여한 IMS모빌리티는 카카오모빌리티와 HS그룹 계열사 등으로부터 180억원대의 투자를 유치한 것으로 알려졌다. 특검은 이 회사가 대기업 투자 기준에 부합하지 않는 상태에서 김 여사와의 관계를 활용해 부당한 자금을 끌어온 것 아니냐는 의혹에 주목하고 있다.문홍주 특검보 지난 9일 정례 브리핑에서  “오너 리스크가 있었던 기업들이 왜 이 회사에 투자했는지, 김 여사 측의 영향력이 있었는지 여부를 확인 중”이라며 “IMS모빌리티에 대해 강제수사를 시도했지만 법원이 특검법상 수사 대상이 아니라고 판단해 영장이 기각됐다”고 설명했다. 다만 특검은 임의 제출 방식으로 자료 확보를 이어가고 있으며 영장 재청구 여부도 고심 중이다. 삼부토건 수사도 박차...'전방위 수사' 이어져특검팀은 삼부토건 관련 핵심 의혹도 들여다보며 김건희 여사의 혐의 입증에 집중할 예정이다. 핵심은 이종호 전 블랙펄인베스트먼트 대표가 미공개 정보를 바탕으로 삼부토건 주식을 선행 매수한 정황이다. 특검은 이 정보가 김 여사를 통해 전달됐을 가능성에 주목하고 있다.이 전 대표는 2023년 5월, 자신이 속한 해병대 예비역 단체 대화방에 “내일 삼부 체크”라는 메시지를 남겼다. 이 메시지는 삼부토건이 ‘우크라이나 재건 포럼’에 참석할 예정이라는 사실이 외부에 공식 발표되기 직전에 작성된 것으로 확인됐다. 이후 삼부토건 주가는 1000원대에서 5500원대까지 급등했다. 특검은 해당 메시지가 미공개 정보에 기반한 ‘내부자 거래’로 의심하고 있다.특검은 이 전 대표가 이 정보를 김건희 여사를 통해 취득했고 김 여사가 당시 국토교통부 내부 동향에 접근 가능했던 것으로 보고 있다. 특히 포럼에 직접 참석했던 당시 국토부 장관 원희룡 전 장관 역시 특검 수사 대상에 올라 있으며, 최근 출국금지 조치가 내려진 상태다. 특검은 원 전 장관의 포럼 참석 배경과 김 여사와의 관계를 집중적으로 파헤치고 있다.특검은 삼부토건과 함께 우크라이나 재건 포럼에 참여했던 웰바이오텍을 비롯해 ‘재건 테마주’ 전반으로 수사를 확대하며 김건희 여사의 혐의 규명에도 속도를 내고 있다. 웰바이오텍은 행사 전후 주가가 급등하며 ‘재건 수혜주’로 떠올랐고, 포럼 주최 측인 유라시아경제인협회 인사를 사내이사 후보로 올리고 주주총회를 예고한 바 있다. 특검은 13일 웰바이오텍 대표도 피의자 신분으로 소환해, 삼부토건과 웰바이오텍 등이 우크라이나 재건 사업을 추진할 것처럼 투자자를 속여 시세를 조종한 것은 아닌지 들여다보고 있다. 한편 특검팀은 이 외에도 ‘양평고속도로 특혜 의혹’, ‘공천 개입 정황’ 등 김 여사를 둘러싼 16건의 다른 사건들에 대해서도 병행 수사를 이어가고 있다. 수사력 집중되는부분에서 결정적 혐의 발견되면 소환조사, 구속영장 청구 이어질 수 있지만 김 여사에 대한 피의자 전환 및 구속영장 청구 여부는 수사 진행 속도에 따라 결정될 전망이다.정희원 기자 tophee@hankyung.com",https://www.hankyung.com/article/202507100525i,2025.07.10 17:01
"장예찬 ""李 대통령, 자존심 버리고 한미 협상 나서야""","""한국서 트럼프 가장 빨리 접촉할 인물…
한국 위기 앞에서 찬밥 더운밥 가릴 때 아냐""","장예찬 국민의힘 청년 최고위원. / 사진=뉴스1

                장예찬 전 국민의힘 청년 최고위원은 이재명 대통령이 한미 관계 회복을 위해 수단과 방법을 가리지 않아야 한다고 주장했다. 그는 특히 트럼프 대통령 장남과 막역한 정용진 신세계그룹 회장과 회동해야 한다고 촉구했다.장 전 최고위원은 24일 페이스북에서 미국에서 개최될 예정이었던 한미 재무·통상 수장의 '2+2 통상 협의'가 돌연 취소된 것을 ""역대급 외교 참사""라고 비판하면서 ""이재명 대통령은 자존심 내려놓고 정용진 회장 바짓가랑이라도 붙잡아야 할 때""라고 했다.장 전 최고위원은 ""미국이 한국에 보내는 강력한 경고 사이렌이 울리고 있다. 지금 대한민국에서 트럼프 대통령과 가장 빠르게 접촉할 수 있는 인물은 아마 정 회장일 것""이라며 ""정 회장은 트럼프 주니어와 막역한 관계로 이미 트럼프 대통령을 만나고 돌아왔다. 대한민국의 위기 앞에서 이재명 정부가 찬밥 더운밥 가릴 때가 아니다""라고 했다.장 전 최고위원은 ""굳건한 한미동맹이 흔들리고, 대한민국은 북중러 눈치를 보는 셰셰 국가로 찍혔다""며 ""진정 국익을 우선하는 실용주의 정부라면 수단과 방법을 가리지 않아야 한다. 미국 공화당 핵심과 소통하는 기독교계 원로 김장환 목사를 압수수색한 특검의 칼춤도 이재명 대통령이 제어하고 사과해야 한다""고 덧붙였다.장 전 최고위원은 또 이 대통령이 대선 하루 전인 지난 6월 2일 라디오에서 ""미국과의 통상 협상 과정에서 필요하다면 도널드 트럼프 미국 대통령 가랑이 밑이라도 길 수 있다""고 발언한 것을 소환했다. 그러면서 ""'트럼프 가랑이 밑도 길 수 있다'는 이 대통령이 냉정한 외교무대에서 어떤 성과를 얻는지 국민들이 초조한 마음으로 지켜보고 있다""고 강조했다.장 전 최고위원의 이날 발언은 이 대통령이 급박하게 돌아가는 한미 관세 협상 상황에서 이재용 삼성전자 회장, 정의선 현대차그룹 회장, 구광모 LG그룹 회장 등과 연쇄 회동을 갖는다는 소식이 알려진 데 따른 것이다. 이 가운데 이 대통령이 트럼프 대통령의 장남과 가까운 정 회장과도 반드시 만나, 미국 정부 핵심과의 가교 역할을 요청해야 한다는 취지다. 정 회장은 트럼프 행정부의 '막후 실세'로 불리는 록브리지 네트워크의 아시아 총회장도 맡고 있다.앞서 기획재정부는 이날 오전 9시 30분께 언론 공지를 통해 ""미국과 예정됐던 25일 '2+2 협상'은 베선트 재무장관의 긴급한 일정으로 인해 개최하지 못하게 됐다""고 밝혔다. 이번 협상에는 우리 측에서는 구윤철 부총리 겸 기획재정부 장관과 여한구 산업통상자원부 통상교섭본부장이, 미국 측에서는 베선트 장관과 제이미슨 그리어 무역대표부(USTR) 대표가 참석해 상호 관세 문제를 포함한 통상, 환율의 핵심 사안을 논의할 예정이었다.홍민성 한경닷컴 기자 mshong@hankyung.com",https://www.hankyung.com/article/2025072400847,2025.07.24 16:32
"베트남 '서열 1위' 서기장, 다음달 중순 한국 온다","李정부 첫 해외정상 방한 될 듯
삼성 등 현지 진출기업과 소통","베트남 권력 서열 1위인 또럼 공산당 서기장(사진)이 다음달 한국을 방문한다. 이재명 정부 들어 첫 해외 정상 방한이 될 것으로 전망된다. 럼 서기장은 방한 후 삼성, SK 등 베트남 현지에 진출해 있는 국내 기업 관계자를 만날 것으로 알려졌다.16일 경제계와 외교 소식통 등에 따르면 그는 다음달 중순께 한국을 국빈 방문하는 방안을 추진하고 있다. 한 소식통은 “럼 서기장의 방한 일정이 구체화됐고, 기업 관계자들과 소통하는 비즈니스 미팅도 마련될 것으로 안다”고 했다.베트남 공산당 서기장의 방한은 2014년 응우옌푸쫑 당시 서기장이 한국을 찾은 이후 11년 만이다. 쫑 서기장은 방한 당시 박근혜 대통령과 만났고 이례적으로 삼성 서초 사옥을 방문해 이재용 삼성전자 회장과 만났다. 삼성전자는 베트남에 세계 최대 규모의 스마트폰 생산 공장을 운영하고 있다.럼 서기장은 방한해 이재명 대통령과 정상회담을 할 것으로 예상된다. 이 대통령은 취임 8일 만인 지난달 12일 르엉끄엉 베트남 국가주석(서열 2위)과 전화 통화를 했다. 이 대통령은 당시 통화에서 양국 간 포괄적 전략 동반자 관계를 더욱 발전시키길 희망한다고 밝혔다. 구체적으로 고속철도와 원전 등으로 전략적 협력 분야를 넓히자는 데 공감대를 이뤘다.럼 서기장은 주요 대기업 총수 등 경제계 인사들과 별도 만남을 할 것으로 전해졌다. 최태원 대한상공회의소 회장과 이 회장, 신동빈 롯데그룹 회장 등은 지난해 7월 주한 베트남대사관을 찾아 사망한 쫑 전 서기장 분향소를 조문했을 정도로 베트남과 우호적 협력 관계를 구축하고 있다. 이들 기업을 중심으로 한국과 베트남 간 무역이 활발하게 이뤄지고 있기 때문이다.지난해 기준 한국은 베트남의 3대 수출 대상국이자 2대 수입 대상국이다. 한국은 지난해 베트남에 559억달러를 수출하고 256억달러를 수입했다.한재영/김형규 기자 jyhan@hankyung.com",https://www.hankyung.com/article/2025071627921,2025.07.16 17:36
"지속적인 품질혁신·친절한 서비스 응대, 고객과 신뢰형성이 기업 경쟁력의 원천","한국산업의 서비스품질지수(KSQI-MOT)

한국능률협회컨설팅, 산업별 기업 조사
올해 평가지수 작년보다 1점 떨어진 93점
디지털기기 이용 '도움 수단' 85점대 그쳐

이마트·현대해상·KT·LG유플 1위 역전
고객 경험의 본질은 '정서적 공감'에 있어","① 신한은행

                한국능률협회컨설팅(KMAC·대표이사 사장 한수희)이 ‘2025 한국산업의 서비스품질지수(KSQI) 고객접점 조사’ 결과를 24일 발표했다.KSQI 고객접점 조사는 기업의 상품 및 서비스 전달 과정에서 고객이 체감하는 서비스 품질을 전문 평가단이 측정하는 국내 최초이자 유일한 평가제도다. 금융, 유통, 제조, 전문 A/S, 일반서비스(통신·항공·건강검진 등), 공공서비스 등 6개 서비스 부문을 대상으로 한다.
                    



② 한국지엠

                올해 KSQI 고객접점 조사는 평가 기준 강화와 산업 특성 지표 추가로 인해 전년 대비 1점 하락한 93점을 기록했다. 지난해 첫 평가를 시행한 ‘KSQI 디지털 고객접점’도 1점 감소한 93점으로 나타났다. 소비자 친화적 기능과 편의성, 업무 처리 속도 등을 평가하는 ‘디지털 기기 서비스 품질’ 영역은 금융 96점, 공공 95점, 유통 93점 등 우수한 수준을 보였으나 디지털 기기 이용 시 ‘도움 수단’ 마련 정도가 85점대로 낮았다.
                    



③ LG하이케어솔루션

                서비스 부문별로 일반서비스가 96.3점으로 가장 높았으며 이어 금융(93.9점), 전문 A/S(93.7점), 제조(93.5점), 유통(90.6점), 공공(90.2점) 순이었다. 유통서비스는 고객 접점 빈도가 높음에도 불구하고 서비스 교육 부족과 단기 인력 비중 증가 등으로 응대 전문성이 떨어지는 것으로 분석됐다. 공공 서비스 부문은 고객보다 행정·공급자 중심의 프로세스에 머물러 있어 서비스 혁신이 필요한 것으로 평가됐다.산업별로는 11개 기업이 10년 이상 연속 1위에 오르며 고객 접점에서 일관된 품질과 신뢰를 바탕으로 업계 최고 수준의 서비스 역량을 입증했다.
                    



④ 메르세데스-벤츠 코리아

                삼성전자서비스가 가전 A/S와 모바일 IT기기 A/S 부문에서 각각 15년, 14년 연속 1위에 올랐으며 기아는 자동차 A/S에서 12년 연속 1위를 기록했다. GS 더 프레시(옛 GS수퍼마켓·대형슈퍼)·한화생명(생명보험)이 16년 연속, 파리바게뜨(제과제빵점)·신한은행(은행)이 15년 연속, 메르세데스-벤츠 코리아(수입자동차판매점)·우정사업본부(공공기관)·한국주택금융공사(공공기관)가 11년 연속 1위를 차지했다. 하나은행(은행)은 올해 10년 연속 1위에 선정됐다.올해 새로 1위에 오른 기업들도 눈길을 끈다. 대형마트 부문에서 이마트가, 손해보험 부문에서 현대해상이 1위로 역전했다. 최근 고객 유심 정보 유출 사건을 겪은 이동통신전문점 부문에서는 KT와 LG유플러스가 1위에 올랐다.





                조사에서 높은 평가를 받은 기업들은 고객이 서비스를 이용하는 전 과정에서 신뢰를 느낄 수 있도록 응대 방식과 시스템을 지속적으로 개선한 것으로 나타났다. 인공지능(AI), 자동화 시스템 등으로 기술이 고도화하고 있음에도 고객이 시간과 비용을 들여 서비스센터나 대면 접점을 찾는 이유는 단순한 문제 해결이 아니라 정서적 공감과 진정한 이해를 원하기 때문이다. 고객은 왜 문제가 발생했고, 어떤 조치를 취했는지 설명을 듣고 이해함으로써 비로소 신뢰를 형성한다. KSQI는 자동차 A/S 산업의 ‘사전·사후 정비 안내’처럼 산업별 특성에 맞춘 ‘이해 경험’ 제공 진단을 강화해나가고 있다.이기동 KMAC 사업가치진단 본부장은 “디지털 기술이 모든 것을 대체할 수 있는 시대지만 고객 경험의 본질은 여전히 감정의 연결에 있다”며 “중요한 것은 어떤 접점 채널이든 고객이 그 과정에서 신뢰를 형성할 수 있느냐는 점이며, 그것이 곧 서비스의 척도이자 기업의 진정한 경쟁력”이라고 말했다.김지원 기자",https://www.hankyung.com/article/2025072361501,2025.07.24 09:00
이자 폭탄 막자! 증권사 신용대출 3%대 전환으로 절약하는 법,,"전송종목 : 애경산업, 조일알미늄, 와이지-원, 한섬, 시공테크최근 주식 투자자들 사이에서 주식대출(미수/신용융자 등)의 고금리에 대한 부담이 커지고 있다.특히 저금리를 적용 받고 싶어도, 기존 대출을 상환하고 다시 주식을 매수해야 하는 번거로운 절차와 자금 조달의 어려움이 발목을 잡고 있다.이런 현실적인 문제를 해결하고자, 무빙스탁이 ‘증권사 신용, 대환자금대출’ 서비스를 전격 출시했다.이 상품은 주식을 매도하지 않고도, 기존의 고금리의 주식대출(미수/신용융자 등)의 3%대의 혁신적인 저금리 증권사로 전환할 수 있도록 상환자금을 제공하는 것이 핵심이다.무빙스탁 관계자는 “현재 증권사 이벤트 금리는 연 3%대 수준으로, 기존 9~10%대 고금리를 적용받는 투자자라면 절감 효과가 상당하다”며, 금리를 5%만 낮추면 “1억원 신용대출 기준으로 연간 약 500만원, 3억원이라면 1,500만원까지도 절약할 수 있다”고 밝혔다.더 놀라운 점은, 현재는 이벤트 기간으로 대환자금대출 신청시 발생하는 이자 비용까지 ‘0원’이라는 사실이다. 대환자금에 대해서 하루의 대출이자도 부담하지 않고 기존 고금리 대출을 저금리로 전환할 수 있어, 고금리 부담에 시달리던 투자자들에게 큰 호응을 얻을 전망이다.이 서비스는 부동산 시장에서 흔히 이용되던 대환대출 개념을 증권시장에 도입한 혁신적인 시도로, 주식 투자자들의 자금 운용에 새로운 대안을 제시할 것으로 기대된다.무빙스탁 ‘증권사 신용, 대환자금대출’의 비용 무료 이벤트는 이벤트 기간 동안 한정적으로 제공되는 만큼, 신용융자를 이용 중인 투자자라면 지금 바로 확인해볼 필요가 있다.★ 장마감 시간이 가까워질수록 문의가 많아 상담이 지연될 수 있습니다.★ 7월 문의하신 고객들이 많이 보유하신 종목으로는 삼성전자, POSCO홀딩스, 셀트리온, 포스코퓨처엠, 에코프로비엠, NAVER, 에코프로, 삼성SDI, LG화학, SK하이닉스, 두산에너빌리티, 카카오, SK이노베이션, LG에너지솔루션, 엘앤에프, 삼천당제약, 현대차, 알테오젠, HPSP, LG전자 등이 있습니다.★ 안내사항과도한 빚은 당신에게 큰 불행을 안겨줄 수 있습니다. 대출 시 신용등급 하락으로 다른 금융거래가 제약받을 수 있습니다. 중개수수료를 요구하거나 받는 것은 불법입니다.상호명: ㈜단비대부 2021-서울영등포-2102(대부업) | TEL: 1544-4886 | 대출금리: 연 20%이내(연체금리는 약정금리+3%p이내, 최대 연 20%이내) | 단, 2021. 7. 7.부터 신규체결, 갱신, 연장되는 계약에 한함 | 채무의 조기상환 조건 및 부대비용 없음. (단, 신용조회비용 및 담보권설정비용 있음), 이자 외 별도로 중개수수료를 요구하거나 수취하는 것은 불법입니다. | 대표이사: 박동원 | 사업자등록번호: 274-86-00231 | 등록기관명칭: 서울 영등포구청(담당부서: 일자리경제과, 02-2670-3420) | 소재지 : 서울 영등포구 여의대방로67길 11, 5층 517호 | 개인정보관리자메일: help@danbifund.co.kr무료상담",https://www.hankyung.com/article/202507111584a,2025.07.11 08:53
삼성전자 외인보유율 50%대 회복…개인은 하이닉스 '쇼핑',"하이닉스 '빚투' 이달 30% 급증…삼전 2% 감소
증권가 ""하이닉스 추가 조정 VS 저가 매수 기회""","사진=뉴스1

삼성전자와 SK하이닉스 주가 흐름이 이달 들어 엇갈린 가운데 개인과 외국인 투자자의 반도체 '원픽'도 서로 다른 모습을 나타냈다. 외국인의 삼성전자 보유율이 50%대를 회복한 반면 개인은 '빚투'(빚내서 투자)까지 감수해 SK하이닉스를 사들이고 나섰다.20일 한국거래소에 따르면 이달 들어 지난 18일까지 외국인은 삼성전자를 1조8770억원어치 순매수했다. 지난달 월간 기준 외국인의 삼성전자 순매수액(7130억원)의 두 배를 이미 훌쩍 넘어섰다. 이에 지난 18일 외국인의 삼성전자 보유율은 50.19%로 지난 4월24일(50.00%) 이후 3개월 만에 50%대를 회복했다.지난 17일 대법원 판결로 이재용 삼성전자 회장의 부당합병·회계부정 혐의가 무죄로 확정되면서 그간 삼성전자를 둘러싼 '사법 리스크'가 해소된 영향을 일부 받은 것으로 분석된다.또 최근 미국 정부가 엔비디아의 인공지능(AI) 칩 H20에 대한 대(對)중국 수출 규제를 해제하면서 과거 H20용 메모리를 공급한 것으로 알려진 삼성전자의 수혜가 기대된 점도 투자심리를 개선했다.반면 이달 들어 외국인들은 SK하이닉스를 3010억원어치 팔았다. 지난 5월과 6월 두 달 연속 이어온 '사자' 행진을 멈춘 것이다.SK하이닉스는 지난 11일 장중 처음으로 30만원을 돌파한 후 고점 부담이 커진 가운데 외국계 증권사 골드만삭스가 시장 경쟁 격화로 고대역폭메모리(HBM) 가격이 내년에 처음으로 하락할 수 있다며 투자의견을 '중립'으로 하향하자 대거 매물이 쏟아졌다. 외국인의 매매 패턴에 따라 삼성전자 주가는 이달 들어 12.2% 오른 반면, SK하이닉스는 7.9% 내렸다.이 가운데 개인 투자자는 SK하이닉스를 이달에만 1조2330억원어치 순매수하고, 삼성전자는 2조3150억원어치 팔며 대조적인 모습을 보였다. 개인 투자자의 '빚투' 열기 역시 SK하이닉스로 집중됐다. 연합인포맥스에 따르면 지난 17일 기준 SK하이닉스의 신용잔고는 3951억원으로 지난달 말(3052억원) 대비 30% 급증했다. 같은 기간 삼성전자의 신용잔고는 8340억원에서 8138억원으로 2% 감소한 것과 대조적이다. 신용잔고는 개인이 신용거래를 통해 주식에 투자한 뒤 아직 갚지 않은 금액으로, 통상 주가 상승이 예상될 때 늘어나는 경향을 보인다.SK하이닉스 주가가 조정을 받자 저가 매수 기회라 여긴 개인 투자자들이 몰리면서 신용잔고가 증가한 것으로 분석된다.전문가들은 당분간 HBM 시장 경쟁 심화 우려로 SK하이닉스의 주가 약세가 지속될 것이라고 보고 있다. 이와 반대로 삼성전자의 강세가 이어질 가능성이 클 것으로 관측된다.김광진 한화투자증권 연구원은 ""단기적으로 HBM 시장 구도 변화 가능성 등을 고려할 때 주가 추가 조정 가능성이 높다""며 ""SK하이닉스 주가는 (작년 9월 저점까지) 조정될 가능성을 열어둘 필요가 있다""고 분석했다.류영호 NH투자증권 연구원은 ""올해 기준 밸류에이션(실적 대비 주가 수준) 고점에 위치한 SK하이닉스는 내년 HBM 물량을 확정할 때까지 노이즈가 지속될 가능성이 있다""며 ""최근 삼성전자의 HBM 시장 진입에 대한 기대감이 형성되고 있어 밸류에이션(평가가치) 입장에서 단기적으로 삼성전자가 더 나은 선택지""라고 짚었다.다만 예상보다 과잉 공급 리스크는 크지 않아 오히려 현재 SK하이닉스 주가 조정을 저가 매수 기회로 삼아야 한다는 분석도 나온다.차용호 LS증권 연구원은 ""내년 HBM 평균판매단가(ASP)는 올해보다 5% 하락해 시장 우려 대비 낙폭이 크지 않을 것""이라며 ""삼성전자의 (시장) 진입과 중국용 AI 칩에 대한 수요를 제외하더라도 과잉 공급 리스크는 크지 않을 것""이라고 설명했다.이어 ""삼성전자 대비 SK하이닉스 프리미엄이 축소된다는 점은 동의하지만, 이는 SK하이닉스의 밸류에이션 축소가 아닌 삼성전자에 대한 리레이팅(재평가)으로 봐야 한다""며 ""SK하이닉스에 대한 이번 조정은 과도한 우려로 인한 것이며, 매수 기회로 활용하기를 권장한다""고 했다.고정삼 한경닷컴 기자 jsk@hankyung.com",https://www.hankyung.com/article/2025072092407,2025.07.20 07:24
이자 폭탄 막자! 증권사 신용대출 3%대 전환으로 절약하는 법,,"전송종목 : 에스디바이오센서, 메리츠금융지주, BNK금융지주, iM금융지주, 이마트최근 주식 투자자들 사이에서 주식대출(미수/신용융자 등)의 고금리에 대한 부담이 커지고 있다.특히 저금리를 적용 받고 싶어도, 기존 대출을 상환하고 다시 주식을 매수해야 하는 번거로운 절차와 자금 조달의 어려움이 발목을 잡고 있다.이런 현실적인 문제를 해결하고자, 무빙스탁이 ‘증권사 신용, 대환자금대출’ 서비스를 전격 출시했다.이 상품은 주식을 매도하지 않고도, 기존의 고금리의 주식대출(미수/신용융자 등)의 3%대의 혁신적인 저금리 증권사로 전환할 수 있도록 상환자금을 제공하는 것이 핵심이다.무빙스탁 관계자는 “현재 증권사 이벤트 금리는 연 3%대 수준으로, 기존 9~10%대 고금리를 적용받는 투자자라면 절감 효과가 상당하다”며, 금리를 5%만 낮추면 “1억원 신용대출 기준으로 연간 약 500만원, 3억원이라면 1,500만원까지도 절약할 수 있다”고 밝혔다.더 놀라운 점은, 현재는 이벤트 기간으로 대환자금대출 신청시 발생하는 이자 비용까지 ‘0원’이라는 사실이다. 대환자금에 대해서 하루의 대출이자도 부담하지 않고 기존 고금리 대출을 저금리로 전환할 수 있어, 고금리 부담에 시달리던 투자자들에게 큰 호응을 얻을 전망이다.이 서비스는 부동산 시장에서 흔히 이용되던 대환대출 개념을 증권시장에 도입한 혁신적인 시도로, 주식 투자자들의 자금 운용에 새로운 대안을 제시할 것으로 기대된다.무빙스탁 ‘증권사 신용, 대환자금대출’의 비용 무료 이벤트는 이벤트 기간 동안 한정적으로 제공되는 만큼, 신용융자를 이용 중인 투자자라면 지금 바로 확인해볼 필요가 있다.★ 장마감 시간이 가까워질수록 문의가 많아 상담이 지연될 수 있습니다.★ 7월 문의하신 고객들이 많이 보유하신 종목으로는 삼성전자, POSCO홀딩스, 셀트리온, 포스코퓨처엠, 에코프로비엠, NAVER, 에코프로, 삼성SDI, LG화학, SK하이닉스, 두산에너빌리티, 카카오, SK이노베이션, LG에너지솔루션, 엘앤에프, 삼천당제약, 현대차, 알테오젠, HPSP, LG전자 등이 있습니다.★ 안내사항과도한 빚은 당신에게 큰 불행을 안겨줄 수 있습니다. 대출 시 신용등급 하락으로 다른 금융거래가 제약받을 수 있습니다. 중개수수료를 요구하거나 받는 것은 불법입니다.상호명: ㈜단비대부 2021-서울영등포-2102(대부업) | TEL: 1544-4886 | 대출금리: 연 20%이내(연체금리는 약정금리+3%p이내, 최대 연 20%이내) | 단, 2021. 7. 7.부터 신규체결, 갱신, 연장되는 계약에 한함 | 채무의 조기상환 조건 및 부대비용 없음. (단, 신용조회비용 및 담보권설정비용 있음), 이자 외 별도로 중개수수료를 요구하거나 수취하는 것은 불법입니다. | 대표이사: 박동원 | 사업자등록번호: 274-86-00231 | 등록기관명칭: 서울 영등포구청(담당부서: 일자리경제과, 02-2670-3420) | 소재지 : 서울 영등포구 여의대방로67길 11, 5층 517호 | 개인정보관리자메일: help@danbifund.co.kr무료상담",https://www.hankyung.com/article/202507235741a,2025.07.23 10:28
"24일, 외국인 거래소에서 한화오션(+6.35%), SK하이닉스(+0.19%) 등 순매수",,"외국인 투자자는 24일 거래소에서 한화오션, SK하이닉스, 두산에너빌리티 등을 중점적으로 사들인 것으로 나타났다.외국인 투자자의 순매수 상위 20개 종목은 한화오션, SK하이닉스, 두산에너빌리티, LG에너지솔루션, 기아, 한화비전, 한화에어로스페이스, 삼성전자, 삼성바이오로직스, LG화학등이다.이중에 전기,전자 업종에 속한 종목이 6개 포함되어 있다.한화오션, SK하이닉스, 두산에너빌리티 등은 전일 대비 주가가 상승했고, 기아, 삼성전자, 현대차 등은 주가가 하락했다.[07월24일]거래소 외국인 순매수 상위 종목한경로보뉴스이 기사는 한국경제신문과 금융 AI 전문기업 씽크풀이 공동 개발한 기사 자동생성 알고리즘에 의해 실시간으로 작성된 것입니다.",https://www.hankyung.com/article/202507240571L,2025.07.24 18:35
"취준생들 ""우린 어디로 가나요""…대기업 20대 비중 '뚝'","20대 비중 2년 만에 25%→21%
조사 대상 56.7%서 20대 감소","사진=뉴스1

                청년들의 취업 문이 갈수록 좁아지고 있다. 국내 대기업의 20대 직원 비중이 불과 2년 새 25%에서 21%로 급락했다. 대기업 인력 구조 또한 날로 노화하고 있다는 진단이 나온다.기업데이터연구소 CEO스코어는 16일 매출액 기준 국내 100대 기업 중 2025년 지속가능경영보고서를 공시한 67곳을 대상으로 2022~2024년 연령대별 임직원 수 및 비중을 조사한 결과 이같이 밝혔다.이들 기업의 20대 임직원 비중은 2022년 24.8%에서 2023년 22.7%, 2024년 21.0%로 2년 만에 3.8%포인트 줄어든 것으로 나타났다. 임직원 수로 보면 29만1235명, 26만4091명, 24만3737명으로 2년 만에 4만7498명 감소했다. 조사 대상 대기업의 절반이 넘는 38곳(56.7%)에서 20대 임직원 수가 줄었다.반면 이 기간 30대 이상 임직원 수는 88만747명, 90만829명, 91만5979명으로 3만5232명 증가했다. 업체별로 2022년과 2024년을 비교한 결과, 삼성디스플레이의 20대 비중이 43.8%에서 28.4%로 15.4%포인트 줄어 낙폭이 가장 컸다. 이어 SK온(12.3%포인트), LG이노텍(8.9%포인트), SK하이닉스(8.8%포인트), 삼성SDI(7.9%포인트), 네이버(7.1%포인트), 삼성전자(6.6%포인트), 한화솔루션(6.4%포인트), 삼성전기(5.9%포인트), LG디스플레이(5.6%포인트) 등 순으로 감소 폭이 두드러졌다.반면 한화에어로스페이스는 최근 방산업 호조에 힘입어 20대 고용 비중이 7.5%에서 15.8%로 8.3%포인트 늘었다. 뒤이어 LX인터내셔널(6.7%포인트), SK에너지(5.3%포인트), 삼성E&A(5.2%포인트), 에쓰오일(4.7%포인트), 현대제철(4.6%포인트), 현대글로비스(4.2%포인트), SK지오센트릭(3.7%포인트), 두산에너빌리티(3.7%포인트), 한온시스템(3.4%포인트) 등이었다.4대 그룹별로 매출이 가장 큰 대표 기업을 살펴본 결과 삼성전자는 20대 비중이 2022년 30.8%에서 2024년 24.2%로 줄었다. SK하이닉스는 29.6%에서 20.8%로 감소했다. 현대차는 20.8%에서 21.8%로, LG전자는 17.0%에서 18.0%로 20대 비중이 소폭 증가에 그쳤다.조원만 CEO스코어 대표는 ""경제적 불확실성이 커진 상황에서 기업들이 신입 공채를 전면 폐지 또는 축소하거나 수시 채용으로 전환하고, 경력직을 선호하는 경향이 크게 영향을 미친 것 같다""고 분석했다.이날 통계청이 발표한 6월 고용동향에 따르면 15세 이상 취업자는 전년 동월 대비 18만3000명 늘어난 2909만1000명으로 6개월 연속 두 자릿수 증가세를 보였다. 다만 청년층에 해당하는 15~29세 고용률은 14개월째 하락세를 기록했다.경기 불안과 당정 기조에 따라 청년층 취업 문이 더 높아질 우려도 제기된다. 이재명 대통령은 정년 연장을 지난 대선에서 노동 부문 핵심 공약으로 발표했고, 더불어민주당은 최근 정년연장 태스크포스(TF)를 꾸려 본격적인 논의를 시작했다.전날 한국경영자총협회는 ""국내 4년제 대학 경제·경영·법학교수 210명에게 65세로 법정 정년이 연장될 경우 가장 큰 부정적 효과를 설문한 결과, 응답자의 62.4%(이하 복수 응답)가 '청년층 신규 채용 감소'를 꼽았다""고 전했다.신현보 한경닷컴 기자 greaterfool@hankyung.com",https://www.hankyung.com/article/2025071616057,2025.07.16 11:28
비중국산 LFP 수요 확대·기술적 상승 돌파…엘앤에프 반등세 본격화,,"엘앤에프가 최근 전기차 배터리 양극재 분야에서 두드러진 반등 흐름을 보이고 있다. 핵심 모멘텀은 크게 비중국산 LFP(리튬인산철) 수요 확대, 기술적 매수 신호 발생, 그리고 증권사들의 저점 매수 권고 세 축으로 요약된다.우선, KB증권은 “엘앤에프의 최근 주가 낙폭이 과도하다”며 투자의견 ‘매수’를 유지했고, 목표주가를 상향하며 회복 기대감을 키웠다. 특히 비중국산 LFP의 글로벌 수요 증가 흐름에서 엘앤에프가 수혜주로 부상할 것이란 분석이 투자심리를 강화하는 요인으로 작용했다.다음으로, 기술적 분석 차트에서는 다중 바닥 형성 후 강한 돌파 신호가 포착됐다는 진단이 반복되고 있다. 이 신호는 단기 매수세 유입의 계기를 제공하며, 시장에서는 ‘반등 전환 확신’ 자극 요소로 평가되고 있다.여기에 더해, 미국의 탈중국화 정책 관련 반도체 및 배터리 소재 국산화 기조가 엘앤에프의 소재사업에 긍정적 영향을 줄 것으로 기대된다. 글로벌 공급망 재편이 이어지면서 중국 이외의 공급처를 확보하려는 추세 속에서, 소재 기업에 대한 수요 전망이 밝아지는 움직임이다.이와 같은 모멘텀들은 단순히 장기 주가 흐름 회복을 넘어 펀더멘털 기반 반등 기대 + 기술적 매수 신호 + 글로벌 정책 리스크 해소라는 삼박자를 형성하며 긍정적 흐름을 지원하고 있다. 대체로 시장에서는 “2분기 실적 발표 이후 주가 방향성을 구체화할 것”이라는 분석이 다수이며, 8월 실적 발표를 관전 포인트로 꼽는다.향후 관전 키워드는 미국 IRA(인플레이션 감축법)와 연동된 LFP 수요 확대, 비중국산 소재공급 확장, 그리고 기술적 반등 지속 여부다. 이 세 가지 흐름이 겹칠 경우, 엘앤에프의 반등은 단기 모멘텀을 넘어 중장기 투자 관점에서도 의미 있는 전환 구간으로 평가될 가능성이 크다.태성, LG전자, 삼성화재, SK, NHN KCP무료상담",https://www.hankyung.com/article/202507248721a,2025.07.24 11:23
9~10% 주식 관련 대출에서 3%대 대출로 교체,,"전송종목 : 셀바스AI, 에스와이, 디아이티, 위메이드, 강원에너지




 

최근 주식 투자자들 사이에서 주식대출(미수/신용융자 등)의 고금리에 대한 부담이 커지고 있다.특히 저금리를 적용 받고 싶어도, 기존 대출을 상환하고 다시 주식을 매수해야 하는 번거로운 절차와 자금 조달의 어려움이 발목을 잡고 있다.이런 현실적인 문제를 해결하고자, 무빙스탁이 ‘증권사 신용, 대환자금대출’ 서비스를 전격 출시했다.이 상품은 주식을 매도하지 않고도, 기존의 고금리의 주식대출(미수/신용융자 등)의 3%대의 혁신적인 저금리 증권사로 전환할 수 있도록 상환자금을 제공하는 것이 핵심이다.무빙스탁 관계자는 “현재 증권사 이벤트 금리는 연 3%대 수준으로, 기존 9~10%대 고금리를 적용받는 투자자라면 절감 효과가 상당하다”며, 금리를 5%만 낮추면 “1억원 신용대출 기준으로 연간 약 500만원, 3억원이라면 1,500만원까지도 절약할 수 있다”고 밝혔다.더 놀라운 점은, 현재는 이벤트 기간으로 대환자금대출 신청시 발생하는 이자 비용까지 ‘0원’이라는 사실이다. 대환자금에 대해서 하루의 대출이자도 부담하지 않고 기존 고금리 대출을 저금리로 전환할 수 있어, 고금리 부담에 시달리던 투자자들에게 큰 호응을 얻을 전망이다.이 서비스는 부동산 시장에서 흔히 이용되던 대환대출 개념을 증권시장에 도입한 혁신적인 시도로, 주식 투자자들의 자금 운용에 새로운 대안을 제시할 것으로 기대된다.무빙스탁 ‘증권사 신용, 대환자금대출’의 비용 무료 이벤트는 이벤트 기간 동안 한정적으로 제공되는 만큼, 신용융자를 이용 중인 투자자라면 지금 바로 확인해볼 필요가 있다.★ 장마감 시간이 가까워질수록 문의가 많아 상담이 지연될 수 있습니다.★ 7월 문의하신 고객들이 많이 보유하신 종목으로는 삼성전자, POSCO홀딩스, 셀트리온, 포스코퓨처엠, 에코프로비엠, NAVER, 에코프로, 삼성SDI, LG화학, SK하이닉스, 두산에너빌리티, 카카오, SK이노베이션, LG에너지솔루션, 엘앤에프, 삼천당제약, 현대차, 알테오젠, HPSP, LG전자 등이 있습니다.★ 안내사항과도한 빚은 당신에게 큰 불행을 안겨줄 수 있습니다. 대출 시 신용등급 하락으로 다른 금융거래가 제약받을 수 있습니다. 중개수수료를 요구하거나 받는 것은 불법입니다.상호명: ㈜단비대부 2021-서울영등포-2102(대부업) | TEL: 1544-4886 | 대출금리: 연 20%이내(연체금리는 약정금리+3%p이내, 최대 연 20%이내) | 단, 2021. 7. 7.부터 신규체결, 갱신, 연장되는 계약에 한함 | 채무의 조기상환 조건 및 부대비용 없음. (단, 신용조회비용 및 담보권설정비용 있음), 이자 외 별도로 중개수수료를 요구하거나 수취하는 것은 불법입니다. | 대표이사: 박동원 | 사업자등록번호: 274-86-00231 | 등록기관명칭: 서울 영등포구청(담당부서: 일자리경제과, 02-2670-3420) | 소재지 : 서울 영등포구 여의대방로67길 11, 5층 517호 | 개인정보관리자메일: help@danbifund.co.kr무료상담",https://www.hankyung.com/article/202507173371a,2025.07.17 08:53
전년대비 50% 이상 영업이익이 증가할 것으로 기대되는 종목은?,,"경유레카는 한국경제신문의 디지털 미디어인 한경닷컴에서 개발한 개별 종목에대한인공지능(AI) 알고리즘 업체의 투자 의견을 종합한 'AI 컨센서스'를 제공하는 서비스입니다. '한경유레카' 앱은 구글 플레이 스토어 혹은 앱스토어에서 내려받을 수 있습니다.





종목추천 서비스 종합 플랫폼 한경유레카에 입점한 뉴지랭크가 전거래일(11일) 파라다이스를 추천하여 수익률 4.1%를 기록했다.뉴지랭크는 iM그룹 계열사인 뉴지스탁에서 만든 종목추천 서비스로 모멘텀 및 펀더멘탈을기반으로 만든 알고리즘이다.뉴지랭크는 파라다이스에 대해 부채비율이 낮아 재무 리스크가 크지 않고 영업이익이 전년대비 50% 이상 증가할 것으로 예상되며 자산대비 주가가 낮은편이라고 해당종목을 추천했다. 한경유레카에서 신규가입을 하고 파라다이스를 구독하면 1개월간 무료로 추천종목을 문자로 받아볼 수 있다.  본 글은 투자 참고용입니다.삼성전자 한국화장품 에이피알 피아이이 한미반도체",https://www.hankyung.com/article/202507145747a,2025.07.14 10:36
자기자본 포함 4배 투자금을 DSR 무관으로 신청 당일 즉시?,,"투자자들 사이에서 ‘스탁론’에 대한 관심이 높아지고 있다. 스탁론은 자기자본 포함 최대 4배까지 활용 가능하며 증권사 신용/미수 대환 용도로도 활용 가능해 대표적인 레버리지 수단으로 자리잡은 상태다.그러나 DSR 한도가 스탁론에도 적용된 후 다른 대출, 소득 증빙 문제로 예전처럼 이용하기 어려워졌다. 이와 함께 높아진 금리도 스탁론 이용을 망설이게 만든 원인으로 꼽힌다.그러나 해결책은 있다. 21년 연속 스탁론 업계 1위를 지키고 있는 하이스탁론이 DSR 무관하게 이용할 수 있는 상품은 물론 연 4%대 최저금리로 이용 가능한 상품까지 취급하며 선택의 폭을 넓힌 것이다.




 

◆ 하이스탁론, 연 4%대 업계 최저금리로 추가 투자금은 물론 신용미수 대환까지!<하이스탁론>에서 누구나 부담 없이 스탁론을 경험할 수 있도록 연 4%대 최저금리 상품을 출시했다. 주식매입 용도는 물론 증권사 미수/신용 대환도 가능하며 신용등급 차등 없이 자기자본 포함 최대 4배까지 활용할 수 있다.이와 함께 DSR 한도 때문에 기존 스탁론 이용이 어려웠던 투자자들은 위한 DSR 무관 상품도 취급 중이다. 또한 장중 거래가 어려웠던 투자자를 위한 대체거래소(NXT) 거래도 가능해졌다.<하이스탁론>의 새로운 상품에 대해 자세히 알고 싶은 투자자는 고객상담센터(1599-0313)로 연락하면 대출 여부와 상관없이 24시간 언제든 전문상담원과 편리한 상담이 가능하다.○ 연 4%대 업계 최저금리 상품 출시○ 대체거래소(NXT) 거래 가능!○ 21년 연속 시장 점유율 1위, 16년 연속 대한민국퍼스트브랜드 대상○ 증권사 신용/미수 실시간 상환, 한종목 100% 집중 투자○ 믿을 수 있는 상담품질보증제※하이스탁론상담센터 : 1599-0313바로가기:https://www.hisl.co.kr/0313◆ 현 시각 관심종목 Top 10 : 삼성전자, NAVER, 한국전력, LG씨엔에스, 한국가스공사, 한화시스템, 에르코스, 더즌, 파세코, JB금융지주무료상담",https://www.hankyung.com/article/202507109551a,2025.07.11 09:30
[부고] 전병우(성균관대 전자전기공학부 교수)씨 부친상,,"▲ 전상백(전 한국종합건축사무소 회장·향년 91세)씨 별세, 전현숙(전 서울YWCA 사무총장)·전병우(성균관대 전자전기공학부 교수)·전병규(한국종합건축사사무소 본부장)·전경아(피아노 교사)씨 부친상, 이행(우리가정의학과의원 원장)씨 장인상, 이은경·문성희씨 시부상 = 17일 오전 3시54분, 삼성서울병원 장례식장 17호실, 발인 21일 오전 6시45분, 장지 이천호국원. ☎ 02-3410-6917    ※ 부고 게재 문의는 팩스 02-398-3111, 전화 02-398-3000, 카톡 okjebo, 이메일 (확인용 유족 연락처 필수) /연합뉴스",https://www.hankyung.com/article/202507198724Y,2025.07.19 13:54
"골드만 비관론 정면 반박한 SK ""HBM4 설비 투자 늘릴 것""","SK하이닉스 또 최대실적…""하반기 HBM 더 좋다""

2분기 영업익 9.2조…68.5% ↑","SK하이닉스가 고대역폭메모리(HBM) 호황에 힘입어 올해 2분기 사상 최대 실적을 올렸다. SK하이닉스는 “HBM 수요 증가는 의심의 여지가 없다”고 단언했다. SK하이닉스는 2분기 영업이익이 9조2129억원으로 1년 전보다 68.5% 늘었다고 24일 발표했다. 매출은 22조2320억원으로 35.4% 증가했고, 순이익은 6조9962억원으로 69.8% 늘었다. SK하이닉스는 “글로벌 빅테크가 인공지능(AI) 투자를 확대한 덕분”이라며 “D램과 낸드플래시 출하량도 예상을 웃돌았다”고 설명했다.올 하반기에도 AI 기능을 강화하려는 빅테크의 경쟁으로 HBM 같은 고성능·고용량 메모리 수요가 늘어날 것으로 전망된다. SK하이닉스는 “HBM 시장의 급격한 변동 가능성은 낮다”며 “내년 수요에 대응하기 위해 올해 투자를 기존 계획보다 늘릴 것”이라고 했다.
                    






이미지 크게보기



 영업익 50% 이상 HBM서 나와, HBM 성장성 의심할 여지없어 'HBM 가격 하락' 주장도 일축…""1위 사업자로서 협상력 충분""최근 시장에선 내년 고대역폭메모리(HBM) 업황에 대한 긍정론보다 신중론이 우세했다. 세계적 투자은행(IB) 골드만삭스가 지난 17일 분석보고서를 통해 “공급사 경쟁 심화로 내년 HBM 가격이 10% 떨어지고, 가격 결정권이 제조사에서 엔비디아 같은 고객사로 이동할 것”이라고 전망한 영향이 크다. SK하이닉스는 24일 열린 콘퍼런스콜(실적설명회)에 이례적으로 재무·기업설명(IR) 등을 총괄하는 사장급 경영진 송현종 코퍼레이트센터장이 나와 HBM 경쟁력에 대해 상세히 설명했다. 송 사장은 이날 내년 HBM 영업이익률과 고객사 납품 물량 등에 강한 자신감을 나타냈다. ◇ HBM, 범용 제품 동시에 선전SK하이닉스는 24일 “올해 2분기 역대 최대 매출(22조2320억원)과 영업이익(9조2129억원)을 기록했다”고 발표했다. 영업이익률은 41%로 최근 세 분기 연속 40%대를 유지했다.실적 고공 행진의 배경으론 HBM이 꼽힌다. SK하이닉스는 5세대 HBM인 HBM3E 12단 제품을 엔비디아에 가장 먼저 납품하며 ‘넘버 1 공급사’ 위치를 지키고 있다. 2분기 전체 D램 매출에서 HBM이 차지하는 비중은 40% 이상으로 전체 영업이익의 50% 이상이 HBM에서 발생한 것으로 알려졌다. 송 사장은 “HBM3E의 제품 성능과 양산 능력을 바탕으로 올해 HBM 매출을 전년 대비 약 두 배로 늘리겠다”고 말했다.범용 D램과 낸드플래시도 선전했다. SK하이닉스의 올 2분기 출하량(비트 환산 기준)은 전 분기 대비 D램은 20%, 낸드는 70% 이상 급증했다. 미국의 반도체 품목 관세 부과를 앞두고 일부 고객사가 재고 비축에 나섰고, 구형 제품 단종 계획에 따른 더블데이터레이트(DDR)4 주문이 증가한 영향이 크다. ◇ HBM4 시장도 주도 가능SK하이닉스는 올 하반기 D램 업황에 대해서도 긍정론을 이어갔다. AI 기술을 고도화하기 위한 빅테크 간 투자 경쟁으로 HBM 같은 고성능·고용량 메모리 수요가 커질 것으로 전망되기 때문이다.내년 생산이 본격화하는 6세대 HBM(HBM4)과 관련해서도 ‘시장 주도권’에 자신감을 나타냈다. ‘삼성전자가 HBM 최대 큰손인 엔비디아 점유율을 늘리기 위해 ‘매력적인 가격’을 제시할 것이고 SK하이닉스는 점유율을 방어하기 위해 가격을 낮출 수밖에 없을 것’이란 골드만삭스의 관측을 일축한 것이다.김기태 세일즈&마케팅담당(부사장)은 “HBM은 이제 리딩(선도) 사업자가 일정한 협상력을 가질 수 있는 시장으로 변모했다”며 “리딩 사업자가 고객들과 개발 초기 단계부터 밀접하게 협의하는 ‘얼리 인게이지’의 이점 역시 과거에 비해 훨씬 더 커진 상황”이라고 설명했다. 차세대 HBM 개발 경쟁에서 앞서고 있는 장점을 활용해 고성능 제품을 만들면, 50% 넘는 HBM의 높은 영업이익률을 유지할 수 있을 것이란 얘기다. 김 부사장은 “HBM4 원가가 상승할 수 있지만 이를 가격에 반영할 수 있도록 노력할 것”이라며 “고객사와 현재 수익성을 유지하는 수준에서 협상 중”이라고 강조했다.SK하이닉스는 HBM 외 서버용 LPDDR(저전력더블데이터레이트) 기반 모듈(소캠)을 연내 엔비디아에 공급하고, 인공지능(AI)용 그래픽 D램(GDDR7)은 용량을 확대한 24Gb 제품을 준비할 계획이다. 낸드플래시 사업부문에선 2~3년 내 AI 서버의 핵심 반도체로 떠오를 기업용 솔리드스테이트드라이브(eSSD) 경쟁력 강화에 주력하기로 했다. ◇ 시설투자 크게 늘린다SK하이닉스는 HBM 호황과 프리미엄 범용 D램 수요에 대응하기 위해 올해 시설투자 규모를 상향 조정하기로 했다. 회사가 공식적으로 규모를 밝히진 않았지만 반도체업계선 27조원 안팎을 투자할 것이란 분석이 나온다. 지난해 SK하이닉스의 시설 투자 규모인 17조9560억원보다 50.3% 이상 늘어나는 것이다.충북 청주에 짓고 있는 M15X는 원래 계획대로 오는 4분기 준공한다. 내년부터 HBM4를 포함한 최첨단 D램 생산에 활용할 방침이다. SK하이닉스의 올 3분기 실적에 대한 기대도 커지고 있다. 금융투자업계에선 SK하이닉스가 올 3분기에 10조원 넘는 영업이익을 거둘 것이란 전망이 나온다.박의명/황정수/김채연 기자 uimyung@hankyung.com",https://www.hankyung.com/article/2025072404851,2025.07.24 18:22
"23일, 기관 거래소에서 넷마블(-4.9%), 한국전력(+1.48%) 등 순매도",,"기관 투자자는 23일 거래소에서 넷마블, 한국전력, 삼성전자 등을 중점적으로 매도한 것으로 나타났다.기관 투자자의 순매도 상위 20개 종목은 넷마블, 한국전력, 삼성전자, HD현대일렉트릭, 에이피알, 카카오, 두산, 삼성물산, 현대건설, LIG넥스원등이다.이중에 전기,전자 업종에 속한 종목이 3개 포함되어 있다.한국전력, 삼성전자, HD현대일렉트릭 등은 전일 대비 주가가 상승했고, 넷마블, 카카오, 두산 등은 주가가 하락했다.[07월23일]거래소 기관 순매도 상위 종목한경로보뉴스이 기사는 한국경제신문과 금융 AI 전문기업 씽크풀이 공동 개발한 기사 자동생성 알고리즘에 의해 실시간으로 작성된 것입니다.",https://www.hankyung.com/article/202507237817L,2025.07.23 18:35
'2030 여심'에 달렸다…삼성 폴더블폰 '자사 AP' 첫 탑재 [영상],"갤Z플립7, 엑시노스2500 탑재
삼성 플래그십 폴더블 최초 적용
엑시노스2500, 성능 대폭 개선
갤Z플립7, 반도체 실적 영향 촉각","갤럭시Z플립7 연출 장면. 영상=삼성전자

                ""갤럭시Z플립7이 채용한 엑시노스는 내부적으로 테스트를 하고 여러 가지 성능 측면에서 평가를 했다. 배터리 사용이나 NPU(신경망처리장치) 성능까지 모든 측면의 성능이 전작들보다 대폭 업그레이드됐기 때문에 채용한 것이다.""삼성전자 관계자는 10일 오전 서울 중구 태평로빌딩 내 회사 기자실에서 진행된 미디어 브리핑을 통해 갤럭시Z플립7에 자사 모바일 애플리케이션 프로세서(AP) '엑시노스2500'을 탑재한 배경을 묻는 말에 이 같이 답했다. 삼성전자가 플래그십 폴더블폰에 자사의 엑시노스를 탑재한 것은 이번이 처음이다. 
                    



갤럭시Z플립7 연출 장면. 영상=삼성전자

                이 관계자는 ""성능이나 AI(인공지능) 부분에서 업그레이드가 많이 됐기 때문에 그런 측면에서 소비자들의 만족도가 올라가지 않을까 기대를 하고 있다""고 말했다. 엑시노스2500, 성능 대폭 개선…갤럭시 AI 기능 뒷받침삼성전자는 지난달 말 자사 홈페이지에 엑시노스2500의 세부 내용을 공개했다. 엑시노스2500은 삼성전자 반도체 사업을 맡는 디바이스솔루션(DS)부문의 시스템LSI사업부가 설계하고 삼성 파운드리가 생산한다. 최첨단 공정인 게이트올어라운드(GAA) 기반 3나노(nm·1nm는 10억분의 1m) 공정으로 만든 제품이다. 삼성전자가 3나노 공정으로 만든 모바일 AP는 엑시노스2500이 최초다. 모바일 AP는 스마트폰의 두뇌 역할을 하는 반도체다. 엑시노스2500은 갤럭시 AI 기능을 문제없이 지원할 수 있도록 뒷받침할 만큼 성능을 끌어올렸다. 최대 초당 59조회(TOPS·초당 1조회 연산)의 연산 능력을 지원하는데 이는 전작인 엑시노스2400과 비교해 39% 향상된 것이다. AI 기반의 이미지 편집 기능과 최대 320메가픽셀(MP)에 이르는 초고해상도 카메라도 지원한다. 또 8K 해상도에서 각각 60fps(초당 프레임 수), 30fps의 비디오 녹화·재생을 뒷받침한다. 최신 암(Arm) 아키텍처 기반의 데카 코어(코어 수 10개) 중앙처리장치(CCPU)로 전작보다 15% 성능을 끌어올렸다. 그래픽처리장치(GPU) 성능도 28% 향상됐다. 삼성전자는 그간 갤럭시Z 시리즈에 주로 퀄컴의 스냅드래곤 AP를 사용해 왔다. 지난 1월 출시한 갤럭시S25 시리즈에 엑시노스2500을 채용할 계획이었지만 성능·수율 문제를 해소하지 못하면서 스냅드래곤 AP를 탑재했다. 갤럭시Z플립7과 함께 공개한 보급형 모델 갤럭시Z플립7 FE는 엑시노스2400을 사용한다. ""2조원대 적자""…시스템LSI·파운드리 실적 개선 '촉각'업계에선 엑시노스2500을 탑재한 갤럭시Z플립7을 발판 삼아 삼성전자 시스템LSI와 파운드리가 실적을 개선할 수 있을지 주목하고 있다. 이들 사업부는 올 2분기에만 약 2조원대 적자를 기록한 것으로 예상된다. 지난해는 이들 사업부에서 5조~7조원대 적자가 발생했다는 관측도 나온다. 해외에서도 엑시노스2500을 향한 기대감을 보이고 있다. 정보기술(IT) 매체 샘모바일은 ""일각에선 스냅드래곤 칩셋이 탑재되지 않은 점을 우려할 수 있지만 성능에 대한 걱정은 과장된 면이 있다""며 ""삼성의 3나노 엑시노스2500 칩셋과 12GB 램(RAM) 조합은 이 기기의 모든 기능을 충분히 소화할 강력한 성능을 제공한다. 애니메이션은 부드럽고 멀티태스킹도 쾌적한 데다 모든 조작에서 지연 현상이 전혀 느껴지지 않는다""고 평했다. 엑시노스2500 채용으로 비용 부담도 덜 수 있을 것이란 전망도 나온다. 삼성전자는 지난해 모바일 AP 매입 비용으로만 10조9326억원을 썼다. 연도별로 보면 2021년 6조2116억원, 2022년 9조3138억원, 2023년 11조7320억원으로 해마다 증가세를 보였다. 올 1분기엔 4조7891억원을 들여 모바일 AP를 매입했다. 다만 엑시노스2500이 삼성전자 반도체 성적표를 획기적으로 반전시키거나 모바일 AP 매입 비용을 대폭 낮출 정도는 아니란 평가가 우세하다. 당장 성능이 입증된 제품을 선보이면서 고객사 수주 가능성을 확대했다는 데 의의가 있다는 관측이다. 갤럭시Z플립7 흥행 성적, '20대 여심'에 달려엑시노스2500의 흥행 성적은 사실상 '2030세대 여심'에 달렸다. 갤럭시Z플립 모델은 20~30대, 특히 여성들 사이에서 인기가 높다. 기기 디자인과 셀피에 최적화된 기능으로 이 세대 여성 사용자들을 사로잡았단 분석이다. 20대 여성들의 경우 아이폰 사용자 비중이 압도적으로 높은 편인데 갤럭시Z플립 시리즈가 이들 중 일부를 갤럭시로 유입시킨 흐름도 포착됐다. 전작인 갤럭시Z플립6의 사전 개통 첫날 서울 주요 삼성스토어엔 20대 여성들이 몰렸다. 이들은 당시 ""카메라 기능과 디자인의 매력에 빠졌다"", ""SNS 업로드 전 사진 보정을 많이 하는데 AI 기능이 기대된다"", ""해외도 자주 가고 셀피도 많이 촬영하는데 AI 통여 긱능과 카메라 성능에 대한 기대가 크다""는 등의 반응을 나타냈다. 갤럭시Z폴드7은 퀄컴의 갤럭시용 스냅드래곤 8 엘리트를 탑재했다. 이 칩셋은 전작과 비교해 NPU 41%, CPU 38%, GPU 26%씩 성능을 끌어올렸다. 삼성전자는 갤럭시Z플립7을 공개한 이후 자신감을 드러냈다. 노태문 삼성전자 디바이스경험(DX)부문장 직무대행 사장은 ""콤팩트한 디자인에 강력한 모바일 AI 기능을 결합했다""며 ""커버 스크린 중심의 혁신적 상호작용을 통해 사용자의 생활을 보다 스마트하게 만들어줄 것""이라고 말했다. 김대영 한경닷컴 기자 kdy@hankyung.com",https://www.hankyung.com/article/202507100319g,2025.07.10 15:23
이자 부담 최소화! 증권사 신용대출 3%대로 바꾸는 절호의 기회,,"전송종목 : 한솔아이원스, 아이패밀리에스씨, 대성에너지, 모트렉스, 골프존홀딩스




 

최근 주식 투자자들 사이에서 주식대출(미수/신용융자 등)의 고금리에 대한 부담이 커지고 있다.특히 저금리를 적용 받고 싶어도, 기존 대출을 상환하고 다시 주식을 매수해야 하는 번거로운 절차와 자금 조달의 어려움이 발목을 잡고 있다.이런 현실적인 문제를 해결하고자, 무빙스탁이 ‘증권사 신용, 대환자금대출’ 서비스를 전격 출시했다.이 상품은 주식을 매도하지 않고도, 기존의 고금리의 주식대출(미수/신용융자 등)의 3%대의 혁신적인 저금리 증권사로 전환할 수 있도록 상환자금을 제공하는 것이 핵심이다.무빙스탁 관계자는 “현재 증권사 이벤트 금리는 연 3%대 수준으로, 기존 9~10%대 고금리를 적용받는 투자자라면 절감 효과가 상당하다”며, 금리를 5%만 낮추면 “1억원 신용대출 기준으로 연간 약 500만원, 3억원이라면 1,500만원까지도 절약할 수 있다”고 밝혔다.더 놀라운 점은, 현재는 이벤트 기간으로 대환자금대출 신청시 발생하는 이자 비용까지 ‘0원’이라는 사실이다. 대환자금에 대해서 하루의 대출이자도 부담하지 않고 기존 고금리 대출을 저금리로 전환할 수 있어, 고금리 부담에 시달리던 투자자들에게 큰 호응을 얻을 전망이다.이 서비스는 부동산 시장에서 흔히 이용되던 대환대출 개념을 증권시장에 도입한 혁신적인 시도로, 주식 투자자들의 자금 운용에 새로운 대안을 제시할 것으로 기대된다.무빙스탁 ‘증권사 신용, 대환자금대출’의 비용 무료 이벤트는 이벤트 기간 동안 한정적으로 제공되는 만큼, 신용융자를 이용 중인 투자자라면 지금 바로 확인해볼 필요가 있다.★ 장마감 시간이 가까워질수록 문의가 많아 상담이 지연될 수 있습니다.★ 7월 문의하신 고객들이 많이 보유하신 종목으로는 삼성전자, POSCO홀딩스, 셀트리온, 포스코퓨처엠, 에코프로비엠, NAVER, 에코프로, 삼성SDI, LG화학, SK하이닉스, 두산에너빌리티, 카카오, SK이노베이션, LG에너지솔루션, 엘앤에프, 삼천당제약, 현대차, 알테오젠, HPSP, LG전자 등이 있습니다.★ 안내사항과도한 빚은 당신에게 큰 불행을 안겨줄 수 있습니다. 대출 시 신용등급 하락으로 다른 금융거래가 제약받을 수 있습니다. 중개수수료를 요구하거나 받는 것은 불법입니다.상호명: ㈜단비대부 2021-서울영등포-2102(대부업) | TEL: 1544-4886 | 대출금리: 연 20%이내(연체금리는 약정금리+3%p이내, 최대 연 20%이내) | 단, 2021. 7. 7.부터 신규체결, 갱신, 연장되는 계약에 한함 | 채무의 조기상환 조건 및 부대비용 없음. (단, 신용조회비용 및 담보권설정비용 있음), 이자 외 별도로 중개수수료를 요구하거나 수취하는 것은 불법입니다. | 대표이사: 박동원 | 사업자등록번호: 274-86-00231 | 등록기관명칭: 서울 영등포구청(담당부서: 일자리경제과, 02-2670-3420) | 소재지 : 서울 영등포구 여의대방로67길 11, 5층 517호 | 개인정보관리자메일: help@danbifund.co.kr무료상담",https://www.hankyung.com/article/202507173376a,2025.07.17 09:33
'Z폴드' 강화유리 공급 도우인시스…“세번 접히는 유리 출시” [IPO톡톡],,"영상 모듈 닫기




<앵커>초박형 강화유리(UTG) 전문기업 도우인시스가 이달 코스닥 시장에 입성합니다.주주 계약 누락으로 상장에 난항을 겪기도 했는데, 상장 후 해외 플렉서블 디스플레이 시장을 선도하겠다는 목표입니다.김채영 기자의 보도입니다.<기자>역대 가장 얇고 가벼운 폴더블 스마트폰이라는 평가를 받는 삼성전자의 '갤럭시 Z폴드7'.이달 코스닥 상장을 앞두고 있는 도우인시스가 공급하는 초박형 강화유리, UTG(Ultra Thin Glass)가 탑재돼 있습니다.2010년 설립된 도우인시스는 2019년 세계 최초로 폴더블 스마트폰용 UTG를 상용화했습니다.삼성전자 Z폴드와 플립 시리즈를 비롯해 구글, 오포, 샤오미 등 글로벌 브랜드에 UTG를 단독 공급하고 있습니다.[옥경석 / 도우인시스 대표 : 2026년 하반기부터는 시장이 급격히 확대돼 폴더블폰 대중화 시대로 접어들 것으로 예상하고 있습니다. IPO(기업공개)로 유입된 자금은 전액 공장 증설 및 캐파 확대용으로 사용될 계획입니다.]도우인시스는 당초 증권신고서에 특정 주주 간 계약 내용을 기재하지 않아 논란을 빚었습니다.한국거래소는 이 문제를 인지한 뒤 대주주 보호예수 기간을 기존 2년에서 3년 6개월로 늘리는 조치를 취했습니다. 공시 투명성을 강화하고 투자자를 보호하기 위해서입니다.올해 1분기 영업손실 20억원을 기록하며 실적에 대한 우려도 있습니다.회사 측은 매년 2분기와 3분기에 매출이 집중되는 사업 구조 때문이라고 설명합니다.[나성대 / 도우인시스 부사장 : 시설은 많이 늘었는데 전체적인 물량은 크게 늘어나지 않은 상태이기 때문에 영업이익률이 떨어진 것입니다. 갤럭시 Z플립7이 얼마나 많이 팔리느냐에 따라서 물량이 많아지게 되면 영업이익률도 물량이 많아짐에 따라서 같이 올라갈 것으로 예상하고 있습니다.]2023년까지 꾸준히 성장해 온 폴더블폰 시장이 최근 정체기에 접어든 상황에서 도우인시스는 내년 애플의 참전으로 시장 규모가 급격히 확대될 것으로 전망했습니다.시장 확대에 대응해 공모 자금 대부분을 베트남 공장 생산능력을 보강하는 데 투입하겠다는 계획입니다.[나성대 / 도우인시스 부사장 : 이번에 들어올 공모금이 약 400억 원 이상 될 것으로 예상되는데 전액 베트남 투자비로 들어갈 예정입니다. 올해 설비를 개조하고 신규 투자를 해서 6월 말까지 (월 생산규모를) 65만 대에서 100만 대로 확대했습니다.]폴더블폰 시장의 본격적인 확대와 함께 태블릿·노트북 등 대면적 UTG도 개발하고 있습니다.올해는 세 번까지 접히는 멀티폴딩 UTG를 선보이겠다는 계획입니다.도우인시스는 오는 14일부터 15일까지 일반 청약을 거쳐 24일 코스닥 시장에 상장할 예정입니다. 상장 후 시가총액은 3,120억~3,443억 원으로 예상됩니다.대주주 뉴파워프라즈마와의 중복상장 문제도 흥행 부담 요인이 될 것으로 보이는 가운데, 도우인시스가 성공적인 코스닥 데뷔를 이룰 수 있을지 시장의 관심이 집중되고 있습니다.한국경제TV 김채영입니다.영상취재 : 양진성영상편집 : 권슬기CG : 홍향기김채영기자 chaechae@wowtv.co.kr",https://www.hankyung.com/article/2025071011695,2025.07.10 18:06
"코스피, 외인·기관 순매도에 3200선 내줘…코스닥도 '하락'",원·달러 환율 1380원대,"15일 오전 서울 중구 하나은행 딜링룸에서 직원들이 업무를 보고 있다. /사진=연합뉴스

                코스피가 장 초반 하락하며 3200선을 내줬다. 코스닥도 약세를 보이고 있다.16일 오전 9시3분 현재 코스피는 전일 대비 22.71포인트(0.71%) 하락한 3192.57을 가리키고 있다. 3207.48에 개장한 코스피는 우하향하며 3200선을 밑돌고 있다.외국인과 기관의 매도세가 거세다. 유가증권시장에서 외국인은 1509억원, 기관은 1170억원을 순매도하고 있다. 개인은 2806억원을 순매수하는 중이다.네이버(1.4%)를 제외한 코스피 시가총액 상위주는 대부분 하락하고 있다. KB금융(-2.93%), 두산에너빌리티(-2.14%), 한화에어로스페이스(-1.06%), 신한지주(-0.85%), HD현대중공업(-0.76%), 삼성전자(-0.71%), SK하이닉스(-0.67%), LG에너지솔루션(-0.63%), 현대차(-0.47%), 삼성바이오로직스(-0.28%)가 파란불을 켰다.같은 시각 코스닥 지수는 전일 대비 5.94포인트(0.73%) 밀린 806.94에 거래되고 있다. 810.9에 개장한 코스닥 지수도 장중 내리막길을 걷고 있다.코스닥 시장에서도 외국인은 692억원, 기관은 39억원을 순매도하며 지수를 끌어내리고 있다. 개인은 홀로 898억원을 순매수하고 있다.코스닥 시가총액 상위주도 약세를 보이고 있다. 리가켐바이오(-2.56%), 코오롱티슈진(-2.06%), 알테오젠(-2.03%), 삼천당제약(-1.69%), HLB(-1.54%), 레인보우로보틱스(-1.09%), 에코프로(-0.95%)가 하락중이다.원·달러 환율은 전날 야간장 대비 1.5원 내린 1386.7원을 가리키고 있다.뉴욕증권거래소(NYSE)에서 15일(현지시간) 다우존스30산업평균 지수는 전일 대비 436.36포인트(0.98%) 내린 4만4023.29에 마감했다. 스탠더드앤드푸어스(S&P)500 지수는 24.80포인트(0.4%) 하락한 6243.76을 기록했다. 반면 기술주 중심의 나스닥 지수는 37.47포인트(0.18%) 오른 2만677.8로 장을 마쳤다. 나스닥은 사상 최고치를 경신했다.이날 6월 소비자물가지수(CPI)가 발표됐다. 6월 CPI는 전월 대비 0.3% 올라 5월의 0.1%보다 상승 폭이 확대됐다. 전년 동기 대비로는 2.7% 상승해 5월의 2.4%보다 높아졌다. 전문가 추정치(2.6%)도 소폭 웃돌았다.진영기 한경닷컴 기자 young71@hankyung.com",https://www.hankyung.com/article/2025071609376,2025.07.16 09:12
하석진도 푹 빠졌다더니…요즘 삼성 가전 난리 난 이유,"'공대오빠' 하석진도 ""자부심 느껴""
전세계에 'AI 경험' 심는 삼성 

삼성전자 'AI 효용성' 강조
'AI 사용' 공감대 형성 주력
'앰비언트 인텔리전스' 제시
연내 '갤럭시 AI' 4억대 목표","삼성 가전 앰버서더로 활동 중인 배우 하석진. 사진=하석진 인스타그램 갈무리

삼성전자가 세계 곳곳에서 인공지능(AI) 사용경험 확산을 위해 총력전을 펼치고 있다. AI 사용경험 여부를 파악한 조사 결과와 자사 AI 제품 사용 전후 변화를 앞세우면서 '삼성=AI' 인식을 심어주는 데 열 올리는 중이다.'삼성 AI' 사용경험 강조…""AI 제품 구매 의향 높아""16일 업계에 따르면 삼성전자는 최근 세계 각국에서 진행한 AI 관련 설문조사를 연이어 공개했다. 조사 결과들은 AI 사용경험이나 자사 AI 제품 효용성을 담고 있다. 올해 가장 먼저 노린 곳은 '전략 시장'으로 꼽히는 미국이다. 삼성전자 미국 법인은 현지 비영리재단 도너스추즈와 미국 공립 중고교 교사 1039명을 조사했는데 응답자의 96%에게서 ""향후 10년 안에 AI가 교육에서 빼놓을 수 없는 분야가 될 것""이란 답을 받았다. 그러면서 삼성전자가 미국 공립 중·고교 4000여곳에 2700만달러어치가 넘는 기술과 교육 도구를 지원한 사실을 강조했다.  '신흥 시장'으로 꼽히는 동남아시아 지역에선 AI 기능을 갖춘 제품 구매 의향이 높다는 결과를 제시했다. 삼성전자 필리핀 법인이 동남아 지역 소비자 2600명을 조사한 결과를 보면 필리핀 국적 응답자 3명 중 2명꼴로 AI 기능이 탑재된 스마트폰과 가전제품을 구매할 의향이 있는 것으로 나타났다.  동남아 사용자들 가운데 약 30%, 필리핀 사용자들의 경우 약 45%가 글쓰기에 AI를 활용했다는 연구 결과도 공개했다. 사진 편집, 새로운 아이디어 창출에도 10명 중 4명이 AI를 활용하고 있는 것으로 조사됐다. 삼성전자는 이 결과를 인용하면서 올해 초 출시한 두 번째 AI폰인 갤럭시S25 시리즈가 현지 사용자들이 관심 갖는 AI 기능을 제공하고 있다고 강조했다. 젊은층 인구 비중이 큰 동남아에선 특히 청년층의 AI 사용경험에 주목했다. 인도네시아·말레이시아·필리핀·싱가포르·태국에서 동남아 13~24세 청년 884명을 조사하자 10명 중 9명은 AI 기기와 서비스를 학습·창작·정보 제공 등에 활용하고 있다고 답했다. 특히 인도네시아에선 청년들 78%가 AI 기술에 접근하는 주요 수단으로 스마트폰을 선호하는 것으로 조사됐다. 삼성전자는 이를 갤럭시S25 시리즈와 연결해 ""삼성은 갤럭시 AI를 통해 모든 사람에게 AI 기기와 서비스를 제공한다""고 했다. 가격 부담이 큰 소비자층을 고려해 AI 기능을 제공하는 갤럭시A56·A36·A26 등의 보급형 스마트폰도 유용한 선택지로 제시했다. 
                    



사진=삼성전자

""갤럭시 기기 10대 중 9대서 AI 기능 실제 사용""갤럭시 AI 사용경험이 확산하고 있다는 조사도 공개했다. 삼성전자 콜롬비아 법인은 갤럭시 AI를 지원하는 기기 약 43만1980대를 지난해 1월부터 올 3월까지 분석한 결과 85.3%에서 1개 이상의 AI 기능을 사용한 것으로 파악됐다. 갤럭시 AI가 실용적이면서 일상적으로 발전하는 도구가 됐다는 부연설명도 이어졌다. 무엇보다 비교적 젊은 연령대인 2040세대가 서클 투 서치·글쓰기 어시스트·이미지 편집 등 AI 기능을 일상에서 가장 많이 활용했다. 사용률은 서클 투 서치가 42%로 가장 높았고 글쓰기 어시스트 25%, AI 이미지 편집 20% 순이었다. 성별로 구분하면 여성은 이미지 편집 같은 창의적 기능을, 남성은 검색 등 실용적 기능을 선호했다. AI 가전의 효용성을 강조하기 위한 밑작업도 한창이다. 삼성전자 이탈리아 법인이 시장조사업체 톨루나와 현지 국적 사용자들을 조사한 결과에서 응답자 79%에게서 AI가 시간을 절약하고 일상의 질을 향상시킬 수 있다는 답을 끌어내며 공감대를 형성했다. 이와 함께 AI 기반 세탁건조기·무선청소기·냉장고·TV 등 개인화된 경험을 제공하는 자사 제품군을 내세웠다. 삼성전자 이탈리아 법인은 ""세탁기처럼 자동으로 코스를 조절하는 AI 기반 가전제품이나 식습관과 생활 습관에 따라 레시피를 추천하는 오븐부터 연결된 스마트싱스 생태계에 이르기까지 각 제품은 시너지 효과를 발휘하도록 설계돼 집안일을 자동화하고 정신적 스트레스를 줄여준다""고 설명했다. 루마니아에서도 집안일에 소요되는 시간을 강조하면서 AI 가전의 필요성을 부각시켰다. 삼성전자 자체 연구에 따르면 루마니아인들은 주당 평균 18시간 이상을 집안일에 쓰는 것으로 조사됐다. 연간 누적 기준으로는 청소에 33일 이상, 요리에 15일 이상, 세탁에 8일 이상의 시간을 썼다.시모나 파나이트 삼성전자 루마니아·불가리아 마케팅 이사는 자사 뉴스룸을 통해 ""AI 기술은 가정에 큰 변화를 가져오고 있고 스마트싱스 플랫폼을 통한 삼성의 스마트 솔루션은 루마인들에게 더 많은 자유시간을 제공해 진정으로 중요한 일에 시간을 사용하도록 설계됐다""고 했다. '앰비언트 인텔리전스' 목표…""연내 갤럭시 AI 기기 4억대"" 국내에서도 비스포크 AI 가전 경험을 공유할 2030 체험 홍보대사단 '비스포크 영 앰버서더'가 구성됐다. 여기엔 요리·테크 인플루언서와 대학생·신혼부부 등 크리에이터 20명이 참여한다. 이들은 내년 1월까지 비스포크 AI 가전을 직접 경험한 다음 체험기를 담은 콘텐츠를 사회관계망서비스(SNS) 등을 통해 공유하는 역할을 맡는다. 공과대학을 졸업한 삼성 가전 앰버서더인 배우 하석진은 비스포크 영 앰버서더 발대식에서 영상을 통해 ""비스포크 AI 가전의 혁신적 기술과 조화로운 디자인을 자유롭게 경험하고 여러분만의 스토리로 풀어내길 기대한다""고 응원하기도 했다. 삼성전자는 최근 숨을 쉬듯 자연스럽게 일상 속에서 작동하는 AI를 제공하겠다는 사업 방향을 공유했다. 사용자 곁에서 개인적이면서도 예측 가능한 AI를 제공하는 '앰비언트 인텔리전스'를 화두로 꺼내든 것이다. 앰비언트 인텔리전스는 사용자의 일상에 자연스럽게 녹아들어 상황에 맞게 능동적으로 작동하는 AI를 의미한다. 삼성전자는 지난해 갤럭시 AI를 지원하는 기기 2억대를 공급하겠단 목표를 넘어 올해 4억대 이상으로 확장한다는 계획을 내놨다. 갤럭시 AI를 기반으로 사용자 일상에서 실질적 지원을 '갤럭시 생태계' 전체를 연결하겠다는 것이 삼성전자의 구상이다.김대영 한경닷컴 기자 kdy@hankyung.com",https://www.hankyung.com/article/202507159420g,2025.07.16 06:30
11년 묵은 단통법 폐지 첫날…통신 3사 '눈치 보기',추가 지원금 크게 안달라져,"단말기 유통구조 개선에 관한 법률(단통법) 폐지 첫날인 22일 한 시민이 휴대폰 매장의 홍보 문구를 살펴보고 있다.  뉴스1

                22일 단말기 유통구조 개선에 관한 법률(단통법)이 도입 11년 만에 폐지됐지만, 기대만큼의 보조금 경쟁은 벌어지지 않았다.이날 삼성전자의 갤럭시 Z폴드7 모델을 구매할 경우 보조금과 유통망의 추가지원금은 54만~57만원에 그쳤다. 9만원대 요금제를 6개월간 유지하는 조건이다. 한 유통점 관계자는 “단통법 폐지 이전과 비슷한 수준”이라고 설명했다.단통법 폐지로 공시지원금 액수를 공지해야 하는 의무가 사라지고, 지원금의 15%로 제한된 유통점의 추가 지원금 상한도 없어졌다. 업계에선 단통법 폐지와 함께 SK텔레콤이 공격적으로 지원금 마케팅에 나설 것으로 기대했다. 하지만 SK텔레콤이 숨 고르기에 나서면서 KT와 LG유플러스도 섣불리 치고 나가지 않는 상황이라는 설명이다. 통신사 관계자는 “해킹 사고로 60만 명에 달하는 이용자가 빠져나간 SK텔레콤이 예상과 달리 경쟁에 나서지 않고 있다”며 “시장 분위기에 따라 지원금 규모가 정해지는 만큼 당장 지원금을 크게 올리기는 어렵다”고 말했다. 앞서 SK텔레콤의 위약금 면제와 갤럭시 Z폴드·플립7의 사전 예약이 진행된 만큼 단통법 폐지에 맞춰 대규모 지원금이 나오기 어렵다는 분석도 나온다.이번 주말이 단통법 폐지 이후 시장 상황을 가늠할 수 있는 ‘바로미터’가 될 전망이다. 업계 관계자는 “단통법 폐지 이후 통신사를 바꾸려는 고객들이 주말부터 본격적으로 움직임에 나설 것으로 예상된다”며 “통신 3사 모두 주말 사이 이동하는 가입자 규모를 보고 지원금 상향 등 조정에 나서겠다는 입장을 보이고 있다”고 내다봤다.최지희 기자 mymasaki@hankyung.com",https://www.hankyung.com/article/2025072250651,2025.07.22 17:17
"코스피, 연고점 경신 후 3160선으로 '후퇴'…코스닥도 약세 마감","外人, 코스피 현·선물 1조 순매도
코스닥지수도 4거래일 만에 '하락'
리튬·인공지능(AI) 등 일부 테마주 '급등'","사진=게티이미지뱅크 

                코스피지수가 22일 연고점 돌파 이후 차익실현 매물이 나오면서 3160선으로 주저앉았다.이날 코스피지수는 전일 대비 40.87포인트(1.27%) 내린 3169.94에 장을 마감했다. 지수는 이날 장중 한때 상단을 3220.27까지 높이면서 연고점을 경신했지만 곧바로 매수세가 꺾이면서 3200선을 내줬다.2분기 글로벌 기업들의 호실적 전망에도 불구하고 다음달 1일 트럼프 행정부의 상호관세 부과 시점이 다가오는 데다 최근 '서머랠리'에 따른 차익실현 욕구가 나타난 것으로 풀이된다.외국인과 기관이 매물을 던지면서 지수를 끌어내렸다. 외국인은 이날 코스피 현물시장에서 2659억원, 코스피200 선물시장에서 7950억원 등 총 1조609억원어치의 매물을 쏟아냈다. 기관도 4608억원 순매도했다. 반면 개인은 7132억원어치 매수우위였다.시가총액 상위주들은 대부분 하락했다. 삼성전자(-2.65%), SK하이닉스(-1.47%), KB금융(-0.35%), 두산에너빌리티(-8.48%) 등이 떨어졌다. LG에너지솔루션(0.76%), 삼성바이오로직스(0.29%), 한화에어로스페이스(0.33%) 등은 상승했다.LIG넥스원은 증권가의 밸류에이션 부담 평가에 6.19% 급락했다. LG유플러스는 자사주 소각 결정 소식에 1.34% 상승 마감하며 신고가를 경신했다. 비에이치는 폴더블 아이폰 부품 공급 기대감에 19.34%, YG PLUS는 넷플릭스 협업 소식에 14.1% 급등했다.코스닥지수도 4거래일 만에 하락 전환했다. 이날 코스닥지수는 전일 대비 1.06% 떨어진 812.97에 장을 마쳤다. 코스닥시장에서도 개인이 2018억원 순매수한 반면 외국인과 기관은 각각 474억원과 1496억원 순매도했다.코스닥 시총 상위주들은 대부분 떨어졌다. 알테오젠(-1.45%), 에코프로비엠(-3.79%), 펩트론(-0.66%), HLB(-0.99%), 에코프로(-3.83%), 파마리서치(-0.35%) 등이 하락했다.리튬 가격 강세 소식 이후 리튬포어스(29.99%), 하이드로리튬(17.12%) 등 관련주들이 이날도 폭등했다. AI 정책 기대감에 포바이포(29.95%), 산돌(19.7%), 크라우드웍스(9.76%) 등이 뛰었다.원·달러 환율은 소폭 내렸다. 이날 오후 3시30분 기준 서울 외환시장에서 원·달러 환율은 전일 대비 0.4원 하락한 1387.8원에 주간 거래를 마쳤다.노정동 한경닷컴 기자 dong2@hankyung.com",https://www.hankyung.com/article/2025072247656,2025.07.22 15:43
,,,https://magazine.hankyung.com/business/article/202507160893b,
,,,https://magazine.hankyung.com/business/article/202507209426b,
"이달 12% 뛴 삼성전자, 개미 드디어 '플러스'","외국인 1.9조 순매수에 강세
증권가 목표가 '8만전자' 제시
HBM 공급·자사주 매입 호재","삼성전자 주가가 연중 최고치를 새로 쓰고 있다. ‘삼성전자 개미’(개인투자자)의 평균 수익률도 10개월여 만에 ‘플러스’로 전환한 것으로 추정됐다.





                21일 삼성전자 주가는 1.04% 오른 6만7800원에 장을 마감했다. 5거래일 연속 상승세다. 삼성전자 종가는 네이버페이 ‘내 자산’ 서비스와 증권 계좌를 연동한 개인투자자 26만5371명의 평균 매수 단가(6만7169원)를 0.94% 웃돌았다. 작년 9월 초 이후 처음이다. 이 종목에 직접 투자한 개인들 표본의 평균 수익률이 손실을 면하게 됐다는 의미다.삼성전자 주가는 올초부터 꿈틀댔지만 지난달 말까지의 상승세는 신통치 않았다. 올 1~6월 상승률이 11.99%에 그쳤다. 같은 기간 코스피지수(28.04%)와 SK하이닉스(70.56%) 상승률과 비교하면 아쉬운 성적표다.분위기는 최근 확 달라지고 있다. 7월 들어 이날까지 12.6% 뛰었다. 코스피지수 상승률 3.92%를 크게 앞질렀다. 외국인 매수세가 집중된 게 주요 원인으로 꼽힌다. 외국인은 이달에만 삼성전자 주식을 1조8768억원어치 순매수했다. 외국인의 국내 주식 순매수 1위다. 삼성전자의 외국인 지분율은 이날 50.19%로, 약 3개월 만에 전체 지분 중 절반을 다시 넘어섰다.다만 여전히 물려 있는 개미가 많을 것이란 게 증권가 추산이다. 주가를 지난 1년간으로 넓혀보면 여전히 18% 하락한 상태이기 때문이다. 52주 최고가는 8만6100원으로, 이날 종가 대비 26.99% 높다. 2021년 1월의 장중 고점인 9만원에 도달하려면 32.74% 더 뛰어야 한다.증권업계는 삼성전자 주가의 추가 상승 여력을 더 높게 보고 있다. 삼성전자에 대해 투자의견을 낸 22개 증권사의 평균 목표주가는 7만5860원에 달한다. 최저 목표가는 7만1000원(현대차증권 다올투자증권 DS투자증권)이지만 최고 8만3000원(LS증권)을 제시한 곳도 있다.박유악 키움증권 연구원은 “3분기 실적이 개선될 가능성이 큰 데다 자사주 매입 프로그램도 진행하고 있다”며 “6세대 고대역폭메모리(HBM4) 양산 샘플 공급, 파운드리(반도체 수탁생산) 고객사 신규 확보 등 모멘텀이 생기면 더욱 탄력을 받을 것”이라고 내다봤다.선한결 기자 always@hankyung.com",https://www.hankyung.com/article/2025072127061,2025.07.21 17:57
"""이재용 회장, 죽을 각오로 경영해야""…이찬희 준감위원장 당부","이찬희 삼성 준감위원장 정례회의 전
""이재용 등기임원 조속한 복귀"" 언급","이찬희 삼성 준법감시위원회(준감위) 위원장이 지난 5월 20일 오후 서울 서초구 삼성생명 사옥에서 열린 준감위 정례회의에 참석하며 취재진의 질문에 답하고 있다. 사진=뉴스1

                이찬희 삼성 준법감시위원회(준감위) 위원장이 이재용 삼성전자 회장의 대법원 무죄 판결 이후 책임경영 강화를 위한 컨트롤타워 재건, 등기이사 복귀 등을 강조하면서 기존 입장을 재확인했다.23일 업계에 따르면 이 위원장은 이날 서울 서초구 삼성생명 서초사옥에서 열린 3기 준감위 정례회의에 앞서 기자들과 만나 ""재판에 대한 굴레에서 벗어나서 죽기를 각오하는 공격적 경영을 해야만 국제 사회에서 삼성이 발전하고 삼성에 의존하는 국민 경제가 함께 발전할 기회가 있다고 생각한다""고 말했다.그는 ""책임경영이라는 측면에서 (이 회장이) 등기이사로 복귀하는 부분에 대해서는 많은 위원이 공감하고 있다""며 ""개인적으로는 등기임원의 조속한 복귀를 생각한다""고 했다.그러면서도 ""등기 임원이 되려면 상법상 주주총회를 거쳐야 하기 때문에 시기·방식 등 회사의 경영적인 판단이 필요하다""고 말했다. 이 회장은 4대 그룹 총수 중 유일하게 미등기임원인 상태다. 등기임원은 이사회 구성원으로 기업 경영에 대한 법적 책임을 지는 만큼 미등기임원과 차이가 크다. 업계 안팎에서는 이 회장이 사법 리스크를 털어내면서 그룹 차원의 경쟁력 강화를 위해서라도 삼성 컨트롤타워 부활이 논의되지 않겠냐는 관측이 나오고 있다. 이 위원장은 ""개인적으로 삼성이라는 큰 기업이 국민 경제에 차지하는 위치와 국가 경쟁력 강화 측면에서 컨트롤타워가 필요하다고 생각한다""면서도 ""위원회 내부에서 통일된 의견을 내지 못할 정도로 어려운 사안""이라고 했다.이어 ""500만명이 훨씬 넘는 국민이 삼성전자의 주주이고 삼성그룹 전체와 국민의 관계가 연결돼 있다""며 ""이제는 삼성이 하나의 기업이 아니라 국민 경제를 책임지는 기업으로써 기업가적인 책임을 강조하고 싶다""고 말했다.준감위는 조만간 이 내용을 이 회장에게 전달할 예정으로 전해졌다. 이 위원장은 ""이른 시일 내에 의견을 전달할 수 있는 시간을 갖도록 하겠다""며 ""사법부의 판단에 존중을 표한다""고 했다. 김대영 한경닷컴 기자 kdy@hankyung.com",https://www.hankyung.com/article/202507237153g,2025.07.23 15:41
이자 폭탄 막자! 증권사 신용대출 3%대 전환으로 절약하는 법,,"전송종목 : 선진뷰티사이언스, 이수앱지스, 메디톡스, MDS테크, 켐트로닉스




 

최근 주식 투자자들 사이에서 주식대출(미수/신용융자 등)의 고금리에 대한 부담이 커지고 있다.특히 저금리를 적용 받고 싶어도, 기존 대출을 상환하고 다시 주식을 매수해야 하는 번거로운 절차와 자금 조달의 어려움이 발목을 잡고 있다.이런 현실적인 문제를 해결하고자, 무빙스탁이 ‘증권사 신용, 대환자금대출’ 서비스를 전격 출시했다.이 상품은 주식을 매도하지 않고도, 기존의 고금리의 주식대출(미수/신용융자 등)의 3%대의 혁신적인 저금리 증권사로 전환할 수 있도록 상환자금을 제공하는 것이 핵심이다.무빙스탁 관계자는 “현재 증권사 이벤트 금리는 연 3%대 수준으로, 기존 9~10%대 고금리를 적용받는 투자자라면 절감 효과가 상당하다”며, 금리를 5%만 낮추면 “1억원 신용대출 기준으로 연간 약 500만원, 3억원이라면 1,500만원까지도 절약할 수 있다”고 밝혔다.더 놀라운 점은, 현재는 이벤트 기간으로 대환자금대출 신청시 발생하는 이자 비용까지 ‘0원’이라는 사실이다. 대환자금에 대해서 하루의 대출이자도 부담하지 않고 기존 고금리 대출을 저금리로 전환할 수 있어, 고금리 부담에 시달리던 투자자들에게 큰 호응을 얻을 전망이다.이 서비스는 부동산 시장에서 흔히 이용되던 대환대출 개념을 증권시장에 도입한 혁신적인 시도로, 주식 투자자들의 자금 운용에 새로운 대안을 제시할 것으로 기대된다.무빙스탁 ‘증권사 신용, 대환자금대출’의 비용 무료 이벤트는 이벤트 기간 동안 한정적으로 제공되는 만큼, 신용융자를 이용 중인 투자자라면 지금 바로 확인해볼 필요가 있다.★ 장마감 시간이 가까워질수록 문의가 많아 상담이 지연될 수 있습니다.★ 7월 문의하신 고객들이 많이 보유하신 종목으로는 삼성전자, POSCO홀딩스, 셀트리온, 포스코퓨처엠, 에코프로비엠, NAVER, 에코프로, 삼성SDI, LG화학, SK하이닉스, 두산에너빌리티, 카카오, SK이노베이션, LG에너지솔루션, 엘앤에프, 삼천당제약, 현대차, 알테오젠, HPSP, LG전자 등이 있습니다.★ 안내사항과도한 빚은 당신에게 큰 불행을 안겨줄 수 있습니다. 대출 시 신용등급 하락으로 다른 금융거래가 제약받을 수 있습니다. 중개수수료를 요구하거나 받는 것은 불법입니다.상호명: ㈜단비대부 2021-서울영등포-2102(대부업) | TEL: 1544-4886 | 대출금리: 연 20%이내(연체금리는 약정금리+3%p이내, 최대 연 20%이내) | 단, 2021. 7. 7.부터 신규체결, 갱신, 연장되는 계약에 한함 | 채무의 조기상환 조건 및 부대비용 없음. (단, 신용조회비용 및 담보권설정비용 있음), 이자 외 별도로 중개수수료를 요구하거나 수취하는 것은 불법입니다. | 대표이사: 박동원 | 사업자등록번호: 274-86-00231 | 등록기관명칭: 서울 영등포구청(담당부서: 일자리경제과, 02-2670-3420) | 소재지 : 서울 영등포구 여의대방로67길 11, 5층 517호 | 개인정보관리자메일: help@danbifund.co.kr무료상담",https://www.hankyung.com/article/202507160701a,2025.07.16 08:53
반도체 M&A 기대…'9만전자' 보는 증권가 [마켓딥다이브],"이재용 회장 무죄 확정…반도체 M&A 기대
씨티, 삼성전자 목표가 9만원으로 상향","영상 모듈 닫기




<앵커>이재용 회장의 무죄가 확정된 오늘 삼성전자 주가는 연중 최고치를 다시 썼습니다.그간 사법리스크 대응에 무게를 뒀던 조직구조가 앞으로 반도체 역량을 강화하기 위한 형태로 재편될 수 있다는 기대도 나옵니다. 마켓딥다이브 최민정 기자가 시장의 평가를 들어봤습니다.<기자>10년 만에 사법리스크 족쇄를 푼 이재용 삼성전자 회장.업계에선 다음 행보로 반도체 관련 대형 인수합병(M&A)을 기대하고 있는데요.반도체 부문은 다른 사업부와 달리 20년째 거의 변함없는 구조로 유지되고 있기 때문입니다. 인텔과 퀄컴 등 다른 글로벌 반도체 기업들이 적극적인 M&A에 나선 것과 비교해 소극적인 모습을 보인 건데요.이 회장의 2심 무죄 선고 이후 3건의 인수 건을 발표하며 달라진 분위기를 보이고 있습니다. 2조 4천억 원 규모의 독일 냉난방 공조 기업 플렉트를 인수했고, 디지털헬스케어 기업 젤스를 사들이며 투자 재개에 나선 건데요. 그동안 삼성전자는 사법 리스크로 인해 초격차 기술 확보와 미래 먹거리 산업 투자에 제동이 걸렸다는 평가를 받은 바 있습니다.2030년 글로벌 1위를 목표로 했던 시스템 반도체는 대만 TSMC와 점유율 격차가 60%p로 더 벌어졌고, 파운드리 사업부는 2분기에만 2조 5천억 원의 적자를 낸 것으로 알려졌는데요.하지만 이번 대법원 재판 결과로, 이 회장이 경영 현안을 챙기는데 더 집중할 수 있게 된 겁니다.삼성전자의 시간이 다시 찾아오고 있는 걸까요?엔비디아가 중국 수출용 인공지능(AI) 칩인 H20 공급 재개에 나서면서 삼성전자의 하반기 실적 개선 기대감이 커졌는데요.H20은 엔비디아가 중국 시장을 겨냥해 만든 제품으로, 합법적으로 중국 수출이 가능한 최고 사양 AI칩입니다. H20에는 최신 제품인 5세대 HBM(HBM3E)이 아니라 4세대 HBM이 탑재되는데, 해당 제품을 삼성전자가 납품하는 걸로 알려졌습니다.중국 수출길이 막혔던 삼성전자는 해당 제품을 포함해 반도체 관련 1조 원 안팎의 충당금을 쌓은 것으로 알려졌는데요.상황이 바뀌어 HBM 제품을 다시 팔 수 있으니, 충당금이 다시 영업이익으로 잡혀, 결과적으로 실적을 키우는 효과를 기대할 수 있습니다.더불어 엔비디아는 미국 정부의 신규 규제안에 맞춰서 중국향 전용 제품으로 AI 가속기 B40 출시를 계획하고 있는데요. 해당 GPU에는 HBM이 아닌 GDDR7이 탑재될 예정입니다. GDDR7은 HBM과 비교해 연산 성능은 낮지만 가격이 훨씬 저렴하고 AI 추론용 칩에 적합하다는 평가를 받습니다.증권가에선 ""해당 GDDR7을 삼성전자가 독점 공급할 가능성이 높다""며 D램 시장 2위로 밀린 삼성전자에 긍정적인 영향을 줄 것으로 예상합니다.실제 씨티그룹은 삼성전자가 ""GDDR7 시장에서 강한 입지를 확보하고 있으며, 12단 적층 HBM3E의 인증 통과 가능성도 높아지고 있다""며 목표주가를 9만 원으로 상향 조정했습니다.반면, HBM 시장에 독점 지위를 누리던 SK하이닉스에는 균열이 생기고 있습니다. 골드만삭스가 먼저 나서며 투자의견을 중립으로 하향 조정했는데요. 오늘 장에서 10% 가까이 하락하고 있습니다.내년 경쟁 심화로 가격 결정권이 고객사로 이동할 것이라는 분석입니다. 특히 SK하이닉스의 경우 엔비디아에 의존도가 높은 만큼, 리스크가 더 클 수 있다고 설명하는데요.향후 실적 불확실성에 비해 주가 상승이 과도했다는 지적입니다.실제 SK하이닉스의 주가는 연초 이후 60% 상승하며 주가순자산비율(PBR) 1.8배에서 거래되고 있습니다. 과거 평균인 1.3배 수준에 비해 높은 건데요. 단기적으로 차익 실현 욕구가 커질 수 있다고 덧붙였습니다.대신증권도 HBM3E의 가격 하락을 전망했는데요. 류형근 연구원은 ""구제품이 되고, 공급이 늘어나는 만큼, 가격은 현실화가 필요하다""며 ""내년 연평균 가격은 20% 내외 하락할 것으로 보인다""고 전했습니다.HBM 시장을 잡기 위한 경쟁이 심화하고 있는 가운데 삼성전자의 반격이 시작될지 지켜볼 필요가 있습니다.지금까지 마켓 딥다이브였습니다.최민정기자 choimj@wowtv.co.kr",https://www.hankyung.com/article/2025071748505,2025.07.17 14:52
"SK하이닉스, HBM 둔화 일축…""내년 2배 성장""",,"영상 모듈 닫기




<앵커>SK하이닉스가 2분기 매출 22조2천억원, 영업이익 9조2천억원을 기록하며 분기 기준 최대 실적을 기록했습니다.SK하이닉스는 실적 발표 이후 컨퍼런스콜에서 일부에서 제기된 HBM 성장성 둔화에 대해 일축했습니다.자세한 내용 산업부 홍헌표 기자와 알아보겠습니다.홍 기자 SK하이닉스가 HBM 시장에 대해 긍정적인 전망을 내놨군요?<기자>오늘 오전 9시부터 열린 SK하이닉스 컨퍼런스콜에서는 HBM에 관한 질문이 가장 많았습니다.지난주 외국계 증권사 골드만삭스가 제기한 HBM 시장의 성장성 둔화 때문이었을텐데요,SK하이닉스는 컨퍼런스콜에서 HBM 시장은 중장기적으로 크게 성장할 것이라고 설명했습니다.SK하이닉스는 ""HBM을 지난해 대비 약 두 배 성장시킬 계획""이라면서 ""HBM3E 제품이 모든 고객으로부터 높은 평가를 받고 있다""고 밝혔습니다.이어 ""HBM은 AI 시장에서 핵심 제품이고, 앞으로도 중요성을 감안할 때 수요 성장성에 대해서는 의심의 여지가 없다""고 강조했습니다.특히 빅테크 기업들의 AI 수요가 지속적으로 늘고 있는데다, AI도 훈련모델에서 추론모델로 변화하면서 HBM의 높은 처리능력이 요구되고 있다는 설명입니다.또한 피지컬 AI, AI 에이전트 등 AI 분야에서 새로운 수요도 증가하고 있어 HBM 시장은 중장기적으로 꾸준하게 성장할 것이라고 밝혔습니다.이에 맞춰 수익성이 확보된 제품에 투자를 집중해서 이익률을 높이는 전략을 가져가고, 투자도 기존 계획보다 더 늘리겠다고 덧붙였습니다.<앵커>SK하이닉스는 자신만만한 입장을 내놨지만 시장에서는 여전히 의구심을 갖는 시각이 일부 있습니다.경쟁사인 마이크론이나 삼성전자가 HBM3E에서 성과를 내기 시작하면서 HBM 가격이 둔화될 것이라는 우려 때문인데요, 여기에 대한 SK하이닉스의 대답은 어땠습니까?<기자>HBM3와 HBM3E의 가격 하락에 대해서는 SK하이닉스도 인정했습니다.메모리 반도체 시장은 SK하이닉스와 삼성전자, 마이크론 3사가 시장 전체를 지배하고 있는데, HBM3E에서 SK하이닉스가 경쟁사를 앞서가는 흐름이었습니다.SK하이닉스는 ""HBM의 공급회사가 늘어나는 것은 당연한 일""이라면서 ""메모리 반도체 경쟁 속에서 지속적인 성과를 내겠다""고 밝혔습니다.골드만삭스와 JP모건 등 외국계 증권사에서는 삼성전자가 HBM3E 공급을 본격화하면 HBM3E 가격이 평균 10%, 최대 30% 하락할 수 있다고 전망하고 있습니다.물론 가격하락이 실적에 악영향을 줄 수 있지만 HBM 자체가 워낙 이익률이 높은 제품이기 때문에 크게 흔들리지는 않을 것으로 보입니다.또 SK하이닉스는 엔비디아와의 관계가 끈끈하고, HBM은 AI 개발에 필수 메모리이기 때문에 시장을 이끄는 역할을 계속 할 것이라고 설명했습니다.엔비디아와 내년 HBM 물량에 대해 가격협상을 진행 중인데, HBM4는 기술적으로 진화했기 때문에 원가상승을 고려한 가격을 책정하겠다고 밝혔습니다.행간을 읽어보면 엔비디아도 AI GPU 개발에 HBM 파트너사가 꼭 필요하기 때문에 가격협상에서 일방적으로 대하지는 않는다는 의미였습니다.<앵커>오늘 새벽 구글의 모회사인 알파벳이 클라우드 시장 성장에 힘입어 호실적을 발표했습니다.AI 수요증가로 투자규모도 대폭 늘리겠다고 밝혔는데, SK하이닉스도 AI 수요에 맞게 공급을 늘릴 계획을 발표했죠?<기자>네 그렇습니다.알파벳이 AI 설비투자 규모를 당초 750억달러(102조원)에서 100억달러 늘린 850억달러(116조원)로 상향한다고 밝혔습니다.월가 전망치였던 588억달러를 크게 웃도는 수준입니다.알파벳은 AI 클라우드에 대한 강력한 수요 증가에 대응하기 위한 것이라고 설명했는데요, 알파벳 뿐 아니라 메타나 오픈AI도 공격적인 투자를 지속하고 있습니다SK하이닉스는 AI 수요를 뒷받침할 M15X 공장을 올해 4분기 오픈하겠다고 밝혔습니다.청주에 위치한 이 공장은 내년부터 HBM 제품 위주로 본격 양산할 계획입니다.지난해 SK하이닉스는 공장이 부족해 일시적으로 공급이 수요를 따라가지 못한 경우가 있었습니다.이번 M15X 확보로 내년부터는 늘어나는 수요에 맞춰 적기에 공급이 가능할 것으로 예상하고 있습니다.또 중장기 생산 인프라 확보를 위해 짓고 있는 용인 공장과 미국 인디애나 패키지 팹도 2027년이면 준공될 것이라고 이야기했습니다.<앵커>지난주 젠슨 황 엔비디아 CEO가 ""H20을 중국에 공급하기로 했다""고 직접 밝혔습니다. H20에는 SK하이닉스의 HBM이 들어갔는데, 이 부분 수요증가도 예상할 수 있을까요?<기자>컨퍼런스콜에서 H20에 관한 언급도 짧게 나왔습니다.과거 H20에 SK하이닉스의 HBM3 제품이 탑재됐습니다.이 때문에 엔비디아가 중국에 H20 수출을 재개하면 그 물량을 SK하이닉스가 대부분 소화할 것이라는 전망도 나오고 있는데요,SK하이닉스 ""수출 제재 전까지 H20에 HBM을 공급한 경험이 있기 때문에 신속한 대응이 가능할 것""이라면서 타사보다 유리한 입장이라고 강조했습니다.H20은 당초 HBM3를 활용했는데, 올해부터는 SK하이닉스의 HBM3E 8단 제품을 주력으로 탑재할 것으로 알려졌습니다.이에 SK하이닉스는 올해 3분기까지 H20에 들어갈 HBM3E 8단 양산을 계획하고 있습니다.다만 엔비디아의 중국 수출용 제품 공급 재개가 이뤄진 지 얼마되지 않아 HBM 수요에 대한 구체적 정보는 확인하는 중이라고 설명했습니다.<앵커>잘 들었습니다.홍헌표기자 hphong@wowtv.co.kr",https://www.hankyung.com/article/2025072496855,2025.07.24 14:31
신상 이어폰 '당근'서 반값에 팔리는 까닭,"뉴스카페

삼성·LG 사은품으로 대량 풀려 
""잦은 프로모션에 브랜드 훼손""","“갤럭시 버즈3 미개봉 새 제품 9만원에 팝니다.” 중고거래 앱인 당근에 들어가면 흔히 보이는 판매 글이다. 이 제품의 출고가는 21만9000원으로, 60% 싼 가격이다.10일 당근마켓 등에 따르면 삼성전자와 LG전자가 내놓은 새 제품들이 절반 아래 가격에 쏟아지고 있다. 당근에서 삼성전자의 액자형 스피커 뮤직프레임의 미개봉 새 상품 판매가는 20만~25만원으로, 출고가(59만9000원)는 물론 온라인 최저가(40만원 수준)보다 싸다.LG전자가 지난 1월 출시한 무선이어폰 엑스붐 버즈도 당근에선 미개봉 신품이 출고가(14만9000원)의 절반 수준인 7만~8만원에 거래되고 있다. 스탠바이미 2의 당근 시세도 100만원 안팎으로 출고가(약 150만원)보다 50% 가까이 낮다. 이들 제품의 공통점은 사은품으로 제공되는 ‘끼워팔기 제품’이라는 것이다. 무선 이어폰은 스마트폰을 구매할 때 프로모션용으로 지급되는 경우가 많다. 뮤직프레임도 TV나 빔프로젝트를 사면 15만원에 할인해 판매했다. LG전자도 베스트샵에서 TV와 스탠바이미 또는 스탠바이미고(Go)를 함께 구매하면 최대 54만원을 할인해주는 혜택을 제공하고 있다. 신혼 가전 구입 시 1000만원, 1500만원 등 500만원 단위로 할인 폭이 커지기 때문에 스탠바이미 같은 100만원 안팎의 제품을 구입해 당근에 내놓는 사례도 많다.프로모션은 흔한 일이지만 미개봉 새 제품 가격이 이례적으로 낮아지면서 이를 자제해야 한다는 목소리도 나온다. 가전업계 관계자는 “잦은 프로모션은 장기적으론 브랜드 가치를 훼손한다”고 했다.박의명 기자 uimyung@hankyung.com",https://www.hankyung.com/article/2025071011441,2025.07.10 18:08
"""1억으로 3300만원 벌었다"" 수익률 세계 1위…'사천피' 넘본다 [K증시 고지점령 上]","코스피 올해 수익률 세계 1위
증권가 전망치 상단 줄줄이 상향 조정
'사천피' 관측도…하나증권 3710서 4000으로 상향","새 정부의 증시 부양책 기대로 국내 증시가 파죽지세로 달리고 있습니다. 코스피지수는 이재명 대통령이 당선된 후 ‘삼천피’(코스피 3000)를 탈환했고, 3200선까지 터치했습니다. 한경닷컴은 여의도 증권가 전문가들에게 하반기 증시 전망에 관해 묻고 세 편에 걸쳐 주도주와 수급 등 전망에 대해 짚었습니다. [편집자주]




이재명 대통령이 지난 6월11일 불공정거래 근절을 위한 현장 간담회를 위해 서울 영등포구 여의도 한국거래소(KRX)를 방문해 직원들과 인사하고 있다. /사진=이재명 대통령 SNS

                코스피지수가 이재명 정부의 증시 부양 기대감에 연중 최고치를 연일 경신하고 있다. 코로나19 팬데믹 기간 기록한 코스피 역사적 최고점(종가 기준 3305.21포인트)까지 불과 3%만을 남겨둔 상태다. 증권가에선 잇따라 올 하반기 코스피 예상 등락 범위를 상향 조정하고 나섰다.주요 증권사 리서치센터는 배당 성향 확대, 자사주 소각 의무화 등 소득세법 및 상법 개정안에 대한 정책 모멘텀과 이로 인한 거버넌스(지배구조) 개선 기대감이 증시 동력으로 작동하고 있는 것으로 분석했다. 올 하반기 증시의 발목을 잡을 수 있는 리스크 요인으로는 상법 개정안 후퇴, 경기둔화에 따른 기업들의 실적 부진 조짐, 국내 증시 대표주로 꼽히는 삼성전자의 성장성 우려 등이 꼽혔다.코스피 올해 수익률 세계 1위…전고점 경신 가능할까




사진=김범준 한국경제신문 기자

                17일 금융투자업계에 따르면 국내 주요 증권사들은 최근 올 하반기 코스피 예상 등락 범위를 줄줄이 올려잡았다. 코스피지수가 올해 들어서만 33.2% 상승하는 등 글로벌 주요 선진국 지수 중 1위를 기록하면서다. 이 기간 미국의 스탠더드앤드푸어스(S&P)500지수는 6.2%, 일본 닛케이225지수는 1.0%씩 오르는 데 그쳤다.한국투자증권은 코스피 변동 구간 전망치를 기존 2600∼3150에서 2900∼3550으로 수정했고, IBK투자증권은 전망치 상단을 3100에서 3400으로 높여잡았다. KB증권은 향후 12개월(내년 상반기) 내 코스피 목표치를 3700으로 상향했다. 하나증권은 코스피 상단을 기존 3710에서 추가로 올려 4000선까지 도달할 가능성도 열어뒀다. 올해 이재명 대통령의 공약인 '2030년 오천피(코스피지수 5000)'가 당장 실현되긴 어렵겠지만 '사천피'(코스피지수 4000) 시대가 열릴 가능성을 짚는 분위기다.이밖에 △KB증권 2800~3500 △대신증권 2800~3400 △키움증권 2800~3300 △삼성증권 2950~3400 등으로 주요 증권사는 제시했다. 코스피 역사적 고점이 3300선인 점을 감안하면 증권사 대부분이 올 하반기 안에 이를 넘어설 수 있을 것으로 예상한 셈이다.리서치센터장(이하 센터장)들은 정부의 상법 개정 움직임과 내수 부양책 등이 증시에 훈풍으로 작용하고 있다고 분석했다.윤석모 삼성증권 센터장은 ""최근 코스피 강세장은 기업 이익이 늘어난 게 아니라 멀티플(평가 배수)이 올라온 것""이라며 ""때문에 새 정부 정책에 대한 기대감이 크게 반영된 것이라고 해석할 수 있다""고 평가했다.황승택 하나증권 센터장은 ""상법 개정을 비롯한 정책 모멘텀이 코리아 디스카운트 해소의 배경""이라며 ""코스피 역사적 고점 당시 평균 주가수익비율(PER)이 13.2배였다는 점을 현재에 적용하면 올 하반기 코스피 상단은 3710선까지 오를 수 있다고 본다""고 설명했다.여기에 글로벌 금리 인하 기조, 달러화 약세 등이 국내 증시 투자 환경을 우호적으로 만들고 있다는 설명이다.조수홍 NH투자증권 센터장은 ""달러화 가치 약세 국면과 글로벌 경기가 정체되고 있는 것이 되레 국내 증시(신흥국)의 유동성을 확대하는 요인이 되고 있다""며 ""이는 삼성전자가 2분기 부진한 실적을 내놓은 뒤 기업들의 실적 추정치가 잇따라 하향되고 있는 상황 속에서도 증시가 활기를 나타내는 이유""라고 분석했다.진격의 코스피…추가 강세장의 조건은




사진=한경DB

                코스피지수가 역사적 고점을 돌파한 이후에도 강세장을 이어가려면 정부의 자본시장 활성화 정책 안착, 하반기 기업들의 견고한 실적 등이 뒷받침돼야 한다는 분석이다.이종형 키움증권 센터장은 ""국내 상장사 거버넌스 개선의 후속 로드맵 구체화가 필수""라며 ""상법 개정안, 배당소득을 분리과세하는 소득세법 개정안 외에도 추가적인 정책이 나와야 한다""고 짚었다.박희찬 미래에셋증권 센터장은 ""기존 대형주(株)들에 대한 성장성 우려가 완화하고 실적이 회복되는 양상이 뚜렷하게 확인되면 이들 기업 중심으로 주가 상승 저변이 두터워지고 코스피는 가파른 추가 상향이 가능할 것""이라며 ""삼성전자, 현대차 등은 주주환원보다 성장성 우려가 먼저 해소돼야 한다는 얘기""라고 말했다.다만 지속되는 트럼프 행정부의 상호 관세 이슈, 미국 경기의 급속한 둔화 우려, 국내 증시 활성화 정책 후퇴는 코스피에 리스크 요인으로 작용할 것으로 내다봤다.김영일 대신증권 센터장은 ""트럼프의 지속되는 관세 압박과 예상을 넘어서는 속도의 미국 경기둔화가 찾아오면 현재 코스피 강세장 분위기를 꺾을 가능성이 있다""며 ""정부의 자본시장 활성화 정책의 강도가 후퇴하려는 분위기가 나타난다면 단기 변동성을 또 한 번 키울 수 있다""고 예상했다.김동원 KB증권 센터장도 ""배당소득 분리 과세 등 정부의 자본시장 활성화 후속 정책과 약달러 환경이 지속돼야 전고점을 넘어서도 추가 상승이 가능할 전망""이라며 ""주주환원율이 높아져야 외국인 수급도 뒷받침될 수 있다""고 관측했다.한경우/신민경 한경닷컴 기자 case@hankyung.com",https://www.hankyung.com/article/2025071613566,2025.07.17 06:30
"삼성, 中에 나노프리즘 이미지센서 첫 공급…'36조 시장' 정조준","샤오미 폰에 신제품 납품

어두운 곳서도 선명한 촬영 가능
업계 첫 나노프리즘 기술 적용
1위 소니 추격하려 고객사 확대

북미 대형 테크업체 납품 추진","삼성전자가 스마트폰의 ‘눈’ 역할을 하는 반도체 이미지센서 신제품을 중국 샤오미에 공급했다. 어두운 곳에서도 사진을 선명하게 찍을 수 있는 ‘나노프리즘’ 기술이 적용된 제품으로, 삼성이 이 제품을 다른 스마트폰업체에 납품하는 건 이번이 처음이다. 삼성전자는 미국 대형 테크업체 등으로 고객군을 넓혀 일본 소니가 장악하고 있는 이미지센서 시장 점유율을 끌어올린다는 계획이다.
                    




 ◇1년 만에 신제품 출시13일 업계에 따르면 삼성전자 반도체(DS)부문 산하 시스템LSI사업부는 지난 2분기에 이미지센서 신제품 ‘아이소셀 JNP’를 개발해 양산에 들어갔다. 아이소셀 JNP는 지난해 6월 아이소셀 JN5 등 프리미엄 이미지센서 3종을 내놓은 이후 1년 만에 선보인 제품이다. 이미지센서는 카메라 렌즈를 통해 들어온 빛을 디지털 전기신호로 바꾸는 반도체로 정보기술(IT) 제품의 눈 역할을 한다.아이소셀 JNP의 첫 외부 고객은 샤오미다. 샤오미는 최고 사양 카메라가 들어가는 시비(CIVI) 시리즈 신제품(5 PRO)에 이 센서를 적용했다. 겉으로 보면 아이소셀 JNP의 스펙은 평범하다. 화소(픽셀) 크기 0.64마이크로미터(㎛, 1㎛=100만분의 1m), 5000만 화소, 옵티컬포맷(이미지센서 크기를 나타내는 단위) 1/2.8인치다. 이런 이미지센서에 샤오미가 끌린 건 삼성전자가 업계 최초로 적용한 나노프리즘 기술 때문이다.삼성이 나노프리즘 개발에 나선 건 업계에 불고 있는 ‘이미지센서 다이어트’의 결과다. ‘얇은 스마트폰’ 개발 경쟁이 불붙으면서 삼성전자도 이미지센서 크기를 줄여야 했고, 그러다보니 빛을 받아들이는 데 한계가 생겼기 때문이다. 삼성은 화소 내부의 구조를 바꾸는 식으로 문제를 풀었다. 그전까지 이미지센서 화소는 빛을 흡수하는 마이크로렌즈와 적·녹·청색 중 한 가지 색을 받아들이는 컬러필터로 구성되는데, 각 화소는 한 가지 색만 흡수할 수 있었다.삼성은 마이크로렌즈에 나노 단위 새 구조를 만들어 다른 색도 주변 화소에 보낼 수 있는 기술인 나노프리즘을 개발했다. 동일한 양의 빛으로 더 많은 신호를 만들어낼 수 있어 어두운 곳에서도 선명한 화질을 구현할 수 있게 됐다. 삼성전자 관계자는 “전작 아이소셀 JN5에 비해 성능(감도)이 25% 향상됐다”고 설명했다. ◇북미 고객사 확보 추진이미지센서 시장 경쟁은 점점 치열해지고 있다. 활용 범위가 자율주행차, 로봇 등으로 넓어지고 있어서다. 옴디아에 따르면 이미지센서(CMOS 기준) 시장은 2024년 208억달러(약 28조5000억원)에서 2029년 265억달러(약 36조원)로 커진다.삼성전자는 이미지센서 1위 소니(2024년 매출 기준 점유율 51.6%)에 이은 ‘만년 2위’(15.4%)이자 옴니비전 등 중국 업체의 추격을 받고 있는 ‘위태로운 넘버2’다. 옴니비전의 점유율은 2023년 10.9%에서 2024년 11.9%로 올랐다.삼성전자는 나노프리즘 같은 기술력을 고도화해 자사 모바일경험(MX)사업부와 중국 기업은 물론 미국 고객사를 추가로 확보하는 데 주력하고 있다. 내년엔 스마트폰용 이미지센서를 북미 대형 테크 업체에 납품한다는 계획이다. 차량용으로 제품군을 확대해 새로운 고객을 확보하는 방안도 추진한다.황정수 기자 hjs@hankyung.com",https://www.hankyung.com/article/2025071352391,2025.07.13 17:51
"[박대석 칼럼] 코리아 헤게모니, 홍익인간 정신으로 쓰는 새로운 세계사","한경닷컴 더 라이프이스트

지구가 당면한 거의 모든 문제를 푸는 해법,
자유민주주의 업그레이드 대안","필자가 감마로 생성한 코리아 헤게모니 이미지

▲ 들어가며, 한반도를 넘어선 새로운 비전과 현실적 도전한국을 둘러싼 강대국들 사이에서 우리는 자신을 작은 나라로 여기는 경우가 많다. 하지만 이는 우리의 진정한 역량을 과소평가하는 것일 수 있다. 우리의 고대사가 보여주듯, 한반도는 결코 변방이 아니었다.만주와 중원을 아우르던 역동성, 끊임없이 대륙과 해양을 연결하던 개방성은 오늘날 한국을 세계 10위권 경제 대국으로 만든 원동력이 되었다.이제는 한반도라는 지리적 한계를 넘어 '코리아 헤게모니'라는 새로운 지평을 열어야 할 때이다. 여기서 말하는 헤게모니는 군사적 지배나 경제적 착취를 통한 서구식 패권과는 본질적으로 다르다. 우리가 추구하는 것은 강제가 아닌 모범을 통해, 지배가 아닌 협력을 통해 자연스럽게 국제사회의 존경과 신뢰를 얻는 '새로운 패러다임의 리더십'이다.이는 홍익인간 정신을 현대적으로 구현한 '상생 주도권'이라고 할 수 있다. 전통적인 헤게모니가 제로섬 게임의 논리라면, 코리아 헤게모니는 모든 참여자가 함께 승리하는 상생의 논리를 바탕으로 한다.그러나 이러한 비전의 실현은 결코 자동적이지 않으며, 서구 중심의 국제질서, 강대국들의 견제, 그리고 우리 내부의 정치적 한계라는 현실적 도전에 직면해 있다는 점을 냉정히 인식해야 한다. ▲ 위기의 시대, 홍익인간 사상의 절대적 필요성




필자 작성

                21세기 인류는 전례 없는 복합위기에 직면해 있다. 기후변화로 인한 생존 위기, 각국의 고립주의 회귀로 인한 국제협력 파괴, 권위주의의 확산과 민주주의 후퇴, 그리고 곳곳에서 벌어지는 전쟁과 갈등까지. 이 모든 문제는 근본적으로 인간이 자연을 정복 대상으로 보고, 타자를 경쟁과 지배의 대상으로 여기는 사고에서 비롯되었다.바로 여기서 홍익인간 사상의 절대적 필요성이 드러난다. 홍익인간은 단순한 한국의 건국이념이 아니다. 이는 인간과 자연, 그리고 모든 생명체가 조화롭게 공존하는 길을 제시하는 보편적 사상이다. 기후 위기든, 국제 갈등이든, 전체주의 위협이든, 그 모든 해결책의 핵심은 '나만 잘 살면 된다'는 이기주의를 버리고 '모두가 함께 잘 사는 길'을 추구하는 홍익인간 정신에 있다.그리고 이 홍익인간 사상을 실천할 수 있는 역량과 자격을 갖춘 나라가 바로 대한민국이다. 우리는 이미 기술혁신을 통해 기후 문제 해결의 열쇠를 쥐고 있고, 문화적 소프트 파워로 분열된 세계를 하나로 묶을 수 있으며, 민주주의의 성숙과 평화 지향의 경험으로 전체주의에 맞설 도덕적 권위를 확보했다. 이것이 바로 코리아 헤게모니가 단순한 국가적 야망이 아닌 인류를 위한 절실한 필요인 이유이다.▲ 한국의 핵심 역량, 4차 산업혁명의 선도자 기술혁신의 절대 강자, 그러나 지속성에 대한 냉정한 성찰 필요한국은 전 세계 메모리 반도체 시장의 70% 이상을 장악하고 있다. 삼성전자와 SK하이닉스는 3나노 공정 기술과 차세대 AI 반도체 개발에서 글로벌 리더십을 발휘하고 있다. 이는 단순한 제조업 경쟁력을 넘어서 4차 산업혁명 시대의 핵심 인프라를 제공하는 전략적 우위를 의미한다.기후변화라는 인류 공동의 위기 앞에서 한국의 배터리 기술은 희망의 등불이 되고 있다. LG에너지솔루션, 삼성 SDI, SK온은 전 세계 전기차 배터리 시장의 30% 이상을 점유하며, 전고체 배터리와 차세대 에너지 저장 기술에서 혁신을 주도하고 있다. 이는 탄소중립이라는 인류 공동의 목표 달성에 직접적으로 기여하는 홍익인간 정신의 현대적 실현이다.그러나 한국의 기술 우위는 영구불변이 아니다. 글로벌 공급망의 불안정성, 미중 기술 경쟁의 심화, 그리고 중국과 인도 등 후발 주자들의 빠른 추격은 우리의 독점적 지위를 위협하고 있다. 더욱이 기술 패권 경쟁이 심화하면서 핵심 기술에 대한 접근 제한과 공급망 분리 압력이 증가하고 있다.따라서 우리의 기술적 우위를 지속하기 위해서는 지속적인 연구·개발 투자 확대, 세계 최고 수준의 인재 양성, 그리고 선택적이고 전략적인 국제 협력 네트워크 구축이 필수적이다. 특히 양자컴퓨팅, 생명공학, 우주항공 등 차세대 기술 분야에서의 선제적 투자와 국제 표준 선점이 중요하다.AI 시대의 실 산업 활용 강국AI 기술 자체는 이미 상향 평준화되었다. 오픈 AI, 구글, 아마존이 제공하는 AI 모델들은 전 세계 누구나 접근할 수 있는 공통 자산이 되었다. 진정한 경쟁력은 이제 이러한 AI 기술을 실제 산업에 얼마나 효과적으로 활용하느냐에 달려 있다.바로 여기서 한국의 독보적 강점이 드러난다. 제조업과 IT 인프라의 결합, 빠른 의사결정 구조, 그리고 실험정신이 강한 국민성이 AI를 실 산업에 적용하는 데 최적화된 환경을 만들어낸다. 삼성전자의 스마트 팩토리, 현대자동차의 AI 기반 자율주행, 포스코의 AI 제강 시스템 등은 AI 기술을 실제 산업 현장에 성공적으로 접목한 세계적 사례들이다.네이버의 하이퍼 클로버 X와 카카오브레인의 KoGPT는 한국어 특화 AI로서 K-컬처와 결합하여 글로벌 AI 생태계에서 차별화된 위치를 확보하고 있다. 양자컴퓨팅 분야에서도 삼성전자의 양사닷 기술과 KIST의 양자컴퓨터 개발 성과는 이미 세계적 주목을 받고 있다.한강의 기적 2.0, 디지털 경제의 새로운 패러다임전쟁의 폐허 속에서 불과 반세기 만에 이룩한 경제 성장은 '한강의 기적'이라 불리며 전 세계 개발도상국에 희망을 주었다. 이제 우리는 '한강의 기적 2.0'을 통해 디지털 경제의 새로운 패러다임을 제시하고 있다.K-유니콘 기업들의 글로벌 성공(쿠팡, 크래프톤, 야놀자 등), 핀테크 혁신(토스, 카카오페이), 그리고 바이오 기술의 약진(셀트리온, 삼성바이오로직스)은 한국이 단순한 제조업 강국을 넘어 혁신 경제의 리더로 도약하고 있음을 보여준다. 이러한 성장의 경험과 노하우를 개발도상국과 공유하는 것은 모든 생명체를 이롭게 하는 홍익인간 정신의 실천이 될 것이다.▲ 문화적 소프트 파워, K-컬처를 통한 세계 정복K-Pop, K-Drama, K-Movie를 넘어 K-Food, K-Fashion, K-Beauty까지, 한국 문화는 이제 전 세계 젊은이들의 라이프스타일을 바꾸고 있다. BTS의 빌보드 석권, 오징어게임의 넷플릭스 신기록, 기생충의 아카데미 4관왕은 단순한 문화적 성취를 넘어 한국의 창의력과 문화적 역량을 세계에 증명했다.더 중요한 것은 이러한 문화적 매력이 정치·경제적 소프트 파워로 전환되고 있다는 점이다. 한류를 통해 한국에 관심을 갖게 된 전 세계 젊은이들이 한국어를 배우고, 한국 기업의 제품을 선호하며, 한국의 가치와 생활방식에 공감하고 있다. 이는 문화적 다양성을 존중하며 모두가 행복해지는 홍익인간 정신을 전파하는 강력한 통로이다.한국의 독특한 강점은 문화와 기술이 융합된 창조 생태계이다. 게임 산업에서 축적된 그래픽 기술과 스토리텔링 역량이 메타버스와 AI 기술과 결합하여 새로운 형태의 디지털 콘텐츠를 창조하고 있다. 이는 단순한 오락을 넘어서 교육, 의료, 도시계획 등 다양한 분야에 응용되며 기술을 통한 인간 삶의 질 향상이라는 홍익인간 정신을 구현하고 있다.▲ 민주주의의 새로운 모델, 자유민주주의 2.0우리는 독재를 이겨내고 민주주의를 꽃피웠다. 하지만 87년 민주화 운동에서 시작된 한국의 민주주의 경험은 단순히 서구 모델을 이식한 것이 아니다. 우리는 홍익인간 정신이 깃든 독특한 민주주의를 발전시켜 왔다.서구 민주주의가 개인의 권리와 자유에 중점을 둔다면, 한국의 민주주의는 여기에 공동체적 상생과 조화의 가치를 더했다. 촛불혁명에서 보여준 시민들의 질서 정연하고 평화로운 시위, 코로나19 위기 상황에서 보여준 개인의 자유와 공동체의 안전 사이의 절묘한 균형, 그리고 북한과의 평화 공존을 추구하는 끈질긴 노력 등은 모두 홍익인간 정신이 현대 민주주의와 결합한 결과이다.이는 '자유민주주의 2.0'이라고 할 수 있다. 기존 자유민주주의의 핵심 가치인 자유, 평등, 인권을 계승하면서도 개인주의의 폐해를 극복하고 지속이 가능한 공동번영을 추구하는 새로운 민주주의 모델이다.▲ 홍익인간 정신, 21세기 글로벌 리더십의 철학적 토대




필자 작성

생태 철학적 재해석: 기후 위기의 근본 해법21세기 인류가 직면한 최대 위기는 기후변화이다. 그 근본 원인은 인간이 자연의 정복자처럼 행동하며 지구 자원을 무분별하게 파헤쳐온 데 있다. 산업혁명 이후 서구의 인간 중심적 사고가 지배하면서 자연을 단순한 개발 대상으로 여겨온 결과이다.바로 여기서 홍익인간 사상의 현대적 의미가 인류 구원의 열쇠로 떠 오른다. 홍익인간은 단순히 '인간을 이롭게 한다'는 의미가 아니다. 고대 한민족의 세계관에서 '인간(人間)'은 하늘과 땅, 즉 자연과 조화를 이루는 존재를 의미했다. 따라서 홍익인간은 '자연과 인간이 함께 번영하는 길'을 추구하는 생태 철학적 이념이며, 이는 현재 인류가 직면한 모든 위기의 근본 해법이다.자유민주주의 업그레이드의 대안트럼프 재집권 이후 미국의 고립주의 회귀, 권위주의적 확산과 자유민주주의 가치에 대한 도전, 그리고 전 세계적으로 확산하는 배타적 민족주의는 자유민주주의 체제 자체의 한계를 노출하고 있다.현재 자유민주주의가 직면한 위기의 근본 원인은 개인의 자유만 강조하고 공동체적 책임을 소홀히 한 데서 비롯된 분열과 갈등이다. 포퓰리즘의 확산, 양극화의 심화, 사회적 연대의 약화 등은 모두 자유민주주의의 구조적 한계에서 나온 부작용들이다.이런 시대에 홍익인간 사상은 자유민주주의의 근본이념을 계승하면서도 그 한계를 극복할 수 있는 업그레이드된 민주주의 모델을 제시한다. 개인의 자유와 권리를 존중하되, 그것이 공동체 전체의 번영과 조화로 이어져야 한다는 '책임 있는 자유'의 개념을 제시한다.평화적 갈등 해결의 모델, 북한 문제와 현실적 제약우크라이나 전쟁, 중동 갈등, 대만 해협 위기 등 전 세계 곳곳에서 벌어지는 무력 충돌은 인류 문명을 후퇴시키고 있다. 이 모든 갈등의 근본에는 '힘의 논리'와 '제로섬 게임' 사고가 자리하고 있다.홍익인간 사상은 이와 정반대의 철학을 제시한다. '함께 살면 모두가 이기고, 혼자 살려 하면 모두가 진다'는 상생의 논리이다. 분단 상황에서도 평화통일을 지향하는 한국의 경험은 바로 이러한 홍익인간 정신의 실천이다.그러나 북한 문제는 홍익인간 정신 실현의 가장 큰 시험대이자 난제이다. 홍익인간 정신에 기반한 '평화통일 모델'은 국제사회에 큰 울림을 줄 수 있으나, 이를 위해서는 비핵화를 포함한 현실적이고 단계적인 북한과의 관계 개선 로드맵, 그리고 국제사회의 지지를 확보할 수 있는 설득력 있는 외교가 병행되어야 한다. 북한의 체제 특성상 일방적인 선의만으로는 한계가 있으며, 상호 이익에 기반한 실용적 접근과 국제적 다자 협력 체계 구축이 필요하다.▲ 코리아 헤게모니 실현 전략, 도전과 현실적 대응 홍익인간 사상의 국제적 수용성 확보, 체계적 공공외교 전략홍익인간 사상이 보편적 가치로 인정받기 위해서는 막대한 시간과 노력이 필요하다. 서구 중심의 국제 질서에서 동양 철학이 주류 담론으로 자리 잡기까지는 패권적 사고방식의 관성을 돌파해야 하는 어려움이 있다.이를 위해 다층적이고 정교한 공공외교 및 문화외교 전략이 필요하다. 먼저 문화권별 맞춤형 접근이 중요하다. 서구권에는 기후 위기와 민주주의 위기 해결이라는 실용적 가치를, 이슬람권에는 공동체 중심의 상생 가치를, 아프리카에는 지속이 가능한 발전 모델을 강조하는 차별화된 메시지 전략이 필요하다.구체적으로는 하버드, 옥스퍼드, 소르본, 카이로대학 등 세계 유수 대학과의 장기적 공동연구 프로그램을 통해 홍익인간 사상의 학술적 기반을 구축해야 한다. 또한 다보스 포럼, 뮌헨 안보 회의, 보아오 포럼 등 주요 국제회의에서 '홍익인간 세션'을 정례화하고, CNN, BBC, 알자지라 등 글로벌 미디어와의 전략적 파트너십을 통해 지속적인 담론 확산을 추진해야 한다.강대국 견제와 내부 저항에 대한 전략적 대응'코리아 상생 주도권'이 성공적일수록 기존 패권국들의 견제나 흡수 시도가 증가할 것이다. 이에 대비한 전략적 방어 및 우회 전략이 필요하다.첫째, 다자주의와 중견국 연대를 통한 국제적으로 지지 기반 확보이다. 멕시코, 인도네시아, 대한민국, 튀르키예, 호주로 구성된 믹타(MIKTA)를 넘어서 더 광범위한 중견국 네트워크를 구축하고, G20, OECD 등에서 '상생 경제 모델'을 지속해서 의제화해야 한다.둘째, 선택적 협력과 전략적 자율성의 균형이다. 미중 대립 구도에서 일방적으로 편을 들기보다는, 이슈별로 우리의 국익과 인류의 이익을 최우선으로 하는 실용적 접근이 필요하다.셋째, 내부 정치 개혁을 통한 추진 동력 확보이다. 중앙공천제 폐지와 오픈 프라이머리 도입은 기득권 세력의 강력한 저항에 부딪힐 것이다. 이를 돌파하기 위해서는 초당적 정치개혁위원회 구성, 시민사회 주도의 개혁 운동, 그리고 국민적 합의를 끌어낼 수 있는 강력한 정치 리더십이 필요하다.기술 표준화 주도권과 국제 네트워크 구축기술 패권 시대의 핵심은 표준화 주도권이다. 한국은 5G, 6G 통신 기술, 차세대 배터리, AI 반도체 등 핵심 분야에서 국제표준 제정을 주도하고 있다. IEEE, ITU, ISO 등 국제기구에서 한국 전문가들의 영향력을 더욱 확대하고, AI 윤리 가이드라인과 6G 기술 표준 제정에서 홍익인간 철학을 반영한 인간 중심적 기술 개발 원칙을 국제 표준으로 확립해야 한다.중견국 외교의 새로운 모델과 코리아 이니셔티브한국은 특정 강대국에 맹목적으로 의존하는 것을 넘어 국익을 최우선으로 하는 능동적인 균형 외교를 펼쳐야 한다. 동시에 중견국 연대의 구심점 역할을 통해 기후변화, 팬데믹, 디지털 격차 등 인류 공동의 문제 해결에 주도적인 역할을 해야 한다.구체적으로는 '홍익인간 국제협력체'를 2026년까지 출범시켜 베트남, 인도네시아, 필리핀 등 아세안 국가들과 기후변화 대응과 디지털 전환을 공동 추진하고, 이를 단계적으로 아프리카와 중남미로 확대해야 한다.또한 2030년까지 UN 안보리 비상임이사국 재진출, 2035년까지 UN 사무총장 배출을 목표로 하는 장기적 전략을 체계적으로 추진해야 한다. 이를 위해서는 개발도상국들과의 실질적 협력 성과를 축적하고, 평화 중재와 기후변화 대응에서 가시적인 리더십을 발휘해야 한다.▲ 정치혁신, 비전 실현의 전제조건 4류 정치의 근본 원인과 구조적 개혁한국의 정치 수준이 낮은 근본 원인은 중앙공천제에 있다. 정치인들이 국민이 아닌 당 지도부 눈치만 보며 줄 서기에 급급하고, 지역구 챙기기와 당파적 이익에만 매몰되는 모든 병폐가 바로 여기서 나온다. 이는 코리아 헤게모니라는 대국적 비전을 실현하는 데 치명적인 장애물이다.정치혁신 없이는 아무리 뛰어난 기술력과 문화적 역량이 있어도 진정한 글로벌 리더십을 발휘할 수 없다. 세계 10위 경제 대국, 기술 선도국의 위상에 걸맞지 않은 정치 수준이 국가 브랜드를 깎아내리고 있다.오픈 프라이머리와 시민사회 주도의 개혁정치권이 기득권을 내려놓고 중앙공천제를 정말 폐지해야 한다. 오픈 프라이머리 제도를 도입하여 유권자가 직접 후보를 선택할 수 있게 하면, 정치인들의 언행과 정책이 근본적으로 변화할 것이다.그러나 이러한 개혁은 기득권 세력의 강력한 저항에 부딪힐 것이다. 따라서 시민사회가 주도하는 정치개혁 운동, 여야를 아우르는 초당적 개혁위원회 구성, 그리고 국민적 합의를 바탕으로 한 단계적 추진 전략이 필요하다. 지방선거부터 시작하여 점진적으로 확대하는 방식으로 정치 문화의 변화를 끌어내야 한다.▲ 학술적 이론화와 글로벌 담론 형성 한국형 국제정치학의 정립이러한 '코리아 헤게모니'의 비전을 현실화하기 위해서는 우리 학자들이 이론적 배경과 전략적 틀을 제공해야 한다. 단순히 강대국의 시각을 답습하는 것이 아니라 한국의 역사와 특수성, 그리고 글로벌 경쟁력을 기반으로 한 **'한국형 국제정치 이론'**을 정립해야 한다.특히 도덕과 철학, 종교를 아우르는 홍익인간 정신을 현대 국제정치와 경제 체제에 적용할 수 있는 보편적 원리로 발전시켜야 한다. 이는 정책 입안자들에게 명확한 방향성을 제시하고, 우리의 비전을 국제사회에 설득력 있게 전달하는 데 필수적이다.체계적 소통 전략과 문화 간 대화홍익인간 기반의 새로운 패러다임을 국제사회에 효과적으로 제시하기 위해서는 문화권별 특성을 고려한 맞춤형 소통 전략이 필요하다.서구권에는 기후 위기 해결과 민주주의 혁신이라는 실용적 가치를 강조하고, 이슬람권에는 공동체 중심의 상생 철학과의 연결점을 찾으며, 아프리카에는 지속이 가능한 발전과 평화 구축의 모델을 제시해야 한다. 중국을 포함한 동아시아권에는 고대로부터 이어진 조화 사상의 현대적 계승이라는 관점에서 접근할 수 있다.이를 위해 전 세계 주요 대학과의 장기적 공동연구 프로그램, 국제학술지에서의 체계적인 논문 발표, 그리고 글로벌 미디어와의 전략적 파트너십을 통해 홍익인간 사상이 특정 국가의 이념이 아닌 인류 보편의 가치임을 입증해야 한다.▲ 현실적 도전과제에 대한 냉정한 인식 기술적 우위의 지속가능성과 경쟁 심화한국의 기술적 강점은 매우 강력하지만, 영구불변이 아니다. 글로벌 공급망의 불안정성, 미중 기술 경쟁의 심화, 그리고 후발 주자들의 빠른 추격은 우리의 독점적 지위를 위협하고 있다.미래의 끊임없는 혁신 요구에 대비하여 지속적인 연구·개발 투자 확대, 세계 최고 수준의 인재 양성, 그리고 선택적이고 전략적인 국제 협력 네트워크 구축이 필수적이다. 특히 양자컴퓨팅, 생명공학, 우주항공 등 차세대 기술 분야에서의 선제적 투자와 국제 표준 선점이 중요하다.K-컬처의 글로벌 성공은 놀랍지만, 문화 트렌드의 변화 속도는 매우 빠르다. 한류가 일시적 유행을 넘어 지속이 가능한 영향력으로 발전하려면, 보다 깊이 있는 철학적 토대와 구체적인 정책 연계가 필요하다. 단순한 엔터테인먼트를 넘어서 교육, 기술, 라이프스타일 전반에 걸친 종합적인 문화 생태계를 구축해야 한다.국내 정치적 분열과 사회적 갈등코리아 헤게모니라는 대국적 비전을 실현하기 위해서는 국내적으로 강력한 사회적 결속과 정치적 안정이 전제되어야 한다. 그러나 현재 한국 사회는 이념 갈등, 세대 갈등, 지역갈등 등 다양한 분열 요소를 안고 있다.이러한 내부 분열을 극복하고 국민적 합의를 끌어내기 위해서는 포용적 리더십과 함께 구체적이고 실현할 수 있는 미래 비전을 제시해야 한다. 홍익인간 정신이 추상적 이념에 머물지 않고 국민 개개인의 삶에 실질적인 개선을 가져다줄 수 있다는 점을 보여주어야 한다.▲ 나가며, 새로운 세계사의 첫 장을 위한 현실적 로드맵21세기는 기술이 상향 평준화되고, 문화가 마음을 움직이며, 무엇보다 자연과 인간의 조화라는 생태철학이 문명의 방향을 결정하는 시대이다. 동시에 기후 위기, 고립주의 회귀, 권위주의 확산, 전쟁과 갈등의 증폭 등 인류 실존을 위협하는 복합위기의 시대이기도 하다.이 모든 위기의 근본 해법은 이제 명확해졌다. 지구상에 홍익인간 사상을 실천하는 것이다. 그리고 한국은 이 모든 영역에서 세계적 경쟁력을 확보했을 뿐만 아니라, 홍익인간이라는 인류 구원의 사상적 토대를 보유하고 있다.하지만 이러한 비전의 실현은 결코 자동적이지 않으며, 수많은 현실적 도전에 직면해 있다. 서구 중심 국제질서의 관성, 강대국들의 견제, 기술 경쟁의 심화, 내부 정치적 분열, 그리고 홍익인간 사상의 국제적 수용성 확보라는 과제들이 우리를 기다리고 있다.따라서 단계적이고 현실적인 접근이 필요하다. 먼저 국내적으로는 정치 개혁과 사회적 결속을 통해 추진 동력을 확보하고, 대외적으로는 중견국 외교와 다자협력을 통해 점진적으로 영향력을 확대해야 한다. 홍익인간 사상도 한 번에 보편적 가치로 인정받기보다는, 문화권별 특성에 맞는 맞춤형 접근을 통해 서서히 뿌리내려가야 한다.인류 문명이 갈림길에 선 이 절체절명의 순간에, 우리에게는 홍익인간 정신으로 새로운 문명 패러다임을 제시할 역사적 소명이 있다. 그러나 이는 거창한 선언만으로는 실현될 수 없다. 냉철한 현실 인식과 치밀한 전략적 사고, 그리고 끈질긴 실행력이 함께해야 한다.이제는 우리가 쓰는 새로운 세계사의 첫 장을 열 때이다. 한반도라는 지리적 한계를 뛰어넘어 기후 위기의 해결사로서, 권위주의에 맞선 자유민주주의 수호자이자 혁신자로서, 분열된 세계를 하나로 묶는 상생의 중재자로서, 그리고 자연과 인간이 조화롭게 공존하는 홍익인간 문명의 전도사로서 인류의 지속이 가능한 미래를 만들어가는 것.이것이 21세기 대한민국의 소명이며, 인류 문명이 수천 년간 꿈꿔온 진정한 자유와 민주주의를 완성할 역사적 사명이다. 코리아 상생 주도권은 단순한 국가적 야망이 아닌, 자유민주주의의 본래 이상을 실현하기 위한 인류 공동의 과제이다.우리가 모두 함께 써나가야 할 웅장하면서도 현실적인 도전, 그리고 인류 역사상 가장 의미 있고 절실한 기회가 바로 여기에 있다. 그러나 이 기회를 현실로 만들기 위해서는 이상과 현실, 비전과 전략이 균형 잡힌 접근이 필요하다는 점을 결코 잊어서는 안 된다.<한경닷컴 The Lifeist> 박대석""외부 필진의 기고 내용은 본지의 편집 방향과 다를 수 있습니다.""독자 문의 : thepen@hankyung.com",https://www.hankyung.com/thepen/lifeist/article/202507071360Q,2025.07.23 17:18
"21일, 거래소 외국인 순매수상위에 운수장비 업종 5종목",,"외국인 투자자는 21일 거래소에서 삼성전자, 두산에너빌리티, 한화솔루션 등을 중점적으로 사들인 것으로 나타났다.외국인 투자자의 순매수 상위 20개 종목은 삼성전자, 두산에너빌리티, 한화솔루션, 현대로템, 한화오션, HD현대일렉트릭, 한화에어로스페이스, POSCO홀딩스, 씨에스윈드, KB금융등이다.이중에 운수장비 업종에 속한 종목이 5개 포함되어 있다.삼성전자, 두산에너빌리티, 한화솔루션 등은 전일 대비 주가가 상승했고, 삼성증권, 삼성물산, 현대모비스 등은 주가가 하락했다.[07월21일]거래소 외국인 순매수 상위 종목한경로보뉴스이 기사는 한국경제신문과 금융 AI 전문기업 씽크풀이 공동 개발한 기사 자동생성 알고리즘에 의해 실시간으로 작성된 것입니다.",https://www.hankyung.com/article/202507212792L,2025.07.21 18:35
,,,https://magazine.hankyung.com/business/article/202507162769b,
"뉴욕증시, EU 관세 발표에도 강세…美 ""러시아에 100% 관세"" [모닝브리핑]",,"◆ 뉴욕증시, ""EU·멕시코 30% 관세"" 발표에도 '강세'도널드 트럼프 미국 대통령이 지난 주말 유럽연합(EU)과 멕시코에 30%의 관세를 부과한다고 밝힌 가운데 현지시간 14일 뉴욕증시는 강세를 이어갔습니다. 다우존스 지수는 전장보다 0.20% 오른 4만4459.65, S&P 500지수는 0.14% 상승한 6268.56, 나스닥 지수는 0.27% 오른 2만640.33에 각각 마감했습니다. 시장 참가자들은 관세 부과까지 기한이 남은 만큼 실제 적용되는 관세율은 30%보다 낮을 것으로 낙관하고 있습니다. 오히려 국가별 관세율에 대한 불확실성이 해소됐다는 반응이 나옵니다.◆ 백악관 ""러, 50일 이내 휴전하지 않으면 100% 관세 부과""도널드 트럼프 미국 대통령이 러시아에 전쟁을 멈추지 않으면 혹독한 관세를 부과하겠다고 밝혔습니다. 이날 마르크 뤼터 북대서양조약기구(나토) 사무총장과 회담한 트럼프 대통령은 ""50일 이내에 휴전 합의가 이뤄지지 않으면 매우 혹독한 2차 관세를 부과할 것""이라고 말했습니다. 이에 대해 백악관은 러시아에 100%의 관세를 부과하고 러시아 원유를 구매하는 국가에는 2차 관세를 부과하게 된다는 의미라고 부연했습니다. 한편 미국은 우크라이나에 방공시스템과 미사일 등 공격용 무기를 공급하기로 했습니다. 관련 비용은 나토가 부담할 예정입니다.◆ 비트코인, 미 의회의 '크립토 위크'에 12만3000달러 돌파가상자산 비트코인이 미 의회의 '크립토 위크'를 앞두고 연일 사상 최고가를 갈아치우고 있습니다. 미 가상자산 거래소 코인베이스에 따르면 비트코인은 전날 사상 처음 12만 달러를 돌파한 데 이어 이날 오전 12만3200달러대까지 치솟았습니다. 이후에는 12만 달러선에서 등락 중입니다. 미 연방 하원은 이번 주 디지털 자산 관련 규제를 명확히 하는 '클래러티 법안', 스테이블코인의 제도권 편입을 의도하는 '지니어스 법안' 등 가상자산 관련 법안 3개를 다룰 예정입니다. 시장에서는 이들 법안이 통과되면 트럼프 행정부의 가상자산 친화 정책이 탄력을 받을 것이라는 예상이 나오면서 비트코인 가격도 일주일 새 10% 이상 올랐습니다.◆ 내란특검, 오늘 윤석열 전 대통령 2차 강제구인 시도'12·3 비상계엄' 관련 내란·외환 사건을 수사하는 조은석 특별검사팀이 윤석열 전 대통령에 대한 2차 강제 구인에 나섭니다. 다만 윤 전 대통령은 지난 10일 구속된 이후 건강상 이유를 들며 출석을 거부하고 있는 만큼, 강제구인 조치에 따를 가능성은 작아 보입니다. 강제구인이 재차 불발되면 특검팀이 구치소 방문 조사를 시도할 수 있습니다. 윤 전 대통령에 대한 추가 조사 없이 구속기소하는 방안도 점쳐집니다. 윤 전 대통령은 서울중앙지검장 시절 뇌물수수 등 혐의로 구속된 이명박 전 대통령이 구치소 방문 조사를 거부하자 대면조사 없이 재판에 넘긴 바 있습니다.◆ 갤럭시 폴드7·플립7 예약 판매…이통3사 가입자 쟁탈전삼성전자의 새로운 폴더블폰 갤럭시 Z7 시리즈가 오는 25일 공식 출시를 앞두고 이날부터 일주일간 예약 판매를 시작합니다. 삼성전자는 폴드7과 플립7 256GB 모델 사전 구매 고객에게 512GB 모델로 저장 용량을 무상 업그레이드해주는 '더블 스토리지' 혜택을 진행합니다. 폴드7 512GB 모델 사전 구매 고객도 비용을 추가 결제하면 16GB 메모리의 1TB 스토리지 모델을 받을 수 있습니다. 한편, SK텔레콤 해킹 사태 이후 처음 등장하는 인기 모델이기에 이동통신 3사 간 가입자 쟁탈전도 치열할 것으로 보입니다. 오는 22일 단통법 폐지와 맞물려 통신사들의 보조금 경쟁도 과열될 가능성이 제기됩니다.◆전국 흐리고 비…낮 최고 25∼31도로 더위 주춤화요일인 15일은 전국이 대체로 흐리고 비가 내리겠습니다. 비가 내리면서 찜통더위도 주춤할 것으로 보입니다. 기상청에 따르면 이날 전국 대부분 지역에서 비가 내리고, 오전 사이 강원과 충북, 전북을 중심으로 돌풍과 천둥·번개를 동반한 강한 비가 내리는 곳이 있겠습니다. 예상 강수량은 서울·인천·경기 10~60㎜, 강원 5~80㎜, 충청 10~60㎜, 전라 10~60㎜, 경상 10~60㎜, 제주 5~20㎜ 등입니다. 아침 최저기온은 19~23도, 낮 최고기온은 26~31도로 예보됐습니다. 비는 밤부터 차차 그치고, 비가 그친 뒤에는 고온다습한 날씨를 보이겠습니다.오세성 한경닷컴 기자 sesung@hankyung.com",https://www.hankyung.com/article/2025071580047,2025.07.15 06:50
"주식 매도 없이 신용이자 연 1,500만 원 줄이는 비법",,"전송종목 : 가온전선, 삼일제약, 동아쏘시오홀딩스, 한국주철관, JW중외제약최근 주식 투자자들 사이에서 주식대출(미수/신용융자 등)의 고금리에 대한 부담이 커지고 있다.특히 저금리를 적용 받고 싶어도, 기존 대출을 상환하고 다시 주식을 매수해야 하는 번거로운 절차와 자금 조달의 어려움이 발목을 잡고 있다.이런 현실적인 문제를 해결하고자, 무빙스탁이 ‘증권사 신용, 대환자금대출’ 서비스를 전격 출시했다.이 상품은 주식을 매도하지 않고도, 기존의 고금리의 주식대출(미수/신용융자 등)의 3%대의 혁신적인 저금리 증권사로 전환할 수 있도록 상환자금을 제공하는 것이 핵심이다.무빙스탁 관계자는 “현재 증권사 이벤트 금리는 연 3%대 수준으로, 기존 9~10%대 고금리를 적용받는 투자자라면 절감 효과가 상당하다”며, 금리를 5%만 낮추면 “1억원 신용대출 기준으로 연간 약 500만원, 3억원이라면 1,500만원까지도 절약할 수 있다”고 밝혔다.더 놀라운 점은, 현재는 이벤트 기간으로 대환자금대출 신청시 발생하는 이자 비용까지 ‘0원’이라는 사실이다. 대환자금에 대해서 하루의 대출이자도 부담하지 않고 기존 고금리 대출을 저금리로 전환할 수 있어, 고금리 부담에 시달리던 투자자들에게 큰 호응을 얻을 전망이다.이 서비스는 부동산 시장에서 흔히 이용되던 대환대출 개념을 증권시장에 도입한 혁신적인 시도로, 주식 투자자들의 자금 운용에 새로운 대안을 제시할 것으로 기대된다.무빙스탁 ‘증권사 신용, 대환자금대출’의 비용 무료 이벤트는 이벤트 기간 동안 한정적으로 제공되는 만큼, 신용융자를 이용 중인 투자자라면 지금 바로 확인해볼 필요가 있다.★ 장마감 시간이 가까워질수록 문의가 많아 상담이 지연될 수 있습니다.★ 7월 문의하신 고객들이 많이 보유하신 종목으로는 삼성전자, POSCO홀딩스, 셀트리온, 포스코퓨처엠, 에코프로비엠, NAVER, 에코프로, 삼성SDI, LG화학, SK하이닉스, 두산에너빌리티, 카카오, SK이노베이션, LG에너지솔루션, 엘앤에프, 삼천당제약, 현대차, 알테오젠, HPSP, LG전자 등이 있습니다.★ 안내사항과도한 빚은 당신에게 큰 불행을 안겨줄 수 있습니다. 대출 시 신용등급 하락으로 다른 금융거래가 제약받을 수 있습니다. 중개수수료를 요구하거나 받는 것은 불법입니다.상호명: ㈜단비대부 2021-서울영등포-2102(대부업) | TEL: 1544-4886 | 대출금리: 연 20%이내(연체금리는 약정금리+3%p이내, 최대 연 20%이내) | 단, 2021. 7. 7.부터 신규체결, 갱신, 연장되는 계약에 한함 | 채무의 조기상환 조건 및 부대비용 없음. (단, 신용조회비용 및 담보권설정비용 있음), 이자 외 별도로 중개수수료를 요구하거나 수취하는 것은 불법입니다. | 대표이사: 박동원 | 사업자등록번호: 274-86-00231 | 등록기관명칭: 서울 영등포구청(담당부서: 일자리경제과, 02-2670-3420) | 소재지 : 서울 영등포구 여의대방로67길 11, 5층 517호 | 개인정보관리자메일: help@danbifund.co.kr무료상담",https://www.hankyung.com/article/202507248243a,2025.07.24 13:08
"분양 나선 용인 반세권 아파트…""앞선 단지보다 가격 매력""",용인 처인구 클러스터용인경남아너스빌 공급,"클러스터용인경남아너스빌 모델하우스 전용 84㎡ 거실 모습. 사진=오세성 한경닷컴 기자

                초대형 반도체 클러스터가 조성되는 용인시 처인구에 국민 평형(전용면적 84㎡) 아파트가 5억원대 초반 가격에 공급된다. 앞서 인근에 공급된 아파트보다 저렴한 분양가로 경쟁력을 갖췄다는 게 분양 관계자 측 설명이다.SM그룹 건설 부문 계열사 삼라는 지난 11일 용인시 처인구 양지지구에 들어서는 '클러스터용인경남아너스빌' 모델하우스를 개관했다. 양지지구 첫 단지인 클러스터용인경남아너스빌은 지하 3층~지상 29층, 13개 동, 전용면적 84·123㎡ 997가구 규모로 조성된다. 인근에 있는 1164가구 규모 '용인경남아너스빌디센트'와 함께 2161가구에 이르는 아너스빌 브랜드 타운을 형성할 것으로 예상된다.모델하우스에는 전용 84㎡ A타입과 전용 123㎡가 마련됐다. 3베이 구조인 전용 84㎡는 들어서자 널찍한 거실이 눈에 띄었다. 일반적인 전용 84㎡ 아파트 거실 폭이 4.5m인 것에 비해 클러스터용인경남아너스빌 거실은 6.2m에 달해 차원이 다른 개방감을 선사했다.
                    



클러스터용인경남아너스빌 전용 84㎡ 작은 방 모습. 사진=오세성 한경닷컴 기자

                개별 방도 모두 널찍한 공간을 자랑했다. 특히 일반적인 전용 84㎡ 작은 방은 책상과 침대를 두면 공간이 가득 차는 경우가 많지만, 클러스터용인경남아너스빌은 책상과 침대, 붙박이장을 합해도 면적의 절반을 채우지 못했다. 안방도 30평대가 아닌 40평대 안방을 연상시켰다.이는 3면 발코니 확장을 통해 실사용 면적을 크게 늘렸기에 가능한 결과다. 3면 발코니로 늘어난 실사용 면적을 바탕으로 각 방과 거실을 넓히는 동시에 현관 창고와 주방 팬트리도 기본으로 제공하는 등 수납공간까지 꼼꼼하게 챙겼다. 다자녀 가정을 위해 현관 창고 대신 세 번째 방에 매립형 붙박이장을 설치할 수 있는 가구 패키지 옵션도 마련됐다.단지 내 1개동, 78가구만 마련되는 전용 123㎡는 방 4개와 현관 창고, 팬트리 2개가 딸린 4베이 구조로 설계됐다. 마찬가지로 3면 발코니 확장을 적용해 60평대 아파트를 연상시키는 광활한 거실을 마련했다. 가장 작은 방도 일반적인 30평대 4베이 아파트 안방에 비할 수 있을 만큼 넓었다. 팬트리 2개는 모두 주방에 마련됐는데, 1개 팬트리를 히든도어가 달린 홈바로 바꿀 수 있는 옵션을 준다.분양가는 최고가 기준 전용 84㎡가 5억2600만원, 전용 123㎡는 7억3600만원이다. 올해 상반기 용인에서 공급된 아파트들의 분양가격이 전용 84㎡ 최고가 기준 5억9310만원, 5억9980만원 등 6억원에 가까웠던 점을 감안하면 7000만원 내외로 저렴한 수준이다. 사업 부지를 공매로 저렴하게 매입했기에 분양가를 낮췄다는 것이 회사 측의 설명이다.




남향으로 배치된 클러스터용인경남아너스빌 단지 모형. 사진=오세성 한경닷컴 기자

                분양 관계자는 ""저렴하게 사들인 토지의 이익을 독점하지 않고 수분양자에게 환원하는 차원에서 지역 시세보다 낮은 가격으로 분양가를 책정했다""고 설명했다. SM그룹은 수분양자들이 전용 84㎡ 기준 1억원 안팎의 안전 마진을 누릴 것으로 기대하고 있다.초대형 반도체 클러스터와 인접했다는 점도 클러스터용인경남아너스빌의 매력 요소다. 용인시 처인구에는 삼성전자를 중심으로 한 첨단시스템반도체 국가산업단지와 SK하이닉스가 주도하는 반도체 클러스터가 각각 778만㎡(약 235만평), 415만㎡(약 126만평) 규모로 클러스터용인경남아너스빌에서 10분대 거리에 조성된다. 서울세종고속도로 등을 이용하면 강남역까지도 30분대에 도달한다. 분양 관계자는 ""2028년 12월 예정인 입주 시점에는 SK하이닉스의 반도체 클러스터가 가동되고, 삼성전자의 첨단시스템반도체 국가산업단지도 조성되고 있을 것""이라며 ""10분대 거리에 최대 10만명 규모 배후 일자리를 두면서 단지 프리미엄이 높아질 것""이라고 강조했다.오세성 한경닷컴 기자 sesung@hankyung.com",https://www.hankyung.com/article/2025061064496,2025.07.14 09:00
고금리 OUT! 증권사 신용대출 3%대로 전환하는 방법,,"전송종목 : SK바이오사이언스, 현대오토에버, 우리금융지주, 카카오뱅크, SK바이오팜최근 주식 투자자들 사이에서 주식대출(미수/신용융자 등)의 고금리에 대한 부담이 커지고 있다.특히 저금리를 적용 받고 싶어도, 기존 대출을 상환하고 다시 주식을 매수해야 하는 번거로운 절차와 자금 조달의 어려움이 발목을 잡고 있다.이런 현실적인 문제를 해결하고자, 무빙스탁이 ‘증권사 신용, 대환자금대출’ 서비스를 전격 출시했다.이 상품은 주식을 매도하지 않고도, 기존의 고금리의 주식대출(미수/신용융자 등)의 3%대의 혁신적인 저금리 증권사로 전환할 수 있도록 상환자금을 제공하는 것이 핵심이다.무빙스탁 관계자는 “현재 증권사 이벤트 금리는 연 3%대 수준으로, 기존 9~10%대 고금리를 적용받는 투자자라면 절감 효과가 상당하다”며, 금리를 5%만 낮추면 “1억원 신용대출 기준으로 연간 약 500만원, 3억원이라면 1,500만원까지도 절약할 수 있다”고 밝혔다.더 놀라운 점은, 현재는 이벤트 기간으로 대환자금대출 신청시 발생하는 이자 비용까지 ‘0원’이라는 사실이다. 대환자금에 대해서 하루의 대출이자도 부담하지 않고 기존 고금리 대출을 저금리로 전환할 수 있어, 고금리 부담에 시달리던 투자자들에게 큰 호응을 얻을 전망이다.이 서비스는 부동산 시장에서 흔히 이용되던 대환대출 개념을 증권시장에 도입한 혁신적인 시도로, 주식 투자자들의 자금 운용에 새로운 대안을 제시할 것으로 기대된다.무빙스탁 ‘증권사 신용, 대환자금대출’의 비용 무료 이벤트는 이벤트 기간 동안 한정적으로 제공되는 만큼, 신용융자를 이용 중인 투자자라면 지금 바로 확인해볼 필요가 있다.★ 장마감 시간이 가까워질수록 문의가 많아 상담이 지연될 수 있습니다.★ 7월 문의하신 고객들이 많이 보유하신 종목으로는 삼성전자, POSCO홀딩스, 셀트리온, 포스코퓨처엠, 에코프로비엠, NAVER, 에코프로, 삼성SDI, LG화학, SK하이닉스, 두산에너빌리티, 카카오, SK이노베이션, LG에너지솔루션, 엘앤에프, 삼천당제약, 현대차, 알테오젠, HPSP, LG전자 등이 있습니다.★ 안내사항과도한 빚은 당신에게 큰 불행을 안겨줄 수 있습니다. 대출 시 신용등급 하락으로 다른 금융거래가 제약받을 수 있습니다. 중개수수료를 요구하거나 받는 것은 불법입니다.상호명: ㈜단비대부 2021-서울영등포-2102(대부업) | TEL: 1544-4886 | 대출금리: 연 20%이내(연체금리는 약정금리+3%p이내, 최대 연 20%이내) | 단, 2021. 7. 7.부터 신규체결, 갱신, 연장되는 계약에 한함 | 채무의 조기상환 조건 및 부대비용 없음. (단, 신용조회비용 및 담보권설정비용 있음), 이자 외 별도로 중개수수료를 요구하거나 수취하는 것은 불법입니다. | 대표이사: 박동원 | 사업자등록번호: 274-86-00231 | 등록기관명칭: 서울 영등포구청(담당부서: 일자리경제과, 02-2670-3420) | 소재지 : 서울 영등포구 여의대방로67길 11, 5층 517호 | 개인정보관리자메일: help@danbifund.co.kr무료상담",https://www.hankyung.com/article/202507248234a,2025.07.24 08:53
"박용인 삼성 시스템LSI 사업부장 ""엑시노스 2600, 좋은 결과 있을 것""",,"박용인 삼성전자 DS부문 시스템LSI사업부장(사장)이 11일 서울 삼성동 코엑스에서 열린 '한국공학한림원 영 페스티벌' 행사에 참석하기 위해 이동하고 있다. 사진=연합뉴스

                박용인 삼성전자 DS부문 시스템LSI사업부장(사장)은 11일 “엑시노스 2500에 이어 엑시노스 2600를 차근차근 잘 준비하고 있다”며 하반기 실적에 대한 자신감을 드러냈다.박 사장은 이날 서울 삼성동 코엑스에서 열린 공학인재 멘토링 행사 ‘한국공학한림원 영 페스티벌’에 앞서 취재진을 만나 “좋은 결과가 있을 것”이라며 이같이 밝혔다.엑시노스 2500은 삼성전자의 최신 모바일 애플리케이션 프로세서(AP)다. 전날 출시된 폴더블 스마트폰 갤럭시 Z 플립 7에 전량 탑재됐다. 엑시노스는 삼성 시스템LSI가 설계하고, 삼성 파운드리가 최첨단 3나노(㎚·1㎚=10억분의 1m) 공정으로 제조한다. 엑시노스의 갤럭시 Z 플립 7 전량 탑재는 시스템LSI의 실적 개선에 상당한 역할을 할 것으로 전망된다. 엑시노스 2500 관련 매출은 2분기 말부터 반영된 것으로 전해진다. 증권가에서는 올해 2분기 시스템LSI의 매출이 올 1분기 대비 1조원가량 증가했을 것으로 추정했다. 올해 연말  양산 예정인 엑시노스 2600가 내년 초 출시되는 갤럭시 S26에 탑재될 것이란 전망도 나온다. 이에 박 사장은 “(엑시노스 2600 탑재 여부는) 고객사 소관”이라며 말을 아꼈다.박 사장은 올해 초 삼성글로벌리서치 산하 경영진단실이 착수한 시스템LSI 사업부 경영진단과 관련해서는 “아직 (결과를) 기다리고 있다”며 “(연말 조직 개편 등은) 예단하기 어렵다”고 답했다.박의명 기자 uimyung@hankyung.com",https://www.hankyung.com/article/202507112735i,2025.07.11 14:13
"“화웨이는 재앙이다”라는 트럼프, 그럴수록 단단해지는 화웨이",<화웨이 쇼크> 에바 더우 지음,"화웨이는 지난해 매출 8621억위안(약 175조원)을 기록하며 역대 두 번째 큰 매출을 달성했다. 특히 중국 스마트폰 시장에서 애플을 제치고 2위에 올랐다. 화웨이의 놀라운 점은 매출의 20%(약 35조원)를 연구·개발(R&D)비에 쏟아부었다는 점이다. 무려 순이익의 세 배에 가까운 액수다. 순이익은 전년 대비 28% 감소(약 13조원)했음에도 연구개발비는 9.1%를 증액했다. 중국 공산당과의 관계, 지배구조, 이동통신 설비의 백도어(비밀접근 통로) 의혹까지 각종 의심의 눈초리를 받는 와중에도 기술 인재와 R&D에 집착적이기까지 한 모습을 보이며 난관을 뚫어 나가고 있다. 
                    




                최근 국내에 번역 출간된 <화웨이 쇼크>는 미국 워싱턴 포스트의 테크 전문 기자가 이런 화웨이를 밀착 취재해 쓴 화웨이 해부서다. 통신 장비 세계 1위에 오른 화웨이는 첨단 인공지능(AI) 반도체 1위 기업 엔비디아까지 위협하며 중국 기술 굴기의 상징과 같은 기업이 됐다. 엔비디아는 올 2월 발간한 연례보고서에서 5개 부문 중 4개 부문에서 화웨이를 경쟁자로 지목했다. 미국 정부는 각종 제재를 통해 화웨이를 고사시키려 했지만 화웨이는 반도체와 5G 스마트폰을 생산하며 건재를 과시하고 있다. 폴더블폰 분야에서도 세계1위인 삼성전자의 뒤를 바짝 추격하고 있다. 하지만 중국 기업, 비상장회사, 종업원 지주제도라는 특성상 베일에 싸여 있다. 이 책에선 화웨이 창업자 런정페이의 생애부터 창업 과정과 발전사, 최근 동향까지 담으며 미스터리한 테크 제국 화웨이를 입체적으로 분석했다. 미국의 제재와 그로 인한 갈등, 활로 모색이 구체적으로 드러난다. 도널드 트럼프 미국 대통령은 1기 때 화웨이를 ‘재앙’으로 규정하고 중국발 안보 위협을 제기한 바 있다. 이는 미·중 무역 전쟁과 외교 갈등, 기술 냉전을 불렀다. 화웨이 미국 법인 대표 찰스 딩의 미 하원 청문회와 런정페이 회장의 딸이자 현 순환회장인 멍완저우의 캐나다 구금 사건이 대표적이다. 화웨이는 미국 하원 정보청문회의 집요한 추궁에도 백도어, 중국 공산당과의 관계를 부인했다. 멍완저우는 미국의 개입으로 캐나다에서 재판을 받았는데 쇼핑과 외출을 자유로이 하며 구금 기간을 보내 눈길을 끌었다. 중국은 이에 맞서 캐나다인 둘을 억류하고 고문함으로써 사실상 ‘인질 외교’가 벌어졌다.이 책에는 멍완저우의 구금으로 화웨이에 대한 중국 내 '애국 소비'가 증가하고, 가족이 기업을 물려받지 않을 것이라는 런정페이의 말과는 달리 멍완저우가 순환회장에 오르는 일화가 상세히 기술돼 있다. 미국과 관련한 흥미로운 에피소드 중 하나는 미국이 어떻게 화웨이의 백도어를 확신했는가 하는 점이다. 미국이 도청을 하고 있었기 때문에 이같은 사실을 알 수 있었다고 책은 설명한다.화웨이가 얼마나 연구개발에 공을 들이는지도 상세히 서술했다. 창업 초기 밤낮없이 일하다 사무실 간이침대에서 눈을 붙이던 '매트리스 문화'와 그런 R&D팀을 격려하던 런정페이 회장의 이야기, R&D 센터인 둥관 옥스혼 캠퍼스의 장대한 전경 등은 한국 테크 산업에 시사하는 바가 크다. 작은 전화교환기 회사에서 반도체 자회사 하이실리콘을 설립해 중국의 기술 자립 토대를 마련한 화웨이의 족적이 세세히 나와 있다.화웨이는 인재 영입을 위해 홍콩에 AI를 담당하는 ‘노아의 방주 연구소’도 설립했다. 프랑스 파리, 러시아 모스크바, 캐나다 몬트리올에 지사를 둬 엔지니어뿐 아니라 수학자와 양자물리학자 등 세계 최고의 인재를 끌어왔다. 기술 플랫폼을 지향하면서도 기본에 충실한 기업이라는 점이 드러난다. 5G에서 패권을 차지한 뒤에는 기술의 이론적 기반을 제공한 폴라코드의 아버지 에르달 아리칸 교수를 축하 행사에 초빙했다. 화웨이의 인재와 연구개발에 대한 성의를 잘 보여주는 대목이다.화웨이의 장점만 담은 것은 아니다. 경쟁사 제품 베끼기, 과도한 접대와 개인 생활이 없는 근무 환경 등 문제점도 가감 없이 풀어냈다. 주요 에피소드를 화웨이 내부 자료를 바탕으로 묘사해 한 기업을 총체적으로 파악하는 데 중요한 자료가 될 수 있는 책이다. 설지연 기자",https://www.hankyung.com/article/202507100537i,2025.07.11 08:53
"SKT '위약금 면제' 마지막날…""18만원 받고 아이폰16 샀다"" [현장+]","최신 아이폰·갤럭시까지 ""차비폰 대란""
이통3사 중 SKT 지원금 가장 높아
""오늘 지나면 공짜폰 아닐 확률↑""","14일 오후 서울 구로구 신도림 핸드폰 집단상가에서 방문객들이 휴대폰을 둘러보고 있다. 사진=박수빈 기자 

                ""오늘 이후엔 '차비폰'은 없죠. 공짜폰도 없을 거에요. 이미 오늘 오후 3시 이후엔 보조금 대폭 줄인다고 전체적으로 공지 나갔거든요.""SK텔레콤의 '번호이동 위약금 면제' 마지막날인 지난 14일 오후 서울 구로구 신도림 휴대폰 집단상가의 판매점 직원 A씨는 ""갤럭시S25 시리즈나 아이폰 16은 오늘이 가장 싸게 살 수 있는 기회다. 내일부터 갤럭시Z플립7과 폴드7 사전 예약이 시작돼 거기로 보조금이 몰릴 것""이라며 이 같이 말했다.또 다른 판매점 직원 B씨는 ""6월 중순 이후 아이폰16이 차비폰이 된 건 처음""이라며 ""위약금 면제 이후로 SK텔레콤이 이동통신3사(SK텔레콤·KT·LG유플러스) 중 가장 혜택이 좋다. 어떤 요금제든 부가서비스를 할 필요도 없다""고 귀띔했다.실제로 SK텔레콤은 경쟁사보다 많은 추가 보조금을 지급하며 가입자 유치에 열을 올렸다. 이날 SK텔레콤으로 번호이동을 하면 갤럭시S25·갤럭시S25플러스 256GB 모델과 아이폰16 128GB 모델을 '차비폰'으로 구매할 수 있었다. 차비폰이란 공짜폰을 넘어 오히려 구매자가 돈을 받아 가는 휴대폰을 말한다.10만9000원 요금제 기준으로 갤럭시S25 256GB 모델은 35만원, 갤럭시S25플러스 256GB 모델은 15만원, 아이폰16은 18만원의 웃돈을 받고 구매할 수 있었다. 단 부가서비스는 없었다. 심지어 갤럭시S25 256GB의 경우 6만9000원 요금제로 가입해도 17만원의 '차비'가 주어졌다.갤럭시S25 모델만 놓고 보면 약 80만~100만원 수준의 추가 지원금이 지급되는 셈이다. 번호이동 위약금 면제가 발표되기 전과 비교하면 지원금은 최소 30만원 늘어났다. 당시 갤럭시S25 256GB 모델 기준 SK텔레콤으로 번호이동을 하면 판매점에서 추가 지원금을 최대 49만5000원까지 받을 수 있었다. 기계값은 16만원을 지불해야 했다.반면 KT와 LG유플러스는 이날 SK텔레콤만큼 지원금을 제공하진 않았다. LG유플러스로 번호이동을 하는 경우 갤럭시S25 256GB와 아이폰16 128GB가 '공짜폰'으로 지급됐으나 갤럭시S25플러스는 기계값을 내야 했다. 3개월간 3만원대의 부가서비스 가입도 필수였다. KT의 경우 갤럭시S25 256GB 모델만 기계값이 무료였다.판매점 직원들은 SK텔레콤이 경쟁사보다 보조금을 많이 푼 적은 없었다고 입을 모았다. B씨는 ""원래는 SK텔레콤이 가장 보조금이 적었는데 지금은 KT가 가장 적은 상황""이라며 ""가장 적극적으로 보조금을 풀었던 LG유플러스보다도 지금 SK텔레콤 정책 혜택이 좋다""고 말했다.
                    



14일 오후 서울 구로구 신도림 핸드폰 집단상가에서 방문객들이 휴대폰을 둘러보고 있다. 사진=박수빈 기자 

                하지만 이 같은 SK텔레콤의 보조금 정책에도 현장에선 SK텔레콤에서 이탈하는 고객이 많은 것으로 나타났다. A씨는 ""SK텔레콤 고객 10명 중 2명은 번호이동이 아닌 기기변경을 했다""며 ""SK텔레콤 장기고객들은 유지하는 게 이득이라 남아있지만 그렇지 않은 고객은 타 통신사로 이동했다""고 설명했다. B씨는 ""통신사마다 정책이 좋으니까 다 옮겨가더. 단가가 좋으면 흔히 있는 일""이라고 덧붙였다.실제로 SK텔레콤 위약금 면제 기간 동안 13만명가량이 SK텔레콤을 이탈했다. 업계에 따르면 지난 5~12일 SK텔레콤에서 KT와 LG유플러스로 12만4414명이 빠져나갔다. 아직 통계 발표가 되지 않은 전날과 이날 이탈자 규모까지 합하면 위약금 면제 기간 SK텔레콤을 이탈한 가입자 규모는 13만~14만명일 것으로 전망된다. 순감 규모는 6만~7만명을 웃돌 예정이다.SK텔레콤의 무선시장 점유율은 40%선이 붕괴됐다는 데 힘이 실리고 있다. 시장 점유율 40%는 SK텔레콤의 '심리적 마지노선'이다. 그간 SK텔레콤은 40% 아래로 점유율이 떨어진 적이 없다. 유심 해킹 사태가 일어났던 지난 4월만 해도 이통3사의 시장 점유율은 SK텔레콤이 40.08%, KT 23.45%, LG유플러스 19.22%였다.하지만 지난 4월 이후 이달 12일까지 SK텔레콤을 이탈한 가입자가 79만3187명에 이르면서 SK텔레콤 점유율이 40%를 하회할 가능성이 커졌다.SK텔레콤으로선 가입자 회복에 집중해야 할 상황. 업계에서는 SK텔레콤이 위약금 면제 조치 이후 번호이동이 더 활발하게 전개될 것으로 보고 있다. 오는 15일 삼성전자의 갤럭시Z플립7·폴드7의 사전 판매가 시작되는 데다 이달 22일부터는 단말기유통법(단통법)이 폐지돼서다. 신용평가사인 한국기업평가는 통신시장 경쟁 지형을 전망한 리포트에서 ""대규모 가입자 이동으로 단통법 폐지 이후 가입자 유치 경쟁 재점화 가능성이 크게 확대됐다""고 내다봤다.박수빈 한경닷컴 기자 waterbean@hankyung.com",https://www.hankyung.com/article/202507146768g,2025.07.15 06:30
"수급 전환에 그래핀 테마, 반등 신호 뚜렷",,"그래핀 테마 관련 종목들이 최근 주가 회복 신호를 보이며 투자 심리가 다시 살아나는 양상이다. 단기 조정 후 주요 종목들이 회복 국면에 진입한 모습이다.이 같은 수급 변화는 그래핀이라는 소재에 대한 중장기 기대감이 바탕이 되고 있다. 글로벌 전자기기와 반도체 부품에서 열·전기 전도성이 우수한 그래핀이 대체 소재로 주목받으며, 관련 기업들의 기술력과 제품화 가능성에 투자자 관심이 집중되고 있다. 최근 상보는 CNT(탄소나노튜브)와 그래핀을 동시에 다루는 기업으로 각광받고 있으며, 해당 테마 내에서 강한 상승세를 보였다.특히, 그래핀 테마는 단순한 테마주의 틀을 넘어선 실물 수요 기반의 관심이 확인되는 단계로 보인다. 일부 종목의 퀀트 재무 점수가 테마 내에서도 상위권으로 평가되는 점은, 단기 모멘텀보다는 중장기 실적 기반의 선별적 자금 유입으로 해석할 여지를 준다.




 

시장 전문가들은 “그래핀 테마의 본격 회복 흐름은 수급 전환이 시발점이 됨과 동시에, 실적과 기술력을 갖춘 기업들이 중심이 되어야 지속 가능하다”고 지적한다. 즉, 반도체·디스플레이 등 고부가가치 응용분야로 진출하는 기업들의 실질적 실적이 뒷받침된다면, 테마 자체의 지속성도 확보될 수 있다는 분석이다.결국 그래핀 테마는 수급 회복, 소재 응용 확대에 대한 기대, 그리고 실물 성과 기반의 선별 투자의 삼박자가 맞물리며 반등 국면에 진입했다는 평가다. 향후 관전 포인트는 관련 기업들의 기술 적용 실적, 수요 산업 동향, 그리고 재무 건전성 확보 여부가 될 전망이다.삼성에스디에스, 마이크로컨텍솔, NHN KCP, 케이지에이, PI첨단소재무료상담",https://www.hankyung.com/article/202507223859a,2025.07.22 14:13
외국인 매도에 밀리는 코스피…SK하이닉스 7%↓,,"사진=연합뉴스

                코스피가 약보합세다. 장중 3150선을 위협받을 정도로 밀리기도 했지만, 낙폭을 줄였다. SK하이닉스가 부정적 전망 속에 7% 넘게 하락하고 있다.17일 오전 10시25분 현재 코스피는 전일 대비 11.40포인트(0.36%) 내린 3174.98에 거래되고 있다.3200선을 회복하면서 출발한 코스피는 곧바로 힘이 빠지며 3152.42까지 빠졌지만, 이를 저점으로 낙폭을 일부 줄인 뒤 등락을 거듭하고 있다.외국인이 유가증권시장에서 1563억원어치 주식과 코스피200선물 2494억원어치를 순매도하며 지수를 끌어 내리고 있다. 기관도 현물주식을 1941억원어치 파는 중이다. 개인이 홀로 3062억원어치 주식을 사고 있지만, 지수를 방어하는 데는 힘이 부친 모습이다.시가총액 상위 종목은 대체로 상승세다.하지만 SK하이닉스가 7.09% 하락하며 지수를 짓누르고 있다. 골드만삭스가 투자의견을 중립으로, 대신증권이 메모리반도체 가격 전망을 각각 하향하면서 투자심리가 악화됐다.반면 삼성전자는 1.7% 상승하고 있다.LG에너지솔루션도 1.13% 상승세다. 테슬라가 중국에서 출시할 예정인 6인용 모델Y에 LG에너지솔루션의 니켈·코발트·망간(NCM) 배터리가 사용될 것이라고 알려진 영향으로 보인다.삼성바이오로직스와 셀트리온도 각각 1.13%와 1.19% 상승 중이다.한화에어로스페이스는 3.63% 오르고 있다.코스닥은 전일 대비 0.42포인트(0.05%) 오른 812.65에 거래되고 있다. 이 시장에서는 개인이 1376억원어치 주식을 사는 반면, 외국인과 기관이 각각 1188억원어치와 217억원어치를 파는 중이다.코스닥 시가총액 상위 종목들도 대체로 오르고 있다.특히 펩트론이 14.14% 급등 중이다. 리가켐바이오와 삼천당제약도 각각 1.49%와 2.56% 강세다.반면 알테오젠은 0.41% 내리고 있다.서울외환시장에서 원·달러 환율은 전일 대비 3원(0.22%) 오른 달러당 1390원에 거래되고 있다.한경우 한경닷컴 기자 case@hankyung.com",https://www.hankyung.com/article/2025071740686,2025.07.17 10:36
SK하이닉스보다 늦게 오른 이 종목… 다음은 이쪽이다 [진짜 주식 2부],"원전·소캠·방산… 테마는 반복된다
소캠 진출한 엔비디아, PCB 관련주 티엘비 재조명","영상 모듈 닫기




지난 21일(월) 방송된 한국경제TV '진짜 주식 2부'에 현명투자연구소 나현후 대표(와우넷 파트너)가 출연해 현재 증시 흐름을 '종목 순환 장세'로 정의하고 눌림 매수 후 저항 매도로 이어지는 유연한 대응 전략을 제시했다.
                    




                나현후 대표는 ""지난주부터 이어지는 장세가 시청자들에게 까다롭게 느껴질 수밖에 없는 이유는 뚜렷한 방향성 없이 조선·방산·신재생·반도체 등 주요 섹터들이 순환 상승하는 국면이기 때문""이라며 ""이럴 땐 눌림에서 매수해 단기 저항권에서 수익을 실현하는 전략이 유효하다""고 설명했다.
                    




                코스피와 코스닥 모두 박스권 흐름을 지속하고 있는 가운데 기술적 관점에서는 단기 탄력 둔화가 나타나고 있지만 중기적 시세 구조는 여전히 '강한 N자 파동'을 형성 중이라고 분석했다. 이에 따라 급락에 대한 우려보다 단기 눌림 매수를 통한 선별적 대응이 중요하다고 강조했다.
                    




                대표 종목으로는 삼성전자와 SK하이닉스를 짚었다. SK하이닉스가 최근 단기 급등 이후 이격 조정을 거치는 가운데 삼성전자는 덜 오른 상태에서 7만원 돌파를 앞두고 있어 상대적으로 매매 기회가 더 유리하다고 판단했다.
                    




                이어 지난 방송에서 제시했던 에이치브이엠과 현대제철에 대한 사후 분석도 진행됐다. 나 대표는 ""에이치브이엠은 방산 관련주로 실적 기반이 탄탄하며 최근 눌림 구간 매수 후 약 17% 급등이 나왔다""며 ""다만 현재는 과열권에 접어든 만큼 60% 이상 수익 실현 전략이 필요하다""고 조언했다. 현대제철 역시 ""PBR 0.2배 수준의 저평가 종목으로 상법 개정 모멘텀을 반영한 중기 대응이 유효하다""고 덧붙였다.
                    




                마지막으로 다음 매매 전략으로 우진엔텍과 티엘비를 제시했다. 우진엔텍은 원전 계측 장비를 생산하는 우진의 자회사로 글로벌 원전 확대 기조에 따른 수혜 기대가 크다. 특히 최근 일본의 원전 신설 발표 등 글로벌 정책 변화가 주요 배경으로 작용 중이며, 우진의 반등 흐름도 긍정적 시그널로 평가했다.
                    




                또한 티엘비는 엔비디아의 소캠 사업 확대와 관련해 PCB 기판 수혜주로 부각되고 있으며 주봉상 우상향 추세를 유지 중이라는 점에서 관심 종목으로 언급됐다. 끝으로 나현후 대표는 ""지금처럼 종목별 순환 흐름이 지속되는 장에서는 타이밍과 섹터 간 로테이션 감각이 무엇보다 중요하다""고 조언했다.박원석증권에디터 pws@wowtv.co.kr",https://www.hankyung.com/article/2025072240975,2025.07.22 11:19
삼성물산 수주공시 - P4 Ph4(상동) 마감공사 1.46조 (매출액대비  3.47 %),,"07월 18일 삼성물산(028260)은 수주공시를 발표했다.◆삼성물산 수주공시 개요- P4 Ph4(상동) 마감공사 1.46조 (매출액대비  3.47 %)삼성물산(028260)은 P4 Ph4(상동) 마감공사에 관한 단일판매ㆍ공급계약체결              을 18일에 공시했다.계약 상대방은 삼성전자 주식회사이고, 계약금액은 1.46조 규모로 최근 삼성물산 매출액 42.1조 대비 약  3.47 % 수준이다. 이번 계약의 기간은 2025년 07월 18일 부터 2027년 07월 31일까지로 약 2년이다.한편 이번 계약수주는 2025년 07월 18일에 체결된 것으로 보고되었다.
                    



차트

                수주 공시는 향후 기업의 실적에 직접적인 영향을 미치기 때문에 계약의 규모, 계약 기간 등에 대해서 주의 깊게 살펴볼 필요가 있다. 특히 수주 공시가 늘어나는데 주가는 움직이지 않는다면 매수 관점에서 접근해 볼 수도 있다.한경로보뉴스이 기사는 한국경제신문과 금융 AI 전문기업 씽크풀이 공동 개발한 기사 자동생성 알고리즘에 의해 실시간으로 작성된 것입니다.",https://www.hankyung.com/article/202507187824L,2025.07.18 17:30
고금리 OUT! 증권사 신용대출 3%대로 전환하는 방법,,"전송종목 : DB, 경동인베스트, 모나리자, 모베이스전자, 하이록코리아최근 주식 투자자들 사이에서 주식대출(미수/신용융자 등)의 고금리에 대한 부담이 커지고 있다.특히 저금리를 적용 받고 싶어도, 기존 대출을 상환하고 다시 주식을 매수해야 하는 번거로운 절차와 자금 조달의 어려움이 발목을 잡고 있다.이런 현실적인 문제를 해결하고자, 무빙스탁이 ‘증권사 신용, 대환자금대출’ 서비스를 전격 출시했다.이 상품은 주식을 매도하지 않고도, 기존의 고금리의 주식대출(미수/신용융자 등)의 3%대의 혁신적인 저금리 증권사로 전환할 수 있도록 상환자금을 제공하는 것이 핵심이다.무빙스탁 관계자는 “현재 증권사 이벤트 금리는 연 3%대 수준으로, 기존 9~10%대 고금리를 적용받는 투자자라면 절감 효과가 상당하다”며, 금리를 5%만 낮추면 “1억원 신용대출 기준으로 연간 약 500만원, 3억원이라면 1,500만원까지도 절약할 수 있다”고 밝혔다.더 놀라운 점은, 현재는 이벤트 기간으로 대환자금대출 신청시 발생하는 이자 비용까지 ‘0원’이라는 사실이다. 대환자금에 대해서 하루의 대출이자도 부담하지 않고 기존 고금리 대출을 저금리로 전환할 수 있어, 고금리 부담에 시달리던 투자자들에게 큰 호응을 얻을 전망이다.이 서비스는 부동산 시장에서 흔히 이용되던 대환대출 개념을 증권시장에 도입한 혁신적인 시도로, 주식 투자자들의 자금 운용에 새로운 대안을 제시할 것으로 기대된다.무빙스탁 ‘증권사 신용, 대환자금대출’의 비용 무료 이벤트는 이벤트 기간 동안 한정적으로 제공되는 만큼, 신용융자를 이용 중인 투자자라면 지금 바로 확인해볼 필요가 있다.★ 장마감 시간이 가까워질수록 문의가 많아 상담이 지연될 수 있습니다.★ 7월 문의하신 고객들이 많이 보유하신 종목으로는 삼성전자, POSCO홀딩스, 셀트리온, 포스코퓨처엠, 에코프로비엠, NAVER, 에코프로, 삼성SDI, LG화학, SK하이닉스, 두산에너빌리티, 카카오, SK이노베이션, LG에너지솔루션, 엘앤에프, 삼천당제약, 현대차, 알테오젠, HPSP, LG전자 등이 있습니다.★ 안내사항과도한 빚은 당신에게 큰 불행을 안겨줄 수 있습니다. 대출 시 신용등급 하락으로 다른 금융거래가 제약받을 수 있습니다. 중개수수료를 요구하거나 받는 것은 불법입니다.상호명: ㈜단비대부 2021-서울영등포-2102(대부업) | TEL: 1544-4886 | 대출금리: 연 20%이내(연체금리는 약정금리+3%p이내, 최대 연 20%이내) | 단, 2021. 7. 7.부터 신규체결, 갱신, 연장되는 계약에 한함 | 채무의 조기상환 조건 및 부대비용 없음. (단, 신용조회비용 및 담보권설정비용 있음), 이자 외 별도로 중개수수료를 요구하거나 수취하는 것은 불법입니다. | 대표이사: 박동원 | 사업자등록번호: 274-86-00231 | 등록기관명칭: 서울 영등포구청(담당부서: 일자리경제과, 02-2670-3420) | 소재지 : 서울 영등포구 여의대방로67길 11, 5층 517호 | 개인정보관리자메일: help@danbifund.co.kr무료상담",https://www.hankyung.com/article/202507108875a,2025.07.10 13:08
"'삼성중공업' 52주 신고가 경신, P4 Ph4(상동) 마감공사 3,925.9억원 (매출액대비  4.0 %)",,"◆ 최근 발표한 수주공시- P4 Ph4(상동) 마감공사 3,925.9억원 (매출액대비  4.0 %)삼성중공업(010140)은 P4 Ph4(상동) 마감공사에 관한 단일판매ㆍ공급계약체결              을 21일에 공시했다.계약 상대방은 삼성전자(주)이고, 계약금액은 3,925.9억원 규모로 최근 삼성중공업 매출액 9.9조 대비 약  4.0 % 수준이다. 이번 계약의 기간은 2025년 07월 18일 부터 2027년 07월 31일까지로 약 2년이다.한편 이번 계약수주는 2025년 07월 18일에 체결된 것으로 보고되었다.한경로보뉴스이 기사는 한국경제신문과 금융 AI 전문기업 씽크풀이 공동 개발한 기사 자동생성 알고리즘에 의해 실시간으로 작성된 것입니다.",https://www.hankyung.com/article/202507223606L,2025.07.22 09:38
"주식 매도 없이 신용이자 연 1,500만 원 줄이는 비법",,"전송종목 : 현대홈쇼핑, KNN, 포스코스틸리온, 리노공업, 에스피지최근 주식 투자자들 사이에서 주식대출(미수/신용융자 등)의 고금리에 대한 부담이 커지고 있다.특히 저금리를 적용 받고 싶어도, 기존 대출을 상환하고 다시 주식을 매수해야 하는 번거로운 절차와 자금 조달의 어려움이 발목을 잡고 있다.이런 현실적인 문제를 해결하고자, 무빙스탁이 ‘증권사 신용, 대환자금대출’ 서비스를 전격 출시했다.이 상품은 주식을 매도하지 않고도, 기존의 고금리의 주식대출(미수/신용융자 등)의 3%대의 혁신적인 저금리 증권사로 전환할 수 있도록 상환자금을 제공하는 것이 핵심이다.무빙스탁 관계자는 “현재 증권사 이벤트 금리는 연 3%대 수준으로, 기존 9~10%대 고금리를 적용받는 투자자라면 절감 효과가 상당하다”며, 금리를 5%만 낮추면 “1억원 신용대출 기준으로 연간 약 500만원, 3억원이라면 1,500만원까지도 절약할 수 있다”고 밝혔다.더 놀라운 점은, 현재는 이벤트 기간으로 대환자금대출 신청시 발생하는 이자 비용까지 ‘0원’이라는 사실이다. 대환자금에 대해서 하루의 대출이자도 부담하지 않고 기존 고금리 대출을 저금리로 전환할 수 있어, 고금리 부담에 시달리던 투자자들에게 큰 호응을 얻을 전망이다.이 서비스는 부동산 시장에서 흔히 이용되던 대환대출 개념을 증권시장에 도입한 혁신적인 시도로, 주식 투자자들의 자금 운용에 새로운 대안을 제시할 것으로 기대된다.무빙스탁 ‘증권사 신용, 대환자금대출’의 비용 무료 이벤트는 이벤트 기간 동안 한정적으로 제공되는 만큼, 신용융자를 이용 중인 투자자라면 지금 바로 확인해볼 필요가 있다.★ 장마감 시간이 가까워질수록 문의가 많아 상담이 지연될 수 있습니다.★ 7월 문의하신 고객들이 많이 보유하신 종목으로는 삼성전자, POSCO홀딩스, 셀트리온, 포스코퓨처엠, 에코프로비엠, NAVER, 에코프로, 삼성SDI, LG화학, SK하이닉스, 두산에너빌리티, 카카오, SK이노베이션, LG에너지솔루션, 엘앤에프, 삼천당제약, 현대차, 알테오젠, HPSP, LG전자 등이 있습니다.★ 안내사항과도한 빚은 당신에게 큰 불행을 안겨줄 수 있습니다. 대출 시 신용등급 하락으로 다른 금융거래가 제약받을 수 있습니다. 중개수수료를 요구하거나 받는 것은 불법입니다.상호명: ㈜단비대부 2021-서울영등포-2102(대부업) | TEL: 1544-4886 | 대출금리: 연 20%이내(연체금리는 약정금리+3%p이내, 최대 연 20%이내) | 단, 2021. 7. 7.부터 신규체결, 갱신, 연장되는 계약에 한함 | 채무의 조기상환 조건 및 부대비용 없음. (단, 신용조회비용 및 담보권설정비용 있음), 이자 외 별도로 중개수수료를 요구하거나 수취하는 것은 불법입니다. | 대표이사: 박동원 | 사업자등록번호: 274-86-00231 | 등록기관명칭: 서울 영등포구청(담당부서: 일자리경제과, 02-2670-3420) | 소재지 : 서울 영등포구 여의대방로67길 11, 5층 517호 | 개인정보관리자메일: help@danbifund.co.kr무료상담",https://www.hankyung.com/article/202507158086a,2025.07.15 08:33
"삼성전자, 연내 미국에 'AI 헬스코치' 출시","사용자 건강데이터 AI로 분석
의사 처방을 실천할 수 있도록 가이드 
미국에서 베타버전 먼저 선보여","사진=한경DB

                삼성전자가 미국에서 올해 안에 삼성헬스 애플리케이션을 통해 ‘인공지능(AI) 헬스코치’ 베타 버전을 선보인다. AI 헬스코치는 삼성헬스 사용자의 건강 데이터를 AI로 분석하고, 의사로부터 받은 처방을 생활 속에서 잘 이행할 수 있도록 돕는 역할을 한다.박헌수 삼성전자 MX사업부 디지털헬스팀장은 10일(현지시간) 뉴욕 브루클린에서 열린 기자간담회에서 “병원과 의료체계를 앱, 웨어러블 기기를 통해 항상 연계될 수 있는 환경을 구축하겠다”며 이같이 밝혔다.AI 헬스코치 베타 버전은 삼성헬스 앱에 챗봇 형태로 탑재된다. 사용자와 대화하듯 건강 정보를 알려주는 방식이다. 박 팀장은 “우선 미국 시장에서 출시할 예정”이라며 국내 출시 일정은 아직 정해지지 않았다고 설명했다. 국내 출시로 의료계의 반발 가능성에 대해서는 “우리가 선보일 AI 헬스코치는 진단과 치료의 영역은 아니다”며 “건강에 어떤 경고 신호가 발생하면 알려주는 것”이라고 선을 그었다.삼성헬스 앱의 수익화와 관련해선 “현재 헬스 기능은 무료로 지원하되 향후 추가 기능이 출시되면 수익 정책이 결정될 것”이라며 “최근에 인수한 젤스를 통해 기업간거래(B2B) 시장에서 다양한 사업 모델이 나올 수 있다”고 말했다. 삼성전자가 지난 7일 인수한 젤스는 디지털 헬스 플랫폼이다. 의료진이 환자 상태를 종합적으로 확인하고 최적의 디지털 헬스케어 솔루션을 처방·추천할 수 있도록 지원한다.간담회에 앞서 열린 테크 포럼에서 함께 한 마이클 맥쉐리 젤스 최고경영자(CEO)는 “10년 전에는 종이에 약을 처방받았지만 지금은 98%가 전자처방으로 바뀌었다”며 디지털 헬스 관련 데이터를 연결하는 인프라가 필요하다는 점을 강조했다.뉴욕=박신영 특파원 nyusos@hankyung.com",https://www.hankyung.com/article/202507112378i,2025.07.11 11:17
"세미파이브, 상장 시동…K반도체 유니콘 될까",,"▶마켓인사이트 7월 18일 오후 3시 13분반도체 디자인하우스 세미파이브가 이익미실현 특례(테슬라 요건)로 코스닥시장 상장에 나섰다.18일 한국거래소에 따르면 세미파이브는 전날 한국거래소에 코스닥시장 상장을 위한 예비심사를 청구했다. 삼성증권과 UBS가 대표 주관사다. 이 회사는 미국 매사추세츠공과대(MIT)에서 반도체 설계를 전공한 조명현 대표가 2019년 설립했다. 국내 최대 반도체 디자인하우스로 삼성전자의 디자인솔루션파트너(DSP) 중 하나다. 디자인하우스는 반도체 칩 내부의 전자회로(IC)를 설계하는 회사다. 팹리스(반도체 설계 전문)와 파운드리를 잇는 역할을 한다.자체 개발한 재사용 및 자동화 기반의 시스템온칩(SoC) 설계 플랫폼이 핵심 경쟁력이다. 설계자산(IP) 재사용 및 자동화 솔루션을 통해 반도체 개발 비용과 기간을 절반 이하로 줄일 수 있다. 퓨리오사AI, 리벨리온 등 국내 인공지능(AI) 팹리스와 협력해 주요 AI 및 고성능컴퓨팅(HPC) 칩을 공동 설계·양산했다. 하이퍼엑셀, 모빌린트, 엑시나 등과 개발 협업도 진행하고 있다.이번 상장 과정에서 기업가치 1조원 이상을 목표로 잡았다. 지난해 구주 거래 과정에서 8000억원 수준의 기업가치를 인정받았다. 적자 기업인 만큼 이익미실현 특례 요건으로 상장에 도전한다. 지난해 매출 1118억원, 영업손실 229억원을 기록했다. 사상 첫 매출 1000억원을 돌파했으나 5년째 적자에서 벗어나지 못했다.최석철 기자 dolsoi@hankyung.com",https://www.hankyung.com/article/2025071877931,2025.07.18 17:27
"우리기술투자, 삼성전자, SGA 등… 크게 수익낼 유망 종목은",,"시장 주도주·단기급등주 공략 중심 포트폴리오 제시최근 변동성 장세 속에서 기술적 분석 기반의 실전매매가 다시 주목받고 있다. SBS Biz 등 다수 경제방송에서 활약 중인 허해남 대표는 시장 주도주와 단기급등주를 중심으로 한 실전 매매 전략으로 개인 투자자들의 관심을 모으고 있다.




 

👉 심플랫폼, SG 등 수익실현의 비밀 확인! (클릭)허 대표는 기술적 흐름과 수급 분석을 바탕으로 실시간 매수·매도 타이밍을 포착해 계좌 수익률을 극대화하는 데 초점을 맞춘다. 특히, 단기 이슈 모멘텀을 기반으로 급등이 예상되는 종목을 선별해 빠른 회전율로 수익을 추구하는 전략이 강점이다.실제 포트폴리오 구성은 대형 우량주 비중은 최소화하고, 거래량과 기술 패턴을 활용해 급등 가능성이 높은 종목에 집중하는 방식이다. 허 대표는 “지금 같은 장에서는 단기 테마성 이슈에 민감하게 반응하는 종목군에서 기회가 나온다”고 설명했다.✅ 연일 불확실한 시장에서 상한가를 잡고싶다면? 지금 확인!(클릭)한편, 허해남 대표는 실전매매 노하우를 기반으로 시장 진단과 유망 종목을 지속 제시하는 공개 채널도 개인 투자자들 사이에서 화제다.👉 내일의 상한가 종목, 입장만 하면 바로 확인 가능! (클릭)-최근 핫이슈 종목우리기술투자, 세림B&G, 삼성전자, 좋은사람들, SGA무료상담",https://www.hankyung.com/article/202507145589a,2025.07.14 09:40
고금리 이자 폭탄 피하는 법! 증권사 대출 3%대로 줄이기,,"전송종목 : KCC, TCC스틸, 아모레퍼시픽홀딩스, 미원상사, 세아제강지주최근 주식 투자자들 사이에서 주식대출(미수/신용융자 등)의 고금리에 대한 부담이 커지고 있다.특히 저금리를 적용 받고 싶어도, 기존 대출을 상환하고 다시 주식을 매수해야 하는 번거로운 절차와 자금 조달의 어려움이 발목을 잡고 있다.이런 현실적인 문제를 해결하고자, 무빙스탁이 ‘증권사 신용, 대환자금대출’ 서비스를 전격 출시했다.이 상품은 주식을 매도하지 않고도, 기존의 고금리의 주식대출(미수/신용융자 등)의 3%대의 혁신적인 저금리 증권사로 전환할 수 있도록 상환자금을 제공하는 것이 핵심이다.무빙스탁 관계자는 “현재 증권사 이벤트 금리는 연 3%대 수준으로, 기존 9~10%대 고금리를 적용받는 투자자라면 절감 효과가 상당하다”며, 금리를 5%만 낮추면 “1억원 신용대출 기준으로 연간 약 500만원, 3억원이라면 1,500만원까지도 절약할 수 있다”고 밝혔다.더 놀라운 점은, 현재는 이벤트 기간으로 대환자금대출 신청시 발생하는 이자 비용까지 ‘0원’이라는 사실이다. 대환자금에 대해서 하루의 대출이자도 부담하지 않고 기존 고금리 대출을 저금리로 전환할 수 있어, 고금리 부담에 시달리던 투자자들에게 큰 호응을 얻을 전망이다.이 서비스는 부동산 시장에서 흔히 이용되던 대환대출 개념을 증권시장에 도입한 혁신적인 시도로, 주식 투자자들의 자금 운용에 새로운 대안을 제시할 것으로 기대된다.무빙스탁 ‘증권사 신용, 대환자금대출’의 비용 무료 이벤트는 이벤트 기간 동안 한정적으로 제공되는 만큼, 신용융자를 이용 중인 투자자라면 지금 바로 확인해볼 필요가 있다.★ 장마감 시간이 가까워질수록 문의가 많아 상담이 지연될 수 있습니다.★ 7월 문의하신 고객들이 많이 보유하신 종목으로는 삼성전자, POSCO홀딩스, 셀트리온, 포스코퓨처엠, 에코프로비엠, NAVER, 에코프로, 삼성SDI, LG화학, SK하이닉스, 두산에너빌리티, 카카오, SK이노베이션, LG에너지솔루션, 엘앤에프, 삼천당제약, 현대차, 알테오젠, HPSP, LG전자 등이 있습니다.★ 안내사항과도한 빚은 당신에게 큰 불행을 안겨줄 수 있습니다. 대출 시 신용등급 하락으로 다른 금융거래가 제약받을 수 있습니다. 중개수수료를 요구하거나 받는 것은 불법입니다.상호명: ㈜단비대부 2021-서울영등포-2102(대부업) | TEL: 1544-4886 | 대출금리: 연 20%이내(연체금리는 약정금리+3%p이내, 최대 연 20%이내) | 단, 2021. 7. 7.부터 신규체결, 갱신, 연장되는 계약에 한함 | 채무의 조기상환 조건 및 부대비용 없음. (단, 신용조회비용 및 담보권설정비용 있음), 이자 외 별도로 중개수수료를 요구하거나 수취하는 것은 불법입니다. | 대표이사: 박동원 | 사업자등록번호: 274-86-00231 | 등록기관명칭: 서울 영등포구청(담당부서: 일자리경제과, 02-2670-3420) | 소재지 : 서울 영등포구 여의대방로67길 11, 5층 517호 | 개인정보관리자메일: help@danbifund.co.kr무료상담",https://www.hankyung.com/article/202507185997a,2025.07.18 09:43
中LCD 되는데 '국가핵심기술' OLED 제외 …'가전 환급사업' 논란,논란의 '으뜸효율 가전사업',"23일 서울시내의 한 대형마트 전자제품 매장 모습. 김범준 기자

                “이번 기회에 한국산 OLED(유기발광다이오드) TV를 장만하려고 했는데…중국산 LCD(액정표시장치) TV만 보조금이 지원되네요.”정부가 예산 2671억원을 투입한 ‘으뜸효율 가전제품 환급사업’ 중국 전자산업만 배를 불리는 것 아니냐는 지적이 제기되고 있다. 정부가 중국산 액정표시장치(LCD)를 사용하는 TV만 환급 대상에 포함시키고 한국산 OLED(유기발광다이오드) TV는 제외한 것으로 나타나서다.으뜸효율 가전 환급사업이란 ‘에너지소비효율 1등급’ 가전을 구매하면 정부가 구매금액의 10%(최대 30만원)를 환급해주는 사업이다. 업계에선 정부가 ‘에너지효율’이란 획일적인 기준을 적용하면서 중국산 저가 가전과 부품사가 수혜 대상에 대거 포함된 것으로 보고 있다. ○7월 5일 사업 시작산업통상자원부, 한국에너지공단 등 정부는 지난 5일 예산 2671억원을 투입해 으뜸효율 가전제품 환급사업을 시작했다. 문재인 정부 시절 두 차례(2019년·2020년) 진행한 사업을 5년 만에 재개하고 만 19세 이상 전 국민에 적용한 것이 특징이다.환급 대상은 7월 4일부터 구매한 가전에 해당한다. 환급 품목은 TV, 냉장고, 에어컨, 세탁기, 전기밥솥, 유선진공청소기, 공기청정기, 제습기, 식기세척기 등 국민 생활과 밀접한 11개 품목이다. 정부는 환급 시스템이 구축되는 오는 8월부터 환급을 진행할 예정이다.정부가 가전환급 사업을 전 국민 대상으로 확대해 재개한 이유는 위축된 소비심리를 회복하고 에너지 절감을 유도하기 위해서다. 정부는 “가전 매출 2조5000억원 이상의 생산·소비 유발 효과가 기대된다”고 강조했다. 예산도 2020년(1500억원) 대비 대폭 늘었다.업계에선 내수경제를 살리자는 본래 취지와 다르게 실제 수혜는 중국 기업들이 가장 많이 보고 있다고 지적한다. 환급 대상을 ‘에너지소비효율 1등급’으로 한정하다 보니 한국 기업들의 인공지능(AI) 가전, OLED TV는 빠지고 저사양 중국 제품만 대거 포함돼서다. ○‘국가핵심기술’ OLED 제외환급 대상으로 올라온 5800여개 TV 모델의 브랜드는 삼성전자, LG전자 등 국내 대기업부터 국내 중소기업 TCL 등 중국 브랜드까지 다양하다. 공통점은 전부 LCD 제품이라는 것이다. LCD는 한국 기업이 만들지 않아 중국으로부터 전량 조달해야 하는 패널이다.한국이 패널을 전량 생산하는 OLED TV는 100만원대 보급형 제품이어도 환급 대상에서 제외된다. 반면 LCD TV는 300만원대 ‘초대형(85형)’ 제품이어도 보조금이 지급된다. 패널은 TV 원가에서 30~40%를 차지하는 가장 비싼 부품이다. 삼성·LG 브랜드를 달고 판매되고 구매금액의 상당액이 한국과 경쟁하는 중국 패널 제조사로 흘러 들어간다는 의미다.한국은 2004년 일본을 제치고 LCD 1위에 올랐지만 2017년 중국에 1위를 뺏겼다. BOE, CSOT 등 중국 기업들의 저가공세가 심해지자 삼성디스플레이는 2022년 LCD 사업에서 완전히 철수했고, LG디스플레이도 지난해 LCD 사업을 접었다. 한국은 대신 고부가 OLED에 ‘올인’하며 중국 기업들의 추격에 맞서왔다. OLED가 지난해 ‘국가 핵심 기술’로 지정된 이유다.업계에선 이번 환급 사업이 OLED 구매를 위축시키는 효과를 낼 것이라고 우려하고 있다. 전자업계 관계자는 “TV는 한번 구입하면 10년 가까이 쓰는 가전”이라며 “LCD TV가 팔리는 만큼 OLED TV 보급은 지체되고, 중국과 경쟁에서 한국이 피해를 볼 것”이라고 말했다.주무부처인 산업통상자원부는 OLED는 에너지효율이 3~4등급으로 지원 대상에 포함하지 못했다고 설명했다. 산업부 관계자는 “OLED는 에너지소율이 낮다는 태생적 한계가 있었다”며 “같은 TV인데 패널이 다르다고 다른 기준을 적용하는 것이 어렵다”고 했다.전문가들은 한국 기업들이 혜택을 받을 수 있는 방향으로 기준이 개정돼야 한다고 주장한다. 중국은 가전구매금액의 15%를 지원하는 ‘이구환신’(낡은 제품을 새것으로 교체 지원) 제도를 운영하고 있지만, 자국 기업에 유리하게 기준이 적용돼 있다.예컨대 스마트폰은 6000위안(약 115만원) 이하 제품에 대해서만 보조금이 지급된다. 애플, 삼성 등 외국 브랜드는 이 기준을 넘는 경우가 많아 자국 기업으로 대부분 보조금이 간다. 전기 절약을 유도하기 위해 에너지소비효율 1등급 제품은 5% 보조금을 추가로 지원한다.박의명 기자 uimyung@hankyung.com",https://www.hankyung.com/article/202507236938i,2025.07.23 16:18
"삼성 준감위 ""이재용 회장, 이사회 복귀해야""",,"영상 모듈 닫기




<앵커>삼성 준법감시위원회 정례회의가 오늘(23일) 오후 2시부터 시작됐습니다.10년간 이어진 이재용 삼성전자 회장의 사법리스크가 완전히 해소된 이후 처음 열린 회의라는 점에서 관심이 집중됩니다.현장에 나가 있는 취재기자 연결해 자세히 알아보겠습니다.김대연 기자, 회의 시작 전에 준감위원장을 만났다고요?<기자>네, 삼성생명 서초사옥 앞에 나와 있습니다.조금 전 오후 2시부터 이곳에서는 삼성준법감시위원회 회의가 진행되고 있습니다.준감위는 삼성그룹 계열사의 준법 경영을 관리·감독하는 외부 독립기구입니다.특히 오늘 회의는 이재용 회장이 부당합병·회계부정 혐의에 대해 최종 무죄가 확정된 이후 처음 열린 겁니다.그동안 이찬희 삼성 준감위원장은 이 회장의 등기이사 복귀 필요성을 강조해왔는데요.오늘도 취재진과 만나 ""이 회장이 재판에 굴레에서 벗어나 죽기를 각오하는 공격적인 경영을 해야 한다""고 말했습니다.또, 많은 위원이 이 회장이 등기임원으로 조속히 복귀하는 데 공감하고 있다고 전했습니다.현재 국내 4대 그룹 총수 중에서 미등기 임원은 이 회장뿐입니다.지난 2019년 10월 임기 만료 이후 6년째 등기이사로 복귀하지 않았습니다.리더십 공백 속 삼성은 반도체를 비롯한 주력 사업에서 총체적 위기에 직면했습니다.이 때문에 삼성 안팎에선 이 회장이 삼성전자 이사회에 다시 합류해야 한다는 목소리가 커지고 있습니다.<앵커>그런데 상법 개정안이 이 회장의 복귀에 걸림돌로 작용할 가능성도 있다고요?<기자>그렇습니다.최근 상법 개정으로 주주들이 이사진을 고소·고발할 여지가 커졌습니다.이사의 충실의무 대상이 회사에서 회사와 주주까지 확대됐기 때문입니다.자칫 제2의 사법리스크가 재현될 수 있다는 우려가 제기되는 배경입니다.이사회가 회사의 이익을 위해 M&A나 신사업을 추진해도 성과가 부진하면 주주들로부터 고소·고발당할 가능성도 배제할 수 없습니다.하지만 미국의 관세 정책과 중국 업체의 추격 등을 고려하면 전면에 나설 수밖에 없는 상황입니다.삼성이 위기를 극복하려면 이 회장이 책임 경영에 무게를 실어야 한다는 지적이 나옵니다.특히 이 회장이 이사회로 복귀하면, 신속한 투자 결정이 가능해질 것으로 보입니다.한동안 중단됐던 M&A도 이미 올해에만 세 차례 이어졌습니다.'뉴삼성'을 위한 이 회장의 글로벌 광폭 행보에 속도가 붙을 것이란 전망이 우세합니다.지금까지 삼성생명 서초사옥에서 한국경제TV 김대연입니다.김대연기자 bigkite@wowtv.co.kr",https://www.hankyung.com/article/2025072370435,2025.07.23 14:36
고금리 이자 폭탄 피하는 법! 증권사 대출 3%대로 줄이기,,"전송종목 : 아나패스, 한국자산신탁, 태웅로직스, 티씨머티리얼즈, 현대퓨처넷




 

최근 주식 투자자들 사이에서 주식대출(미수/신용융자 등)의 고금리에 대한 부담이 커지고 있다.특히 저금리를 적용 받고 싶어도, 기존 대출을 상환하고 다시 주식을 매수해야 하는 번거로운 절차와 자금 조달의 어려움이 발목을 잡고 있다.이런 현실적인 문제를 해결하고자, 무빙스탁이 ‘증권사 신용, 대환자금대출’ 서비스를 전격 출시했다.이 상품은 주식을 매도하지 않고도, 기존의 고금리의 주식대출(미수/신용융자 등)의 3%대의 혁신적인 저금리 증권사로 전환할 수 있도록 상환자금을 제공하는 것이 핵심이다.무빙스탁 관계자는 “현재 증권사 이벤트 금리는 연 3%대 수준으로, 기존 9~10%대 고금리를 적용받는 투자자라면 절감 효과가 상당하다”며, 금리를 5%만 낮추면 “1억원 신용대출 기준으로 연간 약 500만원, 3억원이라면 1,500만원까지도 절약할 수 있다”고 밝혔다.더 놀라운 점은, 현재는 이벤트 기간으로 대환자금대출 신청시 발생하는 이자 비용까지 ‘0원’이라는 사실이다. 대환자금에 대해서 하루의 대출이자도 부담하지 않고 기존 고금리 대출을 저금리로 전환할 수 있어, 고금리 부담에 시달리던 투자자들에게 큰 호응을 얻을 전망이다.이 서비스는 부동산 시장에서 흔히 이용되던 대환대출 개념을 증권시장에 도입한 혁신적인 시도로, 주식 투자자들의 자금 운용에 새로운 대안을 제시할 것으로 기대된다.무빙스탁 ‘증권사 신용, 대환자금대출’의 비용 무료 이벤트는 이벤트 기간 동안 한정적으로 제공되는 만큼, 신용융자를 이용 중인 투자자라면 지금 바로 확인해볼 필요가 있다.★ 장마감 시간이 가까워질수록 문의가 많아 상담이 지연될 수 있습니다.★ 7월 문의하신 고객들이 많이 보유하신 종목으로는 삼성전자, POSCO홀딩스, 셀트리온, 포스코퓨처엠, 에코프로비엠, NAVER, 에코프로, 삼성SDI, LG화학, SK하이닉스, 두산에너빌리티, 카카오, SK이노베이션, LG에너지솔루션, 엘앤에프, 삼천당제약, 현대차, 알테오젠, HPSP, LG전자 등이 있습니다.★ 안내사항과도한 빚은 당신에게 큰 불행을 안겨줄 수 있습니다. 대출 시 신용등급 하락으로 다른 금융거래가 제약받을 수 있습니다. 중개수수료를 요구하거나 받는 것은 불법입니다.상호명: ㈜단비대부 2021-서울영등포-2102(대부업) | TEL: 1544-4886 | 대출금리: 연 20%이내(연체금리는 약정금리+3%p이내, 최대 연 20%이내) | 단, 2021. 7. 7.부터 신규체결, 갱신, 연장되는 계약에 한함 | 채무의 조기상환 조건 및 부대비용 없음. (단, 신용조회비용 및 담보권설정비용 있음), 이자 외 별도로 중개수수료를 요구하거나 수취하는 것은 불법입니다. | 대표이사: 박동원 | 사업자등록번호: 274-86-00231 | 등록기관명칭: 서울 영등포구청(담당부서: 일자리경제과, 02-2670-3420) | 소재지 : 서울 영등포구 여의대방로67길 11, 5층 517호 | 개인정보관리자메일: help@danbifund.co.kr무료상담",https://www.hankyung.com/article/202507173380a,2025.07.17 10:28
사법리스크 끝났다…삼성그룹 ETF의 반격 [투자토크],,"영상 모듈 닫기




<앵커>이재용 삼성전자 회장의 사법 리스크 해소를 기점 삼아 삼성전자를 중심으로 삼성그룹주 ETF에 관심이 늘고 있습니다. 올해 압도적인 상승세를 보인 한화그룹주 ETF에 비하면 다소 저조했던 삼성그룹주 ETF가 반등의 기회를 맞았다는 분석이 나옵니다. 증권부 김원규 기자와 함께 알아보겠습니다. 김 기자, 먼저 올해 그룹주 ETF 전반적인 현황을 짚어주시죠.<기자>올해 그룹주 ETF 시장의 승자는 단연 한화그룹이었습니다. 대표 상품인 PLUS 한화그룹주 ETF는 연초 이후 무려 110%대의 상승률을 기록하며 1위를 차지했습니다. 이 ETF는 주가가 급등한 지주사를 비롯해 조선, 방산, 석유화학, 금융 계열사 등 11개 상장사를 담고 있습니다. 특히 구성 종목 중 한화시스템(123%), 한화에어로스페이스(122%), 한화솔루션(115%) 등 개별 종목들이 크게 오르면서 해당 ETF의 누적 수익률을 끌어올렸습니다. 뒤이어 ACE 삼성그룹동일가중(34%), TIGER 현대차그룹+펀더멘털(30%)이 30% 넘게, ACE 포스코그룹포커스(23%), TIGER LG그룹+펀더멘털(17%)이 20% 내외의 수익률을 기록했습니다.<앵커>한화그룹 주가 단연 선두인 가운데 2위의 약진이 두드러 집니다. 하지만 여전히 기대한 만큼의 성적은 아니군요.<기자>맞습니다. 같은 기간 코스피가 30% 넘게 오른 것과 비교하면 아쉬운 수치입니다. 하지만 증권업계에서는 그간 한화 관련 ETF가 오를 대로 오른 만큼 다음 그룹주 ETF 시장을 주도할 곳으로 삼성을 주목하고 있습니다. 우선 이재용 회장의 무죄 선고로 인한 사법 리스크 완화는 M&A 전략 재개에 대한 기대를 높이고 있습니다. 또 고대역폭 메모리(HBM) 납품 가능성이 제기되면서 삼성전자와 계열사들의 밸류에이션 재평가에 대한 기대감도 커지고 있습니다. 실제로 이달 상황은 확연히 다릅니다. 외국인 투자자들이 삼성전자 주식을 대거 순매수하고 있습니다. 이달 1일부터 18일까지 외국인은 삼성전자 주식을 1조 8,700억원어치 순매수하며 국내 주식 순매수 1위를 기록했습니다. 이로 인해 삼성전자 외국인 지분율은 50.08%로, 지난 4월말(25일) 이후 첫 50%를 넘었습니다. 이는 삼성전자 주가가 더 오를 여지가 충분하다는 해석이 가능합니다. 정리하면 삼성 그룹주 ETF에 삼성전자 비중이 대체로 크다는 점을 고려하면 추가 상승도 기대되는 대목입니다. <앵커>하지만 2분기 삼성전자의 실적은 어닝 쇼크 수준이었습니다. 전망도 녹록지 않은 걸로 알고 있는데, 이에 대해 증권가에선 어떻게 평가하고 있나요?<기자>2분기 저조한 실적과 관련해 시장에서는 삼성전자가 '실적 바닥'을 지나고 있다고 분석합니다. 최근 미국이 중국에 대한 AI GPU 수출 재개를 허가한 것이 삼성전자에게 기회가 될 수 있다는 전망도 나오고 있어서입니다. 미국 정부는 최근 엔비디아의 H20칩 중국 수출을 허가한 바 있습니다. H20은 엔비디아가 미국의 반도체 수출 규제를 우회하기 위해 사양을 낮춰 만든 AI 칩입니다. 삼성전자는 지난해부터 엔비디아 H20 제품에 4세대 HBM인 HBM3를 공급해왔습니다. 따라서 엔비디아의 H20 중국 수출이 재개되면 삼성전자의 HBM 매출도 그만큼 늘어날 수 있다는 진단입니다. 때문에 이달 중 삼성전자에 대한 투자의견을 낸 22개 증권사의 평균 목표주가는 7만 5,800원 선입니다. 현재 6만7천원 선인 걸 감안하면 앞으로 약 13% 추가 상승할 여력이 있다는 겁니다.<앵커>그럼  삼성그룹 ETF와 관련해 어떤 상품을 주목해야 할까요?<기자>삼성그룹 ETF 가운데서도 앞으로의 성장성을 감안한다면 삼성전자 비중을 많이 담고 있는 상품을 주목할 필요가 있습니다. 현재 전문가들은 KODEX 삼성그룹(26.09%), TIGER 삼성그룹펀더멘털(25.7%), 한국투자 ACE 삼성그룹SW(24.1%) 등에 관심을 가질 필요가 있다고 말합니다. 이들 상품이 삼성전자를 담고 있는 비중이 약 25%입니다. ACE 삼성그룹동일가중도 대표 삼성 그룹 상품으로 분류되지만, 삼성전자 비중이 6%대에 불과합니다. 우선 TIGER 삼성그룹펀더멘털은 삼성그룹의 핵심 계열사들 중 실적이 견조한 기업들을 담고, 올해 33%의 수익률을 보였습니다. 또 다른 상품인 KODEX 삼성그룹은 시총 1조 원 이상인 삼성전자(약 24.9%), 삼성바이오로직스(약 16.5%) 등을 중심으로 구성, 수익률은 28%입니다. 이 밖에 한국투자 ACE 삼성그룹SW는 상장사 중 시총과 유동성이 높은 종목을 중심으로 편입돼 있고, 27%대의 수익률을 기록하고 있습니다. 이재용 회장의 사법 리스크 해소와 함께 삼성전자 실적 바닥론에 힘입어 삼성그룹 ETF가 하반기 또 다른 투자 대안으로 떠오르고 있습니다.<앵커>잘 들었습니다. 증권부 김원규 기자였습니다.김원규기자 wkkim@wowtv.co.kr",https://www.hankyung.com/article/2025072127275,2025.07.21 17:58
"삼성전자서비스, 기술명장…CS컨설턴트 등 서비스 품질 역량 강화","한국산업의 서비스품질지수(KSQI)

가전 AS 및 모바일&IT기기 AS 부문 1위

AI 구독고객 '사전 케어 알림' 제공
권역별 서비스센터에서 기술 코칭
출장서비스 신청 고객 실시간 관리","삼성전자서비스가 한국능률협회컨설팅이 주관한 ‘2025 한국산업의 서비스품질지수(KSQI) 고객접점 조사’ 가전 AS 및 모바일&IT기기 AS 부문에서 1위로 선정됐다.부문별 조사가 도입된 이후 가전 AS와 모바일&IT기기 AS에서 각각 15년, 14년 연속 1위에 오르며 서비스업계의 선두 주자임을 입증했다.




김영호 대표

                삼성전자서비스는 인공지능(AI)을 접목한 혁신적인 서비스로 차별화한 고객 경험을 제공하기 위해 노력하고 있다.삼성만의 차별화된 기술인 스마트싱스(SmartThings)의 AI로 고객이 자가진단을 할 수 있도록 지원하고 있다. ‘인공지능 진단’ 기능을 통해 에어컨의 냉매 봉입량, 모터의 동작 상태, 열교환기 온도 등을 종합 진단한 결과를 확인할 수 있어 제품의 상태를 면밀히 점검할 수 있다.AI 구독클럽 가입 고객에게는 고객이 문제를 인식하기 전 스마트싱스 앱과 연동된 AI가 제품의 이상 징후를 감지하면 상담사가 미리 안내해주는 ‘AI 사전 케어 알림 서비스’를 제공하고 있다. AI 구독클럽의 방문케어 서비스를 구매한 고객에게는 구독 기간 동안 제품을 최적의 상태로 사용할 수 있도록 위생 관리, 성능 진단 등 차별화된 케어 서비스도 제공한다.삼성전자서비스는 서비스 품질과 직결되는 엔지니어의 기술력을 강화하기 위해 노력하고 있다.





                엔지니어의 기술 전문성을 검증하기 위한 제품별 기술자격제도를 통해 실무 기술력을 객관적으로 측정하고 있으며, 최고의 기술 인력을 선발하는 기술명장(TM·Technical Master) 제도를 운영 중이다. 기술명장은 9개 제품군을 완벽하게 수리할 수 있는 능력을 갖추고 각 제품군에서 최고등급 자격을 취득한 엔지니어에게 부여된다. 현재 기술명장에 선정된 엔지니어는 전국 5500여 명 중 단 25명(0.5%)으로 ‘최고의 기술력’을 가진 엔지니어로 평가받는다.서비스 엔지니어들이 서로의 전문성을 겨루는 기술 경연의 장인 ‘서비스 기술경진대회’를 개최하고 있다. 1986년 업계 최초로 시행한 서비스 기술경진대회는 우수한 수리 역량을 갖춘 인재를 육성하고 수리 현장의 능률을 높일 수 있는 기술이나 장비를 발굴하는 대회다. 신속·정확한 수리 기술력을 갖춘 엔지니어를 양성하고 수리 현장의 효율성을 제고하는 데 기여한다는 평가를 받는다.삼성전자서비스는 고객 접점에 있는 서비스 엔지니어의 CS 역량을 강화하는 데도 힘쓰고 있다.전국 권역별로 담당하는 서비스센터를 순회하며 전국 엔지니어들에게 CS 코칭을 전수하는 전문가로 구성된 CS 컨설턴트를 선발해 운영하고 있다. CS 컨설턴트는 엔지니어가 고객의 눈높이에 맞춰 응대할 수 있도록 맞춤형 컨설팅을 제공하고 고객 응대 역량 향상을 위한 CS 진단 교육 등을 수행한다.고객이 직접 평가하는 고객 만족도 조사에서 연간 누적으로 가장 높은 점수를 받은 최상위 엔지니어를 선발하는 ‘CS 달인’ 제도도 운영하고 있다. CS 달인으로 선정된 엔지니어는 CS 멘토링 프로그램을 통해 자신의 노하우를 전수하며 서비스 품질 향상에 많은 귀감이 되고 있다.삼성전자서비스는 서비스 이용 고객의 편의성을 높여 효율적인 서비스를 제공하기 위해 노력하고 있다.출장서비스를 접수한 고객에게 신속한 서비스를 제공하기 위해 ‘실시간 상황 관리 시스템’을 운영하고 있다. 전국을 1000개 이상의 구획으로 세분화한 뒤 엔지니어의 기술 역량과 예상 수리 시간까지 계산해 고객의 요청에 부합하는 최적의 서비스 엔지니어를 배정한다. 또한 ‘고객과의 약속 조정’ 시스템을 도입해 고객 불편을 빠르게 해소하고 있다. 출장서비스 예약 취소 등이 발생하면 대기하고 있는 고객의 일정을 자동 조율해 서비스 제공 속도를 높이는 서비스다.이와 함께 가전제품 출장서비스를 위해 방문한 엔지니어가 접수된 제품 외에도 사용 중인 에어컨, 냉장고, 세탁기 등 삼성전자 제품을 함께 점검해주는 ‘플러스점검’ 서비스를 제공한다. 스마트싱스 앱을 이용해 AI로 제품에 대한 이상 여부를 확인할 수 있도록 스마트싱스 연결 지원 서비스도 한다.특정 시간대 예약 서비스를 희망하는 갤럭시 이용 고객을 위해 서비스 예약제를 평일까지 확대해 운영 중이다. 평일에도 서비스 예약제를 이용할 수 있게 해 고객에게 선택권을 넓혀주기 위해서다. 서비스 예약제는 전국 권역별로 운영 중인 주말케어센터에서 이용 가능하며 삼성전자서비스 홈페이지와 컨택센터를 통해 원하는 요일과 시간을 예약할 수 있다.김지원 기자",https://www.hankyung.com/article/2025072361521,2025.07.24 09:00
"'드디어 빨간불' 삼성전자, 7만원 넘길 수 있을까 [선한결의 이기업 왜이래]","삼성전자 연중 최고가…4일째 상승 행진
26만 개미투자자 '드디어 평균 수익 전환'
증권가 “실적 저점 통과 중”","사진=뉴스1

                삼성전자 주가가 외국인 매수세에 힘입어 연중 최고치를 연일 새로 쓰고 있다. 주가가 오르면서 개인투자자 상당수 수익률도 ‘플러스’로 돌아섰다. 증권가 안팎에선 삼성전자가 작년 9월 이후 10개월만에 ‘7만전자’가 될 수 있을지 주목하는 분위기다.   26만 개인투자자 '드디어 수익권'18일 삼성전자는 0.6% 오른 6만7100원에 장을 마감했다. 이날까지 4거래일 연속 상승해 연중 최고가를 새로 썼다. 이날 삼성전자 종가는 네이버페이 ‘내 자산’ 서비스와 증권 계좌를 연동한 삼성전자 투자자 26만6186명의 평균 매수 단가 6만7054원을 0.07% 웃돈다. 올들어 처음으로 이 종목에 투자한 개인투자자들의 평균 수익 여부가 ‘빨간불’로 돌아선 셈이다.삼성전자는 올초부터 지난달 말까지 11.99% 상승했다. 같은 기간 코스피지수는 28.04% 오른 것에 비하면 시총 1위 호칭이 무색한 상승세다. 이 기간 SK하이닉스가 70.56% 뛴 것을 고려하면 더욱 상대적으로 부진한 상승세를 보였다. 하지만 이달 들어선 상황이 바뀌었다. 외국인 투자자가 삼성전자 주식을 대거 사들이면서 주가가 본격적으로 반등했다. 외국인은 이달 1일부터 18일까지 삼성전자 주식을 1조8767억8349만원어치 순매수했다. 이 기간 외국인 국내 주식 순매수 1위다. 이날 삼성전자 외국인 지분율은 50.08%로, 지난 4월 25일 이후 처음으로 50%를 넘었다.이같은 외인 매수세에 삼성전자 주가는 이달 1~18일 11.46% 상승했다. 같은 기간 코스피지수 상승률(3.19%)을 크게 앞질렀다. 증권가 ""7만전자 간다…8만도 가능""증권가는 삼성전자의 주가가 더 오를 여력이 있다고 보는 분위기다. 이달 중 삼성전자에 대한 투자의견을 낸 22개 증권사의 평균 목표주가는 7만5860원이다.지난 8일 삼성전자의 잠정 실적 발표 이후 현대차증권·다올투자증권·DS투자증권이 각각 제시한 7만1000원이 이달 들어 가장 낮은 목표가다. 반면 같은 기간 KB증권은 8만2000원, LS증권은 8만3000원을 제시했다.삼성전자는 시장 전망치를 크게 밑도는 올 2분기 잠정 실적을 발표했다. 연결 기준으로 영업이익은 지난해 같은 기간에 비해 55.94% 감소한 4조6000억원을 냈다. 삼성전자 분기 영업이익이 5조원 아래로 내려간 것은 2023년 4분기 이후 6개분기만이다. 매출은 74조원으로 전년동기 대비 0.09%, 전 분기 대비 6.49% 줄었다.시장에선 삼성전자가 ‘실적 바닥’을 통과하고 있다는 분석이 나온다. 김운호 IBK투자증권 연구원은 “2분기를 저점으로 실적이 개선될 것”이라며 “고대역폭메모리(HBM) 상황도 지금보다 악화되진 않을 것”이라고 말했다.일각에선 최근 미국이 중국에 대한 AI GPU 수출 재개를 허가한 게 삼성전자에 기회가 될 수 있다는 전망도 나온다. 미국 정부는 최근 엔비디아의 H20칩 중국 수출을 허가했다. H20은 엔비디아가 미국의 반도체 수출 규제를 우회하기 위해 사양을 낮춰 만든 AI 칩이다. 삼성전자는 지난해부터 엔비디아 H20 제품에 4세대 HBM인 HBM3을 공급해왔다. 엔비디아의 H20 중국 수출이 재개되면 삼성전자의 HBM 매출도 그만큼 늘어날 수 있다. 차용호 LS증권 연구원은 “H20 판매와 H20 울트라 출시가 재개된다면 삼성전자에 기회가 될 것”이라고 말했다.  ""2분기가 실적 저점…주가 여전히 저평가""증권가에선 연내 삼성전자 주가 향배 관건으로 HBM의 엔비디아 공급망 진입, 파운드리 사업 적자 축소 등을 꼽고 있다. HBM3E 12단 개선제품의 엔비디아 퀄 테스트 통과와 HBM4(6세대) 제품의 양산, 파운드리 수익성 개선 등이 실적 돌파구가 될 수 있다는 전망이다.김영건 미래에셋증권 연구원은 “최근 글로벌 가속기 산업의 구매 주체들은 엔비디아·TSMC·SK하이닉스로 이어지는 단일 공급망 체제에 의존하고 있다”며 “이에 대한 유일한 대안은 삼성전자의 경쟁력 회복”이라고 분석했다. 류형근 대신증권 연구원은 “삼성전자는 여전히 ‘좋은 주식’이 될 수 있다고 본다”며 “범용반도체 경쟁력 강화, 파운드리 적자 축소 등 사업 경쟁력 회복 조짐이 일부 보이고 있고, 비영업 부문에서의 효율화 노력, 추가 주주환원 기대감 등을 고려하면 주가가 여전히 저평가 상태”라고 분석했다. 노근창 현대차증권 리서치센터장은 “현재 삼성전자 주가는 기간 조정이 마무리되는 구간”이라며 “올 2분기가 실적 저점으로 예상되는 만큼, 저점 매수가 유효한 전략”이라고 진단했다.선한결 기자 always@hankyung.com",https://www.hankyung.com/article/202507187944i,2025.07.20 16:14
이자 폭탄 막자! 증권사 신용대출 3%대 전환으로 절약하는 법,,"전송종목 : 유라테크, SM C&C, 시너지이노베이션, 대원미디어, 인탑스최근 주식 투자자들 사이에서 주식대출(미수/신용융자 등)의 고금리에 대한 부담이 커지고 있다.특히 저금리를 적용 받고 싶어도, 기존 대출을 상환하고 다시 주식을 매수해야 하는 번거로운 절차와 자금 조달의 어려움이 발목을 잡고 있다.이런 현실적인 문제를 해결하고자, 무빙스탁이 ‘증권사 신용, 대환자금대출’ 서비스를 전격 출시했다.이 상품은 주식을 매도하지 않고도, 기존의 고금리의 주식대출(미수/신용융자 등)의 3%대의 혁신적인 저금리 증권사로 전환할 수 있도록 상환자금을 제공하는 것이 핵심이다.무빙스탁 관계자는 “현재 증권사 이벤트 금리는 연 3%대 수준으로, 기존 9~10%대 고금리를 적용받는 투자자라면 절감 효과가 상당하다”며, 금리를 5%만 낮추면 “1억원 신용대출 기준으로 연간 약 500만원, 3억원이라면 1,500만원까지도 절약할 수 있다”고 밝혔다.더 놀라운 점은, 현재는 이벤트 기간으로 대환자금대출 신청시 발생하는 이자 비용까지 ‘0원’이라는 사실이다. 대환자금에 대해서 하루의 대출이자도 부담하지 않고 기존 고금리 대출을 저금리로 전환할 수 있어, 고금리 부담에 시달리던 투자자들에게 큰 호응을 얻을 전망이다.이 서비스는 부동산 시장에서 흔히 이용되던 대환대출 개념을 증권시장에 도입한 혁신적인 시도로, 주식 투자자들의 자금 운용에 새로운 대안을 제시할 것으로 기대된다.무빙스탁 ‘증권사 신용, 대환자금대출’의 비용 무료 이벤트는 이벤트 기간 동안 한정적으로 제공되는 만큼, 신용융자를 이용 중인 투자자라면 지금 바로 확인해볼 필요가 있다.★ 장마감 시간이 가까워질수록 문의가 많아 상담이 지연될 수 있습니다.★ 7월 문의하신 고객들이 많이 보유하신 종목으로는 삼성전자, POSCO홀딩스, 셀트리온, 포스코퓨처엠, 에코프로비엠, NAVER, 에코프로, 삼성SDI, LG화학, SK하이닉스, 두산에너빌리티, 카카오, SK이노베이션, LG에너지솔루션, 엘앤에프, 삼천당제약, 현대차, 알테오젠, HPSP, LG전자 등이 있습니다.★ 안내사항과도한 빚은 당신에게 큰 불행을 안겨줄 수 있습니다. 대출 시 신용등급 하락으로 다른 금융거래가 제약받을 수 있습니다. 중개수수료를 요구하거나 받는 것은 불법입니다.상호명: ㈜단비대부 2021-서울영등포-2102(대부업) | TEL: 1544-4886 | 대출금리: 연 20%이내(연체금리는 약정금리+3%p이내, 최대 연 20%이내) | 단, 2021. 7. 7.부터 신규체결, 갱신, 연장되는 계약에 한함 | 채무의 조기상환 조건 및 부대비용 없음. (단, 신용조회비용 및 담보권설정비용 있음), 이자 외 별도로 중개수수료를 요구하거나 수취하는 것은 불법입니다. | 대표이사: 박동원 | 사업자등록번호: 274-86-00231 | 등록기관명칭: 서울 영등포구청(담당부서: 일자리경제과, 02-2670-3420) | 소재지 : 서울 영등포구 여의대방로67길 11, 5층 517호 | 개인정보관리자메일: help@danbifund.co.kr무료상담",https://www.hankyung.com/article/202507145609a,2025.07.14 10:28
코스피 보합권…현대차·기아는 동반 6%대 강세,코스닥 삼천당제약 상한가,"사진=연합뉴스

                코스피지수가 약보합세다.한국거래소에 따르면 23일 오전 11시31분 기준 코스피지수는 전날 대비 7.48포인트(0.24%) 내린 3162.4을 기록 중이다.지수는 이날 19.71포인트(0.62%) 오른 3189.65에 개장했다. 직후 3199.86까지 오르는 등 3200선 회복을 타진했지만 이내 약세 전환했다.기관과 외국인이 각각 3249억원, 288억원 매수 우위다. 개인만 3763억원 매도 우위다.유가증권시장에서 대장주인 삼성전자와 SK하이닉스는 약보합세다. LG에너지솔루션과 삼성바이오로직스는 약 1% 오름세다.현대차와 기아가 모두 6%대 강세다. 도널드 트럼프 미국 대통령이 일본과의 무역 협상을 마쳤다고 밝힌 영향으로 풀이된다. 한·미 무역협상 타결에 대한 기대감도 덩달아 커진 것이다.지수는 4.37포인트(0.54%) 내린 808.6에 거래되고 있다. 지수는 2.91포인트(0.36%) 오른 815.88에 개장했지만 이내 방향을 틀었다.외국인과 기관이 각각 754억원, 866억원 매도 우위다. 개인만 1718억원 매수 우위다,코스닥시장에서 알테오젠과 에코프로비엠이 강보합세다. 펩트론은 3%대 내리고 있다. 펩트론과 리노공업은 각각 약 3%, 6% 하락 중이다.삼천당제약은 상한가를 기록했다. 개발 중인 경구용 GLP-1 제네릭이 오리지널 약물인 노보 노디스크의 '리벨서스'와 생물학적 동등성 시험을 성공적으로 마쳤단 소식이 매수세를 집중시킨 것으로 풀이된다.신민경 한경닷컴 기자 radio@hankyung.com대",https://www.hankyung.com/article/2025072365606,2025.07.23 11:39
"美, 저가 AI칩 '中빗장' 해제…삼성, HBM 공급재개 기대 [영상]","엔비디아 ""美정부, H20 수출 허가""…K반도체 호재

젠슨 황, 트럼프 설득 통했나","영상 모듈 닫기




“미국의 반도체 수출 통제는 실패했다” “수출 제한 때문에 미국이 주도권을 잃을 수 있다” “미국 세수(稅收)에도 부정적 영향을 준다”….젠슨 황 엔비디아 최고경영자(CEO)가 올 들어 미국 반도체 수출 규제에 대해 뱉은 비판 발언이다. 정부 눈치를 볼 수밖에 없는 기업인이 도널드 트럼프 정부의 핵심 정책을 놓고 작심 발언을 쏟아낸 데는 이유가 있다. 미국의 수출 규제가 중국의 반도체 자립을 부추길 것으로 확신했기 때문이다. 젠슨 황 CEO의 우려는 곧 현실이 됐다. 중국 인공지능(AI) 반도체의 자존심인 화웨이가 자체 AI 가속기를 개발한 것. 그러자 미국 정부는 중국의 반도체 굴기를 잠재우기 위해 엔비디아의 저사양 AI 가속기인 H20의 수출을 전격 허용하기로 했다.
                    






이미지 크게보기



 ◇ 中 수출 규제 역효과업계에서는 미국 정부가 15일 H20의 중국 판매를 허용한 것은 “수출 규제가 역효과를 내고 있다”는 젠슨 황 CEO의 주장을 수용한 결과로 받아들인다. 월스트리트저널(WSJ)에 따르면 젠슨 황 CEO는 지난 10일 트럼프 대통령을 만난 자리에서도 “미국 기업들이 AI 분야를 지배하려면 엔비디아가 세계 대부분의 지역에 기술을 자유롭게 판매할 수 있도록 허용해야 한다”고 말했다. 중국의 AI 생태계를 엔비디아의 손바닥 위에 올려놓고 통제하는 게 미국 국익에 도움이 된다는 얘기였다.결정적인 영향을 미친 것은 화웨이였다. 이 회사는 올초 엔비디아의 보급형 AI 가속기 성능에 버금가는 어센드 910C를 독자적으로 개발해 알리바바 같은 중국 빅테크에 납품하고 있다. 동남아시아, 아프리카 등으로 시장을 넓힐 것이란 현지 보도도 나왔다.반도체업계 관계자는 “미국의 규제가 중국의 AI 반도체 생태계를 단단하게 하고 있다”며 “1~2년 내 중국에 따라잡힐 수도 있다는 우려가 미국 정책에 영향을 준 것”이라고 설명했다. ◇ 엔비디아·삼성전자 이익미국의 H20 수출 허용에 대해 반도체업계에선 “젠슨 황의 승리”라고 평가한다. 엔비디아는 지난 4월 H20 수출이 막힌 이후 55억달러 규모 H20 재고를 전액 손실처리했다. 한 달 뒤 대만에서 열린 기자간담회에서 젠슨 황 CEO는 “500억달러 규모 중국 AI 반도체 시장에 대한 접근이 완전히 차단됐다”며 아쉬움을 토로했다.엔비디아에 따르면 H20의 중국 판매 실적은 분기당 80억달러(약 11조원) 수준이다. 해외 투자은행(IB)들은 이번 수출 규제 완화로 현재 4.3달러인 엔비디아의 2026회계연도(2025년 2월~2026년 1월) 주당순이익 전망치가 15% 이상 증가할 것이란 분석을 내놓고 있다.삼성전자도 반사이익을 얻을 것으로 전망된다. 삼성전자는 4월 H20 수출 규제 전까지 엔비디아에 H20용 4세대 고대역폭메모리(HBM3)를 공급한 것으로 알려졌다. HBM 가격이 AI 가속기 판매가격의 5% 안팎인 것을 감안할 때 단순 계산으로 삼성전자의 분기 매출이 5000억원 이상 늘 것이란 관측도 있다. ◇ 수출 규제 추가 완화 가능성반도체업계에서는 미국 정부가 H20을 시작으로 중국에 대한 반도체 수출 규제를 완화할 것이란 관측을 내놓고 있다. WSJ는 “전환점을 의미한다”고 진단했다.중국 수출 규제가 완화되면 삼성전자, SK하이닉스의 중국 사업에도 숨통이 트일 것으로 전망된다. 삼성전자는 올 2분기에 약 1조5000억원 규모 재고충당금을 쌓은 것으로 알려졌다. 상당수는 중국 고객으로부터 수주받아 파운드리 사업부가 생산해 놓은 AI칩과 저가 HBM, D램·낸드플래시 등인 것으로 전해졌다. SK하이닉스도 중국 우시 D램 공장의 공정 업그레이드가 한결 수월해질 전망이다.신중론도 나온다. 국내 반도체 기업 관계자는 “미국 기업인 엔비디아의 사정을 봐준 일회성 조치일 수도 있다”며 “중국 반도체 수출 규제 완화가 확대될지 예단할 수 있는 상황이 아니다”고 말했다.황정수/박의명 기자 hjs@hankyung.com",https://www.hankyung.com/article/2025071502711,2025.07.15 18:05
,,,https://magazine.hankyung.com/business/article/202507198921b,
"""대주주 양도세 대상 확대시 코스닥 투자 영향""",,"영상 모듈 닫기




<앵커>이번 주 투자전략 한번 세어봐야겠죠. 마이트리 투자자문 배윤정 대표와 함께합니다.이번 주 미국 관세 위협 속에서도 외국인들이 계속 들어옵니다. 이게 무슨 일일까요?<배윤정 마이트리투자자문 대표>네. 일단 외국인들은 특성을 보면 아시아 포트폴리오 내에서 포트폴리오 조정을 하거든요.그런데 23년도, 24년도로 보면 사실 상대적으로 인도랑 일본이 주목을 많이 받았어요.그래서 비슷한 밸류에이션임에도 불구하고 한국은 관심을 못 빠졌었는데 이제 와서는 인도와 일본이 부담스러워졌습니다. 계속 고평가 논란이 있는 상태고요.이미 PER이랑 PBR이 20배 이상 된다라는 평가들을 받고 있기 때문에 여기서 지금 한국은 제도적으로 정책적으로 긍정적인 호재가 있다 보니까 한국에 대한 포트폴리오 재조정이 일어나기 시작한 것 같습니다.<앵커>사실 투자자분들이 일부 재조정을 받고 나서, 조정 받고 나서 다시 반등할 것이다 이렇게 생각을 했는데 조정이 오지를 않고 있거든요.<배윤정 마이트리투자자문 대표>네, 그렇습니다. 이 얘기는 지금 계속 상승에 대한 기대감이 있는 거고 추가적으로 더 들어오는 거에 대한 기대감을 계속 보여주는 것 같아요.그래서 계속 하방 방어력을 높여가고 있는 것 같습니다.<앵커>미국 증시가 장기 조정 국면에 초입에 진입해 있고 그게 우리 신흥국들, 특히 한국의 글로벌 자금 이동을 만들어낼 것 같다 이렇게 보는 관점도 있던데 이 부분에 혹시 동의하시나요?<배윤정 마이트리투자자문 대표>그럴 수 있죠. 지금 어쨌든 미국에서의 이탈, 자금 이탈이 조금 기대가 되고 있는 상황이다 보니까 거기서 그러면 아까 말씀드린 것처럼 그러면 미국이 아니면 그 다음에 이머징, 이머징 중에서는 어디라고 봤을 때 한국이 지금 유리한 시점에 있는 것 같습니다.<앵커>우리 삼성전자가 특히 좀 달라졌습니다. 단순히 이제 지금의 삼성전자 연중 최고점을 계속 경신하는 건 단순히 우리 지수에만 투자를 한다고만 보기에는 좀 어려운 부분도 있는 것 같거든요. 이 부분은 어떻게 보세요?<배윤정 마이트리투자자문 대표>네, 드디어 이제 좀 삼성전자의 리더십에 대해서 모든 사법 리스크가 해소가 되고 이제부터는 기대감을 좀 가져가는 것 같아요. 지금까지 삼성전자의 발목을 잡았던 것은 반도체 업황이라든지 여러 가지 이슈가 있었습니다만 그럼에도 불구하고 AI에서 리더십을 못 잡았던 것에 대한 불안감이 제일 컸어요.그런데 이제 사법 리스크가 해소가 되면서 어떤 AI에 대한 그런 기대감도 다시 좀 살려가고 있는 것 같아요.그래서 반도체에 대한 경쟁력이 회복이 될 것이다. 그리고 실제적으로도 지금 HBM4에 대해서 업황은 HBM의 수요가 줄어들 수도 있다 이런 우려감이 있으나 그거를 떠나서 지금까지 AI의 수요를 하나도 못 받았다고 볼 수 있는 삼성전자 입장에서는 HBM의 어떤 가시적인 성과를 낼 수 있다는 기대감은 좀 작용을 할 것 같습니다.<앵커>엔비디아 진입을 했다는 것을 아무도 몰랐는데 이번에 중국향 매출이 꺾인 걸 2분기에 보면서 삼성전자가 HBM을 납품하고 있었구나.이걸 미루어 짐작을 했던 것이고요. 삼성전자 주말 사이에 공시 보니까 평택 4공장 2조 원이 넘는 규모의 마감공사를 공시를 했더라고요.원래 거기 파운드리 설비지으려던 곳인데 HBM 공장을 짓는 것이 아닌가. 그렇게 전환을 한 게 아닌가 이렇게 추정을 해봅니다.이 부분은 정확히는 알 수 없습니다. 일단 HBM 쪽으로 뭔가 더 가시화되고 있다고 보시는 거죠.<배윤정 마이트리투자자문 대표>네, 그래서 그런 가시함도 있고 실질적으로 그동안 사실 1분기에도 분기매출 최대 실적을 냈거든요. 그런데 그런 게 주가에 반영이 하나도 안 됐어요.그런데 HBM에 대한 기대감이 해소가 되면서 그 부분도 저희가 다시 주목을 해볼 만한 것 같습니다. 그래서 지금 DX 사업에서도 다시 3분기가 되면 실적이 시크리컬하게 효과를 볼 것이다. 이런 기대감이랑 그리고 이번에 나온 Z 폴더 7도 시장의 반응이 좋기 때문에 다방면에서 삼성전자의 갑자기 경쟁력에 대한 부상이 재평가를 받기 시작하면서 주가가 좀 계속 견고하게 추가 상승할 수 있을 거라고 보고 있습니다.<앵커>앞서서 저희가 수출 데이터를 좀 살펴봤는데 수출 데이터에서도 반도체 부분이 사실 오늘 저는 살짝 좀 고민되는 지점이 전월비 대만향 MCP 수출 이게 마이너스 36%가 나왔습니다. 대만향 MCP가 HBM 쪽이거든요. HBM 수출이 잠시 소강상태가 온 건지 HBM4를 앞두고 오는 현상인가요?이거 어떻게 봐야 되나요?<배윤정 마이트리투자자문 대표>일단은 지금 기존에 TSMC발로 가는 것들이 1분기에 관세 영향을 미리 염려를 해서 작년 말 연초에 이미 많이 좀 수요를 더 많이 일으켰거든요. 필요로 한 것보다.그래서 아마 선제적인 수요가 지금 현재 갑자기 소강상태처럼 보여질 수 있을 거라고 생각이 되는데.<앵커>미리 사재기가 있었을 거라고 볼 수 있겠군요.<배윤정 마이트리투자자문 대표>네, 그런 영향이라고 보여집니다.<앵커>그리고 정부 여당의 증시 부양의 의지가 계속 처음과 같지는 않은 거 아니냐. 이런 우려들이 이번 주 들어서 특히 더 제기가 되고 있습니다.일단 자사주 소각 의무화 하겠다고 1년 유예하고 하겠다 했더니 지난주에는 갑자기 3년 유예를 하겠다 이런 법안이 또 나오는가 하면 대주주 양도세 부과 기준을 50억 원에서 10억 원으로 낮추겠다 증권거래세는 다시 인상을 하겠다 감액배당 그동안 배당소득세 안 내도 되는 감액배당을 없애겠다뭐 이런 방안도 나오는 것 같고요. 왜 이렇다고 보세요 갑자기?<배윤정 마이트리투자자문 대표>일단 이렇게 좀 기조가 변화가 있는 거는 저희가 일단 뭔가 기업과 그리고 저희가 처음에 우려했던 바는 또 시장에 너무 강력한 그런 제약을 주거나 기업을 너무 제한하는 쪽으로 방향을 가면 또 저희 산업 자체 문제가 있을 수 있다는 우려도 있잖아요. 그래서 뭔가 지금 정부가 기업과의 성장성과 증시 부양과 그리고 반면에 또 분배 이런 정책 골고루 고려하면서 좀 스탠스가 저희가 보기에는 바뀌었다고 할 수 있지만 또 합리적인 조정이라고도 볼 수 있을 것 같아요.예를 들어서 자사주 의무 소각을 유예를 해주는 대신에 제가 보기에는 어떤 법인세는 또 1% 정도는 상승을 하겠다. 이런 식으로 좀 기브앤테이크를 하면서 가는 정책성으로 받아들이는 게 낫지 않을까 그렇게 생각을 합니다.<앵커>시장이나 사회에서 수용 가능한 수준으로 지금 조율 중이다 저항을 좀 줄여가면서 그렇게도 생각을 해볼 수 있을 것 같은데 이 정도로 나와도 초반에 상법 개정안에 대한 기대감을 갖고 들어왔던 투자자들이 실망하고 떠나거나 이러지는 않겠죠? 괜찮겠죠?<배윤정 마이트리투자자문 대표>사실 그거는 약간 외국인들은 뭔가 지금 국내 투자자들도 마찬가지인데 저희가 정책 기대감으로 들어왔기 때문에 뭔가 자사주 그리고 그 부분이 되게 컸어요. 자사주 소각을 통해서 코스피 오천을 만들, 발판을 만들려고 했는데 이거를 3년 유예를 하는 것이 유예로 정말 비춰져야지 이게 또 유예하다 흐지부지 되면 또다시 외국인들은 한국은 또다시 지배구조에 대해서 이렇게 개선을 하지 않라는 신방감을 절대 주면 안 되기 때문에 다른 방식에서의 다른 정책들은 계속 우리가 지배구조를 개선하고 주주 환원 정책에 간다는 건 계속 보여줘야 할 것 같습니다.<앵커>뭔가 계속해서 의지를 정부가 내비쳐주기를 기대를 해보고요.<배윤정 마이트리투자자문 대표>그리고 한 가지 아까 앵커님 말씀해 주신 것 중에 대주주 양도소득세 부분은 개인 투자자들이 고려를 많이 해보셔야 될 부분인 것 같아요<앵커>어떤 측면에서요?<배윤정 마이트리투자자문 대표>대주주가 50억에서 10억으로 낮추는 건 개인 투자자들의 영향을 굉장히 많이 받을 거거든요. 그러면 개인 투자자들이 지금 또 많이 비중을 차지하는 게 코스닥 시장이에요. 그런데 저희가 안 그래도 코스닥이 코스피에 대비해서 주가가 부진한 데 더해 대주주 기준이 10억으로 낮춰지면 코스닥 시장에 영향을 받을 수가 있어서 현재 코스닥 포트폴리오 좀 많이 가지고 계시고 또 지분을 너무 많이 가지고 계신 개인 투자자분들은 이 부분에 좀 귀추를 주목을 하셔야 될 것 같아요. 어떤 동향이 흘러가는지.<앵커>그 부분 좀 주목을 해보겠습니다. 이번 주 주요 기업들 실적 발표도 좀 기다리고 있고요. 한 주간 투자 전략을 어떻게 생각해보면 좋을까요?<배윤정 마이트리투자자문 대표>맞습니다. 어쨌든 오늘 주가의 흐름이 가장 좋았던 애들을 보면 결국에는 실적이 좋게 나왔던 컨센서스가 좋았을지라도 실적이 좋게 나왔던 애들이 큰 폭으로 움직여줬어요. 이거는 또 특히 외국인 유입들의 성향이 그렇습니다. 컨센서스 대표에서 부합을 한다면 주가가 크게 오르는 경향이 있기 때문에이번 주에도 기업 실적이 좋게 기대되는 기업들 중에서 실질적으로 좋게 나오면 주가가 많이 올라갈 거라고 보고요.그런데 다만 이번 주부터는 8월 1일을 앞두고 관세에 대한 영향도 적지는 않을 것 같습니다. 그래서 그동안 관세는 좀 피해가면서 실적이 좋을 만한 애들을 보시면 좋을 것 같고 그중에서도 실적이 좋은데 그동안 주목을 못 받았던 애들이 있어요. 예를 들어서 디스플레이, 전기차, 2차전지, 바이오 이런 쪽들은 그동안 상반기에 전혀 주목을 못 받았었습니다. 그런데 계속 얘기가 나오는 게 실적에 대한 턴어라운드 얘기가 나오고 있습니다. 그래서 이번 주들은 그 섹터 위주로 보시는 것이 유의미하지 않을까 싶습니다.<앵커>대표님이 처음 나오셨을 때부터 강조하셨던 2차 전지 섹터가 지금 막 올라가고 있지 않습니까?너무 신기해요. 그런데 이게 리튬 판가가 갑자기 지금 상승하고 있거든요.탄산 리튬 오늘도 지금 올랐다고 소식이 나오는데 이 부분은 계속 갈 수 있는 추세라고 보시는 거예요?<배윤정 마이트리투자자문 대표>2차 전지에 대해서요? 일단 국내 한정을 해서 주가 위주로 보면요. 지금 저희가 아까 말씀드렸지만 3분기에는 또 수출에 대한 영향을 저희가 관세 때문에 영향 안 받을 수가 없습니다. 그런데 2차 전지주나 전기차 섹터들은 대미 중심의 수출이 보다는 유럽에 대한 수출 비중이 더 높아요. 그리고 앞으로도 계속 유럽 중심으로 더 시장이 커질 거고요. 그래서 그런 관점에서 보더라도 전기차 섹터는 실적에 대한 개선을 계속 이어나갈 거라고 보고 있고요.리튬 가격이 올랐다는 것 자체도 실적의 수급이 좀 올라가고 있다는 거에 대한 방증이라고 생각을 합니다. 그래서 계속 관심 가져보시기에 적합하다고 생각합니다.<앵커>지금 그 외에도 철강도 그렇고 앞서 보니까 석유화학도 구조조정을 중국에서 한다는 것 같아요. 산업을. 거기에 맞춰서 관련 섹터를 투자하는 게 적당하다고 보십니까? 철강 쪽 포스코 이런 곳 투자하는 것을.<배윤정 마이트리투자자문 대표>네. 지금 철강에 대해서는 약간 기업의 선별적으로 보셔야 될 것 같아요. 왜냐하면 지금 철강 중에 미국에 대해서는 높은 관세가 예상이 되고 있고 하지만 포스코는 철강뿐만 아니라 포트폴리오가 다 변화되어 있는 것들은 지금 다시 보실 만한 것 같아요. 포스코는 지금 2차전지에도 속하고 철강에도 속하고 하는 기업들이잖아요. 그동안 좀 평가받지 못했던 부분들에 대해서는 평가받을 수 있을 거라고 생각합니다.<앵커>아이폰 폴더블 테마가 지난주부터 뜨겁지 않습니까? 이거 삼성 디스플레이 협력사들이 강세를 보이고 있는데 이거는 합당한 강세라고 보십니까?<배윤정 마이트리투자자문 대표>디스플레이 전반에 대해서 지금 턴어라운드가 하고 있는 시점이라고 보여지거든요. LG 디스플레이도 주목받고 LG 이노텍도 그렇고요. 그래서 지금 디스플레이에 대한 섹터를 보시는 건 유의미하다고 보고 있습니다.<앵커>지금 애플 폴더블 아이폰은 사실 나오려면 아직 좀 멀었지 않습니까?<배윤정 마이트리투자자문 대표>아직 멀었죠. 그거에 대한 기대감이라고 모멘텀이 실렸지만 사실 그 이면에는 따라오고 있는 실적들도 있기 때문에 계속 유의미하게 봐주시면 괜찮을 것 같고 결국에는 디스플레이도 시크리컬 산업인데 지금 그 시크리컬 턴어라운드 하는 타이밍에 와 있습니다. 2026년부터 본격적으로 들어갈 거고요.그래서 지금 25년도 하반기부터 보시기 괜찮은 섹터입니다.이근형기자 lgh04@wowtv.co.kr",https://www.hankyung.com/article/2025072120835,2025.07.21 15:23
"李대통령, 오늘 이재용 만날 듯…대미 투자계획 등 청취 예상",,"이재명 대통령이 지난 13일 서울 용산 대통령실 청사에서 열린 경제6단체와 기업인 간담회에서 이재용 삼성전자 회장의 발언을 듣고 있다./사진=대통령실사진기자단

                이재명 대통령이 24일 이재용 삼성전자 회장과 만찬 회동을 가질 것으로 알려졌다.앞서 이 대통령은 지난 14일 정의선 현대차그룹 회장, 15일에는 구광모 LG그룹 회장과 각각 만찬 간담회를 한 바 있으며 이 밖에도 재계 총수들과 적극적으로 접촉을 이어가는 것으로 전해졌다.강유정 대통령실 대변인은 이 대통령과 정 회장·구 회장과의 만남을 소개하는 브리핑에서 ""이 대통령은 각 그룹 회장으로부터 대미 투자와 글로벌 통상, 지방 활성화 방안, 연구개발(R&D) 투자 및 미래 사회 대응 계획 등에 대해 의견을 청취했다""고 설명한 바 있다.다만 대통령실에서는 이 대통령과 이 회장의 만찬에 대해서는 ""확인할 수 없는 내용""이라고 밝혔다. 차은지 한경닷컴 기자 chachacha@hankyung.com",https://www.hankyung.com/article/2025072493727,2025.07.24 12:29
"""그런 걸 왜 쓰냐"" 무시당하더니 '대반전'…2030도 반했다","삼성폰 역대급 판매량 찍나

갤럭시Z폴드·플립 공개 직후
'갤럭시' 검색량 S 시리즈 넘어
긍정적 언급 비율 83%로 압도
일각선 ""최다 사전 판매량"" 전망","지난 15일 서울 서초구 삼성 강남에서 시민들이 갤럭시Z폴드7을 살펴보고 있다.  /사진=연합뉴스

삼성전자가 선보인 초슬림 폴더블 스마트폰 '갤럭시Z폴드·플립7'이 갤럭시S 시리즈를 뛰어넘는 화제성을 불러일으키면서 Z 시리즈 중 역대 최다 사전 판매량을 기록할 수 있다는 전망에 힘이 실리고 있다. '갤럭시' 검색량, Z폴드·플립7이 S 시리즈 넘어18일 국내 최대 포털인 네이버 데이터랩에 따르면 Z폴드·플립7 공개 당시 '갤럭시' 검색량이 갤럭시S25 시리즈를 선보였던 때보다 많은 것으로 나타났다. Z폴드·플립7 공개 다음 날인 지난 10일은 올 1월부터 전날까지 '갤럭시' 검색량이 가장 많은 날로 확인됐다. 갤럭시S25 시리즈 공개 당일은 지난 1월23일 '갤럭시' 검색량은 91 수준을 기록했다. 검색어를 조회한 기간 중 검색량이 가장 많은 날(7월10일)을 100으로 보고 상대적 수치를 표시한 값이다. Z폴드·플립7 공개 당일인 지난 9일의 경우 밤 11시에 발표됐는데도 검색량이 71을 나타냈다.삼성전자는 삼성닷컴을 통해 진행했던 Z폴드·플립7 사전 구매 알림 신청 참여자 수가 공개 전날인 지난 8일 기준으로 14일 만에 16만명을 돌파했다고 알렸다. 공개 전 이미 흥행 조짐이 보이기 시작한 것. 지난해와 올해를 통틀어 보더라도 Z폴드·플립7 공개 당시 '갤럭시' 검색량이 S 시리즈를 모두 넘어섰다. 지난해부터 전날까지 '갤럭시' 검색량을 조회한 결과 Z폴드·플립7은 지난 10일 기준 65를 기록했고 S24 시리즈가 60, S25 시리즈가 59를 나타냈다. 이 기간 갤럭시 검색량이 가장 많은 날은 Z폴드·플립6 공개 하루 뒤인 지난해 7월11일이다. 긍정적 언급량도 압도적으로 많았다. 빅데이터 분석 플랫폼 썸트렌드에 따르면 Z폴드·플립7 공개일인 지난 9일부터 전날까지 '갤럭시'가 언급된 국내 블로그 게시글 1만9951건을 분석한 결과 긍정적 단어 언급량이 차지한 비율은 83.6%(3만528건)에 달했다. 부정 비율은 9.2%(3346건)에 그쳤다. 나머지 7.3%(2657건)는 중립으로 구분됐다. 삼성전자가 전날 자사 유튜브 채널을 통해 공개한 Z폴드·플립7 홍보영상 2건은 하루 만에 40만회에 가까운 조회수를 기록하고 있다. 
                    



지난 15일 서울 서초구 삼성 강남에서 시민들이 갤럭시Z폴드7을 살펴보고 있다.  /사진=연합뉴스

 Z폴드·플립7 흥행 여부, 2030세대 선택 '촉각'Z폴드·플립 시리즈의 핵심 사용자층은 2030세대다. Z폴드·플립7 흥행 여부도 2030세대 선택에 좌우될 가능성이 큰 이유다. Z폴드·플립6의 경우 사전 판매 기간 구매자 중 절반은 2030세대로 나타났다. 전작(Z폴드·플립5) 사전 판매 때보다 비중이 7%포인트 더 늘어난 셈이다. Z폴드·플립7 공개 후 첫 주말이었던 지난 12일과 사전 판매를 시작한 이달 15일 삼성 매장엔 1030세대 방문객들이 줄을 이었다. 지난 12일 오후 한때 삼성스토어 홍대엔 Z폴드·플립7이 진열된 1층에만 90여명에 가까운 방문객이 찾았는데 이들 중 절반 이상이 1030세대였다. 사전 판매 첫날인 지난 15일 오전 삼성 강남엔 20~30대 여성들이 비교적 많았다. 매장을 찾은 20~30대 방문객들은 ""예전엔 폴더블폰을 왜 쓰나 했는데 이번 제품은 완성도가 올라간 것 같다"", ""아이폰을 쓰는데 다음 폰으로 고민하고 있다""는 등의 반응을 보였다.  Z폴드·플립7 ""역대 최다 사전 판매량"" 전망도 업계 일각에선 Z폴드·플립7 사전 판매량이 역대 최다 기록을 갈아치울 가능성을 제기하고 있다. 역대 Z폴드·플립 시리즈 중 사전 판매량이 가장 많은 모델은 Z폴드·플립5로 총 102만대를 팔아치웠다. Z폴드·플립6는 사전 판매량이 91만에 그쳤다. 역대 최다 판매량을 예상하는 또 다른 이유는 국내 이동통신시장이 과열되고 있는 흐름과 무관하지 않다. 최근 국내 시장은 SK텔레콤 해킹 사태에 따른 번호이동 위약금 면제 조치가 발표되면서 과열 조짐을 보였다. KT·LG유플러스는 가입자 혜택을 확대하는 등 공격적인 마케팅으로 신규 고객 유치에 총력을 기울이다 일부 매장에서 도를 넘어선 홍보활동을 벌이기도 했다.신규 고객 유치에 주력하는 와중에 신제품 출시가 맞물리면서 이통3사가 판매량을 끌어올리는 데 집중하는 만큼 최다 기록을 갈아치울 가능성도 커진다는 관측이다. 사전 판매 이후에도 판매량이 높게 유지될 수 있다는 관측이 나온다. 휴대폰 보조금 상한을 설정한 단말기유통법이 오는 22일 폐지돼서다. Z폴드·플립7 사전 판매 종료 다음 날이다. 국내 공식 출시일은 오는 25일. 보조금 상한이 없는 상태에서 Z폴드·플립7이 본격적으로 판매된다. 김대영 한경닷컴 기자 kdy@hankyung.com",https://www.hankyung.com/article/202507174282g,2025.07.18 09:00
"코스피, 외국인 매수에 강세…LG엔솔 8%대 '급등'",,"사진=뉴스1

                코스피가 외국인과 기관의 순매수에 힘입어 강세를 보이고 있다. LG에너지솔루션은 특허소송 승소 소식에 8%대 급등세를 보이고 있다. 호실적을 낸 종목들도 강세다.24일 오전 10시47분 현재 코스피는 전일 대비 22.13포인트(0.7%) 오른 3205.90에 거래되고 있다. 장 초반 3237.97까지 올라 52주 신고가를 갈아치웠다가 상승분을 일부 반납했다.외국인과 기관이 유가증권시장에서 각각 5746억원어치와 2725억원어치 주식을 순매수하고 있다. 반면 개인은 8660억원어치를 팔고 있다.시가총액 상위 종목들은 대체로 강세다.삼성전자와 SK하이닉스는 각각 0.45%와 0.56% 상승하고 있다. Sk하이닉스는 사상 처음으로 분기 기준 영업이익이 9조원을 넘기면서 장 초반 오름폭을 3% 이상으로 키웠지만, 차익실현 매물에 상당 부분을 반납했다.LG에너지솔루션은 8.02% 급등 중이다. 중국 배터리회사 신왕다를 상대로 독일에서 제기한 특허침해 소송에서 승소했다는 소식이 전해진 영향이다.KB금융은 2.08%, 두산에너빌리티는 3.55% 상승중이다.반면 현대차는 0.68% 하락하고 있다.HD현대인프라코어와 HD현대건설기계는 급등하며 나란히 52주 신고가를 갈아치웠다. HD현대인프라코어가 2분기 ‘깜짝 실적’을 전일 공시한 뒤 이틀째 치솟고 있다.코스닥은 전일 대비 0.97포인트(0.12%) 오른 814.53에 거래되고 있다. 이 시장에서는 외국인과 기관이 각각 192억원어치와 132억원어치의 주식을 순매수하는 반면, 개인은 297억원어치를 팔고 있다.코스닥 시가총액 상위 종목들은 혼조세다.삼천당제약은 6.32% 상승하고 있지만, 펩트론과 HLB는 각각 3.2%와 1.5% 하락하고 있다.에코프로비엠과 에코프로는 각각 2.47%와 1.77% 상승 중이다.서울외환시장에서 원·달러 환율은 전일 대비 6.7원(0.49%) 내린 달러당 1369.1원에 거래되고 있다.한경우 한경닷컴 기자 case@hankyung.com",https://www.hankyung.com/article/2025072491096,2025.07.24 10:57
고금리 OUT! 증권사 신용대출 3%대로 전환하는 방법,,"전송종목 : 한화, DB하이텍, CJ, LX인터내셔널, 세아베스틸지주최근 주식 투자자들 사이에서 주식대출(미수/신용융자 등)의 고금리에 대한 부담이 커지고 있다.특히 저금리를 적용 받고 싶어도, 기존 대출을 상환하고 다시 주식을 매수해야 하는 번거로운 절차와 자금 조달의 어려움이 발목을 잡고 있다.이런 현실적인 문제를 해결하고자, 무빙스탁이 ‘증권사 신용, 대환자금대출’ 서비스를 전격 출시했다.이 상품은 주식을 매도하지 않고도, 기존의 고금리의 주식대출(미수/신용융자 등)의 3%대의 혁신적인 저금리 증권사로 전환할 수 있도록 상환자금을 제공하는 것이 핵심이다.무빙스탁 관계자는 “현재 증권사 이벤트 금리는 연 3%대 수준으로, 기존 9~10%대 고금리를 적용받는 투자자라면 절감 효과가 상당하다”며, 금리를 5%만 낮추면 “1억원 신용대출 기준으로 연간 약 500만원, 3억원이라면 1,500만원까지도 절약할 수 있다”고 밝혔다.더 놀라운 점은, 현재는 이벤트 기간으로 대환자금대출 신청시 발생하는 이자 비용까지 ‘0원’이라는 사실이다. 대환자금에 대해서 하루의 대출이자도 부담하지 않고 기존 고금리 대출을 저금리로 전환할 수 있어, 고금리 부담에 시달리던 투자자들에게 큰 호응을 얻을 전망이다.이 서비스는 부동산 시장에서 흔히 이용되던 대환대출 개념을 증권시장에 도입한 혁신적인 시도로, 주식 투자자들의 자금 운용에 새로운 대안을 제시할 것으로 기대된다.무빙스탁 ‘증권사 신용, 대환자금대출’의 비용 무료 이벤트는 이벤트 기간 동안 한정적으로 제공되는 만큼, 신용융자를 이용 중인 투자자라면 지금 바로 확인해볼 필요가 있다.★ 장마감 시간이 가까워질수록 문의가 많아 상담이 지연될 수 있습니다.★ 7월 문의하신 고객들이 많이 보유하신 종목으로는 삼성전자, POSCO홀딩스, 셀트리온, 포스코퓨처엠, 에코프로비엠, NAVER, 에코프로, 삼성SDI, LG화학, SK하이닉스, 두산에너빌리티, 카카오, SK이노베이션, LG에너지솔루션, 엘앤에프, 삼천당제약, 현대차, 알테오젠, HPSP, LG전자 등이 있습니다.★ 안내사항과도한 빚은 당신에게 큰 불행을 안겨줄 수 있습니다. 대출 시 신용등급 하락으로 다른 금융거래가 제약받을 수 있습니다. 중개수수료를 요구하거나 받는 것은 불법입니다.상호명: ㈜단비대부 2021-서울영등포-2102(대부업) | TEL: 1544-4886 | 대출금리: 연 20%이내(연체금리는 약정금리+3%p이내, 최대 연 20%이내) | 단, 2021. 7. 7.부터 신규체결, 갱신, 연장되는 계약에 한함 | 채무의 조기상환 조건 및 부대비용 없음. (단, 신용조회비용 및 담보권설정비용 있음), 이자 외 별도로 중개수수료를 요구하거나 수취하는 것은 불법입니다. | 대표이사: 박동원 | 사업자등록번호: 274-86-00231 | 등록기관명칭: 서울 영등포구청(담당부서: 일자리경제과, 02-2670-3420) | 소재지 : 서울 영등포구 여의대방로67길 11, 5층 517호 | 개인정보관리자메일: help@danbifund.co.kr무료상담",https://www.hankyung.com/article/202507185996a,2025.07.18 08:53
"10일, 거래소 기관 순매수상위에 전기,전자 업종 3종목",,"기관 투자자는 10일 거래소에서 KODEX 코스닥150레버리지, KODEX 레버리지, 삼성물산 등을 중점적으로 사들인 것으로 나타났다.기관 투자자의 순매수 상위 20개 종목은 KODEX 코스닥150레버리지, KODEX 레버리지, 삼성물산, LG에너지솔루션, KODEX 코스닥150, LG화학, LIG넥스원, 삼성바이오로직스, SK하이닉스, 삼성에스디에스등이다.이중에 전기,전자 업종에 속한 종목이 4개 포함되어 있다.KODEX 코스닥150레버리지, KODEX 레버리지, 삼성물산 등은 전일 대비 주가가 상승했고, 하나금융지주 등은 주가가 하락했다.[07월10일]거래소 기관 순매수 상위 종목한경로보뉴스이 기사는 한국경제신문과 금융 AI 전문기업 씽크풀이 공동 개발한 기사 자동생성 알고리즘에 의해 실시간으로 작성된 것입니다.",https://www.hankyung.com/article/202507101189L,2025.07.10 18:35
고금리 OUT! 증권사 신용대출 3%대로 전환하는 방법,,"전송종목 : 나노신소재, KX, 와이솔, 엠에스오토텍, 코리아에프티




 

최근 주식 투자자들 사이에서 주식대출(미수/신용융자 등)의 고금리에 대한 부담이 커지고 있다.특히 저금리를 적용 받고 싶어도, 기존 대출을 상환하고 다시 주식을 매수해야 하는 번거로운 절차와 자금 조달의 어려움이 발목을 잡고 있다.이런 현실적인 문제를 해결하고자, 무빙스탁이 ‘증권사 신용, 대환자금대출’ 서비스를 전격 출시했다.이 상품은 주식을 매도하지 않고도, 기존의 고금리의 주식대출(미수/신용융자 등)의 3%대의 혁신적인 저금리 증권사로 전환할 수 있도록 상환자금을 제공하는 것이 핵심이다.무빙스탁 관계자는 “현재 증권사 이벤트 금리는 연 3%대 수준으로, 기존 9~10%대 고금리를 적용받는 투자자라면 절감 효과가 상당하다”며, 금리를 5%만 낮추면 “1억원 신용대출 기준으로 연간 약 500만원, 3억원이라면 1,500만원까지도 절약할 수 있다”고 밝혔다.더 놀라운 점은, 현재는 이벤트 기간으로 대환자금대출 신청시 발생하는 이자 비용까지 ‘0원’이라는 사실이다. 대환자금에 대해서 하루의 대출이자도 부담하지 않고 기존 고금리 대출을 저금리로 전환할 수 있어, 고금리 부담에 시달리던 투자자들에게 큰 호응을 얻을 전망이다.이 서비스는 부동산 시장에서 흔히 이용되던 대환대출 개념을 증권시장에 도입한 혁신적인 시도로, 주식 투자자들의 자금 운용에 새로운 대안을 제시할 것으로 기대된다.무빙스탁 ‘증권사 신용, 대환자금대출’의 비용 무료 이벤트는 이벤트 기간 동안 한정적으로 제공되는 만큼, 신용융자를 이용 중인 투자자라면 지금 바로 확인해볼 필요가 있다.★ 장마감 시간이 가까워질수록 문의가 많아 상담이 지연될 수 있습니다.★ 7월 문의하신 고객들이 많이 보유하신 종목으로는 삼성전자, POSCO홀딩스, 셀트리온, 포스코퓨처엠, 에코프로비엠, NAVER, 에코프로, 삼성SDI, LG화학, SK하이닉스, 두산에너빌리티, 카카오, SK이노베이션, LG에너지솔루션, 엘앤에프, 삼천당제약, 현대차, 알테오젠, HPSP, LG전자 등이 있습니다.★ 안내사항과도한 빚은 당신에게 큰 불행을 안겨줄 수 있습니다. 대출 시 신용등급 하락으로 다른 금융거래가 제약받을 수 있습니다. 중개수수료를 요구하거나 받는 것은 불법입니다.상호명: ㈜단비대부 2021-서울영등포-2102(대부업) | TEL: 1544-4886 | 대출금리: 연 20%이내(연체금리는 약정금리+3%p이내, 최대 연 20%이내) | 단, 2021. 7. 7.부터 신규체결, 갱신, 연장되는 계약에 한함 | 채무의 조기상환 조건 및 부대비용 없음. (단, 신용조회비용 및 담보권설정비용 있음), 이자 외 별도로 중개수수료를 요구하거나 수취하는 것은 불법입니다. | 대표이사: 박동원 | 사업자등록번호: 274-86-00231 | 등록기관명칭: 서울 영등포구청(담당부서: 일자리경제과, 02-2670-3420) | 소재지 : 서울 영등포구 여의대방로67길 11, 5층 517호 | 개인정보관리자메일: help@danbifund.co.kr무료상담",https://www.hankyung.com/article/202507173377a,2025.07.17 09:43
고금리 이자 폭탄 피하는 법! 증권사 대출 3%대로 줄이기,,"전송종목 : AJ네트웍스, 네오위즈, 웅진씽크빅, 엠씨넥스, 한텍




 

최근 주식 투자자들 사이에서 주식대출(미수/신용융자 등)의 고금리에 대한 부담이 커지고 있다.특히 저금리를 적용 받고 싶어도, 기존 대출을 상환하고 다시 주식을 매수해야 하는 번거로운 절차와 자금 조달의 어려움이 발목을 잡고 있다.이런 현실적인 문제를 해결하고자, 무빙스탁이 ‘증권사 신용, 대환자금대출’ 서비스를 전격 출시했다.이 상품은 주식을 매도하지 않고도, 기존의 고금리의 주식대출(미수/신용융자 등)의 3%대의 혁신적인 저금리 증권사로 전환할 수 있도록 상환자금을 제공하는 것이 핵심이다.무빙스탁 관계자는 “현재 증권사 이벤트 금리는 연 3%대 수준으로, 기존 9~10%대 고금리를 적용받는 투자자라면 절감 효과가 상당하다”며, 금리를 5%만 낮추면 “1억원 신용대출 기준으로 연간 약 500만원, 3억원이라면 1,500만원까지도 절약할 수 있다”고 밝혔다.더 놀라운 점은, 현재는 이벤트 기간으로 대환자금대출 신청시 발생하는 이자 비용까지 ‘0원’이라는 사실이다. 대환자금에 대해서 하루의 대출이자도 부담하지 않고 기존 고금리 대출을 저금리로 전환할 수 있어, 고금리 부담에 시달리던 투자자들에게 큰 호응을 얻을 전망이다.이 서비스는 부동산 시장에서 흔히 이용되던 대환대출 개념을 증권시장에 도입한 혁신적인 시도로, 주식 투자자들의 자금 운용에 새로운 대안을 제시할 것으로 기대된다.무빙스탁 ‘증권사 신용, 대환자금대출’의 비용 무료 이벤트는 이벤트 기간 동안 한정적으로 제공되는 만큼, 신용융자를 이용 중인 투자자라면 지금 바로 확인해볼 필요가 있다.★ 장마감 시간이 가까워질수록 문의가 많아 상담이 지연될 수 있습니다.★ 7월 문의하신 고객들이 많이 보유하신 종목으로는 삼성전자, POSCO홀딩스, 셀트리온, 포스코퓨처엠, 에코프로비엠, NAVER, 에코프로, 삼성SDI, LG화학, SK하이닉스, 두산에너빌리티, 카카오, SK이노베이션, LG에너지솔루션, 엘앤에프, 삼천당제약, 현대차, 알테오젠, HPSP, LG전자 등이 있습니다.★ 안내사항과도한 빚은 당신에게 큰 불행을 안겨줄 수 있습니다. 대출 시 신용등급 하락으로 다른 금융거래가 제약받을 수 있습니다. 중개수수료를 요구하거나 받는 것은 불법입니다.상호명: ㈜단비대부 2021-서울영등포-2102(대부업) | TEL: 1544-4886 | 대출금리: 연 20%이내(연체금리는 약정금리+3%p이내, 최대 연 20%이내) | 단, 2021. 7. 7.부터 신규체결, 갱신, 연장되는 계약에 한함 | 채무의 조기상환 조건 및 부대비용 없음. (단, 신용조회비용 및 담보권설정비용 있음), 이자 외 별도로 중개수수료를 요구하거나 수취하는 것은 불법입니다. | 대표이사: 박동원 | 사업자등록번호: 274-86-00231 | 등록기관명칭: 서울 영등포구청(담당부서: 일자리경제과, 02-2670-3420) | 소재지 : 서울 영등포구 여의대방로67길 11, 5층 517호 | 개인정보관리자메일: help@danbifund.co.kr무료상담",https://www.hankyung.com/article/202507160711a,2025.07.16 11:38
"17일, 거래소 외국인 순매수상위에 전기,전자 업종 4종목",,"외국인 투자자는 17일 거래소에서 삼성전자, 한화에어로스페이스, 한화오션 등을 중점적으로 사들인 것으로 나타났다.외국인 투자자의 순매수 상위 20개 종목은 삼성전자, 한화에어로스페이스, 한화오션, 유한양행, 현대로템, 삼성중공업, 카카오, SK스퀘어, SK, 셀트리온등이다.이중에 전기,전자 업종에 속한 종목이 4개 포함되어 있다.삼성전자, 한화에어로스페이스, 한화오션 등은 전일 대비 주가가 상승했고, SK스퀘어, SK, KODEX 200선물인버스2X 등은 주가가 하락했다.[07월17일]거래소 외국인 순매수 상위 종목한경로보뉴스이 기사는 한국경제신문과 금융 AI 전문기업 씽크풀이 공동 개발한 기사 자동생성 알고리즘에 의해 실시간으로 작성된 것입니다.",https://www.hankyung.com/article/202507175593L,2025.07.17 18:35
대기업 취업신화 쓴 영진전문대 반도체전자계열,"10년간 SK,삼성, LG 등 대기업 1247명 취업
실무중심 수업과 실습으로 기업에서 인정
2026학년도 정원 277명으로 전국전문대 최대","영진전문대 반도체전자계열 학생들이 반도체 웨이퍼의 패턴을 마이크로스코프로 검사하고 있다. 영진전문대 제공최근 10년간 대기업에 1000명 이상이 취업한 영진전문대 반도체전자계열이 인공지능(AI), 빅데이터 등 디지털 신산업 인재를 양성해 주목받고 있다.영진전문대는 반도체전자계열 졸업생이 최근 10년간(2016~2025년) 총 1247명의 대기업 취업자를 배출했다고 15일 발표했다. 취업한 기업은 삼성, SK, LG 등 국내 주요 대기업은 물론, 반도체·디스플레이·소재부품·미래차 산업 전반에 걸친 첨단 기술 기업들이다. 취업자의 출신 지역도 대구·경북을 넘어 경기, 충북, 경남, 전남 등 전국에 분포해 있다. 충북 청주 출신으로 졸업 전인 2022년 11월에 SK하이닉스에 조기 입사한 박겅윤씨는 “어릴 적부터 보아온 SK하이닉스가 제 일터가 됐다는 게 아직도 믿기지 않는다”며 “영진전문대에서의 실무 중심 수업과 꼼꼼한 실습, 교수님들의 세심한 지도가 큰 도움이 됐다”고 말했다.반도체전자계열은 2026학년도부터 첨단 산업의 흐름을 반영해 △반도체시스템과 △반도체융합전자과 △친환경배터리화공소재과 △미래모빌리티과 등 4개로 세분화됐다. 이들 전공은 메모리·전력·시스템반도체는 물론 디스플레이, 반도체 후공정, 태양전지, 전장까지 첨단 산업 전반을 아우른다. 2026학년도에는 전국 전문대 최대 정원인 277명을 수시 및 정시에서 모집할 예정이다. 반도체전자계열은 반도체장비운용 실습실, XR반도체공정장비 실습실, 반도체장비제어 실습실 등 국내 최고 수준의 실습 인프라를 자랑한다. SK하이닉스 및 베스트피엠피, 에이블 등 반도체 장비 유지보수 전문기업들과 협약을 맺어 약 500명의 장비 엔지니어를 이들 기업에 진출시켰다.김재완 영진전문대 반도체전자계열 교수는 “반도체, 정보통신, 소프트웨어가 융합되는 시대를 맞아 이에 걸맞는 핵심 인재 양성에 매진하고 있다“고 강조했다.대구=오경묵 기자",https://www.hankyung.com/article/202507159663h,2025.07.15 15:05
도우인시스 영업익 4배 기대...미확약 97%는 부담 [마켓딥다이브],"도우인시스, 상장 첫날 50% 상승
애플 납품 시, 영업익 410억 기대  
'미확약 97%' 기관은 매도 우위","영상 모듈 닫기




<앵커>갤럭시Z7 시리즈가 인기를 끌면서 폴더블폰 협력사인 도우인시스도 상장 첫날 공모가 대비 50% 오른 성적을 내고 있습니다. 하반기 출시가 예상되는 폴더블 아이폰의 공급사로 선정될 가능성도 높은데요. 자세한 내용, 최민정 기자가 정리합니다.<기자>갤럭시Z 폴드가 많이 팔릴수록 매출이 올라가는 곳이 있습니다. 바로 접히는 유리를 공급하는 도우인시스인데요.도우인시스는 2010년 설립된 곳으로, 삼성디스플레이의 자회사였으나 재작년 지분 매각으로 독립했습니다.주력 제품은 폴더블 스마트폰에 적용되는 초박형 강화유리, UTG인데요.UTG는 경쟁 소재(CPI)보다 스크래치에 강하고 투명도와 시인성이 좋아 플랙서블 디스플레이의 주요 소재로 인정받고 있습니다.도우인시스는 2019년 폴더블 스마트폰용 UTG를 글로벌 최초로 양산한 뒤, 삼성전자 'Z플립·Z폴드' 전 시리즈와 구글의 '픽셀포드' 등에 탑재됐습니다.도우인시스의 매출 87%가 UTG에서 발생하는데요. 폴더블 시장 성장과 함께 매출도 급증했습니다.2018년 30억 원 수준이던 매출은 갤럭시 폴드의 본격적인 판매 이후 2020년 670억 원으로 늘었습니다. 작년에는 1,417억 원의 매출을 거뒀는데요. 6년 만에 매출이 50배 가까이 성장한 겁니다.특히 하반기 출시가 예상되는 폴더블 아이폰용 공급사로 선정될 가능성도 높은 상황인데요. 도우인시스가 전후공정을 내재화하고, 수율을 90% 이상 끌어 올렸기 때문입니다.증권업계 관계자도 ""경쟁업체와 달리, 도우인시스의 경우 5년 이상의 오랜 양산 경험을 갖고 있어, 애플 폴더블폰 밸류체인 진입 가능성이 높다""고 진단했습니다.애플과 손잡으면 도우인시스의 실적 얼마나 늘어날까요?아이폰 폴더블폰 내 점유율 30%만 확보해도 매출액 2,215억 원, 영업이익 410억 원을 기대할 수 있는데요. 작년 영업이익(97억 원)과 비교해 4배 늘어날 수 있는 겁니다.향후 아이폰에 더해 태블릿, 노트북, 웨어러블 기기 등 다양한 전자기기에 탑재되면 성장세는 더 커질 수 있습니다.생산능력 확대에도 속도를 내고 있습니다. 도우인시스는 현재 청주와 베트남에 생산 시설을 보유하고 있는데요.공모자금을 통해 베트남 현지 법인 공장 증축에 360억 원을 투입할 예정입니다. 베트남 법인 생산량을 2배로 늘려, 전체 생산능력을 작년 기준 월 146만 개에서 내년 월 281만 개로 확대할 전망입니다.문제는 상장 후 6개월, 즉 내년 1월에 있습니다.상장 가능 유통 물량이 51%로 대거 늘어나게 되는데요. 벤처투자자의 의무보호예수 기간이 끝나기 때문입니다.기관 수요예측에서 기관의 미확약 물량도 97%에 달했는데요. 이번 달 부터 시행되는 기관 의무보유확약 강화 적용을 받지 않는 마지막 공모주였던 만큼, 기관들이 단타에 나서고 있습니다.실제 오늘 기관이 100억 원 넘게 팔아 치우며 상승세를 누르고 있습니다.또 하나의 변수는 애플입니다. 아이폰 폴더블폰 최종 공급사에 포함되지 못할 경우, 증설에 따른 고정비 부담이 실적에 악영향을 줄 수 있습니다.도우인시스가 애플 폴더블폰 협력사에 최종적으로 포함될지 지켜볼 필요가 있습니다.지금까지 마켓 딥다이브였습니다.최민정기자 choimj@wowtv.co.kr",https://www.hankyung.com/article/2025072376085,2025.07.23 17:29
"[사설] '10년 사법 족쇄' 벗어난 삼성, 대담한 혁신으로 역동성 회복해야",,"이재용 삼성전자 회장을 10년간 옭아맨 ‘사법 족쇄’가 마침내 풀렸다. 대법원은 어제 삼성물산·제일모직 합병 및 삼성바이오로직스 회계 처리와 관련해 자본시장법 위반 등 19개 혐의로 기소된 이 회장 상고심에서 무죄를 선고한 원심을 확정했다. 1, 2심 법원에 이어 대법원까지 경영 승계를 위해 삼성물산과 제일모직 합병 과정에서 각종 부정거래와 회계 부정을 저질렀다는 검찰 주장을 하나도 받아들이지 않았다. 이 회장과 함께 재판에 넘겨진 삼성 및 회계법인 관계자 13명도 모두 무죄를 확정받았다.2016년 참여연대 등의 의혹 제기로 시작된 이 사건은 2020년 6월 외부 전문가로 구성된 검찰수사심의위원회가 이 회장 불기소와 수사 중단을 권고했다. 그런데도 검찰은 수사와 기소를 강행했고, 이 회장과 삼성은 속절없이 고통을 감내해야만 했다. 신성식 전 서울중앙지검 3차장은 언론 인터뷰에서 “아무리 들여다봐도 허점이 너무 많았는데 정해진 방향이 있어 돌이키지 못한 것”이라고 말한 바 있다. 윤석열 서울중앙지검장 시절 한동훈 3차장이 수사에 착수했고 이복현 경제범죄형사부장이 기소를 담당했다는 점도 여러 가지 생각을 하게 한다. 특수수사 경력을 인정받아 승승장구한 이들이지만, 잘못된 수사와 기소에 누구도 책임지지 않는다. 검찰을 비롯한 수사당국의 강한 자성이 필요한 대목이다.이 회장이 지난 10년 동안 재판에 출석한 횟수만 185회에 달한다고 한다. 이런 상황이라면 누구라도 경영에 전념하기 힘들 수밖에 없다. 지금 삼성이 마주한 위기는 이런 외부적 불확실성이 총체적으로 겹친 결과로 봐도 이상한 것이 없다. 삼성전자는 고대역폭메모리(HBM)에서 실기하면서 인공지능(AI) 붐에 편승하지 못했고 야심 차게 추진한 파운드리(반도체 수탁생산) 사업에서도 성과를 내지 못하고 있다. D램 메모리 시장 1위 자리까지 SK하이닉스에 내준 상태다. 이 회장은 최종 무죄를 계기로 그룹 안팎의 묵은 때를 훌훌 떨쳐내고 삼성을 21세기 세계적 기업으로 발돋움하게 한 야성과 도전정신을 회복해야 한다. 다시 글로벌 선도기업으로 재도약하기 위한 대담한 청사진과 실행 로드맵을 정립해야 한다. 삼성의 쇄신과 역동성 회복은 우리 경제의 활력 제고를 위해서도 꼭 필요하다.",https://www.hankyung.com/article/2025071753211,2025.07.17 17:10
합리적 투자 필수! 증권사 신용대출 3%대 전환으로 이자 절감,,"전송종목 : 이오테크닉스, 하나투어, 키움증권, 에스엠, 한화오션최근 주식 투자자들 사이에서 주식대출(미수/신용융자 등)의 고금리에 대한 부담이 커지고 있다.특히 저금리를 적용 받고 싶어도, 기존 대출을 상환하고 다시 주식을 매수해야 하는 번거로운 절차와 자금 조달의 어려움이 발목을 잡고 있다.이런 현실적인 문제를 해결하고자, 무빙스탁이 ‘증권사 신용, 대환자금대출’ 서비스를 전격 출시했다.이 상품은 주식을 매도하지 않고도, 기존의 고금리의 주식대출(미수/신용융자 등)의 3%대의 혁신적인 저금리 증권사로 전환할 수 있도록 상환자금을 제공하는 것이 핵심이다.무빙스탁 관계자는 “현재 증권사 이벤트 금리는 연 3%대 수준으로, 기존 9~10%대 고금리를 적용받는 투자자라면 절감 효과가 상당하다”며, 금리를 5%만 낮추면 “1억원 신용대출 기준으로 연간 약 500만원, 3억원이라면 1,500만원까지도 절약할 수 있다”고 밝혔다.더 놀라운 점은, 현재는 이벤트 기간으로 대환자금대출 신청시 발생하는 이자 비용까지 ‘0원’이라는 사실이다. 대환자금에 대해서 하루의 대출이자도 부담하지 않고 기존 고금리 대출을 저금리로 전환할 수 있어, 고금리 부담에 시달리던 투자자들에게 큰 호응을 얻을 전망이다.이 서비스는 부동산 시장에서 흔히 이용되던 대환대출 개념을 증권시장에 도입한 혁신적인 시도로, 주식 투자자들의 자금 운용에 새로운 대안을 제시할 것으로 기대된다.무빙스탁 ‘증권사 신용, 대환자금대출’의 비용 무료 이벤트는 이벤트 기간 동안 한정적으로 제공되는 만큼, 신용융자를 이용 중인 투자자라면 지금 바로 확인해볼 필요가 있다.★ 장마감 시간이 가까워질수록 문의가 많아 상담이 지연될 수 있습니다.★ 7월 문의하신 고객들이 많이 보유하신 종목으로는 삼성전자, POSCO홀딩스, 셀트리온, 포스코퓨처엠, 에코프로비엠, NAVER, 에코프로, 삼성SDI, LG화학, SK하이닉스, 두산에너빌리티, 카카오, SK이노베이션, LG에너지솔루션, 엘앤에프, 삼천당제약, 현대차, 알테오젠, HPSP, LG전자 등이 있습니다.★ 안내사항과도한 빚은 당신에게 큰 불행을 안겨줄 수 있습니다. 대출 시 신용등급 하락으로 다른 금융거래가 제약받을 수 있습니다. 중개수수료를 요구하거나 받는 것은 불법입니다.상호명: ㈜단비대부 2021-서울영등포-2102(대부업) | TEL: 1544-4886 | 대출금리: 연 20%이내(연체금리는 약정금리+3%p이내, 최대 연 20%이내) | 단, 2021. 7. 7.부터 신규체결, 갱신, 연장되는 계약에 한함 | 채무의 조기상환 조건 및 부대비용 없음. (단, 신용조회비용 및 담보권설정비용 있음), 이자 외 별도로 중개수수료를 요구하거나 수취하는 것은 불법입니다. | 대표이사: 박동원 | 사업자등록번호: 274-86-00231 | 등록기관명칭: 서울 영등포구청(담당부서: 일자리경제과, 02-2670-3420) | 소재지 : 서울 영등포구 여의대방로67길 11, 5층 517호 | 개인정보관리자메일: help@danbifund.co.kr무료상담",https://www.hankyung.com/article/202507223174a,2025.07.22 10:48
합리적 투자 필수! 증권사 신용대출 3%대 전환으로 이자 절감,,"전송종목 : 에스티아이, 화성밸브, 폴라리스오피스, 우리기술투자, 현대에버다임최근 주식 투자자들 사이에서 주식대출(미수/신용융자 등)의 고금리에 대한 부담이 커지고 있다.특히 저금리를 적용 받고 싶어도, 기존 대출을 상환하고 다시 주식을 매수해야 하는 번거로운 절차와 자금 조달의 어려움이 발목을 잡고 있다.이런 현실적인 문제를 해결하고자, 무빙스탁이 ‘증권사 신용, 대환자금대출’ 서비스를 전격 출시했다.이 상품은 주식을 매도하지 않고도, 기존의 고금리의 주식대출(미수/신용융자 등)의 3%대의 혁신적인 저금리 증권사로 전환할 수 있도록 상환자금을 제공하는 것이 핵심이다.무빙스탁 관계자는 “현재 증권사 이벤트 금리는 연 3%대 수준으로, 기존 9~10%대 고금리를 적용받는 투자자라면 절감 효과가 상당하다”며, 금리를 5%만 낮추면 “1억원 신용대출 기준으로 연간 약 500만원, 3억원이라면 1,500만원까지도 절약할 수 있다”고 밝혔다.더 놀라운 점은, 현재는 이벤트 기간으로 대환자금대출 신청시 발생하는 이자 비용까지 ‘0원’이라는 사실이다. 대환자금에 대해서 하루의 대출이자도 부담하지 않고 기존 고금리 대출을 저금리로 전환할 수 있어, 고금리 부담에 시달리던 투자자들에게 큰 호응을 얻을 전망이다.이 서비스는 부동산 시장에서 흔히 이용되던 대환대출 개념을 증권시장에 도입한 혁신적인 시도로, 주식 투자자들의 자금 운용에 새로운 대안을 제시할 것으로 기대된다.무빙스탁 ‘증권사 신용, 대환자금대출’의 비용 무료 이벤트는 이벤트 기간 동안 한정적으로 제공되는 만큼, 신용융자를 이용 중인 투자자라면 지금 바로 확인해볼 필요가 있다.★ 장마감 시간이 가까워질수록 문의가 많아 상담이 지연될 수 있습니다.★ 7월 문의하신 고객들이 많이 보유하신 종목으로는 삼성전자, POSCO홀딩스, 셀트리온, 포스코퓨처엠, 에코프로비엠, NAVER, 에코프로, 삼성SDI, LG화학, SK하이닉스, 두산에너빌리티, 카카오, SK이노베이션, LG에너지솔루션, 엘앤에프, 삼천당제약, 현대차, 알테오젠, HPSP, LG전자 등이 있습니다.★ 안내사항과도한 빚은 당신에게 큰 불행을 안겨줄 수 있습니다. 대출 시 신용등급 하락으로 다른 금융거래가 제약받을 수 있습니다. 중개수수료를 요구하거나 받는 것은 불법입니다.상호명: ㈜단비대부 2021-서울영등포-2102(대부업) | TEL: 1544-4886 | 대출금리: 연 20%이내(연체금리는 약정금리+3%p이내, 최대 연 20%이내) | 단, 2021. 7. 7.부터 신규체결, 갱신, 연장되는 계약에 한함 | 채무의 조기상환 조건 및 부대비용 없음. (단, 신용조회비용 및 담보권설정비용 있음), 이자 외 별도로 중개수수료를 요구하거나 수취하는 것은 불법입니다. | 대표이사: 박동원 | 사업자등록번호: 274-86-00231 | 등록기관명칭: 서울 영등포구청(담당부서: 일자리경제과, 02-2670-3420) | 소재지 : 서울 영등포구 여의대방로67길 11, 5층 517호 | 개인정보관리자메일: help@danbifund.co.kr무료상담",https://www.hankyung.com/article/202507145599a,2025.07.14 08:53
"""이걸 왜 쓰나 했는데…"" 아이폰 사랑 1030세대도 '깜짝' [현장+]","삼성스토어 방문객 53% '1030'
Z폴드·플립7 공개 첫 주말 맞아
삼성스토어 홍대 등 매장 몰려
무게·두께 혁신에 ""구매 고민""
아이폰 쓰는 20대도 교체 의향
삼성 폴더블 '벽돌폰' 오명 벗어","지난 12일 오후 서울 마포구 삼성스토어 홍대를 찾은 방문객들이 갤럭시Z폴드·플립7을 둘러보고 있다. 사진=김대영 기자

                ""아빠가 쓰고 있는 갤럭시S보다 가벼워. 나도 쓰기 딱 좋다."" 한 초등학생이 갤럭시Z폴드7과 부모 휴대전화를 함께 살펴보며 비교하더니 이 같이 말했다. 삼성전자가 지난 9일 공개한 갤럭시Z폴드7는 Z폴드 시리즈 중 가장 가볍다. 신제품은 215g으로 전작보다 무게를 24g 줄였다.삼성전자가 초슬림 폴더블 스마트폰 갤럭시Z폴드·플립7을 공개한 첫 주말인 지난 12일 오후 서울 마포구 삼성스토어 홍대는 신제품을 살펴보러 온 방문객들로 붐볐다. 매장 1층에만 약 100명이 Z폴드·플립7을 살펴보거나 별도 공간에서 직원들 안내를 받아 제품을 체험했다. Z폴드·플립7 공개 후 첫 주말, 1030세대 매장 몰려매장 방문객은 1030 세대가 절반 이상을 차지했다. 갤럭시Z폴드·플립7은 역대 시리즈 가운데 가장 얇고 가벼운 외형을 갖춰 젊은 연령대에서 인기를 끌 것으로 예상되고 있다. 이날 매장 내 방문객 연령대만 놓고 보면 이 같은 예상이 일단 어느정도 적중한 셈이다. 서울 마포구에 사는 이누리 씨(28)는 그간 줄곧 아이폰을 사용해 왔지만 Z플립7의 얇은 두께를 보면서 놀라워했다. 이 씨는 ""애플엔 접히는 아이폰 자체가 없으니까 재밌기도 한데 남자친구가 갖고 있는 Z플립6보다도 얇아진 게 신기하다""며 관심을 보였다. 1030세대 시선을 끈 제품은 Z플립7이었다. 같은 시간대에 매장을 찾은 양석준 씨(29)는 지난해 처음 Z플립 제품을 구매했다. 이날 매장에서도 Z플립7을 살펴봤다. 양 씨는 Z플립 구매 이유를 묻자 ""폴드는 올드하다는 이미지가 있는데 플립은 좀 더 젊은 느낌""이라고 말했다. 얇은 두께와 가벼운 무게는 그간 '벽돌폰'이란 얘기까지 들었던 삼성 폴더블폰의 접근성을 끌어올리는 요인이 될 것으로 보인다. 서울 동대문구에서 온 여성 A씨(34)는 Z폴드·플립7을 살펴본 후 ""예전엔 획기적이긴 했지만 안정성이나 힌지 부분이 아쉬웠고 두껍기도 해서 폴더블폰을 왜 쓰나 했다. 이번 제품은 그 부분이 많이 개선되고 완성도도 올라간 것 같다""고 덧붙였다. 신제품을 보고 아이폰에서 갤럭시로 바꿀 의향이 생겼다는 반응도 있었다. 아이폰을 쓰다 갤럭시로 갈아탄 뒤 다시 아이폰을 쓰고 있는 남성 B씨(35)는 ""무게와 두께가 확실히 가볍고 얇은 것 같아서 '다음 폰으로 한 번 고민을 해볼까'라는 생각을 많이 했다""고 말했다. 
                    



서울 마포구 삼성스토어 홍대에 진열된 갤럭시Z폴드7. 사진=김대영 기자

폴더블 단점 모두 털어내…""AI 지우개 기능 가장 인기""Z플립 시리즈는 특히 1030 세대 여성들 사이에서 셀피 촬영에 최적화된 데다 다양한 '폰 꾸미기'가 가능해 인기가 높았다. 다만 두께와 무게가 만만치 않아 구매를 망설이게 만들기도 했다. Z폴드의 경우 두꺼울 뿐 아니라 접었을 때 화면 폭이 바 형태인 갤럭시S 시리즈보다 좁아 사용하는 데 불편이 컸다. Z폴드·플립7은 이 같은 단점을 모두 털어냈다. Z폴드7은 접었을 때도 바 형태 스마트폰처럼 사용할 수 있도록 화면 폭이 개선됐다. 커버 디스플레이는 6.5형 다이내믹 아몰레드 2X(너비 약 64.9㎜)로 21대 9 화면비를 갖췄다. 두께는 접었을 때 8.9㎜, 펼쳤을 때 4.2㎜에 불과하다. Z플립7은 커버 디스플레이 전체를 화면으로 사용할 수 있다. 4.1형 플렉스윈도우를 탑재했고 베젤을 1.25㎜로 얇게 제작했다. 무게는 188g으로 Z폴드7에 비해 가볍다. 1030 세대가 애용하는 갤럭시 인공지능(AI) 기반의 기능들도 구매심리를 자극하는 요인이다. 삼성스토어 홍대 관계자는 ""(젊은 사용자들은) AI 사진 편집 기능을 주로 활용하는데 AI  지우개를 가장 많이 사용한다""며 ""이번에 새로 나온 구글 제미나이 라이브도 유용한 기능으로 추천하고 있다""고 했다. 삼성스토어 홍대는 주말 사이 외국인 관광객들의 발길도 끊이지 않았다. 매장을 찾은 외국인들은 삼성스토어 내 마련된 여러 체험 프로그램을 즐기면서 제품 설명을 들었다. 체험 공간엔 외국인들과 연인·친구·가족 단위 방문객들로 가득찼다.제품을 단순 진열한 공간엔 정보기술(IT) 기기에 관심이 상대적으로 많은 연령대인 30대 남성들이 대다수였다. 이들은 직원들에게 AI 기능 활용도나 세부 사양 등을 꼼꼼히 물었다. 갤럭시 AI 기능을 배우는 'AI 클래스' 수업은 비교적 연령대가 높은 방문객들에게 인기였다. 삼성스토어 홍대는 하루 5차례에 걸쳐 25분씩 AI 클래스를 진행한다.
                    



서울 마포구 삼성스토어 홍대에 갤럭시Z폴드7에 적용된 기술을 소개하는 공간이 마련돼 있다. 사진=김대영 기자 

이달 15~21일 사전 판매…오는 25일 국내 공식 출시삼성전자는 15일부터 21일까지 Z폴드·플립7 사전 판매에 돌입한다. 공식 출시일은 오는 25일이다. 사전 판매는 전국 삼성스토어와 온라인몰인 삼성닷컴, 이동통신사 온·오프라인 매장, 오픈마켓 등에서 진행된다. 사전 구매자는 이달 22일부터 제품을 수령하고 개통할 수 있다. 또 저장 용량을 무상으로 업그레이드해주는 '더블 스토리지' 혜택도 제공된다. '뉴 갤럭시 AI 구독클럽'으로 가격 부담도 덜 수 있다. 뉴 갤럭시 AI 구독클럽을 통해 Z폴드·플립7을 자급제로 구매하면 기기를 반납할 때 최대 50% 잔존가를 보장한다. 사전 구매자의 경우 더블 스토리지 혜택이 함께 적용되는 만큼 체감 혜택이 더 크다는 설명이다. 예컨대 Z플립7 256GB 모델을 148만5000원에 사전 구매한 다음 더블 스토리지 혜택에 따라 512GB 모델을 수령할 경우 12개월을 사용한 이후 최대 반납 보상 혜택은 512GB 모델 가격을 기준으로 제공된다. 80만원이 넘는 실질 보상금액을 보장받는 셈이다. 정호진 삼성전자 한국총괄 부사장은 ""갤럭시Z폴드·플립7은 디자인부터 성능, 폴더블에 최적화된 갤럭시 AI까지 완성도를 높여 폴더블의 새로운 기준을 제시하는 제품""이라고 강조했다. 김대영 한경닷컴 기자 kdy@hankyung.com",https://www.hankyung.com/article/202507146914g,2025.07.15 14:31
"'글로벌 재계 사교 모임' 다녀온 이재용 ""여러 일정에 피곤""","선밸리 콘퍼런스 참석차 방미
하반기 삼전 실적개선 전망 질문에 ""열심히 하겠다""","/사진=연합뉴스

                이재용 삼성전자 회장이 글로벌 재계 거물들의 사교 모임인 '선 밸리 콘퍼런스' 올해 행사에 참석했다가 14일 귀국했다.이날 새벽 서울 강서구 서울김포비즈니스항공센터(SGBAC)를 통해 귀국한 이 회장은 출장 소감을 묻는 기자들에게 ""여러 일정을 하느라 피곤하다""고 답했다.이어 하반기 실적 개선 전망에 대한 질문이 나오자 ""열심히 하겠다""고 짧게 답한 뒤 현장을 떠났다.올해 2분기 삼성전자는 영업이익이 작년 동기 대비 55.9% 급락한 4조6000억원에 그쳐 어닝쇼크(실적충격)를 기록했다.고대역폭 메모리(HBM) 경쟁력이 약화한 가운데 미국의 대중 제재에 따른 파운드리(반도체 위탁생산)의 라인 가동률 하락 등 반도체 사업 부진이 크게 작용한 것으로 풀이된다.이 회장은 지난 9~13일(현지시간) 미국 아이다호주 선 밸리 리조트에서 열린 '선 밸리 콘퍼런스'에 참석차 미국에 다녀왔다. 이원진 삼성전자 글로벌마케팅실장(사장)도 이 회장과 동행해 행사에 참석했다.이 행사는 미국 투자은행 앨런&코 컴퍼니가 1983년부터 매년 7월초 주최해온 국제 비즈니스 회의다.비공개 행사지만 글로벌 미디어와 IT 업계 거물들이 주요 초청 대상자여서 '억만장자 사교클럽'으로도 불린다.올해 행사에는 아마존의 앤디 제시 최고경영자(CEO)와 제프 베이조스 창업자, 빌 게이츠 마이크로소프트 창업자, 마크 저커버그 메타 CEO, 팀 쿡 애플 CEO, 순다르 피차이 구글 CEO, 샘 올트먼 오픈AI CEO 등이 참석한 것으로 전해졌다.이 회장은 삼성전자가 반도체 등 주력 사업 부진으로 어려움을 겪고 있는 가운데 이번 행사에서 글로벌 경영 행보 구상을 정비한 것으로 풀이된다. 이 회장은 삼성전자 상무 시절인 2002년부터 매년 이 행사에 꾸준히 참석했다.특히 2014년에는 선 밸리에서 애플의 쿡 CEO를 만나 이야기를 나눴고, 이후 삼성전자와 애플은 미국 이외 지역에서 스마트폰 특허 소송을 철회했다.이 회장은 구속수감 중이던 2017년 법정에서 ""선 밸리는 1년 중 가장 바쁜 출장이고 가장 신경 쓰는 출장""이라고 말하기도 했다.그러나 그는 2017년부터 '국정농단 사건' 수사와 재판, 수감 등으로 선 밸리 콘퍼런스에 참석하지 못한 것으로 알려졌다. 부당합병·회계부정 의혹으로 기소돼 1·2심에서 무죄를 선고받은 이 회장은 오는 17일 대법원의 최종 판단을 앞두고 있다.신민경 한경닷컴 기자 radio@hankyung.com",https://www.hankyung.com/article/2025071457237,2025.07.14 08:40
단통법 11년만에 폐지…29만원 신형 폴더블 등장,,"영상 모듈 닫기




<앵커>단말기 유통법 이른바 ‘단통법’이 도입 11년 만에 오늘 폐지됐습니다. 공시지원금의 사전공시 의무가 사라지고, 추가지원금의 금액 제한도 풀렸습니다.보조금이 늘어나면서 휴대폰을 저렴하게 구매할 수 있게 됐는데, 통신사들도 고객을 잡기 위한 출혈경쟁을 시작했습니다.자세한 내용 산업부 홍헌표 기자와 알아보겠습니다. 홍 기자 먼저 단통법이 폐지되면 정확하게 뭐가 바뀌는 겁니까?<기자>지난 2014년 도입된 단말기 유통법, 이른바 ‘단통법’이 오늘 11년만에 폐지됐습니다.단통법이 폐지되면서 가장 크게 변화하는 부분은 바로 지원금입니다.과거에는 제조사와 이동통신사가 협의해 사전에 공시해 지급하는 '공시지원금'이 있었고, 여기에 대리점이나 판매점에서 공시지원금의 15% 이내에서 '추가지원금'을 줬습니다.단통법이 폐지되면서 이제 '공시지원금'이 공시의무가 사라져 '공통지원금'으로 불리고, 지원금을 자율적으로 공개할 수 있습니다.또 최대 15%로 제한했던 추가지원금은 그 제한이 사라지면서 대리점과 판매점에서 자율적으로 소비자에게 지급할 수 있게 됐습니다.먼저 통신업계 이야기 들어보겠습니다.[신성호 / KT 광화문역점 점장 : 그동안 음성적으로 성지에서 보조금을 페이백 해주던 것을 공식적으로 추가지원금을 통해 투명하게 고객에게 지원하게 되는 것도 단통법 폐지의 효과일 것으로 보고 있습니다.]음지에서 싸게 파는 곳을 보통 '성지'라고 표현했는데, 이제 일반 대리점들도 눈치보지 않고 지원금을 줄 수 있게 됐다는 의미입니다.<앵커>이렇게 되면 일단 소비자들 입장에서는 예전보다 지원금을 많이 받게 될텐데, 실제로 할인이 많이 될까요? 반응은 어땠습니까?<기자>'단통법이 사라져서 공짜폰이 난무한다' 이렇게 보기는 힘듭니다.다만 발품을 팔고, 꼼꼼하게 비교하면 단통법이 적용될 때 보다는 휴대폰을 저렴하게 구매할 수 있습니다.소비자들도 대체로 기대하는 분위기였습니다. 반응 들어보겠습니다.[윤혜진 / 서울 종로구 : 솔직히 말씀드리면 통신회사들이 너무 많이 해먹었어요. 보이지 않는 주파수 대역을 돈 매겨서 낙동강 물 가져다 파는 거랑 똑같다고 생각하거든요. 이제 좀 돌려줬으면 좋겠어요.][채성희 / 서울 서대문구 : 싸게 해주면 바꿀 의향은 있죠. 소비자들에게 도움이 많이 되고, (통신사들이) 소비자들에게 잘하려고 노력하겠죠.]대리점이 추가지원금을 무기로 소비자들에게 통신사 이동을 많이 권유할 가능성이 높습니다.대체적으로 과거보다는 지원금이 최소 10만원~20만원은 늘어날 것이라는게 현장의 반응입니다.또 지난 4월 SKT 해킹사고로 통신 3사간의 고객이동이 활발해 진 상황에서 단통법까지 폐지되면서 마케팅 경쟁이 점점 치열해지고 있습니다.SKT의 경우 새로 나온 갤럭시 Z7 시리즈를 구매할 때 제휴카드를 활용하면 최대 168만원까지 할인받을 수 있다고 밝히기도 했습니다.단통법 폐지에 삼성전자의 새 폴더블폰이 출시되면서 경쟁이 과열되고 있습니다.한편, 한국소비자원은 판매점 간 경쟁이 격화되면 요금제나 계약내용을 잘 모르는 고령 소비자의 피해가 증가할 것이라고 우려했습니다.방송통신위원회는 단통법 폐지에 따른 부작용을 최소화하기 위해 매주 통신 3사와 TF를 구성해 점검회의를 하고, 이용자 차별과 허위과장 광고 행위 등에 대해서는 엄중히 처벌하겠다고 밝혔습니다.<앵커>삼성전자의 새 폴더블 시리즈가 역대 최다 사전판매를 기록했습니다. 소비자들 입장에서는 얼마나 싸게 살 수 있을지 궁금해할텐데요, 단통법이 폐지되면 새 갤럭시 폴더블 시리즈를 공짜로 살 수 있습니까?<기자>삼성전자의 새 폴더블 스마트폰인 갤럭시 Z7 시리즈가 1주일간 사전예약에서 104만대를 판매했습니다.전작인 Z6 시리즈는 91만대, 그동안 최다 판매였던 Z5 시리즈 102만대를 넘어선 겁니다.이번 갤럭시 Z7 시리즈 판매 증가는 직접적으로는 제품 경쟁력이 가장 큰 원인입니다.여기에 단통법 폐지로 휴대폰 구매 수요가 늘어날 것으로 기대되는 간접적인 영향도 향후 반영될 것으로 보입니다.단통법이 폐지되면 얼마에 살 수 있을지 가장 저렴하게 판매한다는 이른바 '성지' 시세를 살펴보겠습니다.갤럭시 Z폴드7은 출고가가 253만원인데 129만원(124만원 보조금)에 살 수 있고, 플립7은 출고가 164만원인데, 29만원(135만원 보조금)에 살 수 있습니다.상반기 나온 갤럭시 S25는 출고가가 115만원인데(보조금 135만원), 20만원 페이백도 가능합니다.사전예약은 공시지원금 50만원에 추가지원금 약 20만원, 용량을 2배로 늘려주는 더블 스토리지까지 감안하면 약 86만원 정도 혜택입니다.단통법 폐지로 더 싸게 살 수 있는 겁니다.다만 성지는 일반 소비자가 일일이 찾기 어렵고, 대규모 보조금은 통신사 이동과 수개월 간 10만원대 요즘제를 써야하는 약정도 있다는 점 참고해야합니다.한편, 이번 갤럭시 Z7 시리즈 사전예약에서 폴드7에 비해 상대적으로 플립7은 판매량이 적었습니다.이 때문인지 오늘 곧바로 공통지원금을 50만원에서 60만원으로 올렸습니다.단통법 폐지로 이런 부분이 자유로워졌다고 볼 수 있습니다.<앵커>잘 들었습니다. 산업부 홍헌표 기자였습니다.홍헌표기자 hphong@wowtv.co.kr",https://www.hankyung.com/article/2025072252205,2025.07.22 17:36
'달러 코인' 글로벌 데뷔 임박…'원화 코인'은 아직 신중모드,"스테이블코인의 공습

美 '코인 3법' 이번주 통과 유력
韓은 수요 커지는데 '지지부진'","미국에서 달러 스테이블코인의 제도권 진입이 초읽기에 들어갔다. 달러 스테이블코인이 국제 무역 거래 및 결제의 핵심 수단으로 떠오르면 한국의 원화 주권에 미치는 파급력이 상당할 것이라는 전망이 나온다. 원화 스테이블코인이 대안 중 하나로 꼽히지만 국내에서 관련 논의는 속도를 내지 못하고 있다.14일 미국 의회에 따르면 하원은 이날부터 18일까지 ‘크립토 위크’(가상자산 주간)로 지정하고 가상자산 관련 3개 법안 심의에 나섰다. 스테이블코인 규제 법안인 지니어스 법안과 가상자산 감독 권한을 명확히 한 클래리티 법안, 미국 중앙은행(Fed)의 디지털화폐(CBDC) 발행을 금지한 반(反)CBDC 법안이다. 이 가운데 지니어스 법안은 달러 스테이블코인의 글로벌 금융시장 편입을 본격화하는 전환점이 될 것이라는 평가가 나온다. 이들 법안이 통과될 것이라는 기대에 비트코인은 이날 사상 처음으로 12만달러를 돌파했다.한국에는 ‘발등에 불’이 떨어졌다. 지난해 한국 수출입 거래에서 달러가 차지한 비중은 80%가 넘는다. 그나마 연간 600억달러 규모로 원화 결제가 이뤄지고 있지만, 달러 스테이블코인이 원화 결제 수요까지 잠식할 것이라는 우려가 제기된다. 김민승 코빗리서치센터장은 “달러 스테이블코인으로 거래가 더 빠르고 저렴해지면 기업들이 굳이 원화를 고집할 이유가 없을 것”이라고 내다봤다.기업 내부 거래에서 스테이블코인 수요가 커질 것이라는 관측도 나온다. 국정기획위원회 자문위원인 강형구 한양대 파이낸스경영학과 교수가 자체 분석한 결과, 삼성전자가 해외 법인 등 내부 거래에 스테이블코인을 활용하면 연간 최대 1억달러 이상 아낄 수 있는 것으로 나타났다.조미현/서형교 기자 mwise@hankyung.com",https://www.hankyung.com/article/2025071476801,2025.07.14 17:55
[포토] 야구장에 뜬 갤럭시 체험존,,"삼성전자는 12일까지 대전 한화생명 이글스파크에서 ‘2025 KBO 리그 올스타전’과 연계한 갤럭시 신제품 체험존을 운영한다. 1~3루 베이스와 홈 플레이트 공간을 갤럭시 Z폴드7, 갤럭시 Z플립7, 갤럭시 워치8, 스마트싱스 체험존 등으로 구성해 실제 야구 경기를 하는 것과 같은 동선을 구현한 게 특징이다.  삼성전자 제공",https://www.hankyung.com/article/2025071134061,2025.07.11 18:17
"코스피, 3190선 약세 출발…코스닥은 강보합",,"전날인 14일 오후 서울 중구 하나은행 본점 딜링룸 전광판. /사진=뉴스1

                코스피지수가 약세로 출발했다.15일 한국거래소에 따르면 오전 9시10분 현재 코스피지수는 11.28포인트(0.35%) 내린 3190.75를 기록하고 있다. 지수는 7.21포인트(0.23%) 오른 3194.82에 개장했다.외국인과 기관이 각각 148억원, 896억원 매도 우위이고 개인 홀로 1018억원 매수 우위다.유가증권시장에서 삼성전자(0.64%)와 LG에너지솔루션(0.79%), 기아(2.82%), 한국전력(3.52%) 등이 강세다. 반면 SK하이닉스(-2.83%)와 현대차(-2.07%), 기아(-1.75%) 등은 약세다. 같은 시각 코스닥지수는 2.18포인(0.27%) 오른 801.55에 거래 중이다. 지수는 0.87포인트(0.11%) 오른 800.24에 개장했다.개인이 736억원 매수 우위이고 외국인과 기관이 각각 280억원, 366억원 매도 우위다.코스닥시장에서 알테오젠과 파마리서치, 레인보우로보틱스, 리가켐바이오, 휴젤, 리노공업 등이 1% 안팎으로 강세다. 펩트론과 코오롱티슈진은 2%대, 에이비엘바이오는 4%대 오름세다. 전날 멕시코 제약사와 580억원 규모 공급 계약을 체결한 케어젠은 16% 넘게 뛰고 있다.원·달러 환율은 1.3원 오른 1382.5원에 개장했다.신민경 한경닷컴 기자 radio@hankyung.com",https://www.hankyung.com/article/2025071582926,2025.07.15 09:17
"중기중앙회 ""이재용 삼성전자 회장 무죄 판결에 환영""",,"중소기업중앙회가 17일 대법원이 이재용 삼성전자 회장에게 최종 무죄 판결을 내린 것에 대해 '적극 환영한다'는 입장을 밝혔다. 삼성전자가 경영 불확실성에서 벗어나 투자 확대와 일자리 창출로 이어질 수 있을 것이라는 기대감에서다.삼성은 2018년부터 약 700억원 규모의 자금을 출연해 2300개 중소 제조업의 스마트공장을 지원했다. 'K-푸드'나 'K-뷰티' 등 경쟁력 있는 중소기업의 글로벌 사업 지원 에도 앞장서왔다는 게 중소기업계 평가다. 중기중앙회는 ""AI와 반도체 등 미래산업을 둘러싼 국가 간 경쟁이 치열한 가운데 한국이 주도권을 확보하기 위해선 이재용 회장의 리더십이 어느 때보다 중요하다""며 ""804만 중소기업과의 상생협력을 통해 우리가 경제회복을 넘어 세계 경제를 선도할 수 있도록 노력해주길 바란다""고 밝혔다. 박진우 기자 jwp@hankyung.com",https://www.hankyung.com/article/202507174692i,2025.07.17 14:19
"코스텍시스, 594억원 규모의 공급계약 체결",,"경유레카는 한국경제신문의 디지털 미디어인 한경닷컴에서 개발한 개별 종목에대한인공지능(AI) 알고리즘 업체의 투자 의견을 종합한 'AI 컨센서스'를 제공하는 서비스입니다. '한경유레카' 앱은 구글 플레이 스토어 혹은 앱스토어에서 내려받을 수 있습니다.





종목추천 서비스 종합 플랫폼 한경유레카에 입점한 세배돈이 전거래일(16일) 코스텍시스를 추천하여 수익률 10.9%를 기록했다.세배돈은 차트의 패턴분석을 통해 상승가능성이 높은 종목을 추천하는 알고리즘이다. 세배돈은 코스텍시스에 대해 상승 깃발 패턴 모습을 보이고 있고 최근 기관 및 외국계의 매수세가 늘어났다며 해당 종목을 추천했다.한편 코스텍시스는 전일 594억원 규모의 방열 스페이서 공급계약을 체결했다고 전했다.한경유레카에서 신규가입을 하고 세배돈을 구독하면 1개월간 무료로 추천종목을 문자로 받아볼 수 있다.  본 글은 투자 참고용입니다.쿠콘 삼성전자 청담글로벌 제일일렉트릭 파인엠텍",https://www.hankyung.com/article/202507173425a,2025.07.17 09:05
"15일, 거래소 외국인 순매수상위에 전기,전자 업종 6종목",,"외국인 투자자는 15일 거래소에서 삼성전자, 한화에어로스페이스, 두산에너빌리티 등을 중점적으로 사들인 것으로 나타났다.외국인 투자자의 순매수 상위 20개 종목은 삼성전자, 한화에어로스페이스, 두산에너빌리티, 풍산, 카카오, HD현대일렉트릭, 이수페타시스, 삼성중공업, 현대로템, 한화솔루션등이다.이중에 전기,전자 업종에 속한 종목이 6개 포함되어 있다.삼성전자, 한화에어로스페이스, 두산에너빌리티 등은 전일 대비 주가가 상승했고, 카카오, 달바글로벌 등은 주가가 하락했다.[07월15일]거래소 외국인 순매수 상위 종목한경로보뉴스이 기사는 한국경제신문과 금융 AI 전문기업 씽크풀이 공동 개발한 기사 자동생성 알고리즘에 의해 실시간으로 작성된 것입니다.",https://www.hankyung.com/article/202507150335L,2025.07.15 18:35
[사설] 이이제이(以夷制夷)로 가전영토 확장 나선 LG전자,,"LG전자가 중국의 중견 가전회사인 스카이워스와 함께 60만원대 9㎏짜리 드럼세탁기를 생산해 다음달부터 유럽 전역에서 판매하기로 했다. 다른 중국 기업인 오쿠마와는 400L급 2도어 냉장고를 개발해 비슷한 가격에 내놓는다. 프리미엄 이미지가 강한 LG 가전이 메이디, 하이얼 등 중국 기업 제품이 휩쓰는 세계 중저가 가전 시장을 잡기 위해 중국 현지 기업을 활용하기로 한 것이다. 호랑이를 잡기 위해 호랑이굴로 뛰어든, 일종의 ‘이이제이’ 전략이라고 할 만하다.LG가 설계, 디자인, 제품 개발을 주도하되 중국 제휴처도 참여시키는 합작 개발 방식(JDM)이라고 한다. 제조원가가 낮은 중국 업체가 제품을 생산하지만, LG 브랜드로 출시하고 애프터서비스(AS)도 LG가 맡는다. 브랜드 파워와 AS 신뢰도를 감안할 때 중국과 충분히 경쟁할 만하다는 게 LG 판단이다. 앞으로 에어컨, 건조기 등으로 제품을 확대하고 판매 지역도 중국과 동남아시아, 남미 등으로 넓힐 계획이다.LG가 글로벌 보급형 가전 시장을 공략하기 위해 중국 현지 제휴처를 동원한 것은 사실 불가피한 선택이다. 중저가 시장을 장악하며 덩치를 키운 중국 업체들이 LG와 삼성이 쥐고 있는 프리미엄 시장에 도전장을 내밀고 있기 때문이다. 프리미엄 시장을 지키기 위해서라도 파이가 큰 대중형 시장을 방치할 수 없는 상황이다.중국 최대 가전기업 메이디의 지난해 영업이익은 8조9000억원으로 LG전자 생활가전·TV 부문의 4배 수준이다. 싼 가격에 품질도 괜찮은 제품을 앞세워 중국 본토는 물론 세계 시장에서 승승장구하고 있다. ‘가성비 전략’으로 영토를 확장한 뒤 하이엔드 시장까지 접수한 한국의 성공 방정식을 중국 기업들이 따라가고 있다. 어떻게든 큰 시장에서 밀려나서는 안 되는 이유다.최근 세계 최대인 중국 시장 재공략을 발표한 현대자동차·기아와 마찬가지로 ‘중국 가전 천하’ 허물기에 나선 LG 가전을 응원한다.",https://www.hankyung.com/article/2025071501401,2025.07.15 17:31
,,,https://magazine.hankyung.com/business/article/202507174828b,
"코스피, 3200선 회복 후 차익실현 매물에 하락 마감…코스닥은 상승","장중 심리적 저항선 3200선 돌파…연고점 재경신
주도 업종서 차익 실현 매물 출회
원전·전력기기·방산株 약세 마감
반도체·2차전지·재생에너지株 강세","사진=뉴스1

                코스피지수가 11일 장중 3200선을 회복하며 연고점을 경신했으나 차익실현 매물에 하락 마감했다. 3년10개월 만에 심리적 저항선인 3200선을 돌파했으나 그간 시장을 주도한 방산·원전 업종 등을 중심으로 차익 실현 압력이 확대되며 상승분을 반납했다.이날 코스피지수는 전날보다 7.46포인트(0.23%) 내린 3175.77로 장을 마쳤다. 지수는 이날 0.1% 오름세로 출발 후 빠르게 상승폭을 확대해 3216.69까지 올라 연고점을 재차 경신했다. 코스피지수가 3200선을 넘어선 건 종가 기준으로 2021년 9월6일(3203.33) 이후 3년10개월 만이다. 하지만 얼마 못 가 상승분을 점차 반납하다 보합권에서 등락을 이어갔고, 오후 2시7분께를 기점으로 하락세를 굳혔다. 이로써 4거래일 연속 이어졌던 상승세가 끝났다.유가증권시장에서 외국인과 기관이 각각 1267억원과 664억원어치를 팔아치웠다. 반면 개인만 1466억원어치를 사들였다. 연기금은 이날 33억원어치를 담아 3거래일 연속 순매수 기조를 유지했다. 이날 새벽 미국 증시를 비롯해 아시아 주요 증시가 상승세로 마쳤다. 간밤 다우존스30산업지수는 0.43% 올랐고 스탠더드앤드푸어스(S&P)500지수와 나스닥종합지수는 각각 0.27%와 0.09% 상승해 사상 최고치를 경신했다. 홍콩 항셍지수는 1.72% 올랐고 중국 상하이종합지수와 대만 가권지수도 각각 0.54%와 0.25% 상승했다. 코스피지수가 하락 마감한 건 차익 실현 압력이 커졌기 때문으로 분석된다.이경민 대신증권 연구원은 ""코스피지수는 장중 3200선을 터치한 뒤 저항에 부딪히며 상승폭을 반납했다""고 말했다.코스피 시가총액 상위 종목 중 HD현대중공업(-3.12%) 네이버(-2.5%) 삼성바이오로직스(-2.13%) SK하이닉스(-0.84%) 등이 내렸고 LG에너지솔루션(1.1%) 기아(0.7%) KB금융(0.43%) 등이 올랐다. 이날 LS일렉트릭(-4.5%) 두산에너빌리티(-4.12%) 비에이치아이(-3.77%) 등 원전·전력설비주와 한화에어로스페이스(-5.51%) 한화시스템(-3.56%) LIG넥스원(-3.55%) 등 방산주가 급락했다. 순환매 장세가 나타난 가운데 그동안 시장을 주도한 업종에서 차익 실현 매물이 풀렸다는 게 증권업계 분석이다.반면 삼성전자(2.62%)를 비롯해 한솔케미칼(5.59%)과 원익IPS(4.8%) 등 반도체주는 강세로 마감했다. 엔비디아 시총이 4조달러를 처음 넘어선 가운데 세계 최대 위탁생산(파운드리) 업체인 대만 TSMC의 올 4~6월 매출이 사상 최대치를 경신하면서 투자심리를 개선한 것으로 풀이된다.또 재생에너지 100%(RE100) 산업단지 조성이 본격 추진된다는 소식에 OCI홀딩스(11.9%)를 비롯해 그린케미칼(3.41%) HD현대에너지솔루션(2.99%) 한화솔루션(2.02%) 씨에스윈드(2.0%) 등 재생에너지주가 강세로 마감했다.엘앤에프(11.32%)를 비롯해 포스코퓨처엠(7.34%)과 삼성SDI(5.34%) 등 2차전지주가 급등했다. 간밤 테슬라가 로보택시 지역 확장과 인공지능(AI) 서비스 탑재 기대감에 반등하면서 국내 2차전지주에도 훈풍이 분 것으로 보인다.코스닥지수는 전날보다 2.77포인트(0.35%) 오른 800.47로 거래를 마쳐 5거래일 연속 상승세를 보였다. 종가 기준으로 지난달 24일(800.93) 이후 13거래일 만에 800선을 회복했다. 코스닥시장에서는 외국인과 기관이 각각 563억원과 96억원어치를 사들인 반면 개인이 638억원어치를 팔아치웠다.코스닥 시총 상위 종목 중 에코프로(4.19%) 에코프로비엠(3.65%) HLB(1.19%) 리노공업(0.9%) 등이 오른 반면 리가켐바이오(-3.6%) 펩트론(-2.64%) 알테오젠(-2.23%) 삼천당제약(-1.83%) 휴젤(-1.7%) 레인보우로보틱스(-0.55%) 등이 내렸다.이날 서울 외환시장에서 원·달러 환율은 전장 대비 5.4원 오른 1375.4원으로 주간 거래를 마쳤다. 고정삼 한경닷컴 기자 jsk@hankyung.com",https://www.hankyung.com/article/2025071129386,2025.07.11 16:04
"이자 부담은 최소로, 투자 효율은 최대로! 신용대출 3%대 활용법",,"전송종목 : KG에코솔루션, 아톤, 제로투세븐, 싸이맥스, 애경케미칼




 

최근 주식 투자자들 사이에서 주식대출(미수/신용융자 등)의 고금리에 대한 부담이 커지고 있다.특히 저금리를 적용 받고 싶어도, 기존 대출을 상환하고 다시 주식을 매수해야 하는 번거로운 절차와 자금 조달의 어려움이 발목을 잡고 있다.이런 현실적인 문제를 해결하고자, 무빙스탁이 ‘증권사 신용, 대환자금대출’ 서비스를 전격 출시했다.이 상품은 주식을 매도하지 않고도, 기존의 고금리의 주식대출(미수/신용융자 등)의 3%대의 혁신적인 저금리 증권사로 전환할 수 있도록 상환자금을 제공하는 것이 핵심이다.무빙스탁 관계자는 “현재 증권사 이벤트 금리는 연 3%대 수준으로, 기존 9~10%대 고금리를 적용받는 투자자라면 절감 효과가 상당하다”며, 금리를 5%만 낮추면 “1억원 신용대출 기준으로 연간 약 500만원, 3억원이라면 1,500만원까지도 절약할 수 있다”고 밝혔다.더 놀라운 점은, 현재는 이벤트 기간으로 대환자금대출 신청시 발생하는 이자 비용까지 ‘0원’이라는 사실이다. 대환자금에 대해서 하루의 대출이자도 부담하지 않고 기존 고금리 대출을 저금리로 전환할 수 있어, 고금리 부담에 시달리던 투자자들에게 큰 호응을 얻을 전망이다.이 서비스는 부동산 시장에서 흔히 이용되던 대환대출 개념을 증권시장에 도입한 혁신적인 시도로, 주식 투자자들의 자금 운용에 새로운 대안을 제시할 것으로 기대된다.무빙스탁 ‘증권사 신용, 대환자금대출’의 비용 무료 이벤트는 이벤트 기간 동안 한정적으로 제공되는 만큼, 신용융자를 이용 중인 투자자라면 지금 바로 확인해볼 필요가 있다.★ 장마감 시간이 가까워질수록 문의가 많아 상담이 지연될 수 있습니다.★ 7월 문의하신 고객들이 많이 보유하신 종목으로는 삼성전자, POSCO홀딩스, 셀트리온, 포스코퓨처엠, 에코프로비엠, NAVER, 에코프로, 삼성SDI, LG화학, SK하이닉스, 두산에너빌리티, 카카오, SK이노베이션, LG에너지솔루션, 엘앤에프, 삼천당제약, 현대차, 알테오젠, HPSP, LG전자 등이 있습니다.★ 안내사항과도한 빚은 당신에게 큰 불행을 안겨줄 수 있습니다. 대출 시 신용등급 하락으로 다른 금융거래가 제약받을 수 있습니다. 중개수수료를 요구하거나 받는 것은 불법입니다.상호명: ㈜단비대부 2021-서울영등포-2102(대부업) | TEL: 1544-4886 | 대출금리: 연 20%이내(연체금리는 약정금리+3%p이내, 최대 연 20%이내) | 단, 2021. 7. 7.부터 신규체결, 갱신, 연장되는 계약에 한함 | 채무의 조기상환 조건 및 부대비용 없음. (단, 신용조회비용 및 담보권설정비용 있음), 이자 외 별도로 중개수수료를 요구하거나 수취하는 것은 불법입니다. | 대표이사: 박동원 | 사업자등록번호: 274-86-00231 | 등록기관명칭: 서울 영등포구청(담당부서: 일자리경제과, 02-2670-3420) | 소재지 : 서울 영등포구 여의대방로67길 11, 5층 517호 | 개인정보관리자메일: help@danbifund.co.kr무료상담",https://www.hankyung.com/article/202507173387a,2025.07.17 13:28
합리적 투자 필수! 증권사 신용대출 3%대 전환으로 이자 절감,,"전송종목 : 신세계 I&C, KG이니시스, 이지홀딩스, 서희건설, 유니셈최근 주식 투자자들 사이에서 주식대출(미수/신용융자 등)의 고금리에 대한 부담이 커지고 있다.특히 저금리를 적용 받고 싶어도, 기존 대출을 상환하고 다시 주식을 매수해야 하는 번거로운 절차와 자금 조달의 어려움이 발목을 잡고 있다.이런 현실적인 문제를 해결하고자, 무빙스탁이 ‘증권사 신용, 대환자금대출’ 서비스를 전격 출시했다.이 상품은 주식을 매도하지 않고도, 기존의 고금리의 주식대출(미수/신용융자 등)의 3%대의 혁신적인 저금리 증권사로 전환할 수 있도록 상환자금을 제공하는 것이 핵심이다.무빙스탁 관계자는 “현재 증권사 이벤트 금리는 연 3%대 수준으로, 기존 9~10%대 고금리를 적용받는 투자자라면 절감 효과가 상당하다”며, 금리를 5%만 낮추면 “1억원 신용대출 기준으로 연간 약 500만원, 3억원이라면 1,500만원까지도 절약할 수 있다”고 밝혔다.더 놀라운 점은, 현재는 이벤트 기간으로 대환자금대출 신청시 발생하는 이자 비용까지 ‘0원’이라는 사실이다. 대환자금에 대해서 하루의 대출이자도 부담하지 않고 기존 고금리 대출을 저금리로 전환할 수 있어, 고금리 부담에 시달리던 투자자들에게 큰 호응을 얻을 전망이다.이 서비스는 부동산 시장에서 흔히 이용되던 대환대출 개념을 증권시장에 도입한 혁신적인 시도로, 주식 투자자들의 자금 운용에 새로운 대안을 제시할 것으로 기대된다.무빙스탁 ‘증권사 신용, 대환자금대출’의 비용 무료 이벤트는 이벤트 기간 동안 한정적으로 제공되는 만큼, 신용융자를 이용 중인 투자자라면 지금 바로 확인해볼 필요가 있다.★ 장마감 시간이 가까워질수록 문의가 많아 상담이 지연될 수 있습니다.★ 7월 문의하신 고객들이 많이 보유하신 종목으로는 삼성전자, POSCO홀딩스, 셀트리온, 포스코퓨처엠, 에코프로비엠, NAVER, 에코프로, 삼성SDI, LG화학, SK하이닉스, 두산에너빌리티, 카카오, SK이노베이션, LG에너지솔루션, 엘앤에프, 삼천당제약, 현대차, 알테오젠, HPSP, LG전자 등이 있습니다.★ 안내사항과도한 빚은 당신에게 큰 불행을 안겨줄 수 있습니다. 대출 시 신용등급 하락으로 다른 금융거래가 제약받을 수 있습니다. 중개수수료를 요구하거나 받는 것은 불법입니다.상호명: ㈜단비대부 2021-서울영등포-2102(대부업) | TEL: 1544-4886 | 대출금리: 연 20%이내(연체금리는 약정금리+3%p이내, 최대 연 20%이내) | 단, 2021. 7. 7.부터 신규체결, 갱신, 연장되는 계약에 한함 | 채무의 조기상환 조건 및 부대비용 없음. (단, 신용조회비용 및 담보권설정비용 있음), 이자 외 별도로 중개수수료를 요구하거나 수취하는 것은 불법입니다. | 대표이사: 박동원 | 사업자등록번호: 274-86-00231 | 등록기관명칭: 서울 영등포구청(담당부서: 일자리경제과, 02-2670-3420) | 소재지 : 서울 영등포구 여의대방로67길 11, 5층 517호 | 개인정보관리자메일: help@danbifund.co.kr무료상담",https://www.hankyung.com/article/202507111598a,2025.07.11 13:28
"삼성, 집중호우 수해 복구에 30억원 성금 기부",,"삼성은 전국 각지에서 발생한 집중호우로 큰 피해를 입은 주민들을 위로하고 신속한 피해 복구를 지원하기 위해 성금 30억원을 기부했다고 21일 밝혔다. 사진은 전자서비스 특별 점검 서비스를 실시하는 모습. / 사진=삼성전자 제공

                삼성은 전국 각지에서 발생한 폭우로 피해를 입은 주민들을 위해 30억원을 지원하기로 결정했다고 21일 밝혔다.삼성에 따르면 이번 성금 기부에는 삼성전자와 삼성디스플레이, 삼성SDI, 삼성전기, 삼성SDS, 삼성생명, 삼성화재, 삼성물산 등 8개 관계사가 참여했다.삼성은 30억원뿐만 아니라, 임시 대피소에서 생활하는 이재민을 위해 생필품 등으로 구성된 긴급구호키트 1000개, 거주용 천막 300개도 제공하기로 했다.삼성전자서비스는 지난 18일부터 수해 복구 특별서비스팀을 파견해 가전제품과 휴대폰 무상 점검 서비스를 제공하고 있다. 침수 피해가 집중된 지역에는 서비스 엔지니어들이 피해 가구를 직접 방문하는 중이다.삼성카드는 금융 지원에 나섰다. 집중호우 피해 고객들이 올해 7∼9월에 이용한 신용카드 결제 대금 청구를 최장 6개월까지 유예하고, 결제 예정 금액을 무이자로 6개월까지 분할 납부할 수 있도록 지원한다는 계획이다. 또 피해 고객들의 카드대출 이자를 최대 30%까지 감면하고, 9월 내에 만기가 도래하는 장기카드대출은 만기를 연장해주기로 했다.삼성은 앞서 올해 초 경북·경남·울산 산불 당시에도 구호 성금 30억원과 10억원 상당 가전제품을 기부하고 긴급구호키트 제공, 침수 가전 무상 점검 지원 등에 나선 바 있다.홍민성 한경닷컴 기자 mshong@hankyung.com",https://www.hankyung.com/article/2025072123637,2025.07.21 16:46
이자 부담 최소화! 증권사 신용대출 3%대로 바꾸는 절호의 기회,,"전송종목 : 삼성SDI, 대한유화, 미래에셋증권, GS리테일, 오뚜기최근 주식 투자자들 사이에서 주식대출(미수/신용융자 등)의 고금리에 대한 부담이 커지고 있다.특히 저금리를 적용 받고 싶어도, 기존 대출을 상환하고 다시 주식을 매수해야 하는 번거로운 절차와 자금 조달의 어려움이 발목을 잡고 있다.이런 현실적인 문제를 해결하고자, 무빙스탁이 ‘증권사 신용, 대환자금대출’ 서비스를 전격 출시했다.이 상품은 주식을 매도하지 않고도, 기존의 고금리의 주식대출(미수/신용융자 등)의 3%대의 혁신적인 저금리 증권사로 전환할 수 있도록 상환자금을 제공하는 것이 핵심이다.무빙스탁 관계자는 “현재 증권사 이벤트 금리는 연 3%대 수준으로, 기존 9~10%대 고금리를 적용받는 투자자라면 절감 효과가 상당하다”며, 금리를 5%만 낮추면 “1억원 신용대출 기준으로 연간 약 500만원, 3억원이라면 1,500만원까지도 절약할 수 있다”고 밝혔다.더 놀라운 점은, 현재는 이벤트 기간으로 대환자금대출 신청시 발생하는 이자 비용까지 ‘0원’이라는 사실이다. 대환자금에 대해서 하루의 대출이자도 부담하지 않고 기존 고금리 대출을 저금리로 전환할 수 있어, 고금리 부담에 시달리던 투자자들에게 큰 호응을 얻을 전망이다.이 서비스는 부동산 시장에서 흔히 이용되던 대환대출 개념을 증권시장에 도입한 혁신적인 시도로, 주식 투자자들의 자금 운용에 새로운 대안을 제시할 것으로 기대된다.무빙스탁 ‘증권사 신용, 대환자금대출’의 비용 무료 이벤트는 이벤트 기간 동안 한정적으로 제공되는 만큼, 신용융자를 이용 중인 투자자라면 지금 바로 확인해볼 필요가 있다.★ 장마감 시간이 가까워질수록 문의가 많아 상담이 지연될 수 있습니다.★ 7월 문의하신 고객들이 많이 보유하신 종목으로는 삼성전자, POSCO홀딩스, 셀트리온, 포스코퓨처엠, 에코프로비엠, NAVER, 에코프로, 삼성SDI, LG화학, SK하이닉스, 두산에너빌리티, 카카오, SK이노베이션, LG에너지솔루션, 엘앤에프, 삼천당제약, 현대차, 알테오젠, HPSP, LG전자 등이 있습니다.★ 안내사항과도한 빚은 당신에게 큰 불행을 안겨줄 수 있습니다. 대출 시 신용등급 하락으로 다른 금융거래가 제약받을 수 있습니다. 중개수수료를 요구하거나 받는 것은 불법입니다.상호명: ㈜단비대부 2021-서울영등포-2102(대부업) | TEL: 1544-4886 | 대출금리: 연 20%이내(연체금리는 약정금리+3%p이내, 최대 연 20%이내) | 단, 2021. 7. 7.부터 신규체결, 갱신, 연장되는 계약에 한함 | 채무의 조기상환 조건 및 부대비용 없음. (단, 신용조회비용 및 담보권설정비용 있음), 이자 외 별도로 중개수수료를 요구하거나 수취하는 것은 불법입니다. | 대표이사: 박동원 | 사업자등록번호: 274-86-00231 | 등록기관명칭: 서울 영등포구청(담당부서: 일자리경제과, 02-2670-3420) | 소재지 : 서울 영등포구 여의대방로67길 11, 5층 517호 | 개인정보관리자메일: help@danbifund.co.kr무료상담",https://www.hankyung.com/article/202507210589a,2025.07.21 08:43
[부고] 전상백 前 한국종합건축사사무소 회장 별세 外,,"▶전상백 前 한국종합건축사사무소 회장 별세, 전현숙 前 서울YWCA 사무총장·전병우 성균관대 전자전기공학부 교수·전병규 한국종합건축사사무소 본부장·전경아씨 부친상=17일 삼성서울병원, 발인 21일 오전 6시45분 02-3410-6917▶김명숙씨 별세, 이재환씨 부인상, 류부영씨 모친상, 이동주 前 더불어민주당 국회의원 장모상=19일 인천의료원, 발인 21일 오전 10시30분 032-580-6671",https://www.hankyung.com/article/2025072000971,2025.07.20 17:34
"""젠슨 황, 워싱턴에서 팀쿡과 머스크 영향력 제쳐""","""美정부와 中시장 능숙하게 넘나들며 정치수완 행사""
팀 쿡은 트럼프 1기때 파워 사라지고 머스크는 결별","사진=REUTERS

                트럼프 2기 행정부에서 최고의 영향력을 가진 기업인으로 엔비디아의 최고경영자(CEO) 젠슨 황이 부상하고 있다. AI혁명을 주도하는 혁신적 기업가 이미지에 미국과 중국의 무역 전쟁 사이에서 정치적 수완까지 갖춘 것으로 평가받고 있다.22일(현지시간) CNBC에 따르면, 젠슨 황 엔비디아 CEO가 트럼프 1기때 애플의 CEO 팀 쿡과 트럼프 2기 초반 일론 머스크의 영향력도 넘어서고 있다.트럼프 1기 행정부에서 중국과 무역 전쟁이 벌어졌을 때 애플의 팀 쿡은 중국에서 생산해 미국에 들여오는 아이폰에 대한 관세를 피했다. 이 당시 팀 쿡은 중국산 아이폰에 관세를 부과하면 중국산이 아닌 삼성전자의 스마트폰이 미국에서 유리해진다고 트럼프를 설득해 성공한 것으로 알려졌다. 이 결과 쿡은 베이징에 파견된 미국 기업 특사라는 명성도 얻었다. 그러나 애플은 트럼프 2기에서는 미국의 가장 가치있는 기업이라는 지위도 엔비디아에 내줬다. 정치적 영향력에서도 젠슨 황의 카리스마있는 리더십이 쿡을 앞지르고 있다고 기술 전문가들은 평가하고 있다. 웨드부시증권의 댄 아이브스는 ”황 회장은 AI 혁명에서의 성공으로 세계적 인물이 되었고 정치적으로도 새로운 역할을 맡았다”고 말했다. 아이브스는 “AI 혁명을 촉진하는 유일한 칩을 갖고 있는 황회장이 정치적 상황을 헤쳐 나가기 아주 유리한 입장”이라고 말했다. 젠슨 황은 지난 주 베이징을 방문했을 때 중국용 AI칩인 H20 칩의 중국 판매를 곧 재개한다고 발표했다. 지난 4월 트럼프 정부는 H20칩의 대중 수출을 금지하자 황CEO는 공개적으로 로비를 해왔다. 황은 중국 방문 직전에도 워싱턴 D.C.에서 트럼프 대통령을 만났다. 아이브스는 H20 칩의 수출 재개는 ”엔비디아와 젠슨 황에게 역사적 승리”라며 “트럼프 정부내에서 황의 정치적 영향력이 점점 커지고 있음을 보여준다”고 말했다. 젠슨 황은 올해 트럼프 대통령을 여러 차례 만났으며, 5월에는 중동 순방에도 동행했다. 이를 통해 아랍 에미리트에 엔비디아의 첨단 AI칩 수십만 개를 공급하는 대규모 AI 계약도 체결했다. 중동 방문 후 황은 미국의 대중 반도체 수출 규제가 ‘실패’이며 미국의 기술 리더십을 침식해 중국 기업에 이익이 될 것이라고 주장해왔다. DGA-올브라이트 스톤브리지 그룹의 기술 정책 책임자인 폴 트리올로는 CNBC와의 인터뷰에서 황의 주장이 백악관 AI 및 암호화폐 책임자인 데이비드 삭스의 생각과 일치한다고 언급했다. 그는 ″삭스와 황은 둘 다 미국 기술의 중국 수출을 제한하면 중국 기업이 자국내 대체품을 쓰게 될 것이라고 주장해왔다”고 말했다. 트럼프가 11월 두 번째 대선에서 승리하고 취임했을 때만 해도 중국에 최대 규모의 공장을 가동하는 테슬라의 일론 머스크가 미국과 중국을 연결하는 다리 역할을 할 것으로 예상해왔다. 그러나 머스크는 6월 이후 트럼프와 공개적으로 결별했다. 애플의 쿡도 트럼프 2기에는 트럼프 행정부와 소원해졌다. 애플이 2월에 미국내에 5,000억달러를 투자한다고 발표했음에도 트럼프는 미국내에서 아이폰을 생산하지 않으면 관세를 부과할 수 있다는 운을 뗐다. 트럼프 대통령의 무역 정책 고문인 피터 나바로도 쿡이 중국에서 아이폰의 생산 시설을 이전하는 속도가 느리다고 비판했다. 트리올로는 “황이 미국 정부와 중국 시장을 상당히 능숙하게 넘나들고” ”트럼프 대통령도 그의 열렬한 팬인 듯”하지만, 트럼프정부가 반도체 수출 제한에 어디까지 선을 그을지는 아직 불분명하다고 지적했다. 로듐 그룹의 이사인 레바 구존도 ″현재 엔비디아는 칩 수출 통제의 주요 타깃에서 주요 영향력 행사자로 변모했지만 이 상황이 얼마나 지속될 지가 관건”이라고 말했다. 미국은 현재 반도체에 대한 관세 부과를 목표로 반도체 전반에 대한 조사를 진행중이다. 이는 트럼프 행정부의 목표와 엔비디아의 사업이 다시 한번 상충되는 결과를 초래한다. 엔비디아의 주요 공급자인 TSMC 등은 미국내 생산 시설을 확충하고 있지만 대부분은 여전히 미국 바깥에 있다. 김정아 객원기자 kja@hankyung.com",https://www.hankyung.com/article/202507225441i,2025.07.22 20:47
"외국인, 두 달 연속 ‘국장 순매수’…투자심리 반등 조짐",,"증권투자자금 50억 달러 넘게 유입…정책 기대감·중동 리스크 완화 영향외국인이 두 달 연속으로 국내 증시에 자금을 투입하며 투자심리가 되살아나는 분위기다. 한국은행에 따르면, 6월 외국인의 국내 증권투자자금은 총 50억 8천만 달러 순유입되었으며, 이 중 주식은 22억 7천만 달러로 전달 14억 5천만 달러 대비 크게 증가했다.이번 외국인 자금 유입의 배경으로는 ▲새 정부 출범에 따른 정책 기대감 ▲중동 지역 지정학적 불확실성 완화 ▲환율 안정화 등이 꼽힌다. 특히 외국인 투자자들이 IT·소재·수출 제조업 중심으로 포트폴리오를 확대하면서, 대형주 중심으로 매수세가 유입되고 있다.증시 전문가들은 “과거와 달리 외국인 자금은 단기성보다 상대적 가치투자 또는 정책 수혜 기대 업종에 전략적으로 유입되고 있다”며, “국내 투자자들도 외국인 수급의 방향성과 연동되는 종목군을 중심으로 매매 전략을 세우는 것이 중요하다”고 조언했다.




 

이러한 외국인 수급 개선 흐름 속에 일부 개인 투자자들은 스탁론(주식담보대출)을 활용한 대형 우량주 중심의 레버리지 매수 전략을 활용하고 있다. 특히 외국인 비중이 높은 종목에서 주가 탄력성이 빠르게 나타나는 경우, 스탁론을 활용한 단기 대응이 수익 기회로 작용할 수 있다는 평가다.전문가들은 “스탁론은 수익률 확대 수단이 될 수 있지만, 금리와 매수 구간에 따라 리스크도 크기 때문에 외국인 수급과 실적 기반이 명확한 종목 중심의 전략적 접근이 필요하다”고 강조했다.▶ 더머니스탁론 신규 상품 전격 출시! (DSR 규제 X)▶ 최대 400% 레버리지 투자, 증권사 신용미수 대환 가능!▶ 한 종목 100% 집중 투자 가능!▶ 더머니스탁론 바로가기 (https://themoney.co.kr/ha)▶ 더머니스탁론 전화 상담 1600-7096▶ 더머니스탁론 카카오톡 상담 (http://pf.kakao.com/_cVfxbn/chat)관심종목: 삼성전자, SK하이닉스, 포스코퓨처엠, 현대차, LG에너지솔루션무료상담",https://www.hankyung.com/article/202507109672a,2025.07.10 14:10
"솔브레인홀딩스, 미국 정책 수혜·실적 회복·수급 개선에 주가 강세",,"솔브레인홀딩스 주가가 최근 뚜렷한 상승 흐름을 보이며 투자자들의 이목을 끌고 있다. 가장 먼저 주목받는 요인은 미국 정부의 ‘FEOC(해외 우려 기관)’ 지정 정책이다. 미국 재무부 및 에너지부는 중국계 기업에 대한 규제를 강화하며 FEOC 지침을 발표했으며, 이로 인해 미국 내 전해질 시장에서 중국산 사용이 제한되면서 미국 공장에서 전해질을 생산·공급하는 솔브레인홀딩스가 수혜주로 부각됐다.수급 측면에서도 긍정적인 변화가 감지된다. 7월 16일에는 외국인과 기관이 각각 2만 주, 2.4만 주를 순매수하면서 동반 매수가 유입됐고, 이로 인한 기술적 반등이 시장에 활성화된 것으로 보인다. 또한 ‘기업 가치 재평가’ 기대도 상승 배경으로 지목되고 있다.이외에도 반도체 연결 자회사 솔브레인의 고객인 삼성전자와 SK하이닉스에 대한 매출 확대 기대 역시 주목된다. 삼성·SK 강세에 동반하여 솔브레인홀딩스의 기술 경쟁력이 부각된 영향이다.종합해 보면, 솔브레인홀딩스의 최근 주가 상승은 미국의 정책 수혜 기대 → 실적 반등 기대 → 외국인·기관 동반 매수 → 밸류에이션 재평가 흐름이 완성한 선순환 구도 덕분이다. 향후 주가는 미국 FEOC 정책의 구체화 내용, 3분기 실적 실증, 수급 지속 여부를 주요 변수로 삼아 향방을 가늠해야 할 것으로 보인다.삼성중공업, 로보티즈, 삼천당제약, HD현대일렉트릭, 삼성SDI무료상담",https://www.hankyung.com/article/202507186555a,2025.07.18 10:53
삼성·SK…반도체 대기업 취업신화 쓰는 영진전문대,실무교육…10년간 1247명 취업,"최근 10년간 대기업에 1000명 이상이 취업한 영진전문대 반도체전자계열이 인공지능(AI), 빅데이터 등 디지털 신산업 인재를 양성해 주목받고 있다.영진전문대는 반도체전자계열 졸업생이 최근 10년간(2016~2025년) 1247명의 대기업 취업자를 배출했다고 16일 발표했다. 졸업생이 취업한 곳은 삼성, SK, LG 등 국내 주요 대기업을 비롯해 반도체, 디스플레이, 소재부품, 미래자동차산업 전반에 걸친 첨단 기술 기업들이다.취업자의 출신 지역은 대구·경북을 넘어 경기, 충북, 경남, 전남 등 전국에 분포해 있다. 충북 청주 출신으로 졸업 전인 2022년 11월 SK하이닉스에 조기 입사한 박정윤 씨는 “어릴 적부터 봐온 SK하이닉스가 제 일터가 됐다는 게 아직도 믿기지 않는다”며 “영진전문대에서의 실무 중심 수업과 꼼꼼한 실습, 교수님의 세심한 지도가 큰 도움이 됐다”고 말했다.반도체전자계열은 2026학년도부터 첨단산업의 흐름을 반영해 반도체시스템과, 반도체융합전자과, 친환경배터리화공소재과, 미래모빌리티과 등 4개로 세분화된다. 이들 전공은 메모리, 전력, 시스템 반도체는 물론 디스플레이, 반도체 후공정, 태양전지, 전자장치까지 첨단산업 전반을 아우른다. 2026학년도에는 전국 전문대 최대 정원인 277명을 수시 및 정시에서 모집할 예정이다.반도체전자계열은 반도체장비운용·XR반도체공정장비·반도체장비제어 실습실 등 국내 최고 수준의 실습 인프라를 자랑한다. SK하이닉스, 베스트피엠피, 에이블 등 반도체 장비 유지보수 전문 기업과 협약을 맺어 약 500명의 장비 엔지니어를 이들 기업에 진출시켰다.김재완 영진전문대 반도체전자계열 교수는 “반도체, 정보통신, 소프트웨어가 융합하는 시대를 맞아 이에 걸맞은 핵심 인재를 양성하는 데 매진하고 있다”고 강조했다.대구=오경묵 기자 okmook@hankyung.com",https://www.hankyung.com/article/2025071626321,2025.07.16 17:56
"엔비디아, H20 중국 수출 재개에 웃는 '삼성전자'","H20 중국서 분기 조단위 매출
H20에 삼성 HBM3 탑재","젠슨 황 엔비디아 최고경영자(CEO). 사진=REUTER

                미국 트럼프 행정부가 엔비디아의 중국 수출용 인공지능(AI) 칩 'H20' 공급 재개를 허가하면서 삼성전자의 고대역폭메모리(HBM) 판매 확대에 따른 하반기 실적 개선 기대감이 커졌다.16일 외신 등에 따르면 엔비디아는 15일(현지시간) 성명을 통해 ""H20 칩을 다시 판매하기 위한 허가 신청서를 제출하고 있다""며 ""미국 정부는 엔비디아에 라이선스를 부여하겠다고 약속했으며, 엔비디아는 곧 공급을 시작할 수 있길 희망한다""고 밝혔다.제3회 중국국제공급망촉진박람회 참석을 위해 중국을 방문한 젠슨 황 엔비디아 최고경영자(CEO)도 기자들과 만나 ""미국이 H20 칩의 중국 판매를 승인함에 따라 해당 제품의 출하를 시작할 수 있게 됐다""고 언급했다.H20은 미국이 대중국 첨단 반도체 수출 제한을 강화한 이후 엔비디아가 중국 시장을 겨냥해 만든 제품이다. 합법적으로 중국 수출이 가능한 최고 사양 AI 칩이다. 중국 AI 스타트업 딥시크가 공개한 추론 AI 모델도 H20을 사용했다.하지만 지난 4월 미국 트럼프 행정부가 대중 견제 수위를 높이면서 엔비디아의 H20 수출을 막았다. 엔비디아는 H20 수출 통제에 따른 손실을 55억달러(약 7조6000억원)에 달할 것으로 본다.삼성전자도 H20 수출 통제 영향을 받았다. H20은 최신 제품인 5세대 HBM(HBM3E)가 아니라 4세대 HBM(HBM3)이 탑재된다. 삼성전자는 엔비디아 HBM3E 품질 인증을 진행 중이지만 HBM3는 공급하는 것으로 알려졌다.삼성전자는 올해 2분기 잠정 영업이익이 시장 전망보다 저조한 4조6000억원으로 집계됐다고 발표하면서 ""메모리 사업은 재고자산 평가 충당금과 같은 일회성 비용 등으로 실적이 하락했다""고 설명했다. 업계에서는 디바이스솔루션(DS, 반도체) 부문의 재고 평가 충당금을 약 1조원으로 추산한다. 삼성전자가 설명한 재고는 엔비디아 품질 인증을 위해 설계를 변경하기 전 생산된 HBM3E와 H20 탑재용 HBM3로 관측된다.엔비디아가 중국에 H20 공급을 재개하면 HBM3 판로가 열리면서 삼성전자의 실적 개선을 기대할 수 있다. 2분기 재고 손실로 인식한 제품이 하반기 판매되면 이익으로 반영돼 개선 효과가 클 전망이다.박수빈 한경닷컴 기자 waterbean@hankyung.com",https://www.hankyung.com/article/2025071620277,2025.07.16 14:17
기초 펀더멘탈이 강한 종목을 찾는다면?,,"경유레카는 한국경제신문의 디지털 미디어인 한경닷컴에서 개발한 개별 종목에대한인공지능(AI) 알고리즘 업체의 투자 의견을 종합한 'AI 컨센서스'를 제공하는 서비스입니다. '한경유레카' 앱은 구글 플레이 스토어 혹은 앱스토어에서 내려받을 수 있습니다.





종목추천 서비스 종합 플랫폼 한경유레카에 입점한 뉴지랭크가 전거래일(14일) 온코닉테라퓨틱스를 추천하여 수익률 7.3%를 기록했다.뉴지랭크는 iM그룹 계열사인 뉴지스탁에서 만든 종목추천 서비스로 모멘텀 및 펀더멘탈을기반으로 만든 알고리즘이다.뉴지랭크는 온코닉테라퓨틱스에 대해 본업 수익성이 개선되고 있고 안정적인 수익 구조로 전환했다며 펀더멘탈 점수가 높은편이기 때문에 해당 종목을 추천한다고 전했다.한경유레카에서 신규가입을 하고 뉴지랭크를 구독하면 1개월간 무료로 추천종목을 문자로 받아볼 수 있다.  본 글은 투자 참고용입니다.두산에너빌리티 케어젠 롯데지주 우리기술투자 삼성전자",https://www.hankyung.com/article/202507158402a,2025.07.15 10:17
"16일, 거래소 기관 순매수상위에 운수장비 업종 2종목",,"기관 투자자는 16일 거래소에서 HD현대미포, KODEX 코스닥150, 삼성에스디에스 등을 중점적으로 사들인 것으로 나타났다.기관 투자자의 순매수 상위 20개 종목은 HD현대미포, KODEX 코스닥150, 삼성에스디에스, 삼성중공업, KODEX 코스닥150레버리지, 대덕전자, LIG넥스원, KODEX 200선물인버스2X, 기업은행, GS등이다.이중에 운수장비 업종에 속한 종목이 2개 포함되어 있다.HD현대미포, KODEX 코스닥150, 삼성에스디에스 등은 전일 대비 주가가 상승했고, 삼성중공업, 기업은행, 코웨이 등은 주가가 하락했다.[07월16일]거래소 기관 순매수 상위 종목한경로보뉴스이 기사는 한국경제신문과 금융 AI 전문기업 씽크풀이 공동 개발한 기사 자동생성 알고리즘에 의해 실시간으로 작성된 것입니다.",https://www.hankyung.com/article/202507162908L,2025.07.16 18:35
"주식 매도 없이 신용이자 연 1,500만 원 줄이는 비법",,"전송종목 : 동양철관, KCTC, 신원, 포스코엠텍, 무림P&P최근 주식 투자자들 사이에서 주식대출(미수/신용융자 등)의 고금리에 대한 부담이 커지고 있다.특히 저금리를 적용 받고 싶어도, 기존 대출을 상환하고 다시 주식을 매수해야 하는 번거로운 절차와 자금 조달의 어려움이 발목을 잡고 있다.이런 현실적인 문제를 해결하고자, 무빙스탁이 ‘증권사 신용, 대환자금대출’ 서비스를 전격 출시했다.이 상품은 주식을 매도하지 않고도, 기존의 고금리의 주식대출(미수/신용융자 등)의 3%대의 혁신적인 저금리 증권사로 전환할 수 있도록 상환자금을 제공하는 것이 핵심이다.무빙스탁 관계자는 “현재 증권사 이벤트 금리는 연 3%대 수준으로, 기존 9~10%대 고금리를 적용받는 투자자라면 절감 효과가 상당하다”며, 금리를 5%만 낮추면 “1억원 신용대출 기준으로 연간 약 500만원, 3억원이라면 1,500만원까지도 절약할 수 있다”고 밝혔다.더 놀라운 점은, 현재는 이벤트 기간으로 대환자금대출 신청시 발생하는 이자 비용까지 ‘0원’이라는 사실이다. 대환자금에 대해서 하루의 대출이자도 부담하지 않고 기존 고금리 대출을 저금리로 전환할 수 있어, 고금리 부담에 시달리던 투자자들에게 큰 호응을 얻을 전망이다.이 서비스는 부동산 시장에서 흔히 이용되던 대환대출 개념을 증권시장에 도입한 혁신적인 시도로, 주식 투자자들의 자금 운용에 새로운 대안을 제시할 것으로 기대된다.무빙스탁 ‘증권사 신용, 대환자금대출’의 비용 무료 이벤트는 이벤트 기간 동안 한정적으로 제공되는 만큼, 신용융자를 이용 중인 투자자라면 지금 바로 확인해볼 필요가 있다.★ 장마감 시간이 가까워질수록 문의가 많아 상담이 지연될 수 있습니다.★ 7월 문의하신 고객들이 많이 보유하신 종목으로는 삼성전자, POSCO홀딩스, 셀트리온, 포스코퓨처엠, 에코프로비엠, NAVER, 에코프로, 삼성SDI, LG화학, SK하이닉스, 두산에너빌리티, 카카오, SK이노베이션, LG에너지솔루션, 엘앤에프, 삼천당제약, 현대차, 알테오젠, HPSP, LG전자 등이 있습니다.★ 안내사항과도한 빚은 당신에게 큰 불행을 안겨줄 수 있습니다. 대출 시 신용등급 하락으로 다른 금융거래가 제약받을 수 있습니다. 중개수수료를 요구하거나 받는 것은 불법입니다.상호명: ㈜단비대부 2021-서울영등포-2102(대부업) | TEL: 1544-4886 | 대출금리: 연 20%이내(연체금리는 약정금리+3%p이내, 최대 연 20%이내) | 단, 2021. 7. 7.부터 신규체결, 갱신, 연장되는 계약에 한함 | 채무의 조기상환 조건 및 부대비용 없음. (단, 신용조회비용 및 담보권설정비용 있음), 이자 외 별도로 중개수수료를 요구하거나 수취하는 것은 불법입니다. | 대표이사: 박동원 | 사업자등록번호: 274-86-00231 | 등록기관명칭: 서울 영등포구청(담당부서: 일자리경제과, 02-2670-3420) | 소재지 : 서울 영등포구 여의대방로67길 11, 5층 517호 | 개인정보관리자메일: help@danbifund.co.kr무료상담",https://www.hankyung.com/article/202507108872a,2025.07.10 10:28
9~10% 주식 관련 대출에서 3%대 대출로 교체,,"전송종목 : 코웨이, 포스코DX, 롯데쇼핑, 기업은행, 동서최근 주식 투자자들 사이에서 주식대출(미수/신용융자 등)의 고금리에 대한 부담이 커지고 있다.특히 저금리를 적용 받고 싶어도, 기존 대출을 상환하고 다시 주식을 매수해야 하는 번거로운 절차와 자금 조달의 어려움이 발목을 잡고 있다.이런 현실적인 문제를 해결하고자, 무빙스탁이 ‘증권사 신용, 대환자금대출’ 서비스를 전격 출시했다.이 상품은 주식을 매도하지 않고도, 기존의 고금리의 주식대출(미수/신용융자 등)의 3%대의 혁신적인 저금리 증권사로 전환할 수 있도록 상환자금을 제공하는 것이 핵심이다.무빙스탁 관계자는 “현재 증권사 이벤트 금리는 연 3%대 수준으로, 기존 9~10%대 고금리를 적용받는 투자자라면 절감 효과가 상당하다”며, 금리를 5%만 낮추면 “1억원 신용대출 기준으로 연간 약 500만원, 3억원이라면 1,500만원까지도 절약할 수 있다”고 밝혔다.더 놀라운 점은, 현재는 이벤트 기간으로 대환자금대출 신청시 발생하는 이자 비용까지 ‘0원’이라는 사실이다. 대환자금에 대해서 하루의 대출이자도 부담하지 않고 기존 고금리 대출을 저금리로 전환할 수 있어, 고금리 부담에 시달리던 투자자들에게 큰 호응을 얻을 전망이다.이 서비스는 부동산 시장에서 흔히 이용되던 대환대출 개념을 증권시장에 도입한 혁신적인 시도로, 주식 투자자들의 자금 운용에 새로운 대안을 제시할 것으로 기대된다.무빙스탁 ‘증권사 신용, 대환자금대출’의 비용 무료 이벤트는 이벤트 기간 동안 한정적으로 제공되는 만큼, 신용융자를 이용 중인 투자자라면 지금 바로 확인해볼 필요가 있다.★ 장마감 시간이 가까워질수록 문의가 많아 상담이 지연될 수 있습니다.★ 7월 문의하신 고객들이 많이 보유하신 종목으로는 삼성전자, POSCO홀딩스, 셀트리온, 포스코퓨처엠, 에코프로비엠, NAVER, 에코프로, 삼성SDI, LG화학, SK하이닉스, 두산에너빌리티, 카카오, SK이노베이션, LG에너지솔루션, 엘앤에프, 삼천당제약, 현대차, 알테오젠, HPSP, LG전자 등이 있습니다.★ 안내사항과도한 빚은 당신에게 큰 불행을 안겨줄 수 있습니다. 대출 시 신용등급 하락으로 다른 금융거래가 제약받을 수 있습니다. 중개수수료를 요구하거나 받는 것은 불법입니다.상호명: ㈜단비대부 2021-서울영등포-2102(대부업) | TEL: 1544-4886 | 대출금리: 연 20%이내(연체금리는 약정금리+3%p이내, 최대 연 20%이내) | 단, 2021. 7. 7.부터 신규체결, 갱신, 연장되는 계약에 한함 | 채무의 조기상환 조건 및 부대비용 없음. (단, 신용조회비용 및 담보권설정비용 있음), 이자 외 별도로 중개수수료를 요구하거나 수취하는 것은 불법입니다. | 대표이사: 박동원 | 사업자등록번호: 274-86-00231 | 등록기관명칭: 서울 영등포구청(담당부서: 일자리경제과, 02-2670-3420) | 소재지 : 서울 영등포구 여의대방로67길 11, 5층 517호 | 개인정보관리자메일: help@danbifund.co.kr무료상담",https://www.hankyung.com/article/202507223165a,2025.07.22 08:33
SK하이닉스 37만원까지 간다고?…종토방 개미들 '술렁' [선한결의 이기업 왜이래],"SK하이닉스, 시장 주도권 '잃을 것 vs 지킬 것'
증권가 갑론을박","사진=게티이미지뱅크 






                올들어 주가가 약 56% 뛴 SK하이닉스를 두고 글로벌 투자은행(IB)과 주요 증권사들의 전망이 극명하게 엇갈리고 있다. 고대역폭메모리(HBM) 시장에서 SK하이닉스가 독점적 지위를 얼마나 오래 유지할 수 있는가가 논쟁의 핵심이다. 올 상반기 기준 SK하이닉스의 HBM 시장 점유율은 60%대인 것으로 알려졌다. 이를 마이크론과 삼성전자 등이 추격 중이다. 글로벌 IB ‘내년에 HBM 가격 내린다’ vs ‘그래도 SK하이닉스 마진율은 유지’




한경DB

                22일 유가증권시장(코스피)에서 SK하이닉스는 1.47% 내린 26만8500원에 장을 마감했다. 이 기업은 글로벌 IB 골드만삭스가 투자의견을 하향한 지난 17일 이래 주가가 약 9% 내렸다.  골드만삭스는 지난 17일 SK하이닉스에 대한 투자의견을 중립으로 하향하고 목표주가를 31만원으로 제시했다. ‘SK하이닉스는 내년 HBM 시장에서 걸림돌을 맞닥뜨릴 것’이라는 게 골드만삭스의 시각이다.  골드만삭스는 “내년엔 처음으로 HBM 가격이 하락세를 보일 수 있다”며 “두자릿수 %까지 하락할 것”이라고 내다봤다. 시장 경쟁이 늘면서 HBM 가격 협상력이 차차 공급자에서 수요자로 넘어가고, 이로 인해 SK하이닉스도 HBM 가격 하락 압력을 받을 것이란 얘기다. 골드만삭스는 “SK하이닉스는 주요 고객사(엔비디아) 매출 비중이 높은 편”이라며 그만큼 마진 손실 압력도 클 것이라고 전망했다.  반면 BoA는 지난 14일 발간한 보고서에서 “내년까지 SK하이닉스 HBM3e, HBM4에 대한 미국 고객사들의 수요가 꺾임 없이 강력하게 이어질 것”이라며 정반대 의견을 내놨다. 목표주가는 36만원으로 제시. 22일 종가 대비 약 34% 상승여력이 있다는 분석인 셈이다. BoA도 내년 SK하이닉스가 HBM 가격을 내릴 것으로 봤다. 단 가격 하락 원인과 영향에 대해선 골드만삭스와는 다른 분석을 내놨다. BoA는 “SK하이닉스가 생산 초기엔 HBM4 가격을 HBM3e에 비해 30~40% 비싸게 책정하고, 내년 중반께엔 HBM3e 대비 15~20%만 높은 정도로 가격을 내릴 수 있다”며 “다만 이는 초반엔 수율이 낮다는 리스크를 가격에 반영하기 때문일 것”이라고 전망했다. 수율이 낮은 시기엔 사실상 원가 부담이 더 높은 만큼 더 비싸게 팔고, 수율이 60% 이상으로 안정화하면 그에 맞춰 가격을 내릴 것이란 얘기다.  SK하이닉스가 HBM4 가격을 내린다한들 결과적인 마진율은 같을 것이란 게 BoA의 예상이다. BoA는 “SK하이닉스의 HBM4와 HBM3e 마진은 60% 수준이 될 것으로 예상한다”며 “삼성전자는 30% 수준일 것”이라고 했다. 이어 “SK하이닉스는 엔비디아와 올 3분기께 HBM4 공급 계약을 맺고, 올 4분기부터는 소량으로 시작해 내년엔 본격 공급에 나설 전망”이라고 내다봤다.  주가에 대해서도 두 IB의 의견이 딴판이다. 골드만삭스는 “현재 시장 전망은 과도하게 낙관적”이라며 “다시 투자의견을 매수로 상향하려면 HBM과 D램 수요·가격이 더 올라야 할 것”이라고 했다. 반면 BoA는 “마이크론의 주가순자산비율(PBR)이 2배 수준인데, 수익성(마진)은 SK하이닉스보다 낮다”며 PBR 2.2배 수준인 주당 36만원을 제시했다. SK하이닉스의 2017~2018년 ‘반도체 수퍼사이클’ 당시 PBR이 1.9배였지만, 이번엔 수익성이 더 높은 구간을 거치고 있다는 게 BoA의 진단이다. 국내 증권사들도 이견…“점유율 뺏길 것” vs “우려 과도해”국내 증권사들도 엇갈린 분석을 내놓고 있다. 미래에셋증권은 지난 14일 SK하이닉스에 대해 투자의견을 중립으로 하향했다. 김영건 미래에셋증권 연구원은 “밸류에이션(가치평가)에 이익 전망치 반영이 상당분 이뤄졌다”며 “내년 영업이익은 올해보다 크겠지만 자기자본이익률(ROE)는 올해 37.6%를 고점으로 내년부터 점차 낮아져 30% 초반 수준이 될 것”이라고 전망했다.  내년 하반기부터 SK하이닉스의 HBM 시장 점유율이 하락세를 겪을 것이라는 게 김 연구원의 전망이다. 그는 “밸류에이션 수준이 더 오르려면 HBM4E 이후에도 시장 점유율을 유지하거나, 주주환원이 더 이뤄져야 한다”고 덧붙였다.  김광진 한화투자증권 연구원은 “내년 HBM 시장은 경쟁 심화라는 큰 변화를 겪을 것”이라며 “SK하이닉스가 시장 1위를 유지하겠지만 점유율은 기존 대비 줄어들어 SK하이닉스의 판매가와 이익률이 영향을 받을 수 있다”고 했다. 이어 “HBM3E 8·12단 모두 시장 개화 첫 해에 사실상 SK하이닉스가 독점 구도였지만 내년 본격 개화가 예상되는 HBM4 시장은 독점으로 시작하지 않을 수 있다”는 지적이다.  반면 우려가 과도하다는 의견도 나온다. 손인준 흥국증권 연구원은 “SK하이닉스는 가장 큰 AI 수혜업체로서 강한 실적흐름을 유지할 것”이라며 “HBM 경쟁 심화 우려가 나오지만 아직 경쟁 구도가 크게 변할 것이란 가정을 하기엔 이르다고 본다”고 했다. 이승우 유진투자증권 연구원은 “차차 경쟁이 심화해 SK하이닉스의 HBM 점유율이 하락하는 것은 너무나 당연한 수순이고, 이는 이미 SK하이닉스의 밸류에이션에 반영돼 있다”며 “내년 하반기에 HBM 가격이 하락한대도 HBM 시장 규모 자체가 (전년대비) 60%대로 성장해 주요 반도체 카테고리 중 성장률이 가장 높을 것”이라고 했다.  이민희 BNK투자증권 연구원은 “삼성전자 등이 본격적으로 HBM4 수주 확보전에 나서면서 HBM4의 가격 프리미엄이 당초 예상한 30%보다 낮은 10~20% 수준에 그칠 수 있다”면서도 “그렇다해도 이익률을 우려할 수준은 아니다”고 했다. 보다 마진이 높은 HBM4 판매량이 늘어 SK하이닉스의 매출 증가폭이 커지는 만큼 영업이익 성장이 계속될 것이란 것이란 예상이다. 주가 많이 올랐는데…""여전히 성장 여력”이달들어 SK하이닉스에 투자 의견을 새로 낸 국내 증권사는 12곳이다. 이들의 평균 목표주가는 약 34만2000원이다. 최저 목표주가는 30만원(미래에셋증권), 최고는 37만원(상상인증권)이다. 이달 중 SK하이닉스에 대한 투자 의견을 낸 12곳 중 8곳이 기존 대비 목표가를 기존 대비 올려잡았다. 증권가는 아직 SK하이닉스의 추가 상승 여력이 남았다고 보는 분위기다. AI 확산기에 주요 기술기업들의 HBM 수요가 지속될 전망이라서다. 각국이 소버린 AI 프로젝트에 나선 것도 수요를 떠받칠 전망이다. 류형근 대신증권 연구원은 “이전에 비해 주가 매력이 줄어들긴 했지만, 투자의견을 하향할 단계는 아니다”라며 “내년 빅테크들의 설비투자(CAPEX)가 상향된다면 여전히 가장 먼저 살 만한 주식이 SK하이닉스”라고 했다.  김록호 하나증권 연구원은 “후발업체들 진입으로 점유율은 일부 축소되겠지만, 수익성 개선 흐름은 지속될 것”이라며 “AI 확산이 이끄는 반도체 사이클에서 여전히 수혜를 받을 수 있는 만큼 비중확대 전략을 유지할만 하다”고 말했다. 선한결 기자 always@hankyung.com",https://www.hankyung.com/article/202507225317i,2025.07.23 05:08
고금리 이자 폭탄 피하는 법! 증권사 대출 3%대로 줄이기,,"전송종목 : 이구산업, 남해화학, 특수건설, 스틱인베스트먼트, 팜스토리최근 주식 투자자들 사이에서 주식대출(미수/신용융자 등)의 고금리에 대한 부담이 커지고 있다.특히 저금리를 적용 받고 싶어도, 기존 대출을 상환하고 다시 주식을 매수해야 하는 번거로운 절차와 자금 조달의 어려움이 발목을 잡고 있다.이런 현실적인 문제를 해결하고자, 무빙스탁이 ‘증권사 신용, 대환자금대출’ 서비스를 전격 출시했다.이 상품은 주식을 매도하지 않고도, 기존의 고금리의 주식대출(미수/신용융자 등)의 3%대의 혁신적인 저금리 증권사로 전환할 수 있도록 상환자금을 제공하는 것이 핵심이다.무빙스탁 관계자는 “현재 증권사 이벤트 금리는 연 3%대 수준으로, 기존 9~10%대 고금리를 적용받는 투자자라면 절감 효과가 상당하다”며, 금리를 5%만 낮추면 “1억원 신용대출 기준으로 연간 약 500만원, 3억원이라면 1,500만원까지도 절약할 수 있다”고 밝혔다.더 놀라운 점은, 현재는 이벤트 기간으로 대환자금대출 신청시 발생하는 이자 비용까지 ‘0원’이라는 사실이다. 대환자금에 대해서 하루의 대출이자도 부담하지 않고 기존 고금리 대출을 저금리로 전환할 수 있어, 고금리 부담에 시달리던 투자자들에게 큰 호응을 얻을 전망이다.이 서비스는 부동산 시장에서 흔히 이용되던 대환대출 개념을 증권시장에 도입한 혁신적인 시도로, 주식 투자자들의 자금 운용에 새로운 대안을 제시할 것으로 기대된다.무빙스탁 ‘증권사 신용, 대환자금대출’의 비용 무료 이벤트는 이벤트 기간 동안 한정적으로 제공되는 만큼, 신용융자를 이용 중인 투자자라면 지금 바로 확인해볼 필요가 있다.★ 장마감 시간이 가까워질수록 문의가 많아 상담이 지연될 수 있습니다.★ 7월 문의하신 고객들이 많이 보유하신 종목으로는 삼성전자, POSCO홀딩스, 셀트리온, 포스코퓨처엠, 에코프로비엠, NAVER, 에코프로, 삼성SDI, LG화학, SK하이닉스, 두산에너빌리티, 카카오, SK이노베이션, LG에너지솔루션, 엘앤에프, 삼천당제약, 현대차, 알테오젠, HPSP, LG전자 등이 있습니다.★ 안내사항과도한 빚은 당신에게 큰 불행을 안겨줄 수 있습니다. 대출 시 신용등급 하락으로 다른 금융거래가 제약받을 수 있습니다. 중개수수료를 요구하거나 받는 것은 불법입니다.상호명: ㈜단비대부 2021-서울영등포-2102(대부업) | TEL: 1544-4886 | 대출금리: 연 20%이내(연체금리는 약정금리+3%p이내, 최대 연 20%이내) | 단, 2021. 7. 7.부터 신규체결, 갱신, 연장되는 계약에 한함 | 채무의 조기상환 조건 및 부대비용 없음. (단, 신용조회비용 및 담보권설정비용 있음), 이자 외 별도로 중개수수료를 요구하거나 수취하는 것은 불법입니다. | 대표이사: 박동원 | 사업자등록번호: 274-86-00231 | 등록기관명칭: 서울 영등포구청(담당부서: 일자리경제과, 02-2670-3420) | 소재지 : 서울 영등포구 여의대방로67길 11, 5층 517호 | 개인정보관리자메일: help@danbifund.co.kr무료상담",https://www.hankyung.com/article/202507111589a,2025.07.11 09:43
삼성 이재용 '부당합병·불법승계 의혹' 대법원서 무죄 최종 확정 [HK영상],,"영상 모듈 닫기




영상=로이터, KTV / 편집=윤신애PD대법원 3부(주심 오석준 대법관)는 17일 오전, 자본시장과 금융투자업에 관한 법률 위반 등 혐의로 기소된 이재용 회장의 상고심 선고기일에서 이 회장 등에게 무죄를 선고한 원심 판결을 확정했다.이 회장은 삼성그룹 부회장을 맡았던 당시 경영권 승계와 그룹 지배력 강화를 위해 지난 2015년 진행된 삼성물산과 제일모직 합병 과정에 위법하게 관여한 혐의 등으로 2020년 9월 재판에 넘겨졌다.1심에선 이 회장 등 삼성전자 전·현직 임직원과 삼정회계법인에게 무죄를 선고했다.1심 재판부는 이 회장의 경영권 승계나 지배력 강화가 합병의 유일한 목적이 아니었으며,합병비율이 불공정했거나 주주에게 손해를 끼쳤다고 인정할만한 증거가 없다고 판단했다.2심에선 삼성바이오로직스(삼성바이오)의 분식회계 혐의 입증이 쟁점으로 떠올랐다.그러나 2심도 이 회장에게 무죄를 선고했다. 함께 기소된 삼성그룹 전·현직 임직원과 12명과 삼정회계법인도 무죄를 선고받았다.2심 재판부는 부당합병 관련 혐의에 대해 합병 이사회 이후 합병 주주총회에 이르기까지피고인들이 합병 성사를 위해 수립한 계획은 경영권 분쟁 과정에서의 통상적이고 적법한 대응방안 이라고 판단했다.이에 검찰은 2심 결과에 대해 상고하면서 대법원 판단을 받게 됐다.대법원에선 원심 판결에 필요한 심리를 다하지 않은 채 논리와 경험의 법칙을 위반해자유심증주의의 한계를 벗어나거나 자본시장법, 외부감사법 등에 관한 법리를 오해한 잘못이 없다며 최종적으로 검찰의 상고를 기각했다.이재용 측은 이번 대법원에 결과에 삼성물산의 합병이 적법했음을 확인했다며, 법원의 판단에 감사하다는 소감을 밝혔다.이 회장은 이날 판결로 10년 가까이 털어내지 못했던 사법 리스크를 해소하게 됐다.윤신애 PD dramaniac@hankyung.com
                    



사진=연합뉴스",https://www.hankyung.com/article/202507174494i,2025.07.17 12:49
"""삼성전자서비스 수리기사, 12년 만에 정규직 지위 인정""","대법 ""원청 지휘·감독 있었다""
임금 차액·손해배상 1600만원 인정","대법원 전경. 사진=연합뉴스

                삼성전자서비스 협력업체에서 근무했던 수리기사가 원청인 삼성전자서비스의 지휘·감독 아래 일해온 만큼 직접 고용의무가 있다는 대법원 판단이 확정됐다. 지난 2013년 1335명의 수리기사가 제기한 근로자 지위 확인 소송 가운데 유일하게 소송을 이어간 1명이 정규직 지위를 인정받으며 12년 만에 최종 승소 판결을 받았다.대법원 3부(주심 이숙연 대법관)는 수리기사 A씨가 삼성전자서비스를 상대로 제기한 근로자 지위 확인 소송에서 원고 일부 승소 판결한 원심을 지난달 12일 확정했다고 21일 밝혔다. A씨는 삼성전자서비스 협력업체 소속으로 2004년 6월부터 삼성전자 제품 수리를 담당했다. 2013년 A씨를 비롯한 1335명의 수리기사들은 파견근로자보호 등에 관한 법률을 근거로 정규직 전환과 정규직과의 임금 차액 지급을 요구했다.당시 해당 법안은 2년 이상 동일한 근로자가 파견되면 파견받은 사업주가 그를 직접 고용한 것으로 간주한다고 규정했기 때문이다.이들은 협력업체 소속이었더라도 실질적으로는 삼성전자서비스의 지휘와 감독을 받으며 근무해 왔으며, 묵시적 근로계약 관계가 성립됐다고 주장했다.1심은 원청인 삼성전자서비스의 책임을 인정하지 않았다. A씨가 소속된 협력업체의 인사채용 과정에 삼성전자서비스가 개입한 정황이 없고, 협력업체 수리기사들은 삼성전자서비스의 정규직 수리기사들과 수행하는 업무의 성격 자체가 다르다고 판단했다.2심은 수리기사들의 들어줬다. 2심 재판부는 “수리기사들이 일을 시작한 2004년 6월부터 양자 간 파견 관계에 있었고, 파견 기간이 2년을 초과한 2006년 6월부터는 직접 고용된 것으로 봐야 한다”고 판단했다. 삼성전자서비스가 자체 시스템과 업무 매뉴얼을 통해 수리기사들에게 업무 지시를 하고, 수행 방식까지 통제한 점을 들어 사실상 지휘·감독 관계에 있었다고 본 것이다. 그러면서 정규직과의 임금 격차에 해당하는 약 1600만 원의 임금 차액과 별도의 손해배상금을 지급하라고 판결했다. 다만, 최초로 소송을 제기한 1335명의 수리기사 중 4명을 제외한 대부분의 근로자들은 항소심이 진행 중이던 2018년 4월 노사 합의로 삼성전자에 직접 고용되면서 소를 취하했다. 소송을 유지한 4명 중 3명도 대법원 심리 도중 소를 취하해 이미 퇴사한 A씨만 소송을 진행했다.대법원은 “원심에는 구 파견법상 직접고용간주 규정에 관한 법리를 오해하는 등으로 판결에 영향을 미친 잘못이 없다”라며 판결을 확정했다.황동진 기자 radhwang@hankyung.com",https://www.hankyung.com/article/202507211764i,2025.07.21 14:16
합리적 투자 필수! 증권사 신용대출 3%대 전환으로 이자 절감,,"전송종목 : 산일전기, 티씨케이, SNT모티브, 우주일렉트로, 대화제약최근 주식 투자자들 사이에서 주식대출(미수/신용융자 등)의 고금리에 대한 부담이 커지고 있다.특히 저금리를 적용 받고 싶어도, 기존 대출을 상환하고 다시 주식을 매수해야 하는 번거로운 절차와 자금 조달의 어려움이 발목을 잡고 있다.이런 현실적인 문제를 해결하고자, 무빙스탁이 ‘증권사 신용, 대환자금대출’ 서비스를 전격 출시했다.이 상품은 주식을 매도하지 않고도, 기존의 고금리의 주식대출(미수/신용융자 등)의 3%대의 혁신적인 저금리 증권사로 전환할 수 있도록 상환자금을 제공하는 것이 핵심이다.무빙스탁 관계자는 “현재 증권사 이벤트 금리는 연 3%대 수준으로, 기존 9~10%대 고금리를 적용받는 투자자라면 절감 효과가 상당하다”며, 금리를 5%만 낮추면 “1억원 신용대출 기준으로 연간 약 500만원, 3억원이라면 1,500만원까지도 절약할 수 있다”고 밝혔다.더 놀라운 점은, 현재는 이벤트 기간으로 대환자금대출 신청시 발생하는 이자 비용까지 ‘0원’이라는 사실이다. 대환자금에 대해서 하루의 대출이자도 부담하지 않고 기존 고금리 대출을 저금리로 전환할 수 있어, 고금리 부담에 시달리던 투자자들에게 큰 호응을 얻을 전망이다.이 서비스는 부동산 시장에서 흔히 이용되던 대환대출 개념을 증권시장에 도입한 혁신적인 시도로, 주식 투자자들의 자금 운용에 새로운 대안을 제시할 것으로 기대된다.무빙스탁 ‘증권사 신용, 대환자금대출’의 비용 무료 이벤트는 이벤트 기간 동안 한정적으로 제공되는 만큼, 신용융자를 이용 중인 투자자라면 지금 바로 확인해볼 필요가 있다.★ 장마감 시간이 가까워질수록 문의가 많아 상담이 지연될 수 있습니다.★ 7월 문의하신 고객들이 많이 보유하신 종목으로는 삼성전자, POSCO홀딩스, 셀트리온, 포스코퓨처엠, 에코프로비엠, NAVER, 에코프로, 삼성SDI, LG화학, SK하이닉스, 두산에너빌리티, 카카오, SK이노베이션, LG에너지솔루션, 엘앤에프, 삼천당제약, 현대차, 알테오젠, HPSP, LG전자 등이 있습니다.★ 안내사항과도한 빚은 당신에게 큰 불행을 안겨줄 수 있습니다. 대출 시 신용등급 하락으로 다른 금융거래가 제약받을 수 있습니다. 중개수수료를 요구하거나 받는 것은 불법입니다.상호명: ㈜단비대부 2021-서울영등포-2102(대부업) | TEL: 1544-4886 | 대출금리: 연 20%이내(연체금리는 약정금리+3%p이내, 최대 연 20%이내) | 단, 2021. 7. 7.부터 신규체결, 갱신, 연장되는 계약에 한함 | 채무의 조기상환 조건 및 부대비용 없음. (단, 신용조회비용 및 담보권설정비용 있음), 이자 외 별도로 중개수수료를 요구하거나 수취하는 것은 불법입니다. | 대표이사: 박동원 | 사업자등록번호: 274-86-00231 | 등록기관명칭: 서울 영등포구청(담당부서: 일자리경제과, 02-2670-3420) | 소재지 : 서울 영등포구 여의대방로67길 11, 5층 517호 | 개인정보관리자메일: help@danbifund.co.kr무료상담",https://www.hankyung.com/article/202507158092a,2025.07.15 09:33
"韓 성공방정식 그대로…가성비 챙긴 中 가전, 프리미엄 시장도 위협",,"LG전자가 중국이 장악한 중저가 시장 공략에 나섰다면 메이디·하이얼 등 중국 업체들은 한국이 장악한 프리미엄 시장에 도전장을 내밀고 있다. ‘가성비 전략’으로 일본을 제친 뒤 하이엔드 시장까지 접수한 삼성전자와 LG전자의 성공 방정식을 중국이 그대로 따르고 있다는 분석이 나온다.14일 중국기계전기제품수출입상회(CCCME)에 따르면 지난해 중국의 가전제품 수출은 1286억달러(약 178조원)로 전년 대비 14.8% 증가했다. 지역별로 남미(33.1%), 동남아시아(19.9%), 아프리카(17.9%), 중동(16.6%), 유럽(15.5%) 순으로 수출이 많이 늘었다.업계에선 중국의 가전 수출이 프리미엄 시장의 본고장인 유럽에서 증가하는 점에 주목하고 있다. 중국 대표 가전기업 메이디와 하이얼은 유럽에서 각각 ‘콜모’와 ‘카사르테’란 별도의 프리미엄 브랜드로 승부하고 있다. 올해 1분기 메이디의 프리미엄 브랜드 매출은 55% 급증했다.로봇청소기는 중국 천하가 되고 있다. 중국 1위 로봇청소기업체 로보락은 대표 모델(S9 맥스V 울트라) 가격이 180만원으로 삼성·LG 최상위 라인보다 50%가량 비싼데도 지난해 글로벌 점유율 1위(매출 기준 20.7%)에 올랐다.업계에선 중국 가전이 강해진 배경으로 높아진 기술력을 꼽는다. 업계 관계자는 “가전제품은 기술력 차이가 거의 없고 오히려 로봇청소기, 빌트인 가전 등 몇몇 분야에서는 중국의 기술력이 더 뛰어난 것으로 안다”고 말했다.중국은 ‘이구환신’(낡은 제품을 새것으로 교체 지원) 정책에 따라 내수시장에서 구매한 가전제품 가격의 15%를 보조금으로 지급하고 있다. 이렇게 ‘안방’에서 낸 수익을 밑바탕 삼아 해외 유명 브랜드를 인수하며 몸집을 불리고 있다.하이얼은 2016년 미국 GE 가전부문을 54억달러(당시 약 6조5000억원)에 인수하며 1%에 불과하던 미국 시장 점유율을 지난해 17%로 끌어올렸다. 2019년 이탈리아 가전기업 캔디도 사들였다. 하이센스는 2018년 동유럽 최대 가전업체 고렌예를 인수했다.박의명 기자 uimyung@hankyung.com",https://www.hankyung.com/article/2025071476561,2025.07.14 17:46
[유망 기업] 韓 상장 나선 네슬레 자회사 세레신 “‘만병 치료’ 시대 연 비만약처럼 케톤 대사제 활용 늘어날 것”,,,https://www.hankyung.com/article/202506308557i,2025.07.11 08:57
이자 폭탄 막자! 증권사 신용대출 3%대 전환으로 절약하는 법,,"전송종목 : HMM, 현대위아, 금호석유화학, SKC, 현대모비스최근 주식 투자자들 사이에서 주식대출(미수/신용융자 등)의 고금리에 대한 부담이 커지고 있다.특히 저금리를 적용 받고 싶어도, 기존 대출을 상환하고 다시 주식을 매수해야 하는 번거로운 절차와 자금 조달의 어려움이 발목을 잡고 있다.이런 현실적인 문제를 해결하고자, 무빙스탁이 ‘증권사 신용, 대환자금대출’ 서비스를 전격 출시했다.이 상품은 주식을 매도하지 않고도, 기존의 고금리의 주식대출(미수/신용융자 등)의 3%대의 혁신적인 저금리 증권사로 전환할 수 있도록 상환자금을 제공하는 것이 핵심이다.무빙스탁 관계자는 “현재 증권사 이벤트 금리는 연 3%대 수준으로, 기존 9~10%대 고금리를 적용받는 투자자라면 절감 효과가 상당하다”며, 금리를 5%만 낮추면 “1억원 신용대출 기준으로 연간 약 500만원, 3억원이라면 1,500만원까지도 절약할 수 있다”고 밝혔다.더 놀라운 점은, 현재는 이벤트 기간으로 대환자금대출 신청시 발생하는 이자 비용까지 ‘0원’이라는 사실이다. 대환자금에 대해서 하루의 대출이자도 부담하지 않고 기존 고금리 대출을 저금리로 전환할 수 있어, 고금리 부담에 시달리던 투자자들에게 큰 호응을 얻을 전망이다.이 서비스는 부동산 시장에서 흔히 이용되던 대환대출 개념을 증권시장에 도입한 혁신적인 시도로, 주식 투자자들의 자금 운용에 새로운 대안을 제시할 것으로 기대된다.무빙스탁 ‘증권사 신용, 대환자금대출’의 비용 무료 이벤트는 이벤트 기간 동안 한정적으로 제공되는 만큼, 신용융자를 이용 중인 투자자라면 지금 바로 확인해볼 필요가 있다.★ 장마감 시간이 가까워질수록 문의가 많아 상담이 지연될 수 있습니다.★ 7월 문의하신 고객들이 많이 보유하신 종목으로는 삼성전자, POSCO홀딩스, 셀트리온, 포스코퓨처엠, 에코프로비엠, NAVER, 에코프로, 삼성SDI, LG화학, SK하이닉스, 두산에너빌리티, 카카오, SK이노베이션, LG에너지솔루션, 엘앤에프, 삼천당제약, 현대차, 알테오젠, HPSP, LG전자 등이 있습니다.★ 안내사항과도한 빚은 당신에게 큰 불행을 안겨줄 수 있습니다. 대출 시 신용등급 하락으로 다른 금융거래가 제약받을 수 있습니다. 중개수수료를 요구하거나 받는 것은 불법입니다.상호명: ㈜단비대부 2021-서울영등포-2102(대부업) | TEL: 1544-4886 | 대출금리: 연 20%이내(연체금리는 약정금리+3%p이내, 최대 연 20%이내) | 단, 2021. 7. 7.부터 신규체결, 갱신, 연장되는 계약에 한함 | 채무의 조기상환 조건 및 부대비용 없음. (단, 신용조회비용 및 담보권설정비용 있음), 이자 외 별도로 중개수수료를 요구하거나 수취하는 것은 불법입니다. | 대표이사: 박동원 | 사업자등록번호: 274-86-00231 | 등록기관명칭: 서울 영등포구청(담당부서: 일자리경제과, 02-2670-3420) | 소재지 : 서울 영등포구 여의대방로67길 11, 5층 517호 | 개인정보관리자메일: help@danbifund.co.kr무료상담",https://www.hankyung.com/article/202507210595a,2025.07.21 11:38
"""싼 맛에 쓰다 버렸는데""…삼성·LG 위협하는 中가전",,"중국 메이디 프리미엄 브랜드 콜모. 사진=콜모 웹사이트

                ‘싼 맛에 쓰다 버리는 제품’으로 취급받던 중국산 가전이 프리미엄 영역에서도 삼성과 LG를 위협할 정도로 두각을 나타내고 있다. ‘가성비 전략’으로 일본을 제친 다음 하이엔드 시장까지 접수한 한국 기업들의 성공 루트를 중국이 그대로 밝고 있다는 분석이 나온다.14일 중국기계전기제품수출입상회(CCCME)에 따르면 지난해 중국의 가전제품 수출은 1286억달러(약 178조원)로 전년 대비 14.8% 증가했다. 지역별로 남미 수출(33.1%), 동남아(19.9%), 아프리카(17.9%), 중동(16.6%), 유럽(15.5%) 수출이 크게 늘었다.업계에선 중국 가전 수출이 프리미엄 시장의 ‘본고장’인 유럽에서 늘고 있는 점에 주목하고 있다. 중국 대표 가전기업인 메이디와 하이얼은 유럽에서 각각 ‘콜모’와 ‘카사르테’란 별도의 프리미엄 브랜드로 승부하고 있다. 올해 1분기 메이디의 프리미엄 브랜드 매출은 55% 급증했다.프리미엄 가전 대명사로 부상한 로봇청소기도  또 다른 사례로 꼽힌다. 중국 1위 로봇청소기 업체 로보락은 대표 로봇 청소기 모델(S9 맥스V 울트라) 가격이 180만원으로 삼성·LG 최상위 라인보다 50%가량 비싼데도 지난해 글로벌 점유율 1위(매출 기준 20.7%)에 올랐다.업계에선 중국 가전이 강해진 이유로 높아진 기술력을 꼽는다. 업계 관계자는 “반도체나 스마트폰과 달리 가전제품은 한국과 중국의 기술력 차이가 거의 없고, 오히려 로봇청소기, 빌트인 가전과 같은 몇몇 분야에서는 중국의 기술력이 더 뛰어날 정도”라고 설명했다.중국은 ‘이구환신’(낡은 제품을 새것으로 교체 지원) 정책에 따라 내수시장에서 구매한 가전제품 가격의 15%를 보조금으로 지급하고 있다. 이렇게 ‘안방’에서 낸 수익을 밑바탕 삼아 기술 개발에 투자를 확대하고, 해외 유명 브랜드를 인수하며 몸집을 불리고 있다.하이얼은 2016년 미국 GE 가전부문을 54억달러(당시 약 6조5000억원)에 인수하며 1%이던 미국 시장 점유율을 지난해 17%로 끌어올렸다. 하이얼은 2019년 이탈리아 가전기업 캔디도 사들였다. 하이센스는 2018년 동유럽 최대 가전업체 고렌예를 인수했다.박의명 기자 uimyung@hankyung.com",https://www.hankyung.com/article/202507146965i,2025.07.14 16:49
9~10% 주식 관련 대출에서 3%대 대출로 교체,,"전송종목 : 모토닉, 엠에스씨, 명신산업, 한국무브넥스, 화신최근 주식 투자자들 사이에서 주식대출(미수/신용융자 등)의 고금리에 대한 부담이 커지고 있다.특히 저금리를 적용 받고 싶어도, 기존 대출을 상환하고 다시 주식을 매수해야 하는 번거로운 절차와 자금 조달의 어려움이 발목을 잡고 있다.이런 현실적인 문제를 해결하고자, 무빙스탁이 ‘증권사 신용, 대환자금대출’ 서비스를 전격 출시했다.이 상품은 주식을 매도하지 않고도, 기존의 고금리의 주식대출(미수/신용융자 등)의 3%대의 혁신적인 저금리 증권사로 전환할 수 있도록 상환자금을 제공하는 것이 핵심이다.무빙스탁 관계자는 “현재 증권사 이벤트 금리는 연 3%대 수준으로, 기존 9~10%대 고금리를 적용받는 투자자라면 절감 효과가 상당하다”며, 금리를 5%만 낮추면 “1억원 신용대출 기준으로 연간 약 500만원, 3억원이라면 1,500만원까지도 절약할 수 있다”고 밝혔다.더 놀라운 점은, 현재는 이벤트 기간으로 대환자금대출 신청시 발생하는 이자 비용까지 ‘0원’이라는 사실이다. 대환자금에 대해서 하루의 대출이자도 부담하지 않고 기존 고금리 대출을 저금리로 전환할 수 있어, 고금리 부담에 시달리던 투자자들에게 큰 호응을 얻을 전망이다.이 서비스는 부동산 시장에서 흔히 이용되던 대환대출 개념을 증권시장에 도입한 혁신적인 시도로, 주식 투자자들의 자금 운용에 새로운 대안을 제시할 것으로 기대된다.무빙스탁 ‘증권사 신용, 대환자금대출’의 비용 무료 이벤트는 이벤트 기간 동안 한정적으로 제공되는 만큼, 신용융자를 이용 중인 투자자라면 지금 바로 확인해볼 필요가 있다.★ 장마감 시간이 가까워질수록 문의가 많아 상담이 지연될 수 있습니다.★ 7월 문의하신 고객들이 많이 보유하신 종목으로는 삼성전자, POSCO홀딩스, 셀트리온, 포스코퓨처엠, 에코프로비엠, NAVER, 에코프로, 삼성SDI, LG화학, SK하이닉스, 두산에너빌리티, 카카오, SK이노베이션, LG에너지솔루션, 엘앤에프, 삼천당제약, 현대차, 알테오젠, HPSP, LG전자 등이 있습니다.★ 안내사항과도한 빚은 당신에게 큰 불행을 안겨줄 수 있습니다. 대출 시 신용등급 하락으로 다른 금융거래가 제약받을 수 있습니다. 중개수수료를 요구하거나 받는 것은 불법입니다.상호명: ㈜단비대부 2021-서울영등포-2102(대부업) | TEL: 1544-4886 | 대출금리: 연 20%이내(연체금리는 약정금리+3%p이내, 최대 연 20%이내) | 단, 2021. 7. 7.부터 신규체결, 갱신, 연장되는 계약에 한함 | 채무의 조기상환 조건 및 부대비용 없음. (단, 신용조회비용 및 담보권설정비용 있음), 이자 외 별도로 중개수수료를 요구하거나 수취하는 것은 불법입니다. | 대표이사: 박동원 | 사업자등록번호: 274-86-00231 | 등록기관명칭: 서울 영등포구청(담당부서: 일자리경제과, 02-2670-3420) | 소재지 : 서울 영등포구 여의대방로67길 11, 5층 517호 | 개인정보관리자메일: help@danbifund.co.kr무료상담",https://www.hankyung.com/article/202507108873a,2025.07.10 10:48
"21일, 거래소 기관 순매도상위에 의약품 업종 3종목",,"기관 투자자는 21일 거래소에서 삼성전자, 유한양행, 현대차 등을 중점적으로 매도한 것으로 나타났다.기관 투자자의 순매도 상위 20개 종목은 삼성전자, 유한양행, 현대차, NAVER, KODEX 200선물인버스2X, 신한지주, SK, TIGER 미국S&P500, 두산, KODEX 인버스등이다.이중에 의약품 업종에 속한 종목이 3개 포함되어 있다.삼성전자, 신한지주, KB금융 등은 전일 대비 주가가 상승했고, 유한양행, 현대차, NAVER 등은 주가가 하락했다.[07월21일]거래소 기관 순매도 상위 종목한경로보뉴스이 기사는 한국경제신문과 금융 AI 전문기업 씽크풀이 공동 개발한 기사 자동생성 알고리즘에 의해 실시간으로 작성된 것입니다.",https://www.hankyung.com/article/202507212795L,2025.07.21 18:35
"""HBM 공급과잉 우려""…SK하이닉스 주가 급락","골드만 ""내년 가격 10% 하락""
투자의견 '매수→중립' 하향","신고가 행진을 이어가던 SK하이닉스 주가가 17일 9% 가까이 급락했다. 삼성전자가 내년쯤 고대역폭메모리(HBM) 시장을 잡기 위해 ‘저가 공세’에 나서고, 이에 따라 HBM 시장이 공급 과잉 국면에 들어설 것이라는 전망이 나오면서다. 이날 유가증권시장에서 SK하이닉스는 8.95% 내린 26만9500원에 거래를 마쳤다. 중국의 인공지능(AI) 딥시크 공개 여파로 주가가 급락한 1월 31일(-9.86%) 후 최대 낙폭이다. 주가를 끌어내린 것은 이날 나온 골드만삭스 보고서였다. 골드만삭스는 “경쟁 심화로 내년 HBM 가격이 10% 떨어질 것”이라며 “HBM 가격 결정권이 제조사에서 엔비디아 등 고객사로 이동할 것”이라고 전망했다. 엔비디아 HBM 물량의 80~90%를 싹쓸이하고 있는 SK하이닉스의 ‘독주체제’가 끝날 것이라는 얘기다.골드만삭스는 삼성전자의 엔비디아 납품 통과가 지연되더라도 HBM 가격이 떨어질 것으로 내다봤다. 엔비디아가 품질 검증을 통과한 마이크론을 지렛대 삼아 SK하이닉스에 가격 인하를 요구할 가능성이 크다는 이유에서다.골드만삭스는 SK하이닉스 투자 의견을 ‘매수’에서 ‘중립’으로 낮추고, 내년 영업이익 전망치를 증권사 평균 대비 19% 낮은 36조5690억원으로 제시했다. 반사이익 기대로 삼성전자 주가는 이날 3.09% 올랐다.박의명/심성미 기자 uimyung@hankyung.com",https://www.hankyung.com/article/2025071754611,2025.07.17 17:45
,,,https://magazine.hankyung.com/business/article/202507163106b,
'전국민 호갱 만든다'던 '단통법' 폐지 D-1…얼마나 싸질까 [이슈+],"단통법, 오는 22일 11년 만에 폐지
'전국민 호갱법' 오명 속 논란 지속
삼성·애플 과점에 효과 '미미' 예측도
이통3사, 지원금 대폭 확대 여력 적어
갤Z폴드·플립7 출시로 반짝 경쟁 기대
장기적 스마트폰 시장 활성화 '제한적'","사진=연합뉴스

                11년 가까이 국내 이동통신시장을 규제해 왔던 단말기유통법(단통법)이 오는 22일 결국 폐지된다. 단통법 폐지에 따라 휴대폰 구입시 지급하는 '지원금 상한'이 사라지면, 이동통신사들이 가입자 유치를 위해 지원금을 늘려 소비자 부담을 줄일 수 있을 것이란 기대가 나온다.정부는 시장 혼란을 방지하는 데 집중할 방침이다. 다만 스마트폰 시장이 삼성전자·애플 중심의 과점 체제인 데다 신규 수요가 높지 않은 상황을 고려하면 효과가 제한적일 수 있다는 우려도 제기된다. 국내 시장에서 스마트폰을 주력 제품으로 강조한 샤오미 같은 '제3 브랜드'가 과거 LG전자·팬텍처럼 높은 지원금을 앞세울 경우 상황이 달라질 수 있다는 관측도 있다. 단통법 폐지…부당차별·고가요금제 강요 금지정부는 관계부처 합동으로 지난 17일 단통법 폐지에 맞춰 시장 혼란을 막기 위한 후속조치를 추진한다고 밝혔다. 그러면서 이통사·유통점이 이동통신 계약을 체결할 때 준수해야 할 전기통신사업법상 규정을 강조하고 나섰다. 지원급 지급 주체·방식, 요금제·부가서비스 이용 조건, 초고속인터넷 결합 조건 등 세부 내용을 계약서에 상세하게 적어야 한다는 것이 골자다. 이를 준수하지 않으면 법 위반이다.단통법이 폐지된다 해도 거주지역·나이·신체적 조건 등을 이유로 지원금을 차별할 수 없다. 지원금 정보를 오인하도록 설명하거나 이통사·제조사의 특정 요금제·서비스를 강요하지 못한다. 이 같은 전기통신사업법상 금지 행위를 방지할 수 있도록 시행령 등 하위법령 개정안을 빠른 시일 안에 시행할 계획이다. 방송통신위원회는 같은 날 이통사를 대상으로 한 행정지도를 통해 △불완전판매 방지 △신규 계약서 양식 사용 △부당차별 금지 △유통망 불법·편법 영업행위 관리·감독 강화 등을 주문했다. 이통사 등이 참여하는 대응 전담조직(TF)도 매주 2회 이상 운영해 시장 점검을 강화한다. '전국민 호갱화' 이젠 끝?…단통법 폐지, 엇갈린 전망2014년 10월 시행된 단통법은 그간 이통사 간 경쟁을 위축시킨 주범으로 지목돼 왔다. 이통사들은 지원금을 뿌려 가입자 유치 경쟁을 벌여 왔는데 단통법이 이를 막은 것이다. 소비자들 사이에선 이통사 지원금이 줄면서 휴대전화 구입 부담이 커졌다는 불만이 터져나왔다. 이에 윤석열 정부는 지난해 1월 생활규제 개혁의 일환으로 단통법 전면 폐지 계획을 내놨다. 국회에선 같은 해 6월 단통법 폐지안이 발의됐다. '전국민 호갱법'이란 오명을 쓴 단통법 폐지안이 나오자 국회 과학정보방송통신위원회도 검토 보고서를 통해 ""단통법 폐지로 적극적인 가입자 유치 경쟁이 발생하고 유통망의 지원금 지급 자율성이 제고돼 저렴한 단말기 구입 기회가 확대되는 효과가 나타날 수 있다""고 설명했다. 단통법 폐지가 생각만큼 스마트폰 구매 부담을 낮추지 못할 수 있다는 우려도 나왔다. 삼성전자·애플이 국내 스마트폰 시장을 양분하는 과점 구조에선 지원금을 지급할 유인이 높지 않다는 이유에서다. 기본적으로 단말기 지원금은 제조사와 이통사가 함께 부담하는 구조다.이통3사가 지원금을 대폭 확대할 여력이 크지 않다는 관측도 제기되고 있다. 지난해 이통3사 평균 영업이익률은 6.4%. 영업이익률이 가장 높은 SK텔레콤은 최근 유심(USIM·가입자식별장치) 정보 해킹 사태 수습을 위해 위약금 면제 등 막대한 비용 부담을 떠안게 됐다. KT와 LG유플러스 영업이익률은 지난해 기준으로 3.1%, 5.9%다. 반대로 삼성전자가 최근 공개한 갤럭시Z폴드·플립7 공식 출시일이 단통법 폐지와 맞물리면서 이통사 간 경쟁이 한층 치열해질 수 있다는 전망도 없지 않다. 해킹 사태로 국내 이동통신시장 점유율 40%가 무너진 SK텔레콤의 공격적 마케팅에 나설 가능성도 배제할 수 없다. 시장 활성화는 '불투명'…제3 브랜드 공세는 변수일각에선 단통법 폐지로 국내 스마트폰 시장 전체를 활성화하는 데 한계가 있다는 분석을 내놓기도 한다. 시장조사업체 카운터포인트리서치는 지난 8일 ""시장 자체가 이미 성숙기에 접어들어 신규 수요가 많지 않기 때문에 단순 가격 경쟁 촉진만으로는 국내 스마트폰 시장이 다시 활력을 되찾기에는 다소 제한적일 것""이라고 내다봤다. 이통3사의 가입자 유치 경쟁과 Z폴드·플립7 출시가 맞물린다 해도 지원금이 고가 요금제에 집중될 가능성이 크다는 것이 카운터포인트의 전망이다.카운터포인트는 ""초기 단통법 폐지 이후 높은 관심과 함께 강력한 프로모션을 바탕으로 일부 유통 채널에서 단기간 판매 증가가 있을 수 있으나 장기적 시장 성장에는 한계가 있다""며 ""실질적 시장 확대를 위해서는 초슬림 디자인이나 고도화된 생성형 AI처럼 소비자에게 강력한 구매 동기를 제공할 수 있는 혁신적 제품의 등장 혹은 경쟁 구도를 바꿀 수 있는 강력한 제3 브랜드의 진입이 필요하다""고 했다.단통법이 폐지되는 오는 22일부터는 선택약정으로 월 요금 25%를 할인받는 가입자도 대리점·판매점 등 유통망에서 추가지원금을 받을 수 있게 된다. 기존 공시지원금은 '공통지원금'으로 명칭이 바뀐다. 공통지원금이든, 선택약정이든 추가지원금 금액엔 제한이 없다. 김대영 한경닷컴 기자 kdy@hankyung.com",https://www.hankyung.com/article/202507210612g,2025.07.21 10:36
"골드만삭스 경고에 주춤한 SK하이닉스, HBM 경쟁 심화에 대한 경계감 확산",,"최근 SK하이닉스 주가는 단기 강세 이후 조정 국면에 들어섰다. 특히 글로벌 투자은행 골드만삭스가 HBM(고대역폭 메모리) 시장에서 경쟁 심화 및 가격 하락 가능성을 이유로 투자의견을 ‘중립’으로 하향하면서 주가가 약 9% 급락했었다. 이는 고점 부담과 맞물려 외국인 투자자들이 차익 실현에 나서는 계기로 작용했다.골드만삭스는 향후 HBM 가격이 내년에 두 자릿수 하락할 수 있다고 지적하며, SK하이닉스가 시장 점유율과 가격 경쟁력을 유지하기 위해서는 기술력과 수요 확보가 필요하다고 강조했다. 이에 따라 실적 둔화 우려가 구체화되며 투자 심리가 위축됐다는 분석이다.여기에 하이닉스는 최근 30만 원을 돌파한 고점 부담도 커졌다. 매수세가 줄어든 외국인 자금이 순매도로 전환하면서 주가의 추가 조정 가능성도 나타나고 있다.반면 긍정적 요인도 존재한다. 미국이 엔비디아의 H20 GPU 수출 규제를 완화하면서, SK하이닉스의 HBM3·HBM3E 수출 재개 기대가 부각됐다. 애널리스트들은 이 같은 정책 변화가 2분기부터 실적에 긍정적 영향을 줄 수 있다고 봤다. 다만 이는 단기 모멘텀에 그칠 수 있으며, 가격 회복이 동반되어야 진정한 반등으로 이어질 수 있다는 지적도 나온다.또한, 경쟁사인 삼성전자가 국내 법적 리스크 해소 이후 반도체 투자에 속도를 내며 HBM 시장 점유율 경쟁이 더욱 치열해지고 있다는 점도 리스크로 작용한다. 삼성의 기술 선점과 시장 확장이 하이닉스의 수익성에 압박을 가할 것으로 예상된다.결국 SK하이닉스는 △골드만삭스의 경고로 인한 투자심리 악화 △외국인 순매도 확대 △미국 수출 규제 완화 기대 △삼성 경쟁 심화이라는 긍·부정 요소가 교차하는 구간에 놓여 있다. 향후 주가 방향은 HBM 가격 안정과 수요 회복 여부, 글로벌 경쟁 구도 변화에 달려 있는 만큼, 투자자들은 기술 경쟁력 및 시장 수요 흐름에 집중할 필요가 있다.YG PLUS, 한화엔진, 새빗켐, 우리기술, 삼성전기무료상담",https://www.hankyung.com/article/202507210950a,2025.07.21 11:13
1억 투자하면 750만원 준다는데…계좌 열어보니 '깜짝' [윤현주의 主食이 주식],,"B2B 산업자재 유통 전문회사아이마켓코리아 석 달 새 13%↑작년 시가배당률은 7.5%“美 그래디언트 테크놀로지 파크 조성내년 완공 시 韓 기업 사업 기회 확대”IBK투자증권, 목표가 1만원 제시




Getty Images Bank.

                1억원을 투자했다면 배당금만으로 750만원(작년 시가배당률 7.5%)을 챙겼는데, 석 달여 만에 주가가 13.13% 올랐다. 삼성 그룹 내 구매전문회사로 출발해 현재 그래디언트(옛 인터파크)에 소속돼 있는 B2B(기업 간 거래) 산업자재 유통전문회사 아이마켓코리아 이야기다. 이 회사는 기업에서 필요로 하는 소모품, 원부자재, 소형 기계류 등 MRO(유지·보수·운영) 물품을 구매하는 회사로 구매 전문성과 프로세스 효율화를 통해 기업 고객의 구매비용 절감을 도와주는 역할을 한다. 19일 한국거래소에 따르면 주가는 8530원으로 석 달 전(4월 9일 7540원)과 비교해 13.13% 상승했다. 
                    



윤혜숙 프로가 구매 시스템을 보고 있다. 아이마켓코리아 제공

                기업 고객이 진출하는 어디든, 고객이 필요로 하면 무엇이든 밀착해 구매 인프라를 제공한다. 미국, 베트남, 중국, 유럽에 법인을 설립해 현지의 열악한 구매 환경에도 기업 운영이 가능하게끔 지원 사격을 한다. 수출 국가는 약 50개국으로 금액으로 따지면 6200억원 정도인데, 매출 중 해외 비중이 19% 정도다. 아이마켓코리아는 원활한 수출 및 통관을 위해 AEO(수출입안전관리 우수업체 인증)와 전략물자 자율준수무역거래자(CP)를 운영하고 있다.  
                    



유명국 프로가 손익 관리 업무를 하고 있다. 아이마켓코리아 제공

                사업 부문은 크게 B2B 산업재 유통부문과 해외 산업단지 개발부문으로 나뉜다. B2B 산업재 유통부문의 경우, 올해 전망은 전년과 크게 변동이 없는 것으로 알려졌다. 하반기 이후 고객사 국내 반도체 투자가 활성화될 경우 건자재 등에서 매출 향상을 기대하고 있다.
                    



동탄HUB센터에서 캐러셀(Carousel)을 활용해 상품 피킹 작업을 하고 있는 직원. 아이마켓코리아 제공

                해외 산업단지 개발사업의 경우 내년 하반기 미국 텍사스 테일러 산업단지의 1단계 공사가 완료될 예정이다. 1단계 개발 완료 후 시장 반응에 따라 점진적으로 수익화를 도모할 예정이며 중장기적으로 회사의 안정적 성장 기반이 될 것으로 기대하고 있다. 또, 베트남에서도 수익성 있는 산업단지 개발 추진을 위해 사업성 검토를 진행 중이다.
                    



아이마켓코리아와 모회사 그래디언트가 입주해 있는 삼성동 본사. 아이마켓코리아 제공

 “텍사스 그래디언트 테크놀로지 파크, 완공 땐 국내외 기업 구매 인프라 지원”19일 회사 관계자는 “산업자재 유통업은 물론, 산업단지와 물류까지 연계한 종합서비스를 제공하기 위한 목적으로 국제물류회사인 비투엘물류를 인수했다”며 “산업단지 개발이 산업자재 구매대행, 물류서비스, 판로지원까지 이어질 수 있도록 준비하고 있다”고 설명했다. 
                    



아이마켓코리아 주가 주봉 그래프 캡처.

                신성장동력은 美 텍사스 산업단지 그래디언트 테크놀로지 파크다. 그는 “텍사스주 주요 광역권(댈러스/포트워스, 휴스턴, 산안토니오, 오스틴)을 잇는 소위 골든 트라이앵글 중심부 테일러시에 위치한 그랜디언트 테크놀로지 파크는 올해 토지 9만평에 대한 유틸리티 및 기반시설을 포함해 물류창고와 표준건물(내부 시설이 갖춰지지 않은 공실형 건물) 2개동 착공이 예정되어 있다”며 “내년 완공 시 미국 투자 진출을 희망하는 국내외 기업들에게는 최적의 전략적 거점으로 활용될 수 있을 것이다”고 기대감을 드러냈다. 이어 “우린 단순히 산업단지를 개발하는 것이 아니라 기존 영위 중인 산업자재 구매대행, 물류 서비스로부터 미국 시장 확장을 위한 판로지원까지 입주사들이 본연의 사업에 집중하고 사업 기회를 확대하는데 기여할 수 있는 최적의 에코시스템 구축을 목표로 사업을 펼치고 있다”도 소개했다. 
                    



이은수 프로가 자금 업무를 하고 있다. 아이마켓코리아 제공

                그는 “인공지능(AI) 도입을 통해 구매 조직의 전문성과 효율성을 향상하고, 이를 고객사 구매 프로세스의 효율성 증대로 연결하고자 한다”고 말했다. 현재 단순·반복적인 고객사 응대의 경우 AI 자동응답시스템을 이미 활용 중이라고 한다. 그는 “구매 패턴, 경향성, 품목 경쟁력을 검토해 경쟁력 있는 상품을 선제적으로 확보하고 특화 상품을 구성하며, 고객사에는 맞춤형 구매 서비스와 구매조직의 효율성을 향상하기 위한 개선 조치를 제안하고 있다”고 자사 서비스를 설명했다. 이어 “25년간 각종 구매 빅데이터를 처리하고 있는 만큼, AI 도입으로 구매 효율성 증대와 전문성 강화, 비용 절감 효과는 클 것으로 기대한다”고 했다.  삼성전자 등 고객사 3500곳 … “올해 영업익 400억”주요 고객사는 삼성전자, 세메스, 삼성디스플레이, 삼성중공업 등 삼성 계열사와 비삼성 고객사로는 롯데, 농심 등이 있다. 전체 고객사 숫자는 약 3500개다. 고객 다변화를 위해 비삼성 계열사 대상 신규 고객 유치 및 산업군 확대에도 주력하고 있으며 미국 산업단지 조성 사업 등 신성장동력을 지속적으로 발굴 중에 있다. 작년 말 기준 50개국에 수출하고 있으며, 해외 거래처는 약 600개다. 아이마켓코리아의 경우 고객사 현지법인 진출이 활발한 베트남, 중국, 미국, 유럽에 현지법인을 운영 중이며 국제물류업을 영위하는 자회사인 비투엘물류도 중국, 베트남, 독일, 폴란드에 전진기지(현지법인)를 두고 있다. 최근 5년간 실적은 안정적이다. 2020년 매출 2조8394억원, 영업이익 405억원에서 작년 매출 3조3183억원, 영업이익 448억원으로 4년 만에 각각 16.87%, 10.62% 증가했다. IBK투자증권은 올해 매출 3조1260억원, 영업이익 400억원을 전망했다. 
                    



아이마켓코리아의 동탄HUB센터 내부. 아이마켓코리아 제공

                총 주식 수는 3342만8840주로 그래디언트(지분 43.02%) 외 특수관계인 2인이 지분 43.11%, 삼성전자 외 4인(삼성물산, 삼성전기, 삼성SDI, 삼성엔지니어링) 8.71%, 가울투자자문 5.2%, 자사주 5.88%다. 외국인 지분율은 5.98%로 유통 물량은 사실상 25% 정도다. 1분기 기준 현금성 자산 1361억원, 유형자산 1847억원이다. 시가총액(2851억원)을 가볍게 넘는다. 고배당 성격도 강하다. 2020년 배당수익률은 6.86%에서 작년 7.5%(1주당 600원)까지 올랐다. 
                    



본사 사무실 직원들이 근무하고 있는 모습. 아이마켓코리아 제공

                회사 관계자는 “산업 인프라 플랫폼 기업으로 성장하고자 한다”며 “25년간 축적된 구매 전문성과 해외 네트워크, 그리고 신성장동력으로 추진 중인 미국 텍사스 산업단지 개발, AI 기반의 구매 자동화 시스템 등을 기반으로 산업 유통 생태계를 설계하는 기업으로 진화 중이다”고 말했다. 그는 “고객과 협력사의 확고한 신뢰를 받는 세계 일류 B2B 산업 유통 플랫폼으로 성장하는 게 장기 목표다”고 강조했다. 
                    



미국 텍사스 산업단지 ‘그래디언트 테크놀로지 파크’ 조감도. 아이마켓코리아 제공

                이건재 IBK투자증권 연구원은 “B2B MRO 비즈니스의 세계화로 미국 직진출을 위해 텍사스에 위치한 테일러시 산업단지 개발 프로젝트를 진행하고 있는데 2026년 4분기 완공 시 트럼프 미국 대통령의 생산시설 인바운드 정책 기조에 따른 수혜가 예상된다”고 했다. 실제로 잠재 고객사 문의가 최근 더 많아지고 있다고 한다. 그는 “빠르게 성장하는 베트남에서도 본격적인 B2B MRO 비즈니스를 수행하기 위해 현지 기업들과 조인트벤처 형태의 법인을 설립 검토 중인 것으로 파악된다”며 목표주가는 1만원으로 제시했다. 현 주가 대비 17.23% 상승 여력이 있는 셈이다. 
                    




'1500만 개미'와 함께 달리겠습니다. 여러분의 주식 계좌가 빨간불이 되는 그날까지 재미있는 종목 기사 많이 쓰겠습니다. 아래 기자 페이지에서 윤현주 기자 구독과 응원을 눌러 주시면 기사를 매번 빠르게 확인하실 수 있습니다.윤현주 기자 hyunju@hankyung.com",https://www.hankyung.com/article/202506221361i,2025.07.19 07:00
"주식 매도 없이 신용이자 연 1,500만 원 줄이는 비법",,"전송종목 : 셀트리온, TKG휴켐스, 대웅제약, 현대백화점, 한국금융지주최근 주식 투자자들 사이에서 주식대출(미수/신용융자 등)의 고금리에 대한 부담이 커지고 있다.특히 저금리를 적용 받고 싶어도, 기존 대출을 상환하고 다시 주식을 매수해야 하는 번거로운 절차와 자금 조달의 어려움이 발목을 잡고 있다.이런 현실적인 문제를 해결하고자, 무빙스탁이 ‘증권사 신용, 대환자금대출’ 서비스를 전격 출시했다.이 상품은 주식을 매도하지 않고도, 기존의 고금리의 주식대출(미수/신용융자 등)의 3%대의 혁신적인 저금리 증권사로 전환할 수 있도록 상환자금을 제공하는 것이 핵심이다.무빙스탁 관계자는 “현재 증권사 이벤트 금리는 연 3%대 수준으로, 기존 9~10%대 고금리를 적용받는 투자자라면 절감 효과가 상당하다”며, 금리를 5%만 낮추면 “1억원 신용대출 기준으로 연간 약 500만원, 3억원이라면 1,500만원까지도 절약할 수 있다”고 밝혔다.더 놀라운 점은, 현재는 이벤트 기간으로 대환자금대출 신청시 발생하는 이자 비용까지 ‘0원’이라는 사실이다. 대환자금에 대해서 하루의 대출이자도 부담하지 않고 기존 고금리 대출을 저금리로 전환할 수 있어, 고금리 부담에 시달리던 투자자들에게 큰 호응을 얻을 전망이다.이 서비스는 부동산 시장에서 흔히 이용되던 대환대출 개념을 증권시장에 도입한 혁신적인 시도로, 주식 투자자들의 자금 운용에 새로운 대안을 제시할 것으로 기대된다.무빙스탁 ‘증권사 신용, 대환자금대출’의 비용 무료 이벤트는 이벤트 기간 동안 한정적으로 제공되는 만큼, 신용융자를 이용 중인 투자자라면 지금 바로 확인해볼 필요가 있다.★ 장마감 시간이 가까워질수록 문의가 많아 상담이 지연될 수 있습니다.★ 7월 문의하신 고객들이 많이 보유하신 종목으로는 삼성전자, POSCO홀딩스, 셀트리온, 포스코퓨처엠, 에코프로비엠, NAVER, 에코프로, 삼성SDI, LG화학, SK하이닉스, 두산에너빌리티, 카카오, SK이노베이션, LG에너지솔루션, 엘앤에프, 삼천당제약, 현대차, 알테오젠, HPSP, LG전자 등이 있습니다.★ 안내사항과도한 빚은 당신에게 큰 불행을 안겨줄 수 있습니다. 대출 시 신용등급 하락으로 다른 금융거래가 제약받을 수 있습니다. 중개수수료를 요구하거나 받는 것은 불법입니다.상호명: ㈜단비대부 2021-서울영등포-2102(대부업) | TEL: 1544-4886 | 대출금리: 연 20%이내(연체금리는 약정금리+3%p이내, 최대 연 20%이내) | 단, 2021. 7. 7.부터 신규체결, 갱신, 연장되는 계약에 한함 | 채무의 조기상환 조건 및 부대비용 없음. (단, 신용조회비용 및 담보권설정비용 있음), 이자 외 별도로 중개수수료를 요구하거나 수취하는 것은 불법입니다. | 대표이사: 박동원 | 사업자등록번호: 274-86-00231 | 등록기관명칭: 서울 영등포구청(담당부서: 일자리경제과, 02-2670-3420) | 소재지 : 서울 영등포구 여의대방로67길 11, 5층 517호 | 개인정보관리자메일: help@danbifund.co.kr무료상담",https://www.hankyung.com/article/202507223180a,2025.07.22 14:23
"AI기술 총집약한 'Z폴드·플립 7'…옷 골라주고, 인테리어까지?[HK영상]",,"영상 모듈 닫기




                    9일(현지시간) 뉴욕 브루클린에서 열린 '갤럭시 언팩 2025'를 통해 베일을 벗은 삼성전자의 차세대 갤럭시 시리즈인 'Z폴드·플립 7'이 공개됐습니다.특히 Z폴드·플립 7은 진화한 삼성전자의 고도화된 AI 기술력을 선보였는데요. 자세한 내용은 영상으로 만나보시죠.
                    




                김영석 한경디지털랩 PD youngstone@hankyung.com",https://www.hankyung.com/article/202507101065i,2025.07.10 17:36
"'이틀 만에 21만대' 반응 폭발…삼성, 인도서 결국 일냈다","""인도가 놀랐다"" 삼성 열풍…신형 갤럭시 폴더블폰 '잭팟'

갤Z7, 인도서 이틀간 21만대 사전 주문
갤S 시리즈, 전체 사전 판매량 43만대
""인상적 수치…'폴더블폰 대중화' 신호""","지난 10일 서울 서초구 삼성 강남에서 방문객들이 갤럭시Z폴드·플립7 등 신제품을 살펴보고 있다. 사진=뉴스1

삼성전자가 최근 공개한 초슬림 폴더블 스마트폰 갤럭시Z폴드·플립7이 인도에서 단 이틀 만에 20만대를 웃도는 사전 판매량을 기록했다는 관측이 나왔다. 역대 갤럭시Z 시리즈의 사전 판매 초기 기록을 넘어선 것이다. 올 초 선보인 갤럭시S25 시리즈의 전체 사전 판매량에 육박할 수 있다는 전망이 힘을 얻고 있다. 21일(현지시간) 정보기술(IT) 매체 폰아레나에 따르면 Z폴드·플립7은 인도에서 이틀 만에 사전 주문 약 21만대를 확보했다. 역대 갤럭시 폴더블 제품들이 세운 초기 기록을 웃도는 성과다. 아직 판매량 자체가 높지는 않은 편이다. 다만 이틀간 판매된 기록인 만큼 판매량이 계속 증가세를 이어갈 가능성이 크다. 이 매체는 ""(삼성은) 21만대의 판매량이 올 초 갤럭시S25 시리즈 사전 판매 수치와 거의 맞먹는다""고 전했다. 갤럭시S25 시리즈는 인도에서 총 43만대를 사전 판매했다. 이 매체는 ""Z플립7, Z플립7 FE, Z폴드7이 오는 25일까지 인도에서만 거의 40만대에 육박하는 (사전) 판매량을 기록할 것으로 예상할 수 있다""며 ""이것은 인상적인 수치이고 폴더블폰 시장이 전 세계적으로 정체될 것으로 널리 예상됐던 시기에 다소 예상치 못한 '폴더블폰의 대중화'를 알리는 신호가 될 것""이라고 했다. 국내에선 갤럭시 폴더블 중 역대 최다 사전 판매량을 올리는 신기록을 세웠다. 삼성전자는 22일 Z폴드·플립7 시리즈가 국내 사전 판매 기간 총 104만대 판매됐다고 밝혔다. 사전 판매량이 가장 많았던 모델은 2년 전 출시된 Z폴드·플립5다. 전작인 Z폴드·플립6만 해도 사전 판매량이 91만대에 그치면서 우려의 목소리가 높았다.업계에선 출시 이후 6개월간 전체 판매량을 기준으로 Z폴드·플립5가 576만대를 팔아치운 반면 Z폴드·플립6는 521만대를 판매한 데 그친 것으로 보고 있다. 이 매체는 ""삼성은 Z폴드·플립7 시리즈가 인도와 한국뿐 아니라 세계적으로 Z폴드·플립5의 인기를 넘어서길 바라고 있지만 이를 달성하기 위해 '올바른 길을 가고 있다'고 결론을 내리기엔 아직 갈 길이 멀다""며 ""Z폴드7의 가격은 확실히 도움이 되지 않는다""고 지적했다. Z폴드·플립7 국내 사전 구매자는 이날부터 제품 수령과 개통이 가능하다. Z폴드·플립7은 오는 25일 한국·미국·영국 등을 시작으로 전 세계에서 순차 출시된다.김대영 한경닷컴 기자 kdy@hankyung.com",https://www.hankyung.com/article/202507223343g,2025.07.22 10:04
"증권가 ""삼성전자, 저점 통과…목표가 줄상향""",,"삼성전자가 2분기를 기점으로 실적 저점 구간을 지나 회복 흐름에 접어들었다는 분석이 증권가에서 잇따르고 있다. 특히 고부가가치 메모리인 HBM3E와 첨단 파운드리 공정의 세대 교체가 맞물리며 중장기 경쟁력 회복 기대감도 커지고 있다.최근 삼성전자는 글로벌 반도체 업황 회복 기대와 함께 주가가 반등세를 보이고 있으며, 외국계 증권사들도 목표주가를 줄줄이 상향 조정하고 있다. 씨티그룹은 삼성전자 목표가를 기존 8만 4천 원에서 9만 원으로 상향하면서 “삼성전자의 HBM3E 12단 제품이 고객사의 품질 기준을 통과할 가능성이 높고, 하반기부터 수익성 회복이 본격화될 수 있다”고 진단했다.국내 증권사들 역시 삼성전자의 하반기 반등 가능성에 무게를 두고 있다. 한화투자증권은 “2분기 실적은 일회성 요인으로 다소 부진했지만, 하반기에는 HBM과 첨단 파운드리 중심의 반등이 본격화될 것”이라고 전망했다.전류가 새는 것을 최소화해 미세 공정의 한계를 극복하고 고성능 반도체를 제조할 수 있는 핵심 기술, 게이트올어라운드(GAA) 트랜지스터 기술을, 3나노에 이어 2나노 양산에도 적용할 수 있다는 점에서 기술 안정화에 상대적으로 유리하다는 평가를 받고있어, 추가적인 글로벌 고객사 확보 기대감이 커지고 있다. AI 서버 수요에 대응한 고대역폭 메모리 공급 확대도 수익성 회복을 이끄는 주요 요인으로 꼽힌다.이처럼 업황 개선과 기술 경쟁력 회복 기대가 높아지는 가운데, 일부 투자자들은 삼성전자와 관련된 우량주를 중심으로 스탁론 전략을 활용해 레버리지 투자를 확대하고 있다. 스탁론(주식매입자금)은 DSR 규제를 적용받지 않으며, 주가 조정 구간에서 기회를 포착하려는 투자자들에게 효율적인 자금 운용 수단으로 주목받고 있다.전문가들은 “반도체 업종은 사이클에 따라 주가 변동성이 크기 때문에 스탁론을 활용할 경우 유망 종목의 실적 가시성과 업황을 면밀히 고려한 전략이 필요하다”고 조언했다.




 

▶ 더머니스탁론 신규 상품 전격 출시! (DSR 규제 X)▶ 최대 400% 레버리지 투자, 증권사 신용미수 대환 가능!▶ 한 종목 100% 집중 투자 가능!▶ 더머니스탁론 바로가기 (https://themoney.co.kr/ha)▶ 더머니스탁론 전화 상담 1600-7096▶ 더머니스탁론 카카오톡 상담 (http://pf.kakao.com/_cVfxbn/chat)관심종목: 삼성전자우, 삼성전기, DB하이텍, 원익IPS, 리노공업무료상담",https://www.hankyung.com/article/202507235725a,2025.07.23 08:50
"코스피에 드리운 고양이 그림자…""긴 정체 겪을수도""","iM증권 분석

""점프와 박스 좋아하는 점
코스피-고양이가 닮아""","/자료=하이투자증권 리서치센터

                코스피지수가 최근 3200선에 안착했지만, 그 다음 고지까지는 난항일 것이라는 증권가 전망이 나왔다.이웅찬 iM증권 연구원은 22일 '코스피와 고양이는 닮은 점이 있다'는 제목의 보고서를 내고 ""코스피지수는 고양이처럼 점프 후 박스권에 머무는 성격이 있다""면서 현재 증시에 대한 기대가 지나치게 앞서고 있다고 경계했다.그는 ""외국인 패시브 수급이 지수를 들어올리고 나면 개인 매수세가 뒤이어 유입되며 지수를 받쳐주는 식""이라며 ""삼성전자가 지수를 조금 더 올릴 여지가 있을지 정도를 다툴 수는 있지만, 지수 변동성은 낮아졌고 금융과 지주, 소프트웨어 등 정책 수혜주의 상승 동력도 줄어들어 주식시장은 이 즈음에 자리를 잡을 전망""이라고 말했다.이 연구원은 과거 코스피의 흐름을 되짚으며 ""지수는 1989년 1000포인트 달성 이후 16년간 1000포인트 아래에서 정체됐고, 2000년대 중반 2000포인트를 기록하고 나선 다시 13년 정체기를 겪었다""고 지적했다. 현재 3200선에 안착한 가운데 ""또 한 번의 숨 고르기가 있을 수 있다""는 얘기다.그는 ""코스핀지수는 이렇듯 한 번 오르면 10여년을 쉬는 양상을 보였다""며 ""올 들어선 강력한 신정부 정책에 3000선에 안착 중인데, 이것만으로도 일차적 목표는 달성한 셈이다. 이후 증시가 우상향하기까지는 더 많은 노력이 필요해 보인다""고 했다.최근 시장에서는 정부의 기업지배구조 개편, 자사주 소각, 세제 혜택 등 정책을 바탕으로 '코스피 5000 돌파' 기대감이 커진 상태다. 하지만 이 연구원은 ""글로벌 IB들이 말하는 5000 시나리오는 '증시 선진화 정책이 이어진다'는 전제 하에 가능한 것""이라고 지적했다. 그는 ""높은 시장 기대와는 달리 세제 개편이 쉬운 일은 아니다. 적극적인 재정지출을 표방하는 현 정부의 재정적자 부담은 상당하다""며 ""자사주 의무소각도 기업 경영의 입장에서는 쉽지 않은 선택""이라고 말했다.이어 ""정부의 정책목표도 주식시장 상승만은 아닌 만큼 단기간 자산가격이 급등하는 것도 부담스러운 일일 것""이라며 ""최근 주식시장에서는 정책에 대한 실망감이 조금씩 나타나고 있는데, 애초에 주식시장의 기대가 너무 컸다고 본다""고 강조했다. ""상법 개정은 단숨에 통과할 수 있었어도 그 다음 행보는 쉽지 않을 것""이란 게 그의 의견이다.이 연구원은 ""과거 흐름대로라면 코스피는 3000선에 안착한 뒤 한동안 증시가 정체하게 될 것""이라며 ""미래의 증시가 꼭 과거의 흐름을 따라가지는 않겠지만, 일단은 과거와 같을 것이라고 보는 게 확률 높은 선택""이라고 했다.그러면서 ""인공지능(AI)에 대한 투자와 기업이익 제고, 기업지배구조와 세법 개선 등 여러 차원에서 많은 노력이 필요할 것""이라며 ""결국 지수 5000 달성을 위해선 코리아 디스카운트(한국증시 저평가)가 정상화하는 것을 넘어, 기업의 이익창출력이 개선되고 그 능력이 지수 EPS에 이어지는 구조가 만들어져야 한다""고 짚었다.신민경 한경닷컴 기자 radio@hankyung.com",https://www.hankyung.com/article/2025072231926,2025.07.22 08:25
"증권사 신용대출, 3%대 금리로 바꾸는 가장 쉬운 방법",,"전송종목 : 유니트론텍, 사람인, 뉴파워프라즈마, 삼양사, 세경하이테크




 

최근 주식 투자자들 사이에서 주식대출(미수/신용융자 등)의 고금리에 대한 부담이 커지고 있다.특히 저금리를 적용 받고 싶어도, 기존 대출을 상환하고 다시 주식을 매수해야 하는 번거로운 절차와 자금 조달의 어려움이 발목을 잡고 있다.이런 현실적인 문제를 해결하고자, 무빙스탁이 ‘증권사 신용, 대환자금대출’ 서비스를 전격 출시했다.이 상품은 주식을 매도하지 않고도, 기존의 고금리의 주식대출(미수/신용융자 등)의 3%대의 혁신적인 저금리 증권사로 전환할 수 있도록 상환자금을 제공하는 것이 핵심이다.무빙스탁 관계자는 “현재 증권사 이벤트 금리는 연 3%대 수준으로, 기존 9~10%대 고금리를 적용받는 투자자라면 절감 효과가 상당하다”며, 금리를 5%만 낮추면 “1억원 신용대출 기준으로 연간 약 500만원, 3억원이라면 1,500만원까지도 절약할 수 있다”고 밝혔다.더 놀라운 점은, 현재는 이벤트 기간으로 대환자금대출 신청시 발생하는 이자 비용까지 ‘0원’이라는 사실이다. 대환자금에 대해서 하루의 대출이자도 부담하지 않고 기존 고금리 대출을 저금리로 전환할 수 있어, 고금리 부담에 시달리던 투자자들에게 큰 호응을 얻을 전망이다.이 서비스는 부동산 시장에서 흔히 이용되던 대환대출 개념을 증권시장에 도입한 혁신적인 시도로, 주식 투자자들의 자금 운용에 새로운 대안을 제시할 것으로 기대된다.무빙스탁 ‘증권사 신용, 대환자금대출’의 비용 무료 이벤트는 이벤트 기간 동안 한정적으로 제공되는 만큼, 신용융자를 이용 중인 투자자라면 지금 바로 확인해볼 필요가 있다.★ 장마감 시간이 가까워질수록 문의가 많아 상담이 지연될 수 있습니다.★ 7월 문의하신 고객들이 많이 보유하신 종목으로는 삼성전자, POSCO홀딩스, 셀트리온, 포스코퓨처엠, 에코프로비엠, NAVER, 에코프로, 삼성SDI, LG화학, SK하이닉스, 두산에너빌리티, 카카오, SK이노베이션, LG에너지솔루션, 엘앤에프, 삼천당제약, 현대차, 알테오젠, HPSP, LG전자 등이 있습니다.★ 안내사항과도한 빚은 당신에게 큰 불행을 안겨줄 수 있습니다. 대출 시 신용등급 하락으로 다른 금융거래가 제약받을 수 있습니다. 중개수수료를 요구하거나 받는 것은 불법입니다.상호명: ㈜단비대부 2021-서울영등포-2102(대부업) | TEL: 1544-4886 | 대출금리: 연 20%이내(연체금리는 약정금리+3%p이내, 최대 연 20%이내) | 단, 2021. 7. 7.부터 신규체결, 갱신, 연장되는 계약에 한함 | 채무의 조기상환 조건 및 부대비용 없음. (단, 신용조회비용 및 담보권설정비용 있음), 이자 외 별도로 중개수수료를 요구하거나 수취하는 것은 불법입니다. | 대표이사: 박동원 | 사업자등록번호: 274-86-00231 | 등록기관명칭: 서울 영등포구청(담당부서: 일자리경제과, 02-2670-3420) | 소재지 : 서울 영등포구 여의대방로67길 11, 5층 517호 | 개인정보관리자메일: help@danbifund.co.kr무료상담",https://www.hankyung.com/article/202507173386a,2025.07.17 13:08
"22일, 기관 거래소에서 두산에너빌리티(-8.48%), KODEX 레버리지(-2.72%) 등 순매도",,"기관 투자자는 22일 거래소에서 두산에너빌리티, KODEX 레버리지, SK하이닉스 등을 중점적으로 매도한 것으로 나타났다.기관 투자자의 순매도 상위 20개 종목은 두산에너빌리티, KODEX 레버리지, SK하이닉스, 삼성전자, KODEX 200, 현대건설, 삼양식품, 두산, 효성중공업, NAVER등이다.이중에 전기,전자 업종에 속한 종목이 6개 포함되어 있다.이날 기관 투자자가 순매도한 종목들 중에 두산에너빌리티, KODEX 레버리지, SK하이닉스 등은 전일 대비 주가가 하락했다.[07월22일]거래소 기관 순매도 상위 종목한경로보뉴스이 기사는 한국경제신문과 금융 AI 전문기업 씽크풀이 공동 개발한 기사 자동생성 알고리즘에 의해 실시간으로 작성된 것입니다.",https://www.hankyung.com/article/202507225346L,2025.07.22 18:35
합리적 투자 필수! 증권사 신용대출 3%대 전환으로 이자 절감,,"전송종목 : 동원시스템즈, 한국전력, 삼성증권, SK텔레콤, 현대엘리베이터최근 주식 투자자들 사이에서 주식대출(미수/신용융자 등)의 고금리에 대한 부담이 커지고 있다.특히 저금리를 적용 받고 싶어도, 기존 대출을 상환하고 다시 주식을 매수해야 하는 번거로운 절차와 자금 조달의 어려움이 발목을 잡고 있다.이런 현실적인 문제를 해결하고자, 무빙스탁이 ‘증권사 신용, 대환자금대출’ 서비스를 전격 출시했다.이 상품은 주식을 매도하지 않고도, 기존의 고금리의 주식대출(미수/신용융자 등)의 3%대의 혁신적인 저금리 증권사로 전환할 수 있도록 상환자금을 제공하는 것이 핵심이다.무빙스탁 관계자는 “현재 증권사 이벤트 금리는 연 3%대 수준으로, 기존 9~10%대 고금리를 적용받는 투자자라면 절감 효과가 상당하다”며, 금리를 5%만 낮추면 “1억원 신용대출 기준으로 연간 약 500만원, 3억원이라면 1,500만원까지도 절약할 수 있다”고 밝혔다.더 놀라운 점은, 현재는 이벤트 기간으로 대환자금대출 신청시 발생하는 이자 비용까지 ‘0원’이라는 사실이다. 대환자금에 대해서 하루의 대출이자도 부담하지 않고 기존 고금리 대출을 저금리로 전환할 수 있어, 고금리 부담에 시달리던 투자자들에게 큰 호응을 얻을 전망이다.이 서비스는 부동산 시장에서 흔히 이용되던 대환대출 개념을 증권시장에 도입한 혁신적인 시도로, 주식 투자자들의 자금 운용에 새로운 대안을 제시할 것으로 기대된다.무빙스탁 ‘증권사 신용, 대환자금대출’의 비용 무료 이벤트는 이벤트 기간 동안 한정적으로 제공되는 만큼, 신용융자를 이용 중인 투자자라면 지금 바로 확인해볼 필요가 있다.★ 장마감 시간이 가까워질수록 문의가 많아 상담이 지연될 수 있습니다.★ 7월 문의하신 고객들이 많이 보유하신 종목으로는 삼성전자, POSCO홀딩스, 셀트리온, 포스코퓨처엠, 에코프로비엠, NAVER, 에코프로, 삼성SDI, LG화학, SK하이닉스, 두산에너빌리티, 카카오, SK이노베이션, LG에너지솔루션, 엘앤에프, 삼천당제약, 현대차, 알테오젠, HPSP, LG전자 등이 있습니다.★ 안내사항과도한 빚은 당신에게 큰 불행을 안겨줄 수 있습니다. 대출 시 신용등급 하락으로 다른 금융거래가 제약받을 수 있습니다. 중개수수료를 요구하거나 받는 것은 불법입니다.상호명: ㈜단비대부 2021-서울영등포-2102(대부업) | TEL: 1544-4886 | 대출금리: 연 20%이내(연체금리는 약정금리+3%p이내, 최대 연 20%이내) | 단, 2021. 7. 7.부터 신규체결, 갱신, 연장되는 계약에 한함 | 채무의 조기상환 조건 및 부대비용 없음. (단, 신용조회비용 및 담보권설정비용 있음), 이자 외 별도로 중개수수료를 요구하거나 수취하는 것은 불법입니다. | 대표이사: 박동원 | 사업자등록번호: 274-86-00231 | 등록기관명칭: 서울 영등포구청(담당부서: 일자리경제과, 02-2670-3420) | 소재지 : 서울 영등포구 여의대방로67길 11, 5층 517호 | 개인정보관리자메일: help@danbifund.co.kr무료상담",https://www.hankyung.com/article/202507210601a,2025.07.21 13:28
"코스피, 연고점 경신 후 3210선 줄다리기…코스닥 나흘째↑","코스피, 장중 한때 연고점 경신
""차익실현 욕구가 상단 제한""","사진=연합뉴스

                22일 코스피지수가 미 실적 훈풍과 차익실현 욕구가 힘겨루기 하며 장 초반 보합권에서 등락하고 있다.이날 오전 9시14분 현재 코스피지수는 전일 대비 0.67포인트(0.02%) 오른 3211.48을 기록 중이다. 코스피지수는 장중 한때 상단을 3220.27까지 높이면서 연고점을 다시 한번 경신했다. 다만 곧바로 매수세가 꺾이면서 3210선에서 오르락 내리락 하고 있다.고점 부담에 따른 차익실현 욕구에도 불구하고 미국 기업들의 호실적 전망이 투자심리를 뒷받침하고 있는 것으로 풀이된다.시장조사업체 팩트셋은 이날까지 2분기 실적을 발표한 스탠더드앤드푸어스(S&P)500지수 구성 기업 62곳 중 85% 이상이 전문가 예상치를 웃도는 실적을 낼 것으로 추산했다.이 시각 현재 유가증권시장에서 개인이 3600억원 순매수하고 있다. 외국인과 기관은 각각 1750억원과 1640억원 매도우위다.시가총액 상위주들은 등락이 엇갈리고 있다. 삼성전자(0.74%), LG에너지솔루션(1.36%), 삼성바이오로직스(0.67%), KB금융(0.17%)은 오르고 있는 반면 SK하이닉스(-0.73%), 한화에어로스페이스(-0.33%), 현대차(-0.24%), 두산에너빌리티(-3.36%) 등은 하락하고 있다.LIG넥스원은 증권가의 밸류에이션 부담 평가에 장 초반 약세다.코스닥지수는 4거래일 연속 상승세다. 이 시각 현재 코스닥지수는 0.68% 오른 827.14를 기록 중이다. 코스닥시장에서도 개인이 615억원 순매수하고 있다. 외국인과 기관은 각각 299억원과 186억원 매도우위다.코스닥 시총 상위주들은 대부분 상승하고 있다. 알테오젠(2.74%), 펩트론(1.58%), 파마리서치(1.39%), 리가켐바이오(4.53%), 휴젤(1.14%) 등이 오름세다.원·달러 환율은 1380원대로 내려왔다. 이날 서울 외환시장에서 원·달러 환율은 전일 대비 5.2원 내린 1383.0원에 개장했다.노정동 한경닷컴 기자 dong2@hankyung.com",https://www.hankyung.com/article/2025072233696,2025.07.22 09:22
"삼성전자, 반도체 모멘텀과 AI 기대감에 장중 상승세",,"7월 16일 삼성전자 주가가 전일 대비 상승 흐름을 이어가고 있다. 이날 오전 코스피 시장에서 삼성전자는 6만3,700원을 기록하며 1% 이상 오른 가격에 거래되고 있어 투자자의 관심이 집중되고 있다. 이번 상승세의 진원지는 최근 글로벌 반도체 시장에서 회복 신호가 감지되고, AI 반도체 수요와 엔비디아를 통한 공급 기대감이 맞물린 점이 크게 작용했다.특히 엔비디아의 중국 AI 반도체 H20 모델의 수출 재개 소식이 국내 시장 투자 심리를 자극했다. 이는 삼성전자가 글로벌 주요 반도체 공급망에서 중요한 위치를 차지하는 데다, AI와 고대역폭메모리(HBM) 시장에서의 재도약 기대감으로 이어지고 있다. 삼성전자가 HBM 차세대 제품 개발과 엔비디아 등 글로벌 빅테크와의 협력을 강화하고 있다는 점이 투자자의 낙관론에 불을 붙였다.앞서 삼성전자는 2025년 2분기 잠정 실적을 발표하며 매출 74조 원, 영업이익 4조6,000억 원을 기록했다고 밝혔다. 실적은 전년 대비 줄었으나, 시장에서는 이미 실적 부진 우려를 상당 부분 반영한 만큼 하반기 반등 기대가 커지는 분위기다. 특히 배당 매력, 저평가 구간, 자사주 매입 정책 등이 부각되면서 저가 매수세가 유입된 점도 주가 방어에 힘을 보탰다.삼성전자 경영진은 주주총회와 실적 발표 등을 통해 AI와 로봇, 전장, 메드테크 등 신성장 동력 확보에 주력하고 있음을 거듭 밝혀 왔다. 올해 들어 스마트폰, TV, 가전 등 전 제품군에 온디바이스 AI 적용과 신사업 추진이 가속화되고, 자율주행, 의료기기 등 신시장 개척 노력이 투자 매력도를 높인다. 대외적으로는 미국을 중심으로 한 반도체 수출 호조, 국내외 고객사 확대, 탄탄한 기술 리더십이 강점으로 꼽혀 중장기 성장 전망에 힘을 실어주고 있다.업계 전문가들은 하반기부터 메모리 반도체 재고조정 마무리, AI 인프라 투자 본격화, HBM 점유율 확대 등이 삼성전자 실적 개선과 주가 반등의 주요 동력이 될 것으로 내다보고 있다. 국내 대표 반도체주로서 삼성전자의 존재감이 코스피 시장 전체를 견인하는 만큼, 향후 신사업과 글로벌 경쟁력 강화 행보에 대한 시장의 기대는 더욱 커질 전망이다.가온칩스, 이뮨온시아, 유진테크, 쿠쿠홈시스, 바이오비쥬무료상담",https://www.hankyung.com/article/202507161577a,2025.07.16 12:43
단통법 폐지만 기다렸는데…'공짜폰 어디 있나요?' 허탈,,"사진=뉴스1

                22일 단말기 유통구조 개선에 관한 법률(단통법)이 폐지됐다. 2014년 시장 과열과 구매자 정보 격차를 줄이기 위해 도입된 이후 11년 만이다. 기존 이동통신사에게 의무적으로 제한됐던 15%의 '지원금 상한'이 없어졌다. 이동통신사와 유통점 등이 자율적으로 지원금 규모를 정할 수 있게 된 것이다. 공시지원금 액수를 공지해야 하는 의무, 유통점의 추가지원금 제한 또한 사라졌다.  단통법 없어졌는데, 시장은 외려 조용이전부터 단통법이 폐지되면 과거 존재했던 '공짜폰' 등 이통업계 마케팅 과열이 다시 부활할 것이라는 시각이 지배적이었지만 폐지 첫날 시장은 의외로 고요했다는 게 업계의 목소리다. 이동통신사들이 폐지 직후 보조금 규모를 기존 대비 올리지 않은데다 유통점에서 제공하는 추가지원금 규모도 이전과 크게 달라지지 않았다는 게 이유다.22일 SK텔레콤에서 삼성 갤럭시 Z 폴드7 512GB 모델을 구매하면 보조금과 유통망 추가지원금을 받아 약 54만원 기기값을 할인받을 수 있다. 9만원 요금제를 6개월간 유지하는 것이 조건이다. KT 또한 6개월 고가 요금제를 유지하는 조건으로 동일 모델을 약 57만원 할인해준다. 이는 모두 단통법 폐지 이전과 비슷하거나 동일한 규모의 지원금인 것으로 알려졌다.현장에서는 선착순 개통 인원에 단말기 추가 할인을 제공하기도 했지만 이 또한 크게 단말기 가격을 낮추지는 못했다. KT와 LG유플러스는 업계 1위 SK텔레콤이 공격적으로 지원금 마케팅을 펼치지 않자 함께 '숨고르기 중'이라는 반응을 보였다. 통신업계 관계자는 ""해킹 사고로 60만 명에 달하는 이용자가 빠져나간 SK텔레콤이 예상 외로 지원금 경쟁에 나서지 않는 분위기""라며 ""지원금 규모가 시장 분위기를 보고 정해지는 만큼 당장 지원금을 크게 올리기는 어렵다고 본다""고 했다.이전부터 이통사들은 갤럭시 시리즈나 아이폰 신규 모델 출시 시점에 맞춰 가장 크게 보조금을  시장에 푸는 것으로 알려졌지만, 이번에는 3사 모두 ""시장 수요와 경쟁사의 분위기를 본 뒤 지원금을 조정하겠다""는 태도를 취하는 것으로 알려졌다. 이미 SK텔레콤의 위약금 면제와 갤럭시 Z 폴더블 7 시리즈의 사전예약이 있었던 만큼 단통법 폐지에 맞춰 대규모 지원금을 풀기 어렵다는 목소리도 나온다. 업계 관계자는 ""단통법이 폐지된 이번 주 주말이 진짜 승부처""라며 ""이통3사가 모두 주말 사이 이동하는 가입자 규모를 보고 내주 지원금 상향 등 조정에 나서겠다는 태도를 취하고 있기 때문""이라고 설명했다.   11년 전 '공짜폰'? 이젠 옛말11년 전 ‘공짜폰’ 등 출혈경쟁도 어렵다는 게 업계의 입장이다. 시장 상황이 당시와 180도 달라졌다는 게 이들의 주장이다. 특히 국내 시장에서 단말기의 선택 폭이 줄어든데다 휴대폰이 고가품이 되었다는 게 가장 큰 이유로 꼽힌다.
                    



사진=뉴스1

                과거에는 초고가 모델이 90~100만원을 호가했던 반면, 이번 갤럭시 폴더블 7 시리즈는 모델에 따라 기기값만 200만원이 넘는다. 유통점에서 보조금과 추가지원금 등 할인을 받는다고 해도 '공짜'까지 휴대폰 가격을 떨어뜨리지 못한다는 게 업계의 일반적인 시각이다. 휴대폰 가격이 오름에 따라 교체주기가 길어졌다는 것도 출혈경쟁이 일어나지 못하는 원인으로 꼽힌다. 단순 지원금 규모만 보고 고가의 단말기를 자주 바꾸는 이용자가 줄어들었기 때문이다. 이 때문에 이통사들은 단순 지원금 출혈경쟁으로는 신규 이용자를 끌어오기엔 역부족이라는 입장을 취하고 있다.여기에 단통법 폐지와는 관계없는 ‘선택 약정 할인’을 택하는 이용자도 많다. 지원금을 받는 대신 매달 요금에서 25%를 할인받기를 선택하는 이용자의 비율이 늘며 실제 추가지원금을 선택하는 수요가 크지 않다는 것이다. 중고폰 시장의 확대와 알뜰폰, 자급제 단말기 등 휴대폰을 구매할 수 있는 선택지가 늘어났다는 것도 과거와 달라진 점으로 꼽힌다. 업계 관계자는 ""굳이 이통사 대리점을 이용하지 않고도 휴대폰을 쉽게 개통할 수 있다""며 ""이통사 간 외에도 외부에 경쟁자가 많아졌다는 의미""라고 설명했다.최지희 기자 mymasaki@hankyung.com",https://www.hankyung.com/article/202507224355i,2025.07.22 16:03
"초미세 반도체 공정 판 바꾼 K기술…HPSP, 고압 수소장비 시장 '독점'","한국형 슈퍼을' 기업 (2)
김용운 대표의 도전

반도체 초미세화 핵심기술
2나노 초미세공정도 가능
TSMC 등 20여 개사 판매
3년 연속 이익률 50% 넘어'","“처음엔 ‘수소 폭탄을 반도체 공장에 넣는 거냐’며 다들 고개를 저었죠. 하지만 우린 언젠가 때가 올 것이란 걸 알았습니다.”경기 화성 HPSP 본사에서 만난 김용운 대표(사진)는 고압 수소 어닐링 장비 상용화의 전환점이 된 2019년을 이렇게 회고했다. 모두가 불가능하다던 기술은 이제 삼성전자와 SK하이닉스, 대만 TSMC, 미국 인텔 등 20여 개 글로벌 반도체 기업이 쓰는 필수 공정이 됐다. 지난해 HPSP 영업이익률은 52%로 3년 연속 50%를 넘었다. 위험성과 복잡도 때문에 누구도 엄두를 내지 못하던 고압 수소 기술로 반도체 초미세화의 최전선을 지배하며 ‘한국형 슈퍼을’로 떠올랐다.
                    






이미지 크게보기



 ◇최강 압력 제어 기술로 시장 선점코스닥시장 상장사인 HPSP 사명은 ‘고압 솔루션 생산자’(High Pressure Solution Provider)를 의미한다. 핵심 기술은 압력 제어에 있다. 어닐링은 반도체 웨이퍼 표면에 생긴 미세한 상처, 즉 계면 결함을 치유해 전기적 특성을 복원하는 공정이다. 반도체업계는 기존엔 1000도가 넘는 급속 열처리 등을 통해 계면 결함을 해결해 왔지만 반도체 회로폭이 10나노미터(㎚) 이하로 좁아지면서 고온 공정은 한계에 봉착했다. HPSP의 고압 수소 어닐링은 100% 수소 농도, 최대 25기압의 초고압으로 250~450도 저온 환경에서 계면 결함을 제거하는 기술이다. 기존 수소 어닐링 기업은 5% 미만의 수소 농도, 1기압 미만의 압력에 머물렀고 이는 16㎚ 이하 공정에선 통하지 않았다.김 대표는 “높은 압력이 수소 분자 확산을 촉진해 소자 내 결함을 효과적으로 제거하는 동시에 낮은 온도에서도 어닐링 효과를 얻을 수 있게 한다”며 “2㎚ 초미세 공정에도 적용 가능하고 반도체 소자의 구동 전류를 최대 15% 향상시킨다”고 설명했다.2018년까지 HPSP 연 매출은 23억원에 불과했다. 반전은 2019년 시작됐다. 글로벌 파운드리 기업의 10㎚ 이하 공정 기술 경쟁이 본격화하면서다. 삼성전자, TSMC, 인텔 등 글로벌 파운드리 업체의 주문이 쇄도하며 HPSP 매출은 2019년 251억원, 2020년 612억원, 2021년 918억원으로 폭발적으로 상승했다. 지난해 매출은 1814억원, 영업이익은 939억원을 기록했다. ◇‘고객 맞춤화+발명 문화’김 대표는 HPSP 강점을 기술 이상의 ‘맞춤화’ 역량과 ‘발명 문화’로 요약했다. 그는 “글로벌 고객사 20여 곳에 각기 다른 요구사항을 충족시킨 경험과 설계 노하우는 차별화된 경쟁력”이라며 “우리의 특허를 피해 비슷한 장비를 만들 순 있지만 우리보다 효율적으로 제작할 수는 없을 것”이라고 강조했다.사내 모토가 ‘발명으로 새 역사를 만든다’일 정도로 직원의 발명을 독려하는 것도 특징이다. 직원 120명 중 3분의 1이 특허 보유자다.HPSP는 실리콘 산화막을 고압에서 성장시키는 ‘고압 산화(HPO)’ 장비도 개발 중이다. 산화 공정은 웨이퍼에 일종의 보호막 역할을 하는 산화막을 형성해 회로와 회로 사이에 누설 전류가 흐르는 것을 차단한다. 이 과정에서도 고압을 이용해 낮은 공정 온도를 구현한 뒤 막의 품질을 획기적으로 높일 수 있다는 게 김 대표의 설명이다. 그는 “파운드리 중심이던 고압 수소 어닐링 적용을 메모리, 하이브리드 본딩 등 대형 시장으로 확대하려는 연구도 진행 중”이라고 말했다.화성=황정환 기자 jung@hankyung.com",https://www.hankyung.com/article/2025071351421,2025.07.13 17:26
"""항셍지수 23% 뛰었지만 여전히 저평가…밸류에이션 저렴한 中 기술주에 주목""","딩첸 CSOP운용 CEO 인터뷰

운용자산 기준 홍콩 2위 기업
""항셍 PER 10배, 나스닥 절반
AI 시장, 美中 경쟁구도 재편""","“밸류에이션(실적 대비 주가 수준)이 저렴한 중국 기술주에 주목할 때입니다.”딩첸 CSOP자산운용 최고경영자(CEO·사진)는 14일 한국경제신문과의 인터뷰에서 “중국 인공지능(AI) 모델인 딥시크 등장 이후 AI 시장이 미국과 중국의 경쟁 구도로 바뀌었다”며 이같이 말했다. CSOP는 홍콩 내 운용자산 기준 2위 운용사다. 국내에선 삼성전자 단일 종목을 추종하는 레버리지·인버스 상장지수펀드(ETF)를 처음 내놓은 운용사로 이름을 알렸다.딩 CEO는 “최근 중국 정부가 민간 기술 기업을 중심으로 한 전략산업 육성 방안을 내놓으면서 중국 기술주가 주목받을 수 있는 토대가 마련됐다”고 설명했다. 최근 2~3년간 중국 경기 둔화와 규제로 압박을 받아온 기술주가 정부 정책에 힘입어 본격적인 회복 국면에 들어갈 수 있다는 얘기다.밸류에이션 매력도 강조했다. 딩 CEO는 “미국의 관세 부과와 관련한 불확실성이 불거지면서 최근 홍콩증시가 주춤했다”며 “최악의 관세 충격을 지나 협상이 진전 국면에 접어든 만큼 홍콩증시 밸류에이션도 서서히 회복할 것”이라고 낙관했다. 올 들어 홍콩항셍지수는 23% 넘게 상승했지만, 주가수익비율(PER)은 10.2배 수준이다. 미국 S&P500(22배), 나스닥(27배)과 비교하면 아직 절반에 못 미친다.딩 CEO는 최근 글로벌 투자자금의 홍콩증시 유입에도 주목하고 있다. 딩 CEO는 “올 들어 홍콩증시로 흘러드는 자금이 크게 늘었다”며 “해외 투자자의 강한 중국 주식 수요 덕분에 최근 중국 전기자동차 기업인 CATL도 홍콩증시에서 대규모 자금을 조달할 수 있었다”고 말했다. CATL은 지난 5월 홍콩증시 기업공개(IPO)로 52억달러(약 7조원)를 조달했다. 이 덕분에 홍콩증시 IPO 규모는 117억달러로 상반기 세계 거래소 1위를 차지했다. 중국 본토에서 홍콩증시로 유입된 ‘남향자금’도 875억달러에 달했다. 지난해 전체 유입 금액(1029억달러)의 85%에 해당하는 자금이 상반기에 한꺼번에 들어왔다.홍콩증시에 관심을 둔 국내 투자자에게는 ‘중국 대표 기술주’에 투자할 것을 추천했다. 딩 CEO는 “개별 종목을 고르기 어렵다면 중국 기술주 30개 종목을 모은 항셍테크 지수가 매력적인 대안일 수 있다”고 소개했다.나수지 기자 suji@hankyung.com",https://www.hankyung.com/article/2025071476191,2025.07.14 17:51
"""어떤 시나리오든 SK하이닉스 독주 끝""…충격 보고서 나왔다","""HBM 공급과잉 우려"" 
SK하이닉스 주가 급락

골드만 ""내년 가격 10% 하락""
투자의견 '매수→중립' 하향

""삼성·마이크론 생산 늘리면 
HBM 가격 최대 35% 하락""","사진=연합뉴스

                신고가 행진을 이어가던 SK하이닉스 주가가 17일 9% 가까이 급락했다. 삼성전자가 내년쯤 고대역폭메모리(HBM) 시장을 잡기 위해 ‘저가 공세’에 나서고, 이에 따라 HBM 시장이 공급 과잉 국면에 들어설 것이라는 전망이 나오면서다. 이날 유가증권시장에서 SK하이닉스는 8.95% 내린 26만9500원에 거래를 마쳤다. 중국의 인공지능(AI) 딥시크 공개 여파로 주가가 급락한 1월 31일(-9.86%) 후 최대 낙폭이다. 주가를 끌어내린 것은 이날 나온 골드만삭스 보고서였다. 골드만삭스는 “경쟁 심화로 내년 HBM 가격이 10% 떨어질 것”이라며 “HBM 가격 결정권이 제조사에서 엔비디아 등 고객사로 이동할 것”이라고 전망했다. 엔비디아 HBM 물량의 80~90%를 싹쓸이하고 있는 SK하이닉스의 ‘독주체제’가 끝날 것이라는 얘기다.골드만삭스는 삼성전자의 엔비디아 납품 통과가 지연되더라도 HBM 가격이 떨어질 것으로 내다봤다. 엔비디아가 품질 검증을 통과한 마이크론을 지렛대 삼아 SK하이닉스에 가격 인하를 요구할 가능성이 크다는 이유에서다.골드만삭스는 SK하이닉스 투자 의견을 ‘매수’에서 ‘중립’으로 낮추고, 내년 영업이익 전망치를 증권사 평균 대비 19% 낮은 36조5690억원으로 제시했다. 반사이익 기대로 삼성전자 주가는 이날 3.09% 올랐다.
                    




삼성, 엔비디아 선택 받기 위해 '매력적인 가격' 제시할 가능성마이크론도 생산 확대 본격화…SK, 수성 위해 가격 낮출 수밖에 “그 어떤 시나리오에서도 고대역폭메모리(HBM) 가격 하락은 피할 수 없다.”17일 골드만삭스가 발표한 SK하이닉스 심층 보고서는 이 문장 하나로 요약된다. HBM 시장의 핵심 변수 중 하나인 삼성전자의 엔비디아 ‘품질 검증’ 통과 여부에 관계없이 HBM 시장이 내년부터 공급 과잉 국면에 진입할 것이란 내용이다. 골드만삭스는 삼성전자와 마이크론의 진입으로 HBM 시장이 내년부터 극심한 가격 경쟁에 들어설 것으로 내다봤지만 다른 한쪽에선 엔비디아뿐만 아니라 구글, 아마존, 마이크로소프트(MS) 등이 자체 인공지능(AI) 반도체 생산을 늘리고 있는 만큼 HBM 호황이 쉽게 꺾이지 않을 것이라고 맞서고 있다.◇“HBM 가격 두 자릿수 하락”골드만삭스는 SK하이닉스의 시나리오를 세 가지로 풀었다. 삼성전자의 엔비디아 납품이 1~2분기 정도 지연되는 ‘기본’ 시나리오와 삼성전자가 올해 차세대 제품인 HBM4(연말 양산)까지 통과하는 시나리오, 그리고 삼성이 HBM4를 통과하지 못하고 SK하이닉스의 독주가 이어지는 ‘최상’의 시나리오다.골드만삭스는 내년 HBM의 평균판매가격(ASP)이 기가바이트(GB)당 11.9달러로 올해(13.1달러) 대비 10% 하락하고, 삼성이 엔비디아 납품을 조기 통과하면 HBM 가격이 최대 35%(HBM3E 12단 기준) 빠질 것으로 내다봤다. 2023년 HBM 시장이 본격적으로 열린 뒤 상승세를 타던 가격이 처음 하락하는 것이다.골드만삭스는 “삼성전자가 HBM 최대 큰손인 엔비디아 점유율을 늘리기 위해 ‘매력적인 가격’을 제시할 가능성이 크다”며 “SK하이닉스는 점유율을 방어하기 위해 가격을 낮출 수밖에 없을 것”이라고 예상했다.이미 엔비디아의 품질 테스트를 통과한 마이크론이 생산능력을 끌어올리는 것도 HBM 가격을 끌어내리는 요인으로 꼽혔다. 삼성의 진입과 마이크론의 생산능력 확대가 맞물려 HBM 시장이 내년부터 공급 과잉 국면에 들어간다는 게 골드만삭스의 관측이다. 보고서에 따르면 내년 HBM 공급은 39억8000만GB로 수요(37억6000만GB)를 넘어선다. 2027년에도 공급(53억7000만GB)이 수요(52억5000만GB)를 초과하는 상황이 지속된다.◇SK하이닉스 타격 불가피골드만삭스는 HBM 공급 과잉으로 가장 타격을 받을 업체로 SK하이닉스를 꼽았다. HBM 시장에서 여러 빅테크의 주문형반도체(ASIC) 구매 비중이 커지고 있는데, SK하이닉스는 엔비디아 의존도가 높기 때문이다.골드만삭스는 내년에 엔비디아, AMD 등 AI 가속기 업체들의 HBM 주문이 23% 늘어나는 데 그치지만 ASIC 수요는 82% 급증할 것으로 내다봤다. 이에 따라 전체 HBM 시장에서 ASIC이 차지하는 비중이 올해 25%에서 내년 33%로 늘어나 ‘신시장’을 잡기 위한 쟁탈전이 본격화할 것으로 예상했다.골드만삭스는 “ASIC 납품 비중이 높은 HBM 제조사가 내년에 더 큰 기회를 잡을 것”이라고 예측했다. 빅테크 고객 확보에 주력해온 삼성전자가 내년 추격의 발판을 마련할 수 있다는 의미다.반면 JP모간, 맥쿼리 등 다른 글로벌 투자은행(IB)은 SK하이닉스의 독주가 내년에도 이어질 것으로 예상하고 있다. JP모건은 지난달 25일 보고서를 통해 SK하이닉스의 2027년 영업이익을 60조3070억원으로 전망했다.박의명/심성미 기자 uimyung@hankyung.com",https://www.hankyung.com/article/2025071754401,2025.07.17 17:47
신용대출 이자 절감 꿀팁! 증권사 3%대 대출 전환법 공개,,"전송종목 : 고영, 아이센스, 바이오플러스, SK오션플랜트, 뷰웍스




 

최근 주식 투자자들 사이에서 주식대출(미수/신용융자 등)의 고금리에 대한 부담이 커지고 있다.특히 저금리를 적용 받고 싶어도, 기존 대출을 상환하고 다시 주식을 매수해야 하는 번거로운 절차와 자금 조달의 어려움이 발목을 잡고 있다.이런 현실적인 문제를 해결하고자, 무빙스탁이 ‘증권사 신용, 대환자금대출’ 서비스를 전격 출시했다.이 상품은 주식을 매도하지 않고도, 기존의 고금리의 주식대출(미수/신용융자 등)의 3%대의 혁신적인 저금리 증권사로 전환할 수 있도록 상환자금을 제공하는 것이 핵심이다.무빙스탁 관계자는 “현재 증권사 이벤트 금리는 연 3%대 수준으로, 기존 9~10%대 고금리를 적용받는 투자자라면 절감 효과가 상당하다”며, 금리를 5%만 낮추면 “1억원 신용대출 기준으로 연간 약 500만원, 3억원이라면 1,500만원까지도 절약할 수 있다”고 밝혔다.더 놀라운 점은, 현재는 이벤트 기간으로 대환자금대출 신청시 발생하는 이자 비용까지 ‘0원’이라는 사실이다. 대환자금에 대해서 하루의 대출이자도 부담하지 않고 기존 고금리 대출을 저금리로 전환할 수 있어, 고금리 부담에 시달리던 투자자들에게 큰 호응을 얻을 전망이다.이 서비스는 부동산 시장에서 흔히 이용되던 대환대출 개념을 증권시장에 도입한 혁신적인 시도로, 주식 투자자들의 자금 운용에 새로운 대안을 제시할 것으로 기대된다.무빙스탁 ‘증권사 신용, 대환자금대출’의 비용 무료 이벤트는 이벤트 기간 동안 한정적으로 제공되는 만큼, 신용융자를 이용 중인 투자자라면 지금 바로 확인해볼 필요가 있다.★ 장마감 시간이 가까워질수록 문의가 많아 상담이 지연될 수 있습니다.★ 7월 문의하신 고객들이 많이 보유하신 종목으로는 삼성전자, POSCO홀딩스, 셀트리온, 포스코퓨처엠, 에코프로비엠, NAVER, 에코프로, 삼성SDI, LG화학, SK하이닉스, 두산에너빌리티, 카카오, SK이노베이션, LG에너지솔루션, 엘앤에프, 삼천당제약, 현대차, 알테오젠, HPSP, LG전자 등이 있습니다.★ 안내사항과도한 빚은 당신에게 큰 불행을 안겨줄 수 있습니다. 대출 시 신용등급 하락으로 다른 금융거래가 제약받을 수 있습니다. 중개수수료를 요구하거나 받는 것은 불법입니다.상호명: ㈜단비대부 2021-서울영등포-2102(대부업) | TEL: 1544-4886 | 대출금리: 연 20%이내(연체금리는 약정금리+3%p이내, 최대 연 20%이내) | 단, 2021. 7. 7.부터 신규체결, 갱신, 연장되는 계약에 한함 | 채무의 조기상환 조건 및 부대비용 없음. (단, 신용조회비용 및 담보권설정비용 있음), 이자 외 별도로 중개수수료를 요구하거나 수취하는 것은 불법입니다. | 대표이사: 박동원 | 사업자등록번호: 274-86-00231 | 등록기관명칭: 서울 영등포구청(담당부서: 일자리경제과, 02-2670-3420) | 소재지 : 서울 영등포구 여의대방로67길 11, 5층 517호 | 개인정보관리자메일: help@danbifund.co.kr무료상담",https://www.hankyung.com/article/202507160714a,2025.07.16 13:08
"한국 사랑한 美 보수의 巨木…""사람이 곧 정책""","미국 헤리티지재단 창립자 에드윈 퓰너 별세

보수 총본산 싱크탱크 설립·운영
차기 지도자 발굴·교육 주력

200번 넘게 한국 찾은 지한파
삼성·현대·한화家와 인연 이어와","미국의 대표적 보수 싱크탱크인 헤리티지재단 창립자 에드윈 퓰너가 지난 18일 별세했다. 향년 83세.퓰너는 1941년 시카고에서 부동산회사를 운영하던 부모 밑에서 태어났다. 레지스대를 졸업한 뒤 펜실베이니아대 와튼스쿨에서 경영학석사(MBA)를, 스코틀랜드 에든버러대에서 박사 학위를 받았다. 미 전략국제문제연구소(CSIS)에서 연구원으로 활동했고 이후 멜빈 레이어 공화당 하원의원 보좌관 생활을 하다가 1973년 창립 멤버로 헤리티지재단에 몸담았다.1977년부터 37년간 헤리티지재단 최장수 이사장을 지냈다. 직원 9명의 작은 정책 연구소로 출발한 헤리티지재단은 퓰너의 리더십 아래 급성장했고 직원 500명 이상이 미국 보수정책의 밑그림을 그리는 핵심 기구로 성장했다. 뉴욕타임스는 퓰너를 “보수주의라는 거대 도시의 파르테논(신전)”이라고 칭하기도 했다. 마이크 펜스 전 부통령은 X에 “퓰너의 별세로 보수주의 운동의 진정한 거인 중 한 명을 잃었다”고 밝혔다.퓰너는 1980년대 로널드 레이건 대통령 집권 시기 자유시장경제, 작은 정부, 개인의 자유, 강력한 국방 등 보수 가치를 전면에 내세우며 보수 전성기를 이끄는 데 일조했다. 레이건 대통령은 1989년 퓰너에게 ‘대통령 시민훈장’을 수여했다. 헤리티지재단의 케빈 로버츠 회장과 바브 반 안델-게이비 이사회 의장은 공동성명에서 “퓰너는 단순한 리더를 넘어 비전가이자 개척자이며 최고 애국자”하고 추모했다.퓰너는 ‘사람이 곧 정책이다’라는 사명을 강조한 것으로도 유명하다. 새로운 보수 지도자를 교육하고 발굴하는 일을 그만큼 중시했다. 또 “워싱턴에는 영원한 승리도, 패배도 없다”는 말을 남기며 정치에서 어떤 진영도 안주하지도, 좌절하지도 말라고 조언했다.퓰너는 도널드 트럼프 대통령과도 깊은 인연을 유지했다. 2016년 미국 대선에서 트럼프 당시 공화당 후보의 정책 자문을 맡았고 이후 대통령직 인수팀에 몸담았다. 재단은 2023년 트럼프의 재집권에 대비해 보수정부 국정 이행과제를 담은 ‘프로젝트 2025’를 발표하기도 했다.퓰너는 미국 내 대표적인 지한파로 꼽힌다. 생전에 200여 차례 한국을 방문하며 국내 정·재계 인사들과 친분을 유지했다. 고(故) 김대중 대통령과는 한·미 양국에서 만남을 이어가며 한반도 정세 등에 대한 의견을 교환하는 막역한 사이였다. 2002년 한·미 우호 증진에 기여한 공로로 한국 정부로부터 수교훈장 광화장을 받았다.김승연 한화그룹 회장과는 1980년대 초반부터 40년간 친분을 유지했으며 정몽준 아산재단 이사장, 이재용 삼성전자 회장 등과 오랜 기간 알고 지냈다. 한양대와 단국대에서 명예박사 학위를 받기도 했다.퓰너는 생전 한국경제신문 인터뷰에서 집권 1기 당시 트럼프 대통령에 대해 “동맹은 거래 관계가 아니라 가치와 목표의 공유에 기반한다”며 “동맹의 가치는 달러와 센트로 측정하는 게 아니다”고 지적하기도 했다. 트럼프 대통령이 한국을 ‘부자 나라’라고 부르며 과도한 방위비 분담금 인상을 요구한 데 대한 일침이었다.뉴욕=박신영 특파원 nyusos@hankyung.com",https://www.hankyung.com/article/2025072000901,2025.07.20 17:38
"""李 대통령, 美 관세협상 쉽지 않은 듯…대기업 곧 만날 예정""",,"이재명 대통령이 10일 서울 용산 대통령실 청사에서 열린 3차 수석·보좌관 회의에서 발언하고 있다. /사진=연합뉴스

                이재명 대통령은 취임 후 40여일간 정치인과 관료뿐 아니라 종교인, 원로 언론인, 기업인, 각 지역 시민 등 다양한 인사와 접촉해 국정에 대해 논의했다. 대한민국이 닥친 현안에 관해 토론을 통해 길을 찾거나, 고민을 털어놓으며 조언을 구하기도 했다.이 대통령이 지난 11일 언론인과의 2시간 오찬 회동 및 그간의 회의 석상 자리에서 언급한 발언을 종합하면 한미 관세 협상, 중국 전승절 참석 여부, 수출확대회의 검토 및 기업인과의 면담, 더불어민주당 전당대회, 장관 후보자 논란 등을 주제로 참석자들과 대화했다. 이 대통령이 평소 어떤 주제를 고민하는지 엿볼 수 있다는 게 정치권 해석이다.지난 11일 이 대통령은 한미 관세 협상 등 외교 문제에 대해 장시간 논의한 것으로 전해진다. 이 대통령은 한미 관세 협상이 쉽지 않을 것 같다는 뉘앙스를 내비쳤다고 한다. 한 참석자에 따르면 이 대통령은 “위성락 국가안보실장이 최근 미국에 다녀왔지만, 미국과의 대화가 겉돌고 있고, 미국 측과 토론할 의제도 충분히 정리되지 않았다”는 식으로 말했다고 한다. 다만 미국이 원하는 바를 내어줄 항목이 적은 일본보다는 미국과의 무역 협상이 더 빠르게 끝날 수 있다는 식으로 덧붙였다고 한다. 일본은 참의원 선거 기간이라, 미국이 원하는 농산물 시장 개방 등을 받아들이기 어렵기 때문으로 이 대통령은 보고 있다고 한다.
                    




                중국 정부가 오는 9월 전승절 참석을 권한 데 대해서는, “결론을 내린 것은 아니다”고 말했다고 한다. 대통령이 ‘(전승절에 참석한) 박근혜 전 대통령이 너무 나갔다’는 식으로 발언하며, 전승절 참여에 대해 신중하게 여기는 투로 얘기했다고 한다. 외교가에서는 한미 정상회담 등이 확정되지 않은 터라 전승절에 대해 메시지를 내지 않을 것으로 예상한다. 이 대통령은 또 “시진핑 중국 국가주석이 경주에서 열리는 아시아태평양경제협력체(APEC) 정상회의에 참석할 것”이라고 말한 것으로 알려졌다.이 대통령은 경제 활성화에 대해서도 고민을 털어놨다고 한다. 이 대통령은 참석자에게 “대기업과 곧 만날 것이다. 기업들이 망설임 없이 투자에 나설 수 있도록 규제를 풀겠다”는 식으로 말했다고 한다. 이 대통령은 지난달 13일 4대 그룹 총수, 6개 경제단체장과 만난 적 있다. 후보 시절에도 이재용 삼성전자 회장, 최태원 SK그룹 회장 등과 만나 기업을 위한 정책에 대해 계속 고민해왔다. 또 “과거 박정희 대통령이 시작했던 수출진흥확대회의를 정부 내각 구성이 끝나면 추진을 검토하겠다”는 뉘앙스로도 얘기했다고 한다.이 대통령은 지방 균형 발전을 위해 예산에 관한 고민도 털어놨다고 한다. 한 참석자가 “정부의 1년 예산이 박근혜 정부 끝난 첫해 360조원이었는데, 지금은 700조원이다”라고 하자, 이 대통령은 “그런데도 가용예산이 부족하다고 아우성”이라고 말했다고 한다. 또 부산의 가덕도 신공항 사업을 중단하는 데 대해선 부정적으로 언급하면서도, 대안을 찾을 수 있다는 얘기에 귀 기울인 것으로 알려졌다.정치와 인사 관련해서도 언급한 것으로 전해진다. 이 대통령은 이진숙 교욱부 장관 후보자가 제자 논문 표절 의혹 등이 일고 있는데 대해 “내가 (이 후보자를) 알아서 추천한 건 아니고 추천받은 것”이라며 “조금 문제가 있는 것 같아 딱하다”고 말했다는 전언이다. 다음 달 민주당 당 대표를 뽑는 전당대회에선 “박찬대 의원, 정청래 의원 둘 다 굉장히 좋아하고, 누가 되더라도 재밌을 것 같다. 이기는 편이 내 편이다”라는 식으로 말했다고 한다.김형규 기자 khk@hankyung.com",https://www.hankyung.com/article/202507124064i,2025.07.12 14:10
"현대차, 새 모델에 폐차 재활용 부품 넣는다","상반기 지속가능보고서 분석

삼성, 재생에너지 1만GWh 사용 
SK하이닉스는 2030년까지 
에너지 효율 60% 높이기로

KB금융, 선제적 기후위기관리
KT·SKC, 보고서에 AI 도입","Getty  Images  Bank

                삼성전자의 재생에너지 사용량이 지난해 처음 1만기가와트시(GWh)를 넘었다. 현대자동차는 폐차에 있는 소재 부품 등을 재활용해 신차에 넣고 있다. SK하이닉스는 2030년까지 에너지 효율을 작년보다 60% 높이겠다고 약속했다. 금융권은 기후 리스크 관리에 열을 올리고 있다. 최근 기업들이 공개한 지속가능보고서에 담긴 내용들이다.
                    






이미지 크게보기



 ◇4대 기업 화두는 ‘재생에너지·자원 순환’13일 산업계에 따르면 이달 들어서만 70여 개 기업이 ESG 실천 성과를 담은 보고서를 공개했다. 업계에선 올해 보고서 발행 건수가 지난해 204건을 넘어 사상 최대에 이를 것으로 내다보고 있다.삼성전자는 ‘2025 지속가능성경영보고서’에서 재생에너지 사용량이 지난해 처음 1만GWh를 넘어섰다고 공개했다. 한국 전체 가구가 두 달 가까이 쓰는 전력량이다. 이 회사의 지난해 재생에너지 사용량은 1만69GWh로 전년(9289GWh)보다 8.4% 늘었다.현대차는 폐차의 재활용 소재를 신차에 적용하는 ‘카 투 카(Car to Car) 프로젝트’를 소개했다. 지난해 10월 국내 최대 규모인 444메가와트(㎿) 재생에너지 공급계약(PPA)을 체결한 사례도 적시했다. 이 계약으로 현대차는 20년간 국내 사업장에서만 연간 610GWh 재생에너지를 공급받는다.SK하이닉스는 지난해 대비 에너지 효율을 내년 30%, 2030년까지 60% 개선하기로 약속하면서 저전력 D램을 ‘지속가능 제품’으로 지정했다. 저전력 D램은 PC와 서버용 D램보다 전력 소모를 획기적으로 줄인 메모리반도체다.LG전자는 지난해 국내외 사업장 폐기물 재활용률이 97.4%로 2030년 목표치(95%)를 초과 달성했다고 밝혔다. 이 회사는 지난해 56개국에서 총 53만2630t의 폐전자 제품을 회수했다. 7대 주요 제품의 사용 단계 탄소 배출량도 2020년보다 19.4% 줄였다. ◇금융계는 ‘기후 리스크’ 강조금융권은 기후 리스크를 핵심 화두로 지목했다. 기후 리스크가 실적 및 재무 구조 관리와 밀접한 연관이 있다는 판단에서다. 한국은행은 지난 3월 국내 금융사들이 기후변화 위험에 대응하지 않으면 손실 규모가 46조원에 이를 것으로 분석했다.KB금융은 산출 대상 자산군을 해외 국채까지 확대한 ‘금융 배출량’과 기후 위기 시나리오 분석을 바탕으로 수립한 ‘기후 회복력 중장기 대응 전략’ 등을 담은 기후 위기 관리 방안을 공개했다. JB금융은 ESG 내재화의 4대 핵심 전략 중 ‘기후변화 대응’을 처음 꼽았다. 우리금융은 과학 기반 탄소 감축 목표 이니셔티브(SBTi)에서 인증받은 탄소 감축 목표 수치를 공개했다. 화재·폭우 등 기후변화에 따른 재난이 대형 손실로 이어질 가능성이 있는 보험사들은 지속가능경영보고서에 온실가스 배출량 등을 상세하게 공개하는 등 기후 리스크에 민감하게 대응하고 있다.인공지능(AI)을 지송가능보고서 작성에 활용하는 기업도 늘고 있다. KT는 20년간 지속가능보고서를 학습한 지능형 AI ‘ESG AI 에이전트’로 ESG 정보를 실시간 알려준다. SKC도 AI를 사용해 지속가능보고서를 작성하고 있다. 롯데정밀화학은 보고서의 QR코드를 스캔하면 미얀마 지진 재해 복구 기부 홈페이지로 연결시켜 눈길을 끌었다.안시욱/양길성/장현주 기자 siook95@hankyung.com",https://www.hankyung.com/article/2025071351071,2025.07.13 17:11
"코스피, 3년10개월 만에 3200선 돌파…'연고점 또 경신'",삼성전자·하이닉스 2%대 강세,"사진=연합뉴스

                코스피지수가 11일 개인투자자의 매수세에 힘입어 3년10개월 만에 3200선을 돌파하면서 연고점을 재차 경신했다.이날 오전 9시14분 현재 코스피지수는 전 거래일보다 28.56포인트(0.9%) 오른 3211.79를 나타내고 있다. 지수는 이날 0.1% 오름세로 출발 후 상승폭을 빠르게 키웠다. 지수가 3200선을 넘어선 건 장중 기준으로 2021년 9월7일(3201.76) 이후 3년10개월 만이다.유가증권시장에서 개인이 613억원 매수 우위인 반면 외국인과 기관은 각각 450억원과 146억원 매도 우위다.이날 새벽 미국 증시도 상승세로 마감했다. 지난 10일(현지시간) 다우존스30산업지수는 0.43% 올랐고 S&P500지수와 나스닥종합지수는 각각 0.27%와 0.09% 상승해 사상 최고치를 경신했다. 도널드 트럼프 미국 대통령이 브라질에 고율의 '관세 폭탄'을 투하한다는 소식에도 투자자들이 낙관적 태도를 유지하면서다.코스피 시가총액 상위 종목 중 LG에너지솔루션, KB금융, 현대차, 기아, 셀트리온 등이 오르는 반면 삼성바이오로직스, 네이버, 두산에너빌리티, 한화에어로스페이스, HD현대중공업 등이 내리고 있다. 삼성전자(2.79%)와 SK하이닉스(2.53%)는 강세를 보이고 있다. 전날 세계 최대 위탁생산(파운드리) 업체인 대만 TSMC의 올 4~6월 매출이 9338억대만달러(약 43조8000억원)로 사상 최대치를 경신했다는 소식이 투자심리에 긍정적 영향을 준 것으로 보인다. 같은 시각 코스닥지수는 전 거래일보다 7.37포인트(0.92%) 오른 805.07을 나타내고 있다. 코스닥지수는 역시 0.28% 오름세로 출발 후 장중 한때 1.03%까지 상승폭을 확대했다.코스닥시장에서는 외국인과 기관이 각각 338억원과 7억원 매수 우위인 반면 개인은 360억원 매도 우위다.코스닥 시총 상위 종목 중 에코프로비엠, HLB, 에코프로, 파마리서치, 휴젤, 클래시스, 리노공업 등이 오르는 반면 알테오젠, 리가켐바이오, 펩트론, 삼천당제약, 코오롱티슈진 등이 내리고 있다.서울 외환시장에서 원·달러 환율은 전장보다 2.3원 오른 1372.3원으로 개장했다.고정삼 한경닷컴 기자 jsk@hankyung.com",https://www.hankyung.com/article/2025071119236,2025.07.11 09:26
,,,https://magazine.hankyung.com/business/article/202507174407b,
9~10% 주식 관련 대출에서 3%대 대출로 교체,,"전송종목 : GS글로벌, PKC, KG케미칼, 알루코, 대한제당최근 주식 투자자들 사이에서 주식대출(미수/신용융자 등)의 고금리에 대한 부담이 커지고 있다.특히 저금리를 적용 받고 싶어도, 기존 대출을 상환하고 다시 주식을 매수해야 하는 번거로운 절차와 자금 조달의 어려움이 발목을 잡고 있다.이런 현실적인 문제를 해결하고자, 무빙스탁이 ‘증권사 신용, 대환자금대출’ 서비스를 전격 출시했다.이 상품은 주식을 매도하지 않고도, 기존의 고금리의 주식대출(미수/신용융자 등)의 3%대의 혁신적인 저금리 증권사로 전환할 수 있도록 상환자금을 제공하는 것이 핵심이다.무빙스탁 관계자는 “현재 증권사 이벤트 금리는 연 3%대 수준으로, 기존 9~10%대 고금리를 적용받는 투자자라면 절감 효과가 상당하다”며, 금리를 5%만 낮추면 “1억원 신용대출 기준으로 연간 약 500만원, 3억원이라면 1,500만원까지도 절약할 수 있다”고 밝혔다.더 놀라운 점은, 현재는 이벤트 기간으로 대환자금대출 신청시 발생하는 이자 비용까지 ‘0원’이라는 사실이다. 대환자금에 대해서 하루의 대출이자도 부담하지 않고 기존 고금리 대출을 저금리로 전환할 수 있어, 고금리 부담에 시달리던 투자자들에게 큰 호응을 얻을 전망이다.이 서비스는 부동산 시장에서 흔히 이용되던 대환대출 개념을 증권시장에 도입한 혁신적인 시도로, 주식 투자자들의 자금 운용에 새로운 대안을 제시할 것으로 기대된다.무빙스탁 ‘증권사 신용, 대환자금대출’의 비용 무료 이벤트는 이벤트 기간 동안 한정적으로 제공되는 만큼, 신용융자를 이용 중인 투자자라면 지금 바로 확인해볼 필요가 있다.★ 장마감 시간이 가까워질수록 문의가 많아 상담이 지연될 수 있습니다.★ 7월 문의하신 고객들이 많이 보유하신 종목으로는 삼성전자, POSCO홀딩스, 셀트리온, 포스코퓨처엠, 에코프로비엠, NAVER, 에코프로, 삼성SDI, LG화학, SK하이닉스, 두산에너빌리티, 카카오, SK이노베이션, LG에너지솔루션, 엘앤에프, 삼천당제약, 현대차, 알테오젠, HPSP, LG전자 등이 있습니다.★ 안내사항과도한 빚은 당신에게 큰 불행을 안겨줄 수 있습니다. 대출 시 신용등급 하락으로 다른 금융거래가 제약받을 수 있습니다. 중개수수료를 요구하거나 받는 것은 불법입니다.상호명: ㈜단비대부 2021-서울영등포-2102(대부업) | TEL: 1544-4886 | 대출금리: 연 20%이내(연체금리는 약정금리+3%p이내, 최대 연 20%이내) | 단, 2021. 7. 7.부터 신규체결, 갱신, 연장되는 계약에 한함 | 채무의 조기상환 조건 및 부대비용 없음. (단, 신용조회비용 및 담보권설정비용 있음), 이자 외 별도로 중개수수료를 요구하거나 수취하는 것은 불법입니다. | 대표이사: 박동원 | 사업자등록번호: 274-86-00231 | 등록기관명칭: 서울 영등포구청(담당부서: 일자리경제과, 02-2670-3420) | 소재지 : 서울 영등포구 여의대방로67길 11, 5층 517호 | 개인정보관리자메일: help@danbifund.co.kr무료상담",https://www.hankyung.com/article/202507248244a,2025.07.24 13:28
자기자본 포함 4배 투자금을 DSR 무관으로 신청 당일 즉시?,,"투자자들 사이에서 ‘스탁론’에 대한 관심이 높아지고 있다. 스탁론은 자기자본 포함 최대 4배까지 활용 가능하며 증권사 신용/미수 대환 용도로도 활용 가능해 대표적인 레버리지 수단으로 자리잡은 상태다.그러나 DSR 한도가 스탁론에도 적용된 후 다른 대출, 소득 증빙 문제로 예전처럼 이용하기 어려워졌다. 이와 함께 높아진 금리도 스탁론 이용을 망설이게 만든 원인으로 꼽힌다.그러나 해결책은 있다. 21년 연속 스탁론 업계 1위를 지키고 있는 하이스탁론이 DSR 무관하게 이용할 수 있는 상품은 물론 연 4%대 최저금리로 이용 가능한 상품까지 취급하며 선택의 폭을 넓힌 것이다.




 

◆ 하이스탁론, 연 4%대 업계 최저금리로 추가 투자금은 물론 신용미수 대환까지!<하이스탁론>에서 누구나 부담 없이 스탁론을 경험할 수 있도록 연 4%대 최저금리 상품을 출시했다. 주식매입 용도는 물론 증권사 미수/신용 대환도 가능하며 신용등급 차등 없이 자기자본 포함 최대 4배까지 활용할 수 있다.이와 함께 DSR 한도 때문에 기존 스탁론 이용이 어려웠던 투자자들은 위한 DSR 무관 상품도 취급 중이다. 또한 장중 거래가 어려웠던 투자자를 위한 대체거래소(NXT) 거래도 가능해졌다.<하이스탁론>의 새로운 상품에 대해 자세히 알고 싶은 투자자는 고객상담센터(1599-0313)로 연락하면 대출 여부와 상관없이 24시간 언제든 전문상담원과 편리한 상담이 가능하다.○ 연 4%대 업계 최저금리 상품 출시○ 대체거래소(NXT) 거래 가능!○ 21년 연속 시장 점유율 1위, 16년 연속 대한민국퍼스트브랜드 대상○ 증권사 신용/미수 실시간 상환, 한종목 100% 집중 투자○ 믿을 수 있는 상담품질보증제※하이스탁론상담센터 : 1599-0313바로가기:https://www.hisl.co.kr/0313◆ 현 시각 관심종목 Top 10 : 삼성전자, HLB, 카카오, 한화오션, 포스코퓨처엠, 알테오젠, 코리아나, MDS테크, 클로봇, 싸이닉솔루션무료상담",https://www.hankyung.com/article/202507187079a,2025.07.21 09:30
"타이밍이 중요한 국내주식 매수 전략, 본인자산포함 4배 집중투자로 해결가능",,"부자네스탁론이 새롭게 선보인 스탁론 상품이 투자자들 사이에서 화제를 모으고 있다. 해당 상품은 본인자산포함 4배로 투자 가능, 담보유지비율 120%의 유연한 조건과 다양한 투자 솔루션을 앞세워 증권사 신용, 담보대출 대비 높은 활용도를 자랑한다.일반적으로 증권사 신용융자에 비해 더 높은 레버리지와 더 낮은 담보유지비율을 제공하는 스탁론은, 투자 고수들 사이에서 이미 널리 알려진 수단이다. 부자네스탁론은 여기에 더해 미수금이나 반대매매 위험을 해결해주는 대환대출 상품, 투자 기회를 살리고 싶어하는 전략적 투자자들을 위한 다양한 서비스를 제공한다.또한 신용, 주식담보대출 이용불가 종목, 총부채원리금상환비율(D.S.R) 같은 규제 이슈로 제약을 받아온 투자자들에게도 계좌 평가금액 기준으로 맞춤형 대출이 가능하도록 설계되어 실질적인 해결책이 되고 있다.부자네스탁론은 “고객 한 명 한 명의 투자 상황에 맞춰 최적의 대출 방법을 제공하고 있다”며, “강화된 금융 규제 환경 속에서도 투자자들의 기회를 넓히는 데 최선을 다하겠다”고 밝혔다.-스탁론 D.S.R<총부채원리금상환비율> 고강도 규제에도! 문제없는 부자네스탁론!– 소득 낮고 기존 대출금액 많아도 계좌평가금액에 비례해서 대출가능!– 본인자산 포함 4배끼지 투자 가능!▶머니투데이 부자네스탁론① 5년 고정금리로 금리인상 걱정없이 운용 가능② 자기자본포함 최대 4배까지 레버리지 투자 가능③ 매수가능종목 100% 집중투자가능 (코스닥, 시가총액, 포트폴리오비율상관없이)④ 스탁론 전종목 1:1 매수상담문의 → 수익극대화⑤ 반대매도 임박 / 추가입금이 힘들다면? → 1:1 로스컷 전문상담⑥ D.S.R과 신용등급 낮.아.도 문제없이 매입/대환까지 가능!⑦ 위 혜택을 4%대의 저금리로 이용 가능!★ D.S.R비율, 신용등급 무관 저금리 부자네스탁 AM8:00~PM4:00 ☎1577-5852★ AM 8:00 부터 선착순 예약접수 http://www.bujane.co.kr/7월 고객들의 문의가 많은 종목은 삼성전자, SK하이닉스, LG에너지솔루션, KB금융, 현대차 등이 있다.무료상담",https://www.hankyung.com/article/202507158107a,2025.07.15 09:53
,,,https://magazine.hankyung.com/business/article/202507249738b,
'22만원→9만원' 폭탄 할인…삼성·LG '반값 새 제품' 쏟아지는 이유,,"사진=뉴스1

                중고거래 커뮤니티 당근에 삼성전자와 LG전자의 새 제품이 많게는 절반 할인된 가격에 나오고 있다. 소비 침체 여파로 제조사들이 ‘끼워팔기’ 프로모션을 확대한 영향이다.휴대폰 개통 사은품으로 주로 풀린, 무선 이어폰 갤럭시 버즈3는 일반형 기준 시세가 9만원으로 출고가(21만9000원)의 절반 아래로 떨어졌다. 삼성 휴대용 빔프로젝터 더프라스타일은 당근 시세가 35만원 안팎으로, 온라인 최저가보다 10만원 가까이 저렴하다.
                    




                삼성전자의 액자형 스피커 뮤직프레임은 당근에서 미개봉 새상품이 20만~25만원에 거래되고 있다. 이 제품의 출고가는 59만9000원, 온라인 최저가는 40만원 수준이다. 삼성은 최근 TV나 빔프로젝터를 구매할 경우 뮤직프레임을 15만원에 살 수 있는 행사를 진행했다.LG전자의 제품도 마찬가지다. LG가 지난 1월 출시한 무선이어폰 엑스붐 버즈는 당근에서 7만~8만원에 거래되고 있다. 출고가(14만9000원)의 절반 수준이다.
                    




                신혼가전 끼워팔기 인기 상품인 스탠바이미 2 시세도 100만원 안팎으로 출고가(약 150만원)보다 50% 가까이 낮다. LG전자는 베스트샵에서 TV와 스탠바이미 또는 스탠바이미고(Go)를 함께 구매할 경우 최대 54만원을 할인하는 혜택을 진행하고 있다.당근에서 삼성과 LG의 새제품이 중고 시장에서 자주 거래되곤 했지만, 시세가 출고가의 절반 이하로 떨어지는 것은 이례적이란 분석이 나온다. 업계 관계자는 “소비 침체로 전자제품이 안 팔리자 제조사들이 울며 겨자 먹기로 프로모션을 진행하고 있다”고 설명했다.박의명 기자 uimyung@hankyung.com",https://www.hankyung.com/article/202507100253i,2025.07.10 14:47
"""원·달러 환율 치솟아도 산다""…外人 찜한 키움證·LG유플","美 스테이블코인 법안 통과에
원달러 환율 지난주 1.2% 급등 

삼성전자·가스公·현대제철 등
강달러에도 외국인 매수 몰려","외국인은 지난주 원화의 급격한 약세 구간에 어떤 주식을 사들였을까.





삼성전자와 키움증권, LG유플러스 등 외국인이 최근 순매수한 종목에 관심을 기울여야 한다는 조언이 증권업계에서 나온다. 환차손 우려에도 강한 주가 상승을 기대하고 매집을 진행한 종목으로 해석할 수 있어서다.21일 한국거래소에 따르면 외국인은 이달 들어(7월 1~18일) 유가증권시장에서 2조710억원어치 주식을 순매수했다. 특히 원·달러 환율이 급격히 상승한 지난 한 주(14~18일)간 8760억원어치를 집중적으로 매집했다.증권사들은 이 기간 외국인의 관심을 끈 동시에 실적 컨센서스(증권사 추정치 평균)의 개선 흐름을 나타낸 종목에 주목할 것을 추천했다. 한국투자증권은 삼성전자, 키움증권, LG유플러스 등이 이 같은 조건에 부합한다고 분석했다. 원·달러 환율이 크게 오른 지난 한 주간 외국인은 삼성전자를 1조4840억원어치 순매수했다. 삼성전자는 하반기 실적 개선 기대를 모으고 있는 국내 대표 종목 중 하나다.외국인은 이 기간 키움증권도 290억원어치 사들였다. 키움증권의 2분기 영업이익 추정치는 3450억원으로 1개월 전(2923억원) 대비 18% 늘었다. 국내 증시 거래량이 가파르게 늘어난 덕이다. 키움증권은 국내 증권사 중 브로커리지(주식 등 중개 수수료) 부문 비중이 가장 높은 편에 속한다. 지난 2분기 실적이 컨센서스를 넘어섰을 가능성도 점쳐진다.외국인은 같은 기간 LG유플러스도 70억원어치 매집했다. LG유플러스는 이날 주주가치 제고를 위해 1000억원 규모 자사주를 소각하고, 800억원 규모 자사주를 신규 취득한다고 공시했다. 이 밖에도 한국가스공사(60억원), 현대제철(40억원), 엠씨넥스(20억원), 이마트(10억원) 등을 많이 사들인 것으로 나타났다.원·달러 환율은 지난 한 주간 1.2% 급등했다. 원화 가치는 주요 20개국(G20) 가운데 아르헨티나 페소에 이어 가장 큰 폭으로 떨어졌다. 스테이블코인의 제도권 편입을 골자로 한 ‘지니어스 법안’이 미 하원을 통과하면서 달러 가치가 강해졌다. 일반적으로 원·달러 환율이 오르면 외국인은 환차손을 우려해 주식 매수에 소극적인 모습을 보인다.심성미 기자 smshim@hankyung.com",https://www.hankyung.com/article/2025072127001,2025.07.21 17:59
'위약금 면제' 열흘간 SKT 가입자 5.3만명 줄었다,"""예상보다는 적은 수준""
지난달보다 보조금 감소
갤Z 신형 출시·단통법 폐지
가입자 전쟁 본격화할 듯","삼성전자는 다음달 10일까지 서울 여의도동 더현대서울에서 갤럭시 Z폴드·플립7 등 신제품을 체험할 수 있는 ‘갤럭시 스튜디오’를 운영한다고 13일 밝혔다. 방문객이 ‘갤럭시 Z플립7’으로 인증샷을 찍고 있다.  삼성전자 제공

                SK텔레콤의 위약금 면제가 14일 종료되는 가운데 지난 열흘간 순감 이용자가 5만3000여 명에 그친 것으로 나타났다. 하지만 삼성전자 갤럭시 Z폴드·플립7이 곧 출시되고, 오는 22일 단말기유통법 폐지가 예정된 만큼 통신 3사의 가입자 쟁탈전이 더욱 치열해질 것으로 전망된다.13일 통신업계에 따르면 지난 4월 22일 SK텔레콤이 유심 해킹 사고를 신고한 시점부터 이달 12일까지 SK텔레콤을 이탈한 이용자는 총 79만3187명이다. 이 가운데 위약금 면제가 시행된 지난 5일부터 12일까지 KT로 6만1675명, LG유플러스로 6만2739명, 총 12만4414명이 SK텔레콤을 떠났다. 타 통신사에서 SK텔레콤으로 이동한 사람을 제한 순감 인원은 5만3832명 수준이다.통신업계에선 예상보다 이탈 인원이 적다고 보고 있다. 판매장려금이 소비자 기대만큼 높지 않았던 게 가장 큰 이유로 꼽힌다. 삼성전자 갤럭시 S25 기준 SK텔레콤은 100만~110만원, KT·LG유플러스는 70만~80만원의 판매장려금을 책정했다. 지난달 3사 모두 100만원 이상 보조금을 지원한 것과 비교하면 되레 금액이 줄었다. 통신업계 관계자는 “15일 삼성전자 신제품 사전예약을 앞두고 보조금을 무리해서 높일 필요가 없다고 판단했다”고 전했다.여기에 SK텔레콤이 보상안으로 8월 통신비 반값 할인, 연말까지 매달 데이터 50기가바이트(GB) 추가 제공을 내걸자 반대로 SK텔레콤에 가입하는 이용자가 늘어났다. 위약금 면제를 시행하는 기간이 10일에 불과해 번호이동이 어려웠다는 평가도 나온다. 실제 SK텔레콤에서 이탈한 이용자가 가장 많았던 때는 해킹 신고 직후인 4월 하순이었다. 이탈 이용자가 하루 3만 명대 후반까지 치솟기도 했다.삼성전자의 신제품 출시에 22일 단말기유통법 폐지까지 앞두고 있어 통신 3사의 마케팅 경쟁이 본격화할 것이란 전망도 나온다. 단말기유통법이 폐지되면 15%로 묶여 있던 공시지원금 상한선이 사라진다. 방송통신위원회는 11일 통신 3사 임원을 불러 허위·과장 광고 등 과도한 마케팅을 주의할 것을 당부했다.최지희 기자 mymasaki@hankyung.com",https://www.hankyung.com/article/2025071351151,2025.07.13 17:20
"증권사 신용대출, 3%대 금리로 바꾸는 가장 쉬운 방법",,"전송종목 : 대웅, 삼양식품, 태광산업, 대한항공, LG최근 주식 투자자들 사이에서 주식대출(미수/신용융자 등)의 고금리에 대한 부담이 커지고 있다.특히 저금리를 적용 받고 싶어도, 기존 대출을 상환하고 다시 주식을 매수해야 하는 번거로운 절차와 자금 조달의 어려움이 발목을 잡고 있다.이런 현실적인 문제를 해결하고자, 무빙스탁이 ‘증권사 신용, 대환자금대출’ 서비스를 전격 출시했다.이 상품은 주식을 매도하지 않고도, 기존의 고금리의 주식대출(미수/신용융자 등)의 3%대의 혁신적인 저금리 증권사로 전환할 수 있도록 상환자금을 제공하는 것이 핵심이다.무빙스탁 관계자는 “현재 증권사 이벤트 금리는 연 3%대 수준으로, 기존 9~10%대 고금리를 적용받는 투자자라면 절감 효과가 상당하다”며, 금리를 5%만 낮추면 “1억원 신용대출 기준으로 연간 약 500만원, 3억원이라면 1,500만원까지도 절약할 수 있다”고 밝혔다.더 놀라운 점은, 현재는 이벤트 기간으로 대환자금대출 신청시 발생하는 이자 비용까지 ‘0원’이라는 사실이다. 대환자금에 대해서 하루의 대출이자도 부담하지 않고 기존 고금리 대출을 저금리로 전환할 수 있어, 고금리 부담에 시달리던 투자자들에게 큰 호응을 얻을 전망이다.이 서비스는 부동산 시장에서 흔히 이용되던 대환대출 개념을 증권시장에 도입한 혁신적인 시도로, 주식 투자자들의 자금 운용에 새로운 대안을 제시할 것으로 기대된다.무빙스탁 ‘증권사 신용, 대환자금대출’의 비용 무료 이벤트는 이벤트 기간 동안 한정적으로 제공되는 만큼, 신용융자를 이용 중인 투자자라면 지금 바로 확인해볼 필요가 있다.★ 장마감 시간이 가까워질수록 문의가 많아 상담이 지연될 수 있습니다.★ 7월 문의하신 고객들이 많이 보유하신 종목으로는 삼성전자, POSCO홀딩스, 셀트리온, 포스코퓨처엠, 에코프로비엠, NAVER, 에코프로, 삼성SDI, LG화학, SK하이닉스, 두산에너빌리티, 카카오, SK이노베이션, LG에너지솔루션, 엘앤에프, 삼천당제약, 현대차, 알테오젠, HPSP, LG전자 등이 있습니다.★ 안내사항과도한 빚은 당신에게 큰 불행을 안겨줄 수 있습니다. 대출 시 신용등급 하락으로 다른 금융거래가 제약받을 수 있습니다. 중개수수료를 요구하거나 받는 것은 불법입니다.상호명: ㈜단비대부 2021-서울영등포-2102(대부업) | TEL: 1544-4886 | 대출금리: 연 20%이내(연체금리는 약정금리+3%p이내, 최대 연 20%이내) | 단, 2021. 7. 7.부터 신규체결, 갱신, 연장되는 계약에 한함 | 채무의 조기상환 조건 및 부대비용 없음. (단, 신용조회비용 및 담보권설정비용 있음), 이자 외 별도로 중개수수료를 요구하거나 수취하는 것은 불법입니다. | 대표이사: 박동원 | 사업자등록번호: 274-86-00231 | 등록기관명칭: 서울 영등포구청(담당부서: 일자리경제과, 02-2670-3420) | 소재지 : 서울 영등포구 여의대방로67길 11, 5층 517호 | 개인정보관리자메일: help@danbifund.co.kr무료상담",https://www.hankyung.com/article/202507185998a,2025.07.18 10:28
삼성·LG가 불 지폈다…'AI-의료' 무한 확장 [바이탈],,"영상 모듈 닫기




<앵커>최근 삼성과 LG가 디지털 헬스케어 사업을 확장하면서 관련 업계도 촉각을 곤두세우고 있습니다.'무한 확장'을 노리는 AI 기술과 의료 서비스의 융합이 가져올 대격변이 주목됩니다.산업부 김수진 기자와 이야기 나눠봅니다.김 기자, 최근 삼성전자가 인수한 '젤스(Xealth)'가 화제가 됐는데, 뭐가 달라지는 건가요?<기자>젤스는 미국 병원 시스템을 기반으로 만들어진 디지털 헬스케어 기업입니다.디지털 헬스케어는 AI 등 IT 기술이 사용된 건강관리 기술인데요.막연할 수 있으니, 예를 하나 들어보겠습니다.의사가 병원 내 환자 기록(EHR, 전자의료기록)을 모니터링하는 중, 특정 환자에게 혈압 관리가 필요하다는 결정을 내립니다.의사는 혈압 관리 앱을 처방하고, 환자는 이메일이나 문자 등을 통해 해당 앱을 다운받습니다. 환자가 집에서 측정한 혈압 값을 입력하면 해당 정보는 다시 병원 내 기록과 연동됩니다.이걸 보고서 의사가 환자가 문제가 있다고 판단되면 곧바로 병원에 오라고 경고하거나 약을 처방할 수 있는거죠.이 과정에서 삼성전자의 웨어러블 기기가 활용된다면 어떨까요?<앵커>혈압이나 심박수 등 환자의 다양한 생체 데이터를 갤럭시 워치나 링 등에서 자동으로 수집할 수 있겠군요.<기자>그렇습니다.이론적으로 살펴보면 해당 기술이 탑재된 갤럭시 워치를 착용하고 있다면, 병원에 가지 않아도 의료진이 개인 상태를 파악할 수 있는겁니다.예를 들어 병원에 갔을 때 혈압을 한 번 측정해 기록하지 않습니까?이 정도로는 정확한 수치라고 하기 어렵습니다.'백의 고혈압'이라고 하죠. 긴장해서 병원에서만 재면 고혈압으로 나오는 사람도 있습니다.평소 수치가 다 기록된다면 평균적인 상태를 알 수 있는 식입니다.<앵커>어제 AI 언어 모델 '엑사원 4.0'을 선보인 LG AI 연구원에서도 디지털 헬스케어 분야를 확장하고 있죠?<기자>최근 공개한 의료 AI 모델 '엑사원패스 2.0'이죠.미국 정부가 주도하는 암 정복 사업 '캔서문샷'에서 위암 프로젝트를 이끄는 황태현 교수 (미국 밴더빌트대 메디컬센터)와 공동 개발했습니다.엑사원패스는 간편하게 유전자 변이를 확인할 수 있는 점이 특징입니다.예를 들어 유방암에 걸릴 확률이 80% 까지 높아지는 유전자 변이(BRCA 1/2)가 있는데, 이를 확인하려면 2주에서 1달 정도 기간이 걸리고 가격도 만만치 않습니다.이걸 조직이나 세포 슬라이드 이미지를 AI가 확인해 1분만에 변이를 확인하는 걸 기대할 수 있는겁니다.삼성, LG 모두 해당 기술을 살펴보면 공통점이 있는데요, 바로 '정밀의학'·'맞춤의학' 입니다.<앵커>일괄적인 의료 서비스를 제공하는 게 아니라, 개인 맞춤형 의료를 통해 더 건강한 삶을 제공한다는 게 목표라구요?<기자> 네, 혁신 항암제라고 해도, 유전자에 따라 효과가 천차만별인 경우가 있습니다.체중이나 성별은 물론 당뇨병이나 고혈압같은 특정 기저질환에 따라서 효과 있는 치료법이 다르기도 하고요.애초에 디지털 헬스케어의 목적 중 하나가 개인 맞춤형 의료입니다. 혁신 패러다임으로 빅테크, 친환경, 바이오·헬스케어가 언급되는데, 모두 건강하고 오래 살기라는 공통의 지향점이 있습니다.아직 국내에서 디지털 헬스케어 산업은 막 개화한 정도지만, 글로벌에서는 이미 거대해진 산업입니다.최근 삼성, LG 등 대기업들이 디지털 헬스케어 사업에 진출한 점도 시장 성장성을 감안한 전략으로 풀이됩니다.네이버와 카카오는 이미 오래 전부터 계속 디지털 헬스케어 사업 분야를 준비해오기도 했고요.<앵커>관련 대기업들은 일부 사업 분야에서 진출한 정도인데, 디지털 헬스케어 전문 기업들은 상황이 어떻습니까?<기자>대부분 스타트업, 중소기업 형태로 존재하고 있습니다.작은 기업들이 비슷한 설루션을 선보이는 경향이 있어, 전문가들은 오픈 이노베이션이나 기업 협력 등이 필요하다고 보고 있습니다.김법민 범부처전주기의료기기연구개발사업단장은 ""여러 역량이 비슷한 제품들에게 투입되고 있다""며 ""상호 보완 제품, 하드웨어·소프트웨어 간 협력 등이 기업 차원에서 필요하다""고 밝혔습니다.대표적인 디지털 헬스케어 상장사로는 '의료 AI 기업'으로 불리는 루닛과 뷰노가 있는데요.AI 기술을 활용해 질병 진단을 손쉽게 하는 설루션을 가지고 있습니다.다만 초기 기술 개발에 많은 투자가 필요한만큼 현재 두 기업들은 수익을 내지 못하고 있습니다.2024년 기준 루닛은 매출 542억원, 뷰노는 259억원으로 두 기업 모두 전년대비 90% 넘게 증가했지만 영업이익은 각각 677억원, 124억원 적자를 냈습니다.시장이 개화하고 있는 만큼 당장 큰 성과를 보이고 있진 않지만, 앞으로의 성장 가능성은 큰 상황입니다.<앵커>네, 오늘 여기까지 듣겠습니다.편집:최연경, CG:홍기리김수진기자 sjpen@wowtv.co.kr",https://www.hankyung.com/article/2025071628385,2025.07.16 17:40
"코스피, 외인 매수에 소폭 상승세…코스닥 보합권 등락",,"사진=연합뉴스

                코스피지수가 21일 외국인 투자자의 매수세에 소폭 상승세를 나타내고 있다. 다만 SK하이닉스 등 주요 기업의 실적 발표를 앞둔 경계감에 상승폭은 제한적인 모습이다. 이날 오전 9시7분 현재 코스피지수는 전 거래일보다 13.99포인트(0.44%) 오른 3202.06을 기록하고 있다. 지수는 이날 0.1% 오름세로 출발 후 상승폭을 소폭 확대해 3200선을 재진입하는 데 성공했다.유가증권시장에서 외국인과 기관이 각각 936억원과 31억원 매수 우위인 반면 개인은 978억원 매도 우위다.코스피 시가총액 상위 종목은 대체로 상승세다. 삼성전자, LG에너지솔루션, 한화에어로스페이스, KB금융, 기아, 네이버, HD현대중공업 등이 오르는 반면 삼성바이오로직스, 두산에너빌리티 등이 내리고 있다. 셀트리온은 올 2분기 역대 최대 실적을 기록했다는 소식에 장중 한때 4%대 강세를 보였다.같은 시각 코스닥지수는 전 거래일보다 1.59포인트(0.19%) 오른 822.26을 나타내고 있다. 지수는 이날 0.1% 하락 출발 후 약 2분 만에 상승 전환해 보합권에서 등락을 보이고 있다.코스닥시장에서는 개인과 기관이 각각 92억원과 23억원 매수 우위인 반면 외국인은 98억원 매도 우위다.코스닥 시총 상위 종목 중 펩트론, 에코프로, 삼천당제약, 클래시스 등이 오르는 반면 알테오젠, 에코프로비엠, HLB, 파마리서치, 레인보우로보틱스, 리가켐바이오, 휴젤 등이 내리고 있다.폰트 개발사 산돌은 100% 무상증자를 결정했다는 소식 이후 주가가 10%대 급등세다.서울 외환시장에서 원·달러 환율은 전장보다 0.9원 내린 1392.1원으로 개장했다.고정삼 한경닷컴 기자 jsk@hankyung.com",https://www.hankyung.com/article/2025072107926,2025.07.21 09:16
"""이래도 팔래?""…'역대급 실적' SK하이닉스, 파격 전망 나왔다 [분석+]","7월에만 1.5조 던진 외인·기관…실적 보고도 '팔자' 외칠까

SK하이닉스 2분기 실적 발표
외인·기관, 이달 들어 1조5000억 순매도

주가 7거래일 만에 30만→26만원대로 후퇴
""올  3분기 사상 첫 영업익 10조원 시대"" 전망","사진=한경DB

                SK하이닉스가 24일 분기 사상 최대 실적을 낸 가운데 외국인 투자자와 기관의 대규모 매도 흐름이 계속될지에 관심이 쏠린다.SK하이닉스는 이날 2분기 영업이익이 9조2129억원으로 전년 동기 대비 68.5% 증가했다고 발표했다. 매출액은 22조2319억원으로 35.4% 늘었다. 영업이익과 매출 모두 컨센서스(예상치 평균)에 부합했다. 당초 SK하이닉스의 2분기 컨센서스는 매출 20조6164억원, 영업이익 9조222억원이었다.SK하이닉스는 이익률이 높은 고대역폭메모리(HBM) 시장에서 엔비디아 등에 제품을 사실상 독점으로 공급하면서 역사적 호황을 누리고 있다. 추론형 인공지능(AI) 확산으로 HBM 수요가 급증하면서 SK하이닉스는 올 1분기 글로벌 D램 시장에서 사상 처음으로 삼성전자를 제치고 점유율 1위에 오르기도 했다.다만 최근 주가 흐름은 부진하다. 내년도 HBM 시장이 공급 과잉으로 흘러가 가격 경쟁력 주도권을 구매사에 넘겨줄 수 있다는 우려 때문이다. 글로벌 투자은행(IB) 골드만삭스는 내년에 HBM이 공급 과잉으로 가격이 하락한다고 예상하며 SK하이닉스 투자의견을 '매수'에서 '중립'으로 하향해 주가가 하루 만에 9% 급락하기도 했다.주가에 발목을 잡고 있는 건 외국인과 기관이다. 이들은 이달 들어서만 SK하이닉스 주식을 약 1조5000억원(외국인 4710억원, 기관 1조870억원)어치 순매도했다. 개인 투자자가 1조5860억원 물량을 받아냈다.SK하이닉스가 시장의 예상에 부합한 호실적을 내면서 주가 흐름을 반전 시킬 수 있는 계기가 될 수 있다는 분석이다. 지난 15일 사상 첫 종가 30만원대를 기록했던 SK하이닉스 주가는 불과 7거래일 만에 26만원대로 단기 급락했다.손인준 흥국증권 연구원은 ""2분기 역시 SK하이닉스가 60% 이상의 HBM 시장 점유율을 유지해 D램 실적 강세가 이어졌을 것으로 보인다""며 ""계속해서 확인되는 AI 수요 강세 신호를 감안하면 가격 협상력 약화에 대한 과도한 우려는 지양할 필요가 있다""고 말했다.채민숙 한국투자증권 연구원은 ""HBM이 전체 D램 매출의 절반 이상을 차지했을 것으로 추산된다""며 ""5세대 HBM 12단을 상반기 중 사실상 독점 공급하며 높은 가격 프리미엄을 유지한 점이 수익성 확대에 크게 기여했을 것""이라고 분석했다.올 3분기에는 SK하이닉스가 영업이익 10조원 시대를 열 것이라는 전망도 나온다.정민규 상상인증권 연구원은 ""하반기에도 5세대 HBM 12단 제품 구성 확대와 eSSD(기업용 솔리드스테이트드라이브) 전방 재고 조정이 마무리되는 점이 실적에 긍정적으로 작용할 것""이라며 ""3분기 영업이익은 전년 동기 대비 41.7% 늘어난 10조원 이상이 될 것으로 전망한다""고 말했다.노정동 한경닷컴 기자 dong2@hankyung.com",https://www.hankyung.com/article/2025072481756,2025.07.24 08:00
이자 부담 최소화! 증권사 신용대출 3%대로 바꾸는 절호의 기회,,"전송종목 : 인선이엔티, NHN KCP, LS마린솔루션, KH바텍, HL홀딩스최근 주식 투자자들 사이에서 주식대출(미수/신용융자 등)의 고금리에 대한 부담이 커지고 있다.특히 저금리를 적용 받고 싶어도, 기존 대출을 상환하고 다시 주식을 매수해야 하는 번거로운 절차와 자금 조달의 어려움이 발목을 잡고 있다.이런 현실적인 문제를 해결하고자, 무빙스탁이 ‘증권사 신용, 대환자금대출’ 서비스를 전격 출시했다.이 상품은 주식을 매도하지 않고도, 기존의 고금리의 주식대출(미수/신용융자 등)의 3%대의 혁신적인 저금리 증권사로 전환할 수 있도록 상환자금을 제공하는 것이 핵심이다.무빙스탁 관계자는 “현재 증권사 이벤트 금리는 연 3%대 수준으로, 기존 9~10%대 고금리를 적용받는 투자자라면 절감 효과가 상당하다”며, 금리를 5%만 낮추면 “1억원 신용대출 기준으로 연간 약 500만원, 3억원이라면 1,500만원까지도 절약할 수 있다”고 밝혔다.더 놀라운 점은, 현재는 이벤트 기간으로 대환자금대출 신청시 발생하는 이자 비용까지 ‘0원’이라는 사실이다. 대환자금에 대해서 하루의 대출이자도 부담하지 않고 기존 고금리 대출을 저금리로 전환할 수 있어, 고금리 부담에 시달리던 투자자들에게 큰 호응을 얻을 전망이다.이 서비스는 부동산 시장에서 흔히 이용되던 대환대출 개념을 증권시장에 도입한 혁신적인 시도로, 주식 투자자들의 자금 운용에 새로운 대안을 제시할 것으로 기대된다.무빙스탁 ‘증권사 신용, 대환자금대출’의 비용 무료 이벤트는 이벤트 기간 동안 한정적으로 제공되는 만큼, 신용융자를 이용 중인 투자자라면 지금 바로 확인해볼 필요가 있다.★ 장마감 시간이 가까워질수록 문의가 많아 상담이 지연될 수 있습니다.★ 7월 문의하신 고객들이 많이 보유하신 종목으로는 삼성전자, POSCO홀딩스, 셀트리온, 포스코퓨처엠, 에코프로비엠, NAVER, 에코프로, 삼성SDI, LG화학, SK하이닉스, 두산에너빌리티, 카카오, SK이노베이션, LG에너지솔루션, 엘앤에프, 삼천당제약, 현대차, 알테오젠, HPSP, LG전자 등이 있습니다.★ 안내사항과도한 빚은 당신에게 큰 불행을 안겨줄 수 있습니다. 대출 시 신용등급 하락으로 다른 금융거래가 제약받을 수 있습니다. 중개수수료를 요구하거나 받는 것은 불법입니다.상호명: ㈜단비대부 2021-서울영등포-2102(대부업) | TEL: 1544-4886 | 대출금리: 연 20%이내(연체금리는 약정금리+3%p이내, 최대 연 20%이내) | 단, 2021. 7. 7.부터 신규체결, 갱신, 연장되는 계약에 한함 | 채무의 조기상환 조건 및 부대비용 없음. (단, 신용조회비용 및 담보권설정비용 있음), 이자 외 별도로 중개수수료를 요구하거나 수취하는 것은 불법입니다. | 대표이사: 박동원 | 사업자등록번호: 274-86-00231 | 등록기관명칭: 서울 영등포구청(담당부서: 일자리경제과, 02-2670-3420) | 소재지 : 서울 영등포구 여의대방로67길 11, 5층 517호 | 개인정보관리자메일: help@danbifund.co.kr무료상담",https://www.hankyung.com/article/202507158088a,2025.07.15 08:53
"14일, 거래소 외국인 순매도상위에 전기,전자 업종 5종목",,"외국인 투자자는 14일 거래소에서 삼성전자, 에이피알, 하나금융지주 등을 중점적으로 매도한 것으로 나타났다.외국인 투자자의 순매도 상위 20개 종목은 삼성전자, 에이피알, 하나금융지주, 삼성생명, 한화에어로스페이스, 포스코퓨처엠, 카카오페이, LG씨엔에스, LG에너지솔루션, 한미반도체등이다.이중에 전기,전자 업종에 속한 종목이 5개 포함되어 있다.에이피알, 하나금융지주, 삼성생명 등은 전일 대비 주가가 상승했고, 삼성전자, 포스코퓨처엠, 카카오페이 등은 주가가 하락했다.[07월14일]거래소 외국인 순매도 상위 종목한경로보뉴스이 기사는 한국경제신문과 금융 AI 전문기업 씽크풀이 공동 개발한 기사 자동생성 알고리즘에 의해 실시간으로 작성된 것입니다.",https://www.hankyung.com/article/202507147738L,2025.07.14 18:35
"최태원 ""APEC, 韓 민주주의 회복 알리는 이벤트 될 것""","Zoom In  
경주 대한상의 하계포럼 개막

31년 만에 제주서 경주로 옮겨
10월 행사 앞두고 국민관심 고취

金 총리, 취임후 첫 기업인 만남
""초격차 K-APEC 함께 만들자""","< 金총리 만난 최태원 회장 > 김민석 국무총리(왼쪽)와 최태원 대한상공회의소 회장이 16일 경북 경주 라한셀렉트호텔에서 열린 대한상의 하계포럼에 참석해 대화하고 있다. /연합뉴스

                “한국 경제의 저력을 보여줄 대형 쇼케이스가 오는 10월 경주에서 열립니다.”최태원 대한상공회의소 회장은 16일 경북 경주 라한셀렉트호텔에서 개막한 대한상의 하계포럼 개회사에서 10월 이 자리에서 열리는 아시아태평양경제협력체(APEC) 최고경영자(CEO) 서밋에 대해 이렇게 말했다. 올해로 48회째를 맞은 대한상의 하계포럼은 1994년 이후 31년 만에 제주에서 경주로 터를 옮겼다. 10월 28일 경주에서 열리는 APEC 정상회의를 앞두고 국민적 관심을 불러일으키기 위해서다.최 회장은 “대한상의는 APEC 정상회의 부대행사로 열리는 경제인 모임인 APEC CEO 서밋의 준비를 맡고 있다”며 “올해 하계포럼을 경주에서 치르기로 한 이유”라고 설명했다. 그러면서 “APEC CEO 서밋은 전 세계 국내총생산(GDP)의 60%를 차지하는 21개 회원국 정상과 글로벌 CEO 1700여 명이 함께하는 아시아·태평양 최대 비즈니스 행사”라며 “대한상의는 정부와 긴밀히 협력해 APEC CEO 서밋을 글로벌 기업 간 연결과 협력의 플랫폼으로 만들겠다”고 강조했다. 그는 APEC 정상회의에 대해서는 “한국 민주주의의 회복을 알리는 역사적 이벤트”라고 추켜세웠다.김민석 국무총리도 이날 행사장을 찾아 ‘새 정부 국정 운영 방향’을 주제로 기조연설을 했다. 김 총리가 취임 후 공식적으로 기업인들을 만난 건 이번이 처음이다. 김 총리는 “이번 APEC 정상회의가 끝나면 전 세계가 경주를 찾아올 수 있도록 ‘초격차 K-APEC’으로 만들어야 한다”며 “이를 위해 다음주 APEC 준비 과정에 대한 종합적인 점검회의를 열 것”이라고 했다. 그는 연설 후 건배사에서도 “APEC의 국민적 성공을 위하여”라고 외쳤다.지금의 경제 상황과 기업의 역할에 대한 언급도 빼놓지 않았다. 김 총리는 “현 상황은 외환위기 때보다 더한 위기”라며 “구조적으로 경기 하강기에 접어든 데다 국제 질서도 복잡해졌기 때문”이라고 했다. 기업에는 “국가에 애정을 갖고 국가 전략에 맞춰 한국 경제를 이끌어주기를 바란다”며 “기업 활동이 개미 투자자에게 어떻게 비칠지도 생각해야 한다”고 당부했다.이날 포럼엔 전국 상의 회장단과 박승희 삼성전자 사장, 이형희 SK 커뮤니케이션위원장, 하범종 LG 사장, 이태길 한화 사장, 김선규 호반그룹 회장, 정기옥 엘에스씨푸드 회장 등 기업인 500여 명이 참석했다. 대한상의는 지난해에 이어 올해 포럼에도 ‘인공지능(AI) 토크쇼’를 준비했다. 최 회장이 참석하는 이 행사는 정신아 카카오 대표가 모더레이터를 맡아 산업 현장에서 제조 공정의 AI 전환 실태와 스타트업의 AI 적용 사례를 소개한다. 아이온큐 공동창업자 김정상 듀크대 교수는 양자 기술을 토대로 한 미래산업 판도에 대해 강연한다.경주=김재후 기자 hu@hankyung.com",https://www.hankyung.com/article/2025071627031,2025.07.16 17:49
신용대출 이자 절감 꿀팁! 증권사 3%대 대출 전환법 공개,,"전송종목 : YG PLUS, 삼지전자, 광주신세계, 레드캡투어, 삼표시멘트최근 주식 투자자들 사이에서 주식대출(미수/신용융자 등)의 고금리에 대한 부담이 커지고 있다.특히 저금리를 적용 받고 싶어도, 기존 대출을 상환하고 다시 주식을 매수해야 하는 번거로운 절차와 자금 조달의 어려움이 발목을 잡고 있다.이런 현실적인 문제를 해결하고자, 무빙스탁이 ‘증권사 신용, 대환자금대출’ 서비스를 전격 출시했다.이 상품은 주식을 매도하지 않고도, 기존의 고금리의 주식대출(미수/신용융자 등)의 3%대의 혁신적인 저금리 증권사로 전환할 수 있도록 상환자금을 제공하는 것이 핵심이다.무빙스탁 관계자는 “현재 증권사 이벤트 금리는 연 3%대 수준으로, 기존 9~10%대 고금리를 적용받는 투자자라면 절감 효과가 상당하다”며, 금리를 5%만 낮추면 “1억원 신용대출 기준으로 연간 약 500만원, 3억원이라면 1,500만원까지도 절약할 수 있다”고 밝혔다.더 놀라운 점은, 현재는 이벤트 기간으로 대환자금대출 신청시 발생하는 이자 비용까지 ‘0원’이라는 사실이다. 대환자금에 대해서 하루의 대출이자도 부담하지 않고 기존 고금리 대출을 저금리로 전환할 수 있어, 고금리 부담에 시달리던 투자자들에게 큰 호응을 얻을 전망이다.이 서비스는 부동산 시장에서 흔히 이용되던 대환대출 개념을 증권시장에 도입한 혁신적인 시도로, 주식 투자자들의 자금 운용에 새로운 대안을 제시할 것으로 기대된다.무빙스탁 ‘증권사 신용, 대환자금대출’의 비용 무료 이벤트는 이벤트 기간 동안 한정적으로 제공되는 만큼, 신용융자를 이용 중인 투자자라면 지금 바로 확인해볼 필요가 있다.★ 장마감 시간이 가까워질수록 문의가 많아 상담이 지연될 수 있습니다.★ 7월 문의하신 고객들이 많이 보유하신 종목으로는 삼성전자, POSCO홀딩스, 셀트리온, 포스코퓨처엠, 에코프로비엠, NAVER, 에코프로, 삼성SDI, LG화학, SK하이닉스, 두산에너빌리티, 카카오, SK이노베이션, LG에너지솔루션, 엘앤에프, 삼천당제약, 현대차, 알테오젠, HPSP, LG전자 등이 있습니다.★ 안내사항과도한 빚은 당신에게 큰 불행을 안겨줄 수 있습니다. 대출 시 신용등급 하락으로 다른 금융거래가 제약받을 수 있습니다. 중개수수료를 요구하거나 받는 것은 불법입니다.상호명: ㈜단비대부 2021-서울영등포-2102(대부업) | TEL: 1544-4886 | 대출금리: 연 20%이내(연체금리는 약정금리+3%p이내, 최대 연 20%이내) | 단, 2021. 7. 7.부터 신규체결, 갱신, 연장되는 계약에 한함 | 채무의 조기상환 조건 및 부대비용 없음. (단, 신용조회비용 및 담보권설정비용 있음), 이자 외 별도로 중개수수료를 요구하거나 수취하는 것은 불법입니다. | 대표이사: 박동원 | 사업자등록번호: 274-86-00231 | 등록기관명칭: 서울 영등포구청(담당부서: 일자리경제과, 02-2670-3420) | 소재지 : 서울 영등포구 여의대방로67길 11, 5층 517호 | 개인정보관리자메일: help@danbifund.co.kr무료상담",https://www.hankyung.com/article/202507145598a,2025.07.14 08:43
낸드도 공급 부족…3분기 가격 10% 오른다,"반도체 업황

삼성전자·마이크론·SK하이닉스
고부가 HBM·DDR5에 집중

구형 D램 PC용 DDR4·낸드 
출하량 줄여…수급 개선","한경DB

                삼성전자가 연말에 구형 규격의 D램인 PC용 더블데이터레이트4(DDR4) 생산을 종료할 계획인 것으로 알려졌다. 미국 마이크론과 SK하이닉스도 늦어도 내년 3~4월 DDR4 사업에서 철수한다. 고대역폭메모리(HBM), DDR5 등 고부가가치 D램의 생산량을 늘리기 위해서다.공급 부족 가능성이 커지면서 DDR4 고정거래가격(기업 간 대규모 거래 때 계약 가격)이 급등했다. 일부 DDR4 현물 가격은 DDR5보다 비싸졌다. 반도체업계에선 올 3분기에도 DDR4 고정거래가격이 50% 이상 오를 것이란 전망이 나온다. ◇ DDR5로 전환 가속화14일 반도체 전문 시장조사업체 트렌드포스에 따르면 삼성전자, SK하이닉스, 마이크론 등 D램 빅3 기업은 오는 12월부터 내년 4월 사이 DDR4 양산을 중단할 계획인 것으로 알려졌다. 삼성전자는 12월, 마이크론 2026년 1분기, SK하이닉스는 내년 4월을 출하 종료 시점으로 잡았다. 주요 D램 업체는 올해 들어 DDR4 출하량을 줄이고 있다. 현재 매출 비중은 10% 미만 수준인 것으로 알려졌다.





                DDR은 D램 성능을 정의하는 기술 표준으로 뒤에 붙는 숫자가 높을수록 최신이다. DDR4는 2014년, DDR5는 2020년께부터 양산이 시작됐다. 지금도 구형 PC와 서버에 일부 DDR4가 들어간다.인공지능(AI) 시대를 맞아 DDR5, HBM 수요가 커지면서 D램 업체는 DDR4 생산 비중을 계속 줄이고 있다. 미국의 반도체 품목 관세 부과 가능성에 따른 고객사의 재고 비축 움직임, 서버용 DDR4 모듈 수요 확대도 영향을 준 요인으로 분석된다. 반도체업계 관계자는 “DDR4를 서버용 모듈에 투입하는 경우가 늘면서 PC용 DDR4 공급량이 더 줄었다”고 설명했다. ◇ D램 고정거래가 전망치 상향공급이 줄자 DDR4 가격은 가파르게 상승하고 있다. 시장조사업체 D램익스체인지에 따르면 대표적 PC용 구형 D램인 DDR4 8Gb(기가비트) 1Gx8의 지난달 평균 고정거래가격은 전월 대비 23.8% 오른 2.6달러로 집계됐다. 4월(22.2%)과 5월(27.3%)에 이어 3개월 연속 20% 넘는 상승세를 이어갔다. 신형 D램인 DDR5 16Gb(2GX8) 제품은 6.3% 오르는 데 그쳤다.




 한경DB

                현물 시장에서도 PC용 DDR4 가격이 최근 1~2개월 가파르게 뛰었다. 지난 9일 기준 DDR4 16Gb(2GX8) 2666의 현물 가격은 개당 8.8달러로 상대적으로 신형인 DDR5 16Gb(2GX8) 현물 가격(6.1달러)을 뛰어넘었다. 다만 DDR4 8Gb 제품의 현물 가격이 최근 내림세로 돌아서면서 ‘숨 고르기에 들어갔다’는 분석도 제기된다.PC용 DDR4 제품의 고정거래가격은 올 3분기에 2분기 대비 평균 40% 이상 오를 것이란 전망이 많다. 시장조사업체 트렌드포스는 “일부 D램 모듈(D램 여러 개를 패키징한 제품)은 3분기에 전 분기 대비 50% 이상 오를 것”이라며 “DDR4 고정거래가격이 DDR5보다 약 3% 정도 더 비싸질 것”이라고 내다봤다.DDR5 고정거래가격은 평균 5~10% 상승할 것으로 전망됐다. D램 업체들이 DDR5 생산에 주력하면서 DDR4 대비 상대적으로 공급량이 많기 때문이다. 트렌드포스는 DDR4와 DDR5를 합산한 전체 PC용 D램 고정거래가격 상승률을 기존 전망(5~10%) 대비 약 3%포인트 상향 조정한 8~13%로 제시했다. ◇ 낸드도 오름폭 확대낸드플래시 가격도 올 3분기 5~10% 상승할 것으로 전망된다. 2분기엔 제품별로 3∼8% 올랐다. DDR4처럼 생산업체의 감산·재고 축소 움직임이 이어지고 있어서다. 트렌드포스는 “올 상반기 감산과 재고 축소 후 낸드플래시 시장의 수급이 개선되고 있다”고 분석했다.제품별로는 2분기에 가격이 변하지 않은 AI 서버용 솔리드스테이트드라이브(SSD)가 3분기에 5∼10% 상승할 것으로 전망됐다. 소비자용 SSD는 3분기 신형 PC 수요가 살아나며 같은 기간 3∼8% 가격이 오를 것으로 예상된다. 스마트폰용 eMMC·UFS 가격은 0∼5% 상승할 것이란 관측이 나온다.황정수 기자 hjs@hankyung.com",https://www.hankyung.com/article/2025071459921,2025.07.14 16:08
"갤럭시 워치8 시리즈, 가장 얇은 디자인…'웨어러블 혁신'의 새 기준 제시","삼성전자 '갤럭시 언팩 2025'

뛰어난 착용감과 강력한 기능
차별화된 쿠션 디자인 적용
11% 얇아졌지만 업계 최고 성능","‘갤럭시 워치8 클래식 46㎜ 화이트’.  삼성전자 제공


                삼성전자가 최근 미국 뉴욕 브루클린 듀갈 그린하우스에서 열린 ‘갤럭시 언팩 2025’ 행사에서 갤럭시 워치 시리즈 중 가장 얇고 착용감이 뛰어난 ‘갤럭시 워치8·갤럭시 워치8 클래식’을 공개했다.갤럭시 워치8 시리즈는 얇고 미니멀한 디자인으로 건강 관리에 최적화된 ‘갤럭시 워치8’과 회전 베젤, 퀵 버튼을 적용해 아날로그 워치의 감성에 편의성을 더한 ‘갤럭시 워치8 클래식’ 등 두 가지 모델로 나왔다.노태문 삼성전자 DX부문장 직무대행(사장)은 “이번 갤럭시 워치8 시리즈는 삼성전자의 하드웨어 혁신을 바탕으로 부품부터 외관까지 디자인을 전면 재설계해 웨어러블의 새로운 기준을 제시했다”며 “삼성만의 독자 기술로 사용자에게 더욱 정교한 정보를 제공해 올바른 습관을 갖도록 지원할 것”이라고 말했다.갤럭시 워치8 시리즈는 갤럭시 워치 중 가장 얇은 디자인과 역대급 착용감을 구현하면서도 강력한 성능을 담았다. 제품의 내부 구조를 새롭게 설계하고 부품 집적도를 30% 개선해 두께는 갤럭시 워치7 대비 11% 얇아졌다. 또 워치 밴드의 결합 구조를 개선한 ‘다이내믹 러그 시스템’을 적용해 손목 움직임에 최적화된 디자인으로 착용감을 개선하고 건강 지표 측정의 정확도를 향상시켰다.




‘갤럭시 워치8 클래식 46㎜ 블랙’.  삼성전자 제공

                전작보다 50% 향상된 밝기의 디스플레이로 밝은 직사광선 아래서도 시간을 더 명확히 인지할 수 있게 했다. 배터리 용량도 키워 장시간 안정적으로 쓸 수 있다. 또 이중 주파수 GPS(Dual-frequency GPS) 시스템으로 정확하게 위치 추적을 제공한다. 이 밖에 다양한 건강 지표를 정밀하게 측정하는 ‘바이오액티브 센서’로 개인의 건강에 대한 종합적인 정보를 전달한다.갤럭시 워치8 시리즈는 개인화된 운동 경험을 제공한다. ‘러닝 코치’ 기능은 사용자의 러닝 수준을 분석해 맞춤형 운동 계획을 수립하고 실시간 코칭해준다. ‘투게더’ 기능은 주변 사람들과 경쟁하며 운동 목표를 달성하도록 돕는 기능이다. 스마트워치 최초로 ‘항산화 지수’ 기능을 넣어 사용자는 항산화 성분 중 하나인 카로티노이드 수치를 5초 만에 측정할 수 있다. 갤럭시 워치8 시리즈는 취침 시간 가이드 기능으로 사용자의 최근 3일간 수면 패턴을 분석해 최적의 취침 시간을 제안해준다. 스마트워치 최초로 수면 중 혈관 스트레스를 측정해 사용자가 종합적으로 건강을 관리할 수 있게 돕는다.삼성전자는 구글과 협업해 갤럭시 워치8 시리즈에 최초로 웨어(Wear) OS 6와 제미나이를 적용했다. 사용자는 일상에서 대화하듯 음성으로 명령해 여러 동작을 손쉽게 수행할 수 있다. 예를 들어 “300칼로리 서킷 트레이닝 운동 시작해줘”라고 사람에게 말하듯 자연스럽게 얘기하면 삼성 헬스에서 운동 기능을 실행시킨다.갤럭시 워치8·워치8 클래식과 티타늄 블루 컬러의 ‘갤럭시 워치 울트라’는 이달 25일부터 전 세계에 순차적으로 출시할 예정이다. 갤럭시 워치8은 실버, 그라파이트 두 가지 색상이 44㎜, 40㎜ 크기로 나온다. 갤럭시 워치8 클래식은 블랙, 화이트 두 가지 색상이 46㎜ 한 가지 사이즈로 출시된다. 가격은 사양에 따라 41만~59만원대다.민지혜 기자 spop@hankyung.com",https://www.hankyung.com/article/2025072235641,2025.07.22 16:39
외국인 삼성전자 러브콜…개인은 하이닉스 매수,반도체 투톱 매수 주체 엇갈려,"신고가 행진을 이어가던 SK하이닉스 주가가 휘청이는 가운데 개인과 외국인의 반도체주 ‘원픽’이 엇갈려 관심을 모은다.한국거래소에 따르면 이달 들어 18일까지 외국인 투자자는 삼성전자를 1조8770억원어치 순매수했다. 지난달 월간 순매수액(7130억원)의 두 배가 넘는 규모다. 삼성전자 주가는 외국인 매수세에 힘입어 이달에만 12.21% 올랐다. 지난 18일 종가는 6만7100원으로 ‘7만 전자’ 복귀를 눈앞에 뒀다. 외국인의 삼성전자 보유율은 3개월 만에 50%대를 회복했다. 최근 대법원 판결로 이재용 회장의 무죄가 확정되며 투자심리가 개선됐다는 분석이다.반면 외국인은 이달 SK하이닉스를 3010억원어치 순매도했다. SK하이닉스 주가는 골드만삭스가 발표한 ‘투자의견 하향 조정’ 보고서 여파로 17일 8.95% 급락했다. 삼성전자가 내년께 고대역폭메모리(HBM) 시장을 잡기 위해 저가 공세에 나서고, HBM 시장이 공급 과잉에 들어설 것이라는 내용이다.개인투자자는 SK하이닉스의 주가 급락을 매수 기회로 봤다. 이달에만 SK하이닉스를 1조2330억원어치 순매수했다.최만수 기자 bebop@hankyung.com",https://www.hankyung.com/article/2025072001301,2025.07.20 17:43
"삼성E&A 수주공시 - P4 Ph4(상동) 마감공사 9,095.9억원 (매출액대비  12.15 %)",,"07월 18일 삼성E&A(028050)은 수주공시를 발표했다.◆삼성E&A 수주공시 개요- P4 Ph4(상동) 마감공사 9,095.9억원 (매출액대비  12.15 %)삼성E&A(028050)은 P4 Ph4(상동) 마감공사에 관한 단일판매ㆍ공급계약체결              을 18일에 공시했다.계약 상대방은 삼성전자(주)이고, 계약금액은 9,095.9억원 규모로 최근 삼성E&A 매출액 7.49조 대비 약  12.15 % 수준이다. 이번 계약의 기간은 2025년 07월 18일 부터 2027년 07월 31일까지로 약 2년이다.한편 이번 계약수주는 2025년 07월 18일에 체결된 것으로 보고되었다.
                    



차트

                수주 공시는 향후 기업의 실적에 직접적인 영향을 미치기 때문에 계약의 규모, 계약 기간 등에 대해서 주의 깊게 살펴볼 필요가 있다. 특히 수주 공시가 늘어나는데 주가는 움직이지 않는다면 매수 관점에서 접근해 볼 수도 있다.한경로보뉴스이 기사는 한국경제신문과 금융 AI 전문기업 씽크풀이 공동 개발한 기사 자동생성 알고리즘에 의해 실시간으로 작성된 것입니다.",https://www.hankyung.com/article/202507187395L,2025.07.18 15:15
"이자 부담은 최소로, 투자 효율은 최대로! 신용대출 3%대 활용법",,"전송종목 : SNT다이내믹스, KG모빌리티, 포스코퓨처엠, 롯데정밀화학, 현대제철최근 주식 투자자들 사이에서 주식대출(미수/신용융자 등)의 고금리에 대한 부담이 커지고 있다.특히 저금리를 적용 받고 싶어도, 기존 대출을 상환하고 다시 주식을 매수해야 하는 번거로운 절차와 자금 조달의 어려움이 발목을 잡고 있다.이런 현실적인 문제를 해결하고자, 무빙스탁이 ‘증권사 신용, 대환자금대출’ 서비스를 전격 출시했다.이 상품은 주식을 매도하지 않고도, 기존의 고금리의 주식대출(미수/신용융자 등)의 3%대의 혁신적인 저금리 증권사로 전환할 수 있도록 상환자금을 제공하는 것이 핵심이다.무빙스탁 관계자는 “현재 증권사 이벤트 금리는 연 3%대 수준으로, 기존 9~10%대 고금리를 적용받는 투자자라면 절감 효과가 상당하다”며, 금리를 5%만 낮추면 “1억원 신용대출 기준으로 연간 약 500만원, 3억원이라면 1,500만원까지도 절약할 수 있다”고 밝혔다.더 놀라운 점은, 현재는 이벤트 기간으로 대환자금대출 신청시 발생하는 이자 비용까지 ‘0원’이라는 사실이다. 대환자금에 대해서 하루의 대출이자도 부담하지 않고 기존 고금리 대출을 저금리로 전환할 수 있어, 고금리 부담에 시달리던 투자자들에게 큰 호응을 얻을 전망이다.이 서비스는 부동산 시장에서 흔히 이용되던 대환대출 개념을 증권시장에 도입한 혁신적인 시도로, 주식 투자자들의 자금 운용에 새로운 대안을 제시할 것으로 기대된다.무빙스탁 ‘증권사 신용, 대환자금대출’의 비용 무료 이벤트는 이벤트 기간 동안 한정적으로 제공되는 만큼, 신용융자를 이용 중인 투자자라면 지금 바로 확인해볼 필요가 있다.★ 장마감 시간이 가까워질수록 문의가 많아 상담이 지연될 수 있습니다.★ 7월 문의하신 고객들이 많이 보유하신 종목으로는 삼성전자, POSCO홀딩스, 셀트리온, 포스코퓨처엠, 에코프로비엠, NAVER, 에코프로, 삼성SDI, LG화학, SK하이닉스, 두산에너빌리티, 카카오, SK이노베이션, LG에너지솔루션, 엘앤에프, 삼천당제약, 현대차, 알테오젠, HPSP, LG전자 등이 있습니다.★ 안내사항과도한 빚은 당신에게 큰 불행을 안겨줄 수 있습니다. 대출 시 신용등급 하락으로 다른 금융거래가 제약받을 수 있습니다. 중개수수료를 요구하거나 받는 것은 불법입니다.상호명: ㈜단비대부 2021-서울영등포-2102(대부업) | TEL: 1544-4886 | 대출금리: 연 20%이내(연체금리는 약정금리+3%p이내, 최대 연 20%이내) | 단, 2021. 7. 7.부터 신규체결, 갱신, 연장되는 계약에 한함 | 채무의 조기상환 조건 및 부대비용 없음. (단, 신용조회비용 및 담보권설정비용 있음), 이자 외 별도로 중개수수료를 요구하거나 수취하는 것은 불법입니다. | 대표이사: 박동원 | 사업자등록번호: 274-86-00231 | 등록기관명칭: 서울 영등포구청(담당부서: 일자리경제과, 02-2670-3420) | 소재지 : 서울 영등포구 여의대방로67길 11, 5층 517호 | 개인정보관리자메일: help@danbifund.co.kr무료상담",https://www.hankyung.com/article/202507185999a,2025.07.18 10:48
"주식 매도 없이 신용이자 연 1,500만 원 줄이는 비법",,"전송종목 : 하이텍팜, 톱텍, LX세미콘, 대양전기공업, LX하우시스




 

최근 주식 투자자들 사이에서 주식대출(미수/신용융자 등)의 고금리에 대한 부담이 커지고 있다.특히 저금리를 적용 받고 싶어도, 기존 대출을 상환하고 다시 주식을 매수해야 하는 번거로운 절차와 자금 조달의 어려움이 발목을 잡고 있다.이런 현실적인 문제를 해결하고자, 무빙스탁이 ‘증권사 신용, 대환자금대출’ 서비스를 전격 출시했다.이 상품은 주식을 매도하지 않고도, 기존의 고금리의 주식대출(미수/신용융자 등)의 3%대의 혁신적인 저금리 증권사로 전환할 수 있도록 상환자금을 제공하는 것이 핵심이다.무빙스탁 관계자는 “현재 증권사 이벤트 금리는 연 3%대 수준으로, 기존 9~10%대 고금리를 적용받는 투자자라면 절감 효과가 상당하다”며, 금리를 5%만 낮추면 “1억원 신용대출 기준으로 연간 약 500만원, 3억원이라면 1,500만원까지도 절약할 수 있다”고 밝혔다.더 놀라운 점은, 현재는 이벤트 기간으로 대환자금대출 신청시 발생하는 이자 비용까지 ‘0원’이라는 사실이다. 대환자금에 대해서 하루의 대출이자도 부담하지 않고 기존 고금리 대출을 저금리로 전환할 수 있어, 고금리 부담에 시달리던 투자자들에게 큰 호응을 얻을 전망이다.이 서비스는 부동산 시장에서 흔히 이용되던 대환대출 개념을 증권시장에 도입한 혁신적인 시도로, 주식 투자자들의 자금 운용에 새로운 대안을 제시할 것으로 기대된다.무빙스탁 ‘증권사 신용, 대환자금대출’의 비용 무료 이벤트는 이벤트 기간 동안 한정적으로 제공되는 만큼, 신용융자를 이용 중인 투자자라면 지금 바로 확인해볼 필요가 있다.★ 장마감 시간이 가까워질수록 문의가 많아 상담이 지연될 수 있습니다.★ 7월 문의하신 고객들이 많이 보유하신 종목으로는 삼성전자, POSCO홀딩스, 셀트리온, 포스코퓨처엠, 에코프로비엠, NAVER, 에코프로, 삼성SDI, LG화학, SK하이닉스, 두산에너빌리티, 카카오, SK이노베이션, LG에너지솔루션, 엘앤에프, 삼천당제약, 현대차, 알테오젠, HPSP, LG전자 등이 있습니다.★ 안내사항과도한 빚은 당신에게 큰 불행을 안겨줄 수 있습니다. 대출 시 신용등급 하락으로 다른 금융거래가 제약받을 수 있습니다. 중개수수료를 요구하거나 받는 것은 불법입니다.상호명: ㈜단비대부 2021-서울영등포-2102(대부업) | TEL: 1544-4886 | 대출금리: 연 20%이내(연체금리는 약정금리+3%p이내, 최대 연 20%이내) | 단, 2021. 7. 7.부터 신규체결, 갱신, 연장되는 계약에 한함 | 채무의 조기상환 조건 및 부대비용 없음. (단, 신용조회비용 및 담보권설정비용 있음), 이자 외 별도로 중개수수료를 요구하거나 수취하는 것은 불법입니다. | 대표이사: 박동원 | 사업자등록번호: 274-86-00231 | 등록기관명칭: 서울 영등포구청(담당부서: 일자리경제과, 02-2670-3420) | 소재지 : 서울 영등포구 여의대방로67길 11, 5층 517호 | 개인정보관리자메일: help@danbifund.co.kr무료상담",https://www.hankyung.com/article/202507173369a,2025.07.17 08:43
"18일, 기관 거래소에서 포스코퓨처엠(+19.59%), 한화에어로스페이스(0.00%) 등 순매수",,"기관 투자자는 18일 거래소에서 포스코퓨처엠, 한화에어로스페이스, KODEX 코스닥150레버리지 등을 중점적으로 사들인 것으로 나타났다.기관 투자자의 순매수 상위 20개 종목은 포스코퓨처엠, 한화에어로스페이스, KODEX 코스닥150레버리지, POSCO홀딩스, LG에너지솔루션, 엘앤에프, LG화학, 크래프톤, 두산에너빌리티, 녹십자등이다.이중에 전기,전자 업종에 속한 종목이 5개 포함되어 있다.포스코퓨처엠, KODEX 코스닥150레버리지, POSCO홀딩스 등은 전일 대비 주가가 상승했고, 메리츠금융지주, 삼성바이오로직스, KT&G 등은 주가가 하락했다.[07월18일]거래소 기관 순매수 상위 종목한경로보뉴스이 기사는 한국경제신문과 금융 AI 전문기업 씽크풀이 공동 개발한 기사 자동생성 알고리즘에 의해 실시간으로 작성된 것입니다.",https://www.hankyung.com/article/202507187935L,2025.07.18 18:35
자기자본 포함 4배 투자금을 DSR 무관으로 신청 당일 즉시?,,"투자자들 사이에서 ‘스탁론’에 대한 관심이 높아지고 있다. 스탁론은 자기자본 포함 최대 4배까지 활용 가능하며 증권사 신용/미수 대환 용도로도 활용 가능해 대표적인 레버리지 수단으로 자리잡은 상태다.그러나 DSR 한도가 스탁론에도 적용된 후 다른 대출, 소득 증빙 문제로 예전처럼 이용하기 어려워졌다. 이와 함께 높아진 금리도 스탁론 이용을 망설이게 만든 원인으로 꼽힌다.그러나 해결책은 있다. 21년 연속 스탁론 업계 1위를 지키고 있는 하이스탁론이 DSR 무관하게 이용할 수 있는 상품은 물론 연 4%대 최저금리로 이용 가능한 상품까지 취급하며 선택의 폭을 넓힌 것이다.




 

◆ 하이스탁론, 연 4%대 업계 최저금리로 추가 투자금은 물론 신용미수 대환까지!<하이스탁론>에서 누구나 부담 없이 스탁론을 경험할 수 있도록 연 4%대 최저금리 상품을 출시했다. 주식매입 용도는 물론 증권사 미수/신용 대환도 가능하며 신용등급 차등 없이 자기자본 포함 최대 4배까지 활용할 수 있다.이와 함께 DSR 한도 때문에 기존 스탁론 이용이 어려웠던 투자자들은 위한 DSR 무관 상품도 취급 중이다. 또한 장중 거래가 어려웠던 투자자를 위한 대체거래소(NXT) 거래도 가능해졌다.<하이스탁론>의 새로운 상품에 대해 자세히 알고 싶은 투자자는 고객상담센터(1599-0313)로 연락하면 대출 여부와 상관없이 24시간 언제든 전문상담원과 편리한 상담이 가능하다.○ 연 4%대 업계 최저금리 상품 출시○ 대체거래소(NXT) 거래 가능!○ 21년 연속 시장 점유율 1위, 16년 연속 대한민국퍼스트브랜드 대상○ 증권사 신용/미수 실시간 상환, 한종목 100% 집중 투자○ 믿을 수 있는 상담품질보증제※하이스탁론상담센터 : 1599-0313바로가기:https://www.hisl.co.kr/0313◆ 현 시각 관심종목 Top 10 : 삼성전자, HLB, 카카오, 한화오션, 포스코퓨처엠, 알테오젠, 코리아나, MDS테크, 클로봇, 싸이닉솔루션무료상담",https://www.hankyung.com/article/202507146076a,2025.07.15 09:30
"타이밍이 중요한 국내주식 매수 전략, 본인자산포함 4배 집중투자로 해결가능",,"부자네스탁론이 새롭게 선보인 스탁론 상품이 투자자들 사이에서 화제를 모으고 있다. 해당 상품은 본인자산포함 4배로 투자 가능, 담보유지비율 120%의 유연한 조건과 다양한 투자 솔루션을 앞세워 증권사 신용, 담보대출 대비 높은 활용도를 자랑한다.일반적으로 증권사 신용융자에 비해 더 높은 레버리지와 더 낮은 담보유지비율을 제공하는 스탁론은, 투자 고수들 사이에서 이미 널리 알려진 수단이다. 부자네스탁론은 여기에 더해 미수금이나 반대매매 위험을 해결해주는 대환대출 상품, 투자 기회를 살리고 싶어하는 전략적 투자자들을 위한 다양한 서비스를 제공한다.또한 신용, 주식담보대출 이용불가 종목, 총부채원리금상환비율(D.S.R) 같은 규제 이슈로 제약을 받아온 투자자들에게도 계좌 평가금액 기준으로 맞춤형 대출이 가능하도록 설계되어 실질적인 해결책이 되고 있다.부자네스탁론은 “고객 한 명 한 명의 투자 상황에 맞춰 최적의 대출 방법을 제공하고 있다”며, “강화된 금융 규제 환경 속에서도 투자자들의 기회를 넓히는 데 최선을 다하겠다”고 밝혔다.-스탁론 D.S.R<총부채원리금상환비율> 고강도 규제에도! 문제없는 부자네스탁론!– 소득 낮고 기존 대출금액 많아도 계좌평가금액에 비례해서 대출가능!– 본인자산 포함 4배끼지 투자 가능!▶머니투데이 부자네스탁론① 5년 고정금리로 금리인상 걱정없이 운용 가능② 자기자본포함 최대 4배까지 레버리지 투자 가능③ 매수가능종목 100% 집중투자가능 (코스닥, 시가총액, 포트폴리오비율상관없이)④ 스탁론 전종목 1:1 매수상담문의 → 수익극대화⑤ 반대매도 임박 / 추가입금이 힘들다면? → 1:1 로스컷 전문상담⑥ D.S.R과 신용등급 낮.아.도 문제없이 매입/대환까지 가능!⑦ 위 혜택을 4%대의 저금리로 이용 가능!★ D.S.R비율, 신용등급 무관 저금리 부자네스탁 AM8:00~PM4:00 ☎1577-5852★ AM 8:00 부터 선착순 예약접수 http://www.bujane.co.kr/7월 고객들의 문의가 많은 종목은 삼성전자, SK하이닉스, LG에너지솔루션, KB금융, 현대차 등이 있다.무료상담",https://www.hankyung.com/article/202507145593a,2025.07.14 08:03
"이자 부담은 최소로, 투자 효율은 최대로! 신용대출 3%대 활용법",,"전송종목 : 한화시스템, 에이피알, 롯데웰푸드, BGF리테일, SK케미칼최근 주식 투자자들 사이에서 주식대출(미수/신용융자 등)의 고금리에 대한 부담이 커지고 있다.특히 저금리를 적용 받고 싶어도, 기존 대출을 상환하고 다시 주식을 매수해야 하는 번거로운 절차와 자금 조달의 어려움이 발목을 잡고 있다.이런 현실적인 문제를 해결하고자, 무빙스탁이 ‘증권사 신용, 대환자금대출’ 서비스를 전격 출시했다.이 상품은 주식을 매도하지 않고도, 기존의 고금리의 주식대출(미수/신용융자 등)의 3%대의 혁신적인 저금리 증권사로 전환할 수 있도록 상환자금을 제공하는 것이 핵심이다.무빙스탁 관계자는 “현재 증권사 이벤트 금리는 연 3%대 수준으로, 기존 9~10%대 고금리를 적용받는 투자자라면 절감 효과가 상당하다”며, 금리를 5%만 낮추면 “1억원 신용대출 기준으로 연간 약 500만원, 3억원이라면 1,500만원까지도 절약할 수 있다”고 밝혔다.더 놀라운 점은, 현재는 이벤트 기간으로 대환자금대출 신청시 발생하는 이자 비용까지 ‘0원’이라는 사실이다. 대환자금에 대해서 하루의 대출이자도 부담하지 않고 기존 고금리 대출을 저금리로 전환할 수 있어, 고금리 부담에 시달리던 투자자들에게 큰 호응을 얻을 전망이다.이 서비스는 부동산 시장에서 흔히 이용되던 대환대출 개념을 증권시장에 도입한 혁신적인 시도로, 주식 투자자들의 자금 운용에 새로운 대안을 제시할 것으로 기대된다.무빙스탁 ‘증권사 신용, 대환자금대출’의 비용 무료 이벤트는 이벤트 기간 동안 한정적으로 제공되는 만큼, 신용융자를 이용 중인 투자자라면 지금 바로 확인해볼 필요가 있다.★ 장마감 시간이 가까워질수록 문의가 많아 상담이 지연될 수 있습니다.★ 7월 문의하신 고객들이 많이 보유하신 종목으로는 삼성전자, POSCO홀딩스, 셀트리온, 포스코퓨처엠, 에코프로비엠, NAVER, 에코프로, 삼성SDI, LG화학, SK하이닉스, 두산에너빌리티, 카카오, SK이노베이션, LG에너지솔루션, 엘앤에프, 삼천당제약, 현대차, 알테오젠, HPSP, LG전자 등이 있습니다.★ 안내사항과도한 빚은 당신에게 큰 불행을 안겨줄 수 있습니다. 대출 시 신용등급 하락으로 다른 금융거래가 제약받을 수 있습니다. 중개수수료를 요구하거나 받는 것은 불법입니다.상호명: ㈜단비대부 2021-서울영등포-2102(대부업) | TEL: 1544-4886 | 대출금리: 연 20%이내(연체금리는 약정금리+3%p이내, 최대 연 20%이내) | 단, 2021. 7. 7.부터 신규체결, 갱신, 연장되는 계약에 한함 | 채무의 조기상환 조건 및 부대비용 없음. (단, 신용조회비용 및 담보권설정비용 있음), 이자 외 별도로 중개수수료를 요구하거나 수취하는 것은 불법입니다. | 대표이사: 박동원 | 사업자등록번호: 274-86-00231 | 등록기관명칭: 서울 영등포구청(담당부서: 일자리경제과, 02-2670-3420) | 소재지 : 서울 영등포구 여의대방로67길 11, 5층 517호 | 개인정보관리자메일: help@danbifund.co.kr무료상담",https://www.hankyung.com/article/202507248232a,2025.07.24 08:33
"류진 한경협 회장 ""임기 동안 4대그룹 회장단 복귀위해 최선다할 것""",,"류진 한국경제인협회 회장이 18일 제주 서귀포시 인근식당에서 열린 ‘2025 한경협 CEO 제주하계포럼' 기자간담회에서 발언하고 있다. 한경협 제공

                류진 한국경제인협회 회장은 내년 2월 이재용 삼성전자 회장을 비롯해 4대 그룹(삼성·SK·현대차·LG)의 한경협 회장단 복귀를 추진하겠다는 의사를 밝혔다. 류 회장은 지난 18일 제주 서귀포에서 열린 ‘2025 한경협 경영자 제주하계포럼’ 셋째 날 기자간담회에서 “한 때 전국경제인연합회(한경협 전신)이 남느냐, 없어지느냐의 고비에 있었지만, 다행히도 국민들이 이제는 한경협을 용서해주시고 있지 않나 싶다”며 “내년 2월이 한경협 정기총회인데 그 때  4대 그룹이 (회장단에) 들어왔으면 좋겠다”고 말했다. 최근 사법 리스크를 털어 낸 이재용 회장을 언급하며 “이 회장도 부담이 없으니까 분위기를 봐서 기업들이랑 정부랑 상의하며 추진하려고 한다”며 ""제 임기가 끝날 때까지 최선을 다할 것""이라고 말했다. 류 회장의 임기는 오는 2027년 2월까지다. 전경련 회원사였던 4대 그룹은 2016년 박근혜 정부 당시 국정농단 사태로 일제히 탈퇴했다. 이후 2023년 8월 류 회장이 수장이 된 뒤 한경협이라는 이름을 내걸고 새 출발하면서 다시 회원사로 가입하고 지난해 11월 회비까지 납부했지만, 회장단에는 참여하지 않고 있다.류 회장은 조직 쇄신을 위해 신설한 자체 윤리위원회 기능을 높게 평가했다. 3억 이상 비용이 드는 용역, 정치 이슈와 관련된 현안 등에 대해선 윤리위를 거쳐야만 한다. 류 회장은 ""제일 잘한 건 윤리위원회 만든 것""이라며 ""형식적인 게 아니라 윤리위를 통해 내부적으로 이게 맞는지 안맞는지 고민하면서 처리했다""고 설명했다. 이어 ""그 결과 신규 기업들이 회원사로 많이 들어왔다""고 자평했다.  미국 정부와의 관세 협상과 관련해선 “조금 손해를 좀 보더라도 미래를 위해 줄 건 주는 것이 좋지 않겠느냐”는 의견을 내놨다. 정부는 미국 정부가 제시한 관세부과 시한(8월 1일)을 앞두고 관세율을 낮추기 위해 미 정부 관계자와 협상을 진행 중에 있다.류 회장은 ""앞으로 2주가 우리나라 경제의 운명을 가를 것”이라며 “도널드 트럼프 미국 대통령이 원하는 것이 무엇인지 잘 생각해야 한다”고 말했다. 그러면서 “2주 동안 국익을 위해 ‘풀코트 프레스(전면 압박수비)’를 해서 좋은 결과를 얻어야 한다”고 말했다. 국내 대표 '미국통' 기업가인 류 회장은 지난 6월 미국 워싱턴DC 소재 내셔널스파크 구장에서 열린 미국 상·하원 의원 자선야구대회를 통해 우리나라 기업들의 대미(對美) 투자 성과를 홍보하는 '코리아 세일즈'에 나섰다.미국의 관세 위협과 함께 국내 기업들의 부담 요인인 상법 개정 움직임에 대해선 “너무 한꺼번에 빨리 해버리면 부작용이 있으니 속도를 늦춰가면서 할 필요가 있다”고 말했다.  김창범 한경협 부회장도 “한국 주식시장 활성화를 위한 취지는 공감하지만 상법 개정안이 통과된 지 얼마 되지 않아 다시 추진하는 것을 받아들이기 어렵다”며 “경제가 풍전등화인 시점에서 추가 개정 움직임을 걱정스럽게 보고 있다”고 힘을 보탰다. 여당에선 자사주 소각을 의무화하는 내용의 법안을 잇따라 쏟아내고 있다.한경협은 문재인 정부 시절 '패싱'에 가까운 수준으로 소외당했던 것과 달리, 이재명 정부 들어선 더불어민주당 등 여당 정부와 적극적인 교류를 이어가고 있다. 지난 3월 당시 민주당 대표였던 이재명 대통령은 한경협 지도부와 민생경제 간담회를 열었고, 이 자리에서 류 회장은 ""옛날에 차였던 여자친구를 만나는 느낌""이라고 말해 참석자들의 웃음을 자아내기도 했다. 류 회장은 ""이 대통령과 저는 안동, 같은 동향인으로, 안동 사람들은 고향 사람들을 굉장히 챙긴다""며 ""이 대통령은 제가 지금까지 본 리더 중 가장 얘기를 많이 듣고, 경청하는 분이다. 그래서 좀 다르다는 느낌을 받았다""고 말했다. 풍산그룹 회장이기도 한 류 회장은 지역경제 활성화를 위해 지방 투자를 계획 중이라고도 밝혔다. 류 회장은 “강력한 인센티브가 있어야 기업들도 지방으로 많이 옮겨갈 것”이라며 “기업들이 어떠한 혜택이 주어져야 지방에 투자할 것인지 의견들을 종합할 계획”이라고 말했다.제주=김채연 기자 why29@hankyung.com",https://www.hankyung.com/article/202507212002i,2025.07.21 15:08
185번 출석·560일 수감…엔비디아·TSMC 뛸때 삼성은 지켜만 봤다,"이재용 무죄…
삼성의 '잃어버린 10년'

대법 '불법승계' 상고기각
사법족쇄 풀려

2016년부터 수사·재판
결국 모든 혐의 무죄

경영리스크 완전히 해소돼 
'뉴삼성' 다시 시동","사진=한경DB

                딱 10년 전인 2015년 7월 17일, 삼성물산과 제일모직은 각각 주주총회를 열고 두 회사 합병을 승인했다. 미래 먹거리로 꼽은 바이오 사업을 강화하는 동시에 경영 효율성을 끌어올리기 위해서였다. 이때만 해도 정상적으로 진행된 이 합병 결정으로 삼성이 ‘잃어버린 10년’에 짓눌릴 것이라고 생각한 이는 아무도 없었다. 1년 뒤 불거진 국정농단 사태는 삼성과 이재용 삼성전자 회장을 ‘적폐’로 몰아세웠고, 검찰은 여기에 더해 삼성물산과 제일모직 합병에 ‘불법 경영권 승계’ 프레임을 씌웠다. 이 회장이 법정에 185차례나 불려 다닌 지난 10년간 삼성은 ‘스마트폰 세계 1위’(출하량 기준), ‘D램 세계 1위’를 차례차례 경쟁사에 내줬다.





                이 회장과 삼성을 햇수로 10년이나 옭아맨 ‘사법 족쇄’가 완전히 풀렸다. 대법원은 17일 이 회장의 부당 합병 및 회계 부정 상고심에서 무죄를 선고한 원심을 확정했다. 삼성 변호인단은 “합병 과정의 회계 처리가 적법하다는 점이 분명히 확인됐다”고 밝혔다.검찰의 ‘무리한 수사’는 삼성에 큰 상처를 안겼다. 2020년 6월 검찰 기소의 적정성을 심의하는 수사심의위원회가 이 회장에 대해 불기소 및 수사 중단을 권고했는데도 “범죄 혐의가 충분하다”며 밀어붙였기 때문이다. 2024년 2월 1심 재판부가 19개 혐의에 모두 무죄를 선고해 완패 판정을 받았는데도 검찰은 항소했다. 2025년 2월 2심 결과도 똑같이 나왔지만 검찰은 거둬들이지 않았다.그 10년간 삼성의 경쟁력은 추락했다. 30년 넘게 지켜온 D램 1위 자리를 지난 1분기 SK하이닉스에 내줬고, 신사업으로 육성한 파운드리(반도체 수탁생산)에서는 대만 TSMC와의 격차가 갈수록 벌어졌다. 스마트폰, 디스플레이, 가전 등 주력 산업은 중국에 치이고, 인공지능(AI)과 로봇 등 미래 산업은 미국에 멀찌감치 밀리고 있다.산업계에서는 이 회장의 사법 리스크가 일단락된 만큼 삼성의 주력 사업이 다시 궤도에 오를 것이라는 기대를 내놓고 있다. 박진섭 한양대 융합전자공학부 교수는 “총수가 경영에 전념할 수 있게 된 만큼 지난 10년간 수비에만 치중했던 삼성의 경영 전략에 상당한 변화가 있을 것”이라고 말했다.'불법 승계' 무죄로 10년 사법리스크 종결…'뉴삼성' 속도낸다반복되는 재판 출석·구속으로 총수 정상적 경영 활동 불가능







이미지 크게보기


이재용 삼성전자 회장이 지난 5월 30일 열린 ‘2025 삼성 호암상 시상식’에 참석했다. /뉴스1

                2020년과 2021년, 이재용 삼성전자 회장이 주로 머문 곳은 삼성 사옥이 아니라 검찰청과 법원이었다. 검찰은 2020년 5월 삼성물산·제일모직 부당합병 및 회계부정 혐의로 이 회장을 수시로 불러 조사했다. 이 회장은 엎친 데 덮친 격으로 이듬해 1월 국정농단 파기환송심에서 재구속돼 207일간 영어의 몸이 됐다.이 기간 삼성은 많은 것을 놓쳤다. 2021년 1분기 글로벌 차량용 반도체 기업 NXP를 인수하려던 계획이 무산됐고 엔비디아, 퀄컴 등 큼지막한 파운드리(반도체 수탁생산) 사업 고객이 떠나가는 걸 지켜봐야 했다. 가장 뼈아픈 건 인공지능(AI) 시대를 준비하지 못한 것이다. 글로벌 경쟁사들이 AI 시대의 주인공이 되기 위해 목돈을 투입해 유망 기업을 인수합병(M&A)했지만, 책임지고 결단을 내려야 할 최고책임자가 없던 삼성은 주저할 수밖에 없었다.◇재판에 발목 잡힌 삼성이 회장과 삼성을 겨냥한 검찰의 부당합병·회계부정 수사에 대해선 애초 ‘무리수’라는 평가가 많았다. 그룹의 미래 먹거리인 바이오 사업 경쟁력 강화, 건설 등 중복 사업의 비효율 제거라는 합병 목적에 대다수 주주도 찬성표를 던졌다. 하지만 적폐 청산 바람을 탄 일부 시민단체가 부당합병·회계부정 의혹을 제기하며 불을 지피자 검찰은 기다렸다는 듯이 대대적 수사에 들어갔다.검찰 수사가 절정으로 치달은 2020년 6월, 검찰 수사심의위원회가 이 회장 불기소와 수사 중단을 권고했지만 ‘쇠귀에 경 읽기’였다. 이 회장 기소(2020년 9월)와 함께 재판이 시작됐고 검찰은 징역 5년을 구형했다. 재판은 5년 가까이 계속됐다.2017년 4월부터 2021년 1월까지 이어진 국정농단 재판에 83차례 출석하고, 560일 수감 생활을 겪은 이 회장은 다시 법원에 발이 묶였다. 부당합병·회계부정 사건으로만 2021년 4월부터 총 113번의 재판(1·2심 합계)이 열렸고, 이 회장은 이 중 102차례 서초동 법정에 참석했다. 해외를 돌아다니며 삼성이 나아갈 길을 찾아야 할 국내 1위 기업 최고경영자의 발이 법원에 묶인 셈이다. 이 회장이 “1년 중 가장 중요한 시기”라고 언급한 글로벌 기업인 네트워크 행사인 미국 선밸리 콘퍼런스에도 얼굴을 내밀 수 없었다.◇약해진 초격차 기술력큰 그림을 그리고 중요한 결정을 내려야 할 총수의 부재에 삼성이 키워온 ‘초격차 기술력’은 서서히 약해졌다. 주력 사업부터 그랬다. 2016년 48%에 달하던 삼성전자 D램 점유율은 올해 1분기 33.7%로 떨어졌다. 방향을 잃은 전문경영인들은 중장기 투자를 주저했고, 단기 실적에 목을 맸다. 그렇게 AI 시대 주인공으로 떠오른 고대역폭메모리(HBM)의 주도권을 SK하이닉스에 내줬다.낸드플래시(36.7%→31.9%)와 스마트폰(20.5%→20.0%) 점유율도 떨어졌다. 이 회장이 신사업으로 낙점하고 드라이브를 건 파운드리에선 40%포인트 수준이던 TSMC와의 격차가 60%포인트까지 벌어졌다.주력 사업만 약화한 게 아니다. 한때 경쟁사이던 마이크로소프트(MS), 구글과 달리 삼성의 AI 실력은 이제 저만치 아래로 밀려났다. AI를 현실에 구현하는 피지컬 AI 시장에선 테슬라와 엔비디아 등에 밀려 명함도 못 내밀고 있다. 테슬라는 조만간 휴머노이드를 공장에 투입할 정도로 실력을 키웠지만 삼성은 아직 시제품조차 내놓지 못했다.기업의 미래 가치를 반영하는 시가총액에서 삼성의 현주소가 드러난다. 삼성전자의 시총(달러 환산 기준)은 2016년 말 2039억달러(약 284조원)에서 지난 16일 기준 3033억달러로 48.7% 늘어나는 데 그쳤다. 경쟁사와 비교하면 초라한 성적표다. 엔비디아 시총은 같은 기간 575억달러에서 4조1790억달러로 716.8% 급증했다. 삼성전자 밑에 있었던 TSMC 시총도 1조2320억달러로 삼성전자의 네 배가 됐다.◇대만 뛸 때 주저앉은 한국삼성의 ‘잃어버린 10년’을 보는 경제·산업계 관계자들은 하나같이 착잡함을 토로한다. 삼성이 과거의 경쟁력을 회복하는 데 2~3년이란 적지 않은 시간이 필요할 것으로 전망되기 때문이다.한국 대표 기업이 흔들리면서 국가 경쟁력이 약화할 것이란 우려는 현실화했다. 스위스 국제경영개발대학원(IMD)이 발표한 국가 경쟁력 순위에서 한국은 지난해 20위에서 올해 27위로 떨어졌다. 송승헌 맥킨지앤드컴퍼니 한국 대표는 “국가 경쟁력 하락은 한국 기업 경영의 효율성 순위가 44위로 21계단 미끄러진 영향이 가장 크다”고 진단했다. 삼성전자의 경쟁력 약화가 한국 경제 전반에 부정적 영향을 주고 있다는 의미다. TSMC를 필두로 반도체, 서버로 연결되는 AI 하드웨어 생태계가 굳건한 대만의 국가 경쟁력은 지난해(8위)보다 두 계단 뛰어 6위로 올라섰다.경제단체 고위 관계자는 “시민단체의 ‘아니면 말고’식 의혹 제기와 검찰의 무리한 수사가 빚어낸 합작품이 삼성의 잃어버린 10년”이라며 “과도한 기업 옥죄기 사례가 다시는 되풀이돼선 안 된다”고 지적했다.황정수/김채연/박의명 기자 hjs@hankyung.com",https://www.hankyung.com/article/2025071754301,2025.07.17 17:38
고금리 이자 폭탄 피하는 법! 증권사 대출 3%대로 줄이기,,"전송종목 : 삼성전기, 한샘, 한올바이오파마, 경동나비엔, HD한국조선해양최근 주식 투자자들 사이에서 주식대출(미수/신용융자 등)의 고금리에 대한 부담이 커지고 있다.특히 저금리를 적용 받고 싶어도, 기존 대출을 상환하고 다시 주식을 매수해야 하는 번거로운 절차와 자금 조달의 어려움이 발목을 잡고 있다.이런 현실적인 문제를 해결하고자, 무빙스탁이 ‘증권사 신용, 대환자금대출’ 서비스를 전격 출시했다.이 상품은 주식을 매도하지 않고도, 기존의 고금리의 주식대출(미수/신용융자 등)의 3%대의 혁신적인 저금리 증권사로 전환할 수 있도록 상환자금을 제공하는 것이 핵심이다.무빙스탁 관계자는 “현재 증권사 이벤트 금리는 연 3%대 수준으로, 기존 9~10%대 고금리를 적용받는 투자자라면 절감 효과가 상당하다”며, 금리를 5%만 낮추면 “1억원 신용대출 기준으로 연간 약 500만원, 3억원이라면 1,500만원까지도 절약할 수 있다”고 밝혔다.더 놀라운 점은, 현재는 이벤트 기간으로 대환자금대출 신청시 발생하는 이자 비용까지 ‘0원’이라는 사실이다. 대환자금에 대해서 하루의 대출이자도 부담하지 않고 기존 고금리 대출을 저금리로 전환할 수 있어, 고금리 부담에 시달리던 투자자들에게 큰 호응을 얻을 전망이다.이 서비스는 부동산 시장에서 흔히 이용되던 대환대출 개념을 증권시장에 도입한 혁신적인 시도로, 주식 투자자들의 자금 운용에 새로운 대안을 제시할 것으로 기대된다.무빙스탁 ‘증권사 신용, 대환자금대출’의 비용 무료 이벤트는 이벤트 기간 동안 한정적으로 제공되는 만큼, 신용융자를 이용 중인 투자자라면 지금 바로 확인해볼 필요가 있다.★ 장마감 시간이 가까워질수록 문의가 많아 상담이 지연될 수 있습니다.★ 7월 문의하신 고객들이 많이 보유하신 종목으로는 삼성전자, POSCO홀딩스, 셀트리온, 포스코퓨처엠, 에코프로비엠, NAVER, 에코프로, 삼성SDI, LG화학, SK하이닉스, 두산에너빌리티, 카카오, SK이노베이션, LG에너지솔루션, 엘앤에프, 삼천당제약, 현대차, 알테오젠, HPSP, LG전자 등이 있습니다.★ 안내사항과도한 빚은 당신에게 큰 불행을 안겨줄 수 있습니다. 대출 시 신용등급 하락으로 다른 금융거래가 제약받을 수 있습니다. 중개수수료를 요구하거나 받는 것은 불법입니다.상호명: ㈜단비대부 2021-서울영등포-2102(대부업) | TEL: 1544-4886 | 대출금리: 연 20%이내(연체금리는 약정금리+3%p이내, 최대 연 20%이내) | 단, 2021. 7. 7.부터 신규체결, 갱신, 연장되는 계약에 한함 | 채무의 조기상환 조건 및 부대비용 없음. (단, 신용조회비용 및 담보권설정비용 있음), 이자 외 별도로 중개수수료를 요구하거나 수취하는 것은 불법입니다. | 대표이사: 박동원 | 사업자등록번호: 274-86-00231 | 등록기관명칭: 서울 영등포구청(담당부서: 일자리경제과, 02-2670-3420) | 소재지 : 서울 영등포구 여의대방로67길 11, 5층 517호 | 개인정보관리자메일: help@danbifund.co.kr무료상담",https://www.hankyung.com/article/202507210590a,2025.07.21 09:43
[인사] 하나금융지주·하나은행,,<하나금융지주>    ◇ 팀장 전보    ▲ IR팀 이건희 ▲ 준법지원팀 조현숙 ▲ AI·디지털전략팀 황상진     <하나은행>    ◇ 부장 승진    ▲ 이사회사무국 김태경    ◇ 지점장 승진    ▲ 청주지웰시티 전병걸    ◇ RM 승진    ▲ 가락금융센터 김중환 ▲ 강남금융센터 박상배    ◇ 부장 전보    ▲ 글로벌FI사업부 김은숙 ▲ 법무지원부 이용은 ▲ 글로벌사업부 주진오 ▲ 소호사업부 한승헌    ◇ 지점장 전보    ▲ 주엽역금융센터 권성훈 ▲ 우이동 길유청 ▲ 신정동 김경애 ▲ 원곡동외국인센터 김두현 ▲ 성남금융센터 김민규 ▲ 구로역 김성운 ▲ 방이동 김순철 ▲ 신길동 김승재 ▲ 호평 김연옥 ▲ 방학동 김영건 ▲ 잠실레이크팰리스 김영권 ▲ 분당시범단지 김영일 ▲ 대화동 김영태 ▲ 시흥 김옥연 ▲ 일산 김은미 ▲ 천안역 김은임 ▲ 금산 김진여 ▲ 충무로역 김진우 ▲ 일원동 김태수 ▲ 양주금융센터 김휘종 ▲ 옥수역 남미경 ▲ 음성금융센터 남승일 ▲ 반월공단 민병곤 ▲ 성산동 민성혜 ▲ 성남중앙 박성재 ▲ 킨텍스역금융센터 박승민 ▲ 평택고덕금융센터 박영민 ▲ 강서금융센터 박장식 ▲ 평촌역금융센터 박재영 ▲ 신설동금융센터 박준석 ▲ 구로금융센터 박춘봉 ▲ 동래 방두성 ▲ 상도역 서종국 ▲ 장산역 성기열 ▲ 청담동 손우철 ▲ 종로5가 손호진 ▲ 송파 신유라 ▲ 남춘천 신창균 ▲ 신평 안희수 ▲ 압구정 어정훈 ▲ 민락동 윤용림 ▲ 이천금융센터 이강선 ▲ 중산 이경희 ▲ 을지로금융센터 이권구 ▲ 대구강북금융센터 이용섭 ▲ 발안 이익재 ▲ 삼선교 이태용 ▲ 주안 임선경 ▲ 서교동 장명숙 ▲ 반포타운 장혜순 ▲ 제천 전미숙 ▲ 나주빛가람 정준영 ▲ 양산 정해명 ▲ 반월기업센터 조원학 ▲ 천천동 조융 ▲ 주례동 최상준 ▲ 화서역 최수혁 ▲ 파주 최형택 ▲ 삼성전자 하두진 ▲ 분당금융센터 하성옥 ▲ 서울숲 한미화 ▲ 남산동 한현정 ▲ 진주 허장영 ▲ 황실 황성권 ▲ 용인 황인섭    ◇ 부지점장 전보    ▲ 김해 김민경 ▲ 천안중앙 나종욱 ▲ 천안두정금융센터 박종복 ▲ 평촌범계역 우요한 ▲ 수유역금융센터 이미정 ▲ 대구 이선영 ▲ 포항금융센터 이채복 ▲ 휘경금융센터 장종숙    ◇ RM 전보    ▲ 판교금융센터 권오경 ▲ 부산연산금융센터 김대현 ▲ 기관사업부 김주열 ▲ 동탄금융센터 김현승 ▲ 을지로금융센터 김현주 ▲ 현대모터금융센터 남형우 ▲ 남동기업센터 박성진 ▲ 신탄진 박영지 ▲ 남서울 박제헌 ▲ 방배기업센터 박준현 ▲ 남동산단금융센터 박중훈 ▲ 잠실역금융센터 박지애 ▲ 미아금융센터 심정호 ▲ 화성병점 유기현 ▲ 삼성센터 유진선 ▲ 서면역 이근우 ▲ 영업부 이승한 ▲ 녹산공단 이영 ▲ 수유역금융센터 이주연 ▲ 평택송탄금융센터 이지열 ▲ 부평 이학재 ▲ 상암DMC금융센터 임희재 ▲ 한남동금융센터 전재호 ▲ 국제전자센터 정기홍 ▲ 투자금융부 조항기 ▲ 코엑스 최솔아 ▲ 테헤란로 최은진 ▲ 공덕역 황우찬    ◇ Gold PB 전보    ▲ Club1PB센터 강두현 ▲ 용산PB센터 강보연 ▲ 서울InternationalPB센터 박진석 ▲ 영업1부PB센터 양재혁 ▲ Club1한남PB센터 유소연 ▲ 강남파이낸스PB센터 이숙남 ▲ Club1PB센터 이지혜 ▲ Club1PB센터 장미윤 ▲ 법조타운골드클럽 조성신 ▲ 대치동골드클럽 최미선 ▲ 도곡PB센터 최윤정 ▲ 영업1부PB센터 최호정 ▲ Club1한남PB센터 하승희 ▲ 아시아선수촌PB센터 한채란    ◇ 해외법인장 전보    ▲ 러시아하나은행 오석민     ◇ 해외지점장 전보    ▲ 파나마 백승엽 ▲ 암스텔담 최봉근     ◇ 해외사무소장 전보    ▲ 미얀마양곤사무소 엄정환 /연합뉴스,https://www.hankyung.com/article/202507160933Y,2025.07.16 08:53
"'7만전자' 가나…""하이닉스 팔고 삼성전자 사라"" 상황 돌변","상당수 투자자들 '수익' 구간으로
증권가 ""삼전 상승여력이 더 높아""","서울 서초동 삼성전자 사옥/이솔 기자

                삼성전자가 지난해 9월 4일 이후 약 11개월 만에 '7만전자' 회복을 눈앞에 뒀다. 증권가에선 반도체주 투자와 관련해 SK하이닉스를 팔고(쇼트), 삼성전자를 사는(롱) 전략을 구사해볼 필요가 있다는 조언이 나온다. 21일 삼성전자는 유가증권시장에서 700원(1.04%) 오른 6만 7800원에 거래를 마쳤다. 최근 5거래일(7월 15일~21일) 동안 8.48% 상승했다. 삼성전자가 6만 원 후반대에 안착하자 투자자 상당수가 손실에서 벗어나 상승 구간에 진입했다. 네이버페이 '내자산‘ 서비스에 따르면 삼성전자 투자자 26만 5371명의 평균 매수 단가는 6만 7169원으로 집계됐다. 이들의 평균 수익률은 0.94%다.삼성전자는 7월 들어 13.38% 올랐다. 같은 기간 코스피 상승률(4.53%)을 8.85%포인트(p) 웃도는 상승률이다. 외국인들이 이달 들어 삼성전자 2조 701억 원어치 사들이면서 상승세를 견인했다. 삼성전자는 7월 외국인 순매수 1위 종목에 이름을 올렸다.
                    



삼성전자 주가 그래프/구글 캡쳐

                반면 SK하이닉스는 이 기간에 6.68% 하락했다. 골드만삭스가 투자의견을 '매수'에서 '중립'으로 하향 조정한 여파로 지난 17일 하루에만 8.95% 급락하기도 했다. 골드만삭스는 보고서를 통해 ""2026년에 고대역폭메모리(HBM) 가격이 처음으로 하락할 수 있다""며 투자의견 조정 이유를 밝혔다.시장에선 올해 상반기 주가 상승세가 가팔랐던 SK하이닉스보단 삼성전자의 투자 매력도가 높다는 평가가 나온다. SK하이닉스는 상반기에 67.91% 올랐다. 반면 삼성전자 상승률은 12.41%에 그쳤다. 김용구 유안타증권(003470) 연구원은 ""이제는 SK하이닉스를 팔고 삼성전자를 사는 게 맞다""며 ""7월 말과 8월 초를 기점으로 반도체 전술적 대응 초점을 종전 SK하이닉스 매수(롱)·삼성전자 매도(쇼트) 주도에서 삼성전자 롱· SK하이닉스 쇼트 중심으로 바꿔 갈 필요가 있다""고 했다. 박유악 키움증권(039490) 연구원은 삼성전자에 대해 ""3분기 실적 턴어라운드에 대한 기대감 속에서 총 3조 5000억 원 규모의 자사주 매입이 진행될 예정""이라며 ""주가 저점이 점진적으로 높아질 것""이라고 내다봤다.송종현 기자 scream@hankyung.com",https://www.hankyung.com/article/2025072231167,2025.07.22 07:36
모바일 신분증 발급처 확대…신한·하나·우리·기업銀 추가,"행정안전부, 민간사업자 추가 선정","사진=연합뉴스

                내년 7월부터 신한 하나 우리 기업 등 네 개 은행의 앱에서도 모바일 신분증을 발급받아 사용할 수 있게 된다.행정안전부는 13일 2025년 모바일 신분증 민간개방 참여기업으로 신한은행, 우리은행, 중소기업은행, 하나은행을 추가 선정했다고 밝혔다. 네 개 은행의 합류로 앞으로 모바일 신분증은 정부 앱과 10개 민간기업 앱에서 발급·사용할 수있게 된다. 민간기업 중에선 삼성전자가 지난해 3월부터 해당 서비스를 제공 중이며 국민은행, 네이버, 농협은행, 토스, 카카오뱅크가 이달 말부터 서비스를 시작한다.이번에 새 사업자로 선정된 4개 은행은 이달부터 시스템 개발작업을 시작할 예정이다. 이들은 내년 1분기까지 시스템 구축을 마무리하고 2분기까지 적합성 평가를 통과하겠다는 계획이다. 예정대로 절차가 진행되면 내년 7월부터 모바일 신분증 서비스를 시작한다.김진성 기자 jskim1028@hankyung.com",https://www.hankyung.com/article/202507134671i,2025.07.13 10:37
"11일, 기관 거래소에서 삼성에스디에스(+4.25%), LG에너지솔루션(+1.1%) 등 순매수",,"기관 투자자는 11일 거래소에서 삼성에스디에스, LG에너지솔루션, 에이피알 등을 중점적으로 사들인 것으로 나타났다.기관 투자자의 순매수 상위 20개 종목은 삼성에스디에스, LG에너지솔루션, 에이피알, POSCO홀딩스, KODEX 코스닥150, 현대제철, SK스퀘어, KODEX 코스닥150레버리지, 포스코퓨처엠, LG씨엔에스등이다.이중에 전기,전자 업종에 속한 종목이 3개 포함되어 있다.삼성에스디에스, LG에너지솔루션, 에이피알 등은 전일 대비 주가가 상승했고, SK스퀘어, 미래에셋증권 등은 주가가 하락했다.[07월11일]거래소 기관 순매수 상위 종목한경로보뉴스이 기사는 한국경제신문과 금융 AI 전문기업 씽크풀이 공동 개발한 기사 자동생성 알고리즘에 의해 실시간으로 작성된 것입니다.",https://www.hankyung.com/article/202507113484L,2025.07.11 18:35
"""HBM 주도"" VS ""독주 흔들""…하이닉스 놓고 엇갈린 전망","BoA ""빅테크 수요 이어질 것""
골드만은 ""HBM값 내려 타격""
국내 증권사도 목표주가 갈려",SK하이닉스 주가가 올 들어 57.42% 뛴 가운데 글로벌 투자은행(IB)과 주요 증권사 전망이 극명하게 엇갈리고 있다. 고대역폭메모리(HBM) 시장에서 독점적 지위를 얼마나 오래 유지할 수 있을지를 놓고 이견이 크기 때문이다.23일 유가증권시장에서 SK하이닉스는 0.37% 오른 26만9500원에 장을 마감했다. 이 회사 주가는 골드만삭스가 투자의견을 하향 조정한 지난 17일 이후 8.95% 내렸다. 골드만삭스는 “내년 HBM 가격이 두 자릿수로 하락할 것”이라며 “주요 고객사(엔비디아) 매출 비중이 높은 SK하이닉스가 커다란 영업이익률 압박을 받을 수 있다”고 전망했다. HBM 시장에서 마이크론과 삼성전자 등이 SK하이닉스를 추격하면서 SK하이닉스의 가격 협상력이 떨어질 것이란 분석이다.반면 뱅크오브아메리카는 다른 보고서에서 “내년까지 SK하이닉스 HBM에 대한 미국 고객사들의 수요가 강력하게 이어질 것”이라며 매수 의견을 유지했다. 목표주가로는 36만원을 제시했다. 이 투자은행은 “SK하이닉스가 내년 하반기에 6세대 고대역폭메모리(HBM4) 가격을 내리겠지만 수율(양품 비율)이 안정화돼 결국 마진율엔 차이가 없을 것”이라고 내다봤다.국내 증권사들도 마찬가지다. 김광진 한화투자증권 연구원은 “내년 HBM 시장 경쟁이 심화할 것”이라며 “SK하이닉스 점유율이 줄면서 판매가와 이익률이 낮아질 수 있다”고 강조했다. 반면 손인준 흥국증권 연구원은 “HBM 경쟁 구도가 크게 변한다고 보기엔 이른 시점”이라며 “SK하이닉스는 강한 실적 흐름을 유지할 것”이라고 반박했다.이달 SK하이닉스 투자의견을 새로 제시한 국내 증권사는 12곳이다. 평균 목표주가는 34만2000원이다. 이 중 8곳이 목표가를 올렸다.선한결 기자 always@hankyung.com,https://www.hankyung.com/article/2025072375941,2025.07.23 17:47
"'경영권 불법승계 의혹' 이재용, 5년 만에 무죄 확정 [영상]","대법원, 檢 상고 기각…무죄 선고한 원심판결 확정
삼성 측 ""삼성물산 합병 적법 확인…충실 심리 감사""","영상 모듈 닫기




불법 경영권 승계 의혹으로 재판에 넘겨진 이재용 삼성전자 회장이 17일 무죄를 확정받았다.대법원 3부(주심 오석준 대법관)는 17일 자본시장법상 부정거래행위·시세조종, 업무상 배임 등 혐의로 기소된 이 회장에게 전부 무죄를 선고한 원심판결을 확정했다.2020년 9월 검찰이 이 회장을 기소한 지 4년 10개월 만에 나온 결론이다. 함께 재판에 넘겨진 최지성 전 삼성그룹 미래전략실(미전실) 실장, 김종중 전 미전실 전략팀장, 장충기 전 미전실 차장 등 나머지 피고인 13명에 대해서도 무죄가 확정됐다.대법원은 “원심판결에 필요한 심리를 다하지 않은 채 논리와 경험의 법칙을 위반해 자유심증주의의 한계를 벗어나거나 자본시장법, 외부감사법 등에 관한 법리를 오해하거나 판단을 누락한 잘못이 없다”면서 검찰의 상고를 기각했다.검찰이 확보한 백업 서버, 장충기 전 사장의 휴대전화에서 추출된 문자메시지, 외장하드 등 주요 증거에 증거능력이 없다고 본 2심 판단에 대해서도 “논리와 경험의 법칙을 위반해 자유심증주의의 한계를 벗어나거나 전자정보에 대한 압수수색의 적법성, 재전문증거의 증거능력, 위법수집증거 배제법칙의 예외 등에 관한 법리를 오해한 잘못이 없다”고 판시했다.
                    



일본 출장을 마친 이재용 삼성전자 회장이 지난 4월 9일 강서구 서울김포비즈니스항공센터(SGBAC)를 통해 귀국하고 있는 모습. 연합뉴스

                이 회장은 2015년 삼성물산-제일모직 합병 과정에서 최소 비용으로 경영권을 안정적으로 승계하고, 지배력을 강화할 목적으로 미전실이 추진한 부정거래와 시세조종, 회계 부정 등에 관여한 혐의로 기소됐다. 지난해 2월 1심은 이 회장에게 적용된 19개 혐의 전부에 무죄를 선고했고, 올해 2월 2심은 추가된 공소 사실을 포함한 23개 혐의에 대해 같은 판단을 내렸다.검찰은 항소심 단계에서 회계 기준 위반 혐의 등을 추가하는 등 공소 유지에 총력을 기울였지만, 법원에서 받아들여지지 않았다. 기소 단계에서부터 검찰수사심의위원회는 불기소를 권고했으나 검찰은 이를 무시하고 기소를 강행했다. 다만 2심 판결 이후 형사상고심의위원회에선 과반수가 상고 제기 의견을 냈다.선고 직후 삼성 변호인단은 “대법원의 최종 판단을 통해 삼성물산 합병과 삼성바이오로직스 회계 처리가 적법했다는 점이 분명히 확인됐다”며 “5년에 걸친 충실한 심리를 통해 현명하게 판단해 주신 법원에 진심으로 감사드린다”는 입장을 밝혔다.장서우 기자 suwu@hankyung.com",https://www.hankyung.com/article/202507174459i,2025.07.17 12:10
“AI 반도체 핵심은 ASIC”…삼성전자·이수페타시스 수혜 진단 [진짜 주식 2부],"가상자산법 통과 이후 ‘진짜 수혜 산업’은? ASIC 시장 급성장 전망
AI 반도체 시장 2028년 1,600억 달러 돌파…삼성전자에 구조적 기회","영상 모듈 닫기




지난 7월 18일(금) 방송된 한국경제TV ‘진짜 주식 2부’에서는, 와우넷에서 활동 중인 최수창 전문가(MD컨설팅 대표)가 출연해 가상화폐 관련 법안 통과 이후 시장의 방향성과, 삼성전자를 중심으로 한 AI 반도체 산업의 기회를 집중 조명했다.최수창 전문가는 “최근 미국에서 가상화폐 관련 3대 법안이 통과되며 전 세계 시장이 주목하고 있지만, 단순히 가상화폐 테마를 쫓기보다 그 이면의 진짜 수혜 산업에 주목해야 한다”고 강조했다. 그는 “해당 법안은 AI 반도체, 특히 주문형 반도체(ASIC) 시장 확대에 불을 지폈다”며, “이는 삼성전자에 구조적인 기회가 될 수 있다”고 분석했다.
                    




                특히 그는 “AI 반도체 시장 규모는 2023년 700억 달러에서 2028년 약 1,600억 달러까지 성장할 것으로 보이며, 이 중 ASIC의 점유율이 45%에 달할 전망”이라며, “ASIC은 저전력·고효율이 강점으로, 자율주행·로봇·클라우드뿐 아니라 가상화폐 채굴에도 특화된 솔루션”이라고 설명했다.
                    




                방송에서는 글로벌 트렌드와 국내 수혜주도 함께 언급됐다. 최 전문가는 “브로드컴, 마벨테크놀로지 등 글로벌 반도체 기업들이 ASIC 시장을 선도하고 있으며, 국내에서는 이수페타시스가 PCB 공급 측면에서 주목할 만한 상승세를 보이고 있다”고 밝혔다. 또한 “삼성전자는 최근 AMD, 브로드컴 등 주요 기업에 반도체를 공급하며 ASIC 경쟁력을 확대 중”이라고 덧붙였다.
                    




                끝으로 그는 “삼성전자의 사상 최고가 재돌파는 시간문제이며, 중장기 AI 반도체 산업에서 가장 중요한 투자처가 될 것”이라며, “정장을 사듯 ‘맞춤형 반도체’를 이해하고 투자하는 시야가 필요한 시점”이라고 강조했다.박권민증권에디터 reice@wowtv.co.kr",https://www.hankyung.com/article/2025072112785,2025.07.21 10:40
"코스피, 개인 '팔자' 속 약세…한때 3160선 후퇴",,"18일 서울 중구 하나은행 본점 딜링룸. /사진=연합뉴스

                코스피지수가 장중 약세다. 외국인은 장중 매수 우위로 돌아섰지만 개인은 순매도 중이다.오후 2시1분 현재 코스피지수는 전날 대비 13.22포인트(0.41%) 내린 3179.07에 거래 중이다. 지수는 한때 3169.69까지 밀렸다.개인이 1204억원 매도 우위다. 반면 외국인과 기관은 각각 347억원, 186억원 매수 우위다.대장주인 삼성전자가 0.45% 오르고 있다. 외국인의 순매수세 유입과 전날 이재용 회장에 대한 대법원의 최종 무죄 판결 등이 투자심리를 개선한 것으로 풀이된다. 오후 1시20분 기준 투자자별 매매상위 잠정치에 따르면 외국인은 삼성전자를 608억원어치 사들였다. 외국인 순매수 1위다.LG에너지솔루션(1.42%)과 두산에너빌리티(1.58%), HD현대중공업(1.37%) 등도 강세다. 반면 삼성바이오로직스는 약 1.9% 내림세다. 삼성물산과 삼성생명도 각각 5%, 3%대 내림세다. 외국인이 이날 집중 순매도(잠정 467억원) 중인 SK하이닉스는 0.37% 하락 중이다.코스닥지수는 약보합세다. 지수는 0.49포인트(0.06%) 내린 817.78에 거래되고 있다. 개장 초반 한때 822선까지 올랐다가 이내 약세로 틀어서 810선 위에서 거래 중이다.외국인이 248억원 매도 우위다. 개인과 기관이 각각 186억원, 122억원 매수 우위다.에코프로비엠이 외국인의 강한 순매수 속에서 8%대 강세다. 이날 오후 1시20분 기준 외국인은 삼성전자 다음으로 에코프로비엠(368억원)을 많이 샀다. 에코프로도 3% 넘게 오르고 있다. 반면 HLB와 파마리서치 등은 2%대 약세다.신민경 한경닷컴 기자 radio@hankyung.com",https://www.hankyung.com/article/2025071871156,2025.07.18 14:14
"美 헤리티지재단 창립자 퓰너 별세…""수시로 한국 찾은 지한파""","레이건 대통령 당시 보수 정책 밑그림 그려
트럼프 대통령 집권 이후 '프로젝트 2025' 주도
급진적인 보수 정책으로 비판받기도
김승연 한화 회장, 이재용 삼성 회장 등과 친분","미국 보수 진영의 대표적 싱크탱크인 헤리티지재단 창립자 에드윈 퓰너가 18일(현지시간) 향년 83세로 별세했다.퓰너는 1973년 수도 워싱턴DC에 헤리티지재단을 공동 창립했으며 1977년부터 37년간 최장수 이사장을 역임했다. 작은 정책 연구소로 출발했던 헤리티지재단은 그의 리더십 아래 미국 보수 정책의 밑그림을 그리는 핵심 기구로 성장했다. 뉴욕타임스는 퓰너를 ‘보수주의라는 거대 도시의 파르테논(신전)’이라고 칭하기도 했다.보수 전성기 이끌어헤리티지 재단의 케빈 로버츠 회장과 바브 반 안델-게이비 이사회 의장은 공동 성명에서 “에드 퓰너는 단순한 리더를 넘어, 비전가이자 개척자이며 최고의 애국자였다”며 “그의 흔들림 없는 애국심과, 미국을 역사상 가장 자유롭고 번영한 나라로 만든 원칙을 지키려는 결의는 보수 운동의 모든 결에 녹아 있으며 지금도 그 영향을 미치고 있다”고 추모했다.실제 퓰너는 미국 보수의 전성기를 이끌었던 것으로도 유명하다. 그는 1980년대 로널드 레이건 대통령 집권 시기에 자유 시장 경제, 작은 정부, 개인의 자유, 강력한 국방 등 보수 가치를 전면에 내세웠다. 레이건 대통령은 1989년 퓰너에게 ‘대통령 시민훈장’을 수여하기도 했다.하지만 퓰너의 강경한 보수 정책 노선은 찬사와 비판을 동시에 받고 있기도 하다. 퓰너는 2016년 미국 대선에서 도널드 트럼프 당시 대통령 후보의 정책 자문을 맡았고 이후 대통령직 인수팀에 몸담았다. 헤리티지재단은 2023년 트럼프 재집권을 대비해 차기 보수 정부의 국정과제를 담은 ‘프로젝트 2025’를 발표하기도 했다. 프로젝트 2025는 헤리티지 재단 주도로 10개가 넘는 보수단체가 참여해 만들고 지난해 발표한 정책 제언집이다. 992쪽 분량의 책에는 경제·통상·이민·낙태·외교·안보 등 분야에서 급진적인 보수 정책 요구가 담겼다.트럼프 행정부에 참가했던 인사들이 대거 관여한 프로젝트 2025는 트럼프 전 대통령의 재집권을 염두에 두고 차기 정부의 국정과제를 담고 있지만 지나치게 급진적인 정책들로 인해 민주당의 집중적인 공격을 받기도 했다.보수 교육 강조퓰너는 ‘사람이 곧 정책이다’라는 사명을 강조한 것으로도 유명하다. 새로운 보수 지도자들을 교육하고 격려하며 발굴하는 일을 그만큼 중시했다. 또한 “워싱턴에는 영원한 승리도 패배도 없다”는 말을 남기며 정치에서 어떤 진영도 안주하지도 동시에 좌절하지도 말라는 점을 조언했다.한편 퓰너는 미국 내 대표적인 아시아 전문가이자 지한파로 꼽힌다. 200여차례 한국을 방문했던 퓰너는 국내 정·재계 인사들과도 각별한 친분을 유지했다.고 김대중 전 대통령과는 한미 양국에서 만남을 이어가며 한반도 정세 등에 대한 의견을 교환하는 막역한 사이였다. 2002년 한미 우호 관계 증진에 기여한 공로로 한국 정부로부터 수교훈장 광화장을 받았다.김승연 한화 회장 등과 친분김승연 한화그룹 회장과는 1980년대 초반부터 40년간 친분을 유지해왔으며, 정몽준 아산재단 이사장, 이재용 삼성전자 회장 등과도 오랜 기간 알고 지내왔다.1941년 시카고에서 부동산 회사를 운영하던 부모 밑에서 태어난 퓰너는 레지스대를 졸업한 뒤 펜실베이니아대 와튼스쿨에서 MBA(경영학 석사)를, 스코틀랜드 에든버러대에서 박사 학위를 받았다.미 전략국제문제연구소(CSIS)에서 연구원으로 활동하면서 워싱턴DC의 싱크탱크와 인연을 맺었으며, 이후 멜빈 레이어 전 공화당 하원의원의 보좌관 생활을 하기도 했다.뉴욕=박신영 특파원 nyusos@hankyung.com",https://www.hankyung.com/article/202507209705i,2025.07.20 13:26
"경북도, APEC 2025 KOREA 경제인 행사 성공 개최 총력","APEC CEO Summit 추진위원회 회의 개최, 민·관 협력체계 강화","경상북도는 10월 경주에서 열리는 2025년 아시아태평양경제협력체(APEC) 정상회의 경제인 행사의 성공적인 개최를 위해 대한상공회의소 등 민간과의 협력체계를 바탕으로 본격적인 준비에 박차를 가하고 있다.18일 경주 라한셀렉트에서 개최된 APEC 최고경영자(CEO) 서밋(Summit) 추진위원회 2차 회의에는 최태원 대한상공회의소 회장(2025 APEC CEO 서밋 의장), 김기현 국회 APEC 정상회의 지원 특별위원회 위원장, 양금희 경상북도 경제부지사, CEO 서밋 집행위원 등 30명이 참석해 경제인 행사 준비 현황을 논의하고, 행사 현장을 자세히 점검했다.1월 최태원 대한상공회의소 회장을 추진위원장, 박일준 대한상공회의소 상근부회장을 집행위원장으로 하고, 삼성전자, SK수펙스, 현대자동차 등 국내 10대 그룹과 주요 기업·기관 CEO, 주한외국상의 회장 등이 참여한 APEC CEO 서밋 추진위원회를 출범한 바 있다.정상회의 기간 중 개최되는 주요 경제인 행사는 ▴최고경영자회의(CEO Summit) ▴기업인자문위원회(ABAC) 회의 ▴APEC 정상과 기업인자문위원회(ABAC) 간 대화이며, APEC 회원국 정상 및 글로벌 CEO, 정부 인사 등 총 1700여 명이 참석할 예정이다.경상북도에서는 완벽한 경제인 행사 개최 지원을 위해 기반 시설 정비, 행사 운영 지원, 문화행사 지원 등 총 3개 분야 13개 사업을 지원한다.기반시설 정비사업은 CEO 서밋 주 개최 장소인 경주예술의전당 개보수, 국내 대기업의 K-테크 기술력을 선보이는 전시관인 K-테크 쇼케이스 조성, 경제인 정상회의장(K-라운지) 조성 등을 진행한다.행사 운영 지원사업은 환영 만찬․산업시찰 및 문화관광프로그램 지원, 경제인 수송 지원, 자원봉사 인력 지원, 경제인 현장응급의료센터 설치 및 운영 등을 추진한다.문화행사 지원사업으로 5한(韓) 홍보 문화체험관 운영, K-뷰티 행사지원, 한복 패션쇼, 보문 멀티미디어쇼 특별공연 등을 지원할 계획이다.이 외에도 포항경주공항을 경제인 전용 공항으로 지정하고, 포항 영일만에 크루즈 터미널을 구축하는 등 경주를 방문하는 글로벌 CEO의 편의를 위한 각종 인프라와 시스템을 완벽하게 갖출 예정이다.또한, 경주엑스포대공원 내 광장에 조성되는 ‘2025 APEC 경제 전시장’은 ‘과거와 현재, 대한민국이 이끄는 새로운 미래’라는 주제로 운영되며, 대한민국 산업역사관, 첨단미래산업관(이차전지, 에너지, 반도체, 자동차, 바이오 등), 경북강소기업관, 5한(한복, 한식, 한옥, 한글, 한지)하우스로 구성해 대한민국 산업․기술의 우수성과 경제의 굳건함을 전 세계에 알리고, 역대 최대 세일즈 경북, 세일즈 코리아의 장이 될 것으로 기대한다.9월부터는 경제 APEC의 사전 붐업 및 홍보를 위해 한-APEC 비즈니스 파트너십, APEC 연계 투자환경설명회, 경상북도 투자대회, 2025 경북 국제포럼, 국가기술사업대전 등 다양한 경제행사를 준비하고 있다.양금희 경상북도 경제부지사는 “APEC 정상회의는 경제협력회의인 만큼, 글로벌 CEO가 한자리에 모이는 경제인 행사를 성공적으로 개최하고, 경상북도가 글로벌 경제 교류의 중심지로 도약할 수 있도록 최선을 다하겠다”며 “특히 중앙정부 및 대한상공회의소 등 관계 기관과의 체계적인 협력 기반 위에서 내실 있고, 세계적인 수준의 행사로 치를 수 있도록 속도감 있게 추진할 계획이다”고 밝혔다.오경묵 기자",https://www.hankyung.com/article/202507186800h,2025.07.18 11:15
고금리 이자 폭탄 피하는 법! 증권사 대출 3%대로 줄이기,,"전송종목 : LG디스플레이, 파라다이스, SK, 강원랜드, NAVER최근 주식 투자자들 사이에서 주식대출(미수/신용융자 등)의 고금리에 대한 부담이 커지고 있다.특히 저금리를 적용 받고 싶어도, 기존 대출을 상환하고 다시 주식을 매수해야 하는 번거로운 절차와 자금 조달의 어려움이 발목을 잡고 있다.이런 현실적인 문제를 해결하고자, 무빙스탁이 ‘증권사 신용, 대환자금대출’ 서비스를 전격 출시했다.이 상품은 주식을 매도하지 않고도, 기존의 고금리의 주식대출(미수/신용융자 등)의 3%대의 혁신적인 저금리 증권사로 전환할 수 있도록 상환자금을 제공하는 것이 핵심이다.무빙스탁 관계자는 “현재 증권사 이벤트 금리는 연 3%대 수준으로, 기존 9~10%대 고금리를 적용받는 투자자라면 절감 효과가 상당하다”며, 금리를 5%만 낮추면 “1억원 신용대출 기준으로 연간 약 500만원, 3억원이라면 1,500만원까지도 절약할 수 있다”고 밝혔다.더 놀라운 점은, 현재는 이벤트 기간으로 대환자금대출 신청시 발생하는 이자 비용까지 ‘0원’이라는 사실이다. 대환자금에 대해서 하루의 대출이자도 부담하지 않고 기존 고금리 대출을 저금리로 전환할 수 있어, 고금리 부담에 시달리던 투자자들에게 큰 호응을 얻을 전망이다.이 서비스는 부동산 시장에서 흔히 이용되던 대환대출 개념을 증권시장에 도입한 혁신적인 시도로, 주식 투자자들의 자금 운용에 새로운 대안을 제시할 것으로 기대된다.무빙스탁 ‘증권사 신용, 대환자금대출’의 비용 무료 이벤트는 이벤트 기간 동안 한정적으로 제공되는 만큼, 신용융자를 이용 중인 투자자라면 지금 바로 확인해볼 필요가 있다.★ 장마감 시간이 가까워질수록 문의가 많아 상담이 지연될 수 있습니다.★ 7월 문의하신 고객들이 많이 보유하신 종목으로는 삼성전자, POSCO홀딩스, 셀트리온, 포스코퓨처엠, 에코프로비엠, NAVER, 에코프로, 삼성SDI, LG화학, SK하이닉스, 두산에너빌리티, 카카오, SK이노베이션, LG에너지솔루션, 엘앤에프, 삼천당제약, 현대차, 알테오젠, HPSP, LG전자 등이 있습니다.★ 안내사항과도한 빚은 당신에게 큰 불행을 안겨줄 수 있습니다. 대출 시 신용등급 하락으로 다른 금융거래가 제약받을 수 있습니다. 중개수수료를 요구하거나 받는 것은 불법입니다.상호명: ㈜단비대부 2021-서울영등포-2102(대부업) | TEL: 1544-4886 | 대출금리: 연 20%이내(연체금리는 약정금리+3%p이내, 최대 연 20%이내) | 단, 2021. 7. 7.부터 신규체결, 갱신, 연장되는 계약에 한함 | 채무의 조기상환 조건 및 부대비용 없음. (단, 신용조회비용 및 담보권설정비용 있음), 이자 외 별도로 중개수수료를 요구하거나 수취하는 것은 불법입니다. | 대표이사: 박동원 | 사업자등록번호: 274-86-00231 | 등록기관명칭: 서울 영등포구청(담당부서: 일자리경제과, 02-2670-3420) | 소재지 : 서울 영등포구 여의대방로67길 11, 5층 517호 | 개인정보관리자메일: help@danbifund.co.kr무료상담",https://www.hankyung.com/article/202507223168a,2025.07.22 09:43
"이자 부담은 최소로, 투자 효율은 최대로! 신용대출 3%대 활용법",,"전송종목 : INVENI, 성우하이텍, KG스틸, 풀무원, DS단석최근 주식 투자자들 사이에서 주식대출(미수/신용융자 등)의 고금리에 대한 부담이 커지고 있다.특히 저금리를 적용 받고 싶어도, 기존 대출을 상환하고 다시 주식을 매수해야 하는 번거로운 절차와 자금 조달의 어려움이 발목을 잡고 있다.이런 현실적인 문제를 해결하고자, 무빙스탁이 ‘증권사 신용, 대환자금대출’ 서비스를 전격 출시했다.이 상품은 주식을 매도하지 않고도, 기존의 고금리의 주식대출(미수/신용융자 등)의 3%대의 혁신적인 저금리 증권사로 전환할 수 있도록 상환자금을 제공하는 것이 핵심이다.무빙스탁 관계자는 “현재 증권사 이벤트 금리는 연 3%대 수준으로, 기존 9~10%대 고금리를 적용받는 투자자라면 절감 효과가 상당하다”며, 금리를 5%만 낮추면 “1억원 신용대출 기준으로 연간 약 500만원, 3억원이라면 1,500만원까지도 절약할 수 있다”고 밝혔다.더 놀라운 점은, 현재는 이벤트 기간으로 대환자금대출 신청시 발생하는 이자 비용까지 ‘0원’이라는 사실이다. 대환자금에 대해서 하루의 대출이자도 부담하지 않고 기존 고금리 대출을 저금리로 전환할 수 있어, 고금리 부담에 시달리던 투자자들에게 큰 호응을 얻을 전망이다.이 서비스는 부동산 시장에서 흔히 이용되던 대환대출 개념을 증권시장에 도입한 혁신적인 시도로, 주식 투자자들의 자금 운용에 새로운 대안을 제시할 것으로 기대된다.무빙스탁 ‘증권사 신용, 대환자금대출’의 비용 무료 이벤트는 이벤트 기간 동안 한정적으로 제공되는 만큼, 신용융자를 이용 중인 투자자라면 지금 바로 확인해볼 필요가 있다.★ 장마감 시간이 가까워질수록 문의가 많아 상담이 지연될 수 있습니다.★ 7월 문의하신 고객들이 많이 보유하신 종목으로는 삼성전자, POSCO홀딩스, 셀트리온, 포스코퓨처엠, 에코프로비엠, NAVER, 에코프로, 삼성SDI, LG화학, SK하이닉스, 두산에너빌리티, 카카오, SK이노베이션, LG에너지솔루션, 엘앤에프, 삼천당제약, 현대차, 알테오젠, HPSP, LG전자 등이 있습니다.★ 안내사항과도한 빚은 당신에게 큰 불행을 안겨줄 수 있습니다. 대출 시 신용등급 하락으로 다른 금융거래가 제약받을 수 있습니다. 중개수수료를 요구하거나 받는 것은 불법입니다.상호명: ㈜단비대부 2021-서울영등포-2102(대부업) | TEL: 1544-4886 | 대출금리: 연 20%이내(연체금리는 약정금리+3%p이내, 최대 연 20%이내) | 단, 2021. 7. 7.부터 신규체결, 갱신, 연장되는 계약에 한함 | 채무의 조기상환 조건 및 부대비용 없음. (단, 신용조회비용 및 담보권설정비용 있음), 이자 외 별도로 중개수수료를 요구하거나 수취하는 것은 불법입니다. | 대표이사: 박동원 | 사업자등록번호: 274-86-00231 | 등록기관명칭: 서울 영등포구청(담당부서: 일자리경제과, 02-2670-3420) | 소재지 : 서울 영등포구 여의대방로67길 11, 5층 517호 | 개인정보관리자메일: help@danbifund.co.kr무료상담",https://www.hankyung.com/article/202507111583a,2025.07.11 08:43
"코스피, 외인·기관 '사자'에 3200선 회복…코스닥은 하락",,"사진=연합뉴스

                코스피지수가 21일 장중 외국인과 기관투자자의 매수세에 힘입어 심리적 저항선인 3200선을 회복했다. 다만 국내 주요 기업의 올 2분기 실적 발표를 앞둔 경계감에 상승폭은 다소 제한적인 모습이다.이날 오전 10시49분 현재 코스피지수는 전 거래일보다 17.68포인트(0.55%) 오른 3205.75를 나타내고 있다. 지수는 이날 0.1% 오름세로 출발 후 상승폭을 소폭 확대해 3200선을 재차 회복했다. 유가증권시장에서 외국인과 기관이 각각 4194억원과 1678억원 매수 우위인 반면 개인은 6121억원 매도 우위다. 외국인은 이날을 포함해 8거래일 연속 순매수 기조를 유지하고 있다.지난 주말 미국 증시는 보합권 혼조로 마감했다. 지난 18일(현지시간) 다우존스30산업지수와 S&P500지수는 각각 0.32%와 0.01% 내렸다. 나스닥종합지수는 0.05% 상승했다.코스피 시가총액 상위 종목은 대체로 상승세다. 삼성전자, SK하이닉스, LG에너지솔루션, 한화에어로스페이스, KB금융, 두산에너빌리티, 셀트리온, 네이버 등이 오르는 반면 삼성바이오로직스, 현대차, 기아 등이 내리고 있다.와이지엔터테인먼트(6.01%)와 자회사인 YG PLUS(12.52%)는 강세를 보이고 있다. 걸그룹 블랙핑크의 신곡 '뛰어'가 글로벌 음원 시장에서 인기몰이를 하고 있다는 소식이 영향을 준 것으로 보인다. 같은 시각 코스닥지수는 전 거래일보다 1.18포인트(0.14%) 내린 819.49를 나타내고 있다. 지수는 이날 0.1% 하락 출발 후 보합권에서 등락을 보이고 있다.코스닥시장에서는 외국인과 기관이 각각 169억원과 180억원 매도 우위인 반면 개인이 352억원 매수 우위다.코스닥 시총 상위 종목 중 알테오젠, HLB, 리가켐바이오, 휴젤, 삼천당제약, 리노공업, 코오롱티슈진 등이 내리는 반면 에코프로비엠, 펩트론, 에코프로, 파마리서치, 레인보우로보틱스, 클래시스 등이 오르고 있다.폰트(글꼴) 개발사 산돌은 보통주 1주에 신주 1주를 배정하는 100% 무상증자를 결정했다는 소식 이후 16%대 급등하고 있다.서울 외환시장에서 원·달러 환율은 전장보다 0.9원 내린 1392.1원으로 개장했다.고정삼 한경닷컴 기자 jsk@hankyung.com",https://www.hankyung.com/article/2025072112906,2025.07.21 11:16
"코스피, 등락 끝 상승 마감…방산·바이오 강세",,"15일 서울 중구 하나은행 딜링룸 현황판에 코스피 지수 등이 표시되고 있다. /사진=연합뉴스

코스피지수가 등락 끝에 상승 마감했다.한국거래소에 따르면 15일 코스피지수는 전날 대비 13.25포인트(0.41%) 오른 3215.28에 장을 마쳤다. 지수는 전날보다 7.21포인트(0.23%) 내린 3194.82에 출발한 뒤 등락을 거듭하다가 장 막판 상승세를 굳혔다.한국시간 기준 이날 밤 발표되는 미국의 6월 소비자물가지수(CPI)에 대한 경계감에도 외국인이 2123억원 매수 우위다. 개인과 기관은 각각 3112억원, 208억원 매도 우위다.유가증권시장에서 삼성전자(1.92%)를 비롯해 KB금융(0.93%), 두산에너빌리티(8.47%) 등이 올랐다. 반면 현대차와 기아는 2%대 밀렸다.업종별로는 방산주가 증권사 낙관에 강세다. 풍산이 17% 넘게 급등했고 한화에어로스페이스도 5.08% 올랐다. 풍산홀딩스와 LIG넥스원도 각각 4%, 3%대 오름세다.이날 풍산에 대해 유진투자증권 리서치센터는 보고서를 내고 ""내년과 2027년부터 본격적으로 폴란드 2차 물량 납품이 개시되면서, 풍산을 비롯해 다른 한국 방산업체들의 추가 수주 파이프라인도 기대된다""고 짚었다.일명 '집사 게이트'와 관련해 특별검사팀의 소환 통보를 받은 키움증권과 HS효성, 카카오(카카오모빌리티)도 약세다. HS효성(-3.81%), 카카오(-1.89%), 키움증권(-1.04%) 순으로 낙폭이 컸다.코스닥지수는 13.51포인트(1.69%) 뛴 812.88에 거래를 끝냈다. 지수는 전장보다 0.87포인트(0.11%) 오른 800.24로 출발한 뒤 상승세를 꾸준히 키웠다.외국인이 695억원 매수 우위이고 개인과 기관이 각각 458억원, 169억원 매도 우위다.코스닥시장에서 대장주 알테오젠은 5.39% 뛰었다. 파마리서치(4.59%), 펩트론(22.27%), 레인보우로보틱스(2.62%), 휴젤(3.47%), 에이비엘바이오(10.41%) 등도 크게 올랐다.전날 멕시코 제약사와의 수백억원 규모 공급 계약 사실을 밝힌 케어젠은 전날 급등에 이어 이날도 11% 넘게 올랐다.이날 코스닥시장에 신규 상장한 차량 소프트웨어 업체 아우토크립트의 주가는 공모가(2만2000원) 대비 40.23% 뛴 3만850원에 마감했다. 원·달러 환율은 서울 외환시장에서 오후 3시30분 기준 전장 대비 1원 내린 1380.2원을 기록했다.신민경 한경닷컴 기자 radio@hankyung.com",https://www.hankyung.com/article/2025071596926,2025.07.15 15:49
"연준 독립성 훼손 우려에 금리 급등…""그림자 연준 될 수도""",,"영상 모듈 닫기




<앵커>한국경제산업연구원 김광석 실장과 함께 합니다.실장님 시장이 참 힘이 대단한 것 같아요 양전했습니다.<김광석 실장>네 어제 좀 놀랐다가 또 아침에 조정이 많이 시작됐다가 또 역시 유동성의 힘이 발현되는 거 아닐까 혹은 관세 전쟁의 양상이 좀 완화되는 거 아닐까세계 주요국들과 무역 협상을 해결해 나가는 과정에서 관세율이 조정되는 게 아닐까.여러 가지 세계 경제에 영향을 미치는 관세나 미국 부채 문제나 금리나 여부. 이런 것에 대한 공포감에 치솟았다가 완화됐다가 하는 현상이라고 생각하고 있습니다.<앵커>환율이 여전히 높은 수준인데도 우리 시장이 버텨준단 말이죠.<김광석 실장>네, 기본적으로 여러분들도 많이 주목하고 계시다시피 상법 개정뿐만 아니라 우리나라의 금융 시스템 자체를 선진화해 나가기 위한 그런 제도적 장치들을 추가적으로 보완하고 있기 때문에 돈이 이동하긴 하거든요. 그러니까 돈이 유동성이 쏟아지긴 합니다. 25년 하반기는 유동성이 쏟아지는 장세이긴 해요. 그런데 그 유동성이 어디로 갈 것인가의 문제거든요. 미국으로만 갈 것인가, 한국으로 갈 것인가. 그것을 정하는 과정에서 상대적으로 금융시장의 선진화가 이루어지는 그런 시장으로 돈이 집중하고 있는 모습이라고 생각해 볼 수 있겠습니다.<앵커>사실 오전에 시장이 흔들렸던 이유 중에 하나가 파월 이슈가 좀 있었습니다. 파월 해임 이슈가 시장을 들었다 갔다 했는데 파월이 자진 사임을 하거나 아니면 트럼프가 해임을 시키거나 결국에는 내년 5월까지 임기를 채우기가 어려운 상황이 왔다고 보세요?<김광석 실장>저는 그렇게 보지는 않습니다. 그러니까 그 공포감이었던 거죠. 자꾸 파월을 해임하겠다. 또 파월 입장에서는 사임하겠다. 이런 입장을 표현은 하고 있지만 사실 해임할 수가 없고 사임하지 않을 거라고 생각합니다.왜냐하면 파월 의장이 스스로 사임을 선택한다. 스스로 중앙은행의 독립성을 무시하는 격이 돼요.그건 좋은 전례가 아닙니다. 그러니까 파월의 선배들 있고 많은 후배들이 있고 연준의 많은 동료들이 있는데 그 동료들 보는 앞에서 내가 스스로 독립성을 무시하는 의사결정을 내릴 거다? 저는 그렇게 생각은 안 합니다.그렇기 때문에 그동안에도 계속 논의가 됐었지만 트럼프가 계속 해임하겠다고 표현하는 것. 파월은 사임하지 않겠다고 표현하는 것. 이것은 트럼프의 입장이 정말 통화정책의 메커니즘을 모르고 그렇게 해임하겠다고 하는 것인지. 아니면 정치적으로 거봐라. 나는 통화정책의 메커니즘을 알고 있지만 지금 금리 인하 어렵다는 것도 알고 있으면서 국민들 보라고. 나는 금리 인하를 요구한다. 여러분들 높은 금리에 힘들죠? 그런데 금리 인하 안 하고 있는 건 나 때문에가 아니라 파월 때문이다. 관세 때문이 아니라 금리 때문이 아니라. 정치적인 견해를 계속 주는 겁니다. 정치적인 사인을 계속 주고 있는 것이라고 해석하고 통화정책의 메커니즘상 현재 파월의 대변인처럼 제가 잠깐 말씀드린다면 통화정책의 메커니즘을 알고 있는 사람으로서는 도저히 금리인할 만한 여건이 아닌 거예요. 그렇게 의견을 드리겠습니다.<앵커>지금 트럼프가 파월을 몰아내려고 하는 이유는 말씀하신 것처럼 연준의 기준금리를 낮추는 쪽으로 갔으면 좋겠다는 의견인 건데 시장이 사실 기준금리가 낮아진다고 하면 더 좋아해야 하지 않습니까? 그런데 파워를 끌어내리려고 할 때마다 충격을 받는단 말이죠. 증시가. 이건 어떤 현상이라고 해석을 해야 할까요?<김광석 실장>미국의 신뢰가 무너지고 있다. 한번 생각해 보세요. 미국의 신뢰는 특히 무엇의 신뢰입니까? 미국 달러의 신뢰예요. 미국 달러 자산에 대한 신뢰 혹은 미국 달러 표시 국채에 대한 신뢰예요. 그런데 한번 생각해 보십시오. 달러를 누가 반영합니까? 우리나라에서 원화를 누가 발행하죠? 그 통화의 발행 주체는 중앙은행입니다. 그런데 중앙은행의 가장 핵심적인 법적 지위는 독립성이에요. 그런데 자꾸 트럼프가 내가 해임시키겠다라고 하는 것은 미국이라는 나라에서 달러를 발행하는 주체인 중앙은행에 대해서 독립성을 완전히 무시하는 처사를 하고 있네라고 한다면 세계 많은 투자자들이 봤을 때 미국 달러 표시 자산에 관심이 있을까요? 미국 국채의 신뢰도가 계속 유지될 수 있을까요? 아니죠. 그러니까 미국 달러 표시 자산 혹은 채권에 대한 신뢰도가 자꾸 떨어지는 겁니다.그럼 미국 국채 발행량은 늘어날 것으로 지금 감지하고 있는데 특히 이번에 OBBA 법안이 통과되면서 부채 한도를 증액했죠. 그럼 예를 들면 5조 달러만큼의 국채 발행이 향후 전개될 거라고 볼 수 있겠는데 어마어마한 국채 발행입니다. 그런데 국채 발행은 해도 매수가 일어날 것인가의 문제예요.그런데 미국 달러 표시 채권에 대한 신뢰도가 떨어지니까 발행량은 늘어나고 신뢰도는 뭉개지니까 매수세는 없겠다. 바로 국채 가격이 떨어지고 다른 말로 국채 금리가 치솟는.  그러니까 계속 트럼프가 계속 국채 금리가 치솟는 게 걱정이 되고 금리 인하하길 원한다면 제가 이렇게 말씀을 전해드릴게요. 그 입을 닫으면 돼요.  그 말씀을 안 하시면 국채금리 떨어지고 관세전쟁 이랬다 저랬다 하지 않으면 그러면 지금 진작 금리 인하했을 겁니다.세계 주요국 보세요. 기축통화국이라고 볼 수 있는 스위스. 제로금리 도입했습니다. 스웨덴 2.0%까지 금리 인하했습니다. 유로존이요. 4.5%에서 지금 2.15%를 도입하고 있습니다. 세계적으로 자연스럽게 물가 안정화의 흐름이 나타나다 보니까 자연스럽게 금리 인하를 단행하는 거예요. 우리나라도 올해 연내 금리 인하를 하지 않았습니까 미국만 못하고 있는 거예요. 왜? 관세가 이랬다 저랬다 하고 관세가 물가에 미치는 영향이 어떻게 될지 모르니중앙은행으로서는 금리 인하를 못하는 거죠 이런 것을 본다면 트럼프 행정부의 정책이 만약에 그 관세 전쟁이 내년에 시작됐으면 어땠을까 제가 만약에 백악관 경제 자문이라고 한다면 올해는 아니다. 금리 인하할 여지를 남겨두세요. 그리고 26년에 금리 인하 다 한 후에 관세 전쟁 펼쳐도 괜찮습니다.저는 이랬을 것 같아요.그러니까 지금 관세 때문에 금리 인하도 못하고 금리 인하 못하니까 금리 인하 하라고 하니까 미국 국채 채권에 대한 신뢰도가 떨어지고 계속 지금 난장판인 거죠.<앵커>그 실장님께서 방금 말씀하신 연준의 독립성을 흔드는 일이 사실 트럼프 대통령이 올해 내내 앞으로 계속될 수도 있을 것 같은데 파월이 사임하지 않는다면요. 그랬을 때 이게 생각보다 가볍지 않은 문제일 수도 있는 겁니까?<김광석 실장>가볍지 않은 문제입니다. 이 부분 좀 말씀을 드려보면 어쨌든 제롬 파월 연준 의장의 임기는 5월까지입니다. 법적으로 해임할 수 있는 능력은 없습니다.그리고 역시 파월은 변호사잖아요. 연준 법을 잘 알고 있어요. 그러니까 해임시킬 수도 없고 사임 될 이유가 없다고 판단하고 있습니다. 그리고 실제 해임을 시킨다면 미국 국채 가격은 정말 급락할 수도 있습니다. 그런 일은 있을 수 없다.계속 그때마다 치킨 런 하는 거예요. 여기서 만약에 이 사안 사임시킬 수 없고 해임할 수 없다라고 가정한다면 그 다음 전략은 뭘까요?바로 그림자 연준은행 제도인 거죠. 계속 차기 연준 의장을 미리 선임해놓고 여러분 생각해 보세요. 내년 5월이 임기예요. 그런데 벌써부터 차기 연준 의장 이 사람이야 라고 주목하게 만들고 이 사람은 적극적으로 금리 인하 논자고 오히려 독립성을 지켜나가겠다는 그 발언보다 어쩌면 트럼프의 말을 정확히 받들어서 금리 인하하겠다는 발언 이런 발언을 하는 연준 의장이 차기 연준 의장으로 지목되는 거죠. 그러면서 계속 사임론, 해임론을 제기하면 파월의 파워, 연준 의회 내에서 연준 위원들 사이에서의 의견, 여러분 금리나 합시다, 금리 동결합시다 하는 파월의 의견이 제대로 발현되지 않죠.레임덕을 빨리 찾아오게 만드는 거죠. 그러니까 지금으로서는 해임사임이 아니라 결국 파월의 입지를 좀 줄여놓고 결과적으로는 파월이 아닌 연준 의원들을 좀 설득시켜서 금리 인하론을 좀 더 부추기기 위한 혹은 많은 투표 의사결정자들이 국민 보기에 나는 금리 인하를 그토록 원하는데 파월이 말을 안 듣는 것이다라는 것을 내비치기 위한 욕심 아닌가 이렇게 생각하고 있습니다.<앵커>지금 6월 CPI가 사실 상황을 보면 관세가 물가 상승에 영향을 미치고 있는 것 같거든요. 8월 이후에 아마 물가 상승이 더 심해질 텐데 그러다 보니까 8월 이후에 아무래도 나스닥이 지금 사상 최고치 가다가 그때 되면 고꾸라질 것 같다. 이렇게 보는 시각도 있거든요. 실장님 생각은 어떠세요?<김광석 실장>만약에 물가 상승률이 우리가 생각하지 못하는 수준으로 예를 들어 CPI 기준으로 2.7%가 나왔는데 예를 들어서 3%, 3.5%까지 상승한다. 그러면 금리 인하 가능성은 제로가 됩니다. 연내 금리 인하는 없어지는 겁니다. 오히려 지금의 4.5% 기준 금리가 적정한 금리가 돼버립니다. 그러니까 금리 인하 가능성에 대한 기대가 완전히 무너지는 거죠. 역시 그런 부분도 작용할 수 있겠고요. 두 번째 작용될 만한 것은 부채입니다. 부채 한도를 증액하고 국채를 많이 발행하는 과정에서 상대적으로 국채 매입세가 없는데 매도세, 발행량은 많아지면 국채 가격이 떨어지고 국채 금리가 치솟죠. 국채금리는 치솟고 기준금리 인하 가능성은 없고 그러면 양쪽으로 채권금리, 시중금리가 결정되는 논리가 시장에서 수급 요인으로 결정되고 기준금리에 연동돼서 시장금리를 자극하는 건데 둘 다 금리가 올라갈 수밖에 없는 그러면 자연스럽게 주식시장에서는 굉장히 우려하고 떠나죠.그런 일들이 있을 수 있다, 없다고 가정하기는 어렵고요. 있을 수 있다고 생각하시는 게 좋지 않을까 의견 드립니다<앵커>지금 우리 시장이 계속해서 흔들리는 요인이 대외 불확실성에 있다고 본다면 사실 이 문제는 단기간 해소 되기가 쉽지 않은데요. 관세 문제 또 연준 불확실성 문제 언제까지 이런 것들이 우리 투심을 짓누를 거라고 보세요?<김광석 실장>여러분께 이런 말씀 드리겠습니다. 우리나라 코스피의 흐름을 봤을 때 저점이 어디였습니까? 4월 3일에서 4월 9일 사이에요. 그런데 4월 3일에서 4월 9일이 뭐냐면 상호관세를 발표하고 발효한 날이었어요. 그리고 취소하면서 유예하면서 또 제자리로 찾아가는 거예요. 그런데 이렇게 V자의 그림을 그리는 바닥 구간이 4월 초중순이었단 말이에요. 그런데 이게 다른 나라는 어떨까? 똑같습니다. 다른 나라들도 똑같아요.그런데 다만 오름폭이 좀 강하다. 우리나라의 상법 개정이나 금융시장 선진화나 여러 가지 노력들이 있기 때문에 기울기는 더 높을지 몰라도 그래프의 유형은 똑같습니다. 결과적으로 세계 금융시장을 흔드는 방금 말씀드렸던 미국 경제의 여러 가지 부채 문제나 금리 문제나 인플레 요인 이런 것들이 작용한다면 우리도 기울기는 좀 다를 수 있겠지만 조정을 피하기는 어렵겠다.그래서 지금 위험한 변수들 이런 것을 지켜보는 노력은 필요하겠다 의견 드리겠습니다.<앵커>지금 TSMC에서 방금 전에 2분기 순위 예상치를 상회했다 이런 소식이 전해지고 있는데요. 오늘 SK하이닉스는 지금 굉장히 주가가 크게 조정을 받고 있습니다. 아무래도 HBM 쪽에 내년에 경쟁이 너무 심화될 거다는 우려가 좀 있거든요. HBM 산업을 어떻게 전망을 하십니까?<김광석 실장>HBM 산업 자체가 흔들리는 게 아닙니다. HBM 산업 자체는 앞으로도 무궁무진하게 요구될 겁니다. 지금 공급이 부족한 마당이에요. 그런데 그 HBM을 공급하는 3대 기업이 SK하이닉스, 삼성전자, 마이크론까지예요. 그런데 이들의 경쟁이 더 치열해질 것이라고 보는 거예요. 쉽게 말하면 SK하이닉스가 HBM 시장 중에서도 특히 고부가 가치의 HBM을 거의 점령하고 있다시피 합니다. 특히 엔비디아의 주요 고객사로 하여 납품업체가 되고 있죠.그런데 만약에 삼성전자도 납품업체가 되고 또 마이크론도 시장 지위를 확대해 나가면 당연히 SK하이닉스는 어떤 경쟁력 강화 방안을 선택할까요.두 가지밖에 없어요. 품질을 더 올리거나 혹은 가격을 낮추거나. 이 두 가지입니다. 그래서 가격을 낮출 가능성이 높다라고 현재 평가하고 있습니다.시장이 HBM 시장이 시장은 사이즈는 커지지만 시장 안에 그 공급 기업들끼리 더 경쟁이 강화되다 보니까 HBM을 집중적으로 엔비디아에 공급하고 있는 SK하이닉스 입장에서는 가격을 낮출 수밖에 없고 그렇게 된다면 영업이익이 좀 떨어질 우려가 있겠다라고 골드만삭스가 지적을 했고 그렇게 전망이 시장에 영향을 미치고 있는 것이라고 볼 수 있겠습니다.이근형기자 lgh04@wowtv.co.kr",https://www.hankyung.com/article/2025071749735,2025.07.17 15:26
HBM·DDR5 수요에 실적 기대 올라가는 ‘소부장’...만약 투자금이 부족하다면?,,"엔비디아가 글로벌 상장사 최초로 시가총액 4조달러를 돌파하며 인공지능(AI) 반도체 열풍을 이끄는 가운데, 국내 반도체 소재·부품·장비(소부장) 종목들도 뜨거운 상승세를 보이고 있다. SK하이닉스가 고대역폭메모리(HBM) 시장에서 독보적 지위를 강화하며 사상 최고가를 기록하고, 삼성전자 역시 레거시 반도체 회복 기대감 속 반등 가능성이 제기되면서 반도체 전반에 대한 투자심리가 살아나고 있는 모습이다.국내 반도체주 53개 종목의 시가총액은 한 달 새 5조원 이상 증가했으며, 이오테크닉스·해성디에스를 포함한 다수 소부장 종목들이 20~40%대 주가 상승률을 기록했다. 특히 AI 반도체 수요와 DDR5 전환 흐름, 전통적 성수기 진입 등이 맞물리면서 HBM 관련 장비, D램 패키지 기판 공급 기업 등에 대한 관심이 집중되고 있다. 여기에 외국인과 기관의 순매수세가 강하게 유입되며 상승세에 힘을 더했다.전문가들은 국내 메모리 반도체 산업의 업황 회복세와 더불어 중국 등 글로벌 수요 확대, 주문형 반도체(ASIC) 시장 성장 등을 반도체 소부장 강세의 주요 요인으로 꼽는다. 국내 기업들의 기술력과 고객 다변화 전략이 강화되면서 구조적 성장 기반이 만들어지고 있다는 분석이다. 이와 함께 투자자들은 TSMC와 협력 중인 설계 전문 기업, 중국향 공급 비중이 높은 업체 등으로 포트폴리오를 확대해 나가고 있다.한편, 스탁론에 대한 관심이 날로높아지고 있다. 모처럼 잡은 투자기회를 놓치지 않으려는 투자자들이 주식매입을 위해 더 많은 자금을 활용할 수 있는 스탁론으로 눈길을 돌리고 있기 때문이다. 현 주가는 실적을 따라가지 못하고 있는 상황으로, 밸류에이션 리레이팅이 필요한 시기라는 평가도 나오고 있다.




 

◆ 올뉴스탁론, DSR 무관 상품에 연 4%대 최저금리 상품으로 다양한 선택지를!올뉴스탁론에서 투자자들 누구나 부담 없이 스탁론을 경험할 수 있도록 연 4%대 업계 최저금리로 이용 가능한 증권 연계신용 상품을 출시했다. 주식매입은 물론 증권사 미수/신용 대환 모두 가능하며 신용등급 차등 없이 자기 자본 포함 최대 4배까지 활용할 수 있다.이와 함께 DSR 한도 때문에 기존 스탁론 활용이 어려웠던 투자자들을 위한 DSR 무관 상품도 취급 중이다. 또한 장중 거래가 어려웠던 투자자를 위한 대체거래소(NXT) 거래도 가능해졌다.올뉴스탁론에 대해 자세히 알고 싶은 투자자는 고객상담센터(☎1599-8666)로 연락하면 대출 여부와 무관하게 언제든 전문상담원과 편리하게 상담할 수 있다.○ 보유하고 있는 대출액이나 소득 무관하게! (DSR 무관)○ 최대 4배 주식자금 활용 가능! (본인 자금 포함)○ 대체거래소(NXT) 거래 가능!○ 증권 신용/미수 당일 즉시 대환 가능!○ 기존 증권사 신용, 스탁론으로 매수가 어려웠던 종목도 OK!※ 올뉴스탁론 고객상담센터 : 1599-8666바로가기 : https://allnewstockloan.co.kr?agency=HTS◆ 현 시각 관심종목 Top 10 : 삼성전자, HLB, 카카오, 한화오션, 포스코퓨처엠, 알테오젠, 코리아나, MDS테크, 클로봇, 싸이닉솔루션무료상담",https://www.hankyung.com/article/202507161939a,2025.07.17 11:00
"상장 유지 결정 따른 거래 재개에 ‘숨 고르기’ 끝낸 국일제지, 투자심리 급반등",,"코스닥 상장사 국일제지는 ‘상장 유지’ 판정이 확정된 뒤 거래가 재개된 첫날, 시장의 관심이 집중되며 단숨에 상한가를 기록했다. 이 주가 급등은 기업의 오랜 위기 국면이 마침내 해소된 데 따른 투자 심리의 강한 반응으로 볼 수 있다.국일제지는 2023년 3월 사채 원리금 지급 불이행과 감사의견 ‘계속기업 존속 불확실’로 인해 기업회생절차에 돌입했으며, 거래가 정지된 상태였다. 그러나 올해 회계법인의 감사의견이 ‘적정’으로 변경되며 회생에 필요한 기반이 마련되었고, 지난 7월 18일 한국거래소 기업심사위원회는 최종적으로 상장 유지 결정을 내렸다. 이로써 2년여 만에 금융시장 복귀의 발판을 다졌다.이 같은 긍정적 조치에 시장은 즉각적인 반응을 보였다. 거래 재개 당일 국일제지 주가는 상한가로 직행했으며, 순간적인 수요 집중으로 대규모 거래량이 발생했다. 이는 ‘상장 유지 확정 = 거래 재개’라는 심리적 트리거가 유효하게 작동했다고 평가된다.투자심리 측면에서 이번 주가는 숨 고르기 구간에서 벗어나 회복으로 나아가려는 움직임의 신호탄이라는 해석이 나온다. 실제로 금일 외국인 및 기관의 매수도 포착되며, 시장 참여자들의 시선이 회사의 향후 경영 안정성과 주가 흐름에 몰리고 있다.또한 최대주주인 삼라마이다스는 책임경영 의지를 강화하기 위해 의무보유예수를 선언했다. 거래 재개일로부터 1년간 일부, 3년간 나머지 지분의 매매를 제한함으로써 경영 안정성과 신뢰성을 시장에 직접적으로 어필했다.이러한 일련의 흐름은 단순한 주가 반등을 넘어, 구조적 위기에서 벗어나려는 회사 측의 복구 의지가 반영된 상징적 전환점으로 해석된다. 주가가 상한가로 출발했지만 향후 실적 회복이나 재무 개선 여부 등으로 심리가 순환한다면, 현재의 급등은 초기 반응에 불과할 수 있다. 그러나 분명한 것은, 상장 유지와 거래 재개의 과정이 투자자에게 명확한 모멘텀으로 작용했다는 점이다.삼성전자, SK하이닉스, 두산에너빌리티, 중앙첨단소재, NAVER무료상담",https://www.hankyung.com/article/202507223494a,2025.07.22 09:53
이재용 무죄 확정…10년 사법리스크 종지부,,"영상 모듈 닫기




<앵커>부당합병·회계부정 혐의로 기소된 이재용 삼성전자 회장에게 최종 무죄가 확정됐습니다.지난 10년간 이어진 사법리스크에 종지부를 찍게 됐는데, 경제계도 일제히 환영의 뜻을 밝혔습니다.대법원에 나가있는 취재기자 연결해 들어보겠습니다.성낙윤 기자!<기자>대법원 3부는 오늘(17일) 자본시장법 위반 등 혐의로 기소된 이재용 삼성전자 회장에 대한 상고심에서 무죄를 선고한 원심을 확정했습니다.이 회장이 경영권 승계를 위해 삼성물산과 제일모직 합병 과정에서 각종 부정거래와 회계부정을 저질렀다는 검찰 주장을 받아들이지 않은 겁니다.재판에 넘겨진 지 4년10개월, 2심 선고 5개월 만에 나온 최종 결론입니다.지난해 2월 1심과 올해 2월 2심에서도 재판부는 이 회장에게 무죄를 선고한 바 있습니다.대법원은 ""무죄로 판단한 원심판결에 필요한 심리를 다하지 않은 채 논리와 경험의 법칙을 위반하거나, 자본시장법 등에 관한 법리를 오해한 잘못이 없다""고 판시했습니다.이 회장 변호인단은 입장문을 통해 ""삼성물산 합병과 삼성바이오로직스 회계처리가 적법하다는 점이 분명히 확인됐다""며 ""충실한 심리를 통해 현명하게 판단해 주신 법원에 감사하다""고 밝혔습니다.이 회장은 지난 2016년 박근혜 정부의 '국정농단' 사건에 이어 이번 '불법승계' 의혹까지 총 10년에 걸친 사법리스크에서 완전히 벗어나게 됐습니다.경제계도 일제히 환영의 뜻을 밝혔습니다.대한상공회의소는 논평을 통해 ""첨단산업 글로벌 경쟁이 치열한 상황에서 경영 리스크 해소뿐만 아니라 한국경제 전반에 긍정적인 파급 효과를 가져올 것""이라고 밝혔습니다.한국경제인협회와 한국경영자총협회도 ""한국기업을 대표하는 삼성전자의 역할은 어느 때보다 중요하다""며 ""우리 경제가 당면한 어려움을 극복하는 데 중요한 발판이 될 것""이라고 강조했습니다.<앵커>사법리스크에서 완전히 벗어난 만큼 이재용 회장의 행보에 관심이 모아지는데, 삼성에 어떤 변화가 일어날까요?<기자>이른바 '뉴삼성' 구축을 위한 경영 행보에 탄력이 붙을 전망입니다.이 회장이 반도체 경쟁력 회복, 미래 먹거리 발굴에 집중할 것이란 의미입니다.특히 주력사업인 반도체 부문의 부진을 탈피하는 데 역량을 모을 것으로 보입니다.현재 삼성전자의 메모리 사업은 2분기 기준 D램과 낸드를 포함한 전체 시장에서 SK하이닉스와 1위 자리를 놓고 경쟁 중입니다.파운드리(반도체 위탁생산) 시장에서는 대만 TSMC와의 격차가 더욱 확대되고 있는 실정입니다.2심 선고 이후부터 M&A를 이어온 디지털 헬스케어(젤스), 공조(플랙트), 오디오·전장(마시모 오디오 사업부) 등 분야에서도 시장 선점을 위한 전략을 내놓을 것으로 예상됩니다.또, 트럼프 행정부의 관세 이슈와 글로벌 공급망 재편 등 대외 변수에 대해서도 더욱 유연하게 대처할 수 있을 것이란 기대가 나옵니다.지금까지 대법원에서, 한국경제TV 성낙윤입니다.영상취재 김성오, 영상편집 최연경, CG 김찬주'성낙윤기자 nyseong@wowtv.co.kr",https://www.hankyung.com/article/2025071747625,2025.07.17 14:29
"삼성·LG ""집중호우 피해지역…가전·휴대폰 무상 수리 서비스""",,삼성전자와 LG전자가 20일 “집중호우 피해 지역 주민을 대상으로 가전·휴대폰 무상 수리 등을 지원하는 활동을 시작했다”고 발표했다. 삼성전자서비스는 집중호우로 피해를 본 충남 예산과 아산 일대에 ‘수해 복구 특별 서비스팀’을 파견했다. LG전자도 아산·예산 등에 서비스 거점을 마련하고 서비스 매니저가 제품·제조사에 관계없이 침수 제품을 점검 중이다.황정수 기자 hjs@hankyung.com,https://www.hankyung.com/article/202507209476i,2025.07.20 09:55
더현대서울에 갤럭시 Z 폴드7·플립7 체험공간 마련,,"삼성전자는 갤럭시 Z 폴드7·Z 플립7 출시를 기념해 신제품을 체험할 수 있는 공간인 갤럭시 스튜디오를 더현대 서울 5층에서 운영한다고 13일 밝혔다.갤럭시 스튜디오는 오는 8월 10일까지 운영되며, '삼성 강남'과 '삼성스토어 홍대'에서도 같은 이름의 체험 공간이 열린다.방문객들은 기기에 탑재된 '제미나이 라이브'의 화면 공유 기능을 사용해 주어진 사진 속 정보를 확인하는 'AI 멀티태스킹' 기능을 사용해 보거나 현재 입고 있는 옷차림에 어울리는 액세서리를 추천받을 수 있다.카메라로 촬영한 사진을 확대해 사진 속의 다른 이야기를 찾아 배경과 어울리는 필터를 선택하면 자동으로 개성있는 사진을 완성해주는 마이필터까지 체험해볼 수 있다.현장에는 삼성전자의 스마트워치 '갤럭시 워치8 시리즈' 체험 공간도 마련됐다. 방문객들은 자신에게 적합한 수준의 학습 코칭 프로그램을 확인할 수 있는 '러닝 서베이', 항산화 수치 측정 기능 등을 이용할 수 있다.삼성전자는 고객들에게 새로운 폴더블 스마트폰의 기능을 이해하기 쉽게 전달하고, 몰입감 있는 체험을 돕기 위해 '갤럭시 스튜디오'에서 일 5회 소그룹 '도슨트 AI 클래스'를 운영한다. 갤럭시 Z 폴드7·플립7의 카메라 사용성을 중심으로 진행되는 '카메라 특화 AI 클래스'도 일 5회 운영한다.장소연 삼성전자 한국총괄 부사장은 ""새롭게 오픈한 '갤럭시 스튜디오'는 '갤럭시 Z 폴드7와 플립7'의 얇고 가벼운 디자인, 특화된 AI 기능과 고도화된 카메라 성능 등 새로운 차원으로 진화한 폴더블 스마트폰을 통합적으로 체험할 수 있도록 마련한 공간""이라고 전했다.김채연 기자 why29@hankyung.com",https://www.hankyung.com/article/202507134660i,2025.07.13 10:28
"삼성, 갤럭시에 'AI 헬스코치' 탑재","연내 美서 베타버전 출시
챗봇이 건강 관리 도와줘","삼성전자가 미국에서 올해 안에 삼성헬스 앱을 통해 ‘인공지능(AI) 헬스코치’ 베타 버전을 내놓는다. AI 헬스코치는 삼성헬스 사용자의 건강 데이터를 AI로 분석해 의사로부터 받은 처방을 생활 속에서 잘 이행할 수 있도록 돕는 역할을 한다.박헌수 삼성전자 MX사업부 디지털헬스팀장은 10일(현지시간) 미국 뉴욕 브루클린에서 열린 기자간담회에서 “병원과의 의료체계를 앱, 웨어러블 기기를 통해 항상 연계될 수 있는 환경을 구축하겠다”며 이같이 밝혔다.AI 헬스코치 베타 버전은 삼성헬스 앱에 챗봇 형태로 들어가 사용자와 대화하듯 건강 정보를 알려주는 방식을 취한다. 국내 의료계 반발을 의식해 미국에서 먼저 출시할 예정으로 국내 출시 시기는 아직 정해지지 않았다.박 팀장은 “AI 헬스코치는 진단과 치료의 영역은 아니고, 건강에 경고 신호가 발생하면 알려주는 것”이라며 “헬스 기능은 무료로 지원하되 기업 간 거래(B2B) 시장에서 다양한 사업 모델을 만들 수 있다”고 말했다.수익화 모델과 관련해선 삼성전자가 지난 7일 인수한 디지털 헬스 플랫폼인 ‘젤스’가 역할을 할 것으로 알려졌다. 간담회에 앞서 열린 테크 포럼에 함께한 마이클 맥쉐리 젤스 최고경영자(CEO)는 “10년 전에는 종이에 약을 처방받았지만 지금은 98%가 전자 처방으로 바뀌었다”며 디지털 헬스 관련 데이터를 연결하는 인프라가 필요하다는 점을 강조했다.뉴욕=박신영 특파원 nyusos@hankyung.com",https://www.hankyung.com/article/2025071134031,2025.07.11 17:55
등기이사 복귀·컨트롤타워 재건…이재용 '경영시계' 속도 붙나,"당분간 '정중동 행보' 관측  

원포인트 사장단 인사 가능성
위기 돌파 위해 물밑 지원할 듯","사진=연합뉴스

                이재용 삼성전자 회장이 사법 리스크에서 완전히 벗어나면서 삼성의 경영 컨트롤타워에 변화가 있을지에 재계의 관심이 집중되고 있다.





                가장 관심을 끄는 건 이 회장의 삼성전자 등기이사 복귀 여부다. 반도체 등 주력 사업 부진과 중국의 추격, 미국의 관세 폭탄 등 ‘삼중고’ 여파로 삼성의 위상이 예전만 못한 만큼 총수가 이사회에 들어가 책임 경영에 나서야 한다는 목소리가 높아지고 있다. 이 회장은 2019년 10월 등기이사 임기가 만료된 이후 5년9개월째 미등기 임원으로 삼성전자 경영을 살피고 있다. 국내 4대 그룹 총수 중 미등기 임원은 이 회장이 유일하다.재계에선 이 회장이 당장 이사회에 복귀하기보다는 당분간 ‘정중동’ 행보를 이어갈 가능성이 크다는 관측을 내놓는다. 임시 주주총회를 열어야 하는 등 번거로운 작업을 거쳐야 하기 때문이다. 업계 관계자는 “이 회장은 삼성 총수로서 경영 전반을 살펴왔다”며 “위기 돌파를 위해 물밑에서 임직원을 독려하면서 필요할 때 대외 행보를 할 것으로 보인다”고 말했다.이 회장이 분위기 쇄신을 위해 원포인트 사장단 인사를 단행할 가능성도 거론된다. 이 회장은 지난 3월 전 계열사 임원을 대상으로 한 세미나에서 ‘특급 인재 확보’와 ‘기술 초격차 전략 재가동’을 지시하면서 수시 인사 필요성을 제기했다. 이를 전후해 최원준 모바일경험(MX)개발실장을 사장으로 승진시키고, 디바이스경험(DX)부문에 글로벌 디자인 전문가 마우로 포르치니 사장을 영입했다. 재계에선 반도체 부문 등에서 사장단 원포인트 인사가 이뤄질 가능성을 점친다.컨트롤타워 부활 가능성도 있다. 거대 그룹인 삼성을 일사불란하게 지휘하려면 컨트롤타워 몸집을 불려야 한다는 의견이 삼성 안팎에서 꾸준히 나와서다. 삼성 서울 서초사옥에 기획·전략에 주력하는 사업지원태스크포스(TF) 외에 대외협력, 인사, 홍보 조직이 집결해 옛 미래전략실 기능이 어느 정도 복원됐다. 하지만 인력과 조직 규모는 과거 미래전략실보다 훨씬 작은 것으로 알려졌다.산업계 관계자는 “지금 삼성에는 미래 신사업을 발굴하고 계열사 간 중복 사업을 정리하는 등 그룹 컨트롤타워 역할이 그 어느 때보다 필요하다”며 “사업지원TF를 확대하는 방식이 되든 새로운 형태로 만들든 그룹 컨트롤타워를 강화할 가능성이 크다”고 말했다.김채연 기자 why29@hankyung.com",https://www.hankyung.com/article/2025071754311,2025.07.17 17:49
이자 부담 최소화! 증권사 신용대출 3%대로 바꾸는 절호의 기회,,"전송종목 : 코스맥스, HK이노엔, HL만도, 삼성바이오로직스, LS에코에너지최근 주식 투자자들 사이에서 주식대출(미수/신용융자 등)의 고금리에 대한 부담이 커지고 있다.특히 저금리를 적용 받고 싶어도, 기존 대출을 상환하고 다시 주식을 매수해야 하는 번거로운 절차와 자금 조달의 어려움이 발목을 잡고 있다.이런 현실적인 문제를 해결하고자, 무빙스탁이 ‘증권사 신용, 대환자금대출’ 서비스를 전격 출시했다.이 상품은 주식을 매도하지 않고도, 기존의 고금리의 주식대출(미수/신용융자 등)의 3%대의 혁신적인 저금리 증권사로 전환할 수 있도록 상환자금을 제공하는 것이 핵심이다.무빙스탁 관계자는 “현재 증권사 이벤트 금리는 연 3%대 수준으로, 기존 9~10%대 고금리를 적용받는 투자자라면 절감 효과가 상당하다”며, 금리를 5%만 낮추면 “1억원 신용대출 기준으로 연간 약 500만원, 3억원이라면 1,500만원까지도 절약할 수 있다”고 밝혔다.더 놀라운 점은, 현재는 이벤트 기간으로 대환자금대출 신청시 발생하는 이자 비용까지 ‘0원’이라는 사실이다. 대환자금에 대해서 하루의 대출이자도 부담하지 않고 기존 고금리 대출을 저금리로 전환할 수 있어, 고금리 부담에 시달리던 투자자들에게 큰 호응을 얻을 전망이다.이 서비스는 부동산 시장에서 흔히 이용되던 대환대출 개념을 증권시장에 도입한 혁신적인 시도로, 주식 투자자들의 자금 운용에 새로운 대안을 제시할 것으로 기대된다.무빙스탁 ‘증권사 신용, 대환자금대출’의 비용 무료 이벤트는 이벤트 기간 동안 한정적으로 제공되는 만큼, 신용융자를 이용 중인 투자자라면 지금 바로 확인해볼 필요가 있다.★ 장마감 시간이 가까워질수록 문의가 많아 상담이 지연될 수 있습니다.★ 7월 문의하신 고객들이 많이 보유하신 종목으로는 삼성전자, POSCO홀딩스, 셀트리온, 포스코퓨처엠, 에코프로비엠, NAVER, 에코프로, 삼성SDI, LG화학, SK하이닉스, 두산에너빌리티, 카카오, SK이노베이션, LG에너지솔루션, 엘앤에프, 삼천당제약, 현대차, 알테오젠, HPSP, LG전자 등이 있습니다.★ 안내사항과도한 빚은 당신에게 큰 불행을 안겨줄 수 있습니다. 대출 시 신용등급 하락으로 다른 금융거래가 제약받을 수 있습니다. 중개수수료를 요구하거나 받는 것은 불법입니다.상호명: ㈜단비대부 2021-서울영등포-2102(대부업) | TEL: 1544-4886 | 대출금리: 연 20%이내(연체금리는 약정금리+3%p이내, 최대 연 20%이내) | 단, 2021. 7. 7.부터 신규체결, 갱신, 연장되는 계약에 한함 | 채무의 조기상환 조건 및 부대비용 없음. (단, 신용조회비용 및 담보권설정비용 있음), 이자 외 별도로 중개수수료를 요구하거나 수취하는 것은 불법입니다. | 대표이사: 박동원 | 사업자등록번호: 274-86-00231 | 등록기관명칭: 서울 영등포구청(담당부서: 일자리경제과, 02-2670-3420) | 소재지 : 서울 영등포구 여의대방로67길 11, 5층 517호 | 개인정보관리자메일: help@danbifund.co.kr무료상담",https://www.hankyung.com/article/202507235746a,2025.07.23 13:08
신용대출 이자 절감 꿀팁! 증권사 3%대 대출 전환법 공개,,"전송종목 : SOOP, 멀티캠퍼스, 하나마이크론, 다원시스, 셀트리온제약최근 주식 투자자들 사이에서 주식대출(미수/신용융자 등)의 고금리에 대한 부담이 커지고 있다.특히 저금리를 적용 받고 싶어도, 기존 대출을 상환하고 다시 주식을 매수해야 하는 번거로운 절차와 자금 조달의 어려움이 발목을 잡고 있다.이런 현실적인 문제를 해결하고자, 무빙스탁이 ‘증권사 신용, 대환자금대출’ 서비스를 전격 출시했다.이 상품은 주식을 매도하지 않고도, 기존의 고금리의 주식대출(미수/신용융자 등)의 3%대의 혁신적인 저금리 증권사로 전환할 수 있도록 상환자금을 제공하는 것이 핵심이다.무빙스탁 관계자는 “현재 증권사 이벤트 금리는 연 3%대 수준으로, 기존 9~10%대 고금리를 적용받는 투자자라면 절감 효과가 상당하다”며, 금리를 5%만 낮추면 “1억원 신용대출 기준으로 연간 약 500만원, 3억원이라면 1,500만원까지도 절약할 수 있다”고 밝혔다.더 놀라운 점은, 현재는 이벤트 기간으로 대환자금대출 신청시 발생하는 이자 비용까지 ‘0원’이라는 사실이다. 대환자금에 대해서 하루의 대출이자도 부담하지 않고 기존 고금리 대출을 저금리로 전환할 수 있어, 고금리 부담에 시달리던 투자자들에게 큰 호응을 얻을 전망이다.이 서비스는 부동산 시장에서 흔히 이용되던 대환대출 개념을 증권시장에 도입한 혁신적인 시도로, 주식 투자자들의 자금 운용에 새로운 대안을 제시할 것으로 기대된다.무빙스탁 ‘증권사 신용, 대환자금대출’의 비용 무료 이벤트는 이벤트 기간 동안 한정적으로 제공되는 만큼, 신용융자를 이용 중인 투자자라면 지금 바로 확인해볼 필요가 있다.★ 장마감 시간이 가까워질수록 문의가 많아 상담이 지연될 수 있습니다.★ 7월 문의하신 고객들이 많이 보유하신 종목으로는 삼성전자, POSCO홀딩스, 셀트리온, 포스코퓨처엠, 에코프로비엠, NAVER, 에코프로, 삼성SDI, LG화학, SK하이닉스, 두산에너빌리티, 카카오, SK이노베이션, LG에너지솔루션, 엘앤에프, 삼천당제약, 현대차, 알테오젠, HPSP, LG전자 등이 있습니다.★ 안내사항과도한 빚은 당신에게 큰 불행을 안겨줄 수 있습니다. 대출 시 신용등급 하락으로 다른 금융거래가 제약받을 수 있습니다. 중개수수료를 요구하거나 받는 것은 불법입니다.상호명: ㈜단비대부 2021-서울영등포-2102(대부업) | TEL: 1544-4886 | 대출금리: 연 20%이내(연체금리는 약정금리+3%p이내, 최대 연 20%이내) | 단, 2021. 7. 7.부터 신규체결, 갱신, 연장되는 계약에 한함 | 채무의 조기상환 조건 및 부대비용 없음. (단, 신용조회비용 및 담보권설정비용 있음), 이자 외 별도로 중개수수료를 요구하거나 수취하는 것은 불법입니다. | 대표이사: 박동원 | 사업자등록번호: 274-86-00231 | 등록기관명칭: 서울 영등포구청(담당부서: 일자리경제과, 02-2670-3420) | 소재지 : 서울 영등포구 여의대방로67길 11, 5층 517호 | 개인정보관리자메일: help@danbifund.co.kr무료상담",https://www.hankyung.com/article/202507158093a,2025.07.15 09:43
'재판만 100차례'…이재용 '9년 사법 족쇄' 드디어 풀렸다,"대법, 이재용 부당합병 등 '무죄'
국민연금 손배 소송도 변수 예상
사법 리스크 해소에 '뉴삼성' 속도","영상 모듈 닫기




이재용 삼성전자 회장(사진)이 10년 가까이 짊어지고 있던 '사법 리스크'를 훌훌 털어냈다. 대법원이 부당합병·회계 부정 혐의로 재판에 넘겨진 이 회장에게 1·2심과 마찬가지로 무죄 판단을 유지하면서다.17일 법조계에 따르면 대법원 3부(주심 오석준 대법관)는 이날 오전 자본시장법 위반 혐의로 재판에 넘겨진 이 회장에게 검찰 측 상고를 기각하고 무죄를 확정했다. 
                    



사진=연합뉴스

                이 회장은 2015년 안정적 경영권 승계와 그룹 지배력 강화를 목적으로 사내 미래전략실(미전실) 주도 하에 삼성물산·제일모직 합병에 부당하게 관여한 혐의를 받아왔다. 검찰은 이 회장이 자본시장법을 위반했다고 보고 2020년 9월 재판에 넘겼다. 하지만 1~2심은 이 회장을 비롯해 최지성 전 삼성그룹 미전실 실장, 장충기 전 미전실 차장 등 14명에게 무죄를 선고했다. 2심은 이 회장이 경영권을 안정적으로 승계하기 위해 부정거래·회계 부정을 저질렀다는 혐의를 무죄로 봤다. 부정거래 행위에 대해선 이 회장 등이 부당하게 관여했다는 검찰 측 주장을 받아들이지 않았고 회계 부정과 관련해서도 회사 측 재무제표 처리가 재량을 벗어나지 않은 것으로 판단했다. 삼성바이오 허위 공시·부정 회계 혐의도 부정했다. 삼성바이오가 삼성바이오에피스에 대한 단독 지배력을 보유하는 것처럼 오인하게 만들고 지배력이 변경되지 않는 듯 가장했다는 검찰 측 주장을 인정하지 않았다. 대법원 판단은 국민연금공단이 이 회장 등을 상대로 낸 손해배상 청구 소송에도 변수가 될 것으로 보인다. 국민연금은 앞서 삼성물산·제일모직 합병으로 손해를 봤다면서 지난해 9월 5억1000만원을 배상하라는 취지의 소송을 냈다. 법원은 이 사건 첫 변론기일을 부당합병·회계 부정 관련 대법원 선고 이후로 미뤄둔 상태다. 앞서 법조계 일각에선 이 회장이 무죄 선고를 받게 될 경우 법원이 국민연금의 손해액을 청구 금액보다 낮게 볼 가능성이 크다는 관측이 나오기도 했다.  이 회장은 이날 판결로 10년 가까이 털어내지 못했던 사법 리스크를 해소하게 됐다. 그는 1~2심 재판이 진행되는 동안 총 100차례에 걸쳐 법원에 출석했다.2020년 부당합병 등의 혐의로 재판에 넘겨지기 전인 2017년 2월엔 박근혜 정부 국정농단 사건으로 구속 기소돼 징역 2년6개월의 실형을 선고받기도 했다. 이번 무죄 선고에 따라 이 회장의 '뉴삼성' 구축을 위한 행보도 한층 탄력을 받을 전망이다. 경영계에선 이번 판결을 놓고 ""매우 다행스럽다""는 반응이 나왔다. 이상철 한국경영자총협회(경총) 홍보실장은 ""AI, 반도체 등 첨단기술의 글로벌 경쟁이 갈수록 치열해지고, 미국발 관세문제, 저성장 고착화 등 수많은 난제들이 산적한 상황에서 한국 기업을 대표하는 삼성전자의 역할은 어느 때보다 중요한 상황""이라며 ""앞으로 삼성전자는 이 회장의 강력한 리더십을 중심으로 보다 적극적인 투자와 기술혁신을 통해 세계시장에서 우위를 확보하고 새로운 성장동력 발굴과 더 많은 일자리 창출로 우리 경제 재도약의 기틀을 마련하는 데 최선을 다해주길 바란다""고 했다.김대영 한경닷컴 기자 kdy@hankyung.com",https://www.hankyung.com/article/202507174045g,2025.07.17 11:34
"SK하이닉스, AI 메모리 힘입어 실적·주가 동반 강세 지속",,"SK하이닉스가 최근 AI 수요 호조와 HBM(고대역폭 메모리) 시장 지배력을 바탕으로 주가 강세 흐름을 유지하고 있다. 증권업계에서는 글로벌 메모리 업황 회복 속에서 SK하이닉스가 현대판 퍼포먼스 리더 중 하나란 평가가 나온다.1분기 실적 발표에서 매출과 영업이익이 역대 두 번째 기록 수준으로 호조를 보였으며, 영업이익률도 탄탄한 흐름을 이어갔다. 특히 AI 서버 수요 확대로 HBM3E 등 고부가 제품 비중이 크게 확대된 점이 실적을 견인했다.시장 조사기관에 따르면 SK하이닉스는 글로벌 DRAM 점유율에서 선두 자리를 꿰찼으며, HBM 시장에서도 절반에 달하는 비중을 확보한 것으로 파악된다. 이는 삼성전자의 실적 둔화와 대비되며, 차별적 경쟁 우위로 받아들여진다.주가 역시 강한 랠리 후에도 추가 상승 여력을 인정받고 있다. 최근 글로벌 반도체 업종 내에서 SK하이닉스 주가는 업계 평균을 웃도는 흐름을 보였고, 일부 증권사는 목표주가를 상향하며 매수 의견을 강화했다.다만 증권업계에서는 미·중 무역 리스크, 미국의 수출 규제 가능성, 단기 수요 사이클 둔화 등이 향후 주요 변수로 꼽히고 있다. 특히 일부 고객의 재고 선매입 현상이 2분기 수요 변동성을 키울 수 있다는 우려도 제기된다.삼성증권, LG생활건강, 실리콘투, 기업은행, 카카오뱅크무료상담",https://www.hankyung.com/article/202507146132a,2025.07.14 13:03
"신성이엔지, 클린룸 초고효율화 기술개발 223억원 정부과제 주관 선정","클린룸 에너지 20% 절감 도전... 탄소중립 핵심기술 확보
혁신기술 실증 통해 글로벌 클린룸 시장 주도권 확보 목표","클린룸 전문기업 신성이엔지는 산업통상자원부와 한국에너지평가기술원이 지원하는 '2025년도 에너지 수요관리 핵심기술개발사업'의 '산업용 고청정 설비 초고효율화 기술개발 및 실증' 과제에 주관기관으로 선정되었다고 11일 밝혔다. 이번 사업은 총 223억원 규모로, 올해 4월부터 2028년 12월까지 3년 9개월간 추진된다. 목표는 반도체 및 디스플레이 클린룸 내 공기조화 및 에너지 관리 계통의 에너지 사용량을 20% 이상 절감하는 것이다. 프로젝트에는 신성이엔지를 비롯해 삼성전자, 한국기계연구원, 한국전자기술연구원, 태양전기, 젬백스앤카엘, 코리아에어텍, 에어랩, 한국공기청정협회, 성균관대학교, 고려대학교, 중앙대학교, 부경대학교 등 산·학·연 총 13개 기관이 참여해 기술개발 및 현장 실증을 공동 수행한다. 프로젝트의 총괄 연구책임자인 신성이엔지 김동권 전무는 약 30년간 클린룸 공조시스템과 에너지 절감 분야에서 다수의 연구개발 및 산업 프로젝트를 이끌어온 전문가다. 이번 R&D과제의 주요 과업은 △외조기 운전 에너지 절감 △주요 열관리 계통 에너지 절감 △클린룸 운전 에너지 절감 △5,000시간 이상의 실증 등으로 구성된다. 신성이엔지는 클린룸 분야에서 축적된 독자적 설계 기술과 초정밀 제어 역량을 바탕으로 반도체·디스플레이 산업의 핵심 인프라를 이끄는 '초격차 기술기업'으로 자리매김해왔다. 1970년대 말부터 국내 반도체 산업과 함께 성장해온 신성이엔지는 최근 나노 단위의 청정도와 에너지 효율을 동시에 만족시키는 고도화된 시스템을 선도적으로 개발하고 있다. 이번 정부 과제를 통해 신성이엔지는 고청정 설비와 에너지 절감 기술에서의 초격차를 더욱 확장하고, 글로벌 클린룸 시장에서 기술 경쟁력을 강화해 차세대 반도체 산업 발전에 중추적 역할을 지속해 나갈 계획이다. 회사 관계자는 ""이번 과제를 통해 첨단 산업 클린룸의 에너지 효율을 획기적으로 향상시키고, 나아가 탄소중립과 국내 클린룸 산업의 글로벌 경쟁력 강화에 기여하겠다""며 ""성공적인 과제 수행을 통해 고청정 설비 기술의 새로운 이정표를 세울 것""이라고 밝혔다.",https://www.hankyung.com/article/202507111938P,2025.07.11 09:28
"이 대통령, 이재용 회장과 만찬…대미투자 논의",,"영상 모듈 닫기




[앵커]한미 관세 협상이 난항을 겪는 가운데 대통령실도 정확한 상황 파악과 향후 대응책 마련에 분주한 모습입니다.상호관세 부과일까지 시간이 많지 않은 상황에서 국익 극대화 방안을 모색하기 위해 신중하게 접근하겠다는 입장입니다.자세한 내용 대통령실 취재기자 연결합니다. 유오성 기자, 2+2 통상 회담이 돌연 취소되면서 대통령실의 고심이 깊어지고 있죠.[기자]네 대통령실 관계자는 2+2 통상 회담이 갑작스레 취소된 것과 관련해 ""협상이 진행 중인 만큼 일단 상황을 지켜봐야 한다""고만 밝혔습니다.지난 20일 출국해 오늘 오후 귀국하는 위성락 국가안보실장도 별도의 브리핑을 하지 않을 가능성이 크다는 게 대통령실 설명입니다. 한미간 관세 협상이 중대한 국면에 접어든 만큼 협상의 세부 내용에 대해 최대한 보안을 지키겠다는 판단을 한 것으로 풀이됩니다.다만 대통령실의 이같은 신중한 대응이, 일각에서 제기된 위 실장의 가시적 성과 없는 귀국 가능성과 무관하지 않다는 관측도 나왔는데요.이에 대해 대통령실은 방금 전 서면 브리핑을 통해 ""위성락 안보실장과 루비오 국가안보보좌관의 면담은 트럼프 대통령의 긴급 호출로 불발됐지만, 유선 협의로 대체됐다""며 ""양측은 향후에도 긴밀히 소통하기로 했다고 밝혔습니다.[앵커]앞서 일본 정부는 미국에 5500억 달러를 투자하는 조건으로 상호관세를 낮췄잖아요. 우리 정부도 미국 측 요구에 부합하는 수준의 협상 패키지를 제시해야 할텐데요. 국내 대기업과 투자계획 조율에 나서고 있죠? [기자]한국 정부는 관세 협상을 앞두고 삼성 등 4대 그룹을 중심으로 현지 투자 계획을 마련하고 있는 것으로 파악됩니다.현재까지 이들 기업이 약속한 투자 금액은 1천억 달러(약 137조 원)에 달하는 것으로 집계됩니다.이는 일본이 최근 미국 측에 제안한 투자 금액에 비해서는 적은 수준이지만, 한일 경제 규모 격차를 고려한다면 적지 않은 금액이라는 평가입니다.또 이번 투자액은 기업들의 순수 투자계획에 기반한 것으로 정부 조달자금까지 더해질 경우 제안 금액은 더 늘어날 가능성이 높습니다.이런 가운데 이재명 대통령은 오늘 저녁 이재용 삼성전자 회장과 만찬 회동을 가질 예정입니다.한미 관세 협상이 교착 상태에 빠진 상황에서 대미 투자전략 등에 대한 이야기가 오갈 것으로 예상됩니다.아울러 정부는 미국과의 관세 협상을 마친 일본처럼 대미 투자 펀드를 조성하는 방안도 검토 중인 것으로 알려졌습니다.지금까지 용산 대통령실에서 한국경제TV 유오성입니다.유오성기자 osyou@wowtv.co.kr",https://www.hankyung.com/article/2025072404435,2025.07.24 17:38
美보수 헤리티지재단 창립자 퓰너 별세…韓과도 각별한 인연,,"대표적 아시아 전문가·지한파…2002년 우리 정부 훈장 받아  김대중·이재용 등과 친분…재단 ""비전가이자 진정한 애국자"" 
                    




                 미국 보수 진영의 대표적 싱크탱크인 헤리티지 재단의 창립자 에드윈 퓰너가 83세를 일기로 별세했다고 재단이 18일(현지시간) 밝혔다.  고인은 1973년 수도 워싱턴DC에 헤리티지재단을 공동 창립했으며 1977년부터 37년간 최장수 이사장을 역임하며 보수 가치를 정책으로 구현하는 데 힘을 쏟았다.  작은 정책 연구소로 출발했던 헤리티지재단은 그의 리더십 아래 미국 보수 정책의 밑그림을 그리는 핵심 기구로 성장했다.  뉴욕타임스는 퓰너를 '보수주의라는 거대 도시의 파르테논(신전)'이라고 칭하기도 했다.  특히 재단은 1980년대 로널드 레이건 대통령 집권 시기에 자유 시장 경제, 작은 정부, 개인의 자유, 강력한 국방 등 보수 가치를 전면에 내세워 미국 보수의 전성기를 이끌었다.  레이건은 1989년 퓰너에게 '대통령 시민훈장'을 수여했다.  2016년 대선 과정에서는 도널드 트럼프 당시 대통령 후보의 정책 자문을 맡았으며 이후 대통령직 인수팀에 몸담았다.  재단은 2023년 트럼프 재집권을 대비해 차기 보수 정부의 국정과제를 담은 '프로젝트 2025'를 발표하기도 했다.





                    미국에서 가장 영향력 있는 보수 인사 중 한 명으로 꼽히는 퓰너는 미국 내 대표적인 아시아 전문가이자 지한파(知韓派) 인사이기도 하다.  200여차례 한국을 방문했던 퓰너는 국내 정·재계 인사들과도 각별한 친분을 유지했다.  고(故) 김대중 전 대통령과는 한미 양국에서 만남을 이어가며 한반도 정세 등에 대한 의견을 교환하는 막역한 사이였다.  2002년 한미 우호관계 증진에 기여한 공로로 한국 정부로부터 수교훈장 광화장을 받았다.  김승연 한화그룹 회장과는 1980년대 초반부터 40년간 친분을 유지해왔으며, 정몽준 아산재단 이사장, 이재용 삼성전자 회장 등과도 친분이 있다.





                    1941년 시카고에서 부동산 회사를 운영하던 부모 밑에서 태어난 퓰너는 레지스대를 졸업한 뒤 펜실베이니아대 와튼스쿨에서 MBA(경영학 석사)를, 스코틀랜드 에든버러대에서 박사 학위를 받았다.  미 전략국제문제연구소(CSIS)에서 연구원으로 활동하면서 워싱턴DC의 싱크탱크와 인연을 맺었으며, 이후 멜빈 레이어 전 공화당 하원의원의 보좌관 생활을 하다가 1973년 창립 멤버로 헤리티지재단에 몸담았다.  퓰너는 '사람이 곧 정책'이라는 좌우명 아래 보수 진영의 인재 양성에도 열정적으로 나섰다.  또 ""워싱턴에는 영원한 승리도, 영원한 패배도 없다""며 보수 진영에 결코 안주하거나 낙담하지 말라는 메시지를 남겼다.  재단은 이날 성명에서 ""그는 단순한 지도자를 넘어, 비전가이자 건설자, 진정한 애국자였다""며 ""미국을 인류 역사상 가장 자유롭고 번영한 국가로 만든 원칙을 수호하려는 그의 의지는 보수주의 운동의 모든 근간을 형성했으며, 지금도 이어지고 있다""고 밝혔다.  /연합뉴스",https://www.hankyung.com/article/202507198915Y,2025.07.19 17:41
"이자 부담은 최소로, 투자 효율은 최대로! 신용대출 3%대 활용법",,"전송종목 : 삼성중공업, HD현대미포, S-Oil, LG이노텍, 롯데케미칼최근 주식 투자자들 사이에서 주식대출(미수/신용융자 등)의 고금리에 대한 부담이 커지고 있다.특히 저금리를 적용 받고 싶어도, 기존 대출을 상환하고 다시 주식을 매수해야 하는 번거로운 절차와 자금 조달의 어려움이 발목을 잡고 있다.이런 현실적인 문제를 해결하고자, 무빙스탁이 ‘증권사 신용, 대환자금대출’ 서비스를 전격 출시했다.이 상품은 주식을 매도하지 않고도, 기존의 고금리의 주식대출(미수/신용융자 등)의 3%대의 혁신적인 저금리 증권사로 전환할 수 있도록 상환자금을 제공하는 것이 핵심이다.무빙스탁 관계자는 “현재 증권사 이벤트 금리는 연 3%대 수준으로, 기존 9~10%대 고금리를 적용받는 투자자라면 절감 효과가 상당하다”며, 금리를 5%만 낮추면 “1억원 신용대출 기준으로 연간 약 500만원, 3억원이라면 1,500만원까지도 절약할 수 있다”고 밝혔다.더 놀라운 점은, 현재는 이벤트 기간으로 대환자금대출 신청시 발생하는 이자 비용까지 ‘0원’이라는 사실이다. 대환자금에 대해서 하루의 대출이자도 부담하지 않고 기존 고금리 대출을 저금리로 전환할 수 있어, 고금리 부담에 시달리던 투자자들에게 큰 호응을 얻을 전망이다.이 서비스는 부동산 시장에서 흔히 이용되던 대환대출 개념을 증권시장에 도입한 혁신적인 시도로, 주식 투자자들의 자금 운용에 새로운 대안을 제시할 것으로 기대된다.무빙스탁 ‘증권사 신용, 대환자금대출’의 비용 무료 이벤트는 이벤트 기간 동안 한정적으로 제공되는 만큼, 신용융자를 이용 중인 투자자라면 지금 바로 확인해볼 필요가 있다.★ 장마감 시간이 가까워질수록 문의가 많아 상담이 지연될 수 있습니다.★ 7월 문의하신 고객들이 많이 보유하신 종목으로는 삼성전자, POSCO홀딩스, 셀트리온, 포스코퓨처엠, 에코프로비엠, NAVER, 에코프로, 삼성SDI, LG화학, SK하이닉스, 두산에너빌리티, 카카오, SK이노베이션, LG에너지솔루션, 엘앤에프, 삼천당제약, 현대차, 알테오젠, HPSP, LG전자 등이 있습니다.★ 안내사항과도한 빚은 당신에게 큰 불행을 안겨줄 수 있습니다. 대출 시 신용등급 하락으로 다른 금융거래가 제약받을 수 있습니다. 중개수수료를 요구하거나 받는 것은 불법입니다.상호명: ㈜단비대부 2021-서울영등포-2102(대부업) | TEL: 1544-4886 | 대출금리: 연 20%이내(연체금리는 약정금리+3%p이내, 최대 연 20%이내) | 단, 2021. 7. 7.부터 신규체결, 갱신, 연장되는 계약에 한함 | 채무의 조기상환 조건 및 부대비용 없음. (단, 신용조회비용 및 담보권설정비용 있음), 이자 외 별도로 중개수수료를 요구하거나 수취하는 것은 불법입니다. | 대표이사: 박동원 | 사업자등록번호: 274-86-00231 | 등록기관명칭: 서울 영등포구청(담당부서: 일자리경제과, 02-2670-3420) | 소재지 : 서울 영등포구 여의대방로67길 11, 5층 517호 | 개인정보관리자메일: help@danbifund.co.kr무료상담",https://www.hankyung.com/article/202507210594a,2025.07.21 10:48
"'코스닥 도전' 아이티켐 ""첨단화학소재 플랫폼 기업으로 도약""","아이티켐 IPO 간담회

화이자·노바티스 등 빅파마 다수 확보
작년 영업익 전년보다 10배 넘게 증가
공장 가동률 76%로 생산능력 '최대'
상장 자금, 의약품소재 공장 건설 투입","김인규 아이티켐 대표./사진=아이티켐

                ""아이티켐은 코스닥시장 상장을 계기로 설비 고도화와 기술 인력 확보에 속도를 내고 첨단화학소재 플랫폼 기업으로 도약할 것입니다.""김인규 아이티켐 대표(사진)는 22일 서울 여의도에서 기업공개(IPO) 기자간담회를 열고 ""그동안 기술 경쟁력과 유연한 생산 체계를 바탕으로 다양한 산업 분야에서 글로벌 고객들과 함께 성장해왔다""며 이같은 포부를 밝혔다. 아이티켐은 이익미실현 특례(테슬라 요건)로 코스닥 상장에 나선다.2005년 설립된 아이티켐은 정밀화학·디스플레이 소재 위탁개발생산(CDMO) 기업이다. 글로벌 제약사의 당뇨병 등 치료제의 소재를 만들고 유기발광다이오드(OLED) 디스플레이 핵심 소재를 생산·납품하고 있다. 의약품 분야의 주요 고객사는 아스트라제네카 화이자 노바티스 등이며 디스플레이에서는 LG디스플레이와 삼성디스플레이 등이 있다.아이티켐은 연구개발(R&D)부터 공정 개발·양산·품질관리에 이르는 전주기 대응 체계를 구축했다. 최근 3년간 25건 이상의 공정 개발을 완료했고 이를 실제 매출로 연결하는 등 기술 사업화에도 성공했다고 회사 측은 강조했다. 지난 한 해 동안에는 단 한 건의 부적합 사례도 발생하지 않는 등 품질 무결점 성과를 기록했다는 설명이다.김 대표는 ""모든 원료는 아니지만 특정 주요 중간체는 엔드 유저인 빅파마(대형제약사)가 직접 관리하는데, 이를 통과해서 납품한 이력이 있다는 게 저희가 구축한 진입장벽""이라고 강조했다.실적도 성장 궤도에 진입했다. 아이티켐의 지난해 매출은 622억원으로 전년(450억원) 대비 38.3% 늘었다. 최근 3개년 평균 증가율은 28.3%에 달한다. 같은 기간 영업이익은 6억원에서 64억원으로 10개 넘게 증가했다. 외형뿐 아니라 수익성 측면에서도 독보적 성장세를 보였다는 평가다.김 대표는 ""별도 매출액 488억원 중 의약품이 60%, 나머지가 40% 비중""이라며 ""최근 코오롱인더스트리를 통해 인텔에도 반도체 접착 소재를 납품했는데, 그 액수가 10억원밖에 되지 않아서 반도체 매출은 따로 구분하지 않았다""고 말했다. 이어 ""앞으로도 의약품과 디스플레이를 포함한 반도체 전자재료의 매출 비중은 6대 4 수준으로 가져갈 것""이라고 덧붙였다.아이티켐은 상장을 통해 조달한 자금으로 충북 괴산에 의약품 소재 공장 완공에 투입할 계획이다. 고객사 수요 증가에 선제적으로 대응하기 위한 목적에서다. 아이티켐의 지난 1분기 말 기준 공장 가동률은 76.3%다. 2022년(56.3%) 50%대에서 상승세를 보이면서 현재 최대 생산량(풀캐파)을 달성했다. 공장 가동률 70~80%는 공정 대기 등을 감안할 때 풀캐파에 해당한다는 설명이다.김 대표는 ""주요 고객인 SK바이오텍과 에스티팜이 이미 새로운 생산시설에 대한 투자를 진행했고 공사가 진행 중""이라며 ""아이티켐은 두 업체의 최우선 협력업체로서 그 공장에 돌릴 수 있는 원료를 생산해야 하기 때문에 공모 자금을 모으고 있는 것""이라고 말했다.아이티켐은 중수 재활용 기술의 국산화에도 성공했다. 순도 80% 수준의 폐중수를 고순도(99%)로 승급할 수 있는 승급기를 개발해 제품화했고, 올해 추가 설치가 예정돼 있다. 국내 전체 중수 수요의 약 22%를 자사 제품으로 대체할 수 있을 것으로 회사 측은 예상했다.한편 아이티켐은 상장 주관사인 KB증권과 함께 총 200만주를 공모할 계획이다. 희망 공모가는 1만4500~1만6100원이며 총 공모액은 290억~322억원이다. 오는 23일까지 기관투자자 대상 수요예측을 진행하고 오는 28~29일 이틀간 일반 청약을 거쳐 상장을 목표로 한다.고정삼 한경닷컴 기자 jsk@hankyung.com",https://www.hankyung.com/article/2025072245296,2025.07.22 15:21
자기자본 포함 4배 투자금을 DSR 무관으로 신청 당일 즉시?,,"투자자들 사이에서 ‘스탁론’에 대한 관심이 높아지고 있다. 스탁론은 자기자본 포함 최대 4배까지 활용 가능하며 증권사 신용/미수 대환 용도로도 활용 가능해 대표적인 레버리지 수단으로 자리잡은 상태다.그러나 DSR 한도가 스탁론에도 적용된 후 다른 대출, 소득 증빙 문제로 예전처럼 이용하기 어려워졌다. 이와 함께 높아진 금리도 스탁론 이용을 망설이게 만든 원인으로 꼽힌다.그러나 해결책은 있다. 21년 연속 스탁론 업계 1위를 지키고 있는 하이스탁론이 DSR 무관하게 이용할 수 있는 상품은 물론 연 4%대 최저금리로 이용 가능한 상품까지 취급하며 선택의 폭을 넓힌 것이다.




 

◆ 하이스탁론, 연 4%대 업계 최저금리로 추가 투자금은 물론 신용미수 대환까지!<하이스탁론>에서 누구나 부담 없이 스탁론을 경험할 수 있도록 연 4%대 최저금리 상품을 출시했다. 주식매입 용도는 물론 증권사 미수/신용 대환도 가능하며 신용등급 차등 없이 자기자본 포함 최대 4배까지 활용할 수 있다.이와 함께 DSR 한도 때문에 기존 스탁론 이용이 어려웠던 투자자들은 위한 DSR 무관 상품도 취급 중이다. 또한 장중 거래가 어려웠던 투자자를 위한 대체거래소(NXT) 거래도 가능해졌다.<하이스탁론>의 새로운 상품에 대해 자세히 알고 싶은 투자자는 고객상담센터(1599-0313)로 연락하면 대출 여부와 상관없이 24시간 언제든 전문상담원과 편리한 상담이 가능하다.○ 연 4%대 업계 최저금리 상품 출시○ 대체거래소(NXT) 거래 가능!○ 21년 연속 시장 점유율 1위, 16년 연속 대한민국퍼스트브랜드 대상○ 증권사 신용/미수 실시간 상환, 한종목 100% 집중 투자○ 믿을 수 있는 상담품질보증제※하이스탁론상담센터 : 1599-0313바로가기:https://www.hisl.co.kr/0313◆ 현 시각 관심종목 Top 10 : 삼성전자, HLB, 카카오, 한화오션, 포스코퓨처엠, 알테오젠, 코리아나, MDS테크, 클로봇, 싸이닉솔루션무료상담",https://www.hankyung.com/article/202507159377a,2025.07.16 09:30
"삼성 ""두번 접는 폰 연내 출시…갤럭시 4억대에 AI 탑재""","노태문 사장, 뉴욕 '갤럭시 언팩' 간담회서 밝혀

완성도 확보 시점 거의 다가와
펼치면 태블릿 크기 25.4㎝ 될듯

얇아진 폴드7·플립7 반응 뜨거워
전작보다 당연히 더 많이 팔릴 것
중저가 A시리즈에도 AI 적용

워치에 혈당측정 기능 추가할 것","미국 뉴욕 브루클린 듀갈 그린하우스에서 9일(현지시간) 열린 ‘갤럭시 언팩 2025’에서 관람객이 신제품 갤럭시 Z폴드7과 초박형 스마트폰인 갤럭시 S25 엣지의 두께를 비교해 보고 있다.  /삼성전자 제공

                삼성전자가 두 번 접는 폴더블폰인 ‘트라이폴드 폰’을 연내 내놓는다. 또 연말까지 저가 모델인 갤럭시 A시리즈부터 최고가 폴더블폰까지 4억 대에 이르는 갤럭시 스마트폰에 삼성이 자체 개발한 인공지능(AI) 플랫폼 ‘갤럭시AI’를 적용하기로 했다. 노태문 삼성전자 디바이스경험(DX)부문장 직무대행(사장·사진)은 9일(현지시간) 미국 뉴욕에서 ‘갤럭시 언팩’ 행사 직후 기자간담회를 열고 이 같은 계획을 공개했다. ◇“트라이폴드 폰 완성도 높아져”





                노 사장은 이날 간담회에서 트라이폴드 폰을 설명하는 데 많은 시간을 할애했다. 그는 “지난해 갤럭시 S25 언팩 때 트라이폴드 폰 실루엣을 공개한 데 이어 올해 스페인 바르셀로나에서 열린 세계 최대 이동통신 박람회 ‘MWC 2025’에선 제품도 전시했다”며 “완성도와 사용성이 확보되는 시점에 출시할 계획인데, 연말께 가능할 것으로 기대하고 있다”고 말했다. 그는 “완성도가 확보되는 시점이 다가오고 있는 만큼 조만간 이름도 결정할 계획”이라고 덧붙였다.지난 3월 MWC 2025에서 삼성이 공개한 트라이폴드 폰 콘셉트 모델 ‘플렉스 G’는 펼쳤을 때 화면 크기가 태블릿 PC와 비슷한 25.4㎝에 이르는 것으로 알려졌다. 삼성이 트라이폴드 폰을 내놓으면 중국 화웨이에 이어 두 번째가 된다. 지난해 9월 세계 최초로 출시된 화웨이의 트라이폴드 폰 ‘메이트 XT2’는 펼쳤을 때 화면 크기가 삼성 콘셉트 제품보다 약간 큰 25.9㎝다.노 사장은 전날 공개한 ‘다이어트 폴더블폰’ 갤럭시 Z폴드7과 Z플립7에 대한 기대도 감추지 않았다. 노 사장은 “전작(Z폴드·플립6)보다 당연히 (판매 성과가) 뛰어날 것”이라고 했다. Z폴드7의 두께는 접었을 때 8.9㎜, 펼쳤을 때 4.2㎜로 전작(12.1㎜·5.6㎜)보다 25%가량 얇다. 갤럭시 Z플립7도 접었을 때 두께(14.9㎜→13.7㎜)는 줄이고 메인 디스플레이 크기(170.3㎜→174.1㎜)는 키웠다. ◇AI는 대중화하고 헬스케어는 강화노 사장은 모바일 AI 대중화를 위해 연내 갤럭시 스마트폰 4억 대에 갤럭시AI를 적용한다고 강조했다. 삼성 스마트폰, 태블릿PC 등에 활용되는 갤럭시AI는 기기 내부에서 구동하는 온디바이스 AI와 서버에 연결돼 정보를 소통하는 클라우드 AI를 결합한 방식이다.삼성은 연내 ‘갤럭시AI 4억 대 시대’를 열기 위해 중저가 모델인 A시리즈에도 갤럭시AI를 적용하고, 기존에 판매한 기기에도 무료 업데이트 혜택을 제공하기로 했다. 노 사장은 “당초 연말까지 무료 제공하기로 한 갤럭시AI 업데이트를 기본 기능에 한해 당분간 유지하기로 했다”고 말했다. 업계에선 ‘기본 기능’에 갤럭시AI 기능 대부분이 포함될 것으로 내다보고 있다.노 사장은 디지털 헬스케어가 향후 삼성 웨어러블 기기의 핵심 기능이 될 것이라고 강조했다. 그는 “일상의 건강 데이터와 의료 서비스를 연결하는 플랫폼 구축에 박차를 가하고 있다”며 “이제 건강 관리는 병원에서만 이뤄지지 않는다”고 말했다.갤럭시 워치나 갤럭시 링으로 측정한 각종 건강 데이터를 최근 인수한 미국 디지털 헬스케어 업체 젤스의 플랫폼을 활용해 의사에게 전달하는 시스템을 구축하겠다는 의미다. 젤스는 미국 500여 개 병원과 70여 개 디지털 헬스케어 솔루션 기업을 파트너로 둔 회사다.노 사장은 그러나 갤럭시 워치의 혈당 측정 기능에 대해선 “시간이 더 필요하다”고 선을 그었다. 노 사장은 “혈당 측정은 음식을 먹으면 바로 나오는 지표라 개발이 쉽지 않은 데다 정확성이 떨어지면 잘못된 정보로 오히려 건강을 해칠 수도 있다”며 “손가락을 바늘로 찌르지 않고 혈당을 측정할 수 있는 비침습 광학식 측정 기능을 개발하기 위해 노력하고 있다”고 강조했다. 지난해 처음 내놓은 갤럭시 링에 대해선 이른 시일 안에 새 제품이 나오지는 않을 것이라고 했다.뉴욕=박신영 특파원 nyusos@hankyung.com",https://www.hankyung.com/article/2025071011391,2025.07.10 18:12
합리적 투자 필수! 증권사 신용대출 3%대 전환으로 이자 절감,,"전송종목 : 미래에셋벤처투자, SNT에너지, 월덱스, 에스앤에스텍, 해태제과식품




 

최근 주식 투자자들 사이에서 주식대출(미수/신용융자 등)의 고금리에 대한 부담이 커지고 있다.특히 저금리를 적용 받고 싶어도, 기존 대출을 상환하고 다시 주식을 매수해야 하는 번거로운 절차와 자금 조달의 어려움이 발목을 잡고 있다.이런 현실적인 문제를 해결하고자, 무빙스탁이 ‘증권사 신용, 대환자금대출’ 서비스를 전격 출시했다.이 상품은 주식을 매도하지 않고도, 기존의 고금리의 주식대출(미수/신용융자 등)의 3%대의 혁신적인 저금리 증권사로 전환할 수 있도록 상환자금을 제공하는 것이 핵심이다.무빙스탁 관계자는 “현재 증권사 이벤트 금리는 연 3%대 수준으로, 기존 9~10%대 고금리를 적용받는 투자자라면 절감 효과가 상당하다”며, 금리를 5%만 낮추면 “1억원 신용대출 기준으로 연간 약 500만원, 3억원이라면 1,500만원까지도 절약할 수 있다”고 밝혔다.더 놀라운 점은, 현재는 이벤트 기간으로 대환자금대출 신청시 발생하는 이자 비용까지 ‘0원’이라는 사실이다. 대환자금에 대해서 하루의 대출이자도 부담하지 않고 기존 고금리 대출을 저금리로 전환할 수 있어, 고금리 부담에 시달리던 투자자들에게 큰 호응을 얻을 전망이다.이 서비스는 부동산 시장에서 흔히 이용되던 대환대출 개념을 증권시장에 도입한 혁신적인 시도로, 주식 투자자들의 자금 운용에 새로운 대안을 제시할 것으로 기대된다.무빙스탁 ‘증권사 신용, 대환자금대출’의 비용 무료 이벤트는 이벤트 기간 동안 한정적으로 제공되는 만큼, 신용융자를 이용 중인 투자자라면 지금 바로 확인해볼 필요가 있다.★ 장마감 시간이 가까워질수록 문의가 많아 상담이 지연될 수 있습니다.★ 7월 문의하신 고객들이 많이 보유하신 종목으로는 삼성전자, POSCO홀딩스, 셀트리온, 포스코퓨처엠, 에코프로비엠, NAVER, 에코프로, 삼성SDI, LG화학, SK하이닉스, 두산에너빌리티, 카카오, SK이노베이션, LG에너지솔루션, 엘앤에프, 삼천당제약, 현대차, 알테오젠, HPSP, LG전자 등이 있습니다.★ 안내사항과도한 빚은 당신에게 큰 불행을 안겨줄 수 있습니다. 대출 시 신용등급 하락으로 다른 금융거래가 제약받을 수 있습니다. 중개수수료를 요구하거나 받는 것은 불법입니다.상호명: ㈜단비대부 2021-서울영등포-2102(대부업) | TEL: 1544-4886 | 대출금리: 연 20%이내(연체금리는 약정금리+3%p이내, 최대 연 20%이내) | 단, 2021. 7. 7.부터 신규체결, 갱신, 연장되는 계약에 한함 | 채무의 조기상환 조건 및 부대비용 없음. (단, 신용조회비용 및 담보권설정비용 있음), 이자 외 별도로 중개수수료를 요구하거나 수취하는 것은 불법입니다. | 대표이사: 박동원 | 사업자등록번호: 274-86-00231 | 등록기관명칭: 서울 영등포구청(담당부서: 일자리경제과, 02-2670-3420) | 소재지 : 서울 영등포구 여의대방로67길 11, 5층 517호 | 개인정보관리자메일: help@danbifund.co.kr무료상담",https://www.hankyung.com/article/202507160715a,2025.07.16 13:28
"풀무원, 해외 실적 호조에 힘입어 주가 강세…글로벌 확장 전략 주목",,"풀무원이 최근 주식시장에서 두드러진 강세를 보이며 투자자들의 이목을 끌고 있다. 단기적인 테마성 움직임이 아닌, 실적 기반의 구조적 성장 기대가 주가에 반영된 결과로 해석된다.시장의 긍정적 반응은 풀무원의 해외 사업 확대와 이에 따른 실적 개선이 맞물린 결과다. 미국 등 북미 시장에서의 두부·면류 제품 매출이 꾸준히 증가세를 보이며, 글로벌 소비자들 사이에서 브랜드 인지도가 확대되고 있다. 특히 미국 현지 생산시설의 안정적인 운영과 유통채널 다변화는 비용 효율성과 수익성 향상으로 이어지고 있다는 분석이다.최근 발표된 실적도 이러한 흐름을 뒷받침하고 있다. 매출과 영업이익 모두 전년 대비 크게 증가했으며, 이는 단순한 외형 성장에 그치지 않고 체질 개선의 결과로 평가된다. 일회성 이슈 없이 본업 중심의 수익 창출 구조가 강화되었다는 점에서 시장의 신뢰를 얻고 있다는 평가다.다만, 최근 일부 공시 지연과 배당 수준에 대한 아쉬움은 여전히 남아 있는 과제로 지적된다. 이에 따라 일각에서는 중장기 주주환원 정책 강화와 재무 건전성 유지가 병행돼야 한다는 목소리도 나온다.그럼에도 불구하고, 풀무원이 보여주고 있는 해외 중심 성장 스토리는 여전히 유효하다는 것이 대체적인 시장 분위기다. 글로벌 식품 수요 변화에 선제적으로 대응하며 장기적인 기업 가치 상승을 도모하고 있다는 점에서, 향후 실적 흐름과 전략적 투자 행보에 더욱 주목이 쏠리고 있다.도우인시스, 삼성전자, SK하이닉스, 현대차, 두산에너빌리티무료상담",https://www.hankyung.com/article/202507236045a,2025.07.23 09:53
고금리 OUT! 증권사 신용대출 3%대로 전환하는 방법,,"전송종목 : 대주전자재료, 제우스, 전진건설로봇, 가비아, 동양이엔피최근 주식 투자자들 사이에서 주식대출(미수/신용융자 등)의 고금리에 대한 부담이 커지고 있다.특히 저금리를 적용 받고 싶어도, 기존 대출을 상환하고 다시 주식을 매수해야 하는 번거로운 절차와 자금 조달의 어려움이 발목을 잡고 있다.이런 현실적인 문제를 해결하고자, 무빙스탁이 ‘증권사 신용, 대환자금대출’ 서비스를 전격 출시했다.이 상품은 주식을 매도하지 않고도, 기존의 고금리의 주식대출(미수/신용융자 등)의 3%대의 혁신적인 저금리 증권사로 전환할 수 있도록 상환자금을 제공하는 것이 핵심이다.무빙스탁 관계자는 “현재 증권사 이벤트 금리는 연 3%대 수준으로, 기존 9~10%대 고금리를 적용받는 투자자라면 절감 효과가 상당하다”며, 금리를 5%만 낮추면 “1억원 신용대출 기준으로 연간 약 500만원, 3억원이라면 1,500만원까지도 절약할 수 있다”고 밝혔다.더 놀라운 점은, 현재는 이벤트 기간으로 대환자금대출 신청시 발생하는 이자 비용까지 ‘0원’이라는 사실이다. 대환자금에 대해서 하루의 대출이자도 부담하지 않고 기존 고금리 대출을 저금리로 전환할 수 있어, 고금리 부담에 시달리던 투자자들에게 큰 호응을 얻을 전망이다.이 서비스는 부동산 시장에서 흔히 이용되던 대환대출 개념을 증권시장에 도입한 혁신적인 시도로, 주식 투자자들의 자금 운용에 새로운 대안을 제시할 것으로 기대된다.무빙스탁 ‘증권사 신용, 대환자금대출’의 비용 무료 이벤트는 이벤트 기간 동안 한정적으로 제공되는 만큼, 신용융자를 이용 중인 투자자라면 지금 바로 확인해볼 필요가 있다.★ 장마감 시간이 가까워질수록 문의가 많아 상담이 지연될 수 있습니다.★ 7월 문의하신 고객들이 많이 보유하신 종목으로는 삼성전자, POSCO홀딩스, 셀트리온, 포스코퓨처엠, 에코프로비엠, NAVER, 에코프로, 삼성SDI, LG화학, SK하이닉스, 두산에너빌리티, 카카오, SK이노베이션, LG에너지솔루션, 엘앤에프, 삼천당제약, 현대차, 알테오젠, HPSP, LG전자 등이 있습니다.★ 안내사항과도한 빚은 당신에게 큰 불행을 안겨줄 수 있습니다. 대출 시 신용등급 하락으로 다른 금융거래가 제약받을 수 있습니다. 중개수수료를 요구하거나 받는 것은 불법입니다.상호명: ㈜단비대부 2021-서울영등포-2102(대부업) | TEL: 1544-4886 | 대출금리: 연 20%이내(연체금리는 약정금리+3%p이내, 최대 연 20%이내) | 단, 2021. 7. 7.부터 신규체결, 갱신, 연장되는 계약에 한함 | 채무의 조기상환 조건 및 부대비용 없음. (단, 신용조회비용 및 담보권설정비용 있음), 이자 외 별도로 중개수수료를 요구하거나 수취하는 것은 불법입니다. | 대표이사: 박동원 | 사업자등록번호: 274-86-00231 | 등록기관명칭: 서울 영등포구청(담당부서: 일자리경제과, 02-2670-3420) | 소재지 : 서울 영등포구 여의대방로67길 11, 5층 517호 | 개인정보관리자메일: help@danbifund.co.kr무료상담",https://www.hankyung.com/article/202507158104a,2025.07.15 13:08
외국인 '1조' 담은 이유가…삼성전자 반전에 개미들 '환호' [종목+],"이제 삼성전자 시간 오나…外人 기류 변화 조짐 

삼성전자 주가 연중 최고치 경신
9개월 만에 '66층 주가' 회복

외국인, 삼성전자 '사고' SK하이닉스 '팔자'
""삼전, 현재 주가 기간 조정 마무리 구간""","지난 17일 서울 여의도 한국거래소 전광판에 코스피지수와 삼성전자 주가가 표시되고 있다. 사진=김범준 기자

                국내 증시 대표 반도체 기업 삼성전자와 SK하이닉스 주가 흐름이 엇갈리고 있다. 2분기 실적 저점을 계기로 외국인 투자자들이 삼성전자 주식을 순매수하고 있는 반면 SK하이닉스 주식은 시장에 내놓고 있다. 금융투자업계 전문가들은 ""주가가 가파르게 상승했던 SK하이닉스 대신 삼성전자를 저가 매수할 타이밍이라고 보는 것""이라는 분석을 내놨다.18일 한국거래소에 따르면 전날 삼성전자 주가는 직전일 대비 3.09% 뛴 6만6700원을 기록하면서 연중 최고치를 경신했다. 최근 3거래일 연속 상승세다. 삼성전자 주가가 '66층'(삼성전자 주가 6만6000원대)을 회복한 건 종가 기준 지난해 9월10일 이후 10개월 만에 처음이다.최근 삼성전자 주가 상승을 이끌고 있는 주체는 외국인이다. 지난 8일 삼성전자 2분기 잠정 실적 발표 이후 전날까지 외국인은 삼성전자 주식을 시장에서 1조2800억원어치 순매수하면서 이 기간 국내 증시에서 가장 많이 담은 종목 1위를 기록했다.반면 외국인은 이 기간 SK하이닉스 주식을 1200억원어치(순매도 4위) 내다팔았다. 주가도 전날 8.95% 급락한 것을 비롯해 최근 3거래일 간 연속 하락했다. 지난 14일 종가 기준 사상 처음으로 30만원대 주가로 마치면서 추가 상승을 기대했지만 '과열 경고음'이 나오면서 투심이 불안해졌다.이에 더해 외국계 투자은행인 골드만삭스가 전날 SK하이닉스에 대한 투자의견을 '매수'에서 '중립'으로 낮추면서 가뜩이나 불안했던 투심에 찬물을 끼얹었다. 골드만삭스는 ""내년부터 고대역폭메모리(HBM) 가격 하락은 피할 수 없다""며 가격 결정권이 SK하이닉스 같은 공급자에서 구매자 쪽으로 넘어갈 것이라는 주장을 펼쳤다.
                    



사진=이솔 기자

                증시 전문가들은 최근 두 기업의 주가 흐름이 ""반도체 업종 내 주가 키맞추기""라는 분석을 내놓고 있다. SK하이닉스가 HBM을 앞세워 그동안 주가가 가파르게 올라 밸류에이션이 충분히 반영된 상태인 반면 삼성전자는 HBM의 수혜를 누리지 못했기 때문이다. 올 들어 SK하이닉스 주가는 57.4% 상승하는 동안 삼성전자는 절반에도 못 미치는 24.9% 오르는데 그쳤다.강진혁 신한투자증권 연구원은 ""내년도 HBM 과잉 공급 전망이 나오면서 외국인 투자자들이 삼성전자를 매수 포지션에 놓고 SK하이닉스에 대해 매도를 쳤다""며 ""이재용 회장의 대법원 판결도 삼성전자에 대한 긍정적인 투심을 형성했다""고 판단했다.이재원 신한투자증권 연구원은 ""최근 씨티그룹이 파운드리(위탁생산) 가동률 회복과 5세대 HBM 12단적층 제품(HBM3e 12Hi)에 대한 고객사 품질 통과 기대 등을 근거로 삼성전자 목표주가를 상향 조정했다""며 ""반면 SK하이닉스에 대해선 HBM 공급 과잉으로 인한 가격 경쟁력 저하 우려가 불거졌다""고 해석했다.노근창 현대차증권 리서치센터장은 ""현재 삼성전자 주가는 기간 조정 마무리 구간""이라며 ""올 2분기가 실적 바닥일 것으로 예상되는 만큼 저점 매수가 유효한 전략""이라고 분석했다.노정동 한경닷컴 기자 dong2@hankyung.com",https://www.hankyung.com/article/2025071757196,2025.07.18 06:29
"주식 매도 없이 신용이자 연 1,500만 원 줄이는 비법",,"전송종목 : 동아지질, NICE평가정보, 한글과컴퓨터, 원익홀딩스, 서울보증보험최근 주식 투자자들 사이에서 주식대출(미수/신용융자 등)의 고금리에 대한 부담이 커지고 있다.특히 저금리를 적용 받고 싶어도, 기존 대출을 상환하고 다시 주식을 매수해야 하는 번거로운 절차와 자금 조달의 어려움이 발목을 잡고 있다.이런 현실적인 문제를 해결하고자, 무빙스탁이 ‘증권사 신용, 대환자금대출’ 서비스를 전격 출시했다.이 상품은 주식을 매도하지 않고도, 기존의 고금리의 주식대출(미수/신용융자 등)의 3%대의 혁신적인 저금리 증권사로 전환할 수 있도록 상환자금을 제공하는 것이 핵심이다.무빙스탁 관계자는 “현재 증권사 이벤트 금리는 연 3%대 수준으로, 기존 9~10%대 고금리를 적용받는 투자자라면 절감 효과가 상당하다”며, 금리를 5%만 낮추면 “1억원 신용대출 기준으로 연간 약 500만원, 3억원이라면 1,500만원까지도 절약할 수 있다”고 밝혔다.더 놀라운 점은, 현재는 이벤트 기간으로 대환자금대출 신청시 발생하는 이자 비용까지 ‘0원’이라는 사실이다. 대환자금에 대해서 하루의 대출이자도 부담하지 않고 기존 고금리 대출을 저금리로 전환할 수 있어, 고금리 부담에 시달리던 투자자들에게 큰 호응을 얻을 전망이다.이 서비스는 부동산 시장에서 흔히 이용되던 대환대출 개념을 증권시장에 도입한 혁신적인 시도로, 주식 투자자들의 자금 운용에 새로운 대안을 제시할 것으로 기대된다.무빙스탁 ‘증권사 신용, 대환자금대출’의 비용 무료 이벤트는 이벤트 기간 동안 한정적으로 제공되는 만큼, 신용융자를 이용 중인 투자자라면 지금 바로 확인해볼 필요가 있다.★ 장마감 시간이 가까워질수록 문의가 많아 상담이 지연될 수 있습니다.★ 7월 문의하신 고객들이 많이 보유하신 종목으로는 삼성전자, POSCO홀딩스, 셀트리온, 포스코퓨처엠, 에코프로비엠, NAVER, 에코프로, 삼성SDI, LG화학, SK하이닉스, 두산에너빌리티, 카카오, SK이노베이션, LG에너지솔루션, 엘앤에프, 삼천당제약, 현대차, 알테오젠, HPSP, LG전자 등이 있습니다.★ 안내사항과도한 빚은 당신에게 큰 불행을 안겨줄 수 있습니다. 대출 시 신용등급 하락으로 다른 금융거래가 제약받을 수 있습니다. 중개수수료를 요구하거나 받는 것은 불법입니다.상호명: ㈜단비대부 2021-서울영등포-2102(대부업) | TEL: 1544-4886 | 대출금리: 연 20%이내(연체금리는 약정금리+3%p이내, 최대 연 20%이내) | 단, 2021. 7. 7.부터 신규체결, 갱신, 연장되는 계약에 한함 | 채무의 조기상환 조건 및 부대비용 없음. (단, 신용조회비용 및 담보권설정비용 있음), 이자 외 별도로 중개수수료를 요구하거나 수취하는 것은 불법입니다. | 대표이사: 박동원 | 사업자등록번호: 274-86-00231 | 등록기관명칭: 서울 영등포구청(담당부서: 일자리경제과, 02-2670-3420) | 소재지 : 서울 영등포구 여의대방로67길 11, 5층 517호 | 개인정보관리자메일: help@danbifund.co.kr무료상담",https://www.hankyung.com/article/202507111592a,2025.07.11 10:28
"코스피, 소폭 상승 출발…3200선 안팎서 방향성 탐색 중",,"코스피가 18일 3200대로 소폭 상승한 채 출발한 직후 3190선으로 내려와 방향성을 탐색 중이다.이날 오전 9시27분 현재 코스피 지수는 전날보다 0.11% 오른 3195.72다.지수는 뉴욕증시 상승세에 힘입어 전장보다 8.58포인트(0.27%) 오른 3200.44로 출발했다. 직후 3180선까지 떨어졌지만 이내 상승세를 회복했다, 개인이 210억원 매수 우위이고 외국인과 기관이 각각 187억원, 122억원 매도 우위다.유가증권시장에서 대장주인 삼성전자가 약 1% 상승 중이다., 두산에너빌리티도 1% 넘게 오르고 있다. 반면 삼성물산과 삼성생명은 4%대 약세다.같은 시각 코스닥 지수는 전날보다 0.52% 오른 822.54다.개인이 248억원 매수 우위고 외국인과 기관이 각각 238억원, 13억원 매도 우위다.코스닥시장에서 알테오젠과 에코프로비엠이 각각 2%, 3%대 강세다. 리가켐바이오는 약 10% 오르고 있다. 반면 실리콘투는 3% 넘게 약세다.서울 외환시장에서 원·달러 환율은 미국 금리 인하 기대에 하락 중이다. 원·달러 환율은 2원 내린 1390.6원에 개장했다.·신민경 한경닷컴 기자 radio@hankyung.com",https://www.hankyung.com/article/2025071862406,2025.07.18 09:30
[다산칼럼] 공정거래위원회가 공정하려면,"구글 꼼수에 제동 건 공정위
유튜브 뮤직 끼워팔기 자진시정
한발 늦은 정책 타이밍 아쉬워

부정 경쟁, 신속한 해결이 중요
외국社에 적용돼 온 동의의결제
국내 기업 사건에 적극 활용해야

김도영 서강대학교 경제학과 교수","공정거래위원회는 구글의 유튜브 뮤직 끼워팔기와 관련한 공정거래법 위반 사건에 대해 지난 15일 잠정 동의의결안을 마련하고 의견을 수렴하는 절차를 개시했다.구글은 한국에서 2008년 유튜브 동영상 서비스를 시작했다. 소비자에게는 무료로 동영상을 제공하고 동영상 광고주에게서 광고료를 받는 전형적인 양면시장 플랫폼 사업으로, 구글은 온라인동영상서비스(OTT) 시장을 장악해 나갔고 2006년 인수한 유튜브를 유일무이한 브랜드로 성장시켰다. 무료 이용으로 시장을 장악하자 구글은 2018년 광고 없이 동영상을 볼 수 있는 유료 서비스인 유튜브 프리미엄을 출시했다. 동시에 구글은 유튜브 뮤직을 출시하며 온라인 음악 서비스 시장에도 도전장을 내밀었다. 유튜브 뮤직 프리미엄이라는 유료 음악 서비스를 바로 출시했고, 유튜브 프리미엄에도 끼워서 팔았다.끼워팔기의 위력은 대단했다. 당시 한국 시장은 멜론, 지니뮤직, 플로 등 국내 기업들이 장악하고 있었다. 하지만 얼마 되지 않아 유튜브 뮤직은 시장의 강자로 부상했고, 앱 리테일 분석업체 추정에 따르면 음악 스트리밍 앱 사용자 수를 기준으로 2023년 국내 1위 브랜드 멜론을 넘어섰다. 유튜브 뮤직이 점유율 1위에 올라서자 2023년 공정위는 끼워팔기 조사에 착수했다. 올봄 구글이 동의의결을 신청하면서 결국 공정위는 유튜브 뮤직을 뺀 유튜브 프리미엄 라이트를 유튜브 프리미엄보다 싸게 출시하고 국내 음악산업을 지원하겠다는 구글의 자진 시정안을 받아들이는 모양새다.사실 끼워팔기가 언제나 나쁜 것은 아니다. 끼워팔기는 결합 판매의 한 유형으로 두 상품을 동시에 소비하고 싶은 소비자에게 편리함과 가격상 이점을 줄 수 있다. 하지만 구글의 끼워팔기가 문제가 되는 것은 주 상품(온라인 동영상) 시장의 지배력을 이용해 소비자 선택을 제한하고 부상품(온라인 음악) 시장으로 지배력을 확대했다는 점이다. 유튜브 동영상만 보고 싶은 소비자라도 유튜브 뮤직을 함께 구매해야 했고, 잘나가는 유튜브에 끼워 팔았기 때문에 유튜브 뮤직이 단기간에 국내 시장에서 점유율 1위 브랜드가 됐다. 향후 유튜브 뮤직이 시장점유율을 더 끌어올려 독점적 지위를 확보하면 유튜브 프리미엄과 유튜브 뮤직 프리미엄의 가격이 더 올라갈 가능성이 있다.생태계 확장을 노리는 플랫폼 기업에 다양한 서비스를 결합해 판매하는 것은 규모와 범위의 경제를 활용한 핵심 영업 전략이다. 하지만 이는 종종 한 시장의 지배력을 이용해 다른 시장의 경쟁을 제한하는 결과를 초래한다. 그래서 플랫폼의 끼워팔기를 자사 우대 등과 더불어 사전에 규제해야 한다는 목소리가 있다.공정위가 이번 사건을 동의의결로 종결하는 것이 공정할지를 두고서는 이견이 있다. 그간 공정위의 동의의결은 주로 외국 기업에 적용됐다. 통신사와 맺은 계약에 대한 거래상 지위 남용 사건에서 애플이 그랬고, 삼성전자와의 칩셋 공급 계약과 관련해 브로드컴도 그랬다. 공정위는 동의의결이 시정명령보다 실행 시간을 단축해 소비자 보호와 경쟁 질서 회복에 효과적이라고 주장한다. 그렇지 않아도 미국이 자국 플랫폼에 대한 제재를 비관세 장벽으로 간주하겠다는 마당에 공정위의 동의의결이 무역 차원에서도 나을지 모른다.그렇다면 국내 기업에 대해서도 동의의결을 유도하고 확대할 필요가 있다. 국내 기업에는 시정명령과 벌금으로 일관해 상급 법원에서 그 조치가 뒤집히는 사례가 비일비재하다. 공정위가 이번 동의의결안 개시에서 강조한 것처럼 동의의결이 소비자에게 더 나을 수 있고 행정력도 절약할 수 있다. 물론 봐주기식은 안 되고 시장의 경쟁을 확실히 복원하는 자진 시정이 전제돼야 한다.순식간에 시장을 장악하는 플랫폼 사업의 속성상 공정위 개입에는 타이밍이 중요하다. 이번 사건에서는 공정위 조사가 늦은 감이 있다. 유튜브 뮤직 끼워팔기는 애초부터 문제의 소지가 있었는데, 5년이 흐르고 조사에 착수해 이미 유튜브 뮤직이 음악 서비스 시장을 장악한 후였다. 인력이 늘 부족한 공정위가 새로운 사건에 신속하게 대처하기 위해서는 기존 사건 중 동의의결이 효과적인 사건은 이를 유도하고 신속히 종결하는 관행을 확립할 필요가 있다.",https://www.hankyung.com/article/2025072403861,2025.07.24 17:42
"""갈 자리가 없다""…기재부 공무원들, 그야말로 '일급비상' [김익환의 부처핸즈업]","외청장 보직 내줘 '일급비상'
민간 징검다리로 '금의환향' 전략 관심 
기재부, 금융위 기능 흡수 주목","기획재정부 공무원들은 관가는 물론 산업계에서도 요직을 꿰차며 막강한 영향력을 행사했다. 통계청장, 관세청장, 조달청장 등 외청장직은 물론, 대통령실과 국무조정실 주요 보직에도 기재부 출신들이 포진했다. 하지만 최근 이들 자리에 비(非) 기재부 출신들이 임명되면서 기재부 1급 인사들의 고민이 깊어지고 있다.16일 관계부처에 따르면 기재부는 17일 구윤철 부총리 겸 장관 후보자의 인사청문회와 취임 이후 1급 인사를 단행할 예정이다. 기재부 조직개편 가능성과 맞물려 인사 폭도 상당할 것이라는 관측이 나온다. 기재부 1급들이 어디로 향할지가 특히 주목된다. 이들의 선택지가 과거보다 좁아졌기 때문이다.기재부 출신이 맡아온 국무조정실장(장관급)과 차장 자리를 모두 내부 인사가 차지했다. 기재부 세제실장 출신이 관례로 맡아온 관세청장 자리도 이번엔 관세청 내부 승진으로 채워졌다. 지난 14일 취임한 이명구 관세청장은 행시 36회로, 서울세관장과 관세청 차장 등을 역임했다. 관세청 출신이 수장에 오른 것은 2019년 노석환 전 청장 이후 6년 만이다. 노 전 청장 이후 임재현·윤태식·고광효 등 세 명의 청장이 모두 기재부 세제실장 출신이었다.이런 흐름은 통계청장, 조달청장, 대통령실 성장경제비서관 등의 자리에서도 이어질 가능성이 크다. 모두 기재부 1급 출신이 전통적으로 맡아온 보직이다. 이들 자리마저 막히면 기재부 고위직들이 기업 임원 등 민간 영역으로 눈을 돌릴 것이라는 관측이 나온다. 민간 경력을 ‘징검다리’ 삼아 다시 요직으로 복귀하려는 전략이다.김정관 산업통상자원부 장관 후보자가 대표적 사례다. 행시 36회 출신인 그는 기재부 국채과장, 경제분석과장, 종합정책과장, 정책기획관(국장) 등을 거쳐 2018년 두산그룹으로 영입됐다. 이후 두산에너빌리티 사장을 역임했다. 기재부 국제금융과장 출신 김이태 삼성카드 사장도 새 정부 대통령실 정책실장 후보로 거론된 바 있다.기재부 출신들이 민간에서 두각을 나타내면서 기업들의 수요도 늘고 있다. 삼성의 경우 박준규 삼성생명 자산운용부문장(부사장)이 대표적이다. 행시 41회인 그는 IMF 이코노미스트 파견과 기재부 국제금융국 국제기구과장 등을 거쳐 2016년 삼성에 합류했다. 이병원 삼성전자 IR(기업설명)팀 담당 부사장도 행시 42회로, 기재부 경제정책국과 정책조정국에서 근무했다. 고려아연 정무경 사장은 행시 31회 출신으로 기재부 재정분석과장, 기획조정실장, 대변인을 거쳐 조달청장을 지냈다.한편 기재부의 조직개편 시나리오에 대한 안팎의 관심도 높다. 금융위원회의 금융정책 기능을 흡수하는 방안 등이 거론된다. 김익환 기자 lovepen@hankyung.com",https://www.hankyung.com/article/202507161196i,2025.07.16 11:05
"""SKT 번호 위험할 수 있어""…방통위, '기만 광고' KT에 사실조사 착수",,"사진=연합뉴스

                KT가 SK텔레콤 유심 정보 해킹 사고와 관련한 허위·기만 광고로 이용자를 모집했다는 신고에 대해 사실조사가 진행된다.방송통신위원회는 지난 7일 KT가 SK텔레콤 사이버 침해 사고를 이용해 허위·기만 광고를 했다며 전기통신사업법을 위반했다는 신고가 접수됨에 따라 관련 사항을 확인하기 위해 사실조사에 착수했다고 16일 발표했다.방통위는 앞서 지난 10일 KT에 대해 현장 점검을 실시했다. 그 결과 영업본부와 지역본부를 포함한 KT 본사에서 이용자 모집을 위해 약정 조건과 서비스 내용 등에 관한 중요 사항을 거짓 또는 과장해 설명한 것으로 판단했다.방통위는 KT가 전기통신사업법상 금지 행위를 위반한 소지가 있는 것으로 보고 사실조사에 착수하기로 했다. 조사를 통해 위반 사항이 확인되면 관련 법령에 따라 엄정 조치한다는 입장이다.KT는 영업 활동을 진행하면서 고객에게 ‘지금 번호가 우리 아이에게 위험할 수 있다’, ‘SK텔레콤이 위약금 없이 보내주는 이유는 우린 막을 수 없다는 구조 신호다’ 등의 말을 한 것으로 알려졌다. KT는 당시 본사 차원에서 한 일이 아니라고 선을 그었다.방통위는 오는 22일 단말기 유통법 폐지와 25일 삼성전자 갤럭시Z폴드·플립7 출시 등에 따라 유통망의 휴대폰 지원금에 대한 허위·기만 광고 등 잘못된 정보로 이용자 피해가 우려된다며 지난 11일 주의를 당부했다.이승우 기자 leeswoo@hankyung.com",https://www.hankyung.com/article/202507162339i,2025.07.16 15:28
합리적 투자 필수! 증권사 신용대출 3%대 전환으로 이자 절감,,"전송종목 : 하나금융지주, 한화생명, 아모레퍼시픽, 후성, SK이노베이션최근 주식 투자자들 사이에서 주식대출(미수/신용융자 등)의 고금리에 대한 부담이 커지고 있다.특히 저금리를 적용 받고 싶어도, 기존 대출을 상환하고 다시 주식을 매수해야 하는 번거로운 절차와 자금 조달의 어려움이 발목을 잡고 있다.이런 현실적인 문제를 해결하고자, 무빙스탁이 ‘증권사 신용, 대환자금대출’ 서비스를 전격 출시했다.이 상품은 주식을 매도하지 않고도, 기존의 고금리의 주식대출(미수/신용융자 등)의 3%대의 혁신적인 저금리 증권사로 전환할 수 있도록 상환자금을 제공하는 것이 핵심이다.무빙스탁 관계자는 “현재 증권사 이벤트 금리는 연 3%대 수준으로, 기존 9~10%대 고금리를 적용받는 투자자라면 절감 효과가 상당하다”며, 금리를 5%만 낮추면 “1억원 신용대출 기준으로 연간 약 500만원, 3억원이라면 1,500만원까지도 절약할 수 있다”고 밝혔다.더 놀라운 점은, 현재는 이벤트 기간으로 대환자금대출 신청시 발생하는 이자 비용까지 ‘0원’이라는 사실이다. 대환자금에 대해서 하루의 대출이자도 부담하지 않고 기존 고금리 대출을 저금리로 전환할 수 있어, 고금리 부담에 시달리던 투자자들에게 큰 호응을 얻을 전망이다.이 서비스는 부동산 시장에서 흔히 이용되던 대환대출 개념을 증권시장에 도입한 혁신적인 시도로, 주식 투자자들의 자금 운용에 새로운 대안을 제시할 것으로 기대된다.무빙스탁 ‘증권사 신용, 대환자금대출’의 비용 무료 이벤트는 이벤트 기간 동안 한정적으로 제공되는 만큼, 신용융자를 이용 중인 투자자라면 지금 바로 확인해볼 필요가 있다.★ 장마감 시간이 가까워질수록 문의가 많아 상담이 지연될 수 있습니다.★ 7월 문의하신 고객들이 많이 보유하신 종목으로는 삼성전자, POSCO홀딩스, 셀트리온, 포스코퓨처엠, 에코프로비엠, NAVER, 에코프로, 삼성SDI, LG화학, SK하이닉스, 두산에너빌리티, 카카오, SK이노베이션, LG에너지솔루션, 엘앤에프, 삼천당제약, 현대차, 알테오젠, HPSP, LG전자 등이 있습니다.★ 안내사항과도한 빚은 당신에게 큰 불행을 안겨줄 수 있습니다. 대출 시 신용등급 하락으로 다른 금융거래가 제약받을 수 있습니다. 중개수수료를 요구하거나 받는 것은 불법입니다.상호명: ㈜단비대부 2021-서울영등포-2102(대부업) | TEL: 1544-4886 | 대출금리: 연 20%이내(연체금리는 약정금리+3%p이내, 최대 연 20%이내) | 단, 2021. 7. 7.부터 신규체결, 갱신, 연장되는 계약에 한함 | 채무의 조기상환 조건 및 부대비용 없음. (단, 신용조회비용 및 담보권설정비용 있음), 이자 외 별도로 중개수수료를 요구하거나 수취하는 것은 불법입니다. | 대표이사: 박동원 | 사업자등록번호: 274-86-00231 | 등록기관명칭: 서울 영등포구청(담당부서: 일자리경제과, 02-2670-3420) | 소재지 : 서울 영등포구 여의대방로67길 11, 5층 517호 | 개인정보관리자메일: help@danbifund.co.kr무료상담",https://www.hankyung.com/article/202507235735a,2025.07.23 08:43
日 성적표에 쫓기는 韓…'코리아 패키지' 마련 '고심',,"'25% 상호관세' 낮추려면 쌀·소고기 등 양보 불가피 '고심''1천억달러' 대미 투자·조선 등 산업협력안도 '카드'로전문가들 ""트럼프에 명분 주고, 실리 챙기는 전략 필요""





                일본이 미국과 무역 합의를 타결하며 상호관세·자동차 관세율을 25%에서 15%로 낮추는 등 성과를 내면서 한국 정부도 일본 수준의 성과를 내야 한다는 압박이 커지고 있다.일본이 5천500억달러(약 760조원)에 육박하는 투자를 약속하고 쌀 등 농산물 시장을 일부 개방하는 등 대가로 자동차 등 핵심 산업을 지켰다는 평가가 나오는 가운데 고위급 협의를 앞둔 한국 정부도 무엇을 지키고 내줄지 고심하고 있다.특히 '레드라인'으로 설정한 소고기·쌀 등 시장 개방과 대규모 대미 펀드 조성 등을 두고 미국의 압박이 거센 것으로 알려져 고민이 깊은 것으로 전해졌다.오는 25일로 예정됐던 한미 고위급 '2+2 통상협의'가 미국 측 사정으로 취소되면서 상호관세 부과일인 8월 1일 전 타결을 목표로 협상을 진행하기엔 시간도 촉박한 상황이다.◇ '레드라인' 쌀·소고기 개방 압력 지속…""명분 주고 실리 챙겨야""24일 통상업계에 따르면 일본은 미일관세 협상을 통해 쌀 등 농산물 분야에서 상징적 양보를 하고, 대규모 대미 투자를 약속하면서 관세 인하 성과를 거둔 것으로 평가된다.곧 열릴 한미 협상에서 미국은 미일 협상 결과를 기준으로 한국에도 비슷한 수준의 요구를 하며 양보를 압박할 것으로 전망된다.일본의 협상 타결로 한국은 당장 농산물, 디지털, 자동차 등 쟁점 분야에서 무엇을 얼마나 양보하고 지킬지를 결정해야 하는 상황에 몰린 형국이다.농산물은 한국 정부가 '레드라인'으로 설정한 것으로 알려진 최대 민감 분야다.그러나 미국은 쌀 수입 확대와 30개월령 이상 미국산 소고기 수입 허용, 사과와 유전자 변형작물(LMO) 감자 수입 허용 등을 지속적으로 요구하며 압박 수위를 낮추지 않고 있다.미일 합의 결과를 보면 농산물 부분은 일본이 미국에 명분을 주고 실리를 취한 것으로 보인다.미국은 일본과의 협상에서 쌀 시장 접근을 확대하는 성과를 내세우고 있고, 일본은 최소시장접근(MMA) 제도 내에서 미국산 쌀 수입 비율을 확대하기로 하면서 농민 피해를 최소화했다고 설명한다.
                    




                긴박하게 돌아가는 협상 국면에서 한국 역시 어렵지만 비슷한 방식을 고민할 수 있다고 전문가들은 조언한다.김태황 명지대 국제통상학과 교수도 ""미국이 일본에 강하게 압박했듯 한국에도 쌀과 30개월령 이상 소고기 개방 요구가 들어올 가능성이 크다""며 ""사실상 선택권이 미국에 있어 보이는 상황에서 두 품목을 모두 지키는 것이 이상적이지만 현실적으로 한쪽이라도 방어하면 선방했다고 평가할 수 있을 것 같다""고 했다.그러나 국내 농민 단체와 정치권 등을 중심으로 국내에서 농산물 개방에 반대하는 목소리가 높아 협상팀이 막판까지 고심을 거듭할 것으로 전망된다.디지털 분야도 미국이 지속적으로 비관세 장벽 문제를 제기하는 쟁점 분야다.
                    




                일본과 비교하면 한국은 구글 정밀지도 반출 제한, 온라인 플랫폼 규제(온플법), 차량 공유 서비스 허용 문제 등 디지털 분야에서 미국 기업들의 불만이 누적돼 있다.장상식 한국무역협회 국제무역통상연구원장은 ""일본은 디지털 분야에서 비관세 장벽이 적지만 한국은 다르다""며 ""디지털 규제 완화나 서비스 시장 개방으로 미국이 체감할 성과를 제공하면, 자동차·반도체 관세 인하 협상에서 우위를 점할 수 있다""고 분석했다.온플법과 안보 우려를 이유로 불허하고 있는 정밀지도 반출 문제 등은 보완책을 마련하는 방향으로 조정하는 것도 검토할 필요가 있다는 목소리도 나온다.미국 측이 온플법에 대해 '동맹인 미국의 기업은 규제하고 중국 기업은 빠져나가는 규제'라고 이의를 제기하는 만큼 규제 개선 검토 필요성이 있다는 것이다.허윤 서강대 국제대학원 교수는 ""디지털 분야도 과감하게 수용할 것은 수용한다는 자세로 검토할 필요가 있다.미국의 압력 때문에 개방하는 게 아니라 우리 경제가 중장기로 나아가야 할 방향, 국내 혁신 기업의 경쟁력 확보, 소비자 후생 등을 고려해 검토하면 한미의 이해관계와 일치하는 부분이 있을 것""이라고 말했다.◇ 대미 투자·조선 협력·알래스카 LNG 사업 참여 등 결과 '주목'일본이 5천500억달러의 대규모 펀드를 조성해 대미 투자에 나서기로 약속한 것도 한국에는 부담이다.애초 한국은 현대차 조지아 공장, 삼성전자·SK하이닉스 반도체 생산기지 등 대미 투자를 통해 미국 내 일자리 창출에 기여했다는 점을 강조하며 추가로 조선 등 산업 협력 분야를 묶어 제시해 미국 측에 어필한다는 전략을 세운 것으로 알려졌다.그러나 일본의 '메가 펀드' 투자 계획 발표로 한국도 무언가를 더 해야 하는 상황에 몰렸다는 평가다.
                    




                하워드 러트닉 미 상무장관 역시 한국과의 협의 과정에 대미 투자액으로 4천억달러(약 548조원)를 제안한 것으로 알려졌다.이에 한국 정부는 삼성, SK, 현대차, LG 등 주요 그룹 중심으로 대미 투자 계획을 세워 미국에 제안할 것으로 전해졌다.현재까지 투자 규모는 1천억달러(137조원) 규모 이상이며 수출금융기관 등을 통해 자금을 추가로 조달하는 방안이 검토되는 것으로 알려졌다.일본의 투자 규모와 비교하면 5분의 1 수준에 못 미치지만, 한국의 국내총생산(GDP)이 일본의 3분의 1 수준이라는 점 등을 고려하면 적지 않은 액수다.일본이 미국과 조인트 벤처(JV)를 설립해 알래스카 액화천연가스(LNG) 사업에 참여하기로 한 것도 고스란히 한국 협상팀에 부담이다.현재 방미 중인 김정관 산업통상자원부 장관이 러트닉 상무장관과 더그 버검 국가에너지위원회 의장, 크리스 라이트 에너지장관 등을 잇달아 면담할 예정이어서 알래스카 LNG 사업 참여 논의가 어느 수준까지 진행될지 주목된다.
                    




                아울러 한국이 강점이 있는 조선·반도체·원전 등 산업 협력을 매개로 미국을 설득하는 전략도 여전히 유효하다고 전문가들은 입을 모은다.다만, 전문가들은 한미 협상의 관건은 결국 트럼프 대통령을 만족시킬 수 있는지 여부라며 '트럼프 맞춤형 전략'을 주문했다.일례로 댄 스커비노 백악관 부비서실장이 22일 엑스(X·옛 트위터)에 올린 사진을 보면 '일본의 미국 투자'로 제시된 패널에 있는 투자액 '4천억달러'에 트럼프 대통령이 직접 선을 긋고 그 위에 '5천억달러'로 쓴 흔적이 있다.트럼프 대통령 발표 시에 이 금액은 '5천500억달러'로 다시 높아졌다.이익 배분 '50%'라는 숫자도 '90%'로 수정했다.이태규 한국경제연구원 글로벌리스크팀장은 ""트럼프 대통령이 업적을 과시하려는 경향이 있는 만큼 투자 총액을 상징적으로 키워 보이고 민감한 분야는 원칙적 개방에 합의한 뒤 세부 사항은 추후로 넘기는 방식이 유효해 보인다""며 ""일본이 쌀 시장을 일부 개방했지만, 실제 타격은 크지 않은 것처럼 한국도 상징적 조정으로 피해를 최소화할 수 있을 것""이라고 말했다.(김동규 김보경 박초롱 홍국기 오예진 강태우)/연합뉴스",https://www.hankyung.com/article/202507249735Y,2025.07.24 14:45
"[백광엽 칼럼] 허위 또는 악의의 종말, 그 첫걸음","사법부 '여론보다 사실' 중시해
삼성물산·제일모직 무죄 확정

악몽 끝났지만 지연된 승리 허탈
'기업이 개미 약탈' 오해 여전

상법개악 더 큰 위기 가시권
상식·이성으로 회귀 절실

백광엽 수석논설위원","밀집한 현대사회에선 사실이 아닌데도 많은 이가 사실로 믿는 솔깃한 이야기들이 흐른다. 도시전설로 통칭된다. 일정 근거나 호소력을 갖췄지만 본질은 ‘카더라’요, 서브컬처다. 자본시장에도 그럴싸한 ‘증시전설’이 명멸한다. ‘공매도 때문에 주가가 이 모양’이라는 오해가 그런 부류다. 최근 각광받는 증시전설은 ‘대주주가 불법과 전횡으로 개미를 약탈 중’이라는 스토리다.기업인·대주주를 빌런으로 보는 인식에 두 개의 사건이 결정적 영향을 미쳤다. 2015년 삼성물산·제일모직 합병과 2020년 LG화학 배터리사업 분사다. 두 이벤트를 거치며 ‘갈취하는 대주주 대 핍박받는 소액주주’ 서사가 빈틈없이 완성됐다. 세계 최강의 경영 규제를 담은 상법 개정안이 입법된 배경이다.그런데 엊그제 대법원이 증시전설의 원점이자 상징을 폭파했다. 삼성물산·제일모직 합병에 제기된 합병 비율 조작, 시세조종, 회계분식 등 어마어마한 혐의에 대해 전부 ‘근거 없다’고 판시했다. 이재용 삼성전자 회장 등 14명에게 씌워진 총 123개 혐의는 1·2·3심을 통틀어 단 하나도 인정되지 않았다.허위와 악의로 버무려진 기소였기에 예정된 결과다. 검찰의 무모함과 별개로 ‘가짜 진실’ 제작에 앞장선 시민사회의 행태를 걱정하지 않을 수 없다. 참여연대와 민변이 2016년 이 회장 등을 검찰에 고발한 게 사태의 출발이다. 이후 집요한 여론전으로 진보 정치권까지 합세시켰다. 그 과정에서 데이터나 정황을 왜곡·오판하는 일이 다반사였다.LG화학 사태도 생각해 볼 대목이 많다. 유망한 사업을 떼내는 바람에 소액주주가 피해를 봤다는 프레임이지만 근거는 취약하다. 주가는 분할 발표 직후 잠시(7거래일) 급락한 뒤 이내 급반등했다. 발표 직전 72만원이던 주가는 4개월 뒤 100만원대로 올라섰다. 본격적인 주가 하락은 분할 발표 6개월 뒤부터다. 독일 폭스바겐이 중국산 배터리를 선택한 게 트리거였다. 96만원이던 주가는 하루 만에 8% 곤두박질쳤고, 4년여에 걸쳐 반의 반토막까지 추락했다. 전기차 시장 둔화, 중국의 저가 공세에 ‘죽음의 계곡’을 지나고 있어서다.물적분할에 뒤이은 중복 상장이 문제라는 지적은 새겨볼 대목이다. 하지만 논의와 입증이 더 필요하다. 일본 등 해외에선 중복 상장에 따른 ‘지주회사 디스카운트’가 뚜렷하지 않다.삼성이 승점을 올렸지만 뒤늦은 승리요, 상처뿐인 영광이다. ‘제2의 삼성물산·LG화학 사태 방지’를 빌미로 한 상법 개악이라는 결정타가 터졌다. 대법원발 삼성 승리가 확정되기 불과 이틀 전의 일이다. 이사의 주주 충실의무 명문화, 의결권 제한(3% 룰) 확대 등 유례를 찾기 힘든 규제가 도입됐다. 집중투표제 의무화, 감사위원 분리 선출 등 ‘더 센 상법’도 예고됐다. 둘 다 도입하면 이 역시 세계 유일국이 된다. 자사주 의무소각도 “개악 중의 개악”(장하준 케임브리지대 교수)이다. 10조원의 자사주를 매수 중인 삼성전자는 이 중 8조3000억원을 소각한다. 연봉 8억3000만원의 인재 1만 명을 모으는 게 더 도움 되지 않겠나.여권은 상법 개정으로 코스피지수가 급등 중이라지만 아전인수 격이다. 트럼프가 ‘90일 관세 유예’를 전격 발표한 4월 9일을 기점으로 글로벌 증시는 일제히 급등세다. 2년 연속 경제가 역성장한 독일 증시까지 사상 최고치를 경신했다. 한국 증시의 약진이 돋보이지만 최근 3개월간 코스피(29%), 코스닥(15%) 상승률은 나스닥(26%), S&P500(17%)과 크게 차이 나지 않는다. 계엄을 전후한 급락에 따른 자연 반등까지 감안하면 생색은 섣부르다.국장 주도주 ‘지금조방원’(지주·금융·조선·방위산업·원전) 중 지주·금융 정도가 상법 개정 덕을 봤다. 하지만 건강한 상승과는 다소 거리가 있다. MBK의 공격을 받은 고려아연처럼 경영권 불안이 주가를 밀어 올린 측면이 적잖다.투자자 등치는 악덕기업이 즐비한 참담한 현실이 엄존한다. 일벌백계와 예방이 절실하다. 그래도 옥석은 분명히 가리고 누울 자리도 봐야 한다. ‘기업 다구리’가 판친 지난 10년 새 경제 비상벨이 울렸다. ‘중국은 물론이고 중동 인도에도 밀리는 지경’(최태원 회장)이다. 광장과 권력의 압박에도 사실과 법리를 지켜낸 사법부의 용기로 전화위복의 단초가 마련됐다. 상식과 이성으로 회귀하는 거대한 첫걸음의 시작이길.",https://www.hankyung.com/article/2025072252091,2025.07.22 17:47
코스피 약보합·코스닥 강보합…2차전지주 급등,,"사진=연합뉴스

                코스피지수가 약보합으로 한 주를 끝냈다.18일 코스피지수는 전날 대비 4.22포인트(0.13%) 내린 3188.07에 거래를 마쳤다. 지수는 0.26% 오 3200.44에 개장했지만 이내 약세로 방향을 틀었고 장중 한때는 3169.69까지 밀렸다.개인이 3407억원 매도 우위다. 외국인과 기관이 각각 1877억원, 619억원 매수 우위다.대장주인 삼성전자는 0.6% 상승한 6만7100원에 장을 끝냈다. SK하이닉스는 0.19% 내린 26만9000원을 기록했다. 이날 외국인의 순매수와 순매도 1위 종목은 각각 삼성전자(3972억원)와 SK하이닉스(-1342억원)이다.두산에너빌리티와 LG에너지솔루션이 각각 2%, 1%대 상승했다. 반면 삼성물산과 삼성생명은 각각 5%, 3% 수준으로 밀렸다.업종별로는 2차전지가 강했다. 'TIGER 2차전지소재Fn'와 'KODEX 2차전지산업레버리지'가 각각 7.14% 상승했다. 국내 상장 전체 상장지수펀드(ETF) 중 이날 상승률 1위다.미국이 중국산 흑연에 반덤핑 관세 부과를 추진한다는 소식에 포스코퓨처엠이 19% 넘게 급등했다. 이날 외국인은 삼성전자 다음으로 포스코퓨처엠(483억원)을 가장 많이 사들였다.외국인의 매도세가 집중된 삼양식품은 이날 5.53% 하락했다.코스닥지수는 2.4포인트(0.29%) 오른 820.67에 마감했다. 전장보다 0.4% 상승한 821.58에 개장한 지수는 좁은 범위 내 등락하다 상승한 채 마감했다.외국인과 기관이 각각 418억원, 322억원 매수 우위다. 개인 홀로 737억원 매도 우위다.코스닥시장에서 에코프로비엠과 에코프로가 각각 약 9%, 4% 뛰었다. 중국에서 리튬 현물 가격이 3개월래 최고치를 기록한 영향으로 풀이된다.리가켐바이오와 보로노이도 각각 6%, 11% 급등했다. 반면 실리콘투는 4%대 밀렸다.원·달러 환율은 소폭 올랐다. 이날 서울 외환시장에서 원·달러 환율은 오후 3시30분 기준 0.4원 오른 1393원을 기록했다. 간밤 미국 상무부가 시장 전망치를 웃도는 소매 판매 지표를 발표한 가운데, 금리 인하 기대가 높아지면서 제한적 상승폭을 보인 것으로 풀이된다.신민경 한경닷컴 기자 radio@hankyung.com",https://www.hankyung.com/article/2025071873966,2025.07.18 15:56
"11일, 외국인 거래소에서 SK스퀘어(-5.23%), 삼성전자(+2.62%) 등 순매수",,"외국인 투자자는 11일 거래소에서 SK스퀘어, 삼성전자, 삼성SDI 등을 중점적으로 사들인 것으로 나타났다.외국인 투자자의 순매수 상위 20개 종목은 SK스퀘어, 삼성전자, 삼성SDI, 기아, 포스코퓨처엠, 삼성전자우, 한화솔루션, 두산, 엘앤에프, 현대건설등이다.이중에 전기,전자 업종에 속한 종목이 7개 포함되어 있다.삼성전자, 삼성SDI, 기아 등은 전일 대비 주가가 상승했고, SK스퀘어, 두산, 현대건설 등은 주가가 하락했다.[07월11일]거래소 외국인 순매수 상위 종목한경로보뉴스이 기사는 한국경제신문과 금융 AI 전문기업 씽크풀이 공동 개발한 기사 자동생성 알고리즘에 의해 실시간으로 작성된 것입니다.",https://www.hankyung.com/article/202507113483L,2025.07.11 18:35
"그린케미칼, 탄소중립 테마 타고 주가 반등…기술력 재평가 본격화",,"그린케미칼이 최근 화학업계 탄소중립 및 친환경 소재 흐름과 맞물려 주식시장에서 뚜렷한 상승세를 기록하며 투자자들의 이목을 집중시키고 있다. 이는 온실가스 감축과 ESG 중심 정책 속에서 회사의 저탄소 에톡실레이션 공정 기술이 재조명받고 있기 때문이다.지난달 말부터 이달 초까지 매 분기 실적 발표 이후 기관과 외국인 매수가 급격히 유입되면서, 그린케미칼은 단기간에 반등 흐름을 보였다. 특히 지난 한 달간 주가가 크게 상승했다는 해외 분석도 발표되며, 투자 여력이 확대되고 있다는 분석이 제기됐다.회사는 2024년 연간 매출 3,303억 원, 영업이익 106억 원, 순이익 81억 원을 기록하며, PBR 약1.7배 , PER 약 26배 수준의 밸류에이션을 형성하고 있다.투자자별 매매 동향을 보면, 최근 개인은 지속적으로 순매수하고 있는 반면, 외국인은 일시적으로 차익 실현을 위해 일부 매도에 나선 상황이다. 하지만 장기적인 흐름은 여전히 외국인 자금이 유입되고 있는 것으로 분석된다.한 증권사 애널리스트는 “그린케미칼은 탄소포집·활용 및 이차전지 첨가제 소재 등 친환경·첨단소재 중심의 중장기 성장 스토리가 강화되는 시점”이라며, “단기 실적과 기술 테마가 맞물리며 주가 모멘텀이 살아나는 국면”이라고 진단했다.다만 주가는 최근 반등을 일부 반영한 상태이기 때문에, 추가 상승 여부는 회사의 EOA 공정 기술 고도화, 글로벌 수출 동력 회복, 그리고 탄소중립 관련 정책지원 상황 등에 달렸다는 점이 강조된다.SK하이닉스, 삼성전자, NAVER, 싸이닉솔루션, 카카오뱅크무료상담",https://www.hankyung.com/article/202507111898a,2025.07.11 11:03
11년 만에 단통법 폐지…LG유플 '1조클럽' 시동 [마켓딥다이브],"단통법 폐지…""출혈 경쟁 단기적일 것"" 
LG유플 영업익 '1조클럽' 재진입 기대
외국인, 연일 매수…주주환원책 긍정적","영상 모듈 닫기




<앵커>오늘부터 휴대전화를 더 저렴하게 구매할 수 있는 길이 열렸습니다. 2014년 도입된 일명 단통법(단말기 유통구조 개선법)이 폐지됐기 때문인데요.통신 3사의 마케팅 출혈 경쟁 우려가 커진 가운데 외국인 투자자는 LG유플러스를 사들이며 오늘 52주 신고가를 경신했습니다. 자세한 내용 마켓딥다이브 최민정 기자가 정리합니다.<기자>단통법 폐지, 휴대전화 살 때 어떤 부분들이 달라질까요?핵심은 보조금 상한선을 풀어서 통신사 간 경쟁을 유도하고 소비자의 통신비 부담을 낮추는 데 있는데요.휴대전화를 살 때 받는 보조금은 통신사와 단말기 제조사가 주는 '공시지원금'과 대리점과 판매점에서 주는 '추가지원금'으로 이뤄지는데요. 얼마 주는지 알리도록 했던 공시지원금은 앞으로 공시 의무 없이 자율적으로 주는 공통 지원금으로 바뀌게 됩니다.보조금이 크게 늘어날 것으로 기대되는 부분은 바로 판매점에서 주는 추가지원금입니다. 원래는 공시지원금의 15% 이내에서만 줄 수 있었지만, 이제는 제한이 없게 된 겁니다.추가로 지금까지는 휴대전화를 살 때 기기 값을 할인받을지, 통신비를 할인받을지 둘 중 하나만 골라야 했는데, 앞으로는 통신비 할인과 추가지원금 둘 다를 받을 수 있습니다.첫날부터 가격 경쟁이 활발한데요. 서울의 한 유통점은 120만 원의 128GB의 아이폰 16 모델을 번호이동 시 최대 20만 원까지 돈을 돌려주는 것으로 파악됐습니다.이번 주 금요일(25일)부터는 삼성전자의 신형 폴더블폰 '갤럭시 Z 플립 7과 폴드7' 정식 출시까지 예정돼 있어, 고객을 잡기 위한 통신사의 출혈 경쟁이 당분간 불가피한 상황입니다.하지만 증권가에선 단통법 폐지 후 마케팅 경쟁은 단기적일 것이란 평가인데요. 증권업계 관계자는 ""출혈경쟁이 장기화될 가능성은 작다""며 ""이미 단통법 시행 전 수익성 악화의 학습 효과가 있어 오래 끌고 갈 이유가 없을 것""이라고 전했습니다.대신 단통법 폐지로 인한 프리미엄 요금제 가입 확대와 단말 교체주기 감소 등 긍정적인 측면에 주목할 필요가 있다는 설명입니다.외국인 투자자의 관심을 받는 종목은 따로 있습니다. 바로 LG유플러스인데요.주주환원 정책에서 유의미한 변화가 나타나고 있기 때문입니다. 그동안 LG유플러스는 다른 통신 기업에 비해 소극적인 주주환원책을 펼쳤다는 평가를 받았는데요. 4년 만에 신규 자사주 매입을 예고 했습니다.LG유플러스는 어제 800억 원 가량의 자사주를 추가 매입하겠다고 공시했는데요. 더불어 2021년 매입한 자사주 전량을 오는 8월 5일 소각하기로 했습니다. 자사주 678만 3,006주를 소각하는 것으로 전체 발행 주식 수 1.55% 규모입니다.중간배당금으로 주당 250원을 지급하기로 결정했는데요. LG유플러스의 올해 예상 배당 성향은 45%로, 배당소득 분리과세 수혜도 기대할 수 있는데요.기획재정부가 올해 세법 개정안에 배당소득 분리과세 제도를 도입하는 방안을 검토 중이기 때문인데요.지금까지 배당소득은 금융소득에 포함돼, 15.4%의 과세를 부과받고 2천만 원이 넘는 경우에는 종합소득세까지 포함해 최고 49.5% 과세했습니다. 하지만 이소영 의원 입법안에는 '배당성향 35%'이상 상장사의 배당소득에 대해선 최고세율을 27.5%로 낮추는 내용을 담고 있습니다. LG유플러스는 3년 만에 1조 클럽 재가입에도 성공할 것으로 점쳐지는데요.호실적의 배경에는 SK텔레콤 해킹사태로 인한 가입자 수 증가에 있습니다. 증권가에선 ""SK텔레콤의 해킹 사건으로 80만 명의 가입자가 이탈한 것으로 파악되는데 이 중 40% 이상이 LG유플러스로 유입된 것으로 판단한다""며 ""모바일 서비스 수익이 1조 6천억 원 성장이 예상된다""고 평가했습니다.실제 LG유플러스의 올해 매출액과 영업이익은 각각 15조 3천억 원, 1조 원으로 추정되는데요. 특히 2분기 영업이익은 약 3천억 원으로, 사상 최대 분기 영업익이 기대되는 상황입니다.유진투자증권은 LG유플러스를 통신업종 내 최선호주로 꼽으며 ""신규 경영진의 수익성 중심 운영과 감가상각비 안정화 등이 복합적으로 작용해, 펀더멘털 개선이 뚜렷해지고 있다""고 평가했습니다.이익 턴어라운드 초입인 LG유플러스, 자사주 매입으로 주가 상승이 지속될지 지켜볼 필요가 있습니다. 지금까지 마켓 딥다이브였습니다.최민정기자 choimj@wowtv.co.kr",https://www.hankyung.com/article/2025072245905,2025.07.22 14:37
"코스피, 외인 '사자'에 3210선 회복…개인은 1조 '차익 실현'","美 증시 혼조에도 상승
외인 8거래일째 순매수","사진=연합뉴스

                코스피지수가 21일 외국인 투자자의 매수세에 막판 뒷심을 발휘하면서 3210선을 회복하는 데 성공했다. 다만 개인투자자들이 차익 실현에 나서면서 지수의 상승폭은 제한적인 수준을 나타냈다.이날 코스피지수는 전날보다 22.74포인트(0.71%) 오른 3210.81로 거래를 마쳤다. 지수는 이날 0.1% 오름세로 출발 후 점차 상승폭을 확대했다.외국인이 대규모 물량을 담아내면서 지수 상승을 이끌었다. 유가증권시장에서 외국인과 기관이 각각 8960억원과 1013원어치를 사들였다. 외국인은 8거래일 연속 순매수 기조를 유지했다. 반면 차익 실현에 나선 개인이 1조596억원어치를 팔아치웠다. 지난 주말 미국 증시가 혼조로 마감했음에도 국내 증시는 상승세를 보였다. 지난 18일(현지시간) 다우존스30산업지수와 S&P500지수는 각각 0.32%와 0.01% 내렸다. 나스닥종합지수는 0.05% 상승했다.이경민 대신증권 연구원은 ""코스피에서는 최근 주가 상승에 대한 부담에도 불구하고 외국인이 8거래일 연속 매수세를 이어갔다""며 ""JP모건 등 외국계 투자은행의 2년 내 코스피 5000선 전망 등 지배구조 개혁에 대한 긍정적 의견들이 나오면서 상승 부담이 ""비싸다""는 인식으로 이어지지는 않은 모습""이라고 분석했다.코스피 시가총액 상위 종목 중 두산에너빌리티(5.56%) HD현대중공업(4.81%) LG에너지솔루션(2.64%) 한화에어로스페이스(2.57%) KB금융(1.41%) SK하이닉스(1.3%) 삼성전자(1.04%) 등이 오른 반면 삼성바이오로직스(-1.14%) 네이버(-0.83%) 현대차(-0.71%) 기아(-0.5%) 등이 내렸다.한화솔루션(7.37%)은 중국의 태양광 패널 감산 소식에 더해 흑자 전환 전망이 맞물리면서 강세로 마감했다. 씨에스윈드(10.9%)는 미국으로의 824억원 규모 윈드타워 공급 계약 소식이 투자심리를 일부 개선해 급등했다. 코스닥지수는 전날보다 1.02포인트(0.12%) 오른 821.69로 거래를 마쳐 3거래일 연속 상승세를 이어갔다. 코스닥시장에서는 개인과 기관이 각각 101억원과 111억원을 사들인 반면 외국인은 191억원을 팔아치웠다.코스닥 시총 상위 종목 중 에코프로(2.37%) 펩트론(2.21%) 파마리서치(1.23%) 에코프로비엠(1.07%) 레인보우로보틱스(0.91%) 클래시스(0.34%) 등이 오른 반면 HLB(-4.91%) 리가켐바이오(-2.71%) 휴젤(-2.36%) 알테오젠(-1.43%) 삼천당제약(-0.82%) 등이 내렸다.이날 서울 외환시장에서 원·달러 환율은 전장 대비 4.8원 내린 1388.2원으로 주간 거래를 마쳤다. 고정삼 한경닷컴 기자 jsk@hankyung.com",https://www.hankyung.com/article/2025072121606,2025.07.21 16:02
,,,https://magazine.hankyung.com/business/article/202507210409b,
삼성전자 반도체 기술 中 빼돌린 前직원 2심 징역 6년,1심 징역 7년서 감형…공범은 형량 유지,"삼성전자의 반도체 핵심 기술을 중국 회사에 유출한 혐의로 기소된 전직 직원의 형량이 항소심에서 소폭 감형됐다.서울고등법원 형사8부(김성수 부장판사)는 산업기술보호법 위반 등 혐의로 기소된 전직 삼성전자 메모리사업부 부장 김모씨에게 징역 6년과 벌금 2억원을 선고했다. 지난 2월 1심에선 징역 7년, 벌금 2억원이 선고됐었다. 산업기술 유출 혐의로는 역대 최고 형량이었다.김씨와 함께 재판에 넘겨진 삼성전자 협력 업체 직원 방모씨에게는 1심 형량인 징역 2년 6개월이 유지됐다.재판부는 “피고인들은 피해 회사에 막대한 피해를 유발하는 동시에 국가 경쟁력에도 악영향을 주는 범죄를 주도해 이에 상응하는 처벌이 필요하다”며 양형 이유를 설명했다. 재판부는 “이와 유사한 중대 범죄를 예방하는 차원에서 엄한 처벌이 불가피하다”며 “원심이 합리적 재량에서 이뤄져 특별한 사정이 없다면 유지한다”고 부연했다.감형 사유에 대해선 “피고인이 특별한 범죄 전력이 없고, 다니던 회사에서 해고된 후 국내 재취업이 어렵게 되자 부득이하게 중국 기업에 취업하는 과정에서 범행에 이른 것으로 보인다”며 “피해 회사의 핵심 기술 유출에는 관여하지 않은 점, 공소 제기 후 이뤄진 검찰 수사에 협조한 점 등을 고려했다”고 설명했다.김씨는 국가 핵심 기술인 삼성전자의 18나노 D램 반도체 공정 정보를 중국 기업인 창신메모리테크놀로지(CXMT)에 무단 유출한 혐의 등을 받는다. 2016년 당시 신생 업체였던 CXMT로 이직하면서 반도체 증착 관련 자료와 7개 핵심 공정 관련 기술 자료를 빼돌리고 수백억원대 금품을 수수했다는 게 검찰 수사 결과다. 방씨는 김씨와 공모해 반도체 장비를 납품하는 협력 업체의 설계 기술 자료를 CXMT에 넘긴 혐의를 받는다.세후 기준 최소 5억원이 넘는 금액을 제시하며 삼성전자와 관계사 기술 인력 20여 명을 빼간 혐의도 있다.기술 유출 정황은 국가정보원에 의해 포착돼 2023년 5월 검찰 수사가 시작됐다.장서우 기자 suwu@hankyung.com",https://www.hankyung.com/article/202507237234i,2025.07.23 15:39
[포토] 사전예약 시작한 '갤럭시 Z7' 시리즈,,"삼성전자의 새로운 폴더블폰인 갤럭시Z7 시리즈 사전 예약이 시작된 15일 오후 서울 종로구 KT플라자 광화문중앙점에서 직원들이 갤럭시 Z폴드7과 Z플립7 사전예약 혜택을 소개하고 있다.
                    














                임형택 기자 taek2@hankyung.com",https://www.hankyung.com/article/202507159562i,2025.07.15 14:41
글로벌 결제·스테이블코인 확대·기관 추천에 헥토파이낸셜 체질 강화,,"헥토파이낸셜은 최근 핀테크 분야에서의 플랫폼 고도화와 수익 안정화를 목표로 다각적 전략을 전개하며 중장기 성장 기반을 공고히 하고 있다. 먼저, 7월 22일 열린 CEO IR Day에서는 아시아 시장 중심의 글로벌 결제 및 정산 네트워크 확장 전략과 함께 스테이블코인 기반 지급결제 시스템 도입 계획이 공개됐다. 일본·대만·싱가포르 등 국가별 법인 설립과 협업 파트너십 추진이 눈에 띄는 대목으로, 결제 기술 플랫폼의 해외 진출 로드맵이 구체화된 점이 주목된다.사업 실적 측면에서도 1분기 연결 실적은 매출 460억 원으로 전년 동기 대비 24% 성장하며 분기 최고 실적을 갈아치웠으며, 영업이익도 개선됐다. 특히 해외 서비스 확대, PG(전자결제대행) 신규 가맹점 확보, 간편현금 및 휴대폰 결제 비중 증가가 주요 성장 동인으로 작용했다. 대손충당금 증가에도 별도기준으로 수익성은 오히려 강화됐다는 점에서 사업 구조의 질적 성장 가능성이 높게 평가된다.또한, 블록체인 보안기업 하이파이브랩과의 MOU 체결로, 스테이블코인 서비스를 위한 결제 보안 및 분산키 저장 기술의 안정성을 확보한 점도 긍정적이다. MPC 기반 기술 제휴는 해외 사업 확장 시 보안 이슈에 대한 신뢰 구축 측면에서 경쟁력을 제공할 것으로 보인다.




 

수급 및 투자 의견 또는 목표가 측면에서도 긍정적 변화가 관찰된다. 신한투자증권은 IR 데이 이후 투자의견 ‘매수’를 신규 제시하고 목표주가를 3.1만 원으로 상향했으며, KB증권 역시 스테이블코인 기반 B2B 서비스 확대에 주목하며 긍정적 평가를 유지하는 등 업계 컨센서스 역시 높아지는 추세다.종합하면 헥토파이낸셜은 글로벌 결제망 확장 → 안정적 실적 성장 → 스테이블코인 결제 인프라 구현 → 기관 추천 동반 강화의 선순환 구조를 구축 중이다. 향후 관건은 해외 법인의 실질 수익 기여, 스테이블코인 서비스의 규제 적응과 상용화, 그리고 국내외 기관 수요의 지속성 여부다. 이들 흐름이 가시화될 경우, 헥토파이낸셜은 단순 PG·결제대행사를 넘어 진정한 글로벌 테크핀 플랫폼 기업으로 도약할 잠재력을 갖춘 것으로 평가된다.삼성생명, HD현대, LS에코에너지, 헥토파이낸셜, 이브이첨단소재무료상담",https://www.hankyung.com/article/202507248794a,2025.07.24 12:33
"""OTT 구독, 커피 쿠폰까지""…갤럭시Z7 하나 사면 '죄다 공짜'","갤럭시Z폴드·플립7 사전 판매 시작
이통3사, OTT·AI 등 무료 제공 혜택","사진=삼성전자 제공

삼성전자가 공개한 초슬림 폴더블 스마트폰 신제품 '갤럭시Z폴드·플립7' 사전 판매가 시작됐다. 이동통신3사(SK텔레콤·KT·LG유플러스)는 Z폴드·플립7 구매고객을 한 명이라도 더 끌어모으기 위해 각종 콘텐츠 무료 제공이나 웨어러블 기기·통신요금 할인 혜택을 전면에 내세웠다. 15일 업계에 따르면 이날 0시 Z폴드·플립7 사전 판매가 시작됐다. 삼성전자는 사전 판매 기간 신제품을 구매할 경우 저장 용량을 무상 업그레이드하는 '더블 스토리지' 혜택을 제공하고 온라인몰에서 사용할 수 있는 갤럭시 워치8 시리즈 10% 추가 할인 쿠폰, 케이스·액세서리 30% 할인 쿠폰 등을 지급한다. 이 외에도 구글 AI(인공지능) 프로 6개월 무료 구독권, 독서 플랫폼 '윌라' 무료 구독권, 정품 보호필름 1회 무료 부착 서비스를 지원한다. 이통3사 간 고객 선점 경쟁도 본격적으로 전개된다. SK텔레콤은 유심 해킹 사태 수습을 위해 운영한 위약금 면제 기간에 이탈한 가입자 손실을 회복하는 것이 과제로 꼽힌다. SK텔레콤이 전면에 내세운 혜택은 온라인동영상서비스(OTT) 티빙 3개월 무료 이용권이다. Z폴드·플립7을 개통하는 모든 고객에게 티빙 광고형 스탠다드 상품을 무료로 제공한다. T 다이렉트샵에서 Z폴드·플립7을 사전 구매하고 '다이렉트 5G 69' 이상 요금제를 선택할 경우 갤럭시 워치89 시리즈 15만원 할인권을 받을 수 있다. Z폴드·플립7 출시를 기념해 모든 고객 대상으로 T멤버십에서 T데이 오픈런 행사도 진행한다. 오는 21~22일 메가커피 커피 무료 쿠폰 77만장을 선착순으로 제공하는 것. 이 외에도 다양한 선착순, 제휴카드 혜택 등을 마련했다. KT는 구글 AI 프로 6개월 무료 구독권, 윌라 3개월 무료 구독권을 제공한다. 24개월 뒤 반납·기기변경을 조건으로 Z폴드·플립7을 개통할 경우 출고가 50%에 해당하는 보상가를 미리 제공해 비용 부담을 덜어주는 '미리보상 프로그램'도 운영한다. 이 프로그램을 이용하면 기기 할부 원금은 출고가 절반 규모에 불과하다. 요금 할인도 지원한다. 사전 구매를 한 다음 KT 5G 요금제에 가입하면 월정액의 7%를 최대 24개월간 할인받을 수 있다. 보급형 무선이어폰 제품인 갤럭시 버즈 FE와 정품 배터리팩 중 하나를 사은품으로 주는 혜택도 제공한다. LG유플러스는 AI 서비스 라이너·캔바 등 2종을 6개월간 무료 제공하는 혜택을 강조하고 있다. 라이너는 웹페이지나 문서에서 핵심 정보를 찾아 중요한 대목을 표시하고 업무·자료조사 과정에서 정확한 답변과 출처를 제공하는 서비스다. 캔바는 PPT·포스터·사회관계망서비스(SNS) 이미지 등 여러 템플릿을 활용해 디자인과 영상 작업을 지원한다. 유플러스닷컴에서 사전 구매한 고객에겐 Z폴드·플립7을 살 때 사용할 수 있는 유플러스 닷컴 전용 쿠폰 최대 20만원을 지급한다. 사용하던 휴대폰을 반납하고 Z폴드·플립7을 구매하면 기존 보상가에 더해 신세계상품권 15만원권도 제공한다. 삼성전자는 전국 삼성스토어·삼성닷컴·오픈마켓 등에서 Z폴드·플립7을 사전 판매한다. 사전 구매자는 오는 22일부터 제품을 수령·개통할 수 있다. 공식 출시일은 이달 25일이다. 김대영 한경닷컴 기자 kdy@hankyung.com",https://www.hankyung.com/article/202507158493g,2025.07.15 14:20
"""삼성전자 생각은 달라요""…'숨 쉬듯 쓰는 갤럭시' 뭐길래","삼성전자 '앰비언트 인텔리전스' 제시
영국 시메트리와 1년간 협업해 구체화
""삶에 완벽하게 스며드는 본능형 AI""
갤럭시 AI, 올해 4억대 이상 탑재 목표","엘살바도르의 인플루언서로 활동 중인 애나 캐롤라이나 샌도벌 디아즈가 지난 9일(현지시간) 미국 뉴욕 브루클린 듀갈 그린하우스에서 열린 '갤럭시 언팩 2025' 행사장을 찾아 갤럭시Z플립7을 사용하고 있다. 사진=삼성전자

삼성전자가 자사 인공지능(AI) 기술을 기반으로 한 '갤럭시 AI'를 앞세워 사용자 일상에 완벽하게 스며드는 AI 시대를 만들겠다는 구상을 내놨다. 지난 11일 삼성전자 뉴스룸에 따르면 박지선 모바일경험(MX)사업부 랭귀지 AI팀장(부사장)은 전날 미국 뉴욕 브루클린에서 열린 '갤럭시 테크 포럼'을 통해 언제나 사용자 곁에서 개인적이고 예측 가능한 AI를 제공하는 '앰비언트 인텔리전스'를 화두로 제시했다. 박 부사장은 이 자리에서 갤럭시 AI가 일상에 빠르게 확산하고 있다고 강조했다. 그는 ""지난 1월 갤럭시S25 시리즈 출시 이후 사용자의 70% 이상이 갤럭시 AI 기능을 사용해 왔다""고 말했다. 그러면서 앰비언트 인텔리전스를 강조했다. 삼성전자가 그리는 앰비언트 인텔리전스는 마치 공기 중 산소처럼 존재를 의식하지 않아도 될 만큼 삶에 완벽하게 스며들어 제2의 본능처럼 작동하는 AI를 뜻한다. 
                    



박지선 삼성전자 모바일경험(MX)사업부 랭귀지 AI팀장(부사장). 사진=삼성전자

                이 구상은 삼성전자가 영국 런던에 있는 연구기관 시메트리와 1년간 협업을 거쳐 구체화됐다. 이에 따르면 사용자 중 60%는 별도 프롬프트 없이도 일상적 습관을 토대로 스마트폰이 자신의 니즈를 예상해주길 원하는 것으로 나타났다. 박 부사장은 ""일각에서는 AI를 ‘포스트 스마트폰’ 시대의 시작으로 보지만 삼성전자는 다르게 생각한다""며 ""스마트폰이 단순히 응답하는 것을 넘어 필요를 예측하고 주변을 인지하면서 배경에서 조용히 작동해 일상을 한층 편안하게 해주는 미래를 만들어가고 있다""고 설명했다. 포럼 패널로 참석한 민디 브룩스 구글 안드로이드 소비자 상품 및 경험 총괄 부사장은 몰티모달 AI가 단순반응형 응답을 넘어 텍스트·비전·음성 등 다양한 입력을 통해 사용자 의도를 더 깊이 이해하는 단계로 나아가고 있다고 봤다. 브룩스 부사장은 ""제미나이는 삼성과의 긴밀한 협업을 기반으로 다양한 삼성 디바이스에서 끊김 없이 작동하고 핵심 앱들과도 매끄럽게 연결된다""며 ""이를 통해 사용자에게 더욱 유용하고 개인화된 응답을 제공할 수 있다""고 말했다.비네쉬 수쿠마르 퀄컴 제품 관리 총괄 부사장은 AI가 보호해야 할 정보가 많아지고 있다면서 ""프라이버시, 성능, 그리고 개인화는 서로 맞바꿔야 할 선택지가 아닌, 동등하게 고려돼야 하는 기준""이라고 강조했다. 
                    



지난 9일(현지시간) 미국 뉴욕 브루클린 듀갈 그린하우스에서 열린 '갤럭시 언팩 2025' 행사장 내 체험공간에서 관람객들이 갤럭시Z폴드·플립7을 살펴보고 있다. 사진=삼성전자

                삼성전자는 앰비언트 인텔리전스 구상을 실현시키기 위한 초석으로 갤럭시 AI 사용경험을 확산하는 데 주력하고 있다. 노태문 삼성전자 디바이스경험(DX)부문장 직무대행 사장은 지난 9일 '갤럭시 언팩 2025' 이후 진행된 기자간담회에서 ""작년 2억대의 기기에 갤럭시 AI를 탑재하겠다는 말씀을 드렸는데 올해는 그 두 배인 4억대 이상으로 확대하겠다""고 말했다. 그러면서 ""갤럭시 AI는 고객의 일상에 실질적인 도움을 드릴 수 있는 유용한 기능들을 중심으로 발전해 왔다""며 ""앞으로 갤럭시 AI는 스마트폰을 중심으로 갤럭시 생태계 전체를 연결하고 확장하는 핵심 플랫폼의 역할을 하게 될 것""이라고 했다. 김대영 한경닷컴 기자 kdy@hankyung.com",https://www.hankyung.com/article/202507112566g,2025.07.12 11:40
신용대출 이자 절감 꿀팁! 증권사 3%대 대출 전환법 공개,,"전송종목 : 하이비젼시스템, 수산인더스트리, 한전산업, 옵투스제약, 두산테스나




 

최근 주식 투자자들 사이에서 주식대출(미수/신용융자 등)의 고금리에 대한 부담이 커지고 있다.특히 저금리를 적용 받고 싶어도, 기존 대출을 상환하고 다시 주식을 매수해야 하는 번거로운 절차와 자금 조달의 어려움이 발목을 잡고 있다.이런 현실적인 문제를 해결하고자, 무빙스탁이 ‘증권사 신용, 대환자금대출’ 서비스를 전격 출시했다.이 상품은 주식을 매도하지 않고도, 기존의 고금리의 주식대출(미수/신용융자 등)의 3%대의 혁신적인 저금리 증권사로 전환할 수 있도록 상환자금을 제공하는 것이 핵심이다.무빙스탁 관계자는 “현재 증권사 이벤트 금리는 연 3%대 수준으로, 기존 9~10%대 고금리를 적용받는 투자자라면 절감 효과가 상당하다”며, 금리를 5%만 낮추면 “1억원 신용대출 기준으로 연간 약 500만원, 3억원이라면 1,500만원까지도 절약할 수 있다”고 밝혔다.더 놀라운 점은, 현재는 이벤트 기간으로 대환자금대출 신청시 발생하는 이자 비용까지 ‘0원’이라는 사실이다. 대환자금에 대해서 하루의 대출이자도 부담하지 않고 기존 고금리 대출을 저금리로 전환할 수 있어, 고금리 부담에 시달리던 투자자들에게 큰 호응을 얻을 전망이다.이 서비스는 부동산 시장에서 흔히 이용되던 대환대출 개념을 증권시장에 도입한 혁신적인 시도로, 주식 투자자들의 자금 운용에 새로운 대안을 제시할 것으로 기대된다.무빙스탁 ‘증권사 신용, 대환자금대출’의 비용 무료 이벤트는 이벤트 기간 동안 한정적으로 제공되는 만큼, 신용융자를 이용 중인 투자자라면 지금 바로 확인해볼 필요가 있다.★ 장마감 시간이 가까워질수록 문의가 많아 상담이 지연될 수 있습니다.★ 7월 문의하신 고객들이 많이 보유하신 종목으로는 삼성전자, POSCO홀딩스, 셀트리온, 포스코퓨처엠, 에코프로비엠, NAVER, 에코프로, 삼성SDI, LG화학, SK하이닉스, 두산에너빌리티, 카카오, SK이노베이션, LG에너지솔루션, 엘앤에프, 삼천당제약, 현대차, 알테오젠, HPSP, LG전자 등이 있습니다.★ 안내사항과도한 빚은 당신에게 큰 불행을 안겨줄 수 있습니다. 대출 시 신용등급 하락으로 다른 금융거래가 제약받을 수 있습니다. 중개수수료를 요구하거나 받는 것은 불법입니다.상호명: ㈜단비대부 2021-서울영등포-2102(대부업) | TEL: 1544-4886 | 대출금리: 연 20%이내(연체금리는 약정금리+3%p이내, 최대 연 20%이내) | 단, 2021. 7. 7.부터 신규체결, 갱신, 연장되는 계약에 한함 | 채무의 조기상환 조건 및 부대비용 없음. (단, 신용조회비용 및 담보권설정비용 있음), 이자 외 별도로 중개수수료를 요구하거나 수취하는 것은 불법입니다. | 대표이사: 박동원 | 사업자등록번호: 274-86-00231 | 등록기관명칭: 서울 영등포구청(담당부서: 일자리경제과, 02-2670-3420) | 소재지 : 서울 영등포구 여의대방로67길 11, 5층 517호 | 개인정보관리자메일: help@danbifund.co.kr무료상담",https://www.hankyung.com/article/202507173382a,2025.07.17 10:48
"16일, 거래소 기관 순매도상위에 전기,전자 업종 3종목",,"기관 투자자는 16일 거래소에서 SK하이닉스, KODEX 레버리지, 삼성전자 등을 중점적으로 매도한 것으로 나타났다.기관 투자자의 순매도 상위 20개 종목은 SK하이닉스, KODEX 레버리지, 삼성전자, 달바글로벌, KODEX 200, 현대차, KODEX 금융고배당TOP10타겟위클리커버드콜, SK스퀘어, 에이피알, SK이노베이션등이다.이중에 전기,전자 업종에 속한 종목이 3개 포함되어 있다.삼성전자, SK스퀘어, 효성중공업 등은 전일 대비 주가가 상승했고, SK하이닉스, KODEX 레버리지, 달바글로벌 등은 주가가 하락했다.[07월16일]거래소 기관 순매도 상위 종목한경로보뉴스이 기사는 한국경제신문과 금융 AI 전문기업 씽크풀이 공동 개발한 기사 자동생성 알고리즘에 의해 실시간으로 작성된 것입니다.",https://www.hankyung.com/article/202507162910L,2025.07.16 18:35
"김정관 산업장관 후보자, 두산에너빌 등 이해충돌 주식 처분",,"사진=연합뉴스

                현직 기업인 출신으로 산업통상자원부 장관에 지명된 김정관 후보자가 직전 직장인 두산에너빌리티 등 이해 충돌 가능성이 있는 주식을 모두 처분한 것으로 나타났다.관료 출신으로 두산에너빌리티 사장을 지낸 김 후보자는 관직에서 물러난 뒤 배우자와 함께 급여 등으로 55억원 가까운 자산을 추가로 형성한 것으로 나타났다.14일 국회 산업통상자원중소벤처기업위원회 소속 김성원 국민의힘 의원에 따르면 김 후보자는 최근 국회에 제출한 인사청문회 자료 제출 요구 답변서에서 자신과 배우자가 보유한 두산에너빌리티 등 직무 관련성이 있다고 판단되는 주식은 매각했다고 밝혔다.앞서 김 후보자는 국회에 제출한 자료에서 본인 명의로 두산에너빌리티(6억4227만원), 한국전력(236만원) 등 총 11억8180만원어치 주식을 보유하고 있다고 신고했다.김 후보자의 배우자 역시 두산에너빌리티(2191만원)를 비롯해 삼성전자(1581만원), 한국전력(196만원) 등 6억9842만원 상당의 증권을 보유 중이었다.현행 공직자윤리법은 고위공직자 본인 및 이해관계자가 보유한 주식의 총가액이 3000만원을 초과하면 2개월 이내에 주식 매각 또는 백지신탁을 하도록 규정하고 있다.김 후보자는 인사청문회에 앞서 본인과 배우자가 보유한 주식 가운데 논란이 될 수 있는 이해충돌주를 모두 처분한 것으로 보인다.김 후보자는 자신과 배우자, 자녀들의 재산으로 총 65억927만원을 신고했다.2018년 기획재정부 퇴직 당시 신고한 재산은 10억2185만원으로, 두산그룹으로 자리를 옮긴 뒤 재산이 54억8742만원 불어난 것으로 나타났다.김 후보자는 최근 5년간 소득이 55억3679만원이라고 신고했고, 김 후보자의 배우자는 최근 5년간 9억7173만원의 소득을 거뒀다고 신고했다.김 후보자의 배우자는 글로벌 제약회사 임상 연구원 등을 거쳐 2020년부터 바이오 관련 기업 전무로 재직하고 있다.신민경 한경닷컴 기자 radio@hankyung.com",https://www.hankyung.com/article/2025071460167,2025.07.14 09:52
"18일, 외국인 거래소에서 SK하이닉스(-0.19%), 삼양식품(-5.53%) 등 순매도",,"외국인 투자자는 18일 거래소에서 SK하이닉스, 삼양식품, POSCO홀딩스 등을 중점적으로 매도한 것으로 나타났다.외국인 투자자의 순매도 상위 20개 종목은 SK하이닉스, 삼양식품, POSCO홀딩스, 한화오션, 현대로템, 삼성전자우, 유한양행, 삼성바이오로직스, 현대차, 한국콜마등이다.이중에 전기,전자 업종에 속한 종목이 3개 포함되어 있다.POSCO홀딩스, 현대차, 카카오페이 등은 전일 대비 주가가 상승했고, SK하이닉스, 삼양식품, 한화오션 등은 주가가 하락했다.[07월18일]거래소 외국인 순매도 상위 종목한경로보뉴스이 기사는 한국경제신문과 금융 AI 전문기업 씽크풀이 공동 개발한 기사 자동생성 알고리즘에 의해 실시간으로 작성된 것입니다.",https://www.hankyung.com/article/202507187936L,2025.07.18 18:35
"'특검 수사팀장'으로 뜬 윤석열, 결국 특검에 무너졌다 [정치 인사이드]",'특검의 아이콘'에서 '특검 대상'으로,"윤석열 전 대통령이 9일 서울 서초구 서울중앙지방법원에서 열린 2차 구속 전 피의자 심문(영장실질심사)을 마친 뒤 서울구치소로 향하고 있다. 

                윤석열 전 대통령이 재구속됐다. 이번엔 과거 자신의 국민적 인지도를 얻는 계기가 됐던 '특검'의 칼날에 무너졌다.서울중앙지법 남세진 영장 전담 부장판사는 10일 오전 2시 7분 직권남용권리행사방해, 허위공문서작성, 특수공무집행 방해 등 혐의로 윤 전 대통령의 구속 영장을 발부했다. 사유는 증거인멸의 우려다.국정농단 의혹을 수사했던 박영수 특검 수사팀장을 지낸 '검사 윤석열'은 9년 뒤, 조은석 특검에 의해 서울구치소에 수감됐다. 특검으로 뜬 정치인이 특검에 잡힌 전직 대통령이 되는 정치사의 한 장면이 완성됐다.
                    



2013년 10월 21일 서울고등검찰청에서 열린 국회 국정감사에서 국정원 대선 개입 사건 특별수사팀장이었던 윤석열 당시 여주지청장이 위원들의 질의에 답하는 모습/  사진=연합뉴스

                윤석열의 정치 경로는 한국 현대 정치사 그 자체다. 서울대 법대를 졸업하고 검사 생활을 시작한 그는 특수통이자 반골 검사로 분류됐다. 정권 실세를 정면으로 겨냥한 '권력형 비리' 수사를 계속했다. 특히 2013년 국가정보원 댓글 조작 사건 당시 수사팀장으로서 상부의 외압을 폭로하며 수사팀에서 쫓겨났고, 이는 그를 대중적 주목의 전면으로 끌어올리는 계기가 됐다. ""나는 사람에게 충성하지 않는다""는 윤 전 대통령의 발언이 이때 나왔다.이후 윤 지검장은 징계 및 좌천성 인사로 한직을 전전하다가 2016년 '국정농단' 박영수 특검팀의 수사팀장으로 활약하면서 본격적으로 '스타 검사'로 부상했다. 그는 박근혜 전 대통령과 청와대, 재벌 총수들을 정면으로 겨냥한 수사를 이끌었다. 삼성전자 이재용 부회장의 구속, 청와대 문건 공개, 최순실의 태블릿PC 등 굵직한 단서들을 정리하며 수사 전면에 나섰다. 그는 당시 진보 진영과 일부 언론에서 '정의 구현의 아이콘'처럼 대우받았다.문재인 정부는 그를 서울중앙지검장에 임명하며 차기 검찰 수장의 길로 안내했고, 2019년 마침내 검찰총장으로 임명됐다. 하지만 그때부터 아이러니하게도 '윤석열 대 문재인 정권'이라는 갈등 구도가 본격화했다. 조국 전 법무부 장관 수사로 촉발된 갈등은 검찰개혁 이슈, 윤 총장 징계 파동, 추미애·박범계 장관과의 극한 대립으로 이어지면서, 윤석열은 '반문재인의 상징'이 됐다.
                    



윤석열 전 대통령이 검찰총장직을 내려놓고 서울 서초구 매헌윤봉길의사기념관에서 대선출마 기자회견을 하는 모습. / 김병언 기자

                정권과 관계없이 권력의 심장을 찌르는 '강골 검사'의 이미지는 결국 정치권 데뷔로 이어졌다. 2021년 3월 검찰총장에서 사퇴한 윤 전 대통령은 국민의힘에 입당한 뒤 압도적으로 지지를 얻어 대선 후보가 됐고, 2022년 3월 제20대 대통령 선거에서 당선됐다. '검사 출신 대통령', '장외 0선' 출신으로 처음으로 대권을 거머쥐는 기록을 세웠다. 그러나 이후 '위기'는 윤 대통령이 스스로 자초했다. 지난해 12·3 계엄 사태 이후 윤 전 대통령에 대한 탄핵 소추와 헌법재판소의 만장일치 탄핵 결정은 일사천리로 이뤄졌다. 정권이 바뀐 뒤 그를 겨냥한 특검도 빠르게 출범했다. '12·3 비상계엄' 관련 내란·외환 혐의를 수사하는 조은석 특검은 수사 개시 3주 만에 윤 전 대통령의 신병을 확보하며 수사의 9부 능선을 넘었다.특검으로 정치에 발을 들인 윤 전 대통령은 결국 특검의 칼날에 스스로 무너졌다는 평가를 피할 수 없게 됐다.이슬기 한경닷컴 기자 seulkee@hankyung.com",https://www.hankyung.com/article/2025071094617,2025.07.10 15:20
"키움증권, 코스피200지수와 삼성전자 ELS 판매",,"키움증권은 코스피200지수와 삼성전자를 기초자산으로 하는 세전 연 9.2%의 ELS(주가연계증권)를 판매한다고 18일 밝혔다.키움증권이 이번에 출시한 ‘제3517회 키움 ELS(주가연계증권)’는 KOSPI200지수와 삼성전자 보통주를 기초자산으로 한다. 조건 충족 시 최고 연 9.2%(세전)의 수익이 지급되는 금융투자상품이다. 만기는 3년이고, 6개월마다 조기상환기회가 주어진다.조기상환형 ELS는 일정한 간격으로 조기상환평가일을 두고 그 날짜에 모든 기초자산의 가격이 조기상환배리어보다 높으면 수익을 지급하고 종료되는 구조다. 이 상품은 6개월마다 조기상환평가일이 도래하고, 조기상환배리어는 90%-85%-85%-80%-75%-70%로 점차 낮아지는 스텝다운형 ELS이다. 첫 조기상환배리어는 90%이므로, 제1차 조기상환평가일에 두 기초자산이 모두 최초기준가의 90% 이상이면 상환되고, 그렇지 못하면 6개월 후인 2차 조기상환평가일의 기초자산가격이 2차 조기상환배리어보다 높은지 관찰하게 된다.낙인배리어는 손실이 발생할 수 있는 기준점이다. 이 상품의 낙인배리어는 50%로, 기초자산인 KOSPI200지수 또는 삼성전자 보통주의 종가가 최초기준가에 비해 -50%의 손실을 기록한다면 낙인배리어를 터치한 것이므로 ELS의 원금손실이 발생할 수 있다. 만일 만기까지 두 기초자산 중 하나도 주가가 -50%로 떨어진 적 없다면 낙인배리어를 터치하지 않은 것으로 이 ELS는 세전 연 9.2%의 수익을 얻고 상환된다.키움증권은 ‘제3517회 키움 ELS’ 뿐 아니라 총 27종목의 ELS를 판매하고 있다.ELS(주가연계증권)는 고난도 금융투자상품으로 금융소비자보호를 위해 청약 후 2영업일간 숙려기간을 거쳐 다시 가입의사 확정을 해야 매수할 수 있다. 이번주 키움증권 ELS는 7월 21일(월) 오후 5시까지 청약하고, 7월 24일(목) 낮1시까지 가입의사 확정 처리를 해야한다. 키움증권 ELS는 오프라인 판매를 하지 않으므로 영웅문S#(모바일앱), HTS, 키움증권 홈페이지 등 온라인으로만 청약할 수 있다.※ 이 금융상품은 예금보호법에 따라 보호되지 않습니다. ※ 투자 전 설명 청취 및 상품설명서.약관 필독 ※ (자산가격 변동), (환율변동), (신용등급 하락)등에 따른 원금손실 발생가능 및 투자자 귀속 ※ 발행사(키움증권 AA-, 2025.05.23 기준, 한국신용평가) 신용위험에 따른 원금손실 가능(AAA / AA.A.BBB 각+,O,-순으로 투자적격등급 구분) ※ 청약의 권유는 (예비.간이)투자설명서에 따름 ※ 수익률은 조건 충족시 최대 수익률에 불과, 수익률 달성 비보장, 투자 전 확인 ※ 투자자 요청에 의한 중도상환시 원금손실 가능 ※ [원금지급형.원금부분지급형] 중도상환시 최대손실률 초과 가능",https://www.hankyung.com/article/202507186669P,2025.07.18 10:39
"AI·양자컴퓨팅·비용 구조 개선 모멘텀…LG전자, 구조적 반등 국면 진입",,"LG전자는 최근 AI, 양자컴퓨팅, 데이터센터 냉각 솔루션, 그리고 비용 구조 개선에 기반한 복합 모멘텀이 맞물리며 구조적인 반등 국면에 진입한 것으로 평가받는다.먼저, 회사는 AI 기반 가전과 전장·로봇 신사업에 대한 투자를 확대하며 중장기 성장 기대를 키우고 있다. 특히 ‘LG AI TV’와 AI 가전제품 출시가 시장에서 긍정적인 반응을 이끌어내는 한편, 글로벌 사업 확장의 발판으로 작용하고 있다.양자컴퓨팅 분야에서의 행보도 주목된다. IBM 퀀텀 네트워크에 합류한 데 이어, AI와 양자컴퓨팅 기술을 접목해 데이터센터 운영 효율화를 추진하고 있는 것은 LG전자의 미래가치를 크게 개선시킨 요소로 평가된다.




 

또한 AI 데이터센터용 냉각 시스템—공랭·수랭·액침 냉각이 혼용되는 하이브리드 솔루션—공급 모멘텀도 주요 호재로 꼽힌다. 글로벌 대형 데이터센터에서 해당 시스템 채택이 가시화되면서 관련 기대감이 주가에 반영되고 있다.이와 함께 비용 구조 개선 기대도 상당하다. 2분기 실적 전망은 다소 부진할 것이라는 분석이 있지만, 운임비·원자재 비용 등의 구조적 안정화가 하반기 수익성 턴어라운드로 이어질 것이라는 예상이 나오고 있다. 한국투자증권은 관세 리스크에도 견조한 1분기 실적을 보였고, 2분기 실적 방어 여부가 주가 회복의 분수령이 될 것이라고 분석했다.결국 LG전자의 최근 주가 흐름은 단순한 실적 모멘텀에 머무르지 않는다. AI·양자컴퓨팅·데이터센터 사업의 기술적 진전과 비용 구조 효과, 그리고 글로벌 시장에서의 수요 회복이 동시에 작용하며 ‘구조적 반등’ 기반을 마련했다는 평가다. 다만 향후 실적 발표, 관세 영향 완화 시점, 신사업 수익화 속도 등이 향방을 결정할 주요 변수로 부각된다.LG이노텍, 형지글로벌, 두산, 산일전기, 삼성물산무료상담",https://www.hankyung.com/article/202507223631a,2025.07.22 11:53
이자 폭탄 막자! 증권사 신용대출 3%대 전환으로 절약하는 법,,"전송종목 : 현대로템, LG씨엔에스, 신성델타테크, LG전자, 엘앤에프최근 주식 투자자들 사이에서 주식대출(미수/신용융자 등)의 고금리에 대한 부담이 커지고 있다.특히 저금리를 적용 받고 싶어도, 기존 대출을 상환하고 다시 주식을 매수해야 하는 번거로운 절차와 자금 조달의 어려움이 발목을 잡고 있다.이런 현실적인 문제를 해결하고자, 무빙스탁이 ‘증권사 신용, 대환자금대출’ 서비스를 전격 출시했다.이 상품은 주식을 매도하지 않고도, 기존의 고금리의 주식대출(미수/신용융자 등)의 3%대의 혁신적인 저금리 증권사로 전환할 수 있도록 상환자금을 제공하는 것이 핵심이다.무빙스탁 관계자는 “현재 증권사 이벤트 금리는 연 3%대 수준으로, 기존 9~10%대 고금리를 적용받는 투자자라면 절감 효과가 상당하다”며, 금리를 5%만 낮추면 “1억원 신용대출 기준으로 연간 약 500만원, 3억원이라면 1,500만원까지도 절약할 수 있다”고 밝혔다.더 놀라운 점은, 현재는 이벤트 기간으로 대환자금대출 신청시 발생하는 이자 비용까지 ‘0원’이라는 사실이다. 대환자금에 대해서 하루의 대출이자도 부담하지 않고 기존 고금리 대출을 저금리로 전환할 수 있어, 고금리 부담에 시달리던 투자자들에게 큰 호응을 얻을 전망이다.이 서비스는 부동산 시장에서 흔히 이용되던 대환대출 개념을 증권시장에 도입한 혁신적인 시도로, 주식 투자자들의 자금 운용에 새로운 대안을 제시할 것으로 기대된다.무빙스탁 ‘증권사 신용, 대환자금대출’의 비용 무료 이벤트는 이벤트 기간 동안 한정적으로 제공되는 만큼, 신용융자를 이용 중인 투자자라면 지금 바로 확인해볼 필요가 있다.★ 장마감 시간이 가까워질수록 문의가 많아 상담이 지연될 수 있습니다.★ 7월 문의하신 고객들이 많이 보유하신 종목으로는 삼성전자, POSCO홀딩스, 셀트리온, 포스코퓨처엠, 에코프로비엠, NAVER, 에코프로, 삼성SDI, LG화학, SK하이닉스, 두산에너빌리티, 카카오, SK이노베이션, LG에너지솔루션, 엘앤에프, 삼천당제약, 현대차, 알테오젠, HPSP, LG전자 등이 있습니다.★ 안내사항과도한 빚은 당신에게 큰 불행을 안겨줄 수 있습니다. 대출 시 신용등급 하락으로 다른 금융거래가 제약받을 수 있습니다. 중개수수료를 요구하거나 받는 것은 불법입니다.상호명: ㈜단비대부 2021-서울영등포-2102(대부업) | TEL: 1544-4886 | 대출금리: 연 20%이내(연체금리는 약정금리+3%p이내, 최대 연 20%이내) | 단, 2021. 7. 7.부터 신규체결, 갱신, 연장되는 계약에 한함 | 채무의 조기상환 조건 및 부대비용 없음. (단, 신용조회비용 및 담보권설정비용 있음), 이자 외 별도로 중개수수료를 요구하거나 수취하는 것은 불법입니다. | 대표이사: 박동원 | 사업자등록번호: 274-86-00231 | 등록기관명칭: 서울 영등포구청(담당부서: 일자리경제과, 02-2670-3420) | 소재지 : 서울 영등포구 여의대방로67길 11, 5층 517호 | 개인정보관리자메일: help@danbifund.co.kr무료상담",https://www.hankyung.com/article/202507223179a,2025.07.22 13:28
XR헤드셋도 곧 출격…애플·메타에 '도전장',,"삼성전자가 확장현실(XR) 헤드셋 1호 모델을 올해 내놓는다. 구글 및 퀄컴과 손잡고 메타와 애플이 선점한 XR 헤드셋 시장에 도전장을 내미는 것이다.노태문 삼성전자 디바이스경험(DX)부문장 직무대행(사장)은 9일(현지시간) 미국 뉴욕에서 연 기자간담회에서 “연내 출시를 목표로 XR 헤드셋 ‘프로젝트 무한’의 완성도를 끌어올리는 작업을 벌이고 있다”고 말했다.‘프로젝트 무한’은 삼성전자가 구글, 퀄컴과 손잡고 개발하는 첫 안드로이드 XR 헤드셋을 말한다. XR 헤드셋에 들어가는 멀티모달 인공지능(문서·이미지·영상 정보를 모두 처리하는 AI)은 구글이 맡고, 퀄컴은 이 기기에 들어가는 애플리케이션프로세서(AP)를 개발한다. 삼성전자의 몫은 하드웨어 개발이다.지난해 12월 구글이 개발자들에게 제한적으로 공개한 데 이어 올 1월 ‘갤럭시 언팩 2025’ 행사 때 언론에 처음 실물을 공개했다. 업계에선 삼성의 XR 헤드셋을 갤럭시 워치 및 링으로 조작할 수 있을 것으로 예상하고 있다. 여기에 손동작으로 컨트롤하는 기능도 담길 것으로 알려졌다. 성공의 관건은 삼성이 내놓은 XR 헤드셋이 애플의 ‘비전 프로’나 메타의 ‘퀘스트’보다 얼마나 편리하면서도 저렴하냐다. 비전 프로는 3499달러라는 비싼 가격이, 퀘스트는 부족한 콘텐츠가 약점으로 거론된다.뉴욕=박신영 특파원 nyusos@hankyung.com",https://www.hankyung.com/article/2025071011401,2025.07.10 18:10
"""말하지 않아도 알아서 해주는 갤럭시AI 될 것""",,"삼성전자가 갤럭시 AI(인공지능)를 사용자가 필요한 것을 미리 알아서 해주는 똑똑한 AI로 발전시킬 것이라고 예고했다.박지선 삼성전자 모바일경험(MX)사업부 랭귀지(언어) AI팀 부사장은 지난 9일(현지 시간) 미국 뉴욕에서 열린 '멀티모달 AI 브리핑'에서 ""멀티모달과 사용자의 의도를 이해하는 능력을 갖춘 AI가 앞으로 사용자 경험의 새로운 표준이 될 것""이라고 강조했다. 멀티모달 AI는 텍스트, 이미지, 음성, 영상 등 다양한 유형의 정보를 통합해 인식하는 AI를 말한다.옷장을 스마트폰 카메라로 보여주면서 ""오늘 날씨에 맞는 옷 추천해줘""라고 요청하면 AI가 날씨 정보와 옷들을 함께 분석해 답변해주는 식이다. 현재 갤럭시 AI의 '비전 AI'가 이런 기능을 제공하고 있다.삼성전자는 더 나아가 사용자가 일일이 명령하지 않아도 사용자의 의도와 사용 패턴을 파악해 먼저 도움을 주는 개인화된 AI를 개발 중이다.갤럭시 S25에서 선보인 '나우 브리프'가 이런 AI의 초기 단계라고 할 수 있다. 나우 브리프는 사용자의 생활 패턴을 학습해 운동 계획이나 여행 일정 등에 맞는 정보를 미리 알려준다.갤럭시 AI의 궁극적인 지향점은 사용자가 일일이 명령하는 수고 없이  사용자의 일상에 자연스럽게 녹아들어 상황에 맞게 능동적으로 작동하는 '앰비언트 인텔리전스'(Ambient Intelligence)다. 박 부사장은 ""스마트폰뿐만 아니라 워치, 링, 가전제품, TV까지 확장해 사용자 눈에는 보이지 않지만 옆에서 개인에 맞는 서비스를 자연스럽게 제공받게 될 것""이라고 설명했다.김채연 기자 why29@hankyung.com",https://www.hankyung.com/article/202507134972i,2025.07.13 15:20
이자 폭탄 막자! 증권사 신용대출 3%대 전환으로 절약하는 법,,"전송종목 : 동성케미컬, 이엔에프테크놀로지, 디와이피엔에프, 원익머트리얼즈, 우진




 

최근 주식 투자자들 사이에서 주식대출(미수/신용융자 등)의 고금리에 대한 부담이 커지고 있다.특히 저금리를 적용 받고 싶어도, 기존 대출을 상환하고 다시 주식을 매수해야 하는 번거로운 절차와 자금 조달의 어려움이 발목을 잡고 있다.이런 현실적인 문제를 해결하고자, 무빙스탁이 ‘증권사 신용, 대환자금대출’ 서비스를 전격 출시했다.이 상품은 주식을 매도하지 않고도, 기존의 고금리의 주식대출(미수/신용융자 등)의 3%대의 혁신적인 저금리 증권사로 전환할 수 있도록 상환자금을 제공하는 것이 핵심이다.무빙스탁 관계자는 “현재 증권사 이벤트 금리는 연 3%대 수준으로, 기존 9~10%대 고금리를 적용받는 투자자라면 절감 효과가 상당하다”며, 금리를 5%만 낮추면 “1억원 신용대출 기준으로 연간 약 500만원, 3억원이라면 1,500만원까지도 절약할 수 있다”고 밝혔다.더 놀라운 점은, 현재는 이벤트 기간으로 대환자금대출 신청시 발생하는 이자 비용까지 ‘0원’이라는 사실이다. 대환자금에 대해서 하루의 대출이자도 부담하지 않고 기존 고금리 대출을 저금리로 전환할 수 있어, 고금리 부담에 시달리던 투자자들에게 큰 호응을 얻을 전망이다.이 서비스는 부동산 시장에서 흔히 이용되던 대환대출 개념을 증권시장에 도입한 혁신적인 시도로, 주식 투자자들의 자금 운용에 새로운 대안을 제시할 것으로 기대된다.무빙스탁 ‘증권사 신용, 대환자금대출’의 비용 무료 이벤트는 이벤트 기간 동안 한정적으로 제공되는 만큼, 신용융자를 이용 중인 투자자라면 지금 바로 확인해볼 필요가 있다.★ 장마감 시간이 가까워질수록 문의가 많아 상담이 지연될 수 있습니다.★ 7월 문의하신 고객들이 많이 보유하신 종목으로는 삼성전자, POSCO홀딩스, 셀트리온, 포스코퓨처엠, 에코프로비엠, NAVER, 에코프로, 삼성SDI, LG화학, SK하이닉스, 두산에너빌리티, 카카오, SK이노베이션, LG에너지솔루션, 엘앤에프, 삼천당제약, 현대차, 알테오젠, HPSP, LG전자 등이 있습니다.★ 안내사항과도한 빚은 당신에게 큰 불행을 안겨줄 수 있습니다. 대출 시 신용등급 하락으로 다른 금융거래가 제약받을 수 있습니다. 중개수수료를 요구하거나 받는 것은 불법입니다.상호명: ㈜단비대부 2021-서울영등포-2102(대부업) | TEL: 1544-4886 | 대출금리: 연 20%이내(연체금리는 약정금리+3%p이내, 최대 연 20%이내) | 단, 2021. 7. 7.부터 신규체결, 갱신, 연장되는 계약에 한함 | 채무의 조기상환 조건 및 부대비용 없음. (단, 신용조회비용 및 담보권설정비용 있음), 이자 외 별도로 중개수수료를 요구하거나 수취하는 것은 불법입니다. | 대표이사: 박동원 | 사업자등록번호: 274-86-00231 | 등록기관명칭: 서울 영등포구청(담당부서: 일자리경제과, 02-2670-3420) | 소재지 : 서울 영등포구 여의대방로67길 11, 5층 517호 | 개인정보관리자메일: help@danbifund.co.kr무료상담",https://www.hankyung.com/article/202507173368a,2025.07.17 08:33
"""이재용 10년 누가 배상?""…야권서 '네탓' 공방",,"사진=연합뉴스

                이재용 삼성전자 회장의 무죄 선고가 나오자 야권 내 갈등이 격화했다. 이 회장의 기소 등과 관련해 책임 공방을 벌이면서다.17일 이상철 한국경영자총협회 홍보실장은 ""인공지능(AI), 반도체 등 첨단기술의 글로벌 경쟁이 치열해지고 미국발 관세 문제, 저성장 고착화 등 난제가 산적한 상황에서 한국기업을 대표하는 삼성전자의 역할은 어느 때보다 중요하다""고 했다.이 회장의 무고 소식이 알려진 후 정치권과 법조계에서는 검찰의 무리한 기소를 비판하는 목소리가 나왔다.백지원 전 국민의힘 중앙선대위 대변인은 페이스북을 통해 ""이재용 회장의 10년은 누가 배상하나. 김어준 방송에서 가벼운 입으로 떠들며 문재인 정부의 '삼성 죽이기' 어용 패널로 출연료 챙기고 20년간 싸웠다며 삼성 저격수를 자처하며 삼성 짓밟기에 혈안이었던 자가 보수 패널이 신선놀음하는 것은 그 자체로 몹시 저질스러운 현실""이라고 밝혔다. 이는 친한동훈계로 구분되며 한동훈 비대위에서 비대위원으로 일했던 김경율 회계사를 겨냥한 발언이다.홍준표 전 대구시장은 자신의 사회관계망서비스(SNS) 글을 통해 ""재벌을 무조건 잡아야 뜬다는 못된 명예심에 들떠 막무가내로 수사한 윤석열, 한동훈의 합작품이었다""고 주장했다.이어 ""그사이 삼성전자의 위축으로 한국 경제에 미친 부정적 영향이 얼마나 지대했나""라며 ""두 사냥개의 정치적 목적에 따른 검찰권 남용으로 그간 얼마나 많은 보수·우파 진영 사람들이 아직도 곤욕을 치르고 있나""라고 반문했다.이 회장 관련 사건은 2020년 당시 이복현 전 금융감독원장이 서울중앙지검 경제범죄형사부 부장검사로 수사를 이끌었고, 윤석열 전 대통령이 총책임자인 서울중앙지검장으로 수사를 지휘했다.다만 한동훈 전 대표는 이 회장 수사 당시에는 수사팀에 없었던 것으로 알려져 홍 시장의 발언은 현실과 다소 괴리가 있다는 지적이 나온다. 송영훈 전 국민의힘 대변인은 페이스북을 통해 ""대법원에서 무죄 확정된 이재용 삼성전자 회장에 대한 과거 검찰의 구속영장 청구와 기소를 두고 한동훈 전 대표가 한 것이라는 분들이 있는데, 공론장에서 팩트는 정확히 해야 한다""고 반박했다.그는 ""한 전 대표는 서울중앙지검의 이재용 당시 부회장에 대한 구속영장 청구 시점에는 좌천성 인사로 부산에, 기소 시점에는 연이은 좌천으로 심지어 용인 법무연수원에 있었다""고 설명했다.실제 법무부에 공개된 한 전 대표의 경력 사항에는 한 전 대표가 2020년 1월 부산고등검찰청으로, 2021년에는 사법연수원에 인사 이동된 사실이 적시됐다.한편 양향자 전 국민의힘 의원은 이 회장의 무죄 확정 기사를 공유하며 ""모든 것이 제자리로 돌아왔다""며 ""삼성은 이제 도약할 일만 남았다. 대한민국의 미래도 다시 뛸 준비가 됐다""고 기대감을 나타냈다.앞서 대법원 3부(주심 오석준 대법관)는 자본시장과 금융투자업에 관한 법률 위반 등의 혐의로 기소된 이 회장에게 무죄를 선고한 원심을 확정했다. 이에 이 회장은 2015년 삼성물산과 제일모직 합병 이후 10년, 2020년 재판에 넘겨진 지 4년 10개월 만에 사법 리스크에서 벗어나게 됐다.재계는 이 회장이 등기이사직에 다시 오를지를 눈여겨보고 있다. 이 회장은 부회장 시절이던 2016년 10월 임시 주주총회에서 사내이사로 선임됐다가, 2019년 10월 임기 만료로 3년 만에 물러났다. 등기이사 선임 직후인 2017년 2월 국정농단 사건으로 법정구속 되는 등 사법 리스크가 결정적 이유였다.신현보 한경닷컴 기자 greaterfool@hankyung.com",https://www.hankyung.com/article/2025071749607,2025.07.17 16:54
"""이젠 접어도 얇네요""…6년만에 확 달라진 '삼성 폴더블폰'","갤럭시Z폴드7 '역대급 두께'
2019년 폴드보다 48% 얇아","갤럭시Z폴드7. 사진=삼성전자

                ""갤럭시Z폴드7을 개발할 때 얇고 가볍게 만드는 것이 가장 어려웠다. 개발자들과 계속 협의하면서 거의 모든 부품을 재설계했다. 대화면에 최적화된 사용경험을 줄 수 있도록 전방위적인 혁신이 있었다.""삼성전자 관계자는 지난 10일 서울 태평로빌딩에 있는 회사 기자실에서 진행된 미디어 브리핑을 통해 갤럭시Z폴드7을 개발하는 과정에서 가장 신경썼던 점을 묻자 이 같이 답했다. 삼성전자가 내놓은 갤럭시Z폴드7은 역대 Z폴드 시리즈 가운데 가장 얇고 가벼운 외형을 갖췄다. 주요 폴더블폰 제조사들 사이에서 벌어진 '두께전쟁'에서 경쟁력을 확보하게 됐단 평가가 나올 정도다. 갤럭시Z폴드7 두께는 접었을 때 8.9㎜, 펼쳤을 때 4.2㎜에 불과하다. 세계에서 가장 얇은 초슬림 폴더블폰인 아너의 매직 V5보다 0.1㎜ 두꺼울 뿐이다. 오포 파인드 N5와는 접거나 펼쳤을 때 모두 같은 두께다. 정보기술(IT) 매체 안드로이드헤드라인은 삼성전자가 갤럭시Z폴드7을 통해 ""오포 파인드 N5나 매직 V5와 같은 중국산 폴더블폰과 경쟁할 수 있는 경쟁력을 확보하게 됐다""고 평가했다. 
                    



사진=삼성전자

                2019년 출시된 갤럭시 폴드와 비교하면 48%나 두께를 줄였다. 갤럭시 폴드는 접었을 때 두께가 17.1㎜로 묵직한 외형을 보였다. 펼쳤을 때도 7.6㎜에 달했다. 갤럭시 폴드부터 지난해 선보인 갤럭시Z폴드6까지 두께를 보면 6년 동안 29% 얇아졌는데 갤럭시Z폴드7의 경우 1년 만에 26% 더 얇은 외형을 갖추게 됐다. 2020년 나온 갤럭시Z폴드2는 하이드어웨이 힌지 기술을 도입했다. 60여개 부품이 힌지 내부에 들어가 기기의 열림과 닫힘이 유연해졌다. 정교하고 세밀한 설계를 거쳐 최적화된 공간에 힌지가 장착됐다. 이에 따라 접었을 때와 펼쳤을 때 두께가 각각 16.8㎜, 6.9㎜로 줄었다. 이듬해 출시된 갤럭시Z폴드3는 같은 기준으로 16㎜, 6.4㎜로 두께를 더 줄였다. 2022년 신제품인 갤럭시Z폴드4는 기어 구조에서 직선 운동 방식으로 변경된 힌지를 사용해 부품 수를 줄이면서 두께가 각각 15.8㎜, 6.3㎜로 축소됐다. 
                    



사진=삼성전자

                2023년 등장한 갤럭시Z폴드5는 접었을 때 두께를 전작보다 2.4㎜나 줄인 13.4㎜에 그쳤다. 펼쳤을 땐 6.1㎜로 0.2㎜ 얇아졌다. 하이드어웨이 힌지 대신 새로운 형태의 플렉스 힌지를 도입하면서 두께를 줄였다. 4개의 구동축을 따라 디스플레이가 물방울 형태로 힌지 안에 말려 들어가면서 접히는 방식이다. 지난해 공개한 갤럭시Z폴드6는 12.1㎜와 5.6㎜로 두께를 줄여 한층 더 날렵한 외형을 선보였다. 좌우 대칭 형태의 듀얼 레일 힌지 구조와 설계가 진화하면서 완전하게 접고 펼칠 수 있게 됐을 뿐 아니라 75도에서 115도 사이의 다양한 각도로 활용하도록 개발됐다. 두께를 획기적으로 줄이면서 폴더블폰을 선뜻 구매하지 못했던 사용자들이 이번 신제품을 통해 유입될 수 있다는 전망이 나온다. 삼성전자는 ""갤럭시Z폴드 시리즈는 매년 두께를 줄이면서 더 나은 사용성을 제공하기 위해 지속적으로 발전해 왔다""며 ""특히 힌지 기술의 혁신은 이러한 변화의 핵심 요소로 작용했는데 (갤럭시Z폴드7은) 한층 발전한 기술과 궁극의 사용성으로 사용자의 삶에 새로운 가능성을 제시하고 있다""고 했다.김대영 한경닷컴 기자 kdy@hankyung.com",https://www.hankyung.com/article/202507100778g,2025.07.11 07:00
'지금 사두면 돈 번다'…개미들 주목해야 할 종목 [K증시 고지점령 中],"상반기 강세장 이끈 지주·금융·조선·방산·원전
증권가 ""AI·지주사 등 정책 수혜주에 주목""","새 정부의 증시 부양책 기대로 국내 증시가 파죽지세로 달리고 있습니다. 코스피지수는 이재명 대통령이 당선된 후 ‘삼천피’(코스피 3000)를 탈환했고, 3200선까지 터치했습니다. 한경닷컴은 여의도 증권가 전문가들에게 하반기 증시 전망에 관해 묻고 세 편에 걸쳐 주도주와 수급 등 전망에 대해 짚었습니다. [편집자주]




사진=한경 DB

                올 상반기 국내 증시에서 '지·금·조·방·원'(지주·금융·조선·방산·원전)이 강세장을 이끈 가운데 증권가에선 하반기 인공지능(AI)과 지주사 등 정책 수혜주에 주목할 것을 주문했다.17일 한국거래소에 따르면 올 상반기 주요 방산주로 구성된 'PLUS K방산' 상장지수펀드(ETF)의 수익률은 157.04%로 같은 기간 전체 상품 중 1위를 차지했다. 원전·조선 테마 ETF인 'HANARO 원자력iSelect'와 'SOL 조선TOP3플러스'도 각각 117.46%와 70.93%의 수익률로 상위권에 포진했다.이들 업종은 수출 실적이 뒷받침되고 향후 미국으로의 수주가 급증할 것이란 기대를 받아 주가가 우상향했다.여기에 인공지능(AI) 반도체 칩 대장주 엔비디아 공급망에 올라타 고대역폭메모리(HBM) 시장을 독식한 SK하이닉스도 증시 상승에 힘을 보탰다. 이 회사 주가는 올 상반기에만 67.91% 뛰었는데 삼성전자 상승률(12.41%)과 비교하면 5배 이상 높은 수준이다금융투자업계에선 올 하반기 증시 주도주로 기존 '조·방·원'에 더해 AI 산업 수혜를 받는 반도체·전력인프라와 정보기술(IT) 인터넷 등을 꼽았다. 현재 유동성 장세에서는 소수의 주도주뿐 아니라 다수 업종이 전반적으로 상승할 가능성이 있다는 이유에서다.  실제 증시 대기 자금으로 분류되는 투자자예탁금은 지난 14일 기준 68조875억원으로 연초(57조583억원) 대비 19.33% 늘었다. 이 자금은 투자자가 주식을 사려고 증권사 계좌에 맡겨두거나 주식을 팔고 찾지 않은 돈이다. 같은 기간 신용융자 잔액도 21조3352억원으로 36.05% 급증했다. 통상 유동성 장세에서는 증시 상승과 함께 신용융자 잔고가 증가하는 경향을 보인다.나정환 NH투자증권 연구원은 ""코스피지수가 박스권에서 움직이는 장세라면 기존 주도주를 팔고 다른 모멘텀(상승 동력)이 있는 업종으로 넘어가는 전략이 유효할 수 있다""며 ""하지만 지금은 유동성이 풍부하기 때문에 시장이 새로운 주가 상승 재료에 긍정적으로 반응한다""고 설명했다.이어 ""기존 주도주인 조선·방산·원전 이외에도 대선 이후 상법 개정안 등 정책 모멘텀이 있는 업종인 지주와 증권업이 크게 올랐다""며 ""향후 AI 투자 모멘텀이 기대되는 AI 소프트웨어와 IT 종목의 주가 상승도 기대해 볼 만하다""고 짚었다.
                    



이재명 대통령이 지난달 20일 울산 울주군 울산전시컨벤션센터에서 열린 인공지능(AI) 글로벌 협력 기업 간담회에서 최태원 SK그룹 회장과 귀엣말을 하고 있다. 사진=뉴스1

                AI 소프트웨어와 전력기기 업종은 당장 2분기 실적 시즌에서 돋보이는 성과를 낼 것이란 분석이다. 이병화 신한투자증권 연구원은 ""대미 관세 우려가 있던 북미 인프라, 수출주 중 전력기기 업종은 공급자 우위 시장(Seller’s market)이 여전해 '관세 무풍'의 호실적이 예상된다""며 ""현재 시장 침투율 초기임을 감안할 때 밸류에이션(실적 대비 주가 수준) 할인 축소 가능성도 높다""고 강조했다.이재명 정부의 증시 부양 정책과 상법 개정의 수혜를 받는 증권·은행·지주사 종목의 추가 상승 여력이 큰 것으로 꼽힌다. 이 종목들은 주가순자산비율(PBR)이 낮은 저(低)PBR주로 분류된다. 이재명 정부의 증시 부양책에 힘입어 저평가에서 탈출할 것이란 기대감이 한껏 높아진 상황이다. 정부는 지난 15일 국무회의를 열고 상법 일부개정 법률 공포안을 의결했다. 주요 내용 가운데 이사의 충실 의무 대상을 '회사 및 주주'로 확대하는 규정은 공포 후 즉시 시행된다. 실제 새 정부 출범 후 지난 15일까지 주요 지주사로 구성된 'TIGER 지주회사' ETF는 19.68% 상승했다. 황승택 하나증권 센터장은 ""지주사의 경우 주주 보호와 배당 유인 확대에 따른 수혜가 기대된다""고 말했다.
                    



사진=한경 DB

                대형 지주사가 이미 많이 올라 부담이라면 중견 지주사에 주목하라는 조언도 나온다. 한화투자증권에 따르면 대기업 집단에 속한 대형 지주사 22곳의 지난 2분기 평균 주가 상승률은 62%다. 반면 중견 지주사 35곳은 46%로 대형사의 상승률을 밑돌았다. 중견 지주사는 대형 지주사보다 상대적으로 지배주주 영향력이 커 지배구조 개선에 돌입하면 더 큰 수혜가 예상된다.박희찬 미래에셋증권 센터장은 ""전고점을 돌파한다면 주도주는 은행과 지주사일 것""이라며 ""특히 은행과 지주사는 상승 여력이 남아 있고, 이들이 지수 상방을 뚫어주는 역할을 할 것""이라고 말했다.다만 일각에서는 기존 주도주인 방산·원전 등의 주가가 이미 많이 오른 만큼 차익 실현 압력에 직면할 가능성이 있다는 조언도 나온다. 이들의 상승세가 꺾이지는 않겠지만 상반기와 같은 압도적 성과를 내긴 어려울 것이란 관측이다.이승훈 IBK투자증권 센터장은 ""원전·방산 등 기존 주도 업종은 다른 (유망) 산업들이 부상하면 일부 조정받을 것으로 예상된다""며 ""올 2분기 실적과 가이던스(전망치)가 시장 기대치에 부합할지가 관건이 될 것""이라고 말했다. 이어 ""이들이 시장 기대치를 밑도는 실적을 거두면 다른 업종으로 주도주는 옮겨갈 수밖에 없다""고 부연했다.윤여철 유안타증권 센터장도 ""기본적으로 방산·원전의 상승세가 끝은 아니지만, 현재 수익률 측면에서 다른 산업보다 아웃퍼폼(수익률 상회)할 것인지는 검증이 필요할 것으로 본다""고 진단했다.고정삼/진영기 한경닷컴 기자 jsk@hankyung.com",https://www.hankyung.com/article/2025071613646,2025.07.17 13:00
"삼성SDI, AGM 주가 방어·신사업 기대 속 투자심리 회복 흐름",,"삼성SDI의 주가가 최근 반등 흐름을 보이며 투자 심리를 회복하고 있다. 우선 지난 5월 유상증자 주식 발행가를 기존보다 17% 인하한 점이 주목받았다. 불확실한 글로벌 시장 속에서도 자금 조달 부담을 낮추며 향후 투자 여력을 확보했다는 메시지가 투자자들에게 긍정적으로 받아들여졌다.또한 외국인과 기관 중심의 수급 변화가 뚜렷하다. 미국 기준금리 인하 기대가 확산되면서 배터리 대표주인 삼성SDI에 대한 기관 매수가 재개되었고, 거래량도 꾸준히 증가하는 모습이다. 특히 최근 투자자들은 수익성이 회복되고 중장기 성장 구도가 탄탄하다는 점에 주목하고 있다.펀더멘털 측면에서도 엇갈린 시그널이 있지만, 투자 심리가 시장 회복의 핵심이라는 평가가 많다. 2분기 실적은 북미·유럽 전방 시장의 부진으로 다소 미흡하다는 평가도 나오지만 신수요 기반인 전기차 모멘텀과 신규 JV, 46파이·전고체·LFP 전고체 배터리 등 성장 포트폴리오가 재차 강조되고 있다는 점은 향후 성장 기대를 높인다.더불어 어제 있었던 삼성그룹 총수 사법 리스크 완화 소식도 시장에 안정감을 더했다. (삼성전자에 해당하지만, 그룹 전반에 긍정적인 심리 영향이 파급되고 있다) 이는 삼성 계열사의 중장기 전략 추진에 대한 불확실성이 줄어들었다는 해석으로 이어진다.결국 삼성SDI의 최근 주가 흐름은 유상증자 조정 → 수급 회복세 → 신사업 기대감 유지 → 그룹 리스크 해소라는 구조 속에서 나타나고 있다. 향후 관건은 2분기 실적 발표 이후 전기차용 배터리 판매 추이, 북미 합작법인 가시화 여부, 그리고 금리 흐름에 따른 글로벌 투자심리 대응 여부가 될 전망이다.한일시멘트, 현대건설, 하나금융지주, 로보티즈, 포스코인터내셔널무료상담",https://www.hankyung.com/article/202507186581a,2025.07.18 12:03
"기존 대출, 소득 등 복잡한 DSR 심사는 이제 그만! 키움증권 전용 스탁론, 키워드림론! 대출 최고 한도 3억원!",,"키워드림론 DSR 미적용 신규 스탁론 상품 출시!매입자금이 모자라 매수 기회를 놓치고 있는 고객들을 위해 키워드림론이 준비했다!▶키워드림론 – 3배 자금 – DSR 무관  – 100% 집중투자 가능(일부종목에 한함)◀키워드림론1644-6960




 

키움증권 전용 스탁론,  키워드림론에서만 최대 혜택 !■ 본인 자산 대비 최대 3배 자금으로 레버리지 투자 !■ 기존 대출, 소득 등 복잡한 DSR 심사는 이제 그만!■ 한종목 100% 집중투자 상품! (일부 종목에 한함)■ 증권사 신용 /미수 상환 가능■ PC 및 모바일 간편 신청!▷키워드림론 관심종목 : 알테오젠 신성이엔지 SGA 삼성전자 SK하이닉스 무료상담",https://www.hankyung.com/article/202507109822a,2025.07.10 11:17
글로벌 재계 거물 만난다…족쇄 벗은 이재용의 '뉴삼성' 탄력 [종합],"이재용 '사법 리스크' 해소
반도체 위기·실적 부진 과제
기술 혁신·대규모 투자 주목","영상 모듈 닫기




이재용 삼성전자 회장(사진)이 10년 가까이 짊어졌던 사법 리스크를 털어내면서 '뉴삼성'을 위한 경영 활동에도 한층 힘이 실리게 됐다. 이 회장은 그간 수사와 재판, 수감 생활 등으로 글로벌 기업 주요 인사들과의 소통도 가로막혔던 데다 대규모 투자를 결정하는 데 제약이 컸다. 1~2심 재판이 진행되는 동안 무려 100차례에 걸쳐 법원에 출석해야 했기 때문이다. 이재용, 대법서 무죄 확정…경영 위기 돌파 등 과제




이재용 삼성전자 회장이 지난 5월 30일 서울 중구 신라호텔에서 열린 2025 삼성호암상 시상식에 참석하고 있다. 사진=뉴스1

                17일 법조계에 따르면 대법원 3부(주심 오석준 대법관)는 이날 오전 자본시장법 위반 혐의로 재판에 넘겨진 이 회장에게 검찰 측 상고를 기각하고 무죄를 확정했다. 이 회장과 함께 재판에 넘겨진 최지성 전 삼성그룹 미래전략실(미전실) 실장, 김종중 전 미전실 전략팀장, 장충기 전 미전실 차장 등 나머지 13명도 무죄를 선고받았다. 이 회장은 이번 판결로 경영 활동에 족쇄가 됐던 사법 리스크를 해소하게 됐다. 삼성전자는 그간 이 회장의 경영 공백으로 대규모 투자 결정과 글로벌 경영에 어려움을 겪어 왔다. 부당합병 관련 사건으로 1, 2심 재판 과정에서만 100차례나 법원에 출석할 만큼 발목을 잡히면서 사실상 정상적인 경영 활동이 어려웠던 것이다. 2017년 2월엔 박근혜 정부 국정농단 사건으로 구속 기소됐고 2년6개월의 실형을 선고받았다. 이 회장이 사법 리스크에 허덕이는 동안 삼성전자는 SK하이닉스에 사상 처음으로 전사 영업이익이 뒤처지는 초유의 사태를 마주해야 했다. 인공지능(AI) 반도체 시장에 발 빠르게 대응하지 못해 고대역폭메모리(HBM) 경쟁력을 확보하지 못했고 파운드리(반도체 위탁생산) 사업도 수조원대 적자를 내며 허덕였다. 그사이 대만 TSMC와의 격차는 더 벌어졌다. 스마트폰·TV 등 주력 제품에서도 경쟁업체나 후발 주자들에게 쫓기는 중이다. 대규모 투자 결정도 멈췄다. 2017년 3월 9조3000억원 규모의 하만 인수를 단행한 뒤 8년간 대규모 인수합병은 사실상 전무했다. 글로벌 행보 '주목'…인수합병·재계 거물 소통 '속도'하지만 2심에서 부당합병·회계 부정 등의 혐의와 관련해 이 회장에게 전부 무죄를 선고하면서 경영상 공백이 차츰 해소되기 시작했다. 이 회장은 2심 선고 이후 곧장 중동·동남아시아 시장 점검을 위한 출장길에 올랐다. 그간 챙기지 못한 글로벌 시장 상황을 점검하고 현지 주요 사업을 챙기는 등 경영 공백에 따른 위기를 해소하는 데 속도를 냈다. 굵직한 인수합병 성과도 이어졌다. 올해 들어 진행된 인수합병은 총 3건. 삼성전자는 자회사 하만을 통해 미국 마시모의 오디오 사업부를 3억5000만달러에 인수했다. 또 15억유로를 들여 유럽 최대 공조기기 업체인 독일 플랙트그룹을 인수하는 계약을 체결했다. 이달 초엔 미국 디지털 헬스케어 회사 젤스와 인수한다고 발표했다. 글로벌 경영에도 속도가 붙었다. 항소심 선고 다음 날엔 샘 올트먼 오픈AI 최고경영자(CEO)와 손정의(일본명 손 마사요시) 소프트뱅크 회장을 만나 AI 투자 방안 등을 논의한 것으로 전해졌다. 항소심 선고 전 국내에 머무르면서 대외 활동을 자제해 왔던 때와는 확연히 다른 모습이다.올해 초엔 중국을 찾아 시진핑 국가주석을 만난 데 이어 일본·미국 등을 연이어 방문했다. 중국 출장길에선 비야디(BYD) 등도 찾았다. 삼성전기는 이 회장 방문 이후 BYD에 적층세라믹커패시터(MLCC)를 공급하는 계약을 따냈다. '억만장자 사교클럽'으로 불리는 '선 밸리 콘퍼런스'에도 다시 참석했다. 이 행사의 정식 명칭은 '앨런&코 콘퍼런스'다. 미국 투자은행 앤런&코 컴퍼니가 1983년 7월을 시작으로 매년 주최하는 국제 비즈니스 회의로 글로벌 미디어, 정보기술(IT) 업계 거물들이 초청되는 비공개 행사다. 올해 행사엔 마크 저커버그 메타 CEO, 팀 쿡 애플 CEO, 순다르 피차이 구글 CEO, 샘 올트먼 오픈AI CEO 등이 참석했다.  이 회장은 2017년 구속 수감 당시 법정에서 ""선 밸리는 1년 중 가장 바쁜 출장이고 가장 신경쓰는 출장""이라고 강조했다. 하지만 수사·재판 일정과 수감 생활이 이어지면서 2017년부터 참석하지 못하다 올해 다시 참석했다. 이 회장은 지난 14일 선 밸리 콘퍼런스에 참석한 뒤 귀국하면서 ""여러 일정을 하느라 피곤하다""고 짧게 답했다. '실적 부진' 주범, 반도체 사업 회복 총력전 예고 삼성전자는 이 회장의 사법 리스크가 해소된 만큼 실적 부진 원인으로 지목된 반도체 경쟁력 확보에 총력을 기울일 전망이다. 회사는 올 하반기 양산을 예고한 6세대 HBM인 'HBM4' 제품을 앞세워 실적 반전을 노리고 있다. AMD·브로드컴 등엔 5세대 제품인 HBM3E를 공급하면서 반전 기회를 만드는 중이다. 미국 관세 정책에 따른 불확실성도 이 회장에게 주어진 과제 중 하나다. 경영계에선 사법 리스크를 털어낸 이 회장을 중심으로 적극적인 투자와 기술 혁신을 주문하는 목소리가 나왔다. 이상철 한국경영자총협회(경총) 홍보실장은 ""AI, 반도체 등 첨단기술의 글로벌 경쟁이 갈수록 치열해지고, 미국발 관세문제, 저성장 고착화 등 수많은 난제들이 산적한 상황에서 한국 기업을 대표하는 삼성전자의 역할은 어느 때보다 중요한 상황""이라며 ""이 회장의 강력한 리더십을 중심으로 보다 적극적인 투자와 기술혁신을 통해 세계시장에서 우위를 확보하고 새로운 성장동력 발굴과 더 많은 일자리 창출로 우리 경제 재도약의 기틀을 마련하는 데 최선을 다해주길 바란다""고 주문했다.김대영 한경닷컴 기자 kdy@hankyung.com",https://www.hankyung.com/article/202507174354g,2025.07.17 13:27
"SK하이닉스, AI 메모리 힘입어 실적·주가 동반 강세 지속",,"SK하이닉스가 최근 AI 수요 호조와 HBM(고대역폭 메모리) 시장 지배력을 바탕으로 주가 강세 흐름을 유지하고 있다. 증권업계에서는 글로벌 메모리 업황 회복 속에서 SK하이닉스가 현대판 퍼포먼스 리더 중 하나란 평가가 나온다.1분기 실적 발표에서 매출과 영업이익이 역대 두 번째 기록 수준으로 호조를 보였으며, 영업이익률도 탄탄한 흐름을 이어갔다. 특히 AI 서버 수요 확대로 HBM3E 등 고부가 제품 비중이 크게 확대된 점이 실적을 견인했다.시장 조사기관에 따르면 SK하이닉스는 글로벌 DRAM 점유율에서 선두 자리를 꿰찼으며, HBM 시장에서도 절반에 달하는 비중을 확보한 것으로 파악된다. 이는 삼성전자의 실적 둔화와 대비되며, 차별적 경쟁 우위로 받아들여진다.주가 역시 강한 랠리 후에도 추가 상승 여력을 인정받고 있다. 최근 글로벌 반도체 업종 내에서 SK하이닉스 주가는 업계 평균을 웃도는 흐름을 보였고, 일부 증권사는 목표주가를 상향하며 매수 의견을 강화했다.다만 증권업계에서는 미·중 무역 리스크, 미국의 수출 규제 가능성, 단기 수요 사이클 둔화 등이 향후 주요 변수로 꼽히고 있다. 특히 일부 고객의 재고 선매입 현상이 2분기 수요 변동성을 키울 수 있다는 우려도 제기된다.휴림로봇, GS, 현대차, 삼성물산, 한미반도체무료상담",https://www.hankyung.com/article/202507161254a,2025.07.16 13:03
"KBO 올스타전에 배그 대항전, 우정잉 팬미팅까지…삼성 '신형 폴더블폰'이 뜬다","갤럭시Z폴드·플립7 체험공간 운영
삼성전자, 야구 팬들 위한 공간 조성
KT·크래프톤, 1030세대 공략 초점","크리에이터 우정잉. 사진=우정잉 인스타그램 갈무리

                삼성전자가 공개한 초슬림 폴더블 스마트폰 갤럭시Z폴드·플립7을 체험할 수 있는 공간이 마련됐다. 야구 팬과 게임 유저 등 1030세대를 겨냥한 체험뿐 아니라 인기 크리에이터를 앞세운 행사를 통해 화제성을 끌어올리는 데 주력하는 모습이다. 삼성전자는 11일 대전 한화생명 이글스파크에서 '2025 KBO 리그 올스타전'과 연계한 갤럭시 신제품 체험존을 운영한다고 밝혔다. 이 공간은 이날부터 오는 12일까지 운영된다. 야구 팬들은 갤럭시Z폴드·플립7의 더 얇고 가벼워진 디자인과 카메라, 갤럭시 인공지능(AI), 스마트싱스 등의 기능을 체험할 수 있다. 체험공간은 올스타전을 방문한 야구 팬들이 몰입감을 경험할 수 있도록 야구장 베이스라인과 더그아웃을 모티브로 꾸며졌다. 
                    



대전 중구 한화 이글스파크 '갤럭시 체험존'에서 방문객들이 '갤럭시Z폴드7'과 함께 구단별 하이라이트 영상을 배경으로 인증샷을 촬영하고 있다. 사진=삼성전자 제공

                실제로 3개의 베이스·홈을 활용해 △갤럭시Z폴드7 △갤럭시Z플립7 △갤럭시 워치8 시리즈 △스마트싱스 체험존을 구성했다. 실제 야구 경기를 하는 것 같은 동선을 구현한 것이다. 이곳에선 갤럭시Z폴드7을 형상화한 대형 스크린에서 응원하는 구단의 경기 하이라이트 영상과 함께 야구 유니폼을 입고 기념사진을 촬영할 수 있다. 또 야구 소품과 갤럭시Z폴드7 무게를 비교하거나 갤럭시Z플립7으로 셀피를 촬영한 뒤 1030세대가 즐겨 쓰는 '생성형 편집' 기능을 체험하게 된다. 
                    



KT 모델들이 KT 홍대 애드샵 플러스에 마련된 ‘갤럭시Z폴더블7 AI 체험존’에서 AI 기반 콘텐츠를 체험하고 있다. 사진=KT 제공

                KT는 서울 홍대·강남, 수원, 대구 등 4곳에서 갤럭시Z폴드·플립7 체험공간을 운영한다. KT 캐릭터 '민트라온'이 상상하는 세상이 갤럭시Z폴드·플립7을 열면서 현실로 펼쳐진다는 시나리오를 배경으로 체험공간을 마련했다. KT는 ""셀피, AI 이미지 생성 등 MZ세대의 자기표현 문화를 반영해 AI 기술을 자연스럽게 체험할 수 있는 콘텐츠로 구성했다""고 설명했다.KT 체험공간에선 갤럭시Z폴드·플립7으로 셀피를 촬영하면 AI가 얼굴 윤곽과 표정을 분석해 캐릭터 10종 중 어울리는 이미지를 매칭해준다. 지난 5월 KT AI 체험존에서 인기를 끌었던 '드림에이아이스튜디오'도 다시 선보인다. 방문객이 셀피를 촬영하고 간단한 설문조사를 마치면 AI가 이를 분석해 미래 모습을 시각화된 이미지로 보여주는 것이다. 
                    



사진=크래프톤 제공

                크래프톤은 삼성전자와 배틀그라운드 모바일 학교 대항전 '스쿨배틀 위드 갤럭시Z폴드7'을 진행한다. 이 대회는 전국 고등학생과 대학생 사용자들이 자신의 학교 이름을 걸고 참여하는 커뮤니티형 이벤트다. 특히 이번엔 갤럭시Z폴드7의 대화면 디스플레이와 경량화된 디자인, 고성능 칩셋으로 향상된 강력한 게이밍 성능을 토대로 몰입감 있는 플레이를 지원하는 것이 특징이다.온라인 예선은 지난 10일부터 오는 31일까지 3주간 '갤럭시 캠퍼스'에서 진행된다. 본선은 다음 달 9일 '삼성 강남'에서 오프라인으로 열린다. 삼성 강남에선 갤럭시Z폴드7 게임 플레이존이 운영되는데 제미나이 AI와 Z폴드7 기능을 배틀그라운드 모바일 게임에 접목해 색다른 경험을 제공할 예정이다. 오는 19일엔 크리에이터 '우정잉' 팬 미팅을 통해 화제성을 끌어올릴 계획이다. 김대영 한경닷컴 기자 kdy@hankyung.com",https://www.hankyung.com/article/202507111949g,2025.07.11 10:34
법리 리스크 해소·외국인 매수 쏠림…삼성전자 주가 반등세 가시화,,"최근 삼성전자 주가는 법적 불확실성 해소와 외국인 투자자 수급 개선을 계기로 뚜렷한 반등 흐름을 보이고 있다. 한국 대법원이 이재용 회장에 대한 2015년 삼성물산-제일모직 합병 관련 회계·주가조작 혐의를 최종 무죄로 판결하며, 경영권 및 전략 추진력에 대한 우려가 상당 부분 해소됐다. 해당 판결 직후 삼성전자 주가는 약 3% 뛰며 투자심리 회복의 신호탄이 됐다.더욱이 외국인 투자자들의 적극적인 매수세가 지속되고 있다. 7월 들어 큰 규모의 순매수 기록이 확인됐으며, 이로 인해 외국인 지분율은 50%를 돌파했다. 이는 외국 기관들의 신뢰가 회복되고 있다는 의미로, 주가 상승의 수급적 기반이 강화되고 있다.




 

주가 상승 기대를 높이는 또 다른 배경은 메모리 반도체 관련 추가 모멘텀이다. 삼성전자의 HBM3E AI 메모리 제품이 엔비디아의 검증을 앞두고 있으며, 파운드리 부문의 수익성 회복 기대감도 커지고 있다. 증권가에서는 HBM3E 인증 결과와 파운드리 실적 개선이 단기 촉매가 될 것으로 보고 있다.반면, 단기 리스크 요인도 상존한다. 2분기 반도체 부문에서 미국의 AI 칩 수출 규제와 공급 지연 영향으로 영업이익이 전년대비 56% 급감하면서 실적 충격이 현실화됐다. 시장은 3분기 회복 여부에 주목하고 있다.이러한 가운데 증권가의 평균 목표주가는 7만 5천 원대에 형성되어 있다. 키움·현대차·다올 등은 비교적 보수적인 7만 원 초중반대를 유지하고 있으며, KB·LS증권 등은 8만 원 이상의 낙관적 전망을 내놓았다.태경비케이, LS ELECTRIC, 핑거, 하나금융지주, 삼성화재무료상담",https://www.hankyung.com/article/202507210928a,2025.07.21 10:43
美는 kWh 당 112원…한국보다 39% 저렴,"中도 116원…일부선 60원 수준
매년 급등하는 산업용 전기료
기업 경쟁력 갉아먹는다는 지적","13조8796억원. 삼성전자, SK하이닉스, 현대제철 등 국내에서 전기를 가장 많이 쓰는 20개 기업이 지난해 낸 전기료다. 1년 전(12조4530억원)보다 11.5% 늘었다. 전기를 그만큼 많이 써서가 아니다. 정부가 산업용 전기료를 대폭 올린 여파다.20일 업계에 따르면 한국전력은 2021년 이후 산업용 전기료를 일곱 차례에 걸쳐 ㎾h당 105.5원에서 182.7원으로 73.2% 올렸다. 산업용 전기료 수준이 경제협력개발기구(OECD) 회원 36개국 중 26번째로 낮은 데다 한전의 누적 적자가 심해 더는 버틸 수 없다는 게 전기료 인상의 근거다.그러나 국내 산업용 전기료는 주력 산업에서 경쟁하는 미국, 중국보다 훨씬 비싸다. 미국의 평균 전기료는 112원으로 한국보다 39% 저렴하다. 한국 기업이 여럿 진출한 텍사스주(78원)와 조지아주(84원)는 절반 이하다. 중국의 평균 전기료도 미국과 비슷한 116.6원이다. 햇빛 좋고 물 좋은 신장위구르 자치구와 네이멍구, 윈난성 등지의 전기료는 60~70원에 불과하다.문제는 미국·중국과의 전기료 격차가 갈수록 더 커질 것이란 데 있다. 이재명 정부가 해상풍력, 태양광 등 재생에너지를 통해 생산한 전기만 100% 사용하는 ‘RE100’에 드라이브를 걸고 있어서다. 전력거래소에 따르면 전력 거래 시장에서 태양광으로 생산한 전력을 구입하는 비용은 ㎾h당 135.6원으로 원전 단가(66.3원)의 두 배 이상이다. 값비싼 재생에너지 생산량이 늘수록 기업들의 전기료 부담은 증가할 수밖에 없다.삼성전자와 SK하이닉스가 경기 평택·용인 등에 반도체 공장을 짓고 있는 데다 네이버와 카카오 등이 ‘전기 먹는 하마’인 인공지능(AI) 데이터센터를 건립하고 있는 만큼 전기 수요가 급격히 늘어나는 것도 전기료 인상을 부추기는 대목이다. 초고압 송전망 확충, 에너지저장장치(ESS) 구축 등 인프라 투자에도 목돈이 들어간다. 업계에선 이런 점을 감안할 때 올 4분기에 전기료가 또다시 인상될 것으로 우려하고 있다.김진원 기자 jin1@hankyung.com",https://www.hankyung.com/article/2025072001821,2025.07.20 18:23
삼성전자 주가 또 연중 최고치…나흘째 상승,,"삼성전자 주가가 전날에 이어 18일 연중 최고가를 기록했다.이날 오전 10시28분 현재 삼성전자는 전날 대비 900원(1.35%) 오른6만7600원에 거래되고 있다. 주가는 장중 한때 6만7800원까지 올라 올 들어 최고가를 썼다.주가는 지난 15일부터 이날까지 나흘째 상승세다. 앞서 전날까지 사흘간 6.72% 올랐다.같은 시각 유가증권시장에서 삼성전자 다음으로 시가총액이 큰 SK하이닉스는 0.74% 하락 중이다.이재용 회장의 대법원 판결이 삼성전자에 대한 긍정적인 투자심리를 형성한 것으로 풀이된다.앞서 전날 대법원 3부는 자본시장법상 부정거래행위·시세조종, 업무상 배임 등 혐의로 기소된 이 회장에게 전부 무죄를 선고한 원심 판결을 확정했다.대법원은 ""원심 판결에 필요한 심리를 다하지 않은 채 논리와 경험의 법칙을 위반해 자유심증주의의 한계를 벗어나거나 자본시장법, 외부감사법 등에 관한 법리를 오해한 잘못이 없다""고 했다.삼성전자 주가는 2분기 실적 저점을 계기로 SK하이닉스 대비 상대적 강세를 보이고 있다. 특히 외국인의 수급이 돋보인다.이날 오전 10시 기준 투자자별 매매상위(잠정)를 보면 외국인은 에코프로비엠(253억원)과 포스코퓨처엠(196억원) 다음으로 삼성전자와 삼성SDI를 가장 많이 샀다. 두 종목에 대해 각각 120억원어치 순매수했다.앞서 지난 8일 삼성전자 2분기 잠정 실적 발표 이후 전날까지 외국인은 삼성전자 주식을 시장에서 1조1123억원어치 순매수했다. 이 기간 국내 증시에서 외국인이 가장 많이 담은 종목 1위다. 다만 이 기간 외국인은 SK하이닉스에 대해서는 242억원어치 매도했다.신민경 한경닷컴 기자 radio@hankyung.com",https://www.hankyung.com/article/2025071865356,2025.07.18 10:40
"24일, 기관 거래소에서 삼성전자(-0.6%), KODEX 레버리지(-0.28%) 등 순매도",,"기관 투자자는 24일 거래소에서 삼성전자, KODEX 레버리지, 삼성에스디에스 등을 중점적으로 매도한 것으로 나타났다.기관 투자자의 순매도 상위 20개 종목은 삼성전자, KODEX 레버리지, 삼성에스디에스, NAVER, SK하이닉스, TIMEFOLIO K바이오액티브, 하이브, TIGER 미국S&P500, 카카오, 삼양식품등이다.이중에 전기,전자 업종에 속한 종목이 3개 포함되어 있다.SK하이닉스, TIMEFOLIO K바이오액티브, 이수페타시스 등은 전일 대비 주가가 상승했고, 삼성전자, KODEX 레버리지, 삼성에스디에스 등은 주가가 하락했다.[07월24일]거래소 기관 순매도 상위 종목한경로보뉴스이 기사는 한국경제신문과 금융 AI 전문기업 씽크풀이 공동 개발한 기사 자동생성 알고리즘에 의해 실시간으로 작성된 것입니다.",https://www.hankyung.com/article/202507240574L,2025.07.24 18:35
"코스피, 장중 3150선까지 후퇴…두산에너빌리티 7%↓","차익실현 매물에 1%대 하락
코스닥도 장중 약세 전환","사진=게티이미지뱅크 

                코스피지수가 22일 장중 연고점 돌파 이후 차익실현 매물이 나오면서 3150선까지 후퇴했다.이날 오후 1시40분 현재 코스피지수는 전일 대비 50.96포인트(1.59%) 내린 3159.85를 기록 중이다. 코스피지수는 장중 한때 상단을 3220.27까지 높이면서 연고점을 또 경신했지만 곧바로 매수세가 꺾이면서 3200선을 내줬다.2분기 글로벌 기업들의 호실적 전망에도 불구하고 다음달 1일 트럼프 행정부의 상호관세 부과 시점이 다가오는 데다 최근 '서머랠리'에 따른 차익실현 욕구가 나타난 것으로 풀이된다.이 시각 현재 유가증권시장에서 개인이 7300억원 순매수하고 있다. 외국인과 기관은 각각 3180억원과 4270억원 매도우위다.시가총액 상위주들은 대부분 하락하고 있다. 삼성전자(-2.88%), SK하이닉스(-1.65%), 한화에어로스페이스(-0.98%), KB금융(-0.52%), 두산에너빌리티(-7.75%) 등이 내림세다. LG에너지솔루션(0.3%), 삼성바이오로직스(0.19%) 등은 오르고 있다.LIG넥스원은 증권가의 밸류에이션 부담 평가에 7% 급락하고 있다. LG유플러스는 자사주 소각 결정 소식에 장중 신고가를 경신했다. 비에이치는 폴더블 아이폰 부품 공급 기대감에 18%대 급등하고 있다.코스닥지수도 장중 급락세로 전환했다. 이 시각 현재 코스닥지수는 135% 내린 811.03을 기록 중이다. 코스닥시장에서도 개인이 2260억원 순매수하고 있다. 외국인과 기관은 각각 1180억원과 990억원 매도우위다.노정동 한경닷컴 기자 dong2@hankyung.com",https://www.hankyung.com/article/2025072243606,2025.07.22 13:44
,"여러분이 대한민국의 미래입니다 !
삼성이 생글생글을 응원합니다 !",,https://sgsg.hankyung.com/article/2025071865081,
"SK하이닉스, AI 메모리 힘입어 실적·주가 동반 강세 지속",,"SK하이닉스가 최근 AI 수요 호조와 HBM(고대역폭 메모리) 시장 지배력을 바탕으로 주가 강세 흐름을 유지하고 있다. 증권업계에서는 글로벌 메모리 업황 회복 속에서 SK하이닉스가 현대판 퍼포먼스 리더 중 하나란 평가가 나온다.1분기 실적 발표에서 매출과 영업이익이 역대 두 번째 기록 수준으로 호조를 보였으며, 영업이익률도 탄탄한 흐름을 이어갔다. 특히 AI 서버 수요 확대로 HBM3E 등 고부가 제품 비중이 크게 확대된 점이 실적을 견인했다.시장 조사기관에 따르면 SK하이닉스는 글로벌 DRAM 점유율에서 선두 자리를 꿰찼으며, HBM 시장에서도 절반에 달하는 비중을 확보한 것으로 파악된다. 이는 삼성전자의 실적 둔화와 대비되며, 차별적 경쟁 우위로 받아들여진다.주가 역시 강한 랠리 후에도 추가 상승 여력을 인정받고 있다. 최근 글로벌 반도체 업종 내에서 SK하이닉스 주가는 업계 평균을 웃도는 흐름을 보였고, 일부 증권사는 목표주가를 상향하며 매수 의견을 강화했다.다만 증권업계에서는 미·중 무역 리스크, 미국의 수출 규제 가능성, 단기 수요 사이클 둔화 등이 향후 주요 변수로 꼽히고 있다. 특히 일부 고객의 재고 선매입 현상이 2분기 수요 변동성을 키울 수 있다는 우려도 제기된다.퀀타매트릭스, 미트박스, 효성중공업, 우리금융지주, SK스퀘어무료상담",https://www.hankyung.com/article/202507158735a,2025.07.15 13:03
"맥킨지 ""韓 20년 저성장, 규제에 눌린 기업가정신 쇠퇴 때문""","""장기간 새 성장 모델 못 만들어
주 52시간 등 바위 규제 없애야""","연 1%대로 떨어진 올해 잠재성장률 전망치(경제협력개발기구 기준 연 1.94%), 7계단 추락한 국가경쟁력 순위(스위스 국제경영개발원 기준 27위), 대만(18배)과 일본(16배)보다 저평가된 주식시장(주가수익비율 14배)….올해 한국이 받은 경제 성적표다. 세계적인 컨설팅기업 맥킨지앤드컴퍼니는 한국이 저성장 국면에 빠진 원인을 ‘기업가정신 쇠퇴’에서 찾았다. 주 52시간 근무제, 상법 개정안 등 혁신을 가로막는 규제 때문에 기업이 투자를 주저하면서 성장동력이 떨어지고 있다는 분석이다. 송승헌 맥킨지 한국오피스 대표는 14일 서울 남대문로 대한상공회의소에서 열린 ‘새 정부 규제개혁 방향’ 토론회에서 “지난 20년간 대한민국은 새로운 경제 성장 모델을 만들어내지 못했다”며 “일본의 ‘잃어버린 30년’에 비견되는 ‘20년 저성장’의 근본 원인 중 하나는 기업가정신의 쇠퇴”라고 말했다. 기업가정신이 사라지면서 대기업은 신사업 투자나 인수합병(M&A) 같은 도전을 주저하고, 중소기업은 사업 전환에 머뭇거렸다는 얘기다. 스타트업이 해외가 아니라 내수만 바라보는 것도 경제 활력을 끌어내린 요인으로 꼽았다.송 대표는 기업가정신이 쇠퇴한 원인으로 ‘잘못된 규제’를 지목했다. 그는 “상법 개정안, 주 52시간제 등 ‘바위(big rock) 규제’가 어떻게 기업 경쟁력을 끌어내렸는지 검토해야 할 때”라며 “기업가정신과 기업의 성장 욕구를 살려야 한국 경제가 다시 활력을 찾을 수 있다”고 말했다.황정수/안시욱 기자 hjs@hankyung.com",https://www.hankyung.com/article/2025071476861,2025.07.14 17:54
"'한국, 엘리엇에 1300억 배상' 취소 기회 되살아나",,"英법원 항소심서 '1심 각하' 뒤집혀…""엘리엇 사건 PCA 관할권 판단해야""
                    




                한국 정부가 미국계 헤지펀드 엘리엇 매니지먼트(이하 엘리엇)에 1천300여억원을 배상하라는 국제투자분쟁(ISDS) 판정에 불복해 중재지인 영국 법원에 제기한 소송의 항소심에서 승소했다.영국 항소법원은 17일(현지시간) 한국 정부의 항소를 받아들여 1심 법원인 고등법원에 사건을 환송했다.이에 따라 사건을 되돌려받은 영국 고등법원은 엘리엇에 대한 한국 정부의 배상을 결정한 국제상설중재재판소(PCA)의 재판 관할권 여부를 판단해야 한다.이날 항소심 승소로 한국 정부가 엘리엇에 거액을 배상하지 않아도 된다는 뜻은 아니지만 PCA의 배상 판결이 취소될 수도 있는 기회가 되살아난 셈이다.앞서 지난해 8월 영국 고등법원은 PCA가 '엘리엇 사건'을 재판할 관할권이 없다고 주장하며 한국 정부가 낸 취소 소송의 근거인 한미 자유무역협정(FTA)의 조항에 대해 영국 중재법상 재판 적격이 아니라는 이유로 각하했다.이 각하 판결이 2심에서 뒤집힌 만큼 영국 항소법원에선 한미FTA 조항을 해석해 엘리엇 사건이 PCA의 재판 관할권에 해당하는 지를 가려야 한다.2023년 PCA가 한국 정부에 약 1천300억원을 엘리엇에 배상하라고 판결하자 법무부는 이를 취소하기 위해 PCA의 재판 관할권을 문제삼아 중재지인 영국의 고등법원에 취소 소송을 냈다.엘리엇 사건은 이재용 삼성전자 회장의 경영권 승계 과정에서 2015년 삼성물산과 제일모직의 합병 비율이 삼성물산에 불리했는데도 주요 주주였던 정부 기관인 국민연금공단이 이에 찬성해 삼성물산 주주에 손해를 끼쳤다는 내용이다.엘리엇은 당시 삼성물산의 주주였다.PCA는 2023년 한국 정부의 손해배상 책임을 인정하면서 이 합병에 대해 정부의 개입을 주장한 한국 검찰의 공소 사실과 한국 법원의 관련 판결을 언급하기도 했다.이날 영국 법원의 결정은 이재용 삼성전자 회장이 이 합병을 둘러싼 혐의를 벗게 된 직후에 나왔다.대법원은 이날 자본시장법상 부정거래행위·시세조종, 업무상 배임 등 혐의로 기소된 이 회장에게 전부 무죄를 선고한 원심 판결을 확정했다./연합뉴스",https://www.hankyung.com/article/202507175762Y,2025.07.17 22:57
삼성전자 반도체 부문 경영진…美에 관세·對中 규제 우려 전달,"김용관 사장 등 워싱턴DC 行
테일러 공장 보조금도 협상
""美사업 불확실성 해소 기대""","삼성전자 반도체(DS)부문 경영진이 최근 미국 워싱턴DC에서 미국 정부 관계자를 만나 반도체 품목 관세 부과, 인공지능(AI) 칩 중국 수출 규제 등에 대한 우려를 전달한 것으로 알려졌다. 미국 텍사스주 테일러에 건설 중인 삼성전자 파운드리(반도체 수탁생산) 공장 관련 보조금 문제도 논의했다.20일 산업계에 따르면 김용관 삼성전자 DS부문 경영전략담당 사장(사진)이 지난주 워싱턴DC를 방문했다. DS부문 고위 경영진이 워싱턴DC를 찾는 건 드문 일이 아니지만, 이번 출장은 미국 정부가 엔비디아의 중국용 AI 가속기(AI 학습·추론에 특화한 반도체 패키지) ‘H20’ 수출을 3개월 만에 허가한 시점과 겹쳤다는 점에서 업계가 주목하고 있다.김 사장은 이번 방문에서 미국의 반도체 관련 정책·규제에 대한 삼성의 입장을 전달하는 데 주력한 것으로 알려졌다. 미국 정부는 이르면 이달 말 반도체에 품목 관세를 부과하는 방안을 추진 중이다. 김 사장은 반도체 품목 관세가 현실화하면 삼성전자 등 동맹국 기업이 타격을 받을 뿐 아니라 미국 내 반도체산업 생태계 구축, 중국 견제 등에도 부정적인 영향이 있을 수 있다는 의견을 전달한 것으로 전해졌다.미국 정부의 AI칩 수출 규제에 관한 의견도 전달했다. 삼성전자 파운드리사업부는 지난 1월 시작된 미국 정부의 AI칩 수출 규제 여파로 중국 빅테크가 주문한 AI칩을 생산해놓고 수출하지 못하고 있다. 이 여파로 올 2분기 파운드리 사업에서만 5000억원 가까운 재고자산 평가충당금을 쌓았다.삼성전자가 테일러에 짓고 있는 파운드리 공장 관련 투자 보조금도 협의 테이블에 올랐다. 삼성전자는 지난해 12월 총 370억달러를 투자하는 대가로 미국 정부에서 47억5000만달러의 보조금을 받기로 했다. 하지만 도널드 트럼프 대통령이 ‘보조금 재협상’을 시사하면서 불확실성이 커진 상황이다.김 사장의 출장에 삼성전자 반도체 사업의 걸림돌이 일부나마 해소되는 것 아니냐는 기대가 높아지고 있다. 하지만 미국의 대중국 AI칩 수출 규제 완화가 자국 기업인 엔비디아 등에만 적용되는 ‘예외조항’일 가능성이 큰 데다 트럼프 대통령이 반도체 보조금에 대해 ‘과도하다’는 인식을 갖고 있는 만큼 낙관적으로 볼 수만은 없다는 관측도 있다.황정수 기자 hjs@hankyung.com",https://www.hankyung.com/article/2025072001181,2025.07.20 18:09
"""성과급 1500만원 받고 관두면 퇴직금이 무려…"" 대기업 '술렁'","""제2의 통상임금 판결 온다""
'성과급도 퇴직금 반영' 소송에 '초긴장'","사진=게티이미지뱅크 

                삼성전자·SK하이닉스·LG디스플레이·현대해상 등 대기업을 상대로 경영성과급을 퇴직금(평균임금) 계산에 포함해달라는 소송 다수가 현재 대법원에 계류 중인 가운데, 그 판결의 결론을 두고 산업계의 우려가 커지고 있다. 자칫 지난 12월 선고된 통상임금 대법원 판결처럼 산업계를 뒤흔들 수 있다는 지적이 나오면서다. 15일 대한상공회의소에서 열린 ‘경영성과급 관련 토론회’는 기업과 노동계, 학계, 법조계 전문가들이 한자리에 모여 이 사안을 집중 논의했다. 이날 토론회는 미래노동법혁신연구회와 공감·공영·미래를 위한 노동선진화 포럼 등이 공동 주최했다.
                    



사진=게티이미지뱅크

                경영성과급이 평균임금에 포함될 경우 파급효과는 상상 이상이다. 예컨대 1500만원의 성과급을 받은 대기업 직원이 지급일로부터 3개월 내 퇴직할 경우 연차 30년 기준 퇴직금은 최대 1억5000만원까지 증가할 수 있다.김희성 강원대 법전원 교수는 기조 발제를 통해 “경영성과급은 본질적으로 이윤배분일 뿐, 근로의 대가로 지급되는 임금과는 거리가 멀다”며 “성과급의 평균임금 포함은 퇴직급여뿐만 아니라 산재보험 급여 등 공적 영역까지 영향을 미친다”고 지적했다. 이어 “성과급은 중견·대기업에만 지급되는 구조이기 때문에, 임금성이 인정될 경우 대·중소기업 간 노동시장 격차는 더욱 심화될 것”이라고 경고했다.현재 대법원에 계류 중인 성과급 평균임금 소송은 삼성전자(1·2차), SK하이닉스, LG디스플레이, 현대해상, 한국유리공업 등 9건에 달한다. 이 중 삼성전자와 SK하이닉스는 하급심에서 모두 승소(임금성 부정)했으며, LG디스플레이도 같은 결론을 받았다. 반면 현대해상과 한국유리공업은 성과급이 임금에 해당한다는 판결을 받았다. 기업 상황에 따라 결론이 다른 상황이다.노동계는 경영성과급이 정기적·지속해서 지급되고 단체협약이나 취업규칙에 명시된 경우 “당연히 평균임금 산정의 기준이 되어야 한다”고 주장한다. 실제로 현대해상은 2002년 이후 매년 성과급을 지급해 왔고, 노조와의 협의 또는 경영진이 정한 지급률을 기준으로 운영돼 법원이 임금성을 인정했다. 한국유리공업 역시 단체협약에 세부 기준이 명시돼 있어 1·2심 모두 임금성을 인정했다.김희성 교수는 “공공기관 경영성과급 사건에서 판시된 ‘지급 의무성’과 ‘정기성’을 사기업에 동일하게 적용하는 것은 위험하다”며 “사기업의 성과급은 대부분 불확정한 조건을 전제로 한 이익 배분적 성격이 강하다”고 분석했다.토론자로 나선 김동욱 법무법인 세종 변호사는 “임금의 핵심은 ‘근로의 대가성’이고, 이는 ‘근로 제공과의 직접적·밀접한 관련성’을 통해 판단해야 한다”며 “성과급은 실비보전, 복리후생, 기업 충성도 제고 등 다양한 목적에서 비롯된 것”이라고 강조했다.오태환 법무법인 화우 변호사 역시 “성과급 지급은 대부분 ‘불확정 정지조건’에 해당하는 이윤 배분”이라며 “통상임금처럼 성과급까지 임금으로 본다면 기업의 보상 시스템 자체가 무력화될 수 있다”고 우려했다. 그는 “2013년 통상임금 판결 이후의 혼란을 되풀이하지 않으려면 법원이 신중하게 판단해야 한다”고 말했다.최진수 법무법인 율촌 변호사는 “기업들이 경영성과급 자체를 줄이는 방식으로 대응할 가능성이 높다”며 “근로자들의 실질 보상 감소로 이어질 수 있다”고 경고했다.성과급의 평균임금 포함 여부는 기업 재무, 퇴직금 회계, 노동시장 격차, 고용형태 다양화 등 한국 노동시장 전체에 걸친 쟁점이다. 삼성전자·SK하이닉스 등 주요 기업 사건의 대법원 판단이 선고될 경우 ‘리딩 케이스’로 작용할 가능성이 높아 산업계는 판결 결과를 촉각을 곤두세우고 지켜보고 있다.김희성 교수는 “성과급이 평균임금에 포함되면 퇴직금뿐 아니라 산업재해보상급여 등 각종 제도에 영향을 미쳐 공적 재정 부담도 커질 것”이라며 “결국 대기업 퇴직자와 중소기업 퇴직자 간 격차가 더 벌어지는 결과를 초래할 수 있다”고 지적했다. 곽용희 기자 kyh@hankyung.com",https://www.hankyung.com/article/202507159734i,2025.07.15 16:26
"SKT, 위약금 16만명 이탈…이젠 고객 쟁탈전","유심해킹 사고 이후 총 80만명 이탈 
면제 이후 이탈자 예상보다 적어 
폴더블 신작으로 가입자 유치 경쟁","영상 모듈 닫기




<앵커>SK텔레콤이 해킹 사고 이후 위약금을 면제해준 열흘 간 16만여명이 이탈한 것으로 나타났습니다.위약금 면제는 마무리됐지만, 삼성의 폴더블 신작 사전예약이 곧바로 시작된 만큼 이동통신사간 경쟁은 다시 치열해지고 있습니다.장슬기 기자의 보도입니다.<기자>[유영상 SK텔레콤 사장 : 사이버침해 발생 이후인 4월 19일부터 7월 14일 사이 해지하셨거나 해지하실 약정 고객님의 위약금을 전액 면제해드릴 계획입니다.]SK텔레콤의 유심 해킹 사고 이후 총 이탈자는 약 80만명.그 중 약 16만명이 위약금 면제 결정 이후 빠져나갔습니다.유영상 SKT 사장이 ""위약금을 면제해주면 250만명이 이탈할 것""이라고 우려한 것과 달리, 실제 이탈자는 하루 1만7천명 수준에 그쳤습니다.이 기간엔 SKT에 새로 유입된 가입자들도 있어, 순감 규모는 전체의 절반 수준인 8만명입니다. 2천만건이 넘는 유심정보가 유출됐는데도 실제 금융사고와 같은 직접적인 피해가 없었다는 점이 영향을 준 것으로 분석됩니다.위약금 등 해킹 관련 이슈가 잠잠해지자 경쟁사도 발빠르게 대응에 나섰습니다.KT는 기자간담회를 열고 정보보호 분야에 1조원 넘게 투자하겠다고 밝혔습니다.투자를 기반으로 '기본에 충실한' 보안체계를 수립하겠다는 전략인데, 최근 해킹사태를 겪은 SKT를 겨냥한 것으로 보입니다.[황태선 KT 정보보안실장 : 내년부터 향후 5년간 1조원의 정보보호 투자를 추진할 예정입니다. 앞으로도 업계 최고 수준의 보안투자를 유지하며 세계적 수준을 목표로…]오늘(15일)부터 삼성전자의 폴더블 신제품 사전예약이 시작되면서 가입자 쟁탈전도 치열해졌습니다.이통사들은 다양한 프로모션을 걸고 고객 유치에 총력을 쏟고 있습니다.오는 22일 단통법이 폐지되면 단말기 보조금의 상한선마저 사라지는 만큼 과열 경쟁에 대한 우려도 높습니다.한국경제TV 장슬기입니다.장슬기기자 jsk9831@wowtv.co.kr",https://www.hankyung.com/article/2025071501305,2025.07.15 17:23
고금리 이자 폭탄 피하는 법! 증권사 대출 3%대로 줄이기,,"전송종목 : 모두투어, 제주반도체, 한화엔진, 우리바이오, 비츠로셀최근 주식 투자자들 사이에서 주식대출(미수/신용융자 등)의 고금리에 대한 부담이 커지고 있다.특히 저금리를 적용 받고 싶어도, 기존 대출을 상환하고 다시 주식을 매수해야 하는 번거로운 절차와 자금 조달의 어려움이 발목을 잡고 있다.이런 현실적인 문제를 해결하고자, 무빙스탁이 ‘증권사 신용, 대환자금대출’ 서비스를 전격 출시했다.이 상품은 주식을 매도하지 않고도, 기존의 고금리의 주식대출(미수/신용융자 등)의 3%대의 혁신적인 저금리 증권사로 전환할 수 있도록 상환자금을 제공하는 것이 핵심이다.무빙스탁 관계자는 “현재 증권사 이벤트 금리는 연 3%대 수준으로, 기존 9~10%대 고금리를 적용받는 투자자라면 절감 효과가 상당하다”며, 금리를 5%만 낮추면 “1억원 신용대출 기준으로 연간 약 500만원, 3억원이라면 1,500만원까지도 절약할 수 있다”고 밝혔다.더 놀라운 점은, 현재는 이벤트 기간으로 대환자금대출 신청시 발생하는 이자 비용까지 ‘0원’이라는 사실이다. 대환자금에 대해서 하루의 대출이자도 부담하지 않고 기존 고금리 대출을 저금리로 전환할 수 있어, 고금리 부담에 시달리던 투자자들에게 큰 호응을 얻을 전망이다.이 서비스는 부동산 시장에서 흔히 이용되던 대환대출 개념을 증권시장에 도입한 혁신적인 시도로, 주식 투자자들의 자금 운용에 새로운 대안을 제시할 것으로 기대된다.무빙스탁 ‘증권사 신용, 대환자금대출’의 비용 무료 이벤트는 이벤트 기간 동안 한정적으로 제공되는 만큼, 신용융자를 이용 중인 투자자라면 지금 바로 확인해볼 필요가 있다.★ 장마감 시간이 가까워질수록 문의가 많아 상담이 지연될 수 있습니다.★ 7월 문의하신 고객들이 많이 보유하신 종목으로는 삼성전자, POSCO홀딩스, 셀트리온, 포스코퓨처엠, 에코프로비엠, NAVER, 에코프로, 삼성SDI, LG화학, SK하이닉스, 두산에너빌리티, 카카오, SK이노베이션, LG에너지솔루션, 엘앤에프, 삼천당제약, 현대차, 알테오젠, HPSP, LG전자 등이 있습니다.★ 안내사항과도한 빚은 당신에게 큰 불행을 안겨줄 수 있습니다. 대출 시 신용등급 하락으로 다른 금융거래가 제약받을 수 있습니다. 중개수수료를 요구하거나 받는 것은 불법입니다.상호명: ㈜단비대부 2021-서울영등포-2102(대부업) | TEL: 1544-4886 | 대출금리: 연 20%이내(연체금리는 약정금리+3%p이내, 최대 연 20%이내) | 단, 2021. 7. 7.부터 신규체결, 갱신, 연장되는 계약에 한함 | 채무의 조기상환 조건 및 부대비용 없음. (단, 신용조회비용 및 담보권설정비용 있음), 이자 외 별도로 중개수수료를 요구하거나 수취하는 것은 불법입니다. | 대표이사: 박동원 | 사업자등록번호: 274-86-00231 | 등록기관명칭: 서울 영등포구청(담당부서: 일자리경제과, 02-2670-3420) | 소재지 : 서울 영등포구 여의대방로67길 11, 5층 517호 | 개인정보관리자메일: help@danbifund.co.kr무료상담",https://www.hankyung.com/article/202507158106a,2025.07.15 13:28
"이재용 ""열심히 하겠다""…삼성, AI로 진격",,"영상 모듈 닫기




<앵커>이재용 삼성전자 회장이 글로벌 IT 거물들의 모임인 '선 밸리 콘퍼런스'에 참석한 뒤 오늘 오전 귀국했습니다.이 회장은 오는 17일 부당합병 사건 대법원 선고도 앞두고 있는데, 최종 무죄가 확정되면 삼성전자가 공격적인 행보에 나설 것이라는 전망입니다.자세한 내용 산업부 홍헌표 기자와 알아보겠습니다.홍 기자, 오늘 이재용 회장이 귀국길에서 어떤 말을 했습니까?<기자>이 회장은 지난 9일~13일 미국 아이다호에서 열린 ‘선 밸리 콘퍼런스’에 참석하고 오늘 새벽 귀국했습니다.귀국길에서 이 회장은 “여러 일정을 소화하느라 피곤하다”면서 “열심히 하겠다”고 짧게 답했습니다.매년 열리는 ‘선 밸리 콘퍼런스’는 글로벌 IT업계 거물들이 참석하는 비공개 행사인데요,올해는 빌 게이츠 마이크로소프트 창업자와 마크 저커버그 메타 CEO, 팀 쿡 애플 CEO, 순다르 피차이 구글 CEO 등이 참석했습니다.이재용 회장은 지난 2016년 이후 무려 9년만에 이 행사에 참석한 것입니다.각종 사법리스크가 이 회장의 경영활동에 제약을 줬기 때문으로 풀이됩니다.이 회장은 오는 17일 이 사법리스크의 사실상 마지막 판결인 삼성물산과 제일모직 부당합병 사건 3심을 앞두고 있습니다.1심과 2심 모두 무죄가 나왔기 때문에 법률심인 대법원 판결에서 유죄 취지로 뒤집어질 확률은 낮다는 게 전문가들의 분석입니다.이렇게 되면 지난 2016년 국정농단 사태 이후 지속된 이재용 회장에 대한 9년간의 사법리스크가 모두 사라지게 됩니다.이 회장은 2심 무죄가 선고난 이후 조금씩 적극적인 행보를 보여왔는데요,현재 삼성전자는 HBM과 파운드리 등 주력 사업인 반도체 부문에서 부진에 빠져있는 상황이죠.결국 이 회장이 사법리스크를 완전히 해소하면 체질 개선과 공격적인 투자가 동시에 이뤄질 것으로 보입니다.<앵커>삼성이 이번 갤럭시 언팩을 통해 한층 강력해진 AI 기술을 선보였습니다.스마트폰 시장 최대 경쟁사인 애플이 AI 분야에서 뒤쳐진 상황에서 삼성이 AI 스마트폰에서 앞서나가는 것 같은데요,이번 갤럭시 언팩 현장을 직접 취재해보니 어떤 AI 기능이 눈에 띄던가요?<기자>삼성은 이번 언팩에서 AI 기능을 대폭 강화했다고 이야기하면서 많은 기능을 소개했는데요, 먼저 노태문 삼성전자 사장의 발표 들어보겠습니다.[노태문 / 삼성전자 MX사업부장 사장 : 갤럭시 AI는 여러분의 세상을 행동으로 옮기며, 최신 카메라가 여러분을 보고, 이해하고, 응답합니다. 이제 울트라 경험이 펼쳐질 준비가 됐습니다.]이번 행사에서 특히 눈에 들어온 것은 멀티모달 AI 였습니다.멀티모달 AI는 단순히 채팅만 하는 거대언어모델 AI와는 달리 텍스트나 오디오, 이미지 등을 종합적으로 이해하고 판단하는 기능을 갖고 있습니다.예를 들어 오늘 날씨를 고려해 사용자에게 알맞은 의상을 추천해주거나 사용자의 얼굴톤을 인식해 더 나은 색깔의 옷을 골라주는 것입니다.사용자가 지시하는 것을 수동적으로 따르는 게 아니라 보다 능동적으로 사용자의 비서 역할을 하는 겁니다.또 화면에 동그라미 표시를 하면 검색이 가능한 '서클 투 서치' 기능도 업그레이드 됐습니다.새로운 '서클 투 서치' 기능은 동영상 촬영 중에도 끊지 않고 검색 및 일정 저장이 가능하고, 게임 중에 공략법을 실시간으로 검색해 해결할 수도 있습니다.또 이번에 삼성전자는 갤럭시 헬스 분야에 많은 공을 들였습니다.언팩 행사 직전 인수를 발표한 미국의 디지털 의료기기 회사인 '젤스(Xealth)'와 협업한 여러 기능을 소개했습니다.몇 초만에 항산화기능을 체크해 건강상태를 알려주고, 간편한 방법으로 러닝과 수면의 질을 파악해서 사용자에게 딱 맞는 방향을 제시해줍니다.삼성은 이렇게 생활 속 전반에 갤럭시 AI가 스며들도록 하는 것이 목표입니다.<앵커>삼성전자와 함께 글로벌 스마트폰 시장 양대산맥인 애플은 최근 AI 분야에서 지지부진한 모습을 보이고 있습니다.예정됐던 AI 기능의 출시가 지연되고 있는데, 삼성이 구글과 협력해 강력한 AI 스마트폰을 내놓으면서 틈을 파고드는 모양새죠?<기자>최근 애플 입장에서는 다소 충격적인 소식이 있었는데요,애플의 파운데이션 모델 팀을 이끌던 수석 엔지니어인 루오밍 팡이 메타로 이직했습니다.그동안 100여명 규모의 파운데이션 모델 팀은 애플의 대형 언어모델(LLM)을 개발해왔습니다.그런데 이 팀의 최고책임자가 회사를 떠났고, 여러 AI 직원들이 경쟁사인 메타나 오픈 AI로 줄줄이 빠져나가고 있습니다.애플은 지난해 6월 열린 개발자 컨퍼런스에서 예고한 AI 비서 '새로운 시리'의 출시도 지연되고 있습니다.당초 올해 3월에는 나올 것으로 예상됐는데, 아예 내년으로 밀린 것으로 전해졌습니다.애플은 지속적으로 아이폰이나 아이패드 등 애플 기기에서만 모든 데이터를 처리하는 '온디바이스 AI' 전략을 고수해왔습니다.이 방식은 대규모 연산과 실시간 업데이트가 요구되는 생성형 AI 시대에는 잘 맞지 않는다는 평가입니다.애플이 자신들의 생태계만 고집하는 것이 AI 개발에 있어서는 독이 되고 있는 겁니다.반면 삼성은 구글, MS와 안드로이드 환경에서 꾸준히 협업을 해왔습니다.방대한 인프라 속에서 빅테크 각자가 갖고 있는 장점을 극대화 할 수 있는 겁니다.삼성은 이를 기반으로 안드로이드 스마트폰의 최강자 뿐만 아니라 애플의 사용자까지도 끌어들이겠다는 포부입니다.<앵커>잘 들었습니다.홍헌표기자 hphong@wowtv.co.kr",https://www.hankyung.com/article/2025071475755,2025.07.14 17:31
집중호우 수해 복구 지원 팔걷은 기업들,"삼성 30억…""피해본 주민 위로"" 
현대차·포스코·한화 20억 내
롯데·신세계그룹도 기부 동참","삼성, 현대자동차 등이 전국 각지에서 발생한 집중호우로 피해를 본 주민들을 돕기 위해 성금을 기부했다.삼성은 21일 “전국 각지에서 발생한 집중호우로 큰 피해를 본 주민들을 위로하고 신속한 피해 복구를 지원하기 위해 성금 30억원을 기부했다”고 발표했다. 성금 기부에는 삼성전자, 삼성디스플레이, 삼성SDI, 삼성전기 등 8개 삼성 계열사가 참여했다. 기탁 대상은 희망브리지 전국재해구호협회다.삼성은 구호 성금 기부 외에도 긴급 구호 물품 1000세트와 임시 거주용 텐트 300동을 공급하고 가전제품 특별 무상 점검, 집중호우 피해 고객들에 대한 7~9월 삼성카드 사용액 결제 시점 6개월 유예 등의 지원책을 시행 중이다.현대차그룹은 경기 가평과 경남 산청 등 집중호우 피해 지역 주민을 돕기 위해 구호 성금 20억원을 전국재해구호협회에 이날 전달했다. 현대차그룹은 성금과 별도로 피해 지역에 세탁·방역 구호 차량 6대를 투입해 오염된 세탁물 처리와 피해 현장의 신속한 방역 대응을 돕고 있다. 피해 지역 차량 소유 고객을 대상으로 수리비 최대 50% 할인 등 다양한 서비스도 제공한다.포스코그룹과 한화그룹도 성금 20억원을 전국재해구호협회에 각각 기탁하기로 했다.한화는 집중호우로 인한 피해의 심각성을 고려해 긴급 생계비, 임시 주거지 마련, 생필품 제공 등의 지원을 신속하게 집행할 계획이다.롯데그룹은 사회복지공동모금회를 통해 성금 10억원을 기부했다. 성금과 함께 롯데 계열사들은 식료품과 생필품 등을 피해 지역 이재민에게 지원한다.신세계그룹도 성금 5억원을 전국재해구호협회에 기탁했다. 비 피해가 큰 경남 산청·합천엔 이마트 진주점을 통해 물, 컵라면, 초코파이류 등 먹거리와 생필품도 전달할 계획이다.황정수/김보형/안재광 기자 hjs@hankyung.com",https://www.hankyung.com/article/2025072124961,2025.07.21 17:29
합리적 투자 필수! 증권사 신용대출 3%대 전환으로 이자 절감,,"전송종목 : POSCO홀딩스, DB손해보험, 에스엘, 삼성전자, NH투자증권최근 주식 투자자들 사이에서 주식대출(미수/신용융자 등)의 고금리에 대한 부담이 커지고 있다.특히 저금리를 적용 받고 싶어도, 기존 대출을 상환하고 다시 주식을 매수해야 하는 번거로운 절차와 자금 조달의 어려움이 발목을 잡고 있다.이런 현실적인 문제를 해결하고자, 무빙스탁이 ‘증권사 신용, 대환자금대출’ 서비스를 전격 출시했다.이 상품은 주식을 매도하지 않고도, 기존의 고금리의 주식대출(미수/신용융자 등)의 3%대의 혁신적인 저금리 증권사로 전환할 수 있도록 상환자금을 제공하는 것이 핵심이다.무빙스탁 관계자는 “현재 증권사 이벤트 금리는 연 3%대 수준으로, 기존 9~10%대 고금리를 적용받는 투자자라면 절감 효과가 상당하다”며, 금리를 5%만 낮추면 “1억원 신용대출 기준으로 연간 약 500만원, 3억원이라면 1,500만원까지도 절약할 수 있다”고 밝혔다.더 놀라운 점은, 현재는 이벤트 기간으로 대환자금대출 신청시 발생하는 이자 비용까지 ‘0원’이라는 사실이다. 대환자금에 대해서 하루의 대출이자도 부담하지 않고 기존 고금리 대출을 저금리로 전환할 수 있어, 고금리 부담에 시달리던 투자자들에게 큰 호응을 얻을 전망이다.이 서비스는 부동산 시장에서 흔히 이용되던 대환대출 개념을 증권시장에 도입한 혁신적인 시도로, 주식 투자자들의 자금 운용에 새로운 대안을 제시할 것으로 기대된다.무빙스탁 ‘증권사 신용, 대환자금대출’의 비용 무료 이벤트는 이벤트 기간 동안 한정적으로 제공되는 만큼, 신용융자를 이용 중인 투자자라면 지금 바로 확인해볼 필요가 있다.★ 장마감 시간이 가까워질수록 문의가 많아 상담이 지연될 수 있습니다.★ 7월 문의하신 고객들이 많이 보유하신 종목으로는 삼성전자, POSCO홀딩스, 셀트리온, 포스코퓨처엠, 에코프로비엠, NAVER, 에코프로, 삼성SDI, LG화학, SK하이닉스, 두산에너빌리티, 카카오, SK이노베이션, LG에너지솔루션, 엘앤에프, 삼천당제약, 현대차, 알테오젠, HPSP, LG전자 등이 있습니다.★ 안내사항과도한 빚은 당신에게 큰 불행을 안겨줄 수 있습니다. 대출 시 신용등급 하락으로 다른 금융거래가 제약받을 수 있습니다. 중개수수료를 요구하거나 받는 것은 불법입니다.상호명: ㈜단비대부 2021-서울영등포-2102(대부업) | TEL: 1544-4886 | 대출금리: 연 20%이내(연체금리는 약정금리+3%p이내, 최대 연 20%이내) | 단, 2021. 7. 7.부터 신규체결, 갱신, 연장되는 계약에 한함 | 채무의 조기상환 조건 및 부대비용 없음. (단, 신용조회비용 및 담보권설정비용 있음), 이자 외 별도로 중개수수료를 요구하거나 수취하는 것은 불법입니다. | 대표이사: 박동원 | 사업자등록번호: 274-86-00231 | 등록기관명칭: 서울 영등포구청(담당부서: 일자리경제과, 02-2670-3420) | 소재지 : 서울 영등포구 여의대방로67길 11, 5층 517호 | 개인정보관리자메일: help@danbifund.co.kr무료상담",https://www.hankyung.com/article/202507186004a,2025.07.18 13:28
"이자 부담은 최소로, 투자 효율은 최대로! 신용대출 3%대 활용법",,"전송종목 : 농심홀딩스, 케이에스피, 이노와이어리스, 원익QnC, 세진중공업최근 주식 투자자들 사이에서 주식대출(미수/신용융자 등)의 고금리에 대한 부담이 커지고 있다.특히 저금리를 적용 받고 싶어도, 기존 대출을 상환하고 다시 주식을 매수해야 하는 번거로운 절차와 자금 조달의 어려움이 발목을 잡고 있다.이런 현실적인 문제를 해결하고자, 무빙스탁이 ‘증권사 신용, 대환자금대출’ 서비스를 전격 출시했다.이 상품은 주식을 매도하지 않고도, 기존의 고금리의 주식대출(미수/신용융자 등)의 3%대의 혁신적인 저금리 증권사로 전환할 수 있도록 상환자금을 제공하는 것이 핵심이다.무빙스탁 관계자는 “현재 증권사 이벤트 금리는 연 3%대 수준으로, 기존 9~10%대 고금리를 적용받는 투자자라면 절감 효과가 상당하다”며, 금리를 5%만 낮추면 “1억원 신용대출 기준으로 연간 약 500만원, 3억원이라면 1,500만원까지도 절약할 수 있다”고 밝혔다.더 놀라운 점은, 현재는 이벤트 기간으로 대환자금대출 신청시 발생하는 이자 비용까지 ‘0원’이라는 사실이다. 대환자금에 대해서 하루의 대출이자도 부담하지 않고 기존 고금리 대출을 저금리로 전환할 수 있어, 고금리 부담에 시달리던 투자자들에게 큰 호응을 얻을 전망이다.이 서비스는 부동산 시장에서 흔히 이용되던 대환대출 개념을 증권시장에 도입한 혁신적인 시도로, 주식 투자자들의 자금 운용에 새로운 대안을 제시할 것으로 기대된다.무빙스탁 ‘증권사 신용, 대환자금대출’의 비용 무료 이벤트는 이벤트 기간 동안 한정적으로 제공되는 만큼, 신용융자를 이용 중인 투자자라면 지금 바로 확인해볼 필요가 있다.★ 장마감 시간이 가까워질수록 문의가 많아 상담이 지연될 수 있습니다.★ 7월 문의하신 고객들이 많이 보유하신 종목으로는 삼성전자, POSCO홀딩스, 셀트리온, 포스코퓨처엠, 에코프로비엠, NAVER, 에코프로, 삼성SDI, LG화학, SK하이닉스, 두산에너빌리티, 카카오, SK이노베이션, LG에너지솔루션, 엘앤에프, 삼천당제약, 현대차, 알테오젠, HPSP, LG전자 등이 있습니다.★ 안내사항과도한 빚은 당신에게 큰 불행을 안겨줄 수 있습니다. 대출 시 신용등급 하락으로 다른 금융거래가 제약받을 수 있습니다. 중개수수료를 요구하거나 받는 것은 불법입니다.상호명: ㈜단비대부 2021-서울영등포-2102(대부업) | TEL: 1544-4886 | 대출금리: 연 20%이내(연체금리는 약정금리+3%p이내, 최대 연 20%이내) | 단, 2021. 7. 7.부터 신규체결, 갱신, 연장되는 계약에 한함 | 채무의 조기상환 조건 및 부대비용 없음. (단, 신용조회비용 및 담보권설정비용 있음), 이자 외 별도로 중개수수료를 요구하거나 수취하는 것은 불법입니다. | 대표이사: 박동원 | 사업자등록번호: 274-86-00231 | 등록기관명칭: 서울 영등포구청(담당부서: 일자리경제과, 02-2670-3420) | 소재지 : 서울 영등포구 여의대방로67길 11, 5층 517호 | 개인정보관리자메일: help@danbifund.co.kr무료상담",https://www.hankyung.com/article/202507158100a,2025.07.15 10:48
"이재용, 글로벌 경영 외교 마치고 귀국…삼성 하반기 실적에 “열심히 하겠다”",,"이재용 삼성전자 회장이 미국 아이다호에서 열린 글로벌 재계 사교 모임 ‘선밸리 콘퍼런스’를 마친 뒤 15일 귀국했다. 입국장에 모습을 드러낸 이 회장은 기자들의 질문에 “열심히 하겠다”는 짧은 한마디로 하반기 삼성전자 경영 의지를 드러냈다.이번 선밸리 콘퍼런스는 글로벌 빅테크 리더들이 모여 비공식적인 네트워크를 다지는 최고위급 비공식 회의로, 올해에도 애플 CEO 팀 쿡, 메타 CEO 마크 저커버그, 오픈AI CEO 샘 올트먼 등이 참석해 이목을 끌었다. 이 회장은 이번 행사에 초청된 유일한 한국인 기업인으로, 주요 인사들과의 접촉을 통해 글로벌 경영 외교를 강화한 것으로 전해졌다.삼성전자는 최근 2분기 실적에서 어닝 쇼크를 기록했지만, 하반기부터는 HBM(고대역폭 메모리) 및 AI 서버용 고사양 메모리 수요 확대 등으로 실적 반등 가능성이 제기되고 있다. 이 회장의 귀국 메시지는 이러한 반등 국면에서 총수 리더십을 통해 미래 전략을 직접 챙기겠다는 의미로 해석된다.한편, 이 회장은 오는 17일 대법원에서 삼성물산·제일모직 합병과 관련된 재판에 대한 최종 판결을 앞두고 있다. 해당 사건은 이 회장의 경영 승계와 직결된 사안으로, 판결 결과에 따라 삼성 그룹 지배구조와 향후 행보에도 중대한 영향을 미칠 수 있어 재계와 투자자들의 관심이 집중되고 있다.일각에서는 최근 글로벌 빅테크 경영자들과의 교류를 통해 AI 반도체, 파운드리 등 미래 성장동력 확보를 위한 포석을 다졌을 것이란 분석도 나온다. 특히 삼성의 향후 행보에 있어서, AI 관련 고부가가치 반도체 시장에서의 경쟁력 확보가 주요 과제로 부각되고 있다.이와 같은 대형 이슈와 변동성 높은 장세 속에서, 일부 투자자들은 스탁론(주식매입자금)을 활용한 전략적 투자에 나서고 있다. 실적 반등 기대주나 글로벌 테마 관련 종목에 스탁론을 통해 레버리지를 일으켜 기회를 선점하려는 움직임이 포착되고 있으며, 특히 금리 우려가 완화된 국면에서는 스탁론 운용의 유효성도 높아지고 있다는 평가다.




 

▶ 더머니스탁론 신규 상품 전격 출시! (DSR 규제 X)▶ 최대 400% 레버리지 투자, 증권사 신용미수 대환 가능!▶ 한 종목 100% 집중 투자 가능!▶ 더머니스탁론 바로가기 (https://themoney.co.kr/ha)▶ 더머니스탁론 전화 상담 1600-7096▶ 더머니스탁론 카카오톡 상담 (http://pf.kakao.com/_cVfxbn/chat)관심종목: 삼성전기, 아나패스, 원익QnC, 테스나, LX세미콘무료상담",https://www.hankyung.com/article/202507158105a,2025.07.15 10:00
"10일, 외국인 거래소에서 두산에너빌리티(-2.02%), 하나금융지주(-2.02%) 등 순매도",,"외국인 투자자는 10일 거래소에서 두산에너빌리티, 하나금융지주, 한미반도체 등을 중점적으로 매도한 것으로 나타났다.외국인 투자자의 순매도 상위 20개 종목은 두산에너빌리티, 하나금융지주, 한미반도체, 이수페타시스, 한화시스템, KB금융, 삼성SDI, 신한지주, 한국금융지주, 삼성에스디에스등이다.이중에 전기,전자 업종에 속한 종목이 5개 포함되어 있다.한미반도체, 한화시스템, 삼성SDI 등은 전일 대비 주가가 상승했고, 두산에너빌리티, 하나금융지주, 이수페타시스 등은 주가가 하락했다.[07월10일]거래소 외국인 순매도 상위 종목한경로보뉴스이 기사는 한국경제신문과 금융 AI 전문기업 씽크풀이 공동 개발한 기사 자동생성 알고리즘에 의해 실시간으로 작성된 것입니다.",https://www.hankyung.com/article/202507101190L,2025.07.10 18:35
"24일, 기관 거래소에서 LG에너지솔루션(+9.36%), 한화오션(+6.35%) 등 순매수",,"기관 투자자는 24일 거래소에서 LG에너지솔루션, 한화오션, 두산에너빌리티 등을 중점적으로 사들인 것으로 나타났다.기관 투자자의 순매수 상위 20개 종목은 LG에너지솔루션, 한화오션, 두산에너빌리티, 한화에어로스페이스, KB금융, HD현대건설기계, HD현대인프라코어, 삼성바이오로직스, LS ELECTRIC, 한화비전등이다.이중에 전기,전자 업종에 속한 종목이 5개 포함되어 있다.이날 기관 투자자가 순매수한 종목들 중에 LG에너지솔루션, 한화오션, 두산에너빌리티 등은 전일 대비 주가가 상승했다.[07월24일]거래소 기관 순매수 상위 종목한경로보뉴스이 기사는 한국경제신문과 금융 AI 전문기업 씽크풀이 공동 개발한 기사 자동생성 알고리즘에 의해 실시간으로 작성된 것입니다.",https://www.hankyung.com/article/202507240572L,2025.07.24 18:35
"한미 '2+2 협상' 취소…""베센트 긴급 일정""","""미국, 한국에 4천억 달러(550조 원) 투자 제안""","영상 모듈 닫기




<앵커>내일 열릴 예정이었던 우리나라와 미국의 '2+2 통상 협의'가 돌연 취소돼 파장이 일고 있습니다. 미국 측은 베센트 재무 장관의 일정을 이유로 들었고, 우리 정부는 빠른 시일 내에 다시 일정을 잡겠다고 밝혔습니다.다음 달 1일 미국의 관세 유예 기한 마감이 다가오는 가운데 터진 한미 간 협상 불발로 긴장감이 최고조에 다다르는 모습입니다. 박승완 세종 주재기자 연결합니다. 박 기자, 급작스러운 취소는 미국의 요청 때문이라고요?<기자>기획재정부는 오늘 오전 9시 30분께 ""미국과 예정됐던 25일 '2+2 협상'이 스콧 베센트 미국 재무 장관의 긴급한 일정으로 인해 개최하지 못하게 됐다""고 알렸습니다.미국은 이메일을 통해 이같이 전했고, 정확한 이유는 밝히지 않은 것으로 파악됩니다, 발언 확인하시죠.[강영규 / 기획재정부 대변인 : '(베센트 미국 재무부 장관의) 긴급한 일정 때문에 안 된다, 어렵다. 빠른 시간 내에 가능한 때가 언제냐?'라고 물어보면서 연락이 왔습니다.]구윤철 부총리 겸 기획재정부 장관은 인천공항에서 비행기 탑승을 기다리다가 협상 취소 소식을 들었는데요.이에 출국을 1시간 남짓 앞두고 미국 출장을 취소하고, 공항을 떠났습니다.이번 협의는 우리 측 구 부총리와 여한구 산업통상자원부 통상교섭본부장이, 미국에서는 베센트 장관과 제이미슨 그리어 무역대표부 대표가 참석할 예정이었죠.앞서 '패키지 딜'을 목표로 미국을 찾았던 위성락 국가안보실장은 잠시 후 인천공항을 통해 귀국합니다.위 실장은 계획했던 마코 루비오 미 국무장관의 만남을 이루지 못한 것으로 파악되는데, 별다른 입장 표명 없이 앞으로의 대응에 집중할 계획으로 전해집니다.<앵커>어제 미국과 일본이 관세 협상을 타결한 게 우리로선 민감한 상황인데요. 앞으로의 한미 협상은 어떻게 될지 예상해 보죠?<기자>한미가 당장의 협상 일정을 발표하지 않은 만큼 하루이틀 내에 마주 앉기는 어려울 거란 관측이 지배적입니다.게다가 오는 28일과 29일에는 스웨덴 스톡홀름에서 미국과 중국의 고위급 무역 회담이 예정돼 있죠.우리나라에 대한 상호 관세 부과가 시작되는 8월 1일까지는 물리적 시간이 넉넉지 않은 게 사실입니다.그 사이 극적 합의를 이뤄내는 게 최선이겠습니다만, 최악의 경우 25% 관세를 맞은 뒤 협상에 임해야 할 수도 있는 거죠.다만 어제 출국한 김정관 산업부 장관과 이보다 앞서 미국에 가 있는 여한구 본부장은 기존 일정을 소화하고 있는데요.산업부는 ""장관과 본부장의 미국 상무장관과 무역대표부 대표, 에너지 장관, 국가에너지위원장 등과의 만남은 예정대로 추진 중""이라고 설명했습니다.우리 산업통상 수장들은 자동차와 철강 등 한국의 주력 수출 품목에 대한 관세 인하를 목표로 협상에 임하는 중인데요.미국과의 조선, 반도체, 배터리 등과 에너지 협력 강화를 카드로 타협점 끌어내기에 바쁜 모습입니다.<앵커>지금으로선 '패키지 딜' 보다는 각각의 카운터파트들과의 만남을 통한 '스몰 딜'이라도 챙기는 게 유리할 수 있겠군요. 이 가운데 미국이 우리나라에 550조 원 투자를 요구했다는 소식이 전해졌죠?<기자>미국 현지 언론에 따르면 우리 정부는 미국에 투자 펀드 설립을 논의 중인 것으로 파악되는데요.규모는 불확실하지만 미국이 한국에 수백억 달러 규모의 투자를 요구 중이며, 하워드 러트닉 상무 장관은 4천억 달러, 우리 돈 550조 원을 제안했다는 거죠.미일 합의와 비슷한 방식인데, 일본은 관세 인하를 조건으로 5,500억 달러(약 759조 원) 규모의 대미 투자를 약속한 바 있습니다.한국의 자동차 수출 경쟁국인 일본이 관세율을 15%로 낮춘 만큼, 이만한 합의를 이루지 못하면 우리 산업에 충격이 불가피하겠죠.미국을 향해 우리 경제 규모에 맞는 투자 금액을 제시해야 하는 이유인데요.실제로 삼성전자와 대한항공, 현대차 등 국내 기업들은 트럼프 2기 출범에 맞춰 대규모 현지 투자 계획을 발표한 바 있습니다.이번 협상을 앞두고도 정부는 국내 기업들과 추가 투자 계획을 조율한 것으로 전해집니다.‘2+2 협상’ 불발에 안보 수장 간 만남 마저 성사되지 못하면서 한미 협상이 삐걱거리는 가운데, 우리나라를 향한 미국의 전면적인 관세 충격이 현실화하기 전 돌파구 찾기가 절실한 상황입니다.지금까지 세종스튜디오에서 전해드렸습니다.박승완기자 pswan@wowtv.co.kr",https://www.hankyung.com/article/2025072496795,2025.07.24 14:30
"""삼성전자, 외국인 지분율 저점 통과…매수 적기""-IBK",IBK투자증권 분석,"대통령 선거(대선) 이후 외국인의 삼성전자 순매도 흐름이 일단락되고 순매수 전환 기조가 뚜렷한 가운데, 외국인의 삼성전자 비중이 지분율 저점을 통과했다는 증권가 분석이 나왔다. 하반기 수급적으로 유리한 주가 환경이 마련됐다는 평가다.23일 변준호 IBK투자증권 연구원은 ""새 정부 정책 기대감과 연동된 국내 주식시장의 상승 기대감이 외국인의 자금 유입을 이끄는 가운데 삼성전자가 수급상 수혜를 볼 수 있는 대목""이라며 ""외국인 자금 유입 과정에서 대형주, 특히 반도체가 큰 폭의 상승세로 시장을 아웃퍼폼하는 경향이 강했다""고 짚었다. 하반기 외국인 수급 개선 흐름이 지속될 경우 삼성전자에 유리한 주가 환경이 조성될 수 있단 분석이다.이달 초 주춤하던 외국인의 삼성전자 매수 기조는 2분기 실적 발표 이후 되살아났다지난 8일 삼성전자 2분기 실적은 영업이익이 시장의 예상치를 크게 밑돌며 실적 충격(어닝 쇼크)를 기록했다. 시장의 예상 영업이익은 5조9000억원인 반면 잠정 발표치는 4조6000억원에 그치면서 시장의 예상치를 22% 밑돌았다. 그럼에도 2분기 어닝 쇼크 발표 이틀 후인 7월 10일부터 외국인의 매수세가 강하게 유입되는 데 대해 변 연구원은 ""이는 2분기 부진한 실적을 반영한 뒤 오히려 실적과 주가 저점 논리가 형성됐다""고 분석했다. 그러면서 ""8영업일 간 약 2조원을 순매수를 기록하며 매수 규모도 상당한데 이는 경험적으로 매우 강한 매수 강도""라고 설명했다.외국인은 삼성전자를 지난해 하반기부터 올해 상반기까지 약 1년 동안 집중 매도했다. 지난해 8월부터 올 5월까지 10개월간 외국인은 삼성전자를 26조3000억원 순매도했는데 이는 코스피 전체 순매도 금액의 70%에 해당한다.변 연구원은 현재 외국인의 삼성전자 지분 비중이 과도하게 축소된 만큼, 지분율 저점을 통과했을 가능성이 크다고 말했다.외국인 삼성전자 지분율은 지난 4월 상호관세 이후 잠시 50%를 밑돌았지만, 대선 이후 외국인 매수세 유입으로 현재 50.2%까지 회복한 상태다. 최근 10년 사이 삼성전자의 외국인 지분율은 대략 49~58%의 범위에서 등락해 왔다.변 연구원은 ""삼성전자 평가가치(밸류에이션)도 의미있는 저점 영역에서 회복 가능성을 보여 준다""며 ""비교군인 SK하이닉스와 시장 코스피지수와의 주가 격차도 금융위기 이후 역사적 하단 수준까지 하락해 있다. SK하이닉스 대비 2년 상대 수익률은 -124%포인트까지 확대된 상황""이라고 말했다.그는 ""삼성전자의 3분기 영업이익 컨센서스(시장 추정치)는 8조3000억원 수준으로 큰 폭의 개선 흐름이 예상된다. 이는 지난해 상반기 실적 단기 정점 이후 뚜렷한 회복세의 신호""라며 ""외국인 수급과 저평가, 소외국면 해소 가능성, 실적 개선 등을 고려할 때 주가 조정 시 매수해야 한다""고 밝혔다.신민경 한경닷컴 기자 radio@hankyung.com",https://www.hankyung.com/article/2025072358396,2025.07.23 08:50
"'연일 연고점' 코스피, 차익실현 매물에 상승분 반납…외인 '팔자'",반도체·재생에너지株 동반 강세,"사진=뉴스1

                11일 코스피지수가 장 초반 심리적 저항선으로 평가받는 3200선을 돌파한 후 차익 실현 매물에 상승분을 다소 반납하는 모습을 보이고 있다.이날 오전 10시45분 현재 코스피지수는 14포인트(0.44%) 오른 3197.23을 나타내고 있다. 5거래일 연속 상승세를 이어가고 있다. 지수는 이날 0.1% 오름세로 출발 후 상승폭을 빠르게 확대해 3200선을 넘어서기도 했다. 지수가 3200선을 돌파한 건 장중 기준으로 2021년 9월7일(3201.76) 이후 3년10개월 만이다. 다만 장중 차익 실현 매물이 출회되면서 다시 3200선 아래로 밀린 상황으로 풀이된다.박성철 유안타증권 연구원은 ""상승장에 대한 기대가 남아 있는 가운데 증시를 끌고 왔던 주도 업종은 팔고 그동안 못 올랐던 업종을 사는 흐름이 나타나고 있다""며 ""코스피지수가 심리적 저항선으로 작용하는 3200선을 찍고 다시 빠지는 모습을 보여주고 있다""고 분석했다.이날 새벽 미국 증시도 상승세로 마쳤다. 지난 10일(현지시간) 다우존스30산업지수는 0.43% 올랐고 S&P500지수와 나스닥종합지수는 각각 0.27%와 0.09% 상승해 사상 최고치를 경신했다. 도널드 트럼프 미국 대통령이 브라질에 고율의 '관세 폭탄'을 투하한다는 소식에도 투자자들이 낙관적 태도를 유지하면서다.유가증권시장에서 개인과 기관이 각각 702억원과 276억원 매수 우위인 반면 외국인은 1124억원 매도 우위다. 코스피 시가총액 상위 종목 중 LG에너지솔루션, KB금융, 현대차, 기아 등이 오르는 반면 삼성바이오로직스, 네이버, 셀트리온, 두산에너빌리티, 한화에어로스페이스, HD현대중공업 등이 내리고 있다. 삼성전자(2.46%)와 SK하이닉스(0.51%)는 강세를 유지하고 있다. 특히 SK하이닉스는 장중 3% 넘게 올라 30만원을 돌파하기도 했다. 전날 세계 최대 위탁생산(파운드리) 업체인 대만 TSMC의 올 4~6월 매출이 9338억대만달러(약 43조8000억원)로 사상 최대치를 경신했다는 소식에 긍정적 투자심리가 형성된 것으로 보인다. 재생에너지 100%(RE100) 산업단지 조성이 본격 추진된다는 소식에 OCI홀딩스(11.43%)를 비롯해 그린케미칼(8.21%) HD현대에너지솔루션(2.99%) 한화솔루션(2.74%) SK이터닉스(1.77%) 등 재생에너지주가 동반 강세를 보이고 있다.같은 시각 코스닥지수는 전 거래일보다 5.99포인트(0.75%) 오른 803.69를 나타내고 있다. 5거래일 연속 상승세다. 지수는 이날 0.28% 오름세로 출발 후 장중 한때 1.03%까지 상승폭을 키우기도 했다. 코스닥시장에서는 외국인과 기관이 각각 568억원과 34억원 매수 우위인 반면 개인이 593억원 매도 우위다.코스닥 시총 상위 종목 중 에코프로비엠, HLB, 에코프로, 파마리서치, 리노공업 등이 오르는 반면 알테오젠, 레인보우로보틱스, 펩트론, 휴젤, 클래시스 등이 내리고 있다.서울 외환시장에서 원·달러 환율은 전장보다 2.3원 오른 1372.3원으로 개장했다.고정삼 한경닷컴 기자 jsk@hankyung.com",https://www.hankyung.com/article/2025071122606,2025.07.11 11:02
"한국, 관세협상 타결 위해 1000억달러 이상 투자 보따리 푼다",,"삼성·SK·현대차·LG 등 4대 그룹 중심 투자 계획 취합추가 펀드도 논의…정부 조달자금도 투입 가능성





                한국 정부가 미국과의 관세 협상을 위해 국내 기업들과 1천억달러(137조원) 이상의 현지 투자 계획을 세워 이를 미국 정부 측에 곧 제안할 것으로 알려졌다.다만 이 금액은 국내 기업들의 순수한 투자계획을 모은 것이라 금액은 더 늘어날 가능성이 있다.24일 통상업계에 따르면 한국 통상 대표단은 당초 오는 25일로 예정됐던 '한미 고위급 2+2 통상협의'에서 이러한 금액을 담은 한국의 투자계획을 미국 정부 측에 제안할 계획이었던 것으로 전해졌다.다만 '2+2 협상'은 미국 스콧 베선트 재무장관의 긴급한 일정으로 인해 취소됐다.앞서 한국과 산업·수출 구조가 유사한 일본은 5천500억달러(약 757조원) 규모의 투자 펀드를 제안해 25%로 예고됐던 상호관세를 15%로 낮추는 '성과'를 낸 바 있다.한국 정부는 관세 협상에 앞서 삼성과 SK, 현대차, LG 등 4대 그룹을 중심으로 국내 기업들과 접촉해 가용한 현지 투자 금액을 취합했고, 현재까지 기업들로부터 약속받은 투자 금액은 1천억달러가량으로 전해진다.앞서 이재명 대통령은 지난 14일과 15일 정의선 현대차그룹 회장과 구광모 LG그룹 회장과 각각 만나 만찬을 하며 대미 투자와 글로벌 통상 등에 관해 의견을 나눈 바 있다.일본 투자 금액에 비해선 적지만 일본의 경제 규모가 한국과 비교해 2배가 넘는 것을 고려하면 적지 않은 금액이라는 것이 재계 관계자들의 평가다.또 이는 기업들의 순수 투자계획이라 정부 조달자금까지 더해질 경우 제안 금액은 더 늘어날 가능성이 있다.실제로 정부는 일본처럼 투자 펀드를 만드는 방안도 검토 중인 것으로 전해졌다.협상에 정통한 정부 고위 관계자는 ""우리도 실무선에서 (펀드 조성 방안을) 검토하고 있다""면서 ""일단 미국에 투자할 계획이 있는 기업들의 계획을 모아서 취합하고 액수를 늘리는 방향으로 생각하고 있다""고 전했다.일본도 대미 투자 펀드에 대해 ""정부계 금융기관이 최대 5천500억달러 규모의 출자·융자·융자보증을 가능하게 하는 합의""라며 JBIC(옛 일본수출입은행)와 일본무역보험을 활용하는 방안을 생각하고 있다고 설명한 바 있다.한국 정부 역시 기업 투자에 더해 수출입은행, 산업은행, 무역보험공사, 한국투자공사(KIC) 등을 활용하는 방안을 모색할 가능성이 점쳐진다.이날 블룸버그 통신도 ""한국 정부가 통상협상에서 미국에 투자하는 펀드 설립을 논의하고 있다""고 소식통을 인용해 보도했다.현대차그룹 등 국내 기업들은 대대적인 관세 인상을 예고한 도널드 트럼프 2기 행정부 출범에 맞춰 대규모 현지 투자 계획을 발표한 바 있다.현대차그룹은 지난 3월 정의선 회장이 직접 트럼프 대통령을 만나 미국 조지아주의 차량 생산 확대와 루이지애나주의 새로운 철강 공장 건설 등을 포함한 210억 달러 규모의 투자 계획을 발표했다.특히 일본이 이러한 투자 선물 보따리로 자동차 관세를 25%에서 12.5%로 절반 하향 조정한 것을 고려할 때 한국의 이번 대미 현지 투자에도 현대차그룹이 큰 역할을 한 것으로 알려졌다.이밖에 대한항공은 미국의 항공 제작사 보잉의 항공기와 항공기 엔진 제작업체 GE에어로스페이스와 총 327억달러(48조원) 규모의 공급계약을 체결했다.삼성전자는 370억달러(약 54조원) 이상을, SK하이닉스는 38억7천만달러(약 5조6천억원을)를 각각 투자해 미국 현지 반도체 생산 거점 건설을 추진 중이다.통상환경 정통한 관계자는 ""일본의 대규모 투자 약속이 상호관세를 낮추는 데 일조한 만큼 한국도 경제 규모에 맞는 투자 금액을 제시할 필요가 있다""면서 ""국내기업들과의 협조가 필수적이라 이미 조율을 마친 것으로 안다""고 말했다./연합뉴스",https://www.hankyung.com/article/202507249276Y,2025.07.24 11:39
"16일, 외국인 거래소에서 삼성전자(+1.57%), SK하이닉스(-0.84%) 등 순매수",,"외국인 투자자는 16일 거래소에서 삼성전자, SK하이닉스, 한화에어로스페이스 등을 중점적으로 사들인 것으로 나타났다.외국인 투자자의 순매수 상위 20개 종목은 삼성전자, SK하이닉스, 한화에어로스페이스, 롯데지주, 달바글로벌, 삼성전자우, 이수페타시스, SK스퀘어, 현대로템, 효성중공업등이다.이중에 전기,전자 업종에 속한 종목이 6개 포함되어 있다.삼성전자, 한화에어로스페이스, 삼성전자우 등은 전일 대비 주가가 상승했고, SK하이닉스, 롯데지주, 달바글로벌 등은 주가가 하락했다.[07월16일]거래소 외국인 순매수 상위 종목한경로보뉴스이 기사는 한국경제신문과 금융 AI 전문기업 씽크풀이 공동 개발한 기사 자동생성 알고리즘에 의해 실시간으로 작성된 것입니다.",https://www.hankyung.com/article/202507162907L,2025.07.16 18:35
"삼성메디슨 ""올해 매출 사상 첫 6000억원 돌파""","상반기 매출 3400억원
美 대형 병원 진입에
전년 대비 14% 증가","삼성전자의 의료기기 자회사 삼성메디슨이 올해 상반기에 역대 최대 매출을 달성했다. 미국에서의 연이은 대형병원 진입과 유럽에서의 대규모 공공입찰 수주가 성장을 견인했다.





                21일 업계에 따르면 삼성메디슨은 올해 상반기 매출이 전년 동기 대비 14% 이상 늘어난 약 3400억원을 기록했다. 역대 최대 반기 매출이다. 이 같은 추세가 이어지면 삼성메디슨의 올해 매출은 사상 처음으로 6000억원을 넘어설 전망이다. 삼성메디슨의 2023년(5174억원), 2024년(5712억원) 매출도 2년 연속 역대 최대치를 경신했다. 유규태 삼성메디슨 대표는 “차세대 의료 기술을 개발해 의료진과 환자 모두에게 더 나은 진단 경험을 제공할 것”이라며 “선제적인 투자를 더해 글로벌 진단기기업계를 선도하겠다”고 말했다.안정적인 매출 성장세는 해외 시장이 이끌었다. 삼성메디슨은 올해 들어 프랑스 루마니아 스페인 등 유럽 각국에서 대규모 공공 입찰을 수주하며 판매량을 크게 늘렸다. 일부 유럽 국가에서 삼성메디슨의 초음파 진단기기 시장 점유율은 60%에 육박하는 것으로 알려졌다. 미국에서는 연이어 산부인과 대형 체인 병원에 진입했다. 과거 주요 시장이었던 중국과 중앙아시아 국가의 공공 시장 위축이라는 위기를 유럽과 미국에서 새로운 판로를 개척해 극복한 것이다.하반기 지속적인 성장을 유지하기 위한 방안으로는 해외 영업 조직 강화를 앞세웠다. 삼성메디슨은 이를 위해 미국과 유럽 현지에서 우수 인력을 영입해 직판 역량을 키우고, 영업 조직은 권역별로 세부화해 구축한다는 계획이다. 또 시장 규모는 크지만 자사 점유율이 상대적으로 낮은 호주 캐나다 멕시코 등 신규 대형 시장 발굴에도 속도를 낸다는 목표를 세웠다. 해외 의료기관과의 전략적인 제휴를 본격적으로 확대하고 삼성전자 해외 연구소 등의 인프라 활용도 늘린다. 더 나아가 경쟁 업체들과의 기술 격차를 유지하기 위해 해외 현지에 ‘이노베이션 랩’과 ‘넥스트 제너레이션 테크 랩’ 등 새 연구기관을 설립한다는 계획이다.미래 성장동력 확보를 위해 제품 포트폴리오를 다각화하고 생산 설비를 대폭 확충한다는 청사진도 공개했다. 우선 제품군은 현재 주력인 산부인과와 영상의학과 관련 제품을 넘어 심장내과와 현장 진단 관련 제품으로 넓힌다. 인공지능(AI)을 통해 심장·간·자궁 등 주요 장기의 크기와 질병 지표를 실시간으로 시각화 및 정량화하겠다는 계획이다. 또 증축 중인 강원 홍천 공장에 자동화 설비와 스마트 공정을 도입한다.송영찬 기자 0full@hankyung.com",https://www.hankyung.com/article/2025072124921,2025.07.21 17:18
'JY 무죄'에도 웃지 못하는 삼성맨,"뉴스 카페

""이제 큰산 넘었다""는 분위기
급식 일감 몰아주기 혐의 등
19번째 재판에도 판결 '미정'","“사법 족쇄가 완전히 풀린 건 아니다.”삼성그룹 미래전략실 출신 한 올드보이(OB) 인사는 23일 삼성 서울 서초사옥의 최근 분위기에 대해 이렇게 말했다. 지난 17일 이재용 삼성전자 회장이 ‘부당 합병 및 회계 부정’ 혐의에 대해 무죄를 최종 선고받았을 때도 삼성의 반응은 “사필귀정” “큰 산을 하나 넘었다” 정도였다.삼성이 총수의 최종 무죄 판결에도 기뻐하거나 흥분하지 않고 차분한 이유는 적지 않다. 공정거래법 위반(일감 몰아주기) 혐의로 기소된 최지성 전 미래전략실장(부회장)과 삼성전자 법인 등에 대한 1심 재판이 진행 중이라는 점이 그중 하나다. 최 전 실장 등의 재판은 2023년 10월 첫 공판 이후 2년 가까이 이어지고 있다. 21일 서울중앙지방법원에서 열린 것까지 19차례 재판이 있었는데, 판결은 언제 날지 모른다.검찰은 2021년 6월 공정거래위원회의 고발 요청을 받아 2022년 11월 최 전 실장 등을 기소했다. 미전실 주도로 삼성물산의 자회사 삼성웰스토리에 4개 계열사의 연 3200억원 상당 급식 계약을 몰아줬다는 혐의다.최 전 실장과 삼성은 삼성웰스토리에 급식을 맡긴 건 직원들에게 고품질 식단을 제공하기 위한 것이었다는 주장이다. ‘승계를 위한 일감 몰아주기’란 검찰의 주장에 대해서도 삼성 측은 “1차 조사를 맡은 공정위도 ‘급식 계약이 승계와는 무관하다’고 인정했다”며 맞서고 있다.법조계 안팎에선 이 재판을 두고 대법원에서 무죄로 결론 난 ‘부당 합병 및 회계 부정’ 사건과 닮았다는 지적이 나온다. 검찰의 무리한 기소 등 진행 과정이 ‘판박이’라는 얘기다.삼성전자 직원들만 이 과정에서 피해를 보고 있다는 얘기도 나온다. 삼성전자는 2022년 사내 식당 36곳을 경쟁 입찰에 부쳐 일부를 외부 업체에 개방했다. 대다수 직원 사이에선 “웰스토리의 음식 질이 좋았다”는 평이 돌고 있다.황정수 기자 hjs@hankyung.com",https://www.hankyung.com/article/2025072377551,2025.07.23 17:58
"15일, 기관 거래소에서 SK하이닉스(-0.5%), 카카오(-1.89%) 등 순매도",,"기관 투자자는 15일 거래소에서 SK하이닉스, 카카오, PLUS 고배당주 등을 중점적으로 매도한 것으로 나타났다.기관 투자자의 순매도 상위 20개 종목은 SK하이닉스, 카카오, PLUS 고배당주, KODEX 200, 삼성전자, KODEX 레버리지, 현대차, KODEX 코스닥150선물인버스, 하이브, TIGER 코리아배당다우존스등이다.이중에 전기,전자 업종에 속한 종목이 2개 포함되어 있다.KODEX 200, 삼성전자, KODEX 레버리지 등은 전일 대비 주가가 상승했고, SK하이닉스, 카카오, PLUS 고배당주 등은 주가가 하락했다.[07월15일]거래소 기관 순매도 상위 종목한경로보뉴스이 기사는 한국경제신문과 금융 AI 전문기업 씽크풀이 공동 개발한 기사 자동생성 알고리즘에 의해 실시간으로 작성된 것입니다.",https://www.hankyung.com/article/202507150338L,2025.07.15 18:35
,,,https://magazine.hankyung.com/business/article/202507173311b,
9~10% 주식 관련 대출에서 3%대 대출로 교체,,"전송종목 : 서진시스템, PI첨단소재, 한진칼, 종근당, 더블유게임즈최근 주식 투자자들 사이에서 주식대출(미수/신용융자 등)의 고금리에 대한 부담이 커지고 있다.특히 저금리를 적용 받고 싶어도, 기존 대출을 상환하고 다시 주식을 매수해야 하는 번거로운 절차와 자금 조달의 어려움이 발목을 잡고 있다.이런 현실적인 문제를 해결하고자, 무빙스탁이 ‘증권사 신용, 대환자금대출’ 서비스를 전격 출시했다.이 상품은 주식을 매도하지 않고도, 기존의 고금리의 주식대출(미수/신용융자 등)의 3%대의 혁신적인 저금리 증권사로 전환할 수 있도록 상환자금을 제공하는 것이 핵심이다.무빙스탁 관계자는 “현재 증권사 이벤트 금리는 연 3%대 수준으로, 기존 9~10%대 고금리를 적용받는 투자자라면 절감 효과가 상당하다”며, 금리를 5%만 낮추면 “1억원 신용대출 기준으로 연간 약 500만원, 3억원이라면 1,500만원까지도 절약할 수 있다”고 밝혔다.더 놀라운 점은, 현재는 이벤트 기간으로 대환자금대출 신청시 발생하는 이자 비용까지 ‘0원’이라는 사실이다. 대환자금에 대해서 하루의 대출이자도 부담하지 않고 기존 고금리 대출을 저금리로 전환할 수 있어, 고금리 부담에 시달리던 투자자들에게 큰 호응을 얻을 전망이다.이 서비스는 부동산 시장에서 흔히 이용되던 대환대출 개념을 증권시장에 도입한 혁신적인 시도로, 주식 투자자들의 자금 운용에 새로운 대안을 제시할 것으로 기대된다.무빙스탁 ‘증권사 신용, 대환자금대출’의 비용 무료 이벤트는 이벤트 기간 동안 한정적으로 제공되는 만큼, 신용융자를 이용 중인 투자자라면 지금 바로 확인해볼 필요가 있다.★ 장마감 시간이 가까워질수록 문의가 많아 상담이 지연될 수 있습니다.★ 7월 문의하신 고객들이 많이 보유하신 종목으로는 삼성전자, POSCO홀딩스, 셀트리온, 포스코퓨처엠, 에코프로비엠, NAVER, 에코프로, 삼성SDI, LG화학, SK하이닉스, 두산에너빌리티, 카카오, SK이노베이션, LG에너지솔루션, 엘앤에프, 삼천당제약, 현대차, 알테오젠, HPSP, LG전자 등이 있습니다.★ 안내사항과도한 빚은 당신에게 큰 불행을 안겨줄 수 있습니다. 대출 시 신용등급 하락으로 다른 금융거래가 제약받을 수 있습니다. 중개수수료를 요구하거나 받는 것은 불법입니다.상호명: ㈜단비대부 2021-서울영등포-2102(대부업) | TEL: 1544-4886 | 대출금리: 연 20%이내(연체금리는 약정금리+3%p이내, 최대 연 20%이내) | 단, 2021. 7. 7.부터 신규체결, 갱신, 연장되는 계약에 한함 | 채무의 조기상환 조건 및 부대비용 없음. (단, 신용조회비용 및 담보권설정비용 있음), 이자 외 별도로 중개수수료를 요구하거나 수취하는 것은 불법입니다. | 대표이사: 박동원 | 사업자등록번호: 274-86-00231 | 등록기관명칭: 서울 영등포구청(담당부서: 일자리경제과, 02-2670-3420) | 소재지 : 서울 영등포구 여의대방로67길 11, 5층 517호 | 개인정보관리자메일: help@danbifund.co.kr무료상담",https://www.hankyung.com/article/202507235743a,2025.07.23 11:38
"증권사 신용대출, 3%대 금리로 바꾸는 가장 쉬운 방법",,"전송종목 : CJ제일제당, 풍산, 일진전기, KB금융, 한세실업최근 주식 투자자들 사이에서 주식대출(미수/신용융자 등)의 고금리에 대한 부담이 커지고 있다.특히 저금리를 적용 받고 싶어도, 기존 대출을 상환하고 다시 주식을 매수해야 하는 번거로운 절차와 자금 조달의 어려움이 발목을 잡고 있다.이런 현실적인 문제를 해결하고자, 무빙스탁이 ‘증권사 신용, 대환자금대출’ 서비스를 전격 출시했다.이 상품은 주식을 매도하지 않고도, 기존의 고금리의 주식대출(미수/신용융자 등)의 3%대의 혁신적인 저금리 증권사로 전환할 수 있도록 상환자금을 제공하는 것이 핵심이다.무빙스탁 관계자는 “현재 증권사 이벤트 금리는 연 3%대 수준으로, 기존 9~10%대 고금리를 적용받는 투자자라면 절감 효과가 상당하다”며, 금리를 5%만 낮추면 “1억원 신용대출 기준으로 연간 약 500만원, 3억원이라면 1,500만원까지도 절약할 수 있다”고 밝혔다.더 놀라운 점은, 현재는 이벤트 기간으로 대환자금대출 신청시 발생하는 이자 비용까지 ‘0원’이라는 사실이다. 대환자금에 대해서 하루의 대출이자도 부담하지 않고 기존 고금리 대출을 저금리로 전환할 수 있어, 고금리 부담에 시달리던 투자자들에게 큰 호응을 얻을 전망이다.이 서비스는 부동산 시장에서 흔히 이용되던 대환대출 개념을 증권시장에 도입한 혁신적인 시도로, 주식 투자자들의 자금 운용에 새로운 대안을 제시할 것으로 기대된다.무빙스탁 ‘증권사 신용, 대환자금대출’의 비용 무료 이벤트는 이벤트 기간 동안 한정적으로 제공되는 만큼, 신용융자를 이용 중인 투자자라면 지금 바로 확인해볼 필요가 있다.★ 장마감 시간이 가까워질수록 문의가 많아 상담이 지연될 수 있습니다.★ 7월 문의하신 고객들이 많이 보유하신 종목으로는 삼성전자, POSCO홀딩스, 셀트리온, 포스코퓨처엠, 에코프로비엠, NAVER, 에코프로, 삼성SDI, LG화학, SK하이닉스, 두산에너빌리티, 카카오, SK이노베이션, LG에너지솔루션, 엘앤에프, 삼천당제약, 현대차, 알테오젠, HPSP, LG전자 등이 있습니다.★ 안내사항과도한 빚은 당신에게 큰 불행을 안겨줄 수 있습니다. 대출 시 신용등급 하락으로 다른 금융거래가 제약받을 수 있습니다. 중개수수료를 요구하거나 받는 것은 불법입니다.상호명: ㈜단비대부 2021-서울영등포-2102(대부업) | TEL: 1544-4886 | 대출금리: 연 20%이내(연체금리는 약정금리+3%p이내, 최대 연 20%이내) | 단, 2021. 7. 7.부터 신규체결, 갱신, 연장되는 계약에 한함 | 채무의 조기상환 조건 및 부대비용 없음. (단, 신용조회비용 및 담보권설정비용 있음), 이자 외 별도로 중개수수료를 요구하거나 수취하는 것은 불법입니다. | 대표이사: 박동원 | 사업자등록번호: 274-86-00231 | 등록기관명칭: 서울 영등포구청(담당부서: 일자리경제과, 02-2670-3420) | 소재지 : 서울 영등포구 여의대방로67길 11, 5층 517호 | 개인정보관리자메일: help@danbifund.co.kr무료상담",https://www.hankyung.com/article/202507235737a,2025.07.23 08:53
도우인시스 일반청약에 3.7조 뭉칫돈,폴더블폰 디스플레이 부품 업체,"▶마켓인사이트 7월 15일 오후 4시 29분폴더블폰 부품을 생산하는 도우인시스가 코스닥시장 상장을 위한 일반청약에서 3조원 넘는 증거금을 모으며 흥행에 성공했다.15일 증권업계에 따르면 도우인시스는 전날부터 이틀간 진행한 청약에서 경쟁률 664.21 대 1을 기록했다. 청약금의 절반을 미리 납부하는 증거금으로는 약 3조7000억원이 모였다. 총청약 건수는 18만3504건으로 집계됐다.도우인시스는 140만 주를 신주 발행한다. 공모가 3만2000원 기준 예상 시가총액은 3443억원이다. 오는 23일 코스닥시장에 상장한다. 대표 주관사는 키움증권이다.2010년 설립된 도우인시스는 2019년 세계 최초로 폴더블폰용 초박형강화유리(UTG)를 상용화했다. 삼성디스플레이가 주요 고객사다. 삼성디스플레이를 통해 삼성전자뿐만 아니라 구글, 오포, 샤오미 등 글로벌 그룹에 UTG를 공급해 왔다.도우인시스는 상장을 통해 조달한 자금을 신규 설비 투자 및 차세대 UTG 기술 고도화, 글로벌 생산능력(CAPA) 확대에 투입할 예정이다.최한종 기자 onebell@hankyung.com",https://www.hankyung.com/article/2025071501801,2025.07.15 17:53
고금리 OUT! 증권사 신용대출 3%대로 전환하는 방법,,"전송종목 : 두산밥캣, 넷마블, 스튜디오드래곤, 실리콘투, 크래프톤최근 주식 투자자들 사이에서 주식대출(미수/신용융자 등)의 고금리에 대한 부담이 커지고 있다.특히 저금리를 적용 받고 싶어도, 기존 대출을 상환하고 다시 주식을 매수해야 하는 번거로운 절차와 자금 조달의 어려움이 발목을 잡고 있다.이런 현실적인 문제를 해결하고자, 무빙스탁이 ‘증권사 신용, 대환자금대출’ 서비스를 전격 출시했다.이 상품은 주식을 매도하지 않고도, 기존의 고금리의 주식대출(미수/신용융자 등)의 3%대의 혁신적인 저금리 증권사로 전환할 수 있도록 상환자금을 제공하는 것이 핵심이다.무빙스탁 관계자는 “현재 증권사 이벤트 금리는 연 3%대 수준으로, 기존 9~10%대 고금리를 적용받는 투자자라면 절감 효과가 상당하다”며, 금리를 5%만 낮추면 “1억원 신용대출 기준으로 연간 약 500만원, 3억원이라면 1,500만원까지도 절약할 수 있다”고 밝혔다.더 놀라운 점은, 현재는 이벤트 기간으로 대환자금대출 신청시 발생하는 이자 비용까지 ‘0원’이라는 사실이다. 대환자금에 대해서 하루의 대출이자도 부담하지 않고 기존 고금리 대출을 저금리로 전환할 수 있어, 고금리 부담에 시달리던 투자자들에게 큰 호응을 얻을 전망이다.이 서비스는 부동산 시장에서 흔히 이용되던 대환대출 개념을 증권시장에 도입한 혁신적인 시도로, 주식 투자자들의 자금 운용에 새로운 대안을 제시할 것으로 기대된다.무빙스탁 ‘증권사 신용, 대환자금대출’의 비용 무료 이벤트는 이벤트 기간 동안 한정적으로 제공되는 만큼, 신용융자를 이용 중인 투자자라면 지금 바로 확인해볼 필요가 있다.★ 장마감 시간이 가까워질수록 문의가 많아 상담이 지연될 수 있습니다.★ 7월 문의하신 고객들이 많이 보유하신 종목으로는 삼성전자, POSCO홀딩스, 셀트리온, 포스코퓨처엠, 에코프로비엠, NAVER, 에코프로, 삼성SDI, LG화학, SK하이닉스, 두산에너빌리티, 카카오, SK이노베이션, LG에너지솔루션, 엘앤에프, 삼천당제약, 현대차, 알테오젠, HPSP, LG전자 등이 있습니다.★ 안내사항과도한 빚은 당신에게 큰 불행을 안겨줄 수 있습니다. 대출 시 신용등급 하락으로 다른 금융거래가 제약받을 수 있습니다. 중개수수료를 요구하거나 받는 것은 불법입니다.상호명: ㈜단비대부 2021-서울영등포-2102(대부업) | TEL: 1544-4886 | 대출금리: 연 20%이내(연체금리는 약정금리+3%p이내, 최대 연 20%이내) | 단, 2021. 7. 7.부터 신규체결, 갱신, 연장되는 계약에 한함 | 채무의 조기상환 조건 및 부대비용 없음. (단, 신용조회비용 및 담보권설정비용 있음), 이자 외 별도로 중개수수료를 요구하거나 수취하는 것은 불법입니다. | 대표이사: 박동원 | 사업자등록번호: 274-86-00231 | 등록기관명칭: 서울 영등포구청(담당부서: 일자리경제과, 02-2670-3420) | 소재지 : 서울 영등포구 여의대방로67길 11, 5층 517호 | 개인정보관리자메일: help@danbifund.co.kr무료상담",https://www.hankyung.com/article/202507235749a,2025.07.23 13:28
알아서 척척…훨씬 똑똑해진 AI 비스포크 세탁기·건조기 나왔다,"삼성전자 '비스포크 AI 원바디'

7형 'AI 홈' 터치스크린 탑재
스스로 최적 세탁 솔루션 제공
옷감 인식 3종 → 5종까지 확대","삼성전자의 2025년형 상하 결합형 세탁기∙건조기 ‘비스포크 AI 원바디’.  삼성전자 제공

                인공지능(AI)이 오염 정도에 따라 알아서 세탁 코스를 정해주고 세제량과 시간까지 관리해주는 제품이 나왔다.삼성전자는 7형 ‘AI 홈’ 터치스크린과 AI 기능을 지원하는 2025년형 상하 결합형 세탁기·건조기 ‘비스포크 AI 원바디’ 신제품을 최근 선보였다. 2025년형 비스포크 AI 원바디는 국내 최대인 25㎏ 용량의 하단 세탁기와 22㎏ 용량의 상단 건조기가 하나로 결합된 제품으로, 빨래 양이 많거나 분리 세탁을 선호하는 소비자에게 최적의 솔루션을 제공한다. 이 신제품은 세탁기와 건조기 단품을 직렬로 설치할 때보다 상단 건조기 투입구 높이가 약 80㎜ 낮아져 세탁물을 투입할 때 더 편리하다는 게 회사 측 설명이다. ◇ 스마트한 가전 생활2025년형 비스포크 AI 원바디는 7형 AI 홈터치스크린이 있기 때문에 세탁·건조 코스와 기능을 한눈에 보고 손쉽게 제어할 수 있다. 7형 AI 홈 터치스크린은 사용자가 자연스럽게 서 있는 상태에서 정보를 확인하고 조작할 수 있는 위치에 넣었다. 터치스크린에서 집안 도면을 3차원(3D)으로 보여주고, 연결된 가전의 위치와 상태를 한눈에 볼 수 있는 ‘3D 맵뷰’ 기능으로 ‘스마트싱스’에 연결된 기기를 편리하게 제어할 수 있다.또 AI 음성비서 ‘빅스비’를 지원해 대화하듯 자연스럽게 음성으로 제어하는 것도 가능하다. 기존에 학습하지 않은 지시나 복잡한 명령어도 이해하고 직전에 나눈 대화를 기억해 이어서 대화할 수 있다. 예를 들어 “빅스비, 무세제 통세척 코스가 뭐야?”라고 물으면 이에 대한 정보를 제공하고, 이어서 “그걸로 시작해줘”라고 말하면 직전 대화를 기해 해당 코스를 실행한다.2025년형 비스포크 AI 원바디는 △AI 맞춤세탁+ △AI 맞춤건조+ △AI 진동소음 저감 시스템 △AI세제 자동투입 등 한층 고도화된 AI 기능을 두루 갖췄다. ‘AI 맞춤세탁+’는 세탁물의 종류, 무게, 오염도에 따라 최적의 코스로 알아서 맞춤세탁하는 기능이다. AI가 세탁물의 특성과 패턴을 분석해 옷감을 구분하고, 소재에 맞춰 세탁부터 헹굼, 탈수까지 전 과정을 섬세하게 조절해 한층 깨끗하게 세탁한다. 세탁 중 오염도를 판단해 세제량과 세탁 시간도 줄이거나 추가한다. AI가 인식할 수 있는 옷감 종류도 기존 섬세, 타월, 일반 3종에서 데님, 아웃도어를 더해 5종으로 확대했다. ◇ 편리한 세탁 경험 제공‘AI 맞춤건조+’는 일반·데님·타월·섬세 등 4종을 구분해 두꺼운 의류는 구석구석 꼼꼼하게 건조하고, 타월류는 보송보송하게 건조하는 등 의류 재질과 특성에 최적화된 알고리즘으로 맞춤 건조를 수행하는 기능이다. 이불에 특화된 세탁·건조 기능도 지원한다. ‘AI 이불세탁’과 ‘AI 이불건조’는 이불의 부피와 종류를 감지하고 얇은 이불은 빠르게 세탁·건조해 물 사용량과 에너지를 절감하도록 돕는다. 두꺼운 이불은 더 꼼꼼하게 세탁·건조해 엉킴 없이 깨끗하고 보송하게 건조한다.2025년형 비스포크 AI 원바디는 업그레이드된 ‘AI 진동 소음 저감 시스템’을 갖췄다. 세탁기가 설치된 바닥 환경에 따라 세탁기의 진동 패턴을 감지해 진동을 최소화한다. 또 진동을 흡수하는 2단 댐퍼가 내장돼 탈수 시 소음 정도가 51.7dB(A)로 낮은 편이다. 이 밖에 세탁물에 맞게 적정한 양의 세제를 알아서 투입하는 ‘AI 세제 자동투입’ 기능, 세탁이나 건조 종료 후 자동으로 문을 열어주는 ‘오토 오픈 도어’ 등 다양한 편의 기능을 두루 갖췄다.특히 이번 신제품은 ‘비스포크 AI 콤보’에서 처음 선보인 ‘직수파워 오토 클린’ 기능을 새롭게 적용했다. 강력한 수압으로 열교환기의 건조 먼지를 자동으로 세척하며 필요시 수동 청소도 가능해 제품을 깨끗하게 관리할 수 있다. 다크스틸, 실버스틸, 그레이지, 화이트 네 가지 색상으로 출시됐다. 출고가는 사양에 따라 369만~434만원대다.문종승 삼성전자 DA사업부 부사장은 “삼성전자는 소비자가 라이프스타일에 맞춰 자유롭게 선택할 수 있도록 올인원, 결합형, 분리형 세탁기와 건조기 옵션을 제공하고 있다”며 “앞으로도 다양한 플랫폼과 맞춤형 AI 기술을 결합해 소비자들의 일상을 더욱 편리하게 만들어주는 세탁 솔루션을 제공할 것”이라고 말했다.민지혜 기자 spop@hankyung.com",https://www.hankyung.com/article/2025072235651,2025.07.22 16:39
이재용 '사법 족쇄' 풀렸다...등기이사 복귀 유력,,"영상 모듈 닫기




<앵커>이재용 삼성전자 회장의 부당합병·회계부정 혐의가 최종 무죄로 확정되면서 사법리스크도 10년만에 모두 해소됐습니다.'뉴삼성'을 위한 본격적인 행보에 들어가게 되면서 등기이사 복귀와 굵직한 M&A 등에도 한층 힘이 실릴 전망입니다.자세한 내용 산업부 홍헌표 기자와 알아보겠습니다. 이 회장의 발목을 잡았던 사법 족쇄가 완전히 풀린건가요?<기자>이재용 삼성전자 회장이 약 10년간 따라다니던 '사법 리스크'를 모두 털어냈습니다.오늘 (17일) 대법원은 부당합병·회계부정 혐의로 재판에 넘겨진 이 회장에게 검찰 측 상고를 기각하고 1·2심과 마찬가지로 무죄 판단을 유지했습니다.이 회장은 지난 2015년 경영권 승계와 그룹 지배력 강화를 목적으로 사내 미래전략실 주도아래 삼성물산·제일모직 합병에 부당하게 관여한 혐의를 받아왔습니다.검찰은 이 회장이 자본시장법을 위반했다고 보고 2020년 9월 재판에 넘겼습니다.하지만 1심과 2심은 이 회장을 비롯해 최지성 전 삼성그룹 미전실 실장 등 14명에게 무죄를 선고한 바 있는데, 오늘 대법원도 1심과 2심의 판단을 유지했습니다.이재용 회장 변호인단은 대법원 판결에 대해 ""삼성물산 합병과 삼성바이오로직스 회계처리가 적법하다는 점이 분명히 확인됐다""면서 ""현명하게 판단해 준 법원에 감사드린다""는 입장을 밝혔습니다.이재용 회장이나 삼성그룹 차원의 입장은 따로 나오지 않았습니다.<앵커>이재용 회장이 사법리스크를 털어냈기 때문에 보다 적극적인 경영 활동에 나설 것으로 예상됩니다.삼성전자 이사회에 복귀해야한다는 의견이 나오고 있는데 등기이사 복귀 가능성은 어떻습니까?<기자>삼성그룹 내부나 산업계 전반에서는 이재용 회장이 삼성전자의 등기이사에 복귀해 더 책임있는 경영에 나서야한다는 목소리가 높습니다.이 회장은 사법리스크가 본격화 된 지난 2019년 등기이사직을 내려놓은 이후 현재 4대그룹 총수 중 유일하게 이사회에서 빠져있습니다.올해 초 2심 무죄 선고 이후, 3월 열린 삼성전자 정기 주주총회에서 등기이사 복귀가 예상됐지만 안건이 올라가지 않았습니다.대법원 최종 판단까지 조심스러운 행보를 이어간 겁니다.삼성 준법감시위원회 위원장을 맡고 있는 이찬희 위원장은 지난 2월 ""이재용 회장의 등기이사 복귀가 필요하다""고 말하기도 했습니다.속도감 있는 경영을 위해서는 등기이사에 복귀해 이사회에 참석하는 것이 중요하다는 조언이었습니다.이런 상황에서 다음주 수요일인 23일, 삼성 준감위 정기회의가 열립니다.이찬희 위원장은 다시 한 번 이재용 회장의 등기이사 복귀를 촉구할 것으로 보입니다.삼성전자의 정기주총은 내년 3월이지만 임시주총을 열어서 이른 이사회 복귀도 가능합니다.주요 경제단체에서도 잇따라 환영의 메시지를 내면서 이 회장의 강력한 리더십을 기대하고 있습니다.한국경영자총협회는 ""이 회장의 강력한 리더십을 중심으로 적극적인 투자와 기술혁신을 통해 신성장동력 발굴과 일자리 창출로 우리 경제 재도약의 기틀을 마련해달라""고 전했습니다.한국경제인협회도 ""글로벌 통상갈등, 패권경쟁 등 불확실성이 고조되는 상황에서, 기업의 신속한 의사결정은 우리 경제가 당면한 어려움을 극복하는 데 중요한 발판이 될 것""이라고 밝혔습니다.<앵커>당장 삼성전자는 반도체 사업에서 돌파구를 찾지 못하고 있습니다. 이 회장이 특단의 조치를 내릴 것이라는 예상도 나오는데, 삼성 그룹 전체에 메시지를 내거나 깜짝 인수합병 소식도 가능할까요?<기자>사법리스크가 사라진 이재용 회장은 새로운 삼성 구축에 나설 것으로 보입니다.이 회장은 지난 3월 임원 세미나에서 “삼성은 죽느냐 사느냐 하는 생존의 문제에 직면했다. 당장의 이익을 희생하더라도 미래를 위해 투자해야 한다”고 강조했습니다.삼성전자는 지난해 말 로봇기업인 레인보우로보틱스를 인수했고, 올해는 마시모 오디오사업부와 공조회사 플랙트, 헬스케어 회사 젤스 등을 잇따라 인수했습니다.이 회장이 미래 먹거리로 꼽고 있는 바이오, AI, 전장, 5G 등 신성장산업에 사업을 확장하고 있는 겁니다.삼성은 지난달 하반기 경영전략회의를 갖기도 했는데, 이 회장이 하반기 경영방향에 대한 새로운 메시지도 내놓을 것으로 보입니다.당장 삼성은 반도체사업부(DS)의 실적이 부진한데, HBM과 파운드리 체질개선을 위한 특단의 조치가 나올 수도 있습니다.특히 반도체 분야에서 조직개편이나 인수합병도 조심스럽게 점쳐집니다.이 회장은 글로벌 행보도 다시 활발하게 할 것으로 예상됩니다.지난 주 이재용 회장은 글로벌 빅테크 CEO들의 모임인 ‘선 밸리 콘퍼런스’에 무려 10년만에 참석했습니다.그동안 사법리스크 때문에 이 콘퍼런스에 참석을 꺼렸는데, 올해부터 참석하기로 결정한 겁니다.이 콘퍼런스에서는 빅테크 CEO들간의 굵직한 의사결정이 이루어지는 만큼 삼성의 메가톤급 투자소식도 기대해볼만 합니다.또 이 회장은 이달 말 열리는 구글 캠프에도 초청받은 것으로 알려졌습니다.이탈리아에서 열리는 구글 캠프는 글로벌 CEO 사교 모임인데 시간과 장소외에는 철저히 베일에 싸여 있습니다.이 회장은 당분간 국내외를 오가면서 경영을 진두지휘 할 것으로 보입니다.<앵커>잘 들었습니다.홍헌표기자 hphong@wowtv.co.kr",https://www.hankyung.com/article/2025071753775,2025.07.17 17:18
고금리 이자 폭탄 피하는 법! 증권사 대출 3%대로 줄이기,,"전송종목 : 아진산업, 계룡건설, 아가방컴퍼니, 대영포장, 금강공업최근 주식 투자자들 사이에서 주식대출(미수/신용융자 등)의 고금리에 대한 부담이 커지고 있다.특히 저금리를 적용 받고 싶어도, 기존 대출을 상환하고 다시 주식을 매수해야 하는 번거로운 절차와 자금 조달의 어려움이 발목을 잡고 있다.이런 현실적인 문제를 해결하고자, 무빙스탁이 ‘증권사 신용, 대환자금대출’ 서비스를 전격 출시했다.이 상품은 주식을 매도하지 않고도, 기존의 고금리의 주식대출(미수/신용융자 등)의 3%대의 혁신적인 저금리 증권사로 전환할 수 있도록 상환자금을 제공하는 것이 핵심이다.무빙스탁 관계자는 “현재 증권사 이벤트 금리는 연 3%대 수준으로, 기존 9~10%대 고금리를 적용받는 투자자라면 절감 효과가 상당하다”며, 금리를 5%만 낮추면 “1억원 신용대출 기준으로 연간 약 500만원, 3억원이라면 1,500만원까지도 절약할 수 있다”고 밝혔다.더 놀라운 점은, 현재는 이벤트 기간으로 대환자금대출 신청시 발생하는 이자 비용까지 ‘0원’이라는 사실이다. 대환자금에 대해서 하루의 대출이자도 부담하지 않고 기존 고금리 대출을 저금리로 전환할 수 있어, 고금리 부담에 시달리던 투자자들에게 큰 호응을 얻을 전망이다.이 서비스는 부동산 시장에서 흔히 이용되던 대환대출 개념을 증권시장에 도입한 혁신적인 시도로, 주식 투자자들의 자금 운용에 새로운 대안을 제시할 것으로 기대된다.무빙스탁 ‘증권사 신용, 대환자금대출’의 비용 무료 이벤트는 이벤트 기간 동안 한정적으로 제공되는 만큼, 신용융자를 이용 중인 투자자라면 지금 바로 확인해볼 필요가 있다.★ 장마감 시간이 가까워질수록 문의가 많아 상담이 지연될 수 있습니다.★ 7월 문의하신 고객들이 많이 보유하신 종목으로는 삼성전자, POSCO홀딩스, 셀트리온, 포스코퓨처엠, 에코프로비엠, NAVER, 에코프로, 삼성SDI, LG화학, SK하이닉스, 두산에너빌리티, 카카오, SK이노베이션, LG에너지솔루션, 엘앤에프, 삼천당제약, 현대차, 알테오젠, HPSP, LG전자 등이 있습니다.★ 안내사항과도한 빚은 당신에게 큰 불행을 안겨줄 수 있습니다. 대출 시 신용등급 하락으로 다른 금융거래가 제약받을 수 있습니다. 중개수수료를 요구하거나 받는 것은 불법입니다.상호명: ㈜단비대부 2021-서울영등포-2102(대부업) | TEL: 1544-4886 | 대출금리: 연 20%이내(연체금리는 약정금리+3%p이내, 최대 연 20%이내) | 단, 2021. 7. 7.부터 신규체결, 갱신, 연장되는 계약에 한함 | 채무의 조기상환 조건 및 부대비용 없음. (단, 신용조회비용 및 담보권설정비용 있음), 이자 외 별도로 중개수수료를 요구하거나 수취하는 것은 불법입니다. | 대표이사: 박동원 | 사업자등록번호: 274-86-00231 | 등록기관명칭: 서울 영등포구청(담당부서: 일자리경제과, 02-2670-3420) | 소재지 : 서울 영등포구 여의대방로67길 11, 5층 517호 | 개인정보관리자메일: help@danbifund.co.kr무료상담",https://www.hankyung.com/article/202507108876a,2025.07.10 13:28
파월 해임설 부상…장기 국채 금리 급등 우려,,"최근 도널드 트럼프 전 대통령이 제롬 파월 미국 연방준비제도 의장 해임 가능성을 언급하자, 글로벌 금융시장의 불확실성이 커지고 있다. 정치권과 시장에서는 파월 해임 시 단기 금리 하락·장기 금리 급등의 가능성이 높아진다는 분석이 제기된다.독일계 금융권은 트럼프의 압박이 미국 장·단기 금리를 동시에 움직이는 ‘이례적 스플릿 커브‘ 상황을 촉발할 수 있다고 경고했다. 도이체방크 연구진은 “파월 해임은 완화적 통화정책을 위한 조치로 해석되지만, 동시에 시장의 인플레이션 기대치와 리스크 프리미엄을 높일 가능성이 있다”고 진단했다.시장 반응은 이미 감지되고 있다. 트럼프가 해임을 언급한 직후, 미국 장기 국채(10·30년) 수익률과 현물 달러가 반응했다. 이 과정에서 장기 금리 상승은 기업 자금조달 비용 증가, 증시 약세 압력 확대를 초래할 가능성이 제기되고 있다.전문가들은 “정치권이 연준의 독립성을 흔들면, 금융시장은 민감하게 반응하며 장기 금리도 큰 폭으로 요동칠 수 있다”고 강조한다. 실제로 과거 미국과 터키 등 중앙은행 독립성이 훼손된 국가에서 장기 채권 금리가 급등하며 경기 불안정이 동반된 사례가 있다.이처럼 장기 국채 금리 급등은 증시에 부담 요인이며, 기업 차입 비용 상승과 투자 심리 위축으로 이어질 수 있다. 금리 예민 업종(금융·부동산·IT 등)과 장기채 보유 비중이 높은 포트폴리오에서는 리스크 관리 전략이 필요하다는 조언이 나온다.




 

▶ 더머니스탁론 신규 상품 전격 출시! (DSR 규제 X)▶ 최대 400% 레버리지 투자, 증권사 신용미수 대환 가능!▶ 한 종목 100% 집중 투자 가능!▶ 더머니스탁론 바로가기 (https://themoney.co.kr/ha)▶ 더머니스탁론 전화 상담 1600‑7096▶ 더머니스탁론 카카오톡 상담 (http://pf.kakao.com/_cVfxbn/chat)관심종목: KB금융, 미래에셋증권, 삼성물산, LG전자, SK하이닉스무료상담",https://www.hankyung.com/article/202507235755a,2025.07.23 09:45
인도·베트남만 웃는다…'美 관세' 직격탄에 스마트폰 생산량↓,"올해 스마트폰 생산량 1% 감소
미국 관세·산업 침체 등 악영향
최대 수혜국 '인도·베트남' 전망","사진=REUTERS·연합뉴스

                미국 관세 정책에 따른 충격과 전반적인 산업 침체가 맞물리면서 올해 전 세계 스마트폰 생산량이 감소할 것으로 전망됐다. 중국은 관세 폭탄을 직격으로 맞으면서 생산량 감소와 내수 부진이 예상된다. 인도·베트남 스마트폰 시장만 삼성전자·애플·모토로라 등의 제조사를 중심으로 성장세를 이어간다는 관측이다. 11일 시장조사업체 카운터포인트리서치에 따르면 올해 전 세계 스마트폰 생산량은 전년보다 1% 감소할 것으로 예상된다. 지난해엔 중국·인도·베트남이 전 세계 스마트폰 생산량 중 90% 이상을 제조했지만 올해는 국가별로 엇갈린 흐름이 나타날 수 있다는 분석이다. 중국은 올해 미국 관세 정책에 따른 충격을 고스란히 떠안을 것으로 보인다. 이는 스마트폰 생산량 감소와 내수 시장 실적 부진으로 이어질 가능성이 크다. 아이반 램 카운터포인트 책임연구원은 ""코로나19 이후 전 세계 스마트폰 생산 변화가 가속화됐지만 관세는 부품 공급업체부터 수입·유통업체, 브랜드, 제조업체에 이르기까지 산업 전반에 걸쳐 타격을 주고 있다""며 ""이로 인해 브랜드들은 중국을 떠나 다른 국가로 생산 거점을 분산할 수밖에 없는 상황이고 가장 큰 수혜국은 성장잠재력이 큰 인도와 중국과 지리적으로 가깝고 소비가전 부문에서 발달된 위탁생산·수출 인프라를 갖춘 베트남""이라고 설명했다. 인도의 경우 올해 최대 수혜국이 될 전망이다. 삼성전자·애플의 수출 수요에 힘입어 두 자릿수 성장률을 기록할 것으로 보인다. 글로벌 제조·수출 허브인 베트남도 삼성전자·모토로라를 중심으로 견조한 성장세가 예상된다.프라치어 싱 카운터포인트 책임연구원은 ""전통적인 글로벌 전자제품 위탁생산(EMS) 대기업들이 지속적으로 인도에 투자하면서 인도의 제조 역량이 크게 향상돼 이젠 더 높은 생산 수요를 충족할 수 있는 수준에 도달했다""며 ""인도의 생산 수율과 복잡성 측면에서 현지 제조 역량이 지속적으로 개선되고 있고 인도 정부도 부품 생태계 활성화를 위해 최근 전자부품 제조지원정책(ECMS)을 도입해 기업들의 투자와 현지 생산을 장려하고 있다""고 했다. 카운터포인트는 장기적으로도 인도가 가장 큰 수혜국이 될 것이란 전망을 내놨다. 나머지 지역의 경우 스마트폰 생산량 중 차지하는 비중이 작고 자국 내 스마트폰 수요도 줄면서 생산 부진이 예상된다. 미국이 관세 정책을 통해 스마트폰 공급망 전환을 이뤄낼 경우 아이폰 가격은 200달러 가까이 인상될 수 있다는 관측도 나왔다. 닐 샤 카운터포인트 연구위원은 ""만약 애플이 정말로 미국 공장에서 아이폰을 생산한다면 아직 모든 조건이 갖춰지지 않았다는 점을 고려할 때 가격이 최소 15~20%, 즉 150~200달러가량 인상될 것으로 예상된다""며 ""이러한 비용 증가는 주로 인건비, 공장 투자 비용(설비투자비의 감가상각비), 물류비용 차이에서 기인할 것""이라고 봤다. 김대영 한경닷컴 기자 kdy@hankyung.com",https://www.hankyung.com/article/202507112955g,2025.07.11 15:56
"'KH바텍' 52주 신고가 경신, 오랜만에 갖는 기대감 - 메리츠증권, BUY",,"◆ 최근 애널리스트 분석의견- 오랜만에 갖는 기대감 - 메리츠증권, BUY07월 16일 메리츠증권의 양승수 애널리스트는 KH바텍에 대해 ""2Q25E 영업이익 126 억원(+48.1% YoY)으로 시장 컨센서스(127 억원) 부합 전망. 올해 신모델 힌지 ASP 상승(+30%)과 점유율 일부 회복 효과 반영. 2025 년 영업이익 기존 추정치 대비 +6.8% 상향한 285 억원(+30.2% YoY) 전망 . 삼성전자 폴더블 흥행은 북미 업체 진입 외에도 시장 기대를 재점화하는 핵심 변수. 폴더블 시장의 구조적 성장 기대감이 주가에 긍정적인 모멘텀으로 작용할 전망""이라고 분석하며, 투자의견 'BUY', 목표주가 '15,000원'을 제시했다.한경로보뉴스이 기사는 한국경제신문과 금융 AI 전문기업 씽크풀이 공동 개발한 기사 자동생성 알고리즘에 의해 실시간으로 작성된 것입니다.",https://www.hankyung.com/article/202507212119L,2025.07.21 15:33
"코스피, 3년10개월 만 3200선 위에서 마감…보험·화장품↑ [영상]","트럼프 고율 관세 압박 딛고 상승세 이어가
한한령 해제 기대감에 화장품株 강세

SK하이닉스, 종가 기준 첫 30만원대 마감
스테이블코인 사업 관련주 줄줄이 하락","영상 모듈 닫기




코스피지수가 3년10개월 만에 3200선 위에서 마감했다.14일 코스피지수는 전 거래일 대비 26.26포인트(0.83%) 오른 3202.03으로 거래를 마쳤다. 지수가 3200선 위에서 장을 마친 건 코로나19 팬데믹 기간이었던 2021년 9월6일(종가 3203.33) 이후 처음이다.트럼프 행정부의 고율 관세 엄포에 약보합권에서 경계감을 갖고 출발한 코스피지수는 장중 외국인 투자자의 순매수 전환에 탄력을 받아 지속적으로 상단을 높였다.이날 유가증권시장에서 외국인 투자자는 3972억원 순매수를 나타냈다. 반면 개인과 기관 투자자는 각각 3428억원과 1270억원 매도우위를 보였다.
                    



사진=뉴스1

                시가총액 상위주들은 등락이 엇갈렸다. SK하이닉스(1.87%), KB금융(1.02%), 현대차(4.33%), 기아(2.18%) 등이 오른 반면 삼성전자(-0.16%), 삼성바이오로직스(-1.42%), LG에너지솔루션(-2.02%) 등은 떨어졌다. SK하이닉스는 이날 상승으로 사상 첫 종가 기준 30만원대(30만원)에서 장을 마쳤다.시진핑 중국 국가주석의 방한 기대감에 한국화장품이 20.39% 치솟는 등 한한령 해제 수혜주들이 강세를 보였다. 상법 추가 개정안 통과 기대감에 삼성화재(9.51%), 삼성생명(6.91%), 현대해상(6.7%) 등 보험주가 동반 급등했다.효성중공업은 100만8000원으로 거래를 마치면서 '황제주'(주당 100만원) 자리에 올랐다. 유가증권시장에서 주당 가격이 100만원을 넘는 곳은 삼양식품, 태광산업, 삼성바이오로직스를 포함 4곳이다.반면 원화 기반 스테이블코인 사업 기대감에 최근 줄줄이 급등했던 카카오페이(-12.44%), LG씨엔에스(-6.36%) 등은 떨어졌다.코스닥지수는 소폭 하락했다. 이날 코스닥지수는 전 거래일 대비 1.1포인트(0.14%) 내린 799.37에 거래를 마쳤다. 코스닥시장에선 외국인과 기관이 각각 1668억원과 454억원 순매도였다. 개인은 2312억원 매수우위를 나타냈다.코스닥 시총 상위주들은 혼조세를 보였다. 알테오젠, HLB, 에코프로, 파마리서치 등이 오른 반면 에코프로비엠, 레인보우로보틱스, 리가켐바이오 등이 내렸다.원·달러 환율은 소폭 올랐다. 이날 오후 3시30분 기준 서울 외환시장에서 원·달러 환율은 전 거래일 대비 5.8원 상승한 1381.2원에 주간 거래를 마쳤다.노정동 한경닷컴 기자 dong2@hankyung.com",https://www.hankyung.com/article/2025071471696,2025.07.14 15:51
하락에서 상승으로...삼중바닥패턴을 보이는 종목은?,,"경유레카는 한국경제신문의 디지털 미디어인 한경닷컴에서 개발한 개별 종목에대한인공지능(AI) 알고리즘 업체의 투자 의견을 종합한 'AI 컨센서스'를 제공하는 서비스입니다. '한경유레카' 앱은 구글 플레이 스토어 혹은 앱스토어에서 내려받을 수 있습니다.





종목추천 서비스 종합 플랫폼 한경유레카에 입점한 뉴지랭크가 전거래일(15일) 링크솔루션을 추천하여 수익률 9.7%를 기록했다.세배돈은 차트의 패턴분석을 통해 상승가능성이 높은 종목을 추천하는 알고리즘이다. 세배돈은 링크솔루션이 상승 삼중바닥패턴을 보이고 있으며 고성장 가능성이 높은 종목이라면 해당 종목을 추천했다.링크솔루션은 3D프린터 제조 및 출력서비스를 주요 사업으로 하고 있으며 최근 국가보조금을 받으며 성장세를 이어가고 있다.한경유레카에서 신규가입을 하고 세배돈을 구독하면 1개월간 무료로 추천종목을 문자로 받아볼 수 있다.  본 글은 투자 참고용입니다.로보티즈 두산에너빌리티 삼성전자 풍산 파인엠텍",https://www.hankyung.com/article/202507160806a,2025.07.16 09:14
"이찬희 삼성 준감위원장 ""이재용 회장, 등기이사 조속히 복귀해야""",,"이찬희 삼성 준법감시위원회(준감위) 위원장 / 사진=뉴스1

                이찬희 삼성 준법감시위원회(준감위) 위원장이 사법리스크에서 벗어난 이재용 삼성전자 회장이 조속히 등기이사에 복귀해야한다고 목소리를 높였다.  이 위원장은 23일 서울 서초동 삼성생명 서초사옥에서 열린 3기 준감위 정례회의에 앞서 기자들과 만나 이 회장의 대법원 무죄 확정 이후 등기이사 복귀 가능성에 대해 “책임경영이라는 측면에서 (이 회장이) 등기이사로 복귀하는 부분에 대해서는 많은 위원이 공감하고 있다”며 “개인적으로는 등기 임원의 조속한 복귀를 생각한다”고 했다. 그러면서 “등기 임원이 되려면 상법상 주주총회를 거쳐야 하므로 시기, 방식 등 회사의 경영적인 판단이 필요하다”고 덧붙였다. 이 위원장은 컨트롤타워 재건 여부에 대해서도 “개인적으로 삼성이라는 큰 기업이 국민 경제에 차지하는 위치와 국가 경쟁력 강화 측면에서 컨트롤타워가 필요하다고 생각한다”면서도 “위원회 내부에서 통일된 의견을 내지 못할 정도로 어려운 사안”이라고 했다. 이 회장은 4대 그룹 총수 중 유일하게 미등기임원이다. 재계 안팎에서는 이 회장의 사법 리스크가 해소되면서 삼성 그룹 차원의 경쟁력 제고를 위해 이 회장의 경영 참여와 함께 컨트롤타워가 부활될 가능성이 높다고 보고 있다.준감위는 조만간 이 회장과의 면담을 통해 이같은 의견을 전달한다는 방침이다. 이 위원장은 “재판에 대한 굴레에서 벗어나서 죽기를 각오하는 공격적 경영을 해야만 국제 사회에서 삼성이 발전하고 삼성에 의존하는 국민 경제가 함께 발전할 기회가 있다고 생각한다”며 “이제는 삼성이 하나의 기업이 아니라 국민 경제를 책임지는 기업으로써 기업가적인 책임을 강조하고 싶다”고 했다. 이어 “조만한 이 회장과 준감위원들 간에 간담회 형식이나 어떤 방식으로든 저희 의견을 공식적으로 전달할 기회를 갖도록 하겠다”며 “가장 빠른 시일 내에 전달하겠다”고 했다.김채연 기자 why29@hankyung.com",https://www.hankyung.com/article/202507237406i,2025.07.23 16:43
"경기도, 화성 장안면에 첨단소재기업 프랑스 '에어리퀴드코리아' 유치",차세대 반도체 종착소재 몰리브덴 생산시설 증설,"18일 유소정 경기도 투자진흥과장은 화성시 장안면 에어리퀴드 어드밴스드 리얼즈코리아에서 열린 준공식에서 ""앞으로 기술 도입과 고부가가치 투자를 적극 지원하겠다""라고 말했다.경기도 제공

                경기도는 프랑스 산업용 가스 기업 에어리퀴드(Air Liquide)의 자회사인 에어리퀴드어드밴스드머티어리얼즈(ALAM)가 화성에 차세대 반도체 증착소재인 고순도 몰리브덴 생산시설을 증설했다고 18일 밝혔다.이번 증설은 2012년 ALAM 코리아 설립 후, 2018년까지 130억 원을 투자한 데 이은 두 번째 대규모 투자로, 반도체 소재의 국산화와 안정적인 공급망 확보에 중요한 전환점이 될 전망이다.화성시 장안면 에어리퀴드 어드밴스드 머티어리얼즈코리아에서 열린 준공식에는 기욤 코테 에어리퀴드 전자사업본부 부사장, 로랑 랑젤리에 ALAM CEO, 손우호 ALAM 코리아 대표, 유소정 도 투자진흥과장 및 화성시 관계자, 삼성전자·SK하이닉스 고객사 등 약 90명이 참석했다.앞서 올해 초 프랑수아 자코 에어리퀴드 회장은 김동연 경기도지사와 만나 2026년까지 화성 공장에 반도체용 첨단소재인 몰리브덴 공장증설 투자를 계획하고 있다며 인허가 지원을 요청했다.김동연 경기도지사는 이에 대해 적극 지원을 약속하며 한국과 프랑스 간 경제 협력의 가교 역할도 당부했다.이어 김 지사는 “경기도는 다국적 기업들이 투자하고 사업하고 파트너를 찾기에 최적의 지역이라고 생각한다”며 “에어리퀴드가 계속해서 투자해 주시는 부분에 감사드리고 MEDEF(프랑스 산업연맹) 한불재계위원장이신데 한국의 잠재력과 회복탄력성에 대해 프랑스 기업인들에게 많이 알려주시기를 부탁드리겠다”고 당부한 바 있다.지난 1996년 한국에 진출한 에어리퀴드는 화성 장안외국인투자지역에 반도체용 전자 재료 제조시설을 갖추고 있다.이번 증설로 전량 수입에 의존하던 고순도 몰리브덴의 국내 생산이 가능해져, 수입 대체 및 수출 확대 기반이 마련될 것으로 기대된다.경기도와 화성시는 인허가와 부지 사용을 지원했으며, 장안2 외투지역 내 규제 완화도 추진 중이다.유소정 도 투자진흥과장은 “이번 준공은 경기도와 에어리퀴드 간의 협력 성과이며, 앞으로도 기술 도입과 고부가가치 투자를 적극 지원하겠다”라고 말했다.한편 에어리퀴드는 1902년 프랑스 파리에서 설립된 산업용 가스 전문 기업으로, 전 세계 72개국에서 6만6000여 명이 근무하고 있으며, 2023년 기준 매출은 약 270억 유로(약 37조 원)에 달한다.에어리퀴드어드밴스드머티어리얼즈코리아(ALAM 코리아)는 2013년 설립돼 반도체 및 첨단소재용 화학제품을 제조·공급하고 있으며, 본사는 세종시, 생산시설은 화성과 세종에 있다. 2023년 기준 임직원 159명, 매출 1183억 원을 기록했다.수원=윤상연 기자",https://www.hankyung.com/article/202507187415h,2025.07.18 15:48
자기자본 포함 4배 투자금을 DSR 무관으로 신청 당일 즉시?,,"투자자들 사이에서 ‘스탁론’에 대한 관심이 높아지고 있다. 스탁론은 자기자본 포함 최대 4배까지 활용 가능하며 증권사 신용/미수 대환 용도로도 활용 가능해 대표적인 레버리지 수단으로 자리잡은 상태다.그러나 DSR 한도가 스탁론에도 적용된 후 다른 대출, 소득 증빙 문제로 예전처럼 이용하기 어려워졌다. 이와 함께 높아진 금리도 스탁론 이용을 망설이게 만든 원인으로 꼽힌다.그러나 해결책은 있다. 21년 연속 스탁론 업계 1위를 지키고 있는 하이스탁론이 DSR 무관하게 이용할 수 있는 상품은 물론 연 4%대 최저금리로 이용 가능한 상품까지 취급하며 선택의 폭을 넓힌 것이다.




 

◆ 하이스탁론, 연 4%대 업계 최저금리로 추가 투자금은 물론 신용미수 대환까지!<하이스탁론>에서 누구나 부담 없이 스탁론을 경험할 수 있도록 연 4%대 최저금리 상품을 출시했다. 주식매입 용도는 물론 증권사 미수/신용 대환도 가능하며 신용등급 차등 없이 자기자본 포함 최대 4배까지 활용할 수 있다.이와 함께 DSR 한도 때문에 기존 스탁론 이용이 어려웠던 투자자들은 위한 DSR 무관 상품도 취급 중이다. 또한 장중 거래가 어려웠던 투자자를 위한 대체거래소(NXT) 거래도 가능해졌다.<하이스탁론>의 새로운 상품에 대해 자세히 알고 싶은 투자자는 고객상담센터(1599-0313)로 연락하면 대출 여부와 상관없이 24시간 언제든 전문상담원과 편리한 상담이 가능하다.○ 연 4%대 업계 최저금리 상품 출시○ 대체거래소(NXT) 거래 가능!○ 21년 연속 시장 점유율 1위, 16년 연속 대한민국퍼스트브랜드 대상○ 증권사 신용/미수 실시간 상환, 한종목 100% 집중 투자○ 믿을 수 있는 상담품질보증제※하이스탁론상담센터 : 1599-0313바로가기:https://www.hisl.co.kr/0313◆ 현 시각 관심종목 Top 10 : 삼성전자, HLB, 카카오, 한화오션, 포스코퓨처엠, 알테오젠, 코리아나, MDS테크, 클로봇, 싸이닉솔루션무료상담",https://www.hankyung.com/article/202507211734a,2025.07.22 09:30
"[마켓PRO] SK하이닉스, 시장 주도권 '잃을 것 vs 지킬 것'…증권가 갑론을박 [선한결의 이기업 왜이래]",,"한경DB

                올들어 주가가 약 56% 뛴 SK하이닉스를 두고 글로벌 투자은행(IB)과 주요 증권사들의 전망이 극명하게 엇갈리고 있다. 고대역폭메모리(HBM) 시장에서 SK하이닉스가 독점적 지위를 얼마나 오래 유지할 수 있는가가 논쟁의 핵심이다. 올 상반기 기준 SK하이닉스의 HBM 시장 점유율은 60%대인 것으로 알려졌다. 이를 마이크론과 삼성전자 등이 추격 중이다. 글로벌 IB ‘내년에 HBM 가격 내린다’ vs ‘그래도 SK하이닉스 마진률은 유지’22일 유가증권시장(코스피)에서 SK하이닉스는 1.47% 내린 26만8500원에 장을 마감했다. 이 기업은 글로벌 IB 골드만삭스가 투자의견을 하향한 지난 17일 이래 주가가 약 9% 내렸다.  골드만삭스는 지난 17일 SK하이닉스에 대한 투자의견을 중립으로 하향하고 목표주가를 31만원으로 제시했다. ‘SK하이닉스는 내년 HBM 시장에서 걸림돌을 맞닥뜨릴 것’이라는 게 골드만삭스의 시각이다.  골드만삭스는 “내년엔 처음으로 HBM 가격이 하락세를 보일 수 있다”며 “두자릿수 %까지 하락할 것”이라고 내다봤다. 시장 경쟁이 늘면서 HBM 가격 협상력이 차차 공급자에서 수요자로 넘어가고, 이로 인해 SK하이닉스도 HBM 가격 하락 압력을 받을 것이란 얘기다. 골드만삭스는 “SK하이닉스는 주요 고객사(엔비디아) 매출 비중이 높은 편”이라며 그만큼 마진 손실 압력도 클 것이라고 전망했다.  반면 BoA는 지난 14일 발간한 보고서에서 “내년까지 SK하이닉스 HBM3e, HBM4에 대한 미국 고객사들의 수요가 꺾임 없이 강력하게 이어질 것”이라며 정반대 의견을 내놨다. 목표주가는 36만원으로 제시. 22일 종가 대비 약 34% 상승여력이 있다는 분석인 셈이다. BoA도 내년 SK하이닉스가 HBM 가격을 내릴 것으로 봤다. 단 가격 하락 원인과 영향에 대해선 골드만삭스와는 다른 분석을 내놨다. BoA는 “SK하이닉스가 생산 초기엔 HBM4 가격을 HBM3e에 비해 30~40% 비싸게 책정하고, 내년 중반께엔 HBM3e 대비 15~20%만 높은 정도로 가격을 내릴 수 있다”며 “다만 이는 초반엔 수율이 낮다는 리스크를 가격에 반영하기 때문일 것”이라고 전망했다. 수율이 낮은 시기엔 사실상 원가 부담이 더 높은 만큼 더 비싸게 팔고, 수율이 60% 이상으로 안정화하면 그에 맞춰 가격을 내릴 것이란 얘기다.  SK하이닉스가 HBM4 가격을 내린다한들 결과적인 마진률은 같을 것이란 게 BoA의 예상이다. BoA는 “SK하이닉스의 HBM4와 HBM3e 마진은 60% 수준이 될 것으로 예상한다”며 “삼성전자는 30% 수준일 것”이라고 했다. 이어 “SK하이닉스는 엔비디아와 올 3분기께 HBM4 공급 계약을 맺고, 올 4분기부터는 소량으로 시작해 내년엔 본격 공급에 나설 전망”이라고 내다봤다.  주가에 대해서도 두 IB의 의견이 딴판이다. 골드만삭스는 “현재 시장 전망은 과도하게 낙관적”이라며 “다시 투자의견을 매수로 상향하려면 HBM과 D램 수요·가격이 더 올라야 할 것”이라고 했다. 반면 BoA는 “마이크론의 주가순자산비율(PBR)이 2배 수준인데, 수익성(마진)은 SK하이닉스보다 낮다”며 PBR 2.2배 수준인 주당 36만원을 제시했다. SK하이닉스의 2017~2018년 ‘반도체 수퍼사이클’ 당시 PBR이 1.9배였지만, 이번엔 수익성이 더 높은 구간을 거치고 있다는 게 BoA의 진단이다. 국내 증권사들도 이견…“점유율 뺏길 것” vs “우려 과도해”국내 증권사들도 엇갈린 분석을 내놓고 있다. 미래에셋증권은 지난 14일 SK하이닉스에 대해 투자의견을 중립으로 하향했다. 김영건 미래에셋증권 연구원은 “밸류에이션(가치평가)에 이익 전망치 반영이 상당분 이뤄졌다”며 “내년 영업이익은 올해보다 크겠지만 자기자본이익률(ROE)는 올해 37.6%를 고점으로 내년부터 점차 낮아져 30% 초반 수준이 될 것”이라고 전망했다.  내년 하반기부터 SK하이닉스의 HBM 시장 점유율이 하락세를 겪을 것이라는 게 김 연구원의 전망이다. 그는 “밸류에이션 수준이 더 오르려면 HBM4E 이후에도 시장 점유율을 유지하거나, 주주환원이 더 이뤄져야 한다”고 덧붙였다.  김광진 한화투자증권 연구원은 “내년 HBM 시장은 경쟁 심화라는 큰 변화를 겪을 것”이라며 “SK하이닉스가 시장 1위를 유지하겠지만 점유율은 기존 대비 줄어들어 SK하이닉스의 판매가와 이익률이 영향을 받을 수 있다”고 했다. 이어 “HBM3E 8·12단 모두 시장 개화 첫 해에 사실상 SK하이닉스가 독점 구도였지만 내년 본격 개화가 예상되는 HBM4 시장은 독점으로 시작하지 않을 수 있다”는 지적이다.  반면 우려가 과도하다는 의견도 나온다. 손인준 흥국증권 연구원은 “SK하이닉스는 가장 큰 AI 수혜업체로서 강한 실적흐름을 유지할 것”이라며 “HBM 경쟁 심화 우려가 나오지만 아직 경쟁 구도가 크게 변할 것이란 가정을 하기엔 이르다고 본다”고 했다. 이승우 유진투자증권 연구원은 “차차 경쟁이 심화해 SK하이닉스의 HBM 점유율이 하락하는 것은 너무나 당연한 수순이고, 이는 이미 SK하이닉스의 밸류에이션에 반영돼 있다”며 “내년 하반기에 HBM 가격이 하락한대도 HBM 시장 규모 자체가 (전년대비) 60%대로 성장해 주요 반도체 카테고리 중 성장률이 가장 높을 것”이라고 했다.  이민희 BNK투자증권 연구원은 “삼성전자 등이 본격적으로 HBM4 수주 확보전에 나서면서 HBM4의 가격 프리미엄이 당초 예상한 30%보다 낮은 10~20% 수준에 그칠 수 있다”면서도 “그렇다해도 이익률을 우려할 수준은 아니다”고 했다. 보다 마진이 높은 HBM4 판매량이 늘어 SK하이닉스의 매출 증가폭이 커지는 만큼 영업이익 성장이 계속될 것이란 것이란 예상이다. 주가 많이 올랐는데…""여전히 성장 여력”이달들어 SK하이닉스에 투자 의견을 새로 낸 국내 증권사는 12곳이다. 이들의 평균 목표주가는 약 34만2000원이다. 최저 목표주가는 30만원(미래에셋증권), 최고는 37만원(상상인증권)이다. 이달 중 SK하이닉스에 대한 투자 의견을 낸 12곳 중 8곳이 기존 대비 목표가를 기존 대비 올려잡았다.주가  증권가는 아직 SK하이닉스의 추가 상승 여력이 남았다고 보는 분위기다. AI 확산기에 주요 기술기업들의 HBM 수요가 지속될 전망이라서다. 각국이 소버린 AI 프로젝트에 나선 것도 수요를 떠받칠 전망이다. 류형근 대신증권 연구원은 “이전에 비해 주가 매력이 줄어들긴 했지만, 투자의견을 하향할 단계는 아니다”라며 “내년 빅테크들의 설비투자(CAPEX)가 상향된다면 여전히 가장 먼저 살 만한 주식이 SK하이닉스”라고 했다.  김록호 하나증권 연구원은 “후발업체들 진입으로 점유율은 일부 축소되겠지만, 수익성 개선 흐름은 지속될 것”이라며 “AI 확산이 이끄는 반도체 사이클에서 여전히 수혜를 받을 수 있는 만큼 비중확대 전략을 유지할만 하다”고 말했다. 선한결 기자 always@hankyung.com",https://www.hankyung.com/article/202507225214i,2025.07.22 17:54
"주식 매도 없이 신용이자 연 1,500만 원 줄이는 비법",,"전송종목 : KT나스미디어, 유비벨록스, 상아프론테크, 노루페인트, 로보스타




 

최근 주식 투자자들 사이에서 주식대출(미수/신용융자 등)의 고금리에 대한 부담이 커지고 있다.특히 저금리를 적용 받고 싶어도, 기존 대출을 상환하고 다시 주식을 매수해야 하는 번거로운 절차와 자금 조달의 어려움이 발목을 잡고 있다.이런 현실적인 문제를 해결하고자, 무빙스탁이 ‘증권사 신용, 대환자금대출’ 서비스를 전격 출시했다.이 상품은 주식을 매도하지 않고도, 기존의 고금리의 주식대출(미수/신용융자 등)의 3%대의 혁신적인 저금리 증권사로 전환할 수 있도록 상환자금을 제공하는 것이 핵심이다.무빙스탁 관계자는 “현재 증권사 이벤트 금리는 연 3%대 수준으로, 기존 9~10%대 고금리를 적용받는 투자자라면 절감 효과가 상당하다”며, 금리를 5%만 낮추면 “1억원 신용대출 기준으로 연간 약 500만원, 3억원이라면 1,500만원까지도 절약할 수 있다”고 밝혔다.더 놀라운 점은, 현재는 이벤트 기간으로 대환자금대출 신청시 발생하는 이자 비용까지 ‘0원’이라는 사실이다. 대환자금에 대해서 하루의 대출이자도 부담하지 않고 기존 고금리 대출을 저금리로 전환할 수 있어, 고금리 부담에 시달리던 투자자들에게 큰 호응을 얻을 전망이다.이 서비스는 부동산 시장에서 흔히 이용되던 대환대출 개념을 증권시장에 도입한 혁신적인 시도로, 주식 투자자들의 자금 운용에 새로운 대안을 제시할 것으로 기대된다.무빙스탁 ‘증권사 신용, 대환자금대출’의 비용 무료 이벤트는 이벤트 기간 동안 한정적으로 제공되는 만큼, 신용융자를 이용 중인 투자자라면 지금 바로 확인해볼 필요가 있다.★ 장마감 시간이 가까워질수록 문의가 많아 상담이 지연될 수 있습니다.★ 7월 문의하신 고객들이 많이 보유하신 종목으로는 삼성전자, POSCO홀딩스, 셀트리온, 포스코퓨처엠, 에코프로비엠, NAVER, 에코프로, 삼성SDI, LG화학, SK하이닉스, 두산에너빌리티, 카카오, SK이노베이션, LG에너지솔루션, 엘앤에프, 삼천당제약, 현대차, 알테오젠, HPSP, LG전자 등이 있습니다.★ 안내사항과도한 빚은 당신에게 큰 불행을 안겨줄 수 있습니다. 대출 시 신용등급 하락으로 다른 금융거래가 제약받을 수 있습니다. 중개수수료를 요구하거나 받는 것은 불법입니다.상호명: ㈜단비대부 2021-서울영등포-2102(대부업) | TEL: 1544-4886 | 대출금리: 연 20%이내(연체금리는 약정금리+3%p이내, 최대 연 20%이내) | 단, 2021. 7. 7.부터 신규체결, 갱신, 연장되는 계약에 한함 | 채무의 조기상환 조건 및 부대비용 없음. (단, 신용조회비용 및 담보권설정비용 있음), 이자 외 별도로 중개수수료를 요구하거나 수취하는 것은 불법입니다. | 대표이사: 박동원 | 사업자등록번호: 274-86-00231 | 등록기관명칭: 서울 영등포구청(담당부서: 일자리경제과, 02-2670-3420) | 소재지 : 서울 영등포구 여의대방로67길 11, 5층 517호 | 개인정보관리자메일: help@danbifund.co.kr무료상담",https://www.hankyung.com/article/202507160705a,2025.07.16 09:33
"코스피, 3200 터치…증권가 ""사천피도 가능""","예상치 상단 높이는 증권가

3년10개월만에 3200 넘었지만
차익실현 몰려 3175로 하락 마감
매도 나선 外人, 삼성전자는 줍줍

증시 부양책·4분기 금리인하 기대
하나證 ""4000선까지 오를수도""","코스피지수가 11일 장중 3200을 돌파했다. 2021년 9월 7일 이후 3년10개월 만이다. 서울 중구 하나은행 본점 딜링룸에서 직원들이 업무를 보고 있다.  /연합뉴스

                코스피지수가 약 4년 만에 장중 3200을 넘어섰다. 도널드 트럼프 미국 대통령의 관세 정책 위협이 최악으로 치닫지는 않을 것이라는 기대와 정부·여당의 증시 활성화 추진이 낙관론을 키웠다. 주요 증권사 리서치센터는 앞다퉈 올해 코스피지수 예상치를 올려 잡고 있다. ◇3200선 터치한 코스피





                11일 코스피지수는 0.23% 하락한 3175.77에 거래를 마쳤다. 전 거래일 대비 0.10% 오른 3186.35로 출발해 개장과 동시에 전날 기록한 연고점(3183.23)을 경신했다.이후 상승 폭을 키운 코스피지수는 오전 9시20분께 3216.69까지 올랐다. 코스피지수의 3200 돌파는 2021년 9월 7일(3201.76) 후 3년10개월 만이다. 이후 외국인 투자자의 매도세가 커지며 상승 폭을 반납했지만, 3100선 돌파 4거래일 만에 장중 고점을 100포인트 높이는 힘을 과시했다.전날 미국 증시에서 인공지능(AI) 대장주인 엔비디아의 시가총액이 종가 기준 사상 처음으로 4조달러를 넘어서자 SK하이닉스가 오전 개장 직후 30만6500원까지 올라서며 처음으로 장중 30만원을 넘겼다.미국 관세 부과에도 불구하고 이달 1~10일 반도체 수출이 전년 대비 12.8% 늘어났다는 소식이 전해지며 삼성전자도 2.62% 상승한 6만2600원에 거래를 마감했다. ‘어닝 쇼크’를 기록한 2분기 실적이 바닥 아니냐는 분석에 힘이 실리고 있다. 삼성전자는 이날 외국인 순매수 1위(3080억원)를 차지했다.기존 증시 주도주인 원자력·방위산업 업종은 차익 실현 매물로 하락세가 두드러졌다. 두산에너빌리티는 4.12% 하락한 6만500원에 거래를 마쳤다. LS일렉트릭도 4.50% 떨어졌다. 한화에어로스페이스와 LIG넥스원은 각각 5.51%, 3.55% 내렸다. ◇반도체·2차전지 회복 기대도올해 들어 국내 증시 수익률은 글로벌 주요국 증시 가운데 최상위권을 달리고 있다. 미국 관세 정책 우려가 크게 완화하면서 글로벌 증시가 일제히 반등하는 가운데 국내 증시는 이에 더해 정부와 여당의 강력한 증시 부양 의지, 하반기 기준금리 인하 기대 등 호재가 겹쳤다.국내 증시가 예상을 웃도는 상승세를 지속하면서 국내 증권사는 앞다퉈 코스피지수 전망치를 올려 잡고 있다. IBK투자증권은 전날 올해 코스피지수 예상치 상단을 3100에서 3400으로 조정했다. 한국투자증권도 전망치 상단을 3150에서 3550으로 수정했다. 김대준 한국투자증권 연구원은 “정부의 증시 활성화 정책과 강화된 투자심리를 감안한 것”이라며 “각종 악재가 존재하는 3분기보다 기준 금리 인하와 수급 개선이 예상되는 4분기에 지수가 더 오를 가능성을 염두에 둬야 한다”고 말했다.KB증권도 12개월 내 코스피지수 예상치 상단을 3700으로 잡았다. 하나증권은 코스피지수가 4000선까지 오를 가능성도 열어뒀다. 이경수 하나증권 연구원은 “새 정부의 증시 활성화 정책에 대한 기대와 원화 강세 등을 고려하면 코스피지수가 주가수익비율(PER) 12.6배 수준인 4000선까지 회복될 가능성이 있다”고 말했다. 이날 이재원 신한투자증권 연구원도 “역사적 신고가(코스피지수 3305) 돌파도 머지않았다”고 전망했다. 이경민 대신증권 FICC리서치부장은 “반도체와 2차전지, 헬스케어 등 소외돼 온 저평가 업종을 중심으로 순환매가 일어날 가능성이 높다”며 “기존 주도 업종을 추격 매수하기보다 이들 업종에 관심을 기울여야 한다”고 말했다.심성미 기자 smshim@hankyung.com",https://www.hankyung.com/article/2025071133251,2025.07.11 17:41
"홍준표, 이재용 무죄 확정에 ""정치검사 만행에 경제 타격""",,"사진=연합뉴스

                홍준표 전 대구시장이 이재용 삼성전자 회장의 무죄 선고에 ""정치검사들의 만행""이라고 밝혔다.홍 전 시장은 17일 사회관계망서비스(SNS)에 올린 글을 통해 ""재벌을 무조건 잡아야 뜬다는 못된 명예심에 들떠 막무가내로 수사한 윤석열,한동훈의 합작품이었다""면서 이같이 말했다.그는 ""그사이 삼성전자의 위축으로 한국 경제에 미친 부정적 영향이 얼마나 지대했나""라며 ""두 사냥개의 정치적 목적에 따른 검찰권 남용으로 그간 얼마나 많은 보수·우파 진영 사람들이 아직도 곤욕을 치르고 있나""라고 반문했다.이날 대법원 3부(주심 오석준 대법관)는 자본시장과 금융투자업에 관한 법률 위반 등의 혐의로 기소된 이 회장에게 무죄를 선고한 원심을 확정했다. 이번 확정판결로 이 회장은 2015년 삼성물산과 제일모직 합병 이후 10년, 2020년 재판에 넘겨진 지 4년 10개월 만에 사법 리스크에서 벗어났다.재계의 초점은 이 회장이 등기이사직에 다시 오를 것인가로 옮겨질 전망이다. 이 회장은 부회장 시절이던 2016년 10월 임시 주주총회에서 사내이사로 선임됐다가, 2019년 10월 임기 만료로 3년 만에 물러났다. 등기이사 선임 직후인 2017년 2월 국정농단 사건으로 법정구속 되는 등 사법 리스크가 결정적 이유였다.이 회장은 5년 9개월째 미등기임원 신분을 유지 중인데, 걸림돌이던 사법 리스크가 해소된 만큼 '등기이사 복귀'라는 새 갈림길에 서게 됐다.이미나 한경닷컴 기자 helper@hankyung.com",https://www.hankyung.com/article/2025071745817,2025.07.17 13:46
,,,https://magazine.hankyung.com/business/article/202507175153b,
"코스맥스, 이번 분기 최대실적 기대된다",,"경유레카는 한국경제신문의 디지털 미디어인 한경닷컴에서 개발한 개별 종목에대한인공지능(AI) 알고리즘 업체의 투자 의견을 종합한 'AI 컨센서스'를 제공하는 서비스입니다. '한경유레카' 앱은 구글 플레이 스토어 혹은 앱스토어에서 내려받을 수 있습니다.





종목추천 알고리즘 종합플랫폼 한경유레카에서 주가예측 적중률 1등을 유지하고 있는 친절한미정씨가 추천한 코스맥스가 3거래일만에 반등했다.한경유레카는 각 알고리즘들의 종목별 점수흐름을 체크하여 이에 따른 주가흐름을 분석해 적중률을 계산하고 있다.





친절한미정씨는 종목별로 성장,가치,성과,안정성,모멘텀 등 중요 변수 5가지를 알고리즘을 통해 학습 및 분석하여 QAIS(Quin AI Score) 종합 점수를 만들어 종목을 분석한다.코스맥스에 대한 QAIS종합점수는 67점으로 상대적으로 높은편인 점을 고려해 해당 종목을 추천했다.한편, 지난주 하나증권은 코스맥스에 대해 이번 분기 처음으로 분기 매출 6천억원과 영업이익 600억을 동시에 넘어설 것으로 전망했다. K-뷰티의 전방위적 수출확대와 인디 브랜드의 대형화로 대형 ODM사로의 수주가 집중 되는 가운데 국내 성장을 지속할 것으로 기대한다고 밝혔다.친절한미정씨는 코스맥스에 대해 전일 추천했으며 아직 매도의견은 제시하지 않았다. 한경유레카에서 신규로 회원가입을 한 후 친절한미정씨를 구독하면 1개월간 무료로 실시간 추천종목과 관련 콘텐츠를 확인할 수 있다. 본 글은 투자 참고용입니다.NHN KCP YG PLUS 삼성전자 스튜디오미르 비에이치",https://www.hankyung.com/article/202507224314a,2025.07.22 13:30
"'성지'도 아닌데 ""61만원 지원""…갤럭시Z7 사전판매 '활활'","모요, 갤Z7 최대 61만원 할인
사전 판매 기간 특가 행사서
기기값·요금 동시 할인 지원","지난 10일 서울 서초구 삼성 강남에서 방문객들이 갤럭시Z폴드·플립7 등 신제품을 살펴보고 있다.사진=뉴스1

                알뜰폰 요금제를 비교하는 플랫폼에서 갤럭시Z폴드·플립7 기기값과 통신요금을 동시에 할인받을 수 있는 혜택을 들고 나왔다. 이동통신사를 옮기는 번호이동을 할 경우 기기값을 최대 61만원 더 싸게 구매하면서 월 통신요금 25%를 할인받는 선택약정도 가능한 혜택을 제공하는 것이 골자다. 알뜰폰 요금제 비교 플랫폼 '모두의요금제'는 15일 Z폴드·플립 사전 예약 특가 이벤트를 시작했다. 행사기간은 사전 판매가 이뤄지는 오는 21일까지다. 이 특가 혜택은 기기값·요금 할인이 동시에 이뤄지는 것이 핵심이다. 통상 휴대폰을 구매·개통할 땐 공시지원금을 통한 기기값 할인과 선택약정을 이용한 요금 할인 중 하나를 골라야 한다. 번호이동 고객을 가장 공격적으로 노리는 곳은 LG유플러스다. Z폴드·플립7을 사전 구매하면서 LG유플러스로 번호이동할 경우 기기값 61만원을 할인받을 수 있다. 같은 조건에서 SK텔레콤은 45만원, KT는 40만원을 할인한다. 이통사를 옮기지 않을 땐 KT가 가장 많은 할인폭을 지원한다. 이통사별로 보면 KT 40만원으로 가장 많고 LG유플러스가 38만원, SK텔레콤이 35만원으로 뒤를 잇는다. 이에 따르면 저장 용량을 무상 업그레이드해주는 '더블 스토리지' 혜택을 반영한 512GB 스토리지 모델을 기준으로 Z폴드7은 176만~197만원대, Z플립7은 87만~108만원대에 구매할 수 있게 된다. 할인 혜택을 받기 위해선 이통3사가 내건 부가 조건을 이행해야 한다. 최소 6개월간 월 6만원대 요금제에 가입하고 1년 동안 이통사를 유지해야 하는 것이 조건이다. 6개월이 지나면 요금제를 자유롭게 변경할 수 있고 25% 할인도 유지된다. 1년 이내에 해지하면 위약금이 발생한다. 6개월 안에 해지할 경우 할인받은 금액 전부를 토해내야 한다. 6개월 이후엔 남은 약정 기간을 계산해 일부 금액만 뱉어내면 된다. Z폴드·플립7은 사전 판매 기간을 거쳐 이달 25일 공식 출시된다. 이통3사는 자사 채널을 통해 사전 구매한 고객을 대상으로 온라인동영상서비스(OTT)·인공지능(AI) 서비스 등을 무료로 제공하거나 각종 선착순 행사와 할인 혜택을 내걸면서 경쟁에 열을 올리고 있다. 김대영 한경닷컴 기자 kdy@hankyung.com",https://www.hankyung.com/article/202507158874g,2025.07.15 13:59
이자 부담 최소화! 증권사 신용대출 3%대로 바꾸는 절호의 기회,,"전송종목 : 삼성E&A, 삼성물산, 팬오션, 삼성카드, 제일기획최근 주식 투자자들 사이에서 주식대출(미수/신용융자 등)의 고금리에 대한 부담이 커지고 있다.특히 저금리를 적용 받고 싶어도, 기존 대출을 상환하고 다시 주식을 매수해야 하는 번거로운 절차와 자금 조달의 어려움이 발목을 잡고 있다.이런 현실적인 문제를 해결하고자, 무빙스탁이 ‘증권사 신용, 대환자금대출’ 서비스를 전격 출시했다.이 상품은 주식을 매도하지 않고도, 기존의 고금리의 주식대출(미수/신용융자 등)의 3%대의 혁신적인 저금리 증권사로 전환할 수 있도록 상환자금을 제공하는 것이 핵심이다.무빙스탁 관계자는 “현재 증권사 이벤트 금리는 연 3%대 수준으로, 기존 9~10%대 고금리를 적용받는 투자자라면 절감 효과가 상당하다”며, 금리를 5%만 낮추면 “1억원 신용대출 기준으로 연간 약 500만원, 3억원이라면 1,500만원까지도 절약할 수 있다”고 밝혔다.더 놀라운 점은, 현재는 이벤트 기간으로 대환자금대출 신청시 발생하는 이자 비용까지 ‘0원’이라는 사실이다. 대환자금에 대해서 하루의 대출이자도 부담하지 않고 기존 고금리 대출을 저금리로 전환할 수 있어, 고금리 부담에 시달리던 투자자들에게 큰 호응을 얻을 전망이다.이 서비스는 부동산 시장에서 흔히 이용되던 대환대출 개념을 증권시장에 도입한 혁신적인 시도로, 주식 투자자들의 자금 운용에 새로운 대안을 제시할 것으로 기대된다.무빙스탁 ‘증권사 신용, 대환자금대출’의 비용 무료 이벤트는 이벤트 기간 동안 한정적으로 제공되는 만큼, 신용융자를 이용 중인 투자자라면 지금 바로 확인해볼 필요가 있다.★ 장마감 시간이 가까워질수록 문의가 많아 상담이 지연될 수 있습니다.★ 7월 문의하신 고객들이 많이 보유하신 종목으로는 삼성전자, POSCO홀딩스, 셀트리온, 포스코퓨처엠, 에코프로비엠, NAVER, 에코프로, 삼성SDI, LG화학, SK하이닉스, 두산에너빌리티, 카카오, SK이노베이션, LG에너지솔루션, 엘앤에프, 삼천당제약, 현대차, 알테오젠, HPSP, LG전자 등이 있습니다.★ 안내사항과도한 빚은 당신에게 큰 불행을 안겨줄 수 있습니다. 대출 시 신용등급 하락으로 다른 금융거래가 제약받을 수 있습니다. 중개수수료를 요구하거나 받는 것은 불법입니다.상호명: ㈜단비대부 2021-서울영등포-2102(대부업) | TEL: 1544-4886 | 대출금리: 연 20%이내(연체금리는 약정금리+3%p이내, 최대 연 20%이내) | 단, 2021. 7. 7.부터 신규체결, 갱신, 연장되는 계약에 한함 | 채무의 조기상환 조건 및 부대비용 없음. (단, 신용조회비용 및 담보권설정비용 있음), 이자 외 별도로 중개수수료를 요구하거나 수취하는 것은 불법입니다. | 대표이사: 박동원 | 사업자등록번호: 274-86-00231 | 등록기관명칭: 서울 영등포구청(담당부서: 일자리경제과, 02-2670-3420) | 소재지 : 서울 영등포구 여의대방로67길 11, 5층 517호 | 개인정보관리자메일: help@danbifund.co.kr무료상담",https://www.hankyung.com/article/202507223166a,2025.07.22 08:43
"""1억 떼이고 75만원 회수""…두 번 운 '티메프' 피해자들",,"'티메프 사태 1년, 전 정부 대응 문제점과 평가' 정책토론회가 10일 국회 의원회관 제1소회의실에서 열렸다. /사진=이시은 기자

                “정부의 지원은 또 다른 부채였습니다. 사업 시작 6개월 만에 판매대금에 준하는 빚이 추가로 생겼습니다.”티몬·위메프(티메프) 판매대금 미정산 사태로 도산 위기에 처했다는 피해기업 A 대표 박수민 씨는 발표 중간중간 터져 나오는 울음에 말을 잇지 못했다. 10일 티메프 사태 1년을 맞아 국회 의원회관에서 열린 ‘티메프 사태 1년 전 정부 대응 문제점과 평가’ 정책토론회에선 박 씨의 눈물에 굳은 표정으로 고개를 끄덕이는 100여 명의 피해자로 좌석이 가득 찼다. 하지만 토론회 끝까지 뚜렷한 결론은 도출되지 못했다. 참석한 정부 관계자들은 “책임을 통감한다”면서도 요구 사안에 대해선 “검토하겠다”며 선을 그었다. 국회의원들 대부분은 서둘러 자리를 떴다.  피해 복구, 책임은 누구에게 이날 행사는 더불어민주당 경제입법 단체 을지로위원회와 김동아 민주당 의원이 주최했다. '티메프큐텐피해자연합' '검은우산비대상대책위원회' 등 피해자 연합 100여 명과 중소벤처기업부·금융위원회·금융감독원·공정거래위원회 관계자들, 민주당 의원 8명(이언주·송재봉·이강일·박희승·김남근·권향엽·정진욱·김동아)이 자리했다. 피해 기업인과 소비자들의 정책 제안과 요구사항을 듣고, 부처별 입장과 개선방안을 논의하겠다는 취지였다.티메프 사태는 지난해 7월 이커머스 업계를 뒤흔든 일대 사건이었다. 티몬과 위메프가 판매대금 정산을 제때 해 주지 못하면서 소비자 47만 명, 판매나 5만6000명이 제대로 돈을 받지 못했다. 당시 금감원이 추산한 미정산 금액은 1조2789억원, 피해업체 수는 4만8124곳이다. 이후 티몬은 회생법원 강제인가를 걸쳐 신선식품 배송 전문기업 오아시스에 인수합병(M&A)이 결정됐다. 회생채권(대여금채권·상거래채권·구상채권) 변제율은 약 0.75%로 책정됐다. 1억원어치 돈을 떼였다면 75만원만 받을 수 있다는 의미다. 인수자의 고용 승계 등을 고려한 법원 판단이지만, 피해자들 반발은 이어지고 있다. 위메프는 아직 새 주인을 찾지도 못했다. 이 기간 동안 정부는 주로 대출 프로그램을 통해 피해자들을 지원해왔다.이날 현장에서는 이자 부담을 줄이고 대출 상환 기간이라도 늘려달라는 성토가 이어졌다. 가전제품 유통업체를 운영하는 피해자 강만 씨는 “10년 넘게 LG전자, 삼성전자 제품을 안정적으로 거래해왔지만 갑자기 21억원이 넘는 금액이 묶였다”고 했다. 이어 “정부가 말했던 상환 유예 정책은 현장서 아무런 의미가 없었다”며 “신용보증기금 금리 5%, 시중은행 7%, 중소기업진흥공단 2.5% 등 남은 것은 ‘이자 폭탄’뿐”이라고 했다. 신정권 검은우산비대위 대표는 “운영 중인 회사 순이익이 1조1000억원인데 이자만 5000만원”이라며 “피해 금액 10억원을 복구하려면 20년이 걸리는 상황”이라며 울분을 토했다. 부처 관계자들은 ""검토해보겠다""피해자들은 티메프 사태를 일으킨 구영배 큐텐 대표를 향한 추가 조사도 촉구했다. 신 대표는 “티몬과 위메프의 모회사인 해외기업 큐텐에 얼마만큼의 자금이 있는지 누구도 검증하지 못하고 있다”며 “최소한 구 대표의 남은 국내 법인이라도 조사가 필요하다”고 강조했다. 피해자들은 티몬에 대한 금감원의 관리 부실도 지적했다. 티몬이 과거 미정산 잔액을 10분의 1로 줄여 보고했는데, 금감원이 속아 넘어갔던 점을 다시 지적한 것이다. 이밖에 SC제일은행이 취급했던 선정산대출 상품에 대한 문제 제기도 이어졌다. 티몬·티몬월드와 위메프 입점 업체들이 쓰던 상품인데, 정산이 끊기면 채권자로 등록되는 동시에 개인의 연대보증 책임도 발생해 부담이 크다고 했다.정부 관계자들은 ‘수성’에 집중했다. 이들로서도 뚜렷한 해결책이 없어서다. 김현동 중소벤처기업부 판로정책과장은 “앞서 중진공 대출 금리를 기준으로 원래 4%짜리를 2.5%로 낮췄는데, 이미 재해자금에 준하는 수준”이라며 “정부 입장에서도 역마진을 감수하는 것이라 쉽진 않겠지만 (금리 인하를)한번 검토해보겠다”고 말했다. 변재은 금감원 전자금융감독국장은 “미정산 잔액의 허위 보고 건은 재발하지 않도록 유의하겠다”며 “내달 정산 자금 관리를 위한 행정지도 성격의 가이드라인도 시행하겠다”고 했다. SC제일은행 관련 질의에 대해선 “담당이 은행검사국이라 김동아 의원실(주최 측)로 보고될 수 있도록 조치하겠다”고 했다. 박종배 공정거래위원회 소비자정책총괄과장은 “기관 차원에서 책임을 통감한다”고 했다. 그러면서도 “사후 피해 구제에 문제가 없도록 대금 상당을 금융기관에 별도로 예치하는 등의 조치가 필요할 것으로 알고 있다”며 “제가 알고 있다고 표현하는 것은 담당자가 아니기 때문”이라고 말했다. 이어 “새 정부에서 근본적인 법률 예방 대책을 마련 중이라, 기관 차원에서 공정위가 적극 추진하겠다는 말씀을 드린다”고 말했다. 이날 국회의원들은 행사 주최 측인 김 의원을 제외하면 김남근 의원 1명만 자리를 지켰다.이시은 기자 see@hankyung.com",https://www.hankyung.com/article/202507100494i,2025.07.10 16:15
"이자 부담은 최소로, 투자 효율은 최대로! 신용대출 3%대 활용법",,"전송종목 : 유진테크, 대상홀딩스, 팅크웨어, 뉴프렉스, 동국제약




 

최근 주식 투자자들 사이에서 주식대출(미수/신용융자 등)의 고금리에 대한 부담이 커지고 있다.특히 저금리를 적용 받고 싶어도, 기존 대출을 상환하고 다시 주식을 매수해야 하는 번거로운 절차와 자금 조달의 어려움이 발목을 잡고 있다.이런 현실적인 문제를 해결하고자, 무빙스탁이 ‘증권사 신용, 대환자금대출’ 서비스를 전격 출시했다.이 상품은 주식을 매도하지 않고도, 기존의 고금리의 주식대출(미수/신용융자 등)의 3%대의 혁신적인 저금리 증권사로 전환할 수 있도록 상환자금을 제공하는 것이 핵심이다.무빙스탁 관계자는 “현재 증권사 이벤트 금리는 연 3%대 수준으로, 기존 9~10%대 고금리를 적용받는 투자자라면 절감 효과가 상당하다”며, 금리를 5%만 낮추면 “1억원 신용대출 기준으로 연간 약 500만원, 3억원이라면 1,500만원까지도 절약할 수 있다”고 밝혔다.더 놀라운 점은, 현재는 이벤트 기간으로 대환자금대출 신청시 발생하는 이자 비용까지 ‘0원’이라는 사실이다. 대환자금에 대해서 하루의 대출이자도 부담하지 않고 기존 고금리 대출을 저금리로 전환할 수 있어, 고금리 부담에 시달리던 투자자들에게 큰 호응을 얻을 전망이다.이 서비스는 부동산 시장에서 흔히 이용되던 대환대출 개념을 증권시장에 도입한 혁신적인 시도로, 주식 투자자들의 자금 운용에 새로운 대안을 제시할 것으로 기대된다.무빙스탁 ‘증권사 신용, 대환자금대출’의 비용 무료 이벤트는 이벤트 기간 동안 한정적으로 제공되는 만큼, 신용융자를 이용 중인 투자자라면 지금 바로 확인해볼 필요가 있다.★ 장마감 시간이 가까워질수록 문의가 많아 상담이 지연될 수 있습니다.★ 7월 문의하신 고객들이 많이 보유하신 종목으로는 삼성전자, POSCO홀딩스, 셀트리온, 포스코퓨처엠, 에코프로비엠, NAVER, 에코프로, 삼성SDI, LG화학, SK하이닉스, 두산에너빌리티, 카카오, SK이노베이션, LG에너지솔루션, 엘앤에프, 삼천당제약, 현대차, 알테오젠, HPSP, LG전자 등이 있습니다.★ 안내사항과도한 빚은 당신에게 큰 불행을 안겨줄 수 있습니다. 대출 시 신용등급 하락으로 다른 금융거래가 제약받을 수 있습니다. 중개수수료를 요구하거나 받는 것은 불법입니다.상호명: ㈜단비대부 2021-서울영등포-2102(대부업) | TEL: 1544-4886 | 대출금리: 연 20%이내(연체금리는 약정금리+3%p이내, 최대 연 20%이내) | 단, 2021. 7. 7.부터 신규체결, 갱신, 연장되는 계약에 한함 | 채무의 조기상환 조건 및 부대비용 없음. (단, 신용조회비용 및 담보권설정비용 있음), 이자 외 별도로 중개수수료를 요구하거나 수취하는 것은 불법입니다. | 대표이사: 박동원 | 사업자등록번호: 274-86-00231 | 등록기관명칭: 서울 영등포구청(담당부서: 일자리경제과, 02-2670-3420) | 소재지 : 서울 영등포구 여의대방로67길 11, 5층 517호 | 개인정보관리자메일: help@danbifund.co.kr무료상담",https://www.hankyung.com/article/202507160700a,2025.07.16 08:43
9~10% 주식 관련 대출에서 3%대 대출로 교체,,"전송종목 : 비에이치, 현대이지웰, 파트론, 한라IMS, 네오팜




 

최근 주식 투자자들 사이에서 주식대출(미수/신용융자 등)의 고금리에 대한 부담이 커지고 있다.특히 저금리를 적용 받고 싶어도, 기존 대출을 상환하고 다시 주식을 매수해야 하는 번거로운 절차와 자금 조달의 어려움이 발목을 잡고 있다.이런 현실적인 문제를 해결하고자, 무빙스탁이 ‘증권사 신용, 대환자금대출’ 서비스를 전격 출시했다.이 상품은 주식을 매도하지 않고도, 기존의 고금리의 주식대출(미수/신용융자 등)의 3%대의 혁신적인 저금리 증권사로 전환할 수 있도록 상환자금을 제공하는 것이 핵심이다.무빙스탁 관계자는 “현재 증권사 이벤트 금리는 연 3%대 수준으로, 기존 9~10%대 고금리를 적용받는 투자자라면 절감 효과가 상당하다”며, 금리를 5%만 낮추면 “1억원 신용대출 기준으로 연간 약 500만원, 3억원이라면 1,500만원까지도 절약할 수 있다”고 밝혔다.더 놀라운 점은, 현재는 이벤트 기간으로 대환자금대출 신청시 발생하는 이자 비용까지 ‘0원’이라는 사실이다. 대환자금에 대해서 하루의 대출이자도 부담하지 않고 기존 고금리 대출을 저금리로 전환할 수 있어, 고금리 부담에 시달리던 투자자들에게 큰 호응을 얻을 전망이다.이 서비스는 부동산 시장에서 흔히 이용되던 대환대출 개념을 증권시장에 도입한 혁신적인 시도로, 주식 투자자들의 자금 운용에 새로운 대안을 제시할 것으로 기대된다.무빙스탁 ‘증권사 신용, 대환자금대출’의 비용 무료 이벤트는 이벤트 기간 동안 한정적으로 제공되는 만큼, 신용융자를 이용 중인 투자자라면 지금 바로 확인해볼 필요가 있다.★ 장마감 시간이 가까워질수록 문의가 많아 상담이 지연될 수 있습니다.★ 7월 문의하신 고객들이 많이 보유하신 종목으로는 삼성전자, POSCO홀딩스, 셀트리온, 포스코퓨처엠, 에코프로비엠, NAVER, 에코프로, 삼성SDI, LG화학, SK하이닉스, 두산에너빌리티, 카카오, SK이노베이션, LG에너지솔루션, 엘앤에프, 삼천당제약, 현대차, 알테오젠, HPSP, LG전자 등이 있습니다.★ 안내사항과도한 빚은 당신에게 큰 불행을 안겨줄 수 있습니다. 대출 시 신용등급 하락으로 다른 금융거래가 제약받을 수 있습니다. 중개수수료를 요구하거나 받는 것은 불법입니다.상호명: ㈜단비대부 2021-서울영등포-2102(대부업) | TEL: 1544-4886 | 대출금리: 연 20%이내(연체금리는 약정금리+3%p이내, 최대 연 20%이내) | 단, 2021. 7. 7.부터 신규체결, 갱신, 연장되는 계약에 한함 | 채무의 조기상환 조건 및 부대비용 없음. (단, 신용조회비용 및 담보권설정비용 있음), 이자 외 별도로 중개수수료를 요구하거나 수취하는 것은 불법입니다. | 대표이사: 박동원 | 사업자등록번호: 274-86-00231 | 등록기관명칭: 서울 영등포구청(담당부서: 일자리경제과, 02-2670-3420) | 소재지 : 서울 영등포구 여의대방로67길 11, 5층 517호 | 개인정보관리자메일: help@danbifund.co.kr무료상담",https://www.hankyung.com/article/202507160706a,2025.07.16 09:43
"미국, 중국산 흑연에 반덤핑 관세 예고…2차전지 관련주 급등",,"미국이 중국산 흑연에 고율의 반덤핑 관세를 예고하면서 국내 2차전지 업종 주가가 일제히 상승하고 있다. 중국산 흑연에 대한 의존도가 높은 상황에서 공급망 재편 가능성에 대한 기대가 반영된 것으로 해석된다.미국 상무부는 중국 정부의 보조금 지원이 공정 경쟁을 저해한다고 판단해, 중국산 흑연에 93.5%의 관세를 부과하는 예비 결정을 내렸다. 이는 배터리 핵심 소재인 흑연에 대한 수입 규제를 강화하려는 조치다.중국산 흑연은 글로벌 음극재 시장의 약 90%를 차지하고 있어, 이번 결정은 배터리 공급망 전반에 큰 영향을 미칠 수 있다. 최종 결정은 오는 12월 확정될 예정이며, 관세가 현실화될 경우 대체 공급처 확보에 대한 관심도 커지고 있다.한편, 스탁론에 대한 관심이 날로높아지고 있다. 모처럼 잡은 투자기회를 놓치지 않으려는 투자자들이 주식매입을 위해 더 많은 자금을 활용할 수 있는 스탁론으로 눈길을 돌리고 있기 때문이다. 현 주가는 실적을 따라가지 못하고 있는 상황으로, 밸류에이션 리레이팅이 필요한 시기라는 평가도 나오고 있다.




 

◆ 올뉴스탁론, DSR 무관 상품에 연 4%대 최저금리 상품으로 다양한 선택지를!올뉴스탁론에서 투자자들 누구나 부담 없이 스탁론을 경험할 수 있도록 연 4%대 업계 최저금리로 이용 가능한 증권 연계신용 상품을 출시했다. 주식매입은 물론 증권사 미수/신용 대환 모두 가능하며 신용등급 차등 없이 자기 자본 포함 최대 4배까지 활용할 수 있다.이와 함께 DSR 한도 때문에 기존 스탁론 활용이 어려웠던 투자자들을 위한 DSR 무관 상품도 취급 중이다. 또한 장중 거래가 어려웠던 투자자를 위한 대체거래소(NXT) 거래도 가능해졌다.올뉴스탁론에 대해 자세히 알고 싶은 투자자는 고객상담센터(☎1599-8666)로 연락하면 대출 여부와 무관하게 언제든 전문상담원과 편리하게 상담할 수 있다.○ 보유하고 있는 대출액이나 소득 무관하게! (DSR 무관)○ 최대 4배 주식자금 활용 가능! (본인 자금 포함)○ 대체거래소(NXT) 거래 가능!○ 증권 신용/미수 당일 즉시 대환 가능!○ 기존 증권사 신용, 스탁론으로 매수가 어려웠던 종목도 OK!※ 올뉴스탁론 고객상담센터 : 1599-8666바로가기 : https://allnewstockloan.co.kr?agency=HTS◆ 현 시각 관심종목 Top 10 : 삼성전자, HLB, 카카오, 한화오션, 포스코퓨처엠, 알테오젠, 코리아나, MDS테크, 클로봇, 싸이닉솔루션무료상담",https://www.hankyung.com/article/202507187084a,2025.07.21 11:00
"""고효율 가전 구매 때 10% 환급, 침체한 가전 산업에 큰 도움""","전자정보통신산업진흥회 평가
2020년에도 기업 매출 2.2배 늘어","한국전자정보통신산업진흥회는 10일 ""지난 4일부터 시행 중인 '으뜸효율 가전제품 환급사업' 시행을 환영한다""고 발표했다. 으뜸효율 가전제품 환급사업은 TV, 냉장고, 에어컨, 세탁기 등 국민 생활과 밀접한 가전 11종의 에너지소비효율 최고등급 제품을 구매한 소비자에게 제품 구매가의 10%를 환급하는 사업이다. 지난 4일부터 구매한 품목이 환급 대상이고 환급 시스템이 구축되는 8월 이후 신청을 받아 환급을 진행할 예정이다.진흥회는 으뜸가전 사업에 대해 ""전자, 가전업계에 활력을 불어넣는 시의적절한 조치""라고 평가했다. 2020년 시행 때도 국민들의 높은 호응을 받아 재원이 소진되어 조기 마감됐다. 당시 코로나19로 침체한 내수경제 활성화에 기여했다. 고효율 가전제품 보급 확산을 통한 전력 수요 및 사용량 저감 효과도 있었다. 진흥회에 따르면 2020년 국내 주요 가전 7개사 대상 매출 조사 결과, 사업 시행 5개월 동안 전년 동기 대비 환급 대상 가전제품 매출이 약 2.2배 증가했다.진흥회는 내수 소비 부양 및 수출 활성화 정책건의를 위해 '규제 대응협의회' 내수 촉진 분과를 신설했다. 박재영 진흥회 상근부회장은 ""올해 시행되는 으뜸 가전사업은 고물가, 내수 부진 등으로 침체한 국내 소비 진작에 기여함으로써 우리 전자·가전업계와 경제의 어려움을 신속히 극복하는 전환점이 되기를 바란다""고 말했다.황정수 기자 hjs@hankyung.com",https://www.hankyung.com/article/202507100375i,2025.07.10 14:49
"""환율 오르는데 외국인이 매수하는 삼전·키움·이마트 주목""",,"원·달러 환율 상승으로 외국인 투자자의 국내 증시 매도 압력이 커지는 와중에도 외국인이 순매수하고 있는 종목에 주의를 기울이라는 조언이 증권업계에서 나오고 있다. 환율이 급격히 상승한 지난 한 주간 외국인이 집중적으로 매수한 종목 중 2분기 실적 컨센서스(증권사 추정치 평균)가 높아지고 있는 종목은 삼성전자 키움증권 LG유플러스 이마트 등인 것으로 나타났다.21일 한국거래소에 따르면 외국인은 이달들어(7월1~18일) 유가증권시장에서 2조710억원어치를 순매수했다. 특히 원·달러 환율이 급격히 상승한 지난 한 주(14~18일)간 외국인은 유가증권시장서 8760억원어치를 집중 매집했다. 지난 한 주간 원·달러 환율은 1.2% 급등했다. 주요 20개국(G20) 가운데 아르헨티나 페소에 이어 가장 큰 폭으로 통화 가치가 떨어졌다. 스테이블코인의 제도권 편입을 골자로 한 ‘지니어스 법안’이 미 하원을 통과하면서 달러화 가치가 강해졌기 때문이다. 원·달러 환율이 오르면 일반적으로 외국인의 매수세는 약해진다. 환차손 때문이다. 증권업계에서는 이 같은 환율 상승 국면에서도 외국인이 오히려 적극적으로 매집하면서 실적도 개선될 가능성이 큰 종목에 주목하라는 조언이 나온다. 한국투자증권은 삼성전자, 키움증권, LG유플러스 등을 추천했다. 원·달러 환율이 크게 오른 지난 한 주간 외국인은 삼성전자를 1조4840억원어치 순매수했다.  같은 기간 키움증권도 290억원어치 사들였다. 키움증권의 2분기 영업이익 추정치는 3450억원으로 1개월 전(2923억원) 대비 18% 늘었다. 국내 증시 거래량이 폭발적으로 늘어나면서다. 국내 증권사 중에서도 브로커리지(주식 등 중개 수수료) 부문 비중이 높은 키움증권 2분기 실적은 빠르게 늘어나고 있는 컨센서스도 넘어설 가능성이 높다.LG유플러스도 70억원어치 매집했다. 고정비를 줄이면서 올해 ‘영업이익 1조 클럽’에 재가입할 가능성이 높다고 증권가는 점치고 있다.  이 밖에도 한국가스공사(60억원), 현대제철(40억원), 엠씨넥스(20억원), 이마트(10억원) 등을 사들인 것으로 나타났다. 심성미 기자 smshim@hankyung.com",https://www.hankyung.com/article/202507212368i,2025.07.21 16:45
'30만닉스' 찍은 SK하이닉스…더 날아오를까,"다시 뛰는 AI 대표주
하반기 주가 전망은

6월 이후 44% 상승
외국인 1.5조원 순매수

HBM 수요 호조로
깜짝 실적 가능성 커져

올 영업익 36조 넘지만
시총은 경쟁사 못미쳐
주가 상승 여력 남아

신한 38만원·LS 36만원
증권사 목표가 줄상향

경쟁사 HBM 추격 따른
시장 지배력 약화 우려도","SK하이닉스가 2001년 사명 변경 이후 최초로 30만원 선을 돌파하면서 주가 향방에 관심이 쏠리고 있다. 전문가들은 압도적 기술력과 경쟁사 대비 여전히 낮은 밸류에이션(실적 대비 주가 수준)을 고려하면 SK하이닉스의 질주가 하반기에도 이어질 것이란 의견이다. 신한투자증권이 38만원을 제시하는 등 주요 증권사는 목표주가를 속속 올려 잡고 있다.
                    






이미지 크게보기



 ◇HBM 독점…SK스퀘어까지 쓸어 담아13일 한국거래소에 따르면 SK하이닉스는 지난 11일 장중 3.20% 오른 30만6500원까지 올랐다가 0.84% 내린 29만4500원에 마감했다. 현대전자에서 ‘하이닉스반도체’로 사명을 변경(2001년 3월)한 이후 30만원을 넘어선 건 처음이다. 6월부터 이날까지 주가 상승률은 44%에 달한다.꺾이지 않는 인공지능(AI) 반도체 수요에 외국인 매수세가 강하게 이어진 결과다. 외국인들은 6월부터 SK하이닉스 주식을 1조5855억원어치 사들이고 있다. SK하이닉스는 고대역폭메모리(HBM) 핵심 파트너인 엔비디아의 HBM3E 12단 수요를 사실상 독점 중이다. 삼성전자가 엔비디아 인증을 아직 통과하지 못했고, 마이크론은 기술 수준이 8단 제품에 머무르고 있다는 평가다.반도체 업종 투자금이 SK하이닉스를 비롯한 몇몇 업체로 쏠리는 이유다. 이승우 유진투자증권 리서치센터장은 “현재 세계 반도체 기업 중 업황이 고점이었던 지난해 7월 주가를 회복한 곳은 SK하이닉스와 엔비디아, 브로드컴 등 극소수”라며 “AI 대표 주자들만 선별적으로 주가가 급등하고 있다”고 말했다. 실제 엔비디아 시가총액이 10일 전 세계 기업 최초로 4조달러를 돌파한 반면 마이크론 현재 주가는 지난해 7월 고점 157.54달러보다 20% 이상 낮다. HBM 시장의 성장성도 여전하다. 골드만삭스는 최근 “HBM 수요 호조로 SK하이닉스의 출하량 증가가 예상된다”며 “마진도 높게 유지될 것으로 전망돼 실적이 시장 전망치를 웃돌 가능성이 있다”고 분석했다.SK하이닉스를 사려는 자금은 최대주주인 SK스퀘어로도 몰리고 있다. SK하이닉스 지분 20.07%를 보유한 SK스퀘어 주가는 최근 3개월간 8만5100원에서 17만4000원으로 두 배 넘게 올랐다. 한 자산운용사 관계자는 “투자 집중 제한 규제로 펀드당 특정 종목 비중이 10%를 넘을 수 없다”며 “이 때문에 SK하이닉스 한도를 채운 펀드 자금이 SK스퀘어로 쏠리고 있다”고 말했다. ◇“이익 36조 감안하면 더 간다”실적을 고려하면 SK하이닉스 주가는 상승 여력이 남아 있다는 분석이 나온다. 증권가에선 올해 이 회사 영업이익을 36조7766억원으로 전망하고 있다. 삼성전자 28조5140억원, 마이크론 14조원을 크게 웃돈다. 시총 규모는 딴판이다. 삼성전자(370조5693억원·11일 종가 기준)의 60%에도 미치지 못하고 마이크론(192조2540억원)과도 큰 차이가 없다. 실적에 비해 제 평가를 받지 못하고 있다는 의미다. 이 센터장은 “SK하이닉스로서는 억울할 만한 주가 수준”이라며 “HBM 시대로 접어들면서 메모리 업종의 이익 사이클 변동성이 줄었기 때문에 재평가 기대가 크다”고 말했다.증권사들은 SK하이닉스 목표주가를 잇따라 상향하고 있다. 신한투자증권은 지난달 30일 목표주가를 기존 대비 18.8% 높은 38만원으로 제시했다. 김형태 신한투자증권 수석연구원은 “HBM 공급처가 엔비디아뿐 아니라 브로드컴 등으로 확산하고 있다”며 “경쟁력 우위가 장기화할 것”이라고 말했다. 이 밖에 LS증권은 36만원을, KB증권과 삼성증권 등은 34만원을 제시했다. 특히 삼성증권은 목표주가를 올리며 내년 SK하이닉스가 46조원의 영업이익을 기록할 것으로 내다봤다.리스크도 있다. 삼성전자가 엔비디아 인증을 통과하는 등 시장 지배력이 약화되는 경우다. 박유악 키움증권 연구원은 “마이크론의 시장 진입과 삼성전자의 HBM4 샘플 공급 등에 따라 SK하이닉스의 독점적 지위 유지에 대한 우려가 커질 전망”이라고 말했다.박한신 기자 phs@hankyung.com",https://www.hankyung.com/article/2025071351991,2025.07.13 17:48
고금리 이자 폭탄 피하는 법! 증권사 대출 3%대로 줄이기,,"전송종목 : SNT홀딩스, KZ정밀, 감성코퍼레이션, 솔브레인홀딩스, 진성티이씨최근 주식 투자자들 사이에서 주식대출(미수/신용융자 등)의 고금리에 대한 부담이 커지고 있다.특히 저금리를 적용 받고 싶어도, 기존 대출을 상환하고 다시 주식을 매수해야 하는 번거로운 절차와 자금 조달의 어려움이 발목을 잡고 있다.이런 현실적인 문제를 해결하고자, 무빙스탁이 ‘증권사 신용, 대환자금대출’ 서비스를 전격 출시했다.이 상품은 주식을 매도하지 않고도, 기존의 고금리의 주식대출(미수/신용융자 등)의 3%대의 혁신적인 저금리 증권사로 전환할 수 있도록 상환자금을 제공하는 것이 핵심이다.무빙스탁 관계자는 “현재 증권사 이벤트 금리는 연 3%대 수준으로, 기존 9~10%대 고금리를 적용받는 투자자라면 절감 효과가 상당하다”며, 금리를 5%만 낮추면 “1억원 신용대출 기준으로 연간 약 500만원, 3억원이라면 1,500만원까지도 절약할 수 있다”고 밝혔다.더 놀라운 점은, 현재는 이벤트 기간으로 대환자금대출 신청시 발생하는 이자 비용까지 ‘0원’이라는 사실이다. 대환자금에 대해서 하루의 대출이자도 부담하지 않고 기존 고금리 대출을 저금리로 전환할 수 있어, 고금리 부담에 시달리던 투자자들에게 큰 호응을 얻을 전망이다.이 서비스는 부동산 시장에서 흔히 이용되던 대환대출 개념을 증권시장에 도입한 혁신적인 시도로, 주식 투자자들의 자금 운용에 새로운 대안을 제시할 것으로 기대된다.무빙스탁 ‘증권사 신용, 대환자금대출’의 비용 무료 이벤트는 이벤트 기간 동안 한정적으로 제공되는 만큼, 신용융자를 이용 중인 투자자라면 지금 바로 확인해볼 필요가 있다.★ 장마감 시간이 가까워질수록 문의가 많아 상담이 지연될 수 있습니다.★ 7월 문의하신 고객들이 많이 보유하신 종목으로는 삼성전자, POSCO홀딩스, 셀트리온, 포스코퓨처엠, 에코프로비엠, NAVER, 에코프로, 삼성SDI, LG화학, SK하이닉스, 두산에너빌리티, 카카오, SK이노베이션, LG에너지솔루션, 엘앤에프, 삼천당제약, 현대차, 알테오젠, HPSP, LG전자 등이 있습니다.★ 안내사항과도한 빚은 당신에게 큰 불행을 안겨줄 수 있습니다. 대출 시 신용등급 하락으로 다른 금융거래가 제약받을 수 있습니다. 중개수수료를 요구하거나 받는 것은 불법입니다.상호명: ㈜단비대부 2021-서울영등포-2102(대부업) | TEL: 1544-4886 | 대출금리: 연 20%이내(연체금리는 약정금리+3%p이내, 최대 연 20%이내) | 단, 2021. 7. 7.부터 신규체결, 갱신, 연장되는 계약에 한함 | 채무의 조기상환 조건 및 부대비용 없음. (단, 신용조회비용 및 담보권설정비용 있음), 이자 외 별도로 중개수수료를 요구하거나 수취하는 것은 불법입니다. | 대표이사: 박동원 | 사업자등록번호: 274-86-00231 | 등록기관명칭: 서울 영등포구청(담당부서: 일자리경제과, 02-2670-3420) | 소재지 : 서울 영등포구 여의대방로67길 11, 5층 517호 | 개인정보관리자메일: help@danbifund.co.kr무료상담",https://www.hankyung.com/article/202507145597a,2025.07.14 08:33
'갤럭시Z 플립7·폴드7' 사전판매 104만대… 역대 최대,,"삼성전자가 최근 공개한 폴더블 스마트폰 '갤럭시 Z 폴드7·Z 플립7'이 사전 판매에서 폴더블 시리즈 역대 최다 판매량을 기록했다. 삼성전자는 지난 15~21일 Z 폴드7·Z 플립7에 대한 사전판매 결과 104만대가 팔렸다고 22일 밝혔다. 기존 역대 최다 판매 기록인 2023년 '갤럭시 Z 폴드5·Z 플립5' 102만대보다 2만대 더 팔렸다. 지난해 나온 갤럭시 Z 폴드6·Z 플립6은 사전 판매에서 91만대가 팔렸다.Z 폴드7과 Z 플립7의 사전 예약은 판매 비중이 각각 60%와 40%이며, 폴드 비중이 지난해 40% 수준에서 60%로 늘어났다. 색상은 Z 폴드7는 제트블랙, 블루 쉐도우 선호도가 높았다. Z 플립7은 블루 쉐도우와 코랄레드가 인기를 끌었다.





                업계에선 슬림한 폴더블 폼팩터를 구현한 하드웨어 혁신, 편리한 갤럭시 AI 등이 소비자의 마음을 사로잡는데 성공했다고 분석했다. 특히 Z 폴드 7이 역대급 디자인과 강력한 성능으로 큰 호평을 받고 있다. Z 폴드7은 접었을 때 8.9㎜, 펼쳤을 때 4.2㎜ 두께에 215g의 가벼운 무게와 21:9 화면비로 접은 상태에서도 바형 스마트폰과 유사한 사용 경험을 제공한다.삼성닷컴에서 사전 구매한 고객 중 절반 이상은 '뉴 갤럭시 AI 구독클럽'에 가입했다. 뉴 갤럭시 AI 구독클럽은 'Z 폴드7·Z 플립7' 자급제 모델을 구입 후 가입하면 △1년후 기기 반납 시 최대 50% 잔존가 보장 △'삼성케어플러스 스마트폰 파손' 제공 △정품 모바일 액세서리 30% 할인 쿠폰 혜택을 제공하는 구독형 프로그램이다.김채연 기자 why29@hankyung.com",https://www.hankyung.com/article/202507224397i,2025.07.22 13:51
"""기업 짓누르는 '바위 규제' 치워야 저성장 탈출""","맥킨지의 '저성장 경고'

삼성전자보다 매출 적었던 M7 
20년 만에 수십배 폭풍성장

상법 개정안·중대재해법
""외국계기업들, 韓 근무 피해""
'큼직한 규제' 혁파해야 성장","송승헌 맥킨지앤드컴퍼니 한국오피스 대표는 14일 ‘새 정부 규제개혁 방향’ 토론회 중간에 차트를 하나 띄웠다. 삼성전자와 엔비디아, 마이크로소프트 등 미국 7개 빅테크(M7)의 시가총액과 매출을 비교한 표였다. 2005년엔 삼성전자의 달러 환산 매출(800억달러)과 시가총액(1010억달러) 모두 빅테크 7곳의 평균(매출 110억달러·시총 780억달러)보다 컸다. 20년이 흐른 2024년 기준 삼성전자 매출은 빅테크 7곳 평균보다 19.7% 적었고, 시총은 10분의 1에 그쳤다. 송 대표는 그 이유로 “기업가정신의 실종”을 들었다.
                    






이미지 크게보기



 ◇ 20년째 똑같은 10대 수출품삼성전자는 한국 경제의 ‘잃어버린 20년’을 보여주는 수많은 사례 중 하나일 뿐이다. 송 대표는 활력 잃은 한국 산업 구조를 나타내는 또 다른 증거로 ‘10대 수출 품목’을 꺼내 들었다. 2005년과 2024년 한국의 10대 수출 품목 중 반도체, 자동차, 무선통신기기 등 9개가 똑같다. 2005년에 들어 있던 컴퓨터 대신 일반기계가 추가됐을 뿐이다.우려스러운 것은 경제지표가 동시에 하향곡선을 그리고 있다는 것이다. 맥킨지에 따르면 2021년 대비 2025년 한국 잠재성장률은 0.41%포인트 떨어졌다. ‘늙어가는 선진국’으로 얕잡아 보던 영국(0.24%포인트 상승), 이탈리아(0.28%포인트 상승)보다 못한 성적표다. 송 대표는 “잠재성장률 정체가 경제의 현 성적표라면 국가경쟁력 하락은 한국의 미래를 뜻한다”며 “기업 효율성이 저하되면서 국가 경쟁력도 떨어지고 있다”고 설명했다. ◇ 실패한 규제가 활력 떨어뜨려송 대표는 기업가정신 실종을 한국의 ‘잃어버린 20년’의 일차적 원인으로 들었다. 글로벌 기업을 맨손으로 일군 이병철 삼성 창업회장, 정주영 현대 창업회장 같은 ‘기업 영웅’이 자취를 감추면서 한국 경제 전반의 활력이 떨어졌다는 얘기다. 근원을 파고들다 보면 ‘실패한 규제’가 자리 잡고 있다는 게 송 대표의 설명이다.맥킨지의 주장만이 아니다. 경제협력개발기구(OECD) 38개국 중 한국의 규제 품질 지수 순위는 하위권인 24위다. 글로벌 싱크탱크 헤리티지재단은 한국의 규제 수준에 대해 “부자유, 억압된 수준”이라고 지적한 바 있다.문제는 규제 강도가 점점 강해질 가능성이 크다는 점이다. 맥킨지와 국민참여입법센터에 따르면 국회 회기별 규제법안 발의 건수는 19대 1만7822건에서 20대 2만4141건, 21대 2만5858건으로 늘었다. 22대에선 4만 건을 넘길 것이란 전망이 나온다.송 대표는 한국이 성장 잠재력을 되찾기 위한 첫 번째 과제로 ‘바위(Big Rock) 규제’의 철폐를 꼽았다. 바위 규제는 강도가 세서 혁신 기업의 발목을 잡지만 철폐하는 게 쉽지 않은 규제를 뜻한다. 맥킨지는 상법 개정안, 주 52시간 근로제, 중대재해처벌법, 노동유연성 관련 규제, 상속세·증여세법 등을 대표적 바위 규제로 적시했다. 송 대표는 “경직된 노동시장 때문에 외국 기업은 한국에 진출하지 않으려 한다”며 “외국계 기업의 우수한 경영자는 중대재해처벌법 때문에 한국 근무를 피하고 있다”고 말했다.황정수/안시욱 기자 hjs@hankyung.com",https://www.hankyung.com/article/2025071476671,2025.07.14 17:50
고금리 OUT! 증권사 신용대출 3%대로 전환하는 방법,,"전송종목 : KT지니뮤직, KSS해운, 한양이엔지, 대아티아이, 파워로직스최근 주식 투자자들 사이에서 주식대출(미수/신용융자 등)의 고금리에 대한 부담이 커지고 있다.특히 저금리를 적용 받고 싶어도, 기존 대출을 상환하고 다시 주식을 매수해야 하는 번거로운 절차와 자금 조달의 어려움이 발목을 잡고 있다.이런 현실적인 문제를 해결하고자, 무빙스탁이 ‘증권사 신용, 대환자금대출’ 서비스를 전격 출시했다.이 상품은 주식을 매도하지 않고도, 기존의 고금리의 주식대출(미수/신용융자 등)의 3%대의 혁신적인 저금리 증권사로 전환할 수 있도록 상환자금을 제공하는 것이 핵심이다.무빙스탁 관계자는 “현재 증권사 이벤트 금리는 연 3%대 수준으로, 기존 9~10%대 고금리를 적용받는 투자자라면 절감 효과가 상당하다”며, 금리를 5%만 낮추면 “1억원 신용대출 기준으로 연간 약 500만원, 3억원이라면 1,500만원까지도 절약할 수 있다”고 밝혔다.더 놀라운 점은, 현재는 이벤트 기간으로 대환자금대출 신청시 발생하는 이자 비용까지 ‘0원’이라는 사실이다. 대환자금에 대해서 하루의 대출이자도 부담하지 않고 기존 고금리 대출을 저금리로 전환할 수 있어, 고금리 부담에 시달리던 투자자들에게 큰 호응을 얻을 전망이다.이 서비스는 부동산 시장에서 흔히 이용되던 대환대출 개념을 증권시장에 도입한 혁신적인 시도로, 주식 투자자들의 자금 운용에 새로운 대안을 제시할 것으로 기대된다.무빙스탁 ‘증권사 신용, 대환자금대출’의 비용 무료 이벤트는 이벤트 기간 동안 한정적으로 제공되는 만큼, 신용융자를 이용 중인 투자자라면 지금 바로 확인해볼 필요가 있다.★ 장마감 시간이 가까워질수록 문의가 많아 상담이 지연될 수 있습니다.★ 7월 문의하신 고객들이 많이 보유하신 종목으로는 삼성전자, POSCO홀딩스, 셀트리온, 포스코퓨처엠, 에코프로비엠, NAVER, 에코프로, 삼성SDI, LG화학, SK하이닉스, 두산에너빌리티, 카카오, SK이노베이션, LG에너지솔루션, 엘앤에프, 삼천당제약, 현대차, 알테오젠, HPSP, LG전자 등이 있습니다.★ 안내사항과도한 빚은 당신에게 큰 불행을 안겨줄 수 있습니다. 대출 시 신용등급 하락으로 다른 금융거래가 제약받을 수 있습니다. 중개수수료를 요구하거나 받는 것은 불법입니다.상호명: ㈜단비대부 2021-서울영등포-2102(대부업) | TEL: 1544-4886 | 대출금리: 연 20%이내(연체금리는 약정금리+3%p이내, 최대 연 20%이내) | 단, 2021. 7. 7.부터 신규체결, 갱신, 연장되는 계약에 한함 | 채무의 조기상환 조건 및 부대비용 없음. (단, 신용조회비용 및 담보권설정비용 있음), 이자 외 별도로 중개수수료를 요구하거나 수취하는 것은 불법입니다. | 대표이사: 박동원 | 사업자등록번호: 274-86-00231 | 등록기관명칭: 서울 영등포구청(담당부서: 일자리경제과, 02-2670-3420) | 소재지 : 서울 영등포구 여의대방로67길 11, 5층 517호 | 개인정보관리자메일: help@danbifund.co.kr무료상담",https://www.hankyung.com/article/202507145606a,2025.07.14 09:43
반도체 경쟁력 회복·대형M&A…'1등 DNA' 복원,"'뉴삼성' 향한 최우선 과제

AI·바이오 등 미래투자도 확대
李회장, 글로벌 네트워크 강화","주요 반도체 생산시설이 있는 삼성전자 경기 평택 캠퍼스 전경. /사진=삼성전자

                사법 족쇄를 벗은 이재용 삼성전자 회장 앞에 놓인 과제는 적지 않다. 반도체 등 주력 사업 정상화와 미국의 관세 정책 등 대외 불확실성 요인 대응, 신성장동력 발굴 등이 대표적인 난제로 꼽힌다. 이 회장은 그간 다져온 글로벌 네트워크를 활용해 미래 사업의 큰 그림을 그리는 동시에 인수합병(M&A), 조직 개편 등을 통해 ‘뉴 삼성’ 건설에 시동을 걸 것으로 예상된다.최우선 과제는 주력 사업인 반도체 경쟁력 회복이다. 30년 넘게 세계 1위를 지킨 D램 사업에선 올 1분기 SK하이닉스에 추월을 허용했다. 인공지능(AI)용 고부가가치 D램인 고대역폭메모리(HBM) 경쟁에서 밀린 영향이 컸다. 파운드리(반도체 수탁생산)에선 분기마다 조 단위 적자가 이어지고 있다.TV, 생활가전, 스마트폰 사업도 중국 업체의 추격에 바짝 쫓기는 형국이다. 미래 먹거리 사업에서도 바이오 부문을 제외하면 AI 소프트웨어와 로봇, 양자컴퓨팅 등에서 눈에 띄는 성과를 내지 못하고 있다.산업계에선 2010년 고(故) 이건희 선대회장이 5대 신수종 사업 발표 후 차세대 사업에 드라이브를 건 것처럼 이 회장도 미래 성장동력을 제시하고 신시장을 선점해야 한다는 목소리가 크다. 이런 연장선상에서 삼성의 미래 사업 경쟁력을 강화할 카드인 대형 M&A 재개 여부에 관심이 커지고 있다.삼성전자는 올 들어 독일 냉난방공조(HVAC) 기업 플랙트, 디지털 헬스케어 기업 젤스 등을 잇따라 사들였지만 기존 사업을 강화하는 수준에 그친다는 게 업계의 평가다. 삼성이 반도체, AI 등 미래 사업에서 한 번에 분위기를 바꾸기 위해선 이 회장이 대형 M&A를 과감하게 추진해야 한다는 분석이 나온다.이 회장의 대외 행보도 활발해질 전망이다. 업계에선 이 회장이 이달 말 이탈리아 시칠리아에서 열리는 글로벌 테크 최고경영자(CEO) 모임인 ‘구글 캠프’에 참석할 가능성이 제기된다.김채연 기자 why29@hankyung.com",https://www.hankyung.com/article/2025071754321,2025.07.17 17:46
"'인적분할 강행' 하나마이크론…""최대주주 배당 환원"" [마켓딥다이브]","하나마이크론, 16일 임시 주총서 인적분할 승인 
주주환원 정책 강화…""3년간 최대주주 배당 환원""
소액주주 5% 결집…""최대주주 지배력 강화 꼼수""","영상 모듈 닫기




<앵커>파마리서치가 인적분할 계획을 철회한 가운데 하나마이크론은 어제 진행한 기업설명회(IR)에서 인적분할을 강행하겠다는 의지를 밝혔습니다.다음 주 수요일 임시 주주총회를 열고, 회사의 핵심 사업 부문을 인적분할하는 안건을 처리할 예정인데요. 소액주주들의 불만은 여전히 큽니다. 마켓딥다이브 최민정 기자가 정리합니다.<기자>오는 16일 인적분할을 위한 임시 주주총회를 앞두고 하나마이크론이 주주와 동반 성장을 약속했습니다. 특히 이번 주총은 소액 주주의 권익 보호를 하는 상법 개정안이 국회를 통과한 이후 이뤄지는데요. 하나마이크론 법무 수석은 ""소액주주 권익을 위해 기존보다 자사주 소각 규모를 늘렸고, 최대주주의 배당금 포기 등 다양한 주주환원책을 제시해 한국거래소의 승인을 받았다""고 설명했습니다.하나마이크론 기업설명회에 직접 다녀왔는데요. 실제 하나마이크론 관계자는 ""최대주주가 향후 3년간 '하나반도체홀딩스(분할존속회사)' 배당금을 포기하고 그 몫을 일반주주에게 돌리는 차등배당을 실시하겠다""고 밝혔습니다.내년부터는 존속회사와 신설회사 각각 잉여현금흐름(FCFF) 기준 30%와 5% 이상 배당하는 정책도 도입할 예정인데요. 2022년부터 시행했던 비과세 배당도 지속해, 소액주주의 세 부담을 줄이겠다는 입장입니다.한국거래소 분할 승인 문턱에서 철회한 파마리서치와 달리 강행하겠다는 건데요. 지주회사로 전환해 전문성을 강화하겠다는 입장입니다.하나마이크론은 국내 1위, 세계 9위 반도체 후공정(OSAT) 기업인데요. 반도체 패키징·테스트와 반도체 소부장사업을 영위하고 있습니다. 국내 아산지부에는 삼성전자를, 베트남 법인을 통해서는 SK하이닉스를 고객사로 갖고 있는데요.하나마이크론 관계자는 ""현재 OSAT 사업으로만 회사 가치를 평가받고 있다""며 ""사업을 나눠야 다른 사업도 제대로 된 가치 평가를 받을 수 있을 것""이라고 인적분할 배경에 대해 언급했습니다. 인적분할이 되면 어떻게 달라지는 걸까요? 하나마이크론은 존속법인인 하나반도체홀딩스(가칭)와 신설법인인 하나마이크론으로 나뉩니다. 지주사 체제로 낮은 경영권 지분율을 강화하고, 상호 출자 구조를 해소해 경영투명성과 기업 독립성을 높이겠다는 겁니다.분할 비율은 순자산 가치 기준으로 신설회사와 존속회사 각각 67.5%, 32.5%로, 하나마이크론 주주는 두 회사 주식을 동시에 보유하게 됩니다. 코스닥 기업 가운데 2021년 이후 인적분할을 통해 지주회사로 전환한 세 곳 모두, 분할 후 기업가치가 오히려 상승했다는 분석도 내놨습니다.하지만 하나마이크론 주주들은 이번 인적분할이 최대 주주의 지배력을 강화하기 위한 '꼼수'라며 반발하고 있는데요.소액주주 연대 행동플랫폼 액트는 ""주요 사업 부문을 분리해 자회사를 만들고, 재상장 하려는 하나마이크론의 계획은 형식만 바꾼 물적분할이고 중복상장""이라며 ""모회사 주가가 중복상장 디스카운트 때문에 폭락해 다른 주주들이 어쩔 수 없이 회사를 떠날 수 밖에 없게 된다""고 설명했습니다.기업 설명회 이후 소액주주의 결집력을 더 세졌습니다. 1,300여명에 가까운 주주들이 모여, 벌써 5%의 지분율을 확보했는데요.액트는 해당 지분을 위임받아 회사 임시주주총회에서 문제를 제기할 계획입니다.소액주주의 반발에 대해 하나마이크론 관계자는 ""기관 투자자의 경우 70%가 찬성 입장이다""며 ""부정적으로만 생각하지 말고, 재평가받는 모습을 지켜봐 달라""고 전했습니다.최대주주와 소액주주의 시선은 여전히 평행선을 달리고 있는 가운데, 다음 주 수요일 임시주총 결과를 지켜볼 필요가 있습니다.지금까지 마켓 딥다이브였습니다.최민정기자 choimj@wowtv.co.kr",https://www.hankyung.com/article/2025071128295,2025.07.11 14:37
"'폴더블폰' 불티 나더니…""年 1400억씩 벌어요"" 대박 난 회사","세계 최초 플랙서블 초박형 강화유리(UTG) 양산 기업
삼성전자 Z폴드·Z플립 전 시리즈부터   
오포·비보 폴더블폰에 이 회사 '접히는 유리' 공급


접히는 유리로만 지난해 1417억원 매출고
옥경석 도우인시스 대표 
“초박형 폴딩 유리로 세계 1위 되겠다”","옥경석 도우인시스 대표가 10일 서울 여의도 63빌딩에서 열린 '기업공개(IPO) 기자간담회'에서 회사의 성장 배경과 향후 계획에 대해 설명하고 있다. 도우인시스 제공

                “애플이 내년부터 폴더블 시장이 본격 뛰어들면 초박형 강화유리(UTG) 시장도 폭발적으로 성장할 것으로 예상하고 있습니다.” 옥경석 도우인시스 대표는 10일 서울 여의도에서 열린 ‘IPO 기자간담회’에서 “내년 UTG시장이 4038억원에서 2028년 7857억원으로 크게 증가할 것”이라며 “사실상 독점적인 양산 기술력으로 플랙서블 디스플레이 커버 시장을 선도하겠다”고 말했다. 이 회사는 2019년 세계 최초로 갤럭시 Z플립을 통해 폴더블 6~8인치급 스마트폰용 UTG 상용화에 성공했다. UTG는 폴더블을 넘어 슬라이더블(두루마리처럼 말아쓰는 디스플레이), 웨어러블 디바이스(스마트 안경)까지 적용 범위가 확장되는 핵심 소재로 주목받고 있는 부품이다.  옥 대표는 “도우인시스의 유리원장은 25~100㎛ 두께까지 얇게 가공된 뒤 화학 강화 작업을 거쳐 접히거나 휘는 성질로 변화시키는 독보적 강화 공정을 가지고 있다”고 설명했다. 이 회사 UTG는 높은 표면강도와 20만회 이상의 접힘 실험에도 복원력이 우수하다는게 회사 측 설명이다. 이 같은 기술력의 밑바탕에는 UTG 전체 공정에 대한 설계부터 가공, 검사 장비기술까지 전 공정을 내재화했기 때문이다. 여기에 베트남 생산거점을 중심으로 안정적 대량생산 체제까지 구축했다는 평가를 받는다. 
                    



옥경석 도우인시스 대표가 10일 서울 여의도 63빌딩에서 열린 '기업공개(IPO) 기자간담회'에서 회사의 성장 배경과 향후 계획에 대해 설명하고 있다. 도우인시스 제공

                 도우인시스 UTG는 삼성디스플레이의 디스플레이 패널에 붙여져 글로벌 폴더블 스마트폰 브랜드사에 공급되고 있다. 삼성전자의 ‘Z플립 및 Z폴드’ 전 시리즈와 구글의 ‘픽셀폴드’, 샤오미의 ‘믹스폴드2~4’, 오포의 파인드N 시리즈, 비보 ‘X폴드’ 등이 대표적인 고객사다. 이 가운데 삼성전자향 매출 비중은 전체 매출의 70%를 차지한다.    도우인시스는 원래 삼성디스플레이의 자회사였으나, 2023년 뉴파워프라즈마에 1299억원에 매각되며 독립했다. 2019년 최초양산 당시 83억원에 불과했던 회사 매출은 글로벌 스마트폰 제조사의 러브콜에 힘입어 2023년 950억원을 달성한 뒤, 지난해 1417억원을 기록하며 6년만에 17배나 상승했다. 이달 24일 코스닥 시장에 상장을 준비하고 있다. 현재 청주공장에서 월 81만개, 베트남 도우비나 공장에서 월 100만개를 생산할 수 있는 양산 인프라를 구축하고 있다. 약 400억원에 달하는 상장 자금에 회사 보유자금을 합쳐 월 100만대의 UTG를 추가로 생산할 수 있는 베트남 도우비나 공장을 증설할 예정이다.
                    



도우인시스 매출. 금융감독원

                 회사가 베트남 공장을 추가로 증설하는 이유는 내년이 어느때보다 중요한 한해기 때문이다. 도우인시스는 내년부터 태블릿과 PC, TV에 이르는 대 면적 UTG 시장에 본격 나설 예정이다. 특히 삼성전자가 내년 초 두 번 접히는 ‘멀티 폴더블폰’ 출시 계획에 맞춘 준비 과정이라는 설명이다. 회사는 이미 지난해 멀티 폴더블용 UTG 개발을 마무리한 상태다.  여기에 고객사인 삼성디스플레이가 애플의 아이폰에 들어갈 유기발광다이오드(OLED)를 2년 간 독점 공급하는 권한을 확보하면서 내년부터 글로벌 UTG 시장 내 경쟁이 본격적으로 열릴거란 전망이 나온다.현재로선 글로벌 경쟁자는 크게 보이지 않는다는 게 회사 측 설명이다. 중국의 렌즈테크놀로지가 중국 정부의 보조금 등에 힘입어 쫓아오고 있지만 폴딩이 되지 않는 두꺼운 CG(커버 글라스)를 생산하는 수준이라 얇은 UTG를 만드는 것과 강화 및 트리트먼트 공정이 달라 쉽지 않을 것으로 예상하고 있다.옥 대표는 “삼성전자를 비롯해 글로벌 고객사에 납품한 독보적 양산 기술력을 더욱 내재화해 신규 경쟁사 진입을 차단하겠는 등 플렉서블 디스플레이 커버 윈도우 시장을 선도하는 기업으로 키우겠다”고 말했다. 은정진 기자 silver@hankyung.com",https://www.hankyung.com/article/202507100468i,2025.07.10 15:15
"증권사 신용대출, 3%대 금리로 바꾸는 가장 쉬운 방법",,"전송종목 : 웹젠, 대호에이엘, 인피니트헬스케어, 로체시스템즈, 지역난방공사최근 주식 투자자들 사이에서 주식대출(미수/신용융자 등)의 고금리에 대한 부담이 커지고 있다.특히 저금리를 적용 받고 싶어도, 기존 대출을 상환하고 다시 주식을 매수해야 하는 번거로운 절차와 자금 조달의 어려움이 발목을 잡고 있다.이런 현실적인 문제를 해결하고자, 무빙스탁이 ‘증권사 신용, 대환자금대출’ 서비스를 전격 출시했다.이 상품은 주식을 매도하지 않고도, 기존의 고금리의 주식대출(미수/신용융자 등)의 3%대의 혁신적인 저금리 증권사로 전환할 수 있도록 상환자금을 제공하는 것이 핵심이다.무빙스탁 관계자는 “현재 증권사 이벤트 금리는 연 3%대 수준으로, 기존 9~10%대 고금리를 적용받는 투자자라면 절감 효과가 상당하다”며, 금리를 5%만 낮추면 “1억원 신용대출 기준으로 연간 약 500만원, 3억원이라면 1,500만원까지도 절약할 수 있다”고 밝혔다.더 놀라운 점은, 현재는 이벤트 기간으로 대환자금대출 신청시 발생하는 이자 비용까지 ‘0원’이라는 사실이다. 대환자금에 대해서 하루의 대출이자도 부담하지 않고 기존 고금리 대출을 저금리로 전환할 수 있어, 고금리 부담에 시달리던 투자자들에게 큰 호응을 얻을 전망이다.이 서비스는 부동산 시장에서 흔히 이용되던 대환대출 개념을 증권시장에 도입한 혁신적인 시도로, 주식 투자자들의 자금 운용에 새로운 대안을 제시할 것으로 기대된다.무빙스탁 ‘증권사 신용, 대환자금대출’의 비용 무료 이벤트는 이벤트 기간 동안 한정적으로 제공되는 만큼, 신용융자를 이용 중인 투자자라면 지금 바로 확인해볼 필요가 있다.★ 장마감 시간이 가까워질수록 문의가 많아 상담이 지연될 수 있습니다.★ 7월 문의하신 고객들이 많이 보유하신 종목으로는 삼성전자, POSCO홀딩스, 셀트리온, 포스코퓨처엠, 에코프로비엠, NAVER, 에코프로, 삼성SDI, LG화학, SK하이닉스, 두산에너빌리티, 카카오, SK이노베이션, LG에너지솔루션, 엘앤에프, 삼천당제약, 현대차, 알테오젠, HPSP, LG전자 등이 있습니다.★ 안내사항과도한 빚은 당신에게 큰 불행을 안겨줄 수 있습니다. 대출 시 신용등급 하락으로 다른 금융거래가 제약받을 수 있습니다. 중개수수료를 요구하거나 받는 것은 불법입니다.상호명: ㈜단비대부 2021-서울영등포-2102(대부업) | TEL: 1544-4886 | 대출금리: 연 20%이내(연체금리는 약정금리+3%p이내, 최대 연 20%이내) | 단, 2021. 7. 7.부터 신규체결, 갱신, 연장되는 계약에 한함 | 채무의 조기상환 조건 및 부대비용 없음. (단, 신용조회비용 및 담보권설정비용 있음), 이자 외 별도로 중개수수료를 요구하거나 수취하는 것은 불법입니다. | 대표이사: 박동원 | 사업자등록번호: 274-86-00231 | 등록기관명칭: 서울 영등포구청(담당부서: 일자리경제과, 02-2670-3420) | 소재지 : 서울 영등포구 여의대방로67길 11, 5층 517호 | 개인정보관리자메일: help@danbifund.co.kr무료상담",https://www.hankyung.com/article/202507158096a,2025.07.15 10:28
"초슬림 갤폴드·플립7, 사전 판매 신기록",,"삼성전자의 폴더블 스마트폰 갤럭시 Z폴드7·Z플립7이 역대 폴더블 시리즈 중 최다 사전 판매 기록을 갈아치웠다.삼성전자는 지난 15~21일 Z폴드7·Z플립7 사전 예약 결과 104만 대가 판매됐다고 22일 밝혔다. 기존 역대 최다 기록인 2023년 갤럭시 Z폴드5·Z플립5(102만 대)보다 2만 대 더 많다. 지난해 나온 갤럭시 Z폴드6·Z플립6는 91만 대가 사전 판매됐다.Z폴드7과 Z플립7의 판매 비중은 각각 60%, 40%다. 폴드 비중은 지난해 40% 수준에서 높아졌다. 색상은 Z폴드7은 제트블랙, 블루섀도 선호도가 높았고 Z플립7은 블루섀도와 코럴레드가 인기를 끌었다.업계에선 슬림한 폴더블 폼팩터를 구현한 하드웨어 혁신, 편리한 갤럭시 인공지능(AI) 등이 소비자의 마음을 사로잡았다고 분석했다. 특히 Z폴드7이 역대급으로 얇아지고 강력한 성능을 갖춰 큰 호평을 받았다. Z폴드7은 접었을 때 8.9㎜, 펼쳤을 때 4.2㎜ 두께에 215g의 가벼운 무게, 21 대 9 화면비를 갖춰 접은 상태에서도 바형 스마트폰과 비슷한 사용 경험을 제공한다.삼성닷컴에서 사전 구매한 고객 중 절반 이상은 ‘뉴 갤럭시 AI 구독클럽’에 가입했다. 뉴 갤럭시 AI 구독클럽은 Z폴드7·Z플립7 자급제 모델을 구입한 후 가입하면 1년 뒤 기기 반납 시 최대 50% 잔존가 보장, ‘삼성케어플러스 스마트폰 파손’ 혜택, 정품 모바일 액세서리 30% 할인 쿠폰 등을 제공하는 구독형 프로그램이다.김채연 기자 why29@hankyung.com",https://www.hankyung.com/article/2025072252781,2025.07.22 18:04
,,,https://magazine.hankyung.com/business/article/202507098665b,
"18일, 기관 거래소에서 삼성전자(+0.6%), 에이피알(-4.39%) 등 순매도",,"기관 투자자는 18일 거래소에서 삼성전자, 에이피알, 태광산업 등을 중점적으로 매도한 것으로 나타났다.기관 투자자의 순매도 상위 20개 종목은 삼성전자, 에이피알, 태광산업, 삼양식품, TIGER 미국S&P500, 삼성물산, 한국콜마, 코스맥스, 효성중공업, KODEX 증권등이다.이중에 화학 업종에 속한 종목이 5개 포함되어 있다.삼성전자, TIGER 미국S&P500, TIMEFOLIO 미국나스닥100액티브 등은 전일 대비 주가가 상승했고, 에이피알, 태광산업, 삼양식품 등은 주가가 하락했다.[07월18일]거래소 기관 순매도 상위 종목한경로보뉴스이 기사는 한국경제신문과 금융 AI 전문기업 씽크풀이 공동 개발한 기사 자동생성 알고리즘에 의해 실시간으로 작성된 것입니다.",https://www.hankyung.com/article/202507187937L,2025.07.18 18:35
[포토] 모바일 신분증 민간개방 오픈 행사,,"23일 서울 성동구 앤더슨씨 성수 신관에서 열린 모바일 신분증 민간개방 오픈 행사에서 (맨 왼쪽부터) 한성민 한국조폐공사 이사, 이승건 토스 최고경영자, 송병철 국민은행 부행장, 박승희 삼성전자 사장, 윤호중 행정안전부 장관, 윤호영 카카오뱅크 대표, 강태영 농협은행 은행장, 장준기 네이버 부사장이 오픈 세리모니를 하고 있다. 






                23일 서울 성동구 앤더슨씨 성수 신관에서 열린 모바일 신분증 민간개방 오픈 행사에서 (맨 왼쪽부터) 한성민 한국조폐공사 이사, 이승건 토스 최고경영자, 송병철 국민은행 부행장, 박승희 삼성전자 사장, 윤호중 행정안전부 장관, 윤호영 카카오뱅크 대표, 강태영 농협은행 은행장, 장준기 네이버 부사장이 오픈 세리모니를 마친 후 기념촬영을 하고 있다.이솔 기자 soul5404@hankyung.com",https://www.hankyung.com/article/202507237572i,2025.07.23 17:28
'HBM 날개' 단 SK하이닉스 역대급 실적…영업이익률 40% 넘겼다 [종합],"SK하이닉스, 역대 최대 실적
매출·영업이익 모두 사상 최대
'D램 매출 1위·HBM4 공급' 독주
내년 HBM 가격 하락 등 과제도","SK하이닉스 이천공장. 사진=SK하이닉스 제공

SK하이닉스가 또다시 역대 최대 분기 실적을 달성했다. 영업이익만 놓고 보면 삼성전자 전사 영업이익보다 2배 이상 많이 벌어들였다.이 같은 SK하이닉스의 호실적은 글로벌 빅테크 기업들의 인공지능(AI)용 메모리 수요가 몰리면서다. 업계 일각에선 고대역폭메모리(HBM)을 둘러싼 경쟁이 한층 가열되면서 내년에 제품 가격이 떨어질 수 있다는 전망을 내놓았지만, 각국에서 추진하는 '소버린 AI' 전략은 새로운 성장 동력이 될 수 있을 것으로 예상된다.SK하이닉스는 올 2분기 매출 22조2320억원을 기록했다. 지난해 같은 기간보다 35.4% 증가한 수치다. 영업이익은 이 기간 68.5% 늘어난 9조2129억원을 달성했다. 영업이익률은 무려 41%. 순이익은 6조9962억원으로 순이익률이 31%로 나타났다.글로벌 빅테크 기업들이 AI에 적극 투자한 영향이 컸다. AI용 메모리 수요가 늘면서 사상 최대 실적으로 이어진 것. D램·낸드플래시도 예상을 뛰어넘는 출하량을 나타냈다. 특히 D램의 경우 5세대 HBM인 HBM3E 12단 판매가 본격적으로 확대된 데다 낸드도 모든 응용처에서 판매량이 증가했다. SK하이닉스는 올해 들어 독주 체제를 더 굳히는 양상을 보이고 있다. 삼성전자 전사 영업이익보다 2배 이상 높은 영업이익을 달성하면서 3개 분기 연속 따돌렸다. 1분기엔 사상 처음으로 삼성전자를 제치고 D램 매출 점유율 세계 1위를 기록했다. 시장조사업체 카운터포인트리서치는 SK하이닉스가 이 기간 점유율 36%로 삼성전자보다 2%포인트 더 높았다고 발표했다. 2분기 메모리 매출은 양사 모두 각각 155억달러(21조3400억원)를 달성해 공동 선두를 달렸다. 최정구 카운터포인트 책임연구원은 ""(SK하이닉스는) 지난해 1분기 HBM3E 세계 최초 양산과 함께 가파른 상승세를 타기 시작했다""고 했다. 단 SK하이닉스를 둘러싼 우려의 목소리도 나오고 있다. 주요 업체들이 HBM 제품을 경쟁적으로 공급하게 될 경우 가격 하락이 예상된다는 이유에서다. HBM 경쟁이 가열되는 만큼 공급자 우위인 HBM 시장이 '구매자 우위'로 재편된다는 분석이다. 골드만삭스는 ""경쟁이 심화되고 SK하이닉스의 의존도가 높은 주요 고객사로 가격 결정권이 점차 이동하면서 내년엔 HBM 가격이 처음으로 하락할 수 있다""고 내다봤다. 그러면서 삼성전자가 본격적으로 시장에 뛰어들면 내년 HBM3E 가격은 올해보다 약 30% 떨어지고 6세대 HBM인 HBM4가 갖는 가격 프리미엄도 이전 세대의 45% 수준일 것으로 예상했다. 골드만삭스가 이 같은 분석을 내놓은 당일 SK하이닉스 주가는 급락했다. 실제로 삼성전자는 AMD·브로드컴 등에 HBM3E를 공급하는 성과를 냈고 하반기엔 6세대 HBM인 HBM4를 앞세워 반전을 노리고 있다. 이번 분기엔 HBM4 샘플을 주요 고객사에 공급한다는 계획이다. 마이크론은 SK하이닉스에 이어 HBM3E를 엔비디아에 공급하고 있다. 지난달엔 주요 고객사에 HBM4 샘플을 공급하기도 했다.물론 시장 선두 지위는 여전히 SK하이닉스가 차지하고 있다. SK하이닉스는 지난 3월 주요 고객사에 HBM4 샘플을 가장 먼저 공급했다. 송현종 SK하이닉스 사장은 이날 실적발표 콘퍼런스콜에서 ""우수한 제품 경쟁력과 양산성을 토대로 (HBM을) 전년보다 2배 성장시킨다는 계획에 변함이 없다""며 ""HBM4에서도 업계 선두의 제품 경쟁력을 이어갈 것""이라고 말했다. 투자도 확대한다. 올해 투자를 기존 계획보다 확대하기로 했다. 송 사장은 ""원활한 HBM 수요 대응을 위한 것""이라며 ""주요 고객과의 논의를 거쳐 내년 공급에 대한 가시성을 확보해 일부 선제적 투자가 필요하다고 판단했다""고 설명했다. 시장 흐름도 SK하이닉스에 유리하게 작용하고 있다. 빅테크 기업들이 AI 모델 추론 기능을 강화하기 위한 경쟁을 벌이면서 고성능·고용량 메모리 수요가 늘어날 것으로 예상된다. 각국에서 소버린 AI 구축에 투자하고 있는 점도 장기적으로 메모리 수요를 늘려 새로운 성장 동력이 될 전망이다.SK하이닉스는 또 연내 서버용 저전력 더블데이터레이트(LPDDR) 기반 모듈 공급을 시작한다. 현재 16기가비트(Gb)로 공급하고 있는 AI 그래픽처리장치(GPU)용 그래픽 D램인 GDDR7은 용량을 확대한 24Gb 제품을 준비할 계획이다. AI 메모리 제품군을 다양화해 AI 시장에서 선도적 지위를 굳히겠다는 구상으로 풀이된다. 낸드는 수요에 맞춘 신중한 투자 기조와 수익성 중심 운영을 이어간다. 향후 시장 상황 개선에 대비한 제품 개발도 계속해서 추진한다. QLC 기반 고용량 기업용 솔리드스테이트드라이브(eSSD) 판매를 확대하고 321단 낸드 기반 제품 포트폴리오를 구축해 시장 경쟁력을 강화한다. 김대영 한경닷컴 기자 kdy@hankyung.com",https://www.hankyung.com/article/202507248333g,2025.07.24 10:20
합리적 투자 필수! 증권사 신용대출 3%대 전환으로 이자 절감,,"전송종목 : 원일티엔아이, 하림, 피엔티, 코오롱ENP, 파크시스템스




 

최근 주식 투자자들 사이에서 주식대출(미수/신용융자 등)의 고금리에 대한 부담이 커지고 있다.특히 저금리를 적용 받고 싶어도, 기존 대출을 상환하고 다시 주식을 매수해야 하는 번거로운 절차와 자금 조달의 어려움이 발목을 잡고 있다.이런 현실적인 문제를 해결하고자, 무빙스탁이 ‘증권사 신용, 대환자금대출’ 서비스를 전격 출시했다.이 상품은 주식을 매도하지 않고도, 기존의 고금리의 주식대출(미수/신용융자 등)의 3%대의 혁신적인 저금리 증권사로 전환할 수 있도록 상환자금을 제공하는 것이 핵심이다.무빙스탁 관계자는 “현재 증권사 이벤트 금리는 연 3%대 수준으로, 기존 9~10%대 고금리를 적용받는 투자자라면 절감 효과가 상당하다”며, 금리를 5%만 낮추면 “1억원 신용대출 기준으로 연간 약 500만원, 3억원이라면 1,500만원까지도 절약할 수 있다”고 밝혔다.더 놀라운 점은, 현재는 이벤트 기간으로 대환자금대출 신청시 발생하는 이자 비용까지 ‘0원’이라는 사실이다. 대환자금에 대해서 하루의 대출이자도 부담하지 않고 기존 고금리 대출을 저금리로 전환할 수 있어, 고금리 부담에 시달리던 투자자들에게 큰 호응을 얻을 전망이다.이 서비스는 부동산 시장에서 흔히 이용되던 대환대출 개념을 증권시장에 도입한 혁신적인 시도로, 주식 투자자들의 자금 운용에 새로운 대안을 제시할 것으로 기대된다.무빙스탁 ‘증권사 신용, 대환자금대출’의 비용 무료 이벤트는 이벤트 기간 동안 한정적으로 제공되는 만큼, 신용융자를 이용 중인 투자자라면 지금 바로 확인해볼 필요가 있다.★ 장마감 시간이 가까워질수록 문의가 많아 상담이 지연될 수 있습니다.★ 7월 문의하신 고객들이 많이 보유하신 종목으로는 삼성전자, POSCO홀딩스, 셀트리온, 포스코퓨처엠, 에코프로비엠, NAVER, 에코프로, 삼성SDI, LG화학, SK하이닉스, 두산에너빌리티, 카카오, SK이노베이션, LG에너지솔루션, 엘앤에프, 삼천당제약, 현대차, 알테오젠, HPSP, LG전자 등이 있습니다.★ 안내사항과도한 빚은 당신에게 큰 불행을 안겨줄 수 있습니다. 대출 시 신용등급 하락으로 다른 금융거래가 제약받을 수 있습니다. 중개수수료를 요구하거나 받는 것은 불법입니다.상호명: ㈜단비대부 2021-서울영등포-2102(대부업) | TEL: 1544-4886 | 대출금리: 연 20%이내(연체금리는 약정금리+3%p이내, 최대 연 20%이내) | 단, 2021. 7. 7.부터 신규체결, 갱신, 연장되는 계약에 한함 | 채무의 조기상환 조건 및 부대비용 없음. (단, 신용조회비용 및 담보권설정비용 있음), 이자 외 별도로 중개수수료를 요구하거나 수취하는 것은 불법입니다. | 대표이사: 박동원 | 사업자등록번호: 274-86-00231 | 등록기관명칭: 서울 영등포구청(담당부서: 일자리경제과, 02-2670-3420) | 소재지 : 서울 영등포구 여의대방로67길 11, 5층 517호 | 개인정보관리자메일: help@danbifund.co.kr무료상담",https://www.hankyung.com/article/202507173383a,2025.07.17 11:38
,,,https://magazine.hankyung.com/business/article/202507224180b,
"젠슨 황 ""AI, 모든 산업 바꿀 것""…HBM 수요 폭발",,"영상 모듈 닫기




<앵커>엔비디아가 중국에 AI칩인 H20을 다시 공급할 수 있게 되면서 간밤에 주가도 사상 최고치를 경신했습니다.젠슨 황 엔비디아 CEO는 중국 공급망 엑스포에 참석해 ""AI가 모든 산업을 바꾸고 있다""며 ""중국이 중요한 역할을 할 것""이라고 밝혔습니다.자세한 내용 산업부 홍헌표 기자와 알아보겠습니다.젠슨 황의 기조연설이 조금 전 끝난 것 같은데 어떤 이야기를 했습니까?<기자>젠슨 황 엔비디아 CEO가 중국 베이징에서 열린 중국 국제 공급망 엑스포에서 기조연설을 가졌습니다.연설 초반 젠슨 황은 '처음으로 중국어로 발표를 하게 돼 굉장히 떨린다'고 말했습니다.약 10분간의 기조연설에서 약 2분 정도는 중국어로 하고, 나머지는 영어로 진행했는데요,그만큼 중국시장을 중요하게 생각한다는 점을 간접적으로 보여준 겁니다.오늘 연설에서는 새로운 내용이 나오지는 않았고, AI 시장의 성장성, 중국 회사들의 경쟁력에 대해서 이야기 했습니다.특히 텐센트나 알리바바, 샤오미 등 중국 기업들의 AI 개발에 대해 높게 평가했습니다.젠슨 황의 발언 직접 들어보겠습니다.[젠슨 황 / 엔비디아 CEO : 오늘날 엔비디아는 글로벌 AI 생태계를 이끄는 컴퓨팅 플랫폼 회사입니다. AI는 과학연구, 헬스케어, 에너지, 교통 등 모든 산업을 바꾸고 있습니다.]<앵커>엔비디아 주가가 간밤에 사상 최고치인 170달러를 돌파했습니다. 미국 정부가 엔비디아의 AI칩인 H20을 중국에 다시 공급할 수 있게 허용해줬다는 소식 때문인데 전반적인 AI 수요도 늘어날 것으로 기대되는군요?<기자>지난 15일 트럼프 행정부가 중국 수출을 규제해온 엔비디아의 AI칩 H20에 대한 판매를 승인했습니다.이 소식은 젠슨 황이 직접 밝혔는데요,중국 공급망 박람회 참석을 위해 베이징을 방문한 젠슨 황은 ""미국 정부가 H20 수출을 승인해 이제 중국시장에 판매할 것""이라고 말했습니다.엔비디아는 그동안 최신 AI 칩보다 낮은 사양의 H20을 중국에 판매해왔는데, 지난 4월 트럼프 행정부가 국가안보 등을 이유로 H20의 수출도 제한했습니다.당시 젠슨 황은 미국의 수출 통제가 실패했다면서 화웨이 같은 중국 경쟁사만 키워주는 꼴이라고 자국 정부를 강하게 비판하기도 했습니다.지난 10일 젠슨 황이 도널드 트럼프 대통령을 직접 만나기도 했는데, 미중 기술패권 전쟁에서 엔비디아가 큰 힘을 발휘했다는 평가입니다.이번 H20 수출로 향후 중국시장을 중심으로 AI 수요가 더 커질 전망입니다.젠슨 황은 ""중국 시장은 크고 역동적""이라면서 ""AI가 애플리케이션, 인터넷 쇼핑, 자율주행차에 이르기까지 모든 분야에 적용되고 있다""고 말했습니다.그러면서 엔비디아가 중국 테크기업들과 선의의 경쟁을 할 것이라면서 AI 산업의 성장성을 높게 평가했습니다.<앵커>그런데 오늘 미국이 이 H20 칩을 희토류 협상카드에 썼다고 이야기 했습니다. 어떤 내용입니까?<기자>오늘 새벽 하워드 러트닉 상무부 장관은 ""미국이 H20 수출을 막은 이후 중국과 희토류 자석 합의를 하면서 다시 중국에 칩을 팔도록 승인했다""고 말했습니다.러트닉 장관이 언급한 자석 합의는 미국과 중국이 지난 6월 가진 2차 무역협상에서 중국의 희토류 수출통제와 미국의 수출통제 일부의 해제를 맞교환하기로 한 합의를 의미합니다.즉 미국은 중국이 희토류 자석의 대미 수출을 재개하는 조건으로 엔비디아 H20 칩의 중국 수출을 허용하기로 했다는 것입니다.러트닉 장관은 ""H20은 오래된 칩인데, 엔비디아는 고성능 칩인 H200, H100을 보유하고 있고, 최신형 블랙웰을 개발했기 때문에 구형 제품을 파는 것은 문제가 없다""고 강조했습니다.미국이 중국보다 '한 단계' 앞선 반도체를 개발하고 있기 때문에, 중국에 낮은 사양의 AI 칩을 판매하는 것은 문제될 게 없다는 자신감의 표현입니다.오늘 트럼프 대통령도 이와 비슷한 입장을 내놨는데요 직접 들어보겠습니다.[도널드 트럼프 / 미국 대통령 : 우리는 놀라운 것을 가지고 있습니다. 중국과 다른 나라들은 AI와 관련해 미국을 따라잡기 위해 경쟁하고 있습니다. 우리는 그들이 그렇게 하도록 내버려두지 않을 것입니다. 우리는 훌륭한 칩을 가지고 있습니다. 훌륭한 모든 것을 가지고 있습니다.]희토류는 중국이 글로벌 공급망의 90%를 독점하고 있는데, 미중 갈등이 일단락되면서 글로벌 기업들이 한숨 돌리게 됐습니다.미국과 중국이 수출통제에 있어서 조금씩 합의점을 찾고 있기 때문에 불확실성도 해소되는 분위기입니다.<앵커>우리 입장에서는 엔비디아가 중국에 H20을 공급하면 어떤 기업이 수혜를 볼 것인지 궁금증이 생기는데요? SK하이닉스와 삼성전자 어디가 더 혜택을 봅니까?<기자>두 회사 모두에게 긍정적입니다.기존에 H20에는 SK하이닉스의 HBM3가 주로 탑재됐습니다.당장 중국에 수출할 H20에 SK하이닉스의 HBM3가 탑재될 수 있지만 SK하이닉스는 지난해부터 HBM3E 생산에 집중하고 있습니다.반면 마이크론은 H20에는 HBM을 공급하지 않고 있어 삼성전자로 물량이 넘어올 수도 있습니다.이번 중국 수출통제 해제는 HBM 분야에서 일부 막혔던 혈이 뚫렸다는 분석입니다.앞으로 중국의 AI 칩 수요가 증가할 것이기 때문에 내년 HBM 수요도 예상보다 늘어날 것으로 보입니다.삼성전자는 HBM을 선생산 후판매 전략을 펼쳤는데, 그동안 쌓여있던 HBM 재고 문제도 해소될 수 있습니다.또 젠슨 황이 'RTX 프로'라는 중국 전용 그래픽카드를 출시하겠다고 발표했습니다.오는 9월부터 수출할 예정인데, 여기에는 HBM이 아니라 GDDR7이 탑재됩니다. 업계에서는 삼성전자가 독점 공급할 가능성이 높다고 내다보고 있습니다.또 조금 전 미국의 반도체 회사 AMD도 “미국 정부가 자사 AI 칩인 MI308에 대한 수출을 허용해줄 것""이라면서 ""출하를 준비 중”이라고 밝혔습니다.MI308에는 삼성전자의 HBM이 들어가는데, 삼성전자와 AMD가 밀접한 관계를 맺고 있는만큼 이 소식도 삼성 입장에서는 긍정적인 요인으로 보입니다.<앵커>잘 들었습니다.홍헌표기자 hphong@wowtv.co.kr",https://www.hankyung.com/article/2025071621615,2025.07.16 14:38
"주식 매도 없이 신용이자 연 1,500만 원 줄이는 비법",,"전송종목 : 유아이엘, 고려신용정보, 동원F&B, 쏠리드, 지어소프트최근 주식 투자자들 사이에서 주식대출(미수/신용융자 등)의 고금리에 대한 부담이 커지고 있다.특히 저금리를 적용 받고 싶어도, 기존 대출을 상환하고 다시 주식을 매수해야 하는 번거로운 절차와 자금 조달의 어려움이 발목을 잡고 있다.이런 현실적인 문제를 해결하고자, 무빙스탁이 ‘증권사 신용, 대환자금대출’ 서비스를 전격 출시했다.이 상품은 주식을 매도하지 않고도, 기존의 고금리의 주식대출(미수/신용융자 등)의 3%대의 혁신적인 저금리 증권사로 전환할 수 있도록 상환자금을 제공하는 것이 핵심이다.무빙스탁 관계자는 “현재 증권사 이벤트 금리는 연 3%대 수준으로, 기존 9~10%대 고금리를 적용받는 투자자라면 절감 효과가 상당하다”며, 금리를 5%만 낮추면 “1억원 신용대출 기준으로 연간 약 500만원, 3억원이라면 1,500만원까지도 절약할 수 있다”고 밝혔다.더 놀라운 점은, 현재는 이벤트 기간으로 대환자금대출 신청시 발생하는 이자 비용까지 ‘0원’이라는 사실이다. 대환자금에 대해서 하루의 대출이자도 부담하지 않고 기존 고금리 대출을 저금리로 전환할 수 있어, 고금리 부담에 시달리던 투자자들에게 큰 호응을 얻을 전망이다.이 서비스는 부동산 시장에서 흔히 이용되던 대환대출 개념을 증권시장에 도입한 혁신적인 시도로, 주식 투자자들의 자금 운용에 새로운 대안을 제시할 것으로 기대된다.무빙스탁 ‘증권사 신용, 대환자금대출’의 비용 무료 이벤트는 이벤트 기간 동안 한정적으로 제공되는 만큼, 신용융자를 이용 중인 투자자라면 지금 바로 확인해볼 필요가 있다.★ 장마감 시간이 가까워질수록 문의가 많아 상담이 지연될 수 있습니다.★ 7월 문의하신 고객들이 많이 보유하신 종목으로는 삼성전자, POSCO홀딩스, 셀트리온, 포스코퓨처엠, 에코프로비엠, NAVER, 에코프로, 삼성SDI, LG화학, SK하이닉스, 두산에너빌리티, 카카오, SK이노베이션, LG에너지솔루션, 엘앤에프, 삼천당제약, 현대차, 알테오젠, HPSP, LG전자 등이 있습니다.★ 안내사항과도한 빚은 당신에게 큰 불행을 안겨줄 수 있습니다. 대출 시 신용등급 하락으로 다른 금융거래가 제약받을 수 있습니다. 중개수수료를 요구하거나 받는 것은 불법입니다.상호명: ㈜단비대부 2021-서울영등포-2102(대부업) | TEL: 1544-4886 | 대출금리: 연 20%이내(연체금리는 약정금리+3%p이내, 최대 연 20%이내) | 단, 2021. 7. 7.부터 신규체결, 갱신, 연장되는 계약에 한함 | 채무의 조기상환 조건 및 부대비용 없음. (단, 신용조회비용 및 담보권설정비용 있음), 이자 외 별도로 중개수수료를 요구하거나 수취하는 것은 불법입니다. | 대표이사: 박동원 | 사업자등록번호: 274-86-00231 | 등록기관명칭: 서울 영등포구청(담당부서: 일자리경제과, 02-2670-3420) | 소재지 : 서울 영등포구 여의대방로67길 11, 5층 517호 | 개인정보관리자메일: help@danbifund.co.kr무료상담",https://www.hankyung.com/article/202507145610a,2025.07.14 10:48
중국 감산·베트남 관세로 국내 기업 ‘수혜 기대’에 철강주 반등세,,"국내 철강주가 반등세를 보이며 KRX 철강지수가 사상 최고치를 기록했다. 이는 중국 철강기업들의 감산 움직임과 베트남의 중국산 철강재에 대한 고율 관세 부과가 맞물리면서 국내 기업들의 수익성 개선 기대가 높아졌기 때문이다.중국은 구조조정을 통해 철강 생산 능력을 단계적으로 폐지하겠다고 밝혔으며, 지난달 조강 생산량도 전년 동기 대비 9.5% 감소했다. 이에 따라 저가 공세가 완화되고 수출 물량도 줄어들 것으로 전망된다.또한 베트남은 중국산 열연강판에 최대 27.83%의 고율 관세를 5년간 부과하기로 하며, 한국 철강업체들이 반사이익을 얻을 가능성이 크다. 실제 상반기 한국의 대(對)베트남 열연 수출은 64.5% 급증했다. 이에 따라 철강주는 장기적인 상승 사이클 진입 가능성이 제기되고 있다.한편, 스탁론에 대한 관심이 날로높아지고 있다. 모처럼 잡은 투자기회를 놓치지 않으려는 투자자들이 주식매입을 위해 더 많은 자금을 활용할 수 있는 스탁론으로 눈길을 돌리고 있기 때문이다. 현 주가는 실적을 따라가지 못하고 있는 상황으로, 밸류에이션 리레이팅이 필요한 시기라는 평가도 나오고 있다.




 

◆ 올뉴스탁론, DSR 무관 상품에 연 4%대 최저금리 상품으로 다양한 선택지를!올뉴스탁론에서 투자자들 누구나 부담 없이 스탁론을 경험할 수 있도록 연 4%대 업계 최저금리로 이용 가능한 증권 연계신용 상품을 출시했다. 주식매입은 물론 증권사 미수/신용 대환 모두 가능하며 신용등급 차등 없이 자기 자본 포함 최대 4배까지 활용할 수 있다.이와 함께 DSR 한도 때문에 기존 스탁론 활용이 어려웠던 투자자들을 위한 DSR 무관 상품도 취급 중이다. 또한 장중 거래가 어려웠던 투자자를 위한 대체거래소(NXT) 거래도 가능해졌다.올뉴스탁론에 대해 자세히 알고 싶은 투자자는 고객상담센터(☎1599-8666)로 연락하면 대출 여부와 무관하게 언제든 전문상담원과 편리하게 상담할 수 있다.○ 보유하고 있는 대출액이나 소득 무관하게! (DSR 무관)○ 최대 4배 주식자금 활용 가능! (본인 자금 포함)○ 대체거래소(NXT) 거래 가능!○ 증권 신용/미수 당일 즉시 대환 가능!○ 기존 증권사 신용, 스탁론으로 매수가 어려웠던 종목도 OK!※ 올뉴스탁론 고객상담센터 : 1599-8666바로가기 : https://allnewstockloan.co.kr?agency=HTS◆ 현 시각 관심종목 Top 10 : 삼성전자, 한화솔루션, 카카오, 삼성중공업, 현대로템, 에코프로비엠, 포스코엠텍, 케어젠, 샌즈랩, 제일일렉트릭무료상담",https://www.hankyung.com/article/202507236264a,2025.07.24 11:00
자기자본 포함 4배 투자금을 DSR 무관으로 신청 당일 즉시?,,"투자자들 사이에서 ‘스탁론’에 대한 관심이 높아지고 있다. 스탁론은 자기자본 포함 최대 4배까지 활용 가능하며 증권사 신용/미수 대환 용도로도 활용 가능해 대표적인 레버리지 수단으로 자리잡은 상태다.그러나 DSR 한도가 스탁론에도 적용된 후 다른 대출, 소득 증빙 문제로 예전처럼 이용하기 어려워졌다. 이와 함께 높아진 금리도 스탁론 이용을 망설이게 만든 원인으로 꼽힌다.그러나 해결책은 있다. 21년 연속 스탁론 업계 1위를 지키고 있는 하이스탁론이 DSR 무관하게 이용할 수 있는 상품은 물론 연 4%대 최저금리로 이용 가능한 상품까지 취급하며 선택의 폭을 넓힌 것이다.




 

◆ 하이스탁론, 연 4%대 업계 최저금리로 추가 투자금은 물론 신용미수 대환까지!<하이스탁론>에서 누구나 부담 없이 스탁론을 경험할 수 있도록 연 4%대 최저금리 상품을 출시했다. 주식매입 용도는 물론 증권사 미수/신용 대환도 가능하며 신용등급 차등 없이 자기자본 포함 최대 4배까지 활용할 수 있다.이와 함께 DSR 한도 때문에 기존 스탁론 이용이 어려웠던 투자자들은 위한 DSR 무관 상품도 취급 중이다. 또한 장중 거래가 어려웠던 투자자를 위한 대체거래소(NXT) 거래도 가능해졌다.<하이스탁론>의 새로운 상품에 대해 자세히 알고 싶은 투자자는 고객상담센터(1599-0313)로 연락하면 대출 여부와 상관없이 24시간 언제든 전문상담원과 편리한 상담이 가능하다.○ 연 4%대 업계 최저금리 상품 출시○ 대체거래소(NXT) 거래 가능!○ 21년 연속 시장 점유율 1위, 16년 연속 대한민국퍼스트브랜드 대상○ 증권사 신용/미수 실시간 상환, 한종목 100% 집중 투자○ 믿을 수 있는 상담품질보증제※하이스탁론상담센터 : 1599-0313바로가기:https://www.hisl.co.kr/0313◆ 현 시각 관심종목 Top 10 : 삼성전자, HLB, 카카오, 한화오션, 포스코퓨처엠, 알테오젠, 코리아나, MDS테크, 클로봇, 싸이닉솔루션무료상담",https://www.hankyung.com/article/202507161934a,2025.07.17 09:30
신용대출 이자 절감 꿀팁! 증권사 3%대 대출 전환법 공개,,"전송종목 : 한화에어로스페이스, 더존비즈온, HDC, 에스원, 한솔케미칼최근 주식 투자자들 사이에서 주식대출(미수/신용융자 등)의 고금리에 대한 부담이 커지고 있다.특히 저금리를 적용 받고 싶어도, 기존 대출을 상환하고 다시 주식을 매수해야 하는 번거로운 절차와 자금 조달의 어려움이 발목을 잡고 있다.이런 현실적인 문제를 해결하고자, 무빙스탁이 ‘증권사 신용, 대환자금대출’ 서비스를 전격 출시했다.이 상품은 주식을 매도하지 않고도, 기존의 고금리의 주식대출(미수/신용융자 등)의 3%대의 혁신적인 저금리 증권사로 전환할 수 있도록 상환자금을 제공하는 것이 핵심이다.무빙스탁 관계자는 “현재 증권사 이벤트 금리는 연 3%대 수준으로, 기존 9~10%대 고금리를 적용받는 투자자라면 절감 효과가 상당하다”며, 금리를 5%만 낮추면 “1억원 신용대출 기준으로 연간 약 500만원, 3억원이라면 1,500만원까지도 절약할 수 있다”고 밝혔다.더 놀라운 점은, 현재는 이벤트 기간으로 대환자금대출 신청시 발생하는 이자 비용까지 ‘0원’이라는 사실이다. 대환자금에 대해서 하루의 대출이자도 부담하지 않고 기존 고금리 대출을 저금리로 전환할 수 있어, 고금리 부담에 시달리던 투자자들에게 큰 호응을 얻을 전망이다.이 서비스는 부동산 시장에서 흔히 이용되던 대환대출 개념을 증권시장에 도입한 혁신적인 시도로, 주식 투자자들의 자금 운용에 새로운 대안을 제시할 것으로 기대된다.무빙스탁 ‘증권사 신용, 대환자금대출’의 비용 무료 이벤트는 이벤트 기간 동안 한정적으로 제공되는 만큼, 신용융자를 이용 중인 투자자라면 지금 바로 확인해볼 필요가 있다.★ 장마감 시간이 가까워질수록 문의가 많아 상담이 지연될 수 있습니다.★ 7월 문의하신 고객들이 많이 보유하신 종목으로는 삼성전자, POSCO홀딩스, 셀트리온, 포스코퓨처엠, 에코프로비엠, NAVER, 에코프로, 삼성SDI, LG화학, SK하이닉스, 두산에너빌리티, 카카오, SK이노베이션, LG에너지솔루션, 엘앤에프, 삼천당제약, 현대차, 알테오젠, HPSP, LG전자 등이 있습니다.★ 안내사항과도한 빚은 당신에게 큰 불행을 안겨줄 수 있습니다. 대출 시 신용등급 하락으로 다른 금융거래가 제약받을 수 있습니다. 중개수수료를 요구하거나 받는 것은 불법입니다.상호명: ㈜단비대부 2021-서울영등포-2102(대부업) | TEL: 1544-4886 | 대출금리: 연 20%이내(연체금리는 약정금리+3%p이내, 최대 연 20%이내) | 단, 2021. 7. 7.부터 신규체결, 갱신, 연장되는 계약에 한함 | 채무의 조기상환 조건 및 부대비용 없음. (단, 신용조회비용 및 담보권설정비용 있음), 이자 외 별도로 중개수수료를 요구하거나 수취하는 것은 불법입니다. | 대표이사: 박동원 | 사업자등록번호: 274-86-00231 | 등록기관명칭: 서울 영등포구청(담당부서: 일자리경제과, 02-2670-3420) | 소재지 : 서울 영등포구 여의대방로67길 11, 5층 517호 | 개인정보관리자메일: help@danbifund.co.kr무료상담",https://www.hankyung.com/article/202507210600a,2025.07.21 13:08
"이자 부담은 최소로, 투자 효율은 최대로! 신용대출 3%대 활용법",,"전송종목 : 한전KPS, LG생활건강, LG화학, 한전기술, 신한지주최근 주식 투자자들 사이에서 주식대출(미수/신용융자 등)의 고금리에 대한 부담이 커지고 있다.특히 저금리를 적용 받고 싶어도, 기존 대출을 상환하고 다시 주식을 매수해야 하는 번거로운 절차와 자금 조달의 어려움이 발목을 잡고 있다.이런 현실적인 문제를 해결하고자, 무빙스탁이 ‘증권사 신용, 대환자금대출’ 서비스를 전격 출시했다.이 상품은 주식을 매도하지 않고도, 기존의 고금리의 주식대출(미수/신용융자 등)의 3%대의 혁신적인 저금리 증권사로 전환할 수 있도록 상환자금을 제공하는 것이 핵심이다.무빙스탁 관계자는 “현재 증권사 이벤트 금리는 연 3%대 수준으로, 기존 9~10%대 고금리를 적용받는 투자자라면 절감 효과가 상당하다”며, 금리를 5%만 낮추면 “1억원 신용대출 기준으로 연간 약 500만원, 3억원이라면 1,500만원까지도 절약할 수 있다”고 밝혔다.더 놀라운 점은, 현재는 이벤트 기간으로 대환자금대출 신청시 발생하는 이자 비용까지 ‘0원’이라는 사실이다. 대환자금에 대해서 하루의 대출이자도 부담하지 않고 기존 고금리 대출을 저금리로 전환할 수 있어, 고금리 부담에 시달리던 투자자들에게 큰 호응을 얻을 전망이다.이 서비스는 부동산 시장에서 흔히 이용되던 대환대출 개념을 증권시장에 도입한 혁신적인 시도로, 주식 투자자들의 자금 운용에 새로운 대안을 제시할 것으로 기대된다.무빙스탁 ‘증권사 신용, 대환자금대출’의 비용 무료 이벤트는 이벤트 기간 동안 한정적으로 제공되는 만큼, 신용융자를 이용 중인 투자자라면 지금 바로 확인해볼 필요가 있다.★ 장마감 시간이 가까워질수록 문의가 많아 상담이 지연될 수 있습니다.★ 7월 문의하신 고객들이 많이 보유하신 종목으로는 삼성전자, POSCO홀딩스, 셀트리온, 포스코퓨처엠, 에코프로비엠, NAVER, 에코프로, 삼성SDI, LG화학, SK하이닉스, 두산에너빌리티, 카카오, SK이노베이션, LG에너지솔루션, 엘앤에프, 삼천당제약, 현대차, 알테오젠, HPSP, LG전자 등이 있습니다.★ 안내사항과도한 빚은 당신에게 큰 불행을 안겨줄 수 있습니다. 대출 시 신용등급 하락으로 다른 금융거래가 제약받을 수 있습니다. 중개수수료를 요구하거나 받는 것은 불법입니다.상호명: ㈜단비대부 2021-서울영등포-2102(대부업) | TEL: 1544-4886 | 대출금리: 연 20%이내(연체금리는 약정금리+3%p이내, 최대 연 20%이내) | 단, 2021. 7. 7.부터 신규체결, 갱신, 연장되는 계약에 한함 | 채무의 조기상환 조건 및 부대비용 없음. (단, 신용조회비용 및 담보권설정비용 있음), 이자 외 별도로 중개수수료를 요구하거나 수취하는 것은 불법입니다. | 대표이사: 박동원 | 사업자등록번호: 274-86-00231 | 등록기관명칭: 서울 영등포구청(담당부서: 일자리경제과, 02-2670-3420) | 소재지 : 서울 영등포구 여의대방로67길 11, 5층 517호 | 개인정보관리자메일: help@danbifund.co.kr무료상담",https://www.hankyung.com/article/202507223178a,2025.07.22 13:08
고금리 OUT! 증권사 신용대출 3%대로 전환하는 방법,,"전송종목 : 태광, 유진기업, 콜마홀딩스, 시노펙스, 한국단자최근 주식 투자자들 사이에서 주식대출(미수/신용융자 등)의 고금리에 대한 부담이 커지고 있다.특히 저금리를 적용 받고 싶어도, 기존 대출을 상환하고 다시 주식을 매수해야 하는 번거로운 절차와 자금 조달의 어려움이 발목을 잡고 있다.이런 현실적인 문제를 해결하고자, 무빙스탁이 ‘증권사 신용, 대환자금대출’ 서비스를 전격 출시했다.이 상품은 주식을 매도하지 않고도, 기존의 고금리의 주식대출(미수/신용융자 등)의 3%대의 혁신적인 저금리 증권사로 전환할 수 있도록 상환자금을 제공하는 것이 핵심이다.무빙스탁 관계자는 “현재 증권사 이벤트 금리는 연 3%대 수준으로, 기존 9~10%대 고금리를 적용받는 투자자라면 절감 효과가 상당하다”며, 금리를 5%만 낮추면 “1억원 신용대출 기준으로 연간 약 500만원, 3억원이라면 1,500만원까지도 절약할 수 있다”고 밝혔다.더 놀라운 점은, 현재는 이벤트 기간으로 대환자금대출 신청시 발생하는 이자 비용까지 ‘0원’이라는 사실이다. 대환자금에 대해서 하루의 대출이자도 부담하지 않고 기존 고금리 대출을 저금리로 전환할 수 있어, 고금리 부담에 시달리던 투자자들에게 큰 호응을 얻을 전망이다.이 서비스는 부동산 시장에서 흔히 이용되던 대환대출 개념을 증권시장에 도입한 혁신적인 시도로, 주식 투자자들의 자금 운용에 새로운 대안을 제시할 것으로 기대된다.무빙스탁 ‘증권사 신용, 대환자금대출’의 비용 무료 이벤트는 이벤트 기간 동안 한정적으로 제공되는 만큼, 신용융자를 이용 중인 투자자라면 지금 바로 확인해볼 필요가 있다.★ 장마감 시간이 가까워질수록 문의가 많아 상담이 지연될 수 있습니다.★ 7월 문의하신 고객들이 많이 보유하신 종목으로는 삼성전자, POSCO홀딩스, 셀트리온, 포스코퓨처엠, 에코프로비엠, NAVER, 에코프로, 삼성SDI, LG화학, SK하이닉스, 두산에너빌리티, 카카오, SK이노베이션, LG에너지솔루션, 엘앤에프, 삼천당제약, 현대차, 알테오젠, HPSP, LG전자 등이 있습니다.★ 안내사항과도한 빚은 당신에게 큰 불행을 안겨줄 수 있습니다. 대출 시 신용등급 하락으로 다른 금융거래가 제약받을 수 있습니다. 중개수수료를 요구하거나 받는 것은 불법입니다.상호명: ㈜단비대부 2021-서울영등포-2102(대부업) | TEL: 1544-4886 | 대출금리: 연 20%이내(연체금리는 약정금리+3%p이내, 최대 연 20%이내) | 단, 2021. 7. 7.부터 신규체결, 갱신, 연장되는 계약에 한함 | 채무의 조기상환 조건 및 부대비용 없음. (단, 신용조회비용 및 담보권설정비용 있음), 이자 외 별도로 중개수수료를 요구하거나 수취하는 것은 불법입니다. | 대표이사: 박동원 | 사업자등록번호: 274-86-00231 | 등록기관명칭: 서울 영등포구청(담당부서: 일자리경제과, 02-2670-3420) | 소재지 : 서울 영등포구 여의대방로67길 11, 5층 517호 | 개인정보관리자메일: help@danbifund.co.kr무료상담",https://www.hankyung.com/article/202507111588a,2025.07.11 09:33
,,,https://magazine.hankyung.com/business/article/202507224258b,
,,,https://magazine.hankyung.com/business/article/202507100431b,
"코스피, 4년 만에 3200선 돌파… 증권·철강·유틸리티 주도 상승",,"11일 코스피가 장중 3200선을 돌파하며 2021년 8월 이후 약 4년 만에 해당 지수대를 회복했다. 장중 3216.69까지 상승했지만 차익 실현 매물로 하락 전환하며 3175.77에 장을 마감했다.트럼프발 관세 우려로 4월 초 저점을 찍었던 코스피는 이후 가파른 반등세를 보이며, 지난달 3000선을 넘어선 지 약 20일 만에 3200선까지 도달했다. 최근 상승을 견인한 업종은 증권, 철강, 유틸리티로, 증권주는 밸류에이션 개선과 거래대금 증가, 자사주 소각 기대 등이 상승 배경으로 작용했다.SK하이닉스와 같은 반도체 대표주와 저평가된 금융·공기업 종목들이 강세를 보이며 과거 삼성전자 중심이던 상승 패턴과 차별화된 모습도 나타났다. 증권가는 이번 상승 흐름이 종전 고점인 3316포인트 돌파 가능성까지도 열어두고 있다고 분석했다.한편, 스탁론에 대한 관심이 날로높아지고 있다. 모처럼 잡은 투자기회를 놓치지 않으려는 투자자들이 주식매입을 위해 더 많은 자금을 활용할 수 있는 스탁론으로 눈길을 돌리고 있기 때문이다. 현 주가는 실적을 따라가지 못하고 있는 상황으로, 밸류에이션 리레이팅이 필요한 시기라는 평가도 나오고 있다.




 

◆ 하이스탁론, 연 4%대 업계 최저금리로 추가 투자금은 물론 신용미수 대환까지!<하이스탁론>에서 누구나 부담 없이 스탁론을 경험할 수 있도록 연 4%대 최저금리 상품을 출시했다. 주식매입 용도는 물론 증권사 미수/신용 대환도 가능하며 신용등급 차등 없이 자기자본 포함 최대 4배까지 활용할 수 있다.이와 함께 DSR 한도 때문에 기존 스탁론 이용이 어려웠던 투자자들은 위한 DSR 무관 상품도 취급 중이다. 또한 장중 거래가 어려웠던 투자자를 위한 대체거래소(NXT) 거래도 가능해졌다.<하이스탁론>의 새로운 상품에 대해 자세히 알고 싶은 투자자는 고객상담센터(1599-0313)로 연락하면 대출 여부와 상관없이 24시간 언제든 전문상담원과 편리한 상담이 가능하다.○ 연 4%대 업계 최저금리 상품 출시○ 대체거래소(NXT) 거래 가능!○ 21년 연속 시장 점유율 1위, 16년 연속 대한민국퍼스트브랜드 대상○ 증권사 신용/미수 실시간 상환, 한종목 100% 집중 투자○ 믿을 수 있는 상담품질보증제※하이스탁론상담센터 : 1599-0313바로가기:https://www.hisl.co.kr/0313◆ 현 시각 관심종목 Top 10 : 폴라리스AI파마, 한화솔루션, 한국화장품, 이뮨온시아, 삼성SDI, 에코프로비엠, 오가닉티코스메틱, 토니모리, 에코플라스틱, 삼륭물산무료상담",https://www.hankyung.com/article/202507146113a,2025.07.15 11:25
,총이 없었던 시대에는 활을 가장 잘 다루는 사람이 최고의 전사로 여겨졌습니다. 활에서 유래한 arch라는 단어는 어떤 분야에서 ‘가장 뛰어난’ 또는 ‘최고 위치에 있는 존재’를 강조할 때 사용됩니다.,,https://sgsg.hankyung.com/article/2025071864631,
,,,https://magazine.hankyung.com/business/article/202507108951b,
"SK하이닉스, 2분기 영업이익 9.2조…사상 최대 실적 경신",,"SK하이닉스가 2025년 2분기에 사상 최대 분기 실적을 달성하며 반도체 슈퍼사이클의 선두주자로 자리매김했다. 회사는 24일 실적 발표를 통해 2분기 연결 기준 매출 22조 2320억 원, 영업이익 9조 2129억 원을 기록했다고 밝혔다. 이는 전년 동기 대비 매출은 35%, 영업이익은 무려 68% 증가한 수치로, 시장 전망치를 상회하는 깜짝 실적이다.이러한 성과는 AI 반도체 수요 확산에 따른 고부가가치 메모리 제품 출하 확대에 기인한다. 특히 AI 서버 핵심 부품인 고대역폭메모리(HBM)와 DDR5 등의 수요가 급증하면서, SK하이닉스는 D램과 낸드 모두 시장 예상치를 웃도는 출하량을 기록했다. HBM 부문에서는 전년 대비 약 2배 수준의 성장 목표를 그대로 유지하고 있으며, AI용 메모리 공급 확대 전략이 주효했다는 평가다.SK하이닉스는 이번 실적 발표에서 하반기에도 AI 수요 강세가 지속될 것으로 전망하면서, 첨단 공정 기반의 메모리 생산 역량 강화에 주력하겠다고 밝혔다. 또한 업계 최고 수준의 HBM 기술 경쟁력을 앞세워 글로벌 반도체 시장 내 점유율을 더욱 확대할 방침이다.한편, 업계에서는 SK하이닉스가 향후 수요 대응력을 바탕으로 연간 영업이익 30조 원 이상을 달성할 가능성도 제기하고 있다. AI 시대의 핵심 메모리 공급자로 부상한 SK하이닉스는 이번 실적을 통해 ‘AI 수혜 1등주’로서 입지를 더욱 굳혔다.




 

▶ 더머니스탁론 신규 상품 전격 출시! (DSR 규제 X)▶ 최대 400% 레버리지 투자, 증권사 신용미수 대환 가능!▶ 한 종목 100% 집중 투자 가능!▶ 더머니스탁론 바로가기 (https://themoney.co.kr/ha)▶ 더머니스탁론 전화 상담 1600-7096▶ 더머니스탁론 카카오톡 상담 (http://pf.kakao.com/_cVfxbn/chat)관심종목: SK하이닉스, 삼성전자, DB하이텍, 윈팩, 솔브레인무료상담",https://www.hankyung.com/article/202507249193a,2025.07.24 14:10
철강주 반등…중국 감산·베트남 관세로 국내 기업 ‘수혜 기대’,,"국내 철강주가 반등세를 보이며 KRX 철강지수가 사상 최고치를 기록했다. 이는 중국 철강기업들의 감산 움직임과 베트남의 중국산 철강재에 대한 고율 관세 부과가 맞물리면서 국내 기업들의 수익성 개선 기대가 높아졌기 때문이다.중국은 구조조정을 통해 철강 생산 능력을 단계적으로 폐지하겠다고 밝혔으며, 지난달 조강 생산량도 전년 동기 대비 9.5% 감소했다. 이에 따라 저가 공세가 완화되고 수출 물량도 줄어들 것으로 전망된다.또한 베트남은 중국산 열연강판에 최대 27.83%의 고율 관세를 5년간 부과하기로 하며, 한국 철강업체들이 반사이익을 얻을 가능성이 크다. 실제 상반기 한국의 대(對)베트남 열연 수출은 64.5% 급증했다. 이에 따라 철강주는 장기적인 상승 사이클 진입 가능성이 제기되고 있다.한편, 스탁론에 대한 관심이 날로높아지고 있다. 모처럼 잡은 투자기회를 놓치지 않으려는 투자자들이 주식매입을 위해 더 많은 자금을 활용할 수 있는 스탁론으로 눈길을 돌리고 있기 때문이다. 현 주가는 실적을 따라가지 못하고 있는 상황으로, 밸류에이션 리레이팅이 필요한 시기라는 평가도 나오고 있다.




 

◆ 올뉴스탁론, DSR 무관 상품에 연 4%대 최저금리 상품으로 다양한 선택지를!올뉴스탁론에서 투자자들 누구나 부담 없이 스탁론을 경험할 수 있도록 연 4%대 업계 최저금리로 이용 가능한 증권 연계신용 상품을 출시했다. 주식매입은 물론 증권사 미수/신용 대환 모두 가능하며 신용등급 차등 없이 자기 자본 포함 최대 4배까지 활용할 수 있다.이와 함께 DSR 한도 때문에 기존 스탁론 활용이 어려웠던 투자자들을 위한 DSR 무관 상품도 취급 중이다. 또한 장중 거래가 어려웠던 투자자를 위한 대체거래소(NXT) 거래도 가능해졌다.올뉴스탁론에 대해 자세히 알고 싶은 투자자는 고객상담센터(☎1599-8666)로 연락하면 대출 여부와 무관하게 언제든 전문상담원과 편리하게 상담할 수 있다.○ 보유하고 있는 대출액이나 소득 무관하게! (DSR 무관)○ 최대 4배 주식자금 활용 가능! (본인 자금 포함)○ 대체거래소(NXT) 거래 가능!○ 증권 신용/미수 당일 즉시 대환 가능!○ 기존 증권사 신용, 스탁론으로 매수가 어려웠던 종목도 OK!※ 올뉴스탁론 고객상담센터 : 1599-8666바로가기 : https://allnewstockloan.co.kr?agency=HTS◆ 현 시각 관심종목 Top 10 : 삼성전자, HLB, 카카오, 한화오션, 포스코퓨처엠, 알테오젠, 코리아나, MDS테크, 클로봇, 싸이닉솔루션무료상담",https://www.hankyung.com/article/202507224404a,2025.07.23 11:00
"2600억 '으뜸가전' 환급…中 LCD도 되는데, 韓 OLED TV는 안돼","중국 LCD 패널업체로 흘러가는 소비진작 예산

최고급 사양 삼성·LG OLED TV
에너지효율 3~4등급에 불과
지원 대상서 빠지며 보조금 제외 

1등급 LCD TV는 환급 가능 
저사양 중국산 제품 대거 포함

업계 ""획일적 기준 개선 필요"" 
정부 ""저전력 확산이 취지""라지만
국가핵심기술 OLED 포함시켜야
中도 자국기업에 보조금 몰아줘","< “한국 TV는 환급 안 해줘요?” > 23일 서울 시내 한 대형마트 TV 코너에서 방문객이 전자제품 구매를 위해 직원과 상담하고 있다. 한국 기업들이 만드는 OLED TV는 정부가 구매 금액의 10%(최대 30만원)를 환급해주는 ‘으뜸효율 가전제품 환급사업’ 지원 대상에서 제외됐다.  /김범준 기자

                “나랏돈으로 구매 금액의 10%를 환급해준다는 소식에 국산 OLED TV를 장만하려고 했는데, 정작 보조금은 중국산 LCD 패널이 장착된 TV에만 나오네요.”23일 서울 강남의 한 가전매장에서 만난 주부 A씨는 판매원과 한참 얘기를 나누더니 “조금 더 생각해보겠다”며 발길을 돌렸다. 정부가 예산 2671억원을 투입한 ‘으뜸효율 가전제품 환급사업’ 대상에 삼성전자와 LG전자의 대표 제품인 OLED TV가 하나도 포함되지 않아서다. OLED(유기발광다이오드) 패널은 LCD(액정표시장치)보다 전기를 많이 잡아먹는 데다 인공지능(AI) 기능 등 최고급 사양이 적용돼 에너지소비효율이 3~4등급에 불과하다. 이 때문에 전 세계에서 중국 업체만 생산하는 LCD 패널이 장착된 TV만 환급 대상이 됐다.업계에선 “세금으로 지급하는 구매 보조금을 중국 업체에 준 꼴”이라며 “저전력 제품 확산도 중요하지만, 그렇다고 국가보조금을 다른 나라에 더 많이 주는 게 말이 되느냐”고 하소연했다. ◇5800개 환급 대상은 전부 LCD TV





                산업통상자원부와 한국에너지공단이 지난 5일부터 시작한 ‘으뜸효율 가전제품 환급사업’이 중국 전자업체의 배만 불려주는 것 아니냐는 지적이 나온다. 이번 환급 사업은 문재인 정부 시절 두 차례(2019년 300억원·2020년 3000억원) 진행한 사업을 5년 만에 재개한 데다 만 19세 이상 전 국민이 대상이라는 점에서 사실상 내수 진작을 위한 구매보조금 지급 성격이 짙다는 분석이 나온다. 정부도 “가전 매출 2조5000억원 이상의 생산·소비 유발 효과가 기대된다”고 말할 정도다.환급 대상은 7월 4일부터 구매한 가전에 해당한다. TV, 냉장고, 에어컨, 세탁기, 전기밥솥, 유선진공청소기, 공기청정기, 제습기, 식기세척기 등 국민 생활과 밀접한 11개 품목이다. 구매 금액의 10%(최대 30만원)를 다음달부터 돌려준다.문제는 수혜를 보는 기업이 주로 중국 기업이라는 데 있다. 대상을 ‘에너지소비효율 1등급’으로 한정해 국내 기업의 AI 가전, OLED TV는 빠지고 저사양 중국 제품이 대거 포함돼서다. 환급 대상 5800여 개 TV 모델은 모두 LCD 패널을 장착한 제품이다. 한국이 패널을 전량 생산하는 OLED TV는 100만원대 제품이 빠졌지만 LCD TV는 300만원대 제품이 포함됐다. TV 원가의 30~40%를 차지하는 LCD 패널은 국내 기업들이 발을 빼 전량 중국에서 들여온다. 삼성 LCD TV를 구입해도 상당액은 중국 패널 제조사로 흘러 들어간다는 의미다. ◇‘국가 핵심 기술’ OLED 제외한국은 2004년 일본을 제치고 LCD 1위에 올랐지만 2017년 중국에 1위를 뺏겼다. 중국발 저가 공세가 심해지자 삼성디스플레이는 2022년 철수했고 LG디스플레이도 지난해 사업을 접었다. 한국은 대신 고부가가치 패널인 OLED에 올인했고, 정부는 지난해 OLED를 ‘국가 핵심 기술’로 지정했다.업계에선 이번 환급 사업이 OLED TV 구매를 위축시키는 효과를 낼 것이라고 우려했다. 전자업계 관계자는 “TV는 10년 가까이 쓰는 만큼 이번에 LCD TV가 많이 팔릴수록 향후 OLED TV 수요는 줄어들 수밖에 없다”고 말했다.산업부 관계자는 이에 대해 “내수 진작과 함께 ‘저전력 제품 확산’이 정책 취지인 만큼 에너지 소모가 많은 OLED TV는 포함할 수 없었다”며 “중국 기업들은 에너지 효율이 낮기 때문에 삼성·LG 등 국내 브랜드로 보조금이 집중될 것”이라고 설명했다.전문가들은 세금으로 구매보조금을 주는 방식인 만큼 국내 기업에 혜택이 돌아갈 수 있도록 기준을 바꿔야 한다고 주장한다. OLED처럼 국가 핵심 기술이 적용된 제품은 에너지효율이 낮더라도 환급 대상에 포함해주는 식이다. 중국 정부가 가전 구매 금액의 15%를 지원하는 ‘이구환신’(낡은 제품을 새것으로 교체) 제도는 철저하게 자국 기업에 유리하게 설정돼 있다.예컨대 스마트폰은 6000위안(약 115만원) 이하 제품에만 보조금을 준다. 애플, 삼성보다 저렴한 화웨이, 샤오미, 오포 등에 대부분 혜택이 돌아간다.박의명/황정수 기자 uimyung@hankyung.com",https://www.hankyung.com/article/2025072377171,2025.07.23 18:05
"증권사 신용대출, 3%대 금리로 바꾸는 가장 쉬운 방법",,"전송종목 : 케이엔솔, 예스24, 한국정보인증, 웹케시, 한미글로벌최근 주식 투자자들 사이에서 주식대출(미수/신용융자 등)의 고금리에 대한 부담이 커지고 있다.특히 저금리를 적용 받고 싶어도, 기존 대출을 상환하고 다시 주식을 매수해야 하는 번거로운 절차와 자금 조달의 어려움이 발목을 잡고 있다.이런 현실적인 문제를 해결하고자, 무빙스탁이 ‘증권사 신용, 대환자금대출’ 서비스를 전격 출시했다.이 상품은 주식을 매도하지 않고도, 기존의 고금리의 주식대출(미수/신용융자 등)의 3%대의 혁신적인 저금리 증권사로 전환할 수 있도록 상환자금을 제공하는 것이 핵심이다.무빙스탁 관계자는 “현재 증권사 이벤트 금리는 연 3%대 수준으로, 기존 9~10%대 고금리를 적용받는 투자자라면 절감 효과가 상당하다”며, 금리를 5%만 낮추면 “1억원 신용대출 기준으로 연간 약 500만원, 3억원이라면 1,500만원까지도 절약할 수 있다”고 밝혔다.더 놀라운 점은, 현재는 이벤트 기간으로 대환자금대출 신청시 발생하는 이자 비용까지 ‘0원’이라는 사실이다. 대환자금에 대해서 하루의 대출이자도 부담하지 않고 기존 고금리 대출을 저금리로 전환할 수 있어, 고금리 부담에 시달리던 투자자들에게 큰 호응을 얻을 전망이다.이 서비스는 부동산 시장에서 흔히 이용되던 대환대출 개념을 증권시장에 도입한 혁신적인 시도로, 주식 투자자들의 자금 운용에 새로운 대안을 제시할 것으로 기대된다.무빙스탁 ‘증권사 신용, 대환자금대출’의 비용 무료 이벤트는 이벤트 기간 동안 한정적으로 제공되는 만큼, 신용융자를 이용 중인 투자자라면 지금 바로 확인해볼 필요가 있다.★ 장마감 시간이 가까워질수록 문의가 많아 상담이 지연될 수 있습니다.★ 7월 문의하신 고객들이 많이 보유하신 종목으로는 삼성전자, POSCO홀딩스, 셀트리온, 포스코퓨처엠, 에코프로비엠, NAVER, 에코프로, 삼성SDI, LG화학, SK하이닉스, 두산에너빌리티, 카카오, SK이노베이션, LG에너지솔루션, 엘앤에프, 삼천당제약, 현대차, 알테오젠, HPSP, LG전자 등이 있습니다.★ 안내사항과도한 빚은 당신에게 큰 불행을 안겨줄 수 있습니다. 대출 시 신용등급 하락으로 다른 금융거래가 제약받을 수 있습니다. 중개수수료를 요구하거나 받는 것은 불법입니다.상호명: ㈜단비대부 2021-서울영등포-2102(대부업) | TEL: 1544-4886 | 대출금리: 연 20%이내(연체금리는 약정금리+3%p이내, 최대 연 20%이내) | 단, 2021. 7. 7.부터 신규체결, 갱신, 연장되는 계약에 한함 | 채무의 조기상환 조건 및 부대비용 없음. (단, 신용조회비용 및 담보권설정비용 있음), 이자 외 별도로 중개수수료를 요구하거나 수취하는 것은 불법입니다. | 대표이사: 박동원 | 사업자등록번호: 274-86-00231 | 등록기관명칭: 서울 영등포구청(담당부서: 일자리경제과, 02-2670-3420) | 소재지 : 서울 영등포구 여의대방로67길 11, 5층 517호 | 개인정보관리자메일: help@danbifund.co.kr무료상담",https://www.hankyung.com/article/202507145615a,2025.07.14 13:08
"정부, 엘리엇에 항소심 승소…1300억 배상 판정 취소되나","삼성물산-제일모직 합병 과정서
엘리엇, 손해 봤다며 ISDS 제기 

英항소법원 ""관련조항 잘못해석""
韓정부 손들어주며 파기 환송","영국 법원이 우리 정부가 미국 헤지펀드 엘리엇매니지먼트에 1300억원을 지급하라는 국제상설중재재판소(PCA)의 중재 판정에 대한 취소 소송 심리에 본격 착수한다. 1심에서 ‘소송 요건에 해당하지 않는다’며 각하한 결정을 영국 항소법원이 뒤집으면서다. 법조계에선 이번 결정으로 배상 판정이 취소될 가능성이 열렸다는 점에 주목하고 있다.18일 법무부는 전날 영국 항소법원이 한국 정부의 항소를 받아들여 1심 법원인 고등법원으로 사건을 환송했다고 밝혔다. 이에 따라 영국 고등법원은 한국 정부가 엘리엇에 배상해야 한다고 판정한 PCA가 관할권을 가졌는지를 본안 판단을 통해 가리게 된다.엘리엇은 2015년 삼성물산과 제일모직의 합병 과정에서 박근혜 정부가 국민연금공단에 합병 찬성을 압박해 손해를 봤다며 2018년 투자자-국가 분쟁해결(ISDS)을 제기했다. 2023년 6월 PCA는 엘리엇 측 주장을 받아들여 한국 정부가 손해배상금과 지연이자를 포함해 약 1300억원을 지급하라고 판정했다.정부는 이에 중재지인 영국 법원에 중재 판정 취소 소송을 즉각 제기했다. 한·미 자유무역협정(FTA)상 이 사안이 국가의 책임에 해당하지 않으며, 국민연금을 국가기관으로 볼 수 없다는 점을 근거로 들었다.지난해 8월 영국 고등법원은 “한국 정부의 취소 신청은 영국 중재법상 관할권 다툼에 해당하지 않는다”며 각하 결정을 내렸다. 취소 소송 자체가 성립하지 않는다는 판단이었다.정부는 이에 항소했고, 항소법원은 1심 법원이 한·미 FTA 관련 조항을 잘못 해석했다며 우리 정부 주장을 받아들였다. 법무부 관계자는 “환송된 1심 심리에 철저히 대응하고, 엘리엇 측 상고 가능성에도 대비하겠다”고 밝혔다.이번 항소법원 판결은 공교롭게도 이재용 삼성전자 회장이 대법원에서 삼성물산 부당 합병 의혹 사건과 관련해 무죄를 선고받은 직후 나왔다. 다만 법조계에선 이 회장에 대한 판결이 ISDS 소송에 미치는 영향은 제한적일 것이라는 분석이 나온다. ISDS는 국가의 불법 행위로 투자자에게 손해가 발생했는지를 따지는 절차이기 때문이다.PCA가 한국 정부의 배상 책임을 인정한 근거 중 하나는 문형표 전 보건복지부 장관과 홍완선 전 국민연금공단 기금운용본부장이 2022년 유죄 확정 판결을 받은 사실이었다. 한 국제중재 전문가는 “아직은 배상 취소 여부를 논하기엔 시기상조”라면서도 “정부가 ISDS 관련 분쟁에서 한 차례 이겼다는 점은 의미가 있다”고 말했다.박시온 기자 ushire908@hankyung.com",https://www.hankyung.com/article/2025071878271,2025.07.18 17:31
美 수소주 급등 여파… 국내 수소 관련주 동반 상승,,"밤사이 미국 증시에서 수소 관련 종목이 급등하면서, 국내 수소 상장사 주가도 일제히 상승세를 나타냈다. 수소 연료전지 및 고압 용기 제조 등 관련 산업 전반에 걸쳐 주가가 크게 올랐다.미국에서는 플러그파워와 블룸에너지가 각각 25%, 18% 이상 급등했으며, 이는 도널드 트럼프 대통령의 정책안인 ‘하나의 크고 아름다운 법(OBBBA)’에 연료전지가 세액공제 대상으로 다시 포함된 데 따른 것으로 풀이된다. 또한 텍사스를 중심으로 수소산업에 대한 투자가 확대될 전망이라는 점도 투자 심리를 자극했다.증권가는 이번 흐름이 국내 수소주에도 긍정적인 영향을 미칠 수 있다며, 미국 정책 변화와 글로벌 투자 방향성에 주목할 필요가 있다고 평가했다.한편, 스탁론에 대한 관심이 날로높아지고 있다. 모처럼 잡은 투자기회를 놓치지 않으려는 투자자들이 주식매입을 위해 더 많은 자금을 활용할 수 있는 스탁론으로 눈길을 돌리고 있기 때문이다. 현 주가는 실적을 따라가지 못하고 있는 상황으로, 밸류에이션 리레이팅이 필요한 시기라는 평가도 나오고 있다.




 

◆ 올뉴스탁론, DSR 무관 상품에 연 4%대 최저금리 상품으로 다양한 선택지를!올뉴스탁론에서 투자자들 누구나 부담 없이 스탁론을 경험할 수 있도록 연 4%대 업계 최저금리로 이용 가능한 증권 연계신용 상품을 출시했다. 주식매입은 물론 증권사 미수/신용 대환 모두 가능하며 신용등급 차등 없이 자기 자본 포함 최대 4배까지 활용할 수 있다.이와 함께 DSR 한도 때문에 기존 스탁론 활용이 어려웠던 투자자들을 위한 DSR 무관 상품도 취급 중이다. 또한 장중 거래가 어려웠던 투자자를 위한 대체거래소(NXT) 거래도 가능해졌다.올뉴스탁론에 대해 자세히 알고 싶은 투자자는 고객상담센터(☎1599-8666)로 연락하면 대출 여부와 무관하게 언제든 전문상담원과 편리하게 상담할 수 있다.○ 보유하고 있는 대출액이나 소득 무관하게! (DSR 무관)○ 최대 4배 주식자금 활용 가능! (본인 자금 포함)○ 대체거래소(NXT) 거래 가능!○ 증권 신용/미수 당일 즉시 대환 가능!○ 기존 증권사 신용, 스탁론으로 매수가 어려웠던 종목도 OK!※ 올뉴스탁론 고객상담센터 : 1599-8666바로가기 : https://allnewstockloan.co.kr?agency=HTS◆ 현 시각 관심종목 Top 10 : 삼성전자, NAVER, 한국전력, LG씨엔에스, 한국가스공사, 한화시스템, 에르코스, 더즌, 파세코, JB금융지주무료상담",https://www.hankyung.com/article/202507112217a,2025.07.14 11:00
"증권사 신용대출, 3%대 금리로 바꾸는 가장 쉬운 방법",,"전송종목 : HD현대인프라코어, 한미반도체, 대우건설, 포스코인터내셔널, 한국항공우주최근 주식 투자자들 사이에서 주식대출(미수/신용융자 등)의 고금리에 대한 부담이 커지고 있다.특히 저금리를 적용 받고 싶어도, 기존 대출을 상환하고 다시 주식을 매수해야 하는 번거로운 절차와 자금 조달의 어려움이 발목을 잡고 있다.이런 현실적인 문제를 해결하고자, 무빙스탁이 ‘증권사 신용, 대환자금대출’ 서비스를 전격 출시했다.이 상품은 주식을 매도하지 않고도, 기존의 고금리의 주식대출(미수/신용융자 등)의 3%대의 혁신적인 저금리 증권사로 전환할 수 있도록 상환자금을 제공하는 것이 핵심이다.무빙스탁 관계자는 “현재 증권사 이벤트 금리는 연 3%대 수준으로, 기존 9~10%대 고금리를 적용받는 투자자라면 절감 효과가 상당하다”며, 금리를 5%만 낮추면 “1억원 신용대출 기준으로 연간 약 500만원, 3억원이라면 1,500만원까지도 절약할 수 있다”고 밝혔다.더 놀라운 점은, 현재는 이벤트 기간으로 대환자금대출 신청시 발생하는 이자 비용까지 ‘0원’이라는 사실이다. 대환자금에 대해서 하루의 대출이자도 부담하지 않고 기존 고금리 대출을 저금리로 전환할 수 있어, 고금리 부담에 시달리던 투자자들에게 큰 호응을 얻을 전망이다.이 서비스는 부동산 시장에서 흔히 이용되던 대환대출 개념을 증권시장에 도입한 혁신적인 시도로, 주식 투자자들의 자금 운용에 새로운 대안을 제시할 것으로 기대된다.무빙스탁 ‘증권사 신용, 대환자금대출’의 비용 무료 이벤트는 이벤트 기간 동안 한정적으로 제공되는 만큼, 신용융자를 이용 중인 투자자라면 지금 바로 확인해볼 필요가 있다.★ 장마감 시간이 가까워질수록 문의가 많아 상담이 지연될 수 있습니다.★ 7월 문의하신 고객들이 많이 보유하신 종목으로는 삼성전자, POSCO홀딩스, 셀트리온, 포스코퓨처엠, 에코프로비엠, NAVER, 에코프로, 삼성SDI, LG화학, SK하이닉스, 두산에너빌리티, 카카오, SK이노베이션, LG에너지솔루션, 엘앤에프, 삼천당제약, 현대차, 알테오젠, HPSP, LG전자 등이 있습니다.★ 안내사항과도한 빚은 당신에게 큰 불행을 안겨줄 수 있습니다. 대출 시 신용등급 하락으로 다른 금융거래가 제약받을 수 있습니다. 중개수수료를 요구하거나 받는 것은 불법입니다.상호명: ㈜단비대부 2021-서울영등포-2102(대부업) | TEL: 1544-4886 | 대출금리: 연 20%이내(연체금리는 약정금리+3%p이내, 최대 연 20%이내) | 단, 2021. 7. 7.부터 신규체결, 갱신, 연장되는 계약에 한함 | 채무의 조기상환 조건 및 부대비용 없음. (단, 신용조회비용 및 담보권설정비용 있음), 이자 외 별도로 중개수수료를 요구하거나 수취하는 것은 불법입니다. | 대표이사: 박동원 | 사업자등록번호: 274-86-00231 | 등록기관명칭: 서울 영등포구청(담당부서: 일자리경제과, 02-2670-3420) | 소재지 : 서울 영등포구 여의대방로67길 11, 5층 517호 | 개인정보관리자메일: help@danbifund.co.kr무료상담",https://www.hankyung.com/article/202507223175a,2025.07.22 11:38
"이자 부담은 최소로, 투자 효율은 최대로! 신용대출 3%대 활용법",,"전송종목 : 영원무역, 씨에스윈드, GKL, 코오롱인더, 한미약품최근 주식 투자자들 사이에서 주식대출(미수/신용융자 등)의 고금리에 대한 부담이 커지고 있다.특히 저금리를 적용 받고 싶어도, 기존 대출을 상환하고 다시 주식을 매수해야 하는 번거로운 절차와 자금 조달의 어려움이 발목을 잡고 있다.이런 현실적인 문제를 해결하고자, 무빙스탁이 ‘증권사 신용, 대환자금대출’ 서비스를 전격 출시했다.이 상품은 주식을 매도하지 않고도, 기존의 고금리의 주식대출(미수/신용융자 등)의 3%대의 혁신적인 저금리 증권사로 전환할 수 있도록 상환자금을 제공하는 것이 핵심이다.무빙스탁 관계자는 “현재 증권사 이벤트 금리는 연 3%대 수준으로, 기존 9~10%대 고금리를 적용받는 투자자라면 절감 효과가 상당하다”며, 금리를 5%만 낮추면 “1억원 신용대출 기준으로 연간 약 500만원, 3억원이라면 1,500만원까지도 절약할 수 있다”고 밝혔다.더 놀라운 점은, 현재는 이벤트 기간으로 대환자금대출 신청시 발생하는 이자 비용까지 ‘0원’이라는 사실이다. 대환자금에 대해서 하루의 대출이자도 부담하지 않고 기존 고금리 대출을 저금리로 전환할 수 있어, 고금리 부담에 시달리던 투자자들에게 큰 호응을 얻을 전망이다.이 서비스는 부동산 시장에서 흔히 이용되던 대환대출 개념을 증권시장에 도입한 혁신적인 시도로, 주식 투자자들의 자금 운용에 새로운 대안을 제시할 것으로 기대된다.무빙스탁 ‘증권사 신용, 대환자금대출’의 비용 무료 이벤트는 이벤트 기간 동안 한정적으로 제공되는 만큼, 신용융자를 이용 중인 투자자라면 지금 바로 확인해볼 필요가 있다.★ 장마감 시간이 가까워질수록 문의가 많아 상담이 지연될 수 있습니다.★ 7월 문의하신 고객들이 많이 보유하신 종목으로는 삼성전자, POSCO홀딩스, 셀트리온, 포스코퓨처엠, 에코프로비엠, NAVER, 에코프로, 삼성SDI, LG화학, SK하이닉스, 두산에너빌리티, 카카오, SK이노베이션, LG에너지솔루션, 엘앤에프, 삼천당제약, 현대차, 알테오젠, HPSP, LG전자 등이 있습니다.★ 안내사항과도한 빚은 당신에게 큰 불행을 안겨줄 수 있습니다. 대출 시 신용등급 하락으로 다른 금융거래가 제약받을 수 있습니다. 중개수수료를 요구하거나 받는 것은 불법입니다.상호명: ㈜단비대부 2021-서울영등포-2102(대부업) | TEL: 1544-4886 | 대출금리: 연 20%이내(연체금리는 약정금리+3%p이내, 최대 연 20%이내) | 단, 2021. 7. 7.부터 신규체결, 갱신, 연장되는 계약에 한함 | 채무의 조기상환 조건 및 부대비용 없음. (단, 신용조회비용 및 담보권설정비용 있음), 이자 외 별도로 중개수수료를 요구하거나 수취하는 것은 불법입니다. | 대표이사: 박동원 | 사업자등록번호: 274-86-00231 | 등록기관명칭: 서울 영등포구청(담당부서: 일자리경제과, 02-2670-3420) | 소재지 : 서울 영등포구 여의대방로67길 11, 5층 517호 | 개인정보관리자메일: help@danbifund.co.kr무료상담",https://www.hankyung.com/article/202507235738a,2025.07.23 09:43
"코스피, 장중 3200선 탈환 시도…원·달러 환율 1387원대",외인·기관 코스피·코스닥 시장서 순매도,"사진=연합뉴스

                코스피가 장중 3200선 회복을 시도하고 있다. 코스닥 지수도 낙폭을 줄이며 보합권까지 올라온 모습이다.16일 오전 11시 현재 코스피는 전일 대비 15.82포인트(0.49%) 하락한 3199.46을 가리키고 있다. 코스피는 장 초반 3178.42까지 밀리며 약세를 보였다. 하지만 점차 우상향하며 3200선 턱밑까지 다시 다가섰다.유가증권시장에서 외국인과 기관은 각각 3998억원 2979억원을 순매도하고 있다. 개인은 홀로 6716억원을 순매수하는 중이다.시가총액 상위주는 대부분 하락하고 있다. KB금융(-3.68%)의 하락세가 두드러진 가운데 두산에너빌리티(-1.68%), 신한지주(-1.27%), 셀트리온(-1.18%), SK하이닉스(-1.09%), LG에너지솔루션(-1.03%), 현대차(-0.71%), 기아(-0.4%)가 파란불을 켰다. 다만 HD현대중공업(1.9%), 네이버(1.6%), 삼성전자(0.86%)는 강세를 보이고 있다.코스닥 지수는 전일 대비 0.33포인트(0.04%) 밀린 812.55를 가리키고 있다. 코스닥 지수도 장 초반 805.13까지 밀리며 부진한 모습을 보였지만, 낙폭을 만회하며 810선을 회복했다.코스닥 시장에서도 외국인과 기관은 각각 1290억원, 158억원을 순매도하는 중이다. 개인은 1647억원을 순매수하며 물량을 받아내고 있다.코스닥 시가총액 상위주도 약세를 보이고 있다. 에이비엘바이오(-4.44%), 리가켐바이오(-2.2%), 파마리서치(-2.03%), 코오롱티슈진(-1.94%), 에코프로(-1.17%), HLB(-1.15%), 에코프로비엠(-0.86%)이 모두 하락 중이다. 반면 대장주 알테오젠(0.64%)은 소폭 오르고 있으며 클래시스(2.38%), 펩트론(1.49%)도 강세를 띠고 있다.스테이블코인 관련주는 약세를 보이고 있다. 미국의 가상화폐 3법이 하원에서 제동이 걸리면서다. 미국 하원에서 15일(현지시간) 가상자산 3대 법안을 심사하기 위한 절차 표결(procedural floor vote)을 했지만 196대223으로 부결됐다.원·달러 환율은 전날 야간장 대비 1.1원 내린 1387.1원을 가리키고 있다.미국 물가에 대한 우려는 커지고 있다. 미국 6월 소비자물가지수(CPI)는 전년 동기 대비 2.7% 올랐다. 2월(2.8%) 후 최대 상승폭으로 5월(2.4%)보다 오름폭이 확대됐다. 시장 추정치(2.6%)도 소폭 웃돌았다. 관세 영향이 물가에 본격적으로 반영되고 있다는 분석이 나온다.진영기 한경닷컴 기자 young71@hankyung.com",https://www.hankyung.com/article/2025071615716,2025.07.16 11:13
SK하이닉스 급락에 코스피 '출렁'…삼성전자가 살렸다,,"사진=뉴스1

                코스피가 강보합세로 마감됐다. 장 초반엔 1% 넘게 하락하며 3150선을 위협받기도 했지만, 분위기를 돌리는 데 성공했다. SK하이닉스가 부정적 전망에 급락했지만, 삼성전자가 3% 넘게 상승했다.17일 코스피는 전일 대비 5.91포인트(0.19%) 오른 3192.29에 거래를 마쳤다.지수는 3200선을 회복하며 시작했지만, 곧바로 힘이 빠지며 3152.42까지 하락했다. 이후 낙폭을 줄여가다가 결국 상승전환했다.장 초반엔 주식을 팔던 외국인과 기관이 돌아선 영향이다. 각각 유가증권시장에서 480억원어치와 1598억원어치 주식을 샀다. 외국인의 코스피200선물 매도금액은 장 초반 3771억원까지 커졌다가, 1001억원으로 줄었다. 장 초반 주식을 사던 개인은 3356억원어치를 순매도하며 거래를 마쳤다.시가총액 상위 종목은 대체로 올랐다.다만 SK하이닉스가 8.95%나 급락했다. 골드만삭스와 국내 증권가에서 부정적 전망을 담을 리포트를 내놓으면서 차익실현 매물이 쏟아졌다.삼성전자가 오름폭을 3.09%까지 키우며 SK하이닉스 급락에 따른 지수 하락을 방어했다. 삼성바이오로직스도 3.58% 상승했다. 제일모직과 삼성물산의 합병 과정 중 부당합병·회계부정 의혹으로 기소된 이재용 삼성전자 회장이 대법원에서 무죄를 확정받은 영향으로 보인다.LG에너지솔루션은 1.93% 올랐다. 테슬라가 중국에서 출시할 6인용 모델YL에 LG에너지솔루션의 니켈·코발트·망간(NCM) 배터리가 탑재된다는 소식이 전해지면서다.한화에어로스페이스도 유럽의 방위비 증가 기대감에 4.92% 치솟았다.코스닥은 전일 대비 6.04포인트(0.74%) 오른 818.27에 거래를 마쳤다. 이 시장에서는 개인이 625억원어치 주식을 샀고, 외국인은 707억원어치를 팔았다.코스닥 시가총액 상위 종목 중에서는 펩트론이 19.62% 급등하며 가장 돋보였다.알테오젠과 HLB, 리가켐바이오도 각각 0.51%와 3.65%, 3.27% 올랐다.반면 레인보우로보틱스는 1.09% 하락했다.서울외환시장에서 원·달러 환율은 전일 대비 5.2원(0.37%) 오른 달러당 1392.2원에 거래되고 있다.한경우 한경닷컴 기자 case@hankyung.com",https://www.hankyung.com/article/2025071750416,2025.07.17 15:47
"""지금이 바닥""…큰손들 삼성전자 쓸어담더니 '연중 최고치' [종목+]","삼성전자 주가 4거래일 연속 상승
9개월 만에 주가 7만원대 눈앞
""2분기 실적 바닥…저점 매수 구간""","사진=뉴스1

삼성전자 주가가 외국인 투자자의 저가 매수와 이재용 회장의 사법 리스크 해소에 연중 최고치를 또 경신했다. 지난해 9월 이후 10개월 만에 '7만전자'(삼성전자 주가 7만원대)도 가시권에 들어왔다.18일 오후 2시40분 현재 삼성전자는 전일 대비 0.9% 오른 6만7300원에 거래되면서 4거래일 연속 상승세를 이어갔다. 주가는 장중 한때 6만7800원까지 올랐다. 주가 7만원대까지 3.2%가량 남았다. 삼성전자 7만원대 주가는 지난해 9월이 마지막이었다.최근 삼성전자 주가 상승을 견인하고 있는 건 외국인 투자자다. 지난 8일 삼성전자 2분기 잠정 실적 발표 이후 전날까지 외국인은 삼성전자 주식을 시장에서 1조2800억원어치 순매수하면서 이 기간 국내 증시에서 가장 많이 담은 종목 1위를 기록했다. 이날도 외국인은 장중 현재 삼성전자 주식을 1420억원어치 순매수하면서 가장 많이 사고 있다.삼성전자가 지난 2분기 부진한 잠정 실적을 내놨음에도 주가가 꿈틀대고 있는 건 저가 매수 성격이 크다는 설명이 나온다. 그동안 SK하이닉스가 이익률이 큰 고대역폭메모리(HBM)를 앞세워 주가가 가파르게 오른 반면 삼성전자 주가는 지지부진했다. 올 들어 SK하이닉스 주가는 57.4% 상승하는 동안 삼성전자는 절반에도 못 미치는 24.9% 오르는데 그쳤다. 이 기간 34.1% 오른 코스피지수에도 미치지 못 한다.
                    



이재용 삼성전자 회장 /사진=연합뉴스

                이재용 회장이 사법 리스크 족쇄에서 벗어나면서 투자심리에 온기가 번진 것도 주가 상승의 배경으로 꼽힌다. 전날 대법원 3부는 자본시장법상 부정 거래 행위 및 시세조종, 업무상 배임 등 19개 혐의로 기소된 이 회장에게 1·2심과 같은 무죄를 선고했다.그동안 삼성전자 주가의 발목을 잡은 건 HBM 시장에서의 부진, 파운드리(위탁생산) 대규모 적자 등이었는데 이 회장의 무죄를 계기로 반도체와 인공지능(AI) 분야에서 신사업과 추가 인수합병(M&A)이 추진될 수 있다는 기대감이 크게 작용하는 분위기다.같은 반도체 기업인 SK하이닉스와 주가 흐름이 엇갈리고 있다는 점도 이번 상승이 단기로 그치지 않을 것이란 전망에 힘을 불어넣는 요인이다. 증시 '큰손'인 외국인 투자자는 통상 '반도체'를 담을 때 삼성전자와 SK하이닉스를 동시에 매수한다. 그러나 최근 2주간 외국인은 SK하이닉스 주식을 1200억원어치 순매도했다. 반도체가 아니라 삼성전자를 담는다는 얘기다.강진혁 신한투자증권 연구원은 ""내년도 HBM 과잉 공급 전망이 나오면서 외국인 투자자들이 삼성전자를 매수(롱) 포지션에 놓고 SK하이닉스에 대해 매도(숏)를 쳤다""며 ""이재용 회장의 대법원 판결도 삼성전자에 대한 긍정적인 투심을 형성했다""고 판단했다.이재원 신한투자증권 연구원은 ""최근 씨티그룹이 파운드리(위탁생산) 가동률 회복과 5세대 HBM 12단적층 제품(HBM3e 12Hi)에 대한 고객사 품질 통과 기대 등을 근거로 삼성전자 목표주가를 상향 조정했다""며 ""반면 SK하이닉스에 대해선 HBM 공급 과잉으로 인한 가격 경쟁력 저하 우려가 불거졌다""고 해석했다.노근창 현대차증권 리서치센터장은 ""현재 삼성전자 주가는 기간 조정 마무리 구간""이라며 ""올 2분기가 실적 바닥일 것으로 예상되는 만큼 저점 매수가 유효한 전략""이라고 분석했다.노정동 한경닷컴 기자 dong2@hankyung.com",https://www.hankyung.com/article/2025071872456,2025.07.18 14:59
이재용 회장 '10년 사법리스크' 털어낼까…오늘 최종판단 나온다,"대법, 이재용 부당합병 혐의 등
상고심 선고…최종 판단 '촉각'
대법 판단, 국민연금에도 영향
무죄 판단 땐 '뉴삼성' 추진 속도","이재용 삼성전자 회장이 지난 5월30일 서울 중구 신라호텔에서 열린 2025 삼성호암상 시상식에 참석하고 있다. 사진=뉴스1

                부당합병·회계 부정 혐의로 재판에 넘겨진 이재용 삼성전자 회장(사진)이 대법원의 최종 판단을 앞두고 있다. 이 회장은 삼성물산과 제일모직 합병 과정에 부당하게 관여한 혐의로 재판에 넘겨졌다. 앞선 1·2심에서는 모두 무죄를 선고받았다. 이 회장이 대법원 판단을 통해 사법 리스크를 털어낼 경우 '뉴삼성'을 위한 글로벌 경영에 한층 힘이 실릴 것이란 전망이 나온다. 17일 법조계에 따르면 대법원 3부(주심 오석준 대법관)는 이날 오전 11시15분 자본시장법 위반 혐의로 재판에 넘겨진 이 회장에 대한 상고심 선고기일을 진행한다. 이 회장은 2015년 경영권을 승계하면서 그룹 지배력을 강화하기 위해 사내 미래전략실(미전실)이 주도한 삼성물산·제일모직 합병에 부당하게 관여한 혐의를 받는다. 검찰은 이 회장을 2020년 9월 재판에 넘겼다. 하지만 법원은 줄곧 이 회장에게 무죄를 선고해 왔다. 1심은 지난해 2월 이 회장과 최지성 전 삼성그룹 미전실 실장, 장충기 전 미전실 차장 등 14명에게 모두 무죄를 선고했다. 올해 2월 2심에서도 결론은 같았다. 특히 2심에선 이 회장이 경영권을 안정적으로 승계하기 위해 부정거래와 회계 부정을 저질렀다는 혐의에 대해 무죄 판단을 내놨다. 이 중 부정거래 행위의 경우 이사회 결의, 합병 계약, 주주총회 승인, 주총 이후 주가 관리 전반에 걸쳐 이 회장 등이 부당하게 관여했다는 검찰 측 주장을 인정하지 않았다. 회계 부정 혐의도 회사 측 재무제표 처리가 재량을 벗어났다고 단정할 수 없다는 것이 원심 판단이다. 그러면서 검찰이 제출한 주요 증거의 증거능력도 부정했다. 삼성바이오 허위 공시·부정 회계 혐의에 관해서도 이 회장 측 손을 들어줬다. 검찰은 삼성바이오가 삼성바이오에피스에 대한 단독 지배력을 보유하는 것처럼 오인하게 하거나 지배력이 변경되지 않는 것처럼 가장했다고 주장했지만 이를 받아들이지 않은 것이다. 법원이 연이어 무죄를 선고하자 검찰도 신중하게 상고 여부를 검토했다. 형사상고심의위원회를 열어 외부 의견 등을 검토한 뒤 대법원에 상고했다. 대검찰청 예규는 1·2심에서 공소사실 전부 무죄가 선고됐을 경우 상고심의위에 심의를 요청하도록 규정하고 있다. 이날 대법원 판단이 나오면 국민연금공단 이 회장 등을 상대로 낸 손해배상 청구 소송에도 영향을 미칠 수 있다. 국민연금은 앞서 삼성물산·제일모직 합병으로 손해를 봤다면서 지난해 9월 5억1000만원을 요구하는 소송을 제기했다. 이 소송 첫 변론기일은 대법원 선고 이후인 다음 달 8월28일 예정된 상태다. 김대영 한경닷컴 기자 kdy@hankyung.com",https://www.hankyung.com/article/202507173445g,2025.07.17 08:57
미국 와인 국내 첫선 보이자…VVIP들 1인당 30병씩 사갔다 [현장+],"美샤또 몬텔레나 한국시장 공략 본격화
맷 크래프톤 수석 와인메이커 ""한국 성장 가팔라""","(왼쪽부터)샤또 몬텔레나의 맷 크래프톤 수석 와인메이커와 조지 블랭컨시 에스테이트 디렉터. 사진=신세계L&B 제공

                이달 중순 부산의 한 특급호텔 식당에선 백화점 VVIP 고객 대상으로 미국 와인 프라이빗 세일즈 행사가 열렸다. 미국 와인의 위상을 세계 정상급으로 올려놓은 ‘샤또 몬텔레나’ 와이너리에서 수석 와인메이커와 에스테이트 디렉터가 방한해 참석했는데, 12명에 불과한 VVIP 고객들이 그 자리에서 무려 350여병이 넘는 와인을 구매할 정도로 흥행한 것으로 전해진다. 1인당 와인을 30여병씩 사간 것이다. 이날 참가자들에겐 와이너리 임원들과 함께 저녁을 즐기고 와인을 마시며 정보를 나누는 자리로 수십만원짜리 와인을 무제한으로 마실 수 있는 특전이 주어졌다. 이날 VVIP들 사이에선 “프랑스 프리미엄 와인에 뒤지지 않는 품질이지만 값은 상대적으로 저렴하다”는 평이 나온 것으로 알려졌다.미국 와인 샤또 몬텔레나가 국내 시장 공략을 본격화하고 있다. 이달 와이너리에선 한국 시장을 직접 방문해 판매 동향을 살피고 세일즈 활동에 돌입한 것으로 알려졌다. 한국 시장에 리슬링 와인 제품을 처음 출시하면서다. 샤또 몬텔레나의 공식 수입사는 신세계 L&B로, 이달부터 샤또 몬텔레나가 생산하는 모든 와인을 수입한다.
                    



사진=안혜원 기자

                지난주 서울 서초구 반포동 하우스 오브 신세계에서 기자들과 만난 샤또 몬텔레나 와이너리의 맷 크래프톤 수석 와인메이커는 리슬링을 한국 시장에 처음 선보인다고 밝혔다. 소비뇽 블랑, 진판델 빈티지 등을 아시아 지역에선 한국에서만 유일하게 판매 중이다. 앞으로 올드 빈티지 제품도 한국시장에 들여올 예정이다.와인 시장에서 한국 비중이 커지고 있어서다. 특히 소비뇽 블랑의 경우 1년에 6000병 정도 생산할 정도로 소량 생산하지만 해외 시장 중 유일하게 한국 시장에서 판매를 한다. 생산량의 10% 가량인 최대 600병 가량이 국내로 들어와 판매 개시 직후 대부분 팔려나가는 편이다. 나머지 물량은 현지 캘리포니아 내에서 소비되고 있다크래프톤 수석 와인메이커는 “한국 시장에서 소비되는 와인 물량이 아직은 중국 등과 비슷한 수준이지만, 인구수 대비 소비량을 감안하면 대단한 소비력”이라며 “한국 시장 내 와인 섹터 성장이 매우 빠른 편이고 특정 와인에 대한 선호가 강하지 않아 몬텔레나가 비중을 넓혀나갈만한 여지가 있다고 본다”고 설명했다.
                    



샤또 몬텔레나 와인들. 사진=안혜원 기자

                샤또 몬텔레나는 1882년 설립된 미국 나파밸리 초기 와이너리다. 20세기 초반 금주령 때문에 폐업했으나, 1972년 배럿(Barrett) 가족이 인수하며 다시 문을 열었다. 1973년산 샤르도네가 1976년 프랑스에서 열린 ‘파리의 심판’ 블라인드 테이스팅에서 프랑스 부르고뉴 최고급 와인들을 제치고 1위를 차지하며 세계적 명성을 얻었다. 이 와인은 ‘미국을 만든 101가지 물건’으로 선정돼 링컨의 모자, 암스트롱의 우주복과 함께 미국 스미소니언 박물관에도 전시돼 있다.과도한 오크나 과일 풍미에 의존하지 않고 테루아와 포도 본연의 순수한 개성을 강조하는 구대륙 스타일 와인을 지향한다. 샤도네이와 카베르네 소비뇽이 대표 품종이며 각각 절제된 구조감과 정교한 산도, 긴 숙성력을 갖춘 와인으로 꼽힌다.글로벌 와인 컬렉터들 사이에서도 보관용 와인으로 인식된다. 국내에서도 대표 와인들이 잘 알려져 있으며 특히 버락 오바마, 조 바이든 전 미국 대통령이 방한했을 때 식탁 위에 오르기도 했다. 고(故) 이건희 삼성전자 회장의 생일 만찬주로도 유명하다.신세계L&B 관계자는 “국내에서 미국 프리미엄 화이트 와인의 수요가 증가해 샤또 몬텔레나 운영을 결정하게 됐다”며 “나파 와인 포트폴리오를 강화해 국내 프리미엄 와인시장 점유율을 확대하겠다”고 말했다.안혜원 한경닷컴 기자 anhw@hankyung.com",https://www.hankyung.com/article/202507159629g,2025.07.15 20:30
비트코인이 오르는데 이 종목은 왜 오를까?,,"경유레카는 한국경제신문의 디지털 미디어인 한경닷컴에서 개발한 개별 종목에대한인공지능(AI) 알고리즘 업체의 투자 의견을 종합한 'AI 컨센서스'를 제공하는 서비스입니다. '한경유레카' 앱은 구글 플레이 스토어 혹은 앱스토어에서 내려받을 수 있습니다.





지난 14일 비트코인이 12만달러를 넘어서면서 사상 신고가를 경신했다.비트코인이 상승하면서 암호화폐 관련주들도 상승흐름을 보였는데 그 중 하나인 우리기술투자도 상승흐름을 보였다. 우리기술투자는 6개월동안 약 40% 정도의 상승세를 보였다.한경이 만든 종목추천 AI알고리즘들의 종합 플랫폼에 입점되어 있는 알고리즘인 쏨은 지난 6월 13일 우리기술투자를 추천하여 7월 10일에 매도했다.매수추천가는 9,610원이었으며 매도추천가는 11,570원이었으며 수익률은 20%를 차지했다. 우리기술투자가 암호화폐 관련주로 꼽히는 이유는 비트코인 거래소의 지분율을 가지고 있기때문이다.이에 관련된 자세한 내용은 한경유레카 인사이트 콘텐츠에서 확인가능하다. 





본 글은 투자 참고용입니다.삼성전자 파인엠텍 로보티즈 두산에너빌리티 한국화장품",https://www.hankyung.com/article/202507161955a,2025.07.16 14:10
"증권사 신용대출, 3%대 금리로 바꾸는 가장 쉬운 방법",,"전송종목 : 그린케미칼, GST, 아바코, 대한제강, 휴온스글로벌




 

최근 주식 투자자들 사이에서 주식대출(미수/신용융자 등)의 고금리에 대한 부담이 커지고 있다.특히 저금리를 적용 받고 싶어도, 기존 대출을 상환하고 다시 주식을 매수해야 하는 번거로운 절차와 자금 조달의 어려움이 발목을 잡고 있다.이런 현실적인 문제를 해결하고자, 무빙스탁이 ‘증권사 신용, 대환자금대출’ 서비스를 전격 출시했다.이 상품은 주식을 매도하지 않고도, 기존의 고금리의 주식대출(미수/신용융자 등)의 3%대의 혁신적인 저금리 증권사로 전환할 수 있도록 상환자금을 제공하는 것이 핵심이다.무빙스탁 관계자는 “현재 증권사 이벤트 금리는 연 3%대 수준으로, 기존 9~10%대 고금리를 적용받는 투자자라면 절감 효과가 상당하다”며, 금리를 5%만 낮추면 “1억원 신용대출 기준으로 연간 약 500만원, 3억원이라면 1,500만원까지도 절약할 수 있다”고 밝혔다.더 놀라운 점은, 현재는 이벤트 기간으로 대환자금대출 신청시 발생하는 이자 비용까지 ‘0원’이라는 사실이다. 대환자금에 대해서 하루의 대출이자도 부담하지 않고 기존 고금리 대출을 저금리로 전환할 수 있어, 고금리 부담에 시달리던 투자자들에게 큰 호응을 얻을 전망이다.이 서비스는 부동산 시장에서 흔히 이용되던 대환대출 개념을 증권시장에 도입한 혁신적인 시도로, 주식 투자자들의 자금 운용에 새로운 대안을 제시할 것으로 기대된다.무빙스탁 ‘증권사 신용, 대환자금대출’의 비용 무료 이벤트는 이벤트 기간 동안 한정적으로 제공되는 만큼, 신용융자를 이용 중인 투자자라면 지금 바로 확인해볼 필요가 있다.★ 장마감 시간이 가까워질수록 문의가 많아 상담이 지연될 수 있습니다.★ 7월 문의하신 고객들이 많이 보유하신 종목으로는 삼성전자, POSCO홀딩스, 셀트리온, 포스코퓨처엠, 에코프로비엠, NAVER, 에코프로, 삼성SDI, LG화학, SK하이닉스, 두산에너빌리티, 카카오, SK이노베이션, LG에너지솔루션, 엘앤에프, 삼천당제약, 현대차, 알테오젠, HPSP, LG전자 등이 있습니다.★ 안내사항과도한 빚은 당신에게 큰 불행을 안겨줄 수 있습니다. 대출 시 신용등급 하락으로 다른 금융거래가 제약받을 수 있습니다. 중개수수료를 요구하거나 받는 것은 불법입니다.상호명: ㈜단비대부 2021-서울영등포-2102(대부업) | TEL: 1544-4886 | 대출금리: 연 20%이내(연체금리는 약정금리+3%p이내, 최대 연 20%이내) | 단, 2021. 7. 7.부터 신규체결, 갱신, 연장되는 계약에 한함 | 채무의 조기상환 조건 및 부대비용 없음. (단, 신용조회비용 및 담보권설정비용 있음), 이자 외 별도로 중개수수료를 요구하거나 수취하는 것은 불법입니다. | 대표이사: 박동원 | 사업자등록번호: 274-86-00231 | 등록기관명칭: 서울 영등포구청(담당부서: 일자리경제과, 02-2670-3420) | 소재지 : 서울 영등포구 여의대방로67길 11, 5층 517호 | 개인정보관리자메일: help@danbifund.co.kr무료상담",https://www.hankyung.com/article/202507160699a,2025.07.16 08:33
[단독] '호랑이굴' 들어간다…中과 협력하는 LG전자 '파격',"LG전자, 中과 손잡고 중저가 시장 공략 나선다","LG전자가 중국 가전업체와 손잡고 60만원대 초저가 냉장고와 세탁기를 출시한다. 중국에 단순히 생산만 맡기는 기존 방식이 아니라 제품 기획·개발부터 함께 진행하는 합작 개발 방식(JDM)이다. ‘중국 천하’가 된 글로벌 중저가 가전시장을 뚫기 위해 압도적 가성비를 갖춘 중국 기업과 손잡았다는 점에서 “LG전자가 호랑이를 잡기 위해 호랑이굴로 뛰어들었다”는 평가가 나온다. 14일 업계에 따르면 LG전자는 이르면 이달 말부터 중국 가전업체와 협업해 만든 드럼세탁기와 냉장고를 유럽 전역에서 판매한다. 중국 중견 가전업체인 스카이워스와 9㎏짜리 드럼세탁기를, 오쿠마와 400L급 2도어 냉장고를 공동 개발했다.LG전자가 중국 기업과 가전제품을 공동 개발한 것은 이번이 처음이다. 설계, 디자인, 제품 개발을 LG전자가 주도하고 중국 업체가 참여하는 형태다. LG가 기획한 제품의 생산만 중국에 맡기는 기존 주문자상표부착생산(OEM) 방식과 달리 처음부터 공동 기획·개발하는 JDM 방식이다. 생산은 중국 업체가 담당하되 LG 브랜드를 달고 출시한다. 애프터서비스(AS)도 LG 몫이다. 냉장고와 세탁기 가격은 각각 500달러(약 68만원) 안팎으로 책정했다. 중국 하이센스가 유럽에 내놓은 동급 냉장고(400달러·55만원)보다 조금 비싼 수준이다. 업계에서는 LG의 브랜드 파워와 AS 신뢰도를 감안할 때 충분히 감당할 수 있는 가격 차로 평가한다.LG전자는 냉장고와 세탁기 JDM의 사업성이 검증되는 대로 에어컨, 건조기 등 다른 가전제품으로 품목을 확대할 계획이다. 판매 국가도 중국, 동남아시아, 남미, 아프리카 등으로 넓히는 방안을 검토하고 있다. 업계 관계자는 “프리미엄 제품을 사기엔 소득 수준이 떨어지는 선진국 저소득층과 개발도상국을 중심으로 가성비 가전 수요가 빠르게 늘어나고 있다”며 “LG의 브랜드 파워에 중국의 가성비를 입힌 새로운 사업 모델이 가전시장에 나온 셈”이라고 했다.중국 최대 가전기업 메이디의 지난해 영업이익은 8조9000억원에 달했다. 2021년 영업이익이 6조4000억원이었으니 수익성이 3년 만에 39% 뛴 셈이다. 메이디의 빠른 성장을 부른 건 ‘가성비’다. 중국이 아닌 다른 나라에선 흉내조차 낼 수 없는 가격에 품질도 괜찮은 가전제품을 쏟아내자 중국 본토는 물론 유럽, 중남미, 동남아시아가 문을 열었다.같은 기간 프리미엄 가전시장만 노크한 LG전자는 정반대 길을 걸었다. LG전자 생활가전·TV 부문(HA·MS사업본부) 영업이익은 지난해 1조6000억원으로, 2021년(3조3000억원)의 반토막이 됐다. 프리미엄 시장이 정체된 상황에서 중저가 시장을 중국 업체에 내준 결과다. LG전자가 중국 가전업체와 손잡고 중저가 시장 공략에 나선 이유다. 품질·가격 둘 다 잡는다LG전자가 보급형 가전시장에 눈을 돌린 건 지난해부터다. 이대로 손을 놓고 있다간 성장성이 큰 시장이 ‘중국판’이 될 것이란 위기감에서다. 동남아와 중남미, 아프리카 지역의 소득 수준이 높아지면서 가전 수요가 빠르게 늘고 있지만, LG전자의 기존 제품으로 승부하기엔 한계가 있었기 때문이다. LG전자의 기존 생산방식으로 중국의 가격을 맞출 방법을 찾는 건 불가능했다.중국 업체와의 합작개발방식(JDM)은 이런 고민이 낳은 결과물이다. LG전자는 HA사업본부 산하에 태스크포스(TF)를 꾸려 중국 파트너사를 물색했다. 대상은 글로벌 무대에서 LG전자와 직접 경쟁하지 않으면서도 생산 및 품질 경쟁력이 있는 업체로 좁혔다. 그렇게 스카이워스와 오쿠마를 최종 파트너로 선정했다. 세탁기를 공동 개발한 스카이워스는 자체 브랜드 제품을 내면서 다른 브랜드 제품도 수탁생산하는 중견 가전업체다. 오쿠마는 중국 냉장고 시장에서 10위권에 이름을 올리는 회사다.업계에선 LG전자의 JDM 전략에 대해 “중국의 가성비와 LG의 브랜드파워를 다 잡은 묘수”라고 평가한다. 압도적 가성비로 중저가 시장을 휩쓸고 있는 메이디, 하이얼 등 중국 업체를 잡기 위해 그만한 가성비를 갖춘 중국 업체를 ‘용병’으로 활용하면서 LG가 구축한 브랜드 파워로 제품의 ‘매력’을 높였기 때문이다. LG가 디자인과 제품 기획을 주도하는 만큼 프리미엄 못지않은 상품성도 담았다.업계 관계자는 “저가 제품이라도 품질 문제가 생기면 LG 브랜드 이미지가 실추되는 점을 감안해 생산을 제외한 모든 부문에 LG가 직접 개입하는 방식을 택한 것”이라며 “계획대로 되면 LG전자는 글로벌 중저가 가전이란 엄청난 시장을 품게 될 것”이라고 말했다.첫번째 시험대는 유럽LG전자는 가전시장 공략법을 프리미엄 중심에서 보급형도 함께 잡는 ‘투트랙 전략’으로 사실상 전환했다. 한국을 비롯한 북미 시장에선 프리미엄 제품 중심으로 공략하고, 유럽 중국 동남아 남미 아프리카 등의 시장에선 중국 업체와 함께 보급형 제품 판매에 주력할 계획이다. LG전자의 기존 글로벌 생산 거점은 프리미엄 제품 생산에 집중하고, 보급형 제품은 원가 경쟁력이 높은 중국 업체를 활용하는 방식이다.첫 번째 시험대는 유럽이다. 유럽 중저가 가전 시장의 맹주는 중국 업체와 베스텔, 베코, 아르첼릭 등 튀르키예 업체다. LG전자는 그동안 유럽에선 인공지능(AI)을 적용한 프리미엄 가전 시장만 공략해왔다. 하지만 동유럽 등 상대적으로 소득 수준이 낮은 나라와 선진국 저소득층을 중심으로 가성비 가전을 찾는 수요가 빠르게 늘어나고 있는 만큼 보급형 시장에서도 충분히 승산이 있다고 판단했다. LG전자는 유럽에서 JDM 사업의 가능성을 확인하는 대로 무대를 중국 동남아 남미 아프리카 등으로 넓힐 계획이다. JDM 제품군도 냉장고와 세탁기에 이어 에어컨, 건조기 등으로 확대할 방침이다.김채연/박의명/황정수 기자 why29@hankyung.com",https://www.hankyung.com/article/202507147655i,2025.07.14 17:49
"""삼성보다 0.1㎜ 얇다더니""…거짓말 들통난 中 아너 폴더블폰","갤럭시Z폴드7 두께 8.9㎜
아너 매직 V5 두께 8.8㎜라 홍보
플라스틱 모델만 8.8㎜
다른 모델은 9.4㎜도 넘어","IT 팁스터 유니버스아이스가 갤럭시Z 폴드7과 매직 V5를 나란히 눕혀놓고 두께를 비교하고 있다. 영상=유니버스아이스 X 계정 갈무리

                폴더블폰 매직 V5를 삼성전자 갤럭시Z폴드7보다 얇다고 홍보한 중국 모바일 업체 아너가 거짓말을 한 것으로 드러났다. 삼성전자의 갤럭시Z폴드7의 두께는 8.9㎜로 아너는 매직 V5는 이보다 0.1㎜ 얇다고 강조하며 '세계에서 가장 얇은 초슬림 폴더블폰'이란 이름을 앞세워 제품을 홍보한 바 있다.IT팁스터(유출가) 아이스유니버스가 16일 엑스(X·구 트위터)에 올린 갤럭시Z폴드7과 아너 매직 V5 실제 기기 비교 영상에 따르면 갤럭시Z폴드7의 두께가 더 얇은 것으로 확인된다.앞서 아너는 삼성전자가 언팩에서 갤럭시Z폴드7을 실제로 공개하기 일주일 전인 지난 2일 매직 V5를 공개하며 ""매직 V5의 두께는 8.8㎜로 현존 폴더블폰 중 가장 얇다""고 홍보했다. 그런데 기기를 공개하면서 '아너'의 거짓말이 드러났다.아너 측이 주장한 매직 V5의 두께 8.8㎜는 뒷판을 플라스틱으로 마감한 '아이보리 화이트' 색상 하나에만 적용됐다. 하지만 아이스유니버스의 비교 영상처럼 아이보리 화이트 제품 마저도 갤럭시Z폴드7보다 두꺼운 것으로 드러났다. 다른 금속 마감 색상 기기의 두께는 9㎜로 더 두꺼웠다. 아너의 '자체 측정 기준' 때문으로 풀이된다.아너 측은 홈페이지를 통해 ""두께 측정은 아너 연구소의 자체 시스템을 사용했고, 디스플레이 보호필름과 카메라는 포함되지 않는다""고 설명했다.이에 IT외신 샘모바일은 ""휴대전화 두께를 잴 때 카메라 두께를 포함하지 않는 건 일반적이지만 디스플레이 보호층을 제외하는 건 매우 드문 사례""라고 짚었다. IT외신 나인투파이브맥 또한 ""아너가 거짓말을 하고 있다고 단언하기는 어렵지만 어느정도 진실이 왜곡됐을 가능성은 분명히 있다""고 지적했다.박수빈 한경닷컴 기자 waterbean@hankyung.com",https://www.hankyung.com/article/2025071621187,2025.07.16 14:57
'중국에 반도체 기술 유출' 삼전 前 직원 2심서 징역 6년,,"서울 서초동 삼성전자 사옥. /사진=이솔 기자

                삼성전자 반도체 핵심 기술을 중국 기업에 유출한 혐의로 재판에 넘겨진 삼성전자 전직 직원과 협력 업체 직원이 항소심에서도 중형을 선고받았다.23일 서울고법 형사8부(김성수 부장판사)는 산업기술보호법 위반 등 혐의로 기소된 전직 삼성전자 부장 김 모 씨에게 징역 6년과 벌금 2억원을 선고했다. 1심의 징역 7년, 벌금 2억원보다는 형량이 줄었다. 협력 업체 A사 직원 방 모 씨에게는 1심과 마찬가지로 징역 2년 6개월을 선고됐다.재판부는 ""피해 회사들에 막대한 피해가 유발될 수밖에 없고, 국가에도 악영향을 주는 중대한 범죄를 저지르고 그 범행을 주도했다""며 ""피해 복구 가능성도 없어 이에 상응하는 엄한 처벌이 필요하다""고 지적했다. 다만 ""피고인은 범죄 전력이 없고, 다니던 회사에서 해고된 후 국내 재취업이 어렵게 되자 부득이하게 중국 기업에 취업했고 그 과정에서 이 사건 범행에 이른 것으로 보인다""며 ""핵심 기술 유출에는 관여하지 않은 점 등을 고려해 원심보다 낮은 형을 선고한다""고 설명했다.김 씨는 국가 핵심기술인 삼성전자의 18나노 D램 반도체 공정 정보를 무단 유출해 중국 기업인 창신메모리테크놀로지(CXMT)가 제품 개발에 사용하게 한 혐의 등을 받는다.앞서 국가정보원은 이들의 기술 유출 정황을 포착해 2023년 5월 검찰에 수사를 의뢰했다. 검찰은 김 씨가 2016년 신생 업체인 CXMT로 이직하면서 반도체 '증착' 관련 자료를 비롯해 7개 핵심 공정 기술을 유출하고, 수백억 원대의 금품을 받은 것으로 보고 있다. 또 세후 기준으로 최소 5억 원 이상의 금액을 제시하며 삼성전자와 협력사의 기술 인력 20여 명을 빼낸 정황도 확인했다.방 씨는 김 씨와 공모해 반도체 장비 납품업체인 A사의 설계 기술 자료를 중국 CXMT에 유출한 혐의를 받고 있다.이민형 한경닷컴 기자 meaning@hankyung.com",https://www.hankyung.com/article/2025072371627,2025.07.23 15:20
코스피 상승 출발…3200선 회복 시도,,"전날인 22일 서울 중구 하나은행 딜링룸에서 딜러들이 대화하고 있다. /사진=김범준 기자

                코스피지수가 상승 출발했다.23일 오전 9시17분 현재 코스피지수는 전날 대비 7.23포인트(0.23%) 오른 3177.17에 거래되고 있다. 지수는 19.71포인트(0.62%) 오른 3189.65에 개장했다.지수는 개장 직후 3199.86까지 오르는 등 3200선 회복을 타진하고 있다.장 초반 외국인과 기관의 매수세가 두드러진다. 외국인과 기관이 각 549억원, 638억원 매수 우위다. 개인만 1226억원 매도 우위다.유가증권시장에서 삼성전자(0.08%)와 LG에너지솔루션(0.75%), 삼성바이오로직스(2.3%), KB금융(2.01%), 현대차(3.63%), 기아(3.27%), POSCO홀딩스(4.8%) 등이 상승하고 있다. 반면 SK하이닉스(-0.93%)와 한화에어로스페이스(-0.11%) 등이 약세다.코스닥지수는 약보합세다. 지수는 전날보다 2.47포인트(0.3%) 내린 810.5에 거래 중이다. 지수는 2.91포인트(0.36%) 오른 815.88에 개장했다.외국인과 기관이 각각 351억원, 363억원 매도 우위이고 개인만 784억원 매수 우위다.코스닥시장에서 대장주 알테오젠(0.42%)은 오르고 있다. HLB와 에코프로, 파마리서치, 리가켐바이오도 1%대 오름세다. 삼천당제약은 15% 넘게 급등세다. 펩트론은 2%대, 리노공업은 4%대 약세다.서울 외환시장에서 원·달러 환율은 6.7원 내린 1381.1원에 출발했다.신민경 한경닷컴 기자 radio@hankyung.com",https://www.hankyung.com/article/2025072359216,2025.07.23 09:19
"""SK하이닉스, 시총 300조 간다""…HBM 독점 지위 [마켓딥다이브]","씨티그룹, SK하이닉스 목표가 43만원 제시 
24일 2분기 실적 발표…영업익 9조 전망 
낸드 부문 '흑자전환' 예상…수익성 개선","영상 모듈 닫기




<앵커>어제 3년 10개월 만에 연고점을 경신한 코스피가 오늘도 1% 넘게 오르며 이틀 연속 강세를 보이고 있습니다. 엔비디아가 전 세계 기업 중 처음으로 시가총액 4조 달러(약 5,502조 원)를 돌파하며 주요 공급사인 SK하이닉스가 돋보이는데요. 증권부 최민정 기자와 자세한 이야기 나눠보겠습니다.최 기자, 하반기 코스피 3,500선 달성도 가능하다고요?<기자>네, 글로벌 투자회사 모닝스타웰스의 한 매니저는 ""향후 10년간 한국 주식의 연평균 수익률이 11~12%에 달할 것""이라며 ""지금을 재평가의 시작""이라고 평가했습니다. 실제 6월 외국인은 국내 증시에서 3조 원을 순매수했는데요.코스피도 4거래일 연속 오르며 연중 연고점을 또 경신했습니다. 한국투자증권은 하반기 코스피 예상 밴드를 3,550으로, IBK투자증권도 밴드 상단을 3,400으로 눈높이를 올렸습니다.엔비디아가 시총 4조 달러를 돌파하면서 SK하이닉스 역시 29만 원을 회복했는데요. 특히 외국인이 1천억 원 가까이 사들이며 상승을 주도하고 있습니다.<앵커>개인 순매수 1위가 SK하이닉스인데요. 올해 67% 올랐지만, 증권가에선 얼마나 더 오를 수 있다고 보나요?<기자>글로벌 투자은행인 씨티그룹은 SK하이닉스의 목표가를 43만 원으로 상향 조정했습니다. 지금까지 나왔던 국내외 증권사의 목표가 중 가장 높은 수준인데요.주당 43만 원까지 오르면 SK하이닉스의 시가총액은 313조 원으로 불어나게 되는데요. 코스피 시가총액 1위인 삼성전자와 격차가 50억 원 정도로 좁혀지게 됩니다. 상향 조정의 배경을 살펴볼까요? 고대역폭메모리(HBM)에서 나오는 수익성 때문입니다. SK하이닉스는 HBM 시장 점유율 절반을  차지하고 있는데요.특히 2분기에는 엔비디아에 HBM3E 12단을 사실상 독점 공급하면서 수익성이 크게 향상될 전망입니다. 해당 제품은 기존 HBM3E 8단 대비 60% 이상 높은 가격에 공급되고 있기 때문인데요.실제 김우현 SK하이닉스 CFO(최고재무책임자)는 지난 1월 ""현재 HBM3E 12단 공급은 차질없이 진행되고 있으며 올 상반기 중 계획대로 전체 HBM3E 출하량의 절반 이상을 차지할 전망""이라고 전한 바 있습니다.수익성 향상으로 SK하이닉스는 2분기에도 삼성전자의 영업이익을 앞설 것으로 예상됩니다.앞서 잠정 실적 발표에 나선 삼성전자는 시장의 전망치를 1조 원 이상 밑돈 4조 6천억 원의 영업이익을 냈는데요. 24일 실적 발표에 나서는 SK하이닉스는 영업익 9조 원을 바라보고 있습니다. 기대치처럼 나올 경우 2024년 4분기부터 3개 분기 연속 삼성전자 전체의 영업이익을 넘어서는 기록을 세우게 되는 건데요.실적의 격차는 더 커질 예정입니다. 맥쿼리와 JP모건은 2년 뒤 SK하이닉스의 연간 영업이익을 각각 90조 7천억 원, 60조 3천 억 원으로 바라보고 있는데요. 국내 증권사에선 40조 원 수준으로, 2년 뒤에도 삼성전자보다 높은 영업이익을 유지할 것으로 전망됩니다.JP모건은 ""기술 격차를 앞세워 경쟁사 대비 제품을 빠르게 준비하면서 4년 연속 이익 사이클을 탈 것”이라고 전했습니다.적자를 냈던 낸드에도 변화가 나타나고 있습니다.3분기 낸드 가격이 최대 10% 오를 것이란 전망도 나오며 SK하이닉스의 수익성도 개선될 전망인데요. SK하이닉스의 주력은 HBM이지만, 매출 26%가 낸드에서 발생합니다.트렌드포스는 ""상반기 업체들의 감산과 재고 축소로 낸드 플래시 시장은 수요와 공급 균형에서 상당한 개선을 보였다""며 ""전체 유통 중인 낸드의 공급량이 감소했다""고 밝혔는데요.상상인증권은 SK하이닉스의 낸드 부문이 2분기 930억 원 적자에서 2,720억 원 흑자로 돌아설 것으로 전망했습니다. 연간 영업이익도 1조 원대로 상향 조정했는데, 기존보다 300% 넘게 늘어난 수치입니다.HBM 시장을 이끄는 SK하이닉스가 30만닉스를 넘어 40만 원까지 도달할 수 있을지 지켜볼 필요가 있습니다.지금까지 마켓 딥다이브였습니다.최민정기자 choimj@wowtv.co.kr",https://www.hankyung.com/article/2025071003405,2025.07.10 14:34
"""가장 얇다"" 자신만만한 中 폴더블폰…삼성폰과 비교해 보니 [영상]","KCEA, 폴더블폰 두께 측정
Z폴드7, 실제 두께 더 얇아
아너 매직 V5 두께 '9.34㎜'","IT 팁스터(정보유출자) 아이스유니버스가 지난 16일 자신의 엑스(X·옛 트위터) 계정을 통해 공개한 갤럭시Z폴드7(오른쪽)과 매직 V5를 비교한 영상. 영상=아이스유니버스 엑스 계정 갈무리 

                ""이번 제품이 역대 시리즈 중 가장 얇고 가볍다고 해서 갤럭시Z폴드3 이후 다시 Z폴드7을 선택하게 됐어요.""지난 23일 삼성전자 뉴스룸에 따르면 갤럭시Z폴드·플립7 사전 개통이 시작된 전날 '삼성 강남'을 찾은 이정우 씨(26)는 Z폴드7을 수령한 후 소감을 묻자 ""실제로 손에 들어보니 지금 쓰는 바(Bar)형 스마트폰보다도 훨씬 얇고 가벼워서 놀랐다""며 이같이 말했다. Z폴드7은 주요 스마트폰 제조사들이 더 얇은 모델을 앞세워 경쟁 중인 '두께 전쟁' 최전선에서 승기를 잡았다는 평가를 받는다. 세계에서 가장 얇은 폴더블폰으로 알려졌던 중국 스마트폰이 실제 측정해보니 Z폴드7보다 두꺼운 것으로 확인돼 삼성전자가 판정승을 거두는 분위기다. 
                    



삼성전자의 갤럭시Z폴드7 두께를 측정한 결과. 사진=한국소비자중심기업협회

                한국소비자중심기업협회(KCEA)는 24일 주요 스마트폰 제조사들이 출시한 폴더블폰 두께 측정 결과를 공개했다. 측정 기기인 '외측 마이크로미터'를 사용해 폴더블폰을 접은 상태에서 카메라 돌출부와 테두리를 제외한 두께를 측정했다. 가장 얇은 폴더블폰을 자처했던 중국 아너의 '매직 V5' 두께는 당초 8.8㎜로 알려졌지만 측정 결과 이보다 0.54㎜ 더 두꺼운 9.34㎜였다. 공식 홈페이지애소 9.2㎜라던 비보 X폴드5는 실제 두께가 9.77㎜로 0.57㎜ 더 두꺼웠다. 샤오미 믹스 폴드4와 화웨이 메이트 X6는 측정 결과 각각 9.61㎜, 10.47㎜로 조사됐다. 당초 알려진 두께보다 0.14㎜, 0.62㎜씩 더 두꺼운 셈이다. 반면 삼성전자는 Z폴드7 두께를 8.9㎜로 소개했지만 실제로는 8.82㎜로 0.08㎜ 더 얇았다. 제조사들은 홈페이지 등을 통해 실제 두께가 달라질 수 있다고 안내한다. 일부 제품의 경우 내외부 보호필름 등 특정 부분을 제외한 두께라는 점을 강조하기도 한다. 하지만 KCEA는 ""폴더블폰의 경우 제조 단계에서 화면 보호를 위한 필름이 내장돼 있어 소비자가 내외부 보호필름을 탈부착해 사용할 수 없도록 구성·설계돼 있다""며 ""제품에 내장돼 있는 내외부 보호필름을 제외한 두께 정보는 완제품을 구매·사용하는 소비자의 실제 사용상황을 고려하지 않은 것으로, 정확한 소비자 정보로 볼 수 없을 것""이라고 지적했다. 
                    



삼성전자가 공개한 갤럭시Z폴드7 홍보 영상. 사진=삼성전자 유튜브 채널 영상 갈무리

                폴더블폰 두께 논란은 Z폴드7이 공개된 이후 매직 V5와 비교하는 영상이 화제가 되면서 촉발됐다. 정보기술(IT) 팁스터(정보유출자) 아이스유니버스가 지난 16일 자신의 엑스(X·옛 트위터) 계정을 통해 이들 모델을 비교한 영상을 올렸다. 이 영상을 보면 나란히 놓인 매직 V5와 Z폴드7 위에 올려진 카드가 Z폴드7 쪽으로 기울어져 있는 모습이 나온다. IT 매체 나인투파이브맥은 ""아너가 거짓말을 하고 있다고 단언하기는 어렵지만 어느 정도 진실이 왜곡됐을 가능성은 분명히 있다""고 꼬집었다.KCEA는 ""슬림화 경쟁의 가열로 0.1mm 단위의 차이가 부각되고 있는 가운데 기업은 소비자 사용상황에 맞춰 최종 제품에 관한 정보를 제공해야 할 것""이라며 ""소비자들도 정보의 정확성을 면밀히 확인해 구매를 결정할 필요가 있다""고 말했다. 김대영 한경닷컴 기자 kdy@hankyung.com",https://www.hankyung.com/article/202507249725g,2025.07.24 19:30
고금리 OUT! 증권사 신용대출 3%대로 전환하는 방법,,"전송종목 : KT, LG유플러스, 삼성생명, KT&G, 두산에너빌리티최근 주식 투자자들 사이에서 주식대출(미수/신용융자 등)의 고금리에 대한 부담이 커지고 있다.특히 저금리를 적용 받고 싶어도, 기존 대출을 상환하고 다시 주식을 매수해야 하는 번거로운 절차와 자금 조달의 어려움이 발목을 잡고 있다.이런 현실적인 문제를 해결하고자, 무빙스탁이 ‘증권사 신용, 대환자금대출’ 서비스를 전격 출시했다.이 상품은 주식을 매도하지 않고도, 기존의 고금리의 주식대출(미수/신용융자 등)의 3%대의 혁신적인 저금리 증권사로 전환할 수 있도록 상환자금을 제공하는 것이 핵심이다.무빙스탁 관계자는 “현재 증권사 이벤트 금리는 연 3%대 수준으로, 기존 9~10%대 고금리를 적용받는 투자자라면 절감 효과가 상당하다”며, 금리를 5%만 낮추면 “1억원 신용대출 기준으로 연간 약 500만원, 3억원이라면 1,500만원까지도 절약할 수 있다”고 밝혔다.더 놀라운 점은, 현재는 이벤트 기간으로 대환자금대출 신청시 발생하는 이자 비용까지 ‘0원’이라는 사실이다. 대환자금에 대해서 하루의 대출이자도 부담하지 않고 기존 고금리 대출을 저금리로 전환할 수 있어, 고금리 부담에 시달리던 투자자들에게 큰 호응을 얻을 전망이다.이 서비스는 부동산 시장에서 흔히 이용되던 대환대출 개념을 증권시장에 도입한 혁신적인 시도로, 주식 투자자들의 자금 운용에 새로운 대안을 제시할 것으로 기대된다.무빙스탁 ‘증권사 신용, 대환자금대출’의 비용 무료 이벤트는 이벤트 기간 동안 한정적으로 제공되는 만큼, 신용융자를 이용 중인 투자자라면 지금 바로 확인해볼 필요가 있다.★ 장마감 시간이 가까워질수록 문의가 많아 상담이 지연될 수 있습니다.★ 7월 문의하신 고객들이 많이 보유하신 종목으로는 삼성전자, POSCO홀딩스, 셀트리온, 포스코퓨처엠, 에코프로비엠, NAVER, 에코프로, 삼성SDI, LG화학, SK하이닉스, 두산에너빌리티, 카카오, SK이노베이션, LG에너지솔루션, 엘앤에프, 삼천당제약, 현대차, 알테오젠, HPSP, LG전자 등이 있습니다.★ 안내사항과도한 빚은 당신에게 큰 불행을 안겨줄 수 있습니다. 대출 시 신용등급 하락으로 다른 금융거래가 제약받을 수 있습니다. 중개수수료를 요구하거나 받는 것은 불법입니다.상호명: ㈜단비대부 2021-서울영등포-2102(대부업) | TEL: 1544-4886 | 대출금리: 연 20%이내(연체금리는 약정금리+3%p이내, 최대 연 20%이내) | 단, 2021. 7. 7.부터 신규체결, 갱신, 연장되는 계약에 한함 | 채무의 조기상환 조건 및 부대비용 없음. (단, 신용조회비용 및 담보권설정비용 있음), 이자 외 별도로 중개수수료를 요구하거나 수취하는 것은 불법입니다. | 대표이사: 박동원 | 사업자등록번호: 274-86-00231 | 등록기관명칭: 서울 영등포구청(담당부서: 일자리경제과, 02-2670-3420) | 소재지 : 서울 영등포구 여의대방로67길 11, 5층 517호 | 개인정보관리자메일: help@danbifund.co.kr무료상담",https://www.hankyung.com/article/202507223167a,2025.07.22 08:53
자기자본 포함 4배 투자금을 DSR 무관으로 신청 당일 즉시?,,"투자자들 사이에서 ‘스탁론’에 대한 관심이 높아지고 있다. 스탁론은 자기자본 포함 최대 4배까지 활용 가능하며 증권사 신용/미수 대환 용도로도 활용 가능해 대표적인 레버리지 수단으로 자리잡은 상태다.그러나 DSR 한도가 스탁론에도 적용된 후 다른 대출, 소득 증빙 문제로 예전처럼 이용하기 어려워졌다. 이와 함께 높아진 금리도 스탁론 이용을 망설이게 만든 원인으로 꼽힌다.그러나 해결책은 있다. 21년 연속 스탁론 업계 1위를 지키고 있는 하이스탁론이 DSR 무관하게 이용할 수 있는 상품은 물론 연 4%대 최저금리로 이용 가능한 상품까지 취급하며 선택의 폭을 넓힌 것이다.




 

◆ 하이스탁론, 연 4%대 업계 최저금리로 추가 투자금은 물론 신용미수 대환까지!<하이스탁론>에서 누구나 부담 없이 스탁론을 경험할 수 있도록 연 4%대 최저금리 상품을 출시했다. 주식매입 용도는 물론 증권사 미수/신용 대환도 가능하며 신용등급 차등 없이 자기자본 포함 최대 4배까지 활용할 수 있다.이와 함께 DSR 한도 때문에 기존 스탁론 이용이 어려웠던 투자자들은 위한 DSR 무관 상품도 취급 중이다. 또한 장중 거래가 어려웠던 투자자를 위한 대체거래소(NXT) 거래도 가능해졌다.<하이스탁론>의 새로운 상품에 대해 자세히 알고 싶은 투자자는 고객상담센터(1599-0313)로 연락하면 대출 여부와 상관없이 24시간 언제든 전문상담원과 편리한 상담이 가능하다.○ 연 4%대 업계 최저금리 상품 출시○ 대체거래소(NXT) 거래 가능!○ 21년 연속 시장 점유율 1위, 16년 연속 대한민국퍼스트브랜드 대상○ 증권사 신용/미수 실시간 상환, 한종목 100% 집중 투자○ 믿을 수 있는 상담품질보증제※하이스탁론상담센터 : 1599-0313바로가기:https://www.hisl.co.kr/0313◆ 현 시각 관심종목 Top 10 : 삼성전자, HLB, 카카오, 한화오션, 포스코퓨처엠, 알테오젠, 코리아나, MDS테크, 클로봇, 싸이닉솔루션무료상담",https://www.hankyung.com/article/202507174541a,2025.07.18 09:30
9~10% 주식 관련 대출에서 3%대 대출로 교체,,"전송종목 : 토비스, 인터플렉스, CJ프레시웨이, 현대바이오랜드, 코텍최근 주식 투자자들 사이에서 주식대출(미수/신용융자 등)의 고금리에 대한 부담이 커지고 있다.특히 저금리를 적용 받고 싶어도, 기존 대출을 상환하고 다시 주식을 매수해야 하는 번거로운 절차와 자금 조달의 어려움이 발목을 잡고 있다.이런 현실적인 문제를 해결하고자, 무빙스탁이 ‘증권사 신용, 대환자금대출’ 서비스를 전격 출시했다.이 상품은 주식을 매도하지 않고도, 기존의 고금리의 주식대출(미수/신용융자 등)의 3%대의 혁신적인 저금리 증권사로 전환할 수 있도록 상환자금을 제공하는 것이 핵심이다.무빙스탁 관계자는 “현재 증권사 이벤트 금리는 연 3%대 수준으로, 기존 9~10%대 고금리를 적용받는 투자자라면 절감 효과가 상당하다”며, 금리를 5%만 낮추면 “1억원 신용대출 기준으로 연간 약 500만원, 3억원이라면 1,500만원까지도 절약할 수 있다”고 밝혔다.더 놀라운 점은, 현재는 이벤트 기간으로 대환자금대출 신청시 발생하는 이자 비용까지 ‘0원’이라는 사실이다. 대환자금에 대해서 하루의 대출이자도 부담하지 않고 기존 고금리 대출을 저금리로 전환할 수 있어, 고금리 부담에 시달리던 투자자들에게 큰 호응을 얻을 전망이다.이 서비스는 부동산 시장에서 흔히 이용되던 대환대출 개념을 증권시장에 도입한 혁신적인 시도로, 주식 투자자들의 자금 운용에 새로운 대안을 제시할 것으로 기대된다.무빙스탁 ‘증권사 신용, 대환자금대출’의 비용 무료 이벤트는 이벤트 기간 동안 한정적으로 제공되는 만큼, 신용융자를 이용 중인 투자자라면 지금 바로 확인해볼 필요가 있다.★ 장마감 시간이 가까워질수록 문의가 많아 상담이 지연될 수 있습니다.★ 7월 문의하신 고객들이 많이 보유하신 종목으로는 삼성전자, POSCO홀딩스, 셀트리온, 포스코퓨처엠, 에코프로비엠, NAVER, 에코프로, 삼성SDI, LG화학, SK하이닉스, 두산에너빌리티, 카카오, SK이노베이션, LG에너지솔루션, 엘앤에프, 삼천당제약, 현대차, 알테오젠, HPSP, LG전자 등이 있습니다.★ 안내사항과도한 빚은 당신에게 큰 불행을 안겨줄 수 있습니다. 대출 시 신용등급 하락으로 다른 금융거래가 제약받을 수 있습니다. 중개수수료를 요구하거나 받는 것은 불법입니다.상호명: ㈜단비대부 2021-서울영등포-2102(대부업) | TEL: 1544-4886 | 대출금리: 연 20%이내(연체금리는 약정금리+3%p이내, 최대 연 20%이내) | 단, 2021. 7. 7.부터 신규체결, 갱신, 연장되는 계약에 한함 | 채무의 조기상환 조건 및 부대비용 없음. (단, 신용조회비용 및 담보권설정비용 있음), 이자 외 별도로 중개수수료를 요구하거나 수취하는 것은 불법입니다. | 대표이사: 박동원 | 사업자등록번호: 274-86-00231 | 등록기관명칭: 서울 영등포구청(담당부서: 일자리경제과, 02-2670-3420) | 소재지 : 서울 영등포구 여의대방로67길 11, 5층 517호 | 개인정보관리자메일: help@danbifund.co.kr무료상담",https://www.hankyung.com/article/202507145611a,2025.07.14 11:38
이자 폭탄 막자! 증권사 신용대출 3%대 전환으로 절약하는 법,,"전송종목 : 유니퀘스트, STX엔진, 대봉엘에스, 한양디지텍, 에이블씨엔씨최근 주식 투자자들 사이에서 주식대출(미수/신용융자 등)의 고금리에 대한 부담이 커지고 있다.특히 저금리를 적용 받고 싶어도, 기존 대출을 상환하고 다시 주식을 매수해야 하는 번거로운 절차와 자금 조달의 어려움이 발목을 잡고 있다.이런 현실적인 문제를 해결하고자, 무빙스탁이 ‘증권사 신용, 대환자금대출’ 서비스를 전격 출시했다.이 상품은 주식을 매도하지 않고도, 기존의 고금리의 주식대출(미수/신용융자 등)의 3%대의 혁신적인 저금리 증권사로 전환할 수 있도록 상환자금을 제공하는 것이 핵심이다.무빙스탁 관계자는 “현재 증권사 이벤트 금리는 연 3%대 수준으로, 기존 9~10%대 고금리를 적용받는 투자자라면 절감 효과가 상당하다”며, 금리를 5%만 낮추면 “1억원 신용대출 기준으로 연간 약 500만원, 3억원이라면 1,500만원까지도 절약할 수 있다”고 밝혔다.더 놀라운 점은, 현재는 이벤트 기간으로 대환자금대출 신청시 발생하는 이자 비용까지 ‘0원’이라는 사실이다. 대환자금에 대해서 하루의 대출이자도 부담하지 않고 기존 고금리 대출을 저금리로 전환할 수 있어, 고금리 부담에 시달리던 투자자들에게 큰 호응을 얻을 전망이다.이 서비스는 부동산 시장에서 흔히 이용되던 대환대출 개념을 증권시장에 도입한 혁신적인 시도로, 주식 투자자들의 자금 운용에 새로운 대안을 제시할 것으로 기대된다.무빙스탁 ‘증권사 신용, 대환자금대출’의 비용 무료 이벤트는 이벤트 기간 동안 한정적으로 제공되는 만큼, 신용융자를 이용 중인 투자자라면 지금 바로 확인해볼 필요가 있다.★ 장마감 시간이 가까워질수록 문의가 많아 상담이 지연될 수 있습니다.★ 7월 문의하신 고객들이 많이 보유하신 종목으로는 삼성전자, POSCO홀딩스, 셀트리온, 포스코퓨처엠, 에코프로비엠, NAVER, 에코프로, 삼성SDI, LG화학, SK하이닉스, 두산에너빌리티, 카카오, SK이노베이션, LG에너지솔루션, 엘앤에프, 삼천당제약, 현대차, 알테오젠, HPSP, LG전자 등이 있습니다.★ 안내사항과도한 빚은 당신에게 큰 불행을 안겨줄 수 있습니다. 대출 시 신용등급 하락으로 다른 금융거래가 제약받을 수 있습니다. 중개수수료를 요구하거나 받는 것은 불법입니다.상호명: ㈜단비대부 2021-서울영등포-2102(대부업) | TEL: 1544-4886 | 대출금리: 연 20%이내(연체금리는 약정금리+3%p이내, 최대 연 20%이내) | 단, 2021. 7. 7.부터 신규체결, 갱신, 연장되는 계약에 한함 | 채무의 조기상환 조건 및 부대비용 없음. (단, 신용조회비용 및 담보권설정비용 있음), 이자 외 별도로 중개수수료를 요구하거나 수취하는 것은 불법입니다. | 대표이사: 박동원 | 사업자등록번호: 274-86-00231 | 등록기관명칭: 서울 영등포구청(담당부서: 일자리경제과, 02-2670-3420) | 소재지 : 서울 영등포구 여의대방로67길 11, 5층 517호 | 개인정보관리자메일: help@danbifund.co.kr무료상담",https://www.hankyung.com/article/202507158101a,2025.07.15 11:38
"이재용 삼성전자 회장, 대법원 무죄 확정…삼성 미래사업 본격 시동",,"이재용 삼성전자 회장이 경영권 승계와 관련된 부당합병·회계부정 혐의에 대해 대법원에서 최종 무죄를 선고받았다. 대법원은 18일 상고심에서 1·2심의 무죄 판결을 그대로 확정하며, 수년간 이어졌던 법적 공방에 종지부를 찍었다.이번 판결로 이 회장은 그룹 경영에 있어 가장 큰 사법 리스크를 해소하게 됐고, 삼성의 중장기 성장 전략에도 탄력이 붙을 것으로 전망된다. 재계는 이번 판결을 기점으로 삼성의 미래 투자 계획이 본격화될 것으로 기대하고 있다.특히 업계는 삼성의 바이오 산업에 주목하고 있다. 삼성바이오에피스가 오는 10월을 목표로 분할을 준비 중이며, 해당 작업은 바이오시밀러 사업에 집중하기 위한 전략으로 해석된다. 삼성바이오로직스를 중심으로 한 바이오사업군은 이미 글로벌 제약사들과의 협업을 통해 꾸준한 성장세를 보이고 있는 상황이다.이외에도 반도체·디지털 헬스케어·AI 등 삼성의 신성장 동력 분야에서도 적극적인 투자가 이뤄질 것으로 관측된다. 파운드리와 AI 반도체 설계 역량을 강화하고, 국내외 AI 스타트업 투자도 확대할 것으로 보인다.한편 주식시장에서는 이번 판결을 긍정적으로 해석하는 분위기다. 사법 리스크 해소는 불확실성 완화로 이어져 기관 및 외국인 수급 유입의 계기가 될 수 있다는 분석이다. 이러한 기대감에 따라 투자자들은 전략적 접근을 시도하고 있으며, 특히 스탁론 또는 스탁론(주식매입자금)을 활용해 주가 반등에 대응하려는 사례도 늘고 있다. 전문가들은 “실적과 성장성이 뚜렷한 종목을 중심으로 레버리지 운용을 검토할 시기”라고 조언했다.




 

▶ 더머니스탁론 신규 상품 전격 출시! (DSR 규제 X)▶ 최대 400% 레버리지 투자, 증권사 신용미수 대환 가능!▶ 한 종목 100% 집중 투자 가능!▶ 더머니스탁론 바로가기 (https://themoney.co.kr/ha)▶ 더머니스탁론 전화 상담 1600-7096▶ 더머니스탁론 카카오톡 상담 (http://pf.kakao.com/_cVfxbn/chat)관심종목: 삼성바이오로직스, 삼성전자, 피에스케이, 알테오젠, 루닛무료상담",https://www.hankyung.com/article/202507186017a,2025.07.18 08:45
'갤럭시男이 어때서요'…1030 몰리자 대반전 일어났다,"갤Z폴드·플립7 사전 판매 '대박'
총 104만대 판매, 역대 최다 기록","지난 12일 서울 영등포구 더현대 서울에 문을 연 '갤럭시 스튜디오'. 사진=삼성전자 제공

삼성전자가 선보인 초슬림 폴더블 스마트폰 갤럭시Z폴드·플립7이 100만대를 웃도는 사전 판매량을 기록했다. 역대 갤럭시 폴더블 제품 중 가장 많은 사전 판매량을 달성했던 갤럭시Z폴드·플립5를 넘어선 것이다. 삼성전자는 22일 Z폴드·플립7 시리즈가 국내 사전 판매 기간 총 104만대 판매됐다고 밝혔다. 사전 판매는 지난 15일부터 전날까지 1주간 진행됐다. Z폴드·플립7은 역대 갤럭시 폴더블 시리즈 가운데 가장 높은 사전 판매량을 올렸다. 2년 전 출시된 Z폴드·플립5는 사전 판매 기간 총 102만대 판매됐다. 전작인 Z폴드·플립6는 사전 판매량이 91만대에 그치면서 업계 안팎에서 우려의 목소리가 쏟아졌다. Z폴드·플립7은 전작의 부진을 말끔히 털어냈다. 제품별 사전 판매량을 보면 Z폴드7이 60%, Z플립7이 40%를 차지한 것으로 나타났다. 폴드 제품 비중은 전작의 경우 40%였지만 올해 20%포인트 늘었다. Z폴드7은 제트블랙, 블루 쉐도우 색상이 인기를 끌었다. Z플립7의 경우 블루 쉐도우, 코랄레드 색상을 찾는 사용자가 많은 것으로 나타났다. 삼성전자는 Z폴드·플립7이 이전 폴더블 제품과 달리 얇고 가벼운 외형을 갖춘 데다 갤럭시 인공지능(AI)을 탑재해 초기 흥행에 성공한 것으로 보고 있다. Z폴드7은 기기 두께가 접었을 때 8.9㎜, 펼쳤을 때 4.2㎜에 불과하다. 무게는 215g. 21대 9 화면비를 갖춰 접은 상태에서도 바(Bar)형 스마트폰과 유사한 사용경험을 제공한다. Z플립7은 커버 화면 베젤이 1.25㎜로 한층 얇아졌다. 휴대성과 편의성을 극대화했다는 평가다. Z폴드·플립7 사전 구매자는 이날부터 제품 수령과 개통이 가능하다. Z폴드·플립7은 오는 25일 한국·미국·영국 등을 시작으로 전 세계에서 순차 출시된다. 김대영 한경닷컴 기자 kdy@hankyung.com",https://www.hankyung.com/article/202507223226g,2025.07.22 08:23
"코스피, 외국인·기관 매도에 보합세…SK하이닉스 4.9%↓",,"사진=뉴스1

                코스피가 보합권에서 지지부진한 흐름을 보이고 있다. 외국인의 현·선물 매도세에, 기관까지 현물주식을 팔아치우면서다. 특히 SK하이닉스가 5% 가깝게 하락하고 있다.17일 오전 9시5분 현재 코스피는 전일 대비 1.55포인트(0.05%) 오른 3187.93에 거래되고 있다. 3200선을 회복하면서 시작한 증시는 곧바로 힘이 빠졌고, 보합권으로 밀렸다.외국인이 유가증권시장에서 607억원어치 주식과 코스피200 선물 940억원어치를 순매도하며 지수를 끌어 내리고 있다. 기관도 254억원어치 주식을 파는 중이다. 개인은 768억원어치 주식을 순매수하고 있다.시가총액 상위 종목들은 대체로 상승하고 있지만, SK하이닉스가 4.9% 하락하며 지수를 짓누르고 있다. 삼성전자는 1.85% 상승하고 있다.삼성바이오로직스와 LG에너지솔루션도 각각 1.16%와 1.13% 오르는 중이다.KB금융과 현대차는 강보합세다.NAVER도 1% 강세다.반면 한화에어로스페이스는 0.82% 내리고 있다.코스닥은 전일 대비 1.80포인트(0.22%) 오른 814.03에 거래되고 있다. 이 시장에서도 개인이 453억원어치 주식을 사는 반면, 외국인과 기관은 각각 435억원어치와 24억원어치를 팔고 있다.코스닥 시가총액 상위 종목 중에서는 펩트론이 6.33%나 올라 가장 돋보인다. 반면 알테오젠은 0.51% 하락하고 있다.에코프로비엠과 에코프로는 각각 1.17%와 3.15% 상승 중이다.서울외환시장에서 원·달러 환율은 전일 대비 0.6원(0.04%) 오른 달러당 1387.6원에 거래되고 있다.간밤 뉴욕증시에서 주요 지수는 요동쳤다. 도널드 트럼프 미국 대통령이 제롬 파월 미 중앙은행(Fed) 의장을 해임할 가능성 부상하자 하락했다가, 트럼프 대통령이 부인하자 증시는 상승전환해 강세로 마감됐다. 16일(현지시간) 뉴욕증권거래소(NYSE)에서 장 마감 무렵 다우존스30산업평균지수는 전일 대비 231.49포인트(0.53%) 오른 44,254.78에, 스탠더드앤드푸어스(S&P)500지수는 19.94포인트(0.32%) 상승한 6,263.70에, 나스닥종합지수는 52.69포인트(0.25%) 오른 20,730.49에 각각 거래를 마쳤다.한경우 한경닷컴 기자 case@hankyung.com",https://www.hankyung.com/article/2025071736296,2025.07.17 09:14
다시 돌아온 2차전지 vs 속도 내는 반도체… 다음 주 증시 주도주는? [진짜 주식 3부],"연기금 수급·실적 반등 기대감 속 전문가들이 주목한 두 섹터
안인기 “2차전지, 메이저 수급 확인… LNF 바닥 탈출 신호”
송재호 “반도체, 레거시 수요 회복+미국 감세 수혜까지 기대”","영상 모듈 닫기




뚜렷한 주도주 없이 혼조세가 이어지는 7월 둘째 주 증시, 투자자들의 관심은 다시 한번 수급이 몰리는 핵심 섹터로 향하고 있다. 미국 증시에서는 엔비디아를 필두로 한 반도체와 AI 관련주가 연일 사상 최고가를 경신하고 있으며, 국내 증시 역시 순환매 흐름 속에서 섹터별 수급 양상이 빠르게 변화하고 있다. 이러한 가운데 지난 11일(금) 방송된 한국경제TV <진짜 주식 3부>에서는 안인기(강호투자컨설팅) 대표와 송재호(와이즈인베스트먼트) 대표가 출연해 다음 주 가장 주목할 섹터로 각각 2차전지와 반도체를 제시하며 관련 전략을 공유했다.
                    




                 안인기 대표는 최근 시장에서 다시 수급이 유입되고 있는 2차전지 섹터에 주목했다. 그는 “포스코홀딩스, LG화학, 포스코퓨처엠, 엘앤에프 등 실적 대비 저평가된 종목들이 연기금 수급과 함께 강세를 보이고 있다”며 “이 같은 종목들에 대한 추적 매매가 유효하다”고 분석했다. 특히 테슬라의 로보택시와 AI 플랫폼 ‘그록(Grok)’과 관련한 기대감이 2차전지 투자 심리를 개선시키고 있으며 이와 관련된 ▲엘앤에프(066970)는 “외국인과 기관의 수급이 동시에 유입되고 있으며, 120일선을 향한 추가 상승 여력이 있다”며 탑픽으로 제시했다.
                    




                 송재호 대표는 반도체 섹터를 주목하며 그중에서도 전통적인 레거시 반도체 소부장(소재·부품·장비) 기업들에 주목했다. 그는 “D램 가격은 3분기 최대 40% 상승이 예상되며, 이는 삼성전자, SK하이닉스를 중심으로 소부장 섹터의 수요 확대를 이끌 수 있다”고 설명했다. 또한 “트럼프 전 대통령의 세액 공제 정책이 본격화되면 국내 반도체 업체들이 미국 공장 증설에 따른 수혜를 받을 수 있다”고 덧붙이며,  ▲이엔에프테크놀로지(102710)와 함께 ▲유진테크(084370), ▲월덱스(101160) 등을 상승 흐름 초입에 있는 소부장 종목으로 제시했다.
                    




                 두 전문가는 공통적으로 수급이 몰리는 섹터를 중심으로 순환매 흐름이 전개되고 있다고 언급하며, 실적 대비 저평가된 종목을 선별해 추세에 올라타는 전략이 유효하다고 강조했다.
                    




                 한편 수익률 대회의 치열한 본선 무대가 펼쳐지고 있는 가운데, 현재까지의 누적 계좌 수익률 1위는 예선에서도 1위를 차지했던 이광무(유능컨설팅) 대표가 차지했다. 이광무 대표는 현재 28.25%의 누적 수익률을 기록 중이다.고영국증권에디터 yggo@wowtv.co.kr",https://www.hankyung.com/article/2025071462655,2025.07.14 10:32
"14일, 기관 거래소에서 SK하이닉스(+1.87%), NAVER(-1.58%) 등 순매도",,"기관 투자자는 14일 거래소에서 SK하이닉스, NAVER, 카카오 등을 중점적으로 매도한 것으로 나타났다.기관 투자자의 순매도 상위 20개 종목은 SK하이닉스, NAVER, 카카오, KODEX 200선물인버스2X, 카카오페이, 한미반도체, 두산에너빌리티, KODEX 200, PLUS 고배당주, 셀트리온등이다.이중에 전기,전자 업종에 속한 종목이 3개 포함되어 있다.SK하이닉스, KODEX 200, PLUS 고배당주 등은 전일 대비 주가가 상승했고, NAVER, 카카오, KODEX 200선물인버스2X 등은 주가가 하락했다.[07월14일]거래소 기관 순매도 상위 종목한경로보뉴스이 기사는 한국경제신문과 금융 AI 전문기업 씽크풀이 공동 개발한 기사 자동생성 알고리즘에 의해 실시간으로 작성된 것입니다.",https://www.hankyung.com/article/202507147739L,2025.07.14 18:35
스스로 다 하는 AI 생활가전…집안일 맡겨두고 떠나요~,"삼성, 최적 코스 알아서 찾는 세탁·건조기
코웨이, 자동건조·UV 살균 제습·청정기
청호나이스, 쾌속 제빙 직수얼음정수기","Getty Images Bank

                꿉꿉한 여름이 왔다. 조금만 방심해도 제습기에 곰팡이가 끼거나 세탁물에 냄새가 나기 쉬운 계절이다. 곰팡이와 악취를 막으려고 닦아내거나 일일이 세탁·건조 모드를 찾지 않아도 인공지능(AI)이 알아서 처리해주는 가전이 잇달아 출시되고 있다. 일분일초라도 시원한 물이 절실한 계절인 만큼 ‘쾌속 제빙’ 등 우수한 냉각 장치를 갖춘 가전제품도 주목할 만하다. ◇ AI 적용한 세탁기·제습기·음식물처리기삼성전자는 7형 ‘AI 홈’ 터치스크린과 AI 기능을 지원하는 2025년형 상하 결합형 세탁기·건조기 ‘비스포크 AI 원바디’ 신제품을 최근 선보였다. 인공지능(AI)이 오염 정도에 따라 알아서 세탁 코스를 정해주고 세제량과 시간까지 관리해주는 제품이다.




삼성전자 AI 기능 강화한 2025년형 ‘비스포크 AI 원바디’ 세탁기·건조기. 삼성전자 제공

                2025년형 비스포크 AI 원바디는 국내 최대인 25㎏ 용량의 하단 세탁기와 22㎏ 용량의 상단 건조기가 하나로 결합돼 상단 건조기 투입구 높이가 약 80㎜ 낮아졌다. 2025년형 비스포크 AI 원바디는 AI 맞춤세탁+, AI 맞춤건조+, AI 진동소음 저감 시스템, AI 세제 자동투입 등 고도화된 AI 기능을 두루 갖췄다. ‘AI 맞춤세탁+’는 세탁물의 종류, 무게, 오염도에 따라 최적의 코스로 알아서 맞춤세탁하는 기능이다. AI가 세탁물의 특성과 패턴을 분석해 옷감을 구분하고, 소재에 맞춰 세탁부터 헹굼, 탈수까지 전 과정을 섬세하게 조절해 한층 깨끗하게 세탁한다. AI가 인식할 수 있는 옷감 종류도 기존 섬세, 타월, 일반 3종에서 데님, 아웃도어를 더해 총 5종으로 확대했다.




코웨이 노블 제습공기청정기.  코웨이 제공

                코웨이의 ‘노블 제습공기청정기’는 제습 기능과 청정 기능을 하나에 담은 제품이다. 두 기능을 한 기기에 담아 공기 관리 효율성 및 공간 활용도를 대폭 높였다. 고효율 인버터 컴프레서를 적용해 에너지 효율 1등급을 받았다. 하루 최대 21L의 풍부한 제습량을 갖춘 것도 장점으로 꼽힌다. 4단계 청정 필터 시스템을 통해 0.01㎛ 크기의 극초미세먼지까지 99.99% 제거 가능하다는 것도 차별점이다. 제습 후 자동 내부 건조와 자외선(UV) 살균 기능으로 오염과 세균 번식을 최소화했다.스마트카라의 친환경 음식물처리기 ‘블레이드X AI’는 음식물을 스스로 인식하고 작동하는 AI 자동 처리 시스템을 내장했다. 5L 대용량 음식물처리기로 음식물 투입 시 자동으로 무게를 측정하고 최적의 온도와 시간을 분석한다. 16년간 음식물처리기를 출시하며 축적한 데이터를 바탕으로 최적의 처리 조건을 설정하는 게 강점이다. 특정 시간에 처리하도록 세팅하는 예약 기능을 갖췄다.사물인터넷(IoT) 기술도 접목했다. 제품은 전용 앱을 통해 집 밖에서 원격으로 제어할 수 있다. 표준모드, 강력모드의 듀얼 처리 모드로 딱딱한 음식물 부산물까지 처리 가능하다. 에코필터로 기존 모델 대비 성능을 125% 향상해 악취 걱정을 줄였다. ◇ 쾌속 제빙·직수 냉각으로 시원한 물




청호나이스 얼음정수기.  청호나이스 제공

                청호나이스의 직수얼음정수기 ‘뉴 아이스트리’는 가로 25.4㎝의 슬림 사이즈에 넉넉한 얼음 용량이 특징이다. 얼음 소비가 증가할 때는 쾌속 제빙으로 더욱 빠르게 얼음을 생성할 수 있다. 사용자 취향에 따라 냉수 온도를 강냉, 약냉으로 설정할 수 있으며 터치 한 번에 약 120mL, 250mL의 정량 취수나 연속 취수 선택이 가능하다. 한 번에 90알의 얼음을 보관할 수 있는 넉넉한 제빙용량도 갖췄다.올해 4월 출시된 슬림원은 가로 폭 16㎝ 사이즈에 교원 웰스의 핵심 기술을 집약한 직수형 냉온정수기다. 성인 한 뼘 크기로 좁은 조리 공간이나 아일랜드 싱크대 위에도 부담 없이 놓을 수 있다. 교원 웰스는 독자적 기술인 ‘3세대 이중관 냉각 시스템’을 적용해 냉각 장치를 획기적으로 소형화하면서 뛰어난 냉각 효율을 구현했다. 이중관 냉각기술은 물을 직수 상태에서 냉각해 늘 신선하면서 시원한 물을 섭취할 수 있다.외부 활동이 잦아지고 건강 관리에 유의해야 하는 계절인 만큼 디자인과 헬스케어 기능을 두루 갖춘 ‘갤럭시 워치8’이 때맞춰 출시됐다.노태문 삼성전자 DX부문장 직무대행 사장은 “이번 갤럭시 워치8 시리즈는 삼성전자의 하드웨어 혁신을 바탕으로 부품부터 외관까지 디자인을 전면 재설계해 웨어러블의 새로운 기준을 제시했다”며 “삼성만의 독자 기술로 사용자에게 더욱 정교한 정보를 제공해 올바른 습관을 갖도록 지원할 것”이라고 말했다. 갤럭시 워치8 시리즈는 갤럭시 워치 중 가장 얇은 디자인과 역대급 착용감을 구현하면서도 강력한 성능을 담았다. 제품의 내부 구조를 새롭게 설계하고 부품 집적도를 30% 개선해 두께는 갤럭시 워치7 대비 11% 얇아졌다.갤럭시 워치8 시리즈는 개인화된 운동 경험을 제공한다. ‘러닝 코치’ 기능은 사용자의 러닝 수준을 분석해 개인 맞춤형 운동 계획을 수립하고 실시간 코칭해준다. ‘투게더’ 기능은 주변 사람들과 경쟁하며 운동 목표를 달성하도록 돕는 기능이다.박진우 기자 jwp@hankyung.com",https://www.hankyung.com/article/2025072235581,2025.07.22 16:39
고금리 이자 폭탄 피하는 법! 증권사 대출 3%대로 줄이기,,"전송종목 : HDC현대산업개발, 효성티앤씨, 효성중공업, HS효성첨단소재, 한일시멘트최근 주식 투자자들 사이에서 주식대출(미수/신용융자 등)의 고금리에 대한 부담이 커지고 있다.특히 저금리를 적용 받고 싶어도, 기존 대출을 상환하고 다시 주식을 매수해야 하는 번거로운 절차와 자금 조달의 어려움이 발목을 잡고 있다.이런 현실적인 문제를 해결하고자, 무빙스탁이 ‘증권사 신용, 대환자금대출’ 서비스를 전격 출시했다.이 상품은 주식을 매도하지 않고도, 기존의 고금리의 주식대출(미수/신용융자 등)의 3%대의 혁신적인 저금리 증권사로 전환할 수 있도록 상환자금을 제공하는 것이 핵심이다.무빙스탁 관계자는 “현재 증권사 이벤트 금리는 연 3%대 수준으로, 기존 9~10%대 고금리를 적용받는 투자자라면 절감 효과가 상당하다”며, 금리를 5%만 낮추면 “1억원 신용대출 기준으로 연간 약 500만원, 3억원이라면 1,500만원까지도 절약할 수 있다”고 밝혔다.더 놀라운 점은, 현재는 이벤트 기간으로 대환자금대출 신청시 발생하는 이자 비용까지 ‘0원’이라는 사실이다. 대환자금에 대해서 하루의 대출이자도 부담하지 않고 기존 고금리 대출을 저금리로 전환할 수 있어, 고금리 부담에 시달리던 투자자들에게 큰 호응을 얻을 전망이다.이 서비스는 부동산 시장에서 흔히 이용되던 대환대출 개념을 증권시장에 도입한 혁신적인 시도로, 주식 투자자들의 자금 운용에 새로운 대안을 제시할 것으로 기대된다.무빙스탁 ‘증권사 신용, 대환자금대출’의 비용 무료 이벤트는 이벤트 기간 동안 한정적으로 제공되는 만큼, 신용융자를 이용 중인 투자자라면 지금 바로 확인해볼 필요가 있다.★ 장마감 시간이 가까워질수록 문의가 많아 상담이 지연될 수 있습니다.★ 7월 문의하신 고객들이 많이 보유하신 종목으로는 삼성전자, POSCO홀딩스, 셀트리온, 포스코퓨처엠, 에코프로비엠, NAVER, 에코프로, 삼성SDI, LG화학, SK하이닉스, 두산에너빌리티, 카카오, SK이노베이션, LG에너지솔루션, 엘앤에프, 삼천당제약, 현대차, 알테오젠, HPSP, LG전자 등이 있습니다.★ 안내사항과도한 빚은 당신에게 큰 불행을 안겨줄 수 있습니다. 대출 시 신용등급 하락으로 다른 금융거래가 제약받을 수 있습니다. 중개수수료를 요구하거나 받는 것은 불법입니다.상호명: ㈜단비대부 2021-서울영등포-2102(대부업) | TEL: 1544-4886 | 대출금리: 연 20%이내(연체금리는 약정금리+3%p이내, 최대 연 20%이내) | 단, 2021. 7. 7.부터 신규체결, 갱신, 연장되는 계약에 한함 | 채무의 조기상환 조건 및 부대비용 없음. (단, 신용조회비용 및 담보권설정비용 있음), 이자 외 별도로 중개수수료를 요구하거나 수취하는 것은 불법입니다. | 대표이사: 박동원 | 사업자등록번호: 274-86-00231 | 등록기관명칭: 서울 영등포구청(담당부서: 일자리경제과, 02-2670-3420) | 소재지 : 서울 영등포구 여의대방로67길 11, 5층 517호 | 개인정보관리자메일: help@danbifund.co.kr",https://www.hankyung.com/article/202507248233a,2025.07.24 08:43
"""가장 얇다""던 中폴더블폰…재보니 전부 거짓말","화웨이·샤오미·아너·비보 등
광고보다 최대 0.6㎜ 두꺼워
삼성 갤 Z폴드7이 가장 얇아","화웨이, 샤오미, 아너 등 중국 폴더블폰이 광고에 적힌 수치보다 훨씬 두꺼운 것으로 조사됐다. 중국 제조사들이 한국과 달리 휴대폰에 기본 적용되는 보호 필름을 제외한 두께로 광고에 나서면서 벌어진 일로, 글로벌 폴더블폰 경쟁이 치열해진 상황에서 중국 업체들이 둔 무리수가 드러난 것이다.한국소비자중심기업협회(KCEA)는 24일 국내외 주요 폴더블폰 5종의 두께를 전문 측정기로 정밀 측정한 결과를 발표했다. 측정 대상 5종엔 삼성전자와 아너, 비보, 샤오미, 화웨이 등의 최신 폴더블폰이 포함됐다. 협회는 폴더블폰을 접은 상태에서 카메라 돌출부와 모서리를 제외한 가운데 부분의 두께를 쟀다.측정 결과 화웨이 메이트X6는 공식 사양(9.85㎜)보다 0.62㎜ 두꺼운 10.47㎜로 오차가 가장 컸다. 아너의 매직 V5는 9.34㎜로 측정돼 광고에 적힌 두께(8.8㎜)와 차이가 컸다. 비보 X폴드5(9.77㎜)와 샤오미 믹스폴드4(9.61㎜)도 광고보다 각각 0.57㎜, 0.14㎜ 더 두꺼웠다.삼성전자가 최근 출시한 갤럭시 Z폴드7은 오히려 공식 사양보다 더 얇았다. 공식 사양은 8.9㎜지만, 측정 결과는 8.82㎜로 측정 대상 폴더블폰 5종 중 유일하게 실측 두께가 9㎜ 미만이었다.스마트폰업계에 따르면 일부 중국 제조사는 공식 두께 사양 산출 때 보호 필름을 제외한 수치를 사용하는 것으로 알려졌다. KCEA는 “폴더블폰의 경우 제조 단계에서부터 화면 보호를 위한 필름이 내장돼 있어 소비자가 내외부 보호 필름을 탈부착해 사용할 수 없도록 설계돼 있다”며 “제품에 내장된 내외부 보호 필름을 제외한 두께 정보는 완제품을 구매 및 사용하는 소비자의 실제 사용 상황을 고려하지 않은 것”이라고 지적했다.황정수 기자 hjs@hankyung.com",https://www.hankyung.com/article/2025072404911,2025.07.24 17:49
"1180회 로또 추첨 결과…1등 11명, 1인당 약 25.3억 원 수령",,"7월 12일 추첨된 제1180회 로또복권의 1등 당첨 번호는 ‘6, 12, 18, 37, 40, 41’로 결정됐다. 보너스 번호는 ‘3’이다.이번 회차에서 1등 번호 6개를 모두 맞힌 행운의 주인공은 총 11명으로, 1인당 지급받는 금액은 25억 3,556만 6,421원이다.1등 다음으로 높은 등위인 2등은 당첨번호 5개에 보너스 번호까지 맞춘 이들로, 총 72명이 이에 해당한다. 이들은 각각 6,456만 3,034원을 받게 된다.3등(당첨번호 5개 일치)은 3,010명이었으며, 지급금은 1인당 154만 4,365원이다.4등과 5등은 고정 당첨금이 지급된다. 당첨번호 4개를 맞힌 4등은 15만 3,274명으로 1인당 5만 원을, 3개 번호가 일치한 5등은 256만 7,395명이며 각각 5,000원을 받는다.이번 회차의 1등 당첨 복권은 자동으로 선택된 것이 10건, 수동으로 고른 것이 1건이었다.자동 선택 당첨점은 다음과 같다:• 동행복권 공식 온라인 판매처• 부산 연제구 ‘성광복권명당’• 경기 구리시 ‘대박’• 경기 평택시 ‘내츄럴하우스복권판매점’• 강원 춘천시 ‘백억만로또’• 충북 청주시 ‘오창중앙복권’• 충남 아산시 ‘로또명당인주점’• 경북 포항시 ‘공단로또명당’• 경남 김해시 ‘해보라마트’• 경남 함안군 ‘공단로또점’수동으로 1등에 당첨된 복권은 경기 김포시 ‘행운드림로또&토토’에서 판매된 것이다.당첨금은 추첨일 다음 영업일부터 1년 이내에 수령해야 하며, 지급 기한이 지난 경우 당첨금은 지급되지 않는다.SK하이닉스, 두산에너빌리티, 삼성전자, 싸이닉솔루션, LG전자무료상담",https://www.hankyung.com/article/202507145978a,2025.07.14 09:51
신용대출 이자 절감 꿀팁! 증권사 3%대 대출 전환법 공개,,"전송종목 : HD현대마린엔진, GS, LIG넥스원, 미스토홀딩스, 현대글로비스최근 주식 투자자들 사이에서 주식대출(미수/신용융자 등)의 고금리에 대한 부담이 커지고 있다.특히 저금리를 적용 받고 싶어도, 기존 대출을 상환하고 다시 주식을 매수해야 하는 번거로운 절차와 자금 조달의 어려움이 발목을 잡고 있다.이런 현실적인 문제를 해결하고자, 무빙스탁이 ‘증권사 신용, 대환자금대출’ 서비스를 전격 출시했다.이 상품은 주식을 매도하지 않고도, 기존의 고금리의 주식대출(미수/신용융자 등)의 3%대의 혁신적인 저금리 증권사로 전환할 수 있도록 상환자금을 제공하는 것이 핵심이다.무빙스탁 관계자는 “현재 증권사 이벤트 금리는 연 3%대 수준으로, 기존 9~10%대 고금리를 적용받는 투자자라면 절감 효과가 상당하다”며, 금리를 5%만 낮추면 “1억원 신용대출 기준으로 연간 약 500만원, 3억원이라면 1,500만원까지도 절약할 수 있다”고 밝혔다.더 놀라운 점은, 현재는 이벤트 기간으로 대환자금대출 신청시 발생하는 이자 비용까지 ‘0원’이라는 사실이다. 대환자금에 대해서 하루의 대출이자도 부담하지 않고 기존 고금리 대출을 저금리로 전환할 수 있어, 고금리 부담에 시달리던 투자자들에게 큰 호응을 얻을 전망이다.이 서비스는 부동산 시장에서 흔히 이용되던 대환대출 개념을 증권시장에 도입한 혁신적인 시도로, 주식 투자자들의 자금 운용에 새로운 대안을 제시할 것으로 기대된다.무빙스탁 ‘증권사 신용, 대환자금대출’의 비용 무료 이벤트는 이벤트 기간 동안 한정적으로 제공되는 만큼, 신용융자를 이용 중인 투자자라면 지금 바로 확인해볼 필요가 있다.★ 장마감 시간이 가까워질수록 문의가 많아 상담이 지연될 수 있습니다.★ 7월 문의하신 고객들이 많이 보유하신 종목으로는 삼성전자, POSCO홀딩스, 셀트리온, 포스코퓨처엠, 에코프로비엠, NAVER, 에코프로, 삼성SDI, LG화학, SK하이닉스, 두산에너빌리티, 카카오, SK이노베이션, LG에너지솔루션, 엘앤에프, 삼천당제약, 현대차, 알테오젠, HPSP, LG전자 등이 있습니다.★ 안내사항과도한 빚은 당신에게 큰 불행을 안겨줄 수 있습니다. 대출 시 신용등급 하락으로 다른 금융거래가 제약받을 수 있습니다. 중개수수료를 요구하거나 받는 것은 불법입니다.상호명: ㈜단비대부 2021-서울영등포-2102(대부업) | TEL: 1544-4886 | 대출금리: 연 20%이내(연체금리는 약정금리+3%p이내, 최대 연 20%이내) | 단, 2021. 7. 7.부터 신규체결, 갱신, 연장되는 계약에 한함 | 채무의 조기상환 조건 및 부대비용 없음. (단, 신용조회비용 및 담보권설정비용 있음), 이자 외 별도로 중개수수료를 요구하거나 수취하는 것은 불법입니다. | 대표이사: 박동원 | 사업자등록번호: 274-86-00231 | 등록기관명칭: 서울 영등포구청(담당부서: 일자리경제과, 02-2670-3420) | 소재지 : 서울 영등포구 여의대방로67길 11, 5층 517호 | 개인정보관리자메일: help@danbifund.co.kr무료상담",https://www.hankyung.com/article/202507235734a,2025.07.23 08:33
폭염에 불티나게 팔린 에어컨…'한 대라도 더 팔자' 총력전,,"삼성전자, '에어컨 생산라인 풀가동'으로 AI 에어컨 수요 적극 대응. / 사진=삼성전자

                올해 역대급 폭염이 이어지면서 에어컨 판매량도 급증하고 있다. 가전업체들은 생산라인을 완전 가동하는 등 수요에 대응하기 위해 총력전을 펼치고 있다.13일 가전업계에 따르면 삼성전자 가정용 스탠드 및 벽걸이 에어컨의 올해 상반기 누적 판매량은 작년 동기 대비 20% 이상 늘었고, 최근 한 달간 판매량은 30% 이상 증가했다.찜통 더위가 본격 시작되면서 판매량 증가세는 빨라지고 있다. 이에 삼성전자는 작년보다 열흘 더 빨리 에어컨 생산라인을 완전 가동하기 시작했다. 또 4700명 규모의 에어컨 설치 전담팀을 조기에 확대 운영하고 있다.
                    



사진=LG전자

                LG전자는 이달 1~10일 휘센 스탠드 에어컨 판매량이 전년 동기 대비 170% 급증했다. 에어컨 구독 신청 건수는 230%나 늘었다.LG전자는 지난 3월부터 에어컨 생산라인을 완전 가동하면서 몰려드는 주문에 대응하고 있다. 이에 1분기 에어컨 생산 가동률은 138.4%에 달했다. LG전자 역시 설치 인력을 추가 투입해 운영 중이다.양사는 무더위 말고도 에어컨에 인공지능(AI) 기능을 강화한 것이 판매 호조에 영향을 미친 것으로 보고 있다. 삼성전자의 올해 AI 에어컨 신제품은 실내외 온도와 습도, 사용자 패턴 등 정보를 토대로 냉방 모드를 자동 조절해 최적의 환경을 제공하는 'AI 쾌적' 기능과 최대 30%까지 에너지를 절감하는 'AI 절약모드' 등을 지원한다.LG전자가 올해 선보인 'LG 휘센 오브제컬렉션 타워I'와 'LG 휘센 오브제컬렉션 뷰I 프로'에는 'AI 음성인식' 기능이 탑재됐다. 사용자가 ""땀나네"" 같은 일상적 표현만 해도 AI가 의도를 파악해 온도와 풍량을 조절해주는 등 리모컨 없이도 음성만으로 제어가 가능하다. 사용자의 이용 패턴과 공간 구조를 학습해 맞춤형 냉방을 제공하는 'AI 바람' 기능도 탑재됐다.홍민성 한경닷컴 기자 mshong@hankyung.com",https://www.hankyung.com/article/2025071344267,2025.07.13 07:47
9~10% 주식 관련 대출에서 3%대 대출로 교체,,"전송종목 : 엠게임, CMG제약, KTcs, 엠로, 메타바이오메드최근 주식 투자자들 사이에서 주식대출(미수/신용융자 등)의 고금리에 대한 부담이 커지고 있다.특히 저금리를 적용 받고 싶어도, 기존 대출을 상환하고 다시 주식을 매수해야 하는 번거로운 절차와 자금 조달의 어려움이 발목을 잡고 있다.이런 현실적인 문제를 해결하고자, 무빙스탁이 ‘증권사 신용, 대환자금대출’ 서비스를 전격 출시했다.이 상품은 주식을 매도하지 않고도, 기존의 고금리의 주식대출(미수/신용융자 등)의 3%대의 혁신적인 저금리 증권사로 전환할 수 있도록 상환자금을 제공하는 것이 핵심이다.무빙스탁 관계자는 “현재 증권사 이벤트 금리는 연 3%대 수준으로, 기존 9~10%대 고금리를 적용받는 투자자라면 절감 효과가 상당하다”며, 금리를 5%만 낮추면 “1억원 신용대출 기준으로 연간 약 500만원, 3억원이라면 1,500만원까지도 절약할 수 있다”고 밝혔다.더 놀라운 점은, 현재는 이벤트 기간으로 대환자금대출 신청시 발생하는 이자 비용까지 ‘0원’이라는 사실이다. 대환자금에 대해서 하루의 대출이자도 부담하지 않고 기존 고금리 대출을 저금리로 전환할 수 있어, 고금리 부담에 시달리던 투자자들에게 큰 호응을 얻을 전망이다.이 서비스는 부동산 시장에서 흔히 이용되던 대환대출 개념을 증권시장에 도입한 혁신적인 시도로, 주식 투자자들의 자금 운용에 새로운 대안을 제시할 것으로 기대된다.무빙스탁 ‘증권사 신용, 대환자금대출’의 비용 무료 이벤트는 이벤트 기간 동안 한정적으로 제공되는 만큼, 신용융자를 이용 중인 투자자라면 지금 바로 확인해볼 필요가 있다.★ 장마감 시간이 가까워질수록 문의가 많아 상담이 지연될 수 있습니다.★ 7월 문의하신 고객들이 많이 보유하신 종목으로는 삼성전자, POSCO홀딩스, 셀트리온, 포스코퓨처엠, 에코프로비엠, NAVER, 에코프로, 삼성SDI, LG화학, SK하이닉스, 두산에너빌리티, 카카오, SK이노베이션, LG에너지솔루션, 엘앤에프, 삼천당제약, 현대차, 알테오젠, HPSP, LG전자 등이 있습니다.★ 안내사항과도한 빚은 당신에게 큰 불행을 안겨줄 수 있습니다. 대출 시 신용등급 하락으로 다른 금융거래가 제약받을 수 있습니다. 중개수수료를 요구하거나 받는 것은 불법입니다.상호명: ㈜단비대부 2021-서울영등포-2102(대부업) | TEL: 1544-4886 | 대출금리: 연 20%이내(연체금리는 약정금리+3%p이내, 최대 연 20%이내) | 단, 2021. 7. 7.부터 신규체결, 갱신, 연장되는 계약에 한함 | 채무의 조기상환 조건 및 부대비용 없음. (단, 신용조회비용 및 담보권설정비용 있음), 이자 외 별도로 중개수수료를 요구하거나 수취하는 것은 불법입니다. | 대표이사: 박동원 | 사업자등록번호: 274-86-00231 | 등록기관명칭: 서울 영등포구청(담당부서: 일자리경제과, 02-2670-3420) | 소재지 : 서울 영등포구 여의대방로67길 11, 5층 517호 | 개인정보관리자메일: help@danbifund.co.kr무료상담",https://www.hankyung.com/article/202507158087a,2025.07.15 08:43
"삼성 준감위 ""이재용, 죽을 각오로 경영해야""",,"영상 모듈 닫기




<앵커>삼성 준법감시위원회가 이재용 삼성전자 회장의 이사회 복귀와 컨트롤타워 부활을 촉구했습니다.이찬희 삼성 준감위원장은 ""이재용 회장이 죽을 각오로 공격적인 경영에 나서야 한다""고 강조했습니다.현장에 나가 있는 취재기자 연결해 자세히 알아보겠습니다.김대연 기자, 준감위가 이 회장에게 등기이사로 나설 것을 요청했다고요?<기자>네, 삼성전자 서초사옥 앞에 나와 있습니다.오늘(23일) 오후 2시부터 시작된 삼성준법감시위원회 회의는 아직 진행 중입니다.준감위는 삼성그룹 임직원의 준법 경영을 감시하는 외부 독립기구입니다.특히 오늘 회의는 이 회장이 10년간 이어진 사법리스크를 완전하게 해소한 이후 처음 열린 겁니다.이찬희 삼성 준감위원장은 취재진과 만나 이 회장이 이사회에 합류해야 한다고 강조했습니다.[이찬희 / 삼성 준법감시위원회 위원장: 등기임원의 조속한 복귀를 생각하고 말씀드리겠습니다. 재판에 대한 굴레에서 벗어나서 죽기를 각오하는 공격적인 경영을 해야만 삼성이 발전하고…]국내 4대 그룹 총수 중 유일하게 이 회장만 미등기 임원입니다.지난 2019년 10월 임기 만료 이후 6년째 등기이사를 맡지 않았습니다.리더십 공백 속 삼성은 반도체 등 주력 사업에서 고전을 면치 못하고 있습니다.이 위원장은 이 회장이 등기이사로 복귀하는 데 많은 위원이 공감하고 있다고 전했습니다.삼성 준감위는 조만간 이 회장에게 이 같은 의견을 전달하겠다고 밝혔습니다.<앵커>그렇다면 이 회장이 이사회로 복귀하면, 어떤 변화가 예상됩니까?<기자>이 회장이 대규모 인수합병(M&A)이나 투자에 박차를 가할 것으로 관측됩니다.올해 삼성은 이미 세 차례 M&A를 진행했습니다.이 회장이 이사회에 합류하면, 투자 결정이 한층 빨라질 것으로 보입니다.다만, 상법 개정은 이 회장의 이사회 복귀에 걸림돌로 작용할 수 있습니다.최근 이사의 충실의무 대상이 회사에서 회사와 주주까지 확대됐습니다.회사의 이익을 위한 M&A나 신사업의 성과가 부진하면, 주주들이 법적 대응에 나설 가능성이 커지는 겁니다.하지만 미국의 관세 정책과 중국 업체의 추격 등 위기가 고조된 만큼 전면에 나서야 한다는 목소리가 높습니다.삼성 준감위는 경쟁력 강화를 위해 컨트롤타워가 필요하다고 재차 강조했습니다.[이찬희 / 삼성 준법감시위원회 위원장: 삼성이라는 큰 기업이 국민 경제에 차지하는 위치를 (고려했을 때)…국제 경쟁력 강화 측면에서 컨트롤타워가 개인적으로는 필요하다고 생각합니다.]이 회장의 이사회 복귀는 임시주총을 통해 결정될 수 있는 만큼 이르면 하반기에 이뤄질 것으로 보입니다.지금까지 삼성전자 서초사옥에서 한국경제TV 김대연입니다.김대연기자 bigkite@wowtv.co.kr",https://www.hankyung.com/article/2025072377635,2025.07.23 17:54
9~10% 주식 관련 대출에서 3%대 대출로 교체,,"전송종목 : CMG제약, 삼아알미늄, LS, 녹십자, GS건설최근 주식 투자자들 사이에서 주식대출(미수/신용융자 등)의 고금리에 대한 부담이 커지고 있다.특히 저금리를 적용 받고 싶어도, 기존 대출을 상환하고 다시 주식을 매수해야 하는 번거로운 절차와 자금 조달의 어려움이 발목을 잡고 있다.이런 현실적인 문제를 해결하고자, 무빙스탁이 ‘증권사 신용, 대환자금대출’ 서비스를 전격 출시했다.이 상품은 주식을 매도하지 않고도, 기존의 고금리의 주식대출(미수/신용융자 등)의 3%대의 혁신적인 저금리 증권사로 전환할 수 있도록 상환자금을 제공하는 것이 핵심이다.무빙스탁 관계자는 “현재 증권사 이벤트 금리는 연 3%대 수준으로, 기존 9~10%대 고금리를 적용받는 투자자라면 절감 효과가 상당하다”며, 금리를 5%만 낮추면 “1억원 신용대출 기준으로 연간 약 500만원, 3억원이라면 1,500만원까지도 절약할 수 있다”고 밝혔다.더 놀라운 점은, 현재는 이벤트 기간으로 대환자금대출 신청시 발생하는 이자 비용까지 ‘0원’이라는 사실이다. 대환자금에 대해서 하루의 대출이자도 부담하지 않고 기존 고금리 대출을 저금리로 전환할 수 있어, 고금리 부담에 시달리던 투자자들에게 큰 호응을 얻을 전망이다.이 서비스는 부동산 시장에서 흔히 이용되던 대환대출 개념을 증권시장에 도입한 혁신적인 시도로, 주식 투자자들의 자금 운용에 새로운 대안을 제시할 것으로 기대된다.무빙스탁 ‘증권사 신용, 대환자금대출’의 비용 무료 이벤트는 이벤트 기간 동안 한정적으로 제공되는 만큼, 신용융자를 이용 중인 투자자라면 지금 바로 확인해볼 필요가 있다.★ 장마감 시간이 가까워질수록 문의가 많아 상담이 지연될 수 있습니다.★ 7월 문의하신 고객들이 많이 보유하신 종목으로는 삼성전자, POSCO홀딩스, 셀트리온, 포스코퓨처엠, 에코프로비엠, NAVER, 에코프로, 삼성SDI, LG화학, SK하이닉스, 두산에너빌리티, 카카오, SK이노베이션, LG에너지솔루션, 엘앤에프, 삼천당제약, 현대차, 알테오젠, HPSP, LG전자 등이 있습니다.★ 안내사항과도한 빚은 당신에게 큰 불행을 안겨줄 수 있습니다. 대출 시 신용등급 하락으로 다른 금융거래가 제약받을 수 있습니다. 중개수수료를 요구하거나 받는 것은 불법입니다.상호명: ㈜단비대부 2021-서울영등포-2102(대부업) | TEL: 1544-4886 | 대출금리: 연 20%이내(연체금리는 약정금리+3%p이내, 최대 연 20%이내) | 단, 2021. 7. 7.부터 신규체결, 갱신, 연장되는 계약에 한함 | 채무의 조기상환 조건 및 부대비용 없음. (단, 신용조회비용 및 담보권설정비용 있음), 이자 외 별도로 중개수수료를 요구하거나 수취하는 것은 불법입니다. | 대표이사: 박동원 | 사업자등록번호: 274-86-00231 | 등록기관명칭: 서울 영등포구청(담당부서: 일자리경제과, 02-2670-3420) | 소재지 : 서울 영등포구 여의대방로67길 11, 5층 517호 | 개인정보관리자메일: help@danbifund.co.kr무료상담",https://www.hankyung.com/article/202507210588a,2025.07.21 08:33
9~10% 주식 관련 대출에서 3%대 대출로 교체,,"전송종목 : 하이트진로, 유한양행, CJ대한통운, 두산, DL최근 주식 투자자들 사이에서 주식대출(미수/신용융자 등)의 고금리에 대한 부담이 커지고 있다.특히 저금리를 적용 받고 싶어도, 기존 대출을 상환하고 다시 주식을 매수해야 하는 번거로운 절차와 자금 조달의 어려움이 발목을 잡고 있다.이런 현실적인 문제를 해결하고자, 무빙스탁이 ‘증권사 신용, 대환자금대출’ 서비스를 전격 출시했다.이 상품은 주식을 매도하지 않고도, 기존의 고금리의 주식대출(미수/신용융자 등)의 3%대의 혁신적인 저금리 증권사로 전환할 수 있도록 상환자금을 제공하는 것이 핵심이다.무빙스탁 관계자는 “현재 증권사 이벤트 금리는 연 3%대 수준으로, 기존 9~10%대 고금리를 적용받는 투자자라면 절감 효과가 상당하다”며, 금리를 5%만 낮추면 “1억원 신용대출 기준으로 연간 약 500만원, 3억원이라면 1,500만원까지도 절약할 수 있다”고 밝혔다.더 놀라운 점은, 현재는 이벤트 기간으로 대환자금대출 신청시 발생하는 이자 비용까지 ‘0원’이라는 사실이다. 대환자금에 대해서 하루의 대출이자도 부담하지 않고 기존 고금리 대출을 저금리로 전환할 수 있어, 고금리 부담에 시달리던 투자자들에게 큰 호응을 얻을 전망이다.이 서비스는 부동산 시장에서 흔히 이용되던 대환대출 개념을 증권시장에 도입한 혁신적인 시도로, 주식 투자자들의 자금 운용에 새로운 대안을 제시할 것으로 기대된다.무빙스탁 ‘증권사 신용, 대환자금대출’의 비용 무료 이벤트는 이벤트 기간 동안 한정적으로 제공되는 만큼, 신용융자를 이용 중인 투자자라면 지금 바로 확인해볼 필요가 있다.★ 장마감 시간이 가까워질수록 문의가 많아 상담이 지연될 수 있습니다.★ 7월 문의하신 고객들이 많이 보유하신 종목으로는 삼성전자, POSCO홀딩스, 셀트리온, 포스코퓨처엠, 에코프로비엠, NAVER, 에코프로, 삼성SDI, LG화학, SK하이닉스, 두산에너빌리티, 카카오, SK이노베이션, LG에너지솔루션, 엘앤에프, 삼천당제약, 현대차, 알테오젠, HPSP, LG전자 등이 있습니다.★ 안내사항과도한 빚은 당신에게 큰 불행을 안겨줄 수 있습니다. 대출 시 신용등급 하락으로 다른 금융거래가 제약받을 수 있습니다. 중개수수료를 요구하거나 받는 것은 불법입니다.상호명: ㈜단비대부 2021-서울영등포-2102(대부업) | TEL: 1544-4886 | 대출금리: 연 20%이내(연체금리는 약정금리+3%p이내, 최대 연 20%이내) | 단, 2021. 7. 7.부터 신규체결, 갱신, 연장되는 계약에 한함 | 채무의 조기상환 조건 및 부대비용 없음. (단, 신용조회비용 및 담보권설정비용 있음), 이자 외 별도로 중개수수료를 요구하거나 수취하는 것은 불법입니다. | 대표이사: 박동원 | 사업자등록번호: 274-86-00231 | 등록기관명칭: 서울 영등포구청(담당부서: 일자리경제과, 02-2670-3420) | 소재지 : 서울 영등포구 여의대방로67길 11, 5층 517호 | 개인정보관리자메일: help@danbifund.co.kr무료상담",https://www.hankyung.com/article/202507185994a,2025.07.18 08:33
[포토] 코스피·코스닥 '동반 상승',,"21일 서울 여의도 한국거래소 전광판에 종가가 표시되고 있다. 이날 코스피 지수는 전 거래일 대비 22.74p(0.71%) 오른 3210.81, 코스닥 지수는 1.02p(0.12%) 오른 821.69로 장을 마감했다.삼성전자 종가는 전 거래일 대비 700원 오른 67,800원(+1.04%)으로 마감했다.
                    




                임형택 기자 taek2@hankyung.com",https://www.hankyung.com/article/202507212323i,2025.07.21 16:31
"""車 대신 도로가 주도""…역발상 자율주행 현장 가보니 [영상]","서울로보틱스 드라이빙 행사 
앞 유리·센서 가리고 군집주행 시연
사유 도로에 라이다센서 설치해 중앙 관제센터서 차량 제어","영상 모듈 닫기




앞 유리를 포함한 자동차의 전면부를 붉은 천으로 모두 가린 차들이 줄지어 이동한다. 이 중 한 대는 출고된 지 5년은 족히 넘어 보이는 내연기관으로 구동되는 구형 스포츠유틸리티차량(SUV)이다. 주행 경로에 사람이 진입하자 차들이 멈춘다. 군집주행을 마치더니 순서대로 주차 구획으로 정확하게 들어간다.운전을 위한 관찰(Observe), 상황판단(Orient), 결정(Decide), 행동(Act)의 4단계에서 자동차의 역할은 없다. 도로에 설치된 여러 개의 라이다 센서가 관찰하고, 관제센터의 인공지능(AI)이 판단해 결정한 뒤, 자체 통신망을 통해 전달되는 신호가 자동차를 제어한다.서울로보틱스는 지난 15일 경기 성남시 연구개발(R&D)센터에서 미디어를 대상으로 ‘드라이빙 데이’ 행사를 열고 이 같은 자율주행 기술을 시연했다.서울로보틱스의 고객은 일반 소비자가 아니다. 특정 공간 안에서 여러 대의 차량을 일사불란하게 이동시켜야 하는 기업들을 겨냥한 자율주행 기술이다. 이한빈 서울로보틱스 대표는 “센서와 AI가 차량 안에 들어가는 소비자 대상(B2C) 자율주행은 다른 차량과 소통이 원활하지 않아 병목현상이 발생했을 때 대처하지 못할 가능성이 있다”며 “서울로보틱스의 자율주행 기술은 관제센터가 각각의 차량을 통합해 제어하기 때문에 빠르게 교통정리할 수 있다”고 설명했다.현재 서울로보틱스의 기술이 활용되는 현장은 자동차 공장이다. 출고된 차량을 공장에서 탁송센터까지, 항만에서 해외로 실어 나를 선박까지 각각 보내는 역할을 한다. BMW가 서울로보틱스의 고객사로 알려져 있다.
                    



이한빈 서울로보틱스 대표. /사진=서울로보틱스

                이 대표는 “독일에서는 저렴한 보수로 자동차 탁송 일을 할 사람을 구하지 못해 동유럽에서 인력을 공수해 오는 상황이고, 일본에선 탁송원들의 고령화로 유럽으로 보내야 할 차량을 남미행 배로 보내는 일이 발생하기도 한다”고 전했다.효율성도 높다. 인간 탁송원 5명이 50대의 차량을 이동시키는 데는 1시간에서 1시간30분이 걸리지만, 서울로보틱스의 자율주행 기술을 활용하면 5분 만에 완료할 수 있다.서울로보틱스가 가장 강조하는 강점은 ‘안전성’이다. 악천후 속에서도 20cm 크기의 장애물까지 인식해 대처할 수 있어, 지금까지 단 한 건의 사고도 발생하지 않았다고 한다.회사의 AI 역량이 만든 경쟁력이다. 이 대표는 “서울로보틱스는 오픈소스를 사용하지 않고 딥러닝 모델을 직접 개발했다”며 “자체적인 데이터셀도 갖고 있으며 앞으로도 계속 쌓아나갈 예정”이라고 말했다.대신 도로에 인프라를 깔아 구현하는 자율주행인 만큼 초기 비용이 들어갈 수밖에 없다. 서울로보틱스는 50m 간격으로 라이다 센서를 설치한다. 사각지대가 없도록 하고, 도로 상황을 중복적으로 인식하기 위해서다. 특정 지점을 인식하는 라이다의 수는 4개다. 1~2개가 고장 나도 인식을 이어나갈 수 있다.초기 비용은 서울로보틱스와 고객사가 함께 부담한다. 이후 운송하는 차량당 요금을 매겨 서울로보틱스가 수익을 챙긴다. 이 대표는 “이 같은 방식으로 1년에서 1년 반 정도면 고객사와 서울로보틱스 모두 투자수익률(ROI)을 만들 수 있다”고 설명했다.초기 비용은 계속 줄어들 전망이다. 몇 년 전만 해도 대당 수천만원에 달하던 라이다 센서가 현재는 200만~300만원 수준으로 낮아졌기 때문이다.자율주행 기술을 활용하는 용처의 확장 가능성도 크다. 우선 차량의 제약이 적다. 이 대표는 “통신이 가능하고, 전자식 기어 시스템에 크루즈 컨트롤 기능이 있으면 원격으로 차량을 제어할 수 있다”고 설명했다. 실제 기자가 시승한 자율주행차량도 2017~2020년에 만들어진 지프 그랜드체로키 모델이었다.서울로보틱스는 고객군 확대도 추진하고 있다. 완성차 업체 외에도 국내 항만공사 등과 접촉하고 있다. 이 대표는 “고객사들의 현장을 가보면 노후화된 곳이 많다”며 “서울로보틱스의 사용자환경(UI)은 웹페이지 기반으로 만들기에 기존 고객사의 시스템과 연동하기가 편하다”고 설명했다.서울로보틱스는 올해 내 코스닥 상장을 추진하고 있다. 성공하면 국내 자율주행 기업으로는 처음이다. 기술특례상장 분야에 역량을 가진 삼성증권을 주관사로 내세웠다. 3분기 안에 상장예비심사청구서를 한국거래소에 제출할 계획이다. 관련 업계에서는 기업가치를 5000억원으로 추산하고 있다.한경우 한경닷컴 기자 case@hankyung.com",https://www.hankyung.com/article/2025071872146,2025.07.19 19:35
,,,https://magazine.hankyung.com/business/article/202507134509b,
"한국투자증권, ELW 579종목 신규 상장",,"사진=한국투자증권

                한국투자증권은 주식워런트증권(ELW) 579종목을 신규 상장한다고 16일 밝혔다.상장 종목은 코스피200·코스닥150을 기초자산으로 하는 지수형 ELW 416종목과 삼성전자, SK하이닉스, 네이버, POSCO홀딩스 등을 기초자산으로 하는 종목형 ELW 163종목이다.ELW는 개별 주식이나 주가지수를 만기일에 미리 정한 가격으로 사고팔 수 있는 권리를 거래하는 상품이다. 기초자산의 상승을 예상하면 콜 ELW, 하락을 예상하면 풋 ELW를 매수해 시장 상황과 무관한 수익 기회를 얻을 수 있다. 다만, 기초자산 가격이 당초 예상한 방향으로 움직이지 않으면 만기 시 원금 100%까지 손실이 발생할 수 있다.한국투자증권은 한국거래소 ELW 시장에서 거래대금과 상장종목 수 모두 1위를 기록하며 시장을 선도하고 있다.ELW를 거래하려면 투자성향을 진단하고, 사전 투자자 교육을 이수해야 한다. 또 신규고객 기준 최소 1500만원의 기본예탁금을 충족해야 한다. 기타 자세한 내용은 한국투자증권 ELW 전용 홈페이지와 카카오톡 채널 'TRUE ELW'에서 확인할 수 있다.진영기 한경닷컴 기자 young71@hankyung.com",https://www.hankyung.com/article/2025071621216,2025.07.16 14:30
저가 매수의 기회를 수익금 4배로 불릴 기회는?,,"부자네스탁론이 새롭게 선보인 스탁론 상품이 투자자들 사이에서 화제를 모으고 있다. 해당 상품은 본인자산포함 4배로 투자 가능, 담보유지비율 120%의 유연한 조건과 다양한 투자 솔루션을 앞세워 증권사 신용, 담보대출 대비 높은 활용도를 자랑한다.일반적으로 증권사 신용융자에 비해 더 높은 레버리지와 더 낮은 담보유지비율을 제공하는 스탁론은, 투자 고수들 사이에서 이미 널리 알려진 수단이다. 부자네스탁론은 여기에 더해 미수금이나 반대매매 위험을 해결해주는 대환대출 상품, 투자 기회를 살리고 싶어하는 전략적 투자자들을 위한 다양한 서비스를 제공한다.또한 신용, 주식담보대출 이용불가 종목, 총부채원리금상환비율(D.S.R) 같은 규제 이슈로 제약을 받아온 투자자들에게도 계좌 평가금액 기준으로 맞춤형 대출이 가능하도록 설계되어 실질적인 해결책이 되고 있다.부자네스탁론은 “고객 한 명 한 명의 투자 상황에 맞춰 최적의 대출 방법을 제공하고 있다”며, “강화된 금융 규제 환경 속에서도 투자자들의 기회를 넓히는 데 최선을 다하겠다”고 밝혔다.-스탁론 D.S.R<총부채원리금상환비율> 고강도 규제에도! 문제없는 부자네스탁론!– 소득 낮고 기존 대출금액 많아도 계좌평가금액에 비례해서 대출가능!– 본인자산 포함 4배끼지 투자 가능!▶머니투데이 부자네스탁론① 5년 고정금리로 금리인상 걱정없이 운용 가능② 자기자본포함 최대 4배까지 레버리지 투자 가능③ 매수가능종목 100% 집중투자가능 (코스닥, 시가총액, 포트폴리오비율상관없이)④ 스탁론 전종목 1:1 매수상담문의 → 수익극대화⑤ 반대매도 임박 / 추가입금이 힘들다면? → 1:1 로스컷 전문상담⑥ D.S.R과 신용등급 낮.아.도 문제없이 매입/대환까지 가능!⑦ 위 혜택을 4%대의 저금리로 이용 가능!★ D.S.R비율, 신용등급 무관 저금리 부자네스탁 AM8:00~PM4:00 ☎1577-5852★ AM 8:00 부터 선착순 예약접수 http://www.bujane.co.kr/7월 고객들의 문의가 많은 종목은 삼성전자, SK하이닉스, LG에너지솔루션, KB금융, 현대차 등이 있다.무료상담",https://www.hankyung.com/article/202507173367a,2025.07.17 08:23
"류진 ""4대그룹 총수, 내년 한경협 회장단 영입 추진""","""한경협, 재계 맏형 노릇 하려면
이재용 등이 회장단 복귀해야

美관세 협상 손해봐도 줄건 줘야
상법 개정은 속도조절 필요

취임후 잘한 일은 윤리위 신설
투명성 높여 신규 회원 확 늘어""","“이재용 삼성전자 회장 등 4대 그룹 총수들이 한국경제인협회 회장단에 복귀할 수 있도록 최선을 다하겠습니다.”류진 한경협 회장(사진)은 지난 18일 제주 서귀포에서 열린 ‘경영자 제주하계포럼’에서 기자간담회를 하고 “국정농단 사태 여파로 한동안 전국경제인연합회(한경협 전신)는 존폐 위기에 놓였지만 이제는 국민들이 한경협을 용서해주시지 않았나 생각한다”며 이렇게 말했다. 류 회장은 한경협이 명실상부한 재계 맏형이 되려면 4대 그룹 총수가 회장단에 들어와야 한다고 강조했다.그는 “이재용 회장이 최근 사법 리스크를 털어낸 만큼 4대 그룹 및 정부와 상의하며 (회장단 재편을) 추진하려고 한다”며 “임기가 끝날 때까지 최선을 다하겠다”고 했다. 류 회장의 임기는 2027년 2월까지다.4대 그룹은 2016년 불거진 국정농단 사태로 일제히 전경련에서 탈퇴했다가 2023년 8월 류 회장이 사령탑을 맡으면서 회원사로 재가입했다. 4대 그룹은 한경협 회비를 납부하고 있지만 회장단에는 참여하지 않고 있다.류 회장은 조직 쇄신을 위해 신설한 윤리위원회에 대해 “취임 이후 제일 잘한 일”이라고 자평했다. 그는 “현안이 있을 때마다 윤리위를 통해 투명하게 처리했더니 많은 기업이 신규 회원사로 들어왔다”고 설명했다. 한경협은 2023년 8월 3억원 이상 드는 용역 서비스, 정치와 관련한 이슈에 대해선 반드시 윤리위를 거치도록 정관을 개정했다.류 회장은 미국 정부가 제시한 데드라인(8월 1일)에 맞춰 진행하고 있는 관세 협상에 대해선 “앞으로 2주가 한국 경제의 운명을 가를 것”이라며 “미국 정부가 원하는 것을 잘 생각해서 당장 조금 손해를 보더라도 미래를 위해 줄 수 있는 건 주는 것이 좋지 않겠느냐”고 말했다. 그러면서 “2주 동안 국익을 위해 ‘풀코트 프레스’(전면 압박수비)를 해서 좋은 결과를 얻어야 한다”고 강조했다.정치권의 상법 개정 움직임에는 “너무 한꺼번에 빨리하면 부작용이 있으니, 속도를 늦춰가면서 해야 한다”고 말했다. 한경협은 문재인 정부 시절 사실상 ‘패싱’당할 정도로 경제 단체로서의 위상이 추락했지만, 이재명 정부 들어선 정부의 공식 파트너로 인정받고 있다. 류 회장은 “이재명 대통령과 저는 동향(경북 안동)인데, 안동 사람들은 고향 사람을 잘 챙기는 편”이라며 “이 대통령은 제가 본 리더 중 가장 얘기를 잘 듣는 경청의 리더십을 갖추는 등 조금 다르다는 느낌을 받았다”고 했다.제주=김채연 기자 why29@hankyung.com",https://www.hankyung.com/article/2025072126441,2025.07.21 17:43
2차전지 반등 vs 반도체 기대…하반기 수혜주 어디? [진짜 주식 3부],"안인기 대표 “흑연 반덤핑 수혜…2차전지, 바닥 탈출 신호”
송재호 대표 “하반기 반도체 업황 반등…삼성·소부장 함께 간다”","영상 모듈 닫기




7월 증시에서 투자자들의 관심은 ‘하반기 수혜 섹터’에 집중되고 있다. 미국의 대(對)중국 반덤핑 이슈, 글로벌 IT 대기업의 투자 확대, 순환매 장세가 교차하면서 이차전지와 반도체가 동시에 주목받는 흐름이다. 이에 지난 18일(금) 방송된 한국경제TV <진짜 주식 3부>에서는 안인기(강호투자컨설팅) 대표와 송재호(와이즈인베스트먼트) 대표가 각각 2차전지와 IT 반도체를 다음 주 ‘내 마음속의 섹터’로 선정하고 전략을 공유했다.
                    




                 안인기 대표는 “미국이 중국산 흑연에 93.5%의 반덤핑 관세를 부과하겠다고 밝히면서, 국내 소재주들이 반사 수혜 기대감으로 급등했다”며 “이는 단기 반짝 상승이 아니라, 순환매 구조 속에 2차전지가 다시 중심에 설 수 있다는 신호”라고 진단했다. 이어 “포스코퓨처엠, 엘앤에프 등 대형 종목에 외국인 수급이 집중되며 강세를 보였고, 리튬 가격 상승과 맞물린 하이드로리튬, 리튬포어스, 상보 등도 주목할 필요가 있다”고 설명했다. 그는 “2차전지는 계단식 우상향 흐름을 만들며 바닥을 찍고 턴어라운드하는 구간”이라며 “다음 주에도 강세 지속 가능성이 높다”고 덧붙였다.
                    




                 송재호 대표는 “지금 증시는 순환매 장세로, 반도체·바이오·2차전지·자동차가 번갈아 중심을 잡는 구간”이라며 “이 중에서도 반도체는 하반기 업황 반등이 명확히 예고된 섹터”라고 강조했다. 그는 “서버 DRAM 수요에 이어, 애플의 차세대 아이폰 메모리 확장과 윈도우12 출시에 따른 PC 수요 증가, 연말 폴더블폰 출시에 따른 부품 수요 확대 등 모멘텀이 풍부하다”고 설명했다. 또 “4분기 삼성전자 평택공장, SK하이닉스 청주공장의 장비 입고가 본격화되며 소부장 업종에도 기회가 올 것”이라며 장비주 중심의 선별적 접근 전략을 제시했다. 특히 그는 “레거시 공정 장비주 중심으로, 삼성전자와 연계된 소부장 벨트 종목군을 살펴보라”고 조언했다.
                    




                 한편, 한국경제TV <진짜 주식 3부>의 수익률 대회는 치열했던 본선 경쟁을 마무리하고 최종 결선 진출자 5인을 확정지었다. 1위로 결선에 오른 이광무(유능컨설팅) 대표는 누적 수익률 29.87%를 기록하며 예선부터 꾸준한 상승세를 이어갔다.이 외에도 ▲이동근 대표(14.13%), ▲권태민 대표(10.01%), ▲양태원 대표(8.68%), ▲한옥석 대표(2.00%)가 최종 5인에 이름을 올렸다.
                    




                 이들은 오는 7월 21일(월)부터 8월 8일(금)까지 이어지는 결선 무대에서 최종 우승자를 가리기 위한 본격 경쟁에 돌입할 예정이다.고영국증권에디터 yggo@wowtv.co.kr",https://www.hankyung.com/article/2025072114835,2025.07.21 11:32
'실적 괴물' TSMC가 찜했다…수원 '반도체 맛집' 가보니 [윤현주의 主食이 주식],,"반도체 디자인 솔루션 강자에이직랜드 수원 본사를 가다이종민 대표, 기업 청사진 제시“칩렛 등 차세대 반도체 설계시장 선도대만 공략 이어 美 2027년 본격 진출2028년 시가총액 1조 기업 자신이익 안정화 땐 주주친화 카드 쓸 것”백문불여일견(百聞不如一見). 백 번 듣는 것보다 한 번 보는 게 낫다는 말이다. 가짜뉴스 홍수 속 정보의 불균형을 조금이라도 해소하기 위해 주식 투자 경력 18년 11개월의 ‘전투개미’가 직접 상장사를 찾아간다. 회사의 사업 현황을 살피고 경영진을 만나 투자자들의 궁금증을 해결한다. 전투개미는 평소 그가 ‘주식은 전쟁터’라는 사고에 입각해 매번 승리하기 위해 주식 투자에 임하는 상황을 빗대 사용하는 단어다. 주식 투자에 있어서 그 누구보다 손실의 아픔이 크다는 걸 잘 알기에 오늘도 개인투자자 입장에서 기사를 쓴다. <편집자주>




경기도 수원시 영통구 대학4로 25에 위치한 에이직랜드 본사. 수원=윤현주 기자

                “4차 산업혁명의 핵심인 반도체에서 신규 계약들이 잇따라 체결되고 있습니다. 칩렛(chiplet) 및 AI(인공지능) 자동화 기반 플랫폼 전환을 통해 차세대 반도체 설계시장을 선도하겠습니다.”이종민 에이직랜드 대표(1974년생)는 지난 11일 기자와 만나 신성장동력에 대해 이같이 밝혔다. 이 회사는 세계 최대 파운드리(반도체 위탁생산) 기업 대만 TSMC의 국내 유일 칩 설계 파트너(VCA·Value Chain Alliance)인 코스닥 상장사다. TSMC VCA는 8곳이지만 사실상 4곳이 활동 중이다. 에이직랜드는 고객사가 원하는 칩을 대신 설계해 TSMC 반도체 공장에 생산을 넘기는 디자인하우스 업체다. 본사는 경기도 수원시 영통구 대학4로 25에 있다.2016년 4월 5일 설립된 에이직랜드는 글로벌 최대 IP(지식재산) 기업 Arm의 공식 파트너사기도 하다. ‘반도체 디자인 솔루션 강자’로 2019년 국내 최초 고대역대 5G RF(무선통신)칩 개발 완료 후 양산을 시작했고 2020년엔 국내 최초 AI 반도체를 개발했다. 2022년 대한민국 기업대상 R&D(연구개발) 혁신 분야 대상을 받았고 작년 하반기 대만 현지 법인(R&D·디자인 센터)을 세워 글로벌 영토를 넓히고 있다. 2027년엔 미국 반도체 시장을 본격 공략한다. 사업 영역은 주문형 반도체 디자인 서비스와 시스템 온 칩 제품 개발이다. 
                    



김대현(왼쪽), 고병환 프로가 로직 분석을 하고 있다. 수원=윤현주 기자

                아직 창립 10년이 안 됐지만 베테랑(15년 이상) 설계 엔지니어 비중이 높다. 약 250명의 임직원 중 200명이 엔지니어로 인력의 80%가 기술 인재다. 이들은 반도체 설계부터 웨이퍼 생산, 패키지&테스트, 품질 및 신뢰성 관리와 공급망 관리를 도맡는다. SK하이닉스, 파두, 딥엑스, 모빌리언트 등 70여개사와 거래하며 AI·메모리 등 최적의 디자인 솔루션을 제공한다. 경쟁사로는 가온칩스와 에이디테크놀로지가 있다.
                    



박혜림(왼쪽), 조현근 프로가 회사 CI를 소개하고 있다. 수원=윤현주 기자

 이종민 대표 “올 사상 최대 매출 1000억 돌파하겠다”이 대표는 “SK하이닉스 5나노 CXL(컴퓨트익스프레스링크) 개발, 딥엑스 고성능 AI 반도체칩 개발, 수퍼게이트 AI VPU(Vision Processing Unit) 개발 계약 등으로 올해 사상 최대 매출인 ‘1000억원 클럽’에 가입하겠다”고 말했다. 이어 “대만 현지 법인 2나노, 3나노 공정 설계 및 첨단 패키징 엔지니어 보강으로 대만 팹리스 3나노 공정과 뉴로모픽(뇌 모방 반도체) 등에서 신규 수주를 기대하고 있다”고 덧붙였다. 
                    



이종민 에이직랜드 대표가 새 먹거리에 대한 사업 설명 후 자신감 있는 포즈를 취하고 있다. 수원=윤현주 기자

                특히 고마진 정책을 위한 칩렛 플랫폼 개발에 속도를 내고 있다. 칩렛은 반도체를 작은 조각(칩)으로 나눠 이를 조립해 하나의 반도체처럼 만드는 기술이다. 공정 기술에선 다수의 다이를 단일 패키지로 통합해 대규모 칩 개발이 가능하고, 미세 수율에선 다이 크기를 줄이고 개체 수를 늘려서 수율 향상이 용이하다. 꼭 필요한 부분만 미세 공정 가능한 것도 장점이다. 예를 들면 웨이퍼 한 장에 기존 반도체 칩이 가로 2.5㎝, 세로 3㎝의 크기로 70개 정도 들어갔다면 파티클(대규모 집적 회로의 제조 공정이나 전자 부품의 정밀 공정에서 문제가 되는 미세 먼지)이 10개 정도 발생할 경우 수율이 낮아질 수 있는데 칩렛을 기존 칩보다 4분의 1 크기로 만들고 연결하면 파티클이 떨어져도 작은 면적만 교체해 수율을 높일 수 있다. 
                    



최서윤 프로가 타이밍 체크를 하고 있다. 수원=윤현주 기자

                웨이퍼 수만 장의 경우 반도체사 입장에선 비용 절감과 수율 향상, 에이직랜드의 입장에선 고마진을 남길 수 있는 것이다. 그는 “칩렛 재사용 기반의 모듈형 설계 전략은 설계 효율과 양산성을 향상시키고 고객 확장성을 제고할 수 있는 이점이 있다”고 설명했다. 실제 미세공정 한계 돌파 대안으로 칩렛이 부상하고 있다. AMD(어드밴스드 마이크로 디바이시스), 인텔, 애플 등 글로벌 기업에서 적극 도입 중인데 2033년까지 약 156조원 시장이 될 것으로 보고 있다. 
                    



이진구 팀장(왼쪽)과 이언식 프로가 케이스 스터디를 하고 있다. 수원=윤현주 기자

“맞춤 AI 반도체 시장 공략” … 2030년 800억달러 전망또 “데이터센터와 엣지향 AI 반도체 수요가 확대됨에 따라 수요처별 맞춤 AI 반도체 시장을 공략하겠다”고 강조했다. 실제 1분기 기준 전체 수주잔고 중 47.8%가 AI 반도체 부문이었다. 엣지향 AI는 자율주행·드론 등 AI 서비스에 특화된 AI 칩을 뜻한다. 데이터를 클라우드나 서버에 올리지 않고 디바이스 내에서 처리하기 때문에 데이터 전송 비용 절감과 보안성 강화, 실시간 응답 속도 향상 등의 이점이 있다.  
                    



직원들이 그룹 주간회의를 진행하고 있다. 수원=윤현주 기자

                한편 첨단 패키징 시장은 AI와 HPC(슈퍼컴퓨터) 수요 폭발로 고공행진 하고 있다. 리서치앤마켓(시장조사업체)에 따르면 글로벌 첨단 패키징 시장은 2025년 약 348억달러(47조8700억원)에서 2030년 480억달러 규모로 커질 전망이다. 특히 AI 반도체 시장은 같은 기간 800억달러 이상으로 성장할 것으로 예측돼 첨단 패키징 수요를 직접적으로 견인할 것으로 보고 있다.대만 법인(임직원 10명)의 선단 기술력을 바탕으로 글로벌 공략 강화를 노린다. 이 대표는 “아시아 반도체 중심지에서 기술 고도화 및 R&D 역량을 확장하고 대만 현지 영업 기반을 바탕으로 자생적 사업 구조를 마련했다”고 말했다. 이어 “대만 법인을 기반으로 아시아 영업을 확대하고 2027년엔 미국 사업 본격화 닻을 올리겠다”고 덧붙였다.  
                    



이경준 팀장이 그룹회의를 주관하고 있다. 수원=윤현주 기자

                세계반도체무역통계기구(WSTS)에 따르면 한국 반도체 글로벌 점유율은 2024년 18%에서 2030년 21%로 확대될 전망이다. AI 확산에 따른 AI 반도체 수요 증가 및 메모리 컨트롤러 시장 확대를 기대하는데 한국은 메모리 반도체(HBM, 낸드플래시)에서 세계 시장을 선도하고 있기 때문이다. 메모리 반도체를 생산하는 SK하이닉스와 TSMC의 협력이 가속화되면서 TSMC 국내 유일 VCA이자 SK하이닉스의 개발 파트너사인 에이직랜드의 성장이 기대되는 대목이다.  
                    



김준호 영업본부장이 웨이퍼를 소개하고 있다. 수원=윤현주 기자

                이 대표는 “메모리에서 파생된 비메모리 반도체 시장도 중요하다”고 강조했다. 그는 “삼성전자·SK하이닉스를 필두로 한국은 메모리 반도체에서 세계 1등인데 시스템 반도체에선 중국과 대만에 치이고 있다”며 “중국처럼 정부의 파격 지원금으로 반도체 생태계 지원사격이 절실하다”고 덧붙였다. 그는 “중국은 적자를 보고 제품을 팔아도 정부가 보전해 줘 원가 경쟁력이 생기고 글로벌 시장 지배력이 점점 높아지고 있다”며 “한국은 제품을 잘 만드는데 인건비 등 원가 경쟁력이 떨어져 기술 격차도 점점 비슷해지고 있는 실정이다”고 분위기를 전했다. 이어 “정부가 AI와 로봇에서 시야를 넓혀 ‘레거시 먹거리’ 반도체도 살펴봤으면 좋겠다”고 바람을 전했다.  매출 4년 만에 4배 증가 … 작년 이어 올해도 적자는 불가피에이직랜드는 몸집을 불리고 있다. 2020년 매출 236억원에서 작년 941억원으로 4년 만에 4배 증가했다. 영업이익은 2022년 114억원으로 사상 최대를 기록했지만 작년 170억원의 손실을 냈다. 그 이유를 묻자 “반도체 디자인 하우스는 우수 인력이 중요하다”며 “작년 신규 인력을 100명 넘게 채용했고 신사옥 이전(2024년 4월)과 업계 간 경쟁 치열로 빨간불이 켜졌다”고 해명했다. 고연봉인 엔지니어 비중이 높고 반도체 업황 둔화로 올해도 적자가 불가피해 보인다. 1분기엔 매출 157억원, 영업손실 79억원의 성적표를 제출했다. 
                    



이석용 글로벌전략본부장이 해외 지사를 소개하고 있다. 수원=윤현주 기자

                다만 “대만과 미국 팹리스 신규 고객사 확보 노력과 엣지 AI 및 메모리 반도체(CXL·SSD 컨트롤러) 개발 완료 및 양산 셋업 완료로 내년 2분기부터 흑자 전환이 가능할 것 같다”고 자신했다. 이어 “2027년 미국 본격 진출, AI·메모리·IoT(사물인터넷)·뉴로모픽 등 주요 제품 양산 모델을 확립할 수 있다”고 덧붙였다. 그는 “2028년엔 매출 3000억원, 영업이익 200억원에 도전하겠다”고 목소리를 높였다. 
                    



에이직랜드 주가 월봉 그래프 캡처.

                작년 대규모 적자에도 주가는 견조한 움직임이다. 13일 한국거래소에 따르면 주가는 3만2850원으로 석 달 전(4월 9일 2만4200원)보다 35.74% 올랐다.TSMC와 Arm과의 끈끈한 파트너십을 기반으로 사업을 운영 중인 점이 투자자들의 관심을 사고 있다. 현재의 실적보다는 미래 성장성에 베팅을 한 것이다. 작년 말 기준 개인투자자는 약 4만명 정도다.
                    



이상평 프로가 디자인 컴파일러 결과 리포트를 확인하고 있다. 수원=윤현주 기자

                에이직랜드의 공모가는 2만5000원이었는데 여전히 공모가 위에 주가가 형성되어 있다. 상장 후 차익 매물이 나오는 다른 새내기주와 비교하면 양호한 것이다. 기업공개 때 기관 수요예측에선 피델리티매니지먼트리서치(FMR), 아부다비투자당국(ADIA), 블랙록(Blackrock) 등 해외 대형 펀드까지 몰렸었다. 당시 참여 기관 수는 1906개, 경쟁률은 490 대 1이었다. 일반 청약 경쟁률은 759.88 대 1로 청약 증거금은 약 6조3000억원이 모였다. 
                    



임수진, 김형욱, 심성우 프로가 에이직랜드의 수상 이력을 소개하고 있다. 수원=윤현주 기자

 “내년 이익 안정 땐 자사주 매입과 소각 … 배당도 긍정 검토”4만명의 주주들을 위한 주가 부양책을 묻자 “내년 이익이 날 경우 자사주 매입과 소각을 검토하겠다”고 답했다. 이어 “실적 안정화 땐 배당 또한 긍정 검토하겠다”고 덧붙였다. 그는 “직원들이 500~600명 정도 되면 기술 경쟁력이 그만큼 높아진다”며 인력 투자에 멈추지 않겠단 신호를 보냈다. 총 주식 수는 1087만1660주로 이 대표(지분 23.67%) 외 특수관계인 3인이 지분 38.08%를 보유한 최대주주다. 외국인 지분율은 0.59%로 유통 물량은 사실상 60% 정도다. 1분기 기준 현금성 자산(단기금융상품 포함) 377억원, 유형자산 499억원 있다. 시가총액(3571억원)의 4분의 1 정도다. 
                    



최상규(왼쪽), 신호영 프로가 아이디어 회의 중 미소를 띠고 있다. 수원=윤현주 기자

                투자 긍정 요인으로는 글로벌 팹리스 회사 60%가 TSMC를 찾는 만큼 ‘톨게이트’ 역할에 해당하는 에이직랜드의 실적도 우상향할 수 있는 것이다. 또 AI 반도체 등 정부 과제를 통한 기술력 검증 및 자금 확보와 AI, 데이터센터, 메모리 컨트롤러 등 고성장 분야의 사업 포트폴리오를 구성해 퀀텀점프가 가능하다.다만 반도체 업황 사이클에 밀접하게 관련되어 있고 반도체 칩 개발 특성상 바로 결과물이 나오는 게 아니라 최소 2년은 지켜봐야 한다는 것이다. 설령 칩을 개발했다고 해서 어느 정도 양산을 할 수 있는지 미지수이기 때문에 확률 싸움에서 유리한 고지를 점하는 것도 숙제다. 또 환율과 고객사 일정 지연 등 외부 변수에 취약한 것도 변수다. 
                    



김영표 프로가 FPGA(현장 프로그래머블 반도체)에 I2C 회로가 포함된 비트스트림을 프로그래밍하고 있다. 수원=윤현주 기자 

 “K반도체 자존심 될 것 … 2028년 시가총액 1조 목표”이 대표는 “TSMC 글로벌 파트너로서로 K반도체(시스템 반도체)의 자존심이 되고 싶다”며 2028년 시가총액 1조원 기업으로 성장하겠다”고 선언했다. 회사를 다섯 글자로 압축해 달란 부탁엔 “단하나의길”이라며 “TSMC로 가기 위한 국내 유일 반도체 디자인 하우스로서 설계·기술 경쟁력을 계속 강화하겠다”고 답했다.
                    



에이직랜드 본사 직원들에 업무에 매진하고 있는 모습. 수원=윤현주 기자

                광운대 전자공학과를 졸업한 이 대표는 2003년 SK하이닉스 연구원으로 입사했다. 비메모리 기업 매그나칩 분사(2004년)로 2년만 근무했다. 2005년 버추얼다임 책임연구원으로 이직 후 2009년 휴먼칩스 수석연구원, 2012년 다윈텍 수석연구원을 거쳤다. 공교롭게도 다니던 회사들의 사업부가 없어지거나 비즈니스 모델이 바뀌는 경우를 자주 경험하자 2015년 동료들과 회사를 차리기로 결심했다. 다만 목돈이 없어 이른바 ‘쩐주’에게 4억원을 투자받아 지분 70%를 주고, 동료 40명이 지분 30%를 나눠갖기로 했다. 그렇지만 경영 악화로 금세 문을 닫았다.  
                    



정현우(왼쪽부터), 이태훈 프로와 이진구 팀장이 케이스 스터디를 하고 있다. 수원=윤현주 기자

                동료들과 상생 방안을 찾던 중 집을 월세로 돌려 창업 자본금 5000만원을 마련한 뒤 2016년 4월 에이직랜드를 세웠다. 당시 직원 2명과 함께했는데 첫해 매출만 14억원을 올렸다. 반도체 설계 기술력을 인정받은 덕분이다. 특히 까다로운 TSMC의 신임을 얻기 위해 2017년 전 직원의 80%가 대만으로 날아가 민박집을 잡고 짧게는 2개월, 길게는 1년6개월의 타국 생활을 하며 반도체 설계에 매달렸다.기술력과 성실함을 무기로 결국 TSMC의 강력한 파트너가 됐다. 고난과 역경이 많았을 것 같다고 묻자 “엔지니어 출신이라 회계를 잘 몰라서 대표직에 오를 때 공부를 많이 했고, 2017년엔 저신용자가 되면서 은행 대출도 못 받는 신세였다”고 회상했다. 이어 “2017년엔 저와 일한 동료들이 한국서 월급 1000만원 받을 수 있는데도 대만서 700만원 정도를 받으며 근무했다”며 “동료들의 헌신 덕에 에이직랜드라는 회사가 고속성장할 수 있었다”고 직원들에게 감사를 전했다. 
                    



최유경, 한승희 프로가 멘토링 활동을 하고 있다. 수원=윤현주 기자

 “아파트 한 평에 매달리지 말고 한 우물 파라”845억원 주식 부자인 그에게 청춘들을 위한 인생 조언을 부탁하자 “20대 직원들은 100세 시대를 직접 경험할 수 있을 것이다”며 “속도가 아닌 방향에 집중해야 한다”고 답했다. 그는 “무언가를 빨리 성취하기 위해 진로를 쉽게 바꾸는 경향이 있는데, 반도체도 인생도 방향을 잘 설정해야만 세월의 속도만큼 전문 경력이 쌓인다”고 조언했다. 그는 “현재 월 100만원, 200만원 차이가 길게 보면 아파트 한 평 정도 차이에 불과하다”며 “한 우물을 파면 세상이란 넓은 무대를 더 높은 위치에서 누빌 수 있다”고 자신했다. 단기 성과에 급급해 아파트 한 평을 얻으려다가 큰 그림을 못 그리는 걸 우려한 것이다.      주주들에겐 “한국이 반도체 강자인 이상, 에이직랜드의 미래는 밝다”며 “인력에 대한 투자로 실적이 잠시 저조할 수 있지만 미래를 위해 체력을 기르는 단계인 만큼 향후 고속성장을 보여주겠다”고 말을 마쳤다. 
                    



박재우 프로가 PnR 세미나 준비를 하고 있다. 수원=윤현주 기자

                조수헌 한국투자증권 연구원은 “올해 실적은 보수적이지만 신규 개발과제 수주, 대만 R&D 센터에서 대만 팹리스 관련 용역 과제(3나노) 수주 이벤트가 남아있다”며 “국내 디자인하우스 중에서 3나노 과제를 수행한 업체가 아직 없기 때문에 레퍼런스 축적은 매우 긍정적일 것이다”고 분석했다. 2026년 매출 1700억원, 2029년 매출 2900억원을 예상했다. 이어 “디자인하우스의 경쟁력은 수주 레퍼런스에서 나오고, 본격적인 성장은 양산 매출이 있어야 한다”며 “양산 매출의 가시성은 고객사 규모와 비례하기 때문에 대기업, 빅테크와 협업 여부가 중요하다”고 설명했다. 그는 “국내 디자인하우스 중 유일하게 대형 고객사를 확보했고 AI뿐만 아니라 메모리 관련 레퍼런스도 많아 투자 긍정 의견을 유지한다”고 덧붙였다. 현지 실적보다는 미래 성장성에 무게를 둔 것이다. 
                    




'1500만 개미'와 함께 달리겠습니다. 여러분의 주식 계좌가 빨간불이 되는 그날까지 재미있는 종목 기사 많이 쓰겠습니다. 아래 기자 페이지에서 윤현주 기자 구독과 응원을 눌러 주시면 기사를 매번 빠르게 확인하실 수 있습니다.수원=윤현주 기자 hyunju@hankyung.com",https://www.hankyung.com/article/202506308607i,2025.07.13 07:00
"중국에 1위 뺏겼었는데…삼성전자, 1년 만에 기회 왔다","中업체와 격전…'5G 전환' 베트남서 1위 탈환 노리는 삼성 

베트남, 연내 인구 90% 5G 사용 목표
5G 전환에 스마트폰 기기 전환 수요↑
5G폰 수요 증가 ""중산층 공략 적기""
1위 내준 삼성, 왕좌 탈환 기회 '촉각'","사진=삼성전자

                올해 스마트폰 시장에서 성장세를 보일 몇 안 되는 신흥시장으로 주목받는 베트남이 연내 5G 가입자를 대폭 확대할 계획을 내놨다. 스마트폰 제조사들 입장에선 5G를 지원하는 고가 모델 판매량을 늘릴 기회가 될 수 있다. 특히 중국 오포에 베트남 스마트폰 시장 선두 자리를 내줬던 삼성전자가 갤럭시A56·S25 시리즈 등을 앞세워 1위를 탈환할 수 있을지가 관심사다.19일 업계 등에 따르면 베트남은 최근 4G 중심인 스마트폰 시장을 5G로 전환하는 데 속도를 내고 있다. 베트남 과학기술부는 올해 안으로 전체 인구 중 90%가 5G에 접속할 수 있도록 기지국 2만개를 추가 구축할 예정이다. 현재는 26%만 5G에 접속 가능한 상태다. 베트남 정부는 올해 안에 5G 기지국이 총 6만8000개를 넘어설 것으로 보고 있다. 이는 4G 기지국 수의 절반 수준으로 전체 인구 90%가 5G에 접근 가능한 규모다. 응우옌 마인 훙 베트남 과학기술부 장관은 ""5G 전국 커버리지 확대는 지금부터 연말까지 시급한 과제""라고 강조했다. 5G 전환은 스마트폰 제조사들엔 '기회'다. 4G만 지원하는 저렴한 가격대 스마트폰 대신 비교적 고가인 5G 전용 모델 판매량을 늘릴 수 있어서다. 5G 스마트폰으로 교체하는 중산층을 노려 프리미엄 제품을 판매, 매출을 확대하는 계기로 삼을 수 있다. 실제로 고가 모델 수요도 증가 추세다. 베트남 등 동남아시아 지역에선 지난해 갤럭시A55와 S 시리즈 등 상대적으로 가격대가 높은 제품들이 강세를 보였다. 아이폰 사례를 봐도 프리미엄폰 수요가 높다는 점을 알 수 있다. 베트남 사용자들은 아이폰 제품군 중에서도 가장 고가 모델인 '프로 맥스' 판매량이 가장 많았다. 현지 유통망 통계를 종합하면 전체 아이폰 매출 중 프로 맥스가 차지하는 비중이 70%를 웃돌았다. 시장조사업체 카날리스의 차우셩윈 수석 연구원은 ""베트남은 올해 주목할 만한 시장""이라며 ""베트남의 5G 추진은 브랜드들이 5G 포트폴리오를 확장하고 성장하는 중산층을 공략할 기회를 제공한다""고 분석했다.
                    



베트남에서 열린 '2025년 과학기술축제'에 전시된 5G 기지국. 사진=VN익스프레스

                삼성전자는 갤럭시A56·A36·A26에 중급형 모델 전용 모바일 인공지능(AI) '어썸 인텔리전스'를 탑재해 프리미엄폰 사용자들 구매심리를 자극하고 있다. 카날리스에 따르면 올 1분기 5G를 지원하는 갤럭시A 시리즈 출하량은 베트남 등 동남아 기준으로 전년 동기 대비 47% 증가했다. 카날리스는 1분기 삼성전자가 이 지역 출하량 점유율 28%를 차지해 선두를 달렸다고 집계했다. 샤오미 19%, 애플 18%로 뒤를 이었다. 오포와 리얼미는 각각 17%, 6%를 차지했다. 하지만 연간 기준으로 삼성전자는 지난해 '베트남 1위' 타이틀을 오포에 내줬다. 삼성전자 점유율은 이 기간 22%로 오포보다 3%포인트 낮았다. 1년 전만 해도 삼성전자 32%, 애플 21%, 샤오미 18%, 오포 16%, 리얼미 4% 순이었지만 순위가 크게 요동쳤다.차우 수석 연구원은 ""베트남은 지역 공급망 변화의 주요 수혜국으로 부상하고 있다""며 ""안정적 거버넌스, 개선되는 인프라, 부품 공급업체와의 근접성은 스마트폰 생산에 대한 장기 투자의 매력적인 목적지로 만든다""고 덧붙였다. 김대영 한경닷컴 기자 kdy@hankyung.com",https://www.hankyung.com/article/202507187368g,2025.07.19 19:09
"이자 부담은 최소로, 투자 효율은 최대로! 신용대출 3%대 활용법",,"전송종목 : 안랩, 농우바이오, 이랜텍, 텔레칩스, 제이브이엠최근 주식 투자자들 사이에서 주식대출(미수/신용융자 등)의 고금리에 대한 부담이 커지고 있다.특히 저금리를 적용 받고 싶어도, 기존 대출을 상환하고 다시 주식을 매수해야 하는 번거로운 절차와 자금 조달의 어려움이 발목을 잡고 있다.이런 현실적인 문제를 해결하고자, 무빙스탁이 ‘증권사 신용, 대환자금대출’ 서비스를 전격 출시했다.이 상품은 주식을 매도하지 않고도, 기존의 고금리의 주식대출(미수/신용융자 등)의 3%대의 혁신적인 저금리 증권사로 전환할 수 있도록 상환자금을 제공하는 것이 핵심이다.무빙스탁 관계자는 “현재 증권사 이벤트 금리는 연 3%대 수준으로, 기존 9~10%대 고금리를 적용받는 투자자라면 절감 효과가 상당하다”며, 금리를 5%만 낮추면 “1억원 신용대출 기준으로 연간 약 500만원, 3억원이라면 1,500만원까지도 절약할 수 있다”고 밝혔다.더 놀라운 점은, 현재는 이벤트 기간으로 대환자금대출 신청시 발생하는 이자 비용까지 ‘0원’이라는 사실이다. 대환자금에 대해서 하루의 대출이자도 부담하지 않고 기존 고금리 대출을 저금리로 전환할 수 있어, 고금리 부담에 시달리던 투자자들에게 큰 호응을 얻을 전망이다.이 서비스는 부동산 시장에서 흔히 이용되던 대환대출 개념을 증권시장에 도입한 혁신적인 시도로, 주식 투자자들의 자금 운용에 새로운 대안을 제시할 것으로 기대된다.무빙스탁 ‘증권사 신용, 대환자금대출’의 비용 무료 이벤트는 이벤트 기간 동안 한정적으로 제공되는 만큼, 신용융자를 이용 중인 투자자라면 지금 바로 확인해볼 필요가 있다.★ 장마감 시간이 가까워질수록 문의가 많아 상담이 지연될 수 있습니다.★ 7월 문의하신 고객들이 많이 보유하신 종목으로는 삼성전자, POSCO홀딩스, 셀트리온, 포스코퓨처엠, 에코프로비엠, NAVER, 에코프로, 삼성SDI, LG화학, SK하이닉스, 두산에너빌리티, 카카오, SK이노베이션, LG에너지솔루션, 엘앤에프, 삼천당제약, 현대차, 알테오젠, HPSP, LG전자 등이 있습니다.★ 안내사항과도한 빚은 당신에게 큰 불행을 안겨줄 수 있습니다. 대출 시 신용등급 하락으로 다른 금융거래가 제약받을 수 있습니다. 중개수수료를 요구하거나 받는 것은 불법입니다.상호명: ㈜단비대부 2021-서울영등포-2102(대부업) | TEL: 1544-4886 | 대출금리: 연 20%이내(연체금리는 약정금리+3%p이내, 최대 연 20%이내) | 단, 2021. 7. 7.부터 신규체결, 갱신, 연장되는 계약에 한함 | 채무의 조기상환 조건 및 부대비용 없음. (단, 신용조회비용 및 담보권설정비용 있음), 이자 외 별도로 중개수수료를 요구하거나 수취하는 것은 불법입니다. | 대표이사: 박동원 | 사업자등록번호: 274-86-00231 | 등록기관명칭: 서울 영등포구청(담당부서: 일자리경제과, 02-2670-3420) | 소재지 : 서울 영등포구 여의대방로67길 11, 5층 517호 | 개인정보관리자메일: help@danbifund.co.kr무료상담",https://www.hankyung.com/article/202507145616a,2025.07.14 13:28
"아이티켐 ""의약품·OLED…첨단 화학소재 플랫폼社 될 것""","정밀화학 소재 위탁개발생산
내달 7일 코스닥 시장 상장
공모 자금으로 설비 고도화","다음달 코스닥시장 상장을 앞두고 있는 아이티켐이 의약품과 전자부품을 아우르는 첨단화학 소재 플랫폼 기업이 되겠다는 청사진을 제시했다.지난 22일 서울 여의도에서 열린 기업공개(IPO) 간담회에서 김인규 아이티켐 대표(사진)는 “의약품과 유기발광다이오드(OLED) 같은 서로 다른 소재를 한 회사에서 모두 만드는 게 다소 낯설 수 있지만 핵심 제조 기술이나 설비 공정은 크게 다르지 않다”며 “상이한 두 가지 포트폴리오로 꾸준하게 성장할 자신이 있다”고 말했다.2005년 설립된 아이티켐은 정밀화학 소재 위탁개발생산(CDMO) 기업이다. 디스플레이와 의약품에 쓰이는 소재 등을 제조한다. 지난해 연결 기준 매출 622억원, 영업이익 64억원을 기록했다. 최근 3개년 평균 매출 증가율은 28.3%였다. 영업이익은 10배가량 늘었다. 이 중 매출 비중은 의약품이 61%로 가장 높고 OLED, OPC(프린터 감광재)를 비롯해 전자 소재 등이 39%를 차지했다.의약품 분야에선 SK바이오텍의 최우선 협력업체로 당뇨병 복합제에 쓰이는 원료물질(BCBB)을 공급한다. 에스티팜과 동아쏘시오홀딩스에서 전략적 투자도 유치했다. 또 BCBB 생산 경험을 바탕으로 비만, 당뇨, 항암, 면역 치료, 백신 등 다양한 적응증의 원료로 활용되는 올리고펩타이드, 올리고뉴클레오타이드 등 원료 의약품 기술을 이전받아 공동 공정 개발 및 양산에 성공했다.디스플레이 부문에선 주로 전자와 정공이 만나 빛을 방출하는 핵심층인 발광층 소재와 발광층을 보조하는 유기물층인 공통층 소재를 제조한다. 삼성디스플레이와 LG디스플레이 등에 납품하는 1차 소재 협력업체 4곳을 고객사로 확보하고 있다. 지난해 8월엔 글로벌 최대 OLED 소재 기업 유니버설디스플레이코퍼레이션(UDC)의 계열사 UDC벤처스에서 아시아 기업 최초로 투자를 받았다.최근 이 회사는 반도체와 디스플레이에 쓰이는 중수를 사업화하는 데 공을 들이고 있다. 중수는 유기 발광 소자에 사용되는 소재(중수소)의 원료다. 이미 순도 80% 수준의 폐중수를 고순도(99%)로 높일 수 있는 승급기를 제품화했다.회사는 상장을 통해 공모 자금 290억~320억원을 마련해 충북 괴산에 디스플레이 소재 공장 2단계 공사, 의약품 소재 공장 완공, 중수 사업화 등에 투자할 계획이다. 김 대표는 “설비 고도화와 기술 인력 확보에 속도를 내고 지속 가능한 첨단화학 소재 플랫폼 기업으로 도약하겠다”고 말했다. 아이티켐은 다음달 7일 코스닥시장에 상장할 예정이다.은정진 기자 silver@hankyung.com",https://www.hankyung.com/article/2025072375601,2025.07.23 17:25
"개미들, SK하이닉스에 '1.2조' 올인할 때…외국인은 '반전'","외국인은 삼성전자, 개인은 SK하이닉스에 '올인'

엇갈린 반도체 투톱 투자
골드만삭스 충격 보고서 영향
개인 SK하이닉스 1.2조 순매수","‘SK하이닉스의 독주냐, 삼성전자의 반격이냐’신고가 행진을 이어가던 SK하이닉스 주가가 휘청이고 있는 가운데, 개인과 외국인의 반도체주 ‘원픽’이 엇갈려 관심을 모은다. 외국인이 삼성전자를 대거 쓸어담은 가운데, 개인은 ‘빚투(빚내서 투자)’까지 감수하며 SK하이닉스를 사모으고 있다.20일 한국거래소에 따르면 이달 들어 18일까지 외국인 투자자는 삼성전자를 1조8770억원어치 순매수했다. 지난달 월간 순매수액(7130억원)의 2배가 넘는 규모다. 삼성전자 주가는 외국인 매수세에 힘입어 이들어서만 12.21% 올랐다. 지난 18일 종가는 6만7100원으로 어느덧 ‘7만 전자’ 복귀를 눈앞에 두고 있다.외국인의 삼성전자 보유율은 50.19%로 지난 4월 24일(50.0%) 이후 3개월 만에 50%대를 회복했다. 최근 미국 정부가 엔비디아 인공지능(AI) 칩 ‘H20’의 대(對)중국 수출 규제를 해제하면서 과거 H20용 메모리를 공급한 것으로 알려진 삼성전자에 대한 투자심리가 개선됐다.최근 대법원 판결로 이재용 삼성전자 회장의 부당합병·회계부정 혐의 무죄가 확정되면서 그간 삼성전자를 옭아맸던 '사법 리스크'가 해소된 것도 긍정적 요인으로 꼽힌다.반면 외국인은 이달들어 SK하이닉스를 3010억원어치 순매도했다. SK하이닉스는 지난 17일 골드만삭스가 발표한 보고서 여파로 8.95% 급락했다. 삼성전자가 내년쯤 고대역폭메모리(HBM) 시장을 잡기 위해 ‘저가 공세’에 나서고, 이에 따라 HBM 시장이 공급 과잉 국면에 들어설 것이라는 내용이다.
                    



사진=연합뉴스

                골드만삭스는 SK하이닉스 투자 의견을 ‘매수’에서 ‘중립’으로 낮추고, 내년 영업이익 전망치를 증권사 평균 대비 19% 낮은 36조5690억원으로 제시했다. 개인투자자들은 SK하이닉스의 주가 급락을 매수 기회로 봤다. 이달들어 SK하이닉스를 1조2330억원어치 순매수하고 삼성전자는 2조3150억원어치 순매도했다.  SK하이닉스의 신용잔고는 3951억원으로 지난달 말(3052억원) 대비 30% 급증했다. 신용잔고는 개인이 신용거래를 통해 주식에 투자한 뒤 아직 갚지 않은 금액이다.삼성전자와 SK하이닉스를 바라보는 국내 증권가의 시각도 엇갈린다. 류영호 NH투자증권 연구원은 ""SK하이닉스는 내년 HBM 물량을 확정할 때까지 변동성이 커질 가능성이 있다""며 ""최근 삼성전자의 HBM 시장 진입에 대한 기대가 형성되고 있어 밸류에이션(실적 대비 주가수준) 측면에서 매력이 더 높다""고 분석했다.반면 차용호 LS증권 연구원은 ""내년 HBM 평균판매단가(ASP)는 올해보다 5% 하락해 시장 우려 대비 낙폭이 크지 않을 것""이라며 ""SK하이닉스에 대한 이번 조정은 과도한 우려로 인한 것이며, 매수 기회로 활용하기를 권장한다""고 했다.최만수 기자 bebop@hankyung.com",https://www.hankyung.com/article/202507209834i,2025.07.20 15:22
"코스피, 차익 실현 매물에 0.9%↓…은행·증권주 '털썩'","코스닥은 약보합
원·달러 환율 1385.7원에 주간 거래 마감","사진=뉴스1

                코스피가 사흘 만에 하락 마감하며 3200선을 내줬다. 코스닥 지수도 약보합세를 보였다. 차익실현 매물이 나오며 하방 압력을 받은 것으로 풀이된다.16일 코스피는 전일 대비 28.9포인트(0.9%) 하락한 3186.38에 마감했다. 장 초반 3178.42까지 밀렸던 코스피는 장중 3200선 턱밑까지 다시 오르기도 했지만, 오후 들어 상승 동력을 잃고 우하향하는 흐름을 보였다.유가증권시장에서 기관과 외국인은 각각 6336억원, 764억원어치를 순매도했다. 외국인은 장 막판 순매도 규모를 줄였다. 개인은 홀로 6246억원을 순매수했다.시가총액 상위주는 대부분 하락했다. 두산에너빌리티(-2.6%), LG에너지솔루션(-1.74%), 현대차(-1.66%), 셀트리온(-1.01%), SK하이닉스(-0.84%), 기아(-0.5%)의 주가는 전날보다 낮았다. 다만 HD현대중공업(1.77%), 삼성전자(1.57%), 한화에어로스페이스(0.71%)는 강세 마감했다.차익실현 움직임에 우리금융지주(-6.73%), KB금융(-5.02%), 기업은행(-5.91%), 미래에셋증권(-7.1%), 신영증권(-6.56%), 삼성증권(-5.52%) 등 은행·증권주는 일제히 하락했다. 전날 정부는 국무회의를 열고 상법 일부개정 법률 공포안을 의결했다. 주요 내용 가운데 이사의 충실 의무 대상 확대는 공포 후 즉시 시행되며, 3% 제한 규정은 공포 1년 뒤부터 시행된다.실적 개선 기대감에 청담글로벌(27.41%), 한국화장품(8.94%) 등 일부 화장품주는 강세를 보였다. 국내 화장품 기업들은 2분기 실적 시즌을 앞두고 견조한 수출 성장세를 보이고 있다. 식품의약품안전처에 따르면 올해 상반기 국내 화장품 수출액은 55억달러(약 7조원)로, 지난해 상반기보다 14.8% 증가했다.코스닥 지수는 전일 대비 0.65포인트(0.08%) 밀린 812.23에 거래를 마쳤다. 보합권에 머무르던 코스닥 지수는 오후 들어 상승 전환하기도 했지만, 상승세를 오래 유지하지 못했다.코스닥 시장에서도 외국인과 기관은 각각 1140억원, 675억원을 순매도했다. 개인은 2033억원을 순매수하며 물량을 받아냈다.코스닥 시가총액 상위주도 약세를 보였다. 파마리서치(-3.04%), 에이비엘바이오(-2.77%), 에코프로(-2.33%), 에코프로비엠(-2.19%), 코오롱티슈진(-1.71%), 리가켐바이오(-1.61%), 삼천당제약(-1.33%)이 파란불을 켰다. 다만 코스닥 대장주 알테오젠(3.62%)과 리노공업(2.71%)은 강세 마감했다.원·달러 환율은 전장 대비 5.5원 오른 1385.7원에 마감했다. 미국 소비자물가 상승폭이 가팔라지며 달러가 힘을 받고 있는 것으로 풀이된다. 미국 노동부는 6월 소비자물가지수(CPI)가 전년 동월 대비 2.7% 상승했다고 밝혔다. 2월(2.8%) 후 최대 상승폭이다.이재원 신한투자증권 연구원은 ""관세 우려에 미국 국채 금리가 올랐다""며 ""연고점을 계속 경신해왔기 때문에 차익 실현 매물이 나온 모습""이라고 설명했다.진영기 한경닷컴 기자 young71@hankyung.com",https://www.hankyung.com/article/2025071622986,2025.07.16 15:51
"대법, 오늘 이재용 회장 ‘부당합병·회계부정’ 최종 판결…삼성 미래사업 분수령",,"이재용 삼성전자 회장의 ‘부당합병·회계부정’ 사건에 대한 대법원 최종 판단이 18일 내려진다. 이 사건은 그룹 경영권 승계를 둘러싸고 지난 수년간 이어져온 법적 공방의 결말로, 재계와 투자자들의 이목이 집중되고 있다.해당 사건은 2015년 삼성물산과 제일모직 합병 과정에서 이 회장이 부당하게 경영권을 확보하려 했다는 혐의에서 비롯됐다. 검찰은 이 과정에서의 회계처리 방식이 고의적 분식회계에 해당하며, 주주 이익을 침해했다고 주장해 왔다. 그러나 1심과 2심 재판부는 “합병 과정에 불법성이 없다”며 이 회장에게 무죄를 선고했다.대법원이 오늘 무죄 판결을 확정할 경우, 이 회장은 경영권 승계 관련 법적 리스크를 완전히 털어내게 된다. 재계는 이를 계기로 삼성이 향후 미래사업 추진에 더욱 속도를 낼 수 있을 것으로 보고 있다. 특히 바이오, 반도체 후공정, 인공지능 등 신성장 산업에 대한 대규모 투자가 본격화될 수 있다는 기대감이 반영되고 있다.삼성전자 주가는 이날 장 초반 강보합세를 보이며, 대법 판결 결과를 주시하고 있다. 전문가들은 “법적 불확실성 해소는 기업 가치에 긍정적인 요소로 작용할 수 있다”며 “대형 수급이 유입될 경우, 반등 가능성도 높다”고 평가했다.이처럼 대형 이슈에 따라 주가의 변동성이 확대되는 구간에서, 일부 투자자들은 스탁론 또는 스탁론(주식매입자금)을 활용한 전략적 레버리지 투자에 나서고 있다. 최근엔 증권사 신용·미수 대환 목적뿐만 아니라, 단기 매수 타이밍 확보를 위한 유연한 자금 운용 수단으로 주목받고 있다.




 

▶ 더머니스탁론 신규 상품 전격 출시! (DSR 규제 X)▶ 최대 400% 레버리지 투자, 증권사 신용미수 대환 가능!▶ 한 종목 100% 집중 투자 가능!▶ 더머니스탁론 바로가기 (https://themoney.co.kr/ha)▶ 더머니스탁론 전화 상담 1600-7096▶ 더머니스탁론 카카오톡 상담 (http://pf.kakao.com/_cVfxbn/chat)관심종목: 삼성전자, 삼성바이오로직스, 삼성물산, 에스디바이오센서, 피에스케이무료상담",https://www.hankyung.com/article/202507174093a,2025.07.17 14:10
자사주 의무소각 상법개정...주목해볼만한 종목은?,,"경유레카는 한국경제신문의 디지털 미디어인 한경닷컴에서 개발한 개별 종목에대한인공지능(AI) 알고리즘 업체의 투자 의견을 종합한 'AI 컨센서스'를 제공하는 서비스입니다. '한경유레카' 앱은 구글 플레이 스토어 혹은 앱스토어에서 내려받을 수 있습니다.





종목추천 서비스 종합 플랫폼 한경유레카에 입점한 친절한미정씨가 전거래일(10일) 카카오뱅크를 추천하여 수익률 6.6%를 기록했다.친절한미정씨는 성장, 가치, 성과, 안정성, 모멘텀 등 기업의 가치를 평가하는 5개 중요 변수를 AI 학습 및 분석하여 상대평가 점수화 지표화한 QAIS(Quin AI Score)라는 자체 점수를 통해 종목을 추천한다.  친절한미정씨는 최근 자사주 의무 매입에 대한 상법개정에 따라 은행주들이 강세를 보이고 AI관련주인 2가지 모멘텀을 카카오뱅크가 가지고 있어 QAIS가 높아져 해당 종목을 추천했다고 전했다. 한경유레카에서 신규가입을 하고 친절한미정씨를 구독하면 1개월간 무료로 추천종목을 문자로 받아볼 수 있다.  본 글은 투자 참고용입니다.카카오페이 우리기술투자 SK하이닉스 삼성전자 두산에너빌리티",https://www.hankyung.com/article/202507111724a,2025.07.11 09:35
美증시 S&P·나스닥 '사상 최고치 경신'…오늘 단통법 폐지 [모닝브리핑],,"◆ 빅테크 실적 낙관론에 최고치 찍었다주요 빅테크들의 2분기 실적 발표를 앞두고 낙관론이 나오면서 현지시간 21일 뉴욕증시 S&P 500지수와 나스닥 지수가 사상 최고치를 경신했습니다. S&P 500지수는 전장보다 0.14% 오른 6305.60, 나스닥 지수는 0.38% 상승한 2만974.17로 마감했습니다. S&P 500 지수가 종가 기준 6300선 위로 올라선 것은 처음이며 나스닥 지수는 6거래일 연속 최고치를 찍고 있습니다. 미국 대형 은행들이 기대치를 상회하는 실적을 낸 데 이어 빅테크들 실적도 좋을 것이란 기대감이 반영된 영향으로 풀이됩니다. 거대 기술기업들 ‘매그니피센트7’은 2분기 수익률이 14% 성장할 것으로 전망됐습니다.◆ 고점 부담에 상승폭 제한…다우지수는 하락다만 뉴욕증시의 또 다른 주요 지수인 다우존스 지수는 전장보다 0.04% 내린 4만4323.07로 약보합세를 보였습니다. 미국 기업들이 ‘관세 불확실성’에도 호실적을 보이고 있으나, 도널드 트럼프 대통령의 관세 정책이 본격 영향을 미친 4월 이후 증시가 줄곧 달려온 만큼 고점 부담도 커진 상태로 해석됩니다. 미국의 6월 경기선행지수도 전월보다 악화한 98.8을 기록했습니다. 트럼프 행정부는 관세 협상과 관련해 합의를 서두르기보단 ‘만족할 만한 조건’을 확보하는 데 집중하겠다는 입장을 내놨습니다.◆ 美 재무장관 ""질 높은 무역 합의가 중요""스콧 베선트 미 재무장관은 현지시간 21일 CNBC 인터뷰에서 상호관세 부과 시점인 다음달 1일 이전에 각국과 신속히 무역 합의를 하는 것보다 ‘질 높은 합의’가 더 중요하다고 강조했습니다. “타이밍보다 퀄리티”라는 겁니다. 그는 “합의하기 위해 서두르진 않을 것”이라고 부연해 시한을 넘겨 추가 협상할 수 있는 여지도 남겼습니다. 하워드 러트닉 미 상무장관 역시 전날 CBS 방송 인터뷰에서 “8월1일에 새로운 관세율이 적용되지만 이후에도 각국은 우리와 협상할 수 있다”고 언급한 바 있습니다.◆ '단통법' 사라진다…휴대폰 얼마나 싸질까휴대폰 구입시 이동통신사의 지원금 상한을 둬 소비자들 부담이 커졌다는 비판을 받아온 ‘단통법’이 오늘(22일)부로 결국 폐지됐습니다. 이에 따라 이통사의 단말기 지원금 공시 의무는 사라지고 공시지원금의 15% 한도로 제한됐던 추가 지원금 상한도 없어집니다. 유통점은 그간 불법으로 간주됐던 추가 보조금을 자율적으로 책정할 수 있습니다. 오는 25일 정식 출시되는 삼성전자의 신형 폴더블폰 갤럭시Z플립7·폴드7이 단통법 폐지 이후 초반 시장 분위기를 가늠할 수 있는 시험대가 될 전망입니다.◆ '대서' 전국 무더위·열대야…곳곳 소나기절기상 한 해 중에 가장 더운 ‘대서(大暑)’이자 화요일인 오늘은 무더위와 열대야가 이어지겠습니다. 낮 최고기온은 29~34도로 예보됐습니다. 대부분 지역에 폭염특보가 발효된 가운데 최고 체감온도가 33도 내외까지 오르고 ‘열대야’ 현상도 곳곳에서 나타날 것으로 보입니다. 전국에 가끔 구름이 많고 내륙 중심으로 돌풍·천둥·번개를 동반한 소나기가 내리겠으며 미세먼지 농도는 전 권역이 ‘좋음’ 수준으로 예상됩니다.김봉구 한경닷컴 기자 kbk9@hankyung.com",https://www.hankyung.com/article/2025072231027,2025.07.22 07:01
"무더위에 웃는 빙과주, 주춤한 편의점주… 여름 성수기 희비 갈려",,"여름 성수기를 맞아 빙과주와 편의점주의 주가 흐름이 엇갈리고 있다. 폭염에 따른 아이스크림 수요 증가로 빙과주는 강세를 보이는 반면, 편의점주는 성장 둔화 우려 속에 주가 회복세가 더디다.빙과 대표주인 롯데웰푸드와 빙그레는 이달 들어 각각 7% 이상 상승하며 3분기 실적 기대감을 반영하고 있다. 특히 폭염과 냉동 제품 매출 비중이 높다는 점이 긍정적으로 작용했다.반면 편의점주는 소비쿠폰 정책 수혜 기대에도 불구하고 점포 포화와 실적 성장 한계로 인해 주가 반등이 제한적이다. 증권가는 빙과주는 계절 특수를 반영한 실적 개선이 가능하지만, 편의점 업종은 구조적 성장 동력이 약해 회복에 시간이 걸릴 것으로 내다보고 있다.한편, 스탁론에 대한 관심이 날로높아지고 있다. 모처럼 잡은 투자기회를 놓치지 않으려는 투자자들이 주식매입을 위해 더 많은 자금을 활용할 수 있는 스탁론으로 눈길을 돌리고 있기 때문이다. 현 주가는 실적을 따라가지 못하고 있는 상황으로, 밸류에이션 리레이팅이 필요한 시기라는 평가도 나오고 있다.




 

◆ 올뉴스탁론, DSR 무관 상품에 연 4%대 최저금리 상품으로 다양한 선택지를!올뉴스탁론에서 투자자들 누구나 부담 없이 스탁론을 경험할 수 있도록 연 4%대 업계 최저금리로 이용 가능한 증권 연계신용 상품을 출시했다. 주식매입은 물론 증권사 미수/신용 대환 모두 가능하며 신용등급 차등 없이 자기 자본 포함 최대 4배까지 활용할 수 있다.이와 함께 DSR 한도 때문에 기존 스탁론 활용이 어려웠던 투자자들을 위한 DSR 무관 상품도 취급 중이다. 또한 장중 거래가 어려웠던 투자자를 위한 대체거래소(NXT) 거래도 가능해졌다.올뉴스탁론에 대해 자세히 알고 싶은 투자자는 고객상담센터(☎1599-8666)로 연락하면 대출 여부와 무관하게 언제든 전문상담원과 편리하게 상담할 수 있다.○ 보유하고 있는 대출액이나 소득 무관하게! (DSR 무관)○ 최대 4배 주식자금 활용 가능! (본인 자금 포함)○ 대체거래소(NXT) 거래 가능!○ 증권 신용/미수 당일 즉시 대환 가능!○ 기존 증권사 신용, 스탁론으로 매수가 어려웠던 종목도 OK!※ 올뉴스탁론 고객상담센터 : 1599-8666바로가기 : https://allnewstockloan.co.kr?agency=HTS◆ 현 시각 관심종목 Top 10 : 삼성전자, HLB, 카카오, 한화오션, 포스코퓨처엠, 알테오젠, 코리아나, MDS테크, 클로봇, 싸이닉솔루션무료상담",https://www.hankyung.com/article/202507146112a,2025.07.15 11:00
"대기업 줄줄이 엮이나…김건희 특검 ""코바나 협찬기업 '뇌물' 수사""","주가급등 '우크라 포럼 수혜' 웰바이오텍 경영진 소환
시세조종 의혹 수사

도이치·해병 겹치는 이종호 압수수색
'집사 게이트' 영장엔 ""효율적 방법 고심""","윤석열 전 대통령의 부인 김건희 여사 사진=임형택 기자

                김건희 여사 관련 의혹을 수사 중인 민중기 특별검사팀이 코바나컨텐츠 전시회에 기업들이 뇌물을 제공했다는 의혹을 철저하게 수사하겠다고 밝혔다. 여러 대기업이 줄줄이 조사 대상이 될 가능성이 있어 주목된다.오정희 특검보는 10일 정례 브리핑에서 ""특검은 코바나컨텐츠 관련 전시회에 기업들이 뇌물에 해당하는 협찬을 제공했다는 의혹 사건에 대해 준비 기간부터 과거 수사기록을 새로이 재검토했다""며 ""더이상의 의문이 남지 않도록 철저히 수사할 예정""이라고 했다.이 의혹은 김 여사가 운영한 코바나컨텐츠가 2015년 '마크 로스코전', 2016년 '현대건축의 아버지 르 코르뷔지에전', 2018년 '알베르토 자코메티전', 2019년 '야수파 걸작전'을 개최하면서 삼성전자, 현대차, LG전자, 포스코, GS칼텍스 등 대기업들로부터 부정한 협찬을 받았다는 내용이다.이른바 '집사 게이트'라 불리는 의혹도 같은 맥락의 수사 대상으로 분류된다. 김 여사 집사로 불린 김모 씨가 코바나컨텐츠 전시회에 협찬하기도 했기 때문이다.김 씨는 2023년 자신이 설립한 렌터카 업체 IMS가 부실 기업임에도 김 여사와의 관계를 토대로 카카오모빌리티와 HS효성그룹 계열사 등 기업으로부터 180억원을 부정하게 투자받았다는 의혹을 받는다. 특검은 이 사건과 관련한 압수수색영장을 청구했지만 법원에선 특검법상 수사 대상이 아니라는 이유로 기각했다.오 특검보는 또 특검팀이 오는 13일 오전 10시 삼부토건 부회장이자 관계사 웰바이오텍 회장 이모 씨를 소환한다고 밝혔다. 웰바이오텍 전 대표 구모씨도 같은 시각 소환 통보를 받았다. 웰바이오텍은 2023년 5월 삼부토건 주가 급등의 발단이 된 우크라이나 재건 포럼에 참여해 삼부토건과 함께 '우크라이나 재건주'로 묶였다.이 회사는 포럼이 열리기 열흘 전 사내이사 선임을 위한 주주총회 예정을 공지했는데, 우크라이나 포럼 주최 측이 사내이사 후보에 오르며 주가가 급등했다. 특검팀은 삼부토건과 웰바이오텍 등이 우크라이나 재건 사업을 추진할 것처럼 투자자를 속여 시세를 조종한 게 아닌지 의심하고 있다. 이날 오전엔 삼부토건 이일준 회장과 조성옥 전 회장을 피의자 신분으로 불러 조사하고 있다.한편 오 특검보는 이날 순직해병 특검팀이 이종호 전 블랙펄인베스트 대표의 자택을 압수수색한 데 대해 ""필요한 경우 (순직해병 특검팀과) 자료 공유에 관한 협의를 해나갈 수 있다""고 말했다. 이 전 대표는 도이치모터스·삼부토건 주가조작 의혹, 임성근·조병노 구명의혹 등 김건희 특검팀의 주요 수사 대상의 핵심 관련자다.안혜원 한경닷컴 기자 anhw@hankyung.com",https://www.hankyung.com/article/2025071006877,2025.07.10 16:10
"주식 매도 없이 신용이자 연 1,500만 원 줄이는 비법",,"전송종목 : 휴젤, 덴티움, 한국타이어앤테크놀로지, 한국콜마, JB금융지주최근 주식 투자자들 사이에서 주식대출(미수/신용융자 등)의 고금리에 대한 부담이 커지고 있다.특히 저금리를 적용 받고 싶어도, 기존 대출을 상환하고 다시 주식을 매수해야 하는 번거로운 절차와 자금 조달의 어려움이 발목을 잡고 있다.이런 현실적인 문제를 해결하고자, 무빙스탁이 ‘증권사 신용, 대환자금대출’ 서비스를 전격 출시했다.이 상품은 주식을 매도하지 않고도, 기존의 고금리의 주식대출(미수/신용융자 등)의 3%대의 혁신적인 저금리 증권사로 전환할 수 있도록 상환자금을 제공하는 것이 핵심이다.무빙스탁 관계자는 “현재 증권사 이벤트 금리는 연 3%대 수준으로, 기존 9~10%대 고금리를 적용받는 투자자라면 절감 효과가 상당하다”며, 금리를 5%만 낮추면 “1억원 신용대출 기준으로 연간 약 500만원, 3억원이라면 1,500만원까지도 절약할 수 있다”고 밝혔다.더 놀라운 점은, 현재는 이벤트 기간으로 대환자금대출 신청시 발생하는 이자 비용까지 ‘0원’이라는 사실이다. 대환자금에 대해서 하루의 대출이자도 부담하지 않고 기존 고금리 대출을 저금리로 전환할 수 있어, 고금리 부담에 시달리던 투자자들에게 큰 호응을 얻을 전망이다.이 서비스는 부동산 시장에서 흔히 이용되던 대환대출 개념을 증권시장에 도입한 혁신적인 시도로, 주식 투자자들의 자금 운용에 새로운 대안을 제시할 것으로 기대된다.무빙스탁 ‘증권사 신용, 대환자금대출’의 비용 무료 이벤트는 이벤트 기간 동안 한정적으로 제공되는 만큼, 신용융자를 이용 중인 투자자라면 지금 바로 확인해볼 필요가 있다.★ 장마감 시간이 가까워질수록 문의가 많아 상담이 지연될 수 있습니다.★ 7월 문의하신 고객들이 많이 보유하신 종목으로는 삼성전자, POSCO홀딩스, 셀트리온, 포스코퓨처엠, 에코프로비엠, NAVER, 에코프로, 삼성SDI, LG화학, SK하이닉스, 두산에너빌리티, 카카오, SK이노베이션, LG에너지솔루션, 엘앤에프, 삼천당제약, 현대차, 알테오젠, HPSP, LG전자 등이 있습니다.★ 안내사항과도한 빚은 당신에게 큰 불행을 안겨줄 수 있습니다. 대출 시 신용등급 하락으로 다른 금융거래가 제약받을 수 있습니다. 중개수수료를 요구하거나 받는 것은 불법입니다.상호명: ㈜단비대부 2021-서울영등포-2102(대부업) | TEL: 1544-4886 | 대출금리: 연 20%이내(연체금리는 약정금리+3%p이내, 최대 연 20%이내) | 단, 2021. 7. 7.부터 신규체결, 갱신, 연장되는 계약에 한함 | 채무의 조기상환 조건 및 부대비용 없음. (단, 신용조회비용 및 담보권설정비용 있음), 이자 외 별도로 중개수수료를 요구하거나 수취하는 것은 불법입니다. | 대표이사: 박동원 | 사업자등록번호: 274-86-00231 | 등록기관명칭: 서울 영등포구청(담당부서: 일자리경제과, 02-2670-3420) | 소재지 : 서울 영등포구 여의대방로67길 11, 5층 517호 | 개인정보관리자메일: help@danbifund.co.kr무료상담",https://www.hankyung.com/article/202507235742a,2025.07.23 10:48
"""당분간 달러화 강세 흐름…외인 매수종목 관심""-한국",,"/사진=게티이미지뱅크 

                한국투자증권은 21일 최근 달러화 강세 흐름에 대해 ""스테이블코인 도입 논의 활성화와 양호한 경제지표에 기인한다""며 ""당분간 외국인이 매수하고 있는 종목에 관심을 둘 필요가 있다""고 조언했다.이 증권사 김대준 연구원은 ""최근 글로벌 달러화가 강세로 방향을 바꾸면서 국가별로 통화가치가 떨어졌다""며 ""미국이 스테이블코인 활성화 법안을 완비하면서 달러화 가치 방어에 집중하고 있다""고 설명했다.이어 ""선물시장에서 달러화 숏 포지션도 축소되고 있다""며 ""이는 당분간 달러화가 약세를 보이지 않는다는 뜻으로 해석 가능하다""고 부연했다.또 ""양호했던 미국 경제지표도 달러화 강세를 지지하고 있다""며 ""인플레이션 압력과 직결되는 소비자물가와 미국 경제의 70%를 차지하는 소비가 개선되면서 미 중앙은행(Fed)의 금리인하 가능성도 약해졌다""고 평가했다.원·달러 환율 상승은 원화 기반 자산에서 달러화 기반 자산으로 옮겨가려는 유인을 작용해 국내 증시에 부담으로 작용할 수 있다는 분석이다.김 연구원은 ""일반적으로 원달러 환율이 오르면 국내 증시에서 외국인 매수세는 약해진다""며 ""가격 상승폭이 컸던 업종부터 외국인 매도세가 강해지고 있다""고 말했다.그러면서 ""이익 모멘텀이 강하고 밸류에이션 매력이 존재한다면 외국인 매수세는 선별적으로 유입될 수 있다""며 이와 같은 흐름을 보이고 있는 기업으로 △삼성전자 △키움증권 △LG유플러스 △한국가스공사 △현대제철 △엠씨넥스 △이마트 등을 꼽았다.노정동 한경닷컴 기자 dong2@hankyung.com",https://www.hankyung.com/article/2025072105736,2025.07.21 07:49
"타이밍이 중요한 국내주식 매수 전략, 본인자산포함 4배 집중투자로 해결가능",,"부자네스탁론이 새롭게 선보인 스탁론 상품이 투자자들 사이에서 화제를 모으고 있다. 해당 상품은 본인자산포함 4배로 투자 가능, 담보유지비율 120%의 유연한 조건과 다양한 투자 솔루션을 앞세워 증권사 신용, 담보대출 대비 높은 활용도를 자랑한다.일반적으로 증권사 신용융자에 비해 더 높은 레버리지와 더 낮은 담보유지비율을 제공하는 스탁론은, 투자 고수들 사이에서 이미 널리 알려진 수단이다. 부자네스탁론은 여기에 더해 미수금이나 반대매매 위험을 해결해주는 대환대출 상품, 투자 기회를 살리고 싶어하는 전략적 투자자들을 위한 다양한 서비스를 제공한다.또한 신용, 주식담보대출 이용불가 종목, 총부채원리금상환비율(D.S.R) 같은 규제 이슈로 제약을 받아온 투자자들에게도 계좌 평가금액 기준으로 맞춤형 대출이 가능하도록 설계되어 실질적인 해결책이 되고 있다.부자네스탁론은 “고객 한 명 한 명의 투자 상황에 맞춰 최적의 대출 방법을 제공하고 있다”며, “강화된 금융 규제 환경 속에서도 투자자들의 기회를 넓히는 데 최선을 다하겠다”고 밝혔다.-스탁론 D.S.R<총부채원리금상환비율> 고강도 규제에도! 문제없는 부자네스탁론!– 소득 낮고 기존 대출금액 많아도 계좌평가금액에 비례해서 대출가능!– 본인자산 포함 4배끼지 투자 가능!▶머니투데이 부자네스탁론① 5년 고정금리로 금리인상 걱정없이 운용 가능② 자기자본포함 최대 4배까지 레버리지 투자 가능③ 매수가능종목 100% 집중투자가능 (코스닥, 시가총액, 포트폴리오비율상관없이)④ 스탁론 전종목 1:1 매수상담문의 → 수익극대화⑤ 반대매도 임박 / 추가입금이 힘들다면? → 1:1 로스컷 전문상담⑥ D.S.R과 신용등급 낮.아.도 문제없이 매입/대환까지 가능!⑦ 위 혜택을 4%대의 저금리로 이용 가능!★ D.S.R비율, 신용등급 무관 저금리 부자네스탁 AM8:00~PM4:00 ☎1577-5852★ AM 8:00 부터 선착순 예약접수 http://www.bujane.co.kr/7월 고객들의 문의가 많은 종목은 삼성전자, SK하이닉스, LG에너지솔루션, KB금융, 현대차 등이 있다.무료상담",https://www.hankyung.com/article/202507160693a,2025.07.16 08:03
"전고점 향해 달리는 코스피…""증시 부양책이 불 붙인다"" [주간전망]","NH證, 이번주 코스피 3000~3250 전망","사진=뉴스1

                코스피지수가 이번주(14~18일)에도 강세를 보일 것이란 전망이 나온다. 미국발(發) 관세 불확실성은 여전하지만, 증시 부양책이 효과를 낼 것이란 분석이다. 다만 지수가 단기 급등한 탓에 차익 실현 매물이 나올 수 있어 유의해야 한다는 시각도 제기된다.13일 금융투자업계에 따르면 NH투자증권은 이번주 코스피가 3000~3250 사이에서 움직일 것으로 예상했다. 자사주 소각 의무화 추진, 상법 개정 등 정책 모멘텀이 주가에 호재로 작용하고 있다는 분석이다. 상법 개정안은 기업 이사의 충실의무 대상을 '회사'에서 '회사 및 주주'로 확대하고, 이사에게 총주주 이익을 보호하고 전체 주주를 공평하게 대우하라는 의무를 부과했다. 또 3%룰도 강화됐다. 사외이사를 독립이사로 바꾸고, 독립이사를 감사위원으로 선출할 때 사내이사와 동일하게 최대주주 및 특수관계인의 의결권을 합산 3%까지만 행사하도록 했다. 나정환 NH투자증권 연구원은 ""정책 모멘텀이 호재로 작용하고 있다. 외국인 투자자의 매수세도 이어지는 가운데 65조원에 달하는 개인 투자자의 예탁금이 대기하고 있다""며 ""국내 주식형 펀드의 원본설정액도 많이 늘어나는 등 증시 대기자금이 풍부하다. 모멘텀이 있는 업종, 종목으로 자금 유입세가 이어질 것으로 예상한다""고 밝혔다.미국 인공지능(AI) 대장주 엔비디아의 질주도 국내 증시에 훈풍을 불어넣을 전망이다. 엔비디아는 최근 전 세계 최초로 시가총액 4조달러를 돌파했다. 여전히 AI 산업에서 독점적인 지위를 차지하고 있기 때문이다. 엔비디아의 상승세에 힘입어 SK하이닉스도 우상향하는 흐름을 보이고 있다. 지난 11일에는 삼성전자도 2.62% 올랐다.황준호 상상인증권 연구원은 ""엔비디아의 시가총액이 4조달러를 돌파한 것에서 알 수 있듯이 AI 관련 테마에 대한 투자심리는 여전히 견조하다""며 ""반도체 업종 비중이 높은 한국 증시에는 호재""라고 설명했다.
                    



사진=게티이미지뱅크 

                관세 문제는 해결되지 않았지만, 증시에 미치는 영향은 크지 않을 것으로 예상된다. 도널드 트럼프 대통령은 지난 7일 세계 각국에 상호관세율을 통보하는 서한을 보내기 시작했다. 한국 관세율은 지난 4월 발표와 마찬가지로 25%로 유지됐다. 상호관세 발효 시점은 8월1일이라 협상 가능성이 열려 있다는 해석이 나온다.황 연구원은 ""미국과의 관세 협상이 불발되면 국내 증시는 조정받을 수 있다""면서도 ""협상 과정에서 해당 이슈가 완화할 가능성이 높은 것을 고려하면 관세는 제한적인 리스크""라고 평가했다.다만 코스피가 단기 급등한 만큼 추격 매수를 지양해야 한다는 의견도 있다. 이에 전고점에는 다다르지 못할 가능성이 높다는 관측에 무게가 실린다. 코스피의 장중 전고점은 2021년 6월25일 기록한 3316.08이다. 이경민 대신증권 연구원은 ""최근 코스피의 12개월 선행 실적 기준 주가수익비율(PER)은 10.65배로 재평가 국면에 진입했다""면서도 ""공포&탐욕 지수가 '극도의 탐욕' 구간에 진입한 만큼 상승 업종 추격 매수보다 리스크 관리·소외된 저평가주 중심의 순환매 대응이 유효하다""고 밝혔다.NH투자증권은 이번주 관심 업종으로 중소형 지주, 증권주를 제시했다. 상법 개정안 수혜주다. 앞서 지난 3일 국회 본회의를 통과한 상법 개정안에는 이사의 충실 의무 대상을 기존 회사에서 '회사 및 주주'로 확대하는 내용이 담겼다. 그 외 AI 관련주인 AI 소프트웨어, 고대역폭메모리(HBM) 관련 장비, 화장품, 제약·바이오, 유통 업종도 관심주로 꼽혔다.오는 15일(현지시간) 미국의 6월 소비자물가지수(CPI)가 발표된다. CPI는 미국 중앙은행(Fed)이 통화정책을 결정할 때 물가 흐름을 가늠하는 핵심 지표다. 관세가 물가에 반영돼 전년 대비 물가 상승률은 5월보다 높아질 것으로 예상된다. 물가 상승률이 꺾이지 않으면 Fed는 금리 인하 시점을 늦출 수 있다.15일에는 중국의 2분기 국내총생산(GDP)도 공개된다. 오는 16일에는 미국 6월 생산자물가지수(PPI)와 Fed의 경기 동향 보고서(베이지북)가 공표된다. 17일에는 미국 6월 소매판매 지표도 발표될 예정이다.실적 시즌도 본격화하고 있다. 15일 JP모간, 씨티그룹, 블랙록, 웰스파고 등 미국 주요 금융주 실적이 공개된다. 16일에는 네덜란드 ASML, 17일에는 대만 TSMC 실적이 공개될 전망이다. 국내 증시에서는 현대건설, 포스코퓨처엠이 오는 18일 2분기 실적을 발표한다.진영기 한경닷컴 기자 young71@hankyung.com",https://www.hankyung.com/article/2025071131086,2025.07.13 08:00
"코스피, 미 기술주 훈풍에 또 연고점 경신…3180선 마감","외인 '사자' 개인 '팔자'
엔비디아 상승에 반도체株↑","10일 오후 서울 중구 하나은행 본점 딜링룸 전광판에 증시가 표시되고 있다. 사진=뉴스1

                코스피지수가 미 기술주 훈풍에 힘입어 또 연고점을 경신했다.10일 코스피지수는 전일 대비 49.49포인트(1.58%) 오른 3183.23을 기록했다. 전날 연고점 경신 이후 이날 소폭 상승세로 출발한 코스피지수는 반도체와 제약바이오 등 대형주에 매수세가 몰리면서 장중 상단을 지속적으로 높였다.앞서 간밤 뉴욕증시에선 S&P500지수와 나스닥종합지수가 사상 최고치를 돌파하는 등 주요 지수가 일제히 상승했다. 특히 엔비디아는 시가총액 4조달러(약 5500조원)를 넘어서는 세계 최초의 기업이 됐다.한국은행 금융통화위원회는 이날 통화정책방향 결정회의에서 예상대로 기준금리를 연 2.50%로 동결하면서 증시에 큰 영향을 주지 않았다.이날 유가증권시장에서 외국인과 기관이 각각 4899억원과 408억원 순매수였다. 개인은 5842억원 매도우위였다. 장 초반 매도세를 보였던 외국인이 반도체주를 중심으로 매수세에 나서자 개인이 차익실현 물량을 내놨다.시총 상위주들은 대부분 올랐다. 엔비디아가 상승에 힘입어 삼성전자, SK하이닉스가 강세였다. 특히 SK하이닉스는 5.69% 오른 29만7000원에 장을 마감해 30만원을 눈앞에 뒀다. 삼성바이오로직스와 SK바이오팜은 의약품에 대한 미 관세 부과 시점 연장에 각각 6.09%와 5.54% 급등했다.대신밸류리츠는 코스피 상장 첫날 공모가(5000원) 대비 9.6% 떨어지면서 다소 부진했다.코스닥지수도 상승했다. 이날 코스닥지수는 전일 대비 7.34포인트(0.93%) 오른 797.7에 거래를 마감했다. 코스닥시장에선 외국인이 1706억원 순매수했다. 기관과 개인은 각각 1474억원과 397억원 매도우위였다.코스피 시총 상위주들은 혼조세였다. 알테오젠(5.67%), HLB(2.43%), 리가켐바이오(16.49%) 등이 강세였다. 반면 파마리서치(-5.56%), 휴젤(-1.66%) 등은 떨어졌다.이창용 한국은행 총재가 은행권 중심의 스테이블코인 발행을 언급하면서 뱅크웨어글로벌이 급등했다. 50% 무상증자를 결정한 헥토파이낸셜은 10.24% 뛰었다. 인투셀은 기술이전 계약 해지 소식 이후 26%대 급락했다.원·달러 환율은 하락했다. 이날 오후 3시30분 기준 서울 외환시장에서 원·달러 환율은 전일 대비 5.0원 내린 1370.0원에 주간거래를 마쳤다.노정동 한경닷컴 기자 dong2@hankyung.com",https://www.hankyung.com/article/2025071005746,2025.07.10 15:54
"미국, 중국산 흑연에 반덤핑 관세 예고…2차전지 관련주 급등",,"미국이 중국산 흑연에 고율의 반덤핑 관세를 예고하면서 국내 2차전지 업종 주가가 일제히 상승하고 있다. 중국산 흑연에 대한 의존도가 높은 상황에서 공급망 재편 가능성에 대한 기대가 반영된 것으로 해석된다.미국 상무부는 중국 정부의 보조금 지원이 공정 경쟁을 저해한다고 판단해, 중국산 흑연에 93.5%의 관세를 부과하는 예비 결정을 내렸다. 이는 배터리 핵심 소재인 흑연에 대한 수입 규제를 강화하려는 조치다.중국산 흑연은 글로벌 음극재 시장의 약 90%를 차지하고 있어, 이번 결정은 배터리 공급망 전반에 큰 영향을 미칠 수 있다. 최종 결정은 오는 12월 확정될 예정이며, 관세가 현실화될 경우 대체 공급처 확보에 대한 관심도 커지고 있다.한편, 스탁론에 대한 관심이 날로높아지고 있다. 모처럼 잡은 투자기회를 놓치지 않으려는 투자자들이 주식매입을 위해 더 많은 자금을 활용할 수 있는 스탁론으로 눈길을 돌리고 있기 때문이다. 현 주가는 실적을 따라가지 못하고 있는 상황으로, 밸류에이션 리레이팅이 필요한 시기라는 평가도 나오고 있다.




 

◆ 올뉴스탁론, DSR 무관 상품에 연 4%대 최저금리 상품으로 다양한 선택지를!올뉴스탁론에서 투자자들 누구나 부담 없이 스탁론을 경험할 수 있도록 연 4%대 업계 최저금리로 이용 가능한 증권 연계신용 상품을 출시했다. 주식매입은 물론 증권사 미수/신용 대환 모두 가능하며 신용등급 차등 없이 자기 자본 포함 최대 4배까지 활용할 수 있다.이와 함께 DSR 한도 때문에 기존 스탁론 활용이 어려웠던 투자자들을 위한 DSR 무관 상품도 취급 중이다. 또한 장중 거래가 어려웠던 투자자를 위한 대체거래소(NXT) 거래도 가능해졌다.올뉴스탁론에 대해 자세히 알고 싶은 투자자는 고객상담센터(☎1599-8666)로 연락하면 대출 여부와 무관하게 언제든 전문상담원과 편리하게 상담할 수 있다.○ 보유하고 있는 대출액이나 소득 무관하게! (DSR 무관)○ 최대 4배 주식자금 활용 가능! (본인 자금 포함)○ 대체거래소(NXT) 거래 가능!○ 증권 신용/미수 당일 즉시 대환 가능!○ 기존 증권사 신용, 스탁론으로 매수가 어려웠던 종목도 OK!※ 올뉴스탁론 고객상담센터 : 1599-8666바로가기 : https://allnewstockloan.co.kr?agency=HTS◆ 현 시각 관심종목 Top 10 : 삼성전자, HLB, 카카오, 한화오션, 포스코퓨처엠, 알테오젠, 코리아나, MDS테크, 클로봇, 싸이닉솔루션무료상담",https://www.hankyung.com/article/202507211741a,2025.07.22 11:00
"이재명 대통령, 오늘 이재용 삼성전자 회장과 만찬 회동","경제 현안에 대한 의견 청취
미국 관세 정책 관련 대응 논의

정의선, 구광모 회장 만찬 이어
최태원 회장, 김동관 부회장도 만나","이재명 대통령이 지난 13일 서울 용산 대통령실 청사에서 열린 경제6단체와 기업인 간담회에서 이재용 삼성전자 회장의 발언을 듣고 있다./사진=대통령실사진기자단

                이재명 대통령이 이재용 삼성전자 회장과 24일 만찬 회동을 갖는 것으로 알려졌다. 이 대통령은 지난 14일 정의선 현대자동차그룹 회장, 15일 구광모 LG그룹 회장에 이어 지난주 최태원 SK그룹 회장, 김승연 한화그룹 회장도 만난 것으로 전해졌다. 이 대통령이 주요 그룹 총수들과 연쇄 회동하며 미국발 통상 리스크 대응을 위한 ‘경제 원팀’ 행보에 속도를 내는 모습이다.이 대통령은 오늘 저녁 이 회장과 만나 국내외 투자, 일자리 창출, 내수 활성화 등 경제 현안을 논의할 예정이다. 회동은 배석자를 최소화하는 소규모 면담 형태로 진행할 예정인 것으로 전해졌다. 이 대통령은 앞서 정 회장, 구 회장과의 만남 이후 최태원 SK그룹 회장, 김동관 한화그룹 부회장 등도 만난 것으로 알려졌다.이 대통령은 지난달 13일 삼성, SK, 현대차, LG, 롯데 등 5대 그룹 총수와 경제 6단체장과 단체 간담회를 주재했다. 이 자리에서 총수들에게 대미 투자 계획 및 지방 활성화, 연구개발(R&D) 투자에 관해 물었고 기업들의 적극적인 역할을 주문했다.이후 개별 총수들과 직접 만나 그룹별 현안을 듣고 구체적인 논의를 진행 중인 것으로 분석된다. 한국과 미국의 관세 협상이 진행 중인 만큼, 기업의 조력 방안이나 현지 네트워크 활용 등에 대한 조언도 구하고 있는 것으로 알려졌다.황정수/한재영 기자 hjs@hankyung.com",https://www.hankyung.com/article/202507249283i,2025.07.24 11:50
"최고가 찍은 엔비디아, 반도체 ETF 동반 랠리",3개월 수익률 1~6위 휩쓸어,"엔비디아가 국내 상장 반도체 상장지수펀드(ETF)의 수익률을 끌어올리고 있다. 시가총액이 4조달러(약 5554조원)에 달하는 엔비디아는 올 들어 주가가 23% 넘게 뛰었다.16일 한국거래소에 따르면 유가증권시장에 상장된 38개 반도체 ETF의 최근 3개월(4월 16일~7월 15일) 수익률 상위권은 글로벌 반도체에 투자하는 상품이 휩쓸었다. 1~6위 모두 엔비디아 편입 비중이 높은 것으로 나타났다.가장 높은 수익을 낸 상품은 ‘SOL 미국AI반도체칩메이커’다. 3개월간 48.22% 올랐다. 엔비디아 비중이 20%인 상품이다. 2위인 ‘ACE 글로벌반도체TOP4 Plus SOLACTIVE’(수익률 46.9%)도 엔비디아와 SK하이닉스, TSMC, ASML 등 4개 반도체 기업을 각각 20% 내외로 담았다. 그 뒤를 이은 3~6위 반도체 ETF도 40%대 수익률을 냈는데, 이들 모두 비중 상위 3개 종목에 엔비디아가 포함됐다.최근 엔비디아가 주가 랠리를 펼치자 엔비디아를 편입한 ETF의 수익률도 함께 올랐다는 분석이 나온다. 글로벌 빅테크 기업이 인공지능(AI) 관련 지출을 확대하면서 AI칩을 만드는 엔비디아의 주가는 꾸준히 오르고 있다. 이달 들어서는 세계 최초로 시총 4조달러를 돌파했다. 15일(현지시간)에는 주가가 170달러를 넘기며 사상 최고가를 찍었다. 미·중 관세 전쟁으로 지난 4월 이후 3개월간 중단됐던 대(對)중국 AI칩 수출이 재개된 영향이다.엔비디아의 중국 판매량이 늘면 엔비디아에 고대역폭메모리(HBM)를 공급하는 SK하이닉스와 삼성전자의 주가에도 긍정적인 영향을 미친다.양지윤 기자 yang@hankyung.com",https://www.hankyung.com/article/2025071627511,2025.07.16 17:29
"""삼성전자, 송금용 스테이블코인 도입 땐 年 1억달러 절감""","스테이블코인의 공습
(10) 원화 코인은 신중모드

해외법인 간 환전 비용 사라져
네이버페이, 코인 발행땐 1兆 이익","< 비트코인 고공행진 > 비트코인 가격이 14일 사상 처음으로 12만달러를 넘어섰다. 미국 하원에서 이날부터 가상자산 관련 법안을 집중 논의하는 크립토위크(가상자산 주간)가 시작되면서 법안 통과 기대가 커진 영향이다.  최혁 기자

                삼성전자가 내부 송금 수단으로 스테이블코인을 사용하면 연간 최대 1억달러가 넘는 비용을 줄일 수 있다는 분석이 나왔다. 전자결제기업인 네이버페이가 스테이블코인을 발행하면 1조원 가까운 이익을 추가로 거둘 수 있다는 전망도 제기됐다. 스테이블코인이 단순한 투자 수단을 넘어 글로벌 생산과 유통망을 보유한 글로벌 기업의 국경 없는 내부 결제 통화로 부상할 것이란 관측이 나온다. 비용 절감을 노리는 일반 기업의 스테이블코인 활용 유인이 클 것이라는 평가다. ◇ 다국적 기업 수요 클 듯14일 국정기획위원회 자문위원인 강형구 한양대 경영대 교수가 최근 공개한 분석에 따르면 삼성전자가 스테이블코인을 내부 송금에 활용하면 연간 최소 4840만달러(약 668억원)에서 최대 1억390만달러(약 1434억원)를 절감할 수 있을 것으로 나타났다. 삼성전자 계열사와 지점, 법인 간 이뤄지는 국제 송금이 연간 50만 건, 800억달러 규모라는 가정에 기반한 시나리오다.
                    






이미지 크게보기



                일반적으로 삼성전자와 같은 다국적 기업이 내부에서 자금을 이체할 때 본사와 해외 자회사 또는 해외 법인 간에 외화 송금이 이뤄진다. 이때 달러 등 외화를 매수하고 매도할 때 환전 비용(FX스프레드)과 중개 은행 수수료 등 여러 간접 비용이 발생한다. 거래 건수가 많을수록 비용 부담은 커질 수밖에 없다. 실제 자금이 도착할 때까지 수일 걸리기 때문에 자금을 즉시 활용하지 못하는 기회비용도 작지 않다. 스테이블코인을 활용하면 환전 비용은 사실상 사라진다. 거래 수수료 역시 송금 규모에 상관없이 1달러 수준이다. 환전과 중개 절차 없이 실시간으로 자금을 이체할 수 있다 보니 자금 운용의 비효율도 줄어든다.이번 분석에서는 환전 비용을 0.03~0.1%, 송금 수수료는 건당 25달러로 가정했다. 인건비와 인프라 구축 비용 등을 포함한 스테이블코인 결제 시스템의 운영비는 연간 500만달러로 추정했다. 그 결과 스테이블코인을 활용하면 FX스프레드와 송금 수수료 등의 부담이 사실상 사라져 연간 최대 1억달러 이상의 비용을 절감할 수 있다는 결론을 도출했다. 삼성전자뿐 아니라 현대자동차 등 글로벌 공급망을 갖춘 대기업일수록 효과는 훨씬 클 것이란 설명이다. 강 교수는 “국내 대기업의 ‘디지털 달러’ 도입이 빨라질 수 있다”고 내다봤다. ◇ 실시간 자금 활용 가능카드사와 은행 등에 수수료를 지급하는 전자결제기업도 비용 절감 효과를 누릴 수 있다는 게 강 교수 분석이다. 지난해 네이버페이가 카드사와 은행 등에 지급한 수수료는 8908억원에 달한다. 스테이블코인 결제가 도입되면 수수료 비용이 고스란히 이익으로 남을 것이란 계산이 나온다.해외에서는 스테이블코인을 내부 결제에 도입한 기업이 나오고 있다. JP모간은 자사 기관 고객 간 송금에 JPM 코인을 활용하고 있다. JPM 코인은 고객이 예치한 달러를 기반으로 발행하는 폐쇄형 스테이블코인이다. 하루 거래 규모는 10억달러에 달한다. 아마존, 월마트 등 미국 주요 유통 대기업도 자체 스테이블코인 발행 계획을 공개했다. 마진이 낮은 유통업계에선 결제 비용 절감 효과가 수익성 개선으로 직결된다는 점에서 실익이 클 것이라는 전망이 나온다. ◇ 한국에선 발행주체 두고 이견국내에서는 원화 스테이블코인 발행을 은행에 우선 허용하는 방안을 논의하고 있다. 이창용 한국은행 총재는 최근 기자간담회에서 “스테이블코인 발행을 비(非)은행 기관에 허용하면 문제가 생길 수 있다”며 신중한 입장을 밝혔다.업계에서는 민간 참여를 폭넓게 허용해야 한다는 목소리가 높다. 업계 고위 관계자는 “기술력과 활용처를 갖춘 민간 기업이 배제된 채 은행 중심으로 제도가 설계되면 시장 경쟁이 제대로 이뤄지기 어렵다”며 “일정 요건을 충족하면 발행에 참여할 수 있도록 길을 열어줘야 한다”고 말했다.조미현/서형교 기자 mwise@hankyung.com",https://www.hankyung.com/article/2025071476101,2025.07.14 18:03
"""이 배우 누구야?""…말문 튼 삼성 TV, 리모컨만 누르면 '뚝딱'","삼성전자 AI TV 업데이트 진행
클릭 투 서치에 '빅스비' 적용","삼성전자 모델이 자연어 처리 기반의 향상된 빅스비가 적용된 '클릭 투 서치'를 통해 삼성 AI TV와 대화하듯이 다양한 정보를 얻고 있다. 사진=삼성전자 제공

삼성전자가 2025년형 인공지능(AI) TV에 탑재된 '클릭 투 서치' 기능에 자연어 처리 기술로 향상된 '빅스비'를 적용하는 업데이트를 진행했다. 사용자는 앞으로 TV와 대화를 나누는 방식으로 간편하게 정보를 확인할 수 있게 됐다. 삼성전자는 15일 자사 2025년형 AI TV 내 클릭 투 서치 기능에 빅스비를 적용하는 업데이트를 진행했다고 밝혔다. 클릭 투 서치는 TV 속 화면에서 나오는 인물이나 장소, 사물을 클릭하면 관련 정보를 검색할 수 있는 기능이다. 이번 업데이트로 사용자들은 시청하던 프로그램에서 등장인물 정보를 알고 싶을 때 리모콘 'AI 버튼'을 누르면 관련 내용을 확인할 수 있게 됐다. 추가 질문도 가능하다. 이 기능은 공중파·케이블 TV·삼성 TV 플러스를 시청할 때도 사용할 수 있다. 삼성전자는 온라인동영상서비스(OTT) 채널로 확대하는 방안도 검토하는 중이다. 업데이트가 적용되는 제품은 2025년형 △네오 QLED △OLED △더 프레임 △QLED 등이다. 국내를 시작으로 서비스를 제공하고 다른 국가로도 점차 확대할 예정이다. 이헌 삼성전자 영상디스플레이사업부 부사장은 ""삼성은 19년 연속 글로벌 TV 시장 1위를 지켜오면서 TV 기술과 소비자 경험에 대한 전문성을 축적해 왔다""며 ""사용자에게 실질적인 가치를 주는 핵심 AI 기능만 엄선해 TV에 최적화된 AI를 구현했다""고 말했다.김대영 한경닷컴 기자 kdy@hankyung.com",https://www.hankyung.com/article/202507158185g,2025.07.15 08:30
합리적 투자 필수! 증권사 신용대출 3%대 전환으로 이자 절감,,"전송종목 : 두산로보틱스, OCI, 이수스페셜티케미컬, 한화비전, 경방최근 주식 투자자들 사이에서 주식대출(미수/신용융자 등)의 고금리에 대한 부담이 커지고 있다.특히 저금리를 적용 받고 싶어도, 기존 대출을 상환하고 다시 주식을 매수해야 하는 번거로운 절차와 자금 조달의 어려움이 발목을 잡고 있다.이런 현실적인 문제를 해결하고자, 무빙스탁이 ‘증권사 신용, 대환자금대출’ 서비스를 전격 출시했다.이 상품은 주식을 매도하지 않고도, 기존의 고금리의 주식대출(미수/신용융자 등)의 3%대의 혁신적인 저금리 증권사로 전환할 수 있도록 상환자금을 제공하는 것이 핵심이다.무빙스탁 관계자는 “현재 증권사 이벤트 금리는 연 3%대 수준으로, 기존 9~10%대 고금리를 적용받는 투자자라면 절감 효과가 상당하다”며, 금리를 5%만 낮추면 “1억원 신용대출 기준으로 연간 약 500만원, 3억원이라면 1,500만원까지도 절약할 수 있다”고 밝혔다.더 놀라운 점은, 현재는 이벤트 기간으로 대환자금대출 신청시 발생하는 이자 비용까지 ‘0원’이라는 사실이다. 대환자금에 대해서 하루의 대출이자도 부담하지 않고 기존 고금리 대출을 저금리로 전환할 수 있어, 고금리 부담에 시달리던 투자자들에게 큰 호응을 얻을 전망이다.이 서비스는 부동산 시장에서 흔히 이용되던 대환대출 개념을 증권시장에 도입한 혁신적인 시도로, 주식 투자자들의 자금 운용에 새로운 대안을 제시할 것으로 기대된다.무빙스탁 ‘증권사 신용, 대환자금대출’의 비용 무료 이벤트는 이벤트 기간 동안 한정적으로 제공되는 만큼, 신용융자를 이용 중인 투자자라면 지금 바로 확인해볼 필요가 있다.★ 장마감 시간이 가까워질수록 문의가 많아 상담이 지연될 수 있습니다.★ 7월 문의하신 고객들이 많이 보유하신 종목으로는 삼성전자, POSCO홀딩스, 셀트리온, 포스코퓨처엠, 에코프로비엠, NAVER, 에코프로, 삼성SDI, LG화학, SK하이닉스, 두산에너빌리티, 카카오, SK이노베이션, LG에너지솔루션, 엘앤에프, 삼천당제약, 현대차, 알테오젠, HPSP, LG전자 등이 있습니다.★ 안내사항과도한 빚은 당신에게 큰 불행을 안겨줄 수 있습니다. 대출 시 신용등급 하락으로 다른 금융거래가 제약받을 수 있습니다. 중개수수료를 요구하거나 받는 것은 불법입니다.상호명: ㈜단비대부 2021-서울영등포-2102(대부업) | TEL: 1544-4886 | 대출금리: 연 20%이내(연체금리는 약정금리+3%p이내, 최대 연 20%이내) | 단, 2021. 7. 7.부터 신규체결, 갱신, 연장되는 계약에 한함 | 채무의 조기상환 조건 및 부대비용 없음. (단, 신용조회비용 및 담보권설정비용 있음), 이자 외 별도로 중개수수료를 요구하거나 수취하는 것은 불법입니다. | 대표이사: 박동원 | 사업자등록번호: 274-86-00231 | 등록기관명칭: 서울 영등포구청(담당부서: 일자리경제과, 02-2670-3420) | 소재지 : 서울 영등포구 여의대방로67길 11, 5층 517호 | 개인정보관리자메일: help@danbifund.co.kr무료상담",https://www.hankyung.com/article/202507248239a,2025.07.24 10:48
"[포토] 삼성 갤럭시 폴드7·플립7, 사전판매 104만대 신기록",,삼성전자는 지난 15일부터 21일까지 사전판매한 갤럭시 Z폴드7·플립7 물량이 104만 대로 집계됐다고 22일 밝혔다. 역대 갤럭시 폴더블폰 사전판매 최다 기록이다. 삼성전자는 사전예약 물량에 한해 21일부터 3일간 개통한 뒤 25일 공식 출시한다. 22일 서울 서초동에 있는 ‘삼성 강남’ 매장에서 사전 개통하려는 고객들이 줄을 서 있다. 삼성전자 제공,https://www.hankyung.com/article/2025072252471,2025.07.22 17:44
이자 부담 최소화! 증권사 신용대출 3%대로 바꾸는 절호의 기회,,"전송종목 : 한국앤컴퍼니, 기아, SK하이닉스, 현대건설, 삼성화재최근 주식 투자자들 사이에서 주식대출(미수/신용융자 등)의 고금리에 대한 부담이 커지고 있다.특히 저금리를 적용 받고 싶어도, 기존 대출을 상환하고 다시 주식을 매수해야 하는 번거로운 절차와 자금 조달의 어려움이 발목을 잡고 있다.이런 현실적인 문제를 해결하고자, 무빙스탁이 ‘증권사 신용, 대환자금대출’ 서비스를 전격 출시했다.이 상품은 주식을 매도하지 않고도, 기존의 고금리의 주식대출(미수/신용융자 등)의 3%대의 혁신적인 저금리 증권사로 전환할 수 있도록 상환자금을 제공하는 것이 핵심이다.무빙스탁 관계자는 “현재 증권사 이벤트 금리는 연 3%대 수준으로, 기존 9~10%대 고금리를 적용받는 투자자라면 절감 효과가 상당하다”며, 금리를 5%만 낮추면 “1억원 신용대출 기준으로 연간 약 500만원, 3억원이라면 1,500만원까지도 절약할 수 있다”고 밝혔다.더 놀라운 점은, 현재는 이벤트 기간으로 대환자금대출 신청시 발생하는 이자 비용까지 ‘0원’이라는 사실이다. 대환자금에 대해서 하루의 대출이자도 부담하지 않고 기존 고금리 대출을 저금리로 전환할 수 있어, 고금리 부담에 시달리던 투자자들에게 큰 호응을 얻을 전망이다.이 서비스는 부동산 시장에서 흔히 이용되던 대환대출 개념을 증권시장에 도입한 혁신적인 시도로, 주식 투자자들의 자금 운용에 새로운 대안을 제시할 것으로 기대된다.무빙스탁 ‘증권사 신용, 대환자금대출’의 비용 무료 이벤트는 이벤트 기간 동안 한정적으로 제공되는 만큼, 신용융자를 이용 중인 투자자라면 지금 바로 확인해볼 필요가 있다.★ 장마감 시간이 가까워질수록 문의가 많아 상담이 지연될 수 있습니다.★ 7월 문의하신 고객들이 많이 보유하신 종목으로는 삼성전자, POSCO홀딩스, 셀트리온, 포스코퓨처엠, 에코프로비엠, NAVER, 에코프로, 삼성SDI, LG화학, SK하이닉스, 두산에너빌리티, 카카오, SK이노베이션, LG에너지솔루션, 엘앤에프, 삼천당제약, 현대차, 알테오젠, HPSP, LG전자 등이 있습니다.★ 안내사항과도한 빚은 당신에게 큰 불행을 안겨줄 수 있습니다. 대출 시 신용등급 하락으로 다른 금융거래가 제약받을 수 있습니다. 중개수수료를 요구하거나 받는 것은 불법입니다.상호명: ㈜단비대부 2021-서울영등포-2102(대부업) | TEL: 1544-4886 | 대출금리: 연 20%이내(연체금리는 약정금리+3%p이내, 최대 연 20%이내) | 단, 2021. 7. 7.부터 신규체결, 갱신, 연장되는 계약에 한함 | 채무의 조기상환 조건 및 부대비용 없음. (단, 신용조회비용 및 담보권설정비용 있음), 이자 외 별도로 중개수수료를 요구하거나 수취하는 것은 불법입니다. | 대표이사: 박동원 | 사업자등록번호: 274-86-00231 | 등록기관명칭: 서울 영등포구청(담당부서: 일자리경제과, 02-2670-3420) | 소재지 : 서울 영등포구 여의대방로67길 11, 5층 517호 | 개인정보관리자메일: help@danbifund.co.kr무료상담",https://www.hankyung.com/article/202507185995a,2025.07.18 08:43
[포토] 삼성 AI TV 무엇이든 물어보세요,,삼성전자가 2025년형 인공지능(AI) TV에 들어간 ‘클릭 투 서치’ 기능에 한층 똑똑해진 빅스비를 적용하는 업데이트를 했다고 15일 밝혔다. 사용자가 리모컨의 ‘AI 버튼’을 누르자 시청 중인 프로그램 화면에 등장인물의 정보가 올라오고 있다.  삼성전자 제공,https://www.hankyung.com/article/2025071502921,2025.07.15 18:31
"율촌, 외국변호사 3인 영입",,"법무법인 율촌이 글로벌 경쟁력 강화를 위해 파트너급 외국변호사 세 명을 잇달아 영입했다.20일 법조계에 따르면 미국 국세청 법무실과 삼성전자에서 실무 경험을 쌓은 김아이린 외국변호사(사진)가 이달 율촌에 합류했다. 김 변호사는 미국 볼티모어대 경영학과를 졸업한 뒤 2012~2016년 미국 국세청 변호사로 재직했다. 이후 법무법인 화우와 삼성전자에서 경력을 쌓았으며, 2023년부터 최근까지 화우에서 근무했다.앞서 4월에는 김앤장법률사무소에서 8년간 근무하고 SK온 법률 담당 부사장을 지낸 박성욱 외국변호사가 율촌 기업·M&A 자문 본부에 합류했다. 5월에는 중국 변호사 자격증을 취득하고 SK해운과 현대글로비스를 거쳐 법무법인 광장에서 10년간 재직한 김은숙 외국변호사도 같은 본부에 영입됐다.허란 기자 why@hankyung.com",https://www.hankyung.com/article/2025072001381,2025.07.20 17:41
"삼성중공업 수주공시 - P4 Ph4(상동) 마감공사 3,925.9억원 (매출액대비  4.0 %)",,"07월 21일 삼성중공업(010140)은 수주공시를 발표했다.◆삼성중공업 수주공시 개요- P4 Ph4(상동) 마감공사 3,925.9억원 (매출액대비  4.0 %)삼성중공업(010140)은 P4 Ph4(상동) 마감공사에 관한 단일판매ㆍ공급계약체결              을 21일에 공시했다.계약 상대방은 삼성전자(주)이고, 계약금액은 3,925.9억원 규모로 최근 삼성중공업 매출액 9.9조 대비 약  4.0 % 수준이다. 이번 계약의 기간은 2025년 07월 18일 부터 2027년 07월 31일까지로 약 2년이다.한편 이번 계약수주는 2025년 07월 18일에 체결된 것으로 보고되었다.
                    



차트

                수주 공시는 향후 기업의 실적에 직접적인 영향을 미치기 때문에 계약의 규모, 계약 기간 등에 대해서 주의 깊게 살펴볼 필요가 있다. 특히 수주 공시가 늘어나는데 주가는 움직이지 않는다면 매수 관점에서 접근해 볼 수도 있다.한경로보뉴스이 기사는 한국경제신문과 금융 AI 전문기업 씽크풀이 공동 개발한 기사 자동생성 알고리즘에 의해 실시간으로 작성된 것입니다.",https://www.hankyung.com/article/202507210824L,2025.07.21 09:05
"상승이냐, 하락이냐…개미들 '엇갈린 베팅'",,"개인투자자들이 지난 한 달간 증시 방향성을 두고 엇갈린 판단을 내린 것으로 나타났다.14일 ETF체크에 따르면 최근 1개월 동안 자금이 가장 많이 몰린 상장지수펀드(ETF)는 ‘TIGER TOP10’으로 집계됐다. 유가증권 및 코스닥시장의 시가총액 상위 100개 종목 가운데 ‘톱10’을 추린 이 상품에 총 5946억원이 순유입됐다. 이 ETF의 주요 편입 종목은 SK하이닉스 삼성전자 KB금융 등 대형주다. 국내 증시 전반의 상승 흐름에 베팅했다는 얘기다. 반면 2위는 ‘KODEX 200선물인버스2X’였다. 이 ETF는 코스피200 선물지수의 하루 수익률을 역으로 두 배씩 추종하는 상품이다. 지수 하락 때 수익이 나는 구조다. 상승과 하락에 대한 개인들의 전망이 정반대로 갈린 셈이다.결과적으로 상승장에 베팅한 투자자가 압도적인 성과를 냈다. TIGER TOP10의 1개월 수익률은 10.74%였다. 비중이 가장 큰 SK하이닉스가 같은 기간 25.05% 뛴 게 큰 영향을 끼쳤다. 반대로 KODEX 200선물인버스2X 수익률은 -17.79%였다.전문가들 사이에서는 증시 강세가 당분간 이어질 것이란 전망이 더 많다. 상법 개정에 따른 지배구조 개선, 달러 약세로 인한 외국인 투자자 유입 확대 등을 기대하면서다. 외국인은 이달 들어 유가증권시장에서 1조7000억원 이상을 순매수했다.양현주 기자 hjyang@hankyung.com",https://www.hankyung.com/article/2025071476221,2025.07.14 17:49
日에 밀리고 中에 추격 허용…삼성전자가 꺼낸 비장의 무기 [반도체 포커스],"IT 기기의 눈 이미지 센서 
신기술 '나노 프리즘'으로 1위 소니 추격

신제품 아이소셀 JNP 출시
중국 샤오미 스마트폰에 납품
""북미 대형 고객사 확보 주력""","삼성전자 서초사옥 / 사진=한경DB

                삼성전자가 스마트폰의 눈 역할을 하는 반도체 ‘이미지센서’ 신제품을 중국 샤오미에 공급했다.어두운 곳에서도 선명한 사진을 찍을 수 있는 ‘나노프리즘’ 기술을 앞세워 계약을 따냈다.이미지센서의 적용처가 자율주행차, 로봇 등으로 확대하며 관련 시장은 2029년 36조원까지 커질 것으로 전망된다. 삼성전자는 맞춤형 제품 개발을 통해 고객사를 북미 대형 정보기술(IT) 기업 등으로 확대하며 시장 공략에 속도를 낼 계획이다. 1년 만에 이미지센서 신제품 출시12일 삼성전자에 따르면 반도체 개발을 담당하는 시스템LSI사업부는 올 2분기 이미지센서 신제품 아이소셀 JNP를 개발해 양산을 시작했다. 아이소셀 JNP는 지난해 6월 아이소셀 HP9 등 프리미엄 이미지센서 3종을 내놓은 이후 약 1년 만에 선보인 신제품이다. 이미지센서는 카메라 렌즈를 통해 들어온 빛을 디지털 전기신호로 바꾸는 반도체로 스마트폰 등 IT 제품의 ‘눈’ 역할을 한다.삼성전자 아이소셀 JNP의 첫 외부 고객은 중국 스마트폰업체 중국 샤오미다. 샤오미는 최고의 카메라를 적용하고 있는 스마트폰 시리즈 시비(CIVI)의 신제품 CIVI 5 PRO에 아이소셀 JNP를 적용했다. 초격차 기술력 회복 시동아이소셀 JNP는 화소(픽셀) 크기 0.64마이크로미터(㎛, 1㎛=100만분의 1m), 화소 수 5000만, 옵티컬포맷(이미지센서 크기를 나타내는 단위) ‘1/2.8인치’로 겉으론 경쟁사 제품과 다를 바 없는 평범한 이미지센서처럼 보인다. 샤오미의 마음을 잡아끈 건 삼성전자가 업계 최초로 아이소셀 JNP에 적용한 나노프리즘 기술이다.최근 반도체업계에선 이미지센서를 작게 만드는 경쟁이 치열하다. IT 제품을 얇고 가볍게 만드는 추세가 이어진 결과다. 이 과정에서 센서를 구성하는 화소 크기도 줄어들면서 빛을 받아들이는 데 한계가 생겼다. 크기가 줄어든 화소 간 간섭이 심해져 화질이 떨어지는 현상도 생겼다.




기존 제품과 나노프리즘 기술의 비교. 삼성전자

                삼성전자는 문제 해결을 위해 화소 내부의 구조를 바꿨다. 현재 화소는 빛을 흡수하는 '마이크로렌즈'와 적색, 녹색, 청색 중 한 가지 색을 받아들이는 '컬러필터'로 구성된다. 기존 이미지센서는 개별 화소가 빛의 삼원색 중에 한 가지 색만 흡수할 수 있었다.삼성전자는 마이크로렌즈에 나노 단위 새 구조를 만들어 다른 색을 주변 화소에 보낼 수 있는 기술인 나노프리즘을 개발했다. 그만큼 동일한 양의 빛을 받아도 더 많은 신호를 만들어낼 수 있어 어두운 곳에서도 선명한 화질을 구현할 수 있게 됐다. 삼성전자는 “빛의 손실을 줄이기 때문에 어두운 곳에서도 선명한 사진 찍는 게 가능하다”며 “전작 아이소셀 JN5에 비해 성능(감도)가 25% 향상됐다”고 설명했다. 내년 북미 대형 테크기업에 납품 추진최근 이미지센서 시장에서 경쟁은 점점 치열해지고 있다. 스마트폰에서 자율주행차, 로봇 등으로 활용 범위가 넓어지면서 시장이 커져서다. 시장조사업체 옴디아에 따르면 이미지센서(CMOS 이미지센서 기준) 시장은 2024년 207억달러(약 28조5000억원)에서 2029년 265억달러(약 36조원)로 커질 전망이다.
                    



삼성전자가 지난해 출시한 이미지센서 아이소셀 JN5. 연합뉴스

                삼성전자는 이미지센서 1위 소니(2024년 매출 기준 점유율 51.6%)를 좇고 있는 만년 2위(점유율 15.4%)다. 최근엔 옴니비전, 스마트센스테크놀로지 등 중국계 이미지센서 업체의 추격이 거세지고 있다. 옴니비전의 점유율은 2023년 10.9%에서 2024년 11.9%로 올랐고 스마트센스는 같은 기간 1.7%에서 3.9%로 급등했다. 중국 기업은 자국 고객사와의 긴밀한 관계를 구축하고 중저가 전략을 통해 시장을 공략하고 있다.삼성전자는 나노프리즘 같은 기술력을 고도화해 자사 모바일경험(MX)사업부, 중국 기업뿐만 아니라 미국 고객사 확대하는 데 주력하고 있다. 내년엔 스마트폰용 이미지센서를 북미 대형 테크 업체에 납품, 신시장 개척에 속도를 낼 계획이다. 차량용 이미지센서 제품군을 확대해 글로벌 자율주행차 업체 대상 납품을 늘리는 방안도 추진한다.황정수 기자 hjs@hankyung.com",https://www.hankyung.com/article/202507134658i,2025.07.13 10:34
"증권사 신용대출, 3%대 금리로 바꾸는 가장 쉬운 방법",,"전송종목 : 태경비케이, 성광벤드, 유니드, 오리엔탈정공, 대창단조최근 주식 투자자들 사이에서 주식대출(미수/신용융자 등)의 고금리에 대한 부담이 커지고 있다.특히 저금리를 적용 받고 싶어도, 기존 대출을 상환하고 다시 주식을 매수해야 하는 번거로운 절차와 자금 조달의 어려움이 발목을 잡고 있다.이런 현실적인 문제를 해결하고자, 무빙스탁이 ‘증권사 신용, 대환자금대출’ 서비스를 전격 출시했다.이 상품은 주식을 매도하지 않고도, 기존의 고금리의 주식대출(미수/신용융자 등)의 3%대의 혁신적인 저금리 증권사로 전환할 수 있도록 상환자금을 제공하는 것이 핵심이다.무빙스탁 관계자는 “현재 증권사 이벤트 금리는 연 3%대 수준으로, 기존 9~10%대 고금리를 적용받는 투자자라면 절감 효과가 상당하다”며, 금리를 5%만 낮추면 “1억원 신용대출 기준으로 연간 약 500만원, 3억원이라면 1,500만원까지도 절약할 수 있다”고 밝혔다.더 놀라운 점은, 현재는 이벤트 기간으로 대환자금대출 신청시 발생하는 이자 비용까지 ‘0원’이라는 사실이다. 대환자금에 대해서 하루의 대출이자도 부담하지 않고 기존 고금리 대출을 저금리로 전환할 수 있어, 고금리 부담에 시달리던 투자자들에게 큰 호응을 얻을 전망이다.이 서비스는 부동산 시장에서 흔히 이용되던 대환대출 개념을 증권시장에 도입한 혁신적인 시도로, 주식 투자자들의 자금 운용에 새로운 대안을 제시할 것으로 기대된다.무빙스탁 ‘증권사 신용, 대환자금대출’의 비용 무료 이벤트는 이벤트 기간 동안 한정적으로 제공되는 만큼, 신용융자를 이용 중인 투자자라면 지금 바로 확인해볼 필요가 있다.★ 장마감 시간이 가까워질수록 문의가 많아 상담이 지연될 수 있습니다.★ 7월 문의하신 고객들이 많이 보유하신 종목으로는 삼성전자, POSCO홀딩스, 셀트리온, 포스코퓨처엠, 에코프로비엠, NAVER, 에코프로, 삼성SDI, LG화학, SK하이닉스, 두산에너빌리티, 카카오, SK이노베이션, LG에너지솔루션, 엘앤에프, 삼천당제약, 현대차, 알테오젠, HPSP, LG전자 등이 있습니다.★ 안내사항과도한 빚은 당신에게 큰 불행을 안겨줄 수 있습니다. 대출 시 신용등급 하락으로 다른 금융거래가 제약받을 수 있습니다. 중개수수료를 요구하거나 받는 것은 불법입니다.상호명: ㈜단비대부 2021-서울영등포-2102(대부업) | TEL: 1544-4886 | 대출금리: 연 20%이내(연체금리는 약정금리+3%p이내, 최대 연 20%이내) | 단, 2021. 7. 7.부터 신규체결, 갱신, 연장되는 계약에 한함 | 채무의 조기상환 조건 및 부대비용 없음. (단, 신용조회비용 및 담보권설정비용 있음), 이자 외 별도로 중개수수료를 요구하거나 수취하는 것은 불법입니다. | 대표이사: 박동원 | 사업자등록번호: 274-86-00231 | 등록기관명칭: 서울 영등포구청(담당부서: 일자리경제과, 02-2670-3420) | 소재지 : 서울 영등포구 여의대방로67길 11, 5층 517호 | 개인정보관리자메일: help@danbifund.co.kr무료상담",https://www.hankyung.com/article/202507111582a,2025.07.11 08:33
"HBM 기대감·외국인 매수 유입…삼성전자, 글로벌 AI 반도체 수요 반영 중",,"최근 삼성전자가 글로벌 AI 반도체 수요 확대와 메모리 시장 분위기 반등에 힘입어 주가 상승 흐름을 이어가고 있다. 특히 고대역폭메모리(HBM)에 대한 수요 기대감이 크며, 엔비디아의 HBM3E 검증 결과와 이어지는 공급 기대가 투자 심리를 자극하고 있다. 6월 중순 AI 반도체 회복 조짐과 함께 HBM에 주목한 시장의 기대는 갤럭시 S25 판매 호조 소식과 함께 복합적 긍정 요인으로 작용했다.외국인 투자자들의 주식 매수세 회복도 눈에 띈다. 최근 몇 달간 공백을 보이던 외국인 자본이 반도체 업종 중심으로 재유입되며 삼성전자에 대한 수급 면에서 안정감을 부여하고 있다. 이는 단순히 테마 기반의 일시적 랠리를 넘어 실질적인 실적 기대와 맞물리고 있다는 점이 주목된다.더불어 반도체 업황 회복 신호가 계속 포착되고 있다. 마이크론의 깜짝 실적으로 글로벌 D램 및 HBM 수요가 다시 부각되었고, 증권가에서는 삼성전자 역시 이러한 수혜를 공유할 것으로 전망했다. 마이크론 실적 발표 이후 “메모리업황의 카나리아” 역할을 했던 기업들의 반등이 삼성전자에도 긍정적 잔향을 남기고 있다.증권사들의 목표주가 상향도 진행 중이다. HBM 신규 제품 출시의 본격화와 함께 D램 평균판매가격(ASP) 회복 전망이 중첩되면서, 재무적 기대치가 한층 높아지고 있다. 이러한 펀더멘털 기대감은 기술주 전체의 긍정 흐름 속에서도 삼성전자를 대표주는 물론 선도주로 부상시켰다.다만 눈여겨봐야 할 대외 변수는 여전히 남아 있다. 미국의 AI 칩 대중 수출 규제와 HBM 공급 시차 문제는 삼성전자 수익성을 압박할 수 있으며, 글로벌 무역정책 변수도 단기 심리에 영향을 줄 수 있다는 분석이 존재한다.싸이닉솔루션, 이수페타시스, 우리금융지주, 에이피알, 한화솔루션무료상담",https://www.hankyung.com/article/202507173833a,2025.07.17 12:23
"18일, 외국인 거래소에서 삼성전자(+0.6%), 포스코퓨처엠(+19.59%) 등 순매수",,"외국인 투자자는 18일 거래소에서 삼성전자, 포스코퓨처엠, 두산에너빌리티 등을 중점적으로 사들인 것으로 나타났다.외국인 투자자의 순매수 상위 20개 종목은 삼성전자, 포스코퓨처엠, 두산에너빌리티, 에이피알, SK, LS ELECTRIC, 효성중공업, 한국전력, TIGER 미국S&P500, 이수스페셜티케미컬등이다.이중에 전기,전자 업종에 속한 종목이 6개 포함되어 있다.삼성전자, 포스코퓨처엠, 두산에너빌리티 등은 전일 대비 주가가 상승했고, 에이피알, 한국전력, 우리금융지주 등은 주가가 하락했다.[07월18일]거래소 외국인 순매수 상위 종목한경로보뉴스이 기사는 한국경제신문과 금융 AI 전문기업 씽크풀이 공동 개발한 기사 자동생성 알고리즘에 의해 실시간으로 작성된 것입니다.",https://www.hankyung.com/article/202507187934L,2025.07.18 18:35
고금리 이자 폭탄 피하는 법! 증권사 대출 3%대로 줄이기,,"전송종목 : HD현대, HD현대일렉트릭, HD현대건설기계, 오리온, 일진하이솔루스최근 주식 투자자들 사이에서 주식대출(미수/신용융자 등)의 고금리에 대한 부담이 커지고 있다.특히 저금리를 적용 받고 싶어도, 기존 대출을 상환하고 다시 주식을 매수해야 하는 번거로운 절차와 자금 조달의 어려움이 발목을 잡고 있다.이런 현실적인 문제를 해결하고자, 무빙스탁이 ‘증권사 신용, 대환자금대출’ 서비스를 전격 출시했다.이 상품은 주식을 매도하지 않고도, 기존의 고금리의 주식대출(미수/신용융자 등)의 3%대의 혁신적인 저금리 증권사로 전환할 수 있도록 상환자금을 제공하는 것이 핵심이다.무빙스탁 관계자는 “현재 증권사 이벤트 금리는 연 3%대 수준으로, 기존 9~10%대 고금리를 적용받는 투자자라면 절감 효과가 상당하다”며, 금리를 5%만 낮추면 “1억원 신용대출 기준으로 연간 약 500만원, 3억원이라면 1,500만원까지도 절약할 수 있다”고 밝혔다.더 놀라운 점은, 현재는 이벤트 기간으로 대환자금대출 신청시 발생하는 이자 비용까지 ‘0원’이라는 사실이다. 대환자금에 대해서 하루의 대출이자도 부담하지 않고 기존 고금리 대출을 저금리로 전환할 수 있어, 고금리 부담에 시달리던 투자자들에게 큰 호응을 얻을 전망이다.이 서비스는 부동산 시장에서 흔히 이용되던 대환대출 개념을 증권시장에 도입한 혁신적인 시도로, 주식 투자자들의 자금 운용에 새로운 대안을 제시할 것으로 기대된다.무빙스탁 ‘증권사 신용, 대환자금대출’의 비용 무료 이벤트는 이벤트 기간 동안 한정적으로 제공되는 만큼, 신용융자를 이용 중인 투자자라면 지금 바로 확인해볼 필요가 있다.★ 장마감 시간이 가까워질수록 문의가 많아 상담이 지연될 수 있습니다.★ 7월 문의하신 고객들이 많이 보유하신 종목으로는 삼성전자, POSCO홀딩스, 셀트리온, 포스코퓨처엠, 에코프로비엠, NAVER, 에코프로, 삼성SDI, LG화학, SK하이닉스, 두산에너빌리티, 카카오, SK이노베이션, LG에너지솔루션, 엘앤에프, 삼천당제약, 현대차, 알테오젠, HPSP, LG전자 등이 있습니다.★ 안내사항과도한 빚은 당신에게 큰 불행을 안겨줄 수 있습니다. 대출 시 신용등급 하락으로 다른 금융거래가 제약받을 수 있습니다. 중개수수료를 요구하거나 받는 것은 불법입니다.상호명: ㈜단비대부 2021-서울영등포-2102(대부업) | TEL: 1544-4886 | 대출금리: 연 20%이내(연체금리는 약정금리+3%p이내, 최대 연 20%이내) | 단, 2021. 7. 7.부터 신규체결, 갱신, 연장되는 계약에 한함 | 채무의 조기상환 조건 및 부대비용 없음. (단, 신용조회비용 및 담보권설정비용 있음), 이자 외 별도로 중개수수료를 요구하거나 수취하는 것은 불법입니다. | 대표이사: 박동원 | 사업자등록번호: 274-86-00231 | 등록기관명칭: 서울 영등포구청(담당부서: 일자리경제과, 02-2670-3420) | 소재지 : 서울 영등포구 여의대방로67길 11, 5층 517호 | 개인정보관리자메일: help@danbifund.co.kr무료상담",https://www.hankyung.com/article/202507235750a,2025.07.23 14:23
'긴 배터리 수명' 앞세운 中 스마트워치 진격,"화웨이·샤오미, 1분기 동반 성장
글로벌 점유율 2·3위로 도약
삼성, 보급형서 밀려 4위로","화웨이와 샤오미가 올 1분기 삼성전자를 제치고 애플에 이어 글로벌 스마트워치 점유율 2, 3위에 올랐다. 한 번 충전으로 최대 한 달 가까이 쓸 수 있는 긴 배터리 수명과 저렴한 가격이 인기 요인으로 꼽힌다. 삼성전자는 100~200달러대 보급형 제품에서 중국 업체에 고객을 빼앗기며 4위로 밀려났다.





                20일 시장조사업체 카운터포인트리서치에 따르면 1분기 화웨이의 스마트워치 점유율(출하량 기준)은 16%로 지난해 같은 기간(10%) 대비 6%포인트 상승했다. 샤오미 점유율은 10%로 작년 동기(6%) 대비 두 배 가까이 상승하며 3위에 올랐다.애플은 1위(20%) 자리를 지켰지만 점유율은 지난해 같은 기간(21%) 대비 1%포인트 빠졌다. 작년 3위이던 삼성의 점유율은 9%에서 7%로 하락했다. 어린이용 스마트워치 제조사인 중국 이무(imoo)가 점유율을 6%에서 7%로 끌어올리며 삼성과 4위 자리를 나눴다.중국 스마트워치 약진의 일등 공신은 긴 배터리 사용 시간이다. 스마트워치는 심박수, 수면, 스트레스 지수 등 건강을 모니터링하는 용도로 사용되기 때문에 24시간 착용하는 사람이 많은데, 애플과 삼성 스마트워치는 이틀 정도 쓰면 충전해야 하기 때문이다.이에 비해 국내에서 11만9800원에 판매되는 샤오미 ‘레드미워치5’는 한 번 충전으로 최대 24일 사용할 수 있다. 해외에서 200달러대에 팔리는 화웨이 GT5는 사용 시간이 최대 14일이다. 최신 갤럭시워치8의 사용 시간은 최대 40시간, 애플워치10은 36시간이다.샤오미 레드미워치5의 배터리 용량은 550밀리암페어시(mAh)로, 삼성의 최신 갤럭시워치8(44㎜모델 기준 435mAh)보다 36% 크지만 배터리 수명은 14배 길다. 블루투스 통화, 아몰레드 스크린, 녹음기, 헬스케어 모니터링 등 스마트워치 핵심 기능이 대부분 들어있는데도 그렇다. 중국 업체들이 배터리 효율을 높이기 위해 칩셋, 스크린 등 주요 부품을 저전력 제품으로 바꾸고 소프트웨어를 최적화한 영향이다.애플 아이폰과 호환된다는 점도 인기 비결로 꼽힌다. 아이폰 사용자 중에서는 저렴한 워치를 찾는 수요가 많은데, 애플워치는 가장 저렴한 SE 모델도 32만9000원이다. 삼성은 20만원대 초반인 갤럭시워치7과 8만원대인 갤럭시핏이 있지만 아이폰과 연동이 안 된다.이무는 어린이 스마트워치라는 새로운 장르를 개척한 덕을 톡톡히 봤다. 이무의 스마트워치는 실시간 위치추적, 영상통화, SOS(비상벨) 기능이 적용됐다.박의명 기자 uimyung@hankyung.com",https://www.hankyung.com/article/2025072002611,2025.07.20 19:44
"""갤럭시Z플립7 너무 비싸다""…美 IT 매체 싸늘한 반응, 왜?","美 IT 매체들 ""갤럭시Z플립7
보급형 가격도 비싸다"" 저격","갤럭시Z플립7. 사진=삼성전자

삼성전자의 스마트폰 전략 시장으로 꼽히는 미국에서 일부 정보기술(IT) 전문 매체들이 갤럭시Z플립7 판매가를 놓고 다소 비싸다는 반응을 보이고 있다. Z플립7 대신 전작인 Z플립6 구입을 추천하거나 보급형으로 나온 'Z플립 FE'도 비싼 편이란 비판이 나온다. IT 전문 매체 안드로이드 어소리티는 14일(현지시간) Z플립7을 ""훨씬 개선된 커버 스크린, 더 커진 메인 디스플레이, 더 슬림해진 디자인 등 정말 인상적인 기기""라고 평하면서도 가격에 관해선 ""꽤 비싸다""고 말했다.이 매체는 ""Z플립7이 모든 것을 제대로 한 것처럼 보이지만 몇 가지 우려 사항도 있는데 퀄컴 칩 대신 엑시노스(삼성전자 자체 모바일 애플리케이션 프로세서) 칩으로 전환한 것은 당황스러운 변화""라며 ""카메라·충전, 기타 업그레이드가 없다는 점도 실망스럽고 특히 Z플립7이 여전히 1100달러로 꽤 비싸다는 점을 고려하면 더욱 그렇다""고 지적했다. 그러면서 Z플립7 가격이 비싸다고 판단될 경우 지난해 출시된 Z플립6가 '훌륭한 대안'이 될 수 있다고 언급했다.이 매체는 ""알림·날씨 확인, 문자메시지 답장에 충분하고 그 외에도 Z플립6가 Z플립7과 비교해도 상당히 뛰어난데 Z플립6에 탑재된 (퀄컴의) 스냅드래곤 8 3세대 칩은 1년이 지났지만 여전히 뛰어난 성능을 자랑한다""며 ""4000mAh 배터리는 Z플립7의 4300mAh 배터리보다 그렇게 작지 않고 내부 디스플레이 사양한 두 모델 간에 거의 변함이 없다""고 전했다. 또 다른 IT 매체 샘모바일은 Z플립7 FE 가격이 ""터무니없이 비싸다""고 저격했다. Z플립7 FE는 899달러에 판매된다. 삼성전자는 앞서 더 많은 사용자들이 자사 폴더블 스마트폰을 경험할 수 있도록 상대적으로 저렴한 모델을 선보이게 됐다고 설명했다.보급형 모델 가격이 높게 책정된 배경을 놓고 플래그십 폴더블폰이 Z플립7 판매량을 늘리기 위한 의도 아니냐는 관측도 나온다. 패스트푸드점에서 일반 세트와 라지 세트 가격 차이를 크게 벌리지 않는 방식으로 고가 제품 판매를 늘리는 것과 유사한 방식이란 분석이다. 샘모바일은 ""(Z플립7 FE는) 기본적으로 Z플립6의 이름만 바꾼 데다 프로세스 성능까지 떨어지는데 결코 저렴할 수 없고 이 돈을 쓸 바엔 200달러를 더 주고 Z플립7을 사는 게 낫다""며 ""삼성은 패스트푸드 회사들이 고가 상품 판매를 유도하는 '업셀링'에 사용하는 검증된 가격 앵커링 전략을 이용하고 있는 것""이라고 풀이했다. 이 매체는 ""Z플립7 FE는 기본적으로 삼성이 이미 갖고 있던 부품들로 만든 '남는 부품폰'이기 때문에 R&D(연구개발) 비용이 많지 않고 플래그십 기기처럼 높은 마케팅 비용도 들지 않을 것""이라며 ""삼성이 이 기기를 700달러대에 판매하는 것은 마진에 큰 타격이 없을 것""이라고 전했다. Z플립7의 국내 판매가는 12GB 메모리에 256GB 스토리지 모델이 148만원대다. Z플립7 FE는 8GB 메모리에 같은 저장 용량을 기준으로 119만원대에 판매되고 있다. 김대영 한경닷컴 기자 kdy@hankyung.com",https://www.hankyung.com/article/202507159204g,2025.07.15 14:15
"코스피, 장중 연고점 돌파 후 하락…3200선 지지 시도","코스닥, 강보합권 등락","사진=게티이미지뱅크 

                22일 코스피지수가 장중 연고점 돌파 후 상단이 제한되면서 3200선 지키기에 나섰다.이날 오전 10시30분 현재 코스피지수는 전일 대비 13.04포인트(0.41%) 내린 3197.77을 기록 중이다. 코스피지수는 장중 한때 상단을 3220.27까지 높이면서 연고점을 다시 한번 경신했다. 다만 곧바로 매수세가 꺾이면서 3200선을 두고 줄다리기 하고 있다.2분기 글로벌 기업들의 호실적 전망에도 불구하고 다음달 1일 트럼프 행정부의 상호관세 부과 시점이 다가오는 데다 최근 '서머랠리'에 따른 차익실현 욕구가 나타난 것으로 풀이된다.이 시각 현재 유가증권시장에서 개인이 5100억원 순매수하고 있다. 외국인과 기관은 각각 2800억원과 2100억원 매도우위다.시가총액 상위주들은 대부분 하락하고 있다. 삼성전자(-0.74%), SK하이닉스(-1.28%), 한화에어로스페이스(-0.33%), KB금융(-0.17%) 등이 내림세다. LG에너지솔루션(1.81%), 삼성바이오로직스(0.48%) 등은 오르고 있다.LIG넥스원은 증권가의 밸류에이션 부담 평가에 5% 급락하고 있다. LG유플러스는 자사주 소각 결정 소식에 장중 신고가를 경신했다.코스닥지수는 강보합권에서 등락 중이다. 이 시각 현재 코스닥지수는 0.05% 오른 822.06을 기록 중이다. 코스닥시장에서도 개인이 1050억원 순매수하고 있다. 외국인과 기관은 각각 610억원과 370억원 매도우위다.노정동 한경닷컴 기자 dong2@hankyung.com",https://www.hankyung.com/article/2025072238456,2025.07.22 10:30
이자 부담 최소화! 증권사 신용대출 3%대로 바꾸는 절호의 기회,,"전송종목 : 삼화콘덴서, 아세아, 경농, 아세아제지, 넥센타이어최근 주식 투자자들 사이에서 주식대출(미수/신용융자 등)의 고금리에 대한 부담이 커지고 있다.특히 저금리를 적용 받고 싶어도, 기존 대출을 상환하고 다시 주식을 매수해야 하는 번거로운 절차와 자금 조달의 어려움이 발목을 잡고 있다.이런 현실적인 문제를 해결하고자, 무빙스탁이 ‘증권사 신용, 대환자금대출’ 서비스를 전격 출시했다.이 상품은 주식을 매도하지 않고도, 기존의 고금리의 주식대출(미수/신용융자 등)의 3%대의 혁신적인 저금리 증권사로 전환할 수 있도록 상환자금을 제공하는 것이 핵심이다.무빙스탁 관계자는 “현재 증권사 이벤트 금리는 연 3%대 수준으로, 기존 9~10%대 고금리를 적용받는 투자자라면 절감 효과가 상당하다”며, 금리를 5%만 낮추면 “1억원 신용대출 기준으로 연간 약 500만원, 3억원이라면 1,500만원까지도 절약할 수 있다”고 밝혔다.더 놀라운 점은, 현재는 이벤트 기간으로 대환자금대출 신청시 발생하는 이자 비용까지 ‘0원’이라는 사실이다. 대환자금에 대해서 하루의 대출이자도 부담하지 않고 기존 고금리 대출을 저금리로 전환할 수 있어, 고금리 부담에 시달리던 투자자들에게 큰 호응을 얻을 전망이다.이 서비스는 부동산 시장에서 흔히 이용되던 대환대출 개념을 증권시장에 도입한 혁신적인 시도로, 주식 투자자들의 자금 운용에 새로운 대안을 제시할 것으로 기대된다.무빙스탁 ‘증권사 신용, 대환자금대출’의 비용 무료 이벤트는 이벤트 기간 동안 한정적으로 제공되는 만큼, 신용융자를 이용 중인 투자자라면 지금 바로 확인해볼 필요가 있다.★ 장마감 시간이 가까워질수록 문의가 많아 상담이 지연될 수 있습니다.★ 7월 문의하신 고객들이 많이 보유하신 종목으로는 삼성전자, POSCO홀딩스, 셀트리온, 포스코퓨처엠, 에코프로비엠, NAVER, 에코프로, 삼성SDI, LG화학, SK하이닉스, 두산에너빌리티, 카카오, SK이노베이션, LG에너지솔루션, 엘앤에프, 삼천당제약, 현대차, 알테오젠, HPSP, LG전자 등이 있습니다.★ 안내사항과도한 빚은 당신에게 큰 불행을 안겨줄 수 있습니다. 대출 시 신용등급 하락으로 다른 금융거래가 제약받을 수 있습니다. 중개수수료를 요구하거나 받는 것은 불법입니다.상호명: ㈜단비대부 2021-서울영등포-2102(대부업) | TEL: 1544-4886 | 대출금리: 연 20%이내(연체금리는 약정금리+3%p이내, 최대 연 20%이내) | 단, 2021. 7. 7.부터 신규체결, 갱신, 연장되는 계약에 한함 | 채무의 조기상환 조건 및 부대비용 없음. (단, 신용조회비용 및 담보권설정비용 있음), 이자 외 별도로 중개수수료를 요구하거나 수취하는 것은 불법입니다. | 대표이사: 박동원 | 사업자등록번호: 274-86-00231 | 등록기관명칭: 서울 영등포구청(담당부서: 일자리경제과, 02-2670-3420) | 소재지 : 서울 영등포구 여의대방로67길 11, 5층 517호 | 개인정보관리자메일: help@danbifund.co.kr무료상담",https://www.hankyung.com/article/202507248245a,2025.07.24 14:23
,,,https://magazine.hankyung.com/business/article/202507209570b,
고금리 OUT! 증권사 신용대출 3%대로 전환하는 방법,,"전송종목 : 동운아나텍, 갤럭시아머니트리, 일진파워, ISC, 미래나노텍




 

최근 주식 투자자들 사이에서 주식대출(미수/신용융자 등)의 고금리에 대한 부담이 커지고 있다.특히 저금리를 적용 받고 싶어도, 기존 대출을 상환하고 다시 주식을 매수해야 하는 번거로운 절차와 자금 조달의 어려움이 발목을 잡고 있다.이런 현실적인 문제를 해결하고자, 무빙스탁이 ‘증권사 신용, 대환자금대출’ 서비스를 전격 출시했다.이 상품은 주식을 매도하지 않고도, 기존의 고금리의 주식대출(미수/신용융자 등)의 3%대의 혁신적인 저금리 증권사로 전환할 수 있도록 상환자금을 제공하는 것이 핵심이다.무빙스탁 관계자는 “현재 증권사 이벤트 금리는 연 3%대 수준으로, 기존 9~10%대 고금리를 적용받는 투자자라면 절감 효과가 상당하다”며, 금리를 5%만 낮추면 “1억원 신용대출 기준으로 연간 약 500만원, 3억원이라면 1,500만원까지도 절약할 수 있다”고 밝혔다.더 놀라운 점은, 현재는 이벤트 기간으로 대환자금대출 신청시 발생하는 이자 비용까지 ‘0원’이라는 사실이다. 대환자금에 대해서 하루의 대출이자도 부담하지 않고 기존 고금리 대출을 저금리로 전환할 수 있어, 고금리 부담에 시달리던 투자자들에게 큰 호응을 얻을 전망이다.이 서비스는 부동산 시장에서 흔히 이용되던 대환대출 개념을 증권시장에 도입한 혁신적인 시도로, 주식 투자자들의 자금 운용에 새로운 대안을 제시할 것으로 기대된다.무빙스탁 ‘증권사 신용, 대환자금대출’의 비용 무료 이벤트는 이벤트 기간 동안 한정적으로 제공되는 만큼, 신용융자를 이용 중인 투자자라면 지금 바로 확인해볼 필요가 있다.★ 장마감 시간이 가까워질수록 문의가 많아 상담이 지연될 수 있습니다.★ 7월 문의하신 고객들이 많이 보유하신 종목으로는 삼성전자, POSCO홀딩스, 셀트리온, 포스코퓨처엠, 에코프로비엠, NAVER, 에코프로, 삼성SDI, LG화학, SK하이닉스, 두산에너빌리티, 카카오, SK이노베이션, LG에너지솔루션, 엘앤에프, 삼천당제약, 현대차, 알테오젠, HPSP, LG전자 등이 있습니다.★ 안내사항과도한 빚은 당신에게 큰 불행을 안겨줄 수 있습니다. 대출 시 신용등급 하락으로 다른 금융거래가 제약받을 수 있습니다. 중개수수료를 요구하거나 받는 것은 불법입니다.상호명: ㈜단비대부 2021-서울영등포-2102(대부업) | TEL: 1544-4886 | 대출금리: 연 20%이내(연체금리는 약정금리+3%p이내, 최대 연 20%이내) | 단, 2021. 7. 7.부터 신규체결, 갱신, 연장되는 계약에 한함 | 채무의 조기상환 조건 및 부대비용 없음. (단, 신용조회비용 및 담보권설정비용 있음), 이자 외 별도로 중개수수료를 요구하거나 수취하는 것은 불법입니다. | 대표이사: 박동원 | 사업자등록번호: 274-86-00231 | 등록기관명칭: 서울 영등포구청(담당부서: 일자리경제과, 02-2670-3420) | 소재지 : 서울 영등포구 여의대방로67길 11, 5층 517호 | 개인정보관리자메일: help@danbifund.co.kr무료상담",https://www.hankyung.com/article/202507160710a,2025.07.16 10:48
이자 부담 최소화! 증권사 신용대출 3%대로 바꾸는 절호의 기회,,"전송종목 : 넥스틸, LF, 형지엘리트, 케이아이엔엑스, 매커스




 

최근 주식 투자자들 사이에서 주식대출(미수/신용융자 등)의 고금리에 대한 부담이 커지고 있다.특히 저금리를 적용 받고 싶어도, 기존 대출을 상환하고 다시 주식을 매수해야 하는 번거로운 절차와 자금 조달의 어려움이 발목을 잡고 있다.이런 현실적인 문제를 해결하고자, 무빙스탁이 ‘증권사 신용, 대환자금대출’ 서비스를 전격 출시했다.이 상품은 주식을 매도하지 않고도, 기존의 고금리의 주식대출(미수/신용융자 등)의 3%대의 혁신적인 저금리 증권사로 전환할 수 있도록 상환자금을 제공하는 것이 핵심이다.무빙스탁 관계자는 “현재 증권사 이벤트 금리는 연 3%대 수준으로, 기존 9~10%대 고금리를 적용받는 투자자라면 절감 효과가 상당하다”며, 금리를 5%만 낮추면 “1억원 신용대출 기준으로 연간 약 500만원, 3억원이라면 1,500만원까지도 절약할 수 있다”고 밝혔다.더 놀라운 점은, 현재는 이벤트 기간으로 대환자금대출 신청시 발생하는 이자 비용까지 ‘0원’이라는 사실이다. 대환자금에 대해서 하루의 대출이자도 부담하지 않고 기존 고금리 대출을 저금리로 전환할 수 있어, 고금리 부담에 시달리던 투자자들에게 큰 호응을 얻을 전망이다.이 서비스는 부동산 시장에서 흔히 이용되던 대환대출 개념을 증권시장에 도입한 혁신적인 시도로, 주식 투자자들의 자금 운용에 새로운 대안을 제시할 것으로 기대된다.무빙스탁 ‘증권사 신용, 대환자금대출’의 비용 무료 이벤트는 이벤트 기간 동안 한정적으로 제공되는 만큼, 신용융자를 이용 중인 투자자라면 지금 바로 확인해볼 필요가 있다.★ 장마감 시간이 가까워질수록 문의가 많아 상담이 지연될 수 있습니다.★ 7월 문의하신 고객들이 많이 보유하신 종목으로는 삼성전자, POSCO홀딩스, 셀트리온, 포스코퓨처엠, 에코프로비엠, NAVER, 에코프로, 삼성SDI, LG화학, SK하이닉스, 두산에너빌리티, 카카오, SK이노베이션, LG에너지솔루션, 엘앤에프, 삼천당제약, 현대차, 알테오젠, HPSP, LG전자 등이 있습니다.★ 안내사항과도한 빚은 당신에게 큰 불행을 안겨줄 수 있습니다. 대출 시 신용등급 하락으로 다른 금융거래가 제약받을 수 있습니다. 중개수수료를 요구하거나 받는 것은 불법입니다.상호명: ㈜단비대부 2021-서울영등포-2102(대부업) | TEL: 1544-4886 | 대출금리: 연 20%이내(연체금리는 약정금리+3%p이내, 최대 연 20%이내) | 단, 2021. 7. 7.부터 신규체결, 갱신, 연장되는 계약에 한함 | 채무의 조기상환 조건 및 부대비용 없음. (단, 신용조회비용 및 담보권설정비용 있음), 이자 외 별도로 중개수수료를 요구하거나 수취하는 것은 불법입니다. | 대표이사: 박동원 | 사업자등록번호: 274-86-00231 | 등록기관명칭: 서울 영등포구청(담당부서: 일자리경제과, 02-2670-3420) | 소재지 : 서울 영등포구 여의대방로67길 11, 5층 517호 | 개인정보관리자메일: help@danbifund.co.kr무료상담",https://www.hankyung.com/article/202507160709a,2025.07.16 10:28
LG전자도 HBM 장비 만든다…하이브리드 본더 개발 착수,"인공지능 반도체 수요 급증에
2028년까지 장비 개발 목표
한미반도체·한화와 경쟁 예고

2033년 19조 시장으로 커져","LG전자가 차세대 고대역폭메모리(HBM) 제조에 필요한 핵심 장비인 하이브리드 본더 시장에 뛰어든다. 인공지능(AI) 시대를 맞아 HBM 시장이 빠르게 성장하자 그동안 축적한 반도체 패키징 관련 기술을 활용해 ‘AI 붐’에 올라타기로 한 것이다. 한미반도체가 사실상 독점했던 이 시장에 한화세미텍과 도쿄일렉트론에 이어 LG전자까지 참전하면서 경쟁구도가 한층 복잡해질 전망이다.13일 업계에 따르면 LG전자 생산기술원(PRI)은 최근 하이브리드 본더 개발에 들어갔다. LG전자 생산기술원은 반도체 기판 패키징 및 검증용 장비를 개발해 판매하고 있다. 개발 완료 목표 시점은 2028년이다.하이브리드 본더는 HBM에 들어가는 D램을 쌓아 올릴 때 하나로 엮어주는 장비로, 현재 주력인 열압착(TC) 본더보다 업그레이드된 장비다. D램 사이에서 가교 역할을 하는 단자(범프)가 필요 없어지는 만큼 HBM을 더욱 얇게 만들 수 있다. 기존 TC본더에 비해 발열도 줄어든다. 업계에선 삼성전자는 하이브리드 본더를 6세대 HBM(HBM4)에, SK하이닉스는 7세대 제품(HBM4E)에 적용할 것으로 예상하고 있다.업계 관계자는 “하이브리드 본딩 기술이 아직 상용화되지 않은 만큼 LG전자가 장비 개발에 성공하면 단숨에 HBM 본딩 시장의 강자로 올라설 수 있다고 판단한 것”이라며 “LG전자가 기업 간 거래(B2B) 사업에 힘을 주고 있다는 점에서 하이브리드 본더를 전장 사업과 함께 B2B 분야의 주력 사업으로 키우려는 것으로 보인다”고 말했다.전자업계의 강자인 LG전자가 뛰어들면서 하이브리드 본더 개발 경쟁도 뜨거워질 전망이다. 현재 TC본더 시장 1위인 한미반도체도 하이브리드 본더 개발에 속도를 내고 있다. 지난달 285억원을 투입해 하이브리드 본더 전용 공장 건설에 들어갔다. 한미반도체는 SK하이닉스에 TC본더를 납품하면서 쌓은 노하우 등을 활용해 하이브리드 본더 시장에서도 1위 자리를 지킨다는 구상이다. 후발주자인 한화세미텍과 미국 어플라이드머티어리얼즈, 도쿄일렉트론 등도 하이브리드 본더 개발에 가세했다. 베리파이드마켓리서치에 따르면 하이브리드 본딩 기술 시장은 지난해 52억6000만달러(약 7조2500억원)에서 2033년엔 140억2000만달러(약 19조3400억원)로 커질 것으로 예상된다.김채연 기자 why29@hankyung.com",https://www.hankyung.com/article/2025071352361,2025.07.13 18:15
'이러다 40대가 막내될 판' 삼성맨도 한탄…무슨 일이,"대기업, 20대 직원 비중 2년 만 '급락'
""불확실성 속 신입보다 경력직 선호""","사진=게티이미지뱅크 

                국내 대기업 20대 직원 비중이 2년 사이 25%에서 21%로 급락했다. 대기업 인력 구조가 노화하는 가운데 청년들의 취업문이 더 좁아지고 있단 분석이다.16일 기업데이터연구소 CEO스코어가 매출액 기준 국내 100대 기업 중 2025년 지속가능경영보고서를 공시한 67곳을 대상으로 2022~2024년 연령대별 임직원 수 및 비중을 조사한 결과에 따르면 이들 기업의 20대 임직원 비중은 △2022년 24.8% △2023년 22.7% △2024년 21%로 2년 만에 3.8%포인트 감소했다.임직원 수로 보면 △29만1235명 △26만4091명 △24만3737명으로 2년 만에 4만7498명 줄었다.조사 대상 대기업의 절반이 넘는 38곳(56.7%)에서 20대 임직원 수가 줄었다. 반면 이 기간 30대 이상 임직원 수는 △88만747명 △90만829명 △91만5979명으로 3만5232명 늘었다.업체별로 보면 삼성디스플레이의 20대 비중이 43.8%에서 28.4%로 15.4%포인트 줄어 하락 폭이 가장 컸다.이어 △SK온(12.3%포인트) △LG이노텍(8.9%포인트) △SK하이닉스(8.8%포인트) △삼성SDI(7.9%포인트) △네이버(7.1%포인트) △삼성전자(6.6%포인트) △한화솔루션(6.4%포인트) △삼성전기(5.9%포인트) △LG디스플레이(5.6%포인트) 등 순이었다.반면 20대 직원이 늘어난 기업도 있다. 한화에어로스페이스는 최근 방산업 호조에 힘입어 20대 고용 비중이 7.5%에서 15.8%로 8.3%포인트 급증했다.이어 △LX인터내셔널(6.7%포인트) △SK에너지(5.3%포인트) △삼성E&A(5.2%포인트) △에쓰오일(4.7%포인트) △현대제철(4.6%포인트) △현대글로비스(4.2%포인트) △SK지오센트릭(3.7%포인트) △두산에너빌리티(3.7%포인트) △한온시스템(3.4%포인트) 등이다.4대 그룹별로 매출이 가장 큰 대표 기업을 살펴본 결과 삼성전자는 20대 비중이 2022년 30.8%에서 2024년 24.2%로 감소했다. SK하이닉스는 29.6%에서 20.8%로 하락 폭이 두드러졌다. 반면 현대차는 20.8%에서 21.8%로 높아졌고, LG전자 역시 17.0%에서 18.0%로 꾸준히 20대 비중을 늘렸다.조원만 CEO스코어 대표는 ""경제적 불확실성이 커진 상황에서 기업들이 신입 공채를 전면 폐지 또는 축소하거나 수시 채용으로 전환하고, 경력직을 선호하는 경향이 크게 영향을 미친 것 같다""고 말했다.이송렬 한경닷컴 기자 yisr0203@hankyung.com",https://www.hankyung.com/article/2025071606237,2025.07.16 06:51
"美정부, 엔비디아 보급형 AI칩 中수출 허용","젠슨 황 ""H20 판매 승인받아""
삼성전자도 반사이익 얻을 듯",미국 정부가 엔비디아의 보급형 인공지능(AI) 가속기(AI 학습·추론에 특화한 반도체 패키지) H20의 중국 수출을 허가했다. 지난 4월 중국에서 군사용으로 활용된다는 이유로 수출을 금지한 지 약 3개월 만이다. “AI칩 수출 규제가 중국 반도체 자립을 부추긴다”는 젠슨 황 엔비디아 최고경영자(CEO)의 주장을 미국 정부가 받아들인 것이라는 분석이 나온다.중국 출장에 나선 황 CEO는 15일 현지 언론과의 인터뷰에서 “미국 정부가 엔비디아 제품의 중국 수출을 승인했다”며 “중국에 H20을 판매할 것”이라고 말했다.H20은 엔비디아가 2022년 공개한 AI 가속기 H100의 저사양 버전이다. 엔비디아는 중국 수출을 위해 2023년 11월께 H100의 성능을 떨어뜨린 H20을 개발해 판매하기 시작했다. 딥시크 출현 이후 미·중 간 AI 패권 경쟁이 달아오르자 미국은 돌연 H20 수출을 금지했다.H20의 중국 수출이 재개되면 삼성전자도 반사이익을 얻는다. 삼성전자는 4월 수출 규제 전까지 H20에 들어가는 4세대 고대역폭메모리(HBM3)를 엔비디아에 공급한 것으로 알려졌다.황정수/김채연 기자 hjs@hankyung.com,https://www.hankyung.com/article/2025071502971,2025.07.15 18:02
"오스테오닉, 미국 FDA 승인으로 해외 수출 기대",,"경유레카는 한국경제신문의 디지털 미디어인 한경닷컴에서 개발한 개별 종목에대한인공지능(AI) 알고리즘 업체의 투자 의견을 종합한 'AI 컨센서스'를 제공하는 서비스입니다. '한경유레카' 앱은 구글 플레이 스토어 혹은 앱스토어에서 내려받을 수 있습니다.





종목추천 서비스 종합 플랫폼 한경유레카에 입점한 하이불스가 전거래일(17일) 오스테오닉을 추천하여 수익률 7.9%를 기록했다.하이불스는 애널리스트 및 펀드매니저 출신 전문가 그룹이 종목을 추천하는 서비스이다.하이불스는 오스테오닉에 대해 미국 FDA 승인 제품 수출을 시작하며 글로벌 시장 공략에 속도를 내고 있으며 유럽·중국 진출도 준비 중이고 공장 증설 완료로 수출 확대에 대응하고 있다며 해당 종목을 추천했다.한경유레카에서 신규가입을 하고 하이불스를 구독하면 1개월간 무료로 추천종목을 문자로 받아볼 수 있다.  본 글은 투자 참고용입니다.유한양행 삼성전자 SK하이닉스 NHN KCP 두산에너빌리티",https://www.hankyung.com/article/202507186075a,2025.07.18 09:13
삼성전자·현대차 하락 속 LG엔솔·바이오 강세…섹터 순환 본격화?,,"“장 시작 30분 전, 이미 수익은 시작됐다”…급등 전 선취매로 계좌 수익률을 바꾸는 남자 ‘올레드’ 전격 런칭!실전 매매 수익률로 화제를 모은 주식 전문가 ‘올레드’가 드디어 본격 활동을 시작했다. 그동안 검증된 프리마켓 분석 실력과 단기 급등주 적중률로 입소문을 타며, 수많은 개인 투자자들의 기대를 모아온 인물이다.




 

📈 올레드 전문가의 추천 전략, 지금 바로 무료 확인하기! (클릭)그는 새벽 8시부터 선행 데이터를 분석해 ‘장 시작 전 급등 가능성 높은 종목’을 미리 선별, 개장 직후 타이밍 매매로 안정적인 수익을 실현해왔다.최근 테스트 기간 중에는 단 하루 만에 ‘스케줄 매매’로 급등주를 적중한 사례도 있다.🎯 테마 따라잡기, 세력 추종 이제그만! 시장보다 먼저 수익참여!(클릭)‘올레드’ 전문가는 런칭과 동시에 무료채널에서 실시간 추천종목을 공개중이다. 특히 개인투자자들을 위한 장중 실시간 브리핑, 추천 종목 타점 제공,그리고 매일 오전에 제공되는 급등종목과 수익률은 이미 투자자들 사이에서 입소문이 돌고 있다고 하니 한번 참여해보는 것도 좋겠다.📲 당신의 계좌에 수익을 선취매하세요! 지금 참여하기(클릭)-최근 핫이슈 종목포스코엠텍, 유일에너테크, KR모터스, 탑코미디어, 삼성중공업무료상담",https://www.hankyung.com/article/202507235728a,2025.07.23 10:40
"""드디어 '8만전자' 가나"" 두근두근…'파격 전망' 나왔다 [선한결의 이기업 왜이래]","삼성전자 연중 최고가…4일째 상승 행진
26만 개미투자자 '드디어 평균 수익 전환'  
증권가 “실적 저점 통과 중”","사진=뉴스1

                삼성전자 주가가 외국인 매수세에 힘입어 연중 최고치를 연일 새로 쓰고 있다. 주가가 오르면서 개인투자자 상당수 수익률도 ‘플러스’로 돌아섰다. 증권가 안팎에선 삼성전자가 작년 9월 이후 10개월만에 ‘7만전자’가 될 수 있을지 주목하는 분위기다.   26만 개인투자자 '드디어 수익권'18일 삼성전자는 0.6% 오른 6만7100원에 장을 마감했다. 이날까지 4거래일 연속 상승해 연중 최고가를 새로 썼다. 이날 삼성전자 종가는 네이버페이 ‘내 자산’ 서비스와 증권 계좌를 연동한 삼성전자 투자자 26만6186명의 평균 매수 단가 6만7054원을 0.07% 웃돈다. 올들어 처음으로 이 종목에 투자한 개인투자자들의 평균 수익 여부가 ‘빨간불’로 돌아선 셈이다.삼성전자는 올초부터 지난달 말까지 11.99% 상승했다. 같은 기간 코스피지수는 28.04% 오른 것에 비하면 시총 1위 호칭이 무색한 상승세다. 이 기간 SK하이닉스가 70.56% 뛴 것을 고려하면 더욱 상대적으로 부진한 상승세를 보였다. 하지만 이달 들어선 상황이 바뀌었다. 외국인 투자자가 삼성전자 주식을 대거 사들이면서 주가가 본격적으로 반등했다. 외국인은 이달 1일부터 18일까지 삼성전자 주식을 1조8767억8349만원어치 순매수했다. 이 기간 외국인 국내 주식 순매수 1위다. 이날 삼성전자 외국인 지분율은 50.08%로, 지난 4월 25일 이후 처음으로 50%를 넘었다.이같은 외인 매수세에 삼성전자 주가는 이달 1~18일 11.46% 상승했다. 같은 기간 코스피지수 상승률(3.19%)을 크게 앞질렀다. 증권가 ""7만전자 간다…8만도 가능""증권가는 삼성전자의 주가가 더 오를 여력이 있다고 보는 분위기다. 이달 중 삼성전자에 대한 투자의견을 낸 22개 증권사의 평균 목표주가는 7만5860원이다.지난 8일 삼성전자의 잠정 실적 발표 이후 현대차증권·다올투자증권·DS투자증권이 각각 제시한 7만1000원이 이달 들어 가장 낮은 목표가다. 반면 같은 기간 KB증권은 8만2000원, LS증권은 8만3000원을 제시했다.삼성전자는 시장 전망치를 크게 밑도는 올 2분기 잠정 실적을 발표했다. 연결 기준으로 영업이익은 지난해 같은 기간에 비해 55.94% 감소한 4조6000억원을 냈다. 삼성전자 분기 영업이익이 5조원 아래로 내려간 것은 2023년 4분기 이후 6개분기만이다. 매출은 74조원으로 전년동기 대비 0.09%, 전 분기 대비 6.49% 줄었다.시장에선 삼성전자가 ‘실적 바닥’을 통과하고 있다는 분석이 나온다. 김운호 IBK투자증권 연구원은 “2분기를 저점으로 실적이 개선될 것”이라며 “고대역폭메모리(HBM) 상황도 지금보다 악화되진 않을 것”이라고 말했다.일각에선 최근 미국이 중국에 대한 AI GPU 수출 재개를 허가한 게 삼성전자에 기회가 될 수 있다는 전망도 나온다. 미국 정부는 최근 엔비디아의 H20칩 중국 수출을 허가했다. H20은 엔비디아가 미국의 반도체 수출 규제를 우회하기 위해 사양을 낮춰 만든 AI 칩이다. 삼성전자는 지난해부터 엔비디아 H20 제품에 4세대 HBM인 HBM3을 공급해왔다. 엔비디아의 H20 중국 수출이 재개되면 삼성전자의 HBM 매출도 그만큼 늘어날 수 있다. 차용호 LS증권 연구원은 “H20 판매와 H20 울트라 출시가 재개된다면 삼성전자에 기회가 될 것”이라고 말했다.  ""2분기가 실적 저점…주가 여전히 저평가""증권가에선 연내 삼성전자 주가 향배 관건으로 HBM의 엔비디아 공급망 진입, 파운드리 사업 적자 축소 등을 꼽고 있다. HBM3E 12단 개선제품의 엔비디아 퀄 테스트 통과와 HBM4(6세대) 제품의 양산, 파운드리 수익성 개선 등이 실적 돌파구가 될 수 있다는 전망이다.김영건 미래에셋증권 연구원은 “최근 글로벌 가속기 산업의 구매 주체들은 엔비디아·TSMC·SK하이닉스로 이어지는 단일 공급망 체제에 의존하고 있다”며 “이에 대한 유일한 대안은 삼성전자의 경쟁력 회복”이라고 분석했다. 류형근 대신증권 연구원은 “삼성전자는 여전히 ‘좋은 주식’이 될 수 있다고 본다”며 “범용반도체 경쟁력 강화, 파운드리 적자 축소 등 사업 경쟁력 회복 조짐이 일부 보이고 있고, 비영업 부문에서의 효율화 노력, 추가 주주환원 기대감 등을 고려하면 주가가 여전히 저평가 상태”라고 분석했다. 노근창 현대차증권 리서치센터장은 “현재 삼성전자 주가는 기간 조정이 마무리되는 구간”이라며 “올 2분기가 실적 저점으로 예상되는 만큼, 저점 매수가 유효한 전략”이라고 진단했다.선한결 기자 always@hankyung.com",https://www.hankyung.com/article/202507200206i,2025.07.21 05:33
"""하늘과 땅 차이""…역대급 삼성 폴더블폰에 외신 '엄지척'","외신, 갤럭시Z폴드·플립7 호평
폴더블폰 신규 사용자 유입 전망
""中에 맞설 경쟁력 확보"" 평가도
삼성 ""올해 갤럭시 AI 4억대 탑재""","갤럭시Z플립7. 사진=김대영 기자

                ""플립폰의 완성형에 가까워졌다. 이 정도로 기대될 줄은 몰랐다.""정보기술(IT) 매체 톰스가이드는 9일(현지시간) 삼성전자가 공개한 갤럭시Z플립7에 대해 이 같은 평가를 내놨다. 이 매체는 ""갤럭시Z플립7은 수년 만에 가장 큰 업그레이드가 이뤄졌다고 해도 과언이 아니다. 이번 변화로 플립 스타일 폰의 활용도가 한층 더 높아졌다""며 ""주요 특징으로는 강력한 카메라 기능, 유용한 멀티모달 AI 기능, 삼성 덱스 지원 등이 있다""고 전했다. 갤럭시Z플립7이 그간 삼성전자의 Z플립 시리즈를 쉽사리 선택하지 못했던 소비자들 선택을 뒤집을 야심작이 될 수 있다는 기대감도 내비쳤다. 이 매체는 ""수년간 삼성 Z플립을 데일리폰으로 써보려고 노력했지만 항상 무언가 부족함을 느꼈었는데 이번엔 이야기가 달라질 수도 있겠다""며 ""갤럭시Z플립7의 대대적 업그레이드 덕분""이라고 했다. 
                    



갤럭시Z플립7. 사진=김대영 기자

                갤럭시Z플립7은 접었을 때 두께가 전작보다 1.2㎜ 줄어든 13.7㎜에 불과할 정도로 콤팩트한 크기를 구현했다. Z플립 최대 장점인 휴대성을 극대화한 것. 커버 디스플레이 전체를 화면으로 사용할 수 있도록 4.1형 플레스윈도우를 탑재했고 베젤은 1.25㎜로 줄여 사용성도 개선됐다. 커버 디스플레이 최대 밝기는 2600니트, 최대 120Hz 주사율을 지원한다. 샘모바일은 ""작년 모델이 다소 점진적 업그레이드에 그쳐 삼성 팬들은 갤럭시Z플립7에 많은 기대를 걸었는데 이번 플립이 패셔너블하면서 미래지향적인 느낌을 주는 제품이 되길 바랐고 삼성은 대부분 그 기대에 부응했다""며 ""Z플립7은 시리즈 전체를 통틀어 획기적인 업그레이드이고 많은 사용자들이 업그레이드를 고려하게 만들 뿐 아니라 폴더블폰을 망설이던 새로운 사용자들도 끌어들일 수 있을 것으로 보인다""고 했다. 
                    



갤럭시Z폴드7. 사진=김대영 기자

                갤럭시Z폴드7에 대한 호평도 이어졌다. 미국 경제매체 CNBC는 Z폴드7의 두께를 언급하면서 ""이런 사양은 경쟁사 중국 아너의 매직 V5, 오포의 파인드 N5와 비슷한 수준""이라고 전했다. Z폴드7은 역대 갤럭시Z폴드 시리즈 중 가장 얇고 가볍다. 두께는 접었을 때 8.9㎜, 펼쳤을 때 4.2㎜다. Z폴드6보다 각각 3.2㎜, 1.4㎜씩 얇아진 셈이다. 오포 파인드 N5와 같은 두께고 가장 얇은 초슬림 폴더블폰으로 알려진 매직 V5보다는 0.1㎜ 두꺼운 정도다. 로이터 통신은 ""Z폴드7의 경우 전작보다 무게가 10% 줄고 두께는 26% 얇아졌는데 분석가들은 신제품이 폴더블폰의 단점이던 부피와 무게 문제를 일부 해결했다고 평가한다""고 했다. IT 매체 더버지도 ""Z폴드7은 Z폴드6와 비교하면 하늘과 땅 차이""라며 ""Z폴드7은 훨씬 얇으면서 가벼워졌고 Z폴드6는 크고 뚱뚱한 돌덩이처럼 보인다""고 평가했다. 안드로이드헤드라인은 ""마침내 오포 파인드 N5나 매직 V5와 같은 중국산 폴더블폰과 경쟁할 수 있는 경쟁력을 확보하게 됐다""고 봤다. 
                    



갤럭시Z폴드7. 사진=김대영 기자

                삼성전자가 내놓은 보급형 모델 갤럭시Z폴드7 FE에 관한 기대감도 보였다. 삼성전자는 더 많은 사용자들이 폴더블 경험을 누릴 수 있도록 저가 보급형 모델을 함께 공개했다. 다만 91모바일은 ""이 제품은 클램셸(조개껍질) 디자인으로 콤팩트한 폼팩터를 자랑하면서도 화면 크기는 그대로 유지했다""면서도 ""기본적인 작업은 잘 처리하지만 작은 커버 디스플레이는 갤럭시Z플립7만큼 기능적이거나 다재다능하진 않다""고 지적했다. 가격과 배터리에 관해선 비판적 의견들이 나왔다. 더버지는 ""Z폴드7 가격은 1999달러로 모든 가격이 오르고 관세 상황과 새롭고 얇아진 폴드에 들어간 연구개발 비용을 생각하면 놀랍지 않을 수 있다""면서도 ""1899달러였던 Z폴드6도 결코 저렴하지 않았는데 '2000달러짜리 스마트폰'이라는 말이 이상하게 느껴질 수 있다""고 평가했다. CNBC는 Z폴드7의 배터리와 관련해 ""Z폴드7은 4400mAh 배터리를 탑재했는데 이는 매직 V5의 6100mAh나 파인드 N5의 5600mAh 배터리보다 적은 용량""이라고 꼬집었다. 삼성전자는 갤럭시Z폴드·플립7 출시를 계기로 '갤럭시 AI' 사용경험을 확산하는 데 속도를 낼 계획이다. 노태문 삼성전자 디바이스경험(DX)부문장 직무대행 사장은 이날 미국 뉴욕에서 열린 '갤럭시 언팩' 이후 진행된 기자간담회를 통해 ""작년 2억대의 기기에 갤럭시 AI를 탑재하겠다는 말씀을 드렸는데 올해는 그 두 배인 4억대 이상으로 확대하겠다""고 강조했다. 그러면서 ""갤럭시 AI는 고객의 일상에 실질적인 도움을 드릴 수 있는 유용한 기능들을 중심으로 발전해 왔다""며 ""앞으로 갤럭시 AI는 스마트폰을 중심으로 갤럭시 생태계 전체를 연결하고 확장하는 핵심 플랫폼의 역할을 하게 될 것""이라고 말했다. 김대영 한경닷컴 기자 kdy@hankyung.com",https://www.hankyung.com/article/202507109932g,2025.07.10 12:19
"스튜디오얌얌, 웨비나우 창업도약패키지 지원사업 선정",웨비나 기반 B2B 영업·마케팅 혁신으로 글로벌 시장 본격 진출,"웨비나우 서비스 안내

                B2B 웨비나 전문기업 스튜디오얌얌이 중소벤처기업부가 주관하는 창업도약패키지 지원사업에 2025년 6월 최종 선정됐다고 밝혔다.'창업도약패키지'는 창업 3~7년 차 스타트업을 대상으로 최대 2억원의 사업화 자금과 멘토링·네트워킹 등 성장 프로그램을 지원하는 대표 정부 사업이다. 이번 선정을 통해 스튜디오얌얌은 플랫폼 고도화와 글로벌 시장 확대를 위한 재원을 확보하게 됐다.글로벌 웨비나 시장은 2024년 69억 달러에서 2032년 142억 달러 규모로 확대될 전망이며, 예측 기간 동안 연평균 9.43 % 성장할 것으로 분석된다. 이러한 성장성은 웨비나를 통한 신규 리드 확보와 영업 전환율 향상에 대한 기업들의 관심을 증명한다.스튜디오얌얌이 자체 개발한 웨비나우(Webinow)는 웨비나의 기획부터 운영, 사후 분석까지 전 과정을 하나의 플랫폼에서 제공한다. AI 기반의 영상처리 및 편집 기술, 다국어 지원 언어팩, 실시간 설문·데이터 분석 기능을 통해 비용 절감, 체계적인 리드 관리, 높은 전환율을 동시에 실현할 수 있는 것이 특징이다.스튜디오얌얌은 2021년 창업 이래 ▲2024 창업중심대학 초기창업기업 지원사업 ▲2024 창업성장기술개발사업 디딤돌 R&D ▲신용보증기금 NEST 13기 등에 선정되며 기술력과 사업성을 입증했다. 주요 고객사로 삼성전자, KT클라우드 등이 있으며, 최근 고려대학교기술지주로부터 투자도 유치했다.한편 스튜디오얌얌은 '2025 미래내일 일경험 사업 프로젝트형' 프로그램에도 참여한다.이 프로그램은 고용노동부와 대한상공회의소가 주관하고, 한경닷컴이 운영하며, 미취업 청년에게 기업 실무 경험을 쌓을 수 있도록 기업의 실무 프로젝트를 제공한다. 스튜디오얌얌은 웨비나 기획 및 운영 전 과정을 실무 과제로 제공해, 참가 청년들이 실전형 B2B 디지털 마케팅 역량을 키울 수 있도록 지원할 계획이다.스튜디오얌얌 주광수 대표는 이번 사업 선정과 일경험 프로젝트 참여에 대해 ""웨비나우는 단순 스트리밍 툴이 아니라 B2B 영업 파이프라인 전체를 혁신하는 플랫폼”이라며 “정부 지원과 청년 인재 육성을 기반으로 AI 엔진 고도화와 동남아·북미 동시 진출을 가속화해, 한국 B2B 기업의 글로벌 세일즈 허브가 되겠다""는 포부를 밝혔다.한경닷컴 뉴스룸 open@hankyung.com",https://www.hankyung.com/article/202507100630O,2025.07.10 16:57
신용대출 이자 절감 꿀팁! 증권사 3%대 대출 전환법 공개,,"전송종목 : 네패스, 무학, NICE, 한국기업평가, 백산최근 주식 투자자들 사이에서 주식대출(미수/신용융자 등)의 고금리에 대한 부담이 커지고 있다.특히 저금리를 적용 받고 싶어도, 기존 대출을 상환하고 다시 주식을 매수해야 하는 번거로운 절차와 자금 조달의 어려움이 발목을 잡고 있다.이런 현실적인 문제를 해결하고자, 무빙스탁이 ‘증권사 신용, 대환자금대출’ 서비스를 전격 출시했다.이 상품은 주식을 매도하지 않고도, 기존의 고금리의 주식대출(미수/신용융자 등)의 3%대의 혁신적인 저금리 증권사로 전환할 수 있도록 상환자금을 제공하는 것이 핵심이다.무빙스탁 관계자는 “현재 증권사 이벤트 금리는 연 3%대 수준으로, 기존 9~10%대 고금리를 적용받는 투자자라면 절감 효과가 상당하다”며, 금리를 5%만 낮추면 “1억원 신용대출 기준으로 연간 약 500만원, 3억원이라면 1,500만원까지도 절약할 수 있다”고 밝혔다.더 놀라운 점은, 현재는 이벤트 기간으로 대환자금대출 신청시 발생하는 이자 비용까지 ‘0원’이라는 사실이다. 대환자금에 대해서 하루의 대출이자도 부담하지 않고 기존 고금리 대출을 저금리로 전환할 수 있어, 고금리 부담에 시달리던 투자자들에게 큰 호응을 얻을 전망이다.이 서비스는 부동산 시장에서 흔히 이용되던 대환대출 개념을 증권시장에 도입한 혁신적인 시도로, 주식 투자자들의 자금 운용에 새로운 대안을 제시할 것으로 기대된다.무빙스탁 ‘증권사 신용, 대환자금대출’의 비용 무료 이벤트는 이벤트 기간 동안 한정적으로 제공되는 만큼, 신용융자를 이용 중인 투자자라면 지금 바로 확인해볼 필요가 있다.★ 장마감 시간이 가까워질수록 문의가 많아 상담이 지연될 수 있습니다.★ 7월 문의하신 고객들이 많이 보유하신 종목으로는 삼성전자, POSCO홀딩스, 셀트리온, 포스코퓨처엠, 에코프로비엠, NAVER, 에코프로, 삼성SDI, LG화학, SK하이닉스, 두산에너빌리티, 카카오, SK이노베이션, LG에너지솔루션, 엘앤에프, 삼천당제약, 현대차, 알테오젠, HPSP, LG전자 등이 있습니다.★ 안내사항과도한 빚은 당신에게 큰 불행을 안겨줄 수 있습니다. 대출 시 신용등급 하락으로 다른 금융거래가 제약받을 수 있습니다. 중개수수료를 요구하거나 받는 것은 불법입니다.상호명: ㈜단비대부 2021-서울영등포-2102(대부업) | TEL: 1544-4886 | 대출금리: 연 20%이내(연체금리는 약정금리+3%p이내, 최대 연 20%이내) | 단, 2021. 7. 7.부터 신규체결, 갱신, 연장되는 계약에 한함 | 채무의 조기상환 조건 및 부대비용 없음. (단, 신용조회비용 및 담보권설정비용 있음), 이자 외 별도로 중개수수료를 요구하거나 수취하는 것은 불법입니다. | 대표이사: 박동원 | 사업자등록번호: 274-86-00231 | 등록기관명칭: 서울 영등포구청(담당부서: 일자리경제과, 02-2670-3420) | 소재지 : 서울 영등포구 여의대방로67길 11, 5층 517호 | 개인정보관리자메일: help@danbifund.co.kr무료상담",https://www.hankyung.com/article/202507111597a,2025.07.11 13:08
,,,https://magazine.hankyung.com/job-joy/article/202507248892d,
"코스피, 미·일 무역협상 타결에 상승…현대차·기아 날았다","외국인, 현대차·기아 4100억치 순매수","사진=연합뉴스

                코스피지수가 좁은 범위의 등락 끝에 강세로 마감했다. 미국과 일본 간 무역협상 타결 소식이 전해지면서 우리 증시에도 기대감이 반영됐기 때문으로 풀이된다.한국거래소에 따르면 23일 코스피지수는 전날 대비 13.83포인트(0.44%) 오른 3183.77에 장을 마쳤다. 개장 직후 3199.86를 기록하며 3200선을 회복하는가 싶었지만 이내 한때 3141.93까지 밀리는 등 지수는 뚜렷한 방향성 없이 오르내렸다.유가증권시장에서 외국인과 기관이 각각 3169억원, 2923억원 매수 우위다. 개인만 6828억원 매도 우위다.삼성전자(0.61%)와 SK하이닉스(0.19%)는 강세 마감했다. 삼성바이오로직스는 2%대 올랐다.현대차(7.51%)와 기아(8.49%)는 급등했다. 이날 도널드 트럼프 미국 대통령이 일본과의 무역 협상을 마쳤다고 밝힌 영향으로 풀이된다. 내달 1일 미국의 상호관세 부과를 앞두고 두 국가가 전격적으로 무역 협상을 타결하면서, 한·미 무역협상 타결에 대한 기대감도 덩달아 커진 것이다.한편 이날 일본 시가총액 1위사인 도요타를 포함해 자동차주가 일제 급등했다. 도요타 주가는 14% 넘게 상승했고, 닛케이지수도 장중 3.9% 넘게 오르며 최근 1년래 최고치를 기록했다.외국인의 순매수세도 현대차와 기아에 집중됐다. 외국인은 이날 현대차와 기아를 각각 2692억원, 1444억원 순매수했다. 반면 외국인 순매도 상위 두 종목에는 삼성전자(-731억원)와 SK하이닉스(589억원)가 나란히 이름을 올렸다.코스닥지수는 0.59포인트(0.07%) 오른 813.56에 거래를 끝냈다. 코스닥시장에서 개인이 1469억원 매수 우위다. 외국인과 기관은 각각 327억원, 1072억원 매도 우위다.시총 상위주가 1% 안팎으로 오르내린 가운데 삼천당제약이 상한가를 기록했다. 개발 중인 경구용 GLP-1 제네릭이 오리지널 약물인 노보 노디스크의 '리벨서스'와 생물학적 동등성 시험을 성공적으로 마쳤단 소식이 매수세를 집중시킨 것으로 풀이된다.원·달러 환율은 오후 3시30분 기준 전장 대비 8원 내린 1379.8원을 기록했다.신민경 한경닷컴 기자 radio@hankyung.com",https://www.hankyung.com/article/2025072371836,2025.07.23 15:56
자기자본 포함 4배 투자금을 DSR 무관으로 신청 당일 즉시?,,"투자자들 사이에서 ‘스탁론’에 대한 관심이 높아지고 있다. 스탁론은 자기자본 포함 최대 4배까지 활용 가능하며 증권사 신용/미수 대환 용도로도 활용 가능해 대표적인 레버리지 수단으로 자리잡은 상태다.그러나 DSR 한도가 스탁론에도 적용된 후 다른 대출, 소득 증빙 문제로 예전처럼 이용하기 어려워졌다. 이와 함께 높아진 금리도 스탁론 이용을 망설이게 만든 원인으로 꼽힌다.그러나 해결책은 있다. 21년 연속 스탁론 업계 1위를 지키고 있는 하이스탁론이 DSR 무관하게 이용할 수 있는 상품은 물론 연 4%대 최저금리로 이용 가능한 상품까지 취급하며 선택의 폭을 넓힌 것이다.




 

◆ 하이스탁론, 연 4%대 업계 최저금리로 추가 투자금은 물론 신용미수 대환까지!<하이스탁론>에서 누구나 부담 없이 스탁론을 경험할 수 있도록 연 4%대 최저금리 상품을 출시했다. 주식매입 용도는 물론 증권사 미수/신용 대환도 가능하며 신용등급 차등 없이 자기자본 포함 최대 4배까지 활용할 수 있다.이와 함께 DSR 한도 때문에 기존 스탁론 이용이 어려웠던 투자자들은 위한 DSR 무관 상품도 취급 중이다. 또한 장중 거래가 어려웠던 투자자를 위한 대체거래소(NXT) 거래도 가능해졌다.<하이스탁론>의 새로운 상품에 대해 자세히 알고 싶은 투자자는 고객상담센터(1599-0313)로 연락하면 대출 여부와 상관없이 24시간 언제든 전문상담원과 편리한 상담이 가능하다.○ 연 4%대 업계 최저금리 상품 출시○ 대체거래소(NXT) 거래 가능!○ 21년 연속 시장 점유율 1위, 16년 연속 대한민국퍼스트브랜드 대상○ 증권사 신용/미수 실시간 상환, 한종목 100% 집중 투자○ 믿을 수 있는 상담품질보증제※하이스탁론상담센터 : 1599-0313바로가기:https://www.hisl.co.kr/0313◆ 현 시각 관심종목 Top 10 : 삼성전자, NAVER, 한국전력, LG씨엔에스, 한국가스공사, 한화시스템, 에르코스, 더즌, 파세코, JB금융지주무료상담",https://www.hankyung.com/article/202507112207a,2025.07.14 09:30
"美의료유통 '슈퍼갑' 뚫은 삼성…""세계 최대 시장 확보""","美 빅2와 '바이오시밀러 동맹'
삼성에피스, 10조원 시장 선점

대형 PBM 2곳과 첫 공급계약
연내 출시…1조원대 매출 확보","삼성바이오에피스가 자사 바이오시밀러(바이오의약품 복제약)를 미국에서 유통회사 자체 브랜드(PL·프라이빗 라벨) 방식으로 공급한다. 미국 처방약 시장 유통의 50% 이상을 점유한 대형 업체들과 바이오시밀러 동맹을 맺은 세계 첫 사례다. 삼성바이오에피스가 조 단위 신규 매출을 올릴 것이라는 전망이 나온다. 
                    






이미지 크게보기



                16일 외신과 업계에 따르면 삼성바이오에피스는 최근 미국 1위 처방약급여관리업체(PBM)인 익스프레스스크립츠, 2위 CVS케어마크와 각각 자가면역질환 치료제 ‘스텔라라’ 바이오시밀러의 PL 방식 제품 공급 계약을 체결했다.익스프레스스크립츠는 ‘쿠엘런트’, CVS케어마크는 ‘코다비스’라는 자체 브랜드로 연내 미국 전역에 출시한다. 바이오시밀러 회사가 PBM ‘빅3’ 업체 중 두 곳과 한꺼번에 PL 공급 계약을 맺은 것은 이번이 처음이다. 빅3 업체는 미국 처방약 시장 유통의 총 80%를 점유하고 있고, 이 중 익스프레스스크립츠와 CVS케어마크의 점유율은 두 회사를 합쳐 57%에 달한다. PBM은 의료보험이 민영화된 미국에서 의약품 유통구조의 최상단에 있다. 의약품의 진입과 퇴출, 가격 등을 결정한다. 삼성바이오에피스 관계자는 “미국 시장에서 환자들의 접근성을 높이기 위한 방안을 다각도로 모색중”이라며, “PBM 계약은 당사가 공개할 수 없는 사항이라 확인해 드릴 수 없다”고 말했다.세계 10대 매출 의약품인 스텔라라는 개발사인 미국 존슨앤드존슨의 특허 만료로 올해 초 미국에서 바이오시밀러 시장이 열렸다. 삼성바이오에피스와 셀트리온, 미국 암젠, 독일 포미콘, 인도 바이오콘, 아이슬란드 알보텍 등 세계 7개 바이오시밀러 기업이 이 시장에 뛰어들었다.전문가들은 미국 PBM이 수만 개 약국 네트워크 공급 물량의 90%가량을 PL 제품으로 채울 것으로 전망한다. 이 경우 삼성바이오에피스가 연간 10조원 규모 시장에서 수천억원에서 1조원 이상의 신규 매출을 올릴 것으로 추산하고 있다. 정유경 신영증권 연구위원은 “미국 스텔라라 바이오시밀러 시장 대전은 삼성바이오에피스 승리로 끝났다고 봐도 무방하다”고 말했다.2024년 산도스에 계약 빼앗겨 최고위층 접촉하면서 신뢰 쌓아약국 네트워크 7만여개 확보…""유럽 이어 美서도 1위 할 것""삼성바이오에피스가 연간 10조원 규모인 미국 자가면역질환 치료제 스텔라라 바이오시밀러(바이오의약품 복제약) 시장에서 승기를 잡았다. 경쟁사들을 제치고 현지 대형 처방약급여관리업체(PBM) 두 곳과 유통사 자체브랜드(PL) 방식의 공급 계약을 맺으며 조단위 신규 매출 창출을 예고했다. 유럽에 이어 미국 시장도 평정할 것이란 기대가 커지고 있다. ◇美 시장 57% 움켜쥔 ‘빅2’와 계약16일 업계에 따르면 PBM은 미국 민영 의료보험 체계에서 제약사, 보험사, 약국, 병원, 환자를 연결하는 유통망의 중심축이다. 삼성이 판로를 뚫은 미국 1위 PBM 익스프레스스크립츠는 전역에 6만2000여 개 약국 네트워크를 보유하고 있다. 2위인 CVS케어마크 역시 9000개 이상의 직영 약국과 1000여 개 클리닉을 운영하고 있다. 두 회사가 관리하는 환자만 2억 명으로, 미국 전체 처방약 유통 시장의 57%를 차지한다. 두 회사의 연간 관련 사업 매출은 350조원에 달한다.익스프레스스크립츠 등은 임상의학적 효능과 안전성, 공급 안정성, 가격 등의 요인을 평가해 자사 PL 제품으로 삼성바이오에피스의 스텔라라(성분명 우스테키누맙) 바이오시밀러를 선정한 것으로 알려졌다. 스텔라라는 미국 제약사 얀센(존슨앤드존슨 자회사)이 개발한 판상 건선, 건선성 관절염, 크론병, 궤양성 대장염 등 자가면역질환 치료제다. ◇23조원 시장 판도 바꿔PL 제품은 세계 최대 매출 의약품인 자가면역질환 치료제 휴미라의 연 23조원 규모 미국 시장 판도부터 바꿨다. 2023년 당시 아홉 곳의 세계 바이오시밀러 업체가 이 시장에 경쟁적으로 진출했지만 초기 시장점유율은 다 합쳐도 2%에 불과했다. 오리지널 의약품 회사인 미국 대형 제약사 애브비의 철통 방어 때문이었다. 하지만 CVS케어마크가 스위스 제약사 산도스와 손잡고 지난해 1월 사상 첫 PL 바이오시밀러 제품을 출시하자 시장이 뒤집어졌다. 출시 3개월 만에 시장점유율 15%를 장악하며 애브비의 아성을 흔들었다. 시장 관계자는 “PBM이 PL 제품을 통해 제조·처방·유통을 통합 관리하면서 중간 유통 비용이 절감돼 환자에게 더 저렴한 가격에 바이오시밀러 공급이 가능해졌다”고 말했다. 삼성바이오에피스는 휴미라 바이오시밀러 출시 당시 CVS케어마크와 협상을 통해 세계 최초 PL 제품 출시를 준비했으나 아깝게 산도스에 자리를 내준 것으로 알려졌다.휴미라 시장에서 PL의 위력을 목격한 바이오시밀러 회사들은 앞다퉈 PBM과 손잡고자 했지만 4년 전부터 준비한 삼성바이오에피스가 빅3 PBM 중 두 곳을 잡아 최종 승자가 됐다. 삼성바이오에피스는 PBM의 신뢰를 얻기 위해 전임 고한승 사장(현 삼성전자 미래사업기획단 사장) 시절부터 현 김경아 사장까지 4년간 연간 수십 차례 미국을 방문해 PBM 최고위층을 설득한 것으로 알려졌다. 업계 관계자는 “PBM들은 미국 대형 제약사(빅파마) 실적도 좌우하는 ‘초갑’ 위치기 때문에 제아무리 ‘삼성’ 브랜드로 접근해도 초기엔 만나주지도 않았다”며 “삼성바이오에피스 임원들이 PBM 최고위층의 별장까지 찾아가는 끈질긴 노력 끝에 신뢰를 얻었다”고 소개했다. ◇유럽 이어 美도 1위 기대시장에선 10조원 규모 미국 시장에서 삼성바이오에피스가 최소 10% 이상을 확보할 것으로 기대하고 있다. 업계 관계자는 “바이오시밀러 출시로 가격이 40~80%가량 내려가기 때문에 시장 규모가 기존 대비 줄어들 것”이라면서도 “장기적으로 신규 매출을 수조원까지 기대할 수 있을 것”이라고 말했다.삼성바이오에피스는 이미 유럽에선 스텔라라 바이오시밀러 시장 점유율 43%로 1위다. 독일 이탈리아 스웨덴 핀란드 포르투갈 등 유럽 8개국에서 1위를 달리고 있다. 또 다른 자가면역질환 치료제인 엔브렐 바이오시밀러 시장과 희귀 혈액질환 치료제 솔리리스 바이오시밀러 시장에서도 유럽 1위를 차지하고 있다.삼성바이오에피스는 삼성바이오로직스 인적 분할로 오는 10월 투자지주회사인 삼성에피스홀딩스 아래로 편입될 예정이다.안대규 기자 powerzanic@hankyung.com",https://www.hankyung.com/article/2025071627151,2025.07.16 17:28
삼성 제치더니 또 한국 넘본다…무서운 '中 로봇청소기' 공습,"고성능 로봇청소기 또 한국 진출

드리미 서브 브랜드 '모바'
다음 달 중 국내 독자 진출
고성능 로봇청소기 출시 전망","드리미 모바 S20 울트라 로봇청소기. 사진=드리미 모바 홍보영상 갈무리

                올 초 중국 스마트홈 기업 드리미 테크놀로지에서 별도 법인으로 분리된 '모바'가 다음 달 국내 시장에 독자 진출한다. 드리미의 서브 브랜드였던 모바는 국내에서 그간 주로 제품 시리즈명으로 알려졌지만, 이번에 독립 브랜드로 본격 시장 진출을 예고하고 있다. 드리미와 동일하게 로봇청소기를 주력 제품으로 삼는다.  15일 업계에 따르면 모바는 다음 달 안으로 국내 시장 독자 진출 계획을 발표할 전망이다. 초기엔 국내 총판을 통해 로봇청소기 제품을 공급하지만 추후 한국 법인 설립도 검토할 계획으로 전해졌다. 모바는 다양한 제품군을 갖췄지만 국내에선 일단 로봇청소기를 주력으로 앞세울 계획이다. 제품 스펙만 따지면 올해 나오는 모델 중 가장 뛰어난 수준일 것으로 전해졌다. 모바는 연초 미국 라스베이거스에서 열린 세계 최대 가전·정보기술(IT) 전시회 'CES 2025'에서 3가지 물걸레를 바닥 재질이나 사용 구역에 따라 자동으로 바꿔 청소하는 로봇청소기를 선보인 바 있다.드리미는 이미 국내 시장에서 최대 흡입력과 문턱 극복 기능을 앞세워 만만찮은 영향력을 자랑하고 있다. 최대 6cm 높이 문턱을 넘을 수 있는 '로봇 발'이 달린 제품을 선보인 데 이어 최근 2만5000파스칼(Pa)에 달하는 국내 최대 흡입력을 갖춘 신제품도 공개했다. 올 상반기 한 국내 최대 쇼핑 행사에선 삼성전자 로봇청소기보다 많은 매출을 올렸다. 또 신제품 출시 직후 진행하는 첫 라이브 방송마다 화제성을 끌어올리고 있다. 드리미는 국내 로봇청소기 시장 점유율 1위 브랜드인 중국 로보락에 밀리는 분위기다. 이런 상황에서 모바가 최고 수준 스펙을 갖춰 국내 시장에 진출하면서 경쟁도 치열해질 것으로 예상된다. 지난해 국내에서 판매된 드리미 모바 S20 울트라 모델은 올 1월 기준 1만2000대 이상 판매되면서 경쟁력도 입증됐다는 평이다.중국 가전 브랜드들은 프리미엄 가전 수요가 많은 한국을 '전략 시장'으로 인식하고 있다. 프리미엄 가전 사용경험이 많은 국내 소비자 반응을 토대로 제품 개선이나 사업 전략을 구상할 수 있다는 점이 이유로 꼽힌다.국내에 진출한 중국 로봇청소기 브랜드들 점유율을 합하면 약 60% 수준에 이른다.샤오미는 지난 25일 국내 첫 공식 오프라인 매장 개설 소식을 발표하면서 스마트폰과 로봇청소기를 주력 제품으로 내세웠다. 샤오미 매장엔 21만~65만원대 로봇청소기 제품들이 진열돼 있다. 샤오미 매장 개점 첫날 1호 구매자도 로봇청소기 제품을 선택했다. 한 업계 관계자는 ""로보락은 내놓을 만한 제품을 모두 공개했고 에코백스도 디봇 T80 옴니로 올 한 해를 보낼 것""이라며 ""모바는 로봇청소기를 메인으로 한국 시장을 공략할 것으로 보인다""고 말했다. 김대영 한경닷컴 기자 kdy@hankyung.com",https://www.hankyung.com/article/202507146514g,2025.07.15 19:30
관세폭탄 맞은 EU…美에 '바주카포급' 보복카드 꺼내나,"美, EU·멕시코에 30% 관세…각국 대응 고심

EU, 관세율 전보다 10% 높아져
내부서 강경 대응 목소리 확산
마크롱 ""美와 합의 못이룰 땐
통상위협대응조치 고려해야""

멕시코도 기존보다 5%P 올라
현지 생산기지 둔 韓기업들 긴장","도널드 트럼프 미국 대통령이 12일(현지시간) 유럽연합(EU)과 멕시코에 각각 30% 관세율을 통보한 것은 협상 타결을 앞두고 이들을 최대한 압박하려는 의도로 해석된다. 하지만 이런 압박이 오히려 거센 반발을 불러오고 있다며 30% 관세가 부과된다면 무역 전쟁을 촉발할 것이란 지적이 나온다. 각국이 막바지 협상을 서두르고 있지만 협상이 결렬될 때에 대비해 강경한 대응 조치를 검토하고 있기 때문이다.
                    






이미지 크게보기



 ◇ EU 내 강경 대응론 확대EU는 지난 4월 상호관세 20% 부과 이후 210억유로(약 34조원) 규모 미국산 수입품에 상응하는 보복 조치를 준비하는 등 강경 대응을 검토했다. 그러나 우크라이나 전쟁의 패색이 짙어지고 러시아 위협이 강해지자 이런 목소리는 사그라들었다. 자체 방어 능력이 없는 상황에서 미국과 갈등하는 것이 적절하지 않다는 자성론이 커졌기 때문이다. 양측은 최근까지 적극적으로 협상했으며 자동차와 농산물 등 핵심 의제를 놓고 막판 줄다리기를 하던 참이었다.트럼프 대통령은 EU에 30%를 부과한 이유로 디지털서비스세(DST)와 부가가치세(VAT) 등 비관세 장벽을 들었다. EU는 디지털서비스세 등을 철회하지 않겠다고 공언했다. 부가세 등은 비관세 장벽으로 분류하기 적절하지 않을 뿐만 아니라 협상 대상이 될 수 없다는 것이다.이번에 부과한 30% 관세율은 오히려 협상의 걸림돌이 되는 분위기다. 앞서 베트남이 협상 내용과 다른 관세율(20%)을 일방적으로 통보받은 것으로 알려지면서 미국과 협상하는 것이 의미가 있느냐는 회의적 시각이 확산하고 있다.에마뉘엘 마크롱 프랑스 대통령은 이른바 ‘바주카포’로 불리는 극단적 조치까지 고려해야 한다고 목소리를 높였다. 그는 SNS에 “유럽 이익을 보호하겠다는 결의를 그 어느 때보다 확고히 해야 한다”며 “합의에 도달하지 못한다면 통상위협대응조치(ACI)를 포함한 모든 수단을 동원해 대응책 마련에 속도를 내야 한다”고 주장했다. ACI는 서비스, 외국인직접투자, 금융시장, 공공 조달 등에 제한을 둘 수 있는 조치로, 강력한 무역 방어 수단이라는 점에서 ‘바주카포’라는 별명이 있다.집행위원회와 EU 대사, 무역 관련 각국 장관은 13일 대응 전략을 논의할 예정이다. 이 자리에서는 1차 보복 조치로 준비한 210억유로 상당에 대한 보복관세 외에 10% 기본관세, 자동차 관세 등에 대응하기 위해 2차 조치를 다룰 것으로 보인다. ◇ 멕시코, USMCA 적용 ‘촉각’트럼프 대통령은 멕시코에 보낸 관세 관련 서한을 통해 멕시코에서 제조되는 펜타닐이 미국으로 반입되는 문제를 거론하며 이를 해결하려는 멕시코의 노력이 “충분하지 않다”고 지적했다. 그러면서 “멕시코가 (마약) 카르텔에 맞서고 펜타닐 유입을 차단하는 데 성공한다면 관세는 조정될 수 있다”고 여지를 열어뒀다. 클라우디아 셰인바움 멕시코 대통령은 “차분한 대응”을 강조했지만 마르셀로 에브라르드 멕시코 경제부 장관은 새 관세율이 “불공정하다”는 뜻을 미국에 전달했다.특히 멕시코와 캐나다는 트럼프 대통령이 주장하는 관세율이 미국·멕시코·캐나다무역협정(USMCA) 대상 품목에 적용되는지에 촉각을 곤두세우고 있다. 미국은 지금도 멕시코와 캐나다에 25% 관세를 적용하고 있지만 USMCA 대상은 예외로 함으로써 실질적인 무관세 조치를 유지 중이다. 이는 멕시코와 캐나다에 생산 기지를 둔 미국 기업을 위한 조치다.앞서 피터 나바로 백악관 무역·제조업 담당 고문은 기자들에게 “USMCA는 (관세) 대상이 아니다”고 말했다. 하지만 트럼프 대통령 서한에서는 이 부분이 분명하게 설명되지 않았기 때문에 안심하기 어렵다.미국 수출을 위해 멕시코에 생산 기지를 둔 국내 기업도 예의주시하고 있다. 기아는 연 40만 대 생산 규모를 갖춘 멕시코 공장에서 제조한 K4 등 12만 대를 지난해 미국에 수출했다. 삼성전자와 LG전자도 TV 냉장고 세탁기 등을 생산 중이다. 기업들은 미국이 멕시코산 제품에 관세율을 높이면 다른 지역으로 수출 물량을 돌리는 등 대응책 마련에 고심 중이다. 현대자동차그룹은 멕시코에서 만든 차량을 캐나다, 남미, 유럽 등 다른 곳으로 수출하는 방안도 들여다보고 있는 것으로 알려졌다.워싱턴=이상은 특파원/신정은 기자 selee@hankyung.com",https://www.hankyung.com/article/2025071352231,2025.07.13 17:50
폴더블 왕좌 굳힌다…삼성 Z7 시리즈 공개,,"영상 모듈 닫기




<앵커>삼성전자가 역대급 성능을 갖춘 갤럭시 Z7 시리즈를 출시하고 글로벌 폴더블폰 1위 수성에 나섰습니다.두께와 디스플레이는 물론 AI와 헬스케어까지 한층 강화해 삼성의 모든 기술을 쏟아부었다는 평가입니다.홍헌표 기자가 미국 뉴욕에서 열린 갤럭시 언팩 현장을 취재했습니다.<기자>뉴욕 브루클린에서 개최된 갤럭시 언팩 2025 현장.삼성전자는 한차원을 뛰어넘는 기술 혁신을 보여주겠다고 공언했습니다.[노태문 / 삼성전자 MX사업부장 사장 : 가장 큰 혁신은 하드웨어, 소프트웨어, 서비스가 서로의 경계를 밀어낼 때 이루어집니다. 삼성은 이 도전을 기꺼이 받아들이고 있습니다.]삼성은 이번 언팩에서 신형 폴더블폰인 갤럭시 Z폴드 7과 Z플립 7을 공개했습니다.Z폴드 7은 접었을 때 두께가 바 타입 스마트폰인 S25 울트라 수준까지 얇아졌고, 화면은 전작보다 더 넓어졌습니다.그러면서 무게는 더 가벼워졌습니다.현장에서는 크게 진화한 폴더블폰에 대한 감탄이 이어졌습니다.[알폰소 아뮤리 / 갤럭시 언팩 참가자 : 저는 굉장히 놀랐습니다. 제가 Z폴드6를 가지고 있어서 (Z폴드7과) 화면을 비교해봤습니다. 실제 스마트폰 두께의 차이를 비교해보니 놀라웠습니다. 새로운 기능들도 정말 훌륭합니다.]Z플립 7은 커버 전체를 디스플레이 화면으로 채운 점이 좋은 반응을 얻었습니다.이번 Z7 시리즈는 강력한 기능을 갖춘 폴드와 디자인을 중시한 플립 각각의 특징을 제대로 살렸다는 평가입니다.삼성은 AI 기술도 대폭 업그레이드 했습니다.[주연 / 구독자 75만 테크 유튜버 : 폴드 대화면에서 화면 스크롤 하면서 제미나이랑 같이 보면서 AI랑 대화하는 것도 들어가고 해서 실제 사용할 때 기존 바 타입 스마트폰에서 쓰던거랑 또 느낌이 다를 것 같아요. 그게 가장 기대가 됩니다.]게임 중간이나 동영상 촬영 중에도 끊지 않고 '서클투서치' 기능을 실행할 수 있는 AI 멀티모달 기술도 탑재했습니다.최근 미국의 디지털 헬스기기 업체 '젤스'를 인수한 삼성은 갤럭시 워치8과 연계한 헬스케어 기능도 강화했습니다.갤럭시 워치에 손가락을 몇 초만 대면 항산화 지수가 계산돼 건강상태 확인이 가능하고, 본인 수준에 맞는 달리기 레벨도 체크할 수 있습니다.[노태문 / 삼성전자 MX사업부장 사장 : 최근 발표한 젤스 인수는 웨어러블 데이터와 병원의 의료기록을 연결해 사용자가 일상 속에서도 자신의 건강을 종합적으로 관리할 수 있도록 돕고 AI 기반의 맞춤형 건강관리를 지원하는 중요한 이정표가 될 것입니다.]삼성전자는 더 강력한 하드웨어와 진일보한 AI 기술을 탑재한 두 번 접는 스마트폰 트리폴드폰을 올해 연말 공개할 예정입니다.이번 언팩에서 공개된 갤럭시 Z7 시리즈는 삼성전자 기술의 총 집합체라는 평가가 나옵니다.뉴욕 브루클린에서 한국경제TV 홍헌표입니다.홍헌표기자 hphong@wowtv.co.kr",https://www.hankyung.com/article/2025071011425,2025.07.10 17:51
한국 기업들 어쩌나…트럼프 관세의 불편한 현실,"한일 관세 부담, 中 다음으로 실효 관세율 높아","사진=연합AP

                미국의 주요 교역국 중 미국과 사실상 '무역 전쟁'을 치르는 중국을 제외하면 한국과 일본이 도널드 트럼프 대통령의 각종 관세로 인한 부담이 가장 크다는 분석이 나왔다.국제 신용평가사 피치는 지난 6월 27일 공개한 '미국의 실효 관세율 모니터' 보고서에서 미국의 올해 한국에 대한 실효 관세율을 15.0%로 추산했다. 이는 미국과 교역량이 가장 많은 상위 15개국을 두고 봤을 때 한국의 실효 관세율은 중국(41.4%)과 일본(16.5%) 다음으로 많은 수준이다. 실효 관세율은 미국이 특정 국가에서 걷은 관세 총액을 수입 총액으로 나눈 것이다.피치는 미국이 모든 국가에 부과한 기본 상호관세 10%, 자동차와 자동차부품 관세 25%, 알루미늄과 철강 관세 50%를 반영해 실효 관세율을 산출했다.한국과 일본의 실효 관세율이 상대적으로 높은 이유는 자동차와 자동차부품, 철강 등 관세율이 높은 품목이 전체 대미 수출에서 차지하는 비중이 큰 탓이다.앞서 미국은 지난 4월 3일부터 자동차에 25%를, 5월 3일부터 자동차부품에 25%의 관세를 부과했다. 철강과 알루미늄의 경우 지난 3월 12일부터 25%를 부과했으며, 6월 4일부터는 50%로 인상하기도 했다. 이외 품목에는 현재 기본 상호관세 10%가 적용됐다.중국의 실효 관세율이 가장 높지만, 다른 나라와 직접 비교하기 적합하지 않은 측면이 있다. 미국이 지난 5월 12일 스위스 제네바에서 중국과 관세 전쟁 '휴전'에 합의하긴 했으나, 여전히 30%의 추가 관세를 부과하고 있으며 트럼프 1기 행정부 때 부과한 관세도 지금까지 유지되고 있기 때문이다.반면 나머지 나라는 기본 상호관세 10%와 기타 품목별 관세를 비교적 동등하게 적용받고 있다. 트럼프 대통령의 관세 정책이 시행되기 전인 2024년에는 실효 관세율이 일본은 1.5%, 한국은 0.2%에 불과했다.올해 실효 관세율을 2024년과 비교하면 일본은 14.9%포인트, 한국은 14.8%포인트 인상됐다. 이 증가율도 중국(30.7%) 다음으로 높은 것으로 나타났다.트럼프 관세가 한국에 더 집중적으로 부과되는 이런 현상은 앞으로 더 심해질 가능성이 제기된다. 미국은 지난 6월 23일부터 냉장고, 건조기, 세탁기 등 가전제품에 사용된 철강에도 50% 관세를 부과하기 시작했다. 삼성전자와 LG전자 등 한국 가전기업에 피해가 예상되는 대목이다.미국은 25% 관세를 적용받는 자동차 부품의 종류도 늘릴 가능성도 있다. 트럼프 행정부는 미국에서 배터리를 생산하는 한국 배터리 기업들의 주요 원료인 구리에도 오는 8월 1일부터 50% 관세를 부과할 계획이다.미국은 한국의 다른 주요 수출 품목인 반도체와 의약품에도 이르면 이달 말에 관세 부과 여부를 결정할 것으로 전망된다.피치는 미국이 반도체와 전자제품, 의약품에 25% 관세를 부과한다고 가정하면 한국의 실효 관세율이 18.7%로 증가할 것으로 내다봤다. 이는 중국(37.1%), 대만(22.1%), 아일랜드(20.7%) 다음으로 많은 수준이다.신현보 한경닷컴 기자 greaterfool@hankyung.com",https://www.hankyung.com/article/2025071096927,2025.07.10 10:58
,,,https://magazine.hankyung.com/business/article/202507159332b,
이자 부담 최소화! 증권사 신용대출 3%대로 바꾸는 절호의 기회,,"전송종목 : 유비케어, 엠케이전자, 유나이티드제약, 동성화인텍, SJG세종최근 주식 투자자들 사이에서 주식대출(미수/신용융자 등)의 고금리에 대한 부담이 커지고 있다.특히 저금리를 적용 받고 싶어도, 기존 대출을 상환하고 다시 주식을 매수해야 하는 번거로운 절차와 자금 조달의 어려움이 발목을 잡고 있다.이런 현실적인 문제를 해결하고자, 무빙스탁이 ‘증권사 신용, 대환자금대출’ 서비스를 전격 출시했다.이 상품은 주식을 매도하지 않고도, 기존의 고금리의 주식대출(미수/신용융자 등)의 3%대의 혁신적인 저금리 증권사로 전환할 수 있도록 상환자금을 제공하는 것이 핵심이다.무빙스탁 관계자는 “현재 증권사 이벤트 금리는 연 3%대 수준으로, 기존 9~10%대 고금리를 적용받는 투자자라면 절감 효과가 상당하다”며, 금리를 5%만 낮추면 “1억원 신용대출 기준으로 연간 약 500만원, 3억원이라면 1,500만원까지도 절약할 수 있다”고 밝혔다.더 놀라운 점은, 현재는 이벤트 기간으로 대환자금대출 신청시 발생하는 이자 비용까지 ‘0원’이라는 사실이다. 대환자금에 대해서 하루의 대출이자도 부담하지 않고 기존 고금리 대출을 저금리로 전환할 수 있어, 고금리 부담에 시달리던 투자자들에게 큰 호응을 얻을 전망이다.이 서비스는 부동산 시장에서 흔히 이용되던 대환대출 개념을 증권시장에 도입한 혁신적인 시도로, 주식 투자자들의 자금 운용에 새로운 대안을 제시할 것으로 기대된다.무빙스탁 ‘증권사 신용, 대환자금대출’의 비용 무료 이벤트는 이벤트 기간 동안 한정적으로 제공되는 만큼, 신용융자를 이용 중인 투자자라면 지금 바로 확인해볼 필요가 있다.★ 장마감 시간이 가까워질수록 문의가 많아 상담이 지연될 수 있습니다.★ 7월 문의하신 고객들이 많이 보유하신 종목으로는 삼성전자, POSCO홀딩스, 셀트리온, 포스코퓨처엠, 에코프로비엠, NAVER, 에코프로, 삼성SDI, LG화학, SK하이닉스, 두산에너빌리티, 카카오, SK이노베이션, LG에너지솔루션, 엘앤에프, 삼천당제약, 현대차, 알테오젠, HPSP, LG전자 등이 있습니다.★ 안내사항과도한 빚은 당신에게 큰 불행을 안겨줄 수 있습니다. 대출 시 신용등급 하락으로 다른 금융거래가 제약받을 수 있습니다. 중개수수료를 요구하거나 받는 것은 불법입니다.상호명: ㈜단비대부 2021-서울영등포-2102(대부업) | TEL: 1544-4886 | 대출금리: 연 20%이내(연체금리는 약정금리+3%p이내, 최대 연 20%이내) | 단, 2021. 7. 7.부터 신규체결, 갱신, 연장되는 계약에 한함 | 채무의 조기상환 조건 및 부대비용 없음. (단, 신용조회비용 및 담보권설정비용 있음), 이자 외 별도로 중개수수료를 요구하거나 수취하는 것은 불법입니다. | 대표이사: 박동원 | 사업자등록번호: 274-86-00231 | 등록기관명칭: 서울 영등포구청(담당부서: 일자리경제과, 02-2670-3420) | 소재지 : 서울 영등포구 여의대방로67길 11, 5층 517호 | 개인정보관리자메일: help@danbifund.co.kr무료상담",https://www.hankyung.com/article/202507111594a,2025.07.11 11:38
고금리 이자 폭탄 피하는 법! 증권사 대출 3%대로 줄이기,,"전송종목 : HD현대중공업, 두산퓨얼셀, 하이브, 솔브레인, SK아이이테크놀로지최근 주식 투자자들 사이에서 주식대출(미수/신용융자 등)의 고금리에 대한 부담이 커지고 있다.특히 저금리를 적용 받고 싶어도, 기존 대출을 상환하고 다시 주식을 매수해야 하는 번거로운 절차와 자금 조달의 어려움이 발목을 잡고 있다.이런 현실적인 문제를 해결하고자, 무빙스탁이 ‘증권사 신용, 대환자금대출’ 서비스를 전격 출시했다.이 상품은 주식을 매도하지 않고도, 기존의 고금리의 주식대출(미수/신용융자 등)의 3%대의 혁신적인 저금리 증권사로 전환할 수 있도록 상환자금을 제공하는 것이 핵심이다.무빙스탁 관계자는 “현재 증권사 이벤트 금리는 연 3%대 수준으로, 기존 9~10%대 고금리를 적용받는 투자자라면 절감 효과가 상당하다”며, 금리를 5%만 낮추면 “1억원 신용대출 기준으로 연간 약 500만원, 3억원이라면 1,500만원까지도 절약할 수 있다”고 밝혔다.더 놀라운 점은, 현재는 이벤트 기간으로 대환자금대출 신청시 발생하는 이자 비용까지 ‘0원’이라는 사실이다. 대환자금에 대해서 하루의 대출이자도 부담하지 않고 기존 고금리 대출을 저금리로 전환할 수 있어, 고금리 부담에 시달리던 투자자들에게 큰 호응을 얻을 전망이다.이 서비스는 부동산 시장에서 흔히 이용되던 대환대출 개념을 증권시장에 도입한 혁신적인 시도로, 주식 투자자들의 자금 운용에 새로운 대안을 제시할 것으로 기대된다.무빙스탁 ‘증권사 신용, 대환자금대출’의 비용 무료 이벤트는 이벤트 기간 동안 한정적으로 제공되는 만큼, 신용융자를 이용 중인 투자자라면 지금 바로 확인해볼 필요가 있다.★ 장마감 시간이 가까워질수록 문의가 많아 상담이 지연될 수 있습니다.★ 7월 문의하신 고객들이 많이 보유하신 종목으로는 삼성전자, POSCO홀딩스, 셀트리온, 포스코퓨처엠, 에코프로비엠, NAVER, 에코프로, 삼성SDI, LG화학, SK하이닉스, 두산에너빌리티, 카카오, SK이노베이션, LG에너지솔루션, 엘앤에프, 삼천당제약, 현대차, 알테오젠, HPSP, LG전자 등이 있습니다.★ 안내사항과도한 빚은 당신에게 큰 불행을 안겨줄 수 있습니다. 대출 시 신용등급 하락으로 다른 금융거래가 제약받을 수 있습니다. 중개수수료를 요구하거나 받는 것은 불법입니다.상호명: ㈜단비대부 2021-서울영등포-2102(대부업) | TEL: 1544-4886 | 대출금리: 연 20%이내(연체금리는 약정금리+3%p이내, 최대 연 20%이내) | 단, 2021. 7. 7.부터 신규체결, 갱신, 연장되는 계약에 한함 | 채무의 조기상환 조건 및 부대비용 없음. (단, 신용조회비용 및 담보권설정비용 있음), 이자 외 별도로 중개수수료를 요구하거나 수취하는 것은 불법입니다. | 대표이사: 박동원 | 사업자등록번호: 274-86-00231 | 등록기관명칭: 서울 영등포구청(담당부서: 일자리경제과, 02-2670-3420) | 소재지 : 서울 영등포구 여의대방로67길 11, 5층 517호 | 개인정보관리자메일: help@danbifund.co.kr무료상담",https://www.hankyung.com/article/202507248235a,2025.07.24 09:43
美 수소주 급등 여파… 국내 수소 관련주 동반 상승,,"밤사이 미국 증시에서 수소 관련 종목이 급등하면서, 국내 수소 상장사 주가도 일제히 상승세를 나타냈다. 수소 연료전지 및 고압 용기 제조 등 관련 산업 전반에 걸쳐 주가가 크게 올랐다.미국에서는 플러그파워와 블룸에너지가 각각 25%, 18% 이상 급등했으며, 이는 도널드 트럼프 대통령의 정책안인 ‘하나의 크고 아름다운 법(OBBBA)’에 연료전지가 세액공제 대상으로 다시 포함된 데 따른 것으로 풀이된다. 또한 텍사스를 중심으로 수소산업에 대한 투자가 확대될 전망이라는 점도 투자 심리를 자극했다.증권가는 이번 흐름이 국내 수소주에도 긍정적인 영향을 미칠 수 있다며, 미국 정책 변화와 글로벌 투자 방향성에 주목할 필요가 있다고 평가했다.한편, 스탁론에 대한 관심이 날로높아지고 있다. 모처럼 잡은 투자기회를 놓치지 않으려는 투자자들이 주식매입을 위해 더 많은 자금을 활용할 수 있는 스탁론으로 눈길을 돌리고 있기 때문이다. 현 주가는 실적을 따라가지 못하고 있는 상황으로, 밸류에이션 리레이팅이 필요한 시기라는 평가도 나오고 있다.




 

◆ 올뉴스탁론, DSR 무관 상품에 연 4%대 최저금리 상품으로 다양한 선택지를!올뉴스탁론에서 투자자들 누구나 부담 없이 스탁론을 경험할 수 있도록 연 4%대 업계 최저금리로 이용 가능한 증권 연계신용 상품을 출시했다. 주식매입은 물론 증권사 미수/신용 대환 모두 가능하며 신용등급 차등 없이 자기 자본 포함 최대 4배까지 활용할 수 있다.이와 함께 DSR 한도 때문에 기존 스탁론 활용이 어려웠던 투자자들을 위한 DSR 무관 상품도 취급 중이다. 또한 장중 거래가 어려웠던 투자자를 위한 대체거래소(NXT) 거래도 가능해졌다.올뉴스탁론에 대해 자세히 알고 싶은 투자자는 고객상담센터(☎1599-8666)로 연락하면 대출 여부와 무관하게 언제든 전문상담원과 편리하게 상담할 수 있다.○ 보유하고 있는 대출액이나 소득 무관하게! (DSR 무관)○ 최대 4배 주식자금 활용 가능! (본인 자금 포함)○ 대체거래소(NXT) 거래 가능!○ 증권 신용/미수 당일 즉시 대환 가능!○ 기존 증권사 신용, 스탁론으로 매수가 어려웠던 종목도 OK!※ 올뉴스탁론 고객상담센터 : 1599-8666바로가기 : https://allnewstockloan.co.kr?agency=HTS◆ 현 시각 관심종목 Top 10 : 삼성전자, NAVER, 한국전력, LG씨엔에스, 한국가스공사, 한화시스템, 에르코스, 더즌, 파세코, JB금융지주무료상담",https://www.hankyung.com/article/202507109580a,2025.07.11 11:00
"조선 빅3, 2분기 영업이익 2.7배↑… 고부가 수주 효과 본격화에 비중 확대 의견 유지",,"올해 2분기 국내 조선 3사가 전년 대비 2.7배 증가한 1조3000억 원대의 영업이익을 기록할 것으로 전망된다. 이는 고부가가치 선박 중심의 수주잔고가 본격적으로 실적에 반영되기 시작했기 때문이다.LNG 운반선과 초대형 컨테이너선 등 고선가 선종 중심의 수주, 반복 건조에 따른 생산성 향상, 고정비 부담 완화 등이 실적 개선의 주 요인이다. 일부 발주 둔화 우려에도 불구하고, 이미 확보한 수주잔고를 바탕으로 당분간 안정적인 수익성이 유지될 것으로 보인다.다만 원/달러 환율 하락이 리스크 요인으로 지적되고 있다. 조선업 특성상 달러 매출 비중이 크기 때문에 환율이 더 하락하면 수익성에 부담을 줄 수 있다는 전망이다. 그럼에도 업계 전반은 고부가 중심의 수익 구조와 안정된 수주잔고 덕분에 중단기 실적 개선세가 이어질 것으로 분석된다.한편, 스탁론에 대한 관심이 날로높아지고 있다. 모처럼 잡은 투자기회를 놓치지 않으려는 투자자들이 주식매입을 위해 더 많은 자금을 활용할 수 있는 스탁론으로 눈길을 돌리고 있기 때문이다. 현 주가는 실적을 따라가지 못하고 있는 상황으로, 밸류에이션 리레이팅이 필요한 시기라는 평가도 나오고 있다.




 

◆ 올뉴스탁론, DSR 무관 상품에 연 4%대 최저금리 상품으로 다양한 선택지를!올뉴스탁론에서 투자자들 누구나 부담 없이 스탁론을 경험할 수 있도록 연 4%대 업계 최저금리로 이용 가능한 증권 연계신용 상품을 출시했다. 주식매입은 물론 증권사 미수/신용 대환 모두 가능하며 신용등급 차등 없이 자기 자본 포함 최대 4배까지 활용할 수 있다.이와 함께 DSR 한도 때문에 기존 스탁론 활용이 어려웠던 투자자들을 위한 DSR 무관 상품도 취급 중이다. 또한 장중 거래가 어려웠던 투자자를 위한 대체거래소(NXT) 거래도 가능해졌다.올뉴스탁론에 대해 자세히 알고 싶은 투자자는 고객상담센터(☎1599-8666)로 연락하면 대출 여부와 무관하게 언제든 전문상담원과 편리하게 상담할 수 있다.○ 보유하고 있는 대출액이나 소득 무관하게! (DSR 무관)○ 최대 4배 주식자금 활용 가능! (본인 자금 포함)○ 대체거래소(NXT) 거래 가능!○ 증권 신용/미수 당일 즉시 대환 가능!○ 기존 증권사 신용, 스탁론으로 매수가 어려웠던 종목도 OK!※ 올뉴스탁론 고객상담센터 : 1599-8666바로가기 : https://allnewstockloan.co.kr?agency=HTS◆ 현 시각 관심종목 Top 10 : 삼성전자, NAVER, 한국전력, LG씨엔에스, 한국가스공사, 한화시스템, 에르코스, 더즌, 파세코, JB금융지주무료상담",https://www.hankyung.com/article/202507096994a,2025.07.10 11:00
"증권사 신용대출, 3%대 금리로 바꾸는 가장 쉬운 방법",,"전송종목 : 한화솔루션, 영원무역홀딩스, OCI홀딩스, LS ELECTRIC, 고려아연최근 주식 투자자들 사이에서 주식대출(미수/신용융자 등)의 고금리에 대한 부담이 커지고 있다.특히 저금리를 적용 받고 싶어도, 기존 대출을 상환하고 다시 주식을 매수해야 하는 번거로운 절차와 자금 조달의 어려움이 발목을 잡고 있다.이런 현실적인 문제를 해결하고자, 무빙스탁이 ‘증권사 신용, 대환자금대출’ 서비스를 전격 출시했다.이 상품은 주식을 매도하지 않고도, 기존의 고금리의 주식대출(미수/신용융자 등)의 3%대의 혁신적인 저금리 증권사로 전환할 수 있도록 상환자금을 제공하는 것이 핵심이다.무빙스탁 관계자는 “현재 증권사 이벤트 금리는 연 3%대 수준으로, 기존 9~10%대 고금리를 적용받는 투자자라면 절감 효과가 상당하다”며, 금리를 5%만 낮추면 “1억원 신용대출 기준으로 연간 약 500만원, 3억원이라면 1,500만원까지도 절약할 수 있다”고 밝혔다.더 놀라운 점은, 현재는 이벤트 기간으로 대환자금대출 신청시 발생하는 이자 비용까지 ‘0원’이라는 사실이다. 대환자금에 대해서 하루의 대출이자도 부담하지 않고 기존 고금리 대출을 저금리로 전환할 수 있어, 고금리 부담에 시달리던 투자자들에게 큰 호응을 얻을 전망이다.이 서비스는 부동산 시장에서 흔히 이용되던 대환대출 개념을 증권시장에 도입한 혁신적인 시도로, 주식 투자자들의 자금 운용에 새로운 대안을 제시할 것으로 기대된다.무빙스탁 ‘증권사 신용, 대환자금대출’의 비용 무료 이벤트는 이벤트 기간 동안 한정적으로 제공되는 만큼, 신용융자를 이용 중인 투자자라면 지금 바로 확인해볼 필요가 있다.★ 장마감 시간이 가까워질수록 문의가 많아 상담이 지연될 수 있습니다.★ 7월 문의하신 고객들이 많이 보유하신 종목으로는 삼성전자, POSCO홀딩스, 셀트리온, 포스코퓨처엠, 에코프로비엠, NAVER, 에코프로, 삼성SDI, LG화학, SK하이닉스, 두산에너빌리티, 카카오, SK이노베이션, LG에너지솔루션, 엘앤에프, 삼천당제약, 현대차, 알테오젠, HPSP, LG전자 등이 있습니다.★ 안내사항과도한 빚은 당신에게 큰 불행을 안겨줄 수 있습니다. 대출 시 신용등급 하락으로 다른 금융거래가 제약받을 수 있습니다. 중개수수료를 요구하거나 받는 것은 불법입니다.상호명: ㈜단비대부 2021-서울영등포-2102(대부업) | TEL: 1544-4886 | 대출금리: 연 20%이내(연체금리는 약정금리+3%p이내, 최대 연 20%이내) | 단, 2021. 7. 7.부터 신규체결, 갱신, 연장되는 계약에 한함 | 채무의 조기상환 조건 및 부대비용 없음. (단, 신용조회비용 및 담보권설정비용 있음), 이자 외 별도로 중개수수료를 요구하거나 수취하는 것은 불법입니다. | 대표이사: 박동원 | 사업자등록번호: 274-86-00231 | 등록기관명칭: 서울 영등포구청(담당부서: 일자리경제과, 02-2670-3420) | 소재지 : 서울 영등포구 여의대방로67길 11, 5층 517호 | 개인정보관리자메일: help@danbifund.co.kr무료상담",https://www.hankyung.com/article/202507210593a,2025.07.21 10:28
"中 아너 ""가장 얇은 폴더블폰""이라더니…실제론 삼성이 더 얇았다","아너 ""매직 V5 접으면 8.8㎜""
실제 두께는 9.41㎜로 확인
갤럭시Z폴드7은 8.79㎜

공식 홈페이지엔 깨알 글씨로 
""내외부 보호필름 뺀 수치""","탁구공을 아너의 폴더블폰 매직 V5(왼쪽)에 올려놓았을 때 갤럭시 Z폴드7 쪽으로 굴러가는 게 확인됐다. 매직 V5가 Z폴드7보다 두껍다는 의미다.  ﻿/아이스유니버스 X계정 캡처

                “세계에서 가장 얇은 폴더블폰 매직 V5.”중국 스마트폰업체 아너는 지난 2일 폴더블폰 ‘매직 V5’를 출시하며 이렇게 홍보했다. 지난 9일 삼성전자 갤럭시 Z폴드7이 나온 뒤에도 “접었을 때 두께가 8.8㎜인 매직 V5가 Z폴드7(8.9㎜)보다 0.1㎜ 얇다”고 주장했다. 사실일까. 해외 정보기술(IT) 전문가들이 실측한 결과에 따르면 아너의 주장은 ‘거짓’이다.16일 X(옛 트위터), 레딧 등 SNS와 IT 전문 커뮤니티 등엔 매직 V5와 Z폴드7 두께를 비교한 사진과 영상이 잇따라 올라왔다. 유명 IT 팁스터(정보 유출자) 아이스유니버스가 두 폰을 나란히 놓고 카드 하나를 올린 뒤 가장자리를 눌러보는 비교 실험 영상을 게시한 게 대표적이다. 영상에선 카드의 매직 V5 쪽을 눌렀을 때 Z폴드7과 맞닿은 지점이 미세하게 뜨는 현상이 확인됐다. 매직 V5가 더 두껍다는 의미다.아이스유니버스는 “Z폴드7이 세계에서 가장 얇은 폴더블폰”이라며 “테스트 중 두 기기의 위치를 바꿔도 결과는 동일하게 나타났다”고 설명했다.레딧에는 정밀 측정기로 두 제품의 두께를 잰 사진이 올라왔다. 매직 V5는 접었을 때 9.41㎜로 확인됐다. 아너가 밝힌 공식 두께(8.8㎜)보다 0.61㎜ 두꺼운 것이다. Z폴드7은 접었을 때 8.79㎜로 오히려 공식 발표보다 0.11㎜ 얇았다.아너가 의도적으로 소비자를 오인케 한 정황도 드러났다. 아너는 공식 홈페이지의 매직 V5 소개글 하단에 알아보기 어려운 작은 크기로 ‘두께 측정 때 내외부 보호 필름을 포함하지 않았다’고 적었다. 보호 필름을 제외한 두께를 공식 사양에 담는 건 기존 관행과 다르다고 업계에선 평가한다. IT 전문 매체 샘모바일은 “디스플레이 보호층을 제외하고 두께를 측정하는 건 매우 드문 일”이라며 “소비자들이 잠시 ‘V5가 더 얇다’고 믿었는지 모르겠지만 이제 진실이 드러나고 있다”고 지적했다.아너의 두께 마케팅에 해외 소비자의 냉소적인 반응도 쏟아졌다. X, 레딧 등 SNS 게시물엔 “아너의 지저분한 마케팅 전략” “정의가 구현됐다” 등의 댓글이 달렸다.황정수 기자 hjs@hankyung.com",https://www.hankyung.com/article/2025071627961,2025.07.16 17:32
딸 돌 잔칫날 2000만원 베팅하더니…1200억 주식 부자 됐다 [윤현주의 主食이 주식],"첨단금속 강자 에이치브이엠을 가다
문승호 대표, 서산 공장서 제2 도약 선언

“우주·방산용 특수금속 매출 증가세
2공장 가동으로 규모의 경제 실현
거래처 확대로 내년 매출 1000억 도전”

하나증권 “뉴스페이스 시대 수혜주”","백문불여일견(百聞不如一見). 백 번 듣는 것보다 한 번 보는 게 낫다는 말이다. 가짜뉴스 홍수 속 정보의 불균형을 조금이라도 해소하기 위해 주식 투자 경력 18년 11개월의 ‘전투개미’가 직접 상장사를 찾아간다. 회사의 사업 현황을 살피고 경영진을 만나 투자자들의 궁금증을 해결한다. 전투개미는 평소 그가 ‘주식은 전쟁터’라는 사고에 입각해 매번 승리하기 위해 주식 투자에 임하는 상황을 빗대 사용하는 단어다. 주식 투자에 있어서 그 누구보다 손실의 아픔이 크다는 걸 잘 알기에 오늘도 개인투자자 입장에서 기사를 쓴다. <편집자주>




문승호 대표가 국내 최대 VIM(진공 유도 용해로)에서 파이팅을 외치고 있다. 서산=윤현주 기자

                고도의 기술력이 요구되는 우주선·위성·발사체 부품엔 첨단 금속이 필수다. 발사 비용 절감과 추력 향상을 위한 기술 혁신 경쟁 심화로 소수의 첨단 금속 제조기업에게 신시장이 열렸다는 평가다.이중 고강도·내부식성·내산화성·극저온 내성의 특장점을 지닌 소재 ‘슈퍼 알로이’는 방위산업·항공엔진 등 다양한 분야에서 활용되고 있다. 특히 나로호와 누리호에 엔진 소재를 납품하고 글로벌 민간 로켓 개발 기업 미국 A사와 2022년 말부터 거래를 이어오고 있는 중소기업이 주목받고 있다. A사는 일론 머스크가 이끄는 스페이스X로 추정된다. 
                    



충청남도 서산시 성연면 해성산업로 165에 위치한 에이치브이엠 서산 공장. 서산=윤현주 기자

 “우주·방산 첨단금속 매출, 반도체·석유화학 첫 역전”지난 18일 서산 공장에서 만난 문승호 에이치브이엠 대표(1967년생)는 “반도체·석유화학 첨단금속 매출 비중이 올해 첫 우주·방산으로 역전될 것이다”며 신시장 개척에 대한 의지를 드러냈다.코스닥 상장사인 에이치브이엠은 본사는 경기도 안양시 동안구 시민대로 248번길 25에 있고, 1공장과 2공장은 충청남도 서산시 성연면 해성산업로 165에 있다. 이 회사는 2003년 4월 22일 설립 후 전량 수입에 의존하던 스퍼터링 타겟의 국산화에 성공해 국내 금속소재 산업의 기술 자립을 선도했다. 이로 인해 수입 단가를 50% 이상 절감하는 등 실질적인 수입 대체 효과를 창출한 바 있다. 
                    



후이닷 사원이 열처리 장비를 조작하고 있다. 서산=윤현주 기자

                첨단금속(다양한 첨단 산업에 사용되는 고강도·고내열성·고청정 등의 우수한 물성을 지닌 고기능성 금속) 중 하나인 스퍼터링 타겟은 반도체 제조에 필수적인 얇은 금속 부품이다. 2003년 에이치브이엠이 설립 당시 국산화에 성공했는데 첫해 관련 매출 2억원을 올렸고 2020년 초반까지 150억원 정도로 실적을 키웠다. 작년엔 100억원 정도의 매출이 발생했다. 스퍼터링 타겟 이후로도 고청정 진공용해 기술, 합금화 공정 기술, 금속 특성 제어 기술과 같은 핵심 제조 공정에서 독자적인 기술 역량을 바탕으로 글로벌 경쟁력을 강화하고 있다. 1분기 기준 특허도 22개(국내 19개, 해외 3개/PCT 포함)다. 
                    



정화영 과장이 고청정 진공 용해기술로 제조된 FMM용 인바합금 제조 내용 등을 설명하고 있다. 서산=윤현주 기자

                미국 민간 로켓 개발 기업 A사에 첨단금속 본격 납품으로 올해 매출 700억원에 청신호가 켜졌다. 2023년부터 2년간 상호 협력을 통해 다양한 제품 개발에 대한 고도화 작업을 진행했는데 지난 1분기부터 실적에 반영되고 있다. 특히 A사가 우주선 발사 횟수를 2021년 31회에서 작년 138회까지 대폭 확대했고, 올해 200회 이상으로 계획한 건 에이치브이엠에겐 호재다. 
                    



황성호 과장이 소재 절단 작업을 하는 기기를 조작하고 있다. 서산=윤현주 기자

                문 대표는 “우주·방산 첨단금속 수요 증가로 내년 매출 1000억원에 도전하겠다”고 말했다. 이달부터 서산 2공장(2300평) 가동으로 1·2공장의 생산능력을 연간 총 3500억원까지 확대해 실적 퀀텀점프를 준비하고 있는 것이다. 특히 고품질 첨단금속 소재 생산의 핵심 경쟁력이라 부를 수 있는 최첨단 진공 용해 설비를 보유해 고성장 기반을 마련했다. 
                    



AOD 설비 쇳물(용강)을 고청정 용강으로 정련하는 시스템. 서산=윤현주 기자

                에이치브이엠은 2020년 매출 248억원, 영업이익 4억원에서 작년 매출 451억원, 영업손실 68억원을 기록했다. 작년 2023년 영업이익 37억원까지 흑자 경영을 유지했지만 2공장 건설 비용과 인력 채용으로 인한 인건비 증가, 재고에 대한 감가상각으로 빨간불이 켜졌다. 다만 1분기 매출 130억원, 영업이익 11억원을 기록해 올해 사상 최대 실적을 예고하고 있다. 신한증권은 올해 매출 646억원, 영업이익 78억원을 전망했다. “美 A사와 협업 … 첨단 우주기술 생태계 핵심 소재 공급사로 도약할 것”문 대표는 “미국 A사의 로켓에 적용되는 첨단금속 소재 슈퍼 알로이와 고강도 합금은 주로 엔진과 프레임에 쓰이고 있다”며 “구조적 안정성과 고온 내열성이 요구되는 핵심 부품이기에 소재의 품질이 곧 성능과 직결된다”고 설명했다. 이어 “우주 부문이 새 먹거리로 떠올라 올해 매출의 50% 이상, 내년엔 60% 이상을 차지할 것 같다”고 전망했다. 
                    



한 근로자가 소재 운반을 하고 있다. 서산=윤현주 기자

                특히 “A사의 로켓 엔진은 1단 추진체에 33기, 2단 발사체에 6기로 구성되어 있는데 그중 2단 발사체에는 해수면 엔진과 진공 엔진이 각각 3개씩 탑재된다”며 “진공 환경에 특화된 진공 엔진은 극한의 온도와 압력을 견뎌야 하는 고난도 기술이 요구되는 부위다”고 설명했다. 이 때문에 “우주 공간에서는 진공 상태에 더해 극저온 환경이 동시에 작용하기 때문에 강한 추력과 고내열성이 필수적이고 이러한 조건을 만족시키기 위해서는 Nb(니오븀) 계열의 합금 소재가 필요하다”고 강조했다. 그는 “현재 Nb계 합금 소재의 기술 개발을 미국 A사와 공동으로 연구개발 중이며 개발이 성공적으로 완료될 경우 제품군 확장을 넘어 첨단 우주기술 생태계 내 핵심 소재 공급사로 도약하는 전환점이 될 것으로 본다”고 기대했다.
                    



김영석 사원이 원소재 재고 파악을 하고 있다. 서산=윤현주 기자

                또 “항공엔진 국산화와 관련한 소재 공급, NADCAP(국제 항공 우주 및 방위 계약업체 인증 프로그램) 인증을 통한 항공 시장에 본격 진출하고, 파인메탈마스크(FMM) 소재 상용화를 통한 디스플레이 시장 진출 등이 미래 먹거리다”고 했다. 
                    



퐁 사원이 수압 장비를 이용해 소재 절단을 하고 있다. 서산=윤현주 기자

 국내 항공산업 첨단금속 시장, 2028년 1조133억원 전망국내 항공산업 첨단금속 시장은 갈수록 커지고 있다. 2021년 5528억원에서 2028년 1조133억원으로 연평균 9% 증가할 것으로 보고 있다. 그 근거로는 우주항공청 설립, 항공 여객 증가, UAM(도심항공교통) 시장 개화, 글로벌 공급망 재편 등이 꼽힌다. 에이치브이엠은 한화에어로스페이스와 항공엔진 소재 국산화 공동 연구 중인 것으로 알려졌다. 방산 수주잔고는 약 100억원 정도인데 이스라엘 쪽과도 거래 중인 것으로 파악된다. 전방산업별 소재 국산화 및 수요 증가에 따른 성장 잠재력을 보유했다는 평가다. 먼저 우주 부문의 경우 누리호 및 차세대발사체 대상 첨단금속 소재 공급으로 매출이 지속 증가하고 있다. 미국 A사와 거래 강화로 1분기 매출의 47%가 우주 부문에서 발생했다.
                    



최정수 과장이 플라즈마 용해 조작을 하고 있다. 서산=윤현주 기자

                또 항공·방위는 이스라엘 B사에 첨단금속을 공급해 해외 영토를 넓히고 있고, 국내업체를 통해 항공기용 소재 공급 중이다. 디스플레이는 7년간 연구개발을 통한 파인메탈마스크 소재 시제품 제작을 완료했고, 국내 파인메탈마스크 제조사 기업 대상 테스트 및 수요 조사를 진행해 2026년 양산을 계획하고 있다. 유기발광다이오드(OLED) 제조에 필수 소재인 글로벌 FMM 시장은 2021년 3910억원에서 올해 1조633억원으로 연평균 22.22% 증가할 것으로 보고 있다. OLED 제조사인 삼성디스플레이, LG디스플레이, BOE 등에 최종 납품될 것으로 기대한다. 반도체 부문은 전량 수입에 의존하는 니켈계 광폭판재 및 스퍼터링 타겟 소재 공급 확대로 매출 확대를 기대하고 있다. 인공지능(AI) 등장 및 다양한 전자기기의 경량화·초소형화로 첨단 반도체 수요가 증가하고 있고 대일(對日) 수출규제 학습 효과로 반도체 제조에 필요한 원소재의 국산화 움직임이 강한 것이 긍정적이다. 글로벌 반도체 시장은 2021년 682조원에서 올해 802조4000억원으로 연평균 3.3% 커질 것으로 보고 있다.  
                    



최숙종 부장이 코스닥 상장패 등을 보여주고 있다. 서산=윤현주 기자

                에이치브이엠은 첨단금속 제조에 필요한 핵심 기술을 독자적인 개발로 통해 기술 경쟁력을 갖췄다고 자부한다. 이중 고청정 진공용해 기술은 용해 과정 중 불순물 및 오염물질 최소화로 첨단금속 순도와 내구성을 높이는 기술인데 물리적·화학적 특성이 매우 안정적·일관적으로 유지돼 첨단산업 현장에서 선호한다. 또 두 가지 이상의 금속 원소를 혼합해 새로운 금속 합금을 만드는 기술에 해당하는 합금화 공정 기술도 보유해 다수의 합금 원소 혼합 시 시간과 비용을 줄인다. 사용자가 원하는 금속의 물리적·화학적 특성을 도출하는 금속 특성 제어기술도 갖고 있다. 산업별 요구 특성 고도화로 맞춤형 소재 제조 난이도가 증가하고 있는데 첨단금속 산업 내 우수한 경쟁력 확보를 위한 필수 기술로 통한다. 이 같은 기술 진입장벽으로 다양한 산업 내 고객사들의 선제적 요청을 받아들여 연구개발 및 독점적 공급이 가능한 비즈니스 모델을 구축했다고 한다. 
                    



진공 유도 용해로에서 첨단 금속이 만들어지고 있다. 서산=윤현주 기자

 올해 주가 31% 올라 … ‘내리막 새내기주’와 대조 미국 A사에 특수금속을 공급한다는 소식이 알려지며 주가는 연일 고공행진이다. 20일 한국거래소에 따르면 주가는 3만2300원으로 올 들어 31.84% 올랐다. 다양한 종류의 로켓 추진체에 첨단금속을 공급하는 점과 국내 주요 발사체 첨단금속 납품 경험을 바탕으로 차세대 발사체 개발 사업 참여 기대감 등이 개인 투자자의 매수 심리를 자극했다. 
                    



에이치브이엠 주가 월봉 그래프 캡처.

                작년 6월 28일 코스닥 상장한 에이치브이엠은 ‘될성부른 떡잎’이었다. 기관투자자 수요예측에서 837대 1의 경쟁률로 공모가는 희망범위(1만1000원~1만4200원) 상단을 초과한 1만8000원으로 확정됐다. 일반 투자자 청약 경쟁률은 960대 1이었고 청약 증거금은 5조2000억원을 모았다. 더본코리아, 파두, 데이원컴퍼니, 시프트업, 와이제이링크 등 다수의 새내기주들이 상장 후 내리막길을 걷고 있는 것과 대조적이다. 
                    



이호식 연구원이 열처리 장비 기능에 대해 설명하고 있다. 서산=윤현주 기자

                주가 부양책을 묻자 “지금은 상장 초기라 규모의 경제를 키우기 위해 투자에 집중할 시기다”며 “안정적인 실적을 내기 위한 재투자에 집중하겠다”고 답했다. 문 대표는 “애플, 아마존 등 중 빅테크들이 초기에 수익을 과감하게 미래 성장 동력에 재투자하면서 중장기적으로 기업가치를 높였다”며 “에이치브이엠도 연구개발 고도화 및 생산설비 확충에 적극 투자해 시가총액을 끌어올리겠다”고 했다. 성과가 가시화될 경우 배당 등 다양한 주가 부양 카드를 꺼낼 수 있다고 했다. 투자 위험 요인으로는 우주·방산 공급망에서 탈락할 경우 매출 타격이 우려된다. 이 때문에 최첨단 용해 설비 등 기술력으로 승부한다는 각오다. 최근 400억원 전환사채를 발행한 것도 이에 해당한다고 해명했다. 
                    



이예호 대리가 소재 검사를 하고 있다. 서산=윤현주 기자

                총 주식 수는 1190만1931주로 문 대표(지분 31.02%) 외 특수관계인 4인이 지분 47.49%를 보유한 최대주주다. KB자산운용이 지분 5%, 외국인 5.51%로 유통 물량은 사실상 40% 정도다. 1분기 기준 현금성 자산 37억원, 유형자산 577억원 있다. 부채비율 80.07%, 자본유보율 995.46%다. 개인투자자 수는 약 3만3000명이다.에이치브이엠의 사업모델은 고부가가치 첨단금속 소재를 기반으로 한 주문형 B2B(기업 간 거래) 모델에 가깝다. 주로 우주발사체 기업, 반도체 장비 제조사 등 기술 집약적 산업군의 고객사로부터 사전 주문을 기반으로 제품을 개발하기 때문이다. 이 과정에서 고객이 요구하는 스펙이 있을 경우 맞춤형 사양으로 연구개발 및 커스터마이징으로 제작한다고 정화영 과장이 설명했다.
                    



이범규 과장이 전자빔 용해로를 설명하고 있다. 서산=윤현주 기자

                정 과장은 “개발 완료 후에는 양산 체제로 전환하며 이후 장기 공급 계약을 통해 안정적인 매출을 낸다”고 했다. 그는 “이러한 방식은 단순한 자재 공급을 넘어 고객사의 제품 성능과 신뢰성에 직접 연결되는 핵심 소재를 제공한다는 점에서 전략적 파트너십에 가깝다”고 부연했다. 특히 “니켈 기반 슈퍼 알로이 및 고강도 합금은 주로 플레이트(판재), 라운드바(봉재), 링 등의 형태로 가공돼 고객사에 납품된다”며 “이처럼 정밀 가공된 형태는 각각의 산업군에서 요구하는 물성에 맞춰 설계되며, 소재 그 자체의 가치뿐 아니라 기술적 적합성과 신뢰성에서 프리미엄이 붙는다”고 강조했다.
                    



에이치브이엠 1공장 내부. 서산=윤현주 기자

                회사를 다섯 글자로 압축해 달란 부탁에, 문 대표는 “쉼 없는 성장”이라고 했다. 그는 “기업은 쉬는 순간 도태된다”며 “주주들에게 끊임없는 성장을 보이겠다”고 자신했다. 이어 “최근 2~3년간 우주·방산 시장에 진출해 실질적인 가치를 인정받고 있다”며 “고성장이 기대되는 블루오션에서 글로벌 시장을 선도하는 첨단금속 국가대표가 되겠다”고 강조했다. 
                    



에이치브이엠 1공장 내 첨단금속 생산 압연 설비. 서산=윤현주 기자

 딸 돌 잔칫날 2000만원으로 창업 … 1200억 주식 부자로1200억원 주식 부자인 그는 흙수저다. 인하대학교 금속공학과를 1991년에 졸업 후 서울대 대학원 금속공학 석사·박사(2000년 졸업)를 마치고 서울대 반도체 연구소에서 1년 근무했다. 이후 2년간 벤처회사에 들어갔다가 2003년 36세의 나이로 창업을 하게 된다. 아내에게 창업에 대한 의지를 드러내자 “당신을 믿겠다”며 허락을 맡았다고 한다.당시 수중에는 3500만원이 전부였다. 사업자금이 필요해 보증금 1500만원·월세 15만원 소형 아파트로 들어갔고 나머지 2000만원은 창업 자금으로 썼다. 안정적인 대기업을 택할 수 있었지만, 둘째 딸 돌잔칫날에 2000만원을 성공할지도 모르는 사업에 베팅한 것이다.
                    



약 300억원이 투입된 에이치브에임 2공장 외부. 서산=윤현주 기자

                경기도 광명 작은 회사 사무실에 겨우 자리를 빌려 발로 뛰는 영업을 주 6일 했다고 한다. 한마디로 더부살이였다. 살림이 빠듯해 주 7일 근무도 생각했지만 가족들과의 시간은 놓치지 않았다는 게 그의 전언이다. 실제 부인에게 “적어도 매달 200만의 생활비는 내가 책임지겠다”고 말해 그 약속을 거의 지켰다고 한다. 다만 자금난으로 아내에게 직원 월급은 한 번 빌렸다고 한다.
                    



한 근로자가 소재 절단 작업을 진행 중이다. 서산=윤현주 기자

                창업 후 매일 14시간 근무를 하며 2~3년은 영업에 매달렸다. 업의 특성상 재료 구입과 기기 구매에 당시 수천만원이 들었다고 한다. 창업하자마자 고난의 행군이었는데 2007년 진짜 위기를 겪는다. 당시 회사 자산이 8000만원 정도 있었는데, 한 업체에게 8000만원을 떼일 위기에 있었다. 채권자로서 그 업체를 계속 찾아다녔고 자금 회수 방법에 대해 매달린 결과 후순위였음에도 4000만원을 찾았다고 한다. 그는 “당시 직원 4명의 밥줄이 끊길까 봐 걱정했는데 하늘이 도왔다”고 회상했다. 
                    



박재현 사원이 단조 설비를 설명하고 있다. 서산=윤현주 기자

                청춘들을 위한 인생 조언을 부탁하자 “성공하고 싶으면 도전해야 한다”고 답했다. 그는 “도전하면 고난이 따르는 건 필연적이다”며 “시간이 지나면 결국 해결책이 나온다”고 얘기했다. 그러니 “도전과 고난을 두려워말고 앞으로 나아가야 성장할 수 있다”고 했다. 또 “실패해도 경험을 얻을 수 있다”고 격려했다. 특히 “가족에 대한 고마움을 항상 깨달아야 한다”고 했다. 30대 후반에 부인과 아들, 딸을 뒤로하고 맨손으로 창업해 고생을 함께한 점에 대해 미안한 감정이 있는 것이다. 그는 눈시울을 붉히며 생수를 한잔 마신 후 목이 메었는지 다음 말은 아꼈다.  
                    



딘쾅히엔 사원이 진공 아크 용해로에서 다음 공정을 위한 준비를 하고 있다. 서산=윤현주 기자

                한유건 하나증권 연구원은 “진공용해 기반의 첨단금속 전문 제조기업 에이치브이엠은 진공 아크재용해, 플라즈마 아크 용해, 전자빔 용해 등 최첨단 진공용해 설비를 운용 중이다”며 “1분기 기준 산업별 매출 비중은 우주 47.1%, 항공방위 19.8%, 반도체 17.3%, 석유화학 등 에너지 15.8%다”고 분석했다. 고객사는 300여곳 이상이다. 
                    



김태환 센터장이 공급망 안정화 선도사업자 선정서 등 상패를 보여주고 있다. 서산=윤현주 기자

                한 연구원은 “뉴스페이스 시대가 열리며 글로벌 우주항공 산업은 가파르게 성장 중이다”며 “첨단금속 소재 밸류체인에 안정적으로 진입한 에이치브이엠이 다년간 수혜를 받을 수 있다”고 주장했다. 글로벌 민간 우주기업 수는 약 1200여개인데, 발사체 발사는 300회 이상을 기록할 것으로 예상했다. 수혜 이유에 대해 “발사체 비용 절감, 추력 향승을 위해 첨단금속의 적용 비중이 지속적으로 확대되고 있기 때문이다”고 했다.
                    



고수영 과장이 충남스타기업 상패 등을 자랑하고 있다. 서산=윤현주 기자

                그는 “주 고객사인 A사가 최근 주력 발사체 모델을 F에서 S로 비중을 확대하고 있는데, 2025년 15회 이상 내년 25회 이상 발사를 계획 중이다”며 “S 모델의 Dry mass는 상단(약 120t)과 하단 약 230t 총 350t 내외로 1기당 특수강 사용량은 230t 가량으로 추산된다”고 했다. 에이치브이엠이 주력으로 공급하는 S 모델의 엔진 및 구조물 투입 소재가 약 40~50t으로 이를 역술하면 산술적으로 내년 A사에만 1250t 소재 공급이 가능하다고 봤다. 그는 “에이치브이엠의 비약적인 성장을 견인할 핵심 아이템이다”고 기대했다. 
                    



김진국 상무가 특수금속 소재 생산 과정을 설명하고 있다. 서산=윤현주 기자

                허성규 신한증권 연구원은 “2분기 매출 159억원(전년 동기 대비 2.2% 증가), 영업이익 19억원(흑자전환)으로 추정된다”며 “2공장 가동 시작 및 고객사 주문 대기물량을 감안했을 때 하반기 매출이 증가하면서 숫자로 설명되기 시작하는 시점이 왔다”고 주장했다. 이어 “최근 400억원 규모의 전환사채(총 주식 수 대비 10.4%)를 발행했는데 원재료 매입 시점부터 3~4개월 유동성 공백 기간 대응 목적으로 발행한 것 같다”며 “주가 하락에 따른 리픽싱(전환가액 조정) 조항은 없다”고 분석했다. 별도의 목표주가는 제시하지 않았다. 
                    




'1500만 개미'와 함께 달리겠습니다. 여러분의 주식 계좌가 빨간불이 되는 그날까지 재미있는 종목 기사 많이 쓰겠습니다. 아래 기자 페이지에서 윤현주 기자 구독과 응원을 눌러 주시면 기사를 매번 빠르게 확인하실 수 있습니다.서산=윤현주 기자 hyunju@hankyung.com",https://www.hankyung.com/article/202507084864i,2025.07.20 07:00
"이 종목, 3일 만에 +58%…전설의 ‘테마 시나리오’ 재현되나",,"시장 주도주·단기급등주 공략 중심 포트폴리오 제시최근 변동성 장세 속에서 기술적 분석 기반의 실전매매가 다시 주목받고 있다. SBS Biz 등 다수 경제방송에서 활약 중인 허해남 대표는 시장 주도주와 단기급등주를 중심으로 한 실전 매매 전략으로 개인 투자자들의 관심을 모으고 있다.




 

👉 심플랫폼, SGA 등 수익실현의 비밀 확인! (클릭)허 대표는 기술적 흐름과 수급 분석을 바탕으로 실시간 매수·매도 타이밍을 포착해 계좌 수익률을 극대화하는 데 초점을 맞춘다. 특히, 단기 이슈 모멘텀을 기반으로 급등이 예상되는 종목을 선별해 빠른 회전율로 수익을 추구하는 전략이 강점이다.실제 포트폴리오 구성은 대형 우량주 비중은 최소화하고, 거래량과 기술 패턴을 활용해 급등 가능성이 높은 종목에 집중하는 방식이다. 허 대표는 “지금 같은 장에서는 단기 테마성 이슈에 민감하게 반응하는 종목군에서 기회가 나온다”고 설명했다.✅ 연일 불확실한 시장에서 상한가를 잡고싶다면? 지금 확인!(클릭)한편, 허해남 대표는 실전매매 노하우를 기반으로 시장 진단과 유망 종목을 지속 제시하는 공개 채널도 개인 투자자들 사이에서 화제다.👉 내일의 상한가 종목, 입장만 하면 바로 확인 가능! (클릭)-최근 핫이슈 종목폴라리스세원, 삼성전자, 일신바이오, NHN KCP, 스튜디오미르무료상담",https://www.hankyung.com/article/202507174510a,2025.07.18 09:40
"삼성메디슨 상반기 매출 3400억원…""5년내 생산량 2배 높일 것""",,"삼성전자의 의료기기 자회사 삼성메디슨이 올해 상반기에 역대 최대 매출을 달성했다. 미국에서의 연이은 대형병원 진입과 유럽 내 대규모 공공입찰 수주가 상반기 성장을 견인했다. 삼성메디슨은 신규 해외 시장을 개척하고 생산 설비를 대폭 확장해 5년 내 생산량을 두 배 이상 끌어올린다는 청사진도 내놨다. 21일 삼성메디슨은 올해 상반기 매출이 전년 동기 대비 14% 이상 늘어난 약 3400억원을 기록했다고 발표했다. 역대 최대 반기 매출이다.이런 추세가 이어지면 삼성메디슨의 올해 매출은 사상 처음으로 6000억원을 돌파할 전망이다. 앞서 삼성메디슨의 2023년(5174억원)과 2024년(5712억원) 매출도 2년 연속 역대 최대를 갱신해왔다.유규태 삼성메디슨 대표는 “차세대 의료 기술을 개발해 의료진과 환자 모두에게 더 나은 진단 경험을 제공할 것”이라며 “선제적인 투자를 더해 글로벌 진단기기 업계를 선도하겠다”고 말했다. 안정적인 매출 성장세는 해외 시장이 이끌었다. 삼성메디슨은 올해 들어 프랑스·루마니아·스페인 등 유럽 각국에서 대규모 공공 입찰을 수주하며 판매량을 크게 늘렸다.일부 유럽 국가에서 삼성메디슨의 초음파 진단기기 시장 점유율은 60%에 육박하는 것으로 알려졌다. 미국에서는 연이어 산부인과 대형 체인 병원에 진입했다.과거 주요 시장이었던 중국과 중앙아시아 국가들의 공공 시장 위축이라는 위기를 유럽과 미국에서의 새로운 판로 개척으로 극복한 것이다. 하반기 지속적인 성장을 유지하기 방안으로는 해외 영업 조직 강화를 앞세웠다. 삼성메디슨은 이를 위해 미국과 유럽 현지에서 우수 인력을 영입해 직판 역량을 키우고, 영업 조직은 권역별로 세부화해서 구축한다는 계획이다. 시장 규모는 크지만 삼성메디슨의 시장 점유율이 상대적으로 낮은 호주, 캐나다, 멕시코 등 신규 대형 시장 발굴에도 속도를 낸다는 목표를 세웠다. 해외 의료기관과의 전략적인 제휴를 본격적으로 확대하고 삼성전자의 해외 연구소 등의 인프라 활용도 늘린다.나아가 경쟁업체들과의 기술 격차를 유지하기 위해 해외 현지에 ‘이노베이션 랩’과 ‘넥스트 제너레이션 테크 랩’ 등 새 연구기관을 설립한다는 계획이다. 미래 성장 동력 확보를 위해 제품 포트폴리오를 다각화하고 생산 설비를 대폭 확충한다는 청사진도 공개했다. 우선 제품군은 현재 주력인 산부인과와 영상의학과 관련 제품을 넘어 심장내과와 현장진단 관련 제품으로 넓힌다.인공지능(AI)을 통해 심장·간·자궁 등 주요 장기의 크기와 질병 지표를 실시간으로 시각화 및 정량화하겠다는 계획이다. 증축 중인 강원 홍천 공장에도 자동화 설비와 스마트 공정을 도입한다.삼성메디슨 관계자는 “내년까지 연간 생산량을 50% 이상 확대할 계획”이라며 “2공장 증축이 완료되는 2030년까지는 생산량을 지금의 두배 이상으로 끌어올릴 것”이라고 말했다.  송영찬 기자 0full@hankyung.com",https://www.hankyung.com/article/202507211707i,2025.07.21 14:55
